sim_time,vehicle_id,rsu_id,pos_x,pos_y,speed,heading,accel,is_poisoned,detected,sig_mask,psi_score,attack_number,attack_pct,attacker_class,gt_pos_x,gt_pos_y,gt_speed
7.0015,9,9,2855.85,2768.38,36.9457,1.54459,0,1,0,0,0,7,100,4,2940.41,736.814,27.4
7.004,14,3,2927.51,1066.67,36.4361,1.5365,0,1,0,0,0,7,100,4,2791.07,5534.36,27.45
7.0045,15,3,2940.42,736.705,36.6098,1.53637,0,1,0,0,0,7,100,4,2767.3,5183.92,27.77
7.0075,21,16,2767.29,5183.77,37.1041,1.45042,0,1,0,0,0,7,100,4,2829.65,6459.45,40.21
7.009,24,13,2795.67,4138.69,36.3554,1.54136,0,1,0,0,0,7,100,4,2791.36,5599.16,35.94
7.0055,17,2,2981.03,411.128,36.3813,1.70563,0,1,0,0,0,7,100,4,2780.92,4473.15,27.26
7.008,22,14,2767.25,4822.81,36.7551,1.50201,0,1,0,0,0,7,100,4,2811.65,5974.06,34.54
7.0095,25,19,2812.6,5932.22,43.5283,1.44325,0,1,0,0,0,7,100,4,2802.29,5801.09,39.73
7.0185,43,14,2767.11,4641.46,55.2313,1.54136,0,1,0,0,0,7,100,4,2793.97,4032.06,40.44
7.013,32,19,2808.47,5915.24,48.3372,1.44309,0,1,0,0,0,7,100,4,2760.46,4904.96,37.59
7.018,42,13,2776.26,4433.16,51.7566,1.54123,0,1,0,0,0,7,100,4,2786.64,4197.89,41.6
7.002,10,8,2870.22,2439.93,36.833,1.53072,0,1,0,0,0,7,100,4,2829.88,6550.63,27.62
7.0135,33,18,2799.36,5746.83,53.265,1.44338,0,1,0,0,0,7,100,4,2761.75,4775.1,37.49
7.014,34,18,2796.5,5694.18,52.2497,1.4431,0,1,0,0,0,7,100,4,2760.69,4855.78,36.64
7.019,44,13,2772.91,4509.54,51.9139,1.5414,0,1,0,0,0,7,100,4,2833.13,3171.01,34.79
7.02,46,13,2782.74,4286.24,54.4384,1.54158,0,1,0,0,0,7,100,4,2819.5,3471.9,38.82
7.015,36,17,2786.71,5513.57,51.5513,1.44297,0,1,0,0,0,7,100,4,2776.24,4433.6,38.74
7.0155,37,17,2783.77,5460.99,52.7402,1.44165,0,1,0,0,0,7,100,4,2767.09,4641.92,41.34
7.0145,35,17,2780.9,5409.71,52.286,1.44142,0,1,0,0,0,7,100,4,2763.52,4726.12,37.85
7.0195,45,13,2779.7,4355.18,51.1104,1.54136,0,1,0,0,0,7,100,4,2808.2,3697.89,40.92
7.0255,57,9,2844.23,2944.74,50.1083,1.58476,0,1,0,0,0,7,100,4,2882.11,2004.66,35.52
7.0235,53,11,2822.23,3420.36,51.3228,1.55057,0,1,0,0,0,7,100,4,2860.53,2602.04,38.4
7.016,38,15,2760.46,4904.82,50.2131,1.50012,0,1,0,0,0,7,100,4,2772.88,4510.1,38.86
7.0215,49,12,2793.96,4032.15,54.0193,1.54151,0,1,0,0,0,7,100,4,2846.62,2895.21,37.08
7.025,56,9,2840.49,2994.42,50.4648,1.53908,0,1,0,0,0,7,100,4,2888.51,1906.77,32
7.028,62,6,2888.52,1906.49,42.7438,1.53095,0,1,0,0,0,7,100,4,2905.48,1516.14,36.58
7.0285,63,6,2882.11,2004.62,47.4457,1.53017,0,1,0,0,0,7,100,4,2902.61,1509.56,37.74
7.0295,65,6,2885.27,1907.66,48.5009,1.53031,0,1,0,0,0,7,100,4,2929.76,925.08,40.72
7.0245,55,9,2846.64,2894.83,49.5293,1.54499,0,1,0,0,0,7,100,4,2864.46,2516.15,38.83
7.022,50,10,2833.14,3170.86,46.4682,1.55252,0,1,0,0,0,7,100,4,2840.46,2995.07,37.78
7.0355,77,2,2950.39,554.509,46.4007,1.54979,0,1,0,0,0,7,100,4,2843.49,3076.59,24.62
7.0305,67,5,2898.99,1641.72,49.1521,1.5492,0,1,0,0,0,7,100,4,2928.93,866.34,38.63
7.03,66,5,2896.39,1691.98,49.8065,1.54934,0,1,0,0,0,7,100,4,2925.01,966.644,40.95
7.0205,47,12,2796.29,3979.41,54.5347,1.54168,0,1,0,0,0,7,100,4,2822.19,3421.13,38.42
7.029,64,6,2883.64,1957.26,47.4154,1.52998,0,1,0,0,0,7,100,4,2930.41,910.45,29.37
7.027,60,7,2879.55,2181.96,43.6483,1.53004,0,1,0,0,0,7,100,4,2896.36,1692.55,37.29
7.0315,69,4,2902.62,1509.33,50.4063,1.54925,0,1,0,0,0,7,100,4,2938.59,651.234,33.83
7.0325,71,3,2929.77,924.869,54.386,1.53476,0,1,0,0,0,7,100,4,2950.37,554.892,34.74
7.034,74,3,2939.9,673.06,44.6758,1.54071,0,1,0,0,0,7,100,4,2833.71,6500.4,24.94
7.0455,97,14,2770.84,4629.43,32.7489,1.54167,0,1,0,0,0,7,100,4,2840.61,3145.57,23.59
7.046,98,13,2788.19,4308.14,32.802,1.54201,0,1,0,0,0,7,100,4,2855.19,2849.67,23.31
7.033,72,3,2925.02,966.212,54.6914,1.53669,0,1,0,0,0,7,100,4,3015.14,246.23,22.75
7.0425,91,3,2949.52,637.826,33.015,1.59578,0,1,0,0,0,7,100,4,2770.84,4629.54,24.52
7.047,100,12,2810.91,3710.32,32.7877,1.53758,0,1,0,0,0,7,100,4,2879.93,2269.02,23.04
7.036,78,1,3015.22,245.941,30.3834,1.7855,0,1,0,0,0,7,100,4,2858.4,2782.03,24.38
7.0485,103,10,2840.61,3145.6,31.5043,1.53965,0,1,0,0,0,7,100,4,2917.6,1401.47,23.2
7.055,116,15,2766.82,4912.35,30.9293,1.50247,0,1,0,0,0,7,100,4,2781.53,4386.26,32.62
7.0515,109,4,2917.6,1401.41,30.9825,1.53915,0,1,0,0,0,7,100,4,2774.88,5208.57,23.54
7.053,112,2,2960.19,552.964,31.4092,1.63988,0,1,0,0,0,7,100,4,2785.49,4369.18,23.3
7.051,108,5,2901.86,1710.24,31.4482,1.54962,0,1,0,0,0,7,100,4,3004.69,282.536,23.09
7.05,106,7,2879.93,2269.01,30.7669,1.52992,0,1,0,0,0,7,100,4,2960.16,553.171,23.52
7.058,122,13,2781.53,4386.33,43.5585,1.54167,0,1,0,0,0,7,100,4,2886.95,1954.06,32.52
7.0585,123,12,2802.46,3839.68,44.0377,1.54215,0,1,0,0,0,7,100,4,2901.74,1588.46,32.6
7.059,124,11,2817.78,3564.13,44.2379,1.5534,0,1,0,0,0,7,100,4,2923.54,1085.75,33.1
7.054,114,1,3004.73,282.379,30.8314,1.76198,0,1,0,0,0,7,100,4,2812.77,3744.3,23.06
7.06,126,9,2854.29,2800.7,43.2219,1.54446,0,1,0,0,0,7,100,4,3000.65,309.875,26.64
7.0625,131,3,2934.29,729.412,43.649,1.53703,0,1,0,0,0,7,100,4,2763.94,4846.26,32.93
7.067,140,12,2787.57,3814.58,36.9587,-1.59995,0,1,0,0,0,7,100,4,2970.11,386.69,40.95
7.0715,149,4,2894.97,1392.41,45.1966,-1.60081,0,1,0,0,0,7,100,4,2877.67,1790.01,33.63
7.0565,119,12,2801.02,4017.51,31.2033,1.54199,0,1,0,0,0,7,100,4,2836.29,3095.45,32.59
7.0705,147,2,2951.95,476.521,52.9131,-1.44547,0,1,0,0,0,7,100,4,2914.27,943.947,39.87
7.063,132,1,3000.69,309.7,35.5687,1.74322,0,1,0,0,0,7,100,4,2813.76,3129.58,27.61
7.0685,143,14,2741.91,4825.76,36.4231,-1.6176,0,1,1,128,0.1,7,100,4,2894.98,1392.28,33.85
7.0735,153,3,2914.27,943.972,53.2323,-1.60047,0,1,0,0,0,7,100,4,2865.95,2054.67,37.18
7.068,142,13,2752.2,4516.23,33.5116,-1.60414,0,1,0,0,0,7,100,4,2919.94,749.629,36.03
7.0745,155,5,2877.67,1789.95,44.8992,-1.59956,0,1,0,0,0,7,100,4,2849.89,2436.03,35.76
7.073,152,3,2916.52,891.713,52.2953,-1.59887,0,1,1,32,0.15,7,100,4,2868.11,2005.9,36.52
7.072,150,3,2925.68,706.441,47.7823,-1.56691,0,1,1,32,0.15,7,100,4,2875.62,1836.29,33.2
7.081,168,9,2826.4,2990.02,50.7052,-1.5985,0,1,0,0,0,7,100,4,2782.18,3929.78,33.15
7.071,148,3,2919.93,749.867,48.1015,-1.59023,0,1,1,32,0.15,7,100,4,2859.66,2124.45,31.99
7.0725,151,3,2922.3,767.08,50.1434,-1.59638,0,1,1,32,0.15,7,100,4,2870.29,1956.59,37.19
7.075,156,5,2875.61,1836.47,44.3219,-1.5992,0,1,0,0,0,7,100,4,2861.52,2154.66,36.4
7.0845,175,12,2786.37,3908.7,52.398,-1.59662,0,1,0,0,0,7,100,4,2755.65,4591.21,35.07
7.0765,159,6,2865.95,2054.65,49.6336,-1.59907,0,1,0,0,0,7,100,4,2833.8,2824.11,35.42
7.077,160,6,2863.67,2106.23,50.3139,-1.59939,0,1,0,0,0,7,100,4,2831.76,2869.11,34.53
7.084,174,12,2782.18,3929.72,44.253,-1.59669,0,1,0,0,0,7,100,4,2757.49,4544.56,34.16
7.0755,157,6,2870.27,1956.9,49.6443,-1.59902,0,1,0,0,0,7,100,4,2859.24,2205.97,37.08
7.0895,185,15,2745.59,5079.49,45.8797,-1.6565,0,1,0,0,0,7,100,4,2797.52,3541.18,24.58
7.083,172,11,2803.21,3559.55,54.9692,-1.64093,0,1,0,0,0,7,100,4,2780.84,4026.8,37.88
7.089,184,15,2747.61,4987.57,49.0156,-1.65645,0,1,0,0,0,7,100,4,2915.5,843.5,24.66
7.0795,165,9,2833.79,2824.42,47.2798,-1.59818,0,1,0,0,0,7,100,4,2796.01,3620.61,35.71
7.09,186,15,2748.87,5086.14,54.2869,-1.65617,0,1,0,0,0,7,100,4,2782.32,3858.36,24.62
7.0935,193,3,2913.67,814.33,31.1545,-1.59622,0,1,1,32,0.15,7,100,4,2808.86,3326.36,32.94
7.0835,173,12,2780.07,3974.94,42.8207,-1.59658,0,1,1,32,0.15,7,100,4,2759.34,4497.5,35.28
7.0825,171,11,2795.99,3621.09,47.6658,-1.60189,0,1,0,0,0,7,100,4,2783.22,3976.02,38.22
7.0905,187,16,2757.13,5246.96,54.5656,-1.70181,0,1,0,0,0,7,100,4,2913.68,814.189,23.34
7.0945,195,12,2785.99,3777.51,31.1132,-1.59953,0,1,1,32,0.15,7,100,4,2773.92,4167.45,33.03
7.091,188,16,2760.19,5299.44,53.4298,-1.70178,0,1,0,0,0,7,100,4,2899.39,1140.63,23.61
7.102,10,8,2870.13,2442.68,36.7983,1.53169,0,1,1,128,0.1,7,100,4,2829.69,6552.84,27.62
7.0855,177,12,2783.2,3976.49,51.0128,-1.59644,0,1,1,32,0.15,7,100,4,2747.38,4880.24,41.59
7.0995,205,18,2788.35,5776.9,43.5781,-1.70118,0,1,0,0,0,7,100,4,0,0,0
7.104,14,3,2927.4,1069.39,36.3973,1.53759,0,1,1,32,0.15,7,100,4,2791.2,5536.86,27.45
7.1055,17,2,2980.47,413.792,36.3429,1.70672,0,1,0,0,0,7,100,4,2780.81,4475.61,27.26
7.099,204,16,2759.94,5350.03,44.1638,-1.70158,0,1,0,0,0,7,100,4,0,0,0
7.108,22,14,2767.24,4825.57,36.7158,1.50311,0,1,1,128,0.1,7,100,4,2811.82,5977.2,34.54
7.1095,25,19,2812.77,5935.48,43.4816,1.44435,0,1,0,0,0,7,100,4,2802.49,5804.73,39.73
7.1015,9,9,2855.72,2771.14,36.9018,1.5458,0,1,0,0,0,7,100,4,2940.3,739.6,27.4
7.109,24,13,2795.55,4141.41,36.3145,1.54252,0,1,0,0,0,7,100,4,2791.55,5602.61,35.94
7.1075,21,16,2767.42,5186.54,37.0615,1.4516,0,1,0,0,0,7,100,4,2829.42,6463.39,40.21
7.1045,15,3,2940.31,739.443,36.5676,1.53755,0,1,1,32,0.15,7,100,4,2767.42,5186.65,27.77
7.113,32,19,2808.66,5918.85,48.2842,1.44423,0,1,1,257,0.2,7,100,4,2760.45,4908.48,37.59
7.0965,199,10,2808.86,3326.38,43.9601,-1.60518,0,1,0,0,0,7,100,4,2788.33,5776.44,32.65
7.1135,33,18,2799.57,5750.81,53.2083,1.44449,0,1,1,257,0.2,7,100,4,2761.67,4778.5,37.49
7.115,36,17,2786.92,5517.42,51.4989,1.44404,0,1,1,257,0.2,7,100,4,2776.09,4436.95,38.74
7.114,34,18,2796.71,5698.08,52.1922,1.44425,0,1,1,257,0.2,7,100,4,2760.67,4859.21,36.64
7.118,42,13,2776.09,4437.03,51.6973,1.54243,0,1,1,257,0.2,7,100,4,2786.46,4201.95,41.6
7.1195,45,13,2779.53,4359,51.056,1.54248,0,1,1,257,0.2,7,100,4,2808.05,3701.58,40.92
7.12,46,13,2782.56,4290.32,54.3787,1.54275,0,1,1,257,0.2,7,100,4,2819.3,3475.52,38.82
7.1185,43,14,2766.92,4645.59,55.1658,1.5426,0,1,1,385,0.3,7,100,4,2793.79,4036.14,40.44
7.1205,47,12,2796.11,3983.49,54.4851,1.54267,0,1,1,289,0.35,7,100,4,2822.03,3424.08,38.42
7.1215,49,12,2793.78,4036.19,53.9639,1.5426,0,1,1,289,0.35,7,100,4,2846.47,2898.43,37.08
7.1235,53,11,2822.03,3424.19,51.2671,1.55173,0,1,1,257,0.2,7,100,4,2860.37,2605.57,38.4
7.1245,55,9,2846.46,2898.53,49.4786,1.54609,0,1,1,257,0.2,7,100,4,2864.31,2519.52,38.83
7.116,38,15,2760.45,4908.58,50.159,1.50127,0,1,1,257,0.2,7,100,4,2772.73,4513.65,38.86
7.124,54,10,2834.97,3127.12,46.0622,1.54036,0,1,0,0,0,7,100,4,2879.45,2185.17,32.68
7.1255,57,9,2843.9,2948.48,50.0515,1.58598,0,1,1,257,0.2,7,100,4,2881.99,2008.08,35.52
7.0675,141,13,2768.84,4214.47,36.5475,-1.59618,0,1,1,32,0.15,7,100,4,2952.39,474.331,39.63
7.127,60,7,2879.45,2185.23,43.6059,1.53109,0,1,0,0,0,7,100,4,2896.2,1695.6,37.29
7.128,62,6,2888.41,1909.68,42.6981,1.53211,0,1,0,0,0,7,100,4,2905.31,1519.44,36.58
7.0805,167,9,2828.71,2938.62,51.6776,-1.59952,0,1,0,0,0,7,100,4,2780.13,3973.49,32.08
7.1285,63,6,2881.99,2008.17,47.3942,1.53135,0,1,1,257,0.2,7,100,4,2902.43,1513.02,37.74
7.1295,65,6,2885.15,1911.29,48.4479,1.53149,0,1,1,257,0.2,7,100,4,2929.62,928.838,40.72
7.1305,67,5,2898.8,1645.4,49.1014,1.55032,0,1,1,257,0.2,7,100,4,2928.8,869.701,38.63
7.122,50,10,2832.95,3174.34,46.4194,1.55367,0,1,1,257,0.2,7,100,4,2840.32,2998.41,37.78
7.082,170,9,2821.59,3096.63,51.4224,-1.59771,0,1,1,32,0.15,7,100,4,2778.23,4082.51,37.99
7.1315,69,4,2902.43,1513.1,50.3545,1.55037,0,1,1,257,0.2,7,100,4,2938.38,654.155,33.83
7.0815,169,9,2823.93,3044.8,51.8887,-1.59785,0,1,1,32,0.15,7,100,4,2786.46,3906.81,39.25
7.133,72,3,2924.86,970.304,54.6369,1.53779,0,1,1,289,0.35,7,100,4,3014.6,248.063,22.75
7.134,74,3,2939.76,676.402,44.6297,1.54185,0,1,1,289,0.35,7,100,4,2833.55,6502.57,24.94
7.136,78,1,3014.58,248.122,30.3528,1.78661,0,1,0,0,0,7,100,4,2858.3,2784.09,24.38
7.1355,77,2,2950.21,557.979,46.3491,1.55101,0,1,1,257,0.2,7,100,4,2843.39,3078.9,24.62
7.087,180,13,2757.48,4544.65,45.5743,-1.60354,0,1,1,32,0.15,7,100,4,2748.85,5084.14,40.67
7.14,86,7,2882.39,2193.33,33.0061,1.53119,0,1,0,0,0,7,100,4,2811.8,5858.18,24.38
7.098,202,13,2755.02,4525.74,42.8908,-1.60321,0,1,1,32,0.15,7,100,4,0,0,0
7.1425,91,3,2949.27,640.286,32.9778,1.59704,0,1,1,32,0.15,7,100,4,2770.73,4631.85,24.52
7.1455,97,14,2770.73,4631.88,32.7104,1.54297,0,1,0,0,0,7,100,4,2840.52,3147.9,23.59
7.146,98,13,2788.08,4310.59,32.7637,1.54331,0,1,1,32,0.15,7,100,4,2855.08,2851.96,23.31
7.147,100,12,2810.81,3712.77,32.7496,1.53888,0,1,1,32,0.15,7,100,4,2879.86,2271.27,23.04
7.1485,103,10,2840.51,3147.96,31.4686,1.54093,0,1,0,0,0,7,100,4,2917.51,1403.67,23.2
7.151,108,5,2901.74,1712.59,31.4142,1.55086,0,1,0,0,0,7,100,4,3004.14,284.557,23.09
7.153,112,2,2959.86,555.292,31.3736,1.64117,0,1,0,0,0,7,100,4,2785.39,4371.39,23.3
7.1515,109,4,2917.5,1403.73,30.9465,1.54047,0,1,0,0,0,7,100,4,2775,5210.85,23.54
7.154,114,1,3004.13,284.608,30.7996,1.76317,0,1,0,0,0,7,100,4,2812.69,3746.28,23.06
7.155,116,15,2766.81,4914.66,30.8926,1.50381,0,1,0,0,0,7,100,4,2781.39,4389.49,32.62
7.1565,119,12,2800.92,4019.85,31.1722,1.54315,0,1,1,32,0.15,7,100,4,2836.18,3098.16,32.59
7.15,106,7,2879.86,2271.31,30.7316,1.53124,0,1,0,0,0,7,100,4,2959.84,555.401,23.52
7.158,122,13,2781.38,4389.59,43.5094,1.54296,0,1,1,32,0.15,7,100,4,2886.85,1957.12,32.52
7.1585,123,12,2802.32,3842.97,43.9894,1.54341,0,1,1,32,0.15,7,100,4,2901.58,1591.44,32.6
7.159,124,11,2817.6,3567.44,44.1887,1.55469,0,1,0,0,0,7,100,4,2923.43,1088.81,33.1
7.16,126,9,2854.14,2803.93,43.1746,1.54573,0,1,1,32,0.15,7,100,4,3000.06,312.229,26.64
7.1625,131,3,2934.17,732.678,43.6004,1.53833,0,1,1,32,0.15,7,100,4,2763.92,4849.31,32.93
7.163,132,1,3000.04,312.284,35.53,1.7445,0,1,0,0,0,7,100,4,2813.86,3127.09,27.61
7.167,140,12,2787.69,3811.81,36.9159,-1.5986,0,1,1,32,0.15,7,100,4,2971.03,382.86,40.95
7.1675,141,13,2768.96,4211.74,36.529,-1.59556,0,1,1,32,0.15,7,100,4,2952.71,472.722,39.63
7.168,142,13,2752.3,4513.73,33.4746,-1.60284,0,1,1,32,0.15,7,100,4,2920.11,746.338,36.03
7.1685,143,14,2741.98,4823.03,36.3814,-1.61625,0,1,1,128,0.1,7,100,4,2895.12,1389.07,33.85
7.1705,147,2,2952.73,472.635,52.8516,-1.4441,0,1,1,257,0.2,7,100,4,2914.43,940.104,39.87
7.171,148,3,2920.12,746.27,48.0502,-1.58897,0,1,1,289,0.35,7,100,4,2859.78,2121.63,31.99
7.172,150,3,2925.95,702.872,47.7293,-1.56559,0,1,1,289,0.35,7,100,4,2875.75,1833.24,33.2
7.1725,151,3,2922.48,763.328,50.0897,-1.5951,0,1,1,289,0.35,7,100,4,2870.44,1953.29,37.19
7.173,152,3,2916.69,887.8,52.2362,-1.59753,0,1,1,289,0.35,7,100,4,2868.26,2002.49,36.52
7.1735,153,3,2914.44,939.989,53.1695,-1.59908,0,1,1,289,0.35,7,100,4,2866.11,2051.03,37.18
7.1745,155,5,2877.82,1786.59,44.8475,-1.59819,0,1,1,257,0.2,7,100,4,2850.02,2432.62,35.76
7.1755,157,6,2870.44,1953.19,49.5942,-1.59781,0,1,1,257,0.2,7,100,4,2859.38,2202.89,37.08
7.177,160,6,2863.83,2102.47,50.2603,-1.59811,0,1,1,257,0.2,7,100,4,2831.9,2866.08,34.53
7.1795,165,9,2833.95,2820.88,47.2311,-1.59693,0,1,1,289,0.35,7,100,4,2796.14,3617.59,35.71
7.181,168,9,2826.57,2986.22,50.6443,-1.59706,0,1,1,289,0.35,7,100,4,2782.33,3926.5,33.15
7.1815,169,9,2824.11,3040.92,51.8576,-1.5971,0,1,1,289,0.35,7,100,4,2786.55,3904.89,39.25
7.182,170,9,2821.77,3092.78,51.3906,-1.59693,0,1,1,289,0.35,7,100,4,2778.32,4080.6,37.99
7.1825,171,11,2796.14,3617.52,47.6167,-1.60064,0,1,1,257,0.2,7,100,4,2783.37,3972.78,38.22
7.175,156,5,2875.76,1833.16,44.2695,-1.59777,0,1,0,0,0,7,100,4,2861.67,2151.11,36.4
7.183,172,11,2803.22,3555.43,54.9092,-1.6396,0,1,1,257,0.2,7,100,4,2781,4023.4,37.88
7.184,174,12,2782.33,3926.41,44.2016,-1.59528,0,1,1,32,0.15,7,100,4,2757.62,4541.29,34.16
7.1855,177,12,2783.38,3972.67,50.9616,-1.59521,0,1,1,289,0.35,7,100,4,2747.42,4876.82,41.59
7.187,180,13,2757.62,4541.24,45.5468,-1.60278,0,1,1,289,0.35,7,100,4,2748.82,5082.15,40.67
7.1895,185,15,2745.54,5076.06,45.8259,-1.65507,0,1,1,257,0.2,7,100,4,2797.47,3538.81,24.58
7.19,186,15,2748.82,5082.07,54.2254,-1.65479,0,1,1,257,0.2,7,100,4,2782.43,3856.07,24.62
7.1905,187,16,2756.89,5242.88,54.505,-1.70045,0,1,1,257,0.2,7,100,4,2913.78,812.065,23.34
7.191,188,16,2759.96,5295.44,53.3712,-1.70043,0,1,1,257,0.2,7,100,4,2899.48,1138.5,23.61
7.1935,193,3,2913.78,811.999,31.1179,-1.59478,0,1,1,32,0.15,7,100,4,2808.98,3323.19,32.94
7.1945,195,12,2786.09,3775.18,31.0775,-1.59811,0,1,1,32,0.15,7,100,4,2773.77,4164.36,33.03
7.1715,149,4,2895.12,1389.03,45.1297,-1.59903,0,1,1,257,0.2,7,100,4,2877.85,1785.91,33.63
7.197,200,12,2790.17,3755.18,43.1686,-1.5983,0,1,1,32,0.15,7,100,4,0,0,0
7.198,202,13,2755.15,4522.53,42.8614,-1.60233,0,1,1,32,0.15,7,100,4,0,0,0
7.1965,199,10,2808.99,3323.09,43.9142,-1.60387,0,1,0,0,0,7,100,4,2788.17,5773.66,32.65
7.199,204,16,2759.75,5346.73,44.1139,-1.70016,0,1,0,0,0,7,100,4,0,0,0
7.1995,205,18,2788.16,5773.64,43.5264,-1.6997,0,1,0,0,0,7,100,4,0,0,0
7.2015,9,9,2855.59,2773.91,36.8593,1.54725,0,1,1,32,0.15,7,100,4,2940.2,742.173,27.4
7.204,14,3,2927.29,1072.12,36.3525,1.53913,0,1,1,32,0.15,7,100,4,2791.35,5539.62,27.45
7.2045,15,3,2940.2,742.181,36.5255,1.539,0,1,1,32,0.15,7,100,4,2767.55,5189.26,27.77
7.2055,17,2,2979.91,416.456,36.2986,1.70825,0,1,0,0,0,7,100,4,2780.69,4478.32,27.26
7.202,10,8,2870.03,2445.44,36.7518,1.53327,0,1,1,128,0.1,7,100,4,2829.44,6555.69,27.62
7.2075,21,16,2767.55,5189.32,37.0177,1.45309,0,1,0,0,0,7,100,4,2829.2,6467.25,40.21
7.208,22,14,2767.22,4828.32,36.6709,1.50465,0,1,1,128,0.1,7,100,4,2812.01,5980.65,34.54
7.209,24,13,2795.43,4144.13,36.2706,1.54405,0,1,1,32,0.15,7,100,4,2791.74,5606.15,35.94
7.2095,25,19,2812.95,5938.73,43.4284,1.4459,0,1,0,0,0,7,100,4,2802.7,5808.69,39.73
7.213,32,19,2808.86,5922.46,48.225,1.44578,0,1,1,257,0.2,7,100,4,2760.44,4912.23,37.59
7.2135,33,18,2799.79,5754.79,53.1431,1.44605,0,1,1,321,0.25,7,100,4,2761.58,4782.24,37.49
7.214,34,18,2796.92,5701.99,52.1297,1.44578,0,1,1,321,0.25,7,100,4,2760.65,4862.78,36.64
7.215,36,17,2787.13,5521.27,51.4361,1.4456,0,1,1,257,0.2,7,100,4,2775.92,4440.79,38.74
7.2155,37,17,2784.21,5468.87,52.622,1.44429,0,1,1,257,0.2,7,100,4,2766.75,4649.61,41.34
7.216,38,15,2760.44,4912.34,50.1025,1.50272,0,1,1,257,0.2,7,100,4,2772.57,4517.19,38.86
7.218,42,13,2775.92,4440.9,51.634,1.544,0,1,1,289,0.35,7,100,4,2786.28,4206.07,41.6
7.2185,43,14,2766.74,4649.72,55.099,1.54416,0,1,1,449,0.35,7,100,4,2793.61,4040.11,40.44
7.219,44,13,2772.57,4517.3,51.7931,1.54414,0,1,1,289,0.35,7,100,4,2832.76,3177.72,34.79
7.2195,45,13,2779.36,4362.82,50.9931,1.54407,0,1,1,289,0.35,7,100,4,2807.89,3705.68,40.92
7.22,46,13,2782.38,4294.39,54.3112,1.54434,0,1,1,353,0.4,7,100,4,2819.1,3479.43,38.82
7.2205,47,12,2795.93,3987.56,54.4176,1.54426,0,1,1,289,0.35,7,100,4,2821.83,3427.94,38.42
7.2215,49,12,2793.61,4040.23,53.8975,1.54419,0,1,1,289,0.35,7,100,4,2846.29,2902.13,37.08
7.222,50,10,2832.76,3177.81,46.367,1.55514,0,1,1,257,0.2,7,100,4,2840.18,3001.87,37.78
7.2235,53,11,2821.82,3428.03,51.204,1.55332,0,1,1,257,0.2,7,100,4,2860.18,2609.4,38.4
7.224,54,10,2834.83,3130.56,46.006,1.54194,0,1,1,257,0.2,7,100,4,2879.34,2188.4,32.68
7.2245,55,9,2846.29,2902.24,49.4174,1.54769,0,1,1,289,0.35,7,100,4,2864.14,2523.4,38.83
7.2255,57,9,2843.57,2952.22,49.9892,1.58759,0,1,1,289,0.35,7,100,4,2881.88,2011.65,35.52
7.227,60,7,2879.34,2188.49,43.5519,1.53271,0,1,0,0,0,7,100,4,2896.01,1699.34,37.29
7.228,62,6,2888.31,1912.88,42.6453,1.53372,0,1,0,0,0,7,100,4,2905.12,1523.09,36.58
7.2285,63,6,2881.88,2011.72,47.336,1.53295,0,1,1,321,0.25,7,100,4,2902.24,1516.76,37.74
7.229,64,6,2883.41,1964.35,47.309,1.53269,0,1,1,257,0.2,7,100,4,2930.2,915.882,29.37
7.2295,65,6,2885.03,1914.92,48.388,1.5331,0,1,1,257,0.2,7,100,4,2929.47,932.901,40.72
7.23,66,5,2896,1699.43,49.6939,1.55207,0,1,1,257,0.2,7,100,4,2924.71,974.278,40.95
7.2305,67,5,2898.61,1649.07,49.0406,1.55194,0,1,1,257,0.2,7,100,4,2928.65,873.562,38.63
7.2315,69,4,2902.23,1516.87,50.2924,1.55199,0,1,1,257,0.2,7,100,4,2938.13,657.515,33.83
7.2325,71,3,2929.47,933.007,54.2631,1.53751,0,1,1,289,0.35,7,100,4,2950.03,561.348,34.74
7.233,72,3,2924.7,974.395,54.5692,1.53942,0,1,1,289,0.35,7,100,4,3013.95,250.24,22.75
7.225,56,9,2840.18,3001.97,50.3442,1.54196,0,1,1,289,0.35,7,100,4,2888.3,1913.09,32
7.234,74,3,2939.62,679.744,44.5741,1.54349,0,1,1,289,0.35,7,100,4,2833.36,6505.06,24.94
7.2355,77,2,2950.03,561.448,46.2924,1.55262,0,1,1,257,0.2,7,100,4,2843.29,3081.32,24.62
7.236,78,1,3013.93,250.303,30.3151,1.78826,0,1,0,0,0,7,100,4,2858.19,2786.53,24.38
7.24,86,7,2882.31,2195.8,32.9652,1.53284,0,1,0,0,0,7,100,4,2811.93,5860.61,24.38
7.2425,91,3,2949.03,642.746,32.9375,1.59867,0,1,1,32,0.15,7,100,4,2770.63,4634.26,24.52
7.2455,97,14,2770.63,4634.33,32.6697,1.54464,0,1,0,0,0,7,100,4,2840.42,3150.25,23.59
7.246,98,13,2787.97,4313.05,32.7228,1.54499,0,1,1,32,0.15,7,100,4,2854.97,2854.29,23.31
7.247,100,12,2810.72,3715.22,32.7091,1.54055,0,1,1,32,0.15,7,100,4,2879.79,2273.55,23.04
7.2485,103,10,2840.41,3150.32,31.4294,1.54261,0,1,0,0,0,7,100,4,2917.41,1405.98,23.2
7.25,106,7,2879.78,2273.62,30.696,1.53281,0,1,0,0,0,7,100,4,2959.54,557.553,23.52
7.251,108,5,2901.61,1714.94,31.3751,1.55254,0,1,0,0,0,7,100,4,3003.54,286.773,23.09
7.2515,109,4,2917.41,1406.05,30.9086,1.54213,0,1,0,0,0,7,100,4,2775.12,5213.16,23.54
7.253,112,2,2959.53,557.621,31.3343,1.64287,0,1,0,0,0,7,100,4,2785.29,4373.72,23.3
7.254,114,1,3003.52,286.837,30.7611,1.76487,0,1,0,0,0,7,100,4,2812.6,3748.58,23.06
7.255,116,15,2766.8,4916.98,30.8539,1.50552,0,1,0,0,0,7,100,4,2781.25,4392.75,32.62
7.2565,119,12,2800.82,4022.18,31.1331,1.54486,0,1,1,32,0.15,7,100,4,2836.04,3101.42,32.59
7.258,122,13,2781.24,4392.84,43.455,1.54468,0,1,1,32,0.15,7,100,4,2886.75,1960.36,32.52
7.2585,123,12,2802.17,3846.27,43.9342,1.54513,0,1,1,32,0.15,7,100,4,2901.42,1594.69,32.6
7.259,124,11,2817.41,3570.74,44.1337,1.5564,0,1,0,0,0,7,100,4,2923.3,1092.1,33.1
7.26,126,9,2853.99,2807.16,43.1208,1.54744,0,1,1,32,0.15,7,100,4,2999.42,314.794,26.64
7.2625,131,3,2934.04,735.945,43.5457,1.54006,0,1,1,32,0.15,7,100,4,2763.91,4852.6,32.93
7.263,132,1,2999.4,314.868,35.4864,1.74619,0,1,0,0,0,7,100,4,2813.98,3124.39,27.61
7.267,140,12,2787.81,3809.05,36.8698,-1.59686,0,1,1,32,0.15,7,100,4,2971.97,378.914,40.95
7.2675,141,13,2769.09,4209,36.4833,-1.59382,0,1,1,32,0.15,7,100,4,2953.49,468.86,39.63
7.268,142,13,2752.4,4511.22,33.4328,-1.6011,0,1,1,32,0.15,7,100,4,2920.3,742.77,36.03
7.2685,143,14,2742.05,4820.31,36.3361,-1.61452,0,1,1,128,0.1,7,100,4,2895.26,1385.73,33.85
7.2705,147,2,2953.51,468.75,52.7849,-1.44234,0,1,1,257,0.2,7,100,4,2914.61,936.121,39.87
7.271,148,3,2920.31,742.672,47.9896,-1.58721,0,1,1,289,0.35,7,100,4,2859.92,2118.43,31.99
7.2715,149,4,2895.26,1385.65,45.0855,-1.59764,0,1,1,257,0.2,7,100,4,2877.96,1783.32,33.63
7.272,150,3,2926.23,699.304,47.6691,-1.56383,0,1,1,289,0.35,7,100,4,2875.9,1829.92,33.2
7.273,152,3,2916.87,883.887,52.1705,-1.59576,0,1,1,289,0.35,7,100,4,2868.42,1998.86,36.52
7.2735,153,3,2914.61,936.006,53.1025,-1.59731,0,1,1,353,0.4,7,100,4,2866.27,2047.33,37.18
7.2725,151,3,2922.65,759.576,50.0256,-1.59331,0,1,1,353,0.4,7,100,4,2870.6,1949.53,37.19
7.2745,155,5,2877.97,1783.23,44.7907,-1.59641,0,1,1,257,0.2,7,100,4,2850.15,2429.04,35.76
7.2755,157,6,2870.6,1949.47,49.5318,-1.59603,0,1,1,257,0.2,7,100,4,2859.54,2199.2,37.08
7.275,156,5,2875.9,1829.84,44.2173,-1.59611,0,1,0,64,0.05,7,100,4,2861.82,2147.73,36.4
7.2765,159,6,2866.28,2047.22,49.5176,-1.596,0,1,1,257,0.2,7,100,4,2834.1,2817.43,35.42
7.277,160,6,2864,2098.7,50.1963,-1.59632,0,1,1,257,0.2,7,100,4,2832.06,2862.61,34.53
7.2795,165,9,2834.11,2817.34,47.1719,-1.59516,0,1,1,289,0.35,7,100,4,2796.28,3614.06,35.71
7.2805,167,9,2829.05,2930.88,51.5795,-1.59694,0,1,1,289,0.35,7,100,4,2780.36,3968.63,32.08
7.281,168,9,2826.74,2982.43,50.5803,-1.59527,0,1,1,289,0.35,7,100,4,2782.49,3923.2,33.15
7.2815,169,9,2824.28,3037.03,51.7917,-1.59529,0,1,1,353,0.4,7,100,4,2786.74,3900.96,39.25
7.282,170,9,2821.94,3088.93,51.3254,-1.59513,0,1,1,353,0.4,7,100,4,2778.5,4076.8,37.99
7.2825,171,11,2796.29,3613.96,47.5563,-1.59884,0,1,1,257,0.2,7,100,4,2783.55,3968.96,38.22
7.283,172,11,2803.23,3551.32,54.8401,-1.63781,0,1,1,321,0.25,7,100,4,2781.17,4019.65,37.88
7.2835,173,12,2780.37,3968.54,42.7211,-1.59348,0,1,1,32,0.15,7,100,4,2759.6,4490.91,35.28
7.2845,175,12,2786.74,3900.86,52.269,-1.59337,0,1,1,289,0.35,7,100,4,2755.92,4584.25,35.07
7.284,174,12,2782.49,3923.1,44.1453,-1.59347,0,1,1,32,0.15,7,100,4,2757.75,4537.87,34.16
7.2855,177,12,2783.56,3968.85,50.8968,-1.59339,0,1,1,289,0.35,7,100,4,2747.48,4872.65,41.59
7.287,180,13,2757.75,4537.82,45.4894,-1.60097,0,1,1,289,0.35,7,100,4,2748.77,5078.12,40.67
7.289,184,15,2747.51,4980.22,48.8972,-1.65323,0,1,1,257,0.2,7,100,4,2915.72,838.72,24.66
7.2895,185,15,2745.5,5072.62,45.7676,-1.65325,0,1,1,257,0.2,7,100,4,2797.41,3536.35,24.58
7.29,186,15,2748.77,5078,54.1564,-1.65296,0,1,1,321,0.25,7,100,4,2782.54,3853.61,24.62
7.2885,183,14,2747.48,4872.54,55.3813,-1.62668,0,1,0,0,0,7,100,4,2955.7,425.354,24.78
7.291,188,16,2759.72,5291.44,53.3027,-1.69858,0,1,1,257,0.2,7,100,4,2899.59,1136.13,23.61
7.2905,187,16,2756.65,5238.8,54.4336,-1.69856,0,1,1,321,0.25,7,100,4,2913.89,809.665,23.34
7.2935,193,3,2913.89,809.667,31.0783,-1.59294,0,1,1,32,0.15,7,100,4,2809.11,3319.89,32.94
7.2945,195,12,2786.19,3772.85,31.0379,-1.59627,0,1,1,32,0.15,7,100,4,2773.61,4161.06,33.03
7.2965,199,10,2809.11,3319.8,43.8594,-1.60206,0,1,0,0,0,7,100,4,2787.98,5770.47,32.65
7.298,202,13,2755.28,4519.31,42.8066,-1.60048,0,1,1,32,0.15,7,100,4,0,0,0
7.297,200,12,2790.31,3751.94,43.1126,-1.59641,0,1,1,32,0.15,7,100,4,0,0,0
7.2995,205,18,2787.98,5770.38,43.4715,-1.69786,0,1,0,0,0,7,100,4,0,0,0
7.299,204,16,2759.55,5343.42,44.057,-1.69829,0,1,0,0,0,7,100,4,0,0,0
7.3015,9,9,2855.46,2776.67,36.8133,1.54908,0,1,1,32,0.15,7,100,4,2940.1,744.847,27.4
7.304,14,3,2927.18,1074.84,36.3063,1.54099,0,1,1,32,0.15,7,100,4,2791.5,5542.34,27.45
7.3045,15,3,2940.1,744.919,36.4791,1.54087,0,1,1,32,0.15,7,100,4,2767.68,5192.01,27.77
7.3055,17,2,2979.34,419.12,36.2523,1.71012,0,1,0,0,0,7,100,4,2780.57,4481.03,27.26
7.302,10,8,2869.94,2448.19,36.7047,1.53515,0,1,1,128,0.1,7,100,4,2829.21,6558.44,27.62
7.308,22,14,2767.21,4831.07,36.6237,1.50655,0,1,0,0,0,7,100,4,2812.2,5984.11,34.54
7.309,24,13,2795.31,4146.85,36.224,1.54594,0,1,1,32,0.15,7,100,4,2791.93,5609.74,35.94
7.3095,25,19,2813.12,5941.98,43.3726,1.44779,0,1,0,0,0,7,100,4,2802.92,5812.65,39.73
7.3075,21,16,2767.68,5192.09,36.9688,1.45504,0,1,0,0,0,7,100,4,2828.97,6471.39,40.21
7.313,32,19,2809.05,5926.07,48.163,1.44769,0,1,1,257,0.2,7,100,4,2760.43,4915.99,37.59
7.3135,33,18,2800,5758.77,53.0748,1.44796,0,1,1,321,0.25,7,100,4,2761.5,4785.99,37.49
7.314,34,18,2797.14,5705.89,52.0626,1.44769,0,1,1,321,0.25,7,100,4,2760.64,4866.45,36.64
7.3145,35,17,2781.56,5421.43,52.1021,1.44596,0,1,1,257,0.2,7,100,4,2763.13,4736.91,37.85
7.315,36,17,2787.34,5525.13,51.3696,1.44752,0,1,1,257,0.2,7,100,4,2775.75,4444.67,38.74
7.3155,37,17,2784.43,5472.82,52.5541,1.44621,0,1,1,321,0.25,7,100,4,2766.57,4653.74,41.34
7.316,38,15,2760.43,4916.1,50.0375,1.50466,0,1,1,257,0.2,7,100,4,2772.4,4521.1,38.86
7.318,42,13,2775.75,4444.77,51.5675,1.54592,0,1,1,289,0.35,7,100,4,2786.1,4210.23,41.6
7.3185,43,14,2766.56,4653.85,55.028,1.54608,0,1,1,321,0.25,7,100,4,2793.43,4044.15,40.44
7.319,44,13,2772.39,4521.18,51.7264,1.54607,0,1,1,353,0.4,7,100,4,2832.57,3181.19,34.79
7.3195,45,13,2779.19,4366.64,50.9274,1.546,0,1,1,289,0.35,7,100,4,2807.73,3709.76,40.92
7.32,46,13,2782.2,4298.46,54.2414,1.54627,0,1,1,353,0.4,7,100,4,2818.89,3483.29,38.82
7.3205,47,12,2795.75,3991.64,54.3474,1.54619,0,1,1,289,0.35,7,100,4,2821.62,3431.78,38.42
7.3215,49,12,2793.43,4044.27,53.8279,1.54613,0,1,1,289,0.35,7,100,4,2846.12,2905.83,37.08
7.322,50,10,2832.57,3181.28,46.307,1.55708,0,1,1,257,0.2,7,100,4,2840.02,3005.65,37.78
7.3235,53,11,2821.62,3431.87,51.1378,1.55527,0,1,1,257,0.2,7,100,4,2860,2613.23,38.4
7.324,54,10,2834.68,3134.01,45.9465,1.54389,0,1,1,257,0.2,7,100,4,2879.24,2191.67,32.68
7.3245,55,9,2846.11,2905.94,49.3534,1.54964,0,1,1,353,0.4,7,100,4,2863.97,2527.29,38.83
7.325,56,9,2840.02,3005.75,50.2844,1.54376,0,1,1,353,0.4,7,100,4,2888.2,1916.01,32
7.326,58,9,2853.47,2750.68,48.048,1.54958,0,1,1,32,0.15,7,100,4,2883.3,1967.81,35.5
7.3255,57,9,2843.25,2955.95,49.9245,1.58955,0,1,1,289,0.35,7,100,4,2881.76,2015.21,35.52
7.327,60,7,2879.23,2191.76,43.4956,1.53466,0,1,0,0,0,7,100,4,2895.81,1703.05,37.29
7.328,62,6,2888.2,1916.08,42.59,1.53568,0,1,0,0,0,7,100,4,2904.93,1526.75,36.58
7.3285,63,6,2881.76,2015.27,47.2745,1.53491,0,1,1,321,0.25,7,100,4,2902.05,1520.54,37.74
7.329,64,6,2883.29,1967.9,47.2475,1.53466,0,1,1,321,0.25,7,100,4,2930.08,918.828,29.37
7.3295,65,6,2884.91,1918.55,48.3254,1.53507,0,1,1,257,0.2,7,100,4,2929.32,936.968,40.72
7.33,66,5,2895.81,1703.15,49.6295,1.55404,0,1,1,321,0.25,7,100,4,2924.55,978.369,40.95
7.3305,67,5,2898.42,1652.75,48.9764,1.55393,0,1,1,257,0.2,7,100,4,2928.49,877.459,38.63
7.3315,69,4,2902.04,1520.64,50.227,1.55397,0,1,1,257,0.2,7,100,4,2937.89,660.897,33.83
7.3325,71,3,2929.32,937.077,54.1926,1.53949,0,1,1,289,0.35,7,100,4,2949.85,564.824,34.74
7.333,72,3,2924.54,978.487,54.4983,1.5414,0,1,1,289,0.35,7,100,4,3013.3,252.428,22.75
7.334,74,3,2939.47,683.086,44.5165,1.54546,0,1,1,289,0.35,7,100,4,2833.17,6507.54,24.94
7.3355,77,2,2949.85,564.917,46.2323,1.55461,0,1,1,257,0.2,7,100,4,2843.19,3083.78,24.62
7.336,78,1,3013.29,252.485,30.2757,1.79024,0,1,0,0,0,7,100,4,2858.07,2788.97,24.38
7.34,86,7,2882.23,2198.28,32.9223,1.53484,0,1,0,0,0,7,100,4,2812.06,5863.04,24.38
7.3425,91,3,2948.79,645.206,32.8945,1.60068,0,1,1,32,0.15,7,100,4,2770.52,4636.71,24.52
7.3455,97,14,2770.52,4636.78,32.6271,1.54666,0,1,0,0,0,7,100,4,2840.32,3152.61,23.59
7.346,98,13,2787.86,4315.5,32.6801,1.54701,0,1,1,32,0.15,7,100,4,2854.86,2856.62,23.31
7.347,100,12,2810.62,3717.68,32.6664,1.54257,0,1,1,32,0.15,7,100,4,2879.71,2275.85,23.04
7.3485,103,10,2840.32,3152.67,31.3884,1.54464,0,1,0,0,0,7,100,4,2917.32,1408.3,23.2
7.35,106,7,2879.71,2275.92,30.6559,1.53484,0,1,0,0,0,7,100,4,2959.2,559.881,23.52
7.351,108,5,2901.49,1717.29,31.3341,1.55458,0,1,0,0,0,7,100,4,3002.94,289.002,23.09
7.3515,109,4,2917.31,1408.37,30.8682,1.54417,0,1,0,0,0,7,100,4,2775.25,5215.51,23.54
7.353,112,2,2959.19,559.949,31.2933,1.64491,0,1,0,0,0,7,100,4,2785.19,4376.04,23.3
7.354,114,1,3002.92,289.066,30.7208,1.76692,0,1,0,0,0,7,100,4,2812.51,3750.89,23.06
7.355,116,15,2766.79,4919.29,30.8135,1.50757,0,1,0,0,0,7,100,4,2781.1,4396.01,32.62
7.3565,119,12,2800.71,4024.52,31.0923,1.54692,0,1,1,32,0.15,7,100,4,2835.91,3104.67,32.59
7.358,122,13,2781.1,4396.1,43.398,1.54674,0,1,1,32,0.15,7,100,4,2886.64,1963.61,32.52
7.3585,123,12,2802.03,3849.56,43.8766,1.54719,0,1,1,32,0.15,7,100,4,2901.25,1597.95,32.6
7.359,124,11,2817.23,3574.05,44.0758,1.55846,0,1,0,0,0,7,100,4,2923.17,1095.4,33.1
7.36,126,9,2853.84,2810.4,43.0642,1.54951,0,1,1,32,0.15,7,100,4,2998.77,317.378,26.64
7.3625,131,3,2933.91,739.211,43.4885,1.54213,0,1,1,32,0.15,7,100,4,2763.89,4855.89,32.93
7.363,132,1,2998.75,317.453,35.4397,1.74827,0,1,0,0,0,7,100,4,2814.1,3121.64,27.61
7.367,140,12,2787.93,3806.28,36.8213,-1.59477,0,1,1,32,0.15,7,100,4,2972.93,374.932,40.95
7.3675,141,13,2769.22,4206.27,36.4353,-1.59173,0,1,1,32,0.15,7,100,4,2954.27,464.975,39.63
7.368,142,13,2752.49,4508.71,33.3887,-1.59901,0,1,1,32,0.15,7,100,4,2920.5,739.172,36.03
7.3685,143,14,2742.12,4817.58,36.2883,-1.61243,0,1,0,0,0,7,100,4,2895.41,1382.35,33.85
7.3705,147,2,2954.29,464.865,52.7153,-1.44024,0,1,1,257,0.2,7,100,4,2914.78,932.138,39.87
7.371,148,3,2920.5,739.074,47.9263,-1.5851,0,1,1,289,0.35,7,100,4,2860.06,2115.23,31.99
7.3715,149,4,2895.41,1382.27,45.0261,-1.59554,0,1,1,257,0.2,7,100,4,2878.11,1779.96,33.63
7.372,150,3,2926.5,695.735,47.6062,-1.56172,0,1,1,289,0.35,7,100,4,2876.05,1826.61,33.2
7.3725,151,3,2922.83,755.824,49.9601,-1.59122,0,1,1,353,0.4,7,100,4,2870.77,1945.85,37.19
7.3735,153,3,2914.78,932.022,53.0324,-1.5952,0,1,1,289,0.35,7,100,4,2866.44,2043.61,37.18
7.373,152,3,2917.04,879.974,52.1009,-1.59363,0,1,1,353,0.4,7,100,4,2868.58,1995.17,36.52
7.3745,155,5,2878.11,1779.87,44.7316,-1.5943,0,1,1,257,0.2,7,100,4,2850.28,2425.47,35.76
7.3755,157,6,2870.77,1945.76,49.4663,-1.59392,0,1,1,257,0.2,7,100,4,2859.71,2195.5,37.08
7.375,156,5,2876.05,1826.52,44.1589,-1.59398,0,1,0,64,0.05,7,100,4,2861.99,2144.09,36.4
7.3765,159,6,2866.44,2043.51,49.4522,-1.59387,0,1,1,257,0.2,7,100,4,2834.26,2813.9,35.42
7.377,160,6,2864.17,2094.93,50.1299,-1.59419,0,1,1,257,0.2,7,100,4,2832.21,2859.16,34.53
7.3795,165,9,2834.27,2813.8,47.1095,-1.59303,0,1,1,289,0.35,7,100,4,2796.43,3610.49,35.71
7.3805,167,9,2829.22,2927.01,51.5112,-1.5948,0,1,1,289,0.35,7,100,4,2780.51,3965.42,32.08
7.381,168,9,2826.91,2978.63,50.5133,-1.59313,0,1,1,289,0.35,7,100,4,2782.64,3919.88,33.15
7.3815,169,9,2824.46,3033.15,51.7231,-1.59316,0,1,1,353,0.4,7,100,4,2786.92,3897.04,39.25
7.382,170,9,2822.11,3085.08,51.2572,-1.59298,0,1,1,353,0.4,7,100,4,2778.68,4073,37.99
7.3825,171,11,2796.44,3610.39,47.4933,-1.59669,0,1,1,257,0.2,7,100,4,2783.73,3965.14,38.22
7.383,172,11,2803.24,3547.2,54.7678,-1.63568,0,1,1,321,0.25,7,100,4,2781.35,4015.88,37.88
7.3835,173,12,2780.52,3965.33,42.6648,-1.59134,0,1,1,32,0.15,7,100,4,2759.74,4487.4,35.28
7.3845,175,12,2786.92,3896.94,52.1999,-1.59122,0,1,1,289,0.35,7,100,4,2756.06,4580.76,35.07
7.384,174,12,2782.64,3919.79,44.0869,-1.59132,0,1,1,32,0.15,7,100,4,2757.88,4534.47,34.16
7.3855,177,12,2783.74,3965.03,50.8292,-1.59124,0,1,1,289,0.35,7,100,4,2747.54,4868.49,41.59
7.387,180,13,2757.89,4534.41,45.429,-1.59882,0,1,1,289,0.35,7,100,4,2748.72,5074.05,40.67
7.3885,183,14,2747.54,4868.38,55.309,-1.62455,0,1,1,257,0.2,7,100,4,2956.18,422.968,24.78
7.389,184,15,2747.46,4976.55,48.8322,-1.65107,0,1,1,257,0.2,7,100,4,2915.84,836.256,24.66
7.3895,185,15,2745.45,5069.18,45.7067,-1.65108,0,1,1,257,0.2,7,100,4,2797.36,3533.89,24.58
7.39,186,15,2748.72,5073.94,54.0842,-1.65079,0,1,1,321,0.25,7,100,4,2782.66,3851.15,24.62
7.3905,187,16,2756.41,5234.72,54.3633,-1.69645,0,1,1,321,0.25,7,100,4,2914,807.403,23.34
7.391,188,16,2759.49,5287.45,53.2321,-1.69641,0,1,1,321,0.25,7,100,4,2899.69,1133.78,23.61
7.3935,193,3,2914,807.336,31.0369,-1.59076,0,1,1,32,0.15,7,100,4,2809.23,3316.6,32.94
7.3945,195,12,2786.29,3770.53,30.9966,-1.59409,0,1,1,32,0.15,7,100,4,2773.45,4157.76,33.03
7.3965,199,10,2809.24,3316.51,43.8009,-1.59987,0,1,0,0,0,7,100,4,2787.79,5767.21,32.65
7.397,200,12,2790.45,3748.71,43.056,-1.59425,0,1,1,32,0.15,7,100,4,0,0,0
7.398,202,13,2755.41,4516.1,42.7496,-1.59828,0,1,1,32,0.15,7,100,4,0,0,0
7.399,204,16,2759.36,5340.12,43.9989,-1.69611,0,1,0,0,0,7,100,4,0,0,0
7.3995,205,18,2787.79,5767.12,43.4135,-1.69566,0,1,0,0,0,7,100,4,0,0,0
7.4015,9,9,2855.32,2779.43,36.7642,1.55128,0,1,1,32,0.15,7,100,4,2939.99,747.578,27.4
7.402,10,8,2869.85,2450.95,36.6576,1.53728,0,1,1,128,0.1,7,100,4,2828.98,6561.08,27.62
7.404,14,3,2927.08,1077.57,36.2577,1.54321,0,1,1,32,0.15,7,100,4,2791.65,5545.08,27.45
7.4045,15,3,2939.99,747.657,36.4303,1.54308,0,1,1,32,0.15,7,100,4,2767.81,5194.78,27.77
7.4055,17,2,2978.78,421.784,36.2038,1.71234,0,1,0,0,0,7,100,4,2780.45,4483.76,27.26
7.4075,21,16,2767.81,5194.86,36.9207,1.4572,0,1,0,0,0,7,100,4,2828.75,6475.28,40.21
7.408,22,14,2767.2,4833.82,36.5748,1.50877,0,1,0,0,0,7,100,4,2812.38,5987.55,34.54
7.409,24,13,2795.19,4149.56,36.1755,1.54817,0,1,1,32,0.15,7,100,4,2792.13,5613.33,35.94
7.4095,25,19,2813.3,5945.24,43.3145,1.45003,0,1,0,0,0,7,100,4,2803.13,5816.62,39.73
7.413,32,19,2809.25,5929.69,48.0983,1.44994,0,1,1,321,0.25,7,100,4,2760.42,4919.75,37.59
7.4135,33,18,2800.22,5762.75,53.0035,1.45021,0,1,1,321,0.25,7,100,4,2761.41,4789.73,37.49
7.414,34,18,2797.35,5709.8,51.9928,1.44994,0,1,1,321,0.25,7,100,4,2760.62,4870.11,36.64
7.4145,35,17,2781.78,5425.34,52.0323,1.44821,0,1,1,257,0.2,7,100,4,2762.99,4740.69,37.85
7.415,36,17,2787.55,5528.98,51.3006,1.44977,0,1,1,257,0.2,7,100,4,2775.58,4448.54,38.74
7.416,38,15,2760.42,4919.86,49.9708,1.50689,0,1,1,257,0.2,7,100,4,2772.23,4524.95,38.86
7.4155,37,17,2784.65,5476.76,52.4828,1.44848,0,1,1,321,0.25,7,100,4,2766.38,4657.91,41.34
7.418,42,13,2775.58,4448.64,51.4981,1.54818,0,1,1,353,0.4,7,100,4,2785.91,4214.39,41.6
7.4185,43,14,2766.38,4657.98,54.954,1.54834,0,1,1,321,0.25,7,100,4,2793.25,4048.19,40.44
7.419,44,13,2772.22,4525.07,51.6569,1.54833,0,1,1,353,0.4,7,100,4,2832.38,3184.66,34.79
7.4195,45,13,2779.02,4370.46,50.8588,1.54826,0,1,1,353,0.4,7,100,4,2807.57,3713.85,40.92
7.42,46,13,2782.02,4302.53,54.1686,1.54853,0,1,1,353,0.4,7,100,4,2818.68,3487.15,38.82
7.4205,47,12,2795.57,3995.72,54.2744,1.54846,0,1,1,289,0.35,7,100,4,2821.42,3435.6,38.42
7.4215,49,12,2793.25,4048.31,53.7554,1.5484,0,1,1,289,0.35,7,100,4,2845.94,2909.54,37.08
7.422,50,10,2832.37,3184.76,46.2446,1.55935,0,1,1,257,0.2,7,100,4,2839.87,3009.42,37.78
7.4235,53,11,2821.42,3435.7,51.0689,1.55755,0,1,1,257,0.2,7,100,4,2859.82,2617.07,38.4
7.424,54,10,2834.54,3137.46,45.8846,1.54617,0,1,1,321,0.25,7,100,4,2879.13,2194.93,32.68
7.4245,55,9,2845.93,2909.64,49.287,1.55192,0,1,1,353,0.4,7,100,4,2863.8,2531.16,38.83
7.425,56,9,2839.86,3009.52,50.217,1.54603,0,1,1,353,0.4,7,100,4,2888.09,1919.19,32
7.4255,57,9,2842.92,2959.69,49.8577,1.59182,0,1,1,353,0.4,7,100,4,2881.65,2018.72,35.52
7.426,58,9,2853.3,2754.28,47.983,1.55188,0,1,1,289,0.35,7,100,4,2883.18,1971.37,35.5
7.427,60,7,2879.13,2195.03,43.437,1.53695,0,1,0,0,0,7,100,4,2895.62,1706.77,37.29
7.428,62,6,2888.09,1919.28,42.5326,1.53797,0,1,0,64,0.05,7,100,4,2904.74,1530.4,36.58
7.4285,63,6,2881.64,2018.82,47.2108,1.5372,0,1,1,321,0.25,7,100,4,2901.85,1524.3,37.74
7.4295,65,6,2884.79,1922.18,48.2601,1.53737,0,1,1,257,0.2,7,100,4,2929.17,941.037,40.72
7.4305,67,5,2898.23,1656.42,48.9108,1.55621,0,1,1,257,0.2,7,100,4,2928.34,881.282,38.63
7.429,64,6,2883.18,1971.45,47.1826,1.537,0,1,1,321,0.25,7,100,4,2929.97,921.811,29.37
7.4315,69,4,2901.85,1524.41,50.1593,1.55627,0,1,1,257,0.2,7,100,4,2937.65,664.26,33.83
7.4325,71,3,2929.17,941.146,54.1192,1.5418,0,1,1,353,0.4,7,100,4,2949.67,568.293,34.74
7.43,66,5,2895.61,1706.88,49.56,1.55643,0,1,1,321,0.25,7,100,4,2924.38,982.606,40.95
7.434,74,3,2939.33,686.428,44.4561,1.54777,0,1,1,289,0.35,7,100,4,2832.98,6510.03,24.94
7.433,72,3,2924.38,982.579,54.4233,1.54375,0,1,1,353,0.4,7,100,4,3012.65,254.642,22.75
7.4355,77,2,2949.67,568.386,46.1697,1.55693,0,1,1,257,0.2,7,100,4,2843.09,3086.24,24.62
7.436,78,1,3012.64,254.666,30.2347,1.79256,0,1,0,0,0,7,100,4,2857.95,2791.4,24.38
7.44,86,7,2882.15,2200.75,32.8776,1.53717,0,1,0,0,0,7,100,4,2812.19,5865.48,24.38
7.4425,91,3,2948.55,647.666,32.8498,1.60302,0,1,1,32,0.15,7,100,4,2770.41,4639.16,24.52
7.4455,97,14,2770.41,4639.23,32.5827,1.54901,0,1,0,0,0,7,100,4,2840.22,3154.96,23.59
7.446,98,13,2787.76,4317.95,32.6356,1.54936,0,1,1,32,0.15,7,100,4,2854.75,2858.95,23.31
7.447,100,12,2810.52,3720.13,32.6219,1.54493,0,1,1,32,0.15,7,100,4,2879.64,2278.16,23.04
7.4485,103,10,2840.22,3155.03,31.3456,1.547,0,1,0,0,0,7,100,4,2917.22,1410.62,23.2
7.45,106,7,2879.64,2278.22,30.6141,1.53721,0,1,0,0,0,7,100,4,2958.87,562.21,23.52
7.451,108,5,2901.37,1719.65,31.2914,1.55695,0,1,0,0,0,7,100,4,3002.34,291.231,23.09
7.4515,109,4,2917.22,1410.69,30.8261,1.54654,0,1,0,0,0,7,100,4,2775.37,5217.86,23.54
7.453,112,2,2958.86,562.277,31.2506,1.64729,0,1,0,0,0,7,100,4,2785.08,4378.37,23.3
7.454,114,1,3002.32,291.295,30.6789,1.76929,0,1,0,0,0,7,100,4,2812.41,3753.19,23.06
7.455,116,15,2766.78,4921.61,30.7714,1.50995,0,1,0,0,0,7,100,4,2780.96,4399.27,32.62
7.4565,119,12,2800.61,4026.85,31.0498,1.5493,0,1,1,32,0.15,7,100,4,2835.77,3107.93,32.59
7.458,122,13,2780.96,4399.36,43.3386,1.54913,0,1,1,32,0.15,7,100,4,2886.53,1966.86,32.52
7.4585,123,12,2801.88,3852.86,43.8166,1.54959,0,1,1,32,0.15,7,100,4,2901.08,1601.21,32.6
7.459,124,11,2817.05,3577.36,44.0154,1.56086,0,1,0,0,0,7,100,4,2923.04,1098.71,33.1
7.46,126,9,2853.68,2813.63,43.0053,1.55191,0,1,1,32,0.15,7,100,4,2998.12,319.962,26.64
7.4625,131,3,2933.78,742.478,43.4289,1.54454,0,1,1,32,0.15,7,100,4,2763.88,4859.18,32.93
7.463,132,1,2998.1,320.037,35.3912,1.75068,0,1,0,0,0,7,100,4,2814.22,3118.88,27.61
7.467,140,12,2788.06,3803.52,36.7708,-1.59235,0,1,1,32,0.15,7,100,4,2973.88,370.95,40.95
7.4675,141,13,2769.35,4203.53,36.3852,-1.5893,0,1,1,32,0.15,7,100,4,2955.05,461.09,39.63
7.468,142,13,2752.59,4506.2,33.3429,-1.59658,0,1,1,32,0.15,7,100,4,2920.69,735.572,36.03
7.4685,143,14,2742.19,4814.85,36.2385,-1.61,0,1,0,0,0,7,100,4,2895.55,1378.97,33.85
7.4705,147,2,2955.07,460.979,52.6428,-1.43781,0,1,1,257,0.2,7,100,4,2914.95,928.155,39.87
7.471,148,3,2920.69,735.476,47.8604,-1.58267,0,1,1,289,0.35,7,100,4,2860.2,2112.04,31.99
7.4715,149,4,2895.55,1378.88,44.9642,-1.5931,0,1,1,257,0.2,7,100,4,2878.26,1776.6,33.63
7.472,150,3,2926.77,692.167,47.5407,-1.55928,0,1,1,353,0.4,7,100,4,2876.19,1823.29,33.2
7.4725,151,3,2923.01,752.073,49.8914,-1.58878,0,1,1,353,0.4,7,100,4,2870.93,1942.14,37.19
7.4735,153,3,2914.95,928.039,52.9594,-1.59276,0,1,1,353,0.4,7,100,4,2866.6,2039.9,37.18
7.473,152,3,2917.22,876.061,52.0293,-1.59119,0,1,1,353,0.4,7,100,4,2868.74,1991.53,36.52
7.4745,155,5,2878.26,1776.51,44.6702,-1.59186,0,1,1,321,0.25,7,100,4,2850.41,2421.91,35.76
7.475,156,5,2876.2,1823.21,44.0987,-1.59156,0,1,0,64,0.05,7,100,4,2862.15,2140.49,36.4
7.4755,157,6,2870.93,1942.04,49.398,-1.59146,0,1,1,321,0.25,7,100,4,2859.88,2191.78,37.08
7.4765,159,6,2866.61,2039.79,49.3842,-1.59143,0,1,1,321,0.25,7,100,4,2834.42,2810.37,35.42
7.477,160,6,2864.33,2091.17,50.0612,-1.59175,0,1,1,321,0.25,7,100,4,2832.37,2855.73,34.53
7.4795,165,9,2834.43,2810.26,47.0445,-1.59057,0,1,1,289,0.35,7,100,4,2796.58,3606.92,35.71
7.4805,167,9,2829.39,2923.14,51.4401,-1.59234,0,1,1,353,0.4,7,100,4,2780.66,3962.22,32.08
7.481,168,9,2827.08,2974.84,50.4436,-1.59067,0,1,1,353,0.4,7,100,4,2782.8,3916.57,33.15
7.4815,169,9,2824.63,3029.26,51.6516,-1.59068,0,1,1,353,0.4,7,100,4,2787.1,3893.12,39.25
7.4825,171,11,2796.58,3606.82,47.4277,-1.59422,0,1,1,321,0.25,7,100,4,2783.91,3961.33,38.22
7.483,172,11,2803.25,3543.08,54.6921,-1.6332,0,1,1,321,0.25,7,100,4,2781.53,4012.1,37.88
7.482,170,9,2822.29,3081.23,51.1856,-1.59048,0,1,1,353,0.4,7,100,4,2778.86,4069.16,37.99
7.4835,173,12,2780.67,3962.13,42.6057,-1.58886,0,1,1,96,0.2,7,100,4,2759.88,4483.87,35.28
7.484,174,12,2782.8,3916.48,44.0263,-1.58886,0,1,1,96,0.2,7,100,4,2758.02,4531.07,34.16
7.4845,175,12,2787.11,3893.02,52.1271,-1.58872,0,1,1,353,0.4,7,100,4,2756.2,4577.23,35.07
7.4855,177,12,2783.92,3961.22,50.7585,-1.58874,0,1,1,289,0.35,7,100,4,2747.59,4864.31,41.59
7.487,180,13,2758.02,4531,45.3662,-1.59633,0,1,1,289,0.35,7,100,4,2748.67,5069.99,40.67
7.488,182,13,2754.38,4623.28,48.4864,-1.59608,0,1,1,32,0.15,7,100,4,2759.26,5283.57,40.03
7.4885,183,14,2747.59,4864.22,55.2324,-1.62206,0,1,1,257,0.2,7,100,4,2956.66,420.537,24.78
7.489,184,15,2747.42,4972.88,48.7645,-1.64857,0,1,1,321,0.25,7,100,4,2915.96,833.789,24.66
7.4895,185,15,2745.41,5065.75,45.6432,-1.64858,0,1,1,321,0.25,7,100,4,2797.31,3531.43,24.58
7.49,186,15,2748.67,5069.87,54.0091,-1.64828,0,1,1,321,0.25,7,100,4,2782.77,3848.68,24.62
7.4905,187,16,2756.17,5230.63,54.2878,-1.69394,0,1,1,321,0.25,7,100,4,2914.11,805.067,23.34
7.491,188,16,2759.25,5283.45,53.1581,-1.69391,0,1,1,321,0.25,7,100,4,2899.79,1131.41,23.61
7.4935,193,3,2914.11,805.004,30.9938,-1.58825,0,1,1,32,0.15,7,100,4,2809.36,3313.31,32.94
7.4945,195,12,2786.39,3768.2,30.9536,-1.59157,0,1,1,32,0.15,7,100,4,2773.28,4154.46,33.03
7.4965,199,10,2809.36,3313.22,43.7401,-1.59736,0,1,0,0,0,7,100,4,2787.6,5763.95,32.65
7.497,200,12,2790.59,3745.47,42.9961,-1.59173,0,1,1,32,0.15,7,100,4,0,0,0
7.498,202,13,2755.53,4512.89,42.6902,-1.59576,0,1,1,32,0.15,7,100,4,0,0,0
7.499,204,16,2759.17,5336.82,43.9377,-1.69359,0,1,0,0,0,7,100,4,0,0,0
7.4995,205,18,2787.6,5763.86,43.3531,-1.69314,0,1,0,0,0,7,100,4,0,0,0
7.5015,9,9,2855.19,2782.19,36.713,1.55381,0,1,1,32,0.15,7,100,4,2939.88,750.315,27.4
7.502,10,8,2869.76,2453.7,36.6065,1.53982,0,1,1,128,0.1,7,100,4,2828.74,6563.83,27.62
7.504,14,3,2926.97,1080.29,36.2072,1.54575,0,1,1,32,0.15,7,100,4,2791.8,5547.82,27.45
7.5045,15,3,2939.88,750.395,36.3795,1.54563,0,1,1,32,0.15,7,100,4,2767.94,5197.56,27.77
7.5055,17,2,2978.22,424.448,36.1533,1.71488,0,1,0,0,0,7,100,4,2780.33,4486.48,27.26
7.5075,21,16,2767.94,5197.64,36.8692,1.45975,0,1,0,0,0,7,100,4,2828.52,6479.3,40.21
7.508,22,14,2767.18,4836.57,36.5238,1.51132,0,1,0,0,0,7,100,4,2812.57,5991,34.54
7.509,24,13,2795.07,4152.28,36.125,1.55073,0,1,1,32,0.15,7,100,4,2792.32,5616.92,35.94
7.5095,25,19,2813.48,5948.49,43.254,1.45259,0,1,0,0,0,7,100,4,2803.35,5820.59,39.73
7.513,32,19,2809.45,5933.3,48.0311,1.45251,0,1,1,321,0.25,7,100,4,2760.41,4923.51,37.59
7.5135,33,18,2800.43,5766.73,52.9294,1.45278,0,1,1,321,0.25,7,100,4,2761.32,4793.48,37.49
7.514,34,18,2797.56,5713.7,51.92,1.45251,0,1,1,321,0.25,7,100,4,2760.6,4873.77,36.64
7.5145,35,17,2782,5429.25,51.9594,1.45078,0,1,1,321,0.25,7,100,4,2762.85,4744.47,37.85
7.515,36,17,2787.76,5532.83,51.2288,1.45235,0,1,1,321,0.25,7,100,4,2775.41,4452.41,38.74
7.5155,37,17,2784.87,5480.7,52.4098,1.45105,0,1,1,321,0.25,7,100,4,2766.2,4662.01,41.34
7.516,38,15,2760.41,4923.62,49.9004,1.50949,0,1,1,257,0.2,7,100,4,2772.06,4528.86,38.86
7.518,42,13,2775.41,4452.51,51.426,1.55077,0,1,1,353,0.4,7,100,4,2785.73,4218.54,41.6
7.5185,43,14,2766.2,4662.11,54.877,1.55093,0,1,1,321,0.25,7,100,4,2793.08,4052.23,40.44
7.519,44,13,2772.05,4528.95,51.5844,1.55092,0,1,1,353,0.4,7,100,4,2832.19,3188.14,34.79
7.52,46,13,2781.84,4306.6,54.0916,1.55116,0,1,1,353,0.4,7,100,4,2818.48,3491.08,38.82
7.5215,49,12,2793.07,4052.35,53.6794,1.55102,0,1,1,289,0.35,7,100,4,2845.76,2913.27,37.08
7.522,50,10,2832.18,3188.23,46.1793,1.56197,0,1,1,257,0.2,7,100,4,2839.71,3013.22,37.78
7.5235,53,11,2821.21,3439.54,50.9972,1.56015,0,1,1,257,0.2,7,100,4,2859.64,2620.9,38.4
7.524,54,10,2834.4,3140.91,45.8201,1.54877,0,1,1,321,0.25,7,100,4,2879.02,2198.2,32.68
7.5205,47,12,2795.39,3999.8,54.1955,1.55115,0,1,1,289,0.35,7,100,4,2821.21,3439.58,38.42
7.5245,55,9,2845.76,2913.35,49.2173,1.55455,0,1,1,353,0.4,7,100,4,2863.63,2535.07,38.83
7.525,56,9,2839.71,3013.3,50.146,1.54866,0,1,1,353,0.4,7,100,4,2887.99,1922.41,32
7.5195,45,13,2778.86,4374.29,50.7826,1.55104,0,1,1,353,0.4,7,100,4,2807.39,3718.21,40.92
7.527,60,7,2879.02,2198.29,43.376,1.53956,0,1,0,0,0,7,100,4,2895.43,1710.49,37.29
7.526,58,9,2853.13,2757.89,47.9149,1.55452,0,1,1,289,0.35,7,100,4,2883.06,1974.95,35.5
7.5255,57,9,2842.59,2963.43,49.786,1.59449,0,1,1,353,0.4,7,100,4,2881.53,2022.36,35.52
7.528,62,6,2887.99,1922.48,42.4725,1.5406,0,1,0,64,0.05,7,100,4,2904.55,1534.07,36.58
7.529,64,6,2883.06,1975,47.1176,1.53957,0,1,1,321,0.25,7,100,4,2929.85,924.684,29.37
7.5295,65,6,2884.67,1925.81,48.1923,1.53999,0,1,1,321,0.25,7,100,4,2929.02,945.099,40.72
7.5285,63,6,2881.53,2022.37,47.1436,1.53986,0,1,1,321,0.25,7,100,4,2901.65,1528.12,37.74
7.53,66,5,2895.42,1710.6,49.4926,1.55896,0,1,1,321,0.25,7,100,4,2924.23,986.554,40.95
7.5315,69,4,2901.65,1528.18,50.0888,1.55889,0,1,1,257,0.2,7,100,4,2937.4,667.628,33.83
7.5305,67,5,2898.04,1660.1,48.8408,1.55888,0,1,1,321,0.25,7,100,4,2928.19,885.203,38.63
7.5325,71,3,2929.01,945.215,54.0429,1.54444,0,1,1,353,0.4,7,100,4,2949.49,571.765,34.74
7.533,72,3,2924.22,986.671,54.3476,1.54635,0,1,1,353,0.4,7,100,4,3012.01,256.795,22.75
7.534,74,3,2939.18,689.77,44.3935,1.55041,0,1,1,289,0.35,7,100,4,2832.79,6512.52,24.94
7.5355,77,2,2949.49,571.856,46.1046,1.55957,0,1,1,257,0.2,7,100,4,2842.98,3088.7,24.62
7.536,78,1,3011.99,256.848,30.192,1.79521,0,1,0,0,0,7,100,4,2857.84,2793.84,24.38
7.54,86,7,2882.07,2203.22,32.8311,1.53983,0,1,0,0,0,7,100,4,2812.33,5867.91,24.38
7.5425,91,3,2948.31,650.126,32.8034,1.60569,0,1,1,32,0.15,7,100,4,2770.3,4641.61,24.52
7.5455,97,14,2770.3,4641.68,32.5366,1.55169,0,1,0,0,0,7,100,4,2840.12,3157.32,23.59
7.546,98,13,2787.65,4320.41,32.5894,1.55204,0,1,1,32,0.15,7,100,4,2854.64,2861.28,23.31
7.547,100,12,2810.42,3722.58,32.5757,1.54761,0,1,1,32,0.15,7,100,4,2879.56,2280.46,23.04
7.5485,103,10,2840.12,3157.39,31.3012,1.54968,0,1,0,0,0,7,100,4,2917.12,1412.94,23.2
7.55,106,7,2879.56,2280.53,30.5707,1.5399,0,1,0,0,0,7,100,4,2958.54,564.538,23.52
7.551,108,5,2901.25,1722,31.247,1.55964,0,1,0,0,0,7,100,4,3001.73,293.46,23.09
7.5515,109,4,2917.12,1413,30.7823,1.54923,0,1,0,0,0,7,100,4,2775.5,5220.21,23.54
7.553,112,2,2958.53,564.605,31.2063,1.64999,0,1,0,0,0,7,100,4,2784.98,4380.7,23.3
7.554,114,1,3001.72,293.524,30.6353,1.772,0,1,0,0,0,7,100,4,2812.32,3755.5,23.06
7.555,116,15,2766.77,4923.93,30.7277,1.51265,0,1,0,0,0,7,100,4,2780.82,4402.53,32.62
7.5565,119,12,2800.51,4029.19,31.0057,1.55201,0,1,1,32,0.15,7,100,4,2835.64,3111.18,32.59
7.558,122,13,2780.81,4402.62,43.277,1.55184,0,1,1,32,0.15,7,100,4,2886.43,1970.11,32.52
7.5585,123,12,2801.73,3856.15,43.7542,1.5523,0,1,1,32,0.15,7,100,4,2900.91,1604.46,32.6
7.559,124,11,2816.86,3580.67,43.9529,1.56357,0,1,0,0,0,7,100,4,2922.91,1102.02,33.1
7.56,126,9,2853.53,2816.87,42.944,1.55463,0,1,1,32,0.15,7,100,4,2997.47,322.547,26.64
7.5625,131,3,2933.65,745.744,43.367,1.54726,0,1,1,32,0.15,7,100,4,2763.86,4862.48,32.93
7.563,132,1,2997.46,322.621,35.3407,1.75341,0,1,0,0,0,7,100,4,2814.34,3116.12,27.61
7.567,140,12,2788.18,3800.75,36.7183,-1.58961,0,1,1,32,0.15,7,100,4,2974.84,366.968,40.95
7.5675,141,13,2769.48,4200.79,36.3333,-1.58656,0,1,1,32,0.15,7,100,4,2955.83,457.204,39.63
7.568,142,13,2752.69,4503.69,33.2952,-1.59384,0,1,1,32,0.15,7,100,4,2920.88,731.973,36.03
7.5685,143,14,2742.26,4812.13,36.1867,-1.60725,0,1,0,0,0,7,100,4,2895.7,1375.59,33.85
7.5705,147,2,2955.85,457.094,52.5676,-1.43505,0,1,1,257,0.2,7,100,4,2915.12,924.171,39.87
7.571,148,3,2920.89,731.878,47.792,-1.57991,0,1,1,289,0.35,7,100,4,2860.35,2108.84,31.99
7.5715,149,4,2895.7,1375.5,44.8999,-1.59035,0,1,1,257,0.2,7,100,4,2878.41,1773.24,33.63
7.572,150,3,2927.05,688.598,47.4728,-1.55652,0,1,1,353,0.4,7,100,4,2876.34,1819.98,33.2
7.5725,151,3,2923.18,748.321,49.82,-1.58602,0,1,1,353,0.4,7,100,4,2871.1,1938.42,37.19
7.5735,153,3,2915.13,924.056,52.8836,-1.59,0,1,1,353,0.4,7,100,4,2866.77,2036.18,37.18
7.573,152,3,2917.39,872.148,51.9546,-1.58842,0,1,1,353,0.4,7,100,4,2868.9,1987.87,36.52
7.5745,155,5,2878.41,1773.15,44.6061,-1.58908,0,1,1,321,0.25,7,100,4,2850.54,2418.33,35.76
7.575,156,5,2876.35,1819.89,44.0353,-1.58878,0,1,0,64,0.05,7,100,4,2862.31,2136.84,36.4
7.5755,157,6,2871.1,1938.33,49.3271,-1.58868,0,1,1,321,0.25,7,100,4,2860.04,2188.07,37.08
7.5765,159,6,2866.77,2036.08,49.3134,-1.58865,0,1,1,321,0.25,7,100,4,2834.58,2806.83,35.42
7.577,160,6,2864.5,2087.4,49.9894,-1.58897,0,1,1,321,0.25,7,100,4,2832.53,2852.28,34.53
7.5795,165,9,2834.59,2806.73,46.977,-1.58778,0,1,1,289,0.35,7,100,4,2796.73,3603.36,35.71
7.5805,167,9,2829.56,2919.28,51.3663,-1.58955,0,1,1,353,0.4,7,100,4,2780.81,3959.02,32.08
7.581,168,9,2827.25,2971.05,50.3712,-1.58788,0,1,1,353,0.4,7,100,4,2782.95,3913.26,33.15
7.5815,169,9,2824.81,3025.38,51.5776,-1.5879,0,1,1,353,0.4,7,100,4,2787.29,3889.2,39.25
7.582,170,9,2822.46,3077.38,51.1129,-1.58772,0,1,1,353,0.4,7,100,4,2779.03,4065.4,37.99
7.583,172,11,2803.26,3538.96,54.6136,-1.63041,0,1,1,321,0.25,7,100,4,2781.71,4008.32,37.88
7.5825,171,11,2796.73,3603.25,47.3587,-1.59139,0,1,1,321,0.25,7,100,4,2784.09,3957.46,38.22
7.5845,175,12,2787.29,3889.09,52.0529,-1.58595,0,1,1,353,0.4,7,100,4,2756.34,4573.75,35.07
7.584,174,12,2782.95,3913.17,43.9627,-1.58605,0,1,1,96,0.2,7,100,4,2758.15,4527.64,34.16
7.5855,177,12,2784.1,3957.4,50.6859,-1.58595,0,1,1,289,0.35,7,100,4,2747.65,4860.17,41.59
7.5835,173,12,2780.82,3958.92,42.5427,-1.58598,0,1,1,96,0.2,7,100,4,2760.02,4480.24,35.28
7.587,180,13,2758.15,4527.58,45.3006,-1.59351,0,1,1,289,0.35,7,100,4,2748.62,5065.9,40.67
7.588,182,13,2754.53,4619.64,48.4166,-1.59327,0,1,1,289,0.35,7,100,4,2759.03,5279.57,40.03
7.5885,183,14,2747.65,4860.06,55.1526,-1.61924,0,1,1,321,0.25,7,100,4,2957.15,418.099,24.78
7.5895,185,15,2745.36,5062.31,45.5777,-1.64577,0,1,1,321,0.25,7,100,4,2797.25,3528.98,24.58
7.5905,187,16,2755.93,5226.55,54.2094,-1.69112,0,1,1,321,0.25,7,100,4,2914.22,802.729,23.34
7.59,186,15,2748.61,5065.8,53.9305,-1.64543,0,1,1,321,0.25,7,100,4,2782.89,3846.2,24.62
7.589,184,15,2747.37,4969.21,48.6922,-1.64567,0,1,1,321,0.25,7,100,4,2916.08,831.254,24.66
7.591,188,16,2759.02,5279.46,53.0812,-1.69107,0,1,1,321,0.25,7,100,4,2899.89,1129.04,23.61
7.5935,193,3,2914.22,802.673,30.9491,-1.58543,0,1,1,32,0.15,7,100,4,2809.48,3310.02,32.94
7.5945,195,12,2786.5,3765.87,30.9089,-1.58875,0,1,1,32,0.15,7,100,4,2773.12,4151.16,33.03
7.5965,199,10,2809.49,3309.92,43.6769,-1.59452,0,1,0,0,0,7,100,4,2787.41,5760.69,32.65
7.597,200,12,2790.73,3742.24,42.9341,-1.5889,0,1,1,32,0.15,7,100,4,0,0,0
7.598,202,13,2755.66,4509.68,42.6285,-1.59292,0,1,1,32,0.15,7,100,4,0,0,0
7.599,204,16,2758.97,5333.51,43.8742,-1.69075,0,1,0,0,0,7,100,4,0,0,0
7.5995,205,18,2787.41,5760.6,43.2905,-1.69029,0,1,0,0,0,7,100,4,0,0,0
7.6015,9,9,2855.06,2784.95,36.6599,1.55666,0,1,1,32,0.15,7,100,4,2939.78,753.053,27.4
7.602,10,8,2869.67,2456.46,36.5536,1.54267,0,1,1,128,0.1,7,100,4,2828.51,6566.58,27.62
7.6025,11,7,2883.24,2126.79,36.5134,1.4272,0,1,0,0,0,7,100,4,2977.67,427.04,27.23
7.604,14,3,2926.86,1083.02,36.1548,1.5486,0,1,1,32,0.15,7,100,4,2791.94,5550.56,27.45
7.6045,15,3,2939.77,753.133,36.3268,1.54849,0,1,1,32,0.15,7,100,4,2768.07,5200.33,27.77
7.6055,17,2,2977.65,427.112,36.1009,1.71775,0,1,0,0,0,7,100,4,2780.21,4489.2,27.26
7.6075,21,16,2768.07,5200.41,36.8158,1.46262,0,1,0,0,0,7,100,4,2828.29,6483.31,40.21
7.608,22,14,2767.17,4839.32,36.4708,1.51419,0,1,0,0,0,7,100,4,2812.76,5994.44,34.54
7.609,24,13,2794.95,4155,36.0726,1.5536,0,1,1,32,0.15,7,100,4,2792.52,5620.51,35.94
7.6095,25,19,2813.65,5951.74,43.1913,1.45546,0,1,0,0,0,7,100,4,2803.56,5824.56,39.73
7.613,32,19,2809.64,5936.91,47.9613,1.45539,0,1,1,321,0.25,7,100,4,2760.4,4927.27,37.59
7.6135,33,18,2800.65,5770.71,52.8525,1.45566,0,1,1,321,0.25,7,100,4,2761.24,4797.23,37.49
7.614,34,18,2797.77,5717.61,51.8445,1.4554,0,1,1,321,0.25,7,100,4,2760.59,4877.44,36.64
7.6145,35,17,2782.22,5433.15,51.8837,1.45368,0,1,1,321,0.25,7,100,4,2762.71,4748.26,37.85
7.6155,37,17,2785.09,5484.64,52.334,1.45393,0,1,1,321,0.25,7,100,4,2766.02,4666.12,41.34
7.616,38,15,2760.4,4927.38,49.8282,1.51237,0,1,1,257,0.2,7,100,4,2771.89,4532.72,38.86
7.615,36,17,2787.97,5536.69,51.1533,1.45528,0,1,1,321,0.25,7,100,4,2775.24,4456.33,38.74
7.618,42,13,2775.24,4456.38,51.3512,1.55367,0,1,1,353,0.4,7,100,4,2785.55,4222.7,41.6
7.6185,43,14,2766.01,4666.24,54.7971,1.55383,0,1,1,321,0.25,7,100,4,2792.9,4056.27,40.44
7.619,44,13,2771.88,4532.83,51.5093,1.55383,0,1,1,353,0.4,7,100,4,2832,3191.61,34.79
7.6195,45,13,2778.69,4378.11,50.7136,1.55376,0,1,1,353,0.4,7,100,4,2807.24,3722.03,40.92
7.6205,47,12,2795.21,4003.88,54.1195,1.55396,0,1,1,289,0.35,7,100,4,2821.01,3443.27,38.42
7.62,46,13,2781.66,4310.67,54.013,1.55406,0,1,1,353,0.4,7,100,4,2818.27,3494.95,38.82
7.6215,49,12,2792.89,4056.39,53.6016,1.55391,0,1,1,289,0.35,7,100,4,2845.59,2916.95,37.08
7.622,50,10,2831.99,3191.71,46.1123,1.56487,0,1,1,257,0.2,7,100,4,2839.55,3016.98,37.78
7.6235,53,11,2821.01,3443.38,50.9228,1.56307,0,1,1,257,0.2,7,100,4,2859.46,2624.74,38.4
7.624,54,10,2834.25,3144.36,45.7533,1.55169,0,1,1,321,0.25,7,100,4,2878.92,2201.47,32.68
7.6245,55,9,2845.58,2917.05,49.1459,1.55745,0,1,1,353,0.4,7,100,4,2863.47,2538.93,38.83
7.625,56,9,2839.55,3017.07,50.0731,1.55157,0,1,1,353,0.4,7,100,4,2887.88,1925.6,32
7.626,58,9,2852.96,2761.49,47.8461,1.5574,0,1,1,353,0.4,7,100,4,2882.95,1978.44,35.5
7.6255,57,9,2842.27,2967.16,49.7144,1.59737,0,1,1,353,0.4,7,100,4,2881.41,2025.85,35.52
7.627,60,7,2878.92,2201.56,43.3125,1.54249,0,1,0,0,0,7,100,4,2895.23,1714.22,37.29
7.628,62,6,2887.88,1925.67,42.4108,1.54352,0,1,0,64,0.05,7,100,4,2904.37,1537.71,36.58
7.6285,63,6,2881.41,2025.92,47.0756,1.54276,0,1,1,321,0.25,7,100,4,2901.46,1531.84,37.74
7.629,64,6,2882.95,1978.55,47.0485,1.54252,0,1,1,321,0.25,7,100,4,2929.74,927.627,29.37
7.6295,65,6,2884.55,1929.44,48.1219,1.54292,0,1,1,321,0.25,7,100,4,2928.87,949.168,40.72
7.63,66,5,2895.23,1714.32,49.4199,1.56192,0,1,1,321,0.25,7,100,4,2924.07,990.669,40.95
7.6305,67,5,2897.85,1663.77,48.7701,1.5618,0,1,1,321,0.25,7,100,4,2928.04,889.028,38.63
7.6315,69,4,2901.46,1531.94,50.0153,1.56185,0,1,1,257,0.2,7,100,4,2937.16,671.014,33.83
7.6325,71,3,2928.86,949.284,53.9641,1.54737,0,1,1,353,0.4,7,100,4,2949.31,575.225,34.74
7.633,72,3,2924.06,990.763,54.2684,1.54928,0,1,1,353,0.4,7,100,4,3011.37,258.967,22.75
7.634,74,3,2939.04,693.112,44.3285,1.55336,0,1,1,289,0.35,7,100,4,2832.6,6515,24.94
7.6355,77,2,2949.3,575.325,46.037,1.56252,0,1,1,257,0.2,7,100,4,2842.88,3091.16,24.62
7.636,78,1,3011.35,259.029,30.1478,1.79816,0,1,0,0,0,7,100,4,2857.72,2796.27,24.38
7.64,86,7,2881.99,2205.7,32.7829,1.5428,0,1,0,0,0,7,100,4,2812.46,5870.35,24.38
7.6425,91,3,2948.06,652.586,32.7552,1.60866,0,1,1,32,0.15,7,100,4,2770.2,4644.06,24.52
7.6455,97,14,2770.19,4644.13,32.4888,1.55467,0,1,0,0,0,7,100,4,2840.02,3159.68,23.59
7.646,98,13,2787.54,4322.86,32.5415,1.55502,0,1,1,32,0.15,7,100,4,2854.53,2863.61,23.31
7.647,100,12,2810.32,3725.03,32.5278,1.55059,0,1,1,32,0.15,7,100,4,2879.49,2282.76,23.04
7.6485,103,10,2840.02,3159.74,31.2551,1.55267,0,1,0,0,0,7,100,4,2917.03,1415.25,23.2
7.65,106,7,2879.49,2282.83,30.5257,1.54289,0,1,0,0,0,7,100,4,2958.2,566.866,23.52
7.651,108,5,2901.13,1724.35,31.2009,1.56264,0,1,0,0,0,7,100,4,3001.13,295.688,23.09
7.6515,109,4,2917.02,1415.32,30.737,1.55224,0,1,0,0,0,7,100,4,2775.62,5222.56,23.54
7.653,112,2,2958.19,566.934,31.1603,1.65299,0,1,0,0,0,7,100,4,2784.88,4383.03,23.3
7.654,114,1,3001.11,295.753,30.5901,1.775,0,1,0,0,0,7,100,4,2812.23,3757.8,23.06
7.655,116,15,2766.76,4926.24,30.6824,1.51567,0,1,0,0,0,7,100,4,2780.67,4405.79,32.62
7.6565,119,12,2800.41,4031.52,30.9599,1.55503,0,1,1,32,0.15,7,100,4,2835.5,3114.44,32.59
7.658,122,13,2780.67,4405.88,43.2131,1.55486,0,1,1,32,0.15,7,100,4,2886.32,1973.36,32.52
7.6585,123,12,2801.59,3859.45,43.6896,1.55532,0,1,1,32,0.15,7,100,4,2900.74,1607.72,32.6
7.659,124,11,2816.68,3583.97,43.8879,1.5666,0,1,0,0,0,7,100,4,2922.78,1105.33,33.1
7.66,126,9,2853.38,2820.1,42.8806,1.55765,0,1,1,32,0.15,7,100,4,2996.83,325.131,26.64
7.6625,131,3,2933.53,749.011,43.3029,1.5503,0,1,1,32,0.15,7,100,4,2763.84,4865.77,32.93
7.663,132,1,2996.81,325.206,35.2884,1.75644,0,1,0,0,0,7,100,4,2814.45,3113.36,27.61
7.667,140,12,2788.3,3797.99,36.6639,-1.58656,0,1,1,32,0.15,7,100,4,2975.79,362.986,40.95
7.6675,141,13,2769.6,4198.06,36.2794,-1.58351,0,1,1,32,0.15,7,100,4,2956.61,453.319,39.63
7.668,142,13,2752.79,4501.19,33.2459,-1.59079,0,1,1,32,0.15,7,100,4,2921.07,728.377,36.03
7.6685,143,14,2742.33,4809.4,36.133,-1.60419,0,1,0,0,0,7,100,4,2895.84,1372.21,33.85
7.6705,147,2,2956.63,453.208,52.4896,-1.43199,0,1,1,257,0.2,7,100,4,2915.29,920.188,39.87
7.671,148,3,2921.08,728.28,47.721,-1.57685,0,1,1,289,0.35,7,100,4,2860.49,2105.65,31.99
7.6715,149,4,2895.84,1372.12,44.8333,-1.58729,0,1,1,257,0.2,7,100,4,2878.55,1769.88,33.63
7.672,150,3,2927.32,685.03,47.4023,-1.55346,0,1,1,353,0.4,7,100,4,2876.49,1816.66,33.2
7.673,152,3,2917.57,868.235,51.8784,-1.58539,0,1,1,353,0.4,7,100,4,2869.06,1984.26,36.52
7.6735,153,3,2915.3,920.073,52.8051,-1.58693,0,1,1,353,0.4,7,100,4,2866.93,2032.47,37.18
7.6725,151,3,2923.36,744.569,49.7451,-1.58291,0,1,1,353,0.4,7,100,4,2871.26,1934.65,37.19
7.675,156,5,2876.49,1816.57,43.9701,-1.58572,0,1,0,64,0.05,7,100,4,2862.47,2133.22,36.4
7.6755,157,6,2871.26,1934.61,49.2541,-1.58562,0,1,1,321,0.25,7,100,4,2860.21,2184.38,37.08
7.6745,155,5,2878.56,1769.79,44.5389,-1.58597,0,1,1,321,0.25,7,100,4,2850.68,2414.7,35.76
7.6765,159,6,2866.94,2032.36,49.24,-1.58557,0,1,1,321,0.25,7,100,4,2834.74,2803.28,35.42
7.677,160,6,2864.66,2083.64,49.915,-1.58589,0,1,1,321,0.25,7,100,4,2832.68,2848.83,34.53
7.6795,165,9,2834.75,2803.19,46.9071,-1.5847,0,1,1,289,0.35,7,100,4,2796.88,3599.79,35.71
7.6805,167,9,2829.72,2915.41,51.2898,-1.58646,0,1,1,353,0.4,7,100,4,2780.96,3955.81,32.08
7.681,168,9,2827.42,2967.25,50.2962,-1.58479,0,1,1,353,0.4,7,100,4,2783.11,3909.95,33.15
7.6815,169,9,2824.98,3021.49,51.5007,-1.58481,0,1,1,353,0.4,7,100,4,2787.47,3885.28,39.25
7.682,170,9,2822.64,3073.53,51.0368,-1.58462,0,1,1,353,0.4,7,100,4,2779.21,4061.61,37.99
7.6825,171,11,2796.88,3599.68,47.2887,-1.58833,0,1,1,321,0.25,7,100,4,2784.27,3953.68,38.22
7.6835,173,12,2780.97,3955.72,42.4813,-1.58298,0,1,1,96,0.2,7,100,4,2760.16,4476.83,35.28
7.684,174,12,2783.11,3909.86,43.8979,-1.58298,0,1,1,96,0.2,7,100,4,2758.28,4524.27,34.16
7.683,172,11,2803.27,3534.84,54.5312,-1.62728,0,1,1,321,0.25,7,100,4,2781.89,4004.48,37.88
7.6845,175,12,2787.48,3885.17,51.975,-1.58284,0,1,1,353,0.4,7,100,4,2756.47,4570.24,35.07
7.6855,177,12,2784.27,3953.58,50.6101,-1.58284,0,1,1,289,0.35,7,100,4,2747.7,4856,41.59
7.687,180,13,2758.29,4524.17,45.2333,-1.59042,0,1,1,289,0.35,7,100,4,2748.56,5061.85,40.67
7.688,182,13,2754.67,4615.99,48.3444,-1.59016,0,1,1,289,0.35,7,100,4,2758.79,5275.58,40.03
7.6885,183,14,2747.71,4855.91,55.0705,-1.61614,0,1,1,321,0.25,7,100,4,2957.64,415.679,24.78
7.689,184,15,2747.32,4965.54,48.6215,-1.64264,0,1,1,321,0.25,7,100,4,2916.19,828.861,24.66
7.69,186,15,2748.56,5061.74,53.8512,-1.64236,0,1,1,321,0.25,7,100,4,2783,3843.78,24.62
7.6905,187,16,2755.69,5222.47,54.1288,-1.68802,0,1,1,321,0.25,7,100,4,2914.33,800.408,23.34
7.6895,185,15,2745.32,5058.87,45.5086,-1.64261,0,1,1,321,0.25,7,100,4,2797.2,3526.48,24.58
7.691,188,16,2758.79,5275.46,53.0023,-1.68797,0,1,1,321,0.25,7,100,4,2899.99,1126.7,23.61
7.6935,193,3,2914.33,800.342,30.9029,-1.5823,0,1,1,32,0.15,7,100,4,2809.61,3306.73,32.94
7.6945,195,12,2786.6,3763.54,30.8627,-1.58562,0,1,1,32,0.15,7,100,4,2772.96,4147.86,33.03
7.6965,199,10,2809.61,3306.63,43.6115,-1.59139,0,1,0,0,0,7,100,4,2787.23,5757.43,32.65
7.697,200,12,2790.87,3739,42.8698,-1.58576,0,1,1,32,0.15,7,100,4,0,0,0
7.698,202,13,2755.79,4506.46,42.5646,-1.58978,0,1,1,32,0.15,7,100,4,0,0,0
7.699,204,16,2758.78,5330.21,43.8085,-1.6876,0,1,0,0,0,7,100,4,0,0,0
7.6995,205,18,2787.22,5757.34,43.2256,-1.68715,0,1,0,0,0,7,100,4,0,0,0
7.7015,9,9,2854.93,2787.71,36.605,1.55981,0,1,1,32,0.15,7,100,4,2939.67,755.791,27.4
7.702,10,8,2869.57,2459.21,36.4987,1.54582,0,1,1,128,0.1,7,100,4,2828.27,6569.34,27.62
7.7025,11,7,2883.47,2129.53,36.4587,1.43035,0,1,0,0,0,7,100,4,2977.11,429.705,27.23
7.704,14,3,2926.76,1085.74,36.1005,1.55176,0,1,1,32,0.15,7,100,4,2792.09,5553.3,27.45
7.7045,15,3,2939.67,755.87,36.2723,1.55165,0,1,1,32,0.15,7,100,4,2768.2,5203.11,27.77
7.7055,17,2,2977.09,429.776,36.0467,1.72091,0,1,0,0,0,7,100,4,2780.09,4491.93,27.26
7.7075,21,16,2768.2,5203.19,36.7604,1.46579,0,1,0,0,0,7,100,4,2828.06,6487.33,40.21
7.708,22,14,2767.16,4842.07,36.416,1.51736,0,1,0,0,0,7,100,4,2812.94,5997.89,34.54
7.709,24,13,2794.83,4157.72,36.0183,1.55677,0,1,1,32,0.15,7,100,4,2792.71,5624.1,35.94
7.7095,25,19,2813.83,5955,43.1263,1.45863,0,1,0,0,0,7,100,4,2803.78,5828.52,39.73
7.713,32,19,2809.84,5940.52,47.8891,1.45857,0,1,1,321,0.25,7,100,4,2760.39,4931.03,37.59
7.7135,33,18,2800.86,5774.7,52.7729,1.45885,0,1,1,321,0.25,7,100,4,2761.15,4800.98,37.49
7.714,34,18,2797.98,5721.51,51.7664,1.45859,0,1,1,321,0.25,7,100,4,2760.57,4881.1,36.64
7.7145,35,17,2782.44,5437.06,51.8057,1.45686,0,1,1,321,0.25,7,100,4,2762.57,4752.04,37.85
7.715,36,17,2788.18,5540.54,51.0773,1.45843,0,1,1,321,0.25,7,100,4,2775.07,4460.15,38.74
7.7155,37,17,2785.31,5488.58,52.2547,1.45713,0,1,1,321,0.25,7,100,4,2765.84,4670.27,41.34
7.716,38,15,2760.39,4931.13,49.753,1.51557,0,1,1,257,0.2,7,100,4,2771.72,4536.61,38.86
7.718,42,13,2775.07,4460.25,51.2737,1.55687,0,1,1,353,0.4,7,100,4,2785.37,4226.85,41.6
7.7185,43,14,2765.83,4670.37,54.7144,1.55703,0,1,1,321,0.25,7,100,4,2792.72,4060.31,40.44
7.719,44,13,2771.71,4536.71,51.4316,1.55702,0,1,1,353,0.4,7,100,4,2831.81,3195.08,34.79
7.7195,45,13,2778.52,4381.93,50.6369,1.55697,0,1,1,353,0.4,7,100,4,2807.08,3726.12,40.92
7.7205,47,12,2795.03,4007.96,54.0378,1.55716,0,1,1,289,0.35,7,100,4,2820.81,3447.1,38.42
7.72,46,13,2781.48,4314.74,53.9314,1.55727,0,1,1,353,0.4,7,100,4,2818.06,3498.83,38.82
7.7215,49,12,2792.72,4060.43,53.5205,1.55713,0,1,1,289,0.35,7,100,4,2845.41,2920.66,37.08
7.722,50,10,2831.8,3195.18,46.0425,1.56809,0,1,1,257,0.2,7,100,4,2839.4,3020.76,37.78
7.7235,53,11,2820.8,3447.21,50.8459,1.56628,0,1,1,257,0.2,7,100,4,2859.27,2628.57,38.4
7.724,54,10,2834.11,3147.81,45.6841,1.55491,0,1,1,321,0.25,7,100,4,2878.81,2204.73,32.68
7.7245,55,9,2845.41,2920.75,49.0715,1.56067,0,1,1,353,0.4,7,100,4,2863.3,2542.81,38.83
7.725,56,9,2839.39,3020.85,49.9973,1.55479,0,1,1,353,0.4,7,100,4,2887.77,1928.8,32
7.726,58,9,2852.79,2765.1,47.7737,1.56062,0,1,1,353,0.4,7,100,4,2882.84,1981.99,35.5
7.7255,57,9,2841.94,2970.9,49.6392,1.6006,0,1,1,353,0.4,7,100,4,2881.3,2029.4,35.52
7.727,60,7,2878.81,2204.83,43.2469,1.54572,0,1,0,0,0,7,100,4,2895.04,1717.95,37.29
7.728,62,6,2887.77,1928.87,42.3466,1.54675,0,1,0,64,0.05,7,100,4,2904.18,1541.36,36.58
7.7285,63,6,2881.3,2029.47,47.0043,1.54598,0,1,1,321,0.25,7,100,4,2901.27,1535.61,37.74
7.729,64,6,2882.83,1982.09,46.9774,1.54574,0,1,1,321,0.25,7,100,4,2929.62,930.558,29.37
7.7295,65,6,2884.43,1933.06,48.0487,1.54617,0,1,1,321,0.25,7,100,4,2928.72,953.252,40.72
7.7305,67,5,2897.66,1667.45,48.6967,1.56501,0,1,1,321,0.25,7,100,4,2927.89,892.861,38.63
7.73,66,5,2895.04,1718.05,49.3446,1.56517,0,1,1,321,0.25,7,100,4,2923.91,994.782,40.95
7.7315,69,4,2901.26,1535.71,49.9394,1.56509,0,1,1,257,0.2,7,100,4,2936.91,674.39,33.83
7.7325,71,3,2928.71,953.353,53.8823,1.55061,0,1,1,353,0.4,7,100,4,2949.13,578.694,34.74
7.733,72,3,2923.9,994.855,54.1861,1.55253,0,1,1,353,0.4,7,100,4,3010.72,261.148,22.75
7.734,74,3,2938.89,696.454,44.2613,1.5566,0,1,1,289,0.35,7,100,4,2832.42,6517.49,24.94
7.735,76,3,2941.11,625.644,44.8428,1.61586,0,1,1,32,0.15,7,100,4,2828.72,3418.91,24.67
7.7355,77,2,2949.12,578.794,45.9671,1.56577,0,1,1,257,0.2,7,100,4,2842.78,3093.62,24.62
7.736,78,1,3010.7,261.21,30.1019,1.80142,0,1,0,0,0,7,100,4,2857.61,2798.71,24.38
7.74,86,7,2881.91,2208.17,32.7331,1.54606,0,1,0,0,0,7,100,4,2812.59,5872.78,24.38
7.7425,91,3,2947.82,655.046,32.7054,1.61193,0,1,1,32,0.15,7,100,4,2770.09,4646.51,24.52
7.7455,97,14,2770.09,4646.58,32.4393,1.55795,0,1,0,0,0,7,100,4,2839.92,3162.03,23.59
7.746,98,13,2787.43,4325.31,32.4919,1.5583,0,1,1,32,0.15,7,100,4,2854.42,2865.93,23.31
7.747,100,12,2810.23,3727.49,32.4782,1.55388,0,1,1,32,0.15,7,100,4,2879.42,2285.06,23.04
7.7485,103,10,2839.92,3162.1,31.2075,1.55596,0,1,0,0,0,7,100,4,2916.93,1417.57,23.2
7.75,106,7,2879.41,2285.13,30.4791,1.54619,0,1,0,0,0,7,100,4,2957.87,569.195,23.52
7.751,108,5,2901,1726.7,31.1533,1.56593,0,1,0,0,0,7,100,4,3000.53,297.917,23.09
7.7515,109,4,2916.93,1417.64,30.6901,1.55553,0,1,0,0,0,7,100,4,2775.75,5224.91,23.54
7.753,112,2,2957.86,569.262,31.1127,1.65629,0,1,0,0,0,7,100,4,2784.78,4385.35,23.3
7.754,114,1,3000.51,297.982,30.5434,1.77831,0,1,0,0,0,7,100,4,2812.14,3760.1,23.06
7.755,116,15,2766.75,4928.56,30.6355,1.51897,0,1,0,0,0,7,100,4,2780.53,4409.04,32.62
7.7565,119,12,2800.3,4033.86,30.9126,1.55834,0,1,1,32,0.15,7,100,4,2835.37,3117.7,32.59
7.758,122,13,2780.53,4409.14,43.147,1.55818,0,1,1,32,0.15,7,100,4,2886.22,1976.61,32.52
7.7585,123,12,2801.44,3862.74,43.6228,1.55864,0,1,1,32,0.15,7,100,4,2900.58,1610.97,32.6
7.759,124,11,2816.49,3587.28,43.8207,1.56992,0,1,0,0,0,7,100,4,2922.65,1108.63,33.1
7.76,126,9,2853.23,2823.33,42.815,1.56097,0,1,1,32,0.15,7,100,4,2996.18,327.715,26.64
7.7625,131,3,2933.4,752.277,43.2365,1.55363,0,1,1,32,0.15,7,100,4,2763.83,4869.06,32.93
7.763,132,1,2996.16,327.79,35.2344,1.75977,0,1,0,0,0,7,100,4,2814.57,3110.6,27.61
7.767,140,12,2788.42,3795.22,36.6076,-1.58322,0,1,1,32,0.15,7,100,4,2976.75,359.004,40.95
7.7675,141,13,2769.73,4195.32,36.2238,-1.58017,0,1,1,32,0.15,7,100,4,2957.39,449.433,39.63
7.768,142,13,2752.89,4498.68,33.1948,-1.58744,0,1,1,32,0.15,7,100,4,2921.27,724.776,36.03
7.7685,143,14,2742.41,4806.67,36.0776,-1.60085,0,1,0,0,0,7,100,4,2895.99,1368.83,33.85
7.7705,147,2,2957.41,449.323,52.409,-1.42864,0,1,1,257,0.2,7,100,4,2915.47,916.204,39.87
7.771,148,3,2921.27,724.682,47.6477,-1.5735,0,1,1,289,0.35,7,100,4,2860.63,2102.45,31.99
7.7715,149,4,2895.99,1368.74,44.7644,-1.58393,0,1,1,257,0.2,7,100,4,2878.7,1766.52,33.63
7.772,150,3,2927.6,681.461,47.3295,-1.55011,0,1,1,353,0.4,7,100,4,2876.64,1813.34,33.2
7.7725,151,3,2923.54,740.817,49.6696,-1.5796,0,1,1,353,0.4,7,100,4,2871.43,1930.99,37.19
7.7735,153,3,2915.47,916.089,52.7239,-1.58357,0,1,1,353,0.4,7,100,4,2867.1,2028.76,37.18
7.773,152,3,2917.74,864.322,51.7977,-1.58199,0,1,1,353,0.4,7,100,4,2869.23,1980.57,36.52
7.7745,155,5,2878.71,1766.43,44.4712,-1.58265,0,1,1,321,0.25,7,100,4,2850.81,2411.18,35.76
7.7755,157,6,2871.43,1930.9,49.1783,-1.58226,0,1,1,321,0.25,7,100,4,2860.37,2180.68,37.08
7.775,156,5,2876.64,1813.26,43.9017,-1.58232,0,1,0,64,0.05,7,100,4,2862.63,2129.54,36.4
7.7765,159,6,2867.1,2028.65,49.164,-1.5822,0,1,1,321,0.25,7,100,4,2834.9,2799.74,35.42
7.777,160,6,2864.83,2079.87,49.838,-1.58251,0,1,1,321,0.25,7,100,4,2832.84,2845.37,34.53
7.7795,165,9,2834.91,2799.65,46.8348,-1.58132,0,1,1,289,0.35,7,100,4,2797.02,3596.22,35.71
7.7805,167,9,2829.89,2911.54,51.2107,-1.58309,0,1,1,353,0.4,7,100,4,2781.11,3952.61,32.08
7.781,168,9,2827.6,2963.46,50.2186,-1.58141,0,1,1,353,0.4,7,100,4,2783.26,3906.64,33.15
7.7815,169,9,2825.16,3017.61,51.4213,-1.58142,0,1,1,353,0.4,7,100,4,2787.66,3881.36,39.25
7.782,170,9,2822.81,3069.68,50.9583,-1.58125,0,1,1,353,0.4,7,100,4,2779.39,4057.83,37.99
7.7825,171,11,2797.03,3596.12,47.216,-1.58495,0,1,1,321,0.25,7,100,4,2784.45,3949.87,38.22
7.783,172,11,2803.28,3530.73,54.4477,-1.62392,0,1,1,321,0.25,7,100,4,2782.06,4000.73,37.88
7.784,174,12,2783.26,3906.54,43.8302,-1.57959,0,1,1,96,0.2,7,100,4,2758.42,4520.86,34.16
7.7845,175,12,2787.66,3881.25,51.8945,-1.57944,0,1,1,353,0.4,7,100,4,2756.61,4566.72,35.07
7.7835,173,12,2781.12,3952.51,42.4143,-1.57952,0,1,1,96,0.2,7,100,4,2760.3,4473.23,35.28
7.7855,177,12,2784.45,3949.76,50.5321,-1.57945,0,1,1,289,0.35,7,100,4,2747.76,4851.85,41.59
7.787,180,13,2758.42,4520.76,45.1634,-1.58702,0,1,1,289,0.35,7,100,4,2748.51,5057.79,40.67
7.788,182,13,2754.81,4612.34,48.2697,-1.58676,0,1,1,353,0.4,7,100,4,2758.56,5271.58,40.03
7.7885,183,14,2747.76,4851.75,54.9854,-1.61274,0,1,1,321,0.25,7,100,4,2958.13,413.249,24.78
7.789,184,15,2747.27,4961.87,48.5464,-1.63924,0,1,1,321,0.25,7,100,4,2916.3,826.399,24.66
7.7895,185,15,2745.27,5055.44,45.439,-1.63924,0,1,1,321,0.25,7,100,4,2797.14,3524.06,24.58
7.79,186,15,2748.51,5057.67,53.7675,-1.63894,0,1,1,321,0.25,7,100,4,2783.12,3841.31,24.62
7.7905,187,16,2755.45,5218.39,54.0449,-1.6846,0,1,1,321,0.25,7,100,4,2914.44,798.072,23.34
7.791,188,16,2758.55,5271.46,52.9207,-1.68458,0,1,1,321,0.25,7,100,4,2900.09,1124.35,23.61
7.7935,193,3,2914.44,798.01,30.855,-1.57889,0,1,1,32,0.15,7,100,4,2809.73,3303.44,32.94
7.7945,195,12,2786.7,3761.21,30.8149,-1.5822,0,1,1,32,0.15,7,100,4,2772.8,4144.56,33.03
7.7965,199,10,2809.74,3303.34,43.544,-1.58796,0,1,0,0,0,7,100,4,2787.04,5754.17,32.65
7.797,200,12,2791.01,3735.77,42.8033,-1.58234,0,1,1,32,0.15,7,100,4,0,0,0
7.798,202,13,2755.91,4503.25,42.4986,-1.58636,0,1,1,32,0.15,7,100,4,0,0,0
7.799,204,16,2758.59,5326.91,43.7405,-1.68417,0,1,0,0,0,7,100,4,0,0,0
7.7995,205,18,2787.03,5754.08,43.1585,-1.68372,0,1,0,0,0,7,100,4,0,0,0
7.8015,9,9,2854.8,2790.48,36.5481,1.56325,0,1,1,32,0.15,7,100,4,2939.56,758.529,27.4
7.802,10,8,2869.48,2461.97,36.4421,1.54926,0,1,1,128,0.1,7,100,4,2828.03,6572.09,27.62
7.8025,11,7,2883.69,2132.28,36.4021,1.43379,0,1,0,0,0,7,100,4,2976.54,432.368,27.23
7.804,14,3,2926.65,1088.47,36.0444,1.5552,0,1,1,32,0.15,7,100,4,2792.24,5556.04,27.45
7.8045,15,3,2939.56,758.608,36.2159,1.55509,0,1,1,32,0.15,7,100,4,2768.33,5205.88,27.77
7.8055,17,2,2976.53,432.44,35.9907,1.72436,0,1,0,0,0,7,100,4,2779.97,4494.65,27.26
7.8075,21,16,2768.33,5205.96,36.7033,1.46924,0,1,0,0,0,7,100,4,2827.83,6491.34,40.21
7.808,22,14,2767.15,4844.82,36.3593,1.52082,0,1,0,0,0,7,100,4,2813.13,6001.34,34.54
7.809,24,13,2794.71,4160.44,35.9623,1.56023,0,1,1,32,0.15,7,100,4,2792.91,5627.69,35.94
7.8095,25,19,2814,5958.25,43.0592,1.46209,0,1,0,0,0,7,100,4,2803.99,5832.49,39.73
7.813,32,19,2810.03,5944.14,47.8145,1.46204,0,1,1,321,0.25,7,100,4,2760.38,4934.78,37.59
7.8135,33,18,2801.08,5778.68,52.6906,1.46232,0,1,1,321,0.25,7,100,4,2761.06,4804.73,37.49
7.814,34,18,2798.2,5725.42,51.6857,1.46206,0,1,1,321,0.25,7,100,4,2760.55,4884.77,36.64
7.8145,35,17,2782.65,5440.97,51.7249,1.46034,0,1,1,321,0.25,7,100,4,2762.44,4755.82,37.85
7.815,36,17,2788.39,5544.39,50.9976,1.4619,0,1,1,321,0.25,7,100,4,2774.9,4464.02,38.74
7.816,38,15,2760.38,4934.89,49.6755,1.51904,0,1,1,257,0.2,7,100,4,2771.54,4540.48,38.86
7.8155,37,17,2785.53,5492.53,52.1727,1.46063,0,1,1,321,0.25,7,100,4,2765.65,4674.43,41.34
7.818,42,13,2774.9,4464.12,51.1936,1.56035,0,1,1,353,0.4,7,100,4,2785.18,4231.01,41.6
7.8185,43,14,2765.65,4674.5,54.629,1.56052,0,1,1,321,0.25,7,100,4,2792.54,4064.35,40.44
7.819,44,13,2771.54,4540.6,51.3513,1.56051,0,1,1,353,0.4,7,100,4,2831.61,3198.56,34.79
7.8195,45,13,2778.35,4385.75,50.5579,1.56045,0,1,1,353,0.4,7,100,4,2806.91,3730.2,40.92
7.82,46,13,2781.3,4318.81,53.8481,1.56072,0,1,1,353,0.4,7,100,4,2817.86,3502.66,38.82
7.8205,47,12,2794.85,4012.04,53.9532,1.56066,0,1,1,289,0.35,7,100,4,2820.61,3450.95,38.42
7.8215,49,12,2792.54,4064.47,53.4369,1.56062,0,1,1,289,0.35,7,100,4,2845.23,2924.36,37.08
7.822,50,10,2831.61,3198.65,45.9706,1.57158,0,1,1,257,0.2,7,100,4,2839.24,3024.53,37.78
7.8235,53,11,2820.6,3451.05,50.7664,1.56978,0,1,1,257,0.2,7,100,4,2859.09,2632.41,38.4
7.824,54,10,2833.96,3151.26,45.6127,1.55841,0,1,1,321,0.25,7,100,4,2878.71,2208,32.68
7.8245,55,9,2845.23,2924.46,48.9948,1.56417,0,1,1,353,0.4,7,100,4,2863.13,2546.68,38.83
7.825,56,9,2839.23,3024.62,49.9193,1.55829,0,1,1,353,0.4,7,100,4,2887.67,1931.99,32
7.8255,57,9,2841.61,2974.64,49.562,1.60408,0,1,1,353,0.4,7,100,4,2881.18,2032.93,35.52
7.826,58,9,2852.62,2768.71,47.6985,1.56414,0,1,1,353,0.4,7,100,4,2882.72,1985.56,35.5
7.827,60,7,2878.7,2208.09,43.1793,1.54922,0,1,0,0,0,7,100,4,2894.85,1721.67,37.29
7.828,62,6,2887.66,1932.07,42.2802,1.55026,0,1,0,64,0.05,7,100,4,2903.99,1545.01,36.58
7.8285,63,6,2881.18,2033.02,46.9307,1.5495,0,1,1,321,0.25,7,100,4,2901.07,1539.38,37.74
7.829,64,6,2882.72,1985.64,46.9038,1.54926,0,1,1,321,0.25,7,100,4,2929.51,933.493,29.37
7.8295,65,6,2884.31,1936.69,47.9735,1.54968,0,1,1,321,0.25,7,100,4,2928.56,957.316,40.72
7.83,66,5,2894.84,1721.77,49.2681,1.56865,0,1,1,321,0.25,7,100,4,2923.75,998.829,40.95
7.8305,67,5,2897.47,1671.12,48.6199,1.56855,0,1,1,321,0.25,7,100,4,2927.74,896.742,38.63
7.8315,69,4,2901.07,1539.48,49.8613,1.5686,0,1,1,257,0.2,7,100,4,2936.67,677.755,33.83
7.8325,71,3,2928.56,957.423,53.7977,1.55413,0,1,1,353,0.4,7,100,4,2948.95,582.163,34.74
7.833,72,3,2923.74,998.947,54.1011,1.55605,0,1,1,353,0.4,7,100,4,3010.08,263.33,22.75
7.834,74,3,2938.75,699.795,44.1918,1.56013,0,1,1,289,0.35,7,100,4,2832.23,6519.98,24.94
7.835,76,3,2940.76,629.015,44.7724,1.61939,0,1,1,289,0.35,7,100,4,2828.59,3421.37,24.67
7.8355,77,2,2948.94,582.263,45.895,1.5693,0,1,1,257,0.2,7,100,4,2842.68,3096.08,24.62
7.836,78,1,3010.06,263.392,30.0548,1.80494,0,1,0,0,0,7,100,4,2857.49,2801.14,24.38
7.84,86,7,2881.83,2210.64,32.6816,1.5496,0,1,0,0,0,7,100,4,2812.72,5875.21,24.38
7.8425,91,3,2947.58,657.506,32.6539,1.61548,0,1,1,32,0.15,7,100,4,2769.98,4648.96,24.52
7.8455,97,14,2769.98,4649.03,32.3882,1.56151,0,1,0,0,0,7,100,4,2839.82,3164.39,23.59
7.846,98,13,2787.32,4327.77,32.4407,1.56186,0,1,1,32,0.15,7,100,4,2854.31,2868.26,23.31
7.847,100,12,2810.13,3729.94,32.427,1.55744,0,1,1,32,0.15,7,100,4,2879.34,2287.37,23.04
7.8485,103,10,2839.82,3164.46,31.1583,1.55952,0,1,0,0,0,7,100,4,2916.83,1419.89,23.2
7.85,106,7,2879.34,2287.43,30.4311,1.54975,0,1,0,0,0,7,100,4,2957.54,571.523,23.52
7.851,108,5,2900.88,1729.05,31.1042,1.5695,0,1,0,0,0,7,100,4,2999.93,300.146,23.09
7.8515,109,4,2916.83,1419.96,30.6416,1.5591,0,1,0,0,0,7,100,4,2775.87,5227.26,23.54
7.853,112,2,2957.53,571.59,31.0636,1.65987,0,1,0,0,0,7,100,4,2784.67,4387.68,23.3
7.854,114,1,2999.91,300.211,30.4951,1.78189,0,1,0,0,0,7,100,4,2812.05,3762.41,23.06
7.855,116,15,2766.74,4930.87,30.5871,1.52255,0,1,0,0,0,7,100,4,2780.39,4412.3,32.62
7.8565,119,12,2800.2,4036.19,30.8637,1.56192,0,1,1,32,0.15,7,100,4,2835.23,3120.95,32.59
7.858,122,13,2780.38,4412.4,43.0787,1.56177,0,1,1,32,0.15,7,100,4,2886.11,1979.86,32.52
7.8585,123,12,2801.3,3866.04,43.5538,1.56223,0,1,1,32,0.15,7,100,4,2900.41,1614.23,32.6
7.859,124,11,2816.31,3590.59,43.7514,1.57351,0,1,0,0,0,7,100,4,2922.52,1111.94,33.1
7.86,126,9,2853.08,2826.57,42.7472,1.56457,0,1,1,32,0.15,7,100,4,2995.53,330.299,26.64
7.8625,131,3,2933.27,755.544,43.168,1.55723,0,1,1,32,0.15,7,100,4,2763.81,4872.36,32.93
7.863,132,1,2995.52,330.374,35.1785,1.76338,0,1,0,0,0,7,100,4,2814.69,3107.84,27.61
7.867,140,12,2788.54,3792.46,36.5496,-1.57961,0,1,1,32,0.15,7,100,4,2977.7,355.022,40.95
7.8675,141,13,2769.86,4192.59,36.1663,-1.57655,0,1,1,32,0.15,7,100,4,2958.17,445.548,39.63
7.868,142,13,2752.99,4496.17,33.1422,-1.58383,0,1,1,32,0.15,7,100,4,2921.46,721.183,36.03
7.8685,143,14,2742.48,4803.95,36.0203,-1.59723,0,1,0,0,0,7,100,4,2896.13,1365.44,33.85
7.8705,147,2,2958.19,445.437,52.3258,-1.42502,0,1,1,257,0.2,7,100,4,2915.64,912.221,39.87
7.871,148,3,2921.46,721.084,47.5721,-1.56988,0,1,1,289,0.35,7,100,4,2860.77,2099.26,31.99
7.8715,149,4,2896.13,1365.36,44.6933,-1.58031,0,1,1,257,0.2,7,100,4,2878.85,1763.16,33.63
7.872,150,3,2927.87,677.893,47.2542,-1.54648,0,1,1,353,0.4,7,100,4,2876.78,1810.02,33.2
7.873,152,3,2917.92,860.409,51.7163,-1.5784,0,1,1,353,0.4,7,100,4,2869.39,1976.96,36.52
7.8735,153,3,2915.64,912.106,52.6401,-1.57994,0,1,1,353,0.4,7,100,4,2867.26,2025.04,37.18
7.8725,151,3,2923.71,737.065,49.5896,-1.57592,0,1,1,353,0.4,7,100,4,2871.59,1927.23,37.19
7.8745,155,5,2878.85,1763.07,44.4007,-1.57903,0,1,1,321,0.25,7,100,4,2850.94,2407.62,35.76
7.875,156,5,2876.79,1809.94,43.8324,-1.57871,0,1,0,64,0.05,7,100,4,2862.79,2125.93,36.4
7.8755,157,6,2871.6,1927.18,49.0997,-1.5786,0,1,1,321,0.25,7,100,4,2860.54,2176.95,37.08
7.8765,159,6,2867.27,2024.93,49.0859,-1.57857,0,1,1,321,0.25,7,100,4,2835.06,2796.2,35.42
7.877,160,6,2865,2076.11,49.7586,-1.57887,0,1,1,321,0.25,7,100,4,2833,2841.92,34.53
7.879,164,8,2837.26,2747.93,46.8134,-1.57747,0,1,1,128,0.1,7,100,4,2822.98,3065.94,38.54
7.8795,165,9,2835.07,2796.11,46.7602,-1.57768,0,1,1,289,0.35,7,100,4,2797.17,3592.65,35.71
7.8805,167,9,2830.06,2907.67,51.1292,-1.57944,0,1,1,353,0.4,7,100,4,2781.26,3949.4,32.08
7.881,168,9,2827.77,2959.66,50.1386,-1.57776,0,1,1,353,0.4,7,100,4,2783.42,3903.33,33.15
7.8815,169,9,2825.33,3013.72,51.3394,-1.57777,0,1,1,353,0.4,7,100,4,2787.84,3877.44,39.25
7.8825,171,11,2797.18,3592.55,47.1408,-1.5813,0,1,1,321,0.25,7,100,4,2784.63,3946.06,38.22
7.883,172,11,2803.29,3526.61,54.3613,-1.62028,0,1,1,321,0.25,7,100,4,2782.24,3996.96,37.88
7.882,170,9,2822.99,3065.83,50.876,-1.57755,0,1,1,353,0.4,7,100,4,2779.57,4053.98,37.99
7.8835,173,12,2781.27,3949.31,42.3481,-1.57593,0,1,1,96,0.2,7,100,4,2760.44,4469.78,35.28
7.8845,175,12,2787.84,3877.33,51.8123,-1.5758,0,1,1,353,0.4,7,100,4,2756.75,4563.24,35.07
7.884,174,12,2783.42,3903.23,43.7595,-1.57589,0,1,1,96,0.2,7,100,4,2758.55,4517.4,34.16
7.8855,177,12,2784.63,3945.94,50.4517,-1.5758,0,1,1,289,0.35,7,100,4,2747.82,4847.7,41.59
7.887,180,13,2758.56,4517.34,45.0913,-1.58335,0,1,1,289,0.35,7,100,4,2748.46,5053.72,40.67
7.888,182,13,2754.96,4608.69,48.1926,-1.58309,0,1,1,353,0.4,7,100,4,2758.32,5267.58,40.03
7.8885,183,14,2747.82,4847.59,54.8976,-1.60906,0,1,1,321,0.25,7,100,4,2958.62,410.82,24.78
7.889,184,15,2747.22,4958.19,48.4688,-1.63557,0,1,1,321,0.25,7,100,4,2916.42,823.936,24.66
7.8895,185,15,2745.23,5052,45.3664,-1.63557,0,1,1,321,0.25,7,100,4,2797.09,3521.6,24.58
7.8905,187,16,2755.21,5214.31,53.9587,-1.68094,0,1,1,321,0.25,7,100,4,2914.55,795.746,23.34
7.891,188,16,2758.32,5267.47,52.8363,-1.68091,0,1,1,321,0.25,7,100,4,2900.2,1122,23.61
7.89,186,15,2748.46,5053.6,53.6804,-1.63522,0,1,1,321,0.25,7,100,4,2783.24,3838.82,24.62
7.8935,193,3,2914.55,795.679,30.8054,-1.57519,0,1,1,32,0.15,7,100,4,2809.86,3300.13,32.94
7.8945,195,12,2786.8,3758.88,30.7656,-1.57851,0,1,1,32,0.15,7,100,4,2772.64,4141.26,33.03
7.8965,199,10,2809.86,3300.05,43.4742,-1.58427,0,1,0,0,0,7,100,4,2786.85,5750.91,32.65
7.897,200,12,2791.16,3732.53,42.7348,-1.57864,0,1,1,32,0.15,7,100,4,0,0,0
7.898,202,13,2756.04,4500.04,42.4306,-1.58266,0,1,1,32,0.15,7,100,4,0,0,0
7.899,204,16,2758.4,5323.6,43.6704,-1.68048,0,1,0,0,0,7,100,4,0,0,0
7.8995,205,18,2786.84,5750.82,43.0894,-1.68002,0,1,0,0,0,7,100,4,0,0,0
7.9015,9,9,2854.67,2793.24,36.4895,1.56695,0,1,1,32,0.15,7,100,4,2939.46,761.267,27.4
7.902,10,8,2869.39,2464.72,36.3836,1.55296,0,1,1,128,0.1,7,100,4,2827.8,6574.84,27.62
7.9025,11,7,2883.92,2135.02,36.3436,1.4375,0,1,0,0,0,7,100,4,2975.98,435.034,27.23
7.904,14,3,2926.54,1091.19,35.9866,1.55892,0,1,1,32,0.15,7,100,4,2792.39,5558.78,27.45
7.9045,15,3,2939.45,761.346,36.1578,1.5588,0,1,1,32,0.15,7,100,4,2768.46,5208.65,27.77
7.9055,17,2,2975.96,435.104,35.9329,1.72807,0,1,0,0,0,7,100,4,2779.85,4497.37,27.26
7.9075,21,16,2768.46,5208.73,36.6443,1.47296,0,1,0,0,0,7,100,4,2827.6,6495.36,40.21
7.908,22,14,2767.13,4847.57,36.3009,1.52454,0,1,0,0,0,7,100,4,2813.32,6004.79,34.54
7.909,24,13,2794.59,4163.16,35.9045,1.56395,0,1,1,32,0.15,7,100,4,2793.1,5631.28,35.94
7.9095,25,19,2814.18,5961.5,42.99,1.46582,0,1,0,0,0,7,100,4,2804.21,5836.46,39.73
7.913,32,19,2810.23,5947.75,47.7375,1.46578,0,1,1,321,0.25,7,100,4,2760.37,4938.54,37.59
7.9135,33,18,2801.29,5782.66,52.6058,1.46606,0,1,1,321,0.25,7,100,4,2760.97,4808.47,37.49
7.914,34,18,2798.41,5729.32,51.6026,1.4658,0,1,1,321,0.25,7,100,4,2760.53,4888.43,36.64
7.9145,35,17,2782.87,5444.88,51.6415,1.46408,0,1,1,321,0.25,7,100,4,2762.3,4759.61,37.85
7.915,36,17,2788.6,5548.25,50.9154,1.46565,0,1,1,321,0.25,7,100,4,2774.73,4467.89,38.74
7.916,38,15,2760.37,4938.65,49.5955,1.52278,0,1,1,257,0.2,7,100,4,2771.37,4544.37,38.86
7.9155,37,17,2785.75,5496.47,52.0887,1.46438,0,1,1,321,0.25,7,100,4,2765.47,4678.56,41.34
7.918,42,13,2774.73,4467.99,51.1111,1.5641,0,1,1,353,0.4,7,100,4,2785,4235.17,41.6
7.9185,43,14,2765.47,4678.63,54.5409,1.56427,0,1,1,321,0.25,7,100,4,2792.36,4068.39,40.44
7.919,44,13,2771.37,4544.48,51.2685,1.56426,0,1,1,353,0.4,7,100,4,2831.42,3202.03,34.79
7.9195,45,13,2778.18,4389.58,50.4764,1.5642,0,1,1,353,0.4,7,100,4,2806.75,3734.29,40.92
7.92,46,13,2781.12,4322.88,53.7612,1.56447,0,1,1,353,0.4,7,100,4,2817.66,3506.53,38.82
7.9205,47,12,2794.67,4016.12,53.8662,1.56441,0,1,1,289,0.35,7,100,4,2820.4,3454.78,38.42
7.9215,49,12,2792.36,4068.51,53.3508,1.56437,0,1,1,289,0.35,7,100,4,2845.06,2928.06,37.08
7.922,50,10,2831.42,3202.13,45.8965,1.57533,0,1,1,257,0.2,7,100,4,2839.08,3028.3,37.78
7.9235,53,11,2820.4,3454.89,50.6844,1.57354,0,1,1,257,0.2,7,100,4,2858.91,2636.25,38.4
7.924,54,10,2833.82,3154.71,45.539,1.56217,0,1,1,321,0.25,7,100,4,2878.6,2211.27,32.68
7.9245,55,9,2845.05,2928.16,48.9156,1.56794,0,1,1,353,0.4,7,100,4,2862.96,2550.57,38.83
7.925,56,9,2839.08,3028.4,49.8385,1.56206,0,1,1,353,0.4,7,100,4,2887.56,1935.19,32
7.926,58,9,2852.45,2772.31,47.6218,1.56789,0,1,1,353,0.4,7,100,4,2882.61,1989.09,35.5
7.9255,57,9,2841.28,2978.37,49.4814,1.60787,0,1,1,353,0.4,7,100,4,2881.07,2036.5,35.52
7.927,60,7,2878.6,2211.36,43.1095,1.553,0,1,0,0,0,7,100,4,2894.66,1725.39,37.29
7.928,62,6,2887.56,1935.27,42.2119,1.55403,0,1,0,64,0.05,7,100,4,2903.8,1548.67,36.58
7.9285,63,6,2881.06,2036.57,46.8548,1.55327,0,1,1,321,0.25,7,100,4,2900.88,1543.14,37.74
7.929,64,6,2882.6,1989.19,46.8279,1.55303,0,1,1,321,0.25,7,100,4,2929.39,936.427,29.37
7.93,66,5,2894.65,1725.5,49.188,1.57245,0,1,1,321,0.25,7,100,4,2923.59,1002.94,40.95
7.9305,67,5,2897.28,1674.8,48.5411,1.57233,0,1,1,321,0.25,7,100,4,2927.59,900.608,38.63
7.9295,65,6,2884.19,1940.32,47.8943,1.55353,0,1,1,321,0.25,7,100,4,2928.41,961.467,40.72
7.9315,69,4,2900.87,1543.25,49.78,1.57241,0,1,1,257,0.2,7,100,4,2936.42,681.154,33.83
7.933,72,3,2923.58,1003.04,54.0136,1.55983,0,1,1,353,0.4,7,100,4,3009.43,265.51,22.75
7.9325,71,3,2928.41,961.492,53.7097,1.55796,0,1,1,353,0.4,7,100,4,2948.76,585.67,34.74
7.934,74,3,2938.61,703.137,44.1199,1.56394,0,1,1,289,0.35,7,100,4,2832.04,6522.47,24.94
7.935,76,3,2940.42,632.386,44.6999,1.62318,0,1,1,289,0.35,7,100,4,2828.46,3423.84,24.67
7.9355,77,2,2948.76,585.733,45.8204,1.5731,0,1,1,321,0.25,7,100,4,2842.58,3098.55,24.62
7.936,78,1,3009.41,265.573,30.0059,1.80875,0,1,0,0,0,7,100,4,2857.37,2803.59,24.38
7.94,86,7,2881.75,2213.11,32.6286,1.55341,0,1,0,0,0,7,100,4,2812.85,5877.65,24.38
7.9425,91,3,2947.34,659.966,32.6009,1.61929,0,1,1,32,0.15,7,100,4,2769.87,4651.41,24.52
7.9455,97,14,2769.87,4651.48,32.3355,1.56532,0,1,0,0,0,7,100,4,2839.72,3166.75,23.59
7.946,98,13,2787.21,4330.22,32.388,1.56568,0,1,1,32,0.15,7,100,4,2854.2,2870.59,23.31
7.947,100,12,2810.03,3732.39,32.3743,1.56126,0,1,1,32,0.15,7,100,4,2879.27,2289.67,23.04
7.9485,103,10,2839.72,3166.82,31.1075,1.56335,0,1,0,0,0,7,100,4,2916.74,1422.21,23.2
7.95,106,7,2879.27,2289.74,30.3815,1.55358,0,1,0,0,0,7,100,4,2957.2,573.851,23.52
7.951,108,5,2900.76,1731.41,31.0535,1.57334,0,1,0,0,0,7,100,4,2999.32,302.375,23.09
7.9515,109,4,2916.74,1422.28,30.5917,1.56294,0,1,0,0,0,7,100,4,2776,5229.61,23.54
7.953,112,2,2957.19,573.919,31.0129,1.66371,0,1,0,0,0,7,100,4,2784.57,4390.01,23.3
7.954,114,1,2999.3,302.44,30.4454,1.78573,0,1,0,0,0,7,100,4,2811.95,3764.71,23.06
7.955,116,15,2766.73,4933.19,30.5372,1.5264,0,1,0,0,0,7,100,4,2780.24,4415.56,32.62
7.9565,119,12,2800.1,4038.53,30.8134,1.56577,0,1,1,32,0.15,7,100,4,2835.1,3124.21,32.59
7.958,122,13,2780.24,4415.66,43.0084,1.56562,0,1,1,32,0.15,7,100,4,2886,1983.11,32.52
7.9585,123,12,2801.15,3869.33,43.4827,1.56608,0,1,1,32,0.15,7,100,4,2900.24,1617.48,32.6
7.959,124,11,2816.13,3593.9,43.68,1.57736,0,1,0,0,0,7,100,4,2922.39,1115.25,33.1
7.96,126,9,2852.93,2829.8,42.6774,1.56842,0,1,1,32,0.15,7,100,4,2994.89,332.884,26.64
7.9625,131,3,2933.14,758.81,43.0975,1.56109,0,1,1,32,0.15,7,100,4,2763.8,4875.65,32.93
7.963,132,1,2994.87,332.958,35.121,1.76724,0,1,0,0,0,7,100,4,2814.81,3105.09,27.61
7.9655,137,15,2763.8,4875.74,43.4117,1.52692,0,1,0,0,0,7,100,4,2742.55,4801.3,27.28
7.967,140,12,2788.66,3789.69,36.4897,-1.57573,0,1,1,32,0.15,7,100,4,2978.66,351.04,40.95
7.9675,141,13,2769.99,4189.85,36.1071,-1.57268,0,1,1,32,0.15,7,100,4,2958.95,441.662,39.63
7.968,142,13,2753.09,4493.66,33.0879,-1.57995,0,1,1,32,0.15,7,100,4,2921.65,717.584,36.03
7.9685,143,14,2742.55,4801.22,35.9612,-1.59335,0,1,0,0,0,7,100,4,2896.28,1362.05,33.85
7.9705,147,2,2958.97,441.552,52.24,-1.42114,0,1,1,257,0.2,7,100,4,2915.81,908.238,39.87
7.971,148,3,2921.65,717.487,47.4941,-1.56599,0,1,1,289,0.35,7,100,4,2860.91,2096.06,31.99
7.9715,149,4,2896.28,1361.97,44.62,-1.57642,0,1,1,257,0.2,7,100,4,2879,1759.8,33.63
7.972,150,3,2928.14,674.324,47.1766,-1.54259,0,1,1,353,0.4,7,100,4,2876.93,1806.7,33.2
7.973,152,3,2918.09,856.496,51.6315,-1.57451,0,1,1,353,0.4,7,100,4,2869.55,1973.32,36.52
7.9725,151,3,2923.89,733.313,49.5091,-1.57207,0,1,1,353,0.4,7,100,4,2871.76,1923.55,37.19
7.9735,153,3,2915.81,908.123,52.5538,-1.57605,0,1,1,353,0.4,7,100,4,2867.43,2021.33,37.18
7.9745,155,5,2879,1759.71,44.3279,-1.57513,0,1,1,321,0.25,7,100,4,2851.07,2404.04,35.76
7.975,156,5,2876.93,1806.62,43.7607,-1.57483,0,1,0,64,0.05,7,100,4,2862.95,2122.31,36.4
7.9755,157,6,2871.76,1923.47,49.0191,-1.57471,0,1,1,321,0.25,7,100,4,2860.7,2173.25,37.08
7.9765,159,6,2867.43,2021.22,49.0054,-1.57467,0,1,1,321,0.25,7,100,4,2835.22,2792.67,35.42
7.977,160,6,2865.16,2072.34,49.6772,-1.57499,0,1,1,321,0.25,7,100,4,2833.16,2838.48,34.53
7.978,162,6,2862.96,2122.21,47.9763,-1.57476,0,1,0,0,0,7,100,4,2827.93,2955.98,37.98
7.979,164,8,2837.42,2744.39,46.7365,-1.57356,0,1,1,385,0.3,7,100,4,2823.15,3062.09,38.54
7.9795,165,9,2835.23,2792.57,46.6834,-1.57377,0,1,1,289,0.35,7,100,4,2797.32,3589.08,35.71
7.9805,167,9,2830.23,2903.8,51.0451,-1.57553,0,1,1,353,0.4,7,100,4,2781.41,3946.2,32.08
7.981,168,9,2827.94,2955.87,50.0562,-1.57385,0,1,1,353,0.4,7,100,4,2783.57,3900.02,33.15
7.9815,169,9,2825.51,3009.84,51.255,-1.57386,0,1,1,353,0.4,7,100,4,2788.02,3873.52,39.25
7.9825,171,11,2797.32,3588.98,47.0633,-1.57739,0,1,1,321,0.25,7,100,4,2784.81,3942.24,38.22
7.983,172,11,2803.3,3522.49,54.2719,-1.61636,0,1,1,321,0.25,7,100,4,2782.42,3993.18,37.88
7.982,170,9,2823.16,3061.98,50.7924,-1.57364,0,1,1,353,0.4,7,100,4,2779.75,4050.19,37.99
7.984,174,12,2783.57,3899.92,43.6881,-1.57201,0,1,1,96,0.2,7,100,4,2758.69,4514.02,34.16
7.9845,175,12,2788.03,3873.41,51.7267,-1.57187,0,1,1,353,0.4,7,100,4,2756.89,4559.72,35.07
7.9855,177,12,2784.81,3942.13,50.3688,-1.57189,0,1,1,289,0.35,7,100,4,2747.87,4843.55,41.59
7.9835,173,12,2781.42,3946.1,42.2765,-1.57191,0,1,1,96,0.2,7,100,4,2760.58,4466.16,35.28
7.987,180,13,2758.69,4513.93,45.0171,-1.57943,0,1,1,289,0.35,7,100,4,2748.41,5049.65,40.67
7.988,182,13,2755.1,4605.04,48.1132,-1.57917,0,1,1,353,0.4,7,100,4,2758.09,5263.59,40.03
7.9885,183,14,2747.87,4843.43,54.8072,-1.60514,0,1,1,321,0.25,7,100,4,2959.1,408.39,24.78
7.989,184,15,2747.18,4954.52,48.389,-1.63164,0,1,1,321,0.25,7,100,4,2916.54,821.472,24.66
7.9895,185,15,2745.18,5048.56,45.2917,-1.63164,0,1,1,321,0.25,7,100,4,2797.04,3519.34,0
7.99,186,15,2748.41,5049.54,53.5934,-1.63135,0,1,1,321,0.25,7,100,4,2783.35,3836.4,24.62
7.9905,187,16,2754.98,5210.23,53.8692,-1.67698,0,1,1,321,0.25,7,100,4,2914.66,793.4,23.34
7.991,188,16,2758.08,5263.47,52.7486,-1.67695,0,1,1,321,0.25,7,100,4,2900.3,1119.62,23.61
7.9935,193,3,2914.66,793.347,30.7548,-1.57127,0,1,1,32,0.15,7,100,4,2809.98,3296.85,32.94
7.9945,195,12,2786.9,3756.55,30.7148,-1.57457,0,1,1,32,0.15,7,100,4,2772.47,4137.96,33.03
7.9965,199,10,2809.99,3296.76,43.4024,-1.58033,0,1,0,0,0,7,100,4,2786.66,5747.66,32.65
7.997,200,12,2791.3,3729.3,42.6642,-1.5747,0,1,1,32,0.15,7,100,4,0,0,0
7.998,202,13,2756.17,4496.83,42.3605,-1.57871,0,1,1,32,0.15,7,100,4,0,0,0
7.999,204,16,2758.2,5320.3,43.5983,-1.67653,0,1,0,0,0,7,100,4,0,0,0
7.9995,205,18,2786.65,5747.56,43.0181,-1.67607,0,1,0,0,0,7,100,4,0,0,0
8.0015,9,9,2854.54,2796,36.3369,1.57105,-0.7,1,1,32,0.15,7,100,4,2939.35,764.005,27.44
8.002,10,8,2869.3,2467.48,36.5079,1.55675,1.4,1,1,128,0.1,7,100,4,2827.56,6577.59,27.35
8.0025,11,7,2884.14,2137.77,36.244,1.55387,-0.3,1,1,2,0.1,7,100,4,2975.42,437.698,27.74
7.003,12,5,2896.44,1753.09,35.9269,1.57536,0,1,0,0,0,7,100,4,2826.35,6189.41,27.58
8.004,14,3,2926.44,1093.91,36.2164,1.56294,2.2,1,1,32,0.15,7,100,4,2792.54,5561.54,27.41
8.0045,15,3,2939.35,764.084,36.1502,1.56269,0.4,1,1,32,0.15,7,100,4,2768.59,5211.45,27.69
8.0055,17,2,2975.4,437.772,36.5453,1.70477,5.1,1,1,4,0.1,7,100,4,2779.73,4500.1,27.32
7.0065,19,18,2806.61,5821.55,36.4257,1.46984,0,1,0,0,0,7,100,4,2814.35,5964.68,32.31
8.0075,21,16,2768.59,5211.51,36.4779,1.46596,-0.8,1,0,0,0,7,100,4,2827.37,6499.37,39.79
7.0085,23,13,2780.93,4472.94,35.9106,1.56785,0,1,1,32,0.15,7,100,4,2816.79,6068.9,32.37
8.0095,25,19,2814.36,5964.75,42.5628,1.46967,-2.7,1,1,4,0.1,7,100,4,2804.42,5840.43,39.6
8.008,22,14,2767.12,4850.32,36.2524,1.52861,0.1,1,0,0,0,7,100,4,2813.51,6008.31,34.56
7.011,28,19,2811.64,5973.85,45.4977,1.46982,0,1,0,0,0,7,100,4,2798.62,5733.2,39.45
8.014,34,18,2798.62,5733.22,51.9649,1.46999,3.4,1,1,321,0.25,7,100,4,2760.52,4892.09,37.29
8.015,36,17,2788.81,5552.11,51.8191,1.46988,7.5,1,1,325,0.35,7,100,4,2774.56,4471.73,38
8.0155,37,17,2785.97,5500.39,50.8175,1.46885,-9,1,1,325,0.35,7,100,4,2765.29,4682.63,40.94
8.016,38,15,2760.37,4942.41,49.4469,1.50894,-0.5,1,1,257,0.2,7,100,4,2771.2,4548.27,39.39
8.013,32,19,2810.42,5951.34,46.9175,1.47021,-5.6,1,1,325,0.35,7,100,4,2760.37,4942.45,37.54
8.0145,35,17,2783.09,5448.78,51.6322,1.46828,0.6,1,1,321,0.25,7,100,4,2762.16,4763.49,37.61
8.018,42,13,2774.56,4471.84,50.0512,1.56818,-7.4,1,1,325,0.35,7,100,4,2784.82,4239.31,40.43
7.0165,39,14,2761.76,4774.85,49.3783,1.54748,0,1,0,0,0,7,100,4,2778.02,4393.39,37.9
8.0185,43,14,2765.29,4682.75,53.9217,1.56535,-4,1,1,325,0.35,7,100,4,2792.18,4072.51,40.42
8.019,44,13,2771.2,4548.37,51.88,1.56825,5.3,1,1,325,0.35,7,100,4,2831.24,3205.55,34.93
7.0175,41,14,2763.54,4725.66,49.8513,1.56081,0,1,0,0,0,7,100,4,2794.49,4020.21,40.46
8.0195,45,13,2778.02,4393.38,49.9169,1.56842,-3.6,1,1,325,0.35,7,100,4,2806.58,3738.44,40.99
8.0205,47,12,2794.49,4020.18,53.2884,1.5686,-3.7,1,1,293,0.45,7,100,4,2820.19,3458.67,39.04
8.0215,49,12,2792.18,4072.55,53.2347,1.5687,-0.2,1,1,289,0.35,7,100,4,2844.85,2931.81,37.51
8.0235,53,11,2820.19,3458.74,51.4162,1.57748,6.2,1,1,261,0.3,7,100,4,2858.73,2640.09,38.2
8.024,54,10,2833.67,3158.17,46.464,1.57582,7.6,1,1,325,0.35,7,100,4,2878.49,2214.53,32.57
8.022,50,10,2831.23,3205.59,46.0026,1.57087,1.4,1,1,257,0.2,7,100,4,2838.92,3032.16,37.91
8.0135,33,18,2801.51,5786.63,52.4556,1.47046,-0.4,1,1,321,0.25,7,100,4,2760.9,4812.63,36.94
8.0245,55,9,2844.84,2931.87,49.3999,1.61238,4.3,1,1,325,0.35,7,100,4,2862.78,2554.49,39.49
8.026,58,9,2852.27,2775.96,49.8077,1.57185,17.2,1,1,325,0.35,7,100,4,2882.49,1992.62,34.87
8.027,60,7,2878.49,2214.62,42.8928,1.55681,-1.1,1,0,0,0,7,100,4,2894.46,1729.14,38.16
8.0255,57,9,2841.01,2981.99,49.3583,1.56623,-0.3,1,1,321,0.25,7,100,4,2880.95,2040.09,35.16
8.025,56,9,2838.92,3032.17,49.9239,1.56606,1.3,1,1,321,0.25,7,100,4,2887.45,1938.49,32.13
8.0285,63,6,2880.95,2040.11,46.302,1.55708,-3.6,1,1,325,0.35,7,100,4,2900.68,1546.88,35.8
8.03,66,5,2894.46,1729.25,50.252,1.57634,8.7,1,1,325,0.35,7,100,4,2923.43,1007,40.5
8.028,62,6,2887.45,1938.47,42.3108,1.5571,1.3,1,0,64,0.05,7,100,4,2903.61,1552.39,35.73
8.02,46,13,2780.94,4326.92,52.1212,1.56897,-11.7,1,1,325,0.35,7,100,4,2817.43,3510.84,38.97
7.031,68,4,2905.49,1515.89,48.1698,1.57644,0,1,0,0,0,7,100,4,2938.47,706.382,32.5
8.0315,69,4,2900.68,1546.96,47.1425,1.57645,-19.4,1,1,261,0.3,7,100,4,2936.21,684.522,33.85
8.0295,65,6,2884.08,1943.94,47.353,1.55733,-3.5,1,1,325,0.35,7,100,4,2928.26,965.542,40.13
8.0305,67,5,2897.09,1678.5,49.5248,1.57669,8.1,1,1,325,0.35,7,100,4,2927.44,904.522,37.52
7.023,52,11,2819.5,3471.76,51.1176,1.57794,0,1,0,0,0,7,100,4,2852.26,2776.27,37.82
8.033,72,3,2923.42,1007.12,53.3296,1.56412,-4.5,1,1,325,0.35,7,100,4,3008.79,267.728,22.84
7.0275,61,8,2864.48,2515.75,51.1304,1.5684,0,1,1,128,0.1,7,100,4,2897.08,1678.66,37.61
8.034,74,3,2938.47,706.447,42.7951,1.56612,-9.5,1,1,4,0.1,7,100,4,2831.85,6524.95,24.53
8.035,76,3,2940.08,635.754,44.4672,1.62187,-1.2,1,1,321,0.25,7,100,4,2828.33,3426.3,24.62
8.029,64,6,2882.49,1992.72,45.9151,1.55733,-6.3,1,1,325,0.35,7,100,4,2929.27,939.559,29.48
8.0355,77,2,2948.49,589.273,48.6539,1.64015,22.1,1,1,327,0.45,7,100,4,2842.47,3101.02,24.96
8.036,78,1,3008.78,267.762,30.074,1.79335,0.9,1,0,0,0,7,100,4,2857.26,2806.01,24.51
7.0265,59,8,2860.54,2601.84,50.5609,1.57244,0,1,1,128,0.1,7,100,4,2884.06,1944.26,35.96
7.0335,73,3,2928.94,865.953,50.8623,1.56419,0,1,0,0,0,7,100,4,3020.84,238.259,23.13
8.0425,91,3,2947.14,662.413,32.6648,1.58373,0.9,1,0,0,0,7,100,4,2769.76,4653.87,24.94
8.0325,71,3,2928.26,965.542,52.8339,1.56434,-5.9,1,1,325,0.35,7,100,4,2948.46,589.581,36.95
8.04,86,7,2881.67,2215.58,32.5713,1.55766,3.55271e-14,1,0,0,0,7,100,4,2812.99,5880.22,24.75
7.0445,95,16,2771.96,5214.88,32.5317,1.46661,0,1,0,0,0,7,100,4,2826.99,6138.83,23.16
8.046,98,13,2787.1,4332.69,32.7944,1.56953,3.5,1,1,4,0.1,7,100,4,2854.09,2872.9,23.04
8.047,100,12,2809.93,3734.87,32.8729,1.56506,4.2,1,1,4,0.1,7,100,4,2879.18,2291.98,23.44
7.0395,85,8,2872.85,2457.3,32.8331,1.55873,0,1,0,0,0,7,100,4,2947.13,662.543,24.81
8.0485,103,10,2839.61,3169.17,30.9101,1.58127,-1.1,1,0,0,0,7,100,4,2916.63,1424.52,23.01
8.05,106,7,2879.18,2292.05,30.8571,1.57036,4,1,1,4,0.1,7,100,4,2956.87,576.167,23.51
8.0455,97,14,2769.76,4653.95,32.8306,1.56974,4.2,1,1,4,0.1,7,100,4,2839.6,3169.25,23.48
7.052,110,4,2927.42,1150.54,30.9209,1.56488,0,1,0,0,0,7,100,4,2766.73,4935.48,23.14
8.053,112,2,2956.86,576.234,30.9471,1.66741,-0.1,1,0,0,0,7,100,4,2784.47,4392.38,23.51
8.055,116,15,2766.74,4935.51,30.4596,1.5141,-0.2,1,0,0,0,7,100,4,2780.1,4418.81,32.5
8.054,114,1,2998.71,304.674,30.4854,1.78333,0.7,1,0,0,0,7,100,4,2811.86,3767.07,23.22
8.051,108,5,2900.64,1733.72,30.2347,1.57723,-5.8,1,1,4,0.1,7,100,4,2998.69,304.746,23.16
8.0565,119,12,2799.99,4040.85,30.5635,1.57019,-1.5,1,0,0,0,7,100,4,2834.96,3127.47,32.06
7.0525,111,3,2939.63,838.521,30.6291,1.565,0,1,0,0,0,7,100,4,2771.85,4679.29,23.25
7.0465,99,12,2799.46,3980.38,32.2612,1.56993,0,1,0,0,0,7,100,4,2867.42,2591.92,23.5
8.0585,123,12,2801.01,3872.59,42.7114,1.56999,-5.3,1,1,4,0.1,7,100,4,2900.07,1620.77,32.67
8.059,124,11,2815.94,3597.2,43.5006,1.58287,-0.8,1,0,0,0,7,100,4,2922.26,1118.56,32.67
7.0575,121,11,2824.88,3491.01,30.6673,1.5788,0,1,0,0,0,7,100,4,2868.19,2404.57,33.28
8.058,122,13,2780.1,4418.91,42.7747,1.57008,-1.2,1,0,0,0,7,100,4,2885.89,1986.56,33.23
8.063,132,1,2994.24,335.671,37.5626,1.74261,19,1,1,132,0.2,7,100,4,2814.93,3102.32,27.68
8.06,126,9,2852.78,2833.04,42.827,1.57343,1.7,1,0,0,0,7,100,4,2994.24,335.678,28.54
8.0625,131,3,2933.01,762.069,42.8526,1.56542,-1.3,1,0,0,0,7,100,4,2763.78,4878.98,32.58
8.0655,137,15,2763.78,4879.01,42.878,1.53078,-3.5,1,1,4,0.1,7,100,4,2742.62,4798.58,27.23
8.0685,143,14,2742.62,4798.51,35.835,-1.58884,-0.5,1,0,0,0,7,100,4,2896.42,1358.74,33.2
8.068,142,13,2753.19,4491.17,32.9261,-1.57607,-0.8,1,0,0,0,7,100,4,2921.9,713.943,35.97
8.0705,147,2,2959.76,437.628,53.152,-1.41679,7.6,1,1,261,0.3,7,100,4,2915.98,904.352,38.53
8.067,140,12,2788.78,3786.93,36.3074,-1.57169,-0.9,1,0,0,0,7,100,4,2979.72,346.897,41.62
8.071,148,3,2921.91,713.897,47.335,-1.53865,-0.6,1,1,289,0.35,7,100,4,2861.05,2092.88,31.69
8.0715,149,4,2896.42,1358.65,43.6893,-1.57205,-6.5,1,1,4,0.1,7,100,4,2879.14,1756.52,32.55
8.072,150,3,2928.43,670.604,50.15,-1.53868,23.2,1,1,357,0.5,7,100,4,2877.08,1803.41,33.15
8.0675,141,13,2770.12,4187.1,36.5431,-1.56829,3.8,1,1,4,0.1,7,100,4,2959.78,437.54,40.39
8.073,152,3,2918.28,852.551,52.5049,-1.5682,7.3,1,1,357,0.5,7,100,4,2869.71,1969.65,36.84
8.0725,151,3,2924.13,729.578,49.3465,-1.54514,-0.6,1,1,353,0.4,7,100,4,2871.92,1919.88,36.68
8.0735,153,3,2915.98,904.241,50.7017,-1.57197,-13.4,1,1,357,0.5,7,100,4,2867.59,2017.72,35.91
7.021,48,13,2786.64,4197.88,54.7402,1.57058,0,1,1,32,0.15,7,100,4,2833.57,3159.97,35.28
8.075,156,5,2877.08,1803.33,43.621,-1.57094,-0.5,1,0,64,0.05,7,100,4,2863.11,2118.63,37.13
8.0755,157,6,2871.92,1919.8,48.2656,-1.57079,-5.1,1,1,325,0.35,7,100,4,2860.86,2169.59,36.89
7.076,158,6,2868.1,2006.05,48.0541,-1.57084,0,1,0,0,0,7,100,4,2837.58,2740.89,35.97
8.077,160,6,2865.33,2068.65,48.5532,-1.57041,-7.9,1,1,325,0.35,7,100,4,2833.32,2834.93,35.69
8.078,162,6,2863.12,2118.53,48.8553,-1.57068,7.3,1,1,261,0.3,7,100,4,2828.1,2952.14,38.54
8.0805,167,9,2830.39,2900.14,47.5509,-1.57048,-25.9,1,1,325,0.35,7,100,4,2781.56,3942.99,32.09
8.079,164,8,2837.58,2740.81,47.3268,-1.56941,5.1,1,1,389,0.4,7,100,4,2823.33,3058.15,38.78
8.0795,165,9,2835.39,2789.04,46.4975,-1.56943,-0.8,1,1,321,0.25,7,100,4,2797.86,3585.45,36.12
8.081,168,9,2828.11,2952.04,50.7073,-1.57034,5.6,1,1,325,0.35,7,100,4,2783.73,3896.6,33.92
8.0815,169,9,2825.68,3005.96,51.1016,-1.56962,-0.5,1,1,353,0.4,7,100,4,2788.21,3869.47,40.29
8.082,170,9,2823.33,3058.12,51.0224,-1.5698,2.4,1,1,353,0.4,7,100,4,2779.92,4046.46,37.35
8.084,174,12,2783.73,3896.55,44.6273,-1.56774,7.7,1,1,325,0.35,7,100,4,2758.82,4510.52,35.24
8.0845,175,12,2788.22,3869.4,53.0076,-1.56795,10.4,1,1,325,0.35,7,100,4,2757.02,4556.33,33.92
8.0825,171,11,2797.86,3585.42,47.5212,-1.44104,4.1,1,1,327,0.45,7,100,4,2784.99,3938.31,38.49
8.0835,173,12,2781.57,3942.9,42.2187,-1.56783,0.1,1,0,64,0.05,7,100,4,2760.72,4462.66,35.3
8.083,172,11,2803.46,3518.87,54.7691,-1.56696,4.5,1,1,325,0.35,7,100,4,2782.6,3989.21,38.67
7.0775,161,8,2849.89,2436.1,47.0462,-1.57788,0,1,1,128,0.1,7,100,4,2830.4,2899.92,36.14
8.088,182,13,2755.24,4601.56,45.5318,-1.57517,-19,1,1,357,0.5,7,100,4,2757.85,5259.47,41.28
8.0885,183,14,2747.97,4839.33,53.9249,-1.5886,-6,1,1,325,0.35,7,100,4,2959.59,405.971,24.66
8.089,184,15,2747.15,4950.79,49.2673,-1.6219,7.3,1,1,325,0.35,7,100,4,2916.65,818.999,24.79
8.087,180,13,2758.83,4510.42,46.3595,-1.57496,10.8,1,1,293,0.45,7,100,4,2748.35,5045.45,40.95
8.0895,185,15,2745.14,5045.09,45.8068,-1.62702,4.5,1,1,325,0.35,7,100,4,2797.14,3517.15,24.33
8.09,186,15,2748.35,5045.44,53.8705,-1.6273,2.8,1,1,321,0.25,7,100,4,2783.46,3833.94,24.59
8.0905,187,16,2754.75,5206.17,53.3967,-1.67079,-2.9,1,1,325,0.35,7,100,4,2914.77,791.069,23.45
8.091,188,16,2757.84,5259.36,54.3038,-1.6725,12.5,1,1,325,0.35,7,100,4,2900.4,1117.31,23.28
7.0875,181,13,2755.65,4591.17,46.1334,-1.57491,0,1,1,32,0.15,7,100,4,2754.74,5206.08,40.59
8.0935,193,3,2914.77,791.006,30.8473,-1.56734,1.1,1,1,32,0.15,7,100,4,2810.11,3293.57,32.87
8.0945,195,12,2787.01,3754.22,30.8599,-1.57068,1.5,1,1,32,0.15,7,100,4,2772.61,4134.67,32.97
8.0855,177,12,2784.99,3938.29,50.6306,-1.5674,2.7,1,1,289,0.35,7,100,4,2747.98,4839.07,40.99
8.0965,199,10,2810.11,3293.47,43.2365,-1.57485,-0.7,1,0,0,0,7,100,4,2786.46,5744.37,32.92
7.1505,107,6,2887.78,2027.3,30.2136,1.56022,0,1,0,0,0,7,100,4,2795.73,5561.41,23.46
8.099,204,16,2758.01,5317,43.4978,-1.67209,-0.2,1,0,0,0,7,100,4,0,0,0
8.098,202,13,2756.3,4493.52,43.5369,-1.57468,9.5,1,1,36,0.25,7,100,4,0,0,0
8.1015,9,9,2854.41,2798.76,36.275,1.57524,0,1,1,32,0.15,7,100,4,2939.24,766.752,27.44
8.0995,205,18,2786.45,5744.28,43.2983,-1.67524,2.7,1,0,0,0,7,100,4,0,0,0
7.096,198,9,2823.36,2986.59,43.5085,-1.56881,0,1,1,32,0.15,7,100,4,2758,5316.89,33.07
8.1025,11,7,2884.05,2140.52,36.1822,1.55807,0,1,0,0,0,7,100,4,2974.92,440.43,27.74
8.104,14,3,2926.33,1096.66,36.1551,1.56711,0,1,1,32,0.15,7,100,4,2792.68,5564.26,27.41
8.1045,15,3,2939.24,766.826,36.089,1.56686,0,1,1,32,0.15,7,100,4,2768.75,5214.19,27.69
7.0955,197,8,2844.15,2505.56,42.7041,-1.57737,0,1,0,0,0,7,100,4,2743.77,4933.83,32.51
8.103,12,5,2894.88,1783.05,35.97,1.57947,0,1,0,0,0,7,100,4,2826.48,6192.2,27.58
8.1055,17,2,2974.9,440.501,36.4825,1.709,0,1,0,0,0,7,100,4,2779.61,4502.85,27.32
8.1065,19,18,2808.25,5851.93,36.5218,1.47388,0,1,0,0,0,7,100,4,2814.53,5967.89,32.31
8.102,10,8,2869.21,2470.24,36.4428,1.56114,0,1,0,0,0,7,100,4,2827.26,6580.44,27.35
8.1075,21,16,2768.75,5214.27,36.416,1.47014,0,1,0,0,0,7,100,4,2827.06,6503.32,39.79
8.1095,25,19,2814.53,5967.98,42.4904,1.47386,0,1,0,0,0,7,100,4,2804.63,5844.36,39.6
8.109,24,13,2794.35,4168.6,35.875,1.57208,0,1,1,32,0.15,7,100,4,2793.5,5638.51,36.14
8.097,200,12,2791.44,3726.05,42.805,-1.56986,1.7,1,1,32,0.15,7,100,4,0,0,0
8.111,28,19,2813.7,6011.78,45.4482,1.47396,0,1,1,281,0.5,7,100,4,2798.83,5737.05,39.45
8.113,32,19,2810.62,5954.9,46.84,1.47428,0,1,1,321,0.25,7,100,4,2760.42,4946.08,37.54
8.1135,33,18,2801.72,5790.6,52.3759,1.47421,0,1,1,321,0.25,7,100,4,2760.88,4815.91,36.94
8.1145,35,17,2783.31,5452.69,51.5469,1.47236,0,1,1,321,0.25,7,100,4,2762.04,4767.12,37.61
8.1155,37,17,2786.19,5504.24,50.7307,1.47307,0,1,1,321,0.25,7,100,4,2765.13,4686.72,40.94
8.114,34,18,2798.83,5737.16,51.8735,1.47433,0,1,1,321,0.25,7,100,4,2760.5,4895.92,37.29
8.116,38,15,2760.43,4946.16,49.3616,1.5132,0,1,1,257,0.2,7,100,4,2771.03,4552.24,39.39
8.1165,39,14,2760.88,4816,48.5717,1.53331,0,1,1,281,0.5,7,100,4,2777.85,4397.13,37.9
8.115,36,17,2789.03,5556.04,51.7272,1.47426,0,1,1,321,0.25,7,100,4,2774.39,4475.67,38
8.12,46,13,2780.77,4330.87,52.0416,1.57274,0,1,1,353,0.4,7,100,4,2817.24,3514.31,38.97
8.1205,47,12,2794.31,4024.22,53.1982,1.57278,0,1,1,289,0.35,7,100,4,2819.99,3462.52,39.04
8.118,42,13,2774.39,4475.64,49.9635,1.57252,0,1,1,353,0.4,7,100,4,2784.63,4243.44,40.43
8.121,48,13,2784.63,4243.45,53.1583,1.57285,0,1,1,313,0.65,7,100,4,2833.49,3161.6,35.28
8.122,50,10,2831.07,3209.08,45.9255,1.57502,0,1,1,257,0.2,7,100,4,2838.77,3035.87,37.91
8.123,52,11,2817.24,3514.42,51.2367,1.58178,0,1,1,281,0.5,7,100,4,2852.1,2779.64,37.82
8.1235,53,11,2819.98,3462.63,51.3285,1.5817,0,1,1,257,0.2,7,100,4,2858.55,2643.89,38.2
8.124,54,10,2833.49,3161.7,46.3843,1.58006,0,1,1,321,0.25,7,100,4,2878.39,2217.79,32.57
8.125,56,9,2838.76,3035.95,49.8414,1.57015,0,1,1,353,0.4,7,100,4,2887.35,1941.59,32.13
8.1245,55,9,2844.51,2935.61,49.3149,1.61664,0,1,1,353,0.4,7,100,4,2862.6,2558.45,39.49
8.1255,57,9,2840.85,2985.74,49.275,1.57041,0,1,1,353,0.4,7,100,4,2880.84,2043.55,35.16
8.1265,59,8,2858.54,2644,50.2211,1.57619,0,1,1,281,0.5,7,100,4,2883.96,1947.44,35.96
8.126,58,9,2852.1,2779.74,49.7211,1.57616,0,1,1,353,0.4,7,100,4,2882.38,1996.15,34.87
8.117,40,15,2760.5,4895.92,49.0239,1.53368,0,1,0,0,0,7,100,4,2780.76,4331.19,39.58
8.1275,61,8,2862.59,2558.51,51.9159,1.57622,0,1,1,281,0.5,7,100,4,2896.9,1682.17,37.61
8.129,64,6,2882.38,1996.21,45.8415,1.5613,0,1,1,321,0.25,7,100,4,2929.16,942.307,29.48
8.1285,63,6,2880.83,2043.62,46.2225,1.56133,0,1,1,353,0.4,7,100,4,2900.5,1550.46,35.8
8.1295,65,6,2883.96,1947.54,47.274,1.56146,0,1,1,353,0.4,7,100,4,2928.1,969.436,40.13
8.1305,67,5,2896.89,1682.25,49.4417,1.58084,0,1,1,321,0.25,7,100,4,2927.29,908.184,37.52
8.1085,23,13,2779.61,4502.91,35.9144,1.57295,0,1,1,32,0.15,7,100,4,2817,6072.84,32.37
8.128,62,6,2887.35,1941.68,42.2373,1.56139,0,1,1,96,0.2,7,100,4,2903.42,1556,35.73
8.1325,71,3,2928.1,969.552,52.7533,1.56813,0,1,1,353,0.4,7,100,4,2948.08,592.839,36.95
8.133,72,3,2923.26,1011.16,53.2391,1.56832,0,1,1,353,0.4,7,100,4,3008.19,269.902,22.84
8.1315,69,4,2900.49,1550.53,47.0603,1.58077,0,1,1,257,0.2,7,100,4,2936.06,687.953,33.85
8.134,74,3,2938.33,709.694,42.7218,1.57036,0,1,1,32,0.15,7,100,4,2831.66,6527.39,24.53
8.1335,73,3,2927.29,908.265,49.32,1.56833,0,1,1,313,0.65,7,100,4,3020.21,240.368,23.13
8.136,78,1,3008.17,269.964,30.0227,1.79758,0,1,0,0,0,7,100,4,2857.14,2808.44,24.51
8.1355,77,2,2948.07,592.944,48.5697,1.64443,0,1,1,321,0.25,7,100,4,2842.37,3103.53,24.96
8.13,66,5,2894.26,1733.06,50.1598,1.58089,0,1,1,321,0.25,7,100,4,2923.26,1011.32,40.5
8.127,60,7,2878.39,2217.87,42.8115,1.56151,0,1,0,0,0,7,100,4,2894.24,1733.34,38.16
8.131,68,4,2903.42,1555.97,46.9644,1.58109,0,1,1,281,0.5,7,100,4,2938.33,709.84,32.5
7.057,120,12,2812.78,3744.04,30.3095,1.56931,0,1,1,32,0.15,7,100,4,2852.65,2835.66,32.54
8.1425,91,3,2946.99,664.889,32.6085,1.588,0,1,1,32,0.15,7,100,4,2769.65,4656.37,24.94
8.1395,85,8,2871.94,2484.64,32.1615,1.56302,0,1,0,0,0,7,100,4,2946.99,664.898,24.81
8.146,98,13,2786.99,4335.18,32.738,1.5738,0,1,1,32,0.15,7,100,4,2853.98,2875.2,23.04
8.1465,99,12,2798.26,4007.36,32.6059,1.57405,0,1,1,32,0.15,7,100,4,2867.33,2594.01,23.5
7.085,176,12,2778.15,4084.28,49.925,-1.56493,0,1,1,32,0.15,7,100,4,2755.32,4599.42,34.61
8.15,106,7,2879.07,2294.39,30.8038,1.57466,0,1,0,0,0,7,100,4,2956.54,578.497,23.51
7.0925,191,11,2797.52,3541.2,32.3016,-1.63371,0,1,0,0,0,7,100,4,2845.4,2471.28,32.67
8.1505,107,6,2887.03,2050.29,30.6194,1.56207,0,1,1,32,0.15,7,100,4,2795.8,5562.65,23.46
8.151,108,5,2900.52,1736.01,30.1853,1.5813,0,1,0,0,0,7,100,4,2998.13,306.865,23.16
8.1445,95,16,2773.58,5241.98,32.1694,1.4641,0,1,0,0,0,7,100,4,2827.12,6141.3,23.16
8.1525,111,3,2938.63,864.112,30.8025,1.56878,0,1,1,32,0.15,7,100,4,2771.76,4681.49,23.25
8.153,112,2,2956.53,578.561,30.8942,1.67166,0,1,0,0,0,7,100,4,2784.36,4394.7,23.51
8.154,114,1,2998.12,306.914,30.4338,1.78755,0,1,0,0,0,7,100,4,2811.77,3769.35,23.22
8.1515,109,4,2916.51,1426.86,30.2362,1.58179,0,1,0,0,0,7,100,4,2776.29,5234.35,23.26
8.155,116,15,2766.76,4937.82,30.407,1.5184,0,1,0,0,0,7,100,4,2779.96,4422.06,32.5
8.152,110,4,2926.41,1176.31,30.5512,1.56923,0,1,0,0,0,7,100,4,2766.76,4937.83,23.14
8.1565,119,12,2799.89,4043.17,30.5109,1.57448,0,1,1,32,0.15,7,100,4,2834.83,3130.66,32.06
8.158,122,13,2779.95,4422.15,42.7035,1.57423,0,1,1,32,0.15,7,100,4,2885.79,1989.75,33.23
8.157,120,12,2811.77,3769.41,30.5097,1.56985,0,1,1,32,0.15,7,100,4,2852.63,2836.28,32.54
8.1585,123,12,2800.86,3875.83,42.6368,1.57434,0,1,1,32,0.15,7,100,4,2899.9,1624.06,32.67
8.1575,121,11,2823.53,3516.57,30.3252,1.58358,0,1,0,0,0,7,100,4,2868.08,2407.89,33.28
8.159,124,11,2815.75,3600.5,43.4248,1.58721,0,1,0,0,0,7,100,4,2922.14,1121.85,32.67
8.1625,131,3,2932.89,765.322,42.7793,1.56969,0,1,1,32,0.15,7,100,4,2763.77,4882.19,32.58
8.1485,103,10,2839.48,3171.51,30.8492,1.58618,0,1,0,0,0,7,100,4,2916.5,1427.14,23.01
8.163,132,1,2993.63,338.458,37.4972,1.74695,0,1,0,0,0,7,100,4,2815.06,3099.55,27.68
8.16,126,9,2852.62,2836.29,42.7512,1.57785,0,1,1,32,0.15,7,100,4,2993.61,338.528,28.54
8.14,86,7,2881.59,2218.05,32.5022,1.56295,0,1,0,0,0,7,100,4,2813.15,5883.25,24.75
8.168,142,13,2753.28,4488.67,32.8697,-1.57179,0,1,1,32,0.15,7,100,4,2922.17,710.406,35.97
8.1685,143,14,2742.69,4795.78,35.7729,-1.58451,0,1,0,0,0,7,100,4,2896.56,1355.43,33.2
8.1675,141,13,2770.25,4184.32,36.482,-1.56411,0,1,1,32,0.15,7,100,4,2960.55,433.721,40.39
8.1705,147,2,2960.56,433.669,53.0598,-1.41246,0,1,1,257,0.2,7,100,4,2916.14,900.503,38.53
8.171,148,3,2922.18,710.31,47.2528,-1.53432,0,1,1,289,0.35,7,100,4,2861.19,2089.72,31.69
8.1715,149,4,2896.57,1355.33,43.6134,-1.56771,0,1,0,0,0,7,100,4,2879.29,1753.27,32.55
8.172,150,3,2928.72,666.804,50.063,-1.53435,0,1,1,353,0.4,7,100,4,2877.22,1800.1,33.15
8.173,152,3,2918.46,848.565,52.4137,-1.56386,0,1,1,353,0.4,7,100,4,2869.87,1965.97,36.84
8.167,140,12,2788.9,3784.18,36.2429,-1.56724,0,1,1,32,0.15,7,100,4,2980.79,342.775,41.62
8.1735,153,3,2916.15,900.391,50.6136,-1.56763,0,1,1,353,0.4,7,100,4,2867.75,2014.13,35.91
8.1725,151,3,2924.39,725.837,49.26,-1.54075,0,1,1,353,0.4,7,100,4,2872.08,1916.18,36.68
8.175,156,5,2877.23,1800.01,43.5452,-1.56659,0,1,0,64,0.05,7,100,4,2863.28,2114.92,37.13
8.1755,157,6,2872.08,1916.14,48.1814,-1.56643,0,1,1,353,0.4,7,100,4,2861.03,2165.89,36.89
8.176,158,6,2869.88,1965.86,48.3911,-1.56633,0,1,1,313,0.65,7,100,4,2837.74,2737.31,35.97
8.1775,161,8,2851.33,2396.94,45.9865,-1.57398,0,1,1,281,0.5,7,100,4,2830.54,2896.63,36.14
8.178,162,6,2863.28,2114.82,48.7707,-1.56634,0,1,1,289,0.35,7,100,4,2828.27,2948.3,38.54
8.177,160,6,2865.49,2064.97,48.4681,-1.56603,0,1,1,353,0.4,7,100,4,2833.48,2831.34,35.69
8.1745,155,5,2879.29,1753.19,42.7541,-1.56653,0,1,1,68,0.15,7,100,4,2851.33,2396.88,35.01
8.179,164,8,2837.74,2737.22,47.2458,-1.56513,0,1,1,321,0.25,7,100,4,2823.5,3054.34,38.78
8.1805,167,9,2830.55,2896.53,47.4682,-1.56612,0,1,1,353,0.4,7,100,4,2781.71,3939.79,32.09
8.181,168,9,2828.28,2948.19,50.62,-1.56603,0,1,1,353,0.4,7,100,4,2783.89,3893.25,33.92
8.1795,165,9,2835.55,2785.51,46.4163,-1.56506,0,1,1,353,0.4,7,100,4,2798.48,3581.88,36.12
8.1815,169,9,2825.86,3002.08,51.0131,-1.56528,0,1,1,353,0.4,7,100,4,2788.4,3865.47,40.29
8.182,170,9,2823.51,3054.25,50.9341,-1.56546,0,1,1,353,0.4,7,100,4,2780.09,4042.75,37.35
8.1825,171,11,2798.49,3581.86,47.4385,-1.43668,0,1,1,321,0.25,7,100,4,2785.17,3934.47,38.49
8.184,174,12,2783.89,3893.16,44.5487,-1.56333,0,1,1,353,0.4,7,100,4,2758.97,4506.96,35.24
8.1845,175,12,2788.4,3865.38,52.9136,-1.56351,0,1,1,353,0.4,7,100,4,2757.16,4552.88,33.92
8.1835,173,12,2781.72,3939.7,42.144,-1.56339,0,1,1,96,0.2,7,100,4,2760.86,4459.08,35.3
8.185,176,12,2780.1,4042.66,49.0518,-1.56353,0,1,1,313,0.65,7,100,4,2755.37,4598.13,34.61
8.187,180,13,2758.97,4506.9,46.2798,-1.57065,0,1,1,289,0.35,7,100,4,2748.3,5041.42,40.95
8.1875,181,13,2757.16,4552.84,44.5461,-1.57057,0,1,1,313,0.65,7,100,4,2754.52,5202.2,40.59
8.1885,183,14,2748.08,4835.23,53.8306,-1.58422,0,1,1,321,0.25,7,100,4,2960.08,403.549,24.66
8.189,184,15,2747.12,4947.04,49.1803,-1.61747,0,1,1,321,0.25,7,100,4,2916.77,816.493,24.79
8.1895,185,15,2745.1,5041.61,45.7258,-1.62259,0,1,1,321,0.25,7,100,4,2797.26,3514.69,24.33
8.1905,187,16,2754.52,5202.12,53.3025,-1.66637,0,1,1,321,0.25,7,100,4,2914.88,788.701,23.45
8.191,188,16,2757.6,5255.24,54.208,-1.66807,0,1,1,321,0.25,7,100,4,2900.5,1114.96,23.28
8.19,186,15,2748.3,5041.35,53.7744,-1.62283,0,1,1,321,0.25,7,100,4,2783.58,3831.43,24.59
8.1935,193,3,2914.88,788.663,30.7934,-1.56295,0,1,1,32,0.15,7,100,4,2810.24,3290.28,32.87
8.1945,195,12,2787.11,3751.87,30.8059,-1.56629,0,1,1,32,0.15,7,100,4,2772.76,4131.37,32.97
8.1955,197,8,2845.45,2469.82,42.8992,-1.57302,0,1,1,24,0.3,7,100,4,2743.78,4930.89,32.51
8.196,198,9,2824.99,2950.32,42.8988,-1.56565,0,1,1,56,0.45,7,100,4,2757.82,5313.79,33.07
8.1965,199,10,2810.24,3290.19,43.161,-1.57047,0,1,0,0,0,7,100,4,2786.26,5741.08,32.92
8.197,200,12,2791.58,3722.8,42.7404,-1.56607,0,1,1,32,0.15,7,100,4,0,0,0
8.198,202,13,2756.43,4490.21,43.4616,-1.57034,0,1,1,32,0.15,7,100,4,0,0,0
8.1995,205,18,2786.25,5740.99,43.2243,-1.67095,0,1,0,0,0,7,100,4,0,0,0
8.199,204,16,2757.82,5313.7,43.4202,-1.66761,0,1,0,0,0,7,100,4,0,0,0
8.202,10,8,2869.11,2473.01,36.382,1.56534,0,1,0,0,0,7,100,4,2826.99,6583.03,27.35
8.2015,9,9,2854.28,2801.51,36.2108,1.57969,0,1,1,32,0.15,7,100,4,2939.13,769.523,27.44
8.203,12,5,2894.74,1785.78,35.9081,1.5838,0,1,0,0,0,7,100,4,2826.61,6194.91,27.58
8.2045,15,3,2939.13,769.568,36.0259,1.57126,0,1,1,32,0.15,7,100,4,2768.91,5216.96,27.69
8.2055,17,2,2974.4,443.229,36.4191,1.71338,0,1,0,0,0,7,100,4,2779.49,4505.56,27.32
8.2065,19,18,2808.4,5854.71,36.4578,1.47829,0,1,0,0,0,7,100,4,2814.7,5971.11,32.31
8.2075,21,16,2768.91,5217.04,36.3521,1.47455,0,1,0,0,0,7,100,4,2826.76,6507.29,39.79
8.2025,11,7,2883.97,2143.27,36.1153,1.56272,0,1,0,0,0,7,100,4,2974.39,443.308,27.74
8.2085,23,13,2779.49,4505.63,35.8658,1.57636,0,1,1,32,0.15,7,100,4,2817.14,6075.33,32.37
8.204,14,3,2926.22,1099.4,36.0886,1.57174,0,1,1,32,0.15,7,100,4,2792.84,5567.14,27.41
8.209,24,13,2794.23,4171.33,35.8118,1.57651,0,1,1,32,0.15,7,100,4,2793.69,5642.13,36.14
8.211,28,19,2813.88,6015.23,45.3684,1.47839,0,1,1,257,0.2,7,100,4,2799.04,5740.99,39.45
8.2095,25,19,2814.71,5971.21,42.4142,1.47837,0,1,0,0,0,7,100,4,2804.85,5848.41,39.6
8.213,32,19,2810.81,5958.46,46.7583,1.47868,0,1,1,321,0.25,7,100,4,2760.48,4949.81,37.54
8.2135,33,18,2801.94,5794.58,52.2842,1.47862,0,1,1,321,0.25,7,100,4,2760.86,4819.59,36.94
8.214,34,18,2799.05,5741.1,51.7849,1.47864,0,1,1,321,0.25,7,100,4,2760.48,4899.55,37.29
8.2145,35,17,2783.53,5456.61,51.4562,1.47679,0,1,1,321,0.25,7,100,4,2761.92,4770.88,37.61
8.215,36,17,2789.24,5559.97,51.6394,1.47854,0,1,1,321,0.25,7,100,4,2774.23,4479.34,38
8.2155,37,17,2786.4,5508.09,50.6416,1.4775,0,1,1,321,0.25,7,100,4,2764.96,4690.81,40.94
8.216,38,15,2760.48,4949.92,49.2758,1.51758,0,1,1,257,0.2,7,100,4,2770.86,4556.13,39.39
8.183,172,11,2803.66,3514.71,54.6444,-1.56124,0,1,1,321,0.25,7,100,4,2782.84,3984.18,38.67
8.217,40,15,2760.48,4899.65,48.947,1.53763,0,1,1,257,0.2,7,100,4,2780.6,4334.72,39.58
8.208,22,14,2767.09,4855.83,36.1227,1.53754,0,1,0,0,0,7,100,4,2813.9,6015.45,34.56
8.2165,39,14,2760.86,4819.7,48.4869,1.53771,0,1,1,321,0.25,7,100,4,2777.69,4400.89,37.9
8.218,42,13,2774.23,4479.44,49.878,1.57683,0,1,1,353,0.4,7,100,4,2784.46,4247.37,40.43
8.219,44,13,2770.85,4556.24,51.7016,1.57684,0,1,1,353,0.4,7,100,4,2830.92,3212.47,34.93
8.2185,43,14,2764.95,4690.93,53.7353,1.57399,0,1,1,321,0.25,7,100,4,2791.83,4080.56,40.42
8.22,46,13,2780.59,4334.83,51.9495,1.57721,0,1,1,353,0.4,7,100,4,2817.03,3518.22,38.97
8.2195,45,13,2777.68,4400.95,49.7442,1.57706,0,1,1,353,0.4,7,100,4,2806.26,3746.61,40.99
8.221,48,13,2784.45,4247.49,53.0642,1.57731,0,1,1,289,0.35,7,100,4,2833.31,3165.14,35.28
8.222,50,10,2830.91,3212.57,45.8451,1.57943,0,1,1,257,0.2,7,100,4,2838.61,3039.63,37.91
8.2205,47,12,2794.14,4028.26,53.1027,1.57731,0,1,1,289,0.35,7,100,4,2819.78,3466.5,39.04
8.2235,53,11,2819.78,3466.53,51.2381,1.58614,0,1,1,257,0.2,7,100,4,2858.37,2647.71,38.2
8.2215,49,12,2791.82,4080.62,53.0485,1.57745,0,1,1,289,0.35,7,100,4,2844.18,2939.34,37.51
8.223,52,11,2817.03,3518.31,51.145,1.5863,0,1,1,321,0.25,7,100,4,2851.92,2783.48,37.82
8.2175,41,14,2761.91,4770.99,49.3596,1.5659,0,1,1,281,0.5,7,100,4,2794.13,4028.47,40.46
8.2255,57,9,2840.7,2989.48,49.1889,1.57482,0,1,1,353,0.4,7,100,4,2880.72,2047.03,35.16
8.226,58,9,2851.92,2783.52,49.6347,1.58054,0,1,1,353,0.4,7,100,4,2882.27,1999.59,34.87
8.225,56,9,2838.61,3039.74,49.7525,1.57465,0,1,1,353,0.4,7,100,4,2887.24,1944.84,32.13
8.2265,59,8,2858.36,2647.82,50.1329,1.58062,0,1,1,257,0.2,7,100,4,2883.84,1951.03,35.96
8.227,60,7,2878.28,2221.13,42.7435,1.56552,0,1,0,0,0,7,100,4,2894.07,1736.77,38.16
8.228,62,6,2887.24,1944.89,42.1657,1.56568,0,1,1,96,0.2,7,100,4,2903.24,1559.43,35.73
8.2285,63,6,2880.72,2047.13,46.1416,1.56575,0,1,1,353,0.4,7,100,4,2900.31,1554.01,35.8
8.2275,61,8,2862.41,2562.45,51.8238,1.5807,0,1,1,321,0.25,7,100,4,2896.7,1685.95,37.61
8.2295,65,6,2883.84,1951.13,47.1904,1.56593,0,1,1,353,0.4,7,100,4,2927.95,973.459,40.13
8.23,66,5,2894.06,1736.87,50.077,1.58506,0,1,1,321,0.25,7,100,4,2923.11,1015.11,40.5
8.231,68,4,2903.24,1559.53,46.8876,1.58523,0,1,1,321,0.25,7,100,4,2938.2,712.848,32.5
8.2305,67,5,2896.7,1686.01,49.354,1.58533,0,1,1,321,0.25,7,100,4,2927.14,911.955,37.52
8.2325,71,3,2927.94,973.562,52.6602,1.57259,0,1,1,353,0.4,7,100,4,2947.66,596.508,36.95
8.233,72,3,2923.11,1015.21,53.1452,1.57278,0,1,1,353,0.4,7,100,4,3007.59,272.104,22.84
8.229,64,6,2882.26,1999.69,45.7571,1.56595,0,1,1,353,0.4,7,100,4,2929.04,945.381,29.48
8.2335,73,3,2927.14,912.014,49.234,1.57274,0,1,1,353,0.4,7,100,4,3019.57,242.557,23.13
8.224,54,10,2833.3,3165.22,46.2944,1.58496,0,1,1,321,0.25,7,100,4,2878.27,2221.37,32.57
8.234,74,3,2938.2,712.942,42.6463,1.57483,0,1,1,32,0.15,7,100,4,2831.47,6529.84,24.53
8.235,76,3,2939.42,642.476,44.3122,1.6306,0,1,1,353,0.4,7,100,4,2828.06,3431.22,24.62
8.2355,77,2,2947.64,596.614,48.4844,1.64888,0,1,1,321,0.25,7,100,4,2842.26,3106.01,24.96
8.236,78,1,3007.57,272.167,29.9693,1.80208,0,1,0,0,0,7,100,4,2857.03,2810.91,24.51
8.2245,55,9,2844.18,2939.35,49.2181,1.6216,0,1,1,353,0.4,7,100,4,2862.39,2562.84,39.49
8.2315,69,4,2900.31,1554.11,46.9738,1.58542,0,1,1,257,0.2,7,100,4,2935.91,691.476,33.85
8.2395,85,8,2871.85,2487.09,32.1065,1.56735,0,1,0,0,0,7,100,4,2946.85,667.295,24.81
8.24,86,7,2881.51,2220.52,32.4604,1.5662,0,1,0,0,0,7,100,4,2813.25,5885.04,24.75
8.2425,91,3,2946.85,667.366,32.5509,1.59248,0,1,1,32,0.15,7,100,4,2769.54,4658.86,24.94
8.2435,93,2,2989.07,374.097,32.2092,1.74877,0,1,0,0,0,7,100,4,2798.16,4009.77,24.81
8.2445,95,16,2773.74,5244.42,32.1164,1.46828,0,1,0,0,0,7,100,4,2827.24,6143.45,23.16
8.2455,97,14,2769.54,4658.93,32.7193,1.57826,0,1,0,0,0,7,100,4,2839.35,3173.8,23.48
8.247,100,12,2809.73,3739.86,32.7581,1.57383,0,1,1,32,0.15,7,100,4,2878.97,2296.67,23.44
8.2465,99,12,2798.15,4009.84,32.5479,1.57856,0,1,1,32,0.15,7,100,4,2867.21,2596.37,23.5
8.246,98,13,2786.88,4337.67,32.6787,1.57839,0,1,1,32,0.15,7,100,4,2853.87,2877.56,23.04
8.2485,103,10,2839.35,3173.85,30.8026,1.59001,0,1,0,0,0,7,100,4,2916.39,1429.09,23.01
8.25,106,7,2878.97,2296.73,30.7493,1.57915,0,1,0,0,0,7,100,4,2956.21,580.821,23.51
8.2505,107,6,2886.95,2052.62,30.5653,1.56655,0,1,1,96,0.2,7,100,4,2795.93,5564.98,23.46
8.251,108,5,2900.4,1738.31,30.1321,1.58577,0,1,0,0,0,7,100,4,2997.55,309.092,23.16
8.2515,109,4,2916.39,1429.16,30.1843,1.58615,0,1,0,0,0,7,100,4,2776.44,5236.59,23.26
8.252,110,4,2926.32,1178.63,30.4987,1.57359,0,1,0,64,0.05,7,100,4,2766.79,4940.07,23.14
8.2525,111,3,2938.54,866.454,30.7477,1.57329,0,1,1,32,0.15,7,100,4,2771.66,4683.82,23.25
8.253,112,2,2956.2,580.888,30.8391,1.67618,0,1,0,0,0,7,100,4,2784.26,4397.06,23.51
8.254,114,1,2997.53,309.154,30.3797,1.79206,0,1,0,0,0,7,100,4,2811.68,3771.67,23.22
8.255,116,15,2766.79,4940.13,30.353,1.5229,0,1,0,0,0,7,100,4,2779.82,4425.31,32.5
8.2565,119,12,2799.79,4045.49,30.4571,1.57895,0,1,1,32,0.15,7,100,4,2834.7,3133.84,32.06
8.257,120,12,2811.67,3771.73,30.4568,1.57425,0,1,1,32,0.15,7,100,4,2852.47,2839.45,32.54
8.2575,121,11,2823.41,3518.88,30.2728,1.58797,0,1,0,64,0.05,7,100,4,2867.97,2411.13,33.28
8.258,122,13,2779.81,4425.4,42.6281,1.57871,0,1,1,32,0.15,7,100,4,2885.68,1993.05,33.23
8.2585,123,12,2800.72,3879.07,42.5623,1.57878,0,1,1,32,0.15,7,100,4,2899.73,1627.27,32.67
8.259,124,11,2815.56,3603.8,43.3487,1.59166,0,1,0,0,0,7,100,4,2922.01,1125.06,32.67
8.26,126,9,2852.47,2839.54,42.6792,1.58212,0,1,1,32,0.15,7,100,4,2993.03,341.165,28.54
8.2625,131,3,2932.76,768.576,42.7032,1.5742,0,1,1,32,0.15,7,100,4,2763.75,4885.45,32.58
8.263,132,1,2993.02,341.245,37.4305,1.75147,0,1,1,128,0.1,7,100,4,2815.18,3096.78,27.68
8.262,130,4,2922.01,1125.15,42.8464,1.57415,0,1,0,0,0,7,100,4,2763.3,5098.68,32.24
8.2655,137,15,2763.75,4885.53,42.7275,1.53962,0,1,0,0,0,7,100,4,2742.76,4793.14,27.23
8.2665,139,11,2802.85,3464.5,35.7498,-1.55919,0,1,0,0,0,7,100,4,2930.24,610.239,35.26
8.267,140,12,2789.02,3781.42,36.1823,-1.56299,0,1,1,32,0.15,7,100,4,2981.78,338.994,41.62
8.2675,141,13,2770.38,4181.55,36.418,-1.55965,0,1,1,32,0.15,7,100,4,2961.33,429.821,40.39
8.268,142,13,2753.38,4486.17,32.8112,-1.56727,0,1,1,32,0.15,7,100,4,2922.45,706.824,35.97
8.2685,143,14,2742.76,4793.06,35.7089,-1.57996,0,1,0,0,0,7,100,4,2896.71,1352.09,33.2
8.2705,147,2,2961.35,429.709,52.9652,-1.40793,0,1,1,257,0.2,7,100,4,2916.31,896.653,38.53
8.271,148,3,2922.46,706.724,47.1686,-1.52978,0,1,1,289,0.35,7,100,4,2861.33,2086.55,31.69
8.2715,149,4,2896.71,1352.01,43.5357,-1.56318,0,1,0,0,0,7,100,4,2879.43,1750.02,32.55
8.272,150,3,2929.01,663.004,49.9736,-1.5298,0,1,1,353,0.4,7,100,4,2877.37,1796.78,33.15
8.273,152,3,2918.65,844.579,52.3203,-1.55932,0,1,1,353,0.4,7,100,4,2870.04,1962.29,36.84
8.2725,151,3,2924.65,722.096,49.173,-1.53626,0,1,1,353,0.4,7,100,4,2872.24,1912.55,36.68
8.2735,153,3,2916.31,896.542,50.5233,-1.56309,0,1,1,353,0.4,7,100,4,2867.91,2010.54,35.91
8.2745,155,5,2879.43,1749.93,42.6811,-1.56218,0,1,0,64,0.05,7,100,4,2851.45,2393.54,35.01
8.275,156,5,2877.37,1796.7,43.4672,-1.56203,0,1,0,64,0.05,7,100,4,2863.44,2111.2,37.13
8.2755,157,6,2872.25,1912.47,48.0953,-1.56188,0,1,1,353,0.4,7,100,4,2861.19,2162.2,36.89
8.2765,159,6,2867.91,2010.44,47.0852,-1.56175,0,1,1,357,0.5,7,100,4,2835.7,2782.08,35.34
8.2775,161,8,2851.46,2393.44,45.9044,-1.56943,0,1,1,257,0.2,7,100,4,2830.7,2893.02,36.14
8.278,162,6,2863.45,2111.11,48.6836,-1.56179,0,1,1,289,0.35,7,100,4,2828.45,2944.45,38.54
8.277,160,6,2865.65,2061.28,48.3815,-1.56148,0,1,1,353,0.4,7,100,4,2833.64,2827.77,35.69
8.279,164,8,2837.9,2733.62,47.1616,-1.56059,0,1,1,321,0.25,7,100,4,2823.68,3050.48,38.78
8.276,158,6,2870.04,1962.18,48.3018,-1.56163,0,1,1,353,0.4,7,100,4,2837.91,2733.59,35.97
8.2795,165,9,2835.71,2781.98,46.3346,-1.56057,0,1,1,353,0.4,7,100,4,2799.1,3578.38,36.12
8.2805,167,9,2830.71,2892.92,47.383,-1.56155,0,1,1,353,0.4,7,100,4,2781.86,3936.57,32.09
8.2815,169,9,2826.03,2998.2,50.9224,-1.56076,0,1,1,353,0.4,7,100,4,2788.59,3861.47,40.29
8.282,170,9,2823.68,3050.38,50.8432,-1.56092,0,1,1,353,0.4,7,100,4,2780.27,4039.03,37.35
8.281,168,9,2828.45,2944.34,50.5283,-1.56141,0,1,1,353,0.4,7,100,4,2784.05,3889.82,33.92
8.283,172,11,2803.86,3510.55,54.5789,-1.55818,0,1,1,321,0.25,7,100,4,2782.96,3981.61,38.67
8.2835,173,12,2781.87,3936.49,42.0711,-1.55898,0,1,1,96,0.2,7,100,4,2760.99,4455.67,35.3
8.284,174,12,2784.05,3889.77,44.4698,-1.55881,0,1,1,353,0.4,7,100,4,2759.1,4503.48,35.24
8.2825,171,11,2799.11,3578.31,47.3533,-1.43211,0,1,1,321,0.25,7,100,4,2785.35,3930.61,38.49
8.2855,177,12,2785.35,3930.6,50.4599,-1.55887,0,1,1,289,0.35,7,100,4,2748.18,4831.25,40.99
8.2845,175,12,2788.59,3861.35,52.8192,-1.55896,0,1,1,353,0.4,7,100,4,2757.29,4549.5,33.92
8.285,176,12,2780.27,4038.93,48.9643,-1.55899,0,1,1,353,0.4,7,100,4,2755.51,4594.69,34.61
8.287,180,13,2759.11,4503.38,46.1977,-1.56613,0,1,1,289,0.35,7,100,4,2748.25,5037.36,40.95
8.2875,181,13,2757.29,4549.45,44.4668,-1.56603,0,1,1,353,0.4,7,100,4,2754.29,5198.17,40.59
8.2885,183,14,2748.19,4831.13,53.7344,-1.57966,0,1,1,321,0.25,7,100,4,2960.56,401.136,24.66
8.288,182,13,2755.51,4594.65,45.3703,-1.56619,0,1,1,353,0.4,7,100,4,2757.37,5251.19,41.28
8.289,184,15,2747.09,4943.3,49.0927,-1.61294,0,1,1,321,0.25,7,100,4,2916.89,814.032,24.79
8.29,186,15,2748.25,5037.25,53.6803,-1.61837,0,1,1,321,0.25,7,100,4,2783.69,3829.03,24.59
8.2895,185,15,2745.05,5038.12,45.6442,-1.61804,0,1,1,321,0.25,7,100,4,2797.37,3512.27,24.33
8.2905,187,16,2754.29,5198.07,53.2074,-1.66182,0,1,1,321,0.25,7,100,4,2914.99,786.369,23.45
8.291,188,16,2757.36,5251.12,54.1112,-1.66352,0,1,1,321,0.25,7,100,4,2900.6,1112.64,23.28
8.2925,191,11,2797.38,3512.23,31.8923,-1.55803,0,1,0,0,0,7,100,4,2845.57,2466.65,32.67
8.2935,193,3,2914.99,786.321,30.7382,-1.55838,0,1,1,32,0.15,7,100,4,2810.37,3287,32.87
8.2945,195,12,2787.21,3749.53,30.7508,-1.56172,0,1,1,32,0.15,7,100,4,2772.91,4128.08,32.97
8.2955,197,8,2845.57,2466.56,42.8222,-1.56844,0,1,0,0,0,7,100,4,2743.79,4927.64,32.51
8.296,198,9,2825.14,2947.06,42.8218,-1.56107,0,1,1,32,0.15,7,100,4,2757.63,5310.49,33.07
8.2965,199,10,2810.37,3286.9,43.0834,-1.56588,0,1,0,0,0,7,100,4,2786.05,5737.79,32.92
8.297,200,12,2791.72,3719.54,42.6636,-1.56148,0,1,1,32,0.15,7,100,4,0,0,0
8.298,202,13,2756.56,4486.91,43.3838,-1.56577,0,1,1,32,0.15,7,100,4,0,0,0
8.299,204,16,2757.63,5310.4,43.3437,-1.66312,0,1,0,0,0,7,100,4,0,0,0
8.2995,205,18,2786.05,5737.7,43.1467,-1.66636,0,1,0,0,0,7,100,4,0,0,0
8.3015,9,9,2854.14,2804.26,36.1465,1.58422,0,1,1,32,0.15,7,100,4,2939.03,772.231,27.44
8.302,10,8,2869.02,2475.78,36.3166,1.56993,0,1,0,0,0,7,100,4,2826.71,6585.75,27.35
8.3025,11,7,2883.89,2146.02,36.054,1.56705,0,1,0,0,0,7,100,4,2973.92,445.885,27.74
8.303,12,5,2894.6,1788.52,35.8439,1.58836,0,1,0,0,0,7,100,4,2826.74,6197.65,27.58
8.304,14,3,2926.11,1102.15,36.0269,1.5761,0,1,1,32,0.15,7,100,4,2792.98,5569.74,27.41
8.3045,15,3,2939.02,772.31,35.9611,1.57586,0,1,1,32,0.15,7,100,4,2769.07,5219.72,27.69
8.3055,17,2,2973.91,445.958,36.3536,1.71797,0,1,0,0,0,7,100,4,2779.37,4508.29,27.32
8.3065,19,18,2808.55,5857.48,36.3922,1.48289,0,1,0,0,0,7,100,4,2814.88,5974.34,32.31
8.3075,21,16,2769.07,5219.8,36.2867,1.47915,0,1,0,0,0,7,100,4,2826.46,6511.25,39.79
8.308,22,14,2767.08,4858.58,36.0636,1.54172,0,1,0,0,0,7,100,4,2814.07,6018.58,34.56
8.3085,23,13,2779.37,4508.36,35.8011,1.58097,0,1,1,32,0.15,7,100,4,2817.31,6078.57,32.37
8.309,24,13,2794.11,4174.05,35.7483,1.58105,0,1,1,32,0.15,7,100,4,2793.88,5645.69,36.14
8.3095,25,19,2814.88,5974.43,42.3391,1.4829,0,1,0,0,0,7,100,4,2805.06,5852.29,39.6
8.311,28,19,2814.07,6018.68,45.2867,1.48299,0,1,1,257,0.2,7,100,4,2799.25,5744.92,39.45
8.313,32,19,2811,5962.01,46.674,1.48329,0,1,1,321,0.25,7,100,4,2760.54,4953.56,37.54
8.3135,33,18,2802.15,5798.56,52.19,1.48323,0,1,1,321,0.25,7,100,4,2760.84,4823.29,36.94
8.314,34,18,2799.26,5745.04,51.6915,1.48325,0,1,1,321,0.25,7,100,4,2760.46,4903.28,37.29
8.3145,35,17,2783.75,5460.52,51.3633,1.48141,0,1,1,321,0.25,7,100,4,2761.79,4774.65,37.61
8.3155,37,17,2786.61,5511.94,50.5503,1.48211,0,1,1,321,0.25,7,100,4,2764.79,4694.9,40.94
8.316,38,15,2760.54,4953.67,49.1871,1.52218,0,1,1,257,0.2,7,100,4,2770.68,4560.06,39.39
8.315,36,17,2789.45,5563.89,51.5451,1.48321,0,1,1,321,0.25,7,100,4,2774.06,4483.18,38
8.3175,41,14,2761.79,4774.74,49.2775,1.57015,0,1,1,257,0.2,7,100,4,2793.96,4032.19,40.46
8.3165,39,14,2760.84,4823.39,48.3993,1.54234,0,1,1,321,0.25,7,100,4,2777.52,4404.68,37.9
8.318,42,13,2774.06,4483.23,49.7879,1.58145,0,1,1,353,0.4,7,100,4,2784.28,4251.42,40.43
8.319,44,13,2770.68,4560.17,51.6082,1.58147,0,1,1,353,0.4,7,100,4,2830.75,3215.96,34.93
8.3195,45,13,2777.52,4404.74,49.6555,1.58163,0,1,1,353,0.4,7,100,4,2806.1,3750.66,40.99
8.3185,43,14,2764.78,4695.02,53.6379,1.57863,0,1,1,321,0.25,7,100,4,2791.65,4084.62,40.42
8.3205,47,12,2793.96,4032.3,53.0088,1.58184,0,1,1,289,0.35,7,100,4,2819.58,3470.32,39.04
8.321,48,13,2784.28,4251.53,52.9689,1.58191,0,1,1,353,0.4,7,100,4,2833.13,3168.64,35.28
8.3215,49,12,2791.64,4084.66,52.955,1.58196,0,1,1,289,0.35,7,100,4,2843.86,2942.99,37.51
8.32,46,13,2780.42,4338.78,51.8539,1.58192,0,1,1,353,0.4,7,100,4,2816.82,3522.19,38.97
8.323,52,11,2816.82,3522.2,51.0543,1.59084,0,1,1,321,0.25,7,100,4,2851.74,2787.19,37.82
8.317,40,15,2760.46,4903.38,48.8529,1.54256,0,1,1,321,0.25,7,100,4,2780.41,4338.93,39.58
8.3235,53,11,2819.57,3470.43,51.1454,1.59077,0,1,1,321,0.25,7,100,4,2858.19,2651.53,38.2
8.322,50,10,2830.75,3216.06,45.7605,1.58416,0,1,1,257,0.2,7,100,4,2838.45,3043.51,37.91
8.325,56,9,2838.45,3043.53,49.6638,1.57922,0,1,1,353,0.4,7,100,4,2887.14,1948.01,32.13
8.3255,57,9,2840.54,2993.23,49.0999,1.57946,0,1,1,353,0.4,7,100,4,2880.61,2050.55,35.16
8.324,54,10,2833.12,3168.74,46.2173,1.58923,0,1,1,321,0.25,7,100,4,2878.18,2224.37,32.57
8.326,58,9,2851.74,2787.3,49.5442,1.58522,0,1,1,353,0.4,7,100,4,2882.15,2003.11,34.87
8.3245,55,9,2843.85,2943.08,49.1376,1.6258,0,1,1,353,0.4,7,100,4,2862.22,2566.4,39.49
8.3265,59,8,2858.18,2651.63,50.0412,1.58531,0,1,1,321,0.25,7,100,4,2883.73,1954.66,35.96
8.3275,61,8,2862.22,2566.4,51.7306,1.58531,0,1,1,257,0.2,7,100,4,2896.51,1689.68,37.61
8.3285,63,6,2880.61,2050.65,46.0582,1.57038,0,1,1,353,0.4,7,100,4,2900.13,1557.58,35.8
8.329,64,6,2882.15,2003.18,45.6779,1.57039,0,1,1,353,0.4,7,100,4,2928.93,948.199,29.48
8.327,60,7,2878.18,2224.38,42.6646,1.57026,0,1,0,0,0,7,100,4,2893.87,1740.67,38.16
8.3295,65,6,2883.72,1954.72,47.1042,1.57062,0,1,1,353,0.4,7,100,4,2927.79,977.508,40.13
8.331,68,4,2903.05,1563.1,46.8027,1.58987,0,1,1,321,0.25,7,100,4,2938.07,716.096,32.5
8.328,62,6,2887.14,1948.1,42.0864,1.5705,0,1,1,96,0.2,7,100,4,2903.05,1563.14,35.73
8.3315,69,4,2900.12,1557.69,46.8934,1.58981,0,1,1,321,0.25,7,100,4,2935.77,694.669,33.85
8.3305,67,5,2896.5,1689.77,49.2641,1.59,0,1,1,321,0.25,7,100,4,2927,915.728,37.52
8.3335,73,3,2926.99,915.763,49.1452,1.57737,0,1,1,353,0.4,7,100,4,3018.91,244.765,23.13
8.334,74,3,2938.06,716.189,42.5694,1.57946,0,1,1,96,0.2,7,100,4,2831.29,6532.27,24.53
8.3325,71,3,2927.79,977.571,52.5628,1.57734,0,1,1,353,0.4,7,100,4,2947.22,600.258,36.95
8.335,76,3,2939.1,645.837,44.2319,1.63525,0,1,1,353,0.4,7,100,4,2827.93,3433.68,24.62
8.3355,77,2,2947.22,600.285,48.3968,1.65351,0,1,1,321,0.25,7,100,4,2842.16,3108.49,24.96
8.336,78,1,3006.96,274.369,29.9154,1.80669,0,1,0,0,0,7,100,4,2856.91,2813.34,24.51
8.333,72,3,2922.95,1019.26,53.0448,1.57763,0,1,1,353,0.4,7,100,4,3006.95,274.4,22.84
8.33,66,5,2893.86,1740.68,49.9795,1.59005,0,1,1,321,0.25,7,100,4,2922.94,1019.46,40.5
8.3395,85,8,2871.77,2489.53,32.0483,1.57201,0,1,0,0,0,7,100,4,2946.71,669.771,24.81
8.34,86,7,2881.43,2223,32.4016,1.57086,0,1,0,64,0.05,7,100,4,2813.38,5887.51,24.75
8.3425,91,3,2946.7,669.843,32.4918,1.59714,0,1,1,32,0.15,7,100,4,2769.43,4661.35,24.94
8.3435,93,2,2988.54,376.495,32.1507,1.75344,0,1,0,0,0,7,100,4,2798.05,4012.25,24.81
8.3445,95,16,2773.9,5246.86,32.0584,1.47291,0,1,0,0,0,7,100,4,2827.36,6145.75,23.16
8.3455,97,14,2769.43,4661.42,32.6602,1.5829,0,1,0,0,0,7,100,4,2839.22,3176.13,23.48
8.346,98,13,2786.77,4340.16,32.6206,1.58296,0,1,1,32,0.15,7,100,4,2853.76,2879.81,23.04
8.3465,99,12,2798.04,4012.32,32.4893,1.58318,0,1,1,32,0.15,7,100,4,2867.1,2598.69,23.5
8.347,100,12,2809.64,3742.35,32.6984,1.57851,0,1,1,32,0.15,7,100,4,2878.86,2299.02,23.44
8.3485,103,10,2839.21,3176.2,30.7466,1.59468,0,1,0,0,0,7,100,4,2916.27,1431.39,23.01
8.35,106,7,2878.86,2299.08,30.6934,1.58382,0,1,0,0,0,7,100,4,2955.88,583.148,23.51
8.3505,107,6,2886.88,2054.95,30.5097,1.57122,0,1,1,96,0.2,7,100,4,2796.05,5567.32,23.46
8.351,108,5,2900.29,1740.6,30.0773,1.59045,0,1,0,0,0,7,100,4,2996.96,311.33,23.16
8.3515,109,4,2916.27,1431.46,30.1293,1.59083,0,1,0,0,0,7,100,4,2776.59,5238.92,23.26
8.352,110,4,2926.23,1180.96,30.4432,1.57826,0,1,0,64,0.05,7,100,4,2766.82,4942.39,23.14
8.3525,111,3,2938.45,868.796,30.6918,1.57796,0,1,1,32,0.15,7,100,4,2771.56,4686.14,23.25
8.353,112,2,2955.87,583.216,30.783,1.68086,0,1,0,0,0,7,100,4,2784.16,4399.41,23.51
8.354,114,1,2996.94,311.393,30.3244,1.79674,0,1,0,0,0,7,100,4,2811.59,3773.99,23.22
8.355,116,15,2766.82,4942.45,30.2977,1.52758,0,1,0,0,0,7,100,4,2779.67,4428.55,32.5
8.3565,119,12,2799.68,4047.81,30.4016,1.58364,0,1,1,32,0.15,7,100,4,2834.56,3137.04,32.06
8.357,120,12,2811.58,3774.05,30.4013,1.57893,0,1,1,32,0.15,7,100,4,2852.32,2842.7,32.54
8.3575,121,11,2823.28,3521.18,30.2177,1.59266,0,1,0,64,0.05,7,100,4,2867.86,2414.45,33.28
8.358,122,13,2779.67,4428.65,42.5503,1.58341,0,1,1,32,0.15,7,100,4,2885.57,1996.38,33.23
8.3585,123,12,2800.58,3882.31,42.4844,1.58349,0,1,1,32,0.15,7,100,4,2899.56,1630.55,32.67
8.359,124,11,2815.38,3607.1,43.2694,1.59636,0,1,0,0,0,7,100,4,2921.88,1128.34,32.67
8.36,126,9,2852.32,2842.79,42.6013,1.58682,0,1,1,32,0.15,7,100,4,2992.42,343.956,28.54
8.362,130,4,2921.88,1128.41,42.77,1.57873,0,1,0,0,0,7,100,4,2763.45,5101.82,32.24
8.3625,131,3,2932.63,771.829,42.6256,1.57888,0,1,1,32,0.15,7,100,4,2763.74,4888.69,32.58
8.363,132,1,2992.4,344.033,37.3625,1.75614,0,1,0,0,0,7,100,4,2815.31,3094.03,27.68
8.3655,137,15,2763.74,4888.79,42.6495,1.54432,0,1,0,0,0,7,100,4,2742.83,4790.42,27.23
8.3665,139,11,2802.98,3461.77,35.6846,-1.55449,0,1,0,0,0,7,100,4,2930.63,606.734,35.26
8.367,140,12,2789.14,3778.66,36.1162,-1.55829,0,1,1,32,0.15,7,100,4,2982.83,334.966,41.62
8.3675,141,13,2770.51,4178.78,36.3514,-1.55494,0,1,1,32,0.15,7,100,4,2962.13,425.859,40.39
8.368,142,13,2753.48,4483.67,32.7512,-1.56256,0,1,1,32,0.15,7,100,4,2922.72,703.229,35.97
8.3685,143,14,2742.84,4790.34,35.6437,-1.57526,0,1,0,0,0,7,100,4,2896.85,1348.78,33.2
8.3705,147,2,2962.15,425.749,52.8684,-1.40322,0,1,1,257,0.2,7,100,4,2916.48,892.804,38.53
8.371,148,3,2922.73,703.137,47.0824,-1.52507,0,1,1,289,0.35,7,100,4,2861.47,2083.39,31.69
8.3715,149,4,2896.85,1348.7,43.4557,-1.55844,0,1,0,0,0,7,100,4,2879.57,1746.75,32.55
8.372,150,3,2929.3,659.204,49.8822,-1.52509,0,1,1,353,0.4,7,100,4,2877.51,1793.47,33.15
8.373,152,3,2918.84,840.594,52.2246,-1.55461,0,1,1,353,0.4,7,100,4,2870.2,1958.61,36.84
8.3725,151,3,2924.92,718.355,49.0823,-1.53151,0,1,1,353,0.4,7,100,4,2872.41,1908.86,36.68
8.3735,153,3,2916.48,892.692,50.4299,-1.55833,0,1,1,353,0.4,7,100,4,2868.07,2006.92,35.91
8.3745,155,5,2879.58,1746.68,42.6028,-1.55745,0,1,0,64,0.05,7,100,4,2851.58,2390.03,35.01
8.375,156,5,2877.52,1793.39,43.3876,-1.55732,0,1,0,64,0.05,7,100,4,2863.61,2107.49,37.13
8.376,158,6,2870.2,1958.5,48.2167,-1.55709,0,1,1,353,0.4,7,100,4,2838.06,2730.13,35.97
8.3765,159,6,2868.07,2006.85,46.9987,-1.55702,0,1,1,353,0.4,7,100,4,2835.86,2778.54,35.34
8.3775,161,8,2851.58,2389.94,45.8203,-1.56471,0,1,1,257,0.2,7,100,4,2830.86,2889.41,36.14
8.378,162,6,2863.61,2107.4,48.5944,-1.55707,0,1,1,289,0.35,7,100,4,2828.62,2940.6,38.54
8.377,160,6,2865.82,2057.59,48.2929,-1.55676,0,1,1,353,0.4,7,100,4,2833.8,2824.21,35.69
8.3755,157,6,2872.41,1908.81,48.0044,-1.55701,0,1,1,353,0.4,7,100,4,2861.36,2158.4,36.89
8.379,164,8,2838.07,2730.03,47.0747,-1.55584,0,1,1,321,0.25,7,100,4,2823.85,3046.58,38.78
8.3795,165,9,2835.87,2778.45,46.2493,-1.55583,0,1,1,353,0.4,7,100,4,2799.73,3574.8,36.12
8.3805,167,9,2830.87,2889.31,47.2958,-1.55681,0,1,1,353,0.4,7,100,4,2782.01,3933.35,32.09
8.382,170,9,2823.85,3046.5,50.7501,-1.5562,0,1,1,353,0.4,7,100,4,2780.44,4035.3,37.35
8.3815,169,9,2826.21,2994.32,50.8284,-1.556,0,1,1,353,0.4,7,100,4,2788.78,3857.41,40.29
8.3825,171,11,2799.74,3574.75,47.2686,-1.42749,0,1,1,321,0.25,7,100,4,2785.53,3926.86,38.49
8.381,168,9,2828.62,2940.49,50.4351,-1.55666,0,1,1,353,0.4,7,100,4,2784.21,3886.41,33.92
8.383,172,11,2804.06,3506.39,54.4785,-1.55343,0,1,1,321,0.25,7,100,4,2783.14,3977.73,38.67
8.384,174,12,2784.21,3886.38,44.3883,-1.55409,0,1,1,353,0.4,7,100,4,2759.24,4499.96,35.24
8.3845,175,12,2788.78,3857.33,52.7236,-1.55429,0,1,1,353,0.4,7,100,4,2757.42,4546.15,33.92
8.385,176,12,2780.45,4035.2,48.8758,-1.55432,0,1,1,353,0.4,7,100,4,2755.64,4591.28,34.61
8.3855,177,12,2785.53,3926.75,50.3673,-1.55413,0,1,1,289,0.35,7,100,4,2748.29,4827.15,40.99
8.3835,173,12,2782.02,3933.29,41.9917,-1.55412,0,1,1,96,0.2,7,100,4,2761.13,4452.04,35.3
8.3875,181,13,2757.43,4546.06,44.3855,-1.56131,0,1,1,353,0.4,7,100,4,2754.07,5194.13,40.59
8.388,182,13,2755.65,4591.19,45.2879,-1.56151,0,1,1,353,0.4,7,100,4,2757.13,5247.12,41.28
8.387,180,13,2759.25,4499.86,46.1121,-1.56135,0,1,1,353,0.4,7,100,4,2748.19,5033.23,40.95
8.3885,183,14,2748.29,4827.03,53.6358,-1.57493,0,1,1,321,0.25,7,100,4,2961.05,398.718,24.66
8.3895,185,15,2745.01,5034.64,45.5615,-1.61336,0,1,1,321,0.25,7,100,4,2797.49,3509.87,24.33
8.39,186,15,2748.19,5033.16,53.582,-1.61364,0,1,1,321,0.25,7,100,4,2783.81,3826.58,24.59
8.3905,187,16,2754.06,5194.02,53.1102,-1.65711,0,1,1,321,0.25,7,100,4,2915.1,784.041,23.45
8.389,184,15,2747.06,4939.55,49.0011,-1.60812,0,1,1,321,0.25,7,100,4,2917,811.515,24.79
8.391,188,16,2757.12,5247,54.0119,-1.65878,0,1,1,321,0.25,7,100,4,2900.7,1110.31,23.28
8.3925,191,11,2797.49,3509.8,31.8337,-1.55329,0,1,0,0,0,7,100,4,2845.69,2463.39,32.67
8.3935,193,3,2915.1,783.978,30.6817,-1.55364,0,1,1,32,0.15,7,100,4,2810.5,3283.72,32.87
8.3945,195,12,2787.31,3747.18,30.6942,-1.55698,0,1,1,32,0.15,7,100,4,2773.06,4124.79,32.97
8.3955,197,8,2845.69,2463.29,42.7435,-1.5637,0,1,0,0,0,7,100,4,2743.8,4924.39,32.51
8.396,198,9,2825.28,2943.79,42.743,-1.55632,0,1,1,32,0.15,7,100,4,2757.44,5307.19,33.07
8.3965,199,10,2810.5,3283.62,43.0041,-1.56112,0,1,0,0,0,7,100,4,2785.85,5734.5,32.92
8.397,200,12,2791.86,3716.29,42.585,-1.55672,0,1,1,32,0.15,7,100,4,0,0,0
8.398,202,13,2756.69,4483.6,43.304,-1.56102,0,1,1,32,0.15,7,100,4,0,0,0
8.399,204,16,2757.43,5307.1,43.264,-1.65836,0,1,0,0,0,7,100,4,0,0,0
8.3995,205,18,2785.85,5734.42,43.0673,-1.66161,0,1,0,0,0,7,100,4,0,0,0
8.4015,9,9,2854.01,2807.02,36.08,1.58898,0,1,1,32,0.15,7,100,4,2938.92,774.973,27.44
8.402,10,8,2868.93,2478.55,36.2497,1.57469,0,1,0,0,0,7,100,4,2826.43,6588.47,27.35
8.4025,11,7,2883.8,2148.76,35.9876,1.57181,0,1,0,0,0,7,100,4,2973.42,448.614,27.74
8.403,12,5,2894.46,1791.25,35.7779,1.59312,0,1,0,0,0,7,100,4,2826.88,6200.4,27.58
8.404,14,3,2926,1104.9,35.9606,1.58086,0,1,1,32,0.15,7,100,4,2793.13,5572.47,27.41
8.4045,15,3,2938.92,775.052,35.8948,1.58061,0,1,1,32,0.15,7,100,4,2769.23,5222.49,27.69
8.4055,17,2,2973.41,448.687,36.2866,1.72273,0,1,0,0,0,7,100,4,2779.25,4511.01,27.32
8.4065,19,18,2808.7,5860.25,36.3252,1.48765,0,1,0,0,0,7,100,4,2815.05,5977.56,32.31
8.4075,21,16,2769.23,5222.56,36.2198,1.48392,0,1,0,0,0,7,100,4,2826.16,6515.22,39.79
8.408,22,14,2767.07,4861.33,35.9971,1.54649,0,1,0,0,0,7,100,4,2814.25,6022.04,34.56
8.4085,23,13,2779.25,4511.09,35.7351,1.58574,0,1,1,32,0.15,7,100,4,2817.49,6081.8,32.37
8.409,24,13,2793.99,4176.78,35.6824,1.58581,0,1,1,32,0.15,7,100,4,2794.08,5649.29,36.14
8.4095,25,19,2815.06,5977.66,42.2611,1.48766,0,1,0,0,0,7,100,4,2805.28,5856.24,39.6
8.411,28,19,2814.26,6022.13,45.2032,1.48776,0,1,1,257,0.2,7,100,4,2799.47,5748.86,39.45
8.413,32,19,2811.19,5965.57,46.5879,1.48806,0,1,1,321,0.25,7,100,4,2760.6,4957.32,37.54
8.4135,33,18,2802.37,5802.54,52.0937,1.48801,0,1,1,321,0.25,7,100,4,2760.83,4826.98,36.94
8.414,34,18,2799.47,5748.98,51.596,1.48802,0,1,1,321,0.25,7,100,4,2760.45,4907.01,37.29
8.4145,35,17,2783.97,5464.43,51.2685,1.48618,0,1,1,321,0.25,7,100,4,2761.67,4778.41,37.61
8.415,36,17,2789.66,5567.82,51.451,1.48793,0,1,1,321,0.25,7,100,4,2773.9,4486.93,38
8.416,38,15,2760.6,4957.42,49.0963,1.52696,0,1,1,321,0.25,7,100,4,2770.51,4563.99,39.39
8.4165,39,14,2760.83,4827.09,48.3111,1.54705,0,1,1,321,0.25,7,100,4,2777.35,4408.42,37.9
8.417,40,15,2760.44,4907.11,48.7681,1.54705,0,1,1,321,0.25,7,100,4,2780.25,4342.64,39.58
8.4175,41,14,2761.67,4778.5,49.1863,1.57494,0,1,1,321,0.25,7,100,4,2793.78,4036.24,40.46
8.4185,43,14,2764.62,4699.11,53.5404,1.58333,0,1,1,321,0.25,7,100,4,2791.47,4088.58,40.42
8.419,44,13,2770.5,4564.11,51.5129,1.58624,0,1,1,353,0.4,7,100,4,2830.59,3219.45,34.93
8.4195,45,13,2777.35,4408.52,49.5638,1.5864,0,1,1,353,0.4,7,100,4,2805.94,3754.75,40.99
8.4155,37,17,2786.83,5515.8,50.4528,1.4871,0,1,1,321,0.25,7,100,4,2764.61,4699.17,40.94
8.4205,47,12,2793.78,4036.35,52.9105,1.58664,0,1,1,353,0.4,7,100,4,2819.37,3474.23,39.04
8.42,46,13,2780.24,4342.74,51.7592,1.58665,0,1,1,353,0.4,7,100,4,2816.62,3526.03,38.97
8.4215,49,12,2791.47,4088.7,52.8574,1.58673,0,1,1,289,0.35,7,100,4,2843.53,2946.71,37.51
8.422,50,10,2830.59,3219.54,45.6776,1.58885,0,1,1,257,0.2,7,100,4,2838.3,3047.21,37.91
8.418,42,13,2773.89,4487.03,49.6914,1.58647,0,1,1,353,0.4,7,100,4,2784.09,4255.65,40.43
8.423,52,11,2816.61,3526.09,50.9596,1.59564,0,1,1,321,0.25,7,100,4,2851.56,2790.97,37.82
8.421,48,13,2784.1,4255.56,52.8685,1.58681,0,1,1,353,0.4,7,100,4,2832.94,3172.25,35.28
8.424,54,10,2832.94,3172.27,46.1335,1.59392,0,1,1,321,0.25,7,100,4,2878.07,2227.55,32.57
8.4235,53,11,2819.36,3474.33,51.0497,1.59562,0,1,1,321,0.25,7,100,4,2858,2655.39,38.2
8.4245,55,9,2843.52,2946.82,49.0485,1.63049,0,1,1,353,0.4,7,100,4,2862.04,2570.26,39.49
8.426,58,9,2851.56,2791.07,49.4532,1.58997,0,1,1,353,0.4,7,100,4,2882.04,2006.56,34.87
8.425,56,9,2838.29,3047.32,49.5702,1.58409,0,1,1,353,0.4,7,100,4,2887.04,1951.28,32.13
8.4255,57,9,2840.39,2996.97,49.0075,1.58433,0,1,1,353,0.4,7,100,4,2880.49,2054.12,35.16
8.4275,61,8,2862.03,2570.34,51.6355,1.59007,0,1,1,257,0.2,7,100,4,2896.31,1693.41,37.61
8.428,62,6,2887.03,1951.31,42.0114,1.57511,0,1,1,96,0.2,7,100,4,2902.87,1566.57,35.73
8.429,64,6,2882.04,2006.66,45.5933,1.57519,0,1,1,353,0.4,7,100,4,2928.82,951.144,29.48
8.4295,65,6,2883.61,1958.32,47.018,1.57536,0,1,1,353,0.4,7,100,4,2927.63,981.467,40.13
8.4285,63,6,2880.49,2054.16,45.9718,1.57524,0,1,1,353,0.4,7,100,4,2899.94,1561.2,35.8
8.43,66,5,2893.67,1744.49,49.894,1.59448,0,1,1,321,0.25,7,100,4,2922.79,1023.19,40.5
8.4265,59,8,2858,2655.45,49.9458,1.59024,0,1,1,321,0.25,7,100,4,2883.61,1958.36,35.96
8.4305,67,5,2896.31,1693.52,49.1733,1.59477,0,1,1,321,0.25,7,100,4,2926.85,919.453,37.52
8.431,68,4,2902.87,1566.67,46.7147,1.59474,0,1,1,321,0.25,7,100,4,2937.93,719.389,32.5
8.433,72,3,2922.79,1023.3,52.9506,1.58222,0,1,1,353,0.4,7,100,4,3006.37,276.507,22.84
8.4335,73,3,2926.85,919.512,49.054,1.58217,0,1,1,353,0.4,7,100,4,3018.26,246.984,23.13
8.4325,71,3,2927.63,981.581,52.466,1.5821,0,1,1,353,0.4,7,100,4,2946.8,603.9,36.95
8.4315,69,4,2899.94,1561.26,46.8047,1.59471,0,1,1,321,0.25,7,100,4,2935.62,698.116,33.85
8.435,76,3,2938.77,649.199,44.15,1.64005,0,1,1,353,0.4,7,100,4,2827.8,3436.13,24.62
8.434,74,3,2937.93,719.436,42.4894,1.58432,0,1,1,96,0.2,7,100,4,2831.1,6534.75,24.53
8.4355,77,2,2946.79,603.955,48.307,1.65832,0,1,1,321,0.25,7,100,4,2842.06,3110.99,24.96
8.436,78,1,3006.36,276.571,29.8598,1.8115,0,1,0,0,0,7,100,4,2856.79,2815.79,24.51
8.427,60,7,2878.07,2227.64,42.5788,1.57547,0,1,0,0,0,7,100,4,2893.65,1744.8,38.16
8.4395,85,8,2871.69,2491.98,31.9887,1.57682,0,1,0,64,0.05,7,100,4,2946.56,672.248,24.81
8.44,86,7,2881.35,2225.47,32.3414,1.57567,0,1,0,64,0.05,7,100,4,2813.52,5889.98,24.75
8.4425,91,3,2946.56,672.32,32.4314,1.60196,0,1,1,32,0.15,7,100,4,2769.32,4663.84,24.94
8.4435,93,2,2988.02,378.894,32.0909,1.75826,0,1,0,0,0,7,100,4,2797.94,4014.73,24.81
8.4445,95,16,2774.07,5249.3,31.9988,1.47773,0,1,0,0,0,7,100,4,2827.48,6148.06,23.16
8.4455,97,14,2769.32,4663.91,32.5995,1.58772,0,1,0,0,0,7,100,4,2839.09,3178.48,23.48
8.446,98,13,2786.66,4342.65,32.5599,1.58778,0,1,1,32,0.15,7,100,4,2853.65,2882.11,23.04
8.4465,99,12,2797.93,4014.8,32.4288,1.588,0,1,1,32,0.15,7,100,4,2866.99,2601.04,23.5
8.447,100,12,2809.54,3744.85,32.6376,1.58334,0,1,1,32,0.15,7,100,4,2878.76,2301.36,23.44
8.4485,103,10,2839.08,3178.54,30.6893,1.59951,0,1,0,0,0,7,100,4,2916.16,1433.69,23.01
8.45,106,7,2878.76,2301.42,30.6362,1.58865,0,1,0,64,0.05,7,100,4,2955.55,585.476,23.51
8.4505,107,6,2886.8,2057.28,30.4529,1.57605,0,1,1,96,0.2,7,100,4,2796.18,5569.67,23.46
8.451,108,5,2900.17,1742.9,30.0213,1.59528,0,1,0,0,0,7,100,4,2996.37,313.57,23.16
8.4515,109,4,2916.15,1433.76,30.0732,1.59565,0,1,0,64,0.05,7,100,4,2776.74,5241.23,23.26
8.452,110,4,2926.14,1183.28,30.3866,1.58309,0,1,0,64,0.05,7,100,4,2766.84,4944.7,23.14
8.4525,111,3,2938.36,871.139,30.6346,1.5828,0,1,1,32,0.15,7,100,4,2771.46,4688.46,23.25
8.453,112,2,2955.54,585.543,30.7258,1.68568,0,1,0,0,0,7,100,4,2784.05,4401.75,23.51
8.454,114,1,2996.35,313.633,30.2679,1.80157,0,1,0,0,0,7,100,4,2811.49,3776.31,23.22
8.455,116,15,2766.84,4944.76,30.2412,1.53242,0,1,0,0,0,7,100,4,2779.53,4431.8,32.5
8.4565,119,12,2799.58,4050.13,30.3449,1.58847,0,1,1,32,0.15,7,100,4,2834.43,3140.25,32.06
8.457,120,12,2811.49,3776.37,30.3446,1.58377,0,1,1,96,0.2,7,100,4,2852.17,2845.95,32.54
8.4575,121,11,2823.16,3523.49,30.1612,1.5975,0,1,0,64,0.05,7,100,4,2867.75,2417.78,33.28
8.458,122,13,2779.53,4431.9,42.4712,1.58823,0,1,1,32,0.15,7,100,4,2885.47,1999.69,33.23
8.4585,123,12,2800.43,3885.55,42.4053,1.58831,0,1,1,32,0.15,7,100,4,2899.4,1633.8,32.67
8.459,124,11,2815.19,3610.4,43.1886,1.60121,0,1,0,0,0,7,100,4,2921.75,1131.6,32.67
8.46,126,9,2852.16,2846.04,42.5217,1.59167,0,1,1,32,0.15,7,100,4,2991.81,346.745,28.54
8.462,130,4,2921.75,1131.68,42.6902,1.58358,0,1,0,0,0,7,100,4,2763.6,5105.04,32.24
8.4625,131,3,2932.5,775.083,42.546,1.58373,0,1,1,32,0.15,7,100,4,2763.72,4891.95,32.58
8.463,132,1,2991.79,346.82,37.2926,1.761,0,1,0,0,0,7,100,4,2815.43,3091.26,27.68
8.4655,137,15,2763.72,4892.05,42.5697,1.54917,0,1,0,0,0,7,100,4,2742.91,4787.7,27.23
8.4665,139,11,2803.11,3459.05,35.6178,-1.54964,0,1,0,0,0,7,100,4,2931.01,603.23,35.26
8.467,140,12,2789.26,3775.91,36.0486,-1.55343,0,1,1,32,0.15,7,100,4,2983.89,330.939,41.62
8.4675,141,13,2770.64,4176,36.2834,-1.55009,0,1,1,32,0.15,7,100,4,2962.92,421.897,40.39
8.468,142,13,2753.58,4481.17,32.6899,-1.5577,0,1,1,32,0.15,7,100,4,2923,699.64,35.97
8.4685,143,14,2742.91,4787.62,35.5769,-1.57039,0,1,0,0,0,7,100,4,2896.99,1345.46,33.2
8.4705,147,2,2962.95,421.789,52.7695,-1.39836,0,1,1,257,0.2,7,100,4,2916.64,888.955,38.53
8.471,148,3,2923.01,699.551,46.9943,-1.52022,0,1,1,289,0.35,7,100,4,2861.61,2080.22,31.69
8.4715,149,4,2896.99,1345.38,43.3749,-1.55361,0,1,0,0,0,7,100,4,2879.71,1743.52,32.55
8.472,150,3,2929.59,655.405,49.789,-1.52024,0,1,1,353,0.4,7,100,4,2877.66,1790.17,33.15
8.4725,151,3,2925.18,714.615,48.9914,-1.5267,0,1,1,353,0.4,7,100,4,2872.57,1905.23,36.68
8.4735,153,3,2916.65,888.843,50.3365,-1.55352,0,1,1,353,0.4,7,100,4,2868.22,2003.37,35.91
8.473,152,3,2919.02,836.608,52.1255,-1.54969,0,1,1,353,0.4,7,100,4,2870.36,1954.88,36.84
8.4745,155,5,2879.72,1743.43,42.5229,-1.55259,0,1,0,64,0.05,7,100,4,2851.71,2386.53,35.01
8.4755,157,6,2872.57,1905.15,47.9178,-1.55232,0,1,1,353,0.4,7,100,4,2861.52,2154.85,36.89
8.476,158,6,2870.37,1954.82,48.1263,-1.55223,0,1,1,353,0.4,7,100,4,2838.23,2726.54,35.97
8.4765,159,6,2868.23,2003.27,46.9109,-1.55216,0,1,1,353,0.4,7,100,4,2836.02,2775.02,35.34
8.477,160,6,2865.98,2053.91,48.2035,-1.55195,0,1,1,353,0.4,7,100,4,2833.96,2820.69,35.69
8.475,156,5,2877.66,1790.08,43.3041,-1.55232,0,1,0,64,0.05,7,100,4,2863.77,2103.68,37.13
8.4775,161,8,2851.71,2386.44,45.7333,-1.55978,0,1,1,257,0.2,7,100,4,2831.03,2885.75,36.14
8.478,162,6,2863.77,2103.69,48.5021,-1.55214,0,1,1,289,0.35,7,100,4,2828.79,2936.7,38.54
8.4795,165,9,2836.03,2774.92,46.1634,-1.55101,0,1,1,353,0.4,7,100,4,2800.34,3571.28,36.12
8.4805,167,9,2831.03,2885.7,47.2079,-1.55198,0,1,1,353,0.4,7,100,4,2782.16,3930.17,32.09
8.479,164,8,2838.23,2726.44,46.9856,-1.55092,0,1,1,321,0.25,7,100,4,2824.03,3042.67,38.78
8.4815,169,9,2826.38,2990.44,50.7337,-1.55116,0,1,1,353,0.4,7,100,4,2788.96,3853.42,40.29
8.482,170,9,2824.03,3042.63,50.6547,-1.55132,0,1,1,353,0.4,7,100,4,2780.62,4031.56,37.35
8.4825,171,11,2800.36,3571.19,47.18,-1.42262,0,1,1,321,0.25,7,100,4,2785.71,3923.02,38.49
8.483,172,11,2804.26,3502.24,54.3766,-1.54858,0,1,1,321,0.25,7,100,4,2783.32,3973.88,38.67
8.4835,173,12,2782.17,3930.08,41.9148,-1.54936,0,1,1,96,0.2,7,100,4,2761.27,4448.6,35.3
8.4845,175,12,2788.97,3853.31,52.6248,-1.54942,0,1,1,353,0.4,7,100,4,2757.56,4542.77,33.92
8.484,174,12,2784.37,3882.99,44.3044,-1.54918,0,1,1,353,0.4,7,100,4,2759.38,4496.41,35.24
8.485,176,12,2780.62,4031.46,48.7842,-1.54946,0,1,1,353,0.4,7,100,4,2755.78,4587.83,34.61
8.4855,177,12,2785.71,3922.91,50.2723,-1.54923,0,1,1,353,0.4,7,100,4,2748.39,4823.03,40.99
8.487,180,13,2759.38,4496.34,46.0265,-1.55653,0,1,1,353,0.4,7,100,4,2748.14,5029.18,40.95
8.4875,181,13,2757.56,4542.67,44.3019,-1.55642,0,1,1,353,0.4,7,100,4,2753.84,5190.07,40.59
8.481,168,9,2828.79,2936.64,50.3357,-1.55154,0,1,1,353,0.4,7,100,4,2784.38,3882.85,33.92
8.489,184,15,2747.03,4935.81,48.9112,-1.60335,0,1,1,321,0.25,7,100,4,2917.12,809.098,24.79
8.488,182,13,2755.78,4587.73,45.2018,-1.55657,0,1,1,353,0.4,7,100,4,2756.89,5242.95,41.28
8.4895,185,15,2744.96,5031.16,45.4758,-1.60848,0,1,1,321,0.25,7,100,4,2797.6,3507.44,24.33
8.49,186,15,2748.14,5029.06,53.4812,-1.60875,0,1,1,321,0.25,7,100,4,2783.92,3824.12,24.59
8.4885,183,14,2748.4,4822.93,53.5331,-1.56995,0,1,1,321,0.25,7,100,4,2961.54,396.255,24.66
8.4905,187,16,2753.83,5189.96,53.0095,-1.65218,0,1,1,321,0.25,7,100,4,2915.21,781.677,23.45
8.491,188,16,2756.88,5242.88,53.91,-1.65388,0,1,1,321,0.25,7,100,4,2900.8,1107.98,23.28
8.4925,191,11,2797.61,3507.37,31.7738,-1.5484,0,1,0,0,0,7,100,4,2845.81,2460.12,32.67
8.4935,193,3,2915.21,781.636,30.624,-1.54875,0,1,1,32,0.15,7,100,4,2810.63,3280.43,32.87
8.4945,195,12,2787.41,3744.84,30.6365,-1.55209,0,1,1,32,0.15,7,100,4,2773.21,4121.5,32.97
8.4955,197,8,2845.81,2460.03,42.663,-1.55881,0,1,0,0,0,7,100,4,2743.8,4921.14,32.51
8.496,198,9,2825.42,2940.53,42.6626,-1.55143,0,1,1,32,0.15,7,100,4,2757.25,5303.89,33.07
8.4965,199,10,2810.63,3280.34,42.9232,-1.55623,0,1,0,0,0,7,100,4,2785.65,5731.22,32.92
8.497,200,12,2792.01,3713.04,42.5047,-1.55182,0,1,1,32,0.15,7,100,4,0,0,0
8.498,202,13,2756.82,4480.29,43.2225,-1.55613,0,1,1,32,0.15,7,100,4,0,0,0
8.499,204,16,2757.24,5303.79,43.1825,-1.65347,0,1,0,0,0,7,100,4,0,0,0
8.4995,205,18,2785.64,5731.13,42.9862,-1.65672,0,1,0,0,0,7,100,4,0,0,0
8.5015,9,9,2853.88,2809.77,36.012,1.59388,0,1,1,32,0.15,7,100,4,2938.81,777.715,27.44
8.502,10,8,2868.84,2481.32,36.1814,1.57959,0,1,0,0,0,7,100,4,2826.14,6591.19,27.35
8.5025,11,7,2883.72,2151.51,35.9197,1.57672,0,1,0,0,0,7,100,4,2972.92,451.343,27.74
8.503,12,5,2894.32,1793.98,35.7105,1.59802,0,1,0,0,0,7,100,4,2827.01,6203.16,27.58
8.504,14,3,2925.9,1107.64,35.8928,1.58577,0,1,1,32,0.15,7,100,4,2793.28,5575.21,27.41
8.5045,15,3,2938.81,777.794,35.8271,1.58552,0,1,1,32,0.15,7,100,4,2769.39,5225.25,27.69
8.5055,17,2,2972.91,451.415,36.2181,1.72764,0,1,0,0,0,7,100,4,2779.13,4513.74,27.32
8.5065,19,18,2808.85,5863.02,36.2566,1.49255,0,1,0,0,0,7,100,4,2815.23,5980.79,32.31
8.5075,21,16,2769.39,5225.33,36.1515,1.48882,0,1,0,0,0,7,100,4,2825.86,6519.19,39.79
8.508,22,14,2767.05,4864.08,35.9292,1.5514,0,1,0,0,0,7,100,4,2814.44,6025.49,34.56
8.5085,23,13,2779.13,4513.82,35.6676,1.59065,0,1,1,32,0.15,7,100,4,2817.66,6085.03,32.37
8.509,24,13,2793.87,4179.5,35.615,1.59073,0,1,1,32,0.15,7,100,4,2794.27,5652.9,36.14
8.5095,25,19,2815.23,5980.88,42.1812,1.49258,0,1,0,0,0,7,100,4,2805.49,5860.2,39.6
8.511,28,19,2814.45,6025.58,45.1178,1.49267,0,1,1,257,0.2,7,100,4,2799.68,5752.8,39.45
8.513,32,19,2811.39,5969.13,46.4998,1.49298,0,1,1,321,0.25,7,100,4,2760.65,4961.07,37.54
8.5135,33,18,2802.58,5806.51,51.9952,1.49292,0,1,1,321,0.25,7,100,4,2760.81,4830.67,36.94
8.514,34,18,2799.69,5752.92,51.4986,1.49294,0,1,1,321,0.25,7,100,4,2760.43,4910.73,37.29
8.5145,35,17,2784.19,5468.35,51.1716,1.4911,0,1,1,321,0.25,7,100,4,2761.55,4782.16,37.61
8.515,36,17,2789.88,5571.75,51.3538,1.49285,0,1,1,321,0.25,7,100,4,2773.73,4490.73,38
8.5155,37,17,2787.04,5519.65,50.3615,1.4918,0,1,1,321,0.25,7,100,4,2764.45,4703.08,40.94
8.516,38,15,2760.65,4961.18,49.0034,1.53188,0,1,1,321,0.25,7,100,4,2770.34,4567.93,39.39
8.517,40,15,2760.43,4910.84,48.6762,1.55195,0,1,1,321,0.25,7,100,4,2780.07,4346.58,39.58
8.5175,41,14,2761.54,4782.26,49.0934,1.57985,0,1,1,321,0.25,7,100,4,2793.6,4040.27,40.46
8.518,42,13,2773.72,4490.82,49.6018,1.59116,0,1,1,353,0.4,7,100,4,2783.92,4259.5,40.43
8.5165,39,14,2760.81,4830.78,48.2176,1.55208,0,1,1,321,0.25,7,100,4,2777.18,4412.29,37.9
8.519,44,13,2770.33,4568.04,51.4151,1.59118,0,1,1,353,0.4,7,100,4,2830.43,3222.95,34.93
8.5195,45,13,2777.18,4412.31,49.4697,1.59134,0,1,1,353,0.4,7,100,4,2805.77,3758.86,40.99
8.5185,43,14,2764.45,4703.2,53.4374,1.58834,0,1,1,321,0.25,7,100,4,2791.29,4092.69,40.42
8.5205,47,12,2793.6,4040.39,52.8103,1.59156,0,1,1,353,0.4,7,100,4,2819.16,3478.13,39.04
8.521,48,13,2783.92,4259.6,52.7709,1.59162,0,1,1,353,0.4,7,100,4,2832.77,3175.69,35.28
8.52,46,13,2780.07,4346.69,51.6612,1.59157,0,1,1,353,0.4,7,100,4,2816.41,3529.92,38.97
8.5215,49,12,2791.29,4092.74,52.757,1.59167,0,1,1,353,0.4,7,100,4,2843.2,2950.46,37.51
8.522,50,10,2830.42,3223.03,45.5907,1.59379,0,1,1,257,0.2,7,100,4,2838.14,3051.02,37.91
8.523,52,11,2816.41,3529.98,50.8632,1.60056,0,1,1,321,0.25,7,100,4,2851.39,2794.75,37.82
8.524,54,10,2832.76,3175.79,46.0462,1.59884,0,1,1,321,0.25,7,100,4,2877.97,2230.8,32.57
8.5245,55,9,2843.19,2950.56,48.9563,1.63538,0,1,1,353,0.4,7,100,4,2861.85,2574.18,39.49
8.5235,53,11,2819.16,3478.23,50.9526,1.60056,0,1,1,321,0.25,7,100,4,2857.82,2659.22,38.2
8.525,56,9,2838.14,3051.11,49.4772,1.58898,0,1,1,353,0.4,7,100,4,2886.93,1954.46,32.13
8.526,58,9,2851.38,2794.85,49.3592,1.59491,0,1,1,353,0.4,7,100,4,2881.93,2010.06,34.87
8.5265,59,8,2857.82,2659.27,49.8549,1.59498,0,1,1,321,0.25,7,100,4,2883.49,1961.81,35.96
8.5255,57,9,2840.23,3000.72,48.9148,1.58925,0,1,1,353,0.4,7,100,4,2880.38,2057.63,35.16
8.527,60,7,2877.97,2230.9,42.5065,1.57988,0,1,0,0,0,7,100,4,2893.48,1748.2,38.16
8.5285,63,6,2880.38,2057.68,45.8857,1.58012,0,1,1,353,0.4,7,100,4,2899.76,1564.73,35.8
8.529,64,6,2881.92,2010.15,45.5067,1.58012,0,1,1,353,0.4,7,100,4,2928.7,954.092,29.48
8.528,62,6,2886.93,1954.53,41.9304,1.58013,0,1,1,96,0.2,7,100,4,2902.68,1570.2,35.73
8.5295,65,6,2883.49,1961.91,46.9284,1.58031,0,1,1,353,0.4,7,100,4,2927.48,985.494,40.13
8.5275,61,8,2861.85,2574.29,51.5349,1.59514,0,1,1,321,0.25,7,100,4,2896.11,1697.27,37.61
8.5305,67,5,2896.11,1697.28,49.0805,1.59968,0,1,1,321,0.25,7,100,4,2926.7,923.183,37.52
8.531,68,4,2902.68,1570.24,46.6262,1.59967,0,1,1,321,0.25,7,100,4,2937.8,722.63,32.5
8.5325,71,3,2927.47,985.591,52.3675,1.58699,0,1,1,353,0.4,7,100,4,2946.38,607.531,36.95
8.5315,69,4,2899.75,1564.84,46.7165,1.59961,0,1,1,321,0.25,7,100,4,2935.48,701.474,33.85
8.53,66,5,2893.47,1748.3,49.7956,1.59961,0,1,1,321,0.25,7,100,4,2922.63,1027.39,40.5
8.5335,73,3,2926.7,923.261,48.96,1.58716,0,1,1,353,0.4,7,100,4,3017.59,249.223,23.13
8.535,76,3,2938.44,652.56,44.0661,1.64499,0,1,1,353,0.4,7,100,4,2827.67,3438.59,24.62
8.534,74,3,2937.8,722.683,42.4084,1.58928,0,1,1,96,0.2,7,100,4,2830.91,6537.21,24.53
8.5355,77,2,2946.37,607.626,48.2145,1.6633,0,1,1,321,0.25,7,100,4,2841.95,3113.5,24.96
8.536,78,1,3005.75,278.773,29.8027,1.81649,0,1,0,0,0,7,100,4,2856.68,2818.26,24.51
8.533,72,3,2922.63,1027.35,52.8455,1.58739,0,1,1,353,0.4,7,100,4,3005.74,278.809,22.84
8.5395,85,8,2871.61,2494.42,31.9279,1.58177,0,1,0,64,0.05,7,100,4,2946.42,674.725,24.81
8.54,86,7,2881.27,2227.94,32.2799,1.58062,0,1,0,64,0.05,7,100,4,2813.65,5892.46,24.75
8.5425,91,3,2946.41,674.796,32.3697,1.60691,0,1,1,32,0.15,7,100,4,2769.21,4666.33,24.94
8.5435,93,2,2987.5,381.292,32.0298,1.76321,0,1,0,0,0,7,100,4,2797.83,4017.2,24.81
8.5445,95,16,2774.23,5251.75,31.9379,1.48269,0,1,0,0,0,7,100,4,2827.61,6150.38,23.16
8.5455,97,14,2769.21,4666.4,32.5374,1.59267,0,1,0,0,0,7,100,4,2838.96,3180.82,23.48
8.546,98,13,2786.55,4345.13,32.4979,1.59274,0,1,1,32,0.15,7,100,4,2853.54,2884.41,23.04
8.5465,99,12,2797.82,4017.28,32.3671,1.59296,0,1,1,32,0.15,7,100,4,2866.88,2603.38,23.5
8.547,100,12,2809.44,3747.34,32.5754,1.58829,0,1,1,32,0.15,7,100,4,2878.65,2303.7,23.44
8.5485,103,10,2838.95,3180.89,30.6309,1.60447,0,1,0,0,0,7,100,4,2916.04,1435.99,23.01
8.55,106,7,2878.65,2303.76,30.5778,1.59361,0,1,0,64,0.05,7,100,4,2955.21,587.803,23.51
8.5505,107,6,2886.73,2059.61,30.3949,1.58101,0,1,1,96,0.2,7,100,4,2796.31,5572.01,23.46
8.551,108,5,2900.05,1745.19,29.964,1.60025,0,1,0,0,0,7,100,4,2995.78,315.813,23.16
8.5515,109,4,2916.03,1436.05,30.0158,1.60062,0,1,0,64,0.05,7,100,4,2776.9,5243.56,23.26
8.5525,111,3,2938.27,873.481,30.5762,1.58776,0,1,1,32,0.15,7,100,4,2771.36,4690.79,23.25
8.552,110,4,2926.05,1185.6,30.3279,1.58811,0,1,0,64,0.05,7,100,4,2766.87,4947.04,23.14
8.554,114,1,2995.76,315.872,30.2102,1.80653,0,1,0,0,0,7,100,4,2811.4,3778.63,23.22
8.553,112,2,2955.2,587.871,30.6663,1.69072,0,1,0,0,0,7,100,4,2783.95,4404.13,23.51
8.555,116,15,2766.87,4947.07,30.1836,1.53738,0,1,0,0,0,7,100,4,2779.39,4435.05,32.5
8.5565,119,12,2799.48,4052.45,30.287,1.59344,0,1,1,32,0.15,7,100,4,2834.29,3143.45,32.06
8.557,120,12,2811.4,3778.69,30.2867,1.58874,0,1,1,96,0.2,7,100,4,2852.01,2849.2,32.54
8.5575,121,11,2823.04,3525.79,30.1036,1.60247,0,1,0,64,0.05,7,100,4,2867.64,2421.11,33.28
8.5585,123,12,2800.29,3888.8,42.3246,1.59327,0,1,1,32,0.15,7,100,4,2899.23,1637.06,32.67
8.558,122,13,2779.38,4435.14,42.3893,1.59325,0,1,1,32,0.15,7,100,4,2885.36,2003.04,33.23
8.56,126,9,2852.01,2849.29,42.4407,1.59663,0,1,1,32,0.15,7,100,4,2991.19,349.527,28.54
8.562,130,4,2921.62,1134.94,42.6086,1.58855,0,1,0,0,0,7,100,4,2763.75,5108.26,32.24
8.5625,131,3,2932.37,778.336,42.4647,1.5887,0,1,1,32,0.15,7,100,4,2763.71,4895.21,32.58
8.563,132,1,2991.18,349.607,37.2214,1.76597,0,1,0,0,0,7,100,4,2815.56,3088.49,27.68
8.5655,137,15,2763.71,4895.3,42.4884,1.55415,0,1,0,0,0,7,100,4,2742.98,4784.97,27.23
8.5665,139,11,2803.24,3456.33,35.5497,-1.54466,0,1,0,0,0,7,100,4,2931.4,599.725,35.26
8.567,140,12,2789.38,3773.15,35.9797,-1.54845,0,1,1,32,0.15,7,100,4,2984.94,326.912,41.62
8.5675,141,13,2770.77,4173.23,36.2141,-1.54511,0,1,1,32,0.15,7,100,4,2963.72,417.941,40.39
8.568,142,13,2753.68,4478.67,32.6275,-1.55273,0,1,1,32,0.15,7,100,4,2923.27,696.063,35.97
8.5685,143,14,2742.98,4784.9,35.509,-1.56542,0,1,0,0,0,7,100,4,2897.13,1342.15,33.2
8.5705,147,2,2963.74,417.83,52.6685,-1.39338,0,1,1,257,0.2,7,100,4,2916.81,885.105,38.53
8.571,148,3,2923.28,695.964,46.9043,-1.51523,0,1,1,289,0.35,7,100,4,2861.75,2077.06,31.69
8.5715,149,4,2897.14,1342.06,43.2917,-1.54862,0,1,0,0,0,7,100,4,2879.86,1740.26,32.55
8.572,150,3,2929.88,651.605,49.6936,-1.51525,0,1,1,353,0.4,7,100,4,2877.81,1786.85,33.15
8.573,152,3,2919.21,832.622,52.027,-1.54476,0,1,1,353,0.4,7,100,4,2870.52,1951.25,36.84
8.5735,153,3,2916.81,884.994,50.2401,-1.54853,0,1,1,353,0.4,7,100,4,2868.38,1999.78,35.91
8.5725,151,3,2925.44,710.874,48.8962,-1.52164,0,1,1,353,0.4,7,100,4,2872.73,1901.52,36.68
8.575,156,5,2877.81,1786.77,43.2238,-1.54749,0,1,0,64,0.05,7,100,4,2863.93,2100.09,37.13
8.5755,157,6,2872.73,1901.48,47.826,-1.54733,0,1,1,353,0.4,7,100,4,2861.68,2151.17,36.89
8.576,158,6,2870.53,1951.14,48.0341,-1.54723,0,1,1,353,0.4,7,100,4,2838.39,2722.94,35.97
8.5765,159,6,2868.39,1999.68,46.8209,-1.54717,0,1,1,353,0.4,7,100,4,2836.18,2771.48,35.34
8.577,160,6,2866.15,2050.22,48.1114,-1.54698,0,1,1,353,0.4,7,100,4,2834.12,2817.13,35.69
8.5745,155,5,2879.86,1740.18,42.439,-1.54745,0,1,0,64,0.05,7,100,4,2851.84,2382.93,35.01
8.5775,161,8,2851.84,2382.95,45.6459,-1.5548,0,1,1,257,0.2,7,100,4,2831.19,2882.15,36.14
8.579,164,8,2838.39,2722.84,46.897,-1.54601,0,1,1,321,0.25,7,100,4,2824.2,3038.86,38.78
8.578,162,6,2863.94,2099.98,48.4088,-1.54713,0,1,1,289,0.35,7,100,4,2828.96,2932.84,38.54
8.5795,165,9,2836.19,2771.39,46.0745,-1.54599,0,1,1,353,0.4,7,100,4,2800.97,3567.71,36.12
8.5805,167,9,2831.19,2882.08,47.117,-1.54697,0,1,1,353,0.4,7,100,4,2782.31,3926.96,32.09
8.5815,169,9,2826.56,2986.56,50.6365,-1.54617,0,1,1,353,0.4,7,100,4,2789.15,3849.4,40.29
8.582,170,9,2824.2,3038.75,50.5577,-1.54633,0,1,1,353,0.4,7,100,4,2780.79,4027.84,37.35
8.581,168,9,2828.96,2932.79,50.2441,-1.5468,0,1,1,353,0.4,7,100,4,2784.53,3879.64,33.92
8.5825,171,11,2800.98,3567.63,47.0887,-1.41758,0,1,1,321,0.25,7,100,4,2785.89,3919.14,38.49
8.583,172,11,2804.45,3498.08,54.2713,-1.54353,0,1,1,321,0.25,7,100,4,2783.51,3969.98,38.67
8.5835,173,12,2782.32,3926.88,41.8342,-1.54435,0,1,1,96,0.2,7,100,4,2761.41,4445.07,35.3
8.585,176,12,2780.8,4027.73,48.6906,-1.54446,0,1,1,353,0.4,7,100,4,2755.91,4584.37,34.61
8.5845,175,12,2789.16,3849.28,52.5226,-1.54436,0,1,1,353,0.4,7,100,4,2757.69,4539.34,33.92
8.584,174,12,2784.53,3879.6,44.2181,-1.5441,0,1,1,353,0.4,7,100,4,2759.52,4492.84,35.24
8.5855,177,12,2785.89,3919.06,50.1752,-1.5442,0,1,1,353,0.4,7,100,4,2748.5,4818.91,40.99
8.587,180,13,2759.52,4492.82,45.938,-1.55152,0,1,1,353,0.4,7,100,4,2748.09,5025.08,40.95
8.5875,181,13,2757.7,4539.28,44.2168,-1.55142,0,1,1,353,0.4,7,100,4,2753.61,5186.02,40.59
8.588,182,13,2755.92,4584.27,45.1158,-1.55161,0,1,1,353,0.4,7,100,4,2756.65,5238.86,41.28
8.5885,183,14,2748.5,4818.84,53.4313,-1.565,0,1,1,321,0.25,7,100,4,2962.02,393.863,24.66
8.589,184,15,2747.01,4932.06,48.8163,-1.5983,0,1,1,321,0.25,7,100,4,2917.23,806.598,24.79
8.5905,187,16,2753.6,5185.91,52.9087,-1.64723,0,1,1,321,0.25,7,100,4,2915.32,779.361,23.45
8.591,188,16,2756.64,5238.76,53.8076,-1.64893,0,1,1,321,0.25,7,100,4,2900.9,1105.68,23.28
8.59,186,15,2748.09,5024.97,53.3768,-1.60367,0,1,1,321,0.25,7,100,4,2784.03,3821.62,24.59
8.5895,185,15,2744.92,5027.68,45.3859,-1.60333,0,1,1,321,0.25,7,100,4,2797.72,3504.94,24.33
8.5925,191,11,2797.72,3504.94,31.7124,-1.54336,0,1,0,0,0,7,100,4,2845.93,2456.84,32.67
8.5935,193,3,2915.32,779.294,30.5651,-1.54374,0,1,1,32,0.15,7,100,4,2810.76,3277.15,32.87
8.5945,195,12,2787.52,3742.5,30.5775,-1.54708,0,1,1,32,0.15,7,100,4,2773.36,4118.2,32.97
8.5955,197,8,2845.93,2456.77,42.5809,-1.55379,0,1,0,0,0,7,100,4,2743.81,4917.89,32.51
8.596,198,9,2825.57,2937.26,42.5805,-1.54641,0,1,1,32,0.15,7,100,4,2757.06,5300.59,33.07
8.5965,199,10,2810.76,3277.05,42.8407,-1.55123,0,1,0,0,0,7,100,4,2785.45,5727.94,32.92
8.597,200,12,2792.15,3709.79,42.4231,-1.54682,0,1,1,32,0.15,7,100,4,0,0,0
8.598,202,13,2756.95,4476.98,43.1393,-1.55111,0,1,1,32,0.15,7,100,4,0,0,0
8.599,204,16,2757.05,5300.49,43.0993,-1.64845,0,1,0,0,0,7,100,4,0,0,0
8.5995,205,18,2785.44,5727.85,42.9034,-1.6517,0,1,0,0,0,7,100,4,0,0,0
8.6015,9,9,2853.75,2812.53,35.9426,1.5989,0,1,1,32,0.15,7,100,4,2938.71,780.457,27.44
8.602,10,8,2868.75,2484.09,36.1116,1.58461,0,1,0,0,0,7,100,4,2825.86,6593.91,27.35
8.6025,11,7,2883.64,2154.26,35.8506,1.58173,0,1,0,0,0,7,100,4,2972.42,454.07,27.74
8.603,12,5,2894.18,1796.71,35.6416,1.60305,0,1,0,0,0,7,100,4,2827.14,6205.91,27.58
8.604,14,3,2925.79,1110.39,35.8236,1.59079,0,1,1,32,0.15,7,100,4,2793.42,5577.95,27.41
8.6045,15,3,2938.7,780.536,35.758,1.59054,0,1,1,32,0.15,7,100,4,2769.55,5228.01,27.69
8.6055,17,2,2972.41,454.144,36.1483,1.73266,0,1,0,0,0,7,100,4,2779.01,4516.47,27.32
8.6075,21,16,2769.55,5228.09,36.0817,1.49385,0,1,0,0,0,7,100,4,2825.55,6523.16,39.79
8.6085,23,13,2779.01,4516.55,35.5989,1.59566,0,1,1,32,0.15,7,100,4,2817.84,6088.26,32.37
8.609,24,13,2793.75,4182.23,35.5464,1.59574,0,1,1,32,0.15,7,100,4,2794.47,5656.5,36.14
8.6095,25,19,2815.41,5984.11,42.1001,1.49759,0,1,0,0,0,7,100,4,2805.7,5864.14,39.6
8.611,28,19,2814.63,6029.04,45.0307,1.4977,0,1,1,257,0.2,7,100,4,2799.89,5756.74,39.45
8.613,32,19,2811.58,5972.68,46.41,1.49801,0,1,1,321,0.25,7,100,4,2760.71,4964.82,37.54
8.6135,33,18,2802.8,5810.49,51.8948,1.49796,0,1,1,321,0.25,7,100,4,2760.79,4834.37,36.94
8.614,34,18,2799.9,5756.86,51.3991,1.49797,0,1,1,321,0.25,7,100,4,2760.41,4914.46,37.29
8.615,36,17,2790.09,5575.68,51.2541,1.4979,0,1,1,321,0.25,7,100,4,2773.56,4494.54,38
8.6155,37,17,2787.25,5523.5,50.2633,1.49688,0,1,1,321,0.25,7,100,4,2764.28,4707.21,40.94
8.6145,35,17,2784.41,5472.26,51.0705,1.49624,0,1,1,321,0.25,7,100,4,2761.42,4786,37.61
8.6165,39,14,2760.79,4834.47,48.1254,1.55706,0,1,1,321,0.25,7,100,4,2777.02,4416.03,37.9
8.6185,43,14,2764.28,4707.29,53.3358,1.59329,0,1,1,321,0.25,7,100,4,2791.11,4096.66,40.42
8.6175,41,14,2761.42,4786.02,48.9973,1.58495,0,1,1,321,0.25,7,100,4,2793.42,4044.37,40.46
8.619,44,13,2770.16,4571.98,51.316,1.5962,0,1,1,353,0.4,7,100,4,2830.27,3226.42,34.93
8.6195,45,13,2777.02,4416.1,49.3744,1.59636,0,1,1,353,0.4,7,100,4,2805.61,3762.94,40.99
8.618,42,13,2773.56,4494.62,49.5041,1.59629,0,1,1,353,0.4,7,100,4,2783.74,4263.61,40.43
8.6215,49,12,2791.11,4096.78,52.6551,1.5967,0,1,1,353,0.4,7,100,4,2842.87,2954.19,37.51
8.62,46,13,2779.89,4350.65,51.5603,1.59666,0,1,1,353,0.4,7,100,4,2816.2,3533.85,38.97
8.622,50,10,2830.26,3226.52,45.5023,1.59885,0,1,1,257,0.2,7,100,4,2837.98,3054.81,37.91
8.6205,47,12,2793.42,4044.43,52.7055,1.59673,0,1,1,353,0.4,7,100,4,2818.95,3482.13,39.04
8.621,48,13,2783.74,4263.64,52.6658,1.59681,0,1,1,353,0.4,7,100,4,2832.58,3179.32,35.28
8.6235,53,11,2818.95,3482.13,50.8549,1.60556,0,1,1,321,0.25,7,100,4,2857.64,2663,38.2
8.6245,55,9,2842.87,2954.29,48.8613,1.64044,0,1,1,353,0.4,7,100,4,2861.66,2578.13,39.49
8.624,54,10,2832.58,3179.31,45.956,1.60395,0,1,1,321,0.25,7,100,4,2877.86,2234.1,32.57
8.626,58,9,2851.2,2798.63,49.2639,1.59994,0,1,1,353,0.4,7,100,4,2881.81,2013.53,34.87
8.616,38,15,2760.71,4964.93,48.8991,1.53742,0,1,1,321,0.25,7,100,4,2770.15,4572.26,39.39
8.623,52,11,2816.2,3533.88,50.761,1.60579,0,1,1,321,0.25,7,100,4,2851.2,2798.67,37.82
8.6275,61,8,2861.66,2578.23,51.4377,1.60005,0,1,1,257,0.2,7,100,4,2895.92,1700.93,37.61
8.628,62,6,2886.83,1957.74,41.8505,1.58509,0,1,1,96,0.2,7,100,4,2902.5,1573.71,35.73
8.6285,63,6,2880.26,2061.19,45.7966,1.58517,0,1,1,353,0.4,7,100,4,2899.57,1568.31,35.8
8.617,40,15,2760.41,4914.57,48.5705,1.5576,0,1,1,321,0.25,7,100,4,2779.88,4351.01,39.58
8.627,60,7,2877.86,2234.15,42.4226,1.58503,0,1,0,0,0,7,100,4,2893.28,1752.09,38.16
8.6295,65,6,2883.37,1965.51,46.8378,1.58534,0,1,1,353,0.4,7,100,4,2927.32,989.487,40.13
8.629,64,6,2881.81,2013.63,45.4178,1.58522,0,1,1,353,0.4,7,100,4,2928.59,957.063,29.48
8.6305,67,5,2895.92,1701.03,48.986,1.60469,0,1,1,321,0.25,7,100,4,2926.56,926.902,37.52
8.631,68,4,2902.5,1573.81,46.5369,1.60466,0,1,1,449,0.35,7,100,4,2937.67,725.838,32.5
8.6255,57,9,2840.07,3004.46,48.8157,1.59453,0,1,1,353,0.4,7,100,4,2880.26,2061.3,35.16
8.63,66,5,2893.27,1752.11,49.7008,1.60457,0,1,1,321,0.25,7,100,4,2922.47,1031.37,40.5
8.6315,69,4,2899.57,1568.41,46.6268,1.60461,0,1,1,449,0.35,7,100,4,2935.33,704.821,33.85
8.6325,71,3,2927.32,989.601,52.2661,1.59203,0,1,1,353,0.4,7,100,4,2945.96,611.196,36.95
8.6265,59,8,2857.64,2663.08,49.7519,1.60036,0,1,1,321,0.25,7,100,4,2883.37,1965.64,35.96
8.634,74,3,2937.66,725.931,42.3275,1.59426,0,1,1,96,0.2,7,100,4,2830.73,6539.61,24.53
8.6335,73,3,2926.55,927.011,48.8649,1.59222,0,1,1,353,0.4,7,100,4,3016.93,251.443,23.13
8.625,56,9,2837.98,3054.89,49.3725,1.59449,0,1,1,353,0.4,7,100,4,2886.82,1957.96,32.13
8.635,76,3,2938.11,655.921,43.9804,1.65006,0,1,1,353,0.4,7,100,4,2827.54,3441.06,24.62
8.6355,77,2,2945.94,611.296,48.1217,1.66831,0,1,1,321,0.25,7,100,4,2841.85,3115.98,24.96
8.636,78,1,3005.15,280.976,29.7453,1.8215,0,1,0,0,0,7,100,4,2856.56,2820.68,24.51
8.633,72,3,2922.47,1031.4,52.7435,1.59242,0,1,1,353,0.4,7,100,4,3005.14,280.999,22.84
8.6395,85,8,2871.53,2496.87,31.8659,1.58682,0,1,0,64,0.05,7,100,4,2946.27,677.202,24.81
8.64,86,7,2881.19,2230.42,32.2172,1.58568,0,1,0,64,0.05,7,100,4,2813.79,5894.93,24.75
8.6425,91,3,2946.27,677.273,32.3068,1.61197,0,1,1,32,0.15,7,100,4,2769.1,4668.82,24.94
8.6435,93,2,2986.97,383.691,31.9676,1.76827,0,1,0,0,0,7,100,4,2797.72,4019.68,24.81
8.6445,95,16,2774.39,5254.19,31.8758,1.48775,0,1,0,0,0,7,100,4,2827.73,6152.69,23.16
8.6455,97,14,2769.1,4668.9,32.4741,1.59774,0,1,0,0,0,7,100,4,2838.83,3183.16,23.48
8.646,98,13,2786.44,4347.62,32.4347,1.5978,0,1,1,32,0.15,7,100,4,2853.43,2886.71,23.04
8.6465,99,12,2797.71,4019.76,32.3041,1.59803,0,1,1,32,0.15,7,100,4,2866.77,2605.73,23.5
8.647,100,12,2809.34,3749.84,32.512,1.59336,0,1,1,32,0.15,7,100,4,2878.55,2306.04,23.44
8.6485,103,10,2838.82,3183.23,30.5713,1.60953,0,1,0,0,0,7,100,4,2915.92,1438.28,23.01
8.65,106,7,2878.55,2306.1,30.5183,1.59868,0,1,0,64,0.05,7,100,4,2954.88,590.131,23.51
8.6505,107,6,2886.65,2061.94,30.3357,1.58608,0,1,1,96,0.2,7,100,4,2796.43,5574.35,23.46
8.651,108,5,2899.93,1747.48,29.9057,1.60531,0,1,0,0,0,7,100,4,2995.19,318.051,23.16
8.6515,109,4,2915.91,1438.35,29.9573,1.60569,0,1,0,64,0.05,7,100,4,2777.05,5245.88,23.26
8.652,110,4,2925.96,1187.93,30.2695,1.59313,0,1,0,64,0.05,7,100,4,2766.9,4949.33,23.14
8.6525,111,3,2938.18,875.823,30.5166,1.59283,0,1,1,32,0.15,7,100,4,2771.26,4693.11,23.25
8.653,112,2,2954.87,590.198,30.6073,1.69574,0,1,0,0,0,7,100,4,2783.85,4406.46,23.51
8.654,114,1,2995.17,318.112,30.1512,1.81162,0,1,0,0,0,7,100,4,2811.31,3780.95,23.22
8.655,116,15,2766.9,4949.39,30.1247,1.54246,0,1,0,0,0,7,100,4,2779.24,4438.3,32.5
8.6565,119,12,2799.38,4054.77,30.228,1.59852,0,1,1,32,0.15,7,100,4,2834.16,3146.65,32.06
8.657,120,12,2811.31,3781.01,30.2277,1.59381,0,1,1,96,0.2,7,100,4,2851.86,2852.45,32.54
8.6575,121,11,2822.91,3528.09,30.045,1.60754,0,1,0,64,0.05,7,100,4,2867.53,2424.43,33.28
8.658,122,13,2779.24,4438.39,42.3072,1.59829,0,1,1,32,0.15,7,100,4,2885.25,2006.34,33.23
8.6585,123,12,2800.15,3892.04,42.2413,1.59839,0,1,1,32,0.15,7,100,4,2899.06,1640.34,32.67
8.66,126,9,2851.85,2852.54,42.3579,1.60171,0,1,1,32,0.15,7,100,4,2990.58,352.314,28.54
8.662,130,4,2921.49,1138.21,42.5255,1.59363,0,1,0,0,0,7,100,4,2763.9,5111.48,32.24
8.6625,131,3,2932.25,781.589,42.3818,1.59378,0,1,1,32,0.15,7,100,4,2763.69,4898.47,32.58
8.663,132,1,2990.56,352.395,37.1488,1.77105,0,1,0,0,0,7,100,4,2815.68,3085.73,27.68
8.6655,137,15,2763.69,4898.56,42.4054,1.55923,0,1,0,0,0,7,100,4,2743.05,4782.25,27.23
8.6665,139,11,2803.37,3453.6,35.4803,-1.53957,0,1,0,0,0,7,100,4,2931.79,596.22,35.26
8.667,140,12,2789.5,3770.39,35.9094,-1.54337,0,1,1,32,0.15,7,100,4,2985.99,322.885,41.62
8.6675,141,13,2770.9,4170.45,36.1432,-1.54002,0,1,1,32,0.15,7,100,4,2964.52,413.975,40.39
8.6685,143,14,2743.05,4782.17,35.4399,-1.56035,0,1,0,0,0,7,100,4,2897.28,1338.84,33.2
8.668,142,13,2753.77,4476.17,32.5631,-1.5476,0,1,1,32,0.15,7,100,4,2923.55,692.44,35.97
8.6705,147,2,2964.54,413.87,52.5655,-1.38829,0,1,1,257,0.2,7,100,4,2916.97,881.256,38.53
8.671,148,3,2923.56,692.378,46.8126,-1.51014,0,1,1,289,0.35,7,100,4,2861.89,2073.89,31.69
8.6715,149,4,2897.28,1338.75,43.207,-1.54353,0,1,1,128,0.1,7,100,4,2880,1737.01,32.55
8.672,150,3,2930.18,647.805,49.5963,-1.51016,0,1,1,353,0.4,7,100,4,2877.95,1783.54,33.15
8.673,152,3,2919.4,828.637,51.9252,-1.53967,0,1,1,353,0.4,7,100,4,2870.69,1947.57,36.84
8.6725,151,3,2925.7,707.133,48.8013,-1.51659,0,1,1,353,0.4,7,100,4,2872.89,1897.88,36.68
8.6735,153,3,2916.98,881.144,50.1409,-1.54339,0,1,1,353,0.4,7,100,4,2868.54,1996.16,35.91
8.675,156,5,2877.96,1783.46,43.1392,-1.5424,0,1,0,64,0.05,7,100,4,2864.1,2096.38,37.13
8.6755,157,6,2872.9,1897.82,47.7324,-1.54224,0,1,1,353,0.4,7,100,4,2861.84,2147.48,36.89
8.676,158,6,2870.69,1947.46,47.94,-1.54214,0,1,1,353,0.4,7,100,4,2838.55,2719.35,35.97
8.6745,155,5,2880.01,1736.93,42.3569,-1.54241,0,1,0,64,0.05,7,100,4,2851.97,2379.47,35.01
8.677,160,6,2866.31,2046.53,48.017,-1.54187,0,1,1,353,0.4,7,100,4,2834.28,2813.56,35.69
8.6765,159,6,2868.55,1996.09,46.7282,-1.54202,0,1,1,353,0.4,7,100,4,2836.35,2767.91,35.34
8.678,162,6,2864.1,2096.27,48.3155,-1.54211,0,1,1,289,0.35,7,100,4,2829.13,2929.05,38.54
8.679,164,8,2838.56,2719.25,46.8052,-1.54092,0,1,1,321,0.25,7,100,4,2824.37,3034.99,38.78
8.6805,167,9,2831.35,2878.47,47.0251,-1.54189,0,1,1,353,0.4,7,100,4,2782.46,3923.76,32.09
8.681,168,9,2829.13,2928.94,50.1474,-1.54179,0,1,1,353,0.4,7,100,4,2784.68,3876.31,33.92
8.6815,169,9,2826.73,2982.68,50.537,-1.54106,0,1,1,353,0.4,7,100,4,2789.34,3845.36,40.29
8.682,170,9,2824.38,3034.88,50.4584,-1.54122,0,1,1,353,0.4,7,100,4,2780.96,4024.1,37.35
8.6825,171,11,2801.61,3564.07,46.9971,-1.41253,0,1,1,321,0.25,7,100,4,2786.07,3915.33,38.49
8.683,172,11,2804.65,3493.92,54.1655,-1.53846,0,1,1,321,0.25,7,100,4,2783.68,3966.14,38.67
8.6835,173,12,2782.47,3923.67,41.7526,-1.53928,0,1,1,96,0.2,7,100,4,2761.55,4441.56,35.3
8.6845,175,12,2789.34,3845.26,52.4208,-1.53932,0,1,1,353,0.4,7,100,4,2757.83,4535.99,33.92
8.684,174,12,2784.69,3876.22,44.1323,-1.53906,0,1,1,353,0.4,7,100,4,2759.66,4489.36,35.24
8.685,176,12,2780.97,4024,48.5945,-1.53932,0,1,1,353,0.4,7,100,4,2756.05,4580.89,34.61
8.6855,177,12,2786.07,3915.22,50.077,-1.53911,0,1,1,353,0.4,7,100,4,2748.61,4814.82,40.99
8.687,180,13,2759.66,4489.29,45.8478,-1.54641,0,1,1,353,0.4,7,100,4,2748.04,5020.98,40.95
8.688,182,13,2756.05,4580.81,45.0275,-1.54652,0,1,1,353,0.4,7,100,4,2756.41,5234.75,41.28
8.6885,183,14,2748.61,4814.74,53.3273,-1.55994,0,1,1,321,0.25,7,100,4,2962.5,391.465,24.66
8.689,184,15,2746.98,4928.32,48.7213,-1.59323,0,1,1,321,0.25,7,100,4,2917.35,804.141,24.79
8.6875,181,13,2757.83,4535.89,44.1283,-1.54621,0,1,1,353,0.4,7,100,4,2753.37,5181.89,40.59
8.69,186,15,2748.03,5020.88,53.2735,-1.59863,0,1,1,321,0.25,7,100,4,2784.15,3819.2,24.59
8.6895,185,15,2744.88,5024.2,45.2982,-1.5983,0,1,1,321,0.25,7,100,4,2797.83,3502.55,24.33
8.691,188,16,2756.4,5234.64,53.7019,-1.64382,0,1,1,321,0.25,7,100,4,2901,1103.36,23.28
8.6925,191,11,2797.84,3502.51,31.6504,-1.53829,0,1,0,0,0,7,100,4,2846.05,2453.59,32.67
8.6905,187,16,2753.37,5181.86,52.8021,-1.64198,0,1,1,321,0.25,7,100,4,2915.43,776.956,23.45
8.6935,193,3,2915.43,776.951,30.5051,-1.53863,0,1,1,32,0.15,7,100,4,2810.88,3273.86,32.87
8.6945,195,12,2787.62,3740.15,30.5175,-1.54197,0,1,1,32,0.15,7,100,4,2773.52,4114.91,32.97
8.6955,197,8,2846.05,2453.5,42.4973,-1.54868,0,1,0,0,0,7,100,4,2743.82,4914.64,32.51
8.696,198,9,2825.71,2934,42.4968,-1.5413,0,1,1,32,0.15,7,100,4,2756.86,5297.28,33.07
8.6965,199,10,2810.89,3273.77,42.7564,-1.54611,0,1,0,0,0,7,100,4,2785.24,5724.65,32.92
8.697,200,12,2792.29,3706.54,42.3395,-1.54169,0,1,1,32,0.15,7,100,4,0,0,0
8.698,202,13,2757.08,4473.68,43.0544,-1.546,0,1,1,32,0.15,7,100,4,0,0,0
8.699,204,16,2756.86,5297.19,43.0146,-1.64334,0,1,0,0,0,7,100,4,0,0,0
8.6995,205,18,2785.24,5724.56,42.819,-1.64659,0,1,0,0,0,7,100,4,0,0,0
8.7015,9,9,2853.62,2815.28,35.8719,1.60401,0,1,1,32,0.15,7,100,4,2938.6,783.198,27.44
8.702,10,8,2868.65,2486.86,36.0406,1.58972,0,1,0,0,0,7,100,4,2825.58,6596.63,27.35
8.7025,11,7,2883.55,2157.01,35.7801,1.58684,0,1,0,0,0,7,100,4,2971.92,456.796,27.74
8.703,12,5,2894.04,1799.44,35.5715,1.60816,0,1,0,0,0,7,100,4,2827.28,6208.67,27.58
8.704,14,3,2925.68,1113.14,35.7531,1.5959,0,1,1,32,0.15,7,100,4,2793.57,5580.68,27.41
8.7045,15,3,2938.6,783.278,35.6876,1.59566,0,1,1,32,0.15,7,100,4,2769.71,5230.78,27.69
8.7055,17,2,2971.91,456.873,36.0771,1.73778,0,1,0,0,0,7,100,4,2778.89,4519.2,27.32
8.7075,21,16,2769.71,5230.86,36.0107,1.49897,0,1,0,0,0,7,100,4,2825.25,6527.12,39.79
8.7085,23,13,2778.89,4519.28,35.5288,1.60079,0,1,1,32,0.15,7,100,4,2818.01,6091.49,32.37
8.709,24,13,2793.63,4184.95,35.4764,1.60086,0,1,1,32,0.15,7,100,4,2794.66,5660.11,36.14
8.7095,25,19,2815.58,5987.34,42.0171,1.50271,0,1,0,0,0,7,100,4,2805.92,5868.1,39.6
8.711,28,19,2814.82,6032.49,44.9419,1.50282,0,1,1,257,0.2,7,100,4,2800.11,5760.68,39.45
8.713,32,19,2811.77,5976.24,46.3185,1.50313,0,1,1,321,0.25,7,100,4,2760.77,4968.58,37.54
8.7135,33,18,2803.01,5814.47,51.7924,1.50308,0,1,1,321,0.25,7,100,4,2760.77,4838.06,36.94
8.714,34,18,2800.11,5760.8,51.2977,1.50309,0,1,1,321,0.25,7,100,4,2760.39,4918.19,37.29
8.7145,35,17,2784.63,5476.17,50.9719,1.50126,0,1,1,321,0.25,7,100,4,2761.3,4789.68,37.61
8.715,36,17,2790.3,5579.61,51.1534,1.50301,0,1,1,321,0.25,7,100,4,2773.39,4498.32,38
8.716,38,15,2760.77,4968.69,48.8123,1.54204,0,1,1,321,0.25,7,100,4,2769.99,4575.8,39.39
8.7165,39,14,2760.77,4838.17,48.0316,1.56213,0,1,1,321,0.25,7,100,4,2776.85,4419.77,37.9
8.717,40,15,2760.39,4918.3,48.4861,1.56212,0,1,1,321,0.25,7,100,4,2779.72,4354.49,39.58
8.7155,37,17,2787.46,5527.35,50.1631,1.50206,0,1,1,321,0.25,7,100,4,2764.11,4711.34,40.94
8.718,42,13,2773.39,4498.42,49.4084,1.60131,0,1,1,353,0.4,7,100,4,2783.56,4267.56,40.43
8.7185,43,14,2764.11,4711.38,53.2305,1.59842,0,1,1,321,0.25,7,100,4,2790.93,4100.7,40.42
8.7175,41,14,2761.3,4789.78,48.9003,1.5901,0,1,1,321,0.25,7,100,4,2793.24,4048.42,40.46
8.7195,45,13,2776.85,4419.88,49.2768,1.6015,0,1,1,353,0.4,7,100,4,2805.45,3767.04,40.99
8.719,44,13,2769.99,4575.91,51.2134,1.6014,0,1,1,353,0.4,7,100,4,2830.1,3229.96,34.93
8.72,46,13,2779.72,4354.6,51.4598,1.60172,0,1,1,353,0.4,7,100,4,2816,3537.69,38.97
8.7215,49,12,2790.93,4100.81,52.5513,1.60182,0,1,1,353,0.4,7,100,4,2842.55,2957.92,37.51
8.722,50,10,2830.1,3230.01,45.4131,1.60394,0,1,1,257,0.2,7,100,4,2837.83,3058.57,37.91
8.721,48,13,2783.56,4267.68,52.5631,1.60187,0,1,1,353,0.4,7,100,4,2832.4,3182.79,35.28
8.723,52,11,2815.99,3537.77,50.6644,1.61074,0,1,1,321,0.25,7,100,4,2851.03,2802.31,37.82
8.7235,53,11,2818.74,3486.03,50.7547,1.61067,0,1,1,321,0.25,7,100,4,2857.46,2666.8,38.2
8.724,54,10,2832.4,3182.84,45.8659,1.60904,0,1,1,321,0.25,7,100,4,2877.76,2237.33,32.57
8.725,56,9,2837.82,3058.68,49.2845,1.59912,0,1,1,353,0.4,7,100,4,2886.73,1960.86,32.13
8.7255,57,9,2839.92,3008.21,48.725,1.59935,0,1,1,353,0.4,7,100,4,2880.15,2064.6,35.16
8.726,58,9,2851.02,2802.41,49.1664,1.60508,0,1,1,353,0.4,7,100,4,2881.7,2017.02,34.87
8.7265,59,8,2857.46,2666.9,49.66,1.60515,0,1,1,321,0.25,7,100,4,2883.26,1969,35.96
8.727,60,7,2877.76,2237.41,42.3406,1.59005,0,1,0,0,0,7,100,4,2893.08,1755.81,38.16
8.7275,61,8,2861.47,2582.18,51.3358,1.60519,0,1,1,321,0.25,7,100,4,2895.73,1704.69,37.61
8.728,62,6,2886.72,1960.95,41.7676,1.59024,0,1,1,96,0.2,7,100,4,2902.32,1577.28,35.73
8.7205,47,12,2793.24,4048.47,52.5956,1.60215,0,1,1,353,0.4,7,100,4,2818.73,3486.24,39.04
8.7285,63,6,2880.15,2064.71,45.7053,1.59034,0,1,1,353,0.4,7,100,4,2899.39,1571.92,35.8
8.73,66,5,2893.08,1755.92,49.6046,1.6096,0,1,1,321,0.25,7,100,4,2922.32,1035.33,40.5
8.7305,67,5,2895.72,1704.79,48.8891,1.60983,0,1,1,321,0.25,7,100,4,2926.41,930.653,37.52
8.7295,65,6,2883.26,1969.1,46.744,1.59054,0,1,1,353,0.4,7,100,4,2927.16,993.548,40.13
8.731,68,4,2902.31,1577.38,46.4448,1.60979,0,1,1,449,0.35,7,100,4,2937.53,729.085,32.5
8.7315,69,4,2899.38,1571.99,46.5353,1.60971,0,1,1,449,0.35,7,100,4,2935.19,708.176,33.85
8.729,64,6,2881.7,2017.12,45.3259,1.59047,0,1,1,353,0.4,7,100,4,2928.47,960.076,29.48
8.7325,71,3,2927.16,993.611,52.1628,1.59716,0,1,1,353,0.4,7,100,4,2945.53,614.861,36.95
8.733,72,3,2922.31,1035.44,52.6432,1.59736,0,1,1,353,0.4,7,100,4,3004.56,283.115,22.84
8.7335,73,3,2926.41,930.76,48.7691,1.59731,0,1,1,353,0.4,7,100,4,3016.28,253.639,23.13
8.734,74,3,2937.53,729.178,42.2429,1.59944,0,1,1,96,0.2,7,100,4,2830.54,6542.08,24.53
8.735,76,3,2937.79,659.282,43.8934,1.6552,0,1,1,353,0.4,7,100,4,2827.41,3443.51,24.62
8.7245,55,9,2842.54,2958.03,48.7545,1.64611,0,1,1,353,0.4,7,100,4,2861.46,2582.49,39.49
8.7355,77,2,2945.52,614.967,48.0261,1.67347,0,1,1,321,0.25,7,100,4,2841.74,3118.48,24.96
8.736,78,1,3004.54,283.178,29.6859,1.82668,0,1,0,0,0,7,100,4,2856.44,2823.15,24.51
8.7395,85,8,2871.44,2499.32,31.8027,1.59197,0,1,0,64,0.05,7,100,4,2946.13,679.678,24.81
8.74,86,7,2881.11,2232.89,32.1533,1.59082,0,1,0,64,0.05,7,100,4,2813.92,5897.4,24.75
8.7425,91,3,2946.12,679.75,32.2427,1.61712,0,1,1,32,0.15,7,100,4,2768.99,4671.32,24.94
8.7435,93,2,2986.45,386.09,31.9042,1.77342,0,1,0,0,0,7,100,4,2797.61,4022.16,24.81
8.7445,95,16,2774.55,5256.63,31.8126,1.4929,0,1,0,0,0,7,100,4,2827.86,6155,23.16
8.7455,97,14,2768.99,4671.39,32.4097,1.60288,0,1,0,0,0,7,100,4,2838.69,3185.51,23.48
8.746,98,13,2786.33,4350.11,32.3704,1.60295,0,1,1,32,0.15,7,100,4,2853.32,2889.01,23.04
8.7465,99,12,2797.6,4022.23,32.24,1.60317,0,1,1,32,0.15,7,100,4,2866.65,2608.08,23.5
8.747,100,12,2809.24,3752.33,32.4475,1.59851,0,1,1,32,0.15,7,100,4,2878.44,2308.38,23.44
8.7485,103,10,2838.69,3185.58,30.5106,1.61468,0,1,0,0,0,7,100,4,2915.8,1440.58,23.01
8.75,106,7,2878.44,2308.44,30.4577,1.60383,0,1,0,64,0.05,7,100,4,2954.55,592.458,23.51
8.7505,107,6,2886.58,2064.27,30.2754,1.59123,0,1,1,96,0.2,7,100,4,2796.56,5576.69,23.46
8.751,108,5,2899.81,1749.78,29.8462,1.61047,0,1,0,0,0,7,100,4,2994.59,320.293,23.16
8.7515,109,4,2915.8,1440.65,29.8978,1.61085,0,1,0,64,0.05,7,100,4,2777.2,5248.2,23.26
8.7525,111,3,2938.08,878.165,30.4561,1.59797,0,1,1,32,0.15,7,100,4,2771.16,4695.42,23.25
8.753,112,2,2954.54,592.526,30.5468,1.70086,0,1,0,0,0,7,100,4,2783.75,4408.79,23.51
8.752,110,4,2925.87,1190.25,30.2086,1.59835,0,1,0,64,0.05,7,100,4,2766.92,4951.67,23.14
8.754,114,1,2994.58,320.352,30.0913,1.81677,0,1,0,0,0,7,100,4,2811.22,3783.27,23.22
8.755,116,15,2766.92,4951.7,30.0648,1.54761,0,1,0,0,0,7,100,4,2779.1,4441.54,32.5
8.7565,119,12,2799.27,4057.09,30.1679,1.60367,0,1,1,32,0.15,7,100,4,2834.03,3149.86,32.06
8.757,120,12,2811.22,3783.33,30.1675,1.59897,0,1,1,96,0.2,7,100,4,2851.7,2855.7,32.54
8.7575,121,11,2822.79,3530.4,29.9852,1.6127,0,1,0,64,0.05,7,100,4,2867.42,2427.76,33.28
8.7585,123,12,2800.01,3895.28,42.158,1.60351,0,1,1,32,0.15,7,100,4,2898.89,1643.58,32.67
8.758,122,13,2779.1,4441.64,42.2225,1.60348,0,1,1,32,0.15,7,100,4,2885.14,2009.68,33.23
8.76,126,9,2851.7,2855.8,42.2736,1.60686,0,1,1,32,0.15,7,100,4,2989.97,355.102,28.54
8.762,130,4,2921.37,1141.47,42.4408,1.59879,0,1,1,128,0.1,7,100,4,2764.05,5114.7,32.24
8.7625,131,3,2932.12,784.843,42.2974,1.59894,0,1,1,32,0.15,7,100,4,2763.68,4901.73,32.58
8.763,132,1,2989.95,355.182,37.0747,1.77621,0,1,0,0,0,7,100,4,2815.81,3082.96,27.68
8.7655,137,15,2763.68,4901.82,42.3209,1.5644,0,1,0,0,0,7,100,4,2743.12,4779.53,27.23
8.7665,139,11,2803.5,3450.88,35.409,-1.53436,0,1,0,0,0,7,100,4,2932.18,592.684,35.26
8.768,142,13,2753.87,4473.67,32.4987,-1.54247,0,1,1,32,0.15,7,100,4,2923.82,688.879,35.97
8.7685,143,14,2743.12,4779.45,35.3688,-1.55516,0,1,0,0,0,7,100,4,2897.42,1335.51,33.2
8.7675,141,13,2771.03,4167.68,36.0695,-1.53474,0,1,1,32,0.15,7,100,4,2965.33,409.924,40.39
8.7705,147,2,2965.33,409.91,52.4607,-1.38313,0,1,1,257,0.2,7,100,4,2917.14,877.406,38.53
8.767,140,12,2789.62,3767.64,35.8353,-1.53802,0,1,1,32,0.15,7,100,4,2987.08,318.715,41.62
8.771,148,3,2923.83,688.791,46.7193,-1.50498,0,1,1,289,0.35,7,100,4,2862.03,2070.72,31.69
8.7715,149,4,2897.42,1335.43,43.1209,-1.53837,0,1,0,0,0,7,100,4,2880.14,1733.76,32.55
8.772,150,3,2930.47,644.005,49.4975,-1.505,0,1,1,353,0.4,7,100,4,2878.1,1780.23,33.15
8.773,152,3,2919.59,824.651,51.8216,-1.53451,0,1,1,353,0.4,7,100,4,2870.85,1943.89,36.84
8.7735,153,3,2917.14,877.295,50.0418,-1.53827,0,1,1,353,0.4,7,100,4,2868.7,1992.61,35.91
8.7745,155,5,2880.15,1733.67,42.2743,-1.53736,0,1,0,64,0.05,7,100,4,2852.09,2376.05,35.01
8.775,156,5,2878.1,1780.14,43.053,-1.53722,0,1,0,64,0.05,7,100,4,2864.26,2092.67,37.13
8.7755,157,6,2873.06,1894.15,47.6371,-1.53707,0,1,1,353,0.4,7,100,4,2862,2143.79,36.89
8.776,158,6,2870.86,1943.78,47.8443,-1.53697,0,1,1,353,0.4,7,100,4,2838.72,2715.76,35.97
8.7725,151,3,2925.96,703.392,48.7008,-1.51126,0,1,1,353,0.4,7,100,4,2873.06,1894.1,36.68
8.777,160,6,2866.48,2042.85,47.9214,-1.53671,0,1,1,353,0.4,7,100,4,2834.44,2810,35.69
8.7765,159,6,2868.71,1992.5,46.6352,-1.53686,0,1,1,353,0.4,7,100,4,2836.5,2764.39,35.34
8.778,162,6,2864.27,2092.56,48.2188,-1.53693,0,1,1,289,0.35,7,100,4,2829.3,2925.19,38.54
8.779,164,8,2838.72,2715.66,46.7118,-1.53575,0,1,1,321,0.25,7,100,4,2824.55,3031.12,38.78
8.7805,167,9,2831.51,2874.86,46.9311,-1.53672,0,1,1,353,0.4,7,100,4,2782.61,3920.56,32.09
8.781,168,9,2829.31,2925.09,50.0472,-1.53662,0,1,1,353,0.4,7,100,4,2784.84,3872.92,33.92
8.7815,169,9,2826.91,2978.8,50.436,-1.53588,0,1,1,353,0.4,7,100,4,2789.53,3841.34,40.29
8.782,170,9,2824.55,3031,50.3576,-1.53604,0,1,1,353,0.4,7,100,4,2781.14,4020.37,37.35
8.7825,171,11,2802.23,3560.52,46.9032,-1.40735,0,1,1,321,0.25,7,100,4,2786.25,3911.48,38.49
8.783,172,11,2804.85,3489.76,54.0575,-1.5333,0,1,1,321,0.25,7,100,4,2783.87,3962.29,38.67
8.7835,173,12,2782.62,3920.46,41.669,-1.5341,0,1,1,96,0.2,7,100,4,2761.69,4438.03,35.3
8.7845,175,12,2789.53,3841.23,52.316,-1.53415,0,1,1,353,0.4,7,100,4,2757.96,4532.6,33.92
8.785,176,12,2781.14,4020.27,48.4979,-1.53418,0,1,1,353,0.4,7,100,4,2756.19,4577.45,34.61
8.784,174,12,2784.85,3872.83,44.0437,-1.53386,0,1,1,353,0.4,7,100,4,2759.8,4485.82,35.24
8.7855,177,12,2786.25,3911.37,49.977,-1.53394,0,1,1,353,0.4,7,100,4,2748.71,4810.73,40.99
8.787,180,13,2759.8,4485.77,45.7564,-1.54125,0,1,1,353,0.4,7,100,4,2747.98,5016.9,40.95
8.7875,181,13,2757.96,4532.51,44.042,-1.54115,0,1,1,353,0.4,7,100,4,2753.15,5177.92,40.59
8.788,182,13,2756.19,4577.35,44.9372,-1.54133,0,1,1,353,0.4,7,100,4,2756.17,5230.62,41.28
8.7885,183,14,2748.71,4810.64,53.2204,-1.55475,0,1,1,321,0.25,7,100,4,2962.99,389.041,24.66
8.789,184,15,2746.95,4924.57,48.6235,-1.58805,0,1,1,321,0.25,7,100,4,2917.46,801.66,24.79
8.79,186,15,2747.98,5016.78,53.1671,-1.59347,0,1,1,321,0.25,7,100,4,2784.26,3816.75,24.59
8.7895,185,15,2744.83,5020.71,45.2074,-1.59312,0,1,1,321,0.25,7,100,4,2797.95,3500.12,24.33
8.791,188,16,2756.16,5230.51,53.5939,-1.63862,0,1,1,321,0.25,7,100,4,2901.1,1101.02,23.28
8.7905,187,16,2753.14,5177.81,52.6974,-1.63686,0,1,1,321,0.25,7,100,4,2915.54,774.636,23.45
8.7925,191,11,2797.95,3500.08,31.5871,-1.53311,0,1,0,0,0,7,100,4,2846.17,2450.33,32.67
8.7935,193,3,2915.54,774.609,30.444,-1.53345,0,1,1,32,0.15,7,100,4,2811.01,3270.58,32.87
8.7945,195,12,2787.72,3737.81,30.4563,-1.53679,0,1,1,32,0.15,7,100,4,2773.67,4111.61,32.97
8.7955,197,8,2846.17,2450.24,42.4121,-1.5435,0,1,0,0,0,7,100,4,2743.83,4911.39,32.51
8.796,198,9,2825.86,2930.74,42.4117,-1.53612,0,1,1,32,0.15,7,100,4,2756.67,5293.98,33.07
8.7965,199,10,2811.02,3270.48,42.6708,-1.54093,0,1,1,128,0.1,7,100,4,2785.04,5721.37,32.92
8.797,200,12,2792.43,3703.28,42.2549,-1.53653,0,1,1,32,0.15,7,100,4,0,0,0
8.798,202,13,2757.21,4470.37,42.9682,-1.54082,0,1,1,32,0.15,7,100,4,0,0,0
8.799,204,16,2756.67,5293.89,42.9284,-1.63816,0,1,0,0,0,7,100,4,0,0,0
8.7995,205,18,2785.04,5721.27,42.7332,-1.6414,0,1,0,0,0,7,100,4,0,0,0
8.8015,9,9,2853.49,2818.04,35.7999,1.6092,0,1,1,32,0.15,7,100,4,2938.49,785.94,27.44
8.802,10,8,2868.56,2489.63,35.9683,1.59491,0,1,0,0,0,7,100,4,2825.29,6599.35,27.35
8.8025,11,7,2883.47,2159.76,35.7082,1.59203,0,1,0,0,0,7,100,4,2971.42,459.527,27.74
8.803,12,5,2893.9,1802.17,35.5001,1.61334,0,1,0,0,0,7,100,4,2827.41,6211.42,27.58
8.804,14,3,2925.57,1115.88,35.6813,1.60109,0,1,1,32,0.15,7,100,4,2793.72,5583.42,27.41
8.8045,15,3,2938.49,786.02,35.616,1.60084,0,1,1,32,0.15,7,100,4,2769.87,5233.54,27.69
8.8055,17,2,2971.41,459.601,36.0047,1.74297,0,1,0,0,0,7,100,4,2778.77,4521.93,27.32
8.8075,21,16,2769.87,5233.62,35.9384,1.50415,0,1,0,0,0,7,100,4,2824.95,6531.09,39.79
8.8085,23,13,2778.77,4522.01,35.4574,1.60597,0,1,1,32,0.15,7,100,4,2818.19,6094.73,32.37
8.809,24,13,2793.51,4187.68,35.4051,1.60605,0,1,1,32,0.15,7,100,4,2794.86,5663.72,36.14
8.8095,25,19,2815.76,5990.56,41.9327,1.5079,0,1,0,0,0,7,100,4,2806.13,5872.05,39.6
8.811,28,19,2815.01,6035.94,44.8516,1.50801,0,1,1,257,0.2,7,100,4,2800.32,5764.62,39.45
8.813,32,19,2811.96,5979.8,46.2254,1.50832,0,1,1,321,0.25,7,100,4,2760.82,4972.33,37.54
8.8135,33,18,2803.23,5818.44,51.6883,1.50827,0,1,1,321,0.25,7,100,4,2760.75,4841.76,36.94
8.814,34,18,2800.32,5764.74,51.1945,1.50829,0,1,1,321,0.25,7,100,4,2760.37,4921.92,37.29
8.8145,35,17,2784.84,5480.09,50.8688,1.50648,0,1,1,321,0.25,7,100,4,2761.18,4793.47,37.61
8.8165,39,14,2760.75,4841.86,47.935,1.56732,0,1,1,321,0.25,7,100,4,2776.69,4423.56,37.9
8.817,40,15,2760.37,4922.03,48.3886,1.56731,0,1,1,321,0.25,7,100,4,2779.55,4358.44,39.58
8.816,38,15,2760.83,4972.44,48.7124,1.54732,0,1,1,321,0.25,7,100,4,2769.81,4579.8,39.39
8.815,36,17,2790.52,5583.54,51.0475,1.50835,0,1,1,321,0.25,7,100,4,2773.22,4502.23,38
8.8185,43,14,2763.94,4715.47,53.1234,1.60361,0,1,1,321,0.25,7,100,4,2790.75,4104.74,40.42
8.819,44,13,2769.81,4579.85,51.1116,1.60653,0,1,1,353,0.4,7,100,4,2829.94,3233.4,34.93
8.8195,45,13,2776.68,4423.67,49.1777,1.60669,0,1,1,353,0.4,7,100,4,2805.28,3771.13,40.99
8.818,42,13,2773.22,4502.21,49.3069,1.60661,0,1,1,353,0.4,7,100,4,2783.38,4271.69,40.43
8.8175,41,14,2761.17,4793.54,48.8003,1.59537,0,1,1,321,0.25,7,100,4,2793.06,4052.53,40.46
8.82,46,13,2779.54,4358.55,51.3562,1.60692,0,1,1,353,0.4,7,100,4,2815.79,3541.58,38.97
8.821,48,13,2783.38,4271.72,52.4588,1.60699,0,1,1,353,0.4,7,100,4,2832.22,3186.27,35.28
8.822,50,10,2829.94,3233.5,45.3217,1.60913,0,1,1,257,0.2,7,100,4,2837.67,3062.36,37.91
8.8155,37,17,2787.68,5531.2,50.0572,1.50751,0,1,1,321,0.25,7,100,4,2763.94,4715.63,40.94
8.8235,53,11,2818.54,3489.92,50.6528,1.61586,0,1,1,321,0.25,7,100,4,2857.28,2670.61,38.2
8.824,54,10,2832.22,3186.36,45.7738,1.61422,0,1,1,321,0.25,7,100,4,2877.65,2240.57,32.57
8.8245,55,9,2842.21,2961.77,48.6666,1.65076,0,1,1,353,0.4,7,100,4,2861.29,2586.01,39.49
8.8215,49,12,2790.75,4104.85,52.4414,1.60722,0,1,1,353,0.4,7,100,4,2842.2,2961.8,37.51
8.8255,57,9,2839.76,3011.95,48.6268,1.60455,0,1,1,353,0.4,7,100,4,2880.04,2068.12,35.16
8.825,56,9,2837.66,3062.47,49.1841,1.60437,0,1,1,353,0.4,7,100,4,2886.62,1964.1,32.13
8.826,58,9,2850.84,2806.18,49.067,1.6103,0,1,1,353,0.4,7,100,4,2881.59,2020.52,34.87
8.823,52,11,2815.79,3541.66,50.5587,1.61612,0,1,1,321,0.25,7,100,4,2850.84,2806.22,37.82
8.8205,47,12,2793.06,4052.51,52.4908,1.60728,0,1,1,353,0.4,7,100,4,2818.53,3490.09,39.04
8.827,60,7,2877.65,2240.66,42.2542,1.5953,0,1,0,0,0,7,100,4,2892.88,1759.67,38.16
8.8275,61,8,2861.29,2586.12,51.2312,1.61045,0,1,1,321,0.25,7,100,4,2895.53,1708.48,37.61
8.8265,59,8,2857.28,2670.71,49.5569,1.61051,0,1,1,321,0.25,7,100,4,2883.14,1972.7,35.96
8.8295,65,6,2883.14,1972.69,46.6501,1.59572,0,1,1,353,0.4,7,100,4,2927,997.542,40.13
8.831,68,4,2902.13,1580.94,46.3512,1.61499,0,1,1,321,0.25,7,100,4,2937.4,732.331,32.5
8.8285,63,6,2880.04,2068.22,45.6113,1.59565,0,1,1,353,0.4,7,100,4,2899.2,1575.56,35.8
8.83,66,5,2892.88,1759.73,49.5028,1.61489,0,1,1,321,0.25,7,100,4,2922.15,1039.44,40.5
8.829,64,6,2881.58,2020.6,45.2344,1.59567,0,1,1,353,0.4,7,100,4,2928.35,963.022,29.48
8.8305,67,5,2895.53,1708.55,48.7886,1.61513,0,1,1,321,0.25,7,100,4,2926.26,934.475,37.52
8.833,72,3,2922.15,1039.49,52.5369,1.60256,0,1,1,353,0.4,7,100,4,3003.95,285.317,22.84
8.8315,69,4,2899.2,1575.56,46.4392,1.61503,0,1,1,321,0.25,7,100,4,2935.04,711.635,33.85
8.834,74,3,2937.39,732.425,42.1583,1.6046,0,1,1,96,0.2,7,100,4,2830.35,6544.51,24.53
8.8325,71,3,2927,997.621,52.0555,1.60247,0,1,1,353,0.4,7,100,4,2945.1,618.602,36.95
8.835,76,3,2937.46,662.643,43.805,1.66039,0,1,1,353,0.4,7,100,4,2827.28,3445.97,24.62
8.8355,77,2,2945.09,618.637,47.9293,1.67867,0,1,1,321,0.25,7,100,4,2841.64,3120.97,24.96
8.828,62,6,2886.62,1964.16,41.6766,1.59586,0,1,1,96,0.2,7,100,4,2902.12,1581.13,35.73
8.836,78,1,3003.93,285.38,29.6262,1.83186,0,1,0,0,0,7,100,4,2856.33,2825.59,24.51
8.8335,73,3,2926.26,934.509,48.6671,1.6027,0,1,1,353,0.4,7,100,4,3015.6,255.937,23.13
8.8395,85,8,2871.36,2501.76,31.7385,1.59717,0,1,0,64,0.05,7,100,4,2945.98,682.155,24.81
8.84,86,7,2881.03,2235.36,32.0883,1.59603,0,1,0,64,0.05,7,100,4,2814.05,5899.87,24.75
8.8425,91,3,2945.98,682.227,32.1775,1.62232,0,1,1,32,0.15,7,100,4,2768.88,4673.81,24.94
8.8435,93,2,2985.93,388.488,31.8397,1.77862,0,1,0,0,0,7,100,4,2797.5,4024.64,24.81
8.8445,95,16,2774.71,5259.07,31.7482,1.4981,0,1,0,0,0,7,100,4,2827.98,6157.32,23.16
8.8455,97,14,2768.88,4673.88,32.3441,1.60809,0,1,0,0,0,7,100,4,2838.56,3187.85,23.48
8.846,98,13,2786.22,4352.6,32.3049,1.60816,0,1,1,32,0.15,7,100,4,2853.21,2891.31,23.04
8.8465,99,12,2797.49,4024.71,32.1748,1.60838,0,1,1,32,0.15,7,100,4,2866.54,2610.42,23.5
8.847,100,12,2809.14,3754.83,32.382,1.60371,0,1,1,32,0.15,7,100,4,2878.34,2310.72,23.44
8.8485,103,10,2838.56,3187.92,30.4488,1.61989,0,1,0,0,0,7,100,4,2915.68,1442.88,23.01
8.85,106,7,2878.34,2310.78,30.396,1.60904,0,1,0,64,0.05,7,100,4,2954.22,594.786,23.51
8.8505,107,6,2886.5,2066.6,30.2141,1.59644,0,1,1,96,0.2,7,100,4,2796.69,5579.04,23.46
8.851,108,5,2899.7,1752.07,29.7859,1.61567,0,1,0,0,0,7,100,4,2994.01,322.529,23.16
8.8515,109,4,2915.68,1442.95,29.8374,1.61605,0,1,0,64,0.05,7,100,4,2777.35,5250.52,23.26
8.852,110,4,2925.77,1192.57,30.1482,1.60349,0,1,0,64,0.05,7,100,4,2766.95,4953.96,23.14
8.8525,111,3,2937.99,880.508,30.3942,1.6032,0,1,1,32,0.15,7,100,4,2771.06,4697.76,23.25
8.853,112,2,2954.21,594.853,30.4845,1.7061,0,1,0,0,0,7,100,4,2783.64,4411.15,23.51
8.854,114,1,2993.99,322.591,30.0302,1.82199,0,1,0,0,0,7,100,4,2811.13,3785.6,23.22
8.855,116,15,2766.95,4954.02,30.0039,1.55282,0,1,0,0,0,7,100,4,2778.96,4444.79,32.5
8.8565,119,12,2799.17,4059.41,30.1067,1.60888,0,1,1,32,0.15,7,100,4,2833.89,3153.06,32.06
8.857,120,12,2811.12,3785.65,30.1064,1.60418,0,1,1,96,0.2,7,100,4,2851.55,2858.95,32.54
8.8575,121,11,2822.67,3532.7,29.9245,1.61791,0,1,0,64,0.05,7,100,4,2867.31,2431.08,33.28
8.858,122,13,2778.95,4444.88,42.1375,1.60866,0,1,1,32,0.15,7,100,4,2885.03,2012.98,33.23
8.8585,123,12,2799.86,3898.52,42.0722,1.60874,0,1,1,32,0.15,7,100,4,2898.72,1646.86,32.67
8.86,126,9,2851.55,2859.05,42.1879,1.61208,0,1,1,32,0.15,7,100,4,2989.35,357.889,28.54
8.862,130,4,2921.24,1144.74,42.3547,1.60401,0,1,1,128,0.1,7,100,4,2764.2,5117.92,32.24
8.8625,131,3,2931.99,788.096,42.2116,1.60416,0,1,1,32,0.15,7,100,4,2763.66,4904.98,32.58
8.863,132,1,2989.34,357.969,36.9995,1.78142,0,1,0,0,0,7,100,4,2815.93,3080.2,27.68
8.8655,137,15,2763.66,4905.08,42.235,1.56961,0,1,0,0,0,7,100,4,2743.19,4776.81,27.23
8.8665,139,11,2803.63,3448.16,35.3377,-1.52919,0,1,0,0,0,7,100,4,2932.56,589.211,35.26
8.867,140,12,2789.74,3764.88,35.7651,-1.53299,0,1,1,32,0.15,7,100,4,2988.1,314.832,41.62
8.8675,141,13,2771.16,4164.91,35.998,-1.52964,0,1,1,32,0.15,7,100,4,2966.11,406.058,40.39
8.868,142,13,2753.97,4471.17,32.4328,-1.53726,0,1,1,32,0.15,7,100,4,2924.1,685.299,35.97
8.8685,143,14,2743.2,4776.73,35.2974,-1.54997,0,1,0,0,0,7,100,4,2897.56,1332.21,33.2
8.8705,147,2,2966.13,405.95,52.3541,-1.37791,0,1,1,257,0.2,7,100,4,2917.31,873.557,38.53
8.871,148,3,2924.11,685.205,46.6243,-1.49976,0,1,1,289,0.35,7,100,4,2862.17,2067.56,31.69
8.8715,149,4,2897.57,1332.11,43.0333,-1.53315,0,1,0,0,0,7,100,4,2880.29,1730.51,32.55
8.872,150,3,2930.76,640.205,49.3969,-1.49978,0,1,1,353,0.4,7,100,4,2878.24,1776.92,33.15
8.873,152,3,2919.77,820.666,51.7163,-1.52929,0,1,1,353,0.4,7,100,4,2871.01,1940.21,36.84
8.8735,153,3,2917.31,873.445,49.94,-1.53305,0,1,1,353,0.4,7,100,4,2868.86,1989.02,35.91
8.8725,151,3,2926.23,699.651,48.6043,-1.50617,0,1,1,353,0.4,7,100,4,2873.22,1890.53,36.68
8.8745,155,5,2880.29,1730.42,42.1883,-1.53214,0,1,0,64,0.05,7,100,4,2852.22,2372.55,35.01
8.875,156,5,2878.25,1776.83,42.9655,-1.53201,0,1,0,64,0.05,7,100,4,2864.43,2088.96,37.13
8.8755,157,6,2873.22,1890.49,47.5402,-1.53185,0,1,1,353,0.4,7,100,4,2862.17,2140.11,36.89
8.8765,159,6,2868.86,1988.92,46.5413,-1.5317,0,1,1,353,0.4,7,100,4,2836.66,2760.9,35.34
8.877,160,6,2866.64,2039.16,47.8239,-1.53149,0,1,1,353,0.4,7,100,4,2834.6,2806.44,35.69
8.876,158,6,2871.02,1940.1,47.7458,-1.53169,0,1,1,353,0.4,7,100,4,2838.88,2712.12,35.97
8.878,162,6,2864.43,2088.85,48.1208,-1.53172,0,1,1,289,0.35,7,100,4,2829.47,2921.34,38.54
8.879,164,8,2838.88,2712.06,46.6167,-1.53053,0,1,1,321,0.25,7,100,4,2824.72,3027.24,38.78
8.8805,167,9,2831.67,2871.25,46.8356,-1.53149,0,1,1,353,0.4,7,100,4,2782.76,3917.35,32.09
8.881,168,9,2829.48,2921.24,49.9453,-1.5314,0,1,1,353,0.4,7,100,4,2785,3869.54,33.92
8.8815,169,9,2827.08,2974.92,50.3332,-1.53065,0,1,1,353,0.4,7,100,4,2789.71,3837.31,40.29
8.8825,171,11,2802.85,3556.96,46.8077,-1.40213,0,1,1,321,0.25,7,100,4,2786.43,3907.64,38.49
8.883,172,11,2805.05,3485.6,53.9475,-1.52808,0,1,1,321,0.25,7,100,4,2784.05,3958.43,38.67
8.882,170,9,2824.72,3027.13,50.2539,-1.53077,0,1,1,353,0.4,7,100,4,2781.31,4016.6,37.35
8.8835,173,12,2782.77,3917.26,41.584,-1.52887,0,1,1,96,0.2,7,100,4,2761.83,4434.49,35.3
8.8845,175,12,2789.72,3837.21,52.2095,-1.52893,0,1,1,353,0.4,7,100,4,2758.09,4529.21,33.92
8.885,176,12,2781.32,4016.54,48.399,-1.52895,0,1,1,353,0.4,7,100,4,2756.32,4573.99,34.61
8.884,174,12,2785.01,3869.44,43.9541,-1.52864,0,1,1,353,0.4,7,100,4,2759.94,4482.3,35.24
8.8855,177,12,2786.43,3907.53,49.875,-1.52871,0,1,1,353,0.4,7,100,4,2748.82,4806.62,40.99
8.887,180,13,2759.94,4482.25,45.6631,-1.53602,0,1,1,353,0.4,7,100,4,2747.93,5012.8,40.95
8.8875,181,13,2758.1,4529.12,43.9522,-1.53592,0,1,1,353,0.4,7,100,4,2752.92,5173.87,40.59
8.888,182,13,2756.33,4573.9,44.8456,-1.53611,0,1,1,353,0.4,7,100,4,2755.93,5226.5,41.28
8.8885,183,14,2748.82,4806.54,53.1117,-1.54952,0,1,1,321,0.25,7,100,4,2963.48,386.621,24.66
8.8895,185,15,2744.79,5017.23,45.1166,-1.58797,0,1,1,321,0.25,7,100,4,2798.06,3497.72,24.33
8.89,186,15,2747.93,5012.69,53.0587,-1.58824,0,1,1,321,0.25,7,100,4,2784.38,3814.29,24.59
8.889,184,15,2746.92,4920.83,48.5235,-1.58277,0,1,1,321,0.25,7,100,4,2917.58,799.16,24.79
8.8905,187,16,2752.91,5173.75,52.5917,-1.63172,0,1,1,321,0.25,7,100,4,2915.65,772.333,23.45
8.891,188,16,2755.92,5226.39,53.4847,-1.6334,0,1,1,321,0.25,7,100,4,2901.2,1098.7,23.28
8.8925,191,11,2798.07,3497.65,31.5226,-1.52788,0,1,0,0,0,7,100,4,2846.29,2447.07,32.67
8.8935,193,3,2915.65,772.266,30.3819,-1.52822,0,1,1,32,0.15,7,100,4,2811.14,3267.29,32.87
8.8945,195,12,2787.82,3735.46,30.3942,-1.53156,0,1,1,32,0.15,7,100,4,2773.82,4108.32,32.97
8.8955,197,8,2846.29,2446.97,42.3255,-1.53828,0,1,0,0,0,7,100,4,2743.84,4908.14,32.51
8.896,198,9,2826,2927.47,42.3251,-1.5309,0,1,1,32,0.15,7,100,4,2756.48,5290.68,33.07
8.8965,199,10,2811.15,3267.2,42.5837,-1.53571,0,1,0,0,0,7,100,4,2784.84,5718.08,32.92
8.897,200,12,2792.57,3700.03,42.1686,-1.5313,0,1,1,32,0.15,7,100,4,0,0,0
8.898,202,13,2757.34,4467.06,42.8804,-1.53559,0,1,1,32,0.15,7,100,4,0,0,0
8.899,204,16,2756.47,5290.59,42.8407,-1.63293,0,1,0,0,0,7,100,4,0,0,0
8.8995,205,18,2784.84,5717.99,42.6459,-1.63617,0,1,0,0,0,7,100,4,0,0,0
8.9015,9,9,2853.36,2820.79,35.7268,1.61442,0,1,1,32,0.15,7,100,4,2938.38,788.682,27.44
8.902,10,8,2868.47,2492.4,35.8948,1.60013,0,1,0,0,0,7,100,4,2825.01,6602.07,27.35
8.9025,11,7,2883.39,2162.51,35.6353,1.59726,0,1,0,0,0,7,100,4,2970.92,462.254,27.74
8.903,12,5,2893.76,1804.9,35.4275,1.61857,0,1,0,0,0,7,100,4,2827.54,6214.18,27.58
8.904,14,3,2925.46,1118.63,35.6084,1.60632,0,1,1,32,0.15,7,100,4,2793.87,5586.16,27.41
8.9045,15,3,2938.38,788.761,35.5432,1.60607,0,1,1,32,0.15,7,100,4,2770.03,5236.31,27.69
8.9055,17,2,2970.91,462.33,35.9311,1.7482,0,1,0,0,0,7,100,4,2778.65,4524.66,27.32
8.9065,19,19,2809.45,5874.12,35.9692,1.51312,0,1,0,0,0,7,100,4,2815.93,5993.7,32.31
8.909,24,13,2793.39,4190.4,35.3327,1.61128,0,1,1,32,0.15,7,100,4,2795.05,5667.33,36.14
8.9075,21,16,2770.03,5236.39,35.8632,1.5095,0,1,0,0,0,7,100,4,2824.64,6535.14,39.79
8.9095,25,19,2815.93,5993.79,41.8464,1.51316,0,1,0,0,0,7,100,4,2806.35,5876.03,39.6
8.9085,23,13,2778.65,4524.74,35.3831,1.61133,0,1,1,32,0.15,7,100,4,2818.36,6098.04,32.37
8.911,28,19,2815.19,6039.39,44.7593,1.51327,0,1,1,257,0.2,7,100,4,2800.53,5768.58,39.45
8.908,22,15,2767,4875.09,35.6413,1.57217,0,1,0,0,0,7,100,4,2815.2,6039.43,34.56
8.9125,31,19,2806.35,5876.11,51.2856,1.5134,0,1,0,0,0,7,100,4,2787.88,5534.95,38.58
8.913,32,19,2812.15,5983.35,46.1303,1.51358,0,1,1,321,0.25,7,100,4,2760.88,4976.1,37.54
8.914,34,18,2800.54,5768.67,51.0898,1.51351,0,1,1,321,0.25,7,100,4,2760.36,4925.65,37.29
8.915,36,17,2790.73,5587.46,50.9463,1.51342,0,1,1,321,0.25,7,100,4,2773.06,4505.9,38
8.9155,37,17,2787.89,5535.06,49.9616,1.51239,0,1,1,321,0.25,7,100,4,2763.78,4719.45,40.94
8.916,38,15,2760.88,4976.19,48.6141,1.55247,0,1,1,321,0.25,7,100,4,2769.64,4583.68,39.39
8.9165,39,14,2760.74,4845.56,47.8365,1.57257,0,1,1,321,0.25,7,100,4,2776.52,4427.36,37.9
8.9135,33,18,2803.44,5822.42,51.5784,1.5137,0,1,1,321,0.25,7,100,4,2760.73,4845.59,36.94
8.918,42,13,2773.06,4506.01,49.2076,1.61175,0,1,1,353,0.4,7,100,4,2783.21,4275.65,40.43
8.917,40,15,2760.35,4925.75,48.2877,1.57263,0,1,1,321,0.25,7,100,4,2779.37,4362.47,39.58
8.9195,45,13,2776.51,4427.46,49.0769,1.61192,0,1,1,353,0.4,7,100,4,2805.12,3775.22,40.99
8.9185,43,14,2763.78,4719.56,53.012,1.60897,0,1,1,321,0.25,7,100,4,2790.57,4108.87,40.42
8.9215,49,12,2790.57,4108.89,52.3375,1.61227,0,1,1,353,0.4,7,100,4,2841.89,2965.41,37.51
8.922,50,10,2829.78,3236.99,45.2283,1.61439,0,1,1,257,0.2,7,100,4,2837.51,3066.16,37.91
8.9145,35,17,2785.06,5484,50.7569,1.5121,0,1,1,321,0.25,7,100,4,2761.04,4797.5,37.61
8.923,52,11,2815.58,3545.55,50.4588,1.62116,0,1,1,321,0.25,7,100,4,2850.67,2809.85,37.82
8.9235,53,11,2818.33,3493.82,50.5489,1.62109,0,1,1,321,0.25,7,100,4,2857.1,2674.42,38.2
8.921,48,13,2783.2,4275.76,52.3487,1.61235,0,1,1,353,0.4,7,100,4,2832.04,3189.87,35.28
8.92,46,13,2779.37,4362.51,51.2478,1.6123,0,1,1,353,0.4,7,100,4,2815.58,3545.58,38.97
8.924,54,10,2832.04,3189.88,45.68,1.61945,0,1,1,321,0.25,7,100,4,2877.55,2243.82,32.57
8.9205,47,12,2792.88,4056.56,52.386,1.61238,0,1,1,353,0.4,7,100,4,2818.33,3493.88,39.04
8.9255,57,9,2839.61,3015.7,48.527,1.60978,0,1,1,353,0.4,7,100,4,2879.93,2071.63,35.16
8.926,58,9,2850.66,2809.96,48.9667,1.61551,0,1,1,353,0.4,7,100,4,2881.48,2023.99,34.87
8.9265,59,8,2857.1,2674.53,49.4579,1.61561,0,1,1,321,0.25,7,100,4,2883.03,1976.2,35.96
8.9275,61,8,2861.1,2590.07,51.1274,1.61562,0,1,1,257,0.2,7,100,4,2895.34,1712.19,37.61
8.919,44,13,2769.64,4583.78,50.9976,1.61222,0,1,1,353,0.4,7,100,4,2829.77,3237.2,34.93
8.928,62,6,2886.51,1967.37,41.598,1.60066,0,1,1,96,0.2,7,100,4,2901.95,1584.41,35.73
8.9175,41,14,2761.05,4797.3,48.6921,1.60103,0,1,1,321,0.25,7,100,4,2792.87,4056.89,40.46
8.927,60,7,2877.55,2243.92,42.167,1.60057,0,1,0,0,0,7,100,4,2892.69,1763.5,38.16
8.9285,63,6,2879.92,2071.73,45.5195,1.60078,0,1,1,353,0.4,7,100,4,2899.02,1579.07,35.8
8.93,66,5,2892.68,1763.54,49.4029,1.62004,0,1,1,321,0.25,7,100,4,2922,1043.42,40.5
8.9305,67,5,2895.33,1712.3,48.6903,1.62027,0,1,1,321,0.25,7,100,4,2926.12,938.151,37.52
8.929,64,6,2881.47,2024.09,45.1427,1.60084,0,1,1,353,0.4,7,100,4,2928.24,965.928,29.48
8.9295,65,6,2883.02,1976.29,46.5533,1.60101,0,1,1,353,0.4,7,100,4,2926.85,1001.59,40.13
8.931,68,4,2901.94,1584.51,46.2547,1.6203,0,1,1,321,0.25,7,100,4,2937.26,735.62,32.5
8.925,56,9,2837.51,3066.26,49.0766,1.60995,0,1,1,353,0.4,7,100,4,2886.51,1967.52,32.13
8.9325,71,3,2926.85,1001.63,51.9499,1.60764,0,1,1,353,0.4,7,100,4,2944.68,622.224,36.95
8.9335,73,3,2926.11,938.258,48.5706,1.60775,0,1,1,353,0.4,7,100,4,3014.97,258.075,23.13
8.9245,55,9,2841.88,2965.5,48.5576,1.65647,0,1,1,353,0.4,7,100,4,2861.09,2590.31,39.49
8.934,74,3,2937.26,735.672,42.0718,1.60983,0,1,1,96,0.2,7,100,4,2830.17,6546.95,24.53
8.9315,69,4,2899.02,1579.14,46.3431,1.6203,0,1,1,321,0.25,7,100,4,2934.89,715.04,33.85
8.935,76,3,2937.13,666.004,43.7148,1.66563,0,1,1,353,0.4,7,100,4,2827.15,3448.43,24.62
8.9355,77,2,2944.67,622.308,47.8307,1.68391,0,1,1,321,0.25,7,100,4,2841.54,3123.46,24.96
8.933,72,3,2921.99,1043.54,52.4255,1.60796,0,1,1,353,0.4,7,100,4,3003.33,287.59,22.84
8.936,78,1,3003.33,287.582,29.5652,1.83711,0,1,0,0,0,7,100,4,2856.21,2828.04,24.51
8.9395,85,8,2871.28,2504.21,31.6732,1.60241,0,1,0,64,0.05,7,100,4,2945.84,684.632,24.81
8.94,86,7,2880.95,2237.83,32.0223,1.60127,0,1,0,64,0.05,7,100,4,2814.19,5902.34,24.75
8.9425,91,3,2945.83,684.703,32.1113,1.62756,0,1,1,32,0.15,7,100,4,2768.77,4676.3,24.94
8.9435,93,2,2985.4,390.887,31.7741,1.78386,0,1,0,0,0,7,100,4,2797.39,4027.12,24.81
8.9445,95,16,2774.87,5261.52,31.6829,1.50334,0,1,0,0,0,7,100,4,2828.11,6159.63,23.16
8.9455,97,14,2768.77,4676.37,32.2775,1.61333,0,1,0,0,0,7,100,4,2838.43,3190.2,23.48
8.946,98,13,2786.11,4355.09,32.2383,1.6134,0,1,1,32,0.15,7,100,4,2853.1,2893.61,23.04
8.9465,99,12,2797.38,4027.19,32.1085,1.61363,0,1,1,32,0.15,7,100,4,2866.43,2612.77,23.5
8.947,100,12,2809.04,3757.32,32.3151,1.60896,0,1,1,32,0.15,7,100,4,2878.23,2313.07,23.44
8.9485,103,10,2838.43,3190.27,30.3861,1.62513,0,1,0,0,0,7,100,4,2915.56,1445.18,23.01
8.95,106,7,2878.23,2313.13,30.3334,1.61428,0,1,0,64,0.05,7,100,4,2953.89,597.113,23.51
8.9505,107,6,2886.43,2068.93,30.1519,1.60169,0,1,1,96,0.2,7,100,4,2796.82,5581.38,23.46
8.951,108,5,2899.58,1754.37,29.7245,1.62091,0,1,0,0,0,7,100,4,2993.42,324.769,23.16
8.9515,109,4,2915.56,1445.24,29.7759,1.62129,0,1,0,64,0.05,7,100,4,2777.5,5252.84,23.26
8.952,110,4,2925.68,1194.9,30.086,1.60874,0,1,0,64,0.05,7,100,4,2766.98,4956.27,23.14
8.953,112,2,2953.88,597.18,30.4221,1.71131,0,1,0,0,0,7,100,4,2783.54,4413.49,23.51
8.9525,111,3,2937.9,882.85,30.3311,1.60848,0,1,1,32,0.15,7,100,4,2770.96,4700.1,23.25
8.954,114,1,2993.4,324.831,29.9684,1.82723,0,1,0,0,0,7,100,4,2811.03,3787.91,23.22
8.955,116,15,2766.98,4956.33,29.942,1.55807,0,1,0,0,0,7,100,4,2778.81,4448.04,32.5
8.9565,119,12,2799.07,4061.73,30.0446,1.61413,0,1,1,32,0.15,7,100,4,2833.76,3156.26,32.06
8.957,120,12,2811.03,3787.97,30.0443,1.60943,0,1,1,96,0.2,7,100,4,2851.4,2862.2,32.54
8.9575,121,11,2822.55,3535.01,29.8626,1.62316,0,1,0,64,0.05,7,100,4,2867.2,2434.41,33.28
8.9585,123,12,2799.72,3901.76,41.9857,1.61396,0,1,1,32,0.15,7,100,4,2898.55,1650.11,32.67
8.959,124,12,2814.25,3626.9,42.7615,1.62684,0,1,1,32,0.15,7,100,4,2921.11,1147.91,32.67
8.958,122,13,2778.81,4448.13,42.0497,1.61395,0,1,1,32,0.15,7,100,4,2884.92,2016.33,33.23
8.96,126,9,2851.39,2862.3,42.1005,1.61734,0,1,1,32,0.15,7,100,4,2988.74,360.685,28.54
8.962,130,4,2921.11,1148,42.2672,1.60925,0,1,1,128,0.1,7,100,4,2764.35,5121.15,32.24
8.9625,131,3,2931.86,791.35,42.1244,1.6094,0,1,1,32,0.15,7,100,4,2763.65,4908.24,32.58
8.963,132,1,2988.72,360.757,36.923,1.78667,0,1,0,0,0,7,100,4,2816.06,3077.43,27.68
8.9665,139,11,2803.76,3445.44,35.2647,-1.52395,0,1,0,0,0,7,100,4,2932.95,585.706,35.26
8.967,140,12,2789.86,3762.13,35.6912,-1.52775,0,1,1,32,0.15,7,100,4,2989.15,310.805,41.62
8.968,142,13,2754.07,4468.67,32.3659,-1.53203,0,1,1,32,0.15,7,100,4,2924.37,681.722,35.97
8.9685,143,14,2743.27,4774.01,35.2243,-1.54473,0,1,0,0,0,7,100,4,2897.71,1328.89,33.2
8.9675,141,13,2771.29,4162.13,35.9225,-1.52432,0,1,1,32,0.15,7,100,4,2966.92,402.041,40.39
8.9705,147,2,2966.93,401.991,52.2458,-1.37266,0,1,1,257,0.2,7,100,4,2917.47,869.707,38.53
8.9655,137,15,2763.65,4908.33,42.1433,1.57512,0,1,0,0,0,7,100,4,2743.27,4773.95,27.23
8.971,148,3,2924.38,681.619,46.5279,-1.49451,0,1,1,353,0.4,7,100,4,2862.31,2064.39,31.69
8.9715,149,4,2897.71,1328.8,42.9443,-1.52791,0,1,0,0,0,7,100,4,2880.43,1727.26,32.55
8.972,150,3,2931.05,636.405,49.2946,-1.49453,0,1,1,353,0.4,7,100,4,2878.39,1773.6,33.15
8.973,152,3,2919.96,816.68,51.6093,-1.52404,0,1,1,353,0.4,7,100,4,2871.18,1936.53,36.84
8.9735,153,3,2917.48,869.596,49.8367,-1.52781,0,1,1,353,0.4,7,100,4,2869.02,1985.43,35.91
8.9725,151,3,2926.49,695.91,48.5037,-1.50092,0,1,1,353,0.4,7,100,4,2873.38,1886.86,36.68
8.9745,155,5,2880.43,1727.17,42.101,-1.52689,0,1,0,64,0.05,7,100,4,2852.35,2369.05,35.01
8.9755,157,6,2873.38,1886.82,47.4419,-1.52661,0,1,1,353,0.4,7,100,4,2862.33,2136.43,36.89
8.976,158,6,2871.18,1936.42,47.6483,-1.52651,0,1,1,353,0.4,7,100,4,2839.04,2708.57,35.97
8.9765,159,6,2869.02,1985.33,46.4447,-1.52644,0,1,1,353,0.4,7,100,4,2836.82,2757.36,35.34
8.977,160,6,2866.8,2035.47,47.7244,-1.52622,0,1,1,353,0.4,7,100,4,2834.76,2802.85,35.69
8.978,162,6,2864.59,2085.14,48.0213,-1.52648,0,1,1,289,0.35,7,100,4,2829.64,2917.5,38.54
8.975,156,5,2878.39,1773.52,42.8732,-1.52656,0,1,0,64,0.05,7,100,4,2864.6,2085.11,37.13
8.979,164,8,2839.05,2708.47,46.5201,-1.52528,0,1,1,321,0.25,7,100,4,2824.89,3023.37,38.78
8.9805,167,9,2831.83,2867.64,46.7385,-1.52625,0,1,1,353,0.4,7,100,4,2782.91,3914.15,32.09
8.981,168,9,2829.65,2917.39,49.8418,-1.52615,0,1,1,353,0.4,7,100,4,2785.16,3866.15,33.92
8.9815,169,9,2827.26,2971.04,50.2291,-1.52542,0,1,1,353,0.4,7,100,4,2789.9,3833.29,40.29
8.982,170,9,2824.9,3023.26,50.1512,-1.52559,0,1,1,353,0.4,7,100,4,2781.49,4012.92,37.35
8.9825,171,11,2803.48,3553.4,46.7105,-1.39687,0,1,1,321,0.25,7,100,4,2786.61,3903.79,38.49
8.983,172,11,2805.25,3481.44,53.8355,-1.52283,0,1,1,321,0.25,7,100,4,2784.23,3954.56,38.67
8.9835,173,12,2782.92,3914.05,41.4982,-1.52364,0,1,1,96,0.2,7,100,4,2761.96,4430.98,35.3
8.984,174,12,2785.16,3866.05,43.8642,-1.52347,0,1,1,353,0.4,7,100,4,2760.08,4478.83,35.24
8.9845,175,12,2789.91,3833.18,52.1009,-1.52367,0,1,1,353,0.4,7,100,4,2758.23,4525.82,33.92
8.9855,177,12,2786.61,3903.68,49.7725,-1.52351,0,1,1,353,0.4,7,100,4,2748.92,4802.56,40.99
8.985,176,12,2781.49,4012.81,48.2976,-1.52365,0,1,1,353,0.4,7,100,4,2756.46,4570.5,34.61
8.987,180,13,2760.08,4478.73,45.5684,-1.53078,0,1,1,353,0.4,7,100,4,2747.88,5008.71,40.95
8.9875,181,13,2758.23,4525.73,43.861,-1.53068,0,1,1,353,0.4,7,100,4,2752.69,5169.82,40.59
8.988,182,13,2756.46,4570.44,44.7526,-1.53086,0,1,1,353,0.4,7,100,4,2755.69,5222.38,41.28
8.9885,183,14,2748.93,4802.45,53.002,-1.54429,0,1,1,321,0.25,7,100,4,2963.96,384.213,24.66
8.989,184,15,2746.89,4917.08,48.424,-1.57759,0,1,1,321,0.25,7,100,4,2917.7,796.715,24.79
8.9895,185,15,2744.74,5013.75,45.0228,-1.58271,0,1,1,321,0.25,7,100,4,2798.18,3495.29,24.33
8.99,186,15,2747.88,5008.59,52.9481,-1.58297,0,1,1,321,0.25,7,100,4,2784.49,3811.83,24.59
8.991,188,16,2755.68,5222.27,53.3742,-1.62817,0,1,1,321,0.25,7,100,4,2901.3,1096.38,23.28
8.9905,187,16,2752.68,5169.7,52.4812,-1.62641,0,1,1,321,0.25,7,100,4,2915.76,769.962,23.45
8.9925,191,11,2798.18,3495.22,31.4572,-1.52263,0,1,0,0,0,7,100,4,2846.41,2443.8,32.67
8.9935,193,3,2915.76,769.924,30.3188,-1.52298,0,1,1,32,0.15,7,100,4,2811.27,3264.01,32.87
8.9945,195,12,2787.92,3733.12,30.3311,-1.52631,0,1,1,32,0.15,7,100,4,2773.97,4105.03,32.97
8.9955,197,8,2846.41,2443.71,42.2376,-1.53303,0,1,0,0,0,7,100,4,2743.85,4904.89,32.51
8.996,198,9,2826.14,2924.21,42.2372,-1.52565,0,1,1,32,0.15,7,100,4,2756.29,5287.38,33.07
8.9965,199,10,2811.27,3263.91,42.4952,-1.53046,0,1,0,0,0,7,100,4,2784.64,5714.79,32.92
8.997,200,12,2792.72,3696.78,42.0808,-1.52604,0,1,1,32,0.15,7,100,4,0,0,0
8.998,202,13,2757.47,4463.75,42.7913,-1.53034,0,1,1,32,0.15,7,100,4,0,0,0
8.999,204,16,2756.28,5287.29,42.7516,-1.62768,0,1,0,0,0,7,100,4,0,0,0
8.9995,205,18,2784.63,5714.7,42.5572,-1.63093,0,1,0,0,0,7,100,4,0,0,0
9.0015,9,9,2853.23,2823.54,35.4198,1.6196,-1.8,1,1,32,0.15,7,100,4,2938.28,791.425,27.71
9.002,10,8,2868.38,2495.17,35.6909,1.6055,-1,1,0,0,0,7,100,4,2824.73,6604.79,27.31
9.0025,11,7,2883.3,2165.26,35.6645,1.60482,0.8,1,0,0,0,7,100,4,2970.42,464.984,27.28
9.003,12,5,2893.62,1807.63,35.5219,1.62394,1.3,1,0,0,0,7,100,4,2827.67,6216.93,27.77
7.0035,13,4,2912.04,1451.25,35.7537,1.62403,0,1,0,0,0,7,100,4,2809.6,5876.84,27.78
9.004,14,3,2925.36,1121.38,35.1847,1.61128,-2.7,1,1,36,0.25,7,100,4,2794.02,5588.92,27.33
9.0045,15,3,2938.27,791.505,35.8173,1.61172,2.7,1,1,32,0.15,7,100,4,2770.19,5239.1,27.28
9.0055,17,2,2970.41,465.056,35.2612,1.74641,-4.6,1,1,4,0.1,7,100,4,2778.53,4527.41,27.23
9.0065,19,19,2809.6,5876.89,35.9073,1.51836,0.1,1,0,0,0,7,100,4,2816.1,5996.93,32.86
9.0075,21,16,2770.19,5239.14,35.2603,1.50713,-4.1,1,1,4,0.1,7,100,4,2824.35,6539.02,39.17
9.008,22,15,2766.99,4877.85,35.8415,1.57753,2.1,1,0,0,0,7,100,4,2815.38,6042.73,34.66
9.0085,23,13,2778.53,4527.47,35.1948,1.61659,-0.9,1,1,32,0.15,7,100,4,2818.54,6101.2,32.78
9.009,24,13,2793.27,4193.13,35.8018,1.61696,4.2,1,1,36,0.25,7,100,4,2795.25,5670.94,35.96
9.0095,25,19,2816.11,5997.02,42.4708,1.51869,5.5,1,1,4,0.1,7,100,4,2806.56,5879.96,40.22
9.011,28,19,2815.38,6042.83,44.7958,1.51865,1,1,1,257,0.2,7,100,4,2800.74,5772.49,39.4
7.0115,29,19,2815.03,6036.47,42.0678,1.51858,0,1,0,0,0,7,100,4,2785.28,5487.81,38.67
9.0135,33,18,2803.66,5826.38,50.5436,1.51882,-7.2,1,1,325,0.35,7,100,4,2760.72,4849.18,37.7
9.013,32,19,2812.35,5986.9,46.2649,1.51865,1.8,1,1,321,0.25,7,100,4,2760.94,4979.91,37.1
9.016,38,15,2760.94,4979.92,47.9443,1.55781,-4.4,1,1,325,0.35,7,100,4,2769.47,4587.58,38.4
9.0145,35,17,2785.28,5487.9,49.9727,1.51729,-5.3,1,1,325,0.35,7,100,4,2760.95,4801.01,36.35
9.0155,37,17,2788.1,5538.92,50.5274,1.51898,5.2,1,1,325,0.35,7,100,4,2763.61,4723.59,40.34
9.014,34,18,2800.75,5772.6,50.9148,1.5189,-0.5,1,1,321,0.25,7,100,4,2760.35,4929.5,37.31
9.0165,39,14,2760.72,4849.26,48.7174,1.5778,7.6,1,1,325,0.35,7,100,4,2776.35,4431.21,38.49
9.0125,31,19,2806.57,5880.07,51.9736,1.51905,6.2,1,1,261,0.3,7,100,4,2788.11,5539.04,39.1
9.017,40,15,2760.35,4929.47,48.2124,1.56262,0.2,1,1,321,0.25,7,100,4,2779.2,4366.42,39.01
9.0195,45,13,2776.35,4431.25,49.737,1.61702,5.9,1,1,325,0.35,7,100,4,2804.96,3779.32,41.13
9.02,46,13,2779.2,4366.44,50.4083,1.61697,-5.7,1,1,325,0.35,7,100,4,2815.38,3549.32,38.29
9.018,42,13,2772.89,4509.8,49.6195,1.61693,4,1,1,325,0.35,7,100,4,2783.02,4279.79,41.23
9.0205,47,12,2792.7,4060.59,51.971,1.61719,-2.4,1,1,357,0.5,7,100,4,2818.13,3497.62,39.06
9.015,36,17,2790.94,5591.37,50.3423,1.51924,-3.8,1,1,325,0.35,7,100,4,2772.88,4509.94,38.4
9.019,44,13,2769.47,4587.69,49.6181,1.61726,-9.9,1,1,325,0.35,7,100,4,2829.62,3240.47,34.57
9.021,48,13,2783.02,4279.8,53.2746,1.61716,8,1,1,325,0.35,7,100,4,2831.86,3193.32,35.58
9.022,50,10,2829.62,3240.47,44.6682,1.61116,-3.6,1,1,261,0.3,7,100,4,2837.35,3069.97,37.69
9.023,52,11,2815.37,3549.43,49.4742,1.62792,-6.8,1,1,325,0.35,7,100,4,2850.49,2813.7,39.54
9.024,54,10,2831.86,3193.38,45.9721,1.6242,3,1,1,321,0.25,7,100,4,2877.44,2247.09,32.95
9.0175,41,14,2760.95,4801.04,46.9668,1.57802,-12.6,1,1,325,0.35,7,100,4,2792.7,4060.76,40.22
9.0215,49,12,2790.39,4112.92,52.1732,1.61748,-0.4,1,1,353,0.4,7,100,4,2841.6,2969.15,37.78
9.0235,53,11,2818.12,3497.72,50.4674,1.62642,0.2,1,1,321,0.25,7,100,4,2856.92,2678.32,39.07
9.026,58,9,2850.48,2813.78,51.0864,1.62076,17.2,1,1,325,0.35,7,100,4,2881.36,2027.5,35.26
9.0265,59,8,2856.91,2678.37,50.4785,1.62108,8.7,1,1,325,0.35,7,100,4,2882.91,1979.75,34.48
9.0255,57,9,2839.45,3019.44,48.4625,1.6151,0.3,1,1,321,0.25,7,100,4,2879.81,2075.22,35.3
9.0275,61,8,2860.91,2594.01,51.0462,1.62086,0.2,1,1,257,0.2,7,100,4,2895.14,1715.98,38.29
9.028,62,6,2886.41,1970.6,42.4155,1.60584,7,1,1,100,0.3,7,100,4,2901.76,1587.97,35.47
9.0285,63,6,2879.81,2075.25,45.6062,1.60584,1.4,1,1,353,0.4,7,100,4,2898.84,1582.55,33.85
9.0245,55,9,2841.6,2969.12,48.81,1.61674,2.7,1,1,321,0.25,7,100,4,2860.91,2594.07,39.51
9.029,64,6,2881.36,2027.58,45.554,1.60592,3.9,1,1,357,0.5,7,100,4,2928.13,968.816,29.38
9.0295,65,6,2882.91,1979.84,44.5457,1.6061,-14.8,1,1,357,0.5,7,100,4,2926.69,1005.56,41.1
9.027,60,7,2877.44,2247.18,42.5689,1.60612,3.8,1,1,4,0.1,7,100,4,2892.49,1767.35,38.12
9.0185,43,14,2763.61,4723.63,52.1161,1.61009,-6,1,1,325,0.35,7,100,4,2790.38,4113.26,40.38
9.025,56,9,2837.35,3070.04,48.6918,1.61534,-2.2,1,1,321,0.25,7,100,4,2886.41,1970.69,32.83
9.03,66,5,2892.49,1767.35,49.247,1.62539,-0.4,1,1,321,0.25,7,100,4,2921.84,1047.53,41.47
9.0315,69,4,2898.83,1582.65,43.7301,1.62541,-19.5,1,1,325,0.35,7,100,4,2934.75,718.329,34.21
9.0325,71,3,2926.69,1005.67,53.0949,1.61295,9.7,1,1,357,0.5,7,100,4,2944.18,625.775,34.16
7.0225,51,12,2808.21,3697.6,52.8623,1.61363,0,1,1,32,0.15,7,100,4,2839.44,3019.72,37.51
9.033,72,3,2921.83,1047.62,53.5725,1.61285,9.7,1,1,357,0.5,7,100,4,3002.74,289.736,23.28
7.032,70,3,2930.42,910.095,37.9409,1.61297,0,1,1,32,0.15,7,100,4,2936.87,669.348,34.53
9.034,74,3,2937.13,738.933,42.5006,1.61306,4,1,1,100,0.3,7,100,4,2829.97,6549.39,24.5
9.031,68,4,2901.76,1588.07,45.8199,1.62549,-2.6,1,1,325,0.35,7,100,4,2937.13,738.957,32.9
9.035,76,3,2936.87,669.396,44.6046,1.61725,7.6,1,1,325,0.35,7,100,4,2827.02,3450.9,24.43
9.036,78,1,3002.72,289.801,30.0721,1.83811,4.4,1,1,4,0.1,7,100,4,2856.1,2830.47,24.63
7.0365,79,1,3027.62,215.331,30.8073,1.86172,0,1,0,0,0,7,100,4,2871.2,2506.61,24.59
9.0305,67,5,2895.14,1716.08,49.458,1.62558,6.8,1,1,325,0.35,7,100,4,2925.96,942.229,37.62
9.0395,85,8,2871.2,2506.65,31.7617,1.60997,1.2,1,0,64,0.05,7,100,4,2945.71,687.093,24.62
9.04,86,7,2880.87,2240.3,32.032,1.60651,0.6,1,0,64,0.05,7,100,4,2814.32,5904.83,24.4
9.0355,77,3,2944.16,625.866,44.121,1.76564,-27.9,1,1,327,0.45,7,100,4,2841.43,3126.09,24.5
9.0425,91,3,2945.71,687.155,31.7979,1.61704,-1.9,1,0,0,0,7,100,4,2768.66,4678.79,24.41
9.0435,93,2,2984.88,393.294,31.9654,1.78734,2,1,0,0,0,7,100,4,2797.28,4029.6,24.35
9.0445,95,16,2775.03,5263.96,31.5519,1.50927,-0.5,1,0,0,0,7,100,4,2828.23,6161.96,23.53
9.0455,97,14,2768.66,4678.84,31.5254,1.61706,-5.3,1,1,4,0.1,7,100,4,2838.31,3192.54,23.48
9.046,98,13,2786,4357.55,31.5509,1.6183,-4.8,1,1,4,0.1,7,100,4,2852.99,2895.93,23.58
9.0465,99,12,2797.28,4029.65,31.4472,1.61846,-4.6,1,1,36,0.25,7,100,4,2866.32,2615.12,23.55
9.047,100,12,2808.94,3759.79,31.4856,1.61435,-5.9,1,1,4,0.1,7,100,4,2878.13,2315.37,23.17
9.0485,103,10,2838.3,3192.61,30.322,1.62535,0,1,0,0,0,7,100,4,2915.44,1447.5,23.38
9.05,106,7,2878.13,2315.44,29.9211,1.62003,-2.7,1,1,68,0.15,7,100,4,2953.59,599.444,23.57
9.0515,109,4,2915.44,1447.55,30.1914,1.62613,3.7,1,1,68,0.15,7,100,4,2777.66,5255.17,23.47
9.052,110,4,2925.59,1197.21,30.049,1.6135,0.2,1,0,64,0.05,7,100,4,2767.01,4958.57,23.03
9.0525,111,3,2937.81,885.184,30.3842,1.61398,0.9,1,0,0,0,7,100,4,2770.86,4702.41,23.34
9.051,108,5,2899.46,1756.68,30.4486,1.62665,6.1,1,1,4,0.1,7,100,4,2992.86,327.088,23.59
9.054,114,1,2992.85,327.105,30.4609,1.79153,4.3,1,1,4,0.1,7,100,4,2810.94,3790.24,23.49
9.053,112,2,2953.58,599.512,30.4346,1.68602,0.6,1,0,0,0,7,100,4,2783.44,4415.87,23.39
9.055,116,15,2767.01,4958.64,29.7372,1.55976,-1.1,1,0,0,0,7,100,4,2778.67,4451.3,32.96
9.0505,107,6,2886.35,2071.25,30.3179,1.60737,1.8,1,0,64,0.05,7,100,4,2796.95,5583.83,23.19
9.057,120,12,2810.94,3790.31,30.3299,1.61507,2.7,1,0,64,0.05,7,100,4,2851.24,2865.49,33.27
9.0575,121,11,2822.42,3537.32,29.8259,1.62794,0.2,1,0,64,0.05,7,100,4,2867.09,2437.68,32.35
9.0565,119,12,2798.96,4064.06,30.2646,1.61907,2.2,1,0,0,0,7,100,4,2833.6,3159.55,32.69
7.056,118,13,2785.49,4369.13,30.0835,1.61936,0,1,0,0,0,7,100,4,2814.1,3630.15,32.31
9.0585,123,12,2799.58,3904.98,41.38,1.61922,-4,1,1,4,0.1,7,100,4,2898.38,1653.38,32.17
9.06,126,9,2851.24,2865.59,42.9549,1.62272,7.3,1,1,4,0.1,7,100,4,2988.11,363.581,30.53
9.059,124,12,2814.09,3630.16,41.713,1.61498,-7.4,1,1,4,0.1,7,100,4,2920.98,1151.31,32.98
9.0625,131,3,2931.74,794.612,42.2032,1.61424,1.3,1,0,0,0,7,100,4,2763.64,4911.57,33.26
9.062,130,4,2920.98,1151.28,42.5766,1.61454,3.1,1,1,128,0.1,7,100,4,2764.51,5124.45,32.46
9.063,132,1,2988.09,363.667,39.4132,1.79066,19.9,1,1,132,0.2,7,100,4,2816.19,3074.64,27.38
9.0655,137,15,2763.64,4911.64,42.937,1.5776,6.8,1,1,4,0.1,7,100,4,2743.34,4771.42,26.53
9.067,140,12,2789.98,3759.39,35.3838,-1.52221,-1.8,1,0,0,0,7,100,4,2990.16,306.937,39.45
9.0685,143,14,2743.34,4771.34,34.2466,-1.5399,-7,1,1,4,0.1,7,100,4,2897.85,1325.57,33.51
9.0705,147,2,2967.76,398.106,51.0904,-1.34771,-8.1,1,1,261,0.3,7,100,4,2917.65,865.754,40.21
9.071,148,3,2924.66,677.972,47.553,-1.48945,8.7,1,1,325,0.35,7,100,4,2862.45,2061.23,31.71
9.0715,149,4,2897.85,1325.48,43.2541,-1.52277,3.1,1,1,128,0.1,7,100,4,2880.58,1723.91,34.1
9.072,150,3,2931.39,632.507,51.1788,-1.47624,15.4,1,1,325,0.35,7,100,4,2878.54,1770.32,32.99
9.0725,151,3,2926.78,692.048,50.9198,-1.48904,19.5,1,1,325,0.35,7,100,4,2873.54,1883.22,37.41
9.073,152,3,2920.15,812.754,50.7385,-1.51857,-5.9,1,1,357,0.5,7,100,4,2871.34,1932.82,37.02
9.0735,153,3,2917.66,865.638,51.8998,-1.51861,16.8,1,1,357,0.5,7,100,4,2869.18,1981.8,36.56
9.0745,155,5,2880.58,1723.82,44.013,-1.5219,15.5,1,1,325,0.35,7,100,4,2852.47,2365.63,34.24
9.075,156,5,2878.54,1770.24,42.5798,-1.52162,-1.6,1,0,64,0.05,7,100,4,2864.75,2081.57,36.89
9.076,158,6,2871.34,1932.74,47.7803,-1.52121,1.8,1,1,321,0.25,7,100,4,2839.2,2705.05,35.23
9.0765,159,6,2869.18,1981.71,47.1861,-1.52146,6.5,1,1,325,0.35,7,100,4,2836.98,2753.81,35.92
9.0755,157,6,2873.54,1883.13,48.2829,-1.52137,7.3,1,1,325,0.35,7,100,4,2862.5,2132.67,37.37
9.077,160,6,2866.96,2031.83,47.2889,-1.52126,-2.6,1,1,325,0.35,7,100,4,2834.92,2799.37,35.07
9.078,162,6,2864.76,2081.47,47.6094,-1.52089,-2.4,1,1,261,0.3,7,100,4,2829.8,2913.83,35.69
9.079,164,8,2839.21,2704.95,45.4666,-1.52018,-7.4,1,1,325,0.35,7,100,4,2825.07,3019.41,39.53
9.068,142,13,2754.38,4466.21,31.9662,-1.39621,-2.5,1,1,2,0.1,7,100,4,2924.69,677.593,36.84
7.0785,163,7,2859.22,2206.5,47.8524,-1.52074,0,1,0,0,0,7,100,4,2827.43,2967.2,38.3
7.08,166,9,2831.75,2869.43,44.561,-1.51973,0,1,0,0,0,7,100,4,2805.44,3477.35,41.44
9.0815,169,9,2827.43,2967.2,49.4254,-1.52027,-5.4,1,1,325,0.35,7,100,4,2790.09,3829.24,40.15
9.082,170,9,2825.08,3019.32,51.0124,-1.51989,7.5,1,1,325,0.35,7,100,4,2781.67,4009.09,38.14
9.0825,171,11,2803.58,3549.8,46.624,-1.56619,0.1,1,1,323,0.35,7,100,4,2786.79,3899.91,38.44
8.8775,161,7,2852.22,2372.45,45.1785,-1.52854,0,1,1,257,0.2,7,100,4,2832,2863.82,37.29
9.083,172,11,2805.44,3477.3,53.4749,-1.51753,-1.9,1,1,321,0.25,7,100,4,2784.41,3950.64,38.49
9.081,168,9,2829.8,2913.77,46.0547,-1.52188,-28.5,1,1,357,0.5,7,100,4,2785.33,3862.59,34.2
9.084,174,12,2785.32,3862.64,44.1318,-1.51826,2.8,1,1,321,0.25,7,100,4,2760.22,4475.29,34.88
9.0835,173,12,2783.07,3910.85,41.3949,-1.51819,-0.1,1,0,64,0.05,7,100,4,2762.12,4427.37,34.96
7.0865,179,13,2759.33,4497.88,45.523,-1.52552,0,1,1,32,0.15,7,100,4,2744.7,5010.42,33.7
9.0885,183,14,2749.03,4798.31,53.5095,-1.53885,4.8,1,1,325,0.35,7,100,4,2964.53,381.791,24.89
9.0875,181,13,2758.37,4522.18,46.051,-1.52562,17.7,1,1,357,0.5,7,100,4,2752.46,5165.68,40.82
9.0895,185,15,2744.7,5010.37,43.4828,-1.57789,-11.2,1,1,325,0.35,7,100,4,2798.3,3492.81,24.9
9.09,186,15,2747.82,5004.45,53.5335,-1.57758,5.4,1,1,325,0.35,7,100,4,2784.6,3809.4,24.5
9.087,180,13,2760.22,4475.24,45.0046,-1.52522,-3.6,1,1,357,0.5,7,100,4,2747.82,5004.43,41.49
9.0905,187,16,2752.46,5165.63,52.6685,-1.62113,2.3,1,1,321,0.25,7,100,4,2915.87,767.635,23.57
9.089,184,15,2746.94,4913.32,48.5778,-1.55124,2,1,1,321,0.25,7,100,4,2917.81,794.225,24.36
7.086,178,12,2780.82,4027.13,48.8735,-1.51769,0,1,1,32,0.15,7,100,4,2746.94,4913.2,37.65
9.0805,167,9,2832,2863.95,48.1115,-1.51931,11.5,1,1,357,0.5,7,100,4,2783.08,3910.54,32.08
9.0855,177,12,2786.79,3899.84,49.5951,-1.51783,-0.5,1,1,353,0.4,7,100,4,2749.04,4798.12,41.47
9.0935,193,3,2915.87,767.57,30.4095,-1.51752,1.2,1,1,32,0.15,7,100,4,2811.41,3260.79,32.11
9.0945,195,12,2788.02,3730.82,29.7894,-1.52122,-3.7,1,1,36,0.25,7,100,4,2774.13,4101.69,33.3
9.088,182,13,2756.6,4567,44.3164,-1.52496,-2.6,1,1,357,0.5,7,100,4,2755.44,5218.03,40.83
9.096,198,9,2826.29,2920.94,42.2383,-1.52142,0.7,1,1,32,0.15,7,100,4,2756.09,5284.09,32.99
9.085,176,12,2781.67,4009.01,49.2047,-1.51755,7.9,1,1,357,0.5,7,100,4,2756.61,4566.72,34.35
9.0955,197,8,2846.53,2440.49,41.5409,-1.5278,-4.7,1,1,4,0.1,7,100,4,2743.89,4901.61,32.33
9.091,188,16,2755.45,5218.19,52.6742,-1.62152,-4.5,1,1,325,0.35,7,100,4,2901.4,1093.94,22.98
9.0845,175,12,2790.09,3829.17,51.7962,-1.51931,-1.4,1,1,353,0.4,7,100,4,2758.38,4521.82,35.69
9.098,202,13,2757.59,4460.53,41.5904,-1.52492,-8.6,1,1,36,0.25,7,100,4,0,0,0
9.099,204,16,2756.09,5283.99,42.5572,-1.62283,-0.8,1,0,0,0,7,100,4,0,0,0
7.0985,203,15,2744.14,4967.22,42.8787,-1.57686,0,1,0,0,0,7,100,4,0,0,0
8.4975,201,12,2773.22,4121.4,42.5297,-1.51828,0,1,1,32,0.15,7,100,4,0,0,0
9.0995,205,18,2784.43,5711.43,42.3602,-1.62563,-0.8,1,0,0,0,7,100,4,0,0,0
9.0925,191,11,2798.3,3492.74,32.1178,-1.51622,5.7,1,1,4,0.1,7,100,4,2846.54,2440.18,32.2
9.0965,199,10,2811.41,3260.7,41.417,-1.52194,-7.6,1,1,4,0.1,7,100,4,2784.42,5711.22,32.84
9.097,200,12,2792.86,3693.56,41.5709,-1.52048,-3.2,1,1,36,0.25,7,100,4,0,0,0
9.0675,141,13,2771.42,4159.39,35.2719,-1.51681,-4.2,1,1,36,0.25,7,100,4,2968.13,396.463,39.58
