% time	cellId	IMSI	RNTI	sinrLinear	componentCarrierId
0.099	1	180	99	145.713	0
3.279	1	34	79	57.7656	0
0.1	1	147	100	7764.81	0
3.28	1	18	80	105.774	0
0.101	1	46	101	349.503	0
3.281	1	149	81	1593.01	0
0.102	1	155	102	145.761	0
3.282	1	108	82	449.404	0
0.103	1	21	103	430.502	0
3.283	1	97	83	20569.5	0
3.284	1	148	84	48.4672	0
3.285	1	51	85	609.535	0
3.286	1	9	86	372.169	0
3.287	1	132	87	72.2167	0
3.288	1	181	88	101.795	0
0.104	1	6	104	87.7499	0
3.289	1	43	89	151.93	0
3.29	1	84	90	196.549	0
0.105	1	29	105	132.316	0
0.106	1	182	106	446.184	0
3.291	1	183	91	1014.5	0
3.292	1	44	92	174.36	0
0.108	1	96	108	317.771	0
3.293	1	77	93	364.979	0
3.294	1	31	94	940.938	0
0.109	1	42	109	592.347	0
3.295	1	57	95	154.724	0
3.296	1	172	96	244.005	0
3.297	1	47	97	482.375	0
3.298	1	187	98	197.842	0
3.299	1	180	99	116.458	0
3.3	1	147	100	4500.01	0
3.301	1	46	101	393.905	0
0.11	1	165	110	480.734	0
3.302	1	155	102	195.622	0
0.111	1	69	111	5820.91	0
0.112	1	88	112	926.226	0
3.303	1	21	103	95.8611	0
3.304	1	6	104	143.357	0
0.113	1	188	113	1818.33	0
3.305	1	29	105	107.906	0
0.114	1	152	114	1785.35	0
3.306	1	182	106	391.116	0
0.115	1	162	115	215.396	0
3.308	1	96	108	141.422	0
3.309	1	42	109	499.229	0
3.31	1	165	110	2065.68	0
3.311	1	69	111	3644.06	0
3.312	1	88	112	640.415	0
3.313	1	188	113	1101.66	0
0.116	1	11	116	680.388	0
3.314	1	152	114	840.635	0
0.117	1	139	117	1178.58	0
3.315	1	162	115	113.332	0
0.118	1	98	118	324.173	0
3.316	1	11	116	289.405	0
0.119	1	23	119	227.332	0
3.317	1	139	117	899.401	0
3.318	1	98	118	87.2128	0
0.12	1	10	120	2091.94	0
3.319	1	23	119	433.569	0
0.121	1	12	121	482.874	0
3.32	1	10	120	2671.07	0
3.321	1	12	121	351.091	0
3.322	1	120	122	1560.43	0
3.323	1	150	123	109.257	0
3.324	1	8	124	97.3248	0
3.325	1	16	125	571.556	0
3.326	1	169	126	97.0716	0
0.122	1	120	122	1435.96	0
3.327	1	94	127	98.6371	0
0.123	1	150	123	474.174	0
3.328	1	170	128	1129.99	0
0.124	1	8	124	187.145	0
3.329	1	54	129	85.1801	0
0.125	1	16	125	511.768	0
3.33	1	125	130	231.931	0
0.126	1	169	126	116.41	0
3.331	1	90	131	1100.62	0
0.127	1	94	127	89.2155	0
3.332	1	134	132	95.3381	0
3.333	1	186	133	2475.96	0
3.334	1	67	134	4158.5	0
3.335	1	102	135	3652.78	0
3.336	1	63	136	4142.65	0
3.337	1	145	137	2106.15	0
3.338	1	127	138	150.517	0
0.128	1	170	128	1847.32	0
3.34	1	154	140	638.505	0
0.129	1	54	129	57.208	0
0.13	1	125	130	169.833	0
3.341	1	20	141	157.311	0
3.342	1	52	142	188.251	0
0.131	1	90	131	555.23	0
3.343	1	138	143	386.521	0
0.132	1	134	132	160.525	0
3.344	1	83	144	62.4824	0
0.133	1	186	133	924.487	0
3.345	1	5	145	1277.74	0
3.346	1	109	146	277.857	0
3.347	1	33	147	2976.07	0
3.348	1	123	148	97.9704	0
3.349	1	99	149	1240.48	0
3.35	1	104	150	76.2221	0
0.134	1	67	134	4005.99	0
3.351	1	113	151	1220.95	0
3.352	1	106	152	175.463	0
0.135	1	102	135	8561.32	0
0.136	1	63	136	988.039	0
3.353	1	65	153	81.2658	0
3.354	1	129	154	459.307	0
0.137	1	145	137	1685.28	0
0.138	1	127	138	255.271	0
3.355	1	199	155	232.234	0
0.14	1	154	140	477.286	0
0.141	1	20	141	87.4638	0
0.142	1	52	142	55.8227	0
0.143	1	138	143	434.723	0
0.144	1	83	144	108.993	0
3.363	1	64	163	217.405	0
3.364	1	59	164	983.489	0
0.145	1	5	145	1703.76	0
0.146	1	109	146	201.192	0
3.365	1	114	165	112.183	0
3.366	1	198	166	245.716	0
0.147	1	33	147	2169.44	0
0.148	1	123	148	45.3583	0
3.367	1	41	167	589.674	0
3.368	1	56	168	149.26	0
0.149	1	99	149	1170.93	0
0.15	1	104	150	46.2411	0
3.369	1	190	169	96.3758	0
3.37	1	75	170	201.28	0
0.151	1	113	151	1067.07	0
0.152	1	106	152	186.267	0
3.371	1	87	171	436.665	0
0.153	1	65	153	76.0382	0
3.372	1	26	172	2086.51	0
0.154	1	129	154	695.564	0
3.373	1	15	173	147.15	0
0.155	1	199	155	107.955	0
3.374	1	7	174	109.153	0
3.375	1	164	175	632.207	0
3.376	1	191	176	188.167	0
3.377	1	131	177	188.558	0
3.378	1	122	178	194.41	0
0.163	1	64	163	214.313	0
0.164	1	59	164	338.708	0
0.165	1	114	165	305.653	0
0.166	1	198	166	145.177	0
3.385	1	71	185	96.5484	0
0.167	1	41	167	525.17	0
3.386	1	76	186	404.863	0
0.168	1	56	168	72.125	0
3.387	1	82	187	2128.96	0
0.169	1	190	169	91.6203	0
3.388	1	184	188	233.567	0
0.17	1	75	170	128.901	0
3.389	1	68	189	92.3977	0
0.171	1	87	171	578.612	0
3.39	1	177	190	251.704	0
0.172	1	26	172	4433.58	0
3.391	1	24	191	134.964	0
0.173	1	15	173	111.425	0
3.392	1	117	192	69.4671	0
0.174	1	7	174	289.682	0
3.393	1	159	193	2514.72	0
0.175	1	164	175	922.162	0
3.394	1	22	194	318.924	0
0.176	1	191	176	114.976	0
3.395	1	137	195	284.494	0
0.177	1	131	177	272.57	0
3.396	1	156	196	286.808	0
0.178	1	122	178	332.46	0
3.397	1	25	197	206.817	0
3.398	1	50	198	265.059	0
3.399	1	60	199	108.981	0
3.4	1	36	200	1137.64	0
3.401	1	78	201	96.5764	0
3.402	1	128	202	116.4	0
3.403	1	144	203	1462.98	0
0.185	1	71	185	121.431	0
3.404	1	178	204	176.81	0
0.186	1	76	186	321.97	0
3.405	1	192	205	61.1487	0
3.406	1	146	206	527.559	0
0.187	1	82	187	2065.89	0
3.407	1	140	207	440.459	0
0.188	1	184	188	229.759	0
3.408	1	45	208	211.48	0
0.189	1	68	189	136.443	0
3.409	1	130	209	253.88	0
0.19	1	177	190	54.2244	0
3.41	1	161	210	578.646	0
0.191	1	24	191	113.638	0
3.411	1	153	211	136.976	0
0.192	1	117	192	46.3351	0
3.412	1	124	212	131.678	0
0.193	1	159	193	2434.84	0
3.413	1	167	213	388.066	0
0.194	1	22	194	575.247	0
3.414	1	81	214	598.422	0
0.195	1	137	195	243.967	0
3.415	1	185	215	341.612	0
0.196	1	156	196	157.484	0
0.197	1	25	197	307.96	0
0.198	1	50	198	202.693	0
0.199	1	60	199	95.2414	0
0.2	1	36	200	391.137	0
0.201	1	78	201	213.645	0
0.202	1	128	202	216.598	0
0.203	1	144	203	1890.87	0
0.204	1	178	204	114.082	0
0.205	1	192	205	145.277	0
0.206	1	146	206	284.262	0
0.207	1	140	207	531.739	0
0.208	1	45	208	112.303	0
0.209	1	130	209	132.177	0
0.21	1	161	210	299.174	0
0.211	1	153	211	61.6731	0
0.212	1	124	212	159.027	0
0.213	1	167	213	265.109	0
0.214	1	81	214	772.196	0
0.215	1	185	215	343.817	0
3.521	1	143	1	319.642	0
3.522	1	70	2	119.035	0
3.523	1	110	3	248.502	0
3.524	1	13	4	91.3094	0
3.525	1	66	5	89.1948	0
3.526	1	72	6	93.1453	0
3.527	1	103	7	875.825	0
3.528	1	92	8	1093.88	0
3.529	1	157	9	226.528	0
3.53	1	27	10	44.3951	0
3.531	1	58	11	6674.75	0
3.532	1	115	12	518.145	0
3.533	1	48	13	236.288	0
3.534	1	37	14	2857.42	0
3.535	1	135	15	240.559	0
3.536	1	193	16	131.456	0
3.537	1	197	17	295.411	0
3.538	1	38	18	131.391	0
3.539	1	189	19	300.664	0
3.54	1	40	20	2918.96	0
3.541	1	142	21	252.196	0
0.321	1	143	1	169.265	0
3.542	1	86	22	423.223	0
0.322	1	70	2	221.873	0
3.543	1	100	23	2467.57	0
0.323	1	110	3	201.257	0
3.544	1	166	24	142.175	0
0.324	1	13	4	81.0441	0
3.545	1	118	25	1154.92	0
0.325	1	66	5	250.061	0
3.546	1	49	26	303.9	0
0.326	1	72	6	103.874	0
3.547	1	196	27	240.244	0
0.327	1	103	7	910.272	0
3.548	1	119	28	204.668	0
0.328	1	92	8	2521.79	0
3.549	1	200	29	63.5072	0
0.329	1	157	9	231.754	0
3.55	1	55	30	36.0088	0
0.33	1	27	10	190.727	0
3.551	1	95	31	378.721	0
0.331	1	58	11	6019.42	0
3.552	1	107	32	46.5069	0
0.332	1	115	12	189.762	0
3.553	1	101	33	474.035	0
0.333	1	48	13	245.271	0
3.554	1	116	34	827.815	0
0.334	1	37	14	2590.57	0
3.555	1	61	35	107.488	0
0.335	1	135	15	250.779	0
3.556	1	111	36	243.553	0
0.336	1	193	16	227.721	0
3.557	1	3	37	143.622	0
3.558	1	4	38	116.637	0
0.337	1	197	17	145.336	0
0.338	1	38	18	119.201	0
3.559	1	195	39	140.612	0
0.339	1	189	19	784.739	0
3.56	1	30	40	819.415	0
0.34	1	40	20	1413.5	0
3.561	1	91	41	96.1252	0
0.341	1	142	21	681.322	0
3.562	1	35	42	161.54	0
0.342	1	86	22	237.074	0
3.563	1	19	43	449.068	0
0.343	1	100	23	2602.57	0
3.564	1	176	44	431.18	0
0.344	1	166	24	142.712	0
3.565	1	32	45	62.1624	0
0.345	1	118	25	482.433	0
3.566	1	126	46	211.557	0
0.346	1	49	26	137.135	0
3.567	1	151	47	1810.91	0
0.347	1	196	27	325.798	0
3.568	1	160	48	384.703	0
0.348	1	119	28	64.1723	0
3.569	1	79	49	2017.49	0
0.349	1	200	29	153.216	0
3.57	1	171	50	67.2316	0
0.35	1	55	30	95.9062	0
3.571	1	175	51	3867.37	0
3.572	1	17	52	190.027	0
0.351	1	95	31	501.632	0
0.352	1	107	32	70.5652	0
3.573	1	174	53	98.4841	0
3.574	1	74	54	438.097	0
0.353	1	101	33	200.086	0
0.354	1	116	34	1734.22	0
3.575	1	39	55	196.66	0
3.576	1	179	56	103.847	0
0.355	1	61	35	112.586	0
0.356	1	111	36	447.772	0
3.577	1	194	57	765.899	0
3.578	1	28	58	317.492	0
0.357	1	3	37	124.782	0
0.358	1	4	38	239.503	0
3.579	1	80	59	102.46	0
3.58	1	105	60	96.1249	0
0.359	1	195	39	485.036	0
0.36	1	30	40	550.029	0
3.581	1	168	61	1835.52	0
3.582	1	73	62	4277.37	0
0.361	1	91	41	73.5763	0
3.583	1	141	63	74.1345	0
0.362	1	35	42	254.243	0
3.584	1	53	64	197.79	0
0.363	1	19	43	142.887	0
3.585	1	163	65	77.7722	0
0.364	1	176	44	154.829	0
3.586	1	62	66	208.771	0
0.365	1	32	45	277.986	0
3.587	1	89	67	1136.19	0
0.366	1	126	46	119.278	0
3.588	1	173	68	69.5634	0
0.367	1	151	47	6328.12	0
3.589	1	112	69	1191.95	0
0.368	1	160	48	300.33	0
3.59	1	93	70	183.117	0
0.369	1	79	49	2577.58	0
3.591	1	136	71	32.9726	0
0.37	1	171	50	114.523	0
3.592	1	121	72	184.511	0
0.371	1	175	51	5012.34	0
3.593	1	85	73	200.12	0
0.372	1	17	52	494.868	0
3.594	1	2	74	104.318	0
0.373	1	174	53	54.3331	0
3.595	1	158	75	1838.96	0
0.374	1	74	54	335.379	0
3.596	1	14	76	325.787	0
0.375	1	39	55	166.443	0
3.597	1	1	77	371.484	0
0.376	1	179	56	103.235	0
3.598	1	133	78	84.4485	0
0.377	1	194	57	1252.12	0
3.599	1	34	79	99.3346	0
0.378	1	28	58	189.67	0
3.6	1	18	80	93.2021	0
0.379	1	80	59	67.6895	0
3.601	1	149	81	1892.05	0
0.38	1	105	60	143.652	0
3.602	1	108	82	370.293	0
0.381	1	168	61	6890.61	0
3.603	1	97	83	5979.53	0
0.382	1	73	62	2042.29	0
3.604	1	148	84	41.0018	0
3.605	1	51	85	866.503	0
0.383	1	141	63	116.641	0
3.606	1	9	86	439.992	0
0.384	1	53	64	179.379	0
3.607	1	132	87	278.386	0
0.385	1	163	65	64.8088	0
3.608	1	181	88	77.0113	0
0.386	1	62	66	69.4251	0
3.609	1	43	89	216.978	0
0.387	1	89	67	833.271	0
3.61	1	84	90	263.688	0
0.388	1	173	68	252.166	0
3.611	1	183	91	516.861	0
0.389	1	112	69	721.169	0
3.612	1	44	92	377.759	0
0.39	1	93	70	58.6143	0
3.613	1	77	93	470.622	0
0.391	1	136	71	74.2363	0
3.614	1	31	94	497.309	0
0.392	1	121	72	499.821	0
3.615	1	57	95	153.306	0
0.393	1	85	73	151.182	0
3.616	1	172	96	294.75	0
0.394	1	2	74	29.5842	0
3.617	1	47	97	501.399	0
0.395	1	158	75	1741.5	0
3.618	1	187	98	328.274	0
0.396	1	14	76	564.653	0
3.619	1	180	99	147.672	0
3.62	1	147	100	5833.8	0
0.397	1	1	77	344.865	0
0.398	1	133	78	277.438	0
3.621	1	46	101	304.583	0
3.622	1	155	102	103.505	0
0.399	1	34	79	110.152	0
0.4	1	18	80	35.2069	0
3.623	1	21	103	386.406	0
3.624	1	6	104	362.615	0
0.401	1	149	81	1911.29	0
0.402	1	108	82	266.487	0
3.625	1	29	105	110.4	0
3.626	1	182	106	261.221	0
0.403	1	97	83	4993.46	0
0.404	1	148	84	87.0963	0
3.628	1	96	108	199.189	0
0.405	1	51	85	441.229	0
3.629	1	42	109	216.254	0
0.406	1	9	86	538.111	0
3.63	1	165	110	741.842	0
0.407	1	132	87	159.242	0
3.631	1	69	111	3784.9	0
0.408	1	181	88	69.0203	0
3.632	1	88	112	641.036	0
0.409	1	43	89	344.49	0
3.633	1	188	113	2830.99	0
0.41	1	84	90	170.296	0
3.634	1	152	114	1400.95	0
0.411	1	183	91	1149.15	0
3.635	1	162	115	219.021	0
0.412	1	44	92	293.068	0
3.636	1	11	116	242.092	0
0.413	1	77	93	1029.97	0
3.637	1	139	117	445.541	0
0.414	1	31	94	817.818	0
3.638	1	98	118	219.452	0
0.415	1	57	95	280.693	0
3.639	1	23	119	906.071	0
0.416	1	172	96	218.896	0
3.64	1	10	120	3715.85	0
0.417	1	47	97	249.524	0
3.641	1	12	121	231.01	0
0.418	1	187	98	497.063	0
3.642	1	120	122	897.241	0
0.419	1	180	99	159.411	0
3.643	1	150	123	75.2629	0
0.42	1	147	100	5743.43	0
3.644	1	8	124	45.8386	0
0.421	1	46	101	464.619	0
3.645	1	16	125	240.582	0
0.422	1	155	102	222.326	0
3.646	1	169	126	116.942	0
0.423	1	21	103	167.603	0
3.647	1	94	127	147.908	0
0.424	1	6	104	260.96	0
3.648	1	170	128	1255.77	0
0.425	1	29	105	93.4744	0
3.649	1	54	129	84.526	0
0.426	1	182	106	352.077	0
3.65	1	125	130	64.0147	0
3.651	1	90	131	1155.96	0
0.428	1	96	108	250.295	0
3.652	1	134	132	75.0609	0
0.429	1	42	109	188.636	0
3.653	1	186	133	819.279	0
0.43	1	165	110	2250.55	0
3.654	1	67	134	2744.87	0
0.431	1	69	111	3629.44	0
0.432	1	88	112	527.766	0
3.655	1	102	135	4961.17	0
3.656	1	63	136	6721.76	0
0.433	1	188	113	835.51	0
0.434	1	152	114	840.387	0
3.657	1	145	137	3212.59	0
3.658	1	127	138	120.285	0
0.435	1	162	115	141.56	0
0.436	1	11	116	420.867	0
3.66	1	154	140	483.71	0
0.437	1	139	117	1108.7	0
0.438	1	98	118	305.64	0
3.661	1	20	141	305.296	0
3.662	1	52	142	57.8326	0
0.439	1	23	119	190.734	0
0.44	1	10	120	933.002	0
3.663	1	138	143	232.914	0
3.664	1	83	144	146.647	0
0.441	1	12	121	384.65	0
0.442	1	120	122	1162.8	0
3.665	1	5	145	1284.9	0
3.666	1	109	146	146.085	0
0.443	1	150	123	168.548	0
0.444	1	8	124	214.823	0
3.667	1	33	147	1635.72	0
3.668	1	123	148	132.189	0
0.445	1	16	125	309.52	0
0.446	1	169	126	108.43	0
3.669	1	99	149	765.656	0
3.67	1	104	150	144.537	0
0.447	1	94	127	168.191	0
0.448	1	170	128	2151	0
3.671	1	113	151	1224.45	0
3.672	1	106	152	144.478	0
0.449	1	54	129	95.3767	0
0.45	1	125	130	188.843	0
3.673	1	65	153	54.5384	0
3.674	1	129	154	545.53	0
0.451	1	90	131	451.996	0
0.452	1	134	132	169.058	0
3.675	1	199	155	361.529	0
0.453	1	186	133	946.737	0
0.454	1	67	134	5143.43	0
0.455	1	102	135	1327.27	0
0.456	1	63	136	2217.78	0
0.457	1	145	137	1813.49	0
0.458	1	127	138	91.816	0
0.46	1	154	140	644.128	0
3.683	1	64	163	377.15	0
3.684	1	59	164	482.901	0
0.461	1	20	141	73.9287	0
0.462	1	52	142	115.297	0
3.685	1	114	165	116.379	0
3.686	1	198	166	92.9183	0
0.463	1	138	143	350.264	0
0.464	1	83	144	24.6792	0
3.687	1	41	167	291.812	0
3.688	1	56	168	183.143	0
0.465	1	5	145	1642.06	0
3.689	1	190	169	58.4599	0
0.466	1	109	146	389.41	0
3.69	1	75	170	72.8459	0
0.467	1	33	147	1306.5	0
0.468	1	123	148	65.5543	0
3.691	1	87	171	784.792	0
3.692	1	26	172	2055.99	0
0.469	1	99	149	550.07	0
0.47	1	104	150	143.207	0
3.693	1	15	173	67.6799	0
3.694	1	7	174	184.198	0
0.471	1	113	151	1048.09	0
0.472	1	106	152	352.183	0
3.695	1	164	175	537.082	0
3.696	1	191	176	344.072	0
0.473	1	65	153	47.4183	0
0.474	1	129	154	442.57	0
3.697	1	131	177	181.776	0
3.698	1	122	178	197.426	0
0.475	1	199	155	182.525	0
3.705	1	71	185	164.635	0
3.706	1	76	186	189.188	0
0.483	1	64	163	313.668	0
0.484	1	59	164	698.839	0
3.707	1	82	187	8908.97	0
3.708	1	184	188	217.885	0
0.485	1	114	165	112.798	0
0.486	1	198	166	234.208	0
3.709	1	68	189	85.9792	0
3.71	1	177	190	227.012	0
0.487	1	41	167	383.651	0
0.488	1	56	168	168.209	0
3.711	1	24	191	194.601	0
3.712	1	117	192	84.7553	0
0.489	1	190	169	126.136	0
0.49	1	75	170	70.2273	0
3.713	1	159	193	2075.27	0
3.714	1	22	194	531.736	0
0.491	1	87	171	676.708	0
3.715	1	137	195	407.903	0
0.492	1	26	172	3911.99	0
3.716	1	156	196	79.2527	0
0.493	1	15	173	56.0369	0
3.717	1	25	197	249.806	0
0.494	1	7	174	79.9082	0
3.718	1	50	198	235.547	0
0.495	1	164	175	332.676	0
3.719	1	60	199	187.703	0
0.496	1	191	176	158.025	0
3.72	1	36	200	725.597	0
0.497	1	131	177	139.443	0
3.721	1	78	201	120.716	0
0.498	1	122	178	335.745	0
3.722	1	128	202	193.003	0
3.723	1	144	203	4128.08	0
3.724	1	178	204	214.035	0
3.725	1	192	205	92.2674	0
3.726	1	146	206	599.411	0
3.727	1	140	207	353.95	0
3.728	1	45	208	42.1571	0
0.505	1	71	185	110.109	0
3.729	1	130	209	101.614	0
3.73	1	161	210	548.238	0
0.506	1	76	186	448.826	0
3.731	1	153	211	213.575	0
0.507	1	82	187	7278.23	0
3.732	1	124	212	273.56	0
0.508	1	184	188	234.15	0
3.733	1	167	213	201.507	0
0.509	1	68	189	62.8631	0
3.734	1	81	214	818.332	0
0.51	1	177	190	115.58	0
3.735	1	185	215	175.029	0
0.511	1	24	191	243.14	0
0.512	1	117	192	31.8553	0
0.513	1	159	193	1014.97	0
0.514	1	22	194	376.775	0
0.515	1	137	195	518.121	0
0.516	1	156	196	76.9247	0
0.517	1	25	197	289.076	0
0.518	1	50	198	271.87	0
0.519	1	60	199	156.524	0
0.52	1	36	200	239.149	0
0.521	1	78	201	80.9792	0
0.522	1	128	202	385.932	0
0.523	1	144	203	970.716	0
0.524	1	178	204	266.259	0
0.525	1	192	205	98.3651	0
0.526	1	146	206	297.215	0
0.527	1	140	207	232.468	0
0.528	1	45	208	160.107	0
0.529	1	130	209	95.3553	0
0.53	1	161	210	410.047	0
0.531	1	153	211	215.136	0
0.532	1	124	212	269.003	0
0.533	1	167	213	214.313	0
0.534	1	81	214	1148.37	0
0.535	1	185	215	330.675	0
3.841	1	143	1	206.23	0
3.842	1	70	2	122.594	0
3.843	1	110	3	232.107	0
3.844	1	13	4	68.5575	0
3.845	1	66	5	294.357	0
3.846	1	72	6	147.43	0
3.847	1	103	7	1036.36	0
3.848	1	92	8	2593.95	0
3.849	1	157	9	331.479	0
3.85	1	27	10	79.2974	0
3.851	1	58	11	6169.13	0
3.852	1	115	12	371.679	0
3.853	1	48	13	375.616	0
3.854	1	37	14	1532.63	0
3.855	1	135	15	486.137	0
3.856	1	193	16	217.681	0
3.857	1	197	17	560.968	0
3.858	1	38	18	97.7319	0
3.859	1	189	19	607.763	0
3.86	1	40	20	10811	0
3.861	1	142	21	226.869	0
3.862	1	86	22	601.734	0
3.863	1	100	23	2676.78	0
3.864	1	166	24	143.827	0
0.641	1	143	1	277.774	0
3.865	1	118	25	732.858	0
0.642	1	70	2	99.7947	0
3.866	1	49	26	153.809	0
0.643	1	110	3	100.176	0
3.867	1	196	27	380.165	0
0.644	1	13	4	32.2091	0
3.868	1	119	28	132.14	0
3.869	1	200	29	128.312	0
0.645	1	66	5	103.953	0
3.87	1	55	30	142.433	0
0.646	1	72	6	300.085	0
3.871	1	95	31	195.828	0
0.647	1	103	7	360.722	0
3.872	1	107	32	93.9429	0
0.648	1	92	8	661.006	0
3.873	1	101	33	254.788	0
0.649	1	157	9	138.842	0
3.874	1	116	34	3392.5	0
0.65	1	27	10	203.238	0
3.875	1	61	35	53.4484	0
0.651	1	58	11	13164.3	0
3.876	1	111	36	459.593	0
0.652	1	115	12	424.065	0
3.877	1	3	37	74.2949	0
0.653	1	48	13	341.747	0
3.878	1	4	38	349.773	0
0.654	1	37	14	1797.34	0
3.879	1	195	39	134.898	0
0.655	1	135	15	440.61	0
3.88	1	30	40	441.583	0
0.656	1	193	16	179.659	0
3.881	1	91	41	140.079	0
0.657	1	197	17	157.339	0
3.882	1	35	42	260.666	0
0.658	1	38	18	117.18	0
3.883	1	19	43	116.8	0
0.659	1	189	19	362.537	0
3.884	1	176	44	334.417	0
0.66	1	40	20	3331.33	0
3.885	1	32	45	97.3715	0
0.661	1	142	21	366.818	0
3.886	1	126	46	181.839	0
0.662	1	86	22	734.158	0
3.887	1	151	47	3955.6	0
0.663	1	100	23	1814.57	0
3.888	1	160	48	386.694	0
0.664	1	166	24	93.646	0
3.889	1	79	49	1382.1	0
0.665	1	118	25	293.662	0
3.89	1	171	50	34.6083	0
0.666	1	49	26	417.78	0
3.891	1	175	51	1558.73	0
0.667	1	196	27	178.522	0
3.892	1	17	52	383.095	0
0.668	1	119	28	89.6962	0
3.893	1	174	53	41.8288	0
0.669	1	200	29	179.566	0
3.894	1	74	54	517.317	0
0.67	1	55	30	80.6923	0
3.895	1	39	55	200.128	0
0.671	1	95	31	107.439	0
3.896	1	179	56	133.921	0
0.672	1	107	32	64.5954	0
3.897	1	194	57	1086.01	0
0.673	1	101	33	245.775	0
3.898	1	28	58	202.928	0
0.674	1	116	34	3181	0
3.899	1	80	59	37.5499	0
0.675	1	61	35	220.687	0
3.9	1	105	60	118.141	0
0.676	1	111	36	106.544	0
3.901	1	168	61	1471.93	0
0.677	1	3	37	153.197	0
3.902	1	73	62	7351.03	0
0.678	1	4	38	682.508	0
3.903	1	141	63	159.774	0
0.679	1	195	39	309.982	0
0.68	1	30	40	486.126	0
3.904	1	53	64	392.464	0
0.681	1	91	41	129.399	0
3.905	1	163	65	210.684	0
0.682	1	35	42	257.177	0
3.906	1	62	66	201.366	0
0.683	1	19	43	146.493	0
3.907	1	89	67	1688.99	0
0.684	1	176	44	224.982	0
3.908	1	173	68	263.11	0
0.685	1	32	45	173.611	0
3.909	1	112	69	1698.12	0
0.686	1	126	46	212.117	0
3.91	1	93	70	91.5995	0
0.687	1	151	47	4364.77	0
3.911	1	136	71	133.153	0
0.688	1	160	48	280.705	0
3.912	1	121	72	185.046	0
0.689	1	79	49	2488.55	0
3.913	1	85	73	206.144	0
0.69	1	171	50	238.513	0
3.914	1	2	74	62.0303	0
0.691	1	175	51	1239.95	0
3.915	1	158	75	1753.34	0
0.692	1	17	52	182.467	0
3.916	1	14	76	445.868	0
0.693	1	174	53	126.494	0
0.694	1	74	54	339.114	0
3.917	1	1	77	294.563	0
3.918	1	133	78	183.33	0
0.695	1	39	55	155.172	0
0.696	1	179	56	83.3685	0
3.919	1	34	79	98.882	0
0.697	1	194	57	444.631	0
3.92	1	18	80	103.187	0
0.698	1	28	58	336.912	0
3.921	1	149	81	1374.5	0
0.699	1	80	59	160.801	0
3.922	1	108	82	420.049	0
0.7	1	105	60	234.901	0
3.923	1	97	83	4012.78	0
0.701	1	168	61	3355.44	0
3.924	1	148	84	134.22	0
0.702	1	73	62	8093.96	0
3.925	1	51	85	464.073	0
0.703	1	141	63	172.944	0
3.926	1	9	86	266.155	0
0.704	1	53	64	290.256	0
3.927	1	132	87	170.404	0
0.705	1	163	65	123.075	0
3.928	1	181	88	149.671	0
0.706	1	62	66	138.739	0
3.929	1	43	89	72.6164	0
0.707	1	89	67	845.905	0
3.93	1	84	90	96.4271	0
0.708	1	173	68	107.899	0
3.931	1	183	91	737.274	0
0.709	1	112	69	984.771	0
3.932	1	44	92	232.789	0
0.71	1	93	70	140.799	0
3.933	1	77	93	192.065	0
0.711	1	136	71	62.7457	0
3.934	1	31	94	391.252	0
0.712	1	121	72	210.085	0
3.935	1	57	95	169.905	0
0.713	1	85	73	67.872	0
3.936	1	172	96	285.913	0
0.714	1	2	74	58.686	0
3.937	1	47	97	832.634	0
0.715	1	158	75	1871.39	0
3.938	1	187	98	186.316	0
0.716	1	14	76	214.973	0
3.939	1	180	99	96.0356	0
0.717	1	1	77	439.882	0
3.94	1	147	100	5595.6	0
0.718	1	133	78	148.609	0
3.941	1	46	101	349.993	0
0.719	1	34	79	84.4866	0
3.942	1	155	102	118.176	0
0.72	1	18	80	88.8355	0
3.943	1	21	103	192.798	0
0.721	1	149	81	1529.17	0
3.944	1	6	104	188.775	0
0.722	1	108	82	181.534	0
3.945	1	29	105	91.6081	0
0.723	1	97	83	8146.09	0
3.946	1	182	106	160.508	0
0.724	1	148	84	69.0457	0
0.725	1	51	85	239.175	0
3.948	1	96	108	376.14	0
0.726	1	9	86	246.005	0
3.949	1	42	109	455.932	0
0.727	1	132	87	150.839	0
0.728	1	181	88	103.726	0
3.95	1	165	110	1690.01	0
0.729	1	43	89	174.694	0
3.951	1	69	111	2610.22	0
0.73	1	84	90	165.092	0
3.952	1	88	112	328.447	0
0.731	1	183	91	898.07	0
0.732	1	44	92	278.598	0
3.953	1	188	113	1944.11	0
3.954	1	152	114	714.484	0
0.733	1	77	93	373.619	0
0.734	1	31	94	172.065	0
3.955	1	162	115	118.681	0
3.956	1	11	116	1046.16	0
0.735	1	57	95	126.024	0
0.736	1	172	96	207.714	0
3.957	1	139	117	1240.76	0
3.958	1	98	118	145.615	0
0.737	1	47	97	364.252	0
0.738	1	187	98	690.621	0
3.959	1	23	119	541.735	0
3.96	1	10	120	1065.11	0
0.739	1	180	99	83.7799	0
0.74	1	147	100	4045.39	0
3.961	1	12	121	289.881	0
3.962	1	120	122	2100.3	0
0.741	1	46	101	154.625	0
0.742	1	155	102	123.195	0
3.963	1	150	123	377.313	0
3.964	1	8	124	284.19	0
0.743	1	21	103	257.883	0
0.744	1	6	104	168.179	0
3.965	1	16	125	298.43	0
3.966	1	169	126	63.2616	0
0.745	1	29	105	101.756	0
0.746	1	182	106	191.675	0
3.967	1	94	127	63.4642	0
3.968	1	170	128	3648.48	0
0.748	1	96	108	216.533	0
3.969	1	54	129	99.627	0
3.97	1	125	130	329.189	0
0.749	1	42	109	473.421	0
0.75	1	165	110	2043.65	0
3.971	1	90	131	625.424	0
3.972	1	134	132	101.437	0
0.751	1	69	111	4299.94	0
0.752	1	88	112	1336.34	0
3.973	1	186	133	1548.09	0
3.974	1	67	134	6179.64	0
0.753	1	188	113	1056.95	0
0.754	1	152	114	529.325	0
3.975	1	102	135	3002.98	0
3.976	1	63	136	2291.4	0
0.755	1	162	115	137.557	0
0.756	1	11	116	1066.7	0
3.977	1	145	137	1473.97	0
3.978	1	127	138	165.008	0
0.757	1	139	117	980.747	0
0.758	1	98	118	151.913	0
3.98	1	154	140	1331.06	0
0.759	1	23	119	293.085	0
0.76	1	10	120	1841.91	0
3.981	1	20	141	84.62	0
0.761	1	12	121	298.934	0
3.982	1	52	142	42.2403	0
0.762	1	120	122	1992.61	0
3.983	1	138	143	411.983	0
3.984	1	83	144	65.8907	0
0.763	1	150	123	380.481	0
0.764	1	8	124	136.366	0
3.985	1	5	145	1808.11	0
0.765	1	16	125	215.841	0
3.986	1	109	146	475.198	0
0.766	1	169	126	109.358	0
3.987	1	33	147	1995.76	0
3.988	1	123	148	85.3508	0
0.767	1	94	127	116.849	0
0.768	1	170	128	1475.32	0
3.989	1	99	149	385.928	0
3.99	1	104	150	113.857	0
0.769	1	54	129	133.181	0
3.991	1	113	151	2571.07	0
0.77	1	125	130	333.301	0
3.992	1	106	152	185.79	0
0.771	1	90	131	757.75	0
3.993	1	65	153	105.179	0
0.772	1	134	132	324.925	0
3.994	1	129	154	525.81	0
0.773	1	186	133	695.258	0
3.995	1	199	155	237.718	0
0.774	1	67	134	4812.38	0
0.775	1	102	135	8063.63	0
0.776	1	63	136	2520.95	0
0.777	1	145	137	1418.22	0
0.778	1	127	138	58.4929	0
0.78	1	154	140	518.53	0
4.003	1	64	163	429.294	0
0.781	1	20	141	198.578	0
4.004	1	59	164	499.713	0
0.782	1	52	142	178.892	0
4.005	1	114	165	336.926	0
0.783	1	138	143	517.893	0
4.006	1	198	166	144.383	0
0.784	1	83	144	39.4076	0
4.007	1	41	167	437.457	0
0.785	1	5	145	1202.34	0
4.008	1	56	168	102.053	0
0.786	1	109	146	320.105	0
0.787	1	33	147	1451.82	0
4.009	1	190	169	99.4323	0
0.788	1	123	148	156.839	0
4.01	1	75	170	278.862	0
0.789	1	99	149	862.667	0
4.011	1	87	171	431.977	0
0.79	1	104	150	103.203	0
4.012	1	26	172	5483.51	0
0.791	1	113	151	603.105	0
4.013	1	15	173	146.866	0
4.014	1	7	174	134.845	0
0.792	1	106	152	134.161	0
4.015	1	164	175	454.292	0
0.793	1	65	153	45.1531	0
4.016	1	191	176	343.963	0
0.794	1	129	154	197.805	0
4.017	1	131	177	166.217	0
0.795	1	199	155	80.3137	0
4.018	1	122	178	249.185	0
0.803	1	64	163	216.405	0
4.025	1	71	185	134.721	0
0.804	1	59	164	399.771	0
4.026	1	76	186	283.036	0
4.027	1	82	187	1410.67	0
0.805	1	114	165	224.503	0
4.028	1	184	188	251.258	0
0.806	1	198	166	114.339	0
4.029	1	68	189	35.409	0
0.807	1	41	167	247.888	0
4.03	1	177	190	218.565	0
0.808	1	56	168	106.15	0
4.031	1	24	191	223.7	0
0.809	1	190	169	94.973	0
4.032	1	117	192	54.9745	0
0.81	1	75	170	244.382	0
4.033	1	159	193	2224.89	0
0.811	1	87	171	537.214	0
4.034	1	22	194	361.668	0
0.812	1	26	172	2430.42	0
4.035	1	137	195	609.789	0
0.813	1	15	173	114.338	0
4.036	1	156	196	93.1456	0
0.814	1	7	174	205.878	0
4.037	1	25	197	230.514	0
4.038	1	50	198	111.803	0
0.815	1	164	175	759.546	0
0.816	1	191	176	227.491	0
4.039	1	60	199	28.7114	0
4.04	1	36	200	666.729	0
0.817	1	131	177	139.251	0
0.818	1	122	178	107.169	0
4.041	1	78	201	182.432	0
4.042	1	128	202	243.115	0
4.043	1	144	203	1466.67	0
4.044	1	178	204	162.054	0
4.045	1	192	205	39.2533	0
4.046	1	146	206	289.933	0
4.047	1	140	207	405.495	0
4.048	1	45	208	148.804	0
0.825	1	71	185	91.7222	0
0.826	1	76	186	132.943	0
4.049	1	130	209	153.545	0
4.05	1	161	210	816.53	0
0.827	1	82	187	8961.9	0
0.828	1	184	188	117.811	0
4.051	1	153	211	195.895	0
4.052	1	124	212	425.895	0
0.829	1	68	189	105.325	0
0.83	1	177	190	207.114	0
4.053	1	167	213	226.814	0
4.054	1	81	214	691.917	0
0.831	1	24	191	78.1708	0
0.832	1	117	192	59.7046	0
4.055	1	185	215	316.256	0
0.833	1	159	193	4916.99	0
0.834	1	22	194	769.054	0
0.835	1	137	195	159.821	0
0.836	1	156	196	232.151	0
0.837	1	25	197	278.148	0
0.838	1	50	198	120.238	0
0.839	1	60	199	90.3414	0
0.84	1	36	200	325.245	0
0.841	1	78	201	216.921	0
0.842	1	128	202	353.116	0
0.843	1	144	203	1372.34	0
0.844	1	178	204	61.1225	0
0.845	1	192	205	54.592	0
0.846	1	146	206	565.176	0
0.847	1	140	207	206.992	0
0.848	1	45	208	102.335	0
0.849	1	130	209	155.548	0
0.85	1	161	210	406.332	0
0.851	1	153	211	218.549	0
0.852	1	124	212	277.791	0
0.853	1	167	213	101.935	0
0.854	1	81	214	603.103	0
0.855	1	185	215	165.454	0
4.161	1	143	1	292.135	0
4.162	1	70	2	60.5491	0
4.163	1	110	3	263.772	0
4.164	1	13	4	50.5707	0
4.165	1	66	5	121.903	0
4.166	1	72	6	289.776	0
4.167	1	103	7	781.64	0
4.168	1	92	8	2252.83	0
4.169	1	157	9	238.721	0
4.17	1	27	10	61.5109	0
4.171	1	58	11	3103.02	0
4.172	1	115	12	271.387	0
4.173	1	48	13	580.829	0
4.174	1	37	14	4461.31	0
4.175	1	135	15	278.534	0
4.176	1	193	16	103.974	0
4.177	1	197	17	231.22	0
4.178	1	38	18	120.84	0
4.179	1	189	19	733.177	0
4.18	1	40	20	12788.3	0
4.181	1	142	21	528.547	0
4.182	1	86	22	320.635	0
4.183	1	100	23	1047.83	0
0.961	1	143	1	285.539	0
4.184	1	166	24	113.774	0
0.962	1	70	2	136.921	0
0.963	1	110	3	152.678	0
4.185	1	118	25	557.385	0
0.964	1	13	4	90.7956	0
4.186	1	49	26	344.87	0
0.965	1	66	5	179.653	0
4.187	1	196	27	598.624	0
0.966	1	72	6	232.742	0
4.188	1	119	28	74.9691	0
0.967	1	103	7	1099.41	0
4.189	1	200	29	65.9991	0
0.968	1	92	8	2661.18	0
4.19	1	55	30	256.887	0
0.969	1	157	9	579.211	0
4.191	1	95	31	204.172	0
0.97	1	27	10	146.892	0
4.192	1	107	32	50.3064	0
0.971	1	58	11	7859.68	0
4.193	1	101	33	144.896	0
0.972	1	115	12	287.171	0
4.194	1	116	34	2086.33	0
0.973	1	48	13	292.571	0
4.195	1	61	35	127.694	0
0.974	1	37	14	4359.23	0
4.196	1	111	36	305.493	0
0.975	1	135	15	166.229	0
4.197	1	3	37	23.3837	0
0.976	1	193	16	158.105	0
4.198	1	4	38	391.585	0
0.977	1	197	17	97.1068	0
4.199	1	195	39	406.178	0
0.978	1	38	18	145.44	0
4.2	1	30	40	416.553	0
0.979	1	189	19	470.378	0
4.201	1	91	41	75.3005	0
0.98	1	40	20	1925.64	0
4.202	1	35	42	171.96	0
0.981	1	142	21	286.942	0
4.203	1	19	43	118.483	0
0.982	1	86	22	396.314	0
4.204	1	176	44	429.603	0
0.983	1	100	23	1817.44	0
4.205	1	32	45	114.463	0
0.984	1	166	24	159.866	0
4.206	1	126	46	239.005	0
0.985	1	118	25	487.439	0
4.207	1	151	47	954.859	0
0.986	1	49	26	210.489	0
4.208	1	160	48	381.203	0
0.987	1	196	27	254.32	0
0.988	1	119	28	119.996	0
4.209	1	79	49	2760.7	0
4.21	1	171	50	109.132	0
0.989	1	200	29	388.405	0
0.99	1	55	30	141.138	0
4.211	1	175	51	3048.6	0
4.212	1	17	52	259.708	0
0.991	1	95	31	186.464	0
0.992	1	107	32	90.2568	0
4.213	1	174	53	185.514	0
0.993	1	101	33	218.354	0
4.214	1	74	54	241.267	0
0.994	1	116	34	2179.55	0
4.215	1	39	55	75.5547	0
4.216	1	179	56	94.7899	0
0.995	1	61	35	111.35	0
0.996	1	111	36	197.01	0
4.217	1	194	57	548.723	0
4.218	1	28	58	553.112	0
0.997	1	3	37	87.9371	0
0.998	1	4	38	429.511	0
4.219	1	80	59	67.9029	0
4.22	1	105	60	271.192	0
0.999	1	195	39	468.657	0
1	1	30	40	954.757	0
4.221	1	168	61	2898.75	0
4.222	1	73	62	4535.04	0
1.001	1	91	41	218.25	0
1.002	1	35	42	87.2585	0
4.223	1	141	63	108.157	0
4.224	1	53	64	385.494	0
1.003	1	19	43	254.725	0
4.225	1	163	65	114.379	0
1.004	1	176	44	194.642	0
4.226	1	62	66	155.675	0
1.005	1	32	45	139.764	0
4.227	1	89	67	2343.04	0
1.006	1	126	46	485.737	0
4.228	1	173	68	100.971	0
1.007	1	151	47	7727.66	0
4.229	1	112	69	494.267	0
1.008	1	160	48	602.865	0
4.23	1	93	70	45.3113	0
1.009	1	79	49	1065.07	0
4.231	1	136	71	122.469	0
1.01	1	171	50	46.2809	0
4.232	1	121	72	151.573	0
1.011	1	175	51	3237.13	0
4.233	1	85	73	82.4621	0
1.012	1	17	52	337.399	0
4.234	1	2	74	49.7491	0
1.013	1	174	53	125.931	0
4.235	1	158	75	1784.71	0
1.014	1	74	54	442.021	0
4.236	1	14	76	733.525	0
1.015	1	39	55	127.784	0
4.237	1	1	77	285.221	0
1.016	1	179	56	107.344	0
4.238	1	133	78	232.968	0
1.017	1	194	57	622.109	0
4.239	1	34	79	89.6757	0
1.018	1	28	58	330.912	0
4.24	1	18	80	56.3269	0
1.019	1	80	59	71.823	0
4.241	1	149	81	1606.41	0
1.02	1	105	60	163.19	0
4.242	1	108	82	351.315	0
1.021	1	168	61	3978.45	0
4.243	1	97	83	5881.5	0
1.022	1	73	62	3700.59	0
4.244	1	148	84	43.4458	0
1.023	1	141	63	76.1147	0
4.245	1	51	85	372.773	0
1.024	1	53	64	200.235	0
4.246	1	9	86	255.327	0
1.025	1	163	65	207.426	0
4.247	1	132	87	166.859	0
4.248	1	181	88	47.0214	0
1.026	1	62	66	264.001	0
4.249	1	43	89	261.259	0
1.027	1	89	67	1007.66	0
4.25	1	84	90	479.913	0
1.028	1	173	68	121.934	0
4.251	1	183	91	1096.84	0
1.029	1	112	69	1118.4	0
4.252	1	44	92	305.141	0
1.03	1	93	70	112.483	0
4.253	1	77	93	847.453	0
1.031	1	136	71	135.966	0
4.254	1	31	94	518.332	0
1.032	1	121	72	173.521	0
4.255	1	57	95	129.063	0
1.033	1	85	73	80.4851	0
4.256	1	172	96	77.1182	0
1.034	1	2	74	57.6649	0
4.257	1	47	97	259.128	0
1.035	1	158	75	1887.6	0
4.258	1	187	98	599.069	0
1.036	1	14	76	640.815	0
4.259	1	180	99	97.3754	0
1.037	1	1	77	445.185	0
4.26	1	147	100	2818.76	0
1.038	1	133	78	115.851	0
4.261	1	46	101	327.084	0
1.039	1	34	79	63.2537	0
4.262	1	155	102	120.226	0
1.04	1	18	80	86.925	0
4.263	1	21	103	231.191	0
1.041	1	149	81	2138.77	0
4.264	1	6	104	101.855	0
1.042	1	108	82	594.28	0
4.265	1	29	105	167.857	0
1.043	1	97	83	4811.85	0
4.266	1	182	106	197.143	0
1.044	1	148	84	67.393	0
1.045	1	51	85	436.502	0
4.268	1	96	108	400.788	0
1.046	1	9	86	276.533	0
4.269	1	42	109	630.826	0
1.047	1	132	87	310.713	0
4.27	1	165	110	834.269	0
1.048	1	181	88	201.236	0
4.271	1	69	111	2850.44	0
1.049	1	43	89	85.3431	0
4.272	1	88	112	850.449	0
1.05	1	84	90	106.858	0
4.273	1	188	113	952.349	0
1.051	1	183	91	236.121	0
4.274	1	152	114	236.802	0
1.052	1	44	92	263.806	0
4.275	1	162	115	142.372	0
1.053	1	77	93	360.834	0
4.276	1	11	116	412.846	0
1.054	1	31	94	390.263	0
4.277	1	139	117	601.597	0
1.055	1	57	95	165.704	0
4.278	1	98	118	181.925	0
1.056	1	172	96	74.3646	0
4.279	1	23	119	394.099	0
4.28	1	10	120	2572.32	0
1.057	1	47	97	234.188	0
1.058	1	187	98	333.839	0
4.281	1	12	121	352.929	0
1.059	1	180	99	74.1472	0
4.282	1	120	122	3859.41	0
1.06	1	147	100	9116.36	0
4.283	1	150	123	507.927	0
4.284	1	8	124	97.7327	0
1.061	1	46	101	340.983	0
1.062	1	155	102	255.441	0
4.285	1	16	125	408.958	0
1.063	1	21	103	199.321	0
4.286	1	169	126	96.0222	0
1.064	1	6	104	220.946	0
4.287	1	94	127	150.154	0
1.065	1	29	105	271.593	0
4.288	1	170	128	2267.62	0
1.066	1	182	106	833.389	0
4.289	1	54	129	71.8477	0
4.29	1	125	130	171.206	0
1.068	1	96	108	249.459	0
4.291	1	90	131	526.657	0
1.069	1	42	109	550.414	0
4.292	1	134	132	202.474	0
1.07	1	165	110	886.747	0
4.293	1	186	133	686.98	0
1.071	1	69	111	2262.94	0
4.294	1	67	134	4006.4	0
1.072	1	88	112	755.838	0
4.295	1	102	135	4426.53	0
4.296	1	63	136	1764.76	0
1.073	1	188	113	1317.91	0
1.074	1	152	114	668.828	0
4.297	1	145	137	1473.01	0
4.298	1	127	138	65.1782	0
1.075	1	162	115	188.192	0
1.076	1	11	116	630.854	0
1.077	1	139	117	2125.67	0
4.3	1	154	140	1359.94	0
1.078	1	98	118	284.374	0
4.301	1	20	141	108.24	0
1.079	1	23	119	261.46	0
4.302	1	52	142	128.674	0
1.08	1	10	120	1416.32	0
4.303	1	138	143	550.631	0
1.081	1	12	121	167.744	0
4.304	1	83	144	173.304	0
1.082	1	120	122	739.883	0
4.305	1	5	145	1980.17	0
1.083	1	150	123	365.73	0
4.306	1	109	146	320.068	0
1.084	1	8	124	109.797	0
4.307	1	33	147	2400.46	0
1.085	1	16	125	503.07	0
4.308	1	123	148	47.5423	0
1.086	1	169	126	65.1444	0
4.309	1	99	149	265.067	0
4.31	1	104	150	101.227	0
1.087	1	94	127	85.3763	0
1.088	1	170	128	1217.09	0
4.311	1	113	151	710.008	0
4.312	1	106	152	122.251	0
1.089	1	54	129	65.8208	0
1.09	1	125	130	338.067	0
4.313	1	65	153	60.4801	0
4.314	1	129	154	245.795	0
1.091	1	90	131	921.643	0
1.092	1	134	132	66.3593	0
4.315	1	199	155	175.138	0
1.093	1	186	133	1102.61	0
1.094	1	67	134	3234.41	0
1.095	1	102	135	2469.88	0
1.096	1	63	136	2006.44	0
1.097	1	145	137	2087.52	0
1.098	1	127	138	116.385	0
1.1	1	154	140	741.701	0
4.323	1	64	163	381.412	0
1.101	1	20	141	53.6897	0
4.324	1	59	164	581.509	0
1.102	1	52	142	47.206	0
4.325	1	114	165	305.397	0
1.103	1	138	143	195.777	0
4.326	1	198	166	76.7122	0
1.104	1	83	144	185.28	0
4.327	1	41	167	856.07	0
1.105	1	5	145	1298.76	0
4.328	1	56	168	131.408	0
1.106	1	109	146	334.028	0
4.329	1	190	169	76.6904	0
4.33	1	75	170	230.451	0
1.107	1	33	147	2049.84	0
1.108	1	123	148	77.0889	0
4.331	1	87	171	455.854	0
1.109	1	99	149	980.585	0
4.332	1	26	172	2761.2	0
1.11	1	104	150	131.537	0
4.333	1	15	173	77.0099	0
1.111	1	113	151	1872.18	0
4.334	1	7	174	182.726	0
1.112	1	106	152	157.777	0
4.335	1	164	175	243.279	0
4.336	1	191	176	143.844	0
1.113	1	65	153	24.0917	0
1.114	1	129	154	295.288	0
4.337	1	131	177	188.422	0
4.338	1	122	178	195.087	0
1.115	1	199	155	134.802	0
4.345	1	71	185	131.851	0
1.123	1	64	163	237.63	0
4.346	1	76	186	70.8641	0
1.124	1	59	164	1307.16	0
4.347	1	82	187	8439.29	0
1.125	1	114	165	254.457	0
4.348	1	184	188	293.903	0
1.126	1	198	166	119.599	0
4.349	1	68	189	61.4346	0
1.127	1	41	167	380.506	0
4.35	1	177	190	88.1064	0
1.128	1	56	168	122.227	0
4.351	1	24	191	235.531	0
1.129	1	190	169	132.185	0
4.352	1	117	192	80.3861	0
1.13	1	75	170	190.798	0
4.353	1	159	193	2431.61	0
1.131	1	87	171	405.101	0
4.354	1	22	194	629.268	0
1.132	1	26	172	9446.51	0
4.355	1	137	195	139.442	0
1.133	1	15	173	145.946	0
4.356	1	156	196	245.788	0
1.134	1	7	174	77.5885	0
4.357	1	25	197	211.796	0
1.135	1	164	175	608.102	0
4.358	1	50	198	194.91	0
1.136	1	191	176	250.803	0
4.359	1	60	199	82.8311	0
1.137	1	131	177	336.873	0
4.36	1	36	200	572.338	0
1.138	1	122	178	221.433	0
4.361	1	78	201	310.501	0
4.362	1	128	202	355.41	0
4.363	1	144	203	2479.19	0
4.364	1	178	204	155.787	0
4.365	1	192	205	74.172	0
4.366	1	146	206	328.375	0
1.145	1	71	185	189.125	0
4.367	1	140	207	380.619	0
1.146	1	76	186	246.5	0
4.368	1	45	208	83.5417	0
1.147	1	82	187	10922.9	0
4.369	1	130	209	64.7295	0
1.148	1	184	188	158.16	0
4.37	1	161	210	499.039	0
1.149	1	68	189	145.65	0
4.371	1	153	211	98.864	0
1.15	1	177	190	137.706	0
4.372	1	124	212	195.276	0
1.151	1	24	191	359.274	0
4.373	1	167	213	87.396	0
1.152	1	117	192	90.2353	0
4.374	1	81	214	580.658	0
1.153	1	159	193	2753.73	0
4.375	1	185	215	128.553	0
1.154	1	22	194	294.51	0
1.155	1	137	195	493.868	0
1.156	1	156	196	342.422	0
1.157	1	25	197	252.754	0
1.158	1	50	198	118.766	0
1.159	1	60	199	78.8123	0
1.16	1	36	200	409.646	0
1.161	1	78	201	171.09	0
1.162	1	128	202	325.318	0
1.163	1	144	203	2234.9	0
1.164	1	178	204	82.192	0
1.165	1	192	205	61.011	0
1.166	1	146	206	325.323	0
1.167	1	140	207	183.836	0
1.168	1	45	208	117.414	0
1.169	1	130	209	188.064	0
1.17	1	161	210	280.425	0
1.171	1	153	211	171.517	0
1.172	1	124	212	230.683	0
1.173	1	167	213	300.298	0
1.174	1	81	214	615.417	0
1.175	1	185	215	520.241	0
4.481	1	143	1	350.833	0
4.482	1	70	2	212.188	0
4.483	1	110	3	155.451	0
4.484	1	13	4	135.548	0
4.485	1	66	5	188.375	0
4.486	1	72	6	156.788	0
4.487	1	103	7	290.299	0
4.488	1	92	8	2255.69	0
4.489	1	157	9	317.904	0
4.49	1	27	10	57.4253	0
4.491	1	58	11	8816.42	0
4.492	1	115	12	279.067	0
4.493	1	48	13	341.747	0
4.494	1	37	14	5880	0
4.495	1	135	15	300.158	0
4.496	1	193	16	203.87	0
4.497	1	197	17	225.107	0
4.498	1	38	18	171.771	0
4.499	1	189	19	1068.8	0
4.5	1	40	20	8068.12	0
1.281	1	143	1	230.584	0
4.501	1	142	21	172.154	0
1.282	1	70	2	144.212	0
4.502	1	86	22	476.902	0
1.283	1	110	3	151.921	0
4.503	1	100	23	2872.74	0
1.284	1	13	4	42.1773	0
4.504	1	166	24	69.9076	0
1.285	1	66	5	111.066	0
4.505	1	118	25	595.792	0
4.506	1	49	26	353.25	0
1.286	1	72	6	127.426	0
4.507	1	196	27	303.961	0
1.287	1	103	7	568.297	0
4.508	1	119	28	122.284	0
1.288	1	92	8	1302.67	0
4.509	1	200	29	65.5124	0
1.289	1	157	9	370.224	0
4.51	1	55	30	108.361	0
1.29	1	27	10	130.135	0
4.511	1	95	31	197.253	0
1.291	1	58	11	21413.6	0
4.512	1	107	32	59.2658	0
1.292	1	115	12	254.888	0
4.513	1	101	33	131.184	0
1.293	1	48	13	358.696	0
4.514	1	116	34	801.239	0
1.294	1	37	14	6539.88	0
4.515	1	61	35	194.689	0
1.295	1	135	15	411.736	0
4.516	1	111	36	325.202	0
1.296	1	193	16	101.837	0
4.517	1	3	37	100.511	0
1.297	1	197	17	221.66	0
4.518	1	4	38	380.674	0
1.298	1	38	18	82.852	0
4.519	1	195	39	381.924	0
1.299	1	189	19	480.832	0
4.52	1	30	40	672.591	0
1.3	1	40	20	1952.87	0
4.521	1	91	41	131.722	0
1.301	1	142	21	560.18	0
4.522	1	35	42	158.647	0
1.302	1	86	22	367.227	0
4.523	1	19	43	246.594	0
1.303	1	100	23	1128.05	0
4.524	1	176	44	122.498	0
1.304	1	166	24	120.559	0
4.525	1	32	45	148.761	0
1.305	1	118	25	534.678	0
4.526	1	126	46	227.594	0
1.306	1	49	26	268.66	0
4.527	1	151	47	5147.13	0
4.528	1	160	48	215.516	0
1.307	1	196	27	495.35	0
1.308	1	119	28	114.694	0
4.529	1	79	49	1066.15	0
4.53	1	171	50	21.6969	0
1.309	1	200	29	118.658	0
1.31	1	55	30	153.703	0
1.311	1	95	31	363.248	0
4.531	1	175	51	5614.51	0
1.312	1	107	32	65.022	0
4.532	1	17	52	458.287	0
1.313	1	101	33	213.297	0
4.533	1	174	53	24.5153	0
1.314	1	116	34	1661.59	0
4.534	1	74	54	366.153	0
1.315	1	61	35	191.028	0
4.535	1	39	55	296.764	0
1.316	1	111	36	257.724	0
4.536	1	179	56	139.74	0
1.317	1	3	37	65.0525	0
4.537	1	194	57	360.424	0
1.318	1	4	38	349.063	0
4.538	1	28	58	97.4978	0
1.319	1	195	39	551.222	0
4.539	1	80	59	69.4538	0
1.32	1	30	40	470.352	0
4.54	1	105	60	109.59	0
1.321	1	91	41	167.009	0
4.541	1	168	61	1345.58	0
1.322	1	35	42	127.828	0
4.542	1	73	62	12891.9	0
1.323	1	19	43	154.035	0
4.543	1	141	63	190.517	0
1.324	1	176	44	262.753	0
4.544	1	53	64	302.925	0
1.325	1	32	45	156.559	0
4.545	1	163	65	152.228	0
1.326	1	126	46	373.914	0
4.546	1	62	66	303.079	0
1.327	1	151	47	3095.01	0
1.328	1	160	48	580.494	0
4.547	1	89	67	1128.63	0
4.548	1	173	68	192.01	0
1.329	1	79	49	2733.41	0
1.33	1	171	50	51.8984	0
4.549	1	112	69	667.789	0
4.55	1	93	70	102.231	0
1.331	1	175	51	2674.6	0
1.332	1	17	52	172.309	0
4.551	1	136	71	127.604	0
4.552	1	121	72	214.753	0
1.333	1	174	53	91.8661	0
1.334	1	74	54	382.114	0
4.553	1	85	73	164.397	0
4.554	1	2	74	69.2916	0
1.335	1	39	55	151.354	0
1.336	1	179	56	69.1849	0
4.555	1	158	75	561.204	0
4.556	1	14	76	290.601	0
1.337	1	194	57	551.852	0
1.338	1	28	58	666.122	0
4.557	1	1	77	339.359	0
4.558	1	133	78	203.138	0
1.339	1	80	59	75.764	0
1.34	1	105	60	81.3094	0
4.559	1	34	79	208.712	0
4.56	1	18	80	109.78	0
1.341	1	168	61	1783.02	0
1.342	1	73	62	3843.63	0
4.561	1	149	81	1013.16	0
4.562	1	108	82	673.899	0
1.343	1	141	63	116.009	0
1.344	1	53	64	334.766	0
4.563	1	97	83	9955.56	0
4.564	1	148	84	51.5815	0
1.345	1	163	65	121.875	0
1.346	1	62	66	391.337	0
4.565	1	51	85	472.408	0
4.566	1	9	86	784.547	0
1.347	1	89	67	972.375	0
4.567	1	132	87	163.684	0
1.348	1	173	68	129.385	0
4.568	1	181	88	30.3248	0
1.349	1	112	69	624.044	0
4.569	1	43	89	297.576	0
1.35	1	93	70	277.196	0
4.57	1	84	90	159.878	0
1.351	1	136	71	103.832	0
4.571	1	183	91	578.131	0
1.352	1	121	72	244.368	0
4.572	1	44	92	152.421	0
1.353	1	85	73	73.8572	0
4.573	1	77	93	333.474	0
1.354	1	2	74	84.4831	0
4.574	1	31	94	692.932	0
1.355	1	158	75	2886.41	0
4.575	1	57	95	56.9552	0
1.356	1	14	76	498.177	0
4.576	1	172	96	152.521	0
1.357	1	1	77	404.046	0
4.577	1	47	97	373.697	0
1.358	1	133	78	178.822	0
4.578	1	187	98	348.41	0
1.359	1	34	79	205.821	0
4.579	1	180	99	108.053	0
1.36	1	18	80	139.612	0
4.58	1	147	100	5307.62	0
1.361	1	149	81	474.236	0
4.581	1	46	101	430.779	0
1.362	1	108	82	118.242	0
4.582	1	155	102	178.025	0
1.363	1	97	83	3717.9	0
4.583	1	21	103	191.417	0
1.364	1	148	84	43.7692	0
4.584	1	6	104	143.388	0
1.365	1	51	85	307.433	0
4.585	1	29	105	159.871	0
1.366	1	9	86	275.617	0
4.586	1	182	106	197.435	0
1.367	1	132	87	218.054	0
4.588	1	96	108	184.848	0
1.368	1	181	88	118.749	0
4.589	1	42	109	234.647	0
1.369	1	43	89	170.555	0
4.59	1	165	110	1189.61	0
1.37	1	84	90	325.4	0
1.371	1	183	91	157.129	0
4.591	1	69	111	2605.67	0
1.372	1	44	92	201.919	0
4.592	1	88	112	696.914	0
1.373	1	77	93	637.535	0
4.593	1	188	113	1692.62	0
1.374	1	31	94	447.642	0
4.594	1	152	114	400.37	0
1.375	1	57	95	205.154	0
4.595	1	162	115	250.048	0
4.596	1	11	116	285.696	0
1.376	1	172	96	319.817	0
1.377	1	47	97	767.371	0
4.597	1	139	117	779.759	0
1.378	1	187	98	203.859	0
4.598	1	98	118	109.089	0
1.379	1	180	99	105.015	0
4.599	1	23	119	325.137	0
1.38	1	147	100	5349.52	0
4.6	1	10	120	1486.1	0
1.381	1	46	101	382.524	0
4.601	1	12	121	535.932	0
1.382	1	155	102	119.458	0
4.602	1	120	122	1579.23	0
1.383	1	21	103	109.564	0
4.603	1	150	123	103.358	0
1.384	1	6	104	176.33	0
4.604	1	8	124	108.106	0
1.385	1	29	105	97.5425	0
4.605	1	16	125	125.723	0
1.386	1	182	106	222.921	0
4.606	1	169	126	62.8183	0
1.388	1	96	108	111.838	0
4.607	1	94	127	51.0475	0
1.389	1	42	109	596.505	0
4.608	1	170	128	2544.2	0
1.39	1	165	110	1320.01	0
4.609	1	54	129	232.07	0
4.61	1	125	130	137.133	0
1.391	1	69	111	3441.19	0
1.392	1	88	112	757.611	0
4.611	1	90	131	208.629	0
1.393	1	188	113	1591.41	0
4.612	1	134	132	298.721	0
1.394	1	152	114	1822.03	0
4.613	1	186	133	1183.17	0
1.395	1	162	115	29.1962	0
4.614	1	67	134	4967.01	0
1.396	1	11	116	819.424	0
4.615	1	102	135	3371.1	0
1.397	1	139	117	2467.31	0
4.616	1	63	136	2730.58	0
1.398	1	98	118	98.555	0
4.617	1	145	137	1523.78	0
1.399	1	23	119	354.296	0
4.618	1	127	138	251.18	0
1.4	1	10	120	3081.17	0
1.401	1	12	121	614.35	0
4.62	1	154	140	1100.17	0
1.402	1	120	122	1688.9	0
4.621	1	20	141	125.918	0
1.403	1	150	123	286.227	0
1.404	1	8	124	202.179	0
4.622	1	52	142	55.081	0
1.405	1	16	125	707.969	0
4.623	1	138	143	471.477	0
1.406	1	169	126	133.296	0
4.624	1	83	144	132.509	0
4.625	1	5	145	1284.54	0
1.407	1	94	127	186.584	0
4.626	1	109	146	194.773	0
1.408	1	170	128	1778.36	0
4.627	1	33	147	4146.78	0
1.409	1	54	129	141.885	0
4.628	1	123	148	68.2327	0
1.41	1	125	130	206.101	0
4.629	1	99	149	533.048	0
1.411	1	90	131	542.043	0
4.63	1	104	150	78.5648	0
1.412	1	134	132	130.792	0
4.631	1	113	151	1875.9	0
1.413	1	186	133	1345.4	0
4.632	1	106	152	113.761	0
1.414	1	67	134	5289.66	0
4.633	1	65	153	50.8137	0
1.415	1	102	135	7322.34	0
4.634	1	129	154	774.943	0
1.416	1	63	136	4803.9	0
4.635	1	199	155	191.516	0
1.417	1	145	137	2489.92	0
1.418	1	127	138	152.254	0
1.42	1	154	140	1294.63	0
1.421	1	20	141	116.454	0
1.422	1	52	142	34.4536	0
1.423	1	138	143	123.262	0
1.424	1	83	144	215.087	0
1.425	1	5	145	684.059	0
4.643	1	64	163	737.451	0
1.426	1	109	146	65.9387	0
4.644	1	59	164	903.46	0
1.427	1	33	147	858.416	0
4.645	1	114	165	306.388	0
1.428	1	123	148	89.6279	0
4.646	1	198	166	61.1687	0
1.429	1	99	149	518.819	0
4.647	1	41	167	320.045	0
1.43	1	104	150	41.5553	0
4.648	1	56	168	117.849	0
1.431	1	113	151	719.557	0
4.649	1	190	169	148.389	0
1.432	1	106	152	149.473	0
4.65	1	75	170	141.845	0
1.433	1	65	153	90.5603	0
4.651	1	87	171	580.655	0
1.434	1	129	154	390.534	0
4.652	1	26	172	7697.14	0
1.435	1	199	155	436.996	0
4.653	1	15	173	148.27	0
4.654	1	7	174	177.657	0
4.655	1	164	175	506.511	0
4.656	1	191	176	252.815	0
4.657	1	131	177	175.452	0
4.658	1	122	178	267.05	0
1.443	1	64	163	168.089	0
1.444	1	59	164	580.763	0
1.445	1	114	165	406.918	0
1.446	1	198	166	112.854	0
1.447	1	41	167	373.695	0
4.665	1	71	185	96.5575	0
1.448	1	56	168	200.607	0
4.666	1	76	186	230.06	0
1.449	1	190	169	90.5276	0
4.667	1	82	187	5056.34	0
1.45	1	75	170	162.508	0
4.668	1	184	188	173.344	0
1.451	1	87	171	323.515	0
4.669	1	68	189	64.8898	0
1.452	1	26	172	6846.36	0
4.67	1	177	190	157.456	0
1.453	1	15	173	46.0602	0
4.671	1	24	191	141.129	0
1.454	1	7	174	193.768	0
4.672	1	117	192	86.4309	0
1.455	1	164	175	337.767	0
4.673	1	159	193	2011.95	0
1.456	1	191	176	274	0
4.674	1	22	194	244.698	0
1.457	1	131	177	277.87	0
4.675	1	137	195	384.393	0
1.458	1	122	178	165.313	0
4.676	1	156	196	246.231	0
4.677	1	25	197	92.231	0
4.678	1	50	198	304.484	0
4.679	1	60	199	128.854	0
4.68	1	36	200	284.808	0
4.681	1	78	201	224.775	0
4.682	1	128	202	163.476	0
1.465	1	71	185	98.0011	0
4.683	1	144	203	1630.23	0
1.466	1	76	186	103.652	0
4.684	1	178	204	89.9486	0
1.467	1	82	187	4190.77	0
4.685	1	192	205	65.2335	0
1.468	1	184	188	160.383	0
4.686	1	146	206	966.379	0
1.469	1	68	189	94.4504	0
4.687	1	140	207	195.967	0
1.47	1	177	190	130.328	0
4.688	1	45	208	131.185	0
4.689	1	130	209	247.619	0
1.471	1	24	191	77.9085	0
4.69	1	161	210	348.216	0
1.472	1	117	192	57.6817	0
4.691	1	153	211	210.969	0
1.473	1	159	193	2838.66	0
4.692	1	124	212	218.768	0
1.474	1	22	194	258.137	0
4.693	1	167	213	206.925	0
1.475	1	137	195	149.04	0
4.694	1	81	214	413.141	0
1.476	1	156	196	137.533	0
4.695	1	185	215	431.069	0
1.477	1	25	197	318.956	0
1.478	1	50	198	440.19	0
1.479	1	60	199	36.9152	0
1.48	1	36	200	536.977	0
1.481	1	78	201	364.567	0
1.482	1	128	202	242.3	0
1.483	1	144	203	2056.49	0
1.484	1	178	204	114.76	0
1.485	1	192	205	69.265	0
1.486	1	146	206	332.578	0
1.487	1	140	207	459.622	0
1.488	1	45	208	175.343	0
1.489	1	130	209	122.301	0
1.49	1	161	210	177.8	0
1.491	1	153	211	140.897	0
1.492	1	124	212	190.13	0
1.493	1	167	213	79.6445	0
1.494	1	81	214	259.38	0
1.495	1	185	215	309.715	0
4.801	1	143	1	181.773	0
4.802	1	70	2	137.435	0
4.803	1	110	3	205.457	0
4.804	1	13	4	91.0089	0
4.805	1	66	5	205.391	0
4.806	1	72	6	152.043	0
4.807	1	103	7	416.907	0
4.808	1	92	8	1753.18	0
4.809	1	157	9	486.54	0
4.81	1	27	10	116.136	0
4.811	1	58	11	5972.08	0
4.812	1	115	12	206.701	0
4.813	1	48	13	215.77	0
4.814	1	37	14	2617.69	0
4.815	1	135	15	300.959	0
4.816	1	193	16	200.436	0
4.817	1	197	17	255.252	0
4.818	1	38	18	112.888	0
1.601	1	143	1	445.107	0
4.819	1	189	19	1444.4	0
1.602	1	70	2	63.5024	0
4.82	1	40	20	3266.77	0
1.603	1	110	3	243.088	0
4.821	1	142	21	186.868	0
1.604	1	13	4	79.7003	0
4.822	1	86	22	157.405	0
1.605	1	66	5	299.301	0
4.823	1	100	23	2388.08	0
4.824	1	166	24	152.717	0
1.606	1	72	6	107.224	0
4.825	1	118	25	599.435	0
1.607	1	103	7	736.513	0
1.608	1	92	8	1136.28	0
4.826	1	49	26	776.992	0
1.609	1	157	9	261.689	0
4.827	1	196	27	318.893	0
1.61	1	27	10	79.924	0
4.828	1	119	28	48.1062	0
4.829	1	200	29	147.318	0
1.611	1	58	11	2517.96	0
4.83	1	55	30	175.059	0
1.612	1	115	12	332.783	0
1.613	1	48	13	85.3392	0
4.831	1	95	31	473.478	0
1.614	1	37	14	2397.25	0
4.832	1	107	32	133.027	0
4.833	1	101	33	78.8493	0
1.615	1	135	15	295.5	0
4.834	1	116	34	1625.41	0
1.616	1	193	16	148.69	0
4.835	1	61	35	142.25	0
1.617	1	197	17	393.91	0
4.836	1	111	36	409.765	0
1.618	1	38	18	84.5499	0
4.837	1	3	37	61.079	0
1.619	1	189	19	855.551	0
4.838	1	4	38	211.001	0
1.62	1	40	20	3319.58	0
4.839	1	195	39	341.726	0
4.84	1	30	40	354.526	0
1.621	1	142	21	334.041	0
1.622	1	86	22	504.022	0
4.841	1	91	41	154.157	0
1.623	1	100	23	782.137	0
4.842	1	35	42	307.166	0
1.624	1	166	24	91.9668	0
4.843	1	19	43	300.058	0
1.625	1	118	25	331.604	0
4.844	1	176	44	321.876	0
1.626	1	49	26	229.339	0
4.845	1	32	45	175.851	0
1.627	1	196	27	495.41	0
4.846	1	126	46	314.904	0
1.628	1	119	28	62.7038	0
4.847	1	151	47	4557.77	0
1.629	1	200	29	239.722	0
4.848	1	160	48	380.045	0
1.63	1	55	30	107.404	0
4.849	1	79	49	1995.92	0
1.631	1	95	31	305.369	0
4.85	1	171	50	54.4285	0
1.632	1	107	32	68.9276	0
4.851	1	175	51	4686.91	0
1.633	1	101	33	260.738	0
4.852	1	17	52	221.587	0
1.634	1	116	34	1776.33	0
4.853	1	174	53	56.2201	0
1.635	1	61	35	111.513	0
4.854	1	74	54	582.741	0
1.636	1	111	36	234.709	0
4.855	1	39	55	198.158	0
1.637	1	3	37	99.1116	0
4.856	1	179	56	78.9212	0
1.638	1	4	38	278.159	0
4.857	1	194	57	511.937	0
1.639	1	195	39	378.029	0
4.858	1	28	58	638.734	0
1.64	1	30	40	252.328	0
4.859	1	80	59	104.182	0
1.641	1	91	41	81.7277	0
4.86	1	105	60	153.091	0
1.642	1	35	42	199.961	0
4.861	1	168	61	3024.14	0
1.643	1	19	43	84.9731	0
4.862	1	73	62	4381.9	0
1.644	1	176	44	198.145	0
4.863	1	141	63	60.3367	0
1.645	1	32	45	97.6062	0
4.864	1	53	64	266.009	0
1.646	1	126	46	212.643	0
4.865	1	163	65	149.325	0
1.647	1	151	47	2186.3	0
4.866	1	62	66	99.8579	0
1.648	1	160	48	557.608	0
4.867	1	89	67	1200.54	0
1.649	1	79	49	1514.75	0
4.868	1	173	68	116.606	0
1.65	1	171	50	84.955	0
4.869	1	112	69	332.622	0
1.651	1	175	51	4849.24	0
4.87	1	93	70	86.5939	0
1.652	1	17	52	271.698	0
4.871	1	136	71	79.8933	0
1.653	1	174	53	203.569	0
1.654	1	74	54	393.379	0
4.872	1	121	72	330.098	0
4.873	1	85	73	132.949	0
1.655	1	39	55	151.942	0
4.874	1	2	74	75.6803	0
1.656	1	179	56	92.4768	0
4.875	1	158	75	2998.03	0
1.657	1	194	57	554.075	0
4.876	1	14	76	683.255	0
1.658	1	28	58	265.659	0
4.877	1	1	77	234.161	0
1.659	1	80	59	117.483	0
4.878	1	133	78	238.482	0
1.66	1	105	60	146.435	0
4.879	1	34	79	289.383	0
1.661	1	168	61	2085.78	0
4.88	1	18	80	50.1798	0
1.662	1	73	62	2635.14	0
4.881	1	149	81	2568.01	0
1.663	1	141	63	204.627	0
4.882	1	108	82	201.701	0
1.664	1	53	64	246.516	0
4.883	1	97	83	8216.37	0
1.665	1	163	65	65.4614	0
4.884	1	148	84	104.819	0
1.666	1	62	66	68.4285	0
4.885	1	51	85	942.726	0
1.667	1	89	67	468.205	0
4.886	1	9	86	417.799	0
1.668	1	173	68	117.213	0
4.887	1	132	87	225.112	0
1.669	1	112	69	528.801	0
4.888	1	181	88	101.525	0
1.67	1	93	70	62.3116	0
4.889	1	43	89	282.745	0
1.671	1	136	71	45.6359	0
4.89	1	84	90	171.027	0
1.672	1	121	72	95.8537	0
4.891	1	183	91	711.706	0
1.673	1	85	73	284.356	0
4.892	1	44	92	271.875	0
1.674	1	2	74	103.643	0
1.675	1	158	75	3409.43	0
4.893	1	77	93	1544.5	0
1.676	1	14	76	371.909	0
4.894	1	31	94	466.772	0
1.677	1	1	77	447.377	0
4.895	1	57	95	103.885	0
1.678	1	133	78	122.991	0
4.896	1	172	96	134.113	0
1.679	1	34	79	102.195	0
4.897	1	47	97	210.13	0
1.68	1	18	80	47.7191	0
4.898	1	187	98	265.866	0
1.681	1	149	81	1161.27	0
1.682	1	108	82	260.476	0
4.899	1	180	99	192.894	0
4.9	1	147	100	9826.13	0
1.683	1	97	83	13816	0
1.684	1	148	84	114.481	0
4.901	1	46	101	248.375	0
4.902	1	155	102	150.338	0
1.685	1	51	85	579.146	0
1.686	1	9	86	284.281	0
4.903	1	21	103	260.709	0
4.904	1	6	104	159.304	0
1.687	1	132	87	153.011	0
1.688	1	181	88	159.023	0
4.905	1	29	105	186.627	0
4.906	1	182	106	126.142	0
1.689	1	43	89	331.521	0
1.69	1	84	90	200.978	0
4.908	1	96	108	227.085	0
1.691	1	183	91	760.621	0
1.692	1	44	92	347.859	0
4.909	1	42	109	415.452	0
4.91	1	165	110	3800.56	0
1.693	1	77	93	416.22	0
1.694	1	31	94	303.083	0
4.911	1	69	111	6390.35	0
4.912	1	88	112	423.171	0
1.695	1	57	95	166.639	0
1.696	1	172	96	127.91	0
4.913	1	188	113	760.75	0
4.914	1	152	114	496.762	0
1.697	1	47	97	571.708	0
1.698	1	187	98	275.51	0
4.915	1	162	115	33.4037	0
4.916	1	11	116	652.791	0
1.699	1	180	99	28.54	0
1.7	1	147	100	4238.6	0
4.917	1	139	117	2357.88	0
4.918	1	98	118	465.431	0
1.701	1	46	101	547.387	0
1.702	1	155	102	161.66	0
4.919	1	23	119	324.095	0
4.92	1	10	120	2191.44	0
1.703	1	21	103	246.295	0
1.704	1	6	104	229.981	0
4.921	1	12	121	305.855	0
4.922	1	120	122	1794.65	0
1.705	1	29	105	117.74	0
1.706	1	182	106	248.929	0
4.923	1	150	123	152.534	0
4.924	1	8	124	118.569	0
1.708	1	96	108	241.401	0
4.925	1	16	125	668.105	0
4.926	1	169	126	49.3116	0
1.709	1	42	109	523.506	0
1.71	1	165	110	2116.35	0
4.927	1	94	127	176.291	0
4.928	1	170	128	3278.04	0
1.711	1	69	111	11325.1	0
1.712	1	88	112	545.67	0
4.929	1	54	129	50.5318	0
4.93	1	125	130	208.131	0
1.713	1	188	113	811.925	0
1.714	1	152	114	806.391	0
4.931	1	90	131	961.589	0
4.932	1	134	132	91.6056	0
1.715	1	162	115	102.464	0
1.716	1	11	116	726.893	0
4.933	1	186	133	1159.4	0
4.934	1	67	134	18704.2	0
1.717	1	139	117	549.914	0
4.935	1	102	135	11010.7	0
1.718	1	98	118	113.007	0
4.936	1	63	136	3974.99	0
1.719	1	23	119	328.039	0
4.937	1	145	137	1765.55	0
1.72	1	10	120	874.64	0
4.938	1	127	138	93.3029	0
1.721	1	12	121	173.343	0
1.722	1	120	122	1652.71	0
4.94	1	154	140	1415.55	0
4.941	1	20	141	80.1043	0
1.723	1	150	123	108.933	0
4.942	1	52	142	130.051	0
1.724	1	8	124	94.7963	0
4.943	1	138	143	700.644	0
1.725	1	16	125	201.24	0
4.944	1	83	144	47.9067	0
1.726	1	169	126	74.7943	0
4.945	1	5	145	2736.58	0
1.727	1	94	127	114.146	0
4.946	1	109	146	258.986	0
1.728	1	170	128	1521.26	0
4.947	1	33	147	795.077	0
1.729	1	54	129	78.8023	0
4.948	1	123	148	51.6211	0
1.73	1	125	130	58.7728	0
4.949	1	99	149	622.919	0
1.731	1	90	131	508.295	0
4.95	1	104	150	68.7749	0
1.732	1	134	132	69.4808	0
4.951	1	113	151	2237.59	0
1.733	1	186	133	924.721	0
4.952	1	106	152	202.668	0
1.734	1	67	134	4674	0
4.953	1	65	153	52.3434	0
4.954	1	129	154	224.817	0
1.735	1	102	135	3188.85	0
1.736	1	63	136	3021.47	0
4.955	1	199	155	228.173	0
1.737	1	145	137	1096.84	0
1.738	1	127	138	99.3354	0
1.74	1	154	140	760.372	0
1.741	1	20	141	98.3189	0
1.742	1	52	142	105.977	0
1.743	1	138	143	423.664	0
1.744	1	83	144	95.407	0
4.963	1	64	163	112.27	0
4.964	1	59	164	1081.34	0
1.745	1	5	145	1651.22	0
1.746	1	109	146	156.981	0
4.965	1	114	165	230.275	0
4.966	1	198	166	141.268	0
1.747	1	33	147	1384.99	0
1.748	1	123	148	73.6769	0
4.967	1	41	167	331.723	0
4.968	1	56	168	381.982	0
1.749	1	99	149	312.552	0
1.75	1	104	150	135.729	0
4.969	1	190	169	88.3819	0
4.97	1	75	170	166.751	0
1.751	1	113	151	1071.29	0
1.752	1	106	152	145.897	0
4.971	1	87	171	1082.58	0
4.972	1	26	172	3877.02	0
1.753	1	65	153	107.35	0
1.754	1	129	154	305.671	0
4.973	1	15	173	243.905	0
4.974	1	7	174	74.6814	0
1.755	1	199	155	180.119	0
4.975	1	164	175	499.865	0
4.976	1	191	176	262.231	0
4.977	1	131	177	366.137	0
4.978	1	122	178	336.634	0
1.763	1	64	163	241.484	0
1.764	1	59	164	664.776	0
1.765	1	114	165	110.858	0
1.766	1	198	166	118.058	0
4.985	1	71	185	108.065	0
4.986	1	76	186	151.378	0
1.767	1	41	167	284.891	0
1.768	1	56	168	151.727	0
4.987	1	82	187	4240.28	0
4.988	1	184	188	344.494	0
1.769	1	190	169	138.74	0
4.989	1	68	189	207.24	0
1.77	1	75	170	88.5797	0
4.99	1	177	190	65.8173	0
1.771	1	87	171	965.959	0
4.991	1	24	191	181.102	0
1.772	1	26	172	2707.49	0
4.992	1	117	192	100.961	0
1.773	1	15	173	121.489	0
4.993	1	159	193	1163.08	0
1.774	1	7	174	261.942	0
4.994	1	22	194	318.899	0
1.775	1	164	175	271.534	0
4.995	1	137	195	254.425	0
1.776	1	191	176	56.222	0
4.996	1	156	196	228.192	0
1.777	1	131	177	573.18	0
4.997	1	25	197	270.271	0
1.778	1	122	178	431.115	0
4.998	1	50	198	199.018	0
4.999	1	60	199	177.557	0
5	1	36	200	740.86	0
5.001	1	78	201	216.865	0
5.002	1	128	202	163.936	0
5.003	1	144	203	1389.72	0
5.004	1	178	204	165.37	0
1.785	1	71	185	83.0723	0
1.786	1	76	186	112.234	0
5.005	1	192	205	140.886	0
5.006	1	146	206	402.204	0
1.787	1	82	187	7333.15	0
1.788	1	184	188	313.753	0
5.007	1	140	207	482.669	0
5.008	1	45	208	109.125	0
1.789	1	68	189	81.644	0
1.79	1	177	190	200.256	0
5.009	1	130	209	141.298	0
5.01	1	161	210	389.032	0
1.791	1	24	191	210.791	0
1.792	1	117	192	101.388	0
5.011	1	153	211	160.265	0
5.012	1	124	212	266.448	0
1.793	1	159	193	1038.68	0
5.013	1	167	213	333.699	0
1.794	1	22	194	1010.83	0
5.014	1	81	214	1037.68	0
1.795	1	137	195	107.02	0
5.015	1	185	215	204.511	0
1.796	1	156	196	58.0838	0
1.797	1	25	197	137.616	0
1.798	1	50	198	104.241	0
1.799	1	60	199	78.3247	0
1.8	1	36	200	716.321	0
1.801	1	78	201	124.926	0
1.802	1	128	202	364.927	0
1.803	1	144	203	2119.72	0
1.804	1	178	204	139.682	0
1.805	1	192	205	70.5425	0
1.806	1	146	206	303.508	0
1.807	1	140	207	509.819	0
1.808	1	45	208	69.4201	0
1.809	1	130	209	83.9566	0
1.81	1	161	210	526.153	0
1.811	1	153	211	73.8721	0
1.812	1	124	212	342.937	0
1.813	1	167	213	266.257	0
1.814	1	81	214	887.176	0
1.815	1	185	215	321.908	0
5.121	1	143	1	228.428	0
5.122	1	70	2	126.598	0
5.123	1	110	3	240.914	0
5.124	1	13	4	78.5723	0
5.125	1	66	5	271.301	0
5.126	1	72	6	111.517	0
5.127	1	103	7	701.464	0
5.128	1	92	8	1259.81	0
5.129	1	157	9	162.788	0
5.13	1	27	10	86.7197	0
5.131	1	58	11	3890.34	0
5.132	1	115	12	470.121	0
5.133	1	48	13	302.379	0
5.134	1	37	14	1647.44	0
5.135	1	135	15	222.949	0
5.136	1	193	16	307.699	0
5.137	1	197	17	320.486	0
5.138	1	38	18	135.455	0
5.139	1	189	19	677.861	0
5.14	1	40	20	10596.4	0
1.921	1	143	1	494.559	0
1.922	1	70	2	201.354	0
5.141	1	142	21	434.382	0
5.142	1	86	22	590.852	0
1.923	1	110	3	193.21	0
1.924	1	13	4	60.4977	0
5.143	1	100	23	4349.07	0
5.144	1	166	24	114.9	0
1.925	1	66	5	138.962	0
5.145	1	118	25	391.706	0
1.926	1	72	6	168.709	0
5.146	1	49	26	467.458	0
1.927	1	103	7	551.342	0
5.147	1	196	27	271.968	0
1.928	1	92	8	2422.74	0
5.148	1	119	28	111.162	0
1.929	1	157	9	513.38	0
5.149	1	200	29	538.712	0
1.93	1	27	10	112.233	0
5.15	1	55	30	122.891	0
1.931	1	58	11	7300.65	0
5.151	1	95	31	86.1036	0
1.932	1	115	12	263.702	0
5.152	1	107	32	91.2567	0
1.933	1	48	13	196.509	0
5.153	1	101	33	227.488	0
1.934	1	37	14	3744.85	0
5.154	1	116	34	2181.64	0
1.935	1	135	15	411.783	0
5.155	1	61	35	81.9197	0
1.936	1	193	16	193.85	0
5.156	1	111	36	461.444	0
1.937	1	197	17	178.986	0
5.157	1	3	37	53.2036	0
1.938	1	38	18	107.671	0
5.158	1	4	38	153.059	0
5.159	1	195	39	269.638	0
1.939	1	189	19	1779.04	0
5.16	1	30	40	211.329	0
1.94	1	40	20	5556.36	0
1.941	1	142	21	301.23	0
5.161	1	91	41	108.399	0
1.942	1	86	22	467.991	0
5.162	1	35	42	286.904	0
5.163	1	19	43	190.924	0
1.943	1	100	23	1691.93	0
5.164	1	176	44	130.279	0
1.944	1	166	24	170.812	0
5.165	1	32	45	102.483	0
1.945	1	118	25	1088.13	0
1.946	1	49	26	329.227	0
5.166	1	126	46	358.965	0
5.167	1	151	47	3422.27	0
1.947	1	196	27	302.775	0
5.168	1	160	48	179.789	0
1.948	1	119	28	97.0724	0
5.169	1	79	49	2126.86	0
1.949	1	200	29	155.602	0
5.17	1	171	50	63.2684	0
1.95	1	55	30	75.5268	0
5.171	1	175	51	3908.11	0
1.951	1	95	31	238.273	0
5.172	1	17	52	265.962	0
1.952	1	107	32	37.6366	0
1.953	1	101	33	216.116	0
5.173	1	174	53	108.065	0
1.954	1	116	34	4250.08	0
5.174	1	74	54	240.667	0
1.955	1	61	35	180.024	0
5.175	1	39	55	96.107	0
1.956	1	111	36	375.491	0
5.176	1	179	56	99.2282	0
1.957	1	3	37	61.3678	0
5.177	1	194	57	339.31	0
1.958	1	4	38	301.019	0
5.178	1	28	58	450.995	0
1.959	1	195	39	365.317	0
5.179	1	80	59	35.2675	0
1.96	1	30	40	189.751	0
5.18	1	105	60	136.231	0
1.961	1	91	41	220.429	0
5.181	1	168	61	2369.79	0
1.962	1	35	42	286.357	0
5.182	1	73	62	2325.26	0
5.183	1	141	63	125.128	0
1.963	1	19	43	69.5808	0
5.184	1	53	64	251.016	0
1.964	1	176	44	395.156	0
1.965	1	32	45	222.02	0
5.185	1	163	65	197.85	0
1.966	1	126	46	160.23	0
5.186	1	62	66	137.886	0
1.967	1	151	47	2873.19	0
5.187	1	89	67	804.512	0
1.968	1	160	48	275.513	0
5.188	1	173	68	292.939	0
1.969	1	79	49	1145.2	0
5.189	1	112	69	303.793	0
1.97	1	171	50	90.4132	0
5.19	1	93	70	161.145	0
1.971	1	175	51	10450.5	0
5.191	1	136	71	26.8505	0
1.972	1	17	52	200.244	0
5.192	1	121	72	169.807	0
1.973	1	174	53	54.9159	0
5.193	1	85	73	206.423	0
1.974	1	74	54	318.623	0
5.194	1	2	74	88.9045	0
1.975	1	39	55	150.737	0
5.195	1	158	75	3159.94	0
1.976	1	179	56	68.9583	0
5.196	1	14	76	103.767	0
1.977	1	194	57	273.487	0
5.197	1	1	77	730.233	0
1.978	1	28	58	569.98	0
5.198	1	133	78	323.289	0
1.979	1	80	59	77.4318	0
5.199	1	34	79	64.0886	0
1.98	1	105	60	70.5722	0
5.2	1	18	80	48.3866	0
1.981	1	168	61	1709.43	0
5.201	1	149	81	1595.14	0
1.982	1	73	62	4869.67	0
5.202	1	108	82	415.615	0
1.983	1	141	63	203.792	0
5.203	1	97	83	4259.72	0
1.984	1	53	64	325.457	0
5.204	1	148	84	61.0268	0
1.985	1	163	65	158.041	0
5.205	1	51	85	373.601	0
1.986	1	62	66	315.615	0
5.206	1	9	86	364.606	0
1.987	1	89	67	1266.22	0
5.207	1	132	87	365.271	0
1.988	1	173	68	280.846	0
5.208	1	181	88	124.442	0
1.989	1	112	69	403.817	0
5.209	1	43	89	158.639	0
1.99	1	93	70	132.077	0
5.21	1	84	90	158.653	0
1.991	1	136	71	112.161	0
5.211	1	183	91	805.498	0
1.992	1	121	72	190.376	0
5.212	1	44	92	192.858	0
1.993	1	85	73	91.0397	0
5.213	1	77	93	198.808	0
1.994	1	2	74	97.3146	0
5.214	1	31	94	1036.83	0
1.995	1	158	75	1485.3	0
5.215	1	57	95	246.664	0
1.996	1	14	76	866.205	0
5.216	1	172	96	159.392	0
1.997	1	1	77	256.493	0
5.217	1	47	97	221.143	0
1.998	1	133	78	122.181	0
5.218	1	187	98	239.037	0
1.999	1	34	79	155.23	0
5.219	1	180	99	119.593	0
2	1	18	80	75.2794	0
5.22	1	147	100	23466.2	0
2.001	1	149	81	1898.82	0
5.221	1	46	101	242.249	0
2.002	1	108	82	177.823	0
5.222	1	155	102	127.899	0
2.003	1	97	83	5620.82	0
5.223	1	21	103	407.82	0
2.004	1	148	84	96.2837	0
5.224	1	6	104	256.607	0
2.005	1	51	85	645.598	0
5.225	1	29	105	88.4672	0
2.006	1	9	86	324.385	0
5.226	1	182	106	196.109	0
2.007	1	132	87	168.606	0
2.008	1	181	88	84.331	0
5.228	1	96	108	206.516	0
2.009	1	43	89	135.166	0
5.229	1	42	109	190.778	0
2.01	1	84	90	102.682	0
5.23	1	165	110	1202.88	0
2.011	1	183	91	449.625	0
5.231	1	69	111	3631.35	0
2.012	1	44	92	213.559	0
5.232	1	88	112	808.193	0
2.013	1	77	93	403.106	0
2.014	1	31	94	822.396	0
5.233	1	188	113	1719.08	0
5.234	1	152	114	797.097	0
2.015	1	57	95	140.95	0
2.016	1	172	96	72.8356	0
5.235	1	162	115	164.743	0
5.236	1	11	116	399.1	0
2.017	1	47	97	602.48	0
2.018	1	187	98	104.034	0
5.237	1	139	117	1458.14	0
5.238	1	98	118	88.8614	0
2.019	1	180	99	66.6419	0
2.02	1	147	100	11145	0
5.239	1	23	119	359.525	0
5.24	1	10	120	2964.17	0
2.021	1	46	101	215.882	0
2.022	1	155	102	88.8371	0
5.241	1	12	121	127.379	0
2.023	1	21	103	369.084	0
5.242	1	120	122	1695.1	0
2.024	1	6	104	214.563	0
5.243	1	150	123	119.814	0
2.025	1	29	105	51.93	0
5.244	1	8	124	63.1025	0
2.026	1	182	106	248.906	0
5.245	1	16	125	218.734	0
5.246	1	169	126	45.6611	0
2.028	1	96	108	115.101	0
5.247	1	94	127	138.208	0
2.029	1	42	109	532.746	0
5.248	1	170	128	1548.84	0
2.03	1	165	110	1810.72	0
5.249	1	54	129	66.9964	0
2.031	1	69	111	2272.97	0
5.25	1	125	130	110.697	0
2.032	1	88	112	214.313	0
5.251	1	90	131	213.988	0
2.033	1	188	113	1464.86	0
5.252	1	134	132	119.322	0
2.034	1	152	114	670.078	0
5.253	1	186	133	2557.47	0
2.035	1	162	115	80.4981	0
5.254	1	67	134	9406.67	0
2.036	1	11	116	736.059	0
5.255	1	102	135	10687.9	0
2.037	1	139	117	961.452	0
2.038	1	98	118	143.823	0
5.256	1	63	136	6210.36	0
2.039	1	23	119	206.411	0
5.257	1	145	137	1603.58	0
2.04	1	10	120	2121.6	0
5.258	1	127	138	127.044	0
2.041	1	12	121	233.917	0
5.26	1	154	140	446.393	0
2.042	1	120	122	1703.75	0
2.043	1	150	123	220.804	0
5.261	1	20	141	135.183	0
2.044	1	8	124	157.239	0
5.262	1	52	142	53.1052	0
5.263	1	138	143	396.002	0
2.045	1	16	125	201.799	0
5.264	1	83	144	58.7709	0
2.046	1	169	126	92.8665	0
5.265	1	5	145	1756.88	0
2.047	1	94	127	94.4585	0
2.048	1	170	128	1422.14	0
5.266	1	109	146	127.887	0
5.267	1	33	147	606.526	0
2.049	1	54	129	76.5251	0
5.268	1	123	148	34.2667	0
2.05	1	125	130	333.774	0
5.269	1	99	149	851.079	0
2.051	1	90	131	596.031	0
5.27	1	104	150	116.919	0
2.052	1	134	132	87.9912	0
5.271	1	113	151	1805.14	0
2.053	1	186	133	1290.07	0
5.272	1	106	152	141.534	0
2.054	1	67	134	4569.3	0
5.273	1	65	153	56.6452	0
2.055	1	102	135	9486.19	0
5.274	1	129	154	364.778	0
2.056	1	63	136	2465.85	0
5.275	1	199	155	214.452	0
2.057	1	145	137	1888.01	0
2.058	1	127	138	110.024	0
2.06	1	154	140	310.994	0
2.061	1	20	141	135.278	0
2.062	1	52	142	105.037	0
2.063	1	138	143	235.224	0
2.064	1	83	144	52.1142	0
5.283	1	64	163	99.1925	0
2.065	1	5	145	1167.36	0
5.284	1	59	164	916.846	0
2.066	1	109	146	236.694	0
5.285	1	114	165	248.994	0
2.067	1	33	147	3182.16	0
5.286	1	198	166	120.153	0
2.068	1	123	148	47.4134	0
5.287	1	41	167	415.128	0
2.069	1	99	149	471.014	0
5.288	1	56	168	104.251	0
2.07	1	104	150	97.9982	0
5.289	1	190	169	117.327	0
2.071	1	113	151	2541.71	0
5.29	1	75	170	409.89	0
2.072	1	106	152	86.1928	0
5.291	1	87	171	747.738	0
2.073	1	65	153	145.18	0
5.292	1	26	172	4469.98	0
2.074	1	129	154	483.88	0
5.293	1	15	173	79.2262	0
2.075	1	199	155	212.644	0
5.294	1	7	174	84.7576	0
5.295	1	164	175	458.844	0
5.296	1	191	176	158.442	0
5.297	1	131	177	207.989	0
5.298	1	122	178	164.196	0
2.083	1	64	163	137.585	0
2.084	1	59	164	511.48	0
2.085	1	114	165	538.484	0
2.086	1	198	166	117.31	0
5.305	1	71	185	118.073	0
5.306	1	76	186	142.829	0
2.087	1	41	167	531.869	0
2.088	1	56	168	185.228	0
5.307	1	82	187	6883.25	0
5.308	1	184	188	552.84	0
2.089	1	190	169	93.4078	0
2.09	1	75	170	118.253	0
5.309	1	68	189	61.6388	0
5.31	1	177	190	113.104	0
2.091	1	87	171	980.086	0
2.092	1	26	172	3672.69	0
5.311	1	24	191	153.641	0
5.312	1	117	192	84.6073	0
2.093	1	15	173	126.983	0
2.094	1	7	174	171.683	0
5.313	1	159	193	3278.49	0
5.314	1	22	194	353.595	0
2.095	1	164	175	186.198	0
2.096	1	191	176	224.469	0
5.315	1	137	195	185.856	0
5.316	1	156	196	107.613	0
2.097	1	131	177	424.763	0
2.098	1	122	178	128.186	0
5.317	1	25	197	389.638	0
5.318	1	50	198	135.067	0
5.319	1	60	199	124.584	0
5.32	1	36	200	282.953	0
5.321	1	78	201	177.821	0
5.322	1	128	202	257.881	0
5.323	1	144	203	1868	0
5.324	1	178	204	258.117	0
2.105	1	71	185	191.453	0
5.325	1	192	205	67.9147	0
2.106	1	76	186	237.836	0
5.326	1	146	206	309.924	0
2.107	1	82	187	2270.01	0
2.108	1	184	188	477.744	0
5.327	1	140	207	281.742	0
5.328	1	45	208	92.4692	0
2.109	1	68	189	93.5785	0
5.329	1	130	209	136.117	0
2.11	1	177	190	104.357	0
5.33	1	161	210	761.599	0
2.111	1	24	191	209.312	0
5.331	1	153	211	149.755	0
2.112	1	117	192	25.6061	0
5.332	1	124	212	225.476	0
2.113	1	159	193	3301.35	0
5.333	1	167	213	163.935	0
2.114	1	22	194	376.074	0
5.334	1	81	214	421.784	0
2.115	1	137	195	434.872	0
5.335	1	185	215	128.772	0
2.116	1	156	196	193.122	0
2.117	1	25	197	216.262	0
2.118	1	50	198	164.388	0
2.119	1	60	199	62.3363	0
2.12	1	36	200	520.209	0
2.121	1	78	201	90.5456	0
2.122	1	128	202	642.768	0
2.123	1	144	203	1182.33	0
2.124	1	178	204	140.705	0
2.125	1	192	205	104.044	0
2.126	1	146	206	471.829	0
2.127	1	140	207	624.035	0
2.128	1	45	208	60.3654	0
2.129	1	130	209	152.449	0
2.13	1	161	210	208.585	0
2.131	1	153	211	215.595	0
2.132	1	124	212	254.626	0
2.133	1	167	213	102.239	0
2.134	1	81	214	655.139	0
2.135	1	185	215	237.989	0
5.441	1	143	1	206.831	0
5.442	1	70	2	118.407	0
5.443	1	110	3	313.974	0
5.444	1	13	4	65.0817	0
5.445	1	66	5	148.973	0
5.446	1	72	6	101.451	0
5.447	1	103	7	854.829	0
5.448	1	92	8	1950.44	0
5.449	1	157	9	351.015	0
5.45	1	27	10	173.93	0
5.451	1	58	11	5241.17	0
5.452	1	115	12	460.275	0
5.453	1	48	13	319.126	0
5.454	1	37	14	5977.71	0
5.455	1	135	15	434.413	0
5.456	1	193	16	80.7505	0
5.457	1	197	17	261.112	0
5.458	1	38	18	115.563	0
5.459	1	189	19	469.668	0
5.46	1	40	20	4509.64	0
2.241	1	143	1	336.758	0
5.461	1	142	21	300.928	0
2.242	1	70	2	87.4325	0
5.462	1	86	22	991.934	0
2.243	1	110	3	110.179	0
5.463	1	100	23	2733.13	0
2.244	1	13	4	57.6926	0
5.464	1	166	24	116.418	0
2.245	1	66	5	170.632	0
5.465	1	118	25	602.096	0
2.246	1	72	6	80.6615	0
5.466	1	49	26	361.465	0
2.247	1	103	7	685.276	0
5.467	1	196	27	289.622	0
2.248	1	92	8	1492.1	0
5.468	1	119	28	208.274	0
2.249	1	157	9	150.203	0
5.469	1	200	29	236.021	0
2.25	1	27	10	159.936	0
5.47	1	55	30	41.1152	0
5.471	1	95	31	331.213	0
2.251	1	58	11	8025.17	0
5.472	1	107	32	57.5451	0
2.252	1	115	12	199.95	0
5.473	1	101	33	96.0692	0
2.253	1	48	13	414.082	0
5.474	1	116	34	831.796	0
2.254	1	37	14	3214.55	0
2.255	1	135	15	611.179	0
5.475	1	61	35	98.6086	0
2.256	1	193	16	179.46	0
5.476	1	111	36	595.254	0
2.257	1	197	17	286.773	0
5.477	1	3	37	74.583	0
2.258	1	38	18	100.944	0
5.478	1	4	38	96.0844	0
2.259	1	189	19	2453.65	0
5.479	1	195	39	271.9	0
2.26	1	40	20	15466.8	0
5.48	1	30	40	356.361	0
2.261	1	142	21	569.198	0
5.481	1	91	41	178.843	0
2.262	1	86	22	354.067	0
5.482	1	35	42	109.238	0
2.263	1	100	23	1565.99	0
5.483	1	19	43	184.765	0
2.264	1	166	24	171.534	0
5.484	1	176	44	437.675	0
2.265	1	118	25	637.552	0
5.485	1	32	45	315.496	0
2.266	1	49	26	574.426	0
5.486	1	126	46	274.489	0
2.267	1	196	27	194.886	0
5.487	1	151	47	2810.47	0
2.268	1	119	28	93.1896	0
5.488	1	160	48	415.909	0
2.269	1	200	29	96.1218	0
5.489	1	79	49	1198.56	0
2.27	1	55	30	142.079	0
5.49	1	171	50	37.12	0
2.271	1	95	31	81.2782	0
5.491	1	175	51	2725.77	0
2.272	1	107	32	57.2272	0
5.492	1	17	52	260.768	0
5.493	1	174	53	76.0924	0
2.273	1	101	33	130.815	0
5.494	1	74	54	616.303	0
2.274	1	116	34	1935.54	0
5.495	1	39	55	231.213	0
2.275	1	61	35	134.496	0
5.496	1	179	56	45.025	0
2.276	1	111	36	352.389	0
2.277	1	3	37	67.9804	0
5.497	1	194	57	592.924	0
2.278	1	4	38	350.243	0
5.498	1	28	58	331.469	0
2.279	1	195	39	142.857	0
5.499	1	80	59	25.9882	0
2.28	1	30	40	170.428	0
5.5	1	105	60	118.289	0
2.281	1	91	41	176.087	0
2.282	1	35	42	303.533	0
5.501	1	168	61	606.111	0
5.502	1	73	62	6580.08	0
2.283	1	19	43	71.7178	0
2.284	1	176	44	218.208	0
5.503	1	141	63	145.917	0
5.504	1	53	64	130.358	0
2.285	1	32	45	202.446	0
2.286	1	126	46	273.999	0
5.505	1	163	65	131.043	0
5.506	1	62	66	311.211	0
2.287	1	151	47	3445.34	0
2.288	1	160	48	439.184	0
5.507	1	89	67	940.204	0
2.289	1	79	49	3463.61	0
5.508	1	173	68	252.368	0
2.29	1	171	50	74.0179	0
5.509	1	112	69	1259.03	0
2.291	1	175	51	3489.24	0
5.51	1	93	70	144.745	0
2.292	1	17	52	486.159	0
5.511	1	136	71	131.917	0
2.293	1	174	53	67.0951	0
5.512	1	121	72	288.364	0
2.294	1	74	54	505.718	0
2.295	1	39	55	230.797	0
5.513	1	85	73	257.348	0
2.296	1	179	56	86.4271	0
5.514	1	2	74	90.5619	0
2.297	1	194	57	1285.81	0
5.515	1	158	75	2239.6	0
2.298	1	28	58	412.612	0
5.516	1	14	76	446.261	0
2.299	1	80	59	82.4579	0
5.517	1	1	77	277.549	0
2.3	1	105	60	224.535	0
5.518	1	133	78	215.274	0
2.301	1	168	61	3111.5	0
5.519	1	34	79	97.1043	0
2.302	1	73	62	4431.32	0
5.52	1	18	80	86.2205	0
2.303	1	141	63	189.922	0
5.521	1	149	81	3174.04	0
2.304	1	53	64	110.135	0
5.522	1	108	82	504.441	0
2.305	1	163	65	128.759	0
5.523	1	97	83	6009.03	0
2.306	1	62	66	128.618	0
5.524	1	148	84	25.6851	0
2.307	1	89	67	486.754	0
5.525	1	51	85	673.006	0
2.308	1	173	68	120.033	0
5.526	1	9	86	367.354	0
2.309	1	112	69	1116.38	0
5.527	1	132	87	188.117	0
2.31	1	93	70	81.502	0
5.528	1	181	88	284.146	0
5.529	1	43	89	279.308	0
2.311	1	136	71	111.882	0
5.53	1	84	90	270.027	0
2.312	1	121	72	151.139	0
5.531	1	183	91	1394.79	0
2.313	1	85	73	144.703	0
5.532	1	44	92	453.898	0
2.314	1	2	74	37.6785	0
5.533	1	77	93	606.146	0
2.315	1	158	75	2529.48	0
5.534	1	31	94	265.775	0
2.316	1	14	76	497.82	0
5.535	1	57	95	134.936	0
2.317	1	1	77	180.547	0
5.536	1	172	96	165.708	0
2.318	1	133	78	217.994	0
5.537	1	47	97	273.348	0
2.319	1	34	79	138.417	0
5.538	1	187	98	353.532	0
2.32	1	18	80	135.167	0
2.321	1	149	81	1633.82	0
5.539	1	180	99	169.483	0
2.322	1	108	82	489.331	0
5.54	1	147	100	4499.76	0
2.323	1	97	83	8888.32	0
5.541	1	46	101	391.887	0
2.324	1	148	84	55.2868	0
5.542	1	155	102	194.346	0
2.325	1	51	85	802.737	0
5.543	1	21	103	244.909	0
2.326	1	9	86	91.3944	0
5.544	1	6	104	132.616	0
2.327	1	132	87	84.5716	0
5.545	1	29	105	71.7979	0
5.546	1	182	106	286.107	0
2.328	1	181	88	91.5083	0
2.329	1	43	89	270.704	0
5.548	1	96	108	254.974	0
2.33	1	84	90	120.783	0
5.549	1	42	109	232.574	0
2.331	1	183	91	975.797	0
5.55	1	165	110	895.692	0
2.332	1	44	92	175.55	0
5.551	1	69	111	4024.3	0
2.333	1	77	93	292.572	0
5.552	1	88	112	582.38	0
2.334	1	31	94	484.533	0
5.553	1	188	113	640.435	0
2.335	1	57	95	142.44	0
5.554	1	152	114	409.68	0
2.336	1	172	96	167.205	0
5.555	1	162	115	75.9696	0
2.337	1	47	97	1397.87	0
5.556	1	11	116	898.736	0
2.338	1	187	98	288.486	0
5.557	1	139	117	3374.9	0
2.339	1	180	99	42.9325	0
5.558	1	98	118	79.2811	0
2.34	1	147	100	4151.23	0
5.559	1	23	119	270.614	0
2.341	1	46	101	428.889	0
5.56	1	10	120	2085.12	0
2.342	1	155	102	262.755	0
5.561	1	12	121	444.512	0
2.343	1	21	103	251.902	0
5.562	1	120	122	930.625	0
2.344	1	6	104	105.555	0
5.563	1	150	123	250.972	0
2.345	1	29	105	168.777	0
5.564	1	8	124	175.464	0
2.346	1	182	106	844.287	0
5.565	1	16	125	379.266	0
5.566	1	169	126	157.055	0
2.348	1	96	108	152.953	0
5.567	1	94	127	287.675	0
5.568	1	170	128	2084.26	0
2.349	1	42	109	584.788	0
2.35	1	165	110	2498.78	0
5.569	1	54	129	40.4781	0
5.57	1	125	130	418.465	0
2.351	1	69	111	6409.76	0
2.352	1	88	112	1034.55	0
5.571	1	90	131	476.503	0
5.572	1	134	132	109.66	0
2.353	1	188	113	992.67	0
2.354	1	152	114	599.465	0
5.573	1	186	133	1947.73	0
5.574	1	67	134	6342.59	0
2.355	1	162	115	211.951	0
2.356	1	11	116	407.239	0
5.575	1	102	135	10739.5	0
5.576	1	63	136	3263.98	0
2.357	1	139	117	1457.91	0
2.358	1	98	118	136.112	0
5.577	1	145	137	565.942	0
5.578	1	127	138	207.849	0
2.359	1	23	119	415.654	0
2.36	1	10	120	1653.31	0
5.58	1	154	140	351.322	0
2.361	1	12	121	315.515	0
2.362	1	120	122	2631.9	0
5.581	1	20	141	183.936	0
5.582	1	52	142	97.9423	0
2.363	1	150	123	301.321	0
2.364	1	8	124	181.958	0
5.583	1	138	143	501.226	0
5.584	1	83	144	105.975	0
2.365	1	16	125	537.493	0
2.366	1	169	126	75.9697	0
5.585	1	5	145	1209.55	0
5.586	1	109	146	171.723	0
2.367	1	94	127	99.3442	0
2.368	1	170	128	3285.25	0
5.587	1	33	147	936.251	0
5.588	1	123	148	31.882	0
2.369	1	54	129	100.372	0
2.37	1	125	130	222.87	0
5.589	1	99	149	607.007	0
5.59	1	104	150	284.463	0
2.371	1	90	131	564.986	0
2.372	1	134	132	115.254	0
5.591	1	113	151	3675.5	0
5.592	1	106	152	106.822	0
2.373	1	186	133	663.003	0
5.593	1	65	153	91.9713	0
2.374	1	67	134	4774.26	0
5.594	1	129	154	579.54	0
2.375	1	102	135	5795.98	0
5.595	1	199	155	104.874	0
2.376	1	63	136	3206.35	0
2.377	1	145	137	1587.99	0
2.378	1	127	138	68.5941	0
2.38	1	154	140	291.103	0
2.381	1	20	141	99.064	0
2.382	1	52	142	69.9315	0
5.603	1	64	163	351.41	0
2.383	1	138	143	360.467	0
5.604	1	59	164	1173.94	0
2.384	1	83	144	55.4547	0
5.605	1	114	165	168.603	0
2.385	1	5	145	1997.37	0
5.606	1	198	166	77.3184	0
2.386	1	109	146	231.891	0
5.607	1	41	167	419.927	0
5.608	1	56	168	122.182	0
2.387	1	33	147	1584.95	0
2.388	1	123	148	38.501	0
5.609	1	190	169	140.316	0
5.61	1	75	170	211.349	0
2.389	1	99	149	734.009	0
2.39	1	104	150	186.838	0
5.611	1	87	171	775.604	0
5.612	1	26	172	5989.61	0
2.391	1	113	151	1604.44	0
2.392	1	106	152	129.065	0
5.613	1	15	173	62.3055	0
5.614	1	7	174	114.075	0
2.393	1	65	153	176.37	0
2.394	1	129	154	574.306	0
5.615	1	164	175	440.964	0
5.616	1	191	176	181.192	0
2.395	1	199	155	189.235	0
5.617	1	131	177	118.792	0
5.618	1	122	178	153.617	0
2.403	1	64	163	538.581	0
5.625	1	71	185	102.742	0
2.404	1	59	164	826.1	0
5.626	1	76	186	221.9	0
2.405	1	114	165	329.642	0
5.627	1	82	187	13140.7	0
2.406	1	198	166	210.014	0
5.628	1	184	188	325.575	0
2.407	1	41	167	545.939	0
5.629	1	68	189	27.6244	0
2.408	1	56	168	184.034	0
5.63	1	177	190	147.306	0
2.409	1	190	169	44.6268	0
5.631	1	24	191	205.673	0
2.41	1	75	170	186.082	0
5.632	1	117	192	123.246	0
2.411	1	87	171	268.612	0
5.633	1	159	193	2451.52	0
2.412	1	26	172	10448.5	0
5.634	1	22	194	556.132	0
2.413	1	15	173	72.9449	0
5.635	1	137	195	349.175	0
2.414	1	7	174	332.872	0
5.636	1	156	196	233.923	0
2.415	1	164	175	638.314	0
5.637	1	25	197	221.836	0
5.638	1	50	198	179.567	0
2.416	1	191	176	190.031	0
5.639	1	60	199	67.7822	0
2.417	1	131	177	411.349	0
5.64	1	36	200	292.852	0
2.418	1	122	178	245.408	0
5.641	1	78	201	147.307	0
5.642	1	128	202	231.291	0
5.643	1	144	203	1997.85	0
5.644	1	178	204	98.9963	0
5.645	1	192	205	59.7756	0
5.646	1	146	206	382.001	0
5.647	1	140	207	514.463	0
2.425	1	71	185	95.1609	0
5.648	1	45	208	70.5777	0
2.426	1	76	186	118.056	0
5.649	1	130	209	156.572	0
2.427	1	82	187	2943.95	0
5.65	1	161	210	916.332	0
2.428	1	184	188	253.181	0
2.429	1	68	189	55.1931	0
5.651	1	153	211	247.961	0
5.652	1	124	212	357.67	0
2.43	1	177	190	224.48	0
5.653	1	167	213	154.715	0
2.431	1	24	191	152.124	0
5.654	1	81	214	241.072	0
2.432	1	117	192	115.405	0
5.655	1	185	215	613.015	0
2.433	1	159	193	1551.35	0
2.434	1	22	194	268.843	0
2.435	1	137	195	261.191	0
2.436	1	156	196	93.6753	0
2.437	1	25	197	430.29	0
2.438	1	50	198	215.734	0
2.439	1	60	199	86.1731	0
2.44	1	36	200	1071.68	0
2.441	1	78	201	221.351	0
2.442	1	128	202	336.492	0
2.443	1	144	203	2125.18	0
2.444	1	178	204	87.4456	0
2.445	1	192	205	59.9838	0
2.446	1	146	206	590.239	0
2.447	1	140	207	470.58	0
2.448	1	45	208	78.6172	0
2.449	1	130	209	212.572	0
2.45	1	161	210	647.09	0
2.451	1	153	211	245.29	0
2.452	1	124	212	308.047	0
2.453	1	167	213	203.136	0
2.454	1	81	214	1667.55	0
2.455	1	185	215	828.195	0
5.761	1	143	1	452.894	0
5.762	1	70	2	62.728	0
5.763	1	110	3	159.255	0
5.764	1	13	4	63.764	0
5.765	1	66	5	134.577	0
5.766	1	72	6	146.975	0
5.767	1	103	7	1789.61	0
5.768	1	92	8	1349.14	0
5.769	1	157	9	785.722	0
5.77	1	27	10	89.2787	0
5.771	1	58	11	4872.1	0
5.772	1	115	12	278.731	0
5.773	1	48	13	202.59	0
5.774	1	37	14	7975.21	0
5.775	1	135	15	334.856	0
5.776	1	193	16	158.42	0
5.777	1	197	17	414.164	0
5.778	1	38	18	88.7137	0
5.779	1	189	19	568.351	0
5.78	1	40	20	5021.42	0
5.781	1	142	21	687.712	0
5.782	1	86	22	658.866	0
2.561	1	143	1	295.256	0
2.562	1	70	2	111.59	0
5.783	1	100	23	2631.9	0
5.784	1	166	24	157.974	0
2.563	1	110	3	149.771	0
2.564	1	13	4	65.492	0
5.785	1	118	25	604.299	0
5.786	1	49	26	346.127	0
2.565	1	66	5	271.416	0
2.566	1	72	6	296.179	0
5.787	1	196	27	239.824	0
5.788	1	119	28	124.251	0
2.567	1	103	7	522.53	0
2.568	1	92	8	1246.41	0
5.789	1	200	29	198.712	0
5.79	1	55	30	108.008	0
2.569	1	157	9	453.925	0
2.57	1	27	10	33.4418	0
5.791	1	95	31	256.436	0
5.792	1	107	32	19.4489	0
2.571	1	58	11	1117.3	0
5.793	1	101	33	436.895	0
2.572	1	115	12	535.256	0
5.794	1	116	34	1372.11	0
2.573	1	48	13	241.627	0
5.795	1	61	35	119.529	0
2.574	1	37	14	1225.45	0
5.796	1	111	36	340.544	0
5.797	1	3	37	117.585	0
2.575	1	135	15	538.857	0
5.798	1	4	38	403.133	0
2.576	1	193	16	148.27	0
5.799	1	195	39	309.649	0
2.577	1	197	17	272.274	0
5.8	1	30	40	300.443	0
2.578	1	38	18	65.3885	0
5.801	1	91	41	338.567	0
2.579	1	189	19	833.11	0
5.802	1	35	42	137.98	0
2.58	1	40	20	7776.72	0
5.803	1	19	43	151.025	0
2.581	1	142	21	466.414	0
5.804	1	176	44	398.163	0
2.582	1	86	22	315.498	0
5.805	1	32	45	150.62	0
2.583	1	100	23	1087.28	0
5.806	1	126	46	87.9529	0
2.584	1	166	24	139.346	0
5.807	1	151	47	7556.81	0
2.585	1	118	25	538.929	0
5.808	1	160	48	316.599	0
2.586	1	49	26	360.863	0
5.809	1	79	49	2813.31	0
5.81	1	171	50	41.644	0
2.587	1	196	27	303.025	0
2.588	1	119	28	135.75	0
5.811	1	175	51	3666.83	0
5.812	1	17	52	397.513	0
2.589	1	200	29	119.958	0
2.59	1	55	30	91.5731	0
5.813	1	174	53	75.2701	0
5.814	1	74	54	485.513	0
2.591	1	95	31	139.112	0
5.815	1	39	55	169.804	0
2.592	1	107	32	86.4189	0
5.816	1	179	56	93.3474	0
2.593	1	101	33	296.271	0
5.817	1	194	57	1443.3	0
2.594	1	116	34	582.836	0
5.818	1	28	58	169.734	0
2.595	1	61	35	108.854	0
5.819	1	80	59	77.2039	0
2.596	1	111	36	246.485	0
5.82	1	105	60	125.591	0
2.597	1	3	37	54.6281	0
5.821	1	168	61	1729.45	0
2.598	1	4	38	588.092	0
5.822	1	73	62	8941.55	0
2.599	1	195	39	594.657	0
5.823	1	141	63	150.514	0
2.6	1	30	40	342.478	0
5.824	1	53	64	361.255	0
2.601	1	91	41	109.754	0
5.825	1	163	65	326.344	0
2.602	1	35	42	145.917	0
5.826	1	62	66	201.494	0
2.603	1	19	43	336.597	0
5.827	1	89	67	1613.93	0
2.604	1	176	44	343.491	0
5.828	1	173	68	437.26	0
2.605	1	32	45	140.607	0
5.829	1	112	69	713.438	0
2.606	1	126	46	231.127	0
5.83	1	93	70	109.977	0
2.607	1	151	47	5979.59	0
5.831	1	136	71	52.6387	0
2.608	1	160	48	397.997	0
5.832	1	121	72	139.87	0
2.609	1	79	49	1382.45	0
5.833	1	85	73	71.2305	0
2.61	1	171	50	87.7879	0
5.834	1	2	74	81.8049	0
2.611	1	175	51	2376.98	0
5.835	1	158	75	1743.9	0
2.612	1	17	52	225.813	0
5.836	1	14	76	335.099	0
2.613	1	174	53	56.5716	0
5.837	1	1	77	274.645	0
2.614	1	74	54	379.315	0
5.838	1	133	78	213.309	0
2.615	1	39	55	263.169	0
5.839	1	34	79	73.2997	0
2.616	1	179	56	45.6092	0
5.84	1	18	80	130.979	0
2.617	1	194	57	1334.63	0
5.841	1	149	81	1458.09	0
2.618	1	28	58	350.015	0
5.842	1	108	82	541.328	0
2.619	1	80	59	59.169	0
5.843	1	97	83	4657.22	0
2.62	1	105	60	159.313	0
5.844	1	148	84	114.189	0
5.845	1	51	85	920.545	0
2.621	1	168	61	2943.97	0
5.846	1	9	86	701.774	0
2.622	1	73	62	3362.55	0
2.623	1	141	63	132.772	0
5.847	1	132	87	473.513	0
2.624	1	53	64	124.282	0
5.848	1	181	88	102.805	0
2.625	1	163	65	160.909	0
5.849	1	43	89	369.658	0
2.626	1	62	66	189.095	0
5.85	1	84	90	489.982	0
2.627	1	89	67	792.144	0
5.851	1	183	91	617.555	0
2.628	1	173	68	159.463	0
5.852	1	44	92	222.681	0
2.629	1	112	69	572.707	0
5.853	1	77	93	655.03	0
2.63	1	93	70	127.016	0
5.854	1	31	94	1009.83	0
2.631	1	136	71	72.1421	0
5.855	1	57	95	100.399	0
2.632	1	121	72	117.397	0
5.856	1	172	96	181.657	0
2.633	1	85	73	72.2377	0
5.857	1	47	97	841.748	0
2.634	1	2	74	58.2713	0
5.858	1	187	98	363.354	0
2.635	1	158	75	2276.72	0
5.859	1	180	99	102.238	0
2.636	1	14	76	567.433	0
5.86	1	147	100	6980.32	0
2.637	1	1	77	367.953	0
5.861	1	46	101	150.957	0
2.638	1	133	78	166.231	0
5.862	1	155	102	172.129	0
2.639	1	34	79	106.256	0
5.863	1	21	103	223.591	0
2.64	1	18	80	71.1974	0
5.864	1	6	104	259.427	0
2.641	1	149	81	2408.84	0
5.865	1	29	105	92.5129	0
2.642	1	108	82	855.446	0
5.866	1	182	106	195.673	0
2.643	1	97	83	2273.87	0
2.644	1	148	84	44.1495	0
5.868	1	96	108	72.9084	0
2.645	1	51	85	338.419	0
5.869	1	42	109	422.309	0
2.646	1	9	86	321.682	0
5.87	1	165	110	1298.03	0
2.647	1	132	87	297.534	0
5.871	1	69	111	6883.59	0
2.648	1	181	88	44.6265	0
5.872	1	88	112	1081.04	0
2.649	1	43	89	211.125	0
5.873	1	188	113	2205.46	0
2.65	1	84	90	115.009	0
5.874	1	152	114	287.554	0
2.651	1	183	91	412.713	0
5.875	1	162	115	185.124	0
2.652	1	44	92	237.444	0
5.876	1	11	116	922.649	0
2.653	1	77	93	550.534	0
5.877	1	139	117	1344.44	0
2.654	1	31	94	554.607	0
5.878	1	98	118	141.952	0
2.655	1	57	95	101.282	0
5.879	1	23	119	407.748	0
2.656	1	172	96	196.413	0
5.88	1	10	120	3359	0
2.657	1	47	97	337.611	0
5.881	1	12	121	113.018	0
2.658	1	187	98	424.919	0
5.882	1	120	122	2381.7	0
2.659	1	180	99	156.16	0
5.883	1	150	123	235.069	0
2.66	1	147	100	5194.63	0
5.884	1	8	124	241.007	0
2.661	1	46	101	481.779	0
5.885	1	16	125	417.108	0
2.662	1	155	102	159.709	0
5.886	1	169	126	68.4807	0
2.663	1	21	103	305.442	0
5.887	1	94	127	169.485	0
2.664	1	6	104	216.414	0
5.888	1	170	128	666.006	0
2.665	1	29	105	60.743	0
5.889	1	54	129	86.0532	0
2.666	1	182	106	280.2	0
5.89	1	125	130	318.952	0
5.891	1	90	131	673.671	0
2.668	1	96	108	138.598	0
5.892	1	134	132	80.5208	0
2.669	1	42	109	255.041	0
5.893	1	186	133	1382.56	0
2.67	1	165	110	1361.52	0
5.894	1	67	134	7663.91	0
2.671	1	69	111	2716.6	0
5.895	1	102	135	2981.5	0
2.672	1	88	112	1019.76	0
5.896	1	63	136	2680.48	0
2.673	1	188	113	1374.12	0
5.897	1	145	137	803.51	0
2.674	1	152	114	885.8	0
5.898	1	127	138	184.174	0
2.675	1	162	115	246.094	0
2.676	1	11	116	625.864	0
5.9	1	154	140	689.792	0
2.677	1	139	117	1436.46	0
5.901	1	20	141	137.641	0
2.678	1	98	118	253.059	0
5.902	1	52	142	87.4694	0
2.679	1	23	119	264.241	0
5.903	1	138	143	660.219	0
2.68	1	10	120	1760.26	0
5.904	1	83	144	87.6902	0
5.905	1	5	145	1174.45	0
2.681	1	12	121	577.138	0
2.682	1	120	122	1612.35	0
5.906	1	109	146	304.861	0
2.683	1	150	123	54.1199	0
5.907	1	33	147	721.561	0
2.684	1	8	124	211.272	0
5.908	1	123	148	39.3258	0
5.909	1	99	149	1001.86	0
2.685	1	16	125	402.002	0
5.91	1	104	150	127.913	0
2.686	1	169	126	86.3959	0
5.911	1	113	151	1386.65	0
2.687	1	94	127	145.095	0
5.912	1	106	152	133.42	0
2.688	1	170	128	1515.43	0
2.689	1	54	129	83.1704	0
5.913	1	65	153	32.2437	0
2.69	1	125	130	224.632	0
5.914	1	129	154	350.008	0
5.915	1	199	155	176.638	0
2.691	1	90	131	574.543	0
2.692	1	134	132	191.206	0
2.693	1	186	133	1202.92	0
2.694	1	67	134	4621.43	0
2.695	1	102	135	2078.96	0
2.696	1	63	136	2780.21	0
2.697	1	145	137	1856.2	0
2.698	1	127	138	178.62	0
5.923	1	64	163	290.812	0
2.7	1	154	140	748.113	0
5.924	1	59	164	897.87	0
2.701	1	20	141	88.7916	0
5.925	1	114	165	268.017	0
2.702	1	52	142	139.947	0
5.926	1	198	166	75.917	0
2.703	1	138	143	201.465	0
5.927	1	41	167	413.202	0
2.704	1	83	144	46.7084	0
5.928	1	56	168	166.638	0
2.705	1	5	145	1060.23	0
5.929	1	190	169	110.068	0
2.706	1	109	146	457.797	0
5.93	1	75	170	158.522	0
2.707	1	33	147	1467.76	0
5.931	1	87	171	455.396	0
2.708	1	123	148	72.5549	0
5.932	1	26	172	9780.85	0
2.709	1	99	149	1048.13	0
5.933	1	15	173	135.972	0
2.71	1	104	150	61.4828	0
5.934	1	7	174	292.769	0
2.711	1	113	151	3665.95	0
5.935	1	164	175	384.689	0
2.712	1	106	152	170.481	0
5.936	1	191	176	143.98	0
2.713	1	65	153	22.963	0
5.937	1	131	177	327.351	0
2.714	1	129	154	544.928	0
5.938	1	122	178	134.063	0
2.715	1	199	155	100.027	0
5.945	1	71	185	300.851	0
5.946	1	76	186	138.856	0
2.723	1	64	163	342.805	0
5.947	1	82	187	9719.8	0
2.724	1	59	164	403.776	0
5.948	1	184	188	618.932	0
2.725	1	114	165	334.278	0
5.949	1	68	189	86.1319	0
2.726	1	198	166	153.84	0
5.95	1	177	190	112.998	0
2.727	1	41	167	198.07	0
2.728	1	56	168	128.178	0
5.951	1	24	191	105.31	0
5.952	1	117	192	89.7479	0
2.729	1	190	169	139.946	0
5.953	1	159	193	1697.37	0
2.73	1	75	170	90.1561	0
5.954	1	22	194	323.707	0
2.731	1	87	171	741.218	0
5.955	1	137	195	202.617	0
2.732	1	26	172	9949.31	0
5.956	1	156	196	216.293	0
2.733	1	15	173	176.582	0
5.957	1	25	197	148.201	0
2.734	1	7	174	142.275	0
5.958	1	50	198	45.7509	0
2.735	1	164	175	540.255	0
5.959	1	60	199	67.5446	0
2.736	1	191	176	151.712	0
5.96	1	36	200	351.188	0
2.737	1	131	177	158.672	0
5.961	1	78	201	58.2061	0
2.738	1	122	178	303.45	0
5.962	1	128	202	788.685	0
5.963	1	144	203	1427.12	0
5.964	1	178	204	48.7478	0
5.965	1	192	205	64.9297	0
5.966	1	146	206	631.34	0
5.967	1	140	207	396.831	0
5.968	1	45	208	204.513	0
2.745	1	71	185	82.7844	0
5.969	1	130	209	126.805	0
2.746	1	76	186	300.817	0
5.97	1	161	210	498.56	0
2.747	1	82	187	8854.63	0
5.971	1	153	211	199.741	0
2.748	1	184	188	149.396	0
5.972	1	124	212	80.2283	0
2.749	1	68	189	56.6727	0
5.973	1	167	213	220.247	0
2.75	1	177	190	209.698	0
5.974	1	81	214	461.638	0
2.751	1	24	191	286.969	0
5.975	1	185	215	216.511	0
2.752	1	117	192	64.345	0
2.753	1	159	193	1814.12	0
2.754	1	22	194	368.334	0
2.755	1	137	195	223.077	0
2.756	1	156	196	172.308	0
2.757	1	25	197	198.996	0
2.758	1	50	198	178.404	0
2.759	1	60	199	42.0934	0
2.76	1	36	200	617.361	0
2.761	1	78	201	255.251	0
2.762	1	128	202	250.766	0
2.763	1	144	203	1792.16	0
2.764	1	178	204	186.926	0
2.765	1	192	205	42.0236	0
2.766	1	146	206	624.226	0
2.767	1	140	207	380.705	0
2.768	1	45	208	231.339	0
2.769	1	130	209	115.777	0
2.77	1	161	210	555.546	0
2.771	1	153	211	303.838	0
2.772	1	124	212	430.26	0
2.773	1	167	213	191.608	0
2.774	1	81	214	1107.66	0
2.775	1	185	215	306.483	0
6.081	1	143	1	467.935	0
6.082	1	70	2	115.036	0
6.083	1	110	3	228.148	0
6.084	1	13	4	74.6634	0
6.085	1	66	5	153.902	0
6.086	1	72	6	148.414	0
6.087	1	103	7	1691.61	0
6.088	1	92	8	463.801	0
6.089	1	157	9	403.028	0
6.09	1	27	10	107.452	0
6.091	1	58	11	9022.37	0
6.092	1	115	12	506.103	0
6.093	1	48	13	683.817	0
6.094	1	37	14	6110.37	0
6.095	1	135	15	222.009	0
6.096	1	193	16	173.744	0
6.097	1	197	17	263.308	0
6.098	1	38	18	87.5608	0
6.099	1	189	19	621.151	0
6.1	1	40	20	5525.86	0
6.101	1	142	21	295.109	0
2.881	1	143	1	267.33	0
6.102	1	86	22	209.328	0
2.882	1	70	2	162.27	0
6.103	1	100	23	902.096	0
2.883	1	110	3	86.8602	0
6.104	1	166	24	73.3501	0
2.884	1	13	4	40.903	0
6.105	1	118	25	592.658	0
2.885	1	66	5	67.602	0
6.106	1	49	26	757.658	0
2.886	1	72	6	335.132	0
6.107	1	196	27	255.551	0
2.887	1	103	7	719.441	0
6.108	1	119	28	100.026	0
2.888	1	92	8	1463.56	0
6.109	1	200	29	54.3528	0
2.889	1	157	9	236.913	0
6.11	1	55	30	130.993	0
2.89	1	27	10	139.256	0
6.111	1	95	31	266.855	0
2.891	1	58	11	5108.12	0
6.112	1	107	32	27.2544	0
2.892	1	115	12	163.287	0
6.113	1	101	33	191.169	0
2.893	1	48	13	201.759	0
6.114	1	116	34	1590.99	0
2.894	1	37	14	2789.38	0
6.115	1	61	35	161.446	0
2.895	1	135	15	408.774	0
6.116	1	111	36	344.992	0
2.896	1	193	16	167.404	0
6.117	1	3	37	73.0559	0
2.897	1	197	17	222.565	0
6.118	1	4	38	264.725	0
2.898	1	38	18	35.9303	0
6.119	1	195	39	280.664	0
2.899	1	189	19	470.076	0
6.12	1	30	40	340.103	0
2.9	1	40	20	7181.7	0
6.121	1	91	41	248.889	0
2.901	1	142	21	489.501	0
6.122	1	35	42	111.258	0
2.902	1	86	22	310.713	0
6.123	1	19	43	192.787	0
2.903	1	100	23	3134.21	0
6.124	1	176	44	256.695	0
2.904	1	166	24	180.255	0
6.125	1	32	45	209.032	0
2.905	1	118	25	398.829	0
6.126	1	126	46	194.089	0
2.906	1	49	26	381.345	0
6.127	1	151	47	2300.71	0
2.907	1	196	27	227.524	0
6.128	1	160	48	405.781	0
2.908	1	119	28	129.639	0
6.129	1	79	49	684.023	0
6.13	1	171	50	75.8054	0
2.909	1	200	29	96.0411	0
2.91	1	55	30	151.378	0
6.131	1	175	51	1626.98	0
6.132	1	17	52	129.873	0
2.911	1	95	31	88.3294	0
2.912	1	107	32	46.3877	0
6.133	1	174	53	190.388	0
6.134	1	74	54	313.664	0
2.913	1	101	33	194.39	0
2.914	1	116	34	2373.83	0
6.135	1	39	55	101.986	0
2.915	1	61	35	75.8467	0
6.136	1	179	56	131.983	0
2.916	1	111	36	529.072	0
6.137	1	194	57	1711.22	0
6.138	1	28	58	149.617	0
2.917	1	3	37	63.7724	0
2.918	1	4	38	167.333	0
6.139	1	80	59	76.5839	0
6.14	1	105	60	103.796	0
2.919	1	195	39	608.376	0
2.92	1	30	40	259.386	0
6.141	1	168	61	1148.17	0
6.142	1	73	62	3734.98	0
2.921	1	91	41	229.246	0
2.922	1	35	42	80.0052	0
6.143	1	141	63	139.964	0
6.144	1	53	64	229.05	0
2.923	1	19	43	125.655	0
2.924	1	176	44	370.075	0
6.145	1	163	65	211.637	0
6.146	1	62	66	62.0751	0
2.925	1	32	45	127.487	0
2.926	1	126	46	191.161	0
6.147	1	89	67	1334.89	0
6.148	1	173	68	121.032	0
2.927	1	151	47	2181.4	0
2.928	1	160	48	446.409	0
6.149	1	112	69	749.046	0
6.15	1	93	70	78.1736	0
2.929	1	79	49	2902.36	0
2.93	1	171	50	62.8833	0
6.151	1	136	71	101.932	0
6.152	1	121	72	342.102	0
2.931	1	175	51	3065.63	0
6.153	1	85	73	281.415	0
2.932	1	17	52	230.864	0
6.154	1	2	74	61.6989	0
2.933	1	174	53	143.34	0
6.155	1	158	75	1483.55	0
2.934	1	74	54	507.433	0
6.156	1	14	76	148.413	0
2.935	1	39	55	111.991	0
6.157	1	1	77	413.127	0
2.936	1	179	56	106.352	0
6.158	1	133	78	217.724	0
2.937	1	194	57	1359.35	0
6.159	1	34	79	65.9366	0
2.938	1	28	58	228.659	0
6.16	1	18	80	61.4892	0
2.939	1	80	59	98.2623	0
6.161	1	149	81	2005.06	0
2.94	1	105	60	121.708	0
6.162	1	108	82	352.797	0
2.941	1	168	61	2972.54	0
6.163	1	97	83	3789.26	0
2.942	1	73	62	1088.63	0
6.164	1	148	84	57.3975	0
2.943	1	141	63	113.894	0
6.165	1	51	85	318.708	0
2.944	1	53	64	271.967	0
6.166	1	9	86	290.907	0
2.945	1	163	65	126.819	0
6.167	1	132	87	187.421	0
2.946	1	62	66	248.953	0
6.168	1	181	88	50.6145	0
2.947	1	89	67	789.975	0
6.169	1	43	89	301.738	0
2.948	1	173	68	207.254	0
6.17	1	84	90	213.691	0
2.949	1	112	69	752.736	0
6.171	1	183	91	376.152	0
2.95	1	93	70	101.209	0
6.172	1	44	92	260.991	0
2.951	1	136	71	118.897	0
6.173	1	77	93	775.546	0
2.952	1	121	72	145.316	0
6.174	1	31	94	336.374	0
2.953	1	85	73	154.761	0
6.175	1	57	95	77.8746	0
2.954	1	2	74	126.643	0
6.176	1	172	96	181.203	0
2.955	1	158	75	3006.44	0
6.177	1	47	97	195.601	0
2.956	1	14	76	344.294	0
6.178	1	187	98	216.504	0
2.957	1	1	77	186.073	0
6.179	1	180	99	71.7776	0
2.958	1	133	78	165.217	0
6.18	1	147	100	3237.25	0
2.959	1	34	79	81.3277	0
2.96	1	18	80	70.4271	0
6.181	1	46	101	415.869	0
6.182	1	155	102	186.335	0
2.961	1	149	81	3153.99	0
2.962	1	108	82	352.583	0
6.183	1	21	103	215.871	0
6.184	1	6	104	250.853	0
2.963	1	97	83	11542.9	0
2.964	1	148	84	38.3906	0
6.185	1	29	105	64.6855	0
6.186	1	182	106	561.2	0
2.965	1	51	85	1021.01	0
2.966	1	9	86	542.036	0
6.188	1	96	108	118.114	0
2.967	1	132	87	197.559	0
2.968	1	181	88	55.9046	0
6.189	1	42	109	461.261	0
6.19	1	165	110	1162.55	0
2.969	1	43	89	192.668	0
2.97	1	84	90	103.175	0
6.191	1	69	111	6355.71	0
6.192	1	88	112	411.311	0
2.971	1	183	91	305.623	0
2.972	1	44	92	164.462	0
6.193	1	188	113	1057.13	0
6.194	1	152	114	597.477	0
2.973	1	77	93	940.294	0
2.974	1	31	94	773.085	0
6.195	1	162	115	168.246	0
6.196	1	11	116	388.269	0
2.975	1	57	95	106.048	0
2.976	1	172	96	202.12	0
6.197	1	139	117	1151.32	0
6.198	1	98	118	246.021	0
2.977	1	47	97	684.544	0
2.978	1	187	98	109.839	0
6.199	1	23	119	378.435	0
6.2	1	10	120	3013.83	0
2.979	1	180	99	37.2768	0
2.98	1	147	100	14291.2	0
6.201	1	12	121	175.953	0
2.981	1	46	101	354.557	0
6.202	1	120	122	1371.78	0
2.982	1	155	102	79.4672	0
6.203	1	150	123	266.366	0
2.983	1	21	103	271.266	0
6.204	1	8	124	223.665	0
2.984	1	6	104	614.595	0
6.205	1	16	125	189.745	0
6.206	1	169	126	43.4017	0
2.985	1	29	105	25.2371	0
6.207	1	94	127	52.8366	0
2.986	1	182	106	347.682	0
6.208	1	170	128	2756.94	0
6.209	1	54	129	40.8388	0
2.988	1	96	108	221.878	0
6.21	1	125	130	141.002	0
2.989	1	42	109	436.562	0
2.99	1	165	110	1442.05	0
6.211	1	90	131	818.791	0
6.212	1	134	132	60.91	0
2.991	1	69	111	5383.08	0
6.213	1	186	133	1193.66	0
2.992	1	88	112	514.531	0
6.214	1	67	134	6432.25	0
2.993	1	188	113	1110.11	0
6.215	1	102	135	6544.58	0
2.994	1	152	114	677.375	0
6.216	1	63	136	3750.59	0
2.995	1	162	115	309.716	0
6.217	1	145	137	3092.25	0
2.996	1	11	116	1010.4	0
6.218	1	127	138	138.401	0
2.997	1	139	117	906.797	0
2.998	1	98	118	314.513	0
6.22	1	154	140	115.287	0
2.999	1	23	119	333.11	0
3	1	10	120	2503.97	0
6.221	1	20	141	95.6606	0
6.222	1	52	142	82.6117	0
3.001	1	12	121	173.045	0
6.223	1	138	143	265.231	0
3.002	1	120	122	2174.4	0
6.224	1	83	144	128.007	0
3.003	1	150	123	240.846	0
6.225	1	5	145	1258.71	0
3.004	1	8	124	164.161	0
6.226	1	109	146	430.854	0
3.005	1	16	125	494.113	0
6.227	1	33	147	1129.35	0
3.006	1	169	126	76.0121	0
6.228	1	123	148	80.279	0
3.007	1	94	127	123.093	0
6.229	1	99	149	1403.6	0
3.008	1	170	128	1834.78	0
6.23	1	104	150	81.8687	0
3.009	1	54	129	97.0912	0
6.231	1	113	151	757.065	0
3.01	1	125	130	199.968	0
6.232	1	106	152	260.474	0
3.011	1	90	131	522.285	0
6.233	1	65	153	60.8547	0
3.012	1	134	132	103.617	0
6.234	1	129	154	936.823	0
3.013	1	186	133	752.575	0
6.235	1	199	155	116.063	0
3.014	1	67	134	2542.56	0
3.015	1	102	135	4849.7	0
3.016	1	63	136	2715.39	0
3.017	1	145	137	2025.49	0
3.018	1	127	138	164.655	0
3.02	1	154	140	708.743	0
3.021	1	20	141	167.991	0
3.022	1	52	142	86.5402	0
6.243	1	64	163	416.525	0
6.244	1	59	164	470.337	0
3.023	1	138	143	488.64	0
3.024	1	83	144	79.9793	0
6.245	1	114	165	244.996	0
6.246	1	198	166	86.246	0
3.025	1	5	145	494.436	0
3.026	1	109	146	346.359	0
6.247	1	41	167	357.506	0
6.248	1	56	168	125.246	0
3.027	1	33	147	772.341	0
6.249	1	190	169	89.1002	0
3.028	1	123	148	76.7555	0
6.25	1	75	170	138.978	0
3.029	1	99	149	356.072	0
6.251	1	87	171	331.121	0
3.03	1	104	150	120.716	0
6.252	1	26	172	4856.44	0
3.031	1	113	151	1168.83	0
6.253	1	15	173	70.4629	0
3.032	1	106	152	162.277	0
6.254	1	7	174	201.237	0
3.033	1	65	153	122.653	0
6.255	1	164	175	363.684	0
3.034	1	129	154	354.119	0
6.256	1	191	176	107.747	0
3.035	1	199	155	116.289	0
6.257	1	131	177	262.375	0
6.258	1	122	178	240.832	0
3.043	1	64	163	361.684	0
6.265	1	71	185	89.7548	0
3.044	1	59	164	801.296	0
6.266	1	76	186	177.156	0
3.045	1	114	165	442.853	0
6.267	1	82	187	10098.5	0
3.046	1	198	166	239.06	0
6.268	1	184	188	227.395	0
3.047	1	41	167	603.098	0
3.048	1	56	168	226.627	0
6.269	1	68	189	34.1502	0
6.27	1	177	190	163.985	0
3.049	1	190	169	151.224	0
3.05	1	75	170	203.635	0
6.271	1	24	191	37.2433	0
6.272	1	117	192	32.7058	0
3.051	1	87	171	431.736	0
3.052	1	26	172	3758.81	0
6.273	1	159	193	1042.21	0
6.274	1	22	194	355.246	0
3.053	1	15	173	151.228	0
3.054	1	7	174	183.725	0
6.275	1	137	195	594.697	0
6.276	1	156	196	223.593	0
3.055	1	164	175	863.617	0
3.056	1	191	176	139.741	0
6.277	1	25	197	317.979	0
6.278	1	50	198	125.66	0
3.057	1	131	177	400.49	0
3.058	1	122	178	213.477	0
6.279	1	60	199	68.7854	0
6.28	1	36	200	447.361	0
6.281	1	78	201	175.776	0
6.282	1	128	202	349.362	0
6.283	1	144	203	1981.62	0
6.284	1	178	204	137.785	0
6.285	1	192	205	66.5852	0
3.065	1	71	185	140.671	0
6.286	1	146	206	182.966	0
3.066	1	76	186	350.933	0
6.287	1	140	207	652.256	0
3.067	1	82	187	3487.19	0
6.288	1	45	208	155.605	0
3.068	1	184	188	281.606	0
6.289	1	130	209	128.2	0
3.069	1	68	189	90.9001	0
6.29	1	161	210	616.112	0
3.07	1	177	190	135.929	0
6.291	1	153	211	182.508	0
3.071	1	24	191	68.1146	0
6.292	1	124	212	457.531	0
3.072	1	117	192	81.8147	0
6.293	1	167	213	54.0372	0
6.294	1	81	214	1081.46	0
3.073	1	159	193	1878.98	0
3.074	1	22	194	408.116	0
6.295	1	185	215	279.336	0
3.075	1	137	195	291.343	0
3.076	1	156	196	377.118	0
3.077	1	25	197	116.432	0
3.078	1	50	198	116.08	0
3.079	1	60	199	78.009	0
3.08	1	36	200	436.873	0
3.081	1	78	201	91.6846	0
3.082	1	128	202	387.055	0
3.083	1	144	203	1664.77	0
3.084	1	178	204	62.1067	0
3.085	1	192	205	45.7691	0
3.086	1	146	206	377.791	0
3.087	1	140	207	1121.42	0
3.088	1	45	208	145.781	0
3.089	1	130	209	151.303	0
3.09	1	161	210	374.536	0
3.091	1	153	211	246.806	0
3.092	1	124	212	310.588	0
3.093	1	167	213	209.552	0
3.094	1	81	214	503.866	0
3.095	1	185	215	311.965	0
6.401	1	143	1	465.08	0
6.402	1	70	2	125.274	0
6.403	1	110	3	205.751	0
6.404	1	13	4	100.383	0
6.405	1	66	5	200.179	0
6.406	1	72	6	142.58	0
6.407	1	103	7	855.445	0
6.408	1	92	8	3291.07	0
6.409	1	157	9	297.444	0
6.41	1	27	10	77.0795	0
6.411	1	58	11	7632.87	0
6.412	1	115	12	295.745	0
6.413	1	48	13	831.05	0
6.414	1	37	14	3440.23	0
6.415	1	135	15	525.534	0
6.416	1	193	16	191.33	0
6.417	1	197	17	131.537	0
6.418	1	38	18	48.472	0
6.419	1	189	19	1284.02	0
6.42	1	40	20	3397.75	0
6.421	1	142	21	234.991	0
6.422	1	86	22	1214.79	0
6.423	1	100	23	3282.36	0
6.424	1	166	24	144.5	0
6.425	1	118	25	453.876	0
3.201	1	143	1	317.49	0
6.426	1	49	26	598.009	0
3.202	1	70	2	322.116	0
6.427	1	196	27	207.753	0
3.203	1	110	3	127.574	0
6.428	1	119	28	75.943	0
3.204	1	13	4	74.4355	0
6.429	1	200	29	226.66	0
3.205	1	66	5	245.222	0
6.43	1	55	30	147.556	0
3.206	1	72	6	156.112	0
6.431	1	95	31	231.685	0
3.207	1	103	7	450.339	0
6.432	1	107	32	91.3482	0
3.208	1	92	8	1133.76	0
6.433	1	101	33	140.896	0
3.209	1	157	9	323.29	0
6.434	1	116	34	4095.53	0
3.21	1	27	10	166.694	0
6.435	1	61	35	130.079	0
3.211	1	58	11	4358.37	0
6.436	1	111	36	342.726	0
3.212	1	115	12	468.153	0
6.437	1	3	37	71.5885	0
3.213	1	48	13	352.543	0
6.438	1	4	38	202.498	0
3.214	1	37	14	1758.07	0
6.439	1	195	39	268.287	0
3.215	1	135	15	373.926	0
6.44	1	30	40	686.916	0
3.216	1	193	16	344.384	0
6.441	1	91	41	116.603	0
6.442	1	35	42	146.718	0
3.217	1	197	17	162.09	0
3.218	1	38	18	123.565	0
6.443	1	19	43	59.0387	0
6.444	1	176	44	204.213	0
3.219	1	189	19	661.929	0
3.22	1	40	20	2506.33	0
6.445	1	32	45	110.402	0
6.446	1	126	46	127.754	0
3.221	1	142	21	412.494	0
3.222	1	86	22	879.909	0
6.447	1	151	47	7485.98	0
6.448	1	160	48	895.024	0
3.223	1	100	23	1690	0
3.224	1	166	24	289.721	0
6.449	1	79	49	1898.52	0
6.45	1	171	50	45.102	0
3.225	1	118	25	540.098	0
3.226	1	49	26	157.573	0
6.451	1	175	51	5618.62	0
6.452	1	17	52	249.606	0
3.227	1	196	27	352.194	0
3.228	1	119	28	174.041	0
6.453	1	174	53	71.3612	0
6.454	1	74	54	252.368	0
3.229	1	200	29	124.798	0
3.23	1	55	30	31.7969	0
6.455	1	39	55	253.984	0
6.456	1	179	56	131.848	0
3.231	1	95	31	207.738	0
3.232	1	107	32	85.2417	0
6.457	1	194	57	330.869	0
6.458	1	28	58	294.342	0
3.233	1	101	33	128.789	0
3.234	1	116	34	1411.1	0
6.459	1	80	59	119.707	0
6.46	1	105	60	36.7125	0
3.235	1	61	35	92.2359	0
3.236	1	111	36	590.83	0
6.461	1	168	61	789.504	0
6.462	1	73	62	5289.89	0
3.237	1	3	37	33.0253	0
3.238	1	4	38	231.723	0
6.463	1	141	63	84.6062	0
6.464	1	53	64	342.393	0
3.239	1	195	39	289.237	0
3.24	1	30	40	362.535	0
6.465	1	163	65	162.909	0
6.466	1	62	66	198.493	0
3.241	1	91	41	98.0462	0
3.242	1	35	42	419.423	0
6.467	1	89	67	1583.69	0
6.468	1	173	68	65.5415	0
3.243	1	19	43	172.067	0
3.244	1	176	44	351.102	0
6.469	1	112	69	615.154	0
6.47	1	93	70	76.0401	0
3.245	1	32	45	194.171	0
3.246	1	126	46	244.15	0
6.471	1	136	71	125.561	0
6.472	1	121	72	256.633	0
3.247	1	151	47	5550.2	0
3.248	1	160	48	191.171	0
6.473	1	85	73	332.163	0
6.474	1	2	74	74.6626	0
3.249	1	79	49	3499.49	0
3.25	1	171	50	68.8788	0
6.475	1	158	75	1311.87	0
6.476	1	14	76	261.652	0
3.251	1	175	51	2368.39	0
6.477	1	1	77	519.702	0
3.252	1	17	52	198.937	0
6.478	1	133	78	302.96	0
3.253	1	174	53	83.5139	0
3.254	1	74	54	647.59	0
6.479	1	34	79	47.0193	0
6.48	1	18	80	136.311	0
3.255	1	39	55	171.798	0
3.256	1	179	56	98.0279	0
6.481	1	149	81	1631.77	0
6.482	1	108	82	257.015	0
3.257	1	194	57	454.792	0
3.258	1	28	58	524.001	0
6.483	1	97	83	2660.07	0
6.484	1	148	84	51.6349	0
3.259	1	80	59	62.9539	0
3.26	1	105	60	161.144	0
6.485	1	51	85	487.177	0
6.486	1	9	86	979.665	0
3.261	1	168	61	2655.65	0
3.262	1	73	62	7019.88	0
6.487	1	132	87	270.84	0
6.488	1	181	88	95.2397	0
3.263	1	141	63	68.5927	0
3.264	1	53	64	414.505	0
6.489	1	43	89	144.562	0
6.49	1	84	90	154.703	0
3.265	1	163	65	94.2159	0
3.266	1	62	66	143.073	0
6.491	1	183	91	826.531	0
3.267	1	89	67	1661.74	0
6.492	1	44	92	140.343	0
3.268	1	173	68	119.956	0
6.493	1	77	93	543.101	0
3.269	1	112	69	726.647	0
6.494	1	31	94	225.925	0
3.27	1	93	70	70.5909	0
6.495	1	57	95	96.7775	0
3.271	1	136	71	150.494	0
6.496	1	172	96	249.091	0
3.272	1	121	72	117.985	0
6.497	1	47	97	301.102	0
6.498	1	187	98	583.116	0
3.273	1	85	73	131.217	0
6.499	1	180	99	331.417	0
3.274	1	2	74	55.4314	0
6.5	1	147	100	4765.73	0
3.275	1	158	75	1963.69	0
6.501	1	46	101	235.93	0
3.276	1	14	76	449.126	0
6.502	1	155	102	136.103	0
3.277	1	1	77	184.016	0
6.503	1	21	103	259.606	0
3.278	1	133	78	144.119	0
6.504	1	6	104	154.205	0
3.279	1	34	79	57.7656	0
6.505	1	29	105	62.1557	0
3.28	1	18	80	105.774	0
6.506	1	182	106	136.936	0
3.281	1	149	81	1593.01	0
3.282	1	108	82	449.404	0
6.508	1	96	108	333.324	0
3.283	1	97	83	20569.5	0
6.509	1	42	109	846.52	0
3.284	1	148	84	48.4672	0
6.51	1	165	110	1052.75	0
3.285	1	51	85	609.535	0
6.511	1	69	111	6512.91	0
3.286	1	9	86	372.169	0
6.512	1	88	112	544.038	0
3.287	1	132	87	72.2167	0
6.513	1	188	113	1319.22	0
3.288	1	181	88	101.795	0
6.514	1	152	114	963.583	0
3.289	1	43	89	151.93	0
6.515	1	162	115	94.7617	0
3.29	1	84	90	196.549	0
6.516	1	11	116	676.105	0
3.291	1	183	91	1014.5	0
6.517	1	139	117	902.747	0
3.292	1	44	92	174.36	0
6.518	1	98	118	239.161	0
3.293	1	77	93	364.979	0
6.519	1	23	119	174.546	0
3.294	1	31	94	940.938	0
6.52	1	10	120	2026.74	0
3.295	1	57	95	154.724	0
6.521	1	12	121	212.17	0
3.296	1	172	96	244.005	0
6.522	1	120	122	1459.11	0
3.297	1	47	97	482.375	0
6.523	1	150	123	205.034	0
3.298	1	187	98	197.842	0
6.524	1	8	124	82.4946	0
6.525	1	16	125	348.753	0
3.299	1	180	99	116.458	0
3.3	1	147	100	4500.01	0
6.526	1	169	126	61.6458	0
6.527	1	94	127	88.8919	0
3.301	1	46	101	393.905	0
6.528	1	170	128	2410.04	0
3.302	1	155	102	195.622	0
6.529	1	54	129	259.628	0
3.303	1	21	103	95.8611	0
6.53	1	125	130	271.635	0
3.304	1	6	104	143.357	0
6.531	1	90	131	749.399	0
3.305	1	29	105	107.906	0
6.532	1	134	132	120.32	0
3.306	1	182	106	391.116	0
6.533	1	186	133	433.678	0
6.534	1	67	134	1770.41	0
3.308	1	96	108	141.422	0
6.535	1	102	135	5263.66	0
3.309	1	42	109	499.229	0
6.536	1	63	136	3567.69	0
3.31	1	165	110	2065.68	0
6.537	1	145	137	3193.21	0
3.311	1	69	111	3644.06	0
6.538	1	127	138	80.589	0
3.312	1	88	112	640.415	0
3.313	1	188	113	1101.66	0
6.54	1	154	140	494.041	0
3.314	1	152	114	840.635	0
6.541	1	20	141	246.98	0
3.315	1	162	115	113.332	0
6.542	1	52	142	83.3447	0
3.316	1	11	116	289.405	0
6.543	1	138	143	208.364	0
3.317	1	139	117	899.401	0
6.544	1	83	144	47.8173	0
3.318	1	98	118	87.2128	0
6.545	1	5	145	940.524	0
3.319	1	23	119	433.569	0
6.546	1	109	146	260.766	0
3.32	1	10	120	2671.07	0
6.547	1	33	147	1645.32	0
6.548	1	123	148	94.7929	0
3.321	1	12	121	351.091	0
3.322	1	120	122	1560.43	0
6.549	1	99	149	1054.8	0
6.55	1	104	150	141.187	0
3.323	1	150	123	109.257	0
3.324	1	8	124	97.3248	0
6.551	1	113	151	1667.29	0
3.325	1	16	125	571.556	0
6.552	1	106	152	171.329	0
3.326	1	169	126	97.0716	0
6.553	1	65	153	84.749	0
3.327	1	94	127	98.6371	0
6.554	1	129	154	812.161	0
3.328	1	170	128	1129.99	0
6.555	1	199	155	275.985	0
3.329	1	54	129	85.1801	0
3.33	1	125	130	231.931	0
3.331	1	90	131	1100.62	0
3.332	1	134	132	95.3381	0
3.333	1	186	133	2475.96	0
3.334	1	67	134	4158.5	0
3.335	1	102	135	3652.78	0
3.336	1	63	136	4142.65	0
6.563	1	64	163	236.347	0
6.564	1	59	164	1002.46	0
3.337	1	145	137	2106.15	0
3.338	1	127	138	150.517	0
6.565	1	114	165	329.437	0
6.566	1	198	166	149.524	0
3.34	1	154	140	638.505	0
6.567	1	41	167	434.534	0
3.341	1	20	141	157.311	0
6.568	1	56	168	206.014	0
3.342	1	52	142	188.251	0
6.569	1	190	169	220.282	0
3.343	1	138	143	386.521	0
6.57	1	75	170	179.516	0
3.344	1	83	144	62.4824	0
6.571	1	87	171	604.585	0
3.345	1	5	145	1277.74	0
6.572	1	26	172	5474.78	0
3.346	1	109	146	277.857	0
6.573	1	15	173	82.9006	0
3.347	1	33	147	2976.07	0
6.574	1	7	174	134.808	0
3.348	1	123	148	97.9704	0
6.575	1	164	175	363.622	0
3.349	1	99	149	1240.48	0
6.576	1	191	176	244.363	0
3.35	1	104	150	76.2221	0
6.577	1	131	177	142.775	0
3.351	1	113	151	1220.95	0
6.578	1	122	178	204.028	0
3.352	1	106	152	175.463	0
3.353	1	65	153	81.2658	0
3.354	1	129	154	459.307	0
3.355	1	199	155	232.234	0
6.585	1	71	185	134.537	0
6.586	1	76	186	292.363	0
6.587	1	82	187	5492.11	0
6.588	1	184	188	298.749	0
6.589	1	68	189	73.985	0
6.59	1	177	190	289.28	0
3.363	1	64	163	217.405	0
3.364	1	59	164	983.489	0
6.591	1	24	191	120.854	0
6.592	1	117	192	36.9927	0
3.365	1	114	165	112.183	0
3.366	1	198	166	245.716	0
6.593	1	159	193	534.403	0
6.594	1	22	194	385.738	0
3.367	1	41	167	589.674	0
3.368	1	56	168	149.26	0
6.595	1	137	195	271.631	0
6.596	1	156	196	202.507	0
3.369	1	190	169	96.3758	0
6.597	1	25	197	409.073	0
3.37	1	75	170	201.28	0
6.598	1	50	198	173.414	0
3.371	1	87	171	436.665	0
6.599	1	60	199	152.349	0
3.372	1	26	172	2086.51	0
6.6	1	36	200	445.982	0
3.373	1	15	173	147.15	0
6.601	1	78	201	249.846	0
3.374	1	7	174	109.153	0
6.602	1	128	202	215.602	0
3.375	1	164	175	632.207	0
6.603	1	144	203	1421.49	0
3.376	1	191	176	188.167	0
6.604	1	178	204	89.6909	0
3.377	1	131	177	188.558	0
6.605	1	192	205	60.3416	0
3.378	1	122	178	194.41	0
6.606	1	146	206	554.719	0
6.607	1	140	207	516.087	0
6.608	1	45	208	107.498	0
6.609	1	130	209	46.655	0
6.61	1	161	210	660.283	0
6.611	1	153	211	150.055	0
6.612	1	124	212	228.964	0
3.385	1	71	185	96.5484	0
6.613	1	167	213	138.86	0
3.386	1	76	186	404.863	0
6.614	1	81	214	1070.21	0
3.387	1	82	187	2128.96	0
3.388	1	184	188	233.567	0
6.615	1	185	215	427.391	0
3.389	1	68	189	92.3977	0
3.39	1	177	190	251.704	0
3.391	1	24	191	134.964	0
3.392	1	117	192	69.4671	0
3.393	1	159	193	2514.72	0
3.394	1	22	194	318.924	0
3.395	1	137	195	284.494	0
3.396	1	156	196	286.808	0
3.397	1	25	197	206.817	0
3.398	1	50	198	265.059	0
3.399	1	60	199	108.981	0
3.4	1	36	200	1137.64	0
3.401	1	78	201	96.5764	0
3.402	1	128	202	116.4	0
3.403	1	144	203	1462.98	0
3.404	1	178	204	176.81	0
3.405	1	192	205	61.1487	0
3.406	1	146	206	527.559	0
3.407	1	140	207	440.459	0
3.408	1	45	208	211.48	0
3.409	1	130	209	253.88	0
3.41	1	161	210	578.646	0
3.411	1	153	211	136.976	0
3.412	1	124	212	131.678	0
3.413	1	167	213	388.066	0
3.414	1	81	214	598.422	0
3.415	1	185	215	341.612	0
6.721	1	143	1	387.035	0
6.722	1	70	2	59.7576	0
6.723	1	110	3	243.159	0
6.724	1	13	4	57.5857	0
6.725	1	66	5	196.491	0
6.726	1	72	6	121.759	0
6.727	1	103	7	989.741	0
6.728	1	92	8	784.993	0
6.729	1	157	9	484.957	0
6.73	1	27	10	112.728	0
6.731	1	58	11	1046.17	0
6.732	1	115	12	497.916	0
6.733	1	48	13	251.618	0
6.734	1	37	14	7560.85	0
6.735	1	135	15	425.415	0
6.736	1	193	16	202.049	0
6.737	1	197	17	232.756	0
6.738	1	38	18	91.876	0
6.739	1	189	19	1104.88	0
6.74	1	40	20	2848.13	0
6.741	1	142	21	313.267	0
6.742	1	86	22	436.673	0
6.743	1	100	23	2197.02	0
6.744	1	166	24	175.072	0
6.745	1	118	25	581.87	0
6.746	1	49	26	271.346	0
6.747	1	196	27	594.852	0
3.521	1	143	1	319.642	0
6.748	1	119	28	131.86	0
3.522	1	70	2	119.035	0
6.749	1	200	29	369.401	0
3.523	1	110	3	248.502	0
6.75	1	55	30	184.74	0
3.524	1	13	4	91.3094	0
6.751	1	95	31	273.414	0
3.525	1	66	5	89.1948	0
6.752	1	107	32	90.4174	0
3.526	1	72	6	93.1453	0
6.753	1	101	33	367.474	0
3.527	1	103	7	875.825	0
6.754	1	116	34	841.633	0
3.528	1	92	8	1093.88	0
6.755	1	61	35	83.438	0
3.529	1	157	9	226.528	0
6.756	1	111	36	239.113	0
3.53	1	27	10	44.3951	0
6.757	1	3	37	71.8809	0
3.531	1	58	11	6674.75	0
6.758	1	4	38	332.824	0
3.532	1	115	12	518.145	0
6.759	1	195	39	132.812	0
3.533	1	48	13	236.288	0
6.76	1	30	40	223.801	0
3.534	1	37	14	2857.42	0
6.761	1	91	41	184.047	0
3.535	1	135	15	240.559	0
6.762	1	35	42	193.178	0
3.536	1	193	16	131.456	0
6.763	1	19	43	211.145	0
3.537	1	197	17	295.411	0
6.764	1	176	44	359.576	0
3.538	1	38	18	131.391	0
6.765	1	32	45	92.559	0
3.539	1	189	19	300.664	0
6.766	1	126	46	426.343	0
3.54	1	40	20	2918.96	0
6.767	1	151	47	3389.61	0
3.541	1	142	21	252.196	0
6.768	1	160	48	359.238	0
3.542	1	86	22	423.223	0
6.769	1	79	49	900.359	0
3.543	1	100	23	2467.57	0
6.77	1	171	50	66.1412	0
3.544	1	166	24	142.175	0
6.771	1	175	51	3711.07	0
3.545	1	118	25	1154.92	0
6.772	1	17	52	84.6779	0
3.546	1	49	26	303.9	0
6.773	1	174	53	107.91	0
3.547	1	196	27	240.244	0
6.774	1	74	54	262.948	0
3.548	1	119	28	204.668	0
6.775	1	39	55	279.338	0
3.549	1	200	29	63.5072	0
6.776	1	179	56	70.2494	0
3.55	1	55	30	36.0088	0
6.777	1	194	57	485.579	0
3.551	1	95	31	378.721	0
6.778	1	28	58	375.618	0
3.552	1	107	32	46.5069	0
6.779	1	80	59	53.3388	0
3.553	1	101	33	474.035	0
6.78	1	105	60	184.318	0
3.554	1	116	34	827.815	0
6.781	1	168	61	2263.13	0
3.555	1	61	35	107.488	0
6.782	1	73	62	5548.2	0
3.556	1	111	36	243.553	0
6.783	1	141	63	94.7206	0
3.557	1	3	37	143.622	0
6.784	1	53	64	187.562	0
3.558	1	4	38	116.637	0
6.785	1	163	65	128.502	0
3.559	1	195	39	140.612	0
6.786	1	62	66	324.416	0
3.56	1	30	40	819.415	0
6.787	1	89	67	776.45	0
3.561	1	91	41	96.1252	0
6.788	1	173	68	167.748	0
3.562	1	35	42	161.54	0
6.789	1	112	69	609.696	0
3.563	1	19	43	449.068	0
6.79	1	93	70	103.129	0
3.564	1	176	44	431.18	0
6.791	1	136	71	78.3833	0
3.565	1	32	45	62.1624	0
6.792	1	121	72	211.001	0
3.566	1	126	46	211.557	0
6.793	1	85	73	212.686	0
3.567	1	151	47	1810.91	0
6.794	1	2	74	42.588	0
3.568	1	160	48	384.703	0
6.795	1	158	75	2480.57	0
3.569	1	79	49	2017.49	0
6.796	1	14	76	326.779	0
3.57	1	171	50	67.2316	0
6.797	1	1	77	186.608	0
3.571	1	175	51	3867.37	0
6.798	1	133	78	282.552	0
3.572	1	17	52	190.027	0
6.799	1	34	79	138.481	0
3.573	1	174	53	98.4841	0
3.574	1	74	54	438.097	0
6.8	1	18	80	68.4605	0
6.801	1	149	81	1300.5	0
3.575	1	39	55	196.66	0
6.802	1	108	82	178.147	0
3.576	1	179	56	103.847	0
6.803	1	97	83	3818.28	0
3.577	1	194	57	765.899	0
6.804	1	148	84	37.6086	0
3.578	1	28	58	317.492	0
6.805	1	51	85	517.424	0
3.579	1	80	59	102.46	0
3.58	1	105	60	96.1249	0
6.806	1	9	86	265.579	0
6.807	1	132	87	307.221	0
3.581	1	168	61	1835.52	0
6.808	1	181	88	180.2	0
3.582	1	73	62	4277.37	0
6.809	1	43	89	29.2162	0
3.583	1	141	63	74.1345	0
6.81	1	84	90	256.578	0
3.584	1	53	64	197.79	0
6.811	1	183	91	780.936	0
3.585	1	163	65	77.7722	0
6.812	1	44	92	272.043	0
3.586	1	62	66	208.771	0
6.813	1	77	93	441.144	0
3.587	1	89	67	1136.19	0
6.814	1	31	94	399.566	0
3.588	1	173	68	69.5634	0
6.815	1	57	95	38.2033	0
3.589	1	112	69	1191.95	0
6.816	1	172	96	164.495	0
3.59	1	93	70	183.117	0
6.817	1	47	97	633.699	0
3.591	1	136	71	32.9726	0
6.818	1	187	98	193.324	0
3.592	1	121	72	184.511	0
6.819	1	180	99	195.386	0
3.593	1	85	73	200.12	0
6.82	1	147	100	10879.9	0
3.594	1	2	74	104.318	0
3.595	1	158	75	1838.96	0
6.821	1	46	101	161.981	0
6.822	1	155	102	126.179	0
3.596	1	14	76	325.787	0
3.597	1	1	77	371.484	0
6.823	1	21	103	327.535	0
3.598	1	133	78	84.4485	0
6.824	1	6	104	95.4967	0
3.599	1	34	79	99.3346	0
6.825	1	29	105	81.2702	0
3.6	1	18	80	93.2021	0
6.826	1	182	106	91.1537	0
3.601	1	149	81	1892.05	0
6.828	1	96	108	124.706	0
3.602	1	108	82	370.293	0
6.829	1	42	109	371.442	0
3.603	1	97	83	5979.53	0
6.83	1	165	110	757.996	0
3.604	1	148	84	41.0018	0
3.605	1	51	85	866.503	0
6.831	1	69	111	2444.75	0
6.832	1	88	112	900.822	0
3.606	1	9	86	439.992	0
6.833	1	188	113	3071	0
3.607	1	132	87	278.386	0
6.834	1	152	114	860.972	0
3.608	1	181	88	77.0113	0
6.835	1	162	115	99.3191	0
3.609	1	43	89	216.978	0
6.836	1	11	116	203.952	0
3.61	1	84	90	263.688	0
6.837	1	139	117	2068.69	0
3.611	1	183	91	516.861	0
6.838	1	98	118	98.4496	0
3.612	1	44	92	377.759	0
6.839	1	23	119	524.489	0
3.613	1	77	93	470.622	0
6.84	1	10	120	1386.71	0
3.614	1	31	94	497.309	0
3.615	1	57	95	153.306	0
6.841	1	12	121	161.528	0
3.616	1	172	96	294.75	0
6.842	1	120	122	1481.59	0
6.843	1	150	123	67.6133	0
3.617	1	47	97	501.399	0
3.618	1	187	98	328.274	0
6.844	1	8	124	121.504	0
3.619	1	180	99	147.672	0
6.845	1	16	125	416.905	0
3.62	1	147	100	5833.8	0
6.846	1	169	126	107.076	0
3.621	1	46	101	304.583	0
6.847	1	94	127	93.0944	0
3.622	1	155	102	103.505	0
6.848	1	170	128	1456	0
3.623	1	21	103	386.406	0
6.849	1	54	129	100.161	0
3.624	1	6	104	362.615	0
6.85	1	125	130	218.431	0
3.625	1	29	105	110.4	0
6.851	1	90	131	698.107	0
3.626	1	182	106	261.221	0
6.852	1	134	132	184.113	0
6.853	1	186	133	426.579	0
3.628	1	96	108	199.189	0
6.854	1	67	134	6660.33	0
3.629	1	42	109	216.254	0
6.855	1	102	135	4459.64	0
3.63	1	165	110	741.842	0
6.856	1	63	136	3961.01	0
3.631	1	69	111	3784.9	0
6.857	1	145	137	933.347	0
3.632	1	88	112	641.036	0
6.858	1	127	138	113.897	0
3.633	1	188	113	2830.99	0
3.634	1	152	114	1400.95	0
6.86	1	154	140	848.739	0
3.635	1	162	115	219.021	0
6.861	1	20	141	160.904	0
3.636	1	11	116	242.092	0
6.862	1	52	142	108.146	0
3.637	1	139	117	445.541	0
6.863	1	138	143	346.337	0
3.638	1	98	118	219.452	0
6.864	1	83	144	90.8594	0
3.639	1	23	119	906.071	0
6.865	1	5	145	1705.05	0
3.64	1	10	120	3715.85	0
6.866	1	109	146	253.719	0
3.641	1	12	121	231.01	0
6.867	1	33	147	3683.67	0
3.642	1	120	122	897.241	0
6.868	1	123	148	25.1101	0
3.643	1	150	123	75.2629	0
6.869	1	99	149	320.877	0
3.644	1	8	124	45.8386	0
6.87	1	104	150	175.13	0
3.645	1	16	125	240.582	0
6.871	1	113	151	723.295	0
3.646	1	169	126	116.942	0
6.872	1	106	152	94.1143	0
3.647	1	94	127	147.908	0
6.873	1	65	153	56.023	0
3.648	1	170	128	1255.77	0
6.874	1	129	154	305.409	0
3.649	1	54	129	84.526	0
6.875	1	199	155	270.582	0
3.65	1	125	130	64.0147	0
3.651	1	90	131	1155.96	0
3.652	1	134	132	75.0609	0
3.653	1	186	133	819.279	0
3.654	1	67	134	2744.87	0
3.655	1	102	135	4961.17	0
3.656	1	63	136	6721.76	0
3.657	1	145	137	3212.59	0
3.658	1	127	138	120.285	0
6.883	1	64	163	215.223	0
6.884	1	59	164	400.143	0
3.66	1	154	140	483.71	0
6.885	1	114	165	132.767	0
6.886	1	198	166	137.969	0
3.661	1	20	141	305.296	0
6.887	1	41	167	383.61	0
3.662	1	52	142	57.8326	0
6.888	1	56	168	173.419	0
3.663	1	138	143	232.914	0
6.889	1	190	169	134.581	0
3.664	1	83	144	146.647	0
6.89	1	75	170	188.429	0
3.665	1	5	145	1284.9	0
6.891	1	87	171	703.156	0
3.666	1	109	146	146.085	0
6.892	1	26	172	5156.9	0
3.667	1	33	147	1635.72	0
6.893	1	15	173	51.6815	0
3.668	1	123	148	132.189	0
6.894	1	7	174	86.1676	0
3.669	1	99	149	765.656	0
6.895	1	164	175	426.966	0
3.67	1	104	150	144.537	0
6.896	1	191	176	390.654	0
3.671	1	113	151	1224.45	0
6.897	1	131	177	384.326	0
3.672	1	106	152	144.478	0
6.898	1	122	178	399.3	0
3.673	1	65	153	54.5384	0
3.674	1	129	154	545.53	0
3.675	1	199	155	361.529	0
6.905	1	71	185	39.8233	0
6.906	1	76	186	275.836	0
6.907	1	82	187	3311.78	0
6.908	1	184	188	116.265	0
6.909	1	68	189	33.0056	0
3.683	1	64	163	377.15	0
6.91	1	177	190	141.204	0
3.684	1	59	164	482.901	0
6.911	1	24	191	140.102	0
3.685	1	114	165	116.379	0
6.912	1	117	192	48.4799	0
3.686	1	198	166	92.9183	0
6.913	1	159	193	975.795	0
3.687	1	41	167	291.812	0
6.914	1	22	194	686.603	0
3.688	1	56	168	183.143	0
6.915	1	137	195	157.976	0
3.689	1	190	169	58.4599	0
3.69	1	75	170	72.8459	0
6.916	1	156	196	160.043	0
3.691	1	87	171	784.792	0
6.917	1	25	197	219.797	0
3.692	1	26	172	2055.99	0
6.918	1	50	198	309.377	0
3.693	1	15	173	67.6799	0
6.919	1	60	199	81.6852	0
3.694	1	7	174	184.198	0
6.92	1	36	200	376.634	0
3.695	1	164	175	537.082	0
6.921	1	78	201	261.119	0
3.696	1	191	176	344.072	0
6.922	1	128	202	409.447	0
3.697	1	131	177	181.776	0
6.923	1	144	203	1029.47	0
3.698	1	122	178	197.426	0
6.924	1	178	204	118.297	0
6.925	1	192	205	57.2049	0
6.926	1	146	206	342.13	0
6.927	1	140	207	343.276	0
6.928	1	45	208	83.1672	0
6.929	1	130	209	167.125	0
6.93	1	161	210	617.183	0
3.705	1	71	185	164.635	0
6.931	1	153	211	78.2218	0
3.706	1	76	186	189.188	0
6.932	1	124	212	232.889	0
3.707	1	82	187	8908.97	0
6.933	1	167	213	261.777	0
3.708	1	184	188	217.885	0
6.934	1	81	214	345.597	0
3.709	1	68	189	85.9792	0
3.71	1	177	190	227.012	0
6.935	1	185	215	310.685	0
3.711	1	24	191	194.601	0
3.712	1	117	192	84.7553	0
3.713	1	159	193	2075.27	0
3.714	1	22	194	531.736	0
3.715	1	137	195	407.903	0
3.716	1	156	196	79.2527	0
3.717	1	25	197	249.806	0
3.718	1	50	198	235.547	0
3.719	1	60	199	187.703	0
3.72	1	36	200	725.597	0
3.721	1	78	201	120.716	0
3.722	1	128	202	193.003	0
3.723	1	144	203	4128.08	0
3.724	1	178	204	214.035	0
3.725	1	192	205	92.2674	0
3.726	1	146	206	599.411	0
3.727	1	140	207	353.95	0
3.728	1	45	208	42.1571	0
3.729	1	130	209	101.614	0
3.73	1	161	210	548.238	0
3.731	1	153	211	213.575	0
3.732	1	124	212	273.56	0
3.733	1	167	213	201.507	0
3.734	1	81	214	818.332	0
3.735	1	185	215	175.029	0
3.841	1	143	1	206.23	0
3.842	1	70	2	122.594	0
3.843	1	110	3	232.107	0
3.844	1	13	4	68.5575	0
7.041	1	143	1	248.178	0
3.845	1	66	5	294.357	0
7.042	1	70	2	184.034	0
3.846	1	72	6	147.43	0
3.847	1	103	7	1036.36	0
3.848	1	92	8	2593.95	0
3.849	1	157	9	331.479	0
7.043	1	110	3	267.644	0
3.85	1	27	10	79.2974	0
3.851	1	58	11	6169.13	0
3.852	1	115	12	371.679	0
7.044	1	13	4	136.876	0
3.853	1	48	13	375.616	0
3.854	1	37	14	1532.63	0
7.045	1	66	5	144.573	0
3.855	1	135	15	486.137	0
7.046	1	72	6	262.721	0
3.856	1	193	16	217.681	0
7.047	1	103	7	1237.47	0
3.857	1	197	17	560.968	0
3.858	1	38	18	97.7319	0
3.859	1	189	19	607.763	0
3.86	1	40	20	10811	0
7.048	1	92	8	1559.41	0
3.861	1	142	21	226.869	0
3.862	1	86	22	601.734	0
3.863	1	100	23	2676.78	0
7.049	1	157	9	313.04	0
7.05	1	27	10	93.1733	0
3.864	1	166	24	143.827	0
7.051	1	58	11	3628.78	0
3.865	1	118	25	732.858	0
3.866	1	49	26	153.809	0
7.052	1	115	12	246.288	0
3.867	1	196	27	380.165	0
3.868	1	119	28	132.14	0
7.053	1	48	13	309.783	0
3.869	1	200	29	128.312	0
7.054	1	37	14	5345.44	0
3.87	1	55	30	142.433	0
7.055	1	135	15	144.729	0
3.871	1	95	31	195.828	0
3.872	1	107	32	93.9429	0
7.056	1	193	16	243.301	0
3.873	1	101	33	254.788	0
3.874	1	116	34	3392.5	0
3.875	1	61	35	53.4484	0
7.057	1	197	17	332.163	0
3.876	1	111	36	459.593	0
3.877	1	3	37	74.2949	0
3.878	1	4	38	349.773	0
7.058	1	38	18	245.413	0
3.879	1	195	39	134.898	0
3.88	1	30	40	441.583	0
7.059	1	189	19	865.893	0
3.881	1	91	41	140.079	0
3.882	1	35	42	260.666	0
7.06	1	40	20	12371.2	0
3.883	1	19	43	116.8	0
3.884	1	176	44	334.417	0
7.061	1	142	21	229.563	0
3.885	1	32	45	97.3715	0
7.062	1	86	22	653.316	0
3.886	1	126	46	181.839	0
3.887	1	151	47	3955.6	0
7.063	1	100	23	1067.61	0
3.888	1	160	48	386.694	0
7.064	1	166	24	115.827	0
3.889	1	79	49	1382.1	0
3.89	1	171	50	34.6083	0
7.065	1	118	25	335.356	0
7.066	1	49	26	365.475	0
3.891	1	175	51	1558.73	0
3.892	1	17	52	383.095	0
3.893	1	174	53	41.8288	0
3.894	1	74	54	517.317	0
3.895	1	39	55	200.128	0
3.896	1	179	56	133.921	0
7.067	1	196	27	399.609	0
3.897	1	194	57	1086.01	0
3.898	1	28	58	202.928	0
7.068	1	119	28	82.4624	0
3.899	1	80	59	37.5499	0
3.9	1	105	60	118.141	0
7.069	1	200	29	210.946	0
3.901	1	168	61	1471.93	0
3.902	1	73	62	7351.03	0
7.07	1	55	30	84.7352	0
3.903	1	141	63	159.774	0
3.904	1	53	64	392.464	0
3.905	1	163	65	210.684	0
7.071	1	95	31	119.865	0
3.906	1	62	66	201.366	0
3.907	1	89	67	1688.99	0
7.072	1	107	32	49.8776	0
3.908	1	173	68	263.11	0
3.909	1	112	69	1698.12	0
3.91	1	93	70	91.5995	0
7.073	1	101	33	131.577	0
3.911	1	136	71	133.153	0
3.912	1	121	72	185.046	0
7.074	1	116	34	1133.53	0
3.913	1	85	73	206.144	0
3.914	1	2	74	62.0303	0
7.075	1	61	35	376.044	0
7.076	1	111	36	412.591	0
3.915	1	158	75	1753.34	0
3.916	1	14	76	445.868	0
7.077	1	3	37	56.954	0
3.917	1	1	77	294.563	0
3.918	1	133	78	183.33	0
3.919	1	34	79	98.882	0
3.92	1	18	80	103.187	0
7.078	1	4	38	508.539	0
3.921	1	149	81	1374.5	0
3.922	1	108	82	420.049	0
7.079	1	195	39	431.472	0
3.923	1	97	83	4012.78	0
3.924	1	148	84	134.22	0
7.08	1	30	40	1093.6	0
3.925	1	51	85	464.073	0
7.081	1	91	41	91.7958	0
3.926	1	9	86	266.155	0
3.927	1	132	87	170.404	0
7.082	1	35	42	266.485	0
3.928	1	181	88	149.671	0
3.929	1	43	89	72.6164	0
3.93	1	84	90	96.4271	0
7.083	1	19	43	130.414	0
3.931	1	183	91	737.274	0
3.932	1	44	92	232.789	0
7.084	1	176	44	207.965	0
3.933	1	77	93	192.065	0
3.934	1	31	94	391.252	0
3.935	1	57	95	169.905	0
7.085	1	32	45	133.122	0
3.936	1	172	96	285.913	0
3.937	1	47	97	832.634	0
7.086	1	126	46	120.344	0
3.938	1	187	98	186.316	0
3.939	1	180	99	96.0356	0
3.94	1	147	100	5595.6	0
7.087	1	151	47	6071.84	0
3.941	1	46	101	349.993	0
3.942	1	155	102	118.176	0
7.088	1	160	48	136.736	0
3.943	1	21	103	192.798	0
3.944	1	6	104	188.775	0
7.089	1	79	49	1455.68	0
3.945	1	29	105	91.6081	0
7.09	1	171	50	37.2967	0
3.946	1	182	106	160.508	0
7.091	1	175	51	3411.36	0
3.948	1	96	108	376.14	0
7.092	1	17	52	326.116	0
3.949	1	42	109	455.932	0
3.95	1	165	110	1690.01	0
3.951	1	69	111	2610.22	0
7.093	1	174	53	120.873	0
3.952	1	88	112	328.447	0
3.953	1	188	113	1944.11	0
3.954	1	152	114	714.484	0
7.094	1	74	54	530.449	0
3.955	1	162	115	118.681	0
3.956	1	11	116	1046.16	0
7.095	1	39	55	164.195	0
3.957	1	139	117	1240.76	0
7.096	1	179	56	104.966	0
3.958	1	98	118	145.615	0
3.959	1	23	119	541.735	0
3.96	1	10	120	1065.11	0
3.961	1	12	121	289.881	0
7.097	1	194	57	659.139	0
3.962	1	120	122	2100.3	0
7.098	1	28	58	572.43	0
3.963	1	150	123	377.313	0
3.964	1	8	124	284.19	0
7.099	1	80	59	94.947	0
7.1	1	105	60	124.451	0
3.965	1	16	125	298.43	0
3.966	1	169	126	63.2616	0
3.967	1	94	127	63.4642	0
7.101	1	168	61	1198.63	0
3.968	1	170	128	3648.48	0
7.102	1	73	62	3052.63	0
3.969	1	54	129	99.627	0
3.97	1	125	130	329.189	0
7.103	1	141	63	143.978	0
3.971	1	90	131	625.424	0
3.972	1	134	132	101.437	0
7.104	1	53	64	362.029	0
3.973	1	186	133	1548.09	0
3.974	1	67	134	6179.64	0
7.105	1	163	65	230.094	0
7.106	1	62	66	196.397	0
3.975	1	102	135	3002.98	0
3.976	1	63	136	2291.4	0
7.107	1	89	67	951.887	0
3.977	1	145	137	1473.97	0
7.108	1	173	68	339.412	0
3.978	1	127	138	165.008	0
7.109	1	112	69	736.591	0
7.11	1	93	70	107.697	0
3.98	1	154	140	1331.06	0
7.111	1	136	71	56.322	0
3.981	1	20	141	84.62	0
7.112	1	121	72	148.586	0
3.982	1	52	142	42.2403	0
7.113	1	85	73	158.488	0
3.983	1	138	143	411.983	0
7.114	1	2	74	51.2987	0
3.984	1	83	144	65.8907	0
3.985	1	5	145	1808.11	0
7.115	1	158	75	830.076	0
3.986	1	109	146	475.198	0
3.987	1	33	147	1995.76	0
3.988	1	123	148	85.3508	0
7.116	1	14	76	336.632	0
3.989	1	99	149	385.928	0
3.99	1	104	150	113.857	0
7.117	1	1	77	469.055	0
3.991	1	113	151	2571.07	0
7.118	1	133	78	137.825	0
3.992	1	106	152	185.79	0
7.119	1	34	79	106.209	0
3.993	1	65	153	105.179	0
3.994	1	129	154	525.81	0
7.12	1	18	80	147.049	0
3.995	1	199	155	237.718	0
7.121	1	149	81	1223.26	0
7.122	1	108	82	463.782	0
7.123	1	97	83	2276.93	0
7.124	1	148	84	47.7683	0
7.125	1	51	85	248.683	0
7.126	1	9	86	554.393	0
7.127	1	132	87	349.7	0
4.003	1	64	163	429.294	0
7.128	1	181	88	230.213	0
4.004	1	59	164	499.713	0
7.129	1	43	89	151.517	0
4.005	1	114	165	336.926	0
7.13	1	84	90	173.85	0
4.006	1	198	166	144.383	0
4.007	1	41	167	437.457	0
7.131	1	183	91	445.228	0
4.008	1	56	168	102.053	0
7.132	1	44	92	165.59	0
4.009	1	190	169	99.4323	0
7.133	1	77	93	575.991	0
4.01	1	75	170	278.862	0
7.134	1	31	94	674.224	0
4.011	1	87	171	431.977	0
4.012	1	26	172	5483.51	0
7.135	1	57	95	176.768	0
7.136	1	172	96	201.692	0
4.013	1	15	173	146.866	0
4.014	1	7	174	134.845	0
7.137	1	47	97	1198.23	0
7.138	1	187	98	249.956	0
4.015	1	164	175	454.292	0
4.016	1	191	176	343.963	0
7.139	1	180	99	85.544	0
7.14	1	147	100	7842.04	0
4.017	1	131	177	166.217	0
4.018	1	122	178	249.185	0
7.141	1	46	101	207.055	0
7.142	1	155	102	91.5014	0
7.143	1	21	103	178.722	0
7.144	1	6	104	96.7142	0
7.145	1	29	105	83.8575	0
4.025	1	71	185	134.721	0
7.146	1	182	106	237.374	0
4.026	1	76	186	283.036	0
4.027	1	82	187	1410.67	0
7.148	1	96	108	85.144	0
4.028	1	184	188	251.258	0
7.149	1	42	109	564.196	0
4.029	1	68	189	35.409	0
7.15	1	165	110	1001.82	0
4.03	1	177	190	218.565	0
7.151	1	69	111	11634	0
4.031	1	24	191	223.7	0
4.032	1	117	192	54.9745	0
7.152	1	88	112	388.956	0
4.033	1	159	193	2224.89	0
4.034	1	22	194	361.668	0
7.153	1	188	113	1324.04	0
7.154	1	152	114	780.234	0
4.035	1	137	195	609.789	0
4.036	1	156	196	93.1456	0
7.155	1	162	115	78.2532	0
7.156	1	11	116	417.494	0
4.037	1	25	197	230.514	0
4.038	1	50	198	111.803	0
7.157	1	139	117	1672.36	0
7.158	1	98	118	171.102	0
4.039	1	60	199	28.7114	0
4.04	1	36	200	666.729	0
7.159	1	23	119	199.874	0
7.16	1	10	120	1632.65	0
4.041	1	78	201	182.432	0
4.042	1	128	202	243.115	0
7.161	1	12	121	262.743	0
4.043	1	144	203	1466.67	0
4.044	1	178	204	162.054	0
7.162	1	120	122	2920.54	0
4.045	1	192	205	39.2533	0
7.163	1	150	123	145.241	0
4.046	1	146	206	289.933	0
7.164	1	8	124	196.47	0
4.047	1	140	207	405.495	0
7.165	1	16	125	248.21	0
4.048	1	45	208	148.804	0
7.166	1	169	126	97.3095	0
4.049	1	130	209	153.545	0
7.167	1	94	127	98.0945	0
4.05	1	161	210	816.53	0
7.168	1	170	128	1475.63	0
4.051	1	153	211	195.895	0
7.169	1	54	129	146.906	0
4.052	1	124	212	425.895	0
7.17	1	125	130	177.832	0
4.053	1	167	213	226.814	0
7.171	1	90	131	543.912	0
4.054	1	81	214	691.917	0
7.172	1	134	132	99.6363	0
4.055	1	185	215	316.256	0
7.173	1	186	133	1223.82	0
7.174	1	67	134	2638.12	0
7.175	1	102	135	6288.5	0
7.176	1	63	136	4469.59	0
7.177	1	145	137	2058.56	0
7.178	1	127	138	165.959	0
7.18	1	154	140	1108.45	0
7.181	1	20	141	122.427	0
7.182	1	52	142	102.891	0
7.183	1	138	143	330.75	0
7.184	1	83	144	92.4195	0
7.185	1	5	145	1408.94	0
7.186	1	109	146	169.881	0
7.187	1	33	147	1296.93	0
7.188	1	123	148	67.3236	0
7.189	1	99	149	839.858	0
7.19	1	104	150	145.821	0
7.191	1	113	151	1543.62	0
7.192	1	106	152	229.089	0
7.193	1	65	153	112.127	0
7.194	1	129	154	371.438	0
7.195	1	199	155	224.523	0
7.203	1	64	163	305.814	0
7.204	1	59	164	581.379	0
7.205	1	114	165	256.403	0
7.206	1	198	166	257.997	0
7.207	1	41	167	538.548	0
7.208	1	56	168	280.668	0
7.209	1	190	169	31.1272	0
7.21	1	75	170	183.562	0
7.211	1	87	171	785.962	0
7.212	1	26	172	3454.65	0
7.213	1	15	173	90.0527	0
7.214	1	7	174	154.292	0
7.215	1	164	175	533.107	0
7.216	1	191	176	248.677	0
7.217	1	131	177	219.536	0
7.218	1	122	178	80.0498	0
7.225	1	71	185	78.2828	0
7.226	1	76	186	494.958	0
7.227	1	82	187	7678.2	0
7.228	1	184	188	275.971	0
7.229	1	68	189	43.2328	0
7.23	1	177	190	175.551	0
7.231	1	24	191	125.632	0
7.232	1	117	192	83.6944	0
7.233	1	159	193	2793.35	0
7.234	1	22	194	352.979	0
7.235	1	137	195	288.721	0
7.236	1	156	196	263.677	0
7.237	1	25	197	460.429	0
7.238	1	50	198	281.888	0
7.239	1	60	199	48.9001	0
7.24	1	36	200	703.979	0
7.241	1	78	201	177.464	0
7.242	1	128	202	247.284	0
7.243	1	144	203	1583.08	0
7.244	1	178	204	125.01	0
7.245	1	192	205	159.192	0
7.246	1	146	206	225.655	0
7.247	1	140	207	531.205	0
7.248	1	45	208	211.001	0
7.249	1	130	209	155.599	0
7.25	1	161	210	315.641	0
7.251	1	153	211	191.529	0
7.252	1	124	212	184.056	0
7.253	1	167	213	147.732	0
7.254	1	81	214	2314.6	0
7.255	1	185	215	179.586	0
4.161	1	143	1	292.135	0
4.162	1	70	2	60.5491	0
4.163	1	110	3	263.772	0
4.164	1	13	4	50.5707	0
4.165	1	66	5	121.903	0
4.166	1	72	6	289.776	0
4.167	1	103	7	781.64	0
4.168	1	92	8	2252.83	0
4.169	1	157	9	238.721	0
4.17	1	27	10	61.5109	0
4.171	1	58	11	3103.02	0
4.172	1	115	12	271.387	0
4.173	1	48	13	580.829	0
4.174	1	37	14	4461.31	0
4.175	1	135	15	278.534	0
4.176	1	193	16	103.974	0
4.177	1	197	17	231.22	0
4.178	1	38	18	120.84	0
4.179	1	189	19	733.177	0
4.18	1	40	20	12788.3	0
4.181	1	142	21	528.547	0
4.182	1	86	22	320.635	0
4.183	1	100	23	1047.83	0
4.184	1	166	24	113.774	0
4.185	1	118	25	557.385	0
4.186	1	49	26	344.87	0
4.187	1	196	27	598.624	0
4.188	1	119	28	74.9691	0
4.189	1	200	29	65.9991	0
4.19	1	55	30	256.887	0
4.191	1	95	31	204.172	0
4.192	1	107	32	50.3064	0
4.193	1	101	33	144.896	0
4.194	1	116	34	2086.33	0
4.195	1	61	35	127.694	0
4.196	1	111	36	305.493	0
4.197	1	3	37	23.3837	0
4.198	1	4	38	391.585	0
4.199	1	195	39	406.178	0
4.2	1	30	40	416.553	0
4.201	1	91	41	75.3005	0
4.202	1	35	42	171.96	0
4.203	1	19	43	118.483	0
4.204	1	176	44	429.603	0
4.205	1	32	45	114.463	0
4.206	1	126	46	239.005	0
4.207	1	151	47	954.859	0
4.208	1	160	48	381.203	0
4.209	1	79	49	2760.7	0
4.21	1	171	50	109.132	0
4.211	1	175	51	3048.6	0
4.212	1	17	52	259.708	0
4.213	1	174	53	185.514	0
4.214	1	74	54	241.267	0
4.215	1	39	55	75.5547	0
4.216	1	179	56	94.7899	0
4.217	1	194	57	548.723	0
4.218	1	28	58	553.112	0
4.219	1	80	59	67.9029	0
4.22	1	105	60	271.192	0
4.221	1	168	61	2898.75	0
4.222	1	73	62	4535.04	0
4.223	1	141	63	108.157	0
4.224	1	53	64	385.494	0
4.225	1	163	65	114.379	0
4.226	1	62	66	155.675	0
4.227	1	89	67	2343.04	0
4.228	1	173	68	100.971	0
4.229	1	112	69	494.267	0
4.23	1	93	70	45.3113	0
4.231	1	136	71	122.469	0
4.232	1	121	72	151.573	0
4.233	1	85	73	82.4621	0
4.234	1	2	74	49.7491	0
4.235	1	158	75	1784.71	0
4.236	1	14	76	733.525	0
4.237	1	1	77	285.221	0
4.238	1	133	78	232.968	0
4.239	1	34	79	89.6757	0
4.24	1	18	80	56.3269	0
4.241	1	149	81	1606.41	0
4.242	1	108	82	351.315	0
4.243	1	97	83	5881.5	0
4.244	1	148	84	43.4458	0
4.245	1	51	85	372.773	0
4.246	1	9	86	255.327	0
4.247	1	132	87	166.859	0
4.248	1	181	88	47.0214	0
4.249	1	43	89	261.259	0
4.25	1	84	90	479.913	0
4.251	1	183	91	1096.84	0
4.252	1	44	92	305.141	0
4.253	1	77	93	847.453	0
4.254	1	31	94	518.332	0
4.255	1	57	95	129.063	0
4.256	1	172	96	77.1182	0
4.257	1	47	97	259.128	0
4.258	1	187	98	599.069	0
4.259	1	180	99	97.3754	0
4.26	1	147	100	2818.76	0
4.261	1	46	101	327.084	0
4.262	1	155	102	120.226	0
4.263	1	21	103	231.191	0
4.264	1	6	104	101.855	0
4.265	1	29	105	167.857	0
4.266	1	182	106	197.143	0
4.268	1	96	108	400.788	0
4.269	1	42	109	630.826	0
4.27	1	165	110	834.269	0
4.271	1	69	111	2850.44	0
4.272	1	88	112	850.449	0
4.273	1	188	113	952.349	0
4.274	1	152	114	236.802	0
4.275	1	162	115	142.372	0
4.276	1	11	116	412.846	0
7.361	1	143	1	328.011	0
4.277	1	139	117	601.597	0
4.278	1	98	118	181.925	0
7.362	1	70	2	245.434	0
4.279	1	23	119	394.099	0
4.28	1	10	120	2572.32	0
7.363	1	110	3	330.07	0
7.364	1	13	4	117.712	0
4.281	1	12	121	352.929	0
4.282	1	120	122	3859.41	0
7.365	1	66	5	190.143	0
7.366	1	72	6	210.46	0
4.283	1	150	123	507.927	0
4.284	1	8	124	97.7327	0
7.367	1	103	7	1229.37	0
7.368	1	92	8	877.078	0
4.285	1	16	125	408.958	0
4.286	1	169	126	96.0222	0
7.369	1	157	9	308.502	0
7.37	1	27	10	54.1663	0
4.287	1	94	127	150.154	0
4.288	1	170	128	2267.62	0
7.371	1	58	11	4569.78	0
7.372	1	115	12	237.817	0
4.289	1	54	129	71.8477	0
4.29	1	125	130	171.206	0
7.373	1	48	13	627.266	0
4.291	1	90	131	526.657	0
7.374	1	37	14	2814.64	0
4.292	1	134	132	202.474	0
7.375	1	135	15	271.798	0
4.293	1	186	133	686.98	0
4.294	1	67	134	4006.4	0
7.376	1	193	16	157.529	0
4.295	1	102	135	4426.53	0
4.296	1	63	136	1764.76	0
7.377	1	197	17	78.2014	0
7.378	1	38	18	43.2219	0
4.297	1	145	137	1473.01	0
4.298	1	127	138	65.1782	0
7.379	1	189	19	905.88	0
7.38	1	40	20	11856.2	0
4.3	1	154	140	1359.94	0
7.381	1	142	21	143.298	0
7.382	1	86	22	492.351	0
4.301	1	20	141	108.24	0
4.302	1	52	142	128.674	0
7.383	1	100	23	2120.3	0
4.303	1	138	143	550.631	0
4.304	1	83	144	173.304	0
7.384	1	166	24	105.318	0
4.305	1	5	145	1980.17	0
4.306	1	109	146	320.068	0
7.385	1	118	25	636.992	0
7.386	1	49	26	337.19	0
4.307	1	33	147	2400.46	0
4.308	1	123	148	47.5423	0
7.387	1	196	27	327.245	0
7.388	1	119	28	36.4908	0
4.309	1	99	149	265.067	0
4.31	1	104	150	101.227	0
7.389	1	200	29	205.183	0
7.39	1	55	30	307.84	0
4.311	1	113	151	710.008	0
4.312	1	106	152	122.251	0
7.391	1	95	31	389.57	0
7.392	1	107	32	40.3905	0
4.313	1	65	153	60.4801	0
4.314	1	129	154	245.795	0
4.315	1	199	155	175.138	0
7.393	1	101	33	159.622	0
7.394	1	116	34	1181.15	0
7.395	1	61	35	93.0719	0
7.396	1	111	36	346.383	0
7.397	1	3	37	53.7433	0
7.398	1	4	38	363.957	0
7.399	1	195	39	213.736	0
4.323	1	64	163	381.412	0
7.4	1	30	40	350.326	0
4.324	1	59	164	581.509	0
4.325	1	114	165	305.397	0
7.401	1	91	41	142.765	0
4.326	1	198	166	76.7122	0
7.402	1	35	42	174.285	0
4.327	1	41	167	856.07	0
4.328	1	56	168	131.408	0
7.403	1	19	43	143.536	0
7.404	1	176	44	278.33	0
4.329	1	190	169	76.6904	0
4.33	1	75	170	230.451	0
7.405	1	32	45	316.373	0
7.406	1	126	46	312.002	0
4.331	1	87	171	455.854	0
4.332	1	26	172	2761.2	0
7.407	1	151	47	10102	0
7.408	1	160	48	471.66	0
4.333	1	15	173	77.0099	0
4.334	1	7	174	182.726	0
7.409	1	79	49	1225.05	0
7.41	1	171	50	31.9435	0
4.335	1	164	175	243.279	0
4.336	1	191	176	143.844	0
7.411	1	175	51	4370.51	0
7.412	1	17	52	133.798	0
4.337	1	131	177	188.422	0
4.338	1	122	178	195.087	0
7.413	1	174	53	41.4078	0
7.414	1	74	54	271.692	0
7.415	1	39	55	281.864	0
7.416	1	179	56	136.934	0
7.417	1	194	57	738.493	0
4.345	1	71	185	131.851	0
7.418	1	28	58	397.695	0
4.346	1	76	186	70.8641	0
4.347	1	82	187	8439.29	0
7.419	1	80	59	25.0951	0
4.348	1	184	188	293.903	0
7.42	1	105	60	81.4862	0
4.349	1	68	189	61.4346	0
4.35	1	177	190	88.1064	0
7.421	1	168	61	1795.52	0
7.422	1	73	62	2938.99	0
4.351	1	24	191	235.531	0
4.352	1	117	192	80.3861	0
7.423	1	141	63	184.959	0
7.424	1	53	64	407.259	0
4.353	1	159	193	2431.61	0
4.354	1	22	194	629.268	0
7.425	1	163	65	202.736	0
7.426	1	62	66	184.271	0
4.355	1	137	195	139.442	0
4.356	1	156	196	245.788	0
7.427	1	89	67	1902.46	0
7.428	1	173	68	187.216	0
4.357	1	25	197	211.796	0
4.358	1	50	198	194.91	0
7.429	1	112	69	803.796	0
7.43	1	93	70	66.3656	0
4.359	1	60	199	82.8311	0
4.36	1	36	200	572.338	0
7.431	1	136	71	134.209	0
7.432	1	121	72	281.991	0
4.361	1	78	201	310.501	0
4.362	1	128	202	355.41	0
7.433	1	85	73	232.973	0
4.363	1	144	203	2479.19	0
4.364	1	178	204	155.787	0
7.434	1	2	74	104.519	0
4.365	1	192	205	74.172	0
7.435	1	158	75	1819.98	0
4.366	1	146	206	328.375	0
7.436	1	14	76	225.372	0
4.367	1	140	207	380.619	0
7.437	1	1	77	470.193	0
4.368	1	45	208	83.5417	0
7.438	1	133	78	155.764	0
4.369	1	130	209	64.7295	0
7.439	1	34	79	191.791	0
4.37	1	161	210	499.039	0
7.44	1	18	80	105.765	0
4.371	1	153	211	98.864	0
4.372	1	124	212	195.276	0
4.373	1	167	213	87.396	0
4.374	1	81	214	580.658	0
4.375	1	185	215	128.553	0
7.441	1	149	81	2166.02	0
7.442	1	108	82	158.156	0
7.443	1	97	83	8926.17	0
7.444	1	148	84	81.0947	0
7.445	1	51	85	466.684	0
7.446	1	9	86	417.267	0
7.447	1	132	87	241.452	0
7.448	1	181	88	109.03	0
7.449	1	43	89	238.909	0
7.45	1	84	90	244.609	0
7.451	1	183	91	1695.49	0
7.452	1	44	92	124.434	0
7.453	1	77	93	615.947	0
7.454	1	31	94	746.605	0
7.455	1	57	95	119.806	0
7.456	1	172	96	134.072	0
7.457	1	47	97	375.537	0
7.458	1	187	98	391.898	0
7.459	1	180	99	161.482	0
7.46	1	147	100	6929.44	0
7.461	1	46	101	268.527	0
7.462	1	155	102	234.898	0
7.463	1	21	103	296.655	0
7.464	1	6	104	400.674	0
7.465	1	29	105	79.1298	0
7.466	1	182	106	277.786	0
7.468	1	96	108	205.07	0
7.469	1	42	109	502.373	0
7.47	1	165	110	1028.5	0
7.471	1	69	111	6098.53	0
7.472	1	88	112	620.488	0
7.473	1	188	113	874.832	0
7.474	1	152	114	779.821	0
7.475	1	162	115	113.283	0
7.476	1	11	116	719.235	0
7.477	1	139	117	905.856	0
7.478	1	98	118	347.817	0
7.479	1	23	119	455.428	0
7.48	1	10	120	1251.4	0
7.481	1	12	121	128.68	0
7.482	1	120	122	2823.74	0
7.483	1	150	123	189.108	0
7.484	1	8	124	135.779	0
4.481	1	143	1	350.833	0
4.482	1	70	2	212.188	0
7.485	1	16	125	278.638	0
4.483	1	110	3	155.451	0
4.484	1	13	4	135.548	0
7.486	1	169	126	171.616	0
4.485	1	66	5	188.375	0
4.486	1	72	6	156.788	0
4.487	1	103	7	290.299	0
7.487	1	94	127	149.81	0
4.488	1	92	8	2255.69	0
4.489	1	157	9	317.904	0
7.488	1	170	128	1342.79	0
4.49	1	27	10	57.4253	0
4.491	1	58	11	8816.42	0
4.492	1	115	12	279.067	0
7.489	1	54	129	73.5948	0
4.493	1	48	13	341.747	0
4.494	1	37	14	5880	0
7.49	1	125	130	231.919	0
4.495	1	135	15	300.158	0
4.496	1	193	16	203.87	0
7.491	1	90	131	618.575	0
4.497	1	197	17	225.107	0
4.498	1	38	18	171.771	0
7.492	1	134	132	196.039	0
4.499	1	189	19	1068.8	0
4.5	1	40	20	8068.12	0
4.501	1	142	21	172.154	0
4.502	1	86	22	476.902	0
7.493	1	186	133	1002.57	0
4.503	1	100	23	2872.74	0
4.504	1	166	24	69.9076	0
7.494	1	67	134	9630.28	0
4.505	1	118	25	595.792	0
4.506	1	49	26	353.25	0
4.507	1	196	27	303.961	0
7.495	1	102	135	5422.47	0
4.508	1	119	28	122.284	0
4.509	1	200	29	65.5124	0
7.496	1	63	136	5884.1	0
4.51	1	55	30	108.361	0
4.511	1	95	31	197.253	0
4.512	1	107	32	59.2658	0
7.497	1	145	137	1010.61	0
4.513	1	101	33	131.184	0
4.514	1	116	34	801.239	0
7.498	1	127	138	145.688	0
4.515	1	61	35	194.689	0
4.516	1	111	36	325.202	0
4.517	1	3	37	100.511	0
4.518	1	4	38	380.674	0
4.519	1	195	39	381.924	0
7.5	1	154	140	559.589	0
4.52	1	30	40	672.591	0
4.521	1	91	41	131.722	0
4.522	1	35	42	158.647	0
7.501	1	20	141	241.318	0
4.523	1	19	43	246.594	0
4.524	1	176	44	122.498	0
7.502	1	52	142	108.301	0
4.525	1	32	45	148.761	0
4.526	1	126	46	227.594	0
4.527	1	151	47	5147.13	0
7.503	1	138	143	141.219	0
4.528	1	160	48	215.516	0
4.529	1	79	49	1066.15	0
7.504	1	83	144	105.614	0
4.53	1	171	50	21.6969	0
4.531	1	175	51	5614.51	0
4.532	1	17	52	458.287	0
7.505	1	5	145	1696.28	0
4.533	1	174	53	24.5153	0
4.534	1	74	54	366.153	0
7.506	1	109	146	141.044	0
4.535	1	39	55	296.764	0
4.536	1	179	56	139.74	0
7.507	1	33	147	1006.34	0
4.537	1	194	57	360.424	0
4.538	1	28	58	97.4978	0
7.508	1	123	148	65.5621	0
4.539	1	80	59	69.4538	0
4.54	1	105	60	109.59	0
7.509	1	99	149	1199.57	0
4.541	1	168	61	1345.58	0
4.542	1	73	62	12891.9	0
4.543	1	141	63	190.517	0
7.51	1	104	150	97.0523	0
4.544	1	53	64	302.925	0
4.545	1	163	65	152.228	0
4.546	1	62	66	303.079	0
7.511	1	113	151	713.37	0
4.547	1	89	67	1128.63	0
4.548	1	173	68	192.01	0
7.512	1	106	152	65.3002	0
4.549	1	112	69	667.789	0
4.55	1	93	70	102.231	0
7.513	1	65	153	82.4772	0
4.551	1	136	71	127.604	0
4.552	1	121	72	214.753	0
7.514	1	129	154	332.332	0
4.553	1	85	73	164.397	0
4.554	1	2	74	69.2916	0
4.555	1	158	75	561.204	0
7.515	1	199	155	194.664	0
4.556	1	14	76	290.601	0
4.557	1	1	77	339.359	0
4.558	1	133	78	203.138	0
4.559	1	34	79	208.712	0
4.56	1	18	80	109.78	0
4.561	1	149	81	1013.16	0
4.562	1	108	82	673.899	0
4.563	1	97	83	9955.56	0
4.564	1	148	84	51.5815	0
4.565	1	51	85	472.408	0
4.566	1	9	86	784.547	0
4.567	1	132	87	163.684	0
4.568	1	181	88	30.3248	0
4.569	1	43	89	297.576	0
4.57	1	84	90	159.878	0
4.571	1	183	91	578.131	0
4.572	1	44	92	152.421	0
4.573	1	77	93	333.474	0
4.574	1	31	94	692.932	0
4.575	1	57	95	56.9552	0
4.576	1	172	96	152.521	0
4.577	1	47	97	373.697	0
4.578	1	187	98	348.41	0
4.579	1	180	99	108.053	0
4.58	1	147	100	5307.62	0
7.523	1	64	163	510.103	0
4.581	1	46	101	430.779	0
4.582	1	155	102	178.025	0
7.524	1	59	164	1023.74	0
4.583	1	21	103	191.417	0
4.584	1	6	104	143.388	0
7.525	1	114	165	184.647	0
4.585	1	29	105	159.871	0
4.586	1	182	106	197.435	0
7.526	1	198	166	232.983	0
4.588	1	96	108	184.848	0
7.527	1	41	167	515.737	0
4.589	1	42	109	234.647	0
4.59	1	165	110	1189.61	0
7.528	1	56	168	138.156	0
4.591	1	69	111	2605.67	0
4.592	1	88	112	696.914	0
4.593	1	188	113	1692.62	0
4.594	1	152	114	400.37	0
7.529	1	190	169	106.172	0
4.595	1	162	115	250.048	0
4.596	1	11	116	285.696	0
7.53	1	75	170	165.587	0
4.597	1	139	117	779.759	0
4.598	1	98	118	109.089	0
7.531	1	87	171	536.027	0
4.599	1	23	119	325.137	0
4.6	1	10	120	1486.1	0
7.532	1	26	172	4728.56	0
4.601	1	12	121	535.932	0
4.602	1	120	122	1579.23	0
4.603	1	150	123	103.358	0
7.533	1	15	173	103.451	0
4.604	1	8	124	108.106	0
4.605	1	16	125	125.723	0
4.606	1	169	126	62.8183	0
7.534	1	7	174	252.023	0
4.607	1	94	127	51.0475	0
4.608	1	170	128	2544.2	0
4.609	1	54	129	232.07	0
4.61	1	125	130	137.133	0
4.611	1	90	131	208.629	0
4.612	1	134	132	298.721	0
4.613	1	186	133	1183.17	0
4.614	1	67	134	4967.01	0
4.615	1	102	135	3371.1	0
4.616	1	63	136	2730.58	0
4.617	1	145	137	1523.78	0
4.618	1	127	138	251.18	0
7.535	1	164	175	640.379	0
7.536	1	191	176	397.28	0
4.62	1	154	140	1100.17	0
7.537	1	131	177	501.546	0
4.621	1	20	141	125.918	0
7.538	1	122	178	125.79	0
4.622	1	52	142	55.081	0
4.623	1	138	143	471.477	0
4.624	1	83	144	132.509	0
4.625	1	5	145	1284.54	0
4.626	1	109	146	194.773	0
4.627	1	33	147	4146.78	0
4.628	1	123	148	68.2327	0
4.629	1	99	149	533.048	0
4.63	1	104	150	78.5648	0
4.631	1	113	151	1875.9	0
7.545	1	71	185	92.0124	0
4.632	1	106	152	113.761	0
7.546	1	76	186	344.812	0
4.633	1	65	153	50.8137	0
4.634	1	129	154	774.943	0
7.547	1	82	187	9412.77	0
7.548	1	184	188	351.975	0
4.635	1	199	155	191.516	0
7.549	1	68	189	92.9956	0
7.55	1	177	190	165.861	0
7.551	1	24	191	92.8516	0
7.552	1	117	192	58.5005	0
7.553	1	159	193	2556.32	0
7.554	1	22	194	342.594	0
4.643	1	64	163	737.451	0
7.555	1	137	195	372.057	0
4.644	1	59	164	903.46	0
7.556	1	156	196	257.777	0
4.645	1	114	165	306.388	0
7.557	1	25	197	169.427	0
4.646	1	198	166	61.1687	0
7.558	1	50	198	319.622	0
4.647	1	41	167	320.045	0
7.559	1	60	199	47.8278	0
4.648	1	56	168	117.849	0
7.56	1	36	200	645.685	0
4.649	1	190	169	148.389	0
4.65	1	75	170	141.845	0
7.561	1	78	201	78.8799	0
4.651	1	87	171	580.655	0
4.652	1	26	172	7697.14	0
7.562	1	128	202	455.284	0
4.653	1	15	173	148.27	0
4.654	1	7	174	177.657	0
7.563	1	144	203	1513.05	0
7.564	1	178	204	101.828	0
4.655	1	164	175	506.511	0
4.656	1	191	176	252.815	0
7.565	1	192	205	19.1432	0
7.566	1	146	206	331.38	0
4.657	1	131	177	175.452	0
4.658	1	122	178	267.05	0
7.567	1	140	207	474.43	0
7.568	1	45	208	246.53	0
7.569	1	130	209	83.9666	0
7.57	1	161	210	708.493	0
7.571	1	153	211	117.555	0
7.572	1	124	212	390.477	0
4.665	1	71	185	96.5575	0
7.573	1	167	213	236.08	0
4.666	1	76	186	230.06	0
4.667	1	82	187	5056.34	0
7.574	1	81	214	1087.06	0
4.668	1	184	188	173.344	0
7.575	1	185	215	209.476	0
4.669	1	68	189	64.8898	0
4.67	1	177	190	157.456	0
4.671	1	24	191	141.129	0
4.672	1	117	192	86.4309	0
4.673	1	159	193	2011.95	0
4.674	1	22	194	244.698	0
4.675	1	137	195	384.393	0
4.676	1	156	196	246.231	0
4.677	1	25	197	92.231	0
4.678	1	50	198	304.484	0
4.679	1	60	199	128.854	0
4.68	1	36	200	284.808	0
4.681	1	78	201	224.775	0
4.682	1	128	202	163.476	0
4.683	1	144	203	1630.23	0
4.684	1	178	204	89.9486	0
4.685	1	192	205	65.2335	0
4.686	1	146	206	966.379	0
4.687	1	140	207	195.967	0
4.688	1	45	208	131.185	0
4.689	1	130	209	247.619	0
4.69	1	161	210	348.216	0
4.691	1	153	211	210.969	0
4.692	1	124	212	218.768	0
4.693	1	167	213	206.925	0
4.694	1	81	214	413.141	0
4.695	1	185	215	431.069	0
7.681	1	143	1	220.464	0
7.682	1	70	2	72.2836	0
7.683	1	110	3	57.7639	0
4.801	1	143	1	181.773	0
4.802	1	70	2	137.435	0
7.684	1	13	4	51.9389	0
4.803	1	110	3	205.457	0
4.804	1	13	4	91.0089	0
7.685	1	66	5	365.881	0
7.686	1	72	6	317.316	0
4.805	1	66	5	205.391	0
4.806	1	72	6	152.043	0
7.687	1	103	7	783.395	0
7.688	1	92	8	2259.1	0
4.807	1	103	7	416.907	0
7.689	1	157	9	592.975	0
4.808	1	92	8	1753.18	0
7.69	1	27	10	30.8918	0
4.809	1	157	9	486.54	0
7.691	1	58	11	7221.06	0
4.81	1	27	10	116.136	0
7.692	1	115	12	214.263	0
4.811	1	58	11	5972.08	0
4.812	1	115	12	206.701	0
7.693	1	48	13	295.749	0
4.813	1	48	13	215.77	0
7.694	1	37	14	3444.69	0
4.814	1	37	14	2617.69	0
7.695	1	135	15	415.413	0
4.815	1	135	15	300.959	0
7.696	1	193	16	192.961	0
4.816	1	193	16	200.436	0
7.697	1	197	17	235.922	0
4.817	1	197	17	255.252	0
7.698	1	38	18	48.9712	0
4.818	1	38	18	112.888	0
7.699	1	189	19	965.763	0
4.819	1	189	19	1444.4	0
4.82	1	40	20	3266.77	0
7.7	1	40	20	6382.49	0
4.821	1	142	21	186.868	0
4.822	1	86	22	157.405	0
7.701	1	142	21	362.364	0
7.702	1	86	22	499.629	0
4.823	1	100	23	2388.08	0
4.824	1	166	24	152.717	0
7.703	1	100	23	2170.84	0
7.704	1	166	24	175.624	0
4.825	1	118	25	599.435	0
4.826	1	49	26	776.992	0
7.705	1	118	25	136.496	0
4.827	1	196	27	318.893	0
7.706	1	49	26	389.73	0
4.828	1	119	28	48.1062	0
7.707	1	196	27	416.692	0
4.829	1	200	29	147.318	0
7.708	1	119	28	197.465	0
4.83	1	55	30	175.059	0
7.709	1	200	29	216.662	0
4.831	1	95	31	473.478	0
7.71	1	55	30	168.024	0
4.832	1	107	32	133.027	0
7.711	1	95	31	97.9422	0
4.833	1	101	33	78.8493	0
4.834	1	116	34	1625.41	0
7.712	1	107	32	47.3281	0
4.835	1	61	35	142.25	0
7.713	1	101	33	61.7673	0
4.836	1	111	36	409.765	0
7.714	1	116	34	2270.63	0
7.715	1	61	35	131.214	0
4.837	1	3	37	61.079	0
4.838	1	4	38	211.001	0
4.839	1	195	39	341.726	0
4.84	1	30	40	354.526	0
7.716	1	111	36	378.565	0
4.841	1	91	41	154.157	0
4.842	1	35	42	307.166	0
7.717	1	3	37	20.0193	0
4.843	1	19	43	300.058	0
7.718	1	4	38	137.293	0
4.844	1	176	44	321.876	0
7.719	1	195	39	238.662	0
4.845	1	32	45	175.851	0
4.846	1	126	46	314.904	0
7.72	1	30	40	101.184	0
4.847	1	151	47	4557.77	0
4.848	1	160	48	380.045	0
7.721	1	91	41	141.692	0
7.722	1	35	42	288.644	0
4.849	1	79	49	1995.92	0
4.85	1	171	50	54.4285	0
7.723	1	19	43	151.408	0
7.724	1	176	44	343.963	0
4.851	1	175	51	4686.91	0
4.852	1	17	52	221.587	0
7.725	1	32	45	235.706	0
7.726	1	126	46	361.612	0
4.853	1	174	53	56.2201	0
4.854	1	74	54	582.741	0
7.727	1	151	47	5181.08	0
4.855	1	39	55	198.158	0
7.728	1	160	48	296.946	0
4.856	1	179	56	78.9212	0
7.729	1	79	49	1990.27	0
4.857	1	194	57	511.937	0
7.73	1	171	50	95.2597	0
4.858	1	28	58	638.734	0
7.731	1	175	51	4598.94	0
4.859	1	80	59	104.182	0
7.732	1	17	52	220.507	0
4.86	1	105	60	153.091	0
7.733	1	174	53	83.394	0
4.861	1	168	61	3024.14	0
4.862	1	73	62	4381.9	0
7.734	1	74	54	365.767	0
4.863	1	141	63	60.3367	0
7.735	1	39	55	178.989	0
4.864	1	53	64	266.009	0
7.736	1	179	56	72.8285	0
4.865	1	163	65	149.325	0
7.737	1	194	57	1062.43	0
4.866	1	62	66	99.8579	0
7.738	1	28	58	289.975	0
4.867	1	89	67	1200.54	0
7.739	1	80	59	39.8615	0
4.868	1	173	68	116.606	0
7.74	1	105	60	96.0756	0
4.869	1	112	69	332.622	0
4.87	1	93	70	86.5939	0
7.741	1	168	61	1732.67	0
4.871	1	136	71	79.8933	0
4.872	1	121	72	330.098	0
7.742	1	73	62	9761.38	0
4.873	1	85	73	132.949	0
7.743	1	141	63	210.047	0
4.874	1	2	74	75.6803	0
7.744	1	53	64	276.083	0
4.875	1	158	75	2998.03	0
7.745	1	163	65	146.85	0
4.876	1	14	76	683.255	0
7.746	1	62	66	152.608	0
4.877	1	1	77	234.161	0
7.747	1	89	67	1701.66	0
4.878	1	133	78	238.482	0
7.748	1	173	68	97.2011	0
4.879	1	34	79	289.383	0
7.749	1	112	69	486.537	0
4.88	1	18	80	50.1798	0
7.75	1	93	70	73.9212	0
4.881	1	149	81	2568.01	0
7.751	1	136	71	105.16	0
4.882	1	108	82	201.701	0
4.883	1	97	83	8216.37	0
7.752	1	121	72	332.67	0
4.884	1	148	84	104.819	0
4.885	1	51	85	942.726	0
7.753	1	85	73	147.262	0
4.886	1	9	86	417.799	0
7.754	1	2	74	72.5745	0
4.887	1	132	87	225.112	0
7.755	1	158	75	883.667	0
4.888	1	181	88	101.525	0
7.756	1	14	76	397.059	0
4.889	1	43	89	282.745	0
4.89	1	84	90	171.027	0
7.757	1	1	77	452.634	0
7.758	1	133	78	138.91	0
4.891	1	183	91	711.706	0
4.892	1	44	92	271.875	0
7.759	1	34	79	135.309	0
7.76	1	18	80	65.1591	0
4.893	1	77	93	1544.5	0
4.894	1	31	94	466.772	0
4.895	1	57	95	103.885	0
7.761	1	149	81	3260.33	0
4.896	1	172	96	134.113	0
7.762	1	108	82	310.282	0
4.897	1	47	97	210.13	0
4.898	1	187	98	265.866	0
7.763	1	97	83	5150.37	0
4.899	1	180	99	192.894	0
7.764	1	148	84	85.9373	0
4.9	1	147	100	9826.13	0
7.765	1	51	85	746.969	0
4.901	1	46	101	248.375	0
7.766	1	9	86	521.663	0
4.902	1	155	102	150.338	0
7.767	1	132	87	252.565	0
4.903	1	21	103	260.709	0
7.768	1	181	88	71.037	0
4.904	1	6	104	159.304	0
4.905	1	29	105	186.627	0
7.769	1	43	89	227.446	0
4.906	1	182	106	126.142	0
7.77	1	84	90	268.946	0
7.771	1	183	91	826.308	0
4.908	1	96	108	227.085	0
7.772	1	44	92	514.672	0
4.909	1	42	109	415.452	0
4.91	1	165	110	3800.56	0
7.773	1	77	93	941.752	0
4.911	1	69	111	6390.35	0
7.774	1	31	94	888.39	0
4.912	1	88	112	423.171	0
7.775	1	57	95	363.701	0
4.913	1	188	113	760.75	0
4.914	1	152	114	496.762	0
7.776	1	172	96	192.47	0
4.915	1	162	115	33.4037	0
4.916	1	11	116	652.791	0
7.777	1	47	97	917.203	0
7.778	1	187	98	134.694	0
4.917	1	139	117	2357.88	0
4.918	1	98	118	465.431	0
7.779	1	180	99	48.511	0
4.919	1	23	119	324.095	0
7.78	1	147	100	8542.65	0
4.92	1	10	120	2191.44	0
7.781	1	46	101	123.513	0
7.782	1	155	102	62.7975	0
4.921	1	12	121	305.855	0
4.922	1	120	122	1794.65	0
4.923	1	150	123	152.534	0
7.783	1	21	103	304.09	0
4.924	1	8	124	118.569	0
7.784	1	6	104	336.523	0
4.925	1	16	125	668.105	0
4.926	1	169	126	49.3116	0
7.785	1	29	105	170.381	0
7.786	1	182	106	186.626	0
4.927	1	94	127	176.291	0
4.928	1	170	128	3278.04	0
7.788	1	96	108	137.091	0
4.929	1	54	129	50.5318	0
4.93	1	125	130	208.131	0
7.789	1	42	109	537.407	0
7.79	1	165	110	969.139	0
4.931	1	90	131	961.589	0
4.932	1	134	132	91.6056	0
7.791	1	69	111	5498.37	0
7.792	1	88	112	519.675	0
4.933	1	186	133	1159.4	0
4.934	1	67	134	18704.2	0
7.793	1	188	113	1587.84	0
4.935	1	102	135	11010.7	0
7.794	1	152	114	651.9	0
4.936	1	63	136	3974.99	0
7.795	1	162	115	66.873	0
4.937	1	145	137	1765.55	0
7.796	1	11	116	211.197	0
4.938	1	127	138	93.3029	0
7.797	1	139	117	2166.36	0
7.798	1	98	118	189.087	0
4.94	1	154	140	1415.55	0
7.799	1	23	119	269.393	0
4.941	1	20	141	80.1043	0
4.942	1	52	142	130.051	0
7.8	1	10	120	2417.36	0
4.943	1	138	143	700.644	0
4.944	1	83	144	47.9067	0
7.801	1	12	121	240.493	0
4.945	1	5	145	2736.58	0
7.802	1	120	122	1701.46	0
4.946	1	109	146	258.986	0
7.803	1	150	123	97.7233	0
4.947	1	33	147	795.077	0
7.804	1	8	124	175.688	0
4.948	1	123	148	51.6211	0
7.805	1	16	125	133.152	0
4.949	1	99	149	622.919	0
7.806	1	169	126	56.8944	0
4.95	1	104	150	68.7749	0
7.807	1	94	127	164.476	0
4.951	1	113	151	2237.59	0
7.808	1	170	128	2850.55	0
4.952	1	106	152	202.668	0
7.809	1	54	129	152.242	0
4.953	1	65	153	52.3434	0
7.81	1	125	130	216.602	0
4.954	1	129	154	224.817	0
7.811	1	90	131	421.414	0
4.955	1	199	155	228.173	0
7.812	1	134	132	122.89	0
7.813	1	186	133	1261.42	0
7.814	1	67	134	5840.97	0
7.815	1	102	135	1081.16	0
7.816	1	63	136	5317.47	0
4.963	1	64	163	112.27	0
4.964	1	59	164	1081.34	0
7.817	1	145	137	1206.4	0
7.818	1	127	138	166.096	0
4.965	1	114	165	230.275	0
4.966	1	198	166	141.268	0
4.967	1	41	167	331.723	0
4.968	1	56	168	381.982	0
7.82	1	154	140	735.903	0
4.969	1	190	169	88.3819	0
4.97	1	75	170	166.751	0
7.821	1	20	141	220.772	0
7.822	1	52	142	57.0527	0
4.971	1	87	171	1082.58	0
4.972	1	26	172	3877.02	0
7.823	1	138	143	419.19	0
7.824	1	83	144	37.4055	0
4.973	1	15	173	243.905	0
4.974	1	7	174	74.6814	0
7.825	1	5	145	2352.54	0
7.826	1	109	146	237.336	0
4.975	1	164	175	499.865	0
4.976	1	191	176	262.231	0
7.827	1	33	147	2281.36	0
7.828	1	123	148	73.5394	0
4.977	1	131	177	366.137	0
4.978	1	122	178	336.634	0
7.829	1	99	149	668.315	0
7.83	1	104	150	186.791	0
7.831	1	113	151	1663.03	0
7.832	1	106	152	328.324	0
7.833	1	65	153	45.3626	0
7.834	1	129	154	468.753	0
7.835	1	199	155	187.175	0
4.985	1	71	185	108.065	0
4.986	1	76	186	151.378	0
4.987	1	82	187	4240.28	0
4.988	1	184	188	344.494	0
4.989	1	68	189	207.24	0
4.99	1	177	190	65.8173	0
4.991	1	24	191	181.102	0
4.992	1	117	192	100.961	0
4.993	1	159	193	1163.08	0
4.994	1	22	194	318.899	0
4.995	1	137	195	254.425	0
7.843	1	64	163	401.803	0
4.996	1	156	196	228.192	0
7.844	1	59	164	1094.61	0
4.997	1	25	197	270.271	0
7.845	1	114	165	410.056	0
4.998	1	50	198	199.018	0
7.846	1	198	166	174.544	0
4.999	1	60	199	177.557	0
7.847	1	41	167	256.89	0
7.848	1	56	168	64.8888	0
5	1	36	200	740.86	0
7.849	1	190	169	63.0205	0
5.001	1	78	201	216.865	0
7.85	1	75	170	121.453	0
5.002	1	128	202	163.936	0
7.851	1	87	171	744.428	0
5.003	1	144	203	1389.72	0
5.004	1	178	204	165.37	0
7.852	1	26	172	2749.87	0
5.005	1	192	205	140.886	0
5.006	1	146	206	402.204	0
7.853	1	15	173	134.721	0
7.854	1	7	174	129.477	0
5.007	1	140	207	482.669	0
5.008	1	45	208	109.125	0
7.855	1	164	175	318.056	0
7.856	1	191	176	205.193	0
5.009	1	130	209	141.298	0
5.01	1	161	210	389.032	0
7.857	1	131	177	155.428	0
7.858	1	122	178	122.038	0
5.011	1	153	211	160.265	0
5.012	1	124	212	266.448	0
5.013	1	167	213	333.699	0
5.014	1	81	214	1037.68	0
5.015	1	185	215	204.511	0
7.865	1	71	185	141.103	0
7.866	1	76	186	226.614	0
7.867	1	82	187	11784.2	0
7.868	1	184	188	250.402	0
7.869	1	68	189	68.4018	0
7.87	1	177	190	109.348	0
7.871	1	24	191	91.1319	0
7.872	1	117	192	83.0286	0
7.873	1	159	193	2623.79	0
7.874	1	22	194	509.135	0
7.875	1	137	195	122.403	0
7.876	1	156	196	345.744	0
7.877	1	25	197	221.259	0
7.878	1	50	198	250.078	0
7.879	1	60	199	67.088	0
7.88	1	36	200	154.124	0
7.881	1	78	201	107.695	0
7.882	1	128	202	422.321	0
7.883	1	144	203	3632.58	0
7.884	1	178	204	122.435	0
7.885	1	192	205	88.1202	0
7.886	1	146	206	208.873	0
7.887	1	140	207	712.226	0
7.888	1	45	208	172.767	0
7.889	1	130	209	101.412	0
7.89	1	161	210	1062.75	0
7.891	1	153	211	203.675	0
7.892	1	124	212	284.192	0
7.893	1	167	213	123.955	0
7.894	1	81	214	764.887	0
7.895	1	185	215	281.77	0
5.121	1	143	1	228.428	0
5.122	1	70	2	126.598	0
5.123	1	110	3	240.914	0
5.124	1	13	4	78.5723	0
5.125	1	66	5	271.301	0
5.126	1	72	6	111.517	0
5.127	1	103	7	701.464	0
5.128	1	92	8	1259.81	0
5.129	1	157	9	162.788	0
5.13	1	27	10	86.7197	0
5.131	1	58	11	3890.34	0
5.132	1	115	12	470.121	0
5.133	1	48	13	302.379	0
5.134	1	37	14	1647.44	0
5.135	1	135	15	222.949	0
5.136	1	193	16	307.699	0
5.137	1	197	17	320.486	0
5.138	1	38	18	135.455	0
5.139	1	189	19	677.861	0
5.14	1	40	20	10596.4	0
5.141	1	142	21	434.382	0
5.142	1	86	22	590.852	0
5.143	1	100	23	4349.07	0
5.144	1	166	24	114.9	0
5.145	1	118	25	391.706	0
5.146	1	49	26	467.458	0
5.147	1	196	27	271.968	0
5.148	1	119	28	111.162	0
5.149	1	200	29	538.712	0
5.15	1	55	30	122.891	0
5.151	1	95	31	86.1036	0
5.152	1	107	32	91.2567	0
5.153	1	101	33	227.488	0
5.154	1	116	34	2181.64	0
5.155	1	61	35	81.9197	0
5.156	1	111	36	461.444	0
5.157	1	3	37	53.2036	0
5.158	1	4	38	153.059	0
5.159	1	195	39	269.638	0
5.16	1	30	40	211.329	0
5.161	1	91	41	108.399	0
5.162	1	35	42	286.904	0
5.163	1	19	43	190.924	0
5.164	1	176	44	130.279	0
5.165	1	32	45	102.483	0
5.166	1	126	46	358.965	0
5.167	1	151	47	3422.27	0
5.168	1	160	48	179.789	0
5.169	1	79	49	2126.86	0
5.17	1	171	50	63.2684	0
5.171	1	175	51	3908.11	0
5.172	1	17	52	265.962	0
5.173	1	174	53	108.065	0
5.174	1	74	54	240.667	0
5.175	1	39	55	96.107	0
5.176	1	179	56	99.2282	0
5.177	1	194	57	339.31	0
5.178	1	28	58	450.995	0
5.179	1	80	59	35.2675	0
5.18	1	105	60	136.231	0
5.181	1	168	61	2369.79	0
5.182	1	73	62	2325.26	0
5.183	1	141	63	125.128	0
5.184	1	53	64	251.016	0
5.185	1	163	65	197.85	0
5.186	1	62	66	137.886	0
5.187	1	89	67	804.512	0
5.188	1	173	68	292.939	0
5.189	1	112	69	303.793	0
5.19	1	93	70	161.145	0
5.191	1	136	71	26.8505	0
5.192	1	121	72	169.807	0
5.193	1	85	73	206.423	0
5.194	1	2	74	88.9045	0
5.195	1	158	75	3159.94	0
5.196	1	14	76	103.767	0
5.197	1	1	77	730.233	0
5.198	1	133	78	323.289	0
5.199	1	34	79	64.0886	0
5.2	1	18	80	48.3866	0
5.201	1	149	81	1595.14	0
5.202	1	108	82	415.615	0
5.203	1	97	83	4259.72	0
5.204	1	148	84	61.0268	0
5.205	1	51	85	373.601	0
5.206	1	9	86	364.606	0
5.207	1	132	87	365.271	0
5.208	1	181	88	124.442	0
5.209	1	43	89	158.639	0
5.21	1	84	90	158.653	0
5.211	1	183	91	805.498	0
5.212	1	44	92	192.858	0
5.213	1	77	93	198.808	0
5.214	1	31	94	1036.83	0
5.215	1	57	95	246.664	0
5.216	1	172	96	159.392	0
5.217	1	47	97	221.143	0
5.218	1	187	98	239.037	0
5.219	1	180	99	119.593	0
5.22	1	147	100	23466.2	0
5.221	1	46	101	242.249	0
5.222	1	155	102	127.899	0
5.223	1	21	103	407.82	0
5.224	1	6	104	256.607	0
5.225	1	29	105	88.4672	0
5.226	1	182	106	196.109	0
5.228	1	96	108	206.516	0
5.229	1	42	109	190.778	0
5.23	1	165	110	1202.88	0
5.231	1	69	111	3631.35	0
5.232	1	88	112	808.193	0
5.233	1	188	113	1719.08	0
5.234	1	152	114	797.097	0
5.235	1	162	115	164.743	0
5.236	1	11	116	399.1	0
5.237	1	139	117	1458.14	0
5.238	1	98	118	88.8614	0
5.239	1	23	119	359.525	0
5.24	1	10	120	2964.17	0
5.241	1	12	121	127.379	0
5.242	1	120	122	1695.1	0
5.243	1	150	123	119.814	0
5.244	1	8	124	63.1025	0
5.245	1	16	125	218.734	0
5.246	1	169	126	45.6611	0
5.247	1	94	127	138.208	0
5.248	1	170	128	1548.84	0
5.249	1	54	129	66.9964	0
5.25	1	125	130	110.697	0
5.251	1	90	131	213.988	0
5.252	1	134	132	119.322	0
5.253	1	186	133	2557.47	0
5.254	1	67	134	9406.67	0
5.255	1	102	135	10687.9	0
5.256	1	63	136	6210.36	0
5.257	1	145	137	1603.58	0
5.258	1	127	138	127.044	0
5.26	1	154	140	446.393	0
5.261	1	20	141	135.183	0
5.262	1	52	142	53.1052	0
5.263	1	138	143	396.002	0
5.264	1	83	144	58.7709	0
5.265	1	5	145	1756.88	0
5.266	1	109	146	127.887	0
5.267	1	33	147	606.526	0
5.268	1	123	148	34.2667	0
5.269	1	99	149	851.079	0
5.27	1	104	150	116.919	0
5.271	1	113	151	1805.14	0
5.272	1	106	152	141.534	0
5.273	1	65	153	56.6452	0
5.274	1	129	154	364.778	0
5.275	1	199	155	214.452	0
5.283	1	64	163	99.1925	0
5.284	1	59	164	916.846	0
5.285	1	114	165	248.994	0
5.286	1	198	166	120.153	0
5.287	1	41	167	415.128	0
5.288	1	56	168	104.251	0
5.289	1	190	169	117.327	0
5.29	1	75	170	409.89	0
5.291	1	87	171	747.738	0
5.292	1	26	172	4469.98	0
5.293	1	15	173	79.2262	0
5.294	1	7	174	84.7576	0
5.295	1	164	175	458.844	0
5.296	1	191	176	158.442	0
5.297	1	131	177	207.989	0
5.298	1	122	178	164.196	0
5.305	1	71	185	118.073	0
5.306	1	76	186	142.829	0
5.307	1	82	187	6883.25	0
5.308	1	184	188	552.84	0
5.309	1	68	189	61.6388	0
5.31	1	177	190	113.104	0
5.311	1	24	191	153.641	0
5.312	1	117	192	84.6073	0
5.313	1	159	193	3278.49	0
5.314	1	22	194	353.595	0
5.315	1	137	195	185.856	0
5.316	1	156	196	107.613	0
5.317	1	25	197	389.638	0
5.318	1	50	198	135.067	0
5.319	1	60	199	124.584	0
5.32	1	36	200	282.953	0
5.321	1	78	201	177.821	0
5.322	1	128	202	257.881	0
5.323	1	144	203	1868	0
5.324	1	178	204	258.117	0
5.325	1	192	205	67.9147	0
5.326	1	146	206	309.924	0
5.327	1	140	207	281.742	0
5.328	1	45	208	92.4692	0
5.329	1	130	209	136.117	0
5.33	1	161	210	761.599	0
5.331	1	153	211	149.755	0
5.332	1	124	212	225.476	0
8.001	1	143	1	229.857	0
5.333	1	167	213	163.935	0
5.334	1	81	214	421.784	0
8.002	1	70	2	144.896	0
5.335	1	185	215	128.772	0
8.003	1	110	3	249.846	0
8.004	1	13	4	92.795	0
8.005	1	66	5	251.834	0
8.006	1	72	6	101.766	0
8.007	1	103	7	1648.91	0
8.008	1	92	8	928.14	0
8.009	1	157	9	622.089	0
8.01	1	27	10	52.264	0
8.011	1	58	11	7625.05	0
8.012	1	115	12	173.692	0
8.013	1	48	13	320.77	0
8.014	1	37	14	6023.61	0
8.015	1	135	15	350.097	0
8.016	1	193	16	287.935	0
8.017	1	197	17	140.649	0
8.018	1	38	18	107.702	0
8.019	1	189	19	515.636	0
8.02	1	40	20	6428.35	0
8.021	1	142	21	592.799	0
8.022	1	86	22	388.939	0
8.023	1	100	23	1896.26	0
8.024	1	166	24	69.4106	0
8.025	1	118	25	586.987	0
8.026	1	49	26	270.555	0
8.027	1	196	27	223.64	0
8.028	1	119	28	84.2915	0
8.029	1	200	29	185.552	0
8.03	1	55	30	103.884	0
8.031	1	95	31	403.818	0
8.032	1	107	32	20.6925	0
8.033	1	101	33	94.5094	0
8.034	1	116	34	2260.17	0
8.035	1	61	35	185.915	0
8.036	1	111	36	235.95	0
8.037	1	3	37	72.5487	0
8.038	1	4	38	156.314	0
8.039	1	195	39	523.417	0
8.04	1	30	40	402.733	0
8.041	1	91	41	89.1964	0
8.042	1	35	42	155.765	0
8.043	1	19	43	269.474	0
8.044	1	176	44	187.071	0
8.045	1	32	45	156.975	0
8.046	1	126	46	250.347	0
8.047	1	151	47	3712.22	0
8.048	1	160	48	474.101	0
8.049	1	79	49	1615.39	0
8.05	1	171	50	63.4815	0
8.051	1	175	51	3703.05	0
8.052	1	17	52	162.18	0
8.053	1	174	53	50.6722	0
8.054	1	74	54	717.101	0
8.055	1	39	55	183.795	0
8.056	1	179	56	142.856	0
8.057	1	194	57	367.951	0
8.058	1	28	58	240.937	0
8.059	1	80	59	72.6295	0
5.441	1	143	1	206.831	0
8.06	1	105	60	102.706	0
5.442	1	70	2	118.407	0
5.443	1	110	3	313.974	0
5.444	1	13	4	65.0817	0
8.061	1	168	61	1659.93	0
5.445	1	66	5	148.973	0
5.446	1	72	6	101.451	0
8.062	1	73	62	3737.71	0
5.447	1	103	7	854.829	0
5.448	1	92	8	1950.44	0
8.063	1	141	63	147.921	0
5.449	1	157	9	351.015	0
5.45	1	27	10	173.93	0
8.064	1	53	64	344.492	0
5.451	1	58	11	5241.17	0
5.452	1	115	12	460.275	0
8.065	1	163	65	144.502	0
5.453	1	48	13	319.126	0
8.066	1	62	66	45.5144	0
5.454	1	37	14	5977.71	0
5.455	1	135	15	434.413	0
8.067	1	89	67	1494.02	0
5.456	1	193	16	80.7505	0
8.068	1	173	68	183.745	0
5.457	1	197	17	261.112	0
5.458	1	38	18	115.563	0
5.459	1	189	19	469.668	0
8.069	1	112	69	518.297	0
5.46	1	40	20	4509.64	0
8.07	1	93	70	55.2096	0
5.461	1	142	21	300.928	0
5.462	1	86	22	991.934	0
8.071	1	136	71	167.408	0
5.463	1	100	23	2733.13	0
5.464	1	166	24	116.418	0
8.072	1	121	72	315.676	0
5.465	1	118	25	602.096	0
5.466	1	49	26	361.465	0
8.073	1	85	73	129.22	0
5.467	1	196	27	289.622	0
5.468	1	119	28	208.274	0
8.074	1	2	74	46.1394	0
5.469	1	200	29	236.021	0
5.47	1	55	30	41.1152	0
8.075	1	158	75	951.253	0
5.471	1	95	31	331.213	0
5.472	1	107	32	57.5451	0
8.076	1	14	76	398.475	0
5.473	1	101	33	96.0692	0
5.474	1	116	34	831.796	0
8.077	1	1	77	355.031	0
5.475	1	61	35	98.6086	0
8.078	1	133	78	399.443	0
5.476	1	111	36	595.254	0
5.477	1	3	37	74.583	0
8.079	1	34	79	65.7207	0
5.478	1	4	38	96.0844	0
8.08	1	18	80	72.3931	0
5.479	1	195	39	271.9	0
5.48	1	30	40	356.361	0
8.081	1	149	81	678.865	0
5.481	1	91	41	178.843	0
5.482	1	35	42	109.238	0
8.082	1	108	82	370.503	0
5.483	1	19	43	184.765	0
5.484	1	176	44	437.675	0
5.485	1	32	45	315.496	0
5.486	1	126	46	274.489	0
8.083	1	97	83	4217.05	0
5.487	1	151	47	2810.47	0
5.488	1	160	48	415.909	0
8.084	1	148	84	35.2662	0
5.489	1	79	49	1198.56	0
5.49	1	171	50	37.12	0
8.085	1	51	85	387.496	0
5.491	1	175	51	2725.77	0
8.086	1	9	86	492.1	0
5.492	1	17	52	260.768	0
5.493	1	174	53	76.0924	0
5.494	1	74	54	616.303	0
8.087	1	132	87	315.964	0
5.495	1	39	55	231.213	0
8.088	1	181	88	162.621	0
5.496	1	179	56	45.025	0
5.497	1	194	57	592.924	0
8.089	1	43	89	214.72	0
5.498	1	28	58	331.469	0
8.09	1	84	90	526.016	0
5.499	1	80	59	25.9882	0
5.5	1	105	60	118.289	0
8.091	1	183	91	388.719	0
5.501	1	168	61	606.111	0
8.092	1	44	92	137.325	0
5.502	1	73	62	6580.08	0
5.503	1	141	63	145.917	0
5.504	1	53	64	130.358	0
8.093	1	77	93	872.753	0
5.505	1	163	65	131.043	0
5.506	1	62	66	311.211	0
8.094	1	31	94	184.361	0
5.507	1	89	67	940.204	0
5.508	1	173	68	252.368	0
8.095	1	57	95	131.464	0
5.509	1	112	69	1259.03	0
8.096	1	172	96	102.191	0
5.51	1	93	70	144.745	0
5.511	1	136	71	131.917	0
8.097	1	47	97	393.299	0
5.512	1	121	72	288.364	0
8.098	1	187	98	411.527	0
5.513	1	85	73	257.348	0
5.514	1	2	74	90.5619	0
8.099	1	180	99	202.385	0
5.515	1	158	75	2239.6	0
5.516	1	14	76	446.261	0
8.1	1	147	100	3193.87	0
5.517	1	1	77	277.549	0
5.518	1	133	78	215.274	0
8.101	1	46	101	533.122	0
5.519	1	34	79	97.1043	0
8.102	1	155	102	185.828	0
5.52	1	18	80	86.2205	0
8.103	1	21	103	61.6155	0
5.521	1	149	81	3174.04	0
5.522	1	108	82	504.441	0
8.104	1	6	104	184.695	0
5.523	1	97	83	6009.03	0
8.105	1	29	105	89.0668	0
5.524	1	148	84	25.6851	0
8.106	1	182	106	279.441	0
5.525	1	51	85	673.006	0
5.526	1	9	86	367.354	0
8.108	1	96	108	203.478	0
5.527	1	132	87	188.117	0
8.109	1	42	109	510.48	0
5.528	1	181	88	284.146	0
8.11	1	165	110	1983.82	0
5.529	1	43	89	279.308	0
8.111	1	69	111	3841.43	0
5.53	1	84	90	270.027	0
8.112	1	88	112	424.659	0
5.531	1	183	91	1394.79	0
8.113	1	188	113	1616.76	0
5.532	1	44	92	453.898	0
8.114	1	152	114	1133.83	0
5.533	1	77	93	606.146	0
8.115	1	162	115	119.822	0
5.534	1	31	94	265.775	0
5.535	1	57	95	134.936	0
5.536	1	172	96	165.708	0
8.116	1	11	116	493.415	0
5.537	1	47	97	273.348	0
5.538	1	187	98	353.532	0
5.539	1	180	99	169.483	0
8.117	1	139	117	3001.53	0
5.54	1	147	100	4499.76	0
8.118	1	98	118	94.7012	0
5.541	1	46	101	391.887	0
8.119	1	23	119	153.784	0
5.542	1	155	102	194.346	0
5.543	1	21	103	244.909	0
8.12	1	10	120	3558.27	0
5.544	1	6	104	132.616	0
8.121	1	12	121	198.322	0
5.545	1	29	105	71.7979	0
8.122	1	120	122	2644.44	0
5.546	1	182	106	286.107	0
8.123	1	150	123	130.756	0
8.124	1	8	124	160.864	0
5.548	1	96	108	254.974	0
8.125	1	16	125	358.654	0
5.549	1	42	109	232.574	0
5.55	1	165	110	895.692	0
8.126	1	169	126	99.9016	0
5.551	1	69	111	4024.3	0
8.127	1	94	127	135.522	0
5.552	1	88	112	582.38	0
8.128	1	170	128	1896.2	0
5.553	1	188	113	640.435	0
8.129	1	54	129	85.25	0
5.554	1	152	114	409.68	0
8.13	1	125	130	80.2258	0
5.555	1	162	115	75.9696	0
8.131	1	90	131	606.19	0
5.556	1	11	116	898.736	0
8.132	1	134	132	142.631	0
5.557	1	139	117	3374.9	0
8.133	1	186	133	1081.42	0
5.558	1	98	118	79.2811	0
8.134	1	67	134	3635.39	0
5.559	1	23	119	270.614	0
5.56	1	10	120	2085.12	0
8.135	1	102	135	4734	0
5.561	1	12	121	444.512	0
8.136	1	63	136	1804.46	0
5.562	1	120	122	930.625	0
8.137	1	145	137	897.08	0
5.563	1	150	123	250.972	0
8.138	1	127	138	69.2223	0
5.564	1	8	124	175.464	0
5.565	1	16	125	379.266	0
8.14	1	154	140	739.211	0
5.566	1	169	126	157.055	0
5.567	1	94	127	287.675	0
5.568	1	170	128	2084.26	0
8.141	1	20	141	185.855	0
5.569	1	54	129	40.4781	0
8.142	1	52	142	220.445	0
5.57	1	125	130	418.465	0
5.571	1	90	131	476.503	0
8.143	1	138	143	1105.65	0
5.572	1	134	132	109.66	0
8.144	1	83	144	111.88	0
5.573	1	186	133	1947.73	0
8.145	1	5	145	832.67	0
5.574	1	67	134	6342.59	0
8.146	1	109	146	290.445	0
5.575	1	102	135	10739.5	0
8.147	1	33	147	4169.68	0
5.576	1	63	136	3263.98	0
8.148	1	123	148	63.1116	0
5.577	1	145	137	565.942	0
8.149	1	99	149	750.537	0
5.578	1	127	138	207.849	0
8.15	1	104	150	97.4823	0
8.151	1	113	151	1544.59	0
5.58	1	154	140	351.322	0
5.581	1	20	141	183.936	0
8.152	1	106	152	82.193	0
5.582	1	52	142	97.9423	0
8.153	1	65	153	205.095	0
5.583	1	138	143	501.226	0
8.154	1	129	154	512.184	0
5.584	1	83	144	105.975	0
8.155	1	199	155	88.2578	0
5.585	1	5	145	1209.55	0
5.586	1	109	146	171.723	0
5.587	1	33	147	936.251	0
5.588	1	123	148	31.882	0
5.589	1	99	149	607.007	0
5.59	1	104	150	284.463	0
5.591	1	113	151	3675.5	0
5.592	1	106	152	106.822	0
5.593	1	65	153	91.9713	0
5.594	1	129	154	579.54	0
8.163	1	64	163	424.837	0
5.595	1	199	155	104.874	0
8.164	1	59	164	535.205	0
8.165	1	114	165	199.034	0
8.166	1	198	166	120.68	0
8.167	1	41	167	449.462	0
8.168	1	56	168	292.998	0
8.169	1	190	169	102.39	0
8.17	1	75	170	58.6354	0
5.603	1	64	163	351.41	0
5.604	1	59	164	1173.94	0
8.171	1	87	171	715.798	0
8.172	1	26	172	2999.01	0
5.605	1	114	165	168.603	0
5.606	1	198	166	77.3184	0
8.173	1	15	173	198.997	0
5.607	1	41	167	419.927	0
8.174	1	7	174	283.114	0
5.608	1	56	168	122.182	0
8.175	1	164	175	446.258	0
5.609	1	190	169	140.316	0
5.61	1	75	170	211.349	0
8.176	1	191	176	146.776	0
5.611	1	87	171	775.604	0
5.612	1	26	172	5989.61	0
8.177	1	131	177	176.89	0
8.178	1	122	178	96.7424	0
5.613	1	15	173	62.3055	0
5.614	1	7	174	114.075	0
5.615	1	164	175	440.964	0
5.616	1	191	176	181.192	0
5.617	1	131	177	118.792	0
5.618	1	122	178	153.617	0
8.185	1	71	185	137.734	0
8.186	1	76	186	121.672	0
8.187	1	82	187	4164.43	0
8.188	1	184	188	113.471	0
5.625	1	71	185	102.742	0
5.626	1	76	186	221.9	0
8.189	1	68	189	139.643	0
8.19	1	177	190	121.697	0
5.627	1	82	187	13140.7	0
5.628	1	184	188	325.575	0
8.191	1	24	191	255.706	0
5.629	1	68	189	27.6244	0
8.192	1	117	192	76.2499	0
5.63	1	177	190	147.306	0
5.631	1	24	191	205.673	0
8.193	1	159	193	1192.75	0
5.632	1	117	192	123.246	0
8.194	1	22	194	306.91	0
5.633	1	159	193	2451.52	0
8.195	1	137	195	292.083	0
5.634	1	22	194	556.132	0
8.196	1	156	196	131.807	0
5.635	1	137	195	349.175	0
8.197	1	25	197	353.061	0
5.636	1	156	196	233.923	0
8.198	1	50	198	543.555	0
5.637	1	25	197	221.836	0
8.199	1	60	199	89.5576	0
5.638	1	50	198	179.567	0
8.2	1	36	200	661.123	0
5.639	1	60	199	67.7822	0
5.64	1	36	200	292.852	0
8.201	1	78	201	181.286	0
5.641	1	78	201	147.307	0
8.202	1	128	202	153.606	0
5.642	1	128	202	231.291	0
5.643	1	144	203	1997.85	0
8.203	1	144	203	1559.01	0
5.644	1	178	204	98.9963	0
8.204	1	178	204	143.775	0
5.645	1	192	205	59.7756	0
8.205	1	192	205	37.1633	0
5.646	1	146	206	382.001	0
8.206	1	146	206	334.395	0
5.647	1	140	207	514.463	0
8.207	1	140	207	583.41	0
5.648	1	45	208	70.5777	0
8.208	1	45	208	88.7751	0
5.649	1	130	209	156.572	0
5.65	1	161	210	916.332	0
8.209	1	130	209	226.557	0
8.21	1	161	210	721.775	0
5.651	1	153	211	247.961	0
5.652	1	124	212	357.67	0
8.211	1	153	211	211.341	0
8.212	1	124	212	122.198	0
5.653	1	167	213	154.715	0
5.654	1	81	214	241.072	0
8.213	1	167	213	73.1831	0
5.655	1	185	215	613.015	0
8.214	1	81	214	1741.72	0
8.215	1	185	215	210.957	0
5.761	1	143	1	452.894	0
5.762	1	70	2	62.728	0
5.763	1	110	3	159.255	0
5.764	1	13	4	63.764	0
5.765	1	66	5	134.577	0
5.766	1	72	6	146.975	0
5.767	1	103	7	1789.61	0
5.768	1	92	8	1349.14	0
5.769	1	157	9	785.722	0
5.77	1	27	10	89.2787	0
5.771	1	58	11	4872.1	0
5.772	1	115	12	278.731	0
5.773	1	48	13	202.59	0
5.774	1	37	14	7975.21	0
5.775	1	135	15	334.856	0
5.776	1	193	16	158.42	0
5.777	1	197	17	414.164	0
5.778	1	38	18	88.7137	0
5.779	1	189	19	568.351	0
5.78	1	40	20	5021.42	0
5.781	1	142	21	687.712	0
5.782	1	86	22	658.866	0
5.783	1	100	23	2631.9	0
5.784	1	166	24	157.974	0
5.785	1	118	25	604.299	0
5.786	1	49	26	346.127	0
5.787	1	196	27	239.824	0
5.788	1	119	28	124.251	0
8.321	1	143	1	358.671	0
5.789	1	200	29	198.712	0
8.322	1	70	2	174.669	0
5.79	1	55	30	108.008	0
8.323	1	110	3	171.48	0
5.791	1	95	31	256.436	0
8.324	1	13	4	47.8942	0
5.792	1	107	32	19.4489	0
8.325	1	66	5	341.347	0
5.793	1	101	33	436.895	0
8.326	1	72	6	142.957	0
5.794	1	116	34	1372.11	0
8.327	1	103	7	825.613	0
5.795	1	61	35	119.529	0
8.328	1	92	8	1497.61	0
5.796	1	111	36	340.544	0
8.329	1	157	9	325.905	0
5.797	1	3	37	117.585	0
8.33	1	27	10	78.0832	0
5.798	1	4	38	403.133	0
5.799	1	195	39	309.649	0
8.331	1	58	11	9503.69	0
5.8	1	30	40	300.443	0
8.332	1	115	12	234.009	0
8.333	1	48	13	866.452	0
5.801	1	91	41	338.567	0
5.802	1	35	42	137.98	0
8.334	1	37	14	5454.9	0
5.803	1	19	43	151.025	0
5.804	1	176	44	398.163	0
8.335	1	135	15	238.085	0
8.336	1	193	16	296.102	0
5.805	1	32	45	150.62	0
5.806	1	126	46	87.9529	0
8.337	1	197	17	333.37	0
8.338	1	38	18	36.7718	0
5.807	1	151	47	7556.81	0
5.808	1	160	48	316.599	0
8.339	1	189	19	294.488	0
5.809	1	79	49	2813.31	0
8.34	1	40	20	3067.47	0
5.81	1	171	50	41.644	0
5.811	1	175	51	3666.83	0
5.812	1	17	52	397.513	0
8.341	1	142	21	459.563	0
5.813	1	174	53	75.2701	0
5.814	1	74	54	485.513	0
8.342	1	86	22	276.864	0
5.815	1	39	55	169.804	0
5.816	1	179	56	93.3474	0
8.343	1	100	23	1898.81	0
8.344	1	166	24	212.033	0
5.817	1	194	57	1443.3	0
5.818	1	28	58	169.734	0
8.345	1	118	25	371.076	0
8.346	1	49	26	626.026	0
5.819	1	80	59	77.2039	0
5.82	1	105	60	125.591	0
8.347	1	196	27	550.819	0
5.821	1	168	61	1729.45	0
8.348	1	119	28	94.5593	0
5.822	1	73	62	8941.55	0
8.349	1	200	29	347.47	0
5.823	1	141	63	150.514	0
8.35	1	55	30	85.7513	0
5.824	1	53	64	361.255	0
8.351	1	95	31	116.586	0
5.825	1	163	65	326.344	0
5.826	1	62	66	201.494	0
8.352	1	107	32	40.0014	0
5.827	1	89	67	1613.93	0
8.353	1	101	33	224.198	0
5.828	1	173	68	437.26	0
8.354	1	116	34	821.884	0
5.829	1	112	69	713.438	0
8.355	1	61	35	173.17	0
5.83	1	93	70	109.977	0
8.356	1	111	36	166.404	0
5.831	1	136	71	52.6387	0
8.357	1	3	37	77.3823	0
5.832	1	121	72	139.87	0
8.358	1	4	38	307.827	0
5.833	1	85	73	71.2305	0
8.359	1	195	39	230.005	0
5.834	1	2	74	81.8049	0
8.36	1	30	40	475.194	0
5.835	1	158	75	1743.9	0
5.836	1	14	76	335.099	0
5.837	1	1	77	274.645	0
8.361	1	91	41	175.491	0
5.838	1	133	78	213.309	0
8.362	1	35	42	196.302	0
5.839	1	34	79	73.2997	0
5.84	1	18	80	130.979	0
8.363	1	19	43	139.636	0
8.364	1	176	44	391.994	0
5.841	1	149	81	1458.09	0
5.842	1	108	82	541.328	0
8.365	1	32	45	150.451	0
5.843	1	97	83	4657.22	0
8.366	1	126	46	417.927	0
5.844	1	148	84	114.189	0
8.367	1	151	47	5881.65	0
5.845	1	51	85	920.545	0
8.368	1	160	48	496.369	0
5.846	1	9	86	701.774	0
5.847	1	132	87	473.513	0
8.369	1	79	49	1316.92	0
5.848	1	181	88	102.805	0
8.37	1	171	50	52.4088	0
5.849	1	43	89	369.658	0
8.371	1	175	51	6463.88	0
5.85	1	84	90	489.982	0
8.372	1	17	52	265.001	0
5.851	1	183	91	617.555	0
8.373	1	174	53	59.5408	0
5.852	1	44	92	222.681	0
5.853	1	77	93	655.03	0
8.374	1	74	54	532.271	0
5.854	1	31	94	1009.83	0
8.375	1	39	55	159.621	0
5.855	1	57	95	100.399	0
5.856	1	172	96	181.657	0
8.376	1	179	56	176.345	0
5.857	1	47	97	841.748	0
8.377	1	194	57	1194.49	0
5.858	1	187	98	363.354	0
8.378	1	28	58	129.624	0
5.859	1	180	99	102.238	0
8.379	1	80	59	70.7537	0
5.86	1	147	100	6980.32	0
8.38	1	105	60	169.165	0
5.861	1	46	101	150.957	0
5.862	1	155	102	172.129	0
8.381	1	168	61	1767.55	0
8.382	1	73	62	1761.6	0
5.863	1	21	103	223.591	0
5.864	1	6	104	259.427	0
5.865	1	29	105	92.5129	0
8.383	1	141	63	188.765	0
5.866	1	182	106	195.673	0
8.384	1	53	64	182.16	0
5.868	1	96	108	72.9084	0
8.385	1	163	65	335.464	0
5.869	1	42	109	422.309	0
8.386	1	62	66	308.835	0
5.87	1	165	110	1298.03	0
8.387	1	89	67	1561.45	0
5.871	1	69	111	6883.59	0
8.388	1	173	68	183.647	0
5.872	1	88	112	1081.04	0
8.389	1	112	69	721.186	0
5.873	1	188	113	2205.46	0
8.39	1	93	70	156.096	0
5.874	1	152	114	287.554	0
8.391	1	136	71	162.121	0
5.875	1	162	115	185.124	0
8.392	1	121	72	265.327	0
5.876	1	11	116	922.649	0
5.877	1	139	117	1344.44	0
8.393	1	85	73	134.297	0
5.878	1	98	118	141.952	0
8.394	1	2	74	49.6353	0
5.879	1	23	119	407.748	0
5.88	1	10	120	3359	0
8.395	1	158	75	1232.35	0
8.396	1	14	76	436.596	0
5.881	1	12	121	113.018	0
5.882	1	120	122	2381.7	0
8.397	1	1	77	188.7	0
8.398	1	133	78	233.042	0
5.883	1	150	123	235.069	0
5.884	1	8	124	241.007	0
8.399	1	34	79	65.0847	0
8.4	1	18	80	70.7696	0
5.885	1	16	125	417.108	0
5.886	1	169	126	68.4807	0
8.401	1	149	81	1927.5	0
5.887	1	94	127	169.485	0
5.888	1	170	128	666.006	0
8.402	1	108	82	234.057	0
5.889	1	54	129	86.0532	0
8.403	1	97	83	1713.64	0
5.89	1	125	130	318.952	0
8.404	1	148	84	36.9951	0
5.891	1	90	131	673.671	0
8.405	1	51	85	243.16	0
5.892	1	134	132	80.5208	0
8.406	1	9	86	386.752	0
5.893	1	186	133	1382.56	0
5.894	1	67	134	7663.91	0
8.407	1	132	87	193.151	0
8.408	1	181	88	156.355	0
5.895	1	102	135	2981.5	0
5.896	1	63	136	2680.48	0
8.409	1	43	89	259.602	0
8.41	1	84	90	125.623	0
5.897	1	145	137	803.51	0
5.898	1	127	138	184.174	0
8.411	1	183	91	455.795	0
8.412	1	44	92	216.767	0
5.9	1	154	140	689.792	0
8.413	1	77	93	1385.05	0
8.414	1	31	94	395.674	0
5.901	1	20	141	137.641	0
5.902	1	52	142	87.4694	0
8.415	1	57	95	53.2343	0
5.903	1	138	143	660.219	0
5.904	1	83	144	87.6902	0
8.416	1	172	96	359.624	0
5.905	1	5	145	1174.45	0
5.906	1	109	146	304.861	0
5.907	1	33	147	721.561	0
8.417	1	47	97	588.726	0
5.908	1	123	148	39.3258	0
8.418	1	187	98	264.281	0
5.909	1	99	149	1001.86	0
8.419	1	180	99	92.7022	0
5.91	1	104	150	127.913	0
5.911	1	113	151	1386.65	0
8.42	1	147	100	3270.72	0
5.912	1	106	152	133.42	0
8.421	1	46	101	169.437	0
5.913	1	65	153	32.2437	0
8.422	1	155	102	148.898	0
5.914	1	129	154	350.008	0
8.423	1	21	103	359.323	0
5.915	1	199	155	176.638	0
8.424	1	6	104	247.09	0
8.425	1	29	105	38.8921	0
8.426	1	182	106	152.337	0
8.428	1	96	108	266.946	0
8.429	1	42	109	591.669	0
8.43	1	165	110	1348.09	0
8.431	1	69	111	6651.93	0
5.923	1	64	163	290.812	0
8.432	1	88	112	1088.34	0
5.924	1	59	164	897.87	0
8.433	1	188	113	753.089	0
5.925	1	114	165	268.017	0
5.926	1	198	166	75.917	0
8.434	1	152	114	622.549	0
5.927	1	41	167	413.202	0
8.435	1	162	115	114.732	0
5.928	1	56	168	166.638	0
8.436	1	11	116	474.69	0
5.929	1	190	169	110.068	0
8.437	1	139	117	727.418	0
5.93	1	75	170	158.522	0
8.438	1	98	118	172.158	0
5.931	1	87	171	455.396	0
8.439	1	23	119	286.361	0
5.932	1	26	172	9780.85	0
8.44	1	10	120	3026.04	0
5.933	1	15	173	135.972	0
5.934	1	7	174	292.769	0
8.441	1	12	121	291.58	0
5.935	1	164	175	384.689	0
5.936	1	191	176	143.98	0
8.442	1	120	122	2043.79	0
5.937	1	131	177	327.351	0
5.938	1	122	178	134.063	0
8.443	1	150	123	346.434	0
8.444	1	8	124	110.509	0
8.445	1	16	125	204.771	0
8.446	1	169	126	112.387	0
8.447	1	94	127	159.007	0
8.448	1	170	128	3382.88	0
8.449	1	54	129	80.4602	0
5.945	1	71	185	300.851	0
8.45	1	125	130	321.928	0
5.946	1	76	186	138.856	0
8.451	1	90	131	939.653	0
5.947	1	82	187	9719.8	0
5.948	1	184	188	618.932	0
8.452	1	134	132	109.521	0
5.949	1	68	189	86.1319	0
5.95	1	177	190	112.998	0
8.453	1	186	133	641.902	0
8.454	1	67	134	9970.41	0
5.951	1	24	191	105.31	0
5.952	1	117	192	89.7479	0
8.455	1	102	135	8672.74	0
8.456	1	63	136	3154.01	0
5.953	1	159	193	1697.37	0
5.954	1	22	194	323.707	0
8.457	1	145	137	795.672	0
5.955	1	137	195	202.617	0
8.458	1	127	138	84.2521	0
5.956	1	156	196	216.293	0
5.957	1	25	197	148.201	0
8.46	1	154	140	1460.18	0
5.958	1	50	198	45.7509	0
5.959	1	60	199	67.5446	0
8.461	1	20	141	214.362	0
5.96	1	36	200	351.188	0
5.961	1	78	201	58.2061	0
8.462	1	52	142	67.8275	0
5.962	1	128	202	788.685	0
8.463	1	138	143	342.146	0
5.963	1	144	203	1427.12	0
8.464	1	83	144	154.548	0
5.964	1	178	204	48.7478	0
8.465	1	5	145	2123.44	0
5.965	1	192	205	64.9297	0
8.466	1	109	146	211.997	0
5.966	1	146	206	631.34	0
5.967	1	140	207	396.831	0
8.467	1	33	147	672.551	0
5.968	1	45	208	204.513	0
8.468	1	123	148	41.248	0
5.969	1	130	209	126.805	0
5.97	1	161	210	498.56	0
8.469	1	99	149	757.95	0
5.971	1	153	211	199.741	0
5.972	1	124	212	80.2283	0
8.47	1	104	150	142.875	0
5.973	1	167	213	220.247	0
5.974	1	81	214	461.638	0
8.471	1	113	151	2082.29	0
8.472	1	106	152	302.899	0
5.975	1	185	215	216.511	0
8.473	1	65	153	89.2144	0
8.474	1	129	154	698.02	0
8.475	1	199	155	114.667	0
8.483	1	64	163	188.121	0
8.484	1	59	164	358.474	0
8.485	1	114	165	232.7	0
8.486	1	198	166	73.7219	0
8.487	1	41	167	489.863	0
8.488	1	56	168	167.036	0
8.489	1	190	169	61.3977	0
8.49	1	75	170	128.454	0
8.491	1	87	171	1038.62	0
8.492	1	26	172	8437.29	0
8.493	1	15	173	155.075	0
8.494	1	7	174	143.268	0
8.495	1	164	175	150.389	0
8.496	1	191	176	249.422	0
8.497	1	131	177	154.159	0
8.498	1	122	178	405.289	0
8.505	1	71	185	96.0942	0
8.506	1	76	186	98.3158	0
8.507	1	82	187	5055.64	0
8.508	1	184	188	491.69	0
8.509	1	68	189	107.31	0
8.51	1	177	190	92.0914	0
8.511	1	24	191	88.417	0
8.512	1	117	192	71.626	0
8.513	1	159	193	2119.04	0
8.514	1	22	194	670.103	0
8.515	1	137	195	299.39	0
8.516	1	156	196	179.748	0
8.517	1	25	197	416.109	0
8.518	1	50	198	140.269	0
8.519	1	60	199	106.204	0
8.52	1	36	200	565.448	0
8.521	1	78	201	104.424	0
8.522	1	128	202	218.357	0
8.523	1	144	203	1023.39	0
8.524	1	178	204	140.845	0
8.525	1	192	205	96.5589	0
8.526	1	146	206	396.284	0
8.527	1	140	207	388.789	0
8.528	1	45	208	104.298	0
8.529	1	130	209	264.514	0
8.53	1	161	210	696.684	0
8.531	1	153	211	127.732	0
8.532	1	124	212	352.191	0
8.533	1	167	213	226.336	0
8.534	1	81	214	767.75	0
8.535	1	185	215	262.403	0
6.081	1	143	1	467.935	0
6.082	1	70	2	115.036	0
6.083	1	110	3	228.148	0
6.084	1	13	4	74.6634	0
6.085	1	66	5	153.902	0
6.086	1	72	6	148.414	0
6.087	1	103	7	1691.61	0
6.088	1	92	8	463.801	0
6.089	1	157	9	403.028	0
6.09	1	27	10	107.452	0
6.091	1	58	11	9022.37	0
6.092	1	115	12	506.103	0
6.093	1	48	13	683.817	0
6.094	1	37	14	6110.37	0
6.095	1	135	15	222.009	0
6.096	1	193	16	173.744	0
6.097	1	197	17	263.308	0
6.098	1	38	18	87.5608	0
6.099	1	189	19	621.151	0
6.1	1	40	20	5525.86	0
6.101	1	142	21	295.109	0
6.102	1	86	22	209.328	0
6.103	1	100	23	902.096	0
6.104	1	166	24	73.3501	0
6.105	1	118	25	592.658	0
6.106	1	49	26	757.658	0
6.107	1	196	27	255.551	0
6.108	1	119	28	100.026	0
6.109	1	200	29	54.3528	0
6.11	1	55	30	130.993	0
6.111	1	95	31	266.855	0
6.112	1	107	32	27.2544	0
6.113	1	101	33	191.169	0
6.114	1	116	34	1590.99	0
6.115	1	61	35	161.446	0
6.116	1	111	36	344.992	0
6.117	1	3	37	73.0559	0
6.118	1	4	38	264.725	0
6.119	1	195	39	280.664	0
6.12	1	30	40	340.103	0
6.121	1	91	41	248.889	0
6.122	1	35	42	111.258	0
6.123	1	19	43	192.787	0
6.124	1	176	44	256.695	0
6.125	1	32	45	209.032	0
6.126	1	126	46	194.089	0
6.127	1	151	47	2300.71	0
6.128	1	160	48	405.781	0
6.129	1	79	49	684.023	0
6.13	1	171	50	75.8054	0
6.131	1	175	51	1626.98	0
6.132	1	17	52	129.873	0
6.133	1	174	53	190.388	0
6.134	1	74	54	313.664	0
6.135	1	39	55	101.986	0
6.136	1	179	56	131.983	0
6.137	1	194	57	1711.22	0
6.138	1	28	58	149.617	0
6.139	1	80	59	76.5839	0
6.14	1	105	60	103.796	0
6.141	1	168	61	1148.17	0
6.142	1	73	62	3734.98	0
6.143	1	141	63	139.964	0
6.144	1	53	64	229.05	0
6.145	1	163	65	211.637	0
6.146	1	62	66	62.0751	0
6.147	1	89	67	1334.89	0
6.148	1	173	68	121.032	0
6.149	1	112	69	749.046	0
6.15	1	93	70	78.1736	0
6.151	1	136	71	101.932	0
6.152	1	121	72	342.102	0
6.153	1	85	73	281.415	0
6.154	1	2	74	61.6989	0
6.155	1	158	75	1483.55	0
6.156	1	14	76	148.413	0
6.157	1	1	77	413.127	0
6.158	1	133	78	217.724	0
6.159	1	34	79	65.9366	0
6.16	1	18	80	61.4892	0
6.161	1	149	81	2005.06	0
6.162	1	108	82	352.797	0
6.163	1	97	83	3789.26	0
6.164	1	148	84	57.3975	0
6.165	1	51	85	318.708	0
6.166	1	9	86	290.907	0
6.167	1	132	87	187.421	0
6.168	1	181	88	50.6145	0
6.169	1	43	89	301.738	0
6.17	1	84	90	213.691	0
6.171	1	183	91	376.152	0
6.172	1	44	92	260.991	0
6.173	1	77	93	775.546	0
6.174	1	31	94	336.374	0
6.175	1	57	95	77.8746	0
6.176	1	172	96	181.203	0
6.177	1	47	97	195.601	0
6.178	1	187	98	216.504	0
6.179	1	180	99	71.7776	0
8.641	1	143	1	309.697	0
6.18	1	147	100	3237.25	0
6.181	1	46	101	415.869	0
8.642	1	70	2	105.801	0
6.182	1	155	102	186.335	0
8.643	1	110	3	279.799	0
6.183	1	21	103	215.871	0
8.644	1	13	4	90.3702	0
6.184	1	6	104	250.853	0
8.645	1	66	5	500.182	0
6.185	1	29	105	64.6855	0
8.646	1	72	6	358.215	0
6.186	1	182	106	561.2	0
8.647	1	103	7	789.849	0
8.648	1	92	8	1037.57	0
6.188	1	96	108	118.114	0
8.649	1	157	9	263.067	0
6.189	1	42	109	461.261	0
8.65	1	27	10	44.0305	0
6.19	1	165	110	1162.55	0
8.651	1	58	11	4420.68	0
6.191	1	69	111	6355.71	0
6.192	1	88	112	411.311	0
8.652	1	115	12	388.175	0
6.193	1	188	113	1057.13	0
8.653	1	48	13	337.64	0
6.194	1	152	114	597.477	0
8.654	1	37	14	3897.47	0
6.195	1	162	115	168.246	0
8.655	1	135	15	228.158	0
6.196	1	11	116	388.269	0
8.656	1	193	16	315.688	0
6.197	1	139	117	1151.32	0
6.198	1	98	118	246.021	0
8.657	1	197	17	497.87	0
8.658	1	38	18	74.0295	0
6.199	1	23	119	378.435	0
6.2	1	10	120	3013.83	0
8.659	1	189	19	1494.43	0
8.66	1	40	20	3336.23	0
6.201	1	12	121	175.953	0
6.202	1	120	122	1371.78	0
8.661	1	142	21	284.288	0
6.203	1	150	123	266.366	0
6.204	1	8	124	223.665	0
8.662	1	86	22	272.475	0
6.205	1	16	125	189.745	0
6.206	1	169	126	43.4017	0
8.663	1	100	23	2096.46	0
8.664	1	166	24	156.822	0
6.207	1	94	127	52.8366	0
6.208	1	170	128	2756.94	0
8.665	1	118	25	383.857	0
8.666	1	49	26	886.013	0
6.209	1	54	129	40.8388	0
6.21	1	125	130	141.002	0
8.667	1	196	27	464.395	0
8.668	1	119	28	60.1715	0
6.211	1	90	131	818.791	0
6.212	1	134	132	60.91	0
6.213	1	186	133	1193.66	0
8.669	1	200	29	64.5021	0
6.214	1	67	134	6432.25	0
8.67	1	55	30	89.6474	0
6.215	1	102	135	6544.58	0
8.671	1	95	31	199.219	0
6.216	1	63	136	3750.59	0
8.672	1	107	32	58.5112	0
6.217	1	145	137	3092.25	0
8.673	1	101	33	188.03	0
6.218	1	127	138	138.401	0
8.674	1	116	34	910.528	0
6.22	1	154	140	115.287	0
8.675	1	61	35	318.928	0
6.221	1	20	141	95.6606	0
6.222	1	52	142	82.6117	0
8.676	1	111	36	454.416	0
6.223	1	138	143	265.231	0
8.677	1	3	37	64.3273	0
6.224	1	83	144	128.007	0
8.678	1	4	38	337.04	0
6.225	1	5	145	1258.71	0
8.679	1	195	39	327.823	0
6.226	1	109	146	430.854	0
8.68	1	30	40	720.159	0
6.227	1	33	147	1129.35	0
8.681	1	91	41	102.645	0
6.228	1	123	148	80.279	0
8.682	1	35	42	217.733	0
6.229	1	99	149	1403.6	0
6.23	1	104	150	81.8687	0
8.683	1	19	43	228.062	0
6.231	1	113	151	757.065	0
6.232	1	106	152	260.474	0
8.684	1	176	44	343.773	0
6.233	1	65	153	60.8547	0
8.685	1	32	45	98.1343	0
6.234	1	129	154	936.823	0
8.686	1	126	46	150.424	0
6.235	1	199	155	116.063	0
8.687	1	151	47	4023.45	0
8.688	1	160	48	206.657	0
8.689	1	79	49	575.485	0
8.69	1	171	50	101.387	0
8.691	1	175	51	2847.68	0
8.692	1	17	52	132.726	0
6.243	1	64	163	416.525	0
8.693	1	174	53	73.134	0
6.244	1	59	164	470.337	0
8.694	1	74	54	407.839	0
6.245	1	114	165	244.996	0
8.695	1	39	55	129.265	0
6.246	1	198	166	86.246	0
8.696	1	179	56	85.7612	0
6.247	1	41	167	357.506	0
8.697	1	194	57	860.703	0
6.248	1	56	168	125.246	0
8.698	1	28	58	91.6948	0
6.249	1	190	169	89.1002	0
8.699	1	80	59	114.154	0
6.25	1	75	170	138.978	0
8.7	1	105	60	150.117	0
6.251	1	87	171	331.121	0
6.252	1	26	172	4856.44	0
6.253	1	15	173	70.4629	0
8.701	1	168	61	1084.78	0
6.254	1	7	174	201.237	0
8.702	1	73	62	3849.55	0
6.255	1	164	175	363.684	0
6.256	1	191	176	107.747	0
8.703	1	141	63	257.051	0
8.704	1	53	64	596.62	0
6.257	1	131	177	262.375	0
6.258	1	122	178	240.832	0
8.705	1	163	65	189.819	0
8.706	1	62	66	154.888	0
8.707	1	89	67	1702.47	0
8.708	1	173	68	186.829	0
8.709	1	112	69	702.067	0
8.71	1	93	70	70.1617	0
8.711	1	136	71	75.0283	0
8.712	1	121	72	323.479	0
6.265	1	71	185	89.7548	0
6.266	1	76	186	177.156	0
8.713	1	85	73	175.189	0
8.714	1	2	74	96.5596	0
6.267	1	82	187	10098.5	0
6.268	1	184	188	227.395	0
8.715	1	158	75	1208.71	0
6.269	1	68	189	34.1502	0
6.27	1	177	190	163.985	0
6.271	1	24	191	37.2433	0
8.716	1	14	76	434.977	0
6.272	1	117	192	32.7058	0
6.273	1	159	193	1042.21	0
6.274	1	22	194	355.246	0
8.717	1	1	77	539.041	0
8.718	1	133	78	164.806	0
6.275	1	137	195	594.697	0
6.276	1	156	196	223.593	0
8.719	1	34	79	85.7453	0
6.277	1	25	197	317.979	0
6.278	1	50	198	125.66	0
8.72	1	18	80	58.2424	0
6.279	1	60	199	68.7854	0
8.721	1	149	81	1861.58	0
6.28	1	36	200	447.361	0
8.722	1	108	82	363.649	0
6.281	1	78	201	175.776	0
8.723	1	97	83	2379.24	0
6.282	1	128	202	349.362	0
8.724	1	148	84	122.005	0
6.283	1	144	203	1981.62	0
8.725	1	51	85	633.168	0
6.284	1	178	204	137.785	0
8.726	1	9	86	197.517	0
6.285	1	192	205	66.5852	0
8.727	1	132	87	359.987	0
6.286	1	146	206	182.966	0
8.728	1	181	88	75.7958	0
6.287	1	140	207	652.256	0
8.729	1	43	89	143.534	0
6.288	1	45	208	155.605	0
8.73	1	84	90	640.635	0
6.289	1	130	209	128.2	0
8.731	1	183	91	625.988	0
6.29	1	161	210	616.112	0
8.732	1	44	92	287.054	0
6.291	1	153	211	182.508	0
8.733	1	77	93	334.641	0
6.292	1	124	212	457.531	0
8.734	1	31	94	419.756	0
6.293	1	167	213	54.0372	0
6.294	1	81	214	1081.46	0
8.735	1	57	95	114.257	0
8.736	1	172	96	156.835	0
6.295	1	185	215	279.336	0
8.737	1	47	97	489.917	0
8.738	1	187	98	289.856	0
8.739	1	180	99	195.586	0
8.74	1	147	100	3374.93	0
8.741	1	46	101	433.527	0
8.742	1	155	102	55.4305	0
8.743	1	21	103	132.719	0
8.744	1	6	104	114.431	0
8.745	1	29	105	89.1343	0
8.746	1	182	106	499.864	0
8.748	1	96	108	246.961	0
8.749	1	42	109	615.1	0
8.75	1	165	110	2158.76	0
8.751	1	69	111	5952.55	0
8.752	1	88	112	588.038	0
8.753	1	188	113	1279.65	0
8.754	1	152	114	267.836	0
8.755	1	162	115	65.2772	0
8.756	1	11	116	637.328	0
8.757	1	139	117	920.29	0
8.758	1	98	118	235.078	0
8.759	1	23	119	258.2	0
8.76	1	10	120	3693.91	0
8.761	1	12	121	321.879	0
8.762	1	120	122	1991.17	0
8.763	1	150	123	178.401	0
8.764	1	8	124	204.982	0
8.765	1	16	125	331.906	0
8.766	1	169	126	57.6129	0
8.767	1	94	127	49.1752	0
8.768	1	170	128	2355.84	0
8.769	1	54	129	241.752	0
8.77	1	125	130	416.226	0
8.771	1	90	131	299.957	0
8.772	1	134	132	214.601	0
8.773	1	186	133	920.306	0
8.774	1	67	134	4860.29	0
8.775	1	102	135	4142.31	0
8.776	1	63	136	3552.42	0
8.777	1	145	137	1080.65	0
8.778	1	127	138	81.0027	0
8.78	1	154	140	802.315	0
8.781	1	20	141	128.873	0
8.782	1	52	142	118.772	0
8.783	1	138	143	219.1	0
8.784	1	83	144	110.869	0
8.785	1	5	145	2056.82	0
8.786	1	109	146	455.204	0
8.787	1	33	147	752.37	0
8.788	1	123	148	52.1006	0
8.789	1	99	149	1071.71	0
8.79	1	104	150	107.725	0
8.791	1	113	151	1321.9	0
8.792	1	106	152	94.9726	0
8.793	1	65	153	82.2746	0
8.794	1	129	154	816.301	0
8.795	1	199	155	99.1236	0
8.803	1	64	163	240.078	0
8.804	1	59	164	469.815	0
8.805	1	114	165	87.7642	0
8.806	1	198	166	99.0439	0
8.807	1	41	167	401.626	0
8.808	1	56	168	154.849	0
8.809	1	190	169	104.804	0
8.81	1	75	170	168.452	0
8.811	1	87	171	782.133	0
8.812	1	26	172	4307.02	0
8.813	1	15	173	73.992	0
8.814	1	7	174	187.15	0
8.815	1	164	175	461.496	0
8.816	1	191	176	131.805	0
8.817	1	131	177	267.377	0
8.818	1	122	178	358.813	0
6.401	1	143	1	465.08	0
6.402	1	70	2	125.274	0
6.403	1	110	3	205.751	0
6.404	1	13	4	100.383	0
6.405	1	66	5	200.179	0
6.406	1	72	6	142.58	0
6.407	1	103	7	855.445	0
6.408	1	92	8	3291.07	0
8.825	1	71	185	159.283	0
8.826	1	76	186	275.942	0
6.409	1	157	9	297.444	0
6.41	1	27	10	77.0795	0
8.827	1	82	187	1940.83	0
8.828	1	184	188	190.771	0
6.411	1	58	11	7632.87	0
6.412	1	115	12	295.745	0
8.829	1	68	189	69.0814	0
8.83	1	177	190	80.4264	0
6.413	1	48	13	831.05	0
6.414	1	37	14	3440.23	0
8.831	1	24	191	81.9535	0
8.832	1	117	192	66.322	0
6.415	1	135	15	525.534	0
6.416	1	193	16	191.33	0
8.833	1	159	193	3473.08	0
6.417	1	197	17	131.537	0
6.418	1	38	18	48.472	0
8.834	1	22	194	348.232	0
6.419	1	189	19	1284.02	0
8.835	1	137	195	438.058	0
6.42	1	40	20	3397.75	0
8.836	1	156	196	134.063	0
6.421	1	142	21	234.991	0
8.837	1	25	197	142.39	0
6.422	1	86	22	1214.79	0
8.838	1	50	198	85.404	0
6.423	1	100	23	3282.36	0
8.839	1	60	199	48.825	0
6.424	1	166	24	144.5	0
8.84	1	36	200	460.558	0
6.425	1	118	25	453.876	0
6.426	1	49	26	598.009	0
8.841	1	78	201	327.777	0
6.427	1	196	27	207.753	0
6.428	1	119	28	75.943	0
8.842	1	128	202	67.0524	0
6.429	1	200	29	226.66	0
6.43	1	55	30	147.556	0
8.843	1	144	203	1852.72	0
8.844	1	178	204	256.537	0
6.431	1	95	31	231.685	0
6.432	1	107	32	91.3482	0
8.845	1	192	205	119.869	0
6.433	1	101	33	140.896	0
8.846	1	146	206	506.767	0
6.434	1	116	34	4095.53	0
8.847	1	140	207	511.912	0
6.435	1	61	35	130.079	0
8.848	1	45	208	163.53	0
6.436	1	111	36	342.726	0
8.849	1	130	209	126.869	0
6.437	1	3	37	71.5885	0
8.85	1	161	210	446.352	0
6.438	1	4	38	202.498	0
8.851	1	153	211	250.647	0
6.439	1	195	39	268.287	0
6.44	1	30	40	686.916	0
8.852	1	124	212	196.211	0
6.441	1	91	41	116.603	0
6.442	1	35	42	146.718	0
8.853	1	167	213	221.637	0
8.854	1	81	214	582.307	0
6.443	1	19	43	59.0387	0
6.444	1	176	44	204.213	0
8.855	1	185	215	435.539	0
6.445	1	32	45	110.402	0
6.446	1	126	46	127.754	0
6.447	1	151	47	7485.98	0
6.448	1	160	48	895.024	0
6.449	1	79	49	1898.52	0
6.45	1	171	50	45.102	0
6.451	1	175	51	5618.62	0
6.452	1	17	52	249.606	0
6.453	1	174	53	71.3612	0
6.454	1	74	54	252.368	0
6.455	1	39	55	253.984	0
6.456	1	179	56	131.848	0
6.457	1	194	57	330.869	0
6.458	1	28	58	294.342	0
6.459	1	80	59	119.707	0
6.46	1	105	60	36.7125	0
6.461	1	168	61	789.504	0
6.462	1	73	62	5289.89	0
6.463	1	141	63	84.6062	0
6.464	1	53	64	342.393	0
6.465	1	163	65	162.909	0
6.466	1	62	66	198.493	0
6.467	1	89	67	1583.69	0
6.468	1	173	68	65.5415	0
6.469	1	112	69	615.154	0
6.47	1	93	70	76.0401	0
6.471	1	136	71	125.561	0
6.472	1	121	72	256.633	0
6.473	1	85	73	332.163	0
6.474	1	2	74	74.6626	0
6.475	1	158	75	1311.87	0
6.476	1	14	76	261.652	0
6.477	1	1	77	519.702	0
6.478	1	133	78	302.96	0
6.479	1	34	79	47.0193	0
6.48	1	18	80	136.311	0
6.481	1	149	81	1631.77	0
6.482	1	108	82	257.015	0
6.483	1	97	83	2660.07	0
6.484	1	148	84	51.6349	0
6.485	1	51	85	487.177	0
6.486	1	9	86	979.665	0
6.487	1	132	87	270.84	0
6.488	1	181	88	95.2397	0
6.489	1	43	89	144.562	0
6.49	1	84	90	154.703	0
6.491	1	183	91	826.531	0
6.492	1	44	92	140.343	0
6.493	1	77	93	543.101	0
6.494	1	31	94	225.925	0
6.495	1	57	95	96.7775	0
6.496	1	172	96	249.091	0
6.497	1	47	97	301.102	0
6.498	1	187	98	583.116	0
6.499	1	180	99	331.417	0
6.5	1	147	100	4765.73	0
6.501	1	46	101	235.93	0
6.502	1	155	102	136.103	0
6.503	1	21	103	259.606	0
6.504	1	6	104	154.205	0
6.505	1	29	105	62.1557	0
6.506	1	182	106	136.936	0
6.508	1	96	108	333.324	0
6.509	1	42	109	846.52	0
6.51	1	165	110	1052.75	0
6.511	1	69	111	6512.91	0
6.512	1	88	112	544.038	0
6.513	1	188	113	1319.22	0
6.514	1	152	114	963.583	0
6.515	1	162	115	94.7617	0
6.516	1	11	116	676.105	0
6.517	1	139	117	902.747	0
6.518	1	98	118	239.161	0
6.519	1	23	119	174.546	0
6.52	1	10	120	2026.74	0
6.521	1	12	121	212.17	0
6.522	1	120	122	1459.11	0
6.523	1	150	123	205.034	0
6.524	1	8	124	82.4946	0
6.525	1	16	125	348.753	0
6.526	1	169	126	61.6458	0
6.527	1	94	127	88.8919	0
6.528	1	170	128	2410.04	0
6.529	1	54	129	259.628	0
6.53	1	125	130	271.635	0
6.531	1	90	131	749.399	0
6.532	1	134	132	120.32	0
6.533	1	186	133	433.678	0
6.534	1	67	134	1770.41	0
6.535	1	102	135	5263.66	0
6.536	1	63	136	3567.69	0
6.537	1	145	137	3193.21	0
6.538	1	127	138	80.589	0
6.54	1	154	140	494.041	0
6.541	1	20	141	246.98	0
6.542	1	52	142	83.3447	0
6.543	1	138	143	208.364	0
6.544	1	83	144	47.8173	0
6.545	1	5	145	940.524	0
6.546	1	109	146	260.766	0
6.547	1	33	147	1645.32	0
6.548	1	123	148	94.7929	0
6.549	1	99	149	1054.8	0
6.55	1	104	150	141.187	0
6.551	1	113	151	1667.29	0
6.552	1	106	152	171.329	0
6.553	1	65	153	84.749	0
6.554	1	129	154	812.161	0
6.555	1	199	155	275.985	0
6.563	1	64	163	236.347	0
6.564	1	59	164	1002.46	0
6.565	1	114	165	329.437	0
6.566	1	198	166	149.524	0
6.567	1	41	167	434.534	0
6.568	1	56	168	206.014	0
6.569	1	190	169	220.282	0
6.57	1	75	170	179.516	0
6.571	1	87	171	604.585	0
6.572	1	26	172	5474.78	0
6.573	1	15	173	82.9006	0
6.574	1	7	174	134.808	0
6.575	1	164	175	363.622	0
6.576	1	191	176	244.363	0
6.577	1	131	177	142.775	0
6.578	1	122	178	204.028	0
6.585	1	71	185	134.537	0
6.586	1	76	186	292.363	0
6.587	1	82	187	5492.11	0
6.588	1	184	188	298.749	0
6.589	1	68	189	73.985	0
6.59	1	177	190	289.28	0
6.591	1	24	191	120.854	0
6.592	1	117	192	36.9927	0
6.593	1	159	193	534.403	0
6.594	1	22	194	385.738	0
6.595	1	137	195	271.631	0
6.596	1	156	196	202.507	0
6.597	1	25	197	409.073	0
6.598	1	50	198	173.414	0
6.599	1	60	199	152.349	0
6.6	1	36	200	445.982	0
6.601	1	78	201	249.846	0
6.602	1	128	202	215.602	0
6.603	1	144	203	1421.49	0
6.604	1	178	204	89.6909	0
6.605	1	192	205	60.3416	0
6.606	1	146	206	554.719	0
6.607	1	140	207	516.087	0
6.608	1	45	208	107.498	0
6.609	1	130	209	46.655	0
6.61	1	161	210	660.283	0
6.611	1	153	211	150.055	0
6.612	1	124	212	228.964	0
6.613	1	167	213	138.86	0
6.614	1	81	214	1070.21	0
6.615	1	185	215	427.391	0
8.961	1	143	1	450.863	0
8.962	1	70	2	80.3166	0
8.963	1	110	3	116.788	0
8.964	1	13	4	73.3829	0
8.965	1	66	5	156.424	0
8.966	1	72	6	116.416	0
8.967	1	103	7	1606.15	0
8.968	1	92	8	1038.72	0
8.969	1	157	9	405.669	0
8.97	1	27	10	100.688	0
8.971	1	58	11	3635.53	0
8.972	1	115	12	499.557	0
8.973	1	48	13	253.596	0
8.974	1	37	14	3156.23	0
8.975	1	135	15	285.854	0
8.976	1	193	16	210.604	0
8.977	1	197	17	443.388	0
8.978	1	38	18	108.079	0
8.979	1	189	19	1694.91	0
8.98	1	40	20	3513.73	0
8.981	1	142	21	279.803	0
8.982	1	86	22	416.075	0
8.983	1	100	23	2066.23	0
8.984	1	166	24	138.736	0
8.985	1	118	25	655.184	0
8.986	1	49	26	233.354	0
8.987	1	196	27	165.476	0
8.988	1	119	28	162.268	0
8.989	1	200	29	180.963	0
8.99	1	55	30	81.3642	0
8.991	1	95	31	146.928	0
8.992	1	107	32	115.312	0
8.993	1	101	33	217.639	0
8.994	1	116	34	926.111	0
8.995	1	61	35	45.127	0
8.996	1	111	36	381.603	0
8.997	1	3	37	106.019	0
8.998	1	4	38	250.42	0
8.999	1	195	39	426.853	0
9	1	30	40	488.152	0
9.001	1	91	41	142.435	0
9.002	1	35	42	166.068	0
9.003	1	19	43	86.88	0
9.004	1	176	44	208.677	0
9.005	1	32	45	135.31	0
9.006	1	126	46	88.3607	0
9.007	1	151	47	5327.3	0
9.008	1	160	48	177.695	0
9.009	1	79	49	2008.18	0
9.01	1	171	50	79.0483	0
9.011	1	175	51	2426.48	0
6.721	1	143	1	387.035	0
9.012	1	17	52	222.995	0
6.722	1	70	2	59.7576	0
6.723	1	110	3	243.159	0
9.013	1	174	53	76.0994	0
6.724	1	13	4	57.5857	0
9.014	1	74	54	218.258	0
6.725	1	66	5	196.491	0
6.726	1	72	6	121.759	0
9.015	1	39	55	144.985	0
6.727	1	103	7	989.741	0
6.728	1	92	8	784.993	0
6.729	1	157	9	484.957	0
6.73	1	27	10	112.728	0
9.016	1	179	56	63.8258	0
6.731	1	58	11	1046.17	0
6.732	1	115	12	497.916	0
6.733	1	48	13	251.618	0
9.017	1	194	57	1051.58	0
6.734	1	37	14	7560.85	0
9.018	1	28	58	442.429	0
6.735	1	135	15	425.415	0
6.736	1	193	16	202.049	0
9.019	1	80	59	86.7419	0
6.737	1	197	17	232.756	0
6.738	1	38	18	91.876	0
6.739	1	189	19	1104.88	0
9.02	1	105	60	88.4593	0
6.74	1	40	20	2848.13	0
6.741	1	142	21	313.267	0
9.021	1	168	61	3184.48	0
6.742	1	86	22	436.673	0
9.022	1	73	62	4449.74	0
6.743	1	100	23	2197.02	0
6.744	1	166	24	175.072	0
9.023	1	141	63	180.448	0
6.745	1	118	25	581.87	0
6.746	1	49	26	271.346	0
9.024	1	53	64	275.855	0
6.747	1	196	27	594.852	0
6.748	1	119	28	131.86	0
9.025	1	163	65	116.285	0
6.749	1	200	29	369.401	0
9.026	1	62	66	413.543	0
6.75	1	55	30	184.74	0
6.751	1	95	31	273.414	0
9.027	1	89	67	2107.89	0
6.752	1	107	32	90.4174	0
9.028	1	173	68	200.636	0
6.753	1	101	33	367.474	0
6.754	1	116	34	841.633	0
9.029	1	112	69	333.27	0
6.755	1	61	35	83.438	0
6.756	1	111	36	239.113	0
9.03	1	93	70	75.0142	0
6.757	1	3	37	71.8809	0
6.758	1	4	38	332.824	0
9.031	1	136	71	52.3528	0
6.759	1	195	39	132.812	0
6.76	1	30	40	223.801	0
9.032	1	121	72	337.627	0
6.761	1	91	41	184.047	0
6.762	1	35	42	193.178	0
9.033	1	85	73	83.2289	0
6.763	1	19	43	211.145	0
6.764	1	176	44	359.576	0
9.034	1	2	74	84.1449	0
6.765	1	32	45	92.559	0
6.766	1	126	46	426.343	0
9.035	1	158	75	1545.36	0
6.767	1	151	47	3389.61	0
9.036	1	14	76	380.963	0
6.768	1	160	48	359.238	0
6.769	1	79	49	900.359	0
9.037	1	1	77	192.902	0
6.77	1	171	50	66.1412	0
9.038	1	133	78	340.838	0
6.771	1	175	51	3711.07	0
6.772	1	17	52	84.6779	0
9.039	1	34	79	194.544	0
6.773	1	174	53	107.91	0
6.774	1	74	54	262.948	0
9.04	1	18	80	103.827	0
6.775	1	39	55	279.338	0
6.776	1	179	56	70.2494	0
6.777	1	194	57	485.579	0
9.041	1	149	81	642.109	0
6.778	1	28	58	375.618	0
6.779	1	80	59	53.3388	0
6.78	1	105	60	184.318	0
6.781	1	168	61	2263.13	0
9.042	1	108	82	516.636	0
6.782	1	73	62	5548.2	0
6.783	1	141	63	94.7206	0
9.043	1	97	83	14195.4	0
6.784	1	53	64	187.562	0
6.785	1	163	65	128.502	0
9.044	1	148	84	113.292	0
6.786	1	62	66	324.416	0
6.787	1	89	67	776.45	0
9.045	1	51	85	650.698	0
6.788	1	173	68	167.748	0
9.046	1	9	86	170.469	0
6.789	1	112	69	609.696	0
6.79	1	93	70	103.129	0
9.047	1	132	87	180.607	0
6.791	1	136	71	78.3833	0
6.792	1	121	72	211.001	0
9.048	1	181	88	114.133	0
6.793	1	85	73	212.686	0
6.794	1	2	74	42.588	0
9.049	1	43	89	223.592	0
6.795	1	158	75	2480.57	0
9.05	1	84	90	308.115	0
6.796	1	14	76	326.779	0
6.797	1	1	77	186.608	0
6.798	1	133	78	282.552	0
9.051	1	183	91	590.182	0
6.799	1	34	79	138.481	0
6.8	1	18	80	68.4605	0
9.052	1	44	92	324.916	0
6.801	1	149	81	1300.5	0
6.802	1	108	82	178.147	0
9.053	1	77	93	695.39	0
6.803	1	97	83	3818.28	0
6.804	1	148	84	37.6086	0
9.054	1	31	94	579.343	0
6.805	1	51	85	517.424	0
6.806	1	9	86	265.579	0
9.055	1	57	95	78.8645	0
6.807	1	132	87	307.221	0
6.808	1	181	88	180.2	0
9.056	1	172	96	134.885	0
6.809	1	43	89	29.2162	0
6.81	1	84	90	256.578	0
9.057	1	47	97	437.455	0
6.811	1	183	91	780.936	0
6.812	1	44	92	272.043	0
9.058	1	187	98	414.12	0
6.813	1	77	93	441.144	0
6.814	1	31	94	399.566	0
9.059	1	180	99	101.587	0
6.815	1	57	95	38.2033	0
9.06	1	147	100	3747.06	0
6.816	1	172	96	164.495	0
6.817	1	47	97	633.699	0
6.818	1	187	98	193.324	0
9.061	1	46	101	281.241	0
6.819	1	180	99	195.386	0
6.82	1	147	100	10879.9	0
9.062	1	155	102	105.6	0
6.821	1	46	101	161.981	0
6.822	1	155	102	126.179	0
6.823	1	21	103	327.535	0
9.063	1	21	103	197.327	0
6.824	1	6	104	95.4967	0
9.064	1	6	104	296.315	0
6.825	1	29	105	81.2702	0
6.826	1	182	106	91.1537	0
9.065	1	29	105	69.826	0
6.828	1	96	108	124.706	0
9.066	1	182	106	365.024	0
6.829	1	42	109	371.442	0
6.83	1	165	110	757.996	0
6.831	1	69	111	2444.75	0
9.068	1	96	108	110.547	0
6.832	1	88	112	900.822	0
6.833	1	188	113	3071	0
6.834	1	152	114	860.972	0
9.069	1	42	109	111.447	0
6.835	1	162	115	99.3191	0
9.07	1	165	110	1364.51	0
6.836	1	11	116	203.952	0
6.837	1	139	117	2068.69	0
9.071	1	69	111	2116.49	0
6.838	1	98	118	98.4496	0
9.072	1	88	112	1452.94	0
6.839	1	23	119	524.489	0
6.84	1	10	120	1386.71	0
9.073	1	188	113	966.826	0
6.841	1	12	121	161.528	0
6.842	1	120	122	1481.59	0
9.074	1	152	114	596.477	0
6.843	1	150	123	67.6133	0
6.844	1	8	124	121.504	0
6.845	1	16	125	416.905	0
9.075	1	162	115	139.697	0
6.846	1	169	126	107.076	0
6.847	1	94	127	93.0944	0
9.076	1	11	116	684.178	0
6.848	1	170	128	1456	0
6.849	1	54	129	100.161	0
9.077	1	139	117	2275.91	0
6.85	1	125	130	218.431	0
9.078	1	98	118	255.711	0
6.851	1	90	131	698.107	0
6.852	1	134	132	184.113	0
9.079	1	23	119	552.443	0
6.853	1	186	133	426.579	0
6.854	1	67	134	6660.33	0
9.08	1	10	120	2084.64	0
6.855	1	102	135	4459.64	0
6.856	1	63	136	3961.01	0
9.081	1	12	121	329.893	0
6.857	1	145	137	933.347	0
6.858	1	127	138	113.897	0
9.082	1	120	122	2162	0
6.86	1	154	140	848.739	0
9.083	1	150	123	222.339	0
6.861	1	20	141	160.904	0
6.862	1	52	142	108.146	0
6.863	1	138	143	346.337	0
9.084	1	8	124	131.787	0
6.864	1	83	144	90.8594	0
6.865	1	5	145	1705.05	0
9.085	1	16	125	222.559	0
6.866	1	109	146	253.719	0
9.086	1	169	126	51.3638	0
6.867	1	33	147	3683.67	0
6.868	1	123	148	25.1101	0
9.087	1	94	127	133.72	0
6.869	1	99	149	320.877	0
6.87	1	104	150	175.13	0
9.088	1	170	128	3392.73	0
6.871	1	113	151	723.295	0
6.872	1	106	152	94.1143	0
9.089	1	54	129	163.77	0
9.09	1	125	130	359.778	0
6.873	1	65	153	56.023	0
6.874	1	129	154	305.409	0
9.091	1	90	131	624.893	0
6.875	1	199	155	270.582	0
9.092	1	134	132	165.582	0
9.093	1	186	133	1517.03	0
9.094	1	67	134	4308.73	0
9.095	1	102	135	2922.38	0
6.883	1	64	163	215.223	0
6.884	1	59	164	400.143	0
9.096	1	63	136	2785.04	0
6.885	1	114	165	132.767	0
6.886	1	198	166	137.969	0
9.097	1	145	137	1435.99	0
6.887	1	41	167	383.61	0
9.098	1	127	138	112.942	0
6.888	1	56	168	173.419	0
6.889	1	190	169	134.581	0
6.89	1	75	170	188.429	0
9.1	1	154	140	778.709	0
6.891	1	87	171	703.156	0
6.892	1	26	172	5156.9	0
9.101	1	20	141	109.856	0
6.893	1	15	173	51.6815	0
9.102	1	52	142	51.3304	0
6.894	1	7	174	86.1676	0
9.103	1	138	143	329.629	0
6.895	1	164	175	426.966	0
9.104	1	83	144	55.9258	0
6.896	1	191	176	390.654	0
6.897	1	131	177	384.326	0
9.105	1	5	145	1020.38	0
6.898	1	122	178	399.3	0
9.106	1	109	146	355.46	0
9.107	1	33	147	1364.35	0
9.108	1	123	148	59.3076	0
9.109	1	99	149	790.431	0
9.11	1	104	150	153.373	0
9.111	1	113	151	1312.23	0
9.112	1	106	152	72.8251	0
6.905	1	71	185	39.8233	0
9.113	1	65	153	55.9902	0
6.906	1	76	186	275.836	0
9.114	1	129	154	209.923	0
6.907	1	82	187	3311.78	0
9.115	1	199	155	226.333	0
6.908	1	184	188	116.265	0
6.909	1	68	189	33.0056	0
6.91	1	177	190	141.204	0
6.911	1	24	191	140.102	0
6.912	1	117	192	48.4799	0
6.913	1	159	193	975.795	0
6.914	1	22	194	686.603	0
6.915	1	137	195	157.976	0
6.916	1	156	196	160.043	0
6.917	1	25	197	219.797	0
6.918	1	50	198	309.377	0
6.919	1	60	199	81.6852	0
6.92	1	36	200	376.634	0
9.123	1	64	163	190.917	0
9.124	1	59	164	1057.57	0
6.921	1	78	201	261.119	0
6.922	1	128	202	409.447	0
9.125	1	114	165	269.19	0
9.126	1	198	166	204.121	0
6.923	1	144	203	1029.47	0
6.924	1	178	204	118.297	0
9.127	1	41	167	573.196	0
9.128	1	56	168	270.877	0
6.925	1	192	205	57.2049	0
6.926	1	146	206	342.13	0
9.129	1	190	169	93.6302	0
9.13	1	75	170	275.468	0
6.927	1	140	207	343.276	0
9.131	1	87	171	1175.73	0
6.928	1	45	208	83.1672	0
9.132	1	26	172	3240.47	0
9.133	1	15	173	117.544	0
6.929	1	130	209	167.125	0
6.93	1	161	210	617.183	0
9.134	1	7	174	125.5	0
6.931	1	153	211	78.2218	0
6.932	1	124	212	232.889	0
6.933	1	167	213	261.777	0
9.135	1	164	175	293.684	0
6.934	1	81	214	345.597	0
9.136	1	191	176	249.223	0
6.935	1	185	215	310.685	0
9.137	1	131	177	148.664	0
9.138	1	122	178	239.812	0
9.145	1	71	185	68.2686	0
9.146	1	76	186	261.215	0
9.147	1	82	187	6646.19	0
9.148	1	184	188	237.658	0
9.149	1	68	189	130.32	0
9.15	1	177	190	100.973	0
9.151	1	24	191	138.421	0
9.152	1	117	192	59.7182	0
9.153	1	159	193	3111.54	0
9.154	1	22	194	423.124	0
9.155	1	137	195	229.445	0
9.156	1	156	196	170.467	0
9.157	1	25	197	307.183	0
9.158	1	50	198	101.034	0
9.159	1	60	199	200.093	0
9.16	1	36	200	180.985	0
9.161	1	78	201	251.809	0
9.162	1	128	202	318.732	0
9.163	1	144	203	2186.27	0
9.164	1	178	204	154.982	0
9.165	1	192	205	78.9736	0
9.166	1	146	206	295.464	0
9.167	1	140	207	682.872	0
9.168	1	45	208	77.2833	0
9.169	1	130	209	185.459	0
9.17	1	161	210	319.493	0
9.171	1	153	211	128.171	0
9.172	1	124	212	171.863	0
9.173	1	167	213	280.613	0
9.174	1	81	214	1521.81	0
9.175	1	185	215	204.445	0
7.041	1	143	1	248.178	0
7.042	1	70	2	184.034	0
7.043	1	110	3	267.644	0
7.044	1	13	4	136.876	0
7.045	1	66	5	144.573	0
7.046	1	72	6	262.721	0
7.047	1	103	7	1237.47	0
7.048	1	92	8	1559.41	0
7.049	1	157	9	313.04	0
7.05	1	27	10	93.1733	0
7.051	1	58	11	3628.78	0
7.052	1	115	12	246.288	0
7.053	1	48	13	309.783	0
7.054	1	37	14	5345.44	0
7.055	1	135	15	144.729	0
7.056	1	193	16	243.301	0
7.057	1	197	17	332.163	0
7.058	1	38	18	245.413	0
7.059	1	189	19	865.893	0
7.06	1	40	20	12371.2	0
7.061	1	142	21	229.563	0
9.281	1	143	1	302.094	0
7.062	1	86	22	653.316	0
9.282	1	70	2	116.285	0
7.063	1	100	23	1067.61	0
9.283	1	110	3	319.688	0
7.064	1	166	24	115.827	0
7.065	1	118	25	335.356	0
9.284	1	13	4	21.3006	0
7.066	1	49	26	365.475	0
9.285	1	66	5	277.48	0
9.286	1	72	6	192.368	0
9.287	1	103	7	1739.1	0
9.288	1	92	8	1228.05	0
7.067	1	196	27	399.609	0
9.289	1	157	9	108.648	0
7.068	1	119	28	82.4624	0
9.29	1	27	10	101.36	0
9.291	1	58	11	9424.74	0
7.069	1	200	29	210.946	0
9.292	1	115	12	363.507	0
7.07	1	55	30	84.7352	0
9.293	1	48	13	276.942	0
9.294	1	37	14	1650.53	0
9.295	1	135	15	349.912	0
9.296	1	193	16	145.114	0
7.071	1	95	31	119.865	0
9.297	1	197	17	408.266	0
9.298	1	38	18	60.5881	0
7.072	1	107	32	49.8776	0
9.299	1	189	19	1063.81	0
9.3	1	40	20	4751.03	0
7.073	1	101	33	131.577	0
9.301	1	142	21	550.148	0
7.074	1	116	34	1133.53	0
9.302	1	86	22	223.164	0
9.303	1	100	23	2562	0
7.075	1	61	35	376.044	0
7.076	1	111	36	412.591	0
9.304	1	166	24	89.8468	0
9.305	1	118	25	348.121	0
7.077	1	3	37	56.954	0
9.306	1	49	26	180.679	0
9.307	1	196	27	210.738	0
9.308	1	119	28	60.357	0
7.078	1	4	38	508.539	0
9.309	1	200	29	255.152	0
9.31	1	55	30	85.3855	0
7.079	1	195	39	431.472	0
9.311	1	95	31	193.004	0
9.312	1	107	32	28.489	0
7.08	1	30	40	1093.6	0
9.313	1	101	33	103.954	0
9.314	1	116	34	1221.49	0
7.081	1	91	41	91.7958	0
9.315	1	61	35	182.232	0
7.082	1	35	42	266.485	0
9.316	1	111	36	452.097	0
7.083	1	19	43	130.414	0
9.317	1	3	37	33.6104	0
7.084	1	176	44	207.965	0
9.318	1	4	38	212.271	0
9.319	1	195	39	154.55	0
7.085	1	32	45	133.122	0
9.32	1	30	40	376.342	0
7.086	1	126	46	120.344	0
9.321	1	91	41	98.1406	0
9.322	1	35	42	228.766	0
9.323	1	19	43	204.666	0
7.087	1	151	47	6071.84	0
9.324	1	176	44	250.913	0
9.325	1	32	45	123.994	0
7.088	1	160	48	136.736	0
9.326	1	126	46	186.918	0
9.327	1	151	47	6155.84	0
9.328	1	160	48	92.457	0
7.089	1	79	49	1455.68	0
7.09	1	171	50	37.2967	0
9.329	1	79	49	1613.78	0
9.33	1	171	50	101.888	0
7.091	1	175	51	3411.36	0
9.331	1	175	51	7225.1	0
7.092	1	17	52	326.116	0
9.332	1	17	52	139.121	0
9.333	1	174	53	44.3213	0
7.093	1	174	53	120.873	0
9.334	1	74	54	323.654	0
7.094	1	74	54	530.449	0
9.335	1	39	55	174.778	0
9.336	1	179	56	70.4062	0
7.095	1	39	55	164.195	0
9.337	1	194	57	1267.66	0
9.338	1	28	58	806.49	0
7.096	1	179	56	104.966	0
9.339	1	80	59	76.3388	0
9.34	1	105	60	57.8436	0
7.097	1	194	57	659.139	0
9.341	1	168	61	1362.25	0
7.098	1	28	58	572.43	0
9.342	1	73	62	4959.67	0
7.099	1	80	59	94.947	0
9.343	1	141	63	126.755	0
7.1	1	105	60	124.451	0
9.344	1	53	64	209.139	0
9.345	1	163	65	140.738	0
9.346	1	62	66	228.411	0
7.101	1	168	61	1198.63	0
7.102	1	73	62	3052.63	0
9.347	1	89	67	1780.56	0
9.348	1	173	68	258.471	0
7.103	1	141	63	143.978	0
9.349	1	112	69	220.427	0
7.104	1	53	64	362.029	0
9.35	1	93	70	133.029	0
9.351	1	136	71	133.984	0
7.105	1	163	65	230.094	0
7.106	1	62	66	196.397	0
9.352	1	121	72	178.794	0
7.107	1	89	67	951.887	0
9.353	1	85	73	165.394	0
7.108	1	173	68	339.412	0
9.354	1	2	74	34.596	0
9.355	1	158	75	4002.18	0
9.356	1	14	76	324.433	0
7.109	1	112	69	736.591	0
7.11	1	93	70	107.697	0
9.357	1	1	77	536.577	0
9.358	1	133	78	264.897	0
7.111	1	136	71	56.322	0
7.112	1	121	72	148.586	0
9.359	1	34	79	112.446	0
9.36	1	18	80	52.3548	0
7.113	1	85	73	158.488	0
7.114	1	2	74	51.2987	0
7.115	1	158	75	830.076	0
9.361	1	149	81	1532.3	0
9.362	1	108	82	337.969	0
7.116	1	14	76	336.632	0
9.363	1	97	83	6774.56	0
9.364	1	148	84	44.0514	0
7.117	1	1	77	469.055	0
9.365	1	51	85	642.456	0
7.118	1	133	78	137.825	0
9.366	1	9	86	375.276	0
7.119	1	34	79	106.209	0
9.367	1	132	87	179.848	0
9.368	1	181	88	78.7854	0
7.12	1	18	80	147.049	0
7.121	1	149	81	1223.26	0
9.369	1	43	89	282.386	0
7.122	1	108	82	463.782	0
9.37	1	84	90	88.6044	0
7.123	1	97	83	2276.93	0
9.371	1	183	91	491.63	0
9.372	1	44	92	453.873	0
7.124	1	148	84	47.7683	0
9.373	1	77	93	627.683	0
7.125	1	51	85	248.683	0
7.126	1	9	86	554.393	0
9.374	1	31	94	306.304	0
7.127	1	132	87	349.7	0
7.128	1	181	88	230.213	0
9.375	1	57	95	252.1	0
7.129	1	43	89	151.517	0
7.13	1	84	90	173.85	0
9.376	1	172	96	256.388	0
7.131	1	183	91	445.228	0
9.377	1	47	97	823.782	0
7.132	1	44	92	165.59	0
9.378	1	187	98	206.275	0
7.133	1	77	93	575.991	0
9.379	1	180	99	83.3878	0
9.38	1	147	100	3548.9	0
7.134	1	31	94	674.224	0
9.381	1	46	101	228.549	0
7.135	1	57	95	176.768	0
9.382	1	155	102	112.655	0
7.136	1	172	96	201.692	0
7.137	1	47	97	1198.23	0
9.383	1	21	103	258.231	0
7.138	1	187	98	249.956	0
7.139	1	180	99	85.544	0
9.384	1	6	104	144.15	0
7.14	1	147	100	7842.04	0
9.385	1	29	105	132.727	0
9.386	1	182	106	118.103	0
7.141	1	46	101	207.055	0
9.388	1	96	108	190.144	0
7.142	1	155	102	91.5014	0
9.389	1	42	109	350.793	0
7.143	1	21	103	178.722	0
9.39	1	165	110	1438.66	0
7.144	1	6	104	96.7142	0
9.391	1	69	111	6033.53	0
7.145	1	29	105	83.8575	0
9.392	1	88	112	544.398	0
7.146	1	182	106	237.374	0
7.148	1	96	108	85.144	0
9.393	1	188	113	1640.84	0
9.394	1	152	114	545.117	0
7.149	1	42	109	564.196	0
7.15	1	165	110	1001.82	0
9.395	1	162	115	66.7748	0
9.396	1	11	116	272.627	0
7.151	1	69	111	11634	0
9.397	1	139	117	1590.54	0
7.152	1	88	112	388.956	0
9.398	1	98	118	218.721	0
7.153	1	188	113	1324.04	0
9.399	1	23	119	201.247	0
7.154	1	152	114	780.234	0
9.4	1	10	120	6775.54	0
7.155	1	162	115	78.2532	0
7.156	1	11	116	417.494	0
9.401	1	12	121	192.004	0
9.402	1	120	122	988.617	0
7.157	1	139	117	1672.36	0
7.158	1	98	118	171.102	0
9.403	1	150	123	391.226	0
7.159	1	23	119	199.874	0
9.404	1	8	124	156.932	0
7.16	1	10	120	1632.65	0
9.405	1	16	125	214.693	0
9.406	1	169	126	48.2755	0
7.161	1	12	121	262.743	0
9.407	1	94	127	201.924	0
7.162	1	120	122	2920.54	0
9.408	1	170	128	2662.3	0
7.163	1	150	123	145.241	0
9.409	1	54	129	115.913	0
7.164	1	8	124	196.47	0
9.41	1	125	130	225.263	0
7.165	1	16	125	248.21	0
9.411	1	90	131	894.142	0
7.166	1	169	126	97.3095	0
9.412	1	134	132	100.71	0
7.167	1	94	127	98.0945	0
9.413	1	186	133	1670.46	0
7.168	1	170	128	1475.63	0
9.414	1	67	134	11235.5	0
9.415	1	102	135	8888.55	0
7.169	1	54	129	146.906	0
7.17	1	125	130	177.832	0
7.171	1	90	131	543.912	0
9.416	1	63	136	4834.7	0
7.172	1	134	132	99.6363	0
7.173	1	186	133	1223.82	0
9.417	1	145	137	1994.91	0
9.418	1	127	138	157.896	0
7.174	1	67	134	2638.12	0
7.175	1	102	135	6288.5	0
7.176	1	63	136	4469.59	0
9.42	1	154	140	1092.81	0
7.177	1	145	137	2058.56	0
9.421	1	20	141	104.279	0
7.178	1	127	138	165.959	0
9.422	1	52	142	31.2131	0
9.423	1	138	143	306.97	0
7.18	1	154	140	1108.45	0
9.424	1	83	144	27.4935	0
7.181	1	20	141	122.427	0
9.425	1	5	145	1283.75	0
7.182	1	52	142	102.891	0
9.426	1	109	146	154.964	0
7.183	1	138	143	330.75	0
9.427	1	33	147	1883.15	0
9.428	1	123	148	128.964	0
7.184	1	83	144	92.4195	0
9.429	1	99	149	800.48	0
7.185	1	5	145	1408.94	0
9.43	1	104	150	185.577	0
7.186	1	109	146	169.881	0
7.187	1	33	147	1296.93	0
9.431	1	113	151	1687.18	0
7.188	1	123	148	67.3236	0
9.432	1	106	152	91.4116	0
7.189	1	99	149	839.858	0
7.19	1	104	150	145.821	0
9.433	1	65	153	81.5736	0
7.191	1	113	151	1543.62	0
7.192	1	106	152	229.089	0
9.434	1	129	154	1528.8	0
7.193	1	65	153	112.127	0
9.435	1	199	155	248.529	0
7.194	1	129	154	371.438	0
7.195	1	199	155	224.523	0
7.203	1	64	163	305.814	0
9.443	1	64	163	250.409	0
7.204	1	59	164	581.379	0
9.444	1	59	164	506.743	0
9.445	1	114	165	307.91	0
7.205	1	114	165	256.403	0
9.446	1	198	166	89.7066	0
7.206	1	198	166	257.997	0
9.447	1	41	167	735.095	0
7.207	1	41	167	538.548	0
9.448	1	56	168	105.166	0
7.208	1	56	168	280.668	0
9.449	1	190	169	146.502	0
7.209	1	190	169	31.1272	0
9.45	1	75	170	121.165	0
7.21	1	75	170	183.562	0
9.451	1	87	171	1138.62	0
7.211	1	87	171	785.962	0
7.212	1	26	172	3454.65	0
9.452	1	26	172	1503.8	0
7.213	1	15	173	90.0527	0
7.214	1	7	174	154.292	0
9.453	1	15	173	175.919	0
9.454	1	7	174	256.762	0
7.215	1	164	175	533.107	0
9.455	1	164	175	582.262	0
9.456	1	191	176	167.019	0
9.457	1	131	177	185.77	0
7.216	1	191	176	248.677	0
9.458	1	122	178	147.973	0
7.217	1	131	177	219.536	0
7.218	1	122	178	80.0498	0
9.465	1	71	185	52.9038	0
9.466	1	76	186	162.913	0
7.225	1	71	185	78.2828	0
9.467	1	82	187	4835.08	0
7.226	1	76	186	494.958	0
9.468	1	184	188	168.448	0
7.227	1	82	187	7678.2	0
7.228	1	184	188	275.971	0
9.469	1	68	189	38.1945	0
7.229	1	68	189	43.2328	0
9.47	1	177	190	105.668	0
7.23	1	177	190	175.551	0
7.231	1	24	191	125.632	0
9.471	1	24	191	124.32	0
7.232	1	117	192	83.6944	0
9.472	1	117	192	83.1909	0
7.233	1	159	193	2793.35	0
9.473	1	159	193	1115.8	0
9.474	1	22	194	509.814	0
7.234	1	22	194	352.979	0
9.475	1	137	195	276.996	0
7.235	1	137	195	288.721	0
7.236	1	156	196	263.677	0
9.476	1	156	196	131.562	0
7.237	1	25	197	460.429	0
7.238	1	50	198	281.888	0
9.477	1	25	197	220.038	0
9.478	1	50	198	199.75	0
7.239	1	60	199	48.9001	0
7.24	1	36	200	703.979	0
9.479	1	60	199	59.771	0
9.48	1	36	200	559.334	0
9.481	1	78	201	291.613	0
7.241	1	78	201	177.464	0
9.482	1	128	202	801.575	0
7.242	1	128	202	247.284	0
7.243	1	144	203	1583.08	0
9.483	1	144	203	959.463	0
7.244	1	178	204	125.01	0
9.484	1	178	204	219.821	0
7.245	1	192	205	159.192	0
7.246	1	146	206	225.655	0
9.485	1	192	205	58.364	0
9.486	1	146	206	465.156	0
7.247	1	140	207	531.205	0
7.248	1	45	208	211.001	0
9.487	1	140	207	231.165	0
9.488	1	45	208	122.228	0
7.249	1	130	209	155.599	0
7.25	1	161	210	315.641	0
9.489	1	130	209	170.34	0
9.49	1	161	210	568.44	0
7.251	1	153	211	191.529	0
9.491	1	153	211	233.596	0
7.252	1	124	212	184.056	0
9.492	1	124	212	847.642	0
7.253	1	167	213	147.732	0
7.254	1	81	214	2314.6	0
9.493	1	167	213	289.737	0
7.255	1	185	215	179.586	0
9.494	1	81	214	916.935	0
9.495	1	185	215	252.685	0
7.361	1	143	1	328.011	0
7.362	1	70	2	245.434	0
7.363	1	110	3	330.07	0
7.364	1	13	4	117.712	0
7.365	1	66	5	190.143	0
7.366	1	72	6	210.46	0
7.367	1	103	7	1229.37	0
9.601	1	143	1	466.351	0
7.368	1	92	8	877.078	0
9.602	1	70	2	62.2583	0
9.603	1	110	3	114.09	0
7.369	1	157	9	308.502	0
9.604	1	13	4	50.4619	0
7.37	1	27	10	54.1663	0
7.371	1	58	11	4569.78	0
9.605	1	66	5	100.08	0
7.372	1	115	12	237.817	0
9.606	1	72	6	431.957	0
7.373	1	48	13	627.266	0
9.607	1	103	7	1412.23	0
9.608	1	92	8	1028.89	0
7.374	1	37	14	2814.64	0
9.609	1	157	9	281.988	0
7.375	1	135	15	271.798	0
9.61	1	27	10	204.127	0
9.611	1	58	11	16030	0
7.376	1	193	16	157.529	0
9.612	1	115	12	591.169	0
7.377	1	197	17	78.2014	0
7.378	1	38	18	43.2219	0
9.613	1	48	13	322.744	0
9.614	1	37	14	6325.4	0
7.379	1	189	19	905.88	0
7.38	1	40	20	11856.2	0
9.615	1	135	15	967.681	0
7.381	1	142	21	143.298	0
7.382	1	86	22	492.351	0
9.616	1	193	16	160.909	0
7.383	1	100	23	2120.3	0
7.384	1	166	24	105.318	0
9.617	1	197	17	562.629	0
9.618	1	38	18	41.6687	0
7.385	1	118	25	636.992	0
7.386	1	49	26	337.19	0
9.619	1	189	19	1570	0
7.387	1	196	27	327.245	0
9.62	1	40	20	3686.84	0
7.388	1	119	28	36.4908	0
7.389	1	200	29	205.183	0
9.621	1	142	21	235.864	0
7.39	1	55	30	307.84	0
9.622	1	86	22	283.884	0
7.391	1	95	31	389.57	0
9.623	1	100	23	2693.65	0
7.392	1	107	32	40.3905	0
9.624	1	166	24	48.7769	0
9.625	1	118	25	521.115	0
9.626	1	49	26	294.006	0
7.393	1	101	33	159.622	0
7.394	1	116	34	1181.15	0
9.627	1	196	27	420.872	0
9.628	1	119	28	61.184	0
7.395	1	61	35	93.0719	0
7.396	1	111	36	346.383	0
9.629	1	200	29	331.46	0
9.63	1	55	30	209.351	0
7.397	1	3	37	53.7433	0
7.398	1	4	38	363.957	0
9.631	1	95	31	132.397	0
9.632	1	107	32	91.5696	0
7.399	1	195	39	213.736	0
9.633	1	101	33	92.8428	0
7.4	1	30	40	350.326	0
9.634	1	116	34	623.576	0
7.401	1	91	41	142.765	0
7.402	1	35	42	174.285	0
9.635	1	61	35	64.7642	0
7.403	1	19	43	143.536	0
9.636	1	111	36	370.284	0
7.404	1	176	44	278.33	0
9.637	1	3	37	35.202	0
7.405	1	32	45	316.373	0
9.638	1	4	38	98.062	0
7.406	1	126	46	312.002	0
9.639	1	195	39	63.9541	0
7.407	1	151	47	10102	0
9.64	1	30	40	665.387	0
7.408	1	160	48	471.66	0
7.409	1	79	49	1225.05	0
7.41	1	171	50	31.9435	0
9.641	1	91	41	107.303	0
7.411	1	175	51	4370.51	0
9.642	1	35	42	120.607	0
7.412	1	17	52	133.798	0
9.643	1	19	43	173.127	0
7.413	1	174	53	41.4078	0
9.644	1	176	44	180.633	0
7.414	1	74	54	271.692	0
9.645	1	32	45	114.636	0
7.415	1	39	55	281.864	0
9.646	1	126	46	532.012	0
9.647	1	151	47	5157.69	0
9.648	1	160	48	624.986	0
7.416	1	179	56	136.934	0
9.649	1	79	49	1562.94	0
9.65	1	171	50	94.9484	0
7.417	1	194	57	738.493	0
9.651	1	175	51	5911.13	0
7.418	1	28	58	397.695	0
7.419	1	80	59	25.0951	0
9.652	1	17	52	175.575	0
9.653	1	174	53	147.675	0
7.42	1	105	60	81.4862	0
9.654	1	74	54	487.843	0
7.421	1	168	61	1795.52	0
9.655	1	39	55	100.241	0
7.422	1	73	62	2938.99	0
9.656	1	179	56	203.678	0
7.423	1	141	63	184.959	0
9.657	1	194	57	490.894	0
7.424	1	53	64	407.259	0
9.658	1	28	58	753.453	0
7.425	1	163	65	202.736	0
9.659	1	80	59	32.1323	0
7.426	1	62	66	184.271	0
9.66	1	105	60	102.427	0
7.427	1	89	67	1902.46	0
7.428	1	173	68	187.216	0
9.661	1	168	61	1524.22	0
7.429	1	112	69	803.796	0
7.43	1	93	70	66.3656	0
9.662	1	73	62	3748.7	0
7.431	1	136	71	134.209	0
7.432	1	121	72	281.991	0
9.663	1	141	63	102.012	0
9.664	1	53	64	225.238	0
7.433	1	85	73	232.973	0
9.665	1	163	65	80.0141	0
7.434	1	2	74	104.519	0
9.666	1	62	66	140.254	0
7.435	1	158	75	1819.98	0
9.667	1	89	67	1968.75	0
7.436	1	14	76	225.372	0
9.668	1	173	68	225.572	0
7.437	1	1	77	470.193	0
7.438	1	133	78	155.764	0
9.669	1	112	69	433.789	0
7.439	1	34	79	191.791	0
9.67	1	93	70	175.429	0
7.44	1	18	80	105.765	0
9.671	1	136	71	109.118	0
9.672	1	121	72	228.698	0
9.673	1	85	73	74.7171	0
7.441	1	149	81	2166.02	0
9.674	1	2	74	64.4244	0
9.675	1	158	75	1055.7	0
7.442	1	108	82	158.156	0
7.443	1	97	83	8926.17	0
9.676	1	14	76	214.036	0
7.444	1	148	84	81.0947	0
9.677	1	1	77	188.523	0
7.445	1	51	85	466.684	0
9.678	1	133	78	280.094	0
7.446	1	9	86	417.267	0
9.679	1	34	79	135.448	0
7.447	1	132	87	241.452	0
7.448	1	181	88	109.03	0
9.68	1	18	80	84.1073	0
7.449	1	43	89	238.909	0
9.681	1	149	81	2933.99	0
7.45	1	84	90	244.609	0
9.682	1	108	82	367.357	0
7.451	1	183	91	1695.49	0
9.683	1	97	83	4329.99	0
7.452	1	44	92	124.434	0
9.684	1	148	84	34.2876	0
7.453	1	77	93	615.947	0
7.454	1	31	94	746.605	0
9.685	1	51	85	455.771	0
9.686	1	9	86	294.36	0
7.455	1	57	95	119.806	0
7.456	1	172	96	134.072	0
9.687	1	132	87	417.003	0
7.457	1	47	97	375.537	0
9.688	1	181	88	113.936	0
7.458	1	187	98	391.898	0
9.689	1	43	89	103.367	0
7.459	1	180	99	161.482	0
9.69	1	84	90	184.797	0
7.46	1	147	100	6929.44	0
9.691	1	183	91	490.234	0
7.461	1	46	101	268.527	0
9.692	1	44	92	453.144	0
7.462	1	155	102	234.898	0
9.693	1	77	93	586.321	0
9.694	1	31	94	425.768	0
7.463	1	21	103	296.655	0
7.464	1	6	104	400.674	0
9.695	1	57	95	136.173	0
7.465	1	29	105	79.1298	0
9.696	1	172	96	159.896	0
7.466	1	182	106	277.786	0
9.697	1	47	97	1672.04	0
9.698	1	187	98	439.683	0
7.468	1	96	108	205.07	0
9.699	1	180	99	141.447	0
9.7	1	147	100	9767.36	0
7.469	1	42	109	502.373	0
7.47	1	165	110	1028.5	0
9.701	1	46	101	316.547	0
7.471	1	69	111	6098.53	0
9.702	1	155	102	74.5366	0
7.472	1	88	112	620.488	0
7.473	1	188	113	874.832	0
9.703	1	21	103	625.414	0
9.704	1	6	104	178.613	0
7.474	1	152	114	779.821	0
9.705	1	29	105	59.3713	0
7.475	1	162	115	113.283	0
9.706	1	182	106	203.028	0
7.476	1	11	116	719.235	0
9.708	1	96	108	182.408	0
7.477	1	139	117	905.856	0
9.709	1	42	109	837.844	0
7.478	1	98	118	347.817	0
9.71	1	165	110	1912.73	0
7.479	1	23	119	455.428	0
9.711	1	69	111	6915.26	0
7.48	1	10	120	1251.4	0
9.712	1	88	112	273.147	0
7.481	1	12	121	128.68	0
9.713	1	188	113	2805.68	0
7.482	1	120	122	2823.74	0
9.714	1	152	114	508.848	0
9.715	1	162	115	101.284	0
7.483	1	150	123	189.108	0
7.484	1	8	124	135.779	0
9.716	1	11	116	257.819	0
7.485	1	16	125	278.638	0
7.486	1	169	126	171.616	0
9.717	1	139	117	553.512	0
7.487	1	94	127	149.81	0
9.718	1	98	118	151.55	0
7.488	1	170	128	1342.79	0
7.489	1	54	129	73.5948	0
9.719	1	23	119	380.973	0
7.49	1	125	130	231.919	0
9.72	1	10	120	2879.09	0
7.491	1	90	131	618.575	0
7.492	1	134	132	196.039	0
9.721	1	12	121	298.029	0
9.722	1	120	122	825.597	0
7.493	1	186	133	1002.57	0
9.723	1	150	123	131.718	0
7.494	1	67	134	9630.28	0
9.724	1	8	124	92.6533	0
7.495	1	102	135	5422.47	0
9.725	1	16	125	225.791	0
7.496	1	63	136	5884.1	0
9.726	1	169	126	120.3	0
7.497	1	145	137	1010.61	0
9.727	1	94	127	181.834	0
7.498	1	127	138	145.688	0
9.728	1	170	128	3536.06	0
9.729	1	54	129	109.427	0
9.73	1	125	130	247.13	0
7.5	1	154	140	559.589	0
9.731	1	90	131	254.862	0
9.732	1	134	132	44.142	0
7.501	1	20	141	241.318	0
7.502	1	52	142	108.301	0
9.733	1	186	133	2073.4	0
7.503	1	138	143	141.219	0
9.734	1	67	134	4612.14	0
7.504	1	83	144	105.614	0
7.505	1	5	145	1696.28	0
9.735	1	102	135	4111.99	0
7.506	1	109	146	141.044	0
9.736	1	63	136	2583.23	0
7.507	1	33	147	1006.34	0
7.508	1	123	148	65.5621	0
9.737	1	145	137	2359.27	0
9.738	1	127	138	37.1178	0
7.509	1	99	149	1199.57	0
7.51	1	104	150	97.0523	0
9.74	1	154	140	1002.85	0
7.511	1	113	151	713.37	0
7.512	1	106	152	65.3002	0
9.741	1	20	141	166.422	0
7.513	1	65	153	82.4772	0
7.514	1	129	154	332.332	0
9.742	1	52	142	41.1139	0
7.515	1	199	155	194.664	0
9.743	1	138	143	300.236	0
9.744	1	83	144	76.2893	0
9.745	1	5	145	2468.29	0
9.746	1	109	146	152.205	0
9.747	1	33	147	656.255	0
9.748	1	123	148	71.59	0
9.749	1	99	149	578.248	0
9.75	1	104	150	137.471	0
9.751	1	113	151	1323.51	0
9.752	1	106	152	190.26	0
9.753	1	65	153	162.095	0
9.754	1	129	154	311.055	0
7.523	1	64	163	510.103	0
9.755	1	199	155	147.959	0
7.524	1	59	164	1023.74	0
7.525	1	114	165	184.647	0
7.526	1	198	166	232.983	0
7.527	1	41	167	515.737	0
7.528	1	56	168	138.156	0
7.529	1	190	169	106.172	0
7.53	1	75	170	165.587	0
7.531	1	87	171	536.027	0
7.532	1	26	172	4728.56	0
7.533	1	15	173	103.451	0
9.763	1	64	163	257.175	0
9.764	1	59	164	260.357	0
7.534	1	7	174	252.023	0
9.765	1	114	165	94.1636	0
7.535	1	164	175	640.379	0
9.766	1	198	166	110.912	0
7.536	1	191	176	397.28	0
9.767	1	41	167	1097.86	0
7.537	1	131	177	501.546	0
9.768	1	56	168	214.085	0
7.538	1	122	178	125.79	0
9.769	1	190	169	170.383	0
9.77	1	75	170	130.851	0
9.771	1	87	171	935.966	0
9.772	1	26	172	3480.58	0
9.773	1	15	173	134.899	0
9.774	1	7	174	137.864	0
9.775	1	164	175	484.427	0
7.545	1	71	185	92.0124	0
7.546	1	76	186	344.812	0
7.547	1	82	187	9412.77	0
9.776	1	191	176	210.362	0
7.548	1	184	188	351.975	0
9.777	1	131	177	208.269	0
7.549	1	68	189	92.9956	0
9.778	1	122	178	141.335	0
7.55	1	177	190	165.861	0
7.551	1	24	191	92.8516	0
7.552	1	117	192	58.5005	0
7.553	1	159	193	2556.32	0
7.554	1	22	194	342.594	0
7.555	1	137	195	372.057	0
7.556	1	156	196	257.777	0
7.557	1	25	197	169.427	0
7.558	1	50	198	319.622	0
9.785	1	71	185	111.065	0
7.559	1	60	199	47.8278	0
9.786	1	76	186	396.952	0
7.56	1	36	200	645.685	0
9.787	1	82	187	10140.5	0
7.561	1	78	201	78.8799	0
9.788	1	184	188	133.198	0
9.789	1	68	189	62.9873	0
7.562	1	128	202	455.284	0
9.79	1	177	190	66.6103	0
7.563	1	144	203	1513.05	0
9.791	1	24	191	144.493	0
7.564	1	178	204	101.828	0
9.792	1	117	192	53.8069	0
7.565	1	192	205	19.1432	0
7.566	1	146	206	331.38	0
9.793	1	159	193	1782.82	0
7.567	1	140	207	474.43	0
9.794	1	22	194	295.001	0
7.568	1	45	208	246.53	0
9.795	1	137	195	241.328	0
9.796	1	156	196	180.197	0
7.569	1	130	209	83.9666	0
9.797	1	25	197	102.768	0
7.57	1	161	210	708.493	0
9.798	1	50	198	174.112	0
7.571	1	153	211	117.555	0
9.799	1	60	199	120.107	0
7.572	1	124	212	390.477	0
9.8	1	36	200	492.244	0
7.573	1	167	213	236.08	0
9.801	1	78	201	268.273	0
9.802	1	128	202	281.109	0
7.574	1	81	214	1087.06	0
7.575	1	185	215	209.476	0
9.803	1	144	203	1297.4	0
9.804	1	178	204	227.643	0
9.805	1	192	205	51.3009	0
9.806	1	146	206	484.975	0
9.807	1	140	207	285.863	0
9.808	1	45	208	239.336	0
9.809	1	130	209	204.336	0
9.81	1	161	210	485.957	0
9.811	1	153	211	156.137	0
9.812	1	124	212	265.821	0
9.813	1	167	213	151.506	0
9.814	1	81	214	1222.18	0
9.815	1	185	215	164.858	0
7.681	1	143	1	220.464	0
7.682	1	70	2	72.2836	0
7.683	1	110	3	57.7639	0
7.684	1	13	4	51.9389	0
7.685	1	66	5	365.881	0
7.686	1	72	6	317.316	0
7.687	1	103	7	783.395	0
7.688	1	92	8	2259.1	0
7.689	1	157	9	592.975	0
7.69	1	27	10	30.8918	0
7.691	1	58	11	7221.06	0
7.692	1	115	12	214.263	0
7.693	1	48	13	295.749	0
7.694	1	37	14	3444.69	0
7.695	1	135	15	415.413	0
7.696	1	193	16	192.961	0
7.697	1	197	17	235.922	0
7.698	1	38	18	48.9712	0
7.699	1	189	19	965.763	0
9.921	1	143	1	354.292	0
7.7	1	40	20	6382.49	0
9.922	1	70	2	117.953	0
9.923	1	110	3	102.839	0
7.701	1	142	21	362.364	0
9.924	1	13	4	67.6874	0
7.702	1	86	22	499.629	0
9.925	1	66	5	226.413	0
7.703	1	100	23	2170.84	0
9.926	1	72	6	257.139	0
7.704	1	166	24	175.624	0
9.927	1	103	7	1969.47	0
7.705	1	118	25	136.496	0
9.928	1	92	8	816.001	0
7.706	1	49	26	389.73	0
9.929	1	157	9	331.768	0
7.707	1	196	27	416.692	0
9.93	1	27	10	177.084	0
7.708	1	119	28	197.465	0
9.931	1	58	11	7371.22	0
9.932	1	115	12	360.29	0
7.709	1	200	29	216.662	0
7.71	1	55	30	168.024	0
9.933	1	48	13	458.044	0
7.711	1	95	31	97.9422	0
7.712	1	107	32	47.3281	0
7.713	1	101	33	61.7673	0
7.714	1	116	34	2270.63	0
7.715	1	61	35	131.214	0
7.716	1	111	36	378.565	0
9.934	1	37	14	2826.54	0
7.717	1	3	37	20.0193	0
7.718	1	4	38	137.293	0
9.935	1	135	15	335.211	0
7.719	1	195	39	238.662	0
9.936	1	193	16	331.363	0
7.72	1	30	40	101.184	0
7.721	1	91	41	141.692	0
7.722	1	35	42	288.644	0
9.937	1	197	17	183.512	0
7.723	1	19	43	151.408	0
7.724	1	176	44	343.963	0
9.938	1	38	18	94.1638	0
7.725	1	32	45	235.706	0
7.726	1	126	46	361.612	0
9.939	1	189	19	1562.85	0
7.727	1	151	47	5181.08	0
7.728	1	160	48	296.946	0
9.94	1	40	20	4571.32	0
7.729	1	79	49	1990.27	0
7.73	1	171	50	95.2597	0
7.731	1	175	51	4598.94	0
7.732	1	17	52	220.507	0
9.941	1	142	21	363.119	0
7.733	1	174	53	83.394	0
7.734	1	74	54	365.767	0
9.942	1	86	22	650.352	0
7.735	1	39	55	178.989	0
7.736	1	179	56	72.8285	0
9.943	1	100	23	1628.87	0
7.737	1	194	57	1062.43	0
7.738	1	28	58	289.975	0
9.944	1	166	24	143.635	0
7.739	1	80	59	39.8615	0
7.74	1	105	60	96.0756	0
9.945	1	118	25	661.286	0
7.741	1	168	61	1732.67	0
9.946	1	49	26	410.905	0
7.742	1	73	62	9761.38	0
7.743	1	141	63	210.047	0
7.744	1	53	64	276.083	0
9.947	1	196	27	947.758	0
7.745	1	163	65	146.85	0
9.948	1	119	28	67.9756	0
7.746	1	62	66	152.608	0
7.747	1	89	67	1701.66	0
7.748	1	173	68	97.2011	0
9.949	1	200	29	171.529	0
7.749	1	112	69	486.537	0
7.75	1	93	70	73.9212	0
9.95	1	55	30	113.931	0
7.751	1	136	71	105.16	0
9.951	1	95	31	112.232	0
7.752	1	121	72	332.67	0
7.753	1	85	73	147.262	0
7.754	1	2	74	72.5745	0
7.755	1	158	75	883.667	0
9.952	1	107	32	57.6242	0
7.756	1	14	76	397.059	0
7.757	1	1	77	452.634	0
9.953	1	101	33	144.51	0
7.758	1	133	78	138.91	0
7.759	1	34	79	135.309	0
7.76	1	18	80	65.1591	0
9.954	1	116	34	1401.9	0
7.761	1	149	81	3260.33	0
9.955	1	61	35	178.012	0
7.762	1	108	82	310.282	0
9.956	1	111	36	456.119	0
7.763	1	97	83	5150.37	0
7.764	1	148	84	85.9373	0
9.957	1	3	37	86.0563	0
7.765	1	51	85	746.969	0
7.766	1	9	86	521.663	0
9.958	1	4	38	220.876	0
7.767	1	132	87	252.565	0
7.768	1	181	88	71.037	0
9.959	1	195	39	306.865	0
7.769	1	43	89	227.446	0
7.77	1	84	90	268.946	0
9.96	1	30	40	655.05	0
7.771	1	183	91	826.308	0
7.772	1	44	92	514.672	0
7.773	1	77	93	941.752	0
9.961	1	91	41	174.187	0
7.774	1	31	94	888.39	0
7.775	1	57	95	363.701	0
9.962	1	35	42	275.242	0
7.776	1	172	96	192.47	0
7.777	1	47	97	917.203	0
9.963	1	19	43	123.71	0
7.778	1	187	98	134.694	0
7.779	1	180	99	48.511	0
9.964	1	176	44	185.9	0
7.78	1	147	100	8542.65	0
7.781	1	46	101	123.513	0
7.782	1	155	102	62.7975	0
9.965	1	32	45	73.7674	0
9.966	1	126	46	329.548	0
7.783	1	21	103	304.09	0
7.784	1	6	104	336.523	0
9.967	1	151	47	4094.24	0
7.785	1	29	105	170.381	0
7.786	1	182	106	186.626	0
9.968	1	160	48	263.948	0
7.788	1	96	108	137.091	0
7.789	1	42	109	537.407	0
7.79	1	165	110	969.139	0
9.969	1	79	49	989.308	0
7.791	1	69	111	5498.37	0
7.792	1	88	112	519.675	0
9.97	1	171	50	40.5679	0
7.793	1	188	113	1587.84	0
9.971	1	175	51	2886.53	0
7.794	1	152	114	651.9	0
7.795	1	162	115	66.873	0
9.972	1	17	52	204.557	0
7.796	1	11	116	211.197	0
7.797	1	139	117	2166.36	0
7.798	1	98	118	189.087	0
9.973	1	174	53	99.8996	0
7.799	1	23	119	269.393	0
7.8	1	10	120	2417.36	0
9.974	1	74	54	336.425	0
7.801	1	12	121	240.493	0
9.975	1	39	55	112.827	0
7.802	1	120	122	1701.46	0
7.803	1	150	123	97.7233	0
7.804	1	8	124	175.688	0
9.976	1	179	56	236.817	0
7.805	1	16	125	133.152	0
7.806	1	169	126	56.8944	0
7.807	1	94	127	164.476	0
7.808	1	170	128	2850.55	0
7.809	1	54	129	152.242	0
7.81	1	125	130	216.602	0
7.811	1	90	131	421.414	0
7.812	1	134	132	122.89	0
7.813	1	186	133	1261.42	0
7.814	1	67	134	5840.97	0
7.815	1	102	135	1081.16	0
9.977	1	194	57	788.534	0
9.978	1	28	58	832.17	0
9.979	1	80	59	86.3996	0
7.816	1	63	136	5317.47	0
9.98	1	105	60	75.1389	0
9.981	1	168	61	1038.78	0
9.982	1	73	62	7679.48	0
7.817	1	145	137	1206.4	0
7.818	1	127	138	166.096	0
9.983	1	141	63	105.273	0
7.82	1	154	140	735.903	0
9.984	1	53	64	366.142	0
7.821	1	20	141	220.772	0
9.985	1	163	65	181.696	0
7.822	1	52	142	57.0527	0
9.986	1	62	66	382.476	0
9.987	1	89	67	1559.5	0
7.823	1	138	143	419.19	0
9.988	1	173	68	243.266	0
7.824	1	83	144	37.4055	0
9.989	1	112	69	71.3263	0
7.825	1	5	145	2352.54	0
9.99	1	93	70	145.952	0
7.826	1	109	146	237.336	0
9.991	1	136	71	73.9499	0
7.827	1	33	147	2281.36	0
9.992	1	121	72	446.848	0
7.828	1	123	148	73.5394	0
7.829	1	99	149	668.315	0
9.993	1	85	73	292.885	0
7.83	1	104	150	186.791	0
9.994	1	2	74	49.6107	0
7.831	1	113	151	1663.03	0
9.995	1	158	75	1465.61	0
7.832	1	106	152	328.324	0
9.996	1	14	76	230.599	0
7.833	1	65	153	45.3626	0
9.997	1	1	77	531.604	0
9.998	1	133	78	194.498	0
9.999	1	34	79	176.495	0
7.834	1	129	154	468.753	0
10	1	18	80	101.019	0
7.835	1	199	155	187.175	0
10.001	1	149	81	1845.64	0
10.002	1	108	82	275.72	0
10.003	1	97	83	11006.8	0
10.004	1	148	84	49.8899	0
10.005	1	51	85	525.747	0
7.843	1	64	163	401.803	0
7.844	1	59	164	1094.61	0
10.006	1	9	86	699.635	0
7.845	1	114	165	410.056	0
7.846	1	198	166	174.544	0
10.007	1	132	87	236.395	0
7.847	1	41	167	256.89	0
10.008	1	181	88	62.2131	0
7.848	1	56	168	64.8888	0
7.849	1	190	169	63.0205	0
7.85	1	75	170	121.453	0
10.009	1	43	89	287.624	0
7.851	1	87	171	744.428	0
10.01	1	84	90	228.783	0
7.852	1	26	172	2749.87	0
10.011	1	183	91	339.259	0
7.853	1	15	173	134.721	0
7.854	1	7	174	129.477	0
10.012	1	44	92	337.628	0
7.855	1	164	175	318.056	0
7.856	1	191	176	205.193	0
10.013	1	77	93	754.554	0
7.857	1	131	177	155.428	0
10.014	1	31	94	432.502	0
7.858	1	122	178	122.038	0
10.015	1	57	95	202.887	0
10.016	1	172	96	159.445	0
10.017	1	47	97	707.975	0
10.018	1	187	98	293.832	0
7.865	1	71	185	141.103	0
10.019	1	180	99	83.8646	0
7.866	1	76	186	226.614	0
7.867	1	82	187	11784.2	0
7.868	1	184	188	250.402	0
10.02	1	147	100	2912.44	0
7.869	1	68	189	68.4018	0
10.021	1	46	101	307.963	0
7.87	1	177	190	109.348	0
10.022	1	155	102	110.17	0
7.871	1	24	191	91.1319	0
7.872	1	117	192	83.0286	0
10.023	1	21	103	366.993	0
7.873	1	159	193	2623.79	0
10.024	1	6	104	167.153	0
7.874	1	22	194	509.135	0
10.025	1	29	105	127.425	0
7.875	1	137	195	122.403	0
10.026	1	182	106	359.637	0
7.876	1	156	196	345.744	0
7.877	1	25	197	221.259	0
7.878	1	50	198	250.078	0
10.028	1	96	108	167.524	0
7.879	1	60	199	67.088	0
7.88	1	36	200	154.124	0
10.029	1	42	109	371.109	0
7.881	1	78	201	107.695	0
7.882	1	128	202	422.321	0
10.03	1	165	110	949.102	0
7.883	1	144	203	3632.58	0
10.031	1	69	111	4156.47	0
7.884	1	178	204	122.435	0
10.032	1	88	112	1223.56	0
7.885	1	192	205	88.1202	0
7.886	1	146	206	208.873	0
10.033	1	188	113	389.302	0
7.887	1	140	207	712.226	0
7.888	1	45	208	172.767	0
10.034	1	152	114	463.473	0
7.889	1	130	209	101.412	0
7.89	1	161	210	1062.75	0
10.035	1	162	115	110.666	0
7.891	1	153	211	203.675	0
7.892	1	124	212	284.192	0
10.036	1	11	116	192.522	0
7.893	1	167	213	123.955	0
10.037	1	139	117	1120.31	0
7.894	1	81	214	764.887	0
10.038	1	98	118	126.385	0
7.895	1	185	215	281.77	0
10.039	1	23	119	448.755	0
10.04	1	10	120	2075.66	0
10.041	1	12	121	298.518	0
10.042	1	120	122	2199.7	0
10.043	1	150	123	206.539	0
10.044	1	8	124	67.3636	0
10.045	1	16	125	418.451	0
10.046	1	169	126	77.0192	0
10.047	1	94	127	100.288	0
10.048	1	170	128	5881.76	0
10.049	1	54	129	76.7136	0
10.05	1	125	130	209.887	0
10.051	1	90	131	912.775	0
10.052	1	134	132	96.3246	0
10.053	1	186	133	1083.45	0
10.054	1	67	134	4514.77	0
10.055	1	102	135	2566.31	0
10.056	1	63	136	3397.43	0
10.057	1	145	137	1060.8	0
10.058	1	127	138	174.632	0
10.06	1	154	140	1047.1	0
10.061	1	20	141	197.626	0
10.062	1	52	142	189.555	0
10.063	1	138	143	252.865	0
10.064	1	83	144	101.182	0
10.065	1	5	145	1642.2	0
10.066	1	109	146	296.208	0
10.067	1	33	147	969.857	0
10.068	1	123	148	79.7803	0
10.069	1	99	149	776.001	0
10.07	1	104	150	323.979	0
10.071	1	113	151	909.34	0
10.072	1	106	152	71.163	0
10.073	1	65	153	75.3013	0
10.074	1	129	154	473.99	0
10.075	1	199	155	214.167	0
10.083	1	64	163	145.707	0
10.084	1	59	164	460.525	0
10.085	1	114	165	208.262	0
10.086	1	198	166	200.135	0
10.087	1	41	167	511.025	0
10.088	1	56	168	170.813	0
10.089	1	190	169	57.7825	0
10.09	1	75	170	58.8694	0
10.091	1	87	171	698.344	0
10.092	1	26	172	5570.46	0
10.093	1	15	173	188.892	0
10.094	1	7	174	63.2694	0
10.095	1	164	175	679.61	0
10.096	1	191	176	288.259	0
10.097	1	131	177	238.062	0
10.098	1	122	178	183.315	0
10.105	1	71	185	135.74	0
10.106	1	76	186	138.379	0
10.107	1	82	187	2370.89	0
10.108	1	184	188	176.851	0
10.109	1	68	189	27.1094	0
10.11	1	177	190	100.208	0
10.111	1	24	191	242.896	0
10.112	1	117	192	36.5947	0
10.113	1	159	193	2341.36	0
10.114	1	22	194	242.603	0
10.115	1	137	195	331.457	0
8.001	1	143	1	229.857	0
8.002	1	70	2	144.896	0
10.116	1	156	196	104.926	0
8.003	1	110	3	249.846	0
10.117	1	25	197	225.86	0
8.004	1	13	4	92.795	0
10.118	1	50	198	159.166	0
10.119	1	60	199	57.371	0
8.005	1	66	5	251.834	0
8.006	1	72	6	101.766	0
10.12	1	36	200	324.31	0
10.121	1	78	201	200.128	0
8.007	1	103	7	1648.91	0
10.122	1	128	202	276.201	0
10.123	1	144	203	1937.26	0
8.008	1	92	8	928.14	0
10.124	1	178	204	96.9407	0
10.125	1	192	205	42.9574	0
8.009	1	157	9	622.089	0
10.126	1	146	206	893.993	0
8.01	1	27	10	52.264	0
10.127	1	140	207	396.24	0
10.128	1	45	208	105.046	0
8.011	1	58	11	7625.05	0
10.129	1	130	209	76.6739	0
10.13	1	161	210	964.811	0
8.012	1	115	12	173.692	0
10.131	1	153	211	184.918	0
10.132	1	124	212	164.994	0
8.013	1	48	13	320.77	0
10.133	1	167	213	195.303	0
8.014	1	37	14	6023.61	0
10.134	1	81	214	707.919	0
8.015	1	135	15	350.097	0
10.135	1	185	215	413.266	0
8.016	1	193	16	287.935	0
8.017	1	197	17	140.649	0
8.018	1	38	18	107.702	0
8.019	1	189	19	515.636	0
8.02	1	40	20	6428.35	0
8.021	1	142	21	592.799	0
8.022	1	86	22	388.939	0
8.023	1	100	23	1896.26	0
8.024	1	166	24	69.4106	0
8.025	1	118	25	586.987	0
8.026	1	49	26	270.555	0
8.027	1	196	27	223.64	0
8.028	1	119	28	84.2915	0
8.029	1	200	29	185.552	0
8.03	1	55	30	103.884	0
8.031	1	95	31	403.818	0
8.032	1	107	32	20.6925	0
8.033	1	101	33	94.5094	0
8.034	1	116	34	2260.17	0
8.035	1	61	35	185.915	0
8.036	1	111	36	235.95	0
8.037	1	3	37	72.5487	0
8.038	1	4	38	156.314	0
8.039	1	195	39	523.417	0
8.04	1	30	40	402.733	0
8.041	1	91	41	89.1964	0
8.042	1	35	42	155.765	0
8.043	1	19	43	269.474	0
8.044	1	176	44	187.071	0
8.045	1	32	45	156.975	0
8.046	1	126	46	250.347	0
8.047	1	151	47	3712.22	0
8.048	1	160	48	474.101	0
8.049	1	79	49	1615.39	0
8.05	1	171	50	63.4815	0
8.051	1	175	51	3703.05	0
8.052	1	17	52	162.18	0
8.053	1	174	53	50.6722	0
8.054	1	74	54	717.101	0
8.055	1	39	55	183.795	0
8.056	1	179	56	142.856	0
8.057	1	194	57	367.951	0
8.058	1	28	58	240.937	0
8.059	1	80	59	72.6295	0
8.06	1	105	60	102.706	0
8.061	1	168	61	1659.93	0
8.062	1	73	62	3737.71	0
8.063	1	141	63	147.921	0
8.064	1	53	64	344.492	0
8.065	1	163	65	144.502	0
8.066	1	62	66	45.5144	0
8.067	1	89	67	1494.02	0
8.068	1	173	68	183.745	0
8.069	1	112	69	518.297	0
8.07	1	93	70	55.2096	0
8.071	1	136	71	167.408	0
8.072	1	121	72	315.676	0
8.073	1	85	73	129.22	0
8.074	1	2	74	46.1394	0
8.075	1	158	75	951.253	0
8.076	1	14	76	398.475	0
8.077	1	1	77	355.031	0
8.078	1	133	78	399.443	0
8.079	1	34	79	65.7207	0
8.08	1	18	80	72.3931	0
8.081	1	149	81	678.865	0
8.082	1	108	82	370.503	0
8.083	1	97	83	4217.05	0
8.084	1	148	84	35.2662	0
8.085	1	51	85	387.496	0
8.086	1	9	86	492.1	0
8.087	1	132	87	315.964	0
10.241	1	143	1	217.083	0
8.088	1	181	88	162.621	0
10.242	1	70	2	131.782	0
8.089	1	43	89	214.72	0
8.09	1	84	90	526.016	0
10.243	1	110	3	157.618	0
10.244	1	13	4	92.96	0
8.091	1	183	91	388.719	0
10.245	1	66	5	197.51	0
10.246	1	72	6	156.08	0
8.092	1	44	92	137.325	0
10.247	1	103	7	884.066	0
10.248	1	92	8	653.335	0
8.093	1	77	93	872.753	0
10.249	1	157	9	318.928	0
10.25	1	27	10	52.6704	0
8.094	1	31	94	184.361	0
10.251	1	58	11	4583.71	0
8.095	1	57	95	131.464	0
10.252	1	115	12	251.103	0
8.096	1	172	96	102.191	0
10.253	1	48	13	397.433	0
8.097	1	47	97	393.299	0
10.254	1	37	14	1295.2	0
8.098	1	187	98	411.527	0
10.255	1	135	15	146.052	0
10.256	1	193	16	208.689	0
8.099	1	180	99	202.385	0
10.257	1	197	17	473.946	0
10.258	1	38	18	94.637	0
8.1	1	147	100	3193.87	0
10.259	1	189	19	623.349	0
8.101	1	46	101	533.122	0
10.26	1	40	20	3384.01	0
8.102	1	155	102	185.828	0
10.261	1	142	21	793.733	0
8.103	1	21	103	61.6155	0
8.104	1	6	104	184.695	0
10.262	1	86	22	743.558	0
8.105	1	29	105	89.0668	0
10.263	1	100	23	1797.41	0
8.106	1	182	106	279.441	0
10.264	1	166	24	208.955	0
10.265	1	118	25	747.671	0
8.108	1	96	108	203.478	0
10.266	1	49	26	574.725	0
8.109	1	42	109	510.48	0
10.267	1	196	27	380.014	0
8.11	1	165	110	1983.82	0
10.268	1	119	28	69.4299	0
8.111	1	69	111	3841.43	0
8.112	1	88	112	424.659	0
10.269	1	200	29	342.539	0
8.113	1	188	113	1616.76	0
10.27	1	55	30	118.798	0
8.114	1	152	114	1133.83	0
10.271	1	95	31	124.539	0
8.115	1	162	115	119.822	0
10.272	1	107	32	72.1345	0
10.273	1	101	33	166.275	0
10.274	1	116	34	1155.22	0
8.116	1	11	116	493.415	0
10.275	1	61	35	79.7988	0
8.117	1	139	117	3001.53	0
8.118	1	98	118	94.7012	0
10.276	1	111	36	364.003	0
8.119	1	23	119	153.784	0
10.277	1	3	37	59.5657	0
10.278	1	4	38	448.53	0
8.12	1	10	120	3558.27	0
10.279	1	195	39	373.918	0
10.28	1	30	40	414.542	0
8.121	1	12	121	198.322	0
8.122	1	120	122	2644.44	0
10.281	1	91	41	150.732	0
10.282	1	35	42	233.227	0
8.123	1	150	123	130.756	0
8.124	1	8	124	160.864	0
8.125	1	16	125	358.654	0
10.283	1	19	43	160.896	0
8.126	1	169	126	99.9016	0
10.284	1	176	44	366.848	0
8.127	1	94	127	135.522	0
8.128	1	170	128	1896.2	0
10.285	1	32	45	262.539	0
10.286	1	126	46	556.815	0
8.129	1	54	129	85.25	0
8.13	1	125	130	80.2258	0
10.287	1	151	47	5027.8	0
10.288	1	160	48	201.344	0
8.131	1	90	131	606.19	0
8.132	1	134	132	142.631	0
10.289	1	79	49	1299.13	0
10.29	1	171	50	122.401	0
8.133	1	186	133	1081.42	0
10.291	1	175	51	7521.77	0
10.292	1	17	52	197.806	0
8.134	1	67	134	3635.39	0
8.135	1	102	135	4734	0
10.293	1	174	53	76.2882	0
8.136	1	63	136	1804.46	0
10.294	1	74	54	524.403	0
8.137	1	145	137	897.08	0
8.138	1	127	138	69.2223	0
10.295	1	39	55	120.611	0
10.296	1	179	56	74.0895	0
8.14	1	154	140	739.211	0
10.297	1	194	57	603.665	0
10.298	1	28	58	593.928	0
10.299	1	80	59	25.8864	0
8.141	1	20	141	185.855	0
10.3	1	105	60	246.876	0
8.142	1	52	142	220.445	0
10.301	1	168	61	1046.31	0
8.143	1	138	143	1105.65	0
10.302	1	73	62	2906.43	0
8.144	1	83	144	111.88	0
10.303	1	141	63	97.9424	0
8.145	1	5	145	832.67	0
10.304	1	53	64	399.938	0
8.146	1	109	146	290.445	0
10.305	1	163	65	140.304	0
8.147	1	33	147	4169.68	0
8.148	1	123	148	63.1116	0
10.306	1	62	66	213.208	0
8.149	1	99	149	750.537	0
10.307	1	89	67	1565.96	0
8.15	1	104	150	97.4823	0
10.308	1	173	68	274.019	0
8.151	1	113	151	1544.59	0
10.309	1	112	69	415.904	0
10.31	1	93	70	90.3573	0
8.152	1	106	152	82.193	0
10.311	1	136	71	68.8445	0
10.312	1	121	72	140.471	0
8.153	1	65	153	205.095	0
8.154	1	129	154	512.184	0
10.313	1	85	73	122.075	0
10.314	1	2	74	109.825	0
8.155	1	199	155	88.2578	0
10.315	1	158	75	1682.25	0
10.316	1	14	76	410.427	0
10.317	1	1	77	452.455	0
10.318	1	133	78	171.107	0
10.319	1	34	79	180.37	0
8.163	1	64	163	424.837	0
10.32	1	18	80	61.9674	0
8.164	1	59	164	535.205	0
10.321	1	149	81	1092.92	0
8.165	1	114	165	199.034	0
10.322	1	108	82	305.141	0
8.166	1	198	166	120.68	0
10.323	1	97	83	6304.35	0
8.167	1	41	167	449.462	0
10.324	1	148	84	29.8288	0
8.168	1	56	168	292.998	0
10.325	1	51	85	1141.85	0
10.326	1	9	86	372.074	0
8.169	1	190	169	102.39	0
8.17	1	75	170	58.6354	0
10.327	1	132	87	234.189	0
10.328	1	181	88	112.249	0
8.171	1	87	171	715.798	0
8.172	1	26	172	2999.01	0
10.329	1	43	89	201.445	0
10.33	1	84	90	272.373	0
8.173	1	15	173	198.997	0
10.331	1	183	91	640.432	0
8.174	1	7	174	283.114	0
10.332	1	44	92	122.217	0
8.175	1	164	175	446.258	0
10.333	1	77	93	993.092	0
10.334	1	31	94	676.603	0
8.176	1	191	176	146.776	0
8.177	1	131	177	176.89	0
8.178	1	122	178	96.7424	0
10.335	1	57	95	154.249	0
10.336	1	172	96	117.862	0
10.337	1	47	97	253.604	0
10.338	1	187	98	298.177	0
10.339	1	180	99	111.285	0
10.34	1	147	100	10786.6	0
10.341	1	46	101	422.728	0
8.185	1	71	185	137.734	0
10.342	1	155	102	96.3378	0
8.186	1	76	186	121.672	0
10.343	1	21	103	386.859	0
8.187	1	82	187	4164.43	0
10.344	1	6	104	222.661	0
8.188	1	184	188	113.471	0
10.345	1	29	105	90.6088	0
8.189	1	68	189	139.643	0
10.346	1	182	106	55.3166	0
8.19	1	177	190	121.697	0
8.191	1	24	191	255.706	0
10.348	1	96	108	192.097	0
8.192	1	117	192	76.2499	0
10.349	1	42	109	501.574	0
10.35	1	165	110	837.387	0
8.193	1	159	193	1192.75	0
10.351	1	69	111	6212.43	0
8.194	1	22	194	306.91	0
8.195	1	137	195	292.083	0
10.352	1	88	112	873.972	0
8.196	1	156	196	131.807	0
10.353	1	188	113	1084.9	0
8.197	1	25	197	353.061	0
10.354	1	152	114	1071.77	0
8.198	1	50	198	543.555	0
10.355	1	162	115	126.857	0
8.199	1	60	199	89.5576	0
10.356	1	11	116	526.845	0
8.2	1	36	200	661.123	0
10.357	1	139	117	855.784	0
10.358	1	98	118	110.227	0
8.201	1	78	201	181.286	0
10.359	1	23	119	451.202	0
8.202	1	128	202	153.606	0
10.36	1	10	120	2523.38	0
8.203	1	144	203	1559.01	0
8.204	1	178	204	143.775	0
10.361	1	12	121	343.276	0
8.205	1	192	205	37.1633	0
10.362	1	120	122	3240.43	0
8.206	1	146	206	334.395	0
8.207	1	140	207	583.41	0
10.363	1	150	123	146.498	0
8.208	1	45	208	88.7751	0
10.364	1	8	124	142.222	0
8.209	1	130	209	226.557	0
10.365	1	16	125	411.323	0
8.21	1	161	210	721.775	0
10.366	1	169	126	95.5159	0
10.367	1	94	127	118.493	0
8.211	1	153	211	211.341	0
10.368	1	170	128	2276.53	0
8.212	1	124	212	122.198	0
8.213	1	167	213	73.1831	0
8.214	1	81	214	1741.72	0
10.369	1	54	129	166.676	0
10.37	1	125	130	144.479	0
8.215	1	185	215	210.957	0
10.371	1	90	131	712.741	0
10.372	1	134	132	195.003	0
10.373	1	186	133	1279.8	0
10.374	1	67	134	6851.73	0
10.375	1	102	135	9507.91	0
10.376	1	63	136	2167.82	0
10.377	1	145	137	2281.88	0
10.378	1	127	138	136.934	0
10.38	1	154	140	1757.89	0
10.381	1	20	141	141.711	0
10.382	1	52	142	94.3501	0
10.383	1	138	143	414.251	0
10.384	1	83	144	36.5347	0
10.385	1	5	145	961.253	0
10.386	1	109	146	260.01	0
10.387	1	33	147	722.686	0
10.388	1	123	148	39.3207	0
10.389	1	99	149	674.245	0
10.39	1	104	150	157.878	0
10.391	1	113	151	837.936	0
10.392	1	106	152	151.389	0
10.393	1	65	153	41.9792	0
10.394	1	129	154	524.233	0
10.395	1	199	155	285.383	0
10.403	1	64	163	212.831	0
10.404	1	59	164	782.078	0
10.405	1	114	165	317.257	0
10.406	1	198	166	125.044	0
10.407	1	41	167	251.482	0
10.408	1	56	168	244.398	0
10.409	1	190	169	62.1388	0
10.41	1	75	170	161.833	0
10.411	1	87	171	722.415	0
10.412	1	26	172	6209.4	0
10.413	1	15	173	117.101	0
10.414	1	7	174	101.332	0
10.415	1	164	175	458.372	0
10.416	1	191	176	279.89	0
10.417	1	131	177	239.428	0
10.418	1	122	178	219.226	0
10.425	1	71	185	126.03	0
10.426	1	76	186	113.219	0
10.427	1	82	187	5522.46	0
10.428	1	184	188	303.893	0
10.429	1	68	189	39.5087	0
10.43	1	177	190	51.3414	0
10.431	1	24	191	118.696	0
10.432	1	117	192	89.8526	0
10.433	1	159	193	2040.27	0
10.434	1	22	194	216.43	0
10.435	1	137	195	403.377	0
10.436	1	156	196	99.2813	0
10.437	1	25	197	473.06	0
10.438	1	50	198	254.094	0
10.439	1	60	199	121.36	0
10.44	1	36	200	384.582	0
10.441	1	78	201	231.004	0
10.442	1	128	202	389.228	0
10.443	1	144	203	2300.82	0
10.444	1	178	204	221.528	0
10.445	1	192	205	60.9468	0
10.446	1	146	206	159.872	0
10.447	1	140	207	358.814	0
10.448	1	45	208	224.029	0
10.449	1	130	209	61.832	0
10.45	1	161	210	502.766	0
10.451	1	153	211	123.057	0
10.452	1	124	212	217	0
10.453	1	167	213	351.957	0
10.454	1	81	214	917.129	0
10.455	1	185	215	201.579	0
8.321	1	143	1	358.671	0
8.322	1	70	2	174.669	0
8.323	1	110	3	171.48	0
8.324	1	13	4	47.8942	0
8.325	1	66	5	341.347	0
8.326	1	72	6	142.957	0
8.327	1	103	7	825.613	0
8.328	1	92	8	1497.61	0
8.329	1	157	9	325.905	0
8.33	1	27	10	78.0832	0
8.331	1	58	11	9503.69	0
8.332	1	115	12	234.009	0
8.333	1	48	13	866.452	0
8.334	1	37	14	5454.9	0
8.335	1	135	15	238.085	0
8.336	1	193	16	296.102	0
8.337	1	197	17	333.37	0
8.338	1	38	18	36.7718	0
8.339	1	189	19	294.488	0
8.34	1	40	20	3067.47	0
8.341	1	142	21	459.563	0
8.342	1	86	22	276.864	0
8.343	1	100	23	1898.81	0
8.344	1	166	24	212.033	0
8.345	1	118	25	371.076	0
8.346	1	49	26	626.026	0
8.347	1	196	27	550.819	0
8.348	1	119	28	94.5593	0
8.349	1	200	29	347.47	0
8.35	1	55	30	85.7513	0
8.351	1	95	31	116.586	0
8.352	1	107	32	40.0014	0
8.353	1	101	33	224.198	0
8.354	1	116	34	821.884	0
8.355	1	61	35	173.17	0
8.356	1	111	36	166.404	0
8.357	1	3	37	77.3823	0
8.358	1	4	38	307.827	0
8.359	1	195	39	230.005	0
8.36	1	30	40	475.194	0
8.361	1	91	41	175.491	0
8.362	1	35	42	196.302	0
8.363	1	19	43	139.636	0
8.364	1	176	44	391.994	0
8.365	1	32	45	150.451	0
8.366	1	126	46	417.927	0
8.367	1	151	47	5881.65	0
8.368	1	160	48	496.369	0
8.369	1	79	49	1316.92	0
8.37	1	171	50	52.4088	0
8.371	1	175	51	6463.88	0
8.372	1	17	52	265.001	0
8.373	1	174	53	59.5408	0
8.374	1	74	54	532.271	0
8.375	1	39	55	159.621	0
8.376	1	179	56	176.345	0
8.377	1	194	57	1194.49	0
8.378	1	28	58	129.624	0
8.379	1	80	59	70.7537	0
8.38	1	105	60	169.165	0
8.381	1	168	61	1767.55	0
8.382	1	73	62	1761.6	0
8.383	1	141	63	188.765	0
8.384	1	53	64	182.16	0
8.385	1	163	65	335.464	0
8.386	1	62	66	308.835	0
8.387	1	89	67	1561.45	0
8.388	1	173	68	183.647	0
8.389	1	112	69	721.186	0
8.39	1	93	70	156.096	0
8.391	1	136	71	162.121	0
8.392	1	121	72	265.327	0
8.393	1	85	73	134.297	0
8.394	1	2	74	49.6353	0
8.395	1	158	75	1232.35	0
8.396	1	14	76	436.596	0
8.397	1	1	77	188.7	0
8.398	1	133	78	233.042	0
8.399	1	34	79	65.0847	0
8.4	1	18	80	70.7696	0
8.401	1	149	81	1927.5	0
8.402	1	108	82	234.057	0
8.403	1	97	83	1713.64	0
8.404	1	148	84	36.9951	0
8.405	1	51	85	243.16	0
8.406	1	9	86	386.752	0
8.407	1	132	87	193.151	0
8.408	1	181	88	156.355	0
10.561	1	143	1	363.116	0
8.409	1	43	89	259.602	0
8.41	1	84	90	125.623	0
10.562	1	70	2	107.372	0
8.411	1	183	91	455.795	0
8.412	1	44	92	216.767	0
10.563	1	110	3	154.251	0
10.564	1	13	4	109.093	0
8.413	1	77	93	1385.05	0
8.414	1	31	94	395.674	0
10.565	1	66	5	263.592	0
10.566	1	72	6	151.542	0
8.415	1	57	95	53.2343	0
10.567	1	103	7	1590.65	0
10.568	1	92	8	1318.45	0
8.416	1	172	96	359.624	0
10.569	1	157	9	354.961	0
10.57	1	27	10	174.924	0
8.417	1	47	97	588.726	0
10.571	1	58	11	8336.39	0
8.418	1	187	98	264.281	0
10.572	1	115	12	247.849	0
8.419	1	180	99	92.7022	0
10.573	1	48	13	203.856	0
8.42	1	147	100	3270.72	0
10.574	1	37	14	1427.52	0
8.421	1	46	101	169.437	0
10.575	1	135	15	204.901	0
8.422	1	155	102	148.898	0
10.576	1	193	16	262.174	0
8.423	1	21	103	359.323	0
8.424	1	6	104	247.09	0
10.577	1	197	17	260.566	0
10.578	1	38	18	85.8346	0
8.425	1	29	105	38.8921	0
8.426	1	182	106	152.337	0
10.579	1	189	19	1006.98	0
10.58	1	40	20	4908.59	0
8.428	1	96	108	266.946	0
10.581	1	142	21	319.11	0
10.582	1	86	22	814.084	0
8.429	1	42	109	591.669	0
8.43	1	165	110	1348.09	0
10.583	1	100	23	1184.11	0
8.431	1	69	111	6651.93	0
8.432	1	88	112	1088.34	0
10.584	1	166	24	93.6021	0
8.433	1	188	113	753.089	0
10.585	1	118	25	511.457	0
10.586	1	49	26	259.375	0
8.434	1	152	114	622.549	0
10.587	1	196	27	457.81	0
10.588	1	119	28	82.9864	0
8.435	1	162	115	114.732	0
8.436	1	11	116	474.69	0
10.589	1	200	29	152.3	0
10.59	1	55	30	120.49	0
8.437	1	139	117	727.418	0
8.438	1	98	118	172.158	0
10.591	1	95	31	113.664	0
10.592	1	107	32	120.535	0
8.439	1	23	119	286.361	0
8.44	1	10	120	3026.04	0
10.593	1	101	33	201.429	0
10.594	1	116	34	630.008	0
8.441	1	12	121	291.58	0
10.595	1	61	35	123.054	0
10.596	1	111	36	259.108	0
8.442	1	120	122	2043.79	0
10.597	1	3	37	44.9531	0
8.443	1	150	123	346.434	0
10.598	1	4	38	218.861	0
8.444	1	8	124	110.509	0
10.599	1	195	39	162.276	0
8.445	1	16	125	204.771	0
8.446	1	169	126	112.387	0
10.6	1	30	40	877.105	0
8.447	1	94	127	159.007	0
10.601	1	91	41	196.352	0
8.448	1	170	128	3382.88	0
10.602	1	35	42	210.341	0
8.449	1	54	129	80.4602	0
10.603	1	19	43	119.632	0
8.45	1	125	130	321.928	0
10.604	1	176	44	205.897	0
8.451	1	90	131	939.653	0
10.605	1	32	45	427.837	0
10.606	1	126	46	491.944	0
8.452	1	134	132	109.521	0
10.607	1	151	47	6135.97	0
10.608	1	160	48	124.492	0
8.453	1	186	133	641.902	0
8.454	1	67	134	9970.41	0
10.609	1	79	49	529.995	0
8.455	1	102	135	8672.74	0
10.61	1	171	50	65.8081	0
8.456	1	63	136	3154.01	0
10.611	1	175	51	4514.31	0
8.457	1	145	137	795.672	0
10.612	1	17	52	101.533	0
8.458	1	127	138	84.2521	0
10.613	1	174	53	102.264	0
10.614	1	74	54	564.258	0
8.46	1	154	140	1460.18	0
10.615	1	39	55	210.138	0
8.461	1	20	141	214.362	0
10.616	1	179	56	212.132	0
8.462	1	52	142	67.8275	0
8.463	1	138	143	342.146	0
10.617	1	194	57	1811.4	0
8.464	1	83	144	154.548	0
10.618	1	28	58	413.525	0
8.465	1	5	145	2123.44	0
10.619	1	80	59	78.4429	0
8.466	1	109	146	211.997	0
8.467	1	33	147	672.551	0
10.62	1	105	60	74.2864	0
8.468	1	123	148	41.248	0
10.621	1	168	61	1206.45	0
10.622	1	73	62	2698.34	0
8.469	1	99	149	757.95	0
8.47	1	104	150	142.875	0
10.623	1	141	63	90.3842	0
10.624	1	53	64	180.903	0
8.471	1	113	151	2082.29	0
8.472	1	106	152	302.899	0
10.625	1	163	65	53.0177	0
10.626	1	62	66	155.265	0
8.473	1	65	153	89.2144	0
10.627	1	89	67	1851.56	0
8.474	1	129	154	698.02	0
10.628	1	173	68	144.725	0
8.475	1	199	155	114.667	0
10.629	1	112	69	483.354	0
10.63	1	93	70	42.3389	0
10.631	1	136	71	165.723	0
10.632	1	121	72	704.008	0
10.633	1	85	73	131.857	0
10.634	1	2	74	56.2953	0
10.635	1	158	75	1767.68	0
10.636	1	14	76	200.232	0
10.637	1	1	77	386.526	0
8.483	1	64	163	188.121	0
10.638	1	133	78	234.216	0
10.639	1	34	79	362.037	0
8.484	1	59	164	358.474	0
10.64	1	18	80	97.113	0
8.485	1	114	165	232.7	0
8.486	1	198	166	73.7219	0
10.641	1	149	81	1897.96	0
8.487	1	41	167	489.863	0
8.488	1	56	168	167.036	0
10.642	1	108	82	376.727	0
8.489	1	190	169	61.3977	0
10.643	1	97	83	5367.23	0
8.49	1	75	170	128.454	0
10.644	1	148	84	27.6168	0
8.491	1	87	171	1038.62	0
10.645	1	51	85	675.713	0
8.492	1	26	172	8437.29	0
10.646	1	9	86	508.561	0
10.647	1	132	87	315.726	0
10.648	1	181	88	70.3935	0
8.493	1	15	173	155.075	0
8.494	1	7	174	143.268	0
10.649	1	43	89	226.532	0
10.65	1	84	90	183.212	0
8.495	1	164	175	150.389	0
8.496	1	191	176	249.422	0
10.651	1	183	91	853.023	0
8.497	1	131	177	154.159	0
8.498	1	122	178	405.289	0
10.652	1	44	92	183.592	0
10.653	1	77	93	694.588	0
10.654	1	31	94	440.32	0
10.655	1	57	95	62.8789	0
10.656	1	172	96	276.183	0
10.657	1	47	97	444.476	0
10.658	1	187	98	213.936	0
10.659	1	180	99	160.218	0
10.66	1	147	100	3974.92	0
8.505	1	71	185	96.0942	0
8.506	1	76	186	98.3158	0
8.507	1	82	187	5055.64	0
10.661	1	46	101	358.527	0
8.508	1	184	188	491.69	0
10.662	1	155	102	144.292	0
8.509	1	68	189	107.31	0
8.51	1	177	190	92.0914	0
10.663	1	21	103	301.919	0
8.511	1	24	191	88.417	0
10.664	1	6	104	235.664	0
8.512	1	117	192	71.626	0
10.665	1	29	105	108.121	0
8.513	1	159	193	2119.04	0
10.666	1	182	106	161.072	0
8.514	1	22	194	670.103	0
8.515	1	137	195	299.39	0
10.668	1	96	108	239.889	0
10.669	1	42	109	377.871	0
8.516	1	156	196	179.748	0
10.67	1	165	110	678.141	0
10.671	1	69	111	4116.08	0
8.517	1	25	197	416.109	0
10.672	1	88	112	386.033	0
8.518	1	50	198	140.269	0
10.673	1	188	113	1647.76	0
8.519	1	60	199	106.204	0
10.674	1	152	114	497.415	0
8.52	1	36	200	565.448	0
10.675	1	162	115	84.537	0
8.521	1	78	201	104.424	0
8.522	1	128	202	218.357	0
10.676	1	11	116	758.815	0
8.523	1	144	203	1023.39	0
8.524	1	178	204	140.845	0
10.677	1	139	117	2169.93	0
10.678	1	98	118	247.183	0
8.525	1	192	205	96.5589	0
10.679	1	23	119	440.739	0
8.526	1	146	206	396.284	0
10.68	1	10	120	2886.64	0
8.527	1	140	207	388.789	0
10.681	1	12	121	296.459	0
8.528	1	45	208	104.298	0
10.682	1	120	122	1469.9	0
8.529	1	130	209	264.514	0
8.53	1	161	210	696.684	0
10.683	1	150	123	95.9423	0
8.531	1	153	211	127.732	0
8.532	1	124	212	352.191	0
10.684	1	8	124	129.846	0
8.533	1	167	213	226.336	0
10.685	1	16	125	242.717	0
10.686	1	169	126	59.5293	0
8.534	1	81	214	767.75	0
10.687	1	94	127	100.44	0
8.535	1	185	215	262.403	0
10.688	1	170	128	2627.79	0
10.689	1	54	129	141.808	0
10.69	1	125	130	311.681	0
10.691	1	90	131	744.344	0
10.692	1	134	132	143.817	0
10.693	1	186	133	1232.51	0
10.694	1	67	134	9142.73	0
10.695	1	102	135	5259.25	0
10.696	1	63	136	5334.54	0
10.697	1	145	137	1887.01	0
10.698	1	127	138	170.899	0
10.7	1	154	140	847.956	0
10.701	1	20	141	185.17	0
10.702	1	52	142	68.381	0
10.703	1	138	143	420.352	0
10.704	1	83	144	269.311	0
10.705	1	5	145	1293.33	0
10.706	1	109	146	283.135	0
10.707	1	33	147	1516.88	0
10.708	1	123	148	92.6446	0
10.709	1	99	149	1091.03	0
10.71	1	104	150	69.5698	0
10.711	1	113	151	1038.37	0
10.712	1	106	152	114.812	0
10.713	1	65	153	76.0133	0
10.714	1	129	154	1234.02	0
10.715	1	199	155	356.81	0
10.723	1	64	163	251.93	0
10.724	1	59	164	347.262	0
10.725	1	114	165	572.759	0
10.726	1	198	166	152.755	0
10.727	1	41	167	357.654	0
10.728	1	56	168	132.175	0
10.729	1	190	169	81.9416	0
10.73	1	75	170	205.195	0
10.731	1	87	171	722.893	0
10.732	1	26	172	5114.97	0
10.733	1	15	173	149.827	0
10.734	1	7	174	147.575	0
10.735	1	164	175	361.056	0
10.736	1	191	176	282.903	0
10.737	1	131	177	339.169	0
10.738	1	122	178	139.7	0
10.745	1	71	185	77.9359	0
10.746	1	76	186	167.722	0
10.747	1	82	187	3138.98	0
10.748	1	184	188	372.105	0
10.749	1	68	189	58.785	0
10.75	1	177	190	55.8915	0
10.751	1	24	191	262.905	0
10.752	1	117	192	70.5184	0
10.753	1	159	193	2598.71	0
10.754	1	22	194	526.135	0
10.755	1	137	195	226.169	0
10.756	1	156	196	372.369	0
10.757	1	25	197	301.626	0
10.758	1	50	198	144.45	0
10.759	1	60	199	62.7313	0
10.76	1	36	200	443.85	0
10.761	1	78	201	326.718	0
10.762	1	128	202	296.021	0
10.763	1	144	203	890.815	0
10.764	1	178	204	91.1549	0
10.765	1	192	205	84.4905	0
10.766	1	146	206	298.477	0
10.767	1	140	207	311.807	0
10.768	1	45	208	219.576	0
10.769	1	130	209	192.178	0
10.77	1	161	210	887.34	0
10.771	1	153	211	77.3724	0
10.772	1	124	212	223.827	0
10.773	1	167	213	139.808	0
10.774	1	81	214	1228.1	0
10.775	1	185	215	151.658	0
8.641	1	143	1	309.697	0
8.642	1	70	2	105.801	0
8.643	1	110	3	279.799	0
8.644	1	13	4	90.3702	0
8.645	1	66	5	500.182	0
8.646	1	72	6	358.215	0
8.647	1	103	7	789.849	0
8.648	1	92	8	1037.57	0
8.649	1	157	9	263.067	0
8.65	1	27	10	44.0305	0
8.651	1	58	11	4420.68	0
8.652	1	115	12	388.175	0
8.653	1	48	13	337.64	0
8.654	1	37	14	3897.47	0
8.655	1	135	15	228.158	0
8.656	1	193	16	315.688	0
8.657	1	197	17	497.87	0
8.658	1	38	18	74.0295	0
8.659	1	189	19	1494.43	0
8.66	1	40	20	3336.23	0
8.661	1	142	21	284.288	0
8.662	1	86	22	272.475	0
8.663	1	100	23	2096.46	0
8.664	1	166	24	156.822	0
8.665	1	118	25	383.857	0
8.666	1	49	26	886.013	0
8.667	1	196	27	464.395	0
8.668	1	119	28	60.1715	0
8.669	1	200	29	64.5021	0
8.67	1	55	30	89.6474	0
8.671	1	95	31	199.219	0
8.672	1	107	32	58.5112	0
8.673	1	101	33	188.03	0
8.674	1	116	34	910.528	0
8.675	1	61	35	318.928	0
8.676	1	111	36	454.416	0
8.677	1	3	37	64.3273	0
8.678	1	4	38	337.04	0
8.679	1	195	39	327.823	0
8.68	1	30	40	720.159	0
8.681	1	91	41	102.645	0
8.682	1	35	42	217.733	0
8.683	1	19	43	228.062	0
8.684	1	176	44	343.773	0
8.685	1	32	45	98.1343	0
8.686	1	126	46	150.424	0
8.687	1	151	47	4023.45	0
8.688	1	160	48	206.657	0
8.689	1	79	49	575.485	0
8.69	1	171	50	101.387	0
8.691	1	175	51	2847.68	0
8.692	1	17	52	132.726	0
8.693	1	174	53	73.134	0
8.694	1	74	54	407.839	0
8.695	1	39	55	129.265	0
8.696	1	179	56	85.7612	0
8.697	1	194	57	860.703	0
8.698	1	28	58	91.6948	0
8.699	1	80	59	114.154	0
8.7	1	105	60	150.117	0
8.701	1	168	61	1084.78	0
8.702	1	73	62	3849.55	0
8.703	1	141	63	257.051	0
8.704	1	53	64	596.62	0
8.705	1	163	65	189.819	0
8.706	1	62	66	154.888	0
8.707	1	89	67	1702.47	0
8.708	1	173	68	186.829	0
8.709	1	112	69	702.067	0
8.71	1	93	70	70.1617	0
8.711	1	136	71	75.0283	0
8.712	1	121	72	323.479	0
8.713	1	85	73	175.189	0
8.714	1	2	74	96.5596	0
8.715	1	158	75	1208.71	0
8.716	1	14	76	434.977	0
8.717	1	1	77	539.041	0
8.718	1	133	78	164.806	0
8.719	1	34	79	85.7453	0
8.72	1	18	80	58.2424	0
8.721	1	149	81	1861.58	0
8.722	1	108	82	363.649	0
8.723	1	97	83	2379.24	0
8.724	1	148	84	122.005	0
8.725	1	51	85	633.168	0
8.726	1	9	86	197.517	0
8.727	1	132	87	359.987	0
8.728	1	181	88	75.7958	0
8.729	1	43	89	143.534	0
8.73	1	84	90	640.635	0
10.881	1	143	1	436.731	0
8.731	1	183	91	625.988	0
8.732	1	44	92	287.054	0
10.882	1	70	2	214.791	0
8.733	1	77	93	334.641	0
10.883	1	110	3	187.074	0
8.734	1	31	94	419.756	0
10.884	1	13	4	79.4036	0
8.735	1	57	95	114.257	0
8.736	1	172	96	156.835	0
10.885	1	66	5	288.7	0
10.886	1	72	6	156.309	0
8.737	1	47	97	489.917	0
8.738	1	187	98	289.856	0
10.887	1	103	7	1227.42	0
8.739	1	180	99	195.586	0
10.888	1	92	8	1219.73	0
8.74	1	147	100	3374.93	0
10.889	1	157	9	195.381	0
10.89	1	27	10	124.72	0
8.741	1	46	101	433.527	0
10.891	1	58	11	9910.84	0
8.742	1	155	102	55.4305	0
10.892	1	115	12	380.939	0
8.743	1	21	103	132.719	0
8.744	1	6	104	114.431	0
10.893	1	48	13	144.365	0
8.745	1	29	105	89.1343	0
10.894	1	37	14	3028	0
8.746	1	182	106	499.864	0
10.895	1	135	15	319.483	0
10.896	1	193	16	274.524	0
8.748	1	96	108	246.961	0
10.897	1	197	17	550.561	0
8.749	1	42	109	615.1	0
10.898	1	38	18	221.729	0
8.75	1	165	110	2158.76	0
10.899	1	189	19	1191.5	0
8.751	1	69	111	5952.55	0
10.9	1	40	20	3373.75	0
8.752	1	88	112	588.038	0
10.901	1	142	21	512.531	0
10.902	1	86	22	587.075	0
8.753	1	188	113	1279.65	0
8.754	1	152	114	267.836	0
10.903	1	100	23	1653.4	0
8.755	1	162	115	65.2772	0
10.904	1	166	24	119.595	0
8.756	1	11	116	637.328	0
10.905	1	118	25	723.484	0
8.757	1	139	117	920.29	0
10.906	1	49	26	723.268	0
8.758	1	98	118	235.078	0
10.907	1	196	27	240.277	0
8.759	1	23	119	258.2	0
10.908	1	119	28	134.999	0
8.76	1	10	120	3693.91	0
10.909	1	200	29	384.931	0
10.91	1	55	30	130.004	0
8.761	1	12	121	321.879	0
10.911	1	95	31	221.727	0
10.912	1	107	32	63.2564	0
8.762	1	120	122	1991.17	0
10.913	1	101	33	208.563	0
8.763	1	150	123	178.401	0
10.914	1	116	34	1865.34	0
8.764	1	8	124	204.982	0
10.915	1	61	35	190.437	0
8.765	1	16	125	331.906	0
8.766	1	169	126	57.6129	0
8.767	1	94	127	49.1752	0
10.916	1	111	36	164.55	0
8.768	1	170	128	2355.84	0
8.769	1	54	129	241.752	0
10.917	1	3	37	70.8584	0
8.77	1	125	130	416.226	0
10.918	1	4	38	144.62	0
8.771	1	90	131	299.957	0
10.919	1	195	39	330.998	0
8.772	1	134	132	214.601	0
8.773	1	186	133	920.306	0
10.92	1	30	40	580.064	0
8.774	1	67	134	4860.29	0
10.921	1	91	41	153.54	0
10.922	1	35	42	169.62	0
8.775	1	102	135	4142.31	0
10.923	1	19	43	161.978	0
10.924	1	176	44	207.09	0
8.776	1	63	136	3552.42	0
10.925	1	32	45	381.114	0
8.777	1	145	137	1080.65	0
10.926	1	126	46	298.531	0
8.778	1	127	138	81.0027	0
10.927	1	151	47	6747.85	0
10.928	1	160	48	234.577	0
8.78	1	154	140	802.315	0
10.929	1	79	49	1357.57	0
8.781	1	20	141	128.873	0
10.93	1	171	50	91.2238	0
8.782	1	52	142	118.772	0
10.931	1	175	51	1814.93	0
10.932	1	17	52	368.35	0
8.783	1	138	143	219.1	0
10.933	1	174	53	134.806	0
8.784	1	83	144	110.869	0
8.785	1	5	145	2056.82	0
8.786	1	109	146	455.204	0
8.787	1	33	147	752.37	0
8.788	1	123	148	52.1006	0
8.789	1	99	149	1071.71	0
8.79	1	104	150	107.725	0
8.791	1	113	151	1321.9	0
8.792	1	106	152	94.9726	0
10.934	1	74	54	443.301	0
8.793	1	65	153	82.2746	0
8.794	1	129	154	816.301	0
8.795	1	199	155	99.1236	0
10.935	1	39	55	52.7953	0
10.936	1	179	56	112.754	0
10.937	1	194	57	505.496	0
10.938	1	28	58	410.023	0
8.803	1	64	163	240.078	0
8.804	1	59	164	469.815	0
8.805	1	114	165	87.7642	0
10.939	1	80	59	49.5509	0
8.806	1	198	166	99.0439	0
8.807	1	41	167	401.626	0
10.94	1	105	60	182.829	0
8.808	1	56	168	154.849	0
8.809	1	190	169	104.804	0
8.81	1	75	170	168.452	0
10.941	1	168	61	501.57	0
8.811	1	87	171	782.133	0
8.812	1	26	172	4307.02	0
8.813	1	15	173	73.992	0
10.942	1	73	62	4257.41	0
8.814	1	7	174	187.15	0
8.815	1	164	175	461.496	0
10.943	1	141	63	129.008	0
8.816	1	191	176	131.805	0
10.944	1	53	64	91.8752	0
8.817	1	131	177	267.377	0
8.818	1	122	178	358.813	0
10.945	1	163	65	244.226	0
10.946	1	62	66	210.087	0
10.947	1	89	67	2375.89	0
10.948	1	173	68	308.222	0
8.825	1	71	185	159.283	0
8.826	1	76	186	275.942	0
10.949	1	112	69	1086.89	0
8.827	1	82	187	1940.83	0
10.95	1	93	70	33.544	0
8.828	1	184	188	190.771	0
8.829	1	68	189	69.0814	0
10.951	1	136	71	77.8522	0
8.83	1	177	190	80.4264	0
8.831	1	24	191	81.9535	0
8.832	1	117	192	66.322	0
10.952	1	121	72	303.826	0
8.833	1	159	193	3473.08	0
8.834	1	22	194	348.232	0
10.953	1	85	73	432.081	0
8.835	1	137	195	438.058	0
8.836	1	156	196	134.063	0
10.954	1	2	74	93.1024	0
8.837	1	25	197	142.39	0
8.838	1	50	198	85.404	0
10.955	1	158	75	1490.88	0
8.839	1	60	199	48.825	0
8.84	1	36	200	460.558	0
10.956	1	14	76	193.328	0
8.841	1	78	201	327.777	0
10.957	1	1	77	708.916	0
8.842	1	128	202	67.0524	0
10.958	1	133	78	194.68	0
8.843	1	144	203	1852.72	0
8.844	1	178	204	256.537	0
10.959	1	34	79	107.803	0
8.845	1	192	205	119.869	0
8.846	1	146	206	506.767	0
10.96	1	18	80	98.2204	0
8.847	1	140	207	511.912	0
8.848	1	45	208	163.53	0
8.849	1	130	209	126.869	0
8.85	1	161	210	446.352	0
10.961	1	149	81	1478.83	0
8.851	1	153	211	250.647	0
8.852	1	124	212	196.211	0
10.962	1	108	82	350.757	0
8.853	1	167	213	221.637	0
8.854	1	81	214	582.307	0
10.963	1	97	83	5106.35	0
8.855	1	185	215	435.539	0
10.964	1	148	84	57.9274	0
10.965	1	51	85	606.314	0
10.966	1	9	86	966.312	0
10.967	1	132	87	248.217	0
10.968	1	181	88	71.0494	0
10.969	1	43	89	270.434	0
10.97	1	84	90	250.038	0
10.971	1	183	91	687.58	0
10.972	1	44	92	199.68	0
10.973	1	77	93	234.224	0
10.974	1	31	94	671.39	0
10.975	1	57	95	217.569	0
10.976	1	172	96	188.161	0
10.977	1	47	97	714.999	0
10.978	1	187	98	223.415	0
10.979	1	180	99	142.268	0
10.98	1	147	100	5634.57	0
10.981	1	46	101	188.469	0
10.982	1	155	102	145.478	0
10.983	1	21	103	150.873	0
10.984	1	6	104	236.172	0
10.985	1	29	105	65.6123	0
10.986	1	182	106	142.501	0
10.988	1	96	108	44.4692	0
10.989	1	42	109	413.972	0
10.99	1	165	110	1149.13	0
10.991	1	69	111	14170	0
10.992	1	88	112	662.452	0
10.993	1	188	113	1261.61	0
10.994	1	152	114	501.467	0
10.995	1	162	115	72.3531	0
10.996	1	11	116	683.664	0
10.997	1	139	117	2098.37	0
10.998	1	98	118	194.719	0
10.999	1	23	119	218.779	0
11	1	10	120	2706.34	0
11.001	1	12	121	281.409	0
11.002	1	120	122	898.95	0
11.003	1	150	123	225.459	0
11.004	1	8	124	275.883	0
11.005	1	16	125	404.092	0
11.006	1	169	126	97.5054	0
11.007	1	94	127	133.732	0
11.008	1	170	128	2911.97	0
11.009	1	54	129	116.338	0
11.01	1	125	130	275.99	0
11.011	1	90	131	1134	0
11.012	1	134	132	139.526	0
11.013	1	186	133	1251.74	0
11.014	1	67	134	3886.3	0
11.015	1	102	135	4552.39	0
11.016	1	63	136	3949.64	0
11.017	1	145	137	675.168	0
11.018	1	127	138	135.343	0
11.02	1	154	140	2286.59	0
11.021	1	20	141	214.529	0
11.022	1	52	142	67.5764	0
11.023	1	138	143	595.907	0
11.024	1	83	144	105.476	0
11.025	1	5	145	2161.1	0
11.026	1	109	146	113.347	0
11.027	1	33	147	2172.86	0
11.028	1	123	148	127.463	0
11.029	1	99	149	834.301	0
11.03	1	104	150	186.898	0
11.031	1	113	151	726.1	0
11.032	1	106	152	102.145	0
11.033	1	65	153	43.6134	0
11.034	1	129	154	391.914	0
11.035	1	199	155	145.954	0
11.043	1	64	163	381.066	0
11.044	1	59	164	587.859	0
11.045	1	114	165	95.7643	0
11.046	1	198	166	80.1107	0
8.961	1	143	1	450.863	0
11.047	1	41	167	461.512	0
11.048	1	56	168	120.959	0
8.962	1	70	2	80.3166	0
11.049	1	190	169	68.9488	0
11.05	1	75	170	89.1969	0
8.963	1	110	3	116.788	0
11.051	1	87	171	564.215	0
8.964	1	13	4	73.3829	0
8.965	1	66	5	156.424	0
11.052	1	26	172	2549.63	0
8.966	1	72	6	116.416	0
11.053	1	15	173	184.547	0
8.967	1	103	7	1606.15	0
11.054	1	7	174	217.978	0
8.968	1	92	8	1038.72	0
11.055	1	164	175	201.317	0
11.056	1	191	176	209.506	0
11.057	1	131	177	407.503	0
8.969	1	157	9	405.669	0
11.058	1	122	178	242.335	0
8.97	1	27	10	100.688	0
8.971	1	58	11	3635.53	0
8.972	1	115	12	499.557	0
8.973	1	48	13	253.596	0
8.974	1	37	14	3156.23	0
8.975	1	135	15	285.854	0
8.976	1	193	16	210.604	0
11.065	1	71	185	157.473	0
8.977	1	197	17	443.388	0
11.066	1	76	186	147.378	0
8.978	1	38	18	108.079	0
11.067	1	82	187	5646.43	0
8.979	1	189	19	1694.91	0
11.068	1	184	188	286.259	0
8.98	1	40	20	3513.73	0
11.069	1	68	189	63.7537	0
8.981	1	142	21	279.803	0
11.07	1	177	190	152.358	0
8.982	1	86	22	416.075	0
11.071	1	24	191	129.195	0
11.072	1	117	192	29.6949	0
8.983	1	100	23	2066.23	0
11.073	1	159	193	3846.76	0
11.074	1	22	194	328.443	0
8.984	1	166	24	138.736	0
11.075	1	137	195	189.608	0
8.985	1	118	25	655.184	0
8.986	1	49	26	233.354	0
11.076	1	156	196	267.659	0
8.987	1	196	27	165.476	0
11.077	1	25	197	256.513	0
8.988	1	119	28	162.268	0
11.078	1	50	198	291.532	0
8.989	1	200	29	180.963	0
11.079	1	60	199	140.217	0
8.99	1	55	30	81.3642	0
11.08	1	36	200	359.884	0
8.991	1	95	31	146.928	0
11.081	1	78	201	189.637	0
8.992	1	107	32	115.312	0
11.082	1	128	202	313.942	0
11.083	1	144	203	3577.21	0
8.993	1	101	33	217.639	0
8.994	1	116	34	926.111	0
11.084	1	178	204	59.7484	0
8.995	1	61	35	45.127	0
8.996	1	111	36	381.603	0
11.085	1	192	205	53.8756	0
11.086	1	146	206	349.452	0
8.997	1	3	37	106.019	0
8.998	1	4	38	250.42	0
11.087	1	140	207	688.161	0
11.088	1	45	208	83.1476	0
8.999	1	195	39	426.853	0
11.089	1	130	209	114.918	0
9	1	30	40	488.152	0
11.09	1	161	210	892.696	0
11.091	1	153	211	237.445	0
9.001	1	91	41	142.435	0
11.092	1	124	212	219.169	0
9.002	1	35	42	166.068	0
11.093	1	167	213	242.695	0
9.003	1	19	43	86.88	0
11.094	1	81	214	1356.9	0
9.004	1	176	44	208.677	0
11.095	1	185	215	352.701	0
9.005	1	32	45	135.31	0
9.006	1	126	46	88.3607	0
9.007	1	151	47	5327.3	0
9.008	1	160	48	177.695	0
9.009	1	79	49	2008.18	0
9.01	1	171	50	79.0483	0
9.011	1	175	51	2426.48	0
9.012	1	17	52	222.995	0
9.013	1	174	53	76.0994	0
9.014	1	74	54	218.258	0
9.015	1	39	55	144.985	0
9.016	1	179	56	63.8258	0
9.017	1	194	57	1051.58	0
9.018	1	28	58	442.429	0
9.019	1	80	59	86.7419	0
9.02	1	105	60	88.4593	0
9.021	1	168	61	3184.48	0
9.022	1	73	62	4449.74	0
9.023	1	141	63	180.448	0
9.024	1	53	64	275.855	0
9.025	1	163	65	116.285	0
9.026	1	62	66	413.543	0
9.027	1	89	67	2107.89	0
9.028	1	173	68	200.636	0
9.029	1	112	69	333.27	0
9.03	1	93	70	75.0142	0
9.031	1	136	71	52.3528	0
9.032	1	121	72	337.627	0
9.033	1	85	73	83.2289	0
9.034	1	2	74	84.1449	0
9.035	1	158	75	1545.36	0
9.036	1	14	76	380.963	0
9.037	1	1	77	192.902	0
9.038	1	133	78	340.838	0
9.039	1	34	79	194.544	0
9.04	1	18	80	103.827	0
9.041	1	149	81	642.109	0
9.042	1	108	82	516.636	0
9.043	1	97	83	14195.4	0
9.044	1	148	84	113.292	0
9.045	1	51	85	650.698	0
9.046	1	9	86	170.469	0
9.047	1	132	87	180.607	0
9.048	1	181	88	114.133	0
9.049	1	43	89	223.592	0
9.05	1	84	90	308.115	0
9.051	1	183	91	590.182	0
9.052	1	44	92	324.916	0
9.053	1	77	93	695.39	0
9.054	1	31	94	579.343	0
9.055	1	57	95	78.8645	0
9.056	1	172	96	134.885	0
9.057	1	47	97	437.455	0
9.058	1	187	98	414.12	0
9.059	1	180	99	101.587	0
9.06	1	147	100	3747.06	0
9.061	1	46	101	281.241	0
9.062	1	155	102	105.6	0
9.063	1	21	103	197.327	0
9.064	1	6	104	296.315	0
9.065	1	29	105	69.826	0
9.066	1	182	106	365.024	0
9.068	1	96	108	110.547	0
9.069	1	42	109	111.447	0
11.201	1	143	1	599.838	0
9.07	1	165	110	1364.51	0
11.202	1	70	2	134.15	0
11.203	1	110	3	189.011	0
9.071	1	69	111	2116.49	0
11.204	1	13	4	55.0345	0
9.072	1	88	112	1452.94	0
11.205	1	66	5	111.899	0
11.206	1	72	6	309.065	0
9.073	1	188	113	966.826	0
11.207	1	103	7	1525.38	0
9.074	1	152	114	596.477	0
11.208	1	92	8	1349.75	0
11.209	1	157	9	537.033	0
9.075	1	162	115	139.697	0
11.21	1	27	10	115.643	0
11.211	1	58	11	8231.66	0
9.076	1	11	116	684.178	0
11.212	1	115	12	215.295	0
9.077	1	139	117	2275.91	0
11.213	1	48	13	247.81	0
11.214	1	37	14	3233.47	0
9.078	1	98	118	255.711	0
11.215	1	135	15	214.636	0
9.079	1	23	119	552.443	0
9.08	1	10	120	2084.64	0
11.216	1	193	16	204.272	0
9.081	1	12	121	329.893	0
9.082	1	120	122	2162	0
11.217	1	197	17	559.039	0
11.218	1	38	18	70.2803	0
11.219	1	189	19	2145.58	0
9.083	1	150	123	222.339	0
11.22	1	40	20	5211.3	0
9.084	1	8	124	131.787	0
11.221	1	142	21	583.561	0
11.222	1	86	22	501.643	0
9.085	1	16	125	222.559	0
11.223	1	100	23	1234.74	0
9.086	1	169	126	51.3638	0
11.224	1	166	24	172.274	0
9.087	1	94	127	133.72	0
11.225	1	118	25	334.813	0
11.226	1	49	26	278.814	0
9.088	1	170	128	3392.73	0
11.227	1	196	27	259.511	0
11.228	1	119	28	84.1582	0
9.089	1	54	129	163.77	0
9.09	1	125	130	359.778	0
11.229	1	200	29	193.17	0
11.23	1	55	30	158.982	0
9.091	1	90	131	624.893	0
11.231	1	95	31	212.698	0
11.232	1	107	32	62.8562	0
9.092	1	134	132	165.582	0
11.233	1	101	33	228.201	0
11.234	1	116	34	1402.21	0
9.093	1	186	133	1517.03	0
9.094	1	67	134	4308.73	0
11.235	1	61	35	187.748	0
11.236	1	111	36	384.851	0
9.095	1	102	135	2922.38	0
11.237	1	3	37	46.6975	0
9.096	1	63	136	2785.04	0
11.238	1	4	38	243.161	0
11.239	1	195	39	432.456	0
9.097	1	145	137	1435.99	0
11.24	1	30	40	526.134	0
9.098	1	127	138	112.942	0
11.241	1	91	41	196.777	0
9.1	1	154	140	778.709	0
11.242	1	35	42	182.524	0
11.243	1	19	43	359.66	0
9.101	1	20	141	109.856	0
11.244	1	176	44	276.909	0
9.102	1	52	142	51.3304	0
11.245	1	32	45	103.949	0
9.103	1	138	143	329.629	0
11.246	1	126	46	193.227	0
9.104	1	83	144	55.9258	0
11.247	1	151	47	3135.68	0
11.248	1	160	48	359.404	0
9.105	1	5	145	1020.38	0
9.106	1	109	146	355.46	0
11.249	1	79	49	1551.16	0
11.25	1	171	50	76.8319	0
9.107	1	33	147	1364.35	0
9.108	1	123	148	59.3076	0
11.251	1	175	51	3200.52	0
9.109	1	99	149	790.431	0
11.252	1	17	52	118.093	0
9.11	1	104	150	153.373	0
11.253	1	174	53	135.809	0
11.254	1	74	54	390.431	0
9.111	1	113	151	1312.23	0
9.112	1	106	152	72.8251	0
11.255	1	39	55	83.7919	0
11.256	1	179	56	60.9084	0
9.113	1	65	153	55.9902	0
9.114	1	129	154	209.923	0
11.257	1	194	57	419.267	0
11.258	1	28	58	461.296	0
9.115	1	199	155	226.333	0
11.259	1	80	59	18.1925	0
11.26	1	105	60	71.6999	0
11.261	1	168	61	877.11	0
11.262	1	73	62	2455.75	0
11.263	1	141	63	135.292	0
11.264	1	53	64	239.434	0
11.265	1	163	65	140.87	0
11.266	1	62	66	270.179	0
11.267	1	89	67	2495.18	0
11.268	1	173	68	71.1852	0
9.123	1	64	163	190.917	0
11.269	1	112	69	434.174	0
9.124	1	59	164	1057.57	0
11.27	1	93	70	31.7889	0
9.125	1	114	165	269.19	0
11.271	1	136	71	112.292	0
9.126	1	198	166	204.121	0
11.272	1	121	72	144.086	0
9.127	1	41	167	573.196	0
11.273	1	85	73	190.05	0
9.128	1	56	168	270.877	0
11.274	1	2	74	87.2682	0
9.129	1	190	169	93.6302	0
9.13	1	75	170	275.468	0
11.275	1	158	75	3442	0
9.131	1	87	171	1175.73	0
9.132	1	26	172	3240.47	0
11.276	1	14	76	343.734	0
9.133	1	15	173	117.544	0
11.277	1	1	77	376.057	0
11.278	1	133	78	210.14	0
9.134	1	7	174	125.5	0
11.279	1	34	79	96.9314	0
11.28	1	18	80	60.8393	0
11.281	1	149	81	916.546	0
9.135	1	164	175	293.684	0
11.282	1	108	82	226.858	0
9.136	1	191	176	249.223	0
9.137	1	131	177	148.664	0
9.138	1	122	178	239.812	0
11.283	1	97	83	2764.52	0
11.284	1	148	84	60.3709	0
11.285	1	51	85	617.333	0
11.286	1	9	86	460.715	0
11.287	1	132	87	190.465	0
11.288	1	181	88	138.891	0
11.289	1	43	89	280.458	0
11.29	1	84	90	136.726	0
9.145	1	71	185	68.2686	0
9.146	1	76	186	261.215	0
11.291	1	183	91	607.702	0
11.292	1	44	92	84.9902	0
9.147	1	82	187	6646.19	0
9.148	1	184	188	237.658	0
9.149	1	68	189	130.32	0
11.293	1	77	93	662.073	0
9.15	1	177	190	100.973	0
11.294	1	31	94	279.491	0
9.151	1	24	191	138.421	0
11.295	1	57	95	250.276	0
9.152	1	117	192	59.7182	0
11.296	1	172	96	152.518	0
9.153	1	159	193	3111.54	0
11.297	1	47	97	614.693	0
9.154	1	22	194	423.124	0
11.298	1	187	98	223.415	0
9.155	1	137	195	229.445	0
11.299	1	180	99	211.664	0
9.156	1	156	196	170.467	0
11.3	1	147	100	14887.7	0
9.157	1	25	197	307.183	0
9.158	1	50	198	101.034	0
11.301	1	46	101	139.638	0
9.159	1	60	199	200.093	0
11.302	1	155	102	104.659	0
9.16	1	36	200	180.985	0
11.303	1	21	103	269.864	0
11.304	1	6	104	261.431	0
9.161	1	78	201	251.809	0
11.305	1	29	105	35.2012	0
11.306	1	182	106	112.347	0
9.162	1	128	202	318.732	0
9.163	1	144	203	2186.27	0
11.308	1	96	108	195.99	0
9.164	1	178	204	154.982	0
9.165	1	192	205	78.9736	0
11.309	1	42	109	507.791	0
9.166	1	146	206	295.464	0
11.31	1	165	110	1733.9	0
9.167	1	140	207	682.872	0
11.311	1	69	111	4216.72	0
9.168	1	45	208	77.2833	0
11.312	1	88	112	1154.33	0
11.313	1	188	113	1635.65	0
9.169	1	130	209	185.459	0
11.314	1	152	114	822.793	0
9.17	1	161	210	319.493	0
11.315	1	162	115	135.909	0
9.171	1	153	211	128.171	0
9.172	1	124	212	171.863	0
9.173	1	167	213	280.613	0
11.316	1	11	116	804.695	0
9.174	1	81	214	1521.81	0
9.175	1	185	215	204.445	0
11.317	1	139	117	1141.77	0
11.318	1	98	118	208.216	0
11.319	1	23	119	572.936	0
11.32	1	10	120	1322.89	0
11.321	1	12	121	294.555	0
11.322	1	120	122	997.638	0
11.323	1	150	123	194.423	0
11.324	1	8	124	153.148	0
11.325	1	16	125	275.061	0
11.326	1	169	126	87.3936	0
11.327	1	94	127	100.315	0
11.328	1	170	128	2337.45	0
11.329	1	54	129	58.0324	0
11.33	1	125	130	483.585	0
11.331	1	90	131	405.491	0
11.332	1	134	132	86.5554	0
11.333	1	186	133	1450.23	0
11.334	1	67	134	4992.6	0
11.335	1	102	135	4241.81	0
11.336	1	63	136	857.487	0
11.337	1	145	137	1568.29	0
11.338	1	127	138	114.32	0
11.34	1	154	140	1619.11	0
11.341	1	20	141	51.4476	0
11.342	1	52	142	50.1703	0
11.343	1	138	143	473.043	0
11.344	1	83	144	203.152	0
11.345	1	5	145	1755	0
11.346	1	109	146	238.965	0
11.347	1	33	147	2174.28	0
11.348	1	123	148	34.0731	0
11.349	1	99	149	1339.79	0
11.35	1	104	150	121.85	0
11.351	1	113	151	2034.36	0
11.352	1	106	152	120.893	0
11.353	1	65	153	220.899	0
11.354	1	129	154	121.521	0
11.355	1	199	155	98.7991	0
11.363	1	64	163	206.323	0
11.364	1	59	164	767.349	0
11.365	1	114	165	144.823	0
11.366	1	198	166	203.891	0
11.367	1	41	167	1197.27	0
11.368	1	56	168	136.118	0
11.369	1	190	169	47.6927	0
11.37	1	75	170	79.256	0
11.371	1	87	171	915.003	0
11.372	1	26	172	1048.44	0
11.373	1	15	173	88.6473	0
11.374	1	7	174	191.83	0
11.375	1	164	175	400.616	0
11.376	1	191	176	155.91	0
11.377	1	131	177	259.398	0
11.378	1	122	178	184.014	0
11.385	1	71	185	207.391	0
11.386	1	76	186	130.75	0
11.387	1	82	187	2646.03	0
11.388	1	184	188	133.419	0
11.389	1	68	189	65.0196	0
11.39	1	177	190	157.172	0
11.391	1	24	191	143.325	0
11.392	1	117	192	149.12	0
11.393	1	159	193	2498.25	0
11.394	1	22	194	536.235	0
11.395	1	137	195	641.141	0
11.396	1	156	196	105.344	0
11.397	1	25	197	306.223	0
11.398	1	50	198	135.226	0
11.399	1	60	199	137.312	0
11.4	1	36	200	110.92	0
11.401	1	78	201	152.241	0
11.402	1	128	202	467.825	0
11.403	1	144	203	3352.33	0
11.404	1	178	204	192.82	0
11.405	1	192	205	62.7453	0
11.406	1	146	206	734.406	0
11.407	1	140	207	456.152	0
11.408	1	45	208	130.35	0
11.409	1	130	209	165.809	0
11.41	1	161	210	591.79	0
11.411	1	153	211	149.34	0
11.412	1	124	212	197.335	0
11.413	1	167	213	315.829	0
11.414	1	81	214	680.084	0
11.415	1	185	215	283.272	0
9.281	1	143	1	302.094	0
9.282	1	70	2	116.285	0
9.283	1	110	3	319.688	0
9.284	1	13	4	21.3006	0
9.285	1	66	5	277.48	0
9.286	1	72	6	192.368	0
9.287	1	103	7	1739.1	0
9.288	1	92	8	1228.05	0
9.289	1	157	9	108.648	0
9.29	1	27	10	101.36	0
9.291	1	58	11	9424.74	0
9.292	1	115	12	363.507	0
9.293	1	48	13	276.942	0
9.294	1	37	14	1650.53	0
9.295	1	135	15	349.912	0
9.296	1	193	16	145.114	0
9.297	1	197	17	408.266	0
9.298	1	38	18	60.5881	0
9.299	1	189	19	1063.81	0
9.3	1	40	20	4751.03	0
9.301	1	142	21	550.148	0
9.302	1	86	22	223.164	0
9.303	1	100	23	2562	0
9.304	1	166	24	89.8468	0
9.305	1	118	25	348.121	0
9.306	1	49	26	180.679	0
9.307	1	196	27	210.738	0
9.308	1	119	28	60.357	0
9.309	1	200	29	255.152	0
9.31	1	55	30	85.3855	0
9.311	1	95	31	193.004	0
9.312	1	107	32	28.489	0
9.313	1	101	33	103.954	0
9.314	1	116	34	1221.49	0
9.315	1	61	35	182.232	0
9.316	1	111	36	452.097	0
9.317	1	3	37	33.6104	0
9.318	1	4	38	212.271	0
9.319	1	195	39	154.55	0
9.32	1	30	40	376.342	0
9.321	1	91	41	98.1406	0
9.322	1	35	42	228.766	0
9.323	1	19	43	204.666	0
9.324	1	176	44	250.913	0
9.325	1	32	45	123.994	0
9.326	1	126	46	186.918	0
9.327	1	151	47	6155.84	0
9.328	1	160	48	92.457	0
9.329	1	79	49	1613.78	0
9.33	1	171	50	101.888	0
9.331	1	175	51	7225.1	0
9.332	1	17	52	139.121	0
9.333	1	174	53	44.3213	0
9.334	1	74	54	323.654	0
9.335	1	39	55	174.778	0
9.336	1	179	56	70.4062	0
9.337	1	194	57	1267.66	0
9.338	1	28	58	806.49	0
9.339	1	80	59	76.3388	0
9.34	1	105	60	57.8436	0
9.341	1	168	61	1362.25	0
9.342	1	73	62	4959.67	0
9.343	1	141	63	126.755	0
9.344	1	53	64	209.139	0
9.345	1	163	65	140.738	0
9.346	1	62	66	228.411	0
9.347	1	89	67	1780.56	0
9.348	1	173	68	258.471	0
9.349	1	112	69	220.427	0
9.35	1	93	70	133.029	0
9.351	1	136	71	133.984	0
9.352	1	121	72	178.794	0
9.353	1	85	73	165.394	0
9.354	1	2	74	34.596	0
9.355	1	158	75	4002.18	0
9.356	1	14	76	324.433	0
9.357	1	1	77	536.577	0
9.358	1	133	78	264.897	0
9.359	1	34	79	112.446	0
9.36	1	18	80	52.3548	0
9.361	1	149	81	1532.3	0
9.362	1	108	82	337.969	0
9.363	1	97	83	6774.56	0
9.364	1	148	84	44.0514	0
9.365	1	51	85	642.456	0
9.366	1	9	86	375.276	0
9.367	1	132	87	179.848	0
9.368	1	181	88	78.7854	0
9.369	1	43	89	282.386	0
9.37	1	84	90	88.6044	0
9.371	1	183	91	491.63	0
9.372	1	44	92	453.873	0
9.373	1	77	93	627.683	0
9.374	1	31	94	306.304	0
9.375	1	57	95	252.1	0
9.376	1	172	96	256.388	0
9.377	1	47	97	823.782	0
9.378	1	187	98	206.275	0
9.379	1	180	99	83.3878	0
9.38	1	147	100	3548.9	0
9.381	1	46	101	228.549	0
9.382	1	155	102	112.655	0
11.521	1	143	1	501.2	0
9.383	1	21	103	258.231	0
11.522	1	70	2	37.4481	0
9.384	1	6	104	144.15	0
11.523	1	110	3	224.094	0
11.524	1	13	4	109.37	0
9.385	1	29	105	132.727	0
9.386	1	182	106	118.103	0
11.525	1	66	5	147.705	0
11.526	1	72	6	124.762	0
9.388	1	96	108	190.144	0
11.527	1	103	7	765.007	0
11.528	1	92	8	565.564	0
9.389	1	42	109	350.793	0
9.39	1	165	110	1438.66	0
11.529	1	157	9	228.844	0
11.53	1	27	10	142.514	0
9.391	1	69	111	6033.53	0
9.392	1	88	112	544.398	0
11.531	1	58	11	3251.19	0
11.532	1	115	12	414.544	0
9.393	1	188	113	1640.84	0
11.533	1	48	13	285.506	0
9.394	1	152	114	545.117	0
9.395	1	162	115	66.7748	0
11.534	1	37	14	5575.8	0
9.396	1	11	116	272.627	0
9.397	1	139	117	1590.54	0
11.535	1	135	15	324.519	0
9.398	1	98	118	218.721	0
11.536	1	193	16	150.541	0
9.399	1	23	119	201.247	0
11.537	1	197	17	154.73	0
9.4	1	10	120	6775.54	0
11.538	1	38	18	108.771	0
11.539	1	189	19	1158.1	0
11.54	1	40	20	4204.99	0
9.401	1	12	121	192.004	0
9.402	1	120	122	988.617	0
9.403	1	150	123	391.226	0
11.541	1	142	21	379.601	0
9.404	1	8	124	156.932	0
11.542	1	86	22	1133.85	0
9.405	1	16	125	214.693	0
9.406	1	169	126	48.2755	0
11.543	1	100	23	1037.06	0
11.544	1	166	24	112.995	0
9.407	1	94	127	201.924	0
11.545	1	118	25	685.404	0
9.408	1	170	128	2662.3	0
11.546	1	49	26	547.556	0
9.409	1	54	129	115.913	0
11.547	1	196	27	472.732	0
9.41	1	125	130	225.263	0
11.548	1	119	28	83.7254	0
9.411	1	90	131	894.142	0
11.549	1	200	29	236.684	0
9.412	1	134	132	100.71	0
11.55	1	55	30	80.2545	0
9.413	1	186	133	1670.46	0
9.414	1	67	134	11235.5	0
11.551	1	95	31	151.267	0
9.415	1	102	135	8888.55	0
11.552	1	107	32	123.608	0
11.553	1	101	33	414.064	0
11.554	1	116	34	1271.16	0
11.555	1	61	35	46.0583	0
9.416	1	63	136	4834.7	0
11.556	1	111	36	298.187	0
11.557	1	3	37	56.7585	0
11.558	1	4	38	95.2955	0
9.417	1	145	137	1994.91	0
9.418	1	127	138	157.896	0
11.559	1	195	39	520.059	0
11.56	1	30	40	563.179	0
9.42	1	154	140	1092.81	0
11.561	1	91	41	246.403	0
9.421	1	20	141	104.279	0
11.562	1	35	42	154.645	0
9.422	1	52	142	31.2131	0
11.563	1	19	43	123.24	0
9.423	1	138	143	306.97	0
11.564	1	176	44	195.594	0
9.424	1	83	144	27.4935	0
11.565	1	32	45	58.7944	0
9.425	1	5	145	1283.75	0
11.566	1	126	46	211.104	0
9.426	1	109	146	154.964	0
11.567	1	151	47	4153.13	0
9.427	1	33	147	1883.15	0
11.568	1	160	48	334.231	0
9.428	1	123	148	128.964	0
11.569	1	79	49	1488.21	0
9.429	1	99	149	800.48	0
11.57	1	171	50	66.8133	0
9.43	1	104	150	185.577	0
11.571	1	175	51	2318.13	0
9.431	1	113	151	1687.18	0
11.572	1	17	52	237.846	0
9.432	1	106	152	91.4116	0
11.573	1	174	53	65.9533	0
9.433	1	65	153	81.5736	0
11.574	1	74	54	584.31	0
9.434	1	129	154	1528.8	0
11.575	1	39	55	222.82	0
11.576	1	179	56	118.639	0
9.435	1	199	155	248.529	0
11.577	1	194	57	1398.08	0
11.578	1	28	58	118.383	0
11.579	1	80	59	57.3997	0
11.58	1	105	60	131.244	0
11.581	1	168	61	1313.16	0
11.582	1	73	62	4175.84	0
11.583	1	141	63	140.428	0
11.584	1	53	64	264.156	0
9.443	1	64	163	250.409	0
11.585	1	163	65	233.257	0
9.444	1	59	164	506.743	0
11.586	1	62	66	383.695	0
9.445	1	114	165	307.91	0
9.446	1	198	166	89.7066	0
11.587	1	89	67	2860.85	0
11.588	1	173	68	192.947	0
9.447	1	41	167	735.095	0
11.589	1	112	69	325.979	0
9.448	1	56	168	105.166	0
11.59	1	93	70	94.3656	0
9.449	1	190	169	146.502	0
9.45	1	75	170	121.165	0
11.591	1	136	71	141.723	0
11.592	1	121	72	134.268	0
9.451	1	87	171	1138.62	0
11.593	1	85	73	132.756	0
9.452	1	26	172	1503.8	0
11.594	1	2	74	75.7606	0
9.453	1	15	173	175.919	0
11.595	1	158	75	2194.17	0
9.454	1	7	174	256.762	0
11.596	1	14	76	299.351	0
9.455	1	164	175	582.262	0
11.597	1	1	77	327.469	0
9.456	1	191	176	167.019	0
11.598	1	133	78	235.625	0
9.457	1	131	177	185.77	0
11.599	1	34	79	145.271	0
9.458	1	122	178	147.973	0
11.6	1	18	80	91.4121	0
11.601	1	149	81	2115.78	0
11.602	1	108	82	636.226	0
11.603	1	97	83	6145.78	0
11.604	1	148	84	79.0348	0
11.605	1	51	85	846.925	0
11.606	1	9	86	446.915	0
9.465	1	71	185	52.9038	0
11.607	1	132	87	463.412	0
9.466	1	76	186	162.913	0
11.608	1	181	88	102.008	0
9.467	1	82	187	4835.08	0
11.609	1	43	89	199.715	0
9.468	1	184	188	168.448	0
11.61	1	84	90	167.171	0
11.611	1	183	91	555.873	0
9.469	1	68	189	38.1945	0
11.612	1	44	92	82.1834	0
9.47	1	177	190	105.668	0
11.613	1	77	93	513.804	0
9.471	1	24	191	124.32	0
11.614	1	31	94	267.34	0
9.472	1	117	192	83.1909	0
11.615	1	57	95	138.184	0
9.473	1	159	193	1115.8	0
9.474	1	22	194	509.814	0
9.475	1	137	195	276.996	0
11.616	1	172	96	206.042	0
9.476	1	156	196	131.562	0
11.617	1	47	97	631.244	0
11.618	1	187	98	374.426	0
9.477	1	25	197	220.038	0
9.478	1	50	198	199.75	0
11.619	1	180	99	149.093	0
9.479	1	60	199	59.771	0
9.48	1	36	200	559.334	0
11.62	1	147	100	3856.58	0
9.481	1	78	201	291.613	0
11.621	1	46	101	178.467	0
9.482	1	128	202	801.575	0
11.622	1	155	102	176.507	0
11.623	1	21	103	181.047	0
11.624	1	6	104	290.898	0
9.483	1	144	203	959.463	0
11.625	1	29	105	39.9191	0
9.484	1	178	204	219.821	0
11.626	1	182	106	232.188	0
9.485	1	192	205	58.364	0
9.486	1	146	206	465.156	0
11.628	1	96	108	234.139	0
11.629	1	42	109	544.484	0
9.487	1	140	207	231.165	0
9.488	1	45	208	122.228	0
11.63	1	165	110	2442.17	0
11.631	1	69	111	2408.95	0
9.489	1	130	209	170.34	0
11.632	1	88	112	1036.87	0
9.49	1	161	210	568.44	0
11.633	1	188	113	1248.05	0
9.491	1	153	211	233.596	0
9.492	1	124	212	847.642	0
11.634	1	152	114	1168.36	0
9.493	1	167	213	289.737	0
9.494	1	81	214	916.935	0
11.635	1	162	115	123.324	0
11.636	1	11	116	386.706	0
9.495	1	185	215	252.685	0
11.637	1	139	117	1168.1	0
11.638	1	98	118	164.845	0
11.639	1	23	119	265.18	0
11.64	1	10	120	3977.33	0
11.641	1	12	121	152.39	0
11.642	1	120	122	2502.23	0
11.643	1	150	123	205.657	0
11.644	1	8	124	55.6945	0
11.645	1	16	125	332.927	0
11.646	1	169	126	112.617	0
11.647	1	94	127	122.172	0
11.648	1	170	128	1742.74	0
11.649	1	54	129	64.0972	0
11.65	1	125	130	271.419	0
11.651	1	90	131	325.395	0
11.652	1	134	132	166.366	0
11.653	1	186	133	1202.86	0
11.654	1	67	134	5505.36	0
11.655	1	102	135	2958.96	0
11.656	1	63	136	3938.02	0
11.657	1	145	137	1619.18	0
11.658	1	127	138	107.966	0
11.66	1	154	140	1812.84	0
11.661	1	20	141	159.593	0
11.662	1	52	142	129.356	0
11.663	1	138	143	549.436	0
11.664	1	83	144	86.2564	0
11.665	1	5	145	1250.16	0
11.666	1	109	146	152.861	0
11.667	1	33	147	2478.79	0
11.668	1	123	148	87.4931	0
11.669	1	99	149	1636.64	0
11.67	1	104	150	111.149	0
11.671	1	113	151	628.874	0
11.672	1	106	152	143.401	0
11.673	1	65	153	81.7903	0
11.674	1	129	154	464.879	0
11.675	1	199	155	163.007	0
11.683	1	64	163	150.105	0
11.684	1	59	164	739.901	0
11.685	1	114	165	110.158	0
11.686	1	198	166	112.316	0
11.687	1	41	167	804.383	0
11.688	1	56	168	106.16	0
11.689	1	190	169	54.6362	0
11.69	1	75	170	161.474	0
11.691	1	87	171	1494.65	0
11.692	1	26	172	5969.6	0
11.693	1	15	173	80.195	0
11.694	1	7	174	135.937	0
11.695	1	164	175	500.478	0
11.696	1	191	176	480.574	0
11.697	1	131	177	110.264	0
11.698	1	122	178	248.217	0
11.705	1	71	185	229.787	0
11.706	1	76	186	123.848	0
11.707	1	82	187	2732.95	0
11.708	1	184	188	397.137	0
11.709	1	68	189	38.5563	0
11.71	1	177	190	153.189	0
11.711	1	24	191	289.683	0
11.712	1	117	192	79.1155	0
11.713	1	159	193	1963.12	0
11.714	1	22	194	282.809	0
11.715	1	137	195	249.217	0
11.716	1	156	196	93.5167	0
11.717	1	25	197	464.53	0
11.718	1	50	198	179.066	0
11.719	1	60	199	53.5512	0
11.72	1	36	200	446.059	0
11.721	1	78	201	97.8767	0
11.722	1	128	202	227.133	0
11.723	1	144	203	1646.54	0
11.724	1	178	204	157.93	0
11.725	1	192	205	49.3677	0
11.726	1	146	206	854.275	0
11.727	1	140	207	299.873	0
11.728	1	45	208	103.597	0
11.729	1	130	209	189.956	0
11.73	1	161	210	853.165	0
11.731	1	153	211	111.182	0
11.732	1	124	212	264.89	0
11.733	1	167	213	221.573	0
11.734	1	81	214	1257.68	0
11.735	1	185	215	827.692	0
9.601	1	143	1	466.351	0
9.602	1	70	2	62.2583	0
9.603	1	110	3	114.09	0
9.604	1	13	4	50.4619	0
9.605	1	66	5	100.08	0
9.606	1	72	6	431.957	0
9.607	1	103	7	1412.23	0
9.608	1	92	8	1028.89	0
9.609	1	157	9	281.988	0
9.61	1	27	10	204.127	0
9.611	1	58	11	16030	0
9.612	1	115	12	591.169	0
9.613	1	48	13	322.744	0
9.614	1	37	14	6325.4	0
9.615	1	135	15	967.681	0
9.616	1	193	16	160.909	0
9.617	1	197	17	562.629	0
9.618	1	38	18	41.6687	0
9.619	1	189	19	1570	0
9.62	1	40	20	3686.84	0
9.621	1	142	21	235.864	0
9.622	1	86	22	283.884	0
9.623	1	100	23	2693.65	0
9.624	1	166	24	48.7769	0
9.625	1	118	25	521.115	0
9.626	1	49	26	294.006	0
9.627	1	196	27	420.872	0
9.628	1	119	28	61.184	0
9.629	1	200	29	331.46	0
9.63	1	55	30	209.351	0
9.631	1	95	31	132.397	0
9.632	1	107	32	91.5696	0
9.633	1	101	33	92.8428	0
9.634	1	116	34	623.576	0
9.635	1	61	35	64.7642	0
9.636	1	111	36	370.284	0
9.637	1	3	37	35.202	0
9.638	1	4	38	98.062	0
9.639	1	195	39	63.9541	0
9.64	1	30	40	665.387	0
9.641	1	91	41	107.303	0
9.642	1	35	42	120.607	0
9.643	1	19	43	173.127	0
9.644	1	176	44	180.633	0
9.645	1	32	45	114.636	0
9.646	1	126	46	532.012	0
9.647	1	151	47	5157.69	0
9.648	1	160	48	624.986	0
9.649	1	79	49	1562.94	0
9.65	1	171	50	94.9484	0
9.651	1	175	51	5911.13	0
9.652	1	17	52	175.575	0
9.653	1	174	53	147.675	0
9.654	1	74	54	487.843	0
9.655	1	39	55	100.241	0
9.656	1	179	56	203.678	0
9.657	1	194	57	490.894	0
9.658	1	28	58	753.453	0
9.659	1	80	59	32.1323	0
9.66	1	105	60	102.427	0
9.661	1	168	61	1524.22	0
9.662	1	73	62	3748.7	0
9.663	1	141	63	102.012	0
9.664	1	53	64	225.238	0
9.665	1	163	65	80.0141	0
9.666	1	62	66	140.254	0
9.667	1	89	67	1968.75	0
9.668	1	173	68	225.572	0
9.669	1	112	69	433.789	0
9.67	1	93	70	175.429	0
9.671	1	136	71	109.118	0
9.672	1	121	72	228.698	0
9.673	1	85	73	74.7171	0
9.674	1	2	74	64.4244	0
9.675	1	158	75	1055.7	0
9.676	1	14	76	214.036	0
9.677	1	1	77	188.523	0
9.678	1	133	78	280.094	0
9.679	1	34	79	135.448	0
9.68	1	18	80	84.1073	0
9.681	1	149	81	2933.99	0
9.682	1	108	82	367.357	0
9.683	1	97	83	4329.99	0
9.684	1	148	84	34.2876	0
9.685	1	51	85	455.771	0
9.686	1	9	86	294.36	0
9.687	1	132	87	417.003	0
9.688	1	181	88	113.936	0
9.689	1	43	89	103.367	0
9.69	1	84	90	184.797	0
9.691	1	183	91	490.234	0
9.692	1	44	92	453.144	0
9.693	1	77	93	586.321	0
9.694	1	31	94	425.768	0
9.695	1	57	95	136.173	0
9.696	1	172	96	159.896	0
11.841	1	143	1	474.169	0
9.697	1	47	97	1672.04	0
9.698	1	187	98	439.683	0
11.842	1	70	2	86.1102	0
9.699	1	180	99	141.447	0
11.843	1	110	3	201.739	0
11.844	1	13	4	54.2508	0
9.7	1	147	100	9767.36	0
11.845	1	66	5	201.174	0
9.701	1	46	101	316.547	0
11.846	1	72	6	110.411	0
9.702	1	155	102	74.5366	0
11.847	1	103	7	701.308	0
11.848	1	92	8	679.865	0
9.703	1	21	103	625.414	0
9.704	1	6	104	178.613	0
11.849	1	157	9	354.674	0
11.85	1	27	10	120.533	0
9.705	1	29	105	59.3713	0
9.706	1	182	106	203.028	0
11.851	1	58	11	15161.4	0
11.852	1	115	12	275.168	0
9.708	1	96	108	182.408	0
11.853	1	48	13	189.624	0
9.709	1	42	109	837.844	0
9.71	1	165	110	1912.73	0
11.854	1	37	14	4120.11	0
9.711	1	69	111	6915.26	0
11.855	1	135	15	483.5	0
9.712	1	88	112	273.147	0
11.856	1	193	16	460.232	0
9.713	1	188	113	2805.68	0
11.857	1	197	17	252.275	0
9.714	1	152	114	508.848	0
11.858	1	38	18	167.808	0
9.715	1	162	115	101.284	0
11.859	1	189	19	1853.53	0
11.86	1	40	20	11235.9	0
9.716	1	11	116	257.819	0
11.861	1	142	21	591.904	0
9.717	1	139	117	553.512	0
11.862	1	86	22	713.061	0
9.718	1	98	118	151.55	0
11.863	1	100	23	741.015	0
9.719	1	23	119	380.973	0
11.864	1	166	24	179.482	0
11.865	1	118	25	518.176	0
9.72	1	10	120	2879.09	0
11.866	1	49	26	445.965	0
9.721	1	12	121	298.029	0
9.722	1	120	122	825.597	0
11.867	1	196	27	213.866	0
11.868	1	119	28	145.343	0
9.723	1	150	123	131.718	0
9.724	1	8	124	92.6533	0
11.869	1	200	29	158.855	0
11.87	1	55	30	168.234	0
9.725	1	16	125	225.791	0
9.726	1	169	126	120.3	0
11.871	1	95	31	223.025	0
11.872	1	107	32	43.0113	0
9.727	1	94	127	181.834	0
9.728	1	170	128	3536.06	0
11.873	1	101	33	288.82	0
9.729	1	54	129	109.427	0
11.874	1	116	34	1992.13	0
9.73	1	125	130	247.13	0
11.875	1	61	35	155.245	0
9.731	1	90	131	254.862	0
9.732	1	134	132	44.142	0
11.876	1	111	36	136.238	0
9.733	1	186	133	2073.4	0
11.877	1	3	37	84.0635	0
11.878	1	4	38	358.873	0
9.734	1	67	134	4612.14	0
11.879	1	195	39	198.999	0
11.88	1	30	40	665.91	0
9.735	1	102	135	4111.99	0
11.881	1	91	41	94.0995	0
9.736	1	63	136	2583.23	0
11.882	1	35	42	161.272	0
9.737	1	145	137	2359.27	0
9.738	1	127	138	37.1178	0
11.883	1	19	43	149.382	0
11.884	1	176	44	134.809	0
9.74	1	154	140	1002.85	0
11.885	1	32	45	150.431	0
11.886	1	126	46	108.668	0
9.741	1	20	141	166.422	0
11.887	1	151	47	7801.83	0
11.888	1	160	48	286.641	0
9.742	1	52	142	41.1139	0
11.889	1	79	49	724.716	0
9.743	1	138	143	300.236	0
11.89	1	171	50	62.6681	0
9.744	1	83	144	76.2893	0
11.891	1	175	51	3997.9	0
9.745	1	5	145	2468.29	0
11.892	1	17	52	232.968	0
9.746	1	109	146	152.205	0
9.747	1	33	147	656.255	0
9.748	1	123	148	71.59	0
11.893	1	174	53	48.9318	0
11.894	1	74	54	740.846	0
9.749	1	99	149	578.248	0
9.75	1	104	150	137.471	0
11.895	1	39	55	90.2788	0
11.896	1	179	56	110.847	0
9.751	1	113	151	1323.51	0
11.897	1	194	57	509.601	0
11.898	1	28	58	340.594	0
9.752	1	106	152	190.26	0
11.899	1	80	59	58.7826	0
9.753	1	65	153	162.095	0
11.9	1	105	60	65.7942	0
9.754	1	129	154	311.055	0
9.755	1	199	155	147.959	0
11.901	1	168	61	1372.46	0
11.902	1	73	62	1587.55	0
11.903	1	141	63	99.2204	0
11.904	1	53	64	321.776	0
11.905	1	163	65	112.948	0
11.906	1	62	66	250.424	0
11.907	1	89	67	3655.66	0
11.908	1	173	68	206.912	0
11.909	1	112	69	299.716	0
11.91	1	93	70	61.2268	0
9.763	1	64	163	257.175	0
9.764	1	59	164	260.357	0
11.911	1	136	71	98.5633	0
11.912	1	121	72	173.951	0
9.765	1	114	165	94.1636	0
9.766	1	198	166	110.912	0
11.913	1	85	73	133.401	0
11.914	1	2	74	77.0306	0
9.767	1	41	167	1097.86	0
9.768	1	56	168	214.085	0
11.915	1	158	75	3022.61	0
9.769	1	190	169	170.383	0
9.77	1	75	170	130.851	0
11.916	1	14	76	318.703	0
9.771	1	87	171	935.966	0
9.772	1	26	172	3480.58	0
11.917	1	1	77	391.198	0
11.918	1	133	78	84.0224	0
9.773	1	15	173	134.899	0
11.919	1	34	79	158.123	0
9.774	1	7	174	137.864	0
9.775	1	164	175	484.427	0
11.92	1	18	80	106.615	0
9.776	1	191	176	210.362	0
11.921	1	149	81	2315.86	0
11.922	1	108	82	111.852	0
9.777	1	131	177	208.269	0
11.923	1	97	83	4983.4	0
9.778	1	122	178	141.335	0
11.924	1	148	84	86.0055	0
11.925	1	51	85	423.525	0
11.926	1	9	86	584.941	0
11.927	1	132	87	260.399	0
11.928	1	181	88	122.135	0
11.929	1	43	89	278.992	0
11.93	1	84	90	144.35	0
11.931	1	183	91	741.294	0
11.932	1	44	92	333.051	0
11.933	1	77	93	845.103	0
9.785	1	71	185	111.065	0
9.786	1	76	186	396.952	0
9.787	1	82	187	10140.5	0
9.788	1	184	188	133.198	0
9.789	1	68	189	62.9873	0
9.79	1	177	190	66.6103	0
9.791	1	24	191	144.493	0
9.792	1	117	192	53.8069	0
9.793	1	159	193	1782.82	0
11.934	1	31	94	322.302	0
9.794	1	22	194	295.001	0
9.795	1	137	195	241.328	0
9.796	1	156	196	180.197	0
11.935	1	57	95	109.015	0
9.797	1	25	197	102.768	0
9.798	1	50	198	174.112	0
9.799	1	60	199	120.107	0
11.936	1	172	96	204.873	0
9.8	1	36	200	492.244	0
11.937	1	47	97	823.656	0
9.801	1	78	201	268.273	0
9.802	1	128	202	281.109	0
11.938	1	187	98	267.165	0
9.803	1	144	203	1297.4	0
9.804	1	178	204	227.643	0
11.939	1	180	99	193.407	0
9.805	1	192	205	51.3009	0
9.806	1	146	206	484.975	0
11.94	1	147	100	2596.34	0
9.807	1	140	207	285.863	0
9.808	1	45	208	239.336	0
9.809	1	130	209	204.336	0
9.81	1	161	210	485.957	0
11.941	1	46	101	548.282	0
9.811	1	153	211	156.137	0
9.812	1	124	212	265.821	0
9.813	1	167	213	151.506	0
9.814	1	81	214	1222.18	0
11.942	1	155	102	34.0874	0
9.815	1	185	215	164.858	0
11.943	1	21	103	437.346	0
11.944	1	6	104	147.926	0
11.945	1	29	105	106.662	0
11.946	1	182	106	177.574	0
11.948	1	96	108	282.516	0
11.949	1	42	109	220.756	0
11.95	1	165	110	1411.06	0
11.951	1	69	111	11834.5	0
11.952	1	88	112	726.233	0
11.953	1	188	113	981.703	0
11.954	1	152	114	773.683	0
11.955	1	162	115	527.975	0
11.956	1	11	116	344.463	0
11.957	1	139	117	869.28	0
11.958	1	98	118	85.6406	0
11.959	1	23	119	293.149	0
11.96	1	10	120	2423.46	0
11.961	1	12	121	725.767	0
11.962	1	120	122	754.275	0
11.963	1	150	123	310.281	0
11.964	1	8	124	106.068	0
11.965	1	16	125	179.569	0
11.966	1	169	126	44.3589	0
11.967	1	94	127	121.38	0
11.968	1	170	128	3518.64	0
11.969	1	54	129	197.639	0
11.97	1	125	130	147.848	0
11.971	1	90	131	650.401	0
11.972	1	134	132	63.5561	0
11.973	1	186	133	1270.74	0
11.974	1	67	134	4361.06	0
11.975	1	102	135	5153.83	0
11.976	1	63	136	2777.3	0
11.977	1	145	137	1828.93	0
11.978	1	127	138	105.898	0
11.98	1	154	140	763.321	0
11.981	1	20	141	132.094	0
11.982	1	52	142	137.684	0
11.983	1	138	143	565.215	0
11.984	1	83	144	40.6304	0
11.985	1	5	145	1574.73	0
11.986	1	109	146	88.4292	0
11.987	1	33	147	4709.25	0
11.988	1	123	148	32.0101	0
11.989	1	99	149	1186.96	0
11.99	1	104	150	79.3563	0
11.991	1	113	151	1688.16	0
11.992	1	106	152	280.25	0
11.993	1	65	153	59.235	0
11.994	1	129	154	391.619	0
11.995	1	199	155	176.145	0
12.003	1	64	163	459.256	0
12.004	1	59	164	662.173	0
12.005	1	114	165	60.4207	0
12.006	1	198	166	132.986	0
12.007	1	41	167	674.046	0
12.008	1	56	168	137.236	0
12.009	1	190	169	53.2446	0
12.01	1	75	170	321.415	0
9.921	1	143	1	354.292	0
12.011	1	87	171	659.865	0
9.922	1	70	2	117.953	0
12.012	1	26	172	3752.72	0
9.923	1	110	3	102.839	0
12.013	1	15	173	48.7521	0
9.924	1	13	4	67.6874	0
12.014	1	7	174	282.16	0
9.925	1	66	5	226.413	0
12.015	1	164	175	298.932	0
9.926	1	72	6	257.139	0
9.927	1	103	7	1969.47	0
12.016	1	191	176	148.625	0
9.928	1	92	8	816.001	0
9.929	1	157	9	331.768	0
9.93	1	27	10	177.084	0
12.017	1	131	177	381.848	0
12.018	1	122	178	256.443	0
9.931	1	58	11	7371.22	0
9.932	1	115	12	360.29	0
9.933	1	48	13	458.044	0
9.934	1	37	14	2826.54	0
9.935	1	135	15	335.211	0
9.936	1	193	16	331.363	0
9.937	1	197	17	183.512	0
9.938	1	38	18	94.1638	0
9.939	1	189	19	1562.85	0
12.025	1	71	185	119.506	0
9.94	1	40	20	4571.32	0
12.026	1	76	186	281.356	0
12.027	1	82	187	5502.15	0
9.941	1	142	21	363.119	0
12.028	1	184	188	310.496	0
12.029	1	68	189	27.3028	0
9.942	1	86	22	650.352	0
9.943	1	100	23	1628.87	0
12.03	1	177	190	225.008	0
9.944	1	166	24	143.635	0
12.031	1	24	191	213.749	0
9.945	1	118	25	661.286	0
9.946	1	49	26	410.905	0
12.032	1	117	192	44.0705	0
9.947	1	196	27	947.758	0
12.033	1	159	193	2895.86	0
9.948	1	119	28	67.9756	0
9.949	1	200	29	171.529	0
12.034	1	22	194	606.681	0
9.95	1	55	30	113.931	0
9.951	1	95	31	112.232	0
12.035	1	137	195	240.34	0
12.036	1	156	196	115.828	0
9.952	1	107	32	57.6242	0
12.037	1	25	197	274.396	0
9.953	1	101	33	144.51	0
12.038	1	50	198	176.275	0
9.954	1	116	34	1401.9	0
12.039	1	60	199	155.622	0
9.955	1	61	35	178.012	0
12.04	1	36	200	317.599	0
9.956	1	111	36	456.119	0
9.957	1	3	37	86.0563	0
9.958	1	4	38	220.876	0
12.041	1	78	201	479.202	0
9.959	1	195	39	306.865	0
9.96	1	30	40	655.05	0
12.042	1	128	202	62.2392	0
12.043	1	144	203	1866.49	0
9.961	1	91	41	174.187	0
12.044	1	178	204	193.939	0
12.045	1	192	205	53.8672	0
9.962	1	35	42	275.242	0
12.046	1	146	206	921.216	0
9.963	1	19	43	123.71	0
12.047	1	140	207	786.776	0
9.964	1	176	44	185.9	0
12.048	1	45	208	129.13	0
12.049	1	130	209	85.5462	0
9.965	1	32	45	73.7674	0
12.05	1	161	210	766.054	0
9.966	1	126	46	329.548	0
9.967	1	151	47	4094.24	0
12.051	1	153	211	161.596	0
9.968	1	160	48	263.948	0
12.052	1	124	212	132.866	0
9.969	1	79	49	989.308	0
12.053	1	167	213	408.77	0
9.97	1	171	50	40.5679	0
12.054	1	81	214	886.528	0
9.971	1	175	51	2886.53	0
12.055	1	185	215	510.019	0
9.972	1	17	52	204.557	0
9.973	1	174	53	99.8996	0
9.974	1	74	54	336.425	0
9.975	1	39	55	112.827	0
9.976	1	179	56	236.817	0
9.977	1	194	57	788.534	0
9.978	1	28	58	832.17	0
9.979	1	80	59	86.3996	0
9.98	1	105	60	75.1389	0
9.981	1	168	61	1038.78	0
9.982	1	73	62	7679.48	0
9.983	1	141	63	105.273	0
9.984	1	53	64	366.142	0
9.985	1	163	65	181.696	0
9.986	1	62	66	382.476	0
9.987	1	89	67	1559.5	0
9.988	1	173	68	243.266	0
9.989	1	112	69	71.3263	0
9.99	1	93	70	145.952	0
9.991	1	136	71	73.9499	0
9.992	1	121	72	446.848	0
9.993	1	85	73	292.885	0
9.994	1	2	74	49.6107	0
9.995	1	158	75	1465.61	0
9.996	1	14	76	230.599	0
9.997	1	1	77	531.604	0
9.998	1	133	78	194.498	0
9.999	1	34	79	176.495	0
10	1	18	80	101.019	0
10.001	1	149	81	1845.64	0
10.002	1	108	82	275.72	0
10.003	1	97	83	11006.8	0
10.004	1	148	84	49.8899	0
10.005	1	51	85	525.747	0
10.006	1	9	86	699.635	0
10.007	1	132	87	236.395	0
10.008	1	181	88	62.2131	0
10.009	1	43	89	287.624	0
10.01	1	84	90	228.783	0
10.011	1	183	91	339.259	0
10.012	1	44	92	337.628	0
10.013	1	77	93	754.554	0
10.014	1	31	94	432.502	0
10.015	1	57	95	202.887	0
10.016	1	172	96	159.445	0
10.017	1	47	97	707.975	0
10.018	1	187	98	293.832	0
10.019	1	180	99	83.8646	0
10.02	1	147	100	2912.44	0
10.021	1	46	101	307.963	0
10.022	1	155	102	110.17	0
10.023	1	21	103	366.993	0
10.024	1	6	104	167.153	0
10.025	1	29	105	127.425	0
10.026	1	182	106	359.637	0
10.028	1	96	108	167.524	0
10.029	1	42	109	371.109	0
10.03	1	165	110	949.102	0
10.031	1	69	111	4156.47	0
10.032	1	88	112	1223.56	0
10.033	1	188	113	389.302	0
10.034	1	152	114	463.473	0
10.035	1	162	115	110.666	0
10.036	1	11	116	192.522	0
10.037	1	139	117	1120.31	0
10.038	1	98	118	126.385	0
10.039	1	23	119	448.755	0
10.04	1	10	120	2075.66	0
10.041	1	12	121	298.518	0
10.042	1	120	122	2199.7	0
10.043	1	150	123	206.539	0
10.044	1	8	124	67.3636	0
10.045	1	16	125	418.451	0
10.046	1	169	126	77.0192	0
10.047	1	94	127	100.288	0
10.048	1	170	128	5881.76	0
12.161	1	143	1	359.08	0
10.049	1	54	129	76.7136	0
12.162	1	70	2	166.368	0
10.05	1	125	130	209.887	0
12.163	1	110	3	245.187	0
12.164	1	13	4	23.8311	0
12.165	1	66	5	409.311	0
10.051	1	90	131	912.775	0
12.166	1	72	6	221.975	0
12.167	1	103	7	2150.28	0
10.052	1	134	132	96.3246	0
12.168	1	92	8	953.253	0
12.169	1	157	9	528.47	0
10.053	1	186	133	1083.45	0
12.17	1	27	10	95.804	0
10.054	1	67	134	4514.77	0
12.171	1	58	11	2345.86	0
12.172	1	115	12	645.244	0
10.055	1	102	135	2566.31	0
12.173	1	48	13	284.367	0
10.056	1	63	136	3397.43	0
12.174	1	37	14	3158.82	0
10.057	1	145	137	1060.8	0
12.175	1	135	15	165.194	0
10.058	1	127	138	174.632	0
12.176	1	193	16	139.716	0
12.177	1	197	17	138.416	0
12.178	1	38	18	86.1621	0
10.06	1	154	140	1047.1	0
12.179	1	189	19	1010.72	0
12.18	1	40	20	4005.92	0
10.061	1	20	141	197.626	0
12.181	1	142	21	214.502	0
12.182	1	86	22	427.632	0
10.062	1	52	142	189.555	0
12.183	1	100	23	1167.75	0
10.063	1	138	143	252.865	0
12.184	1	166	24	115.807	0
10.064	1	83	144	101.182	0
12.185	1	118	25	721.346	0
12.186	1	49	26	392.69	0
10.065	1	5	145	1642.2	0
12.187	1	196	27	379.938	0
12.188	1	119	28	58.2558	0
10.066	1	109	146	296.208	0
12.189	1	200	29	173.339	0
12.19	1	55	30	101.614	0
10.067	1	33	147	969.857	0
10.068	1	123	148	79.7803	0
12.191	1	95	31	142.754	0
12.192	1	107	32	50.8967	0
10.069	1	99	149	776.001	0
12.193	1	101	33	278.826	0
10.07	1	104	150	323.979	0
12.194	1	116	34	837.28	0
10.071	1	113	151	909.34	0
12.195	1	61	35	67.736	0
12.196	1	111	36	537.577	0
10.072	1	106	152	71.163	0
12.197	1	3	37	39.8517	0
12.198	1	4	38	137.566	0
10.073	1	65	153	75.3013	0
12.199	1	195	39	335.604	0
10.074	1	129	154	473.99	0
12.2	1	30	40	1271.63	0
10.075	1	199	155	214.167	0
12.201	1	91	41	172.461	0
12.202	1	35	42	203.763	0
12.203	1	19	43	158.53	0
12.204	1	176	44	120.545	0
12.205	1	32	45	156.353	0
12.206	1	126	46	247.687	0
12.207	1	151	47	3432.54	0
12.208	1	160	48	383.479	0
12.209	1	79	49	1171.57	0
12.21	1	171	50	35.784	0
12.211	1	175	51	3539.57	0
12.212	1	17	52	121.917	0
10.083	1	64	163	145.707	0
12.213	1	174	53	111.984	0
12.214	1	74	54	366.215	0
10.084	1	59	164	460.525	0
12.215	1	39	55	70.0653	0
10.085	1	114	165	208.262	0
10.086	1	198	166	200.135	0
12.216	1	179	56	87.0166	0
10.087	1	41	167	511.025	0
12.217	1	194	57	1058.31	0
10.088	1	56	168	170.813	0
12.218	1	28	58	352.201	0
10.089	1	190	169	57.7825	0
12.219	1	80	59	149.154	0
10.09	1	75	170	58.8694	0
12.22	1	105	60	60.3324	0
10.091	1	87	171	698.344	0
12.221	1	168	61	1559.76	0
10.092	1	26	172	5570.46	0
12.222	1	73	62	1398.14	0
12.223	1	141	63	98.4189	0
12.224	1	53	64	282.972	0
10.093	1	15	173	188.892	0
12.225	1	163	65	76.8053	0
10.094	1	7	174	63.2694	0
12.226	1	62	66	294.699	0
12.227	1	89	67	2949.12	0
10.095	1	164	175	679.61	0
12.228	1	173	68	221.277	0
12.229	1	112	69	768.859	0
10.096	1	191	176	288.259	0
12.23	1	93	70	70.9259	0
10.097	1	131	177	238.062	0
12.231	1	136	71	115.539	0
12.232	1	121	72	536.294	0
10.098	1	122	178	183.315	0
12.233	1	85	73	321.97	0
12.234	1	2	74	45.3151	0
12.235	1	158	75	1535.65	0
12.236	1	14	76	129.448	0
12.237	1	1	77	167.705	0
12.238	1	133	78	339.902	0
12.239	1	34	79	53.4063	0
12.24	1	18	80	70.4816	0
10.105	1	71	185	135.74	0
10.106	1	76	186	138.379	0
10.107	1	82	187	2370.89	0
12.241	1	149	81	852.095	0
10.108	1	184	188	176.851	0
10.109	1	68	189	27.1094	0
12.242	1	108	82	170.118	0
10.11	1	177	190	100.208	0
12.243	1	97	83	948.438	0
10.111	1	24	191	242.896	0
12.244	1	148	84	73.0015	0
10.112	1	117	192	36.5947	0
12.245	1	51	85	564.301	0
10.113	1	159	193	2341.36	0
12.246	1	9	86	663.705	0
10.114	1	22	194	242.603	0
12.247	1	132	87	114.267	0
10.115	1	137	195	331.457	0
12.248	1	181	88	166.143	0
12.249	1	43	89	132.48	0
12.25	1	84	90	247.983	0
10.116	1	156	196	104.926	0
12.251	1	183	91	975.469	0
10.117	1	25	197	225.86	0
12.252	1	44	92	283.396	0
10.118	1	50	198	159.166	0
12.253	1	77	93	612.048	0
10.119	1	60	199	57.371	0
12.254	1	31	94	328.273	0
12.255	1	57	95	122.662	0
10.12	1	36	200	324.31	0
12.256	1	172	96	262.26	0
10.121	1	78	201	200.128	0
12.257	1	47	97	530.454	0
10.122	1	128	202	276.201	0
12.258	1	187	98	446.07	0
10.123	1	144	203	1937.26	0
12.259	1	180	99	177.953	0
10.124	1	178	204	96.9407	0
12.26	1	147	100	4849.17	0
10.125	1	192	205	42.9574	0
10.126	1	146	206	893.993	0
12.261	1	46	101	386.96	0
10.127	1	140	207	396.24	0
10.128	1	45	208	105.046	0
12.262	1	155	102	165.99	0
10.129	1	130	209	76.6739	0
12.263	1	21	103	272.69	0
10.13	1	161	210	964.811	0
12.264	1	6	104	345.87	0
10.131	1	153	211	184.918	0
12.265	1	29	105	50.5118	0
10.132	1	124	212	164.994	0
12.266	1	182	106	292.729	0
10.133	1	167	213	195.303	0
12.268	1	96	108	115.494	0
10.134	1	81	214	707.919	0
12.269	1	42	109	357.981	0
12.27	1	165	110	1666.96	0
10.135	1	185	215	413.266	0
12.271	1	69	111	9228.13	0
12.272	1	88	112	1153.48	0
12.273	1	188	113	1057.65	0
12.274	1	152	114	644.552	0
12.275	1	162	115	92.2821	0
12.276	1	11	116	399.931	0
12.277	1	139	117	943.458	0
12.278	1	98	118	290.696	0
12.279	1	23	119	293.052	0
12.28	1	10	120	5047.22	0
12.281	1	12	121	345.869	0
12.282	1	120	122	1725.44	0
12.283	1	150	123	406.706	0
12.284	1	8	124	292.983	0
12.285	1	16	125	278.515	0
12.286	1	169	126	64.7494	0
12.287	1	94	127	97.0532	0
12.288	1	170	128	3967.31	0
12.289	1	54	129	81.555	0
12.29	1	125	130	381.344	0
12.291	1	90	131	179.631	0
12.292	1	134	132	147.338	0
12.293	1	186	133	2189.57	0
12.294	1	67	134	6490.4	0
12.295	1	102	135	8107.16	0
12.296	1	63	136	3534.79	0
12.297	1	145	137	1004.13	0
12.298	1	127	138	53.0861	0
12.3	1	154	140	2535.28	0
12.301	1	20	141	44.6761	0
12.302	1	52	142	109.743	0
12.303	1	138	143	537.898	0
12.304	1	83	144	39.2884	0
12.305	1	5	145	4252.12	0
12.306	1	109	146	133.181	0
12.307	1	33	147	2911.4	0
12.308	1	123	148	68.474	0
12.309	1	99	149	697.807	0
12.31	1	104	150	223.832	0
12.311	1	113	151	2573.93	0
12.312	1	106	152	197.884	0
12.313	1	65	153	112.724	0
12.314	1	129	154	1054.09	0
12.315	1	199	155	231.912	0
12.323	1	64	163	436.992	0
12.324	1	59	164	847.133	0
12.325	1	114	165	477.453	0
12.326	1	198	166	140.778	0
12.327	1	41	167	302.937	0
12.328	1	56	168	104.719	0
12.329	1	190	169	83.3552	0
12.33	1	75	170	363.759	0
12.331	1	87	171	1202.18	0
12.332	1	26	172	1883.2	0
12.333	1	15	173	168.288	0
12.334	1	7	174	111.886	0
12.335	1	164	175	1131.66	0
12.336	1	191	176	266.752	0
12.337	1	131	177	263.264	0
12.338	1	122	178	263.211	0
12.345	1	71	185	102.11	0
12.346	1	76	186	228.532	0
12.347	1	82	187	3047.76	0
12.348	1	184	188	238.235	0
12.349	1	68	189	74.9409	0
12.35	1	177	190	185.574	0
12.351	1	24	191	174.356	0
12.352	1	117	192	40.6917	0
12.353	1	159	193	1935.69	0
12.354	1	22	194	711.481	0
12.355	1	137	195	248.543	0
12.356	1	156	196	217.647	0
12.357	1	25	197	422.71	0
12.358	1	50	198	74.3932	0
12.359	1	60	199	65.3365	0
12.36	1	36	200	600.127	0
12.361	1	78	201	156.218	0
12.362	1	128	202	437.947	0
12.363	1	144	203	2292.09	0
12.364	1	178	204	65.8601	0
12.365	1	192	205	28.7368	0
12.366	1	146	206	332.08	0
12.367	1	140	207	442.683	0
12.368	1	45	208	230.389	0
12.369	1	130	209	182.679	0
12.37	1	161	210	569.392	0
12.371	1	153	211	173.037	0
12.372	1	124	212	80.3066	0
12.373	1	167	213	204.428	0
12.374	1	81	214	1006.92	0
10.241	1	143	1	217.083	0
12.375	1	185	215	644.872	0
10.242	1	70	2	131.782	0
10.243	1	110	3	157.618	0
10.244	1	13	4	92.96	0
10.245	1	66	5	197.51	0
10.246	1	72	6	156.08	0
10.247	1	103	7	884.066	0
10.248	1	92	8	653.335	0
10.249	1	157	9	318.928	0
10.25	1	27	10	52.6704	0
10.251	1	58	11	4583.71	0
10.252	1	115	12	251.103	0
10.253	1	48	13	397.433	0
10.254	1	37	14	1295.2	0
10.255	1	135	15	146.052	0
10.256	1	193	16	208.689	0
10.257	1	197	17	473.946	0
10.258	1	38	18	94.637	0
10.259	1	189	19	623.349	0
10.26	1	40	20	3384.01	0
10.261	1	142	21	793.733	0
10.262	1	86	22	743.558	0
10.263	1	100	23	1797.41	0
10.264	1	166	24	208.955	0
10.265	1	118	25	747.671	0
10.266	1	49	26	574.725	0
10.267	1	196	27	380.014	0
10.268	1	119	28	69.4299	0
10.269	1	200	29	342.539	0
10.27	1	55	30	118.798	0
10.271	1	95	31	124.539	0
10.272	1	107	32	72.1345	0
10.273	1	101	33	166.275	0
10.274	1	116	34	1155.22	0
10.275	1	61	35	79.7988	0
10.276	1	111	36	364.003	0
10.277	1	3	37	59.5657	0
10.278	1	4	38	448.53	0
10.279	1	195	39	373.918	0
10.28	1	30	40	414.542	0
10.281	1	91	41	150.732	0
10.282	1	35	42	233.227	0
10.283	1	19	43	160.896	0
10.284	1	176	44	366.848	0
10.285	1	32	45	262.539	0
10.286	1	126	46	556.815	0
10.287	1	151	47	5027.8	0
10.288	1	160	48	201.344	0
10.289	1	79	49	1299.13	0
10.29	1	171	50	122.401	0
10.291	1	175	51	7521.77	0
10.292	1	17	52	197.806	0
10.293	1	174	53	76.2882	0
10.294	1	74	54	524.403	0
10.295	1	39	55	120.611	0
10.296	1	179	56	74.0895	0
10.297	1	194	57	603.665	0
10.298	1	28	58	593.928	0
10.299	1	80	59	25.8864	0
10.3	1	105	60	246.876	0
10.301	1	168	61	1046.31	0
10.302	1	73	62	2906.43	0
10.303	1	141	63	97.9424	0
10.304	1	53	64	399.938	0
10.305	1	163	65	140.304	0
10.306	1	62	66	213.208	0
10.307	1	89	67	1565.96	0
10.308	1	173	68	274.019	0
10.309	1	112	69	415.904	0
10.31	1	93	70	90.3573	0
10.311	1	136	71	68.8445	0
10.312	1	121	72	140.471	0
10.313	1	85	73	122.075	0
10.314	1	2	74	109.825	0
10.315	1	158	75	1682.25	0
10.316	1	14	76	410.427	0
10.317	1	1	77	452.455	0
10.318	1	133	78	171.107	0
10.319	1	34	79	180.37	0
10.32	1	18	80	61.9674	0
10.321	1	149	81	1092.92	0
10.322	1	108	82	305.141	0
10.323	1	97	83	6304.35	0
10.324	1	148	84	29.8288	0
10.325	1	51	85	1141.85	0
10.326	1	9	86	372.074	0
10.327	1	132	87	234.189	0
10.328	1	181	88	112.249	0
10.329	1	43	89	201.445	0
10.33	1	84	90	272.373	0
10.331	1	183	91	640.432	0
10.332	1	44	92	122.217	0
10.333	1	77	93	993.092	0
10.334	1	31	94	676.603	0
10.335	1	57	95	154.249	0
10.336	1	172	96	117.862	0
10.337	1	47	97	253.604	0
10.338	1	187	98	298.177	0
10.339	1	180	99	111.285	0
10.34	1	147	100	10786.6	0
10.341	1	46	101	422.728	0
10.342	1	155	102	96.3378	0
10.343	1	21	103	386.859	0
10.344	1	6	104	222.661	0
10.345	1	29	105	90.6088	0
10.346	1	182	106	55.3166	0
10.348	1	96	108	192.097	0
10.349	1	42	109	501.574	0
12.481	1	143	1	242.511	0
12.482	1	70	2	60.8461	0
10.35	1	165	110	837.387	0
10.351	1	69	111	6212.43	0
12.483	1	110	3	126.168	0
10.352	1	88	112	873.972	0
12.484	1	13	4	83.7015	0
10.353	1	188	113	1084.9	0
10.354	1	152	114	1071.77	0
12.485	1	66	5	93.3567	0
12.486	1	72	6	43.6493	0
10.355	1	162	115	126.857	0
10.356	1	11	116	526.845	0
12.487	1	103	7	2299.39	0
10.357	1	139	117	855.784	0
12.488	1	92	8	719.017	0
10.358	1	98	118	110.227	0
12.489	1	157	9	218.745	0
10.359	1	23	119	451.202	0
12.49	1	27	10	74.5164	0
10.36	1	10	120	2523.38	0
12.491	1	58	11	12265.3	0
12.492	1	115	12	337.159	0
10.361	1	12	121	343.276	0
12.493	1	48	13	425.53	0
12.494	1	37	14	6083.71	0
10.362	1	120	122	3240.43	0
12.495	1	135	15	170.951	0
10.363	1	150	123	146.498	0
12.496	1	193	16	271.636	0
10.364	1	8	124	142.222	0
12.497	1	197	17	335.457	0
10.365	1	16	125	411.323	0
12.498	1	38	18	107.99	0
10.366	1	169	126	95.5159	0
10.367	1	94	127	118.493	0
12.499	1	189	19	1338.08	0
10.368	1	170	128	2276.53	0
12.5	1	40	20	6736.08	0
10.369	1	54	129	166.676	0
10.37	1	125	130	144.479	0
12.501	1	142	21	276.548	0
12.502	1	86	22	879.212	0
10.371	1	90	131	712.741	0
10.372	1	134	132	195.003	0
12.503	1	100	23	1509.15	0
12.504	1	166	24	143.024	0
10.373	1	186	133	1279.8	0
10.374	1	67	134	6851.73	0
12.505	1	118	25	230.029	0
12.506	1	49	26	472.395	0
10.375	1	102	135	9507.91	0
12.507	1	196	27	514.348	0
12.508	1	119	28	117.817	0
10.376	1	63	136	2167.82	0
10.377	1	145	137	2281.88	0
12.509	1	200	29	97.6502	0
10.378	1	127	138	136.934	0
12.51	1	55	30	91.7482	0
12.511	1	95	31	154.645	0
10.38	1	154	140	1757.89	0
12.512	1	107	32	86.297	0
10.381	1	20	141	141.711	0
12.513	1	101	33	207.953	0
10.382	1	52	142	94.3501	0
12.514	1	116	34	1396.77	0
12.515	1	61	35	228.359	0
10.383	1	138	143	414.251	0
10.384	1	83	144	36.5347	0
12.516	1	111	36	525.449	0
10.385	1	5	145	961.253	0
10.386	1	109	146	260.01	0
12.517	1	3	37	47.8126	0
10.387	1	33	147	722.686	0
12.518	1	4	38	213.958	0
10.388	1	123	148	39.3207	0
12.519	1	195	39	345.472	0
10.389	1	99	149	674.245	0
10.39	1	104	150	157.878	0
10.391	1	113	151	837.936	0
12.52	1	30	40	1342.06	0
10.392	1	106	152	151.389	0
12.521	1	91	41	184.106	0
12.522	1	35	42	160.886	0
12.523	1	19	43	166.123	0
10.393	1	65	153	41.9792	0
12.524	1	176	44	180.649	0
10.394	1	129	154	524.233	0
12.525	1	32	45	240.957	0
10.395	1	199	155	285.383	0
12.526	1	126	46	240.521	0
12.527	1	151	47	8460.99	0
12.528	1	160	48	182.441	0
12.529	1	79	49	1012.09	0
12.53	1	171	50	213.574	0
12.531	1	175	51	2724.97	0
12.532	1	17	52	275.011	0
12.533	1	174	53	82.4985	0
12.534	1	74	54	254.066	0
10.403	1	64	163	212.831	0
10.404	1	59	164	782.078	0
10.405	1	114	165	317.257	0
12.535	1	39	55	305.654	0
10.406	1	198	166	125.044	0
12.536	1	179	56	61.2027	0
10.407	1	41	167	251.482	0
12.537	1	194	57	1067.52	0
10.408	1	56	168	244.398	0
12.538	1	28	58	124.004	0
12.539	1	80	59	88.1961	0
10.409	1	190	169	62.1388	0
12.54	1	105	60	131.889	0
10.41	1	75	170	161.833	0
10.411	1	87	171	722.415	0
10.412	1	26	172	6209.4	0
12.541	1	168	61	4598.8	0
10.413	1	15	173	117.101	0
10.414	1	7	174	101.332	0
12.542	1	73	62	2173.47	0
12.543	1	141	63	56.3062	0
10.415	1	164	175	458.372	0
12.544	1	53	64	440.351	0
12.545	1	163	65	134.413	0
12.546	1	62	66	311.135	0
12.547	1	89	67	1891.28	0
12.548	1	173	68	180.505	0
10.416	1	191	176	279.89	0
12.549	1	112	69	285.85	0
12.55	1	93	70	141.703	0
10.417	1	131	177	239.428	0
12.551	1	136	71	243.155	0
10.418	1	122	178	219.226	0
12.552	1	121	72	220.992	0
12.553	1	85	73	142.893	0
12.554	1	2	74	100.793	0
12.555	1	158	75	1126.29	0
12.556	1	14	76	324.611	0
12.557	1	1	77	815.71	0
12.558	1	133	78	216.308	0
10.425	1	71	185	126.03	0
12.559	1	34	79	106.384	0
12.56	1	18	80	85.2687	0
10.426	1	76	186	113.219	0
10.427	1	82	187	5522.46	0
10.428	1	184	188	303.893	0
12.561	1	149	81	1030.63	0
10.429	1	68	189	39.5087	0
12.562	1	108	82	570.729	0
10.43	1	177	190	51.3414	0
12.563	1	97	83	11035	0
10.431	1	24	191	118.696	0
12.564	1	148	84	85.568	0
10.432	1	117	192	89.8526	0
12.565	1	51	85	354.867	0
10.433	1	159	193	2040.27	0
12.566	1	9	86	424.509	0
10.434	1	22	194	216.43	0
12.567	1	132	87	107.88	0
12.568	1	181	88	161.081	0
12.569	1	43	89	335.195	0
12.57	1	84	90	292.033	0
10.435	1	137	195	403.377	0
10.436	1	156	196	99.2813	0
12.571	1	183	91	280.256	0
12.572	1	44	92	281.301	0
10.437	1	25	197	473.06	0
10.438	1	50	198	254.094	0
12.573	1	77	93	1026.13	0
10.439	1	60	199	121.36	0
12.574	1	31	94	280.45	0
10.44	1	36	200	384.582	0
12.575	1	57	95	140.456	0
10.441	1	78	201	231.004	0
12.576	1	172	96	178.475	0
10.442	1	128	202	389.228	0
12.577	1	47	97	221.692	0
12.578	1	187	98	338.563	0
10.443	1	144	203	2300.82	0
10.444	1	178	204	221.528	0
12.579	1	180	99	102.512	0
12.58	1	147	100	3647.48	0
10.445	1	192	205	60.9468	0
10.446	1	146	206	159.872	0
12.581	1	46	101	356.597	0
12.582	1	155	102	103.046	0
10.447	1	140	207	358.814	0
10.448	1	45	208	224.029	0
10.449	1	130	209	61.832	0
12.583	1	21	103	332.488	0
10.45	1	161	210	502.766	0
10.451	1	153	211	123.057	0
12.584	1	6	104	150.429	0
12.585	1	29	105	92.4192	0
10.452	1	124	212	217	0
12.586	1	182	106	124.553	0
10.453	1	167	213	351.957	0
10.454	1	81	214	917.129	0
12.588	1	96	108	124.588	0
10.455	1	185	215	201.579	0
12.589	1	42	109	313.916	0
12.59	1	165	110	1049.35	0
12.591	1	69	111	5338.07	0
12.592	1	88	112	678.332	0
12.593	1	188	113	478.785	0
12.594	1	152	114	520.355	0
12.595	1	162	115	120.771	0
12.596	1	11	116	638.54	0
12.597	1	139	117	1651.78	0
12.598	1	98	118	316.564	0
12.599	1	23	119	415.507	0
12.6	1	10	120	1183.34	0
12.601	1	12	121	320.554	0
12.602	1	120	122	1680.86	0
12.603	1	150	123	249.691	0
12.604	1	8	124	116.479	0
12.605	1	16	125	558.273	0
12.606	1	169	126	72.3703	0
12.607	1	94	127	112.654	0
12.608	1	170	128	2339.78	0
12.609	1	54	129	132.871	0
12.61	1	125	130	221.004	0
12.611	1	90	131	508.055	0
12.612	1	134	132	172.406	0
12.613	1	186	133	2200.73	0
12.614	1	67	134	6492.61	0
12.615	1	102	135	6515.24	0
12.616	1	63	136	6079.05	0
12.617	1	145	137	1005.8	0
12.618	1	127	138	281.148	0
12.62	1	154	140	1169.56	0
12.621	1	20	141	221.737	0
12.622	1	52	142	109.317	0
12.623	1	138	143	443.986	0
12.624	1	83	144	68.1659	0
12.625	1	5	145	858.716	0
12.626	1	109	146	383.073	0
12.627	1	33	147	1289.31	0
12.628	1	123	148	77.7678	0
12.629	1	99	149	1212.09	0
12.63	1	104	150	161.938	0
12.631	1	113	151	968.233	0
12.632	1	106	152	84.9705	0
12.633	1	65	153	26.5205	0
12.634	1	129	154	705.723	0
12.635	1	199	155	229.868	0
12.643	1	64	163	288.069	0
12.644	1	59	164	256.285	0
12.645	1	114	165	85.2203	0
12.646	1	198	166	196.357	0
12.647	1	41	167	544.605	0
12.648	1	56	168	231.673	0
12.649	1	190	169	62.0112	0
12.65	1	75	170	366.579	0
12.651	1	87	171	770.076	0
12.652	1	26	172	3861.32	0
12.653	1	15	173	131.876	0
12.654	1	7	174	213.285	0
12.655	1	164	175	556.389	0
12.656	1	191	176	384.291	0
12.657	1	131	177	372.642	0
12.658	1	122	178	143.328	0
12.665	1	71	185	236.369	0
12.666	1	76	186	113.58	0
12.667	1	82	187	5302.79	0
12.668	1	184	188	429.576	0
12.669	1	68	189	51.3415	0
12.67	1	177	190	125.103	0
12.671	1	24	191	63.1323	0
12.672	1	117	192	91.2111	0
12.673	1	159	193	3095.1	0
12.674	1	22	194	317.074	0
12.675	1	137	195	543.805	0
12.676	1	156	196	152.185	0
12.677	1	25	197	256.587	0
12.678	1	50	198	142.931	0
12.679	1	60	199	88.2719	0
12.68	1	36	200	697.595	0
12.681	1	78	201	196.666	0
12.682	1	128	202	260.006	0
12.683	1	144	203	2164.37	0
12.684	1	178	204	159.94	0
12.685	1	192	205	104.663	0
12.686	1	146	206	220.169	0
12.687	1	140	207	731.739	0
12.688	1	45	208	184.981	0
12.689	1	130	209	73.3648	0
12.69	1	161	210	1565.19	0
12.691	1	153	211	257.162	0
12.692	1	124	212	139.466	0
12.693	1	167	213	272.697	0
12.694	1	81	214	870.847	0
12.695	1	185	215	593.574	0
10.561	1	143	1	363.116	0
10.562	1	70	2	107.372	0
10.563	1	110	3	154.251	0
10.564	1	13	4	109.093	0
10.565	1	66	5	263.592	0
10.566	1	72	6	151.542	0
10.567	1	103	7	1590.65	0
10.568	1	92	8	1318.45	0
10.569	1	157	9	354.961	0
10.57	1	27	10	174.924	0
10.571	1	58	11	8336.39	0
10.572	1	115	12	247.849	0
10.573	1	48	13	203.856	0
10.574	1	37	14	1427.52	0
10.575	1	135	15	204.901	0
10.576	1	193	16	262.174	0
10.577	1	197	17	260.566	0
10.578	1	38	18	85.8346	0
10.579	1	189	19	1006.98	0
10.58	1	40	20	4908.59	0
10.581	1	142	21	319.11	0
10.582	1	86	22	814.084	0
10.583	1	100	23	1184.11	0
10.584	1	166	24	93.6021	0
10.585	1	118	25	511.457	0
10.586	1	49	26	259.375	0
10.587	1	196	27	457.81	0
10.588	1	119	28	82.9864	0
10.589	1	200	29	152.3	0
10.59	1	55	30	120.49	0
10.591	1	95	31	113.664	0
10.592	1	107	32	120.535	0
10.593	1	101	33	201.429	0
10.594	1	116	34	630.008	0
10.595	1	61	35	123.054	0
10.596	1	111	36	259.108	0
10.597	1	3	37	44.9531	0
10.598	1	4	38	218.861	0
10.599	1	195	39	162.276	0
10.6	1	30	40	877.105	0
10.601	1	91	41	196.352	0
10.602	1	35	42	210.341	0
10.603	1	19	43	119.632	0
10.604	1	176	44	205.897	0
10.605	1	32	45	427.837	0
10.606	1	126	46	491.944	0
10.607	1	151	47	6135.97	0
10.608	1	160	48	124.492	0
10.609	1	79	49	529.995	0
10.61	1	171	50	65.8081	0
10.611	1	175	51	4514.31	0
10.612	1	17	52	101.533	0
10.613	1	174	53	102.264	0
10.614	1	74	54	564.258	0
10.615	1	39	55	210.138	0
10.616	1	179	56	212.132	0
10.617	1	194	57	1811.4	0
10.618	1	28	58	413.525	0
10.619	1	80	59	78.4429	0
10.62	1	105	60	74.2864	0
10.621	1	168	61	1206.45	0
10.622	1	73	62	2698.34	0
10.623	1	141	63	90.3842	0
10.624	1	53	64	180.903	0
10.625	1	163	65	53.0177	0
10.626	1	62	66	155.265	0
10.627	1	89	67	1851.56	0
10.628	1	173	68	144.725	0
10.629	1	112	69	483.354	0
10.63	1	93	70	42.3389	0
10.631	1	136	71	165.723	0
10.632	1	121	72	704.008	0
10.633	1	85	73	131.857	0
10.634	1	2	74	56.2953	0
10.635	1	158	75	1767.68	0
10.636	1	14	76	200.232	0
10.637	1	1	77	386.526	0
10.638	1	133	78	234.216	0
10.639	1	34	79	362.037	0
10.64	1	18	80	97.113	0
10.641	1	149	81	1897.96	0
10.642	1	108	82	376.727	0
10.643	1	97	83	5367.23	0
10.644	1	148	84	27.6168	0
10.645	1	51	85	675.713	0
10.646	1	9	86	508.561	0
10.647	1	132	87	315.726	0
10.648	1	181	88	70.3935	0
10.649	1	43	89	226.532	0
10.65	1	84	90	183.212	0
10.651	1	183	91	853.023	0
10.652	1	44	92	183.592	0
10.653	1	77	93	694.588	0
10.654	1	31	94	440.32	0
10.655	1	57	95	62.8789	0
10.656	1	172	96	276.183	0
10.657	1	47	97	444.476	0
10.658	1	187	98	213.936	0
10.659	1	180	99	160.218	0
10.66	1	147	100	3974.92	0
10.661	1	46	101	358.527	0
10.662	1	155	102	144.292	0
12.801	1	143	1	540.785	0
10.663	1	21	103	301.919	0
12.802	1	70	2	134.906	0
10.664	1	6	104	235.664	0
12.803	1	110	3	245.895	0
10.665	1	29	105	108.121	0
10.666	1	182	106	161.072	0
12.804	1	13	4	94.5833	0
12.805	1	66	5	249.388	0
10.668	1	96	108	239.889	0
12.806	1	72	6	76.4532	0
12.807	1	103	7	2076.52	0
10.669	1	42	109	377.871	0
12.808	1	92	8	1287.71	0
10.67	1	165	110	678.141	0
12.809	1	157	9	380.14	0
12.81	1	27	10	88.0002	0
10.671	1	69	111	4116.08	0
10.672	1	88	112	386.033	0
12.811	1	58	11	7594.05	0
12.812	1	115	12	279.814	0
10.673	1	188	113	1647.76	0
12.813	1	48	13	515.721	0
10.674	1	152	114	497.415	0
12.814	1	37	14	2116.77	0
10.675	1	162	115	84.537	0
12.815	1	135	15	445.635	0
10.676	1	11	116	758.815	0
12.816	1	193	16	180.263	0
10.677	1	139	117	2169.93	0
10.678	1	98	118	247.183	0
10.679	1	23	119	440.739	0
12.817	1	197	17	331.843	0
10.68	1	10	120	2886.64	0
12.818	1	38	18	59.7802	0
10.681	1	12	121	296.459	0
12.819	1	189	19	173.074	0
10.682	1	120	122	1469.9	0
12.82	1	40	20	3489.5	0
10.683	1	150	123	95.9423	0
12.821	1	142	21	414.091	0
12.822	1	86	22	1514.12	0
10.684	1	8	124	129.846	0
12.823	1	100	23	1470.4	0
10.685	1	16	125	242.717	0
12.824	1	166	24	251.778	0
10.686	1	169	126	59.5293	0
12.825	1	118	25	645.69	0
10.687	1	94	127	100.44	0
12.826	1	49	26	390.965	0
10.688	1	170	128	2627.79	0
12.827	1	196	27	185.845	0
10.689	1	54	129	141.808	0
12.828	1	119	28	87.2028	0
10.69	1	125	130	311.681	0
12.829	1	200	29	160.889	0
10.691	1	90	131	744.344	0
12.83	1	55	30	101.174	0
10.692	1	134	132	143.817	0
12.831	1	95	31	173.922	0
12.832	1	107	32	29.0173	0
10.693	1	186	133	1232.51	0
12.833	1	101	33	151.734	0
10.694	1	67	134	9142.73	0
12.834	1	116	34	3684.11	0
10.695	1	102	135	5259.25	0
10.696	1	63	136	5334.54	0
12.835	1	61	35	108.768	0
10.697	1	145	137	1887.01	0
10.698	1	127	138	170.899	0
12.836	1	111	36	303.712	0
12.837	1	3	37	94.7754	0
12.838	1	4	38	169.327	0
10.7	1	154	140	847.956	0
12.839	1	195	39	274.839	0
12.84	1	30	40	273.673	0
10.701	1	20	141	185.17	0
10.702	1	52	142	68.381	0
10.703	1	138	143	420.352	0
12.841	1	91	41	151.368	0
10.704	1	83	144	269.311	0
12.842	1	35	42	283.747	0
10.705	1	5	145	1293.33	0
10.706	1	109	146	283.135	0
12.843	1	19	43	70.8835	0
12.844	1	176	44	317.692	0
10.707	1	33	147	1516.88	0
12.845	1	32	45	146.681	0
10.708	1	123	148	92.6446	0
12.846	1	126	46	397.046	0
10.709	1	99	149	1091.03	0
12.847	1	151	47	6513.45	0
10.71	1	104	150	69.5698	0
12.848	1	160	48	549.624	0
10.711	1	113	151	1038.37	0
12.849	1	79	49	1796.32	0
10.712	1	106	152	114.812	0
12.85	1	171	50	49.251	0
10.713	1	65	153	76.0133	0
12.851	1	175	51	3464.11	0
10.714	1	129	154	1234.02	0
10.715	1	199	155	356.81	0
12.852	1	17	52	325.152	0
12.853	1	174	53	50.6597	0
12.854	1	74	54	715.218	0
12.855	1	39	55	109.736	0
12.856	1	179	56	75.5564	0
12.857	1	194	57	804.171	0
12.858	1	28	58	900.015	0
12.859	1	80	59	69.5079	0
12.86	1	105	60	203.506	0
12.861	1	168	61	1748.82	0
12.862	1	73	62	3879.37	0
10.723	1	64	163	251.93	0
12.863	1	141	63	102.058	0
10.724	1	59	164	347.262	0
12.864	1	53	64	227.686	0
10.725	1	114	165	572.759	0
12.865	1	163	65	248.141	0
10.726	1	198	166	152.755	0
12.866	1	62	66	487.747	0
10.727	1	41	167	357.654	0
12.867	1	89	67	3425.52	0
10.728	1	56	168	132.175	0
12.868	1	173	68	86.9411	0
10.729	1	190	169	81.9416	0
12.869	1	112	69	712.649	0
10.73	1	75	170	205.195	0
12.87	1	93	70	37.3099	0
10.731	1	87	171	722.893	0
12.871	1	136	71	86.3311	0
10.732	1	26	172	5114.97	0
12.872	1	121	72	181.094	0
10.733	1	15	173	149.827	0
12.873	1	85	73	42.0507	0
10.734	1	7	174	147.575	0
12.874	1	2	74	90.332	0
12.875	1	158	75	1144.45	0
10.735	1	164	175	361.056	0
10.736	1	191	176	282.903	0
12.876	1	14	76	263.822	0
10.737	1	131	177	339.169	0
12.877	1	1	77	617.233	0
10.738	1	122	178	139.7	0
12.878	1	133	78	292.705	0
12.879	1	34	79	185.093	0
12.88	1	18	80	94.1504	0
12.881	1	149	81	1566.4	0
12.882	1	108	82	319.422	0
12.883	1	97	83	17709.2	0
12.884	1	148	84	126.052	0
10.745	1	71	185	77.9359	0
12.885	1	51	85	571.856	0
10.746	1	76	186	167.722	0
12.886	1	9	86	526.13	0
10.747	1	82	187	3138.98	0
12.887	1	132	87	66.7821	0
10.748	1	184	188	372.105	0
12.888	1	181	88	173.324	0
10.749	1	68	189	58.785	0
12.889	1	43	89	480.349	0
10.75	1	177	190	55.8915	0
12.89	1	84	90	227.576	0
10.751	1	24	191	262.905	0
12.891	1	183	91	587.443	0
12.892	1	44	92	275.175	0
10.752	1	117	192	70.5184	0
10.753	1	159	193	2598.71	0
12.893	1	77	93	571.638	0
10.754	1	22	194	526.135	0
12.894	1	31	94	421.962	0
10.755	1	137	195	226.169	0
12.895	1	57	95	137.53	0
10.756	1	156	196	372.369	0
12.896	1	172	96	107.169	0
10.757	1	25	197	301.626	0
12.897	1	47	97	1031.22	0
10.758	1	50	198	144.45	0
12.898	1	187	98	242.621	0
10.759	1	60	199	62.7313	0
12.899	1	180	99	144.31	0
10.76	1	36	200	443.85	0
12.9	1	147	100	4385.45	0
10.761	1	78	201	326.718	0
12.901	1	46	101	231.389	0
12.902	1	155	102	143.948	0
10.762	1	128	202	296.021	0
12.903	1	21	103	253.062	0
12.904	1	6	104	122.377	0
10.763	1	144	203	890.815	0
10.764	1	178	204	91.1549	0
12.905	1	29	105	111.939	0
10.765	1	192	205	84.4905	0
12.906	1	182	106	223.625	0
10.766	1	146	206	298.477	0
10.767	1	140	207	311.807	0
12.908	1	96	108	102.176	0
10.768	1	45	208	219.576	0
12.909	1	42	109	347.353	0
10.769	1	130	209	192.178	0
12.91	1	165	110	833.923	0
10.77	1	161	210	887.34	0
12.911	1	69	111	2579.82	0
10.771	1	153	211	77.3724	0
12.912	1	88	112	957.861	0
10.772	1	124	212	223.827	0
12.913	1	188	113	497.589	0
10.773	1	167	213	139.808	0
12.914	1	152	114	1947.74	0
10.774	1	81	214	1228.1	0
12.915	1	162	115	155.648	0
10.775	1	185	215	151.658	0
12.916	1	11	116	633.775	0
12.917	1	139	117	2534.12	0
12.918	1	98	118	119.85	0
12.919	1	23	119	370.859	0
12.92	1	10	120	4954.71	0
12.921	1	12	121	111.75	0
12.922	1	120	122	2269.8	0
12.923	1	150	123	254.705	0
12.924	1	8	124	241.229	0
12.925	1	16	125	169.72	0
12.926	1	169	126	43.556	0
12.927	1	94	127	106.082	0
12.928	1	170	128	1418.25	0
12.929	1	54	129	98.4774	0
12.93	1	125	130	458.675	0
12.931	1	90	131	466.877	0
12.932	1	134	132	38.4798	0
12.933	1	186	133	2815.04	0
12.934	1	67	134	5419.89	0
12.935	1	102	135	4916.65	0
12.936	1	63	136	3802.93	0
12.937	1	145	137	2070.05	0
12.938	1	127	138	91.6439	0
12.94	1	154	140	1309.38	0
12.941	1	20	141	173.883	0
12.942	1	52	142	50.2374	0
12.943	1	138	143	440.214	0
12.944	1	83	144	121.442	0
12.945	1	5	145	1143.21	0
12.946	1	109	146	307.568	0
12.947	1	33	147	4725.78	0
12.948	1	123	148	48.1059	0
12.949	1	99	149	735.588	0
12.95	1	104	150	130.863	0
12.951	1	113	151	2506.63	0
12.952	1	106	152	153.54	0
12.953	1	65	153	57.4833	0
12.954	1	129	154	518.871	0
12.955	1	199	155	113.121	0
12.963	1	64	163	216.888	0
12.964	1	59	164	1281.24	0
12.965	1	114	165	112.209	0
12.966	1	198	166	116.125	0
12.967	1	41	167	717.269	0
12.968	1	56	168	252.302	0
12.969	1	190	169	43.476	0
12.97	1	75	170	240.013	0
12.971	1	87	171	379.292	0
12.972	1	26	172	3885.47	0
10.881	1	143	1	436.731	0
10.882	1	70	2	214.791	0
12.973	1	15	173	166.769	0
10.883	1	110	3	187.074	0
10.884	1	13	4	79.4036	0
12.974	1	7	174	197.344	0
10.885	1	66	5	288.7	0
10.886	1	72	6	156.309	0
12.975	1	164	175	521.26	0
10.887	1	103	7	1227.42	0
10.888	1	92	8	1219.73	0
10.889	1	157	9	195.381	0
10.89	1	27	10	124.72	0
12.976	1	191	176	66.4148	0
10.891	1	58	11	9910.84	0
10.892	1	115	12	380.939	0
10.893	1	48	13	144.365	0
10.894	1	37	14	3028	0
10.895	1	135	15	319.483	0
10.896	1	193	16	274.524	0
10.897	1	197	17	550.561	0
10.898	1	38	18	221.729	0
12.977	1	131	177	257.955	0
10.899	1	189	19	1191.5	0
12.978	1	122	178	141.869	0
10.9	1	40	20	3373.75	0
10.901	1	142	21	512.531	0
10.902	1	86	22	587.075	0
10.903	1	100	23	1653.4	0
10.904	1	166	24	119.595	0
10.905	1	118	25	723.484	0
10.906	1	49	26	723.268	0
12.985	1	71	185	96.7817	0
10.907	1	196	27	240.277	0
12.986	1	76	186	156.775	0
10.908	1	119	28	134.999	0
12.987	1	82	187	2743.53	0
10.909	1	200	29	384.931	0
12.988	1	184	188	145.803	0
10.91	1	55	30	130.004	0
12.989	1	68	189	68.9248	0
10.911	1	95	31	221.727	0
12.99	1	177	190	83.2519	0
10.912	1	107	32	63.2564	0
12.991	1	24	191	228.263	0
10.913	1	101	33	208.563	0
12.992	1	117	192	46.3821	0
10.914	1	116	34	1865.34	0
10.915	1	61	35	190.437	0
12.993	1	159	193	2927.62	0
12.994	1	22	194	548.295	0
12.995	1	137	195	146.14	0
10.916	1	111	36	164.55	0
12.996	1	156	196	97.8181	0
12.997	1	25	197	258.304	0
10.917	1	3	37	70.8584	0
12.998	1	50	198	185.297	0
10.918	1	4	38	144.62	0
12.999	1	60	199	60.3099	0
10.919	1	195	39	330.998	0
13	1	36	200	513.343	0
10.92	1	30	40	580.064	0
13.001	1	78	201	81.6594	0
10.921	1	91	41	153.54	0
13.002	1	128	202	247.171	0
10.922	1	35	42	169.62	0
13.003	1	144	203	2805.07	0
10.923	1	19	43	161.978	0
13.004	1	178	204	119.646	0
10.924	1	176	44	207.09	0
13.005	1	192	205	62.689	0
10.925	1	32	45	381.114	0
10.926	1	126	46	298.531	0
13.006	1	146	206	379.031	0
10.927	1	151	47	6747.85	0
13.007	1	140	207	894.549	0
10.928	1	160	48	234.577	0
13.008	1	45	208	79.9186	0
10.929	1	79	49	1357.57	0
13.009	1	130	209	154.912	0
10.93	1	171	50	91.2238	0
13.01	1	161	210	1022.59	0
10.931	1	175	51	1814.93	0
13.011	1	153	211	84.7903	0
10.932	1	17	52	368.35	0
13.012	1	124	212	186.618	0
13.013	1	167	213	350.196	0
10.933	1	174	53	134.806	0
13.014	1	81	214	1206.02	0
10.934	1	74	54	443.301	0
13.015	1	185	215	250.492	0
10.935	1	39	55	52.7953	0
10.936	1	179	56	112.754	0
10.937	1	194	57	505.496	0
10.938	1	28	58	410.023	0
10.939	1	80	59	49.5509	0
10.94	1	105	60	182.829	0
10.941	1	168	61	501.57	0
10.942	1	73	62	4257.41	0
10.943	1	141	63	129.008	0
10.944	1	53	64	91.8752	0
10.945	1	163	65	244.226	0
10.946	1	62	66	210.087	0
10.947	1	89	67	2375.89	0
10.948	1	173	68	308.222	0
10.949	1	112	69	1086.89	0
10.95	1	93	70	33.544	0
10.951	1	136	71	77.8522	0
10.952	1	121	72	303.826	0
10.953	1	85	73	432.081	0
10.954	1	2	74	93.1024	0
10.955	1	158	75	1490.88	0
10.956	1	14	76	193.328	0
10.957	1	1	77	708.916	0
10.958	1	133	78	194.68	0
10.959	1	34	79	107.803	0
10.96	1	18	80	98.2204	0
10.961	1	149	81	1478.83	0
10.962	1	108	82	350.757	0
10.963	1	97	83	5106.35	0
10.964	1	148	84	57.9274	0
10.965	1	51	85	606.314	0
10.966	1	9	86	966.312	0
10.967	1	132	87	248.217	0
10.968	1	181	88	71.0494	0
10.969	1	43	89	270.434	0
10.97	1	84	90	250.038	0
10.971	1	183	91	687.58	0
10.972	1	44	92	199.68	0
10.973	1	77	93	234.224	0
10.974	1	31	94	671.39	0
10.975	1	57	95	217.569	0
10.976	1	172	96	188.161	0
10.977	1	47	97	714.999	0
10.978	1	187	98	223.415	0
10.979	1	180	99	142.268	0
10.98	1	147	100	5634.57	0
10.981	1	46	101	188.469	0
10.982	1	155	102	145.478	0
10.983	1	21	103	150.873	0
10.984	1	6	104	236.172	0
10.985	1	29	105	65.6123	0
10.986	1	182	106	142.501	0
10.988	1	96	108	44.4692	0
10.989	1	42	109	413.972	0
10.99	1	165	110	1149.13	0
10.991	1	69	111	14170	0
10.992	1	88	112	662.452	0
10.993	1	188	113	1261.61	0
10.994	1	152	114	501.467	0
10.995	1	162	115	72.3531	0
10.996	1	11	116	683.664	0
10.997	1	139	117	2098.37	0
10.998	1	98	118	194.719	0
10.999	1	23	119	218.779	0
11	1	10	120	2706.34	0
11.001	1	12	121	281.409	0
11.002	1	120	122	898.95	0
11.003	1	150	123	225.459	0
11.004	1	8	124	275.883	0
11.005	1	16	125	404.092	0
11.006	1	169	126	97.5054	0
11.007	1	94	127	133.732	0
11.008	1	170	128	2911.97	0
11.009	1	54	129	116.338	0
11.01	1	125	130	275.99	0
11.011	1	90	131	1134	0
11.012	1	134	132	139.526	0
11.013	1	186	133	1251.74	0
11.014	1	67	134	3886.3	0
11.015	1	102	135	4552.39	0
11.016	1	63	136	3949.64	0
11.017	1	145	137	675.168	0
11.018	1	127	138	135.343	0
11.02	1	154	140	2286.59	0
11.021	1	20	141	214.529	0
11.022	1	52	142	67.5764	0
11.023	1	138	143	595.907	0
11.024	1	83	144	105.476	0
11.025	1	5	145	2161.1	0
11.026	1	109	146	113.347	0
11.027	1	33	147	2172.86	0
11.028	1	123	148	127.463	0
11.029	1	99	149	834.301	0
11.03	1	104	150	186.898	0
11.031	1	113	151	726.1	0
11.032	1	106	152	102.145	0
11.033	1	65	153	43.6134	0
11.034	1	129	154	391.914	0
11.035	1	199	155	145.954	0
13.121	1	143	1	345.736	0
13.122	1	70	2	97.8308	0
13.123	1	110	3	168.53	0
13.124	1	13	4	90.3859	0
13.125	1	66	5	81.2257	0
13.126	1	72	6	183.445	0
13.127	1	103	7	937.396	0
13.128	1	92	8	512.497	0
13.129	1	157	9	548.031	0
11.043	1	64	163	381.066	0
13.13	1	27	10	96.8991	0
11.044	1	59	164	587.859	0
13.131	1	58	11	11438.7	0
11.045	1	114	165	95.7643	0
13.132	1	115	12	183.617	0
11.046	1	198	166	80.1107	0
13.133	1	48	13	363.093	0
11.047	1	41	167	461.512	0
11.048	1	56	168	120.959	0
13.134	1	37	14	4591.59	0
11.049	1	190	169	68.9488	0
11.05	1	75	170	89.1969	0
13.135	1	135	15	167.369	0
13.136	1	193	16	295.677	0
11.051	1	87	171	564.215	0
13.137	1	197	17	406.773	0
13.138	1	38	18	124.569	0
13.139	1	189	19	1993.25	0
11.052	1	26	172	2549.63	0
13.14	1	40	20	5020.57	0
11.053	1	15	173	184.547	0
11.054	1	7	174	217.978	0
13.141	1	142	21	778.825	0
11.055	1	164	175	201.317	0
11.056	1	191	176	209.506	0
13.142	1	86	22	458.319	0
11.057	1	131	177	407.503	0
13.143	1	100	23	2154.94	0
11.058	1	122	178	242.335	0
13.144	1	166	24	189.637	0
13.145	1	118	25	343.869	0
13.146	1	49	26	730.049	0
13.147	1	196	27	308.374	0
13.148	1	119	28	77.1494	0
13.149	1	200	29	154.469	0
13.15	1	55	30	101.431	0
13.151	1	95	31	129.518	0
11.065	1	71	185	157.473	0
13.152	1	107	32	79.2024	0
11.066	1	76	186	147.378	0
13.153	1	101	33	221.308	0
13.154	1	116	34	2455.97	0
11.067	1	82	187	5646.43	0
11.068	1	184	188	286.259	0
13.155	1	61	35	177.917	0
13.156	1	111	36	187.623	0
11.069	1	68	189	63.7537	0
13.157	1	3	37	136.583	0
11.07	1	177	190	152.358	0
13.158	1	4	38	244.504	0
13.159	1	195	39	230.937	0
11.071	1	24	191	129.195	0
13.16	1	30	40	1180.43	0
11.072	1	117	192	29.6949	0
13.161	1	91	41	199.135	0
11.073	1	159	193	3846.76	0
13.162	1	35	42	114.132	0
11.074	1	22	194	328.443	0
13.163	1	19	43	311.06	0
11.075	1	137	195	189.608	0
13.164	1	176	44	149.943	0
11.076	1	156	196	267.659	0
13.165	1	32	45	254.02	0
13.166	1	126	46	157.091	0
11.077	1	25	197	256.513	0
11.078	1	50	198	291.532	0
13.167	1	151	47	9078.6	0
13.168	1	160	48	296.291	0
11.079	1	60	199	140.217	0
11.08	1	36	200	359.884	0
13.169	1	79	49	2537.37	0
13.17	1	171	50	121.323	0
11.081	1	78	201	189.637	0
11.082	1	128	202	313.942	0
13.171	1	175	51	7666.62	0
13.172	1	17	52	378.285	0
13.173	1	174	53	107.448	0
11.083	1	144	203	3577.21	0
13.174	1	74	54	439.13	0
11.084	1	178	204	59.7484	0
13.175	1	39	55	131.869	0
11.085	1	192	205	53.8756	0
13.176	1	179	56	80.3351	0
11.086	1	146	206	349.452	0
13.177	1	194	57	1439.27	0
11.087	1	140	207	688.161	0
13.178	1	28	58	186.182	0
11.088	1	45	208	83.1476	0
13.179	1	80	59	109.306	0
11.089	1	130	209	114.918	0
13.18	1	105	60	107.156	0
11.09	1	161	210	892.696	0
13.181	1	168	61	948.386	0
11.091	1	153	211	237.445	0
13.182	1	73	62	4411.3	0
11.092	1	124	212	219.169	0
13.183	1	141	63	149.828	0
11.093	1	167	213	242.695	0
11.094	1	81	214	1356.9	0
13.184	1	53	64	162.246	0
11.095	1	185	215	352.701	0
13.185	1	163	65	199.615	0
13.186	1	62	66	156.162	0
13.187	1	89	67	3390.33	0
13.188	1	173	68	180.312	0
13.189	1	112	69	1001.22	0
13.19	1	93	70	156.034	0
13.191	1	136	71	139.441	0
13.192	1	121	72	145.327	0
13.193	1	85	73	210.189	0
13.194	1	2	74	55.6502	0
13.195	1	158	75	1098.69	0
13.196	1	14	76	220.261	0
13.197	1	1	77	469.958	0
13.198	1	133	78	314.295	0
13.199	1	34	79	238.882	0
13.2	1	18	80	70.0689	0
13.201	1	149	81	2463.99	0
13.202	1	108	82	303.072	0
13.203	1	97	83	4087.14	0
13.204	1	148	84	64.2435	0
13.205	1	51	85	545.119	0
13.206	1	9	86	384.981	0
13.207	1	132	87	305.283	0
13.208	1	181	88	130.246	0
13.209	1	43	89	372.009	0
13.21	1	84	90	285.82	0
13.211	1	183	91	722.289	0
13.212	1	44	92	234.714	0
13.213	1	77	93	923.571	0
13.214	1	31	94	343.452	0
13.215	1	57	95	72.235	0
13.216	1	172	96	91.8002	0
13.217	1	47	97	1278.87	0
13.218	1	187	98	215.553	0
13.219	1	180	99	133.579	0
13.22	1	147	100	7137.02	0
13.221	1	46	101	295.465	0
13.222	1	155	102	131.189	0
13.223	1	21	103	177.89	0
13.224	1	6	104	269.536	0
13.225	1	29	105	65.8086	0
13.226	1	182	106	273.352	0
13.228	1	96	108	239.927	0
13.229	1	42	109	331.244	0
13.23	1	165	110	1769.16	0
13.231	1	69	111	8733.58	0
13.232	1	88	112	1016.37	0
13.233	1	188	113	1175.23	0
13.234	1	152	114	917.63	0
13.235	1	162	115	188.312	0
13.236	1	11	116	604.277	0
13.237	1	139	117	2815.88	0
13.238	1	98	118	235.022	0
13.239	1	23	119	825.684	0
13.24	1	10	120	3651.86	0
13.241	1	12	121	276.859	0
13.242	1	120	122	2572.57	0
13.243	1	150	123	364.502	0
13.244	1	8	124	167.719	0
13.245	1	16	125	281.78	0
13.246	1	169	126	50.9826	0
13.247	1	94	127	46.8504	0
13.248	1	170	128	3368.65	0
13.249	1	54	129	153.271	0
13.25	1	125	130	269.193	0
13.251	1	90	131	804.768	0
13.252	1	134	132	124.677	0
13.253	1	186	133	1231.7	0
13.254	1	67	134	12575.4	0
13.255	1	102	135	9186.73	0
13.256	1	63	136	1149.28	0
13.257	1	145	137	1989.58	0
13.258	1	127	138	279.794	0
13.26	1	154	140	565.019	0
13.261	1	20	141	152.639	0
13.262	1	52	142	67.9622	0
13.263	1	138	143	469.311	0
13.264	1	83	144	96.0356	0
13.265	1	5	145	839.043	0
13.266	1	109	146	205.841	0
13.267	1	33	147	672.551	0
13.268	1	123	148	69.1884	0
13.269	1	99	149	1115.63	0
13.27	1	104	150	134.972	0
13.271	1	113	151	965.207	0
13.272	1	106	152	146.829	0
13.273	1	65	153	68.4537	0
13.274	1	129	154	172.629	0
13.275	1	199	155	248.541	0
13.283	1	64	163	345.248	0
13.284	1	59	164	857.387	0
13.285	1	114	165	206.363	0
13.286	1	198	166	87.9971	0
13.287	1	41	167	226.836	0
13.288	1	56	168	289.323	0
13.289	1	190	169	97.099	0
13.29	1	75	170	368.898	0
13.291	1	87	171	514.595	0
13.292	1	26	172	6500.36	0
13.293	1	15	173	76.1228	0
11.201	1	143	1	599.838	0
13.294	1	7	174	129.944	0
11.202	1	70	2	134.15	0
13.295	1	164	175	130.434	0
11.203	1	110	3	189.011	0
13.296	1	191	176	159.46	0
11.204	1	13	4	55.0345	0
13.297	1	131	177	266.659	0
11.205	1	66	5	111.899	0
13.298	1	122	178	405.276	0
11.206	1	72	6	309.065	0
11.207	1	103	7	1525.38	0
11.208	1	92	8	1349.75	0
11.209	1	157	9	537.033	0
11.21	1	27	10	115.643	0
11.211	1	58	11	8231.66	0
11.212	1	115	12	215.295	0
11.213	1	48	13	247.81	0
11.214	1	37	14	3233.47	0
13.305	1	71	185	154.334	0
11.215	1	135	15	214.636	0
13.306	1	76	186	220.206	0
13.307	1	82	187	2158.42	0
11.216	1	193	16	204.272	0
13.308	1	184	188	194.464	0
13.309	1	68	189	44.2091	0
13.31	1	177	190	272.455	0
11.217	1	197	17	559.039	0
11.218	1	38	18	70.2803	0
13.311	1	24	191	113.326	0
13.312	1	117	192	143.369	0
11.219	1	189	19	2145.58	0
13.313	1	159	193	1762.97	0
13.314	1	22	194	343.831	0
11.22	1	40	20	5211.3	0
13.315	1	137	195	587.951	0
11.221	1	142	21	583.561	0
11.222	1	86	22	501.643	0
11.223	1	100	23	1234.74	0
13.316	1	156	196	171.693	0
11.224	1	166	24	172.274	0
11.225	1	118	25	334.813	0
13.317	1	25	197	397.691	0
11.226	1	49	26	278.814	0
13.318	1	50	198	271.743	0
11.227	1	196	27	259.511	0
13.319	1	60	199	58.0466	0
11.228	1	119	28	84.1582	0
11.229	1	200	29	193.17	0
13.32	1	36	200	334.784	0
11.23	1	55	30	158.982	0
13.321	1	78	201	254.943	0
11.231	1	95	31	212.698	0
13.322	1	128	202	428.085	0
11.232	1	107	32	62.8562	0
13.323	1	144	203	1696.8	0
11.233	1	101	33	228.201	0
13.324	1	178	204	105.065	0
13.325	1	192	205	78.6254	0
11.234	1	116	34	1402.21	0
13.326	1	146	206	655.096	0
13.327	1	140	207	471.943	0
13.328	1	45	208	58.1015	0
11.235	1	61	35	187.748	0
13.329	1	130	209	104.595	0
11.236	1	111	36	384.851	0
13.33	1	161	210	584.66	0
11.237	1	3	37	46.6975	0
13.331	1	153	211	144.211	0
11.238	1	4	38	243.161	0
13.332	1	124	212	98.9261	0
11.239	1	195	39	432.456	0
13.333	1	167	213	486.418	0
11.24	1	30	40	526.134	0
13.334	1	81	214	846.559	0
11.241	1	91	41	196.777	0
11.242	1	35	42	182.524	0
13.335	1	185	215	510.249	0
11.243	1	19	43	359.66	0
11.244	1	176	44	276.909	0
11.245	1	32	45	103.949	0
11.246	1	126	46	193.227	0
11.247	1	151	47	3135.68	0
11.248	1	160	48	359.404	0
11.249	1	79	49	1551.16	0
11.25	1	171	50	76.8319	0
11.251	1	175	51	3200.52	0
11.252	1	17	52	118.093	0
11.253	1	174	53	135.809	0
11.254	1	74	54	390.431	0
11.255	1	39	55	83.7919	0
11.256	1	179	56	60.9084	0
11.257	1	194	57	419.267	0
11.258	1	28	58	461.296	0
11.259	1	80	59	18.1925	0
11.26	1	105	60	71.6999	0
11.261	1	168	61	877.11	0
11.262	1	73	62	2455.75	0
11.263	1	141	63	135.292	0
11.264	1	53	64	239.434	0
11.265	1	163	65	140.87	0
11.266	1	62	66	270.179	0
11.267	1	89	67	2495.18	0
11.268	1	173	68	71.1852	0
11.269	1	112	69	434.174	0
11.27	1	93	70	31.7889	0
11.271	1	136	71	112.292	0
11.272	1	121	72	144.086	0
11.273	1	85	73	190.05	0
11.274	1	2	74	87.2682	0
11.275	1	158	75	3442	0
11.276	1	14	76	343.734	0
11.277	1	1	77	376.057	0
11.278	1	133	78	210.14	0
11.279	1	34	79	96.9314	0
11.28	1	18	80	60.8393	0
11.281	1	149	81	916.546	0
11.282	1	108	82	226.858	0
11.283	1	97	83	2764.52	0
11.284	1	148	84	60.3709	0
11.285	1	51	85	617.333	0
11.286	1	9	86	460.715	0
11.287	1	132	87	190.465	0
11.288	1	181	88	138.891	0
11.289	1	43	89	280.458	0
11.29	1	84	90	136.726	0
11.291	1	183	91	607.702	0
11.292	1	44	92	84.9902	0
11.293	1	77	93	662.073	0
11.294	1	31	94	279.491	0
11.295	1	57	95	250.276	0
11.296	1	172	96	152.518	0
11.297	1	47	97	614.693	0
11.298	1	187	98	223.415	0
11.299	1	180	99	211.664	0
11.3	1	147	100	14887.7	0
11.301	1	46	101	139.638	0
11.302	1	155	102	104.659	0
11.303	1	21	103	269.864	0
11.304	1	6	104	261.431	0
11.305	1	29	105	35.2012	0
11.306	1	182	106	112.347	0
11.308	1	96	108	195.99	0
11.309	1	42	109	507.791	0
11.31	1	165	110	1733.9	0
11.311	1	69	111	4216.72	0
11.312	1	88	112	1154.33	0
11.313	1	188	113	1635.65	0
11.314	1	152	114	822.793	0
11.315	1	162	115	135.909	0
11.316	1	11	116	804.695	0
11.317	1	139	117	1141.77	0
11.318	1	98	118	208.216	0
11.319	1	23	119	572.936	0
11.32	1	10	120	1322.89	0
11.321	1	12	121	294.555	0
11.322	1	120	122	997.638	0
11.323	1	150	123	194.423	0
11.324	1	8	124	153.148	0
11.325	1	16	125	275.061	0
11.326	1	169	126	87.3936	0
11.327	1	94	127	100.315	0
11.328	1	170	128	2337.45	0
11.329	1	54	129	58.0324	0
11.33	1	125	130	483.585	0
11.331	1	90	131	405.491	0
11.332	1	134	132	86.5554	0
11.333	1	186	133	1450.23	0
11.334	1	67	134	4992.6	0
11.335	1	102	135	4241.81	0
11.336	1	63	136	857.487	0
11.337	1	145	137	1568.29	0
11.338	1	127	138	114.32	0
11.34	1	154	140	1619.11	0
11.341	1	20	141	51.4476	0
11.342	1	52	142	50.1703	0
11.343	1	138	143	473.043	0
11.344	1	83	144	203.152	0
11.345	1	5	145	1755	0
11.346	1	109	146	238.965	0
11.347	1	33	147	2174.28	0
11.348	1	123	148	34.0731	0
13.441	1	143	1	347.556	0
13.442	1	70	2	184.153	0
11.349	1	99	149	1339.79	0
11.35	1	104	150	121.85	0
13.443	1	110	3	222.048	0
13.444	1	13	4	77.8202	0
11.351	1	113	151	2034.36	0
13.445	1	66	5	147.936	0
13.446	1	72	6	99.014	0
11.352	1	106	152	120.893	0
13.447	1	103	7	1596.28	0
11.353	1	65	153	220.899	0
13.448	1	92	8	436.711	0
11.354	1	129	154	121.521	0
13.449	1	157	9	413.828	0
11.355	1	199	155	98.7991	0
13.45	1	27	10	101.475	0
13.451	1	58	11	2503.69	0
13.452	1	115	12	609.467	0
13.453	1	48	13	110.647	0
13.454	1	37	14	6142.75	0
13.455	1	135	15	200.056	0
13.456	1	193	16	425.853	0
13.457	1	197	17	84.8415	0
13.458	1	38	18	100.048	0
11.363	1	64	163	206.323	0
13.459	1	189	19	1490.73	0
11.364	1	59	164	767.349	0
13.46	1	40	20	8429.77	0
11.365	1	114	165	144.823	0
13.461	1	142	21	504.311	0
11.366	1	198	166	203.891	0
13.462	1	86	22	269.267	0
11.367	1	41	167	1197.27	0
11.368	1	56	168	136.118	0
13.463	1	100	23	1293.61	0
13.464	1	166	24	76.1391	0
11.369	1	190	169	47.6927	0
11.37	1	75	170	79.256	0
13.465	1	118	25	426.65	0
13.466	1	49	26	1234.05	0
11.371	1	87	171	915.003	0
11.372	1	26	172	1048.44	0
13.467	1	196	27	240.004	0
13.468	1	119	28	64.3218	0
11.373	1	15	173	88.6473	0
13.469	1	200	29	208.817	0
11.374	1	7	174	191.83	0
13.47	1	55	30	106.494	0
11.375	1	164	175	400.616	0
13.471	1	95	31	201.787	0
13.472	1	107	32	71.8439	0
11.376	1	191	176	155.91	0
13.473	1	101	33	485.674	0
11.377	1	131	177	259.398	0
13.474	1	116	34	609.676	0
11.378	1	122	178	184.014	0
13.475	1	61	35	114.801	0
13.476	1	111	36	166.712	0
13.477	1	3	37	42.4988	0
13.478	1	4	38	153.642	0
13.479	1	195	39	211.93	0
11.385	1	71	185	207.391	0
13.48	1	30	40	567.408	0
11.386	1	76	186	130.75	0
13.481	1	91	41	143.206	0
11.387	1	82	187	2646.03	0
13.482	1	35	42	134.855	0
11.388	1	184	188	133.419	0
11.389	1	68	189	65.0196	0
13.483	1	19	43	127.454	0
11.39	1	177	190	157.172	0
13.484	1	176	44	250.559	0
11.391	1	24	191	143.325	0
11.392	1	117	192	149.12	0
13.485	1	32	45	179.011	0
13.486	1	126	46	215.893	0
13.487	1	151	47	4132.1	0
11.393	1	159	193	2498.25	0
13.488	1	160	48	492.549	0
11.394	1	22	194	536.235	0
13.489	1	79	49	1148.68	0
11.395	1	137	195	641.141	0
13.49	1	171	50	109.069	0
11.396	1	156	196	105.344	0
13.491	1	175	51	1618.84	0
11.397	1	25	197	306.223	0
13.492	1	17	52	93.8693	0
11.398	1	50	198	135.226	0
11.399	1	60	199	137.312	0
13.493	1	174	53	112.33	0
11.4	1	36	200	110.92	0
13.494	1	74	54	359.116	0
11.401	1	78	201	152.241	0
13.495	1	39	55	133.56	0
11.402	1	128	202	467.825	0
13.496	1	179	56	138.682	0
13.497	1	194	57	939.181	0
11.403	1	144	203	3352.33	0
13.498	1	28	58	728.509	0
11.404	1	178	204	192.82	0
13.499	1	80	59	67.5783	0
11.405	1	192	205	62.7453	0
13.5	1	105	60	99.6734	0
11.406	1	146	206	734.406	0
11.407	1	140	207	456.152	0
13.501	1	168	61	1836.88	0
11.408	1	45	208	130.35	0
13.502	1	73	62	2786.8	0
11.409	1	130	209	165.809	0
11.41	1	161	210	591.79	0
13.503	1	141	63	110.184	0
13.504	1	53	64	247.065	0
11.411	1	153	211	149.34	0
11.412	1	124	212	197.335	0
13.505	1	163	65	84.2443	0
11.413	1	167	213	315.829	0
13.506	1	62	66	168.962	0
11.414	1	81	214	680.084	0
13.507	1	89	67	3139.55	0
13.508	1	173	68	204.502	0
11.415	1	185	215	283.272	0
13.509	1	112	69	828.634	0
13.51	1	93	70	122.494	0
13.511	1	136	71	75.0048	0
13.512	1	121	72	149.823	0
13.513	1	85	73	387.278	0
13.514	1	2	74	65.4465	0
13.515	1	158	75	2673.27	0
13.516	1	14	76	380.705	0
13.517	1	1	77	440.29	0
13.518	1	133	78	138.843	0
13.519	1	34	79	195.271	0
13.52	1	18	80	125.498	0
13.521	1	149	81	1152.53	0
13.522	1	108	82	197.185	0
13.523	1	97	83	1122.03	0
13.524	1	148	84	59.7142	0
13.525	1	51	85	860.942	0
13.526	1	9	86	329.592	0
13.527	1	132	87	203.667	0
13.528	1	181	88	107.503	0
13.529	1	43	89	167.156	0
13.53	1	84	90	87.1252	0
13.531	1	183	91	1194.65	0
13.532	1	44	92	171.659	0
13.533	1	77	93	1347.47	0
13.534	1	31	94	384.314	0
13.535	1	57	95	169.466	0
13.536	1	172	96	125.459	0
13.537	1	47	97	743.654	0
13.538	1	187	98	681.534	0
13.539	1	180	99	141.918	0
13.54	1	147	100	4307.46	0
13.541	1	46	101	279.654	0
13.542	1	155	102	117.265	0
13.543	1	21	103	445.381	0
13.544	1	6	104	115.533	0
13.545	1	29	105	82.0433	0
13.546	1	182	106	228.689	0
13.548	1	96	108	273.191	0
13.549	1	42	109	259.297	0
13.55	1	165	110	1128.76	0
13.551	1	69	111	11497.4	0
13.552	1	88	112	1193.91	0
13.553	1	188	113	828.166	0
13.554	1	152	114	2134.34	0
13.555	1	162	115	184.569	0
13.556	1	11	116	269.379	0
13.557	1	139	117	902.971	0
13.558	1	98	118	169.354	0
13.559	1	23	119	804.511	0
13.56	1	10	120	1059.07	0
13.561	1	12	121	333.942	0
13.562	1	120	122	1417.85	0
13.563	1	150	123	214.149	0
13.564	1	8	124	184.389	0
13.565	1	16	125	374.597	0
13.566	1	169	126	145.836	0
13.567	1	94	127	76.8675	0
13.568	1	170	128	2323.23	0
13.569	1	54	129	96.5938	0
13.57	1	125	130	284.665	0
13.571	1	90	131	556.875	0
13.572	1	134	132	72.7608	0
13.573	1	186	133	2106.76	0
13.574	1	67	134	11550.6	0
13.575	1	102	135	6598.96	0
13.576	1	63	136	3112.77	0
13.577	1	145	137	744.488	0
13.578	1	127	138	210.341	0
13.58	1	154	140	1120.43	0
13.581	1	20	141	44.1906	0
13.582	1	52	142	138.685	0
13.583	1	138	143	375.309	0
13.584	1	83	144	39.8649	0
13.585	1	5	145	2716.23	0
13.586	1	109	146	263.988	0
13.587	1	33	147	3905.29	0
13.588	1	123	148	53.6753	0
13.589	1	99	149	1198.26	0
13.59	1	104	150	68.5464	0
13.591	1	113	151	1924.73	0
13.592	1	106	152	154.789	0
13.593	1	65	153	30.8621	0
13.594	1	129	154	685.091	0
13.595	1	199	155	151.187	0
13.603	1	64	163	543.775	0
13.604	1	59	164	786.502	0
13.605	1	114	165	498.201	0
13.606	1	198	166	123.147	0
13.607	1	41	167	195.947	0
13.608	1	56	168	125.924	0
13.609	1	190	169	79.5787	0
13.61	1	75	170	212.685	0
13.611	1	87	171	574.175	0
13.612	1	26	172	11215.7	0
13.613	1	15	173	96.3676	0
13.614	1	7	174	130.404	0
13.615	1	164	175	578.119	0
13.616	1	191	176	380.741	0
13.617	1	131	177	140.036	0
13.618	1	122	178	119.426	0
11.521	1	143	1	501.2	0
11.522	1	70	2	37.4481	0
11.523	1	110	3	224.094	0
11.524	1	13	4	109.37	0
11.525	1	66	5	147.705	0
11.526	1	72	6	124.762	0
11.527	1	103	7	765.007	0
11.528	1	92	8	565.564	0
13.625	1	71	185	175.444	0
13.626	1	76	186	131.436	0
11.529	1	157	9	228.844	0
11.53	1	27	10	142.514	0
13.627	1	82	187	3441.52	0
13.628	1	184	188	275.108	0
11.531	1	58	11	3251.19	0
11.532	1	115	12	414.544	0
13.629	1	68	189	35.6214	0
11.533	1	48	13	285.506	0
13.63	1	177	190	63.1264	0
13.631	1	24	191	72.7077	0
11.534	1	37	14	5575.8	0
13.632	1	117	192	62.8737	0
13.633	1	159	193	2282.54	0
11.535	1	135	15	324.519	0
13.634	1	22	194	374.39	0
11.536	1	193	16	150.541	0
13.635	1	137	195	261.333	0
11.537	1	197	17	154.73	0
13.636	1	156	196	216.223	0
11.538	1	38	18	108.771	0
13.637	1	25	197	281.753	0
11.539	1	189	19	1158.1	0
13.638	1	50	198	567.201	0
11.54	1	40	20	4204.99	0
13.639	1	60	199	50.296	0
13.64	1	36	200	644.938	0
11.541	1	142	21	379.601	0
11.542	1	86	22	1133.85	0
13.641	1	78	201	270.958	0
11.543	1	100	23	1037.06	0
11.544	1	166	24	112.995	0
13.642	1	128	202	303.289	0
11.545	1	118	25	685.404	0
13.643	1	144	203	2919.87	0
11.546	1	49	26	547.556	0
13.644	1	178	204	81.1197	0
11.547	1	196	27	472.732	0
13.645	1	192	205	103.389	0
11.548	1	119	28	83.7254	0
13.646	1	146	206	213.663	0
11.549	1	200	29	236.684	0
13.647	1	140	207	587.97	0
11.55	1	55	30	80.2545	0
13.648	1	45	208	169.378	0
11.551	1	95	31	151.267	0
13.649	1	130	209	100.085	0
13.65	1	161	210	813.248	0
11.552	1	107	32	123.608	0
13.651	1	153	211	175.437	0
11.553	1	101	33	414.064	0
11.554	1	116	34	1271.16	0
13.652	1	124	212	390.434	0
11.555	1	61	35	46.0583	0
11.556	1	111	36	298.187	0
13.653	1	167	213	169.592	0
13.654	1	81	214	1303.9	0
11.557	1	3	37	56.7585	0
11.558	1	4	38	95.2955	0
13.655	1	185	215	399.732	0
11.559	1	195	39	520.059	0
11.56	1	30	40	563.179	0
11.561	1	91	41	246.403	0
11.562	1	35	42	154.645	0
11.563	1	19	43	123.24	0
11.564	1	176	44	195.594	0
11.565	1	32	45	58.7944	0
11.566	1	126	46	211.104	0
11.567	1	151	47	4153.13	0
11.568	1	160	48	334.231	0
11.569	1	79	49	1488.21	0
11.57	1	171	50	66.8133	0
11.571	1	175	51	2318.13	0
11.572	1	17	52	237.846	0
11.573	1	174	53	65.9533	0
11.574	1	74	54	584.31	0
11.575	1	39	55	222.82	0
11.576	1	179	56	118.639	0
11.577	1	194	57	1398.08	0
11.578	1	28	58	118.383	0
11.579	1	80	59	57.3997	0
11.58	1	105	60	131.244	0
11.581	1	168	61	1313.16	0
11.582	1	73	62	4175.84	0
11.583	1	141	63	140.428	0
11.584	1	53	64	264.156	0
11.585	1	163	65	233.257	0
11.586	1	62	66	383.695	0
11.587	1	89	67	2860.85	0
11.588	1	173	68	192.947	0
11.589	1	112	69	325.979	0
11.59	1	93	70	94.3656	0
11.591	1	136	71	141.723	0
11.592	1	121	72	134.268	0
11.593	1	85	73	132.756	0
11.594	1	2	74	75.7606	0
11.595	1	158	75	2194.17	0
11.596	1	14	76	299.351	0
11.597	1	1	77	327.469	0
11.598	1	133	78	235.625	0
11.599	1	34	79	145.271	0
11.6	1	18	80	91.4121	0
11.601	1	149	81	2115.78	0
11.602	1	108	82	636.226	0
11.603	1	97	83	6145.78	0
11.604	1	148	84	79.0348	0
11.605	1	51	85	846.925	0
11.606	1	9	86	446.915	0
11.607	1	132	87	463.412	0
11.608	1	181	88	102.008	0
11.609	1	43	89	199.715	0
11.61	1	84	90	167.171	0
11.611	1	183	91	555.873	0
11.612	1	44	92	82.1834	0
11.613	1	77	93	513.804	0
11.614	1	31	94	267.34	0
11.615	1	57	95	138.184	0
11.616	1	172	96	206.042	0
11.617	1	47	97	631.244	0
11.618	1	187	98	374.426	0
11.619	1	180	99	149.093	0
11.62	1	147	100	3856.58	0
11.621	1	46	101	178.467	0
11.622	1	155	102	176.507	0
11.623	1	21	103	181.047	0
11.624	1	6	104	290.898	0
11.625	1	29	105	39.9191	0
11.626	1	182	106	232.188	0
11.628	1	96	108	234.139	0
11.629	1	42	109	544.484	0
11.63	1	165	110	2442.17	0
11.631	1	69	111	2408.95	0
11.632	1	88	112	1036.87	0
11.633	1	188	113	1248.05	0
11.634	1	152	114	1168.36	0
11.635	1	162	115	123.324	0
11.636	1	11	116	386.706	0
11.637	1	139	117	1168.1	0
11.638	1	98	118	164.845	0
11.639	1	23	119	265.18	0
11.64	1	10	120	3977.33	0
11.641	1	12	121	152.39	0
11.642	1	120	122	2502.23	0
11.643	1	150	123	205.657	0
11.644	1	8	124	55.6945	0
11.645	1	16	125	332.927	0
11.646	1	169	126	112.617	0
11.647	1	94	127	122.172	0
11.648	1	170	128	1742.74	0
11.649	1	54	129	64.0972	0
11.65	1	125	130	271.419	0
11.651	1	90	131	325.395	0
11.652	1	134	132	166.366	0
11.653	1	186	133	1202.86	0
11.654	1	67	134	5505.36	0
11.655	1	102	135	2958.96	0
11.656	1	63	136	3938.02	0
11.657	1	145	137	1619.18	0
11.658	1	127	138	107.966	0
11.66	1	154	140	1812.84	0
11.661	1	20	141	159.593	0
13.761	1	143	1	464.965	0
11.662	1	52	142	129.356	0
13.762	1	70	2	216.682	0
11.663	1	138	143	549.436	0
13.763	1	110	3	89.3255	0
11.664	1	83	144	86.2564	0
13.764	1	13	4	41.4393	0
11.665	1	5	145	1250.16	0
13.765	1	66	5	243.433	0
11.666	1	109	146	152.861	0
13.766	1	72	6	114.126	0
11.667	1	33	147	2478.79	0
13.767	1	103	7	2125.79	0
11.668	1	123	148	87.4931	0
13.768	1	92	8	119.771	0
11.669	1	99	149	1636.64	0
11.67	1	104	150	111.149	0
13.769	1	157	9	381.176	0
13.77	1	27	10	128.082	0
11.671	1	113	151	628.874	0
11.672	1	106	152	143.401	0
13.771	1	58	11	8081.8	0
13.772	1	115	12	410.482	0
11.673	1	65	153	81.7903	0
11.674	1	129	154	464.879	0
13.773	1	48	13	366.82	0
11.675	1	199	155	163.007	0
13.774	1	37	14	4782.82	0
13.775	1	135	15	361.259	0
13.776	1	193	16	135.396	0
13.777	1	197	17	281.538	0
13.778	1	38	18	72.8712	0
13.779	1	189	19	1105.14	0
13.78	1	40	20	5205.43	0
13.781	1	142	21	1000.24	0
11.683	1	64	163	150.105	0
13.782	1	86	22	786.297	0
11.684	1	59	164	739.901	0
13.783	1	100	23	3404.45	0
11.685	1	114	165	110.158	0
11.686	1	198	166	112.316	0
13.784	1	166	24	133.515	0
11.687	1	41	167	804.383	0
13.785	1	118	25	1078.97	0
11.688	1	56	168	106.16	0
13.786	1	49	26	716.637	0
11.689	1	190	169	54.6362	0
13.787	1	196	27	263.655	0
11.69	1	75	170	161.474	0
13.788	1	119	28	71.2393	0
11.691	1	87	171	1494.65	0
13.789	1	200	29	355.001	0
11.692	1	26	172	5969.6	0
13.79	1	55	30	99.1108	0
13.791	1	95	31	102.004	0
11.693	1	15	173	80.195	0
13.792	1	107	32	40.9679	0
11.694	1	7	174	135.937	0
11.695	1	164	175	500.478	0
11.696	1	191	176	480.574	0
13.793	1	101	33	175.322	0
11.697	1	131	177	110.264	0
13.794	1	116	34	921.411	0
11.698	1	122	178	248.217	0
13.795	1	61	35	282.223	0
13.796	1	111	36	427.867	0
13.797	1	3	37	98.8611	0
13.798	1	4	38	235.307	0
13.799	1	195	39	153.902	0
13.8	1	30	40	526.951	0
13.801	1	91	41	252.394	0
11.705	1	71	185	229.787	0
13.802	1	35	42	193.874	0
11.706	1	76	186	123.848	0
13.803	1	19	43	210.827	0
11.707	1	82	187	2732.95	0
13.804	1	176	44	180.569	0
11.708	1	184	188	397.137	0
13.805	1	32	45	140.737	0
11.709	1	68	189	38.5563	0
13.806	1	126	46	307.443	0
11.71	1	177	190	153.189	0
13.807	1	151	47	5469.18	0
11.711	1	24	191	289.683	0
13.808	1	160	48	142.981	0
11.712	1	117	192	79.1155	0
13.809	1	79	49	1948.73	0
11.713	1	159	193	1963.12	0
13.81	1	171	50	65.6123	0
11.714	1	22	194	282.809	0
13.811	1	175	51	2777.54	0
11.715	1	137	195	249.217	0
13.812	1	17	52	462.134	0
13.813	1	174	53	89.9537	0
11.716	1	156	196	93.5167	0
13.814	1	74	54	403.618	0
13.815	1	39	55	130.517	0
11.717	1	25	197	464.53	0
11.718	1	50	198	179.066	0
13.816	1	179	56	134.274	0
11.719	1	60	199	53.5512	0
11.72	1	36	200	446.059	0
13.817	1	194	57	1489.51	0
13.818	1	28	58	329.414	0
11.721	1	78	201	97.8767	0
13.819	1	80	59	56.4618	0
11.722	1	128	202	227.133	0
11.723	1	144	203	1646.54	0
13.82	1	105	60	111.518	0
11.724	1	178	204	157.93	0
11.725	1	192	205	49.3677	0
13.821	1	168	61	2643.16	0
13.822	1	73	62	2934.52	0
11.726	1	146	206	854.275	0
13.823	1	141	63	342.944	0
11.727	1	140	207	299.873	0
13.824	1	53	64	325.746	0
11.728	1	45	208	103.597	0
13.825	1	163	65	219.772	0
11.729	1	130	209	189.956	0
13.826	1	62	66	245.352	0
11.73	1	161	210	853.165	0
13.827	1	89	67	1604.2	0
11.731	1	153	211	111.182	0
11.732	1	124	212	264.89	0
13.828	1	173	68	248.347	0
11.733	1	167	213	221.573	0
13.829	1	112	69	695.125	0
13.83	1	93	70	78.1786	0
11.734	1	81	214	1257.68	0
13.831	1	136	71	73.5113	0
13.832	1	121	72	285.967	0
13.833	1	85	73	247.788	0
11.735	1	185	215	827.692	0
13.834	1	2	74	24.832	0
13.835	1	158	75	677.238	0
13.836	1	14	76	108.839	0
13.837	1	1	77	317.144	0
13.838	1	133	78	97.495	0
13.839	1	34	79	209.515	0
13.84	1	18	80	106.248	0
13.841	1	149	81	1830.15	0
13.842	1	108	82	341.478	0
13.843	1	97	83	8256.19	0
13.844	1	148	84	83.9188	0
13.845	1	51	85	385.039	0
13.846	1	9	86	880.47	0
13.847	1	132	87	330.84	0
13.848	1	181	88	131.587	0
13.849	1	43	89	167.634	0
13.85	1	84	90	334.782	0
13.851	1	183	91	781.038	0
13.852	1	44	92	506.263	0
13.853	1	77	93	502.192	0
13.854	1	31	94	846.976	0
13.855	1	57	95	151.908	0
13.856	1	172	96	38.5414	0
13.857	1	47	97	272.946	0
13.858	1	187	98	282.563	0
13.859	1	180	99	175.547	0
13.86	1	147	100	5455.85	0
13.861	1	46	101	308.41	0
13.862	1	155	102	138.983	0
13.863	1	21	103	225.216	0
13.864	1	6	104	129.423	0
13.865	1	29	105	81.6235	0
13.866	1	182	106	242.283	0
13.868	1	96	108	231.05	0
13.869	1	42	109	411.721	0
13.87	1	165	110	1523.75	0
13.871	1	69	111	6511.37	0
13.872	1	88	112	788.393	0
13.873	1	188	113	702.657	0
13.874	1	152	114	492.186	0
13.875	1	162	115	183.731	0
13.876	1	11	116	823.182	0
13.877	1	139	117	411.682	0
13.878	1	98	118	131.939	0
13.879	1	23	119	1378.32	0
13.88	1	10	120	1160.28	0
13.881	1	12	121	170.862	0
13.882	1	120	122	2697.27	0
13.883	1	150	123	105.239	0
13.884	1	8	124	186.981	0
13.885	1	16	125	397.494	0
13.886	1	169	126	92.4364	0
13.887	1	94	127	178.783	0
13.888	1	170	128	2486.83	0
13.889	1	54	129	146.113	0
13.89	1	125	130	358.247	0
13.891	1	90	131	1033.12	0
13.892	1	134	132	232.929	0
13.893	1	186	133	2399.99	0
13.894	1	67	134	5005.87	0
13.895	1	102	135	14088.3	0
13.896	1	63	136	3602.23	0
13.897	1	145	137	1386.12	0
13.898	1	127	138	164.466	0
13.9	1	154	140	2058.64	0
13.901	1	20	141	113.526	0
13.902	1	52	142	118.927	0
13.903	1	138	143	753.343	0
13.904	1	83	144	144.931	0
13.905	1	5	145	1644.08	0
13.906	1	109	146	341.216	0
13.907	1	33	147	3375.78	0
13.908	1	123	148	88.1787	0
13.909	1	99	149	804.385	0
13.91	1	104	150	170.885	0
13.911	1	113	151	3898.08	0
13.912	1	106	152	313.488	0
13.913	1	65	153	146.951	0
13.914	1	129	154	700.318	0
13.915	1	199	155	331.274	0
13.923	1	64	163	169.199	0
13.924	1	59	164	375.538	0
13.925	1	114	165	341.508	0
13.926	1	198	166	145.797	0
13.927	1	41	167	392.992	0
13.928	1	56	168	287.372	0
13.929	1	190	169	56.1665	0
13.93	1	75	170	199.783	0
13.931	1	87	171	1056.25	0
13.932	1	26	172	8775.19	0
13.933	1	15	173	186.331	0
11.841	1	143	1	474.169	0
13.934	1	7	174	258.608	0
11.842	1	70	2	86.1102	0
11.843	1	110	3	201.739	0
11.844	1	13	4	54.2508	0
13.935	1	164	175	709.771	0
11.845	1	66	5	201.174	0
11.846	1	72	6	110.411	0
13.936	1	191	176	477.159	0
11.847	1	103	7	701.308	0
11.848	1	92	8	679.865	0
11.849	1	157	9	354.674	0
13.937	1	131	177	123.209	0
11.85	1	27	10	120.533	0
13.938	1	122	178	240.803	0
11.851	1	58	11	15161.4	0
11.852	1	115	12	275.168	0
11.853	1	48	13	189.624	0
11.854	1	37	14	4120.11	0
11.855	1	135	15	483.5	0
11.856	1	193	16	460.232	0
11.857	1	197	17	252.275	0
11.858	1	38	18	167.808	0
11.859	1	189	19	1853.53	0
11.86	1	40	20	11235.9	0
11.861	1	142	21	591.904	0
11.862	1	86	22	713.061	0
13.945	1	71	185	134.611	0
11.863	1	100	23	741.015	0
11.864	1	166	24	179.482	0
11.865	1	118	25	518.176	0
13.946	1	76	186	121.694	0
11.866	1	49	26	445.965	0
11.867	1	196	27	213.866	0
11.868	1	119	28	145.343	0
13.947	1	82	187	4505.03	0
11.869	1	200	29	158.855	0
11.87	1	55	30	168.234	0
13.948	1	184	188	438.399	0
11.871	1	95	31	223.025	0
11.872	1	107	32	43.0113	0
13.949	1	68	189	61.5616	0
11.873	1	101	33	288.82	0
11.874	1	116	34	1992.13	0
13.95	1	177	190	82.8176	0
11.875	1	61	35	155.245	0
13.951	1	24	191	262.813	0
11.876	1	111	36	136.238	0
11.877	1	3	37	84.0635	0
11.878	1	4	38	358.873	0
13.952	1	117	192	61.6091	0
11.879	1	195	39	198.999	0
11.88	1	30	40	665.91	0
11.881	1	91	41	94.0995	0
13.953	1	159	193	3087.27	0
11.882	1	35	42	161.272	0
13.954	1	22	194	596.89	0
11.883	1	19	43	149.382	0
11.884	1	176	44	134.809	0
13.955	1	137	195	223.157	0
11.885	1	32	45	150.431	0
11.886	1	126	46	108.668	0
13.956	1	156	196	98.7404	0
11.887	1	151	47	7801.83	0
11.888	1	160	48	286.641	0
13.957	1	25	197	221.724	0
11.889	1	79	49	724.716	0
11.89	1	171	50	62.6681	0
13.958	1	50	198	490.756	0
11.891	1	175	51	3997.9	0
11.892	1	17	52	232.968	0
13.959	1	60	199	81.2921	0
11.893	1	174	53	48.9318	0
11.894	1	74	54	740.846	0
13.96	1	36	200	486.988	0
11.895	1	39	55	90.2788	0
11.896	1	179	56	110.847	0
11.897	1	194	57	509.601	0
13.961	1	78	201	114.302	0
11.898	1	28	58	340.594	0
11.899	1	80	59	58.7826	0
11.9	1	105	60	65.7942	0
13.962	1	128	202	270.353	0
11.901	1	168	61	1372.46	0
11.902	1	73	62	1587.55	0
13.963	1	144	203	2669.7	0
11.903	1	141	63	99.2204	0
11.904	1	53	64	321.776	0
13.964	1	178	204	373.736	0
11.905	1	163	65	112.948	0
11.906	1	62	66	250.424	0
13.965	1	192	205	80.748	0
11.907	1	89	67	3655.66	0
11.908	1	173	68	206.912	0
13.966	1	146	206	603.819	0
11.909	1	112	69	299.716	0
11.91	1	93	70	61.2268	0
13.967	1	140	207	1523.76	0
11.911	1	136	71	98.5633	0
11.912	1	121	72	173.951	0
13.968	1	45	208	76.8582	0
11.913	1	85	73	133.401	0
11.914	1	2	74	77.0306	0
11.915	1	158	75	3022.61	0
13.969	1	130	209	104.781	0
13.97	1	161	210	853.891	0
11.916	1	14	76	318.703	0
11.917	1	1	77	391.198	0
13.971	1	153	211	335.553	0
11.918	1	133	78	84.0224	0
11.919	1	34	79	158.123	0
13.972	1	124	212	152.433	0
11.92	1	18	80	106.615	0
13.973	1	167	213	105.354	0
11.921	1	149	81	2315.86	0
11.922	1	108	82	111.852	0
11.923	1	97	83	4983.4	0
13.974	1	81	214	1306.97	0
11.924	1	148	84	86.0055	0
11.925	1	51	85	423.525	0
11.926	1	9	86	584.941	0
13.975	1	185	215	396.313	0
11.927	1	132	87	260.399	0
11.928	1	181	88	122.135	0
11.929	1	43	89	278.992	0
11.93	1	84	90	144.35	0
11.931	1	183	91	741.294	0
11.932	1	44	92	333.051	0
11.933	1	77	93	845.103	0
11.934	1	31	94	322.302	0
11.935	1	57	95	109.015	0
11.936	1	172	96	204.873	0
11.937	1	47	97	823.656	0
11.938	1	187	98	267.165	0
11.939	1	180	99	193.407	0
11.94	1	147	100	2596.34	0
11.941	1	46	101	548.282	0
11.942	1	155	102	34.0874	0
11.943	1	21	103	437.346	0
11.944	1	6	104	147.926	0
11.945	1	29	105	106.662	0
11.946	1	182	106	177.574	0
11.948	1	96	108	282.516	0
11.949	1	42	109	220.756	0
11.95	1	165	110	1411.06	0
11.951	1	69	111	11834.5	0
11.952	1	88	112	726.233	0
11.953	1	188	113	981.703	0
11.954	1	152	114	773.683	0
11.955	1	162	115	527.975	0
11.956	1	11	116	344.463	0
11.957	1	139	117	869.28	0
11.958	1	98	118	85.6406	0
11.959	1	23	119	293.149	0
11.96	1	10	120	2423.46	0
11.961	1	12	121	725.767	0
11.962	1	120	122	754.275	0
11.963	1	150	123	310.281	0
11.964	1	8	124	106.068	0
11.965	1	16	125	179.569	0
11.966	1	169	126	44.3589	0
11.967	1	94	127	121.38	0
11.968	1	170	128	3518.64	0
11.969	1	54	129	197.639	0
11.97	1	125	130	147.848	0
11.971	1	90	131	650.401	0
11.972	1	134	132	63.5561	0
11.973	1	186	133	1270.74	0
11.974	1	67	134	4361.06	0
11.975	1	102	135	5153.83	0
11.976	1	63	136	2777.3	0
11.977	1	145	137	1828.93	0
11.978	1	127	138	105.898	0
11.98	1	154	140	763.321	0
11.981	1	20	141	132.094	0
11.982	1	52	142	137.684	0
11.983	1	138	143	565.215	0
11.984	1	83	144	40.6304	0
11.985	1	5	145	1574.73	0
11.986	1	109	146	88.4292	0
11.987	1	33	147	4709.25	0
11.988	1	123	148	32.0101	0
11.989	1	99	149	1186.96	0
11.99	1	104	150	79.3563	0
11.991	1	113	151	1688.16	0
11.992	1	106	152	280.25	0
11.993	1	65	153	59.235	0
11.994	1	129	154	391.619	0
11.995	1	199	155	176.145	0
12.003	1	64	163	459.256	0
12.004	1	59	164	662.173	0
12.005	1	114	165	60.4207	0
12.006	1	198	166	132.986	0
12.007	1	41	167	674.046	0
12.008	1	56	168	137.236	0
12.009	1	190	169	53.2446	0
12.01	1	75	170	321.415	0
12.011	1	87	171	659.865	0
12.012	1	26	172	3752.72	0
12.013	1	15	173	48.7521	0
12.014	1	7	174	282.16	0
12.015	1	164	175	298.932	0
12.016	1	191	176	148.625	0
12.017	1	131	177	381.848	0
12.018	1	122	178	256.443	0
12.025	1	71	185	119.506	0
12.026	1	76	186	281.356	0
12.027	1	82	187	5502.15	0
12.028	1	184	188	310.496	0
12.029	1	68	189	27.3028	0
12.03	1	177	190	225.008	0
12.031	1	24	191	213.749	0
12.032	1	117	192	44.0705	0
12.033	1	159	193	2895.86	0
12.034	1	22	194	606.681	0
12.035	1	137	195	240.34	0
12.036	1	156	196	115.828	0
12.037	1	25	197	274.396	0
12.038	1	50	198	176.275	0
12.039	1	60	199	155.622	0
12.04	1	36	200	317.599	0
14.081	1	143	1	535.353	0
14.082	1	70	2	131.526	0
12.041	1	78	201	479.202	0
14.083	1	110	3	59.2911	0
12.042	1	128	202	62.2392	0
14.084	1	13	4	58.9295	0
12.043	1	144	203	1866.49	0
12.044	1	178	204	193.939	0
14.085	1	66	5	175.201	0
14.086	1	72	6	107.428	0
12.045	1	192	205	53.8672	0
14.087	1	103	7	2050.12	0
12.046	1	146	206	921.216	0
14.088	1	92	8	578.492	0
12.047	1	140	207	786.776	0
14.089	1	157	9	583.967	0
12.048	1	45	208	129.13	0
14.09	1	27	10	70.3007	0
12.049	1	130	209	85.5462	0
12.05	1	161	210	766.054	0
14.091	1	58	11	1688.34	0
14.092	1	115	12	699.138	0
12.051	1	153	211	161.596	0
12.052	1	124	212	132.866	0
14.093	1	48	13	355.851	0
14.094	1	37	14	2730.77	0
12.053	1	167	213	408.77	0
12.054	1	81	214	886.528	0
14.095	1	135	15	634.6	0
14.096	1	193	16	371.391	0
12.055	1	185	215	510.019	0
14.097	1	197	17	338.783	0
14.098	1	38	18	137.883	0
14.099	1	189	19	695.461	0
14.1	1	40	20	8856.02	0
14.101	1	142	21	295.324	0
14.102	1	86	22	478.417	0
14.103	1	100	23	2250.69	0
14.104	1	166	24	86.4678	0
14.105	1	118	25	451.996	0
14.106	1	49	26	805.188	0
14.107	1	196	27	352.863	0
14.108	1	119	28	44.6817	0
14.109	1	200	29	108.625	0
14.11	1	55	30	85.3089	0
14.111	1	95	31	104.821	0
14.112	1	107	32	29.5037	0
14.113	1	101	33	165.092	0
14.114	1	116	34	620.197	0
14.115	1	61	35	132.457	0
14.116	1	111	36	587.166	0
14.117	1	3	37	88.752	0
14.118	1	4	38	144.639	0
14.119	1	195	39	375.503	0
14.12	1	30	40	305.28	0
14.121	1	91	41	210.816	0
14.122	1	35	42	98.5405	0
14.123	1	19	43	161.676	0
14.124	1	176	44	171.636	0
14.125	1	32	45	327.892	0
14.126	1	126	46	177.758	0
14.127	1	151	47	3655.11	0
14.128	1	160	48	195.029	0
14.129	1	79	49	2756.76	0
14.13	1	171	50	57.552	0
14.131	1	175	51	4681.25	0
14.132	1	17	52	176.802	0
14.133	1	174	53	88.2402	0
14.134	1	74	54	235.263	0
14.135	1	39	55	214.05	0
14.136	1	179	56	70.7745	0
14.137	1	194	57	2649.22	0
14.138	1	28	58	477.61	0
14.139	1	80	59	57.9897	0
14.14	1	105	60	68.8267	0
14.141	1	168	61	1456.93	0
14.142	1	73	62	3864.02	0
14.143	1	141	63	180.659	0
14.144	1	53	64	342.173	0
14.145	1	163	65	166.287	0
14.146	1	62	66	90.3002	0
14.147	1	89	67	3197.77	0
14.148	1	173	68	123.365	0
14.149	1	112	69	546.314	0
14.15	1	93	70	79.5815	0
14.151	1	136	71	102.996	0
14.152	1	121	72	295.759	0
14.153	1	85	73	228.528	0
14.154	1	2	74	154.63	0
14.155	1	158	75	1307.17	0
14.156	1	14	76	151.715	0
14.157	1	1	77	819.248	0
14.158	1	133	78	186.103	0
14.159	1	34	79	170.66	0
14.16	1	18	80	122.082	0
14.161	1	149	81	3004.54	0
14.162	1	108	82	278.454	0
14.163	1	97	83	6960.89	0
14.164	1	148	84	63.7482	0
14.165	1	51	85	449.372	0
14.166	1	9	86	463.883	0
14.167	1	132	87	374.269	0
14.168	1	181	88	170.379	0
14.169	1	43	89	478.547	0
14.17	1	84	90	86.6581	0
14.171	1	183	91	517.659	0
14.172	1	44	92	167.51	0
14.173	1	77	93	1380.3	0
14.174	1	31	94	375.485	0
14.175	1	57	95	115.608	0
14.176	1	172	96	226.725	0
14.177	1	47	97	242.968	0
14.178	1	187	98	274.171	0
14.179	1	180	99	101.024	0
14.18	1	147	100	1904.1	0
14.181	1	46	101	313.1	0
14.182	1	155	102	47.173	0
14.183	1	21	103	469.949	0
14.184	1	6	104	109.135	0
14.185	1	29	105	46.1013	0
14.186	1	182	106	231.819	0
14.188	1	96	108	155.889	0
14.189	1	42	109	349.063	0
14.19	1	165	110	1768.97	0
14.191	1	69	111	5970.07	0
14.192	1	88	112	664.894	0
14.193	1	188	113	1129.77	0
14.194	1	152	114	632.953	0
14.195	1	162	115	210.641	0
14.196	1	11	116	434.892	0
14.197	1	139	117	1558.12	0
14.198	1	98	118	93.2471	0
14.199	1	23	119	312.537	0
14.2	1	10	120	1343.91	0
14.201	1	12	121	520.529	0
12.161	1	143	1	359.08	0
14.202	1	120	122	1214.97	0
12.162	1	70	2	166.368	0
14.203	1	150	123	162.441	0
14.204	1	8	124	51.1386	0
12.163	1	110	3	245.187	0
12.164	1	13	4	23.8311	0
14.205	1	16	125	485.035	0
14.206	1	169	126	83.3913	0
12.165	1	66	5	409.311	0
12.166	1	72	6	221.975	0
14.207	1	94	127	307.555	0
14.208	1	170	128	1109.95	0
12.167	1	103	7	2150.28	0
12.168	1	92	8	953.253	0
14.209	1	54	129	155.472	0
14.21	1	125	130	221.963	0
12.169	1	157	9	528.47	0
12.17	1	27	10	95.804	0
14.211	1	90	131	1341.57	0
12.171	1	58	11	2345.86	0
14.212	1	134	132	238.125	0
12.172	1	115	12	645.244	0
14.213	1	186	133	935.256	0
12.173	1	48	13	284.367	0
14.214	1	67	134	8725.87	0
12.174	1	37	14	3158.82	0
14.215	1	102	135	5430.04	0
12.175	1	135	15	165.194	0
12.176	1	193	16	139.716	0
14.216	1	63	136	3214.92	0
12.177	1	197	17	138.416	0
12.178	1	38	18	86.1621	0
14.217	1	145	137	2676.15	0
12.179	1	189	19	1010.72	0
14.218	1	127	138	148.061	0
12.18	1	40	20	4005.92	0
12.181	1	142	21	214.502	0
12.182	1	86	22	427.632	0
14.22	1	154	140	755.19	0
12.183	1	100	23	1167.75	0
14.221	1	20	141	143.229	0
14.222	1	52	142	138.113	0
12.184	1	166	24	115.807	0
14.223	1	138	143	374.658	0
12.185	1	118	25	721.346	0
14.224	1	83	144	75.7994	0
12.186	1	49	26	392.69	0
14.225	1	5	145	2346.38	0
12.187	1	196	27	379.938	0
14.226	1	109	146	134.22	0
12.188	1	119	28	58.2558	0
14.227	1	33	147	1700.08	0
12.189	1	200	29	173.339	0
14.228	1	123	148	108.329	0
12.19	1	55	30	101.614	0
14.229	1	99	149	858.531	0
12.191	1	95	31	142.754	0
14.23	1	104	150	137.125	0
12.192	1	107	32	50.8967	0
14.231	1	113	151	1576.79	0
14.232	1	106	152	199.545	0
14.233	1	65	153	30.0552	0
12.193	1	101	33	278.826	0
12.194	1	116	34	837.28	0
14.234	1	129	154	332.901	0
12.195	1	61	35	67.736	0
12.196	1	111	36	537.577	0
14.235	1	199	155	266.602	0
12.197	1	3	37	39.8517	0
12.198	1	4	38	137.566	0
12.199	1	195	39	335.604	0
12.2	1	30	40	1271.63	0
12.201	1	91	41	172.461	0
12.202	1	35	42	203.763	0
12.203	1	19	43	158.53	0
12.204	1	176	44	120.545	0
14.243	1	64	163	368.754	0
14.244	1	59	164	390.971	0
12.205	1	32	45	156.353	0
14.245	1	114	165	163.462	0
12.206	1	126	46	247.687	0
14.246	1	198	166	85.8044	0
12.207	1	151	47	3432.54	0
14.247	1	41	167	227.845	0
12.208	1	160	48	383.479	0
14.248	1	56	168	128.112	0
12.209	1	79	49	1171.57	0
14.249	1	190	169	95.251	0
12.21	1	171	50	35.784	0
14.25	1	75	170	261.941	0
14.251	1	87	171	748.757	0
12.211	1	175	51	3539.57	0
12.212	1	17	52	121.917	0
12.213	1	174	53	111.984	0
14.252	1	26	172	4419.62	0
12.214	1	74	54	366.215	0
14.253	1	15	173	88.9807	0
12.215	1	39	55	70.0653	0
14.254	1	7	174	157.596	0
14.255	1	164	175	622.079	0
14.256	1	191	176	363.264	0
12.216	1	179	56	87.0166	0
14.257	1	131	177	330.597	0
12.217	1	194	57	1058.31	0
14.258	1	122	178	270.735	0
12.218	1	28	58	352.201	0
12.219	1	80	59	149.154	0
12.22	1	105	60	60.3324	0
12.221	1	168	61	1559.76	0
12.222	1	73	62	1398.14	0
12.223	1	141	63	98.4189	0
12.224	1	53	64	282.972	0
14.265	1	71	185	151.389	0
12.225	1	163	65	76.8053	0
14.266	1	76	186	680.015	0
12.226	1	62	66	294.699	0
14.267	1	82	187	1403.89	0
12.227	1	89	67	2949.12	0
14.268	1	184	188	343.481	0
12.228	1	173	68	221.277	0
14.269	1	68	189	94.1148	0
12.229	1	112	69	768.859	0
14.27	1	177	190	204.297	0
12.23	1	93	70	70.9259	0
14.271	1	24	191	343.098	0
12.231	1	136	71	115.539	0
14.272	1	117	192	165.353	0
12.232	1	121	72	536.294	0
14.273	1	159	193	3044.3	0
12.233	1	85	73	321.97	0
14.274	1	22	194	678.07	0
12.234	1	2	74	45.3151	0
14.275	1	137	195	254.71	0
12.235	1	158	75	1535.65	0
12.236	1	14	76	129.448	0
14.276	1	156	196	98.0846	0
12.237	1	1	77	167.705	0
12.238	1	133	78	339.902	0
14.277	1	25	197	511.933	0
12.239	1	34	79	53.4063	0
14.278	1	50	198	403.906	0
12.24	1	18	80	70.4816	0
14.279	1	60	199	61.9086	0
14.28	1	36	200	438.472	0
12.241	1	149	81	852.095	0
14.281	1	78	201	102.591	0
14.282	1	128	202	428.112	0
12.242	1	108	82	170.118	0
12.243	1	97	83	948.438	0
14.283	1	144	203	2046.38	0
12.244	1	148	84	73.0015	0
12.245	1	51	85	564.301	0
14.284	1	178	204	83.5538	0
12.246	1	9	86	663.705	0
14.285	1	192	205	82.9952	0
12.247	1	132	87	114.267	0
14.286	1	146	206	145.007	0
12.248	1	181	88	166.143	0
14.287	1	140	207	786.636	0
12.249	1	43	89	132.48	0
14.288	1	45	208	180.027	0
12.25	1	84	90	247.983	0
14.289	1	130	209	117.51	0
12.251	1	183	91	975.469	0
14.29	1	161	210	896.956	0
14.291	1	153	211	98.0899	0
12.252	1	44	92	283.396	0
14.292	1	124	212	116.504	0
12.253	1	77	93	612.048	0
12.254	1	31	94	328.273	0
14.293	1	167	213	633.627	0
14.294	1	81	214	1231.62	0
12.255	1	57	95	122.662	0
12.256	1	172	96	262.26	0
14.295	1	185	215	251.181	0
12.257	1	47	97	530.454	0
12.258	1	187	98	446.07	0
12.259	1	180	99	177.953	0
12.26	1	147	100	4849.17	0
12.261	1	46	101	386.96	0
12.262	1	155	102	165.99	0
12.263	1	21	103	272.69	0
12.264	1	6	104	345.87	0
12.265	1	29	105	50.5118	0
12.266	1	182	106	292.729	0
12.268	1	96	108	115.494	0
12.269	1	42	109	357.981	0
12.27	1	165	110	1666.96	0
12.271	1	69	111	9228.13	0
12.272	1	88	112	1153.48	0
12.273	1	188	113	1057.65	0
12.274	1	152	114	644.552	0
12.275	1	162	115	92.2821	0
12.276	1	11	116	399.931	0
12.277	1	139	117	943.458	0
12.278	1	98	118	290.696	0
12.279	1	23	119	293.052	0
12.28	1	10	120	5047.22	0
12.281	1	12	121	345.869	0
12.282	1	120	122	1725.44	0
12.283	1	150	123	406.706	0
12.284	1	8	124	292.983	0
12.285	1	16	125	278.515	0
12.286	1	169	126	64.7494	0
12.287	1	94	127	97.0532	0
12.288	1	170	128	3967.31	0
12.289	1	54	129	81.555	0
12.29	1	125	130	381.344	0
12.291	1	90	131	179.631	0
12.292	1	134	132	147.338	0
12.293	1	186	133	2189.57	0
12.294	1	67	134	6490.4	0
12.295	1	102	135	8107.16	0
12.296	1	63	136	3534.79	0
12.297	1	145	137	1004.13	0
12.298	1	127	138	53.0861	0
12.3	1	154	140	2535.28	0
12.301	1	20	141	44.6761	0
12.302	1	52	142	109.743	0
12.303	1	138	143	537.898	0
12.304	1	83	144	39.2884	0
12.305	1	5	145	4252.12	0
12.306	1	109	146	133.181	0
12.307	1	33	147	2911.4	0
12.308	1	123	148	68.474	0
12.309	1	99	149	697.807	0
12.31	1	104	150	223.832	0
12.311	1	113	151	2573.93	0
12.312	1	106	152	197.884	0
12.313	1	65	153	112.724	0
12.314	1	129	154	1054.09	0
12.315	1	199	155	231.912	0
12.323	1	64	163	436.992	0
12.324	1	59	164	847.133	0
12.325	1	114	165	477.453	0
12.326	1	198	166	140.778	0
12.327	1	41	167	302.937	0
12.328	1	56	168	104.719	0
12.329	1	190	169	83.3552	0
12.33	1	75	170	363.759	0
12.331	1	87	171	1202.18	0
12.332	1	26	172	1883.2	0
12.333	1	15	173	168.288	0
12.334	1	7	174	111.886	0
12.335	1	164	175	1131.66	0
12.336	1	191	176	266.752	0
12.337	1	131	177	263.264	0
12.338	1	122	178	263.211	0
12.345	1	71	185	102.11	0
12.346	1	76	186	228.532	0
12.347	1	82	187	3047.76	0
12.348	1	184	188	238.235	0
12.349	1	68	189	74.9409	0
12.35	1	177	190	185.574	0
12.351	1	24	191	174.356	0
12.352	1	117	192	40.6917	0
12.353	1	159	193	1935.69	0
12.354	1	22	194	711.481	0
12.355	1	137	195	248.543	0
12.356	1	156	196	217.647	0
12.357	1	25	197	422.71	0
12.358	1	50	198	74.3932	0
12.359	1	60	199	65.3365	0
12.36	1	36	200	600.127	0
12.361	1	78	201	156.218	0
14.401	1	143	1	659.242	0
12.362	1	128	202	437.947	0
14.402	1	70	2	112.541	0
12.363	1	144	203	2292.09	0
12.364	1	178	204	65.8601	0
14.403	1	110	3	153.517	0
14.404	1	13	4	66.6888	0
12.365	1	192	205	28.7368	0
12.366	1	146	206	332.08	0
14.405	1	66	5	313.501	0
14.406	1	72	6	237.693	0
12.367	1	140	207	442.683	0
12.368	1	45	208	230.389	0
14.407	1	103	7	2741.68	0
14.408	1	92	8	979.952	0
12.369	1	130	209	182.679	0
12.37	1	161	210	569.392	0
14.409	1	157	9	374.58	0
12.371	1	153	211	173.037	0
14.41	1	27	10	136.029	0
12.372	1	124	212	80.3066	0
14.411	1	58	11	3913.98	0
12.373	1	167	213	204.428	0
14.412	1	115	12	455.43	0
12.374	1	81	214	1006.92	0
14.413	1	48	13	329.5	0
14.414	1	37	14	3032.15	0
12.375	1	185	215	644.872	0
14.415	1	135	15	332.369	0
14.416	1	193	16	191.67	0
14.417	1	197	17	331.882	0
14.418	1	38	18	263.848	0
14.419	1	189	19	2180.68	0
14.42	1	40	20	3784.2	0
14.421	1	142	21	342.879	0
14.422	1	86	22	325.274	0
14.423	1	100	23	981.881	0
14.424	1	166	24	149.945	0
14.425	1	118	25	555.992	0
14.426	1	49	26	637.177	0
14.427	1	196	27	334.843	0
14.428	1	119	28	79.932	0
14.429	1	200	29	106.414	0
14.43	1	55	30	150.069	0
14.431	1	95	31	290.701	0
14.432	1	107	32	84.5454	0
14.433	1	101	33	240.269	0
14.434	1	116	34	2727.61	0
14.435	1	61	35	66.5994	0
14.436	1	111	36	329.381	0
14.437	1	3	37	47.7134	0
14.438	1	4	38	243.651	0
14.439	1	195	39	458.592	0
14.44	1	30	40	1069.21	0
14.441	1	91	41	193.801	0
14.442	1	35	42	210.967	0
14.443	1	19	43	263.199	0
14.444	1	176	44	212.406	0
14.445	1	32	45	211.698	0
14.446	1	126	46	271.765	0
14.447	1	151	47	1748.29	0
14.448	1	160	48	120.657	0
14.449	1	79	49	1425.6	0
14.45	1	171	50	42.3198	0
14.451	1	175	51	2366.1	0
14.452	1	17	52	173.657	0
14.453	1	174	53	171.223	0
14.454	1	74	54	408.277	0
14.455	1	39	55	245.007	0
14.456	1	179	56	79.3259	0
14.457	1	194	57	2059	0
14.458	1	28	58	421.56	0
14.459	1	80	59	151.458	0
14.46	1	105	60	150.627	0
14.461	1	168	61	881.644	0
14.462	1	73	62	1336.89	0
14.463	1	141	63	137.825	0
14.464	1	53	64	301.241	0
14.465	1	163	65	136.902	0
14.466	1	62	66	304.155	0
14.467	1	89	67	2758.48	0
14.468	1	173	68	242.81	0
14.469	1	112	69	1094.7	0
14.47	1	93	70	95.0432	0
14.471	1	136	71	64.0766	0
14.472	1	121	72	330.663	0
14.473	1	85	73	341.993	0
14.474	1	2	74	137.511	0
14.475	1	158	75	1550.1	0
14.476	1	14	76	267.564	0
14.477	1	1	77	670.892	0
14.478	1	133	78	69.5562	0
14.479	1	34	79	113.466	0
14.48	1	18	80	72.4542	0
14.481	1	149	81	573.653	0
14.482	1	108	82	101.868	0
14.483	1	97	83	5178.22	0
14.484	1	148	84	46.3532	0
14.485	1	51	85	279.754	0
14.486	1	9	86	485.408	0
14.487	1	132	87	184.57	0
14.488	1	181	88	135.295	0
14.489	1	43	89	328.632	0
14.49	1	84	90	150.934	0
14.491	1	183	91	2553.12	0
14.492	1	44	92	220.562	0
14.493	1	77	93	508.191	0
14.494	1	31	94	298.753	0
14.495	1	57	95	253.171	0
14.496	1	172	96	154.054	0
14.497	1	47	97	512.435	0
14.498	1	187	98	357.482	0
14.499	1	180	99	155.232	0
14.5	1	147	100	4811	0
14.501	1	46	101	450.684	0
14.502	1	155	102	113.293	0
14.503	1	21	103	214.226	0
14.504	1	6	104	147.381	0
14.505	1	29	105	96.9954	0
14.506	1	182	106	442.904	0
14.508	1	96	108	264.086	0
14.509	1	42	109	280.06	0
14.51	1	165	110	531.974	0
14.511	1	69	111	5393.85	0
14.512	1	88	112	722.413	0
14.513	1	188	113	1211.42	0
14.514	1	152	114	934.854	0
14.515	1	162	115	250.648	0
14.516	1	11	116	537.395	0
12.481	1	143	1	242.511	0
12.482	1	70	2	60.8461	0
12.483	1	110	3	126.168	0
14.517	1	139	117	1700.9	0
14.518	1	98	118	211.297	0
12.484	1	13	4	83.7015	0
14.519	1	23	119	588.285	0
12.485	1	66	5	93.3567	0
12.486	1	72	6	43.6493	0
14.52	1	10	120	4662.6	0
12.487	1	103	7	2299.39	0
12.488	1	92	8	719.017	0
14.521	1	12	121	272.229	0
14.522	1	120	122	1370.51	0
12.489	1	157	9	218.745	0
12.49	1	27	10	74.5164	0
14.523	1	150	123	290.775	0
14.524	1	8	124	129.049	0
12.491	1	58	11	12265.3	0
12.492	1	115	12	337.159	0
14.525	1	16	125	284.012	0
14.526	1	169	126	90.922	0
12.493	1	48	13	425.53	0
14.527	1	94	127	67.4463	0
12.494	1	37	14	6083.71	0
14.528	1	170	128	1880.32	0
12.495	1	135	15	170.951	0
14.529	1	54	129	156.596	0
12.496	1	193	16	271.636	0
14.53	1	125	130	504.93	0
12.497	1	197	17	335.457	0
12.498	1	38	18	107.99	0
14.531	1	90	131	949.101	0
14.532	1	134	132	129.159	0
12.499	1	189	19	1338.08	0
14.533	1	186	133	1278.56	0
12.5	1	40	20	6736.08	0
14.534	1	67	134	5848.5	0
12.501	1	142	21	276.548	0
12.502	1	86	22	879.212	0
14.535	1	102	135	3158.47	0
12.503	1	100	23	1509.15	0
14.536	1	63	136	5244.53	0
12.504	1	166	24	143.024	0
14.537	1	145	137	1076.13	0
12.505	1	118	25	230.029	0
14.538	1	127	138	172.212	0
12.506	1	49	26	472.395	0
12.507	1	196	27	514.348	0
14.54	1	154	140	1760.35	0
12.508	1	119	28	117.817	0
12.509	1	200	29	97.6502	0
14.541	1	20	141	124.482	0
12.51	1	55	30	91.7482	0
14.542	1	52	142	50.6918	0
12.511	1	95	31	154.645	0
12.512	1	107	32	86.297	0
14.543	1	138	143	221.11	0
14.544	1	83	144	224.241	0
12.513	1	101	33	207.953	0
12.514	1	116	34	1396.77	0
14.545	1	5	145	2284.95	0
14.546	1	109	146	185.121	0
12.515	1	61	35	228.359	0
14.547	1	33	147	1691.8	0
14.548	1	123	148	96.3475	0
12.516	1	111	36	525.449	0
14.549	1	99	149	593.456	0
14.55	1	104	150	88.7885	0
14.551	1	113	151	875.417	0
12.517	1	3	37	47.8126	0
12.518	1	4	38	213.958	0
14.552	1	106	152	98.6023	0
12.519	1	195	39	345.472	0
14.553	1	65	153	47.404	0
14.554	1	129	154	869.195	0
12.52	1	30	40	1342.06	0
14.555	1	199	155	215.248	0
12.521	1	91	41	184.106	0
12.522	1	35	42	160.886	0
12.523	1	19	43	166.123	0
12.524	1	176	44	180.649	0
12.525	1	32	45	240.957	0
12.526	1	126	46	240.521	0
12.527	1	151	47	8460.99	0
12.528	1	160	48	182.441	0
12.529	1	79	49	1012.09	0
12.53	1	171	50	213.574	0
14.563	1	64	163	331.506	0
12.531	1	175	51	2724.97	0
14.564	1	59	164	901.213	0
12.532	1	17	52	275.011	0
14.565	1	114	165	172.561	0
12.533	1	174	53	82.4985	0
14.566	1	198	166	95.2146	0
14.567	1	41	167	641.376	0
12.534	1	74	54	254.066	0
14.568	1	56	168	114.13	0
14.569	1	190	169	65.2933	0
12.535	1	39	55	305.654	0
14.57	1	75	170	497.682	0
12.536	1	179	56	61.2027	0
14.571	1	87	171	736.37	0
12.537	1	194	57	1067.52	0
14.572	1	26	172	3001.01	0
12.538	1	28	58	124.004	0
14.573	1	15	173	110.616	0
12.539	1	80	59	88.1961	0
12.54	1	105	60	131.889	0
14.574	1	7	174	168.229	0
14.575	1	164	175	274.157	0
12.541	1	168	61	4598.8	0
12.542	1	73	62	2173.47	0
14.576	1	191	176	232.034	0
12.543	1	141	63	56.3062	0
14.577	1	131	177	169.239	0
12.544	1	53	64	440.351	0
14.578	1	122	178	240.174	0
12.545	1	163	65	134.413	0
12.546	1	62	66	311.135	0
12.547	1	89	67	1891.28	0
12.548	1	173	68	180.505	0
12.549	1	112	69	285.85	0
12.55	1	93	70	141.703	0
12.551	1	136	71	243.155	0
12.552	1	121	72	220.992	0
14.585	1	71	185	106.1	0
14.586	1	76	186	153.85	0
12.553	1	85	73	142.893	0
12.554	1	2	74	100.793	0
14.587	1	82	187	3680.54	0
14.588	1	184	188	234.029	0
12.555	1	158	75	1126.29	0
12.556	1	14	76	324.611	0
14.589	1	68	189	26.9444	0
14.59	1	177	190	74.4644	0
12.557	1	1	77	815.71	0
12.558	1	133	78	216.308	0
14.591	1	24	191	142.787	0
14.592	1	117	192	74.1399	0
12.559	1	34	79	106.384	0
12.56	1	18	80	85.2687	0
14.593	1	159	193	1636.95	0
12.561	1	149	81	1030.63	0
14.594	1	22	194	400.237	0
14.595	1	137	195	329.93	0
12.562	1	108	82	570.729	0
14.596	1	156	196	400.163	0
12.563	1	97	83	11035	0
14.597	1	25	197	156.371	0
12.564	1	148	84	85.568	0
14.598	1	50	198	473.528	0
12.565	1	51	85	354.867	0
14.599	1	60	199	43.9632	0
12.566	1	9	86	424.509	0
14.6	1	36	200	560.869	0
12.567	1	132	87	107.88	0
12.568	1	181	88	161.081	0
14.601	1	78	201	158.384	0
12.569	1	43	89	335.195	0
14.602	1	128	202	257.184	0
12.57	1	84	90	292.033	0
14.603	1	144	203	2405.15	0
12.571	1	183	91	280.256	0
12.572	1	44	92	281.301	0
14.604	1	178	204	138.949	0
12.573	1	77	93	1026.13	0
14.605	1	192	205	120.742	0
14.606	1	146	206	810.653	0
12.574	1	31	94	280.45	0
14.607	1	140	207	291.642	0
14.608	1	45	208	85.1069	0
12.575	1	57	95	140.456	0
14.609	1	130	209	152.825	0
14.61	1	161	210	655.199	0
12.576	1	172	96	178.475	0
14.611	1	153	211	282.331	0
12.577	1	47	97	221.692	0
14.612	1	124	212	205.843	0
12.578	1	187	98	338.563	0
14.613	1	167	213	260.681	0
12.579	1	180	99	102.512	0
14.614	1	81	214	553.107	0
12.58	1	147	100	3647.48	0
14.615	1	185	215	563.714	0
12.581	1	46	101	356.597	0
12.582	1	155	102	103.046	0
12.583	1	21	103	332.488	0
12.584	1	6	104	150.429	0
12.585	1	29	105	92.4192	0
12.586	1	182	106	124.553	0
12.588	1	96	108	124.588	0
12.589	1	42	109	313.916	0
12.59	1	165	110	1049.35	0
12.591	1	69	111	5338.07	0
12.592	1	88	112	678.332	0
12.593	1	188	113	478.785	0
12.594	1	152	114	520.355	0
12.595	1	162	115	120.771	0
12.596	1	11	116	638.54	0
12.597	1	139	117	1651.78	0
12.598	1	98	118	316.564	0
12.599	1	23	119	415.507	0
12.6	1	10	120	1183.34	0
12.601	1	12	121	320.554	0
12.602	1	120	122	1680.86	0
12.603	1	150	123	249.691	0
12.604	1	8	124	116.479	0
12.605	1	16	125	558.273	0
12.606	1	169	126	72.3703	0
12.607	1	94	127	112.654	0
12.608	1	170	128	2339.78	0
12.609	1	54	129	132.871	0
12.61	1	125	130	221.004	0
12.611	1	90	131	508.055	0
12.612	1	134	132	172.406	0
12.613	1	186	133	2200.73	0
12.614	1	67	134	6492.61	0
12.615	1	102	135	6515.24	0
12.616	1	63	136	6079.05	0
12.617	1	145	137	1005.8	0
12.618	1	127	138	281.148	0
12.62	1	154	140	1169.56	0
12.621	1	20	141	221.737	0
12.622	1	52	142	109.317	0
12.623	1	138	143	443.986	0
12.624	1	83	144	68.1659	0
12.625	1	5	145	858.716	0
12.626	1	109	146	383.073	0
12.627	1	33	147	1289.31	0
12.628	1	123	148	77.7678	0
12.629	1	99	149	1212.09	0
12.63	1	104	150	161.938	0
12.631	1	113	151	968.233	0
12.632	1	106	152	84.9705	0
12.633	1	65	153	26.5205	0
12.634	1	129	154	705.723	0
12.635	1	199	155	229.868	0
12.643	1	64	163	288.069	0
12.644	1	59	164	256.285	0
12.645	1	114	165	85.2203	0
12.646	1	198	166	196.357	0
12.647	1	41	167	544.605	0
12.648	1	56	168	231.673	0
12.649	1	190	169	62.0112	0
12.65	1	75	170	366.579	0
12.651	1	87	171	770.076	0
12.652	1	26	172	3861.32	0
12.653	1	15	173	131.876	0
12.654	1	7	174	213.285	0
12.655	1	164	175	556.389	0
12.656	1	191	176	384.291	0
12.657	1	131	177	372.642	0
12.658	1	122	178	143.328	0
12.665	1	71	185	236.369	0
12.666	1	76	186	113.58	0
12.667	1	82	187	5302.79	0
12.668	1	184	188	429.576	0
12.669	1	68	189	51.3415	0
12.67	1	177	190	125.103	0
12.671	1	24	191	63.1323	0
12.672	1	117	192	91.2111	0
12.673	1	159	193	3095.1	0
12.674	1	22	194	317.074	0
12.675	1	137	195	543.805	0
12.676	1	156	196	152.185	0
12.677	1	25	197	256.587	0
12.678	1	50	198	142.931	0
12.679	1	60	199	88.2719	0
12.68	1	36	200	697.595	0
12.681	1	78	201	196.666	0
12.682	1	128	202	260.006	0
12.683	1	144	203	2164.37	0
12.684	1	178	204	159.94	0
12.685	1	192	205	104.663	0
12.686	1	146	206	220.169	0
14.721	1	143	1	368.682	0
14.722	1	70	2	190.845	0
12.687	1	140	207	731.739	0
12.688	1	45	208	184.981	0
14.723	1	110	3	122.031	0
14.724	1	13	4	57.6124	0
12.689	1	130	209	73.3648	0
12.69	1	161	210	1565.19	0
14.725	1	66	5	91.9705	0
12.691	1	153	211	257.162	0
14.726	1	72	6	112.957	0
12.692	1	124	212	139.466	0
14.727	1	103	7	1674.58	0
14.728	1	92	8	1646.16	0
12.693	1	167	213	272.697	0
14.729	1	157	9	243.858	0
12.694	1	81	214	870.847	0
14.73	1	27	10	141.925	0
12.695	1	185	215	593.574	0
14.731	1	58	11	2425.52	0
14.732	1	115	12	238.682	0
14.733	1	48	13	178.137	0
14.734	1	37	14	4753	0
14.735	1	135	15	302.692	0
14.736	1	193	16	225.423	0
14.737	1	197	17	258.777	0
14.738	1	38	18	67.123	0
14.739	1	189	19	2692.95	0
14.74	1	40	20	6394.23	0
14.741	1	142	21	310.007	0
14.742	1	86	22	490.872	0
14.743	1	100	23	1776.53	0
14.744	1	166	24	78.7895	0
14.745	1	118	25	627.871	0
14.746	1	49	26	519.636	0
14.747	1	196	27	460.99	0
14.748	1	119	28	84.4545	0
14.749	1	200	29	140.872	0
14.75	1	55	30	58.5845	0
14.751	1	95	31	360.571	0
14.752	1	107	32	32.1962	0
14.753	1	101	33	295.881	0
14.754	1	116	34	1742.86	0
14.755	1	61	35	61.7883	0
14.756	1	111	36	306.32	0
14.757	1	3	37	83.9793	0
14.758	1	4	38	315.003	0
14.759	1	195	39	282.807	0
14.76	1	30	40	387.874	0
14.761	1	91	41	138.144	0
14.762	1	35	42	353.774	0
14.763	1	19	43	77.0891	0
14.764	1	176	44	389.144	0
14.765	1	32	45	155.105	0
14.766	1	126	46	216.88	0
14.767	1	151	47	10955.3	0
14.768	1	160	48	408.755	0
14.769	1	79	49	1124.87	0
14.77	1	171	50	51.7533	0
14.771	1	175	51	3865.06	0
14.772	1	17	52	146.532	0
14.773	1	174	53	34.4587	0
14.774	1	74	54	415.765	0
14.775	1	39	55	307.135	0
14.776	1	179	56	56.0197	0
14.777	1	194	57	1494.5	0
14.778	1	28	58	514.101	0
14.779	1	80	59	98.5781	0
14.78	1	105	60	200.509	0
14.781	1	168	61	1907.81	0
14.782	1	73	62	3031.3	0
14.783	1	141	63	67.6985	0
14.784	1	53	64	334.69	0
14.785	1	163	65	190.344	0
14.786	1	62	66	402.903	0
14.787	1	89	67	2084.95	0
14.788	1	173	68	242.097	0
14.789	1	112	69	490.612	0
14.79	1	93	70	67.8383	0
14.791	1	136	71	85.7473	0
14.792	1	121	72	277.199	0
14.793	1	85	73	363.365	0
14.794	1	2	74	66.0179	0
14.795	1	158	75	2489.85	0
14.796	1	14	76	170.666	0
14.797	1	1	77	322.684	0
14.798	1	133	78	200.323	0
14.799	1	34	79	118.09	0
14.8	1	18	80	62.9695	0
14.801	1	149	81	1955.62	0
14.802	1	108	82	322.079	0
14.803	1	97	83	7300.93	0
14.804	1	148	84	54.441	0
14.805	1	51	85	295.2	0
14.806	1	9	86	554.785	0
14.807	1	132	87	388.402	0
14.808	1	181	88	189.823	0
14.809	1	43	89	370.869	0
14.81	1	84	90	126.659	0
14.811	1	183	91	493.226	0
14.812	1	44	92	259.769	0
14.813	1	77	93	462.079	0
14.814	1	31	94	312.602	0
14.815	1	57	95	118.83	0
14.816	1	172	96	225.035	0
14.817	1	47	97	581.356	0
14.818	1	187	98	186.811	0
14.819	1	180	99	100.875	0
14.82	1	147	100	10049.5	0
14.821	1	46	101	401.753	0
14.822	1	155	102	63.397	0
14.823	1	21	103	195.209	0
14.824	1	6	104	194.618	0
14.825	1	29	105	67.7318	0
14.826	1	182	106	203.841	0
14.828	1	96	108	455.269	0
14.829	1	42	109	488.475	0
14.83	1	165	110	769.521	0
14.831	1	69	111	9363.65	0
14.832	1	88	112	955.048	0
14.833	1	188	113	1621.31	0
14.834	1	152	114	193.594	0
14.835	1	162	115	148.802	0
14.836	1	11	116	472.83	0
14.837	1	139	117	1205.17	0
14.838	1	98	118	221.397	0
12.801	1	143	1	540.785	0
14.839	1	23	119	1223.46	0
12.802	1	70	2	134.906	0
14.84	1	10	120	2365.63	0
12.803	1	110	3	245.895	0
12.804	1	13	4	94.5833	0
14.841	1	12	121	309.396	0
12.805	1	66	5	249.388	0
14.842	1	120	122	2586.59	0
12.806	1	72	6	76.4532	0
14.843	1	150	123	75.9162	0
14.844	1	8	124	68.4232	0
12.807	1	103	7	2076.52	0
12.808	1	92	8	1287.71	0
14.845	1	16	125	268.446	0
14.846	1	169	126	63.4904	0
12.809	1	157	9	380.14	0
14.847	1	94	127	254.531	0
12.81	1	27	10	88.0002	0
14.848	1	170	128	2956.88	0
12.811	1	58	11	7594.05	0
14.849	1	54	129	112.792	0
12.812	1	115	12	279.814	0
14.85	1	125	130	488.63	0
12.813	1	48	13	515.721	0
14.851	1	90	131	1339.51	0
12.814	1	37	14	2116.77	0
12.815	1	135	15	445.635	0
14.852	1	134	132	132.884	0
14.853	1	186	133	2639.84	0
14.854	1	67	134	3591.74	0
12.816	1	193	16	180.263	0
14.855	1	102	135	8830.75	0
14.856	1	63	136	3876.49	0
12.817	1	197	17	331.843	0
14.857	1	145	137	1576.53	0
12.818	1	38	18	59.7802	0
12.819	1	189	19	173.074	0
14.858	1	127	138	62.703	0
12.82	1	40	20	3489.5	0
14.86	1	154	140	888.378	0
12.821	1	142	21	414.091	0
12.822	1	86	22	1514.12	0
14.861	1	20	141	182.492	0
12.823	1	100	23	1470.4	0
14.862	1	52	142	63.9278	0
12.824	1	166	24	251.778	0
14.863	1	138	143	811.594	0
12.825	1	118	25	645.69	0
14.864	1	83	144	90.196	0
12.826	1	49	26	390.965	0
12.827	1	196	27	185.845	0
14.865	1	5	145	1533.85	0
12.828	1	119	28	87.2028	0
14.866	1	109	146	158.028	0
12.829	1	200	29	160.889	0
14.867	1	33	147	2795.6	0
12.83	1	55	30	101.174	0
14.868	1	123	148	79.4704	0
12.831	1	95	31	173.922	0
14.869	1	99	149	1299.57	0
12.832	1	107	32	29.0173	0
14.87	1	104	150	131.029	0
12.833	1	101	33	151.734	0
14.871	1	113	151	2221.08	0
14.872	1	106	152	110.459	0
12.834	1	116	34	3684.11	0
14.873	1	65	153	97.5944	0
14.874	1	129	154	549.863	0
12.835	1	61	35	108.768	0
12.836	1	111	36	303.712	0
12.837	1	3	37	94.7754	0
14.875	1	199	155	106.836	0
12.838	1	4	38	169.327	0
12.839	1	195	39	274.839	0
12.84	1	30	40	273.673	0
12.841	1	91	41	151.368	0
12.842	1	35	42	283.747	0
12.843	1	19	43	70.8835	0
12.844	1	176	44	317.692	0
12.845	1	32	45	146.681	0
14.883	1	64	163	388.418	0
12.846	1	126	46	397.046	0
12.847	1	151	47	6513.45	0
14.884	1	59	164	406.322	0
12.848	1	160	48	549.624	0
14.885	1	114	165	289.569	0
12.849	1	79	49	1796.32	0
14.886	1	198	166	85.7267	0
12.85	1	171	50	49.251	0
14.887	1	41	167	402.546	0
12.851	1	175	51	3464.11	0
14.888	1	56	168	244.557	0
14.889	1	190	169	136.021	0
12.852	1	17	52	325.152	0
14.89	1	75	170	388.718	0
12.853	1	174	53	50.6597	0
14.891	1	87	171	642.696	0
12.854	1	74	54	715.218	0
14.892	1	26	172	7630.9	0
12.855	1	39	55	109.736	0
12.856	1	179	56	75.5564	0
14.893	1	15	173	169.382	0
12.857	1	194	57	804.171	0
14.894	1	7	174	123.467	0
12.858	1	28	58	900.015	0
14.895	1	164	175	178.859	0
12.859	1	80	59	69.5079	0
14.896	1	191	176	160.95	0
12.86	1	105	60	203.506	0
14.897	1	131	177	279.666	0
14.898	1	122	178	373.996	0
12.861	1	168	61	1748.82	0
12.862	1	73	62	3879.37	0
12.863	1	141	63	102.058	0
12.864	1	53	64	227.686	0
12.865	1	163	65	248.141	0
12.866	1	62	66	487.747	0
12.867	1	89	67	3425.52	0
14.905	1	71	185	151.037	0
12.868	1	173	68	86.9411	0
14.906	1	76	186	95.3402	0
12.869	1	112	69	712.649	0
14.907	1	82	187	2441.14	0
12.87	1	93	70	37.3099	0
14.908	1	184	188	271.249	0
12.871	1	136	71	86.3311	0
12.872	1	121	72	181.094	0
14.909	1	68	189	82.4794	0
14.91	1	177	190	163.475	0
12.873	1	85	73	42.0507	0
14.911	1	24	191	322.118	0
12.874	1	2	74	90.332	0
14.912	1	117	192	32.1909	0
12.875	1	158	75	1144.45	0
14.913	1	159	193	2763.91	0
14.914	1	22	194	537.715	0
12.876	1	14	76	263.822	0
14.915	1	137	195	503.894	0
12.877	1	1	77	617.233	0
12.878	1	133	78	292.705	0
12.879	1	34	79	185.093	0
14.916	1	156	196	183.037	0
12.88	1	18	80	94.1504	0
12.881	1	149	81	1566.4	0
12.882	1	108	82	319.422	0
14.917	1	25	197	390.318	0
14.918	1	50	198	195.566	0
12.883	1	97	83	17709.2	0
14.919	1	60	199	83.1099	0
12.884	1	148	84	126.052	0
14.92	1	36	200	517.528	0
12.885	1	51	85	571.856	0
14.921	1	78	201	290.418	0
12.886	1	9	86	526.13	0
14.922	1	128	202	269.258	0
12.887	1	132	87	66.7821	0
14.923	1	144	203	2357.2	0
12.888	1	181	88	173.324	0
14.924	1	178	204	120.151	0
12.889	1	43	89	480.349	0
14.925	1	192	205	48.3538	0
12.89	1	84	90	227.576	0
14.926	1	146	206	473.396	0
12.891	1	183	91	587.443	0
14.927	1	140	207	520.216	0
12.892	1	44	92	275.175	0
14.928	1	45	208	297.693	0
14.929	1	130	209	108.074	0
14.93	1	161	210	356.585	0
12.893	1	77	93	571.638	0
12.894	1	31	94	421.962	0
14.931	1	153	211	139.136	0
12.895	1	57	95	137.53	0
14.932	1	124	212	229.572	0
12.896	1	172	96	107.169	0
14.933	1	167	213	434.356	0
12.897	1	47	97	1031.22	0
12.898	1	187	98	242.621	0
12.899	1	180	99	144.31	0
12.9	1	147	100	4385.45	0
12.901	1	46	101	231.389	0
12.902	1	155	102	143.948	0
12.903	1	21	103	253.062	0
12.904	1	6	104	122.377	0
12.905	1	29	105	111.939	0
14.934	1	81	214	1433.97	0
12.906	1	182	106	223.625	0
12.908	1	96	108	102.176	0
14.935	1	185	215	384.779	0
12.909	1	42	109	347.353	0
12.91	1	165	110	833.923	0
12.911	1	69	111	2579.82	0
12.912	1	88	112	957.861	0
12.913	1	188	113	497.589	0
12.914	1	152	114	1947.74	0
12.915	1	162	115	155.648	0
12.916	1	11	116	633.775	0
12.917	1	139	117	2534.12	0
12.918	1	98	118	119.85	0
12.919	1	23	119	370.859	0
12.92	1	10	120	4954.71	0
12.921	1	12	121	111.75	0
12.922	1	120	122	2269.8	0
12.923	1	150	123	254.705	0
12.924	1	8	124	241.229	0
12.925	1	16	125	169.72	0
12.926	1	169	126	43.556	0
12.927	1	94	127	106.082	0
12.928	1	170	128	1418.25	0
12.929	1	54	129	98.4774	0
12.93	1	125	130	458.675	0
12.931	1	90	131	466.877	0
12.932	1	134	132	38.4798	0
12.933	1	186	133	2815.04	0
12.934	1	67	134	5419.89	0
12.935	1	102	135	4916.65	0
12.936	1	63	136	3802.93	0
12.937	1	145	137	2070.05	0
12.938	1	127	138	91.6439	0
12.94	1	154	140	1309.38	0
12.941	1	20	141	173.883	0
12.942	1	52	142	50.2374	0
12.943	1	138	143	440.214	0
12.944	1	83	144	121.442	0
12.945	1	5	145	1143.21	0
12.946	1	109	146	307.568	0
12.947	1	33	147	4725.78	0
12.948	1	123	148	48.1059	0
12.949	1	99	149	735.588	0
12.95	1	104	150	130.863	0
12.951	1	113	151	2506.63	0
12.952	1	106	152	153.54	0
12.953	1	65	153	57.4833	0
12.954	1	129	154	518.871	0
12.955	1	199	155	113.121	0
12.963	1	64	163	216.888	0
12.964	1	59	164	1281.24	0
12.965	1	114	165	112.209	0
12.966	1	198	166	116.125	0
12.967	1	41	167	717.269	0
12.968	1	56	168	252.302	0
12.969	1	190	169	43.476	0
12.97	1	75	170	240.013	0
12.971	1	87	171	379.292	0
12.972	1	26	172	3885.47	0
12.973	1	15	173	166.769	0
12.974	1	7	174	197.344	0
12.975	1	164	175	521.26	0
12.976	1	191	176	66.4148	0
12.977	1	131	177	257.955	0
12.978	1	122	178	141.869	0
12.985	1	71	185	96.7817	0
12.986	1	76	186	156.775	0
12.987	1	82	187	2743.53	0
12.988	1	184	188	145.803	0
12.989	1	68	189	68.9248	0
12.99	1	177	190	83.2519	0
12.991	1	24	191	228.263	0
12.992	1	117	192	46.3821	0
12.993	1	159	193	2927.62	0
12.994	1	22	194	548.295	0
12.995	1	137	195	146.14	0
12.996	1	156	196	97.8181	0
12.997	1	25	197	258.304	0
12.998	1	50	198	185.297	0
12.999	1	60	199	60.3099	0
13	1	36	200	513.343	0
13.001	1	78	201	81.6594	0
13.002	1	128	202	247.171	0
13.003	1	144	203	2805.07	0
13.004	1	178	204	119.646	0
13.005	1	192	205	62.689	0
13.006	1	146	206	379.031	0
13.007	1	140	207	894.549	0
13.008	1	45	208	79.9186	0
13.009	1	130	209	154.912	0
13.01	1	161	210	1022.59	0
13.011	1	153	211	84.7903	0
13.012	1	124	212	186.618	0
13.013	1	167	213	350.196	0
13.014	1	81	214	1206.02	0
13.015	1	185	215	250.492	0
15.041	1	143	1	537.576	0
15.042	1	70	2	122.374	0
15.043	1	110	3	185.759	0
15.044	1	13	4	84.7391	0
15.045	1	66	5	119.015	0
15.046	1	72	6	141.015	0
15.047	1	103	7	1315.6	0
15.048	1	92	8	415.819	0
15.049	1	157	9	687.942	0
15.05	1	27	10	125.885	0
15.051	1	58	11	4715.74	0
15.052	1	115	12	733.405	0
15.053	1	48	13	264.92	0
15.054	1	37	14	3309.52	0
15.055	1	135	15	469.099	0
15.056	1	193	16	216.966	0
15.057	1	197	17	562.726	0
15.058	1	38	18	123.591	0
15.059	1	189	19	484.817	0
15.06	1	40	20	5891.07	0
15.061	1	142	21	655.481	0
15.062	1	86	22	241.64	0
15.063	1	100	23	3668.2	0
15.064	1	166	24	229.831	0
15.065	1	118	25	251.19	0
15.066	1	49	26	475.985	0
15.067	1	196	27	644.299	0
15.068	1	119	28	81.6227	0
15.069	1	200	29	161.567	0
15.07	1	55	30	60.6	0
15.071	1	95	31	318.642	0
15.072	1	107	32	40.5963	0
15.073	1	101	33	144.674	0
15.074	1	116	34	1460.97	0
15.075	1	61	35	206.57	0
15.076	1	111	36	316.127	0
15.077	1	3	37	69.8045	0
15.078	1	4	38	108.93	0
15.079	1	195	39	289.211	0
15.08	1	30	40	745.482	0
15.081	1	91	41	153.232	0
15.082	1	35	42	187.735	0
15.083	1	19	43	143.153	0
15.084	1	176	44	235.195	0
15.085	1	32	45	290.742	0
15.086	1	126	46	235.414	0
15.087	1	151	47	1246.67	0
15.088	1	160	48	413.754	0
15.089	1	79	49	1772.13	0
15.09	1	171	50	45.6908	0
15.091	1	175	51	5332.23	0
15.092	1	17	52	361.258	0
15.093	1	174	53	53.4154	0
15.094	1	74	54	582.327	0
15.095	1	39	55	199.183	0
15.096	1	179	56	51.4705	0
15.097	1	194	57	616.386	0
15.098	1	28	58	560.31	0
15.099	1	80	59	55.6932	0
15.1	1	105	60	126.169	0
15.101	1	168	61	1506.75	0
15.102	1	73	62	1828.25	0
15.103	1	141	63	200.025	0
13.121	1	143	1	345.736	0
15.104	1	53	64	289.183	0
13.122	1	70	2	97.8308	0
13.123	1	110	3	168.53	0
15.105	1	163	65	123.831	0
13.124	1	13	4	90.3859	0
15.106	1	62	66	158.69	0
13.125	1	66	5	81.2257	0
15.107	1	89	67	1480.19	0
15.108	1	173	68	228.854	0
13.126	1	72	6	183.445	0
15.109	1	112	69	893.522	0
13.127	1	103	7	937.396	0
15.11	1	93	70	87.1281	0
13.128	1	92	8	512.497	0
15.111	1	136	71	117.421	0
13.129	1	157	9	548.031	0
15.112	1	121	72	137.184	0
13.13	1	27	10	96.8991	0
15.113	1	85	73	105.964	0
13.131	1	58	11	11438.7	0
15.114	1	2	74	175.506	0
13.132	1	115	12	183.617	0
15.115	1	158	75	1604.23	0
13.133	1	48	13	363.093	0
13.134	1	37	14	4591.59	0
15.116	1	14	76	372.336	0
13.135	1	135	15	167.369	0
13.136	1	193	16	295.677	0
15.117	1	1	77	155.627	0
15.118	1	133	78	85.1347	0
13.137	1	197	17	406.773	0
13.138	1	38	18	124.569	0
15.119	1	34	79	92.3412	0
13.139	1	189	19	1993.25	0
13.14	1	40	20	5020.57	0
15.12	1	18	80	49.8018	0
15.121	1	149	81	467.132	0
15.122	1	108	82	306.823	0
13.141	1	142	21	778.825	0
15.123	1	97	83	2315.4	0
13.142	1	86	22	458.319	0
15.124	1	148	84	94.0257	0
15.125	1	51	85	430.502	0
13.143	1	100	23	2154.94	0
13.144	1	166	24	189.637	0
15.126	1	9	86	546.924	0
13.145	1	118	25	343.869	0
15.127	1	132	87	146.02	0
15.128	1	181	88	100.582	0
13.146	1	49	26	730.049	0
15.129	1	43	89	376.712	0
13.147	1	196	27	308.374	0
15.13	1	84	90	485.482	0
13.148	1	119	28	77.1494	0
13.149	1	200	29	154.469	0
15.131	1	183	91	584.18	0
13.15	1	55	30	101.431	0
15.132	1	44	92	275.889	0
15.133	1	77	93	596.091	0
13.151	1	95	31	129.518	0
15.134	1	31	94	292.283	0
13.152	1	107	32	79.2024	0
13.153	1	101	33	221.308	0
15.135	1	57	95	139.298	0
13.154	1	116	34	2455.97	0
15.136	1	172	96	165.358	0
13.155	1	61	35	177.917	0
15.137	1	47	97	360.535	0
13.156	1	111	36	187.623	0
15.138	1	187	98	479.157	0
13.157	1	3	37	136.583	0
15.139	1	180	99	211.98	0
13.158	1	4	38	244.504	0
15.14	1	147	100	8951.52	0
13.159	1	195	39	230.937	0
13.16	1	30	40	1180.43	0
15.141	1	46	101	236.236	0
13.161	1	91	41	199.135	0
15.142	1	155	102	138.011	0
13.162	1	35	42	114.132	0
15.143	1	21	103	350.543	0
15.144	1	6	104	169.463	0
13.163	1	19	43	311.06	0
13.164	1	176	44	149.943	0
15.145	1	29	105	76.2545	0
15.146	1	182	106	510.943	0
13.165	1	32	45	254.02	0
13.166	1	126	46	157.091	0
15.148	1	96	108	177.285	0
13.167	1	151	47	9078.6	0
15.149	1	42	109	247.275	0
13.168	1	160	48	296.291	0
15.15	1	165	110	1748.13	0
13.169	1	79	49	2537.37	0
13.17	1	171	50	121.323	0
15.151	1	69	111	6782.35	0
13.171	1	175	51	7666.62	0
13.172	1	17	52	378.285	0
15.152	1	88	112	957.437	0
13.173	1	174	53	107.448	0
15.153	1	188	113	1225.43	0
13.174	1	74	54	439.13	0
15.154	1	152	114	550.454	0
13.175	1	39	55	131.869	0
15.155	1	162	115	210.138	0
15.156	1	11	116	481.009	0
13.176	1	179	56	80.3351	0
15.157	1	139	117	1300.27	0
13.177	1	194	57	1439.27	0
13.178	1	28	58	186.182	0
15.158	1	98	118	107.159	0
13.179	1	80	59	109.306	0
13.18	1	105	60	107.156	0
15.159	1	23	119	205.415	0
15.16	1	10	120	4135.85	0
13.181	1	168	61	948.386	0
13.182	1	73	62	4411.3	0
15.161	1	12	121	488.585	0
13.183	1	141	63	149.828	0
15.162	1	120	122	2115.3	0
15.163	1	150	123	179.54	0
13.184	1	53	64	162.246	0
15.164	1	8	124	71.1661	0
13.185	1	163	65	199.615	0
15.165	1	16	125	261.593	0
13.186	1	62	66	156.162	0
15.166	1	169	126	56.565	0
13.187	1	89	67	3390.33	0
13.188	1	173	68	180.312	0
15.167	1	94	127	160.122	0
15.168	1	170	128	3291.21	0
13.189	1	112	69	1001.22	0
13.19	1	93	70	156.034	0
15.169	1	54	129	307.812	0
15.17	1	125	130	383.936	0
13.191	1	136	71	139.441	0
13.192	1	121	72	145.327	0
15.171	1	90	131	670.498	0
15.172	1	134	132	193.454	0
15.173	1	186	133	1897.12	0
13.193	1	85	73	210.189	0
13.194	1	2	74	55.6502	0
15.174	1	67	134	9340.66	0
13.195	1	158	75	1098.69	0
13.196	1	14	76	220.261	0
15.175	1	102	135	4583.6	0
13.197	1	1	77	469.958	0
13.198	1	133	78	314.295	0
15.176	1	63	136	3691.99	0
13.199	1	34	79	238.882	0
15.177	1	145	137	2412.28	0
13.2	1	18	80	70.0689	0
15.178	1	127	138	151.489	0
13.201	1	149	81	2463.99	0
15.18	1	154	140	962.901	0
13.202	1	108	82	303.072	0
15.181	1	20	141	405.583	0
13.203	1	97	83	4087.14	0
15.182	1	52	142	57.7622	0
13.204	1	148	84	64.2435	0
13.205	1	51	85	545.119	0
15.183	1	138	143	465.333	0
13.206	1	9	86	384.981	0
13.207	1	132	87	305.283	0
15.184	1	83	144	108.047	0
13.208	1	181	88	130.246	0
15.185	1	5	145	1932.95	0
13.209	1	43	89	372.009	0
15.186	1	109	146	150.636	0
13.21	1	84	90	285.82	0
15.187	1	33	147	1293.27	0
13.211	1	183	91	722.289	0
15.188	1	123	148	47.5618	0
13.212	1	44	92	234.714	0
15.189	1	99	149	2211.19	0
13.213	1	77	93	923.571	0
15.19	1	104	150	154.247	0
13.214	1	31	94	343.452	0
15.191	1	113	151	2104.83	0
13.215	1	57	95	72.235	0
15.192	1	106	152	87.1318	0
15.193	1	65	153	29.3933	0
13.216	1	172	96	91.8002	0
15.194	1	129	154	730.446	0
15.195	1	199	155	196.577	0
13.217	1	47	97	1278.87	0
13.218	1	187	98	215.553	0
13.219	1	180	99	133.579	0
13.22	1	147	100	7137.02	0
13.221	1	46	101	295.465	0
13.222	1	155	102	131.189	0
13.223	1	21	103	177.89	0
13.224	1	6	104	269.536	0
15.203	1	64	163	421.205	0
15.204	1	59	164	1020.27	0
13.225	1	29	105	65.8086	0
13.226	1	182	106	273.352	0
15.205	1	114	165	138.166	0
15.206	1	198	166	58.017	0
13.228	1	96	108	239.927	0
15.207	1	41	167	326.88	0
13.229	1	42	109	331.244	0
15.208	1	56	168	202.47	0
13.23	1	165	110	1769.16	0
15.209	1	190	169	47.3696	0
13.231	1	69	111	8733.58	0
15.21	1	75	170	225.455	0
13.232	1	88	112	1016.37	0
15.211	1	87	171	694.107	0
15.212	1	26	172	3958.23	0
13.233	1	188	113	1175.23	0
15.213	1	15	173	226.464	0
15.214	1	7	174	82.1748	0
13.234	1	152	114	917.63	0
15.215	1	164	175	504.379	0
13.235	1	162	115	188.312	0
13.236	1	11	116	604.277	0
13.237	1	139	117	2815.88	0
15.216	1	191	176	133.992	0
13.238	1	98	118	235.022	0
13.239	1	23	119	825.684	0
13.24	1	10	120	3651.86	0
15.217	1	131	177	311.62	0
15.218	1	122	178	127.417	0
13.241	1	12	121	276.859	0
13.242	1	120	122	2572.57	0
13.243	1	150	123	364.502	0
13.244	1	8	124	167.719	0
13.245	1	16	125	281.78	0
13.246	1	169	126	50.9826	0
13.247	1	94	127	46.8504	0
15.225	1	71	185	51.0106	0
13.248	1	170	128	3368.65	0
15.226	1	76	186	308.357	0
13.249	1	54	129	153.271	0
13.25	1	125	130	269.193	0
15.227	1	82	187	4049.86	0
15.228	1	184	188	618.375	0
13.251	1	90	131	804.768	0
15.229	1	68	189	39.1157	0
15.23	1	177	190	133.939	0
13.252	1	134	132	124.677	0
15.231	1	24	191	303.893	0
13.253	1	186	133	1231.7	0
15.232	1	117	192	127.371	0
13.254	1	67	134	12575.4	0
15.233	1	159	193	1876.16	0
13.255	1	102	135	9186.73	0
13.256	1	63	136	1149.28	0
15.234	1	22	194	363.29	0
13.257	1	145	137	1989.58	0
13.258	1	127	138	279.794	0
15.235	1	137	195	263.991	0
15.236	1	156	196	117.272	0
15.237	1	25	197	175.499	0
15.238	1	50	198	173.362	0
13.26	1	154	140	565.019	0
15.239	1	60	199	92.2442	0
13.261	1	20	141	152.639	0
15.24	1	36	200	359.027	0
13.262	1	52	142	67.9622	0
15.241	1	78	201	167.909	0
13.263	1	138	143	469.311	0
15.242	1	128	202	98.9133	0
13.264	1	83	144	96.0356	0
15.243	1	144	203	2267.35	0
13.265	1	5	145	839.043	0
15.244	1	178	204	209.561	0
13.266	1	109	146	205.841	0
15.245	1	192	205	44.7031	0
13.267	1	33	147	672.551	0
15.246	1	146	206	399.926	0
13.268	1	123	148	69.1884	0
15.247	1	140	207	414.075	0
13.269	1	99	149	1115.63	0
15.248	1	45	208	75.1997	0
13.27	1	104	150	134.972	0
15.249	1	130	209	137.849	0
13.271	1	113	151	965.207	0
15.25	1	161	210	307.386	0
13.272	1	106	152	146.829	0
15.251	1	153	211	84.481	0
13.273	1	65	153	68.4537	0
13.274	1	129	154	172.629	0
15.252	1	124	212	285.915	0
13.275	1	199	155	248.541	0
15.253	1	167	213	223.149	0
15.254	1	81	214	1185.21	0
15.255	1	185	215	375.696	0
13.283	1	64	163	345.248	0
13.284	1	59	164	857.387	0
13.285	1	114	165	206.363	0
13.286	1	198	166	87.9971	0
13.287	1	41	167	226.836	0
13.288	1	56	168	289.323	0
13.289	1	190	169	97.099	0
13.29	1	75	170	368.898	0
13.291	1	87	171	514.595	0
13.292	1	26	172	6500.36	0
13.293	1	15	173	76.1228	0
13.294	1	7	174	129.944	0
13.295	1	164	175	130.434	0
13.296	1	191	176	159.46	0
13.297	1	131	177	266.659	0
13.298	1	122	178	405.276	0
13.305	1	71	185	154.334	0
13.306	1	76	186	220.206	0
13.307	1	82	187	2158.42	0
13.308	1	184	188	194.464	0
13.309	1	68	189	44.2091	0
13.31	1	177	190	272.455	0
13.311	1	24	191	113.326	0
13.312	1	117	192	143.369	0
13.313	1	159	193	1762.97	0
13.314	1	22	194	343.831	0
13.315	1	137	195	587.951	0
13.316	1	156	196	171.693	0
13.317	1	25	197	397.691	0
13.318	1	50	198	271.743	0
13.319	1	60	199	58.0466	0
13.32	1	36	200	334.784	0
13.321	1	78	201	254.943	0
13.322	1	128	202	428.085	0
13.323	1	144	203	1696.8	0
13.324	1	178	204	105.065	0
13.325	1	192	205	78.6254	0
13.326	1	146	206	655.096	0
13.327	1	140	207	471.943	0
13.328	1	45	208	58.1015	0
13.329	1	130	209	104.595	0
13.33	1	161	210	584.66	0
13.331	1	153	211	144.211	0
13.332	1	124	212	98.9261	0
13.333	1	167	213	486.418	0
13.334	1	81	214	846.559	0
13.335	1	185	215	510.249	0
15.361	1	143	1	179.011	0
15.362	1	70	2	204.068	0
15.363	1	110	3	148.629	0
15.364	1	13	4	73.4772	0
15.365	1	66	5	238.097	0
15.366	1	72	6	129.075	0
15.367	1	103	7	1784.35	0
15.368	1	92	8	802.722	0
15.369	1	157	9	131.55	0
15.37	1	27	10	74.2583	0
15.371	1	58	11	3817.95	0
15.372	1	115	12	490.869	0
15.373	1	48	13	414.992	0
15.374	1	37	14	5719.6	0
15.375	1	135	15	214.344	0
15.376	1	193	16	317.862	0
15.377	1	197	17	378.321	0
15.378	1	38	18	111.869	0
15.379	1	189	19	1268.24	0
15.38	1	40	20	3951.69	0
15.381	1	142	21	420.056	0
15.382	1	86	22	277.979	0
15.383	1	100	23	1129.66	0
15.384	1	166	24	55.2429	0
15.385	1	118	25	639.507	0
15.386	1	49	26	465.331	0
15.387	1	196	27	661.484	0
15.388	1	119	28	80.2089	0
15.389	1	200	29	197.296	0
15.39	1	55	30	96.259	0
15.391	1	95	31	158.124	0
15.392	1	107	32	109.478	0
15.393	1	101	33	145.852	0
15.394	1	116	34	2116.51	0
15.395	1	61	35	102.322	0
15.396	1	111	36	415.549	0
15.397	1	3	37	35.1216	0
15.398	1	4	38	145.479	0
15.399	1	195	39	234.946	0
15.4	1	30	40	718.276	0
15.401	1	91	41	232.346	0
15.402	1	35	42	167.187	0
15.403	1	19	43	222.909	0
15.404	1	176	44	255.867	0
15.405	1	32	45	263.422	0
15.406	1	126	46	248.208	0
15.407	1	151	47	4762.71	0
15.408	1	160	48	284.857	0
15.409	1	79	49	2609.42	0
15.41	1	171	50	99.1269	0
15.411	1	175	51	4942.43	0
15.412	1	17	52	158.899	0
15.413	1	174	53	73.7173	0
15.414	1	74	54	365.069	0
15.415	1	39	55	93.0035	0
15.416	1	179	56	35.7658	0
15.417	1	194	57	1086.84	0
15.418	1	28	58	848.517	0
13.441	1	143	1	347.556	0
15.419	1	80	59	31.3424	0
13.442	1	70	2	184.153	0
15.42	1	105	60	126.917	0
13.443	1	110	3	222.048	0
15.421	1	168	61	2584.47	0
13.444	1	13	4	77.8202	0
15.422	1	73	62	7655.83	0
13.445	1	66	5	147.936	0
15.423	1	141	63	54.8007	0
13.446	1	72	6	99.014	0
15.424	1	53	64	191.174	0
13.447	1	103	7	1596.28	0
15.425	1	163	65	58.1061	0
15.426	1	62	66	235.924	0
13.448	1	92	8	436.711	0
15.427	1	89	67	1210.12	0
13.449	1	157	9	413.828	0
15.428	1	173	68	113.45	0
13.45	1	27	10	101.475	0
15.429	1	112	69	648.585	0
13.451	1	58	11	2503.69	0
15.43	1	93	70	94.3978	0
15.431	1	136	71	231.405	0
13.452	1	115	12	609.467	0
15.432	1	121	72	238.181	0
13.453	1	48	13	110.647	0
15.433	1	85	73	311.479	0
13.454	1	37	14	6142.75	0
15.434	1	2	74	76.9387	0
13.455	1	135	15	200.056	0
13.456	1	193	16	425.853	0
15.435	1	158	75	2146.16	0
13.457	1	197	17	84.8415	0
15.436	1	14	76	508.153	0
13.458	1	38	18	100.048	0
15.437	1	1	77	180.212	0
13.459	1	189	19	1490.73	0
15.438	1	133	78	290.249	0
13.46	1	40	20	8429.77	0
15.439	1	34	79	98.9928	0
13.461	1	142	21	504.311	0
15.44	1	18	80	45.8952	0
13.462	1	86	22	269.267	0
15.441	1	149	81	1570.49	0
13.463	1	100	23	1293.61	0
13.464	1	166	24	76.1391	0
15.442	1	108	82	302.356	0
13.465	1	118	25	426.65	0
15.443	1	97	83	12874	0
13.466	1	49	26	1234.05	0
15.444	1	148	84	164.263	0
13.467	1	196	27	240.004	0
15.445	1	51	85	764.482	0
13.468	1	119	28	64.3218	0
15.446	1	9	86	542.923	0
13.469	1	200	29	208.817	0
13.47	1	55	30	106.494	0
15.447	1	132	87	318.634	0
15.448	1	181	88	313.43	0
13.471	1	95	31	201.787	0
15.449	1	43	89	190.075	0
13.472	1	107	32	71.8439	0
15.45	1	84	90	308.101	0
13.473	1	101	33	485.674	0
15.451	1	183	91	419.972	0
13.474	1	116	34	609.676	0
13.475	1	61	35	114.801	0
15.452	1	44	92	487.061	0
15.453	1	77	93	629.106	0
13.476	1	111	36	166.712	0
15.454	1	31	94	684.337	0
15.455	1	57	95	73.042	0
15.456	1	172	96	225.994	0
13.477	1	3	37	42.4988	0
15.457	1	47	97	441.709	0
13.478	1	4	38	153.642	0
13.479	1	195	39	211.93	0
15.458	1	187	98	852.5	0
13.48	1	30	40	567.408	0
15.459	1	180	99	141.982	0
15.46	1	147	100	5722.47	0
13.481	1	91	41	143.206	0
13.482	1	35	42	134.855	0
15.461	1	46	101	285.091	0
13.483	1	19	43	127.454	0
15.462	1	155	102	190.768	0
13.484	1	176	44	250.559	0
13.485	1	32	45	179.011	0
15.463	1	21	103	231.36	0
13.486	1	126	46	215.893	0
15.464	1	6	104	269.664	0
13.487	1	151	47	4132.1	0
15.465	1	29	105	136.991	0
13.488	1	160	48	492.549	0
15.466	1	182	106	125.517	0
13.489	1	79	49	1148.68	0
13.49	1	171	50	109.069	0
15.468	1	96	108	129.91	0
13.491	1	175	51	1618.84	0
15.469	1	42	109	544.51	0
13.492	1	17	52	93.8693	0
15.47	1	165	110	1082.18	0
15.471	1	69	111	5241.52	0
13.493	1	174	53	112.33	0
15.472	1	88	112	1625.32	0
13.494	1	74	54	359.116	0
15.473	1	188	113	2743.61	0
15.474	1	152	114	492.111	0
13.495	1	39	55	133.56	0
13.496	1	179	56	138.682	0
13.497	1	194	57	939.181	0
15.475	1	162	115	164.938	0
13.498	1	28	58	728.509	0
13.499	1	80	59	67.5783	0
15.476	1	11	116	248.573	0
13.5	1	105	60	99.6734	0
15.477	1	139	117	1454.84	0
15.478	1	98	118	217.735	0
15.479	1	23	119	569.618	0
13.501	1	168	61	1836.88	0
15.48	1	10	120	1857.15	0
13.502	1	73	62	2786.8	0
15.481	1	12	121	335.214	0
15.482	1	120	122	1752.43	0
13.503	1	141	63	110.184	0
13.504	1	53	64	247.065	0
13.505	1	163	65	84.2443	0
15.483	1	150	123	292.4	0
13.506	1	62	66	168.962	0
13.507	1	89	67	3139.55	0
15.484	1	8	124	353.172	0
13.508	1	173	68	204.502	0
15.485	1	16	125	264.447	0
13.509	1	112	69	828.634	0
15.486	1	169	126	89.4984	0
13.51	1	93	70	122.494	0
15.487	1	94	127	202.767	0
13.511	1	136	71	75.0048	0
15.488	1	170	128	3284.21	0
13.512	1	121	72	149.823	0
15.489	1	54	129	116.794	0
13.513	1	85	73	387.278	0
15.49	1	125	130	236.887	0
13.514	1	2	74	65.4465	0
15.491	1	90	131	439.021	0
13.515	1	158	75	2673.27	0
15.492	1	134	132	94.2367	0
13.516	1	14	76	380.705	0
15.493	1	186	133	2300.94	0
15.494	1	67	134	2762.56	0
15.495	1	102	135	8298.61	0
13.517	1	1	77	440.29	0
15.496	1	63	136	6928.83	0
13.518	1	133	78	138.843	0
15.497	1	145	137	1003.99	0
13.519	1	34	79	195.271	0
15.498	1	127	138	187.558	0
13.52	1	18	80	125.498	0
15.5	1	154	140	663.595	0
13.521	1	149	81	1152.53	0
13.522	1	108	82	197.185	0
15.501	1	20	141	339.395	0
13.523	1	97	83	1122.03	0
15.502	1	52	142	74.2807	0
13.524	1	148	84	59.7142	0
13.525	1	51	85	860.942	0
15.503	1	138	143	362.917	0
13.526	1	9	86	329.592	0
15.504	1	83	144	51.9571	0
13.527	1	132	87	203.667	0
15.505	1	5	145	1052.97	0
13.528	1	181	88	107.503	0
15.506	1	109	146	224.357	0
13.529	1	43	89	167.156	0
15.507	1	33	147	2163.42	0
13.53	1	84	90	87.1252	0
15.508	1	123	148	49.3131	0
13.531	1	183	91	1194.65	0
15.509	1	99	149	2611.92	0
15.51	1	104	150	272.149	0
13.532	1	44	92	171.659	0
15.511	1	113	151	2410.36	0
13.533	1	77	93	1347.47	0
15.512	1	106	152	106.506	0
15.513	1	65	153	77.8028	0
13.534	1	31	94	384.314	0
15.514	1	129	154	543.33	0
15.515	1	199	155	185.427	0
13.535	1	57	95	169.466	0
13.536	1	172	96	125.459	0
13.537	1	47	97	743.654	0
13.538	1	187	98	681.534	0
13.539	1	180	99	141.918	0
13.54	1	147	100	4307.46	0
13.541	1	46	101	279.654	0
13.542	1	155	102	117.265	0
13.543	1	21	103	445.381	0
13.544	1	6	104	115.533	0
15.523	1	64	163	249.24	0
13.545	1	29	105	82.0433	0
15.524	1	59	164	368.198	0
13.546	1	182	106	228.689	0
15.525	1	114	165	155.218	0
15.526	1	198	166	237.219	0
13.548	1	96	108	273.191	0
15.527	1	41	167	383.023	0
13.549	1	42	109	259.297	0
15.528	1	56	168	105.066	0
13.55	1	165	110	1128.76	0
15.529	1	190	169	147.318	0
13.551	1	69	111	11497.4	0
15.53	1	75	170	214.511	0
15.531	1	87	171	263.489	0
13.552	1	88	112	1193.91	0
15.532	1	26	172	6072.76	0
13.553	1	188	113	828.166	0
15.533	1	15	173	158.767	0
13.554	1	152	114	2134.34	0
15.534	1	7	174	203.717	0
13.555	1	162	115	184.569	0
13.556	1	11	116	269.379	0
15.535	1	164	175	358.914	0
13.557	1	139	117	902.971	0
13.558	1	98	118	169.354	0
15.536	1	191	176	167.577	0
13.559	1	23	119	804.511	0
15.537	1	131	177	302.08	0
13.56	1	10	120	1059.07	0
15.538	1	122	178	279.434	0
13.561	1	12	121	333.942	0
13.562	1	120	122	1417.85	0
13.563	1	150	123	214.149	0
13.564	1	8	124	184.389	0
13.565	1	16	125	374.597	0
13.566	1	169	126	145.836	0
13.567	1	94	127	76.8675	0
15.545	1	71	185	29.0164	0
13.568	1	170	128	2323.23	0
15.546	1	76	186	75.2463	0
13.569	1	54	129	96.5938	0
15.547	1	82	187	2577.76	0
13.57	1	125	130	284.665	0
15.548	1	184	188	363.23	0
13.571	1	90	131	556.875	0
15.549	1	68	189	59.9706	0
13.572	1	134	132	72.7608	0
15.55	1	177	190	113.115	0
13.573	1	186	133	2106.76	0
15.551	1	24	191	87.9742	0
13.574	1	67	134	11550.6	0
15.552	1	117	192	65.2423	0
13.575	1	102	135	6598.96	0
15.553	1	159	193	1457.83	0
15.554	1	22	194	140.205	0
13.576	1	63	136	3112.77	0
15.555	1	137	195	283.969	0
15.556	1	156	196	355.758	0
13.577	1	145	137	744.488	0
13.578	1	127	138	210.341	0
15.557	1	25	197	171.78	0
13.58	1	154	140	1120.43	0
15.558	1	50	198	202.286	0
13.581	1	20	141	44.1906	0
15.559	1	60	199	140.59	0
13.582	1	52	142	138.685	0
15.56	1	36	200	153.281	0
15.561	1	78	201	136.045	0
13.583	1	138	143	375.309	0
15.562	1	128	202	267.196	0
13.584	1	83	144	39.8649	0
15.563	1	144	203	1458.7	0
15.564	1	178	204	172.861	0
13.585	1	5	145	2716.23	0
13.586	1	109	146	263.988	0
15.565	1	192	205	22.827	0
15.566	1	146	206	291.57	0
13.587	1	33	147	3905.29	0
15.567	1	140	207	394.05	0
13.588	1	123	148	53.6753	0
15.568	1	45	208	76.444	0
13.589	1	99	149	1198.26	0
15.569	1	130	209	151.659	0
13.59	1	104	150	68.5464	0
15.57	1	161	210	1000.11	0
13.591	1	113	151	1924.73	0
15.571	1	153	211	126.682	0
13.592	1	106	152	154.789	0
15.572	1	124	212	132.835	0
15.573	1	167	213	290.62	0
13.593	1	65	153	30.8621	0
15.574	1	81	214	1257.87	0
13.594	1	129	154	685.091	0
13.595	1	199	155	151.187	0
15.575	1	185	215	143.03	0
13.603	1	64	163	543.775	0
13.604	1	59	164	786.502	0
13.605	1	114	165	498.201	0
13.606	1	198	166	123.147	0
13.607	1	41	167	195.947	0
13.608	1	56	168	125.924	0
13.609	1	190	169	79.5787	0
13.61	1	75	170	212.685	0
13.611	1	87	171	574.175	0
13.612	1	26	172	11215.7	0
13.613	1	15	173	96.3676	0
13.614	1	7	174	130.404	0
13.615	1	164	175	578.119	0
13.616	1	191	176	380.741	0
13.617	1	131	177	140.036	0
13.618	1	122	178	119.426	0
13.625	1	71	185	175.444	0
13.626	1	76	186	131.436	0
13.627	1	82	187	3441.52	0
13.628	1	184	188	275.108	0
13.629	1	68	189	35.6214	0
13.63	1	177	190	63.1264	0
13.631	1	24	191	72.7077	0
13.632	1	117	192	62.8737	0
13.633	1	159	193	2282.54	0
13.634	1	22	194	374.39	0
13.635	1	137	195	261.333	0
13.636	1	156	196	216.223	0
13.637	1	25	197	281.753	0
13.638	1	50	198	567.201	0
13.639	1	60	199	50.296	0
13.64	1	36	200	644.938	0
13.641	1	78	201	270.958	0
13.642	1	128	202	303.289	0
13.643	1	144	203	2919.87	0
13.644	1	178	204	81.1197	0
13.645	1	192	205	103.389	0
13.646	1	146	206	213.663	0
13.647	1	140	207	587.97	0
13.648	1	45	208	169.378	0
13.649	1	130	209	100.085	0
13.65	1	161	210	813.248	0
13.651	1	153	211	175.437	0
13.652	1	124	212	390.434	0
13.653	1	167	213	169.592	0
13.654	1	81	214	1303.9	0
13.655	1	185	215	399.732	0
15.681	1	143	1	286.392	0
15.682	1	70	2	228.287	0
15.683	1	110	3	295.151	0
15.684	1	13	4	86.5516	0
15.685	1	66	5	209.731	0
15.686	1	72	6	94.7566	0
15.687	1	103	7	4974.45	0
15.688	1	92	8	536.267	0
15.689	1	157	9	89.2864	0
15.69	1	27	10	94.9284	0
15.691	1	58	11	4972.43	0
15.692	1	115	12	376.385	0
15.693	1	48	13	387.025	0
15.694	1	37	14	2848.81	0
15.695	1	135	15	390.079	0
15.696	1	193	16	231.784	0
15.697	1	197	17	396.425	0
15.698	1	38	18	141.708	0
15.699	1	189	19	1340.52	0
15.7	1	40	20	15599.2	0
15.701	1	142	21	270.963	0
15.702	1	86	22	385.052	0
15.703	1	100	23	1092.12	0
15.704	1	166	24	153.491	0
15.705	1	118	25	715.715	0
15.706	1	49	26	477.773	0
15.707	1	196	27	296.737	0
15.708	1	119	28	78.3005	0
15.709	1	200	29	97.6434	0
15.71	1	55	30	86.7469	0
15.711	1	95	31	126.685	0
15.712	1	107	32	86.7288	0
15.713	1	101	33	320.011	0
15.714	1	116	34	840.773	0
15.715	1	61	35	268.367	0
15.716	1	111	36	306.333	0
15.717	1	3	37	61.4935	0
15.718	1	4	38	262.002	0
15.719	1	195	39	327.36	0
15.72	1	30	40	380.219	0
15.721	1	91	41	184.792	0
15.722	1	35	42	486.406	0
15.723	1	19	43	221.789	0
15.724	1	176	44	271.06	0
15.725	1	32	45	161.839	0
15.726	1	126	46	78.1221	0
15.727	1	151	47	3485.88	0
15.728	1	160	48	110.968	0
15.729	1	79	49	410.086	0
15.73	1	171	50	39.6146	0
15.731	1	175	51	3599.64	0
15.732	1	17	52	302.304	0
15.733	1	174	53	31.8333	0
15.734	1	74	54	704.344	0
15.735	1	39	55	100.23	0
15.736	1	179	56	54.9152	0
15.737	1	194	57	2392.85	0
15.738	1	28	58	457.828	0
15.739	1	80	59	60.56	0
15.74	1	105	60	71.9273	0
13.761	1	143	1	464.965	0
15.741	1	168	61	1364.43	0
13.762	1	70	2	216.682	0
15.742	1	73	62	2509.81	0
13.763	1	110	3	89.3255	0
13.764	1	13	4	41.4393	0
15.743	1	141	63	53.1063	0
15.744	1	53	64	279.482	0
13.765	1	66	5	243.433	0
13.766	1	72	6	114.126	0
15.745	1	163	65	137.797	0
15.746	1	62	66	833.475	0
15.747	1	89	67	1323.12	0
13.767	1	103	7	2125.79	0
15.748	1	173	68	77.9492	0
13.768	1	92	8	119.771	0
15.749	1	112	69	189.297	0
15.75	1	93	70	48.0086	0
13.769	1	157	9	381.176	0
13.77	1	27	10	128.082	0
15.751	1	136	71	67.1519	0
13.771	1	58	11	8081.8	0
13.772	1	115	12	410.482	0
15.752	1	121	72	247.566	0
13.773	1	48	13	366.82	0
15.753	1	85	73	307.184	0
15.754	1	2	74	80.0374	0
13.774	1	37	14	4782.82	0
15.755	1	158	75	1992.02	0
15.756	1	14	76	303.323	0
13.775	1	135	15	361.259	0
15.757	1	1	77	215.551	0
13.776	1	193	16	135.396	0
15.758	1	133	78	360.954	0
13.777	1	197	17	281.538	0
13.778	1	38	18	72.8712	0
15.759	1	34	79	122.572	0
15.76	1	18	80	110.642	0
13.779	1	189	19	1105.14	0
13.78	1	40	20	5205.43	0
15.761	1	149	81	1378.19	0
13.781	1	142	21	1000.24	0
15.762	1	108	82	341.58	0
13.782	1	86	22	786.297	0
15.763	1	97	83	13266.7	0
15.764	1	148	84	89.8058	0
13.783	1	100	23	3404.45	0
15.765	1	51	85	325.857	0
13.784	1	166	24	133.515	0
15.766	1	9	86	236.027	0
13.785	1	118	25	1078.97	0
15.767	1	132	87	342.378	0
15.768	1	181	88	115.898	0
13.786	1	49	26	716.637	0
15.769	1	43	89	236.463	0
13.787	1	196	27	263.655	0
15.77	1	84	90	121.594	0
13.788	1	119	28	71.2393	0
13.789	1	200	29	355.001	0
15.771	1	183	91	832.445	0
13.79	1	55	30	99.1108	0
15.772	1	44	92	360.19	0
13.791	1	95	31	102.004	0
15.773	1	77	93	702.691	0
13.792	1	107	32	40.9679	0
15.774	1	31	94	390.666	0
15.775	1	57	95	248.401	0
13.793	1	101	33	175.322	0
13.794	1	116	34	921.411	0
15.776	1	172	96	127.374	0
13.795	1	61	35	282.223	0
15.777	1	47	97	281.491	0
13.796	1	111	36	427.867	0
15.778	1	187	98	167.236	0
13.797	1	3	37	98.8611	0
15.779	1	180	99	151.212	0
13.798	1	4	38	235.307	0
15.78	1	147	100	3879.61	0
13.799	1	195	39	153.902	0
15.781	1	46	101	662.383	0
13.8	1	30	40	526.951	0
15.782	1	155	102	33.8255	0
13.801	1	91	41	252.394	0
15.783	1	21	103	124.847	0
13.802	1	35	42	193.874	0
15.784	1	6	104	105.658	0
13.803	1	19	43	210.827	0
13.804	1	176	44	180.569	0
15.785	1	29	105	104.631	0
15.786	1	182	106	355.963	0
13.805	1	32	45	140.737	0
13.806	1	126	46	307.443	0
15.788	1	96	108	205.098	0
13.807	1	151	47	5469.18	0
15.789	1	42	109	356.732	0
13.808	1	160	48	142.981	0
15.79	1	165	110	665.132	0
13.809	1	79	49	1948.73	0
15.791	1	69	111	2865.16	0
13.81	1	171	50	65.6123	0
15.792	1	88	112	903.103	0
13.811	1	175	51	2777.54	0
13.812	1	17	52	462.134	0
15.793	1	188	113	1033.76	0
13.813	1	174	53	89.9537	0
15.794	1	152	114	344.311	0
13.814	1	74	54	403.618	0
15.795	1	162	115	222.908	0
13.815	1	39	55	130.517	0
15.796	1	11	116	441.348	0
15.797	1	139	117	1176.21	0
15.798	1	98	118	66.0428	0
13.816	1	179	56	134.274	0
15.799	1	23	119	553.281	0
15.8	1	10	120	2878.57	0
13.817	1	194	57	1489.51	0
13.818	1	28	58	329.414	0
15.801	1	12	121	536.759	0
13.819	1	80	59	56.4618	0
15.802	1	120	122	2014.36	0
13.82	1	105	60	111.518	0
15.803	1	150	123	127.726	0
15.804	1	8	124	225.569	0
13.821	1	168	61	2643.16	0
13.822	1	73	62	2934.52	0
15.805	1	16	125	507.145	0
15.806	1	169	126	181.388	0
13.823	1	141	63	342.944	0
13.824	1	53	64	325.746	0
15.807	1	94	127	80.3575	0
13.825	1	163	65	219.772	0
15.808	1	170	128	1969.57	0
13.826	1	62	66	245.352	0
15.809	1	54	129	87.1631	0
13.827	1	89	67	1604.2	0
15.81	1	125	130	193.837	0
13.828	1	173	68	248.347	0
15.811	1	90	131	316.121	0
13.829	1	112	69	695.125	0
15.812	1	134	132	201.276	0
13.83	1	93	70	78.1786	0
15.813	1	186	133	2151.93	0
13.831	1	136	71	73.5113	0
15.814	1	67	134	1020.36	0
13.832	1	121	72	285.967	0
15.815	1	102	135	8091.48	0
13.833	1	85	73	247.788	0
13.834	1	2	74	24.832	0
15.816	1	63	136	1916.11	0
13.835	1	158	75	677.238	0
13.836	1	14	76	108.839	0
15.817	1	145	137	2426.49	0
15.818	1	127	138	195.313	0
13.837	1	1	77	317.144	0
13.838	1	133	78	97.495	0
13.839	1	34	79	209.515	0
13.84	1	18	80	106.248	0
15.82	1	154	140	2546.05	0
15.821	1	20	141	172.842	0
13.841	1	149	81	1830.15	0
15.822	1	52	142	154.513	0
15.823	1	138	143	710.994	0
13.842	1	108	82	341.478	0
15.824	1	83	144	73.8948	0
13.843	1	97	83	8256.19	0
15.825	1	5	145	2046.32	0
13.844	1	148	84	83.9188	0
15.826	1	109	146	226.121	0
13.845	1	51	85	385.039	0
15.827	1	33	147	1525.71	0
13.846	1	9	86	880.47	0
15.828	1	123	148	93.1024	0
13.847	1	132	87	330.84	0
15.829	1	99	149	726.467	0
13.848	1	181	88	131.587	0
15.83	1	104	150	81.1099	0
13.849	1	43	89	167.634	0
15.831	1	113	151	943.488	0
13.85	1	84	90	334.782	0
15.832	1	106	152	150.424	0
13.851	1	183	91	781.038	0
15.833	1	65	153	112.293	0
15.834	1	129	154	882.868	0
13.852	1	44	92	506.263	0
13.853	1	77	93	502.192	0
15.835	1	199	155	190.61	0
13.854	1	31	94	846.976	0
13.855	1	57	95	151.908	0
13.856	1	172	96	38.5414	0
13.857	1	47	97	272.946	0
13.858	1	187	98	282.563	0
13.859	1	180	99	175.547	0
13.86	1	147	100	5455.85	0
13.861	1	46	101	308.41	0
13.862	1	155	102	138.983	0
13.863	1	21	103	225.216	0
15.843	1	64	163	697.714	0
13.864	1	6	104	129.423	0
15.844	1	59	164	769.553	0
13.865	1	29	105	81.6235	0
15.845	1	114	165	580.949	0
13.866	1	182	106	242.283	0
15.846	1	198	166	74.7674	0
15.847	1	41	167	345.873	0
13.868	1	96	108	231.05	0
15.848	1	56	168	237.598	0
13.869	1	42	109	411.721	0
15.849	1	190	169	71.6472	0
13.87	1	165	110	1523.75	0
15.85	1	75	170	135.212	0
13.871	1	69	111	6511.37	0
15.851	1	87	171	990.656	0
13.872	1	88	112	788.393	0
13.873	1	188	113	702.657	0
15.852	1	26	172	8155.77	0
13.874	1	152	114	492.186	0
15.853	1	15	173	87.2641	0
15.854	1	7	174	80.0432	0
13.875	1	162	115	183.731	0
15.855	1	164	175	770.062	0
15.856	1	191	176	190.45	0
13.876	1	11	116	823.182	0
15.857	1	131	177	136.395	0
13.877	1	139	117	411.682	0
13.878	1	98	118	131.939	0
15.858	1	122	178	385.051	0
13.879	1	23	119	1378.32	0
13.88	1	10	120	1160.28	0
13.881	1	12	121	170.862	0
13.882	1	120	122	2697.27	0
13.883	1	150	123	105.239	0
13.884	1	8	124	186.981	0
15.865	1	71	185	196.093	0
13.885	1	16	125	397.494	0
15.866	1	76	186	363.234	0
13.886	1	169	126	92.4364	0
15.867	1	82	187	2221.25	0
13.887	1	94	127	178.783	0
15.868	1	184	188	241.101	0
13.888	1	170	128	2486.83	0
15.869	1	68	189	65.5327	0
13.889	1	54	129	146.113	0
15.87	1	177	190	89.5313	0
13.89	1	125	130	358.247	0
15.871	1	24	191	182.219	0
13.891	1	90	131	1033.12	0
15.872	1	117	192	47.7446	0
13.892	1	134	132	232.929	0
15.873	1	159	193	2717.59	0
15.874	1	22	194	422.24	0
13.893	1	186	133	2399.99	0
13.894	1	67	134	5005.87	0
15.875	1	137	195	397.432	0
13.895	1	102	135	14088.3	0
13.896	1	63	136	3602.23	0
15.876	1	156	196	163.266	0
13.897	1	145	137	1386.12	0
15.877	1	25	197	438.514	0
13.898	1	127	138	164.466	0
15.878	1	50	198	149.737	0
15.879	1	60	199	77.9233	0
15.88	1	36	200	503.715	0
13.9	1	154	140	2058.64	0
15.881	1	78	201	135.68	0
13.901	1	20	141	113.526	0
15.882	1	128	202	187.619	0
13.902	1	52	142	118.927	0
15.883	1	144	203	1629.39	0
13.903	1	138	143	753.343	0
13.904	1	83	144	144.931	0
15.884	1	178	204	132.656	0
13.905	1	5	145	1644.08	0
15.885	1	192	205	58.7424	0
13.906	1	109	146	341.216	0
15.886	1	146	206	438.109	0
13.907	1	33	147	3375.78	0
13.908	1	123	148	88.1787	0
15.887	1	140	207	530.15	0
15.888	1	45	208	206.486	0
13.909	1	99	149	804.385	0
13.91	1	104	150	170.885	0
15.889	1	130	209	128.989	0
15.89	1	161	210	895.642	0
13.911	1	113	151	3898.08	0
15.891	1	153	211	197.258	0
13.912	1	106	152	313.488	0
15.892	1	124	212	241.486	0
13.913	1	65	153	146.951	0
13.914	1	129	154	700.318	0
15.893	1	167	213	545.586	0
13.915	1	199	155	331.274	0
15.894	1	81	214	1551.6	0
15.895	1	185	215	625.463	0
13.923	1	64	163	169.199	0
13.924	1	59	164	375.538	0
13.925	1	114	165	341.508	0
13.926	1	198	166	145.797	0
13.927	1	41	167	392.992	0
13.928	1	56	168	287.372	0
13.929	1	190	169	56.1665	0
13.93	1	75	170	199.783	0
13.931	1	87	171	1056.25	0
13.932	1	26	172	8775.19	0
13.933	1	15	173	186.331	0
13.934	1	7	174	258.608	0
13.935	1	164	175	709.771	0
13.936	1	191	176	477.159	0
13.937	1	131	177	123.209	0
13.938	1	122	178	240.803	0
13.945	1	71	185	134.611	0
13.946	1	76	186	121.694	0
13.947	1	82	187	4505.03	0
13.948	1	184	188	438.399	0
13.949	1	68	189	61.5616	0
13.95	1	177	190	82.8176	0
13.951	1	24	191	262.813	0
13.952	1	117	192	61.6091	0
13.953	1	159	193	3087.27	0
13.954	1	22	194	596.89	0
13.955	1	137	195	223.157	0
13.956	1	156	196	98.7404	0
13.957	1	25	197	221.724	0
13.958	1	50	198	490.756	0
13.959	1	60	199	81.2921	0
13.96	1	36	200	486.988	0
13.961	1	78	201	114.302	0
13.962	1	128	202	270.353	0
13.963	1	144	203	2669.7	0
13.964	1	178	204	373.736	0
13.965	1	192	205	80.748	0
13.966	1	146	206	603.819	0
13.967	1	140	207	1523.76	0
13.968	1	45	208	76.8582	0
13.969	1	130	209	104.781	0
13.97	1	161	210	853.891	0
13.971	1	153	211	335.553	0
13.972	1	124	212	152.433	0
13.973	1	167	213	105.354	0
13.974	1	81	214	1306.97	0
13.975	1	185	215	396.313	0
16.001	1	143	1	758.409	0
16.002	1	70	2	84.2229	0
16.003	1	110	3	143.275	0
16.004	1	13	4	55.4942	0
16.005	1	66	5	189.771	0
16.006	1	72	6	148.108	0
16.007	1	103	7	804.407	0
16.008	1	92	8	231.796	0
16.009	1	157	9	154.276	0
14.081	1	143	1	535.353	0
16.01	1	27	10	131.379	0
14.082	1	70	2	131.526	0
16.011	1	58	11	6344.03	0
16.012	1	115	12	680.11	0
14.083	1	110	3	59.2911	0
16.013	1	48	13	307.511	0
16.014	1	37	14	3233.94	0
14.084	1	13	4	58.9295	0
16.015	1	135	15	870.7	0
14.085	1	66	5	175.201	0
14.086	1	72	6	107.428	0
14.087	1	103	7	2050.12	0
16.016	1	193	16	125.564	0
14.088	1	92	8	578.492	0
14.089	1	157	9	583.967	0
14.09	1	27	10	70.3007	0
16.017	1	197	17	282.854	0
16.018	1	38	18	159.916	0
14.091	1	58	11	1688.34	0
16.019	1	189	19	1554.1	0
14.092	1	115	12	699.138	0
16.02	1	40	20	8087.09	0
14.093	1	48	13	355.851	0
16.021	1	142	21	330.227	0
14.094	1	37	14	2730.77	0
16.022	1	86	22	958.173	0
14.095	1	135	15	634.6	0
16.023	1	100	23	1093.38	0
14.096	1	193	16	371.391	0
16.024	1	166	24	130.166	0
14.097	1	197	17	338.783	0
16.025	1	118	25	713.389	0
14.098	1	38	18	137.883	0
16.026	1	49	26	381.114	0
14.099	1	189	19	695.461	0
16.027	1	196	27	1049.49	0
14.1	1	40	20	8856.02	0
16.028	1	119	28	97.4845	0
16.029	1	200	29	63.9973	0
14.101	1	142	21	295.324	0
16.03	1	55	30	98.0215	0
14.102	1	86	22	478.417	0
16.031	1	95	31	224.805	0
14.103	1	100	23	2250.69	0
16.032	1	107	32	52.8231	0
14.104	1	166	24	86.4678	0
16.033	1	101	33	298.874	0
14.105	1	118	25	451.996	0
16.034	1	116	34	1988	0
14.106	1	49	26	805.188	0
14.107	1	196	27	352.863	0
16.035	1	61	35	127.946	0
14.108	1	119	28	44.6817	0
16.036	1	111	36	574.849	0
14.109	1	200	29	108.625	0
16.037	1	3	37	143.188	0
14.11	1	55	30	85.3089	0
16.038	1	4	38	360.396	0
14.111	1	95	31	104.821	0
16.039	1	195	39	305.595	0
14.112	1	107	32	29.5037	0
16.04	1	30	40	539.114	0
14.113	1	101	33	165.092	0
14.114	1	116	34	620.197	0
16.041	1	91	41	211.078	0
14.115	1	61	35	132.457	0
16.042	1	35	42	199.487	0
16.043	1	19	43	208.971	0
14.116	1	111	36	587.166	0
16.044	1	176	44	250.047	0
16.045	1	32	45	285.542	0
14.117	1	3	37	88.752	0
16.046	1	126	46	226.554	0
14.118	1	4	38	144.639	0
16.047	1	151	47	3869.4	0
14.119	1	195	39	375.503	0
16.048	1	160	48	173.592	0
16.049	1	79	49	1176.52	0
14.12	1	30	40	305.28	0
16.05	1	171	50	85.009	0
14.121	1	91	41	210.816	0
16.051	1	175	51	2622.91	0
14.122	1	35	42	98.5405	0
14.123	1	19	43	161.676	0
16.052	1	17	52	181.04	0
14.124	1	176	44	171.636	0
16.053	1	174	53	73.4968	0
14.125	1	32	45	327.892	0
16.054	1	74	54	612.261	0
14.126	1	126	46	177.758	0
16.055	1	39	55	190.356	0
14.127	1	151	47	3655.11	0
16.056	1	179	56	70.9864	0
14.128	1	160	48	195.029	0
16.057	1	194	57	1038.35	0
14.129	1	79	49	2756.76	0
14.13	1	171	50	57.552	0
16.058	1	28	58	513.933	0
14.131	1	175	51	4681.25	0
14.132	1	17	52	176.802	0
16.059	1	80	59	89.4431	0
16.06	1	105	60	87.8052	0
14.133	1	174	53	88.2402	0
16.061	1	168	61	2358.63	0
14.134	1	74	54	235.263	0
16.062	1	73	62	2485.86	0
14.135	1	39	55	214.05	0
14.136	1	179	56	70.7745	0
16.063	1	141	63	91.9791	0
16.064	1	53	64	222.52	0
14.137	1	194	57	2649.22	0
14.138	1	28	58	477.61	0
16.065	1	163	65	78.5337	0
16.066	1	62	66	276.438	0
14.139	1	80	59	57.9897	0
14.14	1	105	60	68.8267	0
16.067	1	89	67	3257.08	0
16.068	1	173	68	130.05	0
16.069	1	112	69	693.989	0
14.141	1	168	61	1456.93	0
16.07	1	93	70	32.9491	0
16.071	1	136	71	31.2584	0
14.142	1	73	62	3864.02	0
16.072	1	121	72	131.47	0
14.143	1	141	63	180.659	0
14.144	1	53	64	342.173	0
16.073	1	85	73	144.541	0
16.074	1	2	74	44.5419	0
14.145	1	163	65	166.287	0
14.146	1	62	66	90.3002	0
16.075	1	158	75	2100.61	0
14.147	1	89	67	3197.77	0
14.148	1	173	68	123.365	0
16.076	1	14	76	208.019	0
14.149	1	112	69	546.314	0
14.15	1	93	70	79.5815	0
16.077	1	1	77	626.358	0
16.078	1	133	78	164.227	0
14.151	1	136	71	102.996	0
16.079	1	34	79	100.683	0
16.08	1	18	80	73.0272	0
14.152	1	121	72	295.759	0
16.081	1	149	81	733.004	0
14.153	1	85	73	228.528	0
16.082	1	108	82	291.281	0
14.154	1	2	74	154.63	0
14.155	1	158	75	1307.17	0
16.083	1	97	83	8609.94	0
14.156	1	14	76	151.715	0
14.157	1	1	77	819.248	0
16.084	1	148	84	67.3238	0
16.085	1	51	85	255.369	0
14.158	1	133	78	186.103	0
16.086	1	9	86	344.747	0
14.159	1	34	79	170.66	0
16.087	1	132	87	198.963	0
14.16	1	18	80	122.082	0
16.088	1	181	88	146.557	0
14.161	1	149	81	3004.54	0
16.089	1	43	89	82.1792	0
16.09	1	84	90	196.322	0
14.162	1	108	82	278.454	0
16.091	1	183	91	1008.99	0
14.163	1	97	83	6960.89	0
16.092	1	44	92	194.702	0
14.164	1	148	84	63.7482	0
14.165	1	51	85	449.372	0
16.093	1	77	93	923.226	0
14.166	1	9	86	463.883	0
16.094	1	31	94	117.533	0
14.167	1	132	87	374.269	0
16.095	1	57	95	217.624	0
14.168	1	181	88	170.379	0
16.096	1	172	96	103.264	0
14.169	1	43	89	478.547	0
16.097	1	47	97	431.406	0
14.17	1	84	90	86.6581	0
16.098	1	187	98	406.507	0
14.171	1	183	91	517.659	0
16.099	1	180	99	270.502	0
14.172	1	44	92	167.51	0
16.1	1	147	100	5912.09	0
14.173	1	77	93	1380.3	0
14.174	1	31	94	375.485	0
16.101	1	46	101	1084.71	0
16.102	1	155	102	148.854	0
14.175	1	57	95	115.608	0
16.103	1	21	103	168.65	0
16.104	1	6	104	274.295	0
14.176	1	172	96	226.725	0
16.105	1	29	105	113.189	0
16.106	1	182	106	123.839	0
14.177	1	47	97	242.968	0
14.178	1	187	98	274.171	0
14.179	1	180	99	101.024	0
16.108	1	96	108	310.372	0
14.18	1	147	100	1904.1	0
16.109	1	42	109	435.632	0
16.11	1	165	110	1539.67	0
14.181	1	46	101	313.1	0
14.182	1	155	102	47.173	0
16.111	1	69	111	5029.68	0
16.112	1	88	112	615.586	0
14.183	1	21	103	469.949	0
16.113	1	188	113	1459.54	0
16.114	1	152	114	573.32	0
14.184	1	6	104	109.135	0
16.115	1	162	115	168.929	0
14.185	1	29	105	46.1013	0
14.186	1	182	106	231.819	0
16.116	1	11	116	625.122	0
14.188	1	96	108	155.889	0
14.189	1	42	109	349.063	0
16.117	1	139	117	1083.93	0
14.19	1	165	110	1768.97	0
16.118	1	98	118	362.624	0
14.191	1	69	111	5970.07	0
16.119	1	23	119	930.691	0
14.192	1	88	112	664.894	0
16.12	1	10	120	2085.71	0
14.193	1	188	113	1129.77	0
14.194	1	152	114	632.953	0
16.121	1	12	121	470.796	0
16.122	1	120	122	1849.47	0
14.195	1	162	115	210.641	0
16.123	1	150	123	150.758	0
14.196	1	11	116	434.892	0
16.124	1	8	124	84.3762	0
14.197	1	139	117	1558.12	0
16.125	1	16	125	294.31	0
14.198	1	98	118	93.2471	0
16.126	1	169	126	49.2481	0
14.199	1	23	119	312.537	0
16.127	1	94	127	114.109	0
16.128	1	170	128	2895.22	0
14.2	1	10	120	1343.91	0
16.129	1	54	129	86.7428	0
14.201	1	12	121	520.529	0
16.13	1	125	130	163.923	0
14.202	1	120	122	1214.97	0
16.131	1	90	131	527.004	0
16.132	1	134	132	225.396	0
14.203	1	150	123	162.441	0
14.204	1	8	124	51.1386	0
16.133	1	186	133	3029.91	0
14.205	1	16	125	485.035	0
16.134	1	67	134	9204.93	0
14.206	1	169	126	83.3913	0
14.207	1	94	127	307.555	0
16.135	1	102	135	3424.39	0
14.208	1	170	128	1109.95	0
16.136	1	63	136	1893.68	0
14.209	1	54	129	155.472	0
14.21	1	125	130	221.963	0
16.137	1	145	137	962.744	0
16.138	1	127	138	95.9763	0
14.211	1	90	131	1341.57	0
14.212	1	134	132	238.125	0
16.14	1	154	140	1899.93	0
14.213	1	186	133	935.256	0
14.214	1	67	134	8725.87	0
14.215	1	102	135	5430.04	0
16.141	1	20	141	61.2893	0
16.142	1	52	142	92.9948	0
16.143	1	138	143	1335.03	0
14.216	1	63	136	3214.92	0
16.144	1	83	144	116.651	0
16.145	1	5	145	1220.9	0
16.146	1	109	146	119.746	0
14.217	1	145	137	2676.15	0
14.218	1	127	138	148.061	0
16.147	1	33	147	2168.01	0
16.148	1	123	148	48.3328	0
16.149	1	99	149	3300.69	0
16.15	1	104	150	106.274	0
14.22	1	154	140	755.19	0
14.221	1	20	141	143.229	0
16.151	1	113	151	1192.73	0
14.222	1	52	142	138.113	0
14.223	1	138	143	374.658	0
16.152	1	106	152	290.48	0
14.224	1	83	144	75.7994	0
16.153	1	65	153	73.3328	0
14.225	1	5	145	2346.38	0
16.154	1	129	154	1120.54	0
14.226	1	109	146	134.22	0
14.227	1	33	147	1700.08	0
16.155	1	199	155	86.9127	0
14.228	1	123	148	108.329	0
14.229	1	99	149	858.531	0
14.23	1	104	150	137.125	0
14.231	1	113	151	1576.79	0
14.232	1	106	152	199.545	0
14.233	1	65	153	30.0552	0
14.234	1	129	154	332.901	0
14.235	1	199	155	266.602	0
16.163	1	64	163	259.196	0
16.164	1	59	164	585.798	0
16.165	1	114	165	329.655	0
16.166	1	198	166	104.318	0
16.167	1	41	167	578.656	0
16.168	1	56	168	317.675	0
16.169	1	190	169	160.322	0
16.17	1	75	170	226.863	0
16.171	1	87	171	850.79	0
16.172	1	26	172	7154.81	0
14.243	1	64	163	368.754	0
16.173	1	15	173	165.532	0
14.244	1	59	164	390.971	0
16.174	1	7	174	135.52	0
14.245	1	114	165	163.462	0
14.246	1	198	166	85.8044	0
14.247	1	41	167	227.845	0
16.175	1	164	175	359.836	0
14.248	1	56	168	128.112	0
14.249	1	190	169	95.251	0
16.176	1	191	176	167.538	0
14.25	1	75	170	261.941	0
16.177	1	131	177	251.031	0
16.178	1	122	178	306.405	0
14.251	1	87	171	748.757	0
14.252	1	26	172	4419.62	0
14.253	1	15	173	88.9807	0
14.254	1	7	174	157.596	0
14.255	1	164	175	622.079	0
14.256	1	191	176	363.264	0
14.257	1	131	177	330.597	0
16.185	1	71	185	91.8729	0
16.186	1	76	186	93.8211	0
14.258	1	122	178	270.735	0
16.187	1	82	187	850.086	0
16.188	1	184	188	250.312	0
16.189	1	68	189	104.444	0
16.19	1	177	190	115.474	0
16.191	1	24	191	189.216	0
16.192	1	117	192	62.5986	0
16.193	1	159	193	1861.14	0
14.265	1	71	185	151.389	0
16.194	1	22	194	242.816	0
14.266	1	76	186	680.015	0
16.195	1	137	195	312.218	0
14.267	1	82	187	1403.89	0
16.196	1	156	196	122.46	0
14.268	1	184	188	343.481	0
16.197	1	25	197	284.263	0
14.269	1	68	189	94.1148	0
16.198	1	50	198	76.2951	0
14.27	1	177	190	204.297	0
16.199	1	60	199	108.424	0
14.271	1	24	191	343.098	0
14.272	1	117	192	165.353	0
16.2	1	36	200	488.467	0
14.273	1	159	193	3044.3	0
16.201	1	78	201	71.3961	0
14.274	1	22	194	678.07	0
16.202	1	128	202	188.693	0
16.203	1	144	203	1110.8	0
14.275	1	137	195	254.71	0
16.204	1	178	204	173.141	0
14.276	1	156	196	98.0846	0
16.205	1	192	205	57.6679	0
16.206	1	146	206	655.859	0
14.277	1	25	197	511.933	0
14.278	1	50	198	403.906	0
16.207	1	140	207	630.475	0
14.279	1	60	199	61.9086	0
16.208	1	45	208	112.297	0
14.28	1	36	200	438.472	0
16.209	1	130	209	121.28	0
14.281	1	78	201	102.591	0
16.21	1	161	210	840.496	0
14.282	1	128	202	428.112	0
16.211	1	153	211	105.724	0
16.212	1	124	212	125.912	0
14.283	1	144	203	2046.38	0
16.213	1	167	213	257.327	0
16.214	1	81	214	1368.34	0
14.284	1	178	204	83.5538	0
16.215	1	185	215	354.213	0
14.285	1	192	205	82.9952	0
14.286	1	146	206	145.007	0
14.287	1	140	207	786.636	0
14.288	1	45	208	180.027	0
14.289	1	130	209	117.51	0
14.29	1	161	210	896.956	0
14.291	1	153	211	98.0899	0
14.292	1	124	212	116.504	0
14.293	1	167	213	633.627	0
14.294	1	81	214	1231.62	0
14.295	1	185	215	251.181	0
16.321	1	143	1	1006.16	0
16.322	1	70	2	132.747	0
16.323	1	110	3	193.956	0
16.324	1	13	4	115.608	0
16.325	1	66	5	178.397	0
16.326	1	72	6	94.8788	0
16.327	1	103	7	671.367	0
16.328	1	92	8	533.746	0
14.401	1	143	1	659.242	0
16.329	1	157	9	774.926	0
14.402	1	70	2	112.541	0
16.33	1	27	10	165.272	0
16.331	1	58	11	3404.45	0
14.403	1	110	3	153.517	0
16.332	1	115	12	470.285	0
14.404	1	13	4	66.6888	0
16.333	1	48	13	138.894	0
14.405	1	66	5	313.501	0
14.406	1	72	6	237.693	0
16.334	1	37	14	3926.56	0
14.407	1	103	7	2741.68	0
14.408	1	92	8	979.952	0
16.335	1	135	15	428.704	0
16.336	1	193	16	269.443	0
14.409	1	157	9	374.58	0
14.41	1	27	10	136.029	0
16.337	1	197	17	374.448	0
16.338	1	38	18	156.695	0
14.411	1	58	11	3913.98	0
14.412	1	115	12	455.43	0
16.339	1	189	19	1789.73	0
16.34	1	40	20	8738.46	0
14.413	1	48	13	329.5	0
14.414	1	37	14	3032.15	0
14.415	1	135	15	332.369	0
16.341	1	142	21	490.496	0
16.342	1	86	22	398.528	0
16.343	1	100	23	968.499	0
14.416	1	193	16	191.67	0
16.344	1	166	24	91.8548	0
16.345	1	118	25	962.059	0
16.346	1	49	26	598.914	0
14.417	1	197	17	331.882	0
16.347	1	196	27	308.437	0
14.418	1	38	18	263.848	0
16.348	1	119	28	80.5943	0
14.419	1	189	19	2180.68	0
16.349	1	200	29	109.933	0
16.35	1	55	30	94.0023	0
14.42	1	40	20	3784.2	0
16.351	1	95	31	441.691	0
14.421	1	142	21	342.879	0
14.422	1	86	22	325.274	0
16.352	1	107	32	107.768	0
14.423	1	100	23	981.881	0
16.353	1	101	33	343.076	0
14.424	1	166	24	149.945	0
16.354	1	116	34	997.623	0
14.425	1	118	25	555.992	0
16.355	1	61	35	66.4382	0
14.426	1	49	26	637.177	0
16.356	1	111	36	490.179	0
14.427	1	196	27	334.843	0
16.357	1	3	37	57.2273	0
14.428	1	119	28	79.932	0
16.358	1	4	38	90.1203	0
14.429	1	200	29	106.414	0
14.43	1	55	30	150.069	0
16.359	1	195	39	296.616	0
16.36	1	30	40	709.741	0
14.431	1	95	31	290.701	0
14.432	1	107	32	84.5454	0
16.361	1	91	41	170.416	0
14.433	1	101	33	240.269	0
16.362	1	35	42	199.517	0
14.434	1	116	34	2727.61	0
16.363	1	19	43	139.063	0
16.364	1	176	44	307.125	0
14.435	1	61	35	66.5994	0
16.365	1	32	45	255.537	0
14.436	1	111	36	329.381	0
16.366	1	126	46	231.846	0
14.437	1	3	37	47.7134	0
16.367	1	151	47	12040.5	0
14.438	1	4	38	243.651	0
16.368	1	160	48	375.88	0
14.439	1	195	39	458.592	0
16.369	1	79	49	1222.54	0
14.44	1	30	40	1069.21	0
16.37	1	171	50	44.106	0
16.371	1	175	51	2215.41	0
16.372	1	17	52	529.513	0
14.441	1	91	41	193.801	0
16.373	1	174	53	126.066	0
14.442	1	35	42	210.967	0
16.374	1	74	54	318.491	0
14.443	1	19	43	263.199	0
14.444	1	176	44	212.406	0
16.375	1	39	55	117.397	0
14.445	1	32	45	211.698	0
14.446	1	126	46	271.765	0
16.376	1	179	56	87.4647	0
14.447	1	151	47	1748.29	0
16.377	1	194	57	3005.01	0
14.448	1	160	48	120.657	0
16.378	1	28	58	533.153	0
14.449	1	79	49	1425.6	0
16.379	1	80	59	92.269	0
14.45	1	171	50	42.3198	0
16.38	1	105	60	155.375	0
14.451	1	175	51	2366.1	0
16.381	1	168	61	1076.76	0
16.382	1	73	62	4814.23	0
14.452	1	17	52	173.657	0
16.383	1	141	63	74.484	0
14.453	1	174	53	171.223	0
14.454	1	74	54	408.277	0
16.384	1	53	64	308.146	0
14.455	1	39	55	245.007	0
16.385	1	163	65	168.151	0
14.456	1	179	56	79.3259	0
16.386	1	62	66	421.017	0
14.457	1	194	57	2059	0
16.387	1	89	67	3524.18	0
14.458	1	28	58	421.56	0
16.388	1	173	68	117.606	0
14.459	1	80	59	151.458	0
16.389	1	112	69	846.665	0
14.46	1	105	60	150.627	0
16.39	1	93	70	148.472	0
14.461	1	168	61	881.644	0
16.391	1	136	71	104.063	0
16.392	1	121	72	295.224	0
14.462	1	73	62	1336.89	0
16.393	1	85	73	290.741	0
16.394	1	2	74	39.3806	0
14.463	1	141	63	137.825	0
14.464	1	53	64	301.241	0
16.395	1	158	75	1872.77	0
16.396	1	14	76	126.18	0
14.465	1	163	65	136.902	0
14.466	1	62	66	304.155	0
16.397	1	1	77	311.227	0
16.398	1	133	78	180.547	0
14.467	1	89	67	2758.48	0
14.468	1	173	68	242.81	0
14.469	1	112	69	1094.7	0
16.399	1	34	79	114.978	0
14.47	1	93	70	95.0432	0
16.4	1	18	80	119.266	0
14.471	1	136	71	64.0766	0
14.472	1	121	72	330.663	0
16.401	1	149	81	486.982	0
14.473	1	85	73	341.993	0
16.402	1	108	82	231.899	0
14.474	1	2	74	137.511	0
16.403	1	97	83	7327.47	0
16.404	1	148	84	68.3902	0
14.475	1	158	75	1550.1	0
16.405	1	51	85	1054.8	0
16.406	1	9	86	658.23	0
14.476	1	14	76	267.564	0
16.407	1	132	87	237.614	0
16.408	1	181	88	100.193	0
14.477	1	1	77	670.892	0
14.478	1	133	78	69.5562	0
16.409	1	43	89	126.4	0
16.41	1	84	90	78.6594	0
14.479	1	34	79	113.466	0
14.48	1	18	80	72.4542	0
16.411	1	183	91	651.715	0
16.412	1	44	92	185.177	0
14.481	1	149	81	573.653	0
14.482	1	108	82	101.868	0
16.413	1	77	93	391.403	0
16.414	1	31	94	264.775	0
14.483	1	97	83	5178.22	0
16.415	1	57	95	59.5899	0
14.484	1	148	84	46.3532	0
16.416	1	172	96	182.55	0
14.485	1	51	85	279.754	0
14.486	1	9	86	485.408	0
14.487	1	132	87	184.57	0
16.417	1	47	97	356.394	0
14.488	1	181	88	135.295	0
16.418	1	187	98	560.943	0
14.489	1	43	89	328.632	0
16.419	1	180	99	124.916	0
14.49	1	84	90	150.934	0
14.491	1	183	91	2553.12	0
16.42	1	147	100	2575.52	0
14.492	1	44	92	220.562	0
16.421	1	46	101	297.684	0
16.422	1	155	102	196.617	0
14.493	1	77	93	508.191	0
14.494	1	31	94	298.753	0
16.423	1	21	103	257.838	0
16.424	1	6	104	219.884	0
14.495	1	57	95	253.171	0
14.496	1	172	96	154.054	0
16.425	1	29	105	83.0255	0
16.426	1	182	106	116.685	0
14.497	1	47	97	512.435	0
14.498	1	187	98	357.482	0
14.499	1	180	99	155.232	0
16.428	1	96	108	244.992	0
14.5	1	147	100	4811	0
16.429	1	42	109	279.793	0
16.43	1	165	110	1517.47	0
14.501	1	46	101	450.684	0
16.431	1	69	111	23039.1	0
16.432	1	88	112	569.617	0
14.502	1	155	102	113.293	0
16.433	1	188	113	1478.69	0
14.503	1	21	103	214.226	0
14.504	1	6	104	147.381	0
16.434	1	152	114	506.981	0
14.505	1	29	105	96.9954	0
14.506	1	182	106	442.904	0
14.508	1	96	108	264.086	0
16.435	1	162	115	203.917	0
16.436	1	11	116	395.13	0
14.509	1	42	109	280.06	0
14.51	1	165	110	531.974	0
16.437	1	139	117	1186.03	0
16.438	1	98	118	284.562	0
14.511	1	69	111	5393.85	0
16.439	1	23	119	596.956	0
14.512	1	88	112	722.413	0
16.44	1	10	120	2968.52	0
14.513	1	188	113	1211.42	0
14.514	1	152	114	934.854	0
16.441	1	12	121	496.309	0
14.515	1	162	115	250.648	0
16.442	1	120	122	2495.38	0
16.443	1	150	123	182.647	0
14.516	1	11	116	537.395	0
16.444	1	8	124	201.659	0
14.517	1	139	117	1700.9	0
16.445	1	16	125	138.147	0
14.518	1	98	118	211.297	0
16.446	1	169	126	92.6572	0
14.519	1	23	119	588.285	0
16.447	1	94	127	219.773	0
16.448	1	170	128	2970.53	0
14.52	1	10	120	4662.6	0
16.449	1	54	129	192.96	0
16.45	1	125	130	187.909	0
14.521	1	12	121	272.229	0
14.522	1	120	122	1370.51	0
16.451	1	90	131	992.283	0
14.523	1	150	123	290.775	0
14.524	1	8	124	129.049	0
16.452	1	134	132	262.2	0
14.525	1	16	125	284.012	0
16.453	1	186	133	4057.72	0
14.526	1	169	126	90.922	0
16.454	1	67	134	14860	0
14.527	1	94	127	67.4463	0
16.455	1	102	135	5032.46	0
14.528	1	170	128	1880.32	0
16.456	1	63	136	3604.25	0
14.529	1	54	129	156.596	0
16.457	1	145	137	1258.73	0
14.53	1	125	130	504.93	0
14.531	1	90	131	949.101	0
14.532	1	134	132	129.159	0
16.458	1	127	138	151.974	0
14.533	1	186	133	1278.56	0
16.46	1	154	140	738.077	0
14.534	1	67	134	5848.5	0
16.461	1	20	141	163.661	0
14.535	1	102	135	3158.47	0
16.462	1	52	142	68.1945	0
14.536	1	63	136	5244.53	0
16.463	1	138	143	576.011	0
14.537	1	145	137	1076.13	0
16.464	1	83	144	74.5756	0
14.538	1	127	138	172.212	0
16.465	1	5	145	1302.45	0
16.466	1	109	146	391.836	0
14.54	1	154	140	1760.35	0
16.467	1	33	147	1748.32	0
16.468	1	123	148	101.639	0
14.541	1	20	141	124.482	0
16.469	1	99	149	2416.71	0
16.47	1	104	150	132.968	0
14.542	1	52	142	50.6918	0
16.471	1	113	151	1951.15	0
14.543	1	138	143	221.11	0
16.472	1	106	152	121.778	0
14.544	1	83	144	224.241	0
14.545	1	5	145	2284.95	0
16.473	1	65	153	57.1545	0
14.546	1	109	146	185.121	0
16.474	1	129	154	373.603	0
14.547	1	33	147	1691.8	0
14.548	1	123	148	96.3475	0
16.475	1	199	155	231.046	0
14.549	1	99	149	593.456	0
14.55	1	104	150	88.7885	0
14.551	1	113	151	875.417	0
14.552	1	106	152	98.6023	0
14.553	1	65	153	47.404	0
14.554	1	129	154	869.195	0
14.555	1	199	155	215.248	0
16.483	1	64	163	230.354	0
16.484	1	59	164	515.869	0
16.485	1	114	165	148.156	0
16.486	1	198	166	175.077	0
16.487	1	41	167	247.238	0
16.488	1	56	168	184.742	0
16.489	1	190	169	83.2093	0
16.49	1	75	170	94.2186	0
14.563	1	64	163	331.506	0
16.491	1	87	171	753.539	0
14.564	1	59	164	901.213	0
16.492	1	26	172	5589.62	0
14.565	1	114	165	172.561	0
14.566	1	198	166	95.2146	0
16.493	1	15	173	182.728	0
16.494	1	7	174	245.231	0
14.567	1	41	167	641.376	0
14.568	1	56	168	114.13	0
16.495	1	164	175	494.529	0
16.496	1	191	176	110.467	0
14.569	1	190	169	65.2933	0
14.57	1	75	170	497.682	0
16.497	1	131	177	136.687	0
16.498	1	122	178	308.597	0
14.571	1	87	171	736.37	0
14.572	1	26	172	3001.01	0
14.573	1	15	173	110.616	0
14.574	1	7	174	168.229	0
14.575	1	164	175	274.157	0
14.576	1	191	176	232.034	0
16.505	1	71	185	130.564	0
14.577	1	131	177	169.239	0
14.578	1	122	178	240.174	0
16.506	1	76	186	257.504	0
16.507	1	82	187	4391.9	0
16.508	1	184	188	196.746	0
16.509	1	68	189	67.7833	0
16.51	1	177	190	54.6098	0
16.511	1	24	191	274.083	0
16.512	1	117	192	50.8517	0
16.513	1	159	193	1201.26	0
16.514	1	22	194	432.994	0
16.515	1	137	195	408.181	0
14.585	1	71	185	106.1	0
14.586	1	76	186	153.85	0
14.587	1	82	187	3680.54	0
16.516	1	156	196	134.98	0
14.588	1	184	188	234.029	0
14.589	1	68	189	26.9444	0
14.59	1	177	190	74.4644	0
16.517	1	25	197	179.534	0
16.518	1	50	198	197.954	0
14.591	1	24	191	142.787	0
16.519	1	60	199	128.366	0
14.592	1	117	192	74.1399	0
16.52	1	36	200	505.387	0
14.593	1	159	193	1636.95	0
14.594	1	22	194	400.237	0
16.521	1	78	201	202.38	0
16.522	1	128	202	154.017	0
14.595	1	137	195	329.93	0
14.596	1	156	196	400.163	0
16.523	1	144	203	1938.17	0
16.524	1	178	204	310.347	0
14.597	1	25	197	156.371	0
14.598	1	50	198	473.528	0
16.525	1	192	205	38.8622	0
16.526	1	146	206	671.691	0
14.599	1	60	199	43.9632	0
16.527	1	140	207	635.057	0
14.6	1	36	200	560.869	0
16.528	1	45	208	85.0846	0
16.529	1	130	209	62.6012	0
14.601	1	78	201	158.384	0
16.53	1	161	210	1951.13	0
14.602	1	128	202	257.184	0
16.531	1	153	211	223.492	0
16.532	1	124	212	166.407	0
14.603	1	144	203	2405.15	0
16.533	1	167	213	365.772	0
14.604	1	178	204	138.949	0
14.605	1	192	205	120.742	0
16.534	1	81	214	1249.76	0
14.606	1	146	206	810.653	0
14.607	1	140	207	291.642	0
16.535	1	185	215	317.359	0
14.608	1	45	208	85.1069	0
14.609	1	130	209	152.825	0
14.61	1	161	210	655.199	0
14.611	1	153	211	282.331	0
14.612	1	124	212	205.843	0
14.613	1	167	213	260.681	0
14.614	1	81	214	553.107	0
14.615	1	185	215	563.714	0
16.641	1	143	1	580.126	0
16.642	1	70	2	147.106	0
16.643	1	110	3	257.134	0
16.644	1	13	4	91.7041	0
16.645	1	66	5	161.31	0
16.646	1	72	6	143.696	0
16.647	1	103	7	3353.25	0
16.648	1	92	8	772.87	0
16.649	1	157	9	232.125	0
16.65	1	27	10	122.32	0
16.651	1	58	11	5721.8	0
14.721	1	143	1	368.682	0
14.722	1	70	2	190.845	0
14.723	1	110	3	122.031	0
16.652	1	115	12	334.215	0
14.724	1	13	4	57.6124	0
16.653	1	48	13	240.481	0
14.725	1	66	5	91.9705	0
16.654	1	37	14	4605.97	0
14.726	1	72	6	112.957	0
16.655	1	135	15	340.715	0
14.727	1	103	7	1674.58	0
16.656	1	193	16	181.003	0
14.728	1	92	8	1646.16	0
16.657	1	197	17	496.212	0
14.729	1	157	9	243.858	0
14.73	1	27	10	141.925	0
16.658	1	38	18	100.896	0
16.659	1	189	19	2375.29	0
14.731	1	58	11	2425.52	0
16.66	1	40	20	8810.94	0
14.732	1	115	12	238.682	0
16.661	1	142	21	320.653	0
14.733	1	48	13	178.137	0
16.662	1	86	22	567.991	0
14.734	1	37	14	4753	0
16.663	1	100	23	1807.77	0
16.664	1	166	24	98.7836	0
14.735	1	135	15	302.692	0
14.736	1	193	16	225.423	0
16.665	1	118	25	683.15	0
16.666	1	49	26	432.4	0
14.737	1	197	17	258.777	0
14.738	1	38	18	67.123	0
16.667	1	196	27	375.416	0
16.668	1	119	28	51.7081	0
14.739	1	189	19	2692.95	0
14.74	1	40	20	6394.23	0
16.669	1	200	29	263.678	0
16.67	1	55	30	77.2885	0
16.671	1	95	31	256.595	0
14.741	1	142	21	310.007	0
16.672	1	107	32	84.7616	0
14.742	1	86	22	490.872	0
16.673	1	101	33	268.424	0
16.674	1	116	34	1273.94	0
14.743	1	100	23	1776.53	0
14.744	1	166	24	78.7895	0
16.675	1	61	35	187.897	0
14.745	1	118	25	627.871	0
14.746	1	49	26	519.636	0
16.676	1	111	36	332.766	0
14.747	1	196	27	460.99	0
14.748	1	119	28	84.4545	0
16.677	1	3	37	37.3988	0
16.678	1	4	38	65.2885	0
14.749	1	200	29	140.872	0
14.75	1	55	30	58.5845	0
16.679	1	195	39	169.591	0
16.68	1	30	40	535.917	0
14.751	1	95	31	360.571	0
16.681	1	91	41	123.884	0
14.752	1	107	32	32.1962	0
16.682	1	35	42	195.804	0
14.753	1	101	33	295.881	0
14.754	1	116	34	1742.86	0
16.683	1	19	43	228.433	0
14.755	1	61	35	61.7883	0
16.684	1	176	44	191.738	0
14.756	1	111	36	306.32	0
16.685	1	32	45	190.561	0
14.757	1	3	37	83.9793	0
16.686	1	126	46	101.225	0
14.758	1	4	38	315.003	0
16.687	1	151	47	4328.25	0
16.688	1	160	48	169.197	0
14.759	1	195	39	282.807	0
14.76	1	30	40	387.874	0
16.689	1	79	49	986.796	0
16.69	1	171	50	155.193	0
14.761	1	91	41	138.144	0
16.691	1	175	51	1790.89	0
16.692	1	17	52	476.082	0
14.762	1	35	42	353.774	0
14.763	1	19	43	77.0891	0
16.693	1	174	53	115.281	0
14.764	1	176	44	389.144	0
16.694	1	74	54	263.959	0
14.765	1	32	45	155.105	0
16.695	1	39	55	179.846	0
14.766	1	126	46	216.88	0
16.696	1	179	56	67.379	0
14.767	1	151	47	10955.3	0
16.697	1	194	57	1986.84	0
14.768	1	160	48	408.755	0
16.698	1	28	58	350.318	0
14.769	1	79	49	1124.87	0
16.699	1	80	59	20.458	0
14.77	1	171	50	51.7533	0
16.7	1	105	60	86.9675	0
14.771	1	175	51	3865.06	0
14.772	1	17	52	146.532	0
16.701	1	168	61	2830.81	0
14.773	1	174	53	34.4587	0
16.702	1	73	62	3242.07	0
16.703	1	141	63	241.606	0
14.774	1	74	54	415.765	0
16.704	1	53	64	192.986	0
14.775	1	39	55	307.135	0
16.705	1	163	65	92.3104	0
16.706	1	62	66	361.844	0
16.707	1	89	67	2096.67	0
14.776	1	179	56	56.0197	0
16.708	1	173	68	97.1643	0
14.777	1	194	57	1494.5	0
16.709	1	112	69	969.771	0
14.778	1	28	58	514.101	0
16.71	1	93	70	65.6421	0
14.779	1	80	59	98.5781	0
16.711	1	136	71	108.504	0
14.78	1	105	60	200.509	0
16.712	1	121	72	285.435	0
14.781	1	168	61	1907.81	0
16.713	1	85	73	73.983	0
14.782	1	73	62	3031.3	0
16.714	1	2	74	44.3071	0
16.715	1	158	75	2080.15	0
14.783	1	141	63	67.6985	0
14.784	1	53	64	334.69	0
16.716	1	14	76	277.527	0
14.785	1	163	65	190.344	0
14.786	1	62	66	402.903	0
16.717	1	1	77	306.982	0
16.718	1	133	78	153.502	0
14.787	1	89	67	2084.95	0
14.788	1	173	68	242.097	0
16.719	1	34	79	243.033	0
14.789	1	112	69	490.612	0
14.79	1	93	70	67.8383	0
16.72	1	18	80	129.432	0
16.721	1	149	81	2023.31	0
14.791	1	136	71	85.7473	0
16.722	1	108	82	64.5593	0
14.792	1	121	72	277.199	0
16.723	1	97	83	5826.21	0
16.724	1	148	84	31.653	0
14.793	1	85	73	363.365	0
14.794	1	2	74	66.0179	0
16.725	1	51	85	728.797	0
16.726	1	9	86	830.25	0
14.795	1	158	75	2489.85	0
14.796	1	14	76	170.666	0
16.727	1	132	87	285.91	0
16.728	1	181	88	120.145	0
14.797	1	1	77	322.684	0
14.798	1	133	78	200.323	0
16.729	1	43	89	354.223	0
16.73	1	84	90	149.151	0
14.799	1	34	79	118.09	0
16.731	1	183	91	1304.55	0
14.8	1	18	80	62.9695	0
16.732	1	44	92	305.569	0
16.733	1	77	93	418.559	0
14.801	1	149	81	1955.62	0
14.802	1	108	82	322.079	0
16.734	1	31	94	345.977	0
14.803	1	97	83	7300.93	0
16.735	1	57	95	123.23	0
16.736	1	172	96	128.162	0
14.804	1	148	84	54.441	0
16.737	1	47	97	1225.03	0
14.805	1	51	85	295.2	0
16.738	1	187	98	232.544	0
14.806	1	9	86	554.785	0
16.739	1	180	99	121.867	0
14.807	1	132	87	388.402	0
14.808	1	181	88	189.823	0
16.74	1	147	100	5333.08	0
14.809	1	43	89	370.869	0
14.81	1	84	90	126.659	0
16.741	1	46	101	110.31	0
14.811	1	183	91	493.226	0
16.742	1	155	102	147.414	0
14.812	1	44	92	259.769	0
16.743	1	21	103	296.117	0
14.813	1	77	93	462.079	0
16.744	1	6	104	150.204	0
14.814	1	31	94	312.602	0
16.745	1	29	105	167.086	0
14.815	1	57	95	118.83	0
16.746	1	182	106	82.6642	0
16.748	1	96	108	261.346	0
14.816	1	172	96	225.035	0
16.749	1	42	109	447.106	0
16.75	1	165	110	2068.77	0
16.751	1	69	111	4813.35	0
14.817	1	47	97	581.356	0
14.818	1	187	98	186.811	0
14.819	1	180	99	100.875	0
16.752	1	88	112	1259.01	0
16.753	1	188	113	1475.59	0
14.82	1	147	100	10049.5	0
16.754	1	152	114	780.182	0
14.821	1	46	101	401.753	0
16.755	1	162	115	178.079	0
14.822	1	155	102	63.397	0
16.756	1	11	116	169.064	0
14.823	1	21	103	195.209	0
16.757	1	139	117	1233.53	0
14.824	1	6	104	194.618	0
16.758	1	98	118	323.724	0
14.825	1	29	105	67.7318	0
14.826	1	182	106	203.841	0
16.759	1	23	119	357.783	0
16.76	1	10	120	4374.25	0
14.828	1	96	108	455.269	0
16.761	1	12	121	858.447	0
14.829	1	42	109	488.475	0
14.83	1	165	110	769.521	0
16.762	1	120	122	2763.73	0
14.831	1	69	111	9363.65	0
16.763	1	150	123	181.112	0
14.832	1	88	112	955.048	0
16.764	1	8	124	77.1805	0
14.833	1	188	113	1621.31	0
16.765	1	16	125	224.046	0
16.766	1	169	126	71.9551	0
14.834	1	152	114	193.594	0
16.767	1	94	127	104.866	0
16.768	1	170	128	1746.23	0
14.835	1	162	115	148.802	0
16.769	1	54	129	104.091	0
14.836	1	11	116	472.83	0
16.77	1	125	130	324.708	0
14.837	1	139	117	1205.17	0
16.771	1	90	131	467.57	0
14.838	1	98	118	221.397	0
16.772	1	134	132	293.744	0
14.839	1	23	119	1223.46	0
16.773	1	186	133	2353.69	0
14.84	1	10	120	2365.63	0
16.774	1	67	134	3858	0
14.841	1	12	121	309.396	0
16.775	1	102	135	2075.99	0
14.842	1	120	122	2586.59	0
16.776	1	63	136	2038.59	0
14.843	1	150	123	75.9162	0
16.777	1	145	137	553.003	0
14.844	1	8	124	68.4232	0
16.778	1	127	138	82.719	0
14.845	1	16	125	268.446	0
14.846	1	169	126	63.4904	0
16.78	1	154	140	2440.67	0
14.847	1	94	127	254.531	0
16.781	1	20	141	354.147	0
14.848	1	170	128	2956.88	0
16.782	1	52	142	63.2363	0
14.849	1	54	129	112.792	0
14.85	1	125	130	488.63	0
16.783	1	138	143	231.676	0
14.851	1	90	131	1339.51	0
16.784	1	83	144	94.5258	0
14.852	1	134	132	132.884	0
16.785	1	5	145	1640.74	0
16.786	1	109	146	384.462	0
14.853	1	186	133	2639.84	0
14.854	1	67	134	3591.74	0
16.787	1	33	147	1435.7	0
16.788	1	123	148	85.2091	0
14.855	1	102	135	8830.75	0
14.856	1	63	136	3876.49	0
16.789	1	99	149	2338.59	0
14.857	1	145	137	1576.53	0
16.79	1	104	150	59.0355	0
16.791	1	113	151	1625.68	0
14.858	1	127	138	62.703	0
16.792	1	106	152	217.451	0
14.86	1	154	140	888.378	0
16.793	1	65	153	106.52	0
16.794	1	129	154	624.955	0
14.861	1	20	141	182.492	0
16.795	1	199	155	273.729	0
14.862	1	52	142	63.9278	0
14.863	1	138	143	811.594	0
14.864	1	83	144	90.196	0
14.865	1	5	145	1533.85	0
14.866	1	109	146	158.028	0
14.867	1	33	147	2795.6	0
14.868	1	123	148	79.4704	0
14.869	1	99	149	1299.57	0
14.87	1	104	150	131.029	0
16.803	1	64	163	389.654	0
16.804	1	59	164	709.598	0
14.871	1	113	151	2221.08	0
14.872	1	106	152	110.459	0
16.805	1	114	165	169.759	0
16.806	1	198	166	221.231	0
14.873	1	65	153	97.5944	0
16.807	1	41	167	640.047	0
14.874	1	129	154	549.863	0
16.808	1	56	168	68.6408	0
16.809	1	190	169	59.4506	0
14.875	1	199	155	106.836	0
16.81	1	75	170	208.968	0
16.811	1	87	171	1670.53	0
16.812	1	26	172	2099.23	0
16.813	1	15	173	179.907	0
16.814	1	7	174	205.827	0
16.815	1	164	175	376.969	0
16.816	1	191	176	82.8889	0
14.883	1	64	163	388.418	0
16.817	1	131	177	298.873	0
16.818	1	122	178	343.497	0
14.884	1	59	164	406.322	0
14.885	1	114	165	289.569	0
14.886	1	198	166	85.7267	0
14.887	1	41	167	402.546	0
14.888	1	56	168	244.557	0
14.889	1	190	169	136.021	0
14.89	1	75	170	388.718	0
14.891	1	87	171	642.696	0
14.892	1	26	172	7630.9	0
16.825	1	71	185	112.461	0
16.826	1	76	186	231.706	0
16.827	1	82	187	2586.67	0
14.893	1	15	173	169.382	0
16.828	1	184	188	174.793	0
14.894	1	7	174	123.467	0
16.829	1	68	189	112.614	0
14.895	1	164	175	178.859	0
16.83	1	177	190	127.909	0
14.896	1	191	176	160.95	0
16.831	1	24	191	140.866	0
14.897	1	131	177	279.666	0
16.832	1	117	192	50.164	0
14.898	1	122	178	373.996	0
16.833	1	159	193	2306.68	0
16.834	1	22	194	292.023	0
16.835	1	137	195	543.29	0
16.836	1	156	196	161.38	0
16.837	1	25	197	280.319	0
16.838	1	50	198	218.694	0
16.839	1	60	199	80.8644	0
14.905	1	71	185	151.037	0
16.84	1	36	200	279.676	0
14.906	1	76	186	95.3402	0
14.907	1	82	187	2441.14	0
14.908	1	184	188	271.249	0
16.841	1	78	201	248.003	0
14.909	1	68	189	82.4794	0
14.91	1	177	190	163.475	0
16.842	1	128	202	308.437	0
14.911	1	24	191	322.118	0
16.843	1	144	203	1607.66	0
14.912	1	117	192	32.1909	0
16.844	1	178	204	117.699	0
14.913	1	159	193	2763.91	0
16.845	1	192	205	91.6101	0
14.914	1	22	194	537.715	0
16.846	1	146	206	605.03	0
14.915	1	137	195	503.894	0
16.847	1	140	207	564.426	0
16.848	1	45	208	61.2684	0
16.849	1	130	209	167.216	0
14.916	1	156	196	183.037	0
16.85	1	161	210	640.661	0
16.851	1	153	211	208.73	0
14.917	1	25	197	390.318	0
14.918	1	50	198	195.566	0
16.852	1	124	212	151.879	0
14.919	1	60	199	83.1099	0
16.853	1	167	213	292.388	0
16.854	1	81	214	1306.54	0
14.92	1	36	200	517.528	0
16.855	1	185	215	146.738	0
14.921	1	78	201	290.418	0
14.922	1	128	202	269.258	0
14.923	1	144	203	2357.2	0
14.924	1	178	204	120.151	0
14.925	1	192	205	48.3538	0
14.926	1	146	206	473.396	0
14.927	1	140	207	520.216	0
14.928	1	45	208	297.693	0
14.929	1	130	209	108.074	0
14.93	1	161	210	356.585	0
14.931	1	153	211	139.136	0
14.932	1	124	212	229.572	0
14.933	1	167	213	434.356	0
14.934	1	81	214	1433.97	0
14.935	1	185	215	384.779	0
15.041	1	143	1	537.576	0
15.042	1	70	2	122.374	0
15.043	1	110	3	185.759	0
15.044	1	13	4	84.7391	0
15.045	1	66	5	119.015	0
15.046	1	72	6	141.015	0
15.047	1	103	7	1315.6	0
15.048	1	92	8	415.819	0
15.049	1	157	9	687.942	0
15.05	1	27	10	125.885	0
15.051	1	58	11	4715.74	0
15.052	1	115	12	733.405	0
15.053	1	48	13	264.92	0
15.054	1	37	14	3309.52	0
15.055	1	135	15	469.099	0
15.056	1	193	16	216.966	0
15.057	1	197	17	562.726	0
15.058	1	38	18	123.591	0
15.059	1	189	19	484.817	0
16.961	1	143	1	641.668	0
15.06	1	40	20	5891.07	0
15.061	1	142	21	655.481	0
16.962	1	70	2	108.195	0
15.062	1	86	22	241.64	0
15.063	1	100	23	3668.2	0
16.963	1	110	3	242.384	0
15.064	1	166	24	229.831	0
15.065	1	118	25	251.19	0
16.964	1	13	4	86.821	0
15.066	1	49	26	475.985	0
15.067	1	196	27	644.299	0
16.965	1	66	5	286.975	0
15.068	1	119	28	81.6227	0
15.069	1	200	29	161.567	0
16.966	1	72	6	119.889	0
15.07	1	55	30	60.6	0
15.071	1	95	31	318.642	0
15.072	1	107	32	40.5963	0
16.967	1	103	7	463.549	0
15.073	1	101	33	144.674	0
16.968	1	92	8	872.18	0
15.074	1	116	34	1460.97	0
16.969	1	157	9	203.19	0
15.075	1	61	35	206.57	0
16.97	1	27	10	94.0495	0
15.076	1	111	36	316.127	0
15.077	1	3	37	69.8045	0
15.078	1	4	38	108.93	0
16.971	1	58	11	3473.36	0
15.079	1	195	39	289.211	0
15.08	1	30	40	745.482	0
16.972	1	115	12	300.194	0
15.081	1	91	41	153.232	0
15.082	1	35	42	187.735	0
16.973	1	48	13	148.831	0
16.974	1	37	14	2741.36	0
15.083	1	19	43	143.153	0
15.084	1	176	44	235.195	0
15.085	1	32	45	290.742	0
16.975	1	135	15	577.77	0
15.086	1	126	46	235.414	0
15.087	1	151	47	1246.67	0
15.088	1	160	48	413.754	0
16.976	1	193	16	197.785	0
15.089	1	79	49	1772.13	0
15.09	1	171	50	45.6908	0
15.091	1	175	51	5332.23	0
15.092	1	17	52	361.258	0
15.093	1	174	53	53.4154	0
15.094	1	74	54	582.327	0
15.095	1	39	55	199.183	0
15.096	1	179	56	51.4705	0
16.977	1	197	17	562.019	0
15.097	1	194	57	616.386	0
15.098	1	28	58	560.31	0
16.978	1	38	18	76.5854	0
15.099	1	80	59	55.6932	0
16.979	1	189	19	1009.46	0
16.98	1	40	20	7672.18	0
15.1	1	105	60	126.169	0
16.981	1	142	21	882.099	0
16.982	1	86	22	590.714	0
15.101	1	168	61	1506.75	0
15.102	1	73	62	1828.25	0
16.983	1	100	23	1603.37	0
15.103	1	141	63	200.025	0
15.104	1	53	64	289.183	0
16.984	1	166	24	261.35	0
15.105	1	163	65	123.831	0
16.985	1	118	25	255.164	0
15.106	1	62	66	158.69	0
16.986	1	49	26	523.294	0
15.107	1	89	67	1480.19	0
15.108	1	173	68	228.854	0
16.987	1	196	27	257.197	0
16.988	1	119	28	119.419	0
15.109	1	112	69	893.522	0
15.11	1	93	70	87.1281	0
16.989	1	200	29	95.7367	0
16.99	1	55	30	163.856	0
15.111	1	136	71	117.421	0
15.112	1	121	72	137.184	0
16.991	1	95	31	132.052	0
16.992	1	107	32	68.0193	0
15.113	1	85	73	105.964	0
15.114	1	2	74	175.506	0
16.993	1	101	33	144.306	0
15.115	1	158	75	1604.23	0
16.994	1	116	34	947.105	0
16.995	1	61	35	253.394	0
16.996	1	111	36	329.013	0
15.116	1	14	76	372.336	0
16.997	1	3	37	73.764	0
16.998	1	4	38	131.181	0
15.117	1	1	77	155.627	0
16.999	1	195	39	274.25	0
15.118	1	133	78	85.1347	0
17	1	30	40	1353.5	0
15.119	1	34	79	92.3412	0
15.12	1	18	80	49.8018	0
17.001	1	91	41	164.181	0
17.002	1	35	42	397.759	0
15.121	1	149	81	467.132	0
15.122	1	108	82	306.823	0
17.003	1	19	43	124.385	0
15.123	1	97	83	2315.4	0
17.004	1	176	44	156.05	0
15.124	1	148	84	94.0257	0
17.005	1	32	45	256.245	0
17.006	1	126	46	468.345	0
15.125	1	51	85	430.502	0
15.126	1	9	86	546.924	0
17.007	1	151	47	5768.59	0
17.008	1	160	48	415.587	0
15.127	1	132	87	146.02	0
15.128	1	181	88	100.582	0
17.009	1	79	49	1689.66	0
17.01	1	171	50	91.3221	0
15.129	1	43	89	376.712	0
15.13	1	84	90	485.482	0
17.011	1	175	51	1431.5	0
15.131	1	183	91	584.18	0
17.012	1	17	52	479.805	0
15.132	1	44	92	275.889	0
17.013	1	174	53	45.8214	0
15.133	1	77	93	596.091	0
17.014	1	74	54	500.218	0
17.015	1	39	55	193.099	0
15.134	1	31	94	292.283	0
15.135	1	57	95	139.298	0
17.016	1	179	56	92.0675	0
15.136	1	172	96	165.358	0
15.137	1	47	97	360.535	0
15.138	1	187	98	479.157	0
17.017	1	194	57	1667.07	0
17.018	1	28	58	799.667	0
15.139	1	180	99	211.98	0
15.14	1	147	100	8951.52	0
17.019	1	80	59	50.7968	0
17.02	1	105	60	127.376	0
15.141	1	46	101	236.236	0
17.021	1	168	61	2266.28	0
15.142	1	155	102	138.011	0
17.022	1	73	62	3485.2	0
15.143	1	21	103	350.543	0
17.023	1	141	63	298.32	0
15.144	1	6	104	169.463	0
17.024	1	53	64	225.031	0
15.145	1	29	105	76.2545	0
17.025	1	163	65	206.799	0
15.146	1	182	106	510.943	0
17.026	1	62	66	740.719	0
17.027	1	89	67	1140.57	0
15.148	1	96	108	177.285	0
17.028	1	173	68	179.844	0
15.149	1	42	109	247.275	0
17.029	1	112	69	575.869	0
15.15	1	165	110	1748.13	0
17.03	1	93	70	117.362	0
15.151	1	69	111	6782.35	0
17.031	1	136	71	90.822	0
17.032	1	121	72	81.5095	0
15.152	1	88	112	957.437	0
17.033	1	85	73	231.161	0
15.153	1	188	113	1225.43	0
15.154	1	152	114	550.454	0
17.034	1	2	74	102.272	0
15.155	1	162	115	210.138	0
15.156	1	11	116	481.009	0
17.035	1	158	75	1281.03	0
17.036	1	14	76	503.208	0
15.157	1	139	117	1300.27	0
17.037	1	1	77	653.823	0
17.038	1	133	78	174.676	0
15.158	1	98	118	107.159	0
17.039	1	34	79	210.731	0
15.159	1	23	119	205.415	0
17.04	1	18	80	95.1528	0
15.16	1	10	120	4135.85	0
15.161	1	12	121	488.585	0
17.041	1	149	81	1046.97	0
15.162	1	120	122	2115.3	0
17.042	1	108	82	254.427	0
15.163	1	150	123	179.54	0
15.164	1	8	124	71.1661	0
17.043	1	97	83	7217.62	0
17.044	1	148	84	48.4118	0
15.165	1	16	125	261.593	0
15.166	1	169	126	56.565	0
17.045	1	51	85	515.495	0
17.046	1	9	86	537.06	0
15.167	1	94	127	160.122	0
15.168	1	170	128	3291.21	0
17.047	1	132	87	203.536	0
17.048	1	181	88	171.418	0
15.169	1	54	129	307.812	0
15.17	1	125	130	383.936	0
17.049	1	43	89	464.821	0
17.05	1	84	90	486.577	0
15.171	1	90	131	670.498	0
15.172	1	134	132	193.454	0
17.051	1	183	91	816.413	0
15.173	1	186	133	1897.12	0
17.052	1	44	92	281.248	0
15.174	1	67	134	9340.66	0
17.053	1	77	93	908.032	0
17.054	1	31	94	398.273	0
15.175	1	102	135	4583.6	0
17.055	1	57	95	275.431	0
17.056	1	172	96	250.915	0
15.176	1	63	136	3691.99	0
17.057	1	47	97	285.764	0
15.177	1	145	137	2412.28	0
15.178	1	127	138	151.489	0
17.058	1	187	98	260.545	0
15.18	1	154	140	962.901	0
17.059	1	180	99	51.8601	0
17.06	1	147	100	11993.9	0
15.181	1	20	141	405.583	0
15.182	1	52	142	57.7622	0
17.061	1	46	101	135.865	0
15.183	1	138	143	465.333	0
17.062	1	155	102	101.099	0
17.063	1	21	103	347.172	0
15.184	1	83	144	108.047	0
17.064	1	6	104	239.656	0
15.185	1	5	145	1932.95	0
17.065	1	29	105	129.989	0
15.186	1	109	146	150.636	0
17.066	1	182	106	125.251	0
15.187	1	33	147	1293.27	0
15.188	1	123	148	47.5618	0
17.068	1	96	108	433.659	0
15.189	1	99	149	2211.19	0
17.069	1	42	109	611.545	0
15.19	1	104	150	154.247	0
17.07	1	165	110	1256.39	0
15.191	1	113	151	2104.83	0
17.071	1	69	111	7572.98	0
15.192	1	106	152	87.1318	0
17.072	1	88	112	784.409	0
17.073	1	188	113	563.034	0
15.193	1	65	153	29.3933	0
17.074	1	152	114	322.62	0
15.194	1	129	154	730.446	0
15.195	1	199	155	196.577	0
17.075	1	162	115	179.036	0
17.076	1	11	116	200.8	0
17.077	1	139	117	1644.41	0
17.078	1	98	118	364.94	0
17.079	1	23	119	758.023	0
17.08	1	10	120	936.666	0
17.081	1	12	121	361.633	0
17.082	1	120	122	1847.63	0
15.203	1	64	163	421.205	0
15.204	1	59	164	1020.27	0
17.083	1	150	123	116.78	0
15.205	1	114	165	138.166	0
15.206	1	198	166	58.017	0
17.084	1	8	124	206.504	0
15.207	1	41	167	326.88	0
17.085	1	16	125	139.852	0
15.208	1	56	168	202.47	0
17.086	1	169	126	48.0564	0
15.209	1	190	169	47.3696	0
17.087	1	94	127	91.4027	0
15.21	1	75	170	225.455	0
17.088	1	170	128	3040.17	0
15.211	1	87	171	694.107	0
17.089	1	54	129	84.6821	0
15.212	1	26	172	3958.23	0
17.09	1	125	130	248.364	0
15.213	1	15	173	226.464	0
17.091	1	90	131	447.316	0
15.214	1	7	174	82.1748	0
17.092	1	134	132	103.209	0
15.215	1	164	175	504.379	0
17.093	1	186	133	1314.07	0
17.094	1	67	134	4773.95	0
17.095	1	102	135	5893.61	0
15.216	1	191	176	133.992	0
17.096	1	63	136	3522.86	0
17.097	1	145	137	1595.71	0
15.217	1	131	177	311.62	0
17.098	1	127	138	169.739	0
15.218	1	122	178	127.417	0
17.1	1	154	140	894.296	0
17.101	1	20	141	320.407	0
17.102	1	52	142	62.2903	0
17.103	1	138	143	333.269	0
17.104	1	83	144	58.4199	0
15.225	1	71	185	51.0106	0
17.105	1	5	145	2156.27	0
15.226	1	76	186	308.357	0
17.106	1	109	146	87.9044	0
15.227	1	82	187	4049.86	0
17.107	1	33	147	1882.1	0
15.228	1	184	188	618.375	0
17.108	1	123	148	100.213	0
15.229	1	68	189	39.1157	0
15.23	1	177	190	133.939	0
17.109	1	99	149	2603.41	0
17.11	1	104	150	63.0861	0
15.231	1	24	191	303.893	0
15.232	1	117	192	127.371	0
17.111	1	113	151	1469.1	0
15.233	1	159	193	1876.16	0
17.112	1	106	152	111.699	0
17.113	1	65	153	115.317	0
15.234	1	22	194	363.29	0
17.114	1	129	154	856.192	0
17.115	1	199	155	223.948	0
15.235	1	137	195	263.991	0
15.236	1	156	196	117.272	0
15.237	1	25	197	175.499	0
15.238	1	50	198	173.362	0
15.239	1	60	199	92.2442	0
15.24	1	36	200	359.027	0
15.241	1	78	201	167.909	0
15.242	1	128	202	98.9133	0
15.243	1	144	203	2267.35	0
15.244	1	178	204	209.561	0
15.245	1	192	205	44.7031	0
15.246	1	146	206	399.926	0
15.247	1	140	207	414.075	0
17.123	1	64	163	208.626	0
15.248	1	45	208	75.1997	0
17.124	1	59	164	655.596	0
15.249	1	130	209	137.849	0
17.125	1	114	165	161.221	0
15.25	1	161	210	307.386	0
17.126	1	198	166	99.0835	0
15.251	1	153	211	84.481	0
17.127	1	41	167	294.221	0
17.128	1	56	168	93.0167	0
17.129	1	190	169	79.9209	0
15.252	1	124	212	285.915	0
17.13	1	75	170	195.349	0
15.253	1	167	213	223.149	0
15.254	1	81	214	1185.21	0
17.131	1	87	171	276.084	0
17.132	1	26	172	10604	0
15.255	1	185	215	375.696	0
17.133	1	15	173	99.6096	0
17.134	1	7	174	140.668	0
17.135	1	164	175	377.807	0
17.136	1	191	176	290.96	0
17.137	1	131	177	267.93	0
17.138	1	122	178	286.962	0
17.145	1	71	185	146.655	0
17.146	1	76	186	79.7842	0
17.147	1	82	187	5401.09	0
17.148	1	184	188	216.12	0
17.149	1	68	189	86.6467	0
17.15	1	177	190	144.69	0
17.151	1	24	191	234.138	0
17.152	1	117	192	41.7981	0
17.153	1	159	193	3598.17	0
17.154	1	22	194	608.282	0
17.155	1	137	195	466.848	0
17.156	1	156	196	181.875	0
17.157	1	25	197	491.082	0
17.158	1	50	198	104.843	0
17.159	1	60	199	105.693	0
17.16	1	36	200	897.481	0
17.161	1	78	201	376.329	0
17.162	1	128	202	286.018	0
17.163	1	144	203	3606.18	0
17.164	1	178	204	108.704	0
17.165	1	192	205	88.437	0
17.166	1	146	206	345.365	0
17.167	1	140	207	802.892	0
17.168	1	45	208	71.24	0
17.169	1	130	209	183.383	0
17.17	1	161	210	1365.49	0
17.171	1	153	211	391.299	0
17.172	1	124	212	196.632	0
17.173	1	167	213	250.585	0
17.174	1	81	214	814.379	0
17.175	1	185	215	444.419	0
15.361	1	143	1	179.011	0
15.362	1	70	2	204.068	0
15.363	1	110	3	148.629	0
15.364	1	13	4	73.4772	0
15.365	1	66	5	238.097	0
15.366	1	72	6	129.075	0
15.367	1	103	7	1784.35	0
15.368	1	92	8	802.722	0
15.369	1	157	9	131.55	0
15.37	1	27	10	74.2583	0
15.371	1	58	11	3817.95	0
15.372	1	115	12	490.869	0
15.373	1	48	13	414.992	0
15.374	1	37	14	5719.6	0
15.375	1	135	15	214.344	0
15.376	1	193	16	317.862	0
15.377	1	197	17	378.321	0
15.378	1	38	18	111.869	0
15.379	1	189	19	1268.24	0
15.38	1	40	20	3951.69	0
15.381	1	142	21	420.056	0
15.382	1	86	22	277.979	0
15.383	1	100	23	1129.66	0
15.384	1	166	24	55.2429	0
15.385	1	118	25	639.507	0
15.386	1	49	26	465.331	0
15.387	1	196	27	661.484	0
15.388	1	119	28	80.2089	0
15.389	1	200	29	197.296	0
15.39	1	55	30	96.259	0
15.391	1	95	31	158.124	0
15.392	1	107	32	109.478	0
15.393	1	101	33	145.852	0
15.394	1	116	34	2116.51	0
15.395	1	61	35	102.322	0
15.396	1	111	36	415.549	0
15.397	1	3	37	35.1216	0
15.398	1	4	38	145.479	0
15.399	1	195	39	234.946	0
15.4	1	30	40	718.276	0
15.401	1	91	41	232.346	0
15.402	1	35	42	167.187	0
15.403	1	19	43	222.909	0
15.404	1	176	44	255.867	0
15.405	1	32	45	263.422	0
17.281	1	143	1	523.587	0
15.406	1	126	46	248.208	0
17.282	1	70	2	122.784	0
15.407	1	151	47	4762.71	0
15.408	1	160	48	284.857	0
17.283	1	110	3	229.688	0
15.409	1	79	49	2609.42	0
17.284	1	13	4	45.6913	0
15.41	1	171	50	99.1269	0
17.285	1	66	5	316.967	0
15.411	1	175	51	4942.43	0
17.286	1	72	6	120.125	0
15.412	1	17	52	158.899	0
17.287	1	103	7	2580.17	0
15.413	1	174	53	73.7173	0
17.288	1	92	8	857.774	0
15.414	1	74	54	365.069	0
17.289	1	157	9	911.976	0
15.415	1	39	55	93.0035	0
17.29	1	27	10	115.277	0
17.291	1	58	11	8809.81	0
17.292	1	115	12	826.468	0
15.416	1	179	56	35.7658	0
17.293	1	48	13	381.78	0
17.294	1	37	14	3253.48	0
17.295	1	135	15	458.785	0
17.296	1	193	16	386.354	0
15.417	1	194	57	1086.84	0
15.418	1	28	58	848.517	0
17.297	1	197	17	208.082	0
17.298	1	38	18	56.8537	0
15.419	1	80	59	31.3424	0
17.299	1	189	19	1065.77	0
15.42	1	105	60	126.917	0
17.3	1	40	20	6592.16	0
15.421	1	168	61	2584.47	0
15.422	1	73	62	7655.83	0
17.301	1	142	21	249.954	0
17.302	1	86	22	1335.13	0
15.423	1	141	63	54.8007	0
15.424	1	53	64	191.174	0
17.303	1	100	23	2607.97	0
15.425	1	163	65	58.1061	0
17.304	1	166	24	88.3414	0
15.426	1	62	66	235.924	0
17.305	1	118	25	353.816	0
15.427	1	89	67	1210.12	0
17.306	1	49	26	506.993	0
15.428	1	173	68	113.45	0
17.307	1	196	27	173.794	0
15.429	1	112	69	648.585	0
17.308	1	119	28	70.0025	0
15.43	1	93	70	94.3978	0
15.431	1	136	71	231.405	0
17.309	1	200	29	194.53	0
15.432	1	121	72	238.181	0
17.31	1	55	30	237.721	0
15.433	1	85	73	311.479	0
17.311	1	95	31	307.507	0
17.312	1	107	32	68.191	0
15.434	1	2	74	76.9387	0
17.313	1	101	33	250.415	0
17.314	1	116	34	1308.52	0
15.435	1	158	75	2146.16	0
15.436	1	14	76	508.153	0
17.315	1	61	35	90.3213	0
15.437	1	1	77	180.212	0
15.438	1	133	78	290.249	0
17.316	1	111	36	215.428	0
15.439	1	34	79	98.9928	0
15.44	1	18	80	45.8952	0
17.317	1	3	37	54.738	0
17.318	1	4	38	245.382	0
15.441	1	149	81	1570.49	0
17.319	1	195	39	308.798	0
15.442	1	108	82	302.356	0
15.443	1	97	83	12874	0
17.32	1	30	40	805.355	0
15.444	1	148	84	164.263	0
17.321	1	91	41	243.601	0
15.445	1	51	85	764.482	0
17.322	1	35	42	398.494	0
15.446	1	9	86	542.923	0
17.323	1	19	43	273.068	0
15.447	1	132	87	318.634	0
17.324	1	176	44	144.549	0
15.448	1	181	88	313.43	0
17.325	1	32	45	290.274	0
15.449	1	43	89	190.075	0
17.326	1	126	46	230.223	0
15.45	1	84	90	308.101	0
17.327	1	151	47	2664.75	0
15.451	1	183	91	419.972	0
17.328	1	160	48	246.46	0
17.329	1	79	49	1138.97	0
15.452	1	44	92	487.061	0
17.33	1	171	50	129.343	0
15.453	1	77	93	629.106	0
17.331	1	175	51	1562.02	0
15.454	1	31	94	684.337	0
17.332	1	17	52	249.279	0
15.455	1	57	95	73.042	0
17.333	1	174	53	58.3999	0
15.456	1	172	96	225.994	0
17.334	1	74	54	255.041	0
15.457	1	47	97	441.709	0
17.335	1	39	55	135.442	0
15.458	1	187	98	852.5	0
17.336	1	179	56	140.846	0
15.459	1	180	99	141.982	0
17.337	1	194	57	988.444	0
15.46	1	147	100	5722.47	0
17.338	1	28	58	941.279	0
15.461	1	46	101	285.091	0
17.339	1	80	59	101.996	0
17.34	1	105	60	195.281	0
15.462	1	155	102	190.768	0
15.463	1	21	103	231.36	0
15.464	1	6	104	269.664	0
17.341	1	168	61	1149.62	0
15.465	1	29	105	136.991	0
17.342	1	73	62	1828.52	0
15.466	1	182	106	125.517	0
17.343	1	141	63	50.3849	0
17.344	1	53	64	270.976	0
15.468	1	96	108	129.91	0
17.345	1	163	65	123.507	0
15.469	1	42	109	544.51	0
17.346	1	62	66	243.215	0
15.47	1	165	110	1082.18	0
17.347	1	89	67	2580.14	0
15.471	1	69	111	5241.52	0
17.348	1	173	68	196.366	0
15.472	1	88	112	1625.32	0
17.349	1	112	69	406.688	0
15.473	1	188	113	2743.61	0
17.35	1	93	70	73.7259	0
15.474	1	152	114	492.111	0
17.351	1	136	71	67.4343	0
15.475	1	162	115	164.938	0
17.352	1	121	72	94.208	0
15.476	1	11	116	248.573	0
17.353	1	85	73	97.4629	0
17.354	1	2	74	69.7426	0
15.477	1	139	117	1454.84	0
15.478	1	98	118	217.735	0
17.355	1	158	75	1498.78	0
17.356	1	14	76	447.183	0
15.479	1	23	119	569.618	0
15.48	1	10	120	1857.15	0
17.357	1	1	77	516.13	0
15.481	1	12	121	335.214	0
15.482	1	120	122	1752.43	0
17.358	1	133	78	158.048	0
15.483	1	150	123	292.4	0
17.359	1	34	79	74.5046	0
17.36	1	18	80	46.5078	0
15.484	1	8	124	353.172	0
17.361	1	149	81	939.405	0
15.485	1	16	125	264.447	0
15.486	1	169	126	89.4984	0
17.362	1	108	82	162.619	0
15.487	1	94	127	202.767	0
17.363	1	97	83	4594.72	0
15.488	1	170	128	3284.21	0
17.364	1	148	84	60.9987	0
15.489	1	54	129	116.794	0
15.49	1	125	130	236.887	0
17.365	1	51	85	309.129	0
17.366	1	9	86	206.208	0
15.491	1	90	131	439.021	0
15.492	1	134	132	94.2367	0
17.367	1	132	87	274.715	0
17.368	1	181	88	167.842	0
17.369	1	43	89	433.214	0
15.493	1	186	133	2300.94	0
17.37	1	84	90	304.62	0
15.494	1	67	134	2762.56	0
17.371	1	183	91	419.673	0
15.495	1	102	135	8298.61	0
15.496	1	63	136	6928.83	0
17.372	1	44	92	414.583	0
15.497	1	145	137	1003.99	0
17.373	1	77	93	1070.4	0
15.498	1	127	138	187.558	0
17.374	1	31	94	381.806	0
15.5	1	154	140	663.595	0
17.375	1	57	95	146.329	0
17.376	1	172	96	210.764	0
15.501	1	20	141	339.395	0
15.502	1	52	142	74.2807	0
17.377	1	47	97	273.587	0
17.378	1	187	98	176.368	0
15.503	1	138	143	362.917	0
15.504	1	83	144	51.9571	0
17.379	1	180	99	190.563	0
17.38	1	147	100	5203.1	0
15.505	1	5	145	1052.97	0
15.506	1	109	146	224.357	0
17.381	1	46	101	567.772	0
17.382	1	155	102	116.446	0
15.507	1	33	147	2163.42	0
15.508	1	123	148	49.3131	0
17.383	1	21	103	309.18	0
15.509	1	99	149	2611.92	0
15.51	1	104	150	272.149	0
17.384	1	6	104	324.148	0
17.385	1	29	105	104.274	0
15.511	1	113	151	2410.36	0
15.512	1	106	152	106.506	0
17.386	1	182	106	125.947	0
15.513	1	65	153	77.8028	0
15.514	1	129	154	543.33	0
17.388	1	96	108	138.257	0
15.515	1	199	155	185.427	0
17.389	1	42	109	654.932	0
17.39	1	165	110	2704.61	0
17.391	1	69	111	3925.29	0
17.392	1	88	112	925.183	0
17.393	1	188	113	1772.63	0
17.394	1	152	114	588.304	0
17.395	1	162	115	153.177	0
17.396	1	11	116	342.04	0
17.397	1	139	117	803.126	0
17.398	1	98	118	204.478	0
17.399	1	23	119	384.807	0
15.523	1	64	163	249.24	0
15.524	1	59	164	368.198	0
17.4	1	10	120	3198.44	0
15.525	1	114	165	155.218	0
17.401	1	12	121	506.453	0
15.526	1	198	166	237.219	0
17.402	1	120	122	1402.58	0
15.527	1	41	167	383.023	0
15.528	1	56	168	105.066	0
17.403	1	150	123	218.801	0
17.404	1	8	124	224.984	0
15.529	1	190	169	147.318	0
15.53	1	75	170	214.511	0
17.405	1	16	125	205.243	0
17.406	1	169	126	20.9599	0
15.531	1	87	171	263.489	0
15.532	1	26	172	6072.76	0
17.407	1	94	127	51.0719	0
15.533	1	15	173	158.767	0
17.408	1	170	128	4730.3	0
17.409	1	54	129	99.2618	0
15.534	1	7	174	203.717	0
17.41	1	125	130	397.401	0
17.411	1	90	131	532.312	0
15.535	1	164	175	358.914	0
17.412	1	134	132	84.5053	0
15.536	1	191	176	167.577	0
15.537	1	131	177	302.08	0
17.413	1	186	133	5968.93	0
15.538	1	122	178	279.434	0
17.414	1	67	134	2869.5	0
17.415	1	102	135	4204.48	0
17.416	1	63	136	5120.3	0
17.417	1	145	137	1417.28	0
17.418	1	127	138	117.586	0
15.545	1	71	185	29.0164	0
15.546	1	76	186	75.2463	0
15.547	1	82	187	2577.76	0
17.42	1	154	140	1197.22	0
15.548	1	184	188	363.23	0
17.421	1	20	141	54.2009	0
15.549	1	68	189	59.9706	0
17.422	1	52	142	113.643	0
15.55	1	177	190	113.115	0
17.423	1	138	143	1012.71	0
15.551	1	24	191	87.9742	0
17.424	1	83	144	43.8684	0
17.425	1	5	145	876.528	0
15.552	1	117	192	65.2423	0
17.426	1	109	146	266.682	0
15.553	1	159	193	1457.83	0
17.427	1	33	147	2384.09	0
15.554	1	22	194	140.205	0
17.428	1	123	148	132.517	0
15.555	1	137	195	283.969	0
17.429	1	99	149	2502.48	0
15.556	1	156	196	355.758	0
17.43	1	104	150	149.516	0
15.557	1	25	197	171.78	0
17.431	1	113	151	2132.2	0
17.432	1	106	152	117.988	0
15.558	1	50	198	202.286	0
17.433	1	65	153	49.6769	0
15.559	1	60	199	140.59	0
15.56	1	36	200	153.281	0
17.434	1	129	154	591.374	0
15.561	1	78	201	136.045	0
17.435	1	199	155	379	0
15.562	1	128	202	267.196	0
15.563	1	144	203	1458.7	0
15.564	1	178	204	172.861	0
15.565	1	192	205	22.827	0
15.566	1	146	206	291.57	0
15.567	1	140	207	394.05	0
15.568	1	45	208	76.444	0
15.569	1	130	209	151.659	0
15.57	1	161	210	1000.11	0
15.571	1	153	211	126.682	0
17.443	1	64	163	292.706	0
15.572	1	124	212	132.835	0
17.444	1	59	164	395.972	0
15.573	1	167	213	290.62	0
17.445	1	114	165	161.681	0
15.574	1	81	214	1257.87	0
17.446	1	198	166	130.251	0
17.447	1	41	167	517.788	0
15.575	1	185	215	143.03	0
17.448	1	56	168	252.722	0
17.449	1	190	169	56.7558	0
17.45	1	75	170	339.934	0
17.451	1	87	171	402.941	0
17.452	1	26	172	18028.4	0
17.453	1	15	173	91.6197	0
17.454	1	7	174	104.231	0
17.455	1	164	175	1384.79	0
17.456	1	191	176	114.943	0
17.457	1	131	177	142.502	0
17.458	1	122	178	200.862	0
17.465	1	71	185	132.805	0
17.466	1	76	186	261.477	0
17.467	1	82	187	1444.84	0
17.468	1	184	188	476.449	0
17.469	1	68	189	108.527	0
17.47	1	177	190	159.35	0
17.471	1	24	191	157.785	0
17.472	1	117	192	34.279	0
17.473	1	159	193	1262.77	0
17.474	1	22	194	119.244	0
17.475	1	137	195	398.479	0
17.476	1	156	196	131.987	0
17.477	1	25	197	260.678	0
17.478	1	50	198	112.985	0
17.479	1	60	199	237.52	0
17.48	1	36	200	237.624	0
17.481	1	78	201	216.216	0
17.482	1	128	202	281.438	0
17.483	1	144	203	1840.93	0
17.484	1	178	204	262.595	0
17.485	1	192	205	104.044	0
17.486	1	146	206	458.742	0
17.487	1	140	207	524.932	0
17.488	1	45	208	86.723	0
17.489	1	130	209	290.196	0
17.49	1	161	210	1593.85	0
17.491	1	153	211	97.8614	0
17.492	1	124	212	227.458	0
17.493	1	167	213	527.67	0
17.494	1	81	214	980.65	0
17.495	1	185	215	160.094	0
15.681	1	143	1	286.392	0
15.682	1	70	2	228.287	0
15.683	1	110	3	295.151	0
15.684	1	13	4	86.5516	0
15.685	1	66	5	209.731	0
15.686	1	72	6	94.7566	0
15.687	1	103	7	4974.45	0
15.688	1	92	8	536.267	0
15.689	1	157	9	89.2864	0
15.69	1	27	10	94.9284	0
15.691	1	58	11	4972.43	0
15.692	1	115	12	376.385	0
15.693	1	48	13	387.025	0
15.694	1	37	14	2848.81	0
15.695	1	135	15	390.079	0
15.696	1	193	16	231.784	0
15.697	1	197	17	396.425	0
15.698	1	38	18	141.708	0
15.699	1	189	19	1340.52	0
15.7	1	40	20	15599.2	0
15.701	1	142	21	270.963	0
15.702	1	86	22	385.052	0
15.703	1	100	23	1092.12	0
15.704	1	166	24	153.491	0
15.705	1	118	25	715.715	0
15.706	1	49	26	477.773	0
15.707	1	196	27	296.737	0
15.708	1	119	28	78.3005	0
15.709	1	200	29	97.6434	0
15.71	1	55	30	86.7469	0
15.711	1	95	31	126.685	0
15.712	1	107	32	86.7288	0
15.713	1	101	33	320.011	0
15.714	1	116	34	840.773	0
15.715	1	61	35	268.367	0
15.716	1	111	36	306.333	0
15.717	1	3	37	61.4935	0
15.718	1	4	38	262.002	0
15.719	1	195	39	327.36	0
15.72	1	30	40	380.219	0
15.721	1	91	41	184.792	0
15.722	1	35	42	486.406	0
15.723	1	19	43	221.789	0
15.724	1	176	44	271.06	0
15.725	1	32	45	161.839	0
15.726	1	126	46	78.1221	0
17.601	1	143	1	374.655	0
15.727	1	151	47	3485.88	0
15.728	1	160	48	110.968	0
17.602	1	70	2	225.063	0
15.729	1	79	49	410.086	0
17.603	1	110	3	272.576	0
15.73	1	171	50	39.6146	0
17.604	1	13	4	66.6933	0
15.731	1	175	51	3599.64	0
17.605	1	66	5	209.391	0
15.732	1	17	52	302.304	0
17.606	1	72	6	145.232	0
15.733	1	174	53	31.8333	0
17.607	1	103	7	2267.58	0
17.608	1	92	8	1375.18	0
15.734	1	74	54	704.344	0
17.609	1	157	9	275.678	0
17.61	1	27	10	52.2875	0
15.735	1	39	55	100.23	0
17.611	1	58	11	5141.76	0
15.736	1	179	56	54.9152	0
17.612	1	115	12	602.439	0
15.737	1	194	57	2392.85	0
17.613	1	48	13	251.645	0
15.738	1	28	58	457.828	0
17.614	1	37	14	4363.84	0
15.739	1	80	59	60.56	0
17.615	1	135	15	122.033	0
15.74	1	105	60	71.9273	0
17.616	1	193	16	127.059	0
15.741	1	168	61	1364.43	0
15.742	1	73	62	2509.81	0
17.617	1	197	17	402.401	0
15.743	1	141	63	53.1063	0
17.618	1	38	18	109.103	0
15.744	1	53	64	279.482	0
17.619	1	189	19	1330.57	0
15.745	1	163	65	137.797	0
15.746	1	62	66	833.475	0
15.747	1	89	67	1323.12	0
17.62	1	40	20	18894.7	0
15.748	1	173	68	77.9492	0
17.621	1	142	21	505.607	0
15.749	1	112	69	189.297	0
17.622	1	86	22	1126.01	0
15.75	1	93	70	48.0086	0
17.623	1	100	23	889.594	0
15.751	1	136	71	67.1519	0
17.624	1	166	24	144.663	0
17.625	1	118	25	686.969	0
15.752	1	121	72	247.566	0
17.626	1	49	26	900.841	0
15.753	1	85	73	307.184	0
17.627	1	196	27	232.481	0
15.754	1	2	74	80.0374	0
17.628	1	119	28	96.2917	0
15.755	1	158	75	1992.02	0
17.629	1	200	29	126.763	0
15.756	1	14	76	303.323	0
17.63	1	55	30	82.5591	0
15.757	1	1	77	215.551	0
17.631	1	95	31	131.65	0
17.632	1	107	32	87.6384	0
15.758	1	133	78	360.954	0
17.633	1	101	33	262.628	0
15.759	1	34	79	122.572	0
15.76	1	18	80	110.642	0
17.634	1	116	34	1272.55	0
15.761	1	149	81	1378.19	0
17.635	1	61	35	114.491	0
15.762	1	108	82	341.58	0
17.636	1	111	36	543.885	0
15.763	1	97	83	13266.7	0
17.637	1	3	37	74.4384	0
15.764	1	148	84	89.8058	0
17.638	1	4	38	199.451	0
15.765	1	51	85	325.857	0
17.639	1	195	39	326.384	0
17.64	1	30	40	2147	0
15.766	1	9	86	236.027	0
15.767	1	132	87	342.378	0
15.768	1	181	88	115.898	0
17.641	1	91	41	120.033	0
15.769	1	43	89	236.463	0
15.77	1	84	90	121.594	0
17.642	1	35	42	94.3618	0
15.771	1	183	91	832.445	0
17.643	1	19	43	95.9861	0
15.772	1	44	92	360.19	0
17.644	1	176	44	254.522	0
15.773	1	77	93	702.691	0
17.645	1	32	45	184.606	0
15.774	1	31	94	390.666	0
17.646	1	126	46	261.071	0
17.647	1	151	47	1651.76	0
17.648	1	160	48	97.665	0
15.775	1	57	95	248.401	0
17.649	1	79	49	2862.75	0
15.776	1	172	96	127.374	0
17.65	1	171	50	130.885	0
17.651	1	175	51	2899.32	0
15.777	1	47	97	281.491	0
15.778	1	187	98	167.236	0
17.652	1	17	52	200.168	0
15.779	1	180	99	151.212	0
15.78	1	147	100	3879.61	0
17.653	1	174	53	43.504	0
17.654	1	74	54	248.836	0
15.781	1	46	101	662.383	0
15.782	1	155	102	33.8255	0
17.655	1	39	55	161.593	0
17.656	1	179	56	129.34	0
15.783	1	21	103	124.847	0
17.657	1	194	57	863.95	0
15.784	1	6	104	105.658	0
17.658	1	28	58	230.563	0
15.785	1	29	105	104.631	0
17.659	1	80	59	75.2441	0
15.786	1	182	106	355.963	0
17.66	1	105	60	159.006	0
17.661	1	168	61	1691.35	0
15.788	1	96	108	205.098	0
17.662	1	73	62	1282.94	0
15.789	1	42	109	356.732	0
15.79	1	165	110	665.132	0
17.663	1	141	63	103.711	0
17.664	1	53	64	470.55	0
15.791	1	69	111	2865.16	0
15.792	1	88	112	903.103	0
17.665	1	163	65	112.398	0
17.666	1	62	66	173.177	0
17.667	1	89	67	2802.16	0
15.793	1	188	113	1033.76	0
17.668	1	173	68	126.733	0
15.794	1	152	114	344.311	0
17.669	1	112	69	577.672	0
15.795	1	162	115	222.908	0
17.67	1	93	70	90.0104	0
15.796	1	11	116	441.348	0
17.671	1	136	71	145.158	0
15.797	1	139	117	1176.21	0
17.672	1	121	72	200.574	0
15.798	1	98	118	66.0428	0
17.673	1	85	73	125.857	0
15.799	1	23	119	553.281	0
17.674	1	2	74	59.7635	0
15.8	1	10	120	2878.57	0
17.675	1	158	75	4594.91	0
15.801	1	12	121	536.759	0
15.802	1	120	122	2014.36	0
17.676	1	14	76	421.097	0
15.803	1	150	123	127.726	0
17.677	1	1	77	382.027	0
15.804	1	8	124	225.569	0
17.678	1	133	78	253.967	0
15.805	1	16	125	507.145	0
17.679	1	34	79	165.677	0
15.806	1	169	126	181.388	0
17.68	1	18	80	48.9713	0
17.681	1	149	81	1296.16	0
15.807	1	94	127	80.3575	0
17.682	1	108	82	149.504	0
15.808	1	170	128	1969.57	0
17.683	1	97	83	7449.17	0
15.809	1	54	129	87.1631	0
15.81	1	125	130	193.837	0
17.684	1	148	84	113.425	0
15.811	1	90	131	316.121	0
17.685	1	51	85	510.43	0
15.812	1	134	132	201.276	0
17.686	1	9	86	336.409	0
15.813	1	186	133	2151.93	0
17.687	1	132	87	658.335	0
15.814	1	67	134	1020.36	0
17.688	1	181	88	138.926	0
15.815	1	102	135	8091.48	0
17.689	1	43	89	176.175	0
17.69	1	84	90	215.98	0
15.816	1	63	136	1916.11	0
17.691	1	183	91	486.349	0
17.692	1	44	92	186.141	0
17.693	1	77	93	633.418	0
15.817	1	145	137	2426.49	0
17.694	1	31	94	564.678	0
15.818	1	127	138	195.313	0
17.695	1	57	95	161.704	0
17.696	1	172	96	207.439	0
15.82	1	154	140	2546.05	0
17.697	1	47	97	763.262	0
17.698	1	187	98	386.745	0
15.821	1	20	141	172.842	0
17.699	1	180	99	87.8405	0
15.822	1	52	142	154.513	0
17.7	1	147	100	5767.39	0
15.823	1	138	143	710.994	0
15.824	1	83	144	73.8948	0
17.701	1	46	101	111.664	0
15.825	1	5	145	2046.32	0
17.702	1	155	102	131.048	0
15.826	1	109	146	226.121	0
15.827	1	33	147	1525.71	0
17.703	1	21	103	240.128	0
15.828	1	123	148	93.1024	0
15.829	1	99	149	726.467	0
15.83	1	104	150	81.1099	0
17.704	1	6	104	329.476	0
15.831	1	113	151	943.488	0
15.832	1	106	152	150.424	0
17.705	1	29	105	93.5033	0
15.833	1	65	153	112.293	0
17.706	1	182	106	202.421	0
15.834	1	129	154	882.868	0
17.708	1	96	108	353.849	0
15.835	1	199	155	190.61	0
17.709	1	42	109	868.952	0
17.71	1	165	110	2054.07	0
17.711	1	69	111	2217.27	0
17.712	1	88	112	1243.74	0
17.713	1	188	113	1987.41	0
17.714	1	152	114	1027.04	0
17.715	1	162	115	166.152	0
17.716	1	11	116	406.768	0
15.843	1	64	163	697.714	0
15.844	1	59	164	769.553	0
17.717	1	139	117	418.744	0
15.845	1	114	165	580.949	0
17.718	1	98	118	385.478	0
15.846	1	198	166	74.7674	0
17.719	1	23	119	635.138	0
15.847	1	41	167	345.873	0
15.848	1	56	168	237.598	0
17.72	1	10	120	1331.25	0
15.849	1	190	169	71.6472	0
17.721	1	12	121	353.484	0
15.85	1	75	170	135.212	0
17.722	1	120	122	2689.85	0
15.851	1	87	171	990.656	0
17.723	1	150	123	275.969	0
17.724	1	8	124	215.897	0
15.852	1	26	172	8155.77	0
17.725	1	16	125	253.398	0
15.853	1	15	173	87.2641	0
17.726	1	169	126	93.4265	0
15.854	1	7	174	80.0432	0
17.727	1	94	127	376.06	0
15.855	1	164	175	770.062	0
17.728	1	170	128	4498.35	0
15.856	1	191	176	190.45	0
17.729	1	54	129	89.7612	0
15.857	1	131	177	136.395	0
17.73	1	125	130	327.935	0
17.731	1	90	131	1070.28	0
15.858	1	122	178	385.051	0
17.732	1	134	132	79.8937	0
17.733	1	186	133	5020.08	0
17.734	1	67	134	9155.65	0
17.735	1	102	135	6862.93	0
17.736	1	63	136	4115.57	0
17.737	1	145	137	971.636	0
15.865	1	71	185	196.093	0
17.738	1	127	138	188.525	0
15.866	1	76	186	363.234	0
15.867	1	82	187	2221.25	0
17.74	1	154	140	1628.57	0
15.868	1	184	188	241.101	0
15.869	1	68	189	65.5327	0
15.87	1	177	190	89.5313	0
17.741	1	20	141	130.784	0
15.871	1	24	191	182.219	0
17.742	1	52	142	29.1806	0
15.872	1	117	192	47.7446	0
17.743	1	138	143	716.447	0
15.873	1	159	193	2717.59	0
17.744	1	83	144	165.905	0
15.874	1	22	194	422.24	0
17.745	1	5	145	2648.35	0
17.746	1	109	146	385.707	0
15.875	1	137	195	397.432	0
17.747	1	33	147	2387.29	0
17.748	1	123	148	30.3315	0
15.876	1	156	196	163.266	0
17.749	1	99	149	1307.52	0
15.877	1	25	197	438.514	0
17.75	1	104	150	251.977	0
15.878	1	50	198	149.737	0
17.751	1	113	151	1769.34	0
15.879	1	60	199	77.9233	0
15.88	1	36	200	503.715	0
17.752	1	106	152	146.92	0
15.881	1	78	201	135.68	0
15.882	1	128	202	187.619	0
17.753	1	65	153	42.7566	0
17.754	1	129	154	411.087	0
15.883	1	144	203	1629.39	0
17.755	1	199	155	450.771	0
15.884	1	178	204	132.656	0
15.885	1	192	205	58.7424	0
15.886	1	146	206	438.109	0
15.887	1	140	207	530.15	0
15.888	1	45	208	206.486	0
15.889	1	130	209	128.989	0
15.89	1	161	210	895.642	0
15.891	1	153	211	197.258	0
15.892	1	124	212	241.486	0
17.763	1	64	163	156.371	0
15.893	1	167	213	545.586	0
17.764	1	59	164	343.9	0
15.894	1	81	214	1551.6	0
17.765	1	114	165	338.385	0
15.895	1	185	215	625.463	0
17.766	1	198	166	177.493	0
17.767	1	41	167	321.26	0
17.768	1	56	168	225.972	0
17.769	1	190	169	144.137	0
17.77	1	75	170	245.365	0
17.771	1	87	171	465.024	0
17.772	1	26	172	4114.71	0
17.773	1	15	173	162.414	0
17.774	1	7	174	171.639	0
17.775	1	164	175	604.84	0
17.776	1	191	176	216.309	0
17.777	1	131	177	311.049	0
17.778	1	122	178	96.7375	0
17.785	1	71	185	78.5948	0
17.786	1	76	186	319.629	0
17.787	1	82	187	3340.54	0
17.788	1	184	188	313.718	0
17.789	1	68	189	35.546	0
17.79	1	177	190	96.2055	0
17.791	1	24	191	163.589	0
17.792	1	117	192	31.54	0
17.793	1	159	193	2813.98	0
17.794	1	22	194	257.307	0
17.795	1	137	195	263.645	0
17.796	1	156	196	129.327	0
17.797	1	25	197	341.792	0
17.798	1	50	198	262.866	0
17.799	1	60	199	58.688	0
17.8	1	36	200	448.373	0
17.801	1	78	201	123.249	0
17.802	1	128	202	180.172	0
17.803	1	144	203	1682.78	0
17.804	1	178	204	309.819	0
17.805	1	192	205	71.3909	0
17.806	1	146	206	222.201	0
17.807	1	140	207	597.081	0
17.808	1	45	208	150.543	0
17.809	1	130	209	52.9741	0
17.81	1	161	210	975.879	0
17.811	1	153	211	167.182	0
17.812	1	124	212	326.155	0
17.813	1	167	213	471.611	0
17.814	1	81	214	1104.66	0
17.815	1	185	215	341.456	0
16.001	1	143	1	758.409	0
16.002	1	70	2	84.2229	0
16.003	1	110	3	143.275	0
16.004	1	13	4	55.4942	0
16.005	1	66	5	189.771	0
16.006	1	72	6	148.108	0
16.007	1	103	7	804.407	0
16.008	1	92	8	231.796	0
16.009	1	157	9	154.276	0
16.01	1	27	10	131.379	0
16.011	1	58	11	6344.03	0
16.012	1	115	12	680.11	0
16.013	1	48	13	307.511	0
16.014	1	37	14	3233.94	0
16.015	1	135	15	870.7	0
16.016	1	193	16	125.564	0
16.017	1	197	17	282.854	0
16.018	1	38	18	159.916	0
16.019	1	189	19	1554.1	0
16.02	1	40	20	8087.09	0
16.021	1	142	21	330.227	0
16.022	1	86	22	958.173	0
16.023	1	100	23	1093.38	0
16.024	1	166	24	130.166	0
16.025	1	118	25	713.389	0
16.026	1	49	26	381.114	0
16.027	1	196	27	1049.49	0
16.028	1	119	28	97.4845	0
16.029	1	200	29	63.9973	0
16.03	1	55	30	98.0215	0
16.031	1	95	31	224.805	0
16.032	1	107	32	52.8231	0
16.033	1	101	33	298.874	0
16.034	1	116	34	1988	0
16.035	1	61	35	127.946	0
16.036	1	111	36	574.849	0
16.037	1	3	37	143.188	0
16.038	1	4	38	360.396	0
16.039	1	195	39	305.595	0
16.04	1	30	40	539.114	0
16.041	1	91	41	211.078	0
16.042	1	35	42	199.487	0
16.043	1	19	43	208.971	0
16.044	1	176	44	250.047	0
16.045	1	32	45	285.542	0
16.046	1	126	46	226.554	0
16.047	1	151	47	3869.4	0
16.048	1	160	48	173.592	0
16.049	1	79	49	1176.52	0
16.05	1	171	50	85.009	0
16.051	1	175	51	2622.91	0
17.921	1	143	1	522.088	0
16.052	1	17	52	181.04	0
17.922	1	70	2	59.7489	0
16.053	1	174	53	73.4968	0
17.923	1	110	3	219.515	0
16.054	1	74	54	612.261	0
17.924	1	13	4	34.5131	0
16.055	1	39	55	190.356	0
17.925	1	66	5	333.762	0
17.926	1	72	6	196.118	0
16.056	1	179	56	70.9864	0
17.927	1	103	7	2586.29	0
16.057	1	194	57	1038.35	0
17.928	1	92	8	542.287	0
17.929	1	157	9	251.332	0
16.058	1	28	58	513.933	0
17.93	1	27	10	114.402	0
16.059	1	80	59	89.4431	0
17.931	1	58	11	6222.08	0
16.06	1	105	60	87.8052	0
17.932	1	115	12	369.854	0
16.061	1	168	61	2358.63	0
17.933	1	48	13	251.299	0
16.062	1	73	62	2485.86	0
16.063	1	141	63	91.9791	0
16.064	1	53	64	222.52	0
16.065	1	163	65	78.5337	0
16.066	1	62	66	276.438	0
16.067	1	89	67	3257.08	0
16.068	1	173	68	130.05	0
17.934	1	37	14	3753.44	0
16.069	1	112	69	693.989	0
16.07	1	93	70	32.9491	0
16.071	1	136	71	31.2584	0
17.935	1	135	15	81.1315	0
16.072	1	121	72	131.47	0
16.073	1	85	73	144.541	0
17.936	1	193	16	291.989	0
16.074	1	2	74	44.5419	0
17.937	1	197	17	585.131	0
16.075	1	158	75	2100.61	0
17.938	1	38	18	19.7164	0
16.076	1	14	76	208.019	0
16.077	1	1	77	626.358	0
16.078	1	133	78	164.227	0
17.939	1	189	19	2618.17	0
16.079	1	34	79	100.683	0
16.08	1	18	80	73.0272	0
17.94	1	40	20	4796.05	0
16.081	1	149	81	733.004	0
16.082	1	108	82	291.281	0
16.083	1	97	83	8609.94	0
17.941	1	142	21	446.848	0
16.084	1	148	84	67.3238	0
16.085	1	51	85	255.369	0
16.086	1	9	86	344.747	0
17.942	1	86	22	855.447	0
16.087	1	132	87	198.963	0
16.088	1	181	88	146.557	0
17.943	1	100	23	2113.42	0
16.089	1	43	89	82.1792	0
16.09	1	84	90	196.322	0
17.944	1	166	24	172.605	0
16.091	1	183	91	1008.99	0
16.092	1	44	92	194.702	0
17.945	1	118	25	439.234	0
16.093	1	77	93	923.226	0
16.094	1	31	94	117.533	0
17.946	1	49	26	480.262	0
16.095	1	57	95	217.624	0
16.096	1	172	96	103.264	0
16.097	1	47	97	431.406	0
17.947	1	196	27	413.913	0
16.098	1	187	98	406.507	0
16.099	1	180	99	270.502	0
17.948	1	119	28	182.369	0
16.1	1	147	100	5912.09	0
17.949	1	200	29	134.163	0
16.101	1	46	101	1084.71	0
16.102	1	155	102	148.854	0
17.95	1	55	30	117.38	0
16.103	1	21	103	168.65	0
16.104	1	6	104	274.295	0
17.951	1	95	31	379.584	0
16.105	1	29	105	113.189	0
16.106	1	182	106	123.839	0
16.108	1	96	108	310.372	0
17.952	1	107	32	54.2481	0
16.109	1	42	109	435.632	0
16.11	1	165	110	1539.67	0
17.953	1	101	33	135.55	0
16.111	1	69	111	5029.68	0
16.112	1	88	112	615.586	0
17.954	1	116	34	1324	0
16.113	1	188	113	1459.54	0
16.114	1	152	114	573.32	0
16.115	1	162	115	168.929	0
17.955	1	61	35	73.3521	0
16.116	1	11	116	625.122	0
17.956	1	111	36	464.821	0
16.117	1	139	117	1083.93	0
16.118	1	98	118	362.624	0
17.957	1	3	37	93.916	0
16.119	1	23	119	930.691	0
17.958	1	4	38	302.388	0
16.12	1	10	120	2085.71	0
16.121	1	12	121	470.796	0
16.122	1	120	122	1849.47	0
17.959	1	195	39	212.607	0
16.123	1	150	123	150.758	0
16.124	1	8	124	84.3762	0
17.96	1	30	40	1984.76	0
16.125	1	16	125	294.31	0
16.126	1	169	126	49.2481	0
17.961	1	91	41	126.413	0
16.127	1	94	127	114.109	0
16.128	1	170	128	2895.22	0
16.129	1	54	129	86.7428	0
17.962	1	35	42	180.274	0
16.13	1	125	130	163.923	0
16.131	1	90	131	527.004	0
17.963	1	19	43	402.128	0
16.132	1	134	132	225.396	0
16.133	1	186	133	3029.91	0
17.964	1	176	44	298.323	0
16.134	1	67	134	9204.93	0
17.965	1	32	45	198.051	0
16.135	1	102	135	3424.39	0
17.966	1	126	46	217.012	0
16.136	1	63	136	1893.68	0
16.137	1	145	137	962.744	0
16.138	1	127	138	95.9763	0
17.967	1	151	47	2884.42	0
16.14	1	154	140	1899.93	0
17.968	1	160	48	291.098	0
17.969	1	79	49	1352.67	0
16.141	1	20	141	61.2893	0
16.142	1	52	142	92.9948	0
17.97	1	171	50	40.2945	0
16.143	1	138	143	1335.03	0
16.144	1	83	144	116.651	0
17.971	1	175	51	4231.73	0
16.145	1	5	145	1220.9	0
16.146	1	109	146	119.746	0
17.972	1	17	52	421.347	0
16.147	1	33	147	2168.01	0
16.148	1	123	148	48.3328	0
17.973	1	174	53	131.908	0
16.149	1	99	149	3300.69	0
16.15	1	104	150	106.274	0
17.974	1	74	54	204.274	0
16.151	1	113	151	1192.73	0
16.152	1	106	152	290.48	0
17.975	1	39	55	150.416	0
16.153	1	65	153	73.3328	0
16.154	1	129	154	1120.54	0
16.155	1	199	155	86.9127	0
17.976	1	179	56	73.2637	0
16.163	1	64	163	259.196	0
16.164	1	59	164	585.798	0
17.977	1	194	57	1541.89	0
16.165	1	114	165	329.655	0
17.978	1	28	58	1087.98	0
16.166	1	198	166	104.318	0
17.979	1	80	59	89.9205	0
17.98	1	105	60	95.0036	0
16.167	1	41	167	578.656	0
16.168	1	56	168	317.675	0
17.981	1	168	61	1038.59	0
17.982	1	73	62	2765.37	0
16.169	1	190	169	160.322	0
16.17	1	75	170	226.863	0
17.983	1	141	63	230.508	0
16.171	1	87	171	850.79	0
16.172	1	26	172	7154.81	0
17.984	1	53	64	187.149	0
16.173	1	15	173	165.532	0
16.174	1	7	174	135.52	0
17.985	1	163	65	143.875	0
17.986	1	62	66	196.447	0
16.175	1	164	175	359.836	0
17.987	1	89	67	2028.45	0
17.988	1	173	68	295.172	0
16.176	1	191	176	167.538	0
17.989	1	112	69	438.709	0
16.177	1	131	177	251.031	0
17.99	1	93	70	81.8251	0
16.178	1	122	178	306.405	0
17.991	1	136	71	155.707	0
17.992	1	121	72	284.389	0
17.993	1	85	73	297.892	0
17.994	1	2	74	71.5997	0
17.995	1	158	75	2441.46	0
17.996	1	14	76	327.923	0
17.997	1	1	77	388.147	0
17.998	1	133	78	187.358	0
16.185	1	71	185	91.8729	0
17.999	1	34	79	134.96	0
16.186	1	76	186	93.8211	0
16.187	1	82	187	850.086	0
18	1	18	80	71.2772	0
16.188	1	184	188	250.312	0
16.189	1	68	189	104.444	0
18.001	1	149	81	833.373	0
16.19	1	177	190	115.474	0
16.191	1	24	191	189.216	0
18.002	1	108	82	278.319	0
16.192	1	117	192	62.5986	0
18.003	1	97	83	13770.1	0
18.004	1	148	84	60.2031	0
16.193	1	159	193	1861.14	0
16.194	1	22	194	242.816	0
18.005	1	51	85	437.157	0
16.195	1	137	195	312.218	0
18.006	1	9	86	480.604	0
16.196	1	156	196	122.46	0
18.007	1	132	87	328.342	0
16.197	1	25	197	284.263	0
18.008	1	181	88	65.5942	0
16.198	1	50	198	76.2951	0
18.009	1	43	89	189.745	0
16.199	1	60	199	108.424	0
18.01	1	84	90	200.534	0
16.2	1	36	200	488.467	0
18.011	1	183	91	1295.88	0
18.012	1	44	92	404.832	0
16.201	1	78	201	71.3961	0
18.013	1	77	93	481.682	0
16.202	1	128	202	188.693	0
18.014	1	31	94	334.631	0
16.203	1	144	203	1110.8	0
16.204	1	178	204	173.141	0
18.015	1	57	95	53.8718	0
16.205	1	192	205	57.6679	0
16.206	1	146	206	655.859	0
18.016	1	172	96	61.6056	0
16.207	1	140	207	630.475	0
16.208	1	45	208	112.297	0
18.017	1	47	97	160.05	0
16.209	1	130	209	121.28	0
18.018	1	187	98	384.796	0
16.21	1	161	210	840.496	0
18.019	1	180	99	78.8473	0
16.211	1	153	211	105.724	0
16.212	1	124	212	125.912	0
18.02	1	147	100	2066.64	0
16.213	1	167	213	257.327	0
18.021	1	46	101	437.817	0
16.214	1	81	214	1368.34	0
18.022	1	155	102	138.31	0
16.215	1	185	215	354.213	0
18.023	1	21	103	305.445	0
18.024	1	6	104	182.735	0
18.025	1	29	105	184.031	0
18.026	1	182	106	240.357	0
18.028	1	96	108	242.873	0
18.029	1	42	109	186.587	0
18.03	1	165	110	2585.14	0
18.031	1	69	111	7333.62	0
18.032	1	88	112	1038.84	0
18.033	1	188	113	1000.2	0
18.034	1	152	114	957.142	0
18.035	1	162	115	115.381	0
18.036	1	11	116	255.807	0
18.037	1	139	117	330.729	0
18.038	1	98	118	181.204	0
18.039	1	23	119	872.018	0
18.04	1	10	120	1798.24	0
18.041	1	12	121	593.677	0
18.042	1	120	122	2106.16	0
18.043	1	150	123	210.697	0
18.044	1	8	124	188.761	0
18.045	1	16	125	237.864	0
18.046	1	169	126	70.2386	0
18.047	1	94	127	107.193	0
18.048	1	170	128	4801.16	0
18.049	1	54	129	89.4838	0
18.05	1	125	130	290.58	0
18.051	1	90	131	1160.49	0
18.052	1	134	132	37.5065	0
18.053	1	186	133	2106.97	0
18.054	1	67	134	8576	0
18.055	1	102	135	4618.16	0
18.056	1	63	136	5883.47	0
18.057	1	145	137	1611.43	0
18.058	1	127	138	180.979	0
18.06	1	154	140	2104.74	0
18.061	1	20	141	61.1474	0
18.062	1	52	142	143.438	0
18.063	1	138	143	1210.32	0
18.064	1	83	144	84.8789	0
18.065	1	5	145	1929.01	0
18.066	1	109	146	346.367	0
18.067	1	33	147	2253.81	0
18.068	1	123	148	119.464	0
18.069	1	99	149	997.59	0
18.07	1	104	150	102.829	0
18.071	1	113	151	1005.95	0
18.072	1	106	152	102.303	0
18.073	1	65	153	73.3047	0
18.074	1	129	154	925.992	0
18.075	1	199	155	126.228	0
18.083	1	64	163	386.483	0
18.084	1	59	164	157.138	0
18.085	1	114	165	272.99	0
18.086	1	198	166	133.803	0
18.087	1	41	167	390.491	0
18.088	1	56	168	175.38	0
18.089	1	190	169	61.2013	0
18.09	1	75	170	129.729	0
18.091	1	87	171	941.334	0
18.092	1	26	172	6203.59	0
18.093	1	15	173	106.066	0
18.094	1	7	174	101.654	0
18.095	1	164	175	131.05	0
18.096	1	191	176	104.183	0
18.097	1	131	177	271.992	0
18.098	1	122	178	161.565	0
18.105	1	71	185	56.2651	0
18.106	1	76	186	222.341	0
18.107	1	82	187	2091.06	0
18.108	1	184	188	587.899	0
18.109	1	68	189	56.497	0
18.11	1	177	190	140.356	0
18.111	1	24	191	112.006	0
18.112	1	117	192	141.064	0
18.113	1	159	193	2316.25	0
18.114	1	22	194	627.973	0
18.115	1	137	195	323.599	0
18.116	1	156	196	168.763	0
18.117	1	25	197	226.923	0
18.118	1	50	198	182.968	0
18.119	1	60	199	162.733	0
18.12	1	36	200	483.087	0
18.121	1	78	201	143.356	0
18.122	1	128	202	440.272	0
18.123	1	144	203	1570.07	0
18.124	1	178	204	138.627	0
18.125	1	192	205	67.4619	0
18.126	1	146	206	933.256	0
18.127	1	140	207	677.885	0
18.128	1	45	208	264.568	0
18.129	1	130	209	80.6839	0
18.13	1	161	210	1048.42	0
18.131	1	153	211	131.654	0
18.132	1	124	212	271.786	0
16.321	1	143	1	1006.16	0
18.133	1	167	213	169.532	0
16.322	1	70	2	132.747	0
16.323	1	110	3	193.956	0
18.134	1	81	214	897.045	0
16.324	1	13	4	115.608	0
16.325	1	66	5	178.397	0
18.135	1	185	215	303.532	0
16.326	1	72	6	94.8788	0
16.327	1	103	7	671.367	0
16.328	1	92	8	533.746	0
16.329	1	157	9	774.926	0
16.33	1	27	10	165.272	0
16.331	1	58	11	3404.45	0
16.332	1	115	12	470.285	0
16.333	1	48	13	138.894	0
16.334	1	37	14	3926.56	0
16.335	1	135	15	428.704	0
16.336	1	193	16	269.443	0
16.337	1	197	17	374.448	0
16.338	1	38	18	156.695	0
16.339	1	189	19	1789.73	0
16.34	1	40	20	8738.46	0
16.341	1	142	21	490.496	0
16.342	1	86	22	398.528	0
16.343	1	100	23	968.499	0
16.344	1	166	24	91.8548	0
16.345	1	118	25	962.059	0
16.346	1	49	26	598.914	0
16.347	1	196	27	308.437	0
16.348	1	119	28	80.5943	0
16.349	1	200	29	109.933	0
16.35	1	55	30	94.0023	0
16.351	1	95	31	441.691	0
16.352	1	107	32	107.768	0
16.353	1	101	33	343.076	0
16.354	1	116	34	997.623	0
16.355	1	61	35	66.4382	0
16.356	1	111	36	490.179	0
16.357	1	3	37	57.2273	0
16.358	1	4	38	90.1203	0
16.359	1	195	39	296.616	0
16.36	1	30	40	709.741	0
16.361	1	91	41	170.416	0
16.362	1	35	42	199.517	0
16.363	1	19	43	139.063	0
16.364	1	176	44	307.125	0
16.365	1	32	45	255.537	0
16.366	1	126	46	231.846	0
16.367	1	151	47	12040.5	0
16.368	1	160	48	375.88	0
16.369	1	79	49	1222.54	0
16.37	1	171	50	44.106	0
16.371	1	175	51	2215.41	0
16.372	1	17	52	529.513	0
16.373	1	174	53	126.066	0
16.374	1	74	54	318.491	0
16.375	1	39	55	117.397	0
16.376	1	179	56	87.4647	0
16.377	1	194	57	3005.01	0
16.378	1	28	58	533.153	0
16.379	1	80	59	92.269	0
16.38	1	105	60	155.375	0
16.381	1	168	61	1076.76	0
16.382	1	73	62	4814.23	0
16.383	1	141	63	74.484	0
16.384	1	53	64	308.146	0
16.385	1	163	65	168.151	0
16.386	1	62	66	421.017	0
16.387	1	89	67	3524.18	0
16.388	1	173	68	117.606	0
16.389	1	112	69	846.665	0
16.39	1	93	70	148.472	0
16.391	1	136	71	104.063	0
16.392	1	121	72	295.224	0
16.393	1	85	73	290.741	0
16.394	1	2	74	39.3806	0
16.395	1	158	75	1872.77	0
16.396	1	14	76	126.18	0
16.397	1	1	77	311.227	0
16.398	1	133	78	180.547	0
16.399	1	34	79	114.978	0
16.4	1	18	80	119.266	0
16.401	1	149	81	486.982	0
16.402	1	108	82	231.899	0
16.403	1	97	83	7327.47	0
16.404	1	148	84	68.3902	0
16.405	1	51	85	1054.8	0
16.406	1	9	86	658.23	0
16.407	1	132	87	237.614	0
16.408	1	181	88	100.193	0
16.409	1	43	89	126.4	0
16.41	1	84	90	78.6594	0
16.411	1	183	91	651.715	0
16.412	1	44	92	185.177	0
16.413	1	77	93	391.403	0
16.414	1	31	94	264.775	0
16.415	1	57	95	59.5899	0
16.416	1	172	96	182.55	0
16.417	1	47	97	356.394	0
16.418	1	187	98	560.943	0
16.419	1	180	99	124.916	0
16.42	1	147	100	2575.52	0
16.421	1	46	101	297.684	0
16.422	1	155	102	196.617	0
16.423	1	21	103	257.838	0
16.424	1	6	104	219.884	0
16.425	1	29	105	83.0255	0
16.426	1	182	106	116.685	0
16.428	1	96	108	244.992	0
16.429	1	42	109	279.793	0
16.43	1	165	110	1517.47	0
16.431	1	69	111	23039.1	0
16.432	1	88	112	569.617	0
16.433	1	188	113	1478.69	0
16.434	1	152	114	506.981	0
16.435	1	162	115	203.917	0
18.241	1	143	1	286.329	0
16.436	1	11	116	395.13	0
18.242	1	70	2	194.813	0
16.437	1	139	117	1186.03	0
16.438	1	98	118	284.562	0
16.439	1	23	119	596.956	0
18.243	1	110	3	147.878	0
16.44	1	10	120	2968.52	0
18.244	1	13	4	53.8968	0
18.245	1	66	5	217.544	0
18.246	1	72	6	171.759	0
16.441	1	12	121	496.309	0
18.247	1	103	7	1539.46	0
16.442	1	120	122	2495.38	0
18.248	1	92	8	817.376	0
16.443	1	150	123	182.647	0
18.249	1	157	9	603.795	0
16.444	1	8	124	201.659	0
18.25	1	27	10	149.348	0
16.445	1	16	125	138.147	0
18.251	1	58	11	11950	0
16.446	1	169	126	92.6572	0
16.447	1	94	127	219.773	0
18.252	1	115	12	813.645	0
16.448	1	170	128	2970.53	0
18.253	1	48	13	191.14	0
18.254	1	37	14	7511.46	0
16.449	1	54	129	192.96	0
16.45	1	125	130	187.909	0
18.255	1	135	15	134.134	0
18.256	1	193	16	195.038	0
16.451	1	90	131	992.283	0
18.257	1	197	17	539.953	0
16.452	1	134	132	262.2	0
18.258	1	38	18	151.242	0
16.453	1	186	133	4057.72	0
16.454	1	67	134	14860	0
18.259	1	189	19	1191.88	0
18.26	1	40	20	16651.7	0
16.455	1	102	135	5032.46	0
16.456	1	63	136	3604.25	0
18.261	1	142	21	560.668	0
16.457	1	145	137	1258.73	0
18.262	1	86	22	926.674	0
16.458	1	127	138	151.974	0
18.263	1	100	23	740.98	0
18.264	1	166	24	67.1707	0
16.46	1	154	140	738.077	0
18.265	1	118	25	286.947	0
18.266	1	49	26	401.099	0
16.461	1	20	141	163.661	0
18.267	1	196	27	417.247	0
18.268	1	119	28	202.257	0
16.462	1	52	142	68.1945	0
18.269	1	200	29	219.252	0
18.27	1	55	30	116.581	0
16.463	1	138	143	576.011	0
16.464	1	83	144	74.5756	0
18.271	1	95	31	216.141	0
18.272	1	107	32	100.245	0
16.465	1	5	145	1302.45	0
16.466	1	109	146	391.836	0
18.273	1	101	33	303.941	0
16.467	1	33	147	1748.32	0
18.274	1	116	34	1598.32	0
16.468	1	123	148	101.639	0
16.469	1	99	149	2416.71	0
18.275	1	61	35	84.2195	0
16.47	1	104	150	132.968	0
16.471	1	113	151	1951.15	0
18.276	1	111	36	369.073	0
16.472	1	106	152	121.778	0
18.277	1	3	37	55.7001	0
16.473	1	65	153	57.1545	0
18.278	1	4	38	93.6146	0
16.474	1	129	154	373.603	0
18.279	1	195	39	201.407	0
18.28	1	30	40	919.363	0
16.475	1	199	155	231.046	0
18.281	1	91	41	262.487	0
18.282	1	35	42	364.018	0
18.283	1	19	43	238.828	0
18.284	1	176	44	251.891	0
18.285	1	32	45	105.782	0
18.286	1	126	46	194.68	0
18.287	1	151	47	2751.02	0
18.288	1	160	48	171.235	0
16.483	1	64	163	230.354	0
18.289	1	79	49	1294.55	0
18.29	1	171	50	88.1408	0
16.484	1	59	164	515.869	0
18.291	1	175	51	10130.3	0
16.485	1	114	165	148.156	0
18.292	1	17	52	192.936	0
16.486	1	198	166	175.077	0
18.293	1	174	53	46.4238	0
16.487	1	41	167	247.238	0
18.294	1	74	54	818.594	0
16.488	1	56	168	184.742	0
18.295	1	39	55	89.0697	0
18.296	1	179	56	64.2651	0
16.489	1	190	169	83.2093	0
16.49	1	75	170	94.2186	0
18.297	1	194	57	1434.26	0
18.298	1	28	58	552.393	0
16.491	1	87	171	753.539	0
16.492	1	26	172	5589.62	0
18.299	1	80	59	141.875	0
18.3	1	105	60	116.958	0
16.493	1	15	173	182.728	0
16.494	1	7	174	245.231	0
18.301	1	168	61	886.724	0
16.495	1	164	175	494.529	0
18.302	1	73	62	2343.4	0
16.496	1	191	176	110.467	0
18.303	1	141	63	79.8971	0
16.497	1	131	177	136.687	0
16.498	1	122	178	308.597	0
18.304	1	53	64	354.29	0
18.305	1	163	65	211.719	0
18.306	1	62	66	246.819	0
18.307	1	89	67	1995.37	0
18.308	1	173	68	174.786	0
18.309	1	112	69	180.351	0
18.31	1	93	70	79.0132	0
18.311	1	136	71	78.1919	0
18.312	1	121	72	368.158	0
16.505	1	71	185	130.564	0
18.313	1	85	73	332.467	0
16.506	1	76	186	257.504	0
18.314	1	2	74	80.4555	0
16.507	1	82	187	4391.9	0
18.315	1	158	75	2435.88	0
16.508	1	184	188	196.746	0
16.509	1	68	189	67.7833	0
16.51	1	177	190	54.6098	0
18.316	1	14	76	204.573	0
16.511	1	24	191	274.083	0
16.512	1	117	192	50.8517	0
18.317	1	1	77	463.143	0
16.513	1	159	193	1201.26	0
18.318	1	133	78	220.718	0
16.514	1	22	194	432.994	0
18.319	1	34	79	89.4165	0
16.515	1	137	195	408.181	0
18.32	1	18	80	63.9627	0
16.516	1	156	196	134.98	0
18.321	1	149	81	786.929	0
18.322	1	108	82	461.192	0
16.517	1	25	197	179.534	0
18.323	1	97	83	1585.66	0
16.518	1	50	198	197.954	0
18.324	1	148	84	46.5573	0
16.519	1	60	199	128.366	0
18.325	1	51	85	304.72	0
18.326	1	9	86	224.389	0
18.327	1	132	87	135.516	0
16.52	1	36	200	505.387	0
18.328	1	181	88	130.898	0
16.521	1	78	201	202.38	0
16.522	1	128	202	154.017	0
18.329	1	43	89	221.439	0
18.33	1	84	90	157.529	0
16.523	1	144	203	1938.17	0
16.524	1	178	204	310.347	0
18.331	1	183	91	527.861	0
18.332	1	44	92	129.259	0
16.525	1	192	205	38.8622	0
18.333	1	77	93	436.009	0
16.526	1	146	206	671.691	0
18.334	1	31	94	340.469	0
16.527	1	140	207	635.057	0
16.528	1	45	208	85.0846	0
16.529	1	130	209	62.6012	0
18.335	1	57	95	217.948	0
16.53	1	161	210	1951.13	0
18.336	1	172	96	101.812	0
16.531	1	153	211	223.492	0
18.337	1	47	97	452.283	0
16.532	1	124	212	166.407	0
18.338	1	187	98	562.503	0
18.339	1	180	99	179.293	0
18.34	1	147	100	6143.02	0
16.533	1	167	213	365.772	0
16.534	1	81	214	1249.76	0
18.341	1	46	101	982.397	0
16.535	1	185	215	317.359	0
18.342	1	155	102	64.1943	0
18.343	1	21	103	245.739	0
18.344	1	6	104	142.329	0
18.345	1	29	105	76.5186	0
18.346	1	182	106	245.364	0
18.348	1	96	108	107.842	0
18.349	1	42	109	632.839	0
18.35	1	165	110	494.063	0
18.351	1	69	111	4124.37	0
18.352	1	88	112	1173.77	0
18.353	1	188	113	1779.52	0
18.354	1	152	114	595.33	0
18.355	1	162	115	175.369	0
18.356	1	11	116	187.489	0
18.357	1	139	117	2553.33	0
18.358	1	98	118	185.938	0
18.359	1	23	119	497.719	0
18.36	1	10	120	4933.18	0
18.361	1	12	121	177.755	0
18.362	1	120	122	968.391	0
18.363	1	150	123	238.84	0
18.364	1	8	124	197.529	0
18.365	1	16	125	222.771	0
18.366	1	169	126	86.5044	0
18.367	1	94	127	109.885	0
18.368	1	170	128	730.165	0
18.369	1	54	129	34.7964	0
18.37	1	125	130	347.507	0
18.371	1	90	131	488.08	0
18.372	1	134	132	85.6145	0
18.373	1	186	133	5912.87	0
18.374	1	67	134	6793.07	0
18.375	1	102	135	5416.03	0
18.376	1	63	136	3177.7	0
18.377	1	145	137	1881.74	0
18.378	1	127	138	266.459	0
18.38	1	154	140	603.373	0
18.381	1	20	141	136.144	0
18.382	1	52	142	75.3996	0
18.383	1	138	143	825.57	0
18.384	1	83	144	167.029	0
18.385	1	5	145	2830.31	0
18.386	1	109	146	343.633	0
18.387	1	33	147	1703.63	0
18.388	1	123	148	51.4633	0
18.389	1	99	149	3187.03	0
18.39	1	104	150	132.042	0
18.391	1	113	151	1126.67	0
18.392	1	106	152	236.837	0
18.393	1	65	153	85.2511	0
18.394	1	129	154	672.77	0
18.395	1	199	155	135.792	0
18.403	1	64	163	125.331	0
18.404	1	59	164	451.584	0
18.405	1	114	165	187.977	0
18.406	1	198	166	101.863	0
18.407	1	41	167	406.133	0
18.408	1	56	168	162.374	0
18.409	1	190	169	104.483	0
18.41	1	75	170	308.129	0
18.411	1	87	171	853.301	0
18.412	1	26	172	3047.51	0
18.413	1	15	173	119.823	0
18.414	1	7	174	198.06	0
18.415	1	164	175	301.67	0
18.416	1	191	176	247.508	0
18.417	1	131	177	390.143	0
18.418	1	122	178	235.135	0
18.425	1	71	185	76.6639	0
18.426	1	76	186	232.1	0
18.427	1	82	187	5132.69	0
18.428	1	184	188	125.418	0
18.429	1	68	189	67.9423	0
18.43	1	177	190	193.679	0
18.431	1	24	191	418.589	0
18.432	1	117	192	58.6675	0
18.433	1	159	193	2625.34	0
18.434	1	22	194	324.518	0
18.435	1	137	195	270.638	0
18.436	1	156	196	140.982	0
18.437	1	25	197	231.429	0
18.438	1	50	198	153.134	0
18.439	1	60	199	105.372	0
18.44	1	36	200	685.77	0
18.441	1	78	201	180.065	0
18.442	1	128	202	272.969	0
18.443	1	144	203	1687.49	0
18.444	1	178	204	61.7165	0
18.445	1	192	205	71.3893	0
18.446	1	146	206	671.109	0
16.641	1	143	1	580.126	0
18.447	1	140	207	365.349	0
18.448	1	45	208	185.893	0
16.642	1	70	2	147.106	0
18.449	1	130	209	344.144	0
18.45	1	161	210	1290.48	0
16.643	1	110	3	257.134	0
16.644	1	13	4	91.7041	0
18.451	1	153	211	211.791	0
16.645	1	66	5	161.31	0
16.646	1	72	6	143.696	0
18.452	1	124	212	386.401	0
16.647	1	103	7	3353.25	0
16.648	1	92	8	772.87	0
18.453	1	167	213	337.184	0
18.454	1	81	214	1207.9	0
16.649	1	157	9	232.125	0
16.65	1	27	10	122.32	0
18.455	1	185	215	508.794	0
16.651	1	58	11	5721.8	0
16.652	1	115	12	334.215	0
16.653	1	48	13	240.481	0
16.654	1	37	14	4605.97	0
16.655	1	135	15	340.715	0
16.656	1	193	16	181.003	0
16.657	1	197	17	496.212	0
16.658	1	38	18	100.896	0
16.659	1	189	19	2375.29	0
16.66	1	40	20	8810.94	0
16.661	1	142	21	320.653	0
16.662	1	86	22	567.991	0
16.663	1	100	23	1807.77	0
16.664	1	166	24	98.7836	0
16.665	1	118	25	683.15	0
16.666	1	49	26	432.4	0
16.667	1	196	27	375.416	0
16.668	1	119	28	51.7081	0
16.669	1	200	29	263.678	0
16.67	1	55	30	77.2885	0
16.671	1	95	31	256.595	0
16.672	1	107	32	84.7616	0
16.673	1	101	33	268.424	0
16.674	1	116	34	1273.94	0
16.675	1	61	35	187.897	0
16.676	1	111	36	332.766	0
16.677	1	3	37	37.3988	0
16.678	1	4	38	65.2885	0
16.679	1	195	39	169.591	0
16.68	1	30	40	535.917	0
16.681	1	91	41	123.884	0
16.682	1	35	42	195.804	0
16.683	1	19	43	228.433	0
16.684	1	176	44	191.738	0
16.685	1	32	45	190.561	0
16.686	1	126	46	101.225	0
16.687	1	151	47	4328.25	0
16.688	1	160	48	169.197	0
16.689	1	79	49	986.796	0
16.69	1	171	50	155.193	0
16.691	1	175	51	1790.89	0
16.692	1	17	52	476.082	0
16.693	1	174	53	115.281	0
16.694	1	74	54	263.959	0
16.695	1	39	55	179.846	0
16.696	1	179	56	67.379	0
16.697	1	194	57	1986.84	0
16.698	1	28	58	350.318	0
16.699	1	80	59	20.458	0
16.7	1	105	60	86.9675	0
16.701	1	168	61	2830.81	0
16.702	1	73	62	3242.07	0
16.703	1	141	63	241.606	0
16.704	1	53	64	192.986	0
16.705	1	163	65	92.3104	0
16.706	1	62	66	361.844	0
16.707	1	89	67	2096.67	0
16.708	1	173	68	97.1643	0
16.709	1	112	69	969.771	0
16.71	1	93	70	65.6421	0
16.711	1	136	71	108.504	0
16.712	1	121	72	285.435	0
16.713	1	85	73	73.983	0
16.714	1	2	74	44.3071	0
16.715	1	158	75	2080.15	0
16.716	1	14	76	277.527	0
16.717	1	1	77	306.982	0
16.718	1	133	78	153.502	0
16.719	1	34	79	243.033	0
16.72	1	18	80	129.432	0
16.721	1	149	81	2023.31	0
16.722	1	108	82	64.5593	0
16.723	1	97	83	5826.21	0
16.724	1	148	84	31.653	0
16.725	1	51	85	728.797	0
16.726	1	9	86	830.25	0
16.727	1	132	87	285.91	0
16.728	1	181	88	120.145	0
16.729	1	43	89	354.223	0
16.73	1	84	90	149.151	0
16.731	1	183	91	1304.55	0
16.732	1	44	92	305.569	0
16.733	1	77	93	418.559	0
16.734	1	31	94	345.977	0
16.735	1	57	95	123.23	0
16.736	1	172	96	128.162	0
16.737	1	47	97	1225.03	0
16.738	1	187	98	232.544	0
16.739	1	180	99	121.867	0
16.74	1	147	100	5333.08	0
16.741	1	46	101	110.31	0
16.742	1	155	102	147.414	0
16.743	1	21	103	296.117	0
16.744	1	6	104	150.204	0
16.745	1	29	105	167.086	0
16.746	1	182	106	82.6642	0
16.748	1	96	108	261.346	0
16.749	1	42	109	447.106	0
16.75	1	165	110	2068.77	0
16.751	1	69	111	4813.35	0
16.752	1	88	112	1259.01	0
16.753	1	188	113	1475.59	0
16.754	1	152	114	780.182	0
16.755	1	162	115	178.079	0
18.561	1	143	1	337.301	0
16.756	1	11	116	169.064	0
16.757	1	139	117	1233.53	0
18.562	1	70	2	261.698	0
16.758	1	98	118	323.724	0
18.563	1	110	3	229.37	0
18.564	1	13	4	89.5738	0
16.759	1	23	119	357.783	0
16.76	1	10	120	4374.25	0
18.565	1	66	5	158.28	0
18.566	1	72	6	194.261	0
16.761	1	12	121	858.447	0
18.567	1	103	7	2443.68	0
18.568	1	92	8	1051.44	0
16.762	1	120	122	2763.73	0
18.569	1	157	9	489.618	0
16.763	1	150	123	181.112	0
18.57	1	27	10	118.882	0
16.764	1	8	124	77.1805	0
16.765	1	16	125	224.046	0
18.571	1	58	11	1847.06	0
16.766	1	169	126	71.9551	0
18.572	1	115	12	427.673	0
16.767	1	94	127	104.866	0
18.573	1	48	13	167.688	0
16.768	1	170	128	1746.23	0
18.574	1	37	14	2046.63	0
16.769	1	54	129	104.091	0
16.77	1	125	130	324.708	0
18.575	1	135	15	357.494	0
16.771	1	90	131	467.57	0
18.576	1	193	16	320.222	0
16.772	1	134	132	293.744	0
16.773	1	186	133	2353.69	0
18.577	1	197	17	358.375	0
16.774	1	67	134	3858	0
18.578	1	38	18	90.8321	0
18.579	1	189	19	1134.39	0
18.58	1	40	20	3797.92	0
16.775	1	102	135	2075.99	0
18.581	1	142	21	698.572	0
16.776	1	63	136	2038.59	0
18.582	1	86	22	1927.4	0
16.777	1	145	137	553.003	0
18.583	1	100	23	971.009	0
16.778	1	127	138	82.719	0
18.584	1	166	24	110.516	0
16.78	1	154	140	2440.67	0
18.585	1	118	25	429.842	0
18.586	1	49	26	836.598	0
16.781	1	20	141	354.147	0
16.782	1	52	142	63.2363	0
18.587	1	196	27	448.276	0
18.588	1	119	28	67.2638	0
16.783	1	138	143	231.676	0
18.589	1	200	29	267.081	0
18.59	1	55	30	120.624	0
16.784	1	83	144	94.5258	0
18.591	1	95	31	320.492	0
16.785	1	5	145	1640.74	0
18.592	1	107	32	54.2575	0
16.786	1	109	146	384.462	0
18.593	1	101	33	204.359	0
16.787	1	33	147	1435.7	0
18.594	1	116	34	689.638	0
16.788	1	123	148	85.2091	0
18.595	1	61	35	125.455	0
18.596	1	111	36	339.427	0
16.789	1	99	149	2338.59	0
16.79	1	104	150	59.0355	0
18.597	1	3	37	62.603	0
18.598	1	4	38	106.256	0
16.791	1	113	151	1625.68	0
16.792	1	106	152	217.451	0
18.599	1	195	39	250.441	0
18.6	1	30	40	443.592	0
16.793	1	65	153	106.52	0
16.794	1	129	154	624.955	0
18.601	1	91	41	224.685	0
16.795	1	199	155	273.729	0
18.602	1	35	42	126.812	0
18.603	1	19	43	171.5	0
18.604	1	176	44	409.078	0
18.605	1	32	45	201.29	0
18.606	1	126	46	129.477	0
18.607	1	151	47	3974.15	0
18.608	1	160	48	345.898	0
18.609	1	79	49	2796.26	0
18.61	1	171	50	99.5737	0
16.803	1	64	163	389.654	0
18.611	1	175	51	4703.2	0
16.804	1	59	164	709.598	0
18.612	1	17	52	207.272	0
16.805	1	114	165	169.759	0
18.613	1	174	53	76.9816	0
16.806	1	198	166	221.231	0
18.614	1	74	54	905.543	0
16.807	1	41	167	640.047	0
18.615	1	39	55	118.034	0
16.808	1	56	168	68.6408	0
16.809	1	190	169	59.4506	0
16.81	1	75	170	208.968	0
18.616	1	179	56	149.866	0
16.811	1	87	171	1670.53	0
16.812	1	26	172	2099.23	0
18.617	1	194	57	2177.1	0
16.813	1	15	173	179.907	0
18.618	1	28	58	295.725	0
16.814	1	7	174	205.827	0
18.619	1	80	59	49.5261	0
16.815	1	164	175	376.969	0
18.62	1	105	60	100.985	0
18.621	1	168	61	2947.73	0
16.816	1	191	176	82.8889	0
18.622	1	73	62	3309.99	0
18.623	1	141	63	145.189	0
18.624	1	53	64	272.268	0
16.817	1	131	177	298.873	0
16.818	1	122	178	343.497	0
18.625	1	163	65	129.848	0
18.626	1	62	66	299.165	0
18.627	1	89	67	1224.03	0
18.628	1	173	68	113.34	0
18.629	1	112	69	207.228	0
18.63	1	93	70	116.974	0
18.631	1	136	71	138.674	0
18.632	1	121	72	184.313	0
18.633	1	85	73	223.346	0
16.825	1	71	185	112.461	0
16.826	1	76	186	231.706	0
18.634	1	2	74	113.997	0
16.827	1	82	187	2586.67	0
16.828	1	184	188	174.793	0
18.635	1	158	75	2273.22	0
16.829	1	68	189	112.614	0
18.636	1	14	76	421.992	0
16.83	1	177	190	127.909	0
18.637	1	1	77	386.208	0
16.831	1	24	191	140.866	0
18.638	1	133	78	370.79	0
16.832	1	117	192	50.164	0
18.639	1	34	79	181.276	0
16.833	1	159	193	2306.68	0
18.64	1	18	80	83.9037	0
16.834	1	22	194	292.023	0
18.641	1	149	81	1161.99	0
16.835	1	137	195	543.29	0
18.642	1	108	82	364.818	0
16.836	1	156	196	161.38	0
18.643	1	97	83	10557.6	0
18.644	1	148	84	36.7341	0
16.837	1	25	197	280.319	0
16.838	1	50	198	218.694	0
18.645	1	51	85	378.845	0
16.839	1	60	199	80.8644	0
18.646	1	9	86	405.507	0
16.84	1	36	200	279.676	0
18.647	1	132	87	614.362	0
18.648	1	181	88	101.134	0
16.841	1	78	201	248.003	0
18.649	1	43	89	120.351	0
18.65	1	84	90	113.797	0
16.842	1	128	202	308.437	0
18.651	1	183	91	233.783	0
16.843	1	144	203	1607.66	0
16.844	1	178	204	117.699	0
16.845	1	192	205	91.6101	0
18.652	1	44	92	703.256	0
16.846	1	146	206	605.03	0
18.653	1	77	93	317.823	0
16.847	1	140	207	564.426	0
18.654	1	31	94	856.037	0
16.848	1	45	208	61.2684	0
18.655	1	57	95	73.8507	0
16.849	1	130	209	167.216	0
18.656	1	172	96	131.253	0
16.85	1	161	210	640.661	0
18.657	1	47	97	960.138	0
16.851	1	153	211	208.73	0
18.658	1	187	98	327.353	0
16.852	1	124	212	151.879	0
18.659	1	180	99	117.243	0
16.853	1	167	213	292.388	0
18.66	1	147	100	3460.29	0
16.854	1	81	214	1306.54	0
16.855	1	185	215	146.738	0
18.661	1	46	101	644.627	0
18.662	1	155	102	130.646	0
18.663	1	21	103	256.944	0
18.664	1	6	104	385.297	0
18.665	1	29	105	80.6086	0
18.666	1	182	106	330.342	0
18.668	1	96	108	153.639	0
18.669	1	42	109	369.662	0
18.67	1	165	110	905.939	0
18.671	1	69	111	13043.2	0
18.672	1	88	112	905.478	0
18.673	1	188	113	1999.89	0
18.674	1	152	114	664.683	0
18.675	1	162	115	158.165	0
18.676	1	11	116	275.803	0
18.677	1	139	117	1032.66	0
18.678	1	98	118	51.5382	0
18.679	1	23	119	728.652	0
18.68	1	10	120	2175.1	0
18.681	1	12	121	321.451	0
18.682	1	120	122	2131.76	0
18.683	1	150	123	307.995	0
18.684	1	8	124	173.695	0
18.685	1	16	125	127.62	0
18.686	1	169	126	104.346	0
18.687	1	94	127	258.707	0
18.688	1	170	128	1712.67	0
18.689	1	54	129	244.766	0
18.69	1	125	130	158.266	0
18.691	1	90	131	1070.28	0
18.692	1	134	132	122.469	0
18.693	1	186	133	4968.08	0
18.694	1	67	134	11233.5	0
18.695	1	102	135	10799.1	0
18.696	1	63	136	3457.73	0
18.697	1	145	137	386.476	0
18.698	1	127	138	78.3674	0
18.7	1	154	140	1135.69	0
18.701	1	20	141	119.898	0
18.702	1	52	142	119.044	0
18.703	1	138	143	537.954	0
18.704	1	83	144	112.442	0
18.705	1	5	145	1506.39	0
18.706	1	109	146	456.475	0
18.707	1	33	147	1562.78	0
18.708	1	123	148	64.6302	0
18.709	1	99	149	1276.95	0
18.71	1	104	150	173.438	0
18.711	1	113	151	2137.03	0
18.712	1	106	152	141.171	0
18.713	1	65	153	69.568	0
18.714	1	129	154	676.006	0
18.715	1	199	155	163.32	0
18.723	1	64	163	364.743	0
18.724	1	59	164	297.215	0
18.725	1	114	165	194.512	0
18.726	1	198	166	125.746	0
18.727	1	41	167	368.227	0
18.728	1	56	168	92.7589	0
18.729	1	190	169	125.562	0
18.73	1	75	170	308.689	0
18.731	1	87	171	686.666	0
18.732	1	26	172	6623.06	0
18.733	1	15	173	155.824	0
18.734	1	7	174	129.736	0
18.735	1	164	175	573.558	0
18.736	1	191	176	109.313	0
18.737	1	131	177	103.424	0
18.738	1	122	178	177.878	0
18.745	1	71	185	153.335	0
18.746	1	76	186	109.42	0
18.747	1	82	187	1495.22	0
18.748	1	184	188	225.455	0
18.749	1	68	189	49.4868	0
18.75	1	177	190	84.652	0
18.751	1	24	191	97.4967	0
18.752	1	117	192	37.7526	0
18.753	1	159	193	2094.23	0
18.754	1	22	194	236.203	0
18.755	1	137	195	541.122	0
18.756	1	156	196	191.57	0
18.757	1	25	197	377.839	0
18.758	1	50	198	228.626	0
18.759	1	60	199	34.9405	0
18.76	1	36	200	434.386	0
18.761	1	78	201	142.753	0
18.762	1	128	202	236.008	0
16.961	1	143	1	641.668	0
18.763	1	144	203	1464.49	0
18.764	1	178	204	125.499	0
16.962	1	70	2	108.195	0
18.765	1	192	205	55.8873	0
18.766	1	146	206	524.656	0
16.963	1	110	3	242.384	0
16.964	1	13	4	86.821	0
18.767	1	140	207	769.373	0
16.965	1	66	5	286.975	0
18.768	1	45	208	112.998	0
16.966	1	72	6	119.889	0
18.769	1	130	209	175.934	0
16.967	1	103	7	463.549	0
18.77	1	161	210	532.921	0
16.968	1	92	8	872.18	0
18.771	1	153	211	140.123	0
16.969	1	157	9	203.19	0
18.772	1	124	212	147.611	0
16.97	1	27	10	94.0495	0
18.773	1	167	213	286.582	0
16.971	1	58	11	3473.36	0
18.774	1	81	214	728.701	0
16.972	1	115	12	300.194	0
16.973	1	48	13	148.831	0
18.775	1	185	215	309.796	0
16.974	1	37	14	2741.36	0
16.975	1	135	15	577.77	0
16.976	1	193	16	197.785	0
16.977	1	197	17	562.019	0
16.978	1	38	18	76.5854	0
16.979	1	189	19	1009.46	0
16.98	1	40	20	7672.18	0
16.981	1	142	21	882.099	0
16.982	1	86	22	590.714	0
16.983	1	100	23	1603.37	0
16.984	1	166	24	261.35	0
16.985	1	118	25	255.164	0
16.986	1	49	26	523.294	0
16.987	1	196	27	257.197	0
16.988	1	119	28	119.419	0
16.989	1	200	29	95.7367	0
16.99	1	55	30	163.856	0
16.991	1	95	31	132.052	0
16.992	1	107	32	68.0193	0
16.993	1	101	33	144.306	0
16.994	1	116	34	947.105	0
16.995	1	61	35	253.394	0
16.996	1	111	36	329.013	0
16.997	1	3	37	73.764	0
16.998	1	4	38	131.181	0
16.999	1	195	39	274.25	0
17	1	30	40	1353.5	0
17.001	1	91	41	164.181	0
17.002	1	35	42	397.759	0
17.003	1	19	43	124.385	0
17.004	1	176	44	156.05	0
17.005	1	32	45	256.245	0
17.006	1	126	46	468.345	0
17.007	1	151	47	5768.59	0
17.008	1	160	48	415.587	0
17.009	1	79	49	1689.66	0
17.01	1	171	50	91.3221	0
17.011	1	175	51	1431.5	0
17.012	1	17	52	479.805	0
17.013	1	174	53	45.8214	0
17.014	1	74	54	500.218	0
17.015	1	39	55	193.099	0
17.016	1	179	56	92.0675	0
17.017	1	194	57	1667.07	0
17.018	1	28	58	799.667	0
17.019	1	80	59	50.7968	0
17.02	1	105	60	127.376	0
17.021	1	168	61	2266.28	0
17.022	1	73	62	3485.2	0
17.023	1	141	63	298.32	0
17.024	1	53	64	225.031	0
17.025	1	163	65	206.799	0
17.026	1	62	66	740.719	0
17.027	1	89	67	1140.57	0
17.028	1	173	68	179.844	0
17.029	1	112	69	575.869	0
17.03	1	93	70	117.362	0
17.031	1	136	71	90.822	0
17.032	1	121	72	81.5095	0
17.033	1	85	73	231.161	0
17.034	1	2	74	102.272	0
17.035	1	158	75	1281.03	0
17.036	1	14	76	503.208	0
17.037	1	1	77	653.823	0
17.038	1	133	78	174.676	0
17.039	1	34	79	210.731	0
17.04	1	18	80	95.1528	0
17.041	1	149	81	1046.97	0
17.042	1	108	82	254.427	0
17.043	1	97	83	7217.62	0
17.044	1	148	84	48.4118	0
17.045	1	51	85	515.495	0
17.046	1	9	86	537.06	0
17.047	1	132	87	203.536	0
17.048	1	181	88	171.418	0
17.049	1	43	89	464.821	0
17.05	1	84	90	486.577	0
17.051	1	183	91	816.413	0
17.052	1	44	92	281.248	0
17.053	1	77	93	908.032	0
17.054	1	31	94	398.273	0
17.055	1	57	95	275.431	0
17.056	1	172	96	250.915	0
17.057	1	47	97	285.764	0
17.058	1	187	98	260.545	0
17.059	1	180	99	51.8601	0
17.06	1	147	100	11993.9	0
17.061	1	46	101	135.865	0
17.062	1	155	102	101.099	0
17.063	1	21	103	347.172	0
17.064	1	6	104	239.656	0
17.065	1	29	105	129.989	0
17.066	1	182	106	125.251	0
17.068	1	96	108	433.659	0
17.069	1	42	109	611.545	0
17.07	1	165	110	1256.39	0
17.071	1	69	111	7572.98	0
17.072	1	88	112	784.409	0
17.073	1	188	113	563.034	0
17.074	1	152	114	322.62	0
17.075	1	162	115	179.036	0
17.076	1	11	116	200.8	0
17.077	1	139	117	1644.41	0
17.078	1	98	118	364.94	0
18.881	1	143	1	208.621	0
18.882	1	70	2	152.431	0
17.079	1	23	119	758.023	0
17.08	1	10	120	936.666	0
18.883	1	110	3	463.234	0
17.081	1	12	121	361.633	0
17.082	1	120	122	1847.63	0
18.884	1	13	4	65.5805	0
17.083	1	150	123	116.78	0
18.885	1	66	5	224.011	0
18.886	1	72	6	248.62	0
17.084	1	8	124	206.504	0
18.887	1	103	7	1755.53	0
18.888	1	92	8	646.39	0
17.085	1	16	125	139.852	0
17.086	1	169	126	48.0564	0
18.889	1	157	9	294.014	0
18.89	1	27	10	117.82	0
17.087	1	94	127	91.4027	0
17.088	1	170	128	3040.17	0
18.891	1	58	11	3202.09	0
18.892	1	115	12	139.463	0
17.089	1	54	129	84.6821	0
17.09	1	125	130	248.364	0
18.893	1	48	13	232.03	0
18.894	1	37	14	2087.15	0
17.091	1	90	131	447.316	0
18.895	1	135	15	442.046	0
17.092	1	134	132	103.209	0
18.896	1	193	16	228.232	0
18.897	1	197	17	536.232	0
17.093	1	186	133	1314.07	0
18.898	1	38	18	133.585	0
17.094	1	67	134	4773.95	0
18.899	1	189	19	826.176	0
17.095	1	102	135	5893.61	0
17.096	1	63	136	3522.86	0
18.9	1	40	20	4922.4	0
17.097	1	145	137	1595.71	0
17.098	1	127	138	169.739	0
18.901	1	142	21	718.877	0
18.902	1	86	22	1243.51	0
17.1	1	154	140	894.296	0
18.903	1	100	23	2402.57	0
18.904	1	166	24	234.726	0
17.101	1	20	141	320.407	0
18.905	1	118	25	383.553	0
17.102	1	52	142	62.2903	0
18.906	1	49	26	852.753	0
18.907	1	196	27	256.451	0
17.103	1	138	143	333.269	0
17.104	1	83	144	58.4199	0
18.908	1	119	28	141.646	0
17.105	1	5	145	2156.27	0
18.909	1	200	29	162.617	0
17.106	1	109	146	87.9044	0
18.91	1	55	30	236.268	0
17.107	1	33	147	1882.1	0
18.911	1	95	31	499.76	0
18.912	1	107	32	88.2909	0
17.108	1	123	148	100.213	0
18.913	1	101	33	353.836	0
17.109	1	99	149	2603.41	0
18.914	1	116	34	821.545	0
17.11	1	104	150	63.0861	0
18.915	1	61	35	150.936	0
17.111	1	113	151	1469.1	0
17.112	1	106	152	111.699	0
17.113	1	65	153	115.317	0
18.916	1	111	36	522.818	0
17.114	1	129	154	856.192	0
17.115	1	199	155	223.948	0
18.917	1	3	37	175.249	0
18.918	1	4	38	47.9907	0
18.919	1	195	39	306.298	0
18.92	1	30	40	656.778	0
18.921	1	91	41	134.307	0
18.922	1	35	42	148.694	0
18.923	1	19	43	164.152	0
18.924	1	176	44	407.472	0
18.925	1	32	45	244.74	0
18.926	1	126	46	277.841	0
17.123	1	64	163	208.626	0
18.927	1	151	47	1974.43	0
17.124	1	59	164	655.596	0
18.928	1	160	48	270.231	0
17.125	1	114	165	161.221	0
18.929	1	79	49	2660.45	0
17.126	1	198	166	99.0835	0
18.93	1	171	50	108.016	0
17.127	1	41	167	294.221	0
18.931	1	175	51	4844.16	0
17.128	1	56	168	93.0167	0
18.932	1	17	52	304.094	0
17.129	1	190	169	79.9209	0
18.933	1	174	53	103.962	0
17.13	1	75	170	195.349	0
17.131	1	87	171	276.084	0
17.132	1	26	172	10604	0
17.133	1	15	173	99.6096	0
17.134	1	7	174	140.668	0
17.135	1	164	175	377.807	0
17.136	1	191	176	290.96	0
18.934	1	74	54	260.339	0
17.137	1	131	177	267.93	0
17.138	1	122	178	286.962	0
18.935	1	39	55	159.74	0
18.936	1	179	56	77.489	0
18.937	1	194	57	4131.96	0
18.938	1	28	58	681.027	0
17.145	1	71	185	146.655	0
17.146	1	76	186	79.7842	0
18.939	1	80	59	89.0322	0
17.147	1	82	187	5401.09	0
17.148	1	184	188	216.12	0
18.94	1	105	60	180.545	0
17.149	1	68	189	86.6467	0
17.15	1	177	190	144.69	0
17.151	1	24	191	234.138	0
18.941	1	168	61	2284.23	0
17.152	1	117	192	41.7981	0
17.153	1	159	193	3598.17	0
17.154	1	22	194	608.282	0
18.942	1	73	62	3017.82	0
17.155	1	137	195	466.848	0
17.156	1	156	196	181.875	0
17.157	1	25	197	491.082	0
18.943	1	141	63	184.17	0
17.158	1	50	198	104.843	0
18.944	1	53	64	216.762	0
17.159	1	60	199	105.693	0
17.16	1	36	200	897.481	0
18.945	1	163	65	124.185	0
17.161	1	78	201	376.329	0
18.946	1	62	66	305.75	0
17.162	1	128	202	286.018	0
18.947	1	89	67	1644.15	0
17.163	1	144	203	3606.18	0
17.164	1	178	204	108.704	0
18.948	1	173	68	187.196	0
17.165	1	192	205	88.437	0
17.166	1	146	206	345.365	0
17.167	1	140	207	802.892	0
18.949	1	112	69	230.161	0
17.168	1	45	208	71.24	0
17.169	1	130	209	183.383	0
18.95	1	93	70	25.9694	0
17.17	1	161	210	1365.49	0
17.171	1	153	211	391.299	0
17.172	1	124	212	196.632	0
18.951	1	136	71	81.2976	0
17.173	1	167	213	250.585	0
17.174	1	81	214	814.379	0
18.952	1	121	72	242.629	0
17.175	1	185	215	444.419	0
18.953	1	85	73	143.316	0
18.954	1	2	74	113.53	0
18.955	1	158	75	1271.7	0
18.956	1	14	76	152.691	0
18.957	1	1	77	757.12	0
18.958	1	133	78	238.44	0
18.959	1	34	79	135.329	0
18.96	1	18	80	110.884	0
18.961	1	149	81	1438.91	0
18.962	1	108	82	369.744	0
18.963	1	97	83	5404.89	0
18.964	1	148	84	68.5034	0
18.965	1	51	85	531.292	0
18.966	1	9	86	509.125	0
18.967	1	132	87	199.298	0
18.968	1	181	88	71.124	0
18.969	1	43	89	196.288	0
18.97	1	84	90	220.728	0
18.971	1	183	91	688.573	0
18.972	1	44	92	306.934	0
18.973	1	77	93	371.082	0
18.974	1	31	94	621.712	0
18.975	1	57	95	132.435	0
18.976	1	172	96	123.489	0
18.977	1	47	97	289.535	0
18.978	1	187	98	732.985	0
18.979	1	180	99	179.892	0
18.98	1	147	100	3326.99	0
18.981	1	46	101	426.513	0
18.982	1	155	102	65.8335	0
18.983	1	21	103	226.845	0
18.984	1	6	104	192.015	0
18.985	1	29	105	49.434	0
18.986	1	182	106	178.165	0
18.988	1	96	108	67.7416	0
18.989	1	42	109	464.504	0
18.99	1	165	110	1167.54	0
18.991	1	69	111	17212.2	0
18.992	1	88	112	309.15	0
18.993	1	188	113	2893.18	0
18.994	1	152	114	498.928	0
18.995	1	162	115	124.159	0
18.996	1	11	116	488.149	0
18.997	1	139	117	858.71	0
18.998	1	98	118	76.712	0
18.999	1	23	119	633.151	0
19	1	10	120	3794.34	0
19.001	1	12	121	453.902	0
19.002	1	120	122	2155.72	0
19.003	1	150	123	189.646	0
19.004	1	8	124	144.958	0
19.005	1	16	125	243.678	0
19.006	1	169	126	31.8627	0
19.007	1	94	127	71.9684	0
19.008	1	170	128	2359.41	0
19.009	1	54	129	159.848	0
19.01	1	125	130	101.275	0
19.011	1	90	131	429.515	0
19.012	1	134	132	203.991	0
19.013	1	186	133	774.183	0
19.014	1	67	134	2114.43	0
19.015	1	102	135	5384.88	0
19.016	1	63	136	3605.66	0
19.017	1	145	137	1743.82	0
19.018	1	127	138	231.473	0
19.02	1	154	140	1300.37	0
19.021	1	20	141	123.879	0
19.022	1	52	142	61.3708	0
19.023	1	138	143	719.525	0
19.024	1	83	144	59.3506	0
17.281	1	143	1	523.587	0
19.025	1	5	145	992.488	0
17.282	1	70	2	122.784	0
19.026	1	109	146	257.7	0
19.027	1	33	147	843.649	0
17.283	1	110	3	229.688	0
19.028	1	123	148	130.212	0
19.029	1	99	149	1668.24	0
17.284	1	13	4	45.6913	0
19.03	1	104	150	186.662	0
17.285	1	66	5	316.967	0
19.031	1	113	151	3457.13	0
17.286	1	72	6	120.125	0
19.032	1	106	152	227.261	0
17.287	1	103	7	2580.17	0
19.033	1	65	153	84.4947	0
17.288	1	92	8	857.774	0
19.034	1	129	154	329.484	0
17.289	1	157	9	911.976	0
17.29	1	27	10	115.277	0
19.035	1	199	155	236.365	0
17.291	1	58	11	8809.81	0
17.292	1	115	12	826.468	0
17.293	1	48	13	381.78	0
17.294	1	37	14	3253.48	0
17.295	1	135	15	458.785	0
17.296	1	193	16	386.354	0
17.297	1	197	17	208.082	0
17.298	1	38	18	56.8537	0
17.299	1	189	19	1065.77	0
19.043	1	64	163	198.953	0
17.3	1	40	20	6592.16	0
19.044	1	59	164	1180.21	0
17.301	1	142	21	249.954	0
19.045	1	114	165	134.427	0
17.302	1	86	22	1335.13	0
19.046	1	198	166	149.882	0
19.047	1	41	167	576.447	0
17.303	1	100	23	2607.97	0
19.048	1	56	168	145.681	0
17.304	1	166	24	88.3414	0
19.049	1	190	169	114.08	0
17.305	1	118	25	353.816	0
19.05	1	75	170	138.173	0
17.306	1	49	26	506.993	0
19.051	1	87	171	833.869	0
17.307	1	196	27	173.794	0
17.308	1	119	28	70.0025	0
19.052	1	26	172	2879.53	0
17.309	1	200	29	194.53	0
17.31	1	55	30	237.721	0
19.053	1	15	173	55.5921	0
19.054	1	7	174	159.447	0
17.311	1	95	31	307.507	0
19.055	1	164	175	193.172	0
17.312	1	107	32	68.191	0
19.056	1	191	176	389.489	0
17.313	1	101	33	250.415	0
17.314	1	116	34	1308.52	0
19.057	1	131	177	417.766	0
17.315	1	61	35	90.3213	0
19.058	1	122	178	156.517	0
17.316	1	111	36	215.428	0
17.317	1	3	37	54.738	0
17.318	1	4	38	245.382	0
17.319	1	195	39	308.798	0
19.065	1	71	185	133.019	0
17.32	1	30	40	805.355	0
19.066	1	76	186	200.561	0
17.321	1	91	41	243.601	0
19.067	1	82	187	3921.64	0
17.322	1	35	42	398.494	0
19.068	1	184	188	177.14	0
17.323	1	19	43	273.068	0
19.069	1	68	189	25.1187	0
17.324	1	176	44	144.549	0
19.07	1	177	190	117.135	0
17.325	1	32	45	290.274	0
19.071	1	24	191	194.419	0
17.326	1	126	46	230.223	0
19.072	1	117	192	38.3368	0
17.327	1	151	47	2664.75	0
17.328	1	160	48	246.46	0
19.073	1	159	193	1576.98	0
19.074	1	22	194	312.27	0
17.329	1	79	49	1138.97	0
17.33	1	171	50	129.343	0
19.075	1	137	195	459.472	0
17.331	1	175	51	1562.02	0
17.332	1	17	52	249.279	0
19.076	1	156	196	88.2328	0
17.333	1	174	53	58.3999	0
19.077	1	25	197	303.354	0
19.078	1	50	198	247.915	0
17.334	1	74	54	255.041	0
19.079	1	60	199	53.022	0
19.08	1	36	200	529.587	0
17.335	1	39	55	135.442	0
17.336	1	179	56	140.846	0
19.081	1	78	201	89.0374	0
19.082	1	128	202	487.658	0
17.337	1	194	57	988.444	0
17.338	1	28	58	941.279	0
19.083	1	144	203	3895.56	0
17.339	1	80	59	101.996	0
17.34	1	105	60	195.281	0
19.084	1	178	204	73.523	0
19.085	1	192	205	82.1636	0
17.341	1	168	61	1149.62	0
19.086	1	146	206	353.997	0
19.087	1	140	207	467.144	0
17.342	1	73	62	1828.52	0
19.088	1	45	208	123.265	0
17.343	1	141	63	50.3849	0
19.089	1	130	209	158.721	0
17.344	1	53	64	270.976	0
19.09	1	161	210	764.271	0
17.345	1	163	65	123.507	0
19.091	1	153	211	221.087	0
17.346	1	62	66	243.215	0
19.092	1	124	212	218.5	0
17.347	1	89	67	2580.14	0
19.093	1	167	213	412.816	0
17.348	1	173	68	196.366	0
19.094	1	81	214	1360.3	0
17.349	1	112	69	406.688	0
19.095	1	185	215	151.809	0
17.35	1	93	70	73.7259	0
17.351	1	136	71	67.4343	0
17.352	1	121	72	94.208	0
17.353	1	85	73	97.4629	0
17.354	1	2	74	69.7426	0
17.355	1	158	75	1498.78	0
17.356	1	14	76	447.183	0
17.357	1	1	77	516.13	0
17.358	1	133	78	158.048	0
17.359	1	34	79	74.5046	0
17.36	1	18	80	46.5078	0
17.361	1	149	81	939.405	0
17.362	1	108	82	162.619	0
17.363	1	97	83	4594.72	0
17.364	1	148	84	60.9987	0
17.365	1	51	85	309.129	0
17.366	1	9	86	206.208	0
17.367	1	132	87	274.715	0
17.368	1	181	88	167.842	0
17.369	1	43	89	433.214	0
17.37	1	84	90	304.62	0
17.371	1	183	91	419.673	0
17.372	1	44	92	414.583	0
17.373	1	77	93	1070.4	0
17.374	1	31	94	381.806	0
17.375	1	57	95	146.329	0
17.376	1	172	96	210.764	0
17.377	1	47	97	273.587	0
17.378	1	187	98	176.368	0
17.379	1	180	99	190.563	0
17.38	1	147	100	5203.1	0
17.381	1	46	101	567.772	0
17.382	1	155	102	116.446	0
17.383	1	21	103	309.18	0
17.384	1	6	104	324.148	0
17.385	1	29	105	104.274	0
17.386	1	182	106	125.947	0
17.388	1	96	108	138.257	0
17.389	1	42	109	654.932	0
17.39	1	165	110	2704.61	0
17.391	1	69	111	3925.29	0
17.392	1	88	112	925.183	0
17.393	1	188	113	1772.63	0
17.394	1	152	114	588.304	0
17.395	1	162	115	153.177	0
17.396	1	11	116	342.04	0
17.397	1	139	117	803.126	0
17.398	1	98	118	204.478	0
17.399	1	23	119	384.807	0
17.4	1	10	120	3198.44	0
17.401	1	12	121	506.453	0
17.402	1	120	122	1402.58	0
17.403	1	150	123	218.801	0
17.404	1	8	124	224.984	0
17.405	1	16	125	205.243	0
17.406	1	169	126	20.9599	0
17.407	1	94	127	51.0719	0
17.408	1	170	128	4730.3	0
17.409	1	54	129	99.2618	0
17.41	1	125	130	397.401	0
17.411	1	90	131	532.312	0
17.412	1	134	132	84.5053	0
17.413	1	186	133	5968.93	0
17.414	1	67	134	2869.5	0
17.415	1	102	135	4204.48	0
17.416	1	63	136	5120.3	0
17.417	1	145	137	1417.28	0
17.418	1	127	138	117.586	0
17.42	1	154	140	1197.22	0
17.421	1	20	141	54.2009	0
17.422	1	52	142	113.643	0
17.423	1	138	143	1012.71	0
17.424	1	83	144	43.8684	0
17.425	1	5	145	876.528	0
17.426	1	109	146	266.682	0
17.427	1	33	147	2384.09	0
17.428	1	123	148	132.517	0
17.429	1	99	149	2502.48	0
17.43	1	104	150	149.516	0
17.431	1	113	151	2132.2	0
17.432	1	106	152	117.988	0
17.433	1	65	153	49.6769	0
17.434	1	129	154	591.374	0
17.435	1	199	155	379	0
17.443	1	64	163	292.706	0
17.444	1	59	164	395.972	0
17.445	1	114	165	161.681	0
17.446	1	198	166	130.251	0
17.447	1	41	167	517.788	0
17.448	1	56	168	252.722	0
17.449	1	190	169	56.7558	0
17.45	1	75	170	339.934	0
17.451	1	87	171	402.941	0
17.452	1	26	172	18028.4	0
17.453	1	15	173	91.6197	0
17.454	1	7	174	104.231	0
17.455	1	164	175	1384.79	0
19.201	1	143	1	649.448	0
17.456	1	191	176	114.943	0
19.202	1	70	2	309.131	0
17.457	1	131	177	142.502	0
19.203	1	110	3	226.564	0
19.204	1	13	4	55.1893	0
17.458	1	122	178	200.862	0
19.205	1	66	5	141.02	0
19.206	1	72	6	170.829	0
19.207	1	103	7	1807	0
19.208	1	92	8	984.045	0
19.209	1	157	9	468.771	0
19.21	1	27	10	38.147	0
19.211	1	58	11	3886.15	0
17.465	1	71	185	132.805	0
19.212	1	115	12	718.434	0
17.466	1	76	186	261.477	0
19.213	1	48	13	242.579	0
17.467	1	82	187	1444.84	0
19.214	1	37	14	5336.54	0
17.468	1	184	188	476.449	0
19.215	1	135	15	228.465	0
17.469	1	68	189	108.527	0
17.47	1	177	190	159.35	0
19.216	1	193	16	160.882	0
17.471	1	24	191	157.785	0
17.472	1	117	192	34.279	0
17.473	1	159	193	1262.77	0
19.217	1	197	17	226.579	0
17.474	1	22	194	119.244	0
19.218	1	38	18	104.625	0
19.219	1	189	19	2208.07	0
17.475	1	137	195	398.479	0
17.476	1	156	196	131.987	0
19.22	1	40	20	3246.02	0
17.477	1	25	197	260.678	0
19.221	1	142	21	484.189	0
17.478	1	50	198	112.985	0
19.222	1	86	22	1212.86	0
17.479	1	60	199	237.52	0
19.223	1	100	23	972.283	0
17.48	1	36	200	237.624	0
19.224	1	166	24	141.524	0
17.481	1	78	201	216.216	0
19.225	1	118	25	164.811	0
17.482	1	128	202	281.438	0
19.226	1	49	26	255.63	0
19.227	1	196	27	404.153	0
17.483	1	144	203	1840.93	0
19.228	1	119	28	81.9918	0
17.484	1	178	204	262.595	0
19.229	1	200	29	248.425	0
19.23	1	55	30	98.8329	0
17.485	1	192	205	104.044	0
17.486	1	146	206	458.742	0
19.231	1	95	31	224.865	0
19.232	1	107	32	105.096	0
17.487	1	140	207	524.932	0
17.488	1	45	208	86.723	0
19.233	1	101	33	149.622	0
19.234	1	116	34	1178.53	0
17.489	1	130	209	290.196	0
17.49	1	161	210	1593.85	0
17.491	1	153	211	97.8614	0
19.235	1	61	35	153.569	0
17.492	1	124	212	227.458	0
19.236	1	111	36	586.627	0
19.237	1	3	37	42.9422	0
17.493	1	167	213	527.67	0
17.494	1	81	214	980.65	0
19.238	1	4	38	101.065	0
17.495	1	185	215	160.094	0
19.239	1	195	39	334.771	0
19.24	1	30	40	1657.28	0
19.241	1	91	41	206.579	0
19.242	1	35	42	125.513	0
19.243	1	19	43	165.7	0
19.244	1	176	44	193.245	0
19.245	1	32	45	139.459	0
19.246	1	126	46	424.689	0
19.247	1	151	47	5659.73	0
19.248	1	160	48	367.689	0
19.249	1	79	49	2185.19	0
19.25	1	171	50	96.999	0
19.251	1	175	51	2232.73	0
19.252	1	17	52	208.899	0
19.253	1	174	53	147.3	0
19.254	1	74	54	216.581	0
19.255	1	39	55	77.7554	0
19.256	1	179	56	121.648	0
19.257	1	194	57	2529.84	0
19.258	1	28	58	365.036	0
19.259	1	80	59	33.0636	0
19.26	1	105	60	77.0134	0
19.261	1	168	61	1421.34	0
19.262	1	73	62	1124.4	0
19.263	1	141	63	212.5	0
19.264	1	53	64	274.664	0
19.265	1	163	65	247.37	0
19.266	1	62	66	494.121	0
19.267	1	89	67	1712.58	0
19.268	1	173	68	95.1781	0
19.269	1	112	69	548.725	0
19.27	1	93	70	91.3283	0
19.271	1	136	71	37.6709	0
19.272	1	121	72	272.943	0
19.273	1	85	73	146.244	0
19.274	1	2	74	66.8969	0
19.275	1	158	75	2049.22	0
19.276	1	14	76	94.958	0
19.277	1	1	77	375.036	0
19.278	1	133	78	225.492	0
19.279	1	34	79	143.873	0
19.28	1	18	80	134.287	0
19.281	1	149	81	1035.32	0
19.282	1	108	82	319.857	0
19.283	1	97	83	2011.1	0
19.284	1	148	84	66.0279	0
19.285	1	51	85	514.869	0
19.286	1	9	86	307.911	0
19.287	1	132	87	89.6752	0
19.288	1	181	88	56.2067	0
19.289	1	43	89	266.861	0
19.29	1	84	90	120.088	0
19.291	1	183	91	806.13	0
19.292	1	44	92	333.93	0
19.293	1	77	93	795.887	0
19.294	1	31	94	324.336	0
19.295	1	57	95	96.3295	0
19.296	1	172	96	184.834	0
19.297	1	47	97	804.899	0
19.298	1	187	98	532.902	0
19.299	1	180	99	125.91	0
19.3	1	147	100	8467.22	0
19.301	1	46	101	336.083	0
19.302	1	155	102	103.28	0
19.303	1	21	103	184.463	0
19.304	1	6	104	339.123	0
19.305	1	29	105	27.4162	0
19.306	1	182	106	106.822	0
19.308	1	96	108	174.539	0
19.309	1	42	109	441.087	0
19.31	1	165	110	1352.7	0
19.311	1	69	111	14210.8	0
19.312	1	88	112	885.448	0
19.313	1	188	113	1678.87	0
19.314	1	152	114	1224.75	0
19.315	1	162	115	177.16	0
19.316	1	11	116	194.717	0
19.317	1	139	117	902.794	0
19.318	1	98	118	272.103	0
19.319	1	23	119	1026.44	0
19.32	1	10	120	2306.66	0
19.321	1	12	121	438.782	0
19.322	1	120	122	2414.15	0
19.323	1	150	123	101.071	0
19.324	1	8	124	137.248	0
19.325	1	16	125	408.213	0
19.326	1	169	126	46.0517	0
19.327	1	94	127	64.9467	0
19.328	1	170	128	5015.87	0
19.329	1	54	129	165.786	0
19.33	1	125	130	563.876	0
19.331	1	90	131	652.99	0
19.332	1	134	132	180.338	0
19.333	1	186	133	2192.85	0
19.334	1	67	134	3826.22	0
19.335	1	102	135	1957.47	0
19.336	1	63	136	4079.54	0
19.337	1	145	137	2249.36	0
19.338	1	127	138	335.875	0
17.601	1	143	1	374.655	0
19.34	1	154	140	851.051	0
17.602	1	70	2	225.063	0
17.603	1	110	3	272.576	0
19.341	1	20	141	90.1887	0
17.604	1	13	4	66.6933	0
19.342	1	52	142	124.22	0
17.605	1	66	5	209.391	0
17.606	1	72	6	145.232	0
19.343	1	138	143	406.872	0
19.344	1	83	144	77.9294	0
17.607	1	103	7	2267.58	0
17.608	1	92	8	1375.18	0
19.345	1	5	145	805.533	0
17.609	1	157	9	275.678	0
19.346	1	109	146	205.806	0
17.61	1	27	10	52.2875	0
19.347	1	33	147	2324.82	0
17.611	1	58	11	5141.76	0
19.348	1	123	148	94.9892	0
17.612	1	115	12	602.439	0
19.349	1	99	149	1308.61	0
17.613	1	48	13	251.645	0
19.35	1	104	150	154.87	0
17.614	1	37	14	4363.84	0
19.351	1	113	151	1158.26	0
17.615	1	135	15	122.033	0
19.352	1	106	152	211.762	0
19.353	1	65	153	45.7936	0
17.616	1	193	16	127.059	0
19.354	1	129	154	375.991	0
19.355	1	199	155	203.175	0
17.617	1	197	17	402.401	0
17.618	1	38	18	109.103	0
17.619	1	189	19	1330.57	0
17.62	1	40	20	18894.7	0
17.621	1	142	21	505.607	0
17.622	1	86	22	1126.01	0
17.623	1	100	23	889.594	0
17.624	1	166	24	144.663	0
17.625	1	118	25	686.969	0
17.626	1	49	26	900.841	0
19.363	1	64	163	392.667	0
19.364	1	59	164	1184	0
17.627	1	196	27	232.481	0
17.628	1	119	28	96.2917	0
19.365	1	114	165	97.5963	0
19.366	1	198	166	93.6622	0
17.629	1	200	29	126.763	0
17.63	1	55	30	82.5591	0
19.367	1	41	167	792.204	0
19.368	1	56	168	227.332	0
17.631	1	95	31	131.65	0
17.632	1	107	32	87.6384	0
19.369	1	190	169	75.5233	0
19.37	1	75	170	102.236	0
17.633	1	101	33	262.628	0
19.371	1	87	171	788.668	0
17.634	1	116	34	1272.55	0
19.372	1	26	172	8446.76	0
19.373	1	15	173	150.282	0
17.635	1	61	35	114.491	0
19.374	1	7	174	160.35	0
17.636	1	111	36	543.885	0
17.637	1	3	37	74.4384	0
19.375	1	164	175	693.082	0
17.638	1	4	38	199.451	0
17.639	1	195	39	326.384	0
19.376	1	191	176	230.42	0
17.64	1	30	40	2147	0
19.377	1	131	177	163.881	0
19.378	1	122	178	235.546	0
17.641	1	91	41	120.033	0
17.642	1	35	42	94.3618	0
17.643	1	19	43	95.9861	0
17.644	1	176	44	254.522	0
17.645	1	32	45	184.606	0
17.646	1	126	46	261.071	0
17.647	1	151	47	1651.76	0
19.385	1	71	185	166.143	0
17.648	1	160	48	97.665	0
19.386	1	76	186	437.408	0
17.649	1	79	49	2862.75	0
19.387	1	82	187	2433.71	0
17.65	1	171	50	130.885	0
19.388	1	184	188	136.044	0
17.651	1	175	51	2899.32	0
19.389	1	68	189	67.2405	0
19.39	1	177	190	280.227	0
17.652	1	17	52	200.168	0
19.391	1	24	191	102.152	0
19.392	1	117	192	55.2425	0
17.653	1	174	53	43.504	0
17.654	1	74	54	248.836	0
19.393	1	159	193	1264.22	0
19.394	1	22	194	439.277	0
17.655	1	39	55	161.593	0
17.656	1	179	56	129.34	0
19.395	1	137	195	302.749	0
19.396	1	156	196	160.404	0
17.657	1	194	57	863.95	0
19.397	1	25	197	321.687	0
19.398	1	50	198	533.796	0
17.658	1	28	58	230.563	0
19.399	1	60	199	78.9214	0
17.659	1	80	59	75.2441	0
17.66	1	105	60	159.006	0
19.4	1	36	200	273.697	0
17.661	1	168	61	1691.35	0
19.401	1	78	201	193.494	0
19.402	1	128	202	332.751	0
17.662	1	73	62	1282.94	0
17.663	1	141	63	103.711	0
17.664	1	53	64	470.55	0
19.403	1	144	203	1099.49	0
19.404	1	178	204	141.722	0
17.665	1	163	65	112.398	0
17.666	1	62	66	173.177	0
19.405	1	192	205	42.3031	0
19.406	1	146	206	248.046	0
17.667	1	89	67	2802.16	0
17.668	1	173	68	126.733	0
19.407	1	140	207	394.108	0
17.669	1	112	69	577.672	0
19.408	1	45	208	206.565	0
17.67	1	93	70	90.0104	0
19.409	1	130	209	154.939	0
17.671	1	136	71	145.158	0
19.41	1	161	210	782.647	0
17.672	1	121	72	200.574	0
19.411	1	153	211	127.732	0
17.673	1	85	73	125.857	0
19.412	1	124	212	137.289	0
17.674	1	2	74	59.7635	0
19.413	1	167	213	383.061	0
19.414	1	81	214	505.732	0
17.675	1	158	75	4594.91	0
19.415	1	185	215	628.917	0
17.676	1	14	76	421.097	0
17.677	1	1	77	382.027	0
17.678	1	133	78	253.967	0
17.679	1	34	79	165.677	0
17.68	1	18	80	48.9713	0
17.681	1	149	81	1296.16	0
17.682	1	108	82	149.504	0
17.683	1	97	83	7449.17	0
17.684	1	148	84	113.425	0
17.685	1	51	85	510.43	0
17.686	1	9	86	336.409	0
17.687	1	132	87	658.335	0
17.688	1	181	88	138.926	0
17.689	1	43	89	176.175	0
17.69	1	84	90	215.98	0
17.691	1	183	91	486.349	0
17.692	1	44	92	186.141	0
17.693	1	77	93	633.418	0
17.694	1	31	94	564.678	0
17.695	1	57	95	161.704	0
17.696	1	172	96	207.439	0
17.697	1	47	97	763.262	0
17.698	1	187	98	386.745	0
17.699	1	180	99	87.8405	0
17.7	1	147	100	5767.39	0
17.701	1	46	101	111.664	0
17.702	1	155	102	131.048	0
17.703	1	21	103	240.128	0
17.704	1	6	104	329.476	0
17.705	1	29	105	93.5033	0
17.706	1	182	106	202.421	0
17.708	1	96	108	353.849	0
17.709	1	42	109	868.952	0
17.71	1	165	110	2054.07	0
17.711	1	69	111	2217.27	0
17.712	1	88	112	1243.74	0
17.713	1	188	113	1987.41	0
17.714	1	152	114	1027.04	0
17.715	1	162	115	166.152	0
17.716	1	11	116	406.768	0
17.717	1	139	117	418.744	0
17.718	1	98	118	385.478	0
17.719	1	23	119	635.138	0
17.72	1	10	120	1331.25	0
17.721	1	12	121	353.484	0
17.722	1	120	122	2689.85	0
17.723	1	150	123	275.969	0
17.724	1	8	124	215.897	0
17.725	1	16	125	253.398	0
17.726	1	169	126	93.4265	0
17.727	1	94	127	376.06	0
17.728	1	170	128	4498.35	0
17.729	1	54	129	89.7612	0
17.73	1	125	130	327.935	0
17.731	1	90	131	1070.28	0
17.732	1	134	132	79.8937	0
17.733	1	186	133	5020.08	0
17.734	1	67	134	9155.65	0
17.735	1	102	135	6862.93	0
17.736	1	63	136	4115.57	0
17.737	1	145	137	971.636	0
17.738	1	127	138	188.525	0
17.74	1	154	140	1628.57	0
17.741	1	20	141	130.784	0
17.742	1	52	142	29.1806	0
17.743	1	138	143	716.447	0
17.744	1	83	144	165.905	0
17.745	1	5	145	2648.35	0
17.746	1	109	146	385.707	0
17.747	1	33	147	2387.29	0
17.748	1	123	148	30.3315	0
17.749	1	99	149	1307.52	0
17.75	1	104	150	251.977	0
17.751	1	113	151	1769.34	0
17.752	1	106	152	146.92	0
17.753	1	65	153	42.7566	0
17.754	1	129	154	411.087	0
17.755	1	199	155	450.771	0
17.763	1	64	163	156.371	0
17.764	1	59	164	343.9	0
17.765	1	114	165	338.385	0
17.766	1	198	166	177.493	0
17.767	1	41	167	321.26	0
17.768	1	56	168	225.972	0
17.769	1	190	169	144.137	0
17.77	1	75	170	245.365	0
17.771	1	87	171	465.024	0
17.772	1	26	172	4114.71	0
17.773	1	15	173	162.414	0
17.774	1	7	174	171.639	0
17.775	1	164	175	604.84	0
17.776	1	191	176	216.309	0
17.777	1	131	177	311.049	0
17.778	1	122	178	96.7375	0
17.785	1	71	185	78.5948	0
17.786	1	76	186	319.629	0
19.521	1	143	1	533.532	0
19.522	1	70	2	116.543	0
17.787	1	82	187	3340.54	0
17.788	1	184	188	313.718	0
19.523	1	110	3	468.603	0
19.524	1	13	4	81.0524	0
17.789	1	68	189	35.546	0
19.525	1	66	5	235.584	0
17.79	1	177	190	96.2055	0
19.526	1	72	6	153.863	0
17.791	1	24	191	163.589	0
19.527	1	103	7	3320.39	0
17.792	1	117	192	31.54	0
19.528	1	92	8	321.416	0
17.793	1	159	193	2813.98	0
19.529	1	157	9	534.649	0
17.794	1	22	194	257.307	0
19.53	1	27	10	175.581	0
17.795	1	137	195	263.645	0
19.531	1	58	11	4555.95	0
17.796	1	156	196	129.327	0
19.532	1	115	12	129.816	0
17.797	1	25	197	341.792	0
19.533	1	48	13	524.264	0
17.798	1	50	198	262.866	0
17.799	1	60	199	58.688	0
19.534	1	37	14	7505.27	0
17.8	1	36	200	448.373	0
19.535	1	135	15	124.095	0
19.536	1	193	16	241.852	0
17.801	1	78	201	123.249	0
17.802	1	128	202	180.172	0
19.537	1	197	17	395.447	0
19.538	1	38	18	231.718	0
17.803	1	144	203	1682.78	0
19.539	1	189	19	1255.65	0
17.804	1	178	204	309.819	0
19.54	1	40	20	7065.2	0
17.805	1	192	205	71.3909	0
17.806	1	146	206	222.201	0
19.541	1	142	21	212.526	0
17.807	1	140	207	597.081	0
17.808	1	45	208	150.543	0
19.542	1	86	22	909.36	0
17.809	1	130	209	52.9741	0
19.543	1	100	23	2104.11	0
17.81	1	161	210	975.879	0
19.544	1	166	24	249.709	0
19.545	1	118	25	596.218	0
17.811	1	153	211	167.182	0
19.546	1	49	26	601.055	0
17.812	1	124	212	326.155	0
19.547	1	196	27	267.933	0
17.813	1	167	213	471.611	0
19.548	1	119	28	127.209	0
17.814	1	81	214	1104.66	0
19.549	1	200	29	152.221	0
17.815	1	185	215	341.456	0
19.55	1	55	30	94.6576	0
19.551	1	95	31	220.122	0
19.552	1	107	32	32.9129	0
19.553	1	101	33	255.741	0
19.554	1	116	34	770.468	0
19.555	1	61	35	215.746	0
19.556	1	111	36	339.1	0
19.557	1	3	37	104.692	0
19.558	1	4	38	204.13	0
19.559	1	195	39	124.166	0
19.56	1	30	40	1535.3	0
19.561	1	91	41	170.24	0
19.562	1	35	42	210.995	0
19.563	1	19	43	159.418	0
19.564	1	176	44	397.553	0
19.565	1	32	45	181.874	0
19.566	1	126	46	287.559	0
19.567	1	151	47	5624.82	0
19.568	1	160	48	289.848	0
19.569	1	79	49	3565.82	0
19.57	1	171	50	49.8192	0
19.571	1	175	51	4582.13	0
19.572	1	17	52	446.348	0
19.573	1	174	53	64.3988	0
19.574	1	74	54	327.006	0
19.575	1	39	55	60.9648	0
19.576	1	179	56	109.305	0
19.577	1	194	57	2059.09	0
19.578	1	28	58	461.273	0
19.579	1	80	59	86.2828	0
19.58	1	105	60	113.212	0
19.581	1	168	61	2419.54	0
19.582	1	73	62	1284.92	0
19.583	1	141	63	128.706	0
19.584	1	53	64	73.031	0
19.585	1	163	65	288.13	0
19.586	1	62	66	172.14	0
19.587	1	89	67	3257.12	0
19.588	1	173	68	162.996	0
19.589	1	112	69	249.13	0
19.59	1	93	70	57.3668	0
19.591	1	136	71	123.733	0
19.592	1	121	72	179.12	0
19.593	1	85	73	328.262	0
19.594	1	2	74	91.6691	0
19.595	1	158	75	1824.54	0
19.596	1	14	76	389.27	0
19.597	1	1	77	386.361	0
19.598	1	133	78	160.943	0
19.599	1	34	79	82.2933	0
19.6	1	18	80	84.4189	0
19.601	1	149	81	1103.96	0
19.602	1	108	82	232.401	0
19.603	1	97	83	4362.06	0
19.604	1	148	84	36.0997	0
19.605	1	51	85	750.433	0
19.606	1	9	86	542.177	0
19.607	1	132	87	146.487	0
19.608	1	181	88	100.776	0
19.609	1	43	89	277.512	0
19.61	1	84	90	253.776	0
19.611	1	183	91	491.162	0
19.612	1	44	92	237.894	0
19.613	1	77	93	304.475	0
19.614	1	31	94	514.111	0
19.615	1	57	95	181.764	0
19.616	1	172	96	179.428	0
19.617	1	47	97	317.037	0
19.618	1	187	98	567.736	0
19.619	1	180	99	64.7189	0
19.62	1	147	100	3520.02	0
19.621	1	46	101	546.498	0
19.622	1	155	102	54.5514	0
19.623	1	21	103	152.501	0
19.624	1	6	104	225.73	0
19.625	1	29	105	60.0456	0
19.626	1	182	106	246.213	0
19.628	1	96	108	238.754	0
19.629	1	42	109	410.142	0
19.63	1	165	110	1013.21	0
19.631	1	69	111	6358.48	0
19.632	1	88	112	949.656	0
19.633	1	188	113	2006.08	0
19.634	1	152	114	320.905	0
19.635	1	162	115	109.074	0
19.636	1	11	116	195.811	0
19.637	1	139	117	1036.51	0
19.638	1	98	118	490.202	0
19.639	1	23	119	318.653	0
19.64	1	10	120	3404.61	0
19.641	1	12	121	164.072	0
19.642	1	120	122	1381.07	0
19.643	1	150	123	309.542	0
19.644	1	8	124	119.934	0
19.645	1	16	125	225.136	0
19.646	1	169	126	98.7729	0
19.647	1	94	127	122.381	0
19.648	1	170	128	4409.1	0
19.649	1	54	129	57.7112	0
19.65	1	125	130	667.674	0
19.651	1	90	131	1049.21	0
19.652	1	134	132	97.4954	0
19.653	1	186	133	3306.12	0
19.654	1	67	134	2966.05	0
19.655	1	102	135	6155.53	0
19.656	1	63	136	2675.06	0
19.657	1	145	137	1617.95	0
17.921	1	143	1	522.088	0
17.922	1	70	2	59.7489	0
19.658	1	127	138	162.633	0
17.923	1	110	3	219.515	0
17.924	1	13	4	34.5131	0
19.66	1	154	140	1692.91	0
17.925	1	66	5	333.762	0
19.661	1	20	141	58.8816	0
17.926	1	72	6	196.118	0
17.927	1	103	7	2586.29	0
19.662	1	52	142	115.607	0
17.928	1	92	8	542.287	0
19.663	1	138	143	349.284	0
17.929	1	157	9	251.332	0
19.664	1	83	144	55.8533	0
17.93	1	27	10	114.402	0
19.665	1	5	145	2866.15	0
17.931	1	58	11	6222.08	0
19.666	1	109	146	205.309	0
17.932	1	115	12	369.854	0
19.667	1	33	147	1742.17	0
17.933	1	48	13	251.299	0
19.668	1	123	148	22.682	0
19.669	1	99	149	3699.62	0
17.934	1	37	14	3753.44	0
19.67	1	104	150	97.4146	0
19.671	1	113	151	1994.26	0
17.935	1	135	15	81.1315	0
19.672	1	106	152	160.755	0
17.936	1	193	16	291.989	0
19.673	1	65	153	67.0193	0
17.937	1	197	17	585.131	0
19.674	1	129	154	481.268	0
17.938	1	38	18	19.7164	0
17.939	1	189	19	2618.17	0
19.675	1	199	155	275.952	0
17.94	1	40	20	4796.05	0
17.941	1	142	21	446.848	0
17.942	1	86	22	855.447	0
17.943	1	100	23	2113.42	0
17.944	1	166	24	172.605	0
17.945	1	118	25	439.234	0
17.946	1	49	26	480.262	0
19.683	1	64	163	461.814	0
17.947	1	196	27	413.913	0
19.684	1	59	164	520.761	0
17.948	1	119	28	182.369	0
17.949	1	200	29	134.163	0
19.685	1	114	165	296.159	0
17.95	1	55	30	117.38	0
19.686	1	198	166	187.096	0
19.687	1	41	167	547.745	0
17.951	1	95	31	379.584	0
19.688	1	56	168	136.017	0
19.689	1	190	169	71.9454	0
17.952	1	107	32	54.2481	0
19.69	1	75	170	331.621	0
17.953	1	101	33	135.55	0
19.691	1	87	171	1107.55	0
17.954	1	116	34	1324	0
19.692	1	26	172	9721.99	0
17.955	1	61	35	73.3521	0
19.693	1	15	173	121.165	0
17.956	1	111	36	464.821	0
19.694	1	7	174	245.078	0
17.957	1	3	37	93.916	0
19.695	1	164	175	1070.82	0
19.696	1	191	176	152.406	0
17.958	1	4	38	302.388	0
19.697	1	131	177	196.024	0
17.959	1	195	39	212.607	0
19.698	1	122	178	120.026	0
17.96	1	30	40	1984.76	0
17.961	1	91	41	126.413	0
17.962	1	35	42	180.274	0
17.963	1	19	43	402.128	0
17.964	1	176	44	298.323	0
17.965	1	32	45	198.051	0
17.966	1	126	46	217.012	0
19.705	1	71	185	146.362	0
17.967	1	151	47	2884.42	0
19.706	1	76	186	231.108	0
17.968	1	160	48	291.098	0
19.707	1	82	187	5448.92	0
17.969	1	79	49	1352.67	0
19.708	1	184	188	264.606	0
17.97	1	171	50	40.2945	0
19.709	1	68	189	36.6242	0
17.971	1	175	51	4231.73	0
17.972	1	17	52	421.347	0
19.71	1	177	190	131.417	0
17.973	1	174	53	131.908	0
19.711	1	24	191	107.001	0
17.974	1	74	54	204.274	0
19.712	1	117	192	31.1153	0
19.713	1	159	193	1574.6	0
19.714	1	22	194	839.998	0
17.975	1	39	55	150.416	0
19.715	1	137	195	269.93	0
17.976	1	179	56	73.2637	0
19.716	1	156	196	137.057	0
17.977	1	194	57	1541.89	0
17.978	1	28	58	1087.98	0
19.717	1	25	197	350.808	0
17.979	1	80	59	89.9205	0
19.718	1	50	198	57.3333	0
17.98	1	105	60	95.0036	0
19.719	1	60	199	180.591	0
17.981	1	168	61	1038.59	0
17.982	1	73	62	2765.37	0
19.72	1	36	200	1171.88	0
17.983	1	141	63	230.508	0
19.721	1	78	201	123.341	0
19.722	1	128	202	635.48	0
17.984	1	53	64	187.149	0
19.723	1	144	203	1565.31	0
17.985	1	163	65	143.875	0
19.724	1	178	204	115.143	0
17.986	1	62	66	196.447	0
19.725	1	192	205	64.4284	0
17.987	1	89	67	2028.45	0
19.726	1	146	206	417.154	0
17.988	1	173	68	295.172	0
19.727	1	140	207	263.922	0
17.989	1	112	69	438.709	0
19.728	1	45	208	167.583	0
17.99	1	93	70	81.8251	0
19.729	1	130	209	161.051	0
17.991	1	136	71	155.707	0
19.73	1	161	210	525.722	0
17.992	1	121	72	284.389	0
19.731	1	153	211	201.812	0
19.732	1	124	212	310.888	0
17.993	1	85	73	297.892	0
17.994	1	2	74	71.5997	0
19.733	1	167	213	228.248	0
17.995	1	158	75	2441.46	0
17.996	1	14	76	327.923	0
19.734	1	81	214	751.785	0
17.997	1	1	77	388.147	0
17.998	1	133	78	187.358	0
17.999	1	34	79	134.96	0
19.735	1	185	215	126.238	0
18	1	18	80	71.2772	0
18.001	1	149	81	833.373	0
18.002	1	108	82	278.319	0
18.003	1	97	83	13770.1	0
18.004	1	148	84	60.2031	0
18.005	1	51	85	437.157	0
18.006	1	9	86	480.604	0
18.007	1	132	87	328.342	0
18.008	1	181	88	65.5942	0
18.009	1	43	89	189.745	0
18.01	1	84	90	200.534	0
18.011	1	183	91	1295.88	0
18.012	1	44	92	404.832	0
18.013	1	77	93	481.682	0
18.014	1	31	94	334.631	0
18.015	1	57	95	53.8718	0
18.016	1	172	96	61.6056	0
18.017	1	47	97	160.05	0
18.018	1	187	98	384.796	0
18.019	1	180	99	78.8473	0
18.02	1	147	100	2066.64	0
18.021	1	46	101	437.817	0
18.022	1	155	102	138.31	0
18.023	1	21	103	305.445	0
18.024	1	6	104	182.735	0
18.025	1	29	105	184.031	0
18.026	1	182	106	240.357	0
18.028	1	96	108	242.873	0
18.029	1	42	109	186.587	0
18.03	1	165	110	2585.14	0
18.031	1	69	111	7333.62	0
18.032	1	88	112	1038.84	0
18.033	1	188	113	1000.2	0
18.034	1	152	114	957.142	0
18.035	1	162	115	115.381	0
18.036	1	11	116	255.807	0
18.037	1	139	117	330.729	0
18.038	1	98	118	181.204	0
18.039	1	23	119	872.018	0
18.04	1	10	120	1798.24	0
18.041	1	12	121	593.677	0
18.042	1	120	122	2106.16	0
18.043	1	150	123	210.697	0
18.044	1	8	124	188.761	0
18.045	1	16	125	237.864	0
18.046	1	169	126	70.2386	0
18.047	1	94	127	107.193	0
18.048	1	170	128	4801.16	0
18.049	1	54	129	89.4838	0
18.05	1	125	130	290.58	0
18.051	1	90	131	1160.49	0
18.052	1	134	132	37.5065	0
18.053	1	186	133	2106.97	0
18.054	1	67	134	8576	0
18.055	1	102	135	4618.16	0
18.056	1	63	136	5883.47	0
18.057	1	145	137	1611.43	0
18.058	1	127	138	180.979	0
18.06	1	154	140	2104.74	0
18.061	1	20	141	61.1474	0
18.062	1	52	142	143.438	0
18.063	1	138	143	1210.32	0
18.064	1	83	144	84.8789	0
18.065	1	5	145	1929.01	0
18.066	1	109	146	346.367	0
18.067	1	33	147	2253.81	0
18.068	1	123	148	119.464	0
18.069	1	99	149	997.59	0
18.07	1	104	150	102.829	0
18.071	1	113	151	1005.95	0
18.072	1	106	152	102.303	0
18.073	1	65	153	73.3047	0
18.074	1	129	154	925.992	0
18.075	1	199	155	126.228	0
18.083	1	64	163	386.483	0
18.084	1	59	164	157.138	0
18.085	1	114	165	272.99	0
18.086	1	198	166	133.803	0
18.087	1	41	167	390.491	0
18.088	1	56	168	175.38	0
18.089	1	190	169	61.2013	0
18.09	1	75	170	129.729	0
18.091	1	87	171	941.334	0
18.092	1	26	172	6203.59	0
18.093	1	15	173	106.066	0
18.094	1	7	174	101.654	0
18.095	1	164	175	131.05	0
18.096	1	191	176	104.183	0
18.097	1	131	177	271.992	0
18.098	1	122	178	161.565	0
19.841	1	143	1	634.886	0
19.842	1	70	2	189.412	0
18.105	1	71	185	56.2651	0
18.106	1	76	186	222.341	0
19.843	1	110	3	138.589	0
19.844	1	13	4	90.3702	0
18.107	1	82	187	2091.06	0
19.845	1	66	5	105.431	0
18.108	1	184	188	587.899	0
19.846	1	72	6	108.479	0
18.109	1	68	189	56.497	0
19.847	1	103	7	1018.07	0
18.11	1	177	190	140.356	0
19.848	1	92	8	1170.3	0
18.111	1	24	191	112.006	0
19.849	1	157	9	298.974	0
18.112	1	117	192	141.064	0
19.85	1	27	10	181.879	0
18.113	1	159	193	2316.25	0
19.851	1	58	11	12258.7	0
18.114	1	22	194	627.973	0
18.115	1	137	195	323.599	0
19.852	1	115	12	250.848	0
19.853	1	48	13	258.363	0
19.854	1	37	14	3464.73	0
18.116	1	156	196	168.763	0
19.855	1	135	15	225.766	0
19.856	1	193	16	202.555	0
18.117	1	25	197	226.923	0
19.857	1	197	17	509.033	0
18.118	1	50	198	182.968	0
18.119	1	60	199	162.733	0
19.858	1	38	18	281.41	0
18.12	1	36	200	483.087	0
19.859	1	189	19	839.77	0
19.86	1	40	20	2686.67	0
18.121	1	78	201	143.356	0
18.122	1	128	202	440.272	0
19.861	1	142	21	237.548	0
18.123	1	144	203	1570.07	0
19.862	1	86	22	883.238	0
18.124	1	178	204	138.627	0
19.863	1	100	23	1134.27	0
18.125	1	192	205	67.4619	0
19.864	1	166	24	186.924	0
18.126	1	146	206	933.256	0
18.127	1	140	207	677.885	0
19.865	1	118	25	550.061	0
18.128	1	45	208	264.568	0
19.866	1	49	26	614.717	0
18.129	1	130	209	80.6839	0
19.867	1	196	27	774.794	0
18.13	1	161	210	1048.42	0
19.868	1	119	28	77.6397	0
18.131	1	153	211	131.654	0
19.869	1	200	29	111.981	0
18.132	1	124	212	271.786	0
19.87	1	55	30	143.727	0
18.133	1	167	213	169.532	0
19.871	1	95	31	262.786	0
19.872	1	107	32	80.2016	0
18.134	1	81	214	897.045	0
19.873	1	101	33	192.773	0
19.874	1	116	34	2164.16	0
18.135	1	185	215	303.532	0
19.875	1	61	35	76.6435	0
19.876	1	111	36	303.104	0
19.877	1	3	37	34.3384	0
19.878	1	4	38	132.368	0
19.879	1	195	39	144.174	0
19.88	1	30	40	538.976	0
19.881	1	91	41	110.618	0
19.882	1	35	42	324.397	0
19.883	1	19	43	259.147	0
19.884	1	176	44	270.572	0
19.885	1	32	45	243.993	0
19.886	1	126	46	389.769	0
19.887	1	151	47	12075.7	0
19.888	1	160	48	527.954	0
19.889	1	79	49	3016.69	0
19.89	1	171	50	29.1339	0
19.891	1	175	51	5178.8	0
19.892	1	17	52	172.391	0
19.893	1	174	53	72.3879	0
19.894	1	74	54	533.101	0
19.895	1	39	55	165.241	0
19.896	1	179	56	71.4758	0
19.897	1	194	57	2241.53	0
19.898	1	28	58	665.912	0
19.899	1	80	59	97.2141	0
19.9	1	105	60	101.818	0
19.901	1	168	61	4014.96	0
19.902	1	73	62	1580.88	0
19.903	1	141	63	188.285	0
19.904	1	53	64	478.445	0
19.905	1	163	65	349.936	0
19.906	1	62	66	214.995	0
19.907	1	89	67	1180.33	0
19.908	1	173	68	102.196	0
19.909	1	112	69	324.884	0
19.91	1	93	70	115.885	0
19.911	1	136	71	44.061	0
19.912	1	121	72	462.215	0
19.913	1	85	73	188.32	0
19.914	1	2	74	44.5925	0
19.915	1	158	75	1735.61	0
19.916	1	14	76	276.906	0
19.917	1	1	77	177.064	0
19.918	1	133	78	391.961	0
19.919	1	34	79	57.6966	0
19.92	1	18	80	46.5695	0
19.921	1	149	81	1742.98	0
19.922	1	108	82	229.258	0
19.923	1	97	83	3444.48	0
19.924	1	148	84	93.5913	0
19.925	1	51	85	257.548	0
19.926	1	9	86	1087.13	0
19.927	1	132	87	289.187	0
19.928	1	181	88	102.348	0
19.929	1	43	89	199.153	0
19.93	1	84	90	126.496	0
19.931	1	183	91	264.543	0
19.932	1	44	92	183.532	0
19.933	1	77	93	340.658	0
19.934	1	31	94	383.838	0
19.935	1	57	95	163.377	0
19.936	1	172	96	148.308	0
19.937	1	47	97	339.547	0
19.938	1	187	98	303.51	0
19.939	1	180	99	193.494	0
19.94	1	147	100	3358.71	0
19.941	1	46	101	511.328	0
19.942	1	155	102	61.6004	0
19.943	1	21	103	330.257	0
19.944	1	6	104	282.284	0
19.945	1	29	105	39.2178	0
19.946	1	182	106	211.166	0
19.948	1	96	108	210.193	0
19.949	1	42	109	302.978	0
19.95	1	165	110	1385.26	0
19.951	1	69	111	16119.9	0
18.241	1	143	1	286.329	0
19.952	1	88	112	560.687	0
18.242	1	70	2	194.813	0
19.953	1	188	113	1689.62	0
18.243	1	110	3	147.878	0
19.954	1	152	114	860.253	0
18.244	1	13	4	53.8968	0
18.245	1	66	5	217.544	0
18.246	1	72	6	171.759	0
19.955	1	162	115	81.4567	0
18.247	1	103	7	1539.46	0
18.248	1	92	8	817.376	0
19.956	1	11	116	466.051	0
18.249	1	157	9	603.795	0
18.25	1	27	10	149.348	0
19.957	1	139	117	892.428	0
18.251	1	58	11	11950	0
18.252	1	115	12	813.645	0
19.958	1	98	118	309.121	0
18.253	1	48	13	191.14	0
18.254	1	37	14	7511.46	0
19.959	1	23	119	768.201	0
18.255	1	135	15	134.134	0
18.256	1	193	16	195.038	0
19.96	1	10	120	3315.59	0
18.257	1	197	17	539.953	0
18.258	1	38	18	151.242	0
19.961	1	12	121	515.824	0
18.259	1	189	19	1191.88	0
18.26	1	40	20	16651.7	0
19.962	1	120	122	611.142	0
18.261	1	142	21	560.668	0
18.262	1	86	22	926.674	0
19.963	1	150	123	268.922	0
18.263	1	100	23	740.98	0
18.264	1	166	24	67.1707	0
19.964	1	8	124	278.154	0
18.265	1	118	25	286.947	0
18.266	1	49	26	401.099	0
19.965	1	16	125	318.566	0
18.267	1	196	27	417.247	0
18.268	1	119	28	202.257	0
19.966	1	169	126	79.3638	0
18.269	1	200	29	219.252	0
18.27	1	55	30	116.581	0
19.967	1	94	127	93.5068	0
18.271	1	95	31	216.141	0
18.272	1	107	32	100.245	0
19.968	1	170	128	1151.75	0
18.273	1	101	33	303.941	0
18.274	1	116	34	1598.32	0
19.969	1	54	129	111.43	0
18.275	1	61	35	84.2195	0
19.97	1	125	130	321.003	0
18.276	1	111	36	369.073	0
19.971	1	90	131	984.349	0
18.277	1	3	37	55.7001	0
18.278	1	4	38	93.6146	0
19.972	1	134	132	152.459	0
18.279	1	195	39	201.407	0
18.28	1	30	40	919.363	0
18.281	1	91	41	262.487	0
19.973	1	186	133	2691.2	0
18.282	1	35	42	364.018	0
19.974	1	67	134	2005.7	0
18.283	1	19	43	238.828	0
18.284	1	176	44	251.891	0
18.285	1	32	45	105.782	0
19.975	1	102	135	6229.36	0
18.286	1	126	46	194.68	0
18.287	1	151	47	2751.02	0
18.288	1	160	48	171.235	0
18.289	1	79	49	1294.55	0
18.29	1	171	50	88.1408	0
18.291	1	175	51	10130.3	0
18.292	1	17	52	192.936	0
18.293	1	174	53	46.4238	0
18.294	1	74	54	818.594	0
18.295	1	39	55	89.0697	0
19.976	1	63	136	2726.83	0
18.296	1	179	56	64.2651	0
19.977	1	145	137	943.601	0
18.297	1	194	57	1434.26	0
19.978	1	127	138	90.6981	0
18.298	1	28	58	552.393	0
18.299	1	80	59	141.875	0
19.98	1	154	140	600.084	0
18.3	1	105	60	116.958	0
19.981	1	20	141	229.831	0
19.982	1	52	142	168.494	0
18.301	1	168	61	886.724	0
18.302	1	73	62	2343.4	0
19.983	1	138	143	252.899	0
18.303	1	141	63	79.8971	0
18.304	1	53	64	354.29	0
19.984	1	83	144	148.876	0
18.305	1	163	65	211.719	0
19.985	1	5	145	698.736	0
19.986	1	109	146	111.855	0
18.306	1	62	66	246.819	0
19.987	1	33	147	1799.5	0
18.307	1	89	67	1995.37	0
19.988	1	123	148	75.5113	0
18.308	1	173	68	174.786	0
19.989	1	99	149	3596.28	0
18.309	1	112	69	180.351	0
19.99	1	104	150	118.675	0
18.31	1	93	70	79.0132	0
19.991	1	113	151	812.4	0
18.311	1	136	71	78.1919	0
19.992	1	106	152	113.849	0
18.312	1	121	72	368.158	0
19.993	1	65	153	128.186	0
18.313	1	85	73	332.467	0
19.994	1	129	154	426.681	0
18.314	1	2	74	80.4555	0
19.995	1	199	155	272.013	0
18.315	1	158	75	2435.88	0
18.316	1	14	76	204.573	0
18.317	1	1	77	463.143	0
18.318	1	133	78	220.718	0
18.319	1	34	79	89.4165	0
18.32	1	18	80	63.9627	0
20.003	1	64	163	257.285	0
20.004	1	59	164	744.44	0
18.321	1	149	81	786.929	0
18.322	1	108	82	461.192	0
20.005	1	114	165	197.001	0
18.323	1	97	83	1585.66	0
20.006	1	198	166	50.4183	0
18.324	1	148	84	46.5573	0
20.007	1	41	167	292.675	0
20.008	1	56	168	240.714	0
18.325	1	51	85	304.72	0
18.326	1	9	86	224.389	0
20.009	1	190	169	66.0356	0
20.01	1	75	170	205.281	0
18.327	1	132	87	135.516	0
18.328	1	181	88	130.898	0
20.011	1	87	171	366.76	0
20.012	1	26	172	4992.22	0
18.329	1	43	89	221.439	0
18.33	1	84	90	157.529	0
20.013	1	15	173	324.674	0
20.014	1	7	174	164.981	0
18.331	1	183	91	527.861	0
18.332	1	44	92	129.259	0
20.015	1	164	175	1309.49	0
18.333	1	77	93	436.009	0
20.016	1	191	176	117.905	0
18.334	1	31	94	340.469	0
20.017	1	131	177	272.37	0
18.335	1	57	95	217.948	0
20.018	1	122	178	218.8	0
18.336	1	172	96	101.812	0
18.337	1	47	97	452.283	0
18.338	1	187	98	562.503	0
18.339	1	180	99	179.293	0
18.34	1	147	100	6143.02	0
18.341	1	46	101	982.397	0
18.342	1	155	102	64.1943	0
20.025	1	71	185	178.089	0
18.343	1	21	103	245.739	0
20.026	1	76	186	267.657	0
18.344	1	6	104	142.329	0
20.027	1	82	187	1410.51	0
18.345	1	29	105	76.5186	0
20.028	1	184	188	338.206	0
18.346	1	182	106	245.364	0
20.029	1	68	189	30.148	0
20.03	1	177	190	148.814	0
18.348	1	96	108	107.842	0
20.031	1	24	191	195.743	0
20.032	1	117	192	65.5958	0
18.349	1	42	109	632.839	0
18.35	1	165	110	494.063	0
20.033	1	159	193	1978.58	0
18.351	1	69	111	4124.37	0
20.034	1	22	194	366.56	0
18.352	1	88	112	1173.77	0
18.353	1	188	113	1779.52	0
20.035	1	137	195	368.44	0
18.354	1	152	114	595.33	0
20.036	1	156	196	165.724	0
18.355	1	162	115	175.369	0
20.037	1	25	197	321.277	0
18.356	1	11	116	187.489	0
20.038	1	50	198	158.664	0
20.039	1	60	199	104.071	0
18.357	1	139	117	2553.33	0
20.04	1	36	200	859.931	0
18.358	1	98	118	185.938	0
20.041	1	78	201	428.492	0
18.359	1	23	119	497.719	0
18.36	1	10	120	4933.18	0
20.042	1	128	202	245.551	0
18.361	1	12	121	177.755	0
20.043	1	144	203	421.156	0
20.044	1	178	204	203.494	0
18.362	1	120	122	968.391	0
20.045	1	192	205	168.299	0
20.046	1	146	206	451.114	0
18.363	1	150	123	238.84	0
18.364	1	8	124	197.529	0
20.047	1	140	207	462.071	0
20.048	1	45	208	139.303	0
18.365	1	16	125	222.771	0
18.366	1	169	126	86.5044	0
20.049	1	130	209	134.882	0
20.05	1	161	210	565.411	0
18.367	1	94	127	109.885	0
18.368	1	170	128	730.165	0
20.051	1	153	211	139.399	0
18.369	1	54	129	34.7964	0
18.37	1	125	130	347.507	0
20.052	1	124	212	161.098	0
18.371	1	90	131	488.08	0
20.053	1	167	213	111.002	0
18.372	1	134	132	85.6145	0
20.054	1	81	214	718.464	0
20.055	1	185	215	419.12	0
18.373	1	186	133	5912.87	0
18.374	1	67	134	6793.07	0
18.375	1	102	135	5416.03	0
18.376	1	63	136	3177.7	0
18.377	1	145	137	1881.74	0
18.378	1	127	138	266.459	0
18.38	1	154	140	603.373	0
18.381	1	20	141	136.144	0
18.382	1	52	142	75.3996	0
18.383	1	138	143	825.57	0
18.384	1	83	144	167.029	0
18.385	1	5	145	2830.31	0
18.386	1	109	146	343.633	0
18.387	1	33	147	1703.63	0
18.388	1	123	148	51.4633	0
18.389	1	99	149	3187.03	0
18.39	1	104	150	132.042	0
18.391	1	113	151	1126.67	0
18.392	1	106	152	236.837	0
18.393	1	65	153	85.2511	0
18.394	1	129	154	672.77	0
18.395	1	199	155	135.792	0
18.403	1	64	163	125.331	0
18.404	1	59	164	451.584	0
18.405	1	114	165	187.977	0
18.406	1	198	166	101.863	0
18.407	1	41	167	406.133	0
18.408	1	56	168	162.374	0
18.409	1	190	169	104.483	0
18.41	1	75	170	308.129	0
18.411	1	87	171	853.301	0
18.412	1	26	172	3047.51	0
18.413	1	15	173	119.823	0
18.414	1	7	174	198.06	0
18.415	1	164	175	301.67	0
18.416	1	191	176	247.508	0
18.417	1	131	177	390.143	0
18.418	1	122	178	235.135	0
18.425	1	71	185	76.6639	0
18.426	1	76	186	232.1	0
18.427	1	82	187	5132.69	0
18.428	1	184	188	125.418	0
18.429	1	68	189	67.9423	0
18.43	1	177	190	193.679	0
18.431	1	24	191	418.589	0
18.432	1	117	192	58.6675	0
18.433	1	159	193	2625.34	0
18.434	1	22	194	324.518	0
18.435	1	137	195	270.638	0
18.436	1	156	196	140.982	0
18.437	1	25	197	231.429	0
18.438	1	50	198	153.134	0
18.439	1	60	199	105.372	0
18.44	1	36	200	685.77	0
18.441	1	78	201	180.065	0
18.442	1	128	202	272.969	0
18.443	1	144	203	1687.49	0
18.444	1	178	204	61.7165	0
18.445	1	192	205	71.3893	0
18.446	1	146	206	671.109	0
18.447	1	140	207	365.349	0
18.448	1	45	208	185.893	0
18.449	1	130	209	344.144	0
18.45	1	161	210	1290.48	0
18.451	1	153	211	211.791	0
18.452	1	124	212	386.401	0
18.453	1	167	213	337.184	0
18.454	1	81	214	1207.9	0
18.455	1	185	215	508.794	0
20.161	1	143	1	636.403	0
20.162	1	70	2	395.438	0
20.163	1	110	3	208.252	0
20.164	1	13	4	45.246	0
20.165	1	66	5	99.0148	0
20.166	1	72	6	382.368	0
20.167	1	103	7	2367.96	0
20.168	1	92	8	518.903	0
20.169	1	157	9	486.753	0
20.17	1	27	10	62.402	0
20.171	1	58	11	10584.8	0
20.172	1	115	12	589.487	0
20.173	1	48	13	180.617	0
20.174	1	37	14	3044.28	0
20.175	1	135	15	247.375	0
20.176	1	193	16	329.704	0
20.177	1	197	17	371.758	0
20.178	1	38	18	120.27	0
20.179	1	189	19	2463.83	0
20.18	1	40	20	12646.3	0
20.181	1	142	21	373.048	0
20.182	1	86	22	781.619	0
20.183	1	100	23	2549.98	0
20.184	1	166	24	128.212	0
20.185	1	118	25	1036.86	0
20.186	1	49	26	377.234	0
20.187	1	196	27	541.806	0
20.188	1	119	28	67.2582	0
20.189	1	200	29	126.458	0
20.19	1	55	30	93.2708	0
20.191	1	95	31	265.028	0
20.192	1	107	32	49.1608	0
20.193	1	101	33	133.892	0
20.194	1	116	34	1307.47	0
20.195	1	61	35	147.538	0
20.196	1	111	36	407.508	0
20.197	1	3	37	67.3962	0
20.198	1	4	38	158.731	0
20.199	1	195	39	165.793	0
20.2	1	30	40	1757	0
20.201	1	91	41	276.392	0
20.202	1	35	42	369.447	0
20.203	1	19	43	367.747	0
20.204	1	176	44	106.641	0
20.205	1	32	45	177.766	0
20.206	1	126	46	120.568	0
20.207	1	151	47	7970.59	0
20.208	1	160	48	428.224	0
20.209	1	79	49	3357.87	0
20.21	1	171	50	73.3062	0
20.211	1	175	51	3532.21	0
20.212	1	17	52	294.159	0
20.213	1	174	53	63.47	0
20.214	1	74	54	725.781	0
20.215	1	39	55	132.843	0
20.216	1	179	56	71.7798	0
20.217	1	194	57	4030.7	0
20.218	1	28	58	706.055	0
20.219	1	80	59	43.474	0
20.22	1	105	60	129.891	0
20.221	1	168	61	4585.52	0
20.222	1	73	62	2776.79	0
20.223	1	141	63	101.74	0
20.224	1	53	64	233.068	0
20.225	1	163	65	166.957	0
20.226	1	62	66	188.055	0
20.227	1	89	67	1264.12	0
20.228	1	173	68	86.7425	0
20.229	1	112	69	532.124	0
20.23	1	93	70	27.6741	0
20.231	1	136	71	112.161	0
20.232	1	121	72	111.644	0
20.233	1	85	73	194.429	0
20.234	1	2	74	110.053	0
20.235	1	158	75	1001.63	0
20.236	1	14	76	204.809	0
20.237	1	1	77	146.242	0
20.238	1	133	78	232.492	0
20.239	1	34	79	29.7668	0
20.24	1	18	80	151.844	0
20.241	1	149	81	1340.74	0
20.242	1	108	82	374.94	0
20.243	1	97	83	4121.06	0
20.244	1	148	84	65.5857	0
18.561	1	143	1	337.301	0
20.245	1	51	85	466.254	0
20.246	1	9	86	345.017	0
18.562	1	70	2	261.698	0
18.563	1	110	3	229.37	0
20.247	1	132	87	654.134	0
18.564	1	13	4	89.5738	0
20.248	1	181	88	186.485	0
18.565	1	66	5	158.28	0
20.249	1	43	89	270.641	0
18.566	1	72	6	194.261	0
20.25	1	84	90	294.696	0
18.567	1	103	7	2443.68	0
20.251	1	183	91	699.226	0
18.568	1	92	8	1051.44	0
18.569	1	157	9	489.618	0
18.57	1	27	10	118.882	0
20.252	1	44	92	382.195	0
18.571	1	58	11	1847.06	0
20.253	1	77	93	415.073	0
18.572	1	115	12	427.673	0
20.254	1	31	94	713.394	0
18.573	1	48	13	167.688	0
20.255	1	57	95	77.5117	0
18.574	1	37	14	2046.63	0
20.256	1	172	96	170.719	0
20.257	1	47	97	296.1	0
18.575	1	135	15	357.494	0
20.258	1	187	98	238.289	0
18.576	1	193	16	320.222	0
20.259	1	180	99	41.1837	0
18.577	1	197	17	358.375	0
20.26	1	147	100	3454.28	0
18.578	1	38	18	90.8321	0
20.261	1	46	101	277.121	0
18.579	1	189	19	1134.39	0
18.58	1	40	20	3797.92	0
20.262	1	155	102	134.29	0
18.581	1	142	21	698.572	0
20.263	1	21	103	131.292	0
18.582	1	86	22	1927.4	0
20.264	1	6	104	235.423	0
20.265	1	29	105	62.4018	0
18.583	1	100	23	971.009	0
20.266	1	182	106	113.464	0
18.584	1	166	24	110.516	0
20.268	1	96	108	199.347	0
18.585	1	118	25	429.842	0
18.586	1	49	26	836.598	0
20.269	1	42	109	500.342	0
20.27	1	165	110	1905.08	0
18.587	1	196	27	448.276	0
18.588	1	119	28	67.2638	0
20.271	1	69	111	6728.98	0
18.589	1	200	29	267.081	0
20.272	1	88	112	685.521	0
18.59	1	55	30	120.624	0
20.273	1	188	113	991.951	0
18.591	1	95	31	320.492	0
20.274	1	152	114	620.667	0
18.592	1	107	32	54.2575	0
18.593	1	101	33	204.359	0
20.275	1	162	115	250.201	0
18.594	1	116	34	689.638	0
20.276	1	11	116	204.021	0
18.595	1	61	35	125.455	0
18.596	1	111	36	339.427	0
20.277	1	139	117	1046.28	0
20.278	1	98	118	383.678	0
18.597	1	3	37	62.603	0
18.598	1	4	38	106.256	0
20.279	1	23	119	961.761	0
18.599	1	195	39	250.441	0
20.28	1	10	120	3460.58	0
18.6	1	30	40	443.592	0
20.281	1	12	121	515.286	0
20.282	1	120	122	1790.53	0
18.601	1	91	41	224.685	0
18.602	1	35	42	126.812	0
20.283	1	150	123	107.322	0
18.603	1	19	43	171.5	0
18.604	1	176	44	409.078	0
20.284	1	8	124	208.445	0
18.605	1	32	45	201.29	0
20.285	1	16	125	550.511	0
18.606	1	126	46	129.477	0
20.286	1	169	126	109.655	0
18.607	1	151	47	3974.15	0
20.287	1	94	127	222.182	0
18.608	1	160	48	345.898	0
20.288	1	170	128	3947.3	0
18.609	1	79	49	2796.26	0
20.289	1	54	129	91.0902	0
18.61	1	171	50	99.5737	0
20.29	1	125	130	283.539	0
18.611	1	175	51	4703.2	0
20.291	1	90	131	263.533	0
18.612	1	17	52	207.272	0
20.292	1	134	132	164.571	0
18.613	1	174	53	76.9816	0
20.293	1	186	133	6966.9	0
18.614	1	74	54	905.543	0
20.294	1	67	134	5047.77	0
20.295	1	102	135	5539.16	0
18.615	1	39	55	118.034	0
20.296	1	63	136	1981.12	0
20.297	1	145	137	1638.62	0
20.298	1	127	138	217.463	0
18.616	1	179	56	149.866	0
20.3	1	154	140	1126.86	0
18.617	1	194	57	2177.1	0
18.618	1	28	58	295.725	0
20.301	1	20	141	150.153	0
18.619	1	80	59	49.5261	0
20.302	1	52	142	38.6167	0
18.62	1	105	60	100.985	0
20.303	1	138	143	738.424	0
20.304	1	83	144	207.927	0
18.621	1	168	61	2947.73	0
18.622	1	73	62	3309.99	0
20.305	1	5	145	4309.89	0
20.306	1	109	146	214.699	0
18.623	1	141	63	145.189	0
20.307	1	33	147	2867.81	0
18.624	1	53	64	272.268	0
20.308	1	123	148	95.0467	0
18.625	1	163	65	129.848	0
20.309	1	99	149	2836.88	0
18.626	1	62	66	299.165	0
20.31	1	104	150	125.75	0
18.627	1	89	67	1224.03	0
20.311	1	113	151	2223.93	0
18.628	1	173	68	113.34	0
20.312	1	106	152	258.071	0
18.629	1	112	69	207.228	0
20.313	1	65	153	44.3352	0
18.63	1	93	70	116.974	0
20.314	1	129	154	594.57	0
18.631	1	136	71	138.674	0
20.315	1	199	155	173.708	0
18.632	1	121	72	184.313	0
18.633	1	85	73	223.346	0
18.634	1	2	74	113.997	0
18.635	1	158	75	2273.22	0
18.636	1	14	76	421.992	0
18.637	1	1	77	386.208	0
18.638	1	133	78	370.79	0
18.639	1	34	79	181.276	0
18.64	1	18	80	83.9037	0
20.323	1	64	163	164.839	0
20.324	1	59	164	469.34	0
18.641	1	149	81	1161.99	0
20.325	1	114	165	121.672	0
18.642	1	108	82	364.818	0
20.326	1	198	166	93.497	0
18.643	1	97	83	10557.6	0
20.327	1	41	167	588.662	0
18.644	1	148	84	36.7341	0
20.328	1	56	168	44.2718	0
18.645	1	51	85	378.845	0
20.329	1	190	169	71.5702	0
18.646	1	9	86	405.507	0
20.33	1	75	170	231.822	0
18.647	1	132	87	614.362	0
20.331	1	87	171	1153.52	0
18.648	1	181	88	101.134	0
20.332	1	26	172	7376.49	0
18.649	1	43	89	120.351	0
20.333	1	15	173	142.458	0
18.65	1	84	90	113.797	0
20.334	1	7	174	30.5513	0
18.651	1	183	91	233.783	0
20.335	1	164	175	572.383	0
18.652	1	44	92	703.256	0
20.336	1	191	176	100.408	0
18.653	1	77	93	317.823	0
18.654	1	31	94	856.037	0
20.337	1	131	177	216.719	0
20.338	1	122	178	101.735	0
18.655	1	57	95	73.8507	0
18.656	1	172	96	131.253	0
18.657	1	47	97	960.138	0
18.658	1	187	98	327.353	0
18.659	1	180	99	117.243	0
18.66	1	147	100	3460.29	0
18.661	1	46	101	644.627	0
18.662	1	155	102	130.646	0
20.345	1	71	185	237.929	0
18.663	1	21	103	256.944	0
20.346	1	76	186	113.542	0
18.664	1	6	104	385.297	0
20.347	1	82	187	4754.54	0
18.665	1	29	105	80.6086	0
20.348	1	184	188	390.459	0
18.666	1	182	106	330.342	0
20.349	1	68	189	60.256	0
20.35	1	177	190	140.739	0
18.668	1	96	108	153.639	0
20.351	1	24	191	284.651	0
18.669	1	42	109	369.662	0
18.67	1	165	110	905.939	0
20.352	1	117	192	93.2639	0
18.671	1	69	111	13043.2	0
20.353	1	159	193	1729.7	0
18.672	1	88	112	905.478	0
20.354	1	22	194	411.244	0
20.355	1	137	195	303.531	0
18.673	1	188	113	1999.89	0
20.356	1	156	196	227.653	0
18.674	1	152	114	664.683	0
20.357	1	25	197	196.003	0
20.358	1	50	198	259.779	0
18.675	1	162	115	158.165	0
20.359	1	60	199	80.8775	0
20.36	1	36	200	480.513	0
18.676	1	11	116	275.803	0
20.361	1	78	201	224.37	0
18.677	1	139	117	1032.66	0
18.678	1	98	118	51.5382	0
20.362	1	128	202	87.0621	0
18.679	1	23	119	728.652	0
20.363	1	144	203	1401.63	0
18.68	1	10	120	2175.1	0
20.364	1	178	204	95.6242	0
18.681	1	12	121	321.451	0
20.365	1	192	205	76.4007	0
18.682	1	120	122	2131.76	0
20.366	1	146	206	337.34	0
20.367	1	140	207	847.746	0
18.683	1	150	123	307.995	0
20.368	1	45	208	134.436	0
18.684	1	8	124	173.695	0
20.369	1	130	209	86.6994	0
20.37	1	161	210	511.897	0
18.685	1	16	125	127.62	0
18.686	1	169	126	104.346	0
20.371	1	153	211	272.33	0
20.372	1	124	212	150.921	0
18.687	1	94	127	258.707	0
18.688	1	170	128	1712.67	0
20.373	1	167	213	347.037	0
20.374	1	81	214	1126.65	0
18.689	1	54	129	244.766	0
18.69	1	125	130	158.266	0
20.375	1	185	215	334.835	0
18.691	1	90	131	1070.28	0
18.692	1	134	132	122.469	0
18.693	1	186	133	4968.08	0
18.694	1	67	134	11233.5	0
18.695	1	102	135	10799.1	0
18.696	1	63	136	3457.73	0
18.697	1	145	137	386.476	0
18.698	1	127	138	78.3674	0
18.7	1	154	140	1135.69	0
18.701	1	20	141	119.898	0
18.702	1	52	142	119.044	0
18.703	1	138	143	537.954	0
18.704	1	83	144	112.442	0
18.705	1	5	145	1506.39	0
18.706	1	109	146	456.475	0
18.707	1	33	147	1562.78	0
18.708	1	123	148	64.6302	0
18.709	1	99	149	1276.95	0
18.71	1	104	150	173.438	0
18.711	1	113	151	2137.03	0
18.712	1	106	152	141.171	0
18.713	1	65	153	69.568	0
18.714	1	129	154	676.006	0
18.715	1	199	155	163.32	0
18.723	1	64	163	364.743	0
18.724	1	59	164	297.215	0
18.725	1	114	165	194.512	0
18.726	1	198	166	125.746	0
18.727	1	41	167	368.227	0
18.728	1	56	168	92.7589	0
18.729	1	190	169	125.562	0
18.73	1	75	170	308.689	0
18.731	1	87	171	686.666	0
18.732	1	26	172	6623.06	0
18.733	1	15	173	155.824	0
18.734	1	7	174	129.736	0
18.735	1	164	175	573.558	0
18.736	1	191	176	109.313	0
18.737	1	131	177	103.424	0
18.738	1	122	178	177.878	0
18.745	1	71	185	153.335	0
18.746	1	76	186	109.42	0
18.747	1	82	187	1495.22	0
18.748	1	184	188	225.455	0
18.749	1	68	189	49.4868	0
18.75	1	177	190	84.652	0
18.751	1	24	191	97.4967	0
18.752	1	117	192	37.7526	0
18.753	1	159	193	2094.23	0
18.754	1	22	194	236.203	0
18.755	1	137	195	541.122	0
18.756	1	156	196	191.57	0
18.757	1	25	197	377.839	0
18.758	1	50	198	228.626	0
18.759	1	60	199	34.9405	0
18.76	1	36	200	434.386	0
18.761	1	78	201	142.753	0
18.762	1	128	202	236.008	0
18.763	1	144	203	1464.49	0
18.764	1	178	204	125.499	0
18.765	1	192	205	55.8873	0
18.766	1	146	206	524.656	0
18.767	1	140	207	769.373	0
18.768	1	45	208	112.998	0
18.769	1	130	209	175.934	0
18.77	1	161	210	532.921	0
18.771	1	153	211	140.123	0
18.772	1	124	212	147.611	0
18.773	1	167	213	286.582	0
18.774	1	81	214	728.701	0
18.775	1	185	215	309.796	0
20.481	1	143	1	449.335	0
20.482	1	70	2	121.687	0
20.483	1	110	3	276.068	0
20.484	1	13	4	70.8366	0
20.485	1	66	5	219.583	0
20.486	1	72	6	224.435	0
20.487	1	103	7	2334.11	0
20.488	1	92	8	1306.12	0
20.489	1	157	9	229.74	0
20.49	1	27	10	166.051	0
20.491	1	58	11	6116.76	0
20.492	1	115	12	658.144	0
20.493	1	48	13	294.58	0
20.494	1	37	14	6828.4	0
20.495	1	135	15	214.859	0
20.496	1	193	16	162.8	0
20.497	1	197	17	448.524	0
20.498	1	38	18	124.669	0
20.499	1	189	19	2991.23	0
20.5	1	40	20	6900.53	0
20.501	1	142	21	363.384	0
20.502	1	86	22	431.479	0
20.503	1	100	23	923.489	0
20.504	1	166	24	119.892	0
20.505	1	118	25	322.311	0
20.506	1	49	26	180.79	0
20.507	1	196	27	387.682	0
20.508	1	119	28	69.9592	0
20.509	1	200	29	175.01	0
20.51	1	55	30	37.4309	0
20.511	1	95	31	425.012	0
20.512	1	107	32	70.3747	0
20.513	1	101	33	286.818	0
20.514	1	116	34	2930.02	0
20.515	1	61	35	194.689	0
20.516	1	111	36	394.697	0
20.517	1	3	37	59.5373	0
20.518	1	4	38	117.514	0
20.519	1	195	39	414.267	0
20.52	1	30	40	1117.82	0
20.521	1	91	41	239.489	0
20.522	1	35	42	293.627	0
20.523	1	19	43	177.86	0
20.524	1	176	44	73.5798	0
20.525	1	32	45	313.695	0
20.526	1	126	46	229.113	0
20.527	1	151	47	7114.21	0
20.528	1	160	48	159.41	0
20.529	1	79	49	4985.36	0
20.53	1	171	50	69.5186	0
20.531	1	175	51	3935.61	0
20.532	1	17	52	70.7451	0
20.533	1	174	53	175.4	0
20.534	1	74	54	379.271	0
20.535	1	39	55	265.003	0
20.536	1	179	56	56.4837	0
20.537	1	194	57	3973.06	0
20.538	1	28	58	337.408	0
20.539	1	80	59	88.8532	0
20.54	1	105	60	195.919	0
20.541	1	168	61	2804.57	0
20.542	1	73	62	1578.98	0
20.543	1	141	63	131.037	0
20.544	1	53	64	260.294	0
20.545	1	163	65	178.664	0
20.546	1	62	66	283.018	0
20.547	1	89	67	4552.05	0
20.548	1	173	68	200.747	0
20.549	1	112	69	695.527	0
20.55	1	93	70	102.811	0
20.551	1	136	71	53.3698	0
20.552	1	121	72	211.693	0
20.553	1	85	73	115.483	0
20.554	1	2	74	42.1176	0
20.555	1	158	75	2020.03	0
20.556	1	14	76	313.641	0
20.557	1	1	77	558.624	0
20.558	1	133	78	152.477	0
20.559	1	34	79	104.716	0
20.56	1	18	80	102.189	0
18.881	1	143	1	208.621	0
18.882	1	70	2	152.431	0
20.561	1	149	81	632.312	0
18.883	1	110	3	463.234	0
20.562	1	108	82	418.06	0
20.563	1	97	83	8468.69	0
18.884	1	13	4	65.5805	0
20.564	1	148	84	58.8154	0
18.885	1	66	5	224.011	0
20.565	1	51	85	685.205	0
18.886	1	72	6	248.62	0
20.566	1	9	86	1311.32	0
18.887	1	103	7	1755.53	0
20.567	1	132	87	123.458	0
18.888	1	92	8	646.39	0
20.568	1	181	88	148.87	0
18.889	1	157	9	294.014	0
20.569	1	43	89	147.228	0
18.89	1	27	10	117.82	0
20.57	1	84	90	323.265	0
18.891	1	58	11	3202.09	0
20.571	1	183	91	508.266	0
18.892	1	115	12	139.463	0
20.572	1	44	92	394.434	0
18.893	1	48	13	232.03	0
20.573	1	77	93	630.356	0
18.894	1	37	14	2087.15	0
20.574	1	31	94	139.623	0
18.895	1	135	15	442.046	0
18.896	1	193	16	228.232	0
20.575	1	57	95	239.258	0
18.897	1	197	17	536.232	0
18.898	1	38	18	133.585	0
20.576	1	172	96	97.8171	0
18.899	1	189	19	826.176	0
20.577	1	47	97	575.549	0
18.9	1	40	20	4922.4	0
20.578	1	187	98	373.941	0
20.579	1	180	99	90.5695	0
18.901	1	142	21	718.877	0
20.58	1	147	100	4432.41	0
18.902	1	86	22	1243.51	0
20.581	1	46	101	737.032	0
20.582	1	155	102	68.8547	0
18.903	1	100	23	2402.57	0
18.904	1	166	24	234.726	0
18.905	1	118	25	383.553	0
20.583	1	21	103	166.781	0
18.906	1	49	26	852.753	0
18.907	1	196	27	256.451	0
20.584	1	6	104	138.585	0
18.908	1	119	28	141.646	0
20.585	1	29	105	45.5153	0
18.909	1	200	29	162.617	0
18.91	1	55	30	236.268	0
20.586	1	182	106	250.618	0
18.911	1	95	31	499.76	0
18.912	1	107	32	88.2909	0
20.588	1	96	108	128.598	0
20.589	1	42	109	382.392	0
18.913	1	101	33	353.836	0
20.59	1	165	110	1167.81	0
18.914	1	116	34	821.545	0
18.915	1	61	35	150.936	0
20.591	1	69	111	8687.29	0
20.592	1	88	112	1308.01	0
20.593	1	188	113	2743.61	0
20.594	1	152	114	529.505	0
18.916	1	111	36	522.818	0
20.595	1	162	115	114.11	0
20.596	1	11	116	283.432	0
18.917	1	3	37	175.249	0
20.597	1	139	117	1298.8	0
18.918	1	4	38	47.9907	0
20.598	1	98	118	270.099	0
18.919	1	195	39	306.298	0
20.599	1	23	119	488.327	0
18.92	1	30	40	656.778	0
20.6	1	10	120	1984.11	0
18.921	1	91	41	134.307	0
18.922	1	35	42	148.694	0
20.601	1	12	121	189.264	0
20.602	1	120	122	1443.59	0
18.923	1	19	43	164.152	0
18.924	1	176	44	407.472	0
20.603	1	150	123	275.503	0
20.604	1	8	124	194.326	0
18.925	1	32	45	244.74	0
18.926	1	126	46	277.841	0
20.605	1	16	125	413.094	0
20.606	1	169	126	51.3656	0
18.927	1	151	47	1974.43	0
18.928	1	160	48	270.231	0
20.607	1	94	127	89.0733	0
18.929	1	79	49	2660.45	0
20.608	1	170	128	1131.69	0
18.93	1	171	50	108.016	0
20.609	1	54	129	72.2798	0
18.931	1	175	51	4844.16	0
20.61	1	125	130	307.087	0
18.932	1	17	52	304.094	0
20.611	1	90	131	869.119	0
18.933	1	174	53	103.962	0
20.612	1	134	132	150.931	0
20.613	1	186	133	3013.83	0
18.934	1	74	54	260.339	0
20.614	1	67	134	5545.96	0
20.615	1	102	135	9944.89	0
18.935	1	39	55	159.74	0
18.936	1	179	56	77.489	0
18.937	1	194	57	4131.96	0
20.616	1	63	136	3070.86	0
18.938	1	28	58	681.027	0
18.939	1	80	59	89.0322	0
20.617	1	145	137	663.795	0
18.94	1	105	60	180.545	0
20.618	1	127	138	284.043	0
18.941	1	168	61	2284.23	0
20.62	1	154	140	680.41	0
20.621	1	20	141	137.891	0
18.942	1	73	62	3017.82	0
20.622	1	52	142	127.166	0
18.943	1	141	63	184.17	0
20.623	1	138	143	704.681	0
18.944	1	53	64	216.762	0
20.624	1	83	144	122.504	0
18.945	1	163	65	124.185	0
20.625	1	5	145	1452.93	0
18.946	1	62	66	305.75	0
20.626	1	109	146	179.745	0
18.947	1	89	67	1644.15	0
18.948	1	173	68	187.196	0
20.627	1	33	147	1491.67	0
18.949	1	112	69	230.161	0
20.628	1	123	148	80.862	0
18.95	1	93	70	25.9694	0
20.629	1	99	149	1641.12	0
18.951	1	136	71	81.2976	0
20.63	1	104	150	120.071	0
20.631	1	113	151	904.949	0
18.952	1	121	72	242.629	0
20.632	1	106	152	242.72	0
20.633	1	65	153	81.8895	0
18.953	1	85	73	143.316	0
18.954	1	2	74	113.53	0
20.634	1	129	154	313.559	0
18.955	1	158	75	1271.7	0
18.956	1	14	76	152.691	0
18.957	1	1	77	757.12	0
20.635	1	199	155	209.77	0
18.958	1	133	78	238.44	0
18.959	1	34	79	135.329	0
18.96	1	18	80	110.884	0
18.961	1	149	81	1438.91	0
18.962	1	108	82	369.744	0
18.963	1	97	83	5404.89	0
18.964	1	148	84	68.5034	0
18.965	1	51	85	531.292	0
20.643	1	64	163	153.234	0
18.966	1	9	86	509.125	0
20.644	1	59	164	930.62	0
18.967	1	132	87	199.298	0
18.968	1	181	88	71.124	0
20.645	1	114	165	113.419	0
20.646	1	198	166	171.429	0
18.969	1	43	89	196.288	0
18.97	1	84	90	220.728	0
20.647	1	41	167	111.614	0
20.648	1	56	168	126.087	0
18.971	1	183	91	688.573	0
18.972	1	44	92	306.934	0
20.649	1	190	169	102.651	0
20.65	1	75	170	150.869	0
20.651	1	87	171	1075.62	0
18.973	1	77	93	371.082	0
18.974	1	31	94	621.712	0
20.652	1	26	172	12623.8	0
18.975	1	57	95	132.435	0
20.653	1	15	173	110.291	0
20.654	1	7	174	328.37	0
18.976	1	172	96	123.489	0
20.655	1	164	175	321.006	0
18.977	1	47	97	289.535	0
20.656	1	191	176	146.192	0
18.978	1	187	98	732.985	0
20.657	1	131	177	495.646	0
18.979	1	180	99	179.892	0
18.98	1	147	100	3326.99	0
20.658	1	122	178	213.023	0
18.981	1	46	101	426.513	0
18.982	1	155	102	65.8335	0
18.983	1	21	103	226.845	0
18.984	1	6	104	192.015	0
18.985	1	29	105	49.434	0
18.986	1	182	106	178.165	0
20.665	1	71	185	181.919	0
20.666	1	76	186	226.621	0
18.988	1	96	108	67.7416	0
20.667	1	82	187	2555.81	0
20.668	1	184	188	342.609	0
18.989	1	42	109	464.504	0
18.99	1	165	110	1167.54	0
20.669	1	68	189	73.7056	0
20.67	1	177	190	91.693	0
18.991	1	69	111	17212.2	0
18.992	1	88	112	309.15	0
20.671	1	24	191	127.806	0
20.672	1	117	192	137.194	0
18.993	1	188	113	2893.18	0
18.994	1	152	114	498.928	0
20.673	1	159	193	3102.06	0
20.674	1	22	194	282.164	0
18.995	1	162	115	124.159	0
18.996	1	11	116	488.149	0
20.675	1	137	195	153.324	0
18.997	1	139	117	858.71	0
18.998	1	98	118	76.712	0
20.676	1	156	196	254.927	0
18.999	1	23	119	633.151	0
20.677	1	25	197	521.923	0
19	1	10	120	3794.34	0
20.678	1	50	198	160.533	0
20.679	1	60	199	82.2654	0
19.001	1	12	121	453.902	0
20.68	1	36	200	539.752	0
19.002	1	120	122	2155.72	0
20.681	1	78	201	243.687	0
19.003	1	150	123	189.646	0
20.682	1	128	202	341.754	0
19.004	1	8	124	144.958	0
19.005	1	16	125	243.678	0
20.683	1	144	203	2579.37	0
19.006	1	169	126	31.8627	0
20.684	1	178	204	82.5142	0
19.007	1	94	127	71.9684	0
19.008	1	170	128	2359.41	0
20.685	1	192	205	76.0313	0
20.686	1	146	206	334.475	0
19.009	1	54	129	159.848	0
19.01	1	125	130	101.275	0
20.687	1	140	207	560.178	0
20.688	1	45	208	96.6323	0
19.011	1	90	131	429.515	0
19.012	1	134	132	203.991	0
20.689	1	130	209	166.539	0
20.69	1	161	210	890.8	0
19.013	1	186	133	774.183	0
20.691	1	153	211	69.0391	0
19.014	1	67	134	2114.43	0
20.692	1	124	212	372.799	0
19.015	1	102	135	5384.88	0
20.693	1	167	213	432.099	0
20.694	1	81	214	1221.31	0
20.695	1	185	215	328.015	0
19.016	1	63	136	3605.66	0
19.017	1	145	137	1743.82	0
19.018	1	127	138	231.473	0
19.02	1	154	140	1300.37	0
19.021	1	20	141	123.879	0
19.022	1	52	142	61.3708	0
19.023	1	138	143	719.525	0
19.024	1	83	144	59.3506	0
19.025	1	5	145	992.488	0
19.026	1	109	146	257.7	0
19.027	1	33	147	843.649	0
19.028	1	123	148	130.212	0
19.029	1	99	149	1668.24	0
19.03	1	104	150	186.662	0
19.031	1	113	151	3457.13	0
19.032	1	106	152	227.261	0
19.033	1	65	153	84.4947	0
19.034	1	129	154	329.484	0
19.035	1	199	155	236.365	0
19.043	1	64	163	198.953	0
19.044	1	59	164	1180.21	0
19.045	1	114	165	134.427	0
19.046	1	198	166	149.882	0
19.047	1	41	167	576.447	0
19.048	1	56	168	145.681	0
19.049	1	190	169	114.08	0
19.05	1	75	170	138.173	0
19.051	1	87	171	833.869	0
19.052	1	26	172	2879.53	0
19.053	1	15	173	55.5921	0
19.054	1	7	174	159.447	0
19.055	1	164	175	193.172	0
19.056	1	191	176	389.489	0
19.057	1	131	177	417.766	0
19.058	1	122	178	156.517	0
19.065	1	71	185	133.019	0
19.066	1	76	186	200.561	0
19.067	1	82	187	3921.64	0
19.068	1	184	188	177.14	0
19.069	1	68	189	25.1187	0
19.07	1	177	190	117.135	0
19.071	1	24	191	194.419	0
19.072	1	117	192	38.3368	0
19.073	1	159	193	1576.98	0
19.074	1	22	194	312.27	0
19.075	1	137	195	459.472	0
19.076	1	156	196	88.2328	0
19.077	1	25	197	303.354	0
19.078	1	50	198	247.915	0
19.079	1	60	199	53.022	0
19.08	1	36	200	529.587	0
19.081	1	78	201	89.0374	0
19.082	1	128	202	487.658	0
19.083	1	144	203	3895.56	0
19.084	1	178	204	73.523	0
19.085	1	192	205	82.1636	0
19.086	1	146	206	353.997	0
19.087	1	140	207	467.144	0
19.088	1	45	208	123.265	0
19.089	1	130	209	158.721	0
19.09	1	161	210	764.271	0
19.091	1	153	211	221.087	0
19.092	1	124	212	218.5	0
19.093	1	167	213	412.816	0
19.094	1	81	214	1360.3	0
19.095	1	185	215	151.809	0
20.801	1	143	1	485.159	0
20.802	1	70	2	69.4808	0
20.803	1	110	3	180.574	0
20.804	1	13	4	68.3226	0
20.805	1	66	5	263.508	0
20.806	1	72	6	54.0964	0
20.807	1	103	7	1854.18	0
20.808	1	92	8	1068.88	0
20.809	1	157	9	279.156	0
20.81	1	27	10	58.2506	0
20.811	1	58	11	4015.7	0
20.812	1	115	12	301.503	0
20.813	1	48	13	169.491	0
20.814	1	37	14	6106.21	0
20.815	1	135	15	237.124	0
20.816	1	193	16	405.673	0
20.817	1	197	17	506.05	0
20.818	1	38	18	137.617	0
20.819	1	189	19	1154.72	0
20.82	1	40	20	4723.39	0
20.821	1	142	21	670.805	0
20.822	1	86	22	832.085	0
20.823	1	100	23	1944.15	0
20.824	1	166	24	259.795	0
20.825	1	118	25	831.926	0
20.826	1	49	26	502.174	0
20.827	1	196	27	429.508	0
20.828	1	119	28	122.568	0
20.829	1	200	29	232.848	0
20.83	1	55	30	84.0114	0
20.831	1	95	31	204.88	0
20.832	1	107	32	83.6019	0
20.833	1	101	33	330.891	0
20.834	1	116	34	2981.52	0
20.835	1	61	35	142.25	0
20.836	1	111	36	126.031	0
20.837	1	3	37	59.6468	0
20.838	1	4	38	253.415	0
20.839	1	195	39	338.442	0
20.84	1	30	40	1067.95	0
20.841	1	91	41	189.562	0
20.842	1	35	42	141.176	0
20.843	1	19	43	80.4073	0
20.844	1	176	44	214.355	0
20.845	1	32	45	141.116	0
20.846	1	126	46	286.068	0
20.847	1	151	47	4119.2	0
20.848	1	160	48	199.198	0
20.849	1	79	49	4264.07	0
20.85	1	171	50	58.7089	0
20.851	1	175	51	3865.69	0
20.852	1	17	52	182.054	0
20.853	1	174	53	45.9972	0
20.854	1	74	54	337.739	0
20.855	1	39	55	71.2368	0
20.856	1	179	56	152.323	0
20.857	1	194	57	1538.66	0
20.858	1	28	58	407.603	0
20.859	1	80	59	87.7277	0
20.86	1	105	60	89.1395	0
20.861	1	168	61	1771.19	0
20.862	1	73	62	1059.26	0
20.863	1	141	63	165.324	0
20.864	1	53	64	274.894	0
20.865	1	163	65	81.6831	0
20.866	1	62	66	178.885	0
20.867	1	89	67	2761.5	0
20.868	1	173	68	276.755	0
20.869	1	112	69	553.252	0
20.87	1	93	70	107.183	0
20.871	1	136	71	96.5754	0
20.872	1	121	72	255.936	0
20.873	1	85	73	93.1292	0
20.874	1	2	74	64.4803	0
20.875	1	158	75	1364.95	0
20.876	1	14	76	275.169	0
20.877	1	1	77	482.091	0
20.878	1	133	78	246.95	0
20.879	1	34	79	114.517	0
20.88	1	18	80	65.1227	0
20.881	1	149	81	1156.33	0
20.882	1	108	82	115.299	0
19.201	1	143	1	649.448	0
20.883	1	97	83	3486.8	0
19.202	1	70	2	309.131	0
19.203	1	110	3	226.564	0
20.884	1	148	84	43.1333	0
19.204	1	13	4	55.1893	0
20.885	1	51	85	582.562	0
19.205	1	66	5	141.02	0
20.886	1	9	86	536.544	0
19.206	1	72	6	170.829	0
20.887	1	132	87	540.111	0
19.207	1	103	7	1807	0
20.888	1	181	88	193.443	0
19.208	1	92	8	984.045	0
20.889	1	43	89	136.489	0
20.89	1	84	90	171.926	0
19.209	1	157	9	468.771	0
19.21	1	27	10	38.147	0
20.891	1	183	91	809.126	0
20.892	1	44	92	206.05	0
19.211	1	58	11	3886.15	0
20.893	1	77	93	477.021	0
19.212	1	115	12	718.434	0
20.894	1	31	94	395.518	0
19.213	1	48	13	242.579	0
20.895	1	57	95	78.4935	0
20.896	1	172	96	323.641	0
19.214	1	37	14	5336.54	0
20.897	1	47	97	613.054	0
19.215	1	135	15	228.465	0
20.898	1	187	98	652.855	0
20.899	1	180	99	62.5423	0
20.9	1	147	100	5862.85	0
19.216	1	193	16	160.882	0
20.901	1	46	101	202.42	0
20.902	1	155	102	126.872	0
19.217	1	197	17	226.579	0
19.218	1	38	18	104.625	0
20.903	1	21	103	255.042	0
20.904	1	6	104	401.286	0
19.219	1	189	19	2208.07	0
20.905	1	29	105	120.785	0
20.906	1	182	106	325.06	0
19.22	1	40	20	3246.02	0
19.221	1	142	21	484.189	0
19.222	1	86	22	1212.86	0
20.908	1	96	108	155.018	0
19.223	1	100	23	972.283	0
20.909	1	42	109	515.28	0
19.224	1	166	24	141.524	0
20.91	1	165	110	1087.65	0
19.225	1	118	25	164.811	0
20.911	1	69	111	2795.85	0
20.912	1	88	112	1430.98	0
19.226	1	49	26	255.63	0
20.913	1	188	113	3190.01	0
19.227	1	196	27	404.153	0
20.914	1	152	114	224.458	0
19.228	1	119	28	81.9918	0
20.915	1	162	115	125.128	0
19.229	1	200	29	248.425	0
19.23	1	55	30	98.8329	0
19.231	1	95	31	224.865	0
20.916	1	11	116	724.968	0
19.232	1	107	32	105.096	0
19.233	1	101	33	149.622	0
20.917	1	139	117	949.714	0
20.918	1	98	118	174.024	0
19.234	1	116	34	1178.53	0
20.919	1	23	119	1176.98	0
19.235	1	61	35	153.569	0
19.236	1	111	36	586.627	0
20.92	1	10	120	3320.83	0
20.921	1	12	121	235.074	0
19.237	1	3	37	42.9422	0
20.922	1	120	122	901.671	0
19.238	1	4	38	101.065	0
20.923	1	150	123	123.587	0
19.239	1	195	39	334.771	0
20.924	1	8	124	145.34	0
19.24	1	30	40	1657.28	0
20.925	1	16	125	352.371	0
20.926	1	169	126	72.2534	0
19.241	1	91	41	206.579	0
20.927	1	94	127	174.229	0
20.928	1	170	128	1271.28	0
19.242	1	35	42	125.513	0
20.929	1	54	129	74.0293	0
19.243	1	19	43	165.7	0
20.93	1	125	130	442.577	0
19.244	1	176	44	193.245	0
20.931	1	90	131	671.248	0
19.245	1	32	45	139.459	0
20.932	1	134	132	241.021	0
19.246	1	126	46	424.689	0
20.933	1	186	133	2939.99	0
19.247	1	151	47	5659.73	0
19.248	1	160	48	367.689	0
19.249	1	79	49	2185.19	0
19.25	1	171	50	96.999	0
19.251	1	175	51	2232.73	0
19.252	1	17	52	208.899	0
19.253	1	174	53	147.3	0
19.254	1	74	54	216.581	0
19.255	1	39	55	77.7554	0
20.934	1	67	134	1314.14	0
19.256	1	179	56	121.648	0
19.257	1	194	57	2529.84	0
20.935	1	102	135	2798.83	0
19.258	1	28	58	365.036	0
19.259	1	80	59	33.0636	0
20.936	1	63	136	4025.38	0
19.26	1	105	60	77.0134	0
19.261	1	168	61	1421.34	0
20.937	1	145	137	1388.11	0
19.262	1	73	62	1124.4	0
20.938	1	127	138	93.6984	0
19.263	1	141	63	212.5	0
19.264	1	53	64	274.664	0
19.265	1	163	65	247.37	0
19.266	1	62	66	494.121	0
19.267	1	89	67	1712.58	0
19.268	1	173	68	95.1781	0
20.94	1	154	140	1374.68	0
19.269	1	112	69	548.725	0
19.27	1	93	70	91.3283	0
19.271	1	136	71	37.6709	0
19.272	1	121	72	272.943	0
20.941	1	20	141	93.8905	0
19.273	1	85	73	146.244	0
19.274	1	2	74	66.8969	0
20.942	1	52	142	141.914	0
19.275	1	158	75	2049.22	0
19.276	1	14	76	94.958	0
20.943	1	138	143	297.641	0
19.277	1	1	77	375.036	0
19.278	1	133	78	225.492	0
20.944	1	83	144	96.0861	0
19.279	1	34	79	143.873	0
19.28	1	18	80	134.287	0
20.945	1	5	145	2402.83	0
19.281	1	149	81	1035.32	0
19.282	1	108	82	319.857	0
20.946	1	109	146	168.73	0
19.283	1	97	83	2011.1	0
20.947	1	33	147	1397.11	0
19.284	1	148	84	66.0279	0
20.948	1	123	148	59.3743	0
19.285	1	51	85	514.869	0
19.286	1	9	86	307.911	0
19.287	1	132	87	89.6752	0
20.949	1	99	149	1300.53	0
19.288	1	181	88	56.2067	0
19.289	1	43	89	266.861	0
19.29	1	84	90	120.088	0
20.95	1	104	150	64.6412	0
19.291	1	183	91	806.13	0
19.292	1	44	92	333.93	0
20.951	1	113	151	1375.31	0
19.293	1	77	93	795.887	0
19.294	1	31	94	324.336	0
19.295	1	57	95	96.3295	0
19.296	1	172	96	184.834	0
20.952	1	106	152	261.631	0
19.297	1	47	97	804.899	0
19.298	1	187	98	532.902	0
19.299	1	180	99	125.91	0
20.953	1	65	153	83.8945	0
19.3	1	147	100	8467.22	0
20.954	1	129	154	391.971	0
19.301	1	46	101	336.083	0
19.302	1	155	102	103.28	0
20.955	1	199	155	191.72	0
19.303	1	21	103	184.463	0
19.304	1	6	104	339.123	0
19.305	1	29	105	27.4162	0
19.306	1	182	106	106.822	0
19.308	1	96	108	174.539	0
19.309	1	42	109	441.087	0
19.31	1	165	110	1352.7	0
19.311	1	69	111	14210.8	0
19.312	1	88	112	885.448	0
19.313	1	188	113	1678.87	0
19.314	1	152	114	1224.75	0
19.315	1	162	115	177.16	0
19.316	1	11	116	194.717	0
19.317	1	139	117	902.794	0
19.318	1	98	118	272.103	0
20.963	1	64	163	319.319	0
19.319	1	23	119	1026.44	0
20.964	1	59	164	659.955	0
19.32	1	10	120	2306.66	0
19.321	1	12	121	438.782	0
19.322	1	120	122	2414.15	0
20.965	1	114	165	457.628	0
19.323	1	150	123	101.071	0
19.324	1	8	124	137.248	0
20.966	1	198	166	119.524	0
19.325	1	16	125	408.213	0
19.326	1	169	126	46.0517	0
20.967	1	41	167	731.211	0
19.327	1	94	127	64.9467	0
19.328	1	170	128	5015.87	0
20.968	1	56	168	104.146	0
19.329	1	54	129	165.786	0
19.33	1	125	130	563.876	0
19.331	1	90	131	652.99	0
20.969	1	190	169	63.4072	0
19.332	1	134	132	180.338	0
19.333	1	186	133	2192.85	0
20.97	1	75	170	129.975	0
19.334	1	67	134	3826.22	0
20.971	1	87	171	715.123	0
19.335	1	102	135	1957.47	0
19.336	1	63	136	4079.54	0
20.972	1	26	172	1521.3	0
19.337	1	145	137	2249.36	0
19.338	1	127	138	335.875	0
20.973	1	15	173	108.202	0
19.34	1	154	140	851.051	0
20.974	1	7	174	169.087	0
19.341	1	20	141	90.1887	0
19.342	1	52	142	124.22	0
20.975	1	164	175	611.421	0
19.343	1	138	143	406.872	0
19.344	1	83	144	77.9294	0
19.345	1	5	145	805.533	0
20.976	1	191	176	198.103	0
19.346	1	109	146	205.806	0
19.347	1	33	147	2324.82	0
19.348	1	123	148	94.9892	0
19.349	1	99	149	1308.61	0
19.35	1	104	150	154.87	0
19.351	1	113	151	1158.26	0
19.352	1	106	152	211.762	0
19.353	1	65	153	45.7936	0
19.354	1	129	154	375.991	0
20.977	1	131	177	90.7521	0
20.978	1	122	178	192.817	0
19.355	1	199	155	203.175	0
20.985	1	71	185	242.715	0
19.363	1	64	163	392.667	0
20.986	1	76	186	165.753	0
19.364	1	59	164	1184	0
20.987	1	82	187	1423.76	0
19.365	1	114	165	97.5963	0
20.988	1	184	188	479.455	0
19.366	1	198	166	93.6622	0
19.367	1	41	167	792.204	0
20.989	1	68	189	77.711	0
19.368	1	56	168	227.332	0
20.99	1	177	190	84.8861	0
19.369	1	190	169	75.5233	0
20.991	1	24	191	74.7087	0
19.37	1	75	170	102.236	0
20.992	1	117	192	48.9328	0
19.371	1	87	171	788.668	0
20.993	1	159	193	2878.63	0
19.372	1	26	172	8446.76	0
20.994	1	22	194	312.589	0
19.373	1	15	173	150.282	0
20.995	1	137	195	253.973	0
19.374	1	7	174	160.35	0
20.996	1	156	196	111.204	0
20.997	1	25	197	256.56	0
19.375	1	164	175	693.082	0
20.998	1	50	198	182.976	0
19.376	1	191	176	230.42	0
20.999	1	60	199	186.011	0
21	1	36	200	415.465	0
19.377	1	131	177	163.881	0
19.378	1	122	178	235.546	0
21.001	1	78	201	175.058	0
21.002	1	128	202	353.376	0
21.003	1	144	203	806.815	0
21.004	1	178	204	60.0922	0
21.005	1	192	205	77.2488	0
21.006	1	146	206	1084.45	0
19.385	1	71	185	166.143	0
21.007	1	140	207	288.632	0
21.008	1	45	208	110.331	0
19.386	1	76	186	437.408	0
21.009	1	130	209	152.423	0
19.387	1	82	187	2433.71	0
21.01	1	161	210	1641.29	0
19.388	1	184	188	136.044	0
21.011	1	153	211	270.956	0
19.389	1	68	189	67.2405	0
21.012	1	124	212	115.215	0
19.39	1	177	190	280.227	0
21.013	1	167	213	480.563	0
19.391	1	24	191	102.152	0
21.014	1	81	214	610.897	0
19.392	1	117	192	55.2425	0
19.393	1	159	193	1264.22	0
21.015	1	185	215	332.359	0
19.394	1	22	194	439.277	0
19.395	1	137	195	302.749	0
19.396	1	156	196	160.404	0
19.397	1	25	197	321.687	0
19.398	1	50	198	533.796	0
19.399	1	60	199	78.9214	0
19.4	1	36	200	273.697	0
19.401	1	78	201	193.494	0
19.402	1	128	202	332.751	0
19.403	1	144	203	1099.49	0
19.404	1	178	204	141.722	0
19.405	1	192	205	42.3031	0
19.406	1	146	206	248.046	0
19.407	1	140	207	394.108	0
19.408	1	45	208	206.565	0
19.409	1	130	209	154.939	0
19.41	1	161	210	782.647	0
19.411	1	153	211	127.732	0
19.412	1	124	212	137.289	0
19.413	1	167	213	383.061	0
19.414	1	81	214	505.732	0
19.415	1	185	215	628.917	0
21.121	1	143	1	498.018	0
21.122	1	70	2	309.28	0
21.123	1	110	3	234.895	0
21.124	1	13	4	92.9517	0
21.125	1	66	5	469.359	0
21.126	1	72	6	118.656	0
21.127	1	103	7	1798.86	0
21.128	1	92	8	1089.89	0
21.129	1	157	9	395.59	0
21.13	1	27	10	84.1285	0
21.131	1	58	11	4057.32	0
21.132	1	115	12	262.492	0
21.133	1	48	13	262.962	0
21.134	1	37	14	2419.45	0
21.135	1	135	15	117.005	0
21.136	1	193	16	296.113	0
21.137	1	197	17	224.399	0
21.138	1	38	18	101.128	0
21.139	1	189	19	1227.27	0
21.14	1	40	20	7099.19	0
19.521	1	143	1	533.532	0
19.522	1	70	2	116.543	0
19.523	1	110	3	468.603	0
21.141	1	142	21	663.806	0
19.524	1	13	4	81.0524	0
21.142	1	86	22	575.208	0
19.525	1	66	5	235.584	0
19.526	1	72	6	153.863	0
21.143	1	100	23	1924.55	0
21.144	1	166	24	124.121	0
19.527	1	103	7	3320.39	0
19.528	1	92	8	321.416	0
21.145	1	118	25	424.679	0
21.146	1	49	26	937.509	0
19.529	1	157	9	534.649	0
19.53	1	27	10	175.581	0
21.147	1	196	27	326.152	0
21.148	1	119	28	93.8638	0
19.531	1	58	11	4555.95	0
21.149	1	200	29	136.6	0
19.532	1	115	12	129.816	0
21.15	1	55	30	186.648	0
19.533	1	48	13	524.264	0
21.151	1	95	31	357.091	0
19.534	1	37	14	7505.27	0
21.152	1	107	32	85.9471	0
21.153	1	101	33	226.005	0
19.535	1	135	15	124.095	0
21.154	1	116	34	1317.36	0
19.536	1	193	16	241.852	0
21.155	1	61	35	330.553	0
19.537	1	197	17	395.447	0
21.156	1	111	36	208.433	0
19.538	1	38	18	231.718	0
21.157	1	3	37	85.9295	0
19.539	1	189	19	1255.65	0
19.54	1	40	20	7065.2	0
21.158	1	4	38	190.96	0
21.159	1	195	39	484.88	0
21.16	1	30	40	888.053	0
19.541	1	142	21	212.526	0
21.161	1	91	41	118.606	0
19.542	1	86	22	909.36	0
21.162	1	35	42	93.8735	0
19.543	1	100	23	2104.11	0
19.544	1	166	24	249.709	0
21.163	1	19	43	248.805	0
21.164	1	176	44	106.545	0
19.545	1	118	25	596.218	0
19.546	1	49	26	601.055	0
21.165	1	32	45	55.1777	0
21.166	1	126	46	292.176	0
19.547	1	196	27	267.933	0
19.548	1	119	28	127.209	0
21.167	1	151	47	5371.54	0
21.168	1	160	48	296.7	0
19.549	1	200	29	152.221	0
19.55	1	55	30	94.6576	0
21.169	1	79	49	1562.11	0
21.17	1	171	50	182.065	0
19.551	1	95	31	220.122	0
21.171	1	175	51	4402.2	0
21.172	1	17	52	215.939	0
19.552	1	107	32	32.9129	0
21.173	1	174	53	64.0642	0
19.553	1	101	33	255.741	0
21.174	1	74	54	391.392	0
19.554	1	116	34	770.468	0
19.555	1	61	35	215.746	0
21.175	1	39	55	117.008	0
19.556	1	111	36	339.1	0
19.557	1	3	37	104.692	0
21.176	1	179	56	106.996	0
21.177	1	194	57	3267.82	0
19.558	1	4	38	204.13	0
21.178	1	28	58	520.837	0
19.559	1	195	39	124.166	0
21.179	1	80	59	95.6623	0
19.56	1	30	40	1535.3	0
21.18	1	105	60	169.091	0
19.561	1	91	41	170.24	0
21.181	1	168	61	1304.16	0
21.182	1	73	62	3052.45	0
19.562	1	35	42	210.995	0
19.563	1	19	43	159.418	0
21.183	1	141	63	149.245	0
19.564	1	176	44	397.553	0
19.565	1	32	45	181.874	0
21.184	1	53	64	195.794	0
19.566	1	126	46	287.559	0
21.185	1	163	65	65.2742	0
19.567	1	151	47	5624.82	0
21.186	1	62	66	303.063	0
19.568	1	160	48	289.848	0
21.187	1	89	67	976.647	0
19.569	1	79	49	3565.82	0
21.188	1	173	68	290.889	0
19.57	1	171	50	49.8192	0
21.189	1	112	69	418.603	0
19.571	1	175	51	4582.13	0
21.19	1	93	70	113.36	0
19.572	1	17	52	446.348	0
21.191	1	136	71	54.2167	0
21.192	1	121	72	157.121	0
19.573	1	174	53	64.3988	0
19.574	1	74	54	327.006	0
21.193	1	85	73	254.749	0
21.194	1	2	74	51.2475	0
19.575	1	39	55	60.9648	0
21.195	1	158	75	2248.37	0
21.196	1	14	76	291.241	0
19.576	1	179	56	109.305	0
21.197	1	1	77	162.772	0
19.577	1	194	57	2059.09	0
21.198	1	133	78	269.472	0
19.578	1	28	58	461.273	0
21.199	1	34	79	99.561	0
19.579	1	80	59	86.2828	0
19.58	1	105	60	113.212	0
21.2	1	18	80	121.202	0
19.581	1	168	61	2419.54	0
21.201	1	149	81	885.265	0
19.582	1	73	62	1284.92	0
21.202	1	108	82	409.674	0
21.203	1	97	83	6945.21	0
21.204	1	148	84	64.8728	0
19.583	1	141	63	128.706	0
21.205	1	51	85	598.987	0
21.206	1	9	86	515.003	0
19.584	1	53	64	73.031	0
21.207	1	132	87	225.75	0
19.585	1	163	65	288.13	0
21.208	1	181	88	234.187	0
19.586	1	62	66	172.14	0
21.209	1	43	89	266.807	0
19.587	1	89	67	3257.12	0
21.21	1	84	90	168.84	0
19.588	1	173	68	162.996	0
21.211	1	183	91	1371.77	0
19.589	1	112	69	249.13	0
19.59	1	93	70	57.3668	0
21.212	1	44	92	387.422	0
19.591	1	136	71	123.733	0
21.213	1	77	93	484.866	0
19.592	1	121	72	179.12	0
21.214	1	31	94	758.755	0
21.215	1	57	95	198.559	0
19.593	1	85	73	328.262	0
19.594	1	2	74	91.6691	0
19.595	1	158	75	1824.54	0
21.216	1	172	96	178.942	0
19.596	1	14	76	389.27	0
19.597	1	1	77	386.361	0
19.598	1	133	78	160.943	0
21.217	1	47	97	488.036	0
21.218	1	187	98	287.222	0
19.599	1	34	79	82.2933	0
21.219	1	180	99	62.9901	0
19.6	1	18	80	84.4189	0
21.22	1	147	100	9202.68	0
19.601	1	149	81	1103.96	0
19.602	1	108	82	232.401	0
21.221	1	46	101	188.696	0
21.222	1	155	102	106.88	0
19.603	1	97	83	4362.06	0
21.223	1	21	103	560.076	0
19.604	1	148	84	36.0997	0
21.224	1	6	104	132.637	0
19.605	1	51	85	750.433	0
19.606	1	9	86	542.177	0
21.225	1	29	105	106.459	0
21.226	1	182	106	265.977	0
19.607	1	132	87	146.487	0
19.608	1	181	88	100.776	0
21.228	1	96	108	196.336	0
19.609	1	43	89	277.512	0
21.229	1	42	109	680.334	0
19.61	1	84	90	253.776	0
21.23	1	165	110	1158.97	0
19.611	1	183	91	491.162	0
21.231	1	69	111	3245.09	0
19.612	1	44	92	237.894	0
21.232	1	88	112	880.601	0
19.613	1	77	93	304.475	0
21.233	1	188	113	899.752	0
19.614	1	31	94	514.111	0
19.615	1	57	95	181.764	0
21.234	1	152	114	1116	0
21.235	1	162	115	176.143	0
21.236	1	11	116	213.608	0
19.616	1	172	96	179.428	0
21.237	1	139	117	760.953	0
21.238	1	98	118	286.859	0
21.239	1	23	119	767.771	0
19.617	1	47	97	317.037	0
21.24	1	10	120	2605.37	0
19.618	1	187	98	567.736	0
19.619	1	180	99	64.7189	0
21.241	1	12	121	342.307	0
19.62	1	147	100	3520.02	0
21.242	1	120	122	1307.37	0
19.621	1	46	101	546.498	0
19.622	1	155	102	54.5514	0
21.243	1	150	123	191.662	0
21.244	1	8	124	75.7681	0
19.623	1	21	103	152.501	0
19.624	1	6	104	225.73	0
21.245	1	16	125	311.389	0
21.246	1	169	126	37.3474	0
19.625	1	29	105	60.0456	0
19.626	1	182	106	246.213	0
21.247	1	94	127	135.723	0
21.248	1	170	128	4215.84	0
19.628	1	96	108	238.754	0
21.249	1	54	129	126.086	0
21.25	1	125	130	831.053	0
19.629	1	42	109	410.142	0
19.63	1	165	110	1013.21	0
21.251	1	90	131	787.556	0
19.631	1	69	111	6358.48	0
19.632	1	88	112	949.656	0
21.252	1	134	132	116.676	0
19.633	1	188	113	2006.08	0
21.253	1	186	133	9163.87	0
21.254	1	67	134	6285.87	0
19.634	1	152	114	320.905	0
21.255	1	102	135	3389.41	0
21.256	1	63	136	2471.83	0
19.635	1	162	115	109.074	0
19.636	1	11	116	195.811	0
21.257	1	145	137	2741.27	0
19.637	1	139	117	1036.51	0
19.638	1	98	118	490.202	0
21.258	1	127	138	157.903	0
19.639	1	23	119	318.653	0
19.64	1	10	120	3404.61	0
21.26	1	154	140	1078.7	0
21.261	1	20	141	226.702	0
19.641	1	12	121	164.072	0
21.262	1	52	142	97.314	0
19.642	1	120	122	1381.07	0
21.263	1	138	143	481.618	0
21.264	1	83	144	56.4925	0
19.643	1	150	123	309.542	0
19.644	1	8	124	119.934	0
21.265	1	5	145	2750.32	0
21.266	1	109	146	230.231	0
19.645	1	16	125	225.136	0
19.646	1	169	126	98.7729	0
21.267	1	33	147	1559.72	0
21.268	1	123	148	30.9563	0
19.647	1	94	127	122.381	0
19.648	1	170	128	4409.1	0
21.269	1	99	149	4848.56	0
21.27	1	104	150	272.164	0
19.649	1	54	129	57.7112	0
19.65	1	125	130	667.674	0
21.271	1	113	151	2080.55	0
21.272	1	106	152	222.167	0
19.651	1	90	131	1049.21	0
21.273	1	65	153	50.0438	0
21.274	1	129	154	205.142	0
19.652	1	134	132	97.4954	0
19.653	1	186	133	3306.12	0
19.654	1	67	134	2966.05	0
21.275	1	199	155	243.56	0
19.655	1	102	135	6155.53	0
19.656	1	63	136	2675.06	0
19.657	1	145	137	1617.95	0
19.658	1	127	138	162.633	0
19.66	1	154	140	1692.91	0
19.661	1	20	141	58.8816	0
21.283	1	64	163	275.869	0
19.662	1	52	142	115.607	0
19.663	1	138	143	349.284	0
21.284	1	59	164	313.637	0
19.664	1	83	144	55.8533	0
21.285	1	114	165	190.409	0
19.665	1	5	145	2866.15	0
21.286	1	198	166	163.404	0
19.666	1	109	146	205.309	0
21.287	1	41	167	538.982	0
19.667	1	33	147	1742.17	0
21.288	1	56	168	156.513	0
19.668	1	123	148	22.682	0
21.289	1	190	169	99.0025	0
19.669	1	99	149	3699.62	0
21.29	1	75	170	118.703	0
19.67	1	104	150	97.4146	0
21.291	1	87	171	1547.94	0
19.671	1	113	151	1994.26	0
21.292	1	26	172	12765.3	0
19.672	1	106	152	160.755	0
21.293	1	15	173	88.78	0
19.673	1	65	153	67.0193	0
21.294	1	7	174	96.3423	0
19.674	1	129	154	481.268	0
21.295	1	164	175	339.227	0
21.296	1	191	176	364.275	0
19.675	1	199	155	275.952	0
21.297	1	131	177	387.912	0
21.298	1	122	178	129.908	0
21.305	1	71	185	226.362	0
19.683	1	64	163	461.814	0
21.306	1	76	186	393.132	0
19.684	1	59	164	520.761	0
21.307	1	82	187	2482.13	0
21.308	1	184	188	262.451	0
21.309	1	68	189	73.8997	0
19.685	1	114	165	296.159	0
21.31	1	177	190	296.522	0
19.686	1	198	166	187.096	0
21.311	1	24	191	138.66	0
19.687	1	41	167	547.745	0
21.312	1	117	192	39.1146	0
19.688	1	56	168	136.017	0
21.313	1	159	193	2065.62	0
19.689	1	190	169	71.9454	0
21.314	1	22	194	401.247	0
19.69	1	75	170	331.621	0
21.315	1	137	195	480.041	0
19.691	1	87	171	1107.55	0
19.692	1	26	172	9721.99	0
21.316	1	156	196	216.826	0
19.693	1	15	173	121.165	0
19.694	1	7	174	245.078	0
19.695	1	164	175	1070.82	0
21.317	1	25	197	312.452	0
19.696	1	191	176	152.406	0
21.318	1	50	198	305.154	0
19.697	1	131	177	196.024	0
21.319	1	60	199	43.1915	0
19.698	1	122	178	120.026	0
21.32	1	36	200	562.233	0
21.321	1	78	201	292.478	0
21.322	1	128	202	206.038	0
21.323	1	144	203	3506.56	0
21.324	1	178	204	145.265	0
21.325	1	192	205	59.4438	0
21.326	1	146	206	671.603	0
21.327	1	140	207	892.054	0
21.328	1	45	208	98.9251	0
19.705	1	71	185	146.362	0
21.329	1	130	209	80.269	0
19.706	1	76	186	231.108	0
21.33	1	161	210	382.719	0
19.707	1	82	187	5448.92	0
21.331	1	153	211	300.4	0
19.708	1	184	188	264.606	0
21.332	1	124	212	180.46	0
19.709	1	68	189	36.6242	0
21.333	1	167	213	238.249	0
19.71	1	177	190	131.417	0
21.334	1	81	214	1176.03	0
19.711	1	24	191	107.001	0
19.712	1	117	192	31.1153	0
21.335	1	185	215	361.252	0
19.713	1	159	193	1574.6	0
19.714	1	22	194	839.998	0
19.715	1	137	195	269.93	0
19.716	1	156	196	137.057	0
19.717	1	25	197	350.808	0
19.718	1	50	198	57.3333	0
19.719	1	60	199	180.591	0
19.72	1	36	200	1171.88	0
19.721	1	78	201	123.341	0
19.722	1	128	202	635.48	0
19.723	1	144	203	1565.31	0
19.724	1	178	204	115.143	0
19.725	1	192	205	64.4284	0
19.726	1	146	206	417.154	0
19.727	1	140	207	263.922	0
19.728	1	45	208	167.583	0
19.729	1	130	209	161.051	0
19.73	1	161	210	525.722	0
19.731	1	153	211	201.812	0
19.732	1	124	212	310.888	0
19.733	1	167	213	228.248	0
19.734	1	81	214	751.785	0
19.735	1	185	215	126.238	0
21.441	1	143	1	1088.09	0
21.442	1	70	2	120.245	0
21.443	1	110	3	111.414	0
21.444	1	13	4	83.6623	0
21.445	1	66	5	177.149	0
21.446	1	72	6	162.839	0
21.447	1	103	7	1978.97	0
21.448	1	92	8	622.811	0
21.449	1	157	9	298.977	0
21.45	1	27	10	145.843	0
21.451	1	58	11	19328.5	0
21.452	1	115	12	371.978	0
21.453	1	48	13	412.714	0
21.454	1	37	14	6017.15	0
21.455	1	135	15	230.54	0
21.456	1	193	16	332.558	0
21.457	1	197	17	579.373	0
21.458	1	38	18	199.806	0
21.459	1	189	19	1774.73	0
21.46	1	40	20	5628.9	0
21.461	1	142	21	399.99	0
21.462	1	86	22	1001.33	0
21.463	1	100	23	1567.23	0
21.464	1	166	24	140.964	0
21.465	1	118	25	703.254	0
21.466	1	49	26	1394.84	0
19.841	1	143	1	634.886	0
21.467	1	196	27	525.581	0
19.842	1	70	2	189.412	0
21.468	1	119	28	74.8586	0
19.843	1	110	3	138.589	0
21.469	1	200	29	177.553	0
19.844	1	13	4	90.3702	0
21.47	1	55	30	150.989	0
19.845	1	66	5	105.431	0
21.471	1	95	31	122.195	0
19.846	1	72	6	108.479	0
21.472	1	107	32	65.2721	0
19.847	1	103	7	1018.07	0
21.473	1	101	33	91.5994	0
19.848	1	92	8	1170.3	0
21.474	1	116	34	3415.2	0
19.849	1	157	9	298.974	0
19.85	1	27	10	181.879	0
21.475	1	61	35	78.8248	0
19.851	1	58	11	12258.7	0
21.476	1	111	36	623.342	0
19.852	1	115	12	250.848	0
21.477	1	3	37	171.057	0
21.478	1	4	38	361.866	0
19.853	1	48	13	258.363	0
19.854	1	37	14	3464.73	0
21.479	1	195	39	421.026	0
21.48	1	30	40	2113.9	0
19.855	1	135	15	225.766	0
19.856	1	193	16	202.555	0
21.481	1	91	41	198.029	0
21.482	1	35	42	273.356	0
19.857	1	197	17	509.033	0
21.483	1	19	43	177.078	0
19.858	1	38	18	281.41	0
19.859	1	189	19	839.77	0
21.484	1	176	44	181.211	0
19.86	1	40	20	2686.67	0
21.485	1	32	45	253.819	0
19.861	1	142	21	237.548	0
21.486	1	126	46	491.778	0
21.487	1	151	47	7194.97	0
19.862	1	86	22	883.238	0
21.488	1	160	48	641.766	0
19.863	1	100	23	1134.27	0
21.489	1	79	49	5977.76	0
19.864	1	166	24	186.924	0
21.49	1	171	50	79.5813	0
19.865	1	118	25	550.061	0
21.491	1	175	51	4391.81	0
19.866	1	49	26	614.717	0
21.492	1	17	52	392.824	0
19.867	1	196	27	774.794	0
21.493	1	174	53	127.465	0
19.868	1	119	28	77.6397	0
21.494	1	74	54	344.748	0
19.869	1	200	29	111.981	0
21.495	1	39	55	139.557	0
19.87	1	55	30	143.727	0
21.496	1	179	56	30.3969	0
19.871	1	95	31	262.786	0
21.497	1	194	57	2348.64	0
19.872	1	107	32	80.2016	0
21.498	1	28	58	619.34	0
19.873	1	101	33	192.773	0
21.499	1	80	59	39.7295	0
19.874	1	116	34	2164.16	0
21.5	1	105	60	134.963	0
19.875	1	61	35	76.6435	0
21.501	1	168	61	1416.09	0
21.502	1	73	62	2842.18	0
19.876	1	111	36	303.104	0
21.503	1	141	63	142.262	0
19.877	1	3	37	34.3384	0
21.504	1	53	64	116.067	0
19.878	1	4	38	132.368	0
21.505	1	163	65	108.385	0
19.879	1	195	39	144.174	0
21.506	1	62	66	249.777	0
19.88	1	30	40	538.976	0
21.507	1	89	67	2193.66	0
19.881	1	91	41	110.618	0
21.508	1	173	68	109.853	0
19.882	1	35	42	324.397	0
21.509	1	112	69	517.95	0
21.51	1	93	70	119.84	0
19.883	1	19	43	259.147	0
21.511	1	136	71	215.553	0
21.512	1	121	72	217.307	0
19.884	1	176	44	270.572	0
21.513	1	85	73	258.819	0
19.885	1	32	45	243.993	0
21.514	1	2	74	61.0749	0
19.886	1	126	46	389.769	0
21.515	1	158	75	3145.95	0
19.887	1	151	47	12075.7	0
19.888	1	160	48	527.954	0
21.516	1	14	76	150.438	0
19.889	1	79	49	3016.69	0
19.89	1	171	50	29.1339	0
19.891	1	175	51	5178.8	0
19.892	1	17	52	172.391	0
21.517	1	1	77	525.452	0
21.518	1	133	78	149.573	0
19.893	1	174	53	72.3879	0
19.894	1	74	54	533.101	0
21.519	1	34	79	111.6	0
19.895	1	39	55	165.241	0
19.896	1	179	56	71.4758	0
21.52	1	18	80	66.3343	0
19.897	1	194	57	2241.53	0
21.521	1	149	81	1174.49	0
19.898	1	28	58	665.912	0
21.522	1	108	82	238.269	0
19.899	1	80	59	97.2141	0
21.523	1	97	83	8973.3	0
19.9	1	105	60	101.818	0
21.524	1	148	84	58.0332	0
21.525	1	51	85	913.738	0
19.901	1	168	61	4014.96	0
21.526	1	9	86	307.115	0
19.902	1	73	62	1580.88	0
21.527	1	132	87	440.141	0
21.528	1	181	88	280.493	0
19.903	1	141	63	188.285	0
19.904	1	53	64	478.445	0
21.529	1	43	89	148.262	0
21.53	1	84	90	202.562	0
19.905	1	163	65	349.936	0
19.906	1	62	66	214.995	0
21.531	1	183	91	1027.6	0
21.532	1	44	92	320.139	0
19.907	1	89	67	1180.33	0
21.533	1	77	93	160.885	0
19.908	1	173	68	102.196	0
19.909	1	112	69	324.884	0
21.534	1	31	94	283.699	0
19.91	1	93	70	115.885	0
21.535	1	57	95	87.8335	0
19.911	1	136	71	44.061	0
21.536	1	172	96	282.27	0
19.912	1	121	72	462.215	0
21.537	1	47	97	415.355	0
19.913	1	85	73	188.32	0
21.538	1	187	98	652.762	0
19.914	1	2	74	44.5925	0
21.539	1	180	99	58.7312	0
19.915	1	158	75	1735.61	0
21.54	1	147	100	5369.54	0
21.541	1	46	101	505.966	0
19.916	1	14	76	276.906	0
21.542	1	155	102	73.3754	0
21.543	1	21	103	305.821	0
19.917	1	1	77	177.064	0
21.544	1	6	104	334.153	0
19.918	1	133	78	391.961	0
21.545	1	29	105	136.714	0
19.919	1	34	79	57.6966	0
21.546	1	182	106	345.458	0
19.92	1	18	80	46.5695	0
21.548	1	96	108	119.982	0
19.921	1	149	81	1742.98	0
21.549	1	42	109	760.265	0
19.922	1	108	82	229.258	0
21.55	1	165	110	1305.03	0
19.923	1	97	83	3444.48	0
19.924	1	148	84	93.5913	0
21.551	1	69	111	2036.87	0
19.925	1	51	85	257.548	0
21.552	1	88	112	1542.89	0
19.926	1	9	86	1087.13	0
21.553	1	188	113	747.904	0
19.927	1	132	87	289.187	0
21.554	1	152	114	1553.38	0
19.928	1	181	88	102.348	0
21.555	1	162	115	190.27	0
19.929	1	43	89	199.153	0
21.556	1	11	116	280.069	0
19.93	1	84	90	126.496	0
21.557	1	139	117	1302.21	0
19.931	1	183	91	264.543	0
19.932	1	44	92	183.532	0
21.558	1	98	118	301.61	0
19.933	1	77	93	340.658	0
21.559	1	23	119	343.674	0
19.934	1	31	94	383.838	0
21.56	1	10	120	2743.89	0
21.561	1	12	121	265.476	0
19.935	1	57	95	163.377	0
19.936	1	172	96	148.308	0
21.562	1	120	122	1795.93	0
21.563	1	150	123	226.618	0
19.937	1	47	97	339.547	0
21.564	1	8	124	99.2726	0
19.938	1	187	98	303.51	0
21.565	1	16	125	281.329	0
21.566	1	169	126	65.904	0
19.939	1	180	99	193.494	0
21.567	1	94	127	151.46	0
21.568	1	170	128	2938.45	0
19.94	1	147	100	3358.71	0
21.569	1	54	129	134.587	0
21.57	1	125	130	475.089	0
21.571	1	90	131	779.619	0
21.572	1	134	132	231.861	0
19.941	1	46	101	511.328	0
21.573	1	186	133	7392.14	0
21.574	1	67	134	8630.9	0
19.942	1	155	102	61.6004	0
19.943	1	21	103	330.257	0
19.944	1	6	104	282.284	0
21.575	1	102	135	3339.49	0
19.945	1	29	105	39.2178	0
21.576	1	63	136	4889.63	0
19.946	1	182	106	211.166	0
21.577	1	145	137	399.922	0
21.578	1	127	138	227.298	0
19.948	1	96	108	210.193	0
19.949	1	42	109	302.978	0
21.58	1	154	140	1154.01	0
19.95	1	165	110	1385.26	0
21.581	1	20	141	264.433	0
19.951	1	69	111	16119.9	0
21.582	1	52	142	122.407	0
19.952	1	88	112	560.687	0
21.583	1	138	143	171.385	0
19.953	1	188	113	1689.62	0
21.584	1	83	144	130.183	0
19.954	1	152	114	860.253	0
21.585	1	5	145	1882.21	0
19.955	1	162	115	81.4567	0
21.586	1	109	146	215.478	0
19.956	1	11	116	466.051	0
21.587	1	33	147	1768.24	0
19.957	1	139	117	892.428	0
21.588	1	123	148	78.4864	0
19.958	1	98	118	309.121	0
21.589	1	99	149	2474.92	0
21.59	1	104	150	109.566	0
19.959	1	23	119	768.201	0
19.96	1	10	120	3315.59	0
21.591	1	113	151	1725.58	0
21.592	1	106	152	52.9991	0
19.961	1	12	121	515.824	0
21.593	1	65	153	62.31	0
21.594	1	129	154	700.162	0
21.595	1	199	155	131.811	0
19.962	1	120	122	611.142	0
19.963	1	150	123	268.922	0
19.964	1	8	124	278.154	0
19.965	1	16	125	318.566	0
19.966	1	169	126	79.3638	0
19.967	1	94	127	93.5068	0
19.968	1	170	128	1151.75	0
19.969	1	54	129	111.43	0
19.97	1	125	130	321.003	0
21.603	1	64	163	450.481	0
19.971	1	90	131	984.349	0
21.604	1	59	164	1236.4	0
19.972	1	134	132	152.459	0
21.605	1	114	165	196.789	0
19.973	1	186	133	2691.2	0
21.606	1	198	166	78.5809	0
19.974	1	67	134	2005.7	0
21.607	1	41	167	252.512	0
21.608	1	56	168	137.379	0
19.975	1	102	135	6229.36	0
21.609	1	190	169	53.9648	0
21.61	1	75	170	198.857	0
19.976	1	63	136	2726.83	0
21.611	1	87	171	913.391	0
21.612	1	26	172	10331.5	0
19.977	1	145	137	943.601	0
19.978	1	127	138	90.6981	0
21.613	1	15	173	118.256	0
21.614	1	7	174	148.82	0
19.98	1	154	140	600.084	0
21.615	1	164	175	421.923	0
19.981	1	20	141	229.831	0
19.982	1	52	142	168.494	0
21.616	1	191	176	223.828	0
19.983	1	138	143	252.899	0
19.984	1	83	144	148.876	0
21.617	1	131	177	353.829	0
19.985	1	5	145	698.736	0
21.618	1	122	178	465.422	0
19.986	1	109	146	111.855	0
19.987	1	33	147	1799.5	0
19.988	1	123	148	75.5113	0
19.989	1	99	149	3596.28	0
19.99	1	104	150	118.675	0
19.991	1	113	151	812.4	0
19.992	1	106	152	113.849	0
19.993	1	65	153	128.186	0
21.625	1	71	185	195.01	0
19.994	1	129	154	426.681	0
21.626	1	76	186	105.19	0
19.995	1	199	155	272.013	0
21.627	1	82	187	2046.2	0
21.628	1	184	188	157.293	0
21.629	1	68	189	76.0044	0
21.63	1	177	190	124.856	0
21.631	1	24	191	282.415	0
21.632	1	117	192	107.657	0
21.633	1	159	193	1622.85	0
21.634	1	22	194	434.182	0
21.635	1	137	195	463.49	0
20.003	1	64	163	257.285	0
21.636	1	156	196	101.824	0
20.004	1	59	164	744.44	0
21.637	1	25	197	365.904	0
20.005	1	114	165	197.001	0
21.638	1	50	198	128.67	0
20.006	1	198	166	50.4183	0
21.639	1	60	199	55.205	0
20.007	1	41	167	292.675	0
21.64	1	36	200	712.67	0
20.008	1	56	168	240.714	0
20.009	1	190	169	66.0356	0
21.641	1	78	201	81.4533	0
20.01	1	75	170	205.281	0
21.642	1	128	202	336.08	0
20.011	1	87	171	366.76	0
20.012	1	26	172	4992.22	0
21.643	1	144	203	1795.57	0
21.644	1	178	204	53.6576	0
20.013	1	15	173	324.674	0
20.014	1	7	174	164.981	0
21.645	1	192	205	97.3046	0
20.015	1	164	175	1309.49	0
21.646	1	146	206	335.091	0
21.647	1	140	207	541.78	0
21.648	1	45	208	120.353	0
20.016	1	191	176	117.905	0
21.649	1	130	209	87.7988	0
21.65	1	161	210	710.623	0
21.651	1	153	211	165.296	0
20.017	1	131	177	272.37	0
20.018	1	122	178	218.8	0
21.652	1	124	212	196.896	0
21.653	1	167	213	492.104	0
21.654	1	81	214	635.46	0
21.655	1	185	215	199.113	0
20.025	1	71	185	178.089	0
20.026	1	76	186	267.657	0
20.027	1	82	187	1410.51	0
20.028	1	184	188	338.206	0
20.029	1	68	189	30.148	0
20.03	1	177	190	148.814	0
20.031	1	24	191	195.743	0
20.032	1	117	192	65.5958	0
20.033	1	159	193	1978.58	0
20.034	1	22	194	366.56	0
20.035	1	137	195	368.44	0
20.036	1	156	196	165.724	0
20.037	1	25	197	321.277	0
20.038	1	50	198	158.664	0
20.039	1	60	199	104.071	0
20.04	1	36	200	859.931	0
20.041	1	78	201	428.492	0
20.042	1	128	202	245.551	0
20.043	1	144	203	421.156	0
20.044	1	178	204	203.494	0
20.045	1	192	205	168.299	0
20.046	1	146	206	451.114	0
20.047	1	140	207	462.071	0
20.048	1	45	208	139.303	0
20.049	1	130	209	134.882	0
20.05	1	161	210	565.411	0
20.051	1	153	211	139.399	0
20.052	1	124	212	161.098	0
20.053	1	167	213	111.002	0
20.054	1	81	214	718.464	0
20.055	1	185	215	419.12	0
21.761	1	143	1	783.035	0
21.762	1	70	2	253.789	0
21.763	1	110	3	184.489	0
21.764	1	13	4	65.1818	0
21.765	1	66	5	349.961	0
21.766	1	72	6	255.033	0
21.767	1	103	7	2129.71	0
21.768	1	92	8	734.404	0
21.769	1	157	9	328.882	0
21.77	1	27	10	82.6296	0
21.771	1	58	11	8600.57	0
21.772	1	115	12	380.131	0
21.773	1	48	13	318.404	0
21.774	1	37	14	4708.7	0
21.775	1	135	15	231.265	0
21.776	1	193	16	177.291	0
21.777	1	197	17	373.801	0
21.778	1	38	18	63.486	0
21.779	1	189	19	1457.05	0
21.78	1	40	20	5071.68	0
21.781	1	142	21	132.797	0
21.782	1	86	22	1425.23	0
21.783	1	100	23	2088.95	0
21.784	1	166	24	151.289	0
21.785	1	118	25	476.214	0
21.786	1	49	26	354.554	0
21.787	1	196	27	428.255	0
21.788	1	119	28	192.47	0
21.789	1	200	29	328.575	0
21.79	1	55	30	126.028	0
21.791	1	95	31	374.493	0
21.792	1	107	32	92.3367	0
21.793	1	101	33	108.87	0
21.794	1	116	34	1656.6	0
21.795	1	61	35	162.306	0
21.796	1	111	36	409.105	0
21.797	1	3	37	51.7546	0
21.798	1	4	38	161.817	0
21.799	1	195	39	306.642	0
20.161	1	143	1	636.403	0
21.8	1	30	40	745.654	0
20.162	1	70	2	395.438	0
21.801	1	91	41	168.373	0
20.163	1	110	3	208.252	0
21.802	1	35	42	229.195	0
20.164	1	13	4	45.246	0
21.803	1	19	43	108.457	0
20.165	1	66	5	99.0148	0
21.804	1	176	44	232.958	0
20.166	1	72	6	382.368	0
21.805	1	32	45	111.53	0
20.167	1	103	7	2367.96	0
21.806	1	126	46	99.1019	0
20.168	1	92	8	518.903	0
21.807	1	151	47	9265.16	0
20.169	1	157	9	486.753	0
21.808	1	160	48	270.973	0
20.17	1	27	10	62.402	0
21.809	1	79	49	2974.54	0
20.171	1	58	11	10584.8	0
21.81	1	171	50	47.4202	0
20.172	1	115	12	589.487	0
21.811	1	175	51	2271.17	0
20.173	1	48	13	180.617	0
21.812	1	17	52	310.382	0
20.174	1	37	14	3044.28	0
21.813	1	174	53	48.1287	0
21.814	1	74	54	565.41	0
20.175	1	135	15	247.375	0
21.815	1	39	55	207.525	0
20.176	1	193	16	329.704	0
20.177	1	197	17	371.758	0
20.178	1	38	18	120.27	0
21.816	1	179	56	68.9203	0
20.179	1	189	19	2463.83	0
20.18	1	40	20	12646.3	0
21.817	1	194	57	746.129	0
20.181	1	142	21	373.048	0
21.818	1	28	58	854.326	0
20.182	1	86	22	781.619	0
21.819	1	80	59	101.361	0
20.183	1	100	23	2549.98	0
21.82	1	105	60	123.741	0
20.184	1	166	24	128.212	0
21.821	1	168	61	1936.08	0
21.822	1	73	62	1761.84	0
20.185	1	118	25	1036.86	0
20.186	1	49	26	377.234	0
21.823	1	141	63	176.989	0
21.824	1	53	64	345.623	0
20.187	1	196	27	541.806	0
20.188	1	119	28	67.2582	0
21.825	1	163	65	79.0407	0
21.826	1	62	66	182.095	0
20.189	1	200	29	126.458	0
20.19	1	55	30	93.2708	0
21.827	1	89	67	1436.17	0
21.828	1	173	68	123.36	0
20.191	1	95	31	265.028	0
20.192	1	107	32	49.1608	0
21.829	1	112	69	233.627	0
21.83	1	93	70	126.03	0
20.193	1	101	33	133.892	0
20.194	1	116	34	1307.47	0
21.831	1	136	71	91.4298	0
21.832	1	121	72	135.199	0
20.195	1	61	35	147.538	0
20.196	1	111	36	407.508	0
21.833	1	85	73	155.368	0
20.197	1	3	37	67.3962	0
21.834	1	2	74	39.0851	0
20.198	1	4	38	158.731	0
21.835	1	158	75	1477.88	0
20.199	1	195	39	165.793	0
21.836	1	14	76	284.072	0
20.2	1	30	40	1757	0
21.837	1	1	77	609.403	0
21.838	1	133	78	151.422	0
20.201	1	91	41	276.392	0
21.839	1	34	79	217.151	0
20.202	1	35	42	369.447	0
21.84	1	18	80	62.9022	0
20.203	1	19	43	367.747	0
20.204	1	176	44	106.641	0
21.841	1	149	81	895.937	0
20.205	1	32	45	177.766	0
21.842	1	108	82	222.194	0
20.206	1	126	46	120.568	0
20.207	1	151	47	7970.59	0
21.843	1	97	83	5291.56	0
20.208	1	160	48	428.224	0
21.844	1	148	84	65.237	0
20.209	1	79	49	3357.87	0
20.21	1	171	50	73.3062	0
21.845	1	51	85	333.33	0
21.846	1	9	86	866.335	0
20.211	1	175	51	3532.21	0
20.212	1	17	52	294.159	0
21.847	1	132	87	325.348	0
21.848	1	181	88	125.866	0
20.213	1	174	53	63.47	0
20.214	1	74	54	725.781	0
21.849	1	43	89	229.19	0
21.85	1	84	90	383.113	0
20.215	1	39	55	132.843	0
21.851	1	183	91	736.07	0
21.852	1	44	92	210.886	0
20.216	1	179	56	71.7798	0
21.853	1	77	93	416.628	0
21.854	1	31	94	759.659	0
20.217	1	194	57	4030.7	0
21.855	1	57	95	175.702	0
20.218	1	28	58	706.055	0
21.856	1	172	96	158.219	0
20.219	1	80	59	43.474	0
21.857	1	47	97	278.673	0
20.22	1	105	60	129.891	0
21.858	1	187	98	561.645	0
20.221	1	168	61	4585.52	0
21.859	1	180	99	192.611	0
20.222	1	73	62	2776.79	0
21.86	1	147	100	5538.39	0
20.223	1	141	63	101.74	0
21.861	1	46	101	341.131	0
20.224	1	53	64	233.068	0
20.225	1	163	65	166.957	0
21.862	1	155	102	137.323	0
20.226	1	62	66	188.055	0
21.863	1	21	103	208.498	0
20.227	1	89	67	1264.12	0
21.864	1	6	104	259.33	0
20.228	1	173	68	86.7425	0
21.865	1	29	105	106.489	0
20.229	1	112	69	532.124	0
21.866	1	182	106	236.258	0
20.23	1	93	70	27.6741	0
20.231	1	136	71	112.161	0
21.868	1	96	108	207.761	0
20.232	1	121	72	111.644	0
21.869	1	42	109	787.758	0
20.233	1	85	73	194.429	0
21.87	1	165	110	963.594	0
21.871	1	69	111	8691.6	0
20.234	1	2	74	110.053	0
21.872	1	88	112	750.504	0
21.873	1	188	113	2077.04	0
20.235	1	158	75	1001.63	0
21.874	1	152	114	568.886	0
20.236	1	14	76	204.809	0
20.237	1	1	77	146.242	0
21.875	1	162	115	178.421	0
20.238	1	133	78	232.492	0
20.239	1	34	79	29.7668	0
21.876	1	11	116	117.49	0
20.24	1	18	80	151.844	0
21.877	1	139	117	1401.31	0
21.878	1	98	118	219.984	0
21.879	1	23	119	988.119	0
21.88	1	10	120	4010.29	0
21.881	1	12	121	146.214	0
20.241	1	149	81	1340.74	0
21.882	1	120	122	2024.25	0
20.242	1	108	82	374.94	0
21.883	1	150	123	120.312	0
20.243	1	97	83	4121.06	0
20.244	1	148	84	65.5857	0
21.884	1	8	124	212.709	0
20.245	1	51	85	466.254	0
20.246	1	9	86	345.017	0
21.885	1	16	125	486.354	0
21.886	1	169	126	129.333	0
20.247	1	132	87	654.134	0
20.248	1	181	88	186.485	0
21.887	1	94	127	227.986	0
21.888	1	170	128	1720.67	0
20.249	1	43	89	270.641	0
20.25	1	84	90	294.696	0
21.889	1	54	129	66.8146	0
21.89	1	125	130	298.378	0
20.251	1	183	91	699.226	0
21.891	1	90	131	435.54	0
21.892	1	134	132	206.3	0
20.252	1	44	92	382.195	0
21.893	1	186	133	6185.35	0
21.894	1	67	134	3938.72	0
20.253	1	77	93	415.073	0
20.254	1	31	94	713.394	0
21.895	1	102	135	3029.01	0
21.896	1	63	136	3818.95	0
20.255	1	57	95	77.5117	0
20.256	1	172	96	170.719	0
21.897	1	145	137	1017.91	0
21.898	1	127	138	110.673	0
20.257	1	47	97	296.1	0
20.258	1	187	98	238.289	0
20.259	1	180	99	41.1837	0
21.9	1	154	140	413.395	0
20.26	1	147	100	3454.28	0
21.901	1	20	141	234.847	0
20.261	1	46	101	277.121	0
21.902	1	52	142	65.4021	0
21.903	1	138	143	432.774	0
20.262	1	155	102	134.29	0
21.904	1	83	144	75.1384	0
20.263	1	21	103	131.292	0
21.905	1	5	145	1883.72	0
20.264	1	6	104	235.423	0
21.906	1	109	146	110.596	0
21.907	1	33	147	2135.52	0
20.265	1	29	105	62.4018	0
21.908	1	123	148	80.9508	0
20.266	1	182	106	113.464	0
21.909	1	99	149	2363.62	0
21.91	1	104	150	193.024	0
20.268	1	96	108	199.347	0
21.911	1	113	151	3589.29	0
20.269	1	42	109	500.342	0
21.912	1	106	152	169.875	0
20.27	1	165	110	1905.08	0
21.913	1	65	153	60.5279	0
20.271	1	69	111	6728.98	0
21.914	1	129	154	623.485	0
20.272	1	88	112	685.521	0
21.915	1	199	155	265.161	0
20.273	1	188	113	991.951	0
20.274	1	152	114	620.667	0
20.275	1	162	115	250.201	0
20.276	1	11	116	204.021	0
20.277	1	139	117	1046.28	0
20.278	1	98	118	383.678	0
20.279	1	23	119	961.761	0
20.28	1	10	120	3460.58	0
20.281	1	12	121	515.286	0
20.282	1	120	122	1790.53	0
21.923	1	64	163	256.696	0
20.283	1	150	123	107.322	0
21.924	1	59	164	280.812	0
21.925	1	114	165	135.673	0
20.284	1	8	124	208.445	0
21.926	1	198	166	187.978	0
20.285	1	16	125	550.511	0
21.927	1	41	167	420.986	0
20.286	1	169	126	109.655	0
21.928	1	56	168	128.675	0
20.287	1	94	127	222.182	0
21.929	1	190	169	76.0751	0
20.288	1	170	128	3947.3	0
21.93	1	75	170	169.237	0
20.289	1	54	129	91.0902	0
21.931	1	87	171	898.254	0
20.29	1	125	130	283.539	0
21.932	1	26	172	3453.59	0
20.291	1	90	131	263.533	0
21.933	1	15	173	276.809	0
20.292	1	134	132	164.571	0
20.293	1	186	133	6966.9	0
20.294	1	67	134	5047.77	0
20.295	1	102	135	5539.16	0
20.296	1	63	136	1981.12	0
20.297	1	145	137	1638.62	0
20.298	1	127	138	217.463	0
20.3	1	154	140	1126.86	0
21.934	1	7	174	39.6197	0
20.301	1	20	141	150.153	0
20.302	1	52	142	38.6167	0
21.935	1	164	175	608.913	0
20.303	1	138	143	738.424	0
21.936	1	191	176	94.1475	0
20.304	1	83	144	207.927	0
20.305	1	5	145	4309.89	0
20.306	1	109	146	214.699	0
21.937	1	131	177	417.132	0
20.307	1	33	147	2867.81	0
20.308	1	123	148	95.0467	0
21.938	1	122	178	100.908	0
20.309	1	99	149	2836.88	0
20.31	1	104	150	125.75	0
20.311	1	113	151	2223.93	0
20.312	1	106	152	258.071	0
20.313	1	65	153	44.3352	0
20.314	1	129	154	594.57	0
20.315	1	199	155	173.708	0
21.945	1	71	185	123.014	0
20.323	1	64	163	164.839	0
20.324	1	59	164	469.34	0
21.946	1	76	186	375.859	0
20.325	1	114	165	121.672	0
20.326	1	198	166	93.497	0
21.947	1	82	187	2122.21	0
20.327	1	41	167	588.662	0
20.328	1	56	168	44.2718	0
21.948	1	184	188	168.542	0
20.329	1	190	169	71.5702	0
20.33	1	75	170	231.822	0
21.949	1	68	189	78.1116	0
20.331	1	87	171	1153.52	0
20.332	1	26	172	7376.49	0
21.95	1	177	190	122.373	0
20.333	1	15	173	142.458	0
21.951	1	24	191	77.9542	0
20.334	1	7	174	30.5513	0
20.335	1	164	175	572.383	0
21.952	1	117	192	42.0906	0
20.336	1	191	176	100.408	0
20.337	1	131	177	216.719	0
21.953	1	159	193	1777.72	0
20.338	1	122	178	101.735	0
21.954	1	22	194	321.362	0
21.955	1	137	195	383.844	0
21.956	1	156	196	185.376	0
21.957	1	25	197	613.971	0
20.345	1	71	185	237.929	0
20.346	1	76	186	113.542	0
20.347	1	82	187	4754.54	0
20.348	1	184	188	390.459	0
21.958	1	50	198	121.345	0
20.349	1	68	189	60.256	0
20.35	1	177	190	140.739	0
21.959	1	60	199	127.293	0
20.351	1	24	191	284.651	0
21.96	1	36	200	425.518	0
20.352	1	117	192	93.2639	0
20.353	1	159	193	1729.7	0
21.961	1	78	201	160.461	0
20.354	1	22	194	411.244	0
20.355	1	137	195	303.531	0
20.356	1	156	196	227.653	0
21.962	1	128	202	292.974	0
20.357	1	25	197	196.003	0
20.358	1	50	198	259.779	0
21.963	1	144	203	1417.75	0
20.359	1	60	199	80.8775	0
20.36	1	36	200	480.513	0
21.964	1	178	204	266.356	0
20.361	1	78	201	224.37	0
21.965	1	192	205	115.193	0
20.362	1	128	202	87.0621	0
20.363	1	144	203	1401.63	0
21.966	1	146	206	1112.53	0
20.364	1	178	204	95.6242	0
20.365	1	192	205	76.4007	0
21.967	1	140	207	593.008	0
20.366	1	146	206	337.34	0
20.367	1	140	207	847.746	0
20.368	1	45	208	134.436	0
21.968	1	45	208	71.5883	0
20.369	1	130	209	86.6994	0
20.37	1	161	210	511.897	0
21.969	1	130	209	133.558	0
20.371	1	153	211	272.33	0
20.372	1	124	212	150.921	0
21.97	1	161	210	518.509	0
20.373	1	167	213	347.037	0
20.374	1	81	214	1126.65	0
21.971	1	153	211	142.115	0
20.375	1	185	215	334.835	0
21.972	1	124	212	348.138	0
21.973	1	167	213	897.957	0
21.974	1	81	214	891.885	0
21.975	1	185	215	265.553	0
20.481	1	143	1	449.335	0
20.482	1	70	2	121.687	0
20.483	1	110	3	276.068	0
20.484	1	13	4	70.8366	0
20.485	1	66	5	219.583	0
20.486	1	72	6	224.435	0
20.487	1	103	7	2334.11	0
20.488	1	92	8	1306.12	0
20.489	1	157	9	229.74	0
20.49	1	27	10	166.051	0
20.491	1	58	11	6116.76	0
20.492	1	115	12	658.144	0
20.493	1	48	13	294.58	0
20.494	1	37	14	6828.4	0
20.495	1	135	15	214.859	0
20.496	1	193	16	162.8	0
20.497	1	197	17	448.524	0
20.498	1	38	18	124.669	0
20.499	1	189	19	2991.23	0
20.5	1	40	20	6900.53	0
22.081	1	143	1	576.729	0
20.501	1	142	21	363.384	0
22.082	1	70	2	63.9672	0
20.502	1	86	22	431.479	0
20.503	1	100	23	923.489	0
20.504	1	166	24	119.892	0
22.083	1	110	3	480.537	0
20.505	1	118	25	322.311	0
22.084	1	13	4	125.194	0
20.506	1	49	26	180.79	0
22.085	1	66	5	325.489	0
20.507	1	196	27	387.682	0
22.086	1	72	6	149.161	0
20.508	1	119	28	69.9592	0
22.087	1	103	7	1175.97	0
22.088	1	92	8	1589.32	0
20.509	1	200	29	175.01	0
20.51	1	55	30	37.4309	0
22.089	1	157	9	221.593	0
22.09	1	27	10	181.874	0
20.511	1	95	31	425.012	0
20.512	1	107	32	70.3747	0
22.091	1	58	11	7460.32	0
20.513	1	101	33	286.818	0
22.092	1	115	12	587.119	0
20.514	1	116	34	2930.02	0
22.093	1	48	13	393.429	0
20.515	1	61	35	194.689	0
22.094	1	37	14	6767.32	0
22.095	1	135	15	490.836	0
22.096	1	193	16	303.071	0
20.516	1	111	36	394.697	0
22.097	1	197	17	453.324	0
22.098	1	38	18	113.17	0
20.517	1	3	37	59.5373	0
20.518	1	4	38	117.514	0
22.099	1	189	19	1465.21	0
20.519	1	195	39	414.267	0
22.1	1	40	20	3342.65	0
20.52	1	30	40	1117.82	0
22.101	1	142	21	117.09	0
22.102	1	86	22	797.709	0
20.521	1	91	41	239.489	0
22.103	1	100	23	1535.37	0
20.522	1	35	42	293.627	0
22.104	1	166	24	232.949	0
20.523	1	19	43	177.86	0
22.105	1	118	25	551.058	0
20.524	1	176	44	73.5798	0
22.106	1	49	26	601.935	0
20.525	1	32	45	313.695	0
22.107	1	196	27	193.939	0
20.526	1	126	46	229.113	0
22.108	1	119	28	82.5002	0
20.527	1	151	47	7114.21	0
22.109	1	200	29	544.929	0
20.528	1	160	48	159.41	0
22.11	1	55	30	137.151	0
20.529	1	79	49	4985.36	0
20.53	1	171	50	69.5186	0
22.111	1	95	31	321.734	0
22.112	1	107	32	34.6251	0
20.531	1	175	51	3935.61	0
22.113	1	101	33	158.418	0
20.532	1	17	52	70.7451	0
22.114	1	116	34	2019.79	0
20.533	1	174	53	175.4	0
22.115	1	61	35	74.7412	0
20.534	1	74	54	379.271	0
22.116	1	111	36	372.892	0
20.535	1	39	55	265.003	0
20.536	1	179	56	56.4837	0
22.117	1	3	37	40.4904	0
20.537	1	194	57	3973.06	0
22.118	1	4	38	181	0
20.538	1	28	58	337.408	0
22.119	1	195	39	324.705	0
20.539	1	80	59	88.8532	0
20.54	1	105	60	195.919	0
22.12	1	30	40	1222.19	0
22.121	1	91	41	136.73	0
20.541	1	168	61	2804.57	0
22.122	1	35	42	253.688	0
20.542	1	73	62	1578.98	0
22.123	1	19	43	422.274	0
22.124	1	176	44	341.705	0
20.543	1	141	63	131.037	0
20.544	1	53	64	260.294	0
22.125	1	32	45	180.398	0
22.126	1	126	46	248.057	0
20.545	1	163	65	178.664	0
20.546	1	62	66	283.018	0
22.127	1	151	47	12978.8	0
22.128	1	160	48	134.322	0
20.547	1	89	67	4552.05	0
20.548	1	173	68	200.747	0
22.129	1	79	49	2160.13	0
22.13	1	171	50	42.7363	0
20.549	1	112	69	695.527	0
20.55	1	93	70	102.811	0
22.131	1	175	51	2565.26	0
22.132	1	17	52	265.14	0
20.551	1	136	71	53.3698	0
22.133	1	174	53	104.72	0
20.552	1	121	72	211.693	0
22.134	1	74	54	710.238	0
20.553	1	85	73	115.483	0
22.135	1	39	55	161.88	0
20.554	1	2	74	42.1176	0
22.136	1	179	56	103.945	0
20.555	1	158	75	2020.03	0
22.137	1	194	57	2803.04	0
22.138	1	28	58	587.272	0
20.556	1	14	76	313.641	0
20.557	1	1	77	558.624	0
22.139	1	80	59	75.7199	0
22.14	1	105	60	263.171	0
20.558	1	133	78	152.477	0
22.141	1	168	61	1328.23	0
20.559	1	34	79	104.716	0
20.56	1	18	80	102.189	0
22.142	1	73	62	4143.21	0
20.561	1	149	81	632.312	0
22.143	1	141	63	179.28	0
22.144	1	53	64	177.82	0
20.562	1	108	82	418.06	0
22.145	1	163	65	71.384	0
22.146	1	62	66	242.485	0
20.563	1	97	83	8468.69	0
20.564	1	148	84	58.8154	0
22.147	1	89	67	2233.61	0
22.148	1	173	68	308.941	0
20.565	1	51	85	685.205	0
20.566	1	9	86	1311.32	0
22.149	1	112	69	501.154	0
22.15	1	93	70	110.434	0
20.567	1	132	87	123.458	0
20.568	1	181	88	148.87	0
22.151	1	136	71	78.3604	0
20.569	1	43	89	147.228	0
20.57	1	84	90	323.265	0
22.152	1	121	72	52.4578	0
20.571	1	183	91	508.266	0
22.153	1	85	73	218.466	0
20.572	1	44	92	394.434	0
22.154	1	2	74	76.2511	0
20.573	1	77	93	630.356	0
22.155	1	158	75	1045.85	0
20.574	1	31	94	139.623	0
22.156	1	14	76	177.111	0
22.157	1	1	77	241.787	0
20.575	1	57	95	239.258	0
22.158	1	133	78	204.697	0
20.576	1	172	96	97.8171	0
22.159	1	34	79	66.6855	0
20.577	1	47	97	575.549	0
22.16	1	18	80	70.9666	0
20.578	1	187	98	373.941	0
22.161	1	149	81	540.731	0
20.579	1	180	99	90.5695	0
20.58	1	147	100	4432.41	0
22.162	1	108	82	192.069	0
20.581	1	46	101	737.032	0
20.582	1	155	102	68.8547	0
22.163	1	97	83	3357.78	0
22.164	1	148	84	103.624	0
20.583	1	21	103	166.781	0
22.165	1	51	85	574.489	0
22.166	1	9	86	1438.85	0
20.584	1	6	104	138.585	0
22.167	1	132	87	256.404	0
22.168	1	181	88	252.687	0
20.585	1	29	105	45.5153	0
20.586	1	182	106	250.618	0
22.169	1	43	89	232.519	0
22.17	1	84	90	275.517	0
20.588	1	96	108	128.598	0
22.171	1	183	91	565.558	0
22.172	1	44	92	384.306	0
20.589	1	42	109	382.392	0
22.173	1	77	93	898.593	0
20.59	1	165	110	1167.81	0
22.174	1	31	94	89.0452	0
20.591	1	69	111	8687.29	0
20.592	1	88	112	1308.01	0
22.175	1	57	95	242.392	0
20.593	1	188	113	2743.61	0
20.594	1	152	114	529.505	0
22.176	1	172	96	99.7473	0
20.595	1	162	115	114.11	0
22.177	1	47	97	274.742	0
20.596	1	11	116	283.432	0
22.178	1	187	98	403.936	0
20.597	1	139	117	1298.8	0
22.179	1	180	99	154.241	0
20.598	1	98	118	270.099	0
22.18	1	147	100	8134.63	0
20.599	1	23	119	488.327	0
22.181	1	46	101	409.8	0
20.6	1	10	120	1984.11	0
22.182	1	155	102	121.432	0
20.601	1	12	121	189.264	0
22.183	1	21	103	267.85	0
20.602	1	120	122	1443.59	0
20.603	1	150	123	275.503	0
22.184	1	6	104	372.858	0
20.604	1	8	124	194.326	0
20.605	1	16	125	413.094	0
22.185	1	29	105	71.2715	0
20.606	1	169	126	51.3656	0
22.186	1	182	106	166.201	0
20.607	1	94	127	89.0733	0
22.188	1	96	108	302.358	0
20.608	1	170	128	1131.69	0
22.189	1	42	109	352.699	0
20.609	1	54	129	72.2798	0
22.19	1	165	110	594.851	0
20.61	1	125	130	307.087	0
22.191	1	69	111	8708.73	0
20.611	1	90	131	869.119	0
22.192	1	88	112	1275.27	0
20.612	1	134	132	150.931	0
22.193	1	188	113	1625.41	0
20.613	1	186	133	3013.83	0
22.194	1	152	114	1138.84	0
20.614	1	67	134	5545.96	0
22.195	1	162	115	55.1945	0
20.615	1	102	135	9944.89	0
22.196	1	11	116	179.418	0
22.197	1	139	117	998.673	0
22.198	1	98	118	235.229	0
20.616	1	63	136	3070.86	0
22.199	1	23	119	668.062	0
20.617	1	145	137	663.795	0
22.2	1	10	120	2498.91	0
20.618	1	127	138	284.043	0
22.201	1	12	121	486.635	0
22.202	1	120	122	2601.74	0
22.203	1	150	123	254.082	0
22.204	1	8	124	162.558	0
20.62	1	154	140	680.41	0
22.205	1	16	125	470.218	0
20.621	1	20	141	137.891	0
22.206	1	169	126	35.0142	0
20.622	1	52	142	127.166	0
22.207	1	94	127	154.903	0
20.623	1	138	143	704.681	0
22.208	1	170	128	1911.18	0
20.624	1	83	144	122.504	0
22.209	1	54	129	165.485	0
20.625	1	5	145	1452.93	0
22.21	1	125	130	119.24	0
20.626	1	109	146	179.745	0
22.211	1	90	131	894.17	0
20.627	1	33	147	1491.67	0
22.212	1	134	132	137.717	0
20.628	1	123	148	80.862	0
22.213	1	186	133	2452.35	0
20.629	1	99	149	1641.12	0
22.214	1	67	134	2898.62	0
20.63	1	104	150	120.071	0
22.215	1	102	135	5887.31	0
20.631	1	113	151	904.949	0
20.632	1	106	152	242.72	0
20.633	1	65	153	81.8895	0
22.216	1	63	136	5256.83	0
20.634	1	129	154	313.559	0
22.217	1	145	137	1914.77	0
22.218	1	127	138	167.424	0
20.635	1	199	155	209.77	0
22.22	1	154	140	749.934	0
22.221	1	20	141	153.727	0
22.222	1	52	142	102.714	0
22.223	1	138	143	712.908	0
22.224	1	83	144	74.4985	0
22.225	1	5	145	1072.92	0
22.226	1	109	146	169.88	0
20.643	1	64	163	153.234	0
20.644	1	59	164	930.62	0
22.227	1	33	147	1799.84	0
22.228	1	123	148	40.3499	0
20.645	1	114	165	113.419	0
20.646	1	198	166	171.429	0
22.229	1	99	149	5585.92	0
22.23	1	104	150	94.0095	0
20.647	1	41	167	111.614	0
20.648	1	56	168	126.087	0
22.231	1	113	151	839.191	0
22.232	1	106	152	121.257	0
20.649	1	190	169	102.651	0
20.65	1	75	170	150.869	0
22.233	1	65	153	129.104	0
20.651	1	87	171	1075.62	0
22.234	1	129	154	1205.67	0
20.652	1	26	172	12623.8	0
22.235	1	199	155	236.501	0
20.653	1	15	173	110.291	0
20.654	1	7	174	328.37	0
20.655	1	164	175	321.006	0
20.656	1	191	176	146.192	0
20.657	1	131	177	495.646	0
20.658	1	122	178	213.023	0
22.243	1	64	163	187.067	0
22.244	1	59	164	1674.97	0
22.245	1	114	165	188.81	0
22.246	1	198	166	84.226	0
22.247	1	41	167	170.874	0
22.248	1	56	168	50.5998	0
22.249	1	190	169	101.94	0
22.25	1	75	170	124.82	0
20.665	1	71	185	181.919	0
22.251	1	87	171	1332.24	0
20.666	1	76	186	226.621	0
20.667	1	82	187	2555.81	0
22.252	1	26	172	3027.59	0
20.668	1	184	188	342.609	0
22.253	1	15	173	108.494	0
20.669	1	68	189	73.7056	0
22.254	1	7	174	135.369	0
20.67	1	177	190	91.693	0
22.255	1	164	175	600.363	0
20.671	1	24	191	127.806	0
22.256	1	191	176	154.607	0
20.672	1	117	192	137.194	0
22.257	1	131	177	509.61	0
20.673	1	159	193	3102.06	0
20.674	1	22	194	282.164	0
22.258	1	122	178	452.586	0
20.675	1	137	195	153.324	0
20.676	1	156	196	254.927	0
20.677	1	25	197	521.923	0
20.678	1	50	198	160.533	0
20.679	1	60	199	82.2654	0
20.68	1	36	200	539.752	0
20.681	1	78	201	243.687	0
22.265	1	71	185	100.112	0
20.682	1	128	202	341.754	0
22.266	1	76	186	334.847	0
22.267	1	82	187	3501.01	0
20.683	1	144	203	2579.37	0
22.268	1	184	188	180.821	0
22.269	1	68	189	93.8641	0
20.684	1	178	204	82.5142	0
22.27	1	177	190	166.332	0
20.685	1	192	205	76.0313	0
22.271	1	24	191	153.734	0
20.686	1	146	206	334.475	0
22.272	1	117	192	44.9924	0
20.687	1	140	207	560.178	0
22.273	1	159	193	2239.51	0
20.688	1	45	208	96.6323	0
22.274	1	22	194	351.705	0
20.689	1	130	209	166.539	0
20.69	1	161	210	890.8	0
22.275	1	137	195	570.148	0
20.691	1	153	211	69.0391	0
20.692	1	124	212	372.799	0
22.276	1	156	196	170.343	0
20.693	1	167	213	432.099	0
22.277	1	25	197	515.722	0
20.694	1	81	214	1221.31	0
22.278	1	50	198	374.625	0
20.695	1	185	215	328.015	0
22.279	1	60	199	125.071	0
22.28	1	36	200	649.429	0
22.281	1	78	201	147.359	0
22.282	1	128	202	237.411	0
22.283	1	144	203	958.004	0
22.284	1	178	204	77.4442	0
22.285	1	192	205	61.9864	0
22.286	1	146	206	373.941	0
22.287	1	140	207	375.266	0
22.288	1	45	208	158.943	0
22.289	1	130	209	111.895	0
22.29	1	161	210	692.807	0
22.291	1	153	211	92.9135	0
22.292	1	124	212	165.719	0
22.293	1	167	213	345.31	0
22.294	1	81	214	651.801	0
22.295	1	185	215	476.196	0
20.801	1	143	1	485.159	0
20.802	1	70	2	69.4808	0
20.803	1	110	3	180.574	0
20.804	1	13	4	68.3226	0
20.805	1	66	5	263.508	0
20.806	1	72	6	54.0964	0
20.807	1	103	7	1854.18	0
20.808	1	92	8	1068.88	0
20.809	1	157	9	279.156	0
20.81	1	27	10	58.2506	0
20.811	1	58	11	4015.7	0
20.812	1	115	12	301.503	0
20.813	1	48	13	169.491	0
20.814	1	37	14	6106.21	0
20.815	1	135	15	237.124	0
22.401	1	143	1	390.852	0
22.402	1	70	2	219.814	0
20.816	1	193	16	405.673	0
22.403	1	110	3	235.188	0
22.404	1	13	4	63.1683	0
20.817	1	197	17	506.05	0
20.818	1	38	18	137.617	0
22.405	1	66	5	157.353	0
22.406	1	72	6	314.081	0
20.819	1	189	19	1154.72	0
22.407	1	103	7	823.446	0
22.408	1	92	8	1503.38	0
20.82	1	40	20	4723.39	0
22.409	1	157	9	734.056	0
20.821	1	142	21	670.805	0
22.41	1	27	10	130.194	0
20.822	1	86	22	832.085	0
22.411	1	58	11	4700.63	0
20.823	1	100	23	1944.15	0
22.412	1	115	12	404.27	0
20.824	1	166	24	259.795	0
22.413	1	48	13	447.419	0
22.414	1	37	14	6482.83	0
20.825	1	118	25	831.926	0
20.826	1	49	26	502.174	0
22.415	1	135	15	305.692	0
20.827	1	196	27	429.508	0
20.828	1	119	28	122.568	0
22.416	1	193	16	235.854	0
20.829	1	200	29	232.848	0
20.83	1	55	30	84.0114	0
22.417	1	197	17	351.247	0
20.831	1	95	31	204.88	0
22.418	1	38	18	134.796	0
20.832	1	107	32	83.6019	0
22.419	1	189	19	1172.26	0
20.833	1	101	33	330.891	0
20.834	1	116	34	2981.52	0
22.42	1	40	20	9924.47	0
22.421	1	142	21	219.513	0
20.835	1	61	35	142.25	0
22.422	1	86	22	1901.01	0
20.836	1	111	36	126.031	0
22.423	1	100	23	2024.32	0
20.837	1	3	37	59.6468	0
22.424	1	166	24	100.173	0
20.838	1	4	38	253.415	0
22.425	1	118	25	588.097	0
20.839	1	195	39	338.442	0
22.426	1	49	26	276.028	0
20.84	1	30	40	1067.95	0
22.427	1	196	27	455.319	0
22.428	1	119	28	45.1953	0
20.841	1	91	41	189.562	0
22.429	1	200	29	221.592	0
22.43	1	55	30	89.094	0
20.842	1	35	42	141.176	0
22.431	1	95	31	325.981	0
20.843	1	19	43	80.4073	0
22.432	1	107	32	117.194	0
20.844	1	176	44	214.355	0
22.433	1	101	33	138.351	0
20.845	1	32	45	141.116	0
20.846	1	126	46	286.068	0
22.434	1	116	34	1382.63	0
20.847	1	151	47	4119.2	0
22.435	1	61	35	55.8814	0
20.848	1	160	48	199.198	0
22.436	1	111	36	578.234	0
20.849	1	79	49	4264.07	0
20.85	1	171	50	58.7089	0
22.437	1	3	37	53.0656	0
20.851	1	175	51	3865.69	0
22.438	1	4	38	241.588	0
20.852	1	17	52	182.054	0
22.439	1	195	39	656.186	0
22.44	1	30	40	1260.25	0
20.853	1	174	53	45.9972	0
20.854	1	74	54	337.739	0
20.855	1	39	55	71.2368	0
22.441	1	91	41	103.028	0
20.856	1	179	56	152.323	0
20.857	1	194	57	1538.66	0
22.442	1	35	42	267.913	0
20.858	1	28	58	407.603	0
22.443	1	19	43	151.095	0
22.444	1	176	44	150.372	0
20.859	1	80	59	87.7277	0
20.86	1	105	60	89.1395	0
22.445	1	32	45	143.094	0
20.861	1	168	61	1771.19	0
22.446	1	126	46	425.649	0
22.447	1	151	47	6359.27	0
20.862	1	73	62	1059.26	0
22.448	1	160	48	455.074	0
20.863	1	141	63	165.324	0
22.449	1	79	49	4111.97	0
20.864	1	53	64	274.894	0
22.45	1	171	50	83.1927	0
20.865	1	163	65	81.6831	0
22.451	1	175	51	4807.62	0
20.866	1	62	66	178.885	0
20.867	1	89	67	2761.5	0
20.868	1	173	68	276.755	0
22.452	1	17	52	368.212	0
20.869	1	112	69	553.252	0
22.453	1	174	53	128.332	0
20.87	1	93	70	107.183	0
22.454	1	74	54	239.903	0
20.871	1	136	71	96.5754	0
22.455	1	39	55	89.3139	0
20.872	1	121	72	255.936	0
22.456	1	179	56	106.448	0
20.873	1	85	73	93.1292	0
22.457	1	194	57	4161.9	0
20.874	1	2	74	64.4803	0
22.458	1	28	58	697.804	0
20.875	1	158	75	1364.95	0
22.459	1	80	59	79.4713	0
20.876	1	14	76	275.169	0
22.46	1	105	60	176.852	0
20.877	1	1	77	482.091	0
22.461	1	168	61	2033.95	0
20.878	1	133	78	246.95	0
20.879	1	34	79	114.517	0
22.462	1	73	62	1816.03	0
20.88	1	18	80	65.1227	0
22.463	1	141	63	98.5972	0
20.881	1	149	81	1156.33	0
22.464	1	53	64	270.988	0
20.882	1	108	82	115.299	0
22.465	1	163	65	151.835	0
22.466	1	62	66	264.048	0
20.883	1	97	83	3486.8	0
22.467	1	89	67	2306.81	0
22.468	1	173	68	72.5969	0
20.884	1	148	84	43.1333	0
20.885	1	51	85	582.562	0
22.469	1	112	69	1020.01	0
20.886	1	9	86	536.544	0
22.47	1	93	70	42.4354	0
20.887	1	132	87	540.111	0
22.471	1	136	71	64.1868	0
20.888	1	181	88	193.443	0
22.472	1	121	72	89.988	0
20.889	1	43	89	136.489	0
22.473	1	85	73	282.93	0
20.89	1	84	90	171.926	0
22.474	1	2	74	51.1288	0
20.891	1	183	91	809.126	0
20.892	1	44	92	206.05	0
22.475	1	158	75	1865.58	0
20.893	1	77	93	477.021	0
20.894	1	31	94	395.518	0
22.476	1	14	76	540.034	0
20.895	1	57	95	78.4935	0
20.896	1	172	96	323.641	0
22.477	1	1	77	459.129	0
22.478	1	133	78	273.166	0
20.897	1	47	97	613.054	0
20.898	1	187	98	652.855	0
22.479	1	34	79	71.6323	0
22.48	1	18	80	68.54	0
20.899	1	180	99	62.5423	0
22.481	1	149	81	489.442	0
20.9	1	147	100	5862.85	0
22.482	1	108	82	559.052	0
20.901	1	46	101	202.42	0
20.902	1	155	102	126.872	0
22.483	1	97	83	5263.79	0
20.903	1	21	103	255.042	0
22.484	1	148	84	35.0306	0
20.904	1	6	104	401.286	0
22.485	1	51	85	320.599	0
20.905	1	29	105	120.785	0
22.486	1	9	86	578.959	0
20.906	1	182	106	325.06	0
22.487	1	132	87	186.378	0
22.488	1	181	88	196.363	0
20.908	1	96	108	155.018	0
22.489	1	43	89	344.189	0
22.49	1	84	90	385.796	0
20.909	1	42	109	515.28	0
20.91	1	165	110	1087.65	0
22.491	1	183	91	447.369	0
20.911	1	69	111	2795.85	0
22.492	1	44	92	255.527	0
20.912	1	88	112	1430.98	0
22.493	1	77	93	478.19	0
20.913	1	188	113	3190.01	0
22.494	1	31	94	431.343	0
20.914	1	152	114	224.458	0
22.495	1	57	95	121.417	0
20.915	1	162	115	125.128	0
22.496	1	172	96	78.2248	0
22.497	1	47	97	297.13	0
22.498	1	187	98	132.966	0
20.916	1	11	116	724.968	0
22.499	1	180	99	169.413	0
20.917	1	139	117	949.714	0
22.5	1	147	100	13387.2	0
20.918	1	98	118	174.024	0
22.501	1	46	101	223.923	0
20.919	1	23	119	1176.98	0
22.502	1	155	102	118.693	0
22.503	1	21	103	268.404	0
20.92	1	10	120	3320.83	0
22.504	1	6	104	294.223	0
20.921	1	12	121	235.074	0
22.505	1	29	105	187.876	0
20.922	1	120	122	901.671	0
22.506	1	182	106	261.914	0
20.923	1	150	123	123.587	0
20.924	1	8	124	145.34	0
22.508	1	96	108	249.463	0
22.509	1	42	109	533.789	0
20.925	1	16	125	352.371	0
22.51	1	165	110	643.092	0
20.926	1	169	126	72.2534	0
22.511	1	69	111	14341.6	0
20.927	1	94	127	174.229	0
22.512	1	88	112	1273.31	0
20.928	1	170	128	1271.28	0
22.513	1	188	113	1040.31	0
22.514	1	152	114	569.277	0
20.929	1	54	129	74.0293	0
20.93	1	125	130	442.577	0
22.515	1	162	115	234.241	0
20.931	1	90	131	671.248	0
20.932	1	134	132	241.021	0
22.516	1	11	116	536.818	0
20.933	1	186	133	2939.99	0
22.517	1	139	117	1054.85	0
20.934	1	67	134	1314.14	0
22.518	1	98	118	205.51	0
22.519	1	23	119	544.706	0
20.935	1	102	135	2798.83	0
20.936	1	63	136	4025.38	0
22.52	1	10	120	1786.64	0
20.937	1	145	137	1388.11	0
20.938	1	127	138	93.6984	0
22.521	1	12	121	303.092	0
22.522	1	120	122	804.383	0
22.523	1	150	123	181.67	0
22.524	1	8	124	66.8439	0
20.94	1	154	140	1374.68	0
22.525	1	16	125	396.893	0
22.526	1	169	126	45.9658	0
20.941	1	20	141	93.8905	0
22.527	1	94	127	81.8878	0
22.528	1	170	128	4270.93	0
22.529	1	54	129	125.178	0
20.942	1	52	142	141.914	0
22.53	1	125	130	285.315	0
20.943	1	138	143	297.641	0
22.531	1	90	131	588.283	0
20.944	1	83	144	96.0861	0
22.532	1	134	132	118.078	0
20.945	1	5	145	2402.83	0
22.533	1	186	133	7178.7	0
20.946	1	109	146	168.73	0
22.534	1	67	134	7340	0
20.947	1	33	147	1397.11	0
20.948	1	123	148	59.3743	0
22.535	1	102	135	4274.62	0
22.536	1	63	136	1765.58	0
20.949	1	99	149	1300.53	0
20.95	1	104	150	64.6412	0
22.537	1	145	137	859.665	0
22.538	1	127	138	140.472	0
20.951	1	113	151	1375.31	0
22.54	1	154	140	1404.26	0
20.952	1	106	152	261.631	0
20.953	1	65	153	83.8945	0
20.954	1	129	154	391.971	0
22.541	1	20	141	113.904	0
20.955	1	199	155	191.72	0
22.542	1	52	142	119.721	0
22.543	1	138	143	486.503	0
22.544	1	83	144	85.9347	0
22.545	1	5	145	4459.35	0
22.546	1	109	146	115.383	0
22.547	1	33	147	1703.56	0
22.548	1	123	148	129.668	0
22.549	1	99	149	1484.54	0
22.55	1	104	150	142.741	0
22.551	1	113	151	2536.13	0
20.963	1	64	163	319.319	0
22.552	1	106	152	168.429	0
20.964	1	59	164	659.955	0
22.553	1	65	153	86.3752	0
20.965	1	114	165	457.628	0
22.554	1	129	154	358.744	0
20.966	1	198	166	119.524	0
22.555	1	199	155	111.135	0
20.967	1	41	167	731.211	0
20.968	1	56	168	104.146	0
20.969	1	190	169	63.4072	0
20.97	1	75	170	129.975	0
20.971	1	87	171	715.123	0
20.972	1	26	172	1521.3	0
20.973	1	15	173	108.202	0
20.974	1	7	174	169.087	0
20.975	1	164	175	611.421	0
22.563	1	64	163	664.628	0
22.564	1	59	164	600.81	0
20.976	1	191	176	198.103	0
22.565	1	114	165	226.358	0
22.566	1	198	166	115.597	0
20.977	1	131	177	90.7521	0
22.567	1	41	167	446.439	0
20.978	1	122	178	192.817	0
22.568	1	56	168	128.041	0
22.569	1	190	169	67.8464	0
22.57	1	75	170	216.193	0
22.571	1	87	171	1174.81	0
22.572	1	26	172	3811.34	0
22.573	1	15	173	276.609	0
22.574	1	7	174	168.389	0
22.575	1	164	175	663.588	0
20.985	1	71	185	242.715	0
22.576	1	191	176	234.662	0
20.986	1	76	186	165.753	0
20.987	1	82	187	1423.76	0
22.577	1	131	177	400.825	0
20.988	1	184	188	479.455	0
22.578	1	122	178	316.265	0
20.989	1	68	189	77.711	0
20.99	1	177	190	84.8861	0
20.991	1	24	191	74.7087	0
20.992	1	117	192	48.9328	0
20.993	1	159	193	2878.63	0
20.994	1	22	194	312.589	0
20.995	1	137	195	253.973	0
20.996	1	156	196	111.204	0
22.585	1	71	185	160.951	0
22.586	1	76	186	229.819	0
20.997	1	25	197	256.56	0
20.998	1	50	198	182.976	0
22.587	1	82	187	1529.2	0
22.588	1	184	188	260.622	0
20.999	1	60	199	186.011	0
22.589	1	68	189	68.9949	0
21	1	36	200	415.465	0
22.59	1	177	190	86.0316	0
22.591	1	24	191	278.8	0
21.001	1	78	201	175.058	0
22.592	1	117	192	63.2172	0
21.002	1	128	202	353.376	0
22.593	1	159	193	1889.34	0
21.003	1	144	203	806.815	0
22.594	1	22	194	530.425	0
21.004	1	178	204	60.0922	0
22.595	1	137	195	850.582	0
22.596	1	156	196	195.36	0
21.005	1	192	205	77.2488	0
21.006	1	146	206	1084.45	0
22.597	1	25	197	220.036	0
22.598	1	50	198	130.936	0
21.007	1	140	207	288.632	0
21.008	1	45	208	110.331	0
22.599	1	60	199	59.0986	0
21.009	1	130	209	152.423	0
21.01	1	161	210	1641.29	0
22.6	1	36	200	408.895	0
21.011	1	153	211	270.956	0
22.601	1	78	201	227.884	0
21.012	1	124	212	115.215	0
22.602	1	128	202	251.264	0
21.013	1	167	213	480.563	0
22.603	1	144	203	1328.17	0
21.014	1	81	214	610.897	0
22.604	1	178	204	172.757	0
21.015	1	185	215	332.359	0
22.605	1	192	205	47.8421	0
22.606	1	146	206	865.76	0
22.607	1	140	207	504.822	0
22.608	1	45	208	46.3222	0
22.609	1	130	209	156.209	0
22.61	1	161	210	997.488	0
22.611	1	153	211	446.158	0
22.612	1	124	212	258.979	0
22.613	1	167	213	392.918	0
22.614	1	81	214	882.579	0
22.615	1	185	215	167.019	0
21.121	1	143	1	498.018	0
21.122	1	70	2	309.28	0
21.123	1	110	3	234.895	0
22.721	1	143	1	461.157	0
21.124	1	13	4	92.9517	0
22.722	1	70	2	245.857	0
21.125	1	66	5	469.359	0
22.723	1	110	3	272.169	0
21.126	1	72	6	118.656	0
22.724	1	13	4	123.425	0
21.127	1	103	7	1798.86	0
22.725	1	66	5	125.02	0
21.128	1	92	8	1089.89	0
22.726	1	72	6	102.364	0
21.129	1	157	9	395.59	0
22.727	1	103	7	5721.49	0
21.13	1	27	10	84.1285	0
22.728	1	92	8	1186.07	0
21.131	1	58	11	4057.32	0
22.729	1	157	9	355.237	0
21.132	1	115	12	262.492	0
22.73	1	27	10	209.763	0
21.133	1	48	13	262.962	0
22.731	1	58	11	6165.58	0
22.732	1	115	12	502.382	0
22.733	1	48	13	202.776	0
21.134	1	37	14	2419.45	0
22.734	1	37	14	3374.07	0
21.135	1	135	15	117.005	0
22.735	1	135	15	162.055	0
21.136	1	193	16	296.113	0
22.736	1	193	16	150.908	0
21.137	1	197	17	224.399	0
22.737	1	197	17	490.276	0
21.138	1	38	18	101.128	0
22.738	1	38	18	208.324	0
21.139	1	189	19	1227.27	0
22.739	1	189	19	1408.88	0
21.14	1	40	20	7099.19	0
22.74	1	40	20	4400.92	0
21.141	1	142	21	663.806	0
22.741	1	142	21	418.731	0
22.742	1	86	22	1427.17	0
21.142	1	86	22	575.208	0
21.143	1	100	23	1924.55	0
22.743	1	100	23	1787.98	0
21.144	1	166	24	124.121	0
22.744	1	166	24	139.301	0
21.145	1	118	25	424.679	0
22.745	1	118	25	861.284	0
21.146	1	49	26	937.509	0
22.746	1	49	26	301.958	0
21.147	1	196	27	326.152	0
22.747	1	196	27	325.072	0
21.148	1	119	28	93.8638	0
22.748	1	119	28	39.8823	0
21.149	1	200	29	136.6	0
22.749	1	200	29	206.652	0
21.15	1	55	30	186.648	0
22.75	1	55	30	194.19	0
21.151	1	95	31	357.091	0
22.751	1	95	31	101.303	0
21.152	1	107	32	85.9471	0
22.752	1	107	32	173.101	0
21.153	1	101	33	226.005	0
22.753	1	101	33	353.565	0
21.154	1	116	34	1317.36	0
22.754	1	116	34	1865.73	0
21.155	1	61	35	330.553	0
22.755	1	61	35	106.32	0
21.156	1	111	36	208.433	0
22.756	1	111	36	267.35	0
22.757	1	3	37	54.5797	0
21.157	1	3	37	85.9295	0
22.758	1	4	38	184.889	0
21.158	1	4	38	190.96	0
22.759	1	195	39	498.059	0
21.159	1	195	39	484.88	0
22.76	1	30	40	2052	0
21.16	1	30	40	888.053	0
22.761	1	91	41	69.071	0
21.161	1	91	41	118.606	0
22.762	1	35	42	300.02	0
21.162	1	35	42	93.8735	0
22.763	1	19	43	184.115	0
21.163	1	19	43	248.805	0
22.764	1	176	44	338.877	0
21.164	1	176	44	106.545	0
22.765	1	32	45	118.356	0
21.165	1	32	45	55.1777	0
22.766	1	126	46	217.165	0
21.166	1	126	46	292.176	0
22.767	1	151	47	6557.16	0
21.167	1	151	47	5371.54	0
22.768	1	160	48	232.518	0
21.168	1	160	48	296.7	0
22.769	1	79	49	1787.67	0
21.169	1	79	49	1562.11	0
22.77	1	171	50	49.2992	0
21.17	1	171	50	182.065	0
22.771	1	175	51	5202.69	0
21.171	1	175	51	4402.2	0
22.772	1	17	52	230.105	0
21.172	1	17	52	215.939	0
22.773	1	174	53	77.1434	0
21.173	1	174	53	64.0642	0
22.774	1	74	54	470.722	0
21.174	1	74	54	391.392	0
22.775	1	39	55	132.818	0
21.175	1	39	55	117.008	0
22.776	1	179	56	128.808	0
21.176	1	179	56	106.996	0
22.777	1	194	57	2670.78	0
21.177	1	194	57	3267.82	0
22.778	1	28	58	553.806	0
21.178	1	28	58	520.837	0
22.779	1	80	59	28.7478	0
21.179	1	80	59	95.6623	0
22.78	1	105	60	116.548	0
21.18	1	105	60	169.091	0
22.781	1	168	61	1937.19	0
21.181	1	168	61	1304.16	0
22.782	1	73	62	2255.65	0
21.182	1	73	62	3052.45	0
22.783	1	141	63	233.893	0
21.183	1	141	63	149.245	0
22.784	1	53	64	173.957	0
21.184	1	53	64	195.794	0
22.785	1	163	65	236.944	0
21.185	1	163	65	65.2742	0
22.786	1	62	66	210.692	0
21.186	1	62	66	303.063	0
22.787	1	89	67	1337.3	0
21.187	1	89	67	976.647	0
22.788	1	173	68	182.775	0
21.188	1	173	68	290.889	0
22.789	1	112	69	329.369	0
21.189	1	112	69	418.603	0
22.79	1	93	70	58.0802	0
21.19	1	93	70	113.36	0
22.791	1	136	71	120.49	0
22.792	1	121	72	199.363	0
21.191	1	136	71	54.2167	0
21.192	1	121	72	157.121	0
22.793	1	85	73	244.292	0
21.193	1	85	73	254.749	0
22.794	1	2	74	81.1746	0
21.194	1	2	74	51.2475	0
22.795	1	158	75	1653.8	0
21.195	1	158	75	2248.37	0
22.796	1	14	76	183.661	0
21.196	1	14	76	291.241	0
22.797	1	1	77	671.193	0
21.197	1	1	77	162.772	0
22.798	1	133	78	355.038	0
21.198	1	133	78	269.472	0
22.799	1	34	79	212.861	0
21.199	1	34	79	99.561	0
22.8	1	18	80	75.5703	0
21.2	1	18	80	121.202	0
22.801	1	149	81	310.661	0
21.201	1	149	81	885.265	0
22.802	1	108	82	246.412	0
21.202	1	108	82	409.674	0
22.803	1	97	83	6270.7	0
21.203	1	97	83	6945.21	0
22.804	1	148	84	72.1704	0
21.204	1	148	84	64.8728	0
22.805	1	51	85	876.078	0
21.205	1	51	85	598.987	0
22.806	1	9	86	818.618	0
21.206	1	9	86	515.003	0
22.807	1	132	87	273.555	0
21.207	1	132	87	225.75	0
22.808	1	181	88	348.226	0
21.208	1	181	88	234.187	0
22.809	1	43	89	351.27	0
22.81	1	84	90	227.219	0
21.209	1	43	89	266.807	0
21.21	1	84	90	168.84	0
22.811	1	183	91	749.199	0
22.812	1	44	92	1069.54	0
21.211	1	183	91	1371.77	0
21.212	1	44	92	387.422	0
22.813	1	77	93	689.284	0
22.814	1	31	94	346.961	0
21.213	1	77	93	484.866	0
21.214	1	31	94	758.755	0
22.815	1	57	95	125.231	0
21.215	1	57	95	198.559	0
22.816	1	172	96	100.392	0
21.216	1	172	96	178.942	0
22.817	1	47	97	367.088	0
22.818	1	187	98	1050.5	0
21.217	1	47	97	488.036	0
22.819	1	180	99	281.313	0
21.218	1	187	98	287.222	0
21.219	1	180	99	62.9901	0
22.82	1	147	100	4095.79	0
22.821	1	46	101	493.895	0
21.22	1	147	100	9202.68	0
22.822	1	155	102	142.397	0
21.221	1	46	101	188.696	0
22.823	1	21	103	272.237	0
21.222	1	155	102	106.88	0
22.824	1	6	104	238.687	0
21.223	1	21	103	560.076	0
22.825	1	29	105	99.4904	0
21.224	1	6	104	132.637	0
22.826	1	182	106	270.999	0
21.225	1	29	105	106.459	0
21.226	1	182	106	265.977	0
22.828	1	96	108	262.607	0
22.829	1	42	109	626.009	0
21.228	1	96	108	196.336	0
22.83	1	165	110	1789.45	0
21.229	1	42	109	680.334	0
21.23	1	165	110	1158.97	0
22.831	1	69	111	4000.93	0
22.832	1	88	112	842.591	0
21.231	1	69	111	3245.09	0
21.232	1	88	112	880.601	0
22.833	1	188	113	1040.49	0
21.233	1	188	113	899.752	0
22.834	1	152	114	448.134	0
21.234	1	152	114	1116	0
22.835	1	162	115	230.801	0
22.836	1	11	116	287.272	0
21.235	1	162	115	176.143	0
21.236	1	11	116	213.608	0
22.837	1	139	117	949.428	0
22.838	1	98	118	522.723	0
21.237	1	139	117	760.953	0
22.839	1	23	119	698.94	0
21.238	1	98	118	286.859	0
22.84	1	10	120	3364.7	0
21.239	1	23	119	767.771	0
21.24	1	10	120	2605.37	0
22.841	1	12	121	496.418	0
22.842	1	120	122	2743.16	0
21.241	1	12	121	342.307	0
22.843	1	150	123	84.4399	0
22.844	1	8	124	145.444	0
21.242	1	120	122	1307.37	0
22.845	1	16	125	243.036	0
21.243	1	150	123	191.662	0
22.846	1	169	126	92.9425	0
21.244	1	8	124	75.7681	0
22.847	1	94	127	88.038	0
21.245	1	16	125	311.389	0
22.848	1	170	128	1981.88	0
21.246	1	169	126	37.3474	0
22.849	1	54	129	451.781	0
21.247	1	94	127	135.723	0
22.85	1	125	130	471.099	0
21.248	1	170	128	4215.84	0
22.851	1	90	131	652.773	0
21.249	1	54	129	126.086	0
21.25	1	125	130	831.053	0
22.852	1	134	132	320.947	0
21.251	1	90	131	787.556	0
22.853	1	186	133	4424.61	0
22.854	1	67	134	3018.07	0
21.252	1	134	132	116.676	0
22.855	1	102	135	4516.25	0
21.253	1	186	133	9163.87	0
22.856	1	63	136	2765.41	0
21.254	1	67	134	6285.87	0
22.857	1	145	137	1148.54	0
21.255	1	102	135	3389.41	0
21.256	1	63	136	2471.83	0
22.858	1	127	138	161.078	0
21.257	1	145	137	2741.27	0
22.86	1	154	140	749.134	0
21.258	1	127	138	157.903	0
22.861	1	20	141	253.028	0
21.26	1	154	140	1078.7	0
22.862	1	52	142	232.421	0
21.261	1	20	141	226.702	0
22.863	1	138	143	684.18	0
22.864	1	83	144	113.02	0
21.262	1	52	142	97.314	0
22.865	1	5	145	4264.88	0
22.866	1	109	146	252.638	0
21.263	1	138	143	481.618	0
22.867	1	33	147	1498.94	0
21.264	1	83	144	56.4925	0
22.868	1	123	148	162.506	0
21.265	1	5	145	2750.32	0
22.869	1	99	149	3498.29	0
21.266	1	109	146	230.231	0
22.87	1	104	150	288.174	0
21.267	1	33	147	1559.72	0
22.871	1	113	151	2152.34	0
21.268	1	123	148	30.9563	0
22.872	1	106	152	153.466	0
21.269	1	99	149	4848.56	0
22.873	1	65	153	57.0159	0
21.27	1	104	150	272.164	0
22.874	1	129	154	373.526	0
21.271	1	113	151	2080.55	0
21.272	1	106	152	222.167	0
22.875	1	199	155	147.955	0
21.273	1	65	153	50.0438	0
21.274	1	129	154	205.142	0
21.275	1	199	155	243.56	0
22.883	1	64	163	342.335	0
22.884	1	59	164	527.572	0
21.283	1	64	163	275.869	0
22.885	1	114	165	305.531	0
22.886	1	198	166	74.8644	0
21.284	1	59	164	313.637	0
22.887	1	41	167	330.232	0
22.888	1	56	168	155.403	0
21.285	1	114	165	190.409	0
21.286	1	198	166	163.404	0
22.889	1	190	169	121.62	0
22.89	1	75	170	231.403	0
21.287	1	41	167	538.982	0
21.288	1	56	168	156.513	0
22.891	1	87	171	2370.85	0
21.289	1	190	169	99.0025	0
22.892	1	26	172	11153.1	0
21.29	1	75	170	118.703	0
22.893	1	15	173	78.8755	0
21.291	1	87	171	1547.94	0
22.894	1	7	174	198.571	0
21.292	1	26	172	12765.3	0
21.293	1	15	173	88.78	0
22.895	1	164	175	532.062	0
21.294	1	7	174	96.3423	0
22.896	1	191	176	236.701	0
21.295	1	164	175	339.227	0
22.897	1	131	177	344.779	0
21.296	1	191	176	364.275	0
22.898	1	122	178	234.736	0
21.297	1	131	177	387.912	0
21.298	1	122	178	129.908	0
22.905	1	71	185	227.851	0
22.906	1	76	186	393.701	0
22.907	1	82	187	1758.93	0
22.908	1	184	188	134.236	0
21.305	1	71	185	226.362	0
21.306	1	76	186	393.132	0
22.909	1	68	189	50.7623	0
22.91	1	177	190	65.3451	0
21.307	1	82	187	2482.13	0
21.308	1	184	188	262.451	0
22.911	1	24	191	60.3985	0
22.912	1	117	192	47.6351	0
21.309	1	68	189	73.8997	0
21.31	1	177	190	296.522	0
22.913	1	159	193	1729.39	0
22.914	1	22	194	306.568	0
21.311	1	24	191	138.66	0
21.312	1	117	192	39.1146	0
22.915	1	137	195	283.445	0
21.313	1	159	193	2065.62	0
21.314	1	22	194	401.247	0
22.916	1	156	196	152.634	0
21.315	1	137	195	480.041	0
22.917	1	25	197	333.966	0
21.316	1	156	196	216.826	0
22.918	1	50	198	211	0
22.919	1	60	199	127.146	0
21.317	1	25	197	312.452	0
21.318	1	50	198	305.154	0
22.92	1	36	200	622.389	0
21.319	1	60	199	43.1915	0
22.921	1	78	201	285.04	0
22.922	1	128	202	192.451	0
21.32	1	36	200	562.233	0
22.923	1	144	203	1479.5	0
21.321	1	78	201	292.478	0
22.924	1	178	204	116.944	0
21.322	1	128	202	206.038	0
22.925	1	192	205	62.4687	0
21.323	1	144	203	3506.56	0
22.926	1	146	206	305.893	0
21.324	1	178	204	145.265	0
22.927	1	140	207	417.639	0
21.325	1	192	205	59.4438	0
22.928	1	45	208	119.833	0
21.326	1	146	206	671.603	0
22.929	1	130	209	132.537	0
21.327	1	140	207	892.054	0
22.93	1	161	210	533.294	0
21.328	1	45	208	98.9251	0
22.931	1	153	211	184.745	0
21.329	1	130	209	80.269	0
22.932	1	124	212	368.718	0
21.33	1	161	210	382.719	0
22.933	1	167	213	385.875	0
21.331	1	153	211	300.4	0
21.332	1	124	212	180.46	0
21.333	1	167	213	238.249	0
21.334	1	81	214	1176.03	0
21.335	1	185	215	361.252	0
22.934	1	81	214	992.452	0
22.935	1	185	215	692.326	0
21.441	1	143	1	1088.09	0
21.442	1	70	2	120.245	0
21.443	1	110	3	111.414	0
21.444	1	13	4	83.6623	0
21.445	1	66	5	177.149	0
21.446	1	72	6	162.839	0
21.447	1	103	7	1978.97	0
21.448	1	92	8	622.811	0
21.449	1	157	9	298.977	0
21.45	1	27	10	145.843	0
21.451	1	58	11	19328.5	0
21.452	1	115	12	371.978	0
21.453	1	48	13	412.714	0
21.454	1	37	14	6017.15	0
21.455	1	135	15	230.54	0
21.456	1	193	16	332.558	0
21.457	1	197	17	579.373	0
21.458	1	38	18	199.806	0
21.459	1	189	19	1774.73	0
21.46	1	40	20	5628.9	0
21.461	1	142	21	399.99	0
21.462	1	86	22	1001.33	0
21.463	1	100	23	1567.23	0
21.464	1	166	24	140.964	0
21.465	1	118	25	703.254	0
21.466	1	49	26	1394.84	0
21.467	1	196	27	525.581	0
21.468	1	119	28	74.8586	0
21.469	1	200	29	177.553	0
21.47	1	55	30	150.989	0
21.471	1	95	31	122.195	0
21.472	1	107	32	65.2721	0
21.473	1	101	33	91.5994	0
21.474	1	116	34	3415.2	0
21.475	1	61	35	78.8248	0
21.476	1	111	36	623.342	0
21.477	1	3	37	171.057	0
21.478	1	4	38	361.866	0
21.479	1	195	39	421.026	0
21.48	1	30	40	2113.9	0
21.481	1	91	41	198.029	0
21.482	1	35	42	273.356	0
21.483	1	19	43	177.078	0
21.484	1	176	44	181.211	0
21.485	1	32	45	253.819	0
21.486	1	126	46	491.778	0
21.487	1	151	47	7194.97	0
21.488	1	160	48	641.766	0
21.489	1	79	49	5977.76	0
21.49	1	171	50	79.5813	0
21.491	1	175	51	4391.81	0
21.492	1	17	52	392.824	0
21.493	1	174	53	127.465	0
21.494	1	74	54	344.748	0
21.495	1	39	55	139.557	0
21.496	1	179	56	30.3969	0
21.497	1	194	57	2348.64	0
21.498	1	28	58	619.34	0
21.499	1	80	59	39.7295	0
21.5	1	105	60	134.963	0
21.501	1	168	61	1416.09	0
23.041	1	143	1	597.33	0
21.502	1	73	62	2842.18	0
21.503	1	141	63	142.262	0
23.042	1	70	2	219.351	0
21.504	1	53	64	116.067	0
23.043	1	110	3	136.291	0
21.505	1	163	65	108.385	0
23.044	1	13	4	103.302	0
21.506	1	62	66	249.777	0
23.045	1	66	5	396.46	0
21.507	1	89	67	2193.66	0
23.046	1	72	6	163.002	0
21.508	1	173	68	109.853	0
21.509	1	112	69	517.95	0
23.047	1	103	7	893.602	0
21.51	1	93	70	119.84	0
23.048	1	92	8	432.827	0
21.511	1	136	71	215.553	0
23.049	1	157	9	361.908	0
21.512	1	121	72	217.307	0
23.05	1	27	10	157.963	0
21.513	1	85	73	258.819	0
23.051	1	58	11	5820.54	0
21.514	1	2	74	61.0749	0
21.515	1	158	75	3145.95	0
23.052	1	115	12	509.101	0
23.053	1	48	13	488.857	0
21.516	1	14	76	150.438	0
23.054	1	37	14	8675.49	0
23.055	1	135	15	127.291	0
23.056	1	193	16	865.186	0
21.517	1	1	77	525.452	0
21.518	1	133	78	149.573	0
23.057	1	197	17	149.914	0
21.519	1	34	79	111.6	0
23.058	1	38	18	144.807	0
21.52	1	18	80	66.3343	0
23.059	1	189	19	770.188	0
21.521	1	149	81	1174.49	0
23.06	1	40	20	2003.25	0
21.522	1	108	82	238.269	0
23.061	1	142	21	554.695	0
21.523	1	97	83	8973.3	0
21.524	1	148	84	58.0332	0
23.062	1	86	22	990.994	0
23.063	1	100	23	1407.86	0
21.525	1	51	85	913.738	0
23.064	1	166	24	304.802	0
21.526	1	9	86	307.115	0
23.065	1	118	25	461.506	0
21.527	1	132	87	440.141	0
23.066	1	49	26	212.539	0
21.528	1	181	88	280.493	0
23.067	1	196	27	348.685	0
21.529	1	43	89	148.262	0
21.53	1	84	90	202.562	0
23.068	1	119	28	143.826	0
21.531	1	183	91	1027.6	0
23.069	1	200	29	286.046	0
21.532	1	44	92	320.139	0
23.07	1	55	30	76.5399	0
23.071	1	95	31	203.592	0
21.533	1	77	93	160.885	0
23.072	1	107	32	62.8338	0
21.534	1	31	94	283.699	0
23.073	1	101	33	207.831	0
23.074	1	116	34	2473.69	0
21.535	1	57	95	87.8335	0
21.536	1	172	96	282.27	0
23.075	1	61	35	53.214	0
21.537	1	47	97	415.355	0
21.538	1	187	98	652.762	0
23.076	1	111	36	383.437	0
21.539	1	180	99	58.7312	0
21.54	1	147	100	5369.54	0
23.077	1	3	37	36.2689	0
23.078	1	4	38	211.618	0
23.079	1	195	39	164.094	0
21.541	1	46	101	505.966	0
23.08	1	30	40	912.115	0
21.542	1	155	102	73.3754	0
23.081	1	91	41	111.016	0
23.082	1	35	42	108.192	0
21.543	1	21	103	305.821	0
21.544	1	6	104	334.153	0
21.545	1	29	105	136.714	0
23.083	1	19	43	111.218	0
21.546	1	182	106	345.458	0
21.548	1	96	108	119.982	0
23.084	1	176	44	206.523	0
21.549	1	42	109	760.265	0
23.085	1	32	45	60.911	0
21.55	1	165	110	1305.03	0
23.086	1	126	46	474.495	0
21.551	1	69	111	2036.87	0
23.087	1	151	47	9225.1	0
23.088	1	160	48	479.378	0
21.552	1	88	112	1542.89	0
23.089	1	79	49	6953.78	0
23.09	1	171	50	77.5653	0
21.553	1	188	113	747.904	0
21.554	1	152	114	1553.38	0
23.091	1	175	51	14407.4	0
23.092	1	17	52	251.936	0
21.555	1	162	115	190.27	0
21.556	1	11	116	280.069	0
23.093	1	174	53	74.0392	0
23.094	1	74	54	149.783	0
21.557	1	139	117	1302.21	0
23.095	1	39	55	85.8345	0
23.096	1	179	56	117.38	0
21.558	1	98	118	301.61	0
23.097	1	194	57	3551.51	0
21.559	1	23	119	343.674	0
23.098	1	28	58	769.001	0
21.56	1	10	120	2743.89	0
23.099	1	80	59	87.0874	0
21.561	1	12	121	265.476	0
23.1	1	105	60	59.9161	0
21.562	1	120	122	1795.93	0
21.563	1	150	123	226.618	0
23.101	1	168	61	1830.16	0
21.564	1	8	124	99.2726	0
23.102	1	73	62	2789.39	0
21.565	1	16	125	281.329	0
23.103	1	141	63	150.561	0
21.566	1	169	126	65.904	0
23.104	1	53	64	93.971	0
21.567	1	94	127	151.46	0
23.105	1	163	65	100.421	0
21.568	1	170	128	2938.45	0
23.106	1	62	66	344.827	0
21.569	1	54	129	134.587	0
23.107	1	89	67	1623.25	0
21.57	1	125	130	475.089	0
23.108	1	173	68	142.416	0
23.109	1	112	69	326.583	0
21.571	1	90	131	779.619	0
23.11	1	93	70	174.658	0
21.572	1	134	132	231.861	0
23.111	1	136	71	85.3055	0
21.573	1	186	133	7392.14	0
23.112	1	121	72	247.588	0
21.574	1	67	134	8630.9	0
23.113	1	85	73	184.074	0
23.114	1	2	74	42.0868	0
21.575	1	102	135	3339.49	0
23.115	1	158	75	1806.77	0
21.576	1	63	136	4889.63	0
21.577	1	145	137	399.922	0
23.116	1	14	76	246.605	0
21.578	1	127	138	227.298	0
21.58	1	154	140	1154.01	0
23.117	1	1	77	440.654	0
23.118	1	133	78	228.52	0
21.581	1	20	141	264.433	0
21.582	1	52	142	122.407	0
23.119	1	34	79	154.172	0
23.12	1	18	80	75.9147	0
21.583	1	138	143	171.385	0
23.121	1	149	81	1686.64	0
23.122	1	108	82	204.138	0
21.584	1	83	144	130.183	0
23.123	1	97	83	4862.3	0
21.585	1	5	145	1882.21	0
23.124	1	148	84	93.8886	0
21.586	1	109	146	215.478	0
23.125	1	51	85	695.206	0
21.587	1	33	147	1768.24	0
23.126	1	9	86	993.295	0
21.588	1	123	148	78.4864	0
23.127	1	132	87	362.453	0
21.589	1	99	149	2474.92	0
23.128	1	181	88	134.276	0
21.59	1	104	150	109.566	0
23.129	1	43	89	242.952	0
21.591	1	113	151	1725.58	0
23.13	1	84	90	285.582	0
21.592	1	106	152	52.9991	0
23.131	1	183	91	533.965	0
21.593	1	65	153	62.31	0
23.132	1	44	92	149.025	0
21.594	1	129	154	700.162	0
23.133	1	77	93	556.202	0
21.595	1	199	155	131.811	0
23.134	1	31	94	223.821	0
23.135	1	57	95	119.49	0
23.136	1	172	96	195.186	0
23.137	1	47	97	353.931	0
23.138	1	187	98	602.169	0
23.139	1	180	99	108.032	0
23.14	1	147	100	4690.12	0
21.603	1	64	163	450.481	0
21.604	1	59	164	1236.4	0
23.141	1	46	101	259.184	0
21.605	1	114	165	196.789	0
23.142	1	155	102	210.032	0
21.606	1	198	166	78.5809	0
23.143	1	21	103	289.956	0
21.607	1	41	167	252.512	0
23.144	1	6	104	146.627	0
21.608	1	56	168	137.379	0
23.145	1	29	105	139.866	0
21.609	1	190	169	53.9648	0
23.146	1	182	106	249.762	0
21.61	1	75	170	198.857	0
21.611	1	87	171	913.391	0
23.148	1	96	108	207.426	0
21.612	1	26	172	10331.5	0
23.149	1	42	109	376.666	0
21.613	1	15	173	118.256	0
23.15	1	165	110	821.668	0
21.614	1	7	174	148.82	0
23.151	1	69	111	4036.34	0
21.615	1	164	175	421.923	0
23.152	1	88	112	1053.31	0
21.616	1	191	176	223.828	0
23.153	1	188	113	1707.03	0
23.154	1	152	114	638.183	0
23.155	1	162	115	224.709	0
21.617	1	131	177	353.829	0
23.156	1	11	116	377.1	0
21.618	1	122	178	465.422	0
23.157	1	139	117	991.06	0
23.158	1	98	118	356.427	0
23.159	1	23	119	318.334	0
23.16	1	10	120	1890.3	0
23.161	1	12	121	370.843	0
21.625	1	71	185	195.01	0
23.162	1	120	122	1650.78	0
21.626	1	76	186	105.19	0
23.163	1	150	123	156.745	0
21.627	1	82	187	2046.2	0
23.164	1	8	124	206.066	0
21.628	1	184	188	157.293	0
23.165	1	16	125	355.182	0
21.629	1	68	189	76.0044	0
23.166	1	169	126	81.2544	0
21.63	1	177	190	124.856	0
23.167	1	94	127	110.001	0
21.631	1	24	191	282.415	0
23.168	1	170	128	2615.86	0
21.632	1	117	192	107.657	0
23.169	1	54	129	82.62	0
21.633	1	159	193	1622.85	0
23.17	1	125	130	345.981	0
23.171	1	90	131	722.608	0
21.634	1	22	194	434.182	0
23.172	1	134	132	105.271	0
21.635	1	137	195	463.49	0
23.173	1	186	133	1658.97	0
21.636	1	156	196	101.824	0
23.174	1	67	134	13312	0
21.637	1	25	197	365.904	0
21.638	1	50	198	128.67	0
23.175	1	102	135	6149.05	0
21.639	1	60	199	55.205	0
21.64	1	36	200	712.67	0
23.176	1	63	136	2605.88	0
23.177	1	145	137	651.193	0
23.178	1	127	138	140.953	0
21.641	1	78	201	81.4533	0
21.642	1	128	202	336.08	0
23.18	1	154	140	1169.86	0
21.643	1	144	203	1795.57	0
23.181	1	20	141	245.836	0
21.644	1	178	204	53.6576	0
23.182	1	52	142	134.885	0
21.645	1	192	205	97.3046	0
21.646	1	146	206	335.091	0
23.183	1	138	143	479.226	0
21.647	1	140	207	541.78	0
21.648	1	45	208	120.353	0
23.184	1	83	144	159.881	0
21.649	1	130	209	87.7988	0
23.185	1	5	145	2933.59	0
21.65	1	161	210	710.623	0
23.186	1	109	146	277.073	0
21.651	1	153	211	165.296	0
23.187	1	33	147	2573.19	0
23.188	1	123	148	47.23	0
21.652	1	124	212	196.896	0
23.189	1	99	149	1851.52	0
23.19	1	104	150	132.263	0
21.653	1	167	213	492.104	0
21.654	1	81	214	635.46	0
23.191	1	113	151	2293.81	0
23.192	1	106	152	107.518	0
21.655	1	185	215	199.113	0
23.193	1	65	153	66.053	0
23.194	1	129	154	453.418	0
23.195	1	199	155	263.596	0
23.203	1	64	163	444.296	0
23.204	1	59	164	1115.63	0
23.205	1	114	165	371.536	0
23.206	1	198	166	196.608	0
23.207	1	41	167	237.883	0
23.208	1	56	168	282.291	0
23.209	1	190	169	55.5539	0
23.21	1	75	170	69.9631	0
23.211	1	87	171	1476.34	0
23.212	1	26	172	2267.21	0
23.213	1	15	173	118.53	0
23.214	1	7	174	140.2	0
23.215	1	164	175	167.734	0
23.216	1	191	176	212.796	0
23.217	1	131	177	219.336	0
23.218	1	122	178	309.937	0
23.225	1	71	185	191.271	0
23.226	1	76	186	200.394	0
23.227	1	82	187	4020.93	0
23.228	1	184	188	135.068	0
23.229	1	68	189	108.565	0
23.23	1	177	190	149.485	0
23.231	1	24	191	368.038	0
23.232	1	117	192	94.1886	0
23.233	1	159	193	726.674	0
23.234	1	22	194	434.838	0
23.235	1	137	195	543.12	0
23.236	1	156	196	55.6149	0
23.237	1	25	197	354.908	0
23.238	1	50	198	185.561	0
23.239	1	60	199	172.281	0
23.24	1	36	200	395.64	0
23.241	1	78	201	157.478	0
23.242	1	128	202	460.285	0
23.243	1	144	203	2168.76	0
23.244	1	178	204	55.6626	0
23.245	1	192	205	56.6545	0
23.246	1	146	206	528.309	0
23.247	1	140	207	707.029	0
23.248	1	45	208	116.061	0
23.249	1	130	209	202.676	0
23.25	1	161	210	1008.49	0
23.251	1	153	211	240.905	0
23.252	1	124	212	288.494	0
23.253	1	167	213	362.023	0
23.254	1	81	214	944.324	0
23.255	1	185	215	88.3109	0
21.761	1	143	1	783.035	0
21.762	1	70	2	253.789	0
21.763	1	110	3	184.489	0
21.764	1	13	4	65.1818	0
21.765	1	66	5	349.961	0
21.766	1	72	6	255.033	0
21.767	1	103	7	2129.71	0
21.768	1	92	8	734.404	0
21.769	1	157	9	328.882	0
21.77	1	27	10	82.6296	0
21.771	1	58	11	8600.57	0
21.772	1	115	12	380.131	0
21.773	1	48	13	318.404	0
21.774	1	37	14	4708.7	0
21.775	1	135	15	231.265	0
21.776	1	193	16	177.291	0
21.777	1	197	17	373.801	0
21.778	1	38	18	63.486	0
21.779	1	189	19	1457.05	0
21.78	1	40	20	5071.68	0
21.781	1	142	21	132.797	0
21.782	1	86	22	1425.23	0
21.783	1	100	23	2088.95	0
21.784	1	166	24	151.289	0
21.785	1	118	25	476.214	0
21.786	1	49	26	354.554	0
21.787	1	196	27	428.255	0
21.788	1	119	28	192.47	0
21.789	1	200	29	328.575	0
21.79	1	55	30	126.028	0
21.791	1	95	31	374.493	0
21.792	1	107	32	92.3367	0
21.793	1	101	33	108.87	0
21.794	1	116	34	1656.6	0
21.795	1	61	35	162.306	0
21.796	1	111	36	409.105	0
21.797	1	3	37	51.7546	0
21.798	1	4	38	161.817	0
21.799	1	195	39	306.642	0
21.8	1	30	40	745.654	0
21.801	1	91	41	168.373	0
21.802	1	35	42	229.195	0
21.803	1	19	43	108.457	0
21.804	1	176	44	232.958	0
21.805	1	32	45	111.53	0
21.806	1	126	46	99.1019	0
21.807	1	151	47	9265.16	0
21.808	1	160	48	270.973	0
21.809	1	79	49	2974.54	0
21.81	1	171	50	47.4202	0
21.811	1	175	51	2271.17	0
21.812	1	17	52	310.382	0
21.813	1	174	53	48.1287	0
21.814	1	74	54	565.41	0
21.815	1	39	55	207.525	0
21.816	1	179	56	68.9203	0
21.817	1	194	57	746.129	0
21.818	1	28	58	854.326	0
21.819	1	80	59	101.361	0
21.82	1	105	60	123.741	0
21.821	1	168	61	1936.08	0
21.822	1	73	62	1761.84	0
23.361	1	143	1	418.924	0
21.823	1	141	63	176.989	0
23.362	1	70	2	147.358	0
21.824	1	53	64	345.623	0
21.825	1	163	65	79.0407	0
23.363	1	110	3	657.219	0
23.364	1	13	4	65.8033	0
21.826	1	62	66	182.095	0
23.365	1	66	5	119.264	0
21.827	1	89	67	1436.17	0
23.366	1	72	6	144.403	0
21.828	1	173	68	123.36	0
23.367	1	103	7	3206.79	0
21.829	1	112	69	233.627	0
23.368	1	92	8	835.453	0
21.83	1	93	70	126.03	0
23.369	1	157	9	226.512	0
21.831	1	136	71	91.4298	0
23.37	1	27	10	97.2353	0
21.832	1	121	72	135.199	0
23.371	1	58	11	15514.9	0
21.833	1	85	73	155.368	0
23.372	1	115	12	398.248	0
23.373	1	48	13	259.354	0
21.834	1	2	74	39.0851	0
23.374	1	37	14	8231.42	0
21.835	1	158	75	1477.88	0
21.836	1	14	76	284.072	0
23.375	1	135	15	102.74	0
21.837	1	1	77	609.403	0
21.838	1	133	78	151.422	0
23.376	1	193	16	241.586	0
21.839	1	34	79	217.151	0
21.84	1	18	80	62.9022	0
23.377	1	197	17	527.487	0
23.378	1	38	18	252.734	0
23.379	1	189	19	2122.79	0
21.841	1	149	81	895.937	0
23.38	1	40	20	5075.3	0
21.842	1	108	82	222.194	0
23.381	1	142	21	140.525	0
23.382	1	86	22	1807.79	0
21.843	1	97	83	5291.56	0
21.844	1	148	84	65.237	0
23.383	1	100	23	1661.63	0
21.845	1	51	85	333.33	0
21.846	1	9	86	866.335	0
23.384	1	166	24	97.1118	0
21.847	1	132	87	325.348	0
21.848	1	181	88	125.866	0
23.385	1	118	25	323.024	0
23.386	1	49	26	482.307	0
21.849	1	43	89	229.19	0
21.85	1	84	90	383.113	0
23.387	1	196	27	431.257	0
23.388	1	119	28	65.4948	0
21.851	1	183	91	736.07	0
23.389	1	200	29	222.705	0
23.39	1	55	30	68.3138	0
21.852	1	44	92	210.886	0
23.391	1	95	31	297.014	0
21.853	1	77	93	416.628	0
23.392	1	107	32	60.3524	0
21.854	1	31	94	759.659	0
23.393	1	101	33	200.211	0
21.855	1	57	95	175.702	0
23.394	1	116	34	1551.05	0
21.856	1	172	96	158.219	0
23.395	1	61	35	61.1636	0
21.857	1	47	97	278.673	0
23.396	1	111	36	711.63	0
23.397	1	3	37	72.4737	0
21.858	1	187	98	561.645	0
23.398	1	4	38	107.08	0
21.859	1	180	99	192.611	0
23.399	1	195	39	361.872	0
21.86	1	147	100	5538.39	0
21.861	1	46	101	341.131	0
23.4	1	30	40	1133.45	0
23.401	1	91	41	232.277	0
21.862	1	155	102	137.323	0
23.402	1	35	42	299.89	0
21.863	1	21	103	208.498	0
23.403	1	19	43	77.8537	0
21.864	1	6	104	259.33	0
23.404	1	176	44	220.955	0
21.865	1	29	105	106.489	0
23.405	1	32	45	171.548	0
21.866	1	182	106	236.258	0
23.406	1	126	46	197.34	0
23.407	1	151	47	9996.21	0
23.408	1	160	48	193.243	0
21.868	1	96	108	207.761	0
23.409	1	79	49	1464.6	0
21.869	1	42	109	787.758	0
23.41	1	171	50	110.925	0
21.87	1	165	110	963.594	0
23.411	1	175	51	7138.04	0
21.871	1	69	111	8691.6	0
23.412	1	17	52	209.464	0
21.872	1	88	112	750.504	0
23.413	1	174	53	79.1459	0
21.873	1	188	113	2077.04	0
23.414	1	74	54	316.616	0
21.874	1	152	114	568.886	0
23.415	1	39	55	81.4484	0
21.875	1	162	115	178.421	0
23.416	1	179	56	90.063	0
21.876	1	11	116	117.49	0
21.877	1	139	117	1401.31	0
23.417	1	194	57	1511.97	0
21.878	1	98	118	219.984	0
23.418	1	28	58	495.38	0
21.879	1	23	119	988.119	0
23.419	1	80	59	38.2001	0
21.88	1	10	120	4010.29	0
23.42	1	105	60	207.514	0
21.881	1	12	121	146.214	0
21.882	1	120	122	2024.25	0
23.421	1	168	61	4646.47	0
23.422	1	73	62	1082.08	0
21.883	1	150	123	120.312	0
23.423	1	141	63	219.403	0
23.424	1	53	64	268.384	0
21.884	1	8	124	212.709	0
23.425	1	163	65	143.7	0
21.885	1	16	125	486.354	0
23.426	1	62	66	349.96	0
21.886	1	169	126	129.333	0
23.427	1	89	67	5413.98	0
21.887	1	94	127	227.986	0
23.428	1	173	68	51.5269	0
21.888	1	170	128	1720.67	0
23.429	1	112	69	709.063	0
21.889	1	54	129	66.8146	0
23.43	1	93	70	69.3685	0
21.89	1	125	130	298.378	0
23.431	1	136	71	76.7547	0
21.891	1	90	131	435.54	0
23.432	1	121	72	199.6	0
21.892	1	134	132	206.3	0
23.433	1	85	73	244.243	0
21.893	1	186	133	6185.35	0
21.894	1	67	134	3938.72	0
23.434	1	2	74	85.3617	0
21.895	1	102	135	3029.01	0
23.435	1	158	75	1724.47	0
21.896	1	63	136	3818.95	0
23.436	1	14	76	143.971	0
21.897	1	145	137	1017.91	0
23.437	1	1	77	359.482	0
21.898	1	127	138	110.673	0
23.438	1	133	78	545.55	0
23.439	1	34	79	96.1413	0
23.44	1	18	80	31.3974	0
21.9	1	154	140	413.395	0
21.901	1	20	141	234.847	0
21.902	1	52	142	65.4021	0
23.441	1	149	81	609.302	0
21.903	1	138	143	432.774	0
23.442	1	108	82	303.08	0
21.904	1	83	144	75.1384	0
23.443	1	97	83	9216.71	0
21.905	1	5	145	1883.72	0
23.444	1	148	84	61.5993	0
21.906	1	109	146	110.596	0
23.445	1	51	85	789.1	0
21.907	1	33	147	2135.52	0
23.446	1	9	86	843.945	0
21.908	1	123	148	80.9508	0
23.447	1	132	87	261.997	0
21.909	1	99	149	2363.62	0
23.448	1	181	88	66.9558	0
21.91	1	104	150	193.024	0
23.449	1	43	89	156.552	0
21.911	1	113	151	3589.29	0
23.45	1	84	90	250.18	0
21.912	1	106	152	169.875	0
23.451	1	183	91	335.466	0
21.913	1	65	153	60.5279	0
21.914	1	129	154	623.485	0
23.452	1	44	92	221.41	0
21.915	1	199	155	265.161	0
23.453	1	77	93	399.454	0
23.454	1	31	94	406.903	0
23.455	1	57	95	79.9324	0
23.456	1	172	96	247.111	0
23.457	1	47	97	450.244	0
23.458	1	187	98	339.763	0
23.459	1	180	99	63.3418	0
23.46	1	147	100	4007.81	0
23.461	1	46	101	465.438	0
23.462	1	155	102	201.846	0
21.923	1	64	163	256.696	0
21.924	1	59	164	280.812	0
23.463	1	21	103	216.085	0
23.464	1	6	104	202.482	0
21.925	1	114	165	135.673	0
21.926	1	198	166	187.978	0
23.465	1	29	105	117.382	0
23.466	1	182	106	157.886	0
21.927	1	41	167	420.986	0
21.928	1	56	168	128.675	0
23.468	1	96	108	219.366	0
21.929	1	190	169	76.0751	0
23.469	1	42	109	576.665	0
21.93	1	75	170	169.237	0
23.47	1	165	110	1041.18	0
21.931	1	87	171	898.254	0
23.471	1	69	111	7008.29	0
21.932	1	26	172	3453.59	0
23.472	1	88	112	1070.66	0
23.473	1	188	113	451.596	0
21.933	1	15	173	276.809	0
23.474	1	152	114	208.706	0
21.934	1	7	174	39.6197	0
23.475	1	162	115	210.064	0
21.935	1	164	175	608.913	0
23.476	1	11	116	265.727	0
21.936	1	191	176	94.1475	0
23.477	1	139	117	1131.95	0
23.478	1	98	118	269.562	0
21.937	1	131	177	417.132	0
21.938	1	122	178	100.908	0
23.479	1	23	119	565.262	0
23.48	1	10	120	618.19	0
23.481	1	12	121	252.496	0
23.482	1	120	122	2274.13	0
23.483	1	150	123	370.963	0
23.484	1	8	124	126.814	0
23.485	1	16	125	393.832	0
23.486	1	169	126	53.1665	0
23.487	1	94	127	91.3121	0
21.945	1	71	185	123.014	0
23.488	1	170	128	1823.2	0
21.946	1	76	186	375.859	0
23.489	1	54	129	204.756	0
21.947	1	82	187	2122.21	0
23.49	1	125	130	664.143	0
21.948	1	184	188	168.542	0
23.491	1	90	131	1078.05	0
21.949	1	68	189	78.1116	0
23.492	1	134	132	77.5335	0
21.95	1	177	190	122.373	0
23.493	1	186	133	6558.48	0
21.951	1	24	191	77.9542	0
23.494	1	67	134	2816.49	0
23.495	1	102	135	7172.05	0
21.952	1	117	192	42.0906	0
23.496	1	63	136	2109.42	0
21.953	1	159	193	1777.72	0
23.497	1	145	137	1087.17	0
21.954	1	22	194	321.362	0
23.498	1	127	138	245.126	0
21.955	1	137	195	383.844	0
21.956	1	156	196	185.376	0
23.5	1	154	140	1945.63	0
21.957	1	25	197	613.971	0
23.501	1	20	141	152.487	0
23.502	1	52	142	117.519	0
21.958	1	50	198	121.345	0
23.503	1	138	143	270.63	0
21.959	1	60	199	127.293	0
23.504	1	83	144	145.929	0
21.96	1	36	200	425.518	0
23.505	1	5	145	4486.74	0
21.961	1	78	201	160.461	0
23.506	1	109	146	112.654	0
23.507	1	33	147	572.767	0
21.962	1	128	202	292.974	0
23.508	1	123	148	136.648	0
21.963	1	144	203	1417.75	0
23.509	1	99	149	3226.13	0
21.964	1	178	204	266.356	0
23.51	1	104	150	120.588	0
21.965	1	192	205	115.193	0
23.511	1	113	151	1151.93	0
21.966	1	146	206	1112.53	0
23.512	1	106	152	144.59	0
21.967	1	140	207	593.008	0
23.513	1	65	153	100.022	0
21.968	1	45	208	71.5883	0
23.514	1	129	154	746.378	0
21.969	1	130	209	133.558	0
23.515	1	199	155	56.668	0
21.97	1	161	210	518.509	0
21.971	1	153	211	142.115	0
21.972	1	124	212	348.138	0
21.973	1	167	213	897.957	0
21.974	1	81	214	891.885	0
21.975	1	185	215	265.553	0
23.523	1	64	163	687.762	0
23.524	1	59	164	780.952	0
23.525	1	114	165	142.049	0
23.526	1	198	166	88.5281	0
23.527	1	41	167	394.161	0
23.528	1	56	168	201.936	0
23.529	1	190	169	75.1929	0
23.53	1	75	170	89.5166	0
23.531	1	87	171	2814.31	0
23.532	1	26	172	5064.82	0
23.533	1	15	173	35.3104	0
23.534	1	7	174	102.605	0
23.535	1	164	175	834.033	0
23.536	1	191	176	156.486	0
23.537	1	131	177	232.721	0
23.538	1	122	178	198.635	0
23.545	1	71	185	136.625	0
23.546	1	76	186	220.786	0
23.547	1	82	187	4835.53	0
23.548	1	184	188	89.8742	0
23.549	1	68	189	105.741	0
23.55	1	177	190	212.157	0
23.551	1	24	191	426	0
23.552	1	117	192	55.2567	0
23.553	1	159	193	1396.3	0
23.554	1	22	194	274.926	0
23.555	1	137	195	497.309	0
23.556	1	156	196	180.537	0
23.557	1	25	197	345.64	0
23.558	1	50	198	142.123	0
23.559	1	60	199	82.3569	0
23.56	1	36	200	363.909	0
23.561	1	78	201	281.598	0
23.562	1	128	202	536.835	0
23.563	1	144	203	1095.28	0
23.564	1	178	204	167.318	0
23.565	1	192	205	108.654	0
23.566	1	146	206	634.807	0
23.567	1	140	207	534.357	0
23.568	1	45	208	158.566	0
23.569	1	130	209	152.551	0
23.57	1	161	210	617.396	0
23.571	1	153	211	230.108	0
23.572	1	124	212	255.69	0
23.573	1	167	213	285.248	0
23.574	1	81	214	1912.28	0
23.575	1	185	215	327.97	0
22.081	1	143	1	576.729	0
22.082	1	70	2	63.9672	0
22.083	1	110	3	480.537	0
22.084	1	13	4	125.194	0
22.085	1	66	5	325.489	0
22.086	1	72	6	149.161	0
22.087	1	103	7	1175.97	0
22.088	1	92	8	1589.32	0
22.089	1	157	9	221.593	0
22.09	1	27	10	181.874	0
22.091	1	58	11	7460.32	0
22.092	1	115	12	587.119	0
22.093	1	48	13	393.429	0
22.094	1	37	14	6767.32	0
22.095	1	135	15	490.836	0
22.096	1	193	16	303.071	0
22.097	1	197	17	453.324	0
22.098	1	38	18	113.17	0
22.099	1	189	19	1465.21	0
22.1	1	40	20	3342.65	0
22.101	1	142	21	117.09	0
22.102	1	86	22	797.709	0
22.103	1	100	23	1535.37	0
22.104	1	166	24	232.949	0
22.105	1	118	25	551.058	0
22.106	1	49	26	601.935	0
22.107	1	196	27	193.939	0
22.108	1	119	28	82.5002	0
22.109	1	200	29	544.929	0
22.11	1	55	30	137.151	0
22.111	1	95	31	321.734	0
22.112	1	107	32	34.6251	0
22.113	1	101	33	158.418	0
22.114	1	116	34	2019.79	0
22.115	1	61	35	74.7412	0
22.116	1	111	36	372.892	0
22.117	1	3	37	40.4904	0
22.118	1	4	38	181	0
22.119	1	195	39	324.705	0
22.12	1	30	40	1222.19	0
22.121	1	91	41	136.73	0
22.122	1	35	42	253.688	0
22.123	1	19	43	422.274	0
22.124	1	176	44	341.705	0
22.125	1	32	45	180.398	0
22.126	1	126	46	248.057	0
22.127	1	151	47	12978.8	0
22.128	1	160	48	134.322	0
22.129	1	79	49	2160.13	0
22.13	1	171	50	42.7363	0
22.131	1	175	51	2565.26	0
22.132	1	17	52	265.14	0
22.133	1	174	53	104.72	0
22.134	1	74	54	710.238	0
23.681	1	143	1	299.538	0
23.682	1	70	2	175.269	0
22.135	1	39	55	161.88	0
22.136	1	179	56	103.945	0
23.683	1	110	3	151.007	0
22.137	1	194	57	2803.04	0
22.138	1	28	58	587.272	0
23.684	1	13	4	42.7437	0
22.139	1	80	59	75.7199	0
22.14	1	105	60	263.171	0
23.685	1	66	5	271.988	0
23.686	1	72	6	283.992	0
23.687	1	103	7	1978.17	0
22.141	1	168	61	1328.23	0
23.688	1	92	8	1195.63	0
22.142	1	73	62	4143.21	0
23.689	1	157	9	533.357	0
23.69	1	27	10	105.022	0
22.143	1	141	63	179.28	0
22.144	1	53	64	177.82	0
23.691	1	58	11	1595.91	0
23.692	1	115	12	460.703	0
22.145	1	163	65	71.384	0
22.146	1	62	66	242.485	0
23.693	1	48	13	205.85	0
22.147	1	89	67	2233.61	0
23.694	1	37	14	4290.3	0
22.148	1	173	68	308.941	0
23.695	1	135	15	116.462	0
22.149	1	112	69	501.154	0
23.696	1	193	16	181.743	0
22.15	1	93	70	110.434	0
23.697	1	197	17	479.697	0
22.151	1	136	71	78.3604	0
23.698	1	38	18	134.954	0
23.699	1	189	19	1507.97	0
22.152	1	121	72	52.4578	0
23.7	1	40	20	9935.52	0
22.153	1	85	73	218.466	0
22.154	1	2	74	76.2511	0
23.701	1	142	21	418.871	0
23.702	1	86	22	1365.5	0
22.155	1	158	75	1045.85	0
22.156	1	14	76	177.111	0
23.703	1	100	23	1485.58	0
23.704	1	166	24	179.52	0
22.157	1	1	77	241.787	0
23.705	1	118	25	389.467	0
22.158	1	133	78	204.697	0
23.706	1	49	26	265.805	0
22.159	1	34	79	66.6855	0
23.707	1	196	27	236.049	0
22.16	1	18	80	70.9666	0
23.708	1	119	28	121.042	0
22.161	1	149	81	540.731	0
23.709	1	200	29	196.549	0
23.71	1	55	30	171.021	0
22.162	1	108	82	192.069	0
23.711	1	95	31	293.759	0
23.712	1	107	32	70.3782	0
22.163	1	97	83	3357.78	0
22.164	1	148	84	103.624	0
23.713	1	101	33	261.709	0
23.714	1	116	34	1649.26	0
22.165	1	51	85	574.489	0
23.715	1	61	35	135.195	0
22.166	1	9	86	1438.85	0
22.167	1	132	87	256.404	0
22.168	1	181	88	252.687	0
23.716	1	111	36	623.276	0
22.169	1	43	89	232.519	0
22.17	1	84	90	275.517	0
23.717	1	3	37	47.0923	0
22.171	1	183	91	565.558	0
23.718	1	4	38	367.05	0
22.172	1	44	92	384.306	0
23.719	1	195	39	474.598	0
22.173	1	77	93	898.593	0
22.174	1	31	94	89.0452	0
23.72	1	30	40	859.387	0
22.175	1	57	95	242.392	0
23.721	1	91	41	129.388	0
23.722	1	35	42	343.13	0
22.176	1	172	96	99.7473	0
23.723	1	19	43	270.971	0
22.177	1	47	97	274.742	0
23.724	1	176	44	299.758	0
22.178	1	187	98	403.936	0
23.725	1	32	45	82.0397	0
22.179	1	180	99	154.241	0
23.726	1	126	46	198.875	0
22.18	1	147	100	8134.63	0
23.727	1	151	47	5705.33	0
22.181	1	46	101	409.8	0
23.728	1	160	48	183.949	0
22.182	1	155	102	121.432	0
23.729	1	79	49	5393.02	0
23.73	1	171	50	31.1514	0
22.183	1	21	103	267.85	0
23.731	1	175	51	2641.23	0
23.732	1	17	52	144.642	0
22.184	1	6	104	372.858	0
23.733	1	174	53	59.4657	0
22.185	1	29	105	71.2715	0
22.186	1	182	106	166.201	0
23.734	1	74	54	377.054	0
23.735	1	39	55	257.015	0
22.188	1	96	108	302.358	0
23.736	1	179	56	169.718	0
22.189	1	42	109	352.699	0
23.737	1	194	57	6093.77	0
22.19	1	165	110	594.851	0
23.738	1	28	58	552.4	0
22.191	1	69	111	8708.73	0
23.739	1	80	59	70.725	0
22.192	1	88	112	1275.27	0
23.74	1	105	60	88.4469	0
22.193	1	188	113	1625.41	0
22.194	1	152	114	1138.84	0
23.741	1	168	61	2452.92	0
22.195	1	162	115	55.1945	0
22.196	1	11	116	179.418	0
23.742	1	73	62	1479.83	0
22.197	1	139	117	998.673	0
22.198	1	98	118	235.229	0
23.743	1	141	63	113.552	0
23.744	1	53	64	264.529	0
22.199	1	23	119	668.062	0
23.745	1	163	65	70.7255	0
23.746	1	62	66	131.644	0
22.2	1	10	120	2498.91	0
23.747	1	89	67	3597.95	0
22.201	1	12	121	486.635	0
22.202	1	120	122	2601.74	0
23.748	1	173	68	132.089	0
23.749	1	112	69	391.486	0
22.203	1	150	123	254.082	0
22.204	1	8	124	162.558	0
23.75	1	93	70	89.0435	0
22.205	1	16	125	470.218	0
23.751	1	136	71	54.1823	0
22.206	1	169	126	35.0142	0
22.207	1	94	127	154.903	0
23.752	1	121	72	211.373	0
22.208	1	170	128	1911.18	0
23.753	1	85	73	292.315	0
22.209	1	54	129	165.485	0
23.754	1	2	74	80.1254	0
22.21	1	125	130	119.24	0
23.755	1	158	75	955.309	0
22.211	1	90	131	894.17	0
23.756	1	14	76	365.442	0
22.212	1	134	132	137.717	0
23.757	1	1	77	495.783	0
22.213	1	186	133	2452.35	0
22.214	1	67	134	2898.62	0
23.758	1	133	78	255.422	0
22.215	1	102	135	5887.31	0
23.759	1	34	79	194.249	0
23.76	1	18	80	73.666	0
22.216	1	63	136	5256.83	0
23.761	1	149	81	1079.35	0
23.762	1	108	82	552.234	0
22.217	1	145	137	1914.77	0
23.763	1	97	83	6547.92	0
22.218	1	127	138	167.424	0
23.764	1	148	84	62.8054	0
23.765	1	51	85	556.75	0
23.766	1	9	86	454.683	0
22.22	1	154	140	749.934	0
23.767	1	132	87	161.317	0
23.768	1	181	88	236.624	0
22.221	1	20	141	153.727	0
22.222	1	52	142	102.714	0
23.769	1	43	89	308.609	0
23.77	1	84	90	191.294	0
22.223	1	138	143	712.908	0
23.771	1	183	91	559.754	0
22.224	1	83	144	74.4985	0
23.772	1	44	92	376.442	0
22.225	1	5	145	1072.92	0
23.773	1	77	93	728.215	0
22.226	1	109	146	169.88	0
23.774	1	31	94	410.651	0
22.227	1	33	147	1799.84	0
22.228	1	123	148	40.3499	0
23.775	1	57	95	132.035	0
22.229	1	99	149	5585.92	0
23.776	1	172	96	196.591	0
22.23	1	104	150	94.0095	0
23.777	1	47	97	457.564	0
22.231	1	113	151	839.191	0
23.778	1	187	98	225.107	0
22.232	1	106	152	121.257	0
23.779	1	180	99	128.814	0
22.233	1	65	153	129.104	0
23.78	1	147	100	4432.66	0
22.234	1	129	154	1205.67	0
23.781	1	46	101	616.243	0
22.235	1	199	155	236.501	0
23.782	1	155	102	141.007	0
23.783	1	21	103	705.017	0
23.784	1	6	104	220.248	0
23.785	1	29	105	143.104	0
23.786	1	182	106	282.131	0
23.788	1	96	108	315.858	0
23.789	1	42	109	922.094	0
22.243	1	64	163	187.067	0
23.79	1	165	110	1012.06	0
22.244	1	59	164	1674.97	0
23.791	1	69	111	3863.89	0
22.245	1	114	165	188.81	0
23.792	1	88	112	517.047	0
22.246	1	198	166	84.226	0
23.793	1	188	113	986.599	0
22.247	1	41	167	170.874	0
23.794	1	152	114	787.871	0
22.248	1	56	168	50.5998	0
23.795	1	162	115	215.763	0
22.249	1	190	169	101.94	0
23.796	1	11	116	165.765	0
22.25	1	75	170	124.82	0
23.797	1	139	117	1874.85	0
23.798	1	98	118	178.096	0
22.251	1	87	171	1332.24	0
23.799	1	23	119	978.138	0
22.252	1	26	172	3027.59	0
23.8	1	10	120	1970.56	0
22.253	1	15	173	108.494	0
22.254	1	7	174	135.369	0
23.801	1	12	121	326.683	0
23.802	1	120	122	2218.19	0
22.255	1	164	175	600.363	0
22.256	1	191	176	154.607	0
23.803	1	150	123	172.606	0
23.804	1	8	124	198.95	0
22.257	1	131	177	509.61	0
23.805	1	16	125	302.482	0
23.806	1	169	126	131.323	0
22.258	1	122	178	452.586	0
23.807	1	94	127	124.06	0
23.808	1	170	128	3507.33	0
23.809	1	54	129	154.006	0
23.81	1	125	130	366.277	0
23.811	1	90	131	888.732	0
23.812	1	134	132	107.239	0
23.813	1	186	133	20045.6	0
22.265	1	71	185	100.112	0
23.814	1	67	134	2452.34	0
22.266	1	76	186	334.847	0
23.815	1	102	135	3674.08	0
22.267	1	82	187	3501.01	0
22.268	1	184	188	180.821	0
22.269	1	68	189	93.8641	0
23.816	1	63	136	2865.08	0
22.27	1	177	190	166.332	0
22.271	1	24	191	153.734	0
22.272	1	117	192	44.9924	0
23.817	1	145	137	1835.67	0
23.818	1	127	138	211.912	0
22.273	1	159	193	2239.51	0
22.274	1	22	194	351.705	0
22.275	1	137	195	570.148	0
23.82	1	154	140	912.604	0
23.821	1	20	141	82.5133	0
22.276	1	156	196	170.343	0
23.822	1	52	142	166.673	0
22.277	1	25	197	515.722	0
23.823	1	138	143	767.549	0
22.278	1	50	198	374.625	0
23.824	1	83	144	98.1673	0
22.279	1	60	199	125.071	0
23.825	1	5	145	4091.02	0
22.28	1	36	200	649.429	0
23.826	1	109	146	69.3089	0
22.281	1	78	201	147.359	0
23.827	1	33	147	3206.59	0
22.282	1	128	202	237.411	0
23.828	1	123	148	106.723	0
23.829	1	99	149	5966.94	0
23.83	1	104	150	37.034	0
22.283	1	144	203	958.004	0
23.831	1	113	151	3083.99	0
22.284	1	178	204	77.4442	0
23.832	1	106	152	55.4658	0
22.285	1	192	205	61.9864	0
23.833	1	65	153	94.7243	0
22.286	1	146	206	373.941	0
22.287	1	140	207	375.266	0
23.834	1	129	154	506.397	0
22.288	1	45	208	158.943	0
23.835	1	199	155	185.36	0
22.289	1	130	209	111.895	0
22.29	1	161	210	692.807	0
22.291	1	153	211	92.9135	0
22.292	1	124	212	165.719	0
22.293	1	167	213	345.31	0
22.294	1	81	214	651.801	0
22.295	1	185	215	476.196	0
23.843	1	64	163	131.9	0
23.844	1	59	164	479.586	0
23.845	1	114	165	374.197	0
23.846	1	198	166	109.264	0
23.847	1	41	167	110.928	0
23.848	1	56	168	144.67	0
23.849	1	190	169	101.693	0
23.85	1	75	170	130.441	0
23.851	1	87	171	2562.96	0
23.852	1	26	172	7120.77	0
23.853	1	15	173	145.255	0
23.854	1	7	174	217.647	0
23.855	1	164	175	473.512	0
23.856	1	191	176	377.855	0
23.857	1	131	177	226.069	0
23.858	1	122	178	245.016	0
23.865	1	71	185	144.483	0
23.866	1	76	186	421.178	0
23.867	1	82	187	3941.97	0
23.868	1	184	188	199.789	0
23.869	1	68	189	47.2684	0
23.87	1	177	190	229.818	0
23.871	1	24	191	210.787	0
23.872	1	117	192	95.3897	0
23.873	1	159	193	1631.21	0
23.874	1	22	194	473.526	0
23.875	1	137	195	601.646	0
23.876	1	156	196	94.5382	0
23.877	1	25	197	228.864	0
23.878	1	50	198	129.715	0
23.879	1	60	199	30.7527	0
23.88	1	36	200	442.053	0
23.881	1	78	201	173.918	0
23.882	1	128	202	104.626	0
23.883	1	144	203	3803.05	0
23.884	1	178	204	90.47	0
23.885	1	192	205	126.275	0
23.886	1	146	206	642.63	0
23.887	1	140	207	1004.17	0
23.888	1	45	208	86.2779	0
23.889	1	130	209	81.0173	0
23.89	1	161	210	831.343	0
23.891	1	153	211	184.461	0
23.892	1	124	212	174.292	0
23.893	1	167	213	345.142	0
23.894	1	81	214	1129.85	0
23.895	1	185	215	144.156	0
22.401	1	143	1	390.852	0
22.402	1	70	2	219.814	0
22.403	1	110	3	235.188	0
22.404	1	13	4	63.1683	0
22.405	1	66	5	157.353	0
22.406	1	72	6	314.081	0
22.407	1	103	7	823.446	0
22.408	1	92	8	1503.38	0
22.409	1	157	9	734.056	0
22.41	1	27	10	130.194	0
22.411	1	58	11	4700.63	0
22.412	1	115	12	404.27	0
22.413	1	48	13	447.419	0
22.414	1	37	14	6482.83	0
22.415	1	135	15	305.692	0
22.416	1	193	16	235.854	0
22.417	1	197	17	351.247	0
22.418	1	38	18	134.796	0
22.419	1	189	19	1172.26	0
22.42	1	40	20	9924.47	0
22.421	1	142	21	219.513	0
22.422	1	86	22	1901.01	0
22.423	1	100	23	2024.32	0
22.424	1	166	24	100.173	0
22.425	1	118	25	588.097	0
22.426	1	49	26	276.028	0
22.427	1	196	27	455.319	0
22.428	1	119	28	45.1953	0
22.429	1	200	29	221.592	0
22.43	1	55	30	89.094	0
22.431	1	95	31	325.981	0
22.432	1	107	32	117.194	0
22.433	1	101	33	138.351	0
22.434	1	116	34	1382.63	0
22.435	1	61	35	55.8814	0
22.436	1	111	36	578.234	0
22.437	1	3	37	53.0656	0
22.438	1	4	38	241.588	0
22.439	1	195	39	656.186	0
22.44	1	30	40	1260.25	0
22.441	1	91	41	103.028	0
22.442	1	35	42	267.913	0
22.443	1	19	43	151.095	0
22.444	1	176	44	150.372	0
22.445	1	32	45	143.094	0
22.446	1	126	46	425.649	0
22.447	1	151	47	6359.27	0
22.448	1	160	48	455.074	0
22.449	1	79	49	4111.97	0
22.45	1	171	50	83.1927	0
22.451	1	175	51	4807.62	0
22.452	1	17	52	368.212	0
22.453	1	174	53	128.332	0
22.454	1	74	54	239.903	0
22.455	1	39	55	89.3139	0
22.456	1	179	56	106.448	0
22.457	1	194	57	4161.9	0
22.458	1	28	58	697.804	0
22.459	1	80	59	79.4713	0
22.46	1	105	60	176.852	0
22.461	1	168	61	2033.95	0
22.462	1	73	62	1816.03	0
22.463	1	141	63	98.5972	0
22.464	1	53	64	270.988	0
22.465	1	163	65	151.835	0
22.466	1	62	66	264.048	0
22.467	1	89	67	2306.81	0
22.468	1	173	68	72.5969	0
22.469	1	112	69	1020.01	0
22.47	1	93	70	42.4354	0
22.471	1	136	71	64.1868	0
22.472	1	121	72	89.988	0
22.473	1	85	73	282.93	0
22.474	1	2	74	51.1288	0
22.475	1	158	75	1865.58	0
22.476	1	14	76	540.034	0
22.477	1	1	77	459.129	0
22.478	1	133	78	273.166	0
22.479	1	34	79	71.6323	0
22.48	1	18	80	68.54	0
22.481	1	149	81	489.442	0
22.482	1	108	82	559.052	0
22.483	1	97	83	5263.79	0
22.484	1	148	84	35.0306	0
22.485	1	51	85	320.599	0
22.486	1	9	86	578.959	0
22.487	1	132	87	186.378	0
22.488	1	181	88	196.363	0
22.489	1	43	89	344.189	0
22.49	1	84	90	385.796	0
22.491	1	183	91	447.369	0
22.492	1	44	92	255.527	0
22.493	1	77	93	478.19	0
22.494	1	31	94	431.343	0
22.495	1	57	95	121.417	0
22.496	1	172	96	78.2248	0
22.497	1	47	97	297.13	0
22.498	1	187	98	132.966	0
22.499	1	180	99	169.413	0
22.5	1	147	100	13387.2	0
22.501	1	46	101	223.923	0
22.502	1	155	102	118.693	0
22.503	1	21	103	268.404	0
22.504	1	6	104	294.223	0
22.505	1	29	105	187.876	0
22.506	1	182	106	261.914	0
22.508	1	96	108	249.463	0
22.509	1	42	109	533.789	0
22.51	1	165	110	643.092	0
22.511	1	69	111	14341.6	0
22.512	1	88	112	1273.31	0
22.513	1	188	113	1040.31	0
22.514	1	152	114	569.277	0
24.001	1	143	1	476.898	0
24.002	1	70	2	117.581	0
22.515	1	162	115	234.241	0
24.003	1	110	3	302.736	0
24.004	1	13	4	61.0929	0
22.516	1	11	116	536.818	0
24.005	1	66	5	181.125	0
24.006	1	72	6	186.597	0
22.517	1	139	117	1054.85	0
24.007	1	103	7	2319.98	0
22.518	1	98	118	205.51	0
24.008	1	92	8	1984.34	0
22.519	1	23	119	544.706	0
24.009	1	157	9	337.304	0
24.01	1	27	10	69.4979	0
22.52	1	10	120	1786.64	0
24.011	1	58	11	4012.4	0
24.012	1	115	12	445.403	0
22.521	1	12	121	303.092	0
24.013	1	48	13	561.472	0
22.522	1	120	122	804.383	0
24.014	1	37	14	4014.78	0
22.523	1	150	123	181.67	0
24.015	1	135	15	234.37	0
22.524	1	8	124	66.8439	0
22.525	1	16	125	396.893	0
22.526	1	169	126	45.9658	0
22.527	1	94	127	81.8878	0
22.528	1	170	128	4270.93	0
24.016	1	193	16	108.917	0
22.529	1	54	129	125.178	0
22.53	1	125	130	285.315	0
24.017	1	197	17	283.475	0
22.531	1	90	131	588.283	0
24.018	1	38	18	108.633	0
22.532	1	134	132	118.078	0
24.019	1	189	19	511.92	0
22.533	1	186	133	7178.7	0
24.02	1	40	20	4562.14	0
22.534	1	67	134	7340	0
24.021	1	142	21	383.35	0
22.535	1	102	135	4274.62	0
24.022	1	86	22	493.771	0
22.536	1	63	136	1765.58	0
24.023	1	100	23	1740.74	0
22.537	1	145	137	859.665	0
24.024	1	166	24	136.741	0
22.538	1	127	138	140.472	0
24.025	1	118	25	938.779	0
22.54	1	154	140	1404.26	0
24.026	1	49	26	310.545	0
24.027	1	196	27	638.394	0
22.541	1	20	141	113.904	0
24.028	1	119	28	53.1238	0
24.029	1	200	29	200.892	0
22.542	1	52	142	119.721	0
24.03	1	55	30	80.2221	0
22.543	1	138	143	486.503	0
22.544	1	83	144	85.9347	0
24.031	1	95	31	104.859	0
24.032	1	107	32	43.9572	0
22.545	1	5	145	4459.35	0
24.033	1	101	33	215.029	0
22.546	1	109	146	115.383	0
24.034	1	116	34	2555.36	0
22.547	1	33	147	1703.56	0
24.035	1	61	35	150.026	0
22.548	1	123	148	129.668	0
24.036	1	111	36	149.305	0
22.549	1	99	149	1484.54	0
24.037	1	3	37	31.7666	0
22.55	1	104	150	142.741	0
24.038	1	4	38	91.391	0
22.551	1	113	151	2536.13	0
24.039	1	195	39	209.199	0
24.04	1	30	40	890.953	0
22.552	1	106	152	168.429	0
22.553	1	65	153	86.3752	0
24.041	1	91	41	144.7	0
22.554	1	129	154	358.744	0
22.555	1	199	155	111.135	0
24.042	1	35	42	290.574	0
24.043	1	19	43	538.612	0
24.044	1	176	44	455.221	0
24.045	1	32	45	205.033	0
24.046	1	126	46	170.068	0
24.047	1	151	47	8288.8	0
24.048	1	160	48	580.375	0
24.049	1	79	49	1039.45	0
24.05	1	171	50	55.0391	0
24.051	1	175	51	2728.12	0
22.563	1	64	163	664.628	0
22.564	1	59	164	600.81	0
24.052	1	17	52	161.81	0
22.565	1	114	165	226.358	0
24.053	1	174	53	81.5681	0
24.054	1	74	54	306.525	0
22.566	1	198	166	115.597	0
24.055	1	39	55	130.013	0
22.567	1	41	167	446.439	0
22.568	1	56	168	128.041	0
24.056	1	179	56	97.4074	0
22.569	1	190	169	67.8464	0
24.057	1	194	57	1514.93	0
22.57	1	75	170	216.193	0
24.058	1	28	58	596.906	0
22.571	1	87	171	1174.81	0
22.572	1	26	172	3811.34	0
24.059	1	80	59	43.715	0
24.06	1	105	60	67.9069	0
22.573	1	15	173	276.609	0
22.574	1	7	174	168.389	0
24.061	1	168	61	1881.77	0
24.062	1	73	62	1204.26	0
22.575	1	164	175	663.588	0
24.063	1	141	63	105.655	0
24.064	1	53	64	197.67	0
22.576	1	191	176	234.662	0
24.065	1	163	65	184.283	0
22.577	1	131	177	400.825	0
24.066	1	62	66	264.706	0
22.578	1	122	178	316.265	0
24.067	1	89	67	1071.98	0
24.068	1	173	68	71.8557	0
24.069	1	112	69	487.7	0
24.07	1	93	70	101.466	0
24.071	1	136	71	78.5811	0
24.072	1	121	72	521.493	0
24.073	1	85	73	264.398	0
24.074	1	2	74	79.4319	0
22.585	1	71	185	160.951	0
22.586	1	76	186	229.819	0
24.075	1	158	75	1977.72	0
22.587	1	82	187	1529.2	0
22.588	1	184	188	260.622	0
24.076	1	14	76	445.112	0
22.589	1	68	189	68.9949	0
24.077	1	1	77	310.56	0
22.59	1	177	190	86.0316	0
24.078	1	133	78	190.82	0
22.591	1	24	191	278.8	0
24.079	1	34	79	152.793	0
22.592	1	117	192	63.2172	0
24.08	1	18	80	82.0756	0
22.593	1	159	193	1889.34	0
24.081	1	149	81	1754.97	0
22.594	1	22	194	530.425	0
24.082	1	108	82	184.913	0
22.595	1	137	195	850.582	0
22.596	1	156	196	195.36	0
24.083	1	97	83	9916.02	0
22.597	1	25	197	220.036	0
22.598	1	50	198	130.936	0
24.084	1	148	84	42.6422	0
22.599	1	60	199	59.0986	0
24.085	1	51	85	502.036	0
24.086	1	9	86	532.073	0
22.6	1	36	200	408.895	0
24.087	1	132	87	229.604	0
24.088	1	181	88	219.506	0
22.601	1	78	201	227.884	0
22.602	1	128	202	251.264	0
24.089	1	43	89	201.068	0
24.09	1	84	90	330.103	0
22.603	1	144	203	1328.17	0
22.604	1	178	204	172.757	0
24.091	1	183	91	618.127	0
24.092	1	44	92	257.574	0
22.605	1	192	205	47.8421	0
22.606	1	146	206	865.76	0
24.093	1	77	93	707.587	0
24.094	1	31	94	382.273	0
22.607	1	140	207	504.822	0
22.608	1	45	208	46.3222	0
24.095	1	57	95	62.2851	0
24.096	1	172	96	75.3473	0
22.609	1	130	209	156.209	0
22.61	1	161	210	997.488	0
24.097	1	47	97	388.362	0
24.098	1	187	98	267.014	0
22.611	1	153	211	446.158	0
22.612	1	124	212	258.979	0
24.099	1	180	99	84.3695	0
22.613	1	167	213	392.918	0
22.614	1	81	214	882.579	0
24.1	1	147	100	4833.86	0
22.615	1	185	215	167.019	0
24.101	1	46	101	383.854	0
24.102	1	155	102	58.1682	0
24.103	1	21	103	123.539	0
24.104	1	6	104	280.77	0
24.105	1	29	105	90.4541	0
24.106	1	182	106	228.351	0
24.108	1	96	108	262.894	0
24.109	1	42	109	407.691	0
24.11	1	165	110	1313.78	0
24.111	1	69	111	10302.1	0
24.112	1	88	112	1227.42	0
24.113	1	188	113	1092.85	0
24.114	1	152	114	1068.61	0
24.115	1	162	115	122.65	0
24.116	1	11	116	179.629	0
24.117	1	139	117	2017.51	0
24.118	1	98	118	379.543	0
24.119	1	23	119	778.318	0
24.12	1	10	120	3660.73	0
24.121	1	12	121	472.179	0
24.122	1	120	122	1427.62	0
24.123	1	150	123	179.564	0
24.124	1	8	124	239.025	0
24.125	1	16	125	321.841	0
24.126	1	169	126	104.978	0
24.127	1	94	127	54.2358	0
24.128	1	170	128	3853.31	0
24.129	1	54	129	244.737	0
24.13	1	125	130	581.173	0
24.131	1	90	131	596.059	0
24.132	1	134	132	184.508	0
24.133	1	186	133	4216.66	0
24.134	1	67	134	6543.58	0
24.135	1	102	135	10361.2	0
24.136	1	63	136	4391.31	0
24.137	1	145	137	2796.85	0
24.138	1	127	138	200.845	0
24.14	1	154	140	1097.94	0
24.141	1	20	141	97.1091	0
24.142	1	52	142	64.5878	0
24.143	1	138	143	1181.17	0
24.144	1	83	144	131.564	0
24.145	1	5	145	2259.41	0
24.146	1	109	146	229.44	0
24.147	1	33	147	1626.08	0
24.148	1	123	148	108.611	0
24.149	1	99	149	3801.36	0
24.15	1	104	150	228.008	0
24.151	1	113	151	1644.55	0
24.152	1	106	152	157.403	0
24.153	1	65	153	57.0159	0
24.154	1	129	154	969.909	0
24.155	1	199	155	163.823	0
24.163	1	64	163	320.261	0
24.164	1	59	164	875.078	0
24.165	1	114	165	275.677	0
24.166	1	198	166	194.794	0
24.167	1	41	167	185.587	0
24.168	1	56	168	129.091	0
24.169	1	190	169	82.9239	0
24.17	1	75	170	284.489	0
24.171	1	87	171	2688.39	0
24.172	1	26	172	5814.45	0
24.173	1	15	173	67.6101	0
24.174	1	7	174	174.659	0
24.175	1	164	175	276.461	0
24.176	1	191	176	125.298	0
24.177	1	131	177	261.766	0
24.178	1	122	178	304.278	0
24.185	1	71	185	370.521	0
24.186	1	76	186	383.64	0
24.187	1	82	187	2264.57	0
24.188	1	184	188	102.563	0
24.189	1	68	189	55.654	0
24.19	1	177	190	165.836	0
24.191	1	24	191	171.981	0
24.192	1	117	192	91.9965	0
24.193	1	159	193	2008.98	0
24.194	1	22	194	410.046	0
24.195	1	137	195	559.612	0
24.196	1	156	196	201.398	0
24.197	1	25	197	267.732	0
24.198	1	50	198	57.4629	0
24.199	1	60	199	171.408	0
24.2	1	36	200	272.56	0
24.201	1	78	201	115.607	0
24.202	1	128	202	295.766	0
24.203	1	144	203	919.987	0
24.204	1	178	204	146.391	0
24.205	1	192	205	113.732	0
24.206	1	146	206	400.903	0
24.207	1	140	207	833.82	0
24.208	1	45	208	157.229	0
24.209	1	130	209	99.5221	0
22.721	1	143	1	461.157	0
24.21	1	161	210	932.172	0
22.722	1	70	2	245.857	0
24.211	1	153	211	112.381	0
22.723	1	110	3	272.169	0
24.212	1	124	212	208.844	0
22.724	1	13	4	123.425	0
24.213	1	167	213	735.176	0
22.725	1	66	5	125.02	0
24.214	1	81	214	606.574	0
22.726	1	72	6	102.364	0
24.215	1	185	215	377.363	0
22.727	1	103	7	5721.49	0
22.728	1	92	8	1186.07	0
22.729	1	157	9	355.237	0
22.73	1	27	10	209.763	0
22.731	1	58	11	6165.58	0
22.732	1	115	12	502.382	0
22.733	1	48	13	202.776	0
22.734	1	37	14	3374.07	0
22.735	1	135	15	162.055	0
22.736	1	193	16	150.908	0
22.737	1	197	17	490.276	0
22.738	1	38	18	208.324	0
22.739	1	189	19	1408.88	0
22.74	1	40	20	4400.92	0
22.741	1	142	21	418.731	0
22.742	1	86	22	1427.17	0
22.743	1	100	23	1787.98	0
22.744	1	166	24	139.301	0
22.745	1	118	25	861.284	0
22.746	1	49	26	301.958	0
22.747	1	196	27	325.072	0
22.748	1	119	28	39.8823	0
22.749	1	200	29	206.652	0
22.75	1	55	30	194.19	0
22.751	1	95	31	101.303	0
22.752	1	107	32	173.101	0
22.753	1	101	33	353.565	0
22.754	1	116	34	1865.73	0
22.755	1	61	35	106.32	0
22.756	1	111	36	267.35	0
22.757	1	3	37	54.5797	0
22.758	1	4	38	184.889	0
22.759	1	195	39	498.059	0
22.76	1	30	40	2052	0
22.761	1	91	41	69.071	0
22.762	1	35	42	300.02	0
22.763	1	19	43	184.115	0
22.764	1	176	44	338.877	0
22.765	1	32	45	118.356	0
22.766	1	126	46	217.165	0
22.767	1	151	47	6557.16	0
22.768	1	160	48	232.518	0
22.769	1	79	49	1787.67	0
22.77	1	171	50	49.2992	0
22.771	1	175	51	5202.69	0
22.772	1	17	52	230.105	0
22.773	1	174	53	77.1434	0
22.774	1	74	54	470.722	0
22.775	1	39	55	132.818	0
22.776	1	179	56	128.808	0
22.777	1	194	57	2670.78	0
22.778	1	28	58	553.806	0
22.779	1	80	59	28.7478	0
22.78	1	105	60	116.548	0
22.781	1	168	61	1937.19	0
22.782	1	73	62	2255.65	0
22.783	1	141	63	233.893	0
22.784	1	53	64	173.957	0
22.785	1	163	65	236.944	0
22.786	1	62	66	210.692	0
22.787	1	89	67	1337.3	0
22.788	1	173	68	182.775	0
22.789	1	112	69	329.369	0
22.79	1	93	70	58.0802	0
22.791	1	136	71	120.49	0
22.792	1	121	72	199.363	0
22.793	1	85	73	244.292	0
22.794	1	2	74	81.1746	0
22.795	1	158	75	1653.8	0
22.796	1	14	76	183.661	0
22.797	1	1	77	671.193	0
22.798	1	133	78	355.038	0
22.799	1	34	79	212.861	0
22.8	1	18	80	75.5703	0
22.801	1	149	81	310.661	0
22.802	1	108	82	246.412	0
22.803	1	97	83	6270.7	0
22.804	1	148	84	72.1704	0
22.805	1	51	85	876.078	0
22.806	1	9	86	818.618	0
22.807	1	132	87	273.555	0
22.808	1	181	88	348.226	0
22.809	1	43	89	351.27	0
22.81	1	84	90	227.219	0
22.811	1	183	91	749.199	0
22.812	1	44	92	1069.54	0
22.813	1	77	93	689.284	0
22.814	1	31	94	346.961	0
22.815	1	57	95	125.231	0
22.816	1	172	96	100.392	0
22.817	1	47	97	367.088	0
22.818	1	187	98	1050.5	0
22.819	1	180	99	281.313	0
22.82	1	147	100	4095.79	0
22.821	1	46	101	493.895	0
22.822	1	155	102	142.397	0
22.823	1	21	103	272.237	0
22.824	1	6	104	238.687	0
22.825	1	29	105	99.4904	0
22.826	1	182	106	270.999	0
22.828	1	96	108	262.607	0
22.829	1	42	109	626.009	0
22.83	1	165	110	1789.45	0
22.831	1	69	111	4000.93	0
22.832	1	88	112	842.591	0
22.833	1	188	113	1040.49	0
22.834	1	152	114	448.134	0
22.835	1	162	115	230.801	0
22.836	1	11	116	287.272	0
22.837	1	139	117	949.428	0
24.321	1	143	1	580.924	0
22.838	1	98	118	522.723	0
24.322	1	70	2	162.118	0
22.839	1	23	119	698.94	0
22.84	1	10	120	3364.7	0
24.323	1	110	3	287.394	0
24.324	1	13	4	58.264	0
24.325	1	66	5	65.4471	0
22.841	1	12	121	496.418	0
22.842	1	120	122	2743.16	0
24.326	1	72	6	332.133	0
22.843	1	150	123	84.4399	0
24.327	1	103	7	1466.53	0
22.844	1	8	124	145.444	0
24.328	1	92	8	1480.63	0
22.845	1	16	125	243.036	0
24.329	1	157	9	401.873	0
22.846	1	169	126	92.9425	0
24.33	1	27	10	62.1085	0
22.847	1	94	127	88.038	0
24.331	1	58	11	2429.83	0
22.848	1	170	128	1981.88	0
24.332	1	115	12	274.735	0
22.849	1	54	129	451.781	0
24.333	1	48	13	571.108	0
22.85	1	125	130	471.099	0
24.334	1	37	14	3942.42	0
22.851	1	90	131	652.773	0
24.335	1	135	15	43.4646	0
24.336	1	193	16	142.503	0
22.852	1	134	132	320.947	0
24.337	1	197	17	349.789	0
22.853	1	186	133	4424.61	0
22.854	1	67	134	3018.07	0
24.338	1	38	18	129.866	0
22.855	1	102	135	4516.25	0
24.339	1	189	19	1251.73	0
22.856	1	63	136	2765.41	0
24.34	1	40	20	3057.39	0
22.857	1	145	137	1148.54	0
24.341	1	142	21	378.337	0
22.858	1	127	138	161.078	0
24.342	1	86	22	1164.85	0
22.86	1	154	140	749.134	0
24.343	1	100	23	3329.45	0
22.861	1	20	141	253.028	0
24.344	1	166	24	107.856	0
24.345	1	118	25	759.924	0
24.346	1	49	26	783.839	0
22.862	1	52	142	232.421	0
24.347	1	196	27	519.962	0
22.863	1	138	143	684.18	0
24.348	1	119	28	62.3836	0
22.864	1	83	144	113.02	0
24.349	1	200	29	134.141	0
22.865	1	5	145	4264.88	0
24.35	1	55	30	85.9528	0
22.866	1	109	146	252.638	0
24.351	1	95	31	251.846	0
22.867	1	33	147	1498.94	0
22.868	1	123	148	162.506	0
24.352	1	107	32	56.4336	0
22.869	1	99	149	3498.29	0
22.87	1	104	150	288.174	0
24.353	1	101	33	122.948	0
24.354	1	116	34	1398.83	0
22.871	1	113	151	2152.34	0
22.872	1	106	152	153.466	0
24.355	1	61	35	134.038	0
24.356	1	111	36	511.682	0
22.873	1	65	153	57.0159	0
22.874	1	129	154	373.526	0
24.357	1	3	37	56.3537	0
22.875	1	199	155	147.955	0
24.358	1	4	38	110.105	0
24.359	1	195	39	216.935	0
24.36	1	30	40	3202.27	0
24.361	1	91	41	109.954	0
24.362	1	35	42	110.436	0
24.363	1	19	43	242.301	0
24.364	1	176	44	225.168	0
24.365	1	32	45	218.821	0
24.366	1	126	46	276.672	0
22.883	1	64	163	342.335	0
24.367	1	151	47	3304.68	0
24.368	1	160	48	439.862	0
22.884	1	59	164	527.572	0
24.369	1	79	49	2099.23	0
22.885	1	114	165	305.531	0
24.37	1	171	50	80.9452	0
22.886	1	198	166	74.8644	0
24.371	1	175	51	4357.87	0
22.887	1	41	167	330.232	0
24.372	1	17	52	219.128	0
22.888	1	56	168	155.403	0
24.373	1	174	53	102.771	0
22.889	1	190	169	121.62	0
24.374	1	74	54	388.544	0
22.89	1	75	170	231.403	0
22.891	1	87	171	2370.85	0
24.375	1	39	55	108.618	0
22.892	1	26	172	11153.1	0
24.376	1	179	56	134.103	0
22.893	1	15	173	78.8755	0
22.894	1	7	174	198.571	0
24.377	1	194	57	1980.1	0
24.378	1	28	58	544.954	0
22.895	1	164	175	532.062	0
22.896	1	191	176	236.701	0
24.379	1	80	59	95.9697	0
24.38	1	105	60	132.277	0
22.897	1	131	177	344.779	0
24.381	1	168	61	1075.95	0
22.898	1	122	178	234.736	0
24.382	1	73	62	1872.76	0
24.383	1	141	63	78.1753	0
24.384	1	53	64	301.167	0
24.385	1	163	65	70.3344	0
24.386	1	62	66	389.97	0
24.387	1	89	67	1122.96	0
24.388	1	173	68	290.69	0
22.905	1	71	185	227.851	0
22.906	1	76	186	393.701	0
24.389	1	112	69	452.565	0
24.39	1	93	70	77.9348	0
22.907	1	82	187	1758.93	0
22.908	1	184	188	134.236	0
24.391	1	136	71	121.42	0
24.392	1	121	72	145.698	0
22.909	1	68	189	50.7623	0
22.91	1	177	190	65.3451	0
24.393	1	85	73	106.893	0
24.394	1	2	74	56.5342	0
22.911	1	24	191	60.3985	0
22.912	1	117	192	47.6351	0
24.395	1	158	75	612.759	0
24.396	1	14	76	219.736	0
22.913	1	159	193	1729.39	0
22.914	1	22	194	306.568	0
24.397	1	1	77	396.124	0
24.398	1	133	78	373.867	0
22.915	1	137	195	283.445	0
24.399	1	34	79	63.437	0
24.4	1	18	80	102.397	0
22.916	1	156	196	152.634	0
24.401	1	149	81	659.378	0
24.402	1	108	82	234.19	0
22.917	1	25	197	333.966	0
24.403	1	97	83	2766.39	0
22.918	1	50	198	211	0
24.404	1	148	84	112.357	0
22.919	1	60	199	127.146	0
24.405	1	51	85	323.726	0
24.406	1	9	86	1057.14	0
24.407	1	132	87	125.104	0
22.92	1	36	200	622.389	0
24.408	1	181	88	209.782	0
22.921	1	78	201	285.04	0
24.409	1	43	89	286.448	0
22.922	1	128	202	192.451	0
24.41	1	84	90	169.68	0
22.923	1	144	203	1479.5	0
24.411	1	183	91	805.293	0
22.924	1	178	204	116.944	0
24.412	1	44	92	580.757	0
22.925	1	192	205	62.4687	0
24.413	1	77	93	1450.98	0
22.926	1	146	206	305.893	0
24.414	1	31	94	435.737	0
22.927	1	140	207	417.639	0
24.415	1	57	95	145.791	0
22.928	1	45	208	119.833	0
22.929	1	130	209	132.537	0
22.93	1	161	210	533.294	0
24.416	1	172	96	258.577	0
22.931	1	153	211	184.745	0
22.932	1	124	212	368.718	0
22.933	1	167	213	385.875	0
24.417	1	47	97	387.883	0
24.418	1	187	98	365.007	0
22.934	1	81	214	992.452	0
24.419	1	180	99	218.137	0
22.935	1	185	215	692.326	0
24.42	1	147	100	5298.22	0
24.421	1	46	101	237.521	0
24.422	1	155	102	175.546	0
24.423	1	21	103	293.479	0
24.424	1	6	104	251.939	0
24.425	1	29	105	105.709	0
24.426	1	182	106	240.59	0
24.428	1	96	108	278.448	0
24.429	1	42	109	507.917	0
24.43	1	165	110	992.148	0
24.431	1	69	111	3054.23	0
24.432	1	88	112	694.815	0
24.433	1	188	113	490.545	0
24.434	1	152	114	627.197	0
24.435	1	162	115	167.303	0
24.436	1	11	116	149.046	0
24.437	1	139	117	696.88	0
24.438	1	98	118	277.307	0
24.439	1	23	119	462.171	0
24.44	1	10	120	2355.85	0
24.441	1	12	121	329.939	0
24.442	1	120	122	2007.7	0
24.443	1	150	123	272.953	0
24.444	1	8	124	219.968	0
24.445	1	16	125	535.479	0
24.446	1	169	126	165.843	0
24.447	1	94	127	124.083	0
24.448	1	170	128	2235.26	0
24.449	1	54	129	160.022	0
24.45	1	125	130	396.924	0
24.451	1	90	131	138.64	0
24.452	1	134	132	58.2628	0
24.453	1	186	133	7338.63	0
24.454	1	67	134	7052.38	0
24.455	1	102	135	11276.1	0
24.456	1	63	136	4539.81	0
24.457	1	145	137	3380.09	0
24.458	1	127	138	269.603	0
24.46	1	154	140	1606.02	0
24.461	1	20	141	290.999	0
24.462	1	52	142	139.837	0
24.463	1	138	143	310.534	0
24.464	1	83	144	72.5205	0
24.465	1	5	145	2323.67	0
24.466	1	109	146	400.183	0
24.467	1	33	147	1671.65	0
24.468	1	123	148	37.4814	0
24.469	1	99	149	5390.69	0
24.47	1	104	150	151.414	0
24.471	1	113	151	891.723	0
24.472	1	106	152	243.357	0
24.473	1	65	153	59.6666	0
24.474	1	129	154	1085.6	0
24.475	1	199	155	171.44	0
24.483	1	64	163	159.337	0
24.484	1	59	164	1468.69	0
24.485	1	114	165	593.576	0
24.486	1	198	166	147.692	0
24.487	1	41	167	521.628	0
24.488	1	56	168	184.771	0
24.489	1	190	169	83.7564	0
24.49	1	75	170	211.734	0
24.491	1	87	171	1199.01	0
24.492	1	26	172	9776.93	0
24.493	1	15	173	68.3402	0
24.494	1	7	174	178.676	0
24.495	1	164	175	229.228	0
24.496	1	191	176	141.683	0
24.497	1	131	177	153.728	0
24.498	1	122	178	123.436	0
24.505	1	71	185	155.676	0
24.506	1	76	186	338.376	0
24.507	1	82	187	2581.59	0
24.508	1	184	188	344.933	0
24.509	1	68	189	86.1541	0
24.51	1	177	190	74.8015	0
24.511	1	24	191	104.289	0
24.512	1	117	192	71.8302	0
24.513	1	159	193	1572.64	0
24.514	1	22	194	193.318	0
24.515	1	137	195	324.534	0
24.516	1	156	196	323.681	0
24.517	1	25	197	206.339	0
24.518	1	50	198	303.673	0
24.519	1	60	199	115.648	0
24.52	1	36	200	213.072	0
24.521	1	78	201	55.4647	0
24.522	1	128	202	387.576	0
24.523	1	144	203	1025.73	0
24.524	1	178	204	149.345	0
24.525	1	192	205	71.303	0
24.526	1	146	206	613.577	0
24.527	1	140	207	915.244	0
24.528	1	45	208	140.058	0
24.529	1	130	209	242.184	0
24.53	1	161	210	887.349	0
23.041	1	143	1	597.33	0
24.531	1	153	211	174.522	0
23.042	1	70	2	219.351	0
24.532	1	124	212	159.067	0
23.043	1	110	3	136.291	0
24.533	1	167	213	393.781	0
23.044	1	13	4	103.302	0
24.534	1	81	214	1453.35	0
23.045	1	66	5	396.46	0
23.046	1	72	6	163.002	0
24.535	1	185	215	363.406	0
23.047	1	103	7	893.602	0
23.048	1	92	8	432.827	0
23.049	1	157	9	361.908	0
23.05	1	27	10	157.963	0
23.051	1	58	11	5820.54	0
23.052	1	115	12	509.101	0
23.053	1	48	13	488.857	0
23.054	1	37	14	8675.49	0
23.055	1	135	15	127.291	0
23.056	1	193	16	865.186	0
23.057	1	197	17	149.914	0
23.058	1	38	18	144.807	0
23.059	1	189	19	770.188	0
23.06	1	40	20	2003.25	0
23.061	1	142	21	554.695	0
23.062	1	86	22	990.994	0
23.063	1	100	23	1407.86	0
23.064	1	166	24	304.802	0
23.065	1	118	25	461.506	0
23.066	1	49	26	212.539	0
23.067	1	196	27	348.685	0
23.068	1	119	28	143.826	0
23.069	1	200	29	286.046	0
23.07	1	55	30	76.5399	0
23.071	1	95	31	203.592	0
23.072	1	107	32	62.8338	0
23.073	1	101	33	207.831	0
23.074	1	116	34	2473.69	0
23.075	1	61	35	53.214	0
23.076	1	111	36	383.437	0
23.077	1	3	37	36.2689	0
23.078	1	4	38	211.618	0
23.079	1	195	39	164.094	0
23.08	1	30	40	912.115	0
23.081	1	91	41	111.016	0
23.082	1	35	42	108.192	0
23.083	1	19	43	111.218	0
23.084	1	176	44	206.523	0
23.085	1	32	45	60.911	0
23.086	1	126	46	474.495	0
23.087	1	151	47	9225.1	0
23.088	1	160	48	479.378	0
23.089	1	79	49	6953.78	0
23.09	1	171	50	77.5653	0
23.091	1	175	51	14407.4	0
23.092	1	17	52	251.936	0
23.093	1	174	53	74.0392	0
23.094	1	74	54	149.783	0
23.095	1	39	55	85.8345	0
23.096	1	179	56	117.38	0
23.097	1	194	57	3551.51	0
23.098	1	28	58	769.001	0
23.099	1	80	59	87.0874	0
23.1	1	105	60	59.9161	0
23.101	1	168	61	1830.16	0
23.102	1	73	62	2789.39	0
23.103	1	141	63	150.561	0
23.104	1	53	64	93.971	0
23.105	1	163	65	100.421	0
23.106	1	62	66	344.827	0
23.107	1	89	67	1623.25	0
23.108	1	173	68	142.416	0
23.109	1	112	69	326.583	0
23.11	1	93	70	174.658	0
23.111	1	136	71	85.3055	0
23.112	1	121	72	247.588	0
23.113	1	85	73	184.074	0
23.114	1	2	74	42.0868	0
23.115	1	158	75	1806.77	0
23.116	1	14	76	246.605	0
23.117	1	1	77	440.654	0
23.118	1	133	78	228.52	0
23.119	1	34	79	154.172	0
23.12	1	18	80	75.9147	0
23.121	1	149	81	1686.64	0
23.122	1	108	82	204.138	0
23.123	1	97	83	4862.3	0
23.124	1	148	84	93.8886	0
23.125	1	51	85	695.206	0
23.126	1	9	86	993.295	0
23.127	1	132	87	362.453	0
23.128	1	181	88	134.276	0
23.129	1	43	89	242.952	0
23.13	1	84	90	285.582	0
23.131	1	183	91	533.965	0
23.132	1	44	92	149.025	0
23.133	1	77	93	556.202	0
23.134	1	31	94	223.821	0
23.135	1	57	95	119.49	0
23.136	1	172	96	195.186	0
23.137	1	47	97	353.931	0
23.138	1	187	98	602.169	0
23.139	1	180	99	108.032	0
23.14	1	147	100	4690.12	0
23.141	1	46	101	259.184	0
23.142	1	155	102	210.032	0
23.143	1	21	103	289.956	0
23.144	1	6	104	146.627	0
23.145	1	29	105	139.866	0
23.146	1	182	106	249.762	0
24.641	1	143	1	499.661	0
23.148	1	96	108	207.426	0
24.642	1	70	2	123.307	0
23.149	1	42	109	376.666	0
23.15	1	165	110	821.668	0
24.643	1	110	3	416.058	0
24.644	1	13	4	63.4469	0
23.151	1	69	111	4036.34	0
24.645	1	66	5	177.069	0
24.646	1	72	6	157.925	0
23.152	1	88	112	1053.31	0
24.647	1	103	7	3669.07	0
23.153	1	188	113	1707.03	0
24.648	1	92	8	1189.06	0
23.154	1	152	114	638.183	0
24.649	1	157	9	236.397	0
23.155	1	162	115	224.709	0
24.65	1	27	10	107.644	0
23.156	1	11	116	377.1	0
24.651	1	58	11	3586.12	0
23.157	1	139	117	991.06	0
24.652	1	115	12	203.832	0
23.158	1	98	118	356.427	0
24.653	1	48	13	244.651	0
23.159	1	23	119	318.334	0
24.654	1	37	14	10384.4	0
23.16	1	10	120	1890.3	0
24.655	1	135	15	179.311	0
23.161	1	12	121	370.843	0
24.656	1	193	16	144.123	0
24.657	1	197	17	495.58	0
23.162	1	120	122	1650.78	0
24.658	1	38	18	96.0757	0
23.163	1	150	123	156.745	0
23.164	1	8	124	206.066	0
24.659	1	189	19	873.981	0
24.66	1	40	20	10420.6	0
23.165	1	16	125	355.182	0
24.661	1	142	21	364.429	0
23.166	1	169	126	81.2544	0
23.167	1	94	127	110.001	0
23.168	1	170	128	2615.86	0
24.662	1	86	22	1352.71	0
24.663	1	100	23	1725.38	0
23.169	1	54	129	82.62	0
24.664	1	166	24	196.903	0
23.17	1	125	130	345.981	0
24.665	1	118	25	375.341	0
23.171	1	90	131	722.608	0
24.666	1	49	26	466.192	0
23.172	1	134	132	105.271	0
24.667	1	196	27	302.311	0
23.173	1	186	133	1658.97	0
24.668	1	119	28	130.886	0
23.174	1	67	134	13312	0
24.669	1	200	29	159.203	0
24.67	1	55	30	121.399	0
23.175	1	102	135	6149.05	0
24.671	1	95	31	289.966	0
24.672	1	107	32	172.272	0
23.176	1	63	136	2605.88	0
24.673	1	101	33	111.998	0
23.177	1	145	137	651.193	0
24.674	1	116	34	2127.4	0
23.178	1	127	138	140.953	0
24.675	1	61	35	125.389	0
23.18	1	154	140	1169.86	0
23.181	1	20	141	245.836	0
24.676	1	111	36	228.092	0
23.182	1	52	142	134.885	0
24.677	1	3	37	55.3447	0
24.678	1	4	38	124.598	0
23.183	1	138	143	479.226	0
24.679	1	195	39	370.814	0
24.68	1	30	40	1654.95	0
23.184	1	83	144	159.881	0
24.681	1	91	41	277.684	0
23.185	1	5	145	2933.59	0
24.682	1	35	42	293.5	0
23.186	1	109	146	277.073	0
23.187	1	33	147	2573.19	0
24.683	1	19	43	148.713	0
23.188	1	123	148	47.23	0
23.189	1	99	149	1851.52	0
24.684	1	176	44	96.1369	0
23.19	1	104	150	132.263	0
24.685	1	32	45	102.535	0
24.686	1	126	46	223.879	0
23.191	1	113	151	2293.81	0
23.192	1	106	152	107.518	0
24.687	1	151	47	5907.53	0
24.688	1	160	48	518.624	0
23.193	1	65	153	66.053	0
23.194	1	129	154	453.418	0
24.689	1	79	49	1713.89	0
24.69	1	171	50	112.873	0
23.195	1	199	155	263.596	0
24.691	1	175	51	5419.42	0
24.692	1	17	52	450.356	0
24.693	1	174	53	103.574	0
24.694	1	74	54	573.304	0
24.695	1	39	55	79.6415	0
24.696	1	179	56	50.9103	0
24.697	1	194	57	4566.38	0
24.698	1	28	58	717.004	0
24.699	1	80	59	27.1145	0
23.203	1	64	163	444.296	0
23.204	1	59	164	1115.63	0
24.7	1	105	60	148.539	0
23.205	1	114	165	371.536	0
24.701	1	168	61	1179.02	0
23.206	1	198	166	196.608	0
24.702	1	73	62	1380.76	0
23.207	1	41	167	237.883	0
23.208	1	56	168	282.291	0
24.703	1	141	63	65.5729	0
24.704	1	53	64	451.381	0
23.209	1	190	169	55.5539	0
23.21	1	75	170	69.9631	0
24.705	1	163	65	138.238	0
24.706	1	62	66	264.505	0
23.211	1	87	171	1476.34	0
23.212	1	26	172	2267.21	0
24.707	1	89	67	1899.19	0
24.708	1	173	68	60.1032	0
23.213	1	15	173	118.53	0
23.214	1	7	174	140.2	0
24.709	1	112	69	1166.45	0
24.71	1	93	70	25.3729	0
23.215	1	164	175	167.734	0
24.711	1	136	71	93.7696	0
24.712	1	121	72	173.552	0
24.713	1	85	73	265.749	0
23.216	1	191	176	212.796	0
24.714	1	2	74	108.935	0
24.715	1	158	75	3304.14	0
23.217	1	131	177	219.336	0
23.218	1	122	178	309.937	0
24.716	1	14	76	274.264	0
24.717	1	1	77	387.634	0
24.718	1	133	78	394.487	0
24.719	1	34	79	40.0426	0
24.72	1	18	80	32.1333	0
23.225	1	71	185	191.271	0
23.226	1	76	186	200.394	0
24.721	1	149	81	563.076	0
24.722	1	108	82	281.666	0
23.227	1	82	187	4020.93	0
23.228	1	184	188	135.068	0
24.723	1	97	83	7964.64	0
24.724	1	148	84	54.9875	0
23.229	1	68	189	108.565	0
23.23	1	177	190	149.485	0
24.725	1	51	85	502.671	0
24.726	1	9	86	826.46	0
23.231	1	24	191	368.038	0
23.232	1	117	192	94.1886	0
24.727	1	132	87	375.764	0
24.728	1	181	88	273.408	0
23.233	1	159	193	726.674	0
24.729	1	43	89	185.399	0
24.73	1	84	90	423.429	0
23.234	1	22	194	434.838	0
24.731	1	183	91	540.889	0
23.235	1	137	195	543.12	0
24.732	1	44	92	172.685	0
23.236	1	156	196	55.6149	0
24.733	1	77	93	945.759	0
23.237	1	25	197	354.908	0
23.238	1	50	198	185.561	0
24.734	1	31	94	611.617	0
23.239	1	60	199	172.281	0
24.735	1	57	95	68.023	0
23.24	1	36	200	395.64	0
24.736	1	172	96	44.4407	0
24.737	1	47	97	519.692	0
24.738	1	187	98	189.891	0
23.241	1	78	201	157.478	0
24.739	1	180	99	216.371	0
23.242	1	128	202	460.285	0
24.74	1	147	100	3635.45	0
23.243	1	144	203	2168.76	0
23.244	1	178	204	55.6626	0
24.741	1	46	101	478.027	0
23.245	1	192	205	56.6545	0
23.246	1	146	206	528.309	0
24.742	1	155	102	336.499	0
23.247	1	140	207	707.029	0
24.743	1	21	103	382.785	0
24.744	1	6	104	136.935	0
23.248	1	45	208	116.061	0
24.745	1	29	105	117.414	0
23.249	1	130	209	202.676	0
23.25	1	161	210	1008.49	0
24.746	1	182	106	114.551	0
23.251	1	153	211	240.905	0
24.748	1	96	108	167.187	0
23.252	1	124	212	288.494	0
24.749	1	42	109	252.638	0
24.75	1	165	110	1475.84	0
23.253	1	167	213	362.023	0
23.254	1	81	214	944.324	0
24.751	1	69	111	1935.66	0
23.255	1	185	215	88.3109	0
24.752	1	88	112	1151.58	0
24.753	1	188	113	644.987	0
24.754	1	152	114	505.407	0
24.755	1	162	115	184.066	0
24.756	1	11	116	240.552	0
24.757	1	139	117	1468.68	0
24.758	1	98	118	342.499	0
24.759	1	23	119	535.673	0
24.76	1	10	120	2687.33	0
24.761	1	12	121	449.275	0
24.762	1	120	122	943.147	0
24.763	1	150	123	245.282	0
24.764	1	8	124	123.622	0
24.765	1	16	125	387.177	0
24.766	1	169	126	123.948	0
24.767	1	94	127	60.1299	0
24.768	1	170	128	2002.03	0
24.769	1	54	129	76.5979	0
24.77	1	125	130	853.394	0
24.771	1	90	131	1079.53	0
24.772	1	134	132	137.226	0
24.773	1	186	133	5123.46	0
24.774	1	67	134	9612.85	0
24.775	1	102	135	6351.65	0
24.776	1	63	136	5814.73	0
24.777	1	145	137	1692.67	0
24.778	1	127	138	175.556	0
24.78	1	154	140	2631.87	0
24.781	1	20	141	90.236	0
24.782	1	52	142	93.4613	0
24.783	1	138	143	434.617	0
24.784	1	83	144	229.812	0
24.785	1	5	145	5617.84	0
24.786	1	109	146	569	0
24.787	1	33	147	3059.28	0
24.788	1	123	148	131.511	0
24.789	1	99	149	5673.7	0
24.79	1	104	150	165.864	0
24.791	1	113	151	1420.57	0
24.792	1	106	152	228.104	0
24.793	1	65	153	41.7972	0
24.794	1	129	154	1283.41	0
24.795	1	199	155	172.564	0
24.803	1	64	163	339.548	0
24.804	1	59	164	314.242	0
24.805	1	114	165	323.079	0
24.806	1	198	166	117.511	0
24.807	1	41	167	514.163	0
24.808	1	56	168	189.819	0
24.809	1	190	169	164.836	0
24.81	1	75	170	487.412	0
24.811	1	87	171	2156.68	0
24.812	1	26	172	5923.33	0
24.813	1	15	173	175.827	0
24.814	1	7	174	137.669	0
24.815	1	164	175	818.893	0
24.816	1	191	176	75.5732	0
24.817	1	131	177	302.98	0
24.818	1	122	178	261.711	0
24.825	1	71	185	107.339	0
24.826	1	76	186	269.546	0
24.827	1	82	187	3676.17	0
24.828	1	184	188	118.441	0
24.829	1	68	189	53.8381	0
24.83	1	177	190	168.927	0
24.831	1	24	191	96.5516	0
24.832	1	117	192	57.0368	0
24.833	1	159	193	3033.16	0
24.834	1	22	194	456.401	0
24.835	1	137	195	811.484	0
24.836	1	156	196	213.219	0
24.837	1	25	197	251.363	0
24.838	1	50	198	259.282	0
24.839	1	60	199	118.902	0
24.84	1	36	200	147.732	0
24.841	1	78	201	162.282	0
24.842	1	128	202	710.102	0
24.843	1	144	203	1851.24	0
24.844	1	178	204	117.414	0
24.845	1	192	205	75.601	0
24.846	1	146	206	669.691	0
24.847	1	140	207	306.072	0
24.848	1	45	208	82.6353	0
24.849	1	130	209	344.944	0
24.85	1	161	210	595.03	0
24.851	1	153	211	221.531	0
24.852	1	124	212	77.7195	0
24.853	1	167	213	247.111	0
24.854	1	81	214	1301.48	0
24.855	1	185	215	280.029	0
23.361	1	143	1	418.924	0
23.362	1	70	2	147.358	0
23.363	1	110	3	657.219	0
23.364	1	13	4	65.8033	0
23.365	1	66	5	119.264	0
23.366	1	72	6	144.403	0
23.367	1	103	7	3206.79	0
23.368	1	92	8	835.453	0
23.369	1	157	9	226.512	0
23.37	1	27	10	97.2353	0
23.371	1	58	11	15514.9	0
23.372	1	115	12	398.248	0
23.373	1	48	13	259.354	0
23.374	1	37	14	8231.42	0
23.375	1	135	15	102.74	0
23.376	1	193	16	241.586	0
23.377	1	197	17	527.487	0
23.378	1	38	18	252.734	0
23.379	1	189	19	2122.79	0
23.38	1	40	20	5075.3	0
23.381	1	142	21	140.525	0
23.382	1	86	22	1807.79	0
23.383	1	100	23	1661.63	0
23.384	1	166	24	97.1118	0
23.385	1	118	25	323.024	0
23.386	1	49	26	482.307	0
23.387	1	196	27	431.257	0
23.388	1	119	28	65.4948	0
23.389	1	200	29	222.705	0
23.39	1	55	30	68.3138	0
23.391	1	95	31	297.014	0
23.392	1	107	32	60.3524	0
23.393	1	101	33	200.211	0
23.394	1	116	34	1551.05	0
23.395	1	61	35	61.1636	0
23.396	1	111	36	711.63	0
23.397	1	3	37	72.4737	0
23.398	1	4	38	107.08	0
23.399	1	195	39	361.872	0
23.4	1	30	40	1133.45	0
23.401	1	91	41	232.277	0
23.402	1	35	42	299.89	0
23.403	1	19	43	77.8537	0
23.404	1	176	44	220.955	0
23.405	1	32	45	171.548	0
23.406	1	126	46	197.34	0
23.407	1	151	47	9996.21	0
23.408	1	160	48	193.243	0
23.409	1	79	49	1464.6	0
23.41	1	171	50	110.925	0
23.411	1	175	51	7138.04	0
23.412	1	17	52	209.464	0
23.413	1	174	53	79.1459	0
23.414	1	74	54	316.616	0
23.415	1	39	55	81.4484	0
23.416	1	179	56	90.063	0
23.417	1	194	57	1511.97	0
23.418	1	28	58	495.38	0
23.419	1	80	59	38.2001	0
23.42	1	105	60	207.514	0
23.421	1	168	61	4646.47	0
23.422	1	73	62	1082.08	0
23.423	1	141	63	219.403	0
23.424	1	53	64	268.384	0
23.425	1	163	65	143.7	0
23.426	1	62	66	349.96	0
23.427	1	89	67	5413.98	0
23.428	1	173	68	51.5269	0
23.429	1	112	69	709.063	0
23.43	1	93	70	69.3685	0
23.431	1	136	71	76.7547	0
23.432	1	121	72	199.6	0
23.433	1	85	73	244.243	0
23.434	1	2	74	85.3617	0
23.435	1	158	75	1724.47	0
23.436	1	14	76	143.971	0
23.437	1	1	77	359.482	0
23.438	1	133	78	545.55	0
23.439	1	34	79	96.1413	0
23.44	1	18	80	31.3974	0
23.441	1	149	81	609.302	0
23.442	1	108	82	303.08	0
23.443	1	97	83	9216.71	0
23.444	1	148	84	61.5993	0
23.445	1	51	85	789.1	0
23.446	1	9	86	843.945	0
23.447	1	132	87	261.997	0
23.448	1	181	88	66.9558	0
23.449	1	43	89	156.552	0
23.45	1	84	90	250.18	0
23.451	1	183	91	335.466	0
23.452	1	44	92	221.41	0
23.453	1	77	93	399.454	0
23.454	1	31	94	406.903	0
23.455	1	57	95	79.9324	0
23.456	1	172	96	247.111	0
23.457	1	47	97	450.244	0
23.458	1	187	98	339.763	0
23.459	1	180	99	63.3418	0
23.46	1	147	100	4007.81	0
23.461	1	46	101	465.438	0
23.462	1	155	102	201.846	0
23.463	1	21	103	216.085	0
23.464	1	6	104	202.482	0
23.465	1	29	105	117.382	0
23.466	1	182	106	157.886	0
23.468	1	96	108	219.366	0
23.469	1	42	109	576.665	0
23.47	1	165	110	1041.18	0
23.471	1	69	111	7008.29	0
23.472	1	88	112	1070.66	0
23.473	1	188	113	451.596	0
23.474	1	152	114	208.706	0
23.475	1	162	115	210.064	0
23.476	1	11	116	265.727	0
23.477	1	139	117	1131.95	0
23.478	1	98	118	269.562	0
23.479	1	23	119	565.262	0
23.48	1	10	120	618.19	0
23.481	1	12	121	252.496	0
23.482	1	120	122	2274.13	0
23.483	1	150	123	370.963	0
23.484	1	8	124	126.814	0
23.485	1	16	125	393.832	0
23.486	1	169	126	53.1665	0
23.487	1	94	127	91.3121	0
23.488	1	170	128	1823.2	0
23.489	1	54	129	204.756	0
23.49	1	125	130	664.143	0
23.491	1	90	131	1078.05	0
23.492	1	134	132	77.5335	0
23.493	1	186	133	6558.48	0
23.494	1	67	134	2816.49	0
23.495	1	102	135	7172.05	0
23.496	1	63	136	2109.42	0
23.497	1	145	137	1087.17	0
23.498	1	127	138	245.126	0
23.5	1	154	140	1945.63	0
23.501	1	20	141	152.487	0
23.502	1	52	142	117.519	0
23.503	1	138	143	270.63	0
23.504	1	83	144	145.929	0
24.961	1	143	1	703.212	0
23.505	1	5	145	4486.74	0
23.506	1	109	146	112.654	0
24.962	1	70	2	58.2952	0
23.507	1	33	147	572.767	0
23.508	1	123	148	136.648	0
23.509	1	99	149	3226.13	0
24.963	1	110	3	491.498	0
23.51	1	104	150	120.588	0
23.511	1	113	151	1151.93	0
24.964	1	13	4	37.7041	0
23.512	1	106	152	144.59	0
23.513	1	65	153	100.022	0
23.514	1	129	154	746.378	0
24.965	1	66	5	196.481	0
23.515	1	199	155	56.668	0
24.966	1	72	6	162.337	0
24.967	1	103	7	1494.48	0
24.968	1	92	8	965.628	0
24.969	1	157	9	420.002	0
24.97	1	27	10	171.129	0
24.971	1	58	11	4921.83	0
23.523	1	64	163	687.762	0
23.524	1	59	164	780.952	0
24.972	1	115	12	886.703	0
23.525	1	114	165	142.049	0
23.526	1	198	166	88.5281	0
23.527	1	41	167	394.161	0
23.528	1	56	168	201.936	0
24.973	1	48	13	460.205	0
23.529	1	190	169	75.1929	0
24.974	1	37	14	7674.33	0
23.53	1	75	170	89.5166	0
23.531	1	87	171	2814.31	0
23.532	1	26	172	5064.82	0
23.533	1	15	173	35.3104	0
24.975	1	135	15	276.47	0
23.534	1	7	174	102.605	0
23.535	1	164	175	834.033	0
24.976	1	193	16	387.957	0
23.536	1	191	176	156.486	0
23.537	1	131	177	232.721	0
23.538	1	122	178	198.635	0
24.977	1	197	17	397.045	0
24.978	1	38	18	120.411	0
23.545	1	71	185	136.625	0
24.979	1	189	19	1894.65	0
23.546	1	76	186	220.786	0
24.98	1	40	20	4542.98	0
23.547	1	82	187	4835.53	0
23.548	1	184	188	89.8742	0
24.981	1	142	21	272.537	0
24.982	1	86	22	1416.76	0
23.549	1	68	189	105.741	0
23.55	1	177	190	212.157	0
24.983	1	100	23	1084.1	0
23.551	1	24	191	426	0
24.984	1	166	24	91.6532	0
23.552	1	117	192	55.2567	0
24.985	1	118	25	472.793	0
23.553	1	159	193	1396.3	0
24.986	1	49	26	454.753	0
23.554	1	22	194	274.926	0
24.987	1	196	27	913.915	0
23.555	1	137	195	497.309	0
24.988	1	119	28	80.5606	0
23.556	1	156	196	180.537	0
24.989	1	200	29	269.023	0
23.557	1	25	197	345.64	0
24.99	1	55	30	165.67	0
24.991	1	95	31	88.1922	0
23.558	1	50	198	142.123	0
24.992	1	107	32	85.4013	0
23.559	1	60	199	82.3569	0
24.993	1	101	33	222.199	0
23.56	1	36	200	363.909	0
24.994	1	116	34	1668.25	0
23.561	1	78	201	281.598	0
24.995	1	61	35	105.337	0
24.996	1	111	36	493.516	0
23.562	1	128	202	536.835	0
24.997	1	3	37	90.0366	0
23.563	1	144	203	1095.28	0
24.998	1	4	38	85.9807	0
23.564	1	178	204	167.318	0
24.999	1	195	39	470.864	0
23.565	1	192	205	108.654	0
23.566	1	146	206	634.807	0
25	1	30	40	1875.43	0
23.567	1	140	207	534.357	0
23.568	1	45	208	158.566	0
25.001	1	91	41	99.8639	0
23.569	1	130	209	152.551	0
25.002	1	35	42	145.854	0
23.57	1	161	210	617.396	0
25.003	1	19	43	311.895	0
23.571	1	153	211	230.108	0
25.004	1	176	44	126.67	0
23.572	1	124	212	255.69	0
25.005	1	32	45	106.07	0
23.573	1	167	213	285.248	0
23.574	1	81	214	1912.28	0
25.006	1	126	46	229.004	0
25.007	1	151	47	3735.58	0
25.008	1	160	48	168.684	0
23.575	1	185	215	327.97	0
25.009	1	79	49	2956.09	0
25.01	1	171	50	18.0772	0
25.011	1	175	51	7035.24	0
25.012	1	17	52	143.526	0
25.013	1	174	53	149.148	0
25.014	1	74	54	402.722	0
25.015	1	39	55	280.28	0
25.016	1	179	56	153.883	0
25.017	1	194	57	2449.47	0
25.018	1	28	58	567.927	0
25.019	1	80	59	53.3371	0
25.02	1	105	60	104.656	0
25.021	1	168	61	534.364	0
25.022	1	73	62	1935.23	0
25.023	1	141	63	100.48	0
25.024	1	53	64	183.77	0
25.025	1	163	65	148.263	0
25.026	1	62	66	335.254	0
25.027	1	89	67	2531.52	0
25.028	1	173	68	131.095	0
25.029	1	112	69	306.367	0
25.03	1	93	70	98.7126	0
25.031	1	136	71	102.9	0
25.032	1	121	72	439.135	0
25.033	1	85	73	209.097	0
25.034	1	2	74	39.7675	0
25.035	1	158	75	3498.35	0
25.036	1	14	76	194.233	0
25.037	1	1	77	465.754	0
25.038	1	133	78	300.465	0
25.039	1	34	79	110.131	0
25.04	1	18	80	34.6295	0
25.041	1	149	81	764.309	0
25.042	1	108	82	506.923	0
25.043	1	97	83	14094.9	0
25.044	1	148	84	38.7882	0
25.045	1	51	85	720.734	0
25.046	1	9	86	508.687	0
25.047	1	132	87	128.222	0
25.048	1	181	88	160.253	0
25.049	1	43	89	240.941	0
25.05	1	84	90	271.764	0
25.051	1	183	91	631.107	0
25.052	1	44	92	451.645	0
25.053	1	77	93	261.851	0
25.054	1	31	94	426.728	0
25.055	1	57	95	78.5066	0
25.056	1	172	96	44.4935	0
25.057	1	47	97	552.683	0
25.058	1	187	98	141.472	0
25.059	1	180	99	109.151	0
25.06	1	147	100	3112.52	0
25.061	1	46	101	225.239	0
25.062	1	155	102	138.317	0
25.063	1	21	103	639.38	0
25.064	1	6	104	271.859	0
25.065	1	29	105	107.964	0
25.066	1	182	106	284.741	0
25.068	1	96	108	222.899	0
25.069	1	42	109	571.716	0
25.07	1	165	110	1539.67	0
25.071	1	69	111	3950.61	0
25.072	1	88	112	996.071	0
25.073	1	188	113	1714.92	0
25.074	1	152	114	462.456	0
25.075	1	162	115	141.827	0
25.076	1	11	116	318.73	0
25.077	1	139	117	1419.9	0
25.078	1	98	118	147.839	0
25.079	1	23	119	1211.42	0
25.08	1	10	120	3303.85	0
25.081	1	12	121	234.233	0
25.082	1	120	122	2533.01	0
25.083	1	150	123	393.908	0
25.084	1	8	124	173.776	0
25.085	1	16	125	176.986	0
25.086	1	169	126	64.2183	0
25.087	1	94	127	136.612	0
25.088	1	170	128	2115.96	0
25.089	1	54	129	127.634	0
25.09	1	125	130	185.499	0
25.091	1	90	131	623.91	0
25.092	1	134	132	89.9066	0
25.093	1	186	133	11110.2	0
25.094	1	67	134	4609.32	0
25.095	1	102	135	7967.26	0
25.096	1	63	136	2196.6	0
25.097	1	145	137	3071.9	0
25.098	1	127	138	184.929	0
25.1	1	154	140	1279.94	0
25.101	1	20	141	149.965	0
25.102	1	52	142	285.179	0
25.103	1	138	143	579.873	0
25.104	1	83	144	107.727	0
25.105	1	5	145	6414.86	0
25.106	1	109	146	168.138	0
25.107	1	33	147	4050.92	0
25.108	1	123	148	183.983	0
25.109	1	99	149	7428.38	0
25.11	1	104	150	234.343	0
25.111	1	113	151	1740.66	0
25.112	1	106	152	189.975	0
23.681	1	143	1	299.538	0
23.682	1	70	2	175.269	0
25.113	1	65	153	67.0291	0
25.114	1	129	154	574.636	0
25.115	1	199	155	355.92	0
23.683	1	110	3	151.007	0
23.684	1	13	4	42.7437	0
23.685	1	66	5	271.988	0
23.686	1	72	6	283.992	0
23.687	1	103	7	1978.17	0
23.688	1	92	8	1195.63	0
23.689	1	157	9	533.357	0
23.69	1	27	10	105.022	0
23.691	1	58	11	1595.91	0
23.692	1	115	12	460.703	0
23.693	1	48	13	205.85	0
23.694	1	37	14	4290.3	0
25.123	1	64	163	242.046	0
25.124	1	59	164	653.755	0
23.695	1	135	15	116.462	0
23.696	1	193	16	181.743	0
25.125	1	114	165	230.695	0
25.126	1	198	166	72.8257	0
23.697	1	197	17	479.697	0
23.698	1	38	18	134.954	0
25.127	1	41	167	307.734	0
25.128	1	56	168	60.0082	0
23.699	1	189	19	1507.97	0
25.129	1	190	169	112.707	0
25.13	1	75	170	89.6584	0
23.7	1	40	20	9935.52	0
25.131	1	87	171	821.386	0
23.701	1	142	21	418.871	0
25.132	1	26	172	8243.82	0
23.702	1	86	22	1365.5	0
25.133	1	15	173	177.85	0
23.703	1	100	23	1485.58	0
23.704	1	166	24	179.52	0
25.134	1	7	174	161.017	0
23.705	1	118	25	389.467	0
25.135	1	164	175	891.16	0
23.706	1	49	26	265.805	0
25.136	1	191	176	275.699	0
23.707	1	196	27	236.049	0
25.137	1	131	177	204.842	0
23.708	1	119	28	121.042	0
25.138	1	122	178	361.322	0
23.709	1	200	29	196.549	0
23.71	1	55	30	171.021	0
23.711	1	95	31	293.759	0
23.712	1	107	32	70.3782	0
23.713	1	101	33	261.709	0
23.714	1	116	34	1649.26	0
23.715	1	61	35	135.195	0
25.145	1	71	185	126.549	0
23.716	1	111	36	623.276	0
25.146	1	76	186	259.753	0
25.147	1	82	187	2826.83	0
25.148	1	184	188	554.928	0
23.717	1	3	37	47.0923	0
23.718	1	4	38	367.05	0
25.149	1	68	189	63.1154	0
25.15	1	177	190	151.647	0
23.719	1	195	39	474.598	0
25.151	1	24	191	70.0041	0
23.72	1	30	40	859.387	0
25.152	1	117	192	69.0944	0
23.721	1	91	41	129.388	0
23.722	1	35	42	343.13	0
25.153	1	159	193	2637.95	0
25.154	1	22	194	260.216	0
23.723	1	19	43	270.971	0
23.724	1	176	44	299.758	0
25.155	1	137	195	879.376	0
25.156	1	156	196	138.455	0
23.725	1	32	45	82.0397	0
23.726	1	126	46	198.875	0
25.157	1	25	197	134.002	0
23.727	1	151	47	5705.33	0
23.728	1	160	48	183.949	0
25.158	1	50	198	184.434	0
23.729	1	79	49	5393.02	0
25.159	1	60	199	113.466	0
23.73	1	171	50	31.1514	0
25.16	1	36	200	319.961	0
23.731	1	175	51	2641.23	0
25.161	1	78	201	194.36	0
23.732	1	17	52	144.642	0
25.162	1	128	202	253.564	0
23.733	1	174	53	59.4657	0
25.163	1	144	203	910.904	0
23.734	1	74	54	377.054	0
25.164	1	178	204	129.042	0
23.735	1	39	55	257.015	0
25.165	1	192	205	38.1641	0
23.736	1	179	56	169.718	0
25.166	1	146	206	238.787	0
23.737	1	194	57	6093.77	0
25.167	1	140	207	466.067	0
23.738	1	28	58	552.4	0
25.168	1	45	208	272.583	0
23.739	1	80	59	70.725	0
25.169	1	130	209	218.174	0
23.74	1	105	60	88.4469	0
25.17	1	161	210	1623.26	0
25.171	1	153	211	83.8894	0
25.172	1	124	212	267.764	0
23.741	1	168	61	2452.92	0
25.173	1	167	213	456.485	0
23.742	1	73	62	1479.83	0
25.174	1	81	214	941.742	0
23.743	1	141	63	113.552	0
23.744	1	53	64	264.529	0
25.175	1	185	215	445.825	0
23.745	1	163	65	70.7255	0
23.746	1	62	66	131.644	0
23.747	1	89	67	3597.95	0
23.748	1	173	68	132.089	0
23.749	1	112	69	391.486	0
23.75	1	93	70	89.0435	0
23.751	1	136	71	54.1823	0
23.752	1	121	72	211.373	0
23.753	1	85	73	292.315	0
23.754	1	2	74	80.1254	0
23.755	1	158	75	955.309	0
23.756	1	14	76	365.442	0
23.757	1	1	77	495.783	0
23.758	1	133	78	255.422	0
23.759	1	34	79	194.249	0
23.76	1	18	80	73.666	0
23.761	1	149	81	1079.35	0
23.762	1	108	82	552.234	0
23.763	1	97	83	6547.92	0
23.764	1	148	84	62.8054	0
23.765	1	51	85	556.75	0
23.766	1	9	86	454.683	0
23.767	1	132	87	161.317	0
23.768	1	181	88	236.624	0
23.769	1	43	89	308.609	0
23.77	1	84	90	191.294	0
23.771	1	183	91	559.754	0
23.772	1	44	92	376.442	0
23.773	1	77	93	728.215	0
23.774	1	31	94	410.651	0
23.775	1	57	95	132.035	0
23.776	1	172	96	196.591	0
23.777	1	47	97	457.564	0
23.778	1	187	98	225.107	0
23.779	1	180	99	128.814	0
23.78	1	147	100	4432.66	0
23.781	1	46	101	616.243	0
23.782	1	155	102	141.007	0
23.783	1	21	103	705.017	0
23.784	1	6	104	220.248	0
23.785	1	29	105	143.104	0
23.786	1	182	106	282.131	0
23.788	1	96	108	315.858	0
23.789	1	42	109	922.094	0
23.79	1	165	110	1012.06	0
23.791	1	69	111	3863.89	0
23.792	1	88	112	517.047	0
23.793	1	188	113	986.599	0
23.794	1	152	114	787.871	0
23.795	1	162	115	215.763	0
23.796	1	11	116	165.765	0
23.797	1	139	117	1874.85	0
23.798	1	98	118	178.096	0
23.799	1	23	119	978.138	0
23.8	1	10	120	1970.56	0
23.801	1	12	121	326.683	0
23.802	1	120	122	2218.19	0
23.803	1	150	123	172.606	0
23.804	1	8	124	198.95	0
23.805	1	16	125	302.482	0
23.806	1	169	126	131.323	0
23.807	1	94	127	124.06	0
23.808	1	170	128	3507.33	0
23.809	1	54	129	154.006	0
23.81	1	125	130	366.277	0
23.811	1	90	131	888.732	0
23.812	1	134	132	107.239	0
23.813	1	186	133	20045.6	0
23.814	1	67	134	2452.34	0
23.815	1	102	135	3674.08	0
23.816	1	63	136	2865.08	0
23.817	1	145	137	1835.67	0
23.818	1	127	138	211.912	0
23.82	1	154	140	912.604	0
23.821	1	20	141	82.5133	0
23.822	1	52	142	166.673	0
23.823	1	138	143	767.549	0
23.824	1	83	144	98.1673	0
23.825	1	5	145	4091.02	0
23.826	1	109	146	69.3089	0
23.827	1	33	147	3206.59	0
23.828	1	123	148	106.723	0
23.829	1	99	149	5966.94	0
23.83	1	104	150	37.034	0
23.831	1	113	151	3083.99	0
23.832	1	106	152	55.4658	0
23.833	1	65	153	94.7243	0
23.834	1	129	154	506.397	0
23.835	1	199	155	185.36	0
23.843	1	64	163	131.9	0
23.844	1	59	164	479.586	0
23.845	1	114	165	374.197	0
23.846	1	198	166	109.264	0
23.847	1	41	167	110.928	0
23.848	1	56	168	144.67	0
25.281	1	143	1	244.218	0
25.282	1	70	2	142.394	0
23.849	1	190	169	101.693	0
23.85	1	75	170	130.441	0
25.283	1	110	3	310.038	0
23.851	1	87	171	2562.96	0
25.284	1	13	4	106.366	0
23.852	1	26	172	7120.77	0
25.285	1	66	5	267.279	0
23.853	1	15	173	145.255	0
23.854	1	7	174	217.647	0
25.286	1	72	6	170.633	0
23.855	1	164	175	473.512	0
25.287	1	103	7	1318.93	0
23.856	1	191	176	377.855	0
25.288	1	92	8	539.205	0
23.857	1	131	177	226.069	0
25.289	1	157	9	365.881	0
25.29	1	27	10	186.104	0
23.858	1	122	178	245.016	0
25.291	1	58	11	9082.38	0
25.292	1	115	12	446.896	0
25.293	1	48	13	374.198	0
25.294	1	37	14	8678.28	0
25.295	1	135	15	229.405	0
25.296	1	193	16	103.892	0
25.297	1	197	17	152.259	0
25.298	1	38	18	66.2601	0
25.299	1	189	19	1662.5	0
23.865	1	71	185	144.483	0
23.866	1	76	186	421.178	0
25.3	1	40	20	9737.3	0
23.867	1	82	187	3941.97	0
25.301	1	142	21	532.628	0
23.868	1	184	188	199.789	0
25.302	1	86	22	869.802	0
23.869	1	68	189	47.2684	0
25.303	1	100	23	2559.32	0
23.87	1	177	190	229.818	0
25.304	1	166	24	159.096	0
23.871	1	24	191	210.787	0
25.305	1	118	25	522.418	0
23.872	1	117	192	95.3897	0
25.306	1	49	26	586.861	0
23.873	1	159	193	1631.21	0
25.307	1	196	27	388.077	0
23.874	1	22	194	473.526	0
25.308	1	119	28	87.0052	0
25.309	1	200	29	133.126	0
25.31	1	55	30	119.926	0
23.875	1	137	195	601.646	0
25.311	1	95	31	149.108	0
23.876	1	156	196	94.5382	0
25.312	1	107	32	33.9429	0
23.877	1	25	197	228.864	0
25.313	1	101	33	166.751	0
23.878	1	50	198	129.715	0
25.314	1	116	34	2334.44	0
23.879	1	60	199	30.7527	0
25.315	1	61	35	62.0539	0
23.88	1	36	200	442.053	0
23.881	1	78	201	173.918	0
23.882	1	128	202	104.626	0
25.316	1	111	36	352.036	0
23.883	1	144	203	3803.05	0
25.317	1	3	37	43.5043	0
25.318	1	4	38	380.724	0
23.884	1	178	204	90.47	0
25.319	1	195	39	347.697	0
23.885	1	192	205	126.275	0
23.886	1	146	206	642.63	0
25.32	1	30	40	1612.85	0
23.887	1	140	207	1004.17	0
25.321	1	91	41	152.049	0
23.888	1	45	208	86.2779	0
25.322	1	35	42	273.808	0
23.889	1	130	209	81.0173	0
25.323	1	19	43	81.2382	0
23.89	1	161	210	831.343	0
25.324	1	176	44	302.815	0
23.891	1	153	211	184.461	0
25.325	1	32	45	102.038	0
23.892	1	124	212	174.292	0
25.326	1	126	46	184.434	0
23.893	1	167	213	345.142	0
25.327	1	151	47	7760.8	0
23.894	1	81	214	1129.85	0
25.328	1	160	48	627.908	0
23.895	1	185	215	144.156	0
25.329	1	79	49	3567.2	0
25.33	1	171	50	37.8451	0
25.331	1	175	51	2960.15	0
25.332	1	17	52	302.243	0
25.333	1	174	53	70.0342	0
25.334	1	74	54	405.73	0
25.335	1	39	55	137.556	0
25.336	1	179	56	92.5528	0
25.337	1	194	57	4562.45	0
25.338	1	28	58	719.24	0
25.339	1	80	59	84.9092	0
25.34	1	105	60	140.674	0
25.341	1	168	61	1197.89	0
25.342	1	73	62	2738.67	0
25.343	1	141	63	153.849	0
25.344	1	53	64	280.981	0
25.345	1	163	65	180.585	0
25.346	1	62	66	571.337	0
25.347	1	89	67	1929.27	0
25.348	1	173	68	271.54	0
25.349	1	112	69	281.369	0
25.35	1	93	70	56.4137	0
25.351	1	136	71	116.644	0
25.352	1	121	72	444.791	0
25.353	1	85	73	181.815	0
25.354	1	2	74	99.6962	0
25.355	1	158	75	1602.76	0
25.356	1	14	76	338.99	0
25.357	1	1	77	533.716	0
25.358	1	133	78	286.257	0
25.359	1	34	79	469.632	0
25.36	1	18	80	51.9864	0
25.361	1	149	81	822.383	0
25.362	1	108	82	202.753	0
25.363	1	97	83	19680.9	0
25.364	1	148	84	38.8928	0
25.365	1	51	85	280.034	0
25.366	1	9	86	419.33	0
25.367	1	132	87	633.684	0
25.368	1	181	88	200.318	0
25.369	1	43	89	145.119	0
25.37	1	84	90	181.593	0
25.371	1	183	91	292.671	0
25.372	1	44	92	193.675	0
25.373	1	77	93	1527.65	0
25.374	1	31	94	391.46	0
25.375	1	57	95	198.652	0
25.376	1	172	96	99.7145	0
25.377	1	47	97	350.881	0
25.378	1	187	98	353.809	0
25.379	1	180	99	152.727	0
25.38	1	147	100	3174.41	0
25.381	1	46	101	346.902	0
25.382	1	155	102	192.97	0
25.383	1	21	103	466.213	0
25.384	1	6	104	142.26	0
25.385	1	29	105	146.426	0
25.386	1	182	106	196.858	0
25.388	1	96	108	76.2616	0
25.389	1	42	109	551.098	0
25.39	1	165	110	1517.47	0
25.391	1	69	111	4862.55	0
25.392	1	88	112	348.55	0
25.393	1	188	113	615.955	0
25.394	1	152	114	522.316	0
25.395	1	162	115	116.534	0
25.396	1	11	116	286.852	0
25.397	1	139	117	1968.11	0
25.398	1	98	118	294.341	0
25.399	1	23	119	485.121	0
25.4	1	10	120	2584.97	0
25.401	1	12	121	97.9609	0
25.402	1	120	122	2081.78	0
25.403	1	150	123	205.014	0
25.404	1	8	124	311.327	0
25.405	1	16	125	248.145	0
25.406	1	169	126	63.2612	0
25.407	1	94	127	88.78	0
25.408	1	170	128	4000.06	0
25.409	1	54	129	89.9707	0
25.41	1	125	130	166.804	0
25.411	1	90	131	826.603	0
25.412	1	134	132	335.506	0
25.413	1	186	133	6191.38	0
25.414	1	67	134	8335.84	0
25.415	1	102	135	4920.14	0
25.416	1	63	136	3922.08	0
25.417	1	145	137	770.947	0
25.418	1	127	138	240.928	0
25.42	1	154	140	617.6	0
25.421	1	20	141	184.254	0
25.422	1	52	142	67.3308	0
25.423	1	138	143	828.603	0
25.424	1	83	144	126.054	0
25.425	1	5	145	1773.83	0
25.426	1	109	146	418.877	0
25.427	1	33	147	1087.58	0
25.428	1	123	148	94.4185	0
25.429	1	99	149	4939.53	0
25.43	1	104	150	309.925	0
25.431	1	113	151	1102.51	0
25.432	1	106	152	172.098	0
25.433	1	65	153	77.2584	0
25.434	1	129	154	2093.99	0
25.435	1	199	155	366.429	0
24.001	1	143	1	476.898	0
24.002	1	70	2	117.581	0
24.003	1	110	3	302.736	0
24.004	1	13	4	61.0929	0
25.443	1	64	163	189.069	0
24.005	1	66	5	181.125	0
25.444	1	59	164	2258.74	0
24.006	1	72	6	186.597	0
25.445	1	114	165	321.85	0
24.007	1	103	7	2319.98	0
25.446	1	198	166	134.147	0
24.008	1	92	8	1984.34	0
25.447	1	41	167	218.777	0
24.009	1	157	9	337.304	0
25.448	1	56	168	117.206	0
24.01	1	27	10	69.4979	0
25.449	1	190	169	77.5084	0
24.011	1	58	11	4012.4	0
25.45	1	75	170	195.759	0
24.012	1	115	12	445.403	0
25.451	1	87	171	1665.27	0
24.013	1	48	13	561.472	0
24.014	1	37	14	4014.78	0
25.452	1	26	172	5754	0
24.015	1	135	15	234.37	0
25.453	1	15	173	105.242	0
25.454	1	7	174	121.329	0
25.455	1	164	175	404.787	0
24.016	1	193	16	108.917	0
25.456	1	191	176	243.819	0
25.457	1	131	177	489.615	0
24.017	1	197	17	283.475	0
25.458	1	122	178	151.965	0
24.018	1	38	18	108.633	0
24.019	1	189	19	511.92	0
24.02	1	40	20	4562.14	0
24.021	1	142	21	383.35	0
24.022	1	86	22	493.771	0
24.023	1	100	23	1740.74	0
24.024	1	166	24	136.741	0
25.465	1	71	185	135.897	0
25.466	1	76	186	120.993	0
24.025	1	118	25	938.779	0
24.026	1	49	26	310.545	0
25.467	1	82	187	3048.69	0
25.468	1	184	188	90.9424	0
24.027	1	196	27	638.394	0
24.028	1	119	28	53.1238	0
25.469	1	68	189	36.2387	0
25.47	1	177	190	98.1174	0
24.029	1	200	29	200.892	0
24.03	1	55	30	80.2221	0
25.471	1	24	191	155.189	0
25.472	1	117	192	63.5093	0
24.031	1	95	31	104.859	0
25.473	1	159	193	2456.45	0
24.032	1	107	32	43.9572	0
25.474	1	22	194	357.431	0
24.033	1	101	33	215.029	0
24.034	1	116	34	2555.36	0
25.475	1	137	195	381.943	0
25.476	1	156	196	95.9853	0
24.035	1	61	35	150.026	0
24.036	1	111	36	149.305	0
25.477	1	25	197	263.011	0
25.478	1	50	198	117.425	0
24.037	1	3	37	31.7666	0
24.038	1	4	38	91.391	0
25.479	1	60	199	98.9406	0
25.48	1	36	200	247.293	0
24.039	1	195	39	209.199	0
24.04	1	30	40	890.953	0
25.481	1	78	201	267.919	0
25.482	1	128	202	597.98	0
24.041	1	91	41	144.7	0
25.483	1	144	203	1795.57	0
24.042	1	35	42	290.574	0
25.484	1	178	204	66.199	0
24.043	1	19	43	538.612	0
25.485	1	192	205	103.02	0
24.044	1	176	44	455.221	0
25.486	1	146	206	553.08	0
24.045	1	32	45	205.033	0
25.487	1	140	207	526.981	0
24.046	1	126	46	170.068	0
25.488	1	45	208	43.9407	0
24.047	1	151	47	8288.8	0
25.489	1	130	209	142.947	0
25.49	1	161	210	678.795	0
24.048	1	160	48	580.375	0
25.491	1	153	211	220.4	0
24.049	1	79	49	1039.45	0
25.492	1	124	212	269.915	0
24.05	1	171	50	55.0391	0
25.493	1	167	213	652.703	0
24.051	1	175	51	2728.12	0
25.494	1	81	214	2451.6	0
24.052	1	17	52	161.81	0
25.495	1	185	215	457.655	0
24.053	1	174	53	81.5681	0
24.054	1	74	54	306.525	0
24.055	1	39	55	130.013	0
24.056	1	179	56	97.4074	0
24.057	1	194	57	1514.93	0
24.058	1	28	58	596.906	0
24.059	1	80	59	43.715	0
24.06	1	105	60	67.9069	0
24.061	1	168	61	1881.77	0
24.062	1	73	62	1204.26	0
24.063	1	141	63	105.655	0
24.064	1	53	64	197.67	0
24.065	1	163	65	184.283	0
24.066	1	62	66	264.706	0
24.067	1	89	67	1071.98	0
24.068	1	173	68	71.8557	0
24.069	1	112	69	487.7	0
24.07	1	93	70	101.466	0
24.071	1	136	71	78.5811	0
24.072	1	121	72	521.493	0
24.073	1	85	73	264.398	0
24.074	1	2	74	79.4319	0
24.075	1	158	75	1977.72	0
24.076	1	14	76	445.112	0
24.077	1	1	77	310.56	0
24.078	1	133	78	190.82	0
24.079	1	34	79	152.793	0
24.08	1	18	80	82.0756	0
24.081	1	149	81	1754.97	0
24.082	1	108	82	184.913	0
24.083	1	97	83	9916.02	0
24.084	1	148	84	42.6422	0
24.085	1	51	85	502.036	0
24.086	1	9	86	532.073	0
24.087	1	132	87	229.604	0
24.088	1	181	88	219.506	0
24.089	1	43	89	201.068	0
24.09	1	84	90	330.103	0
24.091	1	183	91	618.127	0
24.092	1	44	92	257.574	0
24.093	1	77	93	707.587	0
24.094	1	31	94	382.273	0
24.095	1	57	95	62.2851	0
24.096	1	172	96	75.3473	0
24.097	1	47	97	388.362	0
24.098	1	187	98	267.014	0
24.099	1	180	99	84.3695	0
24.1	1	147	100	4833.86	0
24.101	1	46	101	383.854	0
24.102	1	155	102	58.1682	0
24.103	1	21	103	123.539	0
24.104	1	6	104	280.77	0
24.105	1	29	105	90.4541	0
24.106	1	182	106	228.351	0
24.108	1	96	108	262.894	0
24.109	1	42	109	407.691	0
24.11	1	165	110	1313.78	0
24.111	1	69	111	10302.1	0
24.112	1	88	112	1227.42	0
24.113	1	188	113	1092.85	0
24.114	1	152	114	1068.61	0
24.115	1	162	115	122.65	0
24.116	1	11	116	179.629	0
24.117	1	139	117	2017.51	0
24.118	1	98	118	379.543	0
24.119	1	23	119	778.318	0
24.12	1	10	120	3660.73	0
24.121	1	12	121	472.179	0
24.122	1	120	122	1427.62	0
24.123	1	150	123	179.564	0
24.124	1	8	124	239.025	0
24.125	1	16	125	321.841	0
24.126	1	169	126	104.978	0
24.127	1	94	127	54.2358	0
24.128	1	170	128	3853.31	0
24.129	1	54	129	244.737	0
24.13	1	125	130	581.173	0
24.131	1	90	131	596.059	0
24.132	1	134	132	184.508	0
24.133	1	186	133	4216.66	0
24.134	1	67	134	6543.58	0
24.135	1	102	135	10361.2	0
24.136	1	63	136	4391.31	0
24.137	1	145	137	2796.85	0
24.138	1	127	138	200.845	0
24.14	1	154	140	1097.94	0
24.141	1	20	141	97.1091	0
24.142	1	52	142	64.5878	0
24.143	1	138	143	1181.17	0
24.144	1	83	144	131.564	0
24.145	1	5	145	2259.41	0
24.146	1	109	146	229.44	0
24.147	1	33	147	1626.08	0
24.148	1	123	148	108.611	0
24.149	1	99	149	3801.36	0
24.15	1	104	150	228.008	0
24.151	1	113	151	1644.55	0
24.152	1	106	152	157.403	0
24.153	1	65	153	57.0159	0
24.154	1	129	154	969.909	0
24.155	1	199	155	163.823	0
25.601	1	143	1	204.666	0
25.602	1	70	2	207.085	0
25.603	1	110	3	266.589	0
25.604	1	13	4	54.2896	0
25.605	1	66	5	225.574	0
25.606	1	72	6	91.3565	0
25.607	1	103	7	2006.41	0
25.608	1	92	8	1297.2	0
24.163	1	64	163	320.261	0
25.609	1	157	9	319.625	0
24.164	1	59	164	875.078	0
25.61	1	27	10	200.091	0
24.165	1	114	165	275.677	0
25.611	1	58	11	3927.21	0
24.166	1	198	166	194.794	0
25.612	1	115	12	386.418	0
24.167	1	41	167	185.587	0
25.613	1	48	13	316.927	0
24.168	1	56	168	129.091	0
25.614	1	37	14	3545.13	0
24.169	1	190	169	82.9239	0
25.615	1	135	15	294.175	0
24.17	1	75	170	284.489	0
24.171	1	87	171	2688.39	0
24.172	1	26	172	5814.45	0
25.616	1	193	16	387.089	0
24.173	1	15	173	67.6101	0
24.174	1	7	174	174.659	0
25.617	1	197	17	599.035	0
25.618	1	38	18	82.4501	0
24.175	1	164	175	276.461	0
25.619	1	189	19	1493.64	0
24.176	1	191	176	125.298	0
25.62	1	40	20	8352.35	0
24.177	1	131	177	261.766	0
24.178	1	122	178	304.278	0
25.621	1	142	21	247.216	0
25.622	1	86	22	1195.89	0
25.623	1	100	23	951.602	0
25.624	1	166	24	234.663	0
25.625	1	118	25	492.739	0
25.626	1	49	26	270.773	0
25.627	1	196	27	627.056	0
25.628	1	119	28	142.063	0
25.629	1	200	29	250.195	0
24.185	1	71	185	370.521	0
25.63	1	55	30	144.202	0
24.186	1	76	186	383.64	0
25.631	1	95	31	126.713	0
24.187	1	82	187	2264.57	0
25.632	1	107	32	141.025	0
24.188	1	184	188	102.563	0
25.633	1	101	33	392.759	0
24.189	1	68	189	55.654	0
24.19	1	177	190	165.836	0
25.634	1	116	34	2702.97	0
24.191	1	24	191	171.981	0
25.635	1	61	35	230.303	0
24.192	1	117	192	91.9965	0
25.636	1	111	36	696.43	0
24.193	1	159	193	2008.98	0
25.637	1	3	37	86.243	0
24.194	1	22	194	410.046	0
25.638	1	4	38	98.1251	0
24.195	1	137	195	559.612	0
25.639	1	195	39	171.345	0
24.196	1	156	196	201.398	0
25.64	1	30	40	1455.89	0
24.197	1	25	197	267.732	0
24.198	1	50	198	57.4629	0
25.641	1	91	41	84.9664	0
24.199	1	60	199	171.408	0
25.642	1	35	42	231.222	0
24.2	1	36	200	272.56	0
25.643	1	19	43	206.583	0
24.201	1	78	201	115.607	0
25.644	1	176	44	125.282	0
24.202	1	128	202	295.766	0
25.645	1	32	45	210.303	0
24.203	1	144	203	919.987	0
25.646	1	126	46	174.536	0
24.204	1	178	204	146.391	0
25.647	1	151	47	5767.03	0
24.205	1	192	205	113.732	0
25.648	1	160	48	127.798	0
24.206	1	146	206	400.903	0
25.649	1	79	49	3018.07	0
24.207	1	140	207	833.82	0
24.208	1	45	208	157.229	0
25.65	1	171	50	55.2171	0
24.209	1	130	209	99.5221	0
25.651	1	175	51	4797.24	0
24.21	1	161	210	932.172	0
25.652	1	17	52	242.388	0
24.211	1	153	211	112.381	0
24.212	1	124	212	208.844	0
25.653	1	174	53	24.6443	0
25.654	1	74	54	513.48	0
24.213	1	167	213	735.176	0
24.214	1	81	214	606.574	0
25.655	1	39	55	101.811	0
25.656	1	179	56	81.8577	0
24.215	1	185	215	377.363	0
25.657	1	194	57	5851.23	0
25.658	1	28	58	712.212	0
25.659	1	80	59	91.8712	0
25.66	1	105	60	395.205	0
25.661	1	168	61	1393.19	0
25.662	1	73	62	1083.01	0
25.663	1	141	63	215.592	0
25.664	1	53	64	228.752	0
25.665	1	163	65	38.1173	0
25.666	1	62	66	362.964	0
25.667	1	89	67	3885.6	0
25.668	1	173	68	299.401	0
25.669	1	112	69	545.563	0
25.67	1	93	70	66.8536	0
25.671	1	136	71	104.221	0
25.672	1	121	72	203.913	0
25.673	1	85	73	352.077	0
25.674	1	2	74	37.484	0
25.675	1	158	75	1403.77	0
25.676	1	14	76	121.545	0
25.677	1	1	77	508.292	0
25.678	1	133	78	109.609	0
25.679	1	34	79	65.0335	0
25.68	1	18	80	58.0965	0
25.681	1	149	81	952.047	0
25.682	1	108	82	259.47	0
25.683	1	97	83	6408.27	0
25.684	1	148	84	117.854	0
25.685	1	51	85	515.624	0
25.686	1	9	86	678.766	0
25.687	1	132	87	498.199	0
25.688	1	181	88	288.151	0
25.689	1	43	89	184.53	0
25.69	1	84	90	278.093	0
25.691	1	183	91	563.102	0
25.692	1	44	92	296.286	0
25.693	1	77	93	913.283	0
25.694	1	31	94	1056.17	0
25.695	1	57	95	136.177	0
25.696	1	172	96	57.1325	0
25.697	1	47	97	639.65	0
25.698	1	187	98	343.704	0
25.699	1	180	99	203.638	0
25.7	1	147	100	4869.46	0
25.701	1	46	101	753.882	0
25.702	1	155	102	98.3652	0
25.703	1	21	103	266.169	0
25.704	1	6	104	227.145	0
25.705	1	29	105	34.5062	0
25.706	1	182	106	291.11	0
25.708	1	96	108	156.372	0
25.709	1	42	109	639.957	0
25.71	1	165	110	1066.95	0
25.711	1	69	111	4909.18	0
25.712	1	88	112	451.633	0
25.713	1	188	113	1157.53	0
25.714	1	152	114	166.236	0
25.715	1	162	115	154.017	0
25.716	1	11	116	429.79	0
25.717	1	139	117	906.09	0
25.718	1	98	118	149.598	0
25.719	1	23	119	780.357	0
25.72	1	10	120	2817.17	0
25.721	1	12	121	185.324	0
25.722	1	120	122	4180.33	0
25.723	1	150	123	175.11	0
25.724	1	8	124	143.553	0
25.725	1	16	125	520.547	0
25.726	1	169	126	36.6822	0
25.727	1	94	127	177.897	0
25.728	1	170	128	2026.87	0
25.729	1	54	129	215.201	0
25.73	1	125	130	328.535	0
25.731	1	90	131	274.729	0
25.732	1	134	132	96.1123	0
25.733	1	186	133	6435.58	0
25.734	1	67	134	1785.27	0
25.735	1	102	135	7606.14	0
25.736	1	63	136	2071.12	0
25.737	1	145	137	2348.09	0
25.738	1	127	138	184.559	0
25.74	1	154	140	2017.36	0
25.741	1	20	141	126.255	0
25.742	1	52	142	317.731	0
25.743	1	138	143	628.101	0
25.744	1	83	144	57.7691	0
25.745	1	5	145	8620.76	0
25.746	1	109	146	230.085	0
25.747	1	33	147	1073.59	0
25.748	1	123	148	80.6568	0
25.749	1	99	149	5551.81	0
25.75	1	104	150	301.603	0
25.751	1	113	151	1281.76	0
25.752	1	106	152	190.031	0
25.753	1	65	153	65.4465	0
25.754	1	129	154	363.119	0
25.755	1	199	155	405.68	0
25.763	1	64	163	507.024	0
25.764	1	59	164	499.569	0
25.765	1	114	165	123.239	0
24.321	1	143	1	580.924	0
25.766	1	198	166	210.765	0
24.322	1	70	2	162.118	0
25.767	1	41	167	447.777	0
24.323	1	110	3	287.394	0
25.768	1	56	168	81.7869	0
24.324	1	13	4	58.264	0
25.769	1	190	169	73.5714	0
24.325	1	66	5	65.4471	0
25.77	1	75	170	194.953	0
24.326	1	72	6	332.133	0
25.771	1	87	171	1317.71	0
25.772	1	26	172	3808.82	0
24.327	1	103	7	1466.53	0
24.328	1	92	8	1480.63	0
25.773	1	15	173	155.412	0
25.774	1	7	174	208.811	0
24.329	1	157	9	401.873	0
24.33	1	27	10	62.1085	0
24.331	1	58	11	2429.83	0
25.775	1	164	175	186.287	0
24.332	1	115	12	274.735	0
25.776	1	191	176	133.625	0
24.333	1	48	13	571.108	0
25.777	1	131	177	201.013	0
25.778	1	122	178	496.527	0
24.334	1	37	14	3942.42	0
24.335	1	135	15	43.4646	0
24.336	1	193	16	142.503	0
24.337	1	197	17	349.789	0
24.338	1	38	18	129.866	0
24.339	1	189	19	1251.73	0
24.34	1	40	20	3057.39	0
25.785	1	71	185	179.413	0
24.341	1	142	21	378.337	0
25.786	1	76	186	559.976	0
25.787	1	82	187	2624.05	0
24.342	1	86	22	1164.85	0
25.788	1	184	188	200.596	0
24.343	1	100	23	3329.45	0
25.789	1	68	189	102.206	0
24.344	1	166	24	107.856	0
25.79	1	177	190	122.094	0
24.345	1	118	25	759.924	0
25.791	1	24	191	130.315	0
24.346	1	49	26	783.839	0
25.792	1	117	192	88.6327	0
24.347	1	196	27	519.962	0
25.793	1	159	193	2158.31	0
24.348	1	119	28	62.3836	0
25.794	1	22	194	447.336	0
24.349	1	200	29	134.141	0
25.795	1	137	195	465.067	0
25.796	1	156	196	152.105	0
24.35	1	55	30	85.9528	0
25.797	1	25	197	302.34	0
24.351	1	95	31	251.846	0
25.798	1	50	198	91.1352	0
25.799	1	60	199	122.27	0
24.352	1	107	32	56.4336	0
24.353	1	101	33	122.948	0
25.8	1	36	200	244.379	0
24.354	1	116	34	1398.83	0
25.801	1	78	201	604.196	0
24.355	1	61	35	134.038	0
25.802	1	128	202	235.53	0
24.356	1	111	36	511.682	0
25.803	1	144	203	1524.49	0
25.804	1	178	204	154.315	0
24.357	1	3	37	56.3537	0
25.805	1	192	205	42.1366	0
24.358	1	4	38	110.105	0
25.806	1	146	206	1200.94	0
24.359	1	195	39	216.935	0
25.807	1	140	207	420.184	0
24.36	1	30	40	3202.27	0
25.808	1	45	208	171.999	0
24.361	1	91	41	109.954	0
25.809	1	130	209	68.52	0
25.81	1	161	210	1091.43	0
25.811	1	153	211	370.236	0
24.362	1	35	42	110.436	0
25.812	1	124	212	180.199	0
25.813	1	167	213	538.116	0
24.363	1	19	43	242.301	0
25.814	1	81	214	821.513	0
24.364	1	176	44	225.168	0
25.815	1	185	215	650.069	0
24.365	1	32	45	218.821	0
24.366	1	126	46	276.672	0
24.367	1	151	47	3304.68	0
24.368	1	160	48	439.862	0
24.369	1	79	49	2099.23	0
24.37	1	171	50	80.9452	0
24.371	1	175	51	4357.87	0
24.372	1	17	52	219.128	0
24.373	1	174	53	102.771	0
24.374	1	74	54	388.544	0
24.375	1	39	55	108.618	0
24.376	1	179	56	134.103	0
24.377	1	194	57	1980.1	0
24.378	1	28	58	544.954	0
24.379	1	80	59	95.9697	0
24.38	1	105	60	132.277	0
24.381	1	168	61	1075.95	0
24.382	1	73	62	1872.76	0
24.383	1	141	63	78.1753	0
24.384	1	53	64	301.167	0
24.385	1	163	65	70.3344	0
24.386	1	62	66	389.97	0
24.387	1	89	67	1122.96	0
24.388	1	173	68	290.69	0
24.389	1	112	69	452.565	0
24.39	1	93	70	77.9348	0
24.391	1	136	71	121.42	0
24.392	1	121	72	145.698	0
24.393	1	85	73	106.893	0
24.394	1	2	74	56.5342	0
24.395	1	158	75	612.759	0
24.396	1	14	76	219.736	0
24.397	1	1	77	396.124	0
24.398	1	133	78	373.867	0
24.399	1	34	79	63.437	0
24.4	1	18	80	102.397	0
24.401	1	149	81	659.378	0
24.402	1	108	82	234.19	0
24.403	1	97	83	2766.39	0
24.404	1	148	84	112.357	0
24.405	1	51	85	323.726	0
24.406	1	9	86	1057.14	0
24.407	1	132	87	125.104	0
24.408	1	181	88	209.782	0
24.409	1	43	89	286.448	0
24.41	1	84	90	169.68	0
24.411	1	183	91	805.293	0
24.412	1	44	92	580.757	0
24.413	1	77	93	1450.98	0
24.414	1	31	94	435.737	0
24.415	1	57	95	145.791	0
24.416	1	172	96	258.577	0
24.417	1	47	97	387.883	0
24.418	1	187	98	365.007	0
24.419	1	180	99	218.137	0
24.42	1	147	100	5298.22	0
24.421	1	46	101	237.521	0
24.422	1	155	102	175.546	0
24.423	1	21	103	293.479	0
24.424	1	6	104	251.939	0
24.425	1	29	105	105.709	0
24.426	1	182	106	240.59	0
24.428	1	96	108	278.448	0
24.429	1	42	109	507.917	0
24.43	1	165	110	992.148	0
24.431	1	69	111	3054.23	0
24.432	1	88	112	694.815	0
24.433	1	188	113	490.545	0
24.434	1	152	114	627.197	0
24.435	1	162	115	167.303	0
24.436	1	11	116	149.046	0
24.437	1	139	117	696.88	0
24.438	1	98	118	277.307	0
24.439	1	23	119	462.171	0
24.44	1	10	120	2355.85	0
24.441	1	12	121	329.939	0
24.442	1	120	122	2007.7	0
24.443	1	150	123	272.953	0
24.444	1	8	124	219.968	0
24.445	1	16	125	535.479	0
24.446	1	169	126	165.843	0
24.447	1	94	127	124.083	0
24.448	1	170	128	2235.26	0
24.449	1	54	129	160.022	0
24.45	1	125	130	396.924	0
24.451	1	90	131	138.64	0
24.452	1	134	132	58.2628	0
24.453	1	186	133	7338.63	0
24.454	1	67	134	7052.38	0
24.455	1	102	135	11276.1	0
24.456	1	63	136	4539.81	0
24.457	1	145	137	3380.09	0
24.458	1	127	138	269.603	0
24.46	1	154	140	1606.02	0
24.461	1	20	141	290.999	0
24.462	1	52	142	139.837	0
24.463	1	138	143	310.534	0
24.464	1	83	144	72.5205	0
24.465	1	5	145	2323.67	0
24.466	1	109	146	400.183	0
24.467	1	33	147	1671.65	0
24.468	1	123	148	37.4814	0
24.469	1	99	149	5390.69	0
24.47	1	104	150	151.414	0
24.471	1	113	151	891.723	0
24.472	1	106	152	243.357	0
24.473	1	65	153	59.6666	0
24.474	1	129	154	1085.6	0
25.921	1	143	1	704.581	0
24.475	1	199	155	171.44	0
25.922	1	70	2	105.368	0
25.923	1	110	3	879.781	0
25.924	1	13	4	95.1379	0
25.925	1	66	5	163.543	0
25.926	1	72	6	162.647	0
25.927	1	103	7	2115.43	0
25.928	1	92	8	1367.42	0
25.929	1	157	9	167.54	0
25.93	1	27	10	95.0514	0
25.931	1	58	11	8006	0
25.932	1	115	12	567.962	0
24.483	1	64	163	159.337	0
25.933	1	48	13	278.732	0
24.484	1	59	164	1468.69	0
24.485	1	114	165	593.576	0
24.486	1	198	166	147.692	0
24.487	1	41	167	521.628	0
24.488	1	56	168	184.771	0
24.489	1	190	169	83.7564	0
24.49	1	75	170	211.734	0
24.491	1	87	171	1199.01	0
24.492	1	26	172	9776.93	0
25.934	1	37	14	4036.43	0
24.493	1	15	173	68.3402	0
24.494	1	7	174	178.676	0
25.935	1	135	15	415.263	0
24.495	1	164	175	229.228	0
24.496	1	191	176	141.683	0
25.936	1	193	16	200.785	0
24.497	1	131	177	153.728	0
24.498	1	122	178	123.436	0
25.937	1	197	17	274.556	0
25.938	1	38	18	49.5314	0
25.939	1	189	19	1256.17	0
25.94	1	40	20	5943.29	0
24.505	1	71	185	155.676	0
24.506	1	76	186	338.376	0
24.507	1	82	187	2581.59	0
24.508	1	184	188	344.933	0
25.941	1	142	21	144.326	0
24.509	1	68	189	86.1541	0
24.51	1	177	190	74.8015	0
25.942	1	86	22	1313.8	0
24.511	1	24	191	104.289	0
24.512	1	117	192	71.8302	0
24.513	1	159	193	1572.64	0
25.943	1	100	23	1060.27	0
24.514	1	22	194	193.318	0
24.515	1	137	195	324.534	0
25.944	1	166	24	134.151	0
25.945	1	118	25	352.405	0
24.516	1	156	196	323.681	0
25.946	1	49	26	355.426	0
24.517	1	25	197	206.339	0
24.518	1	50	198	303.673	0
24.519	1	60	199	115.648	0
25.947	1	196	27	469.544	0
24.52	1	36	200	213.072	0
25.948	1	119	28	43.5601	0
24.521	1	78	201	55.4647	0
24.522	1	128	202	387.576	0
25.949	1	200	29	146.803	0
24.523	1	144	203	1025.73	0
24.524	1	178	204	149.345	0
25.95	1	55	30	160.337	0
24.525	1	192	205	71.303	0
24.526	1	146	206	613.577	0
25.951	1	95	31	199.19	0
24.527	1	140	207	915.244	0
24.528	1	45	208	140.058	0
24.529	1	130	209	242.184	0
24.53	1	161	210	887.349	0
24.531	1	153	211	174.522	0
25.952	1	107	32	28.1365	0
24.532	1	124	212	159.067	0
24.533	1	167	213	393.781	0
25.953	1	101	33	339.76	0
24.534	1	81	214	1453.35	0
25.954	1	116	34	672.059	0
24.535	1	185	215	363.406	0
25.955	1	61	35	136.856	0
25.956	1	111	36	351.398	0
25.957	1	3	37	105.689	0
25.958	1	4	38	215.885	0
25.959	1	195	39	424.723	0
25.96	1	30	40	1785.27	0
25.961	1	91	41	114.3	0
25.962	1	35	42	571.096	0
25.963	1	19	43	275.701	0
25.964	1	176	44	115.044	0
25.965	1	32	45	138.727	0
25.966	1	126	46	240.904	0
25.967	1	151	47	7537.21	0
25.968	1	160	48	289.978	0
25.969	1	79	49	2726.98	0
25.97	1	171	50	24.346	0
25.971	1	175	51	5369.15	0
25.972	1	17	52	404.818	0
25.973	1	174	53	75.856	0
25.974	1	74	54	1293.49	0
25.975	1	39	55	165.032	0
25.976	1	179	56	172.075	0
25.977	1	194	57	1459.16	0
25.978	1	28	58	641.558	0
25.979	1	80	59	57.5184	0
25.98	1	105	60	87.2884	0
25.981	1	168	61	2374.4	0
25.982	1	73	62	1273.77	0
25.983	1	141	63	65.7883	0
25.984	1	53	64	394.509	0
25.985	1	163	65	97.5576	0
25.986	1	62	66	110.228	0
25.987	1	89	67	1746.24	0
25.988	1	173	68	60.0991	0
25.989	1	112	69	500.974	0
25.99	1	93	70	89.3095	0
25.991	1	136	71	112.055	0
25.992	1	121	72	359.244	0
25.993	1	85	73	133.667	0
25.994	1	2	74	103.748	0
25.995	1	158	75	1943.04	0
25.996	1	14	76	352.744	0
25.997	1	1	77	362.183	0
25.998	1	133	78	230.855	0
25.999	1	34	79	131.165	0
26	1	18	80	135.785	0
26.001	1	149	81	1467.63	0
26.002	1	108	82	260.335	0
26.003	1	97	83	6045.82	0
26.004	1	148	84	65.9882	0
26.005	1	51	85	530.291	0
26.006	1	9	86	715.673	0
26.007	1	132	87	542.665	0
26.008	1	181	88	116.046	0
26.009	1	43	89	281.684	0
26.01	1	84	90	233.904	0
26.011	1	183	91	320.816	0
26.012	1	44	92	478.742	0
26.013	1	77	93	367.518	0
26.014	1	31	94	653.571	0
26.015	1	57	95	47.2098	0
26.016	1	172	96	188.519	0
26.017	1	47	97	518.651	0
26.018	1	187	98	375.941	0
26.019	1	180	99	118.547	0
26.02	1	147	100	1737.19	0
26.021	1	46	101	752.248	0
26.022	1	155	102	77.5765	0
26.023	1	21	103	178.178	0
26.024	1	6	104	231.445	0
24.641	1	143	1	499.661	0
26.025	1	29	105	119.412	0
24.642	1	70	2	123.307	0
26.026	1	182	106	214.507	0
24.643	1	110	3	416.058	0
24.644	1	13	4	63.4469	0
26.028	1	96	108	204.941	0
24.645	1	66	5	177.069	0
26.029	1	42	109	591.417	0
24.646	1	72	6	157.925	0
26.03	1	165	110	1483.13	0
24.647	1	103	7	3669.07	0
26.031	1	69	111	4382.15	0
24.648	1	92	8	1189.06	0
26.032	1	88	112	1131.63	0
24.649	1	157	9	236.397	0
26.033	1	188	113	4007.87	0
24.65	1	27	10	107.644	0
26.034	1	152	114	397.628	0
24.651	1	58	11	3586.12	0
26.035	1	162	115	89.6802	0
24.652	1	115	12	203.832	0
26.036	1	11	116	451.366	0
26.037	1	139	117	1180.77	0
24.653	1	48	13	244.651	0
24.654	1	37	14	10384.4	0
26.038	1	98	118	137.607	0
24.655	1	135	15	179.311	0
26.039	1	23	119	592.224	0
26.04	1	10	120	2681.15	0
24.656	1	193	16	144.123	0
24.657	1	197	17	495.58	0
26.041	1	12	121	450.175	0
24.658	1	38	18	96.0757	0
26.042	1	120	122	1329.81	0
24.659	1	189	19	873.981	0
26.043	1	150	123	221.607	0
24.66	1	40	20	10420.6	0
26.044	1	8	124	149.238	0
24.661	1	142	21	364.429	0
26.045	1	16	125	351.931	0
26.046	1	169	126	78.7101	0
24.662	1	86	22	1352.71	0
26.047	1	94	127	184.784	0
24.663	1	100	23	1725.38	0
26.048	1	170	128	2281.2	0
24.664	1	166	24	196.903	0
26.049	1	54	129	238.961	0
24.665	1	118	25	375.341	0
26.05	1	125	130	631.9	0
24.666	1	49	26	466.192	0
26.051	1	90	131	166.078	0
24.667	1	196	27	302.311	0
24.668	1	119	28	130.886	0
24.669	1	200	29	159.203	0
24.67	1	55	30	121.399	0
26.052	1	134	132	77.5315	0
24.671	1	95	31	289.966	0
26.053	1	186	133	4941.05	0
24.672	1	107	32	172.272	0
26.054	1	67	134	4053.12	0
24.673	1	101	33	111.998	0
26.055	1	102	135	6398.81	0
24.674	1	116	34	2127.4	0
26.056	1	63	136	2417.43	0
26.057	1	145	137	1610.72	0
24.675	1	61	35	125.389	0
26.058	1	127	138	140.371	0
24.676	1	111	36	228.092	0
24.677	1	3	37	55.3447	0
26.06	1	154	140	947.087	0
24.678	1	4	38	124.598	0
26.061	1	20	141	121.683	0
24.679	1	195	39	370.814	0
24.68	1	30	40	1654.95	0
26.062	1	52	142	89.049	0
24.681	1	91	41	277.684	0
24.682	1	35	42	293.5	0
26.063	1	138	143	582.315	0
26.064	1	83	144	132.189	0
26.065	1	5	145	3178.26	0
24.683	1	19	43	148.713	0
26.066	1	109	146	188.681	0
24.684	1	176	44	96.1369	0
26.067	1	33	147	1690.92	0
26.068	1	123	148	35.0826	0
24.685	1	32	45	102.535	0
24.686	1	126	46	223.879	0
26.069	1	99	149	8899.91	0
26.07	1	104	150	147.607	0
24.687	1	151	47	5907.53	0
24.688	1	160	48	518.624	0
26.071	1	113	151	1290.32	0
24.689	1	79	49	1713.89	0
26.072	1	106	152	158.048	0
24.69	1	171	50	112.873	0
26.073	1	65	153	77.2734	0
24.691	1	175	51	5419.42	0
26.074	1	129	154	624.007	0
24.692	1	17	52	450.356	0
24.693	1	174	53	103.574	0
24.694	1	74	54	573.304	0
26.075	1	199	155	309.399	0
24.695	1	39	55	79.6415	0
24.696	1	179	56	50.9103	0
24.697	1	194	57	4566.38	0
24.698	1	28	58	717.004	0
24.699	1	80	59	27.1145	0
24.7	1	105	60	148.539	0
24.701	1	168	61	1179.02	0
24.702	1	73	62	1380.76	0
26.083	1	64	163	557.241	0
24.703	1	141	63	65.5729	0
24.704	1	53	64	451.381	0
26.084	1	59	164	1663.02	0
24.705	1	163	65	138.238	0
24.706	1	62	66	264.505	0
26.085	1	114	165	191.619	0
26.086	1	198	166	194.957	0
24.707	1	89	67	1899.19	0
24.708	1	173	68	60.1032	0
26.087	1	41	167	330.95	0
26.088	1	56	168	220.972	0
24.709	1	112	69	1166.45	0
24.71	1	93	70	25.3729	0
26.089	1	190	169	164.443	0
26.09	1	75	170	137.82	0
24.711	1	136	71	93.7696	0
24.712	1	121	72	173.552	0
26.091	1	87	171	1370.13	0
24.713	1	85	73	265.749	0
26.092	1	26	172	2099.67	0
24.714	1	2	74	108.935	0
26.093	1	15	173	191.48	0
24.715	1	158	75	3304.14	0
26.094	1	7	174	97.4146	0
26.095	1	164	175	404.042	0
26.096	1	191	176	205.812	0
24.716	1	14	76	274.264	0
26.097	1	131	177	83.17	0
26.098	1	122	178	158.568	0
24.717	1	1	77	387.634	0
24.718	1	133	78	394.487	0
24.719	1	34	79	40.0426	0
24.72	1	18	80	32.1333	0
24.721	1	149	81	563.076	0
24.722	1	108	82	281.666	0
24.723	1	97	83	7964.64	0
26.105	1	71	185	95.5469	0
24.724	1	148	84	54.9875	0
26.106	1	76	186	156.843	0
24.725	1	51	85	502.671	0
26.107	1	82	187	2912.95	0
26.108	1	184	188	284.154	0
24.726	1	9	86	826.46	0
26.109	1	68	189	64.454	0
24.727	1	132	87	375.764	0
24.728	1	181	88	273.408	0
26.11	1	177	190	133.014	0
24.729	1	43	89	185.399	0
26.111	1	24	191	110.837	0
24.73	1	84	90	423.429	0
26.112	1	117	192	138.687	0
24.731	1	183	91	540.889	0
26.113	1	159	193	2507.75	0
24.732	1	44	92	172.685	0
26.114	1	22	194	208.215	0
24.733	1	77	93	945.759	0
26.115	1	137	195	669.632	0
24.734	1	31	94	611.617	0
24.735	1	57	95	68.023	0
26.116	1	156	196	96.9492	0
24.736	1	172	96	44.4407	0
24.737	1	47	97	519.692	0
24.738	1	187	98	189.891	0
26.117	1	25	197	174.75	0
24.739	1	180	99	216.371	0
26.118	1	50	198	138.394	0
24.74	1	147	100	3635.45	0
26.119	1	60	199	145.132	0
24.741	1	46	101	478.027	0
26.12	1	36	200	692.373	0
24.742	1	155	102	336.499	0
26.121	1	78	201	314.525	0
26.122	1	128	202	402.85	0
24.743	1	21	103	382.785	0
24.744	1	6	104	136.935	0
26.123	1	144	203	1704.57	0
26.124	1	178	204	182.635	0
24.745	1	29	105	117.414	0
24.746	1	182	106	114.551	0
26.125	1	192	205	149.701	0
26.126	1	146	206	689.607	0
24.748	1	96	108	167.187	0
26.127	1	140	207	1274.8	0
26.128	1	45	208	27.379	0
24.749	1	42	109	252.638	0
24.75	1	165	110	1475.84	0
26.129	1	130	209	363.941	0
26.13	1	161	210	565.599	0
24.751	1	69	111	1935.66	0
26.131	1	153	211	165.4	0
26.132	1	124	212	275.845	0
24.752	1	88	112	1151.58	0
26.133	1	167	213	505.127	0
24.753	1	188	113	644.987	0
24.754	1	152	114	505.407	0
26.134	1	81	214	797.492	0
24.755	1	162	115	184.066	0
26.135	1	185	215	454.769	0
24.756	1	11	116	240.552	0
24.757	1	139	117	1468.68	0
24.758	1	98	118	342.499	0
24.759	1	23	119	535.673	0
24.76	1	10	120	2687.33	0
24.761	1	12	121	449.275	0
24.762	1	120	122	943.147	0
24.763	1	150	123	245.282	0
24.764	1	8	124	123.622	0
24.765	1	16	125	387.177	0
24.766	1	169	126	123.948	0
24.767	1	94	127	60.1299	0
24.768	1	170	128	2002.03	0
24.769	1	54	129	76.5979	0
24.77	1	125	130	853.394	0
24.771	1	90	131	1079.53	0
24.772	1	134	132	137.226	0
24.773	1	186	133	5123.46	0
24.774	1	67	134	9612.85	0
24.775	1	102	135	6351.65	0
24.776	1	63	136	5814.73	0
24.777	1	145	137	1692.67	0
24.778	1	127	138	175.556	0
24.78	1	154	140	2631.87	0
24.781	1	20	141	90.236	0
24.782	1	52	142	93.4613	0
24.783	1	138	143	434.617	0
24.784	1	83	144	229.812	0
24.785	1	5	145	5617.84	0
24.786	1	109	146	569	0
24.787	1	33	147	3059.28	0
24.788	1	123	148	131.511	0
24.789	1	99	149	5673.7	0
24.79	1	104	150	165.864	0
24.791	1	113	151	1420.57	0
24.792	1	106	152	228.104	0
24.793	1	65	153	41.7972	0
24.794	1	129	154	1283.41	0
24.795	1	199	155	172.564	0
24.803	1	64	163	339.548	0
24.804	1	59	164	314.242	0
24.805	1	114	165	323.079	0
24.806	1	198	166	117.511	0
24.807	1	41	167	514.163	0
24.808	1	56	168	189.819	0
24.809	1	190	169	164.836	0
24.81	1	75	170	487.412	0
24.811	1	87	171	2156.68	0
24.812	1	26	172	5923.33	0
24.813	1	15	173	175.827	0
24.814	1	7	174	137.669	0
24.815	1	164	175	818.893	0
24.816	1	191	176	75.5732	0
24.817	1	131	177	302.98	0
24.818	1	122	178	261.711	0
24.825	1	71	185	107.339	0
24.826	1	76	186	269.546	0
24.827	1	82	187	3676.17	0
24.828	1	184	188	118.441	0
24.829	1	68	189	53.8381	0
24.83	1	177	190	168.927	0
24.831	1	24	191	96.5516	0
24.832	1	117	192	57.0368	0
24.833	1	159	193	3033.16	0
24.834	1	22	194	456.401	0
24.835	1	137	195	811.484	0
24.836	1	156	196	213.219	0
24.837	1	25	197	251.363	0
24.838	1	50	198	259.282	0
24.839	1	60	199	118.902	0
24.84	1	36	200	147.732	0
24.841	1	78	201	162.282	0
24.842	1	128	202	710.102	0
24.843	1	144	203	1851.24	0
24.844	1	178	204	117.414	0
24.845	1	192	205	75.601	0
24.846	1	146	206	669.691	0
24.847	1	140	207	306.072	0
24.848	1	45	208	82.6353	0
24.849	1	130	209	344.944	0
24.85	1	161	210	595.03	0
24.851	1	153	211	221.531	0
24.852	1	124	212	77.7195	0
24.853	1	167	213	247.111	0
24.854	1	81	214	1301.48	0
24.855	1	185	215	280.029	0
26.241	1	143	1	357.426	0
26.242	1	70	2	93.1242	0
26.243	1	110	3	394.843	0
26.244	1	13	4	94.1232	0
26.245	1	66	5	344.488	0
26.246	1	72	6	284.397	0
26.247	1	103	7	796.114	0
26.248	1	92	8	511.183	0
26.249	1	157	9	289.854	0
26.25	1	27	10	93.806	0
26.251	1	58	11	7365.3	0
26.252	1	115	12	307.027	0
26.253	1	48	13	344.356	0
26.254	1	37	14	6942.34	0
26.255	1	135	15	264.868	0
26.256	1	193	16	225.733	0
26.257	1	197	17	195.102	0
26.258	1	38	18	190.602	0
26.259	1	189	19	2924.64	0
26.26	1	40	20	4241.04	0
26.261	1	142	21	435.66	0
26.262	1	86	22	2053.43	0
26.263	1	100	23	3174.41	0
26.264	1	166	24	163.363	0
26.265	1	118	25	352.355	0
26.266	1	49	26	1436.49	0
26.267	1	196	27	480.789	0
26.268	1	119	28	147.772	0
26.269	1	200	29	263.684	0
26.27	1	55	30	66.2262	0
26.271	1	95	31	134.768	0
26.272	1	107	32	76.1009	0
26.273	1	101	33	133.964	0
26.274	1	116	34	1831.9	0
26.275	1	61	35	235.299	0
26.276	1	111	36	279.355	0
26.277	1	3	37	36.5741	0
26.278	1	4	38	81.3376	0
26.279	1	195	39	228.208	0
26.28	1	30	40	797.472	0
26.281	1	91	41	176.883	0
26.282	1	35	42	220.824	0
26.283	1	19	43	66.1082	0
26.284	1	176	44	211.92	0
26.285	1	32	45	239.146	0
26.286	1	126	46	144.815	0
26.287	1	151	47	8464.97	0
26.288	1	160	48	557.428	0
26.289	1	79	49	4817.48	0
26.29	1	171	50	92.6184	0
26.291	1	175	51	2080.54	0
26.292	1	17	52	189.794	0
26.293	1	174	53	146.942	0
26.294	1	74	54	696.134	0
26.295	1	39	55	212.753	0
26.296	1	179	56	115.496	0
26.297	1	194	57	1053.59	0
26.298	1	28	58	604.04	0
26.299	1	80	59	91.3461	0
26.3	1	105	60	140.06	0
26.301	1	168	61	2548.15	0
26.302	1	73	62	2316.04	0
26.303	1	141	63	99.0922	0
26.304	1	53	64	375.891	0
26.305	1	163	65	223.799	0
26.306	1	62	66	401.897	0
26.307	1	89	67	3907.8	0
26.308	1	173	68	94.3381	0
26.309	1	112	69	564.86	0
26.31	1	93	70	103.107	0
26.311	1	136	71	160.777	0
26.312	1	121	72	365.595	0
26.313	1	85	73	267.242	0
26.314	1	2	74	76.5849	0
26.315	1	158	75	950.181	0
26.316	1	14	76	281.531	0
26.317	1	1	77	392.392	0
26.318	1	133	78	343.728	0
26.319	1	34	79	327.746	0
26.32	1	18	80	102.564	0
26.321	1	149	81	568.558	0
26.322	1	108	82	168.058	0
26.323	1	97	83	20478.5	0
26.324	1	148	84	52.0842	0
26.325	1	51	85	615.006	0
26.326	1	9	86	505.981	0
26.327	1	132	87	313.755	0
26.328	1	181	88	173.994	0
26.329	1	43	89	192.278	0
26.33	1	84	90	157.017	0
26.331	1	183	91	1136.93	0
26.332	1	44	92	408.772	0
26.333	1	77	93	468.538	0
26.334	1	31	94	376.821	0
26.335	1	57	95	85.6786	0
26.336	1	172	96	84.2342	0
26.337	1	47	97	445.384	0
26.338	1	187	98	449.622	0
26.339	1	180	99	85.0808	0
26.34	1	147	100	9328.85	0
26.341	1	46	101	241.046	0
26.342	1	155	102	65.1274	0
26.343	1	21	103	340.385	0
26.344	1	6	104	239.656	0
26.345	1	29	105	91.3147	0
26.346	1	182	106	137.627	0
26.348	1	96	108	250.283	0
24.961	1	143	1	703.212	0
26.349	1	42	109	897.969	0
26.35	1	165	110	1097.75	0
24.962	1	70	2	58.2952	0
24.963	1	110	3	491.498	0
26.351	1	69	111	3872.11	0
24.964	1	13	4	37.7041	0
24.965	1	66	5	196.481	0
26.352	1	88	112	2535.89	0
24.966	1	72	6	162.337	0
26.353	1	188	113	1445.88	0
24.967	1	103	7	1494.48	0
26.354	1	152	114	377.945	0
24.968	1	92	8	965.628	0
26.355	1	162	115	105.83	0
24.969	1	157	9	420.002	0
26.356	1	11	116	618.024	0
24.97	1	27	10	171.129	0
26.357	1	139	117	839.38	0
24.971	1	58	11	4921.83	0
24.972	1	115	12	886.703	0
26.358	1	98	118	246.898	0
24.973	1	48	13	460.205	0
26.359	1	23	119	704.843	0
26.36	1	10	120	2435.05	0
24.974	1	37	14	7674.33	0
26.361	1	12	121	825.742	0
24.975	1	135	15	276.47	0
26.362	1	120	122	1702.02	0
26.363	1	150	123	386.442	0
26.364	1	8	124	363.124	0
24.976	1	193	16	387.957	0
26.365	1	16	125	385.24	0
24.977	1	197	17	397.045	0
26.366	1	169	126	103.522	0
24.978	1	38	18	120.411	0
26.367	1	94	127	185.972	0
26.368	1	170	128	1671.61	0
24.979	1	189	19	1894.65	0
24.98	1	40	20	4542.98	0
26.369	1	54	129	152.938	0
26.37	1	125	130	375.699	0
24.981	1	142	21	272.537	0
26.371	1	90	131	731.134	0
24.982	1	86	22	1416.76	0
26.372	1	134	132	98.2616	0
26.373	1	186	133	10016.7	0
26.374	1	67	134	5614.97	0
24.983	1	100	23	1084.1	0
26.375	1	102	135	4818.77	0
24.984	1	166	24	91.6532	0
24.985	1	118	25	472.793	0
26.376	1	63	136	3677.91	0
24.986	1	49	26	454.753	0
26.377	1	145	137	2288.96	0
24.987	1	196	27	913.915	0
26.378	1	127	138	232.254	0
24.988	1	119	28	80.5606	0
24.989	1	200	29	269.023	0
26.38	1	154	140	1753.75	0
24.99	1	55	30	165.67	0
26.381	1	20	141	199.764	0
26.382	1	52	142	157.507	0
24.991	1	95	31	88.1922	0
24.992	1	107	32	85.4013	0
24.993	1	101	33	222.199	0
26.383	1	138	143	760.562	0
24.994	1	116	34	1668.25	0
26.384	1	83	144	69.5718	0
24.995	1	61	35	105.337	0
24.996	1	111	36	493.516	0
26.385	1	5	145	7718.34	0
26.386	1	109	146	245.402	0
24.997	1	3	37	90.0366	0
24.998	1	4	38	85.9807	0
26.387	1	33	147	1549.92	0
26.388	1	123	148	70.1031	0
24.999	1	195	39	470.864	0
26.389	1	99	149	3416.1	0
26.39	1	104	150	261.382	0
25	1	30	40	1875.43	0
26.391	1	113	151	933.1	0
26.392	1	106	152	273.876	0
25.001	1	91	41	99.8639	0
25.002	1	35	42	145.854	0
26.393	1	65	153	67.8987	0
26.394	1	129	154	546.582	0
25.003	1	19	43	311.895	0
25.004	1	176	44	126.67	0
26.395	1	199	155	191.997	0
25.005	1	32	45	106.07	0
25.006	1	126	46	229.004	0
25.007	1	151	47	3735.58	0
25.008	1	160	48	168.684	0
25.009	1	79	49	2956.09	0
25.01	1	171	50	18.0772	0
25.011	1	175	51	7035.24	0
25.012	1	17	52	143.526	0
26.403	1	64	163	354.229	0
26.404	1	59	164	433.215	0
25.013	1	174	53	149.148	0
25.014	1	74	54	402.722	0
26.405	1	114	165	162.468	0
26.406	1	198	166	331.016	0
25.015	1	39	55	280.28	0
26.407	1	41	167	854.008	0
26.408	1	56	168	67.9364	0
26.409	1	190	169	45.2938	0
25.016	1	179	56	153.883	0
26.41	1	75	170	178.495	0
26.411	1	87	171	2038.61	0
26.412	1	26	172	7065.42	0
25.017	1	194	57	2449.47	0
25.018	1	28	58	567.927	0
26.413	1	15	173	142.784	0
26.414	1	7	174	86.6509	0
25.019	1	80	59	53.3371	0
26.415	1	164	175	464.832	0
25.02	1	105	60	104.656	0
26.416	1	191	176	118.826	0
25.021	1	168	61	534.364	0
25.022	1	73	62	1935.23	0
25.023	1	141	63	100.48	0
26.417	1	131	177	465.886	0
25.024	1	53	64	183.77	0
26.418	1	122	178	260.198	0
25.025	1	163	65	148.263	0
25.026	1	62	66	335.254	0
25.027	1	89	67	2531.52	0
25.028	1	173	68	131.095	0
25.029	1	112	69	306.367	0
25.03	1	93	70	98.7126	0
25.031	1	136	71	102.9	0
25.032	1	121	72	439.135	0
26.425	1	71	185	261.213	0
25.033	1	85	73	209.097	0
26.426	1	76	186	139.931	0
26.427	1	82	187	4041.89	0
25.034	1	2	74	39.7675	0
26.428	1	184	188	244.454	0
25.035	1	158	75	3498.35	0
26.429	1	68	189	105.808	0
25.036	1	14	76	194.233	0
26.43	1	177	190	78.5057	0
25.037	1	1	77	465.754	0
26.431	1	24	191	159.745	0
26.432	1	117	192	48.0242	0
25.038	1	133	78	300.465	0
26.433	1	159	193	2020.58	0
25.039	1	34	79	110.131	0
25.04	1	18	80	34.6295	0
26.434	1	22	194	494.42	0
26.435	1	137	195	355.269	0
26.436	1	156	196	126.192	0
25.041	1	149	81	764.309	0
26.437	1	25	197	223.24	0
25.042	1	108	82	506.923	0
26.438	1	50	198	275.354	0
25.043	1	97	83	14094.9	0
26.439	1	60	199	59.308	0
25.044	1	148	84	38.7882	0
26.44	1	36	200	296.903	0
25.045	1	51	85	720.734	0
25.046	1	9	86	508.687	0
26.441	1	78	201	303.482	0
25.047	1	132	87	128.222	0
26.442	1	128	202	551	0
25.048	1	181	88	160.253	0
26.443	1	144	203	2645.62	0
25.049	1	43	89	240.941	0
26.444	1	178	204	67.6763	0
25.05	1	84	90	271.764	0
26.445	1	192	205	166.207	0
25.051	1	183	91	631.107	0
26.446	1	146	206	342.9	0
26.447	1	140	207	233.319	0
26.448	1	45	208	53.0026	0
25.052	1	44	92	451.645	0
25.053	1	77	93	261.851	0
26.449	1	130	209	121.336	0
25.054	1	31	94	426.728	0
26.45	1	161	210	1433.52	0
25.055	1	57	95	78.5066	0
26.451	1	153	211	172.304	0
25.056	1	172	96	44.4935	0
25.057	1	47	97	552.683	0
26.452	1	124	212	113.55	0
26.453	1	167	213	372.843	0
25.058	1	187	98	141.472	0
26.454	1	81	214	3089.73	0
25.059	1	180	99	109.151	0
26.455	1	185	215	280.044	0
25.06	1	147	100	3112.52	0
25.061	1	46	101	225.239	0
25.062	1	155	102	138.317	0
25.063	1	21	103	639.38	0
25.064	1	6	104	271.859	0
25.065	1	29	105	107.964	0
25.066	1	182	106	284.741	0
25.068	1	96	108	222.899	0
25.069	1	42	109	571.716	0
25.07	1	165	110	1539.67	0
25.071	1	69	111	3950.61	0
25.072	1	88	112	996.071	0
25.073	1	188	113	1714.92	0
25.074	1	152	114	462.456	0
25.075	1	162	115	141.827	0
25.076	1	11	116	318.73	0
25.077	1	139	117	1419.9	0
25.078	1	98	118	147.839	0
25.079	1	23	119	1211.42	0
25.08	1	10	120	3303.85	0
25.081	1	12	121	234.233	0
25.082	1	120	122	2533.01	0
25.083	1	150	123	393.908	0
25.084	1	8	124	173.776	0
25.085	1	16	125	176.986	0
25.086	1	169	126	64.2183	0
25.087	1	94	127	136.612	0
25.088	1	170	128	2115.96	0
25.089	1	54	129	127.634	0
25.09	1	125	130	185.499	0
25.091	1	90	131	623.91	0
25.092	1	134	132	89.9066	0
25.093	1	186	133	11110.2	0
25.094	1	67	134	4609.32	0
25.095	1	102	135	7967.26	0
25.096	1	63	136	2196.6	0
25.097	1	145	137	3071.9	0
25.098	1	127	138	184.929	0
25.1	1	154	140	1279.94	0
25.101	1	20	141	149.965	0
25.102	1	52	142	285.179	0
25.103	1	138	143	579.873	0
25.104	1	83	144	107.727	0
25.105	1	5	145	6414.86	0
25.106	1	109	146	168.138	0
25.107	1	33	147	4050.92	0
25.108	1	123	148	183.983	0
25.109	1	99	149	7428.38	0
25.11	1	104	150	234.343	0
25.111	1	113	151	1740.66	0
25.112	1	106	152	189.975	0
25.113	1	65	153	67.0291	0
25.114	1	129	154	574.636	0
25.115	1	199	155	355.92	0
25.123	1	64	163	242.046	0
25.124	1	59	164	653.755	0
25.125	1	114	165	230.695	0
25.126	1	198	166	72.8257	0
25.127	1	41	167	307.734	0
25.128	1	56	168	60.0082	0
25.129	1	190	169	112.707	0
25.13	1	75	170	89.6584	0
25.131	1	87	171	821.386	0
25.132	1	26	172	8243.82	0
25.133	1	15	173	177.85	0
25.134	1	7	174	161.017	0
25.135	1	164	175	891.16	0
25.136	1	191	176	275.699	0
25.137	1	131	177	204.842	0
25.138	1	122	178	361.322	0
25.145	1	71	185	126.549	0
25.146	1	76	186	259.753	0
25.147	1	82	187	2826.83	0
25.148	1	184	188	554.928	0
25.149	1	68	189	63.1154	0
25.15	1	177	190	151.647	0
25.151	1	24	191	70.0041	0
25.152	1	117	192	69.0944	0
25.153	1	159	193	2637.95	0
25.154	1	22	194	260.216	0
25.155	1	137	195	879.376	0
25.156	1	156	196	138.455	0
25.157	1	25	197	134.002	0
25.158	1	50	198	184.434	0
25.159	1	60	199	113.466	0
25.16	1	36	200	319.961	0
25.161	1	78	201	194.36	0
25.162	1	128	202	253.564	0
25.163	1	144	203	910.904	0
26.561	1	143	1	534.694	0
25.164	1	178	204	129.042	0
25.165	1	192	205	38.1641	0
26.562	1	70	2	176.011	0
25.166	1	146	206	238.787	0
26.563	1	110	3	565.601	0
25.167	1	140	207	466.067	0
25.168	1	45	208	272.583	0
26.564	1	13	4	64.0821	0
25.169	1	130	209	218.174	0
26.565	1	66	5	241.369	0
25.17	1	161	210	1623.26	0
26.566	1	72	6	231.97	0
25.171	1	153	211	83.8894	0
26.567	1	103	7	2462.24	0
25.172	1	124	212	267.764	0
26.568	1	92	8	1165.36	0
25.173	1	167	213	456.485	0
26.569	1	157	9	190.115	0
25.174	1	81	214	941.742	0
26.57	1	27	10	98.3145	0
26.571	1	58	11	12001.4	0
26.572	1	115	12	530.211	0
25.175	1	185	215	445.825	0
26.573	1	48	13	234.109	0
26.574	1	37	14	2963.66	0
26.575	1	135	15	220.316	0
26.576	1	193	16	253.951	0
26.577	1	197	17	277.842	0
26.578	1	38	18	144.014	0
26.579	1	189	19	1858.84	0
26.58	1	40	20	5706.14	0
26.581	1	142	21	140.525	0
26.582	1	86	22	2405.48	0
26.583	1	100	23	1174.21	0
26.584	1	166	24	75.7978	0
26.585	1	118	25	453.008	0
26.586	1	49	26	378.675	0
26.587	1	196	27	562.397	0
26.588	1	119	28	174.206	0
26.589	1	200	29	365.8	0
26.59	1	55	30	224.554	0
26.591	1	95	31	298.241	0
26.592	1	107	32	66.978	0
26.593	1	101	33	620.024	0
26.594	1	116	34	795.973	0
26.595	1	61	35	87.0507	0
26.596	1	111	36	360.941	0
26.597	1	3	37	124.043	0
26.598	1	4	38	188.295	0
26.599	1	195	39	296.548	0
26.6	1	30	40	1628.97	0
26.601	1	91	41	89.1084	0
26.602	1	35	42	144.146	0
26.603	1	19	43	157.738	0
26.604	1	176	44	137.291	0
26.605	1	32	45	118.897	0
26.606	1	126	46	127.182	0
26.607	1	151	47	6085.07	0
26.608	1	160	48	172.951	0
26.609	1	79	49	1822.04	0
26.61	1	171	50	101.826	0
26.611	1	175	51	4738.87	0
26.612	1	17	52	122.134	0
26.613	1	174	53	41.7259	0
26.614	1	74	54	265.166	0
26.615	1	39	55	175.876	0
26.616	1	179	56	117.91	0
26.617	1	194	57	4272.72	0
26.618	1	28	58	592.901	0
26.619	1	80	59	69.686	0
26.62	1	105	60	205.115	0
26.621	1	168	61	1326.54	0
26.622	1	73	62	2491.02	0
26.623	1	141	63	90.5434	0
26.624	1	53	64	535.92	0
26.625	1	163	65	159.436	0
26.626	1	62	66	135.032	0
26.627	1	89	67	1652.3	0
26.628	1	173	68	124.663	0
26.629	1	112	69	350.591	0
26.63	1	93	70	40.9259	0
26.631	1	136	71	106.799	0
26.632	1	121	72	154.173	0
26.633	1	85	73	518.492	0
26.634	1	2	74	97.2034	0
26.635	1	158	75	2817.97	0
26.636	1	14	76	721.518	0
26.637	1	1	77	132.173	0
26.638	1	133	78	279.454	0
26.639	1	34	79	72.2769	0
26.64	1	18	80	39.715	0
26.641	1	149	81	1007.11	0
26.642	1	108	82	264.599	0
26.643	1	97	83	2087.33	0
26.644	1	148	84	87.1332	0
26.645	1	51	85	894.974	0
26.646	1	9	86	505.988	0
26.647	1	132	87	232.247	0
26.648	1	181	88	173.122	0
26.649	1	43	89	335.642	0
26.65	1	84	90	173.108	0
26.651	1	183	91	966.047	0
26.652	1	44	92	788.607	0
26.653	1	77	93	400.205	0
26.654	1	31	94	667.06	0
26.655	1	57	95	109.419	0
26.656	1	172	96	73.9344	0
26.657	1	47	97	433.729	0
26.658	1	187	98	675.614	0
26.659	1	180	99	133.634	0
26.66	1	147	100	10020.2	0
26.661	1	46	101	714.534	0
26.662	1	155	102	59.9426	0
26.663	1	21	103	266.681	0
26.664	1	6	104	155.023	0
26.665	1	29	105	60.0985	0
26.666	1	182	106	249.422	0
26.668	1	96	108	433.864	0
26.669	1	42	109	336.639	0
26.67	1	165	110	1831.05	0
26.671	1	69	111	5155.49	0
26.672	1	88	112	600.435	0
26.673	1	188	113	2005.11	0
26.674	1	152	114	692.347	0
25.281	1	143	1	244.218	0
26.675	1	162	115	510.204	0
25.282	1	70	2	142.394	0
26.676	1	11	116	118.579	0
25.283	1	110	3	310.038	0
26.677	1	139	117	789.592	0
25.284	1	13	4	106.366	0
26.678	1	98	118	277.153	0
25.285	1	66	5	267.279	0
26.679	1	23	119	1361.32	0
26.68	1	10	120	1690.33	0
25.286	1	72	6	170.633	0
25.287	1	103	7	1318.93	0
26.681	1	12	121	446.928	0
25.288	1	92	8	539.205	0
26.682	1	120	122	1527.29	0
25.289	1	157	9	365.881	0
25.29	1	27	10	186.104	0
26.683	1	150	123	246.162	0
25.291	1	58	11	9082.38	0
26.684	1	8	124	278.386	0
25.292	1	115	12	446.896	0
26.685	1	16	125	494.909	0
25.293	1	48	13	374.198	0
26.686	1	169	126	75.419	0
25.294	1	37	14	8678.28	0
26.687	1	94	127	268.65	0
25.295	1	135	15	229.405	0
26.688	1	170	128	2586.15	0
25.296	1	193	16	103.892	0
25.297	1	197	17	152.259	0
26.689	1	54	129	131.471	0
26.69	1	125	130	284.202	0
25.298	1	38	18	66.2601	0
26.691	1	90	131	458.278	0
25.299	1	189	19	1662.5	0
26.692	1	134	132	63.067	0
25.3	1	40	20	9737.3	0
26.693	1	186	133	782.894	0
26.694	1	67	134	5049.7	0
25.301	1	142	21	532.628	0
26.695	1	102	135	3369.58	0
25.302	1	86	22	869.802	0
26.696	1	63	136	2060.89	0
25.303	1	100	23	2559.32	0
26.697	1	145	137	954.818	0
25.304	1	166	24	159.096	0
26.698	1	127	138	217.171	0
25.305	1	118	25	522.418	0
25.306	1	49	26	586.861	0
26.7	1	154	140	1023.22	0
25.307	1	196	27	388.077	0
25.308	1	119	28	87.0052	0
26.701	1	20	141	145.092	0
26.702	1	52	142	94.2137	0
25.309	1	200	29	133.126	0
25.31	1	55	30	119.926	0
26.703	1	138	143	391.228	0
26.704	1	83	144	163.36	0
25.311	1	95	31	149.108	0
25.312	1	107	32	33.9429	0
26.705	1	5	145	4853.53	0
26.706	1	109	146	120.531	0
25.313	1	101	33	166.751	0
25.314	1	116	34	2334.44	0
26.707	1	33	147	1352.76	0
26.708	1	123	148	129.949	0
25.315	1	61	35	62.0539	0
26.709	1	99	149	3519.35	0
26.71	1	104	150	181.335	0
25.316	1	111	36	352.036	0
26.711	1	113	151	2796.69	0
26.712	1	106	152	191.931	0
26.713	1	65	153	104.553	0
25.317	1	3	37	43.5043	0
26.714	1	129	154	199.255	0
25.318	1	4	38	380.724	0
26.715	1	199	155	93.2857	0
25.319	1	195	39	347.697	0
25.32	1	30	40	1612.85	0
25.321	1	91	41	152.049	0
25.322	1	35	42	273.808	0
25.323	1	19	43	81.2382	0
25.324	1	176	44	302.815	0
25.325	1	32	45	102.038	0
25.326	1	126	46	184.434	0
25.327	1	151	47	7760.8	0
25.328	1	160	48	627.908	0
25.329	1	79	49	3567.2	0
26.723	1	64	163	383.597	0
25.33	1	171	50	37.8451	0
26.724	1	59	164	2232.05	0
25.331	1	175	51	2960.15	0
26.725	1	114	165	285.365	0
25.332	1	17	52	302.243	0
26.726	1	198	166	124.051	0
25.333	1	174	53	70.0342	0
26.727	1	41	167	218.137	0
26.728	1	56	168	104.498	0
25.334	1	74	54	405.73	0
26.729	1	190	169	166.336	0
26.73	1	75	170	142.917	0
25.335	1	39	55	137.556	0
25.336	1	179	56	92.5528	0
26.731	1	87	171	1799.25	0
25.337	1	194	57	4562.45	0
26.732	1	26	172	4992.58	0
25.338	1	28	58	719.24	0
26.733	1	15	173	117.55	0
25.339	1	80	59	84.9092	0
25.34	1	105	60	140.674	0
26.734	1	7	174	99.2582	0
26.735	1	164	175	438.274	0
26.736	1	191	176	126.575	0
25.341	1	168	61	1197.89	0
26.737	1	131	177	366.127	0
25.342	1	73	62	2738.67	0
26.738	1	122	178	150.717	0
25.343	1	141	63	153.849	0
25.344	1	53	64	280.981	0
25.345	1	163	65	180.585	0
25.346	1	62	66	571.337	0
25.347	1	89	67	1929.27	0
25.348	1	173	68	271.54	0
25.349	1	112	69	281.369	0
25.35	1	93	70	56.4137	0
26.745	1	71	185	205.371	0
25.351	1	136	71	116.644	0
26.746	1	76	186	223.638	0
26.747	1	82	187	3744.96	0
26.748	1	184	188	475.743	0
25.352	1	121	72	444.791	0
26.749	1	68	189	53.8867	0
25.353	1	85	73	181.815	0
26.75	1	177	190	55.6467	0
25.354	1	2	74	99.6962	0
25.355	1	158	75	1602.76	0
26.751	1	24	191	68.4225	0
25.356	1	14	76	338.99	0
25.357	1	1	77	533.716	0
26.752	1	117	192	154.325	0
25.358	1	133	78	286.257	0
26.753	1	159	193	617.338	0
26.754	1	22	194	953.97	0
25.359	1	34	79	469.632	0
26.755	1	137	195	724.569	0
25.36	1	18	80	51.9864	0
26.756	1	156	196	142.325	0
25.361	1	149	81	822.383	0
26.757	1	25	197	143.752	0
25.362	1	108	82	202.753	0
26.758	1	50	198	188.298	0
25.363	1	97	83	19680.9	0
26.759	1	60	199	67.8328	0
25.364	1	148	84	38.8928	0
26.76	1	36	200	541.352	0
25.365	1	51	85	280.034	0
26.761	1	78	201	138.035	0
25.366	1	9	86	419.33	0
25.367	1	132	87	633.684	0
26.762	1	128	202	298.378	0
25.368	1	181	88	200.318	0
26.763	1	144	203	1105.72	0
25.369	1	43	89	145.119	0
26.764	1	178	204	162.151	0
25.37	1	84	90	181.593	0
26.765	1	192	205	103.487	0
25.371	1	183	91	292.671	0
26.766	1	146	206	987.451	0
25.372	1	44	92	193.675	0
26.767	1	140	207	554.904	0
25.373	1	77	93	1527.65	0
26.768	1	45	208	288.686	0
25.374	1	31	94	391.46	0
26.769	1	130	209	98.2268	0
26.77	1	161	210	485.55	0
25.375	1	57	95	198.652	0
26.771	1	153	211	110.037	0
26.772	1	124	212	538.266	0
25.376	1	172	96	99.7145	0
26.773	1	167	213	205.24	0
25.377	1	47	97	350.881	0
26.774	1	81	214	825.594	0
25.378	1	187	98	353.809	0
25.379	1	180	99	152.727	0
26.775	1	185	215	253.583	0
25.38	1	147	100	3174.41	0
25.381	1	46	101	346.902	0
25.382	1	155	102	192.97	0
25.383	1	21	103	466.213	0
25.384	1	6	104	142.26	0
25.385	1	29	105	146.426	0
25.386	1	182	106	196.858	0
25.388	1	96	108	76.2616	0
25.389	1	42	109	551.098	0
25.39	1	165	110	1517.47	0
25.391	1	69	111	4862.55	0
25.392	1	88	112	348.55	0
25.393	1	188	113	615.955	0
25.394	1	152	114	522.316	0
25.395	1	162	115	116.534	0
25.396	1	11	116	286.852	0
25.397	1	139	117	1968.11	0
25.398	1	98	118	294.341	0
25.399	1	23	119	485.121	0
25.4	1	10	120	2584.97	0
25.401	1	12	121	97.9609	0
25.402	1	120	122	2081.78	0
25.403	1	150	123	205.014	0
25.404	1	8	124	311.327	0
25.405	1	16	125	248.145	0
25.406	1	169	126	63.2612	0
25.407	1	94	127	88.78	0
25.408	1	170	128	4000.06	0
25.409	1	54	129	89.9707	0
25.41	1	125	130	166.804	0
25.411	1	90	131	826.603	0
25.412	1	134	132	335.506	0
25.413	1	186	133	6191.38	0
25.414	1	67	134	8335.84	0
25.415	1	102	135	4920.14	0
25.416	1	63	136	3922.08	0
25.417	1	145	137	770.947	0
25.418	1	127	138	240.928	0
25.42	1	154	140	617.6	0
25.421	1	20	141	184.254	0
25.422	1	52	142	67.3308	0
25.423	1	138	143	828.603	0
25.424	1	83	144	126.054	0
25.425	1	5	145	1773.83	0
25.426	1	109	146	418.877	0
25.427	1	33	147	1087.58	0
25.428	1	123	148	94.4185	0
25.429	1	99	149	4939.53	0
25.43	1	104	150	309.925	0
25.431	1	113	151	1102.51	0
25.432	1	106	152	172.098	0
25.433	1	65	153	77.2584	0
25.434	1	129	154	2093.99	0
25.435	1	199	155	366.429	0
25.443	1	64	163	189.069	0
25.444	1	59	164	2258.74	0
25.445	1	114	165	321.85	0
25.446	1	198	166	134.147	0
25.447	1	41	167	218.777	0
25.448	1	56	168	117.206	0
25.449	1	190	169	77.5084	0
25.45	1	75	170	195.759	0
25.451	1	87	171	1665.27	0
25.452	1	26	172	5754	0
25.453	1	15	173	105.242	0
25.454	1	7	174	121.329	0
25.455	1	164	175	404.787	0
25.456	1	191	176	243.819	0
25.457	1	131	177	489.615	0
25.458	1	122	178	151.965	0
25.465	1	71	185	135.897	0
25.466	1	76	186	120.993	0
25.467	1	82	187	3048.69	0
25.468	1	184	188	90.9424	0
25.469	1	68	189	36.2387	0
25.47	1	177	190	98.1174	0
25.471	1	24	191	155.189	0
25.472	1	117	192	63.5093	0
25.473	1	159	193	2456.45	0
25.474	1	22	194	357.431	0
25.475	1	137	195	381.943	0
25.476	1	156	196	95.9853	0
25.477	1	25	197	263.011	0
25.478	1	50	198	117.425	0
25.479	1	60	199	98.9406	0
25.48	1	36	200	247.293	0
26.881	1	143	1	352.913	0
25.481	1	78	201	267.919	0
26.882	1	70	2	180.637	0
25.482	1	128	202	597.98	0
26.883	1	110	3	363.871	0
25.483	1	144	203	1795.57	0
26.884	1	13	4	17.0711	0
25.484	1	178	204	66.199	0
26.885	1	66	5	194.351	0
25.485	1	192	205	103.02	0
26.886	1	72	6	136.833	0
25.486	1	146	206	553.08	0
26.887	1	103	7	5628.95	0
25.487	1	140	207	526.981	0
26.888	1	92	8	1530.21	0
25.488	1	45	208	43.9407	0
26.889	1	157	9	171.899	0
25.489	1	130	209	142.947	0
26.89	1	27	10	81.4065	0
25.49	1	161	210	678.795	0
26.891	1	58	11	3709.05	0
25.491	1	153	211	220.4	0
26.892	1	115	12	435.962	0
25.492	1	124	212	269.915	0
26.893	1	48	13	600.748	0
25.493	1	167	213	652.703	0
26.894	1	37	14	12888.2	0
25.494	1	81	214	2451.6	0
26.895	1	135	15	148.598	0
25.495	1	185	215	457.655	0
26.896	1	193	16	272.393	0
26.897	1	197	17	284.798	0
26.898	1	38	18	113.577	0
26.899	1	189	19	845.645	0
26.9	1	40	20	8018.13	0
26.901	1	142	21	489.006	0
26.902	1	86	22	1164.85	0
26.903	1	100	23	1506.96	0
26.904	1	166	24	167.877	0
26.905	1	118	25	450.192	0
26.906	1	49	26	449.182	0
26.907	1	196	27	565.654	0
26.908	1	119	28	200.668	0
26.909	1	200	29	321.543	0
26.91	1	55	30	74.9646	0
26.911	1	95	31	263.691	0
26.912	1	107	32	61.6095	0
26.913	1	101	33	182.775	0
26.914	1	116	34	2268.48	0
26.915	1	61	35	89.6108	0
26.916	1	111	36	242.106	0
26.917	1	3	37	54.9305	0
26.918	1	4	38	86.1921	0
26.919	1	195	39	345.326	0
26.92	1	30	40	1274.24	0
26.921	1	91	41	272.43	0
26.922	1	35	42	322.601	0
26.923	1	19	43	290.94	0
26.924	1	176	44	322.193	0
26.925	1	32	45	77.7201	0
26.926	1	126	46	347.494	0
26.927	1	151	47	5040.32	0
26.928	1	160	48	147.403	0
26.929	1	79	49	2794.03	0
26.93	1	171	50	60.4049	0
26.931	1	175	51	8901.68	0
26.932	1	17	52	188.909	0
26.933	1	174	53	67.2535	0
26.934	1	74	54	636.687	0
26.935	1	39	55	160.911	0
26.936	1	179	56	60.1371	0
26.937	1	194	57	2610.45	0
26.938	1	28	58	510.911	0
26.939	1	80	59	60.5938	0
26.94	1	105	60	146.62	0
26.941	1	168	61	910.009	0
26.942	1	73	62	2403.51	0
26.943	1	141	63	93.4807	0
26.944	1	53	64	278.878	0
26.945	1	163	65	123.788	0
26.946	1	62	66	205.162	0
26.947	1	89	67	2077.37	0
26.948	1	173	68	112.94	0
26.949	1	112	69	398.005	0
26.95	1	93	70	178.446	0
26.951	1	136	71	121.721	0
26.952	1	121	72	217.019	0
26.953	1	85	73	169.83	0
26.954	1	2	74	120.669	0
26.955	1	158	75	2715.4	0
26.956	1	14	76	147.952	0
26.957	1	1	77	669.177	0
26.958	1	133	78	191.513	0
26.959	1	34	79	226.618	0
26.96	1	18	80	62.6441	0
26.961	1	149	81	589.199	0
26.962	1	108	82	293.866	0
26.963	1	97	83	9749.52	0
25.601	1	143	1	204.666	0
25.602	1	70	2	207.085	0
26.964	1	148	84	47.3304	0
25.603	1	110	3	266.589	0
25.604	1	13	4	54.2896	0
26.965	1	51	85	848.621	0
25.605	1	66	5	225.574	0
25.606	1	72	6	91.3565	0
26.966	1	9	86	768.889	0
25.607	1	103	7	2006.41	0
25.608	1	92	8	1297.2	0
26.967	1	132	87	400.466	0
25.609	1	157	9	319.625	0
25.61	1	27	10	200.091	0
26.968	1	181	88	249.018	0
25.611	1	58	11	3927.21	0
25.612	1	115	12	386.418	0
25.613	1	48	13	316.927	0
26.969	1	43	89	224.044	0
25.614	1	37	14	3545.13	0
25.615	1	135	15	294.175	0
26.97	1	84	90	446.324	0
25.616	1	193	16	387.089	0
26.971	1	183	91	1105.61	0
26.972	1	44	92	543.203	0
25.617	1	197	17	599.035	0
25.618	1	38	18	82.4501	0
26.973	1	77	93	544.13	0
25.619	1	189	19	1493.64	0
26.974	1	31	94	697.258	0
25.62	1	40	20	8352.35	0
25.621	1	142	21	247.216	0
25.622	1	86	22	1195.89	0
25.623	1	100	23	951.602	0
26.975	1	57	95	242.086	0
25.624	1	166	24	234.663	0
25.625	1	118	25	492.739	0
25.626	1	49	26	270.773	0
25.627	1	196	27	627.056	0
25.628	1	119	28	142.063	0
25.629	1	200	29	250.195	0
25.63	1	55	30	144.202	0
25.631	1	95	31	126.713	0
25.632	1	107	32	141.025	0
25.633	1	101	33	392.759	0
26.976	1	172	96	89.61	0
25.634	1	116	34	2702.97	0
26.977	1	47	97	346.668	0
26.978	1	187	98	364.722	0
25.635	1	61	35	230.303	0
25.636	1	111	36	696.43	0
26.979	1	180	99	83.6466	0
26.98	1	147	100	3057.81	0
25.637	1	3	37	86.243	0
25.638	1	4	38	98.1251	0
26.981	1	46	101	819.853	0
26.982	1	155	102	102.882	0
25.639	1	195	39	171.345	0
25.64	1	30	40	1455.89	0
26.983	1	21	103	267.431	0
25.641	1	91	41	84.9664	0
26.984	1	6	104	45.0525	0
25.642	1	35	42	231.222	0
26.985	1	29	105	72.3935	0
26.986	1	182	106	85.0643	0
25.643	1	19	43	206.583	0
25.644	1	176	44	125.282	0
26.988	1	96	108	128.511	0
25.645	1	32	45	210.303	0
25.646	1	126	46	174.536	0
26.989	1	42	109	845.956	0
26.99	1	165	110	819.181	0
25.647	1	151	47	5767.03	0
25.648	1	160	48	127.798	0
26.991	1	69	111	1445.83	0
26.992	1	88	112	543.625	0
25.649	1	79	49	3018.07	0
26.993	1	188	113	1412.98	0
25.65	1	171	50	55.2171	0
26.994	1	152	114	231.578	0
25.651	1	175	51	4797.24	0
26.995	1	162	115	240.524	0
26.996	1	11	116	333.907	0
25.652	1	17	52	242.388	0
26.997	1	139	117	1007.04	0
25.653	1	174	53	24.6443	0
26.998	1	98	118	263.586	0
25.654	1	74	54	513.48	0
26.999	1	23	119	281.322	0
25.655	1	39	55	101.811	0
25.656	1	179	56	81.8577	0
27	1	10	120	3512.53	0
25.657	1	194	57	5851.23	0
27.001	1	12	121	232.741	0
25.658	1	28	58	712.212	0
27.002	1	120	122	1881.79	0
25.659	1	80	59	91.8712	0
27.003	1	150	123	54.1707	0
25.66	1	105	60	395.205	0
27.004	1	8	124	164.219	0
25.661	1	168	61	1393.19	0
27.005	1	16	125	271.029	0
27.006	1	169	126	68.8758	0
25.662	1	73	62	1083.01	0
27.007	1	94	127	105.608	0
27.008	1	170	128	1205.81	0
25.663	1	141	63	215.592	0
25.664	1	53	64	228.752	0
27.009	1	54	129	110.54	0
27.01	1	125	130	207.483	0
25.665	1	163	65	38.1173	0
25.666	1	62	66	362.964	0
27.011	1	90	131	1320.52	0
27.012	1	134	132	118.5	0
25.667	1	89	67	3885.6	0
27.013	1	186	133	5019.5	0
25.668	1	173	68	299.401	0
27.014	1	67	134	3760.98	0
25.669	1	112	69	545.563	0
27.015	1	102	135	2972.18	0
25.67	1	93	70	66.8536	0
25.671	1	136	71	104.221	0
25.672	1	121	72	203.913	0
25.673	1	85	73	352.077	0
27.016	1	63	136	4082.07	0
25.674	1	2	74	37.484	0
27.017	1	145	137	428.717	0
25.675	1	158	75	1403.77	0
27.018	1	127	138	86.6023	0
25.676	1	14	76	121.545	0
25.677	1	1	77	508.292	0
25.678	1	133	78	109.609	0
27.02	1	154	140	1623.66	0
25.679	1	34	79	65.0335	0
27.021	1	20	141	115.909	0
25.68	1	18	80	58.0965	0
27.022	1	52	142	215.033	0
25.681	1	149	81	952.047	0
27.023	1	138	143	1044.31	0
25.682	1	108	82	259.47	0
27.024	1	83	144	72.0098	0
27.025	1	5	145	3838.62	0
25.683	1	97	83	6408.27	0
27.026	1	109	146	290.473	0
25.684	1	148	84	117.854	0
27.027	1	33	147	1059.95	0
27.028	1	123	148	87.0529	0
25.685	1	51	85	515.624	0
25.686	1	9	86	678.766	0
27.029	1	99	149	10252.9	0
27.03	1	104	150	240.08	0
25.687	1	132	87	498.199	0
25.688	1	181	88	288.151	0
27.031	1	113	151	1223.95	0
27.032	1	106	152	128.331	0
25.689	1	43	89	184.53	0
25.69	1	84	90	278.093	0
27.033	1	65	153	170.438	0
25.691	1	183	91	563.102	0
25.692	1	44	92	296.286	0
27.034	1	129	154	394.061	0
25.693	1	77	93	913.283	0
27.035	1	199	155	221.532	0
25.694	1	31	94	1056.17	0
25.695	1	57	95	136.177	0
25.696	1	172	96	57.1325	0
25.697	1	47	97	639.65	0
25.698	1	187	98	343.704	0
25.699	1	180	99	203.638	0
25.7	1	147	100	4869.46	0
27.043	1	64	163	186.718	0
25.701	1	46	101	753.882	0
27.044	1	59	164	1739.72	0
25.702	1	155	102	98.3652	0
27.045	1	114	165	263.379	0
25.703	1	21	103	266.169	0
27.046	1	198	166	108.371	0
25.704	1	6	104	227.145	0
27.047	1	41	167	640.29	0
25.705	1	29	105	34.5062	0
27.048	1	56	168	79.6086	0
25.706	1	182	106	291.11	0
27.049	1	190	169	45.8498	0
27.05	1	75	170	101.882	0
25.708	1	96	108	156.372	0
25.709	1	42	109	639.957	0
27.051	1	87	171	1615.95	0
25.71	1	165	110	1066.95	0
25.711	1	69	111	4909.18	0
27.052	1	26	172	5729.06	0
25.712	1	88	112	451.633	0
27.053	1	15	173	179.389	0
25.713	1	188	113	1157.53	0
27.054	1	7	174	186.42	0
25.714	1	152	114	166.236	0
27.055	1	164	175	552.046	0
25.715	1	162	115	154.017	0
27.056	1	191	176	167.529	0
27.057	1	131	177	101.717	0
25.716	1	11	116	429.79	0
27.058	1	122	178	151.123	0
25.717	1	139	117	906.09	0
25.718	1	98	118	149.598	0
25.719	1	23	119	780.357	0
25.72	1	10	120	2817.17	0
25.721	1	12	121	185.324	0
25.722	1	120	122	4180.33	0
27.065	1	71	185	275.689	0
25.723	1	150	123	175.11	0
27.066	1	76	186	199.98	0
25.724	1	8	124	143.553	0
27.067	1	82	187	4993.97	0
25.725	1	16	125	520.547	0
27.068	1	184	188	174.552	0
25.726	1	169	126	36.6822	0
25.727	1	94	127	177.897	0
27.069	1	68	189	36.4983	0
25.728	1	170	128	2026.87	0
27.07	1	177	190	131.823	0
25.729	1	54	129	215.201	0
27.071	1	24	191	128.595	0
25.73	1	125	130	328.535	0
27.072	1	117	192	51.0493	0
25.731	1	90	131	274.729	0
27.073	1	159	193	2146.5	0
25.732	1	134	132	96.1123	0
27.074	1	22	194	488.331	0
25.733	1	186	133	6435.58	0
27.075	1	137	195	891.398	0
25.734	1	67	134	1785.27	0
25.735	1	102	135	7606.14	0
25.736	1	63	136	2071.12	0
27.076	1	156	196	113.627	0
25.737	1	145	137	2348.09	0
27.077	1	25	197	187.128	0
25.738	1	127	138	184.559	0
27.078	1	50	198	206.622	0
27.079	1	60	199	107.698	0
25.74	1	154	140	2017.36	0
27.08	1	36	200	316.66	0
27.081	1	78	201	180.407	0
27.082	1	128	202	178.853	0
25.741	1	20	141	126.255	0
25.742	1	52	142	317.731	0
27.083	1	144	203	2750.42	0
25.743	1	138	143	628.101	0
27.084	1	178	204	287.007	0
25.744	1	83	144	57.7691	0
27.085	1	192	205	114.702	0
25.745	1	5	145	8620.76	0
27.086	1	146	206	922.961	0
25.746	1	109	146	230.085	0
25.747	1	33	147	1073.59	0
27.087	1	140	207	439.033	0
27.088	1	45	208	221.826	0
25.748	1	123	148	80.6568	0
27.089	1	130	209	268.262	0
25.749	1	99	149	5551.81	0
27.09	1	161	210	1148.85	0
25.75	1	104	150	301.603	0
27.091	1	153	211	134.261	0
25.751	1	113	151	1281.76	0
27.092	1	124	212	135.071	0
27.093	1	167	213	531.363	0
25.752	1	106	152	190.031	0
27.094	1	81	214	1737.73	0
25.753	1	65	153	65.4465	0
27.095	1	185	215	537.823	0
25.754	1	129	154	363.119	0
25.755	1	199	155	405.68	0
25.763	1	64	163	507.024	0
25.764	1	59	164	499.569	0
25.765	1	114	165	123.239	0
25.766	1	198	166	210.765	0
25.767	1	41	167	447.777	0
25.768	1	56	168	81.7869	0
25.769	1	190	169	73.5714	0
25.77	1	75	170	194.953	0
25.771	1	87	171	1317.71	0
25.772	1	26	172	3808.82	0
25.773	1	15	173	155.412	0
25.774	1	7	174	208.811	0
25.775	1	164	175	186.287	0
25.776	1	191	176	133.625	0
25.777	1	131	177	201.013	0
25.778	1	122	178	496.527	0
25.785	1	71	185	179.413	0
25.786	1	76	186	559.976	0
25.787	1	82	187	2624.05	0
25.788	1	184	188	200.596	0
25.789	1	68	189	102.206	0
25.79	1	177	190	122.094	0
25.791	1	24	191	130.315	0
25.792	1	117	192	88.6327	0
25.793	1	159	193	2158.31	0
25.794	1	22	194	447.336	0
25.795	1	137	195	465.067	0
25.796	1	156	196	152.105	0
25.797	1	25	197	302.34	0
25.798	1	50	198	91.1352	0
25.799	1	60	199	122.27	0
25.8	1	36	200	244.379	0
25.801	1	78	201	604.196	0
25.802	1	128	202	235.53	0
25.803	1	144	203	1524.49	0
25.804	1	178	204	154.315	0
25.805	1	192	205	42.1366	0
25.806	1	146	206	1200.94	0
25.807	1	140	207	420.184	0
25.808	1	45	208	171.999	0
25.809	1	130	209	68.52	0
25.81	1	161	210	1091.43	0
25.811	1	153	211	370.236	0
25.812	1	124	212	180.199	0
25.813	1	167	213	538.116	0
25.814	1	81	214	821.513	0
25.815	1	185	215	650.069	0
27.201	1	143	1	273.806	0
27.202	1	70	2	218.692	0
27.203	1	110	3	554.483	0
27.204	1	13	4	74.6714	0
27.205	1	66	5	138.182	0
27.206	1	72	6	120.394	0
27.207	1	103	7	820.193	0
27.208	1	92	8	379.486	0
27.209	1	157	9	286.519	0
27.21	1	27	10	144.738	0
27.211	1	58	11	2587.38	0
27.212	1	115	12	509.621	0
27.213	1	48	13	717.284	0
27.214	1	37	14	4926.55	0
27.215	1	135	15	80.4165	0
27.216	1	193	16	123.308	0
27.217	1	197	17	415.624	0
27.218	1	38	18	164.499	0
27.219	1	189	19	1295.28	0
27.22	1	40	20	4477.68	0
27.221	1	142	21	408.282	0
27.222	1	86	22	1884.37	0
27.223	1	100	23	1066.05	0
27.224	1	166	24	114.331	0
27.225	1	118	25	577.212	0
27.226	1	49	26	946.958	0
27.227	1	196	27	504.488	0
27.228	1	119	28	53.1695	0
27.229	1	200	29	172.544	0
27.23	1	55	30	114.718	0
27.231	1	95	31	170.597	0
27.232	1	107	32	52.664	0
27.233	1	101	33	148.539	0
27.234	1	116	34	1988.82	0
27.235	1	61	35	201.121	0
27.236	1	111	36	405.156	0
27.237	1	3	37	74.9932	0
27.238	1	4	38	206.756	0
27.239	1	195	39	417.98	0
27.24	1	30	40	3090.95	0
27.241	1	91	41	117.926	0
27.242	1	35	42	145.64	0
27.243	1	19	43	128.27	0
27.244	1	176	44	83.7136	0
27.245	1	32	45	199.071	0
27.246	1	126	46	127.616	0
27.247	1	151	47	4674.93	0
27.248	1	160	48	254.808	0
27.249	1	79	49	2437.15	0
27.25	1	171	50	24.7326	0
27.251	1	175	51	4887.52	0
27.252	1	17	52	322.209	0
27.253	1	174	53	42.8372	0
27.254	1	74	54	304.177	0
27.255	1	39	55	108.261	0
27.256	1	179	56	106.804	0
27.257	1	194	57	4485.36	0
27.258	1	28	58	673.878	0
27.259	1	80	59	112.602	0
27.26	1	105	60	151.376	0
25.921	1	143	1	704.581	0
27.261	1	168	61	1092.63	0
25.922	1	70	2	105.368	0
27.262	1	73	62	907.628	0
25.923	1	110	3	879.781	0
25.924	1	13	4	95.1379	0
27.263	1	141	63	87.125	0
25.925	1	66	5	163.543	0
27.264	1	53	64	210.196	0
25.926	1	72	6	162.647	0
27.265	1	163	65	160.135	0
27.266	1	62	66	293.766	0
25.927	1	103	7	2115.43	0
25.928	1	92	8	1367.42	0
27.267	1	89	67	1592.49	0
27.268	1	173	68	138.386	0
25.929	1	157	9	167.54	0
25.93	1	27	10	95.0514	0
27.269	1	112	69	483.318	0
27.27	1	93	70	71.0985	0
25.931	1	58	11	8006	0
25.932	1	115	12	567.962	0
27.271	1	136	71	146.907	0
27.272	1	121	72	312.5	0
25.933	1	48	13	278.732	0
27.273	1	85	73	195.74	0
27.274	1	2	74	62.9236	0
25.934	1	37	14	4036.43	0
25.935	1	135	15	415.263	0
27.275	1	158	75	2213.28	0
25.936	1	193	16	200.785	0
25.937	1	197	17	274.556	0
27.276	1	14	76	553.294	0
25.938	1	38	18	49.5314	0
27.277	1	1	77	657.35	0
25.939	1	189	19	1256.17	0
27.278	1	133	78	326.145	0
25.94	1	40	20	5943.29	0
27.279	1	34	79	137.586	0
27.28	1	18	80	188.889	0
25.941	1	142	21	144.326	0
27.281	1	149	81	387.088	0
27.282	1	108	82	579.25	0
25.942	1	86	22	1313.8	0
25.943	1	100	23	1060.27	0
27.283	1	97	83	2710.89	0
25.944	1	166	24	134.151	0
25.945	1	118	25	352.405	0
27.284	1	148	84	36.7937	0
25.946	1	49	26	355.426	0
27.285	1	51	85	1221.95	0
25.947	1	196	27	469.544	0
25.948	1	119	28	43.5601	0
27.286	1	9	86	244.389	0
25.949	1	200	29	146.803	0
27.287	1	132	87	135.392	0
25.95	1	55	30	160.337	0
27.288	1	181	88	143.268	0
25.951	1	95	31	199.19	0
27.289	1	43	89	346.18	0
27.29	1	84	90	148.612	0
25.952	1	107	32	28.1365	0
27.291	1	183	91	772.691	0
27.292	1	44	92	349.313	0
25.953	1	101	33	339.76	0
25.954	1	116	34	672.059	0
27.293	1	77	93	268.914	0
27.294	1	31	94	756.304	0
25.955	1	61	35	136.856	0
25.956	1	111	36	351.398	0
27.295	1	57	95	123.603	0
27.296	1	172	96	133.257	0
25.957	1	3	37	105.689	0
27.297	1	47	97	547.713	0
27.298	1	187	98	455.124	0
25.958	1	4	38	215.885	0
27.299	1	180	99	101.12	0
25.959	1	195	39	424.723	0
25.96	1	30	40	1785.27	0
27.3	1	147	100	2857.8	0
25.961	1	91	41	114.3	0
27.301	1	46	101	595.238	0
27.302	1	155	102	249.218	0
27.303	1	21	103	305.386	0
25.962	1	35	42	571.096	0
27.304	1	6	104	202.145	0
25.963	1	19	43	275.701	0
27.305	1	29	105	113.232	0
25.964	1	176	44	115.044	0
27.306	1	182	106	437.95	0
25.965	1	32	45	138.727	0
25.966	1	126	46	240.904	0
27.308	1	96	108	177.172	0
25.967	1	151	47	7537.21	0
27.309	1	42	109	1453.78	0
25.968	1	160	48	289.978	0
27.31	1	165	110	1027.04	0
25.969	1	79	49	2726.98	0
27.311	1	69	111	3010.43	0
25.97	1	171	50	24.346	0
27.312	1	88	112	875.332	0
25.971	1	175	51	5369.15	0
27.313	1	188	113	1581.91	0
25.972	1	17	52	404.818	0
27.314	1	152	114	973.286	0
25.973	1	174	53	75.856	0
27.315	1	162	115	66.1648	0
25.974	1	74	54	1293.49	0
27.316	1	11	116	405.955	0
25.975	1	39	55	165.032	0
25.976	1	179	56	172.075	0
27.317	1	139	117	1926.4	0
25.977	1	194	57	1459.16	0
27.318	1	98	118	205.676	0
25.978	1	28	58	641.558	0
27.319	1	23	119	904.939	0
25.979	1	80	59	57.5184	0
25.98	1	105	60	87.2884	0
27.32	1	10	120	1590.69	0
25.981	1	168	61	2374.4	0
27.321	1	12	121	740.871	0
25.982	1	73	62	1273.77	0
27.322	1	120	122	1363.85	0
27.323	1	150	123	291.458	0
25.983	1	141	63	65.7883	0
27.324	1	8	124	365.64	0
25.984	1	53	64	394.509	0
27.325	1	16	125	202.88	0
27.326	1	169	126	50.6681	0
25.985	1	163	65	97.5576	0
25.986	1	62	66	110.228	0
27.327	1	94	127	148.248	0
27.328	1	170	128	3052.01	0
25.987	1	89	67	1746.24	0
25.988	1	173	68	60.0991	0
27.329	1	54	129	100.643	0
27.33	1	125	130	175.199	0
25.989	1	112	69	500.974	0
25.99	1	93	70	89.3095	0
27.331	1	90	131	859.402	0
27.332	1	134	132	61.4729	0
25.991	1	136	71	112.055	0
25.992	1	121	72	359.244	0
27.333	1	186	133	4652.98	0
25.993	1	85	73	133.667	0
27.334	1	67	134	5942.16	0
25.994	1	2	74	103.748	0
27.335	1	102	135	10513	0
25.995	1	158	75	1943.04	0
27.336	1	63	136	3690.3	0
25.996	1	14	76	352.744	0
27.337	1	145	137	497.556	0
27.338	1	127	138	205.926	0
25.997	1	1	77	362.183	0
25.998	1	133	78	230.855	0
27.34	1	154	140	987.777	0
25.999	1	34	79	131.165	0
26	1	18	80	135.785	0
27.341	1	20	141	169.235	0
27.342	1	52	142	307.652	0
26.001	1	149	81	1467.63	0
26.002	1	108	82	260.335	0
27.343	1	138	143	660.059	0
27.344	1	83	144	80.1358	0
26.003	1	97	83	6045.82	0
27.345	1	5	145	3222.34	0
26.004	1	148	84	65.9882	0
27.346	1	109	146	450.152	0
26.005	1	51	85	530.291	0
27.347	1	33	147	1548.76	0
26.006	1	9	86	715.673	0
27.348	1	123	148	89.8968	0
26.007	1	132	87	542.665	0
26.008	1	181	88	116.046	0
27.349	1	99	149	1398.88	0
27.35	1	104	150	345.699	0
27.351	1	113	151	1795.13	0
26.009	1	43	89	281.684	0
26.01	1	84	90	233.904	0
27.352	1	106	152	196.954	0
26.011	1	183	91	320.816	0
26.012	1	44	92	478.742	0
27.353	1	65	153	70.5748	0
26.013	1	77	93	367.518	0
27.354	1	129	154	787.95	0
26.014	1	31	94	653.571	0
27.355	1	199	155	104.179	0
26.015	1	57	95	47.2098	0
26.016	1	172	96	188.519	0
26.017	1	47	97	518.651	0
26.018	1	187	98	375.941	0
26.019	1	180	99	118.547	0
27.363	1	64	163	229.532	0
26.02	1	147	100	1737.19	0
27.364	1	59	164	667.38	0
26.021	1	46	101	752.248	0
27.365	1	114	165	282.851	0
27.366	1	198	166	78.8255	0
26.022	1	155	102	77.5765	0
27.367	1	41	167	653.795	0
26.023	1	21	103	178.178	0
27.368	1	56	168	303.11	0
26.024	1	6	104	231.445	0
27.369	1	190	169	90.8951	0
26.025	1	29	105	119.412	0
27.37	1	75	170	71.8014	0
26.026	1	182	106	214.507	0
27.371	1	87	171	1107.22	0
27.372	1	26	172	4725.27	0
26.028	1	96	108	204.941	0
27.373	1	15	173	87.2673	0
26.029	1	42	109	591.417	0
27.374	1	7	174	78.5073	0
26.03	1	165	110	1483.13	0
26.031	1	69	111	4382.15	0
26.032	1	88	112	1131.63	0
27.375	1	164	175	427.675	0
26.033	1	188	113	4007.87	0
27.376	1	191	176	440.15	0
27.377	1	131	177	134.155	0
26.034	1	152	114	397.628	0
27.378	1	122	178	282.066	0
26.035	1	162	115	89.6802	0
26.036	1	11	116	451.366	0
26.037	1	139	117	1180.77	0
26.038	1	98	118	137.607	0
26.039	1	23	119	592.224	0
26.04	1	10	120	2681.15	0
26.041	1	12	121	450.175	0
26.042	1	120	122	1329.81	0
26.043	1	150	123	221.607	0
27.385	1	71	185	121.075	0
26.044	1	8	124	149.238	0
27.386	1	76	186	192.253	0
27.387	1	82	187	8925.62	0
26.045	1	16	125	351.931	0
27.388	1	184	188	149.289	0
26.046	1	169	126	78.7101	0
27.389	1	68	189	40.5052	0
26.047	1	94	127	184.784	0
27.39	1	177	190	188.588	0
26.048	1	170	128	2281.2	0
27.391	1	24	191	238.233	0
26.049	1	54	129	238.961	0
27.392	1	117	192	81.9443	0
26.05	1	125	130	631.9	0
27.393	1	159	193	2240.71	0
26.051	1	90	131	166.078	0
27.394	1	22	194	754.717	0
26.052	1	134	132	77.5315	0
27.395	1	137	195	468.009	0
27.396	1	156	196	251.873	0
26.053	1	186	133	4941.05	0
26.054	1	67	134	4053.12	0
27.397	1	25	197	186.903	0
27.398	1	50	198	173.21	0
26.055	1	102	135	6398.81	0
26.056	1	63	136	2417.43	0
27.399	1	60	199	48.3749	0
26.057	1	145	137	1610.72	0
27.4	1	36	200	136.615	0
26.058	1	127	138	140.371	0
27.401	1	78	201	307.08	0
27.402	1	128	202	162.349	0
26.06	1	154	140	947.087	0
27.403	1	144	203	4177.74	0
27.404	1	178	204	62.3249	0
26.061	1	20	141	121.683	0
27.405	1	192	205	62.0237	0
27.406	1	146	206	924.604	0
26.062	1	52	142	89.049	0
27.407	1	140	207	837.643	0
26.063	1	138	143	582.315	0
27.408	1	45	208	270.325	0
26.064	1	83	144	132.189	0
27.409	1	130	209	75.9509	0
26.065	1	5	145	3178.26	0
27.41	1	161	210	406.347	0
26.066	1	109	146	188.681	0
27.411	1	153	211	284.982	0
26.067	1	33	147	1690.92	0
27.412	1	124	212	306.442	0
26.068	1	123	148	35.0826	0
27.413	1	167	213	589.109	0
26.069	1	99	149	8899.91	0
27.414	1	81	214	628.007	0
26.07	1	104	150	147.607	0
27.415	1	185	215	541.508	0
26.071	1	113	151	1290.32	0
26.072	1	106	152	158.048	0
26.073	1	65	153	77.2734	0
26.074	1	129	154	624.007	0
26.075	1	199	155	309.399	0
26.083	1	64	163	557.241	0
26.084	1	59	164	1663.02	0
26.085	1	114	165	191.619	0
26.086	1	198	166	194.957	0
26.087	1	41	167	330.95	0
26.088	1	56	168	220.972	0
26.089	1	190	169	164.443	0
26.09	1	75	170	137.82	0
26.091	1	87	171	1370.13	0
26.092	1	26	172	2099.67	0
26.093	1	15	173	191.48	0
26.094	1	7	174	97.4146	0
26.095	1	164	175	404.042	0
26.096	1	191	176	205.812	0
26.097	1	131	177	83.17	0
26.098	1	122	178	158.568	0
26.105	1	71	185	95.5469	0
26.106	1	76	186	156.843	0
26.107	1	82	187	2912.95	0
26.108	1	184	188	284.154	0
26.109	1	68	189	64.454	0
26.11	1	177	190	133.014	0
26.111	1	24	191	110.837	0
26.112	1	117	192	138.687	0
26.113	1	159	193	2507.75	0
26.114	1	22	194	208.215	0
26.115	1	137	195	669.632	0
26.116	1	156	196	96.9492	0
26.117	1	25	197	174.75	0
26.118	1	50	198	138.394	0
26.119	1	60	199	145.132	0
26.12	1	36	200	692.373	0
26.121	1	78	201	314.525	0
26.122	1	128	202	402.85	0
26.123	1	144	203	1704.57	0
26.124	1	178	204	182.635	0
26.125	1	192	205	149.701	0
26.126	1	146	206	689.607	0
26.127	1	140	207	1274.8	0
26.128	1	45	208	27.379	0
26.129	1	130	209	363.941	0
26.13	1	161	210	565.599	0
26.131	1	153	211	165.4	0
26.132	1	124	212	275.845	0
26.133	1	167	213	505.127	0
26.134	1	81	214	797.492	0
26.135	1	185	215	454.769	0
27.521	1	143	1	840.463	0
27.522	1	70	2	220.746	0
27.523	1	110	3	316.249	0
27.524	1	13	4	90.6466	0
27.525	1	66	5	175.764	0
27.526	1	72	6	287.616	0
27.527	1	103	7	719.534	0
27.528	1	92	8	1008.83	0
27.529	1	157	9	287.477	0
27.53	1	27	10	88.016	0
27.531	1	58	11	11575.5	0
27.532	1	115	12	466.952	0
27.533	1	48	13	342.133	0
27.534	1	37	14	2405.24	0
27.535	1	135	15	79.0919	0
27.536	1	193	16	260.765	0
27.537	1	197	17	493.656	0
27.538	1	38	18	90.8396	0
27.539	1	189	19	855.095	0
27.54	1	40	20	8068.61	0
27.541	1	142	21	366.276	0
27.542	1	86	22	694.788	0
27.543	1	100	23	1034.28	0
27.544	1	166	24	132.198	0
27.545	1	118	25	414.786	0
27.546	1	49	26	468.245	0
27.547	1	196	27	355.69	0
27.548	1	119	28	115.83	0
27.549	1	200	29	191.924	0
27.55	1	55	30	97.7166	0
27.551	1	95	31	234.355	0
27.552	1	107	32	76.8952	0
27.553	1	101	33	360.135	0
27.554	1	116	34	2121.33	0
27.555	1	61	35	71.3904	0
27.556	1	111	36	393.332	0
27.557	1	3	37	46.1531	0
27.558	1	4	38	156.069	0
27.559	1	195	39	350.521	0
27.56	1	30	40	1857.96	0
27.561	1	91	41	141.789	0
27.562	1	35	42	434.054	0
27.563	1	19	43	397.882	0
27.564	1	176	44	74.8214	0
27.565	1	32	45	189.492	0
27.566	1	126	46	183.265	0
27.567	1	151	47	5670.73	0
27.568	1	160	48	273.14	0
27.569	1	79	49	1947.81	0
27.57	1	171	50	51.0245	0
27.571	1	175	51	1561.22	0
27.572	1	17	52	274.364	0
27.573	1	174	53	58.8314	0
27.574	1	74	54	658.364	0
27.575	1	39	55	154.211	0
27.576	1	179	56	199.856	0
27.577	1	194	57	4561.09	0
26.241	1	143	1	357.426	0
27.578	1	28	58	620.179	0
26.242	1	70	2	93.1242	0
27.579	1	80	59	102.702	0
27.58	1	105	60	249.149	0
26.243	1	110	3	394.843	0
26.244	1	13	4	94.1232	0
27.581	1	168	61	1765.58	0
27.582	1	73	62	1594.07	0
26.245	1	66	5	344.488	0
26.246	1	72	6	284.397	0
26.247	1	103	7	796.114	0
27.583	1	141	63	94.9847	0
26.248	1	92	8	511.183	0
26.249	1	157	9	289.854	0
27.584	1	53	64	281.001	0
26.25	1	27	10	93.806	0
27.585	1	163	65	68.8548	0
26.251	1	58	11	7365.3	0
27.586	1	62	66	245.643	0
27.587	1	89	67	2077.89	0
26.252	1	115	12	307.027	0
27.588	1	173	68	98.2681	0
26.253	1	48	13	344.356	0
27.589	1	112	69	525.466	0
26.254	1	37	14	6942.34	0
27.59	1	93	70	79.481	0
26.255	1	135	15	264.868	0
27.591	1	136	71	130.669	0
26.256	1	193	16	225.733	0
27.592	1	121	72	292.48	0
26.257	1	197	17	195.102	0
27.593	1	85	73	607.186	0
27.594	1	2	74	34.2436	0
26.258	1	38	18	190.602	0
27.595	1	158	75	862.79	0
26.259	1	189	19	2924.64	0
27.596	1	14	76	404.44	0
26.26	1	40	20	4241.04	0
27.597	1	1	77	614.127	0
26.261	1	142	21	435.66	0
27.598	1	133	78	273.863	0
27.599	1	34	79	287.763	0
26.262	1	86	22	2053.43	0
26.263	1	100	23	3174.41	0
27.6	1	18	80	64.3051	0
26.264	1	166	24	163.363	0
27.601	1	149	81	317.628	0
26.265	1	118	25	352.355	0
27.602	1	108	82	305.288	0
26.266	1	49	26	1436.49	0
27.603	1	97	83	2944.94	0
26.267	1	196	27	480.789	0
27.604	1	148	84	38.5356	0
26.268	1	119	28	147.772	0
27.605	1	51	85	782.182	0
26.269	1	200	29	263.684	0
27.606	1	9	86	729.753	0
26.27	1	55	30	66.2262	0
27.607	1	132	87	198.616	0
26.271	1	95	31	134.768	0
26.272	1	107	32	76.1009	0
27.608	1	181	88	177.55	0
26.273	1	101	33	133.964	0
27.609	1	43	89	319.065	0
26.274	1	116	34	1831.9	0
27.61	1	84	90	163.367	0
27.611	1	183	91	762.72	0
27.612	1	44	92	673.567	0
26.275	1	61	35	235.299	0
27.613	1	77	93	527.961	0
26.276	1	111	36	279.355	0
27.614	1	31	94	312.23	0
26.277	1	3	37	36.5741	0
27.615	1	57	95	112.434	0
26.278	1	4	38	81.3376	0
26.279	1	195	39	228.208	0
26.28	1	30	40	797.472	0
27.616	1	172	96	231.109	0
26.281	1	91	41	176.883	0
26.282	1	35	42	220.824	0
27.617	1	47	97	510.099	0
26.283	1	19	43	66.1082	0
27.618	1	187	98	345.285	0
26.284	1	176	44	211.92	0
27.619	1	180	99	53.7966	0
26.285	1	32	45	239.146	0
27.62	1	147	100	12884.1	0
26.286	1	126	46	144.815	0
27.621	1	46	101	861.649	0
26.287	1	151	47	8464.97	0
27.622	1	155	102	45.5363	0
26.288	1	160	48	557.428	0
27.623	1	21	103	243.524	0
26.289	1	79	49	4817.48	0
27.624	1	6	104	209.623	0
26.29	1	171	50	92.6184	0
27.625	1	29	105	74.1477	0
26.291	1	175	51	2080.54	0
27.626	1	182	106	393.339	0
26.292	1	17	52	189.794	0
26.293	1	174	53	146.942	0
27.628	1	96	108	130.518	0
26.294	1	74	54	696.134	0
27.629	1	42	109	432.763	0
26.295	1	39	55	212.753	0
27.63	1	165	110	834.525	0
26.296	1	179	56	115.496	0
27.631	1	69	111	3986.53	0
26.297	1	194	57	1053.59	0
26.298	1	28	58	604.04	0
27.632	1	88	112	1133.23	0
26.299	1	80	59	91.3461	0
27.633	1	188	113	2652.39	0
27.634	1	152	114	526.957	0
26.3	1	105	60	140.06	0
27.635	1	162	115	178.424	0
26.301	1	168	61	2548.15	0
27.636	1	11	116	429.033	0
26.302	1	73	62	2316.04	0
27.637	1	139	117	2034.15	0
26.303	1	141	63	99.0922	0
27.638	1	98	118	250.419	0
26.304	1	53	64	375.891	0
27.639	1	23	119	1128.09	0
26.305	1	163	65	223.799	0
27.64	1	10	120	2304.82	0
26.306	1	62	66	401.897	0
26.307	1	89	67	3907.8	0
26.308	1	173	68	94.3381	0
27.641	1	12	121	143.041	0
26.309	1	112	69	564.86	0
27.642	1	120	122	2998.73	0
26.31	1	93	70	103.107	0
27.643	1	150	123	221.551	0
26.311	1	136	71	160.777	0
27.644	1	8	124	306.993	0
26.312	1	121	72	365.595	0
27.645	1	16	125	411.418	0
26.313	1	85	73	267.242	0
27.646	1	169	126	68.1452	0
26.314	1	2	74	76.5849	0
27.647	1	94	127	192.251	0
26.315	1	158	75	950.181	0
27.648	1	170	128	2737.01	0
27.649	1	54	129	175.933	0
27.65	1	125	130	123.267	0
26.316	1	14	76	281.531	0
27.651	1	90	131	349.623	0
26.317	1	1	77	392.392	0
26.318	1	133	78	343.728	0
27.652	1	134	132	144.176	0
26.319	1	34	79	327.746	0
27.653	1	186	133	5869.36	0
27.654	1	67	134	3243.13	0
26.32	1	18	80	102.564	0
27.655	1	102	135	3471.13	0
27.656	1	63	136	4194.89	0
26.321	1	149	81	568.558	0
26.322	1	108	82	168.058	0
27.657	1	145	137	732.578	0
26.323	1	97	83	20478.5	0
26.324	1	148	84	52.0842	0
27.658	1	127	138	177.569	0
26.325	1	51	85	615.006	0
26.326	1	9	86	505.981	0
27.66	1	154	140	1222.39	0
26.327	1	132	87	313.755	0
27.661	1	20	141	140.159	0
26.328	1	181	88	173.994	0
26.329	1	43	89	192.278	0
27.662	1	52	142	259.777	0
26.33	1	84	90	157.017	0
27.663	1	138	143	226.319	0
27.664	1	83	144	120.521	0
26.331	1	183	91	1136.93	0
26.332	1	44	92	408.772	0
27.665	1	5	145	3321.88	0
27.666	1	109	146	154.401	0
26.333	1	77	93	468.538	0
27.667	1	33	147	1487.41	0
26.334	1	31	94	376.821	0
27.668	1	123	148	102.216	0
26.335	1	57	95	85.6786	0
27.669	1	99	149	8330.11	0
26.336	1	172	96	84.2342	0
27.67	1	104	150	152.071	0
26.337	1	47	97	445.384	0
27.671	1	113	151	1598.73	0
26.338	1	187	98	449.622	0
27.672	1	106	152	161.407	0
26.339	1	180	99	85.0808	0
27.673	1	65	153	63.0753	0
26.34	1	147	100	9328.85	0
27.674	1	129	154	349.995	0
26.341	1	46	101	241.046	0
27.675	1	199	155	298.56	0
26.342	1	155	102	65.1274	0
26.343	1	21	103	340.385	0
26.344	1	6	104	239.656	0
26.345	1	29	105	91.3147	0
26.346	1	182	106	137.627	0
26.348	1	96	108	250.283	0
26.349	1	42	109	897.969	0
26.35	1	165	110	1097.75	0
27.683	1	64	163	229.759	0
26.351	1	69	111	3872.11	0
27.684	1	59	164	1043.94	0
26.352	1	88	112	2535.89	0
27.685	1	114	165	340.128	0
26.353	1	188	113	1445.88	0
27.686	1	198	166	127.528	0
26.354	1	152	114	377.945	0
27.687	1	41	167	479.728	0
26.355	1	162	115	105.83	0
27.688	1	56	168	78.9847	0
26.356	1	11	116	618.024	0
27.689	1	190	169	106.52	0
26.357	1	139	117	839.38	0
27.69	1	75	170	216.737	0
27.691	1	87	171	1400.55	0
26.358	1	98	118	246.898	0
27.692	1	26	172	5106.9	0
26.359	1	23	119	704.843	0
27.693	1	15	173	96.3186	0
26.36	1	10	120	2435.05	0
27.694	1	7	174	194.77	0
26.361	1	12	121	825.742	0
27.695	1	164	175	314.43	0
27.696	1	191	176	162.239	0
26.362	1	120	122	1702.02	0
27.697	1	131	177	197.285	0
26.363	1	150	123	386.442	0
27.698	1	122	178	184.722	0
26.364	1	8	124	363.124	0
26.365	1	16	125	385.24	0
26.366	1	169	126	103.522	0
26.367	1	94	127	185.972	0
26.368	1	170	128	1671.61	0
26.369	1	54	129	152.938	0
26.37	1	125	130	375.699	0
26.371	1	90	131	731.134	0
27.705	1	71	185	169.43	0
26.372	1	134	132	98.2616	0
27.706	1	76	186	158.412	0
26.373	1	186	133	10016.7	0
27.707	1	82	187	1692.57	0
26.374	1	67	134	5614.97	0
27.708	1	184	188	498.109	0
27.709	1	68	189	63.9578	0
26.375	1	102	135	4818.77	0
27.71	1	177	190	227.828	0
27.711	1	24	191	62.3138	0
26.376	1	63	136	3677.91	0
27.712	1	117	192	39.1259	0
26.377	1	145	137	2288.96	0
27.713	1	159	193	1912.82	0
26.378	1	127	138	232.254	0
27.714	1	22	194	501.088	0
27.715	1	137	195	713.569	0
26.38	1	154	140	1753.75	0
26.381	1	20	141	199.764	0
26.382	1	52	142	157.507	0
27.716	1	156	196	144.779	0
27.717	1	25	197	240.406	0
26.383	1	138	143	760.562	0
27.718	1	50	198	169.449	0
27.719	1	60	199	95.4794	0
26.384	1	83	144	69.5718	0
26.385	1	5	145	7718.34	0
27.72	1	36	200	416.036	0
26.386	1	109	146	245.402	0
27.721	1	78	201	154.804	0
26.387	1	33	147	1549.92	0
27.722	1	128	202	259.973	0
26.388	1	123	148	70.1031	0
26.389	1	99	149	3416.1	0
26.39	1	104	150	261.382	0
27.723	1	144	203	1809.48	0
27.724	1	178	204	189.709	0
26.391	1	113	151	933.1	0
27.725	1	192	205	93.0665	0
26.392	1	106	152	273.876	0
27.726	1	146	206	793.789	0
26.393	1	65	153	67.8987	0
27.727	1	140	207	1113.52	0
26.394	1	129	154	546.582	0
27.728	1	45	208	183.783	0
26.395	1	199	155	191.997	0
27.729	1	130	209	98.0799	0
27.73	1	161	210	650.474	0
27.731	1	153	211	392.514	0
27.732	1	124	212	191.651	0
27.733	1	167	213	286.9	0
27.734	1	81	214	1293.83	0
27.735	1	185	215	1069.66	0
26.403	1	64	163	354.229	0
26.404	1	59	164	433.215	0
26.405	1	114	165	162.468	0
26.406	1	198	166	331.016	0
26.407	1	41	167	854.008	0
26.408	1	56	168	67.9364	0
26.409	1	190	169	45.2938	0
26.41	1	75	170	178.495	0
26.411	1	87	171	2038.61	0
26.412	1	26	172	7065.42	0
26.413	1	15	173	142.784	0
26.414	1	7	174	86.6509	0
26.415	1	164	175	464.832	0
26.416	1	191	176	118.826	0
26.417	1	131	177	465.886	0
26.418	1	122	178	260.198	0
26.425	1	71	185	261.213	0
26.426	1	76	186	139.931	0
26.427	1	82	187	4041.89	0
26.428	1	184	188	244.454	0
26.429	1	68	189	105.808	0
26.43	1	177	190	78.5057	0
26.431	1	24	191	159.745	0
26.432	1	117	192	48.0242	0
26.433	1	159	193	2020.58	0
26.434	1	22	194	494.42	0
26.435	1	137	195	355.269	0
26.436	1	156	196	126.192	0
26.437	1	25	197	223.24	0
26.438	1	50	198	275.354	0
26.439	1	60	199	59.308	0
26.44	1	36	200	296.903	0
26.441	1	78	201	303.482	0
26.442	1	128	202	551	0
26.443	1	144	203	2645.62	0
26.444	1	178	204	67.6763	0
26.445	1	192	205	166.207	0
26.446	1	146	206	342.9	0
26.447	1	140	207	233.319	0
26.448	1	45	208	53.0026	0
26.449	1	130	209	121.336	0
26.45	1	161	210	1433.52	0
26.451	1	153	211	172.304	0
26.452	1	124	212	113.55	0
26.453	1	167	213	372.843	0
26.454	1	81	214	3089.73	0
26.455	1	185	215	280.044	0
27.841	1	143	1	706.959	0
27.842	1	70	2	58.2867	0
27.843	1	110	3	489.978	0
27.844	1	13	4	100.048	0
27.845	1	66	5	135.925	0
27.846	1	72	6	130.715	0
27.847	1	103	7	3206.57	0
27.848	1	92	8	1834.87	0
27.849	1	157	9	589.486	0
27.85	1	27	10	85.9528	0
27.851	1	58	11	7275.24	0
27.852	1	115	12	235.651	0
27.853	1	48	13	311.076	0
27.854	1	37	14	9290.29	0
27.855	1	135	15	405.189	0
27.856	1	193	16	112.95	0
27.857	1	197	17	773.604	0
27.858	1	38	18	89.6844	0
27.859	1	189	19	1237.09	0
27.86	1	40	20	8872.89	0
27.861	1	142	21	471.543	0
27.862	1	86	22	1251.88	0
27.863	1	100	23	1555.47	0
27.864	1	166	24	263.509	0
27.865	1	118	25	560.43	0
27.866	1	49	26	357.984	0
27.867	1	196	27	110.23	0
27.868	1	119	28	68.7008	0
27.869	1	200	29	296.009	0
27.87	1	55	30	89.2713	0
27.871	1	95	31	246.619	0
27.872	1	107	32	114.452	0
27.873	1	101	33	163.582	0
27.874	1	116	34	2489.63	0
27.875	1	61	35	134.897	0
27.876	1	111	36	606.165	0
27.877	1	3	37	49.9659	0
27.878	1	4	38	149.494	0
27.879	1	195	39	180.926	0
27.88	1	30	40	1671.88	0
27.881	1	91	41	121.561	0
27.882	1	35	42	262.022	0
27.883	1	19	43	211.513	0
27.884	1	176	44	418.271	0
27.885	1	32	45	139.137	0
27.886	1	126	46	176.596	0
27.887	1	151	47	6879.26	0
27.888	1	160	48	480.013	0
27.889	1	79	49	6569.29	0
27.89	1	171	50	110.631	0
27.891	1	175	51	3558.42	0
27.892	1	17	52	456.724	0
27.893	1	174	53	74.6115	0
27.894	1	74	54	1207.18	0
27.895	1	39	55	186.673	0
27.896	1	179	56	88.5812	0
26.561	1	143	1	534.694	0
27.897	1	194	57	11036	0
26.562	1	70	2	176.011	0
27.898	1	28	58	874.849	0
27.899	1	80	59	37.8092	0
26.563	1	110	3	565.601	0
26.564	1	13	4	64.0821	0
27.9	1	105	60	256.087	0
26.565	1	66	5	241.369	0
26.566	1	72	6	231.97	0
27.901	1	168	61	2036.61	0
27.902	1	73	62	2176.59	0
26.567	1	103	7	2462.24	0
26.568	1	92	8	1165.36	0
27.903	1	141	63	185.376	0
27.904	1	53	64	215.533	0
26.569	1	157	9	190.115	0
27.905	1	163	65	333.342	0
26.57	1	27	10	98.3145	0
27.906	1	62	66	203.229	0
26.571	1	58	11	12001.4	0
26.572	1	115	12	530.211	0
27.907	1	89	67	1717.22	0
27.908	1	173	68	396.448	0
26.573	1	48	13	234.109	0
26.574	1	37	14	2963.66	0
27.909	1	112	69	717.161	0
27.91	1	93	70	159.965	0
27.911	1	136	71	129.637	0
26.575	1	135	15	220.316	0
27.912	1	121	72	428.286	0
26.576	1	193	16	253.951	0
27.913	1	85	73	285.514	0
27.914	1	2	74	52.0115	0
26.577	1	197	17	277.842	0
27.915	1	158	75	925.334	0
26.578	1	38	18	144.014	0
26.579	1	189	19	1858.84	0
26.58	1	40	20	5706.14	0
27.916	1	14	76	270.129	0
26.581	1	142	21	140.525	0
26.582	1	86	22	2405.48	0
27.917	1	1	77	351.394	0
27.918	1	133	78	217.184	0
26.583	1	100	23	1174.21	0
27.919	1	34	79	145.424	0
26.584	1	166	24	75.7978	0
26.585	1	118	25	453.008	0
27.92	1	18	80	108.887	0
26.586	1	49	26	378.675	0
27.921	1	149	81	876.97	0
26.587	1	196	27	562.397	0
27.922	1	108	82	374.285	0
26.588	1	119	28	174.206	0
27.923	1	97	83	7939.75	0
26.589	1	200	29	365.8	0
27.924	1	148	84	92.2841	0
26.59	1	55	30	224.554	0
27.925	1	51	85	688.051	0
26.591	1	95	31	298.241	0
27.926	1	9	86	380.546	0
26.592	1	107	32	66.978	0
27.927	1	132	87	195.712	0
27.928	1	181	88	116.587	0
26.593	1	101	33	620.024	0
26.594	1	116	34	795.973	0
27.929	1	43	89	312.06	0
27.93	1	84	90	192.229	0
26.595	1	61	35	87.0507	0
26.596	1	111	36	360.941	0
27.931	1	183	91	768.352	0
27.932	1	44	92	338.308	0
26.597	1	3	37	124.043	0
26.598	1	4	38	188.295	0
27.933	1	77	93	1135.48	0
26.599	1	195	39	296.548	0
26.6	1	30	40	1628.97	0
26.601	1	91	41	89.1084	0
26.602	1	35	42	144.146	0
26.603	1	19	43	157.738	0
26.604	1	176	44	137.291	0
26.605	1	32	45	118.897	0
26.606	1	126	46	127.182	0
27.934	1	31	94	517.149	0
26.607	1	151	47	6085.07	0
26.608	1	160	48	172.951	0
26.609	1	79	49	1822.04	0
27.935	1	57	95	81.0532	0
26.61	1	171	50	101.826	0
27.936	1	172	96	123.934	0
26.611	1	175	51	4738.87	0
26.612	1	17	52	122.134	0
26.613	1	174	53	41.7259	0
27.937	1	47	97	433.452	0
26.614	1	74	54	265.166	0
26.615	1	39	55	175.876	0
27.938	1	187	98	568.7	0
26.616	1	179	56	117.91	0
27.939	1	180	99	106.78	0
27.94	1	147	100	8021.46	0
26.617	1	194	57	4272.72	0
26.618	1	28	58	592.901	0
26.619	1	80	59	69.686	0
27.941	1	46	101	151.262	0
26.62	1	105	60	205.115	0
26.621	1	168	61	1326.54	0
27.942	1	155	102	65.1813	0
26.622	1	73	62	2491.02	0
26.623	1	141	63	90.5434	0
26.624	1	53	64	535.92	0
27.943	1	21	103	214.613	0
26.625	1	163	65	159.436	0
26.626	1	62	66	135.032	0
27.944	1	6	104	611.669	0
26.627	1	89	67	1652.3	0
26.628	1	173	68	124.663	0
27.945	1	29	105	109.048	0
26.629	1	112	69	350.591	0
26.63	1	93	70	40.9259	0
27.946	1	182	106	152.144	0
26.631	1	136	71	106.799	0
26.632	1	121	72	154.173	0
26.633	1	85	73	518.492	0
26.634	1	2	74	97.2034	0
27.948	1	96	108	209.501	0
26.635	1	158	75	2817.97	0
26.636	1	14	76	721.518	0
27.949	1	42	109	855.549	0
26.637	1	1	77	132.173	0
26.638	1	133	78	279.454	0
27.95	1	165	110	1065.8	0
26.639	1	34	79	72.2769	0
26.64	1	18	80	39.715	0
27.951	1	69	111	15887.4	0
26.641	1	149	81	1007.11	0
26.642	1	108	82	264.599	0
27.952	1	88	112	2882.04	0
26.643	1	97	83	2087.33	0
26.644	1	148	84	87.1332	0
27.953	1	188	113	821.408	0
26.645	1	51	85	894.974	0
26.646	1	9	86	505.988	0
27.954	1	152	114	1082.23	0
26.647	1	132	87	232.247	0
26.648	1	181	88	173.122	0
26.649	1	43	89	335.642	0
27.955	1	162	115	107.116	0
26.65	1	84	90	173.108	0
26.651	1	183	91	966.047	0
27.956	1	11	116	173.031	0
26.652	1	44	92	788.607	0
27.957	1	139	117	862.287	0
26.653	1	77	93	400.205	0
26.654	1	31	94	667.06	0
26.655	1	57	95	109.419	0
27.958	1	98	118	168.669	0
26.656	1	172	96	73.9344	0
26.657	1	47	97	433.729	0
27.959	1	23	119	485.141	0
26.658	1	187	98	675.614	0
27.96	1	10	120	2125.29	0
26.659	1	180	99	133.634	0
26.66	1	147	100	10020.2	0
27.961	1	12	121	441.406	0
26.661	1	46	101	714.534	0
26.662	1	155	102	59.9426	0
27.962	1	120	122	948.075	0
26.663	1	21	103	266.681	0
26.664	1	6	104	155.023	0
26.665	1	29	105	60.0985	0
27.963	1	150	123	130.979	0
26.666	1	182	106	249.422	0
27.964	1	8	124	124.566	0
26.668	1	96	108	433.864	0
26.669	1	42	109	336.639	0
26.67	1	165	110	1831.05	0
27.965	1	16	125	395.429	0
26.671	1	69	111	5155.49	0
26.672	1	88	112	600.435	0
27.966	1	169	126	66.9869	0
26.673	1	188	113	2005.11	0
26.674	1	152	114	692.347	0
27.967	1	94	127	111.122	0
27.968	1	170	128	2214.26	0
26.675	1	162	115	510.204	0
26.676	1	11	116	118.579	0
27.969	1	54	129	227.029	0
26.677	1	139	117	789.592	0
26.678	1	98	118	277.153	0
27.97	1	125	130	245.39	0
26.679	1	23	119	1361.32	0
26.68	1	10	120	1690.33	0
27.971	1	90	131	520.714	0
26.681	1	12	121	446.928	0
26.682	1	120	122	1527.29	0
27.972	1	134	132	127.8	0
26.683	1	150	123	246.162	0
27.973	1	186	133	7829.94	0
26.684	1	8	124	278.386	0
27.974	1	67	134	5357.29	0
26.685	1	16	125	494.909	0
26.686	1	169	126	75.419	0
26.687	1	94	127	268.65	0
26.688	1	170	128	2586.15	0
27.975	1	102	135	1672.92	0
26.689	1	54	129	131.471	0
26.69	1	125	130	284.202	0
26.691	1	90	131	458.278	0
27.976	1	63	136	3487.41	0
26.692	1	134	132	63.067	0
26.693	1	186	133	782.894	0
26.694	1	67	134	5049.7	0
26.695	1	102	135	3369.58	0
26.696	1	63	136	2060.89	0
26.697	1	145	137	954.818	0
26.698	1	127	138	217.171	0
26.7	1	154	140	1023.22	0
27.977	1	145	137	1812.62	0
27.978	1	127	138	252.988	0
26.701	1	20	141	145.092	0
26.702	1	52	142	94.2137	0
26.703	1	138	143	391.228	0
27.98	1	154	140	1688.94	0
26.704	1	83	144	163.36	0
27.981	1	20	141	80.5871	0
26.705	1	5	145	4853.53	0
27.982	1	52	142	286.956	0
26.706	1	109	146	120.531	0
26.707	1	33	147	1352.76	0
27.983	1	138	143	582.794	0
26.708	1	123	148	129.949	0
26.709	1	99	149	3519.35	0
27.984	1	83	144	94.4367	0
26.71	1	104	150	181.335	0
27.985	1	5	145	3918.26	0
26.711	1	113	151	2796.69	0
27.986	1	109	146	310.793	0
26.712	1	106	152	191.931	0
27.987	1	33	147	1078.29	0
26.713	1	65	153	104.553	0
26.714	1	129	154	199.255	0
27.988	1	123	148	69.035	0
26.715	1	199	155	93.2857	0
27.989	1	99	149	1920.87	0
27.99	1	104	150	212.308	0
27.991	1	113	151	1899.14	0
27.992	1	106	152	76.5914	0
27.993	1	65	153	11.3986	0
27.994	1	129	154	838.785	0
27.995	1	199	155	481.05	0
26.723	1	64	163	383.597	0
26.724	1	59	164	2232.05	0
26.725	1	114	165	285.365	0
26.726	1	198	166	124.051	0
26.727	1	41	167	218.137	0
26.728	1	56	168	104.498	0
28.003	1	64	163	299.004	0
28.004	1	59	164	1379.34	0
26.729	1	190	169	166.336	0
26.73	1	75	170	142.917	0
28.005	1	114	165	419.795	0
28.006	1	198	166	166.125	0
26.731	1	87	171	1799.25	0
26.732	1	26	172	4992.58	0
28.007	1	41	167	284.575	0
28.008	1	56	168	101.924	0
26.733	1	15	173	117.55	0
28.009	1	190	169	68.7892	0
26.734	1	7	174	99.2582	0
28.01	1	75	170	169.19	0
26.735	1	164	175	438.274	0
28.011	1	87	171	1071	0
28.012	1	26	172	3538.85	0
26.736	1	191	176	126.575	0
28.013	1	15	173	160.32	0
26.737	1	131	177	366.127	0
28.014	1	7	174	166.281	0
26.738	1	122	178	150.717	0
28.015	1	164	175	301.973	0
28.016	1	191	176	192.134	0
28.017	1	131	177	406.831	0
28.018	1	122	178	113.069	0
26.745	1	71	185	205.371	0
26.746	1	76	186	223.638	0
26.747	1	82	187	3744.96	0
26.748	1	184	188	475.743	0
26.749	1	68	189	53.8867	0
26.75	1	177	190	55.6467	0
26.751	1	24	191	68.4225	0
28.025	1	71	185	278.093	0
26.752	1	117	192	154.325	0
28.026	1	76	186	279.818	0
26.753	1	159	193	617.338	0
26.754	1	22	194	953.97	0
28.027	1	82	187	7985.23	0
28.028	1	184	188	231.293	0
26.755	1	137	195	724.569	0
26.756	1	156	196	142.325	0
28.029	1	68	189	17.3938	0
28.03	1	177	190	190.715	0
26.757	1	25	197	143.752	0
28.031	1	24	191	172.597	0
26.758	1	50	198	188.298	0
28.032	1	117	192	62.2713	0
26.759	1	60	199	67.8328	0
28.033	1	159	193	7081.53	0
26.76	1	36	200	541.352	0
28.034	1	22	194	502.496	0
26.761	1	78	201	138.035	0
28.035	1	137	195	264.974	0
26.762	1	128	202	298.378	0
28.036	1	156	196	127.444	0
26.763	1	144	203	1105.72	0
28.037	1	25	197	238.256	0
26.764	1	178	204	162.151	0
28.038	1	50	198	86.2556	0
26.765	1	192	205	103.487	0
28.039	1	60	199	101.863	0
26.766	1	146	206	987.451	0
28.04	1	36	200	650.681	0
26.767	1	140	207	554.904	0
26.768	1	45	208	288.686	0
26.769	1	130	209	98.2268	0
28.041	1	78	201	302.715	0
26.77	1	161	210	485.55	0
28.042	1	128	202	183.542	0
26.771	1	153	211	110.037	0
26.772	1	124	212	538.266	0
28.043	1	144	203	936.366	0
28.044	1	178	204	80.7237	0
26.773	1	167	213	205.24	0
26.774	1	81	214	825.594	0
28.045	1	192	205	75.1785	0
28.046	1	146	206	1096.79	0
26.775	1	185	215	253.583	0
28.047	1	140	207	788.407	0
28.048	1	45	208	125.398	0
28.049	1	130	209	234.85	0
28.05	1	161	210	1594.58	0
28.051	1	153	211	68.7651	0
28.052	1	124	212	165.381	0
28.053	1	167	213	853.84	0
28.054	1	81	214	1807.6	0
28.055	1	185	215	341.529	0
26.881	1	143	1	352.913	0
26.882	1	70	2	180.637	0
26.883	1	110	3	363.871	0
26.884	1	13	4	17.0711	0
26.885	1	66	5	194.351	0
26.886	1	72	6	136.833	0
26.887	1	103	7	5628.95	0
26.888	1	92	8	1530.21	0
26.889	1	157	9	171.899	0
28.161	1	143	1	317.156	0
26.89	1	27	10	81.4065	0
28.162	1	70	2	148.196	0
26.891	1	58	11	3709.05	0
26.892	1	115	12	435.962	0
28.163	1	110	3	127.694	0
28.164	1	13	4	61.136	0
26.893	1	48	13	600.748	0
26.894	1	37	14	12888.2	0
28.165	1	66	5	147.212	0
28.166	1	72	6	128.73	0
26.895	1	135	15	148.598	0
26.896	1	193	16	272.393	0
28.167	1	103	7	1545.37	0
28.168	1	92	8	909.733	0
26.897	1	197	17	284.798	0
28.169	1	157	9	83.5645	0
26.898	1	38	18	113.577	0
28.17	1	27	10	78.333	0
26.899	1	189	19	845.645	0
28.171	1	58	11	6427.58	0
28.172	1	115	12	804.548	0
26.9	1	40	20	8018.13	0
28.173	1	48	13	522.015	0
26.901	1	142	21	489.006	0
28.174	1	37	14	4453.59	0
26.902	1	86	22	1164.85	0
26.903	1	100	23	1506.96	0
26.904	1	166	24	167.877	0
28.175	1	135	15	449.86	0
26.905	1	118	25	450.192	0
28.176	1	193	16	299.437	0
26.906	1	49	26	449.182	0
28.177	1	197	17	243.063	0
26.907	1	196	27	565.654	0
28.178	1	38	18	91.1304	0
26.908	1	119	28	200.668	0
26.909	1	200	29	321.543	0
28.179	1	189	19	1495.69	0
26.91	1	55	30	74.9646	0
28.18	1	40	20	5216.74	0
26.911	1	95	31	263.691	0
28.181	1	142	21	366.52	0
26.912	1	107	32	61.6095	0
28.182	1	86	22	1271.13	0
26.913	1	101	33	182.775	0
26.914	1	116	34	2268.48	0
28.183	1	100	23	1560.15	0
26.915	1	61	35	89.6108	0
28.184	1	166	24	222.844	0
28.185	1	118	25	321.918	0
26.916	1	111	36	242.106	0
28.186	1	49	26	337.374	0
28.187	1	196	27	352.029	0
26.917	1	3	37	54.9305	0
28.188	1	119	28	64.2191	0
26.918	1	4	38	86.1921	0
28.189	1	200	29	299.591	0
26.919	1	195	39	345.326	0
28.19	1	55	30	57.3459	0
28.191	1	95	31	259.845	0
26.92	1	30	40	1274.24	0
28.192	1	107	32	56.9253	0
26.921	1	91	41	272.43	0
28.193	1	101	33	63.432	0
26.922	1	35	42	322.601	0
28.194	1	116	34	2961.86	0
26.923	1	19	43	290.94	0
28.195	1	61	35	132.441	0
26.924	1	176	44	322.193	0
28.196	1	111	36	263.535	0
26.925	1	32	45	77.7201	0
28.197	1	3	37	75.2188	0
26.926	1	126	46	347.494	0
28.198	1	4	38	131.96	0
26.927	1	151	47	5040.32	0
26.928	1	160	48	147.403	0
28.199	1	195	39	363.491	0
26.929	1	79	49	2794.03	0
26.93	1	171	50	60.4049	0
28.2	1	30	40	956.336	0
26.931	1	175	51	8901.68	0
28.201	1	91	41	238.85	0
26.932	1	17	52	188.909	0
28.202	1	35	42	83.3404	0
26.933	1	174	53	67.2535	0
28.203	1	19	43	208.477	0
28.204	1	176	44	247.057	0
26.934	1	74	54	636.687	0
28.205	1	32	45	288.346	0
28.206	1	126	46	423.942	0
26.935	1	39	55	160.911	0
26.936	1	179	56	60.1371	0
28.207	1	151	47	5268.56	0
28.208	1	160	48	148.428	0
26.937	1	194	57	2610.45	0
26.938	1	28	58	510.911	0
28.209	1	79	49	4693.71	0
28.21	1	171	50	68.0124	0
26.939	1	80	59	60.5938	0
26.94	1	105	60	146.62	0
28.211	1	175	51	2078.71	0
28.212	1	17	52	179.306	0
28.213	1	174	53	42.1153	0
26.941	1	168	61	910.009	0
28.214	1	74	54	286.121	0
26.942	1	73	62	2403.51	0
28.215	1	39	55	319.043	0
26.943	1	141	63	93.4807	0
26.944	1	53	64	278.878	0
26.945	1	163	65	123.788	0
28.216	1	179	56	45.0981	0
26.946	1	62	66	205.162	0
26.947	1	89	67	2077.37	0
28.217	1	194	57	5154.79	0
26.948	1	173	68	112.94	0
28.218	1	28	58	578.149	0
26.949	1	112	69	398.005	0
28.219	1	80	59	78.6204	0
26.95	1	93	70	178.446	0
26.951	1	136	71	121.721	0
28.22	1	105	60	70.8433	0
26.952	1	121	72	217.019	0
28.221	1	168	61	1040.03	0
28.222	1	73	62	1124.11	0
26.953	1	85	73	169.83	0
26.954	1	2	74	120.669	0
28.223	1	141	63	76.0894	0
28.224	1	53	64	264.953	0
26.955	1	158	75	2715.4	0
26.956	1	14	76	147.952	0
28.225	1	163	65	167.819	0
28.226	1	62	66	256.268	0
26.957	1	1	77	669.177	0
28.227	1	89	67	892.66	0
28.228	1	173	68	217.079	0
26.958	1	133	78	191.513	0
28.229	1	112	69	258.286	0
26.959	1	34	79	226.618	0
28.23	1	93	70	126.481	0
26.96	1	18	80	62.6441	0
28.231	1	136	71	49.3234	0
26.961	1	149	81	589.199	0
28.232	1	121	72	273.53	0
28.233	1	85	73	169.652	0
26.962	1	108	82	293.866	0
28.234	1	2	74	125.496	0
26.963	1	97	83	9749.52	0
26.964	1	148	84	47.3304	0
28.235	1	158	75	713.916	0
28.236	1	14	76	248.924	0
26.965	1	51	85	848.621	0
26.966	1	9	86	768.889	0
28.237	1	1	77	558.562	0
26.967	1	132	87	400.466	0
28.238	1	133	78	174.757	0
26.968	1	181	88	249.018	0
28.239	1	34	79	246.313	0
26.969	1	43	89	224.044	0
28.24	1	18	80	25.7616	0
26.97	1	84	90	446.324	0
26.971	1	183	91	1105.61	0
26.972	1	44	92	543.203	0
28.241	1	149	81	888.037	0
26.973	1	77	93	544.13	0
28.242	1	108	82	307.085	0
26.974	1	31	94	697.258	0
28.243	1	97	83	5063.18	0
28.244	1	148	84	46.072	0
26.975	1	57	95	242.086	0
28.245	1	51	85	853.187	0
26.976	1	172	96	89.61	0
28.246	1	9	86	214.691	0
28.247	1	132	87	515.122	0
26.977	1	47	97	346.668	0
28.248	1	181	88	166.423	0
26.978	1	187	98	364.722	0
28.249	1	43	89	317.086	0
26.979	1	180	99	83.6466	0
26.98	1	147	100	3057.81	0
28.25	1	84	90	107.196	0
26.981	1	46	101	819.853	0
28.251	1	183	91	509.115	0
26.982	1	155	102	102.882	0
28.252	1	44	92	360.459	0
26.983	1	21	103	267.431	0
28.253	1	77	93	165.289	0
28.254	1	31	94	604.66	0
26.984	1	6	104	45.0525	0
28.255	1	57	95	144.605	0
26.985	1	29	105	72.3935	0
28.256	1	172	96	108.603	0
26.986	1	182	106	85.0643	0
28.257	1	47	97	712.097	0
26.988	1	96	108	128.511	0
28.258	1	187	98	326.254	0
26.989	1	42	109	845.956	0
28.259	1	180	99	77.685	0
26.99	1	165	110	819.181	0
28.26	1	147	100	1955.67	0
26.991	1	69	111	1445.83	0
28.261	1	46	101	318.035	0
26.992	1	88	112	543.625	0
26.993	1	188	113	1412.98	0
28.262	1	155	102	153.163	0
26.994	1	152	114	231.578	0
28.263	1	21	103	160.793	0
26.995	1	162	115	240.524	0
28.264	1	6	104	214.786	0
26.996	1	11	116	333.907	0
28.265	1	29	105	174.249	0
28.266	1	182	106	190.115	0
26.997	1	139	117	1007.04	0
26.998	1	98	118	263.586	0
28.268	1	96	108	73.6091	0
26.999	1	23	119	281.322	0
28.269	1	42	109	553.819	0
27	1	10	120	3512.53	0
28.27	1	165	110	1616.92	0
28.271	1	69	111	9886.39	0
27.001	1	12	121	232.741	0
28.272	1	88	112	1270.65	0
27.002	1	120	122	1881.79	0
28.273	1	188	113	897.335	0
27.003	1	150	123	54.1707	0
28.274	1	152	114	428.712	0
27.004	1	8	124	164.219	0
27.005	1	16	125	271.029	0
27.006	1	169	126	68.8758	0
28.275	1	162	115	161.773	0
27.007	1	94	127	105.608	0
28.276	1	11	116	311.463	0
27.008	1	170	128	1205.81	0
28.277	1	139	117	527.587	0
27.009	1	54	129	110.54	0
28.278	1	98	118	277.695	0
27.01	1	125	130	207.483	0
28.279	1	23	119	1030.4	0
28.28	1	10	120	1667.97	0
27.011	1	90	131	1320.52	0
27.012	1	134	132	118.5	0
28.281	1	12	121	488.824	0
28.282	1	120	122	4770.25	0
27.013	1	186	133	5019.5	0
27.014	1	67	134	3760.98	0
28.283	1	150	123	217.872	0
27.015	1	102	135	2972.18	0
28.284	1	8	124	178.809	0
28.285	1	16	125	359.699	0
27.016	1	63	136	4082.07	0
28.286	1	169	126	100.474	0
28.287	1	94	127	88.0363	0
27.017	1	145	137	428.717	0
28.288	1	170	128	633.467	0
27.018	1	127	138	86.6023	0
28.289	1	54	129	148.006	0
28.29	1	125	130	350.883	0
28.291	1	90	131	1438.56	0
27.02	1	154	140	1623.66	0
28.292	1	134	132	202.517	0
28.293	1	186	133	12620.6	0
27.021	1	20	141	115.909	0
28.294	1	67	134	11130.8	0
27.022	1	52	142	215.033	0
28.295	1	102	135	10113.5	0
27.023	1	138	143	1044.31	0
28.296	1	63	136	5618.85	0
27.024	1	83	144	72.0098	0
28.297	1	145	137	1145.51	0
27.025	1	5	145	3838.62	0
28.298	1	127	138	228.738	0
27.026	1	109	146	290.473	0
27.027	1	33	147	1059.95	0
27.028	1	123	148	87.0529	0
28.3	1	154	140	1019.2	0
27.029	1	99	149	10252.9	0
27.03	1	104	150	240.08	0
28.301	1	20	141	103.398	0
28.302	1	52	142	221.477	0
27.031	1	113	151	1223.95	0
28.303	1	138	143	657.154	0
27.032	1	106	152	128.331	0
28.304	1	83	144	90.5823	0
27.033	1	65	153	170.438	0
28.305	1	5	145	5602.8	0
28.306	1	109	146	205.062	0
27.034	1	129	154	394.061	0
28.307	1	33	147	780.554	0
27.035	1	199	155	221.532	0
28.308	1	123	148	138.507	0
28.309	1	99	149	3888.35	0
28.31	1	104	150	213.744	0
28.311	1	113	151	2000.82	0
28.312	1	106	152	106.364	0
28.313	1	65	153	80.0164	0
28.314	1	129	154	812.526	0
28.315	1	199	155	69.7455	0
27.043	1	64	163	186.718	0
27.044	1	59	164	1739.72	0
27.045	1	114	165	263.379	0
27.046	1	198	166	108.371	0
27.047	1	41	167	640.29	0
27.048	1	56	168	79.6086	0
27.049	1	190	169	45.8498	0
27.05	1	75	170	101.882	0
27.051	1	87	171	1615.95	0
28.323	1	64	163	340.69	0
27.052	1	26	172	5729.06	0
28.324	1	59	164	1332.87	0
27.053	1	15	173	179.389	0
28.325	1	114	165	334.531	0
27.054	1	7	174	186.42	0
28.326	1	198	166	190.943	0
27.055	1	164	175	552.046	0
28.327	1	41	167	452.744	0
27.056	1	191	176	167.529	0
28.328	1	56	168	90.9557	0
27.057	1	131	177	101.717	0
28.329	1	190	169	237.601	0
28.33	1	75	170	256.372	0
27.058	1	122	178	151.123	0
28.331	1	87	171	1241.34	0
28.332	1	26	172	3987.15	0
28.333	1	15	173	66.3815	0
28.334	1	7	174	107.85	0
28.335	1	164	175	608.88	0
28.336	1	191	176	69.8336	0
28.337	1	131	177	476.532	0
28.338	1	122	178	184.984	0
27.065	1	71	185	275.689	0
27.066	1	76	186	199.98	0
27.067	1	82	187	4993.97	0
27.068	1	184	188	174.552	0
27.069	1	68	189	36.4983	0
27.07	1	177	190	131.823	0
27.071	1	24	191	128.595	0
27.072	1	117	192	51.0493	0
27.073	1	159	193	2146.5	0
28.345	1	71	185	184.42	0
27.074	1	22	194	488.331	0
28.346	1	76	186	269.765	0
28.347	1	82	187	1968.67	0
28.348	1	184	188	218.025	0
27.075	1	137	195	891.398	0
28.349	1	68	189	48.486	0
28.35	1	177	190	202.752	0
27.076	1	156	196	113.627	0
27.077	1	25	197	187.128	0
28.351	1	24	191	61.6117	0
27.078	1	50	198	206.622	0
28.352	1	117	192	111.598	0
27.079	1	60	199	107.698	0
27.08	1	36	200	316.66	0
28.353	1	159	193	1248.96	0
27.081	1	78	201	180.407	0
28.354	1	22	194	595.668	0
27.082	1	128	202	178.853	0
28.355	1	137	195	655.863	0
28.356	1	156	196	273.799	0
27.083	1	144	203	2750.42	0
28.357	1	25	197	261.693	0
27.084	1	178	204	287.007	0
28.358	1	50	198	156.757	0
27.085	1	192	205	114.702	0
28.359	1	60	199	179.918	0
27.086	1	146	206	922.961	0
28.36	1	36	200	629.569	0
27.087	1	140	207	439.033	0
28.361	1	78	201	87.3086	0
27.088	1	45	208	221.826	0
27.089	1	130	209	268.262	0
28.362	1	128	202	360.325	0
27.09	1	161	210	1148.85	0
28.363	1	144	203	1669.7	0
27.091	1	153	211	134.261	0
28.364	1	178	204	115.226	0
27.092	1	124	212	135.071	0
28.365	1	192	205	62.7116	0
27.093	1	167	213	531.363	0
28.366	1	146	206	861.933	0
27.094	1	81	214	1737.73	0
28.367	1	140	207	593.386	0
27.095	1	185	215	537.823	0
28.368	1	45	208	250.981	0
28.369	1	130	209	93.9134	0
28.37	1	161	210	691.434	0
28.371	1	153	211	149.476	0
28.372	1	124	212	274.174	0
28.373	1	167	213	518.972	0
28.374	1	81	214	1950.07	0
28.375	1	185	215	543.635	0
27.201	1	143	1	273.806	0
27.202	1	70	2	218.692	0
27.203	1	110	3	554.483	0
27.204	1	13	4	74.6714	0
27.205	1	66	5	138.182	0
27.206	1	72	6	120.394	0
27.207	1	103	7	820.193	0
27.208	1	92	8	379.486	0
27.209	1	157	9	286.519	0
27.21	1	27	10	144.738	0
28.481	1	143	1	292.742	0
28.482	1	70	2	117.298	0
27.211	1	58	11	2587.38	0
27.212	1	115	12	509.621	0
27.213	1	48	13	717.284	0
28.483	1	110	3	302.157	0
27.214	1	37	14	4926.55	0
28.484	1	13	4	91.0665	0
27.215	1	135	15	80.4165	0
28.485	1	66	5	193.432	0
28.486	1	72	6	82.7769	0
28.487	1	103	7	945.213	0
27.216	1	193	16	123.308	0
28.488	1	92	8	485.582	0
28.489	1	157	9	240.871	0
27.217	1	197	17	415.624	0
28.49	1	27	10	81.7389	0
27.218	1	38	18	164.499	0
28.491	1	58	11	1871.84	0
27.219	1	189	19	1295.28	0
28.492	1	115	12	473.502	0
28.493	1	48	13	293.181	0
27.22	1	40	20	4477.68	0
28.494	1	37	14	3088.29	0
28.495	1	135	15	256.563	0
27.221	1	142	21	408.282	0
28.496	1	193	16	867.984	0
27.222	1	86	22	1884.37	0
28.497	1	197	17	206.142	0
27.223	1	100	23	1066.05	0
28.498	1	38	18	74.1633	0
27.224	1	166	24	114.331	0
28.499	1	189	19	2238.05	0
27.225	1	118	25	577.212	0
27.226	1	49	26	946.958	0
28.5	1	40	20	6244.47	0
27.227	1	196	27	504.488	0
27.228	1	119	28	53.1695	0
28.501	1	142	21	464.739	0
28.502	1	86	22	1096.69	0
27.229	1	200	29	172.544	0
27.23	1	55	30	114.718	0
28.503	1	100	23	1528.46	0
28.504	1	166	24	254.635	0
27.231	1	95	31	170.597	0
27.232	1	107	32	52.664	0
28.505	1	118	25	240.624	0
27.233	1	101	33	148.539	0
28.506	1	49	26	910.928	0
28.507	1	196	27	256.776	0
27.234	1	116	34	1988.82	0
28.508	1	119	28	258.083	0
27.235	1	61	35	201.121	0
28.509	1	200	29	114.16	0
27.236	1	111	36	405.156	0
28.51	1	55	30	162.089	0
27.237	1	3	37	74.9932	0
28.511	1	95	31	282.221	0
27.238	1	4	38	206.756	0
28.512	1	107	32	131.016	0
27.239	1	195	39	417.98	0
27.24	1	30	40	3090.95	0
28.513	1	101	33	411.672	0
28.514	1	116	34	1169.21	0
28.515	1	61	35	180.596	0
27.241	1	91	41	117.926	0
27.242	1	35	42	145.64	0
28.516	1	111	36	431.276	0
27.243	1	19	43	128.27	0
27.244	1	176	44	83.7136	0
27.245	1	32	45	199.071	0
28.517	1	3	37	34.8562	0
27.246	1	126	46	127.616	0
28.518	1	4	38	128.974	0
27.247	1	151	47	4674.93	0
27.248	1	160	48	254.808	0
28.519	1	195	39	187.454	0
27.249	1	79	49	2437.15	0
28.52	1	30	40	1343.74	0
27.25	1	171	50	24.7326	0
28.521	1	91	41	94.4814	0
27.251	1	175	51	4887.52	0
28.522	1	35	42	118.52	0
27.252	1	17	52	322.209	0
28.523	1	19	43	63.2153	0
28.524	1	176	44	114.203	0
27.253	1	174	53	42.8372	0
28.525	1	32	45	160.97	0
27.254	1	74	54	304.177	0
28.526	1	126	46	348.159	0
27.255	1	39	55	108.261	0
28.527	1	151	47	2273.19	0
27.256	1	179	56	106.804	0
28.528	1	160	48	221.607	0
27.257	1	194	57	4485.36	0
28.529	1	79	49	4276.08	0
28.53	1	171	50	50.4219	0
27.258	1	28	58	673.878	0
28.531	1	175	51	3022.42	0
27.259	1	80	59	112.602	0
28.532	1	17	52	312.654	0
27.26	1	105	60	151.376	0
28.533	1	174	53	73.7097	0
27.261	1	168	61	1092.63	0
28.534	1	74	54	609.749	0
27.262	1	73	62	907.628	0
28.535	1	39	55	70.5826	0
27.263	1	141	63	87.125	0
28.536	1	179	56	63.6322	0
27.264	1	53	64	210.196	0
28.537	1	194	57	1701.9	0
27.265	1	163	65	160.135	0
28.538	1	28	58	515.77	0
27.266	1	62	66	293.766	0
28.539	1	80	59	212.372	0
28.54	1	105	60	95.1384	0
27.267	1	89	67	1592.49	0
27.268	1	173	68	138.386	0
27.269	1	112	69	483.318	0
28.541	1	168	61	1471.73	0
27.27	1	93	70	71.0985	0
27.271	1	136	71	146.907	0
28.542	1	73	62	1195.11	0
27.272	1	121	72	312.5	0
28.543	1	141	63	155.085	0
27.273	1	85	73	195.74	0
28.544	1	53	64	258.595	0
27.274	1	2	74	62.9236	0
28.545	1	163	65	52.1135	0
28.546	1	62	66	226.29	0
27.275	1	158	75	2213.28	0
28.547	1	89	67	2307.89	0
28.548	1	173	68	222.605	0
27.276	1	14	76	553.294	0
28.549	1	112	69	867.749	0
28.55	1	93	70	84.1366	0
27.277	1	1	77	657.35	0
27.278	1	133	78	326.145	0
28.551	1	136	71	99.8574	0
27.279	1	34	79	137.586	0
27.28	1	18	80	188.889	0
28.552	1	121	72	239.43	0
27.281	1	149	81	387.088	0
28.553	1	85	73	201.335	0
27.282	1	108	82	579.25	0
28.554	1	2	74	35.7466	0
28.555	1	158	75	1573.18	0
27.283	1	97	83	2710.89	0
28.556	1	14	76	339.404	0
28.557	1	1	77	202.708	0
27.284	1	148	84	36.7937	0
27.285	1	51	85	1221.95	0
28.558	1	133	78	183.319	0
27.286	1	9	86	244.389	0
28.559	1	34	79	118.501	0
28.56	1	18	80	74.3034	0
27.287	1	132	87	135.392	0
27.288	1	181	88	143.268	0
28.561	1	149	81	766.007	0
27.289	1	43	89	346.18	0
27.29	1	84	90	148.612	0
28.562	1	108	82	199.035	0
28.563	1	97	83	4447.13	0
27.291	1	183	91	772.691	0
28.564	1	148	84	39.3855	0
27.292	1	44	92	349.313	0
28.565	1	51	85	1047.83	0
27.293	1	77	93	268.914	0
28.566	1	9	86	1426.47	0
27.294	1	31	94	756.304	0
28.567	1	132	87	144.03	0
27.295	1	57	95	123.603	0
27.296	1	172	96	133.257	0
28.568	1	181	88	217.814	0
28.569	1	43	89	498.512	0
27.297	1	47	97	547.713	0
28.57	1	84	90	487.824	0
27.298	1	187	98	455.124	0
28.571	1	183	91	472.96	0
27.299	1	180	99	101.12	0
28.572	1	44	92	202.294	0
28.573	1	77	93	982.948	0
27.3	1	147	100	2857.8	0
28.574	1	31	94	760.655	0
27.301	1	46	101	595.238	0
27.302	1	155	102	249.218	0
28.575	1	57	95	152.047	0
27.303	1	21	103	305.386	0
27.304	1	6	104	202.145	0
28.576	1	172	96	82.7914	0
27.305	1	29	105	113.232	0
27.306	1	182	106	437.95	0
28.577	1	47	97	488.506	0
28.578	1	187	98	200.432	0
27.308	1	96	108	177.172	0
28.579	1	180	99	80.0582	0
28.58	1	147	100	4249.6	0
27.309	1	42	109	1453.78	0
27.31	1	165	110	1027.04	0
28.581	1	46	101	294.529	0
28.582	1	155	102	98.4582	0
27.311	1	69	111	3010.43	0
27.312	1	88	112	875.332	0
27.313	1	188	113	1581.91	0
28.583	1	21	103	533.58	0
27.314	1	152	114	973.286	0
28.584	1	6	104	90.791	0
27.315	1	162	115	66.1648	0
28.585	1	29	105	90.5992	0
28.586	1	182	106	416.819	0
27.316	1	11	116	405.955	0
28.588	1	96	108	83.4228	0
28.589	1	42	109	1323.46	0
27.317	1	139	117	1926.4	0
28.59	1	165	110	1058.69	0
27.318	1	98	118	205.676	0
28.591	1	69	111	2320.13	0
27.319	1	23	119	904.939	0
28.592	1	88	112	1005.68	0
27.32	1	10	120	1590.69	0
28.593	1	188	113	1104.59	0
28.594	1	152	114	947.527	0
27.321	1	12	121	740.871	0
28.595	1	162	115	136.894	0
27.322	1	120	122	1363.85	0
28.596	1	11	116	226.255	0
27.323	1	150	123	291.458	0
27.324	1	8	124	365.64	0
28.597	1	139	117	1724.28	0
27.325	1	16	125	202.88	0
28.598	1	98	118	63.1993	0
27.326	1	169	126	50.6681	0
28.599	1	23	119	640.945	0
27.327	1	94	127	148.248	0
27.328	1	170	128	3052.01	0
28.6	1	10	120	2133.85	0
27.329	1	54	129	100.643	0
28.601	1	12	121	304.841	0
27.33	1	125	130	175.199	0
28.602	1	120	122	3651.73	0
27.331	1	90	131	859.402	0
28.603	1	150	123	401.944	0
27.332	1	134	132	61.4729	0
28.604	1	8	124	180.615	0
27.333	1	186	133	4652.98	0
28.605	1	16	125	253.547	0
28.606	1	169	126	85.0016	0
27.334	1	67	134	5942.16	0
28.607	1	94	127	266.828	0
28.608	1	170	128	1003.83	0
27.335	1	102	135	10513	0
27.336	1	63	136	3690.3	0
28.609	1	54	129	81.9867	0
28.61	1	125	130	545.378	0
27.337	1	145	137	497.556	0
27.338	1	127	138	205.926	0
28.611	1	90	131	1184.7	0
28.612	1	134	132	58.7841	0
27.34	1	154	140	987.777	0
28.613	1	186	133	3166.36	0
28.614	1	67	134	6971.09	0
28.615	1	102	135	7662.55	0
27.341	1	20	141	169.235	0
27.342	1	52	142	307.652	0
28.616	1	63	136	3712.56	0
27.343	1	138	143	660.059	0
27.344	1	83	144	80.1358	0
28.617	1	145	137	1449.55	0
27.345	1	5	145	3222.34	0
28.618	1	127	138	118.2	0
27.346	1	109	146	450.152	0
27.347	1	33	147	1548.76	0
27.348	1	123	148	89.8968	0
28.62	1	154	140	664.473	0
27.349	1	99	149	1398.88	0
27.35	1	104	150	345.699	0
28.621	1	20	141	39.3775	0
28.622	1	52	142	76.0888	0
27.351	1	113	151	1795.13	0
28.623	1	138	143	499.545	0
28.624	1	83	144	195.841	0
27.352	1	106	152	196.954	0
28.625	1	5	145	6239.4	0
28.626	1	109	146	270.041	0
27.353	1	65	153	70.5748	0
27.354	1	129	154	787.95	0
28.627	1	33	147	1686.2	0
28.628	1	123	148	68.4283	0
27.355	1	199	155	104.179	0
28.629	1	99	149	6341.74	0
28.63	1	104	150	306.308	0
28.631	1	113	151	1497.62	0
28.632	1	106	152	61.5402	0
28.633	1	65	153	123.727	0
28.634	1	129	154	1142.08	0
28.635	1	199	155	138.267	0
27.363	1	64	163	229.532	0
27.364	1	59	164	667.38	0
27.365	1	114	165	282.851	0
27.366	1	198	166	78.8255	0
27.367	1	41	167	653.795	0
27.368	1	56	168	303.11	0
27.369	1	190	169	90.8951	0
27.37	1	75	170	71.8014	0
28.643	1	64	163	299.032	0
28.644	1	59	164	1689.85	0
27.371	1	87	171	1107.22	0
27.372	1	26	172	4725.27	0
28.645	1	114	165	121.825	0
28.646	1	198	166	127.985	0
27.373	1	15	173	87.2673	0
27.374	1	7	174	78.5073	0
28.647	1	41	167	793.348	0
28.648	1	56	168	74.3068	0
27.375	1	164	175	427.675	0
28.649	1	190	169	93.8919	0
28.65	1	75	170	293.975	0
27.376	1	191	176	440.15	0
28.651	1	87	171	1008.78	0
27.377	1	131	177	134.155	0
28.652	1	26	172	7534.52	0
27.378	1	122	178	282.066	0
28.653	1	15	173	167.024	0
28.654	1	7	174	157.87	0
28.655	1	164	175	545.225	0
28.656	1	191	176	194.525	0
28.657	1	131	177	178.092	0
28.658	1	122	178	282.527	0
27.385	1	71	185	121.075	0
27.386	1	76	186	192.253	0
27.387	1	82	187	8925.62	0
27.388	1	184	188	149.289	0
27.389	1	68	189	40.5052	0
27.39	1	177	190	188.588	0
27.391	1	24	191	238.233	0
28.665	1	71	185	162.428	0
27.392	1	117	192	81.9443	0
28.666	1	76	186	54.7538	0
27.393	1	159	193	2240.71	0
28.667	1	82	187	1455.33	0
27.394	1	22	194	754.717	0
28.668	1	184	188	198.31	0
27.395	1	137	195	468.009	0
28.669	1	68	189	85.0652	0
27.396	1	156	196	251.873	0
28.67	1	177	190	139.49	0
27.397	1	25	197	186.903	0
28.671	1	24	191	68.0309	0
27.398	1	50	198	173.21	0
28.672	1	117	192	59.1102	0
27.399	1	60	199	48.3749	0
28.673	1	159	193	2242.92	0
28.674	1	22	194	360.584	0
27.4	1	36	200	136.615	0
27.401	1	78	201	307.08	0
28.675	1	137	195	673.673	0
27.402	1	128	202	162.349	0
27.403	1	144	203	4177.74	0
28.676	1	156	196	155.596	0
27.404	1	178	204	62.3249	0
28.677	1	25	197	223.899	0
27.405	1	192	205	62.0237	0
28.678	1	50	198	149.928	0
27.406	1	146	206	924.604	0
28.679	1	60	199	186.371	0
27.407	1	140	207	837.643	0
28.68	1	36	200	375.72	0
27.408	1	45	208	270.325	0
28.681	1	78	201	145.987	0
28.682	1	128	202	220.853	0
27.409	1	130	209	75.9509	0
27.41	1	161	210	406.347	0
27.411	1	153	211	284.982	0
28.683	1	144	203	1439.5	0
27.412	1	124	212	306.442	0
27.413	1	167	213	589.109	0
28.684	1	178	204	125.65	0
27.414	1	81	214	628.007	0
28.685	1	192	205	82.2201	0
27.415	1	185	215	541.508	0
28.686	1	146	206	778.527	0
28.687	1	140	207	959.369	0
28.688	1	45	208	212.021	0
28.689	1	130	209	215.893	0
28.69	1	161	210	620.37	0
28.691	1	153	211	278.908	0
28.692	1	124	212	182.978	0
28.693	1	167	213	448.631	0
28.694	1	81	214	1271.99	0
28.695	1	185	215	556.77	0
27.521	1	143	1	840.463	0
27.522	1	70	2	220.746	0
27.523	1	110	3	316.249	0
27.524	1	13	4	90.6466	0
28.801	1	143	1	584.012	0
28.802	1	70	2	278.495	0
27.525	1	66	5	175.764	0
27.526	1	72	6	287.616	0
28.803	1	110	3	410.234	0
28.804	1	13	4	101.325	0
27.527	1	103	7	719.534	0
27.528	1	92	8	1008.83	0
28.805	1	66	5	281.779	0
27.529	1	157	9	287.477	0
28.806	1	72	6	268.244	0
27.53	1	27	10	88.016	0
28.807	1	103	7	1998.27	0
27.531	1	58	11	11575.5	0
28.808	1	92	8	920.176	0
27.532	1	115	12	466.952	0
28.809	1	157	9	159.473	0
27.533	1	48	13	342.133	0
28.81	1	27	10	62.1411	0
27.534	1	37	14	2405.24	0
28.811	1	58	11	3387.26	0
28.812	1	115	12	226.956	0
27.535	1	135	15	79.0919	0
27.536	1	193	16	260.765	0
28.813	1	48	13	185.786	0
28.814	1	37	14	3537.91	0
27.537	1	197	17	493.656	0
27.538	1	38	18	90.8396	0
28.815	1	135	15	215.665	0
27.539	1	189	19	855.095	0
27.54	1	40	20	8068.61	0
28.816	1	193	16	305.493	0
27.541	1	142	21	366.276	0
28.817	1	197	17	316.126	0
27.542	1	86	22	694.788	0
28.818	1	38	18	247.973	0
27.543	1	100	23	1034.28	0
28.819	1	189	19	1437.28	0
27.544	1	166	24	132.198	0
27.545	1	118	25	414.786	0
28.82	1	40	20	5848.12	0
27.546	1	49	26	468.245	0
28.821	1	142	21	434.898	0
27.547	1	196	27	355.69	0
28.822	1	86	22	739.306	0
27.548	1	119	28	115.83	0
28.823	1	100	23	1037.24	0
27.549	1	200	29	191.924	0
28.824	1	166	24	207.471	0
27.55	1	55	30	97.7166	0
28.825	1	118	25	184.756	0
27.551	1	95	31	234.355	0
28.826	1	49	26	570.205	0
28.827	1	196	27	442.968	0
27.552	1	107	32	76.8952	0
28.828	1	119	28	91.6312	0
27.553	1	101	33	360.135	0
28.829	1	200	29	256.678	0
27.554	1	116	34	2121.33	0
28.83	1	55	30	190.198	0
27.555	1	61	35	71.3904	0
28.831	1	95	31	302.311	0
27.556	1	111	36	393.332	0
28.832	1	107	32	82.8362	0
27.557	1	3	37	46.1531	0
28.833	1	101	33	98.6602	0
27.558	1	4	38	156.069	0
28.834	1	116	34	1321.55	0
27.559	1	195	39	350.521	0
28.835	1	61	35	55.1036	0
27.56	1	30	40	1857.96	0
28.836	1	111	36	570.356	0
27.561	1	91	41	141.789	0
28.837	1	3	37	46.1326	0
28.838	1	4	38	131.381	0
27.562	1	35	42	434.054	0
28.839	1	195	39	338.95	0
28.84	1	30	40	1695.13	0
27.563	1	19	43	397.882	0
27.564	1	176	44	74.8214	0
27.565	1	32	45	189.492	0
28.841	1	91	41	139.653	0
27.566	1	126	46	183.265	0
28.842	1	35	42	303.322	0
27.567	1	151	47	5670.73	0
28.843	1	19	43	173.882	0
27.568	1	160	48	273.14	0
28.844	1	176	44	147.058	0
27.569	1	79	49	1947.81	0
28.845	1	32	45	63.2808	0
27.57	1	171	50	51.0245	0
28.846	1	126	46	342.307	0
27.571	1	175	51	1561.22	0
28.847	1	151	47	5925.95	0
27.572	1	17	52	274.364	0
28.848	1	160	48	279.366	0
27.573	1	174	53	58.8314	0
28.849	1	79	49	4568.27	0
27.574	1	74	54	658.364	0
28.85	1	171	50	64.6833	0
28.851	1	175	51	3330.38	0
27.575	1	39	55	154.211	0
28.852	1	17	52	216.454	0
27.576	1	179	56	199.856	0
28.853	1	174	53	118.083	0
27.577	1	194	57	4561.09	0
28.854	1	74	54	337.575	0
27.578	1	28	58	620.179	0
28.855	1	39	55	172.469	0
27.579	1	80	59	102.702	0
28.856	1	179	56	96.9669	0
27.58	1	105	60	249.149	0
28.857	1	194	57	5751.73	0
27.581	1	168	61	1765.58	0
27.582	1	73	62	1594.07	0
28.858	1	28	58	357.05	0
28.859	1	80	59	92.5142	0
28.86	1	105	60	222.669	0
27.583	1	141	63	94.9847	0
28.861	1	168	61	2470.32	0
27.584	1	53	64	281.001	0
28.862	1	73	62	3078.62	0
27.585	1	163	65	68.8548	0
27.586	1	62	66	245.643	0
28.863	1	141	63	167.425	0
28.864	1	53	64	343.32	0
27.587	1	89	67	2077.89	0
28.865	1	163	65	217.37	0
27.588	1	173	68	98.2681	0
28.866	1	62	66	211.479	0
27.589	1	112	69	525.466	0
28.867	1	89	67	2873.5	0
27.59	1	93	70	79.481	0
28.868	1	173	68	264.67	0
27.591	1	136	71	130.669	0
28.869	1	112	69	623.844	0
27.592	1	121	72	292.48	0
28.87	1	93	70	114.834	0
27.593	1	85	73	607.186	0
28.871	1	136	71	166.937	0
27.594	1	2	74	34.2436	0
28.872	1	121	72	261.65	0
27.595	1	158	75	862.79	0
27.596	1	14	76	404.44	0
28.873	1	85	73	273.718	0
28.874	1	2	74	31.8293	0
27.597	1	1	77	614.127	0
27.598	1	133	78	273.863	0
28.875	1	158	75	1379.28	0
27.599	1	34	79	287.763	0
28.876	1	14	76	238.259	0
27.6	1	18	80	64.3051	0
28.877	1	1	77	192.691	0
27.601	1	149	81	317.628	0
28.878	1	133	78	233.915	0
27.602	1	108	82	305.288	0
28.879	1	34	79	53.572	0
27.603	1	97	83	2944.94	0
28.88	1	18	80	76.6675	0
27.604	1	148	84	38.5356	0
28.881	1	149	81	485.14	0
27.605	1	51	85	782.182	0
28.882	1	108	82	162.709	0
27.606	1	9	86	729.753	0
27.607	1	132	87	198.616	0
28.883	1	97	83	1790.82	0
27.608	1	181	88	177.55	0
27.609	1	43	89	319.065	0
28.884	1	148	84	71.1864	0
27.61	1	84	90	163.367	0
28.885	1	51	85	1256.09	0
27.611	1	183	91	762.72	0
28.886	1	9	86	622.471	0
27.612	1	44	92	673.567	0
28.887	1	132	87	244.64	0
27.613	1	77	93	527.961	0
28.888	1	181	88	212.547	0
27.614	1	31	94	312.23	0
28.889	1	43	89	173.064	0
27.615	1	57	95	112.434	0
28.89	1	84	90	182.902	0
28.891	1	183	91	338.054	0
28.892	1	44	92	406.77	0
27.616	1	172	96	231.109	0
28.893	1	77	93	742.98	0
28.894	1	31	94	747.755	0
28.895	1	57	95	117.575	0
27.617	1	47	97	510.099	0
28.896	1	172	96	100.415	0
27.618	1	187	98	345.285	0
28.897	1	47	97	397.753	0
27.619	1	180	99	53.7966	0
28.898	1	187	98	450.545	0
28.899	1	180	99	102.817	0
27.62	1	147	100	12884.1	0
28.9	1	147	100	5284.89	0
27.621	1	46	101	861.649	0
27.622	1	155	102	45.5363	0
28.901	1	46	101	353.734	0
28.902	1	155	102	121.704	0
27.623	1	21	103	243.524	0
27.624	1	6	104	209.623	0
28.903	1	21	103	365.27	0
28.904	1	6	104	341.434	0
27.625	1	29	105	74.1477	0
27.626	1	182	106	393.339	0
28.905	1	29	105	89.5775	0
28.906	1	182	106	202.915	0
27.628	1	96	108	130.518	0
28.908	1	96	108	148.857	0
27.629	1	42	109	432.763	0
27.63	1	165	110	834.525	0
28.909	1	42	109	1029.58	0
28.91	1	165	110	797.736	0
27.631	1	69	111	3986.53	0
27.632	1	88	112	1133.23	0
28.911	1	69	111	4047.74	0
28.912	1	88	112	1391.48	0
27.633	1	188	113	2652.39	0
28.913	1	188	113	1000.44	0
28.914	1	152	114	1116.43	0
27.634	1	152	114	526.957	0
28.915	1	162	115	132.479	0
27.635	1	162	115	178.424	0
27.636	1	11	116	429.033	0
27.637	1	139	117	2034.15	0
28.916	1	11	116	287.625	0
27.638	1	98	118	250.419	0
27.639	1	23	119	1128.09	0
27.64	1	10	120	2304.82	0
28.917	1	139	117	1028.81	0
28.918	1	98	118	122.786	0
28.919	1	23	119	261.076	0
27.641	1	12	121	143.041	0
27.642	1	120	122	2998.73	0
28.92	1	10	120	1848.56	0
27.643	1	150	123	221.551	0
27.644	1	8	124	306.993	0
28.921	1	12	121	716.65	0
28.922	1	120	122	1492.18	0
27.645	1	16	125	411.418	0
28.923	1	150	123	258.272	0
27.646	1	169	126	68.1452	0
27.647	1	94	127	192.251	0
28.924	1	8	124	98.3135	0
27.648	1	170	128	2737.01	0
28.925	1	16	125	280.718	0
27.649	1	54	129	175.933	0
28.926	1	169	126	65.0807	0
27.65	1	125	130	123.267	0
28.927	1	94	127	99.4453	0
27.651	1	90	131	349.623	0
28.928	1	170	128	2778.49	0
28.929	1	54	129	83.8637	0
27.652	1	134	132	144.176	0
28.93	1	125	130	411.742	0
27.653	1	186	133	5869.36	0
27.654	1	67	134	3243.13	0
28.931	1	90	131	198.222	0
28.932	1	134	132	45.0448	0
27.655	1	102	135	3471.13	0
27.656	1	63	136	4194.89	0
28.933	1	186	133	7242.59	0
27.657	1	145	137	732.578	0
27.658	1	127	138	177.569	0
27.66	1	154	140	1222.39	0
27.661	1	20	141	140.159	0
27.662	1	52	142	259.777	0
27.663	1	138	143	226.319	0
28.934	1	67	134	5742.8	0
27.664	1	83	144	120.521	0
27.665	1	5	145	3321.88	0
27.666	1	109	146	154.401	0
28.935	1	102	135	4803.91	0
27.667	1	33	147	1487.41	0
27.668	1	123	148	102.216	0
28.936	1	63	136	2118.82	0
27.669	1	99	149	8330.11	0
27.67	1	104	150	152.071	0
28.937	1	145	137	1285.19	0
27.671	1	113	151	1598.73	0
27.672	1	106	152	161.407	0
28.938	1	127	138	179.264	0
27.673	1	65	153	63.0753	0
27.674	1	129	154	349.995	0
27.675	1	199	155	298.56	0
28.94	1	154	140	2219.38	0
28.941	1	20	141	200.494	0
28.942	1	52	142	199.125	0
27.683	1	64	163	229.759	0
28.943	1	138	143	233.985	0
27.684	1	59	164	1043.94	0
28.944	1	83	144	119.855	0
27.685	1	114	165	340.128	0
27.686	1	198	166	127.528	0
28.945	1	5	145	6397.3	0
27.687	1	41	167	479.728	0
27.688	1	56	168	78.9847	0
28.946	1	109	146	134.813	0
27.689	1	190	169	106.52	0
27.69	1	75	170	216.737	0
27.691	1	87	171	1400.55	0
28.947	1	33	147	1260.84	0
27.692	1	26	172	5106.9	0
27.693	1	15	173	96.3186	0
28.948	1	123	148	67.5152	0
27.694	1	7	174	194.77	0
27.695	1	164	175	314.43	0
28.949	1	99	149	5335.77	0
27.696	1	191	176	162.239	0
27.697	1	131	177	197.285	0
28.95	1	104	150	191.28	0
27.698	1	122	178	184.722	0
28.951	1	113	151	1797.77	0
28.952	1	106	152	214.868	0
27.705	1	71	185	169.43	0
28.953	1	65	153	174.267	0
27.706	1	76	186	158.412	0
27.707	1	82	187	1692.57	0
28.954	1	129	154	392.366	0
27.708	1	184	188	498.109	0
27.709	1	68	189	63.9578	0
27.71	1	177	190	227.828	0
28.955	1	199	155	168.958	0
27.711	1	24	191	62.3138	0
27.712	1	117	192	39.1259	0
27.713	1	159	193	1912.82	0
27.714	1	22	194	501.088	0
27.715	1	137	195	713.569	0
27.716	1	156	196	144.779	0
27.717	1	25	197	240.406	0
27.718	1	50	198	169.449	0
27.719	1	60	199	95.4794	0
27.72	1	36	200	416.036	0
27.721	1	78	201	154.804	0
27.722	1	128	202	259.973	0
27.723	1	144	203	1809.48	0
27.724	1	178	204	189.709	0
27.725	1	192	205	93.0665	0
27.726	1	146	206	793.789	0
28.963	1	64	163	212.825	0
27.727	1	140	207	1113.52	0
28.964	1	59	164	715.801	0
27.728	1	45	208	183.783	0
27.729	1	130	209	98.0799	0
28.965	1	114	165	170.98	0
27.73	1	161	210	650.474	0
27.731	1	153	211	392.514	0
28.966	1	198	166	157.653	0
27.732	1	124	212	191.651	0
27.733	1	167	213	286.9	0
28.967	1	41	167	237.76	0
27.734	1	81	214	1293.83	0
28.968	1	56	168	122.483	0
27.735	1	185	215	1069.66	0
28.969	1	190	169	119.307	0
28.97	1	75	170	83.6838	0
28.971	1	87	171	1022.9	0
28.972	1	26	172	2395.67	0
28.973	1	15	173	144.711	0
28.974	1	7	174	115.505	0
28.975	1	164	175	324.393	0
28.976	1	191	176	194.455	0
28.977	1	131	177	656.12	0
28.978	1	122	178	274.324	0
28.985	1	71	185	156.379	0
28.986	1	76	186	81.2281	0
28.987	1	82	187	4078.15	0
28.988	1	184	188	191.918	0
28.989	1	68	189	53.3947	0
28.99	1	177	190	88.7196	0
28.991	1	24	191	86.947	0
28.992	1	117	192	61.271	0
28.993	1	159	193	1445.57	0
28.994	1	22	194	370.858	0
28.995	1	137	195	309.788	0
28.996	1	156	196	115.187	0
28.997	1	25	197	158.936	0
28.998	1	50	198	139.946	0
28.999	1	60	199	175.741	0
29	1	36	200	1602.19	0
29.001	1	78	201	176.063	0
29.002	1	128	202	154.581	0
29.003	1	144	203	1825.82	0
29.004	1	178	204	241.418	0
29.005	1	192	205	147.2	0
29.006	1	146	206	641.52	0
29.007	1	140	207	756.874	0
29.008	1	45	208	129.248	0
29.009	1	130	209	210.978	0
29.01	1	161	210	381.51	0
29.011	1	153	211	198.994	0
29.012	1	124	212	122.726	0
29.013	1	167	213	415.46	0
29.014	1	81	214	1465.74	0
29.015	1	185	215	265.098	0
27.841	1	143	1	706.959	0
27.842	1	70	2	58.2867	0
27.843	1	110	3	489.978	0
27.844	1	13	4	100.048	0
27.845	1	66	5	135.925	0
27.846	1	72	6	130.715	0
27.847	1	103	7	3206.57	0
27.848	1	92	8	1834.87	0
27.849	1	157	9	589.486	0
27.85	1	27	10	85.9528	0
27.851	1	58	11	7275.24	0
27.852	1	115	12	235.651	0
27.853	1	48	13	311.076	0
27.854	1	37	14	9290.29	0
27.855	1	135	15	405.189	0
27.856	1	193	16	112.95	0
27.857	1	197	17	773.604	0
27.858	1	38	18	89.6844	0
27.859	1	189	19	1237.09	0
27.86	1	40	20	8872.89	0
27.861	1	142	21	471.543	0
27.862	1	86	22	1251.88	0
27.863	1	100	23	1555.47	0
27.864	1	166	24	263.509	0
27.865	1	118	25	560.43	0
27.866	1	49	26	357.984	0
27.867	1	196	27	110.23	0
27.868	1	119	28	68.7008	0
27.869	1	200	29	296.009	0
27.87	1	55	30	89.2713	0
27.871	1	95	31	246.619	0
27.872	1	107	32	114.452	0
27.873	1	101	33	163.582	0
27.874	1	116	34	2489.63	0
27.875	1	61	35	134.897	0
27.876	1	111	36	606.165	0
27.877	1	3	37	49.9659	0
27.878	1	4	38	149.494	0
27.879	1	195	39	180.926	0
27.88	1	30	40	1671.88	0
27.881	1	91	41	121.561	0
27.882	1	35	42	262.022	0
27.883	1	19	43	211.513	0
27.884	1	176	44	418.271	0
27.885	1	32	45	139.137	0
27.886	1	126	46	176.596	0
27.887	1	151	47	6879.26	0
27.888	1	160	48	480.013	0
27.889	1	79	49	6569.29	0
27.89	1	171	50	110.631	0
27.891	1	175	51	3558.42	0
29.121	1	143	1	547.077	0
27.892	1	17	52	456.724	0
29.122	1	70	2	255.623	0
27.893	1	174	53	74.6115	0
29.123	1	110	3	790.713	0
27.894	1	74	54	1207.18	0
29.124	1	13	4	58.7257	0
27.895	1	39	55	186.673	0
29.125	1	66	5	234.649	0
27.896	1	179	56	88.5812	0
29.126	1	72	6	273.412	0
27.897	1	194	57	11036	0
29.127	1	103	7	1212.41	0
27.898	1	28	58	874.849	0
29.128	1	92	8	614.558	0
27.899	1	80	59	37.8092	0
29.129	1	157	9	191.485	0
29.13	1	27	10	120.502	0
27.9	1	105	60	256.087	0
29.131	1	58	11	7993.22	0
27.901	1	168	61	2036.61	0
29.132	1	115	12	218.461	0
27.902	1	73	62	2176.59	0
29.133	1	48	13	668.639	0
27.903	1	141	63	185.376	0
29.134	1	37	14	7705.21	0
27.904	1	53	64	215.533	0
29.135	1	135	15	186.053	0
27.905	1	163	65	333.342	0
29.136	1	193	16	227.875	0
27.906	1	62	66	203.229	0
29.137	1	197	17	156.608	0
27.907	1	89	67	1717.22	0
29.138	1	38	18	225.898	0
27.908	1	173	68	396.448	0
29.139	1	189	19	440.528	0
27.909	1	112	69	717.161	0
29.14	1	40	20	4880.79	0
27.91	1	93	70	159.965	0
29.141	1	142	21	792.202	0
27.911	1	136	71	129.637	0
29.142	1	86	22	1740.28	0
27.912	1	121	72	428.286	0
29.143	1	100	23	2129.36	0
27.913	1	85	73	285.514	0
29.144	1	166	24	185.791	0
27.914	1	2	74	52.0115	0
29.145	1	118	25	823.809	0
27.915	1	158	75	925.334	0
29.146	1	49	26	615.2	0
29.147	1	196	27	298.759	0
29.148	1	119	28	156.518	0
27.916	1	14	76	270.129	0
29.149	1	200	29	127.705	0
29.15	1	55	30	127.673	0
27.917	1	1	77	351.394	0
29.151	1	95	31	193.438	0
27.918	1	133	78	217.184	0
29.152	1	107	32	30.2072	0
27.919	1	34	79	145.424	0
29.153	1	101	33	254.367	0
29.154	1	116	34	2342.75	0
27.92	1	18	80	108.887	0
29.155	1	61	35	94.0829	0
29.156	1	111	36	669.415	0
27.921	1	149	81	876.97	0
27.922	1	108	82	374.285	0
29.157	1	3	37	102.859	0
29.158	1	4	38	144.37	0
27.923	1	97	83	7939.75	0
27.924	1	148	84	92.2841	0
29.159	1	195	39	466.512	0
29.16	1	30	40	1369.67	0
27.925	1	51	85	688.051	0
27.926	1	9	86	380.546	0
29.161	1	91	41	157.582	0
29.162	1	35	42	484.763	0
27.927	1	132	87	195.712	0
27.928	1	181	88	116.587	0
29.163	1	19	43	143.737	0
29.164	1	176	44	420.29	0
27.929	1	43	89	312.06	0
27.93	1	84	90	192.229	0
29.165	1	32	45	432.733	0
29.166	1	126	46	65.8687	0
27.931	1	183	91	768.352	0
27.932	1	44	92	338.308	0
29.167	1	151	47	6091.23	0
29.168	1	160	48	275.148	0
29.169	1	79	49	2408.36	0
27.933	1	77	93	1135.48	0
29.17	1	171	50	126.45	0
27.934	1	31	94	517.149	0
29.171	1	175	51	6066.11	0
29.172	1	17	52	224.001	0
27.935	1	57	95	81.0532	0
29.173	1	174	53	106.874	0
27.936	1	172	96	123.934	0
29.174	1	74	54	566.239	0
27.937	1	47	97	433.452	0
29.175	1	39	55	63.0393	0
27.938	1	187	98	568.7	0
29.176	1	179	56	50.1399	0
27.939	1	180	99	106.78	0
29.177	1	194	57	6973.14	0
27.94	1	147	100	8021.46	0
29.178	1	28	58	965.761	0
29.179	1	80	59	85.6826	0
29.18	1	105	60	67.2832	0
27.941	1	46	101	151.262	0
27.942	1	155	102	65.1813	0
29.181	1	168	61	1872.93	0
29.182	1	73	62	2539.11	0
27.943	1	21	103	214.613	0
27.944	1	6	104	611.669	0
29.183	1	141	63	175.965	0
29.184	1	53	64	200.285	0
27.945	1	29	105	109.048	0
27.946	1	182	106	152.144	0
29.185	1	163	65	97.094	0
29.186	1	62	66	202.847	0
27.948	1	96	108	209.501	0
29.187	1	89	67	602.509	0
29.188	1	173	68	120.006	0
27.949	1	42	109	855.549	0
27.95	1	165	110	1065.8	0
29.189	1	112	69	656.39	0
29.19	1	93	70	63.7536	0
27.951	1	69	111	15887.4	0
29.191	1	136	71	123.488	0
29.192	1	121	72	251.323	0
27.952	1	88	112	2882.04	0
29.193	1	85	73	260.86	0
27.953	1	188	113	821.408	0
29.194	1	2	74	62.8569	0
27.954	1	152	114	1082.23	0
29.195	1	158	75	801.557	0
27.955	1	162	115	107.116	0
29.196	1	14	76	178.12	0
27.956	1	11	116	173.031	0
29.197	1	1	77	291.08	0
29.198	1	133	78	388.507	0
27.957	1	139	117	862.287	0
29.199	1	34	79	121.596	0
29.2	1	18	80	62.6471	0
27.958	1	98	118	168.669	0
29.201	1	149	81	304.394	0
29.202	1	108	82	239.588	0
27.959	1	23	119	485.141	0
27.96	1	10	120	2125.29	0
29.203	1	97	83	6497.06	0
29.204	1	148	84	121.637	0
27.961	1	12	121	441.406	0
29.205	1	51	85	1049.46	0
29.206	1	9	86	815.505	0
27.962	1	120	122	948.075	0
29.207	1	132	87	196.164	0
27.963	1	150	123	130.979	0
29.208	1	181	88	264.434	0
27.964	1	8	124	124.566	0
29.209	1	43	89	197.201	0
27.965	1	16	125	395.429	0
29.21	1	84	90	297.382	0
27.966	1	169	126	66.9869	0
29.211	1	183	91	395.87	0
27.967	1	94	127	111.122	0
29.212	1	44	92	865.269	0
27.968	1	170	128	2214.26	0
29.213	1	77	93	352.207	0
27.969	1	54	129	227.029	0
29.214	1	31	94	399.489	0
27.97	1	125	130	245.39	0
29.215	1	57	95	242.964	0
27.971	1	90	131	520.714	0
29.216	1	172	96	150.468	0
27.972	1	134	132	127.8	0
29.217	1	47	97	472.77	0
29.218	1	187	98	278.526	0
27.973	1	186	133	7829.94	0
27.974	1	67	134	5357.29	0
29.219	1	180	99	62.1825	0
29.22	1	147	100	6632.08	0
27.975	1	102	135	1672.92	0
29.221	1	46	101	649.122	0
29.222	1	155	102	298.198	0
27.976	1	63	136	3487.41	0
29.223	1	21	103	524.286	0
29.224	1	6	104	283.406	0
27.977	1	145	137	1812.62	0
29.225	1	29	105	151.704	0
27.978	1	127	138	252.988	0
29.226	1	182	106	102.548	0
27.98	1	154	140	1688.94	0
29.228	1	96	108	35.7126	0
27.981	1	20	141	80.5871	0
29.229	1	42	109	570.423	0
27.982	1	52	142	286.956	0
29.23	1	165	110	1036.03	0
29.231	1	69	111	6218.95	0
27.983	1	138	143	582.794	0
29.232	1	88	112	1173.76	0
29.233	1	188	113	920.689	0
27.984	1	83	144	94.4367	0
29.234	1	152	114	717.496	0
27.985	1	5	145	3918.26	0
29.235	1	162	115	240.942	0
27.986	1	109	146	310.793	0
29.236	1	11	116	304.266	0
27.987	1	33	147	1078.29	0
29.237	1	139	117	960.092	0
27.988	1	123	148	69.035	0
29.238	1	98	118	307.426	0
29.239	1	23	119	1130.1	0
27.989	1	99	149	1920.87	0
29.24	1	10	120	2142.34	0
27.99	1	104	150	212.308	0
29.241	1	12	121	315.377	0
27.991	1	113	151	1899.14	0
29.242	1	120	122	974.302	0
29.243	1	150	123	277.831	0
29.244	1	8	124	179.046	0
27.992	1	106	152	76.5914	0
29.245	1	16	125	363.966	0
27.993	1	65	153	11.3986	0
27.994	1	129	154	838.785	0
29.246	1	169	126	145.233	0
27.995	1	199	155	481.05	0
29.247	1	94	127	115.352	0
29.248	1	170	128	3363.29	0
29.249	1	54	129	137.231	0
29.25	1	125	130	712.283	0
29.251	1	90	131	964.349	0
29.252	1	134	132	108.681	0
29.253	1	186	133	10370.2	0
29.254	1	67	134	3996.38	0
29.255	1	102	135	2734.61	0
29.256	1	63	136	3649.01	0
28.003	1	64	163	299.004	0
29.257	1	145	137	2217.12	0
28.004	1	59	164	1379.34	0
29.258	1	127	138	198.775	0
28.005	1	114	165	419.795	0
28.006	1	198	166	166.125	0
29.26	1	154	140	1297.76	0
28.007	1	41	167	284.575	0
29.261	1	20	141	81.755	0
28.008	1	56	168	101.924	0
29.262	1	52	142	134.623	0
28.009	1	190	169	68.7892	0
29.263	1	138	143	367.113	0
28.01	1	75	170	169.19	0
29.264	1	83	144	87.9776	0
28.011	1	87	171	1071	0
29.265	1	5	145	5634.66	0
28.012	1	26	172	3538.85	0
29.266	1	109	146	210.987	0
28.013	1	15	173	160.32	0
29.267	1	33	147	1673.1	0
28.014	1	7	174	166.281	0
29.268	1	123	148	59.5954	0
28.015	1	164	175	301.973	0
29.269	1	99	149	8050.76	0
29.27	1	104	150	374.128	0
29.271	1	113	151	1914.72	0
29.272	1	106	152	117.691	0
28.016	1	191	176	192.134	0
29.273	1	65	153	75.8499	0
29.274	1	129	154	744.019	0
28.017	1	131	177	406.831	0
29.275	1	199	155	103.969	0
28.018	1	122	178	113.069	0
29.283	1	64	163	299.898	0
29.284	1	59	164	603.323	0
28.025	1	71	185	278.093	0
29.285	1	114	165	123.208	0
28.026	1	76	186	279.818	0
29.286	1	198	166	169.942	0
28.027	1	82	187	7985.23	0
29.287	1	41	167	602.798	0
28.028	1	184	188	231.293	0
29.288	1	56	168	215.351	0
29.289	1	190	169	327.251	0
28.029	1	68	189	17.3938	0
29.29	1	75	170	110.573	0
28.03	1	177	190	190.715	0
29.291	1	87	171	1204.22	0
28.031	1	24	191	172.597	0
29.292	1	26	172	8027.95	0
28.032	1	117	192	62.2713	0
29.293	1	15	173	56.0306	0
28.033	1	159	193	7081.53	0
29.294	1	7	174	69.7519	0
29.295	1	164	175	530.051	0
28.034	1	22	194	502.496	0
29.296	1	191	176	306.784	0
28.035	1	137	195	264.974	0
29.297	1	131	177	260.316	0
28.036	1	156	196	127.444	0
29.298	1	122	178	120.507	0
28.037	1	25	197	238.256	0
28.038	1	50	198	86.2556	0
28.039	1	60	199	101.863	0
28.04	1	36	200	650.681	0
28.041	1	78	201	302.715	0
28.042	1	128	202	183.542	0
29.305	1	71	185	113.904	0
29.306	1	76	186	324.844	0
28.043	1	144	203	936.366	0
28.044	1	178	204	80.7237	0
29.307	1	82	187	2043.3	0
29.308	1	184	188	378.166	0
28.045	1	192	205	75.1785	0
29.309	1	68	189	77.087	0
28.046	1	146	206	1096.79	0
29.31	1	177	190	295.086	0
28.047	1	140	207	788.407	0
29.311	1	24	191	187.311	0
28.048	1	45	208	125.398	0
29.312	1	117	192	65.5958	0
28.049	1	130	209	234.85	0
29.313	1	159	193	2550.56	0
28.05	1	161	210	1594.58	0
29.314	1	22	194	285.516	0
28.051	1	153	211	68.7651	0
29.315	1	137	195	855.487	0
29.316	1	156	196	261.338	0
28.052	1	124	212	165.381	0
29.317	1	25	197	183.849	0
29.318	1	50	198	218.377	0
28.053	1	167	213	853.84	0
28.054	1	81	214	1807.6	0
29.319	1	60	199	128.814	0
29.32	1	36	200	855.848	0
28.055	1	185	215	341.529	0
29.321	1	78	201	82.2415	0
29.322	1	128	202	181.513	0
29.323	1	144	203	1906.31	0
29.324	1	178	204	277.266	0
29.325	1	192	205	95.4154	0
29.326	1	146	206	1075.8	0
29.327	1	140	207	800.648	0
29.328	1	45	208	217.254	0
29.329	1	130	209	277.462	0
29.33	1	161	210	462.35	0
29.331	1	153	211	90.5521	0
29.332	1	124	212	273.853	0
29.333	1	167	213	284.91	0
29.334	1	81	214	1363.47	0
29.335	1	185	215	306.729	0
29.441	1	143	1	1046.09	0
29.442	1	70	2	207.317	0
29.443	1	110	3	288.428	0
29.444	1	13	4	157.09	0
29.445	1	66	5	154.597	0
29.446	1	72	6	85.2374	0
29.447	1	103	7	2346.56	0
28.161	1	143	1	317.156	0
29.448	1	92	8	1237.2	0
29.449	1	157	9	240.657	0
28.162	1	70	2	148.196	0
29.45	1	27	10	60.582	0
28.163	1	110	3	127.694	0
29.451	1	58	11	8429.26	0
28.164	1	13	4	61.136	0
29.452	1	115	12	341.865	0
28.165	1	66	5	147.212	0
29.453	1	48	13	201.142	0
28.166	1	72	6	128.73	0
29.454	1	37	14	5809.73	0
28.167	1	103	7	1545.37	0
29.455	1	135	15	164.075	0
28.168	1	92	8	909.733	0
29.456	1	193	16	164.694	0
28.169	1	157	9	83.5645	0
28.17	1	27	10	78.333	0
29.457	1	197	17	321.01	0
29.458	1	38	18	147.36	0
28.171	1	58	11	6427.58	0
28.172	1	115	12	804.548	0
29.459	1	189	19	1711.68	0
29.46	1	40	20	3865.87	0
28.173	1	48	13	522.015	0
28.174	1	37	14	4453.59	0
29.461	1	142	21	158.27	0
29.462	1	86	22	1021.73	0
28.175	1	135	15	449.86	0
29.463	1	100	23	970.917	0
29.464	1	166	24	162.049	0
28.176	1	193	16	299.437	0
29.465	1	118	25	251.387	0
29.466	1	49	26	593.844	0
28.177	1	197	17	243.063	0
28.178	1	38	18	91.1304	0
29.467	1	196	27	353.887	0
29.468	1	119	28	90.5421	0
28.179	1	189	19	1495.69	0
28.18	1	40	20	5216.74	0
29.469	1	200	29	315.706	0
28.181	1	142	21	366.52	0
29.47	1	55	30	159.49	0
28.182	1	86	22	1271.13	0
29.471	1	95	31	185.799	0
29.472	1	107	32	65.5438	0
28.183	1	100	23	1560.15	0
29.473	1	101	33	82.8182	0
29.474	1	116	34	3431.64	0
28.184	1	166	24	222.844	0
29.475	1	61	35	181.496	0
28.185	1	118	25	321.918	0
29.476	1	111	36	912.249	0
28.186	1	49	26	337.374	0
29.477	1	3	37	101.391	0
28.187	1	196	27	352.029	0
29.478	1	4	38	106.433	0
28.188	1	119	28	64.2191	0
29.479	1	195	39	317.107	0
28.189	1	200	29	299.591	0
29.48	1	30	40	1587.07	0
28.19	1	55	30	57.3459	0
29.481	1	91	41	63.7068	0
29.482	1	35	42	134.274	0
28.191	1	95	31	259.845	0
28.192	1	107	32	56.9253	0
29.483	1	19	43	116.302	0
28.193	1	101	33	63.432	0
29.484	1	176	44	372.839	0
28.194	1	116	34	2961.86	0
29.485	1	32	45	152.564	0
28.195	1	61	35	132.441	0
29.486	1	126	46	139.897	0
28.196	1	111	36	263.535	0
29.487	1	151	47	6129.03	0
28.197	1	3	37	75.2188	0
29.488	1	160	48	176.45	0
28.198	1	4	38	131.96	0
29.489	1	79	49	2823.99	0
28.199	1	195	39	363.491	0
29.49	1	171	50	39.8303	0
28.2	1	30	40	956.336	0
29.491	1	175	51	5629.29	0
29.492	1	17	52	112.922	0
28.201	1	91	41	238.85	0
28.202	1	35	42	83.3404	0
29.493	1	174	53	72.9798	0
29.494	1	74	54	693.973	0
28.203	1	19	43	208.477	0
28.204	1	176	44	247.057	0
29.495	1	39	55	121.406	0
29.496	1	179	56	289.705	0
28.205	1	32	45	288.346	0
29.497	1	194	57	6212.26	0
28.206	1	126	46	423.942	0
29.498	1	28	58	669.267	0
28.207	1	151	47	5268.56	0
29.499	1	80	59	27.3534	0
28.208	1	160	48	148.428	0
29.5	1	105	60	52.3906	0
28.209	1	79	49	4693.71	0
28.21	1	171	50	68.0124	0
29.501	1	168	61	1831.74	0
29.502	1	73	62	2623.13	0
28.211	1	175	51	2078.71	0
28.212	1	17	52	179.306	0
29.503	1	141	63	75.2756	0
29.504	1	53	64	346.601	0
28.213	1	174	53	42.1153	0
29.505	1	163	65	120.061	0
28.214	1	74	54	286.121	0
29.506	1	62	66	226.238	0
28.215	1	39	55	319.043	0
29.507	1	89	67	2327.94	0
29.508	1	173	68	328.04	0
29.509	1	112	69	554.791	0
28.216	1	179	56	45.0981	0
29.51	1	93	70	80.1258	0
29.511	1	136	71	82.1748	0
29.512	1	121	72	351.609	0
28.217	1	194	57	5154.79	0
28.218	1	28	58	578.149	0
29.513	1	85	73	274	0
29.514	1	2	74	58.6449	0
28.219	1	80	59	78.6204	0
29.515	1	158	75	2466.07	0
28.22	1	105	60	70.8433	0
29.516	1	14	76	301.424	0
28.221	1	168	61	1040.03	0
29.517	1	1	77	909.739	0
28.222	1	73	62	1124.11	0
29.518	1	133	78	228.399	0
28.223	1	141	63	76.0894	0
29.519	1	34	79	118.77	0
28.224	1	53	64	264.953	0
29.52	1	18	80	107.217	0
28.225	1	163	65	167.819	0
29.521	1	149	81	683.887	0
28.226	1	62	66	256.268	0
29.522	1	108	82	234.198	0
28.227	1	89	67	892.66	0
29.523	1	97	83	3996.51	0
28.228	1	173	68	217.079	0
29.524	1	148	84	52.6346	0
28.229	1	112	69	258.286	0
28.23	1	93	70	126.481	0
29.525	1	51	85	393.787	0
29.526	1	9	86	323.846	0
28.231	1	136	71	49.3234	0
28.232	1	121	72	273.53	0
29.527	1	132	87	93.7292	0
29.528	1	181	88	44.3803	0
28.233	1	85	73	169.652	0
29.529	1	43	89	156.655	0
29.53	1	84	90	222.823	0
28.234	1	2	74	125.496	0
29.531	1	183	91	651.178	0
28.235	1	158	75	713.916	0
29.532	1	44	92	211.486	0
28.236	1	14	76	248.924	0
29.533	1	77	93	923.608	0
28.237	1	1	77	558.562	0
29.534	1	31	94	587.317	0
28.238	1	133	78	174.757	0
29.535	1	57	95	140.724	0
28.239	1	34	79	246.313	0
29.536	1	172	96	109.033	0
28.24	1	18	80	25.7616	0
29.537	1	47	97	488.08	0
29.538	1	187	98	1477.12	0
28.241	1	149	81	888.037	0
29.539	1	180	99	91.016	0
28.242	1	108	82	307.085	0
29.54	1	147	100	1828.5	0
28.243	1	97	83	5063.18	0
29.541	1	46	101	812.273	0
28.244	1	148	84	46.072	0
29.542	1	155	102	235.42	0
28.245	1	51	85	853.187	0
29.543	1	21	103	238.569	0
29.544	1	6	104	201.496	0
28.246	1	9	86	214.691	0
29.545	1	29	105	99.5581	0
28.247	1	132	87	515.122	0
28.248	1	181	88	166.423	0
29.546	1	182	106	84.7318	0
28.249	1	43	89	317.086	0
28.25	1	84	90	107.196	0
29.548	1	96	108	238.804	0
29.549	1	42	109	629.326	0
28.251	1	183	91	509.115	0
29.55	1	165	110	1842.62	0
28.252	1	44	92	360.459	0
29.551	1	69	111	8030.57	0
29.552	1	88	112	838.08	0
28.253	1	77	93	165.289	0
29.553	1	188	113	438.255	0
28.254	1	31	94	604.66	0
29.554	1	152	114	539.903	0
28.255	1	57	95	144.605	0
29.555	1	162	115	176.49	0
28.256	1	172	96	108.603	0
29.556	1	11	116	321.072	0
28.257	1	47	97	712.097	0
29.557	1	139	117	1063.79	0
29.558	1	98	118	66.3751	0
28.258	1	187	98	326.254	0
29.559	1	23	119	1493.19	0
28.259	1	180	99	77.685	0
29.56	1	10	120	1087.66	0
28.26	1	147	100	1955.67	0
29.561	1	12	121	400.458	0
28.261	1	46	101	318.035	0
29.562	1	120	122	2468.64	0
29.563	1	150	123	177.058	0
28.262	1	155	102	153.163	0
29.564	1	8	124	293.455	0
28.263	1	21	103	160.793	0
29.565	1	16	125	314.768	0
28.264	1	6	104	214.786	0
29.566	1	169	126	45.7103	0
28.265	1	29	105	174.249	0
29.567	1	94	127	129.638	0
28.266	1	182	106	190.115	0
29.568	1	170	128	2374.97	0
29.569	1	54	129	126.678	0
28.268	1	96	108	73.6091	0
29.57	1	125	130	656.853	0
28.269	1	42	109	553.819	0
29.571	1	90	131	324.234	0
28.27	1	165	110	1616.92	0
29.572	1	134	132	127.679	0
28.271	1	69	111	9886.39	0
29.573	1	186	133	7272.17	0
28.272	1	88	112	1270.65	0
29.574	1	67	134	2064.72	0
28.273	1	188	113	897.335	0
29.575	1	102	135	3451.94	0
28.274	1	152	114	428.712	0
29.576	1	63	136	4615	0
29.577	1	145	137	2357.95	0
28.275	1	162	115	161.773	0
29.578	1	127	138	154.42	0
28.276	1	11	116	311.463	0
29.58	1	154	140	1254.57	0
28.277	1	139	117	527.587	0
28.278	1	98	118	277.695	0
29.581	1	20	141	77.8389	0
29.582	1	52	142	74.997	0
28.279	1	23	119	1030.4	0
28.28	1	10	120	1667.97	0
29.583	1	138	143	708.252	0
29.584	1	83	144	98.6198	0
28.281	1	12	121	488.824	0
28.282	1	120	122	4770.25	0
29.585	1	5	145	10517.6	0
29.586	1	109	146	223.895	0
28.283	1	150	123	217.872	0
29.587	1	33	147	1568.5	0
29.588	1	123	148	109.125	0
28.284	1	8	124	178.809	0
29.589	1	99	149	4440.27	0
29.59	1	104	150	138.256	0
28.285	1	16	125	359.699	0
28.286	1	169	126	100.474	0
29.591	1	113	151	1859.37	0
29.592	1	106	152	164.906	0
28.287	1	94	127	88.0363	0
28.288	1	170	128	633.467	0
29.593	1	65	153	43.2003	0
28.289	1	54	129	148.006	0
29.594	1	129	154	847.978	0
28.29	1	125	130	350.883	0
29.595	1	199	155	360.426	0
28.291	1	90	131	1438.56	0
28.292	1	134	132	202.517	0
28.293	1	186	133	12620.6	0
28.294	1	67	134	11130.8	0
28.295	1	102	135	10113.5	0
28.296	1	63	136	5618.85	0
28.297	1	145	137	1145.51	0
28.298	1	127	138	228.738	0
29.603	1	64	163	151.135	0
29.604	1	59	164	1217.07	0
28.3	1	154	140	1019.2	0
29.605	1	114	165	140.188	0
29.606	1	198	166	150.02	0
28.301	1	20	141	103.398	0
28.302	1	52	142	221.477	0
29.607	1	41	167	731.407	0
29.608	1	56	168	227.606	0
28.303	1	138	143	657.154	0
28.304	1	83	144	90.5823	0
29.609	1	190	169	111.923	0
29.61	1	75	170	171.59	0
28.305	1	5	145	5602.8	0
28.306	1	109	146	205.062	0
29.611	1	87	171	1860.84	0
29.612	1	26	172	2231.03	0
28.307	1	33	147	780.554	0
28.308	1	123	148	138.507	0
29.613	1	15	173	87.0267	0
29.614	1	7	174	395.348	0
28.309	1	99	149	3888.35	0
28.31	1	104	150	213.744	0
29.615	1	164	175	167.869	0
28.311	1	113	151	2000.82	0
29.616	1	191	176	213.84	0
28.312	1	106	152	106.364	0
29.617	1	131	177	440.813	0
28.313	1	65	153	80.0164	0
29.618	1	122	178	510.39	0
28.314	1	129	154	812.526	0
28.315	1	199	155	69.7455	0
29.625	1	71	185	166.885	0
29.626	1	76	186	235.164	0
29.627	1	82	187	2537.06	0
29.628	1	184	188	229.129	0
29.629	1	68	189	21.9731	0
29.63	1	177	190	148.063	0
29.631	1	24	191	144.732	0
29.632	1	117	192	90.1396	0
28.323	1	64	163	340.69	0
29.633	1	159	193	663.819	0
28.324	1	59	164	1332.87	0
29.634	1	22	194	423.435	0
28.325	1	114	165	334.531	0
29.635	1	137	195	337.257	0
28.326	1	198	166	190.943	0
29.636	1	156	196	324.749	0
28.327	1	41	167	452.744	0
29.637	1	25	197	271.907	0
28.328	1	56	168	90.9557	0
29.638	1	50	198	180.716	0
28.329	1	190	169	237.601	0
29.639	1	60	199	171.192	0
28.33	1	75	170	256.372	0
29.64	1	36	200	1046.09	0
28.331	1	87	171	1241.34	0
29.641	1	78	201	313.265	0
28.332	1	26	172	3987.15	0
29.642	1	128	202	482.919	0
28.333	1	15	173	66.3815	0
29.643	1	144	203	659.726	0
29.644	1	178	204	196.921	0
28.334	1	7	174	107.85	0
29.645	1	192	205	64.1999	0
28.335	1	164	175	608.88	0
29.646	1	146	206	825.353	0
28.336	1	191	176	69.8336	0
29.647	1	140	207	419.735	0
28.337	1	131	177	476.532	0
29.648	1	45	208	266.122	0
28.338	1	122	178	184.984	0
29.649	1	130	209	89.8554	0
29.65	1	161	210	356.652	0
29.651	1	153	211	132.13	0
29.652	1	124	212	124.912	0
29.653	1	167	213	157.521	0
29.654	1	81	214	849.969	0
29.655	1	185	215	560.218	0
28.345	1	71	185	184.42	0
28.346	1	76	186	269.765	0
28.347	1	82	187	1968.67	0
28.348	1	184	188	218.025	0
28.349	1	68	189	48.486	0
28.35	1	177	190	202.752	0
28.351	1	24	191	61.6117	0
28.352	1	117	192	111.598	0
28.353	1	159	193	1248.96	0
28.354	1	22	194	595.668	0
28.355	1	137	195	655.863	0
28.356	1	156	196	273.799	0
28.357	1	25	197	261.693	0
28.358	1	50	198	156.757	0
28.359	1	60	199	179.918	0
28.36	1	36	200	629.569	0
28.361	1	78	201	87.3086	0
28.362	1	128	202	360.325	0
28.363	1	144	203	1669.7	0
28.364	1	178	204	115.226	0
28.365	1	192	205	62.7116	0
28.366	1	146	206	861.933	0
28.367	1	140	207	593.386	0
28.368	1	45	208	250.981	0
28.369	1	130	209	93.9134	0
28.37	1	161	210	691.434	0
28.371	1	153	211	149.476	0
28.372	1	124	212	274.174	0
28.373	1	167	213	518.972	0
28.374	1	81	214	1950.07	0
28.375	1	185	215	543.635	0
29.761	1	143	1	789.594	0
29.762	1	70	2	159.679	0
29.763	1	110	3	450.715	0
29.764	1	13	4	36.3397	0
29.765	1	66	5	252.399	0
29.766	1	72	6	99.8053	0
29.767	1	103	7	720.291	0
29.768	1	92	8	669.505	0
29.769	1	157	9	464.121	0
29.77	1	27	10	148.644	0
29.771	1	58	11	6846.62	0
29.772	1	115	12	193.75	0
29.773	1	48	13	270.348	0
29.774	1	37	14	4757.61	0
29.775	1	135	15	185.002	0
29.776	1	193	16	350.192	0
29.777	1	197	17	192.532	0
29.778	1	38	18	108.742	0
29.779	1	189	19	1517.14	0
29.78	1	40	20	3295.49	0
29.781	1	142	21	110.829	0
29.782	1	86	22	1467.87	0
29.783	1	100	23	2802.77	0
29.784	1	166	24	102.467	0
29.785	1	118	25	573.09	0
29.786	1	49	26	789.101	0
29.787	1	196	27	822.401	0
29.788	1	119	28	126.421	0
29.789	1	200	29	116.916	0
29.79	1	55	30	141.413	0
29.791	1	95	31	331.6	0
29.792	1	107	32	103.268	0
29.793	1	101	33	133.182	0
29.794	1	116	34	1130.77	0
29.795	1	61	35	143.488	0
29.796	1	111	36	330.437	0
29.797	1	3	37	103.827	0
29.798	1	4	38	132.101	0
29.799	1	195	39	413.922	0
29.8	1	30	40	1610.96	0
29.801	1	91	41	238.136	0
29.802	1	35	42	177.449	0
29.803	1	19	43	157.234	0
29.804	1	176	44	263.536	0
29.805	1	32	45	40.7839	0
29.806	1	126	46	238.957	0
29.807	1	151	47	6577.23	0
29.808	1	160	48	365.142	0
29.809	1	79	49	1723.88	0
29.81	1	171	50	58.3423	0
29.811	1	175	51	1371.43	0
29.812	1	17	52	159.271	0
29.813	1	174	53	48.657	0
29.814	1	74	54	500.95	0
28.481	1	143	1	292.742	0
29.815	1	39	55	188.58	0
28.482	1	70	2	117.298	0
29.816	1	179	56	79.6118	0
29.817	1	194	57	1277.09	0
29.818	1	28	58	315.95	0
28.483	1	110	3	302.157	0
29.819	1	80	59	52.5973	0
29.82	1	105	60	91.5985	0
28.484	1	13	4	91.0665	0
28.485	1	66	5	193.432	0
29.821	1	168	61	801.354	0
28.486	1	72	6	82.7769	0
29.822	1	73	62	1747.3	0
28.487	1	103	7	945.213	0
29.823	1	141	63	53.7868	0
28.488	1	92	8	485.582	0
29.824	1	53	64	506.526	0
28.489	1	157	9	240.871	0
29.825	1	163	65	229.09	0
28.49	1	27	10	81.7389	0
29.826	1	62	66	411.99	0
28.491	1	58	11	1871.84	0
29.827	1	89	67	1593.85	0
28.492	1	115	12	473.502	0
29.828	1	173	68	224.262	0
28.493	1	48	13	293.181	0
29.829	1	112	69	295.684	0
28.494	1	37	14	3088.29	0
29.83	1	93	70	75.0833	0
28.495	1	135	15	256.563	0
29.831	1	136	71	61.9598	0
28.496	1	193	16	867.984	0
29.832	1	121	72	221.007	0
28.497	1	197	17	206.142	0
29.833	1	85	73	83.0879	0
28.498	1	38	18	74.1633	0
29.834	1	2	74	93.9579	0
28.499	1	189	19	2238.05	0
29.835	1	158	75	1628.36	0
29.836	1	14	76	221.604	0
28.5	1	40	20	6244.47	0
29.837	1	1	77	415.555	0
28.501	1	142	21	464.739	0
29.838	1	133	78	105.549	0
28.502	1	86	22	1096.69	0
29.839	1	34	79	136.968	0
28.503	1	100	23	1528.46	0
29.84	1	18	80	115.451	0
28.504	1	166	24	254.635	0
29.841	1	149	81	474.626	0
28.505	1	118	25	240.624	0
29.842	1	108	82	548.89	0
28.506	1	49	26	910.928	0
29.843	1	97	83	1960.3	0
28.507	1	196	27	256.776	0
29.844	1	148	84	55.9555	0
28.508	1	119	28	258.083	0
29.845	1	51	85	1256.52	0
28.509	1	200	29	114.16	0
29.846	1	9	86	627.21	0
28.51	1	55	30	162.089	0
29.847	1	132	87	245.202	0
28.511	1	95	31	282.221	0
29.848	1	181	88	116.006	0
28.512	1	107	32	131.016	0
29.849	1	43	89	205.051	0
28.513	1	101	33	411.672	0
29.85	1	84	90	109.139	0
28.514	1	116	34	1169.21	0
29.851	1	183	91	519.213	0
28.515	1	61	35	180.596	0
29.852	1	44	92	658.373	0
29.853	1	77	93	277.811	0
29.854	1	31	94	499.278	0
28.516	1	111	36	431.276	0
29.855	1	57	95	141.833	0
29.856	1	172	96	96.8843	0
29.857	1	47	97	495.22	0
28.517	1	3	37	34.8562	0
29.858	1	187	98	409.193	0
28.518	1	4	38	128.974	0
29.859	1	180	99	119.245	0
28.519	1	195	39	187.454	0
29.86	1	147	100	5402.68	0
28.52	1	30	40	1343.74	0
29.861	1	46	101	721.637	0
29.862	1	155	102	171.738	0
28.521	1	91	41	94.4814	0
28.522	1	35	42	118.52	0
29.863	1	21	103	482.489	0
29.864	1	6	104	146.514	0
28.523	1	19	43	63.2153	0
29.865	1	29	105	41.3971	0
28.524	1	176	44	114.203	0
29.866	1	182	106	203.648	0
28.525	1	32	45	160.97	0
28.526	1	126	46	348.159	0
29.868	1	96	108	147.004	0
28.527	1	151	47	2273.19	0
28.528	1	160	48	221.607	0
29.869	1	42	109	689.179	0
29.87	1	165	110	787.871	0
28.529	1	79	49	4276.08	0
28.53	1	171	50	50.4219	0
29.871	1	69	111	9897.75	0
29.872	1	88	112	614.801	0
28.531	1	175	51	3022.42	0
28.532	1	17	52	312.654	0
29.873	1	188	113	883.429	0
29.874	1	152	114	820.578	0
28.533	1	174	53	73.7097	0
29.875	1	162	115	117.115	0
28.534	1	74	54	609.749	0
29.876	1	11	116	281.721	0
28.535	1	39	55	70.5826	0
29.877	1	139	117	1491.02	0
28.536	1	179	56	63.6322	0
29.878	1	98	118	192.754	0
28.537	1	194	57	1701.9	0
29.879	1	23	119	735.303	0
28.538	1	28	58	515.77	0
29.88	1	10	120	1277.25	0
28.539	1	80	59	212.372	0
29.881	1	12	121	320.589	0
28.54	1	105	60	95.1384	0
29.882	1	120	122	1206.04	0
29.883	1	150	123	95.7744	0
29.884	1	8	124	296.349	0
28.541	1	168	61	1471.73	0
29.885	1	16	125	769.941	0
29.886	1	169	126	112.548	0
28.542	1	73	62	1195.11	0
29.887	1	94	127	140.024	0
28.543	1	141	63	155.085	0
29.888	1	170	128	2552.58	0
28.544	1	53	64	258.595	0
29.889	1	54	129	185.392	0
28.545	1	163	65	52.1135	0
29.89	1	125	130	539.33	0
28.546	1	62	66	226.29	0
28.547	1	89	67	2307.89	0
29.891	1	90	131	1234.76	0
28.548	1	173	68	222.605	0
29.892	1	134	132	133.892	0
28.549	1	112	69	867.749	0
29.893	1	186	133	6883.7	0
28.55	1	93	70	84.1366	0
29.894	1	67	134	4267.65	0
28.551	1	136	71	99.8574	0
29.895	1	102	135	11727.3	0
29.896	1	63	136	7005.65	0
28.552	1	121	72	239.43	0
29.897	1	145	137	1029.87	0
29.898	1	127	138	132.763	0
28.553	1	85	73	201.335	0
28.554	1	2	74	35.7466	0
29.9	1	154	140	759.488	0
28.555	1	158	75	1573.18	0
28.556	1	14	76	339.404	0
29.901	1	20	141	71.4323	0
29.902	1	52	142	118.61	0
28.557	1	1	77	202.708	0
29.903	1	138	143	475.152	0
29.904	1	83	144	49.9527	0
28.558	1	133	78	183.319	0
29.905	1	5	145	4069.76	0
28.559	1	34	79	118.501	0
29.906	1	109	146	291.991	0
28.56	1	18	80	74.3034	0
29.907	1	33	147	1256.39	0
28.561	1	149	81	766.007	0
29.908	1	123	148	71.4986	0
29.909	1	99	149	3309.45	0
28.562	1	108	82	199.035	0
29.91	1	104	150	113.039	0
28.563	1	97	83	4447.13	0
29.911	1	113	151	953.013	0
28.564	1	148	84	39.3855	0
29.912	1	106	152	247.7	0
28.565	1	51	85	1047.83	0
29.913	1	65	153	121.543	0
28.566	1	9	86	1426.47	0
29.914	1	129	154	408.207	0
28.567	1	132	87	144.03	0
29.915	1	199	155	121.256	0
28.568	1	181	88	217.814	0
28.569	1	43	89	498.512	0
28.57	1	84	90	487.824	0
28.571	1	183	91	472.96	0
28.572	1	44	92	202.294	0
28.573	1	77	93	982.948	0
28.574	1	31	94	760.655	0
29.923	1	64	163	208.655	0
28.575	1	57	95	152.047	0
29.924	1	59	164	1311.64	0
28.576	1	172	96	82.7914	0
29.925	1	114	165	316.668	0
28.577	1	47	97	488.506	0
29.926	1	198	166	74.3405	0
28.578	1	187	98	200.432	0
29.927	1	41	167	210.879	0
28.579	1	180	99	80.0582	0
29.928	1	56	168	411.269	0
28.58	1	147	100	4249.6	0
29.929	1	190	169	116.744	0
29.93	1	75	170	83.8443	0
28.581	1	46	101	294.529	0
28.582	1	155	102	98.4582	0
29.931	1	87	171	1041.05	0
29.932	1	26	172	5766.24	0
28.583	1	21	103	533.58	0
29.933	1	15	173	91.6139	0
29.934	1	7	174	87.151	0
28.584	1	6	104	90.791	0
29.935	1	164	175	477.78	0
28.585	1	29	105	90.5992	0
29.936	1	191	176	267.592	0
28.586	1	182	106	416.819	0
29.937	1	131	177	166.036	0
29.938	1	122	178	158.096	0
28.588	1	96	108	83.4228	0
28.589	1	42	109	1323.46	0
28.59	1	165	110	1058.69	0
28.591	1	69	111	2320.13	0
28.592	1	88	112	1005.68	0
28.593	1	188	113	1104.59	0
28.594	1	152	114	947.527	0
28.595	1	162	115	136.894	0
29.945	1	71	185	226.073	0
28.596	1	11	116	226.255	0
29.946	1	76	186	100.859	0
29.947	1	82	187	3027.64	0
28.597	1	139	117	1724.28	0
29.948	1	184	188	286.677	0
28.598	1	98	118	63.1993	0
29.949	1	68	189	99.1307	0
28.599	1	23	119	640.945	0
29.95	1	177	190	82.8239	0
28.6	1	10	120	2133.85	0
29.951	1	24	191	125.139	0
29.952	1	117	192	27.4157	0
28.601	1	12	121	304.841	0
28.602	1	120	122	3651.73	0
29.953	1	159	193	4386.4	0
29.954	1	22	194	500.089	0
28.603	1	150	123	401.944	0
28.604	1	8	124	180.615	0
29.955	1	137	195	663.759	0
29.956	1	156	196	165.194	0
28.605	1	16	125	253.547	0
28.606	1	169	126	85.0016	0
29.957	1	25	197	160.9	0
29.958	1	50	198	235.263	0
28.607	1	94	127	266.828	0
28.608	1	170	128	1003.83	0
29.959	1	60	199	74.3287	0
29.96	1	36	200	548.601	0
28.609	1	54	129	81.9867	0
28.61	1	125	130	545.378	0
29.961	1	78	201	105.461	0
29.962	1	128	202	588.171	0
28.611	1	90	131	1184.7	0
28.612	1	134	132	58.7841	0
29.963	1	144	203	3139.14	0
29.964	1	178	204	133.665	0
28.613	1	186	133	3166.36	0
28.614	1	67	134	6971.09	0
29.965	1	192	205	107.066	0
28.615	1	102	135	7662.55	0
29.966	1	146	206	498.54	0
29.967	1	140	207	1691.16	0
29.968	1	45	208	85.0256	0
28.616	1	63	136	3712.56	0
29.969	1	130	209	99.652	0
29.97	1	161	210	1792.65	0
28.617	1	145	137	1449.55	0
29.971	1	153	211	110.571	0
29.972	1	124	212	232.593	0
28.618	1	127	138	118.2	0
29.973	1	167	213	298.109	0
29.974	1	81	214	734.055	0
28.62	1	154	140	664.473	0
29.975	1	185	215	613.566	0
28.621	1	20	141	39.3775	0
28.622	1	52	142	76.0888	0
28.623	1	138	143	499.545	0
28.624	1	83	144	195.841	0
28.625	1	5	145	6239.4	0
28.626	1	109	146	270.041	0
28.627	1	33	147	1686.2	0
28.628	1	123	148	68.4283	0
28.629	1	99	149	6341.74	0
28.63	1	104	150	306.308	0
28.631	1	113	151	1497.62	0
28.632	1	106	152	61.5402	0
28.633	1	65	153	123.727	0
28.634	1	129	154	1142.08	0
28.635	1	199	155	138.267	0
28.643	1	64	163	299.032	0
28.644	1	59	164	1689.85	0
28.645	1	114	165	121.825	0
28.646	1	198	166	127.985	0
28.647	1	41	167	793.348	0
28.648	1	56	168	74.3068	0
28.649	1	190	169	93.8919	0
28.65	1	75	170	293.975	0
28.651	1	87	171	1008.78	0
28.652	1	26	172	7534.52	0
28.653	1	15	173	167.024	0
28.654	1	7	174	157.87	0
28.655	1	164	175	545.225	0
28.656	1	191	176	194.525	0
28.657	1	131	177	178.092	0
28.658	1	122	178	282.527	0
28.665	1	71	185	162.428	0
28.666	1	76	186	54.7538	0
28.667	1	82	187	1455.33	0
28.668	1	184	188	198.31	0
28.669	1	68	189	85.0652	0
28.67	1	177	190	139.49	0
28.671	1	24	191	68.0309	0
28.672	1	117	192	59.1102	0
28.673	1	159	193	2242.92	0
28.674	1	22	194	360.584	0
28.675	1	137	195	673.673	0
28.676	1	156	196	155.596	0
28.677	1	25	197	223.899	0
28.678	1	50	198	149.928	0
28.679	1	60	199	186.371	0
28.68	1	36	200	375.72	0
28.681	1	78	201	145.987	0
28.682	1	128	202	220.853	0
28.683	1	144	203	1439.5	0
28.684	1	178	204	125.65	0
28.685	1	192	205	82.2201	0
28.686	1	146	206	778.527	0
28.687	1	140	207	959.369	0
28.688	1	45	208	212.021	0
28.689	1	130	209	215.893	0
28.69	1	161	210	620.37	0
28.691	1	153	211	278.908	0
28.692	1	124	212	182.978	0
28.693	1	167	213	448.631	0
28.694	1	81	214	1271.99	0
28.695	1	185	215	556.77	0
28.801	1	143	1	584.012	0
28.802	1	70	2	278.495	0
28.803	1	110	3	410.234	0
28.804	1	13	4	101.325	0
28.805	1	66	5	281.779	0
28.806	1	72	6	268.244	0
28.807	1	103	7	1998.27	0
28.808	1	92	8	920.176	0
28.809	1	157	9	159.473	0
28.81	1	27	10	62.1411	0
28.811	1	58	11	3387.26	0
28.812	1	115	12	226.956	0
28.813	1	48	13	185.786	0
28.814	1	37	14	3537.91	0
28.815	1	135	15	215.665	0
28.816	1	193	16	305.493	0
28.817	1	197	17	316.126	0
28.818	1	38	18	247.973	0
28.819	1	189	19	1437.28	0
28.82	1	40	20	5848.12	0
28.821	1	142	21	434.898	0
28.822	1	86	22	739.306	0
28.823	1	100	23	1037.24	0
28.824	1	166	24	207.471	0
28.825	1	118	25	184.756	0
28.826	1	49	26	570.205	0
28.827	1	196	27	442.968	0
28.828	1	119	28	91.6312	0
28.829	1	200	29	256.678	0
28.83	1	55	30	190.198	0
28.831	1	95	31	302.311	0
28.832	1	107	32	82.8362	0
28.833	1	101	33	98.6602	0
28.834	1	116	34	1321.55	0
28.835	1	61	35	55.1036	0
28.836	1	111	36	570.356	0
28.837	1	3	37	46.1326	0
28.838	1	4	38	131.381	0
28.839	1	195	39	338.95	0
28.84	1	30	40	1695.13	0
28.841	1	91	41	139.653	0
28.842	1	35	42	303.322	0
28.843	1	19	43	173.882	0
28.844	1	176	44	147.058	0
28.845	1	32	45	63.2808	0
28.846	1	126	46	342.307	0
28.847	1	151	47	5925.95	0
28.848	1	160	48	279.366	0
28.849	1	79	49	4568.27	0
28.85	1	171	50	64.6833	0
28.851	1	175	51	3330.38	0
28.852	1	17	52	216.454	0
28.853	1	174	53	118.083	0
28.854	1	74	54	337.575	0
28.855	1	39	55	172.469	0
28.856	1	179	56	96.9669	0
28.857	1	194	57	5751.73	0
28.858	1	28	58	357.05	0
28.859	1	80	59	92.5142	0
28.86	1	105	60	222.669	0
28.861	1	168	61	2470.32	0
28.862	1	73	62	3078.62	0
28.863	1	141	63	167.425	0
28.864	1	53	64	343.32	0
28.865	1	163	65	217.37	0
28.866	1	62	66	211.479	0
28.867	1	89	67	2873.5	0
28.868	1	173	68	264.67	0
28.869	1	112	69	623.844	0
28.87	1	93	70	114.834	0
28.871	1	136	71	166.937	0
28.872	1	121	72	261.65	0
28.873	1	85	73	273.718	0
28.874	1	2	74	31.8293	0
28.875	1	158	75	1379.28	0
28.876	1	14	76	238.259	0
28.877	1	1	77	192.691	0
28.878	1	133	78	233.915	0
28.879	1	34	79	53.572	0
28.88	1	18	80	76.6675	0
28.881	1	149	81	485.14	0
28.882	1	108	82	162.709	0
28.883	1	97	83	1790.82	0
28.884	1	148	84	71.1864	0
28.885	1	51	85	1256.09	0
28.886	1	9	86	622.471	0
28.887	1	132	87	244.64	0
28.888	1	181	88	212.547	0
28.889	1	43	89	173.064	0
28.89	1	84	90	182.902	0
28.891	1	183	91	338.054	0
28.892	1	44	92	406.77	0
28.893	1	77	93	742.98	0
28.894	1	31	94	747.755	0
28.895	1	57	95	117.575	0
28.896	1	172	96	100.415	0
28.897	1	47	97	397.753	0
28.898	1	187	98	450.545	0
28.899	1	180	99	102.817	0
28.9	1	147	100	5284.89	0
28.901	1	46	101	353.734	0
28.902	1	155	102	121.704	0
28.903	1	21	103	365.27	0
28.904	1	6	104	341.434	0
28.905	1	29	105	89.5775	0
28.906	1	182	106	202.915	0
28.908	1	96	108	148.857	0
28.909	1	42	109	1029.58	0
28.91	1	165	110	797.736	0
28.911	1	69	111	4047.74	0
28.912	1	88	112	1391.48	0
28.913	1	188	113	1000.44	0
28.914	1	152	114	1116.43	0
28.915	1	162	115	132.479	0
28.916	1	11	116	287.625	0
28.917	1	139	117	1028.81	0
28.918	1	98	118	122.786	0
28.919	1	23	119	261.076	0
28.92	1	10	120	1848.56	0
28.921	1	12	121	716.65	0
28.922	1	120	122	1492.18	0
28.923	1	150	123	258.272	0
28.924	1	8	124	98.3135	0
28.925	1	16	125	280.718	0
28.926	1	169	126	65.0807	0
28.927	1	94	127	99.4453	0
28.928	1	170	128	2778.49	0
28.929	1	54	129	83.8637	0
28.93	1	125	130	411.742	0
28.931	1	90	131	198.222	0
28.932	1	134	132	45.0448	0
28.933	1	186	133	7242.59	0
28.934	1	67	134	5742.8	0
28.935	1	102	135	4803.91	0
28.936	1	63	136	2118.82	0
28.937	1	145	137	1285.19	0
28.938	1	127	138	179.264	0
28.94	1	154	140	2219.38	0
28.941	1	20	141	200.494	0
28.942	1	52	142	199.125	0
28.943	1	138	143	233.985	0
28.944	1	83	144	119.855	0
28.945	1	5	145	6397.3	0
28.946	1	109	146	134.813	0
28.947	1	33	147	1260.84	0
28.948	1	123	148	67.5152	0
28.949	1	99	149	5335.77	0
28.95	1	104	150	191.28	0
28.951	1	113	151	1797.77	0
28.952	1	106	152	214.868	0
28.953	1	65	153	174.267	0
28.954	1	129	154	392.366	0
28.955	1	199	155	168.958	0
28.963	1	64	163	212.825	0
28.964	1	59	164	715.801	0
28.965	1	114	165	170.98	0
28.966	1	198	166	157.653	0
28.967	1	41	167	237.76	0
28.968	1	56	168	122.483	0
28.969	1	190	169	119.307	0
28.97	1	75	170	83.6838	0
28.971	1	87	171	1022.9	0
28.972	1	26	172	2395.67	0
28.973	1	15	173	144.711	0
28.974	1	7	174	115.505	0
28.975	1	164	175	324.393	0
28.976	1	191	176	194.455	0
28.977	1	131	177	656.12	0
28.978	1	122	178	274.324	0
28.985	1	71	185	156.379	0
28.986	1	76	186	81.2281	0
28.987	1	82	187	4078.15	0
28.988	1	184	188	191.918	0
28.989	1	68	189	53.3947	0
28.99	1	177	190	88.7196	0
28.991	1	24	191	86.947	0
28.992	1	117	192	61.271	0
28.993	1	159	193	1445.57	0
28.994	1	22	194	370.858	0
28.995	1	137	195	309.788	0
28.996	1	156	196	115.187	0
28.997	1	25	197	158.936	0
28.998	1	50	198	139.946	0
28.999	1	60	199	175.741	0
29	1	36	200	1602.19	0
29.001	1	78	201	176.063	0
29.002	1	128	202	154.581	0
29.003	1	144	203	1825.82	0
29.004	1	178	204	241.418	0
29.005	1	192	205	147.2	0
29.006	1	146	206	641.52	0
29.007	1	140	207	756.874	0
29.008	1	45	208	129.248	0
29.009	1	130	209	210.978	0
29.01	1	161	210	381.51	0
29.011	1	153	211	198.994	0
29.012	1	124	212	122.726	0
29.013	1	167	213	415.46	0
29.014	1	81	214	1465.74	0
29.015	1	185	215	265.098	0
29.121	1	143	1	547.077	0
29.122	1	70	2	255.623	0
29.123	1	110	3	790.713	0
29.124	1	13	4	58.7257	0
29.125	1	66	5	234.649	0
29.126	1	72	6	273.412	0
29.127	1	103	7	1212.41	0
29.128	1	92	8	614.558	0
29.129	1	157	9	191.485	0
29.13	1	27	10	120.502	0
29.131	1	58	11	7993.22	0
29.132	1	115	12	218.461	0
29.133	1	48	13	668.639	0
29.134	1	37	14	7705.21	0
29.135	1	135	15	186.053	0
29.136	1	193	16	227.875	0
29.137	1	197	17	156.608	0
29.138	1	38	18	225.898	0
29.139	1	189	19	440.528	0
29.14	1	40	20	4880.79	0
29.141	1	142	21	792.202	0
29.142	1	86	22	1740.28	0
29.143	1	100	23	2129.36	0
29.144	1	166	24	185.791	0
29.145	1	118	25	823.809	0
29.146	1	49	26	615.2	0
29.147	1	196	27	298.759	0
29.148	1	119	28	156.518	0
29.149	1	200	29	127.705	0
29.15	1	55	30	127.673	0
29.151	1	95	31	193.438	0
29.152	1	107	32	30.2072	0
29.153	1	101	33	254.367	0
29.154	1	116	34	2342.75	0
29.155	1	61	35	94.0829	0
29.156	1	111	36	669.415	0
29.157	1	3	37	102.859	0
29.158	1	4	38	144.37	0
29.159	1	195	39	466.512	0
29.16	1	30	40	1369.67	0
29.161	1	91	41	157.582	0
29.162	1	35	42	484.763	0
29.163	1	19	43	143.737	0
29.164	1	176	44	420.29	0
29.165	1	32	45	432.733	0
29.166	1	126	46	65.8687	0
29.167	1	151	47	6091.23	0
29.168	1	160	48	275.148	0
29.169	1	79	49	2408.36	0
29.17	1	171	50	126.45	0
29.171	1	175	51	6066.11	0
29.172	1	17	52	224.001	0
29.173	1	174	53	106.874	0
29.174	1	74	54	566.239	0
29.175	1	39	55	63.0393	0
29.176	1	179	56	50.1399	0
29.177	1	194	57	6973.14	0
29.178	1	28	58	965.761	0
29.179	1	80	59	85.6826	0
29.18	1	105	60	67.2832	0
29.181	1	168	61	1872.93	0
29.182	1	73	62	2539.11	0
29.183	1	141	63	175.965	0
29.184	1	53	64	200.285	0
29.185	1	163	65	97.094	0
29.186	1	62	66	202.847	0
29.187	1	89	67	602.509	0
29.188	1	173	68	120.006	0
29.189	1	112	69	656.39	0
29.19	1	93	70	63.7536	0
29.191	1	136	71	123.488	0
29.192	1	121	72	251.323	0
29.193	1	85	73	260.86	0
29.194	1	2	74	62.8569	0
29.195	1	158	75	801.557	0
29.196	1	14	76	178.12	0
29.197	1	1	77	291.08	0
29.198	1	133	78	388.507	0
29.199	1	34	79	121.596	0
29.2	1	18	80	62.6471	0
29.201	1	149	81	304.394	0
29.202	1	108	82	239.588	0
29.203	1	97	83	6497.06	0
29.204	1	148	84	121.637	0
29.205	1	51	85	1049.46	0
29.206	1	9	86	815.505	0
29.207	1	132	87	196.164	0
29.208	1	181	88	264.434	0
29.209	1	43	89	197.201	0
29.21	1	84	90	297.382	0
29.211	1	183	91	395.87	0
29.212	1	44	92	865.269	0
29.213	1	77	93	352.207	0
29.214	1	31	94	399.489	0
29.215	1	57	95	242.964	0
29.216	1	172	96	150.468	0
29.217	1	47	97	472.77	0
29.218	1	187	98	278.526	0
29.219	1	180	99	62.1825	0
29.22	1	147	100	6632.08	0
29.221	1	46	101	649.122	0
29.222	1	155	102	298.198	0
29.223	1	21	103	524.286	0
29.224	1	6	104	283.406	0
29.225	1	29	105	151.704	0
29.226	1	182	106	102.548	0
29.228	1	96	108	35.7126	0
29.229	1	42	109	570.423	0
29.23	1	165	110	1036.03	0
29.231	1	69	111	6218.95	0
29.232	1	88	112	1173.76	0
29.233	1	188	113	920.689	0
29.234	1	152	114	717.496	0
29.235	1	162	115	240.942	0
29.236	1	11	116	304.266	0
29.237	1	139	117	960.092	0
29.238	1	98	118	307.426	0
29.239	1	23	119	1130.1	0
29.24	1	10	120	2142.34	0
29.241	1	12	121	315.377	0
29.242	1	120	122	974.302	0
29.243	1	150	123	277.831	0
29.244	1	8	124	179.046	0
29.245	1	16	125	363.966	0
29.246	1	169	126	145.233	0
29.247	1	94	127	115.352	0
29.248	1	170	128	3363.29	0
29.249	1	54	129	137.231	0
29.25	1	125	130	712.283	0
29.251	1	90	131	964.349	0
29.252	1	134	132	108.681	0
29.253	1	186	133	10370.2	0
29.254	1	67	134	3996.38	0
29.255	1	102	135	2734.61	0
29.256	1	63	136	3649.01	0
29.257	1	145	137	2217.12	0
29.258	1	127	138	198.775	0
29.26	1	154	140	1297.76	0
29.261	1	20	141	81.755	0
29.262	1	52	142	134.623	0
29.263	1	138	143	367.113	0
29.264	1	83	144	87.9776	0
29.265	1	5	145	5634.66	0
29.266	1	109	146	210.987	0
29.267	1	33	147	1673.1	0
29.268	1	123	148	59.5954	0
29.269	1	99	149	8050.76	0
29.27	1	104	150	374.128	0
29.271	1	113	151	1914.72	0
29.272	1	106	152	117.691	0
29.273	1	65	153	75.8499	0
29.274	1	129	154	744.019	0
29.275	1	199	155	103.969	0
29.283	1	64	163	299.898	0
29.284	1	59	164	603.323	0
29.285	1	114	165	123.208	0
29.286	1	198	166	169.942	0
29.287	1	41	167	602.798	0
29.288	1	56	168	215.351	0
29.289	1	190	169	327.251	0
29.29	1	75	170	110.573	0
29.291	1	87	171	1204.22	0
29.292	1	26	172	8027.95	0
29.293	1	15	173	56.0306	0
29.294	1	7	174	69.7519	0
29.295	1	164	175	530.051	0
29.296	1	191	176	306.784	0
29.297	1	131	177	260.316	0
29.298	1	122	178	120.507	0
29.305	1	71	185	113.904	0
29.306	1	76	186	324.844	0
29.307	1	82	187	2043.3	0
29.308	1	184	188	378.166	0
29.309	1	68	189	77.087	0
29.31	1	177	190	295.086	0
29.311	1	24	191	187.311	0
29.312	1	117	192	65.5958	0
29.313	1	159	193	2550.56	0
29.314	1	22	194	285.516	0
29.315	1	137	195	855.487	0
29.316	1	156	196	261.338	0
29.317	1	25	197	183.849	0
29.318	1	50	198	218.377	0
29.319	1	60	199	128.814	0
29.32	1	36	200	855.848	0
29.321	1	78	201	82.2415	0
29.322	1	128	202	181.513	0
29.323	1	144	203	1906.31	0
29.324	1	178	204	277.266	0
29.325	1	192	205	95.4154	0
29.326	1	146	206	1075.8	0
29.327	1	140	207	800.648	0
29.328	1	45	208	217.254	0
29.329	1	130	209	277.462	0
29.33	1	161	210	462.35	0
29.331	1	153	211	90.5521	0
29.332	1	124	212	273.853	0
29.333	1	167	213	284.91	0
29.334	1	81	214	1363.47	0
29.335	1	185	215	306.729	0
29.441	1	143	1	1046.09	0
29.442	1	70	2	207.317	0
29.443	1	110	3	288.428	0
29.444	1	13	4	157.09	0
29.445	1	66	5	154.597	0
29.446	1	72	6	85.2374	0
29.447	1	103	7	2346.56	0
29.448	1	92	8	1237.2	0
29.449	1	157	9	240.657	0
29.45	1	27	10	60.582	0
29.451	1	58	11	8429.26	0
29.452	1	115	12	341.865	0
29.453	1	48	13	201.142	0
29.454	1	37	14	5809.73	0
29.455	1	135	15	164.075	0
29.456	1	193	16	164.694	0
29.457	1	197	17	321.01	0
29.458	1	38	18	147.36	0
29.459	1	189	19	1711.68	0
29.46	1	40	20	3865.87	0
29.461	1	142	21	158.27	0
29.462	1	86	22	1021.73	0
29.463	1	100	23	970.917	0
29.464	1	166	24	162.049	0
29.465	1	118	25	251.387	0
29.466	1	49	26	593.844	0
29.467	1	196	27	353.887	0
29.468	1	119	28	90.5421	0
29.469	1	200	29	315.706	0
29.47	1	55	30	159.49	0
29.471	1	95	31	185.799	0
29.472	1	107	32	65.5438	0
29.473	1	101	33	82.8182	0
29.474	1	116	34	3431.64	0
29.475	1	61	35	181.496	0
29.476	1	111	36	912.249	0
29.477	1	3	37	101.391	0
29.478	1	4	38	106.433	0
29.479	1	195	39	317.107	0
29.48	1	30	40	1587.07	0
29.481	1	91	41	63.7068	0
29.482	1	35	42	134.274	0
29.483	1	19	43	116.302	0
29.484	1	176	44	372.839	0
29.485	1	32	45	152.564	0
29.486	1	126	46	139.897	0
29.487	1	151	47	6129.03	0
29.488	1	160	48	176.45	0
29.489	1	79	49	2823.99	0
29.49	1	171	50	39.8303	0
29.491	1	175	51	5629.29	0
29.492	1	17	52	112.922	0
29.493	1	174	53	72.9798	0
29.494	1	74	54	693.973	0
29.495	1	39	55	121.406	0
29.496	1	179	56	289.705	0
29.497	1	194	57	6212.26	0
29.498	1	28	58	669.267	0
29.499	1	80	59	27.3534	0
29.5	1	105	60	52.3906	0
29.501	1	168	61	1831.74	0
29.502	1	73	62	2623.13	0
29.503	1	141	63	75.2756	0
29.504	1	53	64	346.601	0
29.505	1	163	65	120.061	0
29.506	1	62	66	226.238	0
29.507	1	89	67	2327.94	0
29.508	1	173	68	328.04	0
29.509	1	112	69	554.791	0
29.51	1	93	70	80.1258	0
29.511	1	136	71	82.1748	0
29.512	1	121	72	351.609	0
29.513	1	85	73	274	0
29.514	1	2	74	58.6449	0
29.515	1	158	75	2466.07	0
29.516	1	14	76	301.424	0
29.517	1	1	77	909.739	0
29.518	1	133	78	228.399	0
29.519	1	34	79	118.77	0
29.52	1	18	80	107.217	0
29.521	1	149	81	683.887	0
29.522	1	108	82	234.198	0
29.523	1	97	83	3996.51	0
29.524	1	148	84	52.6346	0
29.525	1	51	85	393.787	0
29.526	1	9	86	323.846	0
29.527	1	132	87	93.7292	0
29.528	1	181	88	44.3803	0
29.529	1	43	89	156.655	0
29.53	1	84	90	222.823	0
29.531	1	183	91	651.178	0
29.532	1	44	92	211.486	0
29.533	1	77	93	923.608	0
29.534	1	31	94	587.317	0
29.535	1	57	95	140.724	0
29.536	1	172	96	109.033	0
29.537	1	47	97	488.08	0
29.538	1	187	98	1477.12	0
29.539	1	180	99	91.016	0
29.54	1	147	100	1828.5	0
29.541	1	46	101	812.273	0
29.542	1	155	102	235.42	0
29.543	1	21	103	238.569	0
29.544	1	6	104	201.496	0
29.545	1	29	105	99.5581	0
29.546	1	182	106	84.7318	0
29.548	1	96	108	238.804	0
29.549	1	42	109	629.326	0
29.55	1	165	110	1842.62	0
29.551	1	69	111	8030.57	0
29.552	1	88	112	838.08	0
29.553	1	188	113	438.255	0
29.554	1	152	114	539.903	0
29.555	1	162	115	176.49	0
29.556	1	11	116	321.072	0
29.557	1	139	117	1063.79	0
29.558	1	98	118	66.3751	0
29.559	1	23	119	1493.19	0
29.56	1	10	120	1087.66	0
29.561	1	12	121	400.458	0
29.562	1	120	122	2468.64	0
29.563	1	150	123	177.058	0
29.564	1	8	124	293.455	0
29.565	1	16	125	314.768	0
29.566	1	169	126	45.7103	0
29.567	1	94	127	129.638	0
29.568	1	170	128	2374.97	0
29.569	1	54	129	126.678	0
29.57	1	125	130	656.853	0
29.571	1	90	131	324.234	0
29.572	1	134	132	127.679	0
29.573	1	186	133	7272.17	0
29.574	1	67	134	2064.72	0
29.575	1	102	135	3451.94	0
29.576	1	63	136	4615	0
29.577	1	145	137	2357.95	0
29.578	1	127	138	154.42	0
29.58	1	154	140	1254.57	0
29.581	1	20	141	77.8389	0
29.582	1	52	142	74.997	0
29.583	1	138	143	708.252	0
29.584	1	83	144	98.6198	0
29.585	1	5	145	10517.6	0
29.586	1	109	146	223.895	0
29.587	1	33	147	1568.5	0
29.588	1	123	148	109.125	0
29.589	1	99	149	4440.27	0
29.59	1	104	150	138.256	0
29.591	1	113	151	1859.37	0
29.592	1	106	152	164.906	0
29.593	1	65	153	43.2003	0
29.594	1	129	154	847.978	0
29.595	1	199	155	360.426	0
29.603	1	64	163	151.135	0
29.604	1	59	164	1217.07	0
29.605	1	114	165	140.188	0
29.606	1	198	166	150.02	0
29.607	1	41	167	731.407	0
29.608	1	56	168	227.606	0
29.609	1	190	169	111.923	0
29.61	1	75	170	171.59	0
29.611	1	87	171	1860.84	0
29.612	1	26	172	2231.03	0
29.613	1	15	173	87.0267	0
29.614	1	7	174	395.348	0
29.615	1	164	175	167.869	0
29.616	1	191	176	213.84	0
29.617	1	131	177	440.813	0
29.618	1	122	178	510.39	0
29.625	1	71	185	166.885	0
29.626	1	76	186	235.164	0
29.627	1	82	187	2537.06	0
29.628	1	184	188	229.129	0
29.629	1	68	189	21.9731	0
29.63	1	177	190	148.063	0
29.631	1	24	191	144.732	0
29.632	1	117	192	90.1396	0
29.633	1	159	193	663.819	0
29.634	1	22	194	423.435	0
29.635	1	137	195	337.257	0
29.636	1	156	196	324.749	0
29.637	1	25	197	271.907	0
29.638	1	50	198	180.716	0
29.639	1	60	199	171.192	0
29.64	1	36	200	1046.09	0
29.641	1	78	201	313.265	0
29.642	1	128	202	482.919	0
29.643	1	144	203	659.726	0
29.644	1	178	204	196.921	0
29.645	1	192	205	64.1999	0
29.646	1	146	206	825.353	0
29.647	1	140	207	419.735	0
29.648	1	45	208	266.122	0
29.649	1	130	209	89.8554	0
29.65	1	161	210	356.652	0
29.651	1	153	211	132.13	0
29.652	1	124	212	124.912	0
29.653	1	167	213	157.521	0
29.654	1	81	214	849.969	0
29.655	1	185	215	560.218	0
29.761	1	143	1	789.594	0
29.762	1	70	2	159.679	0
29.763	1	110	3	450.715	0
29.764	1	13	4	36.3397	0
29.765	1	66	5	252.399	0
29.766	1	72	6	99.8053	0
29.767	1	103	7	720.291	0
29.768	1	92	8	669.505	0
29.769	1	157	9	464.121	0
29.77	1	27	10	148.644	0
29.771	1	58	11	6846.62	0
29.772	1	115	12	193.75	0
29.773	1	48	13	270.348	0
29.774	1	37	14	4757.61	0
29.775	1	135	15	185.002	0
29.776	1	193	16	350.192	0
29.777	1	197	17	192.532	0
29.778	1	38	18	108.742	0
29.779	1	189	19	1517.14	0
29.78	1	40	20	3295.49	0
29.781	1	142	21	110.829	0
29.782	1	86	22	1467.87	0
29.783	1	100	23	2802.77	0
29.784	1	166	24	102.467	0
29.785	1	118	25	573.09	0
29.786	1	49	26	789.101	0
29.787	1	196	27	822.401	0
29.788	1	119	28	126.421	0
29.789	1	200	29	116.916	0
29.79	1	55	30	141.413	0
29.791	1	95	31	331.6	0
29.792	1	107	32	103.268	0
29.793	1	101	33	133.182	0
29.794	1	116	34	1130.77	0
29.795	1	61	35	143.488	0
29.796	1	111	36	330.437	0
29.797	1	3	37	103.827	0
29.798	1	4	38	132.101	0
29.799	1	195	39	413.922	0
29.8	1	30	40	1610.96	0
29.801	1	91	41	238.136	0
29.802	1	35	42	177.449	0
29.803	1	19	43	157.234	0
29.804	1	176	44	263.536	0
29.805	1	32	45	40.7839	0
29.806	1	126	46	238.957	0
29.807	1	151	47	6577.23	0
29.808	1	160	48	365.142	0
29.809	1	79	49	1723.88	0
29.81	1	171	50	58.3423	0
29.811	1	175	51	1371.43	0
29.812	1	17	52	159.271	0
29.813	1	174	53	48.657	0
29.814	1	74	54	500.95	0
29.815	1	39	55	188.58	0
29.816	1	179	56	79.6118	0
29.817	1	194	57	1277.09	0
29.818	1	28	58	315.95	0
29.819	1	80	59	52.5973	0
29.82	1	105	60	91.5985	0
29.821	1	168	61	801.354	0
29.822	1	73	62	1747.3	0
29.823	1	141	63	53.7868	0
29.824	1	53	64	506.526	0
29.825	1	163	65	229.09	0
29.826	1	62	66	411.99	0
29.827	1	89	67	1593.85	0
29.828	1	173	68	224.262	0
29.829	1	112	69	295.684	0
29.83	1	93	70	75.0833	0
29.831	1	136	71	61.9598	0
29.832	1	121	72	221.007	0
29.833	1	85	73	83.0879	0
29.834	1	2	74	93.9579	0
29.835	1	158	75	1628.36	0
29.836	1	14	76	221.604	0
29.837	1	1	77	415.555	0
29.838	1	133	78	105.549	0
29.839	1	34	79	136.968	0
29.84	1	18	80	115.451	0
29.841	1	149	81	474.626	0
29.842	1	108	82	548.89	0
29.843	1	97	83	1960.3	0
29.844	1	148	84	55.9555	0
29.845	1	51	85	1256.52	0
29.846	1	9	86	627.21	0
29.847	1	132	87	245.202	0
29.848	1	181	88	116.006	0
29.849	1	43	89	205.051	0
29.85	1	84	90	109.139	0
29.851	1	183	91	519.213	0
29.852	1	44	92	658.373	0
29.853	1	77	93	277.811	0
29.854	1	31	94	499.278	0
29.855	1	57	95	141.833	0
29.856	1	172	96	96.8843	0
29.857	1	47	97	495.22	0
29.858	1	187	98	409.193	0
29.859	1	180	99	119.245	0
29.86	1	147	100	5402.68	0
29.861	1	46	101	721.637	0
29.862	1	155	102	171.738	0
29.863	1	21	103	482.489	0
29.864	1	6	104	146.514	0
29.865	1	29	105	41.3971	0
29.866	1	182	106	203.648	0
29.868	1	96	108	147.004	0
29.869	1	42	109	689.179	0
29.87	1	165	110	787.871	0
29.871	1	69	111	9897.75	0
29.872	1	88	112	614.801	0
29.873	1	188	113	883.429	0
29.874	1	152	114	820.578	0
29.875	1	162	115	117.115	0
29.876	1	11	116	281.721	0
29.877	1	139	117	1491.02	0
29.878	1	98	118	192.754	0
29.879	1	23	119	735.303	0
29.88	1	10	120	1277.25	0
29.881	1	12	121	320.589	0
29.882	1	120	122	1206.04	0
29.883	1	150	123	95.7744	0
29.884	1	8	124	296.349	0
29.885	1	16	125	769.941	0
29.886	1	169	126	112.548	0
29.887	1	94	127	140.024	0
29.888	1	170	128	2552.58	0
29.889	1	54	129	185.392	0
29.89	1	125	130	539.33	0
29.891	1	90	131	1234.76	0
29.892	1	134	132	133.892	0
29.893	1	186	133	6883.7	0
29.894	1	67	134	4267.65	0
29.895	1	102	135	11727.3	0
29.896	1	63	136	7005.65	0
29.897	1	145	137	1029.87	0
29.898	1	127	138	132.763	0
29.9	1	154	140	759.488	0
29.901	1	20	141	71.4323	0
29.902	1	52	142	118.61	0
29.903	1	138	143	475.152	0
29.904	1	83	144	49.9527	0
29.905	1	5	145	4069.76	0
29.906	1	109	146	291.991	0
29.907	1	33	147	1256.39	0
29.908	1	123	148	71.4986	0
29.909	1	99	149	3309.45	0
29.91	1	104	150	113.039	0
29.911	1	113	151	953.013	0
29.912	1	106	152	247.7	0
29.913	1	65	153	121.543	0
29.914	1	129	154	408.207	0
29.915	1	199	155	121.256	0
29.923	1	64	163	208.655	0
29.924	1	59	164	1311.64	0
29.925	1	114	165	316.668	0
29.926	1	198	166	74.3405	0
29.927	1	41	167	210.879	0
29.928	1	56	168	411.269	0
29.929	1	190	169	116.744	0
29.93	1	75	170	83.8443	0
29.931	1	87	171	1041.05	0
29.932	1	26	172	5766.24	0
29.933	1	15	173	91.6139	0
29.934	1	7	174	87.151	0
29.935	1	164	175	477.78	0
29.936	1	191	176	267.592	0
29.937	1	131	177	166.036	0
29.938	1	122	178	158.096	0
29.945	1	71	185	226.073	0
29.946	1	76	186	100.859	0
29.947	1	82	187	3027.64	0
29.948	1	184	188	286.677	0
29.949	1	68	189	99.1307	0
29.95	1	177	190	82.8239	0
29.951	1	24	191	125.139	0
29.952	1	117	192	27.4157	0
29.953	1	159	193	4386.4	0
29.954	1	22	194	500.089	0
29.955	1	137	195	663.759	0
29.956	1	156	196	165.194	0
29.957	1	25	197	160.9	0
29.958	1	50	198	235.263	0
29.959	1	60	199	74.3287	0
29.96	1	36	200	548.601	0
29.961	1	78	201	105.461	0
29.962	1	128	202	588.171	0
29.963	1	144	203	3139.14	0
29.964	1	178	204	133.665	0
29.965	1	192	205	107.066	0
29.966	1	146	206	498.54	0
29.967	1	140	207	1691.16	0
29.968	1	45	208	85.0256	0
29.969	1	130	209	99.652	0
29.97	1	161	210	1792.65	0
29.971	1	153	211	110.571	0
29.972	1	124	212	232.593	0
29.973	1	167	213	298.109	0
29.974	1	81	214	734.055	0
29.975	1	185	215	613.566	0
