<?xml version="1.0" encoding="UTF-8"?>
<osm version="0.6" generator="Overpass API 0.7.62.11 87bfad18">
<note>The data included in this document is from www.openstreetmap.org. The data is made available under ODbL.</note>
<meta osm_base="2026-06-08T06:09:44Z"/>

  <node id="139284" lat="48.4006496" lon="11.5906434"/>
  <node id="139285" lat="48.4025996" lon="11.5900963"/>
  <node id="139286" lat="48.4025575" lon="11.5898626"/>
  <node id="139287" lat="48.4005739" lon="11.5904474"/>
  <node id="139291" lat="48.4047448" lon="11.5898612"/>
  <node id="139292" lat="48.4109893" lon="11.5898115"/>
  <node id="139293" lat="48.4120755" lon="11.5895065"/>
  <node id="139294" lat="48.4047407" lon="11.5896159"/>
  <node id="139299" lat="48.4266149" lon="11.5895906">
    <tag k="TMC:cid_58:tabcd_1:Class" v="Point"/>
    <tag k="TMC:cid_58:tabcd_1:Direction" v="positive"/>
    <tag k="TMC:cid_58:tabcd_1:LCLversion" v="13.0"/>
    <tag k="TMC:cid_58:tabcd_1:LocationCode" v="12732"/>
    <tag k="TMC:cid_58:tabcd_1:NextLocationCode" v="60600"/>
    <tag k="TMC:cid_58:tabcd_1:PrevLocationCode" v="60599"/>
    <tag k="highway" v="motorway_junction"/>
    <tag k="name" v="Allershausen"/>
    <tag k="ref" v="67"/>
  </node>
  <node id="139300" lat="48.4286767" lon="11.5895650"/>
  <node id="139301" lat="48.4277122" lon="11.5905079"/>
  <node id="139302" lat="48.4283330" lon="11.5910035"/>
  <node id="139303" lat="48.4279418" lon="11.5901051"/>
  <node id="139304" lat="48.4286720" lon="11.5910445">
    <tag k="name" v="Allershausen"/>
    <tag k="traffic_sign" v="city_limit"/>
  </node>
  <node id="139305" lat="48.4294560" lon="11.5911151"/>
  <node id="139308" lat="48.4325734" lon="11.5894833"/>
  <node id="139309" lat="48.4325570" lon="11.5892243"/>
  <node id="139310" lat="48.4426626" lon="11.5894126"/>
  <node id="139311" lat="48.4425444" lon="11.5891374"/>
  <node id="139312" lat="48.4452171" lon="11.5896619"/>
  <node id="139317" lat="48.4450888" lon="11.5893755"/>
  <node id="139318" lat="48.4551956" lon="11.5909957"/>
  <node id="139319" lat="48.4572861" lon="11.5909941"/>
  <node id="139320" lat="48.4585811" lon="11.5908207"/>
  <node id="139321" lat="48.4604801" lon="11.5902779"/>
  <node id="139324" lat="48.4604720" lon="11.5900309"/>
  <node id="139325" lat="48.4586009" lon="11.5905726"/>
  <node id="139326" lat="48.4573056" lon="11.5907495"/>
  <node id="139327" lat="48.4552080" lon="11.5907628"/>
  <node id="17205269" lat="48.4403023" lon="11.5886847"/>
  <node id="17205271" lat="48.4368885" lon="11.5821057"/>
  <node id="17205272" lat="48.4284682" lon="11.5875295"/>
  <node id="17205273" lat="48.4306340" lon="11.5886134"/>
  <node id="17205274" lat="48.4325998" lon="11.5791606"/>
  <node id="17205275" lat="48.4322509" lon="11.5798151"/>
  <node id="17205276" lat="48.4308767" lon="11.5862433"/>
  <node id="17205277" lat="48.4284710" lon="11.5856220"/>
  <node id="17205278" lat="48.4359418" lon="11.5822022"/>
  <node id="17205281" lat="48.4329852" lon="11.5790914"/>
  <node id="17205282" lat="48.4285856" lon="11.5858448"/>
  <node id="17205284" lat="48.4297575" lon="11.5861800"/>
  <node id="17205285" lat="48.4314002" lon="11.5805446"/>
  <node id="17205287" lat="48.4292059" lon="11.5815719"/>
  <node id="17205288" lat="48.4310033" lon="11.5869267"/>
  <node id="17205290" lat="48.4288850" lon="11.5859150"/>
  <node id="17205291" lat="48.4335183" lon="11.5792800"/>
  <node id="17205294" lat="48.4337743" lon="11.5795147"/>
  <node id="17205295" lat="48.4291985" lon="11.5808006"/>
  <node id="17205297" lat="48.4331314" lon="11.5792013"/>
  <node id="17205298" lat="48.4278942" lon="11.5885264"/>
  <node id="17205299" lat="48.4281998" lon="11.5891516"/>
  <node id="17205300" lat="48.4397538" lon="11.5873998"/>
  <node id="17205301" lat="48.4346356" lon="11.5809362"/>
  <node id="17205302" lat="48.4297700" lon="11.5807324"/>
  <node id="17205303" lat="48.4317800" lon="11.5802933"/>
  <node id="17205304" lat="48.4307783" lon="11.5861467"/>
  <node id="17205305" lat="48.4290804" lon="11.5825042"/>
  <node id="17205307" lat="48.4351161" lon="11.5812796"/>
  <node id="17205308" lat="48.4327528" lon="11.5790480"/>
  <node id="17205309" lat="48.4404503" lon="11.5889811"/>
  <node id="17205311" lat="48.4286381" lon="11.5872973"/>
  <node id="17205313" lat="48.4282571" lon="11.5876398"/>
  <node id="17205379" lat="48.4403556" lon="11.5890979"/>
  <node id="17205380" lat="48.4286810" lon="11.5892856">
    <tag k="TMC:cid_58:tabcd_1:Class" v="Point"/>
    <tag k="TMC:cid_58:tabcd_1:Direction" v="negative"/>
    <tag k="TMC:cid_58:tabcd_1:LCLversion" v="9.00"/>
    <tag k="TMC:cid_58:tabcd_1:LocationCode" v="12732"/>
    <tag k="TMC:cid_58:tabcd_1:NextLocationCode" v="60600"/>
    <tag k="TMC:cid_58:tabcd_1:PrevLocationCode" v="60599"/>
    <tag k="highway" v="motorway_junction"/>
    <tag k="name" v="Allershausen"/>
    <tag k="ref" v="67"/>
  </node>
  <node id="17205434" lat="48.4305998" lon="11.5960720"/>
  <node id="17205435" lat="48.4310230" lon="11.6111379"/>
  <node id="17205437" lat="48.4248190" lon="11.6105431"/>
  <node id="17205438" lat="48.4247917" lon="11.6107583"/>
  <node id="17205439" lat="48.4313576" lon="11.6071200"/>
  <node id="17205440" lat="48.4291321" lon="11.6144250">
    <tag k="bus" v="yes"/>
    <tag k="name" v="Tünzhausen, Abzweigung"/>
    <tag k="network" v="Münchner Verkehrs- und Tarifverbund"/>
    <tag k="public_transport" v="stop_position"/>
  </node>
  <node id="17205441" lat="48.4296202" lon="11.6137636"/>
  <node id="17205442" lat="48.4248419" lon="11.6112679"/>
  <node id="17205444" lat="48.4302731" lon="11.5985096">
    <tag k="TMC:cid_58:tabcd_1:Class" v="Point"/>
    <tag k="TMC:cid_58:tabcd_1:Direction" v="both"/>
    <tag k="TMC:cid_58:tabcd_1:LCLversion" v="8.00"/>
    <tag k="TMC:cid_58:tabcd_1:LocationCode" v="27528"/>
    <tag k="TMC:cid_58:tabcd_1:NextLocationCode" v="35056"/>
    <tag k="highway" v="traffic_signals"/>
  </node>
  <node id="17205446" lat="48.4302417" lon="11.6009733"/>
  <node id="17205447" lat="48.4251850" lon="11.6117183"/>
  <node id="17205448" lat="48.4278604" lon="11.6131609"/>
  <node id="17205449" lat="48.4314194" lon="11.6085577">
    <tag k="name" v="Allershausen"/>
    <tag k="traffic_sign" v="city_limit"/>
  </node>
  <node id="17205451" lat="48.4302767" lon="11.5998567"/>
  <node id="17205452" lat="48.4247167" lon="11.6115900"/>
  <node id="17205454" lat="48.4258700" lon="11.6119733"/>
  <node id="17205455" lat="48.4302503" lon="11.5988299"/>
  <node id="17205456" lat="48.4247712" lon="11.6112723"/>
  <node id="17205457" lat="48.4282985" lon="11.5858371">
    <tag k="tmc" v="DE:35042"/>
  </node>
  <node id="17205459" lat="48.4253850" lon="11.6118650"/>
  <node id="17205460" lat="48.4248667" lon="11.6112583"/>
  <node id="17205461" lat="48.4306183" lon="11.6029400"/>
  <node id="17205462" lat="48.4288001" lon="11.6140363"/>
  <node id="17205463" lat="48.4305338" lon="11.5976028"/>
  <node id="17205482" lat="48.4284890" lon="11.5860388"/>
  <node id="17216145" lat="48.4271744" lon="11.5890128"/>
  <node id="17216147" lat="48.4279387" lon="11.5858597"/>
  <node id="17216148" lat="48.4279235" lon="11.5855361"/>
  <node id="17216149" lat="48.4280424" lon="11.5849292"/>
  <node id="17216151" lat="48.4282190" lon="11.5849312"/>
  <node id="17216152" lat="48.4283880" lon="11.5849686"/>
  <node id="17216153" lat="48.4282491" lon="11.5855173"/>
  <node id="17216154" lat="48.4280133" lon="11.5855251"/>
  <node id="20910677" lat="48.4351749" lon="11.5994274"/>
  <node id="20910678" lat="48.4351321" lon="11.5983652"/>
  <node id="20910679" lat="48.4346071" lon="11.5965065"/>
  <node id="20910680" lat="48.4344211" lon="11.5942610"/>
  <node id="20910681" lat="48.4339257" lon="11.5943125"/>
  <node id="20910682" lat="48.4333294" lon="11.5951895"/>
  <node id="20910683" lat="48.4315800" lon="11.5962785"/>
  <node id="21493706" lat="48.4272254" lon="11.5858591">
    <tag k="name" v="Allershausen"/>
    <tag k="traffic_sign" v="city_limit"/>
  </node>
  <node id="21493707" lat="48.4261731" lon="11.5860161">
    <tag k="created_by" v="JOSM"/>
  </node>
  <node id="21493708" lat="48.4244949" lon="11.5865812">
    <tag k="created_by" v="JOSM"/>
  </node>
  <node id="21493709" lat="48.4234434" lon="11.5867988">
    <tag k="created_by" v="JOSM"/>
  </node>
  <node id="21493710" lat="48.4195074" lon="11.5869619">
    <tag k="created_by" v="JOSM"/>
  </node>
  <node id="21493711" lat="48.4185942" lon="11.5870513">
    <tag k="created_by" v="JOSM"/>
  </node>
  <node id="21493712" lat="48.4160587" lon="11.5879009">
    <tag k="created_by" v="JOSM"/>
  </node>
  <node id="21493713" lat="48.4154237" lon="11.5879092">
    <tag k="created_by" v="JOSM"/>
  </node>
  <node id="21493714" lat="48.4149713" lon="11.5878307"/>
  <node id="21494845" lat="48.4159726" lon="11.5931591"/>
  <node id="21494848" lat="48.4161948" lon="11.5934111"/>
  <node id="21494850" lat="48.4188578" lon="11.5934032"/>
  <node id="21494851" lat="48.4207493" lon="11.5938987"/>
  <node id="21494852" lat="48.4218329" lon="11.5938801"/>
  <node id="21494853" lat="48.4227662" lon="11.5936163"/>
  <node id="21494854" lat="48.4236601" lon="11.5939856">
    <tag k="name" v="Allershausen"/>
    <tag k="traffic_sign" v="city_limit"/>
  </node>
  <node id="21494855" lat="48.4241639" lon="11.5941968"/>
  <node id="21494856" lat="48.4251822" lon="11.5942267"/>
  <node id="21494859" lat="48.4289426" lon="11.5960617"/>
  <node id="21494860" lat="48.4292183" lon="11.5968230"/>
  <node id="21494861" lat="48.4296374" lon="11.5986212">
    <tag k="created_by" v="JOSM"/>
  </node>
  <node id="21494862" lat="48.4147120" lon="11.5918747"/>
  <node id="21494863" lat="48.4151609" lon="11.5923349">
    <tag k="created_by" v="JOSM"/>
  </node>
  <node id="21494864" lat="48.4195377" lon="11.5935773"/>
  <node id="21494866" lat="48.4285695" lon="11.5765850"/>
  <node id="21494867" lat="48.4279152" lon="11.5738163"/>
  <node id="21494868" lat="48.4276290" lon="11.5706151"/>
  <node id="21494869" lat="48.4273734" lon="11.5697443"/>
  <node id="21494870" lat="48.4265442" lon="11.5667236"/>
  <node id="21494871" lat="48.4267030" lon="11.5603919"/>
  <node id="21494872" lat="48.4268610" lon="11.5575100"/>
  <node id="21518691" lat="48.4304285" lon="11.5806841"/>
  <node id="21518692" lat="48.4301634" lon="11.5774038"/>
  <node id="21646526" lat="48.4626670" lon="11.5891706">
    <tag k="TMC:cid_58:tabcd_1:Class" v="Point"/>
    <tag k="TMC:cid_58:tabcd_1:Direction" v="negative"/>
    <tag k="TMC:cid_58:tabcd_1:LCLversion" v="8.00"/>
    <tag k="TMC:cid_58:tabcd_1:LocationCode" v="60600"/>
    <tag k="TMC:cid_58:tabcd_1:NextLocationCode" v="60601"/>
    <tag k="TMC:cid_58:tabcd_1:PrevLocationCode" v="12732"/>
  </node>
  <node id="21666470" lat="48.4159215" lon="11.5980356"/>
  <node id="21666661" lat="48.4162517" lon="11.5974886"/>
  <node id="21666692" lat="48.4162910" lon="11.5970017"/>
  <node id="26044221" lat="48.4305998" lon="11.5985869"/>
  <node id="26044223" lat="48.4309811" lon="11.5988517"/>
  <node id="26044234" lat="48.4348136" lon="11.6002562"/>
  <node id="26044236" lat="48.4361477" lon="11.6013592"/>
  <node id="26044238" lat="48.4377677" lon="11.6016274"/>
  <node id="26044239" lat="48.4394516" lon="11.6014884"/>
  <node id="26044240" lat="48.4419924" lon="11.6021498"/>
  <node id="26044241" lat="48.4444131" lon="11.6019880"/>
  <node id="26044242" lat="48.4466101" lon="11.6026505"/>
  <node id="26044243" lat="48.4493949" lon="11.6054185"/>
  <node id="26044245" lat="48.4532713" lon="11.6117581"/>
  <node id="26044246" lat="48.4552382" lon="11.6164704"/>
  <node id="26044247" lat="48.4564060" lon="11.6202813"/>
  <node id="26044249" lat="48.4568968" lon="11.6239750">
    <tag k="name" v="Nörting"/>
    <tag k="traffic_sign" v="city_limit"/>
  </node>
  <node id="26167408" lat="48.4334753" lon="11.5992450"/>
  <node id="26167410" lat="48.4320943" lon="11.5992504"/>
  <node id="26424687" lat="48.4162576" lon="11.6227053"/>
  <node id="26424688" lat="48.4178784" lon="11.6241574"/>
  <node id="26424691" lat="48.4286114" lon="11.6154440"/>
  <node id="26424692" lat="48.4281313" lon="11.6175655"/>
  <node id="26424693" lat="48.4264659" lon="11.6209830"/>
  <node id="26424694" lat="48.4259330" lon="11.6222422"/>
  <node id="26424695" lat="48.4244160" lon="11.6231235"/>
  <node id="26424696" lat="48.4231558" lon="11.6225937"/>
  <node id="26424697" lat="48.4223725" lon="11.6225442"/>
  <node id="26424698" lat="48.4214614" lon="11.6230748"/>
  <node id="26424983" lat="48.4393163" lon="11.6236469"/>
  <node id="26424984" lat="48.4398334" lon="11.6232365"/>
  <node id="26424985" lat="48.4404541" lon="11.6229825">
    <tag k="created_by" v="JOSM"/>
  </node>
  <node id="26424986" lat="48.4407090" lon="11.6229565">
    <tag k="name" v="Tünzhausen"/>
    <tag k="traffic_sign" v="city_limit"/>
  </node>
  <node id="26424987" lat="48.4410804" lon="11.6230290"/>
  <node id="26424988" lat="48.4418463" lon="11.6232421"/>
  <node id="26424989" lat="48.4371509" lon="11.6231093"/>
  <node id="26424990" lat="48.4365736" lon="11.6231098"/>
  <node id="26424991" lat="48.4347062" lon="11.6204934"/>
  <node id="26424992" lat="48.4336070" lon="11.6193938"/>
  <node id="26424993" lat="48.4313855" lon="11.6162928"/>
  <node id="26424994" lat="48.4295348" lon="11.6152037">
    <tag k="created_by" v="JOSM"/>
  </node>
  <node id="26424996" lat="48.4399565" lon="11.6248926"/>
  <node id="26424997" lat="48.4401128" lon="11.6263762">
    <tag k="name" v="Tünzhausen"/>
    <tag k="traffic_sign" v="city_limit"/>
  </node>
  <node id="26539236" lat="48.4605637" lon="11.5923388"/>
  <node id="26539237" lat="48.4598097" lon="11.5939446"/>
  <node id="26539238" lat="48.4584258" lon="11.5965897"/>
  <node id="26539239" lat="48.4574237" lon="11.5987872">
    <tag k="name" v="Aiterbach"/>
    <tag k="traffic_sign" v="city_limit"/>
  </node>
  <node id="26539240" lat="48.4568201" lon="11.5993233"/>
  <node id="26539241" lat="48.4565665" lon="11.6005652"/>
  <node id="26539242" lat="48.4554501" lon="11.6026224"/>
  <node id="26539243" lat="48.4542018" lon="11.6041950"/>
  <node id="26539244" lat="48.4523870" lon="11.6050940"/>
  <node id="26539245" lat="48.4516583" lon="11.6058407"/>
  <node id="26545702" lat="48.4143357" lon="11.6224373"/>
  <node id="26545721" lat="48.4146191" lon="11.6208685"/>
  <node id="26545729" lat="48.4196425" lon="11.6188039"/>
  <node id="26545730" lat="48.4189979" lon="11.6189646"/>
  <node id="27153839" lat="48.4399568" lon="11.6256149"/>
  <node id="27153840" lat="48.4397738" lon="11.6243103"/>
  <node id="27153925" lat="48.4274780" lon="11.6193281"/>
  <node id="27155952" lat="48.4523993" lon="11.6267714">
    <tag k="created_by" v="JOSM"/>
  </node>
  <node id="27155954" lat="48.4511580" lon="11.6278803"/>
  <node id="27155956" lat="48.4498915" lon="11.6283201"/>
  <node id="27155959" lat="48.4488286" lon="11.6293998">
    <tag k="created_by" v="JOSM"/>
  </node>
  <node id="27155961" lat="48.4476313" lon="11.6306349">
    <tag k="created_by" v="JOSM"/>
  </node>
  <node id="27155962" lat="48.4472091" lon="11.6298160">
    <tag k="created_by" v="JOSM"/>
  </node>
  <node id="27155964" lat="48.4470327" lon="11.6291294">
    <tag k="created_by" v="JOSM"/>
  </node>
  <node id="27155967" lat="48.4462029" lon="11.6279748">
    <tag k="created_by" v="JOSM"/>
  </node>
  <node id="27155970" lat="48.4454385" lon="11.6272411">
    <tag k="created_by" v="JOSM"/>
  </node>
  <node id="27155973" lat="48.4453589" lon="11.6262028"/>
  <node id="27155976" lat="48.4440208" lon="11.6265116">
    <tag k="created_by" v="JOSM"/>
  </node>
  <node id="27155978" lat="48.4436405" lon="11.6249887"/>
  <node id="27155981" lat="48.4433662" lon="11.6231342"/>
  <node id="27155983" lat="48.4431627" lon="11.6228748"/>
  <node id="27155986" lat="48.4428836" lon="11.6227423"/>
  <node id="27155989" lat="48.4422536" lon="11.6231295">
    <tag k="created_by" v="JOSM"/>
  </node>
  <node id="27156026" lat="48.4571707" lon="11.6251337"/>
  <node id="27160708" lat="48.4222000" lon="11.6186744"/>
  <node id="27247867" lat="48.4286594" lon="11.5556645"/>
  <node id="27247868" lat="48.4309838" lon="11.5562921"/>
  <node id="27247874" lat="48.4337518" lon="11.5568302"/>
  <node id="27247878" lat="48.4352834" lon="11.5548487"/>
  <node id="27401248" lat="48.4489000" lon="11.5739236"/>
  <node id="59770153" lat="48.4288951" lon="11.5888739">
    <tag k="TMC:cid_58:tabcd_1:Class" v="Point"/>
    <tag k="TMC:cid_58:tabcd_1:Direction" v="both"/>
    <tag k="TMC:cid_58:tabcd_1:LCLversion" v="8.00"/>
    <tag k="TMC:cid_58:tabcd_1:LocationCode" v="35042"/>
    <tag k="TMC:cid_58:tabcd_1:PrevLocationCode" v="35041"/>
  </node>
  <node id="59770154" lat="48.4291781" lon="11.5900662"/>
  <node id="83028058" lat="48.4292717" lon="11.5903860"/>
  <node id="83028059" lat="48.4290001" lon="11.5910663"/>
  <node id="248968314" lat="48.4308654" lon="11.5987766"/>
  <node id="248968328" lat="48.4311124" lon="11.6052645"/>
  <node id="248968329" lat="48.4309757" lon="11.6044491">
    <tag k="created_by" v="JOSM"/>
  </node>
  <node id="253861015" lat="48.4615469" lon="11.5910333"/>
  <node id="256406002" lat="48.4350247" lon="11.5919350">
    <tag k="created_by" v="JOSM"/>
  </node>
  <node id="256406004" lat="48.4353042" lon="11.5897624"/>
  <node id="256406005" lat="48.4352867" lon="11.5888794"/>
  <node id="256406006" lat="48.4362675" lon="11.5870611"/>
  <node id="256406007" lat="48.4367535" lon="11.5860713"/>
  <node id="256406008" lat="48.4372456" lon="11.5850943">
    <tag k="name" v="Unterkienberg"/>
    <tag k="traffic_sign" v="city_limit"/>
  </node>
  <node id="256406010" lat="48.4380599" lon="11.5847166"/>
  <node id="256406011" lat="48.4375469" lon="11.5829586"/>
  <node id="256406012" lat="48.4375833" lon="11.5828562"/>
  <node id="256406013" lat="48.4382092" lon="11.5823848"/>
  <node id="256406015" lat="48.4386536" lon="11.5821719"/>
  <node id="256406016" lat="48.4394402" lon="11.5825831"/>
  <node id="256406017" lat="48.4396456" lon="11.5822500"/>
  <node id="256406018" lat="48.4392769" lon="11.5805638">
    <tag k="traffic_sign" v="city_limit"/>
  </node>
  <node id="256406019" lat="48.4383622" lon="11.5758941"/>
  <node id="256406021" lat="48.4379616" lon="11.5722191"/>
  <node id="256406022" lat="48.4381566" lon="11.5685240"/>
  <node id="256406023" lat="48.4379024" lon="11.5638735"/>
  <node id="256406024" lat="48.4364633" lon="11.5587268"/>
  <node id="256406026" lat="48.4359534" lon="11.5570761"/>
  <node id="256406027" lat="48.4372479" lon="11.5826475"/>
  <node id="256406028" lat="48.4362479" lon="11.5821647"/>
  <node id="256406029" lat="48.4357158" lon="11.5818643"/>
  <node id="257822618" lat="48.4438329" lon="11.6259365"/>
  <node id="257822619" lat="48.4438336" lon="11.6263371"/>
  <node id="257823508" lat="48.4450857" lon="11.6259717"/>
  <node id="257823509" lat="48.4457346" lon="11.6277046"/>
  <node id="257823510" lat="48.4473629" lon="11.6303224"/>
  <node id="257903903" lat="48.4161776" lon="11.5977980"/>
  <node id="257904907" lat="48.4162706" lon="11.5937733"/>
  <node id="257904908" lat="48.4163063" lon="11.5962624"/>
  <node id="257904912" lat="48.4163167" lon="11.5934355"/>
  <node id="257917778" lat="48.4277630" lon="11.5717677"/>
  <node id="257917779" lat="48.4269861" lon="11.5687401"/>
  <node id="257917780" lat="48.4267224" lon="11.5678361"/>
  <node id="257917781" lat="48.4264249" lon="11.5626221"/>
  <node id="257917782" lat="48.4264796" lon="11.5618889"/>
  <node id="257917783" lat="48.4268153" lon="11.5585865"/>
  <node id="257917818" lat="48.4285877" lon="11.5845954"/>
  <node id="257917819" lat="48.4287977" lon="11.5835095"/>
  <node id="257917821" lat="48.4291215" lon="11.5794785"/>
  <node id="257917823" lat="48.4278164" lon="11.5730753"/>
  <node id="257917903" lat="48.4292130" lon="11.5908672"/>
  <node id="257917930" lat="48.4280740" lon="11.5898115"/>
  <node id="257917936" lat="48.4279715" lon="11.5906183"/>
  <node id="257917937" lat="48.4278959" lon="11.5907706"/>
  <node id="257917942" lat="48.4271172" lon="11.5897827"/>
  <node id="257926059" lat="48.4275057" lon="11.5886401"/>
  <node id="257926101" lat="48.4285665" lon="11.5866512">
    <tag k="TMC:cid_58:tabcd_1:Class" v="Point"/>
    <tag k="TMC:cid_58:tabcd_1:Direction" v="both"/>
    <tag k="TMC:cid_58:tabcd_1:LCLversion" v="8.00"/>
    <tag k="TMC:cid_58:tabcd_1:LocationCode" v="27428"/>
    <tag k="TMC:cid_58:tabcd_1:NextLocationCode" v="35055"/>
    <tag k="TMC:cid_58:tabcd_1:PrevLocationCode" v="27427"/>
  </node>
  <node id="257926102" lat="48.4284966" lon="11.5872936"/>
  <node id="257926150" lat="48.4283870" lon="11.5856342"/>
  <node id="257926151" lat="48.4283061" lon="11.5859040"/>
  <node id="257926152" lat="48.4285570" lon="11.5859641"/>
  <node id="257926153" lat="48.4285818" lon="11.5857839"/>
  <node id="257926295" lat="48.4294181" lon="11.5860779"/>
  <node id="257926325" lat="48.4293782" lon="11.5866958"/>
  <node id="257926326" lat="48.4294010" lon="11.5872537"/>
  <node id="257926328" lat="48.4294921" lon="11.5880605"/>
  <node id="257926329" lat="48.4295320" lon="11.5886013"/>
  <node id="257926350" lat="48.4290170" lon="11.5833282"/>
  <node id="257926351" lat="48.4290479" lon="11.5841982"/>
  <node id="257926352" lat="48.4290593" lon="11.5848848"/>
  <node id="257926353" lat="48.4291105" lon="11.5859920"/>
  <node id="257926498" lat="48.4283481" lon="11.5816391"/>
  <node id="257926614" lat="48.4285212" lon="11.5838580"/>
  <node id="257926615" lat="48.4284778" lon="11.5840437"/>
  <node id="257926616" lat="48.4278198" lon="11.5842714"/>
  <node id="257926732" lat="48.4226647" lon="11.5856850"/>
  <node id="257926733" lat="48.4228659" lon="11.5868455"/>
  <node id="257926822" lat="48.4229137" lon="11.5876314"/>
  <node id="257926824" lat="48.4229707" lon="11.5890648"/>
  <node id="257926826" lat="48.4230066" lon="11.5899432"/>
  <node id="257926828" lat="48.4230208" lon="11.5906888"/>
  <node id="257926830" lat="48.4230903" lon="11.5914935"/>
  <node id="257926832" lat="48.4231187" lon="11.5936727"/>
  <node id="257926870" lat="48.4221903" lon="11.5936996"/>
  <node id="257926871" lat="48.4214769" lon="11.5939441"/>
  <node id="257926872" lat="48.4183475" lon="11.5933966"/>
  <node id="257926995" lat="48.4192563" lon="11.5940403"/>
  <node id="257926996" lat="48.4191468" lon="11.5942226"/>
  <node id="257926997" lat="48.4186557" lon="11.5946140"/>
  <node id="257926998" lat="48.4185386" lon="11.5946991"/>
  <node id="257926999" lat="48.4181460" lon="11.5950128"/>
  <node id="257927000" lat="48.4172205" lon="11.5960012"/>
  <node id="257927132" lat="48.4162955" lon="11.5966808"/>
  <node id="257927133" lat="48.4152924" lon="11.5966929"/>
  <node id="257927364" lat="48.4162995" lon="11.5968665"/>
  <node id="257927365" lat="48.4164464" lon="11.5969214"/>
  <node id="257927366" lat="48.4170090" lon="11.5969839"/>
  <node id="257927367" lat="48.4179619" lon="11.5971524"/>
  <node id="257927368" lat="48.4188230" lon="11.5969038"/>
  <node id="257927369" lat="48.4190876" lon="11.5967350"/>
  <node id="257927370" lat="48.4203077" lon="11.5964075"/>
  <node id="257927371" lat="48.4208373" lon="11.5962626"/>
  <node id="257927372" lat="48.4218895" lon="11.5960465"/>
  <node id="257927373" lat="48.4220922" lon="11.5960664"/>
  <node id="257927374" lat="48.4223318" lon="11.5963287"/>
  <node id="257927375" lat="48.4227230" lon="11.5970068"/>
  <node id="257927376" lat="48.4232081" lon="11.5977280"/>
  <node id="257927377" lat="48.4233843" lon="11.5978912"/>
  <node id="257927378" lat="48.4237026" lon="11.5980450"/>
  <node id="257927380" lat="48.4246675" lon="11.5980868"/>
  <node id="257927381" lat="48.4251371" lon="11.5981585"/>
  <node id="257927382" lat="48.4255253" lon="11.5982436"/>
  <node id="257943264" lat="48.4344406" lon="11.5553637"/>
  <node id="257943310" lat="48.4346285" lon="11.5559944"/>
  <node id="257943311" lat="48.4344805" lon="11.5558100"/>
  <node id="257943496" lat="48.4364223" lon="11.5571146"/>
  <node id="257943497" lat="48.4362458" lon="11.5572005"/>
  <node id="257943498" lat="48.4361604" lon="11.5571404"/>
  <node id="257943499" lat="48.4357276" lon="11.5561791"/>
  <node id="257943687" lat="48.4452251" lon="11.5544110"/>
  <node id="257943688" lat="48.4444964" lon="11.5544367"/>
  <node id="257943689" lat="48.4430160" lon="11.5547972"/>
  <node id="257943690" lat="48.4407613" lon="11.5554238"/>
  <node id="257943691" lat="48.4387171" lon="11.5560847"/>
  <node id="257943692" lat="48.4355567" lon="11.5555869"/>
  <node id="257943693" lat="48.4354826" lon="11.5554924"/>
  <node id="257944500" lat="48.4622366" lon="11.5620933"/>
  <node id="257944516" lat="48.4574925" lon="11.5589289"/>
  <node id="257944527" lat="48.4560478" lon="11.5536276"/>
  <node id="257945087" lat="48.4622426" lon="11.5645117"/>
  <node id="257945160" lat="48.4628547" lon="11.5820570"/>
  <node id="257945247" lat="48.4590447" lon="11.5952249"/>
  <node id="257946522" lat="48.4622645" lon="11.5898022"/>
  <node id="257947926" lat="48.4392808" lon="11.5864038"/>
  <node id="257947927" lat="48.4399436" lon="11.5879547"/>
  <node id="257947928" lat="48.4406906" lon="11.5894900"/>
  <node id="257947929" lat="48.4407659" lon="11.5896933"/>
  <node id="257947930" lat="48.4414763" lon="11.5912741"/>
  <node id="257947931" lat="48.4416694" lon="11.5914773"/>
  <node id="257947932" lat="48.4419603" lon="11.5916346"/>
  <node id="257947933" lat="48.4422678" lon="11.5916518"/>
  <node id="257947934" lat="48.4424809" lon="11.5916215"/>
  <node id="257947936" lat="48.4428080" lon="11.5917231"/>
  <node id="257947937" lat="48.4429618" lon="11.5918918"/>
  <node id="257947939" lat="48.4433097" lon="11.5924328"/>
  <node id="257947940" lat="48.4439474" lon="11.5932825"/>
  <node id="257947941" lat="48.4442321" lon="11.5937804"/>
  <node id="257947942" lat="48.4444541" lon="11.5940207"/>
  <node id="257947943" lat="48.4447957" lon="11.5943554"/>
  <node id="257947944" lat="48.4449608" lon="11.5946902"/>
  <node id="257947945" lat="48.4450975" lon="11.5951022"/>
  <node id="257947946" lat="48.4452826" lon="11.5954141"/>
  <node id="257947947" lat="48.4457010" lon="11.5959776"/>
  <node id="257947948" lat="48.4461043" lon="11.5966831"/>
  <node id="257947949" lat="48.4463671" lon="11.5971192"/>
  <node id="257947950" lat="48.4468226" lon="11.5982006"/>
  <node id="257947951" lat="48.4473520" lon="11.5991877"/>
  <node id="257947953" lat="48.4474502" lon="11.5995272"/>
  <node id="257947954" lat="48.4475573" lon="11.5999747"/>
  <node id="257947956" lat="48.4478351" lon="11.6006630"/>
  <node id="257947957" lat="48.4481099" lon="11.6013973"/>
  <node id="257947958" lat="48.4483370" lon="11.6018742"/>
  <node id="257947959" lat="48.4486672" lon="11.6024063"/>
  <node id="257947960" lat="48.4490714" lon="11.6030501"/>
  <node id="257947961" lat="48.4493889" lon="11.6036377"/>
  <node id="257947962" lat="48.4496748" lon="11.6041659"/>
  <node id="257947963" lat="48.4499835" lon="11.6048827"/>
  <node id="257947964" lat="48.4502340" lon="11.6055207"/>
  <node id="257947965" lat="48.4503751" lon="11.6061743"/>
  <node id="257947966" lat="48.4504206" lon="11.6066035"/>
  <node id="257947967" lat="48.4506087" lon="11.6068357"/>
  <node id="257947968" lat="48.4508099" lon="11.6069907"/>
  <node id="257947970" lat="48.4510327" lon="11.6070563">
    <tag k="TMC:cid_58:tabcd_1:Class" v="Point"/>
    <tag k="TMC:cid_58:tabcd_1:Direction" v="both"/>
    <tag k="TMC:cid_58:tabcd_1:LCLversion" v="8.00"/>
    <tag k="TMC:cid_58:tabcd_1:LocationCode" v="35054"/>
    <tag k="TMC:cid_58:tabcd_1:PrevLocationCode" v="35052"/>
  </node>
  <node id="257948419" lat="48.4393069" lon="11.5896862"/>
  <node id="257948420" lat="48.4387090" lon="11.5902613"/>
  <node id="257948421" lat="48.4384243" lon="11.5904930"/>
  <node id="257948422" lat="48.4381453" lon="11.5906561"/>
  <node id="257948423" lat="48.4372570" lon="11.5908879"/>
  <node id="257948424" lat="48.4367445" lon="11.5910509"/>
  <node id="257948425" lat="48.4364142" lon="11.5912484">
    <tag k="name" v="Allershausen"/>
    <tag k="traffic_sign" v="city_limit"/>
  </node>
  <node id="257948426" lat="48.4363060" lon="11.5913685"/>
  <node id="257948428" lat="48.4354791" lon="11.5879454"/>
  <node id="257948429" lat="48.4356682" lon="11.5877035"/>
  <node id="257948516" lat="48.4347286" lon="11.5935229"/>
  <node id="257948517" lat="48.4352896" lon="11.5902845">
    <tag k="name" v="Allershausen"/>
    <tag k="traffic_sign" v="city_limit"/>
  </node>
  <node id="257948595" lat="48.4346926" lon="11.5969758"/>
  <node id="257948596" lat="48.4344667" lon="11.5946730"/>
  <node id="257948814" lat="48.4319666" lon="11.5956515"/>
  <node id="257948815" lat="48.4317687" lon="11.5958118"/>
  <node id="257948817" lat="48.4306568" lon="11.5971106"/>
  <node id="257948818" lat="48.4306853" lon="11.5965870"/>
  <node id="257948829" lat="48.4296027" lon="11.5981989"/>
  <node id="257948922" lat="48.4295867" lon="11.5979200"/>
  <node id="257948923" lat="48.4275358" lon="11.5947073"/>
  <node id="257949038" lat="48.4297456" lon="11.6016510"/>
  <node id="257949040" lat="48.4298163" lon="11.6019755"/>
  <node id="257949074" lat="48.4303459" lon="11.6021521"/>
  <node id="257949090" lat="48.4308276" lon="11.6035908"/>
  <node id="257949191" lat="48.4312365" lon="11.6060900"/>
  <node id="257949192" lat="48.4313288" lon="11.6098221"/>
  <node id="257949193" lat="48.4303627" lon="11.6125514"/>
  <node id="257949593" lat="48.4330619" lon="11.6183302"/>
  <node id="257949594" lat="48.4319580" lon="11.6168317"/>
  <node id="257949696" lat="48.4339917" lon="11.6172912"/>
  <node id="257949697" lat="48.4343186" lon="11.6170061"/>
  <node id="257949698" lat="48.4344298" lon="11.6168560"/>
  <node id="257949699" lat="48.4348311" lon="11.6146115"/>
  <node id="257949700" lat="48.4335669" lon="11.6176670"/>
  <node id="257951716" lat="48.4359845" lon="11.6242378"/>
  <node id="257951717" lat="48.4356682" lon="11.6245975"/>
  <node id="257951718" lat="48.4350767" lon="11.6250664"/>
  <node id="257951719" lat="48.4345467" lon="11.6257043"/>
  <node id="257951720" lat="48.4344515" lon="11.6259267"/>
  <node id="257951721" lat="48.4343082" lon="11.6265366"/>
  <node id="257951722" lat="48.4342607" lon="11.6267355"/>
  <node id="257951740" lat="48.4210027" lon="11.6236752"/>
  <node id="257951741" lat="48.4207248" lon="11.6242535"/>
  <node id="257951930" lat="48.4282982" lon="11.6165034"/>
  <node id="257951931" lat="48.4279991" lon="11.6181317"/>
  <node id="257951932" lat="48.4270997" lon="11.6199021"/>
  <node id="257951934" lat="48.4261782" lon="11.6217237"/>
  <node id="257951935" lat="48.4254454" lon="11.6228344"/>
  <node id="257951936" lat="48.4238071" lon="11.6228787"/>
  <node id="257951937" lat="48.4219477" lon="11.6226671"/>
  <node id="257952387" lat="48.4192195" lon="11.6217137"/>
  <node id="257952388" lat="48.4188850" lon="11.6223260"/>
  <node id="257952451" lat="48.4153730" lon="11.6223578"/>
  <node id="257952452" lat="48.4156712" lon="11.6223983"/>
  <node id="257952974" lat="48.4248703" lon="11.6100624"/>
  <node id="257952975" lat="48.4248418" lon="11.6095990"/>
  <node id="257952976" lat="48.4247848" lon="11.6093672">
    <tag k="barrier" v="yes"/>
  </node>
  <node id="257953165" lat="48.4287918" lon="11.6027924"/>
  <node id="257953166" lat="48.4289033" lon="11.6020560"/>
  <node id="257953260" lat="48.4277499" lon="11.6010056"/>
  <node id="257953261" lat="48.4277319" lon="11.6005202"/>
  <node id="257953263" lat="48.4277762" lon="11.6002794"/>
  <node id="257953264" lat="48.4277613" lon="11.5998297"/>
  <node id="257953346" lat="48.4276128" lon="11.5994976"/>
  <node id="257953347" lat="48.4276194" lon="11.5997669"/>
  <node id="257953348" lat="48.4279572" lon="11.5998314"/>
  <node id="257953349" lat="48.4282682" lon="11.5994831"/>
  <node id="257953350" lat="48.4283536" lon="11.5989272"/>
  <node id="257953351" lat="48.4283559" lon="11.5985730"/>
  <node id="257953352" lat="48.4283104" lon="11.5975091"/>
  <node id="257953385" lat="48.4287314" lon="11.5958024"/>
  <node id="257953420" lat="48.4284698" lon="11.5962952"/>
  <node id="257953421" lat="48.4283787" lon="11.5965613"/>
  <node id="257953422" lat="48.4283218" lon="11.5969647"/>
  <node id="257953673" lat="48.4256676" lon="11.5982264"/>
  <node id="257953674" lat="48.4257702" lon="11.5982092"/>
  <node id="257953675" lat="48.4260151" lon="11.5980719"/>
  <node id="257953676" lat="48.4264992" lon="11.5977801"/>
  <node id="257953677" lat="48.4269719" lon="11.5976084"/>
  <node id="257953678" lat="48.4275415" lon="11.5974711"/>
  <node id="257953679" lat="48.4280463" lon="11.5974494"/>
  <node id="257953680" lat="48.4286613" lon="11.5976384"/>
  <node id="257953681" lat="48.4292752" lon="11.5979736"/>
  <node id="257953714" lat="48.4255366" lon="11.5975827"/>
  <node id="257953715" lat="48.4262916" lon="11.5968756"/>
  <node id="257953716" lat="48.4262568" lon="11.5964863"/>
  <node id="257953717" lat="48.4267307" lon="11.5961595"/>
  <node id="257953718" lat="48.4269378" lon="11.5960463"/>
  <node id="257953719" lat="48.4271200" lon="11.5959327"/>
  <node id="257953720" lat="48.4273962" lon="11.5959369"/>
  <node id="257953721" lat="48.4276101" lon="11.5960029"/>
  <node id="257953722" lat="48.4284869" lon="11.5962523"/>
  <node id="257953727" lat="48.4275130" lon="11.5967673"/>
  <node id="257953728" lat="48.4275130" lon="11.5969132"/>
  <node id="257953761" lat="48.4268956" lon="11.5964664"/>
  <node id="257953762" lat="48.4269047" lon="11.5969010"/>
  <node id="257953774" lat="48.4263669" lon="11.5949446"/>
  <node id="257953775" lat="48.4256931" lon="11.5949322"/>
  <node id="257953776" lat="48.4248122" lon="11.5950136"/>
  <node id="257953777" lat="48.4247791" lon="11.5948103"/>
  <node id="257953778" lat="48.4247639" lon="11.5942852"/>
  <node id="257953782" lat="48.4247449" lon="11.5952738"/>
  <node id="257953783" lat="48.4247677" lon="11.5956515"/>
  <node id="257953784" lat="48.4249785" lon="11.5958489"/>
  <node id="257953855" lat="48.4260663" lon="11.5955571"/>
  <node id="257953856" lat="48.4257418" lon="11.5955636"/>
  <node id="257953857" lat="48.4255444" lon="11.5956971"/>
  <node id="257953858" lat="48.4250411" lon="11.5957974"/>
  <node id="257953859" lat="48.4249785" lon="11.5960978"/>
  <node id="257953860" lat="48.4250525" lon="11.5966900"/>
  <node id="257953861" lat="48.4252120" lon="11.5976857"/>
  <node id="257953862" lat="48.4254341" lon="11.5977629"/>
  <node id="257953863" lat="48.4255651" lon="11.5977114"/>
  <node id="257953865" lat="48.4256960" lon="11.5967721"/>
  <node id="257953866" lat="48.4256775" lon="11.5968941"/>
  <node id="257953867" lat="48.4258026" lon="11.5973082"/>
  <node id="257954051" lat="48.4272805" lon="11.5950582"/>
  <node id="257954078" lat="48.4273877" lon="11.5975140"/>
  <node id="257954152" lat="48.4274902" lon="11.5987500"/>
  <node id="257954256" lat="48.4288913" lon="11.5990933"/>
  <node id="257954258" lat="48.4288913" lon="11.5994624"/>
  <node id="257954259" lat="48.4288742" lon="11.5995997"/>
  <node id="257954260" lat="48.4288799" lon="11.5999859"/>
  <node id="257954261" lat="48.4289425" lon="11.5999945"/>
  <node id="257954349" lat="48.4286407" lon="11.5994967"/>
  <node id="257954351" lat="48.4285723" lon="11.5996512"/>
  <node id="257954352" lat="48.4283950" lon="11.5996972"/>
  <node id="257954457" lat="48.4282762" lon="11.6012390"/>
  <node id="257954458" lat="48.4281952" lon="11.5999932"/>
  <node id="257954459" lat="48.4280564" lon="11.5997904"/>
  <node id="257954593" lat="48.4280028" lon="11.5940207"/>
  <node id="257954594" lat="48.4279345" lon="11.5950592"/>
  <node id="257954717" lat="48.4276725" lon="11.5928791"/>
  <node id="257954718" lat="48.4273869" lon="11.5928882"/>
  <node id="257954719" lat="48.4269321" lon="11.5928191"/>
  <node id="257954720" lat="48.4266766" lon="11.5926485"/>
  <node id="257954781" lat="48.4266287" lon="11.5933978"/>
  <node id="257954782" lat="48.4265562" lon="11.5942524"/>
  <node id="257954941" lat="48.4267551" lon="11.5934192"/>
  <node id="257954942" lat="48.4268333" lon="11.5935426"/>
  <node id="257954943" lat="48.4271371" lon="11.5935915"/>
  <node id="257954944" lat="48.4271713" lon="11.5936688"/>
  <node id="257954945" lat="48.4273307" lon="11.5936688"/>
  <node id="257954946" lat="48.4273877" lon="11.5937546"/>
  <node id="257954948" lat="48.4273566" lon="11.5941247"/>
  <node id="257954949" lat="48.4273421" lon="11.5945700"/>
  <node id="257955160" lat="48.4285277" lon="11.5921291"/>
  <node id="257955161" lat="48.4292615" lon="11.5917290"/>
  <node id="257955162" lat="48.4296032" lon="11.5916775"/>
  <node id="257955318" lat="48.4306099" lon="11.5891595"/>
  <node id="257955319" lat="48.4305871" lon="11.5888505"/>
  <node id="257955321" lat="48.4302524" lon="11.5911539"/>
  <node id="257955322" lat="48.4303140" lon="11.5904440"/>
  <node id="257955323" lat="48.4304176" lon="11.5899008"/>
  <node id="257955324" lat="48.4304916" lon="11.5897206"/>
  <node id="257955526" lat="48.4300417" lon="11.5915573"/>
  <node id="257955527" lat="48.4302069" lon="11.5914029"/>
  <node id="257955749" lat="48.4308889" lon="11.5892488"/>
  <node id="257955773" lat="48.4308485" lon="11.5894986"/>
  <node id="257955801" lat="48.4303876" lon="11.5892546"/>
  <node id="257955836" lat="48.4304030" lon="11.5895150"/>
  <node id="257956105" lat="48.4299392" lon="11.5930336"/>
  <node id="257956242" lat="48.4294266" lon="11.5933083"/>
  <node id="257956243" lat="48.4291874" lon="11.5935315"/>
  <node id="257956244" lat="48.4289710" lon="11.5938834"/>
  <node id="257956245" lat="48.4288856" lon="11.5941666"/>
  <node id="257956246" lat="48.4288926" lon="11.5945404"/>
  <node id="257956247" lat="48.4289069" lon="11.5950071"/>
  <node id="257956248" lat="48.4288940" lon="11.5953123"/>
  <node id="257956249" lat="48.4288815" lon="11.5954936"/>
  <node id="257956400" lat="48.4293127" lon="11.5957802"/>
  <node id="257956401" lat="48.4297734" lon="11.5955626"/>
  <node id="257956403" lat="48.4298632" lon="11.5957885"/>
  <node id="257956404" lat="48.4297586" lon="11.5958235"/>
  <node id="257956608" lat="48.4302923" lon="11.5946043"/>
  <node id="257956689" lat="48.4296431" lon="11.5949391"/>
  <node id="257956690" lat="48.4295747" lon="11.5948790">
    <tag k="barrier" v="bollard"/>
    <tag k="bicycle" v="yes"/>
    <tag k="foot" v="yes"/>
  </node>
  <node id="257956691" lat="48.4289020" lon="11.5951962"/>
  <node id="257956956" lat="48.4319497" lon="11.6035428"/>
  <node id="257956957" lat="48.4315539" lon="11.6034724"/>
  <node id="257956958" lat="48.4314209" lon="11.6035221"/>
  <node id="257956959" lat="48.4311181" lon="11.6031702"/>
  <node id="257956960" lat="48.4309188" lon="11.6026810"/>
  <node id="257956961" lat="48.4308333" lon="11.6023033"/>
  <node id="257956962" lat="48.4307992" lon="11.6017197"/>
  <node id="257956964" lat="48.4307707" lon="11.6007927"/>
  <node id="257956965" lat="48.4307365" lon="11.6003979"/>
  <node id="257956966" lat="48.4307878" lon="11.5999688"/>
  <node id="257956967" lat="48.4309313" lon="11.5995652"/>
  <node id="257956968" lat="48.4310825" lon="11.5993291"/>
  <node id="257956969" lat="48.4312391" lon="11.5990341"/>
  <node id="257957083" lat="48.4330509" lon="11.5990578"/>
  <node id="257957084" lat="48.4325598" lon="11.5990565"/>
  <node id="257957085" lat="48.4316494" lon="11.5992477"/>
  <node id="257957321" lat="48.4328575" lon="11.5951946"/>
  <node id="257957622" lat="48.4331740" lon="11.5971020"/>
  <node id="257957707" lat="48.4315680" lon="11.5974539"/>
  <node id="257958103" lat="48.4337124" lon="11.5974053"/>
  <node id="257958104" lat="48.4335928" lon="11.5982284"/>
  <node id="257958105" lat="48.4333982" lon="11.5992057"/>
  <node id="257958389" lat="48.4357377" lon="11.6011189"/>
  <node id="257958391" lat="48.4352593" lon="11.6007670"/>
  <node id="257958392" lat="48.4339837" lon="11.5995654"/>
  <node id="257958616" lat="48.4362905" lon="11.6033734"/>
  <node id="257958780" lat="48.4343015" lon="11.5983637"/>
  <node id="257958781" lat="48.4340407" lon="11.5996083"/>
  <node id="257958893" lat="48.4364825" lon="11.5947502"/>
  <node id="257958894" lat="48.4359985" lon="11.5946129"/>
  <node id="257958895" lat="48.4352810" lon="11.5943812"/>
  <node id="257958897" lat="48.4344610" lon="11.5942095"/>
  <node id="257959226" lat="48.4356796" lon="11.5912312"/>
  <node id="257959227" lat="48.4358220" lon="11.5917805"/>
  <node id="257959228" lat="48.4357935" lon="11.5922011"/>
  <node id="257959230" lat="48.4356284" lon="11.5926646"/>
  <node id="257959232" lat="48.4355486" lon="11.5930766"/>
  <node id="257959233" lat="48.4356113" lon="11.5935315"/>
  <node id="257959234" lat="48.4359560" lon="11.5941488"/>
  <node id="257959235" lat="48.4360782" lon="11.5953339"/>
  <node id="257959236" lat="48.4360782" lon="11.5959347"/>
  <node id="257959237" lat="48.4360270" lon="11.5966299"/>
  <node id="257959238" lat="48.4360498" lon="11.5970763"/>
  <node id="257959239" lat="48.4361409" lon="11.5973681"/>
  <node id="257959240" lat="48.4362835" lon="11.5974908"/>
  <node id="257959242" lat="48.4364010" lon="11.5975257"/>
  <node id="257959243" lat="48.4365807" lon="11.5977161"/>
  <node id="257959244" lat="48.4366591" lon="11.5979689"/>
  <node id="257959245" lat="48.4366394" lon="11.5983357"/>
  <node id="257959247" lat="48.4364704" lon="11.5989553"/>
  <node id="257959248" lat="48.4363686" lon="11.5991362"/>
  <node id="257959250" lat="48.4361693" lon="11.5993508"/>
  <node id="257959251" lat="48.4356339" lon="11.5997519"/>
  <node id="257959252" lat="48.4352810" lon="11.5998572"/>
  <node id="257959253" lat="48.4349735" lon="11.5999430"/>
  <node id="257959583" lat="48.4356642" lon="11.5956294"/>
  <node id="257959584" lat="48.4355486" lon="11.5957888"/>
  <node id="257959585" lat="48.4354934" lon="11.5959298"/>
  <node id="257959586" lat="48.4354575" lon="11.5964325"/>
  <node id="257959588" lat="48.4355145" lon="11.5971278"/>
  <node id="257959589" lat="48.4356625" lon="11.5978573"/>
  <node id="257959590" lat="48.4357906" lon="11.5983169"/>
  <node id="257960354" lat="48.4351746" lon="11.5911196"/>
  <node id="257960355" lat="48.4362206" lon="11.5913256"/>
  <node id="257960357" lat="48.4363402" lon="11.5914286"/>
  <node id="257960359" lat="48.4362718" lon="11.5916689"/>
  <node id="257960360" lat="48.4362832" lon="11.5919178"/>
  <node id="257960362" lat="48.4365238" lon="11.5929445"/>
  <node id="257960363" lat="48.4365807" lon="11.5933549"/>
  <node id="257960364" lat="48.4365593" lon="11.5935963"/>
  <node id="257960365" lat="48.4367160" lon="11.5946215"/>
  <node id="257960366" lat="48.4365736" lon="11.5951880"/>
  <node id="257960367" lat="48.4366363" lon="11.5957201"/>
  <node id="257960368" lat="48.4366363" lon="11.5962866"/>
  <node id="257960369" lat="48.4365793" lon="11.5968445"/>
  <node id="257960754" lat="48.4344040" lon="11.5906733"/>
  <node id="257960755" lat="48.4340737" lon="11.5919522"/>
  <node id="257960757" lat="48.4339940" lon="11.5920208"/>
  <node id="257960758" lat="48.4336865" lon="11.5919264"/>
  <node id="257960759" lat="48.4332765" lon="11.5919178">
    <tag k="highway" v="turning_circle"/>
  </node>
  <node id="257960761" lat="48.4332708" lon="11.5928791"/>
  <node id="257960763" lat="48.4332935" lon="11.5935143"/>
  <node id="257960764" lat="48.4333562" lon="11.5936774"/>
  <node id="257960765" lat="48.4334644" lon="11.5937117"/>
  <node id="257960766" lat="48.4336409" lon="11.5936430"/>
  <node id="257960767" lat="48.4339200" lon="11.5936774"/>
  <node id="257960930" lat="48.4340168" lon="11.5924328"/>
  <node id="257960931" lat="48.4340054" lon="11.5929821"/>
  <node id="257961140" lat="48.4334872" lon="11.5928791"/>
  <node id="257961315" lat="48.4347229" lon="11.5909222"/>
  <node id="257963701" lat="48.4369381" lon="11.5976599"/>
  <node id="257965607" lat="48.4291418" lon="11.5719562"/>
  <node id="257965608" lat="48.4292058" lon="11.5726911"/>
  <node id="257965609" lat="48.4293298" lon="11.5734471"/>
  <node id="257965611" lat="48.4297797" lon="11.5748461"/>
  <node id="257965612" lat="48.4299392" lon="11.5755585"/>
  <node id="257965613" lat="48.4300474" lon="11.5764082"/>
  <node id="257965941" lat="48.4284129" lon="11.5737732"/>
  <node id="257965942" lat="48.4295007" lon="11.5740651"/>
  <node id="257966084" lat="48.4282078" lon="11.5736187"/>
  <node id="257966085" lat="48.4281908" lon="11.5738333"/>
  <node id="257966086" lat="48.4283331" lon="11.5738762"/>
  <node id="257966087" lat="48.4283616" lon="11.5736359"/>
  <node id="257967240" lat="48.4195957" lon="11.5676535"/>
  <node id="257967241" lat="48.4197438" lon="11.5683916"/>
  <node id="257967242" lat="48.4199261" lon="11.5687436"/>
  <node id="257967243" lat="48.4202166" lon="11.5691555"/>
  <node id="257967244" lat="48.4204217" lon="11.5695504"/>
  <node id="257967246" lat="48.4206154" lon="11.5700138"/>
  <node id="257967248" lat="48.4209479" lon="11.5706405"/>
  <node id="257967250" lat="48.4218514" lon="11.5719708"/>
  <node id="257967252" lat="48.4228482" lon="11.5734042"/>
  <node id="257967254" lat="48.4230988" lon="11.5738333"/>
  <node id="257967257" lat="48.4234805" lon="11.5747259"/>
  <node id="257967258" lat="48.4238222" lon="11.5755757"/>
  <node id="257967259" lat="48.4241697" lon="11.5761422"/>
  <node id="257967261" lat="48.4246196" lon="11.5766571"/>
  <node id="257967262" lat="48.4249329" lon="11.5771292"/>
  <node id="257967263" lat="48.4252462" lon="11.5777558"/>
  <node id="257967264" lat="48.4255708" lon="11.5783738"/>
  <node id="257967265" lat="48.4259467" lon="11.5788973"/>
  <node id="257967266" lat="48.4262144" lon="11.5792836"/>
  <node id="257967267" lat="48.4264650" lon="11.5798243"/>
  <node id="257967268" lat="48.4266473" lon="11.5803393"/>
  <node id="257967269" lat="48.4272795" lon="11.5820301"/>
  <node id="257967270" lat="48.4275187" lon="11.5827597"/>
  <node id="257967271" lat="48.4277010" lon="11.5834549"/>
  <node id="257967859" lat="48.4279860" lon="11.5592509"/>
  <node id="257967861" lat="48.4280530" lon="11.5591486"/>
  <node id="257967862" lat="48.4280022" lon="11.5590574"/>
  <node id="257967863" lat="48.4279241" lon="11.5591355"/>
  <node id="257968018" lat="48.4280370" lon="11.5602120"/>
  <node id="257968067" lat="48.4288394" lon="11.5600930"/>
  <node id="257968083" lat="48.4273818" lon="11.5603333"/>
  <node id="257968114" lat="48.4274698" lon="11.5617750"/>
  <node id="257968156" lat="48.4275589" lon="11.5618771"/>
  <node id="257968157" lat="48.4275050" lon="11.5619934"/>
  <node id="257968159" lat="48.4274122" lon="11.5619129"/>
  <node id="257968963" lat="48.4288229" lon="11.5579289"/>
  <node id="257968964" lat="48.4288400" lon="11.5610274"/>
  <node id="257968965" lat="48.4297850" lon="11.5643955"/>
  <node id="257968967" lat="48.4297292" lon="11.5647091"/>
  <node id="257968971" lat="48.4297575" lon="11.5654923"/>
  <node id="257968973" lat="48.4300531" lon="11.5654734"/>
  <node id="257968975" lat="48.4304071" lon="11.5655701"/>
  <node id="257968977" lat="48.4305781" lon="11.5671633"/>
  <node id="257968979" lat="48.4308754" lon="11.5673966"/>
  <node id="257968981" lat="48.4307638" lon="11.5687505"/>
  <node id="257968983" lat="48.4306344" lon="11.5691694"/>
  <node id="257968985" lat="48.4304922" lon="11.5694861"/>
  <node id="257968987" lat="48.4303997" lon="11.5701074"/>
  <node id="257968989" lat="48.4303759" lon="11.5708844"/>
  <node id="257968992" lat="48.4303784" lon="11.5716142"/>
  <node id="257968993" lat="48.4302486" lon="11.5720319"/>
  <node id="257968994" lat="48.4300768" lon="11.5728816"/>
  <node id="257968995" lat="48.4299694" lon="11.5732707"/>
  <node id="257968996" lat="48.4298092" lon="11.5733780"/>
  <node id="257968997" lat="48.4293469" lon="11.5735243"/>
  <node id="257969116" lat="48.4267769" lon="11.5593108"/>
  <node id="257969236" lat="48.4241182" lon="11.5592311"/>
  <node id="257969237" lat="48.4228949" lon="11.5582982"/>
  <node id="259145214" lat="48.4110191" lon="11.6111039"/>
  <node id="259145215" lat="48.4114500" lon="11.6110247"/>
  <node id="259145216" lat="48.4117804" lon="11.6109818"/>
  <node id="259145217" lat="48.4122988" lon="11.6108719"/>
  <node id="259145218" lat="48.4126793" lon="11.6105500"/>
  <node id="259145219" lat="48.4130610" lon="11.6100693"/>
  <node id="259145220" lat="48.4136136" lon="11.6096659"/>
  <node id="259145221" lat="48.4143726" lon="11.6092909"/>
  <node id="259145222" lat="48.4149252" lon="11.6089218"/>
  <node id="259145223" lat="48.4155767" lon="11.6085610"/>
  <node id="259145224" lat="48.4163437" lon="11.6079438"/>
  <node id="259145225" lat="48.4167704" lon="11.6074668"/>
  <node id="259145226" lat="48.4173994" lon="11.6065409"/>
  <node id="259145227" lat="48.4182793" lon="11.6060577"/>
  <node id="259145228" lat="48.4188528" lon="11.6059828"/>
  <node id="259145229" lat="48.4193615" lon="11.6061537"/>
  <node id="259145230" lat="48.4200031" lon="11.6067171"/>
  <node id="259145231" lat="48.4206179" lon="11.6074762"/>
  <node id="259145232" lat="48.4207338" lon="11.6081935"/>
  <node id="259145236" lat="48.4236862" lon="11.6097201"/>
  <node id="259146593" lat="48.4233729" lon="11.6100119"/>
  <node id="259146594" lat="48.4230881" lon="11.6105269"/>
  <node id="259146595" lat="48.4229652" lon="11.6114094"/>
  <node id="259146601" lat="48.4211156" lon="11.6125206"/>
  <node id="259146609" lat="48.4212098" lon="11.6162713"/>
  <node id="259147973" lat="48.4207206" lon="11.6087865"/>
  <node id="259147974" lat="48.4208459" lon="11.6093358"/>
  <node id="259147975" lat="48.4209599" lon="11.6097307"/>
  <node id="259147976" lat="48.4209729" lon="11.6103929"/>
  <node id="259147977" lat="48.4210386" lon="11.6112741"/>
  <node id="259147978" lat="48.4211194" lon="11.6119623"/>
  <node id="259400965" lat="48.4403957" lon="11.5816898"/>
  <node id="259400966" lat="48.4411614" lon="11.5808066"/>
  <node id="259400967" lat="48.4418064" lon="11.5793813"/>
  <node id="259400968" lat="48.4420275" lon="11.5781107"/>
  <node id="259400969" lat="48.4420903" lon="11.5772307"/>
  <node id="259400970" lat="48.4426830" lon="11.5758515"/>
  <node id="259400971" lat="48.4432971" lon="11.5748368"/>
  <node id="259400972" lat="48.4439068" lon="11.5738006"/>
  <node id="259400973" lat="48.4441519" lon="11.5733776"/>
  <node id="259400974" lat="48.4451955" lon="11.5725332"/>
  <node id="259400975" lat="48.4455193" lon="11.5719862"/>
  <node id="259400976" lat="48.4458127" lon="11.5710269"/>
  <node id="259400977" lat="48.4461488" lon="11.5694735"/>
  <node id="259400978" lat="48.4467218" lon="11.5679078"/>
  <node id="259400979" lat="48.4470937" lon="11.5671022"/>
  <node id="259400980" lat="48.4479620" lon="11.5659507"/>
  <node id="259400981" lat="48.4489260" lon="11.5648004"/>
  <node id="259400982" lat="48.4492385" lon="11.5644102"/>
  <node id="259400983" lat="48.4497104" lon="11.5639072"/>
  <node id="259400984" lat="48.4511564" lon="11.5616852"/>
  <node id="259400985" lat="48.4513365" lon="11.5615128"/>
  <node id="259400986" lat="48.4515222" lon="11.5613226"/>
  <node id="259400987" lat="48.4524405" lon="11.5614636"/>
  <node id="259400988" lat="48.4533079" lon="11.5620781"/>
  <node id="259401004" lat="48.4411246" lon="11.5817039"/>
  <node id="259401005" lat="48.4416752" lon="11.5817591"/>
  <node id="259401006" lat="48.4424625" lon="11.5814330"/>
  <node id="259401007" lat="48.4428980" lon="11.5810629"/>
  <node id="259401008" lat="48.4435106" lon="11.5802409"/>
  <node id="259401009" lat="48.4440345" lon="11.5796561"/>
  <node id="259401010" lat="48.4446196" lon="11.5793913"/>
  <node id="259401011" lat="48.4451946" lon="11.5790147"/>
  <node id="259401012" lat="48.4458188" lon="11.5782576"/>
  <node id="259401013" lat="48.4463226" lon="11.5775879"/>
  <node id="259401014" lat="48.4469993" lon="11.5769909"/>
  <node id="259401015" lat="48.4476346" lon="11.5759833"/>
  <node id="259401016" lat="48.4483076" lon="11.5750852"/>
  <node id="260399956" lat="48.4566086" lon="11.6042285"/>
  <node id="260399957" lat="48.4560820" lon="11.6037184"/>
  <node id="260399958" lat="48.4558366" lon="11.6034988"/>
  <node id="260399959" lat="48.4554162" lon="11.6033829"/>
  <node id="260399960" lat="48.4551999" lon="11.6029941"/>
  <node id="260399984" lat="48.4539075" lon="11.6022422"/>
  <node id="260399985" lat="48.4542434" lon="11.6019847"/>
  <node id="260399986" lat="48.4543629" lon="11.6019932"/>
  <node id="260399987" lat="48.4546476" lon="11.6026971"/>
  <node id="260399988" lat="48.4549860" lon="11.6032480"/>
  <node id="260400014" lat="48.4537197" lon="11.6028001"/>
  <node id="260400015" lat="48.4534920" lon="11.6030146"/>
  <node id="260400016" lat="48.4534635" lon="11.6031777"/>
  <node id="260400017" lat="48.4537140" lon="11.6039330"/>
  <node id="260400018" lat="48.4539246" lon="11.6043622"/>
  <node id="260400042" lat="48.4529910" lon="11.6048857"/>
  <node id="260400043" lat="48.4519835" lon="11.6053921"/>
  <node id="260400079" lat="48.4553254" lon="11.6036128"/>
  <node id="260400080" lat="48.4549335" lon="11.6040002"/>
  <node id="260400081" lat="48.4544271" lon="11.6045724"/>
  <node id="260400155" lat="48.4542036" lon="11.6049115"/>
  <node id="260400156" lat="48.4542036" lon="11.6052119"/>
  <node id="260400181" lat="48.4562029" lon="11.6012206"/>
  <node id="260400257" lat="48.4542320" lon="11.5986802"/>
  <node id="260400258" lat="48.4541637" lon="11.5992982"/>
  <node id="260400259" lat="48.4542776" lon="11.6001050"/>
  <node id="260400260" lat="48.4542776" lon="11.6006886"/>
  <node id="260400262" lat="48.4542491" lon="11.6012894"/>
  <node id="260400282" lat="48.4558603" lon="11.5906476"/>
  <node id="260400284" lat="48.4558611" lon="11.5911874"/>
  <node id="260400285" lat="48.4558931" lon="11.5925997"/>
  <node id="260400286" lat="48.4558389" lon="11.5947771"/>
  <node id="260400287" lat="48.4558055" lon="11.5957535"/>
  <node id="260400288" lat="48.4558543" lon="11.5966441"/>
  <node id="260400289" lat="48.4561740" lon="11.5985383"/>
  <node id="260400290" lat="48.4563040" lon="11.5991780"/>
  <node id="260400291" lat="48.4564634" lon="11.5995986"/>
  <node id="260400292" lat="48.4566647" lon="11.5998919"/>
  <node id="260400295" lat="48.4566466" lon="11.6001549"/>
  <node id="260400429" lat="48.4596168" lon="11.5895220"/>
  <node id="260400430" lat="48.4595371" lon="11.5899855"/>
  <node id="260400431" lat="48.4590362" lon="11.5902516"/>
  <node id="260400432" lat="48.4582223" lon="11.5904147"/>
  <node id="260400433" lat="48.4578295" lon="11.5903804"/>
  <node id="260400434" lat="48.4572717" lon="11.5903546"/>
  <node id="260400435" lat="48.4566456" lon="11.5904662"/>
  <node id="260400436" lat="48.4562983" lon="11.5904319"/>
  <node id="260400611" lat="48.4590274" lon="11.5642842"/>
  <node id="260400612" lat="48.4592756" lon="11.5648518"/>
  <node id="260400613" lat="48.4593649" lon="11.5649461"/>
  <node id="260400614" lat="48.4599103" lon="11.5651094"/>
  <node id="260400615" lat="48.4606688" lon="11.5648046"/>
  <node id="260547329" lat="48.4320363" lon="11.6087565"/>
  <node id="260547330" lat="48.4325001" lon="11.6089546"/>
  <node id="260547331" lat="48.4327424" lon="11.6090397"/>
  <node id="260547332" lat="48.4329921" lon="11.6091399"/>
  <node id="260547334" lat="48.4332436" lon="11.6081900"/>
  <node id="260547335" lat="48.4334258" lon="11.6078639"/>
  <node id="260547336" lat="48.4338130" lon="11.6074175"/>
  <node id="260547337" lat="48.4338814" lon="11.6069026"/>
  <node id="260547338" lat="48.4339269" lon="11.6063704"/>
  <node id="260547339" lat="48.4339839" lon="11.6059498"/>
  <node id="260547340" lat="48.4342166" lon="11.6045813"/>
  <node id="260547980" lat="48.4303625" lon="11.6022387"/>
  <node id="260547981" lat="48.4308045" lon="11.6020187"/>
  <node id="260548047" lat="48.4337673" lon="11.6020477"/>
  <node id="260548048" lat="48.4341802" lon="11.6019811"/>
  <node id="260548049" lat="48.4342959" lon="11.6019925"/>
  <node id="260548050" lat="48.4343124" lon="11.6021308"/>
  <node id="260548051" lat="48.4342872" lon="11.6026348"/>
  <node id="260548052" lat="48.4342394" lon="11.6029591"/>
  <node id="260548053" lat="48.4341654" lon="11.6030879"/>
  <node id="260548054" lat="48.4341882" lon="11.6032081"/>
  <node id="260548055" lat="48.4342679" lon="11.6032081"/>
  <node id="260548056" lat="48.4344719" lon="11.6032093"/>
  <node id="260548057" lat="48.4343818" lon="11.6038089"/>
  <node id="260548084" lat="48.4343248" lon="11.6002297"/>
  <node id="260548085" lat="48.4338579" lon="11.6004529"/>
  <node id="260548086" lat="48.4336472" lon="11.6008992"/>
  <node id="260548087" lat="48.4335504" lon="11.6011138"/>
  <node id="260548088" lat="48.4333834" lon="11.6014636"/>
  <node id="260548091" lat="48.4333771" lon="11.6020414"/>
  <node id="260548114" lat="48.4327531" lon="11.6015086"/>
  <node id="260548115" lat="48.4322975" lon="11.6014142"/>
  <node id="260548116" lat="48.4319558" lon="11.6014743"/>
  <node id="260548117" lat="48.4317166" lon="11.6014829"/>
  <node id="260548118" lat="48.4314433" lon="11.6014485"/>
  <node id="260548119" lat="48.4311357" lon="11.6013884"/>
  <node id="260548120" lat="48.4307957" lon="11.6013466"/>
  <node id="260548202" lat="48.4316369" lon="11.5996117"/>
  <node id="260548203" lat="48.4317223" lon="11.5999722"/>
  <node id="260548204" lat="48.4318704" lon="11.6004357"/>
  <node id="260548205" lat="48.4320697" lon="11.6010365"/>
  <node id="260548206" lat="48.4322633" lon="11.6012940"/>
  <node id="260588277" lat="48.4143564" lon="11.6159206"/>
  <node id="260588839" lat="48.4189907" lon="11.6186374"/>
  <node id="260588840" lat="48.4190624" lon="11.6178737">
    <tag k="access" v="private"/>
    <tag k="barrier" v="swing_gate"/>
    <tag k="swing_gate:type" v="single"/>
  </node>
  <node id="260588841" lat="48.4191728" lon="11.6168313"/>
  <node id="260588842" lat="48.4191863" lon="11.6157674"/>
  <node id="260588843" lat="48.4190779" lon="11.6149403"/>
  <node id="260588844" lat="48.4189150" lon="11.6142688"/>
  <node id="260588845" lat="48.4182253" lon="11.6138201"/>
  <node id="260588846" lat="48.4177873" lon="11.6137343"/>
  <node id="260588847" lat="48.4172426" lon="11.6130691"/>
  <node id="260588848" lat="48.4171429" lon="11.6128277"/>
  <node id="260588849" lat="48.4171963" lon="11.6120016"/>
  <node id="260588851" lat="48.4169873" lon="11.6100222"/>
  <node id="260588852" lat="48.4167310" lon="11.6095072"/>
  <node id="260588853" lat="48.4161898" lon="11.6093098"/>
  <node id="260588854" lat="48.4158683" lon="11.6093408"/>
  <node id="260588937" lat="48.4144109" lon="11.6156598"/>
  <node id="260588938" lat="48.4141664" lon="11.6143458"/>
  <node id="260588939" lat="48.4141985" lon="11.6139113"/>
  <node id="260588940" lat="48.4144628" lon="11.6134034"/>
  <node id="260588941" lat="48.4148256" lon="11.6131847"/>
  <node id="260588942" lat="48.4152916" lon="11.6131336"/>
  <node id="260588943" lat="48.4157435" lon="11.6130390"/>
  <node id="260588944" lat="48.4159480" lon="11.6128710"/>
  <node id="260588945" lat="48.4160715" lon="11.6124068"/>
  <node id="260588946" lat="48.4158754" lon="11.6114544"/>
  <node id="260588947" lat="48.4155753" lon="11.6104779"/>
  <node id="260588948" lat="48.4154925" lon="11.6096273"/>
  <node id="260589327" lat="48.4196647" lon="11.6213948"/>
  <node id="260589328" lat="48.4202514" lon="11.6209914"/>
  <node id="260589329" lat="48.4208796" lon="11.6205338"/>
  <node id="260589330" lat="48.4216118" lon="11.6199999"/>
  <node id="260589331" lat="48.4220850" lon="11.6194645"/>
  <node id="260589934" lat="48.4201636" lon="11.6262080"/>
  <node id="260589935" lat="48.4195792" lon="11.6258408"/>
  <node id="260589936" lat="48.4188768" lon="11.6252088"/>
  <node id="260589938" lat="48.4182823" lon="11.6246777"/>
  <node id="260589939" lat="48.4176896" lon="11.6241288"/>
  <node id="260589940" lat="48.4173067" lon="11.6237658"/>
  <node id="260589941" lat="48.4168625" lon="11.6233425"/>
  <node id="260589942" lat="48.4164917" lon="11.6230013"/>
  <node id="260589943" lat="48.4162068" lon="11.6227726"/>
  <node id="260589944" lat="48.4158363" lon="11.6225957"/>
  <node id="260589945" lat="48.4152050" lon="11.6224447"/>
  <node id="260589946" lat="48.4148365" lon="11.6225007"/>
  <node id="260589947" lat="48.4143234" lon="11.6225977"/>
  <node id="260589948" lat="48.4138608" lon="11.6225965"/>
  <node id="260589949" lat="48.4134316" lon="11.6226317"/>
  <node id="260713337" lat="48.4175663" lon="11.5976712"/>
  <node id="260713338" lat="48.4187398" lon="11.5981175"/>
  <node id="260713339" lat="48.4196455" lon="11.5991303"/>
  <node id="260713479" lat="48.4419729" lon="11.6232499"/>
  <node id="260714219" lat="48.4282642" lon="11.6162370"/>
  <node id="260714220" lat="48.4283433" lon="11.6160333"/>
  <node id="260714221" lat="48.4284532" lon="11.6156469"/>
  <node id="260714222" lat="48.4286358" lon="11.6151517"/>
  <node id="260714223" lat="48.4290188" lon="11.6142446"/>
  <node id="260714224" lat="48.4292624" lon="11.6140669"/>
  <node id="260714225" lat="48.4295571" lon="11.6136236"/>
  <node id="260714226" lat="48.4298599" lon="11.6131836"/>
  <node id="260714227" lat="48.4303088" lon="11.6125002"/>
  <node id="260714260" lat="48.4312960" lon="11.6077261"/>
  <node id="260714314" lat="48.4311982" lon="11.6085316"/>
  <node id="260714315" lat="48.4307825" lon="11.6097675"/>
  <node id="260714316" lat="48.4304001" lon="11.6104030"/>
  <node id="260714317" lat="48.4302755" lon="11.6107624"/>
  <node id="260714319" lat="48.4300139" lon="11.6122457"/>
  <node id="260714323" lat="48.4323613" lon="11.6100456"/>
  <node id="260714324" lat="48.4323252" lon="11.6103616"/>
  <node id="260714325" lat="48.4323010" lon="11.6119904"/>
  <node id="260714326" lat="48.4323210" lon="11.6122885"/>
  <node id="260714327" lat="48.4325561" lon="11.6129229"/>
  <node id="260714328" lat="48.4328103" lon="11.6144685"/>
  <node id="260714329" lat="48.4329926" lon="11.6151886"/>
  <node id="260714330" lat="48.4333990" lon="11.6161419"/>
  <node id="260714331" lat="48.4335222" lon="11.6165971"/>
  <node id="260714332" lat="48.4335618" lon="11.6171542"/>
  <node id="262265152" lat="48.4515240" lon="11.6086096"/>
  <node id="262265153" lat="48.4508841" lon="11.6094588"/>
  <node id="262265154" lat="48.4500480" lon="11.6105317"/>
  <node id="262265155" lat="48.4493534" lon="11.6110683"/>
  <node id="262265156" lat="48.4483286" lon="11.6120553"/>
  <node id="262265157" lat="48.4477197" lon="11.6127162"/>
  <node id="262265158" lat="48.4468022" lon="11.6150255"/>
  <node id="262265159" lat="48.4462790" lon="11.6158748"/>
  <node id="262265160" lat="48.4454820" lon="11.6173339"/>
  <node id="262265161" lat="48.4444281" lon="11.6196689"/>
  <node id="262265162" lat="48.4444793" lon="11.6206817"/>
  <node id="262265163" lat="48.4446330" lon="11.6214885"/>
  <node id="262265164" lat="48.4444224" lon="11.6219091"/>
  <node id="262265165" lat="48.4438878" lon="11.6220975"/>
  <node id="262265166" lat="48.4432950" lon="11.6222610"/>
  <node id="262265167" lat="48.4425719" lon="11.6227331"/>
  <node id="262265191" lat="48.4481891" lon="11.5675010"/>
  <node id="262265192" lat="48.4475600" lon="11.5681529"/>
  <node id="262265193" lat="48.4471900" lon="11.5690971"/>
  <node id="262265194" lat="48.4469640" lon="11.5700214">
    <tag k="created_by" v="Merkaartor 0.12"/>
  </node>
  <node id="262265195" lat="48.4468363" lon="11.5707585">
    <tag k="created_by" v="Merkaartor 0.12"/>
  </node>
  <node id="262265196" lat="48.4466813" lon="11.5713253"/>
  <node id="262265197" lat="48.4466218" lon="11.5722736">
    <tag k="created_by" v="Merkaartor 0.12"/>
  </node>
  <node id="262265198" lat="48.4465921" lon="11.5733297">
    <tag k="created_by" v="Merkaartor 0.12"/>
  </node>
  <node id="262265199" lat="48.4465352" lon="11.5744186"/>
  <node id="262265200" lat="48.4462768" lon="11.5757174">
    <tag k="created_by" v="Merkaartor 0.12"/>
  </node>
  <node id="262265201" lat="48.4459125" lon="11.5767425"/>
  <node id="262265202" lat="48.4456792" lon="11.5775902"/>
  <node id="262265205" lat="48.4532110" lon="11.5627455"/>
  <node id="262265206" lat="48.4526192" lon="11.5625725"/>
  <node id="262265207" lat="48.4519205" lon="11.5621579"/>
  <node id="262265208" lat="48.4514956" lon="11.5621066"/>
  <node id="262265209" lat="48.4507568" lon="11.5628616"/>
  <node id="262265210" lat="48.4500878" lon="11.5638791"/>
  <node id="262265211" lat="48.4497191" lon="11.5645993"/>
  <node id="262265212" lat="48.4489972" lon="11.5657037"/>
  <node id="262265213" lat="48.4485140" lon="11.5668139"/>
  <node id="262265251" lat="48.4537652" lon="11.5619989"/>
  <node id="262265252" lat="48.4547850" lon="11.5615201"/>
  <node id="262265253" lat="48.4552973" lon="11.5612219"/>
  <node id="262265254" lat="48.4560317" lon="11.5607044"/>
  <node id="262265255" lat="48.4565718" lon="11.5602479"/>
  <node id="262265256" lat="48.4571161" lon="11.5595589"/>
  <node id="262433024" lat="48.4354091" lon="11.6007941"/>
  <node id="262433025" lat="48.4359943" lon="11.6011751"/>
  <node id="262433026" lat="48.4364953" lon="11.6014007"/>
  <node id="262433027" lat="48.4368276" lon="11.6014892"/>
  <node id="262433028" lat="48.4373333" lon="11.6015416"/>
  <node id="262433029" lat="48.4378172" lon="11.6015271"/>
  <node id="262433030" lat="48.4383360" lon="11.6014035"/>
  <node id="262433031" lat="48.4388826" lon="11.6013348"/>
  <node id="262433033" lat="48.4395659" lon="11.6013348"/>
  <node id="262433034" lat="48.4400499" lon="11.6014807"/>
  <node id="262433035" lat="48.4408243" lon="11.6017639"/>
  <node id="262433036" lat="48.4416101" lon="11.6020159"/>
  <node id="262433037" lat="48.4422523" lon="11.6020558"/>
  <node id="262433038" lat="48.4428684" lon="11.6019957"/>
  <node id="262433039" lat="48.4435459" lon="11.6019013"/>
  <node id="262433040" lat="48.4440698" lon="11.6018309"/>
  <node id="262433041" lat="48.4446226" lon="11.6018472"/>
  <node id="262433042" lat="48.4452193" lon="11.6019612"/>
  <node id="262433043" lat="48.4456383" lon="11.6020635"/>
  <node id="262433044" lat="48.4462276" lon="11.6023133"/>
  <node id="262433045" lat="48.4467798" lon="11.6025793"/>
  <node id="262433046" lat="48.4473253" lon="11.6030127"/>
  <node id="262433047" lat="48.4478775" lon="11.6033802"/>
  <node id="262433048" lat="48.4481291" lon="11.6036635"/>
  <node id="262433049" lat="48.4486187" lon="11.6042616"/>
  <node id="262433050" lat="48.4490514" lon="11.6047509"/>
  <node id="262433051" lat="48.4495125" lon="11.6053603"/>
  <node id="262433052" lat="48.4498826" lon="11.6058152"/>
  <node id="262433061" lat="48.4483856" lon="11.6019524"/>
  <node id="262433062" lat="48.4480608" lon="11.6019699"/>
  <node id="262433063" lat="48.4476395" lon="11.6020129"/>
  <node id="262433064" lat="48.4473207" lon="11.6020987"/>
  <node id="262433065" lat="48.4468425" lon="11.6023133"/>
  <node id="262433066" lat="48.4464228" lon="11.6023879"/>
  <node id="262433858" lat="48.4365330" lon="11.5853071"/>
  <node id="262433859" lat="48.4360226" lon="11.5853364"/>
  <node id="262433860" lat="48.4356180" lon="11.5854635"/>
  <node id="262433861" lat="48.4351169" lon="11.5855665"/>
  <node id="262433862" lat="48.4343652" lon="11.5856695"/>
  <node id="262433863" lat="48.4340349" lon="11.5857810"/>
  <node id="262433864" lat="48.4338242" lon="11.5859956"/>
  <node id="262433865" lat="48.4336704" lon="11.5865106"/>
  <node id="262433866" lat="48.4335395" lon="11.5873517"/>
  <node id="262433867" lat="48.4334426" lon="11.5881414"/>
  <node id="262433868" lat="48.4332832" lon="11.5885276"/>
  <node id="262433869" lat="48.4331123" lon="11.5886392"/>
  <node id="262433870" lat="48.4328959" lon="11.5885705"/>
  <node id="262433871" lat="48.4326283" lon="11.5884675"/>
  <node id="262433872" lat="48.4322296" lon="11.5883130"/>
  <node id="262433873" lat="48.4316772" lon="11.5881242"/>
  <node id="262433874" lat="48.4313583" lon="11.5882100"/>
  <node id="262433875" lat="48.4311875" lon="11.5884418"/>
  <node id="262433876" lat="48.4309333" lon="11.5887628"/>
  <node id="262433895" lat="48.4308201" lon="11.5890955"/>
  <node id="262433896" lat="48.4307258" lon="11.5896426"/>
  <node id="262433897" lat="48.4307506" lon="11.5901067"/>
  <node id="262433898" lat="48.4307710" lon="11.5902877"/>
  <node id="262433899" lat="48.4310679" lon="11.5904588"/>
  <node id="262433900" lat="48.4313378" lon="11.5906484"/>
  <node id="262433901" lat="48.4313640" lon="11.5912313"/>
  <node id="262433902" lat="48.4313697" lon="11.5917892"/>
  <node id="262433903" lat="48.4313811" lon="11.5922784"/>
  <node id="262433904" lat="48.4313241" lon="11.5926732"/>
  <node id="262433905" lat="48.4311020" lon="11.5926990"/>
  <node id="262433906" lat="48.4308571" lon="11.5927076"/>
  <node id="262433907" lat="48.4307888" lon="11.5929050"/>
  <node id="262433908" lat="48.4308401" lon="11.5932226"/>
  <node id="262433909" lat="48.4309938" lon="11.5936174"/>
  <node id="262433910" lat="48.4312216" lon="11.5942783"/>
  <node id="262433914" lat="48.4315960" lon="11.5958413"/>
  <node id="262434123" lat="48.4309678" lon="11.5965601"/>
  <node id="262434124" lat="48.4310497" lon="11.5964689"/>
  <node id="262434125" lat="48.4310550" lon="11.5958010"/>
  <node id="262434136" lat="48.4312400" lon="11.5958171"/>
  <node id="262434143" lat="48.4315106" lon="11.5958359"/>
  <node id="262434144" lat="48.4313469" lon="11.5966043"/>
  <node id="264192423" lat="48.4404113" lon="11.5884920"/>
  <node id="264192424" lat="48.4411917" lon="11.5887028"/>
  <node id="264192425" lat="48.4415402" lon="11.5886047"/>
  <node id="264192427" lat="48.4416883" lon="11.5885446"/>
  <node id="264192428" lat="48.4417964" lon="11.5885703"/>
  <node id="264192429" lat="48.4422007" lon="11.5887077"/>
  <node id="264192430" lat="48.4425695" lon="11.5888055"/>
  <node id="264192431" lat="48.4434809" lon="11.5888698"/>
  <node id="264192433" lat="48.4438727" lon="11.5889211"/>
  <node id="264192434" lat="48.4441964" lon="11.5889211"/>
  <node id="264192435" lat="48.4444008" lon="11.5888055"/>
  <node id="264192436" lat="48.4445030" lon="11.5886386"/>
  <node id="264192437" lat="48.4446734" lon="11.5882791"/>
  <node id="264192439" lat="48.4450822" lon="11.5878810"/>
  <node id="264192440" lat="48.4452866" lon="11.5877141"/>
  <node id="264192441" lat="48.4455081" lon="11.5874188"/>
  <node id="264192442" lat="48.4457125" lon="11.5873289"/>
  <node id="264192444" lat="48.4458658" lon="11.5874060"/>
  <node id="264192445" lat="48.4460788" lon="11.5876756"/>
  <node id="264192446" lat="48.4462491" lon="11.5878040"/>
  <node id="264192447" lat="48.4464791" lon="11.5878297"/>
  <node id="264192448" lat="48.4468368" lon="11.5878682"/>
  <node id="264192450" lat="48.4471350" lon="11.5880276"/>
  <node id="264192451" lat="48.4473229" lon="11.5881992"/>
  <node id="264192452" lat="48.4474481" lon="11.5884653"/>
  <node id="264192453" lat="48.4476645" lon="11.5886541"/>
  <node id="264192454" lat="48.4478239" lon="11.5886541"/>
  <node id="264192456" lat="48.4480630" lon="11.5885683"/>
  <node id="285950372" lat="48.4177321" lon="11.5873146"/>
  <node id="285950378" lat="48.4168785" lon="11.5876578"/>
  <node id="285950408" lat="48.4279765" lon="11.5889329"/>
  <node id="285950414" lat="48.4036545" lon="11.5896856"/>
  <node id="285950421" lat="48.4036606" lon="11.5899235"/>
  <node id="285950428" lat="48.4015888" lon="11.5901040"/>
  <node id="285950435" lat="48.4016237" lon="11.5903377"/>
  <node id="285950447" lat="48.3996860" lon="11.5907969"/>
  <node id="285950460" lat="48.3998038" lon="11.5909733"/>
  <node id="285950470" lat="48.3981813" lon="11.5916264"/>
  <node id="285950480" lat="48.3984664" lon="11.5916680"/>
  <node id="287043194" lat="48.4283595" lon="11.5860113"/>
  <node id="287043195" lat="48.4284284" lon="11.5856186"/>
  <node id="287161950" lat="48.4368964" lon="11.6244653"/>
  <node id="287161951" lat="48.4365512" lon="11.6249427"/>
  <node id="287161952" lat="48.4363938" lon="11.6250505"/>
  <node id="287161953" lat="48.4361433" lon="11.6250162"/>
  <node id="287161954" lat="48.4359173" lon="11.6249048"/>
  <node id="287161955" lat="48.4355681" lon="11.6249990"/>
  <node id="287161956" lat="48.4352777" lon="11.6250333"/>
  <node id="287162063" lat="48.4336575" lon="11.6237217"/>
  <node id="287162064" lat="48.4338663" lon="11.6243054"/>
  <node id="287162065" lat="48.4340437" lon="11.6246553"/>
  <node id="287162066" lat="48.4342299" lon="11.6247243"/>
  <node id="287162068" lat="48.4344357" lon="11.6249573"/>
  <node id="287162069" lat="48.4343324" lon="11.6253251"/>
  <node id="287162070" lat="48.4342906" lon="11.6256216"/>
  <node id="287162072" lat="48.4342369" lon="11.6266429"/>
  <node id="287162162" lat="48.4355918" lon="11.6234291"/>
  <node id="287162163" lat="48.4354446" lon="11.6237818"/>
  <node id="287162164" lat="48.4352796" lon="11.6239423"/>
  <node id="287162165" lat="48.4351821" lon="11.6241324"/>
  <node id="287162166" lat="48.4350527" lon="11.6245460"/>
  <node id="287162167" lat="48.4350479" lon="11.6248488"/>
  <node id="287162597" lat="48.4377833" lon="11.6176605"/>
  <node id="287162599" lat="48.4377377" lon="11.6183128"/>
  <node id="287162601" lat="48.4380566" lon="11.6190338"/>
  <node id="287162603" lat="48.4380680" lon="11.6193771"/>
  <node id="287162605" lat="48.4377719" lon="11.6201496"/>
  <node id="287162607" lat="48.4378060" lon="11.6206560"/>
  <node id="287162609" lat="48.4376409" lon="11.6210851"/>
  <node id="287162612" lat="48.4371911" lon="11.6219520"/>
  <node id="287162633" lat="48.4369775" lon="11.6222691"/>
  <node id="287162634" lat="48.4367347" lon="11.6227076"/>
  <node id="287162666" lat="48.4377320" lon="11.6179695"/>
  <node id="287162668" lat="48.4378687" lon="11.6186733"/>
  <node id="287162669" lat="48.4381135" lon="11.6192054"/>
  <node id="287162670" lat="48.4378630" lon="11.6199092"/>
  <node id="287162671" lat="48.4377719" lon="11.6204328"/>
  <node id="287162672" lat="48.4377833" lon="11.6208877"/>
  <node id="287162673" lat="48.4374416" lon="11.6214284"/>
  <node id="287162932" lat="48.4312927" lon="11.6065296"/>
  <node id="287162933" lat="48.4312453" lon="11.6066442"/>
  <node id="287162934" lat="48.4313267" lon="11.6085367"/>
  <node id="287163236" lat="48.4434953" lon="11.6236019"/>
  <node id="287163237" lat="48.4437601" lon="11.6254187"/>
  <node id="287163238" lat="48.4438992" lon="11.6264622"/>
  <node id="287163292" lat="48.4472463" lon="11.6141672"/>
  <node id="287163293" lat="48.4471097" lon="11.6145620"/>
  <node id="287163294" lat="48.4452878" lon="11.6175918"/>
  <node id="287163296" lat="48.4445362" lon="11.6191539"/>
  <node id="287163306" lat="48.4474114" lon="11.6134290"/>
  <node id="287163307" lat="48.4449974" lon="11.6182956"/>
  <node id="287163308" lat="48.4445875" lon="11.6217374"/>
  <node id="287163309" lat="48.4429136" lon="11.6224155"/>
  <node id="287163619" lat="48.4398616" lon="11.6245098"/>
  <node id="287163621" lat="48.4405392" lon="11.6251964"/>
  <node id="287163622" lat="48.4407499" lon="11.6255397"/>
  <node id="287163623" lat="48.4410289" lon="11.6261749"/>
  <node id="287163624" lat="48.4412510" lon="11.6267414"/>
  <node id="287163625" lat="48.4413819" lon="11.6271791"/>
  <node id="287163626" lat="48.4414901" lon="11.6277198"/>
  <node id="287163627" lat="48.4415357" lon="11.6283464"/>
  <node id="287163628" lat="48.4415300" lon="11.6290759"/>
  <node id="287163629" lat="48.4415357" lon="11.6296424"/>
  <node id="287163630" lat="48.4416495" lon="11.6302690"/>
  <node id="287163631" lat="48.4418317" lon="11.6308441"/>
  <node id="287163632" lat="48.4420937" lon="11.6313848"/>
  <node id="287163633" lat="48.4423727" lon="11.6317110"/>
  <node id="287163634" lat="48.4427086" lon="11.6320543"/>
  <node id="287163635" lat="48.4430616" lon="11.6325263"/>
  <node id="287163636" lat="48.4432666" lon="11.6330156"/>
  <node id="287163637" lat="48.4434089" lon="11.6334190"/>
  <node id="287163638" lat="48.4436480" lon="11.6337966"/>
  <node id="287163639" lat="48.4438644" lon="11.6341142"/>
  <node id="287163640" lat="48.4441491" lon="11.6346464"/>
  <node id="287163641" lat="48.4442459" lon="11.6351871"/>
  <node id="287163642" lat="48.4442630" lon="11.6354875"/>
  <node id="287163643" lat="48.4442060" lon="11.6357879"/>
  <node id="287163644" lat="48.4439156" lon="11.6363716"/>
  <node id="287163645" lat="48.4437107" lon="11.6369037"/>
  <node id="287163646" lat="48.4436480" lon="11.6370840"/>
  <node id="291203614" lat="48.4518208" lon="11.5525001"/>
  <node id="291203626" lat="48.4521320" lon="11.5613672"/>
  <node id="291203628" lat="48.4453741" lon="11.5723105"/>
  <node id="291952542" lat="48.4234364" lon="11.6013979"/>
  <node id="293538993" lat="48.4564846" lon="11.5910450"/>
  <node id="293538994" lat="48.4565173" lon="11.5908057"/>
  <node id="293538995" lat="48.4579493" lon="11.5909244"/>
  <node id="293538996" lat="48.4579353" lon="11.5906840"/>
  <node id="293538997" lat="48.4595545" lon="11.5905936"/>
  <node id="293538998" lat="48.4595607" lon="11.5903377"/>
  <node id="315124998" lat="48.4405587" lon="11.5885038"/>
  <node id="315125445" lat="48.4334372" lon="11.5794980"/>
  <node id="315125447" lat="48.4333525" lon="11.5800753"/>
  <node id="315125448" lat="48.4330909" lon="11.5808880"/>
  <node id="315125449" lat="48.4330607" lon="11.5811133"/>
  <node id="315125455" lat="48.4331126" lon="11.5835321"/>
  <node id="315125532" lat="48.4340323" lon="11.5809389"/>
  <node id="315125534" lat="48.4339451" lon="11.5820064"/>
  <node id="315125535" lat="48.4338928" lon="11.5822532"/>
  <node id="315125536" lat="48.4338187" lon="11.5825965"/>
  <node id="315125537" lat="48.4337219" lon="11.5829141"/>
  <node id="315125538" lat="48.4330946" lon="11.5831207"/>
  <node id="315125551" lat="48.4339736" lon="11.5815987"/>
  <node id="315125573" lat="48.4330696" lon="11.5821781"/>
  <node id="315125574" lat="48.4354293" lon="11.5815478"/>
  <node id="315125578" lat="48.4352122" lon="11.5817436"/>
  <node id="315125582" lat="48.4349349" lon="11.5818670"/>
  <node id="315125584" lat="48.4347242" lon="11.5819614"/>
  <node id="315125586" lat="48.4346046" lon="11.5819785"/>
  <node id="315125588" lat="48.4344964" lon="11.5821245"/>
  <node id="315126097" lat="48.4365929" lon="11.5804904"/>
  <node id="315126551" lat="48.4390260" lon="11.5795967"/>
  <node id="315126552" lat="48.4381484" lon="11.5742414"/>
  <node id="315126553" lat="48.4380332" lon="11.5702361"/>
  <node id="315126611" lat="48.4381579" lon="11.5679451"/>
  <node id="315126612" lat="48.4381308" lon="11.5669283"/>
  <node id="315126613" lat="48.4376398" lon="11.5625121"/>
  <node id="315126637" lat="48.4374803" lon="11.5625636">
    <tag k="name" v="Oberkienberg"/>
    <tag k="traffic_sign" v="city_limit"/>
  </node>
  <node id="315126638" lat="48.4372070" lon="11.5626924"/>
  <node id="315126639" lat="48.4369735" lon="11.5627525"/>
  <node id="315126640" lat="48.4365578" lon="11.5628469"/>
  <node id="315126641" lat="48.4363870" lon="11.5629155"/>
  <node id="315126642" lat="48.4362333" lon="11.5631215"/>
  <node id="315126643" lat="48.4360567" lon="11.5633876"/>
  <node id="315126644" lat="48.4358289" lon="11.5636022"/>
  <node id="315126645" lat="48.4356186" lon="11.5637515"/>
  <node id="315126690" lat="48.4355368" lon="11.5632655"/>
  <node id="315126977" lat="48.4396446" lon="11.5824334"/>
  <node id="315126978" lat="48.4398957" lon="11.5840288"/>
  <node id="315126979" lat="48.4399352" lon="11.5846793"/>
  <node id="315126980" lat="48.4398897" lon="11.5851513"/>
  <node id="315126981" lat="48.4398157" lon="11.5854147"/>
  <node id="315126982" lat="48.4396157" lon="11.5858495"/>
  <node id="315126983" lat="48.4394334" lon="11.5861070"/>
  <node id="315127729" lat="48.4420013" lon="11.5816732"/>
  <node id="315127730" lat="48.4444357" lon="11.5793938"/>
  <node id="315127890" lat="48.4153815" lon="11.5896937"/>
  <node id="315734471" lat="48.4402696" lon="11.5817998">
    <tag k="traffic_sign" v="city_limit"/>
  </node>
  <node id="315734472" lat="48.4395997" lon="11.5819684"/>
  <node id="315734473" lat="48.4392408" lon="11.5826438"/>
  <node id="315734474" lat="48.4388853" lon="11.5823309"/>
  <node id="315734477" lat="48.4449772" lon="11.5947398">
    <tag k="created_by" v="Merkaartor 0.12"/>
  </node>
  <node id="315734481" lat="48.4459382" lon="11.5938537"/>
  <node id="315734483" lat="48.4462075" lon="11.5934816">
    <tag k="created_by" v="Merkaartor 0.12"/>
  </node>
  <node id="315734484" lat="48.4466245" lon="11.5926368">
    <tag k="created_by" v="Merkaartor 0.12"/>
  </node>
  <node id="315734485" lat="48.4473575" lon="11.5917279">
    <tag k="created_by" v="Merkaartor 0.12"/>
  </node>
  <node id="315734486" lat="48.4475169" lon="11.5913716">
    <tag k="created_by" v="Merkaartor 0.12"/>
  </node>
  <node id="315734488" lat="48.4476617" lon="11.5910318">
    <tag k="created_by" v="Merkaartor 0.12"/>
  </node>
  <node id="315734489" lat="48.4478064" lon="11.5909592">
    <tag k="created_by" v="Merkaartor 0.12"/>
  </node>
  <node id="315734490" lat="48.4480056" lon="11.5909112">
    <tag k="created_by" v="Merkaartor 0.12"/>
  </node>
  <node id="316630572" lat="48.4281423" lon="11.5831486"/>
  <node id="316630573" lat="48.4282367" lon="11.5840992"/>
  <node id="316630600" lat="48.4289823" lon="11.5820019"/>
  <node id="316630609" lat="48.4283859" lon="11.5840644"/>
  <node id="316630624" lat="48.4284422" lon="11.5830796"/>
  <node id="316630625" lat="48.4282892" lon="11.5831189"/>
  <node id="316631472" lat="48.4408000" lon="11.6018727"/>
  <node id="316631529" lat="48.4408330" lon="11.6020573"/>
  <node id="316631530" lat="48.4410743" lon="11.6026614"/>
  <node id="316631531" lat="48.4411616" lon="11.6029018"/>
  <node id="316631532" lat="48.4411984" lon="11.6030868"/>
  <node id="316631533" lat="48.4411725" lon="11.6036149"/>
  <node id="316631535" lat="48.4410280" lon="11.6040176"/>
  <node id="316631536" lat="48.4409012" lon="11.6044923"/>
  <node id="316631537" lat="48.4407049" lon="11.6053307"/>
  <node id="316631538" lat="48.4405686" lon="11.6057560"/>
  <node id="321783926" lat="48.4558580" lon="11.5854048"/>
  <node id="334289696" lat="48.4618383" lon="11.5894902"/>
  <node id="334289701" lat="48.4558958" lon="11.5908097"/>
  <node id="334289702" lat="48.4499103" lon="11.5900494"/>
  <node id="334289704" lat="48.4490970" lon="11.5899323"/>
  <node id="334289706" lat="48.4441845" lon="11.5892526"/>
  <node id="334289710" lat="48.4417985" lon="11.5891144"/>
  <node id="334289712" lat="48.4380221" lon="11.5891176"/>
  <node id="334291325" lat="48.4305893" lon="11.5889668"/>
  <node id="334291326" lat="48.4306002" lon="11.5887364"/>
  <node id="334293501" lat="48.4306097" lon="11.5890566"/>
  <node id="334294801" lat="48.4300317" lon="11.5892578"/>
  <node id="334294803" lat="48.4276893" lon="11.5892917"/>
  <node id="334294806" lat="48.4060582" lon="11.5895896"/>
  <node id="334294814" lat="48.4000645" lon="11.5906351"/>
  <node id="340145827" lat="48.4141023" lon="11.5894764"/>
  <node id="344185999" lat="48.4222242" lon="11.6182154"/>
  <node id="344186000" lat="48.4224412" lon="11.6179747"/>
  <node id="344186001" lat="48.4229491" lon="11.6176900"/>
  <node id="344186002" lat="48.4232170" lon="11.6175537"/>
  <node id="344186004" lat="48.4236690" lon="11.6176422"/>
  <node id="344186005" lat="48.4238334" lon="11.6176752"/>
  <node id="344186006" lat="48.4241414" lon="11.6179144"/>
  <node id="344186007" lat="48.4244502" lon="11.6181757"/>
  <node id="344186008" lat="48.4249402" lon="11.6182463"/>
  <node id="344186010" lat="48.4254056" lon="11.6182212"/>
  <node id="344186011" lat="48.4257621" lon="11.6182264"/>
  <node id="344186012" lat="48.4258723" lon="11.6184283"/>
  <node id="344186013" lat="48.4260057" lon="11.6186336"/>
  <node id="344186014" lat="48.4260966" lon="11.6190077"/>
  <node id="344186016" lat="48.4261601" lon="11.6192952"/>
  <node id="344186017" lat="48.4265043" lon="11.6195279"/>
  <node id="344186018" lat="48.4273653" lon="11.6185070"/>
  <node id="344186019" lat="48.4274649" lon="11.6180724"/>
  <node id="344186020" lat="48.4277251" lon="11.6174478"/>
  <node id="344186021" lat="48.4278853" lon="11.6170967"/>
  <node id="344186023" lat="48.4280913" lon="11.6167401"/>
  <node id="344202448" lat="48.4515458" lon="11.6071147"/>
  <node id="344202463" lat="48.4557871" lon="11.6162234"/>
  <node id="344202468" lat="48.4565849" lon="11.6191582"/>
  <node id="344202469" lat="48.4567508" lon="11.6198394"/>
  <node id="344202470" lat="48.4568461" lon="11.6203299"/>
  <node id="344202471" lat="48.4570008" lon="11.6214192"/>
  <node id="344202472" lat="48.4569857" lon="11.6221081"/>
  <node id="344202473" lat="48.4569537" lon="11.6225427"/>
  <node id="344202475" lat="48.4567794" lon="11.6231488"/>
  <node id="346557121" lat="48.4250469" lon="11.6092366"/>
  <node id="346557122" lat="48.4253032" lon="11.6091937"/>
  <node id="346557123" lat="48.4254684" lon="11.6092108"/>
  <node id="346557124" lat="48.4255595" lon="11.6092194"/>
  <node id="346557125" lat="48.4256813" lon="11.6090978"/>
  <node id="346557126" lat="48.4258842" lon="11.6089447"/>
  <node id="346557127" lat="48.4261383" lon="11.6087008"/>
  <node id="346557129" lat="48.4263403" lon="11.6083879"/>
  <node id="346557130" lat="48.4265333" lon="11.6082342"/>
  <node id="346557131" lat="48.4268286" lon="11.6080688"/>
  <node id="346557132" lat="48.4271912" lon="11.6077758"/>
  <node id="346557133" lat="48.4273251" lon="11.6076744"/>
  <node id="346557134" lat="48.4276953" lon="11.6074170"/>
  <node id="346557135" lat="48.4282535" lon="11.6070393"/>
  <node id="346557136" lat="48.4286863" lon="11.6067217"/>
  <node id="346557137" lat="48.4292046" lon="11.6065072"/>
  <node id="346557138" lat="48.4296033" lon="11.6063183"/>
  <node id="346557140" lat="48.4300475" lon="11.6060952"/>
  <node id="346557141" lat="48.4304746" lon="11.6058978"/>
  <node id="346557142" lat="48.4308433" lon="11.6058074"/>
  <node id="346557143" lat="48.4309932" lon="11.6058617"/>
  <node id="346557144" lat="48.4310612" lon="11.6064385"/>
  <node id="346557145" lat="48.4311347" lon="11.6065227"/>
  <node id="346557937" lat="48.4281282" lon="11.6127041"/>
  <node id="346557938" lat="48.4284016" lon="11.6122578"/>
  <node id="346557939" lat="48.4291104" lon="11.6112160"/>
  <node id="346557940" lat="48.4293689" lon="11.6113490"/>
  <node id="346557941" lat="48.4299325" lon="11.6115480"/>
  <node id="346557942" lat="48.4301331" lon="11.6116288"/>
  <node id="366144474" lat="48.4281717" lon="11.5814228"/>
  <node id="366144475" lat="48.4275745" lon="11.5815332"/>
  <node id="366145190" lat="48.4315397" lon="11.5982820"/>
  <node id="366145191" lat="48.4314301" lon="11.5986371"/>
  <node id="366145192" lat="48.4313726" lon="11.5991146"/>
  <node id="366188402" lat="48.4329627" lon="11.5990514"/>
  <node id="366188612" lat="48.4330086" lon="11.6001422"/>
  <node id="366188613" lat="48.4328666" lon="11.6008888"/>
  <node id="366188615" lat="48.4328627" lon="11.6010524"/>
  <node id="366368464" lat="48.4305478" lon="11.5957715"/>
  <node id="366368652" lat="48.4304272" lon="11.5985176"/>
  <node id="366369423" lat="48.4312956" lon="11.5974844"/>
  <node id="366369884" lat="48.4314581" lon="11.5967976"/>
  <node id="366369967" lat="48.4316992" lon="11.5958896"/>
  <node id="366534315" lat="48.4287289" lon="11.5952163"/>
  <node id="366534317" lat="48.4282685" lon="11.5938448"/>
  <node id="366534318" lat="48.4281489" lon="11.5928835"/>
  <node id="366588894" lat="48.4289656" lon="11.6019916"/>
  <node id="366589084" lat="48.4287769" lon="11.6009723"/>
  <node id="366589113" lat="48.4291240" lon="11.6019943"/>
  <node id="366589880" lat="48.4289264" lon="11.5977805"/>
  <node id="366589976" lat="48.4287596" lon="11.5984122"/>
  <node id="366590444" lat="48.4291241" lon="11.6015450"/>
  <node id="366590447" lat="48.4290672" lon="11.6007983"/>
  <node id="366591034" lat="48.4265952" lon="11.5948766"/>
  <node id="366591163" lat="48.4266068" lon="11.5952021"/>
  <node id="366592000" lat="48.4245734" lon="11.5961377"/>
  <node id="366592131" lat="48.4246019" lon="11.5968243"/>
  <node id="366593240" lat="48.4282369" lon="11.6004744"/>
  <node id="366593452" lat="48.4284108" lon="11.6004524"/>
  <node id="366593454" lat="48.4284537" lon="11.6003658"/>
  <node id="366593536" lat="48.4296632" lon="11.6019782"/>
  <node id="366593925" lat="48.4297050" lon="11.6024377"/>
  <node id="366593927" lat="48.4296823" lon="11.6028239"/>
  <node id="366593929" lat="48.4295000" lon="11.6028239"/>
  <node id="366593979" lat="48.4307396" lon="11.6098332"/>
  <node id="366594018" lat="48.4298751" lon="11.6092657"/>
  <node id="366594236" lat="48.4295929" lon="11.6114642"/>
  <node id="366594774" lat="48.4347678" lon="11.6165568"/>
  <node id="366595052" lat="48.4345676" lon="11.6244003"/>
  <node id="366597523" lat="48.4347360" lon="11.6254520"/>
  <node id="366597890" lat="48.4361033" lon="11.6246699"/>
  <node id="366598170" lat="48.4401824" lon="11.6248004"/>
  <node id="366598260" lat="48.4373787" lon="11.6231103"/>
  <node id="366598663" lat="48.4378030" lon="11.6227795"/>
  <node id="366599461" lat="48.4301118" lon="11.5807002"/>
  <node id="366599713" lat="48.4300297" lon="11.5831343"/>
  <node id="366599714" lat="48.4295344" lon="11.5832278"/>
  <node id="366599742" lat="48.4295741" lon="11.5837781"/>
  <node id="366599759" lat="48.4299671" lon="11.5831438"/>
  <node id="366599804" lat="48.4299987" lon="11.5835893"/>
  <node id="366599824" lat="48.4301354" lon="11.5814915"/>
  <node id="366599957" lat="48.4306657" lon="11.5814885"/>
  <node id="366599961" lat="48.4306690" lon="11.5818195"/>
  <node id="366599963" lat="48.4305793" lon="11.5821631"/>
  <node id="366599966" lat="48.4301376" lon="11.5820865"/>
  <node id="366600016" lat="48.4308939" lon="11.5818691"/>
  <node id="366600041" lat="48.4300666" lon="11.5827121"/>
  <node id="366600069" lat="48.4304516" lon="11.5828121"/>
  <node id="366600070" lat="48.4307183" lon="11.5828715"/>
  <node id="366600163" lat="48.4304237" lon="11.5830880"/>
  <node id="366600254" lat="48.4305024" lon="11.5841388"/>
  <node id="366601672" lat="48.4296526" lon="11.5744211"/>
  <node id="366601778" lat="48.4288508" lon="11.5717875"/>
  <node id="366601779" lat="48.4287164" lon="11.5716504"/>
  <node id="366601781" lat="48.4287307" lon="11.5714037"/>
  <node id="366601782" lat="48.4286685" lon="11.5712725"/>
  <node id="366601783" lat="48.4278685" lon="11.5710093"/>
  <node id="366601786" lat="48.4289128" lon="11.5781990"/>
  <node id="366601896" lat="48.4287426" lon="11.5783106"/>
  <node id="366601899" lat="48.4286773" lon="11.5785652"/>
  <node id="366601901" lat="48.4288517" lon="11.5788602"/>
  <node id="366601903" lat="48.4290012" lon="11.5804427">
    <tag k="highway" v="turning_circle"/>
    <tag k="natural" v="tree"/>
  </node>
  <node id="366603972" lat="48.4205857" lon="11.5699427"/>
  <node id="366604148" lat="48.4200679" lon="11.5701567"/>
  <node id="366604854" lat="48.4195711" lon="11.5674637"/>
  <node id="366604856" lat="48.4196256" lon="11.5672660"/>
  <node id="366604857" lat="48.4197514" lon="11.5670577"/>
  <node id="366604859" lat="48.4198286" lon="11.5670239"/>
  <node id="366604860" lat="48.4201533" lon="11.5669724"/>
  <node id="366604886" lat="48.4198668" lon="11.5686291"/>
  <node id="366604971" lat="48.4199824" lon="11.5684401"/>
  <node id="366604973" lat="48.4203795" lon="11.5683213"/>
  <node id="366606079" lat="48.4198457" lon="11.5688178"/>
  <node id="366606080" lat="48.4197717" lon="11.5690409"/>
  <node id="366606081" lat="48.4194322" lon="11.5691427"/>
  <node id="366606129" lat="48.4127991" lon="11.5637769"/>
  <node id="366608367" lat="48.4309945" lon="11.5806358"/>
  <node id="366608627" lat="48.4334148" lon="11.5792572"/>
  <node id="366608642" lat="48.4336390" lon="11.5775137"/>
  <node id="366609144" lat="48.4344398" lon="11.5806627">
    <tag k="alt_name" v="Reckmühle"/>
    <tag k="name" v="Unterkienberg"/>
    <tag k="traffic_sign" v="city_limit"/>
  </node>
  <node id="366609437" lat="48.4367675" lon="11.5820199"/>
  <node id="366609470" lat="48.4365789" lon="11.5808128"/>
  <node id="366609603" lat="48.4367267" lon="11.5815379"/>
  <node id="366609728" lat="48.4373702" lon="11.5823447"/>
  <node id="366609729" lat="48.4373588" lon="11.5821129"/>
  <node id="366609731" lat="48.4374271" lon="11.5819670"/>
  <node id="366609732" lat="48.4375296" lon="11.5819327"/>
  <node id="366609733" lat="48.4376549" lon="11.5819155"/>
  <node id="366609735" lat="48.4376891" lon="11.5816495"/>
  <node id="366609736" lat="48.4377859" lon="11.5815035"/>
  <node id="366609737" lat="48.4381674" lon="11.5811946"/>
  <node id="366610978" lat="48.4374627" lon="11.5723203"/>
  <node id="366611867" lat="48.4357960" lon="11.5644321"/>
  <node id="366612686" lat="48.4338345" lon="11.5569301"/>
  <node id="366612687" lat="48.4339879" lon="11.5570109"/>
  <node id="366612689" lat="48.4344737" lon="11.5569975"/>
  <node id="366613167" lat="48.4348988" lon="11.5582263"/>
  <node id="366613171" lat="48.4349133" lon="11.5577968"/>
  <node id="366613176" lat="48.4350324" lon="11.5569090"/>
  <node id="366613179" lat="48.4348242" lon="11.5563136"/>
  <node id="366632867" lat="48.4359138" lon="11.5917627"/>
  <node id="366632868" lat="48.4359822" lon="11.5917885"/>
  <node id="366632869" lat="48.4360050" lon="11.5919001"/>
  <node id="366632870" lat="48.4360050" lon="11.5920117"/>
  <node id="366633084" lat="48.4361056" lon="11.5939315"/>
  <node id="366633085" lat="48.4362194" lon="11.5936928"/>
  <node id="366633086" lat="48.4362230" lon="11.5933522"/>
  <node id="366633087" lat="48.4361188" lon="11.5930245"/>
  <node id="366633088" lat="48.4362212" lon="11.5929499"/>
  <node id="366633089" lat="48.4362959" lon="11.5927836"/>
  <node id="366633090" lat="48.4364632" lon="11.5926414"/>
  <node id="366633127" lat="48.4344869" lon="11.5949607"/>
  <node id="366633289" lat="48.4347692" lon="11.5953076"/>
  <node id="366633445" lat="48.4346429" lon="11.6000827"/>
  <node id="366633447" lat="48.4330775" lon="11.6015654"/>
  <node id="366633928" lat="48.4311663" lon="11.5941178"/>
  <node id="366634677" lat="48.4333213" lon="11.5998376"/>
  <node id="366634678" lat="48.4334540" lon="11.6000147"/>
  <node id="366634679" lat="48.4333846" lon="11.6007984"/>
  <node id="366634748" lat="48.4336069" lon="11.6000798"/>
  <node id="366635394" lat="48.4282351" lon="11.5935760"/>
  <node id="366635868" lat="48.4279922" lon="11.5930931"/>
  <node id="366635869" lat="48.4270980" lon="11.5919773"/>
  <node id="366635870" lat="48.4262152" lon="11.5909817"/>
  <node id="366635872" lat="48.4233181" lon="11.5899405"/>
  <node id="366635873" lat="48.4231162" lon="11.5925176"/>
  <node id="366656270" lat="48.4342534" lon="11.5985828"/>
  <node id="366656378" lat="48.4338019" lon="11.5983842"/>
  <node id="366656555" lat="48.4342166" lon="11.5987503"/>
  <node id="366656871" lat="48.4348182" lon="11.5991732"/>
  <node id="366659329" lat="48.4508064" lon="11.6074051">
    <tag k="TMC:cid_58:tabcd_1:Class" v="Point"/>
    <tag k="TMC:cid_58:tabcd_1:Direction" v="positive"/>
    <tag k="TMC:cid_58:tabcd_1:LCLversion" v="8.00"/>
    <tag k="TMC:cid_58:tabcd_1:LocationCode" v="35055"/>
    <tag k="TMC:cid_58:tabcd_1:NextLocationCode" v="27429"/>
    <tag k="TMC:cid_58:tabcd_1:PrevLocationCode" v="27428"/>
  </node>
  <node id="379736306" lat="48.4576949" lon="11.5760456"/>
  <node id="379736311" lat="48.4575637" lon="11.5768803"/>
  <node id="379736314" lat="48.4571552" lon="11.5767306"/>
  <node id="379736317" lat="48.4562604" lon="11.5765778"/>
  <node id="379736321" lat="48.4560726" lon="11.5774961"/>
  <node id="379736323" lat="48.4552909" lon="11.5788494"/>
  <node id="379736327" lat="48.4539852" lon="11.5806556"/>
  <node id="379736330" lat="48.4534635" lon="11.5824719"/>
  <node id="379736332" lat="48.4531524" lon="11.5829636"/>
  <node id="379736335" lat="48.4525649" lon="11.5834124"/>
  <node id="379736338" lat="48.4520025" lon="11.5835976"/>
  <node id="379736339" lat="48.4512787" lon="11.5840821"/>
  <node id="379736340" lat="48.4502949" lon="11.5840246"/>
  <node id="379736342" lat="48.4496684" lon="11.5840622"/>
  <node id="379736345" lat="48.4495475" lon="11.5840337"/>
  <node id="379736707" lat="48.4487518" lon="11.5843723"/>
  <node id="379736708" lat="48.4489283" lon="11.5864912"/>
  <node id="379736710" lat="48.4483590" lon="11.5881563"/>
  <node id="380211808" lat="48.4623899" lon="11.5815522"/>
  <node id="380211809" lat="48.4616271" lon="11.5812584"/>
  <node id="380211810" lat="48.4612401" lon="11.5807540"/>
  <node id="380211812" lat="48.4604919" lon="11.5799355"/>
  <node id="380211813" lat="48.4602783" lon="11.5791986"/>
  <node id="380211814" lat="48.4597553" lon="11.5782416"/>
  <node id="380211815" lat="48.4594985" lon="11.5768573"/>
  <node id="380211816" lat="48.4590921" lon="11.5761837"/>
  <node id="380211817" lat="48.4587431" lon="11.5762490"/>
  <node id="380212400" lat="48.4166834" lon="11.5975167"/>
  <node id="380212401" lat="48.4180904" lon="11.5978085"/>
  <node id="380212402" lat="48.4191670" lon="11.5983836"/>
  <node id="380212403" lat="48.4194177" lon="11.5986068"/>
  <node id="385663782" lat="48.4206550" lon="11.6073806"/>
  <node id="385663783" lat="48.4207304" lon="11.6073701"/>
  <node id="385663784" lat="48.4210135" lon="11.6075030"/>
  <node id="385663785" lat="48.4213209" lon="11.6076564"/>
  <node id="385663786" lat="48.4215489" lon="11.6077862"/>
  <node id="385663787" lat="48.4218166" lon="11.6080180"/>
  <node id="385663788" lat="48.4220217" lon="11.6082841"/>
  <node id="385663789" lat="48.4222438" lon="11.6085244"/>
  <node id="385663790" lat="48.4224147" lon="11.6086274"/>
  <node id="385663791" lat="48.4226482" lon="11.6086789"/>
  <node id="385663792" lat="48.4229615" lon="11.6085845"/>
  <node id="385663794" lat="48.4231779" lon="11.6085072"/>
  <node id="385663798" lat="48.4233147" lon="11.6084471"/>
  <node id="385663799" lat="48.4234058" lon="11.6083785"/>
  <node id="385663800" lat="48.4233830" lon="11.6081897"/>
  <node id="385663801" lat="48.4233488" lon="11.6079837"/>
  <node id="385663802" lat="48.4232748" lon="11.6077262"/>
  <node id="385663803" lat="48.4232007" lon="11.6075030"/>
  <node id="385663837" lat="48.4232121" lon="11.6073657"/>
  <node id="385663838" lat="48.4233147" lon="11.6073228"/>
  <node id="385663839" lat="48.4234058" lon="11.6073485"/>
  <node id="385663840" lat="48.4234855" lon="11.6074258"/>
  <node id="385663841" lat="48.4236222" lon="11.6074000"/>
  <node id="385663842" lat="48.4237931" lon="11.6072541"/>
  <node id="385663843" lat="48.4239184" lon="11.6072026"/>
  <node id="385663844" lat="48.4240209" lon="11.6071511"/>
  <node id="385664253" lat="48.4239868" lon="11.6082583"/>
  <node id="385664254" lat="48.4238216" lon="11.6083098"/>
  <node id="385664255" lat="48.4235767" lon="11.6083785"/>
  <node id="385664529" lat="48.4213040" lon="11.6163436"/>
  <node id="385664530" lat="48.4214372" lon="11.6164326"/>
  <node id="385664531" lat="48.4216290" lon="11.6165587"/>
  <node id="385664532" lat="48.4218320" lon="11.6167333"/>
  <node id="385664533" lat="48.4219533" lon="11.6169444"/>
  <node id="385664534" lat="48.4220388" lon="11.6171847"/>
  <node id="385664535" lat="48.4220786" lon="11.6174937"/>
  <node id="385664536" lat="48.4221356" lon="11.6178199"/>
  <node id="385664537" lat="48.4221755" lon="11.6182490"/>
  <node id="385664775" lat="48.4219725" lon="11.6196593"/>
  <node id="385664776" lat="48.4221440" lon="11.6193236"/>
  <node id="385664777" lat="48.4221833" lon="11.6190069"/>
  <node id="385664896" lat="48.4222891" lon="11.6197477"/>
  <node id="385664899" lat="48.4224741" lon="11.6196296"/>
  <node id="385664901" lat="48.4226824" lon="11.6195622"/>
  <node id="385664904" lat="48.4228761" lon="11.6195536"/>
  <node id="385664906" lat="48.4231267" lon="11.6193476"/>
  <node id="385664907" lat="48.4233659" lon="11.6192618"/>
  <node id="385664909" lat="48.4234741" lon="11.6192275"/>
  <node id="385664911" lat="48.4235482" lon="11.6193562"/>
  <node id="385664912" lat="48.4237020" lon="11.6193906"/>
  <node id="385664914" lat="48.4240095" lon="11.6193991"/>
  <node id="385664916" lat="48.4242317" lon="11.6193906"/>
  <node id="385664917" lat="48.4244538" lon="11.6193648"/>
  <node id="385664919" lat="48.4246589" lon="11.6194678"/>
  <node id="385664920" lat="48.4248411" lon="11.6194335"/>
  <node id="385664922" lat="48.4250690" lon="11.6194335"/>
  <node id="385664923" lat="48.4253139" lon="11.6193820"/>
  <node id="385664925" lat="48.4255759" lon="11.6192704"/>
  <node id="385664926" lat="48.4257866" lon="11.6192275"/>
  <node id="385664928" lat="48.4260144" lon="11.6192704"/>
  <node id="385664981" lat="48.4268351" lon="11.6194351"/>
  <node id="385664982" lat="48.4270213" lon="11.6192389"/>
  <node id="385664983" lat="48.4272203" lon="11.6188628"/>
  <node id="385665067" lat="48.4275973" lon="11.6177372"/>
  <node id="385665167" lat="48.4276628" lon="11.6189963"/>
  <node id="385665169" lat="48.4278068" lon="11.6190485"/>
  <node id="385665170" lat="48.4279482" lon="11.6187409"/>
  <node id="385665171" lat="48.4279067" lon="11.6183810"/>
  <node id="385665474" lat="48.4267947" lon="11.6206265"/>
  <node id="385665475" lat="48.4268126" lon="11.6207234"/>
  <node id="385665476" lat="48.4267971" lon="11.6208410"/>
  <node id="385665477" lat="48.4267606" lon="11.6210128"/>
  <node id="385665478" lat="48.4266808" lon="11.6212359"/>
  <node id="385665479" lat="48.4265783" lon="11.6215449"/>
  <node id="385665480" lat="48.4265213" lon="11.6219226"/>
  <node id="385665481" lat="48.4265669" lon="11.6221801"/>
  <node id="385665482" lat="48.4266808" lon="11.6223860"/>
  <node id="385665483" lat="48.4268061" lon="11.6225663"/>
  <node id="385665484" lat="48.4269200" lon="11.6227122"/>
  <node id="385665485" lat="48.4269941" lon="11.6228839"/>
  <node id="385665486" lat="48.4269941" lon="11.6232272"/>
  <node id="385665487" lat="48.4269371" lon="11.6236821"/>
  <node id="385665488" lat="48.4269485" lon="11.6239997"/>
  <node id="385665489" lat="48.4269884" lon="11.6244117"/>
  <node id="385665543" lat="48.4267353" lon="11.6204282"/>
  <node id="385665634" lat="48.4269941" lon="11.6246520"/>
  <node id="385665635" lat="48.4269884" lon="11.6248751"/>
  <node id="385665636" lat="48.4270852" lon="11.6251841"/>
  <node id="385665637" lat="48.4271080" lon="11.6254674"/>
  <node id="385665638" lat="48.4271592" lon="11.6258279"/>
  <node id="385665639" lat="48.4271422" lon="11.6261626"/>
  <node id="385665640" lat="48.4271137" lon="11.6264201"/>
  <node id="385665641" lat="48.4271422" lon="11.6266261"/>
  <node id="385665642" lat="48.4271080" lon="11.6267634"/>
  <node id="385665643" lat="48.4270226" lon="11.6267806"/>
  <node id="385665644" lat="48.4269143" lon="11.6267205"/>
  <node id="392275726" lat="48.4452682" lon="11.5789317"/>
  <node id="393396402" lat="48.4331283" lon="11.6016684"/>
  <node id="393396403" lat="48.4331895" lon="11.6018081"/>
  <node id="393396405" lat="48.4356082" lon="11.6216414"/>
  <node id="393434145" lat="48.4351057" lon="11.5604574"/>
  <node id="393434146" lat="48.4361523" lon="11.5655636"/>
  <node id="393434148" lat="48.4365602" lon="11.5664930"/>
  <node id="393434151" lat="48.4367033" lon="11.5674038"/>
  <node id="393434153" lat="48.4367996" lon="11.5688033"/>
  <node id="393434156" lat="48.4366851" lon="11.5724239"/>
  <node id="393434160" lat="48.4364621" lon="11.5730920"/>
  <node id="393434161" lat="48.4364754" lon="11.5740193"/>
  <node id="393434164" lat="48.4366403" lon="11.5758789"/>
  <node id="393434167" lat="48.4367819" lon="11.5785280"/>
  <node id="393434169" lat="48.4367558" lon="11.5798571"/>
  <node id="393434171" lat="48.4194258" lon="11.5672200"/>
  <node id="393434173" lat="48.4193704" lon="11.5669506"/>
  <node id="393434175" lat="48.4190865" lon="11.5650550"/>
  <node id="393434177" lat="48.4187478" lon="11.5633732"/>
  <node id="393434179" lat="48.4184583" lon="11.5624442"/>
  <node id="393434181" lat="48.4182373" lon="11.5651057"/>
  <node id="393434185" lat="48.4163504" lon="11.5650784"/>
  <node id="393434189" lat="48.4162658" lon="11.5650073"/>
  <node id="393434191" lat="48.4162533" lon="11.5649309"/>
  <node id="393434193" lat="48.4164685" lon="11.5635237"/>
  <node id="393434194" lat="48.4163919" lon="11.5633288"/>
  <node id="393434196" lat="48.4163423" lon="11.5633276"/>
  <node id="393434197" lat="48.4154707" lon="11.5634413"/>
  <node id="393434198" lat="48.4151441" lon="11.5631983"/>
  <node id="393434200" lat="48.4143475" lon="11.5626824"/>
  <node id="393434202" lat="48.4137637" lon="11.5632760"/>
  <node id="393434204" lat="48.4134499" lon="11.5634942"/>
  <node id="393434206" lat="48.4131937" lon="11.5636833"/>
  <node id="393655817" lat="48.4144717" lon="11.5625230"/>
  <node id="393655819" lat="48.4146888" lon="11.5621555"/>
  <node id="393655821" lat="48.4149282" lon="11.5618841"/>
  <node id="393655822" lat="48.4150991" lon="11.5614721"/>
  <node id="393655824" lat="48.4152188" lon="11.5612575"/>
  <node id="393655958" lat="48.4154409" lon="11.5610945"/>
  <node id="393655959" lat="48.4156688" lon="11.5609571"/>
  <node id="393655960" lat="48.4160106" lon="11.5609915"/>
  <node id="393655961" lat="48.4163410" lon="11.5610945"/>
  <node id="393655962" lat="48.4165632" lon="11.5612490"/>
  <node id="393655963" lat="48.4167113" lon="11.5615322"/>
  <node id="393655964" lat="48.4168537" lon="11.5617382"/>
  <node id="393655965" lat="48.4172639" lon="11.5618755"/>
  <node id="393655966" lat="48.4175772" lon="11.5619957"/>
  <node id="393655967" lat="48.4178677" lon="11.5619356"/>
  <node id="393655968" lat="48.4180842" lon="11.5618498"/>
  <node id="393656346" lat="48.4183120" lon="11.5622017"/>
  <node id="393656347" lat="48.4182323" lon="11.5617210"/>
  <node id="393656348" lat="48.4181753" lon="11.5611460"/>
  <node id="393656349" lat="48.4180614" lon="11.5606653"/>
  <node id="393656350" lat="48.4179645" lon="11.5601417"/>
  <node id="393656351" lat="48.4179133" lon="11.5598070"/>
  <node id="393656352" lat="48.4179304" lon="11.5593693"/>
  <node id="393656353" lat="48.4179702" lon="11.5592234"/>
  <node id="393656376" lat="48.4186652" lon="11.5616524"/>
  <node id="393656377" lat="48.4186139" lon="11.5618669"/>
  <node id="393656378" lat="48.4186083" lon="11.5622618"/>
  <node id="393656380" lat="48.4186390" lon="11.5628820"/>
  <node id="393656386" lat="48.4264268" lon="11.5633511"/>
  <node id="393656387" lat="48.4261896" lon="11.5633346"/>
  <node id="393656388" lat="48.4257296" lon="11.5632774"/>
  <node id="393656389" lat="48.4252972" lon="11.5632907"/>
  <node id="393656390" lat="48.4246657" lon="11.5632410"/>
  <node id="393656391" lat="48.4243015" lon="11.5628896"/>
  <node id="393656392" lat="48.4238897" lon="11.5621810"/>
  <node id="393656393" lat="48.4233914" lon="11.5616333"/>
  <node id="393656394" lat="48.4228583" lon="11.5611646"/>
  <node id="393656395" lat="48.4223450" lon="11.5607855"/>
  <node id="393656396" lat="48.4219520" lon="11.5605451"/>
  <node id="393656397" lat="48.4216615" lon="11.5603821"/>
  <node id="393656398" lat="48.4213254" lon="11.5602877"/>
  <node id="393656399" lat="48.4209494" lon="11.5600817"/>
  <node id="393656400" lat="48.4206361" lon="11.5599958"/>
  <node id="393656401" lat="48.4204710" lon="11.5601160"/>
  <node id="393656402" lat="48.4202431" lon="11.5603134"/>
  <node id="393656403" lat="48.4199526" lon="11.5606052"/>
  <node id="393656404" lat="48.4197817" lon="11.5606310"/>
  <node id="393656405" lat="48.4194969" lon="11.5605451"/>
  <node id="393656406" lat="48.4190924" lon="11.5608713"/>
  <node id="393656408" lat="48.4189216" lon="11.5610859"/>
  <node id="393656409" lat="48.4187222" lon="11.5613434"/>
  <node id="429460536" lat="48.4558936" lon="11.6183799"/>
  <node id="429460537" lat="48.4543806" lon="11.6142152"/>
  <node id="429460538" lat="48.4521284" lon="11.6095848"/>
  <node id="429460539" lat="48.4483705" lon="11.6041376"/>
  <node id="429460540" lat="48.4453016" lon="11.6021131"/>
  <node id="429460542" lat="48.4435387" lon="11.6020321"/>
  <node id="429460546" lat="48.4402359" lon="11.6016690"/>
  <node id="429460551" lat="48.4369153" lon="11.6015973"/>
  <node id="429460552" lat="48.4365690" lon="11.6015056">
    <tag k="name" v="Allershausen"/>
    <tag k="traffic_sign" v="city_limit"/>
  </node>
  <node id="429460553" lat="48.4344816" lon="11.5999135"/>
  <node id="429731382" lat="48.4449469" lon="11.5792054"/>
  <node id="429731383" lat="48.4466247" lon="11.5811736"/>
  <node id="436946569" lat="48.4353383" lon="11.6008251"/>
  <node id="436951220" lat="48.4306762" lon="11.6020868"/>
  <node id="436951226" lat="48.4304703" lon="11.6021790"/>
  <node id="436961643" lat="48.4289131" lon="11.5957877"/>
  <node id="443510604" lat="48.4188429" lon="11.5897009"/>
  <node id="443620088" lat="48.4162920" lon="11.5949427"/>
  <node id="443620099" lat="48.4170885" lon="11.6234316"/>
  <node id="443620104" lat="48.4364588" lon="11.6228969">
    <tag k="name" v="Tünzhausen"/>
    <tag k="traffic_sign" v="city_limit"/>
  </node>
  <node id="443620106" lat="48.4365041" lon="11.6232776"/>
  <node id="443620107" lat="48.4367924" lon="11.6231407"/>
  <node id="443620108" lat="48.4382583" lon="11.6233553"/>
  <node id="443620109" lat="48.4387627" lon="11.6235613"/>
  <node id="443620110" lat="48.4390447" lon="11.6236352"/>
  <node id="443620111" lat="48.4396087" lon="11.6240241"/>
  <node id="443620112" lat="48.4399670" lon="11.6251444"/>
  <node id="443620113" lat="48.4399955" lon="11.6260242"/>
  <node id="443620114" lat="48.4399254" lon="11.6247256"/>
  <node id="443620115" lat="48.4394753" lon="11.6235210"/>
  <node id="443620116" lat="48.4409457" lon="11.6229915"/>
  <node id="443620117" lat="48.4421076" lon="11.6232234"/>
  <node id="452628796" lat="48.4333970" lon="11.6230345"/>
  <node id="452628797" lat="48.4332638" lon="11.6218574"/>
  <node id="452628798" lat="48.4335363" lon="11.6210838"/>
  <node id="452628799" lat="48.4339700" lon="11.6198765"/>
  <node id="460645103" lat="48.4418943" lon="11.5882794"/>
  <node id="460645151" lat="48.4419989" lon="11.5878659"/>
  <node id="460645168" lat="48.4420707" lon="11.5876470"/>
  <node id="460645181" lat="48.4425178" lon="11.5871266"/>
  <node id="460645197" lat="48.4428776" lon="11.5866633"/>
  <node id="460645218" lat="48.4432591" lon="11.5862084"/>
  <node id="460645243" lat="48.4434640" lon="11.5859166"/>
  <node id="460645263" lat="48.4435779" lon="11.5858479"/>
  <node id="460645282" lat="48.4437316" lon="11.5858909"/>
  <node id="460645307" lat="48.4439878" lon="11.5860024"/>
  <node id="460645332" lat="48.4441017" lon="11.5860024"/>
  <node id="460645348" lat="48.4442725" lon="11.5859338"/>
  <node id="460645398" lat="48.4448988" lon="11.5855475"/>
  <node id="460645417" lat="48.4456105" lon="11.5851785"/>
  <node id="460645436" lat="48.4464430" lon="11.5848649"/>
  <node id="460645466" lat="48.4468801" lon="11.5846635"/>
  <node id="460645494" lat="48.4469919" lon="11.5846406"/>
  <node id="460645521" lat="48.4471498" lon="11.5846478"/>
  <node id="460645546" lat="48.4474323" lon="11.5848008"/>
  <node id="460645819" lat="48.4365201" lon="11.5987837"/>
  <node id="460645851" lat="48.4368049" lon="11.5987729"/>
  <node id="460645878" lat="48.4368939" lon="11.5987273"/>
  <node id="460645903" lat="48.4369366" lon="11.5985798"/>
  <node id="460645944" lat="48.4369615" lon="11.5980997"/>
  <node id="460645979" lat="48.4369102" lon="11.5973835"/>
  <node id="460646015" lat="48.4369330" lon="11.5972720"/>
  <node id="460646040" lat="48.4370810" lon="11.5971432"/>
  <node id="460646058" lat="48.4372803" lon="11.5969801"/>
  <node id="460646074" lat="48.4375650" lon="11.5966969"/>
  <node id="460646122" lat="48.4379067" lon="11.5964738"/>
  <node id="460646142" lat="48.4380889" lon="11.5963536"/>
  <node id="460646164" lat="48.4382540" lon="11.5962076"/>
  <node id="460646188" lat="48.4383850" lon="11.5961991"/>
  <node id="460646207" lat="48.4386584" lon="11.5962419"/>
  <node id="460646234" lat="48.4388235" lon="11.5961734"/>
  <node id="460646252" lat="48.4389431" lon="11.5960790"/>
  <node id="460646269" lat="48.4390904" lon="11.5958944"/>
  <node id="460646309" lat="48.4394100" lon="11.5952721"/>
  <node id="460646343" lat="48.4397413" lon="11.5947224"/>
  <node id="460646375" lat="48.4399113" lon="11.5944264"/>
  <node id="460646462" lat="48.4400038" lon="11.5941466"/>
  <node id="460646494" lat="48.4400359" lon="11.5938958"/>
  <node id="460646516" lat="48.4400242" lon="11.5936078"/>
  <node id="460646552" lat="48.4399571" lon="11.5932637"/>
  <node id="460646576" lat="48.4399665" lon="11.5930713"/>
  <node id="460646595" lat="48.4399846" lon="11.5929414"/>
  <node id="460646613" lat="48.4400640" lon="11.5928178"/>
  <node id="460646636" lat="48.4403441" lon="11.5925497"/>
  <node id="460646655" lat="48.4406560" lon="11.5922533"/>
  <node id="460646673" lat="48.4411224" lon="11.5917079"/>
  <node id="460646719" lat="48.4413802" lon="11.5914016"/>
  <node id="460646873" lat="48.4395076" lon="11.5954872"/>
  <node id="460646903" lat="48.4398313" lon="11.5952035"/>
  <node id="460646933" lat="48.4399566" lon="11.5952035"/>
  <node id="460646999" lat="48.4400990" lon="11.5952722"/>
  <node id="460647079" lat="48.4402641" lon="11.5954696"/>
  <node id="460647123" lat="48.4405032" lon="11.5958644"/>
  <node id="460647150" lat="48.4408164" lon="11.5963708"/>
  <node id="460647179" lat="48.4410499" lon="11.5967656"/>
  <node id="460647206" lat="48.4411467" lon="11.5969373"/>
  <node id="460647235" lat="48.4411979" lon="11.5970317"/>
  <node id="460647244" lat="48.4412150" lon="11.5971089"/>
  <node id="460647395" lat="48.4400705" lon="11.5949203"/>
  <node id="460647416" lat="48.4403039" lon="11.5946628"/>
  <node id="460647433" lat="48.4404919" lon="11.5944568"/>
  <node id="460647462" lat="48.4407652" lon="11.5941735"/>
  <node id="460647528" lat="48.4390602" lon="11.6014863"/>
  <node id="460647547" lat="48.4390683" lon="11.6013404"/>
  <node id="460647567" lat="48.4391025" lon="11.6012202"/>
  <node id="460647597" lat="48.4391936" lon="11.6011773"/>
  <node id="460647633" lat="48.4395637" lon="11.6010486"/>
  <node id="460647723" lat="48.4397630" lon="11.6008855"/>
  <node id="460647749" lat="48.4400079" lon="11.6008082"/>
  <node id="460647766" lat="48.4402470" lon="11.6006537"/>
  <node id="460647793" lat="48.4404691" lon="11.6004992"/>
  <node id="460647825" lat="48.4406570" lon="11.6003276"/>
  <node id="460647849" lat="48.4407879" lon="11.6002332"/>
  <node id="460647871" lat="48.4409474" lon="11.6002074"/>
  <node id="460647897" lat="48.4410897" lon="11.6002503"/>
  <node id="460647915" lat="48.4412150" lon="11.6002503"/>
  <node id="460647938" lat="48.4414143" lon="11.6001645"/>
  <node id="460648019" lat="48.4416136" lon="11.6000186"/>
  <node id="460648039" lat="48.4418015" lon="11.5999413"/>
  <node id="460648057" lat="48.4419780" lon="11.5999328"/>
  <node id="460648088" lat="48.4422228" lon="11.5998469"/>
  <node id="460648117" lat="48.4424164" lon="11.5997697"/>
  <node id="460648135" lat="48.4426897" lon="11.5996495"/>
  <node id="460648148" lat="48.4429288" lon="11.5995723"/>
  <node id="460648170" lat="48.4431793" lon="11.5994607"/>
  <node id="460648190" lat="48.4434242" lon="11.5993405"/>
  <node id="460648217" lat="48.4437089" lon="11.5992032"/>
  <node id="460648243" lat="48.4439195" lon="11.5991174"/>
  <node id="460648310" lat="48.4441643" lon="11.5989886"/>
  <node id="460648336" lat="48.4444092" lon="11.5989028"/>
  <node id="461557424" lat="48.4560714" lon="11.5823954"/>
  <node id="461557425" lat="48.4529988" lon="11.5830739"/>
  <node id="461557427" lat="48.4554949" lon="11.5861645"/>
  <node id="461557429" lat="48.4552614" lon="11.5869416"/>
  <node id="461557431" lat="48.4535482" lon="11.5825370"/>
  <node id="461557432" lat="48.4541953" lon="11.5822205"/>
  <node id="461557433" lat="48.4548656" lon="11.5820305"/>
  <node id="461557434" lat="48.4553537" lon="11.5818687"/>
  <node id="461557435" lat="48.4557063" lon="11.5818180"/>
  <node id="461557436" lat="48.4559702" lon="11.5819174"/>
  <node id="461557437" lat="48.4561404" lon="11.5818505"/>
  <node id="461557438" lat="48.4560537" lon="11.5820199"/>
  <node id="461557439" lat="48.4560786" lon="11.5830713"/>
  <node id="461557440" lat="48.4560821" lon="11.5837901"/>
  <node id="461557441" lat="48.4559495" lon="11.5849507"/>
  <node id="461557442" lat="48.4552551" lon="11.5872596"/>
  <node id="461557443" lat="48.4553461" lon="11.5874827"/>
  <node id="461557444" lat="48.4554941" lon="11.5877316"/>
  <node id="461557445" lat="48.4556696" lon="11.5877797"/>
  <node id="461557446" lat="48.4557470" lon="11.5879514"/>
  <node id="461557447" lat="48.4558538" lon="11.5882540"/>
  <node id="461557448" lat="48.4557788" lon="11.5886328"/>
  <node id="461557449" lat="48.4557677" lon="11.5890988"/>
  <node id="461557450" lat="48.4557844" lon="11.5897486"/>
  <node id="461557451" lat="48.4558170" lon="11.5901946"/>
  <node id="461557452" lat="48.4476780" lon="11.5847533"/>
  <node id="461557453" lat="48.4480139" lon="11.5846324"/>
  <node id="461557454" lat="48.4485610" lon="11.5844918"/>
  <node id="461564170" lat="48.4574474" lon="11.5656596"/>
  <node id="461564171" lat="48.4571071" lon="11.5658895"/>
  <node id="461564172" lat="48.4491931" lon="11.5737357"/>
  <node id="461564173" lat="48.4494322" lon="11.5736843"/>
  <node id="461564174" lat="48.4497396" lon="11.5737872"/>
  <node id="461564175" lat="48.4500812" lon="11.5736585"/>
  <node id="461564176" lat="48.4504911" lon="11.5733066"/>
  <node id="461564177" lat="48.4508668" lon="11.5729118"/>
  <node id="461564178" lat="48.4512027" lon="11.5726457"/>
  <node id="461564179" lat="48.4516353" lon="11.5724998"/>
  <node id="461564180" lat="48.4519940" lon="11.5721908"/>
  <node id="461564181" lat="48.4523811" lon="11.5719762"/>
  <node id="461564183" lat="48.4528593" lon="11.5713411"/>
  <node id="461564184" lat="48.4530414" lon="11.5707746"/>
  <node id="461564185" lat="48.4533602" lon="11.5704742"/>
  <node id="461564186" lat="48.4539026" lon="11.5702195"/>
  <node id="461564187" lat="48.4542441" lon="11.5697711"/>
  <node id="461564188" lat="48.4546062" lon="11.5692795"/>
  <node id="461564189" lat="48.4548180" lon="11.5689349"/>
  <node id="461564190" lat="48.4551078" lon="11.5684400"/>
  <node id="461564191" lat="48.4554323" lon="11.5680623"/>
  <node id="461564192" lat="48.4557340" lon="11.5676504"/>
  <node id="461564193" lat="48.4561210" lon="11.5672126"/>
  <node id="461564194" lat="48.4562690" lon="11.5669551"/>
  <node id="461564195" lat="48.4563601" lon="11.5667062"/>
  <node id="461564196" lat="48.4564755" lon="11.5663642"/>
  <node id="461564197" lat="48.4567870" lon="11.5660968"/>
  <node id="461564198" lat="48.4581303" lon="11.5654359"/>
  <node id="461564199" lat="48.4588418" lon="11.5652471"/>
  <node id="461564200" lat="48.4594555" lon="11.5650299"/>
  <node id="461781651" lat="48.4385560" lon="11.6015141"/>
  <node id="461781655" lat="48.4392552" lon="11.6041964"/>
  <node id="461781660" lat="48.4392410" lon="11.6043787"/>
  <node id="461781667" lat="48.4390392" lon="11.6045123"/>
  <node id="461781674" lat="48.4381282" lon="11.6052676"/>
  <node id="461781681" lat="48.4381328" lon="11.6055401"/>
  <node id="461781682" lat="48.4380883" lon="11.6057139"/>
  <node id="461781683" lat="48.4379460" lon="11.6059542"/>
  <node id="461781685" lat="48.4373879" lon="11.6064006"/>
  <node id="476008454" lat="48.4642371" lon="11.6133289"/>
  <node id="476008455" lat="48.4635527" lon="11.6130397"/>
  <node id="476008456" lat="48.4638141" lon="11.6119311"/>
  <node id="476008457" lat="48.4638386" lon="11.6108154"/>
  <node id="476008458" lat="48.4632010" lon="11.6092521"/>
  <node id="476008459" lat="48.4624470" lon="11.6079034"/>
  <node id="476008460" lat="48.4617849" lon="11.6074927"/>
  <node id="476008461" lat="48.4602667" lon="11.6072952"/>
  <node id="476008462" lat="48.4602993" lon="11.6068862"/>
  <node id="476008463" lat="48.4591110" lon="11.6069025"/>
  <node id="476008464" lat="48.4582403" lon="11.6063658"/>
  <node id="476008465" lat="48.4571625" lon="11.6048566"/>
  <node id="503617836" lat="48.4238524" lon="11.5997883"/>
  <node id="503617839" lat="48.4239617" lon="11.6000531"/>
  <node id="503617842" lat="48.4240063" lon="11.6003122"/>
  <node id="503617844" lat="48.4241225" lon="11.6006517"/>
  <node id="503617850" lat="48.4241203" lon="11.6007617"/>
  <node id="503617852" lat="48.4240636" lon="11.6008882"/>
  <node id="503617853" lat="48.4239965" lon="11.6010334"/>
  <node id="503617854" lat="48.4239161" lon="11.6012792"/>
  <node id="503617855" lat="48.4237163" lon="11.6016705"/>
  <node id="503617861" lat="48.4230791" lon="11.6011941"/>
  <node id="503617864" lat="48.4228524" lon="11.6011005"/>
  <node id="503617868" lat="48.4224339" lon="11.6010441"/>
  <node id="503617871" lat="48.4222300" lon="11.6009266"/>
  <node id="503661261" lat="48.4362652" lon="11.6037198"/>
  <node id="503661273" lat="48.4365556" lon="11.6042090"/>
  <node id="503661292" lat="48.4369883" lon="11.6051703"/>
  <node id="503661305" lat="48.4372803" lon="11.6063399"/>
  <node id="503661347" lat="48.4373423" lon="11.6072465"/>
  <node id="503661365" lat="48.4373832" lon="11.6076725"/>
  <node id="503661376" lat="48.4376857" lon="11.6082840"/>
  <node id="503661382" lat="48.4379165" lon="11.6084834"/>
  <node id="503661392" lat="48.4382980" lon="11.6085949"/>
  <node id="503661411" lat="48.4388219" lon="11.6086550"/>
  <node id="503661420" lat="48.4393002" lon="11.6087323"/>
  <node id="503661427" lat="48.4395052" lon="11.6089039"/>
  <node id="503661440" lat="48.4396988" lon="11.6092558"/>
  <node id="503661451" lat="48.4398013" lon="11.6097622"/>
  <node id="503661509" lat="48.4398810" lon="11.6108180"/>
  <node id="503661530" lat="48.4399379" lon="11.6114874"/>
  <node id="503667615" lat="48.4407042" lon="11.6116651"/>
  <node id="503667623" lat="48.4409319" lon="11.6122316"/>
  <node id="503667631" lat="48.4417632" lon="11.6125234"/>
  <node id="503667639" lat="48.4423497" lon="11.6129011"/>
  <node id="505651089" lat="48.4215794" lon="11.5995368"/>
  <node id="505651108" lat="48.4218528" lon="11.5995197"/>
  <node id="505651130" lat="48.4221946" lon="11.5992793"/>
  <node id="505651161" lat="48.4225990" lon="11.5992450"/>
  <node id="505651184" lat="48.4229351" lon="11.5992793"/>
  <node id="505651209" lat="48.4233158" lon="11.5994062"/>
  <node id="505651236" lat="48.4235649" lon="11.5996383"/>
  <node id="505651263" lat="48.4237298" lon="11.5997945"/>
  <node id="505651288" lat="48.4239644" lon="11.5996836"/>
  <node id="505651335" lat="48.4241089" lon="11.5993967"/>
  <node id="505651367" lat="48.4241597" lon="11.5990562"/>
  <node id="505651471" lat="48.4241286" lon="11.5985166"/>
  <node id="505651501" lat="48.4241533" lon="11.5980796"/>
  <node id="538793243" lat="48.4548298" lon="11.5590923"/>
  <node id="538793246" lat="48.4548499" lon="11.5570487"/>
  <node id="538793249" lat="48.4550611" lon="11.5559273"/>
  <node id="538793251" lat="48.4552638" lon="11.5545969"/>
  <node id="538793252" lat="48.4552995" lon="11.5544199"/>
  <node id="538793253" lat="48.4559291" lon="11.5537172"/>
  <node id="538793256" lat="48.4530047" lon="11.5627777"/>
  <node id="538793258" lat="48.4544327" lon="11.5624794"/>
  <node id="538793260" lat="48.4548306" lon="11.5624520"/>
  <node id="538793261" lat="48.4550540" lon="11.5627938"/>
  <node id="538793263" lat="48.4551251" lon="11.5631156"/>
  <node id="538793264" lat="48.4551409" lon="11.5633574"/>
  <node id="538793265" lat="48.4550308" lon="11.5641048"/>
  <node id="538793266" lat="48.4549345" lon="11.5649874"/>
  <node id="538793267" lat="48.4547308" lon="11.5657867"/>
  <node id="538793268" lat="48.4544940" lon="11.5660562"/>
  <node id="538793269" lat="48.4541361" lon="11.5662485"/>
  <node id="538793270" lat="48.4531941" lon="11.5663494"/>
  <node id="538793271" lat="48.4523418" lon="11.5663830"/>
  <node id="538793272" lat="48.4510009" lon="11.5665156"/>
  <node id="538793279" lat="48.4588344" lon="11.5635126"/>
  <node id="538793281" lat="48.4586649" lon="11.5627830"/>
  <node id="538793285" lat="48.4586685" lon="11.5620910"/>
  <node id="538793286" lat="48.4584621" lon="11.5611094"/>
  <node id="538793288" lat="48.4581135" lon="11.5627401"/>
  <node id="538793289" lat="48.4576047" lon="11.5626489"/>
  <node id="538793290" lat="48.4577399" lon="11.5629923"/>
  <node id="538793291" lat="48.4578360" lon="11.5635287"/>
  <node id="538793292" lat="48.4578751" lon="11.5640383"/>
  <node id="538793293" lat="48.4578929" lon="11.5647572"/>
  <node id="538793294" lat="48.4579357" lon="11.5652239"/>
  <node id="538793295" lat="48.4580212" lon="11.5654715"/>
  <node id="538793305" lat="48.4616424" lon="11.5680080"/>
  <node id="538793331" lat="48.4614645" lon="11.5683996"/>
  <node id="538793333" lat="48.4610306" lon="11.5692418"/>
  <node id="538793334" lat="48.4606570" lon="11.5696978"/>
  <node id="538793335" lat="48.4603760" lon="11.5699124"/>
  <node id="538793336" lat="48.4597713" lon="11.5701162"/>
  <node id="538793338" lat="48.4595578" lon="11.5701859"/>
  <node id="538793339" lat="48.4593230" lon="11.5702503"/>
  <node id="538793340" lat="48.4591736" lon="11.5702396"/>
  <node id="538793342" lat="48.4589673" lon="11.5701967"/>
  <node id="538793343" lat="48.4584977" lon="11.5703952"/>
  <node id="538793344" lat="48.4582985" lon="11.5704434"/>
  <node id="538793346" lat="48.4578823" lon="11.5704542"/>
  <node id="538793349" lat="48.4596432" lon="11.5884303"/>
  <node id="538793350" lat="48.4595543" lon="11.5863597"/>
  <node id="538793351" lat="48.4595898" lon="11.5849703"/>
  <node id="538793352" lat="48.4594689" lon="11.5832590"/>
  <node id="538793354" lat="48.4594760" lon="11.5827440"/>
  <node id="538793355" lat="48.4595329" lon="11.5824758"/>
  <node id="538793357" lat="48.4596218" lon="11.5823685"/>
  <node id="538793358" lat="48.4597393" lon="11.5824007"/>
  <node id="538793360" lat="48.4601911" lon="11.5825938"/>
  <node id="538793361" lat="48.4603227" lon="11.5825938"/>
  <node id="538793363" lat="48.4605076" lon="11.5825241"/>
  <node id="538793365" lat="48.4608740" lon="11.5821969"/>
  <node id="538793366" lat="48.4615322" lon="11.5819662"/>
  <node id="538793367" lat="48.4616424" lon="11.5818482"/>
  <node id="538793369" lat="48.4616923" lon="11.5816497"/>
  <node id="538793370" lat="48.4617172" lon="11.5814566"/>
  <node id="538793372" lat="48.4617721" lon="11.5813453"/>
  <node id="538793375" lat="48.4592696" lon="11.5826368"/>
  <node id="538793377" lat="48.4590100" lon="11.5827011"/>
  <node id="538793378" lat="48.4587040" lon="11.5826368"/>
  <node id="538793380" lat="48.4582949" lon="11.5825885"/>
  <node id="538793381" lat="48.4564983" lon="11.5819984"/>
  <node id="538797691" lat="48.4524176" lon="11.5611952"/>
  <node id="538797696" lat="48.4525991" lon="11.5596556"/>
  <node id="538797715" lat="48.4528481" lon="11.5571021"/>
  <node id="538797719" lat="48.4528481" lon="11.5560775"/>
  <node id="538799113" lat="48.4448458" lon="11.5816873"/>
  <node id="538799119" lat="48.4446750" lon="11.5814727"/>
  <node id="538799122" lat="48.4445131" lon="11.5813485"/>
  <node id="538799125" lat="48.4440309" lon="11.5809416"/>
  <node id="538799129" lat="48.4438850" lon="11.5809201"/>
  <node id="538799131" lat="48.4437569" lon="11.5810060"/>
  <node id="538799133" lat="48.4432765" lon="11.5815692"/>
  <node id="538799135" lat="48.4428424" lon="11.5822881"/>
  <node id="538799139" lat="48.4426040" lon="11.5827548"/>
  <node id="538799141" lat="48.4425612" lon="11.5829694"/>
  <node id="538799143" lat="48.4425755" lon="11.5834951"/>
  <node id="538799146" lat="48.4425328" lon="11.5836828"/>
  <node id="538799147" lat="48.4422018" lon="11.5842514"/>
  <node id="538799151" lat="48.4420701" lon="11.5845304"/>
  <node id="538799156" lat="48.4419136" lon="11.5851098"/>
  <node id="538799158" lat="48.4416431" lon="11.5855657"/>
  <node id="538799160" lat="48.4413478" lon="11.5865689"/>
  <node id="538799164" lat="48.4411378" lon="11.5869605"/>
  <node id="538799168" lat="48.4406486" lon="11.5877668"/>
  <node id="538799173" lat="48.4405363" lon="11.5880280"/>
  <node id="538799176" lat="48.4404778" lon="11.5881978"/>
  <node id="539415185" lat="48.4490624" lon="11.5531539"/>
  <node id="539415501" lat="48.4489379" lon="11.5540659"/>
  <node id="539415503" lat="48.4490233" lon="11.5557771"/>
  <node id="539415506" lat="48.4491478" lon="11.5566891"/>
  <node id="539415509" lat="48.4491478" lon="11.5574240"/>
  <node id="539415524" lat="48.4514438" lon="11.5612398"/>
  <node id="539415526" lat="48.4506341" lon="11.5611651"/>
  <node id="539415530" lat="48.4500373" lon="11.5613722"/>
  <node id="539415533" lat="48.4495873" lon="11.5614942"/>
  <node id="539415537" lat="48.4487778" lon="11.5616512"/>
  <node id="539415539" lat="48.4486318" lon="11.5616297"/>
  <node id="539415540" lat="48.4478135" lon="11.5612756"/>
  <node id="539415541" lat="48.4474932" lon="11.5612488"/>
  <node id="539415543" lat="48.4464760" lon="11.5609885"/>
  <node id="539415544" lat="48.4457212" lon="11.5612810"/>
  <node id="539415546" lat="48.4453369" lon="11.5618389"/>
  <node id="539415547" lat="48.4451180" lon="11.5619916"/>
  <node id="539415549" lat="48.4422247" lon="11.5634066"/>
  <node id="539415554" lat="48.4417873" lon="11.5608965"/>
  <node id="539415557" lat="48.4430475" lon="11.5605981"/>
  <node id="539415563" lat="48.4431382" lon="11.5605309"/>
  <node id="539415565" lat="48.4451182" lon="11.5584679"/>
  <node id="539415567" lat="48.4454864" lon="11.5584915"/>
  <node id="539415570" lat="48.4457212" lon="11.5581536"/>
  <node id="539415573" lat="48.4460414" lon="11.5573167"/>
  <node id="539416768" lat="48.4423869" lon="11.5586203"/>
  <node id="539416771" lat="48.4425648" lon="11.5585022"/>
  <node id="539416773" lat="48.4442444" lon="11.5565013"/>
  <node id="539416775" lat="48.4444117" lon="11.5564316"/>
  <node id="539416777" lat="48.4449170" lon="11.5567481"/>
  <node id="539416779" lat="48.4498081" lon="11.5571957"/>
  <node id="539416781" lat="48.4490209" lon="11.5575150"/>
  <node id="539416782" lat="48.4485394" lon="11.5578800"/>
  <node id="539416783" lat="48.4480768" lon="11.5581428"/>
  <node id="539416785" lat="48.4476178" lon="11.5582179"/>
  <node id="539419269" lat="48.4408033" lon="11.5589689"/>
  <node id="539419270" lat="48.4369083" lon="11.5600849"/>
  <node id="539419272" lat="48.4399883" lon="11.5613615"/>
  <node id="539419273" lat="48.4394759" lon="11.5613668"/>
  <node id="539419274" lat="48.4386929" lon="11.5611791"/>
  <node id="539419276" lat="48.4382872" lon="11.5610182"/>
  <node id="539419277" lat="48.4379527" lon="11.5608465"/>
  <node id="539419278" lat="48.4377569" lon="11.5608572"/>
  <node id="539419279" lat="48.4375647" lon="11.5609699"/>
  <node id="539419281" lat="48.4372784" lon="11.5611988"/>
  <node id="539419330" lat="48.4394331" lon="11.5642100"/>
  <node id="539419332" lat="48.4390824" lon="11.5642278"/>
  <node id="539419333" lat="48.4389229" lon="11.5642047"/>
  <node id="539419337" lat="48.4379847" lon="11.5637165"/>
  <node id="539419340" lat="48.4378459" lon="11.5631264"/>
  <node id="539419351" lat="48.4377671" lon="11.5630777"/>
  <node id="539419354" lat="48.4376936" lon="11.5626925"/>
  <node id="539419356" lat="48.4379064" lon="11.5626275"/>
  <node id="539419358" lat="48.4379847" lon="11.5624719"/>
  <node id="539419359" lat="48.4381021" lon="11.5623485"/>
  <node id="539419360" lat="48.4385506" lon="11.5621071"/>
  <node id="539423871" lat="48.4424901" lon="11.5673213"/>
  <node id="539423876" lat="48.4425663" lon="11.5683328"/>
  <node id="539423884" lat="48.4427235" lon="11.5694515"/>
  <node id="539423893" lat="48.4427750" lon="11.5700555"/>
  <node id="539423898" lat="48.4427654" lon="11.5702935"/>
  <node id="539423900" lat="48.4426360" lon="11.5717577"/>
  <node id="539423907" lat="48.4425969" lon="11.5736245"/>
  <node id="539423913" lat="48.4426218" lon="11.5740805"/>
  <node id="539423919" lat="48.4427214" lon="11.5748905"/>
  <node id="539423942" lat="48.4435374" lon="11.5745672"/>
  <node id="539423947" lat="48.4429532" lon="11.5751724"/>
  <node id="539424593" lat="48.4382196" lon="11.5750783"/>
  <node id="539424699" lat="48.4413548" lon="11.5687483"/>
  <node id="539424722" lat="48.4380856" lon="11.5695465"/>
  <node id="539424753" lat="48.4379928" lon="11.5712374"/>
  <node id="539424794" lat="48.4391271" lon="11.5711140"/>
  <node id="539424803" lat="48.4400488" lon="11.5708994"/>
  <node id="539424811" lat="48.4413371" lon="11.5705507"/>
  <node id="539433428" lat="48.4351748" lon="11.5595619"/>
  <node id="539433430" lat="48.4351192" lon="11.5595692"/>
  <node id="540602873" lat="48.4355504" lon="11.5638077"/>
  <node id="540602876" lat="48.4346356" lon="11.5643709"/>
  <node id="540602877" lat="48.4346179" lon="11.5657388"/>
  <node id="540602879" lat="48.4350093" lon="11.5689146"/>
  <node id="540603009" lat="48.4309849" lon="11.5577024"/>
  <node id="540603011" lat="48.4309884" lon="11.5610620"/>
  <node id="540693025" lat="48.4224884" lon="11.5844630"/>
  <node id="540693032" lat="48.4223920" lon="11.5839712"/>
  <node id="540693038" lat="48.4223558" lon="11.5836065"/>
  <node id="540693050" lat="48.4223869" lon="11.5831176"/>
  <node id="540693053" lat="48.4223963" lon="11.5826147"/>
  <node id="540693064" lat="48.4223195" lon="11.5821654"/>
  <node id="540693069" lat="48.4223106" lon="11.5821439"/>
  <node id="540693076" lat="48.4220714" lon="11.5820226"/>
  <node id="540693082" lat="48.4219259" lon="11.5818476"/>
  <node id="540693089" lat="48.4217541" lon="11.5816679"/>
  <node id="540693103" lat="48.4214829" lon="11.5813819"/>
  <node id="540693113" lat="48.4212607" lon="11.5808879"/>
  <node id="540693121" lat="48.4192213" lon="11.5786192"/>
  <node id="540693128" lat="48.4188388" lon="11.5783942"/>
  <node id="540693134" lat="48.4186196" lon="11.5783577"/>
  <node id="540693135" lat="48.4178640" lon="11.5782410"/>
  <node id="540693136" lat="48.4177503" lon="11.5781341"/>
  <node id="540693137" lat="48.4176882" lon="11.5780077"/>
  <node id="540693139" lat="48.4176223" lon="11.5778440"/>
  <node id="540693142" lat="48.4175326" lon="11.5771303"/>
  <node id="540693148" lat="48.4174612" lon="11.5770970"/>
  <node id="540693155" lat="48.4173170" lon="11.5770568"/>
  <node id="540693165" lat="48.4168536" lon="11.5769348"/>
  <node id="540693172" lat="48.4166325" lon="11.5767980"/>
  <node id="540693177" lat="48.4164940" lon="11.5767172"/>
  <node id="540693460" lat="48.4205112" lon="11.5869287"/>
  <node id="540693486" lat="48.4205190" lon="11.5863422"/>
  <node id="540699756" lat="48.4212808" lon="11.5802027"/>
  <node id="540699759" lat="48.4208777" lon="11.5777981"/>
  <node id="540699764" lat="48.4204113" lon="11.5761780"/>
  <node id="540699767" lat="48.4198915" lon="11.5745043"/>
  <node id="540699773" lat="48.4206765" lon="11.5668573"/>
  <node id="540699776" lat="48.4223769" lon="11.5667608"/>
  <node id="540699794" lat="48.4212514" lon="11.5680509"/>
  <node id="540699797" lat="48.4213458" lon="11.5680429"/>
  <node id="540699808" lat="48.4236928" lon="11.5707278"/>
  <node id="540699812" lat="48.4239415" lon="11.5711697"/>
  <node id="540699813" lat="48.4247612" lon="11.5721920"/>
  <node id="540699815" lat="48.4251583" lon="11.5727217"/>
  <node id="540699816" lat="48.4255392" lon="11.5731106"/>
  <node id="540699818" lat="48.4259921" lon="11.5733875"/>
  <node id="540699819" lat="48.4268290" lon="11.5737255"/>
  <node id="540699821" lat="48.4269322" lon="11.5737376"/>
  <node id="540699933" lat="48.4206249" lon="11.5658783"/>
  <node id="540699934" lat="48.4210084" lon="11.5649489"/>
  <node id="540699936" lat="48.4178423" lon="11.5651680"/>
  <node id="540699939" lat="48.4177220" lon="11.5667159"/>
  <node id="540699940" lat="48.4174593" lon="11.5688814"/>
  <node id="540699942" lat="48.4173780" lon="11.5695024"/>
  <node id="540699943" lat="48.4173635" lon="11.5706299"/>
  <node id="540699944" lat="48.4173121" lon="11.5712116"/>
  <node id="540699946" lat="48.4172676" lon="11.5720468"/>
  <node id="540699948" lat="48.4172905" lon="11.5726366"/>
  <node id="540699949" lat="48.4174122" lon="11.5735988"/>
  <node id="540699951" lat="48.4174777" lon="11.5747743"/>
  <node id="540699952" lat="48.4175284" lon="11.5755712"/>
  <node id="540699954" lat="48.4187529" lon="11.5691943"/>
  <node id="540699955" lat="48.4182178" lon="11.5691510"/>
  <node id="540699956" lat="48.4177279" lon="11.5690161"/>
  <node id="540707548" lat="48.4175087" lon="11.5784537"/>
  <node id="540707550" lat="48.4171823" lon="11.5800144"/>
  <node id="540707551" lat="48.4169543" lon="11.5807977"/>
  <node id="540707553" lat="48.4165680" lon="11.5826381"/>
  <node id="540707555" lat="48.4165083" lon="11.5834481"/>
  <node id="540707556" lat="48.4164032" lon="11.5848080"/>
  <node id="540707558" lat="48.4164113" lon="11.5854544"/>
  <node id="540707560" lat="48.4168434" lon="11.5875135"/>
  <node id="540747151" lat="48.4150113" lon="11.5760049"/>
  <node id="547469733" lat="48.4274386" lon="11.5900495"/>
  <node id="547469738" lat="48.4279101" lon="11.5883683"/>
  <node id="547469739" lat="48.4279120" lon="11.5887558"/>
  <node id="547469742" lat="48.4280834" lon="11.5890755"/>
  <node id="547469744" lat="48.4280261" lon="11.5898757"/>
  <node id="547469745" lat="48.4279222" lon="11.5903704"/>
  <node id="547469748" lat="48.4282895" lon="11.5896695"/>
  <node id="552092511" lat="48.4225458" lon="11.5936038"/>
  <node id="552106931" lat="48.4285206" lon="11.6030215"/>
  <node id="552106935" lat="48.4283427" lon="11.6030859"/>
  <node id="552106936" lat="48.4277518" lon="11.6030376"/>
  <node id="552106937" lat="48.4275952" lon="11.6032737"/>
  <node id="552759615" lat="48.4155042" lon="11.5980589"/>
  <node id="552759632" lat="48.4154366" lon="11.5977791"/>
  <node id="553100948" lat="48.4333899" lon="11.5771382"/>
  <node id="553100949" lat="48.4333663" lon="11.5771229"/>
  <node id="553100950" lat="48.4332280" lon="11.5770336"/>
  <node id="553100951" lat="48.4331657" lon="11.5762719"/>
  <node id="553100952" lat="48.4333686" lon="11.5762719"/>
  <node id="553100953" lat="48.4337957" lon="11.5775379"/>
  <node id="553100954" lat="48.4338348" lon="11.5772107"/>
  <node id="553100955" lat="48.4335821" lon="11.5771731"/>
  <node id="553100956" lat="48.4335234" lon="11.5772562"/>
  <node id="553100957" lat="48.4335483" lon="11.5774360"/>
  <node id="553104279" lat="48.4328525" lon="11.5788709"/>
  <node id="553104280" lat="48.4329379" lon="11.5788387"/>
  <node id="553104281" lat="48.4329770" lon="11.5786993"/>
  <node id="553104282" lat="48.4330091" lon="11.5783291"/>
  <node id="553104283" lat="48.4329878" lon="11.5778141"/>
  <node id="553104284" lat="48.4328311" lon="11.5767413"/>
  <node id="553104285" lat="48.4327767" lon="11.5762791"/>
  <node id="553104286" lat="48.4327631" lon="11.5756170"/>
  <node id="553104287" lat="48.4327836" lon="11.5754050"/>
  <node id="553104288" lat="48.4328418" lon="11.5746385"/>
  <node id="553104289" lat="48.4317659" lon="11.5742456"/>
  <node id="554166958" lat="48.4264027" lon="11.5818214"/>
  <node id="554166959" lat="48.4259654" lon="11.5815606"/>
  <node id="554166960" lat="48.4256729" lon="11.5814405"/>
  <node id="554166961" lat="48.4254059" lon="11.5814405"/>
  <node id="554166962" lat="48.4245570" lon="11.5815761"/>
  <node id="554166963" lat="48.4243211" lon="11.5815890"/>
  <node id="554166964" lat="48.4267627" lon="11.5801457"/>
  <node id="554166965" lat="48.4271943" lon="11.5808915"/>
  <node id="554166966" lat="48.4272633" lon="11.5808480"/>
  <node id="554166967" lat="48.4271431" lon="11.5790962"/>
  <node id="554166968" lat="48.4271575" lon="11.5789902"/>
  <node id="554166969" lat="48.4271966" lon="11.5788953"/>
  <node id="554166970" lat="48.4285954" lon="11.5786027"/>
  <node id="554166971" lat="48.4267354" lon="11.5800623"/>
  <node id="554166972" lat="48.4265166" lon="11.5795469"/>
  <node id="554166973" lat="48.4264632" lon="11.5790104"/>
  <node id="554166974" lat="48.4266340" lon="11.5789782"/>
  <node id="554166977" lat="48.4221201" lon="11.5812635"/>
  <node id="554166978" lat="48.4220952" lon="11.5806144"/>
  <node id="554166979" lat="48.4220667" lon="11.5796381"/>
  <node id="554166980" lat="48.4219848" lon="11.5788656"/>
  <node id="554166981" lat="48.4218211" lon="11.5783184"/>
  <node id="554166982" lat="48.4216786" lon="11.5775567"/>
  <node id="554166983" lat="48.4211838" lon="11.5763121"/>
  <node id="554166984" lat="48.4210450" lon="11.5758776"/>
  <node id="554166985" lat="48.4207459" lon="11.5744667"/>
  <node id="554166986" lat="48.4207068" lon="11.5740108"/>
  <node id="554166987" lat="48.4207103" lon="11.5732490"/>
  <node id="554166988" lat="48.4196814" lon="11.5739947"/>
  <node id="554166989" lat="48.4195675" lon="11.5736460"/>
  <node id="554166990" lat="48.4194785" lon="11.5733134"/>
  <node id="554166991" lat="48.4194180" lon="11.5728735"/>
  <node id="554971345" lat="48.4170254" lon="11.6096305"/>
  <node id="554971358" lat="48.4170931" lon="11.6092014"/>
  <node id="554971372" lat="48.4172426" lon="11.6086703"/>
  <node id="554971410" lat="48.4174314" lon="11.6081660"/>
  <node id="554971419" lat="48.4176129" lon="11.6077905"/>
  <node id="554971432" lat="48.4178586" lon="11.6075384"/>
  <node id="554988692" lat="48.4210301" lon="11.6123751"/>
  <node id="554988720" lat="48.4206773" lon="11.6116567"/>
  <node id="554988771" lat="48.4205383" lon="11.6115733"/>
  <node id="554988794" lat="48.4192799" lon="11.6115381"/>
  <node id="554988807" lat="48.4192720" lon="11.6117709"/>
  <node id="554988826" lat="48.4192115" lon="11.6119855"/>
  <node id="554988843" lat="48.4188560" lon="11.6139312"/>
  <node id="554989377" lat="48.4205857" lon="11.6112272"/>
  <node id="554989387" lat="48.4204698" lon="11.6104737"/>
  <node id="554989395" lat="48.4204219" lon="11.6099309"/>
  <node id="554989408" lat="48.4202903" lon="11.6090941"/>
  <node id="554989422" lat="48.4202867" lon="11.6088473"/>
  <node id="554989432" lat="48.4204006" lon="11.6081607"/>
  <node id="554989445" lat="48.4203828" lon="11.6079675"/>
  <node id="554989456" lat="48.4203116" lon="11.6077744"/>
  <node id="554989467" lat="48.4200611" lon="11.6074307"/>
  <node id="554989478" lat="48.4198146" lon="11.6074340"/>
  <node id="554989518" lat="48.4188915" lon="11.6088783"/>
  <node id="554989542" lat="48.4189651" lon="11.6090790"/>
  <node id="554989554" lat="48.4190584" lon="11.6098183"/>
  <node id="559407556" lat="48.4328812" lon="11.6095531"/>
  <node id="559407557" lat="48.4330824" lon="11.6096866"/>
  <node id="559407558" lat="48.4340768" lon="11.6059130"/>
  <node id="559407559" lat="48.4346285" lon="11.6059398"/>
  <node id="559407560" lat="48.4347708" lon="11.6058808"/>
  <node id="559407565" lat="48.4343017" lon="11.6046400"/>
  <node id="559407580" lat="48.4343406" lon="11.6045754"/>
  <node id="559407592" lat="48.4344114" lon="11.6045665"/>
  <node id="559407594" lat="48.4350698" lon="11.6046523"/>
  <node id="559407595" lat="48.4352086" lon="11.6048401"/>
  <node id="559407596" lat="48.4344082" lon="11.6038812"/>
  <node id="559407597" lat="48.4343937" lon="11.6041762"/>
  <node id="559407598" lat="48.4343786" lon="11.6044165"/>
  <node id="559407599" lat="48.4350983" lon="11.6032629"/>
  <node id="559407600" lat="48.4353332" lon="11.6033541"/>
  <node id="559407601" lat="48.4356784" lon="11.6035741"/>
  <node id="559407602" lat="48.4360877" lon="11.6038584"/>
  <node id="559407603" lat="48.4361696" lon="11.6038316"/>
  <node id="559410508" lat="48.4349524" lon="11.6136538"/>
  <node id="559410509" lat="48.4350272" lon="11.6135948"/>
  <node id="559410510" lat="48.4351731" lon="11.6136324"/>
  <node id="559410511" lat="48.4354008" lon="11.6138899"/>
  <node id="559410512" lat="48.4355254" lon="11.6139113"/>
  <node id="559410513" lat="48.4358315" lon="11.6136860"/>
  <node id="559410514" lat="48.4360948" lon="11.6133641"/>
  <node id="559410515" lat="48.4363796" lon="11.6132247"/>
  <node id="559410516" lat="48.4365326" lon="11.6130959"/>
  <node id="559410517" lat="48.4366216" lon="11.6129189"/>
  <node id="559410518" lat="48.4367889" lon="11.6123288"/>
  <node id="559410519" lat="48.4368850" lon="11.6122376"/>
  <node id="559410520" lat="48.4371056" lon="11.6122054"/>
  <node id="559410521" lat="48.4388744" lon="11.6123932"/>
  <node id="559892909" lat="48.4245480" lon="11.6159713"/>
  <node id="559892911" lat="48.4241173" lon="11.6146462"/>
  <node id="559892913" lat="48.4233233" lon="11.6144995"/>
  <node id="559892915" lat="48.4232425" lon="11.6146025"/>
  <node id="559892916" lat="48.4231559" lon="11.6152527"/>
  <node id="559892917" lat="48.4230096" lon="11.6159351"/>
  <node id="559892918" lat="48.4231859" lon="11.6166647"/>
  <node id="559892920" lat="48.4232136" lon="11.6169543"/>
  <node id="559903994" lat="48.4189994" lon="11.6193427"/>
  <node id="559904011" lat="48.4190815" lon="11.6198529"/>
  <node id="559904029" lat="48.4191428" lon="11.6199649"/>
  <node id="559904046" lat="48.4192994" lon="11.6201278"/>
  <node id="559904124" lat="48.4192542" lon="11.6214859"/>
  <node id="559904138" lat="48.4193419" lon="11.6209998"/>
  <node id="559904146" lat="48.4193397" lon="11.6197263"/>
  <node id="559904149" lat="48.4196494" lon="11.6196620"/>
  <node id="559904153" lat="48.4197099" lon="11.6195708"/>
  <node id="559904159" lat="48.4195266" lon="11.6177764"/>
  <node id="559996438" lat="48.4421627" lon="11.6126292"/>
  <node id="560007989" lat="48.4346392" lon="11.5950017"/>
  <node id="560007990" lat="48.4351411" lon="11.5949964"/>
  <node id="560008018" lat="48.4352691" lon="11.5956347"/>
  <node id="560008025" lat="48.4352265" lon="11.5956777"/>
  <node id="560008032" lat="48.4352229" lon="11.5958225"/>
  <node id="560008043" lat="48.4352442" lon="11.5958922"/>
  <node id="560008058" lat="48.4335789" lon="11.5947877"/>
  <node id="560008068" lat="48.4334113" lon="11.5942400"/>
  <node id="560008088" lat="48.4335181" lon="11.5949642"/>
  <node id="560027763" lat="48.4343046" lon="11.6016107"/>
  <node id="560027770" lat="48.4344968" lon="11.6016161"/>
  <node id="560027779" lat="48.4345645" lon="11.6015463"/>
  <node id="560027806" lat="48.4346748" lon="11.6012459"/>
  <node id="560027815" lat="48.4349204" lon="11.6010957"/>
  <node id="560027823" lat="48.4350592" lon="11.6008972"/>
  <node id="560027830" lat="48.4351568" lon="11.6006506"/>
  <node id="560059845" lat="48.4375184" lon="11.6080534"/>
  <node id="560059876" lat="48.4405969" lon="11.6059505"/>
  <node id="560059877" lat="48.4407534" lon="11.6062992"/>
  <node id="560059878" lat="48.4408496" lon="11.6067820"/>
  <node id="560059879" lat="48.4408922" lon="11.6072112"/>
  <node id="560059880" lat="48.4408531" lon="11.6076725"/>
  <node id="560059881" lat="48.4407108" lon="11.6080963"/>
  <node id="560059882" lat="48.4406396" lon="11.6084503"/>
  <node id="560059883" lat="48.4406360" lon="11.6086435"/>
  <node id="560059884" lat="48.4407143" lon="11.6092711"/>
  <node id="560059885" lat="48.4407962" lon="11.6095286"/>
  <node id="560059886" lat="48.4408211" lon="11.6098451"/>
  <node id="560059887" lat="48.4404972" lon="11.6114437"/>
  <node id="560234379" lat="48.4459166" lon="11.6023094"/>
  <node id="560261835" lat="48.4504230" lon="11.6068622"/>
  <node id="560261837" lat="48.4497704" lon="11.6078871"/>
  <node id="560261838" lat="48.4491513" lon="11.6086596"/>
  <node id="560261839" lat="48.4488027" lon="11.6089439"/>
  <node id="560261840" lat="48.4486675" lon="11.6090082"/>
  <node id="560261842" lat="48.4476782" lon="11.6091853"/>
  <node id="560261843" lat="48.4474612" lon="11.6091799"/>
  <node id="560261844" lat="48.4470378" lon="11.6093945"/>
  <node id="560261845" lat="48.4465467" lon="11.6095661"/>
  <node id="560261847" lat="48.4462691" lon="11.6095769"/>
  <node id="560261848" lat="48.4456856" lon="11.6097163"/>
  <node id="560261849" lat="48.4452764" lon="11.6097378"/>
  <node id="560261850" lat="48.4450380" lon="11.6098236"/>
  <node id="560261852" lat="48.4446003" lon="11.6100758"/>
  <node id="560261853" lat="48.4441697" lon="11.6102099"/>
  <node id="560261855" lat="48.4461411" lon="11.6094588"/>
  <node id="560261856" lat="48.4449810" lon="11.6078066"/>
  <node id="560307961" lat="48.4482926" lon="11.6014730"/>
  <node id="560307966" lat="48.4482229" lon="11.6011044"/>
  <node id="560307968" lat="48.4482334" lon="11.6008114"/>
  <node id="560307971" lat="48.4482867" lon="11.6005325"/>
  <node id="560307974" lat="48.4484148" lon="11.6002052"/>
  <node id="560307978" lat="48.4485286" lon="11.5999370"/>
  <node id="560307981" lat="48.4486390" lon="11.5997117"/>
  <node id="560307983" lat="48.4486567" lon="11.5995883"/>
  <node id="560307985" lat="48.4486283" lon="11.5991645"/>
  <node id="560307988" lat="48.4486034" lon="11.5986066"/>
  <node id="560307990" lat="48.4485963" lon="11.5980541"/>
  <node id="560307992" lat="48.4484432" lon="11.5972923"/>
  <node id="560307995" lat="48.4482938" lon="11.5956777"/>
  <node id="560308000" lat="48.4484077" lon="11.6000765"/>
  <node id="560308002" lat="48.4480590" lon="11.5994274"/>
  <node id="560308005" lat="48.4478135" lon="11.5992128"/>
  <node id="560308008" lat="48.4477565" lon="11.5990036"/>
  <node id="560308010" lat="48.4476676" lon="11.5977966"/>
  <node id="560308012" lat="48.4474647" lon="11.5961605"/>
  <node id="560308015" lat="48.4474470" lon="11.5955757"/>
  <node id="560308075" lat="48.4509980" lon="11.5979683"/>
  <node id="560308081" lat="48.4520547" lon="11.5990680"/>
  <node id="560308083" lat="48.4527485" lon="11.6003286"/>
  <node id="560308085" lat="48.4528303" lon="11.6006183"/>
  <node id="560308087" lat="48.4529406" lon="11.6012191"/>
  <node id="560308090" lat="48.4532893" lon="11.6023939"/>
  <node id="560312078" lat="48.4460877" lon="11.5938001"/>
  <node id="560312080" lat="48.4462905" lon="11.5935319"/>
  <node id="560312082" lat="48.4464044" lon="11.5934300"/>
  <node id="560312086" lat="48.4466997" lon="11.5934139"/>
  <node id="560312089" lat="48.4469772" lon="11.5933120"/>
  <node id="560312093" lat="48.4478205" lon="11.5925287"/>
  <node id="560312096" lat="48.4480056" lon="11.5924376"/>
  <node id="560312109" lat="48.4481906" lon="11.5923893"/>
  <node id="560312112" lat="48.4497776" lon="11.5913432"/>
  <node id="560312299" lat="48.4512542" lon="11.5975337"/>
  <node id="560312300" lat="48.4514534" lon="11.5970295"/>
  <node id="560312303" lat="48.4516740" lon="11.5961551"/>
  <node id="560312307" lat="48.4522006" lon="11.5928989"/>
  <node id="560312311" lat="48.4523962" lon="11.5921640"/>
  <node id="560312313" lat="48.4525564" lon="11.5910964"/>
  <node id="560312315" lat="48.4529050" lon="11.5909892"/>
  <node id="560334043" lat="48.4523571" lon="11.6036653"/>
  <node id="560334056" lat="48.4525279" lon="11.6042446"/>
  <node id="560334065" lat="48.4526321" lon="11.6050094"/>
  <node id="560334083" lat="48.4512375" lon="11.6060394"/>
  <node id="560334088" lat="48.4512528" lon="11.6061272"/>
  <node id="560334089" lat="48.4513091" lon="11.6062572"/>
  <node id="560334090" lat="48.4513678" lon="11.6063761"/>
  <node id="560334100" lat="48.4503178" lon="11.6059524"/>
  <node id="560334116" lat="48.4507845" lon="11.6056501"/>
  <node id="560334129" lat="48.4509621" lon="11.6063648"/>
  <node id="560334132" lat="48.4510762" lon="11.6063260"/>
  <node id="560334151" lat="48.4516491" lon="11.6071736"/>
  <node id="560334158" lat="48.4518590" lon="11.6073399"/>
  <node id="560334164" lat="48.4519480" lon="11.6073131"/>
  <node id="560334167" lat="48.4520405" lon="11.6071682"/>
  <node id="560334171" lat="48.4522610" lon="11.6067284"/>
  <node id="560334175" lat="48.4527236" lon="11.6062080"/>
  <node id="560334178" lat="48.4532466" lon="11.6058325"/>
  <node id="560346721" lat="48.4506635" lon="11.6101026"/>
  <node id="560346730" lat="48.4504358" lon="11.6103762"/>
  <node id="560346768" lat="48.4527523" lon="11.6107713"/>
  <node id="560346773" lat="48.4526026" lon="11.6110414"/>
  <node id="560346779" lat="48.4524390" lon="11.6111647"/>
  <node id="560346785" lat="48.4517950" lon="11.6114544"/>
  <node id="560346804" lat="48.4515139" lon="11.6115295"/>
  <node id="560346813" lat="48.4510265" lon="11.6118782"/>
  <node id="560346821" lat="48.4507667" lon="11.6121089"/>
  <node id="560346828" lat="48.4502650" lon="11.6125166"/>
  <node id="560346836" lat="48.4498986" lon="11.6128599"/>
  <node id="560346843" lat="48.4497953" lon="11.6130852"/>
  <node id="560346852" lat="48.4497313" lon="11.6135197"/>
  <node id="560346859" lat="48.4494395" lon="11.6138416"/>
  <node id="560346874" lat="48.4525991" lon="11.6112184"/>
  <node id="560346878" lat="48.4528089" lon="11.6121089"/>
  <node id="560346884" lat="48.4530687" lon="11.6134982"/>
  <node id="560346890" lat="48.4531576" lon="11.6136485"/>
  <node id="560346896" lat="48.4547444" lon="11.6062402"/>
  <node id="560346904" lat="48.4549614" lon="11.6068410"/>
  <node id="560346907" lat="48.4551251" lon="11.6074955"/>
  <node id="560346911" lat="48.4551464" lon="11.6080802"/>
  <node id="560346916" lat="48.4551402" lon="11.6087547"/>
  <node id="560346920" lat="48.4552318" lon="11.6091799"/>
  <node id="560346923" lat="48.4554133" lon="11.6095447"/>
  <node id="560346927" lat="48.4555414" lon="11.6105425"/>
  <node id="560346931" lat="48.4555876" lon="11.6109663"/>
  <node id="560346936" lat="48.4555449" lon="11.6120660"/>
  <node id="560346946" lat="48.4554417" lon="11.6125863"/>
  <node id="560346951" lat="48.4554596" lon="11.6129940"/>
  <node id="560346955" lat="48.4555770" lon="11.6134661"/>
  <node id="560346958" lat="48.4561141" lon="11.6144960"/>
  <node id="560346962" lat="48.4563276" lon="11.6149306"/>
  <node id="560346967" lat="48.4564308" lon="11.6152846"/>
  <node id="560346970" lat="48.4565980" lon="11.6155957"/>
  <node id="560346974" lat="48.4566015" lon="11.6157567"/>
  <node id="560346982" lat="48.4565482" lon="11.6158908"/>
  <node id="560346989" lat="48.4564236" lon="11.6159122"/>
  <node id="560346994" lat="48.4561071" lon="11.6159981"/>
  <node id="560346996" lat="48.4559007" lon="11.6161161"/>
  <node id="560346997" lat="48.4557050" lon="11.6162931"/>
  <node id="560347000" lat="48.4553942" lon="11.6168809"/>
  <node id="560347018" lat="48.4550691" lon="11.6087977"/>
  <node id="560347022" lat="48.4549729" lon="11.6087615"/>
  <node id="560347026" lat="48.4545380" lon="11.6085147"/>
  <node id="560347029" lat="48.4539368" lon="11.6086864"/>
  <node id="560367008" lat="48.4417436" lon="11.5906498"/>
  <node id="560367015" lat="48.4417935" lon="11.5907731"/>
  <node id="560367020" lat="48.4417463" lon="11.5909087"/>
  <node id="560367024" lat="48.4414416" lon="11.5911977"/>
  <node id="560377225" lat="48.4563939" lon="11.6040205"/>
  <node id="560377256" lat="48.4566193" lon="11.6043948"/>
  <node id="560377263" lat="48.4567403" lon="11.6047864"/>
  <node id="560377270" lat="48.4571103" lon="11.6053068"/>
  <node id="560377274" lat="48.4571103" lon="11.6054624"/>
  <node id="560377280" lat="48.4570391" lon="11.6055857"/>
  <node id="560377286" lat="48.4566904" lon="11.6052210"/>
  <node id="560377291" lat="48.4565731" lon="11.6052049"/>
  <node id="560377298" lat="48.4564592" lon="11.6053390"/>
  <node id="560377317" lat="48.4578716" lon="11.6065084"/>
  <node id="560377333" lat="48.4579569" lon="11.6065352"/>
  <node id="560377342" lat="48.4580139" lon="11.6064548"/>
  <node id="560377351" lat="48.4580902" lon="11.6062153"/>
  <node id="560377376" lat="48.4587966" lon="11.6107249"/>
  <node id="560377383" lat="48.4585119" lon="11.6108375"/>
  <node id="560377389" lat="48.4582237" lon="11.6108965"/>
  <node id="560377400" lat="48.4580175" lon="11.6108858"/>
  <node id="560377404" lat="48.4579783" lon="11.6108375"/>
  <node id="560377408" lat="48.4580032" lon="11.6104620"/>
  <node id="560377414" lat="48.4579606" lon="11.6103815"/>
  <node id="560377418" lat="48.4576155" lon="11.6101455"/>
  <node id="560377425" lat="48.4575798" lon="11.6100382"/>
  <node id="560377439" lat="48.4575656" lon="11.6098558"/>
  <node id="560377447" lat="48.4575976" lon="11.6096842"/>
  <node id="560377449" lat="48.4577257" lon="11.6093462"/>
  <node id="560377452" lat="48.4584087" lon="11.6083109"/>
  <node id="560377454" lat="48.4585404" lon="11.6079300"/>
  <node id="560377457" lat="48.4586222" lon="11.6076349"/>
  <node id="560377461" lat="48.4586080" lon="11.6073453"/>
  <node id="560377467" lat="48.4586257" lon="11.6070180"/>
  <node id="560377477" lat="48.4585690" lon="11.6066375"/>
  <node id="560396947" lat="48.4395170" lon="11.6250497"/>
  <node id="560396948" lat="48.4394863" lon="11.6248638"/>
  <node id="560396949" lat="48.4393984" lon="11.6245414"/>
  <node id="560396950" lat="48.4396738" lon="11.6241098"/>
  <node id="560407583" lat="48.4507916" lon="11.6280519"/>
  <node id="560407585" lat="48.4494431" lon="11.6288298"/>
  <node id="560407588" lat="48.4496780" lon="11.6284811"/>
  <node id="561079705" lat="48.4306492" lon="11.6120016"/>
  <node id="561079706" lat="48.4312188" lon="11.6104298"/>
  <node id="561079707" lat="48.4313931" lon="11.6093033"/>
  <node id="561079750" lat="48.4304890" lon="11.6113471"/>
  <node id="561079752" lat="48.4304321" lon="11.6115134"/>
  <node id="561079754" lat="48.4301658" lon="11.6114652"/>
  <node id="561079761" lat="48.4297131" lon="11.6109663"/>
  <node id="561102871" lat="48.4307702" lon="11.6158264"/>
  <node id="561220817" lat="48.4545096" lon="11.6257452"/>
  <node id="561220820" lat="48.4542997" lon="11.6255360"/>
  <node id="561220823" lat="48.4540684" lon="11.6250478"/>
  <node id="561220825" lat="48.4534565" lon="11.6242378"/>
  <node id="561220827" lat="48.4534280" lon="11.6240608"/>
  <node id="561220828" lat="48.4534494" lon="11.6238569"/>
  <node id="561220830" lat="48.4538300" lon="11.6230147"/>
  <node id="561220832" lat="48.4539902" lon="11.6223817"/>
  <node id="561220836" lat="48.4540684" lon="11.6219097"/>
  <node id="561220840" lat="48.4541289" lon="11.6214430"/>
  <node id="561220841" lat="48.4540934" lon="11.6212123"/>
  <node id="561220846" lat="48.4523856" lon="11.6165292"/>
  <node id="561220848" lat="48.4524496" lon="11.6164541"/>
  <node id="561220852" lat="48.4524994" lon="11.6163468"/>
  <node id="561220854" lat="48.4537269" lon="11.6146945"/>
  <node id="561220862" lat="48.4537518" lon="11.6145336"/>
  <node id="561220868" lat="48.4540578" lon="11.6149359"/>
  <node id="561220869" lat="48.4543104" lon="11.6153812"/>
  <node id="561220870" lat="48.4520511" lon="11.6251444"/>
  <node id="561220871" lat="48.4511190" lon="11.6224354"/>
  <node id="561220872" lat="48.4496139" lon="11.6181492"/>
  <node id="561280969" lat="48.4482580" lon="11.6299882"/>
  <node id="564828626" lat="48.4163882" lon="11.6116583"/>
  <node id="564828637" lat="48.4165697" lon="11.6119533"/>
  <node id="564828652" lat="48.4167976" lon="11.6120123"/>
  <node id="564828762" lat="48.4170504" lon="11.6102850"/>
  <node id="564828781" lat="48.4173210" lon="11.6107249"/>
  <node id="564828808" lat="48.4176485" lon="11.6109663"/>
  <node id="564828821" lat="48.4180045" lon="11.6110735"/>
  <node id="564828831" lat="48.4181754" lon="11.6112077"/>
  <node id="564828847" lat="48.4182431" lon="11.6114759"/>
  <node id="564828863" lat="48.4181861" lon="11.6116851"/>
  <node id="564828873" lat="48.4178764" lon="11.6118621"/>
  <node id="564829155" lat="48.4180244" lon="11.6074584"/>
  <node id="564829170" lat="48.4183927" lon="11.6078920"/>
  <node id="564829179" lat="48.4185339" lon="11.6082711"/>
  <node id="564829189" lat="48.4186620" lon="11.6086100"/>
  <node id="564863249" lat="48.4155016" lon="11.6203969"/>
  <node id="564863250" lat="48.4163063" lon="11.6198175"/>
  <node id="564863251" lat="48.4168439" lon="11.6193777"/>
  <node id="564914734" lat="48.4148892" lon="11.6307073"/>
  <node id="564914745" lat="48.4154304" lon="11.6304337"/>
  <node id="564914760" lat="48.4156903" lon="11.6302352"/>
  <node id="564914763" lat="48.4164558" lon="11.6288029"/>
  <node id="564914764" lat="48.4165483" lon="11.6284113"/>
  <node id="564914766" lat="48.4165306" lon="11.6280627"/>
  <node id="564914768" lat="48.4164593" lon="11.6275745"/>
  <node id="564914770" lat="48.4164380" lon="11.6272204"/>
  <node id="564914771" lat="48.4164914" lon="11.6267806"/>
  <node id="564914773" lat="48.4167264" lon="11.6255682"/>
  <node id="564914775" lat="48.4168973" lon="11.6249245"/>
  <node id="564914776" lat="48.4170896" lon="11.6244470"/>
  <node id="564914778" lat="48.4172711" lon="11.6241574"/>
  <node id="564914785" lat="48.4177299" lon="11.6240177"/>
  <node id="565347170" lat="48.4378851" lon="11.6171139"/>
  <node id="565347171" lat="48.4378851" lon="11.6165882"/>
  <node id="565347172" lat="48.4376644" lon="11.6161590"/>
  <node id="565347173" lat="48.4374544" lon="11.6152685"/>
  <node id="565347177" lat="48.4374509" lon="11.6148447"/>
  <node id="565347180" lat="48.4373904" lon="11.6146194"/>
  <node id="565347181" lat="48.4372978" lon="11.6144585"/>
  <node id="565347182" lat="48.4368102" lon="11.6140669"/>
  <node id="565347184" lat="48.4365398" lon="11.6134339"/>
  <node id="565347185" lat="48.4383121" lon="11.6187232"/>
  <node id="565352064" lat="48.4350521" lon="11.6164755"/>
  <node id="567037565" lat="48.4573166" lon="11.6179239"/>
  <node id="567037566" lat="48.4573218" lon="11.6181972"/>
  <node id="567037567" lat="48.4573273" lon="11.6184818"/>
  <node id="567037568" lat="48.4571103" lon="11.6200536"/>
  <node id="567037569" lat="48.4569052" lon="11.6207947"/>
  <node id="567037579" lat="48.4572917" lon="11.6174787"/>
  <node id="567037580" lat="48.4573522" lon="11.6173606"/>
  <node id="567037581" lat="48.4574767" lon="11.6172104"/>
  <node id="567037582" lat="48.4575336" lon="11.6170120"/>
  <node id="567037583" lat="48.4577222" lon="11.6153919"/>
  <node id="567037584" lat="48.4577577" lon="11.6146570"/>
  <node id="567037585" lat="48.4577115" lon="11.6145390"/>
  <node id="567037586" lat="48.4576226" lon="11.6144531"/>
  <node id="567037587" lat="48.4574945" lon="11.6144048"/>
  <node id="567037588" lat="48.4566549" lon="11.6144370"/>
  <node id="567037590" lat="48.4572490" lon="11.6220116"/>
  <node id="567037591" lat="48.4575265" lon="11.6219472"/>
  <node id="567037592" lat="48.4577293" lon="11.6217970"/>
  <node id="567037593" lat="48.4585831" lon="11.6210701"/>
  <node id="567037595" lat="48.4586614" lon="11.6209736"/>
  <node id="567037596" lat="48.4590074" lon="11.6204756"/>
  <node id="567037597" lat="48.4592235" lon="11.6201609"/>
  <node id="567037598" lat="48.4594618" lon="11.6198765"/>
  <node id="567037599" lat="48.4597997" lon="11.6193240"/>
  <node id="567037600" lat="48.4600274" lon="11.6188680"/>
  <node id="567037601" lat="48.4601768" lon="11.6184603"/>
  <node id="567037602" lat="48.4603440" lon="11.6175752"/>
  <node id="567037603" lat="48.4604009" lon="11.6171353"/>
  <node id="567037604" lat="48.4604009" lon="11.6168027"/>
  <node id="567037605" lat="48.4604330" lon="11.6164487"/>
  <node id="567037606" lat="48.4606321" lon="11.6158425"/>
  <node id="567037607" lat="48.4608776" lon="11.6151612"/>
  <node id="567037608" lat="48.4609629" lon="11.6148179"/>
  <node id="567037609" lat="48.4610804" lon="11.6146301"/>
  <node id="567037610" lat="48.4591203" lon="11.6204935"/>
  <node id="567037611" lat="48.4591843" lon="11.6205900"/>
  <node id="567037612" lat="48.4595187" lon="11.6216200"/>
  <node id="567037613" lat="48.4596539" lon="11.6216790"/>
  <node id="567037614" lat="48.4598282" lon="11.6216683"/>
  <node id="567037615" lat="48.4604000" lon="11.6210755"/>
  <node id="567037616" lat="48.4605983" lon="11.6208421"/>
  <node id="567037617" lat="48.4608865" lon="11.6202681"/>
  <node id="567037618" lat="48.4609950" lon="11.6198042"/>
  <node id="567037619" lat="48.4610662" lon="11.6193776"/>
  <node id="567037620" lat="48.4612582" lon="11.6190719"/>
  <node id="567037621" lat="48.4613970" lon="11.6187232"/>
  <node id="567037622" lat="48.4620373" lon="11.6164004"/>
  <node id="567037623" lat="48.4623610" lon="11.6153329"/>
  <node id="567037624" lat="48.4624819" lon="11.6150969"/>
  <node id="567037625" lat="48.4626989" lon="11.6145872"/>
  <node id="567037626" lat="48.4628341" lon="11.6144531"/>
  <node id="567037627" lat="48.4630084" lon="11.6144209"/>
  <node id="567037667" lat="48.4571815" lon="11.6226929"/>
  <node id="567037668" lat="48.4575443" lon="11.6223120"/>
  <node id="567037669" lat="48.4577862" lon="11.6221940"/>
  <node id="567037670" lat="48.4579463" lon="11.6221993"/>
  <node id="567037671" lat="48.4580601" lon="11.6223066"/>
  <node id="567037672" lat="48.4581704" lon="11.6225373"/>
  <node id="567037673" lat="48.4582096" lon="11.6227036"/>
  <node id="567037674" lat="48.4582025" lon="11.6228592"/>
  <node id="567037675" lat="48.4581242" lon="11.6229825"/>
  <node id="567037676" lat="48.4580210" lon="11.6230845"/>
  <node id="567037677" lat="48.4579854" lon="11.6232830"/>
  <node id="567037678" lat="48.4580210" lon="11.6234922"/>
  <node id="567037679" lat="48.4582025" lon="11.6237711"/>
  <node id="613348613" lat="48.4296864" lon="11.5726884"/>
  <node id="613348748" lat="48.4292251" lon="11.5728091"/>
  <node id="613348749" lat="48.4289264" lon="11.5727662"/>
  <node id="613348750" lat="48.4288641" lon="11.5727287"/>
  <node id="613348751" lat="48.4286168" lon="11.5723934"/>
  <node id="613348752" lat="48.4282839" lon="11.5723424"/>
  <node id="613348753" lat="48.4288695" lon="11.5728950"/>
  <node id="613348754" lat="48.4282448" lon="11.5727877"/>
  <node id="613348755" lat="48.4283053" lon="11.5720662"/>
  <node id="613348756" lat="48.4282305" lon="11.5729540"/>
  <node id="613348757" lat="48.4286702" lon="11.5730371"/>
  <node id="613354737" lat="48.4295992" lon="11.5740644"/>
  <node id="613354739" lat="48.4299622" lon="11.5739437"/>
  <node id="613354826" lat="48.4291721" lon="11.5739544"/>
  <node id="613354827" lat="48.4291293" lon="11.5744480"/>
  <node id="613354828" lat="48.4290867" lon="11.5745043"/>
  <node id="613354829" lat="48.4290582" lon="11.5747350"/>
  <node id="613354831" lat="48.4289994" lon="11.5747967"/>
  <node id="613354832" lat="48.4289852" lon="11.5749227"/>
  <node id="613356209" lat="48.4297505" lon="11.5764087"/>
  <node id="613356210" lat="48.4296989" lon="11.5764972"/>
  <node id="613356212" lat="48.4293482" lon="11.5764945"/>
  <node id="613356213" lat="48.4292681" lon="11.5764060"/>
  <node id="613356214" lat="48.4290616" lon="11.5764047"/>
  <node id="613356216" lat="48.4287983" lon="11.5764033"/>
  <node id="613356217" lat="48.4287965" lon="11.5767627"/>
  <node id="613356219" lat="48.4290599" lon="11.5768861"/>
  <node id="613356273" lat="48.4301313" lon="11.5769509"/>
  <node id="613356275" lat="48.4307221" lon="11.5768533"/>
  <node id="613356279" lat="48.4302078" lon="11.5782862"/>
  <node id="613356280" lat="48.4307649" lon="11.5781682"/>
  <node id="613356282" lat="48.4307506" lon="11.5779375"/>
  <node id="613356283" lat="48.4301835" lon="11.5778035"/>
  <node id="613356285" lat="48.4294959" lon="11.5777927"/>
  <node id="613361539" lat="48.4290609" lon="11.5833197">
    <tag k="barrier" v="bollard"/>
    <tag k="bicycle" v="yes"/>
    <tag k="foot" v="yes"/>
    <tag k="motorcar" v="no"/>
    <tag k="motorcycle" v="yes"/>
  </node>
  <node id="613361540" lat="48.4290083" lon="11.5830766"/>
  <node id="613361542" lat="48.4290902" lon="11.5827226"/>
  <node id="613361543" lat="48.4291934" lon="11.5822613"/>
  <node id="613361544" lat="48.4292610" lon="11.5818160"/>
  <node id="613361545" lat="48.4292789" lon="11.5814137"/>
  <node id="613361546" lat="48.4292789" lon="11.5811079"/>
  <node id="613361548" lat="48.4293429" lon="11.5809255"/>
  <node id="613361549" lat="48.4294394" lon="11.5807686"/>
  <node id="613366796" lat="48.4278781" lon="11.5849704"/>
  <node id="613367010" lat="48.4288267" lon="11.5849166"/>
  <node id="613367014" lat="48.4287004" lon="11.5850239"/>
  <node id="613367019" lat="48.4287267" lon="11.5858762"/>
  <node id="613386494" lat="48.4302506" lon="11.5851527"/>
  <node id="613386495" lat="48.4302826" lon="11.5855791"/>
  <node id="613386496" lat="48.4300975" lon="11.5856247"/>
  <node id="613386497" lat="48.4300601" lon="11.5857253"/>
  <node id="613386505" lat="48.4300735" lon="11.5858487"/>
  <node id="613386506" lat="48.4301091" lon="11.5861893"/>
  <node id="613386507" lat="48.4308198" lon="11.5861874"/>
  <node id="613386508" lat="48.4308504" lon="11.5860995"/>
  <node id="613386509" lat="48.4308593" lon="11.5859117"/>
  <node id="613386510" lat="48.4307845" lon="11.5852090">
    <tag k="highway" v="turning_circle"/>
  </node>
  <node id="613386511" lat="48.4311867" lon="11.5860217"/>
  <node id="613400455" lat="48.4303475" lon="11.5902614"/>
  <node id="613400459" lat="48.4301384" lon="11.5901845"/>
  <node id="613400460" lat="48.4299248" lon="11.5901630"/>
  <node id="613400461" lat="48.4297772" lon="11.5902328"/>
  <node id="613400462" lat="48.4296259" lon="11.5905064"/>
  <node id="613400464" lat="48.4299284" lon="11.5902623"/>
  <node id="613400465" lat="48.4299484" lon="11.5903453"/>
  <node id="613425809" lat="48.4302052" lon="11.5941975"/>
  <node id="613425812" lat="48.4304624" lon="11.5940898"/>
  <node id="613425817" lat="48.4306652" lon="11.5940200"/>
  <node id="613425899" lat="48.4304480" lon="11.5953163"/>
  <node id="613425923" lat="48.4305478" lon="11.5953129"/>
  <node id="613425930" lat="48.4307702" lon="11.5952270"/>
  <node id="613506580" lat="48.4277322" lon="11.5927245"/>
  <node id="613506753" lat="48.4287681" lon="11.5935507"/>
  <node id="613506754" lat="48.4286879" lon="11.5929767"/>
  <node id="613506755" lat="48.4287111" lon="11.5928935"/>
  <node id="613571881" lat="48.4290196" lon="11.5962970"/>
  <node id="613571887" lat="48.4294533" lon="11.5962463"/>
  <node id="613571893" lat="48.4294123" lon="11.5973165"/>
  <node id="613571904" lat="48.4300014" lon="11.5972521"/>
  <node id="613571909" lat="48.4305389" lon="11.5970563"/>
  <node id="613571913" lat="48.4302452" lon="11.5967666"/>
  <node id="613571917" lat="48.4302363" lon="11.5965574"/>
  <node id="613571918" lat="48.4297487" lon="11.5964448"/>
  <node id="613579261" lat="48.4303576" lon="11.5981224"/>
  <node id="614239278" lat="48.4291485" lon="11.6019944"/>
  <node id="614240297" lat="48.4291448" lon="11.6024451"/>
  <node id="614255276" lat="48.4288411" lon="11.6026204"/>
  <node id="614255296" lat="48.4280003" lon="11.6026293"/>
  <node id="614255300" lat="48.4278069" lon="11.6025495"/>
  <node id="614673042" lat="48.4277397" lon="11.5974533"/>
  <node id="614673061" lat="48.4277500" lon="11.5977617"/>
  <node id="614673066" lat="48.4278194" lon="11.5979146"/>
  <node id="614679447" lat="48.4295102" lon="11.5975928"/>
  <node id="614679460" lat="48.4289620" lon="11.5975458"/>
  <node id="614679462" lat="48.4293625" lon="11.5973943"/>
  <node id="614680109" lat="48.4289122" lon="11.5970402"/>
  <node id="616089939" lat="48.4268207" lon="11.5926835"/>
  <node id="616211698" lat="48.4323649" lon="11.5991538"/>
  <node id="616211699" lat="48.4318531" lon="11.5992782"/>
  <node id="616227419" lat="48.4317806" lon="11.6001549"/>
  <node id="616227420" lat="48.4319075" lon="11.6001328"/>
  <node id="616227421" lat="48.4321050" lon="11.6000470"/>
  <node id="616227423" lat="48.4321922" lon="11.6000443"/>
  <node id="616227424" lat="48.4322456" lon="11.6000684"/>
  <node id="616227425" lat="48.4323061" lon="11.6000416"/>
  <node id="616237913" lat="48.4329678" lon="11.6019427"/>
  <node id="616237914" lat="48.4329344" lon="11.6020425"/>
  <node id="616237915" lat="48.4329984" lon="11.6028284"/>
  <node id="616273824" lat="48.4331086" lon="11.5980325"/>
  <node id="616273826" lat="48.4327279" lon="11.5979870"/>
  <node id="616273828" lat="48.4326603" lon="11.5982231"/>
  <node id="616273836" lat="48.4325717" lon="11.5987232"/>
  <node id="616273837" lat="48.4324058" lon="11.5986495"/>
  <node id="616273838" lat="48.4323168" lon="11.5985235"/>
  <node id="616273840" lat="48.4320285" lon="11.5984752"/>
  <node id="616567012" lat="48.4332007" lon="11.5967717"/>
  <node id="616567013" lat="48.4336177" lon="11.5967613"/>
  <node id="616675935" lat="48.4341320" lon="11.5947684"/>
  <node id="616675936" lat="48.4341338" lon="11.5948837"/>
  <node id="616675937" lat="48.4341373" lon="11.5951010"/>
  <node id="616675938" lat="48.4344786" lon="11.5948436"/>
  <node id="616675939" lat="48.4345538" lon="11.5959165"/>
  <node id="616675940" lat="48.4342085" lon="11.5959673"/>
  <node id="616675941" lat="48.4341872" lon="11.5961122"/>
  <node id="616681247" lat="48.4352086" lon="11.5965708"/>
  <node id="616681248" lat="48.4352265" lon="11.5964019"/>
  <node id="616681249" lat="48.4354728" lon="11.5962167"/>
  <node id="616681250" lat="48.4347602" lon="11.5969007"/>
  <node id="616681251" lat="48.4351588" lon="11.5969088"/>
  <node id="616681252" lat="48.4352175" lon="11.5989365"/>
  <node id="616681253" lat="48.4358974" lon="11.5988829"/>
  <node id="616967007" lat="48.4399172" lon="11.5820520"/>
  <node id="616967008" lat="48.4397198" lon="11.5822463"/>
  <node id="616967009" lat="48.4396279" lon="11.5824120"/>
  <node id="616967010" lat="48.4390808" lon="11.5825992"/>
  <node id="616967011" lat="48.4387748" lon="11.5821701"/>
  <node id="616968718" lat="48.4379171" lon="11.5841763"/>
  <node id="616968719" lat="48.4377534" lon="11.5837150"/>
  <node id="616971725" lat="48.4376412" lon="11.5811857"/>
  <node id="616971726" lat="48.4376038" lon="11.5810730"/>
  <node id="616971727" lat="48.4374935" lon="11.5809335"/>
  <node id="617030077" lat="48.4380038" lon="11.5845046"/>
  <node id="617030078" lat="48.4382961" lon="11.5841978"/>
  <node id="619525017" lat="48.4513834" lon="11.6072246"/>
  <node id="619525018" lat="48.4513383" lon="11.6074016"/>
  <node id="619525019" lat="48.4512738" lon="11.6077158"/>
  <node id="619525020" lat="48.4512965" lon="11.6078841"/>
  <node id="619525021" lat="48.4513744" lon="11.6080510"/>
  <node id="619525022" lat="48.4519265" lon="11.6090340"/>
  <node id="619525023" lat="48.4524293" lon="11.6099029"/>
  <node id="619525024" lat="48.4526973" lon="11.6103713"/>
  <node id="619525025" lat="48.4530246" lon="11.6110829"/>
  <node id="619525026" lat="48.4532807" lon="11.6115513"/>
  <node id="619525027" lat="48.4533874" lon="11.6117122"/>
  <node id="619525028" lat="48.4537518" lon="11.6124437"/>
  <node id="619525029" lat="48.4538967" lon="11.6127847"/>
  <node id="619525030" lat="48.4540333" lon="11.6132131"/>
  <node id="619525031" lat="48.4543329" lon="11.6138021"/>
  <node id="619525032" lat="48.4546061" lon="11.6145488"/>
  <node id="619525033" lat="48.4551042" lon="11.6157451"/>
  <node id="619525034" lat="48.4554557" lon="11.6167628"/>
  <node id="619525035" lat="48.4555393" lon="11.6169887"/>
  <node id="619525036" lat="48.4557580" lon="11.6176368"/>
  <node id="619525037" lat="48.4559185" lon="11.6180074"/>
  <node id="619525038" lat="48.4560889" lon="11.6182636"/>
  <node id="620396375" lat="48.4350129" lon="11.5572362"/>
  <node id="632720645" lat="48.4280921" lon="11.5909207"/>
  <node id="664439785" lat="48.4272701" lon="11.5895738"/>
  <node id="679654024" lat="48.4612871" lon="11.5609603"/>
  <node id="695163015" lat="48.4543964" lon="11.6029225"/>
  <node id="695163016" lat="48.4542512" lon="11.6025025"/>
  <node id="695163222" lat="48.4535766" lon="11.6035187"/>
  <node id="695163227" lat="48.4533784" lon="11.6033393"/>
  <node id="695163228" lat="48.4532268" lon="11.6031244"/>
  <node id="695171151" lat="48.4556677" lon="11.6022583"/>
  <node id="695171158" lat="48.4555962" lon="11.6022030"/>
  <node id="695171165" lat="48.4554295" lon="11.6019067"/>
  <node id="695171170" lat="48.4553580" lon="11.6017178"/>
  <node id="695171177" lat="48.4553601" lon="11.6013825"/>
  <node id="695171194" lat="48.4552389" lon="11.6029388"/>
  <node id="695171227" lat="48.4548836" lon="11.6021639"/>
  <node id="695189919" lat="48.4560748" lon="11.6032806"/>
  <node id="695189920" lat="48.4561485" lon="11.6034337"/>
  <node id="695189921" lat="48.4562264" lon="11.6034435"/>
  <node id="695189922" lat="48.4564019" lon="11.6032481"/>
  <node id="695189923" lat="48.4565101" lon="11.6030267"/>
  <node id="695189924" lat="48.4563367" lon="11.6013211"/>
  <node id="695189925" lat="48.4565967" lon="11.6012425"/>
  <node id="695189926" lat="48.4568978" lon="11.6010048"/>
  <node id="695193400" lat="48.4572702" lon="11.5989761"/>
  <node id="695193404" lat="48.4569519" lon="11.5992043"/>
  <node id="695193414" lat="48.4567174" lon="11.5995764"/>
  <node id="695193463" lat="48.4568025" lon="11.6008159"/>
  <node id="696368974" lat="48.4588345" lon="11.6068273"/>
  <node id="696369050" lat="48.4602101" lon="11.6068436"/>
  <node id="696369059" lat="48.4602340" lon="11.6071217"/>
  <node id="696369064" lat="48.4603580" lon="11.6068534"/>
  <node id="696369066" lat="48.4609282" lon="11.6069287"/>
  <node id="696369068" lat="48.4613831" lon="11.6069516"/>
  <node id="696369071" lat="48.4620382" lon="11.6067814"/>
  <node id="696369073" lat="48.4625300" lon="11.6065949"/>
  <node id="696369076" lat="48.4630197" lon="11.6062808"/>
  <node id="697282178" lat="48.4384963" lon="11.6229199"/>
  <node id="697282179" lat="48.4383356" lon="11.6227430"/>
  <node id="697284200" lat="48.4346729" lon="11.6241453"/>
  <node id="697284201" lat="48.4347470" lon="11.6240515"/>
  <node id="697284202" lat="48.4347547" lon="11.6239079"/>
  <node id="697284203" lat="48.4347158" lon="11.6238405"/>
  <node id="697284204" lat="48.4345403" lon="11.6238405"/>
  <node id="697284205" lat="48.4344056" lon="11.6240368"/>
  <node id="726848777" lat="48.4569285" lon="11.6229434"/>
  <node id="726848778" lat="48.4569400" lon="11.6231373"/>
  <node id="726848779" lat="48.4569115" lon="11.6235342"/>
  <node id="726848780" lat="48.4569471" lon="11.6239902"/>
  <node id="726848781" lat="48.4572104" lon="11.6250846"/>
  <node id="726848857" lat="48.4516300" lon="11.6085123"/>
  <node id="810552815" lat="48.4179019" lon="11.6243046"/>
  <node id="810552858" lat="48.4226024" lon="11.6177949"/>
  <node id="841770410" lat="48.4544073" lon="11.6039868"/>
  <node id="841770427" lat="48.4546767" lon="11.6043414"/>
  <node id="841770431" lat="48.4547421" lon="11.6044329"/>
  <node id="841770436" lat="48.4548105" lon="11.6044421"/>
  <node id="841770438" lat="48.4548654" lon="11.6044444"/>
  <node id="841770440" lat="48.4549445" lon="11.6044260"/>
  <node id="841770443" lat="48.4550556" lon="11.6043300"/>
  <node id="841770444" lat="48.4551742" lon="11.6042408"/>
  <node id="841770447" lat="48.4553751" lon="11.6041881"/>
  <node id="841770453" lat="48.4552047" lon="11.6041241"/>
  <node id="841770454" lat="48.4552838" lon="11.6039914"/>
  <node id="841770455" lat="48.4553842" lon="11.6039022"/>
  <node id="841770456" lat="48.4554756" lon="11.6038770"/>
  <node id="841770458" lat="48.4555440" lon="11.6039274"/>
  <node id="841770473" lat="48.4555242" lon="11.6034836"/>
  <node id="844176109" lat="48.4518272" lon="11.5903144"/>
  <node id="1014258208" lat="48.4247663" lon="11.6090990"/>
  <node id="1014258211" lat="48.4243707" lon="11.6078437"/>
  <node id="1014258214" lat="48.4243130" lon="11.6073296"/>
  <node id="1371486716" lat="48.4523240" lon="11.5613975"/>
  <node id="1371486717" lat="48.4572918" lon="11.5591525"/>
  <node id="1371486719" lat="48.4568792" lon="11.5599636"/>
  <node id="1475197056" lat="48.4278594" lon="11.5814808"/>
  <node id="1475197058" lat="48.4278808" lon="11.5817778"/>
  <node id="1475197062" lat="48.4280638" lon="11.5820108"/>
  <node id="1475197071" lat="48.4283434" lon="11.5819839"/>
  <node id="1487487968" lat="48.4277214" lon="11.5712458"/>
  <node id="1489418727" lat="48.4156459" lon="11.5929172"/>
  <node id="1489418728" lat="48.4160502" lon="11.5933763"/>
  <node id="1489442400" lat="48.4353781" lon="11.5551546"/>
  <node id="1489442403" lat="48.4364780" lon="11.5866688"/>
  <node id="1489442404" lat="48.4364955" lon="11.5867031"/>
  <node id="1489442405" lat="48.4365859" lon="11.5868812"/>
  <node id="1489442406" lat="48.4366030" lon="11.5870403"/>
  <node id="1489442409" lat="48.4367545" lon="11.5595992"/>
  <node id="1489442412" lat="48.4370763" lon="11.5851008"/>
  <node id="1489442413" lat="48.4379992" lon="11.5646968"/>
  <node id="1489442414" lat="48.4389744" lon="11.5668443"/>
  <node id="1489442424" lat="48.4395802" lon="11.5668179"/>
  <node id="1489442426" lat="48.4398941" lon="11.5667715"/>
  <node id="1489442428" lat="48.4411912" lon="11.5663139"/>
  <node id="1501334302" lat="48.4323477" lon="11.6112493"/>
  <node id="1613672566" lat="48.4262854" lon="11.5941868"/>
  <node id="1613672567" lat="48.4263759" lon="11.5941990"/>
  <node id="1613672568" lat="48.4269465" lon="11.5891437"/>
  <node id="1613672571" lat="48.4268941" lon="11.5896854"/>
  <node id="1613672573" lat="48.4270147" lon="11.5943531"/>
  <node id="1613672580" lat="48.4292572" lon="11.5907051"/>
  <node id="1695102247" lat="48.4202509" lon="11.6069344"/>
  <node id="1741229389" lat="48.4564171" lon="11.5545390"/>
  <node id="1741229394" lat="48.4566733" lon="11.5564809"/>
  <node id="1741229423" lat="48.4582157" lon="11.5589171"/>
  <node id="1741229426" lat="48.4620778" lon="11.5614312"/>
  <node id="1741229428" lat="48.4604631" lon="11.5597633"/>
  <node id="1741229430" lat="48.4580180" lon="11.5589485"/>
  <node id="1741229432" lat="48.4587793" lon="11.5591953"/>
  <node id="1741229437" lat="48.4599016" lon="11.5595841"/>
  <node id="1741229443" lat="48.4566235" lon="11.5556655"/>
  <node id="1741229446" lat="48.4561156" lon="11.5536194"/>
  <node id="1741229456" lat="48.4619452" lon="11.5611011"/>
  <node id="1741229463" lat="48.4591561" lon="11.5593230"/>
  <node id="1741229465" lat="48.4614826" lon="11.5610611"/>
  <node id="1741229483" lat="48.4607664" lon="11.5601846"/>
  <node id="1741229486" lat="48.4577477" lon="11.5589485"/>
  <node id="1741229488" lat="48.4584603" lon="11.5589859"/>
  <node id="1741229490" lat="48.4610179" lon="11.5606479"/>
  <node id="1741229494" lat="48.4622003" lon="11.5618265"/>
  <node id="1741229505" lat="48.4568298" lon="11.5574572"/>
  <node id="1741229507" lat="48.4572421" lon="11.5582286"/>
  <node id="1741229510" lat="48.4575413" lon="11.5588734"/>
  <node id="1741229512" lat="48.4565310" lon="11.5549360"/>
  <node id="1741229517" lat="48.4616986" lon="11.5610223"/>
  <node id="1741229534" lat="48.4603963" lon="11.5597395"/>
  <node id="1741229540" lat="48.4570148" lon="11.5579830"/>
  <node id="1741229541" lat="48.4618350" lon="11.5609971"/>
  <node id="1741229542" lat="48.4573987" lon="11.5584754"/>
  <node id="1741229543" lat="48.4594433" lon="11.5594019"/>
  <node id="1756479555" lat="48.4352495" lon="11.6095512"/>
  <node id="1756479556" lat="48.4342001" lon="11.6087183"/>
  <node id="1756479558" lat="48.4344966" lon="11.6088051"/>
  <node id="1756479560" lat="48.4368582" lon="11.6116755"/>
  <node id="1756479621" lat="48.4353660" lon="11.6096483"/>
  <node id="1756479623" lat="48.4333143" lon="11.6080634"/>
  <node id="1756479626" lat="48.4335492" lon="11.6082694"/>
  <node id="1756479629" lat="48.4347549" lon="11.6088350"/>
  <node id="1756479632" lat="48.4350858" lon="11.6087878"/>
  <node id="1756479635" lat="48.4351213" lon="11.6091649"/>
  <node id="1756479637" lat="48.4355271" lon="11.6096263"/>
  <node id="1756479640" lat="48.4356125" lon="11.6095834"/>
  <node id="1756479643" lat="48.4357335" lon="11.6096370"/>
  <node id="1756479646" lat="48.4363097" lon="11.6102030"/>
  <node id="1756479649" lat="48.4364596" lon="11.6104202"/>
  <node id="1756479652" lat="48.4366517" lon="11.6105382"/>
  <node id="1756479655" lat="48.4369222" lon="11.6106562"/>
  <node id="1756479658" lat="48.4370005" lon="11.6109888"/>
  <node id="1756479662" lat="48.4368012" lon="11.6120081"/>
  <node id="1756479689" lat="48.4332292" lon="11.6224046"/>
  <node id="1756479693" lat="48.4335258" lon="11.6234669"/>
  <node id="1763048133" lat="48.4204485" lon="11.6255316"/>
  <node id="1763048134" lat="48.4205992" lon="11.6246256"/>
  <node id="1763048140" lat="48.4251166" lon="11.6230266"/>
  <node id="1836828841" lat="48.4167176" lon="11.5935363"/>
  <node id="1836828842" lat="48.4168970" lon="11.5935424"/>
  <node id="1836828844" lat="48.4171424" lon="11.5935330"/>
  <node id="1836828845" lat="48.4174031" lon="11.5935148"/>
  <node id="1836828848" lat="48.4177179" lon="11.5934769"/>
  <node id="1836828849" lat="48.4197725" lon="11.5936380"/>
  <node id="1836828851" lat="48.4202960" lon="11.5937944"/>
  <node id="1836828853" lat="48.4211545" lon="11.5939404"/>
  <node id="2004279968" lat="48.4282096" lon="11.5914161"/>
  <node id="2004279972" lat="48.4284409" lon="11.5913537"/>
  <node id="2004280019" lat="48.4284397" lon="11.5910201"/>
  <node id="2004280033" lat="48.4286652" lon="11.5915556"/>
  <node id="2004280042" lat="48.4280103" lon="11.5917380">
    <tag k="highway" v="turning_circle"/>
  </node>
  <node id="2004280043" lat="48.4287658" lon="11.5919993"/>
  <node id="2004280091" lat="48.4286866" lon="11.5912874"/>
  <node id="2054194351" lat="48.4552633" lon="11.6031381"/>
  <node id="2054194352" lat="48.4552890" lon="11.6032285"/>
  <node id="2054194353" lat="48.4552901" lon="11.6033560"/>
  <node id="2054194354" lat="48.4553200" lon="11.6034850"/>
  <node id="2054194355" lat="48.4553558" lon="11.6035358"/>
  <node id="2054194356" lat="48.4553962" lon="11.6033470"/>
  <node id="2054194357" lat="48.4555048" lon="11.6031398"/>
  <node id="2054194358" lat="48.4555306" lon="11.6027291"/>
  <node id="2054194359" lat="48.4557591" lon="11.6030417"/>
  <node id="2054194360" lat="48.4562333" lon="11.6012623"/>
  <node id="2054194361" lat="48.4562777" lon="11.6012962"/>
  <node id="2054194362" lat="48.4567396" lon="11.6011737"/>
  <node id="2056592986" lat="48.4139455" lon="11.5553851"/>
  <node id="2068431069" lat="48.4185910" lon="11.6139973"/>
  <node id="2068431070" lat="48.4190006" lon="11.6145688"/>
  <node id="2068431071" lat="48.4192237" lon="11.6161056"/>
  <node id="2068431072" lat="48.4192253" lon="11.6163121"/>
  <node id="2068442814" lat="48.4193231" lon="11.6216364"/>
  <node id="2068442816" lat="48.4204168" lon="11.6259738"/>
  <node id="2068442817" lat="48.4205024" lon="11.6250756"/>
  <node id="2068442818" lat="48.4208551" lon="11.6239651"/>
  <node id="2068442819" lat="48.4212258" lon="11.6233504"/>
  <node id="2068442821" lat="48.4216709" lon="11.6228750"/>
  <node id="2068442822" lat="48.4219143" lon="11.6197710"/>
  <node id="2068442826" lat="48.4221755" lon="11.6191679"/>
  <node id="2068442828" lat="48.4221848" lon="11.6225915"/>
  <node id="2068442830" lat="48.4227516" lon="11.6225473"/>
  <node id="2068442832" lat="48.4229881" lon="11.6157854"/>
  <node id="2068442834" lat="48.4230407" lon="11.6155981"/>
  <node id="2068442836" lat="48.4231076" lon="11.6162777"/>
  <node id="2068442844" lat="48.4234558" lon="11.6226950"/>
  <node id="2068442846" lat="48.4239735" lon="11.6177424"/>
  <node id="2068442848" lat="48.4241037" lon="11.6230270"/>
  <node id="2068442850" lat="48.4242811" lon="11.6180480"/>
  <node id="2068442852" lat="48.4247698" lon="11.6231522"/>
  <node id="2068442854" lat="48.4257210" lon="11.6225656"/>
  <node id="2068442856" lat="48.4269196" lon="11.6201236"/>
  <node id="2068442858" lat="48.4277928" lon="11.6187047"/>
  <node id="2068442860" lat="48.4279198" lon="11.6188912"/>
  <node id="2068442863" lat="48.4280743" lon="11.6178535"/>
  <node id="2068442865" lat="48.4281997" lon="11.6170877"/>
  <node id="2068442867" lat="48.4284325" lon="11.6159735"/>
  <node id="2068442869" lat="48.4288576" lon="11.6149108"/>
  <node id="2085963371" lat="48.4324462" lon="11.5907416"/>
  <node id="2085963391" lat="48.4328469" lon="11.5909605"/>
  <node id="2085963409" lat="48.4328310" lon="11.5920235"/>
  <node id="2085963439" lat="48.4329713" lon="11.5920277"/>
  <node id="2085963460" lat="48.4330584" lon="11.5920229"/>
  <node id="2089934522" lat="48.4310541" lon="11.5985282"/>
  <node id="2090842586" lat="48.4313700" lon="11.5926085"/>
  <node id="2091636440" lat="48.4304861" lon="11.5954883"/>
  <node id="2091636442" lat="48.4296505" lon="11.5950037"/>
  <node id="2091856128" lat="48.4311907" lon="11.5979376"/>
  <node id="2091864744" lat="48.4310516" lon="11.5954741"/>
  <node id="2093250044" lat="48.4302524" lon="11.5991279"/>
  <node id="2093250063" lat="48.4301801" lon="11.5991449"/>
  <node id="2093250101" lat="48.4302703" lon="11.5996643"/>
  <node id="2093250130" lat="48.4301857" lon="11.5993458"/>
  <node id="2093334375" lat="48.4369926" lon="11.6033996"/>
  <node id="2099408126" lat="48.4302461" lon="11.5989397"/>
  <node id="2099408127" lat="48.4303514" lon="11.5989435"/>
  <node id="2099446852" lat="48.4296880" lon="11.5951904">
    <tag k="barrier" v="lift_gate"/>
    <tag k="bicycle" v="no"/>
    <tag k="foot" v="yes"/>
    <tag k="horse" v="no"/>
    <tag k="motorcar" v="no"/>
    <tag k="motorcycle" v="no"/>
  </node>
  <node id="2099446853" lat="48.4298054" lon="11.5958105">
    <tag k="barrier" v="bollard"/>
    <tag k="bicycle" v="yes"/>
    <tag k="foot" v="yes"/>
    <tag k="motorcycle" v="no"/>
  </node>
  <node id="2099446854" lat="48.4297034" lon="11.5955989"/>
  <node id="2099446855" lat="48.4297432" lon="11.5955776">
    <tag k="barrier" v="bollard"/>
    <tag k="bicycle" v="yes"/>
    <tag k="foot" v="yes"/>
    <tag k="motorcycle" v="no"/>
  </node>
  <node id="2099446856" lat="48.4304201" lon="11.5951872">
    <tag k="crossing" v="traffic_signals"/>
    <tag k="crossing_ref" v="toucan"/>
    <tag k="highway" v="traffic_signals"/>
    <tag k="tactile_paving" v="no"/>
  </node>
  <node id="2099446857" lat="48.4300258" lon="11.5947417"/>
  <node id="2099446858" lat="48.4301466" lon="11.5953276"/>
  <node id="2099531030" lat="48.4298557" lon="11.5955109"/>
  <node id="2099531031" lat="48.4299238" lon="11.5954420"/>
  <node id="2099531033" lat="48.4300549" lon="11.5948831"/>
  <node id="2099531036" lat="48.4300954" lon="11.5950793"/>
  <node id="2099581428" lat="48.4297346" lon="11.5922080"/>
  <node id="2099581432" lat="48.4298018" lon="11.5921696"/>
  <node id="2099769168" lat="48.4313542" lon="11.5960205"/>
  <node id="2099769170" lat="48.4313569" lon="11.5958252"/>
  <node id="2099769171" lat="48.4314812" lon="11.5960557"/>
  <node id="2103046469" lat="48.4308693" lon="11.5830109"/>
  <node id="2103046471" lat="48.4308661" lon="11.5834570"/>
  <node id="2103046472" lat="48.4308834" lon="11.5830889"/>
  <node id="2103046473" lat="48.4308808" lon="11.5836579"/>
  <node id="2103046474" lat="48.4309306" lon="11.5839353"/>
  <node id="2103046475" lat="48.4309588" lon="11.5825463"/>
  <node id="2103046476" lat="48.4309595" lon="11.5871268"/>
  <node id="2103046477" lat="48.4310099" lon="11.5839468"/>
  <node id="2103046478" lat="48.4310046" lon="11.5833325"/>
  <node id="2103046479" lat="48.4310393" lon="11.5823730"/>
  <node id="2103046480" lat="48.4310393" lon="11.5870970"/>
  <node id="2103046481" lat="48.4310876" lon="11.5806149"/>
  <node id="2103046482" lat="48.4310897" lon="11.5806729"/>
  <node id="2103046483" lat="48.4311081" lon="11.5809277"/>
  <node id="2103046484" lat="48.4311191" lon="11.5819063"/>
  <node id="2103046485" lat="48.4310808" lon="11.5838741"/>
  <node id="2103046486" lat="48.4311294" lon="11.5810369"/>
  <node id="2103046487" lat="48.4311849" lon="11.5816662"/>
  <node id="2103046488" lat="48.4311994" lon="11.5835749"/>
  <node id="2103046489" lat="48.4313239" lon="11.5813540"/>
  <node id="2103046491" lat="48.4313878" lon="11.5837271"/>
  <node id="2103046492" lat="48.4314989" lon="11.5812217"/>
  <node id="2103046493" lat="48.4315588" lon="11.5837339"/>
  <node id="2103046495" lat="48.4316553" lon="11.5864267"/>
  <node id="2103046497" lat="48.4316159" lon="11.5811783"/>
  <node id="2103046499" lat="48.4317897" lon="11.5836984"/>
  <node id="2103046500" lat="48.4319362" lon="11.5812494"/>
  <node id="2103046501" lat="48.4319081" lon="11.5809846"/>
  <node id="2103046502" lat="48.4319110" lon="11.5806358"/>
  <node id="2103046503" lat="48.4319413" lon="11.5804269"/>
  <node id="2103046504" lat="48.4319688" lon="11.5801016"/>
  <node id="2103046505" lat="48.4319701" lon="11.5802209"/>
  <node id="2103046506" lat="48.4320095" lon="11.5859321"/>
  <node id="2103046507" lat="48.4320452" lon="11.5814622"/>
  <node id="2103046508" lat="48.4321296" lon="11.5827886"/>
  <node id="2103046509" lat="48.4321648" lon="11.5853871"/>
  <node id="2103046510" lat="48.4321730" lon="11.5835260"/>
  <node id="2103046511" lat="48.4321851" lon="11.5818274"/>
  <node id="2103046512" lat="48.4321880" lon="11.5825617"/>
  <node id="2103046513" lat="48.4322225" lon="11.5820333"/>
  <node id="2103046514" lat="48.4323343" lon="11.5850005"/>
  <node id="2103046515" lat="48.4323828" lon="11.5840734"/>
  <node id="2103046516" lat="48.4324003" lon="11.5846737"/>
  <node id="2103046517" lat="48.4324104" lon="11.5843629"/>
  <node id="2103082027" lat="48.4319766" lon="11.5947289"/>
  <node id="2103082029" lat="48.4324047" lon="11.5945203"/>
  <node id="2103082031" lat="48.4325783" lon="11.5953217"/>
  <node id="2103990387" lat="48.4325240" lon="11.5950669">
    <tag k="barrier" v="bollard"/>
    <tag k="bicycle" v="yes"/>
    <tag k="bollard" v="removable"/>
    <tag k="foot" v="yes"/>
  </node>
  <node id="2103990397" lat="48.4332382" lon="11.5951628"/>
  <node id="2104053494" lat="48.4331470" lon="11.5951568"/>
  <node id="2104070042" lat="48.4308704" lon="11.5832897"/>
  <node id="2104070043" lat="48.4308757" lon="11.5828003"/>
  <node id="2104070044" lat="48.4309098" lon="11.5838705"/>
  <node id="2104070045" lat="48.4309676" lon="11.5839694"/>
  <node id="2104070046" lat="48.4321404" lon="11.5832100"/>
  <node id="2104237903" lat="48.4294218" lon="11.5810210"/>
  <node id="2104237915" lat="48.4294771" lon="11.5820636"/>
  <node id="2104237918" lat="48.4295755" lon="11.5807537"/>
  <node id="2104237920" lat="48.4295862" lon="11.5810012"/>
  <node id="2104237922" lat="48.4295954" lon="11.5812122"/>
  <node id="2104237926" lat="48.4296518" lon="11.5823336"/>
  <node id="2104237934" lat="48.4298969" lon="11.5807206"/>
  <node id="2104237940" lat="48.4299060" lon="11.5807197"/>
  <node id="2104243648" lat="48.4289385" lon="11.5815142"/>
  <node id="2110915381" lat="48.4277522" lon="11.5858714"/>
  <node id="2110915387" lat="48.4277898" lon="11.5861836"/>
  <node id="2110915392" lat="48.4278638" lon="11.5868791"/>
  <node id="2110915395" lat="48.4279599" lon="11.5861460"/>
  <node id="2110915397" lat="48.4280198" lon="11.5868483"/>
  <node id="2110915400" lat="48.4281003" lon="11.5861206"/>
  <node id="2110915403" lat="48.4281648" lon="11.5868197"/>
  <node id="2110915406" lat="48.4281981" lon="11.5861030"/>
  <node id="2110915407" lat="48.4283074" lon="11.5867916"/>
  <node id="2123599289" lat="48.4312643" lon="11.5905559"/>
  <node id="2123599290" lat="48.4313030" lon="11.5905850"/>
  <node id="2123599291" lat="48.4313173" lon="11.5906123"/>
  <node id="2123599292" lat="48.4313497" lon="11.5907287"/>
  <node id="2123599293" lat="48.4314088" lon="11.5906368"/>
  <node id="2151984616" lat="48.4281098" lon="11.5849300"/>
  <node id="2151984617" lat="48.4281252" lon="11.5848541"/>
  <node id="2151984619" lat="48.4281593" lon="11.5848119"/>
  <node id="2151984621" lat="48.4281899" lon="11.5848190"/>
  <node id="2151984625" lat="48.4282860" lon="11.5848411"/>
  <node id="2151984628" lat="48.4283559" lon="11.5848572"/>
  <node id="2151984629" lat="48.4283576" lon="11.5852246"/>
  <node id="2151984630" lat="48.4283856" lon="11.5848994"/>
  <node id="2152542140" lat="48.4300311" lon="11.5940558"/>
  <node id="2152542149" lat="48.4301109" lon="11.5944525"/>
  <node id="2152542151" lat="48.4301626" lon="11.5939946"/>
  <node id="2152542152" lat="48.4302455" lon="11.5943892"/>
  <node id="2152544318" lat="48.4301053" lon="11.5937223"/>
  <node id="2152544321" lat="48.4301786" lon="11.5940709"/>
  <node id="2152620303" lat="48.4283257" lon="11.5817344"/>
  <node id="2152620304" lat="48.4283964" lon="11.5815961"/>
  <node id="2152637749" lat="48.4281952" lon="11.5841723"/>
  <node id="2152637750" lat="48.4283788" lon="11.5823698"/>
  <node id="2152637756" lat="48.4284708" lon="11.5818270"/>
  <node id="2152637764" lat="48.4284809" lon="11.5817621"/>
  <node id="2152637767" lat="48.4285045" lon="11.5817235"/>
  <node id="2152637769" lat="48.4285122" lon="11.5823345"/>
  <node id="2152637771" lat="48.4285203" lon="11.5815743"/>
  <node id="2152637772" lat="48.4285264" lon="11.5816788"/>
  <node id="2152673127" lat="48.4276843" lon="11.5827346"/>
  <node id="2152673129" lat="48.4276884" lon="11.5828338"/>
  <node id="2152673130" lat="48.4277006" lon="11.5826758"/>
  <node id="2152673132" lat="48.4277428" lon="11.5826318"/>
  <node id="2152673133" lat="48.4277493" lon="11.5831240"/>
  <node id="2152673140" lat="48.4278655" lon="11.5837302"/>
  <node id="2152673142" lat="48.4279331" lon="11.5842415"/>
  <node id="2152673159" lat="48.4283911" lon="11.5825074"/>
  <node id="2152673173" lat="48.4286748" lon="11.5840338"/>
  <node id="2152673180" lat="48.4291632" lon="11.5820283"/>
  <node id="2152718643" lat="48.4274618" lon="11.5860923"/>
  <node id="2152718646" lat="48.4275715" lon="11.5873575"/>
  <node id="2152718648" lat="48.4276081" lon="11.5860629"/>
  <node id="2152718652" lat="48.4277804" lon="11.5861029"/>
  <node id="2152718656" lat="48.4278528" lon="11.5881822"/>
  <node id="2152718662" lat="48.4281254" lon="11.5868275"/>
  <node id="2152718664" lat="48.4281623" lon="11.5872387"/>
  <node id="2152718666" lat="48.4282541" lon="11.5861722"/>
  <node id="2152718675" lat="48.4283505" lon="11.5856673"/>
  <node id="2152718677" lat="48.4283272" lon="11.5859640"/>
  <node id="2152718679" lat="48.4285669" lon="11.5857270"/>
  <node id="2152718681" lat="48.4285267" lon="11.5860091"/>
  <node id="2152718683" lat="48.4285487" lon="11.5850409"/>
  <node id="2152730191" lat="48.4269783" lon="11.5806840"/>
  <node id="2152730192" lat="48.4270531" lon="11.5808469"/>
  <node id="2152730193" lat="48.4271181" lon="11.5808959"/>
  <node id="2152730197" lat="48.4274718" lon="11.5846797"/>
  <node id="2152730203" lat="48.4278536" lon="11.5846764"/>
  <node id="2152731998" lat="48.4292112" lon="11.5821444"/>
  <node id="2152731999" lat="48.4292789" lon="11.5812674"/>
  <node id="2152732000" lat="48.4294340" lon="11.5812502"/>
  <node id="2152732001" lat="48.4294371" lon="11.5820918"/>
  <node id="2152732009" lat="48.4299414" lon="11.5812943"/>
  <node id="2152732010" lat="48.4299565" lon="11.5815466"/>
  <node id="2152733536" lat="48.4290099" lon="11.5829831"/>
  <node id="2152733539" lat="48.4304301" lon="11.5835488"/>
  <node id="2152737324" lat="48.4307803" lon="11.5828826"/>
  <node id="2152737325" lat="48.4308399" lon="11.5828387"/>
  <node id="2152737326" lat="48.4309135" lon="11.5826595"/>
  <node id="2152737327" lat="48.4310083" lon="11.5818958"/>
  <node id="2152737328" lat="48.4310875" lon="11.5821330"/>
  <node id="2152737329" lat="48.4311056" lon="11.5834768"/>
  <node id="2152737330" lat="48.4312047" lon="11.5812152"/>
  <node id="2152737331" lat="48.4312201" lon="11.5837847"/>
  <node id="2152737332" lat="48.4312340" lon="11.5812628"/>
  <node id="2152737333" lat="48.4312622" lon="11.5814472"/>
  <node id="2152737334" lat="48.4317978" lon="11.5811560"/>
  <node id="2152737335" lat="48.4318588" lon="11.5810831"/>
  <node id="2152737336" lat="48.4320793" lon="11.5856617"/>
  <node id="2152737337" lat="48.4321212" lon="11.5836126"/>
  <node id="2152737338" lat="48.4321220" lon="11.5816398"/>
  <node id="2152737339" lat="48.4322023" lon="11.5836622"/>
  <node id="2152737340" lat="48.4322243" lon="11.5822864"/>
  <node id="2152737341" lat="48.4323039" lon="11.5838728"/>
  <node id="2152737342" lat="48.4323746" lon="11.5848400"/>
  <node id="2152737343" lat="48.4324022" lon="11.5842174"/>
  <node id="2152737344" lat="48.4324097" lon="11.5845222"/>
  <node id="2154037814" lat="48.4280456" lon="11.5938392"/>
  <node id="2154037815" lat="48.4281300" lon="11.5937385"/>
  <node id="2154037816" lat="48.4282498" lon="11.5936942"/>
  <node id="2154683797" lat="48.4345699" lon="11.5989349"/>
  <node id="2154683798" lat="48.4346295" lon="11.5990920"/>
  <node id="2154861287" lat="48.4302071" lon="11.5996301"/>
  <node id="2156115523" lat="48.4240562" lon="11.5980754">
    <tag k="name" v="Allershausen"/>
    <tag k="traffic_sign" v="city_limit"/>
  </node>
  <node id="2156115529" lat="48.4296083" lon="11.5982669"/>
  <node id="2156115534" lat="48.4296805" lon="11.5982655">
    <tag k="amenity" v="parking_entrance"/>
  </node>
  <node id="2156244062" lat="48.4336485" lon="11.5977786"/>
  <node id="2156244065" lat="48.4336778" lon="11.5980033"/>
  <node id="2159561827" lat="48.4312902" lon="11.6014186"/>
  <node id="2159561828" lat="48.4313288" lon="11.6034942"/>
  <node id="2159561861" lat="48.4319759" lon="11.6031184"/>
  <node id="2159561864" lat="48.4320264" lon="11.6036610"/>
  <node id="2159561891" lat="48.4326550" lon="11.6036339"/>
  <node id="2159875407" lat="48.4138570" lon="11.5875466"/>
  <node id="2159875412" lat="48.4141798" lon="11.5876057"/>
  <node id="2159930658" lat="48.4214510" lon="11.6127215"/>
  <node id="2159930659" lat="48.4216449" lon="11.6127416"/>
  <node id="2159930660" lat="48.4218589" lon="11.6126711"/>
  <node id="2159930661" lat="48.4220171" lon="11.6125536"/>
  <node id="2159930662" lat="48.4231133" lon="11.6112873"/>
  <node id="2159930663" lat="48.4234933" lon="11.6111987"/>
  <node id="2159930664" lat="48.4237657" lon="11.6112184"/>
  <node id="2159930665" lat="48.4242684" lon="11.6112659"/>
  <node id="2161021576" lat="48.4315310" lon="11.5992057">
    <tag k="crossing" v="traffic_signals"/>
    <tag k="crossing_ref" v="toucan"/>
    <tag k="highway" v="traffic_signals"/>
    <tag k="tactile_paving" v="no"/>
    <tag k="traffic_signals:sound" v="no"/>
  </node>
  <node id="2161021581" lat="48.4331285" lon="11.6029998"/>
  <node id="2161021585" lat="48.4332141" lon="11.6025078"/>
  <node id="2161021587" lat="48.4333356" lon="11.6023327"/>
  <node id="2161021589" lat="48.4333999" lon="11.6031183"/>
  <node id="2161021591" lat="48.4334630" lon="11.6032531"/>
  <node id="2161021593" lat="48.4335981" lon="11.6033162"/>
  <node id="2161021595" lat="48.4346862" lon="11.6001267">
    <tag k="button_operated" v="yes"/>
    <tag k="crossing" v="traffic_signals"/>
    <tag k="highway" v="traffic_signals"/>
    <tag k="tactile_paving" v="no"/>
    <tag k="traffic_signals:sound" v="yes"/>
  </node>
  <node id="2165318696" lat="48.4294651" lon="11.5832412">
    <tag k="highway" v="turning_circle"/>
  </node>
  <node id="2173286507" lat="48.4258171" lon="11.5801540"/>
  <node id="2173286510" lat="48.4258788" lon="11.5813633">
    <tag k="access" v="private"/>
    <tag k="barrier" v="gate"/>
  </node>
  <node id="2173286511" lat="48.4258994" lon="11.5814950"/>
  <node id="2173286518" lat="48.4277740" lon="11.5860279">
    <tag k="access" v="delivery"/>
    <tag k="barrier" v="gate"/>
  </node>
  <node id="2173347928" lat="48.4284243" lon="11.5886198"/>
  <node id="2173347932" lat="48.4286963" lon="11.5784911">
    <tag k="access" v="delivery"/>
    <tag k="barrier" v="gate"/>
  </node>
  <node id="2173347946" lat="48.4301470" lon="11.5831205"/>
  <node id="2173347948" lat="48.4301738" lon="11.5827399"/>
  <node id="2173347950" lat="48.4303181" lon="11.5831004"/>
  <node id="2173347952" lat="48.4303369" lon="11.5827823"/>
  <node id="2173395155" lat="48.4294159" lon="11.5796358"/>
  <node id="2173395158" lat="48.4295253" lon="11.5807592"/>
  <node id="2181234736" lat="48.4410182" lon="11.5887021"/>
  <node id="2181234737" lat="48.4418182" lon="11.5884193"/>
  <node id="2181234738" lat="48.4422427" lon="11.5874269"/>
  <node id="2181234739" lat="48.4460990" lon="11.5849620"/>
  <node id="2181234740" lat="48.4489576" lon="11.5842036"/>
  <node id="2181234741" lat="48.4513800" lon="11.5844343">
    <tag k="fixme" v="Weg geht weiter"/>
  </node>
  <node id="2181234742" lat="48.4515095" lon="11.5835351">
    <tag k="fixme" v="Weg geht weiter"/>
  </node>
  <node id="2181234743" lat="48.4535864" lon="11.5822374"/>
  <node id="2181234744" lat="48.4536358" lon="11.5818110"/>
  <node id="2181234745" lat="48.4537318" lon="11.5827893"/>
  <node id="2181234746" lat="48.4537434" lon="11.5831423">
    <tag k="fixme" v="Weg geht weiter"/>
  </node>
  <node id="2181234747" lat="48.4539048" lon="11.5804704"/>
  <node id="2181234748" lat="48.4539239" lon="11.5823533"/>
  <node id="2181234749" lat="48.4543912" lon="11.5802150"/>
  <node id="2181234750" lat="48.4546660" lon="11.5796351"/>
  <node id="2181234751" lat="48.4555602" lon="11.5813872">
    <tag k="fixme" v="Weg geht weiter"/>
  </node>
  <node id="2181234752" lat="48.4560594" lon="11.5818457"/>
  <node id="2181234753" lat="48.4561604" lon="11.5795706">
    <tag k="fixme" v="Weg geht weiter"/>
  </node>
  <node id="2181234754" lat="48.4562719" lon="11.5783514"/>
  <node id="2181234755" lat="48.4563025" lon="11.5777705"/>
  <node id="2181234756" lat="48.4563243" lon="11.5811950"/>
  <node id="2181234757" lat="48.4563403" lon="11.5781519"/>
  <node id="2181234758" lat="48.4563651" lon="11.5804231"/>
  <node id="2181234759" lat="48.4563693" lon="11.5793183"/>
  <node id="2181234760" lat="48.4564944" lon="11.5797283"/>
  <node id="2185349937" lat="48.4287919" lon="11.6117365"/>
  <node id="2185349938" lat="48.4289992" lon="11.6112562"/>
  <node id="2185349941" lat="48.4297687" lon="11.6115547"/>
  <node id="2185349942" lat="48.4299222" lon="11.6131843"/>
  <node id="2185349947" lat="48.4364292" lon="11.6039169"/>
  <node id="2185349948" lat="48.4371501" lon="11.6057345"/>
  <node id="2185349950" lat="48.4396226" lon="11.6183804"/>
  <node id="2185349952" lat="48.4416292" lon="11.6186214"/>
  <node id="2185349953" lat="48.4416712" lon="11.6188296"/>
  <node id="2185349954" lat="48.4420781" lon="11.6176944"/>
  <node id="2185349955" lat="48.4420830" lon="11.6193190"/>
  <node id="2185349956" lat="48.4424216" lon="11.6229191"/>
  <node id="2185349957" lat="48.4428098" lon="11.6199873"/>
  <node id="2185349958" lat="48.4429140" lon="11.6215759"/>
  <node id="2185349959" lat="48.4429237" lon="11.6202064"/>
  <node id="2185349960" lat="48.4429745" lon="11.6204913"/>
  <node id="2185560057" lat="48.4342649" lon="11.6047266"/>
  <node id="2185652297" lat="48.4288108" lon="11.6147632"/>
  <node id="2185741921" lat="48.4331280" lon="11.6186462"/>
  <node id="2185741922" lat="48.4334315" lon="11.6192325"/>
  <node id="2194550350" lat="48.4368488" lon="11.5989337"/>
  <node id="2194550352" lat="48.4462778" lon="11.6024658"/>
  <node id="2195289703" lat="48.4477443" lon="11.6033566"/>
  <node id="2195289704" lat="48.4480275" lon="11.6034646"/>
  <node id="2266365389" lat="48.4305315" lon="11.5670533"/>
  <node id="2266365392" lat="48.4303574" lon="11.5655137"/>
  <node id="2266365393" lat="48.4307054" lon="11.5689986"/>
  <node id="2266365395" lat="48.4304330" lon="11.5656752"/>
  <node id="2266365397" lat="48.4292499" lon="11.5625999"/>
  <node id="2266365400" lat="48.4304355" lon="11.5697436"/>
  <node id="2266365404" lat="48.4307978" lon="11.5672447"/>
  <node id="2266365406" lat="48.4296807" lon="11.5652160"/>
  <node id="2266365408" lat="48.4296774" lon="11.5653726"/>
  <node id="2266365411" lat="48.4306422" lon="11.5672062"/>
  <node id="2266365413" lat="48.4308499" lon="11.5672948"/>
  <node id="2266365415" lat="48.4297714" lon="11.5642799"/>
  <node id="2266365417" lat="48.4304114" lon="11.5713609"/>
  <node id="2266571037" lat="48.4155824" lon="11.6225221"/>
  <node id="2266571051" lat="48.4188870" lon="11.6137270"/>
  <node id="2266571053" lat="48.4150943" lon="11.6223593"/>
  <node id="2266571054" lat="48.4233385" lon="11.6112215"/>
  <node id="2266571061" lat="48.4159783" lon="11.6225305"/>
  <node id="2266571062" lat="48.4211372" lon="11.6123057"/>
  <node id="2266571070" lat="48.4166437" lon="11.6230233"/>
  <node id="2266571097" lat="48.4188569" lon="11.6141185"/>
  <node id="2266571101" lat="48.4229701" lon="11.6112919"/>
  <node id="2266604511" lat="48.4256786" lon="11.5799581"/>
  <node id="2266604512" lat="48.4255118" lon="11.5786832"/>
  <node id="2266604513" lat="48.4256532" lon="11.5784885"/>
  <node id="2295275792" lat="48.3991164" lon="11.5913301"/>
  <node id="2295275793" lat="48.3994476" lon="11.5911531"/>
  <node id="2295275794" lat="48.4021170" lon="11.5902035"/>
  <node id="2295275795" lat="48.4011215" lon="11.5904771"/>
  <node id="2295275796" lat="48.4042306" lon="11.5898683"/>
  <node id="2303030778" lat="48.4464522" lon="11.5898468"/>
  <node id="2327527928" lat="48.4370570" lon="11.5605328"/>
  <node id="2327527933" lat="48.4383686" lon="11.5753488">
    <tag k="noexit" v="yes"/>
  </node>
  <node id="2327527934" lat="48.4383723" lon="11.5755937"/>
  <node id="2327875983" lat="48.4399659" lon="11.6257979"/>
  <node id="2386311350" lat="48.4263646" lon="11.5948344">
    <tag k="barrier" v="bollard"/>
    <tag k="bicycle" v="yes"/>
    <tag k="foot" v="yes"/>
  </node>
  <node id="2386311353" lat="48.4263832" lon="11.5943206">
    <tag k="barrier" v="bollard"/>
    <tag k="bicycle" v="yes"/>
    <tag k="foot" v="yes"/>
  </node>
  <node id="2416007383" lat="48.4223163" lon="11.6092229"/>
  <node id="2416007384" lat="48.4242185" lon="11.6071753"/>
  <node id="2416007385" lat="48.4244060" lon="11.6080728"/>
  <node id="2416007386" lat="48.4234768" lon="11.6096950"/>
  <node id="2469933495" lat="48.4292097" lon="11.6142611"/>
  <node id="2469933496" lat="48.4197047" lon="11.5897776"/>
  <node id="2469933497" lat="48.4209494" lon="11.5896912"/>
  <node id="2469933498" lat="48.4185710" lon="11.5871201"/>
  <node id="2469933499" lat="48.4292504" lon="11.6143029"/>
  <node id="2469933500" lat="48.4204007" lon="11.5912088"/>
  <node id="2469933501" lat="48.4227646" lon="11.6114751"/>
  <node id="2469933502" lat="48.4193977" lon="11.5946709"/>
  <node id="2469933503" lat="48.4194822" lon="11.5945026"/>
  <node id="2469933504" lat="48.4187766" lon="11.5867910"/>
  <node id="2469933505" lat="48.4194680" lon="11.5943631"/>
  <node id="2469933506" lat="48.4204808" lon="11.5902819"/>
  <node id="2469933507" lat="48.4284176" lon="11.6139212"/>
  <node id="2469933508" lat="48.4199454" lon="11.5937939"/>
  <node id="2469933509" lat="48.4212153" lon="11.5812573"/>
  <node id="2469933510" lat="48.4198087" lon="11.5919625"/>
  <node id="2469933511" lat="48.4193505" lon="11.5931395"/>
  <node id="2469933512" lat="48.4203644" lon="11.5905544"/>
  <node id="2469933513" lat="48.4292191" lon="11.6145454"/>
  <node id="2469933514" lat="48.4186926" lon="11.5867959"/>
  <node id="2469933515" lat="48.4262682" lon="11.5757775"/>
  <node id="2469933516" lat="48.4216589" lon="11.6108496"/>
  <node id="2469933517" lat="48.4290422" lon="11.6146194"/>
  <node id="2469933518" lat="48.4188266" lon="11.5872029"/>
  <node id="2469933519" lat="48.4187203" lon="11.5874108"/>
  <node id="2469933520" lat="48.4198097" lon="11.5870782"/>
  <node id="2469933521" lat="48.4206841" lon="11.6006266"/>
  <node id="2469933522" lat="48.4197029" lon="11.5969053"/>
  <node id="2469933523" lat="48.4266947" lon="11.5752116"/>
  <node id="2469933524" lat="48.4186392" lon="11.5868242"/>
  <node id="2469933525" lat="48.4194470" lon="11.5878389"/>
  <node id="2469933526" lat="48.4195798" lon="11.5843923"/>
  <node id="2469933527" lat="48.4199450" lon="11.5941056"/>
  <node id="2469933528" lat="48.4204007" lon="11.5916053"/>
  <node id="2469933529" lat="48.4186578" lon="11.5872512"/>
  <node id="2469933530" lat="48.4290097" lon="11.6146416"/>
  <node id="2469933531" lat="48.4278879" lon="11.5736314"/>
  <node id="2469933532" lat="48.4196104" lon="11.5943631"/>
  <node id="2469933533" lat="48.4193812" lon="11.5942856"/>
  <node id="2469933534" lat="48.4207236" lon="11.5898618"/>
  <node id="2469933535" lat="48.4290242" lon="11.6144119"/>
  <node id="2469933536" lat="48.4291961" lon="11.6142908"/>
  <node id="2469933537" lat="48.4186918" lon="11.5873950"/>
  <node id="2469933538" lat="48.4292636" lon="11.6142469"/>
  <node id="2469933539" lat="48.4233342" lon="11.6117540"/>
  <node id="2469933540" lat="48.4221808" lon="11.6112176"/>
  <node id="2469933541" lat="48.4291843" lon="11.6146135"/>
  <node id="2469933542" lat="48.4291885" lon="11.6145817"/>
  <node id="2469933543" lat="48.4185924" lon="11.5868854"/>
  <node id="2469933544" lat="48.4292469" lon="11.6143371"/>
  <node id="2469933545" lat="48.4196958" lon="11.5872070"/>
  <node id="2469933546" lat="48.4196246" lon="11.5919384"/>
  <node id="2469933547" lat="48.4268086" lon="11.6122475"/>
  <node id="2469933548" lat="48.4195249" lon="11.5919813"/>
  <node id="2469933549" lat="48.4202925" lon="11.5903339"/>
  <node id="2469933550" lat="48.4195819" lon="11.5873786"/>
  <node id="2469933551" lat="48.4188414" lon="11.5890952"/>
  <node id="2469933552" lat="48.4207140" lon="11.6036216"/>
  <node id="2469933553" lat="48.4193448" lon="11.5861411"/>
  <node id="2469933554" lat="48.4199522" lon="11.5918311"/>
  <node id="2469933555" lat="48.4185615" lon="11.5869936"/>
  <node id="2469933556" lat="48.4194086" lon="11.5863124"/>
  <node id="2469933557" lat="48.4251569" lon="11.5768638"/>
  <node id="2469933558" lat="48.4217536" lon="11.5804687"/>
  <node id="2469933559" lat="48.4292473" lon="11.6144447"/>
  <node id="2469933560" lat="48.4187203" lon="11.5878614"/>
  <node id="2469933561" lat="48.4193946" lon="11.5875036"/>
  <node id="2469933562" lat="48.4185624" lon="11.5870762"/>
  <node id="2469933563" lat="48.4207567" lon="11.6027847"/>
  <node id="2469933564" lat="48.4233342" lon="11.5787092"/>
  <node id="2469933565" lat="48.4289693" lon="11.6143190"/>
  <node id="2469933566" lat="48.4200946" lon="11.5918096"/>
  <node id="2469933567" lat="48.4228073" lon="11.5792886"/>
  <node id="2469933568" lat="48.4194815" lon="11.5851277"/>
  <node id="2469933569" lat="48.4188358" lon="11.5868735"/>
  <node id="2469933570" lat="48.4264576" lon="11.5755302"/>
  <node id="2469933571" lat="48.4291083" lon="11.6145949"/>
  <node id="2469933572" lat="48.4248628" lon="11.6118613"/>
  <node id="2469933573" lat="48.4274258" lon="11.5735776"/>
  <node id="2469933574" lat="48.4274636" lon="11.5732815"/>
  <node id="2469933575" lat="48.4200828" lon="11.5900228"/>
  <node id="2469933576" lat="48.4204734" lon="11.5905308"/>
  <node id="2469933577" lat="48.4205075" lon="11.5911981"/>
  <node id="2469933578" lat="48.4292080" lon="11.6146173"/>
  <node id="2469933579" lat="48.4187751" lon="11.5889627"/>
  <node id="2469933580" lat="48.4201208" lon="11.5937483"/>
  <node id="2469933581" lat="48.4186984" lon="11.5872671"/>
  <node id="2469933582" lat="48.4191333" lon="11.5859517"/>
  <node id="2469933583" lat="48.4248507" lon="11.6113898"/>
  <node id="2469933584" lat="48.4199569" lon="11.5869480"/>
  <node id="2469933585" lat="48.4188720" lon="11.5869823"/>
  <node id="2469933586" lat="48.4193804" lon="11.5885765"/>
  <node id="2469933587" lat="48.4204292" lon="11.5987721"/>
  <node id="2469933588" lat="48.4292425" lon="11.6143828"/>
  <node id="2469933589" lat="48.4189532" lon="11.5892417"/>
  <node id="2469933590" lat="48.4195178" lon="11.5944167"/>
  <node id="2469933591" lat="48.4199878" lon="11.5938910"/>
  <node id="2469933592" lat="48.4290242" lon="11.6144276"/>
  <node id="2469933593" lat="48.4181914" lon="11.5894122"/>
  <node id="2469933594" lat="48.4183180" lon="11.5893369"/>
  <node id="2469933595" lat="48.4203537" lon="11.5826681"/>
  <node id="2469933596" lat="48.4187221" lon="11.5866442"/>
  <node id="2469933597" lat="48.4193544" lon="11.5859726"/>
  <node id="2469933598" lat="48.4189097" lon="11.5869634"/>
  <node id="2469933599" lat="48.4189126" lon="11.5870678"/>
  <node id="2469933600" lat="48.4276202" lon="11.5732171"/>
  <node id="2469933601" lat="48.4290668" lon="11.6146100"/>
  <node id="2469933602" lat="48.4291515" lon="11.6146001"/>
  <node id="2469933603" lat="48.4240177" lon="11.6117969"/>
  <node id="2469933604" lat="48.4203986" lon="11.5909047"/>
  <node id="2469933605" lat="48.4269133" lon="11.5748865"/>
  <node id="2469933606" lat="48.4197670" lon="11.5942987"/>
  <node id="2469933607" lat="48.4198963" lon="11.5898307"/>
  <node id="2469933608" lat="48.4194466" lon="11.5920993"/>
  <node id="2469933609" lat="48.4184586" lon="11.5870927"/>
  <node id="2469933610" lat="48.4186326" lon="11.5872273"/>
  <node id="2469933611" lat="48.4187132" lon="11.5882369"/>
  <node id="2469933612" lat="48.4194909" lon="11.5876254"/>
  <node id="2469933613" lat="48.4198240" lon="11.5918311"/>
  <node id="2469933614" lat="48.4187417" lon="11.5867191"/>
  <node id="2469933615" lat="48.4248279" lon="11.6109995"/>
  <node id="2469933616" lat="48.4187061" lon="11.5885159"/>
  <node id="2469933617" lat="48.4196958" lon="11.5918418"/>
  <node id="2469933618" lat="48.4203509" lon="11.5915092"/>
  <node id="2469933619" lat="48.4273497" lon="11.5739896"/>
  <node id="2469933620" lat="48.4256552" lon="11.5763489"/>
  <node id="2469933621" lat="48.4277394" lon="11.5714721"/>
  <node id="2469933622" lat="48.4183835" lon="11.5893007"/>
  <node id="2469933623" lat="48.4185816" lon="11.5869234"/>
  <node id="2469933624" lat="48.4191741" lon="11.5893968"/>
  <node id="2469933625" lat="48.4188912" lon="11.5858981"/>
  <node id="2469933626" lat="48.4277199" lon="11.5733137"/>
  <node id="2469933627" lat="48.4289995" lon="11.6143727"/>
  <node id="2469933628" lat="48.4205075" lon="11.5908226"/>
  <node id="2469933629" lat="48.4214545" lon="11.5808764"/>
  <node id="2469933630" lat="48.4187532" lon="11.5872626"/>
  <node id="2469933631" lat="48.4292355" lon="11.6145090"/>
  <node id="2469933632" lat="48.4290190" lon="11.6143056"/>
  <node id="2469933633" lat="48.4290527" lon="11.6143189"/>
  <node id="2469933634" lat="48.4186812" lon="11.5883069"/>
  <node id="2469933635" lat="48.4193612" lon="11.5902963"/>
  <node id="2469933636" lat="48.4188200" lon="11.5859946"/>
  <node id="2469933637" lat="48.4292247" lon="11.6143307"/>
  <node id="2469933638" lat="48.4211747" lon="11.6103131"/>
  <node id="2469933639" lat="48.4199785" lon="11.5976102"/>
  <node id="2469933640" lat="48.4199532" lon="11.5919470"/>
  <node id="2469933641" lat="48.4194657" lon="11.5896901"/>
  <node id="2469933642" lat="48.4186755" lon="11.5873105"/>
  <node id="2469933643" lat="48.4276537" lon="11.5722472"/>
  <node id="2469933644" lat="48.4205933" lon="11.5900367"/>
  <node id="2469933645" lat="48.4242598" lon="11.5778723"/>
  <node id="2469933646" lat="48.4199023" lon="11.5936840"/>
  <node id="2469933647" lat="48.4271411" lon="11.5744574"/>
  <node id="2469933648" lat="48.4248578" lon="11.6116365"/>
  <node id="2469933649" lat="48.4238326" lon="11.5783015"/>
  <node id="2469933651" lat="48.4186669" lon="11.5888005"/>
  <node id="2469933653" lat="48.4206001" lon="11.6057459"/>
  <node id="2469933655" lat="48.4187809" lon="11.5872487"/>
  <node id="2469933657" lat="48.4290387" lon="11.6145182"/>
  <node id="2469933658" lat="48.4188737" lon="11.5870649"/>
  <node id="2469933659" lat="48.4185571" lon="11.5890934"/>
  <node id="2469933660" lat="48.4244734" lon="11.6118613"/>
  <node id="2469933661" lat="48.4190265" lon="11.5858981"/>
  <node id="2469933662" lat="48.4186883" lon="11.5877759"/>
  <node id="2469933663" lat="48.4206005" lon="11.6077393"/>
  <node id="2469933664" lat="48.4250999" lon="11.6118613"/>
  <node id="2469933665" lat="48.4206713" lon="11.6083208"/>
  <node id="2469933666" lat="48.4207902" lon="11.6095407"/>
  <node id="2469933667" lat="48.4195107" lon="11.5917345"/>
  <node id="2469933668" lat="48.4292331" lon="11.6146158"/>
  <node id="2469933669" lat="48.4192166" lon="11.5859909"/>
  <node id="2469933670" lat="48.4291227" lon="11.6142650"/>
  <node id="2469933671" lat="48.4186812" lon="11.5886395"/>
  <node id="2469933672" lat="48.4184725" lon="11.5892310"/>
  <node id="2469933673" lat="48.4277768" lon="11.6132560"/>
  <node id="2469933674" lat="48.4205075" lon="11.5910586"/>
  <node id="2469933675" lat="48.4186114" lon="11.5889627"/>
  <node id="2469933676" lat="48.4198596" lon="11.5942558"/>
  <node id="2469933677" lat="48.4290702" lon="11.6142986"/>
  <node id="2469933678" lat="48.4290836" lon="11.6142831"/>
  <node id="2469933679" lat="48.4193669" lon="11.5939527"/>
  <node id="2469933680" lat="48.4247724" lon="11.5773574"/>
  <node id="2469933681" lat="48.4206905" lon="11.5821177"/>
  <node id="2469933682" lat="48.4186954" lon="11.5875023"/>
  <node id="2469933683" lat="48.4194327" lon="11.5916160"/>
  <node id="2469933684" lat="48.4273070" lon="11.6125909"/>
  <node id="2469933685" lat="48.4275081" lon="11.5730548"/>
  <node id="2469933686" lat="48.4195961" lon="11.5918418"/>
  <node id="2469933687" lat="48.4206286" lon="11.5995875"/>
  <node id="2469933688" lat="48.4290242" lon="11.6144535"/>
  <node id="2469933689" lat="48.4186879" lon="11.5867271"/>
  <node id="2469933690" lat="48.4187559" lon="11.5864238"/>
  <node id="2469933691" lat="48.4193480" lon="11.5914636"/>
  <node id="2469933692" lat="48.4278124" lon="11.5734317"/>
  <node id="2469933693" lat="48.4187702" lon="11.5861448"/>
  <node id="2469933694" lat="48.4204862" lon="11.5913805"/>
  <node id="2469933695" lat="48.4187182" lon="11.5887374"/>
  <node id="2469933696" lat="48.4185898" lon="11.5871606"/>
  <node id="2469933697" lat="48.4290262" lon="11.6145658"/>
  <node id="2469933698" lat="48.4207710" lon="11.6020981"/>
  <node id="2469933699" lat="48.4185103" lon="11.5871268"/>
  <node id="2469933700" lat="48.4193871" lon="11.5880727"/>
  <node id="2469933701" lat="48.4201782" lon="11.5901606"/>
  <node id="2469933702" lat="48.4260397" lon="11.5760055"/>
  <node id="2469933703" lat="48.4291675" lon="11.6142695"/>
  <node id="2469933704" lat="48.4185204" lon="11.5870171"/>
  <node id="2469933705" lat="48.4206571" lon="11.6045657"/>
  <node id="2469933706" lat="48.4202298" lon="11.5917131"/>
  <node id="2469933707" lat="48.4262960" lon="11.6120115"/>
  <node id="2469933708" lat="48.4275775" lon="11.5727021"/>
  <node id="2469933709" lat="48.4194039" lon="11.5865412"/>
  <node id="2469933710" lat="48.4202726" lon="11.5917882"/>
  <node id="2469933711" lat="48.4257407" lon="11.6119900"/>
  <node id="2469933712" lat="48.4292351" lon="11.6145694"/>
  <node id="2469933713" lat="48.4290357" lon="11.6143559"/>
  <node id="2469933714" lat="48.4188566" lon="11.5871434"/>
  <node id="2469933715" lat="48.4254296" lon="11.5765988"/>
  <node id="2469933716" lat="48.4193113" lon="11.5860590"/>
  <node id="2469933717" lat="48.4223374" lon="11.5798035"/>
  <node id="2469933718" lat="48.4200590" lon="11.5938052"/>
  <node id="2469933719" lat="48.4193486" lon="11.5922780"/>
  <node id="2469933720" lat="48.4206193" lon="11.6069014"/>
  <node id="2469933721" lat="48.4194181" lon="11.5858546"/>
  <node id="2469933722" lat="48.4288020" lon="11.6142860"/>
  <node id="2469933723" lat="48.4201088" lon="11.5919277"/>
  <node id="2469933724" lat="48.4198026" lon="11.5837517"/>
  <node id="2469933725" lat="48.4189603" lon="11.5870155"/>
  <node id="2469933726" lat="48.4186114" lon="11.5872072"/>
  <node id="2469933727" lat="48.4187888" lon="11.5868187"/>
  <node id="2469933729" lat="48.4194373" lon="11.5955932"/>
  <node id="2469933730" lat="48.4290639" lon="11.6145629"/>
  <node id="2469933732" lat="48.4188603" lon="11.5869297"/>
  <node id="2469933734" lat="48.4288874" lon="11.6143029"/>
  <node id="2472375377" lat="48.4223338" lon="11.6181225"/>
  <node id="2472375378" lat="48.4246887" lon="11.6182360"/>
  <node id="2472375379" lat="48.4253534" lon="11.6174432"/>
  <node id="2472375380" lat="48.4255526" lon="11.6177752"/>
  <node id="2472375381" lat="48.4260688" lon="11.6188164"/>
  <node id="2472375382" lat="48.4261125" lon="11.6191532"/>
  <node id="2472375383" lat="48.4266797" lon="11.6195273"/>
  <node id="2472375384" lat="48.4283612" lon="11.6162354"/>
  <node id="2472375385" lat="48.4289545" lon="11.6144929"/>
  <node id="2472375386" lat="48.4290937" lon="11.6141561"/>
  <node id="2472382988" lat="48.4153570" lon="11.6224670"/>
  <node id="2472382989" lat="48.4160334" lon="11.6226728"/>
  <node id="2472382990" lat="48.4178797" lon="11.6242186"/>
  <node id="2472382991" lat="48.4180362" lon="11.6243837"/>
  <node id="2472382992" lat="48.4180831" lon="11.6244417"/>
  <node id="2472382993" lat="48.4181079" lon="11.6245267"/>
  <node id="2472382994" lat="48.4190446" lon="11.6220250"/>
  <node id="2472383191" lat="48.4137241" lon="11.6226290"/>
  <node id="2472383192" lat="48.4137611" lon="11.6226026"/>
  <node id="2478954154" lat="48.4280246" lon="11.5852928"/>
  <node id="2478954157" lat="48.4280546" lon="11.5855237"/>
  <node id="2478954161" lat="48.4281173" lon="11.5855217"/>
  <node id="2478954167" lat="48.4281776" lon="11.5855197"/>
  <node id="2478966991" lat="48.4280286" lon="11.5852112"/>
  <node id="2478966993" lat="48.4280827" lon="11.5852243"/>
  <node id="2478967002" lat="48.4283345" lon="11.5852842"/>
  <node id="2481632769" lat="48.4290684" lon="11.5910236"/>
  <node id="2481632772" lat="48.4291376" lon="11.5909751"/>
  <node id="2495622461" lat="48.4484357" lon="11.5673501"/>
  <node id="2495622462" lat="48.4486722" lon="11.5672911"/>
  <node id="2495622463" lat="48.4490482" lon="11.5672872"/>
  <node id="2495622464" lat="48.4493272" lon="11.5672129"/>
  <node id="2495622465" lat="48.4503918" lon="11.5667985"/>
  <node id="2502074063" lat="48.4303455" lon="11.6156110"/>
  <node id="2502074077" lat="48.4298093" lon="11.6154214"/>
  <node id="2502074082" lat="48.4296758" lon="11.6153326"/>
  <node id="2511830009" lat="48.4376596" lon="11.5827742"/>
  <node id="2513749367" lat="48.4477936" lon="11.5662523"/>
  <node id="2513749369" lat="48.4485723" lon="11.5652121"/>
  <node id="2513749370" lat="48.4513036" lon="11.5611878"/>
  <node id="2513749371" lat="48.4463236" lon="11.5689702"/>
  <node id="2513749372" lat="48.4475883" lon="11.5665995"/>
  <node id="2513749374" lat="48.4474102" lon="11.5667929"/>
  <node id="2513749376" lat="48.4504138" lon="11.5612150"/>
  <node id="2513749377" lat="48.4471961" lon="11.5669841"/>
  <node id="2513749381" lat="48.4469423" lon="11.5610428"/>
  <node id="2513751142" lat="48.4482370" lon="11.5656484"/>
  <node id="2513754984" lat="48.4442298" lon="11.5794802"/>
  <node id="2541186588" lat="48.4364495" lon="11.5735450"/>
  <node id="2541186589" lat="48.4365233" lon="11.5727982"/>
  <node id="2541186590" lat="48.4366073" lon="11.5725601"/>
  <node id="2541186591" lat="48.4366728" lon="11.5722760"/>
  <node id="2541186593" lat="48.4367144" lon="11.5718417"/>
  <node id="2541186594" lat="48.4367211" lon="11.5715423"/>
  <node id="2640759176" lat="48.4366335" lon="11.5770997"/>
  <node id="2640759177" lat="48.4368015" lon="11.5794554"/>
  <node id="2640759178" lat="48.4366421" lon="11.5762542"/>
  <node id="2640759179" lat="48.4365353" lon="11.5752905"/>
  <node id="2662585417" lat="48.4512824" lon="11.6075923"/>
  <node id="2662585432" lat="48.4525935" lon="11.6104693"/>
  <node id="2662596856" lat="48.4484019" lon="11.6018564"/>
  <node id="2662605949" lat="48.4387749" lon="11.5781198"/>
  <node id="2662605951" lat="48.4394798" lon="11.5813435"/>
  <node id="2662605956" lat="48.4389310" lon="11.5791763"/>
  <node id="2688838855" lat="48.4286804" lon="11.5858659">
    <tag k="name" v="Allershausen"/>
    <tag k="traffic_sign" v="city_limit"/>
  </node>
  <node id="2688838887" lat="48.4284539" lon="11.5851840">
    <tag k="bench" v="yes"/>
    <tag k="bus" v="yes"/>
    <tag k="highway" v="bus_stop"/>
    <tag k="name" v="Oberallershausen, Staatsstraße"/>
    <tag k="platform:width" v="6.5"/>
    <tag k="public_transport" v="platform"/>
    <tag k="ref:IFOPT" v="de:09178:2667:0:2"/>
    <tag k="shelter" v="yes"/>
    <tag k="toilets:wheelchair" v="no"/>
    <tag k="wheelchair" v="yes"/>
  </node>
  <node id="2688838891" lat="48.4286288" lon="11.5852220">
    <tag k="bus" v="yes"/>
    <tag k="highway" v="bus_stop"/>
    <tag k="name" v="Oberallershausen, Staatsstraße"/>
    <tag k="platform:width" v="3.2"/>
    <tag k="public_transport" v="platform"/>
    <tag k="ref:IFOPT" v="de:09178:2667:0:1"/>
    <tag k="route_ref" v="665;666"/>
    <tag k="toilets:wheelchair" v="no"/>
    <tag k="wheelchair" v="yes"/>
  </node>
  <node id="2688838895" lat="48.4126601" lon="11.5875770"/>
  <node id="2688838897" lat="48.4165262" lon="11.5860162"/>
  <node id="2688838899" lat="48.4169261" lon="11.5810246"/>
  <node id="2688838901" lat="48.4212126" lon="11.5869079"/>
  <node id="2688838903" lat="48.4242336" lon="11.5866527"/>
  <node id="2688838904" lat="48.4244637" lon="11.5942653"/>
  <node id="2688838905" lat="48.4272705" lon="11.5959214"/>
  <node id="2688838912" lat="48.4328597" lon="11.5747343"/>
  <node id="2688838922" lat="48.4325364" lon="11.5792796">
    <tag k="name" v="Reckmühle"/>
    <tag k="traffic_sign" v="city_limit"/>
  </node>
  <node id="2688929961" lat="48.4269582" lon="11.5561864">
    <tag k="name" v="Eglhausen"/>
    <tag k="traffic_sign" v="city_limit"/>
  </node>
  <node id="2688929967" lat="48.4274221" lon="11.5618236"/>
  <node id="2688929968" lat="48.4274476" lon="11.5619830"/>
  <node id="2688929969" lat="48.4275279" lon="11.5617938"/>
  <node id="2688929970" lat="48.4275504" lon="11.5619379"/>
  <node id="2688929972" lat="48.4279375" lon="11.5592146"/>
  <node id="2688929973" lat="48.4279639" lon="11.5590621"/>
  <node id="2688929974" lat="48.4280214" lon="11.5592371"/>
  <node id="2688929975" lat="48.4280360" lon="11.5590869"/>
  <node id="2689017848" lat="48.4511722" lon="11.6067811">
    <tag k="name" v="Aiterbach"/>
    <tag k="traffic_sign" v="city_limit"/>
  </node>
  <node id="2689017852" lat="48.4293811" lon="11.6204025"/>
  <node id="2689017853" lat="48.4294121" lon="11.6197685"/>
  <node id="2689017854" lat="48.4294653" lon="11.6192545"/>
  <node id="2689017855" lat="48.4294677" lon="11.6207664"/>
  <node id="2689017856" lat="48.4295893" lon="11.6190076"/>
  <node id="2689017857" lat="48.4297202" lon="11.6214071"/>
  <node id="2689017858" lat="48.4298019" lon="11.6188474"/>
  <node id="2689017859" lat="48.4298132" lon="11.6218343"/>
  <node id="2689017860" lat="48.4299150" lon="11.6223749"/>
  <node id="2689017861" lat="48.4300213" lon="11.6224617"/>
  <node id="2689017862" lat="48.4303136" lon="11.6224684"/>
  <node id="2689017863" lat="48.4305217" lon="11.6223482"/>
  <node id="2689017864" lat="48.4307343" lon="11.6223415"/>
  <node id="2689017865" lat="48.4307363" lon="11.6185137"/>
  <node id="2689017866" lat="48.4308470" lon="11.6186004"/>
  <node id="2689017867" lat="48.4308937" lon="11.6224684"/>
  <node id="2689017868" lat="48.4309976" lon="11.6191945"/>
  <node id="2689017869" lat="48.4312367" lon="11.6205961"/>
  <node id="2689017870" lat="48.4313652" lon="11.6216306"/>
  <node id="2689017871" lat="48.4315822" lon="11.6225650"/>
  <node id="2689017872" lat="48.4319728" lon="11.6229484"/>
  <node id="2689017873" lat="48.4323850" lon="11.6229153"/>
  <node id="2689017874" lat="48.4328676" lon="11.6223458"/>
  <node id="2689017875" lat="48.4336601" lon="11.6246608"/>
  <node id="2689017876" lat="48.4337901" lon="11.6246207"/>
  <node id="2689017877" lat="48.4339475" lon="11.6244880"/>
  <node id="2689017878" lat="48.4344053" lon="11.6255158"/>
  <node id="2689017879" lat="48.4344362" lon="11.6256421"/>
  <node id="2689017880" lat="48.4426930" lon="11.5916592"/>
  <node id="2689017881" lat="48.4427016" lon="11.5914641"/>
  <node id="2689017882" lat="48.4429518" lon="11.5913840"/>
  <node id="2689017883" lat="48.4431909" lon="11.5912772"/>
  <node id="2689017884" lat="48.4433303" lon="11.5911404"/>
  <node id="2689017885" lat="48.4435151" lon="11.5917795"/>
  <node id="2689017886" lat="48.4442204" lon="11.5915685"/>
  <node id="2689017887" lat="48.4444971" lon="11.5915185"/>
  <node id="2689017888" lat="48.4461026" lon="11.6142667">
    <tag k="noexit" v="yes"/>
  </node>
  <node id="2689017893" lat="48.4470080" lon="11.6133890"/>
  <node id="2689017894" lat="48.4479155" lon="11.6124446"/>
  <node id="2689017897" lat="48.4510151" lon="11.6092256"/>
  <node id="2689017900" lat="48.4576199" lon="11.5984816"/>
  <node id="2689017903" lat="48.4580575" lon="11.5974543"/>
  <node id="2730969419" lat="48.4342424" lon="11.6267020"/>
  <node id="2730969424" lat="48.4344046" lon="11.6255675"/>
  <node id="2730969426" lat="48.4344714" lon="11.6248067"/>
  <node id="2730969428" lat="48.4345006" lon="11.6256787"/>
  <node id="2807448297" lat="48.4264994" lon="11.5658862"/>
  <node id="2807448298" lat="48.4266459" lon="11.5674492"/>
  <node id="2807448299" lat="48.4280612" lon="11.5745391"/>
  <node id="2807474412" lat="48.4347985" lon="11.6205959"/>
  <node id="2848234759" lat="48.4209091" lon="11.6138384"/>
  <node id="2848234760" lat="48.4210444" lon="11.6150401"/>
  <node id="2848234762" lat="48.4197770" lon="11.6187630"/>
  <node id="2848234763" lat="48.4203610" lon="11.6171964"/>
  <node id="2848234767" lat="48.4206599" lon="11.6161988"/>
  <node id="2848234768" lat="48.4200822" lon="11.6181267"/>
  <node id="2848234769" lat="48.4206456" lon="11.6163812"/>
  <node id="2848234770" lat="48.4207770" lon="11.6165961"/>
  <node id="2848234771" lat="48.4210016" lon="11.6157696"/>
  <node id="2848234772" lat="48.4157017" lon="11.6089848">
    <tag k="barrier" v="lift_gate"/>
  </node>
  <node id="2864919182" lat="48.4161113" lon="11.5978931"/>
  <node id="2864919183" lat="48.4162032" lon="11.5979552"/>
  <node id="2864919184" lat="48.4162110" lon="11.5976792"/>
  <node id="2864919185" lat="48.4162407" lon="11.5992945"/>
  <node id="2864919186" lat="48.4162594" lon="11.5999104"/>
  <node id="2864919187" lat="48.4162651" lon="11.6028008"/>
  <node id="2864919188" lat="48.4162707" lon="11.6000093"/>
  <node id="2864919189" lat="48.4163007" lon="11.6026002"/>
  <node id="2864919190" lat="48.4163213" lon="11.6002156"/>
  <node id="2864919191" lat="48.4163720" lon="11.6003681"/>
  <node id="2864919192" lat="48.4163813" lon="11.6016650"/>
  <node id="2864919193" lat="48.4163907" lon="11.6004699"/>
  <node id="2864919194" lat="48.4164170" lon="11.6006394"/>
  <node id="2939314757" lat="48.4246541" lon="11.5893369"/>
  <node id="2939314758" lat="48.4249033" lon="11.5896105"/>
  <node id="2939314759" lat="48.4609965" lon="11.5900946"/>
  <node id="2939314760" lat="48.4624984" lon="11.5892392"/>
  <node id="2946295546" lat="48.4177964" lon="11.6062485"/>
  <node id="2946295547" lat="48.4185732" lon="11.6059833"/>
  <node id="2946295548" lat="48.4191062" lon="11.6060352"/>
  <node id="2946295549" lat="48.4196257" lon="11.6063315"/>
  <node id="2946295550" lat="48.4201206" lon="11.6068034"/>
  <node id="2946295551" lat="48.4205404" lon="11.6073162"/>
  <node id="2946295552" lat="48.4235207" lon="11.6097894"/>
  <node id="2946295553" lat="48.4260111" lon="11.6088598"/>
  <node id="2946295554" lat="48.4264235" lon="11.6082658"/>
  <node id="2946295555" lat="48.4266464" lon="11.6081803"/>
  <node id="2946295559" lat="48.4307497" lon="11.6057709"/>
  <node id="2946295571" lat="48.4349105" lon="11.5586019"/>
  <node id="2946295572" lat="48.4350174" lon="11.5594404"/>
  <node id="2946295573" lat="48.4350510" lon="11.5599413"/>
  <node id="2946295574" lat="48.4350671" lon="11.5595397"/>
  <node id="2946295575" lat="48.4350671" lon="11.5596809"/>
  <node id="2946295576" lat="48.4353131" lon="11.5617992"/>
  <node id="2946295577" lat="48.4354185" lon="11.5624127"/>
  <node id="2946295578" lat="48.4355693" lon="11.5635314"/>
  <node id="2946295579" lat="48.4356923" lon="11.5641250"/>
  <node id="2946295580" lat="48.4359690" lon="11.5650120"/>
  <node id="2946295581" lat="48.4362661" lon="11.5657865"/>
  <node id="2946295582" lat="48.4363847" lon="11.5659741"/>
  <node id="2946295583" lat="48.4364916" lon="11.5661859"/>
  <node id="2946295584" lat="48.4366351" lon="11.5670244"/>
  <node id="2946295585" lat="48.4367170" lon="11.5709676"/>
  <node id="2946295586" lat="48.4367375" lon="11.5704358"/>
  <node id="2946295587" lat="48.4367478" lon="11.5694098"/>
  <node id="2946295588" lat="48.4367566" lon="11.5680858"/>
  <node id="2946295589" lat="48.4367902" lon="11.5691361"/>
  <node id="3085151255" lat="48.4524229" lon="11.5719375"/>
  <node id="3085151256" lat="48.4530737" lon="11.5721307"/>
  <node id="3085151257" lat="48.4533539" lon="11.5723372"/>
  <node id="3085151258" lat="48.4533698" lon="11.5724620"/>
  <node id="3085151259" lat="48.4533635" lon="11.5735855"/>
  <node id="3085151261" lat="48.4541277" lon="11.5708055"/>
  <node id="3085151262" lat="48.4548760" lon="11.5708055"/>
  <node id="3085151263" lat="48.4548251" lon="11.5713577"/>
  <node id="3085151264" lat="48.4546754" lon="11.5719579"/>
  <node id="3085151265" lat="48.4544238" lon="11.5723612"/>
  <node id="3085151266" lat="48.4540736" lon="11.5725436"/>
  <node id="3085151267" lat="48.4537201" lon="11.5725196"/>
  <node id="3085151268" lat="48.4534080" lon="11.5724236"/>
  <node id="3085151269" lat="48.4539810" lon="11.5708736"/>
  <node id="3085151270" lat="48.4537026" lon="11.5712496"/>
  <node id="3085151271" lat="48.4532232" lon="11.5715790"/>
  <node id="3085151272" lat="48.4526558" lon="11.5717051"/>
  <node id="3085151273" lat="48.4581732" lon="11.5703239"/>
  <node id="3085151274" lat="48.4581636" lon="11.5700062"/>
  <node id="3085151275" lat="48.4581520" lon="11.5695573"/>
  <node id="3085151276" lat="48.4580940" lon="11.5691871"/>
  <node id="3085151277" lat="48.4580437" lon="11.5687411"/>
  <node id="3085151278" lat="48.4580321" lon="11.5682718"/>
  <node id="3085151279" lat="48.4580302" lon="11.5676393"/>
  <node id="3085151280" lat="48.4580341" lon="11.5674382"/>
  <node id="3085151281" lat="48.4509229" lon="11.5665519"/>
  <node id="3085151282" lat="48.4517233" lon="11.5686226"/>
  <node id="3085151283" lat="48.4518161" lon="11.5689432"/>
  <node id="3085151284" lat="48.4518462" lon="11.5692232"/>
  <node id="3085151285" lat="48.4518180" lon="11.5696923"/>
  <node id="3085151286" lat="48.4517368" lon="11.5703569"/>
  <node id="3085151287" lat="48.4516788" lon="11.5709399"/>
  <node id="3085151288" lat="48.4467545" lon="11.5812062"/>
  <node id="3085151289" lat="48.4469200" lon="11.5811655"/>
  <node id="3085151290" lat="48.4472194" lon="11.5810505"/>
  <node id="3085151291" lat="48.4475832" lon="11.5809062"/>
  <node id="3085151292" lat="48.4516496" lon="11.5831153"/>
  <node id="3085151293" lat="48.4517493" lon="11.5826250"/>
  <node id="3085151294" lat="48.4517493" lon="11.5821663"/>
  <node id="3085151295" lat="48.4516706" lon="11.5815178"/>
  <node id="3085151296" lat="48.4516758" lon="11.5810907"/>
  <node id="3085151297" lat="48.4517283" lon="11.5804106"/>
  <node id="3085151298" lat="48.4518280" lon="11.5797779"/>
  <node id="3085151299" lat="48.4519329" lon="11.5791768"/>
  <node id="3085151300" lat="48.4521361" lon="11.5785955"/>
  <node id="3085151301" lat="48.4524259" lon="11.5771760"/>
  <node id="3085151302" lat="48.4542725" lon="11.5742688"/>
  <node id="3085151303" lat="48.4540695" lon="11.5744175"/>
  <node id="3085151304" lat="48.4538700" lon="11.5745773"/>
  <node id="3085151305" lat="48.4538279" lon="11.5746323"/>
  <node id="3085151306" lat="48.4537846" lon="11.5747215"/>
  <node id="3085151307" lat="48.4538202" lon="11.5748924"/>
  <node id="3085151308" lat="48.4539168" lon="11.5749217"/>
  <node id="3085151309" lat="48.4542067" lon="11.5750237"/>
  <node id="3085151310" lat="48.4543653" lon="11.5751403"/>
  <node id="3085151311" lat="48.4545470" lon="11.5753531"/>
  <node id="3085151312" lat="48.4489841" lon="11.5865706"/>
  <node id="3085151313" lat="48.4490769" lon="11.5865065"/>
  <node id="3085151314" lat="48.4491697" lon="11.5863258"/>
  <node id="3085151315" lat="48.4492857" lon="11.5861101"/>
  <node id="3085151316" lat="48.4494385" lon="11.5859877"/>
  <node id="3085151317" lat="48.4495777" lon="11.5859236"/>
  <node id="3085151318" lat="48.4497536" lon="11.5858653"/>
  <node id="3085151319" lat="48.4484136" lon="11.5879965"/>
  <node id="3085151320" lat="48.4486308" lon="11.5879417"/>
  <node id="3085151321" lat="48.4489285" lon="11.5879096"/>
  <node id="3085151322" lat="48.4496245" lon="11.5882303"/>
  <node id="3085151323" lat="48.4500151" lon="11.5883177"/>
  <node id="3085151324" lat="48.4505873" lon="11.5886005"/>
  <node id="3085151325" lat="48.4508619" lon="11.5886850"/>
  <node id="3085151326" lat="48.4509663" lon="11.5886821"/>
  <node id="3085151327" lat="48.4510301" lon="11.5887404"/>
  <node id="3085151328" lat="48.4511171" lon="11.5889298"/>
  <node id="3085151329" lat="48.4538257" lon="11.5801142"/>
  <node id="3085151330" lat="48.4538199" lon="11.5796478"/>
  <node id="3085151331" lat="48.4538102" lon="11.5792368"/>
  <node id="3085159290" lat="48.4557509" lon="11.5879624"/>
  <node id="3085159291" lat="48.4558480" lon="11.5878523"/>
  <node id="3085159292" lat="48.4559336" lon="11.5875939"/>
  <node id="3085159293" lat="48.4559888" lon="11.5874063"/>
  <node id="3157974535" lat="48.4479075" lon="11.5900437"/>
  <node id="3166261643" lat="48.4426010" lon="11.5684475"/>
  <node id="3166265606" lat="48.4434689" lon="11.5601838"/>
  <node id="3166268823" lat="48.4453835" lon="11.5585434"/>
  <node id="3166268831" lat="48.4450390" lon="11.5584809"/>
  <node id="3199307544" lat="48.4407249" lon="11.6229024"/>
  <node id="3199307545" lat="48.4408162" lon="11.6228774"/>
  <node id="3199307546" lat="48.4409137" lon="11.6228553"/>
  <node id="3199307547" lat="48.4409513" lon="11.6227910"/>
  <node id="3199307548" lat="48.4409557" lon="11.6226880"/>
  <node id="3199307549" lat="48.4409523" lon="11.6223556"/>
  <node id="3199307550" lat="48.4409640" lon="11.6220976"/>
  <node id="3273327796" lat="48.4329829" lon="11.5951558"/>
  <node id="3273327799" lat="48.4344466" lon="11.5556908"/>
  <node id="3273327806" lat="48.4352572" lon="11.5906539"/>
  <node id="3273327809" lat="48.4353070" lon="11.5885387"/>
  <node id="3273327812" lat="48.4353684" lon="11.5882396"/>
  <node id="3273327820" lat="48.4359038" lon="11.5874930"/>
  <node id="3273327822" lat="48.4360983" lon="11.5872976"/>
  <node id="3273327827" lat="48.4371695" lon="11.5851924"/>
  <node id="3280112969" lat="48.4279648" lon="11.5627528"/>
  <node id="3280112970" lat="48.4283215" lon="11.5625454"/>
  <node id="3280112972" lat="48.4286131" lon="11.5624715"/>
  <node id="3280112975" lat="48.4287188" lon="11.5624546"/>
  <node id="3280112981" lat="48.4291726" lon="11.5623302"/>
  <node id="3280112984" lat="48.4298252" lon="11.5623309"/>
  <node id="3281715147" lat="48.4309943" lon="11.5593558"/>
  <node id="3283157793" lat="48.4296985" lon="11.5654508"/>
  <node id="3283157804" lat="48.4297767" lon="11.5645055"/>
  <node id="3283157820" lat="48.4303779" lon="11.5705370"/>
  <node id="3283157829" lat="48.4304034" lon="11.5714899"/>
  <node id="3283157855" lat="48.4308153" lon="11.5680463"/>
  <node id="3283157860" lat="48.4309739" lon="11.5563850"/>
  <node id="3283561500" lat="48.4290603" lon="11.5686207"/>
  <node id="3283561501" lat="48.4294777" lon="11.5687086"/>
  <node id="3283561502" lat="48.4296883" lon="11.5687325"/>
  <node id="3283561506" lat="48.4307006" lon="11.5687310"/>
  <node id="3348384681" lat="48.4536225" lon="11.5905638"/>
  <node id="3348384682" lat="48.4536258" lon="11.5908014"/>
  <node id="3348384683" lat="48.4558476" lon="11.5910473"/>
  <node id="3348384684" lat="48.4590848" lon="11.5904604"/>
  <node id="3348384685" lat="48.4591856" lon="11.5906757"/>
  <node id="3348407007" lat="48.4268013" lon="11.5891708"/>
  <node id="3348407008" lat="48.4286201" lon="11.5874253">
    <tag k="highway" v="traffic_signals"/>
    <tag k="traffic_signals:direction" v="forward"/>
  </node>
  <node id="3420352878" lat="48.4583876" lon="11.5653541"/>
  <node id="3420352879" lat="48.4591147" lon="11.5645520"/>
  <node id="3420352880" lat="48.4591810" lon="11.5647041"/>
  <node id="3420352881" lat="48.4592052" lon="11.5651805"/>
  <node id="3420352882" lat="48.4593769" lon="11.5651292"/>
  <node id="3420352883" lat="48.4594336" lon="11.5650791"/>
  <node id="3420352884" lat="48.4596111" lon="11.5651081"/>
  <node id="3420352885" lat="48.4597592" lon="11.5651286"/>
  <node id="3420352886" lat="48.4603396" lon="11.5649288"/>
  <node id="3420352887" lat="48.4604906" lon="11.5648630"/>
  <node id="3420352888" lat="48.4612549" lon="11.5646979"/>
  <node id="3420352889" lat="48.4616715" lon="11.5646265"/>
  <node id="3514718761" lat="48.4211607" lon="11.6163685"/>
  <node id="3514719369" lat="48.4199457" lon="11.6185187"/>
  <node id="3514719370" lat="48.4206269" lon="11.6167518"/>
  <node id="3514719371" lat="48.4201823" lon="11.6176694"/>
  <node id="3556062909" lat="48.4245811" lon="11.6118613"/>
  <node id="3777362676" lat="48.4261193" lon="11.5949238"/>
  <node id="3777362677" lat="48.4265665" lon="11.5949104"/>
  <node id="3777362678" lat="48.4268062" lon="11.5948924"/>
  <node id="3777362679" lat="48.4272307" lon="11.5949980"/>
  <node id="3777362680" lat="48.4272770" lon="11.5951469"/>
  <node id="3777362681" lat="48.4276265" lon="11.5998136"/>
  <node id="3777362682" lat="48.4276601" lon="11.5998291"/>
  <node id="3777362683" lat="48.4278074" lon="11.5986789"/>
  <node id="3777362686" lat="48.4282238" lon="11.5974728"/>
  <node id="3777362687" lat="48.4282853" lon="11.5973617"/>
  <node id="3777362688" lat="48.4283070" lon="11.5993531"/>
  <node id="3783048450" lat="48.4242120" lon="11.5893429"/>
  <node id="3783056238" lat="48.4273477" lon="11.5899457"/>
  <node id="3783056245" lat="48.4279876" lon="11.5908444"/>
  <node id="3783056246" lat="48.4281375" lon="11.5897436"/>
  <node id="3783056249" lat="48.4284580" lon="11.5873584"/>
  <node id="3783056250" lat="48.4292743" lon="11.5905770"/>
  <node id="3783056253" lat="48.4279236" lon="11.5902402"/>
  <node id="3783056254" lat="48.4276230" lon="11.5903352"/>
  <node id="3783056255" lat="48.4282146" lon="11.5896876"/>
  <node id="3783057658" lat="48.4282853" lon="11.5877599"/>
  <node id="3783057661" lat="48.4280125" lon="11.5907095"/>
  <node id="3783057662" lat="48.4281930" lon="11.5909744"/>
  <node id="3783057663" lat="48.4281569" lon="11.5908865"/>
  <node id="3783057664" lat="48.4279676" lon="11.5882047"/>
  <node id="3783057668" lat="48.4279344" lon="11.5904900"/>
  <node id="3783057670" lat="48.4261707" lon="11.5893112"/>
  <node id="3783057674" lat="48.4279737" lon="11.5899919"/>
  <node id="3783057677" lat="48.4278043" lon="11.5906592"/>
  <node id="3783057680" lat="48.4280678" lon="11.5908027"/>
  <node id="3783057689" lat="48.4285509" lon="11.5873134"/>
  <node id="3783057691" lat="48.4285497" lon="11.5871333"/>
  <node id="3783057694" lat="48.4285689" lon="11.5869147"/>
  <node id="3783057699" lat="48.4275206" lon="11.5901607"/>
  <node id="3783057700" lat="48.4272322" lon="11.5898567"/>
  <node id="3785882054" lat="48.4557715" lon="11.5893036"/>
  <node id="3785883727" lat="48.4626243" lon="11.5891880"/>
  <node id="3785898174" lat="48.4613455" lon="11.5913130"/>
  <node id="3785898220" lat="48.4617787" lon="11.5906716"/>
  <node id="3785904258" lat="48.4558341" lon="11.5903745"/>
  <node id="3785904264" lat="48.4558576" lon="11.5904600"/>
  <node id="3785904270" lat="48.4559491" lon="11.5904125"/>
  <node id="3785904271" lat="48.4560124" lon="11.5903977"/>
  <node id="3785904273" lat="48.4490811" lon="11.5901992"/>
  <node id="3785904274" lat="48.4560796" lon="11.5904006"/>
  <node id="3800567420" lat="48.4286582" lon="11.5874177"/>
  <node id="3808090075" lat="48.4602222" lon="11.5929933"/>
  <node id="3808090076" lat="48.4594076" lon="11.5946133"/>
  <node id="3808090077" lat="48.4587139" lon="11.5958900"/>
  <node id="3808170120" lat="48.4552102" lon="11.5761710"/>
  <node id="3808170121" lat="48.4554307" lon="11.5762407"/>
  <node id="3808180263" lat="48.4559679" lon="11.5764338"/>
  <node id="3808180264" lat="48.4560355" lon="11.5755541"/>
  <node id="3808180265" lat="48.4563664" lon="11.5750015"/>
  <node id="3808180266" lat="48.4566332" lon="11.5749854"/>
  <node id="3808180267" lat="48.4572198" lon="11.5749128"/>
  <node id="3808180268" lat="48.4574735" lon="11.5755080"/>
  <node id="3808180269" lat="48.4576563" lon="11.5759453"/>
  <node id="3808180270" lat="48.4547677" lon="11.5741087"/>
  <node id="3808180271" lat="48.4556075" lon="11.5737888"/>
  <node id="3808180272" lat="48.4557823" lon="11.5736858"/>
  <node id="3808180273" lat="48.4560449" lon="11.5736706"/>
  <node id="3808180274" lat="48.4563663" lon="11.5739171"/>
  <node id="3808180275" lat="48.4566723" lon="11.5741638"/>
  <node id="3808180276" lat="48.4536964" lon="11.5725123"/>
  <node id="3808180277" lat="48.4536526" lon="11.5726418"/>
  <node id="3808180278" lat="48.4538030" lon="11.5734557"/>
  <node id="3808180279" lat="48.4538919" lon="11.5739385"/>
  <node id="3808180281" lat="48.4561733" lon="11.5706333"/>
  <node id="3808180282" lat="48.4561187" lon="11.5693400"/>
  <node id="3808180283" lat="48.4560171" lon="11.5688442"/>
  <node id="3808180284" lat="48.4562351" lon="11.5683350"/>
  <node id="3808180285" lat="48.4562790" lon="11.5681331"/>
  <node id="3808180286" lat="48.4562005" lon="11.5678608"/>
  <node id="3808180287" lat="48.4561482" lon="11.5677651"/>
  <node id="3808180288" lat="48.4560902" lon="11.5676689"/>
  <node id="3808180289" lat="48.4559575" lon="11.5676016"/>
  <node id="3808180290" lat="48.4559289" lon="11.5674300"/>
  <node id="3808180291" lat="48.4560159" lon="11.5670667"/>
  <node id="3808180292" lat="48.4560799" lon="11.5661977"/>
  <node id="3808180293" lat="48.4560444" lon="11.5659938"/>
  <node id="3808180294" lat="48.4558878" lon="11.5656988"/>
  <node id="3808180295" lat="48.4557562" lon="11.5654896"/>
  <node id="3808180296" lat="48.4557364" lon="11.5643112"/>
  <node id="3808180297" lat="48.4557206" lon="11.5634350"/>
  <node id="3808180298" lat="48.4556922" lon="11.5630595"/>
  <node id="3808180299" lat="48.4549560" lon="11.5622753"/>
  <node id="3808180305" lat="48.4561246" lon="11.5606071"/>
  <node id="3809866388" lat="48.4311822" lon="11.5991762"/>
  <node id="3809866389" lat="48.4309953" lon="11.5994337"/>
  <node id="3809866390" lat="48.4314509" lon="11.5991655"/>
  <node id="3809866391" lat="48.4317588" lon="11.5992728"/>
  <node id="3809866392" lat="48.4319652" lon="11.5992782"/>
  <node id="3809866455" lat="48.4306020" lon="11.5973631"/>
  <node id="3809866456" lat="48.4306803" lon="11.5968454"/>
  <node id="3809868957" lat="48.4306518" lon="11.5963224"/>
  <node id="3809870192" lat="48.4284000" lon="11.5860411"/>
  <node id="3809870193" lat="48.4284446" lon="11.5860506"/>
  <node id="3809870194" lat="48.4285772" lon="11.5859077"/>
  <node id="3809870195" lat="48.4285421" lon="11.5856786"/>
  <node id="3809870196" lat="48.4285092" lon="11.5856427"/>
  <node id="3809870197" lat="48.4283221" lon="11.5857151"/>
  <node id="3809870198" lat="48.4283042" lon="11.5857734"/>
  <node id="3913072421" lat="48.4398611" lon="11.6015619"/>
  <node id="3913072426" lat="48.4407990" lon="11.6049957"/>
  <node id="3913072430" lat="48.4409612" lon="11.6042087"/>
  <node id="3913072431" lat="48.4410543" lon="11.6018647"/>
  <node id="3913072434" lat="48.4412025" lon="11.6034279"/>
  <node id="3913072435" lat="48.4412066" lon="11.6032491"/>
  <node id="3913072436" lat="48.4412862" lon="11.6020323"/>
  <node id="3913072437" lat="48.4413148" lon="11.6019403"/>
  <node id="3913072440" lat="48.4416316" lon="11.6021057"/>
  <node id="3913072442" lat="48.4419305" lon="11.6020516"/>
  <node id="3913072444" lat="48.4422738" lon="11.6021477"/>
  <node id="3913072449" lat="48.4440009" lon="11.6019795"/>
  <node id="3913072454" lat="48.4448762" lon="11.6020292"/>
  <node id="3913072661" lat="48.4469380" lon="11.6028626"/>
  <node id="3913072663" lat="48.4473435" lon="11.6031562"/>
  <node id="3913072664" lat="48.4477810" lon="11.6035423"/>
  <node id="3913072667" lat="48.4480664" lon="11.6038218"/>
  <node id="3913072669" lat="48.4489041" lon="11.6047750"/>
  <node id="3913072671" lat="48.4499404" lon="11.6061585"/>
  <node id="3913072675" lat="48.4558028" lon="11.5960994"/>
  <node id="3913072676" lat="48.4558137" lon="11.5963432"/>
  <node id="3913072685" lat="48.4558922" lon="11.5932370"/>
  <node id="3913072689" lat="48.4559916" lon="11.5973345"/>
  <node id="4081810216" lat="48.4281229" lon="11.5854593"/>
  <node id="4081810217" lat="48.4281461" lon="11.5852396"/>
  <node id="4081818345" lat="48.4302515" lon="11.5940354"/>
  <node id="4081818346" lat="48.4301845" lon="11.5936879"/>
  <node id="4236379419" lat="48.4216816" lon="11.5893866"/>
  <node id="4236379425" lat="48.4265558" lon="11.5892081"/>
  <node id="4236379430" lat="48.4268588" lon="11.5893019"/>
  <node id="4236379440" lat="48.4270651" lon="11.5890872"/>
  <node id="4236379446" lat="48.4272692" lon="11.5889262"/>
  <node id="4236379449" lat="48.4273521" lon="11.5888339"/>
  <node id="4236379455" lat="48.4276486" lon="11.5886349"/>
  <node id="4236379461" lat="48.4277410" lon="11.5886548"/>
  <node id="4236379465" lat="48.4278347" lon="11.5887018"/>
  <node id="4236379472" lat="48.4278983" lon="11.5886530"/>
  <node id="4236379478" lat="48.4281577" lon="11.5879348"/>
  <node id="4236379488" lat="48.4283891" lon="11.5876233"/>
  <node id="4236379493" lat="48.4285322" lon="11.5872092"/>
  <node id="4236379496" lat="48.4285486" lon="11.5874676"/>
  <node id="4362730150" lat="48.4214018" lon="11.5961054"/>
  <node id="4362730152" lat="48.4215637" lon="11.5960729"/>
  <node id="4362730153" lat="48.4220302" lon="11.5960494"/>
  <node id="4362730154" lat="48.4222249" lon="11.5961833"/>
  <node id="4363628229" lat="48.4452963" lon="11.6260031"/>
  <node id="4363628230" lat="48.4453616" lon="11.6267290"/>
  <node id="4428950915" lat="48.4303697" lon="11.5949576"/>
  <node id="4428951644" lat="48.4298815" lon="11.5952076"/>
  <node id="4433195804" lat="48.4176414" lon="11.5674827"/>
  <node id="4433195808" lat="48.4178364" lon="11.5690620"/>
  <node id="4433195814" lat="48.4185703" lon="11.5691973"/>
  <node id="4519851979" lat="48.4209469" lon="11.5805759"/>
  <node id="4519851980" lat="48.4205444" lon="11.5800804"/>
  <node id="4519851981" lat="48.4203223" lon="11.5798554"/>
  <node id="4519851982" lat="48.4201396" lon="11.5796861"/>
  <node id="4519851983" lat="48.4198045" lon="11.5793189"/>
  <node id="4519851984" lat="48.4194888" lon="11.5789617"/>
  <node id="4519851985" lat="48.4190422" lon="11.5784543"/>
  <node id="4519851986" lat="48.4183878" lon="11.5783289"/>
  <node id="4519851987" lat="48.4181544" lon="11.5783135"/>
  <node id="4519851988" lat="48.4179694" lon="11.5782819"/>
  <node id="4519852089" lat="48.4175627" lon="11.5774427"/>
  <node id="4519852090" lat="48.4175391" lon="11.5762844"/>
  <node id="4519852091" lat="48.4174463" lon="11.5742955"/>
  <node id="4519852092" lat="48.4173898" lon="11.5732769"/>
  <node id="4684863658" lat="48.4618842" lon="11.5902995"/>
  <node id="4684863659" lat="48.4614518" lon="11.5910709"/>
  <node id="4684863660" lat="48.4604964" lon="11.5922408"/>
  <node id="4684863661" lat="48.4597600" lon="11.5938513"/>
  <node id="4684863662" lat="48.4588896" lon="11.5953231"/>
  <node id="4684863663" lat="48.4579588" lon="11.5974489"/>
  <node id="4684863664" lat="48.4575458" lon="11.5983751"/>
  <node id="4684863665" lat="48.4572463" lon="11.5988224"/>
  <node id="4684863666" lat="48.4568932" lon="11.5991908"/>
  <node id="4684863667" lat="48.4615191" lon="11.5909582"/>
  <node id="4693839033" lat="48.4621063" lon="11.5898983"/>
  <node id="4693839041" lat="48.4616985" lon="11.5906189"/>
  <node id="4693839050" lat="48.4570658" lon="11.5990665"/>
  <node id="4693839051" lat="48.4571404" lon="11.5989334"/>
  <node id="4693839052" lat="48.4600853" lon="11.5929712"/>
  <node id="4709358407" lat="48.4513378" lon="11.6070741"/>
  <node id="4784891353" lat="48.4456907" lon="11.5714746"/>
  <node id="4784891354" lat="48.4436744" lon="11.5743059"/>
  <node id="4784891355" lat="48.4449479" lon="11.5726772"/>
  <node id="4784891356" lat="48.4444158" lon="11.5730527"/>
  <node id="4784891357" lat="48.4547864" lon="11.5581239"/>
  <node id="4784891358" lat="48.4431227" lon="11.5749767"/>
  <node id="4784891359" lat="48.4459607" lon="11.5702188"/>
  <node id="4784891360" lat="48.4548112" lon="11.5575024"/>
  <node id="4784891361" lat="48.4428528" lon="11.5753673"/>
  <node id="4784891362" lat="48.4548763" lon="11.5612576"/>
  <node id="4784891363" lat="48.4446513" lon="11.5728604"/>
  <node id="4784895121" lat="48.4414283" lon="11.5803573"/>
  <node id="4784895122" lat="48.4422531" lon="11.5767735"/>
  <node id="4784895123" lat="48.4420423" lon="11.5775640"/>
  <node id="4784895124" lat="48.4425196" lon="11.5762443"/>
  <node id="4784895125" lat="48.4416094" lon="11.5799456"/>
  <node id="4784895126" lat="48.4419845" lon="11.5785077"/>
  <node id="4784909979" lat="48.4174111" lon="11.5691785"/>
  <node id="4837369057" lat="48.4545209" lon="11.5753226"/>
  <node id="4837369058" lat="48.4545382" lon="11.5769462"/>
  <node id="4837369059" lat="48.4555444" lon="11.5768934"/>
  <node id="4837369060" lat="48.4525274" lon="11.5767443"/>
  <node id="4837369061" lat="48.4528012" lon="11.5762689"/>
  <node id="4837369062" lat="48.4531451" lon="11.5759184"/>
  <node id="4837369063" lat="48.4537782" lon="11.5748474"/>
  <node id="4843669694" lat="48.4289983" lon="11.5975339"/>
  <node id="4843796484" lat="48.4320432" lon="11.5950108"/>
  <node id="4843796485" lat="48.4321067" lon="11.5952799">
    <tag k="barrier" v="bollard"/>
    <tag k="bicycle" v="yes"/>
    <tag k="bollard" v="removable"/>
    <tag k="foot" v="yes"/>
  </node>
  <node id="4843796486" lat="48.4321293" lon="11.5953765"/>
  <node id="4843796487" lat="48.4321528" lon="11.5954752"/>
  <node id="4843796488" lat="48.4321704" lon="11.5955494"/>
  <node id="4843796489" lat="48.4324662" lon="11.5948012"/>
  <node id="4843796490" lat="48.4325453" lon="11.5951697"/>
  <node id="4843796491" lat="48.4328094" lon="11.5943232"/>
  <node id="4843796492" lat="48.4328695" lon="11.5945999"/>
  <node id="4843796493" lat="48.4329280" lon="11.5948693">
    <tag k="barrier" v="bollard"/>
    <tag k="bicycle" v="yes"/>
    <tag k="bollard" v="removable"/>
  </node>
  <node id="4843796494" lat="48.4329491" lon="11.5949676"/>
  <node id="4843867932" lat="48.4307589" lon="11.5902152"/>
  <node id="4843867933" lat="48.4307660" lon="11.5898477"/>
  <node id="4843867934" lat="48.4329532" lon="11.5935840"/>
  <node id="4843867935" lat="48.4330404" lon="11.5940347"/>
  <node id="4843867936" lat="48.4332896" lon="11.5946247"/>
  <node id="4843907230" lat="48.4319236" lon="11.5954810"/>
  <node id="4843907231" lat="48.4321033" lon="11.5952654"/>
  <node id="4843907232" lat="48.4325192" lon="11.5950449"/>
  <node id="4843907233" lat="48.4329204" lon="11.5948342"/>
  <node id="4851754098" lat="48.4565580" lon="11.5662055"/>
  <node id="4851754099" lat="48.4565731" lon="11.5660253"/>
  <node id="4851754100" lat="48.4566475" lon="11.5657844"/>
  <node id="4851754101" lat="48.4565152" lon="11.5654160"/>
  <node id="4851754102" lat="48.4564517" lon="11.5648139"/>
  <node id="4851754103" lat="48.4564157" lon="11.5645679"/>
  <node id="4851754104" lat="48.4564258" lon="11.5644322"/>
  <node id="4851754105" lat="48.4563981" lon="11.5642178"/>
  <node id="4851754106" lat="48.4563481" lon="11.5639647"/>
  <node id="4851754107" lat="48.4562811" lon="11.5630194"/>
  <node id="4851754108" lat="48.4561658" lon="11.5621977"/>
  <node id="4851754109" lat="48.4560432" lon="11.5619722"/>
  <node id="4851754110" lat="48.4557868" lon="11.5619482"/>
  <node id="4851754111" lat="48.4554545" lon="11.5620297"/>
  <node id="4851754112" lat="48.4552908" lon="11.5619951"/>
  <node id="4851754113" lat="48.4551599" lon="11.5620667"/>
  <node id="4851754116" lat="48.4546562" lon="11.5621221"/>
  <node id="4851754117" lat="48.4548626" lon="11.5614657"/>
  <node id="4851757069" lat="48.4549581" lon="11.5687007"/>
  <node id="4851757070" lat="48.4551610" lon="11.5687668"/>
  <node id="4851757071" lat="48.4554683" lon="11.5690845"/>
  <node id="4851757072" lat="48.4555321" lon="11.5692565"/>
  <node id="4851757073" lat="48.4556249" lon="11.5696442"/>
  <node id="4851757074" lat="48.4556790" lon="11.5701922"/>
  <node id="4851757075" lat="48.4556674" lon="11.5704458"/>
  <node id="4851757076" lat="48.4555871" lon="11.5706663"/>
  <node id="4851768436" lat="48.4486043" lon="11.5745515"/>
  <node id="4851768437" lat="48.4487589" lon="11.5741501"/>
  <node id="4851768438" lat="48.4473980" lon="11.5763744"/>
  <node id="4851768439" lat="48.4472423" lon="11.5767350"/>
  <node id="4851768440" lat="48.4459878" lon="11.5779537"/>
  <node id="4851768441" lat="48.4432092" lon="11.5806854"/>
  <node id="4851768442" lat="48.4422348" lon="11.5815910"/>
  <node id="4851768443" lat="48.4495684" lon="11.5641066"/>
  <node id="4851768444" lat="48.4501935" lon="11.5630311"/>
  <node id="4851768445" lat="48.4556841" lon="11.5609804"/>
  <node id="4851775788" lat="48.4493679" lon="11.5650136"/>
  <node id="4851775789" lat="48.4517375" lon="11.5620435"/>
  <node id="4851782094" lat="48.4548366" lon="11.5654350"/>
  <node id="4851782095" lat="48.4546124" lon="11.5659439"/>
  <node id="4851782096" lat="48.4465975" lon="11.5717229"/>
  <node id="4851782097" lat="48.4484063" lon="11.5806154"/>
  <node id="4851782098" lat="48.4487880" lon="11.5803744"/>
  <node id="4851782099" lat="48.4490814" lon="11.5802497"/>
  <node id="4851782100" lat="48.4491980" lon="11.5796259"/>
  <node id="4851782101" lat="48.4493428" lon="11.5792772"/>
  <node id="4851782102" lat="48.4496060" lon="11.5790022"/>
  <node id="4851782103" lat="48.4497659" lon="11.5788463"/>
  <node id="4851782104" lat="48.4498421" lon="11.5785115"/>
  <node id="4928094360" lat="48.4247551" lon="11.5954434"/>
  <node id="4928094361" lat="48.4247565" lon="11.5954662">
    <tag k="barrier" v="bollard"/>
    <tag k="bicycle" v="yes"/>
    <tag k="foot" v="yes"/>
  </node>
  <node id="4928094363" lat="48.4249667" lon="11.5958379">
    <tag k="barrier" v="bollard"/>
    <tag k="bicycle" v="yes"/>
    <tag k="foot" v="yes"/>
    <tag k="material" v="metal"/>
  </node>
  <node id="4972114435" lat="48.4252244" lon="11.5899512"/>
  <node id="4972114437" lat="48.4231988" lon="11.5900478"/>
  <node id="4972114438" lat="48.4232291" lon="11.5899807"/>
  <node id="4972114439" lat="48.4231739" lon="11.5901980"/>
  <node id="5185982958" lat="48.4616911" lon="11.6176564"/>
  <node id="5497354820" lat="48.4545378" lon="11.5616404"/>
  <node id="5497357221" lat="48.4545939" lon="11.5626218"/>
  <node id="5497357222" lat="48.4547141" lon="11.5623253"/>
  <node id="5626698961" lat="48.4509078" lon="11.5672132"/>
  <node id="5626698962" lat="48.4515933" lon="11.5683407"/>
  <node id="5626698963" lat="48.4510456" lon="11.5675086"/>
  <node id="5626698964" lat="48.4509471" lon="11.5673812"/>
  <node id="5691806894" lat="48.4294443" lon="11.6206681"/>
  <node id="5691806895" lat="48.4291797" lon="11.6204939"/>
  <node id="5691806896" lat="48.4288396" lon="11.6203401"/>
  <node id="5691806897" lat="48.4285080" lon="11.6205195"/>
  <node id="5691806898" lat="48.4283210" lon="11.6208398"/>
  <node id="5691806899" lat="48.4281510" lon="11.6210705"/>
  <node id="5691806900" lat="48.4279384" lon="11.6211986"/>
  <node id="5691806901" lat="48.4278109" lon="11.6214805"/>
  <node id="5691806902" lat="48.4278109" lon="11.6218136"/>
  <node id="5691806903" lat="48.4277768" lon="11.6219290"/>
  <node id="5691806904" lat="48.4275983" lon="11.6219674"/>
  <node id="5691806905" lat="48.4274283" lon="11.6218008"/>
  <node id="5691806906" lat="48.4272752" lon="11.6215446"/>
  <node id="5691806907" lat="48.4271902" lon="11.6212883"/>
  <node id="5691806908" lat="48.4271732" lon="11.6210961"/>
  <node id="5691806909" lat="48.4270711" lon="11.6209680"/>
  <node id="5691806910" lat="48.4269096" lon="11.6208655"/>
  <node id="5691806911" lat="48.4268038" lon="11.6207901"/>
  <node id="5804509560" lat="48.4303153" lon="11.5983160"/>
  <node id="5809109218" lat="48.4293043" lon="11.5823903"/>
  <node id="5809109219" lat="48.4292767" lon="11.5824843"/>
  <node id="5809109220" lat="48.4292839" lon="11.5827000"/>
  <node id="5809109221" lat="48.4294950" lon="11.5823592"/>
  <node id="5809109222" lat="48.4299271" lon="11.5810621"/>
  <node id="5809109223" lat="48.4295907" lon="11.5811052"/>
  <node id="5861506210" lat="48.4534601" lon="11.5714979"/>
  <node id="5861539387" lat="48.4503770" lon="11.5734046"/>
  <node id="5861539388" lat="48.4505278" lon="11.5735478"/>
  <node id="5861539389" lat="48.4507904" lon="11.5736242"/>
  <node id="5861539390" lat="48.4511868" lon="11.5736600"/>
  <node id="5861539391" lat="48.4514653" lon="11.5736772"/>
  <node id="5861539392" lat="48.4516936" lon="11.5736806"/>
  <node id="5861539393" lat="48.4520114" lon="11.5738301"/>
  <node id="5861539394" lat="48.4523496" lon="11.5741473"/>
  <node id="5861539395" lat="48.4530048" lon="11.5745429"/>
  <node id="5861539396" lat="48.4532308" lon="11.5746643"/>
  <node id="5861539397" lat="48.4534731" lon="11.5747602"/>
  <node id="5861539398" lat="48.4534506" lon="11.5740625"/>
  <node id="5861539399" lat="48.4535206" lon="11.5745859"/>
  <node id="5861539400" lat="48.4535566" lon="11.5747675"/>
  <node id="5861539401" lat="48.4577116" lon="11.5706097"/>
  <node id="5861539402" lat="48.4573214" lon="11.5706937"/>
  <node id="5861539403" lat="48.4570860" lon="11.5707404"/>
  <node id="5861539404" lat="48.4567391" lon="11.5707498"/>
  <node id="5861539405" lat="48.4564418" lon="11.5707217"/>
  <node id="5861539406" lat="48.4562225" lon="11.5706472"/>
  <node id="5861676182" lat="48.4489089" lon="11.5736674"/>
  <node id="5861676183" lat="48.4489561" lon="11.5733062"/>
  <node id="5861690013" lat="48.4490245" lon="11.5739868"/>
  <node id="5861724924" lat="48.4559789" lon="11.5687845"/>
  <node id="5861724925" lat="48.4558716" lon="11.5686158"/>
  <node id="5861724926" lat="48.4556912" lon="11.5683645"/>
  <node id="5861724927" lat="48.4555817" lon="11.5681890"/>
  <node id="5861724928" lat="48.4554655" lon="11.5680170"/>
  <node id="5873012516" lat="48.4559112" lon="11.5736783"/>
  <node id="5873012517" lat="48.4559395" lon="11.5743045"/>
  <node id="5873012518" lat="48.4560200" lon="11.5748230"/>
  <node id="5873012519" lat="48.4560346" lon="11.5750877"/>
  <node id="5873012520" lat="48.4559834" lon="11.5751649"/>
  <node id="5873012521" lat="48.4558810" lon="11.5752090"/>
  <node id="5873012522" lat="48.4557347" lon="11.5751208"/>
  <node id="5873012523" lat="48.4555299" lon="11.5749443"/>
  <node id="5873012524" lat="48.4553324" lon="11.5748561"/>
  <node id="5873012525" lat="48.4551860" lon="11.5748450"/>
  <node id="5873012526" lat="48.4548715" lon="11.5747678"/>
  <node id="5873012527" lat="48.4547105" lon="11.5747678"/>
  <node id="5873012528" lat="48.4544911" lon="11.5748561"/>
  <node id="5873012529" lat="48.4542795" lon="11.5750772"/>
  <node id="5873012530" lat="48.4553197" lon="11.5740256"/>
  <node id="5873012532" lat="48.4571111" lon="11.5735974"/>
  <node id="5873012533" lat="48.4559087" lon="11.5675234"/>
  <node id="5873012534" lat="48.4561425" lon="11.5698031"/>
  <node id="5873012535" lat="48.4561410" lon="11.5695439"/>
  <node id="5873012536" lat="48.4560415" lon="11.5689775"/>
  <node id="5895076011" lat="48.4513989" lon="11.5971675"/>
  <node id="5895076012" lat="48.4515441" lon="11.5971694"/>
  <node id="5895076013" lat="48.4518736" lon="11.5972974"/>
  <node id="5895076014" lat="48.4520883" lon="11.5975834"/>
  <node id="5895076015" lat="48.4523229" lon="11.5978845"/>
  <node id="5895076016" lat="48.4523928" lon="11.5980727"/>
  <node id="5895076017" lat="48.4523629" lon="11.5982082"/>
  <node id="5895076018" lat="48.4521831" lon="11.5986748"/>
  <node id="5895076019" lat="48.4520244" lon="11.5990196"/>
  <node id="5895076021" lat="48.4506565" lon="11.5983750"/>
  <node id="5895076022" lat="48.4501717" lon="11.5987617"/>
  <node id="5895076023" lat="48.4492553" lon="11.5994691"/>
  <node id="5895076024" lat="48.4487386" lon="11.5998196"/>
  <node id="5895076025" lat="48.4485452" lon="11.6000915"/>
  <node id="5895076026" lat="48.4482699" lon="11.6006244"/>
  <node id="5895076029" lat="48.4482566" lon="11.6006901"/>
  <node id="5895076030" lat="48.4637973" lon="11.6120024"/>
  <node id="5895080231" lat="48.4155373" lon="11.6090844"/>
  <node id="5895080232" lat="48.4160487" lon="11.6126655"/>
  <node id="6012191006" lat="48.4439455" lon="11.5895073"/>
  <node id="6012191007" lat="48.4413891" lon="11.5893569"/>
  <node id="6012191008" lat="48.4404708" lon="11.5893618"/>
  <node id="6012191009" lat="48.4376119" lon="11.5894053"/>
  <node id="6027218688" lat="48.4328289" lon="11.5750652"/>
  <node id="6027220048" lat="48.4319816" lon="11.5741984"/>
  <node id="6027220049" lat="48.4318504" lon="11.5742522"/>
  <node id="6027220050" lat="48.4322645" lon="11.5742509"/>
  <node id="6027220051" lat="48.4324023" lon="11.5743085"/>
  <node id="6027220052" lat="48.4320538" lon="11.5741859"/>
  <node id="6027220053" lat="48.4328199" lon="11.5746115"/>
  <node id="6027220054" lat="48.4327896" lon="11.5745871"/>
  <node id="6027220055" lat="48.4327311" lon="11.5745442"/>
  <node id="6027220056" lat="48.4328574" lon="11.5747029"/>
  <node id="6027220057" lat="48.4328532" lon="11.5746696"/>
  <node id="6027220058" lat="48.4328598" lon="11.5747728"/>
  <node id="6027220059" lat="48.4328587" lon="11.5748325"/>
  <node id="6043768984" lat="48.4481748" lon="11.5813592"/>
  <node id="6043769185" lat="48.4485082" lon="11.5815079"/>
  <node id="6043769186" lat="48.4488368" lon="11.5818689"/>
  <node id="6043769187" lat="48.4495223" lon="11.5820741"/>
  <node id="6043769188" lat="48.4499683" lon="11.5820388"/>
  <node id="6043769189" lat="48.4506209" lon="11.5824068"/>
  <node id="6043769190" lat="48.4508228" lon="11.5827112"/>
  <node id="6043769191" lat="48.4508932" lon="11.5829873"/>
  <node id="6043769192" lat="48.4507804" lon="11.5840530"/>
  <node id="6179383699" lat="48.4328400" lon="11.5841600"/>
  <node id="6179383700" lat="48.4326627" lon="11.5854094"/>
  <node id="6179383701" lat="48.4328429" lon="11.5849951"/>
  <node id="6179383702" lat="48.4311440" lon="11.5876603"/>
  <node id="6179383703" lat="48.4316049" lon="11.5870112"/>
  <node id="6179383704" lat="48.4330927" lon="11.5837148"/>
  <node id="6179383705" lat="48.4310027" lon="11.5886757"/>
  <node id="6179383706" lat="48.4328275" lon="11.5838918"/>
  <node id="6179383707" lat="48.4329966" lon="11.5845865"/>
  <node id="6179383708" lat="48.4329130" lon="11.5844283"/>
  <node id="6179383709" lat="48.4321993" lon="11.5861717"/>
  <node id="6179383710" lat="48.4328395" lon="11.5847317"/>
  <node id="6179383711" lat="48.4329397" lon="11.5846723"/>
  <node id="6283161965" lat="48.4549679" lon="11.5684909"/>
  <node id="6379174566" lat="48.4511030" lon="11.6069176"/>
  <node id="6379174568" lat="48.4524518" lon="11.6099422"/>
  <node id="6379174569" lat="48.4523684" lon="11.6100413"/>
  <node id="6379174570" lat="48.4564414" lon="11.6187666"/>
  <node id="6379174571" lat="48.4556503" lon="11.6173122"/>
  <node id="6379174572" lat="48.4565220" lon="11.6189356"/>
  <node id="6379174577" lat="48.4567693" lon="11.6230710"/>
  <node id="6388905242" lat="48.4544574" lon="11.5695253"/>
  <node id="6388905243" lat="48.4546666" lon="11.5683043"/>
  <node id="6388905244" lat="48.4546350" lon="11.5682053"/>
  <node id="6388905245" lat="48.4546496" lon="11.5678901"/>
  <node id="6388905246" lat="48.4547055" lon="11.5674613"/>
  <node id="6388905247" lat="48.4547420" lon="11.5671351"/>
  <node id="6388905248" lat="48.4548198" lon="11.5667026"/>
  <node id="6388905249" lat="48.4548587" lon="11.5663874"/>
  <node id="6388905250" lat="48.4548927" lon="11.5660575"/>
  <node id="6388905251" lat="48.4548757" lon="11.5659145"/>
  <node id="6388905252" lat="48.4548465" lon="11.5657166"/>
  <node id="6388905253" lat="48.4548043" lon="11.5655424"/>
  <node id="6573251891" lat="48.4347184" lon="11.6056179"/>
  <node id="6573251892" lat="48.4347882" lon="11.6055487"/>
  <node id="6573251893" lat="48.4351006" lon="11.6055776"/>
  <node id="6573251894" lat="48.4351166" lon="11.6057082"/>
  <node id="6573251895" lat="48.4351145" lon="11.6058904"/>
  <node id="6740185056" lat="48.4496747" lon="11.5789352"/>
  <node id="6740185059" lat="48.4520781" lon="11.5738927"/>
  <node id="6740185060" lat="48.4521472" lon="11.5758825"/>
  <node id="6740185061" lat="48.4505445" lon="11.5767585"/>
  <node id="6740185063" lat="48.4519094" lon="11.5792912"/>
  <node id="6740185064" lat="48.4499267" lon="11.5791135"/>
  <node id="6749689575" lat="48.4310194" lon="11.5965387"/>
  <node id="6749717923" lat="48.4310241" lon="11.5986609"/>
  <node id="6749717924" lat="48.4309216" lon="11.5986040"/>
  <node id="6749717925" lat="48.4309732" lon="11.5983519"/>
  <node id="6749717926" lat="48.4309839" lon="11.5979978"/>
  <node id="6749717927" lat="48.4311867" lon="11.5970752"/>
  <node id="6749717928" lat="48.4312846" lon="11.5969035"/>
  <node id="6749849356" lat="48.4514961" lon="11.5612777"/>
  <node id="6749849357" lat="48.4517874" lon="11.5613280"/>
  <node id="6749849358" lat="48.4523891" lon="11.5613161"/>
  <node id="6749849359" lat="48.4523581" lon="11.5613662"/>
  <node id="6749849360" lat="48.4524049" lon="11.5612635"/>
  <node id="6749849361" lat="48.4527201" lon="11.5576043"/>
  <node id="6749849362" lat="48.4526759" lon="11.5583838"/>
  <node id="6749849363" lat="48.4526738" lon="11.5589486"/>
  <node id="6749849364" lat="48.4526419" lon="11.5593513"/>
  <node id="6749849365" lat="48.4583562" lon="11.5589349"/>
  <node id="6749849366" lat="48.4578840" lon="11.5589635"/>
  <node id="6749849367" lat="48.4588979" lon="11.5592543"/>
  <node id="6749849368" lat="48.4605805" lon="11.5598559"/>
  <node id="6749849369" lat="48.4606461" lon="11.5599493"/>
  <node id="6749849370" lat="48.4605317" lon="11.5597959"/>
  <node id="6749849371" lat="48.4602511" lon="11.5597105"/>
  <node id="6749849372" lat="48.4601094" lon="11.5596708"/>
  <node id="6749849373" lat="48.4596895" lon="11.5594958"/>
  <node id="6749849374" lat="48.4595679" lon="11.5594454"/>
  <node id="6749849375" lat="48.4608840" lon="11.5604245"/>
  <node id="6749849376" lat="48.4611579" lon="11.5608424"/>
  <node id="6749849378" lat="48.4615678" lon="11.5610601"/>
  <node id="6749849379" lat="48.4617555" lon="11.5610019"/>
  <node id="6749849380" lat="48.4618724" lon="11.5610132"/>
  <node id="6749849381" lat="48.4620096" lon="11.5612388"/>
  <node id="6749849382" lat="48.4618025" lon="11.5609915"/>
  <node id="6749849383" lat="48.4619149" lon="11.5610491"/>
  <node id="6749849384" lat="48.4621624" lon="11.5616459"/>
  <node id="6749856429" lat="48.4532495" lon="11.5547215"/>
  <node id="6749856430" lat="48.4528388" lon="11.5532773"/>
  <node id="6749856431" lat="48.4532429" lon="11.5538863"/>
  <node id="6749856432" lat="48.4532837" lon="11.5543039"/>
  <node id="6749856433" lat="48.4532778" lon="11.5545297"/>
  <node id="6749856434" lat="48.4532708" lon="11.5541008"/>
  <node id="6749856435" lat="48.4530934" lon="11.5534857"/>
  <node id="6749856436" lat="48.4531981" lon="11.5536521"/>
  <node id="6749856437" lat="48.4530626" lon="11.5552112"/>
  <node id="6749856438" lat="48.4529239" lon="11.5556182"/>
  <node id="6749856439" lat="48.4528564" lon="11.5559235"/>
  <node id="6749887185" lat="48.4622218" lon="11.5619583"/>
  <node id="6817492162" lat="48.4331468" lon="11.6081911"/>
  <node id="6817492163" lat="48.4328491" lon="11.6080875"/>
  <node id="6817492164" lat="48.4327823" lon="11.6080875"/>
  <node id="6817492165" lat="48.4326945" lon="11.6080990"/>
  <node id="6817492166" lat="48.4326316" lon="11.6081192"/>
  <node id="6817492167" lat="48.4325552" lon="11.6081192"/>
  <node id="6817492168" lat="48.4321049" lon="11.6079495"/>
  <node id="6817492169" lat="48.4319713" lon="11.6079121"/>
  <node id="6817492170" lat="48.4318950" lon="11.6079351"/>
  <node id="6817492171" lat="48.4318375" lon="11.6080175"/>
  <node id="6855590360" lat="48.4287731" lon="11.5882120"/>
  <node id="6855630452" lat="48.4269454" lon="11.5861691"/>
  <node id="6855630455" lat="48.4274146" lon="11.5860847"/>
  <node id="6855630456" lat="48.4269206" lon="11.5859046"/>
  <node id="6855630457" lat="48.4276613" lon="11.5861246"/>
  <node id="6855646075" lat="48.4250859" lon="11.5814590"/>
  <node id="7013239295" lat="48.4309413" lon="11.5865920"/>
  <node id="7013239299" lat="48.4307187" lon="11.5869975"/>
  <node id="7013824566" lat="48.4298781" lon="11.5752857"/>
  <node id="7013824567" lat="48.4297602" lon="11.5753264"/>
  <node id="7013824568" lat="48.4292116" lon="11.5752248"/>
  <node id="7047061103" lat="48.4308290" lon="11.6022607"/>
  <node id="7047061104" lat="48.4309153" lon="11.6023074"/>
  <node id="7047061105" lat="48.4311372" lon="11.6023108"/>
  <node id="7047061106" lat="48.4311881" lon="11.6024294"/>
  <node id="7047061107" lat="48.4312765" lon="11.6024127"/>
  <node id="7047061108" lat="48.4313824" lon="11.6024281"/>
  <node id="7047061109" lat="48.4315142" lon="11.6027465"/>
  <node id="7047061110" lat="48.4314848" lon="11.6028391"/>
  <node id="7047061111" lat="48.4314284" lon="11.6028642"/>
  <node id="7047061112" lat="48.4313734" lon="11.6028738"/>
  <node id="7047061113" lat="48.4312863" lon="11.6027465"/>
  <node id="7047061114" lat="48.4312300" lon="11.6027291"/>
  <node id="7047061115" lat="48.4311609" lon="11.6027658"/>
  <node id="7047061116" lat="48.4310610" lon="11.6028314"/>
  <node id="7047061117" lat="48.4310019" lon="11.6028849"/>
  <node id="7047061118" lat="48.4309418" lon="11.6027374"/>
  <node id="7119101494" lat="48.4431829" lon="11.5629380"/>
  <node id="7133504214" lat="48.4613954" lon="11.5896655"/>
  <node id="7133504215" lat="48.4605191" lon="11.5892320"/>
  <node id="7133504216" lat="48.4605867" lon="11.5891462"/>
  <node id="7133504217" lat="48.4606009" lon="11.5886741"/>
  <node id="7133504218" lat="48.4606507" lon="11.5886071"/>
  <node id="7133504219" lat="48.4613977" lon="11.5885427"/>
  <node id="7186881512" lat="48.4246321" lon="11.5973481"/>
  <node id="7186881513" lat="48.4246443" lon="11.5976794"/>
  <node id="7255498132" lat="48.4275240" lon="11.5701672"/>
  <node id="7291117836" lat="48.4284215" lon="11.5601600"/>
  <node id="7291117837" lat="48.4284998" lon="11.5613387"/>
  <node id="7363564849" lat="48.4314295" lon="11.6164237"/>
  <node id="7363564850" lat="48.4318641" lon="11.6168859"/>
  <node id="7364458492" lat="48.4562885" lon="11.6124952"/>
  <node id="7364458513" lat="48.4634920" lon="11.6099655"/>
  <node id="7364458514" lat="48.4613259" lon="11.6112855"/>
  <node id="7364458515" lat="48.4611729" lon="11.6112211"/>
  <node id="7364458516" lat="48.4608296" lon="11.6109046"/>
  <node id="7364458517" lat="48.4605468" lon="11.6105291"/>
  <node id="7364458518" lat="48.4603849" lon="11.6102475"/>
  <node id="7364458519" lat="48.4603369" lon="11.6099256"/>
  <node id="7364458520" lat="48.4600701" lon="11.6083914"/>
  <node id="7364458521" lat="48.4598994" lon="11.6079086"/>
  <node id="7364458522" lat="48.4597428" lon="11.6077208"/>
  <node id="7364458523" lat="48.4594120" lon="11.6075706"/>
  <node id="7364458524" lat="48.4591096" lon="11.6075277"/>
  <node id="7364458525" lat="48.4586898" lon="11.6071737"/>
  <node id="7364458527" lat="48.4573593" lon="11.6088474"/>
  <node id="7364458528" lat="48.4571850" lon="11.6080534"/>
  <node id="7364458529" lat="48.4570854" lon="11.6075599"/>
  <node id="7364458530" lat="48.4568008" lon="11.6075385"/>
  <node id="7364458531" lat="48.4561663" lon="11.6066555"/>
  <node id="7364458532" lat="48.4557922" lon="11.6072354"/>
  <node id="7364458533" lat="48.4554862" lon="11.6078979"/>
  <node id="7364458534" lat="48.4554809" lon="11.6079918"/>
  <node id="7364458535" lat="48.4564237" lon="11.6101617"/>
  <node id="7364458536" lat="48.4559897" lon="11.6101965"/>
  <node id="7364458537" lat="48.4558491" lon="11.6101187"/>
  <node id="7370248765" lat="48.4553374" lon="11.5625306"/>
  <node id="7370248766" lat="48.4556906" lon="11.5644595"/>
  <node id="7370248767" lat="48.4556531" lon="11.5647651"/>
  <node id="7370248768" lat="48.4555311" lon="11.5652431"/>
  <node id="7370248769" lat="48.4553979" lon="11.5656901"/>
  <node id="7370248770" lat="48.4553754" lon="11.5660437"/>
  <node id="7370248771" lat="48.4554111" lon="11.5663265"/>
  <node id="7370248772" lat="48.4553492" lon="11.5666603"/>
  <node id="7370248773" lat="48.4552441" lon="11.5671044"/>
  <node id="7370248774" lat="48.4552047" lon="11.5676334"/>
  <node id="7370248775" lat="48.4551522" lon="11.5680153"/>
  <node id="7370248776" lat="48.4550659" lon="11.5682529"/>
  <node id="7370248777" lat="48.4551732" lon="11.5740477"/>
  <node id="7370248778" lat="48.4553573" lon="11.5741806"/>
  <node id="7370248779" lat="48.4556081" lon="11.5742951"/>
  <node id="7370248780" lat="48.4558755" lon="11.5743548"/>
  <node id="7370248781" lat="48.4561396" lon="11.5745539"/>
  <node id="7370248782" lat="48.4564532" lon="11.5747530"/>
  <node id="7370248783" lat="48.4566413" lon="11.5748724"/>
  <node id="7370248784" lat="48.4568064" lon="11.5748177"/>
  <node id="7370261185" lat="48.4569748" lon="11.5747053"/>
  <node id="7370261186" lat="48.4576564" lon="11.5764648"/>
  <node id="7370261187" lat="48.4574083" lon="11.5768517"/>
  <node id="7370261188" lat="48.4560436" lon="11.6101922"/>
  <node id="7370261189" lat="48.4560844" lon="11.6102989"/>
  <node id="7370261190" lat="48.4561902" lon="11.6104477"/>
  <node id="7370261191" lat="48.4563050" lon="11.6105396"/>
  <node id="7370261192" lat="48.4564198" lon="11.6106154"/>
  <node id="7370261193" lat="48.4565122" lon="11.6106592"/>
  <node id="7370261194" lat="48.4566117" lon="11.6107560"/>
  <node id="7370261195" lat="48.4566601" lon="11.6109074"/>
  <node id="7370261196" lat="48.4566996" lon="11.6110859"/>
  <node id="7370261197" lat="48.4567301" lon="11.6112509"/>
  <node id="7370261198" lat="48.4567684" lon="11.6114559"/>
  <node id="7370261199" lat="48.4567892" lon="11.6115971"/>
  <node id="7370261200" lat="48.4567857" lon="11.6117729"/>
  <node id="7370261201" lat="48.4566816" lon="11.6119568"/>
  <node id="7370261202" lat="48.4566063" lon="11.6120541"/>
  <node id="7370261203" lat="48.4564646" lon="11.6120704"/>
  <node id="7370261204" lat="48.4562942" lon="11.6120136"/>
  <node id="7370261205" lat="48.4561292" lon="11.6120325"/>
  <node id="7370261206" lat="48.4557956" lon="11.6120244"/>
  <node id="7370261207" lat="48.4556557" lon="11.6120487"/>
  <node id="7370261208" lat="48.4555391" lon="11.6120952"/>
  <node id="7370261222" lat="48.4559568" lon="11.5744161"/>
  <node id="7372390272" lat="48.4639113" lon="11.6131912"/>
  <node id="7372390273" lat="48.4641815" lon="11.6133054"/>
  <node id="7372428498" lat="48.4573561" lon="11.5990685"/>
  <node id="7372428499" lat="48.4573902" lon="11.5990779"/>
  <node id="7372428500" lat="48.4574428" lon="11.5990639"/>
  <node id="7372428501" lat="48.4575760" lon="11.5989098"/>
  <node id="7372428502" lat="48.4577154" lon="11.5988304"/>
  <node id="7372428503" lat="48.4577928" lon="11.5988631"/>
  <node id="7372428504" lat="48.4578145" lon="11.5989331"/>
  <node id="7372428505" lat="48.4578145" lon="11.5990545"/>
  <node id="7372428506" lat="48.4577959" lon="11.5991339"/>
  <node id="7372428507" lat="48.4577742" lon="11.5992880"/>
  <node id="7372428508" lat="48.4577990" lon="11.5993721"/>
  <node id="7372428509" lat="48.4579322" lon="11.5995542"/>
  <node id="7372428510" lat="48.4582852" lon="11.6000773"/>
  <node id="7372428511" lat="48.4583472" lon="11.6001987"/>
  <node id="7372428512" lat="48.4584648" lon="11.6003061"/>
  <node id="7372428513" lat="48.4586379" lon="11.6004328"/>
  <node id="7372428514" lat="48.4589732" lon="11.6006713"/>
  <node id="7372428515" lat="48.4592392" lon="11.6007770"/>
  <node id="7372428516" lat="48.4594416" lon="11.6008197"/>
  <node id="7372428517" lat="48.4596457" lon="11.6007827"/>
  <node id="7372428518" lat="48.4598551" lon="11.6006935"/>
  <node id="7372428519" lat="48.4602053" lon="11.6004509"/>
  <node id="7372428520" lat="48.4605429" lon="11.6001847"/>
  <node id="7372428521" lat="48.4607658" lon="11.5999792"/>
  <node id="7372428522" lat="48.4609764" lon="11.5996710"/>
  <node id="7372428523" lat="48.4611498" lon="11.5994141"/>
  <node id="7372428524" lat="48.4542372" lon="11.5982274"/>
  <node id="7372428525" lat="48.4541660" lon="11.5977371"/>
  <node id="7372428526" lat="48.4540762" lon="11.5972187"/>
  <node id="7372428527" lat="48.4540297" lon="11.5969712"/>
  <node id="7372428528" lat="48.4539461" lon="11.5964575"/>
  <node id="7372428529" lat="48.4538346" lon="11.5959578"/>
  <node id="7372428530" lat="48.4537479" lon="11.5955609"/>
  <node id="7372428531" lat="48.4536673" lon="11.5950192"/>
  <node id="7372428532" lat="48.4535696" lon="11.5945158"/>
  <node id="7372428533" lat="48.4535231" lon="11.5940704"/>
  <node id="7372428534" lat="48.4535775" lon="11.5934874"/>
  <node id="7372428535" lat="48.4536209" lon="11.5932165"/>
  <node id="7372430785" lat="48.4586943" lon="11.6078609"/>
  <node id="7372430786" lat="48.4588257" lon="11.6082113"/>
  <node id="7372430787" lat="48.4589736" lon="11.6084945"/>
  <node id="7372479743" lat="48.4588542" lon="11.5761910"/>
  <node id="7372479744" lat="48.4589361" lon="11.5761345"/>
  <node id="7372479745" lat="48.4590188" lon="11.5761144"/>
  <node id="7372479746" lat="48.4584789" lon="11.5762214"/>
  <node id="7372479747" lat="48.4581117" lon="11.5761056"/>
  <node id="7372479748" lat="48.4592978" lon="11.5764543"/>
  <node id="7372479749" lat="48.4596289" lon="11.5775981"/>
  <node id="7372479750" lat="48.4595976" lon="11.5772252"/>
  <node id="7372479751" lat="48.4596577" lon="11.5779249"/>
  <node id="7372479752" lat="48.4603599" lon="11.5794218"/>
  <node id="7372479753" lat="48.4604111" lon="11.5797045"/>
  <node id="7372479754" lat="48.4607428" lon="11.5802501"/>
  <node id="7372479755" lat="48.4610823" lon="11.5805340"/>
  <node id="7372479756" lat="48.4614466" lon="11.5810967"/>
  <node id="7392545030" lat="48.4181940" lon="11.6075386"/>
  <node id="7392545031" lat="48.4191081" lon="11.6080089"/>
  <node id="7392545032" lat="48.4189222" lon="11.6083968"/>
  <node id="7404393583" lat="48.4360348" lon="11.5634082"/>
  <node id="7404393584" lat="48.4361358" lon="11.5637751"/>
  <node id="7404430285" lat="48.4361816" lon="11.5639944"/>
  <node id="7404430286" lat="48.4361690" lon="11.5641207"/>
  <node id="7404430287" lat="48.4361405" lon="11.5641636"/>
  <node id="7404430288" lat="48.4361914" lon="11.5631846"/>
  <node id="7404430289" lat="48.4362449" lon="11.5632842"/>
  <node id="7404430290" lat="48.4363176" lon="11.5635416"/>
  <node id="7404430291" lat="48.4362212" lon="11.5635964"/>
  <node id="7404430292" lat="48.4362512" lon="11.5637871"/>
  <node id="7404430293" lat="48.4362702" lon="11.5638681"/>
  <node id="7404430294" lat="48.4362923" lon="11.5639038"/>
  <node id="7404430295" lat="48.4365184" lon="11.5638157"/>
  <node id="7406174484" lat="48.4171942" lon="11.5560372"/>
  <node id="7406228601" lat="48.4215384" lon="11.5603107"/>
  <node id="7406228602" lat="48.4215684" lon="11.5597895"/>
  <node id="7406228603" lat="48.4215010" lon="11.5587796"/>
  <node id="7406228604" lat="48.4221138" lon="11.5568131"/>
  <node id="7406228609" lat="48.4185610" lon="11.5611454"/>
  <node id="7406228610" lat="48.4182428" lon="11.5617842"/>
  <node id="7414049422" lat="48.4180161" lon="11.5583735"/>
  <node id="7414049423" lat="48.4181903" lon="11.5580330"/>
  <node id="7414049424" lat="48.4193486" lon="11.5577208"/>
  <node id="7414049425" lat="48.4198148" lon="11.5581181"/>
  <node id="7414049426" lat="48.4203940" lon="11.5590120"/>
  <node id="7414049439" lat="48.4213898" lon="11.5569510"/>
  <node id="7414049440" lat="48.4218694" lon="11.5573975"/>
  <node id="7433074815" lat="48.4288305" lon="11.5589248"/>
  <node id="7433074816" lat="48.4287530" lon="11.5589516"/>
  <node id="7433074817" lat="48.4283614" lon="11.5589891"/>
  <node id="7433074818" lat="48.4281799" lon="11.5590160"/>
  <node id="7464626765" lat="48.4169596" lon="11.5592589"/>
  <node id="7464626766" lat="48.4170423" lon="11.5595411"/>
  <node id="7464626767" lat="48.4172268" lon="11.5599894"/>
  <node id="7464626768" lat="48.4171580" lon="11.5604584"/>
  <node id="7464626769" lat="48.4173122" lon="11.5602176"/>
  <node id="7464626770" lat="48.4174555" lon="11.5604667"/>
  <node id="7464626771" lat="48.4178742" lon="11.5613715"/>
  <node id="7464626772" lat="48.4181276" lon="11.5616537"/>
  <node id="7472326992" lat="48.4279187" lon="11.6184849">
    <tag k="barrier" v="bollard"/>
  </node>
  <node id="7472326993" lat="48.4277061" lon="11.6190120">
    <tag k="barrier" v="bollard"/>
  </node>
  <node id="7472326998" lat="48.4302969" lon="11.6244096"/>
  <node id="7472326999" lat="48.4334594" lon="11.6247609"/>
  <node id="7472327000" lat="48.4332511" lon="11.6247475"/>
  <node id="7472327001" lat="48.4327617" lon="11.6247475"/>
  <node id="7472327002" lat="48.4320552" lon="11.6249943"/>
  <node id="7472327003" lat="48.4313149" lon="11.6254932"/>
  <node id="7472327004" lat="48.4304677" lon="11.6252571"/>
  <node id="7472327005" lat="48.4324396" lon="11.6230148"/>
  <node id="7472327006" lat="48.4328917" lon="11.6229290"/>
  <node id="7472327007" lat="48.4333223" lon="11.6231918"/>
  <node id="7509905021" lat="48.4298689" lon="11.5927498"/>
  <node id="7509905022" lat="48.4300106" lon="11.5926865"/>
  <node id="7509905023" lat="48.4300702" lon="11.5926152"/>
  <node id="7509905024" lat="48.4300807" lon="11.5925227"/>
  <node id="7509905025" lat="48.4299220" lon="11.5929642"/>
  <node id="7509905026" lat="48.4302297" lon="11.5928107"/>
  <node id="7509905027" lat="48.4294550" lon="11.5932931"/>
  <node id="7509905028" lat="48.4294785" lon="11.5934416"/>
  <node id="7509905029" lat="48.4295188" lon="11.5936477"/>
  <node id="7509905030" lat="48.4295223" lon="11.5937217"/>
  <node id="7543794912" lat="48.4303280" lon="11.5795927"/>
  <node id="7543794913" lat="48.4306677" lon="11.5795056"/>
  <node id="7543794914" lat="48.4302144" lon="11.5783583"/>
  <node id="7543794915" lat="48.4303868" lon="11.5783192"/>
  <node id="7543794916" lat="48.4304221" lon="11.5787528"/>
  <node id="7543794917" lat="48.4302609" lon="11.5787969"/>
  <node id="7543794918" lat="48.4305296" lon="11.5795410"/>
  <node id="7549334309" lat="48.4342234" lon="11.5913727"/>
  <node id="7549334310" lat="48.4337309" lon="11.5912610"/>
  <node id="7549334311" lat="48.4337612" lon="11.5909471"/>
  <node id="7566419739" lat="48.4190967" lon="11.6253252"/>
  <node id="7647922042" lat="48.4248721" lon="11.5976384"/>
  <node id="7647922043" lat="48.4248983" lon="11.5980929"/>
  <node id="7647968043" lat="48.4303824" lon="11.5751463"/>
  <node id="7647968044" lat="48.4304096" lon="11.5752929"/>
  <node id="7647968045" lat="48.4303891" lon="11.5753700"/>
  <node id="7647968046" lat="48.4303278" lon="11.5754273"/>
  <node id="7647968047" lat="48.4302401" lon="11.5754691"/>
  <node id="7733218972" lat="48.4234023" lon="11.5849214"/>
  <node id="7733218973" lat="48.4230232" lon="11.5850708"/>
  <node id="7733218974" lat="48.4229328" lon="11.5851049"/>
  <node id="7733218975" lat="48.4228406" lon="11.5851520"/>
  <node id="7733218976" lat="48.4226151" lon="11.5852973"/>
  <node id="7733218977" lat="48.4229679" lon="11.5857730"/>
  <node id="7733218978" lat="48.4229217" lon="11.5855885"/>
  <node id="7733218979" lat="48.4228692" lon="11.5855645"/>
  <node id="7733218980" lat="48.4226229" lon="11.5853581"/>
  <node id="7786278445" lat="48.4291503" lon="11.5720543"/>
  <node id="7786278446" lat="48.4293353" lon="11.5719373"/>
  <node id="7786278447" lat="48.4292306" lon="11.5720542">
    <tag k="barrier" v="gate"/>
  </node>
  <node id="7786278448" lat="48.4297165" lon="11.5719561"/>
  <node id="7786278449" lat="48.4300305" lon="11.5719936"/>
  <node id="7786278450" lat="48.4301401" lon="11.5718096"/>
  <node id="7786278451" lat="48.4302174" lon="11.5715317"/>
  <node id="7786278452" lat="48.4302248" lon="11.5713440"/>
  <node id="7786278453" lat="48.4301750" lon="11.5711787"/>
  <node id="7786278454" lat="48.4300529" lon="11.5711149"/>
  <node id="7786278455" lat="48.4301127" lon="11.5700221"/>
  <node id="7786278456" lat="48.4291334" lon="11.5697930"/>
  <node id="7786278457" lat="48.4290861" lon="11.5698756"/>
  <node id="7786278458" lat="48.4290113" lon="11.5707093"/>
  <node id="7786278459" lat="48.4289216" lon="11.5709309"/>
  <node id="7786278460" lat="48.4288614" lon="11.5713069"/>
  <node id="7786278461" lat="48.4288238" lon="11.5715364"/>
  <node id="7786278462" lat="48.4288709" lon="11.5716783"/>
  <node id="7786278463" lat="48.4289650" lon="11.5717446"/>
  <node id="7786278464" lat="48.4289729" lon="11.5718061">
    <tag k="barrier" v="gate"/>
  </node>
  <node id="7786278465" lat="48.4289753" lon="11.5718597"/>
  <node id="7887902659" lat="48.4292410" lon="11.5910489"/>
  <node id="7887902660" lat="48.4294222" lon="11.5909956"/>
  <node id="7887902661" lat="48.4292304" lon="11.5911383"/>
  <node id="7887927208" lat="48.4286436" lon="11.5873299">
    <tag k="highway" v="traffic_signals"/>
    <tag k="traffic_signals:direction" v="backward"/>
  </node>
  <node id="7887927209" lat="48.4286345" lon="11.5872620">
    <tag k="highway" v="traffic_signals"/>
    <tag k="traffic_signals:direction" v="forward"/>
  </node>
  <node id="7890947318" lat="48.4294351" lon="11.5910412">
    <tag k="highway" v="traffic_signals"/>
    <tag k="traffic_signals:direction" v="backward"/>
  </node>
  <node id="7890947319" lat="48.4294059" lon="11.5909296">
    <tag k="highway" v="traffic_signals"/>
    <tag k="traffic_signals:direction" v="forward"/>
  </node>
  <node id="7890947320" lat="48.4294111" lon="11.5911331">
    <tag k="highway" v="traffic_signals"/>
    <tag k="traffic_signals:direction" v="forward"/>
  </node>
  <node id="7890947321" lat="48.4293358" lon="11.5910368"/>
  <node id="7890947322" lat="48.4293419" lon="11.5911607"/>
  <node id="7904243626" lat="48.4190694" lon="11.6178078"/>
  <node id="8100294679" lat="48.4252613" lon="11.5929593"/>
  <node id="8100294680" lat="48.4253310" lon="11.5928007"/>
  <node id="8100294681" lat="48.4254143" lon="11.5924112"/>
  <node id="8100294682" lat="48.4252350" lon="11.5932207"/>
  <node id="8100294683" lat="48.4252435" lon="11.5930410"/>
  <node id="8100294684" lat="48.4240351" lon="11.5918945"/>
  <node id="8100294685" lat="48.4231127" lon="11.5919626"/>
  <node id="8100294686" lat="48.4231779" lon="11.5919483"/>
  <node id="8100294687" lat="48.4236053" lon="11.5919004"/>
  <node id="8100294688" lat="48.4234211" lon="11.5919126"/>
  <node id="8100294689" lat="48.4238314" lon="11.5918951"/>
  <node id="8100294690" lat="48.4243947" lon="11.5919330"/>
  <node id="8100294691" lat="48.4242137" lon="11.5919091"/>
  <node id="8100294692" lat="48.4245742" lon="11.5919640"/>
  <node id="8100294693" lat="48.4250856" lon="11.5922061"/>
  <node id="8100294694" lat="48.4249171" lon="11.5921072"/>
  <node id="8100294695" lat="48.4247527" lon="11.5920216"/>
  <node id="8100294696" lat="48.4245257" lon="11.5929449"/>
  <node id="8100294697" lat="48.4240533" lon="11.5929379"/>
  <node id="8100294698" lat="48.4235901" lon="11.5928756"/>
  <node id="8100294699" lat="48.4235809" lon="11.5939507"/>
  <node id="8100294700" lat="48.4242834" lon="11.5942338"/>
  <node id="8100294701" lat="48.4239867" lon="11.5941332"/>
  <node id="8100294702" lat="48.4240311" lon="11.5937931"/>
  <node id="8100294703" lat="48.4240113" lon="11.5939736"/>
  <node id="8100294707" lat="48.4235931" lon="11.5923848"/>
  <node id="8100294708" lat="48.4240307" lon="11.5923744"/>
  <node id="8100294709" lat="48.4240855" lon="11.5923764"/>
  <node id="8100294710" lat="48.4244982" lon="11.5924112"/>
  <node id="8100294711" lat="48.4246685" lon="11.5924634"/>
  <node id="8100294712" lat="48.4252787" lon="11.5928909"/>
  <node id="8100294713" lat="48.4249814" lon="11.5926444"/>
  <node id="8100294714" lat="48.4252120" lon="11.5928146"/>
  <node id="8100294715" lat="48.4248265" lon="11.5925422"/>
  <node id="8100294716" lat="48.4245849" lon="11.5924326"/>
  <node id="8100302017" lat="48.4232915" lon="11.5924433"/>
  <node id="8100302018" lat="48.4234251" lon="11.5924089"/>
  <node id="8100302019" lat="48.4231516" lon="11.5924955"/>
  <node id="8100302021" lat="48.4240368" lon="11.5914984"/>
  <node id="8100302023" lat="48.4248185" lon="11.5916202"/>
  <node id="8100302028" lat="48.4254703" lon="11.5923645"/>
  <node id="8100302029" lat="48.4255544" lon="11.5920143"/>
  <node id="8100302030" lat="48.4244881" lon="11.5929406"/>
  <node id="8100302031" lat="48.4263869" lon="11.5926287"/>
  <node id="8100302032" lat="48.4261399" lon="11.5927817"/>
  <node id="8100302033" lat="48.4257210" lon="11.5927951"/>
  <node id="8100302034" lat="48.4256936" lon="11.5929035"/>
  <node id="8100302036" lat="48.4256953" lon="11.5931806"/>
  <node id="8100302037" lat="48.4256427" lon="11.5942135"/>
  <node id="8100302039" lat="48.4257072" lon="11.5928285"/>
  <node id="8100302040" lat="48.4259376" lon="11.5927533"/>
  <node id="8100302042" lat="48.4257851" lon="11.5927452"/>
  <node id="8100302043" lat="48.4257553" lon="11.5927562"/>
  <node id="8100302044" lat="48.4258526" lon="11.5927460"/>
  <node id="8100302045" lat="48.4260645" lon="11.5927680"/>
  <node id="8100302046" lat="48.4262357" lon="11.5926676"/>
  <node id="8100302047" lat="48.4261918" lon="11.5927132"/>
  <node id="8100302048" lat="48.4263163" lon="11.5926329"/>
  <node id="8100302049" lat="48.4262868" lon="11.5926406"/>
  <node id="8100302050" lat="48.4265420" lon="11.5926297"/>
  <node id="8100302051" lat="48.4264656" lon="11.5926257"/>
  <node id="8100302052" lat="48.4260915" lon="11.5941949"/>
  <node id="8100302053" lat="48.4261501" lon="11.5928537"/>
  <node id="8100302054" lat="48.4261461" lon="11.5928124"/>
  <node id="8100302055" lat="48.4261489" lon="11.5929761"/>
  <node id="8100302056" lat="48.4256906" lon="11.5931208"/>
  <node id="8157044508" lat="48.4308156" lon="11.6096690"/>
  <node id="8157044509" lat="48.4310210" lon="11.6098336"/>
  <node id="8157069132" lat="48.4296795" lon="11.5997988"/>
  <node id="8157069133" lat="48.4293459" lon="11.5998310"/>
  <node id="8212116016" lat="48.4285831" lon="11.5920989"/>
  <node id="8212117517" lat="48.4286674" lon="11.5925305"/>
  <node id="8218700093" lat="48.4267180" lon="11.5961683"/>
  <node id="8218700094" lat="48.4266653" lon="11.5957753"/>
  <node id="8250799537" lat="48.4299960" lon="11.5802481"/>
  <node id="8250799538" lat="48.4301558" lon="11.5802692"/>
  <node id="8250799539" lat="48.4301619" lon="11.5806977"/>
  <node id="8250799540" lat="48.4301596" lon="11.5805370">
    <tag k="barrier" v="gate"/>
  </node>
  <node id="8251161581" lat="48.4352681" lon="11.5998616"/>
  <node id="8251161582" lat="48.4352818" lon="11.5999841"/>
  <node id="8251161583" lat="48.4352841" lon="11.6001614"/>
  <node id="8251161584" lat="48.4352791" lon="11.6002947"/>
  <node id="8251161585" lat="48.4352640" lon="11.6003573"/>
  <node id="8251161586" lat="48.4352321" lon="11.6004445"/>
  <node id="8251164606" lat="48.4295641" lon="11.5932346"/>
  <node id="8251164607" lat="48.4295105" lon="11.5929929"/>
  <node id="8251164608" lat="48.4294797" lon="11.5929087"/>
  <node id="8251164609" lat="48.4294513" lon="11.5928571"/>
  <node id="8251164610" lat="48.4293887" lon="11.5928647"/>
  <node id="8251164611" lat="48.4293637" lon="11.5927993"/>
  <node id="8251164612" lat="48.4293337" lon="11.5927993"/>
  <node id="8251164613" lat="48.4292602" lon="11.5928722"/>
  <node id="8251164614" lat="48.4292494" lon="11.5929590"/>
  <node id="8251164615" lat="48.4292978" lon="11.5930482"/>
  <node id="8251164616" lat="48.4294071" lon="11.5932331"/>
  <node id="8251270225" lat="48.4192621" lon="11.6191867"/>
  <node id="8251270226" lat="48.4196601" lon="11.6190040"/>
  <node id="8251292264" lat="48.4532582" lon="11.6047359"/>
  <node id="8251292265" lat="48.4532495" lon="11.6046333"/>
  <node id="8251292266" lat="48.4532316" lon="11.6045035"/>
  <node id="8251292267" lat="48.4532089" lon="11.6043885"/>
  <node id="8251292268" lat="48.4531951" lon="11.6043456"/>
  <node id="8251292269" lat="48.4531772" lon="11.6043211"/>
  <node id="8251292270" lat="48.4531488" lon="11.6043126"/>
  <node id="8251292271" lat="48.4531033" lon="11.6043150"/>
  <node id="8251292272" lat="48.4530449" lon="11.6043211"/>
  <node id="8251292273" lat="48.4530043" lon="11.6042979"/>
  <node id="8251292274" lat="48.4529555" lon="11.6042165"/>
  <node id="8297994022" lat="48.4146797" lon="11.5975118"/>
  <node id="8297994023" lat="48.4148901" lon="11.5977350"/>
  <node id="8297994024" lat="48.4150058" lon="11.5978235"/>
  <node id="8297994025" lat="48.4151625" lon="11.5978543"/>
  <node id="8297994026" lat="48.4153815" lon="11.5978570"/>
  <node id="8297994027" lat="48.4154516" lon="11.5978410"/>
  <node id="8297994028" lat="48.4154874" lon="11.5978034"/>
  <node id="8297994029" lat="48.4156173" lon="11.5977377"/>
  <node id="8297994030" lat="48.4157793" lon="11.5976867"/>
  <node id="8297994031" lat="48.4159689" lon="11.5976425"/>
  <node id="8297994032" lat="48.4161060" lon="11.5976465"/>
  <node id="8298162423" lat="48.4310603" lon="11.5851168"/>
  <node id="8298162424" lat="48.4310366" lon="11.5849440"/>
  <node id="8298162425" lat="48.4310050" lon="11.5848695"/>
  <node id="8298162426" lat="48.4309713" lon="11.5848486"/>
  <node id="8298162427" lat="48.4306332" lon="11.5847682"/>
  <node id="8298162428" lat="48.4305838" lon="11.5847205"/>
  <node id="8298162429" lat="48.4305501" lon="11.5846340"/>
  <node id="8298162430" lat="48.4305126" lon="11.5844552"/>
  <node id="8298162431" lat="48.4305066" lon="11.5842943"/>
  <node id="8298162451" lat="48.4296949" lon="11.5852211"/>
  <node id="8370267456" lat="48.4275629" lon="11.5877672"/>
  <node id="8370267457" lat="48.4275629" lon="11.5878279"/>
  <node id="8370267458" lat="48.4275553" lon="11.5878770"/>
  <node id="8370267459" lat="48.4275227" lon="11.5879393"/>
  <node id="8370267460" lat="48.4274259" lon="11.5880458"/>
  <node id="8370267461" lat="48.4272987" lon="11.5881130"/>
  <node id="8370267462" lat="48.4272248" lon="11.5881195"/>
  <node id="8370267463" lat="48.4271802" lon="11.5880966"/>
  <node id="8370267464" lat="48.4271389" lon="11.5880376"/>
  <node id="8370267465" lat="48.4271074" lon="11.5879164"/>
  <node id="8370267466" lat="48.4270758" lon="11.5877279"/>
  <node id="8370267467" lat="48.4270486" lon="11.5873674"/>
  <node id="8370267468" lat="48.4269845" lon="11.5865039"/>
  <node id="8417206249" lat="48.4305589" lon="11.6027773"/>
  <node id="8417206250" lat="48.4304980" lon="11.6028667"/>
  <node id="8417206251" lat="48.4304050" lon="11.6029826"/>
  <node id="8417206252" lat="48.4303857" lon="11.6030883"/>
  <node id="8460876208" lat="48.4279211" lon="11.5602335"/>
  <node id="8460876209" lat="48.4279319" lon="11.5603639"/>
  <node id="8460876210" lat="48.4279241" lon="11.5603935"/>
  <node id="8460876211" lat="48.4278708" lon="11.5604124"/>
  <node id="8460876212" lat="48.4278034" lon="11.5604277"/>
  <node id="8460876213" lat="48.4277806" lon="11.5604124"/>
  <node id="8460876214" lat="48.4277720" lon="11.5603628"/>
  <node id="8460876215" lat="48.4277623" lon="11.5602628"/>
  <node id="8460876216" lat="48.4277680" lon="11.5604586"/>
  <node id="8460895117" lat="48.4277098" lon="11.5604622"/>
  <node id="8460895118" lat="48.4276532" lon="11.5604744"/>
  <node id="8460895119" lat="48.4276226" lon="11.5604955"/>
  <node id="8460895120" lat="48.4276060" lon="11.5605406"/>
  <node id="8460895121" lat="48.4275946" lon="11.5606020"/>
  <node id="8460895122" lat="48.4276232" lon="11.5610079"/>
  <node id="8474485144" lat="48.4350891" lon="11.5934708"/>
  <node id="8474485145" lat="48.4347592" lon="11.5933588"/>
  <node id="8475705652" lat="48.4301111" lon="11.5768204"/>
  <node id="8475705653" lat="48.4301891" lon="11.5767985">
    <tag k="barrier" v="gate"/>
  </node>
  <node id="8475705654" lat="48.4302591" lon="11.5767589"/>
  <node id="8475705655" lat="48.4302266" lon="11.5763900"/>
  <node id="8475705656" lat="48.4301367" lon="11.5764050"/>
  <node id="8476529124" lat="48.4317956" lon="11.6081445"/>
  <node id="8476529125" lat="48.4317690" lon="11.6082886"/>
  <node id="8476529126" lat="48.4317273" lon="11.6086569"/>
  <node id="8496631269" lat="48.4567665" lon="11.5994365"/>
  <node id="8496631270" lat="48.4567419" lon="11.5993469"/>
  <node id="8496631271" lat="48.4567389" lon="11.5992622"/>
  <node id="8496631272" lat="48.4567593" lon="11.5991787"/>
  <node id="8496631273" lat="48.4568055" lon="11.5991047"/>
  <node id="8496631274" lat="48.4568554" lon="11.5990018"/>
  <node id="8496631275" lat="48.4568334" lon="11.5989353"/>
  <node id="8496631276" lat="48.4567960" lon="11.5988584"/>
  <node id="8496631277" lat="48.4568384" lon="11.5990525"/>
  <node id="8531355447" lat="48.4375112" lon="11.5817897"/>
  <node id="8531355448" lat="48.4374992" lon="11.5815280"/>
  <node id="8531355449" lat="48.4374949" lon="11.5813307"/>
  <node id="8531355450" lat="48.4373718" lon="11.5818271"/>
  <node id="8531355451" lat="48.4373016" lon="11.5816247"/>
  <node id="8531355452" lat="48.4372674" lon="11.5814558"/>
  <node id="8531355453" lat="48.4377211" lon="11.5848738"/>
  <node id="8531355454" lat="48.4376744" lon="11.5847288"/>
  <node id="8531355455" lat="48.4375999" lon="11.5843959"/>
  <node id="8531355456" lat="48.4372092" lon="11.5849425"/>
  <node id="8531355457" lat="48.4371499" lon="11.5846554"/>
  <node id="8531355458" lat="48.4371168" lon="11.5844932"/>
  <node id="8531355459" lat="48.4371678" lon="11.5843267"/>
  <node id="8531355460" lat="48.4372327" lon="11.5841790"/>
  <node id="8531355461" lat="48.4373128" lon="11.5840854"/>
  <node id="8531355462" lat="48.4375295" lon="11.5840063"/>
  <node id="8531355463" lat="48.4376566" lon="11.5839543"/>
  <node id="8531355464" lat="48.4376863" lon="11.5838909"/>
  <node id="8531355465" lat="48.4377805" lon="11.5837914"/>
  <node id="8531355466" lat="48.4376498" lon="11.5843434"/>
  <node id="8531355467" lat="48.4377312" lon="11.5842789"/>
  <node id="8531355468" lat="48.4376932" lon="11.5841166"/>
  <node id="8531439627" lat="48.4296589" lon="11.5992235"/>
  <node id="8531439628" lat="48.4299461" lon="11.5991966"/>
  <node id="8531764386" lat="48.4567015" lon="11.6249733"/>
  <node id="8531764387" lat="48.4567629" lon="11.6249333"/>
  <node id="8531764388" lat="48.4567846" lon="11.6249279"/>
  <node id="8531764389" lat="48.4568050" lon="11.6249424"/>
  <node id="8531764390" lat="48.4568243" lon="11.6249769"/>
  <node id="8531764391" lat="48.4569389" lon="11.6253151"/>
  <node id="8532164821" lat="48.4292710" lon="11.5934535"/>
  <node id="8532164822" lat="48.4291987" lon="11.5932099"/>
  <node id="8532164823" lat="48.4291426" lon="11.5930191"/>
  <node id="8532164824" lat="48.4286023" lon="11.5948391"/>
  <node id="8532164825" lat="48.4285201" lon="11.5948737"/>
  <node id="8532164826" lat="48.4284111" lon="11.5948860"/>
  <node id="8532164827" lat="48.4283402" lon="11.5948839"/>
  <node id="8548437601" lat="48.4380107" lon="11.6226338"/>
  <node id="8548437602" lat="48.4382257" lon="11.6223475"/>
  <node id="8548759289" lat="48.4265878" lon="11.5977479"/>
  <node id="8548759290" lat="48.4265938" lon="11.5978290"/>
  <node id="8548759291" lat="48.4266199" lon="11.5981804"/>
  <node id="8548759292" lat="48.4266466" lon="11.5982301"/>
  <node id="8548759293" lat="48.4266912" lon="11.5982766"/>
  <node id="8556094001" lat="48.4543367" lon="11.6034907"/>
  <node id="8556094002" lat="48.4545190" lon="11.6038442"/>
  <node id="8567022420" lat="48.4204006" lon="11.5624559"/>
  <node id="8567022421" lat="48.4205573" lon="11.5630782"/>
  <node id="8567022430" lat="48.4231517" lon="11.5670948"/>
  <node id="8567022431" lat="48.4226230" lon="11.5667957"/>
  <node id="8567022432" lat="48.4267947" lon="11.5681501"/>
  <node id="8567022433" lat="48.4262623" lon="11.5670730"/>
  <node id="8567022434" lat="48.4245459" lon="11.5675759"/>
  <node id="8567022435" lat="48.4239842" lon="11.5672829"/>
  <node id="8580488663" lat="48.4323636" lon="11.5848839"/>
  <node id="8580488664" lat="48.4324766" lon="11.5848404"/>
  <node id="8619102165" lat="48.4427429" lon="11.6227202"/>
  <node id="8619102166" lat="48.4430264" lon="11.6227958"/>
  <node id="8619102167" lat="48.4432821" lon="11.6229899"/>
  <node id="8619102168" lat="48.4434362" lon="11.6233202"/>
  <node id="8619102169" lat="48.4435353" lon="11.6239819"/>
  <node id="8619102170" lat="48.4435941" lon="11.6246968"/>
  <node id="8619102171" lat="48.4436882" lon="11.6251176"/>
  <node id="8619102172" lat="48.4438120" lon="11.6256925"/>
  <node id="8619102173" lat="48.4441228" lon="11.6264811"/>
  <node id="8619102174" lat="48.4443091" lon="11.6263784"/>
  <node id="8619102175" lat="48.4445840" lon="11.6262282"/>
  <node id="8619102176" lat="48.4452204" lon="11.6259370"/>
  <node id="8675261014" lat="48.4567468" lon="11.6002193"/>
  <node id="8675261015" lat="48.4568911" lon="11.6003696"/>
  <node id="8675261016" lat="48.4566423" lon="11.6006457">
    <tag k="barrier" v="gate"/>
  </node>
  <node id="8675366566" lat="48.4599619" lon="11.6257031"/>
  <node id="8675366567" lat="48.4599199" lon="11.6256096"/>
  <node id="8675366568" lat="48.4599188" lon="11.6255269"/>
  <node id="8675366569" lat="48.4599553" lon="11.6254345"/>
  <node id="8675366570" lat="48.4599703" lon="11.6253375"/>
  <node id="8675366571" lat="48.4599588" lon="11.6252699"/>
  <node id="8675366572" lat="48.4599426" lon="11.6251581"/>
  <node id="8675366573" lat="48.4599434" lon="11.6250734"/>
  <node id="8675366574" lat="48.4599254" lon="11.6249910"/>
  <node id="8675366575" lat="48.4598986" lon="11.6249579"/>
  <node id="8675366576" lat="48.4598603" lon="11.6249358"/>
  <node id="8675366577" lat="48.4598138" lon="11.6249382"/>
  <node id="8675366578" lat="48.4597348" lon="11.6249960"/>
  <node id="8675366579" lat="48.4595148" lon="11.6251765"/>
  <node id="8675366580" lat="48.4593780" lon="11.6252773"/>
  <node id="8675959921" lat="48.4289066" lon="11.5808113"/>
  <node id="8675959922" lat="48.4290414" lon="11.5808039"/>
  <node id="8675959923" lat="48.4290507" lon="11.5813428"/>
  <node id="8675959924" lat="48.4289188" lon="11.5813601"/>
  <node id="8675959925" lat="48.4297849" lon="11.5799772"/>
  <node id="8675959926" lat="48.4298330" lon="11.5807265"/>
  <node id="8675959927" lat="48.4302846" lon="11.5790781"/>
  <node id="8675959928" lat="48.4296570" lon="11.5791170"/>
  <node id="8675959929" lat="48.4301921" lon="11.5779745"/>
  <node id="8675959930" lat="48.4295095" lon="11.5779749"/>
  <node id="8675959931" lat="48.4294687" lon="11.5780044"/>
  <node id="8675959932" lat="48.4294459" lon="11.5780610"/>
  <node id="8675959933" lat="48.4294328" lon="11.5783366"/>
  <node id="8675959934" lat="48.4299480" lon="11.5756278"/>
  <node id="8675959935" lat="48.4298678" lon="11.5756824"/>
  <node id="8675959936" lat="48.4298351" lon="11.5757331"/>
  <node id="8675959937" lat="48.4298238" lon="11.5757937"/>
  <node id="8675959938" lat="48.4298210" lon="11.5758881"/>
  <node id="8675959939" lat="48.4298509" lon="11.5761403"/>
  <node id="8675959940" lat="48.4298687" lon="11.5761981"/>
  <node id="8675959941" lat="48.4298968" lon="11.5762333"/>
  <node id="8675959942" lat="48.4299491" lon="11.5762403"/>
  <node id="8675959943" lat="48.4300241" lon="11.5762253"/>
  <node id="8675959944" lat="48.4299079" lon="11.5756551">
    <tag k="barrier" v="gate"/>
  </node>
  <node id="8678024549" lat="48.4274495" lon="11.5614423"/>
  <node id="8678024550" lat="48.4273109" lon="11.5615196"/>
  <node id="8678024551" lat="48.4268791" lon="11.5615751"/>
  <node id="8678024552" lat="48.4274238" lon="11.5614566">
    <tag k="barrier" v="gate"/>
  </node>
  <node id="8678024553" lat="48.4274099" lon="11.5607943"/>
  <node id="8678024554" lat="48.4272766" lon="11.5608229"/>
  <node id="8678024555" lat="48.4273926" lon="11.5607980">
    <tag k="barrier" v="gate"/>
  </node>
  <node id="8678024556" lat="48.4276705" lon="11.5623117"/>
  <node id="8678024557" lat="48.4277055" lon="11.5623597"/>
  <node id="8678024558" lat="48.4279379" lon="11.5623309"/>
  <node id="8678024559" lat="48.4275861" lon="11.5620490">
    <tag k="barrier" v="gate"/>
  </node>
  <node id="8678993252" lat="48.4370246" lon="11.5823109"/>
  <node id="8678993253" lat="48.4367348" lon="11.5825101"/>
  <node id="8678993254" lat="48.4367115" lon="11.5825676"/>
  <node id="8678993255" lat="48.4366772" lon="11.5827590"/>
  <node id="8678993256" lat="48.4366562" lon="11.5827883"/>
  <node id="8678993257" lat="48.4363641" lon="11.5828717"/>
  <node id="8678993258" lat="48.4366986" lon="11.5814000"/>
  <node id="8678993259" lat="48.4370214" lon="11.5813076"/>
  <node id="8680210571" lat="48.4504908" lon="11.6066901"/>
  <node id="8680210572" lat="48.4505687" lon="11.6065140"/>
  <node id="8680210573" lat="48.4505906" lon="11.6064773"/>
  <node id="8680210574" lat="48.4506182" lon="11.6064467"/>
  <node id="8680210575" lat="48.4507076" lon="11.6063891"/>
  <node id="8680210576" lat="48.4507438" lon="11.6063670"/>
  <node id="8680210577" lat="48.4507668" lon="11.6063471"/>
  <node id="8680210578" lat="48.4507972" lon="11.6063123"/>
  <node id="8680210579" lat="48.4508348" lon="11.6062775"/>
  <node id="8680210580" lat="48.4508651" lon="11.6062606"/>
  <node id="8680210581" lat="48.4508882" lon="11.6062636"/>
  <node id="8680210582" lat="48.4509040" lon="11.6062795"/>
  <node id="8680210583" lat="48.4509271" lon="11.6063352"/>
  <node id="8680210584" lat="48.4510061" lon="11.6063596"/>
  <node id="8680210585" lat="48.4512388" lon="11.6059983"/>
  <node id="8680210586" lat="48.4512451" lon="11.6059736"/>
  <node id="8680210587" lat="48.4509411" lon="11.6063539"/>
  <node id="8682504149" lat="48.4400486" lon="11.6261837"/>
  <node id="8682504150" lat="48.4387493" lon="11.6230187"/>
  <node id="8682504151" lat="48.4387016" lon="11.6231831"/>
  <node id="8682504152" lat="48.4386223" lon="11.6235040"/>
  <node id="8682504153" lat="48.4389992" lon="11.6228286"/>
  <node id="8682504154" lat="48.4390583" lon="11.6227841"/>
  <node id="8682504155" lat="48.4390992" lon="11.6227396"/>
  <node id="8682504156" lat="48.4391375" lon="11.6227059"/>
  <node id="8682504157" lat="48.4391757" lon="11.6226980"/>
  <node id="8682504158" lat="48.4392065" lon="11.6227036"/>
  <node id="8682504159" lat="48.4392334" lon="11.6227307"/>
  <node id="8682504160" lat="48.4392567" lon="11.6227929"/>
  <node id="8682504161" lat="48.4392781" lon="11.6229157"/>
  <node id="8682504162" lat="48.4393097" lon="11.6232418"/>
  <node id="8682504163" lat="48.4393356" lon="11.6233934"/>
  <node id="8682504164" lat="48.4393843" lon="11.6235930"/>
  <node id="8682961867" lat="48.4289355" lon="11.5719491">
    <tag k="barrier" v="gate"/>
  </node>
  <node id="8682961868" lat="48.4289174" lon="11.5719600"/>
  <node id="8682961869" lat="48.4284539" lon="11.5718447"/>
  <node id="8682961870" lat="48.4297914" lon="11.5753156"/>
  <node id="8682961871" lat="48.4293408" lon="11.5748159"/>
  <node id="8682961872" lat="48.4294964" lon="11.5748475"/>
  <node id="8682961873" lat="48.4297222" lon="11.5749056"/>
  <node id="8682961874" lat="48.4298198" lon="11.5753058"/>
  <node id="8684381183" lat="48.4307706" lon="11.6034135"/>
  <node id="8684381184" lat="48.4306820" lon="11.6034711"/>
  <node id="8684381185" lat="48.4304018" lon="11.6035983"/>
  <node id="8684381186" lat="48.4302794" lon="11.6035983"/>
  <node id="8684381187" lat="48.4301632" lon="11.6036205"/>
  <node id="8684381188" lat="48.4300445" lon="11.6036278"/>
  <node id="8684381189" lat="48.4298329" lon="11.6036039"/>
  <node id="8684381190" lat="48.4300977" lon="11.6036306"/>
  <node id="8684381191" lat="48.4300657" lon="11.6036289"/>
  <node id="8684381192" lat="48.4300500" lon="11.6037039"/>
  <node id="8684381193" lat="48.4300481" lon="11.6037976"/>
  <node id="8684381194" lat="48.4300815" lon="11.6040225"/>
  <node id="8684381195" lat="48.4301130" lon="11.6042084"/>
  <node id="8684381196" lat="48.4301541" lon="11.6042680"/>
  <node id="8684381197" lat="48.4301920" lon="11.6042638"/>
  <node id="8684381198" lat="48.4303361" lon="11.6041844"/>
  <node id="8684381199" lat="48.4305209" lon="11.6041018"/>
  <node id="8684381200" lat="48.4306973" lon="11.6040266"/>
  <node id="8684381201" lat="48.4307876" lon="11.6039855"/>
  <node id="8684381202" lat="48.4308045" lon="11.6039417"/>
  <node id="8684381203" lat="48.4307932" lon="11.6038566"/>
  <node id="8684381204" lat="48.4307392" lon="11.6035087"/>
  <node id="8684381205" lat="48.4307458" lon="11.6034296"/>
  <node id="8684391419" lat="48.4333210" lon="11.5912252"/>
  <node id="8684391420" lat="48.4333310" lon="11.5911847"/>
  <node id="8684391421" lat="48.4333487" lon="11.5911353"/>
  <node id="8684391422" lat="48.4333741" lon="11.5910988"/>
  <node id="8684391423" lat="48.4334044" lon="11.5910789"/>
  <node id="8684391424" lat="48.4334460" lon="11.5910713"/>
  <node id="8684391425" lat="48.4335098" lon="11.5910692"/>
  <node id="8684391426" lat="48.4332910" lon="11.5916294"/>
  <node id="8684947595" lat="48.4380076" lon="11.5708711"/>
  <node id="8684947596" lat="48.4379101" lon="11.5708397"/>
  <node id="8684947597" lat="48.4379417" lon="11.5708499"/>
  <node id="8684947598" lat="48.4379487" lon="11.5709594"/>
  <node id="8684947599" lat="48.4379306" lon="11.5711400"/>
  <node id="8684947600" lat="48.4378990" lon="11.5712320"/>
  <node id="8684947601" lat="48.4378684" lon="11.5712508"/>
  <node id="8684947602" lat="48.4377871" lon="11.5712508"/>
  <node id="8684947603" lat="48.4376819" lon="11.5712371"/>
  <node id="8684947604" lat="48.4375949" lon="11.5712099"/>
  <node id="8684947605" lat="48.4375034" lon="11.5711264"/>
  <node id="8684947606" lat="48.4374039" lon="11.5710651"/>
  <node id="8684947607" lat="48.4373564" lon="11.5710582"/>
  <node id="8684947608" lat="48.4373270" lon="11.5710753"/>
  <node id="8684947609" lat="48.4373010" lon="11.5711485"/>
  <node id="8684947610" lat="48.4372389" lon="11.5716647"/>
  <node id="8684947611" lat="48.4372694" lon="11.5717278"/>
  <node id="8684947612" lat="48.4373564" lon="11.5717533"/>
  <node id="8684947613" lat="48.4374943" lon="11.5718096"/>
  <node id="8684947614" lat="48.4375237" lon="11.5718351"/>
  <node id="8684947615" lat="48.4375316" lon="11.5718981"/>
  <node id="8684947616" lat="48.4374992" lon="11.5723129"/>
  <node id="8684982817" lat="48.4372208" lon="11.5717471"/>
  <node id="8684982818" lat="48.4371620" lon="11.5722531"/>
  <node id="8684982819" lat="48.4371642" lon="11.5723601"/>
  <node id="8690078880" lat="48.4491893" lon="11.5729828"/>
  <node id="8690078881" lat="48.4480782" lon="11.5690841"/>
  <node id="8690078882" lat="48.4491971" lon="11.5723981"/>
  <node id="8690078883" lat="48.4487172" lon="11.5700988"/>
  <node id="8690078884" lat="48.4479721" lon="11.5688879"/>
  <node id="8690078885" lat="48.4490424" lon="11.5731426"/>
  <node id="8690078886" lat="48.4479269" lon="11.5686751"/>
  <node id="8690078887" lat="48.4478457" lon="11.5683660"/>
  <node id="8690078888" lat="48.4486351" lon="11.5700240"/>
  <node id="8690078889" lat="48.4491686" lon="11.5712061"/>
  <node id="8690078890" lat="48.4481991" lon="11.5693014"/>
  <node id="8690078892" lat="48.4492347" lon="11.5725858"/>
  <node id="8690078893" lat="48.4477453" lon="11.5679609"/>
  <node id="8690078894" lat="48.4491923" lon="11.5709591"/>
  <node id="8690078895" lat="48.4491570" lon="11.5714879"/>
  <node id="8690078896" lat="48.4491870" lon="11.5722131"/>
  <node id="8690078897" lat="48.4492813" lon="11.5727562"/>
  <node id="8690078898" lat="48.4491214" lon="11.5707117"/>
  <node id="8690078899" lat="48.4489626" lon="11.5703651"/>
  <node id="8690078900" lat="48.4483537" lon="11.5695476"/>
  <node id="8690078901" lat="48.4490118" lon="11.5704940"/>
  <node id="8690078902" lat="48.4486047" lon="11.5698332"/>
  <node id="8690078903" lat="48.4491817" lon="11.5718233"/>
  <node id="8690078904" lat="48.4488547" lon="11.5702641"/>
  <node id="8690301687" lat="48.4485710" lon="11.5677752">
    <tag k="fixme" v="continue"/>
  </node>
  <node id="8690301688" lat="48.4495363" lon="11.5727212">
    <tag k="fixme" v="continue"/>
  </node>
  <node id="8690301689" lat="48.4483936" lon="11.5675920"/>
  <node id="8690800397" lat="48.4297880" lon="11.5748834"/>
  <node id="8690800398" lat="48.4297551" lon="11.5748945">
    <tag k="barrier" v="gate"/>
  </node>
  <node id="8692259818" lat="48.4278206" lon="11.5986764"/>
  <node id="8692259819" lat="48.4278386" lon="11.5990222"/>
  <node id="8692259820" lat="48.4278505" lon="11.5990873"/>
  <node id="8692259821" lat="48.4278597" lon="11.5992299"/>
  <node id="8692259822" lat="48.4278423" lon="11.5990424"/>
  <node id="8692259823" lat="48.4279543" lon="11.5990346"/>
  <node id="8692870843" lat="48.4300368" lon="11.6122654"/>
  <node id="8692870844" lat="48.4298125" lon="11.6127025"/>
  <node id="8692892730" lat="48.4300595" lon="11.5917275"/>
  <node id="8692892731" lat="48.4301048" lon="11.5920457"/>
  <node id="8692892732" lat="48.4300506" lon="11.5921074"/>
  <node id="8692892733" lat="48.4299379" lon="11.5921724"/>
  <node id="8693410150" lat="48.4422555" lon="11.5903249"/>
  <node id="8693410151" lat="48.4422155" lon="11.5903554"/>
  <node id="8693410152" lat="48.4421775" lon="11.5903921"/>
  <node id="8693410153" lat="48.4421407" lon="11.5904391"/>
  <node id="8693410154" lat="48.4420722" lon="11.5905349"/>
  <node id="8693410155" lat="48.4420155" lon="11.5906110"/>
  <node id="8693410156" lat="48.4419382" lon="11.5907134"/>
  <node id="8693410157" lat="48.4418970" lon="11.5907632"/>
  <node id="8693410158" lat="48.4418210" lon="11.5908177"/>
  <node id="8693410159" lat="48.4417989" lon="11.5908295"/>
  <node id="8693573574" lat="48.4343527" lon="11.6002168"/>
  <node id="8693573575" lat="48.4343869" lon="11.6003697"/>
  <node id="8693573576" lat="48.4344573" lon="11.6007357"/>
  <node id="8693770178" lat="48.4398108" lon="11.5823397"/>
  <node id="8693770179" lat="48.4398627" lon="11.5823684"/>
  <node id="8693770180" lat="48.4399043" lon="11.5823644"/>
  <node id="8693770181" lat="48.4399294" lon="11.5823605"/>
  <node id="8693770182" lat="48.4399475" lon="11.5823697"/>
  <node id="8693770183" lat="48.4399692" lon="11.5824036"/>
  <node id="8693770184" lat="48.4400747" lon="11.5825627"/>
  <node id="8693770185" lat="48.4401033" lon="11.5825822"/>
  <node id="8693770186" lat="48.4401526" lon="11.5825849"/>
  <node id="8693770187" lat="48.4401872" lon="11.5825588"/>
  <node id="8693770188" lat="48.4402054" lon="11.5825314"/>
  <node id="8697787118" lat="48.4264329" lon="11.5893077">
    <tag k="distance" v="500.0"/>
    <tag k="highway" v="milestone"/>
  </node>
  <node id="8697787119" lat="48.4262665" lon="11.5895947">
    <tag k="distance" v="500.0"/>
    <tag k="highway" v="milestone"/>
  </node>
  <node id="8697787120" lat="48.4176414" lon="11.5896984">
    <tag k="distance" v="501.0"/>
    <tag k="highway" v="milestone"/>
  </node>
  <node id="8704552057" lat="48.4273858" lon="11.5849792"/>
  <node id="8704552058" lat="48.4274737" lon="11.5858627"/>
  <node id="8704552059" lat="48.4274506" lon="11.5856300"/>
  <node id="8704552060" lat="48.4272720" lon="11.5856467"/>
  <node id="8704552061" lat="48.4272606" lon="11.5856684"/>
  <node id="8704552062" lat="48.4272719" lon="11.5858598"/>
  <node id="8714379568" lat="48.4565856" lon="11.5794910"/>
  <node id="8714379569" lat="48.4567510" lon="11.5788616"/>
  <node id="8714379570" lat="48.4561896" lon="11.5769240"/>
  <node id="8714379571" lat="48.4562020" lon="11.5765821"/>
  <node id="8714379572" lat="48.4561495" lon="11.5753637"/>
  <node id="8714379573" lat="48.4560266" lon="11.5744687"/>
  <node id="8714379574" lat="48.4560215" lon="11.5742403"/>
  <node id="8714379575" lat="48.4559576" lon="11.5741042"/>
  <node id="8714379576" lat="48.4556755" lon="11.5740645"/>
  <node id="8714379577" lat="48.4553326" lon="11.5741627"/>
  <node id="8714379578" lat="48.4559303" lon="11.5741003"/>
  <node id="8715734872" lat="48.4147861" lon="11.5555008"/>
  <node id="8715734873" lat="48.4148905" lon="11.5557417"/>
  <node id="8715734874" lat="48.4144385" lon="11.5560351"/>
  <node id="8715734875" lat="48.4142438" lon="11.5567370"/>
  <node id="8715734876" lat="48.4143689" lon="11.5574913"/>
  <node id="8715734877" lat="48.4147027" lon="11.5583819"/>
  <node id="8715734878" lat="48.4155928" lon="11.5577637"/>
  <node id="8750314119" lat="48.4287574" lon="11.5603490"/>
  <node id="8750314120" lat="48.4284368" lon="11.5603677"/>
  <node id="8750314188" lat="48.4291294" lon="11.5604147"/>
  <node id="8750314189" lat="48.4288390" lon="11.5600459"/>
  <node id="8750314190" lat="48.4288666" lon="11.5600473"/>
  <node id="8750314191" lat="48.4291258" lon="11.5600526"/>
  <node id="8750314192" lat="48.4291320" lon="11.5596919"/>
  <node id="8750314193" lat="48.4288641" lon="11.5596838"/>
  <node id="8750314194" lat="48.4288363" lon="11.5596838"/>
  <node id="8750314211" lat="48.4267506" lon="11.5618537"/>
  <node id="8750314212" lat="48.4267435" lon="11.5619919"/>
  <node id="8750314213" lat="48.4267560" lon="11.5622735"/>
  <node id="8750314214" lat="48.4267889" lon="11.5624398"/>
  <node id="8750314215" lat="48.4268423" lon="11.5624706"/>
  <node id="8750314216" lat="48.4269153" lon="11.5624492"/>
  <node id="8750315817" lat="48.4270247" lon="11.5623432"/>
  <node id="8750315818" lat="48.4271600" lon="11.5623258"/>
  <node id="8750315819" lat="48.4272463" lon="11.5623111"/>
  <node id="8750315820" lat="48.4273905" lon="11.5621877"/>
  <node id="8750315821" lat="48.4269616" lon="11.5617639"/>
  <node id="8750315822" lat="48.4274657" lon="11.5617073"/>
  <node id="8750315831" lat="48.4274638" lon="11.5603181"/>
  <node id="8750315832" lat="48.4269865" lon="11.5597455"/>
  <node id="8750315833" lat="48.4269891" lon="11.5599896"/>
  <node id="8750315834" lat="48.4270114" lon="11.5600446"/>
  <node id="8750315835" lat="48.4274483" lon="11.5599708"/>
  <node id="8750315836" lat="48.4278666" lon="11.5599118"/>
  <node id="8750315837" lat="48.4279058" lon="11.5598260"/>
  <node id="8750315838" lat="48.4280162" lon="11.5598192"/>
  <node id="8750315839" lat="48.4286043" lon="11.5602283"/>
  <node id="8750315840" lat="48.4284289" lon="11.5602458"/>
  <node id="8750315841" lat="48.4283119" lon="11.5602668"/>
  <node id="8750315842" lat="48.4281211" lon="11.5602981"/>
  <node id="8750315843" lat="48.4279287" lon="11.5603251"/>
  <node id="8750315844" lat="48.4277706" lon="11.5603484"/>
  <node id="8750315845" lat="48.4275373" lon="11.5603839"/>
  <node id="8750315846" lat="48.4274893" lon="11.5604067"/>
  <node id="8750315847" lat="48.4274635" lon="11.5603946"/>
  <node id="8750315848" lat="48.4273864" lon="11.5604086"/>
  <node id="8750315849" lat="48.4271164" lon="11.5604469"/>
  <node id="8750315850" lat="48.4268637" lon="11.5604965"/>
  <node id="8750315851" lat="48.4267969" lon="11.5605475"/>
  <node id="8750315852" lat="48.4267720" lon="11.5606239"/>
  <node id="8750315853" lat="48.4267533" lon="11.5607500"/>
  <node id="8750315854" lat="48.4281692" lon="11.5604362"/>
  <node id="8750315855" lat="48.4283231" lon="11.5604067"/>
  <node id="8750315856" lat="48.4283044" lon="11.5601724"/>
  <node id="8750675011" lat="48.4375293" lon="11.6054010"/>
  <node id="8750675012" lat="48.4374918" lon="11.6053578"/>
  <node id="8750675013" lat="48.4374278" lon="11.6053364"/>
  <node id="8750675014" lat="48.4373690" lon="11.6053471"/>
  <node id="8750675015" lat="48.4372925" lon="11.6053846"/>
  <node id="8750675016" lat="48.4372445" lon="11.6053712"/>
  <node id="8750689717" lat="48.4370719" lon="11.6048482"/>
  <node id="8750689718" lat="48.4370469" lon="11.6047329"/>
  <node id="8750689719" lat="48.4370612" lon="11.6046390"/>
  <node id="8750689720" lat="48.4370950" lon="11.6045773"/>
  <node id="8750689721" lat="48.4371679" lon="11.6045317"/>
  <node id="8750689722" lat="48.4372373" lon="11.6045344"/>
  <node id="8750689723" lat="48.4372818" lon="11.6045773"/>
  <node id="8750689724" lat="48.4374260" lon="11.6050413"/>
  <node id="8750689725" lat="48.4375470" lon="11.6054624"/>
  <node id="8750689726" lat="48.4376075" lon="11.6054866"/>
  <node id="8750689727" lat="48.4376698" lon="11.6054678"/>
  <node id="8750689728" lat="48.4378299" lon="11.6053632"/>
  <node id="8750689729" lat="48.4379509" lon="11.6053095"/>
  <node id="8750689730" lat="48.4380470" lon="11.6052747"/>
  <node id="8750689731" lat="48.4377107" lon="11.6062295"/>
  <node id="8750689875" lat="48.4275720" lon="11.5855041"/>
  <node id="8750689876" lat="48.4275667" lon="11.5851152"/>
  <node id="8750689877" lat="48.4278874" lon="11.5850860"/>
  <node id="8796492199" lat="48.4266222" lon="11.5609564"/>
  <node id="8796492200" lat="48.4267319" lon="11.5680683"/>
  <node id="8796492201" lat="48.4264372" lon="11.5636425"/>
  <node id="8796492202" lat="48.4265798" lon="11.5635851"/>
  <node id="8796492203" lat="48.4277082" lon="11.5630406"/>
  <node id="8810680161" lat="48.4288603" lon="11.6024461"/>
  <node id="8810680162" lat="48.4283505" lon="11.6025018"/>
  <node id="8812520341" lat="48.4281573" lon="11.6025145"/>
  <node id="8812520342" lat="48.4281307" lon="11.6026279"/>
  <node id="8823333996" lat="48.4293954" lon="11.5719403"/>
  <node id="8823333997" lat="48.4293651" lon="11.5721012"/>
  <node id="8823333998" lat="48.4293524" lon="11.5722234"/>
  <node id="8823333999" lat="48.4293550" lon="11.5723665"/>
  <node id="8823334000" lat="48.4293676" lon="11.5724467"/>
  <node id="8823334001" lat="48.4294018" lon="11.5724963"/>
  <node id="8823334002" lat="48.4294563" lon="11.5725269"/>
  <node id="8823334003" lat="48.4295196" lon="11.5725422"/>
  <node id="8823334004" lat="48.4283661" lon="11.5718045"/>
  <node id="8823334005" lat="48.4282951" lon="11.5717660"/>
  <node id="8823334006" lat="48.4282213" lon="11.5717253"/>
  <node id="8823334007" lat="48.4281291" lon="11.5716719"/>
  <node id="8823334008" lat="48.4280837" lon="11.5716462"/>
  <node id="8823334009" lat="48.4280596" lon="11.5715585"/>
  <node id="8823334010" lat="48.4280695" lon="11.5714281"/>
  <node id="8823334011" lat="48.4289757" lon="11.5707973"/>
  <node id="8823334012" lat="48.4293597" lon="11.5708866"/>
  <node id="8827956187" lat="48.4511491" lon="11.6068267">
    <tag k="bus" v="yes"/>
    <tag k="name" v="Aiterbach, Abzweig"/>
    <tag k="network" v="Münchner Verkehrs- und Tarifverbund"/>
    <tag k="public_transport" v="stop_position"/>
  </node>
  <node id="8827956188" lat="48.4550629" lon="11.6031568">
    <tag k="bus" v="yes"/>
    <tag k="name" v="Aiterbach"/>
    <tag k="network" v="Münchner Verkehrs- und Tarifverbund"/>
    <tag k="public_transport" v="stop_position"/>
  </node>
  <node id="8828071391" lat="48.4227709" lon="11.5868491">
    <tag k="bus" v="yes"/>
    <tag k="name" v="Eggenberg"/>
    <tag k="network" v="Münchner Verkehrs- und Tarifverbund"/>
    <tag k="public_transport" v="stop_position"/>
  </node>
  <node id="8828071392" lat="48.4229401" lon="11.5868395">
    <tag k="bus" v="yes"/>
    <tag k="name" v="Eggenberg"/>
    <tag k="network" v="Münchner Verkehrs- und Tarifverbund"/>
    <tag k="public_transport" v="stop_position"/>
  </node>
  <node id="8828071393" lat="48.4275243" lon="11.5858643">
    <tag k="bus" v="yes"/>
    <tag k="name" v="Oberallershausen, Schroßlach"/>
    <tag k="network" v="Münchner Verkehrs- und Tarifverbund"/>
    <tag k="public_transport" v="stop_position"/>
  </node>
  <node id="8828071394" lat="48.4278089" lon="11.5858678">
    <tag k="bus" v="yes"/>
    <tag k="name" v="Oberallershausen, Schroßlach"/>
    <tag k="network" v="Münchner Verkehrs- und Tarifverbund"/>
    <tag k="public_transport" v="stop_position"/>
  </node>
  <node id="8828071395" lat="48.4305116" lon="11.5976684">
    <tag k="bus" v="yes"/>
    <tag k="name" v="Allershausen, Glonnterassen"/>
    <tag k="network" v="Münchner Verkehrs- und Tarifverbund"/>
    <tag k="public_transport" v="stop_position"/>
  </node>
  <node id="8828071396" lat="48.4506388" lon="11.6071678">
    <tag k="bus" v="yes"/>
    <tag k="name" v="Aiterbach, Abzweig"/>
    <tag k="network" v="Münchner Verkehrs- und Tarifverbund"/>
    <tag k="public_transport" v="stop_position"/>
  </node>
  <node id="8868882003" lat="48.4166772" lon="11.5565946"/>
  <node id="8868882004" lat="48.4169741" lon="11.5569702"/>
  <node id="8868882005" lat="48.4175516" lon="11.5576390"/>
  <node id="8868882006" lat="48.4178231" lon="11.5580935"/>
  <node id="8922179598" lat="48.4162958" lon="11.5966088"/>
  <node id="8922179599" lat="48.4162118" lon="11.5965973"/>
  <node id="8922179600" lat="48.4161715" lon="11.5965506"/>
  <node id="8922179601" lat="48.4161132" lon="11.5964126"/>
  <node id="8922179602" lat="48.4160436" lon="11.5961165"/>
  <node id="8922179603" lat="48.4160058" lon="11.5960331"/>
  <node id="8922179604" lat="48.4159192" lon="11.5959777"/>
  <node id="8922179605" lat="48.4154821" lon="11.5959349"/>
  <node id="8954127653" lat="48.4367749" lon="11.5621433"/>
  <node id="8954127654" lat="48.4368880" lon="11.5625163"/>
  <node id="8954127655" lat="48.4370129" lon="11.5627424"/>
  <node id="8977449121" lat="48.4314169" lon="11.6086283">
    <tag k="bus" v="yes"/>
    <tag k="name" v="Göttschlag"/>
    <tag k="network" v="Münchner Verkehrs- und Tarifverbund"/>
    <tag k="public_transport" v="stop_position"/>
  </node>
  <node id="8977449130" lat="48.4285233" lon="11.5852312">
    <tag k="bus" v="yes"/>
    <tag k="name" v="Oberallershausen, Staatsstraße"/>
    <tag k="network" v="Münchner Verkehrs- und Tarifverbund"/>
    <tag k="public_transport" v="stop_position"/>
  </node>
  <node id="8977889187" lat="48.4377339" lon="11.5827228">
    <tag k="bus" v="yes"/>
    <tag k="name" v="Unterkienberg"/>
    <tag k="network" v="Münchner Verkehrs- und Tarifverbund"/>
    <tag k="public_transport" v="stop_position"/>
  </node>
  <node id="8977889188" lat="48.4299667" lon="11.5807110">
    <tag k="bus" v="yes"/>
    <tag k="name" v="Oberallershausen, Mühlenstraße"/>
    <tag k="network" v="Münchner Verkehrs- und Tarifverbund"/>
    <tag k="public_transport" v="stop_position"/>
  </node>
  <node id="8977889189" lat="48.4336040" lon="11.5793586">
    <tag k="bus" v="yes"/>
    <tag k="name" v="Reckmühle"/>
    <tag k="network" v="Münchner Verkehrs- und Tarifverbund"/>
    <tag k="public_transport" v="stop_position"/>
  </node>
  <node id="8979492589" lat="48.4574096" lon="11.5589999"/>
  <node id="8979492590" lat="48.4573526" lon="11.5590595"/>
  <node id="8979492591" lat="48.4571424" lon="11.5594868"/>
  <node id="8979492592" lat="48.4570461" lon="11.5597043"/>
  <node id="8979492593" lat="48.4569752" lon="11.5598254"/>
  <node id="8979492594" lat="48.4567835" lon="11.5600687"/>
  <node id="8979492595" lat="48.4566901" lon="11.5601548"/>
  <node id="8979492596" lat="48.4562896" lon="11.5604546"/>
  <node id="8981683626" lat="48.4417188" lon="11.5906306"/>
  <node id="8981683627" lat="48.4416868" lon="11.5906306"/>
  <node id="8981683628" lat="48.4416504" lon="11.5906038"/>
  <node id="8981683629" lat="48.4415838" lon="11.5904754"/>
  <node id="8981683630" lat="48.4415441" lon="11.5904246"/>
  <node id="8981683631" lat="48.4414792" lon="11.5903576"/>
  <node id="8981683632" lat="48.4414569" lon="11.5903604"/>
  <node id="8981683633" lat="48.4414342" lon="11.5903830"/>
  <node id="8981683634" lat="48.4413961" lon="11.5904368"/>
  <node id="8981683635" lat="48.4413372" lon="11.5905823"/>
  <node id="8981683636" lat="48.4412986" lon="11.5906498"/>
  <node id="8981683637" lat="48.4412286" lon="11.5907289"/>
  <node id="8981683638" lat="48.4417317" lon="11.5906345"/>
  <node id="8981683639" lat="48.4416686" lon="11.5906237"/>
  <node id="9128631940" lat="48.4331718" lon="11.5971327"/>
  <node id="9132718258" lat="48.4342239" lon="11.5987171"/>
  <node id="9132793237" lat="48.4329882" lon="11.6002445"/>
  <node id="9198117458" lat="48.4350167" lon="11.6251343">
    <tag k="bus" v="yes"/>
    <tag k="name" v="Tünzhausen"/>
    <tag k="network" v="Münchener Verkehrs- und Tarifverbund"/>
    <tag k="public_transport" v="stop_position"/>
  </node>
  <node id="9198117459" lat="48.4352003" lon="11.6249384">
    <tag k="bus" v="yes"/>
    <tag k="name" v="Tünzhausen"/>
    <tag k="network" v="Münchener Verkehrs- und Tarifverbund"/>
    <tag k="public_transport" v="stop_position"/>
  </node>
  <node id="9198117460" lat="48.4331950" lon="11.6185899">
    <tag k="bus" v="yes"/>
    <tag k="name" v="Kreuth"/>
    <tag k="network" v="Münchener Verkehrs- und Tarifverbund"/>
    <tag k="public_transport" v="stop_position"/>
  </node>
  <node id="9198117461" lat="48.4330157" lon="11.6182653">
    <tag k="bus" v="yes"/>
    <tag k="name" v="Kreuth"/>
    <tag k="network" v="Münchener Verkehrs- und Tarifverbund"/>
    <tag k="public_transport" v="stop_position"/>
  </node>
  <node id="9199349295" lat="48.4298021" lon="11.5807311">
    <tag k="bus" v="yes"/>
    <tag k="name" v="Oberallershausen, Mühlenstraße"/>
    <tag k="network" v="Münchner Verkehrs- und Tarifverbund"/>
    <tag k="public_transport" v="stop_position"/>
  </node>
  <node id="9384447979" lat="48.4353684" lon="11.6238510"/>
  <node id="9384457017" lat="48.4399664" lon="11.6250115"/>
  <node id="9384457036" lat="48.4393771" lon="11.6245927"/>
  <node id="9384457037" lat="48.4394148" lon="11.6247074"/>
  <node id="9384457038" lat="48.4393771" lon="11.6246400"/>
  <node id="9384457039" lat="48.4396138" lon="11.6241875"/>
  <node id="9384457089" lat="48.4342633" lon="11.6261412"/>
  <node id="9384457093" lat="48.4342559" lon="11.6262813"/>
  <node id="9384457097" lat="48.4352452" lon="11.6243583"/>
  <node id="9384457098" lat="48.4352894" lon="11.6243750"/>
  <node id="9384457099" lat="48.4353221" lon="11.6243391"/>
  <node id="9384457100" lat="48.4351153" lon="11.6245383"/>
  <node id="9384457101" lat="48.4351896" lon="11.6243955"/>
  <node id="9384457102" lat="48.4352096" lon="11.6243103"/>
  <node id="9384457103" lat="48.4352078" lon="11.6242111"/>
  <node id="9384457104" lat="48.4350512" lon="11.6246402"/>
  <node id="9384457105" lat="48.4351090" lon="11.6243264"/>
  <node id="9384457106" lat="48.4354320" lon="11.6247743"/>
  <node id="9384457107" lat="48.4345378" lon="11.6245651"/>
  <node id="9384457108" lat="48.4350468" lon="11.6247623"/>
  <node id="9384457116" lat="48.4362816" lon="11.6243448">
    <tag k="barrier" v="gate"/>
  </node>
  <node id="9384457117" lat="48.4364103" lon="11.6241353"/>
  <node id="9384457118" lat="48.4363881" lon="11.6242044"/>
  <node id="9384457119" lat="48.4363583" lon="11.6242627"/>
  <node id="9384457120" lat="48.4363209" lon="11.6243076"/>
  <node id="9384457121" lat="48.4362911" lon="11.6242976"/>
  <node id="9384457122" lat="48.4362907" lon="11.6242366"/>
  <node id="9384457123" lat="48.4363138" lon="11.6241045"/>
  <node id="9384457124" lat="48.4363307" lon="11.6240032"/>
  <node id="9384457125" lat="48.4363569" lon="11.6239040"/>
  <node id="9384457126" lat="48.4363934" lon="11.6238570"/>
  <node id="9384457127" lat="48.4364139" lon="11.6238476"/>
  <node id="9384457128" lat="48.4364650" lon="11.6238268"/>
  <node id="9384457129" lat="48.4364673" lon="11.6238785"/>
  <node id="9384457130" lat="48.4364664" lon="11.6239207"/>
  <node id="9384457131" lat="48.4364384" lon="11.6240662"/>
  <node id="9384457138" lat="48.4362524" lon="11.6244619"/>
  <node id="9384457139" lat="48.4362301" lon="11.6245276"/>
  <node id="9384457140" lat="48.4358048" lon="11.6249245"/>
  <node id="9384457141" lat="48.4364739" lon="11.6250184"/>
  <node id="9384457142" lat="48.4383798" lon="11.6231543"/>
  <node id="9384457143" lat="48.4367400" lon="11.6233568"/>
  <node id="9384457144" lat="48.4369055" lon="11.6235942"/>
  <node id="9384457145" lat="48.4366119" lon="11.6231436"/>
  <node id="9384457146" lat="48.4366110" lon="11.6232495"/>
  <node id="9384457147" lat="48.4366600" lon="11.6232000"/>
  <node id="9384457148" lat="48.4364719" lon="11.6237904">
    <tag k="barrier" v="gate"/>
  </node>
  <node id="9384457149" lat="48.4366394" lon="11.6231503"/>
  <node id="9449861661" lat="48.4342149" lon="11.6019818"/>
  <node id="9449861663" lat="48.4344612" lon="11.6019950"/>
  <node id="9613385535" lat="48.4227271" lon="11.6034910"/>
  <node id="9613385536" lat="48.4230386" lon="11.6039282"/>
  <node id="9613385537" lat="48.4230208" lon="11.6040569"/>
  <node id="9613385538" lat="48.4226114" lon="11.6053015"/>
  <node id="9613385539" lat="48.4223302" lon="11.6059613"/>
  <node id="9613385540" lat="48.4218638" lon="11.6066587"/>
  <node id="9613385541" lat="48.4191670" lon="11.6029210"/>
  <node id="9613385542" lat="48.4186917" lon="11.6041160"/>
  <node id="9613385543" lat="48.4182218" lon="11.6051003"/>
  <node id="9613385544" lat="48.4181844" lon="11.6053310"/>
  <node id="9613385545" lat="48.4183258" lon="11.6060459">
    <tag k="barrier" v="swing_gate"/>
  </node>
  <node id="9613385556" lat="48.4124629" lon="11.6107331"/>
  <node id="9985473011" lat="48.4301991" lon="11.5937640"/>
  <node id="9985473012" lat="48.4302365" lon="11.5939577"/>
  <node id="9985473013" lat="48.4300868" lon="11.5943326"/>
  <node id="9985473014" lat="48.4300557" lon="11.5941783"/>
  <node id="9985476211" lat="48.4281395" lon="11.5853024"/>
  <node id="9985476212" lat="48.4281253" lon="11.5854368"/>
  <node id="9985476213" lat="48.4281172" lon="11.5852326"/>
  <node id="9985476214" lat="48.4282789" lon="11.5852710"/>
  <node id="9985476215" lat="48.4282664" lon="11.5854701"/>
  <node id="9985476216" lat="48.4283128" lon="11.5853434"/>
  <node id="10064235518" lat="48.4404708" lon="11.6116110"/>
  <node id="10774793603" lat="48.4233001" lon="11.5919259"/>
  <node id="10774873881" lat="48.4261040" lon="11.5955933"/>
  <node id="10774873882" lat="48.4257965" lon="11.5955531"/>
  <node id="10774873883" lat="48.4256314" lon="11.5956767"/>
  <node id="10774873884" lat="48.4256755" lon="11.5956566"/>
  <node id="10774873885" lat="48.4257124" lon="11.5956195"/>
  <node id="10774873898" lat="48.4263081" lon="11.5968215"/>
  <node id="10780518800" lat="48.4367373" lon="11.5884758"/>
  <node id="10780518801" lat="48.4368972" lon="11.5888837"/>
  <node id="10780518802" lat="48.4366753" lon="11.5880804"/>
  <node id="10992741623" lat="48.4549495" lon="11.6031778"/>
  <node id="10995577320" lat="48.4410890" lon="11.6228600"/>
  <node id="10995577321" lat="48.4410271" lon="11.6228388"/>
  <node id="11042852210" lat="48.4507552" lon="11.5574458"/>
  <node id="11042852211" lat="48.4507103" lon="11.5565128"/>
  <node id="11042852212" lat="48.4507305" lon="11.5564335"/>
  <node id="11042852214" lat="48.4517569" lon="11.5576531"/>
  <node id="11042852215" lat="48.4515641" lon="11.5576064"/>
  <node id="11042852216" lat="48.4512459" lon="11.5575585"/>
  <node id="11042852217" lat="48.4511367" lon="11.5575375"/>
  <node id="11042852218" lat="48.4509671" lon="11.5574943"/>
  <node id="11042852219" lat="48.4504220" lon="11.5573962"/>
  <node id="11042852220" lat="48.4501124" lon="11.5574827"/>
  <node id="11042852221" lat="48.4498020" lon="11.5571367"/>
  <node id="11042852222" lat="48.4498276" lon="11.5574911"/>
  <node id="11042852223" lat="48.4511459" lon="11.5606298"/>
  <node id="11042852224" lat="48.4513879" lon="11.5611643"/>
  <node id="11042852225" lat="48.4513718" lon="11.5601091"/>
  <node id="11042852226" lat="48.4514361" lon="11.5599473"/>
  <node id="11042852227" lat="48.4514801" lon="11.5598272"/>
  <node id="11042852228" lat="48.4515179" lon="11.5596300"/>
  <node id="11042852229" lat="48.4510042" lon="11.5603021"/>
  <node id="11042852230" lat="48.4506190" lon="11.5621935"/>
  <node id="11042852231" lat="48.4508688" lon="11.5618987"/>
  <node id="11042852232" lat="48.4507331" lon="11.5620176"/>
  <node id="11042852233" lat="48.4499506" lon="11.5634936"/>
  <node id="11128428764" lat="48.4205704" lon="11.5682805">
    <tag k="barrier" v="gate"/>
  </node>
  <node id="11128428765" lat="48.4203145" lon="11.5683354">
    <tag k="barrier" v="gate"/>
  </node>
  <node id="11160350764" lat="48.4341496" lon="11.6096868"/>
  <node id="11160351416" lat="48.4338679" lon="11.6085245"/>
  <node id="11160351417" lat="48.4340340" lon="11.6086367"/>
  <node id="11160351418" lat="48.4343467" lon="11.6087770"/>
  <node id="11252506915" lat="48.4395404" lon="11.5825158"/>
  <node id="11252506916" lat="48.4395874" lon="11.5824735"/>
  <node id="11252506917" lat="48.4396442" lon="11.5823315"/>
  <node id="11252506918" lat="48.4396291" lon="11.5821231"/>
  <node id="11252506919" lat="48.4396391" lon="11.5821850"/>
  <node id="11252506920" lat="48.4391602" lon="11.5826359"/>
  <node id="11252506921" lat="48.4388300" lon="11.5822216"/>
  <node id="11252506922" lat="48.4389699" lon="11.5824777"/>
  <node id="11252506923" lat="48.4387214" lon="11.5821584"/>
  <node id="11252506924" lat="48.4386792" lon="11.5818430"/>
  <node id="11252506925" lat="48.4387858" lon="11.5820939"/>
  <node id="11252506926" lat="48.4393417" lon="11.5826225"/>
  <node id="11252506927" lat="48.4392778" lon="11.5822707"/>
  <node id="11252506928" lat="48.4398300" lon="11.5835323"/>
  <node id="11252506929" lat="48.4399306" lon="11.5843950"/>
  <node id="11252506930" lat="48.4399250" lon="11.5849161"/>
  <node id="11252506931" lat="48.4397167" lon="11.5856458"/>
  <node id="11252513713" lat="48.4406524" lon="11.5891013"/>
  <node id="11252513714" lat="48.4407786" lon="11.5893590"/>
  <node id="11252513715" lat="48.4407591" lon="11.5880172"/>
  <node id="11252513716" lat="48.4407359" lon="11.5878670"/>
  <node id="11252513717" lat="48.4405872" lon="11.5881902"/>
  <node id="11252513718" lat="48.4405184" lon="11.5882236"/>
  <node id="11252513719" lat="48.4407656" lon="11.5879353"/>
  <node id="11252513720" lat="48.4407034" lon="11.5880825"/>
  <node id="11252513721" lat="48.4405498" lon="11.5882175"/>
  <node id="11252515448" lat="48.4401612" lon="11.5884287"/>
  <node id="11252515449" lat="48.4399779" lon="11.5880322"/>
  <node id="11252515450" lat="48.4400645" lon="11.5882483"/>
  <node id="11252515451" lat="48.4403384" lon="11.5887530"/>
  <node id="11252515452" lat="48.4402530" lon="11.5886018"/>
  <node id="11252515453" lat="48.4407885" lon="11.5886029"/>
  <node id="11252515454" lat="48.4406764" lon="11.5885384"/>
  <node id="11256123709" lat="48.4200712" lon="11.6262547"/>
  <node id="11256123710" lat="48.4204182" lon="11.6261897"/>
  <node id="11257723412" lat="48.4333803" lon="11.6015712"/>
  <node id="11257723416" lat="48.4329383" lon="11.6019755"/>
  <node id="11257723417" lat="48.4329991" lon="11.6025063"/>
  <node id="11257723419" lat="48.4332877" lon="11.6016499"/>
  <node id="11257723420" lat="48.4328592" lon="11.6009464"/>
  <node id="11257723422" lat="48.4344602" lon="11.6021331"/>
  <node id="11257723425" lat="48.4343103" lon="11.6023870"/>
  <node id="11257723426" lat="48.4343008" lon="11.6025261"/>
  <node id="11257723427" lat="48.4342955" lon="11.6020995"/>
  <node id="11257758624" lat="48.4334999" lon="11.6015939"/>
  <node id="11257758625" lat="48.4332163" lon="11.6011015">
    <tag k="highway" v="turning_circle"/>
  </node>
  <node id="11257758626" lat="48.4334439" lon="11.6003930"/>
  <node id="11257758627" lat="48.4333990" lon="11.5999325"/>
  <node id="11257758628" lat="48.4334579" lon="11.6001921"/>
  <node id="11257758629" lat="48.4333268" lon="11.6009716"/>
  <node id="11257758630" lat="48.4330431" lon="11.5995212"/>
  <node id="11257758631" lat="48.4329640" lon="11.5992078"/>
  <node id="11257758632" lat="48.4329970" lon="11.5993807"/>
  <node id="11257758633" lat="48.4332114" lon="11.5991209"/>
  <node id="11257758634" lat="48.4327505" lon="11.5990422"/>
  <node id="11257758635" lat="48.4329781" lon="11.5993015"/>
  <node id="11257758636" lat="48.4330219" lon="11.6000380"/>
  <node id="11257762437" lat="48.4330295" lon="11.5996309"/>
  <node id="11257762438" lat="48.4330227" lon="11.5997116"/>
  <node id="11257762439" lat="48.4330243" lon="11.5999340"/>
  <node id="11259550346" lat="48.4333168" lon="11.6024416"/>
  <node id="11259550347" lat="48.4333988" lon="11.6024429"/>
  <node id="11259550348" lat="48.4332252" lon="11.6023896"/>
  <node id="11259550349" lat="48.4332077" lon="11.6024857"/>
  <node id="11428431630" lat="48.4151625" lon="11.5980662"/>
  <node id="11431588304" lat="48.4263818" lon="11.5942971"/>
  <node id="11431588305" lat="48.4263488" lon="11.5942930"/>
  <node id="11431588306" lat="48.4261286" lon="11.5942702"/>
  <node id="11431588307" lat="48.4259332" lon="11.5942588"/>
  <node id="11431588308" lat="48.4257450" lon="11.5942696"/>
  <node id="11431588309" lat="48.4254513" lon="11.5942850"/>
  <node id="11431588310" lat="48.4252253" lon="11.5943031"/>
  <node id="11431588311" lat="48.4249187" lon="11.5943353"/>
  <node id="11431588312" lat="48.4247654" lon="11.5943359"/>
  <node id="11431588313" lat="48.4245489" lon="11.5943293"/>
  <node id="11431588314" lat="48.4242014" lon="11.5942622"/>
  <node id="11431588315" lat="48.4239834" lon="11.5941817"/>
  <node id="11431588316" lat="48.4235780" lon="11.5940101"/>
  <node id="11431588317" lat="48.4230582" lon="11.5937740"/>
  <node id="11431588318" lat="48.4230097" lon="11.5937546"/>
  <node id="11431588319" lat="48.4230049" lon="11.5937010"/>
  <node id="11549986685" lat="48.4176432" lon="11.5894208">
    <tag k="distance" v="501.0"/>
    <tag k="highway" v="milestone"/>
  </node>
  <node id="11756372760" lat="48.4290439" lon="11.5788683"/>
  <node id="11756424091" lat="48.4306270" lon="11.5821151"/>
  <node id="11756424092" lat="48.4307062" lon="11.5815572"/>
  <node id="12018388102" lat="48.4147101" lon="11.6206307"/>
  <node id="12018388103" lat="48.4151417" lon="11.6205896"/>
  <node id="12760605901" lat="48.4284660" lon="11.5850959"/>
  <node id="12760605902" lat="48.4285192" lon="11.5848391"/>
  <node id="12760605903" lat="48.4285725" lon="11.5844064"/>
  <node id="12760605904" lat="48.4285677" lon="11.5843196"/>
  <node id="12760605905" lat="48.4285466" lon="11.5842422"/>
  <node id="12760605906" lat="48.4285154" lon="11.5841793"/>
  <node id="12760605907" lat="48.4285034" lon="11.5841091"/>
  <node id="12760605908" lat="48.4287241" lon="11.5857917"/>
  <node id="12760605909" lat="48.4286162" lon="11.5863200"/>
  <node id="12760605910" lat="48.4286119" lon="11.5861507"/>
  <node id="12760605911" lat="48.4286215" lon="11.5860589"/>
  <node id="12760605912" lat="48.4286988" lon="11.5859851"/>
  <node id="12760605913" lat="48.4287588" lon="11.5859641"/>
  <node id="12760605914" lat="48.4287953" lon="11.5858930"/>
  <node id="12760605915" lat="48.4284899" lon="11.5854810">
    <tag k="crossing:island" v="yes"/>
    <tag k="crossing:signals" v="no"/>
    <tag k="highway" v="crossing"/>
  </node>
  <node id="12760605916" lat="48.4286575" lon="11.5858608">
    <tag k="crossing:island" v="yes"/>
    <tag k="crossing:markings" v="no"/>
    <tag k="crossing:signals" v="no"/>
    <tag k="highway" v="crossing"/>
  </node>
  <node id="12760605917" lat="48.4286484" lon="11.5860183"/>
  <node id="12760605918" lat="48.4286628" lon="11.5857687"/>
  <node id="12760605919" lat="48.4286153" lon="11.5857015"/>
  <node id="12760605920" lat="48.4285975" lon="11.5856306"/>
  <node id="12760605921" lat="48.4287420" lon="11.5840353"/>
  <node id="12760605922" lat="48.4288615" lon="11.5834920"/>
  <node id="12760605923" lat="48.4289518" lon="11.5831541"/>
  <node id="12760605924" lat="48.4290100" lon="11.5831272"/>
  <node id="12760605925" lat="48.4286984" lon="11.5843307"/>
  <node id="12760605926" lat="48.4286636" lon="11.5845651"/>
  <node id="12760605927" lat="48.4286500" lon="11.5847457"/>
  <node id="12760605928" lat="48.4286364" lon="11.5848073"/>
  <node id="12760605929" lat="48.4286162" lon="11.5850332"/>
  <node id="12760605930" lat="48.4285913" lon="11.5855148"/>
  <node id="12760605935" lat="48.4284479" lon="11.5852584"/>
  <node id="12760605936" lat="48.4284201" lon="11.5854577"/>
  <node id="12760605937" lat="48.4283856" lon="11.5855339"/>
  <node id="12760605938" lat="48.4283244" lon="11.5855915"/>
  <node id="12760605939" lat="48.4282678" lon="11.5856761"/>
  <node id="12760605940" lat="48.4282251" lon="11.5857121"/>
  <node id="12760605941" lat="48.4280889" lon="11.5857378"/>
  <node id="12760605942" lat="48.4280227" lon="11.5857308"/>
  <node id="12760605943" lat="48.4279826" lon="11.5856955"/>
  <node id="12760605944" lat="48.4279311" lon="11.5856984"/>
  <node id="13008719491" lat="48.4308645" lon="11.5887285">
    <tag k="barrier" v="block"/>
    <tag k="bicycle" v="yes"/>
    <tag k="foot" v="yes"/>
    <tag k="motor_vehicle" v="no"/>
  </node>
  <node id="13008719492" lat="48.4306793" lon="11.5886360">
    <tag k="barrier" v="block"/>
    <tag k="bicycle" v="yes"/>
    <tag k="foot" v="yes"/>
    <tag k="motor_vehicle" v="no"/>
  </node>
  <node id="13081783569" lat="48.4315182" lon="11.6165852"/>
  <node id="13081783570" lat="48.4321338" lon="11.6170212"/>
  <node id="13081783571" lat="48.4317662" lon="11.6168347"/>
  <node id="13081783572" lat="48.4313699" lon="11.6163269"/>
  <node id="13081783573" lat="48.4316568" lon="11.6165690"/>
  <node id="13081783574" lat="48.4319891" lon="11.6169062"/>
  <node id="13081783575" lat="48.4318728" lon="11.6169496"/>
  <node id="13081783576" lat="48.4317543" lon="11.6168695"/>
  <node id="13081783577" lat="48.4314962" lon="11.6166124"/>
  <node id="13081783578" lat="48.4314020" lon="11.6164337"/>
  <node id="13108521918" lat="48.4296795" lon="11.5916566"/>
  <node id="13108521919" lat="48.4296313" lon="11.5914519"/>
  <node id="13108521920" lat="48.4295271" lon="11.5910617"/>
  <node id="13108521921" lat="48.4293687" lon="11.5904608"/>
  <node id="13108521922" lat="48.4292290" lon="11.5899003"/>
  <node id="13108521923" lat="48.4290092" lon="11.5888864"/>
  <node id="13108521924" lat="48.4288673" lon="11.5881474"/>
  <node id="13108521925" lat="48.4288014" lon="11.5877290"/>
  <node id="13108521926" lat="48.4287556" lon="11.5874138"/>
  <node id="13108521927" lat="48.4286809" lon="11.5868586"/>
  <node id="13108521928" lat="48.4286346" lon="11.5864778"/>
  <node id="13127652777" lat="48.4276346" lon="11.5936456"/>
  <node id="13127652778" lat="48.4277291" lon="11.5936596"/>
  <node id="13127652779" lat="48.4277384" lon="11.5937576"/>
  <node id="13127652780" lat="48.4273683" lon="11.5936659"/>
  <node id="13127652781" lat="48.4274036" lon="11.5928877"/>
  <node id="13339036147" lat="48.4337666" lon="11.6002010"/>
  <node id="13339036148" lat="48.4338115" lon="11.6002859"/>
  <node id="13339036149" lat="48.4338432" lon="11.6003428"/>
  <node id="13339036150" lat="48.4338630" lon="11.6004505"/>
  <node id="13357471680" lat="48.4584324" lon="11.6199354"/>
  <node id="13357471681" lat="48.4583767" lon="11.6197066"/>
  <node id="13357471682" lat="48.4584432" lon="11.6196178"/>
  <node id="13564212725" lat="48.4209262" lon="11.5681656"/>
  <node id="13564212729" lat="48.4214233" lon="11.5680684"/>
  <node id="13564212732" lat="48.4205901" lon="11.5668956"/>
  <node id="13564212735" lat="48.4215826" lon="11.5668024"/>
  <node id="13564212740" lat="48.4225057" lon="11.5667766"/>
  <node id="13564212752" lat="48.4210168" lon="11.5668403"/>
  <node id="13564212757" lat="48.4208136" lon="11.5653741"/>
  <node id="13564212766" lat="48.4206703" lon="11.5667363"/>
  <node id="13564212769" lat="48.4206260" lon="11.5661257"/>
  <node id="13564294837" lat="48.4175352" lon="11.5683862"/>
  <node id="13564294846" lat="48.4173416" lon="11.5709209"/>
  <node id="13564294851" lat="48.4173774" lon="11.5703785"/>
  <node id="13564294861" lat="48.4174814" lon="11.5687608"/>
  <node id="13564294864" lat="48.4174467" lon="11.5689572"/>
  <node id="13564294868" lat="48.4176292" lon="11.5689574"/>
  <node id="13564294871" lat="48.4180261" lon="11.5691123"/>
  <node id="13564294874" lat="48.4183923" lon="11.5691806"/>
  <node id="13564294878" lat="48.4172712" lon="11.5723734"/>
  <node id="13564294879" lat="48.4172754" lon="11.5716203"/>
  <node id="13564294880" lat="48.4173846" lon="11.5700747"/>
  <node id="13564294881" lat="48.4173733" lon="11.5696942"/>
  <node id="13564294887" lat="48.4175297" lon="11.5688908"/>
  <node id="13564308012" lat="48.4173250" lon="11.5729047"/>
  <node id="13564453148" lat="48.4163143" lon="11.5645145"/>
  <node id="13564453149" lat="48.4163628" lon="11.5641557"/>
  <node id="13564453150" lat="48.4164667" lon="11.5634178"/>
  <node id="13564453151" lat="48.4164394" lon="11.5633662"/>
  <node id="13564453152" lat="48.4162934" lon="11.5650509"/>
  <node id="13564453153" lat="48.4196775" lon="11.5671437"/>
  <node id="13564453154" lat="48.4194630" lon="11.5673362"/>
  <node id="13564453155" lat="48.4192999" lon="11.5665191"/>
  <node id="13564453156" lat="48.4192109" lon="11.5659478"/>
  <node id="13564453157" lat="48.4176846" lon="11.5671062"/>
  <node id="13564453158" lat="48.4177643" lon="11.5662787"/>
  <node id="13564453159" lat="48.4178052" lon="11.5656947"/>
  <node id="13564453160" lat="48.4178279" lon="11.5652575"/>
  <node id="13564453161" lat="48.4186014" lon="11.5650362"/>
  <node id="13564453162" lat="48.4190122" lon="11.5649550"/>
  <node id="13564453163" lat="48.4190531" lon="11.5649919"/>
  <node id="13564453164" lat="48.4189690" lon="11.5649473"/>
  <node id="13564453165" lat="48.4189781" lon="11.5644441"/>
  <node id="13564453166" lat="48.4188675" lon="11.5638775"/>
  <node id="13564453167" lat="48.4191339" lon="11.5653128"/>
  <node id="13564453186" lat="48.4176009" lon="11.5776534"/>
  <node id="13564453190" lat="48.4216560" lon="11.5815811"/>
  <node id="13564453193" lat="48.4215606" lon="11.5814855"/>
  <node id="13564453196" lat="48.4218433" lon="11.5817477"/>
  <node id="13564488701" lat="48.4219873" lon="11.5819422"/>
  <node id="13564488712" lat="48.4222659" lon="11.5821161"/>
  <node id="13564488715" lat="48.4221991" lon="11.5820877"/>
  <node id="13564488718" lat="48.4221184" lon="11.5820524"/>
  <node id="13564488720" lat="48.4222545" lon="11.5818281"/>
  <node id="13564488723" lat="48.4223774" lon="11.5824038"/>
  <node id="13564488727" lat="48.4223580" lon="11.5822895"/>
  <node id="13564488731" lat="48.4223994" lon="11.5829667"/>
  <node id="13564488738" lat="48.4223631" lon="11.5833711"/>
  <node id="13564488751" lat="48.4214549" lon="11.5813138"/>
  <node id="13564488759" lat="48.4214017" lon="11.5811884"/>
  <node id="13564488763" lat="48.4213004" lon="11.5809645"/>
  <node id="13564488765" lat="48.4212804" lon="11.5805199"/>
  <node id="13564488768" lat="48.4212059" lon="11.5808159"/>
  <node id="13564488771" lat="48.4211371" lon="11.5807506"/>
  <node id="13564488773" lat="48.4210346" lon="11.5806681"/>
  <node id="13564488776" lat="48.4208076" lon="11.5804129"/>
  <node id="13564488780" lat="48.4204338" lon="11.5799579"/>
  <node id="13564488786" lat="48.4200278" lon="11.5795770"/>
  <node id="13564488789" lat="48.4199222" lon="11.5794593"/>
  <node id="13564488798" lat="48.4196581" lon="11.5791436"/>
  <node id="13564488803" lat="48.4193717" lon="11.5788046"/>
  <node id="13564488807" lat="48.4191245" lon="11.5785160"/>
  <node id="13564488812" lat="48.4189512" lon="11.5784150"/>
  <node id="13564488820" lat="48.4180626" lon="11.5783015"/>
  <node id="13564488827" lat="48.4178018" lon="11.5781976"/>
  <node id="13564488833" lat="48.4176029" lon="11.5779684"/>
  <node id="13564488835" lat="48.4176543" lon="11.5779299"/>
  <node id="13564488839" lat="48.4223705" lon="11.5837929"/>
  <node id="13564488846" lat="48.4224032" lon="11.5828206"/>
  <node id="13564488848" lat="48.4212668" lon="11.5808748"/>
  <node id="13564488864" lat="48.4175433" lon="11.5773023"/>
  <node id="13564488866" lat="48.4175384" lon="11.5758811"/>
  <node id="13564526510" lat="48.4185262" lon="11.5626034"/>
  <node id="13564526515" lat="48.4186984" lon="11.5631050"/>
  <node id="13564526516" lat="48.4186480" lon="11.5626014"/>
  <node id="13564526517" lat="48.4185618" lon="11.5626986"/>
  <node id="13564526519" lat="48.4189198" lon="11.5641306"/>
  <node id="13564526524" lat="48.4190700" lon="11.5649619"/>
  <node id="13564526543" lat="48.4191121" lon="11.5651746"/>
  <node id="13564526547" lat="48.4188957" lon="11.5649573"/>
  <node id="13564526559" lat="48.4178798" lon="11.5651616"/>
  <node id="13564526562" lat="48.4177865" lon="11.5651700"/>
  <node id="13564551249" lat="48.4149302" lon="11.5630420"/>
  <node id="13564551250" lat="48.4147637" lon="11.5628810"/>
  <node id="13564551251" lat="48.4144860" lon="11.5626638"/>
  <node id="13564551252" lat="48.4153396" lon="11.5633598"/>
  <node id="13564551255" lat="48.4170640" lon="11.5651237"/>
  <node id="13564630649" lat="48.4265484" lon="11.5736377"/>
  <node id="13564630664" lat="48.4278323" lon="11.5738073"/>
  <node id="13564630667" lat="48.4276143" lon="11.5737822"/>
  <node id="13564630674" lat="48.4262739" lon="11.5735418"/>
  <node id="13564669502" lat="48.4256669" lon="11.5731963"/>
  <node id="13564669505" lat="48.4253362" lon="11.5729240"/>
  <node id="13564669508" lat="48.4244937" lon="11.5718658"/>
  <node id="13564669513" lat="48.4242070" lon="11.5715613"/>
  <node id="13564669517" lat="48.4258138" lon="11.5732820"/>
  <node id="13564885901" lat="48.4201434" lon="11.5848825"/>
  <node id="13564885926" lat="48.4187042" lon="11.5846311"/>
  <node id="13564885927" lat="48.4192273" lon="11.5846019"/>
  <node id="13564885949" lat="48.4200544" lon="11.5846324"/>
  <node id="13564885950" lat="48.4200522" lon="11.5844285"/>
  <node id="13564885951" lat="48.4200713" lon="11.5841939"/>
  <node id="13564885952" lat="48.4201060" lon="11.5838975"/>
  <node id="13564885953" lat="48.4201194" lon="11.5836199"/>
  <node id="13564885954" lat="48.4201131" lon="11.5832879"/>
  <node id="13564885955" lat="48.4200820" lon="11.5829165"/>
  <node id="13564885956" lat="48.4200571" lon="11.5825751"/>
  <node id="13564885957" lat="48.4200695" lon="11.5818255"/>
  <node id="13564885958" lat="48.4199712" lon="11.5847015"/>
  <node id="13564885959" lat="48.4198648" lon="11.5846579"/>
  <node id="13564885960" lat="48.4197064" lon="11.5846176"/>
  <node id="13564885982" lat="48.4200584" lon="11.5847491"/>
  <node id="13564885983" lat="48.4203116" lon="11.5850649"/>
  <node id="13564885984" lat="48.4202587" lon="11.5850126"/>
  <node id="13564885990" lat="48.4204887" lon="11.5851822"/>
  <node id="13564885991" lat="48.4205364" lon="11.5852252"/>
  <node id="13564885992" lat="48.4205564" lon="11.5853123"/>
  <node id="13564885993" lat="48.4205626" lon="11.5853928"/>
  <node id="13564885994" lat="48.4205528" lon="11.5855537"/>
  <node id="13564885995" lat="48.4205315" lon="11.5858957"/>
  <node id="13564886007" lat="48.4220351" lon="11.5819880"/>
  <node id="13564886008" lat="48.4219381" lon="11.5820575"/>
  <node id="13564886009" lat="48.4218941" lon="11.5820709"/>
  <node id="13564886010" lat="48.4218545" lon="11.5820695"/>
  <node id="13564886011" lat="48.4218109" lon="11.5820394"/>
  <node id="13564886012" lat="48.4217419" lon="11.5819562"/>
  <node id="13564886013" lat="48.4216947" lon="11.5818952"/>
  <node id="13564917146" lat="48.4173548" lon="11.5792492"/>
  <node id="13564917147" lat="48.4170077" lon="11.5806077"/>
  <node id="13564917148" lat="48.4171029" lon="11.5803073"/>
  <node id="13564917149" lat="48.4167567" lon="11.5817785"/>
  <node id="13564917150" lat="48.4168733" lon="11.5812957"/>
  <node id="13564917151" lat="48.4166205" lon="11.5823498"/>
  <node id="13564917152" lat="48.4159022" lon="11.5825081"/>
  <node id="13564917153" lat="48.4162618" lon="11.5825242"/>
  <node id="13564917154" lat="48.4165128" lon="11.5826020"/>
  <node id="13564917155" lat="48.4163989" lon="11.5825617"/>
  <node id="13564917156" lat="48.4165377" lon="11.5829989"/>
  <node id="13564917157" lat="48.4164736" lon="11.5839028"/>
  <node id="13564917158" lat="48.4164300" lon="11.5843910"/>
  <node id="13564917159" lat="48.4163935" lon="11.5851487"/>
  <node id="13564917160" lat="48.4164576" lon="11.5857562"/>
  <node id="13564917161" lat="48.4167166" lon="11.5867983"/>
  <node id="13564917162" lat="48.4166294" lon="11.5864027"/>
  <node id="13565444198" lat="48.4160110" lon="11.5764602"/>
  <node id="13565453601" lat="48.4154225" lon="11.5762002"/>
  <node id="13565453649" lat="48.4170424" lon="11.5770163"/>
  <node id="13565453650" lat="48.4161808" lon="11.5765415"/>
  <node id="13565453651" lat="48.4158479" lon="11.5763900"/>
  <node id="13565498599" lat="48.4249156" lon="11.5675286"/>
  <node id="13565498600" lat="48.4266536" lon="11.5679491"/>
  <node id="13565526503" lat="48.4265491" lon="11.5677291"/>
  <node id="13565526509" lat="48.4227703" lon="11.5668856"/>
  <node id="13565526510" lat="48.4229198" lon="11.5669912"/>
  <node id="13565526513" lat="48.4257762" lon="11.5672711"/>
  <node id="13565526514" lat="48.4236360" lon="11.5672145"/>
  <node id="13565526515" lat="48.4208414" lon="11.5668550"/>
  <node id="13565655440" lat="48.4245347" lon="11.5632217"/>
  <node id="13565655441" lat="48.4244208" lon="11.5631144"/>
  <node id="13565655443" lat="48.4215523" lon="11.5592305"/>
  <node id="13565655485" lat="48.4229998" lon="11.5563165"/>
  <node id="13565655486" lat="48.4227263" lon="11.5610530"/>
  <node id="13565655492" lat="48.4219617" lon="11.5570740"/>
  <node id="13565655493" lat="48.4217139" lon="11.5579491"/>
  <node id="13565667211" lat="48.4243076" lon="11.5562076"/>
  <node id="13565667225" lat="48.4239945" lon="11.5610196"/>
  <node id="13565667226" lat="48.4242290" lon="11.5574965"/>
  <node id="13565667227" lat="48.4243276" lon="11.5558581"/>
  <node id="13565667228" lat="48.4239117" lon="11.5620992"/>
  <node id="13565667232" lat="48.4247897" lon="11.5592576"/>
  <node id="13565667236" lat="48.4267008" lon="11.5593128"/>
  <node id="13565667237" lat="48.4254638" lon="11.5592761"/>
  <node id="13652942319" lat="48.4240653" lon="11.5929388"/>
  <node id="13652942320" lat="48.4240228" lon="11.5938926"/>
  <node id="13652942321" lat="48.4237051" lon="11.5923752"/>
  <node id="13652942331" lat="48.4235897" lon="11.5927954"/>
  <node id="13652942343" lat="48.4256862" lon="11.5930514"/>
  <node id="13713857190" lat="48.4315138" lon="11.5984156"/>
  <node id="13713857191" lat="48.4315289" lon="11.5983666"/>
  <node id="13713857192" lat="48.4315360" lon="11.5983278"/>
  <node id="13724300141" lat="48.4231641" lon="11.5937506"/>
  <node id="13724322875" lat="48.4164705" lon="11.5934944"/>
  <node id="13724322876" lat="48.4181225" lon="11.5934213"/>
  <node id="13724322877" lat="48.4186032" lon="11.5933851"/>
  <node id="13724322878" lat="48.4190798" lon="11.5934448"/>
  <node id="13724322879" lat="48.4194124" lon="11.5935398"/>
  <node id="13724322880" lat="48.4193971" lon="11.5937807"/>
  <node id="13724322881" lat="48.4190442" lon="11.5943507"/>
  <node id="13724322882" lat="48.4189053" lon="11.5944687"/>
  <node id="13724322883" lat="48.4183344" lon="11.5948483"/>
  <node id="13724322884" lat="48.4177478" lon="11.5954303"/>
  <node id="13724322885" lat="48.4173401" lon="11.5958494"/>
  <node id="13724322886" lat="48.4216449" lon="11.5939289"/>
  <node id="13724322887" lat="48.4223587" lon="11.5936285"/>
  <node id="13724326900" lat="48.4165920" lon="11.5969504"/>
  <node id="13724371601" lat="48.4178924" lon="11.5971483"/>
  <node id="13724371602" lat="48.4177790" lon="11.5971281"/>
  <node id="13724371603" lat="48.4175213" lon="11.5970691"/>
  <node id="13724371605" lat="48.4182249" lon="11.5970832"/>
  <node id="13724371606" lat="48.4180820" lon="11.5971348"/>
  <node id="13724371607" lat="48.4183709" lon="11.5970235"/>
  <node id="13724371668" lat="48.4243304" lon="11.5980753"/>
  <node id="13724371669" lat="48.4238401" lon="11.5980662"/>
  <node id="13724371670" lat="48.4241289" lon="11.5982801"/>
  <node id="13724371671" lat="48.4235771" lon="11.5979972"/>
  <node id="13724371672" lat="48.4233016" lon="11.5978252"/>
  <node id="13724371673" lat="48.4230796" lon="11.5975526"/>
  <node id="13724371674" lat="48.4225037" lon="11.5966266"/>
  <node id="13724371675" lat="48.4221513" lon="11.5961062"/>
  <node id="13724371676" lat="48.4217245" lon="11.5960506"/>
  <node id="13724371677" lat="48.4211104" lon="11.5961806"/>
  <node id="13724371678" lat="48.4189852" lon="11.5967962"/>
  <node id="13724371679" lat="48.4188915" lon="11.5968623"/>
  <node id="13724371680" lat="48.4194763" lon="11.5966373"/>
  <node id="13724371681" lat="48.4191786" lon="11.5966983"/>
  <node id="13724371682" lat="48.4196922" lon="11.5965796"/>
  <node id="13854093353" lat="48.4253320" lon="11.5862993"/>
  <node id="13854093354" lat="48.4253718" lon="11.5865280"/>
  <node id="13854093355" lat="48.4269010" lon="11.5865582"/>
  <node id="13854093356" lat="48.4255074" lon="11.5865663"/>
  <node id="13854093357" lat="48.4254416" lon="11.5885511"/>
  <node id="13854093358" lat="48.4253953" lon="11.5867723"/>
  <node id="13854093359" lat="48.4254319" lon="11.5867550"/>
  <node id="13854093360" lat="48.4253754" lon="11.5867817"/>
  <node id="13854093361" lat="48.4253207" lon="11.5867474"/>
  <node id="13854093362" lat="48.4252935" lon="11.5866681"/>
  <node id="13854093363" lat="48.4253064" lon="11.5865810"/>
  <node id="13854093364" lat="48.4253535" lon="11.5865268"/>
  <node id="13854093365" lat="48.4254127" lon="11.5865308"/>
  <node id="13854093366" lat="48.4254563" lon="11.5865913"/>
  <node id="13854093367" lat="48.4254639" lon="11.5866799"/>
  <way id="4051186">
    <nd ref="17216147"/>
    <nd ref="12760605944"/>
    <nd ref="17216148"/>
    <nd ref="8750689877"/>
    <nd ref="613366796"/>
    <nd ref="2152730203"/>
    <nd ref="257926616"/>
    <nd ref="257967271"/>
    <nd ref="257967270"/>
    <nd ref="257967269"/>
    <nd ref="257967268"/>
    <nd ref="257967267"/>
    <nd ref="257967266"/>
    <nd ref="257967265"/>
    <nd ref="2266604513"/>
    <nd ref="257967264"/>
    <nd ref="257967263"/>
    <nd ref="257967262"/>
    <nd ref="257967261"/>
    <nd ref="257967259"/>
    <nd ref="257967258"/>
    <nd ref="257967257"/>
    <nd ref="257967254"/>
    <nd ref="257967252"/>
    <nd ref="257967250"/>
    <nd ref="257967248"/>
    <nd ref="257967246"/>
    <tag k="highway" v="unclassified"/>
    <tag k="name" v="Schroßlacher Straße"/>
  </way>
  <way id="4051391">
    <nd ref="17205460"/>
    <nd ref="17205442"/>
    <nd ref="17205456"/>
    <nd ref="17205452"/>
    <nd ref="3556062909"/>
    <tag k="highway" v="track"/>
  </way>
  <way id="4051532">
    <nd ref="2478967002"/>
    <nd ref="2151984629"/>
    <nd ref="17216152"/>
    <nd ref="17216151"/>
    <nd ref="2151984616"/>
    <nd ref="17216149"/>
    <nd ref="2478966991"/>
    <tag k="highway" v="service"/>
    <tag k="service" v="driveway"/>
  </way>
  <way id="4059379">
    <nd ref="59770153"/>
    <nd ref="6855590360"/>
    <nd ref="3800567420"/>
    <nd ref="7887927208"/>
    <nd ref="17205311"/>
    <tag k="bdouble" v="yes"/>
    <tag k="cycleway:both" v="no"/>
    <tag k="foot" v="yes"/>
    <tag k="highway" v="secondary"/>
    <tag k="lanes" v="2"/>
    <tag k="lit" v="no"/>
    <tag k="maxspeed" v="50"/>
    <tag k="parking:both" v="no"/>
    <tag k="ref" v="St 2054"/>
    <tag k="sidewalk" v="right"/>
    <tag k="sidewalk:right:surface" v="asphalt"/>
    <tag k="smoothness" v="good"/>
    <tag k="surface" v="asphalt"/>
    <tag k="tmc" v="DE:27428"/>
  </way>
  <way id="4067525">
    <nd ref="21518691"/>
    <nd ref="7543794912"/>
    <nd ref="8675959927"/>
    <nd ref="7543794917"/>
    <nd ref="7543794914"/>
    <nd ref="613356279"/>
    <nd ref="8675959929"/>
    <nd ref="613356283"/>
    <nd ref="21518692"/>
    <nd ref="613356273"/>
    <nd ref="8475705652"/>
    <nd ref="257965613"/>
    <nd ref="8675959943"/>
    <nd ref="8675959934"/>
    <nd ref="257965612"/>
    <nd ref="7013824566"/>
    <nd ref="8690800397"/>
    <nd ref="257965611"/>
    <nd ref="366601672"/>
    <nd ref="257965942"/>
    <nd ref="257968997"/>
    <tag k="highway" v="residential"/>
    <tag k="lcn" v="yes"/>
    <tag k="lit" v="yes"/>
    <tag k="maxspeed" v="50"/>
    <tag k="name" v="Kesselbodenstraße"/>
  </way>
  <way id="4315939">
    <nd ref="366659329"/>
    <nd ref="8828071396"/>
    <nd ref="560261835"/>
    <nd ref="3913072671"/>
    <nd ref="26044243"/>
    <tag k="cycleway:both" v="no"/>
    <tag k="highway" v="secondary"/>
    <tag k="lanes" v="2"/>
    <tag k="maxspeed" v="70"/>
    <tag k="oneway" v="no"/>
    <tag k="ref" v="St 2054"/>
    <tag k="surface" v="asphalt"/>
    <tag k="tmc" v="DE:27428/35055"/>
  </way>
  <way id="4331788">
    <nd ref="139302"/>
    <nd ref="2004280019"/>
    <nd ref="139304"/>
    <nd ref="83028059"/>
    <tag k="bdouble" v="yes"/>
    <tag k="highway" v="motorway_link"/>
    <tag k="lanes" v="2"/>
    <tag k="lit" v="no"/>
    <tag k="oneway" v="no"/>
    <tag k="surface" v="asphalt"/>
  </way>
  <way id="4331790">
    <nd ref="21494848"/>
    <nd ref="257904907"/>
    <nd ref="443620088"/>
    <nd ref="257904908"/>
    <nd ref="8922179598"/>
    <nd ref="257927132"/>
    <nd ref="257927364"/>
    <tag k="highway" v="unclassified"/>
    <tag k="maxspeed" v="60"/>
    <tag k="name" v="Flurstraße"/>
    <tag k="surface" v="asphalt"/>
  </way>
  <way id="4340832">
    <nd ref="26044234"/>
    <nd ref="257959253"/>
    <nd ref="20910677"/>
    <nd ref="616681252"/>
    <nd ref="20910678"/>
    <nd ref="257948595"/>
    <nd ref="20910679"/>
    <nd ref="616675939"/>
    <nd ref="366633127"/>
    <nd ref="616675938"/>
    <nd ref="257948596"/>
    <nd ref="20910680"/>
    <tag k="highway" v="residential"/>
    <tag k="maxspeed" v="30"/>
    <tag k="name" v="Mühlbachstraße"/>
  </way>
  <way id="4427499">
    <nd ref="26424997"/>
    <nd ref="8682504149"/>
    <nd ref="443620113"/>
    <nd ref="2327875983"/>
    <nd ref="27153839"/>
    <nd ref="443620112"/>
    <nd ref="9384457017"/>
    <nd ref="26424996"/>
    <nd ref="443620114"/>
    <nd ref="287163619"/>
    <nd ref="27153840"/>
    <nd ref="560396950"/>
    <nd ref="443620111"/>
    <nd ref="26424983"/>
    <nd ref="443620110"/>
    <nd ref="443620109"/>
    <nd ref="8682504152"/>
    <nd ref="443620108"/>
    <nd ref="366598260"/>
    <nd ref="26424989"/>
    <nd ref="443620107"/>
    <nd ref="9384457149"/>
    <nd ref="9384457145"/>
    <nd ref="26424990"/>
    <tag k="highway" v="unclassified"/>
    <tag k="maxspeed" v="30"/>
    <tag k="name" v="Amperstraße"/>
  </way>
  <way id="4427514">
    <nd ref="26424990"/>
    <nd ref="443620104"/>
    <tag k="highway" v="unclassified"/>
    <tag k="maxspeed" v="30"/>
  </way>
  <way id="4427516">
    <nd ref="26424987"/>
    <nd ref="443620116"/>
    <nd ref="26424986"/>
    <tag k="highway" v="unclassified"/>
    <tag k="lcn" v="yes"/>
    <tag k="source:surface" v="survey 2013-03"/>
    <tag k="surface" v="asphalt"/>
  </way>
  <way id="4427517">
    <nd ref="26424988"/>
    <nd ref="26424987"/>
    <tag k="bridge" v="yes"/>
    <tag k="highway" v="unclassified"/>
    <tag k="layer" v="1"/>
    <tag k="lcn" v="yes"/>
  </way>
  <way id="4427654">
    <nd ref="26424988"/>
    <nd ref="260713479"/>
    <nd ref="443620117"/>
    <nd ref="27155989"/>
    <nd ref="2185349956"/>
    <tag k="highway" v="unclassified"/>
    <tag k="lcn" v="yes"/>
    <tag k="source:surface" v="survey 2013-03"/>
    <tag k="surface" v="asphalt"/>
  </way>
  <way id="4427655">
    <nd ref="262265167"/>
    <nd ref="8619102165"/>
    <nd ref="27155986"/>
    <nd ref="8619102166"/>
    <nd ref="27155983"/>
    <nd ref="8619102167"/>
    <nd ref="27155981"/>
    <nd ref="8619102168"/>
    <nd ref="287163236"/>
    <nd ref="8619102169"/>
    <nd ref="8619102170"/>
    <nd ref="27155978"/>
    <nd ref="8619102171"/>
    <nd ref="287163237"/>
    <nd ref="8619102172"/>
    <nd ref="257822618"/>
    <nd ref="257822619"/>
    <nd ref="287163238"/>
    <nd ref="27155976"/>
    <nd ref="8619102173"/>
    <nd ref="8619102174"/>
    <nd ref="8619102175"/>
    <nd ref="257823508"/>
    <nd ref="8619102176"/>
    <nd ref="4363628229"/>
    <nd ref="27155973"/>
    <nd ref="4363628230"/>
    <nd ref="27155970"/>
    <nd ref="257823509"/>
    <nd ref="27155967"/>
    <nd ref="27155964"/>
    <nd ref="27155962"/>
    <nd ref="257823510"/>
    <nd ref="27155961"/>
    <nd ref="561280969"/>
    <nd ref="27155959"/>
    <nd ref="560407585"/>
    <nd ref="560407588"/>
    <nd ref="27155956"/>
    <nd ref="560407583"/>
    <nd ref="27155954"/>
    <nd ref="27155952"/>
    <tag k="access" v="agricultural"/>
    <tag k="bicycle" v="yes"/>
    <tag k="highway" v="track"/>
    <tag k="lcn" v="yes"/>
    <tag k="maxweight" v="3.5"/>
    <tag k="maxweight:conditional" v="none @ agricultural"/>
    <tag k="oneway" v="no"/>
    <tag k="source:surface" v="survey 2013-03"/>
    <tag k="surface" v="gravel"/>
    <tag k="tracktype" v="grade2"/>
  </way>
  <way id="4438820">
    <nd ref="139299"/>
    <nd ref="1613672571"/>
    <nd ref="257917942"/>
    <nd ref="3783057700"/>
    <nd ref="3783056238"/>
    <nd ref="547469733"/>
    <nd ref="3783057699"/>
    <nd ref="3783056254"/>
    <nd ref="139301"/>
    <nd ref="3783057677"/>
    <nd ref="257917937"/>
    <nd ref="3783056245"/>
    <nd ref="632720645"/>
    <nd ref="3783057662"/>
    <nd ref="139302"/>
    <tag k="bdouble" v="yes"/>
    <tag k="destination" v="Allershausen;Hohenkammer"/>
    <tag k="highway" v="motorway_link"/>
    <tag k="lanes" v="1"/>
    <tag k="lit" v="no"/>
    <tag k="oneway" v="yes"/>
    <tag k="surface" v="asphalt"/>
  </way>
  <way id="4438821">
    <nd ref="17205380"/>
    <nd ref="17205299"/>
    <nd ref="547469742"/>
    <nd ref="285950408"/>
    <nd ref="547469739"/>
    <nd ref="4236379472"/>
    <nd ref="17205298"/>
    <nd ref="547469738"/>
    <nd ref="3783057664"/>
    <tag k="bdouble" v="yes"/>
    <tag k="destination" v="Allershausen;Freising;Hohenkammer"/>
    <tag k="highway" v="motorway_link"/>
    <tag k="lanes" v="2"/>
    <tag k="lit" v="no"/>
    <tag k="oneway" v="yes"/>
    <tag k="surface" v="asphalt"/>
  </way>
  <way id="7988731">
    <nd ref="8828071395"/>
    <nd ref="17205463"/>
    <nd ref="3809866455"/>
    <nd ref="257948817"/>
    <nd ref="3809866456"/>
    <nd ref="257948818"/>
    <nd ref="3809868957"/>
    <nd ref="17205434"/>
    <nd ref="366368464"/>
    <nd ref="2091636440"/>
    <nd ref="613425899"/>
    <nd ref="2099446856"/>
    <nd ref="4428950915"/>
    <nd ref="257956608"/>
    <nd ref="2152542152"/>
    <nd ref="613425809"/>
    <nd ref="2152544321"/>
    <nd ref="2152542151"/>
    <nd ref="2152544318"/>
    <nd ref="257956105"/>
    <nd ref="7509905025"/>
    <nd ref="7509905021"/>
    <nd ref="2099581428"/>
    <nd ref="257955162"/>
    <nd ref="139305"/>
    <tag k="cycleway:both" v="no"/>
    <tag k="foot" v="yes"/>
    <tag k="highway" v="secondary"/>
    <tag k="lanes" v="2"/>
    <tag k="maxspeed" v="50"/>
    <tag k="name" v="Münchener Straße"/>
    <tag k="ref" v="St 2054"/>
    <tag k="surface" v="asphalt"/>
    <tag k="tmc" v="DE:27428"/>
  </way>
  <way id="7988732">
    <nd ref="59770154"/>
    <nd ref="59770153"/>
    <tag k="bdouble" v="yes"/>
    <tag k="bridge" v="yes"/>
    <tag k="cycleway:both" v="no"/>
    <tag k="foot" v="yes"/>
    <tag k="highway" v="secondary"/>
    <tag k="lanes" v="2"/>
    <tag k="layer" v="1"/>
    <tag k="lit" v="no"/>
    <tag k="maxspeed" v="50"/>
    <tag k="maxweight:signed" v="no"/>
    <tag k="parking:both" v="no"/>
    <tag k="ref" v="St 2054"/>
    <tag k="shoulder" v="no"/>
    <tag k="smoothness" v="good"/>
    <tag k="surface" v="asphalt"/>
    <tag k="tmc" v="DE:27428"/>
  </way>
  <way id="7988837">
    <nd ref="26044249"/>
    <nd ref="344202475"/>
    <nd ref="6379174577"/>
    <nd ref="26044247"/>
    <nd ref="429460536"/>
    <nd ref="560347000"/>
    <nd ref="26044246"/>
    <nd ref="429460537"/>
    <nd ref="26044245"/>
    <nd ref="560346768"/>
    <nd ref="2662585432"/>
    <tag k="highway" v="secondary"/>
    <tag k="lanes" v="2"/>
    <tag k="maxspeed" v="100"/>
    <tag k="ref" v="St 2054"/>
    <tag k="surface" v="asphalt"/>
    <tag k="tmc" v="DE:35055/27429"/>
  </way>
  <way id="8047503">
    <nd ref="17205444"/>
    <nd ref="21494861"/>
    <tag k="highway" v="unclassified"/>
    <tag k="name" v="Von-Sickenhauser-Straße"/>
    <tag k="surface" v="asphalt"/>
  </way>
  <way id="23071818">
    <nd ref="248968314"/>
    <nd ref="26044221"/>
    <tag k="bridge" v="yes"/>
    <tag k="highway" v="secondary"/>
    <tag k="layer" v="1"/>
    <tag k="maxspeed" v="50"/>
    <tag k="name" v="Ampertalstraße"/>
    <tag k="ref" v="St 2054"/>
    <tag k="surface" v="asphalt"/>
    <tag k="tmc" v="DE:27428/35055"/>
  </way>
  <way id="23071819">
    <nd ref="26044221"/>
    <nd ref="366368652"/>
    <nd ref="17205444"/>
    <tag k="highway" v="secondary"/>
    <tag k="maxspeed" v="50"/>
    <tag k="name" v="Ampertalstraße"/>
    <tag k="ref" v="St 2054"/>
    <tag k="surface" v="asphalt"/>
    <tag k="tmc" v="DE:27428/35055"/>
  </way>
  <way id="23071844">
    <nd ref="248968329"/>
    <nd ref="248968328"/>
    <tag k="bridge" v="yes"/>
    <tag k="highway" v="secondary"/>
    <tag k="lanes" v="2"/>
    <tag k="layer" v="1"/>
    <tag k="maxspeed" v="50"/>
    <tag k="maxweight:signed" v="no"/>
    <tag k="ref" v="St 2084"/>
    <tag k="surface" v="asphalt"/>
  </way>
  <way id="23679816">
    <nd ref="256406011"/>
    <nd ref="256406027"/>
    <nd ref="8678993252"/>
    <nd ref="17205271"/>
    <nd ref="366609437"/>
    <nd ref="256406028"/>
    <nd ref="17205278"/>
    <nd ref="256406029"/>
    <nd ref="315125574"/>
    <nd ref="17205307"/>
    <nd ref="17205301"/>
    <nd ref="366609144"/>
    <tag k="highway" v="unclassified"/>
    <tag k="maxspeed" v="30"/>
    <tag k="maxweight" v="18"/>
    <tag k="maxweight:conditional" v="none @ destination;none @ delivery"/>
    <tag k="name" v="Moosstraße"/>
  </way>
  <way id="23679818">
    <nd ref="256406010"/>
    <nd ref="257947926"/>
    <nd ref="17205300"/>
    <nd ref="257947927"/>
    <nd ref="11252515449"/>
    <nd ref="11252515450"/>
    <nd ref="11252515448"/>
    <nd ref="11252515452"/>
    <nd ref="17205269"/>
    <nd ref="11252515451"/>
    <nd ref="17205309"/>
    <tag k="highway" v="unclassified"/>
    <tag k="lcn" v="yes"/>
    <tag k="maxspeed" v="50"/>
    <tag k="maxweight" v="7.5"/>
    <tag k="maxweight:conditional" v="none @ agricultural"/>
    <tag k="surface" v="asphalt"/>
    <tag k="width" v="3.6"/>
  </way>
  <way id="23679820">
    <nd ref="20910682"/>
    <nd ref="560008088"/>
    <tag k="bridge" v="yes"/>
    <tag k="cycleway:both" v="no"/>
    <tag k="highway" v="unclassified"/>
    <tag k="lane_markings" v="no"/>
    <tag k="maxspeed" v="30"/>
    <tag k="maxweight:signed" v="no"/>
    <tag k="name" v="Kienberger Straße"/>
    <tag k="surface" v="asphalt"/>
  </way>
  <way id="23679821">
    <nd ref="256406005"/>
    <nd ref="3273327809"/>
    <nd ref="3273327812"/>
    <nd ref="257948428"/>
    <nd ref="257948429"/>
    <nd ref="3273327820"/>
    <nd ref="3273327822"/>
    <nd ref="256406006"/>
    <nd ref="1489442403"/>
    <nd ref="256406007"/>
    <nd ref="3273327827"/>
    <nd ref="256406008"/>
    <tag k="cycleway" v="no"/>
    <tag k="highway" v="unclassified"/>
    <tag k="surface" v="asphalt"/>
  </way>
  <way id="23800612">
    <nd ref="21666661"/>
    <nd ref="21666692"/>
    <tag k="bridge" v="yes"/>
    <tag k="highway" v="unclassified"/>
    <tag k="layer" v="1"/>
    <tag k="maxspeed" v="60"/>
    <tag k="name" v="Flurstraße"/>
    <tag k="surface" v="asphalt"/>
  </way>
  <way id="23801959">
    <nd ref="139302"/>
    <nd ref="3783057663"/>
    <nd ref="3783057680"/>
    <nd ref="3783057661"/>
    <nd ref="257917936"/>
    <nd ref="3783057668"/>
    <nd ref="547469745"/>
    <nd ref="3783056253"/>
    <nd ref="139303"/>
    <nd ref="3783057674"/>
    <nd ref="547469744"/>
    <nd ref="257917930"/>
    <nd ref="3783056246"/>
    <nd ref="3783056255"/>
    <nd ref="547469748"/>
    <nd ref="139300"/>
    <tag k="bdouble" v="yes"/>
    <tag k="destination:ref" v="A 9"/>
    <tag k="highway" v="motorway_link"/>
    <tag k="lanes" v="1"/>
    <tag k="lit" v="no"/>
    <tag k="oneway" v="yes"/>
    <tag k="surface" v="asphalt"/>
  </way>
  <way id="23802685">
    <nd ref="257926101"/>
    <nd ref="3783057694"/>
    <nd ref="3783057691"/>
    <nd ref="4236379493"/>
    <nd ref="257926102"/>
    <nd ref="3783056249"/>
    <tag k="bdouble" v="yes"/>
    <tag k="destination" v="München"/>
    <tag k="destination:ref" v="A 9"/>
    <tag k="highway" v="motorway_link"/>
    <tag k="lanes" v="1"/>
    <tag k="lit" v="no"/>
    <tag k="oneway" v="yes"/>
    <tag k="surface" v="asphalt"/>
  </way>
  <way id="23802703">
    <nd ref="257926295"/>
    <nd ref="257926325"/>
    <nd ref="257926326"/>
    <nd ref="257926328"/>
    <nd ref="257926329"/>
    <tag k="highway" v="residential"/>
    <tag k="maxspeed" v="30"/>
    <tag k="name" v="Bodelschwinghstraße"/>
    <tag k="source" v="Yahoo"/>
  </way>
  <way id="23802704">
    <nd ref="257926350"/>
    <nd ref="257926351"/>
    <nd ref="257926352"/>
    <nd ref="257926353"/>
    <tag k="highway" v="residential"/>
    <tag k="maxspeed" v="30"/>
    <tag k="name" v="Wilhelm-Löhe-Straße"/>
  </way>
  <way id="23802724">
    <nd ref="257926732"/>
    <nd ref="257926733"/>
    <tag k="created_by" v="Potlatch 0.10f"/>
    <tag k="highway" v="residential"/>
    <tag k="name" v="Eggenberg"/>
  </way>
  <way id="23802728">
    <nd ref="257926733"/>
    <nd ref="257926822"/>
    <nd ref="257926824"/>
    <tag k="highway" v="unclassified"/>
    <tag k="parking:both" v="no"/>
    <tag k="surface" v="asphalt"/>
  </way>
  <way id="23802744">
    <nd ref="21494864"/>
    <nd ref="13724322880"/>
    <nd ref="257926995"/>
    <nd ref="257926996"/>
    <nd ref="13724322881"/>
    <nd ref="13724322882"/>
    <nd ref="257926997"/>
    <nd ref="257926998"/>
    <nd ref="13724322883"/>
    <nd ref="257926999"/>
    <nd ref="13724322884"/>
    <nd ref="13724322885"/>
    <nd ref="257927000"/>
    <tag k="highway" v="track"/>
  </way>
  <way id="23802746">
    <nd ref="257927132"/>
    <nd ref="257927133"/>
    <tag k="highway" v="service"/>
    <tag k="surface" v="compacted"/>
  </way>
  <way id="23802758">
    <nd ref="257927364"/>
    <nd ref="257927365"/>
    <nd ref="13724326900"/>
    <nd ref="257927366"/>
    <nd ref="13724371603"/>
    <nd ref="13724371602"/>
    <nd ref="13724371601"/>
    <nd ref="257927367"/>
    <nd ref="13724371606"/>
    <nd ref="13724371605"/>
    <nd ref="13724371607"/>
    <nd ref="257927368"/>
    <nd ref="13724371679"/>
    <nd ref="13724371678"/>
    <nd ref="257927369"/>
    <nd ref="13724371681"/>
    <nd ref="13724371680"/>
    <nd ref="13724371682"/>
    <nd ref="257927370"/>
    <nd ref="257927371"/>
    <nd ref="13724371677"/>
    <nd ref="4362730150"/>
    <nd ref="4362730152"/>
    <nd ref="13724371676"/>
    <nd ref="257927372"/>
    <nd ref="4362730153"/>
    <nd ref="257927373"/>
    <nd ref="13724371675"/>
    <nd ref="4362730154"/>
    <nd ref="257927374"/>
    <nd ref="13724371674"/>
    <nd ref="257927375"/>
    <nd ref="13724371673"/>
    <nd ref="257927376"/>
    <nd ref="13724371672"/>
    <nd ref="257927377"/>
    <nd ref="13724371671"/>
    <nd ref="257927378"/>
    <nd ref="13724371669"/>
    <nd ref="2156115523"/>
    <nd ref="505651501"/>
    <nd ref="13724371668"/>
    <nd ref="257927380"/>
    <nd ref="7647922043"/>
    <nd ref="257927381"/>
    <nd ref="257927382"/>
    <tag k="highway" v="track"/>
    <tag k="name" v="Seestraße"/>
    <tag k="tracktype" v="grade2"/>
  </way>
  <way id="23804588">
    <nd ref="366613167"/>
    <nd ref="366613171"/>
    <nd ref="620396375"/>
    <nd ref="366613176"/>
    <nd ref="366613179"/>
    <nd ref="257943310"/>
    <nd ref="257943311"/>
    <nd ref="3273327799"/>
    <nd ref="257943264"/>
    <tag k="highway" v="residential"/>
    <tag k="name" v="Schlipps"/>
  </way>
  <way id="23804595">
    <nd ref="539415501"/>
    <nd ref="257943687"/>
    <nd ref="257943688"/>
    <nd ref="257943689"/>
    <nd ref="257943690"/>
    <nd ref="257943691"/>
    <nd ref="257943496"/>
    <nd ref="257943497"/>
    <nd ref="257943498"/>
    <nd ref="257943499"/>
    <nd ref="257943692"/>
    <nd ref="257943693"/>
    <tag k="highway" v="track"/>
  </way>
  <way id="23804763">
    <nd ref="257946522"/>
    <nd ref="3785898220"/>
    <nd ref="253861015"/>
    <nd ref="3785898174"/>
    <nd ref="26539236"/>
    <nd ref="3808090075"/>
    <nd ref="26539237"/>
    <nd ref="3808090076"/>
    <nd ref="257945247"/>
    <nd ref="3808090077"/>
    <nd ref="26539238"/>
    <nd ref="2689017903"/>
    <tag k="highway" v="secondary"/>
    <tag k="maxspeed" v="100"/>
    <tag k="ref" v="St 2084"/>
    <tag k="surface" v="asphalt"/>
  </way>
  <way id="23805168">
    <nd ref="17205309"/>
    <nd ref="257947928"/>
    <tag k="highway" v="unclassified"/>
    <tag k="layer" v="-1"/>
    <tag k="lcn" v="yes"/>
    <tag k="maxheight" v="none"/>
    <tag k="maxspeed" v="100"/>
    <tag k="tunnel" v="yes"/>
  </way>
  <way id="23805169">
    <nd ref="257947928"/>
    <nd ref="257947929"/>
    <nd ref="8981683637"/>
    <nd ref="560367024"/>
    <nd ref="257947930"/>
    <nd ref="257947931"/>
    <nd ref="257947932"/>
    <nd ref="257947933"/>
    <nd ref="257947934"/>
    <nd ref="2689017880"/>
    <nd ref="257947936"/>
    <nd ref="257947937"/>
    <nd ref="257947939"/>
    <nd ref="257947940"/>
    <nd ref="257947941"/>
    <nd ref="257947942"/>
    <nd ref="257947943"/>
    <nd ref="257947944"/>
    <nd ref="315734477"/>
    <nd ref="257947945"/>
    <nd ref="257947946"/>
    <nd ref="257947947"/>
    <nd ref="257947948"/>
    <nd ref="257947949"/>
    <nd ref="257947950"/>
    <nd ref="257947951"/>
    <nd ref="257947953"/>
    <nd ref="257947954"/>
    <nd ref="257947956"/>
    <nd ref="257947957"/>
    <nd ref="257947958"/>
    <nd ref="262433061"/>
    <nd ref="257947959"/>
    <nd ref="257947960"/>
    <nd ref="257947961"/>
    <nd ref="257947962"/>
    <nd ref="257947963"/>
    <nd ref="257947964"/>
    <nd ref="560334100"/>
    <nd ref="257947965"/>
    <nd ref="257947966"/>
    <tag k="highway" v="unclassified"/>
    <tag k="lcn" v="yes"/>
    <tag k="maxspeed" v="100"/>
    <tag k="maxweight" v="7.5"/>
    <tag k="maxweight:conditional" v="none @ destination; none @ delivery"/>
    <tag k="surface" v="asphalt"/>
  </way>
  <way id="23805202">
    <nd ref="257947929"/>
    <nd ref="257948419"/>
    <nd ref="257948420"/>
    <nd ref="257948421"/>
    <nd ref="257948422"/>
    <nd ref="257948423"/>
    <nd ref="257948424"/>
    <nd ref="257948425"/>
    <nd ref="257948426"/>
    <tag k="highway" v="unclassified"/>
    <tag k="smoothness" v="excellent"/>
    <tag k="surface" v="asphalt"/>
  </way>
  <way id="23805265">
    <nd ref="256406004"/>
    <nd ref="256406005"/>
    <tag k="bridge" v="yes"/>
    <tag k="cycleway" v="no"/>
    <tag k="highway" v="unclassified"/>
    <tag k="layer" v="1"/>
    <tag k="surface" v="asphalt"/>
  </way>
  <way id="23805340">
    <nd ref="21494861"/>
    <nd ref="8531439627"/>
    <nd ref="8157069132"/>
    <nd ref="257949038"/>
    <nd ref="257949040"/>
    <tag k="highway" v="residential"/>
    <tag k="maxspeed" v="30"/>
    <tag k="name" v="Von-Sickenhauser-Straße"/>
    <tag k="surface" v="asphalt"/>
  </way>
  <way id="23805377">
    <nd ref="257949696"/>
    <nd ref="257949697"/>
    <nd ref="257949698"/>
    <nd ref="257949699"/>
    <tag k="created_by" v="Potlatch 0.8a"/>
    <tag k="highway" v="residential"/>
  </way>
  <way id="23805378">
    <nd ref="257949593"/>
    <nd ref="257949700"/>
    <tag k="created_by" v="Potlatch 0.10f"/>
    <tag k="highway" v="residential"/>
  </way>
  <way id="23805510">
    <nd ref="26424990"/>
    <nd ref="443620106"/>
    <nd ref="257951716"/>
    <nd ref="257951717"/>
    <nd ref="9384457106"/>
    <nd ref="9198117459"/>
    <nd ref="257951718"/>
    <nd ref="9198117458"/>
    <nd ref="366597523"/>
    <nd ref="257951719"/>
    <nd ref="257951720"/>
    <nd ref="257951721"/>
    <nd ref="257951722"/>
    <tag k="highway" v="unclassified"/>
    <tag k="incline" v="up"/>
    <tag k="lane_markings" v="no"/>
    <tag k="lcn" v="yes"/>
    <tag k="maxspeed" v="30"/>
    <tag k="name" v="Hauptstraße"/>
    <tag k="surface" v="asphalt"/>
  </way>
  <way id="23805652">
    <nd ref="257953165"/>
    <nd ref="614255276"/>
    <nd ref="8810680161"/>
    <nd ref="257953166"/>
    <nd ref="366588894"/>
    <nd ref="366589113"/>
    <nd ref="614239278"/>
    <nd ref="366593536"/>
    <nd ref="257949040"/>
    <tag k="highway" v="residential"/>
    <tag k="maxspeed" v="30"/>
    <tag k="name" v="Auenstraße"/>
    <tag k="surface" v="asphalt"/>
  </way>
  <way id="23805655">
    <nd ref="257953260"/>
    <nd ref="257953261"/>
    <nd ref="257953263"/>
    <nd ref="257953264"/>
    <tag k="created_by" v="Potlatch 0.10f"/>
    <tag k="highway" v="residential"/>
    <tag k="name" v="Weiherweg"/>
  </way>
  <way id="23805657">
    <nd ref="257953346"/>
    <nd ref="257953347"/>
    <nd ref="3777362681"/>
    <nd ref="3777362682"/>
    <nd ref="257953264"/>
    <nd ref="257953348"/>
    <nd ref="257954459"/>
    <nd ref="257953349"/>
    <nd ref="3777362688"/>
    <nd ref="257953350"/>
    <nd ref="257953351"/>
    <nd ref="257953352"/>
    <tag k="highway" v="residential"/>
    <tag k="maxspeed" v="30"/>
    <tag k="name" v="Händelstraße"/>
  </way>
  <way id="23805660">
    <nd ref="257953385"/>
    <nd ref="257953722"/>
    <nd ref="257953420"/>
    <nd ref="257953421"/>
    <nd ref="257953422"/>
    <nd ref="3777362687"/>
    <nd ref="257953352"/>
    <tag k="highway" v="residential"/>
    <tag k="maxspeed" v="30"/>
    <tag k="name" v="Beethovenstraße"/>
    <tag k="surface" v="asphalt"/>
  </way>
  <way id="23805667">
    <nd ref="257927382"/>
    <nd ref="257953673"/>
    <nd ref="257953674"/>
    <nd ref="257953675"/>
    <nd ref="257953676"/>
    <nd ref="8548759289"/>
    <nd ref="257953677"/>
    <nd ref="257954078"/>
    <nd ref="257953678"/>
    <nd ref="614673042"/>
    <nd ref="257953679"/>
    <nd ref="3777362686"/>
    <nd ref="257953352"/>
    <nd ref="257953680"/>
    <nd ref="366589880"/>
    <nd ref="257953681"/>
    <nd ref="257948829"/>
    <tag k="highway" v="residential"/>
    <tag k="maxspeed" v="30"/>
    <tag k="name" v="Seestraße"/>
  </way>
  <way id="23805682">
    <nd ref="257953673"/>
    <nd ref="257953863"/>
    <nd ref="257953714"/>
    <nd ref="257953867"/>
    <nd ref="257953715"/>
    <nd ref="10774873898"/>
    <nd ref="257953716"/>
    <nd ref="8218700093"/>
    <nd ref="257953717"/>
    <nd ref="257953718"/>
    <nd ref="257953719"/>
    <nd ref="2688838905"/>
    <nd ref="257953720"/>
    <nd ref="257953721"/>
    <nd ref="257953722"/>
    <tag k="highway" v="residential"/>
    <tag k="maxspeed" v="30"/>
    <tag k="name" v="Joseph-Haydn-Straße"/>
  </way>
  <way id="23805684">
    <nd ref="257953721"/>
    <nd ref="257953727"/>
    <nd ref="257953728"/>
    <nd ref="257953678"/>
    <tag k="highway" v="residential"/>
    <tag k="maxspeed" v="30"/>
    <tag k="name" v="Schubertstraße"/>
  </way>
  <way id="23805689">
    <nd ref="257953718"/>
    <nd ref="257953761"/>
    <nd ref="257953762"/>
    <nd ref="257953677"/>
    <tag k="highway" v="residential"/>
    <tag k="maxspeed" v="30"/>
    <tag k="name" v="Richard-Wagner-Straße"/>
  </way>
  <way id="23805695">
    <nd ref="257953774"/>
    <nd ref="3777362676"/>
    <nd ref="257953775"/>
    <nd ref="257953776"/>
    <nd ref="257953777"/>
    <nd ref="11431588312"/>
    <nd ref="257953778"/>
    <tag k="highway" v="residential"/>
    <tag k="maxspeed" v="30"/>
    <tag k="name" v="Franz-Liszt-Straße"/>
  </way>
  <way id="23805697">
    <nd ref="257953776"/>
    <nd ref="257953782"/>
    <nd ref="4928094360"/>
    <tag k="highway" v="residential"/>
    <tag k="maxspeed" v="30"/>
    <tag k="name" v="Franz-Liszt-Straße"/>
  </way>
  <way id="23805710">
    <nd ref="257953716"/>
    <nd ref="10774873881"/>
    <nd ref="257953855"/>
    <nd ref="10774873882"/>
    <nd ref="257953856"/>
    <nd ref="10774873885"/>
    <nd ref="10774873884"/>
    <nd ref="10774873883"/>
    <nd ref="257953857"/>
    <nd ref="257953858"/>
    <nd ref="257953784"/>
    <tag k="highway" v="residential"/>
    <tag k="maxspeed" v="30"/>
    <tag k="name" v="Anton-Lamprecht-Ring"/>
  </way>
  <way id="23805712">
    <nd ref="257953857"/>
    <nd ref="257953865"/>
    <nd ref="257953866"/>
    <nd ref="257953867"/>
    <tag k="highway" v="residential"/>
    <tag k="maxspeed" v="30"/>
    <tag k="name" v="Dr.-Renner-Straße"/>
  </way>
  <way id="23805715">
    <nd ref="257953775"/>
    <nd ref="257953856"/>
    <tag k="highway" v="residential"/>
    <tag k="name" v="Dr.-Renner-Straße"/>
  </way>
  <way id="23805721">
    <nd ref="257953774"/>
    <nd ref="2386311350"/>
    <nd ref="2386311353"/>
    <nd ref="11431588304"/>
    <nd ref="1613672567"/>
    <tag k="highway" v="service"/>
    <tag k="maxspeed" v="30"/>
    <tag k="name" v="Franz-Liszt-Straße"/>
  </way>
  <way id="23805723">
    <nd ref="257953774"/>
    <nd ref="3777362677"/>
    <nd ref="366591034"/>
    <nd ref="3777362678"/>
    <nd ref="3777362679"/>
    <nd ref="257954051"/>
    <nd ref="3777362680"/>
    <nd ref="257953719"/>
    <tag k="highway" v="residential"/>
    <tag k="maxspeed" v="30"/>
    <tag k="name" v="Franz-Liszt-Straße"/>
  </way>
  <way id="23805727">
    <nd ref="257954078"/>
    <nd ref="257954152"/>
    <tag k="highway" v="residential"/>
    <tag k="maxspeed" v="30"/>
    <tag k="name" v="Richard-Strauss-Straße"/>
  </way>
  <way id="23805730">
    <nd ref="257954256"/>
    <nd ref="257954258"/>
    <nd ref="257954259"/>
    <nd ref="257954260"/>
    <nd ref="257954261"/>
    <tag k="highway" v="residential"/>
    <tag k="maxspeed" v="30"/>
    <tag k="name" v="Karpfenweg"/>
  </way>
  <way id="23805733">
    <nd ref="257954258"/>
    <nd ref="257954349"/>
    <nd ref="257954351"/>
    <nd ref="257954352"/>
    <nd ref="257953349"/>
    <tag k="highway" v="residential"/>
    <tag k="maxspeed" v="30"/>
    <tag k="name" v="Karpfenweg"/>
  </way>
  <way id="23805742">
    <nd ref="257954457"/>
    <nd ref="366593240"/>
    <nd ref="257954458"/>
    <nd ref="257954459"/>
    <tag k="highway" v="residential"/>
    <tag k="maxspeed" v="30"/>
    <tag k="name" v="Forellenweg"/>
  </way>
  <way id="23805745">
    <nd ref="2154037816"/>
    <nd ref="2154037815"/>
    <nd ref="2154037814"/>
    <nd ref="257954593"/>
    <nd ref="257954594"/>
    <tag k="highway" v="residential"/>
    <tag k="maxspeed" v="30"/>
    <tag k="name" v="Fliederweg"/>
  </way>
  <way id="23805748">
    <nd ref="257954717"/>
    <nd ref="13127652781"/>
    <nd ref="257954718"/>
    <nd ref="257954719"/>
    <nd ref="616089939"/>
    <nd ref="257954720"/>
    <tag k="highway" v="living_street"/>
    <tag k="name" v="Blumenweg"/>
  </way>
  <way id="23805754">
    <nd ref="257954720"/>
    <nd ref="257954781"/>
    <nd ref="257954782"/>
    <tag k="highway" v="living_street"/>
    <tag k="name" v="Rosenweg"/>
  </way>
  <way id="23805763">
    <nd ref="257954781"/>
    <nd ref="257954941"/>
    <nd ref="257954942"/>
    <nd ref="257954943"/>
    <nd ref="257954944"/>
    <nd ref="257954945"/>
    <nd ref="257954946"/>
    <nd ref="257954948"/>
    <nd ref="257954949"/>
    <tag k="highway" v="living_street"/>
    <tag k="name" v="Sebastian-Mutschelle-Straße"/>
  </way>
  <way id="23805772">
    <nd ref="257955160"/>
    <nd ref="8212116016"/>
    <nd ref="2004280043"/>
    <nd ref="257955161"/>
    <nd ref="257955162"/>
    <tag k="highway" v="residential"/>
    <tag k="name" v="Münchener Straße"/>
    <tag k="oneway" v="no"/>
  </way>
  <way id="23805778">
    <nd ref="257955162"/>
    <nd ref="13108521918"/>
    <nd ref="257955526"/>
    <nd ref="257955527"/>
    <nd ref="257955321"/>
    <nd ref="257955322"/>
    <nd ref="613400455"/>
    <tag k="highway" v="residential"/>
    <tag k="name" v="Robert-Koch-Straße"/>
  </way>
  <way id="23805789">
    <nd ref="257955749"/>
    <nd ref="257955801"/>
    <tag k="bdouble" v="yes"/>
    <tag k="bridge" v="yes"/>
    <tag k="highway" v="motorway"/>
    <tag k="int_ref" v="E 45"/>
    <tag k="lanes" v="3"/>
    <tag k="layer" v="1"/>
    <tag k="lit" v="no"/>
    <tag k="maxspeed" v="none"/>
    <tag k="maxspeed:conditional" v="80 @ wet"/>
    <tag k="maxspeed:variable" v="peak_traffic"/>
    <tag k="oneway" v="yes"/>
    <tag k="ref" v="A 9"/>
    <tag k="source:lit" v="http://www.autobahn-bilder.de"/>
    <tag k="surface" v="asphalt"/>
  </way>
  <way id="23805790">
    <nd ref="257955773"/>
    <nd ref="139308"/>
    <nd ref="6012191009"/>
    <nd ref="6012191008"/>
    <nd ref="11252513714"/>
    <nd ref="6012191007"/>
    <nd ref="139310"/>
    <nd ref="6012191006"/>
    <nd ref="139312"/>
    <nd ref="2303030778"/>
    <tag k="bdouble" v="yes"/>
    <tag k="highway" v="motorway"/>
    <tag k="int_ref" v="E 45"/>
    <tag k="lanes" v="3"/>
    <tag k="lit" v="no"/>
    <tag k="maxheight" v="default"/>
    <tag k="maxspeed" v="none"/>
    <tag k="maxspeed:variable" v="peak_traffic"/>
    <tag k="oneway" v="yes"/>
    <tag k="ref" v="A 9"/>
    <tag k="source:lit" v="http://www.autobahn-bilder.de"/>
    <tag k="surface" v="asphalt"/>
  </way>
  <way id="23805795">
    <nd ref="257955836"/>
    <nd ref="257955773"/>
    <tag k="bdouble" v="yes"/>
    <tag k="bridge" v="yes"/>
    <tag k="highway" v="motorway"/>
    <tag k="int_ref" v="E 45"/>
    <tag k="lanes" v="3"/>
    <tag k="layer" v="1"/>
    <tag k="lit" v="no"/>
    <tag k="maxspeed" v="none"/>
    <tag k="maxspeed:variable" v="peak_traffic"/>
    <tag k="oneway" v="yes"/>
    <tag k="ref" v="A 9"/>
    <tag k="source:lit" v="http://www.autobahn-bilder.de"/>
    <tag k="surface" v="asphalt"/>
  </way>
  <way id="23805813">
    <nd ref="257956105"/>
    <nd ref="8251164606"/>
    <nd ref="7509905027"/>
    <nd ref="257956242"/>
    <nd ref="8532164821"/>
    <nd ref="257956243"/>
    <nd ref="257956244"/>
    <nd ref="257956245"/>
    <nd ref="257956246"/>
    <nd ref="257956247"/>
    <nd ref="257956691"/>
    <nd ref="257956248"/>
    <nd ref="257956249"/>
    <nd ref="257953385"/>
    <tag k="highway" v="residential"/>
    <tag k="maxspeed" v="30"/>
    <tag k="name" v="Mozartstraße"/>
    <tag k="surface" v="asphalt"/>
  </way>
  <way id="23805818">
    <nd ref="257956400"/>
    <nd ref="2099446854"/>
    <nd ref="257956404"/>
    <nd ref="257956400"/>
    <nd ref="436961643"/>
    <nd ref="257953385"/>
    <tag k="highway" v="living_street"/>
    <tag k="motor_vehicle" v="destination"/>
    <tag k="name" v="Am Anger"/>
    <tag k="surface" v="asphalt"/>
  </way>
  <way id="23805824">
    <nd ref="257956249"/>
    <nd ref="436961643"/>
    <nd ref="21494859"/>
    <tag k="highway" v="footway"/>
    <tag k="surface" v="asphalt"/>
  </way>
  <way id="23805829">
    <nd ref="257956608"/>
    <nd ref="2099446857"/>
    <nd ref="257956689"/>
    <nd ref="257956690"/>
    <tag k="highway" v="service"/>
    <tag k="name" v="Marktplatz"/>
  </way>
  <way id="23805849">
    <nd ref="2159561891"/>
    <nd ref="2159561864"/>
    <nd ref="257956956"/>
    <nd ref="257956957"/>
    <nd ref="257956958"/>
    <nd ref="2159561828"/>
    <nd ref="257956959"/>
    <nd ref="7047061117"/>
    <nd ref="7047061118"/>
    <nd ref="257956960"/>
    <nd ref="257956961"/>
    <nd ref="7047061103"/>
    <nd ref="260547981"/>
    <nd ref="257956962"/>
    <nd ref="260548120"/>
    <nd ref="257956964"/>
    <nd ref="257956965"/>
    <nd ref="257956966"/>
    <nd ref="257956967"/>
    <nd ref="3809866389"/>
    <nd ref="257956968"/>
    <nd ref="3809866388"/>
    <nd ref="257956969"/>
    <tag k="highway" v="residential"/>
    <tag k="maxspeed" v="30"/>
    <tag k="name" v="Glonntalstraße"/>
  </way>
  <way id="23805867">
    <nd ref="257957083"/>
    <nd ref="616273824"/>
    <nd ref="9128631940"/>
    <tag k="highway" v="residential"/>
    <tag k="maxspeed" v="30"/>
    <tag k="name" v="Von-Behring-Straße"/>
    <tag k="sidewalk" v="both"/>
    <tag k="surface" v="asphalt"/>
  </way>
  <way id="23805890">
    <nd ref="257957622"/>
    <nd ref="257957707"/>
    <nd ref="366369423"/>
    <tag k="highway" v="residential"/>
    <tag k="maxspeed" v="30"/>
    <tag k="name" v="Fürholzerstraße"/>
    <tag k="sidewalk" v="both"/>
    <tag k="surface" v="asphalt"/>
  </way>
  <way id="23805917">
    <nd ref="257958103"/>
    <nd ref="2156244062"/>
    <nd ref="2156244065"/>
    <nd ref="257958104"/>
    <nd ref="257958105"/>
    <tag k="highway" v="residential"/>
    <tag k="maxspeed" v="30"/>
    <tag k="name" v="Ampertalstraße"/>
    <tag k="sidewalk" v="right"/>
    <tag k="surface" v="asphalt"/>
  </way>
  <way id="23805921">
    <nd ref="257958616"/>
    <nd ref="26044236"/>
    <tag k="created_by" v="Potlatch 0.10f"/>
    <tag k="highway" v="residential"/>
    <tag k="name" v="Friedhofstraße"/>
  </way>
  <way id="23805946">
    <nd ref="257958780"/>
    <nd ref="366656270"/>
    <nd ref="9132718258"/>
    <tag k="highway" v="residential"/>
    <tag k="maxspeed" v="30"/>
    <tag k="name" v="Grassingerstraße"/>
    <tag k="sidewalk" v="both"/>
    <tag k="surface" v="asphalt"/>
  </way>
  <way id="23805955">
    <nd ref="257958893"/>
    <nd ref="257958894"/>
    <tag k="highway" v="living_street"/>
    <tag k="name" v="Kohlstattweg"/>
  </way>
  <way id="23805965">
    <nd ref="257959226"/>
    <nd ref="257959227"/>
    <nd ref="257959228"/>
    <nd ref="257959230"/>
    <nd ref="257959232"/>
    <nd ref="257959233"/>
    <nd ref="257959234"/>
    <nd ref="257958894"/>
    <tag k="highway" v="living_street"/>
    <tag k="name" v="Amselweg"/>
  </way>
  <way id="23805974">
    <nd ref="257959235"/>
    <nd ref="257959583"/>
    <nd ref="257959584"/>
    <nd ref="257959585"/>
    <nd ref="616681249"/>
    <nd ref="257959586"/>
    <nd ref="257959588"/>
    <nd ref="257959589"/>
    <nd ref="257959590"/>
    <nd ref="257959245"/>
    <tag k="highway" v="living_street"/>
    <tag k="name" v="Finkenweg"/>
    <tag k="surface" v="asphalt"/>
  </way>
  <way id="23805990">
    <nd ref="257960354"/>
    <nd ref="257959226"/>
    <nd ref="257960355"/>
    <nd ref="257948426"/>
    <nd ref="257960357"/>
    <tag k="highway" v="residential"/>
    <tag k="maxspeed" v="30"/>
    <tag k="name" v="Zöllnerbruckenfeldweg"/>
  </way>
  <way id="23805993">
    <nd ref="257960354"/>
    <nd ref="257961315"/>
    <nd ref="257960754"/>
    <nd ref="7549334309"/>
    <nd ref="257960755"/>
    <tag k="highway" v="residential"/>
    <tag k="maxspeed" v="30"/>
    <tag k="name" v="Franz-Galitz-Straße"/>
  </way>
  <way id="23805999">
    <nd ref="257960755"/>
    <nd ref="257960930"/>
    <nd ref="257960931"/>
    <nd ref="257960767"/>
    <nd ref="20910681"/>
    <tag k="highway" v="residential"/>
    <tag k="maxspeed" v="30"/>
    <tag k="name" v="Franz-Galitz-Straße"/>
  </way>
  <way id="23806000">
    <nd ref="257960759"/>
    <nd ref="257960761"/>
    <nd ref="257960763"/>
    <nd ref="257960764"/>
    <nd ref="257960765"/>
    <nd ref="257960766"/>
    <nd ref="257960767"/>
    <tag k="highway" v="residential"/>
    <tag k="maxspeed" v="30"/>
    <tag k="name" v="Breimannweg"/>
  </way>
  <way id="23806001">
    <nd ref="257960755"/>
    <nd ref="257960757"/>
    <nd ref="257960758"/>
    <nd ref="257960759"/>
    <tag k="highway" v="residential"/>
    <tag k="maxspeed" v="30"/>
    <tag k="name" v="Breimannweg"/>
  </way>
  <way id="23806005">
    <nd ref="257960931"/>
    <nd ref="257961140"/>
    <nd ref="257960761"/>
    <tag k="highway" v="residential"/>
    <tag k="maxspeed" v="30"/>
    <tag k="name" v="Breimannweg"/>
  </way>
  <way id="23806231">
    <nd ref="257965941"/>
    <nd ref="613354826"/>
    <nd ref="257965942"/>
    <tag k="highway" v="residential"/>
    <tag k="name" v="Kammerfeldstraße"/>
  </way>
  <way id="23806235">
    <nd ref="257966084"/>
    <nd ref="257966085"/>
    <nd ref="257966086"/>
    <nd ref="257965941"/>
    <nd ref="257966087"/>
    <nd ref="257966084"/>
    <tag k="highway" v="residential"/>
  </way>
  <way id="23806267">
    <nd ref="17216148"/>
    <nd ref="17216154"/>
    <tag k="highway" v="service"/>
    <tag k="surface" v="asphalt"/>
  </way>
  <way id="23806349">
    <nd ref="257967859"/>
    <nd ref="2688929974"/>
    <nd ref="257967861"/>
    <nd ref="2688929975"/>
    <nd ref="257967862"/>
    <nd ref="2688929973"/>
    <nd ref="257967863"/>
    <nd ref="2688929972"/>
    <nd ref="257967859"/>
    <tag k="highway" v="service"/>
    <tag k="name" v="Am Königholz West"/>
  </way>
  <way id="23806353">
    <nd ref="257967859"/>
    <nd ref="8750315838"/>
    <nd ref="257968018"/>
    <tag k="highway" v="service"/>
    <tag k="name" v="Am Königholz West"/>
  </way>
  <way id="23806354">
    <nd ref="21494871"/>
    <nd ref="257968083"/>
    <nd ref="8750315831"/>
    <nd ref="8460876215"/>
    <nd ref="8460876208"/>
    <nd ref="257968018"/>
    <nd ref="8750315856"/>
    <nd ref="7291117836"/>
    <nd ref="257968067"/>
    <tag k="highway" v="service"/>
    <tag k="name" v="Am Königholz"/>
  </way>
  <way id="23806355">
    <nd ref="257968083"/>
    <nd ref="8750315848"/>
    <nd ref="8678024553"/>
    <nd ref="8678024549"/>
    <nd ref="8750315822"/>
    <nd ref="257968114"/>
    <tag k="highway" v="service"/>
    <tag k="name" v="Am Königholz Ost"/>
  </way>
  <way id="23806357">
    <nd ref="257968156"/>
    <nd ref="2688929970"/>
    <nd ref="257968157"/>
    <nd ref="2688929968"/>
    <nd ref="257968159"/>
    <nd ref="2688929967"/>
    <nd ref="257968114"/>
    <nd ref="2688929969"/>
    <nd ref="257968156"/>
    <tag k="highway" v="service"/>
    <tag k="name" v="Am Königholz Ost"/>
  </way>
  <way id="23806374">
    <nd ref="27247867"/>
    <nd ref="257968963"/>
    <nd ref="7433074815"/>
    <nd ref="8750314194"/>
    <nd ref="8750314189"/>
    <nd ref="257968067"/>
    <nd ref="257968964"/>
    <tag k="bicycle" v="yes"/>
    <tag k="highway" v="residential"/>
    <tag k="lcn" v="yes"/>
    <tag k="name" v="Am Weiher"/>
    <tag k="vehicle" v="destination"/>
  </way>
  <way id="23806450">
    <nd ref="257969116"/>
    <nd ref="13565667236"/>
    <nd ref="13565667237"/>
    <nd ref="13565667232"/>
    <nd ref="257969236"/>
    <tag k="highway" v="track"/>
    <tag k="tracktype" v="grade2"/>
  </way>
  <way id="23908544">
    <nd ref="259145214"/>
    <nd ref="259145215"/>
    <nd ref="259145216"/>
    <nd ref="259145217"/>
    <nd ref="9613385556"/>
    <nd ref="259145218"/>
    <nd ref="259145219"/>
    <nd ref="259145220"/>
    <nd ref="259145221"/>
    <nd ref="259145222"/>
    <nd ref="259145223"/>
    <nd ref="259145224"/>
    <nd ref="259145225"/>
    <nd ref="259145226"/>
    <nd ref="2946295546"/>
    <nd ref="259145227"/>
    <nd ref="9613385545"/>
    <nd ref="2946295547"/>
    <nd ref="259145228"/>
    <nd ref="2946295548"/>
    <nd ref="259145229"/>
    <nd ref="2946295549"/>
    <nd ref="259145230"/>
    <nd ref="2946295550"/>
    <nd ref="1695102247"/>
    <nd ref="2946295551"/>
    <nd ref="259145231"/>
    <nd ref="259145232"/>
    <tag k="highway" v="track"/>
    <tag k="tracktype" v="grade3"/>
  </way>
  <way id="23908562">
    <nd ref="257952976"/>
    <nd ref="257952975"/>
    <nd ref="257952974"/>
    <nd ref="17205437"/>
    <nd ref="17205438"/>
    <nd ref="2469933615"/>
    <nd ref="17205460"/>
    <nd ref="17205447"/>
    <nd ref="17205459"/>
    <nd ref="17205454"/>
    <nd ref="17205448"/>
    <nd ref="17205462"/>
    <nd ref="260714223"/>
    <nd ref="17205440"/>
    <tag k="highway" v="service"/>
    <tag k="name" v="Zum Kieswerk"/>
    <tag k="source" v="survey"/>
    <tag k="surface" v="asphalt"/>
  </way>
  <way id="23908639">
    <nd ref="257952976"/>
    <nd ref="259145236"/>
    <nd ref="2946295552"/>
    <nd ref="259146593"/>
    <nd ref="259146594"/>
    <nd ref="2266571101"/>
    <nd ref="259146595"/>
    <tag k="highway" v="track"/>
    <tag k="source" v="survey"/>
    <tag k="tracktype" v="grade2"/>
  </way>
  <way id="23908747">
    <nd ref="259145232"/>
    <nd ref="259147973"/>
    <nd ref="259147974"/>
    <nd ref="259147975"/>
    <nd ref="259147976"/>
    <nd ref="259147977"/>
    <nd ref="259147978"/>
    <nd ref="2266571062"/>
    <nd ref="259146601"/>
    <tag k="highway" v="track"/>
    <tag k="tracktype" v="grade3"/>
  </way>
  <way id="23909532">
    <nd ref="26545702"/>
    <nd ref="2266571053"/>
    <nd ref="257952451"/>
    <nd ref="257952452"/>
    <nd ref="2266571061"/>
    <tag k="bicycle" v="use_sidepath"/>
    <tag k="foot" v="use_sidepath"/>
    <tag k="highway" v="tertiary"/>
    <tag k="lanes" v="2"/>
    <tag k="maxspeed:backward" v="80"/>
    <tag k="maxspeed:forward" v="100"/>
    <tag k="oneway" v="no"/>
    <tag k="ref" v="FS 24"/>
    <tag k="smoothness" v="good"/>
    <tag k="source:maxspeed" v="sign"/>
    <tag k="surface" v="asphalt"/>
    <tag k="width" v="6.0"/>
  </way>
  <way id="23924729">
    <nd ref="21494861"/>
    <nd ref="2156115529"/>
    <nd ref="257948829"/>
    <tag k="highway" v="unclassified"/>
    <tag k="lane_markings" v="no"/>
    <tag k="maxspeed" v="30"/>
    <tag k="name" v="Jobsterstraße"/>
    <tag k="surface" v="asphalt"/>
  </way>
  <way id="23924761">
    <nd ref="256406017"/>
    <nd ref="616967008"/>
    <nd ref="616967007"/>
    <nd ref="315734471"/>
    <tag k="highway" v="residential"/>
    <tag k="name" v="Feldweg"/>
    <tag k="source" v="survey"/>
    <tag k="tracktype" v="grade1"/>
  </way>
  <way id="23924768">
    <nd ref="259400965"/>
    <nd ref="259401004"/>
    <nd ref="259401005"/>
    <nd ref="315127729"/>
    <nd ref="4851768442"/>
    <nd ref="259401006"/>
    <nd ref="259401007"/>
    <nd ref="4851768441"/>
    <nd ref="259401008"/>
    <nd ref="259401009"/>
    <nd ref="2513754984"/>
    <nd ref="315127730"/>
    <nd ref="259401010"/>
    <nd ref="429731382"/>
    <nd ref="259401011"/>
    <nd ref="392275726"/>
    <nd ref="259401012"/>
    <nd ref="4851768440"/>
    <nd ref="259401013"/>
    <nd ref="259401014"/>
    <nd ref="4851768439"/>
    <nd ref="4851768438"/>
    <nd ref="259401015"/>
    <nd ref="259401016"/>
    <nd ref="4851768436"/>
    <nd ref="4851768437"/>
    <nd ref="27401248"/>
    <nd ref="461564172"/>
    <nd ref="461564173"/>
    <nd ref="461564174"/>
    <nd ref="461564175"/>
    <nd ref="5861539387"/>
    <nd ref="461564176"/>
    <nd ref="461564177"/>
    <nd ref="461564178"/>
    <nd ref="461564179"/>
    <nd ref="461564180"/>
    <nd ref="461564181"/>
    <nd ref="3085151255"/>
    <nd ref="3085151272"/>
    <nd ref="461564183"/>
    <nd ref="461564184"/>
    <nd ref="461564185"/>
    <nd ref="461564186"/>
    <nd ref="461564187"/>
    <nd ref="6388905242"/>
    <nd ref="461564188"/>
    <nd ref="461564189"/>
    <nd ref="4851757069"/>
    <nd ref="461564190"/>
    <nd ref="461564191"/>
    <nd ref="5861724928"/>
    <nd ref="461564192"/>
    <nd ref="3808180290"/>
    <tag k="highway" v="track"/>
    <tag k="smoothness" v="very_horrible"/>
    <tag k="surface" v="grass"/>
    <tag k="tracktype" v="grade3"/>
  </way>
  <way id="24012528">
    <nd ref="260399956"/>
    <nd ref="476008465"/>
    <nd ref="560377351"/>
    <nd ref="476008464"/>
    <nd ref="560377477"/>
    <nd ref="696368974"/>
    <nd ref="476008463"/>
    <nd ref="696369050"/>
    <nd ref="476008462"/>
    <tag k="highway" v="track"/>
    <tag k="tracktype" v="grade2"/>
  </way>
  <way id="24012633">
    <nd ref="260399956"/>
    <nd ref="560377225"/>
    <nd ref="260399957"/>
    <nd ref="260399958"/>
    <nd ref="841770473"/>
    <nd ref="260399959"/>
    <nd ref="2054194356"/>
    <nd ref="2054194352"/>
    <nd ref="2054194351"/>
    <nd ref="260399960"/>
    <tag k="highway" v="residential"/>
    <tag k="name" v="Eichfeldstraße"/>
  </way>
  <way id="24012636">
    <nd ref="260399984"/>
    <nd ref="260399985"/>
    <nd ref="260399986"/>
    <nd ref="260399987"/>
    <nd ref="10992741623"/>
    <nd ref="260399988"/>
    <tag k="highway" v="residential"/>
    <tag k="name" v="Westbergstraße"/>
  </way>
  <way id="24012638">
    <nd ref="260400014"/>
    <nd ref="260400015"/>
    <nd ref="260400016"/>
    <nd ref="695163222"/>
    <nd ref="260400017"/>
    <nd ref="260400018"/>
    <tag k="highway" v="residential"/>
    <tag k="name" v="Schloßstraße"/>
  </way>
  <way id="24012641">
    <nd ref="260399959"/>
    <nd ref="2054194355"/>
    <nd ref="260400079"/>
    <nd ref="260400080"/>
    <nd ref="841770427"/>
    <nd ref="260400081"/>
    <tag k="highway" v="residential"/>
    <tag k="name" v="Am Kalvarienberg"/>
  </way>
  <way id="24012645">
    <nd ref="26539243"/>
    <nd ref="260400081"/>
    <nd ref="260400155"/>
    <nd ref="260400156"/>
    <nd ref="560346896"/>
    <tag k="highway" v="residential"/>
    <tag k="name" v="Waldweg"/>
  </way>
  <way id="24012653">
    <nd ref="260400257"/>
    <nd ref="260400258"/>
    <nd ref="260400259"/>
    <nd ref="260400260"/>
    <nd ref="260400262"/>
    <nd ref="260399986"/>
    <tag k="created_by" v="Potlatch 0.8b"/>
    <tag k="highway" v="track"/>
  </way>
  <way id="24012654">
    <nd ref="538793372"/>
    <nd ref="538793370"/>
    <nd ref="538793369"/>
    <nd ref="538793367"/>
    <nd ref="538793366"/>
    <nd ref="538793365"/>
    <nd ref="538793363"/>
    <nd ref="538793361"/>
    <nd ref="538793360"/>
    <nd ref="538793358"/>
    <nd ref="538793357"/>
    <nd ref="538793355"/>
    <nd ref="538793354"/>
    <nd ref="538793352"/>
    <nd ref="538793351"/>
    <nd ref="538793350"/>
    <nd ref="538793349"/>
    <nd ref="260400429"/>
    <tag k="highway" v="track"/>
  </way>
  <way id="24012656">
    <nd ref="260400290"/>
    <nd ref="260400291"/>
    <nd ref="260400292"/>
    <tag k="created_by" v="Potlatch 0.8b"/>
    <tag k="highway" v="residential"/>
  </way>
  <way id="24012669">
    <nd ref="260400282"/>
    <nd ref="260400284"/>
    <tag k="highway" v="track"/>
    <tag k="layer" v="-1"/>
    <tag k="surface" v="asphalt"/>
    <tag k="tracktype" v="grade1"/>
    <tag k="tunnel" v="yes"/>
  </way>
  <way id="24012670">
    <nd ref="260400284"/>
    <nd ref="260400285"/>
    <nd ref="3913072685"/>
    <nd ref="260400286"/>
    <nd ref="260400287"/>
    <nd ref="3913072675"/>
    <nd ref="3913072676"/>
    <nd ref="260400288"/>
    <nd ref="3913072689"/>
    <nd ref="260400289"/>
    <nd ref="260400290"/>
    <tag k="highway" v="track"/>
    <tag k="surface" v="asphalt"/>
    <tag k="tracktype" v="grade1"/>
  </way>
  <way id="24012678">
    <nd ref="260400611"/>
    <nd ref="3420352879"/>
    <nd ref="3420352880"/>
    <nd ref="260400612"/>
    <nd ref="260400613"/>
    <nd ref="461564200"/>
    <nd ref="3420352884"/>
    <nd ref="3420352885"/>
    <nd ref="260400614"/>
    <nd ref="3420352886"/>
    <nd ref="3420352887"/>
    <nd ref="260400615"/>
    <nd ref="3420352888"/>
    <nd ref="3420352889"/>
    <nd ref="257945087"/>
    <tag k="highway" v="service"/>
  </way>
  <way id="24024962">
    <nd ref="20910682"/>
    <nd ref="2103990397"/>
    <nd ref="2104053494"/>
    <nd ref="3273327796"/>
    <nd ref="257957321"/>
    <nd ref="2103082031"/>
    <nd ref="4843796488"/>
    <nd ref="257948814"/>
    <nd ref="257948815"/>
    <nd ref="366369967"/>
    <nd ref="20910683"/>
    <nd ref="366369884"/>
    <nd ref="366369423"/>
    <nd ref="2091856128"/>
    <nd ref="2089934522"/>
    <nd ref="6749717923"/>
    <nd ref="26044223"/>
    <tag k="highway" v="unclassified"/>
    <tag k="maxspeed" v="30"/>
    <tag k="name" v="Kienberger Straße"/>
    <tag k="surface" v="asphalt"/>
  </way>
  <way id="24024991">
    <nd ref="26044236"/>
    <nd ref="257958389"/>
    <nd ref="436946569"/>
    <tag k="highway" v="secondary"/>
    <tag k="lanes" v="2"/>
    <tag k="lit" v="no"/>
    <tag k="maxspeed" v="50"/>
    <tag k="name" v="Ampertalstraße"/>
    <tag k="ref" v="St 2054"/>
    <tag k="surface" v="asphalt"/>
    <tag k="tmc" v="DE:27428/35055"/>
  </way>
  <way id="24025010">
    <nd ref="17205449"/>
    <nd ref="8476529126"/>
    <nd ref="260547329"/>
    <nd ref="260547330"/>
    <tag k="highway" v="residential"/>
    <tag k="lcn" v="yes"/>
    <tag k="maxspeed" v="30"/>
    <tag k="maxweight" v="3.5"/>
    <tag k="maxweight:conditional" v="none @ destination"/>
    <tag k="name" v="Freisinger Straße"/>
  </way>
  <way id="24025079">
    <nd ref="260547980"/>
    <nd ref="436951226"/>
    <tag k="highway" v="footway"/>
  </way>
  <way id="24025096">
    <nd ref="366633445"/>
    <nd ref="8693573574"/>
    <nd ref="260548084"/>
    <nd ref="13339036150"/>
    <nd ref="260548085"/>
    <nd ref="260548086"/>
    <nd ref="260548087"/>
    <nd ref="260548088"/>
    <tag k="highway" v="residential"/>
    <tag k="maxspeed" v="30"/>
    <tag k="maxweight" v="3.5"/>
    <tag k="maxweight:conditional" v="none @ agricultural;destination"/>
    <tag k="name" v="Kirchstraße"/>
  </way>
  <way id="24025099">
    <nd ref="260548114"/>
    <nd ref="260548115"/>
    <tag k="created_by" v="Potlatch 0.8b"/>
    <tag k="highway" v="service"/>
    <tag k="motor_vehicle" v="destination"/>
    <tag k="name" v="Schulstraße"/>
    <tag k="source:motor_vehicle" v="survey"/>
  </way>
  <way id="24025102">
    <nd ref="257957085"/>
    <nd ref="260548202"/>
    <nd ref="260548203"/>
    <nd ref="616227419"/>
    <nd ref="260548204"/>
    <nd ref="260548205"/>
    <nd ref="260548206"/>
    <nd ref="260548115"/>
    <tag k="highway" v="residential"/>
    <tag k="maxspeed" v="30"/>
    <tag k="name" v="Schulstraße"/>
  </way>
  <way id="24029185">
    <nd ref="559904046"/>
    <nd ref="559904029"/>
    <nd ref="559904011"/>
    <nd ref="559903994"/>
    <nd ref="26545730"/>
    <nd ref="260588839"/>
    <nd ref="260588840"/>
    <tag k="access" v="private"/>
    <tag k="highway" v="track"/>
    <tag k="source" v="survey"/>
    <tag k="tracktype" v="grade2"/>
  </way>
  <way id="24029196">
    <nd ref="260588277"/>
    <nd ref="260588937"/>
    <nd ref="260588938"/>
    <nd ref="260588939"/>
    <nd ref="260588940"/>
    <nd ref="260588941"/>
    <nd ref="260588942"/>
    <nd ref="260588943"/>
    <nd ref="260588944"/>
    <nd ref="5895080232"/>
    <nd ref="260588945"/>
    <nd ref="260588946"/>
    <nd ref="260588947"/>
    <nd ref="260588948"/>
    <nd ref="5895080231"/>
    <nd ref="259145223"/>
    <tag k="highway" v="track"/>
    <tag k="tracktype" v="grade4"/>
  </way>
  <way id="24029220">
    <nd ref="257952387"/>
    <nd ref="2068442814"/>
    <nd ref="260589327"/>
    <nd ref="260589328"/>
    <nd ref="260589329"/>
    <nd ref="260589330"/>
    <nd ref="2068442822"/>
    <nd ref="385664775"/>
    <nd ref="260589331"/>
    <nd ref="385664776"/>
    <nd ref="2068442826"/>
    <nd ref="385664777"/>
    <nd ref="27160708"/>
    <nd ref="344185999"/>
    <tag k="bicycle" v="yes"/>
    <tag k="highway" v="track"/>
    <tag k="tracktype" v="grade2"/>
  </way>
  <way id="24029244">
    <nd ref="260589934"/>
    <nd ref="11256123709"/>
    <nd ref="260589935"/>
    <nd ref="260589936"/>
    <nd ref="260589938"/>
    <nd ref="2472382993"/>
    <nd ref="2472382992"/>
    <nd ref="2472382991"/>
    <nd ref="810552815"/>
    <tag k="bicycle" v="designated"/>
    <tag k="foot" v="designated"/>
    <tag k="highway" v="path"/>
    <tag k="segregated" v="no"/>
    <tag k="smoothness" v="good"/>
    <tag k="surface" v="asphalt"/>
    <tag k="tracktype" v="grade1"/>
    <tag k="traffic_sign" v="DE:240"/>
    <tag k="width" v="2.0"/>
  </way>
  <way id="24039999">
    <nd ref="452628799"/>
    <nd ref="452628798"/>
    <nd ref="452628797"/>
    <nd ref="1756479689"/>
    <nd ref="452628796"/>
    <tag k="highway" v="track"/>
    <tag k="surface" v="compacted"/>
    <tag k="tracktype" v="grade2"/>
    <tag k="vehicle:backward" v="destination"/>
    <tag k="vehicle:forward" v="agricultural"/>
  </way>
  <way id="24040107">
    <nd ref="260714219"/>
    <nd ref="260714220"/>
    <nd ref="260714221"/>
    <nd ref="260714222"/>
    <nd ref="2185652297"/>
    <nd ref="2472375385"/>
    <nd ref="260714223"/>
    <nd ref="2472375386"/>
    <nd ref="260714224"/>
    <nd ref="260714225"/>
    <nd ref="260714226"/>
    <nd ref="2185349942"/>
    <nd ref="260714227"/>
    <tag k="highway" v="cycleway"/>
    <tag k="surface" v="asphalt"/>
    <tag k="tracktype" v="grade1"/>
  </way>
  <way id="24040108">
    <nd ref="287162932"/>
    <nd ref="287162933"/>
    <nd ref="260714260"/>
    <nd ref="287162934"/>
    <tag k="bicycle" v="designated"/>
    <tag k="foot" v="designated"/>
    <tag k="highway" v="path"/>
    <tag k="segregated" v="no"/>
    <tag k="surface" v="asphalt"/>
  </way>
  <way id="24040112">
    <nd ref="17205449"/>
    <nd ref="287162934"/>
    <tag k="highway" v="residential"/>
    <tag k="lcn" v="yes"/>
    <tag k="name" v="Göttschlag"/>
  </way>
  <way id="24040113">
    <nd ref="260547330"/>
    <nd ref="260714323"/>
    <nd ref="260714324"/>
    <nd ref="1501334302"/>
    <nd ref="260714325"/>
    <nd ref="260714326"/>
    <nd ref="260714327"/>
    <nd ref="260714328"/>
    <nd ref="260714329"/>
    <nd ref="260714330"/>
    <nd ref="260714331"/>
    <nd ref="260714332"/>
    <nd ref="257949700"/>
    <tag k="highway" v="track"/>
    <tag k="tracktype" v="grade3"/>
    <tag k="vehicle" v="agricultural"/>
  </way>
  <way id="24222077">
    <nd ref="262265152"/>
    <nd ref="2689017897"/>
    <nd ref="262265153"/>
    <nd ref="560346721"/>
    <nd ref="560346730"/>
    <nd ref="262265154"/>
    <nd ref="262265155"/>
    <nd ref="262265156"/>
    <nd ref="2689017894"/>
    <nd ref="262265157"/>
    <nd ref="287163306"/>
    <nd ref="287163292"/>
    <nd ref="287163293"/>
    <nd ref="262265158"/>
    <nd ref="262265159"/>
    <nd ref="262265160"/>
    <nd ref="287163294"/>
    <nd ref="287163307"/>
    <nd ref="287163296"/>
    <nd ref="262265161"/>
    <nd ref="262265162"/>
    <nd ref="262265163"/>
    <nd ref="287163308"/>
    <nd ref="262265164"/>
    <nd ref="262265165"/>
    <nd ref="262265166"/>
    <nd ref="287163309"/>
    <nd ref="262265167"/>
    <tag k="highway" v="track"/>
    <tag k="maxweight" v="3.5"/>
    <tag k="maxweight:conditional" v="none @ agricultural"/>
    <tag k="surface" v="gravel"/>
    <tag k="tracktype" v="grade2"/>
  </way>
  <way id="24222088">
    <nd ref="262265191"/>
    <nd ref="8690078893"/>
    <nd ref="262265192"/>
    <nd ref="262265193"/>
    <nd ref="262265194"/>
    <nd ref="262265195"/>
    <nd ref="262265196"/>
    <nd ref="4851782096"/>
    <nd ref="262265197"/>
    <nd ref="262265198"/>
    <nd ref="262265199"/>
    <nd ref="262265200"/>
    <nd ref="262265201"/>
    <nd ref="262265202"/>
    <nd ref="392275726"/>
    <tag k="highway" v="track"/>
    <tag k="surface" v="compacted"/>
    <tag k="tracktype" v="grade3"/>
  </way>
  <way id="24222089">
    <nd ref="262265205"/>
    <nd ref="538793256"/>
    <nd ref="262265206"/>
    <nd ref="262265207"/>
    <nd ref="4851775789"/>
    <nd ref="262265208"/>
    <nd ref="262265209"/>
    <nd ref="262265210"/>
    <nd ref="262265211"/>
    <nd ref="4851775788"/>
    <nd ref="262265212"/>
    <nd ref="262265213"/>
    <nd ref="262265191"/>
    <tag k="highway" v="track"/>
    <tag k="tracktype" v="grade5"/>
  </way>
  <way id="24238232">
    <nd ref="257952387"/>
    <nd ref="2472382994"/>
    <nd ref="257952388"/>
    <nd ref="26424688"/>
    <tag k="bicycle" v="yes"/>
    <tag k="highway" v="service"/>
    <tag k="surface" v="asphalt"/>
    <tag k="tracktype" v="grade1"/>
  </way>
  <way id="24238269">
    <nd ref="436946569"/>
    <nd ref="262433024"/>
    <nd ref="262433025"/>
    <nd ref="262433026"/>
    <nd ref="262433027"/>
    <nd ref="262433028"/>
    <nd ref="262433029"/>
    <nd ref="262433030"/>
    <nd ref="262433031"/>
    <nd ref="460647547"/>
    <nd ref="262433033"/>
    <nd ref="262433034"/>
    <nd ref="262433035"/>
    <nd ref="3913072431"/>
    <nd ref="3913072437"/>
    <nd ref="262433036"/>
    <nd ref="3913072442"/>
    <nd ref="262433037"/>
    <nd ref="262433038"/>
    <nd ref="262433039"/>
    <nd ref="262433040"/>
    <nd ref="262433041"/>
    <nd ref="262433042"/>
    <nd ref="262433043"/>
    <nd ref="262433044"/>
    <nd ref="262433066"/>
    <nd ref="262433045"/>
    <nd ref="262433046"/>
    <nd ref="2195289703"/>
    <nd ref="262433047"/>
    <nd ref="2195289704"/>
    <nd ref="262433048"/>
    <nd ref="262433049"/>
    <nd ref="262433050"/>
    <nd ref="262433051"/>
    <nd ref="262433052"/>
    <nd ref="257947966"/>
    <tag k="foot" v="yes"/>
    <tag k="highway" v="cycleway"/>
    <tag k="lcn" v="yes"/>
    <tag k="smoothness" v="excellent"/>
    <tag k="surface" v="asphalt"/>
    <tag k="tracktype" v="grade1"/>
  </way>
  <way id="24238272">
    <nd ref="262433061"/>
    <nd ref="262433062"/>
    <nd ref="262433063"/>
    <nd ref="262433064"/>
    <nd ref="262433065"/>
    <nd ref="262433066"/>
    <nd ref="2194550352"/>
    <tag k="bicycle" v="designated"/>
    <tag k="foot" v="designated"/>
    <tag k="highway" v="track"/>
    <tag k="horse" v="no"/>
    <tag k="segregated" v="no"/>
    <tag k="surface" v="compacted"/>
    <tag k="tracktype" v="grade2"/>
  </way>
  <way id="24238368">
    <nd ref="256406008"/>
    <nd ref="1489442412"/>
    <nd ref="262433858"/>
    <nd ref="262433859"/>
    <nd ref="262433860"/>
    <nd ref="262433861"/>
    <nd ref="262433862"/>
    <nd ref="262433863"/>
    <nd ref="262433864"/>
    <nd ref="262433865"/>
    <nd ref="262433866"/>
    <nd ref="262433867"/>
    <nd ref="262433868"/>
    <nd ref="262433869"/>
    <tag k="access" v="yes"/>
    <tag k="highway" v="track"/>
    <tag k="maxweight" v="3.5"/>
    <tag k="maxweight:conditional" v="none @ agricultural"/>
    <tag k="source" v="yahoo"/>
    <tag k="surface" v="compacted"/>
    <tag k="tracktype" v="grade2"/>
  </way>
  <way id="24238435">
    <nd ref="366368464"/>
    <nd ref="262434125"/>
    <tag k="created_by" v="Potlatch 0.10f"/>
    <tag k="highway" v="footway"/>
    <tag k="surface" v="paving_stones"/>
  </way>
  <way id="24354266">
    <nd ref="264192423"/>
    <nd ref="315124998"/>
    <nd ref="11252515454"/>
    <nd ref="11252515453"/>
    <nd ref="2181234736"/>
    <nd ref="264192424"/>
    <nd ref="264192425"/>
    <nd ref="264192427"/>
    <nd ref="264192428"/>
    <tag k="highway" v="track"/>
    <tag k="surface" v="asphalt"/>
    <tag k="tracktype" v="grade1"/>
  </way>
  <way id="24354267">
    <nd ref="264192428"/>
    <nd ref="264192429"/>
    <nd ref="264192430"/>
    <nd ref="264192431"/>
    <nd ref="264192433"/>
    <tag k="access" v="agricultural"/>
    <tag k="highway" v="track"/>
    <tag k="tracktype" v="grade2"/>
  </way>
  <way id="25480123">
    <nd ref="257926826"/>
    <nd ref="257926828"/>
    <nd ref="257926830"/>
    <nd ref="8100294685"/>
    <tag k="highway" v="unclassified"/>
    <tag k="surface" v="asphalt"/>
  </way>
  <way id="26225766">
    <nd ref="287161952"/>
    <nd ref="287161953"/>
    <nd ref="287161954"/>
    <nd ref="9384457140"/>
    <nd ref="287161955"/>
    <nd ref="287161956"/>
    <nd ref="257951718"/>
    <tag k="highway" v="residential"/>
    <tag k="name" v="Zur Kirche"/>
  </way>
  <way id="26225778">
    <nd ref="287162162"/>
    <nd ref="287162163"/>
    <nd ref="9384447979"/>
    <nd ref="287162164"/>
    <nd ref="287162165"/>
    <nd ref="9384457105"/>
    <nd ref="287162166"/>
    <nd ref="9384457104"/>
    <nd ref="9384457108"/>
    <nd ref="287162167"/>
    <nd ref="257951718"/>
    <tag k="highway" v="residential"/>
    <tag k="name" v="Am Hang"/>
    <tag k="surface" v="asphalt"/>
  </way>
  <way id="26225788">
    <nd ref="287162597"/>
    <nd ref="287162666"/>
    <nd ref="287162599"/>
    <nd ref="287162668"/>
    <nd ref="287162601"/>
    <nd ref="287162669"/>
    <nd ref="287162603"/>
    <nd ref="287162670"/>
    <nd ref="287162605"/>
    <nd ref="287162671"/>
    <nd ref="287162607"/>
    <nd ref="287162672"/>
    <nd ref="287162609"/>
    <nd ref="287162673"/>
    <nd ref="287162612"/>
    <nd ref="287162633"/>
    <tag k="created_by" v="Potlatch 0.10b"/>
    <tag k="highway" v="track"/>
    <tag k="tracktype" v="grade3"/>
  </way>
  <way id="26225790">
    <nd ref="287162633"/>
    <nd ref="287162634"/>
    <nd ref="26424990"/>
    <tag k="created_by" v="Potlatch 0.10f"/>
    <tag k="highway" v="residential"/>
    <tag k="name" v="Zur Au"/>
    <tag k="surface" v="asphalt"/>
  </way>
  <way id="27709614">
    <nd ref="259146595"/>
    <nd ref="2159930662"/>
    <nd ref="2266571054"/>
    <nd ref="2159930663"/>
    <nd ref="2159930664"/>
    <nd ref="2159930665"/>
    <nd ref="17205456"/>
    <tag k="access" v="private"/>
    <tag k="highway" v="track"/>
    <tag k="source" v="survey"/>
    <tag k="tracktype" v="grade4"/>
  </way>
  <way id="28675692">
    <nd ref="17205291"/>
    <nd ref="315125445"/>
    <nd ref="315125447"/>
    <nd ref="315125448"/>
    <nd ref="315125449"/>
    <nd ref="315125573"/>
    <nd ref="315125538"/>
    <nd ref="315125455"/>
    <tag k="highway" v="residential"/>
    <tag k="maxspeed" v="30"/>
    <tag k="name" v="An den Weiden"/>
  </way>
  <way id="28675696">
    <nd ref="315125447"/>
    <nd ref="315125532"/>
    <nd ref="315125551"/>
    <nd ref="315125534"/>
    <nd ref="315125535"/>
    <nd ref="315125536"/>
    <nd ref="315125537"/>
    <nd ref="315125538"/>
    <tag k="highway" v="residential"/>
    <tag k="maxspeed" v="30"/>
    <tag k="name" v="Akazienring"/>
  </way>
  <way id="28675699">
    <nd ref="315125551"/>
    <nd ref="315125449"/>
    <tag k="highway" v="residential"/>
    <tag k="maxspeed" v="30"/>
    <tag k="name" v="Erlenweg"/>
  </way>
  <way id="28675708">
    <nd ref="315125535"/>
    <nd ref="315125573"/>
    <tag k="created_by" v="Potlatch 0.10f"/>
    <tag k="highway" v="residential"/>
    <tag k="name" v="Birkenweg"/>
  </way>
  <way id="28675711">
    <nd ref="315125574"/>
    <nd ref="315125578"/>
    <nd ref="315125582"/>
    <nd ref="315125584"/>
    <nd ref="315125586"/>
    <nd ref="315125588"/>
    <tag k="highway" v="residential"/>
    <tag k="maxspeed" v="50"/>
    <tag k="name" v="Am Moosbolt"/>
  </way>
  <way id="28675803">
    <nd ref="315126613"/>
    <nd ref="315126637"/>
    <nd ref="315126638"/>
    <nd ref="8954127655"/>
    <nd ref="315126639"/>
    <nd ref="315126640"/>
    <nd ref="315126641"/>
    <nd ref="315126642"/>
    <nd ref="7404430288"/>
    <nd ref="315126643"/>
    <nd ref="7404393583"/>
    <nd ref="315126644"/>
    <nd ref="315126645"/>
    <tag k="highway" v="residential"/>
    <tag k="maxspeed" v="50"/>
    <tag k="name" v="Oberkienberg"/>
  </way>
  <way id="28675814">
    <nd ref="616967009"/>
    <nd ref="315126977"/>
    <nd ref="11252506928"/>
    <nd ref="315126978"/>
    <nd ref="11252506929"/>
    <nd ref="315126979"/>
    <nd ref="11252506930"/>
    <nd ref="315126980"/>
    <nd ref="315126981"/>
    <nd ref="11252506931"/>
    <nd ref="315126982"/>
    <nd ref="315126983"/>
    <nd ref="257947926"/>
    <tag k="highway" v="track"/>
    <tag k="tracktype" v="grade3"/>
  </way>
  <way id="28717363">
    <nd ref="315734471"/>
    <nd ref="259400965"/>
    <nd ref="259400966"/>
    <nd ref="4784895121"/>
    <nd ref="4784895125"/>
    <nd ref="259400967"/>
    <nd ref="4784895126"/>
    <nd ref="259400968"/>
    <nd ref="4784895123"/>
    <nd ref="259400969"/>
    <nd ref="4784895122"/>
    <nd ref="4784895124"/>
    <nd ref="259400970"/>
    <nd ref="4784891361"/>
    <nd ref="539423947"/>
    <nd ref="4784891358"/>
    <nd ref="259400971"/>
    <nd ref="539423942"/>
    <nd ref="4784891354"/>
    <nd ref="259400972"/>
    <nd ref="259400973"/>
    <nd ref="4784891356"/>
    <nd ref="4784891363"/>
    <nd ref="4784891355"/>
    <nd ref="259400974"/>
    <nd ref="291203628"/>
    <nd ref="259400975"/>
    <nd ref="4784891353"/>
    <nd ref="259400976"/>
    <nd ref="4784891359"/>
    <nd ref="259400977"/>
    <nd ref="2513749371"/>
    <nd ref="259400978"/>
    <nd ref="259400979"/>
    <nd ref="2513749377"/>
    <nd ref="2513749374"/>
    <nd ref="2513749372"/>
    <nd ref="2513749367"/>
    <nd ref="259400980"/>
    <nd ref="2513751142"/>
    <nd ref="2513749369"/>
    <nd ref="259400981"/>
    <nd ref="259400982"/>
    <nd ref="4851768443"/>
    <nd ref="259400983"/>
    <nd ref="11042852233"/>
    <nd ref="4851768444"/>
    <nd ref="11042852230"/>
    <nd ref="11042852232"/>
    <nd ref="11042852231"/>
    <nd ref="259400984"/>
    <nd ref="259400985"/>
    <nd ref="259400986"/>
    <nd ref="6749849357"/>
    <nd ref="291203626"/>
    <nd ref="1371486716"/>
    <tag k="highway" v="track"/>
    <tag k="smoothness" v="bad"/>
    <tag k="source" v="survey 2019-08-22"/>
    <tag k="surface" v="gravel"/>
  </way>
  <way id="28717370">
    <nd ref="315734477"/>
    <nd ref="315734481"/>
    <nd ref="315734483"/>
    <nd ref="315734484"/>
    <nd ref="315734485"/>
    <nd ref="315734486"/>
    <nd ref="315734488"/>
    <nd ref="315734489"/>
    <nd ref="315734490"/>
    <tag k="created_by" v="Merkaartor 0.12"/>
    <tag k="highway" v="track"/>
    <tag k="tracktype" v="grade4"/>
  </way>
  <way id="28797694">
    <nd ref="17205277"/>
    <nd ref="12760605915"/>
    <nd ref="8977449130"/>
    <nd ref="2152718683"/>
    <nd ref="257917818"/>
    <nd ref="2152673173"/>
    <nd ref="257917819"/>
    <nd ref="17205305"/>
    <nd ref="2152673180"/>
    <nd ref="17205287"/>
    <nd ref="17205295"/>
    <tag k="bdouble" v="yes"/>
    <tag k="foot" v="yes"/>
    <tag k="highway" v="secondary"/>
    <tag k="lit" v="yes"/>
    <tag k="maxspeed" v="50"/>
    <tag k="parking:both" v="no"/>
    <tag k="ref" v="St 2054"/>
    <tag k="surface" v="asphalt"/>
    <tag k="tmc" v="DE:27427/27428"/>
  </way>
  <way id="28797695">
    <nd ref="287043195"/>
    <nd ref="257926150"/>
    <nd ref="2152718675"/>
    <nd ref="3809870197"/>
    <nd ref="3809870198"/>
    <nd ref="17205457"/>
    <nd ref="257926151"/>
    <nd ref="2152718677"/>
    <nd ref="287043194"/>
    <nd ref="3809870192"/>
    <nd ref="3809870193"/>
    <nd ref="17205482"/>
    <nd ref="2152718681"/>
    <nd ref="257926152"/>
    <nd ref="3809870194"/>
    <nd ref="17205282"/>
    <nd ref="257926153"/>
    <nd ref="2152718679"/>
    <nd ref="3809870195"/>
    <nd ref="3809870196"/>
    <nd ref="17205277"/>
    <nd ref="287043195"/>
    <tag k="bdouble" v="yes"/>
    <tag k="cycleway:right" v="no"/>
    <tag k="foot" v="yes"/>
    <tag k="highway" v="secondary"/>
    <tag k="junction" v="roundabout"/>
    <tag k="lane_markings" v="no"/>
    <tag k="lit" v="yes"/>
    <tag k="maxspeed" v="50"/>
    <tag k="sidewalk" v="no"/>
    <tag k="smoothness" v="good"/>
    <tag k="surface" v="asphalt"/>
    <tag k="tmc" v="DE:27428"/>
  </way>
  <way id="28797746">
    <nd ref="257926614"/>
    <nd ref="316630600"/>
    <nd ref="2104243648"/>
    <tag k="highway" v="service"/>
    <tag k="service" v="parking_aisle"/>
    <tag k="service:bicycle:chain_tool" v="dr"/>
    <tag k="surface" v="asphalt"/>
  </way>
  <way id="28797754">
    <nd ref="316630624"/>
    <nd ref="316630625"/>
    <nd ref="316630609"/>
    <tag k="highway" v="service"/>
    <tag k="service" v="parking_aisle"/>
    <tag k="surface" v="asphalt"/>
  </way>
  <way id="28797760">
    <nd ref="316630573"/>
    <nd ref="316630572"/>
    <nd ref="316630625"/>
    <tag k="highway" v="service"/>
    <tag k="service" v="parking_aisle"/>
    <tag k="surface" v="asphalt"/>
  </way>
  <way id="28797865">
    <nd ref="260548056"/>
    <nd ref="260548057"/>
    <tag k="bicycle" v="dismount"/>
    <tag k="bridge" v="yes"/>
    <tag k="foot" v="yes"/>
    <tag k="highway" v="path"/>
    <tag k="name" v="Heinrich-Winkler-Steg"/>
  </way>
  <way id="28797939">
    <nd ref="316631472"/>
    <nd ref="316631529"/>
    <nd ref="316631530"/>
    <nd ref="316631531"/>
    <nd ref="316631532"/>
    <nd ref="3913072435"/>
    <nd ref="3913072434"/>
    <nd ref="316631533"/>
    <nd ref="316631535"/>
    <nd ref="3913072430"/>
    <nd ref="316631536"/>
    <nd ref="3913072426"/>
    <nd ref="316631537"/>
    <nd ref="316631538"/>
    <tag k="highway" v="track"/>
    <tag k="tracktype" v="grade2"/>
  </way>
  <way id="30955523">
    <nd ref="4709358407"/>
    <nd ref="344202448"/>
    <tag k="bicycle" v="yes"/>
    <tag k="highway" v="track"/>
    <tag k="tracktype" v="grade1"/>
  </way>
  <way id="31149338">
    <nd ref="257952976"/>
    <nd ref="346557121"/>
    <nd ref="346557122"/>
    <nd ref="346557123"/>
    <nd ref="346557124"/>
    <tag k="access" v="private"/>
    <tag k="highway" v="track"/>
    <tag k="name" v="Amperdamm"/>
    <tag k="tracktype" v="grade3"/>
  </way>
  <way id="31149371">
    <nd ref="17205448"/>
    <nd ref="346557937"/>
    <nd ref="346557938"/>
    <nd ref="2185349937"/>
    <nd ref="2185349938"/>
    <nd ref="346557939"/>
    <nd ref="346557940"/>
    <tag k="highway" v="track"/>
  </way>
  <way id="32555191">
    <nd ref="257955318"/>
    <nd ref="334293501"/>
    <nd ref="334291325"/>
    <nd ref="257955319"/>
    <nd ref="334291326"/>
    <nd ref="17205273"/>
    <tag k="highway" v="residential"/>
    <tag k="lane_markings" v="no"/>
    <tag k="motor_vehicle" v="no"/>
    <tag k="motorcar" v="no"/>
    <tag k="motorcycle" v="no"/>
    <tag k="name" v="Albert-Schweitzer-Straße"/>
    <tag k="surface" v="asphalt"/>
  </way>
  <way id="32555257">
    <nd ref="257956690"/>
    <nd ref="257956691"/>
    <tag k="highway" v="residential"/>
    <tag k="maxspeed" v="30"/>
    <tag k="motor_vehicle" v="destination"/>
    <tag k="name" v="Sebastian-Bach-Weg"/>
  </way>
  <way id="32555347">
    <nd ref="257958894"/>
    <nd ref="257959235"/>
    <nd ref="257959236"/>
    <nd ref="257959237"/>
    <nd ref="257959238"/>
    <nd ref="257959239"/>
    <nd ref="257959240"/>
    <nd ref="257959242"/>
    <nd ref="257959243"/>
    <nd ref="257959244"/>
    <nd ref="257959245"/>
    <nd ref="460645819"/>
    <nd ref="257959247"/>
    <nd ref="257959248"/>
    <nd ref="257959250"/>
    <nd ref="257959251"/>
    <nd ref="257959252"/>
    <nd ref="8251161581"/>
    <nd ref="257959253"/>
    <tag k="highway" v="living_street"/>
    <tag k="name" v="Dominikus-Käser-Straße"/>
    <tag k="surface" v="asphalt"/>
  </way>
  <way id="32555458">
    <nd ref="257954152"/>
    <nd ref="3777362683"/>
    <nd ref="8692259818"/>
    <nd ref="257953351"/>
    <tag k="highway" v="residential"/>
    <tag k="name" v="Wiesenweg"/>
  </way>
  <way id="32555506">
    <nd ref="257953784"/>
    <nd ref="257953859"/>
    <nd ref="257953860"/>
    <nd ref="257953861"/>
    <nd ref="257953862"/>
    <nd ref="257953863"/>
    <tag k="highway" v="residential"/>
    <tag k="maxspeed" v="30"/>
    <tag k="name" v="Anton-Lamprecht-Ring"/>
  </way>
  <way id="32555547">
    <nd ref="257926616"/>
    <nd ref="2152673142"/>
    <nd ref="2152637749"/>
    <nd ref="316630573"/>
    <nd ref="316630609"/>
    <nd ref="257926615"/>
    <nd ref="257926614"/>
    <nd ref="316630624"/>
    <nd ref="2152673159"/>
    <nd ref="2152637750"/>
    <nd ref="1475197071"/>
    <nd ref="2152620303"/>
    <nd ref="257926498"/>
    <nd ref="2152620304"/>
    <nd ref="2152637771"/>
    <nd ref="2104243648"/>
    <nd ref="17205287"/>
    <tag k="highway" v="service"/>
    <tag k="name" v="Bürgermeister-Neumeyr-Straße"/>
  </way>
  <way id="32555576">
    <nd ref="257926498"/>
    <nd ref="366144474"/>
    <nd ref="1475197056"/>
    <nd ref="366144475"/>
    <tag k="highway" v="service"/>
    <tag k="name" v="Bürgermeister-Sgoff-Straße"/>
  </way>
  <way id="32555675">
    <nd ref="257957707"/>
    <nd ref="366145190"/>
    <nd ref="13713857192"/>
    <nd ref="13713857191"/>
    <nd ref="13713857190"/>
    <nd ref="366145191"/>
    <nd ref="366145192"/>
    <tag k="highway" v="service"/>
    <tag k="motor_vehicle" v="destination"/>
    <tag k="name" v="Ludwig-Thoma-Straße"/>
  </way>
  <way id="32558225">
    <nd ref="262433876"/>
    <nd ref="262433895"/>
    <nd ref="262433896"/>
    <nd ref="4843867933"/>
    <nd ref="262433897"/>
    <nd ref="4843867932"/>
    <nd ref="262433898"/>
    <nd ref="262433899"/>
    <nd ref="2123599289"/>
    <nd ref="2123599290"/>
    <nd ref="2123599291"/>
    <nd ref="262433900"/>
    <tag k="bicycle" v="designated"/>
    <tag k="foot" v="designated"/>
    <tag k="highway" v="path"/>
    <tag k="segregated" v="no"/>
    <tag k="surface" v="asphalt"/>
  </way>
  <way id="32558410">
    <nd ref="366188402"/>
    <nd ref="11257758631"/>
    <nd ref="11257758635"/>
    <nd ref="11257758632"/>
    <nd ref="11257758630"/>
    <nd ref="11257762437"/>
    <nd ref="11257762438"/>
    <nd ref="11257762439"/>
    <nd ref="11257758636"/>
    <nd ref="366188612"/>
    <nd ref="9132793237"/>
    <tag k="highway" v="residential"/>
    <tag k="maxspeed" v="30"/>
    <tag k="name" v="Abt-Joseph-Straße"/>
    <tag k="sidewalk" v="right"/>
    <tag k="surface" v="asphalt"/>
  </way>
  <way id="32592588">
    <nd ref="11257758630"/>
    <nd ref="366634677"/>
    <nd ref="11257758627"/>
    <nd ref="366634678"/>
    <nd ref="11257758628"/>
    <nd ref="11257758626"/>
    <nd ref="366634679"/>
    <tag k="highway" v="residential"/>
    <tag k="maxspeed" v="30"/>
    <tag k="name" v="Josef-Schmid-Straße"/>
  </way>
  <way id="32592949">
    <nd ref="257958894"/>
    <nd ref="257958895"/>
    <nd ref="257958897"/>
    <tag k="highway" v="living_street"/>
    <tag k="name" v="Dominikus-Käser-Straße"/>
  </way>
  <way id="32594360">
    <nd ref="257956248"/>
    <nd ref="366534315"/>
    <nd ref="8532164824"/>
    <nd ref="366534317"/>
    <nd ref="2154037816"/>
    <nd ref="366635394"/>
    <nd ref="366534318"/>
    <tag k="highway" v="residential"/>
    <tag k="maxspeed" v="30"/>
    <tag k="name" v="Anton-Bruckner-Straße"/>
  </way>
  <way id="32599444">
    <nd ref="366588894"/>
    <nd ref="366589084"/>
    <tag k="created_by" v="Potlatch 0.10f"/>
    <tag k="highway" v="residential"/>
    <tag k="name" v="Auenstraße"/>
  </way>
  <way id="32599539">
    <nd ref="366589880"/>
    <nd ref="366589976"/>
    <tag k="created_by" v="Potlatch 0.10f"/>
    <tag k="highway" v="residential"/>
    <tag k="name" v="Seestraße"/>
  </way>
  <way id="32599563">
    <nd ref="366589113"/>
    <nd ref="366590444"/>
    <nd ref="366590447"/>
    <tag k="created_by" v="Potlatch 0.10f"/>
    <tag k="highway" v="residential"/>
    <tag k="name" v="Auenstraße"/>
  </way>
  <way id="32599641">
    <nd ref="366591034"/>
    <nd ref="366591163"/>
    <tag k="created_by" v="Potlatch 0.10f"/>
    <tag k="highway" v="residential"/>
    <tag k="name" v="Franz-Liszt-Straße"/>
  </way>
  <way id="32599735">
    <nd ref="257953859"/>
    <nd ref="366592000"/>
    <tag k="highway" v="residential"/>
    <tag k="maxspeed" v="30"/>
    <tag k="name" v="Anton-Lamprecht-Ring"/>
  </way>
  <way id="32599763">
    <nd ref="257953860"/>
    <nd ref="366592131"/>
    <tag k="highway" v="residential"/>
    <tag k="maxspeed" v="30"/>
    <tag k="name" v="Anton-Lamprecht-Ring"/>
  </way>
  <way id="32599922">
    <nd ref="257954458"/>
    <nd ref="257954352"/>
    <tag k="highway" v="residential"/>
    <tag k="maxspeed" v="30"/>
    <tag k="name" v="Forellenweg"/>
  </way>
  <way id="32599948">
    <nd ref="366593240"/>
    <nd ref="366593452"/>
    <nd ref="366593454"/>
    <tag k="created_by" v="Potlatch 0.10f"/>
    <tag k="highway" v="residential"/>
    <tag k="name" v="Forellenweg"/>
  </way>
  <way id="32600013">
    <nd ref="366593536"/>
    <nd ref="366593925"/>
    <nd ref="366593927"/>
    <nd ref="366593929"/>
    <tag k="highway" v="residential"/>
    <tag k="maxspeed" v="30"/>
    <tag k="name" v="Hakenwehrstraße"/>
    <tag k="surface" v="asphalt"/>
  </way>
  <way id="32600037">
    <nd ref="366593979"/>
    <nd ref="366594018"/>
    <tag k="highway" v="residential"/>
    <tag k="name" v="Göttschlag"/>
  </way>
  <way id="32600087">
    <nd ref="257949698"/>
    <nd ref="366594774"/>
    <nd ref="565352064"/>
    <tag k="highway" v="residential"/>
  </way>
  <way id="32600109">
    <nd ref="287162068"/>
    <nd ref="2730969426"/>
    <nd ref="9384457107"/>
    <nd ref="366595052"/>
    <tag k="highway" v="residential"/>
    <tag k="name" v="Herrnstraße"/>
  </way>
  <way id="32600322">
    <nd ref="366597523"/>
    <nd ref="287161955"/>
    <nd ref="366597890"/>
    <nd ref="9384457139"/>
    <nd ref="9384457138"/>
    <tag k="highway" v="residential"/>
    <tag k="name" v="Zur Kirche"/>
  </way>
  <way id="32600362">
    <nd ref="287163619"/>
    <nd ref="366598170"/>
    <tag k="highway" v="residential"/>
    <tag k="name" v="Amperstraße"/>
  </way>
  <way id="32600439">
    <nd ref="366598260"/>
    <nd ref="366598663"/>
    <nd ref="8548437601"/>
    <nd ref="8548437602"/>
    <tag k="highway" v="service"/>
    <tag k="service" v="driveway"/>
  </way>
  <way id="32600517">
    <nd ref="366599714"/>
    <nd ref="366599742"/>
    <tag k="highway" v="service"/>
    <tag k="name" v="Bonhoeffer-Straße"/>
  </way>
  <way id="32600521">
    <nd ref="366599759"/>
    <nd ref="366599804"/>
    <tag k="highway" v="service"/>
    <tag k="name" v="Bonhoeffer-Straße"/>
  </way>
  <way id="32600538">
    <nd ref="366599824"/>
    <nd ref="366599957"/>
    <nd ref="11756424092"/>
    <nd ref="366599961"/>
    <nd ref="11756424091"/>
    <nd ref="366599963"/>
    <nd ref="366599966"/>
    <tag k="highway" v="residential"/>
    <tag k="name" v="Paul-Gerhardt-Straße"/>
  </way>
  <way id="32600546">
    <nd ref="366599961"/>
    <nd ref="366600016"/>
    <tag k="highway" v="service"/>
    <tag k="name" v="Paul-Gerhardt-Straße"/>
  </way>
  <way id="32600549">
    <nd ref="366600041"/>
    <nd ref="2173347948"/>
    <nd ref="2173347952"/>
    <nd ref="366600069"/>
    <nd ref="366600070"/>
    <tag k="highway" v="residential"/>
    <tag k="name" v="Im Glonnfeld"/>
  </way>
  <way id="32600556">
    <nd ref="366600069"/>
    <nd ref="366600163"/>
    <nd ref="2173347950"/>
    <nd ref="2173347946"/>
    <nd ref="366599713"/>
    <tag k="highway" v="residential"/>
    <tag k="name" v="Im Glonnfeld"/>
  </way>
  <way id="32600562">
    <nd ref="366600163"/>
    <nd ref="2152733539"/>
    <nd ref="366600254"/>
    <tag k="highway" v="residential"/>
    <tag k="name" v="Im Glonnfeld"/>
  </way>
  <way id="32600700">
    <nd ref="257968994"/>
    <nd ref="257968995"/>
    <nd ref="257968996"/>
    <nd ref="257968997"/>
    <tag k="highway" v="residential"/>
    <tag k="lcn" v="yes"/>
    <tag k="name" v="Kesselbodenstraße"/>
  </way>
  <way id="32600737">
    <nd ref="257965607"/>
    <nd ref="7786278465"/>
    <nd ref="366601778"/>
    <nd ref="366601779"/>
    <nd ref="366601781"/>
    <nd ref="366601782"/>
    <nd ref="366601783"/>
    <tag k="highway" v="residential"/>
    <tag k="name" v="Kesselbodenstraße"/>
  </way>
  <way id="32600757">
    <nd ref="366601786"/>
    <nd ref="366601896"/>
    <nd ref="2173347932"/>
    <nd ref="366601899"/>
    <tag k="bdouble" v="yes"/>
    <tag k="highway" v="service"/>
    <tag k="name" v="Im Lekkerland"/>
  </way>
  <way id="32600866">
    <nd ref="366603972"/>
    <nd ref="366604148"/>
    <tag k="created_by" v="Potlatch 0.10f"/>
    <tag k="highway" v="residential"/>
    <tag k="name" v="Schroßlach"/>
  </way>
  <way id="32600882">
    <nd ref="257967246"/>
    <nd ref="366603972"/>
    <nd ref="257967244"/>
    <nd ref="257967243"/>
    <nd ref="257967242"/>
    <nd ref="366604886"/>
    <nd ref="257967241"/>
    <nd ref="257967240"/>
    <tag k="highway" v="residential"/>
    <tag k="name" v="Schroßlach"/>
  </way>
  <way id="32600938">
    <nd ref="257967240"/>
    <nd ref="366604854"/>
    <nd ref="366604856"/>
    <nd ref="13564453153"/>
    <nd ref="366604857"/>
    <nd ref="366604859"/>
    <nd ref="366604860"/>
    <tag k="highway" v="residential"/>
    <tag k="name" v="Schroßlach"/>
  </way>
  <way id="32600949">
    <nd ref="366604886"/>
    <nd ref="366604971"/>
    <nd ref="11128428765"/>
    <nd ref="366604973"/>
    <tag k="highway" v="residential"/>
    <tag k="name" v="Schroßlach"/>
  </way>
  <way id="32601019">
    <nd ref="366604886"/>
    <nd ref="366606079"/>
    <nd ref="366606080"/>
    <nd ref="366606081"/>
    <tag k="created_by" v="Potlatch 0.10f"/>
    <tag k="highway" v="residential"/>
    <tag k="name" v="Schroßlach"/>
  </way>
  <way id="32601290">
    <nd ref="366608367"/>
    <nd ref="21518691"/>
    <tag k="highway" v="unclassified"/>
    <tag k="lcn" v="yes"/>
    <tag k="lit" v="yes"/>
    <tag k="maxspeed" v="50"/>
    <tag k="maxweight" v="18"/>
    <tag k="maxweight:conditional" v="none @ destination;none @ delivery"/>
    <tag k="name" v="Mühlenstraße"/>
    <tag k="surface" v="asphalt"/>
  </way>
  <way id="32601324">
    <nd ref="366608627"/>
    <nd ref="366608642"/>
    <tag k="created_by" v="Potlatch 0.10f"/>
    <tag k="highway" v="residential"/>
    <tag k="name" v="Reckmühle"/>
  </way>
  <way id="32601386">
    <nd ref="366609144"/>
    <nd ref="17205294"/>
    <nd ref="8977889189"/>
    <nd ref="17205291"/>
    <nd ref="366608627"/>
    <tag k="highway" v="unclassified"/>
    <tag k="maxspeed" v="30"/>
    <tag k="maxweight" v="18"/>
    <tag k="maxweight:conditional" v="none @ destination;none @ delivery"/>
    <tag k="name" v="Eichenstraße"/>
  </way>
  <way id="32601448">
    <nd ref="366609437"/>
    <nd ref="366609603"/>
    <nd ref="8678993258"/>
    <nd ref="366609470"/>
    <nd ref="315126097"/>
    <tag k="highway" v="residential"/>
    <tag k="name" v="Am Fußweg"/>
  </way>
  <way id="32601451">
    <nd ref="256406012"/>
    <nd ref="366609728"/>
    <nd ref="366609729"/>
    <nd ref="366609731"/>
    <nd ref="366609732"/>
    <nd ref="366609733"/>
    <nd ref="366609735"/>
    <nd ref="366609736"/>
    <nd ref="366609737"/>
    <tag k="created_by" v="Potlatch 0.10f"/>
    <tag k="highway" v="residential"/>
    <tag k="name" v="Kirchweg"/>
  </way>
  <way id="32601501">
    <nd ref="256406011"/>
    <nd ref="256406012"/>
    <nd ref="2511830009"/>
    <nd ref="8977889187"/>
    <nd ref="256406013"/>
    <nd ref="256406015"/>
    <nd ref="11252506923"/>
    <nd ref="616967011"/>
    <nd ref="11252506921"/>
    <nd ref="315734474"/>
    <nd ref="11252506922"/>
    <nd ref="616967010"/>
    <nd ref="11252506920"/>
    <nd ref="315734473"/>
    <nd ref="11252506926"/>
    <nd ref="256406016"/>
    <nd ref="11252506915"/>
    <nd ref="11252506916"/>
    <nd ref="616967009"/>
    <nd ref="11252506917"/>
    <nd ref="256406017"/>
    <nd ref="11252506919"/>
    <nd ref="11252506918"/>
    <nd ref="315734472"/>
    <nd ref="2662605951"/>
    <nd ref="256406018"/>
    <tag k="highway" v="unclassified"/>
    <tag k="maxspeed" v="30"/>
    <tag k="name" v="Bergstraße"/>
  </way>
  <way id="32601520">
    <nd ref="256406018"/>
    <nd ref="315126551"/>
    <nd ref="2662605956"/>
    <nd ref="2662605949"/>
    <nd ref="256406019"/>
    <nd ref="539424593"/>
    <nd ref="315126552"/>
    <nd ref="256406021"/>
    <nd ref="539424753"/>
    <nd ref="8684947595"/>
    <nd ref="315126553"/>
    <nd ref="539424722"/>
    <tag k="cycleway" v="no"/>
    <tag k="highway" v="unclassified"/>
    <tag k="maxspeed:backward" v="80"/>
  </way>
  <way id="32601604">
    <nd ref="256406021"/>
    <nd ref="8684947616"/>
    <nd ref="366610978"/>
    <tag k="access" v="permissive"/>
    <tag k="highway" v="residential"/>
    <tag k="name" v="Höckhof"/>
  </way>
  <way id="32601636">
    <nd ref="366611867"/>
    <nd ref="2946295579"/>
    <nd ref="315126645"/>
    <nd ref="2946295578"/>
    <nd ref="315126690"/>
    <tag k="highway" v="residential"/>
    <tag k="name" v="Oberkienberg"/>
  </way>
  <way id="32601708">
    <nd ref="27247874"/>
    <nd ref="366612686"/>
    <nd ref="366612687"/>
    <nd ref="366612689"/>
    <tag k="created_by" v="Potlatch 0.10f"/>
    <tag k="highway" v="residential"/>
    <tag k="name" v="Schlipps"/>
  </way>
  <way id="32602203">
    <nd ref="257968964"/>
    <nd ref="3280112981"/>
    <nd ref="2266365397"/>
    <nd ref="2266365415"/>
    <nd ref="257968965"/>
    <nd ref="3283157804"/>
    <nd ref="257968967"/>
    <nd ref="2266365406"/>
    <nd ref="2266365408"/>
    <nd ref="3283157793"/>
    <nd ref="257968971"/>
    <nd ref="257968973"/>
    <nd ref="2266365392"/>
    <nd ref="257968975"/>
    <nd ref="2266365395"/>
    <nd ref="2266365389"/>
    <nd ref="257968977"/>
    <nd ref="2266365411"/>
    <nd ref="2266365404"/>
    <nd ref="2266365413"/>
    <nd ref="257968979"/>
    <nd ref="3283157855"/>
    <nd ref="257968981"/>
    <nd ref="2266365393"/>
    <nd ref="257968983"/>
    <nd ref="257968985"/>
    <nd ref="2266365400"/>
    <nd ref="257968987"/>
    <nd ref="3283157820"/>
    <nd ref="257968989"/>
    <nd ref="2266365417"/>
    <nd ref="3283157829"/>
    <nd ref="257968992"/>
    <nd ref="257968993"/>
    <nd ref="257968994"/>
    <tag k="highway" v="track"/>
    <tag k="lcn" v="yes"/>
    <tag k="tracktype" v="grade3"/>
  </way>
  <way id="32603066">
    <nd ref="257958893"/>
    <nd ref="257960366"/>
    <nd ref="257960367"/>
    <nd ref="257960368"/>
    <nd ref="257960369"/>
    <nd ref="257959242"/>
    <tag k="highway" v="living_street"/>
    <tag k="name" v="Kohlstattweg"/>
  </way>
  <way id="32603071">
    <nd ref="366633090"/>
    <nd ref="257960362"/>
    <nd ref="257960363"/>
    <nd ref="257960364"/>
    <nd ref="257960365"/>
    <nd ref="257958893"/>
    <tag k="highway" v="living_street"/>
    <tag k="name" v="Amselweg"/>
  </way>
  <way id="32603127">
    <nd ref="257959227"/>
    <nd ref="366632867"/>
    <nd ref="366632868"/>
    <nd ref="366632869"/>
    <nd ref="366632870"/>
    <nd ref="257959228"/>
    <tag k="highway" v="living_street"/>
    <tag k="name" v="Amselweg"/>
  </way>
  <way id="32603181">
    <nd ref="366633127"/>
    <nd ref="366633289"/>
    <tag k="access" v="private"/>
    <tag k="highway" v="service"/>
    <tag k="name" v="Mühlbachstraße"/>
    <tag k="service" v="driveway"/>
    <tag k="source:highway" v="survey"/>
  </way>
  <way id="32603207">
    <nd ref="260548091"/>
    <nd ref="260548047"/>
    <nd ref="260548048"/>
    <nd ref="9449861661"/>
    <nd ref="260548049"/>
    <tag k="highway" v="living_street"/>
    <tag k="name" v="Kirchstraße"/>
  </way>
  <way id="32603268">
    <nd ref="366633928"/>
    <nd ref="262433910"/>
    <nd ref="262433914"/>
    <nd ref="366369967"/>
    <tag k="highway" v="residential"/>
    <tag k="maxspeed" v="30"/>
    <tag k="name" v="Uhlandstraße"/>
  </way>
  <way id="32603337">
    <nd ref="366634678"/>
    <nd ref="366634748"/>
    <tag k="highway" v="service"/>
  </way>
  <way id="32603462">
    <nd ref="4972114435"/>
    <nd ref="366635872"/>
    <nd ref="4972114438"/>
    <nd ref="4972114437"/>
    <nd ref="4972114439"/>
    <nd ref="8100294686"/>
    <tag k="foot" v="permissive"/>
    <tag k="highway" v="track"/>
    <tag k="tracktype" v="grade3"/>
  </way>
  <way id="32605538">
    <nd ref="366656270"/>
    <nd ref="366656378"/>
    <tag k="highway" v="residential"/>
    <tag k="maxspeed" v="30"/>
    <tag k="name" v="Grassingerstraße"/>
    <tag k="sidewalk" v="no"/>
    <tag k="surface" v="asphalt"/>
  </way>
  <way id="32605603">
    <nd ref="366656555"/>
    <nd ref="2154683797"/>
    <nd ref="2154683798"/>
    <nd ref="366656871"/>
    <tag k="highway" v="residential"/>
    <tag k="maxspeed" v="30"/>
    <tag k="name" v="Grassingerstraße"/>
    <tag k="sidewalk" v="no"/>
    <tag k="surface" v="asphalt"/>
  </way>
  <way id="32605943">
    <nd ref="26539239"/>
    <nd ref="695193400"/>
    <nd ref="695193404"/>
    <nd ref="26539240"/>
    <tag k="foot" v="yes"/>
    <tag k="highway" v="secondary"/>
    <tag k="maxspeed" v="50"/>
    <tag k="name" v="Atterstraße"/>
    <tag k="ref" v="St 2084"/>
    <tag k="surface" v="asphalt"/>
  </way>
  <way id="32657225">
    <nd ref="346557940"/>
    <nd ref="366594236"/>
    <nd ref="2185349941"/>
    <nd ref="346557941"/>
    <nd ref="346557942"/>
    <tag k="highway" v="residential"/>
    <tag k="name" v="Göttschlag"/>
  </way>
  <way id="32662655">
    <nd ref="366188613"/>
    <nd ref="11257723420"/>
    <nd ref="366188615"/>
    <nd ref="366633447"/>
    <tag k="bicycle" v="designated"/>
    <tag k="foot" v="designated"/>
    <tag k="highway" v="path"/>
    <tag k="surface" v="asphalt"/>
  </way>
  <way id="33381098">
    <nd ref="257945160"/>
    <nd ref="380211808"/>
    <nd ref="538793372"/>
    <nd ref="380211809"/>
    <nd ref="7372479756"/>
    <nd ref="380211810"/>
    <nd ref="7372479755"/>
    <nd ref="7372479754"/>
    <nd ref="380211812"/>
    <nd ref="7372479753"/>
    <nd ref="7372479752"/>
    <nd ref="380211813"/>
    <nd ref="380211814"/>
    <nd ref="7372479751"/>
    <nd ref="7372479749"/>
    <nd ref="7372479750"/>
    <nd ref="380211815"/>
    <nd ref="7372479748"/>
    <nd ref="380211816"/>
    <tag k="highway" v="track"/>
    <tag k="tracktype" v="grade3"/>
  </way>
  <way id="33381356">
    <nd ref="379736317"/>
    <nd ref="8714379570"/>
    <nd ref="379736321"/>
    <nd ref="379736323"/>
    <nd ref="2181234750"/>
    <nd ref="2181234749"/>
    <nd ref="379736327"/>
    <nd ref="2181234744"/>
    <nd ref="2181234743"/>
    <nd ref="379736330"/>
    <nd ref="379736332"/>
    <nd ref="461557425"/>
    <nd ref="379736335"/>
    <nd ref="379736338"/>
    <nd ref="379736339"/>
    <nd ref="6043769192"/>
    <nd ref="379736340"/>
    <nd ref="379736342"/>
    <nd ref="379736345"/>
    <nd ref="2181234740"/>
    <nd ref="379736707"/>
    <tag k="highway" v="track"/>
    <tag k="source" v="survey 2013-02"/>
    <tag k="surface" v="gravel"/>
    <tag k="tracktype" v="grade3"/>
  </way>
  <way id="33415449">
    <nd ref="264192433"/>
    <nd ref="264192434"/>
    <nd ref="264192435"/>
    <nd ref="264192436"/>
    <nd ref="264192437"/>
    <nd ref="264192439"/>
    <nd ref="264192440"/>
    <nd ref="264192441"/>
    <nd ref="264192442"/>
    <nd ref="264192444"/>
    <nd ref="264192445"/>
    <nd ref="264192446"/>
    <nd ref="264192447"/>
    <nd ref="264192448"/>
    <nd ref="264192450"/>
    <nd ref="264192451"/>
    <nd ref="264192452"/>
    <nd ref="264192453"/>
    <nd ref="264192454"/>
    <nd ref="264192456"/>
    <tag k="created_by" v="Potlatch 0.10f"/>
    <tag k="highway" v="track"/>
    <tag k="tracktype" v="grade3"/>
  </way>
  <way id="33415502">
    <nd ref="380211816"/>
    <nd ref="7372479745"/>
    <nd ref="7372479744"/>
    <nd ref="7372479743"/>
    <nd ref="380211817"/>
    <nd ref="7372479746"/>
    <nd ref="7372479747"/>
    <nd ref="379736306"/>
    <nd ref="7370261186"/>
    <nd ref="379736311"/>
    <nd ref="7370261187"/>
    <nd ref="379736314"/>
    <nd ref="379736317"/>
    <tag k="highway" v="track"/>
    <tag k="tracktype" v="grade5"/>
  </way>
  <way id="33415514">
    <nd ref="262434136"/>
    <nd ref="2099769170"/>
    <tag k="bicycle" v="yes"/>
    <tag k="highway" v="footway"/>
  </way>
  <way id="33415517">
    <nd ref="262434125"/>
    <nd ref="262434136"/>
    <tag k="bicycle" v="yes"/>
    <tag k="bridge" v="yes"/>
    <tag k="highway" v="footway"/>
    <tag k="layer" v="1"/>
  </way>
  <way id="33415561">
    <nd ref="21666661"/>
    <nd ref="380212400"/>
    <nd ref="260713337"/>
    <nd ref="380212401"/>
    <nd ref="260713338"/>
    <nd ref="380212402"/>
    <nd ref="380212403"/>
    <nd ref="260713339"/>
    <tag k="created_by" v="Potlatch 0.8b"/>
    <tag k="highway" v="track"/>
    <tag k="tracktype" v="grade5"/>
  </way>
  <way id="33728484">
    <nd ref="259145231"/>
    <nd ref="385663782"/>
    <nd ref="385663783"/>
    <nd ref="385663784"/>
    <nd ref="385663785"/>
    <nd ref="385663786"/>
    <nd ref="385663787"/>
    <nd ref="385663788"/>
    <nd ref="385663789"/>
    <nd ref="385663790"/>
    <nd ref="385663791"/>
    <nd ref="385663792"/>
    <nd ref="385663794"/>
    <nd ref="385663798"/>
    <nd ref="385663799"/>
    <nd ref="385663800"/>
    <nd ref="385663801"/>
    <nd ref="385663802"/>
    <nd ref="385663803"/>
    <nd ref="385663837"/>
    <nd ref="385663838"/>
    <nd ref="385663839"/>
    <nd ref="385663840"/>
    <nd ref="385663841"/>
    <nd ref="385663842"/>
    <nd ref="385663843"/>
    <nd ref="385663844"/>
    <nd ref="2416007384"/>
    <nd ref="1014258214"/>
    <tag k="highway" v="track"/>
    <tag k="tracktype" v="grade3"/>
  </way>
  <way id="33728558">
    <nd ref="2416007385"/>
    <nd ref="385664253"/>
    <nd ref="385664254"/>
    <nd ref="385664255"/>
    <nd ref="385663799"/>
    <tag k="highway" v="track"/>
    <tag k="tracktype" v="grade4"/>
  </way>
  <way id="33728592">
    <nd ref="259146609"/>
    <nd ref="385664529"/>
    <nd ref="385664530"/>
    <nd ref="385664531"/>
    <nd ref="385664532"/>
    <nd ref="385664533"/>
    <nd ref="385664534"/>
    <nd ref="385664535"/>
    <nd ref="385664536"/>
    <nd ref="385664537"/>
    <nd ref="27160708"/>
    <tag k="bicycle" v="yes"/>
    <tag k="highway" v="track"/>
    <tag k="tracktype" v="grade4"/>
  </way>
  <way id="33728643">
    <nd ref="385664775"/>
    <nd ref="385664896"/>
    <nd ref="385664899"/>
    <nd ref="385664901"/>
    <nd ref="385664904"/>
    <nd ref="385664906"/>
    <nd ref="385664907"/>
    <nd ref="385664909"/>
    <nd ref="385664911"/>
    <nd ref="385664912"/>
    <nd ref="385664914"/>
    <nd ref="385664916"/>
    <nd ref="385664917"/>
    <nd ref="385664919"/>
    <nd ref="385664920"/>
    <nd ref="385664922"/>
    <nd ref="385664923"/>
    <nd ref="385664925"/>
    <nd ref="385664926"/>
    <nd ref="385664928"/>
    <nd ref="344186016"/>
    <tag k="bicycle" v="yes"/>
    <tag k="highway" v="track"/>
    <tag k="tracktype" v="grade4"/>
  </way>
  <way id="33728699">
    <nd ref="385665167"/>
    <nd ref="7472326993"/>
    <nd ref="385665169"/>
    <nd ref="2068442860"/>
    <nd ref="385665170"/>
    <nd ref="7472326992"/>
    <nd ref="385665171"/>
    <tag k="highway" v="track"/>
    <tag k="tracktype" v="grade1"/>
  </way>
  <way id="33728710">
    <nd ref="385665543"/>
    <nd ref="385665474"/>
    <nd ref="385665475"/>
    <nd ref="5691806911"/>
    <nd ref="385665476"/>
    <nd ref="385665477"/>
    <nd ref="385665478"/>
    <nd ref="385665479"/>
    <nd ref="385665480"/>
    <nd ref="385665481"/>
    <nd ref="385665482"/>
    <nd ref="385665483"/>
    <nd ref="385665484"/>
    <nd ref="385665485"/>
    <nd ref="385665486"/>
    <nd ref="385665487"/>
    <nd ref="385665488"/>
    <nd ref="385665489"/>
    <nd ref="385665634"/>
    <nd ref="385665635"/>
    <nd ref="385665636"/>
    <nd ref="385665637"/>
    <nd ref="385665638"/>
    <nd ref="385665639"/>
    <nd ref="385665640"/>
    <nd ref="385665641"/>
    <nd ref="385665642"/>
    <nd ref="385665643"/>
    <nd ref="385665644"/>
    <tag k="highway" v="track"/>
    <tag k="tracktype" v="grade4"/>
  </way>
  <way id="34303985">
    <nd ref="260548115"/>
    <nd ref="260548116"/>
    <nd ref="260548117"/>
    <nd ref="260548118"/>
    <nd ref="2159561827"/>
    <nd ref="260548119"/>
    <nd ref="260548120"/>
    <tag k="highway" v="residential"/>
    <tag k="maxspeed" v="30"/>
    <tag k="name" v="Schulstraße"/>
  </way>
  <way id="34303986">
    <nd ref="393396402"/>
    <nd ref="366633447"/>
    <tag k="bicycle" v="designated"/>
    <tag k="bridge" v="yes"/>
    <tag k="foot" v="designated"/>
    <tag k="highway" v="path"/>
    <tag k="layer" v="1"/>
    <tag k="segregated" v="no"/>
    <tag k="surface" v="asphalt"/>
  </way>
  <way id="34303987">
    <nd ref="366633447"/>
    <nd ref="260548114"/>
    <tag k="bicycle" v="designated"/>
    <tag k="foot" v="designated"/>
    <tag k="highway" v="path"/>
    <tag k="segregated" v="no"/>
    <tag k="surface" v="asphalt"/>
  </way>
  <way id="34303989">
    <nd ref="257949700"/>
    <nd ref="257949696"/>
    <tag k="created_by" v="Potlatch 0.10f"/>
    <tag k="highway" v="residential"/>
  </way>
  <way id="34303990">
    <nd ref="257949593"/>
    <nd ref="9198117461"/>
    <nd ref="13081783570"/>
    <nd ref="257949594"/>
    <nd ref="26424993"/>
    <nd ref="561102871"/>
    <nd ref="2502074063"/>
    <nd ref="2502074077"/>
    <nd ref="2502074082"/>
    <nd ref="26424994"/>
    <nd ref="2469933668"/>
    <nd ref="17205440"/>
    <tag k="highway" v="unclassified"/>
    <tag k="surface" v="asphalt"/>
  </way>
  <way id="34307648">
    <nd ref="366613167"/>
    <nd ref="2946295571"/>
    <nd ref="2946295572"/>
    <nd ref="2946295574"/>
    <nd ref="539433430"/>
    <nd ref="2946295575"/>
    <nd ref="2946295573"/>
    <nd ref="393434145"/>
    <nd ref="2946295576"/>
    <nd ref="2946295577"/>
    <nd ref="315126690"/>
    <tag k="highway" v="track"/>
    <tag k="tracktype" v="grade5"/>
  </way>
  <way id="34307649">
    <nd ref="366611867"/>
    <nd ref="2946295580"/>
    <nd ref="393434146"/>
    <nd ref="2946295581"/>
    <nd ref="2946295582"/>
    <nd ref="2946295583"/>
    <nd ref="393434148"/>
    <nd ref="2946295584"/>
    <nd ref="393434151"/>
    <nd ref="2946295588"/>
    <nd ref="393434153"/>
    <nd ref="2946295589"/>
    <nd ref="2946295587"/>
    <nd ref="2946295586"/>
    <nd ref="2946295585"/>
    <nd ref="2541186594"/>
    <nd ref="2541186593"/>
    <nd ref="2541186591"/>
    <nd ref="393434156"/>
    <nd ref="2541186590"/>
    <nd ref="2541186589"/>
    <nd ref="393434160"/>
    <nd ref="2541186588"/>
    <nd ref="393434161"/>
    <nd ref="2640759179"/>
    <nd ref="393434164"/>
    <nd ref="2640759178"/>
    <nd ref="2640759176"/>
    <nd ref="393434167"/>
    <nd ref="2640759177"/>
    <nd ref="393434169"/>
    <nd ref="315126097"/>
    <tag k="highway" v="track"/>
    <tag k="tracktype" v="grade5"/>
  </way>
  <way id="34307650">
    <nd ref="393434175"/>
    <nd ref="13564526524"/>
    <nd ref="13564453165"/>
    <nd ref="13564526519"/>
    <nd ref="13564453166"/>
    <nd ref="393434177"/>
    <nd ref="13564526515"/>
    <nd ref="393656380"/>
    <nd ref="13564526517"/>
    <nd ref="13564526510"/>
    <nd ref="393434179"/>
    <nd ref="393656346"/>
    <nd ref="7406228610"/>
    <nd ref="393656347"/>
    <nd ref="393656348"/>
    <nd ref="393656349"/>
    <nd ref="393656350"/>
    <nd ref="393656351"/>
    <nd ref="393656352"/>
    <nd ref="393656353"/>
    <nd ref="7414049422"/>
    <nd ref="7414049423"/>
    <nd ref="7414049424"/>
    <tag k="highway" v="track"/>
    <tag k="tracktype" v="grade3"/>
  </way>
  <way id="34307651">
    <nd ref="393434175"/>
    <nd ref="13564453163"/>
    <nd ref="13564453162"/>
    <nd ref="13564453164"/>
    <nd ref="13564526547"/>
    <nd ref="13564453161"/>
    <nd ref="393434181"/>
    <nd ref="13564526559"/>
    <nd ref="540699936"/>
    <nd ref="13564526562"/>
    <nd ref="13564551255"/>
    <nd ref="393434185"/>
    <nd ref="13564453152"/>
    <nd ref="393434189"/>
    <nd ref="393434191"/>
    <nd ref="13564453148"/>
    <nd ref="13564453149"/>
    <nd ref="393434193"/>
    <nd ref="13564453150"/>
    <nd ref="13564453151"/>
    <nd ref="393434194"/>
    <nd ref="393434196"/>
    <nd ref="393434197"/>
    <nd ref="13564551252"/>
    <nd ref="393434198"/>
    <nd ref="13564551249"/>
    <nd ref="13564551250"/>
    <nd ref="13564551251"/>
    <nd ref="393434200"/>
    <nd ref="393434202"/>
    <nd ref="393434204"/>
    <nd ref="393434206"/>
    <nd ref="366606129"/>
    <tag k="highway" v="track"/>
    <tag k="tracktype" v="grade3"/>
  </way>
  <way id="34319689">
    <nd ref="393434200"/>
    <nd ref="393655817"/>
    <nd ref="393655819"/>
    <nd ref="393655821"/>
    <nd ref="393655822"/>
    <nd ref="393655824"/>
    <nd ref="393655958"/>
    <nd ref="393655959"/>
    <nd ref="393655960"/>
    <nd ref="393655961"/>
    <nd ref="393655962"/>
    <nd ref="393655963"/>
    <nd ref="393655964"/>
    <nd ref="393655965"/>
    <nd ref="393655966"/>
    <nd ref="393655967"/>
    <nd ref="393655968"/>
    <nd ref="7406228610"/>
    <nd ref="7406228609"/>
    <nd ref="393656408"/>
    <tag k="highway" v="track"/>
    <tag k="tracktype" v="grade4"/>
  </way>
  <way id="34319718">
    <nd ref="393656386"/>
    <nd ref="393656387"/>
    <nd ref="393656388"/>
    <nd ref="393656389"/>
    <nd ref="393656390"/>
    <nd ref="13565655440"/>
    <nd ref="13565655441"/>
    <nd ref="393656391"/>
    <nd ref="393656392"/>
    <nd ref="393656393"/>
    <nd ref="393656394"/>
    <nd ref="13565655486"/>
    <nd ref="393656395"/>
    <nd ref="393656396"/>
    <nd ref="393656397"/>
    <nd ref="7406228601"/>
    <nd ref="393656398"/>
    <nd ref="393656399"/>
    <nd ref="393656400"/>
    <nd ref="393656401"/>
    <nd ref="393656402"/>
    <nd ref="393656403"/>
    <nd ref="393656404"/>
    <nd ref="393656405"/>
    <nd ref="393656406"/>
    <nd ref="393656408"/>
    <nd ref="393656409"/>
    <nd ref="393656376"/>
    <nd ref="393656377"/>
    <nd ref="393656378"/>
    <nd ref="13564526516"/>
    <nd ref="393656380"/>
    <tag k="highway" v="track"/>
    <tag k="tracktype" v="grade3"/>
  </way>
  <way id="34547787">
    <nd ref="257927364"/>
    <nd ref="21666692"/>
    <tag k="highway" v="residential"/>
    <tag k="maxspeed" v="60"/>
    <tag k="name" v="Flurstraße"/>
    <tag k="surface" v="asphalt"/>
  </way>
  <way id="36958535">
    <nd ref="259401010"/>
    <nd ref="429731383"/>
    <nd ref="3085151288"/>
    <nd ref="3085151289"/>
    <nd ref="3085151290"/>
    <nd ref="3085151291"/>
    <nd ref="4851782097"/>
    <nd ref="4851782098"/>
    <nd ref="4851782099"/>
    <nd ref="4851782100"/>
    <nd ref="4851782101"/>
    <nd ref="4851782102"/>
    <nd ref="6740185056"/>
    <nd ref="4851782103"/>
    <nd ref="4851782104"/>
    <tag k="highway" v="track"/>
    <tag k="tracktype" v="grade2"/>
  </way>
  <way id="37404871">
    <nd ref="366598170"/>
    <nd ref="287163621"/>
    <nd ref="287163622"/>
    <nd ref="287163623"/>
    <nd ref="287163624"/>
    <nd ref="287163625"/>
    <nd ref="287163626"/>
    <nd ref="287163627"/>
    <nd ref="287163628"/>
    <nd ref="287163629"/>
    <nd ref="287163630"/>
    <nd ref="287163631"/>
    <nd ref="287163632"/>
    <nd ref="287163633"/>
    <nd ref="287163634"/>
    <nd ref="287163635"/>
    <nd ref="287163636"/>
    <nd ref="287163637"/>
    <nd ref="287163638"/>
    <nd ref="287163639"/>
    <nd ref="287163640"/>
    <nd ref="287163641"/>
    <nd ref="287163642"/>
    <nd ref="287163643"/>
    <nd ref="287163644"/>
    <nd ref="287163645"/>
    <nd ref="287163646"/>
    <tag k="highway" v="track"/>
    <tag k="tracktype" v="grade3"/>
  </way>
  <way id="37405310">
    <nd ref="436951220"/>
    <nd ref="260547981"/>
    <nd ref="2159561827"/>
    <tag k="highway" v="footway"/>
    <tag k="surface" v="gravel"/>
  </way>
  <way id="37405311">
    <nd ref="436951226"/>
    <nd ref="436951220"/>
    <tag k="bridge" v="yes"/>
    <tag k="highway" v="footway"/>
    <tag k="layer" v="1"/>
  </way>
  <way id="37826332">
    <nd ref="26424986"/>
    <nd ref="26424985"/>
    <nd ref="26424984"/>
    <nd ref="443620115"/>
    <nd ref="8682504164"/>
    <nd ref="26424983"/>
    <tag k="highway" v="residential"/>
    <tag k="lcn" v="yes"/>
    <tag k="name" v="Amperstraße"/>
  </way>
  <way id="37974447">
    <nd ref="17205444"/>
    <nd ref="17205455"/>
    <nd ref="2099408126"/>
    <nd ref="2093250044"/>
    <nd ref="2093250101"/>
    <nd ref="17205451"/>
    <nd ref="17205446"/>
    <nd ref="257949074"/>
    <nd ref="260547980"/>
    <nd ref="8417206249"/>
    <nd ref="17205461"/>
    <nd ref="8684381183"/>
    <nd ref="257949090"/>
    <nd ref="248968329"/>
    <tag k="foot" v="yes"/>
    <tag k="highway" v="secondary"/>
    <tag k="lanes" v="2"/>
    <tag k="maxspeed" v="50"/>
    <tag k="name" v="Freisinger Straße"/>
    <tag k="ref" v="St 2084"/>
    <tag k="surface" v="asphalt"/>
  </way>
  <way id="38820718">
    <nd ref="264192427"/>
    <nd ref="2181234737"/>
    <nd ref="460645103"/>
    <nd ref="460645151"/>
    <nd ref="460645168"/>
    <tag k="highway" v="track"/>
    <tag k="source" v="survey 2013-02"/>
    <tag k="tracktype" v="grade1"/>
  </way>
  <way id="38820728">
    <nd ref="460645819"/>
    <nd ref="460645851"/>
    <nd ref="460645878"/>
    <nd ref="460645903"/>
    <nd ref="460645944"/>
    <nd ref="257963701"/>
    <nd ref="460645979"/>
    <tag k="highway" v="track"/>
    <tag k="surface" v="asphalt"/>
    <tag k="tracktype" v="grade1"/>
  </way>
  <way id="38820736">
    <nd ref="460646269"/>
    <nd ref="460646873"/>
    <nd ref="460646903"/>
    <nd ref="460646933"/>
    <nd ref="460646999"/>
    <nd ref="460647079"/>
    <nd ref="460647123"/>
    <nd ref="460647150"/>
    <nd ref="460647179"/>
    <nd ref="460647206"/>
    <nd ref="460647235"/>
    <nd ref="460647244"/>
    <tag k="highway" v="track"/>
    <tag k="tracktype" v="grade4"/>
  </way>
  <way id="38820739">
    <nd ref="460646903"/>
    <nd ref="460647395"/>
    <nd ref="460647416"/>
    <nd ref="460647433"/>
    <nd ref="460647462"/>
    <tag k="highway" v="track"/>
    <tag k="tracktype" v="grade4"/>
  </way>
  <way id="38820745">
    <nd ref="460647528"/>
    <nd ref="460647547"/>
    <nd ref="460647567"/>
    <nd ref="460647597"/>
    <nd ref="460647633"/>
    <nd ref="460647723"/>
    <nd ref="460647749"/>
    <nd ref="460647766"/>
    <nd ref="460647793"/>
    <nd ref="460647825"/>
    <nd ref="460647849"/>
    <nd ref="460647871"/>
    <nd ref="460647897"/>
    <nd ref="460647915"/>
    <nd ref="460647938"/>
    <nd ref="460648019"/>
    <nd ref="460648039"/>
    <nd ref="460648057"/>
    <nd ref="460648088"/>
    <nd ref="460648117"/>
    <nd ref="460648135"/>
    <nd ref="460648148"/>
    <nd ref="460648170"/>
    <nd ref="460648190"/>
    <nd ref="460648217"/>
    <nd ref="460648243"/>
    <nd ref="460648310"/>
    <nd ref="460648336"/>
    <tag k="highway" v="track"/>
  </way>
  <way id="38858686">
    <nd ref="379736330"/>
    <nd ref="461557431"/>
    <nd ref="2181234748"/>
    <nd ref="461557432"/>
    <nd ref="461557433"/>
    <nd ref="461557434"/>
    <nd ref="461557435"/>
    <nd ref="461557436"/>
    <nd ref="2181234752"/>
    <tag k="highway" v="track"/>
    <tag k="source" v="survey 2013-02"/>
    <tag k="surface" v="gravel"/>
    <tag k="tracktype" v="grade3"/>
  </way>
  <way id="38872326">
    <nd ref="461781651"/>
    <nd ref="461781655"/>
    <nd ref="461781660"/>
    <nd ref="461781667"/>
    <nd ref="461781674"/>
    <nd ref="461781681"/>
    <nd ref="461781682"/>
    <nd ref="461781683"/>
    <nd ref="8750689731"/>
    <nd ref="461781685"/>
    <tag k="highway" v="track"/>
    <tag k="tracktype" v="grade3"/>
  </way>
  <way id="39700358">
    <nd ref="476008462"/>
    <nd ref="696369059"/>
    <nd ref="476008461"/>
    <nd ref="476008460"/>
    <nd ref="476008459"/>
    <nd ref="476008458"/>
    <nd ref="7364458513"/>
    <nd ref="476008457"/>
    <nd ref="476008456"/>
    <nd ref="5895076030"/>
    <nd ref="476008455"/>
    <nd ref="7372390272"/>
    <nd ref="7372390273"/>
    <nd ref="476008454"/>
    <tag k="highway" v="track"/>
    <tag k="mtb:scale" v="1"/>
    <tag k="tracktype" v="grade3"/>
  </way>
  <way id="41216684">
    <nd ref="503617836"/>
    <nd ref="503617839"/>
    <nd ref="503617842"/>
    <nd ref="503617844"/>
    <nd ref="503617850"/>
    <nd ref="503617852"/>
    <nd ref="503617853"/>
    <nd ref="503617854"/>
    <nd ref="503617855"/>
    <nd ref="291952542"/>
    <nd ref="503617861"/>
    <nd ref="503617864"/>
    <nd ref="503617868"/>
    <nd ref="503617871"/>
    <tag k="access" v="no"/>
    <tag k="bicycle" v="no"/>
    <tag k="foot" v="yes"/>
    <tag k="highway" v="footway"/>
    <tag k="horse" v="no"/>
    <tag k="lit" v="no"/>
    <tag k="motor_vehicle" v="no"/>
    <tag k="motorcar" v="no"/>
    <tag k="name" v="Auwald - Pfad"/>
    <tag k="ski" v="no"/>
    <tag k="snowmobile" v="no"/>
    <tag k="surface" v="grass"/>
    <tag k="width" v="0"/>
  </way>
  <way id="41348806">
    <nd ref="505651089"/>
    <nd ref="505651108"/>
    <nd ref="505651130"/>
    <nd ref="505651161"/>
    <nd ref="505651184"/>
    <nd ref="505651209"/>
    <nd ref="505651236"/>
    <nd ref="505651263"/>
    <nd ref="503617836"/>
    <nd ref="505651288"/>
    <nd ref="505651335"/>
    <nd ref="505651367"/>
    <nd ref="505651471"/>
    <nd ref="13724371670"/>
    <nd ref="505651501"/>
    <tag k="highway" v="track"/>
  </way>
  <way id="41495572">
    <nd ref="257947970"/>
    <nd ref="366659329"/>
    <tag k="highway" v="secondary"/>
    <tag k="maxspeed" v="100"/>
    <tag k="name" v="Atterstraße"/>
    <tag k="ref" v="St 2084"/>
  </way>
  <way id="41495573">
    <nd ref="257947966"/>
    <nd ref="8680210571"/>
    <nd ref="257947967"/>
    <nd ref="257947968"/>
    <nd ref="257947970"/>
    <tag k="highway" v="unclassified"/>
    <tag k="lcn" v="yes"/>
    <tag k="maxspeed" v="100"/>
    <tag k="maxweight" v="7.5"/>
    <tag k="maxweight:conditional" v="none @ destination; none @ delivery"/>
    <tag k="surface" v="asphalt"/>
  </way>
  <way id="41495574">
    <nd ref="436946569"/>
    <nd ref="257958391"/>
    <nd ref="560027830"/>
    <nd ref="26044234"/>
    <nd ref="2161021595"/>
    <nd ref="366633445"/>
    <nd ref="429460553"/>
    <nd ref="257958781"/>
    <nd ref="257958392"/>
    <nd ref="26167408"/>
    <nd ref="257958105"/>
    <nd ref="11257758633"/>
    <nd ref="257957083"/>
    <tag k="cycleway:both" v="no"/>
    <tag k="highway" v="secondary"/>
    <tag k="lane_markings" v="no"/>
    <tag k="lcn" v="yes"/>
    <tag k="maxspeed" v="50"/>
    <tag k="name" v="Ampertalstraße"/>
    <tag k="ref" v="St 2054"/>
    <tag k="surface" v="asphalt"/>
    <tag k="tmc" v="DE:27428/35055"/>
  </way>
  <way id="43011183">
    <nd ref="262265252"/>
    <nd ref="4784891362"/>
    <nd ref="538793243"/>
    <nd ref="4784891357"/>
    <nd ref="4784891360"/>
    <nd ref="538793246"/>
    <nd ref="538793249"/>
    <nd ref="538793251"/>
    <nd ref="538793252"/>
    <nd ref="538793253"/>
    <nd ref="257944527"/>
    <nd ref="1741229446"/>
    <tag k="highway" v="track"/>
    <tag k="source" v="Yahoo"/>
  </way>
  <way id="43011184">
    <nd ref="262265205"/>
    <nd ref="538793258"/>
    <nd ref="5497357221"/>
    <nd ref="538793260"/>
    <nd ref="538793261"/>
    <nd ref="538793263"/>
    <nd ref="538793264"/>
    <nd ref="538793265"/>
    <nd ref="538793266"/>
    <nd ref="4851782094"/>
    <nd ref="6388905253"/>
    <nd ref="538793267"/>
    <nd ref="4851782095"/>
    <nd ref="538793268"/>
    <nd ref="538793269"/>
    <nd ref="538793270"/>
    <nd ref="538793271"/>
    <nd ref="538793272"/>
    <nd ref="3085151281"/>
    <nd ref="2495622465"/>
    <nd ref="2495622464"/>
    <nd ref="2495622463"/>
    <nd ref="2495622462"/>
    <nd ref="2495622461"/>
    <nd ref="262265191"/>
    <tag k="highway" v="track"/>
    <tag k="source" v="Yahoo"/>
    <tag k="tracktype" v="grade3"/>
  </way>
  <way id="43011186">
    <nd ref="260400611"/>
    <nd ref="538793279"/>
    <nd ref="538793281"/>
    <nd ref="538793285"/>
    <nd ref="538793286"/>
    <tag k="highway" v="track"/>
    <tag k="source" v="Yahoo"/>
  </way>
  <way id="43011187">
    <nd ref="538793281"/>
    <nd ref="538793288"/>
    <nd ref="538793289"/>
    <nd ref="538793290"/>
    <nd ref="538793291"/>
    <nd ref="538793292"/>
    <nd ref="538793293"/>
    <nd ref="538793294"/>
    <nd ref="538793295"/>
    <tag k="highway" v="track"/>
    <tag k="source" v="Yahoo"/>
  </way>
  <way id="43011189">
    <nd ref="538793305"/>
    <nd ref="538793331"/>
    <nd ref="538793333"/>
    <nd ref="538793334"/>
    <nd ref="538793335"/>
    <nd ref="538793336"/>
    <nd ref="538793338"/>
    <nd ref="538793339"/>
    <nd ref="538793340"/>
    <nd ref="538793342"/>
    <nd ref="538793343"/>
    <nd ref="538793344"/>
    <nd ref="538793346"/>
    <nd ref="5861539401"/>
    <nd ref="5861539402"/>
    <nd ref="5861539403"/>
    <nd ref="5861539404"/>
    <nd ref="5861539405"/>
    <nd ref="5861539406"/>
    <nd ref="3808180281"/>
    <tag k="highway" v="track"/>
    <tag k="source" v="Yahoo"/>
    <tag k="tracktype" v="grade2"/>
  </way>
  <way id="43011192">
    <nd ref="538793355"/>
    <nd ref="538793375"/>
    <nd ref="538793377"/>
    <nd ref="538793378"/>
    <nd ref="538793380"/>
    <nd ref="538793381"/>
    <nd ref="461557437"/>
    <nd ref="2181234752"/>
    <tag k="highway" v="track"/>
    <tag k="source" v="Yahoo"/>
  </way>
  <way id="43011469">
    <nd ref="538799113"/>
    <nd ref="538799119"/>
    <nd ref="538799122"/>
    <nd ref="538799125"/>
    <nd ref="538799129"/>
    <nd ref="538799131"/>
    <nd ref="538799133"/>
    <nd ref="538799135"/>
    <nd ref="538799139"/>
    <nd ref="538799141"/>
    <nd ref="538799143"/>
    <nd ref="538799146"/>
    <nd ref="538799147"/>
    <nd ref="538799151"/>
    <nd ref="538799156"/>
    <nd ref="538799158"/>
    <nd ref="538799160"/>
    <nd ref="538799164"/>
    <nd ref="538799168"/>
    <nd ref="538799173"/>
    <nd ref="538799176"/>
    <nd ref="264192423"/>
    <nd ref="17205269"/>
    <tag k="highway" v="service"/>
    <tag k="surface" v="asphalt"/>
  </way>
  <way id="43059298">
    <nd ref="539415185"/>
    <nd ref="539415501"/>
    <nd ref="539415503"/>
    <nd ref="539415506"/>
    <nd ref="539415509"/>
    <tag k="highway" v="track"/>
    <tag k="source" v="Yahoo"/>
  </way>
  <way id="43059301">
    <nd ref="259400986"/>
    <nd ref="6749849356"/>
    <nd ref="539415524"/>
    <nd ref="2513749370"/>
    <nd ref="539415526"/>
    <nd ref="2513749376"/>
    <nd ref="539415530"/>
    <nd ref="539415533"/>
    <nd ref="539415537"/>
    <nd ref="539415539"/>
    <nd ref="539415540"/>
    <nd ref="539415541"/>
    <nd ref="2513749381"/>
    <nd ref="539415543"/>
    <nd ref="539415544"/>
    <nd ref="539415546"/>
    <nd ref="539415547"/>
    <nd ref="7119101494"/>
    <tag k="fixme" v="Sieht auf dem Satbild nicht nach Aspalt aus"/>
    <tag k="highway" v="track"/>
    <tag k="source" v="Yahoo"/>
    <tag k="surface" v="gravel"/>
    <tag k="tracktype" v="grade2"/>
  </way>
  <way id="43059303">
    <nd ref="539419281"/>
    <nd ref="539419279"/>
    <nd ref="539419278"/>
    <nd ref="539419277"/>
    <nd ref="539419276"/>
    <nd ref="539419274"/>
    <nd ref="539419273"/>
    <nd ref="539419272"/>
    <nd ref="539415554"/>
    <nd ref="539415557"/>
    <nd ref="539415563"/>
    <nd ref="3166265606"/>
    <nd ref="3166268831"/>
    <nd ref="539415565"/>
    <nd ref="3166268823"/>
    <nd ref="539415567"/>
    <nd ref="539415570"/>
    <nd ref="539415573"/>
    <tag k="highway" v="track"/>
    <tag k="source" v="Yahoo"/>
    <tag k="surface" v="gravel"/>
    <tag k="tracktype" v="grade2"/>
  </way>
  <way id="43059382">
    <nd ref="539419270"/>
    <nd ref="539419269"/>
    <nd ref="539416768"/>
    <nd ref="539416771"/>
    <nd ref="539416773"/>
    <nd ref="539416775"/>
    <nd ref="539416777"/>
    <nd ref="539415573"/>
    <tag k="highway" v="track"/>
    <tag k="source" v="Yahoo"/>
    <tag k="surface" v="gravel"/>
    <tag k="tracktype" v="grade2"/>
  </way>
  <way id="43059383">
    <nd ref="539416779"/>
    <nd ref="539415509"/>
    <nd ref="539416781"/>
    <nd ref="539416782"/>
    <nd ref="539416783"/>
    <nd ref="539416785"/>
    <tag k="highway" v="track"/>
    <tag k="source" v="Yahoo"/>
  </way>
  <way id="43059545">
    <nd ref="539419354"/>
    <nd ref="539419356"/>
    <nd ref="539419358"/>
    <nd ref="539419359"/>
    <nd ref="539419360"/>
    <tag k="highway" v="track"/>
    <tag k="source" v="Yahoo"/>
    <tag k="surface" v="grass"/>
    <tag k="tracktype" v="grade4"/>
  </way>
  <way id="43059740">
    <nd ref="539415549"/>
    <nd ref="539423871"/>
    <nd ref="539423876"/>
    <nd ref="3166261643"/>
    <nd ref="539423884"/>
    <nd ref="539423893"/>
    <nd ref="539423898"/>
    <nd ref="539423900"/>
    <nd ref="539423907"/>
    <nd ref="539423913"/>
    <nd ref="539423919"/>
    <nd ref="259400970"/>
    <tag k="highway" v="track"/>
    <tag k="source" v="Yahoo"/>
  </way>
  <way id="43059754">
    <nd ref="539423876"/>
    <nd ref="539424699"/>
    <nd ref="539424722"/>
    <tag k="highway" v="track"/>
    <tag k="source" v="Yahoo"/>
    <tag k="surface" v="concrete"/>
    <tag k="tracktype" v="grade1"/>
  </way>
  <way id="43059755">
    <nd ref="539424753"/>
    <nd ref="539424794"/>
    <nd ref="539424803"/>
    <nd ref="539424811"/>
    <tag k="highway" v="track"/>
    <tag k="source" v="Yahoo"/>
    <tag k="surface" v="ground"/>
    <tag k="tracktype" v="grade4"/>
  </way>
  <way id="43060190">
    <nd ref="256406024"/>
    <nd ref="539433428"/>
    <nd ref="539433430"/>
    <tag k="highway" v="track"/>
    <tag k="source" v="Yahoo"/>
    <tag k="surface" v="compacted"/>
    <tag k="tracktype" v="grade2"/>
  </way>
  <way id="43153976">
    <nd ref="17205281"/>
    <nd ref="17205308"/>
    <nd ref="17205274"/>
    <nd ref="2688838922"/>
    <tag k="highway" v="unclassified"/>
    <tag k="maxspeed" v="30"/>
    <tag k="maxweight" v="18"/>
    <tag k="maxweight:conditional" v="none @ destination;none @ delivery"/>
    <tag k="name" v="Mühlenstraße"/>
  </way>
  <way id="43153978">
    <nd ref="17205297"/>
    <nd ref="17205281"/>
    <tag k="bridge" v="yes"/>
    <tag k="highway" v="unclassified"/>
    <tag k="layer" v="1"/>
    <tag k="maxspeed" v="30"/>
    <tag k="maxweight" v="18"/>
    <tag k="maxweight:conditional" v="none @ destination;none @ delivery"/>
    <tag k="name" v="Mühlenstraße"/>
  </way>
  <way id="43154591">
    <nd ref="315126645"/>
    <nd ref="540602873"/>
    <nd ref="540602876"/>
    <nd ref="540602877"/>
    <nd ref="540602879"/>
    <tag k="highway" v="track"/>
    <tag k="source" v="Yahoo"/>
    <tag k="tracktype" v="grade5"/>
  </way>
  <way id="43154602">
    <nd ref="27247868"/>
    <nd ref="3283157860"/>
    <nd ref="540603009"/>
    <nd ref="3281715147"/>
    <nd ref="540603011"/>
    <tag k="highway" v="track"/>
    <tag k="source" v="Yahoo"/>
  </way>
  <way id="43155189">
    <nd ref="262433870"/>
    <nd ref="262433871"/>
    <nd ref="262433872"/>
    <nd ref="262433873"/>
    <nd ref="262433874"/>
    <nd ref="262433875"/>
    <nd ref="6179383705"/>
    <nd ref="262433876"/>
    <tag k="access" v="yes"/>
    <tag k="highway" v="track"/>
    <tag k="maxweight" v="3.5"/>
    <tag k="maxweight:conditional" v="none @ agricultural"/>
    <tag k="source" v="yahoo"/>
    <tag k="surface" v="compacted"/>
    <tag k="tracktype" v="grade2"/>
  </way>
  <way id="43155210">
    <nd ref="262433869"/>
    <nd ref="262433870"/>
    <tag k="access" v="yes"/>
    <tag k="bridge" v="yes"/>
    <tag k="check_date:surface" v="2025-07-17"/>
    <tag k="highway" v="track"/>
    <tag k="maxweight" v="3.5"/>
    <tag k="maxweight:conditional" v="none @ agricultural"/>
    <tag k="source" v="yahoo"/>
    <tag k="surface" v="unpaved"/>
    <tag k="tracktype" v="grade2"/>
  </way>
  <way id="43159403">
    <nd ref="540693025"/>
    <nd ref="540693032"/>
    <nd ref="13564488839"/>
    <nd ref="540693038"/>
    <nd ref="13564488738"/>
    <nd ref="540693050"/>
    <nd ref="13564488731"/>
    <nd ref="13564488846"/>
    <nd ref="540693053"/>
    <nd ref="13564488723"/>
    <nd ref="13564488727"/>
    <nd ref="540693064"/>
    <nd ref="540693069"/>
    <nd ref="13564488712"/>
    <nd ref="13564488715"/>
    <nd ref="13564488718"/>
    <nd ref="540693076"/>
    <nd ref="13564886007"/>
    <nd ref="13564488701"/>
    <nd ref="540693082"/>
    <nd ref="13564453196"/>
    <nd ref="540693089"/>
    <nd ref="13564453190"/>
    <nd ref="13564453193"/>
    <nd ref="540693103"/>
    <nd ref="13564488751"/>
    <nd ref="13564488759"/>
    <nd ref="13564488763"/>
    <nd ref="540693113"/>
    <nd ref="13564488768"/>
    <nd ref="13564488771"/>
    <nd ref="13564488773"/>
    <nd ref="4519851979"/>
    <nd ref="13564488776"/>
    <nd ref="4519851980"/>
    <nd ref="13564488780"/>
    <nd ref="4519851981"/>
    <nd ref="4519851982"/>
    <nd ref="13564488786"/>
    <nd ref="13564488789"/>
    <nd ref="4519851983"/>
    <nd ref="13564488798"/>
    <nd ref="4519851984"/>
    <nd ref="13564488803"/>
    <nd ref="540693121"/>
    <nd ref="13564488807"/>
    <nd ref="4519851985"/>
    <nd ref="13564488812"/>
    <nd ref="540693128"/>
    <nd ref="540693134"/>
    <nd ref="4519851986"/>
    <nd ref="4519851987"/>
    <nd ref="13564488820"/>
    <nd ref="4519851988"/>
    <nd ref="540693135"/>
    <nd ref="13564488827"/>
    <nd ref="540693136"/>
    <nd ref="540693137"/>
    <nd ref="13564488835"/>
    <nd ref="540693139"/>
    <nd ref="13564453186"/>
    <nd ref="4519852089"/>
    <nd ref="13564488864"/>
    <nd ref="540693142"/>
    <tag k="highway" v="track"/>
  </way>
  <way id="43159413">
    <nd ref="540693460"/>
    <nd ref="540693486"/>
    <nd ref="13564885995"/>
    <nd ref="13564885994"/>
    <nd ref="13564885993"/>
    <nd ref="13564885992"/>
    <nd ref="13564885991"/>
    <nd ref="13564885990"/>
    <tag k="highway" v="service"/>
    <tag k="surface" v="compacted"/>
  </way>
  <way id="43159661">
    <nd ref="540693113"/>
    <nd ref="13564488848"/>
    <nd ref="13564488765"/>
    <nd ref="540699756"/>
    <nd ref="540699759"/>
    <nd ref="540699764"/>
    <nd ref="540699767"/>
    <nd ref="554166988"/>
    <nd ref="554166989"/>
    <nd ref="554166990"/>
    <nd ref="554166991"/>
    <tag k="highway" v="track"/>
    <tag k="tracktype" v="grade4"/>
  </way>
  <way id="43159663">
    <nd ref="540699776"/>
    <nd ref="13564212740"/>
    <nd ref="8567022431"/>
    <nd ref="13565526509"/>
    <nd ref="13565526510"/>
    <nd ref="8567022430"/>
    <nd ref="13565526514"/>
    <nd ref="8567022435"/>
    <nd ref="8567022434"/>
    <nd ref="13565498599"/>
    <nd ref="13565526513"/>
    <nd ref="8567022433"/>
    <nd ref="13565526503"/>
    <nd ref="13565498600"/>
    <nd ref="8796492200"/>
    <nd ref="8567022432"/>
    <tag k="highway" v="track"/>
    <tag k="tracktype" v="grade4"/>
  </way>
  <way id="43159667">
    <nd ref="540699808"/>
    <nd ref="540699812"/>
    <nd ref="13564669513"/>
    <nd ref="13564669508"/>
    <nd ref="540699813"/>
    <nd ref="540699815"/>
    <nd ref="13564669505"/>
    <nd ref="540699816"/>
    <nd ref="13564669502"/>
    <nd ref="13564669517"/>
    <nd ref="540699818"/>
    <nd ref="13564630674"/>
    <nd ref="13564630649"/>
    <nd ref="540699819"/>
    <nd ref="540699821"/>
    <nd ref="13564630667"/>
    <nd ref="13564630664"/>
    <nd ref="21494867"/>
    <tag k="highway" v="track"/>
    <tag k="source" v="Yahoo"/>
    <tag k="tracktype" v="grade4"/>
  </way>
  <way id="43159673">
    <nd ref="540699773"/>
    <nd ref="13564212766"/>
    <nd ref="13564212769"/>
    <nd ref="540699933"/>
    <nd ref="13564212757"/>
    <nd ref="540699934"/>
    <tag k="highway" v="track"/>
    <tag k="source" v="Yahoo"/>
    <tag k="tracktype" v="grade2"/>
  </way>
  <way id="43159676">
    <nd ref="540699936"/>
    <nd ref="13564453160"/>
    <nd ref="13564453159"/>
    <nd ref="13564453158"/>
    <nd ref="540699939"/>
    <nd ref="13564453157"/>
    <nd ref="4433195804"/>
    <nd ref="13564294837"/>
    <nd ref="13564294861"/>
    <nd ref="540699940"/>
    <nd ref="13564294864"/>
    <nd ref="4784909979"/>
    <nd ref="540699942"/>
    <nd ref="13564294881"/>
    <nd ref="13564294880"/>
    <nd ref="13564294851"/>
    <nd ref="540699943"/>
    <nd ref="13564294846"/>
    <nd ref="540699944"/>
    <nd ref="13564294879"/>
    <nd ref="540699946"/>
    <nd ref="13564294878"/>
    <nd ref="540699948"/>
    <nd ref="13564308012"/>
    <nd ref="4519852092"/>
    <nd ref="540699949"/>
    <nd ref="4519852091"/>
    <nd ref="540699951"/>
    <nd ref="540699952"/>
    <nd ref="13564488866"/>
    <nd ref="4519852090"/>
    <nd ref="540693142"/>
    <tag k="highway" v="track"/>
    <tag k="tracktype" v="grade5"/>
  </way>
  <way id="43159677">
    <nd ref="366606081"/>
    <nd ref="540699954"/>
    <nd ref="4433195814"/>
    <nd ref="13564294874"/>
    <nd ref="540699955"/>
    <nd ref="13564294871"/>
    <nd ref="4433195808"/>
    <nd ref="540699956"/>
    <nd ref="13564294868"/>
    <nd ref="13564294887"/>
    <nd ref="540699940"/>
    <tag k="highway" v="track"/>
    <tag k="source" v="Yahoo"/>
    <tag k="tracktype" v="grade5"/>
  </way>
  <way id="43159978">
    <nd ref="540693139"/>
    <nd ref="13564488833"/>
    <nd ref="540707548"/>
    <nd ref="13564917146"/>
    <nd ref="540707550"/>
    <nd ref="13564917148"/>
    <nd ref="13564917147"/>
    <nd ref="540707551"/>
    <nd ref="2688838899"/>
    <nd ref="13564917150"/>
    <nd ref="13564917149"/>
    <nd ref="13564917151"/>
    <nd ref="540707553"/>
    <nd ref="13564917156"/>
    <nd ref="540707555"/>
    <nd ref="13564917157"/>
    <nd ref="13564917158"/>
    <nd ref="540707556"/>
    <nd ref="13564917159"/>
    <nd ref="540707558"/>
    <nd ref="13564917160"/>
    <nd ref="2688838897"/>
    <nd ref="13564917162"/>
    <nd ref="13564917161"/>
    <nd ref="540707560"/>
    <nd ref="285950378"/>
    <tag k="highway" v="track"/>
    <tag k="tracktype" v="grade3"/>
  </way>
  <way id="43417064">
    <nd ref="3783057664"/>
    <nd ref="4236379478"/>
    <nd ref="3783057658"/>
    <nd ref="4236379488"/>
    <nd ref="17205272"/>
    <nd ref="4236379496"/>
    <nd ref="3348407008"/>
    <nd ref="3800567420"/>
    <tag k="bdouble" v="yes"/>
    <tag k="destination" v="Allershausen;Freising;Hohenkammer"/>
    <tag k="highway" v="motorway_link"/>
    <tag k="lanes" v="2"/>
    <tag k="lit" v="no"/>
    <tag k="oneway" v="yes"/>
    <tag k="surface" v="asphalt"/>
    <tag k="turn:lanes" v="left|right"/>
  </way>
  <way id="43417066">
    <nd ref="83028059"/>
    <nd ref="7887902661"/>
    <nd ref="7890947322"/>
    <nd ref="7890947320"/>
    <nd ref="139305"/>
    <tag k="bdouble" v="yes"/>
    <tag k="highway" v="motorway_link"/>
    <tag k="lanes" v="2"/>
    <tag k="lit" v="no"/>
    <tag k="maxspeed" v="50"/>
    <tag k="oneway" v="yes"/>
    <tag k="surface" v="asphalt"/>
  </way>
  <way id="43417067">
    <nd ref="83028058"/>
    <nd ref="59770154"/>
    <tag k="bdouble" v="yes"/>
    <tag k="cycleway:both" v="no"/>
    <tag k="foot" v="yes"/>
    <tag k="highway" v="secondary"/>
    <tag k="lanes" v="2"/>
    <tag k="lit" v="no"/>
    <tag k="maxspeed" v="50"/>
    <tag k="name" v="Münchener Straße"/>
    <tag k="ref" v="St 2054"/>
    <tag k="smoothness" v="good"/>
    <tag k="surface" v="asphalt"/>
    <tag k="tmc" v="DE:27428"/>
  </way>
  <way id="43417069">
    <nd ref="257926101"/>
    <nd ref="17205482"/>
    <tag k="bdouble" v="yes"/>
    <tag k="cycleway:both" v="no"/>
    <tag k="foot" v="yes"/>
    <tag k="highway" v="secondary"/>
    <tag k="lanes" v="2"/>
    <tag k="lit" v="no"/>
    <tag k="maxspeed" v="50"/>
    <tag k="parking:both" v="no"/>
    <tag k="ref" v="St 2054"/>
    <tag k="sidewalk:left" v="no"/>
    <tag k="sidewalk:right" v="separate"/>
    <tag k="smoothness" v="good"/>
    <tag k="surface" v="asphalt"/>
    <tag k="tmc" v="DE:27428"/>
  </way>
  <way id="43651344">
    <nd ref="257953165"/>
    <nd ref="552106931"/>
    <nd ref="552106935"/>
    <nd ref="552106936"/>
    <nd ref="552106937"/>
    <tag k="highway" v="track"/>
    <tag k="source" v="Yahoo / YWMS"/>
    <tag k="tracktype" v="grade5"/>
  </way>
  <way id="43682019">
    <nd ref="552759615"/>
    <nd ref="8297994027"/>
    <nd ref="552759632"/>
    <tag k="highway" v="service"/>
    <tag k="source" v="Yahoo"/>
  </way>
  <way id="43708941">
    <nd ref="262433876"/>
    <nd ref="13008719491"/>
    <nd ref="13008719492"/>
    <nd ref="17205273"/>
    <tag k="bicycle" v="yes"/>
    <tag k="bridge" v="yes"/>
    <tag k="foot" v="yes"/>
    <tag k="highway" v="track"/>
    <tag k="layer" v="1"/>
    <tag k="maxweight" v="3.5"/>
    <tag k="maxweight:conditional" v="none @ agricultural"/>
    <tag k="motor_vehicle" v="no"/>
    <tag k="source" v="yahoo"/>
    <tag k="surface" v="asphalt"/>
    <tag k="tracktype" v="grade2"/>
  </way>
  <way id="43709644">
    <nd ref="553100948"/>
    <nd ref="553100949"/>
    <nd ref="553100950"/>
    <nd ref="553100951"/>
    <nd ref="553100952"/>
    <nd ref="553100949"/>
    <tag k="highway" v="service"/>
    <tag k="service" v="driveway"/>
    <tag k="source" v="Yahoo"/>
    <tag k="tracktype" v="grade1"/>
  </way>
  <way id="43709645">
    <nd ref="366608642"/>
    <nd ref="553100953"/>
    <nd ref="553100954"/>
    <nd ref="553100955"/>
    <nd ref="553100956"/>
    <nd ref="553100957"/>
    <nd ref="366608642"/>
    <tag k="highway" v="service"/>
    <tag k="service" v="driveway"/>
    <tag k="source" v="Yahoo"/>
    <tag k="tracktype" v="grade1"/>
  </way>
  <way id="43709646">
    <nd ref="553100948"/>
    <nd ref="553100956"/>
    <tag k="bridge" v="yes"/>
    <tag k="highway" v="service"/>
    <tag k="layer" v="1"/>
    <tag k="service" v="driveway"/>
    <tag k="source" v="Yahoo"/>
    <tag k="tracktype" v="grade1"/>
  </way>
  <way id="43710090">
    <nd ref="17205308"/>
    <nd ref="553104279"/>
    <nd ref="553104280"/>
    <nd ref="553104281"/>
    <nd ref="553104282"/>
    <nd ref="553104283"/>
    <nd ref="553104284"/>
    <nd ref="553104285"/>
    <nd ref="553104286"/>
    <nd ref="553104287"/>
    <nd ref="6027218688"/>
    <nd ref="6027220059"/>
    <nd ref="6027220058"/>
    <nd ref="2688838912"/>
    <nd ref="6027220056"/>
    <nd ref="6027220057"/>
    <nd ref="553104288"/>
    <nd ref="6027220053"/>
    <nd ref="6027220054"/>
    <nd ref="6027220055"/>
    <nd ref="6027220051"/>
    <nd ref="6027220050"/>
    <nd ref="6027220052"/>
    <nd ref="6027220048"/>
    <nd ref="6027220049"/>
    <nd ref="553104289"/>
    <tag k="highway" v="track"/>
    <tag k="source" v="Yahoo"/>
    <tag k="tracktype" v="grade3"/>
  </way>
  <way id="43759893">
    <nd ref="257967269"/>
    <nd ref="554166958"/>
    <nd ref="554166959"/>
    <nd ref="2173286511"/>
    <nd ref="2173286510"/>
    <tag k="highway" v="service"/>
    <tag k="source" v="Yahoo / YWMS"/>
    <tag k="surface" v="asphalt"/>
  </way>
  <way id="43759894">
    <nd ref="366601899"/>
    <nd ref="554166970"/>
    <nd ref="554166969"/>
    <nd ref="554166968"/>
    <nd ref="554166967"/>
    <nd ref="554166966"/>
    <tag k="bdouble" v="yes"/>
    <tag k="highway" v="service"/>
    <tag k="service" v="driveway"/>
    <tag k="source" v="Yahoo / YWMS"/>
  </way>
  <way id="43759895">
    <nd ref="554166964"/>
    <nd ref="554166971"/>
    <nd ref="554166972"/>
    <nd ref="554166973"/>
    <tag k="highway" v="service"/>
    <tag k="service" v="parking_aisle"/>
    <tag k="source" v="Yahoo / YWMS"/>
  </way>
  <way id="43759896">
    <nd ref="554166974"/>
    <nd ref="554166971"/>
    <tag k="highway" v="service"/>
    <tag k="service" v="parking_aisle"/>
    <tag k="source" v="Yahoo / YWMS"/>
  </way>
  <way id="43759898">
    <nd ref="540693069"/>
    <nd ref="13564488720"/>
    <nd ref="554166977"/>
    <nd ref="554166978"/>
    <nd ref="554166979"/>
    <nd ref="554166980"/>
    <nd ref="554166981"/>
    <nd ref="554166982"/>
    <nd ref="554166983"/>
    <nd ref="554166984"/>
    <nd ref="554166985"/>
    <nd ref="554166986"/>
    <nd ref="554166987"/>
    <tag k="highway" v="track"/>
    <tag k="source" v="Yahoo / YWMS"/>
    <tag k="tracktype" v="grade5"/>
  </way>
  <way id="43791372">
    <nd ref="260588851"/>
    <nd ref="554971345"/>
    <nd ref="554971358"/>
    <nd ref="554971372"/>
    <nd ref="554971410"/>
    <nd ref="554971419"/>
    <nd ref="554971432"/>
    <nd ref="564829155"/>
    <nd ref="7392545030"/>
    <nd ref="564829170"/>
    <nd ref="564829179"/>
    <nd ref="564829189"/>
    <nd ref="554989518"/>
    <tag k="highway" v="track"/>
    <tag k="source" v="survey"/>
    <tag k="tracktype" v="grade4"/>
  </way>
  <way id="43792082">
    <nd ref="259146601"/>
    <nd ref="554988692"/>
    <nd ref="554988720"/>
    <nd ref="554988771"/>
    <nd ref="554988794"/>
    <nd ref="554988807"/>
    <nd ref="554988826"/>
    <nd ref="2266571051"/>
    <nd ref="554988843"/>
    <nd ref="2266571097"/>
    <nd ref="260588844"/>
    <tag k="highway" v="track"/>
    <tag k="source" v="survey"/>
    <tag k="tracktype" v="grade2"/>
  </way>
  <way id="43792147">
    <nd ref="554988720"/>
    <nd ref="554989377"/>
    <nd ref="554989387"/>
    <nd ref="554989395"/>
    <nd ref="554989408"/>
    <nd ref="554989422"/>
    <nd ref="554989432"/>
    <nd ref="554989445"/>
    <nd ref="554989456"/>
    <nd ref="554989467"/>
    <nd ref="554989478"/>
    <nd ref="7392545031"/>
    <nd ref="7392545032"/>
    <nd ref="554989518"/>
    <nd ref="554989542"/>
    <nd ref="554989554"/>
    <nd ref="554988794"/>
    <tag k="highway" v="track"/>
    <tag k="source" v="Yahoo"/>
    <tag k="tracktype" v="grade5"/>
  </way>
  <way id="43993726">
    <nd ref="260547331"/>
    <nd ref="559407556"/>
    <nd ref="559407557"/>
    <tag k="highway" v="service"/>
    <tag k="service" v="driveway"/>
    <tag k="source" v="Yahoo / YWMS"/>
    <tag k="surface" v="gravel"/>
  </way>
  <way id="43993732">
    <nd ref="260547332"/>
    <nd ref="260547334"/>
    <nd ref="1756479623"/>
    <nd ref="260547335"/>
    <nd ref="260547336"/>
    <nd ref="260547337"/>
    <nd ref="260547338"/>
    <nd ref="260547339"/>
    <nd ref="559407558"/>
    <nd ref="2185560057"/>
    <nd ref="559407565"/>
    <nd ref="559407580"/>
    <tag k="highway" v="residential"/>
    <tag k="maxspeed" v="30"/>
    <tag k="maxweight" v="3.5"/>
    <tag k="maxweight:conditional" v="none @ destination"/>
    <tag k="name" v="Am Amperknie"/>
    <tag k="sidewalk" v="no"/>
    <tag k="surface" v="asphalt"/>
  </way>
  <way id="43993733">
    <nd ref="260548057"/>
    <nd ref="559407596"/>
    <nd ref="559407597"/>
    <nd ref="559407598"/>
    <nd ref="559407580"/>
    <tag k="bicycle" v="yes"/>
    <tag k="foot" v="yes"/>
    <tag k="highway" v="path"/>
    <tag k="source" v="Yahoo / YWMS"/>
    <tag k="surface" v="compacted"/>
  </way>
  <way id="43993734">
    <nd ref="260548056"/>
    <nd ref="559407599"/>
    <nd ref="559407600"/>
    <nd ref="559407601"/>
    <nd ref="559407602"/>
    <nd ref="559407603"/>
    <nd ref="503661261"/>
    <nd ref="257958616"/>
    <tag k="bicycle" v="designated"/>
    <tag k="foot" v="designated"/>
    <tag k="highway" v="path"/>
    <tag k="smoothness" v="good"/>
    <tag k="surface" v="asphalt"/>
  </way>
  <way id="43993735">
    <nd ref="503661261"/>
    <nd ref="2185349947"/>
    <nd ref="503661273"/>
    <nd ref="503661292"/>
    <nd ref="2185349948"/>
    <nd ref="503661305"/>
    <nd ref="503661347"/>
    <nd ref="503661365"/>
    <nd ref="560059845"/>
    <nd ref="503661376"/>
    <nd ref="503661382"/>
    <nd ref="503661392"/>
    <nd ref="503661411"/>
    <nd ref="503661420"/>
    <nd ref="503661427"/>
    <nd ref="503661440"/>
    <nd ref="503661451"/>
    <nd ref="503661509"/>
    <nd ref="503661530"/>
    <tag k="bicycle" v="no"/>
    <tag k="embankment" v="yes"/>
    <tag k="foot" v="yes"/>
    <tag k="highway" v="path"/>
    <tag k="surface" v="grass"/>
  </way>
  <way id="44038176">
    <nd ref="287162063"/>
    <nd ref="287162064"/>
    <nd ref="2689017877"/>
    <nd ref="287162065"/>
    <nd ref="287162066"/>
    <nd ref="2730969426"/>
    <tag k="highway" v="residential"/>
    <tag k="name" v="Herrnstraße"/>
  </way>
  <way id="44038177">
    <nd ref="344186011"/>
    <nd ref="2472375380"/>
    <nd ref="2472375379"/>
    <nd ref="559892909"/>
    <nd ref="559892911"/>
    <nd ref="559892913"/>
    <nd ref="559892915"/>
    <nd ref="559892916"/>
    <nd ref="2068442834"/>
    <nd ref="2068442832"/>
    <nd ref="559892917"/>
    <nd ref="2068442836"/>
    <nd ref="559892918"/>
    <nd ref="559892920"/>
    <nd ref="344186002"/>
    <tag k="highway" v="track"/>
    <tag k="source" v="Yahoo / YWMS"/>
    <tag k="tracktype" v="grade3"/>
  </way>
  <way id="44038577">
    <nd ref="257952387"/>
    <nd ref="559904124"/>
    <nd ref="559904138"/>
    <nd ref="559904046"/>
    <nd ref="559904146"/>
    <nd ref="559904149"/>
    <nd ref="559904153"/>
    <nd ref="8251270226"/>
    <nd ref="26545729"/>
    <tag k="access" v="private"/>
    <tag k="highway" v="service"/>
    <tag k="service" v="driveway"/>
  </way>
  <way id="44052394">
    <nd ref="366633127"/>
    <nd ref="560007989"/>
    <nd ref="560007990"/>
    <tag k="highway" v="service"/>
    <tag k="name" v="Mühlbachstraße"/>
    <tag k="source" v="Yahoo / YWMS"/>
  </way>
  <way id="44052395">
    <nd ref="257959583"/>
    <nd ref="560008018"/>
    <nd ref="560008025"/>
    <nd ref="560008032"/>
    <nd ref="560008043"/>
    <nd ref="257959585"/>
    <tag k="highway" v="living_street"/>
    <tag k="name" v="Finkenweg"/>
    <tag k="source" v="Yahoo / YWMS"/>
    <tag k="surface" v="asphalt"/>
  </way>
  <way id="44052400">
    <nd ref="560008068"/>
    <nd ref="560008058"/>
    <tag k="highway" v="service"/>
    <tag k="source" v="Yahoo / YWMS"/>
  </way>
  <way id="44052401">
    <nd ref="560008088"/>
    <nd ref="560008058"/>
    <nd ref="20910681"/>
    <nd ref="20910680"/>
    <nd ref="257958897"/>
    <nd ref="257948516"/>
    <nd ref="8474485145"/>
    <nd ref="256406002"/>
    <nd ref="257960354"/>
    <nd ref="3273327806"/>
    <nd ref="257948517"/>
    <tag k="cycleway" v="no"/>
    <tag k="highway" v="unclassified"/>
    <tag k="maxspeed" v="30"/>
    <tag k="name" v="Kienberger Straße"/>
    <tag k="surface" v="asphalt"/>
  </way>
  <way id="44055868">
    <nd ref="560027763"/>
    <nd ref="560027770"/>
    <nd ref="560027779"/>
    <nd ref="560027806"/>
    <nd ref="560027815"/>
    <nd ref="560027823"/>
    <nd ref="560027830"/>
    <tag k="highway" v="service"/>
    <tag k="source" v="Yahoo / YWMS"/>
    <tag k="surface" v="unpaved"/>
  </way>
  <way id="44060419">
    <nd ref="316631538"/>
    <nd ref="560059876"/>
    <nd ref="560059877"/>
    <nd ref="560059878"/>
    <nd ref="560059879"/>
    <nd ref="560059880"/>
    <nd ref="560059881"/>
    <nd ref="560059882"/>
    <nd ref="560059883"/>
    <nd ref="560059884"/>
    <tag k="highway" v="track"/>
    <tag k="source" v="Yahoo / YWMS"/>
    <tag k="tracktype" v="grade3"/>
  </way>
  <way id="44060422">
    <nd ref="560059884"/>
    <nd ref="560059885"/>
    <nd ref="560059886"/>
    <nd ref="560059887"/>
    <tag k="highway" v="track"/>
    <tag k="source" v="Yahoo / YWMS"/>
    <tag k="tracktype" v="grade5"/>
  </way>
  <way id="44080602">
    <nd ref="560261835"/>
    <nd ref="560261837"/>
    <nd ref="560261838"/>
    <nd ref="560261839"/>
    <nd ref="560261840"/>
    <nd ref="560261842"/>
    <nd ref="560261843"/>
    <nd ref="560261844"/>
    <nd ref="560261845"/>
    <nd ref="560261847"/>
    <nd ref="560261848"/>
    <nd ref="560261849"/>
    <nd ref="560261850"/>
    <nd ref="560261852"/>
    <nd ref="560261853"/>
    <tag k="highway" v="track"/>
    <tag k="source" v="Yahoo / YWMS"/>
    <tag k="tracktype" v="grade3"/>
  </way>
  <way id="44080603">
    <nd ref="560261847"/>
    <nd ref="560261855"/>
    <nd ref="560261856"/>
    <tag k="highway" v="track"/>
    <tag k="source" v="Yahoo / YWMS"/>
    <tag k="tracktype" v="grade5"/>
  </way>
  <way id="44081763">
    <nd ref="262433061"/>
    <nd ref="2662596856"/>
    <nd ref="560307961"/>
    <nd ref="560307966"/>
    <nd ref="560307968"/>
    <nd ref="5895076029"/>
    <nd ref="560307971"/>
    <nd ref="560307974"/>
    <nd ref="560307978"/>
    <nd ref="560307981"/>
    <nd ref="560307983"/>
    <nd ref="560307985"/>
    <nd ref="560307988"/>
    <nd ref="560307990"/>
    <nd ref="560307992"/>
    <nd ref="560307995"/>
    <tag k="highway" v="track"/>
    <tag k="source" v="Yahoo / YWMS"/>
    <tag k="tracktype" v="grade3"/>
  </way>
  <way id="44081764">
    <nd ref="560307974"/>
    <nd ref="560308000"/>
    <nd ref="560308002"/>
    <nd ref="560308005"/>
    <nd ref="560308008"/>
    <nd ref="560308010"/>
    <nd ref="560308012"/>
    <nd ref="560308015"/>
    <tag k="highway" v="track"/>
    <tag k="source" v="Yahoo / YWMS"/>
    <tag k="tracktype" v="grade5"/>
  </way>
  <way id="44081972">
    <nd ref="315734481"/>
    <nd ref="560312078"/>
    <nd ref="560312080"/>
    <nd ref="560312082"/>
    <nd ref="560312086"/>
    <nd ref="560312089"/>
    <nd ref="560312093"/>
    <nd ref="560312096"/>
    <nd ref="560312109"/>
    <nd ref="560312112"/>
    <tag k="highway" v="track"/>
    <tag k="source" v="Yahoo / YWMS"/>
    <tag k="tracktype" v="grade5"/>
  </way>
  <way id="44081979">
    <nd ref="560308075"/>
    <nd ref="560312299"/>
    <nd ref="5895076011"/>
    <nd ref="560312300"/>
    <nd ref="560312303"/>
    <nd ref="560312307"/>
    <nd ref="560312311"/>
    <nd ref="560312313"/>
    <nd ref="560312315"/>
    <tag k="highway" v="track"/>
    <tag k="source" v="Yahoo / YWMS"/>
    <tag k="tracktype" v="grade5"/>
  </way>
  <way id="44082849">
    <nd ref="560334043"/>
    <nd ref="560334056"/>
    <nd ref="560334065"/>
    <tag k="highway" v="track"/>
    <tag k="source" v="Yahoo / YWMS"/>
    <tag k="tracktype" v="grade2"/>
  </way>
  <way id="44082853">
    <nd ref="8680210586"/>
    <nd ref="8680210585"/>
    <nd ref="560334083"/>
    <nd ref="560334088"/>
    <nd ref="560334089"/>
    <nd ref="560334090"/>
    <tag k="highway" v="service"/>
    <tag k="name" v="Weinbergstraße"/>
    <tag k="surface" v="compacted"/>
  </way>
  <way id="44082854">
    <nd ref="560334116"/>
    <nd ref="560334100"/>
    <tag k="highway" v="service"/>
    <tag k="source" v="Yahoo / YWMS"/>
  </way>
  <way id="44082856">
    <nd ref="560334129"/>
    <nd ref="8680210584"/>
    <nd ref="560334132"/>
    <nd ref="560334089"/>
    <tag k="highway" v="service"/>
    <tag k="name" v="Weinbergstraße"/>
    <tag k="surface" v="compacted"/>
  </way>
  <way id="44082858">
    <nd ref="344202448"/>
    <nd ref="560334151"/>
    <nd ref="560334158"/>
    <nd ref="560334164"/>
    <nd ref="560334167"/>
    <nd ref="560334171"/>
    <nd ref="560334175"/>
    <nd ref="560334178"/>
    <tag k="highway" v="track"/>
    <tag k="source" v="Yahoo / YWMS"/>
    <tag k="tracktype" v="grade3"/>
  </way>
  <way id="44085822">
    <nd ref="560346768"/>
    <nd ref="560346773"/>
    <nd ref="560346779"/>
    <nd ref="560346785"/>
    <nd ref="560346804"/>
    <nd ref="560346813"/>
    <nd ref="560346821"/>
    <nd ref="560346828"/>
    <nd ref="560346836"/>
    <nd ref="560346843"/>
    <nd ref="560346852"/>
    <nd ref="560346859"/>
    <tag k="highway" v="track"/>
    <tag k="source" v="Yahoo / YWMS"/>
    <tag k="tracktype" v="grade5"/>
  </way>
  <way id="44085823">
    <nd ref="560346773"/>
    <nd ref="560346874"/>
    <nd ref="560346878"/>
    <nd ref="560346884"/>
    <nd ref="560346890"/>
    <nd ref="561220862"/>
    <nd ref="561220868"/>
    <nd ref="561220869"/>
    <tag k="highway" v="track"/>
    <tag k="source" v="Yahoo / YWMS"/>
    <tag k="tracktype" v="grade5"/>
  </way>
  <way id="44085824">
    <nd ref="560346896"/>
    <nd ref="560346904"/>
    <nd ref="560346907"/>
    <nd ref="560346911"/>
    <nd ref="560346916"/>
    <nd ref="560346920"/>
    <nd ref="560346923"/>
    <nd ref="560346927"/>
    <nd ref="560346931"/>
    <nd ref="560346936"/>
    <nd ref="7370261208"/>
    <nd ref="560346946"/>
    <nd ref="560346951"/>
    <nd ref="560346955"/>
    <nd ref="560346958"/>
    <nd ref="560346962"/>
    <nd ref="560346967"/>
    <nd ref="560346970"/>
    <nd ref="560346974"/>
    <nd ref="560346982"/>
    <nd ref="560346989"/>
    <nd ref="560346994"/>
    <nd ref="560346996"/>
    <nd ref="344202463"/>
    <nd ref="560346997"/>
    <nd ref="619525034"/>
    <nd ref="560347000"/>
    <tag k="highway" v="track"/>
    <tag k="source" v="Yahoo / YWMS"/>
    <tag k="tracktype" v="grade3"/>
  </way>
  <way id="44085825">
    <nd ref="560346916"/>
    <nd ref="560347018"/>
    <nd ref="560347022"/>
    <nd ref="560347026"/>
    <nd ref="560347029"/>
    <tag k="highway" v="track"/>
    <tag k="source" v="Yahoo / YWMS"/>
    <tag k="tracktype" v="grade5"/>
  </way>
  <way id="44088543">
    <nd ref="8981683637"/>
    <nd ref="8981683636"/>
    <nd ref="8981683635"/>
    <nd ref="8981683634"/>
    <nd ref="8981683633"/>
    <nd ref="8981683632"/>
    <nd ref="8981683631"/>
    <nd ref="8981683630"/>
    <nd ref="8981683629"/>
    <nd ref="8981683628"/>
    <nd ref="8981683639"/>
    <nd ref="8981683627"/>
    <nd ref="8981683626"/>
    <nd ref="8981683638"/>
    <nd ref="560367008"/>
    <nd ref="560367015"/>
    <nd ref="8693410159"/>
    <nd ref="560367020"/>
    <nd ref="560367024"/>
    <tag k="highway" v="service"/>
  </way>
  <way id="44091267">
    <nd ref="560377225"/>
    <nd ref="560377256"/>
    <nd ref="560377263"/>
    <nd ref="560377270"/>
    <nd ref="560377274"/>
    <nd ref="560377280"/>
    <nd ref="560377286"/>
    <nd ref="560377291"/>
    <nd ref="560377298"/>
    <tag k="highway" v="residential"/>
    <tag k="source" v="Yahoo / YWMS"/>
  </way>
  <way id="44091268">
    <nd ref="560377270"/>
    <nd ref="560377317"/>
    <nd ref="560377333"/>
    <nd ref="560377342"/>
    <nd ref="560377351"/>
    <tag k="highway" v="track"/>
    <tag k="source" v="Yahoo / YWMS"/>
    <tag k="tracktype" v="grade3"/>
  </way>
  <way id="44091275">
    <nd ref="560377376"/>
    <nd ref="560377383"/>
    <nd ref="560377389"/>
    <nd ref="560377400"/>
    <nd ref="560377404"/>
    <nd ref="560377408"/>
    <nd ref="560377414"/>
    <nd ref="560377418"/>
    <nd ref="560377425"/>
    <nd ref="560377439"/>
    <nd ref="560377447"/>
    <nd ref="560377449"/>
    <nd ref="560377452"/>
    <nd ref="560377454"/>
    <nd ref="560377457"/>
    <nd ref="560377461"/>
    <nd ref="560377467"/>
    <nd ref="560377477"/>
    <tag k="highway" v="track"/>
    <tag k="source" v="Yahoo / YWMS"/>
    <tag k="tracktype" v="grade3"/>
  </way>
  <way id="44093026">
    <nd ref="560396947"/>
    <nd ref="560396948"/>
    <nd ref="9384457037"/>
    <nd ref="9384457038"/>
    <nd ref="9384457036"/>
    <nd ref="560396949"/>
    <nd ref="9384457039"/>
    <nd ref="560396950"/>
    <tag k="highway" v="service"/>
    <tag k="service" v="driveway"/>
  </way>
  <way id="44168853">
    <nd ref="561079750"/>
    <nd ref="561079752"/>
    <nd ref="561079754"/>
    <tag k="highway" v="service"/>
    <tag k="source" v="Yahoo / YWMS"/>
  </way>
  <way id="44168855">
    <nd ref="366594236"/>
    <nd ref="561079761"/>
    <tag k="highway" v="service"/>
    <tag k="service" v="driveway"/>
    <tag k="source" v="Yahoo / YWMS"/>
  </way>
  <way id="44181134">
    <nd ref="561220817"/>
    <nd ref="561220820"/>
    <nd ref="561220823"/>
    <nd ref="561220825"/>
    <nd ref="561220827"/>
    <nd ref="561220828"/>
    <nd ref="561220830"/>
    <nd ref="561220832"/>
    <nd ref="561220836"/>
    <nd ref="561220840"/>
    <nd ref="561220841"/>
    <nd ref="561220846"/>
    <nd ref="561220848"/>
    <nd ref="561220852"/>
    <nd ref="561220854"/>
    <nd ref="561220862"/>
    <tag k="highway" v="track"/>
    <tag k="source" v="Yahoo / YWMS"/>
    <tag k="tracktype" v="grade5"/>
  </way>
  <way id="44181141">
    <nd ref="27155952"/>
    <nd ref="561220870"/>
    <nd ref="561220871"/>
    <nd ref="561220872"/>
    <tag k="highway" v="track"/>
    <tag k="source" v="Yahoo / YWMS"/>
    <tag k="tracktype" v="grade5"/>
  </way>
  <way id="44436928">
    <nd ref="259145223"/>
    <nd ref="2848234772"/>
    <nd ref="260588854"/>
    <nd ref="564828626"/>
    <nd ref="564828637"/>
    <nd ref="564828652"/>
    <nd ref="260588849"/>
    <tag k="highway" v="track"/>
    <tag k="source" v="Yahoo / YWMS"/>
    <tag k="tracktype" v="grade3"/>
  </way>
  <way id="44436929">
    <nd ref="260588851"/>
    <nd ref="260588852"/>
    <nd ref="260588853"/>
    <nd ref="260588854"/>
    <tag k="highway" v="track"/>
    <tag k="tracktype" v="grade4"/>
  </way>
  <way id="44436938">
    <nd ref="260588851"/>
    <nd ref="564828762"/>
    <nd ref="564828781"/>
    <nd ref="564828808"/>
    <nd ref="564828821"/>
    <nd ref="564828831"/>
    <nd ref="564828847"/>
    <nd ref="564828863"/>
    <nd ref="564828873"/>
    <nd ref="260588849"/>
    <tag k="highway" v="track"/>
    <tag k="source" v="survey"/>
    <tag k="tracktype" v="grade4"/>
  </way>
  <way id="44436939">
    <nd ref="260588844"/>
    <nd ref="2068431069"/>
    <nd ref="260588845"/>
    <nd ref="260588846"/>
    <nd ref="260588847"/>
    <nd ref="260588848"/>
    <nd ref="260588849"/>
    <tag k="highway" v="track"/>
    <tag k="source" v="survey"/>
    <tag k="tracktype" v="grade3"/>
  </way>
  <way id="44441989">
    <nd ref="26545721"/>
    <nd ref="12018388102"/>
    <nd ref="12018388103"/>
    <nd ref="564863249"/>
    <nd ref="564863250"/>
    <nd ref="564863251"/>
    <tag k="highway" v="track"/>
    <tag k="source" v="Yahoo / YWMS"/>
    <tag k="tracktype" v="grade4"/>
  </way>
  <way id="44447838">
    <nd ref="564914785"/>
    <nd ref="260589939"/>
    <nd ref="564914778"/>
    <nd ref="564914776"/>
    <nd ref="564914775"/>
    <nd ref="564914773"/>
    <nd ref="564914771"/>
    <nd ref="564914770"/>
    <nd ref="564914768"/>
    <nd ref="564914766"/>
    <nd ref="564914764"/>
    <nd ref="564914763"/>
    <nd ref="564914760"/>
    <nd ref="564914745"/>
    <nd ref="564914734"/>
    <tag k="highway" v="track"/>
    <tag k="source" v="Yahoo / YWMS"/>
    <tag k="tracktype" v="grade4"/>
  </way>
  <way id="44491411">
    <nd ref="287162597"/>
    <nd ref="565347170"/>
    <nd ref="565347171"/>
    <nd ref="565347172"/>
    <nd ref="565347173"/>
    <nd ref="565347177"/>
    <nd ref="565347180"/>
    <nd ref="565347181"/>
    <nd ref="565347182"/>
    <nd ref="565347184"/>
    <nd ref="559410515"/>
    <tag k="highway" v="track"/>
    <tag k="source" v="Yahoo"/>
    <tag k="tracktype" v="grade5"/>
  </way>
  <way id="44491412">
    <nd ref="287162669"/>
    <nd ref="565347185"/>
    <nd ref="2185349950"/>
    <tag k="highway" v="track"/>
    <tag k="source" v="Yahoo"/>
    <tag k="tracktype" v="grade4"/>
  </way>
  <way id="44681663">
    <nd ref="567037565"/>
    <nd ref="567037566"/>
    <nd ref="567037567"/>
    <nd ref="567037568"/>
    <nd ref="567037569"/>
    <tag k="highway" v="track"/>
    <tag k="source" v="Yahoo"/>
    <tag k="tracktype" v="grade2"/>
  </way>
  <way id="44681667">
    <nd ref="567037565"/>
    <nd ref="567037579"/>
    <nd ref="567037580"/>
    <nd ref="567037581"/>
    <nd ref="567037582"/>
    <nd ref="567037583"/>
    <nd ref="567037584"/>
    <nd ref="567037585"/>
    <nd ref="567037586"/>
    <nd ref="567037587"/>
    <nd ref="567037588"/>
    <tag k="highway" v="track"/>
    <tag k="source" v="Yahoo"/>
    <tag k="tracktype" v="grade4"/>
  </way>
  <way id="44681669">
    <nd ref="567037595"/>
    <nd ref="567037596"/>
    <nd ref="567037597"/>
    <nd ref="567037598"/>
    <nd ref="567037599"/>
    <nd ref="567037600"/>
    <nd ref="567037601"/>
    <nd ref="567037602"/>
    <nd ref="567037603"/>
    <nd ref="567037604"/>
    <nd ref="567037605"/>
    <nd ref="567037606"/>
    <nd ref="567037607"/>
    <nd ref="567037608"/>
    <nd ref="567037609"/>
    <tag k="highway" v="track"/>
    <tag k="source" v="Yahoo"/>
    <tag k="tracktype" v="grade4"/>
  </way>
  <way id="44681670">
    <nd ref="567037596"/>
    <nd ref="567037610"/>
    <nd ref="567037611"/>
    <nd ref="567037612"/>
    <nd ref="567037613"/>
    <nd ref="567037614"/>
    <nd ref="567037615"/>
    <nd ref="567037616"/>
    <nd ref="567037617"/>
    <nd ref="567037618"/>
    <nd ref="567037619"/>
    <nd ref="567037620"/>
    <nd ref="567037621"/>
    <nd ref="5185982958"/>
    <nd ref="567037622"/>
    <nd ref="567037623"/>
    <nd ref="567037624"/>
    <nd ref="567037625"/>
    <nd ref="567037626"/>
    <nd ref="567037627"/>
    <tag k="highway" v="track"/>
    <tag k="mtb:scale" v="1"/>
    <tag k="source" v="Yahoo"/>
    <tag k="surface" v="ground"/>
    <tag k="tracktype" v="grade4"/>
  </way>
  <way id="44681674">
    <nd ref="726848777"/>
    <nd ref="567037667"/>
    <nd ref="567037668"/>
    <nd ref="567037669"/>
    <nd ref="567037670"/>
    <nd ref="567037671"/>
    <nd ref="567037672"/>
    <nd ref="567037673"/>
    <nd ref="567037674"/>
    <nd ref="567037675"/>
    <nd ref="567037676"/>
    <nd ref="567037677"/>
    <nd ref="567037678"/>
    <nd ref="567037679"/>
    <tag k="highway" v="track"/>
    <tag k="source" v="Yahoo"/>
    <tag k="surface" v="ground"/>
    <tag k="tracktype" v="grade3"/>
  </way>
  <way id="48271815">
    <nd ref="257965608"/>
    <nd ref="613348613"/>
    <tag k="highway" v="residential"/>
    <tag k="name" v="Kesselbodenstraße"/>
  </way>
  <way id="48271829">
    <nd ref="613348748"/>
    <nd ref="613348749"/>
    <nd ref="613348750"/>
    <nd ref="613348751"/>
    <nd ref="613348752"/>
    <tag k="highway" v="service"/>
    <tag k="source" v="Yahoo / YWMS"/>
  </way>
  <way id="48271830">
    <nd ref="613348749"/>
    <nd ref="613348753"/>
    <nd ref="613348754"/>
    <tag k="highway" v="service"/>
    <tag k="source" v="Yahoo / YWMS"/>
  </way>
  <way id="48271831">
    <nd ref="613348755"/>
    <nd ref="613348752"/>
    <nd ref="613348754"/>
    <nd ref="613348756"/>
    <nd ref="613348757"/>
    <tag k="highway" v="service"/>
    <tag k="source" v="Yahoo / YWMS"/>
  </way>
  <way id="48272309">
    <nd ref="257965942"/>
    <nd ref="613354737"/>
    <nd ref="613354739"/>
    <tag k="highway" v="service"/>
    <tag k="source" v="Yahoo / YWMS"/>
  </way>
  <way id="48272317">
    <nd ref="613354826"/>
    <nd ref="613354827"/>
    <nd ref="613354828"/>
    <nd ref="613354829"/>
    <nd ref="613354831"/>
    <nd ref="613354832"/>
    <tag k="highway" v="service"/>
    <tag k="source" v="Yahoo / YWMS"/>
  </way>
  <way id="48272377">
    <nd ref="257965613"/>
    <nd ref="613356209"/>
    <nd ref="613356210"/>
    <nd ref="613356212"/>
    <nd ref="613356213"/>
    <nd ref="613356214"/>
    <nd ref="613356216"/>
    <nd ref="613356217"/>
    <tag k="highway" v="service"/>
    <tag k="source" v="Yahoo / YWMS"/>
  </way>
  <way id="48272378">
    <nd ref="613356214"/>
    <nd ref="613356219"/>
    <tag k="highway" v="service"/>
    <tag k="source" v="Yahoo / YWMS"/>
  </way>
  <way id="48272386">
    <nd ref="613356273"/>
    <nd ref="613356275"/>
    <tag k="highway" v="service"/>
    <tag k="source" v="Yahoo / YWMS"/>
  </way>
  <way id="48272387">
    <nd ref="613356279"/>
    <nd ref="613356280"/>
    <nd ref="613356282"/>
    <tag k="highway" v="service"/>
    <tag k="source" v="Yahoo / YWMS"/>
  </way>
  <way id="48272388">
    <nd ref="613356283"/>
    <nd ref="613356285"/>
    <tag k="highway" v="service"/>
    <tag k="source" v="Yahoo / YWMS"/>
  </way>
  <way id="48272688">
    <nd ref="257926350"/>
    <nd ref="613361539"/>
    <nd ref="2165318696"/>
    <tag k="fixme" v="Name ist nicht Glonnfeld; resurvey"/>
    <tag k="highway" v="service"/>
    <tag k="name" v="Bonhoeffer-Straße"/>
    <tag k="width" v="3"/>
  </way>
  <way id="48272689">
    <nd ref="257926350"/>
    <nd ref="12760605924"/>
    <nd ref="613361540"/>
    <nd ref="2152733536"/>
    <nd ref="613361542"/>
    <nd ref="613361543"/>
    <nd ref="2152731998"/>
    <nd ref="613361544"/>
    <nd ref="613361545"/>
    <nd ref="2152731999"/>
    <nd ref="613361546"/>
    <nd ref="613361548"/>
    <nd ref="613361549"/>
    <tag k="bicycle" v="designated"/>
    <tag k="foot" v="designated"/>
    <tag k="highway" v="path"/>
  </way>
  <way id="48273023">
    <nd ref="17216149"/>
    <nd ref="613366796"/>
    <tag k="highway" v="service"/>
    <tag k="service" v="driveway"/>
    <tag k="source" v="Yahoo / YWMS"/>
  </way>
  <way id="48273028">
    <nd ref="257926352"/>
    <nd ref="613367010"/>
    <nd ref="613367014"/>
    <nd ref="12760605908"/>
    <nd ref="613367019"/>
    <tag k="highway" v="service"/>
    <tag k="source" v="Yahoo / YWMS"/>
  </way>
  <way id="48274352">
    <nd ref="17205284"/>
    <nd ref="8298162451"/>
    <tag k="highway" v="service"/>
    <tag k="maxspeed" v="30"/>
    <tag k="name" v="Johannes-Dannheimer-Straße"/>
    <tag k="surface" v="paving_stones"/>
  </way>
  <way id="48274354">
    <nd ref="613386494"/>
    <nd ref="613386495"/>
    <nd ref="613386496"/>
    <nd ref="613386497"/>
    <nd ref="613386505"/>
    <nd ref="613386506"/>
    <tag k="highway" v="service"/>
    <tag k="surface" v="paving_stones"/>
  </way>
  <way id="48274355">
    <nd ref="613386507"/>
    <nd ref="613386508"/>
    <nd ref="613386509"/>
    <nd ref="613386510"/>
    <nd ref="8298162423"/>
    <nd ref="8298162424"/>
    <tag k="highway" v="service"/>
    <tag k="service" v="driveway"/>
    <tag k="source" v="Yahoo / YWMS"/>
  </way>
  <way id="48274356">
    <nd ref="613386508"/>
    <nd ref="613386511"/>
    <tag k="highway" v="service"/>
    <tag k="service" v="driveway"/>
    <tag k="source" v="Yahoo / YWMS"/>
  </way>
  <way id="48275242">
    <nd ref="613400455"/>
    <nd ref="613400459"/>
    <nd ref="613400460"/>
    <nd ref="613400461"/>
    <nd ref="613400462"/>
    <tag k="highway" v="service"/>
    <tag k="source" v="Yahoo / YWMS"/>
  </way>
  <way id="48275243">
    <nd ref="613400460"/>
    <nd ref="613400464"/>
    <nd ref="613400465"/>
    <nd ref="257955322"/>
    <tag k="highway" v="service"/>
    <tag k="service" v="driveway"/>
    <tag k="source" v="Yahoo / YWMS"/>
  </way>
  <way id="48276909">
    <nd ref="613425809"/>
    <nd ref="613425812"/>
    <nd ref="613425817"/>
    <tag k="highway" v="service"/>
    <tag k="source" v="Yahoo / YWMS"/>
    <tag k="surface" v="paving_stones"/>
  </way>
  <way id="48276912">
    <nd ref="613425899"/>
    <nd ref="613425923"/>
    <nd ref="613425930"/>
    <tag k="highway" v="service"/>
    <tag k="source" v="Yahoo / YWMS"/>
    <tag k="surface" v="asphalt"/>
  </way>
  <way id="48285440">
    <nd ref="2099769171"/>
    <nd ref="262434144"/>
    <nd ref="366369884"/>
    <tag k="highway" v="service"/>
    <tag k="service" v="parking_aisle"/>
    <tag k="surface" v="paving_stones"/>
  </way>
  <way id="48285467">
    <nd ref="257956245"/>
    <nd ref="613506753"/>
    <nd ref="613506754"/>
    <nd ref="613506755"/>
    <tag k="highway" v="residential"/>
    <tag k="name" v="Mozartstraße"/>
    <tag k="source" v="Yahoo / YWMS"/>
  </way>
  <way id="48290673">
    <nd ref="613571881"/>
    <nd ref="613571887"/>
    <tag k="highway" v="service"/>
    <tag k="source" v="Yahoo / YWMS"/>
  </way>
  <way id="48290674">
    <nd ref="613571893"/>
    <nd ref="613571904"/>
    <tag k="access" v="private"/>
    <tag k="highway" v="service"/>
    <tag k="name" v="Jobsterstraße"/>
    <tag k="source" v="Yahoo / YWMS"/>
    <tag k="source:access" v="survey 2017-06-21"/>
    <tag k="surface" v="compacted"/>
  </way>
  <way id="48290675">
    <nd ref="257948817"/>
    <nd ref="613571909"/>
    <nd ref="613571913"/>
    <nd ref="613571917"/>
    <nd ref="613571918"/>
    <tag k="highway" v="service"/>
    <tag k="source" v="Yahoo / YWMS"/>
  </way>
  <way id="48360432">
    <nd ref="614239278"/>
    <nd ref="614240297"/>
    <tag k="highway" v="service"/>
    <tag k="source" v="Yahoo"/>
    <tag k="surface" v="asphalt"/>
  </way>
  <way id="48361104">
    <nd ref="614255276"/>
    <nd ref="8812520342"/>
    <nd ref="614255296"/>
    <nd ref="614255300"/>
    <tag k="highway" v="service"/>
    <tag k="source" v="Yahoo"/>
  </way>
  <way id="48397561">
    <nd ref="614673042"/>
    <nd ref="614673061"/>
    <nd ref="614673066"/>
    <tag k="highway" v="service"/>
    <tag k="name" v="Seestraße"/>
    <tag k="source" v="Yahoo / YWMS"/>
  </way>
  <way id="48398263">
    <nd ref="4843669694"/>
    <nd ref="614679462"/>
    <nd ref="613571893"/>
    <tag k="highway" v="service"/>
    <tag k="service" v="driveway"/>
    <tag k="source" v="survey 2017-05-09"/>
    <tag k="surface" v="compacted"/>
  </way>
  <way id="48398299">
    <nd ref="21494860"/>
    <nd ref="614680109"/>
    <tag k="highway" v="service"/>
    <tag k="source" v="Yahoo / YWMS"/>
  </way>
  <way id="48501230">
    <nd ref="616227419"/>
    <nd ref="616227420"/>
    <nd ref="616227421"/>
    <nd ref="616227423"/>
    <nd ref="616227424"/>
    <nd ref="616227425"/>
    <tag k="highway" v="service"/>
    <tag k="source" v="Yahoo / YWMS"/>
  </way>
  <way id="48502067">
    <nd ref="260548050"/>
    <nd ref="11257723425"/>
    <nd ref="11257723426"/>
    <nd ref="260548051"/>
    <nd ref="260548052"/>
    <nd ref="260548053"/>
    <nd ref="260548054"/>
    <nd ref="260548055"/>
    <nd ref="260548056"/>
    <tag k="bicycle" v="designated"/>
    <tag k="foot" v="designated"/>
    <tag k="highway" v="path"/>
    <tag k="name" v="Kirchstraße"/>
    <tag k="smoothness" v="good"/>
    <tag k="surface" v="asphalt"/>
  </way>
  <way id="48502074">
    <nd ref="393396403"/>
    <nd ref="616237913"/>
    <nd ref="11257723416"/>
    <nd ref="616237914"/>
    <nd ref="11257723417"/>
    <nd ref="616237915"/>
    <tag k="access" v="private"/>
    <tag k="highway" v="service"/>
    <tag k="name" v="Am Bach"/>
  </way>
  <way id="48504748">
    <nd ref="616273824"/>
    <nd ref="616273826"/>
    <nd ref="616273828"/>
    <tag k="highway" v="service"/>
    <tag k="source" v="Yahoo / YWMS"/>
    <tag k="surface" v="paving_stones"/>
  </way>
  <way id="48504750">
    <nd ref="257957084"/>
    <nd ref="616273836"/>
    <nd ref="616273837"/>
    <nd ref="616273838"/>
    <nd ref="616273840"/>
    <tag k="highway" v="service"/>
    <tag k="source" v="Yahoo / YWMS"/>
  </way>
  <way id="48533042">
    <nd ref="616567012"/>
    <nd ref="616567013"/>
    <tag k="highway" v="service"/>
    <tag k="source" v="Yahoo / YWMS"/>
    <tag k="surface" v="pebblestone"/>
  </way>
  <way id="48544229">
    <nd ref="616675935"/>
    <nd ref="616675936"/>
    <nd ref="616675937"/>
    <tag k="highway" v="service"/>
    <tag k="source" v="Yahoo / YWMS"/>
  </way>
  <way id="48544230">
    <nd ref="616675938"/>
    <nd ref="616675936"/>
    <tag k="highway" v="service"/>
    <tag k="source" v="Yahoo / YWMS"/>
  </way>
  <way id="48544231">
    <nd ref="616675939"/>
    <nd ref="616675940"/>
    <nd ref="616675941"/>
    <tag k="highway" v="service"/>
    <tag k="source" v="Yahoo / YWMS"/>
  </way>
  <way id="48544618">
    <nd ref="20910679"/>
    <nd ref="616681247"/>
    <nd ref="616681248"/>
    <nd ref="616681249"/>
    <tag k="bicycle" v="yes"/>
    <tag k="foot" v="yes"/>
    <tag k="highway" v="path"/>
    <tag k="source" v="Yahoo / YWMS"/>
  </way>
  <way id="48544619">
    <nd ref="257948595"/>
    <nd ref="616681250"/>
    <nd ref="616681251"/>
    <tag k="highway" v="service"/>
    <tag k="source" v="Yahoo / YWMS"/>
  </way>
  <way id="48544620">
    <nd ref="257959590"/>
    <nd ref="616681253"/>
    <tag k="highway" v="living_street"/>
    <tag k="source" v="Yahoo / YWMS"/>
  </way>
  <way id="48573304">
    <nd ref="366609735"/>
    <nd ref="616971725"/>
    <nd ref="616971726"/>
    <nd ref="616971727"/>
    <nd ref="315126097"/>
    <tag k="highway" v="track"/>
    <tag k="source" v="Yahoo / YWMS"/>
    <tag k="tracktype" v="grade1"/>
  </way>
  <way id="48580344">
    <nd ref="617030077"/>
    <nd ref="617030078"/>
    <tag k="highway" v="service"/>
    <tag k="source" v="Yahoo / YWMS"/>
  </way>
  <way id="48904753">
    <nd ref="366610978"/>
    <nd ref="8684982819"/>
    <nd ref="393434156"/>
    <tag k="highway" v="track"/>
    <tag k="source" v="Yahoo"/>
    <tag k="tracktype" v="grade2"/>
  </way>
  <way id="55343738">
    <nd ref="260399987"/>
    <nd ref="695163015"/>
    <nd ref="695163016"/>
    <tag k="highway" v="service"/>
  </way>
  <way id="55343747">
    <nd ref="695163222"/>
    <nd ref="695163227"/>
    <nd ref="695163228"/>
    <tag k="highway" v="service"/>
  </way>
  <way id="55344491">
    <nd ref="695171151"/>
    <nd ref="695171158"/>
    <nd ref="695171165"/>
    <nd ref="695171170"/>
    <nd ref="695171177"/>
    <tag k="highway" v="service"/>
  </way>
  <way id="55344499">
    <nd ref="695171194"/>
    <nd ref="695171227"/>
    <tag k="highway" v="service"/>
  </way>
  <way id="55346144">
    <nd ref="260399958"/>
    <nd ref="695189919"/>
    <nd ref="695189920"/>
    <nd ref="695189921"/>
    <nd ref="695189922"/>
    <nd ref="695189923"/>
    <tag k="highway" v="service"/>
  </way>
  <way id="55346146">
    <nd ref="260400181"/>
    <nd ref="2054194360"/>
    <nd ref="2054194361"/>
    <nd ref="695189924"/>
    <nd ref="695189925"/>
    <nd ref="2054194362"/>
    <nd ref="695189926"/>
    <tag k="highway" v="service"/>
  </way>
  <way id="55346380">
    <nd ref="26539241"/>
    <nd ref="8675261016"/>
    <nd ref="695193463"/>
    <tag k="access" v="private"/>
    <tag k="highway" v="service"/>
  </way>
  <way id="55414429">
    <nd ref="476008462"/>
    <nd ref="696369064"/>
    <nd ref="696369066"/>
    <nd ref="696369068"/>
    <nd ref="696369071"/>
    <nd ref="696369073"/>
    <nd ref="696369076"/>
    <tag k="highway" v="track"/>
    <tag k="source" v="Yahoo / YWMS"/>
    <tag k="tracktype" v="grade2"/>
  </way>
  <way id="55489347">
    <nd ref="443620108"/>
    <nd ref="9384457142"/>
    <nd ref="697282178"/>
    <nd ref="697282179"/>
    <tag k="highway" v="service"/>
    <tag k="service" v="driveway"/>
  </way>
  <way id="55489624">
    <nd ref="366595052"/>
    <nd ref="697284200"/>
    <nd ref="697284201"/>
    <nd ref="697284202"/>
    <nd ref="697284203"/>
    <nd ref="697284204"/>
    <nd ref="697284205"/>
    <tag k="highway" v="service"/>
    <tag k="service" v="driveway"/>
  </way>
  <way id="58664606">
    <nd ref="6379174566"/>
    <nd ref="4709358407"/>
    <nd ref="619525017"/>
    <nd ref="619525018"/>
    <nd ref="2662585417"/>
    <nd ref="619525019"/>
    <nd ref="619525020"/>
    <nd ref="619525021"/>
    <nd ref="726848857"/>
    <nd ref="619525022"/>
    <nd ref="619525023"/>
    <nd ref="6379174568"/>
    <nd ref="619525024"/>
    <nd ref="619525025"/>
    <nd ref="619525026"/>
    <nd ref="619525027"/>
    <nd ref="619525028"/>
    <nd ref="619525029"/>
    <nd ref="619525030"/>
    <nd ref="619525031"/>
    <nd ref="619525032"/>
    <nd ref="619525033"/>
    <nd ref="619525034"/>
    <nd ref="619525035"/>
    <nd ref="6379174571"/>
    <nd ref="619525036"/>
    <nd ref="619525037"/>
    <nd ref="619525038"/>
    <nd ref="6379174570"/>
    <nd ref="6379174572"/>
    <nd ref="344202468"/>
    <nd ref="344202469"/>
    <nd ref="344202470"/>
    <nd ref="567037569"/>
    <nd ref="344202471"/>
    <nd ref="344202472"/>
    <nd ref="344202473"/>
    <nd ref="726848777"/>
    <nd ref="726848778"/>
    <nd ref="726848779"/>
    <nd ref="726848780"/>
    <nd ref="726848781"/>
    <nd ref="27156026"/>
    <tag k="foot" v="yes"/>
    <tag k="highway" v="cycleway"/>
    <tag k="lcn" v="yes"/>
    <tag k="lit" v="no"/>
    <tag k="segregated" v="no"/>
    <tag k="surface" v="asphalt"/>
    <tag k="tracktype" v="grade1"/>
  </way>
  <way id="58664613">
    <nd ref="726848857"/>
    <nd ref="262265152"/>
    <tag k="foot" v="yes"/>
    <tag k="highway" v="cycleway"/>
  </way>
  <way id="67822536">
    <nd ref="559407565"/>
    <nd ref="260547340"/>
    <tag k="highway" v="service"/>
    <tag k="service" v="parking_aisle"/>
    <tag k="surface" v="compacted"/>
  </way>
  <way id="70534355">
    <nd ref="841770427"/>
    <nd ref="841770431"/>
    <tag k="highway" v="service"/>
  </way>
  <way id="70534356">
    <nd ref="841770431"/>
    <nd ref="841770436"/>
    <nd ref="841770438"/>
    <nd ref="841770440"/>
    <nd ref="841770443"/>
    <nd ref="841770444"/>
    <nd ref="841770447"/>
    <tag k="highway" v="track"/>
    <tag k="source" v="survey"/>
    <tag k="tracktype" v="grade4"/>
  </way>
  <way id="70534357">
    <nd ref="841770444"/>
    <nd ref="841770453"/>
    <nd ref="841770454"/>
    <nd ref="841770455"/>
    <nd ref="841770456"/>
    <nd ref="841770458"/>
    <tag k="highway" v="track"/>
    <tag k="source" v="survey"/>
    <tag k="tracktype" v="grade5"/>
  </way>
  <way id="70794436">
    <nd ref="844176109"/>
    <nd ref="334289702"/>
    <nd ref="334289704"/>
    <nd ref="139317"/>
    <nd ref="334289706"/>
    <nd ref="139311"/>
    <nd ref="334289710"/>
    <nd ref="11252513713"/>
    <nd ref="17205379"/>
    <nd ref="334289712"/>
    <nd ref="139309"/>
    <nd ref="257955749"/>
    <tag k="bdouble" v="yes"/>
    <tag k="highway" v="motorway"/>
    <tag k="int_ref" v="E 45"/>
    <tag k="lanes" v="3"/>
    <tag k="lit" v="no"/>
    <tag k="maxheight" v="default"/>
    <tag k="maxspeed" v="none"/>
    <tag k="maxspeed:conditional" v="80 @ wet"/>
    <tag k="maxspeed:variable" v="peak_traffic"/>
    <tag k="oneway" v="yes"/>
    <tag k="ref" v="A 9"/>
    <tag k="source:lit" v="http://www.autobahn-bilder.de"/>
    <tag k="surface" v="asphalt"/>
  </way>
  <way id="87223608">
    <nd ref="257952976"/>
    <nd ref="1014258208"/>
    <nd ref="2416007385"/>
    <nd ref="1014258211"/>
    <nd ref="1014258214"/>
    <tag k="access" v="private"/>
    <tag k="highway" v="track"/>
    <tag k="source" v="survey"/>
    <tag k="tracktype" v="grade2"/>
  </way>
  <way id="130072996">
    <nd ref="21494848"/>
    <nd ref="257904912"/>
    <nd ref="13724322875"/>
    <nd ref="1836828841"/>
    <nd ref="1836828842"/>
    <nd ref="1836828844"/>
    <nd ref="1836828845"/>
    <nd ref="1836828848"/>
    <nd ref="13724322876"/>
    <nd ref="257926872"/>
    <nd ref="13724322877"/>
    <nd ref="21494850"/>
    <nd ref="13724322878"/>
    <nd ref="13724322879"/>
    <nd ref="21494864"/>
    <nd ref="1836828849"/>
    <nd ref="2469933646"/>
    <nd ref="2469933580"/>
    <nd ref="1836828851"/>
    <nd ref="21494851"/>
    <nd ref="1836828853"/>
    <nd ref="257926871"/>
    <nd ref="13724322886"/>
    <nd ref="21494852"/>
    <nd ref="257926870"/>
    <nd ref="13724322887"/>
    <nd ref="552092511"/>
    <nd ref="21494853"/>
    <nd ref="11431588319"/>
    <nd ref="257926832"/>
    <tag k="agricultural" v="yes"/>
    <tag k="bicycle" v="designated"/>
    <tag k="foot" v="designated"/>
    <tag k="highway" v="track"/>
    <tag k="segregated" v="no"/>
    <tag k="smoothness" v="excellent"/>
    <tag k="surface" v="asphalt"/>
    <tag k="tracktype" v="grade1"/>
  </way>
  <way id="132656106">
    <nd ref="21494855"/>
    <nd ref="8100294701"/>
    <nd ref="21494854"/>
    <tag k="highway" v="unclassified"/>
    <tag k="lane_markings" v="no"/>
    <tag k="maxspeed" v="50"/>
    <tag k="name" v="Jobsterstraße"/>
    <tag k="surface" v="asphalt"/>
  </way>
  <way id="132656107">
    <nd ref="21494854"/>
    <nd ref="8100294699"/>
    <nd ref="13724300141"/>
    <nd ref="257926832"/>
    <tag k="highway" v="unclassified"/>
    <tag k="lane_markings" v="no"/>
    <tag k="maxspeed" v="30"/>
    <tag k="maxspeed:type" v="DE:zone30"/>
    <tag k="name" v="Jobsterstraße"/>
    <tag k="surface" v="asphalt"/>
  </way>
  <way id="132672156">
    <nd ref="443620104"/>
    <nd ref="393396405"/>
    <nd ref="2807474412"/>
    <nd ref="26424991"/>
    <nd ref="452628799"/>
    <nd ref="26424992"/>
    <nd ref="9198117460"/>
    <nd ref="257949593"/>
    <tag k="highway" v="unclassified"/>
    <tag k="surface" v="asphalt"/>
  </way>
  <way id="134141082">
    <nd ref="1475197071"/>
    <nd ref="1475197062"/>
    <nd ref="1475197058"/>
    <nd ref="1475197056"/>
    <tag k="highway" v="service"/>
    <tag k="service" v="parking_aisle"/>
  </way>
  <way id="135430342">
    <nd ref="1487487968"/>
    <nd ref="366601783"/>
    <tag k="highway" v="residential"/>
    <tag k="name" v="Kesselbodenstraße"/>
    <tag k="oneway" v="yes"/>
  </way>
  <way id="135430425">
    <nd ref="366601786"/>
    <nd ref="21494866"/>
    <nd ref="2807448299"/>
    <nd ref="21494867"/>
    <nd ref="2469933531"/>
    <nd ref="257917823"/>
    <nd ref="257917778"/>
    <nd ref="2469933621"/>
    <nd ref="1487487968"/>
    <tag k="highway" v="secondary"/>
    <tag k="maxspeed" v="80"/>
    <tag k="maxspeed:conditional" v="60 @ wet"/>
    <tag k="ref" v="St 2054"/>
    <tag k="surface" v="asphalt"/>
    <tag k="tmc" v="DE:27427/27428"/>
  </way>
  <way id="135430426">
    <nd ref="1487487968"/>
    <nd ref="21494868"/>
    <nd ref="7255498132"/>
    <nd ref="21494869"/>
    <nd ref="257917779"/>
    <nd ref="8567022432"/>
    <nd ref="257917780"/>
    <nd ref="2807448298"/>
    <nd ref="21494870"/>
    <nd ref="2807448297"/>
    <nd ref="8796492201"/>
    <nd ref="393656386"/>
    <nd ref="257917781"/>
    <nd ref="257917782"/>
    <tag k="highway" v="secondary"/>
    <tag k="maxspeed" v="80"/>
    <tag k="maxspeed:conditional" v="60 @ wet"/>
    <tag k="ref" v="St 2054"/>
    <tag k="surface" v="asphalt"/>
    <tag k="tmc" v="DE:27427/27428"/>
  </way>
  <way id="135431214">
    <nd ref="248968328"/>
    <nd ref="257949191"/>
    <nd ref="287162932"/>
    <tag k="highway" v="secondary"/>
    <tag k="lanes" v="2"/>
    <tag k="maxspeed" v="50"/>
    <tag k="ref" v="St 2084"/>
    <tag k="surface" v="asphalt"/>
  </way>
  <way id="135431215">
    <nd ref="17205449"/>
    <nd ref="8977449121"/>
    <nd ref="561079707"/>
    <nd ref="257949192"/>
    <nd ref="561079706"/>
    <nd ref="17205435"/>
    <nd ref="561079705"/>
    <nd ref="257949193"/>
    <nd ref="17205441"/>
    <nd ref="2469933538"/>
    <nd ref="17205440"/>
    <tag k="highway" v="secondary"/>
    <tag k="lanes" v="2"/>
    <tag k="maxspeed" v="60"/>
    <tag k="ref" v="St 2084"/>
    <tag k="surface" v="asphalt"/>
  </way>
  <way id="135431216">
    <nd ref="17205440"/>
    <nd ref="2469933530"/>
    <nd ref="2068442869"/>
    <nd ref="26424691"/>
    <nd ref="2068442867"/>
    <nd ref="2472375384"/>
    <tag k="highway" v="secondary"/>
    <tag k="lanes" v="2"/>
    <tag k="maxspeed" v="60"/>
    <tag k="ref" v="St 2084"/>
    <tag k="surface" v="asphalt"/>
    <tag k="width" v="7.0"/>
  </way>
  <way id="135431537">
    <nd ref="257951741"/>
    <nd ref="1763048134"/>
    <nd ref="2068442817"/>
    <nd ref="1763048133"/>
    <nd ref="2068442816"/>
    <nd ref="11256123710"/>
    <tag k="highway" v="secondary"/>
    <tag k="lanes" v="2"/>
    <tag k="maxspeed" v="70"/>
    <tag k="ref" v="St 2084"/>
    <tag k="surface" v="asphalt"/>
    <tag k="width" v="7.0"/>
  </way>
  <way id="135586672">
    <nd ref="285950480"/>
    <nd ref="2295275792"/>
    <nd ref="2295275793"/>
    <nd ref="285950460"/>
    <nd ref="139284"/>
    <nd ref="2295275795"/>
    <nd ref="285950435"/>
    <nd ref="2295275794"/>
    <nd ref="139285"/>
    <nd ref="285950421"/>
    <nd ref="2295275796"/>
    <nd ref="139291"/>
    <nd ref="139292"/>
    <nd ref="315127890"/>
    <nd ref="8697787120"/>
    <nd ref="443510604"/>
    <nd ref="2469933641"/>
    <nd ref="2469933497"/>
    <nd ref="2939314758"/>
    <tag k="bdouble" v="yes"/>
    <tag k="highway" v="motorway"/>
    <tag k="int_ref" v="E 45"/>
    <tag k="lanes" v="4"/>
    <tag k="lit" v="no"/>
    <tag k="maxheight" v="default"/>
    <tag k="maxspeed" v="none"/>
    <tag k="maxspeed:variable" v="peak_traffic"/>
    <tag k="oneway" v="yes"/>
    <tag k="ref" v="A 9"/>
    <tag k="surface" v="asphalt"/>
    <tag k="tmc" v="DE:60599/12732"/>
  </way>
  <way id="135637136">
    <nd ref="21494862"/>
    <nd ref="1489418727"/>
    <nd ref="1489418728"/>
    <nd ref="21494848"/>
    <tag k="bicycle" v="designated"/>
    <tag k="foot" v="designated"/>
    <tag k="highway" v="cycleway"/>
    <tag k="lcn" v="yes"/>
    <tag k="oneway" v="no"/>
    <tag k="segregated" v="no"/>
  </way>
  <way id="135639490">
    <nd ref="257948517"/>
    <nd ref="256406004"/>
    <tag k="cycleway" v="no"/>
    <tag k="highway" v="unclassified"/>
    <tag k="name" v="Kienberger Straße"/>
    <tag k="surface" v="asphalt"/>
  </way>
  <way id="135641135">
    <nd ref="1489442409"/>
    <nd ref="256406024"/>
    <nd ref="256406026"/>
    <tag k="cycleway" v="no"/>
    <tag k="highway" v="unclassified"/>
    <tag k="maxspeed:forward" v="70"/>
    <tag k="width" v="5.4"/>
  </way>
  <way id="135641138">
    <nd ref="256406026"/>
    <nd ref="257943693"/>
    <nd ref="1489442400"/>
    <nd ref="27247878"/>
    <tag k="cycleway" v="no"/>
    <tag k="highway" v="unclassified"/>
    <tag k="maxspeed" v="50"/>
  </way>
  <way id="135641141">
    <nd ref="315126612"/>
    <nd ref="1489442414"/>
    <nd ref="1489442424"/>
    <nd ref="1489442426"/>
    <nd ref="1489442428"/>
    <tag k="highway" v="track"/>
    <tag k="surface" v="grass"/>
    <tag k="tracktype" v="grade4"/>
  </way>
  <way id="135641143">
    <nd ref="1489442403"/>
    <nd ref="1489442404"/>
    <nd ref="1489442405"/>
    <nd ref="1489442406"/>
    <nd ref="10780518802"/>
    <nd ref="10780518800"/>
    <nd ref="10780518801"/>
    <tag k="highway" v="track"/>
    <tag k="surface" v="grass"/>
    <tag k="tracktype" v="grade5"/>
  </way>
  <way id="135641146">
    <nd ref="1489442413"/>
    <nd ref="256406023"/>
    <nd ref="539419351"/>
    <nd ref="539419354"/>
    <nd ref="315126613"/>
    <nd ref="539419281"/>
    <nd ref="2327527928"/>
    <tag k="cycleway" v="no"/>
    <tag k="highway" v="unclassified"/>
    <tag k="maxspeed" v="60"/>
    <tag k="width" v="5.4"/>
  </way>
  <way id="148268091">
    <nd ref="257955801"/>
    <nd ref="334294801"/>
    <tag k="bdouble" v="yes"/>
    <tag k="highway" v="motorway"/>
    <tag k="int_ref" v="E 45"/>
    <tag k="lanes" v="4"/>
    <tag k="lit" v="no"/>
    <tag k="maxspeed" v="none"/>
    <tag k="maxspeed:conditional" v="80 @ wet"/>
    <tag k="maxspeed:variable" v="peak_traffic"/>
    <tag k="oneway" v="yes"/>
    <tag k="ref" v="A 9"/>
    <tag k="source:lit" v="http://www.autobahn-bilder.de"/>
    <tag k="surface" v="asphalt"/>
  </way>
  <way id="148268160">
    <nd ref="257948829"/>
    <nd ref="257948922"/>
    <nd ref="614679447"/>
    <nd ref="613571893"/>
    <nd ref="21494860"/>
    <nd ref="613571881"/>
    <nd ref="21494859"/>
    <nd ref="257953385"/>
    <nd ref="257954594"/>
    <nd ref="257948923"/>
    <nd ref="257954949"/>
    <nd ref="1613672573"/>
    <nd ref="257954782"/>
    <nd ref="1613672567"/>
    <nd ref="1613672566"/>
    <nd ref="8100302052"/>
    <nd ref="8100302037"/>
    <nd ref="21494856"/>
    <nd ref="257953778"/>
    <nd ref="2688838904"/>
    <nd ref="8100294700"/>
    <nd ref="21494855"/>
    <tag k="highway" v="unclassified"/>
    <tag k="lane_markings" v="no"/>
    <tag k="maxspeed" v="30"/>
    <tag k="name" v="Jobsterstraße"/>
    <tag k="surface" v="asphalt"/>
  </way>
  <way id="148268178">
    <nd ref="83028058"/>
    <nd ref="3783056250"/>
    <nd ref="1613672580"/>
    <nd ref="257917903"/>
    <nd ref="2481632772"/>
    <nd ref="2481632769"/>
    <nd ref="83028059"/>
    <tag k="bdouble" v="yes"/>
    <tag k="destination" v="Nürnberg"/>
    <tag k="destination:ref" v="A 9"/>
    <tag k="highway" v="motorway_link"/>
    <tag k="lanes" v="1"/>
    <tag k="lit" v="no"/>
    <tag k="oneway" v="yes"/>
    <tag k="surface" v="asphalt"/>
  </way>
  <way id="148268179">
    <nd ref="3783056249"/>
    <nd ref="17205313"/>
    <nd ref="2152718656"/>
    <nd ref="257926059"/>
    <nd ref="4236379449"/>
    <nd ref="4236379446"/>
    <nd ref="17216145"/>
    <nd ref="4236379440"/>
    <nd ref="1613672568"/>
    <nd ref="3348407007"/>
    <nd ref="4236379425"/>
    <nd ref="3783057670"/>
    <tag k="bdouble" v="yes"/>
    <tag k="destination:ref" v="A 9"/>
    <tag k="highway" v="motorway_link"/>
    <tag k="lanes" v="1"/>
    <tag k="lit" v="no"/>
    <tag k="oneway" v="yes"/>
    <tag k="surface" v="asphalt"/>
  </way>
  <way id="162200340">
    <nd ref="1741229510"/>
    <nd ref="1741229486"/>
    <nd ref="6749849366"/>
    <nd ref="1741229430"/>
    <nd ref="1741229423"/>
    <nd ref="6749849365"/>
    <nd ref="1741229488"/>
    <nd ref="1741229432"/>
    <nd ref="6749849367"/>
    <nd ref="1741229463"/>
    <nd ref="1741229543"/>
    <nd ref="6749849374"/>
    <nd ref="6749849373"/>
    <nd ref="1741229437"/>
    <nd ref="6749849372"/>
    <nd ref="6749849371"/>
    <nd ref="1741229534"/>
    <nd ref="1741229428"/>
    <nd ref="6749849370"/>
    <nd ref="6749849368"/>
    <nd ref="6749849369"/>
    <nd ref="1741229483"/>
    <nd ref="6749849375"/>
    <nd ref="1741229490"/>
    <nd ref="6749849376"/>
    <nd ref="679654024"/>
    <nd ref="1741229465"/>
    <nd ref="6749849378"/>
    <nd ref="1741229517"/>
    <nd ref="6749849379"/>
    <nd ref="6749849382"/>
    <nd ref="1741229541"/>
    <nd ref="6749849380"/>
    <nd ref="6749849383"/>
    <nd ref="1741229456"/>
    <nd ref="6749849381"/>
    <nd ref="1741229426"/>
    <nd ref="6749849384"/>
    <nd ref="1741229494"/>
    <nd ref="6749887185"/>
    <nd ref="257944500"/>
    <tag k="highway" v="unclassified"/>
    <tag k="lanes" v="1"/>
    <tag k="smoothness" v="bad"/>
    <tag k="surface" v="compacted"/>
  </way>
  <way id="163985247">
    <nd ref="257917782"/>
    <nd ref="8796492199"/>
    <nd ref="21494871"/>
    <nd ref="257969116"/>
    <nd ref="257917783"/>
    <nd ref="21494872"/>
    <nd ref="2688929961"/>
    <tag k="highway" v="secondary"/>
    <tag k="maxspeed" v="80"/>
    <tag k="maxspeed:conditional" v="60 @ wet"/>
    <tag k="ref" v="St 2054"/>
    <tag k="surface" v="asphalt"/>
    <tag k="tmc" v="DE:27427/27428"/>
  </way>
  <way id="163985250">
    <nd ref="1756479646"/>
    <nd ref="1756479649"/>
    <nd ref="1756479652"/>
    <nd ref="1756479655"/>
    <nd ref="1756479658"/>
    <nd ref="1756479560"/>
    <nd ref="1756479662"/>
    <nd ref="559410518"/>
    <nd ref="559410517"/>
    <nd ref="559410516"/>
    <nd ref="559410515"/>
    <nd ref="559410514"/>
    <nd ref="559410513"/>
    <nd ref="559410512"/>
    <nd ref="559410511"/>
    <nd ref="559410510"/>
    <nd ref="559410509"/>
    <nd ref="559410508"/>
    <nd ref="257949699"/>
    <tag k="highway" v="track"/>
    <tag k="source" v="survey"/>
    <tag k="tracktype" v="grade3"/>
  </way>
  <way id="163985252">
    <nd ref="1756479623"/>
    <nd ref="1756479626"/>
    <nd ref="11160351416"/>
    <nd ref="11160351417"/>
    <nd ref="1756479556"/>
    <nd ref="11160351418"/>
    <nd ref="1756479558"/>
    <nd ref="1756479629"/>
    <nd ref="1756479632"/>
    <tag k="highway" v="track"/>
    <tag k="source" v="survey"/>
    <tag k="tracktype" v="grade3"/>
  </way>
  <way id="163985253">
    <nd ref="559410518"/>
    <nd ref="559410519"/>
    <nd ref="559410520"/>
    <nd ref="559410521"/>
    <tag k="highway" v="track"/>
    <tag k="source" v="Yahoo / YWMS"/>
    <tag k="tracktype" v="grade4"/>
  </way>
  <way id="163985256">
    <nd ref="1756479632"/>
    <nd ref="1756479635"/>
    <nd ref="1756479555"/>
    <nd ref="1756479621"/>
    <nd ref="1756479637"/>
    <nd ref="1756479640"/>
    <nd ref="1756479643"/>
    <nd ref="1756479646"/>
    <tag k="highway" v="track"/>
    <tag k="source" v="survey"/>
    <tag k="tracktype" v="grade5"/>
  </way>
  <way id="180018431">
    <nd ref="257957085"/>
    <nd ref="2161021576"/>
    <nd ref="3809866390"/>
    <nd ref="366145192"/>
    <nd ref="257956969"/>
    <nd ref="26044223"/>
    <tag k="highway" v="secondary"/>
    <tag k="maxspeed" v="50"/>
    <tag k="name" v="Ampertalstraße"/>
    <tag k="ref" v="St 2054"/>
    <tag k="surface" v="asphalt"/>
    <tag k="tmc" v="DE:27428/35055"/>
  </way>
  <way id="189819871">
    <nd ref="2004280091"/>
    <nd ref="2004279972"/>
    <nd ref="2004279968"/>
    <tag k="highway" v="service"/>
  </way>
  <way id="189819873">
    <nd ref="2004280042"/>
    <nd ref="2004280033"/>
    <nd ref="2004280043"/>
    <tag k="highway" v="service"/>
  </way>
  <way id="189819874">
    <nd ref="2004279972"/>
    <nd ref="2004280019"/>
    <tag k="highway" v="service"/>
  </way>
  <way id="194908714">
    <nd ref="2054194352"/>
    <nd ref="2054194353"/>
    <nd ref="2054194354"/>
    <nd ref="2054194355"/>
    <tag k="highway" v="residential"/>
    <tag k="name" v="Eichfeldstraße"/>
  </way>
  <way id="194908715">
    <nd ref="2054194357"/>
    <nd ref="2054194356"/>
    <tag k="highway" v="service"/>
    <tag k="service" v="driveway"/>
  </way>
  <way id="194908716">
    <nd ref="26539242"/>
    <nd ref="2054194358"/>
    <nd ref="2054194359"/>
    <tag k="highway" v="service"/>
    <tag k="service" v="driveway"/>
  </way>
  <way id="198471461">
    <nd ref="366633928"/>
    <nd ref="262433909"/>
    <nd ref="262433908"/>
    <nd ref="262433907"/>
    <nd ref="262433906"/>
    <nd ref="262433905"/>
    <nd ref="262433904"/>
    <nd ref="2090842586"/>
    <nd ref="262433903"/>
    <nd ref="262433902"/>
    <nd ref="262433901"/>
    <nd ref="2123599292"/>
    <nd ref="262433900"/>
    <nd ref="2123599293"/>
    <nd ref="2085963371"/>
    <nd ref="2085963391"/>
    <nd ref="2085963409"/>
    <tag k="bicycle" v="designated"/>
    <tag k="check_date:surface" v="2025-07-17"/>
    <tag k="foot" v="designated"/>
    <tag k="highway" v="path"/>
    <tag k="segregated" v="no"/>
    <tag k="source" v="survey"/>
    <tag k="surface" v="asphalt"/>
  </way>
  <way id="198477039">
    <nd ref="2085963439"/>
    <nd ref="2085963460"/>
    <nd ref="257960759"/>
    <tag k="bicycle" v="designated"/>
    <tag k="created_by" v="Potlatch 0.10f"/>
    <tag k="foot" v="designated"/>
    <tag k="highway" v="path"/>
    <tag k="segregated" v="no"/>
    <tag k="source" v="survey"/>
    <tag k="surface" v="asphalt"/>
  </way>
  <way id="198477040">
    <nd ref="2085963409"/>
    <nd ref="2085963439"/>
    <tag k="bicycle" v="designated"/>
    <tag k="bridge" v="yes"/>
    <tag k="created_by" v="Potlatch 0.10f"/>
    <tag k="foot" v="designated"/>
    <tag k="highway" v="path"/>
    <tag k="segregated" v="no"/>
    <tag k="source" v="survey"/>
    <tag k="surface" v="asphalt"/>
  </way>
  <way id="198924122">
    <nd ref="2089934522"/>
    <nd ref="366145191"/>
    <tag k="highway" v="service"/>
    <tag k="service" v="parking_aisle"/>
    <tag k="surface" v="asphalt"/>
  </way>
  <way id="199123771">
    <nd ref="2091636440"/>
    <nd ref="257956403"/>
    <tag k="highway" v="service"/>
    <tag k="name" v="Am Anger"/>
    <tag k="surface" v="asphalt"/>
  </way>
  <way id="199123772">
    <nd ref="257956689"/>
    <nd ref="2091636442"/>
    <nd ref="2099446852"/>
    <nd ref="257956401"/>
    <tag k="highway" v="service"/>
    <tag k="name" v="Marktplatz"/>
  </way>
  <way id="199151844">
    <nd ref="262434125"/>
    <nd ref="2091864744"/>
    <nd ref="613425930"/>
    <tag k="bicycle" v="yes"/>
    <tag k="foot" v="yes"/>
    <tag k="highway" v="footway"/>
    <tag k="segregated" v="no"/>
  </way>
  <way id="199312029">
    <nd ref="2093250044"/>
    <nd ref="2093250063"/>
    <nd ref="2093250130"/>
    <nd ref="2154861287"/>
    <nd ref="2093250101"/>
    <tag k="highway" v="service"/>
    <tag k="oneway" v="yes"/>
  </way>
  <way id="199327622">
    <nd ref="257958616"/>
    <nd ref="2093334375"/>
    <tag k="highway" v="service"/>
  </way>
  <way id="199956362">
    <nd ref="2099408127"/>
    <nd ref="2099408126"/>
    <tag k="highway" v="service"/>
    <tag k="service" v="parking_aisle"/>
  </way>
  <way id="199972370">
    <nd ref="257956401"/>
    <nd ref="257956403"/>
    <tag k="highway" v="residential"/>
    <tag k="name" v="Marktplatz"/>
  </way>
  <way id="199972371">
    <nd ref="2099446854"/>
    <nd ref="2099446855"/>
    <nd ref="257956401"/>
    <tag k="highway" v="residential"/>
    <tag k="name" v="Am Anger"/>
  </way>
  <way id="199972372">
    <nd ref="257956403"/>
    <nd ref="2099446853"/>
    <nd ref="257956404"/>
    <tag k="highway" v="residential"/>
    <tag k="name" v="Am Anger"/>
  </way>
  <way id="199972373">
    <nd ref="257956401"/>
    <nd ref="2099531030"/>
    <tag k="highway" v="footway"/>
    <tag k="name" v="Johannes-Boos-Platz"/>
  </way>
  <way id="199972374">
    <nd ref="2099531036"/>
    <nd ref="2099531033"/>
    <tag k="highway" v="footway"/>
    <tag k="name" v="Johannes-Boos-Platz"/>
    <tag k="tunnel" v="building_passage"/>
  </way>
  <way id="199972375">
    <nd ref="2099531030"/>
    <nd ref="2099531031"/>
    <tag k="highway" v="footway"/>
    <tag k="name" v="Johannes-Boos-Platz"/>
    <tag k="tunnel" v="building_passage"/>
  </way>
  <way id="199972376">
    <nd ref="2099531033"/>
    <nd ref="2099446857"/>
    <tag k="highway" v="footway"/>
    <tag k="name" v="Marktplatz"/>
  </way>
  <way id="199972378">
    <nd ref="2099446858"/>
    <nd ref="2099531036"/>
    <tag k="highway" v="footway"/>
    <tag k="name" v="Johannes-Boos-Platz"/>
    <tag k="surface" v="paving_stones"/>
  </way>
  <way id="199972379">
    <nd ref="2099531031"/>
    <nd ref="2099446858"/>
    <nd ref="2099446856"/>
    <tag k="highway" v="footway"/>
    <tag k="name" v="Johannes-Boos-Platz"/>
    <tag k="surface" v="paving_stones"/>
  </way>
  <way id="199975648">
    <nd ref="2099581428"/>
    <nd ref="2099581432"/>
    <tag k="highway" v="service"/>
    <tag k="service" v="parking_aisle"/>
  </way>
  <way id="199994406">
    <nd ref="2099769168"/>
    <nd ref="2099769170"/>
    <tag k="bicycle" v="yes"/>
    <tag k="highway" v="footway"/>
    <tag k="surface" v="paved"/>
  </way>
  <way id="200307699">
    <nd ref="2103046476"/>
    <nd ref="2103046480"/>
    <nd ref="2103046495"/>
    <nd ref="2103046506"/>
    <nd ref="2152737336"/>
    <nd ref="2103046509"/>
    <nd ref="2103046514"/>
    <nd ref="8580488663"/>
    <nd ref="2152737342"/>
    <nd ref="2103046516"/>
    <nd ref="2152737344"/>
    <nd ref="2103046517"/>
    <nd ref="2152737343"/>
    <nd ref="2103046515"/>
    <nd ref="2152737341"/>
    <nd ref="2152737339"/>
    <nd ref="2103046510"/>
    <nd ref="2104070046"/>
    <nd ref="2103046508"/>
    <nd ref="2103046512"/>
    <nd ref="2152737340"/>
    <nd ref="2103046513"/>
    <nd ref="2103046511"/>
    <nd ref="2152737338"/>
    <nd ref="2103046507"/>
    <nd ref="2103046500"/>
    <nd ref="2152737334"/>
    <nd ref="2103046497"/>
    <nd ref="2103046492"/>
    <nd ref="2103046489"/>
    <nd ref="2152737333"/>
    <nd ref="2103046487"/>
    <nd ref="2103046484"/>
    <nd ref="2152737328"/>
    <nd ref="2103046479"/>
    <nd ref="2103046475"/>
    <nd ref="2152737326"/>
    <nd ref="2104070043"/>
    <nd ref="2103046469"/>
    <nd ref="2103046472"/>
    <nd ref="2104070042"/>
    <nd ref="2103046471"/>
    <nd ref="2103046473"/>
    <nd ref="2104070044"/>
    <nd ref="2103046474"/>
    <nd ref="2104070045"/>
    <nd ref="2103046477"/>
    <nd ref="2103046485"/>
    <nd ref="2152737331"/>
    <nd ref="2103046491"/>
    <nd ref="2103046493"/>
    <nd ref="2103046499"/>
    <nd ref="2152737337"/>
    <nd ref="2103046510"/>
    <tag k="bicycle" v="designated"/>
    <tag k="foot" v="designated"/>
    <tag k="highway" v="path"/>
    <tag k="segregated" v="no"/>
    <tag k="surface" v="sand"/>
  </way>
  <way id="200307700">
    <nd ref="2103046484"/>
    <nd ref="2152737327"/>
    <nd ref="366600016"/>
    <tag k="bicycle" v="designated"/>
    <tag k="foot" v="designated"/>
    <tag k="highway" v="path"/>
    <tag k="segregated" v="no"/>
    <tag k="surface" v="sand"/>
  </way>
  <way id="200307701">
    <nd ref="2103046469"/>
    <nd ref="2152737324"/>
    <nd ref="366600070"/>
    <tag k="bicycle" v="designated"/>
    <tag k="foot" v="designated"/>
    <tag k="highway" v="path"/>
    <tag k="segregated" v="no"/>
    <tag k="surface" v="sand"/>
  </way>
  <way id="200307702">
    <nd ref="2103046472"/>
    <nd ref="2103046478"/>
    <nd ref="2152737329"/>
    <nd ref="2103046488"/>
    <nd ref="2103046491"/>
    <tag k="bicycle" v="designated"/>
    <tag k="foot" v="designated"/>
    <tag k="highway" v="path"/>
    <tag k="segregated" v="no"/>
    <tag k="surface" v="sand"/>
  </way>
  <way id="200307703">
    <nd ref="2103046489"/>
    <nd ref="2152737332"/>
    <nd ref="2152737330"/>
    <nd ref="2103046486"/>
    <nd ref="2103046483"/>
    <nd ref="2103046482"/>
    <nd ref="2103046481"/>
    <tag k="bicycle" v="designated"/>
    <tag k="foot" v="designated"/>
    <tag k="highway" v="path"/>
    <tag k="segregated" v="no"/>
    <tag k="surface" v="sand"/>
  </way>
  <way id="200307704">
    <nd ref="2103046500"/>
    <nd ref="2103046501"/>
    <nd ref="2103046502"/>
    <nd ref="2103046503"/>
    <nd ref="2103046505"/>
    <nd ref="2103046504"/>
    <tag k="bicycle" v="designated"/>
    <tag k="foot" v="designated"/>
    <tag k="highway" v="path"/>
    <tag k="segregated" v="no"/>
    <tag k="surface" v="sand"/>
  </way>
  <way id="200308959">
    <nd ref="4843796490"/>
    <nd ref="2103990387"/>
    <nd ref="4843907232"/>
    <nd ref="4843796489"/>
    <nd ref="2103082029"/>
    <tag k="highway" v="service"/>
    <tag k="surface" v="asphalt"/>
  </way>
  <way id="200308961">
    <nd ref="4843796486"/>
    <nd ref="4843796485"/>
    <nd ref="4843907231"/>
    <nd ref="4843796484"/>
    <nd ref="2103082027"/>
    <nd ref="2103082029"/>
    <nd ref="4843796491"/>
    <nd ref="4843796492"/>
    <nd ref="4843907233"/>
    <nd ref="4843796493"/>
    <nd ref="4843796494"/>
    <tag k="highway" v="service"/>
    <tag k="surface" v="asphalt"/>
  </way>
  <way id="200433909">
    <nd ref="2104237918"/>
    <nd ref="2104237920"/>
    <tag k="highway" v="service"/>
    <tag k="lit" v="yes"/>
    <tag k="smoothness" v="excellent"/>
    <tag k="surface" v="asphalt"/>
  </way>
  <way id="201136214">
    <nd ref="2110915381"/>
    <nd ref="2173286518"/>
    <tag k="access" v="delivery"/>
    <tag k="highway" v="service"/>
    <tag k="name" v="Yaskawastraße"/>
    <tag k="surface" v="paved"/>
  </way>
  <way id="201136215">
    <nd ref="2110915395"/>
    <nd ref="2110915397"/>
    <tag k="highway" v="service"/>
    <tag k="service" v="parking_aisle"/>
    <tag k="surface" v="paved"/>
  </way>
  <way id="201136216">
    <nd ref="2110915400"/>
    <nd ref="2110915403"/>
    <tag k="highway" v="service"/>
    <tag k="service" v="parking_aisle"/>
  </way>
  <way id="205225319">
    <nd ref="2151984625"/>
    <nd ref="2151984621"/>
    <tag k="highway" v="service"/>
    <tag k="oneway" v="yes"/>
    <tag k="service" v="driveway"/>
    <tag k="tunnel" v="building_passage"/>
  </way>
  <way id="205225321">
    <nd ref="17216152"/>
    <nd ref="2151984630"/>
    <nd ref="2151984628"/>
    <nd ref="2151984625"/>
    <tag k="highway" v="service"/>
    <tag k="oneway" v="yes"/>
    <tag k="service" v="driveway"/>
  </way>
  <way id="205225322">
    <nd ref="2151984621"/>
    <nd ref="2151984619"/>
    <nd ref="2151984617"/>
    <nd ref="2151984616"/>
    <tag k="highway" v="service"/>
    <tag k="oneway" v="yes"/>
    <tag k="service" v="driveway"/>
  </way>
  <way id="205280039">
    <nd ref="2152542151"/>
    <nd ref="2152542140"/>
    <nd ref="9985473014"/>
    <tag k="highway" v="service"/>
    <tag k="service" v="drive-through"/>
  </way>
  <way id="205280238">
    <nd ref="2152544321"/>
    <nd ref="4081818345"/>
    <nd ref="9985473012"/>
    <tag k="highway" v="service"/>
    <tag k="service" v="drive-through"/>
  </way>
  <way id="205289501">
    <nd ref="2152637750"/>
    <nd ref="2152637769"/>
    <nd ref="2152637756"/>
    <nd ref="2152637764"/>
    <nd ref="2152637767"/>
    <nd ref="2152637772"/>
    <nd ref="2152637771"/>
    <tag k="highway" v="service"/>
    <tag k="service" v="parking_aisle"/>
    <tag k="surface" v="paving_stones"/>
  </way>
  <way id="205290046">
    <nd ref="2152673142"/>
    <nd ref="2152673140"/>
    <nd ref="2152673133"/>
    <nd ref="2152673129"/>
    <nd ref="2152673127"/>
    <nd ref="2152673130"/>
    <nd ref="2152673132"/>
    <nd ref="2152673159"/>
    <tag k="access" v="delivery"/>
    <tag k="highway" v="service"/>
    <tag k="service" v="driveway"/>
  </way>
  <way id="205290644">
    <nd ref="2152718652"/>
    <nd ref="6855630457"/>
    <nd ref="2152718648"/>
    <nd ref="2152718643"/>
    <nd ref="2152718646"/>
    <tag k="access" v="delivery"/>
    <tag k="highway" v="service"/>
    <tag k="service" v="parking_aisle"/>
    <tag k="surface" v="paved"/>
  </way>
  <way id="205296221">
    <nd ref="2152730203"/>
    <nd ref="2152730197"/>
    <tag k="access" v="private"/>
    <tag k="highway" v="service"/>
    <tag k="service" v="parking_aisle"/>
  </way>
  <way id="205296348">
    <nd ref="2152731999"/>
    <nd ref="2152732000"/>
    <tag k="bicycle" v="yes"/>
    <tag k="highway" v="footway"/>
  </way>
  <way id="205296349">
    <nd ref="2152731998"/>
    <nd ref="2152732001"/>
    <nd ref="2104237915"/>
    <tag k="bicycle" v="yes"/>
    <tag k="highway" v="footway"/>
  </way>
  <way id="205296350">
    <nd ref="2104237940"/>
    <nd ref="5809109222"/>
    <nd ref="2152732009"/>
    <nd ref="2152732010"/>
    <tag k="access" v="delivery"/>
    <tag k="highway" v="service"/>
    <tag k="lit" v="yes"/>
    <tag k="service" v="driveway"/>
  </way>
  <way id="205296837">
    <nd ref="2152737337"/>
    <nd ref="2152737339"/>
    <tag k="bicycle" v="designated"/>
    <tag k="foot" v="designated"/>
    <tag k="highway" v="path"/>
    <tag k="name" v="Glonnfeldplatz"/>
    <tag k="segregated" v="no"/>
    <tag k="surface" v="sand"/>
  </way>
  <way id="205296838">
    <nd ref="2152737324"/>
    <nd ref="2152737325"/>
    <nd ref="2104070043"/>
    <tag k="bicycle" v="designated"/>
    <tag k="foot" v="designated"/>
    <tag k="highway" v="path"/>
    <tag k="name" v="Glonnfeldplatz"/>
    <tag k="segregated" v="no"/>
    <tag k="surface" v="sand"/>
  </way>
  <way id="205296839">
    <nd ref="2152737333"/>
    <nd ref="2152737332"/>
    <tag k="bicycle" v="designated"/>
    <tag k="foot" v="designated"/>
    <tag k="highway" v="path"/>
    <tag k="segregated" v="no"/>
    <tag k="surface" v="sand"/>
  </way>
  <way id="205296840">
    <nd ref="2103046501"/>
    <nd ref="2152737335"/>
    <nd ref="2152737334"/>
    <tag k="bicycle" v="designated"/>
    <tag k="foot" v="designated"/>
    <tag k="highway" v="path"/>
    <tag k="segregated" v="no"/>
    <tag k="surface" v="sand"/>
  </way>
  <way id="205430527">
    <nd ref="8828071393"/>
    <nd ref="2110915381"/>
    <nd ref="8828071394"/>
    <tag k="highway" v="tertiary"/>
    <tag k="maxspeed" v="50"/>
    <tag k="parking:both" v="no"/>
    <tag k="ref" v="FS 6"/>
    <tag k="surface" v="asphalt"/>
    <tag k="tmc" v="DE:35041/35042"/>
  </way>
  <way id="205639757">
    <nd ref="2156115529"/>
    <nd ref="2156115534"/>
    <tag k="highway" v="service"/>
    <tag k="service" v="parking_aisle"/>
  </way>
  <way id="205955662">
    <nd ref="257956956"/>
    <nd ref="2159561861"/>
    <tag k="highway" v="service"/>
  </way>
  <way id="205993210">
    <nd ref="259146595"/>
    <nd ref="2159930661"/>
    <nd ref="2159930660"/>
    <nd ref="2159930659"/>
    <nd ref="2159930658"/>
    <nd ref="259146601"/>
    <tag k="highway" v="track"/>
    <tag k="tracktype" v="grade2"/>
  </way>
  <way id="206090220">
    <nd ref="257960357"/>
    <nd ref="257960359"/>
    <nd ref="257960360"/>
    <nd ref="366633090"/>
    <tag k="highway" v="living_street"/>
    <tag k="name" v="Amselweg"/>
  </way>
  <way id="206101512">
    <nd ref="260548054"/>
    <nd ref="2161021593"/>
    <nd ref="2161021591"/>
    <nd ref="2161021589"/>
    <tag k="foot" v="yes"/>
    <tag k="highway" v="path"/>
    <tag k="surface" v="asphalt"/>
  </way>
  <way id="206101513">
    <nd ref="2161021589"/>
    <nd ref="2161021581"/>
    <nd ref="2161021585"/>
    <nd ref="11259550349"/>
    <nd ref="11259550348"/>
    <nd ref="2161021587"/>
    <nd ref="11259550347"/>
    <tag k="bicycle" v="no"/>
    <tag k="foot" v="yes"/>
    <tag k="highway" v="path"/>
  </way>
  <way id="206521208">
    <nd ref="2165318696"/>
    <nd ref="366599714"/>
    <nd ref="366599759"/>
    <nd ref="366599713"/>
    <tag k="highway" v="residential"/>
    <tag k="name" v="Bonhoeffer-Straße"/>
  </way>
  <way id="206688455">
    <nd ref="260547339"/>
    <nd ref="260547340"/>
    <tag k="highway" v="service"/>
    <tag k="name" v="Am Amperknie"/>
    <tag k="service" v="parking_aisle"/>
    <tag k="surface" v="compacted"/>
  </way>
  <way id="207171058">
    <nd ref="554166969"/>
    <nd ref="554166974"/>
    <nd ref="554166973"/>
    <tag k="highway" v="steps"/>
  </way>
  <way id="207171059">
    <nd ref="2173286511"/>
    <nd ref="554166960"/>
    <nd ref="554166961"/>
    <nd ref="6855646075"/>
    <nd ref="554166962"/>
    <nd ref="554166963"/>
    <tag k="highway" v="track"/>
    <tag k="source" v="Yahoo / YWMS"/>
    <tag k="tracktype" v="grade4"/>
  </way>
  <way id="207171060">
    <nd ref="554166965"/>
    <nd ref="2152730193"/>
    <nd ref="2152730192"/>
    <nd ref="2152730191"/>
    <nd ref="554166964"/>
    <nd ref="257967268"/>
    <tag k="highway" v="service"/>
    <tag k="name" v="Im Lekkerland"/>
    <tag k="source" v="Yahoo / YWMS"/>
  </way>
  <way id="207178261">
    <nd ref="17205273"/>
    <nd ref="2103046476"/>
    <nd ref="17205288"/>
    <nd ref="7013239295"/>
    <nd ref="17205276"/>
    <nd ref="613386507"/>
    <nd ref="17205304"/>
    <nd ref="613386506"/>
    <nd ref="17205284"/>
    <nd ref="257926295"/>
    <nd ref="257926353"/>
    <nd ref="17205290"/>
    <nd ref="12760605914"/>
    <nd ref="613367019"/>
    <nd ref="2688838855"/>
    <tag k="highway" v="residential"/>
    <tag k="maxspeed" v="30"/>
    <tag k="name" v="Albert-Schweitzer-Straße"/>
    <tag k="parking:both" v="no"/>
    <tag k="surface" v="asphalt"/>
  </way>
  <way id="207178262">
    <nd ref="366599713"/>
    <nd ref="366600041"/>
    <nd ref="366599966"/>
    <nd ref="366599824"/>
    <nd ref="366599461"/>
    <tag k="highway" v="residential"/>
    <tag k="lit" v="yes"/>
    <tag k="name" v="Im Glonnfeld"/>
  </way>
  <way id="207178264">
    <nd ref="613400455"/>
    <nd ref="257955323"/>
    <nd ref="257955324"/>
    <nd ref="257955318"/>
    <tag k="highway" v="residential"/>
    <tag k="maxheight:signed" v="no"/>
    <tag k="motor_vehicle" v="no"/>
    <tag k="motorcar" v="no"/>
    <tag k="motorcycle" v="no"/>
    <tag k="name" v="Robert-Koch-Straße"/>
  </way>
  <way id="207178265">
    <nd ref="2173347948"/>
    <nd ref="2173347946"/>
    <tag k="highway" v="footway"/>
    <tag k="surface" v="paving_stones"/>
  </way>
  <way id="207178266">
    <nd ref="2173347952"/>
    <nd ref="2173347950"/>
    <tag k="highway" v="footway"/>
    <tag k="surface" v="paving_stones"/>
  </way>
  <way id="207178267">
    <nd ref="4236379478"/>
    <nd ref="2173347928"/>
    <tag k="access" v="private"/>
    <tag k="highway" v="service"/>
    <tag k="service" v="driveway"/>
    <tag k="surface" v="asphalt"/>
  </way>
  <way id="207182884">
    <nd ref="2173395158"/>
    <nd ref="2173395155"/>
    <tag k="highway" v="service"/>
    <tag k="service" v="parking_aisle"/>
  </way>
  <way id="207880863">
    <nd ref="2181234745"/>
    <nd ref="2181234748"/>
    <tag k="highway" v="track"/>
    <tag k="tracktype" v="grade4"/>
  </way>
  <way id="207880864">
    <nd ref="461557435"/>
    <nd ref="2181234751"/>
    <tag k="highway" v="track"/>
    <tag k="tracktype" v="grade4"/>
  </way>
  <way id="207880865">
    <nd ref="379736327"/>
    <nd ref="2181234747"/>
    <nd ref="3085151329"/>
    <nd ref="3085151330"/>
    <nd ref="3085151331"/>
    <tag k="highway" v="track"/>
    <tag k="tracktype" v="grade5"/>
  </way>
  <way id="207880866">
    <nd ref="2181234759"/>
    <nd ref="2181234753"/>
    <tag k="highway" v="track"/>
    <tag k="tracktype" v="grade4"/>
  </way>
  <way id="207880867">
    <nd ref="2181234752"/>
    <nd ref="461557438"/>
    <nd ref="461557424"/>
    <nd ref="461557439"/>
    <nd ref="461557440"/>
    <nd ref="461557441"/>
    <nd ref="321783926"/>
    <nd ref="461557427"/>
    <nd ref="461557429"/>
    <nd ref="461557442"/>
    <nd ref="461557443"/>
    <nd ref="461557444"/>
    <nd ref="461557445"/>
    <nd ref="461557446"/>
    <nd ref="3085159290"/>
    <nd ref="461557447"/>
    <nd ref="461557448"/>
    <nd ref="461557449"/>
    <nd ref="3785882054"/>
    <nd ref="461557450"/>
    <nd ref="461557451"/>
    <tag k="highway" v="track"/>
    <tag k="tracktype" v="grade3"/>
  </way>
  <way id="207880868">
    <nd ref="460645168"/>
    <nd ref="2181234738"/>
    <nd ref="460645181"/>
    <nd ref="460645197"/>
    <nd ref="460645218"/>
    <nd ref="460645243"/>
    <nd ref="460645263"/>
    <nd ref="460645282"/>
    <nd ref="460645307"/>
    <nd ref="460645332"/>
    <nd ref="460645348"/>
    <nd ref="460645398"/>
    <nd ref="460645417"/>
    <nd ref="2181234739"/>
    <nd ref="460645436"/>
    <nd ref="460645466"/>
    <nd ref="460645494"/>
    <nd ref="460645521"/>
    <nd ref="460645546"/>
    <nd ref="461557452"/>
    <nd ref="461557453"/>
    <tag k="highway" v="track"/>
    <tag k="mtb:scale" v="0"/>
    <tag k="source" v="survey 2013-02"/>
    <tag k="surface" v="gravel"/>
    <tag k="tracktype" v="grade3"/>
  </way>
  <way id="207880869">
    <nd ref="461557431"/>
    <nd ref="2181234745"/>
    <nd ref="2181234746"/>
    <tag k="highway" v="track"/>
    <tag k="tracktype" v="grade4"/>
  </way>
  <way id="207880871">
    <nd ref="3085151301"/>
    <nd ref="3085151300"/>
    <nd ref="3085151299"/>
    <nd ref="6740185063"/>
    <nd ref="3085151298"/>
    <nd ref="3085151297"/>
    <nd ref="3085151296"/>
    <nd ref="3085151295"/>
    <nd ref="3085151294"/>
    <nd ref="3085151293"/>
    <nd ref="3085151292"/>
    <nd ref="2181234742"/>
    <nd ref="379736339"/>
    <nd ref="2181234741"/>
    <tag k="highway" v="track"/>
  </way>
  <way id="207880872">
    <nd ref="461557453"/>
    <nd ref="461557454"/>
    <nd ref="379736707"/>
    <tag k="access" v="destination"/>
    <tag k="highway" v="track"/>
    <tag k="mtb:scale" v="0"/>
    <tag k="source" v="survey 2013-02"/>
    <tag k="surface" v="gravel"/>
    <tag k="tracktype" v="grade3"/>
  </way>
  <way id="207880873">
    <nd ref="379736707"/>
    <nd ref="379736708"/>
    <nd ref="3085151319"/>
    <nd ref="379736710"/>
    <nd ref="264192456"/>
    <tag k="highway" v="track"/>
    <tag k="tracktype" v="grade3"/>
  </way>
  <way id="207880874">
    <nd ref="379736321"/>
    <nd ref="2181234755"/>
    <nd ref="2181234757"/>
    <nd ref="2181234754"/>
    <nd ref="2181234759"/>
    <nd ref="2181234760"/>
    <nd ref="2181234758"/>
    <nd ref="2181234756"/>
    <nd ref="2181234752"/>
    <tag k="highway" v="track"/>
    <tag k="surface" v="ground"/>
    <tag k="tracktype" v="grade3"/>
  </way>
  <way id="208204382">
    <nd ref="2185349956"/>
    <nd ref="262265167"/>
    <tag k="highway" v="unclassified"/>
    <tag k="lcn" v="yes"/>
    <tag k="surface" v="compacted"/>
    <tag k="tracktype" v="grade2"/>
  </way>
  <way id="208204388">
    <nd ref="344185999"/>
    <nd ref="2472375377"/>
    <nd ref="344186000"/>
    <nd ref="810552858"/>
    <nd ref="344186001"/>
    <nd ref="344186002"/>
    <nd ref="344186004"/>
    <nd ref="344186005"/>
    <nd ref="2068442846"/>
    <nd ref="344186006"/>
    <nd ref="2068442850"/>
    <nd ref="344186007"/>
    <nd ref="2472375378"/>
    <nd ref="344186008"/>
    <nd ref="344186010"/>
    <nd ref="344186011"/>
    <nd ref="344186012"/>
    <nd ref="344186013"/>
    <nd ref="2472375381"/>
    <nd ref="344186014"/>
    <nd ref="2472375382"/>
    <nd ref="344186016"/>
    <nd ref="344186017"/>
    <nd ref="2472375383"/>
    <nd ref="385664981"/>
    <nd ref="385664982"/>
    <nd ref="385664983"/>
    <nd ref="344186018"/>
    <nd ref="344186019"/>
    <nd ref="385665067"/>
    <nd ref="344186020"/>
    <nd ref="344186021"/>
    <nd ref="344186023"/>
    <nd ref="260714219"/>
    <tag k="bicycle" v="yes"/>
    <tag k="highway" v="track"/>
    <tag k="incline" v="down"/>
    <tag k="motor_vehicle" v="forestry"/>
    <tag k="tracktype" v="grade2"/>
  </way>
  <way id="208204394">
    <nd ref="2185349954"/>
    <nd ref="2185349952"/>
    <nd ref="2185349953"/>
    <tag k="highway" v="track"/>
    <tag k="surface" v="ground"/>
    <tag k="tracktype" v="grade5"/>
  </way>
  <way id="208204396">
    <nd ref="2185349953"/>
    <nd ref="2185349955"/>
    <nd ref="2185349957"/>
    <nd ref="2185349959"/>
    <nd ref="2185349960"/>
    <nd ref="2185349958"/>
    <nd ref="262265167"/>
    <tag k="highway" v="track"/>
    <tag k="surface" v="ground"/>
    <tag k="tracktype" v="grade3"/>
  </way>
  <way id="208239497">
    <nd ref="559407558"/>
    <nd ref="559407559"/>
    <nd ref="559407560"/>
    <tag k="highway" v="path"/>
    <tag k="motor_vehicle" v="no"/>
    <tag k="source" v="local knowledge"/>
  </way>
  <way id="208239498">
    <nd ref="559407580"/>
    <nd ref="559407592"/>
    <nd ref="559407594"/>
    <nd ref="559407595"/>
    <tag k="highway" v="service"/>
    <tag k="source" v="Yahoo / YWMS"/>
  </way>
  <way id="208239499">
    <nd ref="503661530"/>
    <nd ref="10064235518"/>
    <nd ref="503667615"/>
    <nd ref="503667623"/>
    <nd ref="503667631"/>
    <nd ref="559996438"/>
    <nd ref="503667639"/>
    <tag k="bicycle" v="no"/>
    <tag k="foot" v="yes"/>
    <tag k="highway" v="path"/>
    <tag k="surface" v="grass"/>
  </way>
  <way id="208260878">
    <nd ref="257949593"/>
    <nd ref="2185741921"/>
    <nd ref="2185741922"/>
    <nd ref="26424992"/>
    <tag k="highway" v="track"/>
    <tag k="source" v="Bing"/>
    <tag k="tracktype" v="grade2"/>
  </way>
  <way id="209226173">
    <nd ref="257959247"/>
    <nd ref="2194550350"/>
    <tag k="highway" v="service"/>
    <tag k="service" v="driveway"/>
    <tag k="surface" v="unpaved"/>
  </way>
  <way id="209226174">
    <nd ref="460645979"/>
    <nd ref="460646015"/>
    <nd ref="460646040"/>
    <nd ref="460646058"/>
    <nd ref="460646074"/>
    <nd ref="460646122"/>
    <nd ref="460646142"/>
    <nd ref="460646164"/>
    <nd ref="460646188"/>
    <nd ref="460646207"/>
    <nd ref="460646234"/>
    <nd ref="460646252"/>
    <nd ref="460646269"/>
    <nd ref="460646309"/>
    <nd ref="460646343"/>
    <nd ref="460646375"/>
    <nd ref="460646462"/>
    <nd ref="460646494"/>
    <nd ref="460646516"/>
    <nd ref="460646552"/>
    <nd ref="460646576"/>
    <nd ref="460646595"/>
    <nd ref="460646613"/>
    <nd ref="460646636"/>
    <nd ref="460646655"/>
    <nd ref="460646673"/>
    <nd ref="460646719"/>
    <nd ref="257947930"/>
    <tag k="highway" v="track"/>
    <tag k="surface" v="compacted"/>
    <tag k="tracktype" v="grade3"/>
  </way>
  <way id="217383591">
    <nd ref="260588840"/>
    <nd ref="7904243626"/>
    <nd ref="260588841"/>
    <nd ref="2068431072"/>
    <nd ref="2068431071"/>
    <nd ref="260588842"/>
    <nd ref="260588843"/>
    <nd ref="2068431070"/>
    <nd ref="260588844"/>
    <tag k="highway" v="track"/>
    <tag k="source" v="survey"/>
    <tag k="tracktype" v="grade3"/>
  </way>
  <way id="221257623">
    <nd ref="2303030778"/>
    <nd ref="3157974535"/>
    <tag k="bdouble" v="yes"/>
    <tag k="highway" v="motorway"/>
    <tag k="int_ref" v="E 45"/>
    <tag k="lanes" v="3"/>
    <tag k="lit" v="no"/>
    <tag k="maxspeed" v="none"/>
    <tag k="maxspeed:variable" v="peak_traffic"/>
    <tag k="oneway" v="yes"/>
    <tag k="ref" v="A 9"/>
    <tag k="source:lit" v="http://www.autobahn-bilder.de"/>
    <tag k="surface" v="asphalt"/>
  </way>
  <way id="223907307">
    <nd ref="2327527928"/>
    <nd ref="539419270"/>
    <nd ref="1489442409"/>
    <tag k="cycleway" v="no"/>
    <tag k="highway" v="unclassified"/>
    <tag k="maxspeed" v="100"/>
    <tag k="width" v="5.4"/>
  </way>
  <way id="223907308">
    <nd ref="256406019"/>
    <nd ref="2327527934"/>
    <nd ref="2327527933"/>
    <tag k="highway" v="track"/>
    <tag k="tracktype" v="grade1"/>
  </way>
  <way id="223907312">
    <nd ref="539424722"/>
    <nd ref="256406022"/>
    <nd ref="315126611"/>
    <nd ref="315126612"/>
    <nd ref="1489442413"/>
    <tag k="cycleway" v="no"/>
    <tag k="highway" v="unclassified"/>
    <tag k="maxspeed" v="100"/>
  </way>
  <way id="223947353">
    <nd ref="262433914"/>
    <nd ref="262434143"/>
    <nd ref="2099769170"/>
    <tag k="check_date:surface" v="2021-09-28"/>
    <tag k="hgv" v="no"/>
    <tag k="highway" v="service"/>
    <tag k="maxspeed" v="30"/>
    <tag k="service" v="parking_aisle"/>
    <tag k="surface" v="paving_stones"/>
  </way>
  <way id="233251211">
    <nd ref="259145236"/>
    <nd ref="2416007386"/>
    <nd ref="2416007383"/>
    <nd ref="259145232"/>
    <tag k="highway" v="track"/>
  </way>
  <way id="234820622">
    <nd ref="139305"/>
    <nd ref="7890947318"/>
    <nd ref="7887902660"/>
    <nd ref="7890947319"/>
    <nd ref="83028058"/>
    <tag k="bdouble" v="yes"/>
    <tag k="cycleway:both" v="no"/>
    <tag k="highway" v="secondary"/>
    <tag k="lanes" v="2"/>
    <tag k="lit" v="no"/>
    <tag k="maxspeed" v="50"/>
    <tag k="name" v="Münchener Straße"/>
    <tag k="ref" v="St 2054"/>
    <tag k="smoothness" v="good"/>
    <tag k="surface" v="asphalt"/>
    <tag k="tmc" v="DE:27428"/>
  </way>
  <way id="239181811">
    <nd ref="2469933557"/>
    <nd ref="2469933715"/>
    <nd ref="2469933620"/>
    <nd ref="2469933702"/>
    <nd ref="2469933515"/>
    <nd ref="2469933570"/>
    <nd ref="2469933523"/>
    <nd ref="2469933605"/>
    <nd ref="2469933647"/>
    <nd ref="2469933619"/>
    <nd ref="2469933573"/>
    <nd ref="2469933574"/>
    <nd ref="2469933685"/>
    <nd ref="2469933708"/>
    <nd ref="2469933643"/>
    <nd ref="2469933621"/>
    <tag k="highway" v="proposed"/>
    <tag k="note" v="geplante OU Allershausen + Verlegung BAB-Ausfahrt Allershausen"/>
    <tag k="proposed" v="secondary"/>
    <tag k="ref" v="St 2054"/>
  </way>
  <way id="239181812">
    <nd ref="2469933677"/>
    <nd ref="2469933632"/>
    <nd ref="2469933565"/>
    <tag k="highway" v="proposed"/>
    <tag k="oneway" v="yes"/>
    <tag k="proposed" v="secondary_link"/>
    <tag k="ref" v="St 2054"/>
  </way>
  <way id="239181813">
    <nd ref="2469933596"/>
    <nd ref="2469933690"/>
    <nd ref="2469933693"/>
    <nd ref="2469933636"/>
    <nd ref="2469933625"/>
    <nd ref="2469933661"/>
    <nd ref="2469933582"/>
    <nd ref="2469933669"/>
    <nd ref="2469933716"/>
    <tag k="highway" v="proposed"/>
    <tag k="proposed" v="secondary_link"/>
  </way>
  <way id="239181814">
    <nd ref="2469933694"/>
    <nd ref="2469933577"/>
    <nd ref="2469933674"/>
    <nd ref="2469933628"/>
    <nd ref="2469933576"/>
    <nd ref="2469933506"/>
    <nd ref="2469933644"/>
    <nd ref="2469933534"/>
    <nd ref="2469933497"/>
    <tag k="highway" v="proposed"/>
    <tag k="oneway" v="yes"/>
    <tag k="proposed" v="motorway_link"/>
  </way>
  <way id="239181817">
    <nd ref="2469933572"/>
    <nd ref="2469933648"/>
    <nd ref="2469933583"/>
    <nd ref="2469933615"/>
    <tag k="highway" v="proposed"/>
    <tag k="proposed" v="service"/>
  </way>
  <way id="239181819">
    <nd ref="2469933589"/>
    <nd ref="2469933551"/>
    <tag k="bridge" v="yes"/>
    <tag k="highway" v="proposed"/>
    <tag k="oneway" v="yes"/>
    <tag k="proposed" v="motorway_link"/>
  </way>
  <way id="239181820">
    <nd ref="2469933596"/>
    <nd ref="2469933689"/>
    <nd ref="2469933524"/>
    <tag k="highway" v="proposed"/>
    <tag k="oneway" v="yes"/>
    <tag k="proposed" v="secondary_link"/>
  </way>
  <way id="239181821">
    <nd ref="2469933531"/>
    <nd ref="2469933692"/>
    <nd ref="2469933626"/>
    <nd ref="2469933600"/>
    <nd ref="2469933685"/>
    <tag k="highway" v="proposed"/>
    <tag k="proposed" v="secondary_link"/>
  </way>
  <way id="239181822">
    <nd ref="2469933641"/>
    <nd ref="2469933496"/>
    <nd ref="2469933607"/>
    <nd ref="2469933575"/>
    <nd ref="2469933701"/>
    <nd ref="2469933549"/>
    <nd ref="2469933512"/>
    <nd ref="2469933604"/>
    <nd ref="2469933500"/>
    <nd ref="2469933618"/>
    <nd ref="2469933706"/>
    <nd ref="2469933566"/>
    <nd ref="2469933554"/>
    <nd ref="2469933613"/>
    <nd ref="2469933617"/>
    <nd ref="2469933686"/>
    <nd ref="2469933667"/>
    <nd ref="2469933683"/>
    <nd ref="2469933691"/>
    <tag k="highway" v="proposed"/>
    <tag k="oneway" v="yes"/>
    <tag k="proposed" v="motorway_link"/>
  </way>
  <way id="239181823">
    <nd ref="2469933610"/>
    <nd ref="2469933642"/>
    <nd ref="2469933537"/>
    <nd ref="2469933682"/>
    <nd ref="2469933662"/>
    <nd ref="2469933634"/>
    <nd ref="2469933671"/>
    <nd ref="2469933651"/>
    <nd ref="2469933675"/>
    <nd ref="2469933659"/>
    <tag k="highway" v="proposed"/>
    <tag k="oneway" v="yes"/>
    <tag k="proposed" v="motorway_link"/>
  </way>
  <way id="239181824">
    <nd ref="2469933502"/>
    <nd ref="2469933503"/>
    <nd ref="2469933590"/>
    <tag k="highway" v="proposed"/>
    <tag k="oneway" v="yes"/>
    <tag k="proposed" v="secondary_link"/>
  </way>
  <way id="239181825">
    <nd ref="2469933657"/>
    <nd ref="2469933697"/>
    <nd ref="2469933530"/>
    <tag k="highway" v="proposed"/>
    <tag k="oneway" v="yes"/>
    <tag k="proposed" v="secondary_link"/>
    <tag k="ref" v="St 2084"/>
  </way>
  <way id="239181826">
    <nd ref="2469933591"/>
    <nd ref="2469933527"/>
    <nd ref="2469933676"/>
    <nd ref="2469933606"/>
    <nd ref="2469933532"/>
    <nd ref="2469933590"/>
    <tag k="highway" v="proposed"/>
    <tag k="proposed" v="secondary_link"/>
  </way>
  <way id="239181827">
    <nd ref="2469933716"/>
    <nd ref="2469933553"/>
    <nd ref="2469933556"/>
    <tag k="highway" v="proposed"/>
    <tag k="oneway" v="yes"/>
    <tag k="proposed" v="secondary_link"/>
  </way>
  <way id="239181828">
    <nd ref="2469933588"/>
    <nd ref="2469933544"/>
    <nd ref="2469933499"/>
    <nd ref="2469933538"/>
    <tag k="highway" v="proposed"/>
    <tag k="oneway" v="yes"/>
    <tag k="proposed" v="secondary_link"/>
  </way>
  <way id="239181829">
    <nd ref="2469933709"/>
    <nd ref="2469933556"/>
    <nd ref="2469933721"/>
    <nd ref="2469933568"/>
    <nd ref="2469933526"/>
    <nd ref="2469933724"/>
    <nd ref="2469933595"/>
    <nd ref="2469933681"/>
    <nd ref="2469933509"/>
    <nd ref="2469933629"/>
    <nd ref="2469933558"/>
    <nd ref="2469933717"/>
    <nd ref="2469933567"/>
    <nd ref="2469933564"/>
    <nd ref="2469933649"/>
    <nd ref="2469933645"/>
    <nd ref="2469933680"/>
    <tag k="highway" v="proposed"/>
    <tag k="note" v="geplante OU Allershausen + Verlegung BAB-Ausfahrt Allershausen"/>
    <tag k="proposed" v="secondary"/>
    <tag k="ref" v="St 2054"/>
  </way>
  <way id="239181830">
    <nd ref="2469933586"/>
    <nd ref="2469933700"/>
    <nd ref="2469933561"/>
    <tag k="highway" v="proposed"/>
    <tag k="note" v="geplante OU Allershausen + Verlegung BAB-Ausfahrt Allershausen"/>
    <tag k="proposed" v="secondary"/>
    <tag k="ref" v="St 2054"/>
  </way>
  <way id="239181832">
    <nd ref="2469933561"/>
    <nd ref="2469933709"/>
    <tag k="bridge" v="yes"/>
    <tag k="highway" v="proposed"/>
    <tag k="layer" v="1"/>
    <tag k="note" v="geplante OU Allershausen + Verlegung BAB-Ausfahrt Allershausen"/>
    <tag k="proposed" v="secondary"/>
    <tag k="ref" v="St 2054"/>
  </way>
  <way id="239181833">
    <nd ref="2469933672"/>
    <nd ref="2469933622"/>
    <nd ref="2469933594"/>
    <nd ref="2469933593"/>
    <tag k="highway" v="proposed"/>
    <tag k="oneway" v="yes"/>
    <tag k="proposed" v="motorway_link"/>
  </way>
  <way id="239181834">
    <nd ref="2469933659"/>
    <nd ref="2469933672"/>
    <tag k="bridge" v="yes"/>
    <tag k="highway" v="proposed"/>
    <tag k="oneway" v="yes"/>
    <tag k="proposed" v="motorway_link"/>
  </way>
  <way id="239181835">
    <nd ref="2469933602"/>
    <nd ref="2469933541"/>
    <nd ref="2469933578"/>
    <nd ref="2469933668"/>
    <tag k="highway" v="proposed"/>
    <tag k="oneway" v="yes"/>
    <tag k="proposed" v="unclassified_link"/>
  </way>
  <way id="239181836">
    <nd ref="2469933623"/>
    <nd ref="2469933704"/>
    <nd ref="2469933609"/>
    <tag k="highway" v="proposed"/>
    <tag k="oneway" v="yes"/>
    <tag k="proposed" v="tertiary"/>
    <tag k="ref" v="FS 6"/>
  </way>
  <way id="239181837">
    <nd ref="2469933504"/>
    <nd ref="2469933614"/>
    <nd ref="2469933596"/>
    <tag k="highway" v="proposed"/>
    <tag k="oneway" v="yes"/>
    <tag k="proposed" v="secondary_link"/>
  </way>
  <way id="239181838">
    <nd ref="2469933530"/>
    <nd ref="2469933517"/>
    <nd ref="2469933601"/>
    <nd ref="2469933571"/>
    <tag k="highway" v="proposed"/>
    <tag k="oneway" v="yes"/>
    <tag k="proposed" v="secondary_link"/>
    <tag k="ref" v="St 2084"/>
  </way>
  <way id="239181839">
    <nd ref="2469933680"/>
    <nd ref="2469933557"/>
    <tag k="bridge" v="yes"/>
    <tag k="highway" v="proposed"/>
    <tag k="layer" v="1"/>
    <tag k="note" v="geplante OU Allershausen + Verlegung BAB-Ausfahrt Allershausen"/>
    <tag k="proposed" v="secondary"/>
    <tag k="ref" v="St 2054"/>
  </way>
  <way id="239181840">
    <nd ref="2469933687"/>
    <nd ref="2469933587"/>
    <nd ref="2469933639"/>
    <nd ref="2469933522"/>
    <nd ref="2469933729"/>
    <nd ref="2469933502"/>
    <nd ref="2469933533"/>
    <nd ref="2469933679"/>
    <tag k="highway" v="proposed"/>
    <tag k="note" v="geplante OU Allershausen + Verlegung BAB-Ausfahrt Allershausen"/>
    <tag k="proposed" v="secondary"/>
    <tag k="ref" v="St 2054"/>
  </way>
  <way id="239181841">
    <nd ref="2469933511"/>
    <nd ref="2469933719"/>
    <nd ref="2469933691"/>
    <nd ref="2469933635"/>
    <tag k="highway" v="proposed"/>
    <tag k="note" v="geplante OU Allershausen + Verlegung BAB-Ausfahrt Allershausen"/>
    <tag k="proposed" v="secondary"/>
    <tag k="ref" v="St 2054"/>
  </way>
  <way id="239181842">
    <nd ref="2469933591"/>
    <nd ref="2469933718"/>
    <nd ref="2469933580"/>
    <tag k="highway" v="proposed"/>
    <tag k="oneway" v="yes"/>
    <tag k="proposed" v="secondary_link"/>
  </way>
  <way id="239181843">
    <nd ref="2469933609"/>
    <nd ref="2469933699"/>
    <nd ref="2469933696"/>
    <tag k="highway" v="proposed"/>
    <tag k="oneway" v="yes"/>
    <tag k="proposed" v="tertiary_link"/>
    <tag k="ref" v="FS 6"/>
  </way>
  <way id="239181844">
    <nd ref="2469933725"/>
    <nd ref="2469933598"/>
    <nd ref="2469933732"/>
    <tag k="highway" v="proposed"/>
    <tag k="oneway" v="yes"/>
    <tag k="proposed" v="tertiary_link"/>
    <tag k="ref" v="FS 6"/>
  </way>
  <way id="239181845">
    <nd ref="2469933551"/>
    <nd ref="2469933579"/>
    <nd ref="2469933695"/>
    <nd ref="2469933616"/>
    <nd ref="2469933611"/>
    <nd ref="2469933560"/>
    <nd ref="2469933519"/>
    <nd ref="2469933655"/>
    <tag k="highway" v="proposed"/>
    <tag k="oneway" v="yes"/>
    <tag k="proposed" v="motorway_link"/>
  </way>
  <way id="239181846">
    <nd ref="2469933565"/>
    <nd ref="2469933734"/>
    <nd ref="2469933722"/>
    <nd ref="2469933507"/>
    <nd ref="2469933673"/>
    <nd ref="2469933684"/>
    <nd ref="2469933547"/>
    <nd ref="2469933707"/>
    <nd ref="2469933711"/>
    <nd ref="2469933664"/>
    <nd ref="2469933572"/>
    <nd ref="3556062909"/>
    <nd ref="2469933660"/>
    <nd ref="2469933603"/>
    <nd ref="2469933539"/>
    <nd ref="2469933501"/>
    <nd ref="2469933540"/>
    <nd ref="2469933516"/>
    <nd ref="2469933638"/>
    <nd ref="2469933666"/>
    <nd ref="2469933665"/>
    <nd ref="2469933663"/>
    <nd ref="2469933720"/>
    <nd ref="2469933653"/>
    <nd ref="2469933705"/>
    <nd ref="2469933552"/>
    <nd ref="2469933563"/>
    <nd ref="2469933698"/>
    <nd ref="2469933521"/>
    <tag k="highway" v="proposed"/>
    <tag k="note" v="geplante OU Allershausen + Verlegung BAB-Ausfahrt Allershausen"/>
    <tag k="proposed" v="secondary"/>
    <tag k="ref" v="St 2054"/>
  </way>
  <way id="239181847">
    <nd ref="2469933700"/>
    <nd ref="2469933525"/>
    <nd ref="2469933612"/>
    <nd ref="2469933550"/>
    <nd ref="2469933545"/>
    <nd ref="2469933520"/>
    <nd ref="2469933584"/>
    <tag k="highway" v="proposed"/>
    <tag k="oneway" v="yes"/>
    <tag k="proposed" v="secondary_link"/>
  </way>
  <way id="239181848">
    <nd ref="2469933646"/>
    <nd ref="2469933508"/>
    <nd ref="2469933591"/>
    <tag k="highway" v="proposed"/>
    <tag k="oneway" v="yes"/>
    <tag k="proposed" v="secondary_link"/>
  </way>
  <way id="239181849">
    <nd ref="2469933624"/>
    <nd ref="2469933589"/>
    <tag k="highway" v="proposed"/>
    <tag k="oneway" v="yes"/>
    <tag k="proposed" v="motorway_link"/>
  </way>
  <way id="239181850">
    <nd ref="2469933679"/>
    <nd ref="2469933511"/>
    <tag k="bridge" v="yes"/>
    <tag k="highway" v="proposed"/>
    <tag k="layer" v="1"/>
    <tag k="note" v="geplante OU Allershausen + Verlegung BAB-Ausfahrt Allershausen"/>
    <tag k="proposed" v="secondary"/>
    <tag k="ref" v="St 2054"/>
  </way>
  <way id="239181851">
    <nd ref="2469933714"/>
    <nd ref="2469933599"/>
    <nd ref="2469933725"/>
    <tag k="highway" v="proposed"/>
    <tag k="oneway" v="yes"/>
    <tag k="proposed" v="tertiary_link"/>
    <tag k="ref" v="FS 6"/>
  </way>
  <way id="239181852">
    <nd ref="2469933590"/>
    <nd ref="2469933505"/>
    <nd ref="2469933533"/>
    <tag k="highway" v="proposed"/>
    <tag k="oneway" v="yes"/>
    <tag k="proposed" v="secondary_link"/>
  </way>
  <way id="239181853">
    <nd ref="2469933592"/>
    <nd ref="2469933627"/>
    <nd ref="2469933565"/>
    <tag k="highway" v="proposed"/>
    <tag k="note" v="geplante OU Allershausen + Verlegung BAB-Ausfahrt Allershausen"/>
    <tag k="proposed" v="secondary_link"/>
    <tag k="ref" v="St 2054"/>
  </way>
  <way id="239181854">
    <nd ref="2469933528"/>
    <nd ref="2469933694"/>
    <tag k="bridge" v="yes"/>
    <tag k="highway" v="proposed"/>
    <tag k="oneway" v="yes"/>
    <tag k="proposed" v="motorway_link"/>
  </way>
  <way id="239181855">
    <nd ref="2469933721"/>
    <nd ref="2469933597"/>
    <nd ref="2469933716"/>
    <tag k="highway" v="proposed"/>
    <tag k="oneway" v="yes"/>
    <tag k="proposed" v="secondary_link"/>
  </way>
  <way id="239181856">
    <nd ref="2469933635"/>
    <nd ref="2469933586"/>
    <tag k="bridge" v="yes"/>
    <tag k="highway" v="proposed"/>
    <tag k="layer" v="1"/>
    <tag k="note" v="geplante OU Allershausen + Verlegung BAB-Ausfahrt Allershausen"/>
    <tag k="proposed" v="secondary"/>
    <tag k="ref" v="St 2054"/>
  </way>
  <way id="239181857">
    <nd ref="2469933714"/>
    <nd ref="2469933658"/>
    <nd ref="2469933585"/>
    <nd ref="2469933732"/>
    <nd ref="2469933569"/>
    <nd ref="2469933727"/>
    <nd ref="2469933504"/>
    <nd ref="2469933514"/>
    <nd ref="2469933524"/>
    <nd ref="2469933543"/>
    <nd ref="2469933623"/>
    <nd ref="2469933555"/>
    <nd ref="2469933562"/>
    <nd ref="2469933498"/>
    <nd ref="2469933696"/>
    <nd ref="2469933726"/>
    <nd ref="2469933610"/>
    <nd ref="2469933529"/>
    <nd ref="2469933581"/>
    <nd ref="2469933630"/>
    <nd ref="2469933655"/>
    <nd ref="2469933518"/>
    <nd ref="2469933714"/>
    <tag k="highway" v="proposed"/>
    <tag k="junction" v="roundabout"/>
    <tag k="proposed" v="tertiary"/>
    <tag k="ref" v="FS 6"/>
  </way>
  <way id="239181858">
    <nd ref="2469933668"/>
    <nd ref="2469933712"/>
    <nd ref="2469933631"/>
    <tag k="highway" v="proposed"/>
    <tag k="oneway" v="yes"/>
    <tag k="proposed" v="unclassified"/>
  </way>
  <way id="239181859">
    <nd ref="2469933719"/>
    <nd ref="2469933608"/>
    <nd ref="2469933548"/>
    <nd ref="2469933546"/>
    <nd ref="2469933510"/>
    <nd ref="2469933640"/>
    <nd ref="2469933723"/>
    <nd ref="2469933710"/>
    <nd ref="2469933528"/>
    <tag k="highway" v="proposed"/>
    <tag k="oneway" v="yes"/>
    <tag k="proposed" v="motorway_link"/>
  </way>
  <way id="239181860">
    <nd ref="2469933521"/>
    <nd ref="2469933687"/>
    <tag k="bridge" v="yes"/>
    <tag k="highway" v="proposed"/>
    <tag k="layer" v="1"/>
    <tag k="note" v="geplante OU Allershausen + Verlegung BAB-Ausfahrt Allershausen"/>
    <tag k="proposed" v="secondary"/>
    <tag k="ref" v="St 2054"/>
  </way>
  <way id="239181861">
    <nd ref="2469933559"/>
    <nd ref="2469933588"/>
    <nd ref="2469933637"/>
    <nd ref="2469933536"/>
    <nd ref="2469933703"/>
    <nd ref="2469933670"/>
    <nd ref="2469933678"/>
    <nd ref="2469933677"/>
    <nd ref="2469933633"/>
    <nd ref="2469933713"/>
    <nd ref="2469933535"/>
    <nd ref="2469933592"/>
    <nd ref="2469933688"/>
    <nd ref="2469933657"/>
    <nd ref="2469933730"/>
    <nd ref="2469933571"/>
    <nd ref="2469933602"/>
    <nd ref="2469933542"/>
    <nd ref="2469933513"/>
    <nd ref="2469933631"/>
    <nd ref="2469933559"/>
    <tag k="highway" v="proposed"/>
    <tag k="proposed" v="secondary"/>
    <tag k="ref" v="St 2084, St 2054"/>
  </way>
  <way id="239181862">
    <nd ref="2469933538"/>
    <nd ref="2469933495"/>
    <nd ref="2469933703"/>
    <tag k="highway" v="proposed"/>
    <tag k="oneway" v="yes"/>
    <tag k="proposed" v="secondary_link"/>
  </way>
  <way id="239462737">
    <nd ref="287162934"/>
    <nd ref="260714314"/>
    <nd ref="8157044508"/>
    <nd ref="260714315"/>
    <nd ref="366593979"/>
    <nd ref="260714316"/>
    <nd ref="260714317"/>
    <nd ref="561079754"/>
    <nd ref="346557942"/>
    <nd ref="260714319"/>
    <nd ref="8692870843"/>
    <nd ref="260714227"/>
    <tag k="highway" v="residential"/>
    <tag k="name" v="Göttschlag"/>
  </way>
  <way id="239462739">
    <nd ref="260714227"/>
    <nd ref="257949193"/>
    <tag k="highway" v="residential"/>
    <tag k="name" v="Göttschlag"/>
  </way>
  <way id="239462741">
    <nd ref="2472375384"/>
    <nd ref="260714219"/>
    <tag k="highway" v="track"/>
    <tag k="tracktype" v="grade2"/>
  </way>
  <way id="239463904">
    <nd ref="810552815"/>
    <nd ref="260589939"/>
    <nd ref="260589940"/>
    <nd ref="260589941"/>
    <nd ref="260589942"/>
    <nd ref="260589943"/>
    <nd ref="2472382989"/>
    <nd ref="260589944"/>
    <nd ref="2266571037"/>
    <nd ref="2472382988"/>
    <nd ref="260589945"/>
    <nd ref="260589946"/>
    <nd ref="260589947"/>
    <nd ref="260589948"/>
    <nd ref="2472383192"/>
    <nd ref="2472383191"/>
    <nd ref="260589949"/>
    <tag k="bicycle" v="designated"/>
    <tag k="foot" v="designated"/>
    <tag k="highway" v="path"/>
    <tag k="segregated" v="no"/>
    <tag k="smoothness" v="good"/>
    <tag k="surface" v="asphalt"/>
    <tag k="tracktype" v="grade1"/>
    <tag k="traffic_sign" v="DE:240"/>
    <tag k="width" v="2.0"/>
  </way>
  <way id="239463907">
    <nd ref="26424688"/>
    <nd ref="2472382990"/>
    <nd ref="810552815"/>
    <tag k="bicycle" v="designated"/>
    <tag k="foot" v="designated"/>
    <tag k="highway" v="path"/>
    <tag k="segregated" v="no"/>
    <tag k="smoothness" v="good"/>
    <tag k="surface" v="asphalt"/>
    <tag k="tracktype" v="grade1"/>
    <tag k="traffic_sign" v="DE:240"/>
    <tag k="width" v="2.0"/>
  </way>
  <way id="240132359">
    <nd ref="2478954161"/>
    <nd ref="4081810216"/>
    <nd ref="9985476212"/>
    <tag k="highway" v="service"/>
    <tag k="service" v="driveway"/>
  </way>
  <way id="240136327">
    <nd ref="2110915392"/>
    <nd ref="2110915397"/>
    <nd ref="2152718662"/>
    <nd ref="2110915403"/>
    <nd ref="2110915407"/>
    <nd ref="2152718666"/>
    <nd ref="2110915406"/>
    <nd ref="2110915400"/>
    <nd ref="2110915395"/>
    <nd ref="2110915387"/>
    <tag k="access" v="delivery"/>
    <tag k="highway" v="service"/>
    <tag k="service" v="parking_aisle"/>
    <tag k="surface" v="paved"/>
  </way>
  <way id="240136924">
    <nd ref="2173286518"/>
    <nd ref="2152718652"/>
    <nd ref="2110915387"/>
    <nd ref="2110915392"/>
    <tag k="access" v="delivery"/>
    <tag k="highway" v="service"/>
    <tag k="name" v="Yaskawastraße"/>
    <tag k="surface" v="asphalt"/>
  </way>
  <way id="240136925">
    <nd ref="2152718646"/>
    <nd ref="2152718664"/>
    <nd ref="2152718662"/>
    <tag k="access" v="delivery"/>
    <tag k="highway" v="service"/>
    <tag k="service" v="driveway"/>
    <tag k="surface" v="paved"/>
  </way>
  <way id="242755299">
    <nd ref="385665171"/>
    <nd ref="2068442858"/>
    <nd ref="385665167"/>
    <nd ref="27153925"/>
    <nd ref="257951932"/>
    <nd ref="2068442856"/>
    <nd ref="385665543"/>
    <nd ref="26424693"/>
    <nd ref="257951934"/>
    <nd ref="26424694"/>
    <nd ref="2068442854"/>
    <nd ref="257951935"/>
    <nd ref="1763048140"/>
    <nd ref="2068442852"/>
    <nd ref="26424695"/>
    <nd ref="2068442848"/>
    <nd ref="257951936"/>
    <nd ref="2068442844"/>
    <nd ref="26424696"/>
    <nd ref="2068442830"/>
    <nd ref="26424697"/>
    <nd ref="2068442828"/>
    <nd ref="257951937"/>
    <nd ref="2068442821"/>
    <nd ref="26424698"/>
    <nd ref="2068442819"/>
    <nd ref="257951740"/>
    <nd ref="2068442818"/>
    <nd ref="257951741"/>
    <tag k="highway" v="secondary"/>
    <tag k="lanes" v="2"/>
    <tag k="maxspeed" v="100"/>
    <tag k="ref" v="St 2084"/>
    <tag k="surface" v="asphalt"/>
    <tag k="width" v="7.0"/>
  </way>
  <way id="242755301">
    <nd ref="2472375384"/>
    <nd ref="257951930"/>
    <nd ref="2068442865"/>
    <nd ref="26424692"/>
    <nd ref="2068442863"/>
    <nd ref="257951931"/>
    <nd ref="385665171"/>
    <tag k="highway" v="secondary"/>
    <tag k="lanes" v="2"/>
    <tag k="maxspeed:backward" v="80"/>
    <tag k="maxspeed:forward" v="100"/>
    <tag k="ref" v="St 2084"/>
    <tag k="surface" v="asphalt"/>
    <tag k="width" v="7.0"/>
  </way>
  <way id="260707297">
    <nd ref="262265152"/>
    <nd ref="366659329"/>
    <tag k="check_date" v="2023-07-28"/>
    <tag k="comment" v="Brückenbau arbeiten bis Mitte Dec"/>
    <tag k="highway" v="secondary"/>
    <tag k="maxspeed" v="70"/>
    <tag k="oneway" v="no"/>
    <tag k="ref" v="St 2054"/>
    <tag k="surface" v="asphalt"/>
    <tag k="tmc" v="DE:35055/27429"/>
  </way>
  <way id="260707300">
    <nd ref="2662585432"/>
    <nd ref="6379174569"/>
    <nd ref="429460538"/>
    <nd ref="262265152"/>
    <tag k="highway" v="secondary"/>
    <tag k="lanes" v="2"/>
    <tag k="maxspeed" v="100"/>
    <tag k="maxspeed:backward" v="100"/>
    <tag k="maxspeed:forward" v="80"/>
    <tag k="ref" v="St 2054"/>
    <tag k="surface" v="asphalt"/>
    <tag k="tmc" v="DE:35055/27429"/>
  </way>
  <way id="263266584">
    <nd ref="2688838855"/>
    <nd ref="12760605916"/>
    <nd ref="17205282"/>
    <tag k="highway" v="residential"/>
    <tag k="name" v="Albert-Schweitzer-Straße"/>
    <tag k="parking:both" v="no"/>
  </way>
  <way id="263266585">
    <nd ref="2688838895"/>
    <nd ref="2159875407"/>
    <nd ref="2159875412"/>
    <nd ref="21493714"/>
    <nd ref="21493713"/>
    <nd ref="21493712"/>
    <nd ref="285950378"/>
    <nd ref="285950372"/>
    <nd ref="2469933609"/>
    <nd ref="21493711"/>
    <nd ref="2469933725"/>
    <nd ref="21493710"/>
    <nd ref="2469933584"/>
    <nd ref="540693460"/>
    <nd ref="2688838901"/>
    <tag k="cycleway:both" v="no"/>
    <tag k="highway" v="tertiary"/>
    <tag k="lanes" v="2"/>
    <tag k="maxspeed" v="100"/>
    <tag k="ref" v="FS 6"/>
    <tag k="smoothness" v="excellent"/>
    <tag k="surface" v="asphalt"/>
    <tag k="tmc" v="DE:35041/35042"/>
  </way>
  <way id="263266586">
    <nd ref="2688838901"/>
    <nd ref="8828071391"/>
    <nd ref="257926733"/>
    <nd ref="8828071392"/>
    <nd ref="21493709"/>
    <nd ref="2688838903"/>
    <tag k="highway" v="tertiary"/>
    <tag k="maxspeed" v="70"/>
    <tag k="ref" v="FS 6"/>
    <tag k="surface" v="asphalt"/>
    <tag k="tmc" v="DE:35041/35042"/>
  </way>
  <way id="263266587">
    <nd ref="2688838903"/>
    <nd ref="21493708"/>
    <nd ref="13854093353"/>
    <nd ref="21493707"/>
    <nd ref="6855630456"/>
    <nd ref="21493706"/>
    <tag k="highway" v="tertiary"/>
    <tag k="maxspeed" v="100"/>
    <tag k="ref" v="FS 6"/>
    <tag k="surface" v="asphalt"/>
    <tag k="tmc" v="DE:35041/35042"/>
  </way>
  <way id="263266588">
    <nd ref="366608627"/>
    <nd ref="17205297"/>
    <tag k="highway" v="unclassified"/>
    <tag k="maxspeed" v="30"/>
    <tag k="maxweight" v="18"/>
    <tag k="maxweight:conditional" v="none @ destination;none @ delivery"/>
    <tag k="name" v="Mühlenstraße"/>
  </way>
  <way id="263266589">
    <nd ref="2688838922"/>
    <nd ref="17205275"/>
    <nd ref="2103046504"/>
    <nd ref="17205303"/>
    <nd ref="17205285"/>
    <nd ref="2103046481"/>
    <nd ref="366608367"/>
    <tag k="highway" v="unclassified"/>
    <tag k="maxweight" v="18"/>
    <tag k="maxweight:conditional" v="none @ destination;none @ delivery"/>
    <tag k="name" v="Mühlenstraße"/>
  </way>
  <way id="263266590">
    <nd ref="8250799539"/>
    <nd ref="366599461"/>
    <nd ref="8977889188"/>
    <nd ref="2104237940"/>
    <nd ref="2104237934"/>
    <nd ref="8675959926"/>
    <nd ref="9199349295"/>
    <tag k="highway" v="unclassified"/>
    <tag k="lit" v="yes"/>
    <tag k="maxspeed" v="50"/>
    <tag k="name" v="Mühlenstraße"/>
  </way>
  <way id="263283398">
    <nd ref="2689017877"/>
    <nd ref="2689017876"/>
    <tag k="highway" v="service"/>
    <tag k="name" v="An der Linde"/>
    <tag k="surface" v="compacted"/>
  </way>
  <way id="263283399">
    <nd ref="287162065"/>
    <nd ref="2689017876"/>
    <nd ref="2689017875"/>
    <tag k="highway" v="service"/>
    <tag k="name" v="An der Linde"/>
    <tag k="surface" v="compacted"/>
  </way>
  <way id="263283400">
    <nd ref="2689017848"/>
    <nd ref="8827956187"/>
    <nd ref="6379174566"/>
    <nd ref="257947970"/>
    <tag k="highway" v="secondary"/>
    <tag k="lcn" v="yes"/>
    <tag k="maxspeed" v="100"/>
    <tag k="name" v="Atterstraße"/>
    <tag k="ref" v="St 2084"/>
  </way>
  <way id="263283401">
    <nd ref="287162068"/>
    <nd ref="2689017878"/>
    <nd ref="2730969424"/>
    <nd ref="2689017879"/>
    <nd ref="2730969428"/>
    <nd ref="257951719"/>
    <tag k="highway" v="residential"/>
    <tag k="name" v="Herrnstraße"/>
  </way>
  <way id="263283402">
    <nd ref="2689017903"/>
    <nd ref="2689017900"/>
    <nd ref="26539239"/>
    <tag k="highway" v="secondary"/>
    <tag k="maxspeed:backward" v="100"/>
    <tag k="maxspeed:forward" v="70"/>
    <tag k="ref" v="St 2084"/>
    <tag k="surface" v="asphalt"/>
  </way>
  <way id="263283403">
    <nd ref="2689017871"/>
    <nd ref="2689017870"/>
    <nd ref="2689017869"/>
    <nd ref="2689017868"/>
    <nd ref="2689017866"/>
    <nd ref="2689017865"/>
    <nd ref="2689017858"/>
    <nd ref="2689017856"/>
    <nd ref="2689017854"/>
    <nd ref="2689017853"/>
    <nd ref="2689017852"/>
    <nd ref="5691806894"/>
    <nd ref="2689017855"/>
    <nd ref="2689017857"/>
    <nd ref="2689017859"/>
    <nd ref="2689017860"/>
    <nd ref="2689017861"/>
    <nd ref="2689017862"/>
    <nd ref="2689017863"/>
    <nd ref="2689017864"/>
    <nd ref="2689017867"/>
    <nd ref="2689017871"/>
    <tag k="highway" v="track"/>
    <tag k="surface" v="compacted"/>
    <tag k="tracktype" v="grade3"/>
  </way>
  <way id="263283404">
    <nd ref="262265157"/>
    <nd ref="2689017893"/>
    <nd ref="2689017888"/>
    <tag k="highway" v="track"/>
    <tag k="surface" v="grass"/>
    <tag k="tracktype" v="grade4"/>
  </way>
  <way id="263283405">
    <nd ref="452628796"/>
    <nd ref="1756479693"/>
    <nd ref="287162063"/>
    <tag k="highway" v="track"/>
    <tag k="motor_vehicle" v="agricultural"/>
    <tag k="surface" v="compacted"/>
    <tag k="tracktype" v="grade2"/>
  </way>
  <way id="263283406">
    <nd ref="257947937"/>
    <nd ref="2689017885"/>
    <nd ref="2689017886"/>
    <nd ref="2689017887"/>
    <tag k="highway" v="track"/>
    <tag k="surface" v="grass"/>
    <tag k="tracktype" v="grade5"/>
  </way>
  <way id="263283407">
    <nd ref="452628797"/>
    <nd ref="2689017874"/>
    <nd ref="2689017873"/>
    <nd ref="2689017872"/>
    <nd ref="2689017871"/>
    <tag k="highway" v="track"/>
    <tag k="surface" v="compacted"/>
    <tag k="tracktype" v="grade3"/>
  </way>
  <way id="263283408">
    <nd ref="257947934"/>
    <nd ref="2689017881"/>
    <nd ref="2689017882"/>
    <nd ref="2689017883"/>
    <nd ref="2689017884"/>
    <tag k="highway" v="track"/>
    <tag k="surface" v="ground"/>
    <tag k="tracktype" v="grade3"/>
  </way>
  <way id="267662467">
    <nd ref="287162068"/>
    <nd ref="287162069"/>
    <nd ref="287162070"/>
    <nd ref="9384457089"/>
    <nd ref="9384457093"/>
    <nd ref="287162072"/>
    <nd ref="2730969419"/>
    <nd ref="257951722"/>
    <tag k="highway" v="residential"/>
    <tag k="name" v="Herrnstraße"/>
  </way>
  <way id="280774726">
    <nd ref="259146601"/>
    <nd ref="2848234759"/>
    <nd ref="2848234760"/>
    <nd ref="2848234771"/>
    <nd ref="259146609"/>
    <nd ref="3514718761"/>
    <nd ref="2848234770"/>
    <nd ref="3514719370"/>
    <nd ref="2848234763"/>
    <nd ref="3514719371"/>
    <nd ref="2848234768"/>
    <nd ref="3514719369"/>
    <nd ref="2848234762"/>
    <nd ref="26545729"/>
    <tag k="highway" v="track"/>
    <tag k="surface" v="compacted"/>
    <tag k="tracktype" v="grade2"/>
  </way>
  <way id="280774728">
    <nd ref="2848234770"/>
    <nd ref="2848234769"/>
    <nd ref="2848234767"/>
    <tag k="highway" v="track"/>
  </way>
  <way id="282550340">
    <nd ref="257903903"/>
    <nd ref="2864919183"/>
    <nd ref="2864919185"/>
    <nd ref="2864919186"/>
    <nd ref="2864919188"/>
    <nd ref="2864919190"/>
    <nd ref="2864919191"/>
    <nd ref="2864919193"/>
    <nd ref="2864919194"/>
    <nd ref="2864919192"/>
    <nd ref="2864919189"/>
    <nd ref="2864919187"/>
    <tag k="highway" v="track"/>
    <tag k="tracktype" v="grade2"/>
  </way>
  <way id="286344109">
    <nd ref="3783057670"/>
    <nd ref="2939314757"/>
    <tag k="bdouble" v="yes"/>
    <tag k="highway" v="motorway"/>
    <tag k="int_ref" v="E 45"/>
    <tag k="lanes" v="4"/>
    <tag k="lit" v="no"/>
    <tag k="maxspeed" v="none"/>
    <tag k="maxspeed:conditional" v="80 @ wet"/>
    <tag k="maxspeed:variable" v="peak_traffic"/>
    <tag k="oneway" v="yes"/>
    <tag k="placement" v="middle_of:2"/>
    <tag k="ref" v="A 9"/>
    <tag k="surface" v="asphalt"/>
    <tag k="tmc" v="DE:60599/12732"/>
    <tag k="turn:lanes" v="none|none|none|merge_to_left"/>
  </way>
  <way id="286344110">
    <nd ref="139300"/>
    <nd ref="257955836"/>
    <tag k="bdouble" v="yes"/>
    <tag k="highway" v="motorway"/>
    <tag k="int_ref" v="E 45"/>
    <tag k="lanes" v="4"/>
    <tag k="lit" v="no"/>
    <tag k="maxheight" v="default"/>
    <tag k="maxspeed" v="none"/>
    <tag k="maxspeed:variable" v="peak_traffic"/>
    <tag k="oneway" v="yes"/>
    <tag k="placement" v="middle_of:2"/>
    <tag k="ref" v="A 9"/>
    <tag k="source:lit" v="http://www.autobahn-bilder.de"/>
    <tag k="surface" v="asphalt"/>
    <tag k="turn:lanes" v="none|none|none|merge_to_left"/>
  </way>
  <way id="286344111">
    <nd ref="139299"/>
    <nd ref="664439785"/>
    <nd ref="139300"/>
    <tag k="bdouble" v="yes"/>
    <tag k="destination" v="Berlin;Nürnberg;Regensburg;Pfaffenhofen"/>
    <tag k="highway" v="motorway"/>
    <tag k="int_ref" v="E 45"/>
    <tag k="lanes" v="3"/>
    <tag k="lit" v="no"/>
    <tag k="maxspeed" v="none"/>
    <tag k="maxspeed:variable" v="peak_traffic"/>
    <tag k="oneway" v="yes"/>
    <tag k="ref" v="A 9"/>
    <tag k="surface" v="asphalt"/>
    <tag k="tmc" v="DE:12732"/>
  </way>
  <way id="286344112">
    <nd ref="17205380"/>
    <nd ref="334294803"/>
    <nd ref="4236379430"/>
    <nd ref="8697787118"/>
    <nd ref="3783057670"/>
    <tag k="bdouble" v="yes"/>
    <tag k="highway" v="motorway"/>
    <tag k="int_ref" v="E 45"/>
    <tag k="lanes" v="3"/>
    <tag k="lit" v="no"/>
    <tag k="maxspeed" v="none"/>
    <tag k="maxspeed:conditional" v="80 @ wet"/>
    <tag k="maxspeed:variable" v="peak_traffic"/>
    <tag k="oneway" v="yes"/>
    <tag k="ref" v="A 9"/>
    <tag k="surface" v="asphalt"/>
    <tag k="tmc" v="DE:12732"/>
  </way>
  <way id="286345340">
    <nd ref="21646526"/>
    <nd ref="3785883727"/>
    <nd ref="2939314760"/>
    <nd ref="334289696"/>
    <nd ref="7133504214"/>
    <nd ref="139324"/>
    <tag k="bdouble" v="yes"/>
    <tag k="highway" v="motorway"/>
    <tag k="int_ref" v="E 45"/>
    <tag k="lanes" v="4"/>
    <tag k="lit" v="no"/>
    <tag k="maxspeed" v="none"/>
    <tag k="maxspeed:variable" v="peak_traffic"/>
    <tag k="oneway" v="yes"/>
    <tag k="placement" v="middle_of:2"/>
    <tag k="ref" v="A 9"/>
    <tag k="source:lit" v="http://www.autobahn-bilder.de"/>
    <tag k="surface" v="asphalt"/>
    <tag k="turn:lanes" v="none|none|none|merge_to_left"/>
  </way>
  <way id="290401644">
    <nd ref="2939314757"/>
    <nd ref="3783048450"/>
    <nd ref="4236379419"/>
    <nd ref="2469933624"/>
    <nd ref="2469933593"/>
    <nd ref="11549986685"/>
    <nd ref="340145827"/>
    <nd ref="139293"/>
    <nd ref="334294806"/>
    <nd ref="139294"/>
    <nd ref="285950414"/>
    <nd ref="139286"/>
    <nd ref="285950428"/>
    <nd ref="139287"/>
    <nd ref="334294814"/>
    <nd ref="285950447"/>
    <nd ref="285950470"/>
    <tag k="bdouble" v="yes"/>
    <tag k="highway" v="motorway"/>
    <tag k="int_ref" v="E 45"/>
    <tag k="lanes" v="3"/>
    <tag k="lit" v="no"/>
    <tag k="maxheight" v="default"/>
    <tag k="maxspeed" v="none"/>
    <tag k="maxspeed:conditional" v="80 @ wet"/>
    <tag k="maxspeed:variable" v="peak_traffic"/>
    <tag k="oneway" v="yes"/>
    <tag k="ref" v="A 9"/>
    <tag k="surface" v="asphalt"/>
    <tag k="tmc" v="DE:60599/12732"/>
  </way>
  <way id="290401646">
    <nd ref="334294801"/>
    <nd ref="17205380"/>
    <tag k="bdouble" v="yes"/>
    <tag k="destination:country:lanes" v="A;I|A;I|A;I||"/>
    <tag k="destination:lanes" v="München;Deggendorf;Neufahrn|München;Deggendorf;Neufahrn|München;Deggendorf;Neufahrn|Allershausen;Freising;Hohenkammer|Allershausen;Freising;Hohenkammer"/>
    <tag k="destination:symbol:lanes" v="none;none;airport;interchange|none;none;airport;interchange|none;none;airport;interchange||"/>
    <tag k="highway" v="motorway"/>
    <tag k="int_ref" v="E 45"/>
    <tag k="lanes" v="5"/>
    <tag k="lit" v="no"/>
    <tag k="maxheight" v="default"/>
    <tag k="maxspeed" v="none"/>
    <tag k="maxspeed:conditional" v="80 @ wet"/>
    <tag k="maxspeed:variable" v="peak_traffic"/>
    <tag k="oneway" v="yes"/>
    <tag k="placement" v="middle_of:2"/>
    <tag k="ref" v="A 9"/>
    <tag k="source:lit" v="http://www.autobahn-bilder.de"/>
    <tag k="surface" v="asphalt"/>
    <tag k="turn:lanes" v="none|none|none|slight_right|slight_right"/>
  </way>
  <way id="290401648">
    <nd ref="2939314758"/>
    <nd ref="8697787119"/>
    <nd ref="139299"/>
    <tag k="bdouble" v="yes"/>
    <tag k="destination:lanes" v="Berlin;Nürnberg;Regensburg;Pfaffenhofen|Berlin;Nürnberg;Regensburg;Pfaffenhofen|Berlin;Nürnberg;Regensburg;Pfaffenhofen|Berlin;Nürnberg;Regensburg;Pfaffenhofen|Allershausen;Hohenkammer"/>
    <tag k="highway" v="motorway"/>
    <tag k="int_ref" v="E 45"/>
    <tag k="lanes" v="5"/>
    <tag k="lit" v="no"/>
    <tag k="maxspeed" v="none"/>
    <tag k="maxspeed:variable" v="peak_traffic"/>
    <tag k="oneway" v="yes"/>
    <tag k="placement" v="middle_of:2"/>
    <tag k="ref" v="A 9"/>
    <tag k="surface" v="asphalt"/>
    <tag k="tmc" v="DE:60599/12732"/>
    <tag k="turn:lanes" v="none|none|none|none|slight_right"/>
  </way>
  <way id="290401652">
    <nd ref="139324"/>
    <nd ref="293538998"/>
    <nd ref="3348384684"/>
    <nd ref="139325"/>
    <nd ref="293538996"/>
    <nd ref="139326"/>
    <nd ref="293538994"/>
    <nd ref="334289701"/>
    <nd ref="139327"/>
    <nd ref="3348384681"/>
    <nd ref="844176109"/>
    <tag k="bdouble" v="yes"/>
    <tag k="highway" v="motorway"/>
    <tag k="int_ref" v="E 45"/>
    <tag k="lanes" v="3"/>
    <tag k="lit" v="no"/>
    <tag k="maxspeed" v="none"/>
    <tag k="maxspeed:variable" v="peak_traffic"/>
    <tag k="oneway" v="yes"/>
    <tag k="ref" v="A 9"/>
    <tag k="source:lit" v="http://www.autobahn-bilder.de"/>
    <tag k="surface" v="asphalt"/>
  </way>
  <way id="291214746">
    <nd ref="346557124"/>
    <nd ref="346557125"/>
    <nd ref="346557126"/>
    <nd ref="2946295553"/>
    <nd ref="346557127"/>
    <nd ref="346557129"/>
    <nd ref="2946295554"/>
    <nd ref="346557130"/>
    <nd ref="2946295555"/>
    <nd ref="346557131"/>
    <nd ref="346557132"/>
    <nd ref="346557133"/>
    <nd ref="346557134"/>
    <nd ref="346557135"/>
    <nd ref="346557136"/>
    <nd ref="346557137"/>
    <nd ref="346557138"/>
    <nd ref="346557140"/>
    <nd ref="346557141"/>
    <nd ref="2946295559"/>
    <tag k="bicycle" v="yes"/>
    <tag k="embankment" v="yes"/>
    <tag k="foot" v="yes"/>
    <tag k="highway" v="path"/>
    <tag k="name" v="Amperdamm"/>
    <tag k="surface" v="dirt"/>
    <tag k="width" v="0.5"/>
  </way>
  <way id="291214751">
    <nd ref="2946295559"/>
    <nd ref="346557142"/>
    <nd ref="346557143"/>
    <nd ref="346557144"/>
    <nd ref="346557145"/>
    <nd ref="287162932"/>
    <tag k="bicycle" v="yes"/>
    <tag k="foot" v="yes"/>
    <tag k="highway" v="track"/>
    <tag k="name" v="Amperdamm"/>
    <tag k="tracktype" v="grade5"/>
  </way>
  <way id="293537141">
    <nd ref="17205311"/>
    <nd ref="7887927209"/>
    <nd ref="257926101"/>
    <tag k="bdouble" v="yes"/>
    <tag k="cycleway:both" v="no"/>
    <tag k="foot" v="yes"/>
    <tag k="highway" v="secondary"/>
    <tag k="lanes" v="2"/>
    <tag k="lit" v="no"/>
    <tag k="maxspeed" v="50"/>
    <tag k="parking:both" v="no"/>
    <tag k="ref" v="St 2054"/>
    <tag k="sidewalk" v="right"/>
    <tag k="sidewalk:right:surface" v="asphalt"/>
    <tag k="smoothness" v="good"/>
    <tag k="surface" v="asphalt"/>
    <tag k="tmc" v="DE:27428"/>
  </way>
  <way id="303998673">
    <nd ref="3085151255"/>
    <nd ref="3085151256"/>
    <nd ref="3085151257"/>
    <nd ref="3085151258"/>
    <nd ref="3085151259"/>
    <nd ref="5861539398"/>
    <nd ref="5861539399"/>
    <nd ref="5861539400"/>
    <tag k="highway" v="track"/>
  </way>
  <way id="303998675">
    <nd ref="3085151262"/>
    <nd ref="3085151263"/>
    <nd ref="3085151264"/>
    <nd ref="3085151265"/>
    <nd ref="3085151266"/>
    <nd ref="3085151267"/>
    <nd ref="3808180276"/>
    <nd ref="3085151268"/>
    <nd ref="3085151257"/>
    <tag k="highway" v="track"/>
  </way>
  <way id="303998676">
    <nd ref="538793344"/>
    <nd ref="3085151273"/>
    <nd ref="3085151274"/>
    <nd ref="3085151275"/>
    <nd ref="3085151276"/>
    <nd ref="3085151277"/>
    <nd ref="3085151278"/>
    <nd ref="3085151279"/>
    <nd ref="3085151280"/>
    <tag k="highway" v="track"/>
    <tag k="surface" v="grass"/>
    <tag k="tracktype" v="grade5"/>
  </way>
  <way id="303998677">
    <nd ref="3085151281"/>
    <nd ref="5626698961"/>
    <nd ref="5626698964"/>
    <nd ref="5626698963"/>
    <nd ref="5626698962"/>
    <nd ref="3085151282"/>
    <nd ref="3085151283"/>
    <nd ref="3085151284"/>
    <nd ref="3085151285"/>
    <nd ref="3085151286"/>
    <nd ref="3085151287"/>
    <tag k="highway" v="track"/>
  </way>
  <way id="303998678">
    <nd ref="3808180273"/>
    <nd ref="5873012516"/>
    <nd ref="3808180272"/>
    <nd ref="3808180271"/>
    <nd ref="5873012530"/>
    <nd ref="7370248777"/>
    <nd ref="3808180270"/>
    <nd ref="3085151302"/>
    <nd ref="3085151303"/>
    <nd ref="3085151304"/>
    <nd ref="3085151305"/>
    <nd ref="3085151306"/>
    <nd ref="4837369063"/>
    <nd ref="3085151307"/>
    <nd ref="3085151308"/>
    <nd ref="3085151309"/>
    <nd ref="5873012529"/>
    <nd ref="3085151310"/>
    <nd ref="4837369057"/>
    <nd ref="3085151311"/>
    <nd ref="3808170120"/>
    <nd ref="3808170121"/>
    <nd ref="3808180263"/>
    <nd ref="3808180264"/>
    <nd ref="8714379572"/>
    <nd ref="3808180265"/>
    <nd ref="3808180266"/>
    <nd ref="3808180267"/>
    <nd ref="3808180268"/>
    <nd ref="3808180269"/>
    <nd ref="379736306"/>
    <tag k="highway" v="track"/>
  </way>
  <way id="303998679">
    <nd ref="379736708"/>
    <nd ref="3085151312"/>
    <nd ref="3085151313"/>
    <nd ref="3085151314"/>
    <nd ref="3085151315"/>
    <nd ref="3085151316"/>
    <nd ref="3085151317"/>
    <nd ref="3085151318"/>
    <tag k="highway" v="track"/>
  </way>
  <way id="303998680">
    <nd ref="3085151319"/>
    <nd ref="3085151320"/>
    <nd ref="3085151321"/>
    <nd ref="3085151322"/>
    <nd ref="3085151323"/>
    <nd ref="3085151324"/>
    <nd ref="3085151325"/>
    <nd ref="3085151326"/>
    <nd ref="3085151327"/>
    <nd ref="3085151328"/>
    <tag k="highway" v="track"/>
  </way>
  <way id="303999659">
    <nd ref="3085159290"/>
    <nd ref="3085159291"/>
    <nd ref="3085159292"/>
    <nd ref="3085159293"/>
    <tag k="highway" v="track"/>
  </way>
  <way id="307540145">
    <nd ref="366601899"/>
    <nd ref="366601901"/>
    <nd ref="366601903"/>
    <tag k="highway" v="service"/>
    <tag k="service" v="driveway"/>
  </way>
  <way id="310378610">
    <nd ref="3157974535"/>
    <nd ref="3785904273"/>
    <nd ref="3348384682"/>
    <nd ref="139318"/>
    <nd ref="3348384683"/>
    <nd ref="293538993"/>
    <nd ref="139319"/>
    <nd ref="293538995"/>
    <nd ref="139320"/>
    <nd ref="3348384685"/>
    <nd ref="293538997"/>
    <nd ref="139321"/>
    <nd ref="2939314759"/>
    <tag k="bdouble" v="yes"/>
    <tag k="highway" v="motorway"/>
    <tag k="int_ref" v="E 45"/>
    <tag k="lanes" v="3"/>
    <tag k="lit" v="no"/>
    <tag k="maxspeed" v="none"/>
    <tag k="maxspeed:variable" v="peak_traffic"/>
    <tag k="oneway" v="yes"/>
    <tag k="overtaking:hgv:conditional" v="no @ (06:00-20:00)"/>
    <tag k="ref" v="A 9"/>
    <tag k="source:lit" v="http://www.autobahn-bilder.de"/>
    <tag k="surface" v="asphalt"/>
  </way>
  <way id="313890074">
    <nd ref="26424986"/>
    <nd ref="3199307544"/>
    <nd ref="3199307545"/>
    <nd ref="3199307546"/>
    <nd ref="3199307547"/>
    <nd ref="3199307548"/>
    <nd ref="3199307549"/>
    <nd ref="3199307550"/>
    <tag k="highway" v="track"/>
    <tag k="tracktype" v="grade3"/>
  </way>
  <way id="315263738">
    <nd ref="1741229389"/>
    <nd ref="1741229512"/>
    <nd ref="1741229443"/>
    <nd ref="1741229394"/>
    <nd ref="1741229505"/>
    <nd ref="1741229540"/>
    <nd ref="1741229507"/>
    <nd ref="1741229542"/>
    <nd ref="1741229510"/>
    <tag k="highway" v="unclassified"/>
    <tag k="lanes" v="1"/>
    <tag k="smoothness" v="bad"/>
    <tag k="surface" v="compacted"/>
  </way>
  <way id="315534267">
    <nd ref="2173286510"/>
    <nd ref="2173286507"/>
    <nd ref="2266604511"/>
    <nd ref="2266604512"/>
    <nd ref="2266604513"/>
    <tag k="highway" v="service"/>
    <tag k="service" v="driveway"/>
    <tag k="surface" v="asphalt"/>
  </way>
  <way id="321267900">
    <nd ref="2266365397"/>
    <nd ref="3280112984"/>
    <tag k="highway" v="track"/>
    <tag k="tracktype" v="grade5"/>
  </way>
  <way id="321267901">
    <nd ref="3280112981"/>
    <nd ref="3280112975"/>
    <nd ref="3280112972"/>
    <nd ref="3280112970"/>
    <nd ref="3280112969"/>
    <nd ref="8796492203"/>
    <nd ref="8796492202"/>
    <nd ref="8796492201"/>
    <tag k="highway" v="track"/>
    <tag k="tracktype" v="grade3"/>
  </way>
  <way id="321600357">
    <nd ref="257968981"/>
    <nd ref="3283561506"/>
    <nd ref="3283561502"/>
    <nd ref="3283561501"/>
    <nd ref="3283561500"/>
    <tag k="highway" v="track"/>
    <tag k="tracktype" v="grade5"/>
  </way>
  <way id="374921558">
    <nd ref="17205311"/>
    <nd ref="3783057689"/>
    <nd ref="3783056249"/>
    <tag k="bdouble" v="yes"/>
    <tag k="destination" v="München"/>
    <tag k="highway" v="motorway_link"/>
    <tag k="lanes" v="1"/>
    <tag k="lit" v="no"/>
    <tag k="oneway" v="yes"/>
    <tag k="surface" v="asphalt"/>
  </way>
  <way id="377448295">
    <nd ref="3808180276"/>
    <nd ref="3808180277"/>
    <nd ref="3808180278"/>
    <nd ref="3808180279"/>
    <nd ref="3085151304"/>
    <tag k="highway" v="track"/>
    <tag k="surface" v="dirt"/>
    <tag k="tracktype" v="grade5"/>
  </way>
  <way id="406058681">
    <nd ref="9985476213"/>
    <nd ref="2478966993"/>
    <nd ref="2478966991"/>
    <nd ref="2478954154"/>
    <nd ref="17216154"/>
    <nd ref="2478954157"/>
    <nd ref="2478954161"/>
    <nd ref="2478954167"/>
    <nd ref="17216153"/>
    <nd ref="9985476215"/>
    <tag k="highway" v="service"/>
    <tag k="service" v="driveway"/>
  </way>
  <way id="408661699">
    <nd ref="26044243"/>
    <nd ref="3913072669"/>
    <nd ref="429460539"/>
    <tag k="highway" v="secondary"/>
    <tag k="lanes" v="2"/>
    <tag k="maxspeed" v="100"/>
    <tag k="oneway" v="no"/>
    <tag k="ref" v="St 2054"/>
    <tag k="surface" v="asphalt"/>
    <tag k="tmc" v="DE:27428/35055"/>
  </way>
  <way id="408661700">
    <nd ref="429460539"/>
    <nd ref="3913072667"/>
    <nd ref="3913072664"/>
    <nd ref="3913072663"/>
    <nd ref="3913072661"/>
    <nd ref="26044242"/>
    <nd ref="2194550352"/>
    <nd ref="560234379"/>
    <nd ref="429460540"/>
    <nd ref="3913072454"/>
    <nd ref="26044241"/>
    <nd ref="3913072449"/>
    <nd ref="429460542"/>
    <nd ref="3913072444"/>
    <nd ref="26044240"/>
    <nd ref="3913072440"/>
    <nd ref="3913072436"/>
    <nd ref="316631472"/>
    <nd ref="429460546"/>
    <nd ref="3913072421"/>
    <nd ref="26044239"/>
    <nd ref="460647528"/>
    <nd ref="461781651"/>
    <nd ref="26044238"/>
    <nd ref="429460551"/>
    <nd ref="429460552"/>
    <nd ref="26044236"/>
    <tag k="highway" v="secondary"/>
    <tag k="maxspeed" v="100"/>
    <tag k="oneway" v="no"/>
    <tag k="ref" v="St 2054"/>
    <tag k="surface" v="asphalt"/>
    <tag k="tmc" v="DE:27428/35055"/>
  </way>
  <way id="424171655">
    <nd ref="257926059"/>
    <nd ref="4236379455"/>
    <nd ref="4236379461"/>
    <nd ref="4236379465"/>
    <nd ref="547469739"/>
    <tag k="highway" v="service"/>
    <tag k="service" v="emergency_access"/>
    <tag k="smoothness" v="excellent"/>
    <tag k="surface" v="asphalt"/>
  </way>
  <way id="445470643">
    <nd ref="2099531036"/>
    <nd ref="4428950915"/>
    <tag k="fixme" v="please correct position &amp; track type"/>
    <tag k="highway" v="track"/>
  </way>
  <way id="445470804">
    <nd ref="2099531031"/>
    <nd ref="4428951644"/>
    <nd ref="2099531036"/>
    <tag k="highway" v="footway"/>
    <tag k="name" v="Johannes-Boos-Platz"/>
    <tag k="surface" v="paved"/>
  </way>
  <way id="474560436">
    <nd ref="4693839033"/>
    <nd ref="4684863658"/>
    <nd ref="4693839041"/>
    <nd ref="4684863667"/>
    <nd ref="4684863659"/>
    <nd ref="4684863660"/>
    <nd ref="4693839052"/>
    <nd ref="4684863661"/>
    <nd ref="4684863662"/>
    <nd ref="4684863663"/>
    <nd ref="4684863664"/>
    <nd ref="4684863665"/>
    <nd ref="4693839051"/>
    <nd ref="4693839050"/>
    <nd ref="4684863666"/>
    <nd ref="26539240"/>
    <tag k="highway" v="cycleway"/>
    <tag k="lcn" v="yes"/>
    <tag k="lit" v="no"/>
    <tag k="surface" v="asphalt"/>
    <tag k="width" v="3"/>
  </way>
  <way id="491085019">
    <nd ref="6749717923"/>
    <nd ref="6749717924"/>
    <nd ref="6749717925"/>
    <nd ref="6749717926"/>
    <nd ref="6749717927"/>
    <nd ref="6749717928"/>
    <nd ref="262434144"/>
    <tag k="highway" v="footway"/>
    <tag k="smoothness" v="intermediate"/>
    <tag k="surface" v="asphalt"/>
  </way>
  <way id="491659885">
    <nd ref="4837369057"/>
    <nd ref="4837369058"/>
    <nd ref="4837369059"/>
    <tag k="highway" v="track"/>
  </way>
  <way id="491659886">
    <nd ref="3085151301"/>
    <nd ref="4837369060"/>
    <nd ref="4837369061"/>
    <nd ref="4837369062"/>
    <nd ref="4837369063"/>
    <tag k="highway" v="track"/>
  </way>
  <way id="492336124">
    <nd ref="257953680"/>
    <nd ref="614679460"/>
    <tag k="highway" v="service"/>
    <tag k="service" v="driveway"/>
    <tag k="source" v="survey 2017-05-09"/>
    <tag k="surface" v="compacted"/>
  </way>
  <way id="492336125">
    <nd ref="614679460"/>
    <nd ref="4843669694"/>
    <tag k="highway" v="path"/>
    <tag k="source" v="survey 2017-05-09"/>
    <tag k="surface" v="compacted"/>
  </way>
  <way id="492353150">
    <nd ref="2103082031"/>
    <nd ref="4843796490"/>
    <tag k="highway" v="service"/>
    <tag k="service" v="parking_aisle"/>
    <tag k="surface" v="asphalt"/>
  </way>
  <way id="492353151">
    <nd ref="4843796494"/>
    <nd ref="3273327796"/>
    <tag k="highway" v="service"/>
    <tag k="service" v="parking_aisle"/>
    <tag k="surface" v="asphalt"/>
  </way>
  <way id="492353152">
    <nd ref="4843796492"/>
    <nd ref="4843796489"/>
    <nd ref="4843796484"/>
    <tag k="highway" v="service"/>
    <tag k="surface" v="asphalt"/>
  </way>
  <way id="492353153">
    <nd ref="4843796494"/>
    <nd ref="4843796490"/>
    <nd ref="4843796486"/>
    <nd ref="4843907230"/>
    <tag k="highway" v="service"/>
    <tag k="service" v="parking_aisle"/>
    <tag k="surface" v="paving_stones"/>
  </way>
  <way id="492353154">
    <nd ref="4843796488"/>
    <nd ref="4843796487"/>
    <nd ref="4843796486"/>
    <tag k="highway" v="service"/>
    <tag k="service" v="parking_aisle"/>
    <tag k="surface" v="asphalt"/>
  </way>
  <way id="492361733">
    <nd ref="2085963439"/>
    <nd ref="4843867934"/>
    <nd ref="4843867935"/>
    <nd ref="4843867936"/>
    <nd ref="560008088"/>
    <tag k="bicycle" v="designated"/>
    <tag k="foot" v="designated"/>
    <tag k="highway" v="path"/>
    <tag k="segregated" v="no"/>
    <tag k="smoothness" v="excellent"/>
    <tag k="surface" v="asphalt"/>
  </way>
  <way id="492368098">
    <nd ref="4843907233"/>
    <nd ref="4843907232"/>
    <nd ref="4843907231"/>
    <tag k="highway" v="service"/>
    <tag k="surface" v="asphalt"/>
  </way>
  <way id="493245752">
    <nd ref="461564196"/>
    <nd ref="4851754098"/>
    <nd ref="4851754099"/>
    <nd ref="4851754100"/>
    <nd ref="4851754101"/>
    <nd ref="4851754102"/>
    <nd ref="4851754103"/>
    <nd ref="4851754104"/>
    <nd ref="4851754105"/>
    <nd ref="4851754106"/>
    <nd ref="4851754107"/>
    <nd ref="4851754108"/>
    <nd ref="4851754109"/>
    <nd ref="4851754110"/>
    <nd ref="4851754111"/>
    <nd ref="4851754112"/>
    <nd ref="4851754113"/>
    <nd ref="3808180299"/>
    <tag k="highway" v="track"/>
    <tag k="tracktype" v="grade4"/>
  </way>
  <way id="493245885">
    <nd ref="4851757069"/>
    <nd ref="4851757070"/>
    <nd ref="4851757071"/>
    <nd ref="4851757072"/>
    <nd ref="4851757073"/>
    <nd ref="4851757074"/>
    <nd ref="4851757075"/>
    <nd ref="4851757076"/>
    <tag k="highway" v="track"/>
    <tag k="surface" v="dirt"/>
    <tag k="tracktype" v="grade5"/>
  </way>
  <way id="502291890">
    <nd ref="4928094360"/>
    <nd ref="4928094361"/>
    <nd ref="257953783"/>
    <nd ref="4928094363"/>
    <nd ref="257953784"/>
    <tag k="bicycle" v="designated"/>
    <tag k="foot" v="designated"/>
    <tag k="highway" v="path"/>
    <tag k="maxspeed" v="30"/>
    <tag k="segregated" v="no"/>
  </way>
  <way id="502297006">
    <nd ref="257926824"/>
    <nd ref="257926826"/>
    <tag k="bridge" v="yes"/>
    <tag k="highway" v="unclassified"/>
    <tag k="layer" v="1"/>
    <tag k="maxweight:signed" v="no"/>
    <tag k="smoothness" v="excellent"/>
    <tag k="surface" v="asphalt"/>
  </way>
  <way id="507766528">
    <nd ref="366635394"/>
    <nd ref="366635868"/>
    <nd ref="613506580"/>
    <nd ref="366635869"/>
    <nd ref="366635870"/>
    <nd ref="4972114435"/>
    <tag k="foot" v="permissive"/>
    <tag k="highway" v="track"/>
    <tag k="tracktype" v="grade4"/>
  </way>
  <way id="597925724">
    <nd ref="5691806894"/>
    <nd ref="5691806895"/>
    <nd ref="5691806896"/>
    <nd ref="5691806897"/>
    <nd ref="5691806898"/>
    <nd ref="5691806899"/>
    <nd ref="5691806900"/>
    <nd ref="5691806901"/>
    <nd ref="5691806902"/>
    <nd ref="5691806903"/>
    <nd ref="5691806904"/>
    <nd ref="5691806905"/>
    <nd ref="5691806906"/>
    <nd ref="5691806907"/>
    <nd ref="5691806908"/>
    <nd ref="5691806909"/>
    <nd ref="5691806910"/>
    <nd ref="5691806911"/>
    <tag k="highway" v="track"/>
    <tag k="tracktype" v="grade4"/>
  </way>
  <way id="614077840">
    <nd ref="2104237915"/>
    <nd ref="2152732000"/>
    <nd ref="2104237903"/>
    <nd ref="2104237920"/>
    <tag k="highway" v="service"/>
    <tag k="lit" v="yes"/>
    <tag k="service" v="parking_aisle"/>
    <tag k="smoothness" v="excellent"/>
    <tag k="surface" v="asphalt"/>
  </way>
  <way id="614077841">
    <nd ref="2104237926"/>
    <nd ref="5809109221"/>
    <nd ref="5809109218"/>
    <nd ref="5809109219"/>
    <nd ref="5809109220"/>
    <tag k="highway" v="service"/>
    <tag k="service" v="parking_aisle"/>
  </way>
  <way id="614077842">
    <nd ref="2104237915"/>
    <nd ref="5809109221"/>
    <tag k="highway" v="service"/>
    <tag k="service" v="parking_aisle"/>
  </way>
  <way id="614077843">
    <nd ref="2104237922"/>
    <nd ref="2104237926"/>
    <tag k="highway" v="service"/>
    <tag k="lit" v="yes"/>
    <tag k="service" v="parking_aisle"/>
    <tag k="surface" v="asphalt"/>
  </way>
  <way id="614077847">
    <nd ref="5809109222"/>
    <nd ref="5809109223"/>
    <tag k="highway" v="service"/>
    <tag k="lit" v="yes"/>
    <tag k="service" v="parking_aisle"/>
    <tag k="smoothness" v="excellent"/>
    <tag k="surface" v="asphalt"/>
  </way>
  <way id="614077848">
    <nd ref="2104237920"/>
    <nd ref="5809109223"/>
    <nd ref="2104237922"/>
    <tag k="highway" v="service"/>
    <tag k="lit" v="yes"/>
    <tag k="service" v="parking_aisle"/>
    <tag k="smoothness" v="excellent"/>
    <tag k="surface" v="asphalt"/>
  </way>
  <way id="620396157">
    <nd ref="3808180299"/>
    <nd ref="7370248765"/>
    <nd ref="3808180298"/>
    <nd ref="3808180297"/>
    <nd ref="3808180296"/>
    <tag k="highway" v="path"/>
    <tag k="surface" v="dirt"/>
    <tag k="tracktype" v="grade3"/>
  </way>
  <way id="620396158">
    <nd ref="3808180299"/>
    <nd ref="538793260"/>
    <nd ref="5497357222"/>
    <nd ref="4851754116"/>
    <nd ref="5497354820"/>
    <tag k="highway" v="track"/>
    <tag k="surface" v="compacted"/>
    <tag k="tracktype" v="grade3"/>
  </way>
  <way id="620401989">
    <nd ref="5861539387"/>
    <nd ref="5861539388"/>
    <nd ref="5861539389"/>
    <nd ref="5861539390"/>
    <nd ref="5861539391"/>
    <nd ref="5861539392"/>
    <nd ref="5861539393"/>
    <nd ref="6740185059"/>
    <nd ref="5861539394"/>
    <nd ref="5861539395"/>
    <nd ref="5861539396"/>
    <nd ref="5861539397"/>
    <nd ref="5861539400"/>
    <nd ref="4837369063"/>
    <tag k="highway" v="track"/>
    <tag k="surface" v="compacted"/>
    <tag k="tracktype" v="grade3"/>
  </way>
  <way id="620411288">
    <nd ref="27401248"/>
    <nd ref="5861676182"/>
    <nd ref="5861676183"/>
    <nd ref="8690078885"/>
    <nd ref="8690078880"/>
    <nd ref="8690078897"/>
    <nd ref="8690078892"/>
    <nd ref="8690078882"/>
    <nd ref="8690078896"/>
    <nd ref="8690078903"/>
    <nd ref="8690078895"/>
    <nd ref="8690078889"/>
    <nd ref="8690078894"/>
    <nd ref="8690078898"/>
    <nd ref="8690078901"/>
    <nd ref="8690078899"/>
    <nd ref="8690078904"/>
    <nd ref="8690078883"/>
    <nd ref="8690078888"/>
    <nd ref="8690078902"/>
    <nd ref="8690078900"/>
    <nd ref="8690078890"/>
    <nd ref="8690078881"/>
    <nd ref="8690078884"/>
    <nd ref="8690078886"/>
    <nd ref="8690078887"/>
    <nd ref="8690078893"/>
    <tag k="highway" v="track"/>
    <tag k="surface" v="compacted"/>
    <tag k="tracktype" v="grade3"/>
  </way>
  <way id="620411830">
    <nd ref="27401248"/>
    <nd ref="5861690013"/>
    <tag k="highway" v="path"/>
    <tag k="mtb:scale" v="0"/>
    <tag k="surface" v="grass"/>
  </way>
  <way id="620413997">
    <nd ref="3808180283"/>
    <nd ref="5861724924"/>
    <nd ref="5861724925"/>
    <nd ref="5861724926"/>
    <nd ref="5861724927"/>
    <nd ref="5861724928"/>
    <tag k="highway" v="track"/>
    <tag k="surface" v="grass"/>
    <tag k="tracktype" v="grade2"/>
  </way>
  <way id="620413998">
    <nd ref="3808180290"/>
    <nd ref="461564193"/>
    <nd ref="461564194"/>
    <nd ref="461564195"/>
    <nd ref="461564196"/>
    <nd ref="461564197"/>
    <nd ref="461564171"/>
    <nd ref="461564170"/>
    <nd ref="538793295"/>
    <nd ref="461564198"/>
    <nd ref="3420352878"/>
    <nd ref="461564199"/>
    <nd ref="3420352881"/>
    <nd ref="3420352882"/>
    <nd ref="3420352883"/>
    <nd ref="461564200"/>
    <tag k="highway" v="track"/>
    <tag k="smoothness" v="very_horrible"/>
    <tag k="surface" v="grass"/>
    <tag k="tracktype" v="grade3"/>
  </way>
  <way id="620413999">
    <nd ref="3808180290"/>
    <nd ref="5873012533"/>
    <nd ref="3808180289"/>
    <nd ref="3808180288"/>
    <nd ref="3808180287"/>
    <nd ref="3808180286"/>
    <nd ref="3808180285"/>
    <nd ref="3808180284"/>
    <nd ref="3808180283"/>
    <tag k="highway" v="path"/>
    <tag k="surface" v="dirt"/>
    <tag k="tracktype" v="grade3"/>
  </way>
  <way id="620414000">
    <nd ref="3808180283"/>
    <nd ref="5873012536"/>
    <nd ref="3808180282"/>
    <nd ref="5873012535"/>
    <nd ref="5873012534"/>
    <nd ref="3808180281"/>
    <tag k="highway" v="track"/>
    <tag k="surface" v="ground"/>
    <tag k="tracktype" v="grade4"/>
  </way>
  <way id="621691778">
    <nd ref="5873012516"/>
    <nd ref="8714379578"/>
    <nd ref="5873012517"/>
    <nd ref="7370261222"/>
    <nd ref="5873012518"/>
    <nd ref="5873012519"/>
    <nd ref="5873012520"/>
    <nd ref="5873012521"/>
    <nd ref="5873012522"/>
    <nd ref="5873012523"/>
    <nd ref="5873012524"/>
    <nd ref="5873012525"/>
    <nd ref="5873012526"/>
    <nd ref="5873012527"/>
    <nd ref="5873012528"/>
    <nd ref="5873012529"/>
    <tag k="highway" v="track"/>
    <tag k="tracktype" v="grade3"/>
  </way>
  <way id="621691779">
    <nd ref="3808180273"/>
    <nd ref="5873012532"/>
    <tag k="highway" v="track"/>
    <tag k="tracktype" v="grade3"/>
  </way>
  <way id="624275804">
    <nd ref="5895076011"/>
    <nd ref="5895076012"/>
    <nd ref="5895076013"/>
    <nd ref="5895076014"/>
    <nd ref="5895076015"/>
    <nd ref="5895076016"/>
    <nd ref="5895076017"/>
    <nd ref="5895076018"/>
    <nd ref="5895076019"/>
    <tag k="highway" v="track"/>
  </way>
  <way id="624275805">
    <nd ref="5895076019"/>
    <nd ref="560308081"/>
    <nd ref="560308083"/>
    <nd ref="560308085"/>
    <nd ref="560308087"/>
    <nd ref="560308090"/>
    <nd ref="260400016"/>
    <tag k="highway" v="track"/>
    <tag k="source" v="Yahoo / YWMS"/>
    <tag k="tracktype" v="grade5"/>
  </way>
  <way id="624275806">
    <nd ref="560308075"/>
    <nd ref="5895076021"/>
    <nd ref="5895076022"/>
    <nd ref="5895076023"/>
    <nd ref="5895076024"/>
    <nd ref="5895076025"/>
    <nd ref="5895076026"/>
    <nd ref="5895076029"/>
    <tag k="highway" v="track"/>
  </way>
  <way id="634122056">
    <nd ref="257948818"/>
    <nd ref="262434123"/>
    <nd ref="6749689575"/>
    <nd ref="262434124"/>
    <nd ref="262434125"/>
    <tag k="highway" v="footway"/>
  </way>
  <way id="641839576">
    <nd ref="3085151291"/>
    <nd ref="6043768984"/>
    <nd ref="6043769185"/>
    <nd ref="6043769186"/>
    <nd ref="6043769187"/>
    <nd ref="6043769188"/>
    <nd ref="6043769189"/>
    <nd ref="6043769190"/>
    <nd ref="6043769191"/>
    <nd ref="6043769192"/>
    <tag k="highway" v="path"/>
  </way>
  <way id="653936907">
    <nd ref="3808180267"/>
    <nd ref="7370261185"/>
    <nd ref="3808180275"/>
    <nd ref="3808180274"/>
    <nd ref="3808180273"/>
    <tag k="highway" v="track"/>
  </way>
  <way id="660000246">
    <nd ref="315125455"/>
    <nd ref="6179383704"/>
    <nd ref="6179383706"/>
    <nd ref="6179383699"/>
    <nd ref="6179383708"/>
    <nd ref="6179383707"/>
    <nd ref="6179383711"/>
    <nd ref="6179383710"/>
    <nd ref="6179383701"/>
    <nd ref="6179383700"/>
    <nd ref="6179383709"/>
    <nd ref="6179383703"/>
    <nd ref="6179383702"/>
    <nd ref="6179383705"/>
    <tag k="highway" v="footway"/>
    <tag k="surface" v="dirt"/>
  </way>
  <way id="670958135">
    <nd ref="4851757069"/>
    <nd ref="6283161965"/>
    <nd ref="6388905243"/>
    <nd ref="6388905244"/>
    <nd ref="6388905245"/>
    <nd ref="6388905246"/>
    <nd ref="6388905247"/>
    <nd ref="6388905248"/>
    <nd ref="6388905249"/>
    <nd ref="6388905250"/>
    <nd ref="6388905251"/>
    <nd ref="6388905252"/>
    <nd ref="6388905253"/>
    <tag k="highway" v="track"/>
    <tag k="surface" v="dirt"/>
    <tag k="tracktype" v="grade4"/>
  </way>
  <way id="681214375">
    <nd ref="6379174568"/>
    <nd ref="6379174569"/>
    <tag k="highway" v="cycleway"/>
  </way>
  <way id="681214377">
    <nd ref="726848777"/>
    <nd ref="6379174577"/>
    <tag k="highway" v="cycleway"/>
    <tag k="lit" v="no"/>
    <tag k="surface" v="asphalt"/>
  </way>
  <way id="683368314">
    <nd ref="287162932"/>
    <nd ref="17205439"/>
    <nd ref="17205449"/>
    <tag k="highway" v="secondary"/>
    <tag k="maxspeed" v="50"/>
    <tag k="ref" v="St 2084"/>
    <tag k="surface" v="asphalt"/>
  </way>
  <way id="683368315">
    <nd ref="26044223"/>
    <nd ref="248968314"/>
    <tag k="highway" v="secondary"/>
    <tag k="maxspeed" v="50"/>
    <tag k="name" v="Ampertalstraße"/>
    <tag k="ref" v="St 2054"/>
    <tag k="surface" v="asphalt"/>
    <tag k="tmc" v="DE:27428/35055"/>
  </way>
  <way id="699968748">
    <nd ref="559407559"/>
    <nd ref="6573251891"/>
    <nd ref="6573251892"/>
    <nd ref="6573251893"/>
    <nd ref="6573251894"/>
    <nd ref="6573251895"/>
    <tag k="highway" v="footway"/>
    <tag k="surface" v="sand"/>
  </way>
  <way id="717758648">
    <nd ref="4851782104"/>
    <nd ref="6740185061"/>
    <nd ref="6740185060"/>
    <nd ref="6740185059"/>
    <tag k="highway" v="track"/>
    <tag k="tracktype" v="grade4"/>
  </way>
  <way id="717758649">
    <nd ref="6740185056"/>
    <nd ref="6740185064"/>
    <nd ref="6740185063"/>
    <tag k="highway" v="track"/>
    <tag k="tracktype" v="grade3"/>
  </way>
  <way id="718866652">
    <nd ref="262434144"/>
    <nd ref="2099769168"/>
    <tag k="highway" v="service"/>
    <tag k="service" v="parking_aisle"/>
    <tag k="surface" v="paving_stones"/>
  </way>
  <way id="718886185">
    <nd ref="291203614"/>
    <nd ref="6749856430"/>
    <nd ref="6749856435"/>
    <nd ref="6749856436"/>
    <nd ref="6749856431"/>
    <nd ref="6749856434"/>
    <nd ref="6749856432"/>
    <nd ref="6749856433"/>
    <nd ref="6749856429"/>
    <nd ref="6749856437"/>
    <nd ref="6749856438"/>
    <nd ref="6749856439"/>
    <nd ref="538797719"/>
    <nd ref="538797715"/>
    <nd ref="6749849361"/>
    <nd ref="6749849362"/>
    <nd ref="6749849363"/>
    <nd ref="6749849364"/>
    <nd ref="538797696"/>
    <nd ref="538797691"/>
    <nd ref="6749849360"/>
    <nd ref="6749849358"/>
    <nd ref="6749849359"/>
    <nd ref="1371486716"/>
    <tag k="highway" v="track"/>
  </way>
  <way id="718890415">
    <nd ref="1371486716"/>
    <nd ref="259400987"/>
    <nd ref="259400988"/>
    <nd ref="262265251"/>
    <nd ref="5497354820"/>
    <nd ref="262265252"/>
    <nd ref="4851754117"/>
    <nd ref="262265253"/>
    <nd ref="4851768445"/>
    <nd ref="262265254"/>
    <nd ref="3808180305"/>
    <nd ref="8979492596"/>
    <nd ref="262265255"/>
    <nd ref="8979492595"/>
    <nd ref="8979492594"/>
    <nd ref="1371486719"/>
    <nd ref="8979492593"/>
    <nd ref="8979492592"/>
    <nd ref="262265256"/>
    <nd ref="8979492591"/>
    <nd ref="1371486717"/>
    <nd ref="8979492590"/>
    <nd ref="8979492589"/>
    <nd ref="257944516"/>
    <nd ref="1741229510"/>
    <tag k="highway" v="unclassified"/>
    <tag k="smoothness" v="bad"/>
    <tag k="surface" v="unpaved"/>
  </way>
  <way id="727482153">
    <nd ref="260547334"/>
    <nd ref="6817492162"/>
    <nd ref="6817492163"/>
    <nd ref="6817492164"/>
    <nd ref="6817492165"/>
    <nd ref="6817492166"/>
    <nd ref="6817492167"/>
    <nd ref="6817492168"/>
    <nd ref="6817492169"/>
    <nd ref="6817492170"/>
    <nd ref="6817492171"/>
    <nd ref="8476529124"/>
    <nd ref="8476529125"/>
    <nd ref="8476529126"/>
    <tag k="highway" v="service"/>
  </way>
  <way id="732147162">
    <nd ref="6855630456"/>
    <nd ref="6855630452"/>
    <nd ref="6855630455"/>
    <nd ref="8370267456"/>
    <nd ref="8370267457"/>
    <nd ref="8370267458"/>
    <nd ref="8370267459"/>
    <nd ref="8370267460"/>
    <nd ref="8370267461"/>
    <nd ref="8370267462"/>
    <nd ref="8370267463"/>
    <nd ref="8370267464"/>
    <nd ref="8370267465"/>
    <nd ref="8370267466"/>
    <nd ref="8370267467"/>
    <nd ref="8370267468"/>
    <nd ref="6855630452"/>
    <tag k="highway" v="service"/>
    <tag k="source" v="Maxar-Premium"/>
  </way>
  <way id="750002989">
    <nd ref="7013239295"/>
    <nd ref="7013239299"/>
    <tag k="highway" v="service"/>
    <tag k="service" v="driveway"/>
  </way>
  <way id="750065554">
    <nd ref="7013824566"/>
    <nd ref="8682961874"/>
    <nd ref="8682961870"/>
    <nd ref="7013824567"/>
    <nd ref="7013824568"/>
    <tag k="highway" v="service"/>
  </way>
  <way id="754311457">
    <nd ref="7047061103"/>
    <nd ref="7047061104"/>
    <nd ref="7047061105"/>
    <nd ref="7047061106"/>
    <nd ref="7047061107"/>
    <nd ref="7047061108"/>
    <nd ref="7047061109"/>
    <nd ref="7047061110"/>
    <nd ref="7047061111"/>
    <nd ref="7047061112"/>
    <nd ref="7047061113"/>
    <nd ref="7047061114"/>
    <nd ref="7047061115"/>
    <nd ref="7047061116"/>
    <nd ref="7047061117"/>
    <tag k="highway" v="service"/>
  </way>
  <way id="761958429">
    <nd ref="7119101494"/>
    <nd ref="539415549"/>
    <nd ref="539419330"/>
    <nd ref="539419332"/>
    <nd ref="539419333"/>
    <nd ref="539419337"/>
    <nd ref="539419340"/>
    <nd ref="539419351"/>
    <tag k="fixme" v="Sieht auf dem Satbild nicht nach Aspalt aus"/>
    <tag k="highway" v="track"/>
    <tag k="source" v="Yahoo"/>
    <tag k="surface" v="concrete"/>
    <tag k="tracktype" v="grade1"/>
  </way>
  <way id="763407703">
    <nd ref="3785904264"/>
    <nd ref="260400282"/>
    <tag k="highway" v="track"/>
    <tag k="surface" v="asphalt"/>
    <tag k="tracktype" v="grade1"/>
  </way>
  <way id="763407704">
    <nd ref="260400429"/>
    <nd ref="260400430"/>
    <nd ref="260400431"/>
    <nd ref="260400432"/>
    <nd ref="260400433"/>
    <nd ref="260400434"/>
    <nd ref="260400435"/>
    <nd ref="260400436"/>
    <nd ref="3785904274"/>
    <nd ref="3785904271"/>
    <nd ref="3785904270"/>
    <nd ref="3785904264"/>
    <tag k="highway" v="track"/>
    <tag k="surface" v="asphalt"/>
    <tag k="tracktype" v="grade1"/>
  </way>
  <way id="763407705">
    <nd ref="461557451"/>
    <nd ref="3785904258"/>
    <nd ref="3785904264"/>
    <tag k="highway" v="track"/>
    <tag k="surface" v="asphalt"/>
    <tag k="tracktype" v="grade1"/>
  </way>
  <way id="763407707">
    <nd ref="260400429"/>
    <nd ref="7133504215"/>
    <nd ref="7133504216"/>
    <nd ref="7133504217"/>
    <nd ref="7133504218"/>
    <nd ref="7133504219"/>
    <tag k="highway" v="track"/>
    <tag k="smoothness" v="very_bad"/>
    <tag k="surface" v="grass"/>
    <tag k="tracktype" v="grade5"/>
  </way>
  <way id="769846043">
    <nd ref="7186881512"/>
    <nd ref="7186881513"/>
    <nd ref="257927380"/>
    <tag k="highway" v="track"/>
  </way>
  <way id="780862744">
    <nd ref="7291117836"/>
    <nd ref="8750315840"/>
    <nd ref="8750314120"/>
    <nd ref="7291117837"/>
    <tag k="highway" v="service"/>
  </way>
  <way id="787563455">
    <nd ref="7363564850"/>
    <nd ref="13081783571"/>
    <nd ref="13081783569"/>
    <nd ref="7363564849"/>
    <tag k="highway" v="track"/>
    <tag k="parking:both" v="street_side"/>
    <tag k="surface" v="compacted"/>
    <tag k="tracktype" v="grade2"/>
  </way>
  <way id="787660776">
    <nd ref="560346946"/>
    <nd ref="7364458492"/>
    <tag k="highway" v="track"/>
    <tag k="tracktype" v="grade4"/>
  </way>
  <way id="787660778">
    <nd ref="344202472"/>
    <nd ref="567037590"/>
    <nd ref="567037591"/>
    <nd ref="567037592"/>
    <nd ref="567037593"/>
    <nd ref="567037595"/>
    <tag k="highway" v="track"/>
    <tag k="name" v="Hackerfeldweg"/>
    <tag k="source" v="Yahoo"/>
    <tag k="surface" v="asphalt"/>
    <tag k="tracktype" v="grade1"/>
  </way>
  <way id="787660780">
    <nd ref="560377467"/>
    <nd ref="7364458525"/>
    <nd ref="7364458524"/>
    <nd ref="7364458523"/>
    <nd ref="7364458522"/>
    <nd ref="7364458521"/>
    <nd ref="7364458520"/>
    <nd ref="7364458519"/>
    <nd ref="7364458518"/>
    <nd ref="7364458517"/>
    <nd ref="7364458516"/>
    <nd ref="7364458515"/>
    <nd ref="7364458514"/>
    <tag k="highway" v="track"/>
    <tag k="tracktype" v="grade3"/>
  </way>
  <way id="787660781">
    <nd ref="7364458529"/>
    <nd ref="7364458528"/>
    <tag k="highway" v="track"/>
    <tag k="tracktype" v="grade4"/>
  </way>
  <way id="787660782">
    <nd ref="7364458530"/>
    <nd ref="7364458528"/>
    <nd ref="7364458527"/>
    <nd ref="560377449"/>
    <tag k="highway" v="track"/>
    <tag k="tracktype" v="grade4"/>
  </way>
  <way id="787660783">
    <nd ref="560346911"/>
    <nd ref="7364458534"/>
    <nd ref="7364458533"/>
    <nd ref="7364458532"/>
    <nd ref="7364458531"/>
    <nd ref="7364458530"/>
    <nd ref="7364458529"/>
    <nd ref="560377317"/>
    <tag k="highway" v="track"/>
    <tag k="tracktype" v="grade4"/>
  </way>
  <way id="787660784">
    <nd ref="560346923"/>
    <nd ref="7364458537"/>
    <nd ref="7364458536"/>
    <nd ref="7370261188"/>
    <nd ref="7364458535"/>
    <tag k="highway" v="track"/>
    <tag k="tracktype" v="grade3"/>
  </way>
  <way id="788304477">
    <nd ref="3808180296"/>
    <nd ref="3808180295"/>
    <nd ref="3808180294"/>
    <nd ref="3808180293"/>
    <nd ref="3808180292"/>
    <nd ref="3808180291"/>
    <nd ref="3808180290"/>
    <tag k="highway" v="track"/>
    <tag k="surface" v="dirt"/>
    <tag k="tracktype" v="grade3"/>
  </way>
  <way id="788304478">
    <nd ref="3808180296"/>
    <nd ref="7370248766"/>
    <nd ref="7370248767"/>
    <nd ref="7370248768"/>
    <nd ref="7370248769"/>
    <nd ref="7370248770"/>
    <nd ref="7370248771"/>
    <nd ref="7370248772"/>
    <nd ref="7370248773"/>
    <nd ref="7370248774"/>
    <nd ref="7370248775"/>
    <nd ref="7370248776"/>
    <nd ref="4851757069"/>
    <tag k="highway" v="track"/>
    <tag k="surface" v="dirt"/>
    <tag k="tracktype" v="grade5"/>
  </way>
  <way id="788304479">
    <nd ref="7370248777"/>
    <nd ref="8714379577"/>
    <nd ref="7370248778"/>
    <nd ref="7370248779"/>
    <nd ref="7370248780"/>
    <nd ref="7370261222"/>
    <nd ref="8714379573"/>
    <nd ref="7370248781"/>
    <nd ref="7370248782"/>
    <nd ref="7370248783"/>
    <nd ref="7370248784"/>
    <nd ref="7370261185"/>
    <tag k="highway" v="track"/>
  </way>
  <way id="788304480">
    <nd ref="7370261188"/>
    <nd ref="7370261189"/>
    <nd ref="7370261190"/>
    <nd ref="7370261191"/>
    <nd ref="7370261192"/>
    <nd ref="7370261193"/>
    <nd ref="7370261194"/>
    <nd ref="7370261195"/>
    <nd ref="7370261196"/>
    <nd ref="7370261197"/>
    <nd ref="7370261198"/>
    <nd ref="7370261199"/>
    <nd ref="7370261200"/>
    <nd ref="7370261201"/>
    <nd ref="7370261202"/>
    <nd ref="7370261203"/>
    <nd ref="7370261204"/>
    <nd ref="7370261205"/>
    <nd ref="7370261206"/>
    <nd ref="7370261207"/>
    <nd ref="7370261208"/>
    <tag k="highway" v="track"/>
  </way>
  <way id="788553147">
    <nd ref="695193400"/>
    <nd ref="7372428498"/>
    <nd ref="7372428499"/>
    <nd ref="7372428500"/>
    <nd ref="7372428501"/>
    <nd ref="7372428502"/>
    <nd ref="7372428503"/>
    <nd ref="7372428504"/>
    <nd ref="7372428505"/>
    <nd ref="7372428506"/>
    <nd ref="7372428507"/>
    <nd ref="7372428508"/>
    <nd ref="7372428509"/>
    <nd ref="7372428510"/>
    <nd ref="7372428511"/>
    <nd ref="7372428512"/>
    <nd ref="7372428513"/>
    <nd ref="7372428514"/>
    <nd ref="7372428515"/>
    <nd ref="7372428516"/>
    <nd ref="7372428517"/>
    <nd ref="7372428518"/>
    <nd ref="7372428519"/>
    <nd ref="7372428520"/>
    <nd ref="7372428521"/>
    <nd ref="7372428522"/>
    <nd ref="7372428523"/>
    <tag k="highway" v="track"/>
  </way>
  <way id="788553148">
    <nd ref="260400257"/>
    <nd ref="7372428524"/>
    <nd ref="7372428525"/>
    <nd ref="7372428526"/>
    <nd ref="7372428527"/>
    <nd ref="7372428528"/>
    <nd ref="7372428529"/>
    <nd ref="7372428530"/>
    <nd ref="7372428531"/>
    <nd ref="7372428532"/>
    <nd ref="7372428533"/>
    <nd ref="7372428534"/>
    <nd ref="7372428535"/>
    <tag k="highway" v="track"/>
  </way>
  <way id="788553461">
    <nd ref="560377457"/>
    <nd ref="7372430785"/>
    <nd ref="7372430786"/>
    <nd ref="7372430787"/>
    <tag k="highway" v="track"/>
  </way>
  <way id="792021559">
    <nd ref="7404393583"/>
    <nd ref="7404393584"/>
    <nd ref="7404430285"/>
    <nd ref="7404430286"/>
    <nd ref="7404430287"/>
    <tag k="highway" v="service"/>
  </way>
  <way id="792021560">
    <nd ref="7404430288"/>
    <nd ref="7404430289"/>
    <nd ref="7404430290"/>
    <nd ref="7404430291"/>
    <nd ref="7404430292"/>
    <nd ref="7404430293"/>
    <nd ref="7404430294"/>
    <nd ref="7404430295"/>
    <tag k="highway" v="service"/>
  </way>
  <way id="792211912">
    <nd ref="7406228604"/>
    <nd ref="13565655492"/>
    <nd ref="7414049440"/>
    <nd ref="13565655493"/>
    <nd ref="7406228603"/>
    <tag k="highway" v="track"/>
    <tag k="tracktype" v="grade4"/>
  </way>
  <way id="792859519">
    <nd ref="393656400"/>
    <nd ref="7414049426"/>
    <nd ref="7414049425"/>
    <nd ref="7414049424"/>
    <tag k="highway" v="track"/>
    <tag k="mtb:scale" v="1"/>
    <tag k="smoothness" v="impassable"/>
    <tag k="tracktype" v="grade4"/>
  </way>
  <way id="792859521">
    <nd ref="7414049440"/>
    <nd ref="7414049439"/>
    <tag k="highway" v="track"/>
    <tag k="mtb:scale" v="1"/>
    <tag k="tracktype" v="grade4"/>
  </way>
  <way id="794709695">
    <nd ref="7433074815"/>
    <nd ref="7433074816"/>
    <nd ref="7433074817"/>
    <nd ref="7433074818"/>
    <nd ref="2688929975"/>
    <tag k="highway" v="service"/>
  </way>
  <way id="798117554">
    <nd ref="7464626769"/>
    <nd ref="7464626767"/>
    <nd ref="7464626766"/>
    <nd ref="7464626765"/>
    <tag k="highway" v="path"/>
    <tag k="mtb:scale" v="1"/>
    <tag k="surface" v="grass"/>
  </way>
  <way id="798117555">
    <nd ref="7406228610"/>
    <nd ref="7464626772"/>
    <nd ref="7464626771"/>
    <nd ref="7464626770"/>
    <nd ref="7464626769"/>
    <nd ref="7464626768"/>
    <tag k="highway" v="track"/>
    <tag k="mtb:scale" v="0"/>
    <tag k="smoothness" v="horrible"/>
    <tag k="tracktype" v="grade4"/>
  </way>
  <way id="798964095">
    <nd ref="2689017860"/>
    <nd ref="7472326998"/>
    <tag k="highway" v="track"/>
    <tag k="tracktype" v="grade5"/>
  </way>
  <way id="798964096">
    <nd ref="7472327004"/>
    <nd ref="7472327003"/>
    <nd ref="7472327002"/>
    <nd ref="7472327001"/>
    <nd ref="7472327000"/>
    <nd ref="7472326999"/>
    <nd ref="2689017875"/>
    <tag k="highway" v="track"/>
    <tag k="tracktype" v="grade4"/>
  </way>
  <way id="798964097">
    <nd ref="1756479693"/>
    <nd ref="7472327007"/>
    <nd ref="7472327006"/>
    <nd ref="7472327005"/>
    <nd ref="2689017873"/>
    <tag k="highway" v="track"/>
    <tag k="tracktype" v="grade4"/>
  </way>
  <way id="802840095">
    <nd ref="7509905021"/>
    <nd ref="7509905022"/>
    <nd ref="7509905023"/>
    <nd ref="7509905024"/>
    <tag k="highway" v="service"/>
  </way>
  <way id="802840096">
    <nd ref="7509905025"/>
    <nd ref="7509905026"/>
    <tag k="access" v="customers"/>
    <tag k="highway" v="service"/>
  </way>
  <way id="802840097">
    <nd ref="7509905027"/>
    <nd ref="7509905028"/>
    <nd ref="7509905029"/>
    <nd ref="7509905030"/>
    <tag k="highway" v="service"/>
  </way>
  <way id="806712988">
    <nd ref="7543794912"/>
    <nd ref="7543794918"/>
    <nd ref="7543794913"/>
    <tag k="highway" v="service"/>
  </way>
  <way id="806712989">
    <nd ref="7543794914"/>
    <nd ref="7543794915"/>
    <nd ref="7543794916"/>
    <nd ref="7543794917"/>
    <tag k="highway" v="service"/>
  </way>
  <way id="807289421">
    <nd ref="7549334309"/>
    <nd ref="7549334310"/>
    <nd ref="7549334311"/>
    <tag k="highway" v="service"/>
  </way>
  <way id="818951985">
    <nd ref="7647922042"/>
    <nd ref="7647922043"/>
    <tag k="highway" v="track"/>
  </way>
  <way id="818957670">
    <nd ref="7647968043"/>
    <nd ref="7647968044"/>
    <nd ref="7647968045"/>
    <nd ref="7647968046"/>
    <nd ref="7647968047"/>
    <nd ref="257965612"/>
    <tag k="highway" v="service"/>
  </way>
  <way id="828372788">
    <nd ref="7733218972"/>
    <nd ref="7733218973"/>
    <nd ref="7733218974"/>
    <nd ref="7733218975"/>
    <nd ref="7733218976"/>
    <tag k="highway" v="track"/>
  </way>
  <way id="828372789">
    <nd ref="7733218977"/>
    <nd ref="7733218978"/>
    <nd ref="7733218979"/>
    <nd ref="257926732"/>
    <tag k="highway" v="service"/>
  </way>
  <way id="834093246">
    <nd ref="7786278445"/>
    <nd ref="7786278447"/>
    <nd ref="7786278446"/>
    <nd ref="8823333996"/>
    <nd ref="7786278448"/>
    <nd ref="7786278449"/>
    <nd ref="7786278450"/>
    <nd ref="7786278451"/>
    <nd ref="7786278452"/>
    <nd ref="7786278453"/>
    <nd ref="7786278454"/>
    <nd ref="7786278455"/>
    <nd ref="7786278456"/>
    <nd ref="7786278457"/>
    <nd ref="7786278458"/>
    <nd ref="8823334011"/>
    <nd ref="7786278459"/>
    <nd ref="7786278460"/>
    <nd ref="7786278461"/>
    <nd ref="7786278462"/>
    <nd ref="7786278463"/>
    <nd ref="7786278464"/>
    <nd ref="7786278465"/>
    <tag k="access" v="private"/>
    <tag k="highway" v="service"/>
  </way>
  <way id="845460589">
    <nd ref="7887902660"/>
    <nd ref="7890947321"/>
    <nd ref="7887902659"/>
    <nd ref="83028059"/>
    <tag k="destination" v="Nürnberg"/>
    <tag k="destination:ref" v="A 9"/>
    <tag k="highway" v="motorway_link"/>
    <tag k="lanes" v="1"/>
    <tag k="lit" v="no"/>
    <tag k="oneway" v="yes"/>
    <tag k="surface" v="asphalt"/>
  </way>
  <way id="847063832">
    <nd ref="26545729"/>
    <nd ref="559904159"/>
    <nd ref="7904243626"/>
    <tag k="highway" v="track"/>
    <tag k="surface" v="compacted"/>
    <tag k="tracktype" v="grade2"/>
  </way>
  <way id="853984098">
    <nd ref="256406008"/>
    <nd ref="8531355453"/>
    <nd ref="256406010"/>
    <nd ref="617030077"/>
    <nd ref="616968718"/>
    <nd ref="8531355465"/>
    <nd ref="616968719"/>
    <nd ref="256406011"/>
    <tag k="highway" v="unclassified"/>
    <tag k="maxspeed" v="30"/>
    <tag k="name" v="Bergstraße"/>
    <tag k="surface" v="asphalt"/>
  </way>
  <way id="869046288">
    <nd ref="21494856"/>
    <nd ref="8100294682"/>
    <nd ref="8100294683"/>
    <nd ref="8100294679"/>
    <nd ref="8100294712"/>
    <nd ref="8100294680"/>
    <nd ref="8100294681"/>
    <nd ref="8100294693"/>
    <nd ref="8100294694"/>
    <nd ref="8100294695"/>
    <nd ref="8100294692"/>
    <nd ref="8100294690"/>
    <nd ref="8100294691"/>
    <nd ref="8100294684"/>
    <nd ref="8100294689"/>
    <nd ref="8100294687"/>
    <nd ref="8100294688"/>
    <nd ref="10774793603"/>
    <nd ref="8100294686"/>
    <nd ref="8100294685"/>
    <tag k="highway" v="living_street"/>
    <tag k="name" v="Adalharstraße"/>
  </way>
  <way id="869046290">
    <nd ref="2688838904"/>
    <nd ref="8100294696"/>
    <nd ref="8100302030"/>
    <nd ref="13652942319"/>
    <nd ref="8100294697"/>
    <nd ref="8100294698"/>
    <nd ref="8100294699"/>
    <tag k="highway" v="living_street"/>
    <tag k="name" v="Johann-Oswald-Weg"/>
  </way>
  <way id="869046291">
    <nd ref="8100294697"/>
    <nd ref="8100294702"/>
    <nd ref="13652942320"/>
    <nd ref="8100294703"/>
    <nd ref="8100294701"/>
    <tag k="highway" v="living_street"/>
    <tag k="name" v="Johann-Oswald-Weg"/>
  </way>
  <way id="869046292">
    <nd ref="366635873"/>
    <nd ref="8100302019"/>
    <nd ref="8100302017"/>
    <nd ref="8100302018"/>
    <nd ref="8100294707"/>
    <nd ref="13652942321"/>
    <nd ref="8100294708"/>
    <nd ref="8100294709"/>
    <nd ref="8100294710"/>
    <nd ref="8100294716"/>
    <nd ref="8100294711"/>
    <nd ref="8100294715"/>
    <nd ref="8100294713"/>
    <nd ref="8100294714"/>
    <nd ref="8100294712"/>
    <tag k="highway" v="path"/>
  </way>
  <way id="869046293">
    <nd ref="8100294707"/>
    <nd ref="13652942331"/>
    <tag k="highway" v="path"/>
  </way>
  <way id="869046294">
    <nd ref="8100294709"/>
    <nd ref="13652942319"/>
    <tag k="highway" v="path"/>
  </way>
  <way id="869046295">
    <nd ref="8100294708"/>
    <nd ref="8100294684"/>
    <nd ref="8100302021"/>
    <tag k="highway" v="path"/>
  </way>
  <way id="869046296">
    <nd ref="8100294711"/>
    <nd ref="8100294695"/>
    <nd ref="8100302023"/>
    <tag k="highway" v="path"/>
  </way>
  <way id="869046297">
    <nd ref="8100294681"/>
    <nd ref="8100302028"/>
    <nd ref="8100302029"/>
    <tag k="highway" v="path"/>
  </way>
  <way id="869046298">
    <nd ref="8100294710"/>
    <nd ref="8100302030"/>
    <tag k="highway" v="path"/>
  </way>
  <way id="869046299">
    <nd ref="8100302037"/>
    <nd ref="8100302036"/>
    <nd ref="8100302056"/>
    <nd ref="13652942343"/>
    <nd ref="8100302034"/>
    <nd ref="8100302039"/>
    <nd ref="8100302033"/>
    <nd ref="8100302043"/>
    <nd ref="8100302042"/>
    <nd ref="8100302044"/>
    <nd ref="8100302040"/>
    <nd ref="8100302045"/>
    <nd ref="8100302032"/>
    <nd ref="8100302054"/>
    <nd ref="8100302053"/>
    <nd ref="8100302055"/>
    <nd ref="8100302052"/>
    <tag k="highway" v="living_street"/>
    <tag k="name" v="Blumenweg"/>
  </way>
  <way id="869046300">
    <nd ref="257954720"/>
    <nd ref="8100302050"/>
    <nd ref="8100302051"/>
    <nd ref="8100302031"/>
    <nd ref="8100302048"/>
    <nd ref="8100302049"/>
    <nd ref="8100302046"/>
    <nd ref="8100302047"/>
    <nd ref="8100302032"/>
    <tag k="highway" v="living_street"/>
    <tag k="name" v="Blumenweg"/>
  </way>
  <way id="869046302">
    <nd ref="8100302056"/>
    <nd ref="8100294679"/>
    <tag k="highway" v="path"/>
  </way>
  <way id="876438203">
    <nd ref="8157044508"/>
    <nd ref="8157044509"/>
    <tag k="highway" v="service"/>
  </way>
  <way id="876438308">
    <nd ref="8157069132"/>
    <nd ref="8157069133"/>
    <tag k="highway" v="service"/>
    <tag k="source" v="maxar"/>
  </way>
  <way id="883087408">
    <nd ref="8212116016"/>
    <nd ref="8212117517"/>
    <tag k="highway" v="service"/>
  </way>
  <way id="883697220">
    <nd ref="8218700093"/>
    <nd ref="8218700094"/>
    <tag k="highway" v="service"/>
  </way>
  <way id="887426965">
    <nd ref="8250799537"/>
    <nd ref="8250799538"/>
    <nd ref="8250799540"/>
    <nd ref="8250799539"/>
    <tag k="access" v="private"/>
    <tag k="highway" v="service"/>
  </way>
  <way id="887462620">
    <nd ref="8251161581"/>
    <nd ref="8251161582"/>
    <nd ref="8251161583"/>
    <nd ref="8251161584"/>
    <nd ref="8251161585"/>
    <nd ref="8251161586"/>
    <tag k="highway" v="service"/>
    <tag k="surface" v="paving_stones"/>
  </way>
  <way id="887463182">
    <nd ref="8251164606"/>
    <nd ref="8251164607"/>
    <nd ref="8251164608"/>
    <nd ref="8251164609"/>
    <nd ref="8251164610"/>
    <nd ref="8251164611"/>
    <nd ref="8251164612"/>
    <nd ref="8251164613"/>
    <nd ref="8251164614"/>
    <nd ref="8251164615"/>
    <nd ref="8251164616"/>
    <nd ref="257956242"/>
    <tag k="highway" v="service"/>
  </way>
  <way id="887474206">
    <nd ref="559904146"/>
    <nd ref="8251270225"/>
    <nd ref="8251270226"/>
    <tag k="access" v="private"/>
    <tag k="highway" v="service"/>
    <tag k="service" v="driveway"/>
  </way>
  <way id="887477355">
    <nd ref="8251292264"/>
    <nd ref="8251292265"/>
    <nd ref="8251292266"/>
    <nd ref="8251292267"/>
    <nd ref="8251292268"/>
    <nd ref="8251292269"/>
    <nd ref="8251292270"/>
    <nd ref="8251292271"/>
    <nd ref="8251292272"/>
    <nd ref="8251292273"/>
    <nd ref="8251292274"/>
    <tag k="highway" v="service"/>
  </way>
  <way id="892806827">
    <nd ref="2864919184"/>
    <nd ref="8297994032"/>
    <nd ref="8297994031"/>
    <nd ref="8297994030"/>
    <nd ref="8297994029"/>
    <nd ref="8297994028"/>
    <nd ref="8297994027"/>
    <nd ref="8297994026"/>
    <nd ref="8297994025"/>
    <nd ref="8297994024"/>
    <nd ref="8297994023"/>
    <nd ref="8297994022"/>
    <tag k="highway" v="path"/>
  </way>
  <way id="892827767">
    <nd ref="8298162424"/>
    <nd ref="8298162425"/>
    <nd ref="8298162426"/>
    <nd ref="8298162427"/>
    <nd ref="8298162428"/>
    <nd ref="8298162429"/>
    <nd ref="8298162430"/>
    <nd ref="8298162431"/>
    <nd ref="366600254"/>
    <tag k="highway" v="track"/>
    <tag k="surface" v="unpaved"/>
  </way>
  <way id="906441526">
    <nd ref="8417206249"/>
    <nd ref="8417206250"/>
    <nd ref="8417206251"/>
    <nd ref="8417206252"/>
    <tag k="highway" v="service"/>
  </way>
  <way id="911200001">
    <nd ref="8460876208"/>
    <nd ref="8750315843"/>
    <nd ref="8460876209"/>
    <nd ref="8460876210"/>
    <nd ref="8460876211"/>
    <nd ref="8460876212"/>
    <nd ref="8460876213"/>
    <nd ref="8460876214"/>
    <nd ref="8750315844"/>
    <nd ref="8460876215"/>
    <tag k="highway" v="service"/>
  </way>
  <way id="911200002">
    <nd ref="8460876212"/>
    <nd ref="8460876216"/>
    <nd ref="8460895117"/>
    <nd ref="8460895118"/>
    <nd ref="8460895119"/>
    <nd ref="8460895120"/>
    <nd ref="8460895121"/>
    <nd ref="8460895122"/>
    <tag k="highway" v="service"/>
    <tag k="service" v="parking_aisle"/>
  </way>
  <way id="912256381">
    <nd ref="8474485144"/>
    <nd ref="8474485145"/>
    <tag k="highway" v="service"/>
  </way>
  <way id="912385159">
    <nd ref="8475705652"/>
    <nd ref="8475705653"/>
    <nd ref="8475705654"/>
    <nd ref="8475705655"/>
    <nd ref="8475705656"/>
    <nd ref="257965613"/>
    <tag k="access" v="private"/>
    <tag k="highway" v="service"/>
  </way>
  <way id="914659482">
    <nd ref="8496631269"/>
    <nd ref="8496631270"/>
    <nd ref="8496631271"/>
    <nd ref="8496631272"/>
    <nd ref="8496631273"/>
    <nd ref="8496631277"/>
    <nd ref="8496631274"/>
    <nd ref="8496631275"/>
    <nd ref="8496631276"/>
    <tag k="highway" v="service"/>
    <tag k="service" v="driveway"/>
  </way>
  <way id="918602954">
    <nd ref="366609732"/>
    <nd ref="8531355447"/>
    <nd ref="8531355448"/>
    <nd ref="8531355449"/>
    <tag k="highway" v="service"/>
  </way>
  <way id="918602955">
    <nd ref="366609731"/>
    <nd ref="8531355450"/>
    <nd ref="8531355451"/>
    <nd ref="8531355452"/>
    <tag k="highway" v="service"/>
  </way>
  <way id="918602956">
    <nd ref="8531355453"/>
    <nd ref="8531355454"/>
    <nd ref="8531355455"/>
    <nd ref="8531355466"/>
    <nd ref="8531355467"/>
    <nd ref="8531355468"/>
    <nd ref="8531355463"/>
    <tag k="highway" v="service"/>
  </way>
  <way id="918602957">
    <nd ref="256406008"/>
    <nd ref="8531355456"/>
    <nd ref="8531355457"/>
    <nd ref="8531355458"/>
    <nd ref="8531355459"/>
    <nd ref="8531355460"/>
    <nd ref="8531355461"/>
    <nd ref="8531355462"/>
    <nd ref="8531355463"/>
    <nd ref="8531355464"/>
    <nd ref="8531355465"/>
    <tag k="highway" v="service"/>
  </way>
  <way id="918608431">
    <nd ref="8531439627"/>
    <nd ref="8531439628"/>
    <tag k="highway" v="service"/>
  </way>
  <way id="918645813">
    <nd ref="8531764386"/>
    <nd ref="8531764387"/>
    <nd ref="8531764388"/>
    <nd ref="8531764389"/>
    <nd ref="8531764390"/>
    <nd ref="8531764391"/>
    <tag k="highway" v="service"/>
  </way>
  <way id="918695734">
    <nd ref="8532164821"/>
    <nd ref="8532164822"/>
    <nd ref="8532164823"/>
    <tag k="highway" v="service"/>
  </way>
  <way id="918695735">
    <nd ref="8532164824"/>
    <nd ref="8532164825"/>
    <nd ref="8532164826"/>
    <nd ref="8532164827"/>
    <tag k="highway" v="service"/>
  </way>
  <way id="920723162">
    <nd ref="8548759289"/>
    <nd ref="8548759290"/>
    <nd ref="8548759291"/>
    <nd ref="8548759292"/>
    <nd ref="8548759293"/>
    <tag k="highway" v="service"/>
  </way>
  <way id="921587642">
    <nd ref="8556094001"/>
    <nd ref="8556094002"/>
    <tag k="highway" v="service"/>
  </way>
  <way id="922866120">
    <nd ref="540699933"/>
    <nd ref="8567022421"/>
    <nd ref="8567022420"/>
    <nd ref="393656406"/>
    <tag k="highway" v="track"/>
    <tag k="tracktype" v="grade5"/>
  </way>
  <way id="922866123">
    <nd ref="366604860"/>
    <nd ref="13564212732"/>
    <nd ref="540699773"/>
    <nd ref="13565526515"/>
    <nd ref="13564212752"/>
    <nd ref="13564212735"/>
    <nd ref="540699776"/>
    <tag k="highway" v="track"/>
    <tag k="source" v="Yahoo"/>
    <tag k="tracktype" v="grade3"/>
  </way>
  <way id="924508641">
    <nd ref="8580488663"/>
    <nd ref="8580488664"/>
    <tag k="highway" v="path"/>
  </way>
  <way id="936225599">
    <nd ref="260400295"/>
    <nd ref="8675261014"/>
    <nd ref="8675261015"/>
    <tag k="highway" v="service"/>
  </way>
  <way id="936236255">
    <nd ref="8675366566"/>
    <nd ref="8675366567"/>
    <nd ref="8675366568"/>
    <nd ref="8675366569"/>
    <nd ref="8675366570"/>
    <nd ref="8675366571"/>
    <nd ref="8675366572"/>
    <nd ref="8675366573"/>
    <nd ref="8675366574"/>
    <nd ref="8675366575"/>
    <nd ref="8675366576"/>
    <nd ref="8675366577"/>
    <nd ref="8675366578"/>
    <nd ref="8675366579"/>
    <nd ref="8675366580"/>
    <tag k="highway" v="service"/>
  </way>
  <way id="936303991">
    <nd ref="2104243648"/>
    <nd ref="8675959924"/>
    <nd ref="8675959921"/>
    <nd ref="8675959922"/>
    <nd ref="8675959923"/>
    <nd ref="8675959924"/>
    <tag k="highway" v="service"/>
  </way>
  <way id="936303992">
    <nd ref="8675959925"/>
    <nd ref="8675959926"/>
    <tag k="highway" v="service"/>
    <tag k="lit" v="no"/>
    <tag k="smoothness" v="good"/>
    <tag k="surface" v="paving_stones"/>
  </way>
  <way id="936303993">
    <nd ref="8675959927"/>
    <nd ref="8675959928"/>
    <tag k="access" v="private"/>
    <tag k="highway" v="service"/>
  </way>
  <way id="936303994">
    <nd ref="8675959929"/>
    <nd ref="8675959930"/>
    <nd ref="8675959931"/>
    <nd ref="8675959932"/>
    <nd ref="8675959933"/>
    <tag k="highway" v="service"/>
  </way>
  <way id="936303995">
    <nd ref="8675959934"/>
    <nd ref="8675959944"/>
    <nd ref="8675959935"/>
    <nd ref="8675959936"/>
    <nd ref="8675959937"/>
    <nd ref="8675959938"/>
    <nd ref="8675959939"/>
    <nd ref="8675959940"/>
    <nd ref="8675959941"/>
    <nd ref="8675959942"/>
    <nd ref="8675959943"/>
    <tag k="highway" v="service"/>
  </way>
  <way id="936548351">
    <nd ref="8678024549"/>
    <nd ref="8678024552"/>
    <nd ref="8678024550"/>
    <nd ref="8678024551"/>
    <tag k="access" v="private"/>
    <tag k="highway" v="service"/>
  </way>
  <way id="936548352">
    <nd ref="8678024553"/>
    <nd ref="8678024555"/>
    <nd ref="8678024554"/>
    <tag k="access" v="private"/>
    <tag k="highway" v="service"/>
  </way>
  <way id="936548353">
    <nd ref="2688929970"/>
    <nd ref="8678024559"/>
    <nd ref="8678024556"/>
    <nd ref="8678024557"/>
    <nd ref="8678024558"/>
    <tag k="access" v="private"/>
    <tag k="highway" v="service"/>
  </way>
  <way id="936647493">
    <nd ref="8678993252"/>
    <nd ref="8678993253"/>
    <nd ref="8678993254"/>
    <nd ref="8678993255"/>
    <nd ref="8678993256"/>
    <nd ref="8678993257"/>
    <tag k="highway" v="service"/>
  </way>
  <way id="936647494">
    <nd ref="8678993258"/>
    <nd ref="8678993259"/>
    <tag k="highway" v="service"/>
  </way>
  <way id="936793171">
    <nd ref="8680210571"/>
    <nd ref="8680210572"/>
    <nd ref="8680210573"/>
    <nd ref="8680210574"/>
    <nd ref="8680210575"/>
    <nd ref="8680210576"/>
    <nd ref="8680210577"/>
    <nd ref="8680210578"/>
    <nd ref="8680210579"/>
    <nd ref="8680210580"/>
    <nd ref="8680210581"/>
    <nd ref="8680210582"/>
    <nd ref="8680210583"/>
    <nd ref="8680210587"/>
    <nd ref="560334129"/>
    <tag k="highway" v="service"/>
  </way>
  <way id="937054029">
    <nd ref="8682504150"/>
    <nd ref="8682504151"/>
    <nd ref="8682504152"/>
    <tag k="highway" v="service"/>
  </way>
  <way id="937054030">
    <nd ref="8682504153"/>
    <nd ref="8682504154"/>
    <nd ref="8682504155"/>
    <nd ref="8682504156"/>
    <nd ref="8682504157"/>
    <nd ref="8682504158"/>
    <nd ref="8682504159"/>
    <nd ref="8682504160"/>
    <nd ref="8682504161"/>
    <nd ref="8682504162"/>
    <nd ref="8682504163"/>
    <nd ref="8682504164"/>
    <tag k="highway" v="service"/>
  </way>
  <way id="937102738">
    <nd ref="7786278465"/>
    <nd ref="8682961867"/>
    <nd ref="8682961868"/>
    <nd ref="8682961869"/>
    <tag k="access" v="private"/>
    <tag k="highway" v="service"/>
  </way>
  <way id="937102739">
    <nd ref="8682961871"/>
    <nd ref="8682961872"/>
    <nd ref="8682961873"/>
    <nd ref="8682961874"/>
    <tag k="highway" v="service"/>
  </way>
  <way id="937272096">
    <nd ref="257960759"/>
    <nd ref="8684391426"/>
    <nd ref="8684391419"/>
    <nd ref="8684391420"/>
    <nd ref="8684391421"/>
    <nd ref="8684391422"/>
    <nd ref="8684391423"/>
    <nd ref="8684391424"/>
    <nd ref="8684391425"/>
    <tag k="highway" v="service"/>
  </way>
  <way id="937273795">
    <nd ref="8684381183"/>
    <nd ref="8684381205"/>
    <nd ref="8684381184"/>
    <nd ref="8684381185"/>
    <nd ref="8684381186"/>
    <nd ref="8684381187"/>
    <nd ref="8684381190"/>
    <nd ref="8684381191"/>
    <nd ref="8684381188"/>
    <nd ref="8684381189"/>
    <tag k="highway" v="service"/>
  </way>
  <way id="937273796">
    <nd ref="8684381191"/>
    <nd ref="8684381192"/>
    <nd ref="8684381193"/>
    <nd ref="8684381194"/>
    <nd ref="8684381195"/>
    <nd ref="8684381196"/>
    <nd ref="8684381197"/>
    <nd ref="8684381198"/>
    <nd ref="8684381199"/>
    <nd ref="8684381200"/>
    <nd ref="8684381201"/>
    <nd ref="8684381202"/>
    <nd ref="8684381203"/>
    <nd ref="8684381204"/>
    <nd ref="8684381205"/>
    <tag k="highway" v="service"/>
  </way>
  <way id="937333494">
    <nd ref="8684947595"/>
    <nd ref="8684947597"/>
    <nd ref="8684947596"/>
    <tag k="highway" v="service"/>
  </way>
  <way id="937333495">
    <nd ref="8684947597"/>
    <nd ref="8684947598"/>
    <nd ref="8684947599"/>
    <nd ref="8684947600"/>
    <nd ref="8684947601"/>
    <nd ref="8684947602"/>
    <nd ref="8684947603"/>
    <nd ref="8684947604"/>
    <nd ref="8684947605"/>
    <nd ref="8684947606"/>
    <nd ref="8684947607"/>
    <nd ref="8684947608"/>
    <nd ref="8684947609"/>
    <nd ref="8684947610"/>
    <nd ref="8684947611"/>
    <nd ref="8684947612"/>
    <nd ref="8684947613"/>
    <nd ref="8684947614"/>
    <nd ref="8684947615"/>
    <nd ref="8684947616"/>
    <tag k="highway" v="service"/>
  </way>
  <way id="937333496">
    <nd ref="8684947600"/>
    <nd ref="539424753"/>
    <tag k="highway" v="service"/>
  </way>
  <way id="937333497">
    <nd ref="8684947610"/>
    <nd ref="8684982817"/>
    <nd ref="8684982818"/>
    <nd ref="8684982819"/>
    <tag k="highway" v="service"/>
  </way>
  <way id="938007566">
    <nd ref="3808180281"/>
    <nd ref="4851757076"/>
    <nd ref="3085151262"/>
    <nd ref="3085151261"/>
    <nd ref="3085151269"/>
    <nd ref="3085151270"/>
    <nd ref="5861506210"/>
    <nd ref="3085151271"/>
    <nd ref="3085151272"/>
    <tag k="highway" v="track"/>
    <tag k="surface" v="compacted"/>
    <tag k="tracktype" v="grade3"/>
  </way>
  <way id="938031309">
    <nd ref="262265191"/>
    <nd ref="8690301689"/>
    <nd ref="8690301687"/>
    <tag k="highway" v="track"/>
    <tag k="surface" v="compacted"/>
    <tag k="tracktype" v="grade3"/>
  </way>
  <way id="938031310">
    <nd ref="8690078897"/>
    <nd ref="8690301688"/>
    <tag k="highway" v="track"/>
    <tag k="surface" v="ground"/>
    <tag k="tracktype" v="grade5"/>
  </way>
  <way id="938083634">
    <nd ref="8690800397"/>
    <nd ref="8690800398"/>
    <nd ref="8682961873"/>
    <tag k="access" v="private"/>
    <tag k="highway" v="service"/>
  </way>
  <way id="938253130">
    <nd ref="8692259818"/>
    <nd ref="8692259819"/>
    <nd ref="8692259822"/>
    <nd ref="8692259820"/>
    <nd ref="8692259821"/>
    <tag k="highway" v="service"/>
    <tag k="name" v="Wiesenweg"/>
  </way>
  <way id="938253131">
    <nd ref="8692259822"/>
    <nd ref="8692259823"/>
    <tag k="highway" v="service"/>
  </way>
  <way id="938315215">
    <nd ref="8692870843"/>
    <nd ref="8692870844"/>
    <tag k="highway" v="service"/>
  </way>
  <way id="938317637">
    <nd ref="257955526"/>
    <nd ref="8692892730"/>
    <nd ref="8692892731"/>
    <nd ref="8692892732"/>
    <nd ref="8692892733"/>
    <nd ref="2099581432"/>
    <tag k="highway" v="service"/>
    <tag k="surface" v="asphalt"/>
  </way>
  <way id="938372485">
    <nd ref="8693410150"/>
    <nd ref="8693410151"/>
    <nd ref="8693410152"/>
    <nd ref="8693410153"/>
    <nd ref="8693410154"/>
    <nd ref="8693410155"/>
    <nd ref="8693410156"/>
    <nd ref="8693410157"/>
    <nd ref="8693410158"/>
    <nd ref="8693410159"/>
    <tag k="highway" v="service"/>
  </way>
  <way id="938393459">
    <nd ref="8693573574"/>
    <nd ref="8693573575"/>
    <nd ref="8693573576"/>
    <tag k="highway" v="service"/>
  </way>
  <way id="938412186">
    <nd ref="616967008"/>
    <nd ref="8693770178"/>
    <nd ref="8693770179"/>
    <nd ref="8693770180"/>
    <nd ref="8693770181"/>
    <nd ref="8693770182"/>
    <nd ref="8693770183"/>
    <nd ref="8693770184"/>
    <nd ref="8693770185"/>
    <nd ref="8693770186"/>
    <nd ref="8693770187"/>
    <nd ref="8693770188"/>
    <tag k="highway" v="service"/>
  </way>
  <way id="939726306">
    <nd ref="8704552057"/>
    <nd ref="8704552059"/>
    <nd ref="8704552058"/>
    <tag k="highway" v="service"/>
  </way>
  <way id="939726307">
    <nd ref="8704552059"/>
    <nd ref="8704552060"/>
    <nd ref="8704552061"/>
    <nd ref="8704552062"/>
    <tag k="highway" v="service"/>
  </way>
  <way id="940946962">
    <nd ref="2181234760"/>
    <nd ref="8714379568"/>
    <nd ref="8714379569"/>
    <tag k="highway" v="track"/>
  </way>
  <way id="940946963">
    <nd ref="2181234755"/>
    <nd ref="8714379570"/>
    <nd ref="8714379571"/>
    <nd ref="8714379572"/>
    <nd ref="8714379573"/>
    <nd ref="8714379574"/>
    <nd ref="8714379575"/>
    <nd ref="8714379578"/>
    <nd ref="8714379576"/>
    <nd ref="8714379577"/>
    <tag k="highway" v="track"/>
  </way>
  <way id="941113414">
    <nd ref="7406174484"/>
    <nd ref="8868882003"/>
    <nd ref="8715734878"/>
    <nd ref="8715734877"/>
    <nd ref="8715734876"/>
    <nd ref="8715734875"/>
    <nd ref="8715734874"/>
    <nd ref="8715734873"/>
    <nd ref="8715734872"/>
    <nd ref="2056592986"/>
    <tag k="highway" v="track"/>
    <tag k="mtb:scale" v="0"/>
    <tag k="smoothness" v="horrible"/>
    <tag k="surface" v="earth"/>
    <tag k="tracktype" v="grade3"/>
  </way>
  <way id="945166683">
    <nd ref="8750314120"/>
    <nd ref="8750314119"/>
    <tag k="highway" v="service"/>
  </way>
  <way id="945166689">
    <nd ref="8750314191"/>
    <nd ref="8750314188"/>
    <tag k="highway" v="service"/>
  </way>
  <way id="945166690">
    <nd ref="8750314194"/>
    <nd ref="8750314193"/>
    <nd ref="8750314192"/>
    <nd ref="8750314191"/>
    <nd ref="8750314190"/>
    <nd ref="8750314189"/>
    <tag k="highway" v="service"/>
  </way>
  <way id="945166693">
    <nd ref="2688929968"/>
    <nd ref="8750315820"/>
    <nd ref="8750315819"/>
    <nd ref="8750315818"/>
    <nd ref="8750315817"/>
    <nd ref="8750314216"/>
    <nd ref="8750314215"/>
    <nd ref="8750314214"/>
    <nd ref="8750314213"/>
    <nd ref="8750314212"/>
    <nd ref="8750314211"/>
    <tag k="highway" v="service"/>
  </way>
  <way id="945166694">
    <nd ref="8750315822"/>
    <nd ref="8750315821"/>
    <tag k="highway" v="service"/>
  </way>
  <way id="945166697">
    <nd ref="8750315835"/>
    <nd ref="8750315831"/>
    <tag k="highway" v="service"/>
  </way>
  <way id="945166698">
    <nd ref="8750315838"/>
    <nd ref="8750315837"/>
    <nd ref="8750315836"/>
    <nd ref="8750315835"/>
    <nd ref="8750315834"/>
    <nd ref="8750315833"/>
    <nd ref="8750315832"/>
    <tag k="highway" v="service"/>
  </way>
  <way id="945166699">
    <nd ref="8750315853"/>
    <nd ref="8750315852"/>
    <nd ref="8750315851"/>
    <nd ref="8750315850"/>
    <nd ref="8750315849"/>
    <nd ref="8750315848"/>
    <nd ref="8750315847"/>
    <nd ref="8750315846"/>
    <nd ref="8750315845"/>
    <nd ref="8750315844"/>
    <nd ref="8750315843"/>
    <nd ref="8750315842"/>
    <nd ref="8750315841"/>
    <nd ref="8750315840"/>
    <nd ref="8750315839"/>
    <tag k="highway" v="footway"/>
  </way>
  <way id="945166700">
    <nd ref="8750315856"/>
    <nd ref="8750315841"/>
    <nd ref="8750315855"/>
    <nd ref="8750315854"/>
    <tag k="highway" v="service"/>
  </way>
  <way id="945214046">
    <nd ref="461781674"/>
    <nd ref="8750689730"/>
    <nd ref="8750689729"/>
    <nd ref="8750689728"/>
    <nd ref="8750689727"/>
    <nd ref="8750689726"/>
    <nd ref="8750689725"/>
    <nd ref="8750675011"/>
    <nd ref="8750689724"/>
    <nd ref="8750689723"/>
    <nd ref="8750689722"/>
    <nd ref="8750689721"/>
    <nd ref="8750689720"/>
    <nd ref="8750689719"/>
    <nd ref="8750689718"/>
    <nd ref="8750689717"/>
    <nd ref="8750675016"/>
    <nd ref="8750675015"/>
    <nd ref="8750675014"/>
    <nd ref="8750675013"/>
    <nd ref="8750675012"/>
    <nd ref="8750675011"/>
    <tag k="highway" v="track"/>
    <tag k="tracktype" v="grade2"/>
  </way>
  <way id="945214060">
    <nd ref="8750689877"/>
    <nd ref="8750689876"/>
    <nd ref="8750689875"/>
    <tag k="highway" v="service"/>
  </way>
  <way id="949202381">
    <nd ref="8100294685"/>
    <nd ref="366635873"/>
    <nd ref="257926832"/>
    <tag k="highway" v="unclassified"/>
    <tag k="name" v="Eggenberger Straße"/>
    <tag k="surface" v="asphalt"/>
  </way>
  <way id="951898366">
    <nd ref="8810680161"/>
    <nd ref="8810680162"/>
    <nd ref="8812520341"/>
    <nd ref="8812520342"/>
    <tag k="highway" v="service"/>
  </way>
  <way id="953268434">
    <nd ref="8823333996"/>
    <nd ref="8823333997"/>
    <nd ref="8823333998"/>
    <nd ref="8823333999"/>
    <nd ref="8823334000"/>
    <nd ref="8823334001"/>
    <nd ref="8823334002"/>
    <nd ref="8823334003"/>
    <tag k="access" v="private"/>
    <tag k="highway" v="service"/>
  </way>
  <way id="953268435">
    <nd ref="8682961869"/>
    <nd ref="8823334004"/>
    <nd ref="8823334005"/>
    <nd ref="8823334006"/>
    <nd ref="8823334007"/>
    <nd ref="8823334008"/>
    <nd ref="8823334009"/>
    <nd ref="8823334010"/>
    <tag k="access" v="private"/>
    <tag k="highway" v="service"/>
  </way>
  <way id="953268436">
    <nd ref="8823334011"/>
    <nd ref="8823334012"/>
    <tag k="access" v="private"/>
    <tag k="highway" v="service"/>
  </way>
  <way id="953812279">
    <nd ref="17205444"/>
    <nd ref="5804509560"/>
    <nd ref="613579261"/>
    <nd ref="8828071395"/>
    <tag k="foot" v="yes"/>
    <tag k="highway" v="secondary"/>
    <tag k="maxspeed" v="50"/>
    <tag k="name" v="Münchener Straße"/>
    <tag k="ref" v="St 2054"/>
    <tag k="surface" v="asphalt"/>
    <tag k="tmc" v="DE:27428"/>
  </way>
  <way id="958520620">
    <nd ref="7414049423"/>
    <nd ref="8868882006"/>
    <nd ref="8868882005"/>
    <nd ref="8868882004"/>
    <nd ref="8868882003"/>
    <tag k="highway" v="track"/>
    <tag k="mtb:scale" v="0"/>
    <tag k="smoothness" v="horrible"/>
    <tag k="surface" v="earth"/>
    <tag k="tracktype" v="grade4"/>
  </way>
  <way id="964565954">
    <nd ref="8922179598"/>
    <nd ref="8922179599"/>
    <nd ref="8922179600"/>
    <nd ref="8922179601"/>
    <nd ref="8922179602"/>
    <nd ref="8922179603"/>
    <nd ref="8922179604"/>
    <nd ref="8922179605"/>
    <tag k="highway" v="service"/>
    <tag k="service" v="driveway"/>
  </way>
  <way id="967853435">
    <nd ref="8954127653"/>
    <nd ref="8954127654"/>
    <nd ref="8954127655"/>
    <tag k="highway" v="service"/>
    <tag k="service" v="driveway"/>
  </way>
  <way id="970122281">
    <nd ref="257957083"/>
    <nd ref="366188402"/>
    <nd ref="11257758634"/>
    <nd ref="257957084"/>
    <nd ref="616211698"/>
    <nd ref="26167410"/>
    <nd ref="3809866392"/>
    <nd ref="616211699"/>
    <nd ref="3809866391"/>
    <nd ref="257957085"/>
    <tag k="highway" v="secondary"/>
    <tag k="lane_markings" v="no"/>
    <tag k="lcn" v="yes"/>
    <tag k="maxspeed" v="50"/>
    <tag k="name" v="Ampertalstraße"/>
    <tag k="ref" v="St 2054"/>
    <tag k="surface" v="asphalt"/>
    <tag k="tmc" v="DE:27428/35055"/>
  </way>
  <way id="970163716">
    <nd ref="17205295"/>
    <nd ref="257917821"/>
    <nd ref="11756372760"/>
    <nd ref="366601786"/>
    <tag k="bdouble" v="yes"/>
    <tag k="foot" v="yes"/>
    <tag k="highway" v="secondary"/>
    <tag k="maxspeed" v="50"/>
    <tag k="ref" v="St 2054"/>
    <tag k="surface" v="asphalt"/>
    <tag k="tmc" v="DE:27427/27428"/>
  </way>
  <way id="987598668">
    <nd ref="9128631940"/>
    <nd ref="257957622"/>
    <nd ref="616567012"/>
    <nd ref="20910682"/>
    <tag k="highway" v="residential"/>
    <tag k="maxspeed" v="30"/>
    <tag k="name" v="Von-Behring-Straße"/>
    <tag k="sidewalk" v="right"/>
    <tag k="surface" v="asphalt"/>
  </way>
  <way id="988055781">
    <nd ref="9132718258"/>
    <nd ref="366656555"/>
    <nd ref="257958781"/>
    <tag k="highway" v="residential"/>
    <tag k="maxspeed" v="30"/>
    <tag k="name" v="Grassingerstraße"/>
    <tag k="sidewalk" v="right"/>
    <tag k="surface" v="asphalt"/>
  </way>
  <way id="988063629">
    <nd ref="9132793237"/>
    <nd ref="366188613"/>
    <tag k="highway" v="residential"/>
    <tag k="maxspeed" v="30"/>
    <tag k="name" v="Abt-Joseph-Straße"/>
    <tag k="sidewalk" v="no"/>
    <tag k="surface" v="asphalt"/>
  </way>
  <way id="996125675">
    <nd ref="21518691"/>
    <nd ref="8250799539"/>
    <tag k="highway" v="unclassified"/>
    <tag k="lit" v="yes"/>
    <tag k="maxspeed" v="50"/>
    <tag k="name" v="Mühlenstraße"/>
    <tag k="surface" v="asphalt"/>
  </way>
  <way id="996974194">
    <nd ref="9199349295"/>
    <nd ref="17205302"/>
    <nd ref="2104237918"/>
    <nd ref="2173395158"/>
    <nd ref="613361549"/>
    <nd ref="17205295"/>
    <tag k="highway" v="unclassified"/>
    <tag k="lit" v="yes"/>
    <tag k="maxspeed" v="50"/>
    <tag k="name" v="Mühlenstraße"/>
  </way>
  <way id="1017432438">
    <nd ref="9384457099"/>
    <nd ref="9384457098"/>
    <nd ref="9384457097"/>
    <nd ref="9384457101"/>
    <tag k="highway" v="service"/>
    <tag k="service" v="driveway"/>
  </way>
  <way id="1017432439">
    <nd ref="287162165"/>
    <nd ref="9384457103"/>
    <nd ref="9384457102"/>
    <nd ref="9384457101"/>
    <nd ref="9384457100"/>
    <nd ref="9384457104"/>
    <tag k="highway" v="service"/>
    <tag k="service" v="driveway"/>
  </way>
  <way id="1017432440">
    <nd ref="9384457108"/>
    <nd ref="9384457107"/>
    <tag k="handrail" v="yes"/>
    <tag k="handrail:left" v="yes"/>
    <tag k="highway" v="steps"/>
    <tag k="incline" v="up"/>
    <tag k="lit" v="yes"/>
    <tag k="winter_service" v="no"/>
  </way>
  <way id="1017432442">
    <nd ref="9384457121"/>
    <nd ref="9384457116"/>
    <nd ref="9384457138"/>
    <tag k="highway" v="path"/>
  </way>
  <way id="1017432443">
    <nd ref="9384457148"/>
    <nd ref="9384457128"/>
    <nd ref="9384457129"/>
    <nd ref="9384457130"/>
    <nd ref="9384457131"/>
    <nd ref="9384457117"/>
    <nd ref="9384457118"/>
    <nd ref="9384457119"/>
    <nd ref="9384457120"/>
    <nd ref="9384457121"/>
    <nd ref="9384457122"/>
    <nd ref="9384457123"/>
    <nd ref="9384457124"/>
    <nd ref="9384457125"/>
    <nd ref="9384457126"/>
    <nd ref="9384457127"/>
    <nd ref="9384457128"/>
    <tag k="highway" v="path"/>
  </way>
  <way id="1017432445">
    <nd ref="287161950"/>
    <nd ref="287161951"/>
    <nd ref="9384457141"/>
    <nd ref="287161952"/>
    <tag k="highway" v="service"/>
    <tag k="service" v="driveway"/>
  </way>
  <way id="1017432446">
    <nd ref="9384457144"/>
    <nd ref="9384457143"/>
    <nd ref="9384457147"/>
    <nd ref="9384457149"/>
    <tag k="highway" v="service"/>
    <tag k="service" v="driveway"/>
  </way>
  <way id="1017432447">
    <nd ref="9384457146"/>
    <nd ref="9384457148"/>
    <tag k="handrail" v="yes"/>
    <tag k="handrail:right" v="yes"/>
    <tag k="highway" v="steps"/>
    <tag k="incline" v="up"/>
    <tag k="lit" v="no"/>
    <tag k="winter_service" v="no"/>
  </way>
  <way id="1017432448">
    <nd ref="9384457149"/>
    <nd ref="9384457146"/>
    <tag k="highway" v="path"/>
  </way>
  <way id="1024849207">
    <nd ref="260548050"/>
    <nd ref="11257723422"/>
    <nd ref="9449861663"/>
    <nd ref="260548049"/>
    <tag k="highway" v="living_street"/>
  </way>
  <way id="1034573807">
    <nd ref="26539240"/>
    <nd ref="8496631269"/>
    <nd ref="695193414"/>
    <nd ref="260400292"/>
    <nd ref="260400295"/>
    <nd ref="26539241"/>
    <nd ref="260400181"/>
    <nd ref="695171151"/>
    <nd ref="26539242"/>
    <nd ref="695171194"/>
    <nd ref="260399960"/>
    <nd ref="8827956188"/>
    <nd ref="260399988"/>
    <nd ref="8556094002"/>
    <nd ref="841770410"/>
    <nd ref="26539243"/>
    <nd ref="260400018"/>
    <nd ref="8251292264"/>
    <nd ref="260400042"/>
    <nd ref="560334065"/>
    <nd ref="26539244"/>
    <nd ref="260400043"/>
    <nd ref="26539245"/>
    <nd ref="560334090"/>
    <nd ref="2689017848"/>
    <tag k="foot" v="yes"/>
    <tag k="highway" v="secondary"/>
    <tag k="lcn" v="yes"/>
    <tag k="maxspeed" v="50"/>
    <tag k="name" v="Atterstraße"/>
    <tag k="ref" v="St 2084"/>
    <tag k="source:maxspeed" v="DE:urban"/>
    <tag k="surface" v="asphalt"/>
  </way>
  <way id="1034574305">
    <nd ref="21494862"/>
    <nd ref="21494863"/>
    <nd ref="21494845"/>
    <nd ref="21494848"/>
    <tag k="highway" v="unclassified"/>
  </way>
  <way id="1044794792">
    <nd ref="385663785"/>
    <nd ref="9613385540"/>
    <nd ref="9613385539"/>
    <nd ref="9613385538"/>
    <nd ref="9613385537"/>
    <nd ref="9613385536"/>
    <nd ref="9613385535"/>
    <tag k="highway" v="track"/>
    <tag k="tracktype" v="grade5"/>
  </way>
  <way id="1044794793">
    <nd ref="259145227"/>
    <nd ref="9613385544"/>
    <nd ref="9613385543"/>
    <nd ref="9613385542"/>
    <nd ref="9613385541"/>
    <tag k="highway" v="track"/>
    <tag k="tracktype" v="grade4"/>
  </way>
  <way id="1064232013">
    <nd ref="257968997"/>
    <nd ref="257965609"/>
    <nd ref="613348748"/>
    <nd ref="257965608"/>
    <nd ref="7786278445"/>
    <nd ref="257965607"/>
    <tag k="highway" v="residential"/>
    <tag k="maxspeed" v="50"/>
    <tag k="name" v="Kesselbodenstraße"/>
  </way>
  <way id="1090144224">
    <nd ref="9985473011"/>
    <nd ref="4081818346"/>
    <nd ref="2152544318"/>
    <tag k="highway" v="service"/>
    <tag k="service" v="drive-through"/>
  </way>
  <way id="1090144225">
    <nd ref="9985473012"/>
    <nd ref="9985473011"/>
    <tag k="covered" v="yes"/>
    <tag k="highway" v="service"/>
    <tag k="service" v="drive-through"/>
    <tag k="tunnel" v="building_passage"/>
  </way>
  <way id="1090144226">
    <nd ref="9985473013"/>
    <nd ref="2152542149"/>
    <nd ref="2152542152"/>
    <tag k="highway" v="service"/>
    <tag k="service" v="drive-through"/>
  </way>
  <way id="1090144227">
    <nd ref="9985473014"/>
    <nd ref="9985473013"/>
    <tag k="covered" v="yes"/>
    <tag k="highway" v="service"/>
    <tag k="service" v="drive-through"/>
    <tag k="tunnel" v="building_passage"/>
  </way>
  <way id="1090144555">
    <nd ref="9985476211"/>
    <nd ref="4081810217"/>
    <tag k="covered" v="yes"/>
    <tag k="highway" v="service"/>
    <tag k="service" v="driveway"/>
  </way>
  <way id="1090144556">
    <nd ref="9985476212"/>
    <nd ref="9985476211"/>
    <tag k="covered" v="yes"/>
    <tag k="highway" v="service"/>
    <tag k="service" v="driveway"/>
  </way>
  <way id="1090144557">
    <nd ref="9985476214"/>
    <nd ref="4081810217"/>
    <nd ref="9985476213"/>
    <tag k="covered" v="yes"/>
    <tag k="highway" v="service"/>
    <tag k="service" v="driveway"/>
  </way>
  <way id="1090144558">
    <nd ref="9985476216"/>
    <nd ref="2478967002"/>
    <nd ref="9985476214"/>
    <tag k="highway" v="service"/>
    <tag k="service" v="driveway"/>
  </way>
  <way id="1090144559">
    <nd ref="9985476215"/>
    <nd ref="9985476216"/>
    <tag k="covered" v="yes"/>
    <tag k="highway" v="service"/>
    <tag k="service" v="driveway"/>
  </way>
  <way id="1184037806">
    <nd ref="3199307546"/>
    <nd ref="10995577321"/>
    <nd ref="10995577320"/>
    <tag k="highway" v="track"/>
    <tag k="tracktype" v="grade4"/>
  </way>
  <way id="1189226671">
    <nd ref="11042852210"/>
    <nd ref="11042852211"/>
    <nd ref="11042852212"/>
    <tag k="highway" v="track"/>
  </way>
  <way id="1189226673">
    <nd ref="11042852214"/>
    <nd ref="11042852215"/>
    <nd ref="11042852216"/>
    <nd ref="11042852217"/>
    <nd ref="11042852218"/>
    <nd ref="11042852210"/>
    <nd ref="11042852219"/>
    <nd ref="11042852220"/>
    <nd ref="11042852222"/>
    <nd ref="539416781"/>
    <tag k="highway" v="track"/>
  </way>
  <way id="1189226674">
    <nd ref="11042852222"/>
    <nd ref="539416779"/>
    <nd ref="11042852221"/>
    <tag k="highway" v="track"/>
  </way>
  <way id="1189226675">
    <nd ref="11042852228"/>
    <nd ref="11042852227"/>
    <nd ref="11042852226"/>
    <nd ref="11042852225"/>
    <nd ref="11042852223"/>
    <nd ref="11042852224"/>
    <nd ref="539415524"/>
    <tag k="highway" v="track"/>
  </way>
  <way id="1189226676">
    <nd ref="11042852223"/>
    <nd ref="11042852229"/>
    <tag k="highway" v="path"/>
    <tag k="informal" v="yes"/>
  </way>
  <way id="1199956828">
    <nd ref="366604973"/>
    <nd ref="11128428764"/>
    <nd ref="13564212725"/>
    <nd ref="540699794"/>
    <nd ref="540699797"/>
    <nd ref="13564212729"/>
    <tag k="highway" v="track"/>
    <tag k="source" v="Yahoo"/>
    <tag k="tracktype" v="grade4"/>
  </way>
  <way id="1204101249">
    <nd ref="260547330"/>
    <nd ref="260547331"/>
    <nd ref="260547332"/>
    <tag k="highway" v="residential"/>
    <tag k="maxspeed" v="30"/>
    <tag k="maxweight" v="3.5"/>
    <tag k="maxweight:conditional" v="none @ destination"/>
    <tag k="name" v="Am Amperknie"/>
  </way>
  <way id="1204101250">
    <nd ref="260547332"/>
    <nd ref="11160350764"/>
    <tag k="highway" v="track"/>
  </way>
  <way id="1214492059">
    <nd ref="538799176"/>
    <nd ref="11252513718"/>
    <nd ref="11252513721"/>
    <nd ref="11252513717"/>
    <nd ref="11252513720"/>
    <nd ref="11252513715"/>
    <nd ref="11252513719"/>
    <nd ref="11252513716"/>
    <nd ref="538799168"/>
    <tag k="highway" v="unclassified"/>
  </way>
  <way id="1214492966">
    <nd ref="11252506924"/>
    <nd ref="11252506925"/>
    <nd ref="616967011"/>
    <tag k="highway" v="service"/>
    <tag k="service" v="driveway"/>
  </way>
  <way id="1214492967">
    <nd ref="11252506927"/>
    <nd ref="11252506926"/>
    <tag k="highway" v="service"/>
    <tag k="service" v="driveway"/>
  </way>
  <way id="1215080530">
    <nd ref="260548088"/>
    <nd ref="11257723412"/>
    <nd ref="260548091"/>
    <tag k="highway" v="living_street"/>
    <tag k="maxweight" v="3.5"/>
    <tag k="maxweight:conditional" v="none @ agricultural; destination"/>
    <tag k="name" v="Kirchstraße"/>
  </way>
  <way id="1215080531">
    <nd ref="393396402"/>
    <nd ref="393396403"/>
    <tag k="bicycle" v="designated"/>
    <tag k="foot" v="designated"/>
    <tag k="highway" v="path"/>
  </way>
  <way id="1215080533">
    <nd ref="260548088"/>
    <nd ref="11257723419"/>
    <nd ref="393396403"/>
    <tag k="highway" v="living_street"/>
    <tag k="name" v="Kirchstraße"/>
  </way>
  <way id="1215081569">
    <nd ref="260548049"/>
    <nd ref="11257723427"/>
    <nd ref="260548050"/>
    <tag k="highway" v="living_street"/>
  </way>
  <way id="1215083969">
    <nd ref="11257723412"/>
    <nd ref="11257758624"/>
    <tag k="highway" v="service"/>
    <tag k="service" v="driveway"/>
  </way>
  <way id="1215083970">
    <nd ref="366634679"/>
    <nd ref="11257758629"/>
    <nd ref="11257758625"/>
    <tag k="highway" v="service"/>
    <tag k="maxspeed" v="30"/>
    <tag k="service" v="driveway"/>
  </way>
  <way id="1215288648">
    <nd ref="11259550346"/>
    <nd ref="2161021587"/>
    <nd ref="260548091"/>
    <tag k="bicycle" v="no"/>
    <tag k="foot" v="yes"/>
    <tag k="highway" v="path"/>
  </way>
  <way id="1232125256">
    <nd ref="21666661"/>
    <nd ref="2864919184"/>
    <nd ref="257903903"/>
    <nd ref="2864919182"/>
    <nd ref="21666470"/>
    <nd ref="552759615"/>
    <nd ref="11428431630"/>
    <tag k="highway" v="unclassified"/>
    <tag k="maxspeed" v="60"/>
    <tag k="name" v="Flurstraße"/>
    <tag k="surface" v="asphalt"/>
  </way>
  <way id="1232374407">
    <nd ref="11431588319"/>
    <nd ref="11431588318"/>
    <nd ref="11431588317"/>
    <nd ref="11431588316"/>
    <nd ref="11431588315"/>
    <nd ref="11431588314"/>
    <nd ref="11431588313"/>
    <nd ref="11431588312"/>
    <nd ref="11431588311"/>
    <nd ref="11431588310"/>
    <nd ref="11431588309"/>
    <nd ref="11431588308"/>
    <nd ref="11431588307"/>
    <nd ref="11431588306"/>
    <nd ref="11431588305"/>
    <nd ref="11431588304"/>
    <tag k="highway" v="footway"/>
    <tag k="surface" v="asphalt"/>
  </way>
  <way id="1243620176">
    <nd ref="27156026"/>
    <nd ref="26044249"/>
    <tag k="foot" v="yes"/>
    <tag k="highway" v="secondary"/>
    <tag k="lanes" v="2"/>
    <tag k="lit" v="yes"/>
    <tag k="maxspeed" v="50"/>
    <tag k="name" v="Münchner Straße"/>
    <tag k="ref" v="St 2054"/>
    <tag k="surface" v="asphalt"/>
    <tag k="tmc" v="DE:35055/27429"/>
  </way>
  <way id="1265615198">
    <nd ref="554166966"/>
    <nd ref="554166965"/>
    <tag k="highway" v="service"/>
    <tag k="oneway" v="yes"/>
    <tag k="source" v="Yahoo / YWMS"/>
  </way>
  <way id="1284822770">
    <nd ref="8828071394"/>
    <nd ref="17216147"/>
    <nd ref="17205457"/>
    <tag k="highway" v="tertiary"/>
    <tag k="maxspeed" v="50"/>
    <tag k="parking:both" v="no"/>
    <tag k="ref" v="FS 6"/>
    <tag k="surface" v="asphalt"/>
    <tag k="tmc" v="DE:35041/35042"/>
  </way>
  <way id="1284822771">
    <nd ref="21493706"/>
    <nd ref="8704552062"/>
    <nd ref="8704552058"/>
    <nd ref="8828071393"/>
    <tag k="highway" v="tertiary"/>
    <tag k="maxspeed" v="50"/>
    <tag k="parking:both" v="no"/>
    <tag k="ref" v="FS 6"/>
    <tag k="surface" v="asphalt"/>
    <tag k="tmc" v="DE:35041/35042"/>
  </way>
  <way id="1297156708">
    <nd ref="2266571061"/>
    <nd ref="26424687"/>
    <nd ref="2266571070"/>
    <nd ref="443620099"/>
    <nd ref="564914785"/>
    <nd ref="26424688"/>
    <nd ref="7566419739"/>
    <nd ref="260589934"/>
    <tag k="bicycle" v="use_sidepath"/>
    <tag k="foot" v="use_sidepath"/>
    <tag k="highway" v="tertiary"/>
    <tag k="lanes" v="2"/>
    <tag k="maxspeed" v="100"/>
    <tag k="oneway" v="no"/>
    <tag k="ref" v="FS 24"/>
    <tag k="smoothness" v="good"/>
    <tag k="source:maxspeed" v="DE:rural"/>
    <tag k="surface" v="asphalt"/>
    <tag k="width" v="6.0"/>
  </way>
  <way id="1378161539">
    <nd ref="12760605918"/>
    <nd ref="12760605908"/>
    <tag k="highway" v="footway"/>
  </way>
  <way id="1378161540">
    <nd ref="12760605914"/>
    <nd ref="12760605913"/>
    <nd ref="12760605912"/>
    <nd ref="12760605917"/>
    <nd ref="12760605911"/>
    <nd ref="12760605910"/>
    <nd ref="12760605909"/>
    <nd ref="13108521928"/>
    <nd ref="13108521927"/>
    <nd ref="13108521926"/>
    <nd ref="13108521925"/>
    <nd ref="13108521924"/>
    <nd ref="13108521923"/>
    <tag k="highway" v="footway"/>
    <tag k="surface" v="paving_stones"/>
  </way>
  <way id="1378161541">
    <nd ref="12760605930"/>
    <nd ref="12760605920"/>
    <nd ref="12760605919"/>
    <nd ref="12760605918"/>
    <nd ref="12760605916"/>
    <nd ref="12760605917"/>
    <tag k="highway" v="footway"/>
  </way>
  <way id="1378161542">
    <nd ref="12760605936"/>
    <nd ref="12760605915"/>
    <nd ref="12760605930"/>
    <nd ref="2688838891"/>
    <nd ref="12760605929"/>
    <nd ref="12760605928"/>
    <nd ref="12760605927"/>
    <nd ref="12760605926"/>
    <nd ref="12760605925"/>
    <nd ref="12760605921"/>
    <nd ref="12760605922"/>
    <nd ref="12760605923"/>
    <nd ref="12760605924"/>
    <tag k="highway" v="footway"/>
    <tag k="surface" v="paving_stones"/>
  </way>
  <way id="1378161544">
    <nd ref="257926615"/>
    <nd ref="12760605907"/>
    <nd ref="12760605906"/>
    <nd ref="12760605905"/>
    <nd ref="12760605904"/>
    <nd ref="12760605903"/>
    <nd ref="12760605902"/>
    <nd ref="12760605901"/>
    <nd ref="2688838887"/>
    <nd ref="12760605935"/>
    <nd ref="12760605936"/>
    <nd ref="12760605937"/>
    <nd ref="12760605938"/>
    <nd ref="12760605939"/>
    <nd ref="12760605940"/>
    <nd ref="12760605941"/>
    <nd ref="12760605942"/>
    <nd ref="12760605943"/>
    <nd ref="12760605944"/>
    <tag k="highway" v="footway"/>
  </way>
  <way id="1423305680">
    <nd ref="7363564849"/>
    <nd ref="26424993"/>
    <tag k="highway" v="track"/>
    <tag k="tracktype" v="grade2"/>
  </way>
  <way id="1423305681">
    <nd ref="257949594"/>
    <nd ref="7363564850"/>
    <tag k="highway" v="track"/>
    <tag k="tracktype" v="grade2"/>
  </way>
  <way id="1423305682">
    <nd ref="13081783572"/>
    <nd ref="13081783573"/>
    <nd ref="13081783574"/>
    <nd ref="13081783575"/>
    <nd ref="13081783576"/>
    <nd ref="13081783577"/>
    <nd ref="13081783578"/>
    <nd ref="13081783572"/>
    <tag k="highway" v="rest_area"/>
  </way>
  <way id="1426011419">
    <nd ref="13108521923"/>
    <nd ref="13108521922"/>
    <tag k="bridge" v="yes"/>
    <tag k="highway" v="footway"/>
    <tag k="layer" v="1"/>
  </way>
  <way id="1426011420">
    <nd ref="13108521922"/>
    <nd ref="13108521921"/>
    <nd ref="13108521920"/>
    <nd ref="13108521919"/>
    <nd ref="13108521918"/>
    <tag k="highway" v="footway"/>
    <tag k="surface" v="asphalt"/>
  </way>
  <way id="1427934632">
    <nd ref="257949040"/>
    <nd ref="257949074"/>
    <tag k="highway" v="residential"/>
    <tag k="maxspeed" v="30"/>
    <tag k="name" v="Von-Sickenhauser-Straße"/>
    <tag k="surface" v="asphalt"/>
  </way>
  <way id="1427934633">
    <nd ref="257954945"/>
    <nd ref="13127652780"/>
    <nd ref="13127652777"/>
    <nd ref="13127652778"/>
    <nd ref="13127652779"/>
    <nd ref="2154037814"/>
    <tag k="highway" v="living_street"/>
    <tag k="name" v="Fliederweg"/>
  </way>
  <way id="1427934634">
    <nd ref="13127652780"/>
    <nd ref="13127652781"/>
    <tag k="highway" v="living_street"/>
  </way>
  <way id="1427934635">
    <nd ref="257959234"/>
    <nd ref="366633084"/>
    <nd ref="366633085"/>
    <nd ref="366633086"/>
    <nd ref="366633087"/>
    <nd ref="366633088"/>
    <nd ref="366633089"/>
    <nd ref="366633090"/>
    <tag k="highway" v="living_street"/>
    <tag k="name" v="Drosselweg"/>
  </way>
  <way id="1454503076">
    <nd ref="366634748"/>
    <nd ref="13339036147"/>
    <tag k="highway" v="track"/>
  </way>
  <way id="1454503077">
    <nd ref="13339036147"/>
    <nd ref="13339036148"/>
    <tag k="highway" v="track"/>
  </way>
  <way id="1454503078">
    <nd ref="13339036148"/>
    <nd ref="13339036149"/>
    <tag k="bridge" v="yes"/>
    <tag k="highway" v="track"/>
    <tag k="layer" v="1"/>
  </way>
  <way id="1454503079">
    <nd ref="13339036149"/>
    <nd ref="13339036150"/>
    <tag k="highway" v="track"/>
  </way>
  <way id="1456480395">
    <nd ref="567037595"/>
    <nd ref="13357471680"/>
    <nd ref="13357471681"/>
    <nd ref="13357471682"/>
    <tag k="highway" v="service"/>
    <tag k="name" v="Hackerfeldweg"/>
  </way>
  <way id="1478599824">
    <nd ref="257926732"/>
    <nd ref="7733218980"/>
    <nd ref="7733218976"/>
    <nd ref="540693025"/>
    <tag k="highway" v="track"/>
  </way>
  <way id="1478604860">
    <nd ref="366604854"/>
    <nd ref="13564453154"/>
    <nd ref="393434171"/>
    <nd ref="393434173"/>
    <nd ref="13564453155"/>
    <nd ref="13564453156"/>
    <nd ref="13564453167"/>
    <nd ref="13564526543"/>
    <nd ref="393434175"/>
    <tag k="highway" v="track"/>
    <tag k="tracktype" v="grade3"/>
  </way>
  <way id="1478647348">
    <nd ref="13564885982"/>
    <nd ref="13564885949"/>
    <nd ref="13564885950"/>
    <nd ref="13564885951"/>
    <nd ref="13564885952"/>
    <nd ref="13564885953"/>
    <nd ref="13564885954"/>
    <nd ref="13564885955"/>
    <nd ref="13564885956"/>
    <nd ref="13564885957"/>
    <tag k="highway" v="track"/>
    <tag k="tracktype" v="grade4"/>
  </way>
  <way id="1478647349">
    <nd ref="13564885982"/>
    <nd ref="13564885958"/>
    <nd ref="13564885959"/>
    <nd ref="13564885960"/>
    <nd ref="13564885927"/>
    <nd ref="13564885926"/>
    <tag k="highway" v="track"/>
    <tag k="tracktype" v="grade4"/>
  </way>
  <way id="1478647351">
    <nd ref="13564885990"/>
    <nd ref="13564885983"/>
    <nd ref="13564885984"/>
    <nd ref="13564885901"/>
    <nd ref="13564885982"/>
    <tag k="highway" v="track"/>
    <tag k="tracktype" v="grade5"/>
  </way>
  <way id="1478647353">
    <nd ref="13564886007"/>
    <nd ref="13564886008"/>
    <nd ref="13564886009"/>
    <nd ref="13564886010"/>
    <nd ref="13564886011"/>
    <nd ref="13564886012"/>
    <nd ref="13564886013"/>
    <tag k="highway" v="track"/>
    <tag k="tracktype" v="grade5"/>
  </way>
  <way id="1478651075">
    <nd ref="540707553"/>
    <nd ref="13564917154"/>
    <nd ref="13564917155"/>
    <nd ref="13564917153"/>
    <nd ref="13564917152"/>
    <tag k="highway" v="track"/>
    <tag k="tracktype" v="grade5"/>
  </way>
  <way id="1478687965">
    <nd ref="540693142"/>
    <nd ref="540693148"/>
    <nd ref="540693155"/>
    <nd ref="13565453649"/>
    <nd ref="540693165"/>
    <nd ref="540693172"/>
    <nd ref="540693177"/>
    <nd ref="13565453650"/>
    <nd ref="13565444198"/>
    <nd ref="13565453651"/>
    <nd ref="13565453601"/>
    <nd ref="540747151"/>
    <tag k="highway" v="track"/>
    <tag k="source" v="Yahoo"/>
    <tag k="tracktype" v="grade4"/>
  </way>
  <way id="1478706099">
    <nd ref="7406228603"/>
    <nd ref="13565655443"/>
    <nd ref="7406228602"/>
    <nd ref="7406228601"/>
    <tag k="highway" v="track"/>
    <tag k="tracktype" v="grade4"/>
  </way>
  <way id="1478706100">
    <nd ref="13565655485"/>
    <nd ref="257969237"/>
    <nd ref="13565655486"/>
    <tag k="highway" v="track"/>
    <tag k="tracktype" v="grade5"/>
  </way>
  <way id="1478706105">
    <nd ref="393656392"/>
    <nd ref="13565667228"/>
    <nd ref="13565667225"/>
    <nd ref="257969236"/>
    <tag k="highway" v="track"/>
    <tag k="tracktype" v="grade5"/>
  </way>
  <way id="1478706108">
    <nd ref="257969236"/>
    <nd ref="13565667226"/>
    <nd ref="13565667211"/>
    <nd ref="13565667227"/>
    <tag k="highway" v="track"/>
    <tag k="tracktype" v="grade5"/>
  </way>
  <way id="1478706109">
    <nd ref="257969236"/>
    <nd ref="257969237"/>
    <tag k="highway" v="track"/>
    <tag k="tracktype" v="grade4"/>
  </way>
  <way id="1489528783">
    <nd ref="13652942331"/>
    <nd ref="8100294698"/>
    <tag k="highway" v="service"/>
  </way>
  <way id="1517784421">
    <nd ref="13854093354"/>
    <nd ref="13854093353"/>
    <tag k="highway" v="service"/>
  </way>
  <way id="1517784422">
    <nd ref="13854093366"/>
    <nd ref="13854093356"/>
    <nd ref="13854093355"/>
    <tag k="highway" v="service"/>
  </way>
  <way id="1517784423">
    <nd ref="13854093358"/>
    <nd ref="13854093357"/>
    <tag k="highway" v="service"/>
  </way>
  <way id="1517784424">
    <nd ref="13854093367"/>
    <nd ref="13854093366"/>
    <nd ref="13854093365"/>
    <nd ref="13854093354"/>
    <nd ref="13854093364"/>
    <nd ref="13854093363"/>
    <nd ref="13854093362"/>
    <nd ref="13854093361"/>
    <nd ref="13854093360"/>
    <nd ref="13854093358"/>
    <nd ref="13854093359"/>
    <nd ref="13854093367"/>
    <tag k="highway" v="service"/>
    <tag k="junction" v="roundabout"/>
  </way>

</osm>
