sim_time,vehicle_id,rsu_id,attack_pct,real_speed_ms,poisoned_speed_ms,speed_shift_factor,spd_delta_ms,real_heading_rad,poisoned_heading_rad,hdg_delta_rad,alert_type,spd_adv_ms
7.0290,24,28,40,0.5300,0.7080,1.3359,0.1780,2.8068,2.7334,-0.0734,2,16.6650
7.0375,53,20,40,0.0000,0.0000,1.3357,0.0000,0.0000,-0.0733,-0.0733,2,16.6650
7.0458,56,20,40,0.0000,0.0000,1.3356,0.0000,0.0000,-0.0732,-0.0732,2,16.6650
7.0563,66,43,40,0.0000,0.0000,1.3355,0.0000,0.0000,-0.0731,-0.0731,2,16.6650
7.0600,78,18,40,0.0000,0.0000,1.3354,0.0000,0.0000,-0.0730,-0.0730,2,16.6650
7.0647,79,19,40,0.0000,0.0000,1.3353,0.0000,0.0000,-0.0730,-0.0730,2,16.6650
7.0743,96,19,40,0.0000,0.0000,1.3352,0.0000,0.0000,-0.0729,-0.0729,2,16.6650
7.0976,115,21,40,0.0000,0.0000,1.3348,0.0000,0.0000,-0.0726,-0.0726,2,16.6650
7.0984,127,46,40,0.0000,0.0000,1.3348,0.0000,0.0000,-0.0725,-0.0725,2,16.6650
7.1106,130,45,40,0.0000,0.0000,1.3346,0.0000,0.0000,-0.0724,-0.0724,2,16.6650
7.1134,24,28,40,0.5300,0.7073,1.3346,0.1773,2.8068,2.7345,-0.0723,2,16.6650
7.1349,53,20,40,0.0000,0.0000,1.3342,0.0000,0.0000,-0.0720,-0.0720,2,16.6650
7.1371,56,20,40,0.0000,0.0000,1.3342,0.0000,0.0000,-0.0720,-0.0720,2,16.6650
7.1445,66,43,40,0.0000,0.0000,1.3341,0.0000,0.0000,-0.0719,-0.0719,2,16.6650
7.1534,78,18,40,0.0000,0.0000,1.3339,0.0000,0.0000,-0.0718,-0.0718,2,16.6650
7.1542,79,19,40,0.0000,0.0000,1.3339,0.0000,0.0000,-0.0717,-0.0717,2,16.6650
7.1668,96,19,40,0.0000,0.0000,1.3337,0.0000,0.0000,-0.0716,-0.0716,2,16.6650
7.1809,115,21,40,0.0000,0.0000,1.3335,0.0000,0.0000,-0.0713,-0.0713,2,16.6650
7.1897,127,46,40,0.0000,0.0000,1.3333,0.0000,0.0000,-0.0712,-0.0712,2,16.6650
7.1920,130,45,40,0.0000,0.0000,1.3333,0.0000,0.0000,-0.0711,-0.0711,2,16.6650
7.2134,24,28,40,0.5300,0.7064,1.3329,0.1764,2.8068,2.7360,-0.0708,2,16.6650
7.2349,53,20,40,0.0000,0.0000,1.3326,0.0000,0.0000,-0.0704,-0.0704,2,16.6650
7.2371,56,20,40,0.0000,0.0000,1.3325,0.0000,0.0000,-0.0704,-0.0704,2,16.6650
7.2446,66,43,40,0.0000,0.0000,1.3324,0.0000,0.0000,-0.0702,-0.0702,2,16.6650
7.2534,78,18,40,0.0000,0.0000,1.3322,0.0000,0.0000,-0.0701,-0.0701,2,16.6650
7.2542,79,19,40,0.0000,0.0000,1.3322,0.0000,0.0000,-0.0700,-0.0700,2,16.6650
7.2668,96,19,40,0.0000,0.0000,1.3320,0.0000,0.0000,-0.0698,-0.0698,2,16.6650
7.2808,115,21,40,0.0000,0.0000,1.3318,0.0000,0.0000,-0.0695,-0.0695,2,16.6650
7.2897,127,46,40,0.0000,0.0000,1.3316,0.0000,0.0000,-0.0694,-0.0694,2,16.6650
7.2920,130,45,40,0.0000,0.0000,1.3316,0.0000,0.0000,-0.0693,-0.0693,2,16.6650
7.3134,24,28,40,0.5300,0.7055,1.3312,0.1755,2.8068,2.7379,-0.0689,2,16.6650
7.3349,53,20,40,0.0000,0.0000,1.3308,0.0000,0.0000,-0.0684,-0.0684,2,16.6650
7.3371,56,20,40,0.0000,0.0000,1.3308,0.0000,0.0000,-0.0684,-0.0684,2,16.6650
7.3446,66,43,40,0.0000,0.0000,1.3307,0.0000,0.0000,-0.0682,-0.0682,2,16.6650
7.3534,78,18,40,0.0000,0.0000,1.3305,0.0000,0.0000,-0.0680,-0.0680,2,16.6650
7.3542,79,19,40,0.0000,0.0000,1.3305,0.0000,0.0000,-0.0680,-0.0680,2,16.6650
7.3668,96,19,40,0.0000,0.0000,1.3303,0.0000,0.0000,-0.0677,-0.0677,2,16.6650
7.3808,115,21,40,0.0000,0.0000,1.3300,0.0000,0.0000,-0.0674,-0.0674,2,16.6650
7.3897,127,46,40,0.0000,0.0000,1.3298,0.0000,0.0000,-0.0672,-0.0672,2,16.6650
7.3920,130,45,40,0.0000,0.0000,1.3298,0.0000,0.0000,-0.0671,-0.0671,2,16.6650
7.4134,24,28,40,0.5300,0.7046,1.3294,0.1746,2.8068,2.7402,-0.0666,2,16.6650
7.4349,53,20,40,0.0000,0.0000,1.3290,0.0000,0.0000,-0.0661,-0.0661,2,16.6650
7.4371,56,20,40,0.0000,0.0000,1.3290,0.0000,0.0000,-0.0660,-0.0660,2,16.6650
7.4446,66,43,40,0.0000,0.0000,1.3288,0.0000,0.0000,-0.0659,-0.0659,2,16.6650
7.4534,78,18,40,0.0000,0.0000,1.3287,0.0000,0.0000,-0.0656,-0.0656,2,16.6650
7.4542,79,19,40,0.0000,0.0000,1.3287,0.0000,0.0000,-0.0656,-0.0656,2,16.6650
7.4668,96,19,40,0.0000,0.0000,1.3284,0.0000,0.0000,-0.0653,-0.0653,2,16.6650
7.4809,115,21,40,0.0000,0.0000,1.3282,0.0000,0.0000,-0.0649,-0.0649,2,16.6650
7.4897,127,46,40,0.0000,0.0000,1.3280,0.0000,0.0000,-0.0647,-0.0647,2,16.6650
7.4920,130,45,40,0.0000,0.0000,1.3280,0.0000,0.0000,-0.0646,-0.0646,2,16.6650
7.5134,24,28,40,0.5300,0.7036,1.3276,0.1736,2.8068,2.7427,-0.0641,2,16.6650
7.5349,53,20,40,0.0000,0.0000,1.3271,0.0000,0.0000,-0.0635,-0.0635,2,16.6650
7.5371,56,20,40,0.0000,0.0000,1.3271,0.0000,0.0000,-0.0634,-0.0634,2,16.6650
7.5445,66,43,40,0.0000,0.0000,1.3270,0.0000,0.0000,-0.0632,-0.0632,2,16.6650
7.5534,78,18,40,0.0000,0.0000,1.3268,0.0000,0.0000,-0.0629,-0.0629,2,16.6650
7.5542,79,19,40,0.0000,0.0000,1.3268,0.0000,0.0000,-0.0629,-0.0629,2,16.6650
7.5668,96,19,40,0.0000,0.0000,1.3265,0.0000,0.0000,-0.0626,-0.0626,2,16.6650
7.5808,115,21,40,0.0000,0.0000,1.3263,0.0000,0.0000,-0.0621,-0.0621,2,16.6650
7.5897,127,46,40,0.0000,0.0000,1.3261,0.0000,0.0000,-0.0619,-0.0619,2,16.6650
7.5920,130,45,40,0.0000,0.0000,1.3260,0.0000,0.0000,-0.0618,-0.0618,2,16.6650
7.6134,24,28,40,0.5300,0.7026,1.3256,0.1726,2.8068,2.7456,-0.0612,2,16.6650
7.6349,53,20,40,0.0000,0.0000,1.3252,0.0000,0.0000,-0.0605,-0.0605,2,16.6650
7.6371,56,20,40,0.0000,0.0000,1.3252,0.0000,0.0000,-0.0604,-0.0604,2,16.6650
7.6446,66,43,40,0.0000,0.0000,1.3250,0.0000,0.0000,-0.0602,-0.0602,2,16.6650
7.6534,78,18,40,0.0000,0.0000,1.3248,0.0000,0.0000,-0.0599,-0.0599,2,16.6650
7.6542,79,19,40,0.0000,0.0000,1.3248,0.0000,0.0000,-0.0599,-0.0599,2,16.6650
7.6668,96,19,40,0.0000,0.0000,1.3246,0.0000,0.0000,-0.0595,-0.0595,2,16.6650
7.6808,115,21,40,0.0000,0.0000,1.3243,0.0000,0.0000,-0.0591,-0.0591,2,16.6650
7.6897,127,46,40,0.0000,0.0000,1.3241,0.0000,0.0000,-0.0588,-0.0588,2,16.6650
7.6920,130,45,40,0.0000,0.0000,1.3241,0.0000,0.0000,-0.0587,-0.0587,2,16.6650
7.7134,24,28,40,0.5300,0.7015,1.3236,0.1715,2.8068,2.7488,-0.0580,2,16.6650
7.7349,53,20,40,0.0000,0.0000,1.3232,0.0000,0.0000,-0.0573,-0.0573,2,16.6650
7.7371,56,20,40,0.0000,0.0000,1.3231,0.0000,0.0000,-0.0572,-0.0572,2,16.6650
7.7445,66,43,40,0.0000,0.0000,1.3230,0.0000,0.0000,-0.0569,-0.0569,2,16.6650
7.7534,78,18,40,0.0000,0.0000,1.3228,0.0000,0.0000,-0.0566,-0.0566,2,16.6650
7.7542,79,19,40,0.0000,0.0000,1.3228,0.0000,0.0000,-0.0566,-0.0566,2,16.6650
7.7668,96,19,40,0.0000,0.0000,1.3225,0.0000,0.0000,-0.0562,-0.0562,2,16.6650
7.7808,115,21,40,0.0000,0.0000,1.3222,0.0000,0.0000,-0.0557,-0.0557,2,16.6650
7.7897,127,46,40,0.0000,0.0000,1.3221,0.0000,0.0000,-0.0554,-0.0554,2,16.6650
7.7920,130,45,40,0.0000,0.0000,1.3220,0.0000,0.0000,-0.0553,-0.0553,2,16.6650
7.8134,24,28,40,0.5300,0.7004,1.3216,0.1704,2.8068,2.7523,-0.0545,2,16.6650
7.8349,53,20,40,0.0000,0.0000,1.3211,0.0000,0.0000,-0.0537,-0.0537,2,16.6650
7.8371,56,20,40,0.0000,0.0000,1.3211,0.0000,0.0000,-0.0537,-0.0537,2,16.6650
7.8445,66,43,40,0.0000,0.0000,1.3209,0.0000,0.0000,-0.0534,-0.0534,2,16.6650
7.8534,78,18,40,0.0000,0.0000,1.3207,0.0000,0.0000,-0.0531,-0.0531,2,16.6650
7.8542,79,19,40,0.0000,0.0000,1.3207,0.0000,0.0000,-0.0530,-0.0530,2,16.6650
7.8668,96,19,40,0.0000,0.0000,1.3204,0.0000,0.0000,-0.0526,-0.0526,2,16.6650
7.8808,115,21,40,0.0000,0.0000,1.3201,0.0000,0.0000,-0.0520,-0.0520,2,16.6650
7.8897,127,46,40,0.0000,0.0000,1.3199,0.0000,0.0000,-0.0517,-0.0517,2,16.6650
7.8920,130,45,40,0.0000,0.0000,1.3199,0.0000,0.0000,-0.0516,-0.0516,2,16.6650
7.9134,24,28,40,0.5300,0.6993,1.3194,0.1693,2.8068,2.7560,-0.0508,2,16.6650
7.9349,53,20,40,0.0000,0.0000,1.3190,0.0000,0.0000,-0.0499,-0.0499,2,16.6650
7.9371,56,20,40,0.0000,0.0000,1.3189,0.0000,0.0000,-0.0499,-0.0499,2,16.6650
7.9446,66,43,40,0.0000,0.0000,1.3188,0.0000,0.0000,-0.0496,-0.0496,2,16.6650
7.9534,78,18,40,0.0000,0.0000,1.3186,0.0000,0.0000,-0.0492,-0.0492,2,16.6650
7.9542,79,19,40,0.0000,0.0000,1.3186,0.0000,0.0000,-0.0492,-0.0492,2,16.6650
7.9668,96,19,40,0.0000,0.0000,1.3183,0.0000,0.0000,-0.0487,-0.0487,2,16.6650
7.9808,115,21,40,0.0000,0.0000,1.3180,0.0000,0.0000,-0.0481,-0.0481,2,16.6650
7.9897,127,46,40,0.0000,0.0000,1.3178,0.0000,0.0000,-0.0478,-0.0478,2,16.6650
7.9920,130,45,40,0.0000,0.0000,1.3177,0.0000,0.0000,-0.0477,-0.0477,2,16.6650
8.0134,24,28,40,0.2800,0.3688,1.3172,0.0888,2.7891,2.7423,-0.0468,2,16.6650
8.0349,53,20,40,0.0000,0.0000,1.3168,0.0000,0.0000,-0.0459,-0.0459,2,16.6650
8.0371,56,20,40,0.0000,0.0000,1.3167,0.0000,0.0000,-0.0458,-0.0458,2,16.6650
8.0446,66,43,40,0.0000,0.0000,1.3166,0.0000,0.0000,-0.0455,-0.0455,2,16.6650
8.0534,78,18,40,0.0000,0.0000,1.3164,0.0000,0.0000,-0.0451,-0.0451,2,16.6650
8.0542,79,19,40,0.0000,0.0000,1.3163,0.0000,0.0000,-0.0451,-0.0451,2,16.6650
8.0668,96,19,40,0.0000,0.0000,1.3161,0.0000,0.0000,-0.0446,-0.0446,2,16.6650
8.0809,115,21,40,0.0000,0.0000,1.3157,0.0000,0.0000,-0.0440,-0.0440,2,16.6650
8.0897,127,46,40,0.0000,0.0000,1.3155,0.0000,0.0000,-0.0436,-0.0436,2,16.6650
8.0920,130,45,40,0.0000,0.0000,1.3155,0.0000,0.0000,-0.0435,-0.0435,2,16.6650
8.1134,24,28,40,0.2800,0.3682,1.3150,0.0882,2.7891,2.7465,-0.0426,2,16.6650
8.1349,53,20,40,0.0000,0.0000,1.3145,0.0000,0.0000,-0.0416,-0.0416,2,16.6650
8.1371,56,20,40,0.0000,0.0000,1.3145,0.0000,0.0000,-0.0416,-0.0416,2,16.6650
8.1446,66,43,40,0.0000,0.0000,1.3143,0.0000,0.0000,-0.0412,-0.0412,2,16.6650
8.1534,78,18,40,0.0000,0.0000,1.3141,0.0000,0.0000,-0.0408,-0.0408,2,16.6650
8.1542,79,19,40,0.0000,0.0000,1.3141,0.0000,0.0000,-0.0408,-0.0408,2,16.6650
8.1668,96,19,40,0.0000,0.0000,1.3138,0.0000,0.0000,-0.0402,-0.0402,2,16.6650
8.1808,115,21,40,0.0000,0.0000,1.3134,0.0000,0.0000,-0.0396,-0.0396,2,16.6650
8.1897,127,46,40,0.0000,0.0000,1.3132,0.0000,0.0000,-0.0392,-0.0392,2,16.6650
8.1920,130,45,40,0.0000,0.0000,1.3132,0.0000,0.0000,-0.0391,-0.0391,2,16.6650
8.2134,24,28,40,0.2800,0.3676,1.3127,0.0876,2.7891,2.7509,-0.0382,2,16.6650
8.2349,53,20,40,0.0000,0.0000,1.3122,0.0000,0.0000,-0.0372,-0.0372,2,16.6650
8.2371,56,20,40,0.0000,0.0000,1.3121,0.0000,0.0000,-0.0371,-0.0371,2,16.6650
8.2445,66,43,40,0.0000,0.0000,1.3120,0.0000,0.0000,-0.0367,-0.0367,2,16.6650
8.2534,78,18,40,0.0000,0.0000,1.3118,0.0000,0.0000,-0.0363,-0.0363,2,16.6650
8.2542,79,19,40,0.0000,0.0000,1.3117,0.0000,0.0000,-0.0363,-0.0363,2,16.6650
8.2668,96,19,40,0.0000,0.0000,1.3114,0.0000,0.0000,-0.0357,-0.0357,2,16.6650
8.2808,115,21,40,0.0000,0.0000,1.3111,0.0000,0.0000,-0.0351,-0.0351,2,16.6650
8.2897,127,46,40,0.0000,0.0000,1.3109,0.0000,0.0000,-0.0347,-0.0347,2,16.6650
8.2920,130,45,40,0.0000,0.0000,1.3108,0.0000,0.0000,-0.0346,-0.0346,2,16.6650
8.3134,24,28,40,0.2800,0.3669,1.3103,0.0869,2.7891,2.7555,-0.0335,2,16.6650
8.3349,53,20,40,0.0000,0.0000,1.3098,0.0000,0.0000,-0.0325,-0.0325,2,16.6650
8.3371,56,20,40,0.0000,0.0000,1.3098,0.0000,0.0000,-0.0324,-0.0324,2,16.6650
8.3446,66,43,40,0.0000,0.0000,1.3096,0.0000,0.0000,-0.0321,-0.0321,2,16.6650
8.3534,78,18,40,0.0000,0.0000,1.3094,0.0000,0.0000,-0.0317,-0.0317,2,16.6650
8.3542,79,19,40,0.0000,0.0000,1.3093,0.0000,0.0000,-0.0316,-0.0316,2,16.6650
8.3668,96,19,40,0.0000,0.0000,1.3090,0.0000,0.0000,-0.0310,-0.0310,2,16.6650
8.3808,115,21,40,0.0000,0.0000,1.3087,0.0000,0.0000,-0.0303,-0.0303,2,16.6650
8.3897,127,46,40,0.0000,0.0000,1.3085,0.0000,0.0000,-0.0299,-0.0299,2,16.6650
8.3920,130,45,40,0.0000,0.0000,1.3084,0.0000,0.0000,-0.0298,-0.0298,2,16.6650
8.4134,24,28,40,0.2800,0.3662,1.3079,0.0862,2.7891,2.7603,-0.0288,2,16.6650
8.4349,53,20,40,0.0000,0.0000,1.3074,0.0000,0.0000,-0.0277,-0.0277,2,16.6650
8.4371,56,20,40,0.0000,0.0000,1.3073,0.0000,0.0000,-0.0276,-0.0276,2,16.6650
8.4445,66,43,40,0.0000,0.0000,1.3071,0.0000,0.0000,-0.0273,-0.0273,2,16.6650
8.4534,78,18,40,0.0000,0.0000,1.3069,0.0000,0.0000,-0.0268,-0.0268,2,16.6650
8.4542,79,19,40,0.0000,0.0000,1.3069,0.0000,0.0000,-0.0268,-0.0268,2,16.6650
8.4668,96,19,40,0.0000,0.0000,1.3066,0.0000,0.0000,-0.0262,-0.0262,2,16.6650
8.4808,115,21,40,0.0000,0.0000,1.3062,0.0000,0.0000,-0.0255,-0.0255,2,16.6650
8.4897,127,46,40,0.0000,0.0000,1.3060,0.0000,0.0000,-0.0250,-0.0250,2,16.6650
8.4920,130,45,40,0.0000,0.0000,1.3060,0.0000,0.0000,-0.0249,-0.0249,2,16.6650
8.5134,24,28,40,0.2800,0.3655,1.3054,0.0855,2.7891,2.7652,-0.0239,2,16.6650
8.5349,53,20,40,0.0000,0.0000,1.3049,0.0000,0.0000,-0.0228,-0.0228,2,16.6650
8.5371,56,20,40,0.0000,0.0000,1.3048,0.0000,0.0000,-0.0227,-0.0227,2,16.6650
8.5534,78,18,40,0.0000,0.0000,1.3044,0.0000,0.0000,-0.0219,-0.0219,2,16.6650
8.5542,79,19,40,0.0000,0.0000,1.3044,0.0000,0.0000,-0.0218,-0.0218,2,16.6650
8.5668,96,19,40,0.0000,0.0000,1.3041,0.0000,0.0000,-0.0212,-0.0212,2,16.6650
8.5808,115,21,40,0.0000,0.0000,1.3037,0.0000,0.0000,-0.0205,-0.0205,2,16.6650
8.5897,127,46,40,0.0000,0.0000,1.3035,0.0000,0.0000,-0.0200,-0.0200,2,16.6650
8.5920,130,45,40,0.0000,0.0000,1.3035,0.0000,0.0000,-0.0199,-0.0199,2,16.6650
8.6134,24,28,40,0.2800,0.3648,1.3029,0.0848,2.7891,2.7702,-0.0188,2,16.6650
8.6349,53,20,40,0.0000,0.0000,1.3024,0.0000,0.0000,-0.0177,-0.0177,2,16.6650
8.6371,56,20,40,0.0000,0.0000,1.3023,0.0000,0.0000,-0.0176,-0.0176,2,16.6650
8.6534,78,18,40,0.0000,0.0000,1.3019,0.0000,0.0000,-0.0168,-0.0168,2,16.6650
8.6542,79,19,40,0.0000,0.0000,1.3019,0.0000,0.0000,-0.0168,-0.0168,2,16.6650
8.6668,96,19,40,0.0000,0.0000,1.3015,0.0000,0.0000,-0.0161,-0.0161,2,16.6650
8.6808,115,21,40,0.0000,0.0000,1.3012,0.0000,0.0000,-0.0154,-0.0154,2,16.6650
8.6897,127,46,40,0.0000,0.0000,1.3010,0.0000,0.0000,-0.0149,-0.0149,2,16.6650
8.6920,130,45,40,0.0000,0.0000,1.3009,0.0000,0.0000,-0.0148,-0.0148,2,16.6650
8.7134,24,28,40,0.2800,0.3641,1.3003,0.0841,2.7891,2.7754,-0.0137,2,16.6650
8.7349,53,20,40,0.0000,0.0000,1.2998,0.0000,0.0000,-0.0126,-0.0126,2,16.6650
8.7371,56,20,40,0.0000,0.0000,1.2997,0.0000,0.0000,-0.0125,-0.0125,2,16.6650
8.7534,78,18,40,0.0000,0.0000,1.2993,0.0000,0.0000,-0.0116,-0.0116,2,16.6650
8.7542,79,19,40,0.0000,0.0000,1.2993,0.0000,0.0000,-0.0116,-0.0116,2,16.6650
8.7668,96,19,40,0.0000,0.0000,1.2990,0.0000,0.0000,-0.0109,-0.0109,2,16.6650
8.7808,115,21,40,0.0000,0.0000,1.2986,0.0000,0.0000,-0.0102,-0.0102,2,16.6650
8.7897,127,46,40,0.0000,0.0000,1.2984,0.0000,0.0000,-0.0097,-0.0097,2,16.6650
8.7920,130,45,40,0.0000,0.0000,1.2983,0.0000,0.0000,-0.0096,-0.0096,2,16.6650
8.8134,24,28,40,0.2800,0.3634,1.2977,0.0834,2.7891,2.7806,-0.0085,2,16.6650
8.8349,53,20,40,0.0000,0.0000,1.2972,0.0000,0.0000,-0.0074,-0.0074,2,16.6650
8.8371,56,20,40,0.0000,0.0000,1.2971,0.0000,0.0000,-0.0073,-0.0073,2,16.6650
8.8534,78,18,40,0.0000,0.0000,1.2967,0.0000,0.0000,-0.0064,-0.0064,2,16.6650
8.8542,79,19,40,0.0000,0.0000,1.2967,0.0000,0.0000,-0.0064,-0.0064,2,16.6650
8.8668,96,19,40,0.0000,0.0000,1.2963,0.0000,0.0000,-0.0057,-0.0057,2,16.6650
8.8808,115,21,40,0.0000,0.0000,1.2959,0.0000,0.0000,-0.0050,-0.0050,2,16.6650
8.8897,127,46,40,0.0000,0.0000,1.2957,0.0000,0.0000,-0.0045,-0.0045,2,16.6650
8.8920,130,45,40,0.0000,0.0000,1.2956,0.0000,0.0000,-0.0044,-0.0044,2,16.6650
8.9134,24,28,40,0.2800,0.3626,1.2951,0.0826,2.7891,2.7858,-0.0033,2,16.6650
8.9349,53,20,40,0.0000,0.0000,1.2945,0.0000,0.0000,-0.0022,-0.0022,2,16.6650
8.9371,56,20,40,0.0000,0.0000,1.2944,0.0000,0.0000,-0.0020,-0.0020,2,16.6650
8.9534,78,18,40,0.0000,0.0000,1.2940,0.0000,0.0000,-0.0012,-0.0012,2,16.6650
8.9542,79,19,40,0.0000,0.0000,1.2940,0.0000,0.0000,-0.0011,-0.0011,2,16.6650
8.9668,96,19,40,0.0000,0.0000,1.2936,0.0000,0.0000,-0.0005,-0.0005,2,16.6650
8.9808,115,21,40,0.0000,0.0000,1.2933,0.0000,0.0000,0.0003,0.0003,2,16.6650
8.9897,127,46,40,0.0000,0.0000,1.2930,0.0000,0.0000,0.0007,0.0007,2,16.6650
8.9920,130,45,40,0.0000,0.0000,1.2930,0.0000,0.0000,0.0008,0.0008,2,16.6650
9.0134,24,28,40,0.1200,0.1551,1.2924,0.0351,2.7918,2.7938,0.0020,2,16.6650
9.0349,53,20,40,0.0000,0.0000,1.2918,0.0000,0.0000,0.0031,0.0031,2,16.6650
9.0371,56,20,40,0.0000,0.0000,1.2917,0.0000,0.0000,0.0032,0.0032,2,16.6650
9.0534,78,18,40,0.0000,0.0000,1.2913,0.0000,0.0000,0.0041,0.0041,2,16.6650
9.0542,79,19,40,0.0000,0.0000,1.2913,0.0000,0.0000,0.0041,0.0041,2,16.6650
9.0668,96,19,40,0.0000,0.0000,1.2909,0.0000,0.0000,0.0048,0.0048,2,16.6650
9.0808,115,21,40,0.0000,0.0000,1.2905,0.0000,0.0000,0.0055,0.0055,2,16.6650
9.0897,127,46,40,0.0000,0.0000,1.2903,0.0000,0.0000,0.0060,0.0060,2,16.6650
9.0920,130,45,40,0.0000,0.0000,1.2902,0.0000,0.0000,0.0061,0.0061,2,16.6650
9.1134,24,28,40,0.1200,0.1548,1.2896,0.0348,2.7918,2.7990,0.0072,2,16.6650
9.1349,53,20,40,0.0000,0.0000,1.2890,0.0000,0.0000,0.0083,0.0083,2,16.6650
9.1371,56,20,40,0.0000,0.0000,1.2890,0.0000,0.0000,0.0084,0.0084,2,16.6650
9.1534,78,18,40,0.0000,0.0000,1.2885,0.0000,0.0000,0.0093,0.0093,2,16.6650
9.1542,79,19,40,0.0000,0.0000,1.2885,0.0000,0.0000,0.0093,0.0093,2,16.6650
9.1668,96,19,40,0.0000,0.0000,1.2882,0.0000,0.0000,0.0100,0.0100,2,16.6650
9.1809,115,21,40,0.0000,0.0000,1.2878,0.0000,0.0000,0.0107,0.0107,2,16.6650
9.1897,127,46,40,0.0000,0.0000,1.2875,0.0000,0.0000,0.0112,0.0112,2,16.6650
9.1920,130,45,40,0.0000,0.0000,1.2875,0.0000,0.0000,0.0113,0.0113,2,16.6650
9.2134,24,28,40,0.1200,0.1544,1.2869,0.0344,2.7918,2.8042,0.0124,2,16.6650
9.2349,53,20,40,0.0000,0.0000,1.2863,0.0000,0.0000,0.0135,0.0135,2,16.6650
9.2371,56,20,40,0.0000,0.0000,1.2862,0.0000,0.0000,0.0136,0.0136,2,16.6650
9.2534,78,18,40,0.0000,0.0000,1.2857,0.0000,0.0000,0.0145,0.0145,2,16.6650
9.2542,79,19,40,0.0000,0.0000,1.2857,0.0000,0.0000,0.0145,0.0145,2,16.6650
9.2668,96,19,40,0.0000,0.0000,1.2854,0.0000,0.0000,0.0152,0.0152,2,16.6650
9.2808,115,21,40,0.0000,0.0000,1.2850,0.0000,0.0000,0.0159,0.0159,2,16.6650
9.2897,127,46,40,0.0000,0.0000,1.2847,0.0000,0.0000,0.0163,0.0163,2,16.6650
9.2920,130,45,40,0.0000,0.0000,1.2847,0.0000,0.0000,0.0165,0.0165,2,16.6650
9.3134,24,28,40,0.1200,0.1541,1.2841,0.0341,2.7918,2.8094,0.0176,2,16.6650
9.3349,53,20,40,0.0000,0.0000,1.2835,0.0000,0.0000,0.0186,0.0186,2,16.6650
9.3371,56,20,40,0.0000,0.0000,1.2834,0.0000,0.0000,0.0188,0.0188,2,16.6650
9.3534,78,18,40,0.0000,0.0000,1.2829,0.0000,0.0000,0.0196,0.0196,2,16.6650
9.3542,79,19,40,0.0000,0.0000,1.2829,0.0000,0.0000,0.0196,0.0196,2,16.6650
9.3668,96,19,40,0.0000,0.0000,1.2826,0.0000,0.0000,0.0203,0.0203,2,16.6650
9.3808,115,21,40,0.0000,0.0000,1.2822,0.0000,0.0000,0.0210,0.0210,2,16.6650
9.3897,127,46,40,0.0000,0.0000,1.2819,0.0000,0.0000,0.0214,0.0214,2,16.6650
9.3920,130,45,40,0.0000,0.0000,1.2818,0.0000,0.0000,0.0215,0.0215,2,16.6650
9.4134,24,28,40,0.1200,0.1537,1.2812,0.0337,2.7918,2.8144,0.0226,2,16.6650
9.4349,53,20,40,0.0000,0.0000,1.2806,0.0000,0.0000,0.0237,0.0237,2,16.6650
9.4371,56,20,40,0.0000,0.0000,1.2805,0.0000,0.0000,0.0238,0.0238,2,16.6650
9.4534,78,18,40,0.0000,0.0000,1.2801,0.0000,0.0000,0.0246,0.0246,2,16.6650
9.4542,79,19,40,0.0000,0.0000,1.2801,0.0000,0.0000,0.0246,0.0246,2,16.6650
9.4668,96,19,40,0.0000,0.0000,1.2797,0.0000,0.0000,0.0253,0.0253,2,16.6650
9.4808,115,21,40,0.0000,0.0000,1.2793,0.0000,0.0000,0.0260,0.0260,2,16.6650
9.4897,127,46,40,0.0000,0.0000,1.2790,0.0000,0.0000,0.0264,0.0264,2,16.6650
9.4920,130,45,40,0.0000,0.0000,1.2790,0.0000,0.0000,0.0265,0.0265,2,16.6650
9.5134,24,28,40,0.1200,0.1534,1.2784,0.0334,2.7918,2.8194,0.0276,2,16.6650
9.5349,53,20,40,0.0000,0.0000,1.2777,0.0000,0.0000,0.0286,0.0286,2,16.6650
9.5371,56,20,40,0.0000,0.0000,1.2777,0.0000,0.0000,0.0287,0.0287,2,16.6650
9.5534,78,18,40,0.0000,0.0000,1.2772,0.0000,0.0000,0.0295,0.0295,2,16.6650
9.5542,79,19,40,0.0000,0.0000,1.2772,0.0000,0.0000,0.0295,0.0295,2,16.6650
9.5668,96,19,40,0.0000,0.0000,1.2768,0.0000,0.0000,0.0301,0.0301,2,16.6650
9.5808,115,21,40,0.0000,0.0000,1.2764,0.0000,0.0000,0.0308,0.0308,2,16.6650
9.5897,127,46,40,0.0000,0.0000,1.2762,0.0000,0.0000,0.0312,0.0312,2,16.6650
9.5920,130,45,40,0.0000,0.0000,1.2761,0.0000,0.0000,0.0313,0.0313,2,16.6650
9.6134,24,28,40,0.1200,0.1531,1.2755,0.0331,2.7918,2.8242,0.0324,2,16.6650
9.6349,53,20,40,0.0000,0.0000,1.2748,0.0000,0.0000,0.0334,0.0334,2,16.6650
9.6371,56,20,40,0.0000,0.0000,1.2748,0.0000,0.0000,0.0335,0.0335,2,16.6650
9.6534,78,18,40,0.0000,0.0000,1.2743,0.0000,0.0000,0.0342,0.0342,2,16.6650
9.6542,79,19,40,0.0000,0.0000,1.2743,0.0000,0.0000,0.0343,0.0343,2,16.6650
9.6668,96,19,40,0.0000,0.0000,1.2739,0.0000,0.0000,0.0349,0.0349,2,16.6650
9.6808,115,21,40,0.0000,0.0000,1.2735,0.0000,0.0000,0.0355,0.0355,2,16.6650
9.6897,127,46,40,0.0000,0.0000,1.2733,0.0000,0.0000,0.0359,0.0359,2,16.6650
9.6920,130,45,40,0.0000,0.0000,1.2732,0.0000,0.0000,0.0360,0.0360,2,16.6650
9.7134,24,28,40,0.1200,0.1527,1.2726,0.0327,2.7918,2.8288,0.0370,2,16.6650
9.7349,53,20,40,0.0000,0.0000,1.2719,0.0000,0.0000,0.0380,0.0380,2,16.6650
9.7371,56,20,40,0.0000,0.0000,1.2719,0.0000,0.0000,0.0381,0.0381,2,16.6650
9.7534,78,18,40,0.0000,0.0000,1.2714,0.0000,0.0000,0.0388,0.0388,2,16.6650
9.7542,79,19,40,0.0000,0.0000,1.2714,0.0000,0.0000,0.0389,0.0389,2,16.6650
9.7668,96,19,40,0.0000,0.0000,1.2710,0.0000,0.0000,0.0394,0.0394,2,16.6650
9.7808,115,21,40,0.0000,0.0000,1.2706,0.0000,0.0000,0.0401,0.0401,2,16.6650
9.7897,127,46,40,0.0000,0.0000,1.2703,0.0000,0.0000,0.0404,0.0404,2,16.6650
9.7920,130,45,40,0.0000,0.0000,1.2703,0.0000,0.0000,0.0405,0.0405,2,16.6650
9.8134,24,28,40,0.1200,0.1524,1.2696,0.0324,2.7918,2.8333,0.0415,2,16.6650
9.8349,53,20,40,0.0000,0.0000,1.2690,0.0000,0.0000,0.0424,0.0424,2,16.6650
9.8371,56,20,40,0.0000,0.0000,1.2689,0.0000,0.0000,0.0425,0.0425,2,16.6650
9.8534,78,18,40,0.0000,0.0000,1.2684,0.0000,0.0000,0.0432,0.0432,2,16.6650
9.8542,79,19,40,0.0000,0.0000,1.2684,0.0000,0.0000,0.0433,0.0433,2,16.6650
9.8668,96,19,40,0.0000,0.0000,1.2681,0.0000,0.0000,0.0438,0.0438,2,16.6650
9.8808,115,21,40,0.0000,0.0000,1.2676,0.0000,0.0000,0.0444,0.0444,2,16.6650
9.8897,127,46,40,0.0000,0.0000,1.2674,0.0000,0.0000,0.0448,0.0448,2,16.6650
9.8920,130,45,40,0.0000,0.0000,1.2673,0.0000,0.0000,0.0449,0.0449,2,16.6650
9.9134,24,28,40,0.1200,0.1520,1.2667,0.0320,2.7918,2.8376,0.0458,2,16.6650
9.9349,53,20,40,0.0000,0.0000,1.2660,0.0000,0.0000,0.0466,0.0466,2,16.6650
9.9371,56,20,40,0.0000,0.0000,1.2660,0.0000,0.0000,0.0467,0.0467,2,16.6650
9.9534,78,18,40,0.0000,0.0000,1.2655,0.0000,0.0000,0.0474,0.0474,2,16.6650
9.9542,79,19,40,0.0000,0.0000,1.2655,0.0000,0.0000,0.0474,0.0474,2,16.6650
9.9668,96,19,40,0.0000,0.0000,1.2651,0.0000,0.0000,0.0479,0.0479,2,16.6650
9.9808,115,21,40,0.0000,0.0000,1.2647,0.0000,0.0000,0.0485,0.0485,2,16.6650
9.9897,127,46,40,0.0000,0.0000,1.2644,0.0000,0.0000,0.0489,0.0489,2,16.6650
9.9920,130,45,40,0.0000,0.0000,1.2644,0.0000,0.0000,0.0490,0.0490,2,16.6650
10.0134,24,28,40,0.0100,0.0126,1.2637,0.0026,2.8605,2.9103,0.0498,2,16.6650
10.0349,53,20,40,0.0000,0.0000,1.2631,0.0000,0.0000,0.0506,0.0506,2,16.6650
10.0371,56,20,40,0.0000,0.0000,1.2630,0.0000,0.0000,0.0507,0.0507,2,16.6650
10.0534,78,18,40,0.0000,0.0000,1.2625,0.0000,0.0000,0.0514,0.0514,2,16.6650
10.0542,79,19,40,0.0000,0.0000,1.2625,0.0000,0.0000,0.0514,0.0514,2,16.6650
10.0668,96,19,40,0.0000,0.0000,1.2621,0.0000,0.0000,0.0519,0.0519,2,16.6650
10.0808,115,21,40,0.0000,0.0000,1.2617,0.0000,0.0000,0.0524,0.0524,2,16.6650
10.0897,127,46,40,0.0000,0.0000,1.2614,0.0000,0.0000,0.0527,0.0527,2,16.6650
10.0920,130,45,40,0.0000,0.0000,1.2614,0.0000,0.0000,0.0528,0.0528,2,16.6650
10.1134,24,28,40,0.0100,0.0126,1.2607,0.0026,2.8605,2.9141,0.0536,2,16.6650
10.1349,53,20,40,0.0000,0.0000,1.2601,0.0000,0.0000,0.0544,0.0544,2,16.6650
10.1371,56,20,40,0.0000,0.0000,1.2600,0.0000,0.0000,0.0545,0.0545,2,16.6650
10.1534,78,18,40,0.0000,0.0000,1.2595,0.0000,0.0000,0.0551,0.0551,2,16.6650
10.1542,79,19,40,0.0000,0.0000,1.2595,0.0000,0.0000,0.0551,0.0551,2,16.6650
10.1668,96,19,40,0.0000,0.0000,1.2591,0.0000,0.0000,0.0555,0.0555,2,16.6650
10.1808,115,21,40,0.0000,0.0000,1.2587,0.0000,0.0000,0.0560,0.0560,2,16.6650
10.1897,127,46,40,0.0000,0.0000,1.2585,0.0000,0.0000,0.0563,0.0563,2,16.6650
10.1920,130,45,40,0.0000,0.0000,1.2584,0.0000,0.0000,0.0564,0.0564,2,16.6650
10.2134,24,28,40,0.0100,0.0126,1.2577,0.0026,2.8605,2.9176,0.0571,2,16.6650
10.2349,53,20,40,0.0000,0.0000,1.2571,0.0000,0.0000,0.0579,0.0579,2,16.6650
10.2371,56,20,40,0.0000,0.0000,1.2570,0.0000,0.0000,0.0579,0.0579,2,16.6650
10.2534,78,18,40,0.0000,0.0000,1.2566,0.0000,0.0000,0.0585,0.0585,2,16.6650
10.2542,79,19,40,0.0000,0.0000,1.2565,0.0000,0.0000,0.0585,0.0585,2,16.6650
10.2668,96,19,40,0.0000,0.0000,1.2562,0.0000,0.0000,0.0589,0.0589,2,16.6650
10.2808,115,21,40,0.0000,0.0000,1.2557,0.0000,0.0000,0.0594,0.0594,2,16.6650
10.2897,127,46,40,0.0000,0.0000,1.2555,0.0000,0.0000,0.0597,0.0597,2,16.6650
10.2920,130,45,40,0.0000,0.0000,1.2554,0.0000,0.0000,0.0597,0.0597,2,16.6650
10.3134,24,28,40,0.0100,0.0125,1.2548,0.0025,2.8605,2.9209,0.0604,2,16.6650
10.3349,53,20,40,0.0000,0.0000,1.2541,0.0000,0.0000,0.0611,0.0611,2,16.6650
10.3371,56,20,40,0.0000,0.0000,1.2540,0.0000,0.0000,0.0611,0.0611,2,16.6650
10.3534,78,18,40,0.0000,0.0000,1.2536,0.0000,0.0000,0.0616,0.0616,2,16.6650
10.3542,79,19,40,0.0000,0.0000,1.2535,0.0000,0.0000,0.0616,0.0616,2,16.6650
10.3668,96,19,40,0.0000,0.0000,1.2532,0.0000,0.0000,0.0620,0.0620,2,16.6650
10.3808,115,21,40,0.0000,0.0000,1.2527,0.0000,0.0000,0.0624,0.0624,2,16.6650
10.3897,127,46,40,0.0000,0.0000,1.2525,0.0000,0.0000,0.0627,0.0627,2,16.6650
10.3920,130,45,40,0.0000,0.0000,1.2524,0.0000,0.0000,0.0628,0.0628,2,16.6650
10.4134,24,28,40,0.0100,0.0125,1.2518,0.0025,2.8605,2.9238,0.0634,2,16.6650
10.4349,53,20,40,0.0000,0.0000,1.2511,0.0000,0.0000,0.0640,0.0640,2,16.6650
10.4371,56,20,40,0.0000,0.0000,1.2510,0.0000,0.0000,0.0640,0.0640,2,16.6650
10.4534,78,18,40,0.0000,0.0000,1.2506,0.0000,0.0000,0.0645,0.0645,2,16.6650
10.4542,79,19,40,0.0000,0.0000,1.2505,0.0000,0.0000,0.0645,0.0645,2,16.6650
10.4668,96,19,40,0.0000,0.0000,1.2502,0.0000,0.0000,0.0648,0.0648,2,16.6650
10.4808,115,21,40,0.0000,0.0000,1.2497,0.0000,0.0000,0.0652,0.0652,2,16.6650
10.4897,127,46,40,0.0000,0.0000,1.2495,0.0000,0.0000,0.0654,0.0654,2,16.6650
10.4920,130,45,40,0.0000,0.0000,1.2494,0.0000,0.0000,0.0655,0.0655,2,16.6650
10.5134,24,28,40,0.0100,0.0125,1.2488,0.0025,2.8605,2.9265,0.0660,2,16.6650
10.5349,53,20,40,0.0000,0.0000,1.2481,0.0000,0.0000,0.0665,0.0665,2,16.6650
10.5371,56,20,40,0.0000,0.0000,1.2480,0.0000,0.0000,0.0666,0.0666,2,16.6650
10.5534,78,18,40,0.0000,0.0000,1.2476,0.0000,0.0000,0.0670,0.0670,2,16.6650
10.5542,79,19,40,0.0000,0.0000,1.2475,0.0000,0.0000,0.0670,0.0670,2,16.6650
10.5668,96,19,40,0.0000,0.0000,1.2472,0.0000,0.0000,0.0673,0.0673,2,16.6650
10.5808,115,21,40,0.0000,0.0000,1.2467,0.0000,0.0000,0.0676,0.0676,2,16.6650
10.5897,127,46,40,0.0000,0.0000,1.2465,0.0000,0.0000,0.0678,0.0678,2,16.6650
10.5920,130,45,40,0.0000,0.0000,1.2464,0.0000,0.0000,0.0679,0.0679,2,16.6650
10.6134,24,28,40,0.0100,0.0125,1.2458,0.0025,2.8605,2.9288,0.0683,2,16.6650
10.6349,53,20,40,0.0000,0.0000,1.2451,0.0000,0.0000,0.0688,0.0688,2,16.6650
10.6371,56,20,40,0.0000,0.0000,1.2450,0.0000,0.0000,0.0688,0.0688,2,16.6650
10.6534,78,18,40,0.0000,0.0000,1.2446,0.0000,0.0000,0.0692,0.0692,2,16.6650
10.6542,79,19,40,0.0000,0.0000,1.2445,0.0000,0.0000,0.0692,0.0692,2,16.6650
10.6668,96,19,40,0.0000,0.0000,1.2442,0.0000,0.0000,0.0694,0.0694,2,16.6650
10.6808,115,21,40,0.0000,0.0000,1.2437,0.0000,0.0000,0.0697,0.0697,2,16.6650
10.6897,127,46,40,0.0000,0.0000,1.2435,0.0000,0.0000,0.0699,0.0699,2,16.6650
10.6920,130,45,40,0.0000,0.0000,1.2434,0.0000,0.0000,0.0699,0.0699,2,16.6650
10.7134,24,28,40,0.0100,0.0124,1.2428,0.0024,2.8605,2.9308,0.0703,2,16.6650
10.7349,53,20,40,0.0000,0.0000,1.2421,0.0000,0.0000,0.0707,0.0707,2,16.6650
10.7371,56,20,40,0.0000,0.0000,1.2421,0.0000,0.0000,0.0708,0.0708,2,16.6650
10.7534,78,18,40,0.0000,0.0000,1.2416,0.0000,0.0000,0.0710,0.0710,2,16.6650
10.7542,79,19,40,0.0000,0.0000,1.2415,0.0000,0.0000,0.0710,0.0710,2,16.6650
10.7668,96,19,40,0.0000,0.0000,1.2412,0.0000,0.0000,0.0713,0.0713,2,16.6650
10.7808,115,21,40,0.0000,0.0000,1.2407,0.0000,0.0000,0.0715,0.0715,2,16.6650
10.7897,127,46,40,0.0000,0.0000,1.2405,0.0000,0.0000,0.0716,0.0716,2,16.6650
10.7920,130,45,40,0.0000,0.0000,1.2404,0.0000,0.0000,0.0717,0.0717,2,16.6650
10.8134,24,28,40,0.0100,0.0124,1.2398,0.0024,2.8605,2.9325,0.0720,2,16.6650
10.8349,53,20,40,0.0000,0.0000,1.2391,0.0000,0.0000,0.0723,0.0723,2,16.6650
10.8371,56,20,40,0.0000,0.0000,1.2391,0.0000,0.0000,0.0723,0.0723,2,16.6650
10.8534,78,18,40,0.0000,0.0000,1.2386,0.0000,0.0000,0.0725,0.0725,2,16.6650
10.8542,79,19,40,0.0000,0.0000,1.2386,0.0000,0.0000,0.0726,0.0726,2,16.6650
10.8668,96,19,40,0.0000,0.0000,1.2382,0.0000,0.0000,0.0727,0.0727,2,16.6650
10.8808,115,21,40,0.0000,0.0000,1.2378,0.0000,0.0000,0.0729,0.0729,2,16.6650
10.8897,127,46,40,0.0000,0.0000,1.2375,0.0000,0.0000,0.0730,0.0730,2,16.6650
10.8920,130,45,40,0.0000,0.0000,1.2374,0.0000,0.0000,0.0730,0.0730,2,16.6650
10.9134,24,28,40,0.0100,0.0124,1.2368,0.0024,2.8605,2.9338,0.0733,2,16.6650
10.9349,53,20,40,0.0000,0.0000,1.2362,0.0000,0.0000,0.0735,0.0735,2,16.6650
10.9371,56,20,40,0.0000,0.0000,1.2361,0.0000,0.0000,0.0735,0.0735,2,16.6650
10.9534,78,18,40,0.0000,0.0000,1.2356,0.0000,0.0000,0.0737,0.0737,2,16.6650
10.9542,79,19,40,0.0000,0.0000,1.2356,0.0000,0.0000,0.0737,0.0737,2,16.6650
10.9668,96,19,40,0.0000,0.0000,1.2352,0.0000,0.0000,0.0738,0.0738,2,16.6650
10.9808,115,21,40,0.0000,0.0000,1.2348,0.0000,0.0000,0.0740,0.0740,2,16.6650
10.9897,127,46,40,0.0000,0.0000,1.2345,0.0000,0.0000,0.0740,0.0740,2,16.6650
10.9920,130,45,40,0.0000,0.0000,1.2345,0.0000,0.0000,0.0740,0.0740,2,16.6650
11.0134,24,28,40,0.0000,0.0000,1.2338,0.0000,0.0000,0.0742,0.0742,2,16.6650
11.0349,53,20,40,0.0000,0.0000,1.2332,0.0000,0.0000,0.0744,0.0744,2,16.6650
11.0371,56,20,40,0.0000,0.0000,1.2331,0.0000,0.0000,0.0744,0.0744,2,16.6650
11.0534,78,18,40,0.0000,0.0000,1.2326,0.0000,0.0000,0.0745,0.0745,2,16.6650
11.0542,79,19,40,0.0000,0.0000,1.2326,0.0000,0.0000,0.0745,0.0745,2,16.6650
11.0668,96,19,40,0.0000,0.0000,1.2323,0.0000,0.0000,0.0746,0.0746,2,16.6650
11.0809,115,21,40,0.0000,0.0000,1.2318,0.0000,0.0000,0.0746,0.0746,2,16.6650
11.0897,127,46,40,0.0000,0.0000,1.2316,0.0000,0.0000,0.0747,0.0747,2,16.6650
11.0920,130,45,40,0.0000,0.0000,1.2315,0.0000,0.0000,0.0747,0.0747,2,16.6650
11.1134,24,28,40,0.0000,0.0000,1.2309,0.0000,0.0000,0.0748,0.0748,2,16.6650
11.1349,53,20,40,0.0000,0.0000,1.2302,0.0000,0.0000,0.0749,0.0749,2,16.6650
11.1371,56,20,40,0.0000,0.0000,1.2302,0.0000,0.0000,0.0749,0.0749,2,16.6650
11.1534,78,18,40,0.0000,0.0000,1.2297,0.0000,0.0000,0.0749,0.0749,2,16.6650
11.1542,79,19,40,0.0000,0.0000,1.2297,0.0000,0.0000,0.0749,0.0749,2,16.6650
11.1668,96,19,40,0.0000,0.0000,1.2293,0.0000,0.0000,0.0749,0.0749,2,16.6650
11.1808,115,21,40,0.0000,0.0000,1.2289,0.0000,0.0000,0.0750,0.0750,2,16.6650
11.1897,127,46,40,0.0000,0.0000,1.2286,0.0000,0.0000,0.0750,0.0750,2,16.6650
11.1920,130,45,40,0.0000,0.0000,1.2286,0.0000,0.0000,0.0750,0.0750,2,16.6650
11.2134,24,28,40,0.0000,0.0000,1.2279,0.0000,0.0000,0.0750,0.0750,2,16.6650
11.2349,53,20,40,0.0000,0.0000,1.2273,0.0000,0.0000,0.0750,0.0750,2,16.6650
11.2371,56,20,40,0.0000,0.0000,1.2272,0.0000,0.0000,0.0750,0.0750,2,16.6650
11.2534,78,18,40,0.0000,0.0000,1.2268,0.0000,0.0000,0.0750,0.0750,2,16.6650
11.2542,79,19,40,0.0000,0.0000,1.2267,0.0000,0.0000,0.0750,0.0750,2,16.6650
11.2668,96,19,40,0.0000,0.0000,1.2264,0.0000,0.0000,0.0750,0.0750,2,16.6650
11.2808,115,21,40,0.0000,0.0000,1.2260,0.0000,0.0000,0.0749,0.0749,2,16.6650
11.2897,127,46,40,0.0000,0.0000,1.2257,0.0000,0.0000,0.0749,0.0749,2,16.6650
11.2920,130,45,40,0.0000,0.0000,1.2256,0.0000,0.0000,0.0749,0.0749,2,16.6650
11.3134,24,28,40,0.0000,0.0000,1.2250,0.0000,0.0000,0.0748,0.0748,2,16.6650
11.3349,53,20,40,0.0000,0.0000,1.2244,0.0000,0.0000,0.0748,0.0748,2,16.6650
11.3371,56,20,40,0.0000,0.0000,1.2243,0.0000,0.0000,0.0747,0.0747,2,16.6650
11.3534,78,18,40,0.0000,0.0000,1.2239,0.0000,0.0000,0.0747,0.0747,2,16.6650
11.3542,79,19,40,0.0000,0.0000,1.2238,0.0000,0.0000,0.0747,0.0747,2,16.6650
11.3668,96,19,40,0.0000,0.0000,1.2235,0.0000,0.0000,0.0746,0.0746,2,16.6650
11.3808,115,21,40,0.0000,0.0000,1.2231,0.0000,0.0000,0.0745,0.0745,2,16.6650
11.3897,127,46,40,0.0000,0.0000,1.2228,0.0000,0.0000,0.0745,0.0745,2,16.6650
11.3920,130,45,40,0.0000,0.0000,1.2227,0.0000,0.0000,0.0745,0.0745,2,16.6650
11.4134,24,28,40,0.0000,0.0000,1.2221,0.0000,0.0000,0.0743,0.0743,2,16.6650
11.4349,53,20,40,0.0000,0.0000,1.2215,0.0000,0.0000,0.0742,0.0742,2,16.6650
11.4371,56,20,40,0.0000,0.0000,1.2214,0.0000,0.0000,0.0741,0.0741,2,16.6650
11.4534,78,18,40,0.0000,0.0000,1.2210,0.0000,0.0000,0.0740,0.0740,2,16.6650
11.4542,79,19,40,0.0000,0.0000,1.2210,0.0000,0.0000,0.0740,0.0740,2,16.6650
11.4668,96,19,40,0.0000,0.0000,1.2206,0.0000,0.0000,0.0739,0.0739,2,16.6650
11.4809,115,21,40,0.0000,0.0000,1.2202,0.0000,0.0000,0.0738,0.0738,2,16.6650
11.4897,127,46,40,0.0000,0.0000,1.2199,0.0000,0.0000,0.0737,0.0737,2,16.6650
11.4920,130,45,40,0.0000,0.0000,1.2199,0.0000,0.0000,0.0736,0.0736,2,16.6650
11.5134,24,28,40,0.0000,0.0000,1.2193,0.0000,0.0000,0.0734,0.0734,2,16.6650
11.5349,53,20,40,0.0000,0.0000,1.2186,0.0000,0.0000,0.0732,0.0732,2,16.6650
11.5371,56,20,40,0.0000,0.0000,1.2186,0.0000,0.0000,0.0732,0.0732,2,16.6650
11.5534,78,18,40,0.0000,0.0000,1.2181,0.0000,0.0000,0.0730,0.0730,2,16.6650
11.5542,79,19,40,0.0000,0.0000,1.2181,0.0000,0.0000,0.0730,0.0730,2,16.6650
11.5668,96,19,40,0.0000,0.0000,1.2177,0.0000,0.0000,0.0728,0.0728,2,16.6650
11.5808,115,21,40,0.0000,0.0000,1.2173,0.0000,0.0000,0.0726,0.0726,2,16.6650
11.5897,127,46,40,0.0000,0.0000,1.2171,0.0000,0.0000,0.0725,0.0725,2,16.6650
11.5920,130,45,40,0.0000,0.0000,1.2170,0.0000,0.0000,0.0725,0.0725,2,16.6650
11.6134,24,28,40,0.0000,0.0000,1.2164,0.0000,0.0000,0.0722,0.0722,2,16.6650
11.6349,53,20,40,0.0000,0.0000,1.2158,0.0000,0.0000,0.0719,0.0719,2,16.6650
11.6371,56,20,40,0.0000,0.0000,1.2158,0.0000,0.0000,0.0718,0.0718,2,16.6650
11.6534,78,18,40,0.0000,0.0000,1.2153,0.0000,0.0000,0.0716,0.0716,2,16.6650
11.6542,79,19,40,0.0000,0.0000,1.2153,0.0000,0.0000,0.0716,0.0716,2,16.6650
11.6668,96,19,40,0.0000,0.0000,1.2149,0.0000,0.0000,0.0714,0.0714,2,16.6650
11.6808,115,21,40,0.0000,0.0000,1.2145,0.0000,0.0000,0.0711,0.0711,2,16.6650
11.6897,127,46,40,0.0000,0.0000,1.2143,0.0000,0.0000,0.0710,0.0710,2,16.6650
11.6920,130,45,40,0.0000,0.0000,1.2142,0.0000,0.0000,0.0709,0.0709,2,16.6650
11.7134,24,28,40,0.0000,0.0000,1.2136,0.0000,0.0000,0.0706,0.0706,2,16.6650
11.7349,53,20,40,0.0000,0.0000,1.2130,0.0000,0.0000,0.0702,0.0702,2,16.6650
11.7371,56,20,40,0.0000,0.0000,1.2129,0.0000,0.0000,0.0701,0.0701,2,16.6650
11.7534,78,18,40,0.0000,0.0000,1.2125,0.0000,0.0000,0.0698,0.0698,2,16.6650
11.7542,79,19,40,0.0000,0.0000,1.2125,0.0000,0.0000,0.0698,0.0698,2,16.6650
11.7668,96,19,40,0.0000,0.0000,1.2121,0.0000,0.0000,0.0696,0.0696,2,16.6650
11.7808,115,21,40,0.0000,0.0000,1.2117,0.0000,0.0000,0.0693,0.0693,2,16.6650
11.7897,127,46,40,0.0000,0.0000,1.2115,0.0000,0.0000,0.0691,0.0691,2,16.6650
11.7920,130,45,40,0.0000,0.0000,1.2114,0.0000,0.0000,0.0691,0.0691,2,16.6650
11.8134,24,28,40,0.0000,0.0000,1.2108,0.0000,0.0000,0.0686,0.0686,2,16.6650
11.8349,53,20,40,0.0000,0.0000,1.2102,0.0000,0.0000,0.0682,0.0682,2,16.6650
11.8371,56,20,40,0.0000,0.0000,1.2102,0.0000,0.0000,0.0681,0.0681,2,16.6650
11.8534,78,18,40,0.0000,0.0000,1.2097,0.0000,0.0000,0.0677,0.0677,2,16.6650
11.8542,79,19,40,0.0000,0.0000,1.2097,0.0000,0.0000,0.0677,0.0677,2,16.6650
11.8668,96,19,40,0.0000,0.0000,1.2094,0.0000,0.0000,0.0674,0.0674,2,16.6650
11.8808,115,21,40,0.0000,0.0000,1.2090,0.0000,0.0000,0.0671,0.0671,2,16.6650
11.8897,127,46,40,0.0000,0.0000,1.2087,0.0000,0.0000,0.0669,0.0669,2,16.6650
11.8920,130,45,40,0.0000,0.0000,1.2087,0.0000,0.0000,0.0669,0.0669,2,16.6650
11.9134,24,28,40,0.0000,0.0000,1.2081,0.0000,0.0000,0.0663,0.0663,2,16.6650
11.9349,53,20,40,0.0000,0.0000,1.2075,0.0000,0.0000,0.0658,0.0658,2,16.6650
11.9371,56,20,40,0.0000,0.0000,1.2074,0.0000,0.0000,0.0657,0.0657,2,16.6650
11.9534,78,18,40,0.0000,0.0000,1.2070,0.0000,0.0000,0.0653,0.0653,2,16.6650
11.9542,79,19,40,0.0000,0.0000,1.2070,0.0000,0.0000,0.0653,0.0653,2,16.6650
11.9668,96,19,40,0.0000,0.0000,1.2066,0.0000,0.0000,0.0650,0.0650,2,16.6650
11.9809,115,21,40,0.0000,0.0000,1.2063,0.0000,0.0000,0.0646,0.0646,2,16.6650
11.9897,127,46,40,0.0000,0.0000,1.2060,0.0000,0.0000,0.0644,0.0644,2,16.6650
11.9920,130,45,40,0.0000,0.0000,1.2060,0.0000,0.0000,0.0643,0.0643,2,16.6650
12.0134,24,28,40,0.0000,0.0000,1.2054,0.0000,0.0000,0.0637,0.0637,2,16.6650
12.0349,53,20,40,0.0000,0.0000,1.2048,0.0000,0.0000,0.0631,0.0631,2,16.6650
12.0371,56,20,40,0.0000,0.0000,1.2048,0.0000,0.0000,0.0631,0.0631,2,16.6650
12.0534,78,18,40,0.0000,0.0000,1.2043,0.0000,0.0000,0.0626,0.0626,2,16.6650
12.0542,79,19,40,0.0000,0.0000,1.2043,0.0000,0.0000,0.0626,0.0626,2,16.6650
12.0668,96,19,40,0.0000,0.0000,1.2040,0.0000,0.0000,0.0622,0.0622,2,16.6650
12.0808,115,21,40,0.0000,0.0000,1.2036,0.0000,0.0000,0.0618,0.0618,2,16.6650
12.0897,127,46,40,0.0000,0.0000,1.2034,0.0000,0.0000,0.0615,0.0615,2,16.6650
12.0920,130,45,40,0.0000,0.0000,1.2033,0.0000,0.0000,0.0615,0.0615,2,16.6650
12.1134,24,28,40,0.0000,0.0000,1.2027,0.0000,0.0000,0.0608,0.0608,2,16.6650
12.1349,53,20,40,0.0000,0.0000,1.2022,0.0000,0.0000,0.0601,0.0601,2,16.6650
12.1371,56,20,40,0.0000,0.0000,1.2021,0.0000,0.0000,0.0601,0.0601,2,16.6650
12.1534,78,18,40,0.0000,0.0000,1.2017,0.0000,0.0000,0.0596,0.0596,2,16.6650
12.1542,79,19,40,0.0000,0.0000,1.2016,0.0000,0.0000,0.0595,0.0595,2,16.6650
12.1668,96,19,40,0.0000,0.0000,1.2013,0.0000,0.0000,0.0591,0.0591,2,16.6650
12.1808,115,21,40,0.0000,0.0000,1.2010,0.0000,0.0000,0.0587,0.0587,2,16.6650
12.1897,127,46,40,0.0000,0.0000,1.2007,0.0000,0.0000,0.0584,0.0584,2,16.6650
12.1920,130,45,40,0.0000,0.0000,1.2007,0.0000,0.0000,0.0583,0.0583,2,16.6650
12.2134,24,28,40,0.0000,0.0000,1.2001,0.0000,0.0000,0.0576,0.0576,2,16.6650
12.2349,53,20,40,0.0000,0.0000,1.1995,0.0000,0.0000,0.0569,0.0569,2,16.6650
12.2371,56,20,40,0.0000,0.0000,1.1995,0.0000,0.0000,0.0568,0.0568,2,16.6650
12.2534,78,18,40,0.0000,0.0000,1.1991,0.0000,0.0000,0.0562,0.0562,2,16.6650
12.2542,79,19,40,0.0000,0.0000,1.1990,0.0000,0.0000,0.0562,0.0562,2,16.6650
12.2668,96,19,40,0.0000,0.0000,1.1987,0.0000,0.0000,0.0558,0.0558,2,16.6650
12.2808,115,21,40,0.0000,0.0000,1.1984,0.0000,0.0000,0.0553,0.0553,2,16.6650
12.2897,127,46,40,0.0000,0.0000,1.1981,0.0000,0.0000,0.0549,0.0549,2,16.6650
12.2920,130,45,40,0.0000,0.0000,1.1981,0.0000,0.0000,0.0549,0.0549,2,16.6650
12.3134,24,28,40,0.0000,0.0000,1.1975,0.0000,0.0000,0.0541,0.0541,2,16.6650
12.3349,53,20,40,0.0000,0.0000,1.1970,0.0000,0.0000,0.0533,0.0533,2,16.6650
12.3371,56,20,40,0.0000,0.0000,1.1969,0.0000,0.0000,0.0532,0.0532,2,16.6650
12.3534,78,18,40,0.0000,0.0000,1.1965,0.0000,0.0000,0.0526,0.0526,2,16.6650
12.3542,79,19,40,0.0000,0.0000,1.1965,0.0000,0.0000,0.0526,0.0526,2,16.6650
12.3668,96,19,40,0.0000,0.0000,1.1962,0.0000,0.0000,0.0521,0.0521,2,16.6650
12.3809,115,21,40,0.0000,0.0000,1.1958,0.0000,0.0000,0.0516,0.0516,2,16.6650
12.3897,127,46,40,0.0000,0.0000,1.1956,0.0000,0.0000,0.0512,0.0512,2,16.6650
12.3920,130,45,40,0.0000,0.0000,1.1955,0.0000,0.0000,0.0511,0.0511,2,16.6650
12.4134,24,28,40,0.0000,0.0000,1.1950,0.0000,0.0000,0.0503,0.0503,2,16.6650
12.4349,53,20,40,0.0000,0.0000,1.1945,0.0000,0.0000,0.0495,0.0495,2,16.6650
12.4371,56,20,40,0.0000,0.0000,1.1944,0.0000,0.0000,0.0494,0.0494,2,16.6650
12.4534,78,18,40,0.0000,0.0000,1.1940,0.0000,0.0000,0.0487,0.0487,2,16.6650
12.4542,79,19,40,0.0000,0.0000,1.1940,0.0000,0.0000,0.0487,0.0487,2,16.6650
12.4668,96,19,40,0.0000,0.0000,1.1937,0.0000,0.0000,0.0482,0.0482,2,16.6650
12.4808,115,21,40,0.0000,0.0000,1.1933,0.0000,0.0000,0.0476,0.0476,2,16.6650
12.4897,127,46,40,0.0000,0.0000,1.1931,0.0000,0.0000,0.0473,0.0473,2,16.6650
12.4920,130,45,40,0.0000,0.0000,1.1930,0.0000,0.0000,0.0472,0.0472,2,16.6650
12.5134,24,28,40,0.0000,0.0000,1.1925,0.0000,0.0000,0.0463,0.0463,2,16.6650
12.5349,53,20,40,0.0000,0.0000,1.1920,0.0000,0.0000,0.0454,0.0454,2,16.6650
12.5371,56,20,40,0.0000,0.0000,1.1919,0.0000,0.0000,0.0453,0.0453,2,16.6650
12.5534,78,18,40,0.0000,0.0000,1.1915,0.0000,0.0000,0.0446,0.0446,2,16.6650
12.5542,79,19,40,0.0000,0.0000,1.1915,0.0000,0.0000,0.0446,0.0446,2,16.6650
12.5668,96,19,40,0.0000,0.0000,1.1912,0.0000,0.0000,0.0441,0.0441,2,16.6650
12.5808,115,21,40,0.0000,0.0000,1.1909,0.0000,0.0000,0.0435,0.0435,2,16.6650
12.5897,127,46,40,0.0000,0.0000,1.1907,0.0000,0.0000,0.0431,0.0431,2,16.6650
12.5920,130,45,40,0.0000,0.0000,1.1906,0.0000,0.0000,0.0430,0.0430,2,16.6650
12.6134,24,28,40,0.0000,0.0000,1.1901,0.0000,0.0000,0.0421,0.0421,2,16.6650
12.6349,53,20,40,0.0000,0.0000,1.1896,0.0000,0.0000,0.0411,0.0411,2,16.6650
12.6371,56,20,40,0.0000,0.0000,1.1895,0.0000,0.0000,0.0410,0.0410,2,16.6650
12.6534,78,18,40,0.0000,0.0000,1.1891,0.0000,0.0000,0.0403,0.0403,2,16.6650
12.6542,79,19,40,0.0000,0.0000,1.1891,0.0000,0.0000,0.0403,0.0403,2,16.6650
12.6668,96,19,40,0.0000,0.0000,1.1888,0.0000,0.0000,0.0397,0.0397,2,16.6650
12.6808,115,21,40,0.0000,0.0000,1.1885,0.0000,0.0000,0.0391,0.0391,2,16.6650
12.6897,127,46,40,0.0000,0.0000,1.1883,0.0000,0.0000,0.0387,0.0387,2,16.6650
12.6920,130,45,40,0.0000,0.0000,1.1882,0.0000,0.0000,0.0386,0.0386,2,16.6650
12.7134,24,28,40,0.0000,0.0000,1.1877,0.0000,0.0000,0.0376,0.0376,2,16.6650
12.7349,53,20,40,0.0000,0.0000,1.1872,0.0000,0.0000,0.0366,0.0366,2,16.6650
12.7371,56,20,40,0.0000,0.0000,1.1872,0.0000,0.0000,0.0365,0.0365,2,16.6650
12.7534,78,18,40,0.0000,0.0000,1.1868,0.0000,0.0000,0.0358,0.0358,2,16.6650
12.7542,79,19,40,0.0000,0.0000,1.1868,0.0000,0.0000,0.0357,0.0357,2,16.6650
12.7668,96,19,40,0.0000,0.0000,1.1865,0.0000,0.0000,0.0352,0.0352,2,16.6650
12.7808,115,21,40,0.0000,0.0000,1.1861,0.0000,0.0000,0.0345,0.0345,2,16.6650
12.7897,127,46,40,0.0000,0.0000,1.1859,0.0000,0.0000,0.0341,0.0341,2,16.6650
12.7920,130,45,40,0.0000,0.0000,1.1859,0.0000,0.0000,0.0340,0.0340,2,16.6650
12.8134,24,28,40,0.0000,0.0000,1.1854,0.0000,0.0000,0.0330,0.0330,2,16.6650
12.8349,53,20,40,0.0000,0.0000,1.1849,0.0000,0.0000,0.0320,0.0320,2,16.6650
12.8371,56,20,40,0.0000,0.0000,1.1849,0.0000,0.0000,0.0319,0.0319,2,16.6650
12.8534,78,18,40,0.0000,0.0000,1.1845,0.0000,0.0000,0.0311,0.0311,2,16.6650
12.8542,79,19,40,0.0000,0.0000,1.1845,0.0000,0.0000,0.0311,0.0311,2,16.6650
12.8668,96,19,40,0.0000,0.0000,1.1842,0.0000,0.0000,0.0304,0.0304,2,16.6650
12.8808,115,21,40,0.0000,0.0000,1.1839,0.0000,0.0000,0.0298,0.0298,2,16.6650
12.8897,127,46,40,0.0000,0.0000,1.1837,0.0000,0.0000,0.0293,0.0293,2,16.6650
12.8920,130,45,40,0.0000,0.0000,1.1836,0.0000,0.0000,0.0292,0.0292,2,16.6650
12.9134,24,28,40,0.0000,0.0000,1.1831,0.0000,0.0000,0.0282,0.0282,2,16.6650
12.9349,53,20,40,0.0000,0.0000,1.1827,0.0000,0.0000,0.0271,0.0271,2,16.6650
12.9371,56,20,40,0.0000,0.0000,1.1826,0.0000,0.0000,0.0270,0.0270,2,16.6650
12.9534,78,18,40,0.0000,0.0000,1.1822,0.0000,0.0000,0.0262,0.0262,2,16.6650
12.9542,79,19,40,0.0000,0.0000,1.1822,0.0000,0.0000,0.0262,0.0262,2,16.6650
12.9668,96,19,40,0.0000,0.0000,1.1820,0.0000,0.0000,0.0256,0.0256,2,16.6650
12.9808,115,21,40,0.0000,0.0000,1.1816,0.0000,0.0000,0.0249,0.0249,2,16.6650
12.9897,127,46,40,0.0000,0.0000,1.1814,0.0000,0.0000,0.0244,0.0244,2,16.6650
12.9920,130,45,40,0.0000,0.0000,1.1814,0.0000,0.0000,0.0243,0.0243,2,16.6650
13.0134,24,28,40,0.0000,0.0000,1.1809,0.0000,0.0000,0.0233,0.0233,2,16.6650
13.0349,53,20,40,0.0000,0.0000,1.1805,0.0000,0.0000,0.0222,0.0222,2,16.6650
13.0371,56,20,40,0.0000,0.0000,1.1804,0.0000,0.0000,0.0221,0.0221,2,16.6650
13.0534,78,18,40,0.0000,0.0000,1.1801,0.0000,0.0000,0.0213,0.0213,2,16.6650
13.0542,79,19,40,0.0000,0.0000,1.1801,0.0000,0.0000,0.0212,0.0212,2,16.6650
13.0668,96,19,40,0.0000,0.0000,1.1798,0.0000,0.0000,0.0206,0.0206,2,16.6650
13.0808,115,21,40,0.0000,0.0000,1.1795,0.0000,0.0000,0.0199,0.0199,2,16.6650
13.0897,127,46,40,0.0000,0.0000,1.1793,0.0000,0.0000,0.0194,0.0194,2,16.6650
13.0920,130,45,40,0.0000,0.0000,1.1792,0.0000,0.0000,0.0193,0.0193,2,16.6650
13.1134,24,28,40,0.0000,0.0000,1.1788,0.0000,0.0000,0.0182,0.0182,2,16.6650
13.1349,53,20,40,0.0000,0.0000,1.1783,0.0000,0.0000,0.0171,0.0171,2,16.6650
13.1371,56,20,40,0.0000,0.0000,1.1783,0.0000,0.0000,0.0170,0.0170,2,16.6650
13.1534,78,18,40,0.0000,0.0000,1.1780,0.0000,0.0000,0.0162,0.0162,2,16.6650
13.1542,79,19,40,0.0000,0.0000,1.1779,0.0000,0.0000,0.0161,0.0161,2,16.6650
13.1668,96,19,40,0.0000,0.0000,1.1777,0.0000,0.0000,0.0155,0.0155,2,16.6650
13.1808,115,21,40,0.0000,0.0000,1.1774,0.0000,0.0000,0.0148,0.0148,2,16.6650
13.1897,127,46,40,0.0000,0.0000,1.1772,0.0000,0.0000,0.0143,0.0143,2,16.6650
13.1920,130,45,40,0.0000,0.0000,1.1772,0.0000,0.0000,0.0142,0.0142,2,16.6650
13.2134,24,28,40,0.0000,0.0000,1.1767,0.0000,0.0000,0.0131,0.0131,2,16.6650
13.2349,53,20,40,0.0000,0.0000,1.1763,0.0000,0.0000,0.0120,0.0120,2,16.6650
13.2371,56,20,40,0.0000,0.0000,1.1762,0.0000,0.0000,0.0119,0.0119,2,16.6650
13.2534,78,18,40,0.0000,0.0000,1.1759,0.0000,0.0000,0.0110,0.0110,2,16.6650
13.2542,79,19,40,0.0000,0.0000,1.1759,0.0000,0.0000,0.0110,0.0110,2,16.6650
13.2668,96,19,40,0.0000,0.0000,1.1756,0.0000,0.0000,0.0103,0.0103,2,16.6650
13.2809,115,21,40,0.0000,0.0000,1.1754,0.0000,0.0000,0.0096,0.0096,2,16.6650
13.2897,127,46,40,0.0000,0.0000,1.1752,0.0000,0.0000,0.0091,0.0091,2,16.6650
13.2920,130,45,40,0.0000,0.0000,1.1751,0.0000,0.0000,0.0090,0.0090,2,16.6650
13.3134,24,28,40,0.0000,0.0000,1.1747,0.0000,0.0000,0.0079,0.0079,2,16.6650
13.3349,53,20,40,0.0000,0.0000,1.1743,0.0000,0.0000,0.0068,0.0068,2,16.6650
13.3371,56,20,40,0.0000,0.0000,1.1742,0.0000,0.0000,0.0066,0.0066,2,16.6650
13.3534,78,18,40,0.0000,0.0000,1.1739,0.0000,0.0000,0.0058,0.0058,2,16.6650
13.3542,79,19,40,0.0000,0.0000,1.1739,0.0000,0.0000,0.0058,0.0058,2,16.6650
13.3668,96,19,40,0.0000,0.0000,1.1737,0.0000,0.0000,0.0051,0.0051,2,16.6650
13.3808,115,21,40,0.0000,0.0000,1.1734,0.0000,0.0000,0.0044,0.0044,2,16.6650
13.3897,127,46,40,0.0000,0.0000,1.1732,0.0000,0.0000,0.0039,0.0039,2,16.6650
13.3920,130,45,40,0.0000,0.0000,1.1732,0.0000,0.0000,0.0038,0.0038,2,16.6650
13.4134,24,28,40,0.0000,0.0000,1.1728,0.0000,0.0000,0.0027,0.0027,2,16.6650
13.4349,53,20,40,0.0000,0.0000,1.1724,0.0000,0.0000,0.0015,0.0015,2,16.6650
13.4371,56,20,40,0.0000,0.0000,1.1723,0.0000,0.0000,0.0014,0.0014,2,16.6650
13.4534,78,18,40,0.0000,0.0000,1.1720,0.0000,0.0000,0.0006,0.0006,2,16.6650
13.4542,79,19,40,0.0000,0.0000,1.1720,0.0000,0.0000,0.0005,0.0005,2,16.6650
13.4668,96,19,40,0.0000,0.0000,1.1718,0.0000,0.0000,-0.0001,-0.0001,2,16.6650
13.4808,115,21,40,0.0000,0.0000,1.1715,0.0000,0.0000,-0.0009,-0.0009,2,16.6650
13.4897,127,46,40,0.0000,0.0000,1.1713,0.0000,0.0000,-0.0014,-0.0014,2,16.6650
13.4920,130,45,40,0.0000,0.0000,1.1713,0.0000,0.0000,-0.0015,-0.0015,2,16.6650
13.5134,24,28,40,0.0000,0.0000,1.1709,0.0000,0.0000,-0.0026,-0.0026,2,16.6650
13.5349,53,20,40,0.0000,0.0000,1.1705,0.0000,0.0000,-0.0037,-0.0037,2,16.6650
13.5371,56,20,40,0.0000,0.0000,1.1705,0.0000,0.0000,-0.0038,-0.0038,2,16.6650
13.5534,78,18,40,0.0000,0.0000,1.1702,0.0000,0.0000,-0.0047,-0.0047,2,16.6650
13.5542,79,19,40,0.0000,0.0000,1.1702,0.0000,0.0000,-0.0047,-0.0047,2,16.6650
13.5668,96,19,40,0.0000,0.0000,1.1699,0.0000,0.0000,-0.0054,-0.0054,2,16.6650
13.5808,115,21,40,0.0000,0.0000,1.1697,0.0000,0.0000,-0.0061,-0.0061,2,16.6650
13.5897,127,46,40,0.0000,0.0000,1.1695,0.0000,0.0000,-0.0066,-0.0066,2,16.6650
13.5920,130,45,40,0.0000,0.0000,1.1695,0.0000,0.0000,-0.0067,-0.0067,2,16.6650
13.6134,24,28,40,0.0000,0.0000,1.1691,0.0000,0.0000,-0.0078,-0.0078,2,16.6650
13.6349,53,20,40,0.0000,0.0000,1.1687,0.0000,0.0000,-0.0090,-0.0090,2,16.6650
13.6371,56,20,40,0.0000,0.0000,1.1687,0.0000,0.0000,-0.0091,-0.0091,2,16.6650
13.6534,78,18,40,0.0000,0.0000,1.1684,0.0000,0.0000,-0.0099,-0.0099,2,16.6650
13.6542,79,19,40,0.0000,0.0000,1.1684,0.0000,0.0000,-0.0100,-0.0100,2,16.6650
13.6668,96,19,40,0.0000,0.0000,1.1682,0.0000,0.0000,-0.0106,-0.0106,2,16.6650
13.6809,115,21,40,0.0000,0.0000,1.1679,0.0000,0.0000,-0.0113,-0.0113,2,16.6650
13.6897,127,46,40,0.0000,0.0000,1.1678,0.0000,0.0000,-0.0118,-0.0118,2,16.6650
13.6920,130,45,40,0.0000,0.0000,1.1677,0.0000,0.0000,-0.0119,-0.0119,2,16.6650
13.7134,24,28,40,0.0000,0.0000,1.1674,0.0000,0.0000,-0.0130,-0.0130,2,16.6650
13.7349,53,20,40,0.0000,0.0000,1.1670,0.0000,0.0000,-0.0141,-0.0141,2,16.6650
13.7371,56,20,40,0.0000,0.0000,1.1670,0.0000,0.0000,-0.0143,-0.0143,2,16.6650
13.7534,78,18,40,0.0000,0.0000,1.1667,0.0000,0.0000,-0.0151,-0.0151,2,16.6650
13.7542,79,19,40,0.0000,0.0000,1.1667,0.0000,0.0000,-0.0151,-0.0151,2,16.6650
13.7668,96,19,40,0.0000,0.0000,1.1665,0.0000,0.0000,-0.0158,-0.0158,2,16.6650
13.7808,115,21,40,0.0000,0.0000,1.1663,0.0000,0.0000,-0.0165,-0.0165,2,16.6650
13.7897,127,46,40,0.0000,0.0000,1.1661,0.0000,0.0000,-0.0170,-0.0170,2,16.6650
13.7920,130,45,40,0.0000,0.0000,1.1661,0.0000,0.0000,-0.0171,-0.0171,2,16.6650
13.8134,24,28,40,0.0000,0.0000,1.1657,0.0000,0.0000,-0.0182,-0.0182,2,16.6650
13.8349,53,20,40,0.0000,0.0000,1.1654,0.0000,0.0000,-0.0193,-0.0193,2,16.6650
13.8371,56,20,40,0.0000,0.0000,1.1653,0.0000,0.0000,-0.0194,-0.0194,2,16.6650
13.8534,78,18,40,0.0000,0.0000,1.1651,0.0000,0.0000,-0.0202,-0.0202,2,16.6650
13.8542,79,19,40,0.0000,0.0000,1.1651,0.0000,0.0000,-0.0202,-0.0202,2,16.6650
13.8668,96,19,40,0.0000,0.0000,1.1649,0.0000,0.0000,-0.0209,-0.0209,2,16.6650
13.8808,115,21,40,0.0000,0.0000,1.1647,0.0000,0.0000,-0.0216,-0.0216,2,16.6650
13.8897,127,46,40,0.0000,0.0000,1.1645,0.0000,0.0000,-0.0220,-0.0220,2,16.6650
13.8920,130,45,40,0.0000,0.0000,1.1645,0.0000,0.0000,-0.0221,-0.0221,2,16.6650
13.9134,24,28,40,0.0000,0.0000,1.1641,0.0000,0.0000,-0.0232,-0.0232,2,16.6650
13.9349,53,20,40,0.0000,0.0000,1.1638,0.0000,0.0000,-0.0243,-0.0243,2,16.6650
13.9371,56,20,40,0.0000,0.0000,1.1638,0.0000,0.0000,-0.0244,-0.0244,2,16.6650
13.9534,78,18,40,0.0000,0.0000,1.1635,0.0000,0.0000,-0.0252,-0.0252,2,16.6650
13.9542,79,19,40,0.0000,0.0000,1.1635,0.0000,0.0000,-0.0252,-0.0252,2,16.6650
13.9668,96,19,40,0.0000,0.0000,1.1633,0.0000,0.0000,-0.0259,-0.0259,2,16.6650
13.9808,115,21,40,0.0000,0.0000,1.1631,0.0000,0.0000,-0.0265,-0.0265,2,16.6650
13.9897,127,46,40,0.0000,0.0000,1.1630,0.0000,0.0000,-0.0270,-0.0270,2,16.6650
13.9920,130,45,40,0.0000,0.0000,1.1630,0.0000,0.0000,-0.0271,-0.0271,2,16.6650
14.0134,24,28,40,0.0000,0.0000,1.1626,0.0000,0.0000,-0.0281,-0.0281,2,16.6650
14.0349,53,20,40,0.0000,0.0000,1.1623,0.0000,0.0000,-0.0292,-0.0292,2,16.6650
14.0371,56,20,40,0.0000,0.0000,1.1623,0.0000,0.0000,-0.0293,-0.0293,2,16.6650
14.0534,78,18,40,0.0000,0.0000,1.1621,0.0000,0.0000,-0.0301,-0.0301,2,16.6650
14.0542,79,19,40,0.0000,0.0000,1.1621,0.0000,0.0000,-0.0301,-0.0301,2,16.6650
14.0668,96,19,40,0.0000,0.0000,1.1619,0.0000,0.0000,-0.0307,-0.0307,2,16.6650
14.0808,115,21,40,0.0000,0.0000,1.1617,0.0000,0.0000,-0.0314,-0.0314,2,16.6650
14.0897,127,46,40,0.0000,0.0000,1.1616,0.0000,0.0000,-0.0318,-0.0318,2,16.6650
14.0920,130,45,40,0.0000,0.0000,1.1615,0.0000,0.0000,-0.0319,-0.0319,2,16.6650
14.1134,24,28,40,0.0000,0.0000,1.1612,0.0000,0.0000,-0.0329,-0.0329,2,16.6650
14.1349,53,20,40,0.0000,0.0000,1.1609,0.0000,0.0000,-0.0339,-0.0339,2,16.6650
14.1371,56,20,40,0.0000,0.0000,1.1609,0.0000,0.0000,-0.0340,-0.0340,2,16.6650
14.1534,78,18,40,0.0000,0.0000,1.1607,0.0000,0.0000,-0.0348,-0.0348,2,16.6650
14.1542,79,19,40,0.0000,0.0000,1.1607,0.0000,0.0000,-0.0348,-0.0348,2,16.6650
14.1668,96,19,40,0.0000,0.0000,1.1605,0.0000,0.0000,-0.0354,-0.0354,2,16.6650
14.1808,115,21,40,0.0000,0.0000,1.1603,0.0000,0.0000,-0.0361,-0.0361,2,16.6650
14.1897,127,46,40,0.0000,0.0000,1.1602,0.0000,0.0000,-0.0365,-0.0365,2,16.6650
14.1920,130,45,40,0.0000,0.0000,1.1602,0.0000,0.0000,-0.0366,-0.0366,2,16.6650
14.2134,24,28,40,0.0000,0.0000,1.1599,0.0000,0.0000,-0.0376,-0.0376,2,16.6650
14.2349,53,20,40,0.0000,0.0000,1.1596,0.0000,0.0000,-0.0385,-0.0385,2,16.6650
14.2371,56,20,40,0.0000,0.0000,1.1596,0.0000,0.0000,-0.0386,-0.0386,2,16.6650
14.2534,78,18,40,0.0000,0.0000,1.1594,0.0000,0.0000,-0.0394,-0.0394,2,16.6650
14.2542,79,19,40,0.0000,0.0000,1.1594,0.0000,0.0000,-0.0394,-0.0394,2,16.6650
14.2668,96,19,40,0.0000,0.0000,1.1592,0.0000,0.0000,-0.0400,-0.0400,2,16.6650
14.2808,115,21,40,0.0000,0.0000,1.1590,0.0000,0.0000,-0.0406,-0.0406,2,16.6650
14.2897,127,46,40,0.0000,0.0000,1.1589,0.0000,0.0000,-0.0410,-0.0410,2,16.6650
14.2920,130,45,40,0.0000,0.0000,1.1589,0.0000,0.0000,-0.0411,-0.0411,2,16.6650
14.3134,24,28,40,0.0000,0.0000,1.1586,0.0000,0.0000,-0.0420,-0.0420,2,16.6650
14.3349,53,20,40,0.0000,0.0000,1.1584,0.0000,0.0000,-0.0429,-0.0429,2,16.6650
14.3371,56,20,40,0.0000,0.0000,1.1583,0.0000,0.0000,-0.0430,-0.0430,2,16.6650
14.3534,78,18,40,0.0000,0.0000,1.1581,0.0000,0.0000,-0.0437,-0.0437,2,16.6650
14.3542,79,19,40,0.0000,0.0000,1.1581,0.0000,0.0000,-0.0438,-0.0438,2,16.6650
14.3668,96,19,40,0.0000,0.0000,1.1580,0.0000,0.0000,-0.0443,-0.0443,2,16.6650
14.3808,115,21,40,0.0000,0.0000,1.1578,0.0000,0.0000,-0.0449,-0.0449,2,16.6650
14.3897,127,46,40,0.0000,0.0000,1.1577,0.0000,0.0000,-0.0453,-0.0453,2,16.6650
14.3920,130,45,40,0.0000,0.0000,1.1577,0.0000,0.0000,-0.0454,-0.0454,2,16.6650
14.4134,24,28,40,0.0000,0.0000,1.1574,0.0000,0.0000,-0.0463,-0.0463,2,16.6650
14.4349,53,20,40,0.0000,0.0000,1.1572,0.0000,0.0000,-0.0471,-0.0471,2,16.6650
14.4371,56,20,40,0.0000,0.0000,1.1572,0.0000,0.0000,-0.0472,-0.0472,2,16.6650
14.4534,78,18,40,0.0000,0.0000,1.1570,0.0000,0.0000,-0.0479,-0.0479,2,16.6650
14.4542,79,19,40,0.0000,0.0000,1.1570,0.0000,0.0000,-0.0479,-0.0479,2,16.6650
14.4668,96,19,40,0.0000,0.0000,1.1569,0.0000,0.0000,-0.0484,-0.0484,2,16.6650
14.4808,115,21,40,0.0000,0.0000,1.1567,0.0000,0.0000,-0.0490,-0.0490,2,16.6650
14.4897,127,46,40,0.0000,0.0000,1.1566,0.0000,0.0000,-0.0493,-0.0493,2,16.6650
14.4920,130,45,40,0.0000,0.0000,1.1566,0.0000,0.0000,-0.0494,-0.0494,2,16.6650
14.5134,24,28,40,0.0000,0.0000,1.1564,0.0000,0.0000,-0.0503,-0.0503,2,16.6650
14.5349,53,20,40,0.0000,0.0000,1.1561,0.0000,0.0000,-0.0511,-0.0511,2,16.6650
14.5371,56,20,40,0.0000,0.0000,1.1561,0.0000,0.0000,-0.0512,-0.0512,2,16.6650
14.5534,78,18,40,0.0000,0.0000,1.1559,0.0000,0.0000,-0.0518,-0.0518,2,16.6650
14.5542,79,19,40,0.0000,0.0000,1.1559,0.0000,0.0000,-0.0518,-0.0518,2,16.6650
14.5668,96,19,40,0.0000,0.0000,1.1558,0.0000,0.0000,-0.0523,-0.0523,2,16.6650
14.5809,115,21,40,0.0000,0.0000,1.1557,0.0000,0.0000,-0.0528,-0.0528,2,16.6650
14.5897,127,46,40,0.0000,0.0000,1.1556,0.0000,0.0000,-0.0532,-0.0532,2,16.6650
14.5920,130,45,40,0.0000,0.0000,1.1556,0.0000,0.0000,-0.0533,-0.0533,2,16.6650
14.6134,24,28,40,0.0000,0.0000,1.1553,0.0000,0.0000,-0.0540,-0.0540,2,16.6650
14.6349,53,20,40,0.0000,0.0000,1.1551,0.0000,0.0000,-0.0548,-0.0548,2,16.6650
14.6371,56,20,40,0.0000,0.0000,1.1551,0.0000,0.0000,-0.0549,-0.0549,2,16.6650
14.6534,78,18,40,0.0000,0.0000,1.1550,0.0000,0.0000,-0.0555,-0.0555,2,16.6650
14.6542,79,19,40,0.0000,0.0000,1.1550,0.0000,0.0000,-0.0555,-0.0555,2,16.6650
14.6668,96,19,40,0.0000,0.0000,1.1548,0.0000,0.0000,-0.0559,-0.0559,2,16.6650
14.6808,115,21,40,0.0000,0.0000,1.1547,0.0000,0.0000,-0.0564,-0.0564,2,16.6650
14.6897,127,46,40,0.0000,0.0000,1.1546,0.0000,0.0000,-0.0567,-0.0567,2,16.6650
14.6920,130,45,40,0.0000,0.0000,1.1546,0.0000,0.0000,-0.0568,-0.0568,2,16.6650
14.7134,24,28,40,0.0000,0.0000,1.1544,0.0000,0.0000,-0.0575,-0.0575,2,16.6650
14.7349,53,20,40,0.0000,0.0000,1.1542,0.0000,0.0000,-0.0583,-0.0583,2,16.6650
14.7371,56,20,40,0.0000,0.0000,1.1542,0.0000,0.0000,-0.0583,-0.0583,2,16.6650
14.7534,78,18,40,0.0000,0.0000,1.1541,0.0000,0.0000,-0.0589,-0.0589,2,16.6650
14.7542,79,19,40,0.0000,0.0000,1.1541,0.0000,0.0000,-0.0589,-0.0589,2,16.6650
14.7668,96,19,40,0.0000,0.0000,1.1540,0.0000,0.0000,-0.0593,-0.0593,2,16.6650
14.7808,115,21,40,0.0000,0.0000,1.1538,0.0000,0.0000,-0.0598,-0.0598,2,16.6650
14.7897,127,46,40,0.0000,0.0000,1.1538,0.0000,0.0000,-0.0600,-0.0600,2,16.6650
14.7920,130,45,40,0.0000,0.0000,1.1538,0.0000,0.0000,-0.0601,-0.0601,2,16.6650
14.8134,24,28,40,0.0000,0.0000,1.1536,0.0000,0.0000,-0.0608,-0.0608,2,16.6650
14.8349,53,20,40,0.0000,0.0000,1.1534,0.0000,0.0000,-0.0614,-0.0614,2,16.6650
14.8371,56,20,40,0.0000,0.0000,1.1534,0.0000,0.0000,-0.0615,-0.0615,2,16.6650
14.8534,78,18,40,0.0000,0.0000,1.1533,0.0000,0.0000,-0.0620,-0.0620,2,16.6650
14.8542,79,19,40,0.0000,0.0000,1.1533,0.0000,0.0000,-0.0620,-0.0620,2,16.6650
14.8668,96,19,40,0.0000,0.0000,1.1532,0.0000,0.0000,-0.0624,-0.0624,2,16.6650
14.8808,115,21,40,0.0000,0.0000,1.1531,0.0000,0.0000,-0.0628,-0.0628,2,16.6650
14.8897,127,46,40,0.0000,0.0000,1.1530,0.0000,0.0000,-0.0630,-0.0630,2,16.6650
14.8920,130,45,40,0.0000,0.0000,1.1530,0.0000,0.0000,-0.0631,-0.0631,2,16.6650
14.9134,24,28,40,0.0000,0.0000,1.1528,0.0000,0.0000,-0.0637,-0.0637,2,16.6650
14.9349,53,20,40,0.0000,0.0000,1.1527,0.0000,0.0000,-0.0643,-0.0643,2,16.6650
14.9371,56,20,40,0.0000,0.0000,1.1527,0.0000,0.0000,-0.0643,-0.0643,2,16.6650
14.9534,78,18,40,0.0000,0.0000,1.1526,0.0000,0.0000,-0.0648,-0.0648,2,16.6650
14.9542,79,19,40,0.0000,0.0000,1.1525,0.0000,0.0000,-0.0648,-0.0648,2,16.6650
14.9668,96,19,40,0.0000,0.0000,1.1525,0.0000,0.0000,-0.0651,-0.0651,2,16.6650
14.9809,115,21,40,0.0000,0.0000,1.1524,0.0000,0.0000,-0.0655,-0.0655,2,16.6650
14.9897,127,46,40,0.0000,0.0000,1.1523,0.0000,0.0000,-0.0657,-0.0657,2,16.6650
14.9920,130,45,40,0.0000,0.0000,1.1523,0.0000,0.0000,-0.0658,-0.0658,2,16.6650
15.0134,24,28,40,0.0000,0.0000,1.1522,0.0000,0.0000,-0.0663,-0.0663,2,16.6650
15.0349,53,20,40,0.0000,0.0000,1.1520,0.0000,0.0000,-0.0668,-0.0668,2,16.6650
15.0371,56,20,40,0.0000,0.0000,1.1520,0.0000,0.0000,-0.0669,-0.0669,2,16.6650
15.0534,78,18,40,0.0000,0.0000,1.1519,0.0000,0.0000,-0.0673,-0.0673,2,16.6650
15.0542,79,19,40,2.5300,2.9144,1.1519,0.3844,1.0575,0.9903,-0.0673,2,16.6650
15.0668,96,19,40,0.0000,0.0000,1.1518,0.0000,0.0000,-0.0676,-0.0676,2,16.6650
15.0808,115,21,40,0.9800,1.1287,1.1518,0.1487,1.5096,1.4418,-0.0679,2,16.6650
15.0897,127,46,40,0.0000,0.0000,1.1517,0.0000,0.0000,-0.0681,-0.0681,2,16.6650
15.0920,130,45,40,2.2500,2.5913,1.1517,0.3413,-3.1327,-3.2008,-0.0681,2,16.6650
15.1134,24,28,40,0.0000,0.0000,1.1516,0.0000,0.0000,-0.0686,-0.0686,2,16.6650
15.1349,53,20,40,0.0000,0.0000,1.1515,0.0000,0.0000,-0.0690,-0.0690,2,16.6650
15.1371,56,20,40,0.0000,0.0000,1.1515,0.0000,0.0000,-0.0691,-0.0691,2,16.6650
15.1534,78,18,40,0.0000,0.0000,1.1514,0.0000,0.0000,-0.0694,-0.0694,2,16.6650
15.1542,79,19,40,2.5300,2.9130,1.1514,0.3830,1.0575,0.9881,-0.0694,2,16.6650
15.1668,96,19,40,0.0000,0.0000,1.1513,0.0000,0.0000,-0.0697,-0.0697,2,16.6650
15.1808,115,21,40,0.9800,1.1282,1.1512,0.1482,1.5096,1.4397,-0.0700,2,16.6650
15.1897,127,46,40,0.0000,0.0000,1.1512,0.0000,0.0000,-0.0701,-0.0701,2,16.6650
15.1920,130,45,40,2.2500,2.5902,1.1512,0.3402,-3.1327,-3.2029,-0.0702,2,16.6650
15.2134,24,28,40,0.0000,0.0000,1.1511,0.0000,0.0000,-0.0706,-0.0706,2,16.6650
15.2349,53,20,40,0.0000,0.0000,1.1510,0.0000,0.0000,-0.0709,-0.0709,2,16.6650
15.2371,56,20,40,0.0000,0.0000,1.1510,0.0000,0.0000,-0.0710,-0.0710,2,16.6650
15.2534,78,18,40,0.0000,0.0000,1.1509,0.0000,0.0000,-0.0712,-0.0712,2,16.6650
15.2542,79,19,40,2.5300,2.9118,1.1509,0.3818,1.0575,0.9863,-0.0712,2,16.6650
15.2668,96,19,40,0.0000,0.0000,1.1509,0.0000,0.0000,-0.0715,-0.0715,2,16.6650
15.2808,115,21,40,0.9800,1.1278,1.1508,0.1478,1.5096,1.4380,-0.0717,2,16.6650
15.2897,127,46,40,0.0000,0.0000,1.1508,0.0000,0.0000,-0.0718,-0.0718,2,16.6650
15.2920,130,45,40,2.2500,2.5892,1.1508,0.3392,-3.1327,-3.2045,-0.0718,2,16.6650
15.3134,24,28,40,0.0000,0.0000,1.1507,0.0000,0.0000,-0.0722,-0.0722,2,16.6650
15.3349,53,20,40,0.0000,0.0000,1.1506,0.0000,0.0000,-0.0725,-0.0725,2,16.6650
15.3371,56,20,40,0.0000,0.0000,1.1506,0.0000,0.0000,-0.0725,-0.0725,2,16.6650
15.3534,78,18,40,0.0000,0.0000,1.1506,0.0000,0.0000,-0.0727,-0.0727,2,16.6650
15.3542,79,19,40,2.5300,2.9109,1.1506,0.3809,1.0575,0.9848,-0.0727,2,16.6650
15.3668,96,19,40,0.0000,0.0000,1.1505,0.0000,0.0000,-0.0729,-0.0729,2,16.6650
15.3808,115,21,40,0.9800,1.1275,1.1505,0.1475,1.5096,1.4366,-0.0730,2,16.6650
15.3897,127,46,40,0.0000,0.0000,1.1505,0.0000,0.0000,-0.0731,-0.0731,2,16.6650
15.3920,130,45,40,2.2500,2.5885,1.1504,0.3385,-3.1327,-3.2059,-0.0732,2,16.6650
15.4134,24,28,40,0.0000,0.0000,1.1504,0.0000,0.0000,-0.0734,-0.0734,2,16.6650
15.4349,53,20,40,0.0000,0.0000,1.1503,0.0000,0.0000,-0.0736,-0.0736,2,16.6650
15.4371,56,20,40,0.0000,0.0000,1.1503,0.0000,0.0000,-0.0737,-0.0737,2,16.6650
15.4534,78,18,40,0.0000,0.0000,1.1503,0.0000,0.0000,-0.0738,-0.0738,2,16.6650
15.4542,79,19,40,2.5300,2.9102,1.1503,0.3802,1.0575,0.9837,-0.0738,2,16.6650
15.4668,96,19,40,0.0000,0.0000,1.1503,0.0000,0.0000,-0.0739,-0.0739,2,16.6650
15.4808,115,21,40,0.9800,1.1272,1.1502,0.1472,1.5096,1.4356,-0.0741,2,16.6650
15.4897,127,46,40,0.0000,0.0000,1.1502,0.0000,0.0000,-0.0741,-0.0741,2,16.6650
15.4920,130,45,40,2.2500,2.5880,1.1502,0.3380,-3.1327,-3.2068,-0.0741,2,16.6650
15.5134,24,28,40,0.0000,0.0000,1.1502,0.0000,0.0000,-0.0743,-0.0743,2,16.6650
15.5349,53,20,40,0.0000,0.0000,1.1501,0.0000,0.0000,-0.0745,-0.0745,2,16.6650
15.5371,56,20,40,0.0000,0.0000,1.1501,0.0000,0.0000,-0.0745,-0.0745,2,16.6650
15.5534,78,18,40,0.0000,0.0000,1.1501,0.0000,0.0000,-0.0746,-0.0746,2,16.6650
15.5542,79,19,40,2.5300,2.9098,1.1501,0.3798,1.0575,0.9830,-0.0746,2,16.6650
15.5668,96,19,40,0.0000,0.0000,1.1501,0.0000,0.0000,-0.0746,-0.0746,2,16.6650
15.5808,115,21,40,0.9800,1.1271,1.1501,0.1471,1.5096,1.4349,-0.0747,2,16.6650
15.5897,127,46,40,0.0000,0.0000,1.1501,0.0000,0.0000,-0.0747,-0.0747,2,16.6650
15.5920,130,45,40,2.2500,2.5876,1.1501,0.3376,-3.1327,-3.2075,-0.0748,2,16.6650
15.6134,24,28,40,0.0000,0.0000,1.1500,0.0000,0.0000,-0.0748,-0.0748,2,16.6650
15.6349,53,20,40,0.0000,0.0000,1.1500,0.0000,0.0000,-0.0749,-0.0749,2,16.6650
15.6371,56,20,40,0.0000,0.0000,1.1500,0.0000,0.0000,-0.0749,-0.0749,2,16.6650
15.6534,78,18,40,0.0000,0.0000,1.1500,0.0000,0.0000,-0.0749,-0.0749,2,16.6650
15.6542,79,19,40,2.5300,2.9095,1.1500,0.3795,1.0575,0.9826,-0.0749,2,16.6650
15.6668,96,19,40,0.0000,0.0000,1.1500,0.0000,0.0000,-0.0750,-0.0750,2,16.6650
15.6808,115,21,40,0.9800,1.1270,1.1500,0.1470,1.5096,1.4347,-0.0750,2,16.6650
15.6897,127,46,40,0.0000,0.0000,1.1500,0.0000,0.0000,-0.0750,-0.0750,2,16.6650
15.6920,130,45,40,2.2500,2.5875,1.1500,0.3375,-3.1327,-3.2077,-0.0750,2,16.6650
15.7134,24,28,40,0.0000,0.0000,1.1500,0.0000,0.0000,-0.0750,-0.0750,2,16.6650
15.7349,53,20,40,0.0000,0.0000,1.1500,0.0000,0.0000,-0.0750,-0.0750,2,16.6650
15.7371,56,20,40,0.0000,0.0000,1.1500,0.0000,0.0000,-0.0750,-0.0750,2,16.6650
15.7534,78,18,40,0.0000,0.0000,1.1500,0.0000,0.0000,-0.0750,-0.0750,2,16.6650
15.7542,79,19,40,2.5300,2.9095,1.1500,0.3795,1.0575,0.9826,-0.0750,2,16.6650
15.7668,96,19,40,0.0000,0.0000,1.1500,0.0000,0.0000,-0.0749,-0.0749,2,16.6650
15.7808,115,21,40,0.9800,1.1270,1.1500,0.1470,1.5096,1.4347,-0.0749,2,16.6650
15.7897,127,46,40,0.0000,0.0000,1.1500,0.0000,0.0000,-0.0749,-0.0749,2,16.6650
15.7920,130,45,40,2.2500,2.5876,1.1500,0.3376,-3.1327,-3.2076,-0.0749,2,16.6650
15.8134,24,28,40,0.0000,0.0000,1.1501,0.0000,0.0000,-0.0748,-0.0748,2,16.6650
15.8349,53,20,40,0.0000,0.0000,1.1501,0.0000,0.0000,-0.0747,-0.0747,2,16.6650
15.8371,56,20,40,0.0000,0.0000,1.1501,0.0000,0.0000,-0.0747,-0.0747,2,16.6650
15.8534,78,18,40,0.0000,0.0000,1.1501,0.0000,0.0000,-0.0746,-0.0746,2,16.6650
15.8542,79,19,40,2.5300,2.9097,1.1501,0.3797,1.0575,0.9829,-0.0746,2,16.6650
15.8668,96,19,40,0.0000,0.0000,1.1501,0.0000,0.0000,-0.0745,-0.0745,2,16.6650
15.8809,115,21,40,0.9800,1.1271,1.1501,0.1471,1.5096,1.4352,-0.0745,2,16.6650
15.8897,127,46,40,0.0000,0.0000,1.1501,0.0000,0.0000,-0.0744,-0.0744,2,16.6650
15.8920,130,45,40,2.2500,2.5878,1.1502,0.3378,-3.1327,-3.2071,-0.0744,2,16.6650
15.9134,24,28,40,0.0000,0.0000,1.1502,0.0000,0.0000,-0.0742,-0.0742,2,16.6650
15.9349,53,20,40,0.0000,0.0000,1.1502,0.0000,0.0000,-0.0741,-0.0741,2,16.6650
15.9371,56,20,40,0.0000,0.0000,1.1502,0.0000,0.0000,-0.0740,-0.0740,2,16.6650
15.9534,78,18,40,0.0000,0.0000,1.1503,0.0000,0.0000,-0.0739,-0.0739,2,16.6650
15.9542,79,19,40,2.5300,2.9102,1.1503,0.3802,1.0575,0.9837,-0.0739,2,16.6650
15.9668,96,19,40,0.0000,0.0000,1.1503,0.0000,0.0000,-0.0738,-0.0738,2,16.6650
15.9808,115,21,40,0.9800,1.1273,1.1503,0.1473,1.5096,1.4360,-0.0736,2,16.6650
15.9897,127,46,40,0.0000,0.0000,1.1504,0.0000,0.0000,-0.0735,-0.0735,2,16.6650
15.9920,130,45,40,2.2500,2.5883,1.1504,0.3383,-3.1327,-3.2062,-0.0735,2,16.6650
16.0134,24,28,40,1.0600,1.2194,1.1504,0.1594,2.7953,2.7220,-0.0733,2,16.6650
16.0349,53,20,40,0.0000,0.0000,1.1505,0.0000,0.0000,-0.0730,-0.0730,2,16.6650
16.0371,56,20,40,0.0000,0.0000,1.1505,0.0000,0.0000,-0.0730,-0.0730,2,16.6650
16.0534,78,18,40,0.0000,0.0000,1.1505,0.0000,0.0000,-0.0728,-0.0728,2,16.6650
16.0542,79,19,40,5.0800,5.8447,1.1505,0.7647,1.0771,1.0043,-0.0728,2,16.6650
16.0668,96,19,40,1.0300,1.1851,1.1506,0.1551,1.0204,0.9478,-0.0726,2,16.6650
16.0808,115,21,40,1.7000,1.9561,1.1506,0.2561,1.4823,1.4098,-0.0725,2,16.6650
16.0897,127,46,40,0.0000,0.0000,1.1507,0.0000,0.0000,-0.0723,-0.0723,2,16.6650
16.0920,130,45,40,4.5700,5.2585,1.1507,0.6885,-3.1372,-3.2095,-0.0723,2,16.6650
16.1134,24,28,40,1.0600,1.2198,1.1507,0.1598,2.7953,2.7233,-0.0720,2,16.6650
16.1349,53,20,40,0.0000,0.0000,1.1508,0.0000,0.0000,-0.0717,-0.0717,2,16.6650
16.1371,56,20,40,0.0000,0.0000,1.1508,0.0000,0.0000,-0.0716,-0.0716,2,16.6650
16.1534,78,18,40,0.0000,0.0000,1.1509,0.0000,0.0000,-0.0714,-0.0714,2,16.6650
16.1542,79,19,40,5.0800,5.8465,1.1509,0.7665,1.0771,1.0058,-0.0714,2,16.6650
16.1668,96,19,40,1.0300,1.1855,1.1509,0.1555,1.0204,0.9492,-0.0712,2,16.6650
16.1808,115,21,40,1.7000,1.9567,1.1510,0.2567,1.4823,1.4114,-0.0709,2,16.6650
16.1897,127,46,40,0.0000,0.0000,1.1510,0.0000,0.0000,-0.0708,-0.0708,2,16.6650
16.1920,130,45,40,4.5700,5.2603,1.1511,0.6903,-3.1372,-3.2080,-0.0707,2,16.6650
16.2134,24,28,40,1.0600,1.2202,1.1511,0.1602,2.7953,2.7249,-0.0704,2,16.6650
16.2349,53,20,40,0.0000,0.0000,1.1512,0.0000,0.0000,-0.0700,-0.0700,2,16.6650
16.2371,56,20,40,0.0000,0.0000,1.1513,0.0000,0.0000,-0.0699,-0.0699,2,16.6650
16.2534,78,18,40,0.0000,0.0000,1.1513,0.0000,0.0000,-0.0696,-0.0696,2,16.6650
16.2542,79,19,40,5.0800,5.8488,1.1513,0.7688,1.0771,1.0075,-0.0696,2,16.6650
16.2668,96,19,40,1.0300,1.1859,1.1514,0.1559,1.0204,0.9511,-0.0693,2,16.6650
16.2809,115,21,40,1.7000,1.9575,1.1515,0.2575,1.4823,1.4133,-0.0690,2,16.6650
16.2897,127,46,40,0.0000,0.0000,1.1515,0.0000,0.0000,-0.0689,-0.0689,2,16.6650
16.2920,130,45,40,4.5700,5.2625,1.1515,0.6925,-3.1372,-3.2060,-0.0688,2,16.6650
16.3134,24,28,40,1.0600,1.2207,1.1516,0.1607,2.7953,2.7269,-0.0684,2,16.6650
16.3349,53,20,40,0.0000,0.0000,1.1518,0.0000,0.0000,-0.0679,-0.0679,2,16.6650
16.3371,56,20,40,0.0000,0.0000,1.1518,0.0000,0.0000,-0.0678,-0.0678,2,16.6650
16.3534,78,18,40,0.0000,0.0000,1.1519,0.0000,0.0000,-0.0675,-0.0675,2,16.6650
16.3542,79,19,40,5.0800,5.8515,1.1519,0.7715,1.0771,1.0097,-0.0675,2,16.6650
16.3668,96,19,40,1.0300,1.1865,1.1519,0.1565,1.0204,0.9532,-0.0672,2,16.6650
16.3808,115,21,40,1.7000,1.9585,1.1520,0.2585,1.4823,1.4155,-0.0668,2,16.6650
16.3897,127,46,40,0.0000,0.0000,1.1521,0.0000,0.0000,-0.0666,-0.0666,2,16.6650
16.3920,130,45,40,4.5700,5.2651,1.1521,0.6951,-3.1372,-3.2038,-0.0666,2,16.6650
16.4134,24,28,40,1.0600,1.2214,1.1522,0.1614,2.7953,2.7293,-0.0660,2,16.6650
16.4349,53,20,40,0.0000,0.0000,1.1524,0.0000,0.0000,-0.0655,-0.0655,2,16.6650
16.4371,56,20,40,0.0000,0.0000,1.1524,0.0000,0.0000,-0.0654,-0.0654,2,16.6650
16.4534,78,18,40,0.0000,0.0000,1.1525,0.0000,0.0000,-0.0650,-0.0650,2,16.6650
16.4542,79,19,40,5.0800,5.8547,1.1525,0.7747,1.0771,1.0121,-0.0650,2,16.6650
16.4668,96,19,40,1.0300,1.1872,1.1526,0.1572,1.0204,0.9557,-0.0647,2,16.6650
16.4808,115,21,40,1.7000,1.9595,1.1527,0.2595,1.4823,1.4180,-0.0643,2,16.6650
16.4897,127,46,40,0.0000,0.0000,1.1527,0.0000,0.0000,-0.0640,-0.0640,2,16.6650
16.4920,130,45,40,4.5700,5.2681,1.1528,0.6981,-3.1372,-3.2012,-0.0640,2,16.6650
16.5134,24,28,40,1.0600,1.2221,1.1529,0.1621,2.7953,2.7319,-0.0634,2,16.6650
16.5349,53,20,40,0.0000,0.0000,1.1531,0.0000,0.0000,-0.0628,-0.0628,2,16.6650
16.5371,56,20,40,0.0000,0.0000,1.1531,0.0000,0.0000,-0.0627,-0.0627,2,16.6650
16.5534,78,18,40,0.0000,0.0000,1.1532,0.0000,0.0000,-0.0622,-0.0622,2,16.6650
16.5542,79,19,40,5.0800,5.8583,1.1532,0.7783,1.0771,1.0149,-0.0622,2,16.6650
16.5668,96,19,40,1.0300,1.1879,1.1533,0.1579,1.0204,0.9586,-0.0619,2,16.6650
16.5808,115,21,40,1.7000,1.9608,1.1534,0.2608,1.4823,1.4209,-0.0614,2,16.6650
16.5897,127,46,40,0.0000,0.0000,1.1535,0.0000,0.0000,-0.0612,-0.0612,2,16.6650
16.5920,130,45,40,4.5700,5.2715,1.1535,0.7015,-3.1372,-3.1983,-0.0611,2,16.6650
16.6134,24,28,40,1.0600,1.2229,1.1537,0.1629,2.7953,2.7349,-0.0604,2,16.6650
16.6349,53,20,40,0.0000,0.0000,1.1538,0.0000,0.0000,-0.0598,-0.0598,2,16.6650
16.6371,56,20,40,0.0000,0.0000,1.1539,0.0000,0.0000,-0.0597,-0.0597,2,16.6650
16.6534,78,18,40,0.0000,0.0000,1.1540,0.0000,0.0000,-0.0592,-0.0592,2,16.6650
16.6542,79,19,40,5.0800,5.8623,1.1540,0.7823,1.0771,1.0180,-0.0591,2,16.6650
16.6668,96,19,40,1.0300,1.1887,1.1541,0.1587,1.0204,0.9617,-0.0587,2,16.6650
16.6808,115,21,40,1.7000,1.9622,1.1542,0.2622,1.4823,1.4240,-0.0583,2,16.6650
16.6897,127,46,40,0.0000,0.0000,1.1543,0.0000,0.0000,-0.0580,-0.0580,2,16.6650
16.6920,130,45,40,4.5700,5.2753,1.1543,0.7053,-3.1372,-3.1951,-0.0579,2,16.6650
16.7134,24,28,40,1.0600,1.2238,1.1545,0.1638,2.7953,2.7381,-0.0572,2,16.6650
16.7349,53,20,40,0.0000,0.0000,1.1547,0.0000,0.0000,-0.0564,-0.0564,2,16.6650
16.7371,56,20,40,0.0000,0.0000,1.1547,0.0000,0.0000,-0.0564,-0.0564,2,16.6650
16.7534,78,18,40,0.0000,0.0000,1.1549,0.0000,0.0000,-0.0558,-0.0558,2,16.6650
16.7542,79,19,40,5.0800,5.8668,1.1549,0.7868,1.0771,1.0214,-0.0558,2,16.6650
16.7668,96,19,40,1.0300,1.1897,1.1550,0.1597,1.0204,0.9651,-0.0553,2,16.6650
16.7808,115,21,40,1.7000,1.9637,1.1551,0.2637,1.4823,1.4275,-0.0548,2,16.6650
16.7897,127,46,40,0.0000,0.0000,1.1552,0.0000,0.0000,-0.0545,-0.0545,2,16.6650
16.7920,130,45,40,4.5700,5.2795,1.1552,0.7095,-3.1372,-3.1916,-0.0544,2,16.6650
16.8134,24,28,40,1.0600,1.2248,1.1554,0.1648,2.7953,2.7416,-0.0536,2,16.6650
16.8349,53,20,40,0.0000,0.0000,1.1557,0.0000,0.0000,-0.0528,-0.0528,2,16.6650
16.8371,56,20,40,0.0000,0.0000,1.1557,0.0000,0.0000,-0.0528,-0.0528,2,16.6650
16.8534,78,18,40,0.0000,0.0000,1.1558,0.0000,0.0000,-0.0522,-0.0522,2,16.6650
16.8542,79,19,40,5.0800,5.8717,1.1559,0.7917,1.0771,1.0250,-0.0521,2,16.6650
16.8668,96,19,40,1.0300,1.1907,1.1560,0.1607,1.0204,0.9688,-0.0516,2,16.6650
16.8808,115,21,40,1.7000,1.9654,1.1561,0.2654,1.4823,1.4312,-0.0511,2,16.6650
16.8897,127,46,40,0.0000,0.0000,1.1562,0.0000,0.0000,-0.0508,-0.0508,2,16.6650
16.8920,130,45,40,4.5700,5.2840,1.1562,0.7140,-3.1372,-3.1879,-0.0507,2,16.6650
16.9134,24,28,40,1.0600,1.2259,1.1565,0.1659,2.7953,2.7454,-0.0498,2,16.6650
16.9349,53,20,40,0.0000,0.0000,1.1567,0.0000,0.0000,-0.0490,-0.0490,2,16.6650
16.9371,56,20,40,0.0000,0.0000,1.1567,0.0000,0.0000,-0.0489,-0.0489,2,16.6650
16.9534,78,18,40,0.0000,0.0000,1.1569,0.0000,0.0000,-0.0483,-0.0483,2,16.6650
16.9542,79,19,40,5.0800,5.8771,1.1569,0.7971,1.0771,1.0289,-0.0482,2,16.6650
16.9668,96,19,40,1.0300,1.1918,1.1570,0.1618,1.0204,0.9727,-0.0477,2,16.6650
16.9808,115,21,40,1.7000,1.9672,1.1572,0.2672,1.4823,1.4352,-0.0471,2,16.6650
16.9897,127,46,40,0.0000,0.0000,1.1573,0.0000,0.0000,-0.0468,-0.0468,2,16.6650
16.9920,130,45,40,4.5700,5.2890,1.1573,0.7190,-3.1372,-3.1839,-0.0467,2,16.6650
17.0134,24,28,40,2.3900,2.7666,1.1576,0.3766,2.8038,2.7580,-0.0458,2,16.6650
17.0349,53,20,40,0.0000,0.0000,1.1578,0.0000,0.0000,-0.0449,-0.0449,2,16.6650
17.0371,56,20,40,0.0000,0.0000,1.1578,0.0000,0.0000,-0.0448,-0.0448,2,16.6650
17.0534,78,18,40,0.0000,0.0000,1.1580,0.0000,0.0000,-0.0441,-0.0441,2,16.6650
17.0542,79,19,40,6.5100,7.5389,1.1580,1.0289,1.0761,1.0320,-0.0441,2,16.6650
17.0668,96,19,40,2.3200,2.6870,1.1582,0.3670,1.0259,0.9824,-0.0436,2,16.6650
17.0808,115,21,40,2.9500,3.4172,1.1584,0.4672,1.4792,1.4363,-0.0430,2,16.6650
17.0897,127,46,40,0.0000,0.0000,1.1585,0.0000,0.0000,-0.0426,-0.0426,2,16.6650
17.0920,130,45,40,6.9500,8.0515,1.1585,1.1015,-3.1402,-3.1826,-0.0425,2,16.6650
17.1134,24,28,40,2.3900,2.7694,1.1588,0.3794,2.8038,2.7623,-0.0415,2,16.6650
17.1349,53,20,40,0.0000,0.0000,1.1590,0.0000,0.0000,-0.0406,-0.0406,2,16.6650
17.1371,56,20,40,0.0000,0.0000,1.1591,0.0000,0.0000,-0.0405,-0.0405,2,16.6650
17.1534,78,18,40,0.0000,0.0000,1.1593,0.0000,0.0000,-0.0398,-0.0398,2,16.6650
17.1542,79,19,40,6.5100,7.5468,1.1593,1.0368,1.0761,1.0364,-0.0397,2,16.6650
17.1668,96,19,40,2.3200,2.6899,1.1594,0.3699,1.0259,0.9867,-0.0392,2,16.6650
17.1809,115,21,40,2.9500,3.4208,1.1596,0.4708,1.4792,1.4407,-0.0385,2,16.6650
17.1897,127,46,40,0.0000,0.0000,1.1597,0.0000,0.0000,-0.0381,-0.0381,2,16.6650
17.1920,130,45,40,6.9500,8.0602,1.1597,1.1102,-3.1402,-3.1782,-0.0380,2,16.6650
17.2134,24,28,40,2.3900,2.7725,1.1600,0.3825,2.8038,2.7667,-0.0371,2,16.6650
17.2349,53,20,40,0.0000,0.0000,1.1603,0.0000,0.0000,-0.0361,-0.0361,2,16.6650
17.2371,56,20,40,0.0000,0.0000,1.1603,0.0000,0.0000,-0.0360,-0.0360,2,16.6650
17.2534,78,18,40,0.0000,0.0000,1.1606,0.0000,0.0000,-0.0352,-0.0352,2,16.6650
17.2542,79,19,40,6.5100,7.5553,1.1606,1.0453,1.0761,1.0409,-0.0352,2,16.6650
17.2668,96,19,40,2.3200,2.6929,1.1607,0.3729,1.0259,0.9913,-0.0346,2,16.6650
17.2808,115,21,40,2.9500,3.4247,1.1609,0.4747,1.4792,1.4453,-0.0340,2,16.6650
17.2897,127,46,40,0.0000,0.0000,1.1610,0.0000,0.0000,-0.0335,-0.0335,2,16.6650
17.2920,130,45,40,6.9500,8.0695,1.1611,1.1195,-3.1402,-3.1736,-0.0334,2,16.6650
17.3134,24,28,40,2.3900,2.7757,1.1614,0.3857,2.8038,2.7714,-0.0324,2,16.6650
17.3349,53,20,40,0.0000,0.0000,1.1617,0.0000,0.0000,-0.0314,-0.0314,2,16.6650
17.3371,56,20,40,0.0000,0.0000,1.1617,0.0000,0.0000,-0.0313,-0.0313,2,16.6650
17.3534,78,18,40,0.0000,0.0000,1.1619,0.0000,0.0000,-0.0305,-0.0305,2,16.6650
17.3542,79,19,40,6.5100,7.5643,1.1619,1.0543,1.0761,1.0456,-0.0305,2,16.6650
17.3668,96,19,40,2.3200,2.6961,1.1621,0.3761,1.0259,0.9961,-0.0299,2,16.6650
17.3808,115,21,40,2.9500,3.4289,1.1623,0.4789,1.4792,1.4500,-0.0292,2,16.6650
17.3897,127,46,40,0.0000,0.0000,1.1625,0.0000,0.0000,-0.0288,-0.0288,2,16.6650
17.3920,130,45,40,6.9500,8.0793,1.1625,1.1293,-3.1402,-3.1688,-0.0287,2,16.6650
17.4134,24,28,40,2.3900,2.7791,1.1628,0.3891,2.8038,2.7762,-0.0276,2,16.6650
17.4349,53,20,40,0.0000,0.0000,1.1631,0.0000,0.0000,-0.0266,-0.0266,2,16.6650
17.4371,56,20,40,0.0000,0.0000,1.1632,0.0000,0.0000,-0.0264,-0.0264,2,16.6650
17.4534,78,18,40,0.0000,0.0000,1.1634,0.0000,0.0000,-0.0256,-0.0256,2,16.6650
17.4542,79,19,40,6.5100,7.5738,1.1634,1.0638,1.0761,1.0505,-0.0256,2,16.6650
17.4668,96,19,40,2.3200,2.6996,1.1636,0.3796,1.0259,1.0009,-0.0250,2,16.6650
17.4808,115,21,40,2.9500,3.4333,1.1638,0.4833,1.4792,1.4549,-0.0243,2,16.6650
17.4897,127,46,40,0.0000,0.0000,1.1639,0.0000,0.0000,-0.0238,-0.0238,2,16.6650
17.4920,130,45,40,6.9500,8.0897,1.1640,1.1397,-3.1402,-3.1639,-0.0237,2,16.6650
17.5134,24,28,40,2.3900,2.7827,1.1643,0.3927,2.8038,2.7811,-0.0227,2,16.6650
17.5349,53,20,40,0.0000,0.0000,1.1646,0.0000,0.0000,-0.0216,-0.0216,2,16.6650
17.5371,56,20,40,0.0000,0.0000,1.1647,0.0000,0.0000,-0.0215,-0.0215,2,16.6650
17.5534,78,18,40,0.0000,0.0000,1.1649,0.0000,0.0000,-0.0207,-0.0207,2,16.6650
17.5542,79,19,40,6.5100,7.5838,1.1650,1.0738,1.0761,1.0555,-0.0206,2,16.6650
17.5668,96,19,40,2.3200,2.7031,1.1651,0.3831,1.0259,1.0059,-0.0200,2,16.6650
17.5808,115,21,40,2.9500,3.4379,1.1654,0.4879,1.4792,1.4600,-0.0193,2,16.6650
17.5897,127,46,40,0.0000,0.0000,1.1655,0.0000,0.0000,-0.0188,-0.0188,2,16.6650
17.5920,130,45,40,6.9500,8.1006,1.1656,1.1506,-3.1402,-3.1589,-0.0187,2,16.6650
17.6134,24,28,40,2.3900,2.7865,1.1659,0.3965,2.8038,2.7862,-0.0176,2,16.6650
17.6349,53,20,40,0.0000,0.0000,1.1662,0.0000,0.0000,-0.0165,-0.0165,2,16.6650
17.6371,56,20,40,0.0000,0.0000,1.1663,0.0000,0.0000,-0.0164,-0.0164,2,16.6650
17.6534,78,18,40,0.0000,0.0000,1.1666,0.0000,0.0000,-0.0156,-0.0156,2,16.6650
17.6542,79,19,40,6.5100,7.5943,1.1666,1.0843,1.0761,1.0606,-0.0155,2,16.6650
17.6668,96,19,40,2.3200,2.7069,1.1668,0.3869,1.0259,1.0111,-0.0149,2,16.6650
17.6808,115,21,40,2.9500,3.4427,1.1670,0.4927,1.4792,1.4651,-0.0141,2,16.6650
17.6897,127,46,40,0.0000,0.0000,1.1672,0.0000,0.0000,-0.0137,-0.0137,2,16.6650
17.6920,130,45,40,6.9500,8.1120,1.1672,1.1620,-3.1402,-3.1537,-0.0136,2,16.6650
17.7134,24,28,40,2.3900,2.7905,1.1676,0.4005,2.8038,2.7913,-0.0125,2,16.6650
17.7349,53,20,40,0.0000,0.0000,1.1679,0.0000,0.0000,-0.0114,-0.0114,2,16.6650
17.7371,56,20,40,0.0000,0.0000,1.1680,0.0000,0.0000,-0.0112,-0.0112,2,16.6650
17.7534,78,18,40,0.0000,0.0000,1.1682,0.0000,0.0000,-0.0104,-0.0104,2,16.6650
17.7542,79,19,40,6.5100,7.6054,1.1683,1.0954,1.0761,1.0658,-0.0104,2,16.6650
17.7668,96,19,40,2.3200,2.7109,1.1685,0.3909,1.0259,1.0162,-0.0097,2,16.6650
17.7808,115,21,40,2.9500,3.4477,1.1687,0.4977,1.4792,1.4703,-0.0090,2,16.6650
17.7897,127,46,40,0.0000,0.0000,1.1689,0.0000,0.0000,-0.0085,-0.0085,2,16.6650
17.7920,130,45,40,6.9500,8.1240,1.1689,1.1740,-3.1402,-3.1485,-0.0084,2,16.6650
17.8134,24,28,40,2.3900,2.7946,1.1693,0.4046,2.8038,2.7965,-0.0073,2,16.6650
17.8349,53,20,40,0.0000,0.0000,1.1697,0.0000,0.0000,-0.0061,-0.0061,2,16.6650
17.8371,56,20,40,0.0000,0.0000,1.1697,0.0000,0.0000,-0.0060,-0.0060,2,16.6650
17.8534,78,18,40,0.0000,0.0000,1.1700,0.0000,0.0000,-0.0052,-0.0052,2,16.6650
17.8542,79,19,40,6.5100,7.6168,1.1700,1.1068,1.0761,1.0710,-0.0051,2,16.6650
17.8668,96,19,40,2.3200,2.7150,1.1702,0.3950,1.0259,1.0215,-0.0045,2,16.6650
17.8808,115,21,40,2.9500,3.4530,1.1705,0.5030,1.4792,1.4755,-0.0037,2,16.6650
17.8897,127,46,40,0.0000,0.0000,1.1707,0.0000,0.0000,-0.0033,-0.0033,2,16.6650
17.8920,130,45,40,6.9500,8.1364,1.1707,1.1864,-3.1402,-3.1433,-0.0031,2,16.6650
17.9134,24,28,40,2.3900,2.7989,1.1711,0.4089,2.8038,2.8018,-0.0020,2,16.6650
17.9349,53,20,40,0.0000,0.0000,1.1715,0.0000,0.0000,-0.0009,-0.0009,2,16.6650
17.9371,56,20,40,0.0000,0.0000,1.1715,0.0000,0.0000,-0.0008,-0.0008,2,16.6650
17.9534,78,18,40,0.0000,0.0000,1.1718,0.0000,0.0000,0.0001,0.0001,2,16.6650
17.9542,79,19,40,6.5100,7.6288,1.1719,1.1188,1.0761,1.0762,0.0001,2,16.6650
17.9668,96,19,40,2.3200,2.7193,1.1721,0.3993,1.0259,1.0267,0.0008,2,16.6650
17.9808,115,21,40,2.9500,3.4585,1.1724,0.5085,1.4792,1.4807,0.0015,2,16.6650
17.9897,127,46,40,0.0000,0.0000,1.1725,0.0000,0.0000,0.0020,0.0020,2,16.6650
17.9920,130,45,40,6.9500,8.1494,1.1726,1.1994,-3.1402,-3.1381,0.0021,2,16.6650
18.0134,24,28,40,2.7000,3.1670,1.1730,0.4670,2.7986,2.8018,0.0032,2,16.6650
18.0349,53,20,40,0.0000,0.0000,1.1734,0.0000,0.0000,0.0044,0.0044,2,16.6650
18.0371,56,20,40,0.0000,0.0000,1.1734,0.0000,0.0000,0.0045,0.0045,2,16.6650
18.0534,78,18,40,0.0000,0.0000,1.1738,0.0000,0.0000,0.0053,0.0053,2,16.6650
18.0542,79,19,40,8.2300,9.6601,1.1738,1.4301,1.0783,1.0836,0.0054,2,16.6650
18.0668,96,19,40,3.1600,3.7099,1.1740,0.5499,1.0266,1.0326,0.0060,2,16.6650
18.0808,115,21,40,4.0000,4.6971,1.1743,0.6971,1.4783,1.4851,0.0068,2,16.6650
18.0897,127,46,40,0.0000,0.0000,1.1745,0.0000,0.0000,0.0072,0.0072,2,16.6650
18.0920,130,45,40,8.3900,9.8541,1.1745,1.4641,3.1260,3.1334,0.0073,2,16.6650
18.1134,24,28,40,2.7000,3.1723,1.1749,0.4723,2.7986,2.8071,0.0085,2,16.6650
18.1371,56,20,40,0.0000,0.0000,1.1754,0.0000,0.0000,0.0097,0.0097,2,16.6650
18.1534,78,18,40,0.0000,0.0000,1.1757,0.0000,0.0000,0.0105,0.0105,2,16.6650
18.1542,79,19,40,8.2300,9.6763,1.1757,1.4463,1.0783,1.0888,0.0106,2,16.6650
18.1668,96,19,40,3.1600,3.7161,1.1760,0.5561,1.0266,1.0378,0.0112,2,16.6650
18.1808,115,21,40,4.0000,4.7051,1.1763,0.7051,1.4783,1.4903,0.0120,2,16.6650
18.1897,127,46,40,0.0000,0.0000,1.1765,0.0000,0.0000,0.0124,0.0124,2,16.6650
18.1920,130,45,40,8.3900,9.8709,1.1765,1.4809,3.1260,3.1386,0.0125,2,16.6650
18.2134,24,28,40,2.7000,3.1777,1.1769,0.4777,2.7986,2.8123,0.0137,2,16.6650
18.2378,56,20,40,0.0000,0.0000,1.1774,0.0000,0.0000,0.0149,0.0149,2,16.6650
18.2534,78,18,40,0.0000,0.0000,1.1778,0.0000,0.0000,0.0157,0.0157,2,16.6650
18.2542,79,19,40,8.2300,9.6932,1.1778,1.4632,1.0783,1.0940,0.0157,2,16.6650
18.2668,96,19,40,3.1600,3.7226,1.1780,0.5626,1.0266,1.0430,0.0164,2,16.6650
18.2809,115,21,40,4.0000,4.7134,1.1783,0.7134,1.4783,1.4954,0.0171,2,16.6650
18.2897,127,46,40,0.0000,0.0000,1.1785,0.0000,0.0000,0.0176,0.0176,2,16.6650
18.2920,130,45,40,8.3900,9.8882,1.1786,1.4982,3.1260,3.1437,0.0177,2,16.6650
18.3134,24,28,40,2.7000,3.1834,1.1790,0.4834,2.7986,2.8174,0.0188,2,16.6650
18.3371,56,20,40,0.0000,0.0000,1.1795,0.0000,0.0000,0.0200,0.0200,2,16.6650
18.3534,78,18,40,0.0000,0.0000,1.1799,0.0000,0.0000,0.0208,0.0208,2,16.6650
18.3542,79,19,40,8.2300,9.7105,1.1799,1.4805,1.0783,1.0991,0.0208,2,16.6650
18.3668,96,19,40,3.1600,3.7293,1.1802,0.5693,1.0266,1.0481,0.0215,2,16.6650
18.3808,115,21,40,4.0000,4.7219,1.1805,0.7219,1.4783,1.5005,0.0222,2,16.6650
18.3897,127,46,40,0.0000,0.0000,1.1807,0.0000,0.0000,0.0226,0.0226,2,16.6650
18.3920,130,45,40,8.3900,9.9061,1.1807,1.5161,3.1260,3.1488,0.0227,2,16.6650
18.4134,24,28,40,2.7000,3.1892,1.1812,0.4892,2.7986,2.8224,0.0238,2,16.6650
18.4371,56,20,40,0.0000,0.0000,1.1817,0.0000,0.0000,0.0250,0.0250,2,16.6650
18.4534,78,18,40,0.0000,0.0000,1.1820,0.0000,0.0000,0.0258,0.0258,2,16.6650
18.4542,79,19,40,8.2300,9.7284,1.1821,1.4984,1.0783,1.1041,0.0258,2,16.6650
18.4668,96,19,40,3.1600,3.7362,1.1823,0.5762,1.0266,1.0530,0.0264,2,16.6650
18.4808,115,21,40,4.0000,4.7306,1.1827,0.7306,1.4783,1.5055,0.0271,2,16.6650
18.4897,127,46,40,0.0000,0.0000,1.1828,0.0000,0.0000,0.0276,0.0276,2,16.6650
18.4920,130,45,40,8.3900,9.9245,1.1829,1.5345,3.1260,3.1537,0.0277,2,16.6650
18.5134,24,28,40,2.7000,3.1951,1.1834,0.4951,2.7986,2.8273,0.0287,2,16.6650
18.5371,56,20,40,0.0000,0.0000,1.1839,0.0000,0.0000,0.0299,0.0299,2,16.6650
18.5534,78,18,40,0.0000,0.0000,1.1843,0.0000,0.0000,0.0307,0.0307,2,16.6650
18.5542,79,19,40,8.2300,9.7467,1.1843,1.5167,1.0783,1.1089,0.0307,2,16.6650
18.5668,96,19,40,3.1600,3.7433,1.1846,0.5833,1.0266,1.0579,0.0313,2,16.6650
18.5808,115,21,40,4.0000,4.7396,1.1849,0.7396,1.4783,1.5103,0.0320,2,16.6650
18.5897,127,46,40,0.0000,0.0000,1.1851,0.0000,0.0000,0.0324,0.0324,2,16.6650
18.5920,130,45,40,8.3900,9.9434,1.1852,1.5534,3.1260,3.1585,0.0325,2,16.6650
18.6134,24,28,40,2.7000,3.2012,1.1856,0.5012,2.7986,2.8321,0.0335,2,16.6650
18.6371,56,20,40,0.0000,0.0000,1.1862,0.0000,0.0000,0.0346,0.0346,2,16.6650
18.6534,78,18,40,0.0000,0.0000,1.1866,0.0000,0.0000,0.0354,0.0354,2,16.6650
18.6542,79,19,40,8.2300,9.7656,1.1866,1.5356,1.0783,1.1137,0.0354,2,16.6650
18.6668,96,19,40,3.1600,3.7505,1.1869,0.5905,1.0266,1.0626,0.0360,2,16.6650
18.6808,115,21,40,4.0000,4.7488,1.1872,0.7488,1.4783,1.5150,0.0366,2,16.6650
18.6897,127,46,40,0.0000,0.0000,1.1874,0.0000,0.0000,0.0370,0.0370,2,16.6650
18.6920,130,45,40,8.3900,9.9628,1.1875,1.5728,3.1260,3.1632,0.0371,2,16.6650
18.7134,24,28,40,2.7000,3.2075,1.1880,0.5075,2.7986,2.8367,0.0381,2,16.6650
18.7371,56,20,40,0.0000,0.0000,1.1885,0.0000,0.0000,0.0392,0.0392,2,16.6650
18.7534,78,18,40,0.0000,0.0000,1.1889,0.0000,0.0000,0.0399,0.0399,2,16.6650
18.7542,79,19,40,8.2300,9.7849,1.1889,1.5549,1.0783,1.1182,0.0399,2,16.6650
18.7668,96,19,40,3.1600,3.7580,1.1892,0.5980,1.0266,1.0671,0.0405,2,16.6650
18.7808,115,21,40,4.0000,4.7583,1.1896,0.7583,1.4783,1.5194,0.0411,2,16.6650
18.7897,127,46,40,0.0000,0.0000,1.1898,0.0000,0.0000,0.0415,0.0415,2,16.6650
18.7920,130,45,40,8.3900,9.9827,1.1898,1.5927,3.1260,3.1676,0.0416,2,16.6650
18.8134,24,28,40,2.7000,3.2139,1.1903,0.5139,2.7986,2.8412,0.0425,2,16.6650
18.8371,56,20,40,0.0000,0.0000,1.1909,0.0000,0.0000,0.0436,0.0436,2,16.6650
18.8534,78,18,40,0.0000,0.0000,1.1913,0.0000,0.0000,0.0442,0.0442,2,16.6650
18.8542,79,19,40,8.2300,9.8047,1.1913,1.5747,1.0783,1.1225,0.0443,2,16.6650
18.8668,96,19,40,3.1600,3.7656,1.1916,0.6056,1.0266,1.0714,0.0448,2,16.6650
18.8808,115,21,40,4.0000,4.7679,1.1920,0.7679,1.4783,1.5237,0.0454,2,16.6650
18.8897,127,46,40,0.0000,0.0000,1.1922,0.0000,0.0000,0.0458,0.0458,2,16.6650
18.8920,130,45,40,8.3900,10.0030,1.1923,1.6130,3.1260,3.1719,0.0459,2,16.6650
18.9134,24,28,40,2.7000,3.2205,1.1928,0.5205,2.7986,2.8454,0.0468,2,16.6650
18.9371,56,20,40,0.0000,0.0000,1.1934,0.0000,0.0000,0.0477,0.0477,2,16.6650
18.9534,78,18,40,0.0000,0.0000,1.1938,0.0000,0.0000,0.0484,0.0484,2,16.6650
18.9542,79,19,40,8.2300,9.8249,1.1938,1.5949,1.0783,1.1267,0.0484,2,16.6650
18.9668,96,19,40,3.1600,3.7734,1.1941,0.6134,1.0266,1.0755,0.0489,2,16.6650
18.9808,115,21,40,4.0000,4.7778,1.1945,0.7778,1.4783,1.5278,0.0495,2,16.6650
18.9897,127,46,40,0.0000,0.0000,1.1947,0.0000,0.0000,0.0498,0.0498,2,16.6650
18.9920,130,45,40,8.3900,10.0238,1.1947,1.6338,3.1260,3.1759,0.0499,2,16.6650
19.0134,24,28,40,4.4100,5.2711,1.1953,0.8611,2.7975,2.8482,0.0507,2,16.6650
19.0371,56,20,40,0.0000,0.0000,1.1959,0.0000,0.0000,0.0516,0.0516,2,16.6650
19.0534,78,18,40,0.0000,0.0000,1.1963,0.0000,0.0000,0.0523,0.0523,2,16.6650
19.0542,79,19,40,9.8500,11.7835,1.1963,1.9335,1.0762,1.1285,0.0523,2,16.6650
19.0668,96,19,40,4.3100,5.1574,1.1966,0.8474,1.0602,1.1130,0.0528,2,16.6650
19.0808,115,21,40,5.1100,6.1165,1.1970,1.0065,1.4787,1.5320,0.0533,2,16.6650
19.0897,127,46,40,0.0000,0.0000,1.1972,0.0000,0.0000,0.0536,0.0536,2,16.6650
19.0920,130,45,40,9.7200,11.6373,1.1973,1.9173,3.1189,3.1726,0.0537,2,16.6650
19.1134,24,28,40,4.4100,5.2823,1.1978,0.8723,2.7975,2.8520,0.0545,2,16.6650
19.1371,56,20,40,0.0000,0.0000,1.1984,0.0000,0.0000,0.0553,0.0553,2,16.6650
19.1534,78,18,40,0.0000,0.0000,1.1988,0.0000,0.0000,0.0559,0.0559,2,16.6650
19.1542,79,19,40,9.8500,11.8087,1.1988,1.9587,1.0762,1.1321,0.0559,2,16.6650
19.1668,96,19,40,4.3100,5.1684,1.1992,0.8584,1.0602,1.1166,0.0564,2,16.6650
19.1808,115,21,40,5.1100,6.1296,1.1995,1.0196,1.4787,1.5356,0.0568,2,16.6650
19.1897,127,46,40,0.0000,0.0000,1.1998,0.0000,0.0000,0.0572,0.0572,2,16.6650
19.1920,130,45,40,9.7200,11.6623,1.1998,1.9423,3.1189,3.1762,0.0572,2,16.6650
19.2134,24,28,40,4.4100,5.2937,1.2004,0.8837,2.7975,2.8554,0.0580,2,16.6650
19.2371,56,20,40,0.0000,0.0000,1.2010,0.0000,0.0000,0.0587,0.0587,2,16.6650
19.2534,78,18,40,0.0000,0.0000,1.2014,0.0000,0.0000,0.0593,0.0593,2,16.6650
19.2542,79,19,40,9.8500,11.8343,1.2015,1.9843,1.0762,1.1354,0.0593,2,16.6650
19.2668,96,19,40,4.3100,5.1797,1.2018,0.8697,1.0602,1.1199,0.0597,2,16.6650
19.2808,115,21,40,5.1100,6.1430,1.2022,1.0330,1.4787,1.5389,0.0601,2,16.6650
19.2897,127,46,40,0.0000,0.0000,1.2024,0.0000,0.0000,0.0604,0.0604,2,16.6650
19.2920,130,45,40,9.7200,11.6878,1.2024,1.9678,3.1189,3.1794,0.0605,2,16.6650
19.3134,24,28,40,4.4100,5.3053,1.2030,0.8953,2.7975,2.8586,0.0611,2,16.6650
19.3371,56,20,40,0.0000,0.0000,1.2036,0.0000,0.0000,0.0619,0.0619,2,16.6650
19.3534,78,18,40,0.0000,0.0000,1.2041,0.0000,0.0000,0.0623,0.0623,2,16.6650
19.3542,79,19,40,9.8500,11.8603,1.2041,2.0103,1.0762,1.1385,0.0624,2,16.6650
19.3668,96,19,40,4.3100,5.1911,1.2044,0.8811,1.0602,1.1230,0.0627,2,16.6650
19.3808,115,21,40,5.1100,6.1566,1.2048,1.0466,1.4787,1.5418,0.0631,2,16.6650
19.3897,127,46,40,0.0000,0.0000,1.2050,0.0000,0.0000,0.0634,0.0634,2,16.6650
19.3920,130,45,40,9.7200,11.7136,1.2051,1.9936,3.1189,3.1824,0.0634,2,16.6650
19.4134,24,28,40,4.4100,5.3171,1.2057,0.9071,2.7975,2.8615,0.0640,2,16.6650
19.4371,56,20,40,0.0000,0.0000,1.2063,0.0000,0.0000,0.0647,0.0647,2,16.6650
19.4534,78,18,40,0.0000,0.0000,1.2068,0.0000,0.0000,0.0651,0.0651,2,16.6650
19.4542,79,19,40,9.8500,11.8868,1.2068,2.0368,1.0762,1.1413,0.0651,2,16.6650
19.4668,96,19,40,4.3100,5.2027,1.2071,0.8927,1.0602,1.1257,0.0654,2,16.6650
19.4808,115,21,40,5.1100,6.1703,1.2075,1.0603,1.4787,1.5445,0.0658,2,16.6650
19.4897,127,46,40,0.0000,0.0000,1.2077,0.0000,0.0000,0.0660,0.0660,2,16.6650
19.4920,130,45,40,9.7200,11.7399,1.2078,2.0199,3.1189,3.1850,0.0661,2,16.6650
19.5134,24,28,40,4.4100,5.3290,1.2084,0.9190,2.7975,2.8641,0.0666,2,16.6650
19.5371,56,20,40,0.0000,0.0000,1.2090,0.0000,0.0000,0.0672,0.0672,2,16.6650
19.5534,78,18,40,0.0000,0.0000,1.2095,0.0000,0.0000,0.0675,0.0675,2,16.6650
19.5542,79,19,40,9.8500,11.9136,1.2095,2.0636,1.0762,1.1437,0.0676,2,16.6650
19.5668,96,19,40,4.3100,5.2145,1.2098,0.9045,1.0602,1.1281,0.0678,2,16.6650
19.5808,115,21,40,5.1100,6.1843,1.2102,1.0743,1.4787,1.5469,0.0682,2,16.6650
19.5897,127,46,40,0.0000,0.0000,1.2105,0.0000,0.0000,0.0683,0.0683,2,16.6650
19.5920,130,45,40,9.7200,11.7665,1.2105,2.0465,3.1189,3.1873,0.0684,2,16.6650
19.6134,24,28,40,4.4100,5.3411,1.2111,0.9311,2.7975,2.8663,0.0689,2,16.6650
19.6371,56,20,40,0.0000,0.0000,1.2118,0.0000,0.0000,0.0693,0.0693,2,16.6650
19.6534,78,18,40,0.0000,0.0000,1.2122,0.0000,0.0000,0.0697,0.0697,2,16.6650
19.6542,79,19,40,9.8500,11.9408,1.2123,2.0908,1.0762,1.1458,0.0697,2,16.6650
19.6668,96,19,40,4.3100,5.2264,1.2126,0.9164,1.0602,1.1302,0.0699,2,16.6650
19.6808,115,21,40,5.1100,6.1985,1.2130,1.0885,1.4787,1.5489,0.0702,2,16.6650
19.6897,127,46,40,0.0000,0.0000,1.2133,0.0000,0.0000,0.0703,0.0703,2,16.6650
19.6920,130,45,40,9.7200,11.7934,1.2133,2.0734,3.1189,3.1893,0.0704,2,16.6650
19.7134,24,28,40,4.4100,5.3534,1.2139,0.9434,2.7975,2.8683,0.0708,2,16.6650
19.7371,56,20,40,0.0000,0.0000,1.2146,0.0000,0.0000,0.0712,0.0712,2,16.6650
19.7534,78,18,40,0.0000,0.0000,1.2150,0.0000,0.0000,0.0714,0.0714,2,16.6650
19.7542,79,19,40,9.8500,11.9683,1.2151,2.1183,1.0762,1.1476,0.0714,2,16.6650
19.7668,96,19,40,4.3100,5.2384,1.2154,0.9284,1.0602,1.1319,0.0716,2,16.6650
19.7808,115,21,40,5.1100,6.2128,1.2158,1.1028,1.4787,1.5506,0.0719,2,16.6650
19.7897,127,46,40,0.0000,0.0000,1.2161,0.0000,0.0000,0.0720,0.0720,2,16.6650
19.7920,130,45,40,9.7200,11.8207,1.2161,2.1007,3.1189,3.1910,0.0720,2,16.6650
19.8134,24,28,40,4.4100,5.3658,1.2167,0.9558,2.7975,2.8698,0.0723,2,16.6650
19.8371,56,20,40,0.0000,0.0000,1.2174,0.0000,0.0000,0.0726,0.0726,2,16.6650
19.8534,78,18,40,0.0000,0.0000,1.2179,0.0000,0.0000,0.0729,0.0729,2,16.6650
19.8542,79,19,40,9.8500,11.9962,1.2179,2.1462,1.0762,1.1490,0.0729,2,16.6650
19.8668,96,19,40,4.3100,5.2506,1.2182,0.9406,1.0602,1.1333,0.0730,2,16.6650
19.8808,115,21,40,5.1100,6.2273,1.2186,1.1173,1.4787,1.5519,0.0732,2,16.6650
19.8897,127,46,40,0.0000,0.0000,1.2189,0.0000,0.0000,0.0733,0.0733,2,16.6650
19.8920,130,45,40,9.7200,11.8483,1.2190,2.1283,3.1189,3.1922,0.0733,2,16.6650
19.9134,24,28,40,4.4100,5.3783,1.2196,0.9683,2.7975,2.8710,0.0735,2,16.6650
19.9371,56,20,40,0.0000,0.0000,1.2203,0.0000,0.0000,0.0738,0.0738,2,16.6650
19.9534,78,18,40,0.0000,0.0000,1.2207,0.0000,0.0000,0.0739,0.0739,2,16.6650
19.9542,79,19,40,9.8500,12.0243,1.2207,2.1743,1.0762,1.1501,0.0739,2,16.6650
19.9668,96,19,40,4.3100,5.2630,1.2211,0.9530,1.0602,1.1343,0.0740,2,16.6650
19.9809,115,21,40,5.1100,6.2419,1.2215,1.1319,1.4787,1.5529,0.0742,2,16.6650
19.9897,127,46,40,0.0000,0.0000,1.2218,0.0000,0.0000,0.0742,0.0742,2,16.6650
19.9920,130,45,40,9.7200,11.8762,1.2218,2.1562,3.1189,3.1932,0.0742,2,16.6650
20.0134,24,28,40,4.4700,5.4643,1.2224,0.9943,2.8726,2.9470,0.0744,2,16.6650
20.0371,56,20,40,0.0000,0.0000,1.2231,0.0000,0.0000,0.0745,0.0745,2,16.6650
20.0534,78,18,40,0.0000,0.0000,1.2236,0.0000,0.0000,0.0746,0.0746,2,16.6650
20.0542,79,19,40,12.0600,14.7569,1.2236,2.6969,1.0778,1.1524,0.0746,2,16.6650
20.0668,96,19,40,4.9900,6.1077,1.2240,1.1177,1.0766,1.1513,0.0747,2,16.6650
20.0808,115,21,40,5.7900,7.0892,1.2244,1.2992,1.4705,1.5452,0.0748,2,16.6650
20.0897,127,46,40,0.0000,0.0000,1.2247,0.0000,0.0000,0.0748,0.0748,2,16.6650
20.0920,130,45,40,12.0500,14.7578,1.2247,2.7078,3.1200,3.1948,0.0748,2,16.6650
20.1134,24,28,40,4.4700,5.4773,1.2253,1.0073,2.8726,2.9474,0.0749,2,16.6650
20.1371,56,20,40,0.0000,0.0000,1.2260,0.0000,0.0000,0.0749,0.0749,2,16.6650
20.1534,78,18,40,0.0000,0.0000,1.2265,0.0000,0.0000,0.0750,0.0750,2,16.6650
20.1542,79,19,40,12.0600,14.7919,1.2265,2.7319,1.0778,1.1527,0.0750,2,16.6650
20.1668,96,19,40,4.9900,6.1222,1.2269,1.1322,1.0766,1.1516,0.0750,2,16.6650
20.1808,115,21,40,5.7900,7.1061,1.2273,1.3161,1.4705,1.5455,0.0750,2,16.6650
20.1897,127,46,40,0.0000,0.0000,1.2276,0.0000,0.0000,0.0750,0.0750,2,16.6650
20.1920,130,45,40,12.0500,14.7930,1.2276,2.7430,3.1200,3.1950,0.0750,2,16.6650
20.2134,24,28,40,4.4700,5.4903,1.2283,1.0203,2.8726,2.9476,0.0750,2,16.6650
20.2374,56,20,40,0.0000,0.0000,1.2290,0.0000,0.0000,0.0750,0.0750,2,16.6650
20.2534,78,18,40,0.0000,0.0000,1.2294,0.0000,0.0000,0.0749,0.0749,2,16.6650
20.2542,79,19,40,12.0600,14.8272,1.2295,2.7672,1.0778,1.1527,0.0749,2,16.6650
20.2668,96,19,40,4.9900,6.1368,1.2298,1.1468,1.0766,1.1515,0.0749,2,16.6650
20.2809,115,21,40,5.7900,7.1231,1.2302,1.3331,1.4705,1.5453,0.0749,2,16.6650
20.2897,127,46,40,0.0000,0.0000,1.2305,0.0000,0.0000,0.0748,0.0748,2,16.6650
20.2920,130,45,40,12.0500,14.8283,1.2306,2.7783,3.1200,3.1948,0.0748,2,16.6650
20.3134,24,28,40,4.4700,5.5035,1.2312,1.0335,2.8726,2.9473,0.0747,2,16.6650
20.3371,56,20,40,0.0000,0.0000,1.2319,0.0000,0.0000,0.0746,0.0746,2,16.6650
20.3534,78,18,40,0.0000,0.0000,1.2324,0.0000,0.0000,0.0745,0.0745,2,16.6650
20.3542,79,19,40,12.0600,14.8627,1.2324,2.8027,1.0778,1.1523,0.0745,2,16.6650
20.3668,96,19,40,4.9900,6.1515,1.2328,1.1615,1.0766,1.1510,0.0745,2,16.6650
20.3808,115,21,40,5.7900,7.1402,1.2332,1.3502,1.4705,1.5448,0.0744,2,16.6650
20.3897,127,46,40,0.0000,0.0000,1.2334,0.0000,0.0000,0.0743,0.0743,2,16.6650
20.3920,130,45,40,12.0500,14.8639,1.2335,2.8139,3.1200,3.1943,0.0743,2,16.6650
20.4134,24,28,40,4.4700,5.5167,1.2342,1.0467,2.8726,2.9467,0.0741,2,16.6650
20.4371,56,20,40,0.0000,0.0000,1.2349,0.0000,0.0000,0.0739,0.0739,2,16.6650
20.4534,78,18,40,0.0000,0.0000,1.2353,0.0000,0.0000,0.0738,0.0738,2,16.6650
20.4542,79,19,40,12.0600,14.8984,1.2354,2.8384,1.0778,1.1515,0.0738,2,16.6650
20.4668,96,19,40,4.9900,6.1663,1.2357,1.1763,1.0766,1.1502,0.0737,2,16.6650
20.4808,115,21,40,5.7900,7.1573,1.2362,1.3673,1.4705,1.5440,0.0735,2,16.6650
20.4897,127,46,40,0.0000,0.0000,1.2364,0.0000,0.0000,0.0734,0.0734,2,16.6650
20.4920,130,45,40,12.0500,14.8996,1.2365,2.8496,3.1200,3.1934,0.0734,2,16.6650
20.5134,24,28,40,4.4700,5.5299,1.2371,1.0599,2.8726,2.9457,0.0732,2,16.6650
20.5371,56,20,40,0.0000,0.0000,1.2378,0.0000,0.0000,0.0729,0.0729,2,16.6650
20.5534,78,18,40,0.0000,0.0000,1.2383,0.0000,0.0000,0.0727,0.0727,2,16.6650
20.5542,79,19,40,12.0600,14.9343,1.2383,2.8743,1.0778,1.1504,0.0727,2,16.6650
20.5668,96,19,40,4.9900,6.1812,1.2387,1.1912,1.0766,1.1491,0.0725,2,16.6650
20.5808,115,21,40,5.7900,7.1746,1.2391,1.3846,1.4705,1.5428,0.0723,2,16.6650
20.5897,127,46,40,0.0000,0.0000,1.2394,0.0000,0.0000,0.0722,0.0722,2,16.6650
20.5920,130,45,40,12.0500,14.9355,1.2395,2.8855,3.1200,3.1921,0.0721,2,16.6650
20.6134,24,28,40,4.4700,5.5433,1.2401,1.0733,2.8726,2.9444,0.0718,2,16.6650
20.6371,56,20,40,0.0000,0.0000,1.2408,0.0000,0.0000,0.0715,0.0715,2,16.6650
20.6534,78,18,40,0.0000,0.0000,1.2413,0.0000,0.0000,0.0712,0.0712,2,16.6650
20.6542,79,19,40,12.0600,14.9703,1.2413,2.9103,1.0778,1.1489,0.0712,2,16.6650
20.6668,96,19,40,4.9900,6.1961,1.2417,1.2061,1.0766,1.1475,0.0710,2,16.6650
20.6808,115,21,40,5.7900,7.1918,1.2421,1.4018,1.4705,1.5412,0.0707,2,16.6650
20.6897,127,46,40,0.0000,0.0000,1.2424,0.0000,0.0000,0.0706,0.0706,2,16.6650
20.6920,130,45,40,12.0500,14.9715,1.2424,2.9215,3.1200,3.1905,0.0705,2,16.6650
20.7134,24,28,40,4.4700,5.5566,1.2431,1.0866,2.8726,2.9427,0.0701,2,16.6650
20.7371,56,20,40,0.0000,0.0000,1.2438,0.0000,0.0000,0.0697,0.0697,2,16.6650
20.7534,78,18,40,0.0000,0.0000,1.2443,0.0000,0.0000,0.0694,0.0694,2,16.6650
20.7542,79,19,40,12.0600,15.0064,1.2443,2.9464,1.0778,1.1471,0.0693,2,16.6650
20.7668,96,19,40,4.9900,6.2110,1.2447,1.2210,1.0766,1.1457,0.0691,2,16.6650
20.7808,115,21,40,5.7900,7.2092,1.2451,1.4192,1.4705,1.5393,0.0688,2,16.6650
20.7897,127,46,40,0.0000,0.0000,1.2454,0.0000,0.0000,0.0686,0.0686,2,16.6650
20.7920,130,45,40,12.0500,15.0076,1.2454,2.9576,3.1200,3.1886,0.0686,2,16.6650
20.8134,24,28,40,4.4700,5.5700,1.2461,1.1000,2.8726,2.9407,0.0681,2,16.6650
20.8371,56,20,40,0.0000,0.0000,1.2468,0.0000,0.0000,0.0676,0.0676,2,16.6650
20.8534,78,18,40,0.0000,0.0000,1.2473,0.0000,0.0000,0.0672,0.0672,2,16.6650
20.8542,79,19,40,12.0600,15.0425,1.2473,2.9825,1.0778,1.1449,0.0672,2,16.6650
20.8668,96,19,40,4.9900,6.2259,1.2477,1.2359,1.0766,1.1435,0.0669,2,16.6650
20.8808,115,21,40,5.7900,7.2265,1.2481,1.4365,1.4705,1.5370,0.0665,2,16.6650
20.8897,127,46,40,0.0000,0.0000,1.2484,0.0000,0.0000,0.0663,0.0663,2,16.6650
20.8920,130,45,40,12.0500,15.0437,1.2484,2.9937,3.1200,3.1863,0.0663,2,16.6650
20.9134,24,28,40,4.4700,5.5834,1.2491,1.1134,2.8726,2.9383,0.0657,2,16.6650
20.9371,56,20,40,0.0000,0.0000,1.2498,0.0000,0.0000,0.0651,0.0651,2,16.6650
20.9534,78,18,40,0.0000,0.0000,1.2503,0.0000,0.0000,0.0647,0.0647,2,16.6650
20.9542,79,19,40,12.0600,15.0787,1.2503,3.0187,1.0778,1.1424,0.0647,2,16.6650
20.9668,96,19,40,4.9900,6.2409,1.2507,1.2509,1.0766,1.1409,0.0643,2,16.6650
20.9808,115,21,40,5.7900,7.2439,1.2511,1.4539,1.4705,1.5344,0.0640,2,16.6650
20.9897,127,46,40,0.0000,0.0000,1.2514,0.0000,0.0000,0.0637,0.0637,2,16.6650
20.9920,130,45,40,12.0500,15.0799,1.2514,3.0299,3.1200,3.1837,0.0637,2,16.6650
21.0134,24,28,40,6.8700,8.6018,1.2521,1.7318,3.0721,3.1351,0.0631,2,16.6650
21.0371,56,20,40,0.0000,0.0000,1.2528,0.0000,0.0000,0.0624,0.0624,2,16.6650
21.0534,78,18,40,0.0000,0.0000,1.2533,0.0000,0.0000,0.0619,0.0619,2,16.6650
21.0542,79,19,40,11.6000,14.5384,1.2533,2.9384,1.1087,1.1706,0.0619,2,16.6650
21.0668,96,19,40,5.7100,7.1585,1.2537,1.4485,1.0765,1.1380,0.0615,2,16.6650
21.0808,115,21,40,6.6400,8.3273,1.2541,1.6873,1.4713,1.5323,0.0611,2,16.6650
21.0897,127,46,40,0.0000,0.0000,1.2544,0.0000,0.0000,0.0608,0.0608,2,16.6650
21.0920,130,45,40,13.8600,17.3865,1.2544,3.5265,3.1192,3.1799,0.0607,2,16.6650
21.1134,24,28,40,6.8700,8.6224,1.2551,1.7524,3.0721,3.1321,0.0601,2,16.6650
21.1371,56,20,40,0.0000,0.0000,1.2558,0.0000,0.0000,0.0593,0.0593,2,16.6650
21.1534,78,18,40,0.0000,0.0000,1.2563,0.0000,0.0000,0.0588,0.0588,2,16.6650
21.1542,79,19,40,11.6000,14.5731,1.2563,2.9731,1.1087,1.1674,0.0588,2,16.6650
21.1668,96,19,40,5.7100,7.1756,1.2567,1.4656,1.0765,1.1348,0.0583,2,16.6650
21.1808,115,21,40,6.6400,8.3471,1.2571,1.7071,1.4713,1.5291,0.0579,2,16.6650
21.1897,127,46,40,0.0000,0.0000,1.2574,0.0000,0.0000,0.0576,0.0576,2,16.6650
21.1920,130,45,40,13.8600,17.4280,1.2574,3.5680,3.1192,3.1767,0.0575,2,16.6650
21.2134,24,28,40,6.8700,8.6430,1.2581,1.7730,3.0721,3.1288,0.0568,2,16.6650
21.2371,56,20,40,0.0000,0.0000,1.2588,0.0000,0.0000,0.0559,0.0559,2,16.6650
21.2534,78,18,40,0.0000,0.0000,1.2593,0.0000,0.0000,0.0554,0.0554,2,16.6650
21.2542,79,19,40,11.6000,14.6078,1.2593,3.0078,1.1087,1.1640,0.0553,2,16.6650
21.2668,96,19,40,5.7100,7.1927,1.2597,1.4827,1.0765,1.1314,0.0549,2,16.6650
21.2809,115,21,40,6.6400,8.3670,1.2601,1.7270,1.4713,1.5257,0.0544,2,16.6650
21.2897,127,46,40,0.0000,0.0000,1.2604,0.0000,0.0000,0.0541,0.0541,2,16.6650
21.2920,130,45,40,13.8600,17.4694,1.2604,3.6094,3.1192,3.1732,0.0540,2,16.6650
21.3134,24,28,40,6.8700,8.6635,1.2611,1.7935,3.0721,3.1253,0.0532,2,16.6650
21.3371,56,20,40,0.0000,0.0000,1.2618,0.0000,0.0000,0.0523,0.0523,2,16.6650
21.3534,78,18,40,0.0000,0.0000,1.2623,0.0000,0.0000,0.0517,0.0517,2,16.6650
21.3542,79,19,40,11.6000,14.6424,1.2623,3.0424,1.1087,1.1604,0.0517,2,16.6650
21.3668,96,19,40,5.7100,7.2097,1.2627,1.4997,1.0765,1.1277,0.0512,2,16.6650
21.3808,115,21,40,6.6400,8.3868,1.2631,1.7468,1.4713,1.5219,0.0506,2,16.6650
21.3897,127,46,40,0.0000,0.0000,1.2633,0.0000,0.0000,0.0503,0.0503,2,16.6650
21.3920,130,45,40,13.8600,17.5107,1.2634,3.6507,3.1192,3.1694,0.0502,2,16.6650
21.4134,24,28,40,6.8700,8.6839,1.2640,1.8139,3.0721,3.1214,0.0494,2,16.6650
21.4371,56,20,40,0.0000,0.0000,1.2647,0.0000,0.0000,0.0484,0.0484,2,16.6650
21.4534,78,18,40,0.0000,0.0000,1.2652,0.0000,0.0000,0.0478,0.0478,2,16.6650
21.4542,79,19,40,11.6000,14.6769,1.2652,3.0769,1.1087,1.1564,0.0477,2,16.6650
21.4668,96,19,40,5.7100,7.2267,1.2656,1.5167,1.0765,1.1237,0.0472,2,16.6650
21.4808,115,21,40,6.6400,8.4065,1.2660,1.7665,1.4713,1.5179,0.0467,2,16.6650
21.4897,127,46,40,0.0000,0.0000,1.2663,0.0000,0.0000,0.0463,0.0463,2,16.6650
21.4920,130,45,40,13.8600,17.5518,1.2664,3.6918,3.1192,3.1654,0.0462,2,16.6650
21.5134,24,28,40,6.8700,8.7043,1.2670,1.8343,3.0721,3.1174,0.0453,2,16.6650
21.5371,56,20,40,0.0000,0.0000,1.2677,0.0000,0.0000,0.0443,0.0443,2,16.6650
21.5534,78,18,40,0.0000,0.0000,1.2682,0.0000,0.0000,0.0436,0.0436,2,16.6650
21.5542,79,19,40,11.6000,14.7112,1.2682,3.1112,1.1087,1.1523,0.0436,2,16.6650
21.5668,96,19,40,5.7100,7.2436,1.2686,1.5336,1.0765,1.1195,0.0430,2,16.6650
21.5808,115,21,40,6.6400,8.4261,1.2690,1.7861,1.4713,1.5137,0.0424,2,16.6650
21.5897,127,46,40,0.0000,0.0000,1.2693,0.0000,0.0000,0.0420,0.0420,2,16.6650
21.5920,130,45,40,13.8600,17.5927,1.2693,3.7327,3.1192,3.1611,0.0420,2,16.6650
21.6134,24,28,40,6.8700,8.7246,1.2699,1.8546,3.0721,3.1131,0.0410,2,16.6650
21.6371,56,20,40,0.0000,0.0000,1.2706,0.0000,0.0000,0.0400,0.0400,2,16.6650
21.6534,78,18,40,0.0000,0.0000,1.2711,0.0000,0.0000,0.0392,0.0392,2,16.6650
21.6542,79,19,40,11.6000,14.7453,1.2711,3.1453,1.1087,1.1479,0.0392,2,16.6650
21.6668,96,19,40,5.7100,7.2604,1.2715,1.5504,1.0765,1.1151,0.0386,2,16.6650
21.6809,115,21,40,6.6400,8.4456,1.2719,1.8056,1.4713,1.5093,0.0380,2,16.6650
21.6897,127,46,40,0.0000,0.0000,1.2722,0.0000,0.0000,0.0376,0.0376,2,16.6650
21.6920,130,45,40,13.8600,17.6334,1.2723,3.7734,3.1192,3.1567,0.0375,2,16.6650
21.7134,24,28,40,6.8700,8.7447,1.2729,1.8747,3.0721,3.1086,0.0365,2,16.6650
21.7371,56,20,40,0.0000,0.0000,1.2736,0.0000,0.0000,0.0354,0.0354,2,16.6650
21.7534,78,18,40,0.0000,0.0000,1.2740,0.0000,0.0000,0.0347,0.0347,2,16.6650
21.7542,79,19,40,11.6000,14.7792,1.2741,3.1792,1.1087,1.1433,0.0346,2,16.6650
21.7668,96,19,40,5.7100,7.2770,1.2744,1.5670,1.0765,1.1105,0.0340,2,16.6650
21.7809,115,21,40,6.6400,8.4650,1.2748,1.8250,1.4713,1.5047,0.0334,2,16.6650
21.7897,127,46,40,0.0000,0.0000,1.2751,0.0000,0.0000,0.0330,0.0330,2,16.6650
21.7920,130,45,40,13.8600,17.6738,1.2752,3.8138,3.1192,3.1521,0.0329,2,16.6650
21.8134,24,28,40,6.8700,8.7647,1.2758,1.8947,3.0721,3.1039,0.0318,2,16.6650
21.8371,56,20,40,0.0000,0.0000,1.2765,0.0000,0.0000,0.0307,0.0307,2,16.6650
21.8534,78,18,40,0.0000,0.0000,1.2769,0.0000,0.0000,0.0299,0.0299,2,16.6650
21.8542,79,19,40,11.6000,14.8128,1.2770,3.2128,1.1087,1.1386,0.0299,2,16.6650
21.8668,96,19,40,5.7100,7.2936,1.2773,1.5836,1.0765,1.1058,0.0293,2,16.6650
21.8808,115,21,40,6.6400,8.4842,1.2777,1.8442,1.4713,1.4999,0.0286,2,16.6650
21.8897,127,46,40,0.0000,0.0000,1.2780,0.0000,0.0000,0.0282,0.0282,2,16.6650
21.8920,130,45,40,13.8600,17.7139,1.2781,3.8539,3.1192,3.1473,0.0281,2,16.6650
21.9134,24,28,40,6.8700,8.7845,1.2787,1.9145,3.0721,3.0991,0.0270,2,16.6650
21.9371,56,20,40,0.0000,0.0000,1.2794,0.0000,0.0000,0.0259,0.0259,2,16.6650
21.9534,78,18,40,0.0000,0.0000,1.2798,0.0000,0.0000,0.0251,0.0251,2,16.6650
21.9542,79,19,40,11.6000,14.8462,1.2798,3.2462,1.1087,1.1337,0.0250,2,16.6650
21.9668,96,19,40,5.7100,7.3100,1.2802,1.6000,1.0765,1.1009,0.0244,2,16.6650
21.9808,115,21,40,6.6400,8.5032,1.2806,1.8632,1.4713,1.4950,0.0237,2,16.6650
21.9897,127,46,40,0.0000,0.0000,1.2809,0.0000,0.0000,0.0232,0.0232,2,16.6650
21.9920,130,45,40,13.8600,17.7536,1.2809,3.8936,3.1192,3.1423,0.0231,2,16.6650
22.0134,24,28,40,9.0500,11.5979,1.2815,2.5479,-2.6896,-2.6675,0.0221,2,16.6650
22.0371,56,20,40,0.0000,0.0000,1.2822,0.0000,0.0000,0.0209,0.0209,2,16.6650
22.0534,78,18,40,0.0000,0.0000,1.2827,0.0000,0.0000,0.0200,0.0200,2,16.6650
22.0542,79,19,40,12.0700,15.4821,1.2827,3.4121,1.1116,1.1316,0.0200,2,16.6650
22.0668,96,19,40,6.4900,8.3270,1.2831,1.8370,1.0768,1.0961,0.0194,2,16.6650
22.0808,115,21,40,7.7100,9.8954,1.2834,2.1854,1.4695,1.4881,0.0187,2,16.6650
22.0897,127,46,40,0.0000,0.0000,1.2837,0.0000,0.0000,0.0182,0.0182,2,16.6650
22.0920,130,45,40,15.2100,19.5260,1.2838,4.3160,3.1120,3.1300,0.0181,2,16.6650
22.1371,56,20,40,0.0000,0.0000,1.2850,0.0000,0.0000,0.0158,0.0158,2,16.6650
22.1534,78,18,40,0.0000,0.0000,1.2855,0.0000,0.0000,0.0149,0.0149,2,16.6650
22.1542,79,19,40,12.0700,15.5162,1.2855,3.4462,1.1116,1.1265,0.0149,2,16.6650
22.1668,96,19,40,6.4900,8.3453,1.2859,1.8553,1.0768,1.0910,0.0143,2,16.6650
22.1808,115,21,40,7.7100,9.9171,1.2863,2.2071,1.4695,1.4830,0.0135,2,16.6650
22.1897,127,46,40,0.0000,0.0000,1.2865,0.0000,0.0000,0.0131,0.0131,2,16.6650
22.1920,130,45,40,15.2100,19.5688,1.2866,4.3588,3.1120,3.1249,0.0130,2,16.6650
22.2371,56,20,40,0.0000,0.0000,1.2878,0.0000,0.0000,0.0106,0.0106,2,16.6650
22.2534,78,18,40,0.0000,0.0000,1.2883,0.0000,0.0000,0.0098,0.0098,2,16.6650
22.2542,79,19,40,12.0700,15.5498,1.2883,3.4798,1.1116,1.1213,0.0097,2,16.6650
22.2668,96,19,40,6.4900,8.3633,1.2887,1.8733,1.0768,1.0858,0.0091,2,16.6650
22.2809,115,21,40,7.7100,9.9385,1.2890,2.2285,1.4695,1.4778,0.0083,2,16.6650
22.2897,127,46,40,0.0000,0.0000,1.2893,0.0000,0.0000,0.0079,0.0079,2,16.6650
22.2920,130,45,40,15.2100,19.6110,1.2893,4.4010,3.1120,3.1197,0.0078,2,16.6650
22.3371,56,20,40,0.0000,0.0000,1.2906,0.0000,0.0000,0.0054,0.0054,2,16.6650
22.3534,78,18,40,0.0000,0.0000,1.2910,0.0000,0.0000,0.0045,0.0045,2,16.6650
22.3542,79,19,40,12.0700,15.5830,1.2911,3.5130,1.1116,1.1161,0.0045,2,16.6650
22.3668,96,19,40,6.4900,8.3812,1.2914,1.8912,1.0768,1.0806,0.0038,2,16.6650
22.3808,115,21,40,7.7100,9.9597,1.2918,2.2497,1.4695,1.4726,0.0031,2,16.6650
22.3897,127,46,40,0.0000,0.0000,1.2920,0.0000,0.0000,0.0026,0.0026,2,16.6650
22.3920,130,45,40,15.2100,19.6526,1.2921,4.4426,3.1120,3.1145,0.0025,2,16.6650
22.4371,56,20,40,0.0000,0.0000,1.2933,0.0000,0.0000,0.0001,0.0001,2,16.6650
22.4534,78,18,40,0.0000,0.0000,1.2938,0.0000,0.0000,-0.0007,-0.0007,2,16.6650
22.4542,79,19,40,12.0700,15.6158,1.2938,3.5458,1.1116,1.1108,-0.0007,2,16.6650
22.4668,96,19,40,6.4900,8.3988,1.2941,1.9088,1.0768,1.0753,-0.0014,2,16.6650
22.4808,115,21,40,7.7100,9.9805,1.2945,2.2705,1.4695,1.4673,-0.0021,2,16.6650
22.4897,127,46,40,0.0000,0.0000,1.2947,0.0000,0.0000,-0.0026,-0.0026,2,16.6650
22.4920,130,45,40,15.2100,19.6937,1.2948,4.4837,3.1120,3.1092,-0.0027,2,16.6650
22.5371,56,20,40,0.0000,0.0000,1.2960,0.0000,0.0000,-0.0051,-0.0051,2,16.6650
22.5534,78,18,40,0.0000,0.0000,1.2964,0.0000,0.0000,-0.0060,-0.0060,2,16.6650
22.5542,79,19,40,12.0700,15.6482,1.2964,3.5782,1.1116,1.1056,-0.0060,2,16.6650
22.5668,96,19,40,6.4900,8.4161,1.2968,1.9261,1.0768,1.0701,-0.0066,2,16.6650
22.5808,115,21,40,7.7100,10.0011,1.2972,2.2911,1.4695,1.4621,-0.0074,2,16.6650
22.5897,127,46,40,0.0000,0.0000,1.2974,0.0000,0.0000,-0.0078,-0.0078,2,16.6650
22.5920,130,45,40,15.2100,19.7342,1.2975,4.5242,3.1120,3.1040,-0.0080,2,16.6650
22.6371,56,20,40,0.0000,0.0000,1.2986,0.0000,0.0000,-0.0103,-0.0103,2,16.6650
22.6534,78,18,40,0.0000,0.0000,1.2991,0.0000,0.0000,-0.0112,-0.0112,2,16.6650
22.6542,79,19,40,12.0700,15.6800,1.2991,3.6100,1.1116,1.1004,-0.0112,2,16.6650
22.6668,96,19,40,6.4900,8.4332,1.2994,1.9432,1.0768,1.0649,-0.0119,2,16.6650
22.6808,115,21,40,7.7100,10.0213,1.2998,2.3113,1.4695,1.4569,-0.0126,2,16.6650
22.6897,127,46,40,0.0000,0.0000,1.3000,0.0000,0.0000,-0.0130,-0.0130,2,16.6650
22.6920,130,45,40,15.2100,19.7741,1.3001,4.5641,3.1120,3.0988,-0.0132,2,16.6650
22.7371,56,20,40,0.0000,0.0000,1.3012,0.0000,0.0000,-0.0155,-0.0155,2,16.6650
22.7534,78,18,40,0.0000,0.0000,1.3017,0.0000,0.0000,-0.0163,-0.0163,2,16.6650
22.7542,79,19,40,12.0700,15.7112,1.3017,3.6412,1.1116,1.0952,-0.0164,2,16.6650
22.7668,96,19,40,6.4900,8.4500,1.3020,1.9600,1.0768,1.0597,-0.0170,2,16.6650
22.7808,115,21,40,7.7100,10.0412,1.3024,2.3312,1.4695,1.4517,-0.0177,2,16.6650
22.7897,127,46,40,0.0000,0.0000,1.3026,0.0000,0.0000,-0.0182,-0.0182,2,16.6650
22.7920,130,45,40,15.2100,19.8132,1.3026,4.6032,3.1120,3.0937,-0.0183,2,16.6650
22.8371,56,20,40,0.0000,0.0000,1.3038,0.0000,0.0000,-0.0206,-0.0206,2,16.6650
22.8534,78,18,40,0.0000,0.0000,1.3042,0.0000,0.0000,-0.0214,-0.0214,2,16.6650
22.8542,79,19,40,12.0700,15.7420,1.3042,3.6720,1.1116,1.0902,-0.0214,2,16.6650
22.8668,96,19,40,6.4900,8.4665,1.3045,1.9765,1.0768,1.0547,-0.0221,2,16.6650
22.8808,115,21,40,7.7100,10.0607,1.3049,2.3507,1.4695,1.4467,-0.0228,2,16.6650
22.8897,127,46,40,0.0000,0.0000,1.3051,0.0000,0.0000,-0.0232,-0.0232,2,16.6650
22.8920,130,45,40,15.2100,19.8516,1.3052,4.6416,3.1120,3.0886,-0.0233,2,16.6650
22.9371,56,20,40,0.0000,0.0000,1.3063,0.0000,0.0000,-0.0256,-0.0256,2,16.6650
22.9534,78,18,40,0.0000,0.0000,1.3067,0.0000,0.0000,-0.0264,-0.0264,2,16.6650
22.9542,79,19,40,12.0700,15.7721,1.3067,3.7021,1.1116,1.0852,-0.0264,2,16.6650
22.9668,96,19,40,6.4900,8.4826,1.3070,1.9926,1.0768,1.0497,-0.0270,2,16.6650
22.9808,115,21,40,7.7100,10.0799,1.3074,2.3699,1.4695,1.4417,-0.0277,2,16.6650
22.9897,127,46,40,0.0000,0.0000,1.3076,0.0000,0.0000,-0.0282,-0.0282,2,16.6650
22.9920,130,45,40,15.2100,19.8893,1.3076,4.6793,3.1120,3.0837,-0.0283,2,16.6650
23.0371,56,20,40,0.0000,0.0000,1.3087,0.0000,0.0000,-0.0304,-0.0304,2,16.6650
23.0534,78,18,40,0.0000,0.0000,1.3091,0.0000,0.0000,-0.0312,-0.0312,2,16.6650
23.0542,79,19,40,12.5400,16.4169,1.3092,3.8769,1.1082,1.0770,-0.0313,2,16.6650
23.0668,96,19,40,7.7000,10.0829,1.3095,2.3829,1.0775,1.0456,-0.0319,2,16.6650
23.0808,115,21,40,8.8500,11.5918,1.3098,2.7418,1.4701,1.4376,-0.0325,2,16.6650
23.0897,127,46,40,0.0000,0.0000,1.3100,0.0000,0.0000,-0.0329,-0.0329,2,16.6650
23.0920,130,45,40,13.2700,17.3847,1.3101,4.1147,-2.9619,-2.9950,-0.0331,2,16.6650
23.1371,56,20,40,0.0000,0.0000,1.3112,0.0000,0.0000,-0.0352,-0.0352,2,16.6650
23.1534,78,18,40,0.0000,0.0000,1.3115,0.0000,0.0000,-0.0359,-0.0359,2,16.6650
23.1542,79,19,40,12.5400,16.4469,1.3116,3.9069,1.1082,1.0723,-0.0360,2,16.6650
23.1668,96,19,40,7.7000,10.1013,1.3119,2.4013,1.0775,1.0409,-0.0365,2,16.6650
23.1808,115,21,40,8.8500,11.6128,1.3122,2.7628,1.4701,1.4329,-0.0372,2,16.6650
23.1897,127,46,40,0.0000,0.0000,1.3124,0.0000,0.0000,-0.0376,-0.0376,2,16.6650
23.1920,130,45,40,13.2700,17.4161,1.3124,4.1461,-2.9619,-2.9996,-0.0377,2,16.6650
23.2371,56,20,40,0.0000,0.0000,1.3135,0.0000,0.0000,-0.0397,-0.0397,2,16.6650
23.2534,78,18,40,0.0000,0.0000,1.3139,0.0000,0.0000,-0.0404,-0.0404,2,16.6650
23.2542,79,19,40,12.5400,16.4762,1.3139,3.9362,1.1082,1.0677,-0.0405,2,16.6650
23.2668,96,19,40,7.7000,10.1192,1.3142,2.4192,1.0775,1.0364,-0.0410,2,16.6650
23.2809,115,21,40,8.8500,11.6334,1.3145,2.7834,1.4701,1.4285,-0.0416,2,16.6650
23.2897,127,46,40,0.0000,0.0000,1.3147,0.0000,0.0000,-0.0420,-0.0420,2,16.6650
23.2920,130,45,40,13.2700,17.4468,1.3148,4.1768,-2.9619,-3.0041,-0.0421,2,16.6650
23.3371,56,20,40,0.0000,0.0000,1.3158,0.0000,0.0000,-0.0441,-0.0441,2,16.6650
23.3534,78,18,40,0.0000,0.0000,1.3162,0.0000,0.0000,-0.0448,-0.0448,2,16.6650
23.3542,79,19,40,12.5400,16.5048,1.3162,3.9648,1.1082,1.0634,-0.0448,2,16.6650
23.3668,96,19,40,7.7000,10.1367,1.3165,2.4367,1.0775,1.0322,-0.0453,2,16.6650
23.3808,115,21,40,8.8500,11.6534,1.3168,2.8034,1.4701,1.4242,-0.0459,2,16.6650
23.3897,127,46,40,0.0000,0.0000,1.3170,0.0000,0.0000,-0.0463,-0.0463,2,16.6650
23.3920,130,45,40,13.2700,17.4768,1.3170,4.2068,-2.9619,-3.0083,-0.0464,2,16.6650
23.4371,56,20,40,0.0000,0.0000,1.3180,0.0000,0.0000,-0.0482,-0.0482,2,16.6650
23.4534,78,18,40,0.0000,0.0000,1.3184,0.0000,0.0000,-0.0489,-0.0489,2,16.6650
23.4542,79,19,40,12.5400,16.5326,1.3184,3.9926,1.1082,1.0593,-0.0489,2,16.6650
23.4668,96,19,40,7.7000,10.1537,1.3187,2.4537,1.0775,1.0281,-0.0494,2,16.6650
23.4808,115,21,40,8.8500,11.6729,1.3190,2.8229,1.4701,1.4202,-0.0499,2,16.6650
23.4897,127,46,40,0.0000,0.0000,1.3192,0.0000,0.0000,-0.0503,-0.0503,2,16.6650
23.4920,130,45,40,13.2700,17.5059,1.3192,4.2359,-2.9619,-3.0123,-0.0504,2,16.6650
23.5371,56,20,40,0.0000,0.0000,1.3202,0.0000,0.0000,-0.0521,-0.0521,2,16.6650
23.5534,78,18,40,0.0000,0.0000,1.3205,0.0000,0.0000,-0.0527,-0.0527,2,16.6650
23.5542,79,19,40,12.5400,16.5596,1.3205,4.0196,1.1082,1.0555,-0.0527,2,16.6650
23.5668,96,19,40,7.7000,10.1703,1.3208,2.4703,1.0775,1.0243,-0.0532,2,16.6650
23.5808,115,21,40,8.8500,11.6918,1.3211,2.8418,1.4701,1.4164,-0.0537,2,16.6650
23.5897,127,46,40,0.0000,0.0000,1.3213,0.0000,0.0000,-0.0541,-0.0541,2,16.6650
23.5920,130,45,40,13.2700,17.5342,1.3213,4.2642,-2.9619,-3.0161,-0.0541,2,16.6650
23.6371,56,20,40,0.0000,0.0000,1.3223,0.0000,0.0000,-0.0557,-0.0557,2,16.6650
23.6534,78,18,40,0.0000,0.0000,1.3226,0.0000,0.0000,-0.0563,-0.0563,2,16.6650
23.6542,79,19,40,12.5400,16.5859,1.3226,4.0459,1.1082,1.0519,-0.0563,2,16.6650
23.6668,96,19,40,7.7000,10.1863,1.3229,2.4863,1.0775,1.0207,-0.0568,2,16.6650
23.6809,115,21,40,8.8500,11.7102,1.3232,2.8602,1.4701,1.4129,-0.0573,2,16.6650
23.6897,127,46,40,0.0000,0.0000,1.3234,0.0000,0.0000,-0.0576,-0.0576,2,16.6650
23.6920,130,45,40,13.2700,17.5617,1.3234,4.2917,-2.9619,-3.0196,-0.0576,2,16.6650
23.7371,56,20,40,0.0000,0.0000,1.3243,0.0000,0.0000,-0.0591,-0.0591,2,16.6650
23.7534,78,18,40,0.0000,0.0000,1.3247,0.0000,0.0000,-0.0596,-0.0596,2,16.6650
23.7542,79,19,40,12.5400,16.6113,1.3247,4.0713,1.1082,1.0485,-0.0597,2,16.6650
23.7668,96,19,40,7.7000,10.2019,1.3249,2.5019,1.0775,1.0174,-0.0601,2,16.6650
23.7808,115,21,40,8.8500,11.7280,1.3252,2.8780,1.4701,1.4096,-0.0605,2,16.6650
23.7897,127,46,40,0.0000,0.0000,1.3254,0.0000,0.0000,-0.0608,-0.0608,2,16.6650
23.7920,130,45,40,13.2700,17.5883,1.3254,4.3183,-2.9619,-3.0228,-0.0608,2,16.6650
23.8371,56,20,40,0.0000,0.0000,1.3263,0.0000,0.0000,-0.0622,-0.0622,2,16.6650
23.8534,78,18,40,0.0000,0.0000,1.3266,0.0000,0.0000,-0.0627,-0.0627,2,16.6650
23.8542,79,19,40,12.5400,16.6359,1.3266,4.0959,1.1082,1.0455,-0.0627,2,16.6650
23.8668,96,19,40,7.7000,10.2169,1.3269,2.5169,1.0775,1.0144,-0.0631,2,16.6650
23.8808,115,21,40,8.8500,11.7452,1.3271,2.8952,1.4701,1.4067,-0.0635,2,16.6650
23.8897,127,46,40,0.0000,0.0000,1.3273,0.0000,0.0000,-0.0637,-0.0637,2,16.6650
23.8920,130,45,40,13.2700,17.6140,1.3274,4.3440,-2.9619,-3.0257,-0.0638,2,16.6650
23.9371,56,20,40,0.0000,0.0000,1.3282,0.0000,0.0000,-0.0650,-0.0650,2,16.6650
23.9534,78,18,40,0.0000,0.0000,1.3285,0.0000,0.0000,-0.0654,-0.0654,2,16.6650
23.9542,79,19,40,12.5400,16.6597,1.3285,4.1197,1.1082,1.0428,-0.0654,2,16.6650
23.9668,96,19,40,7.7000,10.2314,1.3288,2.5314,1.0775,1.0117,-0.0657,2,16.6650
23.9808,115,21,40,8.8500,11.7618,1.3290,2.9118,1.4701,1.4040,-0.0661,2,16.6650
23.9897,127,46,40,0.0000,0.0000,1.3292,0.0000,0.0000,-0.0663,-0.0663,2,16.6650
23.9920,130,45,40,13.2700,17.6387,1.3292,4.3687,-2.9619,-3.0283,-0.0664,2,16.6650
24.0371,56,20,40,0.0000,0.0000,1.3300,0.0000,0.0000,-0.0674,-0.0674,2,16.6650
24.0534,78,18,40,0.0000,0.0000,1.3303,0.0000,0.0000,-0.0678,-0.0678,2,16.6650
24.0542,79,19,40,11.7000,15.5650,1.3303,3.8650,1.0567,0.9888,-0.0678,2,16.6650
24.0668,96,19,40,8.9000,11.8421,1.3306,2.9421,1.0764,1.0083,-0.0681,2,16.6650
24.0808,115,21,40,9.5100,12.6561,1.3308,3.1461,1.4697,1.4012,-0.0684,2,16.6650
24.0897,127,46,40,0.0000,0.0000,1.3310,0.0000,0.0000,-0.0686,-0.0686,2,16.6650
24.0920,130,45,40,14.7400,19.6192,1.3310,4.8792,3.0835,3.0149,-0.0687,2,16.6650
24.1371,56,20,40,0.0000,0.0000,1.3318,0.0000,0.0000,-0.0696,-0.0696,2,16.6650
24.1534,78,18,40,0.0000,0.0000,1.3321,0.0000,0.0000,-0.0699,-0.0699,2,16.6650
24.1542,79,19,40,11.7000,15.5855,1.3321,3.8855,1.0567,0.9868,-0.0699,2,16.6650
24.1668,96,19,40,8.9000,11.8576,1.3323,2.9576,1.0764,1.0063,-0.0701,2,16.6650
24.1808,115,21,40,9.5100,12.6725,1.3325,3.1625,1.4697,1.3993,-0.0704,2,16.6650
24.1897,127,46,40,0.0000,0.0000,1.3327,0.0000,0.0000,-0.0706,-0.0706,2,16.6650
24.1920,130,45,40,14.7400,19.6445,1.3327,4.9045,3.0835,3.0129,-0.0706,2,16.6650
24.2371,56,20,40,0.0000,0.0000,1.3335,0.0000,0.0000,-0.0714,-0.0714,2,16.6650
24.2534,78,18,40,0.0000,0.0000,1.3338,0.0000,0.0000,-0.0716,-0.0716,2,16.6650
24.2542,79,19,40,11.7000,15.6051,1.3338,3.9051,1.0567,0.9850,-0.0716,2,16.6650
24.2668,96,19,40,8.9000,11.8724,1.3340,2.9724,1.0764,1.0046,-0.0718,2,16.6650
24.2808,115,21,40,9.5100,12.6883,1.3342,3.1783,1.4697,1.3976,-0.0720,2,16.6650
24.2897,127,46,40,0.0000,0.0000,1.3343,0.0000,0.0000,-0.0722,-0.0722,2,16.6650
24.2920,130,45,40,14.7400,19.6688,1.3344,4.9288,3.0835,3.0113,-0.0722,2,16.6650
24.3371,56,20,40,0.0000,0.0000,1.3351,0.0000,0.0000,-0.0728,-0.0728,2,16.6650
24.3534,78,18,40,0.0000,0.0000,1.3354,0.0000,0.0000,-0.0730,-0.0730,2,16.6650
24.3542,79,19,40,11.7000,15.6238,1.3354,3.9238,1.0567,0.9837,-0.0730,2,16.6650
24.3668,96,19,40,8.9000,11.8865,1.3356,2.9865,1.0764,1.0032,-0.0732,2,16.6650
24.3808,115,21,40,9.5100,12.7033,1.3358,3.1933,1.4697,1.3963,-0.0733,2,16.6650
24.3897,127,46,40,0.0000,0.0000,1.3359,0.0000,0.0000,-0.0734,-0.0734,2,16.6650
24.3920,130,45,40,14.7400,19.6920,1.3360,4.9520,3.0835,3.0101,-0.0734,2,16.6650
24.4371,56,20,40,0.0000,0.0000,1.3366,0.0000,0.0000,-0.0739,-0.0739,2,16.6650
24.4534,78,18,40,0.0000,0.0000,1.3369,0.0000,0.0000,-0.0740,-0.0740,2,16.6650
24.4542,79,19,40,11.7000,15.6417,1.3369,3.9417,1.0567,0.9826,-0.0740,2,16.6650
24.4668,96,19,40,8.9000,11.9000,1.3371,3.0000,1.0764,1.0023,-0.0741,2,16.6650
24.4808,115,21,40,9.5100,12.7176,1.3373,3.2076,1.4697,1.3954,-0.0742,2,16.6650
24.4897,127,46,40,0.0000,0.0000,1.3374,0.0000,0.0000,-0.0743,-0.0743,2,16.6650
24.4920,130,45,40,14.7400,19.7140,1.3374,4.9740,3.0835,3.0092,-0.0743,2,16.6650
24.5371,56,20,40,0.0000,0.0000,1.3381,0.0000,0.0000,-0.0746,-0.0746,2,16.6650
24.5534,78,18,40,0.0000,0.0000,1.3383,0.0000,0.0000,-0.0747,-0.0747,2,16.6650
24.5542,79,19,40,11.7000,15.6586,1.3383,3.9586,1.0567,0.9820,-0.0747,2,16.6650
24.5668,96,19,40,8.9000,11.9128,1.3385,3.0128,1.0764,1.0016,-0.0747,2,16.6650
24.5808,115,21,40,9.5100,12.7312,1.3387,3.2212,1.4697,1.3949,-0.0748,2,16.6650
24.5897,127,46,40,0.0000,0.0000,1.3388,0.0000,0.0000,-0.0748,-0.0748,2,16.6650
24.5920,130,45,40,14.7400,19.7349,1.3389,4.9949,3.0835,3.0087,-0.0748,2,16.6650
24.6371,56,20,40,0.0000,0.0000,1.3395,0.0000,0.0000,-0.0750,-0.0750,2,16.6650
24.6534,78,18,40,0.0000,0.0000,1.3397,0.0000,0.0000,-0.0750,-0.0750,2,16.6650
24.6542,79,19,40,11.7000,15.6746,1.3397,3.9746,1.0567,0.9817,-0.0750,2,16.6650
24.6668,96,19,40,8.9000,11.9249,1.3399,3.0249,1.0764,1.0014,-0.0750,2,16.6650
24.6808,115,21,40,9.5100,12.7439,1.3401,3.2339,1.4697,1.3947,-0.0750,2,16.6650
24.6897,127,46,40,0.0000,0.0000,1.3402,0.0000,0.0000,-0.0750,-0.0750,2,16.6650
24.6920,130,45,40,14.7400,19.7546,1.3402,5.0146,3.0835,3.0085,-0.0750,2,16.6650
24.7371,56,20,40,0.0000,0.0000,1.3408,0.0000,0.0000,-0.0749,-0.0749,2,16.6650
24.7534,78,18,40,0.0000,0.0000,1.3410,0.0000,0.0000,-0.0749,-0.0749,2,16.6650
24.7542,79,19,40,11.7000,15.6896,1.3410,3.9896,1.0567,0.9818,-0.0749,2,16.6650
24.7668,96,19,40,8.9000,11.9362,1.3411,3.0362,1.0764,1.0015,-0.0749,2,16.6650
24.7808,115,21,40,9.5100,12.7560,1.3413,3.2460,1.4697,1.3948,-0.0748,2,16.6650
24.7897,127,46,40,0.0000,0.0000,1.3414,0.0000,0.0000,-0.0748,-0.0748,2,16.6650
24.7920,130,45,40,14.7400,19.7731,1.3415,5.0331,3.0835,3.0087,-0.0748,2,16.6650
24.8371,56,20,40,0.0000,0.0000,1.3420,0.0000,0.0000,-0.0746,-0.0746,2,16.6650
24.8534,78,18,40,0.0000,0.0000,1.3422,0.0000,0.0000,-0.0745,-0.0745,2,16.6650
24.8542,79,19,40,11.7000,15.7037,1.3422,4.0037,1.0567,0.9822,-0.0745,2,16.6650
24.8668,96,19,40,8.9000,11.9468,1.3423,3.0468,1.0764,1.0020,-0.0744,2,16.6650
24.8809,115,21,40,9.5100,12.7672,1.3425,3.2572,1.4697,1.3954,-0.0743,2,16.6650
24.8897,127,46,40,0.0000,0.0000,1.3426,0.0000,0.0000,-0.0742,-0.0742,2,16.6650
24.8920,130,45,40,14.7400,19.7903,1.3426,5.0503,3.0835,3.0093,-0.0742,2,16.6650
24.9371,56,20,40,0.0000,0.0000,1.3431,0.0000,0.0000,-0.0738,-0.0738,2,16.6650
24.9534,78,18,40,0.0000,0.0000,1.3433,0.0000,0.0000,-0.0737,-0.0737,2,16.6650
24.9542,79,19,40,11.7000,15.7168,1.3433,4.0168,1.0567,0.9830,-0.0737,2,16.6650
24.9668,96,19,40,8.9000,11.9567,1.3434,3.0567,1.0764,1.0029,-0.0735,2,16.6650
24.9808,115,21,40,9.5100,12.7776,1.3436,3.2676,1.4697,1.3963,-0.0734,2,16.6650
24.9897,127,46,40,0.0000,0.0000,1.3437,0.0000,0.0000,-0.0733,-0.0733,2,16.6650
24.9920,130,45,40,14.7400,19.8064,1.3437,5.0664,3.0835,3.0102,-0.0733,2,16.6650
25.0371,56,20,40,0.0000,0.0000,1.3442,0.0000,0.0000,-0.0727,-0.0727,2,16.6650
25.0537,78,18,40,0.0000,0.0000,1.3443,0.0000,0.0000,-0.0725,-0.0725,2,16.6650
25.0542,79,19,40,11.6900,15.7155,1.3444,4.0255,1.0624,0.9899,-0.0725,2,16.6650
25.0668,96,19,40,9.8000,13.1759,1.3445,3.3759,1.0852,1.0129,-0.0723,2,16.6650
25.0808,115,21,40,10.3500,13.9167,1.3446,3.5667,1.4702,1.3980,-0.0721,2,16.6650
25.0897,127,46,40,0.0000,0.0000,1.3447,0.0000,0.0000,-0.0720,-0.0720,2,16.6650
25.0920,130,45,40,16.6600,22.4030,1.3447,5.7430,3.0065,2.9345,-0.0720,2,16.6650
25.1371,56,20,40,0.0000,0.0000,1.3451,0.0000,0.0000,-0.0713,-0.0713,2,16.6650
25.1534,78,18,40,0.0000,0.0000,1.3453,0.0000,0.0000,-0.0710,-0.0710,2,16.6650
25.1542,79,19,40,11.6900,15.7266,1.3453,4.0366,1.0624,0.9914,-0.0710,2,16.6650
25.1668,96,19,40,9.8000,13.1851,1.3454,3.3851,1.0852,1.0144,-0.0708,2,16.6650
25.1808,115,21,40,10.3500,13.9264,1.3455,3.5764,1.4702,1.3997,-0.0705,2,16.6650
25.1897,127,46,40,0.0000,0.0000,1.3456,0.0000,0.0000,-0.0703,-0.0703,2,16.6650
25.1920,130,45,40,16.6600,22.4184,1.3456,5.7584,3.0065,2.9362,-0.0703,2,16.6650
25.2371,56,20,40,0.0000,0.0000,1.3460,0.0000,0.0000,-0.0694,-0.0694,2,16.6650
25.2534,78,18,40,0.0000,0.0000,1.3462,0.0000,0.0000,-0.0691,-0.0691,2,16.6650
25.2542,79,19,40,11.6900,15.7367,1.3462,4.0467,1.0624,0.9933,-0.0691,2,16.6650
25.2668,96,19,40,9.8000,13.1935,1.3463,3.3935,1.0852,1.0163,-0.0688,2,16.6650
25.2809,115,21,40,10.3500,13.9351,1.3464,3.5851,1.4702,1.4016,-0.0685,2,16.6650
25.2897,127,46,40,0.0000,0.0000,1.3465,0.0000,0.0000,-0.0684,-0.0684,2,16.6650
25.2920,130,45,40,16.6600,22.4322,1.3465,5.7722,3.0065,2.9382,-0.0683,2,16.6650
25.3371,56,20,40,0.0000,0.0000,1.3468,0.0000,0.0000,-0.0673,-0.0673,2,16.6650
25.3534,78,18,40,0.0000,0.0000,1.3469,0.0000,0.0000,-0.0669,-0.0669,2,16.6650
25.3542,79,19,40,11.6900,15.7458,1.3469,4.0558,1.0624,0.9955,-0.0669,2,16.6650
25.3668,96,19,40,9.8000,13.2010,1.3470,3.4010,1.0852,1.0186,-0.0666,2,16.6650
25.3808,115,21,40,10.3500,13.9429,1.3471,3.5929,1.4702,1.4039,-0.0663,2,16.6650
25.3897,127,46,40,0.0000,0.0000,1.3472,0.0000,0.0000,-0.0660,-0.0660,2,16.6650
25.3920,130,45,40,16.6600,22.4447,1.3472,5.7847,3.0065,2.9405,-0.0660,2,16.6650
25.4371,56,20,40,0.0000,0.0000,1.3475,0.0000,0.0000,-0.0648,-0.0648,2,16.6650
25.4534,78,18,40,0.0000,0.0000,1.3476,0.0000,0.0000,-0.0644,-0.0644,2,16.6650
25.4542,79,19,40,11.6900,15.7539,1.3476,4.0639,1.0624,0.9980,-0.0644,2,16.6650
25.4668,96,19,40,9.8000,13.2077,1.3477,3.4077,1.0852,1.0212,-0.0640,2,16.6650
25.4809,115,21,40,10.3500,13.9498,1.3478,3.5998,1.4702,1.4065,-0.0636,2,16.6650
25.4897,127,46,40,0.0000,0.0000,1.3479,0.0000,0.0000,-0.0634,-0.0634,2,16.6650
25.4920,130,45,40,16.6600,22.4556,1.3479,5.7956,3.0065,2.9432,-0.0633,2,16.6650
25.5371,56,20,40,0.0000,0.0000,1.3481,0.0000,0.0000,-0.0620,-0.0620,2,16.6650
25.5534,78,18,40,0.0000,0.0000,1.3482,0.0000,0.0000,-0.0615,-0.0615,2,16.6650
25.5542,79,19,40,11.6900,15.7610,1.3482,4.0710,1.0624,1.0009,-0.0615,2,16.6650
25.5668,96,19,40,9.8000,13.2135,1.3483,3.4135,1.0852,1.0240,-0.0611,2,16.6650
25.5808,115,21,40,10.3500,13.9558,1.3484,3.6058,1.4702,1.4095,-0.0607,2,16.6650
25.5897,127,46,40,0.0000,0.0000,1.3484,0.0000,0.0000,-0.0604,-0.0604,2,16.6650
25.5920,130,45,40,16.6600,22.4651,1.3484,5.8051,3.0065,2.9461,-0.0604,2,16.6650
25.6371,56,20,40,0.0000,0.0000,1.3487,0.0000,0.0000,-0.0589,-0.0589,2,16.6650
25.6534,78,18,40,0.0000,0.0000,1.3488,0.0000,0.0000,-0.0584,-0.0584,2,16.6650
25.6668,96,19,40,9.8000,13.2184,1.3488,3.4184,1.0852,1.0272,-0.0579,2,16.6650
25.6808,115,21,40,10.3500,13.9609,1.3489,3.6109,1.4702,1.4127,-0.0575,2,16.6650
25.6897,127,46,40,0.0000,0.0000,1.3489,0.0000,0.0000,-0.0572,-0.0572,2,16.6650
25.6920,130,45,40,16.6600,22.4732,1.3489,5.8132,3.0065,2.9494,-0.0571,2,16.6650
25.7371,56,20,40,0.0000,0.0000,1.3491,0.0000,0.0000,-0.0555,-0.0555,2,16.6650
25.7534,78,18,40,0.0000,0.0000,1.3492,0.0000,0.0000,-0.0549,-0.0549,2,16.6650
25.7668,96,19,40,9.8000,13.2225,1.3492,3.4225,1.0852,1.0307,-0.0545,2,16.6650
25.7808,115,21,40,10.3500,13.9651,1.3493,3.6151,1.4702,1.4162,-0.0540,2,16.6650
25.7897,127,46,40,0.0000,0.0000,1.3493,0.0000,0.0000,-0.0536,-0.0536,2,16.6650
25.7920,130,45,40,16.6600,22.4797,1.3493,5.8197,3.0065,2.9529,-0.0535,2,16.6650
25.8288,37,52,40,12.8300,17.3134,1.3494,4.4834,-1.7345,-1.7867,-0.0522,2,16.6650
25.8371,56,20,40,0.0000,0.0000,1.3495,0.0000,0.0000,-0.0519,-0.0519,2,16.6650
25.8534,78,18,40,0.0000,0.0000,1.3495,0.0000,0.0000,-0.0512,-0.0512,2,16.6650
25.8668,96,19,40,9.8000,13.2257,1.3496,3.4257,1.0852,1.0344,-0.0507,2,16.6650
25.8809,115,21,40,10.3500,13.9683,1.3496,3.6183,1.4702,1.4200,-0.0502,2,16.6650
25.8897,127,46,40,0.0000,0.0000,1.3496,0.0000,0.0000,-0.0498,-0.0498,2,16.6650
25.8920,130,45,40,16.6600,22.4848,1.3496,5.8248,3.0065,2.9567,-0.0497,2,16.6650
25.9231,37,52,40,12.8300,17.3167,1.3497,4.4867,-1.7345,-1.7830,-0.0485,2,16.6650
25.9371,56,20,40,0.0000,0.0000,1.3497,0.0000,0.0000,-0.0479,-0.0479,2,16.6650
25.9534,78,18,40,0.0000,0.0000,1.3498,0.0000,0.0000,-0.0473,-0.0473,2,16.6650
25.9668,96,19,40,9.8000,13.2280,1.3498,3.4280,1.0852,1.0384,-0.0467,2,16.6650
25.9808,115,21,40,10.3500,13.9707,1.3498,3.6207,1.4702,1.4240,-0.0462,2,16.6650
25.9897,127,46,40,0.0000,0.0000,1.3498,0.0000,0.0000,-0.0458,-0.0458,2,16.6650
25.9920,130,45,40,16.6600,22.4884,1.3498,5.8284,3.0065,2.9608,-0.0457,2,16.6650
26.0231,37,52,40,13.7100,18.5070,1.3499,4.7970,-1.7349,-1.7793,-0.0444,2,16.6650
26.0371,56,20,40,0.0000,0.0000,1.3499,0.0000,0.0000,-0.0438,-0.0438,2,16.6650
26.0534,78,18,40,0.0000,0.0000,1.3499,0.0000,0.0000,-0.0431,-0.0431,2,16.6650
26.0668,96,19,40,10.5000,14.1744,1.3499,3.6744,1.1123,1.0697,-0.0425,2,16.6650
26.0808,115,21,40,11.3300,15.2950,1.3500,3.9650,1.4699,1.4280,-0.0419,2,16.6650
26.0897,127,46,40,0.0000,0.0000,1.3500,0.0000,0.0000,-0.0415,-0.0415,2,16.6650
26.0920,130,45,40,18.0400,24.3534,1.3500,6.3134,2.9591,2.9176,-0.0414,2,16.6650
26.1231,37,52,40,13.7100,18.5083,1.3500,4.7983,-1.7349,-1.7749,-0.0401,2,16.6650
26.1371,56,20,40,0.0000,0.0000,1.3500,0.0000,0.0000,-0.0394,-0.0394,2,16.6650
26.1534,78,18,40,0.0000,0.0000,1.3500,0.0000,0.0000,-0.0387,-0.0387,2,16.6650
26.1668,96,19,40,10.5000,14.1750,1.3500,3.6750,1.1123,1.0742,-0.0381,2,16.6650
26.1809,115,21,40,11.3300,15.2955,1.3500,3.9655,1.4699,1.4324,-0.0375,2,16.6650
26.1897,127,46,40,0.0000,0.0000,1.3500,0.0000,0.0000,-0.0371,-0.0371,2,16.6650
26.1920,130,45,40,18.0400,24.3540,1.3500,6.3140,2.9591,2.9221,-0.0370,2,16.6650
26.2231,37,52,40,13.7100,18.5084,1.3500,4.7984,-1.7349,-1.7704,-0.0355,2,16.6650
26.2371,56,20,40,0.0000,0.0000,1.3500,0.0000,0.0000,-0.0349,-0.0349,2,16.6650
26.2534,78,18,40,0.0000,0.0000,1.3500,0.0000,0.0000,-0.0341,-0.0341,2,16.6650
26.2668,96,19,40,10.5000,14.1746,1.3500,3.6746,1.1123,1.0788,-0.0335,2,16.6650
26.2808,115,21,40,11.3300,15.2950,1.3500,3.9650,1.4699,1.4371,-0.0328,2,16.6650
26.2897,127,46,40,0.0000,0.0000,1.3499,0.0000,0.0000,-0.0324,-0.0324,2,16.6650
26.2920,130,45,40,18.0400,24.3530,1.3499,6.3130,2.9591,2.9268,-0.0323,2,16.6650
26.3231,37,52,40,13.7100,18.5072,1.3499,4.7972,-1.7349,-1.7657,-0.0308,2,16.6650
26.3371,56,20,40,0.0000,0.0000,1.3499,0.0000,0.0000,-0.0301,-0.0301,2,16.6650
26.3534,78,18,40,0.0000,0.0000,1.3499,0.0000,0.0000,-0.0294,-0.0294,2,16.6650
26.3668,96,19,40,10.5000,14.1734,1.3498,3.6734,1.1123,1.0835,-0.0287,2,16.6650
26.3808,115,21,40,11.3300,15.2934,1.3498,3.9634,1.4699,1.4419,-0.0280,2,16.6650
26.3897,127,46,40,0.0000,0.0000,1.3498,0.0000,0.0000,-0.0276,-0.0276,2,16.6650
26.3920,130,45,40,18.0400,24.3504,1.3498,6.3104,2.9591,2.9316,-0.0275,2,16.6650
26.4231,37,52,40,13.7100,18.5049,1.3497,4.7949,-1.7349,-1.7608,-0.0260,2,16.6650
26.4371,56,20,40,0.0000,0.0000,1.3497,0.0000,0.0000,-0.0253,-0.0253,2,16.6650
26.4534,78,18,40,0.0000,0.0000,1.3497,0.0000,0.0000,-0.0245,-0.0245,2,16.6650
26.4668,96,19,40,10.5000,14.1711,1.3496,3.6711,1.1123,1.0885,-0.0238,2,16.6650
26.4808,115,21,40,11.3300,15.2909,1.3496,3.9609,1.4699,1.4468,-0.0231,2,16.6650
26.4897,127,46,40,0.0000,0.0000,1.3496,0.0000,0.0000,-0.0226,-0.0226,2,16.6650
26.4920,130,45,40,18.0400,24.3461,1.3496,6.3061,2.9591,2.9365,-0.0225,2,16.6650
26.5231,37,52,40,13.7100,18.5012,1.3495,4.7912,-1.7349,-1.7558,-0.0210,2,16.6650
26.5371,56,20,40,0.0000,0.0000,1.3494,0.0000,0.0000,-0.0203,-0.0203,2,16.6650
26.5534,78,18,40,0.0000,0.0000,1.3494,0.0000,0.0000,-0.0194,-0.0194,2,16.6650
26.5668,96,19,40,10.5000,14.1679,1.3493,3.6679,1.1123,1.0935,-0.0188,2,16.6650
26.5808,115,21,40,11.3300,15.2873,1.3493,3.9573,1.4699,1.4519,-0.0180,2,16.6650
26.5897,127,46,40,0.0000,0.0000,1.3492,0.0000,0.0000,-0.0176,-0.0176,2,16.6650
26.5920,130,45,40,18.0400,24.3402,1.3492,6.3002,2.9591,2.9416,-0.0175,2,16.6650
26.6231,37,52,40,13.7100,18.4964,1.3491,4.7864,-1.7349,-1.7508,-0.0159,2,16.6650
26.6371,56,20,40,0.0000,0.0000,1.3491,0.0000,0.0000,-0.0152,-0.0152,2,16.6650
26.6534,78,18,40,0.0000,0.0000,1.3490,0.0000,0.0000,-0.0143,-0.0143,2,16.6650
26.6668,96,19,40,10.5000,14.1638,1.3489,3.6638,1.1123,1.0986,-0.0136,2,16.6650
26.6808,115,21,40,11.3300,15.2827,1.3489,3.9527,1.4699,1.4570,-0.0129,2,16.6650
26.6897,127,46,40,0.0000,0.0000,1.3488,0.0000,0.0000,-0.0124,-0.0124,2,16.6650
26.6920,130,45,40,18.0400,24.3328,1.3488,6.2928,2.9591,2.9467,-0.0123,2,16.6650
26.7231,37,52,40,13.7100,18.4903,1.3487,4.7803,-1.7349,-1.7456,-0.0107,2,16.6650
26.7371,56,20,40,0.0000,0.0000,1.3486,0.0000,0.0000,-0.0100,-0.0100,2,16.6650
26.7534,78,18,40,0.0000,0.0000,1.3485,0.0000,0.0000,-0.0091,-0.0091,2,16.6650
26.7668,96,19,40,10.5000,14.1588,1.3485,3.6588,1.1123,1.1038,-0.0084,2,16.6650
26.7808,115,21,40,11.3300,15.2771,1.3484,3.9471,1.4699,1.4622,-0.0077,2,16.6650
26.7897,127,46,40,0.0000,0.0000,1.3483,0.0000,0.0000,-0.0072,-0.0072,2,16.6650
26.7920,130,45,40,18.0400,24.3237,1.3483,6.2837,2.9591,2.9519,-0.0071,2,16.6650
26.8231,37,52,40,13.7100,18.4831,1.3481,4.7731,-1.7349,-1.7404,-0.0055,2,16.6650
26.8371,56,20,40,0.0000,0.0000,1.3481,0.0000,0.0000,-0.0048,-0.0048,2,16.6650
26.8534,78,18,40,0.0000,0.0000,1.3480,0.0000,0.0000,-0.0039,-0.0039,2,16.6650
26.8668,96,19,40,10.5000,14.1528,1.3479,3.6528,1.1123,1.1090,-0.0032,2,16.6650
26.8809,115,21,40,11.3300,15.2705,1.3478,3.9405,1.4699,1.4674,-0.0025,2,16.6650
26.8897,127,46,40,0.0000,0.0000,1.3477,0.0000,0.0000,-0.0020,-0.0020,2,16.6650
26.8920,130,45,40,18.0400,24.3130,1.3477,6.2730,2.9591,2.9572,-0.0019,2,16.6650
26.9231,37,52,40,13.7100,18.4746,1.3475,4.7646,-1.7349,-1.7351,-0.0003,2,16.6650
26.9371,56,20,40,0.0000,0.0000,1.3474,0.0000,0.0000,0.0005,0.0005,2,16.6650
26.9534,78,18,40,0.0000,0.0000,1.3473,0.0000,0.0000,0.0013,0.0013,2,16.6650
26.9668,96,19,40,10.5000,14.1459,1.3472,3.6459,1.1123,1.1143,0.0020,2,16.6650
26.9808,115,21,40,11.3300,15.2630,1.3471,3.9330,1.4699,1.4727,0.0028,2,16.6650
26.9897,127,46,40,0.0000,0.0000,1.3471,0.0000,0.0000,0.0032,0.0032,2,16.6650
26.9920,130,45,40,18.0400,24.3007,1.3470,6.2607,2.9591,2.9624,0.0034,2,16.6650
27.0231,37,52,40,13.5000,18.1820,1.3468,4.6820,-1.7346,-1.7296,0.0050,2,16.6650
27.0371,56,20,40,0.0000,0.0000,1.3467,0.0000,0.0000,0.0057,0.0057,2,16.6650
27.0534,78,18,40,0.0000,0.0000,1.3466,0.0000,0.0000,0.0066,0.0066,2,16.6650
27.0668,96,19,40,11.2400,15.1345,1.3465,3.8945,1.1115,1.1188,0.0073,2,16.6650
27.0808,115,21,40,12.6100,16.9777,1.3464,4.3677,1.4699,1.4780,0.0080,2,16.6650
27.0897,127,46,40,0.0000,0.0000,1.3463,0.0000,0.0000,0.0085,0.0085,2,16.6650
27.0920,130,45,40,20.2900,27.3160,1.3463,7.0260,2.9575,2.9661,0.0086,2,16.6650
27.1231,37,52,40,13.5000,18.1713,1.3460,4.6713,-1.7346,-1.7244,0.0102,2,16.6650
27.1371,56,20,40,0.0000,0.0000,1.3459,0.0000,0.0000,0.0109,0.0109,2,16.6650
27.1534,78,18,40,0.0000,0.0000,1.3458,0.0000,0.0000,0.0118,0.0118,2,16.6650
27.1668,96,19,40,11.2400,15.1251,1.3456,3.8851,1.1115,1.1240,0.0125,2,16.6650
27.1808,115,21,40,12.6100,16.9671,1.3455,4.3571,1.4699,1.4832,0.0132,2,16.6650
27.1897,127,46,40,0.0000,0.0000,1.3454,0.0000,0.0000,0.0137,0.0137,2,16.6650
27.1920,130,45,40,20.2900,27.2987,1.3454,7.0087,2.9575,2.9712,0.0138,2,16.6650
27.2231,37,52,40,13.5000,18.1594,1.3451,4.6594,-1.7346,-1.7192,0.0154,2,16.6650
27.2371,56,20,40,0.0000,0.0000,1.3450,0.0000,0.0000,0.0161,0.0161,2,16.6650
27.2534,78,18,40,0.0000,0.0000,1.3449,0.0000,0.0000,0.0169,0.0169,2,16.6650
27.2668,96,19,40,11.2400,15.1148,1.3447,3.8748,1.1115,1.1292,0.0176,2,16.6650
27.2809,115,21,40,12.6100,16.9553,1.3446,4.3453,1.4699,1.4883,0.0183,2,16.6650
27.2897,127,46,40,0.0000,0.0000,1.3445,0.0000,0.0000,0.0188,0.0188,2,16.6650
27.2920,130,45,40,20.2900,27.2796,1.3445,6.9896,2.9575,2.9764,0.0189,2,16.6650
27.3231,37,52,40,13.5000,18.1464,1.3442,4.6464,-1.7346,-1.7141,0.0205,2,16.6650
27.3371,56,20,40,0.0000,0.0000,1.3440,0.0000,0.0000,0.0212,0.0212,2,16.6650
27.3534,78,18,40,0.0000,0.0000,1.3439,0.0000,0.0000,0.0220,0.0220,2,16.6650
27.3668,96,19,40,11.2400,15.1035,1.3437,3.8635,1.1115,1.1342,0.0227,2,16.6650
27.3809,115,21,40,12.6100,16.9425,1.3436,4.3325,1.4699,1.4933,0.0234,2,16.6650
27.3897,127,46,40,0.0000,0.0000,1.3435,0.0000,0.0000,0.0238,0.0238,2,16.6650
27.3920,130,45,40,20.2900,27.2588,1.3435,6.9688,2.9575,2.9814,0.0239,2,16.6650
27.4231,37,52,40,13.5000,18.1322,1.3431,4.6322,-1.7346,-1.7091,0.0255,2,16.6650
27.4371,56,20,40,0.0000,0.0000,1.3430,0.0000,0.0000,0.0262,0.0262,2,16.6650
27.4534,78,18,40,0.0000,0.0000,1.3428,0.0000,0.0000,0.0270,0.0270,2,16.6650
27.4668,96,19,40,11.2400,15.0913,1.3426,3.8513,1.1115,1.1392,0.0276,2,16.6650
27.4808,115,21,40,12.6100,16.9287,1.3425,4.3187,1.4699,1.4983,0.0283,2,16.6650
27.4897,127,46,40,0.0000,0.0000,1.3424,0.0000,0.0000,0.0287,0.0287,2,16.6650
27.4920,130,45,40,20.2900,27.2363,1.3424,6.9463,2.9575,2.9863,0.0288,2,16.6650
27.5231,37,52,40,13.5000,18.1169,1.3420,4.6169,-1.7346,-1.7043,0.0303,2,16.6650
27.5371,56,20,40,0.0000,0.0000,1.3418,0.0000,0.0000,0.0310,0.0310,2,16.6650
27.5534,78,18,40,0.0000,0.0000,1.3416,0.0000,0.0000,0.0318,0.0318,2,16.6650
27.5668,96,19,40,11.2400,15.0781,1.3415,3.8381,1.1115,1.1440,0.0324,2,16.6650
27.5808,115,21,40,12.6100,16.9138,1.3413,4.3038,1.4699,1.5030,0.0331,2,16.6650
27.5897,127,46,40,0.0000,0.0000,1.3412,0.0000,0.0000,0.0335,0.0335,2,16.6650
27.5920,130,45,40,20.2900,27.2122,1.3412,6.9222,2.9575,2.9911,0.0336,2,16.6650
27.6231,37,52,40,13.5000,18.1004,1.3408,4.6004,-1.7346,-1.6995,0.0351,2,16.6650
27.6371,56,20,40,0.0000,0.0000,1.3406,0.0000,0.0000,0.0357,0.0357,2,16.6650
27.6534,78,18,40,0.0000,0.0000,1.3404,0.0000,0.0000,0.0365,0.0365,2,16.6650
27.6668,96,19,40,11.2400,15.0640,1.3402,3.8240,1.1115,1.1486,0.0371,2,16.6650
27.6808,115,21,40,12.6100,16.8978,1.3400,4.2878,1.4699,1.5077,0.0377,2,16.6650
27.6897,127,46,40,0.0000,0.0000,1.3399,0.0000,0.0000,0.0381,0.0381,2,16.6650
27.7231,37,52,40,13.5000,18.0829,1.3395,4.5829,-1.7346,-1.6950,0.0396,2,16.6650
27.7371,56,20,40,0.0000,0.0000,1.3393,0.0000,0.0000,0.0402,0.0402,2,16.6650
27.7534,78,18,40,0.0000,0.0000,1.3391,0.0000,0.0000,0.0410,0.0410,2,16.6650
27.7668,96,19,40,11.2400,15.0490,1.3389,3.8090,1.1115,1.1531,0.0416,2,16.6650
27.7808,115,21,40,12.6100,16.8808,1.3387,4.2708,1.4699,1.5121,0.0422,2,16.6650
27.7897,127,46,40,0.0000,0.0000,1.3386,0.0000,0.0000,0.0425,0.0425,2,16.6650
27.8231,37,52,40,13.5000,18.0643,1.3381,4.5643,-1.7346,-1.6906,0.0440,2,16.6650
27.8371,56,20,40,0.0000,0.0000,1.3379,0.0000,0.0000,0.0446,0.0446,2,16.6650
27.8534,78,18,40,0.0000,0.0000,1.3377,0.0000,0.0000,0.0453,0.0453,2,16.6650
27.8668,96,19,40,11.2400,15.0331,1.3375,3.7931,1.1115,1.1573,0.0458,2,16.6650
27.8808,115,21,40,12.6100,16.8629,1.3373,4.2529,1.4699,1.5163,0.0464,2,16.6650
27.8897,127,46,40,0.0000,0.0000,1.3371,0.0000,0.0000,0.0468,0.0468,2,16.6650
27.9231,37,52,40,13.5000,18.0446,1.3366,4.5446,-1.7346,-1.6865,0.0481,2,16.6650
27.9371,56,20,40,0.0000,0.0000,1.3364,0.0000,0.0000,0.0487,0.0487,2,16.6650
27.9534,78,18,40,0.0000,0.0000,1.3362,0.0000,0.0000,0.0493,0.0493,2,16.6650
27.9668,96,19,40,11.2400,15.0163,1.3360,3.7763,1.1115,1.1614,0.0499,2,16.6650
27.9808,115,21,40,12.6100,16.8439,1.3358,4.2339,1.4699,1.5204,0.0504,2,16.6650
27.9897,127,46,40,0.0000,0.0000,1.3356,0.0000,0.0000,0.0508,0.0508,2,16.6650
28.0231,37,52,40,13.5300,18.0639,1.3351,4.5339,-1.7341,-1.6821,0.0520,2,16.6650
28.0371,56,20,40,0.0000,0.0000,1.3349,0.0000,0.0000,0.0526,0.0526,2,16.6650
28.0534,78,18,40,0.0000,0.0000,1.3346,0.0000,0.0000,0.0532,0.0532,2,16.6650
28.0668,96,19,40,12.5100,16.6934,1.3344,4.1834,1.1032,1.1569,0.0537,2,16.6650
28.0809,115,21,40,13.4000,17.8779,1.3342,4.4779,1.4713,1.5255,0.0542,2,16.6650
28.0897,127,46,40,0.0000,0.0000,1.3340,0.0000,0.0000,0.0545,0.0545,2,16.6650
28.1231,37,52,40,13.5300,18.0421,1.3335,4.5121,-1.7341,-1.6784,0.0557,2,16.6650
28.1371,56,20,40,0.0000,0.0000,1.3333,0.0000,0.0000,0.0562,0.0562,2,16.6650
28.1534,78,18,40,0.0000,0.0000,1.3330,0.0000,0.0000,0.0567,0.0567,2,16.6650
28.1668,96,19,40,12.5100,16.6728,1.3328,4.1628,1.1032,1.1604,0.0572,2,16.6650
28.1809,115,21,40,13.4000,17.8557,1.3325,4.4557,1.4713,1.5290,0.0577,2,16.6650
28.1897,127,46,40,0.0000,0.0000,1.3324,0.0000,0.0000,0.0580,0.0580,2,16.6650
28.2231,37,52,40,13.5300,18.0192,1.3318,4.4892,-1.7341,-1.6751,0.0591,2,16.6650
28.2371,56,20,40,0.0000,0.0000,1.3316,0.0000,0.0000,0.0595,0.0595,2,16.6650
28.2534,78,18,40,0.0000,0.0000,1.3313,0.0000,0.0000,0.0600,0.0600,2,16.6650
28.2668,96,19,40,12.5100,16.6512,1.3310,4.1412,1.1032,1.1637,0.0604,2,16.6650
28.2808,115,21,40,13.4000,17.8325,1.3308,4.4325,1.4713,1.5322,0.0609,2,16.6650
28.2897,127,46,40,0.0000,0.0000,1.3306,0.0000,0.0000,0.0611,0.0611,2,16.6650
28.3231,37,52,40,13.5300,17.9954,1.3300,4.4654,-1.7341,-1.6720,0.0621,2,16.6650
28.3371,56,20,40,0.0000,0.0000,1.3298,0.0000,0.0000,0.0626,0.0626,2,16.6650
28.3534,78,18,40,0.0000,0.0000,1.3295,0.0000,0.0000,0.0630,0.0630,2,16.6650
28.3668,96,19,40,12.5100,16.6288,1.3292,4.1188,1.1032,1.1666,0.0634,2,16.6650
28.3808,115,21,40,13.4000,17.8084,1.3290,4.4084,1.4713,1.5351,0.0638,2,16.6650
28.3897,127,46,40,0.0000,0.0000,1.3288,0.0000,0.0000,0.0640,0.0640,2,16.6650
28.4231,37,52,40,13.5300,17.9705,1.3282,4.4405,-1.7341,-1.6692,0.0649,2,16.6650
28.4371,56,20,40,0.0000,0.0000,1.3279,0.0000,0.0000,0.0653,0.0653,2,16.6650
28.4534,78,18,40,0.0000,0.0000,1.3276,0.0000,0.0000,0.0657,0.0657,2,16.6650
28.4668,96,19,40,12.5100,16.6055,1.3274,4.0955,1.1032,1.1693,0.0660,2,16.6650
28.4808,115,21,40,13.4000,17.7832,1.3271,4.3832,1.4713,1.5377,0.0664,2,16.6650
28.4897,127,46,40,0.0000,0.0000,1.3269,0.0000,0.0000,0.0666,0.0666,2,16.6650
28.5231,37,52,40,13.5300,17.9448,1.3263,4.4148,-1.7341,-1.6667,0.0674,2,16.6650
28.5371,56,20,40,0.0000,0.0000,1.3260,0.0000,0.0000,0.0677,0.0677,2,16.6650
28.5534,78,18,40,0.0000,0.0000,1.3257,0.0000,0.0000,0.0681,0.0681,2,16.6650
28.5668,96,19,40,12.5100,16.5813,1.3254,4.0713,1.1032,1.1716,0.0684,2,16.6650
28.5808,115,21,40,13.4000,17.7572,1.3252,4.3572,1.4713,1.5400,0.0687,2,16.6650
28.5897,127,46,40,0.0000,0.0000,1.3250,0.0000,0.0000,0.0689,0.0689,2,16.6650
28.6231,37,52,40,13.5300,17.9181,1.3243,4.3881,-1.7341,-1.6646,0.0695,2,16.6650
28.6371,56,20,40,0.0000,0.0000,1.3240,0.0000,0.0000,0.0698,0.0698,2,16.6650
28.6534,78,18,40,0.0000,0.0000,1.3237,0.0000,0.0000,0.0701,0.0701,2,16.6650
28.6668,96,19,40,12.5100,16.5562,1.3234,4.0462,1.1032,1.1736,0.0704,2,16.6650
28.6808,115,21,40,13.4000,17.7302,1.3232,4.3302,1.4713,1.5420,0.0706,2,16.6650
28.6897,127,46,40,0.0000,0.0000,1.3230,0.0000,0.0000,0.0708,0.0708,2,16.6650
28.7231,37,52,40,13.5300,17.8905,1.3223,4.3605,-1.7341,-1.6628,0.0713,2,16.6650
28.7371,56,20,40,0.0000,0.0000,1.3220,0.0000,0.0000,0.0716,0.0716,2,16.6650
28.7534,78,18,40,0.0000,0.0000,1.3216,0.0000,0.0000,0.0718,0.0718,2,16.6650
28.7668,96,19,40,12.5100,16.5303,1.3214,4.0203,1.1032,1.1752,0.0720,2,16.6650
28.7808,115,21,40,13.4000,17.7024,1.3211,4.3024,1.4713,1.5436,0.0722,2,16.6650
28.7897,127,46,40,0.0000,0.0000,1.3209,0.0000,0.0000,0.0723,0.0723,2,16.6650
28.8231,37,52,40,13.5300,17.8620,1.3202,4.3320,-1.7341,-1.6613,0.0728,2,16.6650
28.8371,56,20,40,0.0000,0.0000,1.3199,0.0000,0.0000,0.0729,0.0729,2,16.6650
28.8534,78,18,40,0.0000,0.0000,1.3195,0.0000,0.0000,0.0731,0.0731,2,16.6650
28.8668,96,19,40,12.5100,16.5036,1.3192,3.9936,1.1032,1.1765,0.0733,2,16.6650
28.8808,115,21,40,13.4000,17.6737,1.3189,4.2737,1.4713,1.5448,0.0734,2,16.6650
28.8897,127,46,40,0.0000,0.0000,1.3187,0.0000,0.0000,0.0735,0.0735,2,16.6650
28.9231,37,52,40,13.5300,17.8326,1.3180,4.3026,-1.7341,-1.6603,0.0739,2,16.6650
28.9371,56,20,40,0.0000,0.0000,1.3177,0.0000,0.0000,0.0740,0.0740,2,16.6650
28.9534,78,18,40,0.0000,0.0000,1.3173,0.0000,0.0000,0.0741,0.0741,2,16.6650
28.9668,96,19,40,12.5100,16.4762,1.3170,3.9662,1.1032,1.1774,0.0742,2,16.6650
28.9808,115,21,40,13.4000,17.6441,1.3167,4.2441,1.4713,1.5457,0.0743,2,16.6650
28.9897,127,46,40,0.0000,0.0000,1.3165,0.0000,0.0000,0.0744,0.0744,2,16.6650
