sim_time,rsu_id,real_vehicle_id,ghost_id,ghost_pos_x,ghost_pos_y,displacement_m,count_after,density_limit,exceeds_limit
7.0080,27,9,G27_V9_0,1637.1100,1357.5200,135.0000,1,2,0
7.0080,27,9,G27_V9_1,1502.1100,1492.5200,135.0000,2,2,0
7.0080,27,9,G27_V9_2,1367.1100,1357.5200,135.0000,3,2,1
7.0080,27,9,G27_V9_3,1502.1100,1222.5200,135.0000,4,2,1
7.0178,27,29,G27_V29_0,1785.2100,1219.7400,135.0000,1,2,0
7.0178,27,29,G27_V29_1,1650.2100,1354.7400,135.0000,2,2,0
7.0178,27,29,G27_V29_2,1515.2100,1219.7400,135.0000,3,2,1
7.0178,27,29,G27_V29_3,1650.2100,1084.7400,135.0000,4,2,1
7.0206,27,26,G27_V26_0,1636.0300,1354.5100,135.0000,1,2,0
7.0206,27,26,G27_V26_1,1501.0300,1489.5100,135.0000,2,2,0
7.0206,27,26,G27_V26_2,1366.0300,1354.5100,135.0000,3,2,1
7.0206,27,26,G27_V26_3,1501.0300,1219.5100,135.0000,4,2,1
7.0230,28,24,G28_V24_0,1853.2274,1273.1665,135.0000,1,2,0
7.0230,28,24,G28_V24_1,1718.2274,1408.1665,135.0000,2,2,0
7.0230,28,24,G28_V24_2,1583.2274,1273.1665,135.0000,3,2,1
7.0230,28,24,G28_V24_3,1718.2274,1138.1665,135.0000,4,2,1
7.0355,20,53,G20_V53_0,1859.9800,976.0400,135.0000,1,2,0
7.0355,20,53,G20_V53_1,1724.9800,1111.0400,135.0000,2,2,0
7.0355,20,53,G20_V53_2,1589.9800,976.0400,135.0000,3,2,1
7.0355,20,53,G20_V53_3,1724.9800,841.0400,135.0000,4,2,1
7.0457,20,56,G20_V56_0,1920.4900,1041.1400,135.0000,1,2,0
7.0457,20,56,G20_V56_1,1785.4900,1176.1400,135.0000,2,2,0
7.0457,20,56,G20_V56_2,1650.4900,1041.1400,135.0000,3,2,1
7.0457,20,56,G20_V56_3,1785.4900,906.1400,135.0000,4,2,1
7.0472,43,66,G43_V66_0,1737.3100,1786.3600,135.0000,1,2,0
7.0472,43,66,G43_V66_1,1602.3100,1921.3600,135.0000,2,2,0
7.0472,43,66,G43_V66_2,1467.3100,1786.3600,135.0000,3,2,1
7.0472,43,66,G43_V66_3,1602.3100,1651.3600,135.0000,4,2,1
7.0473,19,60,G19_V60_0,1632.1500,1007.1400,135.0000,1,2,0
7.0473,19,60,G19_V60_1,1497.1500,1142.1400,135.0000,2,2,0
7.0473,19,60,G19_V60_2,1362.1500,1007.1400,135.0000,3,2,1
7.0473,19,60,G19_V60_3,1497.1500,872.1400,135.0000,4,2,1
7.0537,20,65,G20_V65_0,1854.1300,979.9800,135.0000,1,2,0
7.0537,20,65,G20_V65_1,1719.1300,1114.9800,135.0000,2,2,0
7.0537,20,65,G20_V65_2,1584.1300,979.9800,135.0000,3,2,1
7.0537,20,65,G20_V65_3,1719.1300,844.9800,135.0000,4,2,1
7.0558,18,71,G18_V71_0,1566.3300,994.6300,135.0000,1,2,0
7.0558,18,71,G18_V71_1,1431.3300,1129.6300,135.0000,2,2,0
7.0558,18,71,G18_V71_2,1296.3300,994.6300,135.0000,3,2,1
7.0558,18,71,G18_V71_3,1431.3300,859.6300,135.0000,4,2,1
7.0587,19,79,G19_V79_0,1722.0000,1105.6200,135.0000,1,2,0
7.0587,19,79,G19_V79_1,1587.0000,1240.6200,135.0000,2,2,0
7.0587,19,79,G19_V79_2,1452.0000,1105.6200,135.0000,3,2,1
7.0587,19,79,G19_V79_3,1587.0000,970.6200,135.0000,4,2,1
7.0600,18,78,G18_V78_0,1580.1200,997.3300,135.0000,1,2,0
7.0600,18,78,G18_V78_1,1445.1200,1132.3300,135.0000,2,2,0
7.0600,18,78,G18_V78_2,1310.1200,997.3300,135.0000,3,2,1
7.0600,18,78,G18_V78_3,1445.1200,862.3300,135.0000,4,2,1
7.0682,19,93,G19_V93_0,1625.2300,1006.1300,135.0000,1,2,0
7.0682,19,93,G19_V93_1,1490.2300,1141.1300,135.0000,2,2,0
7.0682,19,93,G19_V93_2,1355.2300,1006.1300,135.0000,3,2,1
7.0682,19,93,G19_V93_3,1490.2300,871.1300,135.0000,4,2,1
7.0717,26,95,G26_V95_0,1401.2300,1300.6800,135.0000,1,2,0
7.0717,26,95,G26_V95_1,1266.2300,1435.6800,135.0000,2,2,0
7.0717,26,95,G26_V95_2,1131.2300,1300.6800,135.0000,3,2,1
7.0717,26,95,G26_V95_3,1266.2300,1165.6800,135.0000,4,2,1
7.0743,19,96,G19_V96_0,1718.3700,1099.6400,135.0000,1,2,0
7.0743,19,96,G19_V96_1,1583.3700,1234.6400,135.0000,2,2,0
7.0743,19,96,G19_V96_2,1448.3700,1099.6400,135.0000,3,2,1
7.0743,19,96,G19_V96_3,1583.3700,964.6400,135.0000,4,2,1
7.0761,10,101,G10_V101_0,1553.0700,805.7800,135.0000,1,2,0
7.0761,10,101,G10_V101_1,1418.0700,940.7800,135.0000,2,2,0
7.0761,10,101,G10_V101_2,1283.0700,805.7800,135.0000,3,2,1
7.0761,10,101,G10_V101_3,1418.0700,670.7800,135.0000,4,2,1
7.0821,28,116,G28_V116_0,1840.6185,1277.6407,135.0000,1,2,0
7.0821,28,116,G28_V116_1,1705.6185,1412.6407,135.0000,2,2,0
7.0821,28,116,G28_V116_2,1570.6185,1277.6407,135.0000,3,2,1
7.0821,28,116,G28_V116_3,1705.6185,1142.6407,135.0000,4,2,1
7.0859,11,110,G11_V110_0,1581.9357,765.2278,135.0000,1,2,0
7.0859,11,110,G11_V110_1,1446.9357,900.2278,135.0000,2,2,0
7.0859,11,110,G11_V110_2,1311.9357,765.2278,135.0000,3,2,1
7.0859,11,110,G11_V110_3,1446.9357,630.2278,135.0000,4,2,1
7.0953,19,129,G19_V129_0,1594.9300,998.1300,135.0000,1,2,0
7.0953,19,129,G19_V129_1,1459.9300,1133.1300,135.0000,2,2,0
7.0953,19,129,G19_V129_2,1324.9300,998.1300,135.0000,3,2,1
7.0953,19,129,G19_V129_3,1459.9300,863.1300,135.0000,4,2,1
7.1016,45,130,G45_V130_0,2229.1900,1871.4500,135.0000,1,2,0
7.1016,45,130,G45_V130_1,2094.1900,2006.4500,135.0000,2,2,0
7.1016,45,130,G45_V130_2,1959.1900,1871.4500,135.0000,3,2,1
7.1016,45,130,G45_V130_3,2094.1900,1736.4500,135.0000,4,2,1
7.1023,27,9,G27_V9_0,1637.1100,1357.5200,135.0000,1,2,0
7.1023,27,9,G27_V9_1,1502.1100,1492.5200,135.0000,2,2,0
7.1023,27,9,G27_V9_2,1367.1100,1357.5200,135.0000,3,2,1
7.1023,27,9,G27_V9_3,1502.1100,1222.5200,135.0000,4,2,1
7.1134,28,24,G28_V24_0,1853.1773,1273.1839,135.0000,1,2,0
7.1134,28,24,G28_V24_1,1718.1773,1408.1839,135.0000,2,2,0
7.1134,28,24,G28_V24_2,1583.1773,1273.1839,135.0000,3,2,1
7.1134,28,24,G28_V24_3,1718.1773,1138.1839,135.0000,4,2,1
7.1149,27,26,G27_V26_0,1636.0300,1354.5100,135.0000,1,2,0
7.1149,27,26,G27_V26_1,1501.0300,1489.5100,135.0000,2,2,0
7.1149,27,26,G27_V26_2,1366.0300,1354.5100,135.0000,3,2,1
7.1149,27,26,G27_V26_3,1501.0300,1219.5100,135.0000,4,2,1
7.1171,27,29,G27_V29_0,1785.2100,1219.7400,135.0000,1,2,0
7.1171,27,29,G27_V29_1,1650.2100,1354.7400,135.0000,2,2,0
7.1171,27,29,G27_V29_2,1515.2100,1219.7400,135.0000,3,2,1
7.1171,27,29,G27_V29_3,1650.2100,1084.7400,135.0000,4,2,1
7.1349,20,53,G20_V53_0,1859.9800,976.0400,135.0000,1,2,0
7.1349,20,53,G20_V53_1,1724.9800,1111.0400,135.0000,2,2,0
7.1349,20,53,G20_V53_2,1589.9800,976.0400,135.0000,3,2,1
7.1349,20,53,G20_V53_3,1724.9800,841.0400,135.0000,4,2,1
7.1371,20,56,G20_V56_0,1920.4900,1041.1400,135.0000,1,2,0
7.1371,20,56,G20_V56_1,1785.4900,1176.1400,135.0000,2,2,0
7.1371,20,56,G20_V56_2,1650.4900,1041.1400,135.0000,3,2,1
7.1371,20,56,G20_V56_3,1785.4900,906.1400,135.0000,4,2,1
7.1401,19,60,G19_V60_0,1632.1500,1007.1400,135.0000,1,2,0
7.1401,19,60,G19_V60_1,1497.1500,1142.1400,135.0000,2,2,0
7.1401,19,60,G19_V60_2,1362.1500,1007.1400,135.0000,3,2,1
7.1401,19,60,G19_V60_3,1497.1500,872.1400,135.0000,4,2,1
7.1438,20,65,G20_V65_0,1854.1300,979.9800,135.0000,1,2,0
7.1438,20,65,G20_V65_1,1719.1300,1114.9800,135.0000,2,2,0
7.1438,20,65,G20_V65_2,1584.1300,979.9800,135.0000,3,2,1
7.1438,20,65,G20_V65_3,1719.1300,844.9800,135.0000,4,2,1
7.1445,43,66,G43_V66_0,1737.3100,1786.3600,135.0000,1,2,0
7.1445,43,66,G43_V66_1,1602.3100,1921.3600,135.0000,2,2,0
7.1445,43,66,G43_V66_2,1467.3100,1786.3600,135.0000,3,2,1
7.1445,43,66,G43_V66_3,1602.3100,1651.3600,135.0000,4,2,1
7.1482,18,71,G18_V71_0,1566.3300,994.6300,135.0000,1,2,0
7.1482,18,71,G18_V71_1,1431.3300,1129.6300,135.0000,2,2,0
7.1482,18,71,G18_V71_2,1296.3300,994.6300,135.0000,3,2,1
7.1482,18,71,G18_V71_3,1431.3300,859.6300,135.0000,4,2,1
7.1534,18,78,G18_V78_0,1580.1200,997.3300,135.0000,1,2,0
7.1534,18,78,G18_V78_1,1445.1200,1132.3300,135.0000,2,2,0
7.1534,18,78,G18_V78_2,1310.1200,997.3300,135.0000,3,2,1
7.1534,18,78,G18_V78_3,1445.1200,862.3300,135.0000,4,2,1
7.1542,19,79,G19_V79_0,1722.0000,1105.6200,135.0000,1,2,0
7.1542,19,79,G19_V79_1,1587.0000,1240.6200,135.0000,2,2,0
7.1542,19,79,G19_V79_2,1452.0000,1105.6200,135.0000,3,2,1
7.1542,19,79,G19_V79_3,1587.0000,970.6200,135.0000,4,2,1
7.1645,19,93,G19_V93_0,1625.2300,1006.1300,135.0000,1,2,0
7.1645,19,93,G19_V93_1,1490.2300,1141.1300,135.0000,2,2,0
7.1645,19,93,G19_V93_2,1355.2300,1006.1300,135.0000,3,2,1
7.1645,19,93,G19_V93_3,1490.2300,871.1300,135.0000,4,2,1
7.1660,26,95,G26_V95_0,1401.2300,1300.6800,135.0000,1,2,0
7.1660,26,95,G26_V95_1,1266.2300,1435.6800,135.0000,2,2,0
7.1660,26,95,G26_V95_2,1131.2300,1300.6800,135.0000,3,2,1
7.1660,26,95,G26_V95_3,1266.2300,1165.6800,135.0000,4,2,1
7.1668,19,96,G19_V96_0,1718.3700,1099.6400,135.0000,1,2,0
7.1668,19,96,G19_V96_1,1583.3700,1234.6400,135.0000,2,2,0
7.1668,19,96,G19_V96_2,1448.3700,1099.6400,135.0000,3,2,1
7.1668,19,96,G19_V96_3,1583.3700,964.6400,135.0000,4,2,1
7.1705,10,101,G10_V101_0,1553.0700,805.7800,135.0000,1,2,0
7.1705,10,101,G10_V101_1,1418.0700,940.7800,135.0000,2,2,0
7.1705,10,101,G10_V101_2,1283.0700,805.7800,135.0000,3,2,1
7.1705,10,101,G10_V101_3,1418.0700,670.7800,135.0000,4,2,1
7.1771,11,110,G11_V110_0,1582.6311,765.3806,135.0000,1,2,0
7.1771,11,110,G11_V110_1,1447.6311,900.3806,135.0000,2,2,0
7.1771,11,110,G11_V110_2,1312.6311,765.3806,135.0000,3,2,1
7.1771,11,110,G11_V110_3,1447.6311,630.3806,135.0000,4,2,1
7.1816,28,116,G28_V116_0,1840.6168,1277.6416,135.0000,1,2,0
7.1816,28,116,G28_V116_1,1705.6168,1412.6416,135.0000,2,2,0
7.1816,28,116,G28_V116_2,1570.6168,1277.6416,135.0000,3,2,1
7.1816,28,116,G28_V116_3,1705.6168,1142.6416,135.0000,4,2,1
7.1912,19,129,G19_V129_0,1594.9300,998.1300,135.0000,1,2,0
7.1912,19,129,G19_V129_1,1459.9300,1133.1300,135.0000,2,2,0
7.1912,19,129,G19_V129_2,1324.9300,998.1300,135.0000,3,2,1
7.1912,19,129,G19_V129_3,1459.9300,863.1300,135.0000,4,2,1
7.1919,45,130,G45_V130_0,2229.1900,1871.4500,135.0000,1,2,0
7.1919,45,130,G45_V130_1,2094.1900,2006.4500,135.0000,2,2,0
7.1919,45,130,G45_V130_2,1959.1900,1871.4500,135.0000,3,2,1
7.1919,45,130,G45_V130_3,2094.1900,1736.4500,135.0000,4,2,1
7.2023,27,9,G27_V9_0,1637.1100,1357.5200,135.0000,1,2,0
7.2023,27,9,G27_V9_1,1502.1100,1492.5200,135.0000,2,2,0
7.2023,27,9,G27_V9_2,1367.1100,1357.5200,135.0000,3,2,1
7.2023,27,9,G27_V9_3,1502.1100,1222.5200,135.0000,4,2,1
7.2134,28,24,G28_V24_0,1853.1273,1273.2014,135.0000,1,2,0
7.2134,28,24,G28_V24_1,1718.1273,1408.2014,135.0000,2,2,0
7.2134,28,24,G28_V24_2,1583.1273,1273.2014,135.0000,3,2,1
7.2134,28,24,G28_V24_3,1718.1273,1138.2014,135.0000,4,2,1
7.2149,27,26,G27_V26_0,1636.0300,1354.5100,135.0000,1,2,0
7.2149,27,26,G27_V26_1,1501.0300,1489.5100,135.0000,2,2,0
7.2149,27,26,G27_V26_2,1366.0300,1354.5100,135.0000,3,2,1
7.2149,27,26,G27_V26_3,1501.0300,1219.5100,135.0000,4,2,1
7.2171,27,29,G27_V29_0,1785.2100,1219.7400,135.0000,1,2,0
7.2171,27,29,G27_V29_1,1650.2100,1354.7400,135.0000,2,2,0
7.2171,27,29,G27_V29_2,1515.2100,1219.7400,135.0000,3,2,1
7.2171,27,29,G27_V29_3,1650.2100,1084.7400,135.0000,4,2,1
7.2349,20,53,G20_V53_0,1859.9800,976.0400,135.0000,1,2,0
7.2349,20,53,G20_V53_1,1724.9800,1111.0400,135.0000,2,2,0
7.2349,20,53,G20_V53_2,1589.9800,976.0400,135.0000,3,2,1
7.2349,20,53,G20_V53_3,1724.9800,841.0400,135.0000,4,2,1
7.2371,20,56,G20_V56_0,1920.4900,1041.1400,135.0000,1,2,0
7.2371,20,56,G20_V56_1,1785.4900,1176.1400,135.0000,2,2,0
7.2371,20,56,G20_V56_2,1650.4900,1041.1400,135.0000,3,2,1
7.2371,20,56,G20_V56_3,1785.4900,906.1400,135.0000,4,2,1
7.2401,19,60,G19_V60_0,1632.1500,1007.1400,135.0000,1,2,0
7.2401,19,60,G19_V60_1,1497.1500,1142.1400,135.0000,2,2,0
7.2401,19,60,G19_V60_2,1362.1500,1007.1400,135.0000,3,2,1
7.2401,19,60,G19_V60_3,1497.1500,872.1400,135.0000,4,2,1
7.2438,20,65,G20_V65_0,1854.1300,979.9800,135.0000,1,2,0
7.2438,20,65,G20_V65_1,1719.1300,1114.9800,135.0000,2,2,0
7.2438,20,65,G20_V65_2,1584.1300,979.9800,135.0000,3,2,1
7.2438,20,65,G20_V65_3,1719.1300,844.9800,135.0000,4,2,1
7.2445,43,66,G43_V66_0,1737.3100,1786.3600,135.0000,1,2,0
7.2445,43,66,G43_V66_1,1602.3100,1921.3600,135.0000,2,2,0
7.2445,43,66,G43_V66_2,1467.3100,1786.3600,135.0000,3,2,1
7.2445,43,66,G43_V66_3,1602.3100,1651.3600,135.0000,4,2,1
7.2482,18,71,G18_V71_0,1566.3300,994.6300,135.0000,1,2,0
7.2482,18,71,G18_V71_1,1431.3300,1129.6300,135.0000,2,2,0
7.2482,18,71,G18_V71_2,1296.3300,994.6300,135.0000,3,2,1
7.2482,18,71,G18_V71_3,1431.3300,859.6300,135.0000,4,2,1
7.2534,18,78,G18_V78_0,1580.1200,997.3300,135.0000,1,2,0
7.2534,18,78,G18_V78_1,1445.1200,1132.3300,135.0000,2,2,0
7.2534,18,78,G18_V78_2,1310.1200,997.3300,135.0000,3,2,1
7.2534,18,78,G18_V78_3,1445.1200,862.3300,135.0000,4,2,1
7.2542,19,79,G19_V79_0,1722.0000,1105.6200,135.0000,1,2,0
7.2542,19,79,G19_V79_1,1587.0000,1240.6200,135.0000,2,2,0
7.2542,19,79,G19_V79_2,1452.0000,1105.6200,135.0000,3,2,1
7.2542,19,79,G19_V79_3,1587.0000,970.6200,135.0000,4,2,1
7.2645,19,93,G19_V93_0,1625.2300,1006.1300,135.0000,1,2,0
7.2645,19,93,G19_V93_1,1490.2300,1141.1300,135.0000,2,2,0
7.2645,19,93,G19_V93_2,1355.2300,1006.1300,135.0000,3,2,1
7.2645,19,93,G19_V93_3,1490.2300,871.1300,135.0000,4,2,1
7.2660,26,95,G26_V95_0,1401.2300,1300.6800,135.0000,1,2,0
7.2660,26,95,G26_V95_1,1266.2300,1435.6800,135.0000,2,2,0
7.2660,26,95,G26_V95_2,1131.2300,1300.6800,135.0000,3,2,1
7.2660,26,95,G26_V95_3,1266.2300,1165.6800,135.0000,4,2,1
7.2668,19,96,G19_V96_0,1718.3700,1099.6400,135.0000,1,2,0
7.2668,19,96,G19_V96_1,1583.3700,1234.6400,135.0000,2,2,0
7.2668,19,96,G19_V96_2,1448.3700,1099.6400,135.0000,3,2,1
7.2668,19,96,G19_V96_3,1583.3700,964.6400,135.0000,4,2,1
7.2705,10,101,G10_V101_0,1553.0700,805.7800,135.0000,1,2,0
7.2705,10,101,G10_V101_1,1418.0700,940.7800,135.0000,2,2,0
7.2705,10,101,G10_V101_2,1283.0700,805.7800,135.0000,3,2,1
7.2705,10,101,G10_V101_3,1418.0700,670.7800,135.0000,4,2,1
7.2771,11,110,G11_V110_0,1583.3265,765.5335,135.0000,1,2,0
7.2771,11,110,G11_V110_1,1448.3265,900.5335,135.0000,2,2,0
7.2771,11,110,G11_V110_2,1313.3265,765.5335,135.0000,3,2,1
7.2771,11,110,G11_V110_3,1448.3265,630.5335,135.0000,4,2,1
7.2816,28,116,G28_V116_0,1840.6150,1277.6425,135.0000,1,2,0
7.2816,28,116,G28_V116_1,1705.6150,1412.6425,135.0000,2,2,0
7.2816,28,116,G28_V116_2,1570.6150,1277.6425,135.0000,3,2,1
7.2816,28,116,G28_V116_3,1705.6150,1142.6425,135.0000,4,2,1
7.2912,19,129,G19_V129_0,1594.9300,998.1300,135.0000,1,2,0
7.2912,19,129,G19_V129_1,1459.9300,1133.1300,135.0000,2,2,0
7.2912,19,129,G19_V129_2,1324.9300,998.1300,135.0000,3,2,1
7.2912,19,129,G19_V129_3,1459.9300,863.1300,135.0000,4,2,1
7.2919,45,130,G45_V130_0,2229.1900,1871.4500,135.0000,1,2,0
7.2919,45,130,G45_V130_1,2094.1900,2006.4500,135.0000,2,2,0
7.2919,45,130,G45_V130_2,1959.1900,1871.4500,135.0000,3,2,1
7.2919,45,130,G45_V130_3,2094.1900,1736.4500,135.0000,4,2,1
7.3023,27,9,G27_V9_0,1637.1100,1357.5200,135.0000,1,2,0
7.3023,27,9,G27_V9_1,1502.1100,1492.5200,135.0000,2,2,0
7.3023,27,9,G27_V9_2,1367.1100,1357.5200,135.0000,3,2,1
7.3023,27,9,G27_V9_3,1502.1100,1222.5200,135.0000,4,2,1
7.3134,28,24,G28_V24_0,1853.0772,1273.2188,135.0000,1,2,0
7.3134,28,24,G28_V24_1,1718.0772,1408.2188,135.0000,2,2,0
7.3134,28,24,G28_V24_2,1583.0772,1273.2188,135.0000,3,2,1
7.3134,28,24,G28_V24_3,1718.0772,1138.2188,135.0000,4,2,1
7.3149,27,26,G27_V26_0,1636.0300,1354.5100,135.0000,1,2,0
7.3149,27,26,G27_V26_1,1501.0300,1489.5100,135.0000,2,2,0
7.3149,27,26,G27_V26_2,1366.0300,1354.5100,135.0000,3,2,1
7.3149,27,26,G27_V26_3,1501.0300,1219.5100,135.0000,4,2,1
7.3171,27,29,G27_V29_0,1785.2100,1219.7400,135.0000,1,2,0
7.3171,27,29,G27_V29_1,1650.2100,1354.7400,135.0000,2,2,0
7.3171,27,29,G27_V29_2,1515.2100,1219.7400,135.0000,3,2,1
7.3171,27,29,G27_V29_3,1650.2100,1084.7400,135.0000,4,2,1
7.3349,20,53,G20_V53_0,1859.9800,976.0400,135.0000,1,2,0
7.3349,20,53,G20_V53_1,1724.9800,1111.0400,135.0000,2,2,0
7.3349,20,53,G20_V53_2,1589.9800,976.0400,135.0000,3,2,1
7.3349,20,53,G20_V53_3,1724.9800,841.0400,135.0000,4,2,1
7.3371,20,56,G20_V56_0,1920.4900,1041.1400,135.0000,1,2,0
7.3371,20,56,G20_V56_1,1785.4900,1176.1400,135.0000,2,2,0
7.3371,20,56,G20_V56_2,1650.4900,1041.1400,135.0000,3,2,1
7.3371,20,56,G20_V56_3,1785.4900,906.1400,135.0000,4,2,1
7.3401,19,60,G19_V60_0,1632.1500,1007.1400,135.0000,1,2,0
7.3401,19,60,G19_V60_1,1497.1500,1142.1400,135.0000,2,2,0
7.3401,19,60,G19_V60_2,1362.1500,1007.1400,135.0000,3,2,1
7.3401,19,60,G19_V60_3,1497.1500,872.1400,135.0000,4,2,1
7.3438,20,65,G20_V65_0,1854.1300,979.9800,135.0000,1,2,0
7.3438,20,65,G20_V65_1,1719.1300,1114.9800,135.0000,2,2,0
7.3438,20,65,G20_V65_2,1584.1300,979.9800,135.0000,3,2,1
7.3438,20,65,G20_V65_3,1719.1300,844.9800,135.0000,4,2,1
7.3445,43,66,G43_V66_0,1737.3100,1786.3600,135.0000,1,2,0
7.3445,43,66,G43_V66_1,1602.3100,1921.3600,135.0000,2,2,0
7.3445,43,66,G43_V66_2,1467.3100,1786.3600,135.0000,3,2,1
7.3445,43,66,G43_V66_3,1602.3100,1651.3600,135.0000,4,2,1
7.3482,18,71,G18_V71_0,1566.3300,994.6300,135.0000,1,2,0
7.3482,18,71,G18_V71_1,1431.3300,1129.6300,135.0000,2,2,0
7.3482,18,71,G18_V71_2,1296.3300,994.6300,135.0000,3,2,1
7.3482,18,71,G18_V71_3,1431.3300,859.6300,135.0000,4,2,1
7.3534,18,78,G18_V78_0,1580.1200,997.3300,135.0000,1,2,0
7.3534,18,78,G18_V78_1,1445.1200,1132.3300,135.0000,2,2,0
7.3534,18,78,G18_V78_2,1310.1200,997.3300,135.0000,3,2,1
7.3534,18,78,G18_V78_3,1445.1200,862.3300,135.0000,4,2,1
7.3542,19,79,G19_V79_0,1722.0000,1105.6200,135.0000,1,2,0
7.3542,19,79,G19_V79_1,1587.0000,1240.6200,135.0000,2,2,0
7.3542,19,79,G19_V79_2,1452.0000,1105.6200,135.0000,3,2,1
7.3542,19,79,G19_V79_3,1587.0000,970.6200,135.0000,4,2,1
7.3645,19,93,G19_V93_0,1625.2300,1006.1300,135.0000,1,2,0
7.3645,19,93,G19_V93_1,1490.2300,1141.1300,135.0000,2,2,0
7.3645,19,93,G19_V93_2,1355.2300,1006.1300,135.0000,3,2,1
7.3645,19,93,G19_V93_3,1490.2300,871.1300,135.0000,4,2,1
7.3660,26,95,G26_V95_0,1401.2300,1300.6800,135.0000,1,2,0
7.3660,26,95,G26_V95_1,1266.2300,1435.6800,135.0000,2,2,0
7.3660,26,95,G26_V95_2,1131.2300,1300.6800,135.0000,3,2,1
7.3660,26,95,G26_V95_3,1266.2300,1165.6800,135.0000,4,2,1
7.3668,19,96,G19_V96_0,1718.3700,1099.6400,135.0000,1,2,0
7.3668,19,96,G19_V96_1,1583.3700,1234.6400,135.0000,2,2,0
7.3668,19,96,G19_V96_2,1448.3700,1099.6400,135.0000,3,2,1
7.3668,19,96,G19_V96_3,1583.3700,964.6400,135.0000,4,2,1
7.3705,10,101,G10_V101_0,1553.0700,805.7800,135.0000,1,2,0
7.3705,10,101,G10_V101_1,1418.0700,940.7800,135.0000,2,2,0
7.3705,10,101,G10_V101_2,1283.0700,805.7800,135.0000,3,2,1
7.3705,10,101,G10_V101_3,1418.0700,670.7800,135.0000,4,2,1
7.3771,11,110,G11_V110_0,1584.0219,765.6864,135.0000,1,2,0
7.3771,11,110,G11_V110_1,1449.0219,900.6864,135.0000,2,2,0
7.3771,11,110,G11_V110_2,1314.0219,765.6864,135.0000,3,2,1
7.3771,11,110,G11_V110_3,1449.0219,630.6864,135.0000,4,2,1
7.3816,28,116,G28_V116_0,1840.6132,1277.6434,135.0000,1,2,0
7.3816,28,116,G28_V116_1,1705.6132,1412.6434,135.0000,2,2,0
7.3816,28,116,G28_V116_2,1570.6132,1277.6434,135.0000,3,2,1
7.3816,28,116,G28_V116_3,1705.6132,1142.6434,135.0000,4,2,1
7.3912,19,129,G19_V129_0,1594.9300,998.1300,135.0000,1,2,0
7.3912,19,129,G19_V129_1,1459.9300,1133.1300,135.0000,2,2,0
7.3912,19,129,G19_V129_2,1324.9300,998.1300,135.0000,3,2,1
7.3912,19,129,G19_V129_3,1459.9300,863.1300,135.0000,4,2,1
7.3920,45,130,G45_V130_0,2229.1900,1871.4500,135.0000,1,2,0
7.3920,45,130,G45_V130_1,2094.1900,2006.4500,135.0000,2,2,0
7.3920,45,130,G45_V130_2,1959.1900,1871.4500,135.0000,3,2,1
7.3920,45,130,G45_V130_3,2094.1900,1736.4500,135.0000,4,2,1
7.4023,27,9,G27_V9_0,1637.1100,1357.5200,135.0000,1,2,0
7.4023,27,9,G27_V9_1,1502.1100,1492.5200,135.0000,2,2,0
7.4023,27,9,G27_V9_2,1367.1100,1357.5200,135.0000,3,2,1
7.4023,27,9,G27_V9_3,1502.1100,1222.5200,135.0000,4,2,1
7.4134,28,24,G28_V24_0,1853.0272,1273.2362,135.0000,1,2,0
7.4134,28,24,G28_V24_1,1718.0272,1408.2362,135.0000,2,2,0
7.4134,28,24,G28_V24_2,1583.0272,1273.2362,135.0000,3,2,1
7.4134,28,24,G28_V24_3,1718.0272,1138.2362,135.0000,4,2,1
7.4149,27,26,G27_V26_0,1636.0300,1354.5100,135.0000,1,2,0
7.4149,27,26,G27_V26_1,1501.0300,1489.5100,135.0000,2,2,0
7.4149,27,26,G27_V26_2,1366.0300,1354.5100,135.0000,3,2,1
7.4149,27,26,G27_V26_3,1501.0300,1219.5100,135.0000,4,2,1
7.4171,27,29,G27_V29_0,1785.2100,1219.7400,135.0000,1,2,0
7.4171,27,29,G27_V29_1,1650.2100,1354.7400,135.0000,2,2,0
7.4171,27,29,G27_V29_2,1515.2100,1219.7400,135.0000,3,2,1
7.4171,27,29,G27_V29_3,1650.2100,1084.7400,135.0000,4,2,1
7.4349,20,53,G20_V53_0,1859.9800,976.0400,135.0000,1,2,0
7.4349,20,53,G20_V53_1,1724.9800,1111.0400,135.0000,2,2,0
7.4349,20,53,G20_V53_2,1589.9800,976.0400,135.0000,3,2,1
7.4349,20,53,G20_V53_3,1724.9800,841.0400,135.0000,4,2,1
7.4371,20,56,G20_V56_0,1920.4900,1041.1400,135.0000,1,2,0
7.4371,20,56,G20_V56_1,1785.4900,1176.1400,135.0000,2,2,0
7.4371,20,56,G20_V56_2,1650.4900,1041.1400,135.0000,3,2,1
7.4371,20,56,G20_V56_3,1785.4900,906.1400,135.0000,4,2,1
7.4401,19,60,G19_V60_0,1632.1500,1007.1400,135.0000,1,2,0
7.4401,19,60,G19_V60_1,1497.1500,1142.1400,135.0000,2,2,0
7.4401,19,60,G19_V60_2,1362.1500,1007.1400,135.0000,3,2,1
7.4401,19,60,G19_V60_3,1497.1500,872.1400,135.0000,4,2,1
7.4438,20,65,G20_V65_0,1854.1300,979.9800,135.0000,1,2,0
7.4438,20,65,G20_V65_1,1719.1300,1114.9800,135.0000,2,2,0
7.4438,20,65,G20_V65_2,1584.1300,979.9800,135.0000,3,2,1
7.4438,20,65,G20_V65_3,1719.1300,844.9800,135.0000,4,2,1
7.4445,43,66,G43_V66_0,1737.3100,1786.3600,135.0000,1,2,0
7.4445,43,66,G43_V66_1,1602.3100,1921.3600,135.0000,2,2,0
7.4445,43,66,G43_V66_2,1467.3100,1786.3600,135.0000,3,2,1
7.4445,43,66,G43_V66_3,1602.3100,1651.3600,135.0000,4,2,1
7.4482,18,71,G18_V71_0,1566.3300,994.6300,135.0000,1,2,0
7.4482,18,71,G18_V71_1,1431.3300,1129.6300,135.0000,2,2,0
7.4482,18,71,G18_V71_2,1296.3300,994.6300,135.0000,3,2,1
7.4482,18,71,G18_V71_3,1431.3300,859.6300,135.0000,4,2,1
7.4534,18,78,G18_V78_0,1580.1200,997.3300,135.0000,1,2,0
7.4534,18,78,G18_V78_1,1445.1200,1132.3300,135.0000,2,2,0
7.4534,18,78,G18_V78_2,1310.1200,997.3300,135.0000,3,2,1
7.4534,18,78,G18_V78_3,1445.1200,862.3300,135.0000,4,2,1
7.4542,19,79,G19_V79_0,1722.0000,1105.6200,135.0000,1,2,0
7.4542,19,79,G19_V79_1,1587.0000,1240.6200,135.0000,2,2,0
7.4542,19,79,G19_V79_2,1452.0000,1105.6200,135.0000,3,2,1
7.4542,19,79,G19_V79_3,1587.0000,970.6200,135.0000,4,2,1
7.4645,19,93,G19_V93_0,1625.2300,1006.1300,135.0000,1,2,0
7.4645,19,93,G19_V93_1,1490.2300,1141.1300,135.0000,2,2,0
7.4645,19,93,G19_V93_2,1355.2300,1006.1300,135.0000,3,2,1
7.4645,19,93,G19_V93_3,1490.2300,871.1300,135.0000,4,2,1
7.4660,26,95,G26_V95_0,1401.2300,1300.6800,135.0000,1,2,0
7.4660,26,95,G26_V95_1,1266.2300,1435.6800,135.0000,2,2,0
7.4660,26,95,G26_V95_2,1131.2300,1300.6800,135.0000,3,2,1
7.4660,26,95,G26_V95_3,1266.2300,1165.6800,135.0000,4,2,1
7.4668,19,96,G19_V96_0,1718.3700,1099.6400,135.0000,1,2,0
7.4668,19,96,G19_V96_1,1583.3700,1234.6400,135.0000,2,2,0
7.4668,19,96,G19_V96_2,1448.3700,1099.6400,135.0000,3,2,1
7.4668,19,96,G19_V96_3,1583.3700,964.6400,135.0000,4,2,1
7.4705,10,101,G10_V101_0,1553.0700,805.7800,135.0000,1,2,0
7.4705,10,101,G10_V101_1,1418.0700,940.7800,135.0000,2,2,0
7.4705,10,101,G10_V101_2,1283.0700,805.7800,135.0000,3,2,1
7.4705,10,101,G10_V101_3,1418.0700,670.7800,135.0000,4,2,1
7.4771,11,110,G11_V110_0,1584.7173,765.8392,135.0000,1,2,0
7.4771,11,110,G11_V110_1,1449.7173,900.8392,135.0000,2,2,0
7.4771,11,110,G11_V110_2,1314.7173,765.8392,135.0000,3,2,1
7.4771,11,110,G11_V110_3,1449.7173,630.8392,135.0000,4,2,1
7.4816,28,116,G28_V116_0,1840.6114,1277.6443,135.0000,1,2,0
7.4816,28,116,G28_V116_1,1705.6114,1412.6443,135.0000,2,2,0
7.4816,28,116,G28_V116_2,1570.6114,1277.6443,135.0000,3,2,1
7.4816,28,116,G28_V116_3,1705.6114,1142.6443,135.0000,4,2,1
7.4912,19,129,G19_V129_0,1594.9300,998.1300,135.0000,1,2,0
7.4912,19,129,G19_V129_1,1459.9300,1133.1300,135.0000,2,2,0
7.4912,19,129,G19_V129_2,1324.9300,998.1300,135.0000,3,2,1
7.4912,19,129,G19_V129_3,1459.9300,863.1300,135.0000,4,2,1
7.4920,45,130,G45_V130_0,2229.1900,1871.4500,135.0000,1,2,0
7.4920,45,130,G45_V130_1,2094.1900,2006.4500,135.0000,2,2,0
7.4920,45,130,G45_V130_2,1959.1900,1871.4500,135.0000,3,2,1
7.4920,45,130,G45_V130_3,2094.1900,1736.4500,135.0000,4,2,1
7.5023,27,9,G27_V9_0,1637.1100,1357.5200,135.0000,1,2,0
7.5023,27,9,G27_V9_1,1502.1100,1492.5200,135.0000,2,2,0
7.5023,27,9,G27_V9_2,1367.1100,1357.5200,135.0000,3,2,1
7.5023,27,9,G27_V9_3,1502.1100,1222.5200,135.0000,4,2,1
7.5134,28,24,G28_V24_0,1852.9771,1273.2536,135.0000,1,2,0
7.5134,28,24,G28_V24_1,1717.9771,1408.2536,135.0000,2,2,0
7.5134,28,24,G28_V24_2,1582.9771,1273.2536,135.0000,3,2,1
7.5134,28,24,G28_V24_3,1717.9771,1138.2536,135.0000,4,2,1
7.5149,27,26,G27_V26_0,1636.0300,1354.5100,135.0000,1,2,0
7.5149,27,26,G27_V26_1,1501.0300,1489.5100,135.0000,2,2,0
7.5149,27,26,G27_V26_2,1366.0300,1354.5100,135.0000,3,2,1
7.5149,27,26,G27_V26_3,1501.0300,1219.5100,135.0000,4,2,1
7.5171,27,29,G27_V29_0,1785.2100,1219.7400,135.0000,1,2,0
7.5171,27,29,G27_V29_1,1650.2100,1354.7400,135.0000,2,2,0
7.5171,27,29,G27_V29_2,1515.2100,1219.7400,135.0000,3,2,1
7.5171,27,29,G27_V29_3,1650.2100,1084.7400,135.0000,4,2,1
7.5349,20,53,G20_V53_0,1859.9800,976.0400,135.0000,1,2,0
7.5349,20,53,G20_V53_1,1724.9800,1111.0400,135.0000,2,2,0
7.5349,20,53,G20_V53_2,1589.9800,976.0400,135.0000,3,2,1
7.5349,20,53,G20_V53_3,1724.9800,841.0400,135.0000,4,2,1
7.5371,20,56,G20_V56_0,1920.4900,1041.1400,135.0000,1,2,0
7.5371,20,56,G20_V56_1,1785.4900,1176.1400,135.0000,2,2,0
7.5371,20,56,G20_V56_2,1650.4900,1041.1400,135.0000,3,2,1
7.5371,20,56,G20_V56_3,1785.4900,906.1400,135.0000,4,2,1
7.5401,19,60,G19_V60_0,1632.1500,1007.1400,135.0000,1,2,0
7.5401,19,60,G19_V60_1,1497.1500,1142.1400,135.0000,2,2,0
7.5401,19,60,G19_V60_2,1362.1500,1007.1400,135.0000,3,2,1
7.5401,19,60,G19_V60_3,1497.1500,872.1400,135.0000,4,2,1
7.5438,20,65,G20_V65_0,1854.1300,979.9800,135.0000,1,2,0
7.5438,20,65,G20_V65_1,1719.1300,1114.9800,135.0000,2,2,0
7.5438,20,65,G20_V65_2,1584.1300,979.9800,135.0000,3,2,1
7.5438,20,65,G20_V65_3,1719.1300,844.9800,135.0000,4,2,1
7.5445,43,66,G43_V66_0,1737.3100,1786.3600,135.0000,1,2,0
7.5445,43,66,G43_V66_1,1602.3100,1921.3600,135.0000,2,2,0
7.5445,43,66,G43_V66_2,1467.3100,1786.3600,135.0000,3,2,1
7.5445,43,66,G43_V66_3,1602.3100,1651.3600,135.0000,4,2,1
7.5482,18,71,G18_V71_0,1566.3300,994.6300,135.0000,1,2,0
7.5482,18,71,G18_V71_1,1431.3300,1129.6300,135.0000,2,2,0
7.5482,18,71,G18_V71_2,1296.3300,994.6300,135.0000,3,2,1
7.5482,18,71,G18_V71_3,1431.3300,859.6300,135.0000,4,2,1
7.5534,18,78,G18_V78_0,1580.1200,997.3300,135.0000,1,2,0
7.5534,18,78,G18_V78_1,1445.1200,1132.3300,135.0000,2,2,0
7.5534,18,78,G18_V78_2,1310.1200,997.3300,135.0000,3,2,1
7.5534,18,78,G18_V78_3,1445.1200,862.3300,135.0000,4,2,1
7.5542,19,79,G19_V79_0,1722.0000,1105.6200,135.0000,1,2,0
7.5542,19,79,G19_V79_1,1587.0000,1240.6200,135.0000,2,2,0
7.5542,19,79,G19_V79_2,1452.0000,1105.6200,135.0000,3,2,1
7.5542,19,79,G19_V79_3,1587.0000,970.6200,135.0000,4,2,1
7.5645,19,93,G19_V93_0,1625.2300,1006.1300,135.0000,1,2,0
7.5645,19,93,G19_V93_1,1490.2300,1141.1300,135.0000,2,2,0
7.5645,19,93,G19_V93_2,1355.2300,1006.1300,135.0000,3,2,1
7.5645,19,93,G19_V93_3,1490.2300,871.1300,135.0000,4,2,1
7.5660,26,95,G26_V95_0,1401.2300,1300.6800,135.0000,1,2,0
7.5660,26,95,G26_V95_1,1266.2300,1435.6800,135.0000,2,2,0
7.5660,26,95,G26_V95_2,1131.2300,1300.6800,135.0000,3,2,1
7.5660,26,95,G26_V95_3,1266.2300,1165.6800,135.0000,4,2,1
7.5668,19,96,G19_V96_0,1718.3700,1099.6400,135.0000,1,2,0
7.5668,19,96,G19_V96_1,1583.3700,1234.6400,135.0000,2,2,0
7.5668,19,96,G19_V96_2,1448.3700,1099.6400,135.0000,3,2,1
7.5668,19,96,G19_V96_3,1583.3700,964.6400,135.0000,4,2,1
7.5705,10,101,G10_V101_0,1553.0700,805.7800,135.0000,1,2,0
7.5705,10,101,G10_V101_1,1418.0700,940.7800,135.0000,2,2,0
7.5705,10,101,G10_V101_2,1283.0700,805.7800,135.0000,3,2,1
7.5705,10,101,G10_V101_3,1418.0700,670.7800,135.0000,4,2,1
7.5771,11,110,G11_V110_0,1585.4127,765.9921,135.0000,1,2,0
7.5771,11,110,G11_V110_1,1450.4127,900.9921,135.0000,2,2,0
7.5771,11,110,G11_V110_2,1315.4127,765.9921,135.0000,3,2,1
7.5771,11,110,G11_V110_3,1450.4127,630.9921,135.0000,4,2,1
7.5816,28,116,G28_V116_0,1840.6096,1277.6452,135.0000,1,2,0
7.5816,28,116,G28_V116_1,1705.6096,1412.6452,135.0000,2,2,0
7.5816,28,116,G28_V116_2,1570.6096,1277.6452,135.0000,3,2,1
7.5816,28,116,G28_V116_3,1705.6096,1142.6452,135.0000,4,2,1
7.5912,19,129,G19_V129_0,1594.9300,998.1300,135.0000,1,2,0
7.5912,19,129,G19_V129_1,1459.9300,1133.1300,135.0000,2,2,0
7.5912,19,129,G19_V129_2,1324.9300,998.1300,135.0000,3,2,1
7.5912,19,129,G19_V129_3,1459.9300,863.1300,135.0000,4,2,1
7.5919,45,130,G45_V130_0,2229.1900,1871.4500,135.0000,1,2,0
7.5919,45,130,G45_V130_1,2094.1900,2006.4500,135.0000,2,2,0
7.5919,45,130,G45_V130_2,1959.1900,1871.4500,135.0000,3,2,1
7.5919,45,130,G45_V130_3,2094.1900,1736.4500,135.0000,4,2,1
7.6023,27,9,G27_V9_0,1637.1100,1357.5200,135.0000,1,2,0
7.6023,27,9,G27_V9_1,1502.1100,1492.5200,135.0000,2,2,0
7.6023,27,9,G27_V9_2,1367.1100,1357.5200,135.0000,3,2,1
7.6023,27,9,G27_V9_3,1502.1100,1222.5200,135.0000,4,2,1
7.6134,28,24,G28_V24_0,1852.9271,1273.2710,135.0000,1,2,0
7.6134,28,24,G28_V24_1,1717.9271,1408.2710,135.0000,2,2,0
7.6134,28,24,G28_V24_2,1582.9271,1273.2710,135.0000,3,2,1
7.6134,28,24,G28_V24_3,1717.9271,1138.2710,135.0000,4,2,1
7.6149,27,26,G27_V26_0,1636.0300,1354.5100,135.0000,1,2,0
7.6149,27,26,G27_V26_1,1501.0300,1489.5100,135.0000,2,2,0
7.6149,27,26,G27_V26_2,1366.0300,1354.5100,135.0000,3,2,1
7.6149,27,26,G27_V26_3,1501.0300,1219.5100,135.0000,4,2,1
7.6171,27,29,G27_V29_0,1785.2100,1219.7400,135.0000,1,2,0
7.6171,27,29,G27_V29_1,1650.2100,1354.7400,135.0000,2,2,0
7.6171,27,29,G27_V29_2,1515.2100,1219.7400,135.0000,3,2,1
7.6171,27,29,G27_V29_3,1650.2100,1084.7400,135.0000,4,2,1
7.6349,20,53,G20_V53_0,1859.9800,976.0400,135.0000,1,2,0
7.6349,20,53,G20_V53_1,1724.9800,1111.0400,135.0000,2,2,0
7.6349,20,53,G20_V53_2,1589.9800,976.0400,135.0000,3,2,1
7.6349,20,53,G20_V53_3,1724.9800,841.0400,135.0000,4,2,1
7.6371,20,56,G20_V56_0,1920.4900,1041.1400,135.0000,1,2,0
7.6371,20,56,G20_V56_1,1785.4900,1176.1400,135.0000,2,2,0
7.6371,20,56,G20_V56_2,1650.4900,1041.1400,135.0000,3,2,1
7.6371,20,56,G20_V56_3,1785.4900,906.1400,135.0000,4,2,1
7.6401,19,60,G19_V60_0,1632.1500,1007.1400,135.0000,1,2,0
7.6401,19,60,G19_V60_1,1497.1500,1142.1400,135.0000,2,2,0
7.6401,19,60,G19_V60_2,1362.1500,1007.1400,135.0000,3,2,1
7.6401,19,60,G19_V60_3,1497.1500,872.1400,135.0000,4,2,1
7.6438,20,65,G20_V65_0,1854.1300,979.9800,135.0000,1,2,0
7.6438,20,65,G20_V65_1,1719.1300,1114.9800,135.0000,2,2,0
7.6438,20,65,G20_V65_2,1584.1300,979.9800,135.0000,3,2,1
7.6438,20,65,G20_V65_3,1719.1300,844.9800,135.0000,4,2,1
7.6445,43,66,G43_V66_0,1737.3100,1786.3600,135.0000,1,2,0
7.6445,43,66,G43_V66_1,1602.3100,1921.3600,135.0000,2,2,0
7.6445,43,66,G43_V66_2,1467.3100,1786.3600,135.0000,3,2,1
7.6445,43,66,G43_V66_3,1602.3100,1651.3600,135.0000,4,2,1
7.6482,18,71,G18_V71_0,1566.3300,994.6300,135.0000,1,2,0
7.6482,18,71,G18_V71_1,1431.3300,1129.6300,135.0000,2,2,0
7.6482,18,71,G18_V71_2,1296.3300,994.6300,135.0000,3,2,1
7.6482,18,71,G18_V71_3,1431.3300,859.6300,135.0000,4,2,1
7.6534,18,78,G18_V78_0,1580.1200,997.3300,135.0000,1,2,0
7.6534,18,78,G18_V78_1,1445.1200,1132.3300,135.0000,2,2,0
7.6534,18,78,G18_V78_2,1310.1200,997.3300,135.0000,3,2,1
7.6534,18,78,G18_V78_3,1445.1200,862.3300,135.0000,4,2,1
7.6542,19,79,G19_V79_0,1722.0000,1105.6200,135.0000,1,2,0
7.6542,19,79,G19_V79_1,1587.0000,1240.6200,135.0000,2,2,0
7.6542,19,79,G19_V79_2,1452.0000,1105.6200,135.0000,3,2,1
7.6542,19,79,G19_V79_3,1587.0000,970.6200,135.0000,4,2,1
7.6645,19,93,G19_V93_0,1625.2300,1006.1300,135.0000,1,2,0
7.6645,19,93,G19_V93_1,1490.2300,1141.1300,135.0000,2,2,0
7.6645,19,93,G19_V93_2,1355.2300,1006.1300,135.0000,3,2,1
7.6645,19,93,G19_V93_3,1490.2300,871.1300,135.0000,4,2,1
7.6660,26,95,G26_V95_0,1401.2300,1300.6800,135.0000,1,2,0
7.6660,26,95,G26_V95_1,1266.2300,1435.6800,135.0000,2,2,0
7.6660,26,95,G26_V95_2,1131.2300,1300.6800,135.0000,3,2,1
7.6660,26,95,G26_V95_3,1266.2300,1165.6800,135.0000,4,2,1
7.6668,19,96,G19_V96_0,1718.3700,1099.6400,135.0000,1,2,0
7.6668,19,96,G19_V96_1,1583.3700,1234.6400,135.0000,2,2,0
7.6668,19,96,G19_V96_2,1448.3700,1099.6400,135.0000,3,2,1
7.6668,19,96,G19_V96_3,1583.3700,964.6400,135.0000,4,2,1
7.6705,10,101,G10_V101_0,1553.0700,805.7800,135.0000,1,2,0
7.6705,10,101,G10_V101_1,1418.0700,940.7800,135.0000,2,2,0
7.6705,10,101,G10_V101_2,1283.0700,805.7800,135.0000,3,2,1
7.6705,10,101,G10_V101_3,1418.0700,670.7800,135.0000,4,2,1
7.6771,11,110,G11_V110_0,1586.1081,766.1450,135.0000,1,2,0
7.6771,11,110,G11_V110_1,1451.1081,901.1450,135.0000,2,2,0
7.6771,11,110,G11_V110_2,1316.1081,766.1450,135.0000,3,2,1
7.6771,11,110,G11_V110_3,1451.1081,631.1450,135.0000,4,2,1
7.6816,28,116,G28_V116_0,1840.6078,1277.6461,135.0000,1,2,0
7.6816,28,116,G28_V116_1,1705.6078,1412.6461,135.0000,2,2,0
7.6816,28,116,G28_V116_2,1570.6078,1277.6461,135.0000,3,2,1
7.6816,28,116,G28_V116_3,1705.6078,1142.6461,135.0000,4,2,1
7.6912,19,129,G19_V129_0,1594.9300,998.1300,135.0000,1,2,0
7.6912,19,129,G19_V129_1,1459.9300,1133.1300,135.0000,2,2,0
7.6912,19,129,G19_V129_2,1324.9300,998.1300,135.0000,3,2,1
7.6912,19,129,G19_V129_3,1459.9300,863.1300,135.0000,4,2,1
7.6919,45,130,G45_V130_0,2229.1900,1871.4500,135.0000,1,2,0
7.6919,45,130,G45_V130_1,2094.1900,2006.4500,135.0000,2,2,0
7.6919,45,130,G45_V130_2,1959.1900,1871.4500,135.0000,3,2,1
7.6919,45,130,G45_V130_3,2094.1900,1736.4500,135.0000,4,2,1
7.7023,27,9,G27_V9_0,1637.1100,1357.5200,135.0000,1,2,0
7.7023,27,9,G27_V9_1,1502.1100,1492.5200,135.0000,2,2,0
7.7023,27,9,G27_V9_2,1367.1100,1357.5200,135.0000,3,2,1
7.7023,27,9,G27_V9_3,1502.1100,1222.5200,135.0000,4,2,1
7.7134,28,24,G28_V24_0,1852.8770,1273.2884,135.0000,1,2,0
7.7134,28,24,G28_V24_1,1717.8770,1408.2884,135.0000,2,2,0
7.7134,28,24,G28_V24_2,1582.8770,1273.2884,135.0000,3,2,1
7.7134,28,24,G28_V24_3,1717.8770,1138.2884,135.0000,4,2,1
7.7149,27,26,G27_V26_0,1636.0300,1354.5100,135.0000,1,2,0
7.7149,27,26,G27_V26_1,1501.0300,1489.5100,135.0000,2,2,0
7.7149,27,26,G27_V26_2,1366.0300,1354.5100,135.0000,3,2,1
7.7149,27,26,G27_V26_3,1501.0300,1219.5100,135.0000,4,2,1
7.7171,27,29,G27_V29_0,1785.2100,1219.7400,135.0000,1,2,0
7.7171,27,29,G27_V29_1,1650.2100,1354.7400,135.0000,2,2,0
7.7171,27,29,G27_V29_2,1515.2100,1219.7400,135.0000,3,2,1
7.7171,27,29,G27_V29_3,1650.2100,1084.7400,135.0000,4,2,1
7.7349,20,53,G20_V53_0,1859.9800,976.0400,135.0000,1,2,0
7.7349,20,53,G20_V53_1,1724.9800,1111.0400,135.0000,2,2,0
7.7349,20,53,G20_V53_2,1589.9800,976.0400,135.0000,3,2,1
7.7349,20,53,G20_V53_3,1724.9800,841.0400,135.0000,4,2,1
7.7371,20,56,G20_V56_0,1920.4900,1041.1400,135.0000,1,2,0
7.7371,20,56,G20_V56_1,1785.4900,1176.1400,135.0000,2,2,0
7.7371,20,56,G20_V56_2,1650.4900,1041.1400,135.0000,3,2,1
7.7371,20,56,G20_V56_3,1785.4900,906.1400,135.0000,4,2,1
7.7401,19,60,G19_V60_0,1632.1500,1007.1400,135.0000,1,2,0
7.7401,19,60,G19_V60_1,1497.1500,1142.1400,135.0000,2,2,0
7.7401,19,60,G19_V60_2,1362.1500,1007.1400,135.0000,3,2,1
7.7401,19,60,G19_V60_3,1497.1500,872.1400,135.0000,4,2,1
7.7438,20,65,G20_V65_0,1854.1300,979.9800,135.0000,1,2,0
7.7438,20,65,G20_V65_1,1719.1300,1114.9800,135.0000,2,2,0
7.7438,20,65,G20_V65_2,1584.1300,979.9800,135.0000,3,2,1
7.7438,20,65,G20_V65_3,1719.1300,844.9800,135.0000,4,2,1
7.7445,43,66,G43_V66_0,1737.3100,1786.3600,135.0000,1,2,0
7.7445,43,66,G43_V66_1,1602.3100,1921.3600,135.0000,2,2,0
7.7445,43,66,G43_V66_2,1467.3100,1786.3600,135.0000,3,2,1
7.7445,43,66,G43_V66_3,1602.3100,1651.3600,135.0000,4,2,1
7.7482,18,71,G18_V71_0,1566.3300,994.6300,135.0000,1,2,0
7.7482,18,71,G18_V71_1,1431.3300,1129.6300,135.0000,2,2,0
7.7482,18,71,G18_V71_2,1296.3300,994.6300,135.0000,3,2,1
7.7482,18,71,G18_V71_3,1431.3300,859.6300,135.0000,4,2,1
7.7534,18,78,G18_V78_0,1580.1200,997.3300,135.0000,1,2,0
7.7534,18,78,G18_V78_1,1445.1200,1132.3300,135.0000,2,2,0
7.7534,18,78,G18_V78_2,1310.1200,997.3300,135.0000,3,2,1
7.7534,18,78,G18_V78_3,1445.1200,862.3300,135.0000,4,2,1
7.7542,19,79,G19_V79_0,1722.0000,1105.6200,135.0000,1,2,0
7.7542,19,79,G19_V79_1,1587.0000,1240.6200,135.0000,2,2,0
7.7542,19,79,G19_V79_2,1452.0000,1105.6200,135.0000,3,2,1
7.7542,19,79,G19_V79_3,1587.0000,970.6200,135.0000,4,2,1
7.7645,19,93,G19_V93_0,1625.2300,1006.1300,135.0000,1,2,0
7.7645,19,93,G19_V93_1,1490.2300,1141.1300,135.0000,2,2,0
7.7645,19,93,G19_V93_2,1355.2300,1006.1300,135.0000,3,2,1
7.7645,19,93,G19_V93_3,1490.2300,871.1300,135.0000,4,2,1
7.7660,26,95,G26_V95_0,1401.2300,1300.6800,135.0000,1,2,0
7.7660,26,95,G26_V95_1,1266.2300,1435.6800,135.0000,2,2,0
7.7660,26,95,G26_V95_2,1131.2300,1300.6800,135.0000,3,2,1
7.7660,26,95,G26_V95_3,1266.2300,1165.6800,135.0000,4,2,1
7.7668,19,96,G19_V96_0,1718.3700,1099.6400,135.0000,1,2,0
7.7668,19,96,G19_V96_1,1583.3700,1234.6400,135.0000,2,2,0
7.7668,19,96,G19_V96_2,1448.3700,1099.6400,135.0000,3,2,1
7.7668,19,96,G19_V96_3,1583.3700,964.6400,135.0000,4,2,1
7.7705,10,101,G10_V101_0,1553.0700,805.7800,135.0000,1,2,0
7.7705,10,101,G10_V101_1,1418.0700,940.7800,135.0000,2,2,0
7.7705,10,101,G10_V101_2,1283.0700,805.7800,135.0000,3,2,1
7.7705,10,101,G10_V101_3,1418.0700,670.7800,135.0000,4,2,1
7.7771,11,110,G11_V110_0,1586.8035,766.2978,135.0000,1,2,0
7.7771,11,110,G11_V110_1,1451.8035,901.2978,135.0000,2,2,0
7.7771,11,110,G11_V110_2,1316.8035,766.2978,135.0000,3,2,1
7.7771,11,110,G11_V110_3,1451.8035,631.2978,135.0000,4,2,1
7.7816,28,116,G28_V116_0,1840.6060,1277.6470,135.0000,1,2,0
7.7816,28,116,G28_V116_1,1705.6060,1412.6470,135.0000,2,2,0
7.7816,28,116,G28_V116_2,1570.6060,1277.6470,135.0000,3,2,1
7.7816,28,116,G28_V116_3,1705.6060,1142.6470,135.0000,4,2,1
7.7912,19,129,G19_V129_0,1594.9300,998.1300,135.0000,1,2,0
7.7912,19,129,G19_V129_1,1459.9300,1133.1300,135.0000,2,2,0
7.7912,19,129,G19_V129_2,1324.9300,998.1300,135.0000,3,2,1
7.7912,19,129,G19_V129_3,1459.9300,863.1300,135.0000,4,2,1
7.7919,45,130,G45_V130_0,2229.1900,1871.4500,135.0000,1,2,0
7.7919,45,130,G45_V130_1,2094.1900,2006.4500,135.0000,2,2,0
7.7919,45,130,G45_V130_2,1959.1900,1871.4500,135.0000,3,2,1
7.7919,45,130,G45_V130_3,2094.1900,1736.4500,135.0000,4,2,1
7.8023,27,9,G27_V9_0,1637.1100,1357.5200,135.0000,1,2,0
7.8023,27,9,G27_V9_1,1502.1100,1492.5200,135.0000,2,2,0
7.8023,27,9,G27_V9_2,1367.1100,1357.5200,135.0000,3,2,1
7.8023,27,9,G27_V9_3,1502.1100,1222.5200,135.0000,4,2,1
7.8134,28,24,G28_V24_0,1852.8269,1273.3058,135.0000,1,2,0
7.8134,28,24,G28_V24_1,1717.8269,1408.3058,135.0000,2,2,0
7.8134,28,24,G28_V24_2,1582.8269,1273.3058,135.0000,3,2,1
7.8134,28,24,G28_V24_3,1717.8269,1138.3058,135.0000,4,2,1
7.8149,27,26,G27_V26_0,1636.0300,1354.5100,135.0000,1,2,0
7.8149,27,26,G27_V26_1,1501.0300,1489.5100,135.0000,2,2,0
7.8149,27,26,G27_V26_2,1366.0300,1354.5100,135.0000,3,2,1
7.8149,27,26,G27_V26_3,1501.0300,1219.5100,135.0000,4,2,1
7.8171,27,29,G27_V29_0,1785.2100,1219.7400,135.0000,1,2,0
7.8171,27,29,G27_V29_1,1650.2100,1354.7400,135.0000,2,2,0
7.8171,27,29,G27_V29_2,1515.2100,1219.7400,135.0000,3,2,1
7.8171,27,29,G27_V29_3,1650.2100,1084.7400,135.0000,4,2,1
7.8349,20,53,G20_V53_0,1859.9800,976.0400,135.0000,1,2,0
7.8349,20,53,G20_V53_1,1724.9800,1111.0400,135.0000,2,2,0
7.8349,20,53,G20_V53_2,1589.9800,976.0400,135.0000,3,2,1
7.8349,20,53,G20_V53_3,1724.9800,841.0400,135.0000,4,2,1
7.8371,20,56,G20_V56_0,1920.4900,1041.1400,135.0000,1,2,0
7.8371,20,56,G20_V56_1,1785.4900,1176.1400,135.0000,2,2,0
7.8371,20,56,G20_V56_2,1650.4900,1041.1400,135.0000,3,2,1
7.8371,20,56,G20_V56_3,1785.4900,906.1400,135.0000,4,2,1
7.8401,19,60,G19_V60_0,1632.1500,1007.1400,135.0000,1,2,0
7.8401,19,60,G19_V60_1,1497.1500,1142.1400,135.0000,2,2,0
7.8401,19,60,G19_V60_2,1362.1500,1007.1400,135.0000,3,2,1
7.8401,19,60,G19_V60_3,1497.1500,872.1400,135.0000,4,2,1
7.8438,20,65,G20_V65_0,1854.1300,979.9800,135.0000,1,2,0
7.8438,20,65,G20_V65_1,1719.1300,1114.9800,135.0000,2,2,0
7.8438,20,65,G20_V65_2,1584.1300,979.9800,135.0000,3,2,1
7.8438,20,65,G20_V65_3,1719.1300,844.9800,135.0000,4,2,1
7.8445,43,66,G43_V66_0,1737.3100,1786.3600,135.0000,1,2,0
7.8445,43,66,G43_V66_1,1602.3100,1921.3600,135.0000,2,2,0
7.8445,43,66,G43_V66_2,1467.3100,1786.3600,135.0000,3,2,1
7.8445,43,66,G43_V66_3,1602.3100,1651.3600,135.0000,4,2,1
7.8482,18,71,G18_V71_0,1566.3300,994.6300,135.0000,1,2,0
7.8482,18,71,G18_V71_1,1431.3300,1129.6300,135.0000,2,2,0
7.8482,18,71,G18_V71_2,1296.3300,994.6300,135.0000,3,2,1
7.8482,18,71,G18_V71_3,1431.3300,859.6300,135.0000,4,2,1
7.8534,18,78,G18_V78_0,1580.1200,997.3300,135.0000,1,2,0
7.8534,18,78,G18_V78_1,1445.1200,1132.3300,135.0000,2,2,0
7.8534,18,78,G18_V78_2,1310.1200,997.3300,135.0000,3,2,1
7.8534,18,78,G18_V78_3,1445.1200,862.3300,135.0000,4,2,1
7.8542,19,79,G19_V79_0,1722.0000,1105.6200,135.0000,1,2,0
7.8542,19,79,G19_V79_1,1587.0000,1240.6200,135.0000,2,2,0
7.8542,19,79,G19_V79_2,1452.0000,1105.6200,135.0000,3,2,1
7.8542,19,79,G19_V79_3,1587.0000,970.6200,135.0000,4,2,1
7.8645,19,93,G19_V93_0,1625.2300,1006.1300,135.0000,1,2,0
7.8645,19,93,G19_V93_1,1490.2300,1141.1300,135.0000,2,2,0
7.8645,19,93,G19_V93_2,1355.2300,1006.1300,135.0000,3,2,1
7.8645,19,93,G19_V93_3,1490.2300,871.1300,135.0000,4,2,1
7.8660,26,95,G26_V95_0,1401.2300,1300.6800,135.0000,1,2,0
7.8660,26,95,G26_V95_1,1266.2300,1435.6800,135.0000,2,2,0
7.8660,26,95,G26_V95_2,1131.2300,1300.6800,135.0000,3,2,1
7.8660,26,95,G26_V95_3,1266.2300,1165.6800,135.0000,4,2,1
7.8668,19,96,G19_V96_0,1718.3700,1099.6400,135.0000,1,2,0
7.8668,19,96,G19_V96_1,1583.3700,1234.6400,135.0000,2,2,0
7.8668,19,96,G19_V96_2,1448.3700,1099.6400,135.0000,3,2,1
7.8668,19,96,G19_V96_3,1583.3700,964.6400,135.0000,4,2,1
7.8705,10,101,G10_V101_0,1553.0700,805.7800,135.0000,1,2,0
7.8705,10,101,G10_V101_1,1418.0700,940.7800,135.0000,2,2,0
7.8705,10,101,G10_V101_2,1283.0700,805.7800,135.0000,3,2,1
7.8705,10,101,G10_V101_3,1418.0700,670.7800,135.0000,4,2,1
7.8771,11,110,G11_V110_0,1587.4989,766.4507,135.0000,1,2,0
7.8771,11,110,G11_V110_1,1452.4989,901.4507,135.0000,2,2,0
7.8771,11,110,G11_V110_2,1317.4989,766.4507,135.0000,3,2,1
7.8771,11,110,G11_V110_3,1452.4989,631.4507,135.0000,4,2,1
7.8816,28,116,G28_V116_0,1840.6042,1277.6479,135.0000,1,2,0
7.8816,28,116,G28_V116_1,1705.6042,1412.6479,135.0000,2,2,0
7.8816,28,116,G28_V116_2,1570.6042,1277.6479,135.0000,3,2,1
7.8816,28,116,G28_V116_3,1705.6042,1142.6479,135.0000,4,2,1
7.8912,19,129,G19_V129_0,1594.9300,998.1300,135.0000,1,2,0
7.8912,19,129,G19_V129_1,1459.9300,1133.1300,135.0000,2,2,0
7.8912,19,129,G19_V129_2,1324.9300,998.1300,135.0000,3,2,1
7.8912,19,129,G19_V129_3,1459.9300,863.1300,135.0000,4,2,1
7.8919,45,130,G45_V130_0,2229.1900,1871.4500,135.0000,1,2,0
7.8919,45,130,G45_V130_1,2094.1900,2006.4500,135.0000,2,2,0
7.8919,45,130,G45_V130_2,1959.1900,1871.4500,135.0000,3,2,1
7.8919,45,130,G45_V130_3,2094.1900,1736.4500,135.0000,4,2,1
7.9023,27,9,G27_V9_0,1637.1100,1357.5200,135.0000,1,2,0
7.9023,27,9,G27_V9_1,1502.1100,1492.5200,135.0000,2,2,0
7.9023,27,9,G27_V9_2,1367.1100,1357.5200,135.0000,3,2,1
7.9023,27,9,G27_V9_3,1502.1100,1222.5200,135.0000,4,2,1
7.9134,28,24,G28_V24_0,1852.7769,1273.3233,135.0000,1,2,0
7.9134,28,24,G28_V24_1,1717.7769,1408.3233,135.0000,2,2,0
7.9134,28,24,G28_V24_2,1582.7769,1273.3233,135.0000,3,2,1
7.9134,28,24,G28_V24_3,1717.7769,1138.3233,135.0000,4,2,1
7.9149,27,26,G27_V26_0,1636.0300,1354.5100,135.0000,1,2,0
7.9149,27,26,G27_V26_1,1501.0300,1489.5100,135.0000,2,2,0
7.9149,27,26,G27_V26_2,1366.0300,1354.5100,135.0000,3,2,1
7.9149,27,26,G27_V26_3,1501.0300,1219.5100,135.0000,4,2,1
7.9171,27,29,G27_V29_0,1785.2100,1219.7400,135.0000,1,2,0
7.9171,27,29,G27_V29_1,1650.2100,1354.7400,135.0000,2,2,0
7.9171,27,29,G27_V29_2,1515.2100,1219.7400,135.0000,3,2,1
7.9171,27,29,G27_V29_3,1650.2100,1084.7400,135.0000,4,2,1
7.9349,20,53,G20_V53_0,1859.9800,976.0400,135.0000,1,2,0
7.9349,20,53,G20_V53_1,1724.9800,1111.0400,135.0000,2,2,0
7.9349,20,53,G20_V53_2,1589.9800,976.0400,135.0000,3,2,1
7.9349,20,53,G20_V53_3,1724.9800,841.0400,135.0000,4,2,1
7.9371,20,56,G20_V56_0,1920.4900,1041.1400,135.0000,1,2,0
7.9371,20,56,G20_V56_1,1785.4900,1176.1400,135.0000,2,2,0
7.9371,20,56,G20_V56_2,1650.4900,1041.1400,135.0000,3,2,1
7.9371,20,56,G20_V56_3,1785.4900,906.1400,135.0000,4,2,1
7.9401,19,60,G19_V60_0,1632.1500,1007.1400,135.0000,1,2,0
7.9401,19,60,G19_V60_1,1497.1500,1142.1400,135.0000,2,2,0
7.9401,19,60,G19_V60_2,1362.1500,1007.1400,135.0000,3,2,1
7.9401,19,60,G19_V60_3,1497.1500,872.1400,135.0000,4,2,1
7.9438,20,65,G20_V65_0,1854.1300,979.9800,135.0000,1,2,0
7.9438,20,65,G20_V65_1,1719.1300,1114.9800,135.0000,2,2,0
7.9438,20,65,G20_V65_2,1584.1300,979.9800,135.0000,3,2,1
7.9438,20,65,G20_V65_3,1719.1300,844.9800,135.0000,4,2,1
7.9445,43,66,G43_V66_0,1737.3100,1786.3600,135.0000,1,2,0
7.9445,43,66,G43_V66_1,1602.3100,1921.3600,135.0000,2,2,0
7.9445,43,66,G43_V66_2,1467.3100,1786.3600,135.0000,3,2,1
7.9445,43,66,G43_V66_3,1602.3100,1651.3600,135.0000,4,2,1
7.9482,18,71,G18_V71_0,1566.3300,994.6300,135.0000,1,2,0
7.9482,18,71,G18_V71_1,1431.3300,1129.6300,135.0000,2,2,0
7.9482,18,71,G18_V71_2,1296.3300,994.6300,135.0000,3,2,1
7.9482,18,71,G18_V71_3,1431.3300,859.6300,135.0000,4,2,1
7.9534,18,78,G18_V78_0,1580.1200,997.3300,135.0000,1,2,0
7.9534,18,78,G18_V78_1,1445.1200,1132.3300,135.0000,2,2,0
7.9534,18,78,G18_V78_2,1310.1200,997.3300,135.0000,3,2,1
7.9534,18,78,G18_V78_3,1445.1200,862.3300,135.0000,4,2,1
7.9542,19,79,G19_V79_0,1722.0000,1105.6200,135.0000,1,2,0
7.9542,19,79,G19_V79_1,1587.0000,1240.6200,135.0000,2,2,0
7.9542,19,79,G19_V79_2,1452.0000,1105.6200,135.0000,3,2,1
7.9542,19,79,G19_V79_3,1587.0000,970.6200,135.0000,4,2,1
7.9645,19,93,G19_V93_0,1625.2300,1006.1300,135.0000,1,2,0
7.9645,19,93,G19_V93_1,1490.2300,1141.1300,135.0000,2,2,0
7.9645,19,93,G19_V93_2,1355.2300,1006.1300,135.0000,3,2,1
7.9645,19,93,G19_V93_3,1490.2300,871.1300,135.0000,4,2,1
7.9660,26,95,G26_V95_0,1401.2300,1300.6800,135.0000,1,2,0
7.9660,26,95,G26_V95_1,1266.2300,1435.6800,135.0000,2,2,0
7.9660,26,95,G26_V95_2,1131.2300,1300.6800,135.0000,3,2,1
7.9660,26,95,G26_V95_3,1266.2300,1165.6800,135.0000,4,2,1
7.9668,19,96,G19_V96_0,1718.3700,1099.6400,135.0000,1,2,0
7.9668,19,96,G19_V96_1,1583.3700,1234.6400,135.0000,2,2,0
7.9668,19,96,G19_V96_2,1448.3700,1099.6400,135.0000,3,2,1
7.9668,19,96,G19_V96_3,1583.3700,964.6400,135.0000,4,2,1
7.9705,10,101,G10_V101_0,1553.0700,805.7800,135.0000,1,2,0
7.9705,10,101,G10_V101_1,1418.0700,940.7800,135.0000,2,2,0
7.9705,10,101,G10_V101_2,1283.0700,805.7800,135.0000,3,2,1
7.9705,10,101,G10_V101_3,1418.0700,670.7800,135.0000,4,2,1
7.9771,11,110,G11_V110_0,1588.1943,766.6036,135.0000,1,2,0
7.9771,11,110,G11_V110_1,1453.1943,901.6036,135.0000,2,2,0
7.9771,11,110,G11_V110_2,1318.1943,766.6036,135.0000,3,2,1
7.9771,11,110,G11_V110_3,1453.1943,631.6036,135.0000,4,2,1
7.9816,28,116,G28_V116_0,1840.6024,1277.6488,135.0000,1,2,0
7.9816,28,116,G28_V116_1,1705.6024,1412.6488,135.0000,2,2,0
7.9816,28,116,G28_V116_2,1570.6024,1277.6488,135.0000,3,2,1
7.9816,28,116,G28_V116_3,1705.6024,1142.6488,135.0000,4,2,1
7.9912,19,129,G19_V129_0,1594.9300,998.1300,135.0000,1,2,0
7.9912,19,129,G19_V129_1,1459.9300,1133.1300,135.0000,2,2,0
7.9912,19,129,G19_V129_2,1324.9300,998.1300,135.0000,3,2,1
7.9912,19,129,G19_V129_3,1459.9300,863.1300,135.0000,4,2,1
7.9920,45,130,G45_V130_0,2229.1900,1871.4500,135.0000,1,2,0
7.9920,45,130,G45_V130_1,2094.1900,2006.4500,135.0000,2,2,0
7.9920,45,130,G45_V130_2,1959.1900,1871.4500,135.0000,3,2,1
7.9920,45,130,G45_V130_3,2094.1900,1736.4500,135.0000,4,2,1
8.0023,27,9,G27_V9_0,1637.1100,1357.5200,135.0000,1,2,0
8.0023,27,9,G27_V9_1,1502.1100,1492.5200,135.0000,2,2,0
8.0023,27,9,G27_V9_2,1367.1100,1357.5200,135.0000,3,2,1
8.0023,27,9,G27_V9_3,1502.1100,1222.5200,135.0000,4,2,1
8.0134,28,24,G28_V24_0,1852.7300,1273.3396,135.0000,1,2,0
8.0134,28,24,G28_V24_1,1717.7300,1408.3396,135.0000,2,2,0
8.0134,28,24,G28_V24_2,1582.7300,1273.3396,135.0000,3,2,1
8.0134,28,24,G28_V24_3,1717.7300,1138.3396,135.0000,4,2,1
8.0149,27,26,G27_V26_0,1636.0300,1354.5100,135.0000,1,2,0
8.0149,27,26,G27_V26_1,1501.0300,1489.5100,135.0000,2,2,0
8.0149,27,26,G27_V26_2,1366.0300,1354.5100,135.0000,3,2,1
8.0149,27,26,G27_V26_3,1501.0300,1219.5100,135.0000,4,2,1
8.0171,27,29,G27_V29_0,1785.2100,1219.7400,135.0000,1,2,0
8.0171,27,29,G27_V29_1,1650.2100,1354.7400,135.0000,2,2,0
8.0171,27,29,G27_V29_2,1515.2100,1219.7400,135.0000,3,2,1
8.0171,27,29,G27_V29_3,1650.2100,1084.7400,135.0000,4,2,1
8.0349,20,53,G20_V53_0,1859.9800,976.0400,135.0000,1,2,0
8.0349,20,53,G20_V53_1,1724.9800,1111.0400,135.0000,2,2,0
8.0349,20,53,G20_V53_2,1589.9800,976.0400,135.0000,3,2,1
8.0349,20,53,G20_V53_3,1724.9800,841.0400,135.0000,4,2,1
8.0371,20,56,G20_V56_0,1920.4900,1041.1400,135.0000,1,2,0
8.0371,20,56,G20_V56_1,1785.4900,1176.1400,135.0000,2,2,0
8.0371,20,56,G20_V56_2,1650.4900,1041.1400,135.0000,3,2,1
8.0371,20,56,G20_V56_3,1785.4900,906.1400,135.0000,4,2,1
8.0401,19,60,G19_V60_0,1632.1500,1007.1400,135.0000,1,2,0
8.0401,19,60,G19_V60_1,1497.1500,1142.1400,135.0000,2,2,0
8.0401,19,60,G19_V60_2,1362.1500,1007.1400,135.0000,3,2,1
8.0401,19,60,G19_V60_3,1497.1500,872.1400,135.0000,4,2,1
8.0438,20,65,G20_V65_0,1854.1300,979.9800,135.0000,1,2,0
8.0438,20,65,G20_V65_1,1719.1300,1114.9800,135.0000,2,2,0
8.0438,20,65,G20_V65_2,1584.1300,979.9800,135.0000,3,2,1
8.0438,20,65,G20_V65_3,1719.1300,844.9800,135.0000,4,2,1
8.0445,43,66,G43_V66_0,1737.3100,1786.3600,135.0000,1,2,0
8.0445,43,66,G43_V66_1,1602.3100,1921.3600,135.0000,2,2,0
8.0445,43,66,G43_V66_2,1467.3100,1786.3600,135.0000,3,2,1
8.0445,43,66,G43_V66_3,1602.3100,1651.3600,135.0000,4,2,1
8.0482,18,71,G18_V71_0,1566.3300,994.6300,135.0000,1,2,0
8.0482,18,71,G18_V71_1,1431.3300,1129.6300,135.0000,2,2,0
8.0482,18,71,G18_V71_2,1296.3300,994.6300,135.0000,3,2,1
8.0482,18,71,G18_V71_3,1431.3300,859.6300,135.0000,4,2,1
8.0534,18,78,G18_V78_0,1580.1200,997.3300,135.0000,1,2,0
8.0534,18,78,G18_V78_1,1445.1200,1132.3300,135.0000,2,2,0
8.0534,18,78,G18_V78_2,1310.1200,997.3300,135.0000,3,2,1
8.0534,18,78,G18_V78_3,1445.1200,862.3300,135.0000,4,2,1
8.0542,19,79,G19_V79_0,1722.0000,1105.6200,135.0000,1,2,0
8.0542,19,79,G19_V79_1,1587.0000,1240.6200,135.0000,2,2,0
8.0542,19,79,G19_V79_2,1452.0000,1105.6200,135.0000,3,2,1
8.0542,19,79,G19_V79_3,1587.0000,970.6200,135.0000,4,2,1
8.0645,19,93,G19_V93_0,1625.2300,1006.1300,135.0000,1,2,0
8.0645,19,93,G19_V93_1,1490.2300,1141.1300,135.0000,2,2,0
8.0645,19,93,G19_V93_2,1355.2300,1006.1300,135.0000,3,2,1
8.0645,19,93,G19_V93_3,1490.2300,871.1300,135.0000,4,2,1
8.0660,26,95,G26_V95_0,1401.2300,1300.6800,135.0000,1,2,0
8.0660,26,95,G26_V95_1,1266.2300,1435.6800,135.0000,2,2,0
8.0660,26,95,G26_V95_2,1131.2300,1300.6800,135.0000,3,2,1
8.0660,26,95,G26_V95_3,1266.2300,1165.6800,135.0000,4,2,1
8.0668,19,96,G19_V96_0,1718.3700,1099.6400,135.0000,1,2,0
8.0668,19,96,G19_V96_1,1583.3700,1234.6400,135.0000,2,2,0
8.0668,19,96,G19_V96_2,1448.3700,1099.6400,135.0000,3,2,1
8.0668,19,96,G19_V96_3,1583.3700,964.6400,135.0000,4,2,1
8.0705,10,101,G10_V101_0,1553.0700,805.7800,135.0000,1,2,0
8.0705,10,101,G10_V101_1,1418.0700,940.7800,135.0000,2,2,0
8.0705,10,101,G10_V101_2,1283.0700,805.7800,135.0000,3,2,1
8.0705,10,101,G10_V101_3,1418.0700,670.7800,135.0000,4,2,1
8.0771,11,110,G11_V110_0,1588.9817,766.7758,135.0000,1,2,0
8.0771,11,110,G11_V110_1,1453.9817,901.7758,135.0000,2,2,0
8.0771,11,110,G11_V110_2,1318.9817,766.7758,135.0000,3,2,1
8.0771,11,110,G11_V110_3,1453.9817,631.7758,135.0000,4,2,1
8.0816,28,116,G28_V116_0,1840.6021,1277.6489,135.0000,1,2,0
8.0816,28,116,G28_V116_1,1705.6021,1412.6489,135.0000,2,2,0
8.0816,28,116,G28_V116_2,1570.6021,1277.6489,135.0000,3,2,1
8.0816,28,116,G28_V116_3,1705.6021,1142.6489,135.0000,4,2,1
8.0912,19,129,G19_V129_0,1594.9300,998.1300,135.0000,1,2,0
8.0912,19,129,G19_V129_1,1459.9300,1133.1300,135.0000,2,2,0
8.0912,19,129,G19_V129_2,1324.9300,998.1300,135.0000,3,2,1
8.0912,19,129,G19_V129_3,1459.9300,863.1300,135.0000,4,2,1
8.0919,45,130,G45_V130_0,2229.1900,1871.4500,135.0000,1,2,0
8.0919,45,130,G45_V130_1,2094.1900,2006.4500,135.0000,2,2,0
8.0919,45,130,G45_V130_2,1959.1900,1871.4500,135.0000,3,2,1
8.0919,45,130,G45_V130_3,2094.1900,1736.4500,135.0000,4,2,1
8.1023,27,9,G27_V9_0,1637.1100,1357.5200,135.0000,1,2,0
8.1023,27,9,G27_V9_1,1502.1100,1492.5200,135.0000,2,2,0
8.1023,27,9,G27_V9_2,1367.1100,1357.5200,135.0000,3,2,1
8.1023,27,9,G27_V9_3,1502.1100,1222.5200,135.0000,4,2,1
8.1134,28,24,G28_V24_0,1852.7037,1273.3493,135.0000,1,2,0
8.1134,28,24,G28_V24_1,1717.7037,1408.3493,135.0000,2,2,0
8.1134,28,24,G28_V24_2,1582.7037,1273.3493,135.0000,3,2,1
8.1134,28,24,G28_V24_3,1717.7037,1138.3493,135.0000,4,2,1
8.1149,27,26,G27_V26_0,1636.0300,1354.5100,135.0000,1,2,0
8.1149,27,26,G27_V26_1,1501.0300,1489.5100,135.0000,2,2,0
8.1149,27,26,G27_V26_2,1366.0300,1354.5100,135.0000,3,2,1
8.1149,27,26,G27_V26_3,1501.0300,1219.5100,135.0000,4,2,1
8.1171,27,29,G27_V29_0,1785.2100,1219.7400,135.0000,1,2,0
8.1171,27,29,G27_V29_1,1650.2100,1354.7400,135.0000,2,2,0
8.1171,27,29,G27_V29_2,1515.2100,1219.7400,135.0000,3,2,1
8.1171,27,29,G27_V29_3,1650.2100,1084.7400,135.0000,4,2,1
8.1349,20,53,G20_V53_0,1859.9800,976.0400,135.0000,1,2,0
8.1349,20,53,G20_V53_1,1724.9800,1111.0400,135.0000,2,2,0
8.1349,20,53,G20_V53_2,1589.9800,976.0400,135.0000,3,2,1
8.1349,20,53,G20_V53_3,1724.9800,841.0400,135.0000,4,2,1
8.1371,20,56,G20_V56_0,1920.4900,1041.1400,135.0000,1,2,0
8.1371,20,56,G20_V56_1,1785.4900,1176.1400,135.0000,2,2,0
8.1371,20,56,G20_V56_2,1650.4900,1041.1400,135.0000,3,2,1
8.1371,20,56,G20_V56_3,1785.4900,906.1400,135.0000,4,2,1
8.1401,19,60,G19_V60_0,1632.1500,1007.1400,135.0000,1,2,0
8.1401,19,60,G19_V60_1,1497.1500,1142.1400,135.0000,2,2,0
8.1401,19,60,G19_V60_2,1362.1500,1007.1400,135.0000,3,2,1
8.1401,19,60,G19_V60_3,1497.1500,872.1400,135.0000,4,2,1
8.1438,20,65,G20_V65_0,1854.1300,979.9800,135.0000,1,2,0
8.1438,20,65,G20_V65_1,1719.1300,1114.9800,135.0000,2,2,0
8.1438,20,65,G20_V65_2,1584.1300,979.9800,135.0000,3,2,1
8.1438,20,65,G20_V65_3,1719.1300,844.9800,135.0000,4,2,1
8.1445,43,66,G43_V66_0,1737.3100,1786.3600,135.0000,1,2,0
8.1445,43,66,G43_V66_1,1602.3100,1921.3600,135.0000,2,2,0
8.1445,43,66,G43_V66_2,1467.3100,1786.3600,135.0000,3,2,1
8.1445,43,66,G43_V66_3,1602.3100,1651.3600,135.0000,4,2,1
8.1482,18,71,G18_V71_0,1566.3300,994.6300,135.0000,1,2,0
8.1482,18,71,G18_V71_1,1431.3300,1129.6300,135.0000,2,2,0
8.1482,18,71,G18_V71_2,1296.3300,994.6300,135.0000,3,2,1
8.1482,18,71,G18_V71_3,1431.3300,859.6300,135.0000,4,2,1
8.1534,18,78,G18_V78_0,1580.1200,997.3300,135.0000,1,2,0
8.1534,18,78,G18_V78_1,1445.1200,1132.3300,135.0000,2,2,0
8.1534,18,78,G18_V78_2,1310.1200,997.3300,135.0000,3,2,1
8.1534,18,78,G18_V78_3,1445.1200,862.3300,135.0000,4,2,1
8.1542,19,79,G19_V79_0,1722.0000,1105.6200,135.0000,1,2,0
8.1542,19,79,G19_V79_1,1587.0000,1240.6200,135.0000,2,2,0
8.1542,19,79,G19_V79_2,1452.0000,1105.6200,135.0000,3,2,1
8.1542,19,79,G19_V79_3,1587.0000,970.6200,135.0000,4,2,1
8.1645,19,93,G19_V93_0,1625.2300,1006.1300,135.0000,1,2,0
8.1645,19,93,G19_V93_1,1490.2300,1141.1300,135.0000,2,2,0
8.1645,19,93,G19_V93_2,1355.2300,1006.1300,135.0000,3,2,1
8.1645,19,93,G19_V93_3,1490.2300,871.1300,135.0000,4,2,1
8.1660,26,95,G26_V95_0,1401.2300,1300.6800,135.0000,1,2,0
8.1660,26,95,G26_V95_1,1266.2300,1435.6800,135.0000,2,2,0
8.1660,26,95,G26_V95_2,1131.2300,1300.6800,135.0000,3,2,1
8.1660,26,95,G26_V95_3,1266.2300,1165.6800,135.0000,4,2,1
8.1668,19,96,G19_V96_0,1718.3700,1099.6400,135.0000,1,2,0
8.1668,19,96,G19_V96_1,1583.3700,1234.6400,135.0000,2,2,0
8.1668,19,96,G19_V96_2,1448.3700,1099.6400,135.0000,3,2,1
8.1668,19,96,G19_V96_3,1583.3700,964.6400,135.0000,4,2,1
8.1705,10,101,G10_V101_0,1553.0700,805.7800,135.0000,1,2,0
8.1705,10,101,G10_V101_1,1418.0700,940.7800,135.0000,2,2,0
8.1705,10,101,G10_V101_2,1283.0700,805.7800,135.0000,3,2,1
8.1705,10,101,G10_V101_3,1418.0700,670.7800,135.0000,4,2,1
8.1771,11,110,G11_V110_0,1589.7964,766.9537,135.0000,1,2,0
8.1771,11,110,G11_V110_1,1454.7964,901.9537,135.0000,2,2,0
8.1771,11,110,G11_V110_2,1319.7964,766.9537,135.0000,3,2,1
8.1771,11,110,G11_V110_3,1454.7964,631.9537,135.0000,4,2,1
8.1816,28,116,G28_V116_0,1840.6021,1277.6489,135.0000,1,2,0
8.1816,28,116,G28_V116_1,1705.6021,1412.6489,135.0000,2,2,0
8.1816,28,116,G28_V116_2,1570.6021,1277.6489,135.0000,3,2,1
8.1816,28,116,G28_V116_3,1705.6021,1142.6489,135.0000,4,2,1
8.1912,19,129,G19_V129_0,1594.9300,998.1300,135.0000,1,2,0
8.1912,19,129,G19_V129_1,1459.9300,1133.1300,135.0000,2,2,0
8.1912,19,129,G19_V129_2,1324.9300,998.1300,135.0000,3,2,1
8.1912,19,129,G19_V129_3,1459.9300,863.1300,135.0000,4,2,1
8.1919,45,130,G45_V130_0,2229.1900,1871.4500,135.0000,1,2,0
8.1919,45,130,G45_V130_1,2094.1900,2006.4500,135.0000,2,2,0
8.1919,45,130,G45_V130_2,1959.1900,1871.4500,135.0000,3,2,1
8.1919,45,130,G45_V130_3,2094.1900,1736.4500,135.0000,4,2,1
8.2023,27,9,G27_V9_0,1637.1100,1357.5200,135.0000,1,2,0
8.2023,27,9,G27_V9_1,1502.1100,1492.5200,135.0000,2,2,0
8.2023,27,9,G27_V9_2,1367.1100,1357.5200,135.0000,3,2,1
8.2023,27,9,G27_V9_3,1502.1100,1222.5200,135.0000,4,2,1
8.2134,28,24,G28_V24_0,1852.6774,1273.3590,135.0000,1,2,0
8.2134,28,24,G28_V24_1,1717.6774,1408.3590,135.0000,2,2,0
8.2134,28,24,G28_V24_2,1582.6774,1273.3590,135.0000,3,2,1
8.2134,28,24,G28_V24_3,1717.6774,1138.3590,135.0000,4,2,1
8.2149,27,26,G27_V26_0,1636.0300,1354.5100,135.0000,1,2,0
8.2149,27,26,G27_V26_1,1501.0300,1489.5100,135.0000,2,2,0
8.2149,27,26,G27_V26_2,1366.0300,1354.5100,135.0000,3,2,1
8.2149,27,26,G27_V26_3,1501.0300,1219.5100,135.0000,4,2,1
8.2171,27,29,G27_V29_0,1785.2100,1219.7400,135.0000,1,2,0
8.2171,27,29,G27_V29_1,1650.2100,1354.7400,135.0000,2,2,0
8.2171,27,29,G27_V29_2,1515.2100,1219.7400,135.0000,3,2,1
8.2171,27,29,G27_V29_3,1650.2100,1084.7400,135.0000,4,2,1
8.2349,20,53,G20_V53_0,1859.9800,976.0400,135.0000,1,2,0
8.2349,20,53,G20_V53_1,1724.9800,1111.0400,135.0000,2,2,0
8.2349,20,53,G20_V53_2,1589.9800,976.0400,135.0000,3,2,1
8.2349,20,53,G20_V53_3,1724.9800,841.0400,135.0000,4,2,1
8.2371,20,56,G20_V56_0,1920.4900,1041.1400,135.0000,1,2,0
8.2371,20,56,G20_V56_1,1785.4900,1176.1400,135.0000,2,2,0
8.2371,20,56,G20_V56_2,1650.4900,1041.1400,135.0000,3,2,1
8.2371,20,56,G20_V56_3,1785.4900,906.1400,135.0000,4,2,1
8.2401,19,60,G19_V60_0,1632.1500,1007.1400,135.0000,1,2,0
8.2401,19,60,G19_V60_1,1497.1500,1142.1400,135.0000,2,2,0
8.2401,19,60,G19_V60_2,1362.1500,1007.1400,135.0000,3,2,1
8.2401,19,60,G19_V60_3,1497.1500,872.1400,135.0000,4,2,1
8.2438,20,65,G20_V65_0,1854.1300,979.9800,135.0000,1,2,0
8.2438,20,65,G20_V65_1,1719.1300,1114.9800,135.0000,2,2,0
8.2438,20,65,G20_V65_2,1584.1300,979.9800,135.0000,3,2,1
8.2438,20,65,G20_V65_3,1719.1300,844.9800,135.0000,4,2,1
8.2445,43,66,G43_V66_0,1737.3100,1786.3600,135.0000,1,2,0
8.2445,43,66,G43_V66_1,1602.3100,1921.3600,135.0000,2,2,0
8.2445,43,66,G43_V66_2,1467.3100,1786.3600,135.0000,3,2,1
8.2445,43,66,G43_V66_3,1602.3100,1651.3600,135.0000,4,2,1
8.2482,18,71,G18_V71_0,1566.3300,994.6300,135.0000,1,2,0
8.2482,18,71,G18_V71_1,1431.3300,1129.6300,135.0000,2,2,0
8.2482,18,71,G18_V71_2,1296.3300,994.6300,135.0000,3,2,1
8.2482,18,71,G18_V71_3,1431.3300,859.6300,135.0000,4,2,1
8.2534,18,78,G18_V78_0,1580.1200,997.3300,135.0000,1,2,0
8.2534,18,78,G18_V78_1,1445.1200,1132.3300,135.0000,2,2,0
8.2534,18,78,G18_V78_2,1310.1200,997.3300,135.0000,3,2,1
8.2534,18,78,G18_V78_3,1445.1200,862.3300,135.0000,4,2,1
8.2542,19,79,G19_V79_0,1722.0000,1105.6200,135.0000,1,2,0
8.2542,19,79,G19_V79_1,1587.0000,1240.6200,135.0000,2,2,0
8.2542,19,79,G19_V79_2,1452.0000,1105.6200,135.0000,3,2,1
8.2542,19,79,G19_V79_3,1587.0000,970.6200,135.0000,4,2,1
8.2645,19,93,G19_V93_0,1625.2300,1006.1300,135.0000,1,2,0
8.2645,19,93,G19_V93_1,1490.2300,1141.1300,135.0000,2,2,0
8.2645,19,93,G19_V93_2,1355.2300,1006.1300,135.0000,3,2,1
8.2645,19,93,G19_V93_3,1490.2300,871.1300,135.0000,4,2,1
8.2660,26,95,G26_V95_0,1401.2300,1300.6800,135.0000,1,2,0
8.2660,26,95,G26_V95_1,1266.2300,1435.6800,135.0000,2,2,0
8.2660,26,95,G26_V95_2,1131.2300,1300.6800,135.0000,3,2,1
8.2660,26,95,G26_V95_3,1266.2300,1165.6800,135.0000,4,2,1
8.2668,19,96,G19_V96_0,1718.3700,1099.6400,135.0000,1,2,0
8.2668,19,96,G19_V96_1,1583.3700,1234.6400,135.0000,2,2,0
8.2668,19,96,G19_V96_2,1448.3700,1099.6400,135.0000,3,2,1
8.2668,19,96,G19_V96_3,1583.3700,964.6400,135.0000,4,2,1
8.2705,10,101,G10_V101_0,1553.0700,805.7800,135.0000,1,2,0
8.2705,10,101,G10_V101_1,1418.0700,940.7800,135.0000,2,2,0
8.2705,10,101,G10_V101_2,1283.0700,805.7800,135.0000,3,2,1
8.2705,10,101,G10_V101_3,1418.0700,670.7800,135.0000,4,2,1
8.2771,11,110,G11_V110_0,1590.6112,767.1317,135.0000,1,2,0
8.2771,11,110,G11_V110_1,1455.6112,902.1317,135.0000,2,2,0
8.2771,11,110,G11_V110_2,1320.6112,767.1317,135.0000,3,2,1
8.2771,11,110,G11_V110_3,1455.6112,632.1317,135.0000,4,2,1
8.2816,28,116,G28_V116_0,1840.6021,1277.6489,135.0000,1,2,0
8.2816,28,116,G28_V116_1,1705.6021,1412.6489,135.0000,2,2,0
8.2816,28,116,G28_V116_2,1570.6021,1277.6489,135.0000,3,2,1
8.2816,28,116,G28_V116_3,1705.6021,1142.6489,135.0000,4,2,1
8.2912,19,129,G19_V129_0,1594.9300,998.1300,135.0000,1,2,0
8.2912,19,129,G19_V129_1,1459.9300,1133.1300,135.0000,2,2,0
8.2912,19,129,G19_V129_2,1324.9300,998.1300,135.0000,3,2,1
8.2912,19,129,G19_V129_3,1459.9300,863.1300,135.0000,4,2,1
8.2919,45,130,G45_V130_0,2229.1900,1871.4500,135.0000,1,2,0
8.2919,45,130,G45_V130_1,2094.1900,2006.4500,135.0000,2,2,0
8.2919,45,130,G45_V130_2,1959.1900,1871.4500,135.0000,3,2,1
8.2919,45,130,G45_V130_3,2094.1900,1736.4500,135.0000,4,2,1
8.3023,27,9,G27_V9_0,1637.1100,1357.5200,135.0000,1,2,0
8.3023,27,9,G27_V9_1,1502.1100,1492.5200,135.0000,2,2,0
8.3023,27,9,G27_V9_2,1367.1100,1357.5200,135.0000,3,2,1
8.3023,27,9,G27_V9_3,1502.1100,1222.5200,135.0000,4,2,1
8.3134,28,24,G28_V24_0,1852.6512,1273.3686,135.0000,1,2,0
8.3134,28,24,G28_V24_1,1717.6512,1408.3686,135.0000,2,2,0
8.3134,28,24,G28_V24_2,1582.6512,1273.3686,135.0000,3,2,1
8.3134,28,24,G28_V24_3,1717.6512,1138.3686,135.0000,4,2,1
8.3149,27,26,G27_V26_0,1636.0300,1354.5100,135.0000,1,2,0
8.3149,27,26,G27_V26_1,1501.0300,1489.5100,135.0000,2,2,0
8.3149,27,26,G27_V26_2,1366.0300,1354.5100,135.0000,3,2,1
8.3149,27,26,G27_V26_3,1501.0300,1219.5100,135.0000,4,2,1
8.3171,27,29,G27_V29_0,1785.2100,1219.7400,135.0000,1,2,0
8.3171,27,29,G27_V29_1,1650.2100,1354.7400,135.0000,2,2,0
8.3171,27,29,G27_V29_2,1515.2100,1219.7400,135.0000,3,2,1
8.3171,27,29,G27_V29_3,1650.2100,1084.7400,135.0000,4,2,1
8.3349,20,53,G20_V53_0,1859.9800,976.0400,135.0000,1,2,0
8.3349,20,53,G20_V53_1,1724.9800,1111.0400,135.0000,2,2,0
8.3349,20,53,G20_V53_2,1589.9800,976.0400,135.0000,3,2,1
8.3349,20,53,G20_V53_3,1724.9800,841.0400,135.0000,4,2,1
8.3371,20,56,G20_V56_0,1920.4900,1041.1400,135.0000,1,2,0
8.3371,20,56,G20_V56_1,1785.4900,1176.1400,135.0000,2,2,0
8.3371,20,56,G20_V56_2,1650.4900,1041.1400,135.0000,3,2,1
8.3371,20,56,G20_V56_3,1785.4900,906.1400,135.0000,4,2,1
8.3401,19,60,G19_V60_0,1632.1500,1007.1400,135.0000,1,2,0
8.3401,19,60,G19_V60_1,1497.1500,1142.1400,135.0000,2,2,0
8.3401,19,60,G19_V60_2,1362.1500,1007.1400,135.0000,3,2,1
8.3401,19,60,G19_V60_3,1497.1500,872.1400,135.0000,4,2,1
8.3438,20,65,G20_V65_0,1854.1300,979.9800,135.0000,1,2,0
8.3438,20,65,G20_V65_1,1719.1300,1114.9800,135.0000,2,2,0
8.3438,20,65,G20_V65_2,1584.1300,979.9800,135.0000,3,2,1
8.3438,20,65,G20_V65_3,1719.1300,844.9800,135.0000,4,2,1
8.3445,43,66,G43_V66_0,1737.3100,1786.3600,135.0000,1,2,0
8.3445,43,66,G43_V66_1,1602.3100,1921.3600,135.0000,2,2,0
8.3445,43,66,G43_V66_2,1467.3100,1786.3600,135.0000,3,2,1
8.3445,43,66,G43_V66_3,1602.3100,1651.3600,135.0000,4,2,1
8.3482,18,71,G18_V71_0,1566.3300,994.6300,135.0000,1,2,0
8.3482,18,71,G18_V71_1,1431.3300,1129.6300,135.0000,2,2,0
8.3482,18,71,G18_V71_2,1296.3300,994.6300,135.0000,3,2,1
8.3482,18,71,G18_V71_3,1431.3300,859.6300,135.0000,4,2,1
8.3534,18,78,G18_V78_0,1580.1200,997.3300,135.0000,1,2,0
8.3534,18,78,G18_V78_1,1445.1200,1132.3300,135.0000,2,2,0
8.3534,18,78,G18_V78_2,1310.1200,997.3300,135.0000,3,2,1
8.3534,18,78,G18_V78_3,1445.1200,862.3300,135.0000,4,2,1
8.3542,19,79,G19_V79_0,1722.0000,1105.6200,135.0000,1,2,0
8.3542,19,79,G19_V79_1,1587.0000,1240.6200,135.0000,2,2,0
8.3542,19,79,G19_V79_2,1452.0000,1105.6200,135.0000,3,2,1
8.3542,19,79,G19_V79_3,1587.0000,970.6200,135.0000,4,2,1
8.3645,19,93,G19_V93_0,1625.2300,1006.1300,135.0000,1,2,0
8.3645,19,93,G19_V93_1,1490.2300,1141.1300,135.0000,2,2,0
8.3645,19,93,G19_V93_2,1355.2300,1006.1300,135.0000,3,2,1
8.3645,19,93,G19_V93_3,1490.2300,871.1300,135.0000,4,2,1
8.3660,26,95,G26_V95_0,1401.2300,1300.6800,135.0000,1,2,0
8.3660,26,95,G26_V95_1,1266.2300,1435.6800,135.0000,2,2,0
8.3660,26,95,G26_V95_2,1131.2300,1300.6800,135.0000,3,2,1
8.3660,26,95,G26_V95_3,1266.2300,1165.6800,135.0000,4,2,1
8.3668,19,96,G19_V96_0,1718.3700,1099.6400,135.0000,1,2,0
8.3668,19,96,G19_V96_1,1583.3700,1234.6400,135.0000,2,2,0
8.3668,19,96,G19_V96_2,1448.3700,1099.6400,135.0000,3,2,1
8.3668,19,96,G19_V96_3,1583.3700,964.6400,135.0000,4,2,1
8.3705,10,101,G10_V101_0,1553.0700,805.7800,135.0000,1,2,0
8.3705,10,101,G10_V101_1,1418.0700,940.7800,135.0000,2,2,0
8.3705,10,101,G10_V101_2,1283.0700,805.7800,135.0000,3,2,1
8.3705,10,101,G10_V101_3,1418.0700,670.7800,135.0000,4,2,1
8.3771,11,110,G11_V110_0,1591.4260,767.3096,135.0000,1,2,0
8.3771,11,110,G11_V110_1,1456.4260,902.3096,135.0000,2,2,0
8.3771,11,110,G11_V110_2,1321.4260,767.3096,135.0000,3,2,1
8.3771,11,110,G11_V110_3,1456.4260,632.3096,135.0000,4,2,1
8.3816,28,116,G28_V116_0,1840.6021,1277.6489,135.0000,1,2,0
8.3816,28,116,G28_V116_1,1705.6021,1412.6489,135.0000,2,2,0
8.3816,28,116,G28_V116_2,1570.6021,1277.6489,135.0000,3,2,1
8.3816,28,116,G28_V116_3,1705.6021,1142.6489,135.0000,4,2,1
8.3912,19,129,G19_V129_0,1594.9300,998.1300,135.0000,1,2,0
8.3912,19,129,G19_V129_1,1459.9300,1133.1300,135.0000,2,2,0
8.3912,19,129,G19_V129_2,1324.9300,998.1300,135.0000,3,2,1
8.3912,19,129,G19_V129_3,1459.9300,863.1300,135.0000,4,2,1
8.3920,45,130,G45_V130_0,2229.1900,1871.4500,135.0000,1,2,0
8.3920,45,130,G45_V130_1,2094.1900,2006.4500,135.0000,2,2,0
8.3920,45,130,G45_V130_2,1959.1900,1871.4500,135.0000,3,2,1
8.3920,45,130,G45_V130_3,2094.1900,1736.4500,135.0000,4,2,1
8.4023,27,9,G27_V9_0,1637.1100,1357.5200,135.0000,1,2,0
8.4023,27,9,G27_V9_1,1502.1100,1492.5200,135.0000,2,2,0
8.4023,27,9,G27_V9_2,1367.1100,1357.5200,135.0000,3,2,1
8.4023,27,9,G27_V9_3,1502.1100,1222.5200,135.0000,4,2,1
8.4134,28,24,G28_V24_0,1852.6249,1273.3783,135.0000,1,2,0
8.4134,28,24,G28_V24_1,1717.6249,1408.3783,135.0000,2,2,0
8.4134,28,24,G28_V24_2,1582.6249,1273.3783,135.0000,3,2,1
8.4134,28,24,G28_V24_3,1717.6249,1138.3783,135.0000,4,2,1
8.4149,27,26,G27_V26_0,1636.0300,1354.5100,135.0000,1,2,0
8.4149,27,26,G27_V26_1,1501.0300,1489.5100,135.0000,2,2,0
8.4149,27,26,G27_V26_2,1366.0300,1354.5100,135.0000,3,2,1
8.4149,27,26,G27_V26_3,1501.0300,1219.5100,135.0000,4,2,1
8.4171,27,29,G27_V29_0,1785.2100,1219.7400,135.0000,1,2,0
8.4171,27,29,G27_V29_1,1650.2100,1354.7400,135.0000,2,2,0
8.4171,27,29,G27_V29_2,1515.2100,1219.7400,135.0000,3,2,1
8.4171,27,29,G27_V29_3,1650.2100,1084.7400,135.0000,4,2,1
8.4349,20,53,G20_V53_0,1859.9800,976.0400,135.0000,1,2,0
8.4349,20,53,G20_V53_1,1724.9800,1111.0400,135.0000,2,2,0
8.4349,20,53,G20_V53_2,1589.9800,976.0400,135.0000,3,2,1
8.4349,20,53,G20_V53_3,1724.9800,841.0400,135.0000,4,2,1
8.4371,20,56,G20_V56_0,1920.4900,1041.1400,135.0000,1,2,0
8.4371,20,56,G20_V56_1,1785.4900,1176.1400,135.0000,2,2,0
8.4371,20,56,G20_V56_2,1650.4900,1041.1400,135.0000,3,2,1
8.4371,20,56,G20_V56_3,1785.4900,906.1400,135.0000,4,2,1
8.4401,19,60,G19_V60_0,1632.1500,1007.1400,135.0000,1,2,0
8.4401,19,60,G19_V60_1,1497.1500,1142.1400,135.0000,2,2,0
8.4401,19,60,G19_V60_2,1362.1500,1007.1400,135.0000,3,2,1
8.4401,19,60,G19_V60_3,1497.1500,872.1400,135.0000,4,2,1
8.4438,20,65,G20_V65_0,1854.1300,979.9800,135.0000,1,2,0
8.4438,20,65,G20_V65_1,1719.1300,1114.9800,135.0000,2,2,0
8.4438,20,65,G20_V65_2,1584.1300,979.9800,135.0000,3,2,1
8.4438,20,65,G20_V65_3,1719.1300,844.9800,135.0000,4,2,1
8.4445,43,66,G43_V66_0,1737.3100,1786.3600,135.0000,1,2,0
8.4445,43,66,G43_V66_1,1602.3100,1921.3600,135.0000,2,2,0
8.4445,43,66,G43_V66_2,1467.3100,1786.3600,135.0000,3,2,1
8.4445,43,66,G43_V66_3,1602.3100,1651.3600,135.0000,4,2,1
8.4482,18,71,G18_V71_0,1566.3300,994.6300,135.0000,1,2,0
8.4482,18,71,G18_V71_1,1431.3300,1129.6300,135.0000,2,2,0
8.4482,18,71,G18_V71_2,1296.3300,994.6300,135.0000,3,2,1
8.4482,18,71,G18_V71_3,1431.3300,859.6300,135.0000,4,2,1
8.4534,18,78,G18_V78_0,1580.1200,997.3300,135.0000,1,2,0
8.4534,18,78,G18_V78_1,1445.1200,1132.3300,135.0000,2,2,0
8.4534,18,78,G18_V78_2,1310.1200,997.3300,135.0000,3,2,1
8.4534,18,78,G18_V78_3,1445.1200,862.3300,135.0000,4,2,1
8.4542,19,79,G19_V79_0,1722.0000,1105.6200,135.0000,1,2,0
8.4542,19,79,G19_V79_1,1587.0000,1240.6200,135.0000,2,2,0
8.4542,19,79,G19_V79_2,1452.0000,1105.6200,135.0000,3,2,1
8.4542,19,79,G19_V79_3,1587.0000,970.6200,135.0000,4,2,1
8.4645,19,93,G19_V93_0,1625.2300,1006.1300,135.0000,1,2,0
8.4645,19,93,G19_V93_1,1490.2300,1141.1300,135.0000,2,2,0
8.4645,19,93,G19_V93_2,1355.2300,1006.1300,135.0000,3,2,1
8.4645,19,93,G19_V93_3,1490.2300,871.1300,135.0000,4,2,1
8.4660,26,95,G26_V95_0,1401.2300,1300.6800,135.0000,1,2,0
8.4660,26,95,G26_V95_1,1266.2300,1435.6800,135.0000,2,2,0
8.4660,26,95,G26_V95_2,1131.2300,1300.6800,135.0000,3,2,1
8.4660,26,95,G26_V95_3,1266.2300,1165.6800,135.0000,4,2,1
8.4668,19,96,G19_V96_0,1718.3700,1099.6400,135.0000,1,2,0
8.4668,19,96,G19_V96_1,1583.3700,1234.6400,135.0000,2,2,0
8.4668,19,96,G19_V96_2,1448.3700,1099.6400,135.0000,3,2,1
8.4668,19,96,G19_V96_3,1583.3700,964.6400,135.0000,4,2,1
8.4705,10,101,G10_V101_0,1553.0700,805.7800,135.0000,1,2,0
8.4705,10,101,G10_V101_1,1418.0700,940.7800,135.0000,2,2,0
8.4705,10,101,G10_V101_2,1283.0700,805.7800,135.0000,3,2,1
8.4705,10,101,G10_V101_3,1418.0700,670.7800,135.0000,4,2,1
8.4771,11,110,G11_V110_0,1592.2408,767.4876,135.0000,1,2,0
8.4771,11,110,G11_V110_1,1457.2408,902.4876,135.0000,2,2,0
8.4771,11,110,G11_V110_2,1322.2408,767.4876,135.0000,3,2,1
8.4771,11,110,G11_V110_3,1457.2408,632.4876,135.0000,4,2,1
8.4816,28,116,G28_V116_0,1840.6021,1277.6489,135.0000,1,2,0
8.4816,28,116,G28_V116_1,1705.6021,1412.6489,135.0000,2,2,0
8.4816,28,116,G28_V116_2,1570.6021,1277.6489,135.0000,3,2,1
8.4816,28,116,G28_V116_3,1705.6021,1142.6489,135.0000,4,2,1
8.4912,19,129,G19_V129_0,1594.9300,998.1300,135.0000,1,2,0
8.4912,19,129,G19_V129_1,1459.9300,1133.1300,135.0000,2,2,0
8.4912,19,129,G19_V129_2,1324.9300,998.1300,135.0000,3,2,1
8.4912,19,129,G19_V129_3,1459.9300,863.1300,135.0000,4,2,1
8.4919,45,130,G45_V130_0,2229.1900,1871.4500,135.0000,1,2,0
8.4919,45,130,G45_V130_1,2094.1900,2006.4500,135.0000,2,2,0
8.4919,45,130,G45_V130_2,1959.1900,1871.4500,135.0000,3,2,1
8.4919,45,130,G45_V130_3,2094.1900,1736.4500,135.0000,4,2,1
8.5023,27,9,G27_V9_0,1637.1100,1357.5200,135.0000,1,2,0
8.5023,27,9,G27_V9_1,1502.1100,1492.5200,135.0000,2,2,0
8.5023,27,9,G27_V9_2,1367.1100,1357.5200,135.0000,3,2,1
8.5023,27,9,G27_V9_3,1502.1100,1222.5200,135.0000,4,2,1
8.5134,28,24,G28_V24_0,1852.5986,1273.3880,135.0000,1,2,0
8.5134,28,24,G28_V24_1,1717.5986,1408.3880,135.0000,2,2,0
8.5134,28,24,G28_V24_2,1582.5986,1273.3880,135.0000,3,2,1
8.5134,28,24,G28_V24_3,1717.5986,1138.3880,135.0000,4,2,1
8.5149,27,26,G27_V26_0,1636.0300,1354.5100,135.0000,1,2,0
8.5149,27,26,G27_V26_1,1501.0300,1489.5100,135.0000,2,2,0
8.5149,27,26,G27_V26_2,1366.0300,1354.5100,135.0000,3,2,1
8.5149,27,26,G27_V26_3,1501.0300,1219.5100,135.0000,4,2,1
8.5171,27,29,G27_V29_0,1785.2100,1219.7400,135.0000,1,2,0
8.5171,27,29,G27_V29_1,1650.2100,1354.7400,135.0000,2,2,0
8.5171,27,29,G27_V29_2,1515.2100,1219.7400,135.0000,3,2,1
8.5171,27,29,G27_V29_3,1650.2100,1084.7400,135.0000,4,2,1
8.5349,20,53,G20_V53_0,1859.9800,976.0400,135.0000,1,2,0
8.5349,20,53,G20_V53_1,1724.9800,1111.0400,135.0000,2,2,0
8.5349,20,53,G20_V53_2,1589.9800,976.0400,135.0000,3,2,1
8.5349,20,53,G20_V53_3,1724.9800,841.0400,135.0000,4,2,1
8.5371,20,56,G20_V56_0,1920.4900,1041.1400,135.0000,1,2,0
8.5371,20,56,G20_V56_1,1785.4900,1176.1400,135.0000,2,2,0
8.5371,20,56,G20_V56_2,1650.4900,1041.1400,135.0000,3,2,1
8.5371,20,56,G20_V56_3,1785.4900,906.1400,135.0000,4,2,1
8.5401,19,60,G19_V60_0,1632.1500,1007.1400,135.0000,1,2,0
8.5401,19,60,G19_V60_1,1497.1500,1142.1400,135.0000,2,2,0
8.5401,19,60,G19_V60_2,1362.1500,1007.1400,135.0000,3,2,1
8.5401,19,60,G19_V60_3,1497.1500,872.1400,135.0000,4,2,1
8.5438,20,65,G20_V65_0,1854.1300,979.9800,135.0000,1,2,0
8.5438,20,65,G20_V65_1,1719.1300,1114.9800,135.0000,2,2,0
8.5438,20,65,G20_V65_2,1584.1300,979.9800,135.0000,3,2,1
8.5438,20,65,G20_V65_3,1719.1300,844.9800,135.0000,4,2,1
8.5482,18,71,G18_V71_0,1566.3300,994.6300,135.0000,1,2,0
8.5482,18,71,G18_V71_1,1431.3300,1129.6300,135.0000,2,2,0
8.5482,18,71,G18_V71_2,1296.3300,994.6300,135.0000,3,2,1
8.5482,18,71,G18_V71_3,1431.3300,859.6300,135.0000,4,2,1
8.5534,18,78,G18_V78_0,1580.1200,997.3300,135.0000,1,2,0
8.5534,18,78,G18_V78_1,1445.1200,1132.3300,135.0000,2,2,0
8.5534,18,78,G18_V78_2,1310.1200,997.3300,135.0000,3,2,1
8.5534,18,78,G18_V78_3,1445.1200,862.3300,135.0000,4,2,1
8.5542,19,79,G19_V79_0,1722.0000,1105.6200,135.0000,1,2,0
8.5542,19,79,G19_V79_1,1587.0000,1240.6200,135.0000,2,2,0
8.5542,19,79,G19_V79_2,1452.0000,1105.6200,135.0000,3,2,1
8.5542,19,79,G19_V79_3,1587.0000,970.6200,135.0000,4,2,1
8.5645,19,93,G19_V93_0,1625.2300,1006.1300,135.0000,1,2,0
8.5645,19,93,G19_V93_1,1490.2300,1141.1300,135.0000,2,2,0
8.5645,19,93,G19_V93_2,1355.2300,1006.1300,135.0000,3,2,1
8.5645,19,93,G19_V93_3,1490.2300,871.1300,135.0000,4,2,1
8.5660,26,95,G26_V95_0,1401.2300,1300.6800,135.0000,1,2,0
8.5660,26,95,G26_V95_1,1266.2300,1435.6800,135.0000,2,2,0
8.5660,26,95,G26_V95_2,1131.2300,1300.6800,135.0000,3,2,1
8.5660,26,95,G26_V95_3,1266.2300,1165.6800,135.0000,4,2,1
8.5668,19,96,G19_V96_0,1718.3700,1099.6400,135.0000,1,2,0
8.5668,19,96,G19_V96_1,1583.3700,1234.6400,135.0000,2,2,0
8.5668,19,96,G19_V96_2,1448.3700,1099.6400,135.0000,3,2,1
8.5668,19,96,G19_V96_3,1583.3700,964.6400,135.0000,4,2,1
8.5705,10,101,G10_V101_0,1553.0700,805.7800,135.0000,1,2,0
8.5705,10,101,G10_V101_1,1418.0700,940.7800,135.0000,2,2,0
8.5705,10,101,G10_V101_2,1283.0700,805.7800,135.0000,3,2,1
8.5705,10,101,G10_V101_3,1418.0700,670.7800,135.0000,4,2,1
8.5771,11,110,G11_V110_0,1593.0556,767.6655,135.0000,1,2,0
8.5771,11,110,G11_V110_1,1458.0556,902.6655,135.0000,2,2,0
8.5771,11,110,G11_V110_2,1323.0556,767.6655,135.0000,3,2,1
8.5771,11,110,G11_V110_3,1458.0556,632.6655,135.0000,4,2,1
8.5816,28,116,G28_V116_0,1840.6021,1277.6489,135.0000,1,2,0
8.5816,28,116,G28_V116_1,1705.6021,1412.6489,135.0000,2,2,0
8.5816,28,116,G28_V116_2,1570.6021,1277.6489,135.0000,3,2,1
8.5816,28,116,G28_V116_3,1705.6021,1142.6489,135.0000,4,2,1
8.5912,19,129,G19_V129_0,1594.9300,998.1300,135.0000,1,2,0
8.5912,19,129,G19_V129_1,1459.9300,1133.1300,135.0000,2,2,0
8.5912,19,129,G19_V129_2,1324.9300,998.1300,135.0000,3,2,1
8.5912,19,129,G19_V129_3,1459.9300,863.1300,135.0000,4,2,1
8.5919,45,130,G45_V130_0,2229.1900,1871.4500,135.0000,1,2,0
8.5919,45,130,G45_V130_1,2094.1900,2006.4500,135.0000,2,2,0
8.5919,45,130,G45_V130_2,1959.1900,1871.4500,135.0000,3,2,1
8.5919,45,130,G45_V130_3,2094.1900,1736.4500,135.0000,4,2,1
8.6023,27,9,G27_V9_0,1637.1100,1357.5200,135.0000,1,2,0
8.6023,27,9,G27_V9_1,1502.1100,1492.5200,135.0000,2,2,0
8.6023,27,9,G27_V9_2,1367.1100,1357.5200,135.0000,3,2,1
8.6023,27,9,G27_V9_3,1502.1100,1222.5200,135.0000,4,2,1
8.6134,28,24,G28_V24_0,1852.5723,1273.3976,135.0000,1,2,0
8.6134,28,24,G28_V24_1,1717.5723,1408.3976,135.0000,2,2,0
8.6134,28,24,G28_V24_2,1582.5723,1273.3976,135.0000,3,2,1
8.6134,28,24,G28_V24_3,1717.5723,1138.3976,135.0000,4,2,1
8.6149,27,26,G27_V26_0,1636.0300,1354.5100,135.0000,1,2,0
8.6149,27,26,G27_V26_1,1501.0300,1489.5100,135.0000,2,2,0
8.6149,27,26,G27_V26_2,1366.0300,1354.5100,135.0000,3,2,1
8.6149,27,26,G27_V26_3,1501.0300,1219.5100,135.0000,4,2,1
8.6171,27,29,G27_V29_0,1785.2100,1219.7400,135.0000,1,2,0
8.6171,27,29,G27_V29_1,1650.2100,1354.7400,135.0000,2,2,0
8.6171,27,29,G27_V29_2,1515.2100,1219.7400,135.0000,3,2,1
8.6171,27,29,G27_V29_3,1650.2100,1084.7400,135.0000,4,2,1
8.6349,20,53,G20_V53_0,1859.9800,976.0400,135.0000,1,2,0
8.6349,20,53,G20_V53_1,1724.9800,1111.0400,135.0000,2,2,0
8.6349,20,53,G20_V53_2,1589.9800,976.0400,135.0000,3,2,1
8.6349,20,53,G20_V53_3,1724.9800,841.0400,135.0000,4,2,1
8.6371,20,56,G20_V56_0,1920.4900,1041.1400,135.0000,1,2,0
8.6371,20,56,G20_V56_1,1785.4900,1176.1400,135.0000,2,2,0
8.6371,20,56,G20_V56_2,1650.4900,1041.1400,135.0000,3,2,1
8.6371,20,56,G20_V56_3,1785.4900,906.1400,135.0000,4,2,1
8.6401,19,60,G19_V60_0,1632.1500,1007.1400,135.0000,1,2,0
8.6401,19,60,G19_V60_1,1497.1500,1142.1400,135.0000,2,2,0
8.6401,19,60,G19_V60_2,1362.1500,1007.1400,135.0000,3,2,1
8.6401,19,60,G19_V60_3,1497.1500,872.1400,135.0000,4,2,1
8.6438,20,65,G20_V65_0,1854.1300,979.9800,135.0000,1,2,0
8.6438,20,65,G20_V65_1,1719.1300,1114.9800,135.0000,2,2,0
8.6438,20,65,G20_V65_2,1584.1300,979.9800,135.0000,3,2,1
8.6438,20,65,G20_V65_3,1719.1300,844.9800,135.0000,4,2,1
8.6482,18,71,G18_V71_0,1566.3300,994.6300,135.0000,1,2,0
8.6482,18,71,G18_V71_1,1431.3300,1129.6300,135.0000,2,2,0
8.6482,18,71,G18_V71_2,1296.3300,994.6300,135.0000,3,2,1
8.6482,18,71,G18_V71_3,1431.3300,859.6300,135.0000,4,2,1
8.6534,18,78,G18_V78_0,1580.1200,997.3300,135.0000,1,2,0
8.6534,18,78,G18_V78_1,1445.1200,1132.3300,135.0000,2,2,0
8.6534,18,78,G18_V78_2,1310.1200,997.3300,135.0000,3,2,1
8.6534,18,78,G18_V78_3,1445.1200,862.3300,135.0000,4,2,1
8.6542,19,79,G19_V79_0,1722.0000,1105.6200,135.0000,1,2,0
8.6542,19,79,G19_V79_1,1587.0000,1240.6200,135.0000,2,2,0
8.6542,19,79,G19_V79_2,1452.0000,1105.6200,135.0000,3,2,1
8.6542,19,79,G19_V79_3,1587.0000,970.6200,135.0000,4,2,1
8.6645,19,93,G19_V93_0,1625.2300,1006.1300,135.0000,1,2,0
8.6645,19,93,G19_V93_1,1490.2300,1141.1300,135.0000,2,2,0
8.6645,19,93,G19_V93_2,1355.2300,1006.1300,135.0000,3,2,1
8.6645,19,93,G19_V93_3,1490.2300,871.1300,135.0000,4,2,1
8.6660,26,95,G26_V95_0,1401.2300,1300.6800,135.0000,1,2,0
8.6660,26,95,G26_V95_1,1266.2300,1435.6800,135.0000,2,2,0
8.6660,26,95,G26_V95_2,1131.2300,1300.6800,135.0000,3,2,1
8.6660,26,95,G26_V95_3,1266.2300,1165.6800,135.0000,4,2,1
8.6668,19,96,G19_V96_0,1718.3700,1099.6400,135.0000,1,2,0
8.6668,19,96,G19_V96_1,1583.3700,1234.6400,135.0000,2,2,0
8.6668,19,96,G19_V96_2,1448.3700,1099.6400,135.0000,3,2,1
8.6668,19,96,G19_V96_3,1583.3700,964.6400,135.0000,4,2,1
8.6705,10,101,G10_V101_0,1553.0700,805.7800,135.0000,1,2,0
8.6705,10,101,G10_V101_1,1418.0700,940.7800,135.0000,2,2,0
8.6705,10,101,G10_V101_2,1283.0700,805.7800,135.0000,3,2,1
8.6705,10,101,G10_V101_3,1418.0700,670.7800,135.0000,4,2,1
8.6771,11,110,G11_V110_0,1593.8704,767.8435,135.0000,1,2,0
8.6771,11,110,G11_V110_1,1458.8704,902.8435,135.0000,2,2,0
8.6771,11,110,G11_V110_2,1323.8704,767.8435,135.0000,3,2,1
8.6771,11,110,G11_V110_3,1458.8704,632.8435,135.0000,4,2,1
8.6816,28,116,G28_V116_0,1840.6021,1277.6489,135.0000,1,2,0
8.6816,28,116,G28_V116_1,1705.6021,1412.6489,135.0000,2,2,0
8.6816,28,116,G28_V116_2,1570.6021,1277.6489,135.0000,3,2,1
8.6816,28,116,G28_V116_3,1705.6021,1142.6489,135.0000,4,2,1
8.6912,19,129,G19_V129_0,1594.9300,998.1300,135.0000,1,2,0
8.6912,19,129,G19_V129_1,1459.9300,1133.1300,135.0000,2,2,0
8.6912,19,129,G19_V129_2,1324.9300,998.1300,135.0000,3,2,1
8.6912,19,129,G19_V129_3,1459.9300,863.1300,135.0000,4,2,1
8.6920,45,130,G45_V130_0,2229.1900,1871.4500,135.0000,1,2,0
8.6920,45,130,G45_V130_1,2094.1900,2006.4500,135.0000,2,2,0
8.6920,45,130,G45_V130_2,1959.1900,1871.4500,135.0000,3,2,1
8.6920,45,130,G45_V130_3,2094.1900,1736.4500,135.0000,4,2,1
8.7023,27,9,G27_V9_0,1637.1100,1357.5200,135.0000,1,2,0
8.7023,27,9,G27_V9_1,1502.1100,1492.5200,135.0000,2,2,0
8.7023,27,9,G27_V9_2,1367.1100,1357.5200,135.0000,3,2,1
8.7023,27,9,G27_V9_3,1502.1100,1222.5200,135.0000,4,2,1
8.7134,28,24,G28_V24_0,1852.5461,1273.4073,135.0000,1,2,0
8.7134,28,24,G28_V24_1,1717.5461,1408.4073,135.0000,2,2,0
8.7134,28,24,G28_V24_2,1582.5461,1273.4073,135.0000,3,2,1
8.7134,28,24,G28_V24_3,1717.5461,1138.4073,135.0000,4,2,1
8.7149,27,26,G27_V26_0,1636.0300,1354.5100,135.0000,1,2,0
8.7149,27,26,G27_V26_1,1501.0300,1489.5100,135.0000,2,2,0
8.7149,27,26,G27_V26_2,1366.0300,1354.5100,135.0000,3,2,1
8.7149,27,26,G27_V26_3,1501.0300,1219.5100,135.0000,4,2,1
8.7171,27,29,G27_V29_0,1785.2100,1219.7400,135.0000,1,2,0
8.7171,27,29,G27_V29_1,1650.2100,1354.7400,135.0000,2,2,0
8.7171,27,29,G27_V29_2,1515.2100,1219.7400,135.0000,3,2,1
8.7171,27,29,G27_V29_3,1650.2100,1084.7400,135.0000,4,2,1
8.7349,20,53,G20_V53_0,1859.9800,976.0400,135.0000,1,2,0
8.7349,20,53,G20_V53_1,1724.9800,1111.0400,135.0000,2,2,0
8.7349,20,53,G20_V53_2,1589.9800,976.0400,135.0000,3,2,1
8.7349,20,53,G20_V53_3,1724.9800,841.0400,135.0000,4,2,1
8.7371,20,56,G20_V56_0,1920.4900,1041.1400,135.0000,1,2,0
8.7371,20,56,G20_V56_1,1785.4900,1176.1400,135.0000,2,2,0
8.7371,20,56,G20_V56_2,1650.4900,1041.1400,135.0000,3,2,1
8.7371,20,56,G20_V56_3,1785.4900,906.1400,135.0000,4,2,1
8.7401,19,60,G19_V60_0,1632.1500,1007.1400,135.0000,1,2,0
8.7401,19,60,G19_V60_1,1497.1500,1142.1400,135.0000,2,2,0
8.7401,19,60,G19_V60_2,1362.1500,1007.1400,135.0000,3,2,1
8.7401,19,60,G19_V60_3,1497.1500,872.1400,135.0000,4,2,1
8.7438,20,65,G20_V65_0,1854.1300,979.9800,135.0000,1,2,0
8.7438,20,65,G20_V65_1,1719.1300,1114.9800,135.0000,2,2,0
8.7438,20,65,G20_V65_2,1584.1300,979.9800,135.0000,3,2,1
8.7438,20,65,G20_V65_3,1719.1300,844.9800,135.0000,4,2,1
8.7482,18,71,G18_V71_0,1566.3300,994.6300,135.0000,1,2,0
8.7482,18,71,G18_V71_1,1431.3300,1129.6300,135.0000,2,2,0
8.7482,18,71,G18_V71_2,1296.3300,994.6300,135.0000,3,2,1
8.7482,18,71,G18_V71_3,1431.3300,859.6300,135.0000,4,2,1
8.7534,18,78,G18_V78_0,1580.1200,997.3300,135.0000,1,2,0
8.7534,18,78,G18_V78_1,1445.1200,1132.3300,135.0000,2,2,0
8.7534,18,78,G18_V78_2,1310.1200,997.3300,135.0000,3,2,1
8.7534,18,78,G18_V78_3,1445.1200,862.3300,135.0000,4,2,1
8.7542,19,79,G19_V79_0,1722.0000,1105.6200,135.0000,1,2,0
8.7542,19,79,G19_V79_1,1587.0000,1240.6200,135.0000,2,2,0
8.7542,19,79,G19_V79_2,1452.0000,1105.6200,135.0000,3,2,1
8.7542,19,79,G19_V79_3,1587.0000,970.6200,135.0000,4,2,1
8.7645,19,93,G19_V93_0,1625.2300,1006.1300,135.0000,1,2,0
8.7645,19,93,G19_V93_1,1490.2300,1141.1300,135.0000,2,2,0
8.7645,19,93,G19_V93_2,1355.2300,1006.1300,135.0000,3,2,1
8.7645,19,93,G19_V93_3,1490.2300,871.1300,135.0000,4,2,1
8.7660,26,95,G26_V95_0,1401.2300,1300.6800,135.0000,1,2,0
8.7660,26,95,G26_V95_1,1266.2300,1435.6800,135.0000,2,2,0
8.7660,26,95,G26_V95_2,1131.2300,1300.6800,135.0000,3,2,1
8.7660,26,95,G26_V95_3,1266.2300,1165.6800,135.0000,4,2,1
8.7668,19,96,G19_V96_0,1718.3700,1099.6400,135.0000,1,2,0
8.7668,19,96,G19_V96_1,1583.3700,1234.6400,135.0000,2,2,0
8.7668,19,96,G19_V96_2,1448.3700,1099.6400,135.0000,3,2,1
8.7668,19,96,G19_V96_3,1583.3700,964.6400,135.0000,4,2,1
8.7705,10,101,G10_V101_0,1553.0700,805.7800,135.0000,1,2,0
8.7705,10,101,G10_V101_1,1418.0700,940.7800,135.0000,2,2,0
8.7705,10,101,G10_V101_2,1283.0700,805.7800,135.0000,3,2,1
8.7705,10,101,G10_V101_3,1418.0700,670.7800,135.0000,4,2,1
8.7771,11,110,G11_V110_0,1594.6852,768.0215,135.0000,1,2,0
8.7771,11,110,G11_V110_1,1459.6852,903.0215,135.0000,2,2,0
8.7771,11,110,G11_V110_2,1324.6852,768.0215,135.0000,3,2,1
8.7771,11,110,G11_V110_3,1459.6852,633.0215,135.0000,4,2,1
8.7816,28,116,G28_V116_0,1840.6021,1277.6489,135.0000,1,2,0
8.7816,28,116,G28_V116_1,1705.6021,1412.6489,135.0000,2,2,0
8.7816,28,116,G28_V116_2,1570.6021,1277.6489,135.0000,3,2,1
8.7816,28,116,G28_V116_3,1705.6021,1142.6489,135.0000,4,2,1
8.7912,19,129,G19_V129_0,1594.9300,998.1300,135.0000,1,2,0
8.7912,19,129,G19_V129_1,1459.9300,1133.1300,135.0000,2,2,0
8.7912,19,129,G19_V129_2,1324.9300,998.1300,135.0000,3,2,1
8.7912,19,129,G19_V129_3,1459.9300,863.1300,135.0000,4,2,1
8.7919,45,130,G45_V130_0,2229.1900,1871.4500,135.0000,1,2,0
8.7919,45,130,G45_V130_1,2094.1900,2006.4500,135.0000,2,2,0
8.7919,45,130,G45_V130_2,1959.1900,1871.4500,135.0000,3,2,1
8.7919,45,130,G45_V130_3,2094.1900,1736.4500,135.0000,4,2,1
8.8023,27,9,G27_V9_0,1637.1100,1357.5200,135.0000,1,2,0
8.8023,27,9,G27_V9_1,1502.1100,1492.5200,135.0000,2,2,0
8.8023,27,9,G27_V9_2,1367.1100,1357.5200,135.0000,3,2,1
8.8023,27,9,G27_V9_3,1502.1100,1222.5200,135.0000,4,2,1
8.8134,28,24,G28_V24_0,1852.5198,1273.4170,135.0000,1,2,0
8.8134,28,24,G28_V24_1,1717.5198,1408.4170,135.0000,2,2,0
8.8134,28,24,G28_V24_2,1582.5198,1273.4170,135.0000,3,2,1
8.8134,28,24,G28_V24_3,1717.5198,1138.4170,135.0000,4,2,1
8.8149,27,26,G27_V26_0,1636.0300,1354.5100,135.0000,1,2,0
8.8149,27,26,G27_V26_1,1501.0300,1489.5100,135.0000,2,2,0
8.8149,27,26,G27_V26_2,1366.0300,1354.5100,135.0000,3,2,1
8.8149,27,26,G27_V26_3,1501.0300,1219.5100,135.0000,4,2,1
8.8171,27,29,G27_V29_0,1785.2100,1219.7400,135.0000,1,2,0
8.8171,27,29,G27_V29_1,1650.2100,1354.7400,135.0000,2,2,0
8.8171,27,29,G27_V29_2,1515.2100,1219.7400,135.0000,3,2,1
8.8171,27,29,G27_V29_3,1650.2100,1084.7400,135.0000,4,2,1
8.8349,20,53,G20_V53_0,1859.9800,976.0400,135.0000,1,2,0
8.8349,20,53,G20_V53_1,1724.9800,1111.0400,135.0000,2,2,0
8.8349,20,53,G20_V53_2,1589.9800,976.0400,135.0000,3,2,1
8.8349,20,53,G20_V53_3,1724.9800,841.0400,135.0000,4,2,1
8.8371,20,56,G20_V56_0,1920.4900,1041.1400,135.0000,1,2,0
8.8371,20,56,G20_V56_1,1785.4900,1176.1400,135.0000,2,2,0
8.8371,20,56,G20_V56_2,1650.4900,1041.1400,135.0000,3,2,1
8.8371,20,56,G20_V56_3,1785.4900,906.1400,135.0000,4,2,1
8.8401,19,60,G19_V60_0,1632.1500,1007.1400,135.0000,1,2,0
8.8401,19,60,G19_V60_1,1497.1500,1142.1400,135.0000,2,2,0
8.8401,19,60,G19_V60_2,1362.1500,1007.1400,135.0000,3,2,1
8.8401,19,60,G19_V60_3,1497.1500,872.1400,135.0000,4,2,1
8.8438,20,65,G20_V65_0,1854.1300,979.9800,135.0000,1,2,0
8.8438,20,65,G20_V65_1,1719.1300,1114.9800,135.0000,2,2,0
8.8438,20,65,G20_V65_2,1584.1300,979.9800,135.0000,3,2,1
8.8438,20,65,G20_V65_3,1719.1300,844.9800,135.0000,4,2,1
8.8482,18,71,G18_V71_0,1566.3300,994.6300,135.0000,1,2,0
8.8482,18,71,G18_V71_1,1431.3300,1129.6300,135.0000,2,2,0
8.8482,18,71,G18_V71_2,1296.3300,994.6300,135.0000,3,2,1
8.8482,18,71,G18_V71_3,1431.3300,859.6300,135.0000,4,2,1
8.8534,18,78,G18_V78_0,1580.1200,997.3300,135.0000,1,2,0
8.8534,18,78,G18_V78_1,1445.1200,1132.3300,135.0000,2,2,0
8.8534,18,78,G18_V78_2,1310.1200,997.3300,135.0000,3,2,1
8.8534,18,78,G18_V78_3,1445.1200,862.3300,135.0000,4,2,1
8.8542,19,79,G19_V79_0,1722.0000,1105.6200,135.0000,1,2,0
8.8542,19,79,G19_V79_1,1587.0000,1240.6200,135.0000,2,2,0
8.8542,19,79,G19_V79_2,1452.0000,1105.6200,135.0000,3,2,1
8.8542,19,79,G19_V79_3,1587.0000,970.6200,135.0000,4,2,1
8.8645,19,93,G19_V93_0,1625.2300,1006.1300,135.0000,1,2,0
8.8645,19,93,G19_V93_1,1490.2300,1141.1300,135.0000,2,2,0
8.8645,19,93,G19_V93_2,1355.2300,1006.1300,135.0000,3,2,1
8.8645,19,93,G19_V93_3,1490.2300,871.1300,135.0000,4,2,1
8.8660,26,95,G26_V95_0,1401.2300,1300.6800,135.0000,1,2,0
8.8660,26,95,G26_V95_1,1266.2300,1435.6800,135.0000,2,2,0
8.8660,26,95,G26_V95_2,1131.2300,1300.6800,135.0000,3,2,1
8.8660,26,95,G26_V95_3,1266.2300,1165.6800,135.0000,4,2,1
8.8668,19,96,G19_V96_0,1718.3700,1099.6400,135.0000,1,2,0
8.8668,19,96,G19_V96_1,1583.3700,1234.6400,135.0000,2,2,0
8.8668,19,96,G19_V96_2,1448.3700,1099.6400,135.0000,3,2,1
8.8668,19,96,G19_V96_3,1583.3700,964.6400,135.0000,4,2,1
8.8705,10,101,G10_V101_0,1553.0700,805.7800,135.0000,1,2,0
8.8705,10,101,G10_V101_1,1418.0700,940.7800,135.0000,2,2,0
8.8705,10,101,G10_V101_2,1283.0700,805.7800,135.0000,3,2,1
8.8705,10,101,G10_V101_3,1418.0700,670.7800,135.0000,4,2,1
8.8771,11,110,G11_V110_0,1595.5000,768.1994,135.0000,1,2,0
8.8771,11,110,G11_V110_1,1460.5000,903.1994,135.0000,2,2,0
8.8771,11,110,G11_V110_2,1325.5000,768.1994,135.0000,3,2,1
8.8771,11,110,G11_V110_3,1460.5000,633.1994,135.0000,4,2,1
8.8816,28,116,G28_V116_0,1840.6021,1277.6489,135.0000,1,2,0
8.8816,28,116,G28_V116_1,1705.6021,1412.6489,135.0000,2,2,0
8.8816,28,116,G28_V116_2,1570.6021,1277.6489,135.0000,3,2,1
8.8816,28,116,G28_V116_3,1705.6021,1142.6489,135.0000,4,2,1
8.8912,19,129,G19_V129_0,1594.9300,998.1300,135.0000,1,2,0
8.8912,19,129,G19_V129_1,1459.9300,1133.1300,135.0000,2,2,0
8.8912,19,129,G19_V129_2,1324.9300,998.1300,135.0000,3,2,1
8.8912,19,129,G19_V129_3,1459.9300,863.1300,135.0000,4,2,1
8.8919,45,130,G45_V130_0,2229.1900,1871.4500,135.0000,1,2,0
8.8919,45,130,G45_V130_1,2094.1900,2006.4500,135.0000,2,2,0
8.8919,45,130,G45_V130_2,1959.1900,1871.4500,135.0000,3,2,1
8.8919,45,130,G45_V130_3,2094.1900,1736.4500,135.0000,4,2,1
8.9023,27,9,G27_V9_0,1637.1100,1357.5200,135.0000,1,2,0
8.9023,27,9,G27_V9_1,1502.1100,1492.5200,135.0000,2,2,0
8.9023,27,9,G27_V9_2,1367.1100,1357.5200,135.0000,3,2,1
8.9023,27,9,G27_V9_3,1502.1100,1222.5200,135.0000,4,2,1
8.9134,28,24,G28_V24_0,1852.4935,1273.4266,135.0000,1,2,0
8.9134,28,24,G28_V24_1,1717.4935,1408.4266,135.0000,2,2,0
8.9134,28,24,G28_V24_2,1582.4935,1273.4266,135.0000,3,2,1
8.9134,28,24,G28_V24_3,1717.4935,1138.4266,135.0000,4,2,1
8.9149,27,26,G27_V26_0,1636.0300,1354.5100,135.0000,1,2,0
8.9149,27,26,G27_V26_1,1501.0300,1489.5100,135.0000,2,2,0
8.9149,27,26,G27_V26_2,1366.0300,1354.5100,135.0000,3,2,1
8.9149,27,26,G27_V26_3,1501.0300,1219.5100,135.0000,4,2,1
8.9171,27,29,G27_V29_0,1785.2100,1219.7400,135.0000,1,2,0
8.9171,27,29,G27_V29_1,1650.2100,1354.7400,135.0000,2,2,0
8.9171,27,29,G27_V29_2,1515.2100,1219.7400,135.0000,3,2,1
8.9171,27,29,G27_V29_3,1650.2100,1084.7400,135.0000,4,2,1
8.9349,20,53,G20_V53_0,1859.9800,976.0400,135.0000,1,2,0
8.9349,20,53,G20_V53_1,1724.9800,1111.0400,135.0000,2,2,0
8.9349,20,53,G20_V53_2,1589.9800,976.0400,135.0000,3,2,1
8.9349,20,53,G20_V53_3,1724.9800,841.0400,135.0000,4,2,1
8.9371,20,56,G20_V56_0,1920.4900,1041.1400,135.0000,1,2,0
8.9371,20,56,G20_V56_1,1785.4900,1176.1400,135.0000,2,2,0
8.9371,20,56,G20_V56_2,1650.4900,1041.1400,135.0000,3,2,1
8.9371,20,56,G20_V56_3,1785.4900,906.1400,135.0000,4,2,1
8.9401,19,60,G19_V60_0,1632.1500,1007.1400,135.0000,1,2,0
8.9401,19,60,G19_V60_1,1497.1500,1142.1400,135.0000,2,2,0
8.9401,19,60,G19_V60_2,1362.1500,1007.1400,135.0000,3,2,1
8.9401,19,60,G19_V60_3,1497.1500,872.1400,135.0000,4,2,1
8.9438,20,65,G20_V65_0,1854.1300,979.9800,135.0000,1,2,0
8.9438,20,65,G20_V65_1,1719.1300,1114.9800,135.0000,2,2,0
8.9438,20,65,G20_V65_2,1584.1300,979.9800,135.0000,3,2,1
8.9438,20,65,G20_V65_3,1719.1300,844.9800,135.0000,4,2,1
8.9482,18,71,G18_V71_0,1566.3300,994.6300,135.0000,1,2,0
8.9482,18,71,G18_V71_1,1431.3300,1129.6300,135.0000,2,2,0
8.9482,18,71,G18_V71_2,1296.3300,994.6300,135.0000,3,2,1
8.9482,18,71,G18_V71_3,1431.3300,859.6300,135.0000,4,2,1
8.9534,18,78,G18_V78_0,1580.1200,997.3300,135.0000,1,2,0
8.9534,18,78,G18_V78_1,1445.1200,1132.3300,135.0000,2,2,0
8.9534,18,78,G18_V78_2,1310.1200,997.3300,135.0000,3,2,1
8.9534,18,78,G18_V78_3,1445.1200,862.3300,135.0000,4,2,1
8.9542,19,79,G19_V79_0,1722.0000,1105.6200,135.0000,1,2,0
8.9542,19,79,G19_V79_1,1587.0000,1240.6200,135.0000,2,2,0
8.9542,19,79,G19_V79_2,1452.0000,1105.6200,135.0000,3,2,1
8.9542,19,79,G19_V79_3,1587.0000,970.6200,135.0000,4,2,1
8.9645,19,93,G19_V93_0,1625.2300,1006.1300,135.0000,1,2,0
8.9645,19,93,G19_V93_1,1490.2300,1141.1300,135.0000,2,2,0
8.9645,19,93,G19_V93_2,1355.2300,1006.1300,135.0000,3,2,1
8.9645,19,93,G19_V93_3,1490.2300,871.1300,135.0000,4,2,1
8.9660,26,95,G26_V95_0,1401.2300,1300.6800,135.0000,1,2,0
8.9660,26,95,G26_V95_1,1266.2300,1435.6800,135.0000,2,2,0
8.9660,26,95,G26_V95_2,1131.2300,1300.6800,135.0000,3,2,1
8.9660,26,95,G26_V95_3,1266.2300,1165.6800,135.0000,4,2,1
8.9668,19,96,G19_V96_0,1718.3700,1099.6400,135.0000,1,2,0
8.9668,19,96,G19_V96_1,1583.3700,1234.6400,135.0000,2,2,0
8.9668,19,96,G19_V96_2,1448.3700,1099.6400,135.0000,3,2,1
8.9668,19,96,G19_V96_3,1583.3700,964.6400,135.0000,4,2,1
8.9705,10,101,G10_V101_0,1553.0700,805.7800,135.0000,1,2,0
8.9705,10,101,G10_V101_1,1418.0700,940.7800,135.0000,2,2,0
8.9705,10,101,G10_V101_2,1283.0700,805.7800,135.0000,3,2,1
8.9705,10,101,G10_V101_3,1418.0700,670.7800,135.0000,4,2,1
8.9771,11,110,G11_V110_0,1596.3148,768.3774,135.0000,1,2,0
8.9771,11,110,G11_V110_1,1461.3148,903.3774,135.0000,2,2,0
8.9771,11,110,G11_V110_2,1326.3148,768.3774,135.0000,3,2,1
8.9771,11,110,G11_V110_3,1461.3148,633.3774,135.0000,4,2,1
8.9816,28,116,G28_V116_0,1840.6021,1277.6489,135.0000,1,2,0
8.9816,28,116,G28_V116_1,1705.6021,1412.6489,135.0000,2,2,0
8.9816,28,116,G28_V116_2,1570.6021,1277.6489,135.0000,3,2,1
8.9816,28,116,G28_V116_3,1705.6021,1142.6489,135.0000,4,2,1
8.9912,19,129,G19_V129_0,1594.9300,998.1300,135.0000,1,2,0
8.9912,19,129,G19_V129_1,1459.9300,1133.1300,135.0000,2,2,0
8.9912,19,129,G19_V129_2,1324.9300,998.1300,135.0000,3,2,1
8.9912,19,129,G19_V129_3,1459.9300,863.1300,135.0000,4,2,1
8.9920,45,130,G45_V130_0,2229.1900,1871.4500,135.0000,1,2,0
8.9920,45,130,G45_V130_1,2094.1900,2006.4500,135.0000,2,2,0
8.9920,45,130,G45_V130_2,1959.1900,1871.4500,135.0000,3,2,1
8.9920,45,130,G45_V130_3,2094.1900,1736.4500,135.0000,4,2,1
9.0023,27,9,G27_V9_0,1637.1100,1357.5200,135.0000,1,2,0
9.0023,27,9,G27_V9_1,1502.1100,1492.5200,135.0000,2,2,0
9.0023,27,9,G27_V9_2,1367.1100,1357.5200,135.0000,3,2,1
9.0023,27,9,G27_V9_3,1502.1100,1222.5200,135.0000,4,2,1
9.0134,28,24,G28_V24_0,1852.4692,1273.4356,135.0000,1,2,0
9.0134,28,24,G28_V24_1,1717.4692,1408.4356,135.0000,2,2,0
9.0134,28,24,G28_V24_2,1582.4692,1273.4356,135.0000,3,2,1
9.0134,28,24,G28_V24_3,1717.4692,1138.4356,135.0000,4,2,1
9.0149,27,26,G27_V26_0,1636.0300,1354.5100,135.0000,1,2,0
9.0149,27,26,G27_V26_1,1501.0300,1489.5100,135.0000,2,2,0
9.0149,27,26,G27_V26_2,1366.0300,1354.5100,135.0000,3,2,1
9.0149,27,26,G27_V26_3,1501.0300,1219.5100,135.0000,4,2,1
9.0171,27,29,G27_V29_0,1785.2100,1219.7400,135.0000,1,2,0
9.0171,27,29,G27_V29_1,1650.2100,1354.7400,135.0000,2,2,0
9.0171,27,29,G27_V29_2,1515.2100,1219.7400,135.0000,3,2,1
9.0171,27,29,G27_V29_3,1650.2100,1084.7400,135.0000,4,2,1
9.0349,20,53,G20_V53_0,1859.9800,976.0400,135.0000,1,2,0
9.0349,20,53,G20_V53_1,1724.9800,1111.0400,135.0000,2,2,0
9.0349,20,53,G20_V53_2,1589.9800,976.0400,135.0000,3,2,1
9.0349,20,53,G20_V53_3,1724.9800,841.0400,135.0000,4,2,1
9.0371,20,56,G20_V56_0,1920.4900,1041.1400,135.0000,1,2,0
9.0371,20,56,G20_V56_1,1785.4900,1176.1400,135.0000,2,2,0
9.0371,20,56,G20_V56_2,1650.4900,1041.1400,135.0000,3,2,1
9.0371,20,56,G20_V56_3,1785.4900,906.1400,135.0000,4,2,1
9.0401,19,60,G19_V60_0,1632.1500,1007.1400,135.0000,1,2,0
9.0401,19,60,G19_V60_1,1497.1500,1142.1400,135.0000,2,2,0
9.0401,19,60,G19_V60_2,1362.1500,1007.1400,135.0000,3,2,1
9.0401,19,60,G19_V60_3,1497.1500,872.1400,135.0000,4,2,1
9.0438,20,65,G20_V65_0,1854.1300,979.9800,135.0000,1,2,0
9.0438,20,65,G20_V65_1,1719.1300,1114.9800,135.0000,2,2,0
9.0438,20,65,G20_V65_2,1584.1300,979.9800,135.0000,3,2,1
9.0438,20,65,G20_V65_3,1719.1300,844.9800,135.0000,4,2,1
9.0482,18,71,G18_V71_0,1566.3300,994.6300,135.0000,1,2,0
9.0482,18,71,G18_V71_1,1431.3300,1129.6300,135.0000,2,2,0
9.0482,18,71,G18_V71_2,1296.3300,994.6300,135.0000,3,2,1
9.0482,18,71,G18_V71_3,1431.3300,859.6300,135.0000,4,2,1
9.0534,18,78,G18_V78_0,1580.1200,997.3300,135.0000,1,2,0
9.0534,18,78,G18_V78_1,1445.1200,1132.3300,135.0000,2,2,0
9.0534,18,78,G18_V78_2,1310.1200,997.3300,135.0000,3,2,1
9.0534,18,78,G18_V78_3,1445.1200,862.3300,135.0000,4,2,1
9.0542,19,79,G19_V79_0,1722.0000,1105.6200,135.0000,1,2,0
9.0542,19,79,G19_V79_1,1587.0000,1240.6200,135.0000,2,2,0
9.0542,19,79,G19_V79_2,1452.0000,1105.6200,135.0000,3,2,1
9.0542,19,79,G19_V79_3,1587.0000,970.6200,135.0000,4,2,1
9.0645,19,93,G19_V93_0,1625.2300,1006.1300,135.0000,1,2,0
9.0645,19,93,G19_V93_1,1490.2300,1141.1300,135.0000,2,2,0
9.0645,19,93,G19_V93_2,1355.2300,1006.1300,135.0000,3,2,1
9.0645,19,93,G19_V93_3,1490.2300,871.1300,135.0000,4,2,1
9.0660,26,95,G26_V95_0,1401.2300,1300.6800,135.0000,1,2,0
9.0660,26,95,G26_V95_1,1266.2300,1435.6800,135.0000,2,2,0
9.0660,26,95,G26_V95_2,1131.2300,1300.6800,135.0000,3,2,1
9.0660,26,95,G26_V95_3,1266.2300,1165.6800,135.0000,4,2,1
9.0668,19,96,G19_V96_0,1718.3700,1099.6400,135.0000,1,2,0
9.0668,19,96,G19_V96_1,1583.3700,1234.6400,135.0000,2,2,0
9.0668,19,96,G19_V96_2,1448.3700,1099.6400,135.0000,3,2,1
9.0668,19,96,G19_V96_3,1583.3700,964.6400,135.0000,4,2,1
9.0705,10,101,G10_V101_0,1553.0700,805.7800,135.0000,1,2,0
9.0705,10,101,G10_V101_1,1418.0700,940.7800,135.0000,2,2,0
9.0705,10,101,G10_V101_2,1283.0700,805.7800,135.0000,3,2,1
9.0705,10,101,G10_V101_3,1418.0700,670.7800,135.0000,4,2,1
9.0771,11,110,G11_V110_0,1597.1850,768.5686,135.0000,1,2,0
9.0771,11,110,G11_V110_1,1462.1850,903.5686,135.0000,2,2,0
9.0771,11,110,G11_V110_2,1327.1850,768.5686,135.0000,3,2,1
9.0771,11,110,G11_V110_3,1462.1850,633.5686,135.0000,4,2,1
9.0816,28,116,G28_V116_0,1840.6021,1277.6489,135.0000,1,2,0
9.0816,28,116,G28_V116_1,1705.6021,1412.6489,135.0000,2,2,0
9.0816,28,116,G28_V116_2,1570.6021,1277.6489,135.0000,3,2,1
9.0816,28,116,G28_V116_3,1705.6021,1142.6489,135.0000,4,2,1
9.0912,19,129,G19_V129_0,1594.9300,998.1300,135.0000,1,2,0
9.0912,19,129,G19_V129_1,1459.9300,1133.1300,135.0000,2,2,0
9.0912,19,129,G19_V129_2,1324.9300,998.1300,135.0000,3,2,1
9.0912,19,129,G19_V129_3,1459.9300,863.1300,135.0000,4,2,1
9.0920,45,130,G45_V130_0,2229.1900,1871.4500,135.0000,1,2,0
9.0920,45,130,G45_V130_1,2094.1900,2006.4500,135.0000,2,2,0
9.0920,45,130,G45_V130_2,1959.1900,1871.4500,135.0000,3,2,1
9.0920,45,130,G45_V130_3,2094.1900,1736.4500,135.0000,4,2,1
9.1023,27,9,G27_V9_0,1637.1100,1357.5200,135.0000,1,2,0
9.1023,27,9,G27_V9_1,1502.1100,1492.5200,135.0000,2,2,0
9.1023,27,9,G27_V9_2,1367.1100,1357.5200,135.0000,3,2,1
9.1023,27,9,G27_V9_3,1502.1100,1222.5200,135.0000,4,2,1
9.1134,28,24,G28_V24_0,1852.4579,1273.4397,135.0000,1,2,0
9.1134,28,24,G28_V24_1,1717.4579,1408.4397,135.0000,2,2,0
9.1134,28,24,G28_V24_2,1582.4579,1273.4397,135.0000,3,2,1
9.1134,28,24,G28_V24_3,1717.4579,1138.4397,135.0000,4,2,1
9.1149,27,26,G27_V26_0,1636.0300,1354.5100,135.0000,1,2,0
9.1149,27,26,G27_V26_1,1501.0300,1489.5100,135.0000,2,2,0
9.1149,27,26,G27_V26_2,1366.0300,1354.5100,135.0000,3,2,1
9.1149,27,26,G27_V26_3,1501.0300,1219.5100,135.0000,4,2,1
9.1171,27,29,G27_V29_0,1785.2100,1219.7400,135.0000,1,2,0
9.1171,27,29,G27_V29_1,1650.2100,1354.7400,135.0000,2,2,0
9.1171,27,29,G27_V29_2,1515.2100,1219.7400,135.0000,3,2,1
9.1171,27,29,G27_V29_3,1650.2100,1084.7400,135.0000,4,2,1
9.1349,20,53,G20_V53_0,1859.9800,976.0400,135.0000,1,2,0
9.1349,20,53,G20_V53_1,1724.9800,1111.0400,135.0000,2,2,0
9.1349,20,53,G20_V53_2,1589.9800,976.0400,135.0000,3,2,1
9.1349,20,53,G20_V53_3,1724.9800,841.0400,135.0000,4,2,1
9.1371,20,56,G20_V56_0,1920.4900,1041.1400,135.0000,1,2,0
9.1371,20,56,G20_V56_1,1785.4900,1176.1400,135.0000,2,2,0
9.1371,20,56,G20_V56_2,1650.4900,1041.1400,135.0000,3,2,1
9.1371,20,56,G20_V56_3,1785.4900,906.1400,135.0000,4,2,1
9.1401,19,60,G19_V60_0,1632.1500,1007.1400,135.0000,1,2,0
9.1401,19,60,G19_V60_1,1497.1500,1142.1400,135.0000,2,2,0
9.1401,19,60,G19_V60_2,1362.1500,1007.1400,135.0000,3,2,1
9.1401,19,60,G19_V60_3,1497.1500,872.1400,135.0000,4,2,1
9.1438,20,65,G20_V65_0,1854.1300,979.9800,135.0000,1,2,0
9.1438,20,65,G20_V65_1,1719.1300,1114.9800,135.0000,2,2,0
9.1438,20,65,G20_V65_2,1584.1300,979.9800,135.0000,3,2,1
9.1438,20,65,G20_V65_3,1719.1300,844.9800,135.0000,4,2,1
9.1482,18,71,G18_V71_0,1566.3300,994.6300,135.0000,1,2,0
9.1482,18,71,G18_V71_1,1431.3300,1129.6300,135.0000,2,2,0
9.1482,18,71,G18_V71_2,1296.3300,994.6300,135.0000,3,2,1
9.1482,18,71,G18_V71_3,1431.3300,859.6300,135.0000,4,2,1
9.1534,18,78,G18_V78_0,1580.1200,997.3300,135.0000,1,2,0
9.1534,18,78,G18_V78_1,1445.1200,1132.3300,135.0000,2,2,0
9.1534,18,78,G18_V78_2,1310.1200,997.3300,135.0000,3,2,1
9.1534,18,78,G18_V78_3,1445.1200,862.3300,135.0000,4,2,1
9.1542,19,79,G19_V79_0,1722.0000,1105.6200,135.0000,1,2,0
9.1542,19,79,G19_V79_1,1587.0000,1240.6200,135.0000,2,2,0
9.1542,19,79,G19_V79_2,1452.0000,1105.6200,135.0000,3,2,1
9.1542,19,79,G19_V79_3,1587.0000,970.6200,135.0000,4,2,1
9.1645,19,93,G19_V93_0,1625.2300,1006.1300,135.0000,1,2,0
9.1645,19,93,G19_V93_1,1490.2300,1141.1300,135.0000,2,2,0
9.1645,19,93,G19_V93_2,1355.2300,1006.1300,135.0000,3,2,1
9.1645,19,93,G19_V93_3,1490.2300,871.1300,135.0000,4,2,1
9.1660,26,95,G26_V95_0,1401.2300,1300.6800,135.0000,1,2,0
9.1660,26,95,G26_V95_1,1266.2300,1435.6800,135.0000,2,2,0
9.1660,26,95,G26_V95_2,1131.2300,1300.6800,135.0000,3,2,1
9.1660,26,95,G26_V95_3,1266.2300,1165.6800,135.0000,4,2,1
9.1668,19,96,G19_V96_0,1718.3700,1099.6400,135.0000,1,2,0
9.1668,19,96,G19_V96_1,1583.3700,1234.6400,135.0000,2,2,0
9.1668,19,96,G19_V96_2,1448.3700,1099.6400,135.0000,3,2,1
9.1668,19,96,G19_V96_3,1583.3700,964.6400,135.0000,4,2,1
9.1705,10,101,G10_V101_0,1553.0700,805.7800,135.0000,1,2,0
9.1705,10,101,G10_V101_1,1418.0700,940.7800,135.0000,2,2,0
9.1705,10,101,G10_V101_2,1283.0700,805.7800,135.0000,3,2,1
9.1705,10,101,G10_V101_3,1418.0700,670.7800,135.0000,4,2,1
9.1771,11,110,G11_V110_0,1598.0718,768.7638,135.0000,1,2,0
9.1771,11,110,G11_V110_1,1463.0718,903.7638,135.0000,2,2,0
9.1771,11,110,G11_V110_2,1328.0718,768.7638,135.0000,3,2,1
9.1771,11,110,G11_V110_3,1463.0718,633.7638,135.0000,4,2,1
9.1816,28,116,G28_V116_0,1840.6021,1277.6489,135.0000,1,2,0
9.1816,28,116,G28_V116_1,1705.6021,1412.6489,135.0000,2,2,0
9.1816,28,116,G28_V116_2,1570.6021,1277.6489,135.0000,3,2,1
9.1816,28,116,G28_V116_3,1705.6021,1142.6489,135.0000,4,2,1
9.1912,19,129,G19_V129_0,1594.9300,998.1300,135.0000,1,2,0
9.1912,19,129,G19_V129_1,1459.9300,1133.1300,135.0000,2,2,0
9.1912,19,129,G19_V129_2,1324.9300,998.1300,135.0000,3,2,1
9.1912,19,129,G19_V129_3,1459.9300,863.1300,135.0000,4,2,1
9.1919,45,130,G45_V130_0,2229.1900,1871.4500,135.0000,1,2,0
9.1919,45,130,G45_V130_1,2094.1900,2006.4500,135.0000,2,2,0
9.1919,45,130,G45_V130_2,1959.1900,1871.4500,135.0000,3,2,1
9.1919,45,130,G45_V130_3,2094.1900,1736.4500,135.0000,4,2,1
9.2023,27,9,G27_V9_0,1637.1100,1357.5200,135.0000,1,2,0
9.2023,27,9,G27_V9_1,1502.1100,1492.5200,135.0000,2,2,0
9.2023,27,9,G27_V9_2,1367.1100,1357.5200,135.0000,3,2,1
9.2023,27,9,G27_V9_3,1502.1100,1222.5200,135.0000,4,2,1
9.2134,28,24,G28_V24_0,1852.4467,1273.4438,135.0000,1,2,0
9.2134,28,24,G28_V24_1,1717.4467,1408.4438,135.0000,2,2,0
9.2134,28,24,G28_V24_2,1582.4467,1273.4438,135.0000,3,2,1
9.2134,28,24,G28_V24_3,1717.4467,1138.4438,135.0000,4,2,1
9.2149,27,26,G27_V26_0,1636.0300,1354.5100,135.0000,1,2,0
9.2149,27,26,G27_V26_1,1501.0300,1489.5100,135.0000,2,2,0
9.2149,27,26,G27_V26_2,1366.0300,1354.5100,135.0000,3,2,1
9.2149,27,26,G27_V26_3,1501.0300,1219.5100,135.0000,4,2,1
9.2171,27,29,G27_V29_0,1785.2100,1219.7400,135.0000,1,2,0
9.2171,27,29,G27_V29_1,1650.2100,1354.7400,135.0000,2,2,0
9.2171,27,29,G27_V29_2,1515.2100,1219.7400,135.0000,3,2,1
9.2171,27,29,G27_V29_3,1650.2100,1084.7400,135.0000,4,2,1
9.2349,20,53,G20_V53_0,1859.9800,976.0400,135.0000,1,2,0
9.2349,20,53,G20_V53_1,1724.9800,1111.0400,135.0000,2,2,0
9.2349,20,53,G20_V53_2,1589.9800,976.0400,135.0000,3,2,1
9.2349,20,53,G20_V53_3,1724.9800,841.0400,135.0000,4,2,1
9.2371,20,56,G20_V56_0,1920.4900,1041.1400,135.0000,1,2,0
9.2371,20,56,G20_V56_1,1785.4900,1176.1400,135.0000,2,2,0
9.2371,20,56,G20_V56_2,1650.4900,1041.1400,135.0000,3,2,1
9.2371,20,56,G20_V56_3,1785.4900,906.1400,135.0000,4,2,1
9.2401,19,60,G19_V60_0,1632.1500,1007.1400,135.0000,1,2,0
9.2401,19,60,G19_V60_1,1497.1500,1142.1400,135.0000,2,2,0
9.2401,19,60,G19_V60_2,1362.1500,1007.1400,135.0000,3,2,1
9.2401,19,60,G19_V60_3,1497.1500,872.1400,135.0000,4,2,1
9.2438,20,65,G20_V65_0,1854.1300,979.9800,135.0000,1,2,0
9.2438,20,65,G20_V65_1,1719.1300,1114.9800,135.0000,2,2,0
9.2438,20,65,G20_V65_2,1584.1300,979.9800,135.0000,3,2,1
9.2438,20,65,G20_V65_3,1719.1300,844.9800,135.0000,4,2,1
9.2482,18,71,G18_V71_0,1566.3300,994.6300,135.0000,1,2,0
9.2482,18,71,G18_V71_1,1431.3300,1129.6300,135.0000,2,2,0
9.2482,18,71,G18_V71_2,1296.3300,994.6300,135.0000,3,2,1
9.2482,18,71,G18_V71_3,1431.3300,859.6300,135.0000,4,2,1
9.2534,18,78,G18_V78_0,1580.1200,997.3300,135.0000,1,2,0
9.2534,18,78,G18_V78_1,1445.1200,1132.3300,135.0000,2,2,0
9.2534,18,78,G18_V78_2,1310.1200,997.3300,135.0000,3,2,1
9.2534,18,78,G18_V78_3,1445.1200,862.3300,135.0000,4,2,1
9.2542,19,79,G19_V79_0,1722.0000,1105.6200,135.0000,1,2,0
9.2542,19,79,G19_V79_1,1587.0000,1240.6200,135.0000,2,2,0
9.2542,19,79,G19_V79_2,1452.0000,1105.6200,135.0000,3,2,1
9.2542,19,79,G19_V79_3,1587.0000,970.6200,135.0000,4,2,1
9.2645,19,93,G19_V93_0,1625.2300,1006.1300,135.0000,1,2,0
9.2645,19,93,G19_V93_1,1490.2300,1141.1300,135.0000,2,2,0
9.2645,19,93,G19_V93_2,1355.2300,1006.1300,135.0000,3,2,1
9.2645,19,93,G19_V93_3,1490.2300,871.1300,135.0000,4,2,1
9.2660,26,95,G26_V95_0,1401.2300,1300.6800,135.0000,1,2,0
9.2660,26,95,G26_V95_1,1266.2300,1435.6800,135.0000,2,2,0
9.2660,26,95,G26_V95_2,1131.2300,1300.6800,135.0000,3,2,1
9.2660,26,95,G26_V95_3,1266.2300,1165.6800,135.0000,4,2,1
9.2668,19,96,G19_V96_0,1718.3700,1099.6400,135.0000,1,2,0
9.2668,19,96,G19_V96_1,1583.3700,1234.6400,135.0000,2,2,0
9.2668,19,96,G19_V96_2,1448.3700,1099.6400,135.0000,3,2,1
9.2668,19,96,G19_V96_3,1583.3700,964.6400,135.0000,4,2,1
9.2705,10,101,G10_V101_0,1553.0700,805.7800,135.0000,1,2,0
9.2705,10,101,G10_V101_1,1418.0700,940.7800,135.0000,2,2,0
9.2705,10,101,G10_V101_2,1283.0700,805.7800,135.0000,3,2,1
9.2705,10,101,G10_V101_3,1418.0700,670.7800,135.0000,4,2,1
9.2771,11,110,G11_V110_0,1598.9586,768.9589,135.0000,1,2,0
9.2771,11,110,G11_V110_1,1463.9586,903.9589,135.0000,2,2,0
9.2771,11,110,G11_V110_2,1328.9586,768.9589,135.0000,3,2,1
9.2771,11,110,G11_V110_3,1463.9586,633.9589,135.0000,4,2,1
9.2816,28,116,G28_V116_0,1840.6021,1277.6489,135.0000,1,2,0
9.2816,28,116,G28_V116_1,1705.6021,1412.6489,135.0000,2,2,0
9.2816,28,116,G28_V116_2,1570.6021,1277.6489,135.0000,3,2,1
9.2816,28,116,G28_V116_3,1705.6021,1142.6489,135.0000,4,2,1
9.2912,19,129,G19_V129_0,1594.9300,998.1300,135.0000,1,2,0
9.2912,19,129,G19_V129_1,1459.9300,1133.1300,135.0000,2,2,0
9.2912,19,129,G19_V129_2,1324.9300,998.1300,135.0000,3,2,1
9.2912,19,129,G19_V129_3,1459.9300,863.1300,135.0000,4,2,1
9.2919,45,130,G45_V130_0,2229.1900,1871.4500,135.0000,1,2,0
9.2919,45,130,G45_V130_1,2094.1900,2006.4500,135.0000,2,2,0
9.2919,45,130,G45_V130_2,1959.1900,1871.4500,135.0000,3,2,1
9.2919,45,130,G45_V130_3,2094.1900,1736.4500,135.0000,4,2,1
9.3023,27,9,G27_V9_0,1637.1100,1357.5200,135.0000,1,2,0
9.3023,27,9,G27_V9_1,1502.1100,1492.5200,135.0000,2,2,0
9.3023,27,9,G27_V9_2,1367.1100,1357.5200,135.0000,3,2,1
9.3023,27,9,G27_V9_3,1502.1100,1222.5200,135.0000,4,2,1
9.3134,28,24,G28_V24_0,1852.4354,1273.4479,135.0000,1,2,0
9.3134,28,24,G28_V24_1,1717.4354,1408.4479,135.0000,2,2,0
9.3134,28,24,G28_V24_2,1582.4354,1273.4479,135.0000,3,2,1
9.3134,28,24,G28_V24_3,1717.4354,1138.4479,135.0000,4,2,1
9.3149,27,26,G27_V26_0,1636.0300,1354.5100,135.0000,1,2,0
9.3149,27,26,G27_V26_1,1501.0300,1489.5100,135.0000,2,2,0
9.3149,27,26,G27_V26_2,1366.0300,1354.5100,135.0000,3,2,1
9.3149,27,26,G27_V26_3,1501.0300,1219.5100,135.0000,4,2,1
9.3171,27,29,G27_V29_0,1785.2100,1219.7400,135.0000,1,2,0
9.3171,27,29,G27_V29_1,1650.2100,1354.7400,135.0000,2,2,0
9.3171,27,29,G27_V29_2,1515.2100,1219.7400,135.0000,3,2,1
9.3171,27,29,G27_V29_3,1650.2100,1084.7400,135.0000,4,2,1
9.3349,20,53,G20_V53_0,1859.9800,976.0400,135.0000,1,2,0
9.3349,20,53,G20_V53_1,1724.9800,1111.0400,135.0000,2,2,0
9.3349,20,53,G20_V53_2,1589.9800,976.0400,135.0000,3,2,1
9.3349,20,53,G20_V53_3,1724.9800,841.0400,135.0000,4,2,1
9.3371,20,56,G20_V56_0,1920.4900,1041.1400,135.0000,1,2,0
9.3371,20,56,G20_V56_1,1785.4900,1176.1400,135.0000,2,2,0
9.3371,20,56,G20_V56_2,1650.4900,1041.1400,135.0000,3,2,1
9.3371,20,56,G20_V56_3,1785.4900,906.1400,135.0000,4,2,1
9.3401,19,60,G19_V60_0,1632.1500,1007.1400,135.0000,1,2,0
9.3401,19,60,G19_V60_1,1497.1500,1142.1400,135.0000,2,2,0
9.3401,19,60,G19_V60_2,1362.1500,1007.1400,135.0000,3,2,1
9.3401,19,60,G19_V60_3,1497.1500,872.1400,135.0000,4,2,1
9.3438,20,65,G20_V65_0,1854.1300,979.9800,135.0000,1,2,0
9.3438,20,65,G20_V65_1,1719.1300,1114.9800,135.0000,2,2,0
9.3438,20,65,G20_V65_2,1584.1300,979.9800,135.0000,3,2,1
9.3438,20,65,G20_V65_3,1719.1300,844.9800,135.0000,4,2,1
9.3482,18,71,G18_V71_0,1566.3300,994.6300,135.0000,1,2,0
9.3482,18,71,G18_V71_1,1431.3300,1129.6300,135.0000,2,2,0
9.3482,18,71,G18_V71_2,1296.3300,994.6300,135.0000,3,2,1
9.3482,18,71,G18_V71_3,1431.3300,859.6300,135.0000,4,2,1
9.3534,18,78,G18_V78_0,1580.1200,997.3300,135.0000,1,2,0
9.3534,18,78,G18_V78_1,1445.1200,1132.3300,135.0000,2,2,0
9.3534,18,78,G18_V78_2,1310.1200,997.3300,135.0000,3,2,1
9.3534,18,78,G18_V78_3,1445.1200,862.3300,135.0000,4,2,1
9.3542,19,79,G19_V79_0,1722.0000,1105.6200,135.0000,1,2,0
9.3542,19,79,G19_V79_1,1587.0000,1240.6200,135.0000,2,2,0
9.3542,19,79,G19_V79_2,1452.0000,1105.6200,135.0000,3,2,1
9.3542,19,79,G19_V79_3,1587.0000,970.6200,135.0000,4,2,1
9.3645,19,93,G19_V93_0,1625.2300,1006.1300,135.0000,1,2,0
9.3645,19,93,G19_V93_1,1490.2300,1141.1300,135.0000,2,2,0
9.3645,19,93,G19_V93_2,1355.2300,1006.1300,135.0000,3,2,1
9.3645,19,93,G19_V93_3,1490.2300,871.1300,135.0000,4,2,1
9.3660,26,95,G26_V95_0,1401.2300,1300.6800,135.0000,1,2,0
9.3660,26,95,G26_V95_1,1266.2300,1435.6800,135.0000,2,2,0
9.3660,26,95,G26_V95_2,1131.2300,1300.6800,135.0000,3,2,1
9.3660,26,95,G26_V95_3,1266.2300,1165.6800,135.0000,4,2,1
9.3668,19,96,G19_V96_0,1718.3700,1099.6400,135.0000,1,2,0
9.3668,19,96,G19_V96_1,1583.3700,1234.6400,135.0000,2,2,0
9.3668,19,96,G19_V96_2,1448.3700,1099.6400,135.0000,3,2,1
9.3668,19,96,G19_V96_3,1583.3700,964.6400,135.0000,4,2,1
9.3705,10,101,G10_V101_0,1553.0700,805.7800,135.0000,1,2,0
9.3705,10,101,G10_V101_1,1418.0700,940.7800,135.0000,2,2,0
9.3705,10,101,G10_V101_2,1283.0700,805.7800,135.0000,3,2,1
9.3705,10,101,G10_V101_3,1418.0700,670.7800,135.0000,4,2,1
9.3771,11,110,G11_V110_0,1599.8454,769.1541,135.0000,1,2,0
9.3771,11,110,G11_V110_1,1464.8454,904.1541,135.0000,2,2,0
9.3771,11,110,G11_V110_2,1329.8454,769.1541,135.0000,3,2,1
9.3771,11,110,G11_V110_3,1464.8454,634.1541,135.0000,4,2,1
9.3816,28,116,G28_V116_0,1840.6021,1277.6489,135.0000,1,2,0
9.3816,28,116,G28_V116_1,1705.6021,1412.6489,135.0000,2,2,0
9.3816,28,116,G28_V116_2,1570.6021,1277.6489,135.0000,3,2,1
9.3816,28,116,G28_V116_3,1705.6021,1142.6489,135.0000,4,2,1
9.3912,19,129,G19_V129_0,1594.9300,998.1300,135.0000,1,2,0
9.3912,19,129,G19_V129_1,1459.9300,1133.1300,135.0000,2,2,0
9.3912,19,129,G19_V129_2,1324.9300,998.1300,135.0000,3,2,1
9.3912,19,129,G19_V129_3,1459.9300,863.1300,135.0000,4,2,1
9.3920,45,130,G45_V130_0,2229.1900,1871.4500,135.0000,1,2,0
9.3920,45,130,G45_V130_1,2094.1900,2006.4500,135.0000,2,2,0
9.3920,45,130,G45_V130_2,1959.1900,1871.4500,135.0000,3,2,1
9.3920,45,130,G45_V130_3,2094.1900,1736.4500,135.0000,4,2,1
9.4023,27,9,G27_V9_0,1637.1100,1357.5200,135.0000,1,2,0
9.4023,27,9,G27_V9_1,1502.1100,1492.5200,135.0000,2,2,0
9.4023,27,9,G27_V9_2,1367.1100,1357.5200,135.0000,3,2,1
9.4023,27,9,G27_V9_3,1502.1100,1222.5200,135.0000,4,2,1
9.4134,28,24,G28_V24_0,1852.4241,1273.4520,135.0000,1,2,0
9.4134,28,24,G28_V24_1,1717.4241,1408.4520,135.0000,2,2,0
9.4134,28,24,G28_V24_2,1582.4241,1273.4520,135.0000,3,2,1
9.4134,28,24,G28_V24_3,1717.4241,1138.4520,135.0000,4,2,1
9.4149,27,26,G27_V26_0,1636.0300,1354.5100,135.0000,1,2,0
9.4149,27,26,G27_V26_1,1501.0300,1489.5100,135.0000,2,2,0
9.4149,27,26,G27_V26_2,1366.0300,1354.5100,135.0000,3,2,1
9.4149,27,26,G27_V26_3,1501.0300,1219.5100,135.0000,4,2,1
9.4171,27,29,G27_V29_0,1785.2100,1219.7400,135.0000,1,2,0
9.4171,27,29,G27_V29_1,1650.2100,1354.7400,135.0000,2,2,0
9.4171,27,29,G27_V29_2,1515.2100,1219.7400,135.0000,3,2,1
9.4171,27,29,G27_V29_3,1650.2100,1084.7400,135.0000,4,2,1
9.4349,20,53,G20_V53_0,1859.9800,976.0400,135.0000,1,2,0
9.4349,20,53,G20_V53_1,1724.9800,1111.0400,135.0000,2,2,0
9.4349,20,53,G20_V53_2,1589.9800,976.0400,135.0000,3,2,1
9.4349,20,53,G20_V53_3,1724.9800,841.0400,135.0000,4,2,1
9.4371,20,56,G20_V56_0,1920.4900,1041.1400,135.0000,1,2,0
9.4371,20,56,G20_V56_1,1785.4900,1176.1400,135.0000,2,2,0
9.4371,20,56,G20_V56_2,1650.4900,1041.1400,135.0000,3,2,1
9.4371,20,56,G20_V56_3,1785.4900,906.1400,135.0000,4,2,1
9.4401,19,60,G19_V60_0,1632.1500,1007.1400,135.0000,1,2,0
9.4401,19,60,G19_V60_1,1497.1500,1142.1400,135.0000,2,2,0
9.4401,19,60,G19_V60_2,1362.1500,1007.1400,135.0000,3,2,1
9.4401,19,60,G19_V60_3,1497.1500,872.1400,135.0000,4,2,1
9.4438,20,65,G20_V65_0,1854.1300,979.9800,135.0000,1,2,0
9.4438,20,65,G20_V65_1,1719.1300,1114.9800,135.0000,2,2,0
9.4438,20,65,G20_V65_2,1584.1300,979.9800,135.0000,3,2,1
9.4438,20,65,G20_V65_3,1719.1300,844.9800,135.0000,4,2,1
9.4482,18,71,G18_V71_0,1566.3300,994.6300,135.0000,1,2,0
9.4482,18,71,G18_V71_1,1431.3300,1129.6300,135.0000,2,2,0
9.4482,18,71,G18_V71_2,1296.3300,994.6300,135.0000,3,2,1
9.4482,18,71,G18_V71_3,1431.3300,859.6300,135.0000,4,2,1
9.4534,18,78,G18_V78_0,1580.1200,997.3300,135.0000,1,2,0
9.4534,18,78,G18_V78_1,1445.1200,1132.3300,135.0000,2,2,0
9.4534,18,78,G18_V78_2,1310.1200,997.3300,135.0000,3,2,1
9.4534,18,78,G18_V78_3,1445.1200,862.3300,135.0000,4,2,1
9.4542,19,79,G19_V79_0,1722.0000,1105.6200,135.0000,1,2,0
9.4542,19,79,G19_V79_1,1587.0000,1240.6200,135.0000,2,2,0
9.4542,19,79,G19_V79_2,1452.0000,1105.6200,135.0000,3,2,1
9.4542,19,79,G19_V79_3,1587.0000,970.6200,135.0000,4,2,1
9.4645,19,93,G19_V93_0,1625.2300,1006.1300,135.0000,1,2,0
9.4645,19,93,G19_V93_1,1490.2300,1141.1300,135.0000,2,2,0
9.4645,19,93,G19_V93_2,1355.2300,1006.1300,135.0000,3,2,1
9.4645,19,93,G19_V93_3,1490.2300,871.1300,135.0000,4,2,1
9.4660,26,95,G26_V95_0,1401.2300,1300.6800,135.0000,1,2,0
9.4660,26,95,G26_V95_1,1266.2300,1435.6800,135.0000,2,2,0
9.4660,26,95,G26_V95_2,1131.2300,1300.6800,135.0000,3,2,1
9.4660,26,95,G26_V95_3,1266.2300,1165.6800,135.0000,4,2,1
9.4668,19,96,G19_V96_0,1718.3700,1099.6400,135.0000,1,2,0
9.4668,19,96,G19_V96_1,1583.3700,1234.6400,135.0000,2,2,0
9.4668,19,96,G19_V96_2,1448.3700,1099.6400,135.0000,3,2,1
9.4668,19,96,G19_V96_3,1583.3700,964.6400,135.0000,4,2,1
9.4705,10,101,G10_V101_0,1553.0700,805.7800,135.0000,1,2,0
9.4705,10,101,G10_V101_1,1418.0700,940.7800,135.0000,2,2,0
9.4705,10,101,G10_V101_2,1283.0700,805.7800,135.0000,3,2,1
9.4705,10,101,G10_V101_3,1418.0700,670.7800,135.0000,4,2,1
9.4771,11,110,G11_V110_0,1600.7321,769.3493,135.0000,1,2,0
9.4771,11,110,G11_V110_1,1465.7321,904.3493,135.0000,2,2,0
9.4771,11,110,G11_V110_2,1330.7321,769.3493,135.0000,3,2,1
9.4771,11,110,G11_V110_3,1465.7321,634.3493,135.0000,4,2,1
9.4816,28,116,G28_V116_0,1840.6021,1277.6489,135.0000,1,2,0
9.4816,28,116,G28_V116_1,1705.6021,1412.6489,135.0000,2,2,0
9.4816,28,116,G28_V116_2,1570.6021,1277.6489,135.0000,3,2,1
9.4816,28,116,G28_V116_3,1705.6021,1142.6489,135.0000,4,2,1
9.4912,19,129,G19_V129_0,1594.9300,998.1300,135.0000,1,2,0
9.4912,19,129,G19_V129_1,1459.9300,1133.1300,135.0000,2,2,0
9.4912,19,129,G19_V129_2,1324.9300,998.1300,135.0000,3,2,1
9.4912,19,129,G19_V129_3,1459.9300,863.1300,135.0000,4,2,1
9.4919,45,130,G45_V130_0,2229.1900,1871.4500,135.0000,1,2,0
9.4919,45,130,G45_V130_1,2094.1900,2006.4500,135.0000,2,2,0
9.4919,45,130,G45_V130_2,1959.1900,1871.4500,135.0000,3,2,1
9.4919,45,130,G45_V130_3,2094.1900,1736.4500,135.0000,4,2,1
9.5023,27,9,G27_V9_0,1637.1100,1357.5200,135.0000,1,2,0
9.5023,27,9,G27_V9_1,1502.1100,1492.5200,135.0000,2,2,0
9.5023,27,9,G27_V9_2,1367.1100,1357.5200,135.0000,3,2,1
9.5023,27,9,G27_V9_3,1502.1100,1222.5200,135.0000,4,2,1
9.5134,28,24,G28_V24_0,1852.4129,1273.4561,135.0000,1,2,0
9.5134,28,24,G28_V24_1,1717.4129,1408.4561,135.0000,2,2,0
9.5134,28,24,G28_V24_2,1582.4129,1273.4561,135.0000,3,2,1
9.5134,28,24,G28_V24_3,1717.4129,1138.4561,135.0000,4,2,1
9.5149,27,26,G27_V26_0,1636.0300,1354.5100,135.0000,1,2,0
9.5149,27,26,G27_V26_1,1501.0300,1489.5100,135.0000,2,2,0
9.5149,27,26,G27_V26_2,1366.0300,1354.5100,135.0000,3,2,1
9.5149,27,26,G27_V26_3,1501.0300,1219.5100,135.0000,4,2,1
9.5171,27,29,G27_V29_0,1785.2100,1219.7400,135.0000,1,2,0
9.5171,27,29,G27_V29_1,1650.2100,1354.7400,135.0000,2,2,0
9.5171,27,29,G27_V29_2,1515.2100,1219.7400,135.0000,3,2,1
9.5171,27,29,G27_V29_3,1650.2100,1084.7400,135.0000,4,2,1
9.5349,20,53,G20_V53_0,1859.9800,976.0400,135.0000,1,2,0
9.5349,20,53,G20_V53_1,1724.9800,1111.0400,135.0000,2,2,0
9.5349,20,53,G20_V53_2,1589.9800,976.0400,135.0000,3,2,1
9.5349,20,53,G20_V53_3,1724.9800,841.0400,135.0000,4,2,1
9.5371,20,56,G20_V56_0,1920.4900,1041.1400,135.0000,1,2,0
9.5371,20,56,G20_V56_1,1785.4900,1176.1400,135.0000,2,2,0
9.5371,20,56,G20_V56_2,1650.4900,1041.1400,135.0000,3,2,1
9.5371,20,56,G20_V56_3,1785.4900,906.1400,135.0000,4,2,1
9.5401,19,60,G19_V60_0,1632.1500,1007.1400,135.0000,1,2,0
9.5401,19,60,G19_V60_1,1497.1500,1142.1400,135.0000,2,2,0
9.5401,19,60,G19_V60_2,1362.1500,1007.1400,135.0000,3,2,1
9.5401,19,60,G19_V60_3,1497.1500,872.1400,135.0000,4,2,1
9.5438,20,65,G20_V65_0,1854.1300,979.9800,135.0000,1,2,0
9.5438,20,65,G20_V65_1,1719.1300,1114.9800,135.0000,2,2,0
9.5438,20,65,G20_V65_2,1584.1300,979.9800,135.0000,3,2,1
9.5438,20,65,G20_V65_3,1719.1300,844.9800,135.0000,4,2,1
9.5482,18,71,G18_V71_0,1566.3300,994.6300,135.0000,1,2,0
9.5482,18,71,G18_V71_1,1431.3300,1129.6300,135.0000,2,2,0
9.5482,18,71,G18_V71_2,1296.3300,994.6300,135.0000,3,2,1
9.5482,18,71,G18_V71_3,1431.3300,859.6300,135.0000,4,2,1
9.5534,18,78,G18_V78_0,1580.1200,997.3300,135.0000,1,2,0
9.5534,18,78,G18_V78_1,1445.1200,1132.3300,135.0000,2,2,0
9.5534,18,78,G18_V78_2,1310.1200,997.3300,135.0000,3,2,1
9.5534,18,78,G18_V78_3,1445.1200,862.3300,135.0000,4,2,1
9.5542,19,79,G19_V79_0,1722.0000,1105.6200,135.0000,1,2,0
9.5542,19,79,G19_V79_1,1587.0000,1240.6200,135.0000,2,2,0
9.5542,19,79,G19_V79_2,1452.0000,1105.6200,135.0000,3,2,1
9.5542,19,79,G19_V79_3,1587.0000,970.6200,135.0000,4,2,1
9.5645,19,93,G19_V93_0,1625.2300,1006.1300,135.0000,1,2,0
9.5645,19,93,G19_V93_1,1490.2300,1141.1300,135.0000,2,2,0
9.5645,19,93,G19_V93_2,1355.2300,1006.1300,135.0000,3,2,1
9.5645,19,93,G19_V93_3,1490.2300,871.1300,135.0000,4,2,1
9.5660,26,95,G26_V95_0,1401.2300,1300.6800,135.0000,1,2,0
9.5660,26,95,G26_V95_1,1266.2300,1435.6800,135.0000,2,2,0
9.5660,26,95,G26_V95_2,1131.2300,1300.6800,135.0000,3,2,1
9.5660,26,95,G26_V95_3,1266.2300,1165.6800,135.0000,4,2,1
9.5668,19,96,G19_V96_0,1718.3700,1099.6400,135.0000,1,2,0
9.5668,19,96,G19_V96_1,1583.3700,1234.6400,135.0000,2,2,0
9.5668,19,96,G19_V96_2,1448.3700,1099.6400,135.0000,3,2,1
9.5668,19,96,G19_V96_3,1583.3700,964.6400,135.0000,4,2,1
9.5705,10,101,G10_V101_0,1553.0700,805.7800,135.0000,1,2,0
9.5705,10,101,G10_V101_1,1418.0700,940.7800,135.0000,2,2,0
9.5705,10,101,G10_V101_2,1283.0700,805.7800,135.0000,3,2,1
9.5705,10,101,G10_V101_3,1418.0700,670.7800,135.0000,4,2,1
9.5771,11,110,G11_V110_0,1601.6189,769.5444,135.0000,1,2,0
9.5771,11,110,G11_V110_1,1466.6189,904.5444,135.0000,2,2,0
9.5771,11,110,G11_V110_2,1331.6189,769.5444,135.0000,3,2,1
9.5771,11,110,G11_V110_3,1466.6189,634.5444,135.0000,4,2,1
9.5816,28,116,G28_V116_0,1840.6021,1277.6489,135.0000,1,2,0
9.5816,28,116,G28_V116_1,1705.6021,1412.6489,135.0000,2,2,0
9.5816,28,116,G28_V116_2,1570.6021,1277.6489,135.0000,3,2,1
9.5816,28,116,G28_V116_3,1705.6021,1142.6489,135.0000,4,2,1
9.5912,19,129,G19_V129_0,1594.9300,998.1300,135.0000,1,2,0
9.5912,19,129,G19_V129_1,1459.9300,1133.1300,135.0000,2,2,0
9.5912,19,129,G19_V129_2,1324.9300,998.1300,135.0000,3,2,1
9.5912,19,129,G19_V129_3,1459.9300,863.1300,135.0000,4,2,1
9.5919,45,130,G45_V130_0,2229.1900,1871.4500,135.0000,1,2,0
9.5919,45,130,G45_V130_1,2094.1900,2006.4500,135.0000,2,2,0
9.5919,45,130,G45_V130_2,1959.1900,1871.4500,135.0000,3,2,1
9.5919,45,130,G45_V130_3,2094.1900,1736.4500,135.0000,4,2,1
9.6023,27,9,G27_V9_0,1637.1100,1357.5200,135.0000,1,2,0
9.6023,27,9,G27_V9_1,1502.1100,1492.5200,135.0000,2,2,0
9.6023,27,9,G27_V9_2,1367.1100,1357.5200,135.0000,3,2,1
9.6023,27,9,G27_V9_3,1502.1100,1222.5200,135.0000,4,2,1
9.6134,28,24,G28_V24_0,1852.4016,1273.4602,135.0000,1,2,0
9.6134,28,24,G28_V24_1,1717.4016,1408.4602,135.0000,2,2,0
9.6134,28,24,G28_V24_2,1582.4016,1273.4602,135.0000,3,2,1
9.6134,28,24,G28_V24_3,1717.4016,1138.4602,135.0000,4,2,1
9.6149,27,26,G27_V26_0,1636.0300,1354.5100,135.0000,1,2,0
9.6149,27,26,G27_V26_1,1501.0300,1489.5100,135.0000,2,2,0
9.6149,27,26,G27_V26_2,1366.0300,1354.5100,135.0000,3,2,1
9.6149,27,26,G27_V26_3,1501.0300,1219.5100,135.0000,4,2,1
9.6171,27,29,G27_V29_0,1785.2100,1219.7400,135.0000,1,2,0
9.6171,27,29,G27_V29_1,1650.2100,1354.7400,135.0000,2,2,0
9.6171,27,29,G27_V29_2,1515.2100,1219.7400,135.0000,3,2,1
9.6171,27,29,G27_V29_3,1650.2100,1084.7400,135.0000,4,2,1
9.6349,20,53,G20_V53_0,1859.9800,976.0400,135.0000,1,2,0
9.6349,20,53,G20_V53_1,1724.9800,1111.0400,135.0000,2,2,0
9.6349,20,53,G20_V53_2,1589.9800,976.0400,135.0000,3,2,1
9.6349,20,53,G20_V53_3,1724.9800,841.0400,135.0000,4,2,1
9.6371,20,56,G20_V56_0,1920.4900,1041.1400,135.0000,1,2,0
9.6371,20,56,G20_V56_1,1785.4900,1176.1400,135.0000,2,2,0
9.6371,20,56,G20_V56_2,1650.4900,1041.1400,135.0000,3,2,1
9.6371,20,56,G20_V56_3,1785.4900,906.1400,135.0000,4,2,1
9.6401,19,60,G19_V60_0,1632.1500,1007.1400,135.0000,1,2,0
9.6401,19,60,G19_V60_1,1497.1500,1142.1400,135.0000,2,2,0
9.6401,19,60,G19_V60_2,1362.1500,1007.1400,135.0000,3,2,1
9.6401,19,60,G19_V60_3,1497.1500,872.1400,135.0000,4,2,1
9.6438,20,65,G20_V65_0,1854.1300,979.9800,135.0000,1,2,0
9.6438,20,65,G20_V65_1,1719.1300,1114.9800,135.0000,2,2,0
9.6438,20,65,G20_V65_2,1584.1300,979.9800,135.0000,3,2,1
9.6438,20,65,G20_V65_3,1719.1300,844.9800,135.0000,4,2,1
9.6482,18,71,G18_V71_0,1566.3300,994.6300,135.0000,1,2,0
9.6482,18,71,G18_V71_1,1431.3300,1129.6300,135.0000,2,2,0
9.6482,18,71,G18_V71_2,1296.3300,994.6300,135.0000,3,2,1
9.6482,18,71,G18_V71_3,1431.3300,859.6300,135.0000,4,2,1
9.6534,18,78,G18_V78_0,1580.1200,997.3300,135.0000,1,2,0
9.6534,18,78,G18_V78_1,1445.1200,1132.3300,135.0000,2,2,0
9.6534,18,78,G18_V78_2,1310.1200,997.3300,135.0000,3,2,1
9.6534,18,78,G18_V78_3,1445.1200,862.3300,135.0000,4,2,1
9.6542,19,79,G19_V79_0,1722.0000,1105.6200,135.0000,1,2,0
9.6542,19,79,G19_V79_1,1587.0000,1240.6200,135.0000,2,2,0
9.6542,19,79,G19_V79_2,1452.0000,1105.6200,135.0000,3,2,1
9.6542,19,79,G19_V79_3,1587.0000,970.6200,135.0000,4,2,1
9.6645,19,93,G19_V93_0,1625.2300,1006.1300,135.0000,1,2,0
9.6645,19,93,G19_V93_1,1490.2300,1141.1300,135.0000,2,2,0
9.6645,19,93,G19_V93_2,1355.2300,1006.1300,135.0000,3,2,1
9.6645,19,93,G19_V93_3,1490.2300,871.1300,135.0000,4,2,1
9.6660,26,95,G26_V95_0,1401.2300,1300.6800,135.0000,1,2,0
9.6660,26,95,G26_V95_1,1266.2300,1435.6800,135.0000,2,2,0
9.6660,26,95,G26_V95_2,1131.2300,1300.6800,135.0000,3,2,1
9.6660,26,95,G26_V95_3,1266.2300,1165.6800,135.0000,4,2,1
9.6668,19,96,G19_V96_0,1718.3700,1099.6400,135.0000,1,2,0
9.6668,19,96,G19_V96_1,1583.3700,1234.6400,135.0000,2,2,0
9.6668,19,96,G19_V96_2,1448.3700,1099.6400,135.0000,3,2,1
9.6668,19,96,G19_V96_3,1583.3700,964.6400,135.0000,4,2,1
9.6705,10,101,G10_V101_0,1553.0700,805.7800,135.0000,1,2,0
9.6705,10,101,G10_V101_1,1418.0700,940.7800,135.0000,2,2,0
9.6705,10,101,G10_V101_2,1283.0700,805.7800,135.0000,3,2,1
9.6705,10,101,G10_V101_3,1418.0700,670.7800,135.0000,4,2,1
9.6771,11,110,G11_V110_0,1602.5057,769.7396,135.0000,1,2,0
9.6771,11,110,G11_V110_1,1467.5057,904.7396,135.0000,2,2,0
9.6771,11,110,G11_V110_2,1332.5057,769.7396,135.0000,3,2,1
9.6771,11,110,G11_V110_3,1467.5057,634.7396,135.0000,4,2,1
9.6816,28,116,G28_V116_0,1840.6021,1277.6489,135.0000,1,2,0
9.6816,28,116,G28_V116_1,1705.6021,1412.6489,135.0000,2,2,0
9.6816,28,116,G28_V116_2,1570.6021,1277.6489,135.0000,3,2,1
9.6816,28,116,G28_V116_3,1705.6021,1142.6489,135.0000,4,2,1
9.6912,19,129,G19_V129_0,1594.9300,998.1300,135.0000,1,2,0
9.6912,19,129,G19_V129_1,1459.9300,1133.1300,135.0000,2,2,0
9.6912,19,129,G19_V129_2,1324.9300,998.1300,135.0000,3,2,1
9.6912,19,129,G19_V129_3,1459.9300,863.1300,135.0000,4,2,1
9.6919,45,130,G45_V130_0,2229.1900,1871.4500,135.0000,1,2,0
9.6919,45,130,G45_V130_1,2094.1900,2006.4500,135.0000,2,2,0
9.6919,45,130,G45_V130_2,1959.1900,1871.4500,135.0000,3,2,1
9.6919,45,130,G45_V130_3,2094.1900,1736.4500,135.0000,4,2,1
9.7023,27,9,G27_V9_0,1637.1100,1357.5200,135.0000,1,2,0
9.7023,27,9,G27_V9_1,1502.1100,1492.5200,135.0000,2,2,0
9.7023,27,9,G27_V9_2,1367.1100,1357.5200,135.0000,3,2,1
9.7023,27,9,G27_V9_3,1502.1100,1222.5200,135.0000,4,2,1
9.7134,28,24,G28_V24_0,1852.3903,1273.4644,135.0000,1,2,0
9.7134,28,24,G28_V24_1,1717.3903,1408.4644,135.0000,2,2,0
9.7134,28,24,G28_V24_2,1582.3903,1273.4644,135.0000,3,2,1
9.7134,28,24,G28_V24_3,1717.3903,1138.4644,135.0000,4,2,1
9.7149,27,26,G27_V26_0,1636.0300,1354.5100,135.0000,1,2,0
9.7149,27,26,G27_V26_1,1501.0300,1489.5100,135.0000,2,2,0
9.7149,27,26,G27_V26_2,1366.0300,1354.5100,135.0000,3,2,1
9.7149,27,26,G27_V26_3,1501.0300,1219.5100,135.0000,4,2,1
9.7171,27,29,G27_V29_0,1785.2100,1219.7400,135.0000,1,2,0
9.7171,27,29,G27_V29_1,1650.2100,1354.7400,135.0000,2,2,0
9.7171,27,29,G27_V29_2,1515.2100,1219.7400,135.0000,3,2,1
9.7171,27,29,G27_V29_3,1650.2100,1084.7400,135.0000,4,2,1
9.7349,20,53,G20_V53_0,1859.9800,976.0400,135.0000,1,2,0
9.7349,20,53,G20_V53_1,1724.9800,1111.0400,135.0000,2,2,0
9.7349,20,53,G20_V53_2,1589.9800,976.0400,135.0000,3,2,1
9.7349,20,53,G20_V53_3,1724.9800,841.0400,135.0000,4,2,1
9.7371,20,56,G20_V56_0,1920.4900,1041.1400,135.0000,1,2,0
9.7371,20,56,G20_V56_1,1785.4900,1176.1400,135.0000,2,2,0
9.7371,20,56,G20_V56_2,1650.4900,1041.1400,135.0000,3,2,1
9.7371,20,56,G20_V56_3,1785.4900,906.1400,135.0000,4,2,1
9.7401,19,60,G19_V60_0,1632.1500,1007.1400,135.0000,1,2,0
9.7401,19,60,G19_V60_1,1497.1500,1142.1400,135.0000,2,2,0
9.7401,19,60,G19_V60_2,1362.1500,1007.1400,135.0000,3,2,1
9.7401,19,60,G19_V60_3,1497.1500,872.1400,135.0000,4,2,1
9.7438,20,65,G20_V65_0,1854.1300,979.9800,135.0000,1,2,0
9.7438,20,65,G20_V65_1,1719.1300,1114.9800,135.0000,2,2,0
9.7438,20,65,G20_V65_2,1584.1300,979.9800,135.0000,3,2,1
9.7438,20,65,G20_V65_3,1719.1300,844.9800,135.0000,4,2,1
9.7482,18,71,G18_V71_0,1566.3300,994.6300,135.0000,1,2,0
9.7482,18,71,G18_V71_1,1431.3300,1129.6300,135.0000,2,2,0
9.7482,18,71,G18_V71_2,1296.3300,994.6300,135.0000,3,2,1
9.7482,18,71,G18_V71_3,1431.3300,859.6300,135.0000,4,2,1
9.7534,18,78,G18_V78_0,1580.1200,997.3300,135.0000,1,2,0
9.7534,18,78,G18_V78_1,1445.1200,1132.3300,135.0000,2,2,0
9.7534,18,78,G18_V78_2,1310.1200,997.3300,135.0000,3,2,1
9.7534,18,78,G18_V78_3,1445.1200,862.3300,135.0000,4,2,1
9.7542,19,79,G19_V79_0,1722.0000,1105.6200,135.0000,1,2,0
9.7542,19,79,G19_V79_1,1587.0000,1240.6200,135.0000,2,2,0
9.7542,19,79,G19_V79_2,1452.0000,1105.6200,135.0000,3,2,1
9.7542,19,79,G19_V79_3,1587.0000,970.6200,135.0000,4,2,1
9.7645,19,93,G19_V93_0,1625.2300,1006.1300,135.0000,1,2,0
9.7645,19,93,G19_V93_1,1490.2300,1141.1300,135.0000,2,2,0
9.7645,19,93,G19_V93_2,1355.2300,1006.1300,135.0000,3,2,1
9.7645,19,93,G19_V93_3,1490.2300,871.1300,135.0000,4,2,1
9.7660,26,95,G26_V95_0,1401.2300,1300.6800,135.0000,1,2,0
9.7660,26,95,G26_V95_1,1266.2300,1435.6800,135.0000,2,2,0
9.7660,26,95,G26_V95_2,1131.2300,1300.6800,135.0000,3,2,1
9.7660,26,95,G26_V95_3,1266.2300,1165.6800,135.0000,4,2,1
9.7668,19,96,G19_V96_0,1718.3700,1099.6400,135.0000,1,2,0
9.7668,19,96,G19_V96_1,1583.3700,1234.6400,135.0000,2,2,0
9.7668,19,96,G19_V96_2,1448.3700,1099.6400,135.0000,3,2,1
9.7668,19,96,G19_V96_3,1583.3700,964.6400,135.0000,4,2,1
9.7705,10,101,G10_V101_0,1553.0700,805.7800,135.0000,1,2,0
9.7705,10,101,G10_V101_1,1418.0700,940.7800,135.0000,2,2,0
9.7705,10,101,G10_V101_2,1283.0700,805.7800,135.0000,3,2,1
9.7705,10,101,G10_V101_3,1418.0700,670.7800,135.0000,4,2,1
9.7771,11,110,G11_V110_0,1603.3925,769.9348,135.0000,1,2,0
9.7771,11,110,G11_V110_1,1468.3925,904.9348,135.0000,2,2,0
9.7771,11,110,G11_V110_2,1333.3925,769.9348,135.0000,3,2,1
9.7771,11,110,G11_V110_3,1468.3925,634.9348,135.0000,4,2,1
9.7816,28,116,G28_V116_0,1840.6021,1277.6489,135.0000,1,2,0
9.7816,28,116,G28_V116_1,1705.6021,1412.6489,135.0000,2,2,0
9.7816,28,116,G28_V116_2,1570.6021,1277.6489,135.0000,3,2,1
9.7816,28,116,G28_V116_3,1705.6021,1142.6489,135.0000,4,2,1
9.7912,19,129,G19_V129_0,1594.9300,998.1300,135.0000,1,2,0
9.7912,19,129,G19_V129_1,1459.9300,1133.1300,135.0000,2,2,0
9.7912,19,129,G19_V129_2,1324.9300,998.1300,135.0000,3,2,1
9.7912,19,129,G19_V129_3,1459.9300,863.1300,135.0000,4,2,1
9.7920,45,130,G45_V130_0,2229.1900,1871.4500,135.0000,1,2,0
9.7920,45,130,G45_V130_1,2094.1900,2006.4500,135.0000,2,2,0
9.7920,45,130,G45_V130_2,1959.1900,1871.4500,135.0000,3,2,1
9.7920,45,130,G45_V130_3,2094.1900,1736.4500,135.0000,4,2,1
9.8023,27,9,G27_V9_0,1637.1100,1357.5200,135.0000,1,2,0
9.8023,27,9,G27_V9_1,1502.1100,1492.5200,135.0000,2,2,0
9.8023,27,9,G27_V9_2,1367.1100,1357.5200,135.0000,3,2,1
9.8023,27,9,G27_V9_3,1502.1100,1222.5200,135.0000,4,2,1
9.8134,28,24,G28_V24_0,1852.3790,1273.4685,135.0000,1,2,0
9.8134,28,24,G28_V24_1,1717.3790,1408.4685,135.0000,2,2,0
9.8134,28,24,G28_V24_2,1582.3790,1273.4685,135.0000,3,2,1
9.8134,28,24,G28_V24_3,1717.3790,1138.4685,135.0000,4,2,1
9.8149,27,26,G27_V26_0,1636.0300,1354.5100,135.0000,1,2,0
9.8149,27,26,G27_V26_1,1501.0300,1489.5100,135.0000,2,2,0
9.8149,27,26,G27_V26_2,1366.0300,1354.5100,135.0000,3,2,1
9.8149,27,26,G27_V26_3,1501.0300,1219.5100,135.0000,4,2,1
9.8171,27,29,G27_V29_0,1785.2100,1219.7400,135.0000,1,2,0
9.8171,27,29,G27_V29_1,1650.2100,1354.7400,135.0000,2,2,0
9.8171,27,29,G27_V29_2,1515.2100,1219.7400,135.0000,3,2,1
9.8171,27,29,G27_V29_3,1650.2100,1084.7400,135.0000,4,2,1
9.8349,20,53,G20_V53_0,1859.9800,976.0400,135.0000,1,2,0
9.8349,20,53,G20_V53_1,1724.9800,1111.0400,135.0000,2,2,0
9.8349,20,53,G20_V53_2,1589.9800,976.0400,135.0000,3,2,1
9.8349,20,53,G20_V53_3,1724.9800,841.0400,135.0000,4,2,1
9.8371,20,56,G20_V56_0,1920.4900,1041.1400,135.0000,1,2,0
9.8371,20,56,G20_V56_1,1785.4900,1176.1400,135.0000,2,2,0
9.8371,20,56,G20_V56_2,1650.4900,1041.1400,135.0000,3,2,1
9.8371,20,56,G20_V56_3,1785.4900,906.1400,135.0000,4,2,1
9.8401,19,60,G19_V60_0,1632.1500,1007.1400,135.0000,1,2,0
9.8401,19,60,G19_V60_1,1497.1500,1142.1400,135.0000,2,2,0
9.8401,19,60,G19_V60_2,1362.1500,1007.1400,135.0000,3,2,1
9.8401,19,60,G19_V60_3,1497.1500,872.1400,135.0000,4,2,1
9.8438,20,65,G20_V65_0,1854.1300,979.9800,135.0000,1,2,0
9.8438,20,65,G20_V65_1,1719.1300,1114.9800,135.0000,2,2,0
9.8438,20,65,G20_V65_2,1584.1300,979.9800,135.0000,3,2,1
9.8438,20,65,G20_V65_3,1719.1300,844.9800,135.0000,4,2,1
9.8482,18,71,G18_V71_0,1566.3300,994.6300,135.0000,1,2,0
9.8482,18,71,G18_V71_1,1431.3300,1129.6300,135.0000,2,2,0
9.8482,18,71,G18_V71_2,1296.3300,994.6300,135.0000,3,2,1
9.8482,18,71,G18_V71_3,1431.3300,859.6300,135.0000,4,2,1
9.8534,18,78,G18_V78_0,1580.1200,997.3300,135.0000,1,2,0
9.8534,18,78,G18_V78_1,1445.1200,1132.3300,135.0000,2,2,0
9.8534,18,78,G18_V78_2,1310.1200,997.3300,135.0000,3,2,1
9.8534,18,78,G18_V78_3,1445.1200,862.3300,135.0000,4,2,1
9.8542,19,79,G19_V79_0,1722.0000,1105.6200,135.0000,1,2,0
9.8542,19,79,G19_V79_1,1587.0000,1240.6200,135.0000,2,2,0
9.8542,19,79,G19_V79_2,1452.0000,1105.6200,135.0000,3,2,1
9.8542,19,79,G19_V79_3,1587.0000,970.6200,135.0000,4,2,1
9.8645,19,93,G19_V93_0,1625.2300,1006.1300,135.0000,1,2,0
9.8645,19,93,G19_V93_1,1490.2300,1141.1300,135.0000,2,2,0
9.8645,19,93,G19_V93_2,1355.2300,1006.1300,135.0000,3,2,1
9.8645,19,93,G19_V93_3,1490.2300,871.1300,135.0000,4,2,1
9.8660,26,95,G26_V95_0,1401.2300,1300.6800,135.0000,1,2,0
9.8660,26,95,G26_V95_1,1266.2300,1435.6800,135.0000,2,2,0
9.8660,26,95,G26_V95_2,1131.2300,1300.6800,135.0000,3,2,1
9.8660,26,95,G26_V95_3,1266.2300,1165.6800,135.0000,4,2,1
9.8668,19,96,G19_V96_0,1718.3700,1099.6400,135.0000,1,2,0
9.8668,19,96,G19_V96_1,1583.3700,1234.6400,135.0000,2,2,0
9.8668,19,96,G19_V96_2,1448.3700,1099.6400,135.0000,3,2,1
9.8668,19,96,G19_V96_3,1583.3700,964.6400,135.0000,4,2,1
9.8705,10,101,G10_V101_0,1553.0700,805.7800,135.0000,1,2,0
9.8705,10,101,G10_V101_1,1418.0700,940.7800,135.0000,2,2,0
9.8705,10,101,G10_V101_2,1283.0700,805.7800,135.0000,3,2,1
9.8705,10,101,G10_V101_3,1418.0700,670.7800,135.0000,4,2,1
9.8771,11,110,G11_V110_0,1604.2793,770.1299,135.0000,1,2,0
9.8771,11,110,G11_V110_1,1469.2793,905.1299,135.0000,2,2,0
9.8771,11,110,G11_V110_2,1334.2793,770.1299,135.0000,3,2,1
9.8771,11,110,G11_V110_3,1469.2793,635.1299,135.0000,4,2,1
9.8816,28,116,G28_V116_0,1840.6021,1277.6489,135.0000,1,2,0
9.8816,28,116,G28_V116_1,1705.6021,1412.6489,135.0000,2,2,0
9.8816,28,116,G28_V116_2,1570.6021,1277.6489,135.0000,3,2,1
9.8816,28,116,G28_V116_3,1705.6021,1142.6489,135.0000,4,2,1
9.8912,19,129,G19_V129_0,1594.9300,998.1300,135.0000,1,2,0
9.8912,19,129,G19_V129_1,1459.9300,1133.1300,135.0000,2,2,0
9.8912,19,129,G19_V129_2,1324.9300,998.1300,135.0000,3,2,1
9.8912,19,129,G19_V129_3,1459.9300,863.1300,135.0000,4,2,1
9.8919,45,130,G45_V130_0,2229.1900,1871.4500,135.0000,1,2,0
9.8919,45,130,G45_V130_1,2094.1900,2006.4500,135.0000,2,2,0
9.8919,45,130,G45_V130_2,1959.1900,1871.4500,135.0000,3,2,1
9.8919,45,130,G45_V130_3,2094.1900,1736.4500,135.0000,4,2,1
9.9023,27,9,G27_V9_0,1637.1100,1357.5200,135.0000,1,2,0
9.9023,27,9,G27_V9_1,1502.1100,1492.5200,135.0000,2,2,0
9.9023,27,9,G27_V9_2,1367.1100,1357.5200,135.0000,3,2,1
9.9023,27,9,G27_V9_3,1502.1100,1222.5200,135.0000,4,2,1
9.9134,28,24,G28_V24_0,1852.3678,1273.4726,135.0000,1,2,0
9.9134,28,24,G28_V24_1,1717.3678,1408.4726,135.0000,2,2,0
9.9134,28,24,G28_V24_2,1582.3678,1273.4726,135.0000,3,2,1
9.9134,28,24,G28_V24_3,1717.3678,1138.4726,135.0000,4,2,1
9.9149,27,26,G27_V26_0,1636.0300,1354.5100,135.0000,1,2,0
9.9149,27,26,G27_V26_1,1501.0300,1489.5100,135.0000,2,2,0
9.9149,27,26,G27_V26_2,1366.0300,1354.5100,135.0000,3,2,1
9.9149,27,26,G27_V26_3,1501.0300,1219.5100,135.0000,4,2,1
9.9171,27,29,G27_V29_0,1785.2100,1219.7400,135.0000,1,2,0
9.9171,27,29,G27_V29_1,1650.2100,1354.7400,135.0000,2,2,0
9.9171,27,29,G27_V29_2,1515.2100,1219.7400,135.0000,3,2,1
9.9171,27,29,G27_V29_3,1650.2100,1084.7400,135.0000,4,2,1
9.9349,20,53,G20_V53_0,1859.9800,976.0400,135.0000,1,2,0
9.9349,20,53,G20_V53_1,1724.9800,1111.0400,135.0000,2,2,0
9.9349,20,53,G20_V53_2,1589.9800,976.0400,135.0000,3,2,1
9.9349,20,53,G20_V53_3,1724.9800,841.0400,135.0000,4,2,1
9.9371,20,56,G20_V56_0,1920.4900,1041.1400,135.0000,1,2,0
9.9371,20,56,G20_V56_1,1785.4900,1176.1400,135.0000,2,2,0
9.9371,20,56,G20_V56_2,1650.4900,1041.1400,135.0000,3,2,1
9.9371,20,56,G20_V56_3,1785.4900,906.1400,135.0000,4,2,1
9.9401,19,60,G19_V60_0,1632.1500,1007.1400,135.0000,1,2,0
9.9401,19,60,G19_V60_1,1497.1500,1142.1400,135.0000,2,2,0
9.9401,19,60,G19_V60_2,1362.1500,1007.1400,135.0000,3,2,1
9.9401,19,60,G19_V60_3,1497.1500,872.1400,135.0000,4,2,1
9.9438,20,65,G20_V65_0,1854.1300,979.9800,135.0000,1,2,0
9.9438,20,65,G20_V65_1,1719.1300,1114.9800,135.0000,2,2,0
9.9438,20,65,G20_V65_2,1584.1300,979.9800,135.0000,3,2,1
9.9438,20,65,G20_V65_3,1719.1300,844.9800,135.0000,4,2,1
9.9482,18,71,G18_V71_0,1566.3300,994.6300,135.0000,1,2,0
9.9482,18,71,G18_V71_1,1431.3300,1129.6300,135.0000,2,2,0
9.9482,18,71,G18_V71_2,1296.3300,994.6300,135.0000,3,2,1
9.9482,18,71,G18_V71_3,1431.3300,859.6300,135.0000,4,2,1
9.9534,18,78,G18_V78_0,1580.1200,997.3300,135.0000,1,2,0
9.9534,18,78,G18_V78_1,1445.1200,1132.3300,135.0000,2,2,0
9.9534,18,78,G18_V78_2,1310.1200,997.3300,135.0000,3,2,1
9.9534,18,78,G18_V78_3,1445.1200,862.3300,135.0000,4,2,1
9.9542,19,79,G19_V79_0,1722.0000,1105.6200,135.0000,1,2,0
9.9542,19,79,G19_V79_1,1587.0000,1240.6200,135.0000,2,2,0
9.9542,19,79,G19_V79_2,1452.0000,1105.6200,135.0000,3,2,1
9.9542,19,79,G19_V79_3,1587.0000,970.6200,135.0000,4,2,1
9.9645,19,93,G19_V93_0,1625.2300,1006.1300,135.0000,1,2,0
9.9645,19,93,G19_V93_1,1490.2300,1141.1300,135.0000,2,2,0
9.9645,19,93,G19_V93_2,1355.2300,1006.1300,135.0000,3,2,1
9.9645,19,93,G19_V93_3,1490.2300,871.1300,135.0000,4,2,1
9.9660,26,95,G26_V95_0,1401.2300,1300.6800,135.0000,1,2,0
9.9660,26,95,G26_V95_1,1266.2300,1435.6800,135.0000,2,2,0
9.9660,26,95,G26_V95_2,1131.2300,1300.6800,135.0000,3,2,1
9.9660,26,95,G26_V95_3,1266.2300,1165.6800,135.0000,4,2,1
9.9668,19,96,G19_V96_0,1718.3700,1099.6400,135.0000,1,2,0
9.9668,19,96,G19_V96_1,1583.3700,1234.6400,135.0000,2,2,0
9.9668,19,96,G19_V96_2,1448.3700,1099.6400,135.0000,3,2,1
9.9668,19,96,G19_V96_3,1583.3700,964.6400,135.0000,4,2,1
9.9705,10,101,G10_V101_0,1553.0700,805.7800,135.0000,1,2,0
9.9705,10,101,G10_V101_1,1418.0700,940.7800,135.0000,2,2,0
9.9705,10,101,G10_V101_2,1283.0700,805.7800,135.0000,3,2,1
9.9705,10,101,G10_V101_3,1418.0700,670.7800,135.0000,4,2,1
9.9771,11,110,G11_V110_0,1605.1660,770.3251,135.0000,1,2,0
9.9771,11,110,G11_V110_1,1470.1660,905.3251,135.0000,2,2,0
9.9771,11,110,G11_V110_2,1335.1660,770.3251,135.0000,3,2,1
9.9771,11,110,G11_V110_3,1470.1660,635.3251,135.0000,4,2,1
9.9816,28,116,G28_V116_0,1840.6021,1277.6489,135.0000,1,2,0
9.9816,28,116,G28_V116_1,1705.6021,1412.6489,135.0000,2,2,0
9.9816,28,116,G28_V116_2,1570.6021,1277.6489,135.0000,3,2,1
9.9816,28,116,G28_V116_3,1705.6021,1142.6489,135.0000,4,2,1
9.9912,19,129,G19_V129_0,1594.9300,998.1300,135.0000,1,2,0
9.9912,19,129,G19_V129_1,1459.9300,1133.1300,135.0000,2,2,0
9.9912,19,129,G19_V129_2,1324.9300,998.1300,135.0000,3,2,1
9.9912,19,129,G19_V129_3,1459.9300,863.1300,135.0000,4,2,1
9.9919,45,130,G45_V130_0,2229.1900,1871.4500,135.0000,1,2,0
9.9919,45,130,G45_V130_1,2094.1900,2006.4500,135.0000,2,2,0
9.9919,45,130,G45_V130_2,1959.1900,1871.4500,135.0000,3,2,1
9.9919,45,130,G45_V130_3,2094.1900,1736.4500,135.0000,4,2,1
10.0023,27,9,G27_V9_0,1637.1100,1357.5200,135.0000,1,2,0
10.0023,27,9,G27_V9_1,1502.1100,1492.5200,135.0000,2,2,0
10.0023,27,9,G27_V9_2,1367.1100,1357.5200,135.0000,3,2,1
10.0023,27,9,G27_V9_3,1502.1100,1222.5200,135.0000,4,2,1
10.0134,28,24,G28_V24_0,1852.3579,1273.4762,135.0000,1,2,0
10.0134,28,24,G28_V24_1,1717.3579,1408.4762,135.0000,2,2,0
10.0134,28,24,G28_V24_2,1582.3579,1273.4762,135.0000,3,2,1
10.0134,28,24,G28_V24_3,1717.3579,1138.4762,135.0000,4,2,1
10.0149,27,26,G27_V26_0,1636.0300,1354.5100,135.0000,1,2,0
10.0149,27,26,G27_V26_1,1501.0300,1489.5100,135.0000,2,2,0
10.0149,27,26,G27_V26_2,1366.0300,1354.5100,135.0000,3,2,1
10.0149,27,26,G27_V26_3,1501.0300,1219.5100,135.0000,4,2,1
10.0171,27,29,G27_V29_0,1785.2100,1219.7400,135.0000,1,2,0
10.0171,27,29,G27_V29_1,1650.2100,1354.7400,135.0000,2,2,0
10.0171,27,29,G27_V29_2,1515.2100,1219.7400,135.0000,3,2,1
10.0171,27,29,G27_V29_3,1650.2100,1084.7400,135.0000,4,2,1
10.0349,20,53,G20_V53_0,1859.9800,976.0400,135.0000,1,2,0
10.0349,20,53,G20_V53_1,1724.9800,1111.0400,135.0000,2,2,0
10.0349,20,53,G20_V53_2,1589.9800,976.0400,135.0000,3,2,1
10.0349,20,53,G20_V53_3,1724.9800,841.0400,135.0000,4,2,1
10.0371,20,56,G20_V56_0,1920.4900,1041.1400,135.0000,1,2,0
10.0371,20,56,G20_V56_1,1785.4900,1176.1400,135.0000,2,2,0
10.0371,20,56,G20_V56_2,1650.4900,1041.1400,135.0000,3,2,1
10.0371,20,56,G20_V56_3,1785.4900,906.1400,135.0000,4,2,1
10.0401,19,60,G19_V60_0,1632.1500,1007.1400,135.0000,1,2,0
10.0401,19,60,G19_V60_1,1497.1500,1142.1400,135.0000,2,2,0
10.0401,19,60,G19_V60_2,1362.1500,1007.1400,135.0000,3,2,1
10.0401,19,60,G19_V60_3,1497.1500,872.1400,135.0000,4,2,1
10.0438,20,65,G20_V65_0,1854.1300,979.9800,135.0000,1,2,0
10.0438,20,65,G20_V65_1,1719.1300,1114.9800,135.0000,2,2,0
10.0438,20,65,G20_V65_2,1584.1300,979.9800,135.0000,3,2,1
10.0438,20,65,G20_V65_3,1719.1300,844.9800,135.0000,4,2,1
10.0482,18,71,G18_V71_0,1566.3300,994.6300,135.0000,1,2,0
10.0482,18,71,G18_V71_1,1431.3300,1129.6300,135.0000,2,2,0
10.0482,18,71,G18_V71_2,1296.3300,994.6300,135.0000,3,2,1
10.0482,18,71,G18_V71_3,1431.3300,859.6300,135.0000,4,2,1
10.0534,18,78,G18_V78_0,1580.1200,997.3300,135.0000,1,2,0
10.0534,18,78,G18_V78_1,1445.1200,1132.3300,135.0000,2,2,0
10.0534,18,78,G18_V78_2,1310.1200,997.3300,135.0000,3,2,1
10.0534,18,78,G18_V78_3,1445.1200,862.3300,135.0000,4,2,1
10.0542,19,79,G19_V79_0,1722.0000,1105.6200,135.0000,1,2,0
10.0542,19,79,G19_V79_1,1587.0000,1240.6200,135.0000,2,2,0
10.0542,19,79,G19_V79_2,1452.0000,1105.6200,135.0000,3,2,1
10.0542,19,79,G19_V79_3,1587.0000,970.6200,135.0000,4,2,1
10.0645,19,93,G19_V93_0,1625.2300,1006.1300,135.0000,1,2,0
10.0645,19,93,G19_V93_1,1490.2300,1141.1300,135.0000,2,2,0
10.0645,19,93,G19_V93_2,1355.2300,1006.1300,135.0000,3,2,1
10.0645,19,93,G19_V93_3,1490.2300,871.1300,135.0000,4,2,1
10.0660,26,95,G26_V95_0,1401.2300,1300.6800,135.0000,1,2,0
10.0660,26,95,G26_V95_1,1266.2300,1435.6800,135.0000,2,2,0
10.0660,26,95,G26_V95_2,1131.2300,1300.6800,135.0000,3,2,1
10.0660,26,95,G26_V95_3,1266.2300,1165.6800,135.0000,4,2,1
10.0668,19,96,G19_V96_0,1718.3700,1099.6400,135.0000,1,2,0
10.0668,19,96,G19_V96_1,1583.3700,1234.6400,135.0000,2,2,0
10.0668,19,96,G19_V96_2,1448.3700,1099.6400,135.0000,3,2,1
10.0668,19,96,G19_V96_3,1583.3700,964.6400,135.0000,4,2,1
10.0705,10,101,G10_V101_0,1553.0700,805.7800,135.0000,1,2,0
10.0705,10,101,G10_V101_1,1418.0700,940.7800,135.0000,2,2,0
10.0705,10,101,G10_V101_2,1283.0700,805.7800,135.0000,3,2,1
10.0705,10,101,G10_V101_3,1418.0700,670.7800,135.0000,4,2,1
10.0771,11,110,G11_V110_0,1606.1327,770.5370,135.0000,1,2,0
10.0771,11,110,G11_V110_1,1471.1327,905.5370,135.0000,2,2,0
10.0771,11,110,G11_V110_2,1336.1327,770.5370,135.0000,3,2,1
10.0771,11,110,G11_V110_3,1471.1327,635.5370,135.0000,4,2,1
10.0816,28,116,G28_V116_0,1840.6021,1277.6489,135.0000,1,2,0
10.0816,28,116,G28_V116_1,1705.6021,1412.6489,135.0000,2,2,0
10.0816,28,116,G28_V116_2,1570.6021,1277.6489,135.0000,3,2,1
10.0816,28,116,G28_V116_3,1705.6021,1142.6489,135.0000,4,2,1
10.0912,19,129,G19_V129_0,1594.9300,998.1300,135.0000,1,2,0
10.0912,19,129,G19_V129_1,1459.9300,1133.1300,135.0000,2,2,0
10.0912,19,129,G19_V129_2,1324.9300,998.1300,135.0000,3,2,1
10.0912,19,129,G19_V129_3,1459.9300,863.1300,135.0000,4,2,1
10.0919,45,130,G45_V130_0,2229.1900,1871.4500,135.0000,1,2,0
10.0919,45,130,G45_V130_1,2094.1900,2006.4500,135.0000,2,2,0
10.0919,45,130,G45_V130_2,1959.1900,1871.4500,135.0000,3,2,1
10.0919,45,130,G45_V130_3,2094.1900,1736.4500,135.0000,4,2,1
10.1023,27,9,G27_V9_0,1637.1100,1357.5200,135.0000,1,2,0
10.1023,27,9,G27_V9_1,1502.1100,1492.5200,135.0000,2,2,0
10.1023,27,9,G27_V9_2,1367.1100,1357.5200,135.0000,3,2,1
10.1023,27,9,G27_V9_3,1502.1100,1222.5200,135.0000,4,2,1
10.1134,28,24,G28_V24_0,1852.3569,1273.4765,135.0000,1,2,0
10.1134,28,24,G28_V24_1,1717.3569,1408.4765,135.0000,2,2,0
10.1134,28,24,G28_V24_2,1582.3569,1273.4765,135.0000,3,2,1
10.1134,28,24,G28_V24_3,1717.3569,1138.4765,135.0000,4,2,1
10.1149,27,26,G27_V26_0,1636.0300,1354.5100,135.0000,1,2,0
10.1149,27,26,G27_V26_1,1501.0300,1489.5100,135.0000,2,2,0
10.1149,27,26,G27_V26_2,1366.0300,1354.5100,135.0000,3,2,1
10.1149,27,26,G27_V26_3,1501.0300,1219.5100,135.0000,4,2,1
10.1171,27,29,G27_V29_0,1785.2100,1219.7400,135.0000,1,2,0
10.1171,27,29,G27_V29_1,1650.2100,1354.7400,135.0000,2,2,0
10.1171,27,29,G27_V29_2,1515.2100,1219.7400,135.0000,3,2,1
10.1171,27,29,G27_V29_3,1650.2100,1084.7400,135.0000,4,2,1
10.1349,20,53,G20_V53_0,1859.9800,976.0400,135.0000,1,2,0
10.1349,20,53,G20_V53_1,1724.9800,1111.0400,135.0000,2,2,0
10.1349,20,53,G20_V53_2,1589.9800,976.0400,135.0000,3,2,1
10.1349,20,53,G20_V53_3,1724.9800,841.0400,135.0000,4,2,1
10.1371,20,56,G20_V56_0,1920.4900,1041.1400,135.0000,1,2,0
10.1371,20,56,G20_V56_1,1785.4900,1176.1400,135.0000,2,2,0
10.1371,20,56,G20_V56_2,1650.4900,1041.1400,135.0000,3,2,1
10.1371,20,56,G20_V56_3,1785.4900,906.1400,135.0000,4,2,1
10.1401,19,60,G19_V60_0,1632.1500,1007.1400,135.0000,1,2,0
10.1401,19,60,G19_V60_1,1497.1500,1142.1400,135.0000,2,2,0
10.1401,19,60,G19_V60_2,1362.1500,1007.1400,135.0000,3,2,1
10.1401,19,60,G19_V60_3,1497.1500,872.1400,135.0000,4,2,1
10.1438,20,65,G20_V65_0,1854.1300,979.9800,135.0000,1,2,0
10.1438,20,65,G20_V65_1,1719.1300,1114.9800,135.0000,2,2,0
10.1438,20,65,G20_V65_2,1584.1300,979.9800,135.0000,3,2,1
10.1438,20,65,G20_V65_3,1719.1300,844.9800,135.0000,4,2,1
10.1482,18,71,G18_V71_0,1566.3300,994.6300,135.0000,1,2,0
10.1482,18,71,G18_V71_1,1431.3300,1129.6300,135.0000,2,2,0
10.1482,18,71,G18_V71_2,1296.3300,994.6300,135.0000,3,2,1
10.1482,18,71,G18_V71_3,1431.3300,859.6300,135.0000,4,2,1
10.1534,18,78,G18_V78_0,1580.1200,997.3300,135.0000,1,2,0
10.1534,18,78,G18_V78_1,1445.1200,1132.3300,135.0000,2,2,0
10.1534,18,78,G18_V78_2,1310.1200,997.3300,135.0000,3,2,1
10.1534,18,78,G18_V78_3,1445.1200,862.3300,135.0000,4,2,1
10.1542,19,79,G19_V79_0,1722.0000,1105.6200,135.0000,1,2,0
10.1542,19,79,G19_V79_1,1587.0000,1240.6200,135.0000,2,2,0
10.1542,19,79,G19_V79_2,1452.0000,1105.6200,135.0000,3,2,1
10.1542,19,79,G19_V79_3,1587.0000,970.6200,135.0000,4,2,1
10.1645,19,93,G19_V93_0,1625.2300,1006.1300,135.0000,1,2,0
10.1645,19,93,G19_V93_1,1490.2300,1141.1300,135.0000,2,2,0
10.1645,19,93,G19_V93_2,1355.2300,1006.1300,135.0000,3,2,1
10.1645,19,93,G19_V93_3,1490.2300,871.1300,135.0000,4,2,1
10.1660,26,95,G26_V95_0,1401.2300,1300.6800,135.0000,1,2,0
10.1660,26,95,G26_V95_1,1266.2300,1435.6800,135.0000,2,2,0
10.1660,26,95,G26_V95_2,1131.2300,1300.6800,135.0000,3,2,1
10.1660,26,95,G26_V95_3,1266.2300,1165.6800,135.0000,4,2,1
10.1668,19,96,G19_V96_0,1718.3700,1099.6400,135.0000,1,2,0
10.1668,19,96,G19_V96_1,1583.3700,1234.6400,135.0000,2,2,0
10.1668,19,96,G19_V96_2,1448.3700,1099.6400,135.0000,3,2,1
10.1668,19,96,G19_V96_3,1583.3700,964.6400,135.0000,4,2,1
10.1705,10,101,G10_V101_0,1553.0700,805.7800,135.0000,1,2,0
10.1705,10,101,G10_V101_1,1418.0700,940.7800,135.0000,2,2,0
10.1705,10,101,G10_V101_2,1283.0700,805.7800,135.0000,3,2,1
10.1705,10,101,G10_V101_3,1418.0700,670.7800,135.0000,4,2,1
10.1771,11,110,G11_V110_0,1607.1233,770.7539,135.0000,1,2,0
10.1771,11,110,G11_V110_1,1472.1233,905.7539,135.0000,2,2,0
10.1771,11,110,G11_V110_2,1337.1233,770.7539,135.0000,3,2,1
10.1771,11,110,G11_V110_3,1472.1233,635.7539,135.0000,4,2,1
10.1816,28,116,G28_V116_0,1840.6021,1277.6489,135.0000,1,2,0
10.1816,28,116,G28_V116_1,1705.6021,1412.6489,135.0000,2,2,0
10.1816,28,116,G28_V116_2,1570.6021,1277.6489,135.0000,3,2,1
10.1816,28,116,G28_V116_3,1705.6021,1142.6489,135.0000,4,2,1
10.1912,19,129,G19_V129_0,1594.9300,998.1300,135.0000,1,2,0
10.1912,19,129,G19_V129_1,1459.9300,1133.1300,135.0000,2,2,0
10.1912,19,129,G19_V129_2,1324.9300,998.1300,135.0000,3,2,1
10.1912,19,129,G19_V129_3,1459.9300,863.1300,135.0000,4,2,1
10.1920,45,130,G45_V130_0,2229.1900,1871.4500,135.0000,1,2,0
10.1920,45,130,G45_V130_1,2094.1900,2006.4500,135.0000,2,2,0
10.1920,45,130,G45_V130_2,1959.1900,1871.4500,135.0000,3,2,1
10.1920,45,130,G45_V130_3,2094.1900,1736.4500,135.0000,4,2,1
10.2023,27,9,G27_V9_0,1637.1100,1357.5200,135.0000,1,2,0
10.2023,27,9,G27_V9_1,1502.1100,1492.5200,135.0000,2,2,0
10.2023,27,9,G27_V9_2,1367.1100,1357.5200,135.0000,3,2,1
10.2023,27,9,G27_V9_3,1502.1100,1222.5200,135.0000,4,2,1
10.2134,28,24,G28_V24_0,1852.3559,1273.4767,135.0000,1,2,0
10.2134,28,24,G28_V24_1,1717.3559,1408.4767,135.0000,2,2,0
10.2134,28,24,G28_V24_2,1582.3559,1273.4767,135.0000,3,2,1
10.2134,28,24,G28_V24_3,1717.3559,1138.4767,135.0000,4,2,1
10.2149,27,26,G27_V26_0,1636.0300,1354.5100,135.0000,1,2,0
10.2149,27,26,G27_V26_1,1501.0300,1489.5100,135.0000,2,2,0
10.2149,27,26,G27_V26_2,1366.0300,1354.5100,135.0000,3,2,1
10.2149,27,26,G27_V26_3,1501.0300,1219.5100,135.0000,4,2,1
10.2171,27,29,G27_V29_0,1785.2100,1219.7400,135.0000,1,2,0
10.2171,27,29,G27_V29_1,1650.2100,1354.7400,135.0000,2,2,0
10.2171,27,29,G27_V29_2,1515.2100,1219.7400,135.0000,3,2,1
10.2171,27,29,G27_V29_3,1650.2100,1084.7400,135.0000,4,2,1
10.2349,20,53,G20_V53_0,1859.9800,976.0400,135.0000,1,2,0
10.2349,20,53,G20_V53_1,1724.9800,1111.0400,135.0000,2,2,0
10.2349,20,53,G20_V53_2,1589.9800,976.0400,135.0000,3,2,1
10.2349,20,53,G20_V53_3,1724.9800,841.0400,135.0000,4,2,1
10.2371,20,56,G20_V56_0,1920.4900,1041.1400,135.0000,1,2,0
10.2371,20,56,G20_V56_1,1785.4900,1176.1400,135.0000,2,2,0
10.2371,20,56,G20_V56_2,1650.4900,1041.1400,135.0000,3,2,1
10.2371,20,56,G20_V56_3,1785.4900,906.1400,135.0000,4,2,1
10.2401,19,60,G19_V60_0,1632.1500,1007.1400,135.0000,1,2,0
10.2401,19,60,G19_V60_1,1497.1500,1142.1400,135.0000,2,2,0
10.2401,19,60,G19_V60_2,1362.1500,1007.1400,135.0000,3,2,1
10.2401,19,60,G19_V60_3,1497.1500,872.1400,135.0000,4,2,1
10.2438,20,65,G20_V65_0,1854.1300,979.9800,135.0000,1,2,0
10.2438,20,65,G20_V65_1,1719.1300,1114.9800,135.0000,2,2,0
10.2438,20,65,G20_V65_2,1584.1300,979.9800,135.0000,3,2,1
10.2438,20,65,G20_V65_3,1719.1300,844.9800,135.0000,4,2,1
10.2482,18,71,G18_V71_0,1566.3300,994.6300,135.0000,1,2,0
10.2482,18,71,G18_V71_1,1431.3300,1129.6300,135.0000,2,2,0
10.2482,18,71,G18_V71_2,1296.3300,994.6300,135.0000,3,2,1
10.2482,18,71,G18_V71_3,1431.3300,859.6300,135.0000,4,2,1
10.2534,18,78,G18_V78_0,1580.1200,997.3300,135.0000,1,2,0
10.2534,18,78,G18_V78_1,1445.1200,1132.3300,135.0000,2,2,0
10.2534,18,78,G18_V78_2,1310.1200,997.3300,135.0000,3,2,1
10.2534,18,78,G18_V78_3,1445.1200,862.3300,135.0000,4,2,1
10.2542,19,79,G19_V79_0,1722.0000,1105.6200,135.0000,1,2,0
10.2542,19,79,G19_V79_1,1587.0000,1240.6200,135.0000,2,2,0
10.2542,19,79,G19_V79_2,1452.0000,1105.6200,135.0000,3,2,1
10.2542,19,79,G19_V79_3,1587.0000,970.6200,135.0000,4,2,1
10.2645,19,93,G19_V93_0,1625.2300,1006.1300,135.0000,1,2,0
10.2645,19,93,G19_V93_1,1490.2300,1141.1300,135.0000,2,2,0
10.2645,19,93,G19_V93_2,1355.2300,1006.1300,135.0000,3,2,1
10.2645,19,93,G19_V93_3,1490.2300,871.1300,135.0000,4,2,1
10.2660,26,95,G26_V95_0,1401.2300,1300.6800,135.0000,1,2,0
10.2660,26,95,G26_V95_1,1266.2300,1435.6800,135.0000,2,2,0
10.2660,26,95,G26_V95_2,1131.2300,1300.6800,135.0000,3,2,1
10.2660,26,95,G26_V95_3,1266.2300,1165.6800,135.0000,4,2,1
10.2668,19,96,G19_V96_0,1718.3700,1099.6400,135.0000,1,2,0
10.2668,19,96,G19_V96_1,1583.3700,1234.6400,135.0000,2,2,0
10.2668,19,96,G19_V96_2,1448.3700,1099.6400,135.0000,3,2,1
10.2668,19,96,G19_V96_3,1583.3700,964.6400,135.0000,4,2,1
10.2705,10,101,G10_V101_0,1553.0700,805.7800,135.0000,1,2,0
10.2705,10,101,G10_V101_1,1418.0700,940.7800,135.0000,2,2,0
10.2705,10,101,G10_V101_2,1283.0700,805.7800,135.0000,3,2,1
10.2705,10,101,G10_V101_3,1418.0700,670.7800,135.0000,4,2,1
10.2771,11,110,G11_V110_0,1608.1138,770.9708,135.0000,1,2,0
10.2771,11,110,G11_V110_1,1473.1138,905.9708,135.0000,2,2,0
10.2771,11,110,G11_V110_2,1338.1138,770.9708,135.0000,3,2,1
10.2771,11,110,G11_V110_3,1473.1138,635.9708,135.0000,4,2,1
10.2816,28,116,G28_V116_0,1840.6021,1277.6489,135.0000,1,2,0
10.2816,28,116,G28_V116_1,1705.6021,1412.6489,135.0000,2,2,0
10.2816,28,116,G28_V116_2,1570.6021,1277.6489,135.0000,3,2,1
10.2816,28,116,G28_V116_3,1705.6021,1142.6489,135.0000,4,2,1
10.2912,19,129,G19_V129_0,1594.9300,998.1300,135.0000,1,2,0
10.2912,19,129,G19_V129_1,1459.9300,1133.1300,135.0000,2,2,0
10.2912,19,129,G19_V129_2,1324.9300,998.1300,135.0000,3,2,1
10.2912,19,129,G19_V129_3,1459.9300,863.1300,135.0000,4,2,1
10.2919,45,130,G45_V130_0,2229.1900,1871.4500,135.0000,1,2,0
10.2919,45,130,G45_V130_1,2094.1900,2006.4500,135.0000,2,2,0
10.2919,45,130,G45_V130_2,1959.1900,1871.4500,135.0000,3,2,1
10.2919,45,130,G45_V130_3,2094.1900,1736.4500,135.0000,4,2,1
10.3023,27,9,G27_V9_0,1637.1100,1357.5200,135.0000,1,2,0
10.3023,27,9,G27_V9_1,1502.1100,1492.5200,135.0000,2,2,0
10.3023,27,9,G27_V9_2,1367.1100,1357.5200,135.0000,3,2,1
10.3023,27,9,G27_V9_3,1502.1100,1222.5200,135.0000,4,2,1
10.3134,28,24,G28_V24_0,1852.3550,1273.4770,135.0000,1,2,0
10.3134,28,24,G28_V24_1,1717.3550,1408.4770,135.0000,2,2,0
10.3134,28,24,G28_V24_2,1582.3550,1273.4770,135.0000,3,2,1
10.3134,28,24,G28_V24_3,1717.3550,1138.4770,135.0000,4,2,1
10.3149,27,26,G27_V26_0,1636.0300,1354.5100,135.0000,1,2,0
10.3149,27,26,G27_V26_1,1501.0300,1489.5100,135.0000,2,2,0
10.3149,27,26,G27_V26_2,1366.0300,1354.5100,135.0000,3,2,1
10.3149,27,26,G27_V26_3,1501.0300,1219.5100,135.0000,4,2,1
10.3171,27,29,G27_V29_0,1785.2100,1219.7400,135.0000,1,2,0
10.3171,27,29,G27_V29_1,1650.2100,1354.7400,135.0000,2,2,0
10.3171,27,29,G27_V29_2,1515.2100,1219.7400,135.0000,3,2,1
10.3171,27,29,G27_V29_3,1650.2100,1084.7400,135.0000,4,2,1
10.3349,20,53,G20_V53_0,1859.9800,976.0400,135.0000,1,2,0
10.3349,20,53,G20_V53_1,1724.9800,1111.0400,135.0000,2,2,0
10.3349,20,53,G20_V53_2,1589.9800,976.0400,135.0000,3,2,1
10.3349,20,53,G20_V53_3,1724.9800,841.0400,135.0000,4,2,1
10.3371,20,56,G20_V56_0,1920.4900,1041.1400,135.0000,1,2,0
10.3371,20,56,G20_V56_1,1785.4900,1176.1400,135.0000,2,2,0
10.3371,20,56,G20_V56_2,1650.4900,1041.1400,135.0000,3,2,1
10.3371,20,56,G20_V56_3,1785.4900,906.1400,135.0000,4,2,1
10.3401,19,60,G19_V60_0,1632.1500,1007.1400,135.0000,1,2,0
10.3401,19,60,G19_V60_1,1497.1500,1142.1400,135.0000,2,2,0
10.3401,19,60,G19_V60_2,1362.1500,1007.1400,135.0000,3,2,1
10.3401,19,60,G19_V60_3,1497.1500,872.1400,135.0000,4,2,1
10.3438,20,65,G20_V65_0,1854.1300,979.9800,135.0000,1,2,0
10.3438,20,65,G20_V65_1,1719.1300,1114.9800,135.0000,2,2,0
10.3438,20,65,G20_V65_2,1584.1300,979.9800,135.0000,3,2,1
10.3438,20,65,G20_V65_3,1719.1300,844.9800,135.0000,4,2,1
10.3482,18,71,G18_V71_0,1566.3300,994.6300,135.0000,1,2,0
10.3482,18,71,G18_V71_1,1431.3300,1129.6300,135.0000,2,2,0
10.3482,18,71,G18_V71_2,1296.3300,994.6300,135.0000,3,2,1
10.3482,18,71,G18_V71_3,1431.3300,859.6300,135.0000,4,2,1
10.3534,18,78,G18_V78_0,1580.1200,997.3300,135.0000,1,2,0
10.3534,18,78,G18_V78_1,1445.1200,1132.3300,135.0000,2,2,0
10.3534,18,78,G18_V78_2,1310.1200,997.3300,135.0000,3,2,1
10.3534,18,78,G18_V78_3,1445.1200,862.3300,135.0000,4,2,1
10.3542,19,79,G19_V79_0,1722.0000,1105.6200,135.0000,1,2,0
10.3542,19,79,G19_V79_1,1587.0000,1240.6200,135.0000,2,2,0
10.3542,19,79,G19_V79_2,1452.0000,1105.6200,135.0000,3,2,1
10.3542,19,79,G19_V79_3,1587.0000,970.6200,135.0000,4,2,1
10.3645,19,93,G19_V93_0,1625.2300,1006.1300,135.0000,1,2,0
10.3645,19,93,G19_V93_1,1490.2300,1141.1300,135.0000,2,2,0
10.3645,19,93,G19_V93_2,1355.2300,1006.1300,135.0000,3,2,1
10.3645,19,93,G19_V93_3,1490.2300,871.1300,135.0000,4,2,1
10.3660,26,95,G26_V95_0,1401.2300,1300.6800,135.0000,1,2,0
10.3660,26,95,G26_V95_1,1266.2300,1435.6800,135.0000,2,2,0
10.3660,26,95,G26_V95_2,1131.2300,1300.6800,135.0000,3,2,1
10.3660,26,95,G26_V95_3,1266.2300,1165.6800,135.0000,4,2,1
10.3668,19,96,G19_V96_0,1718.3700,1099.6400,135.0000,1,2,0
10.3668,19,96,G19_V96_1,1583.3700,1234.6400,135.0000,2,2,0
10.3668,19,96,G19_V96_2,1448.3700,1099.6400,135.0000,3,2,1
10.3668,19,96,G19_V96_3,1583.3700,964.6400,135.0000,4,2,1
10.3705,10,101,G10_V101_0,1553.0700,805.7800,135.0000,1,2,0
10.3705,10,101,G10_V101_1,1418.0700,940.7800,135.0000,2,2,0
10.3705,10,101,G10_V101_2,1283.0700,805.7800,135.0000,3,2,1
10.3705,10,101,G10_V101_3,1418.0700,670.7800,135.0000,4,2,1
10.3771,11,110,G11_V110_0,1609.1043,771.1877,135.0000,1,2,0
10.3771,11,110,G11_V110_1,1474.1043,906.1877,135.0000,2,2,0
10.3771,11,110,G11_V110_2,1339.1043,771.1877,135.0000,3,2,1
10.3771,11,110,G11_V110_3,1474.1043,636.1877,135.0000,4,2,1
10.3816,28,116,G28_V116_0,1840.6021,1277.6489,135.0000,1,2,0
10.3816,28,116,G28_V116_1,1705.6021,1412.6489,135.0000,2,2,0
10.3816,28,116,G28_V116_2,1570.6021,1277.6489,135.0000,3,2,1
10.3816,28,116,G28_V116_3,1705.6021,1142.6489,135.0000,4,2,1
10.3912,19,129,G19_V129_0,1594.9300,998.1300,135.0000,1,2,0
10.3912,19,129,G19_V129_1,1459.9300,1133.1300,135.0000,2,2,0
10.3912,19,129,G19_V129_2,1324.9300,998.1300,135.0000,3,2,1
10.3912,19,129,G19_V129_3,1459.9300,863.1300,135.0000,4,2,1
10.3919,45,130,G45_V130_0,2229.1900,1871.4500,135.0000,1,2,0
10.3919,45,130,G45_V130_1,2094.1900,2006.4500,135.0000,2,2,0
10.3919,45,130,G45_V130_2,1959.1900,1871.4500,135.0000,3,2,1
10.3919,45,130,G45_V130_3,2094.1900,1736.4500,135.0000,4,2,1
10.4023,27,9,G27_V9_0,1637.1100,1357.5200,135.0000,1,2,0
10.4023,27,9,G27_V9_1,1502.1100,1492.5200,135.0000,2,2,0
10.4023,27,9,G27_V9_2,1367.1100,1357.5200,135.0000,3,2,1
10.4023,27,9,G27_V9_3,1502.1100,1222.5200,135.0000,4,2,1
10.4134,28,24,G28_V24_0,1852.3540,1273.4773,135.0000,1,2,0
10.4134,28,24,G28_V24_1,1717.3540,1408.4773,135.0000,2,2,0
10.4134,28,24,G28_V24_2,1582.3540,1273.4773,135.0000,3,2,1
10.4134,28,24,G28_V24_3,1717.3540,1138.4773,135.0000,4,2,1
10.4149,27,26,G27_V26_0,1636.0300,1354.5100,135.0000,1,2,0
10.4149,27,26,G27_V26_1,1501.0300,1489.5100,135.0000,2,2,0
10.4149,27,26,G27_V26_2,1366.0300,1354.5100,135.0000,3,2,1
10.4149,27,26,G27_V26_3,1501.0300,1219.5100,135.0000,4,2,1
10.4171,27,29,G27_V29_0,1785.2100,1219.7400,135.0000,1,2,0
10.4171,27,29,G27_V29_1,1650.2100,1354.7400,135.0000,2,2,0
10.4171,27,29,G27_V29_2,1515.2100,1219.7400,135.0000,3,2,1
10.4171,27,29,G27_V29_3,1650.2100,1084.7400,135.0000,4,2,1
10.4349,20,53,G20_V53_0,1859.9800,976.0400,135.0000,1,2,0
10.4349,20,53,G20_V53_1,1724.9800,1111.0400,135.0000,2,2,0
10.4349,20,53,G20_V53_2,1589.9800,976.0400,135.0000,3,2,1
10.4349,20,53,G20_V53_3,1724.9800,841.0400,135.0000,4,2,1
10.4371,20,56,G20_V56_0,1920.4900,1041.1400,135.0000,1,2,0
10.4371,20,56,G20_V56_1,1785.4900,1176.1400,135.0000,2,2,0
10.4371,20,56,G20_V56_2,1650.4900,1041.1400,135.0000,3,2,1
10.4371,20,56,G20_V56_3,1785.4900,906.1400,135.0000,4,2,1
10.4401,19,60,G19_V60_0,1632.1500,1007.1400,135.0000,1,2,0
10.4401,19,60,G19_V60_1,1497.1500,1142.1400,135.0000,2,2,0
10.4401,19,60,G19_V60_2,1362.1500,1007.1400,135.0000,3,2,1
10.4401,19,60,G19_V60_3,1497.1500,872.1400,135.0000,4,2,1
10.4438,20,65,G20_V65_0,1854.1300,979.9800,135.0000,1,2,0
10.4438,20,65,G20_V65_1,1719.1300,1114.9800,135.0000,2,2,0
10.4438,20,65,G20_V65_2,1584.1300,979.9800,135.0000,3,2,1
10.4438,20,65,G20_V65_3,1719.1300,844.9800,135.0000,4,2,1
10.4482,18,71,G18_V71_0,1566.3300,994.6300,135.0000,1,2,0
10.4482,18,71,G18_V71_1,1431.3300,1129.6300,135.0000,2,2,0
10.4482,18,71,G18_V71_2,1296.3300,994.6300,135.0000,3,2,1
10.4482,18,71,G18_V71_3,1431.3300,859.6300,135.0000,4,2,1
10.4534,18,78,G18_V78_0,1580.1200,997.3300,135.0000,1,2,0
10.4534,18,78,G18_V78_1,1445.1200,1132.3300,135.0000,2,2,0
10.4534,18,78,G18_V78_2,1310.1200,997.3300,135.0000,3,2,1
10.4534,18,78,G18_V78_3,1445.1200,862.3300,135.0000,4,2,1
10.4542,19,79,G19_V79_0,1722.0000,1105.6200,135.0000,1,2,0
10.4542,19,79,G19_V79_1,1587.0000,1240.6200,135.0000,2,2,0
10.4542,19,79,G19_V79_2,1452.0000,1105.6200,135.0000,3,2,1
10.4542,19,79,G19_V79_3,1587.0000,970.6200,135.0000,4,2,1
10.4645,19,93,G19_V93_0,1625.2300,1006.1300,135.0000,1,2,0
10.4645,19,93,G19_V93_1,1490.2300,1141.1300,135.0000,2,2,0
10.4645,19,93,G19_V93_2,1355.2300,1006.1300,135.0000,3,2,1
10.4645,19,93,G19_V93_3,1490.2300,871.1300,135.0000,4,2,1
10.4660,26,95,G26_V95_0,1401.2300,1300.6800,135.0000,1,2,0
10.4660,26,95,G26_V95_1,1266.2300,1435.6800,135.0000,2,2,0
10.4660,26,95,G26_V95_2,1131.2300,1300.6800,135.0000,3,2,1
10.4660,26,95,G26_V95_3,1266.2300,1165.6800,135.0000,4,2,1
10.4668,19,96,G19_V96_0,1718.3700,1099.6400,135.0000,1,2,0
10.4668,19,96,G19_V96_1,1583.3700,1234.6400,135.0000,2,2,0
10.4668,19,96,G19_V96_2,1448.3700,1099.6400,135.0000,3,2,1
10.4668,19,96,G19_V96_3,1583.3700,964.6400,135.0000,4,2,1
10.4705,10,101,G10_V101_0,1553.0700,805.7800,135.0000,1,2,0
10.4705,10,101,G10_V101_1,1418.0700,940.7800,135.0000,2,2,0
10.4705,10,101,G10_V101_2,1283.0700,805.7800,135.0000,3,2,1
10.4705,10,101,G10_V101_3,1418.0700,670.7800,135.0000,4,2,1
10.4771,11,110,G11_V110_0,1610.0949,771.4046,135.0000,1,2,0
10.4771,11,110,G11_V110_1,1475.0949,906.4046,135.0000,2,2,0
10.4771,11,110,G11_V110_2,1340.0949,771.4046,135.0000,3,2,1
10.4771,11,110,G11_V110_3,1475.0949,636.4046,135.0000,4,2,1
10.4816,28,116,G28_V116_0,1840.6021,1277.6489,135.0000,1,2,0
10.4816,28,116,G28_V116_1,1705.6021,1412.6489,135.0000,2,2,0
10.4816,28,116,G28_V116_2,1570.6021,1277.6489,135.0000,3,2,1
10.4816,28,116,G28_V116_3,1705.6021,1142.6489,135.0000,4,2,1
10.4912,19,129,G19_V129_0,1594.9300,998.1300,135.0000,1,2,0
10.4912,19,129,G19_V129_1,1459.9300,1133.1300,135.0000,2,2,0
10.4912,19,129,G19_V129_2,1324.9300,998.1300,135.0000,3,2,1
10.4912,19,129,G19_V129_3,1459.9300,863.1300,135.0000,4,2,1
10.4920,45,130,G45_V130_0,2229.1900,1871.4500,135.0000,1,2,0
10.4920,45,130,G45_V130_1,2094.1900,2006.4500,135.0000,2,2,0
10.4920,45,130,G45_V130_2,1959.1900,1871.4500,135.0000,3,2,1
10.4920,45,130,G45_V130_3,2094.1900,1736.4500,135.0000,4,2,1
10.5023,27,9,G27_V9_0,1637.1100,1357.5200,135.0000,1,2,0
10.5023,27,9,G27_V9_1,1502.1100,1492.5200,135.0000,2,2,0
10.5023,27,9,G27_V9_2,1367.1100,1357.5200,135.0000,3,2,1
10.5023,27,9,G27_V9_3,1502.1100,1222.5200,135.0000,4,2,1
10.5134,28,24,G28_V24_0,1852.3531,1273.4776,135.0000,1,2,0
10.5134,28,24,G28_V24_1,1717.3531,1408.4776,135.0000,2,2,0
10.5134,28,24,G28_V24_2,1582.3531,1273.4776,135.0000,3,2,1
10.5134,28,24,G28_V24_3,1717.3531,1138.4776,135.0000,4,2,1
10.5149,27,26,G27_V26_0,1636.0300,1354.5100,135.0000,1,2,0
10.5149,27,26,G27_V26_1,1501.0300,1489.5100,135.0000,2,2,0
10.5149,27,26,G27_V26_2,1366.0300,1354.5100,135.0000,3,2,1
10.5149,27,26,G27_V26_3,1501.0300,1219.5100,135.0000,4,2,1
10.5171,27,29,G27_V29_0,1785.2100,1219.7400,135.0000,1,2,0
10.5171,27,29,G27_V29_1,1650.2100,1354.7400,135.0000,2,2,0
10.5171,27,29,G27_V29_2,1515.2100,1219.7400,135.0000,3,2,1
10.5171,27,29,G27_V29_3,1650.2100,1084.7400,135.0000,4,2,1
10.5349,20,53,G20_V53_0,1859.9800,976.0400,135.0000,1,2,0
10.5349,20,53,G20_V53_1,1724.9800,1111.0400,135.0000,2,2,0
10.5349,20,53,G20_V53_2,1589.9800,976.0400,135.0000,3,2,1
10.5349,20,53,G20_V53_3,1724.9800,841.0400,135.0000,4,2,1
10.5371,20,56,G20_V56_0,1920.4900,1041.1400,135.0000,1,2,0
10.5371,20,56,G20_V56_1,1785.4900,1176.1400,135.0000,2,2,0
10.5371,20,56,G20_V56_2,1650.4900,1041.1400,135.0000,3,2,1
10.5371,20,56,G20_V56_3,1785.4900,906.1400,135.0000,4,2,1
10.5401,19,60,G19_V60_0,1632.1500,1007.1400,135.0000,1,2,0
10.5401,19,60,G19_V60_1,1497.1500,1142.1400,135.0000,2,2,0
10.5401,19,60,G19_V60_2,1362.1500,1007.1400,135.0000,3,2,1
10.5401,19,60,G19_V60_3,1497.1500,872.1400,135.0000,4,2,1
10.5438,20,65,G20_V65_0,1854.1300,979.9800,135.0000,1,2,0
10.5438,20,65,G20_V65_1,1719.1300,1114.9800,135.0000,2,2,0
10.5438,20,65,G20_V65_2,1584.1300,979.9800,135.0000,3,2,1
10.5438,20,65,G20_V65_3,1719.1300,844.9800,135.0000,4,2,1
10.5482,18,71,G18_V71_0,1566.3300,994.6300,135.0000,1,2,0
10.5482,18,71,G18_V71_1,1431.3300,1129.6300,135.0000,2,2,0
10.5482,18,71,G18_V71_2,1296.3300,994.6300,135.0000,3,2,1
10.5482,18,71,G18_V71_3,1431.3300,859.6300,135.0000,4,2,1
10.5534,18,78,G18_V78_0,1580.1200,997.3300,135.0000,1,2,0
10.5534,18,78,G18_V78_1,1445.1200,1132.3300,135.0000,2,2,0
10.5534,18,78,G18_V78_2,1310.1200,997.3300,135.0000,3,2,1
10.5534,18,78,G18_V78_3,1445.1200,862.3300,135.0000,4,2,1
10.5542,19,79,G19_V79_0,1722.0000,1105.6200,135.0000,1,2,0
10.5542,19,79,G19_V79_1,1587.0000,1240.6200,135.0000,2,2,0
10.5542,19,79,G19_V79_2,1452.0000,1105.6200,135.0000,3,2,1
10.5542,19,79,G19_V79_3,1587.0000,970.6200,135.0000,4,2,1
10.5645,19,93,G19_V93_0,1625.2300,1006.1300,135.0000,1,2,0
10.5645,19,93,G19_V93_1,1490.2300,1141.1300,135.0000,2,2,0
10.5645,19,93,G19_V93_2,1355.2300,1006.1300,135.0000,3,2,1
10.5645,19,93,G19_V93_3,1490.2300,871.1300,135.0000,4,2,1
10.5660,26,95,G26_V95_0,1401.2300,1300.6800,135.0000,1,2,0
10.5660,26,95,G26_V95_1,1266.2300,1435.6800,135.0000,2,2,0
10.5660,26,95,G26_V95_2,1131.2300,1300.6800,135.0000,3,2,1
10.5660,26,95,G26_V95_3,1266.2300,1165.6800,135.0000,4,2,1
10.5668,19,96,G19_V96_0,1718.3700,1099.6400,135.0000,1,2,0
10.5668,19,96,G19_V96_1,1583.3700,1234.6400,135.0000,2,2,0
10.5668,19,96,G19_V96_2,1448.3700,1099.6400,135.0000,3,2,1
10.5668,19,96,G19_V96_3,1583.3700,964.6400,135.0000,4,2,1
10.5705,10,101,G10_V101_0,1553.0700,805.7800,135.0000,1,2,0
10.5705,10,101,G10_V101_1,1418.0700,940.7800,135.0000,2,2,0
10.5705,10,101,G10_V101_2,1283.0700,805.7800,135.0000,3,2,1
10.5705,10,101,G10_V101_3,1418.0700,670.7800,135.0000,4,2,1
10.5771,11,110,G11_V110_0,1611.0854,771.6215,135.0000,1,2,0
10.5771,11,110,G11_V110_1,1476.0854,906.6215,135.0000,2,2,0
10.5771,11,110,G11_V110_2,1341.0854,771.6215,135.0000,3,2,1
10.5771,11,110,G11_V110_3,1476.0854,636.6215,135.0000,4,2,1
10.5816,28,116,G28_V116_0,1840.6021,1277.6489,135.0000,1,2,0
10.5816,28,116,G28_V116_1,1705.6021,1412.6489,135.0000,2,2,0
10.5816,28,116,G28_V116_2,1570.6021,1277.6489,135.0000,3,2,1
10.5816,28,116,G28_V116_3,1705.6021,1142.6489,135.0000,4,2,1
10.5912,19,129,G19_V129_0,1594.9300,998.1300,135.0000,1,2,0
10.5912,19,129,G19_V129_1,1459.9300,1133.1300,135.0000,2,2,0
10.5912,19,129,G19_V129_2,1324.9300,998.1300,135.0000,3,2,1
10.5912,19,129,G19_V129_3,1459.9300,863.1300,135.0000,4,2,1
10.5919,45,130,G45_V130_0,2229.1900,1871.4500,135.0000,1,2,0
10.5919,45,130,G45_V130_1,2094.1900,2006.4500,135.0000,2,2,0
10.5919,45,130,G45_V130_2,1959.1900,1871.4500,135.0000,3,2,1
10.5919,45,130,G45_V130_3,2094.1900,1736.4500,135.0000,4,2,1
10.6023,27,9,G27_V9_0,1637.1100,1357.5200,135.0000,1,2,0
10.6023,27,9,G27_V9_1,1502.1100,1492.5200,135.0000,2,2,0
10.6023,27,9,G27_V9_2,1367.1100,1357.5200,135.0000,3,2,1
10.6023,27,9,G27_V9_3,1502.1100,1222.5200,135.0000,4,2,1
10.6134,28,24,G28_V24_0,1852.3521,1273.4778,135.0000,1,2,0
10.6134,28,24,G28_V24_1,1717.3521,1408.4778,135.0000,2,2,0
10.6134,28,24,G28_V24_2,1582.3521,1273.4778,135.0000,3,2,1
10.6134,28,24,G28_V24_3,1717.3521,1138.4778,135.0000,4,2,1
10.6149,27,26,G27_V26_0,1636.0300,1354.5100,135.0000,1,2,0
10.6149,27,26,G27_V26_1,1501.0300,1489.5100,135.0000,2,2,0
10.6149,27,26,G27_V26_2,1366.0300,1354.5100,135.0000,3,2,1
10.6149,27,26,G27_V26_3,1501.0300,1219.5100,135.0000,4,2,1
10.6171,27,29,G27_V29_0,1785.2100,1219.7400,135.0000,1,2,0
10.6171,27,29,G27_V29_1,1650.2100,1354.7400,135.0000,2,2,0
10.6171,27,29,G27_V29_2,1515.2100,1219.7400,135.0000,3,2,1
10.6171,27,29,G27_V29_3,1650.2100,1084.7400,135.0000,4,2,1
10.6349,20,53,G20_V53_0,1859.9800,976.0400,135.0000,1,2,0
10.6349,20,53,G20_V53_1,1724.9800,1111.0400,135.0000,2,2,0
10.6349,20,53,G20_V53_2,1589.9800,976.0400,135.0000,3,2,1
10.6349,20,53,G20_V53_3,1724.9800,841.0400,135.0000,4,2,1
10.6371,20,56,G20_V56_0,1920.4900,1041.1400,135.0000,1,2,0
10.6371,20,56,G20_V56_1,1785.4900,1176.1400,135.0000,2,2,0
10.6371,20,56,G20_V56_2,1650.4900,1041.1400,135.0000,3,2,1
10.6371,20,56,G20_V56_3,1785.4900,906.1400,135.0000,4,2,1
10.6401,19,60,G19_V60_0,1632.1500,1007.1400,135.0000,1,2,0
10.6401,19,60,G19_V60_1,1497.1500,1142.1400,135.0000,2,2,0
10.6401,19,60,G19_V60_2,1362.1500,1007.1400,135.0000,3,2,1
10.6401,19,60,G19_V60_3,1497.1500,872.1400,135.0000,4,2,1
10.6438,20,65,G20_V65_0,1854.1300,979.9800,135.0000,1,2,0
10.6438,20,65,G20_V65_1,1719.1300,1114.9800,135.0000,2,2,0
10.6438,20,65,G20_V65_2,1584.1300,979.9800,135.0000,3,2,1
10.6438,20,65,G20_V65_3,1719.1300,844.9800,135.0000,4,2,1
10.6482,18,71,G18_V71_0,1566.3300,994.6300,135.0000,1,2,0
10.6482,18,71,G18_V71_1,1431.3300,1129.6300,135.0000,2,2,0
10.6482,18,71,G18_V71_2,1296.3300,994.6300,135.0000,3,2,1
10.6482,18,71,G18_V71_3,1431.3300,859.6300,135.0000,4,2,1
10.6534,18,78,G18_V78_0,1580.1200,997.3300,135.0000,1,2,0
10.6534,18,78,G18_V78_1,1445.1200,1132.3300,135.0000,2,2,0
10.6534,18,78,G18_V78_2,1310.1200,997.3300,135.0000,3,2,1
10.6534,18,78,G18_V78_3,1445.1200,862.3300,135.0000,4,2,1
10.6542,19,79,G19_V79_0,1722.0000,1105.6200,135.0000,1,2,0
10.6542,19,79,G19_V79_1,1587.0000,1240.6200,135.0000,2,2,0
10.6542,19,79,G19_V79_2,1452.0000,1105.6200,135.0000,3,2,1
10.6542,19,79,G19_V79_3,1587.0000,970.6200,135.0000,4,2,1
10.6645,19,93,G19_V93_0,1625.2300,1006.1300,135.0000,1,2,0
10.6645,19,93,G19_V93_1,1490.2300,1141.1300,135.0000,2,2,0
10.6645,19,93,G19_V93_2,1355.2300,1006.1300,135.0000,3,2,1
10.6645,19,93,G19_V93_3,1490.2300,871.1300,135.0000,4,2,1
10.6660,26,95,G26_V95_0,1401.2300,1300.6800,135.0000,1,2,0
10.6660,26,95,G26_V95_1,1266.2300,1435.6800,135.0000,2,2,0
10.6660,26,95,G26_V95_2,1131.2300,1300.6800,135.0000,3,2,1
10.6660,26,95,G26_V95_3,1266.2300,1165.6800,135.0000,4,2,1
10.6668,19,96,G19_V96_0,1718.3700,1099.6400,135.0000,1,2,0
10.6668,19,96,G19_V96_1,1583.3700,1234.6400,135.0000,2,2,0
10.6668,19,96,G19_V96_2,1448.3700,1099.6400,135.0000,3,2,1
10.6668,19,96,G19_V96_3,1583.3700,964.6400,135.0000,4,2,1
10.6705,10,101,G10_V101_0,1553.0700,805.7800,135.0000,1,2,0
10.6705,10,101,G10_V101_1,1418.0700,940.7800,135.0000,2,2,0
10.6705,10,101,G10_V101_2,1283.0700,805.7800,135.0000,3,2,1
10.6705,10,101,G10_V101_3,1418.0700,670.7800,135.0000,4,2,1
10.6771,11,110,G11_V110_0,1612.0759,771.8384,135.0000,1,2,0
10.6771,11,110,G11_V110_1,1477.0759,906.8384,135.0000,2,2,0
10.6771,11,110,G11_V110_2,1342.0759,771.8384,135.0000,3,2,1
10.6771,11,110,G11_V110_3,1477.0759,636.8384,135.0000,4,2,1
10.6816,28,116,G28_V116_0,1840.6021,1277.6489,135.0000,1,2,0
10.6816,28,116,G28_V116_1,1705.6021,1412.6489,135.0000,2,2,0
10.6816,28,116,G28_V116_2,1570.6021,1277.6489,135.0000,3,2,1
10.6816,28,116,G28_V116_3,1705.6021,1142.6489,135.0000,4,2,1
10.6912,19,129,G19_V129_0,1594.9300,998.1300,135.0000,1,2,0
10.6912,19,129,G19_V129_1,1459.9300,1133.1300,135.0000,2,2,0
10.6912,19,129,G19_V129_2,1324.9300,998.1300,135.0000,3,2,1
10.6912,19,129,G19_V129_3,1459.9300,863.1300,135.0000,4,2,1
10.6919,45,130,G45_V130_0,2229.1900,1871.4500,135.0000,1,2,0
10.6919,45,130,G45_V130_1,2094.1900,2006.4500,135.0000,2,2,0
10.6919,45,130,G45_V130_2,1959.1900,1871.4500,135.0000,3,2,1
10.6919,45,130,G45_V130_3,2094.1900,1736.4500,135.0000,4,2,1
10.7023,27,9,G27_V9_0,1637.1100,1357.5200,135.0000,1,2,0
10.7023,27,9,G27_V9_1,1502.1100,1492.5200,135.0000,2,2,0
10.7023,27,9,G27_V9_2,1367.1100,1357.5200,135.0000,3,2,1
10.7023,27,9,G27_V9_3,1502.1100,1222.5200,135.0000,4,2,1
10.7134,28,24,G28_V24_0,1852.3511,1273.4781,135.0000,1,2,0
10.7134,28,24,G28_V24_1,1717.3511,1408.4781,135.0000,2,2,0
10.7134,28,24,G28_V24_2,1582.3511,1273.4781,135.0000,3,2,1
10.7134,28,24,G28_V24_3,1717.3511,1138.4781,135.0000,4,2,1
10.7149,27,26,G27_V26_0,1636.0300,1354.5100,135.0000,1,2,0
10.7149,27,26,G27_V26_1,1501.0300,1489.5100,135.0000,2,2,0
10.7149,27,26,G27_V26_2,1366.0300,1354.5100,135.0000,3,2,1
10.7149,27,26,G27_V26_3,1501.0300,1219.5100,135.0000,4,2,1
10.7171,27,29,G27_V29_0,1785.2100,1219.7400,135.0000,1,2,0
10.7171,27,29,G27_V29_1,1650.2100,1354.7400,135.0000,2,2,0
10.7171,27,29,G27_V29_2,1515.2100,1219.7400,135.0000,3,2,1
10.7171,27,29,G27_V29_3,1650.2100,1084.7400,135.0000,4,2,1
10.7349,20,53,G20_V53_0,1859.9800,976.0400,135.0000,1,2,0
10.7349,20,53,G20_V53_1,1724.9800,1111.0400,135.0000,2,2,0
10.7349,20,53,G20_V53_2,1589.9800,976.0400,135.0000,3,2,1
10.7349,20,53,G20_V53_3,1724.9800,841.0400,135.0000,4,2,1
10.7371,20,56,G20_V56_0,1920.4900,1041.1400,135.0000,1,2,0
10.7371,20,56,G20_V56_1,1785.4900,1176.1400,135.0000,2,2,0
10.7371,20,56,G20_V56_2,1650.4900,1041.1400,135.0000,3,2,1
10.7371,20,56,G20_V56_3,1785.4900,906.1400,135.0000,4,2,1
10.7401,19,60,G19_V60_0,1632.1500,1007.1400,135.0000,1,2,0
10.7401,19,60,G19_V60_1,1497.1500,1142.1400,135.0000,2,2,0
10.7401,19,60,G19_V60_2,1362.1500,1007.1400,135.0000,3,2,1
10.7401,19,60,G19_V60_3,1497.1500,872.1400,135.0000,4,2,1
10.7438,20,65,G20_V65_0,1854.1300,979.9800,135.0000,1,2,0
10.7438,20,65,G20_V65_1,1719.1300,1114.9800,135.0000,2,2,0
10.7438,20,65,G20_V65_2,1584.1300,979.9800,135.0000,3,2,1
10.7438,20,65,G20_V65_3,1719.1300,844.9800,135.0000,4,2,1
10.7482,18,71,G18_V71_0,1566.3300,994.6300,135.0000,1,2,0
10.7482,18,71,G18_V71_1,1431.3300,1129.6300,135.0000,2,2,0
10.7482,18,71,G18_V71_2,1296.3300,994.6300,135.0000,3,2,1
10.7482,18,71,G18_V71_3,1431.3300,859.6300,135.0000,4,2,1
10.7534,18,78,G18_V78_0,1580.1200,997.3300,135.0000,1,2,0
10.7534,18,78,G18_V78_1,1445.1200,1132.3300,135.0000,2,2,0
10.7534,18,78,G18_V78_2,1310.1200,997.3300,135.0000,3,2,1
10.7534,18,78,G18_V78_3,1445.1200,862.3300,135.0000,4,2,1
10.7542,19,79,G19_V79_0,1722.0000,1105.6200,135.0000,1,2,0
10.7542,19,79,G19_V79_1,1587.0000,1240.6200,135.0000,2,2,0
10.7542,19,79,G19_V79_2,1452.0000,1105.6200,135.0000,3,2,1
10.7542,19,79,G19_V79_3,1587.0000,970.6200,135.0000,4,2,1
10.7645,19,93,G19_V93_0,1625.2300,1006.1300,135.0000,1,2,0
10.7645,19,93,G19_V93_1,1490.2300,1141.1300,135.0000,2,2,0
10.7645,19,93,G19_V93_2,1355.2300,1006.1300,135.0000,3,2,1
10.7645,19,93,G19_V93_3,1490.2300,871.1300,135.0000,4,2,1
10.7660,26,95,G26_V95_0,1401.2300,1300.6800,135.0000,1,2,0
10.7660,26,95,G26_V95_1,1266.2300,1435.6800,135.0000,2,2,0
10.7660,26,95,G26_V95_2,1131.2300,1300.6800,135.0000,3,2,1
10.7660,26,95,G26_V95_3,1266.2300,1165.6800,135.0000,4,2,1
10.7668,19,96,G19_V96_0,1718.3700,1099.6400,135.0000,1,2,0
10.7668,19,96,G19_V96_1,1583.3700,1234.6400,135.0000,2,2,0
10.7668,19,96,G19_V96_2,1448.3700,1099.6400,135.0000,3,2,1
10.7668,19,96,G19_V96_3,1583.3700,964.6400,135.0000,4,2,1
10.7705,10,101,G10_V101_0,1553.0700,805.7800,135.0000,1,2,0
10.7705,10,101,G10_V101_1,1418.0700,940.7800,135.0000,2,2,0
10.7705,10,101,G10_V101_2,1283.0700,805.7800,135.0000,3,2,1
10.7705,10,101,G10_V101_3,1418.0700,670.7800,135.0000,4,2,1
10.7771,11,110,G11_V110_0,1613.0664,772.0553,135.0000,1,2,0
10.7771,11,110,G11_V110_1,1478.0664,907.0553,135.0000,2,2,0
10.7771,11,110,G11_V110_2,1343.0664,772.0553,135.0000,3,2,1
10.7771,11,110,G11_V110_3,1478.0664,637.0553,135.0000,4,2,1
10.7816,28,116,G28_V116_0,1840.6021,1277.6489,135.0000,1,2,0
10.7816,28,116,G28_V116_1,1705.6021,1412.6489,135.0000,2,2,0
10.7816,28,116,G28_V116_2,1570.6021,1277.6489,135.0000,3,2,1
10.7816,28,116,G28_V116_3,1705.6021,1142.6489,135.0000,4,2,1
10.7912,19,129,G19_V129_0,1594.9300,998.1300,135.0000,1,2,0
10.7912,19,129,G19_V129_1,1459.9300,1133.1300,135.0000,2,2,0
10.7912,19,129,G19_V129_2,1324.9300,998.1300,135.0000,3,2,1
10.7912,19,129,G19_V129_3,1459.9300,863.1300,135.0000,4,2,1
10.7919,45,130,G45_V130_0,2229.1900,1871.4500,135.0000,1,2,0
10.7919,45,130,G45_V130_1,2094.1900,2006.4500,135.0000,2,2,0
10.7919,45,130,G45_V130_2,1959.1900,1871.4500,135.0000,3,2,1
10.7919,45,130,G45_V130_3,2094.1900,1736.4500,135.0000,4,2,1
10.8023,27,9,G27_V9_0,1637.1100,1357.5200,135.0000,1,2,0
10.8023,27,9,G27_V9_1,1502.1100,1492.5200,135.0000,2,2,0
10.8023,27,9,G27_V9_2,1367.1100,1357.5200,135.0000,3,2,1
10.8023,27,9,G27_V9_3,1502.1100,1222.5200,135.0000,4,2,1
10.8038,12,11,G12_V11_0,2080.8793,813.1737,135.0000,1,2,0
10.8038,12,11,G12_V11_1,1945.8793,948.1737,135.0000,2,2,0
10.8038,12,11,G12_V11_2,1810.8793,813.1737,135.0000,3,2,1
10.8038,12,11,G12_V11_3,1945.8793,678.1737,135.0000,4,2,1
10.8134,28,24,G28_V24_0,1852.3502,1273.4784,135.0000,1,2,0
10.8134,28,24,G28_V24_1,1717.3502,1408.4784,135.0000,2,2,0
10.8134,28,24,G28_V24_2,1582.3502,1273.4784,135.0000,3,2,1
10.8134,28,24,G28_V24_3,1717.3502,1138.4784,135.0000,4,2,1
10.8149,27,26,G27_V26_0,1636.0300,1354.5100,135.0000,1,2,0
10.8149,27,26,G27_V26_1,1501.0300,1489.5100,135.0000,2,2,0
10.8149,27,26,G27_V26_2,1366.0300,1354.5100,135.0000,3,2,1
10.8149,27,26,G27_V26_3,1501.0300,1219.5100,135.0000,4,2,1
10.8171,27,29,G27_V29_0,1785.2100,1219.7400,135.0000,1,2,0
10.8171,27,29,G27_V29_1,1650.2100,1354.7400,135.0000,2,2,0
10.8171,27,29,G27_V29_2,1515.2100,1219.7400,135.0000,3,2,1
10.8171,27,29,G27_V29_3,1650.2100,1084.7400,135.0000,4,2,1
10.8349,20,53,G20_V53_0,1859.9800,976.0400,135.0000,1,2,0
10.8349,20,53,G20_V53_1,1724.9800,1111.0400,135.0000,2,2,0
10.8349,20,53,G20_V53_2,1589.9800,976.0400,135.0000,3,2,1
10.8349,20,53,G20_V53_3,1724.9800,841.0400,135.0000,4,2,1
10.8371,20,56,G20_V56_0,1920.4900,1041.1400,135.0000,1,2,0
10.8371,20,56,G20_V56_1,1785.4900,1176.1400,135.0000,2,2,0
10.8371,20,56,G20_V56_2,1650.4900,1041.1400,135.0000,3,2,1
10.8371,20,56,G20_V56_3,1785.4900,906.1400,135.0000,4,2,1
10.8401,19,60,G19_V60_0,1632.1500,1007.1400,135.0000,1,2,0
10.8401,19,60,G19_V60_1,1497.1500,1142.1400,135.0000,2,2,0
10.8401,19,60,G19_V60_2,1362.1500,1007.1400,135.0000,3,2,1
10.8401,19,60,G19_V60_3,1497.1500,872.1400,135.0000,4,2,1
10.8438,20,65,G20_V65_0,1854.1300,979.9800,135.0000,1,2,0
10.8438,20,65,G20_V65_1,1719.1300,1114.9800,135.0000,2,2,0
10.8438,20,65,G20_V65_2,1584.1300,979.9800,135.0000,3,2,1
10.8438,20,65,G20_V65_3,1719.1300,844.9800,135.0000,4,2,1
10.8482,18,71,G18_V71_0,1566.3300,994.6300,135.0000,1,2,0
10.8482,18,71,G18_V71_1,1431.3300,1129.6300,135.0000,2,2,0
10.8482,18,71,G18_V71_2,1296.3300,994.6300,135.0000,3,2,1
10.8482,18,71,G18_V71_3,1431.3300,859.6300,135.0000,4,2,1
10.8534,18,78,G18_V78_0,1580.1200,997.3300,135.0000,1,2,0
10.8534,18,78,G18_V78_1,1445.1200,1132.3300,135.0000,2,2,0
10.8534,18,78,G18_V78_2,1310.1200,997.3300,135.0000,3,2,1
10.8534,18,78,G18_V78_3,1445.1200,862.3300,135.0000,4,2,1
10.8542,19,79,G19_V79_0,1722.0000,1105.6200,135.0000,1,2,0
10.8542,19,79,G19_V79_1,1587.0000,1240.6200,135.0000,2,2,0
10.8542,19,79,G19_V79_2,1452.0000,1105.6200,135.0000,3,2,1
10.8542,19,79,G19_V79_3,1587.0000,970.6200,135.0000,4,2,1
10.8645,19,93,G19_V93_0,1625.2300,1006.1300,135.0000,1,2,0
10.8645,19,93,G19_V93_1,1490.2300,1141.1300,135.0000,2,2,0
10.8645,19,93,G19_V93_2,1355.2300,1006.1300,135.0000,3,2,1
10.8645,19,93,G19_V93_3,1490.2300,871.1300,135.0000,4,2,1
10.8660,26,95,G26_V95_0,1401.2300,1300.6800,135.0000,1,2,0
10.8660,26,95,G26_V95_1,1266.2300,1435.6800,135.0000,2,2,0
10.8660,26,95,G26_V95_2,1131.2300,1300.6800,135.0000,3,2,1
10.8660,26,95,G26_V95_3,1266.2300,1165.6800,135.0000,4,2,1
10.8668,19,96,G19_V96_0,1718.3700,1099.6400,135.0000,1,2,0
10.8668,19,96,G19_V96_1,1583.3700,1234.6400,135.0000,2,2,0
10.8668,19,96,G19_V96_2,1448.3700,1099.6400,135.0000,3,2,1
10.8668,19,96,G19_V96_3,1583.3700,964.6400,135.0000,4,2,1
10.8705,10,101,G10_V101_0,1553.0700,805.7800,135.0000,1,2,0
10.8705,10,101,G10_V101_1,1418.0700,940.7800,135.0000,2,2,0
10.8705,10,101,G10_V101_2,1283.0700,805.7800,135.0000,3,2,1
10.8705,10,101,G10_V101_3,1418.0700,670.7800,135.0000,4,2,1
10.8771,11,110,G11_V110_0,1614.0570,772.2722,135.0000,1,2,0
10.8771,11,110,G11_V110_1,1479.0570,907.2722,135.0000,2,2,0
10.8771,11,110,G11_V110_2,1344.0570,772.2722,135.0000,3,2,1
10.8771,11,110,G11_V110_3,1479.0570,637.2722,135.0000,4,2,1
10.8816,28,116,G28_V116_0,1840.6021,1277.6489,135.0000,1,2,0
10.8816,28,116,G28_V116_1,1705.6021,1412.6489,135.0000,2,2,0
10.8816,28,116,G28_V116_2,1570.6021,1277.6489,135.0000,3,2,1
10.8816,28,116,G28_V116_3,1705.6021,1142.6489,135.0000,4,2,1
10.8912,19,129,G19_V129_0,1594.9300,998.1300,135.0000,1,2,0
10.8912,19,129,G19_V129_1,1459.9300,1133.1300,135.0000,2,2,0
10.8912,19,129,G19_V129_2,1324.9300,998.1300,135.0000,3,2,1
10.8912,19,129,G19_V129_3,1459.9300,863.1300,135.0000,4,2,1
10.8920,45,130,G45_V130_0,2229.1900,1871.4500,135.0000,1,2,0
10.8920,45,130,G45_V130_1,2094.1900,2006.4500,135.0000,2,2,0
10.8920,45,130,G45_V130_2,1959.1900,1871.4500,135.0000,3,2,1
10.8920,45,130,G45_V130_3,2094.1900,1736.4500,135.0000,4,2,1
10.9023,27,9,G27_V9_0,1637.1100,1357.5200,135.0000,1,2,0
10.9023,27,9,G27_V9_1,1502.1100,1492.5200,135.0000,2,2,0
10.9023,27,9,G27_V9_2,1367.1100,1357.5200,135.0000,3,2,1
10.9023,27,9,G27_V9_3,1502.1100,1222.5200,135.0000,4,2,1
10.9038,12,11,G12_V11_0,2079.4782,813.9829,135.0000,1,2,0
10.9038,12,11,G12_V11_1,1944.4782,948.9829,135.0000,2,2,0
10.9038,12,11,G12_V11_2,1809.4782,813.9829,135.0000,3,2,1
10.9038,12,11,G12_V11_3,1944.4782,678.9829,135.0000,4,2,1
10.9134,28,24,G28_V24_0,1852.3492,1273.4787,135.0000,1,2,0
10.9134,28,24,G28_V24_1,1717.3492,1408.4787,135.0000,2,2,0
10.9134,28,24,G28_V24_2,1582.3492,1273.4787,135.0000,3,2,1
10.9134,28,24,G28_V24_3,1717.3492,1138.4787,135.0000,4,2,1
10.9149,27,26,G27_V26_0,1636.0300,1354.5100,135.0000,1,2,0
10.9149,27,26,G27_V26_1,1501.0300,1489.5100,135.0000,2,2,0
10.9149,27,26,G27_V26_2,1366.0300,1354.5100,135.0000,3,2,1
10.9149,27,26,G27_V26_3,1501.0300,1219.5100,135.0000,4,2,1
10.9171,27,29,G27_V29_0,1785.2100,1219.7400,135.0000,1,2,0
10.9171,27,29,G27_V29_1,1650.2100,1354.7400,135.0000,2,2,0
10.9171,27,29,G27_V29_2,1515.2100,1219.7400,135.0000,3,2,1
10.9171,27,29,G27_V29_3,1650.2100,1084.7400,135.0000,4,2,1
10.9349,20,53,G20_V53_0,1859.9800,976.0400,135.0000,1,2,0
10.9349,20,53,G20_V53_1,1724.9800,1111.0400,135.0000,2,2,0
10.9349,20,53,G20_V53_2,1589.9800,976.0400,135.0000,3,2,1
10.9349,20,53,G20_V53_3,1724.9800,841.0400,135.0000,4,2,1
10.9371,20,56,G20_V56_0,1920.4900,1041.1400,135.0000,1,2,0
10.9371,20,56,G20_V56_1,1785.4900,1176.1400,135.0000,2,2,0
10.9371,20,56,G20_V56_2,1650.4900,1041.1400,135.0000,3,2,1
10.9371,20,56,G20_V56_3,1785.4900,906.1400,135.0000,4,2,1
10.9401,19,60,G19_V60_0,1632.1500,1007.1400,135.0000,1,2,0
10.9401,19,60,G19_V60_1,1497.1500,1142.1400,135.0000,2,2,0
10.9401,19,60,G19_V60_2,1362.1500,1007.1400,135.0000,3,2,1
10.9401,19,60,G19_V60_3,1497.1500,872.1400,135.0000,4,2,1
10.9438,20,65,G20_V65_0,1854.1300,979.9800,135.0000,1,2,0
10.9438,20,65,G20_V65_1,1719.1300,1114.9800,135.0000,2,2,0
10.9438,20,65,G20_V65_2,1584.1300,979.9800,135.0000,3,2,1
10.9438,20,65,G20_V65_3,1719.1300,844.9800,135.0000,4,2,1
10.9482,18,71,G18_V71_0,1566.3300,994.6300,135.0000,1,2,0
10.9482,18,71,G18_V71_1,1431.3300,1129.6300,135.0000,2,2,0
10.9482,18,71,G18_V71_2,1296.3300,994.6300,135.0000,3,2,1
10.9482,18,71,G18_V71_3,1431.3300,859.6300,135.0000,4,2,1
10.9534,18,78,G18_V78_0,1580.1200,997.3300,135.0000,1,2,0
10.9534,18,78,G18_V78_1,1445.1200,1132.3300,135.0000,2,2,0
10.9534,18,78,G18_V78_2,1310.1200,997.3300,135.0000,3,2,1
10.9534,18,78,G18_V78_3,1445.1200,862.3300,135.0000,4,2,1
10.9542,19,79,G19_V79_0,1722.0000,1105.6200,135.0000,1,2,0
10.9542,19,79,G19_V79_1,1587.0000,1240.6200,135.0000,2,2,0
10.9542,19,79,G19_V79_2,1452.0000,1105.6200,135.0000,3,2,1
10.9542,19,79,G19_V79_3,1587.0000,970.6200,135.0000,4,2,1
10.9645,19,93,G19_V93_0,1625.2300,1006.1300,135.0000,1,2,0
10.9645,19,93,G19_V93_1,1490.2300,1141.1300,135.0000,2,2,0
10.9645,19,93,G19_V93_2,1355.2300,1006.1300,135.0000,3,2,1
10.9645,19,93,G19_V93_3,1490.2300,871.1300,135.0000,4,2,1
10.9660,26,95,G26_V95_0,1401.2300,1300.6800,135.0000,1,2,0
10.9660,26,95,G26_V95_1,1266.2300,1435.6800,135.0000,2,2,0
10.9660,26,95,G26_V95_2,1131.2300,1300.6800,135.0000,3,2,1
10.9660,26,95,G26_V95_3,1266.2300,1165.6800,135.0000,4,2,1
10.9668,19,96,G19_V96_0,1718.3700,1099.6400,135.0000,1,2,0
10.9668,19,96,G19_V96_1,1583.3700,1234.6400,135.0000,2,2,0
10.9668,19,96,G19_V96_2,1448.3700,1099.6400,135.0000,3,2,1
10.9668,19,96,G19_V96_3,1583.3700,964.6400,135.0000,4,2,1
10.9705,10,101,G10_V101_0,1553.0700,805.7800,135.0000,1,2,0
10.9705,10,101,G10_V101_1,1418.0700,940.7800,135.0000,2,2,0
10.9705,10,101,G10_V101_2,1283.0700,805.7800,135.0000,3,2,1
10.9705,10,101,G10_V101_3,1418.0700,670.7800,135.0000,4,2,1
10.9771,11,110,G11_V110_0,1615.0475,772.4891,135.0000,1,2,0
10.9771,11,110,G11_V110_1,1480.0475,907.4891,135.0000,2,2,0
10.9771,11,110,G11_V110_2,1345.0475,772.4891,135.0000,3,2,1
10.9771,11,110,G11_V110_3,1480.0475,637.4891,135.0000,4,2,1
10.9816,28,116,G28_V116_0,1840.6021,1277.6489,135.0000,1,2,0
10.9816,28,116,G28_V116_1,1705.6021,1412.6489,135.0000,2,2,0
10.9816,28,116,G28_V116_2,1570.6021,1277.6489,135.0000,3,2,1
10.9816,28,116,G28_V116_3,1705.6021,1142.6489,135.0000,4,2,1
10.9912,19,129,G19_V129_0,1594.9300,998.1300,135.0000,1,2,0
10.9912,19,129,G19_V129_1,1459.9300,1133.1300,135.0000,2,2,0
10.9912,19,129,G19_V129_2,1324.9300,998.1300,135.0000,3,2,1
10.9912,19,129,G19_V129_3,1459.9300,863.1300,135.0000,4,2,1
10.9919,45,130,G45_V130_0,2229.1900,1871.4500,135.0000,1,2,0
10.9919,45,130,G45_V130_1,2094.1900,2006.4500,135.0000,2,2,0
10.9919,45,130,G45_V130_2,1959.1900,1871.4500,135.0000,3,2,1
10.9919,45,130,G45_V130_3,2094.1900,1736.4500,135.0000,4,2,1
11.0023,27,9,G27_V9_0,1637.1100,1357.5200,135.0000,1,2,0
11.0023,27,9,G27_V9_1,1502.1100,1492.5200,135.0000,2,2,0
11.0023,27,9,G27_V9_2,1367.1100,1357.5200,135.0000,3,2,1
11.0023,27,9,G27_V9_3,1502.1100,1222.5200,135.0000,4,2,1
11.0038,12,11,G12_V11_0,2078.0972,814.7805,135.0000,1,2,0
11.0038,12,11,G12_V11_1,1943.0972,949.7805,135.0000,2,2,0
11.0038,12,11,G12_V11_2,1808.0972,814.7805,135.0000,3,2,1
11.0038,12,11,G12_V11_3,1943.0972,679.7805,135.0000,4,2,1
11.0134,28,24,G28_V24_0,1852.3484,1273.4789,135.0000,1,2,0
11.0134,28,24,G28_V24_1,1717.3484,1408.4789,135.0000,2,2,0
11.0134,28,24,G28_V24_2,1582.3484,1273.4789,135.0000,3,2,1
11.0134,28,24,G28_V24_3,1717.3484,1138.4789,135.0000,4,2,1
11.0149,27,26,G27_V26_0,1636.0300,1354.5100,135.0000,1,2,0
11.0149,27,26,G27_V26_1,1501.0300,1489.5100,135.0000,2,2,0
11.0149,27,26,G27_V26_2,1366.0300,1354.5100,135.0000,3,2,1
11.0149,27,26,G27_V26_3,1501.0300,1219.5100,135.0000,4,2,1
11.0171,27,29,G27_V29_0,1785.2100,1219.7400,135.0000,1,2,0
11.0171,27,29,G27_V29_1,1650.2100,1354.7400,135.0000,2,2,0
11.0171,27,29,G27_V29_2,1515.2100,1219.7400,135.0000,3,2,1
11.0171,27,29,G27_V29_3,1650.2100,1084.7400,135.0000,4,2,1
11.0349,20,53,G20_V53_0,1859.9800,976.0400,135.0000,1,2,0
11.0349,20,53,G20_V53_1,1724.9800,1111.0400,135.0000,2,2,0
11.0349,20,53,G20_V53_2,1589.9800,976.0400,135.0000,3,2,1
11.0349,20,53,G20_V53_3,1724.9800,841.0400,135.0000,4,2,1
11.0371,20,56,G20_V56_0,1920.4900,1041.1400,135.0000,1,2,0
11.0371,20,56,G20_V56_1,1785.4900,1176.1400,135.0000,2,2,0
11.0371,20,56,G20_V56_2,1650.4900,1041.1400,135.0000,3,2,1
11.0371,20,56,G20_V56_3,1785.4900,906.1400,135.0000,4,2,1
11.0401,19,60,G19_V60_0,1632.1500,1007.1400,135.0000,1,2,0
11.0401,19,60,G19_V60_1,1497.1500,1142.1400,135.0000,2,2,0
11.0401,19,60,G19_V60_2,1362.1500,1007.1400,135.0000,3,2,1
11.0401,19,60,G19_V60_3,1497.1500,872.1400,135.0000,4,2,1
11.0438,20,65,G20_V65_0,1854.1300,979.9800,135.0000,1,2,0
11.0438,20,65,G20_V65_1,1719.1300,1114.9800,135.0000,2,2,0
11.0438,20,65,G20_V65_2,1584.1300,979.9800,135.0000,3,2,1
11.0438,20,65,G20_V65_3,1719.1300,844.9800,135.0000,4,2,1
11.0482,18,71,G18_V71_0,1566.3300,994.6300,135.0000,1,2,0
11.0482,18,71,G18_V71_1,1431.3300,1129.6300,135.0000,2,2,0
11.0482,18,71,G18_V71_2,1296.3300,994.6300,135.0000,3,2,1
11.0482,18,71,G18_V71_3,1431.3300,859.6300,135.0000,4,2,1
11.0534,18,78,G18_V78_0,1580.1200,997.3300,135.0000,1,2,0
11.0534,18,78,G18_V78_1,1445.1200,1132.3300,135.0000,2,2,0
11.0534,18,78,G18_V78_2,1310.1200,997.3300,135.0000,3,2,1
11.0534,18,78,G18_V78_3,1445.1200,862.3300,135.0000,4,2,1
11.0542,19,79,G19_V79_0,1722.0000,1105.6200,135.0000,1,2,0
11.0542,19,79,G19_V79_1,1587.0000,1240.6200,135.0000,2,2,0
11.0542,19,79,G19_V79_2,1452.0000,1105.6200,135.0000,3,2,1
11.0542,19,79,G19_V79_3,1587.0000,970.6200,135.0000,4,2,1
11.0645,19,93,G19_V93_0,1625.2300,1006.1300,135.0000,1,2,0
11.0645,19,93,G19_V93_1,1490.2300,1141.1300,135.0000,2,2,0
11.0645,19,93,G19_V93_2,1355.2300,1006.1300,135.0000,3,2,1
11.0645,19,93,G19_V93_3,1490.2300,871.1300,135.0000,4,2,1
11.0660,26,95,G26_V95_0,1401.2300,1300.6800,135.0000,1,2,0
11.0660,26,95,G26_V95_1,1266.2300,1435.6800,135.0000,2,2,0
11.0660,26,95,G26_V95_2,1131.2300,1300.6800,135.0000,3,2,1
11.0660,26,95,G26_V95_3,1266.2300,1165.6800,135.0000,4,2,1
11.0668,19,96,G19_V96_0,1718.3700,1099.6400,135.0000,1,2,0
11.0668,19,96,G19_V96_1,1583.3700,1234.6400,135.0000,2,2,0
11.0668,19,96,G19_V96_2,1448.3700,1099.6400,135.0000,3,2,1
11.0668,19,96,G19_V96_3,1583.3700,964.6400,135.0000,4,2,1
11.0705,10,101,G10_V101_0,1553.0700,805.7800,135.0000,1,2,0
11.0705,10,101,G10_V101_1,1418.0700,940.7800,135.0000,2,2,0
11.0705,10,101,G10_V101_2,1283.0700,805.7800,135.0000,3,2,1
11.0705,10,101,G10_V101_3,1418.0700,670.7800,135.0000,4,2,1
11.0771,11,110,G11_V110_0,1616.0966,772.7193,135.0000,1,2,0
11.0771,11,110,G11_V110_1,1481.0966,907.7193,135.0000,2,2,0
11.0771,11,110,G11_V110_2,1346.0966,772.7193,135.0000,3,2,1
11.0771,11,110,G11_V110_3,1481.0966,637.7193,135.0000,4,2,1
11.0816,28,116,G28_V116_0,1840.6021,1277.6489,135.0000,1,2,0
11.0816,28,116,G28_V116_1,1705.6021,1412.6489,135.0000,2,2,0
11.0816,28,116,G28_V116_2,1570.6021,1277.6489,135.0000,3,2,1
11.0816,28,116,G28_V116_3,1705.6021,1142.6489,135.0000,4,2,1
11.0912,19,129,G19_V129_0,1594.9300,998.1300,135.0000,1,2,0
11.0912,19,129,G19_V129_1,1459.9300,1133.1300,135.0000,2,2,0
11.0912,19,129,G19_V129_2,1324.9300,998.1300,135.0000,3,2,1
11.0912,19,129,G19_V129_3,1459.9300,863.1300,135.0000,4,2,1
11.0919,45,130,G45_V130_0,2229.1900,1871.4500,135.0000,1,2,0
11.0919,45,130,G45_V130_1,2094.1900,2006.4500,135.0000,2,2,0
11.0919,45,130,G45_V130_2,1959.1900,1871.4500,135.0000,3,2,1
11.0919,45,130,G45_V130_3,2094.1900,1736.4500,135.0000,4,2,1
11.1023,27,9,G27_V9_0,1637.1100,1357.5200,135.0000,1,2,0
11.1023,27,9,G27_V9_1,1502.1100,1492.5200,135.0000,2,2,0
11.1023,27,9,G27_V9_2,1367.1100,1357.5200,135.0000,3,2,1
11.1023,27,9,G27_V9_3,1502.1100,1222.5200,135.0000,4,2,1
11.1038,12,11,G12_V11_0,2076.6708,815.6039,135.0000,1,2,0
11.1038,12,11,G12_V11_1,1941.6708,950.6039,135.0000,2,2,0
11.1038,12,11,G12_V11_2,1806.6708,815.6039,135.0000,3,2,1
11.1038,12,11,G12_V11_3,1941.6708,680.6039,135.0000,4,2,1
11.1134,28,24,G28_V24_0,1852.3484,1273.4789,135.0000,1,2,0
11.1134,28,24,G28_V24_1,1717.3484,1408.4789,135.0000,2,2,0
11.1134,28,24,G28_V24_2,1582.3484,1273.4789,135.0000,3,2,1
11.1134,28,24,G28_V24_3,1717.3484,1138.4789,135.0000,4,2,1
11.1149,27,26,G27_V26_0,1636.0300,1354.5100,135.0000,1,2,0
11.1149,27,26,G27_V26_1,1501.0300,1489.5100,135.0000,2,2,0
11.1149,27,26,G27_V26_2,1366.0300,1354.5100,135.0000,3,2,1
11.1149,27,26,G27_V26_3,1501.0300,1219.5100,135.0000,4,2,1
11.1171,27,29,G27_V29_0,1785.2100,1219.7400,135.0000,1,2,0
11.1171,27,29,G27_V29_1,1650.2100,1354.7400,135.0000,2,2,0
11.1171,27,29,G27_V29_2,1515.2100,1219.7400,135.0000,3,2,1
11.1171,27,29,G27_V29_3,1650.2100,1084.7400,135.0000,4,2,1
11.1349,20,53,G20_V53_0,1859.9800,976.0400,135.0000,1,2,0
11.1349,20,53,G20_V53_1,1724.9800,1111.0400,135.0000,2,2,0
11.1349,20,53,G20_V53_2,1589.9800,976.0400,135.0000,3,2,1
11.1349,20,53,G20_V53_3,1724.9800,841.0400,135.0000,4,2,1
11.1371,20,56,G20_V56_0,1920.4900,1041.1400,135.0000,1,2,0
11.1371,20,56,G20_V56_1,1785.4900,1176.1400,135.0000,2,2,0
11.1371,20,56,G20_V56_2,1650.4900,1041.1400,135.0000,3,2,1
11.1371,20,56,G20_V56_3,1785.4900,906.1400,135.0000,4,2,1
11.1401,19,60,G19_V60_0,1632.1500,1007.1400,135.0000,1,2,0
11.1401,19,60,G19_V60_1,1497.1500,1142.1400,135.0000,2,2,0
11.1401,19,60,G19_V60_2,1362.1500,1007.1400,135.0000,3,2,1
11.1401,19,60,G19_V60_3,1497.1500,872.1400,135.0000,4,2,1
11.1438,20,65,G20_V65_0,1854.1300,979.9800,135.0000,1,2,0
11.1438,20,65,G20_V65_1,1719.1300,1114.9800,135.0000,2,2,0
11.1438,20,65,G20_V65_2,1584.1300,979.9800,135.0000,3,2,1
11.1438,20,65,G20_V65_3,1719.1300,844.9800,135.0000,4,2,1
11.1482,18,71,G18_V71_0,1566.3300,994.6300,135.0000,1,2,0
11.1482,18,71,G18_V71_1,1431.3300,1129.6300,135.0000,2,2,0
11.1482,18,71,G18_V71_2,1296.3300,994.6300,135.0000,3,2,1
11.1482,18,71,G18_V71_3,1431.3300,859.6300,135.0000,4,2,1
11.1534,18,78,G18_V78_0,1580.1200,997.3300,135.0000,1,2,0
11.1534,18,78,G18_V78_1,1445.1200,1132.3300,135.0000,2,2,0
11.1534,18,78,G18_V78_2,1310.1200,997.3300,135.0000,3,2,1
11.1534,18,78,G18_V78_3,1445.1200,862.3300,135.0000,4,2,1
11.1542,19,79,G19_V79_0,1722.0000,1105.6200,135.0000,1,2,0
11.1542,19,79,G19_V79_1,1587.0000,1240.6200,135.0000,2,2,0
11.1542,19,79,G19_V79_2,1452.0000,1105.6200,135.0000,3,2,1
11.1542,19,79,G19_V79_3,1587.0000,970.6200,135.0000,4,2,1
11.1645,19,93,G19_V93_0,1625.2300,1006.1300,135.0000,1,2,0
11.1645,19,93,G19_V93_1,1490.2300,1141.1300,135.0000,2,2,0
11.1645,19,93,G19_V93_2,1355.2300,1006.1300,135.0000,3,2,1
11.1645,19,93,G19_V93_3,1490.2300,871.1300,135.0000,4,2,1
11.1660,26,95,G26_V95_0,1401.2300,1300.6800,135.0000,1,2,0
11.1660,26,95,G26_V95_1,1266.2300,1435.6800,135.0000,2,2,0
11.1660,26,95,G26_V95_2,1131.2300,1300.6800,135.0000,3,2,1
11.1660,26,95,G26_V95_3,1266.2300,1165.6800,135.0000,4,2,1
11.1668,19,96,G19_V96_0,1718.3700,1099.6400,135.0000,1,2,0
11.1668,19,96,G19_V96_1,1583.3700,1234.6400,135.0000,2,2,0
11.1668,19,96,G19_V96_2,1448.3700,1099.6400,135.0000,3,2,1
11.1668,19,96,G19_V96_3,1583.3700,964.6400,135.0000,4,2,1
11.1705,10,101,G10_V101_0,1553.0700,805.7800,135.0000,1,2,0
11.1705,10,101,G10_V101_1,1418.0700,940.7800,135.0000,2,2,0
11.1705,10,101,G10_V101_2,1283.0700,805.7800,135.0000,3,2,1
11.1705,10,101,G10_V101_3,1418.0700,670.7800,135.0000,4,2,1
11.1771,11,110,G11_V110_0,1617.1633,772.9534,135.0000,1,2,0
11.1771,11,110,G11_V110_1,1482.1633,907.9534,135.0000,2,2,0
11.1771,11,110,G11_V110_2,1347.1633,772.9534,135.0000,3,2,1
11.1771,11,110,G11_V110_3,1482.1633,637.9534,135.0000,4,2,1
11.1816,28,116,G28_V116_0,1840.6021,1277.6489,135.0000,1,2,0
11.1816,28,116,G28_V116_1,1705.6021,1412.6489,135.0000,2,2,0
11.1816,28,116,G28_V116_2,1570.6021,1277.6489,135.0000,3,2,1
11.1816,28,116,G28_V116_3,1705.6021,1142.6489,135.0000,4,2,1
11.1912,19,129,G19_V129_0,1594.9300,998.1300,135.0000,1,2,0
11.1912,19,129,G19_V129_1,1459.9300,1133.1300,135.0000,2,2,0
11.1912,19,129,G19_V129_2,1324.9300,998.1300,135.0000,3,2,1
11.1912,19,129,G19_V129_3,1459.9300,863.1300,135.0000,4,2,1
11.1919,45,130,G45_V130_0,2229.1900,1871.4500,135.0000,1,2,0
11.1919,45,130,G45_V130_1,2094.1900,2006.4500,135.0000,2,2,0
11.1919,45,130,G45_V130_2,1959.1900,1871.4500,135.0000,3,2,1
11.1919,45,130,G45_V130_3,2094.1900,1736.4500,135.0000,4,2,1
11.2023,27,9,G27_V9_0,1637.1100,1357.5200,135.0000,1,2,0
11.2023,27,9,G27_V9_1,1502.1100,1492.5200,135.0000,2,2,0
11.2023,27,9,G27_V9_2,1367.1100,1357.5200,135.0000,3,2,1
11.2023,27,9,G27_V9_3,1502.1100,1222.5200,135.0000,4,2,1
11.2038,12,11,G12_V11_0,2075.2444,816.4273,135.0000,1,2,0
11.2038,12,11,G12_V11_1,1940.2444,951.4273,135.0000,2,2,0
11.2038,12,11,G12_V11_2,1805.2444,816.4273,135.0000,3,2,1
11.2038,12,11,G12_V11_3,1940.2444,681.4273,135.0000,4,2,1
11.2134,28,24,G28_V24_0,1852.3484,1273.4789,135.0000,1,2,0
11.2134,28,24,G28_V24_1,1717.3484,1408.4789,135.0000,2,2,0
11.2134,28,24,G28_V24_2,1582.3484,1273.4789,135.0000,3,2,1
11.2134,28,24,G28_V24_3,1717.3484,1138.4789,135.0000,4,2,1
11.2149,27,26,G27_V26_0,1636.0300,1354.5100,135.0000,1,2,0
11.2149,27,26,G27_V26_1,1501.0300,1489.5100,135.0000,2,2,0
11.2149,27,26,G27_V26_2,1366.0300,1354.5100,135.0000,3,2,1
11.2149,27,26,G27_V26_3,1501.0300,1219.5100,135.0000,4,2,1
11.2171,27,29,G27_V29_0,1785.2100,1219.7400,135.0000,1,2,0
11.2171,27,29,G27_V29_1,1650.2100,1354.7400,135.0000,2,2,0
11.2171,27,29,G27_V29_2,1515.2100,1219.7400,135.0000,3,2,1
11.2171,27,29,G27_V29_3,1650.2100,1084.7400,135.0000,4,2,1
11.2349,20,53,G20_V53_0,1859.9800,976.0400,135.0000,1,2,0
11.2349,20,53,G20_V53_1,1724.9800,1111.0400,135.0000,2,2,0
11.2349,20,53,G20_V53_2,1589.9800,976.0400,135.0000,3,2,1
11.2349,20,53,G20_V53_3,1724.9800,841.0400,135.0000,4,2,1
11.2371,20,56,G20_V56_0,1920.4900,1041.1400,135.0000,1,2,0
11.2371,20,56,G20_V56_1,1785.4900,1176.1400,135.0000,2,2,0
11.2371,20,56,G20_V56_2,1650.4900,1041.1400,135.0000,3,2,1
11.2371,20,56,G20_V56_3,1785.4900,906.1400,135.0000,4,2,1
11.2401,19,60,G19_V60_0,1632.1500,1007.1400,135.0000,1,2,0
11.2401,19,60,G19_V60_1,1497.1500,1142.1400,135.0000,2,2,0
11.2401,19,60,G19_V60_2,1362.1500,1007.1400,135.0000,3,2,1
11.2401,19,60,G19_V60_3,1497.1500,872.1400,135.0000,4,2,1
11.2438,20,65,G20_V65_0,1854.1300,979.9800,135.0000,1,2,0
11.2438,20,65,G20_V65_1,1719.1300,1114.9800,135.0000,2,2,0
11.2438,20,65,G20_V65_2,1584.1300,979.9800,135.0000,3,2,1
11.2438,20,65,G20_V65_3,1719.1300,844.9800,135.0000,4,2,1
11.2482,18,71,G18_V71_0,1566.3300,994.6300,135.0000,1,2,0
11.2482,18,71,G18_V71_1,1431.3300,1129.6300,135.0000,2,2,0
11.2482,18,71,G18_V71_2,1296.3300,994.6300,135.0000,3,2,1
11.2482,18,71,G18_V71_3,1431.3300,859.6300,135.0000,4,2,1
11.2534,18,78,G18_V78_0,1580.1200,997.3300,135.0000,1,2,0
11.2534,18,78,G18_V78_1,1445.1200,1132.3300,135.0000,2,2,0
11.2534,18,78,G18_V78_2,1310.1200,997.3300,135.0000,3,2,1
11.2534,18,78,G18_V78_3,1445.1200,862.3300,135.0000,4,2,1
11.2542,19,79,G19_V79_0,1722.0000,1105.6200,135.0000,1,2,0
11.2542,19,79,G19_V79_1,1587.0000,1240.6200,135.0000,2,2,0
11.2542,19,79,G19_V79_2,1452.0000,1105.6200,135.0000,3,2,1
11.2542,19,79,G19_V79_3,1587.0000,970.6200,135.0000,4,2,1
11.2645,19,93,G19_V93_0,1625.2300,1006.1300,135.0000,1,2,0
11.2645,19,93,G19_V93_1,1490.2300,1141.1300,135.0000,2,2,0
11.2645,19,93,G19_V93_2,1355.2300,1006.1300,135.0000,3,2,1
11.2645,19,93,G19_V93_3,1490.2300,871.1300,135.0000,4,2,1
11.2660,26,95,G26_V95_0,1401.2300,1300.6800,135.0000,1,2,0
11.2660,26,95,G26_V95_1,1266.2300,1435.6800,135.0000,2,2,0
11.2660,26,95,G26_V95_2,1131.2300,1300.6800,135.0000,3,2,1
11.2660,26,95,G26_V95_3,1266.2300,1165.6800,135.0000,4,2,1
11.2668,19,96,G19_V96_0,1718.3700,1099.6400,135.0000,1,2,0
11.2668,19,96,G19_V96_1,1583.3700,1234.6400,135.0000,2,2,0
11.2668,19,96,G19_V96_2,1448.3700,1099.6400,135.0000,3,2,1
11.2668,19,96,G19_V96_3,1583.3700,964.6400,135.0000,4,2,1
11.2705,10,101,G10_V101_0,1553.0700,805.7800,135.0000,1,2,0
11.2705,10,101,G10_V101_1,1418.0700,940.7800,135.0000,2,2,0
11.2705,10,101,G10_V101_2,1283.0700,805.7800,135.0000,3,2,1
11.2705,10,101,G10_V101_3,1418.0700,670.7800,135.0000,4,2,1
11.2771,11,110,G11_V110_0,1618.2299,773.1875,135.0000,1,2,0
11.2771,11,110,G11_V110_1,1483.2299,908.1875,135.0000,2,2,0
11.2771,11,110,G11_V110_2,1348.2299,773.1875,135.0000,3,2,1
11.2771,11,110,G11_V110_3,1483.2299,638.1875,135.0000,4,2,1
11.2816,28,116,G28_V116_0,1840.6021,1277.6489,135.0000,1,2,0
11.2816,28,116,G28_V116_1,1705.6021,1412.6489,135.0000,2,2,0
11.2816,28,116,G28_V116_2,1570.6021,1277.6489,135.0000,3,2,1
11.2816,28,116,G28_V116_3,1705.6021,1142.6489,135.0000,4,2,1
11.2912,19,129,G19_V129_0,1594.9300,998.1300,135.0000,1,2,0
11.2912,19,129,G19_V129_1,1459.9300,1133.1300,135.0000,2,2,0
11.2912,19,129,G19_V129_2,1324.9300,998.1300,135.0000,3,2,1
11.2912,19,129,G19_V129_3,1459.9300,863.1300,135.0000,4,2,1
11.2919,45,130,G45_V130_0,2229.1900,1871.4500,135.0000,1,2,0
11.2919,45,130,G45_V130_1,2094.1900,2006.4500,135.0000,2,2,0
11.2919,45,130,G45_V130_2,1959.1900,1871.4500,135.0000,3,2,1
11.2919,45,130,G45_V130_3,2094.1900,1736.4500,135.0000,4,2,1
11.3023,27,9,G27_V9_0,1637.1100,1357.5200,135.0000,1,2,0
11.3023,27,9,G27_V9_1,1502.1100,1492.5200,135.0000,2,2,0
11.3023,27,9,G27_V9_2,1367.1100,1357.5200,135.0000,3,2,1
11.3023,27,9,G27_V9_3,1502.1100,1222.5200,135.0000,4,2,1
11.3038,12,11,G12_V11_0,2073.8179,817.2507,135.0000,1,2,0
11.3038,12,11,G12_V11_1,1938.8179,952.2507,135.0000,2,2,0
11.3038,12,11,G12_V11_2,1803.8179,817.2507,135.0000,3,2,1
11.3038,12,11,G12_V11_3,1938.8179,682.2507,135.0000,4,2,1
11.3134,28,24,G28_V24_0,1852.3484,1273.4789,135.0000,1,2,0
11.3134,28,24,G28_V24_1,1717.3484,1408.4789,135.0000,2,2,0
11.3134,28,24,G28_V24_2,1582.3484,1273.4789,135.0000,3,2,1
11.3134,28,24,G28_V24_3,1717.3484,1138.4789,135.0000,4,2,1
11.3149,27,26,G27_V26_0,1636.0300,1354.5100,135.0000,1,2,0
11.3149,27,26,G27_V26_1,1501.0300,1489.5100,135.0000,2,2,0
11.3149,27,26,G27_V26_2,1366.0300,1354.5100,135.0000,3,2,1
11.3149,27,26,G27_V26_3,1501.0300,1219.5100,135.0000,4,2,1
11.3171,27,29,G27_V29_0,1785.2100,1219.7400,135.0000,1,2,0
11.3171,27,29,G27_V29_1,1650.2100,1354.7400,135.0000,2,2,0
11.3171,27,29,G27_V29_2,1515.2100,1219.7400,135.0000,3,2,1
11.3171,27,29,G27_V29_3,1650.2100,1084.7400,135.0000,4,2,1
11.3349,20,53,G20_V53_0,1859.9800,976.0400,135.0000,1,2,0
11.3349,20,53,G20_V53_1,1724.9800,1111.0400,135.0000,2,2,0
11.3349,20,53,G20_V53_2,1589.9800,976.0400,135.0000,3,2,1
11.3349,20,53,G20_V53_3,1724.9800,841.0400,135.0000,4,2,1
11.3371,20,56,G20_V56_0,1920.4900,1041.1400,135.0000,1,2,0
11.3371,20,56,G20_V56_1,1785.4900,1176.1400,135.0000,2,2,0
11.3371,20,56,G20_V56_2,1650.4900,1041.1400,135.0000,3,2,1
11.3371,20,56,G20_V56_3,1785.4900,906.1400,135.0000,4,2,1
11.3401,19,60,G19_V60_0,1632.1500,1007.1400,135.0000,1,2,0
11.3401,19,60,G19_V60_1,1497.1500,1142.1400,135.0000,2,2,0
11.3401,19,60,G19_V60_2,1362.1500,1007.1400,135.0000,3,2,1
11.3401,19,60,G19_V60_3,1497.1500,872.1400,135.0000,4,2,1
11.3438,20,65,G20_V65_0,1854.1300,979.9800,135.0000,1,2,0
11.3438,20,65,G20_V65_1,1719.1300,1114.9800,135.0000,2,2,0
11.3438,20,65,G20_V65_2,1584.1300,979.9800,135.0000,3,2,1
11.3438,20,65,G20_V65_3,1719.1300,844.9800,135.0000,4,2,1
11.3482,18,71,G18_V71_0,1566.3300,994.6300,135.0000,1,2,0
11.3482,18,71,G18_V71_1,1431.3300,1129.6300,135.0000,2,2,0
11.3482,18,71,G18_V71_2,1296.3300,994.6300,135.0000,3,2,1
11.3482,18,71,G18_V71_3,1431.3300,859.6300,135.0000,4,2,1
11.3534,18,78,G18_V78_0,1580.1200,997.3300,135.0000,1,2,0
11.3534,18,78,G18_V78_1,1445.1200,1132.3300,135.0000,2,2,0
11.3534,18,78,G18_V78_2,1310.1200,997.3300,135.0000,3,2,1
11.3534,18,78,G18_V78_3,1445.1200,862.3300,135.0000,4,2,1
11.3542,19,79,G19_V79_0,1722.0000,1105.6200,135.0000,1,2,0
11.3542,19,79,G19_V79_1,1587.0000,1240.6200,135.0000,2,2,0
11.3542,19,79,G19_V79_2,1452.0000,1105.6200,135.0000,3,2,1
11.3542,19,79,G19_V79_3,1587.0000,970.6200,135.0000,4,2,1
11.3645,19,93,G19_V93_0,1625.2300,1006.1300,135.0000,1,2,0
11.3645,19,93,G19_V93_1,1490.2300,1141.1300,135.0000,2,2,0
11.3645,19,93,G19_V93_2,1355.2300,1006.1300,135.0000,3,2,1
11.3645,19,93,G19_V93_3,1490.2300,871.1300,135.0000,4,2,1
11.3660,26,95,G26_V95_0,1401.2300,1300.6800,135.0000,1,2,0
11.3660,26,95,G26_V95_1,1266.2300,1435.6800,135.0000,2,2,0
11.3660,26,95,G26_V95_2,1131.2300,1300.6800,135.0000,3,2,1
11.3660,26,95,G26_V95_3,1266.2300,1165.6800,135.0000,4,2,1
11.3668,19,96,G19_V96_0,1718.3700,1099.6400,135.0000,1,2,0
11.3668,19,96,G19_V96_1,1583.3700,1234.6400,135.0000,2,2,0
11.3668,19,96,G19_V96_2,1448.3700,1099.6400,135.0000,3,2,1
11.3668,19,96,G19_V96_3,1583.3700,964.6400,135.0000,4,2,1
11.3705,10,101,G10_V101_0,1553.0700,805.7800,135.0000,1,2,0
11.3705,10,101,G10_V101_1,1418.0700,940.7800,135.0000,2,2,0
11.3705,10,101,G10_V101_2,1283.0700,805.7800,135.0000,3,2,1
11.3705,10,101,G10_V101_3,1418.0700,670.7800,135.0000,4,2,1
11.3771,11,110,G11_V110_0,1619.2965,773.4217,135.0000,1,2,0
11.3771,11,110,G11_V110_1,1484.2965,908.4217,135.0000,2,2,0
11.3771,11,110,G11_V110_2,1349.2965,773.4217,135.0000,3,2,1
11.3771,11,110,G11_V110_3,1484.2965,638.4217,135.0000,4,2,1
11.3816,28,116,G28_V116_0,1840.6021,1277.6489,135.0000,1,2,0
11.3816,28,116,G28_V116_1,1705.6021,1412.6489,135.0000,2,2,0
11.3816,28,116,G28_V116_2,1570.6021,1277.6489,135.0000,3,2,1
11.3816,28,116,G28_V116_3,1705.6021,1142.6489,135.0000,4,2,1
11.3912,19,129,G19_V129_0,1594.9300,998.1300,135.0000,1,2,0
11.3912,19,129,G19_V129_1,1459.9300,1133.1300,135.0000,2,2,0
11.3912,19,129,G19_V129_2,1324.9300,998.1300,135.0000,3,2,1
11.3912,19,129,G19_V129_3,1459.9300,863.1300,135.0000,4,2,1
11.3920,45,130,G45_V130_0,2229.1900,1871.4500,135.0000,1,2,0
11.3920,45,130,G45_V130_1,2094.1900,2006.4500,135.0000,2,2,0
11.3920,45,130,G45_V130_2,1959.1900,1871.4500,135.0000,3,2,1
11.3920,45,130,G45_V130_3,2094.1900,1736.4500,135.0000,4,2,1
11.4023,27,9,G27_V9_0,1637.1100,1357.5200,135.0000,1,2,0
11.4023,27,9,G27_V9_1,1502.1100,1492.5200,135.0000,2,2,0
11.4023,27,9,G27_V9_2,1367.1100,1357.5200,135.0000,3,2,1
11.4023,27,9,G27_V9_3,1502.1100,1222.5200,135.0000,4,2,1
11.4038,12,11,G12_V11_0,2072.3915,818.0741,135.0000,1,2,0
11.4038,12,11,G12_V11_1,1937.3915,953.0741,135.0000,2,2,0
11.4038,12,11,G12_V11_2,1802.3915,818.0741,135.0000,3,2,1
11.4038,12,11,G12_V11_3,1937.3915,683.0741,135.0000,4,2,1
11.4134,28,24,G28_V24_0,1852.3484,1273.4789,135.0000,1,2,0
11.4134,28,24,G28_V24_1,1717.3484,1408.4789,135.0000,2,2,0
11.4134,28,24,G28_V24_2,1582.3484,1273.4789,135.0000,3,2,1
11.4134,28,24,G28_V24_3,1717.3484,1138.4789,135.0000,4,2,1
11.4149,27,26,G27_V26_0,1636.0300,1354.5100,135.0000,1,2,0
11.4149,27,26,G27_V26_1,1501.0300,1489.5100,135.0000,2,2,0
11.4149,27,26,G27_V26_2,1366.0300,1354.5100,135.0000,3,2,1
11.4149,27,26,G27_V26_3,1501.0300,1219.5100,135.0000,4,2,1
11.4171,27,29,G27_V29_0,1785.2100,1219.7400,135.0000,1,2,0
11.4171,27,29,G27_V29_1,1650.2100,1354.7400,135.0000,2,2,0
11.4171,27,29,G27_V29_2,1515.2100,1219.7400,135.0000,3,2,1
11.4171,27,29,G27_V29_3,1650.2100,1084.7400,135.0000,4,2,1
11.4349,20,53,G20_V53_0,1859.9800,976.0400,135.0000,1,2,0
11.4349,20,53,G20_V53_1,1724.9800,1111.0400,135.0000,2,2,0
11.4349,20,53,G20_V53_2,1589.9800,976.0400,135.0000,3,2,1
11.4349,20,53,G20_V53_3,1724.9800,841.0400,135.0000,4,2,1
11.4371,20,56,G20_V56_0,1920.4900,1041.1400,135.0000,1,2,0
11.4371,20,56,G20_V56_1,1785.4900,1176.1400,135.0000,2,2,0
11.4371,20,56,G20_V56_2,1650.4900,1041.1400,135.0000,3,2,1
11.4371,20,56,G20_V56_3,1785.4900,906.1400,135.0000,4,2,1
11.4401,19,60,G19_V60_0,1632.1500,1007.1400,135.0000,1,2,0
11.4401,19,60,G19_V60_1,1497.1500,1142.1400,135.0000,2,2,0
11.4401,19,60,G19_V60_2,1362.1500,1007.1400,135.0000,3,2,1
11.4401,19,60,G19_V60_3,1497.1500,872.1400,135.0000,4,2,1
11.4438,20,65,G20_V65_0,1854.1300,979.9800,135.0000,1,2,0
11.4438,20,65,G20_V65_1,1719.1300,1114.9800,135.0000,2,2,0
11.4438,20,65,G20_V65_2,1584.1300,979.9800,135.0000,3,2,1
11.4438,20,65,G20_V65_3,1719.1300,844.9800,135.0000,4,2,1
11.4482,18,71,G18_V71_0,1566.3300,994.6300,135.0000,1,2,0
11.4482,18,71,G18_V71_1,1431.3300,1129.6300,135.0000,2,2,0
11.4482,18,71,G18_V71_2,1296.3300,994.6300,135.0000,3,2,1
11.4482,18,71,G18_V71_3,1431.3300,859.6300,135.0000,4,2,1
11.4534,18,78,G18_V78_0,1580.1200,997.3300,135.0000,1,2,0
11.4534,18,78,G18_V78_1,1445.1200,1132.3300,135.0000,2,2,0
11.4534,18,78,G18_V78_2,1310.1200,997.3300,135.0000,3,2,1
11.4534,18,78,G18_V78_3,1445.1200,862.3300,135.0000,4,2,1
11.4542,19,79,G19_V79_0,1722.0000,1105.6200,135.0000,1,2,0
11.4542,19,79,G19_V79_1,1587.0000,1240.6200,135.0000,2,2,0
11.4542,19,79,G19_V79_2,1452.0000,1105.6200,135.0000,3,2,1
11.4542,19,79,G19_V79_3,1587.0000,970.6200,135.0000,4,2,1
11.4645,19,93,G19_V93_0,1625.2300,1006.1300,135.0000,1,2,0
11.4645,19,93,G19_V93_1,1490.2300,1141.1300,135.0000,2,2,0
11.4645,19,93,G19_V93_2,1355.2300,1006.1300,135.0000,3,2,1
11.4645,19,93,G19_V93_3,1490.2300,871.1300,135.0000,4,2,1
11.4660,26,95,G26_V95_0,1401.2300,1300.6800,135.0000,1,2,0
11.4660,26,95,G26_V95_1,1266.2300,1435.6800,135.0000,2,2,0
11.4660,26,95,G26_V95_2,1131.2300,1300.6800,135.0000,3,2,1
11.4660,26,95,G26_V95_3,1266.2300,1165.6800,135.0000,4,2,1
11.4668,19,96,G19_V96_0,1718.3700,1099.6400,135.0000,1,2,0
11.4668,19,96,G19_V96_1,1583.3700,1234.6400,135.0000,2,2,0
11.4668,19,96,G19_V96_2,1448.3700,1099.6400,135.0000,3,2,1
11.4668,19,96,G19_V96_3,1583.3700,964.6400,135.0000,4,2,1
11.4705,10,101,G10_V101_0,1553.0700,805.7800,135.0000,1,2,0
11.4705,10,101,G10_V101_1,1418.0700,940.7800,135.0000,2,2,0
11.4705,10,101,G10_V101_2,1283.0700,805.7800,135.0000,3,2,1
11.4705,10,101,G10_V101_3,1418.0700,670.7800,135.0000,4,2,1
11.4771,11,110,G11_V110_0,1620.3631,773.6558,135.0000,1,2,0
11.4771,11,110,G11_V110_1,1485.3631,908.6558,135.0000,2,2,0
11.4771,11,110,G11_V110_2,1350.3631,773.6558,135.0000,3,2,1
11.4771,11,110,G11_V110_3,1485.3631,638.6558,135.0000,4,2,1
11.4816,28,116,G28_V116_0,1840.6021,1277.6489,135.0000,1,2,0
11.4816,28,116,G28_V116_1,1705.6021,1412.6489,135.0000,2,2,0
11.4816,28,116,G28_V116_2,1570.6021,1277.6489,135.0000,3,2,1
11.4816,28,116,G28_V116_3,1705.6021,1142.6489,135.0000,4,2,1
11.4912,19,129,G19_V129_0,1594.9300,998.1300,135.0000,1,2,0
11.4912,19,129,G19_V129_1,1459.9300,1133.1300,135.0000,2,2,0
11.4912,19,129,G19_V129_2,1324.9300,998.1300,135.0000,3,2,1
11.4912,19,129,G19_V129_3,1459.9300,863.1300,135.0000,4,2,1
11.4920,45,130,G45_V130_0,2229.1900,1871.4500,135.0000,1,2,0
11.4920,45,130,G45_V130_1,2094.1900,2006.4500,135.0000,2,2,0
11.4920,45,130,G45_V130_2,1959.1900,1871.4500,135.0000,3,2,1
11.4920,45,130,G45_V130_3,2094.1900,1736.4500,135.0000,4,2,1
11.5023,27,9,G27_V9_0,1637.1100,1357.5200,135.0000,1,2,0
11.5023,27,9,G27_V9_1,1502.1100,1492.5200,135.0000,2,2,0
11.5023,27,9,G27_V9_2,1367.1100,1357.5200,135.0000,3,2,1
11.5023,27,9,G27_V9_3,1502.1100,1222.5200,135.0000,4,2,1
11.5038,12,11,G12_V11_0,2070.9651,818.8974,135.0000,1,2,0
11.5038,12,11,G12_V11_1,1935.9651,953.8974,135.0000,2,2,0
11.5038,12,11,G12_V11_2,1800.9651,818.8974,135.0000,3,2,1
11.5038,12,11,G12_V11_3,1935.9651,683.8974,135.0000,4,2,1
11.5134,28,24,G28_V24_0,1852.3484,1273.4789,135.0000,1,2,0
11.5134,28,24,G28_V24_1,1717.3484,1408.4789,135.0000,2,2,0
11.5134,28,24,G28_V24_2,1582.3484,1273.4789,135.0000,3,2,1
11.5134,28,24,G28_V24_3,1717.3484,1138.4789,135.0000,4,2,1
11.5149,27,26,G27_V26_0,1636.0300,1354.5100,135.0000,1,2,0
11.5149,27,26,G27_V26_1,1501.0300,1489.5100,135.0000,2,2,0
11.5149,27,26,G27_V26_2,1366.0300,1354.5100,135.0000,3,2,1
11.5149,27,26,G27_V26_3,1501.0300,1219.5100,135.0000,4,2,1
11.5171,27,29,G27_V29_0,1785.2100,1219.7400,135.0000,1,2,0
11.5171,27,29,G27_V29_1,1650.2100,1354.7400,135.0000,2,2,0
11.5171,27,29,G27_V29_2,1515.2100,1219.7400,135.0000,3,2,1
11.5171,27,29,G27_V29_3,1650.2100,1084.7400,135.0000,4,2,1
11.5349,20,53,G20_V53_0,1859.9800,976.0400,135.0000,1,2,0
11.5349,20,53,G20_V53_1,1724.9800,1111.0400,135.0000,2,2,0
11.5349,20,53,G20_V53_2,1589.9800,976.0400,135.0000,3,2,1
11.5349,20,53,G20_V53_3,1724.9800,841.0400,135.0000,4,2,1
11.5371,20,56,G20_V56_0,1920.4900,1041.1400,135.0000,1,2,0
11.5371,20,56,G20_V56_1,1785.4900,1176.1400,135.0000,2,2,0
11.5371,20,56,G20_V56_2,1650.4900,1041.1400,135.0000,3,2,1
11.5371,20,56,G20_V56_3,1785.4900,906.1400,135.0000,4,2,1
11.5401,19,60,G19_V60_0,1632.1500,1007.1400,135.0000,1,2,0
11.5401,19,60,G19_V60_1,1497.1500,1142.1400,135.0000,2,2,0
11.5401,19,60,G19_V60_2,1362.1500,1007.1400,135.0000,3,2,1
11.5401,19,60,G19_V60_3,1497.1500,872.1400,135.0000,4,2,1
11.5438,20,65,G20_V65_0,1854.1300,979.9800,135.0000,1,2,0
11.5438,20,65,G20_V65_1,1719.1300,1114.9800,135.0000,2,2,0
11.5438,20,65,G20_V65_2,1584.1300,979.9800,135.0000,3,2,1
11.5438,20,65,G20_V65_3,1719.1300,844.9800,135.0000,4,2,1
11.5482,18,71,G18_V71_0,1566.3300,994.6300,135.0000,1,2,0
11.5482,18,71,G18_V71_1,1431.3300,1129.6300,135.0000,2,2,0
11.5482,18,71,G18_V71_2,1296.3300,994.6300,135.0000,3,2,1
11.5482,18,71,G18_V71_3,1431.3300,859.6300,135.0000,4,2,1
11.5534,18,78,G18_V78_0,1580.1200,997.3300,135.0000,1,2,0
11.5534,18,78,G18_V78_1,1445.1200,1132.3300,135.0000,2,2,0
11.5534,18,78,G18_V78_2,1310.1200,997.3300,135.0000,3,2,1
11.5534,18,78,G18_V78_3,1445.1200,862.3300,135.0000,4,2,1
11.5542,19,79,G19_V79_0,1722.0000,1105.6200,135.0000,1,2,0
11.5542,19,79,G19_V79_1,1587.0000,1240.6200,135.0000,2,2,0
11.5542,19,79,G19_V79_2,1452.0000,1105.6200,135.0000,3,2,1
11.5542,19,79,G19_V79_3,1587.0000,970.6200,135.0000,4,2,1
11.5645,19,93,G19_V93_0,1625.2300,1006.1300,135.0000,1,2,0
11.5645,19,93,G19_V93_1,1490.2300,1141.1300,135.0000,2,2,0
11.5645,19,93,G19_V93_2,1355.2300,1006.1300,135.0000,3,2,1
11.5645,19,93,G19_V93_3,1490.2300,871.1300,135.0000,4,2,1
11.5660,26,95,G26_V95_0,1401.2300,1300.6800,135.0000,1,2,0
11.5660,26,95,G26_V95_1,1266.2300,1435.6800,135.0000,2,2,0
11.5660,26,95,G26_V95_2,1131.2300,1300.6800,135.0000,3,2,1
11.5660,26,95,G26_V95_3,1266.2300,1165.6800,135.0000,4,2,1
11.5668,19,96,G19_V96_0,1718.3700,1099.6400,135.0000,1,2,0
11.5668,19,96,G19_V96_1,1583.3700,1234.6400,135.0000,2,2,0
11.5668,19,96,G19_V96_2,1448.3700,1099.6400,135.0000,3,2,1
11.5668,19,96,G19_V96_3,1583.3700,964.6400,135.0000,4,2,1
11.5705,10,101,G10_V101_0,1553.0700,805.7800,135.0000,1,2,0
11.5705,10,101,G10_V101_1,1418.0700,940.7800,135.0000,2,2,0
11.5705,10,101,G10_V101_2,1283.0700,805.7800,135.0000,3,2,1
11.5705,10,101,G10_V101_3,1418.0700,670.7800,135.0000,4,2,1
11.5771,11,110,G11_V110_0,1621.4297,773.8899,135.0000,1,2,0
11.5771,11,110,G11_V110_1,1486.4297,908.8899,135.0000,2,2,0
11.5771,11,110,G11_V110_2,1351.4297,773.8899,135.0000,3,2,1
11.5771,11,110,G11_V110_3,1486.4297,638.8899,135.0000,4,2,1
11.5816,28,116,G28_V116_0,1840.6021,1277.6489,135.0000,1,2,0
11.5816,28,116,G28_V116_1,1705.6021,1412.6489,135.0000,2,2,0
11.5816,28,116,G28_V116_2,1570.6021,1277.6489,135.0000,3,2,1
11.5816,28,116,G28_V116_3,1705.6021,1142.6489,135.0000,4,2,1
11.5912,19,129,G19_V129_0,1594.9300,998.1300,135.0000,1,2,0
11.5912,19,129,G19_V129_1,1459.9300,1133.1300,135.0000,2,2,0
11.5912,19,129,G19_V129_2,1324.9300,998.1300,135.0000,3,2,1
11.5912,19,129,G19_V129_3,1459.9300,863.1300,135.0000,4,2,1
11.5919,45,130,G45_V130_0,2229.1900,1871.4500,135.0000,1,2,0
11.5919,45,130,G45_V130_1,2094.1900,2006.4500,135.0000,2,2,0
11.5919,45,130,G45_V130_2,1959.1900,1871.4500,135.0000,3,2,1
11.5919,45,130,G45_V130_3,2094.1900,1736.4500,135.0000,4,2,1
11.6023,27,9,G27_V9_0,1637.1100,1357.5200,135.0000,1,2,0
11.6023,27,9,G27_V9_1,1502.1100,1492.5200,135.0000,2,2,0
11.6023,27,9,G27_V9_2,1367.1100,1357.5200,135.0000,3,2,1
11.6023,27,9,G27_V9_3,1502.1100,1222.5200,135.0000,4,2,1
11.6038,12,11,G12_V11_0,2069.5387,819.7208,135.0000,1,2,0
11.6038,12,11,G12_V11_1,1934.5387,954.7208,135.0000,2,2,0
11.6038,12,11,G12_V11_2,1799.5387,819.7208,135.0000,3,2,1
11.6038,12,11,G12_V11_3,1934.5387,684.7208,135.0000,4,2,1
11.6134,28,24,G28_V24_0,1852.3484,1273.4789,135.0000,1,2,0
11.6134,28,24,G28_V24_1,1717.3484,1408.4789,135.0000,2,2,0
11.6134,28,24,G28_V24_2,1582.3484,1273.4789,135.0000,3,2,1
11.6134,28,24,G28_V24_3,1717.3484,1138.4789,135.0000,4,2,1
11.6149,27,26,G27_V26_0,1636.0300,1354.5100,135.0000,1,2,0
11.6149,27,26,G27_V26_1,1501.0300,1489.5100,135.0000,2,2,0
11.6149,27,26,G27_V26_2,1366.0300,1354.5100,135.0000,3,2,1
11.6149,27,26,G27_V26_3,1501.0300,1219.5100,135.0000,4,2,1
11.6171,27,29,G27_V29_0,1785.2100,1219.7400,135.0000,1,2,0
11.6171,27,29,G27_V29_1,1650.2100,1354.7400,135.0000,2,2,0
11.6171,27,29,G27_V29_2,1515.2100,1219.7400,135.0000,3,2,1
11.6171,27,29,G27_V29_3,1650.2100,1084.7400,135.0000,4,2,1
11.6349,20,53,G20_V53_0,1859.9800,976.0400,135.0000,1,2,0
11.6349,20,53,G20_V53_1,1724.9800,1111.0400,135.0000,2,2,0
11.6349,20,53,G20_V53_2,1589.9800,976.0400,135.0000,3,2,1
11.6349,20,53,G20_V53_3,1724.9800,841.0400,135.0000,4,2,1
11.6371,20,56,G20_V56_0,1920.4900,1041.1400,135.0000,1,2,0
11.6371,20,56,G20_V56_1,1785.4900,1176.1400,135.0000,2,2,0
11.6371,20,56,G20_V56_2,1650.4900,1041.1400,135.0000,3,2,1
11.6371,20,56,G20_V56_3,1785.4900,906.1400,135.0000,4,2,1
11.6401,19,60,G19_V60_0,1632.1500,1007.1400,135.0000,1,2,0
11.6401,19,60,G19_V60_1,1497.1500,1142.1400,135.0000,2,2,0
11.6401,19,60,G19_V60_2,1362.1500,1007.1400,135.0000,3,2,1
11.6401,19,60,G19_V60_3,1497.1500,872.1400,135.0000,4,2,1
11.6438,20,65,G20_V65_0,1854.1300,979.9800,135.0000,1,2,0
11.6438,20,65,G20_V65_1,1719.1300,1114.9800,135.0000,2,2,0
11.6438,20,65,G20_V65_2,1584.1300,979.9800,135.0000,3,2,1
11.6438,20,65,G20_V65_3,1719.1300,844.9800,135.0000,4,2,1
11.6482,18,71,G18_V71_0,1566.3300,994.6300,135.0000,1,2,0
11.6482,18,71,G18_V71_1,1431.3300,1129.6300,135.0000,2,2,0
11.6482,18,71,G18_V71_2,1296.3300,994.6300,135.0000,3,2,1
11.6482,18,71,G18_V71_3,1431.3300,859.6300,135.0000,4,2,1
11.6534,18,78,G18_V78_0,1580.1200,997.3300,135.0000,1,2,0
11.6534,18,78,G18_V78_1,1445.1200,1132.3300,135.0000,2,2,0
11.6534,18,78,G18_V78_2,1310.1200,997.3300,135.0000,3,2,1
11.6534,18,78,G18_V78_3,1445.1200,862.3300,135.0000,4,2,1
11.6542,19,79,G19_V79_0,1722.0000,1105.6200,135.0000,1,2,0
11.6542,19,79,G19_V79_1,1587.0000,1240.6200,135.0000,2,2,0
11.6542,19,79,G19_V79_2,1452.0000,1105.6200,135.0000,3,2,1
11.6542,19,79,G19_V79_3,1587.0000,970.6200,135.0000,4,2,1
11.6645,19,93,G19_V93_0,1625.2300,1006.1300,135.0000,1,2,0
11.6645,19,93,G19_V93_1,1490.2300,1141.1300,135.0000,2,2,0
11.6645,19,93,G19_V93_2,1355.2300,1006.1300,135.0000,3,2,1
11.6645,19,93,G19_V93_3,1490.2300,871.1300,135.0000,4,2,1
11.6660,26,95,G26_V95_0,1401.2300,1300.6800,135.0000,1,2,0
11.6660,26,95,G26_V95_1,1266.2300,1435.6800,135.0000,2,2,0
11.6660,26,95,G26_V95_2,1131.2300,1300.6800,135.0000,3,2,1
11.6660,26,95,G26_V95_3,1266.2300,1165.6800,135.0000,4,2,1
11.6668,19,96,G19_V96_0,1718.3700,1099.6400,135.0000,1,2,0
11.6668,19,96,G19_V96_1,1583.3700,1234.6400,135.0000,2,2,0
11.6668,19,96,G19_V96_2,1448.3700,1099.6400,135.0000,3,2,1
11.6668,19,96,G19_V96_3,1583.3700,964.6400,135.0000,4,2,1
11.6705,10,101,G10_V101_0,1553.0700,805.7800,135.0000,1,2,0
11.6705,10,101,G10_V101_1,1418.0700,940.7800,135.0000,2,2,0
11.6705,10,101,G10_V101_2,1283.0700,805.7800,135.0000,3,2,1
11.6705,10,101,G10_V101_3,1418.0700,670.7800,135.0000,4,2,1
11.6771,11,110,G11_V110_0,1622.4963,774.1241,135.0000,1,2,0
11.6771,11,110,G11_V110_1,1487.4963,909.1241,135.0000,2,2,0
11.6771,11,110,G11_V110_2,1352.4963,774.1241,135.0000,3,2,1
11.6771,11,110,G11_V110_3,1487.4963,639.1241,135.0000,4,2,1
11.6816,28,116,G28_V116_0,1840.6021,1277.6489,135.0000,1,2,0
11.6816,28,116,G28_V116_1,1705.6021,1412.6489,135.0000,2,2,0
11.6816,28,116,G28_V116_2,1570.6021,1277.6489,135.0000,3,2,1
11.6816,28,116,G28_V116_3,1705.6021,1142.6489,135.0000,4,2,1
11.6912,19,129,G19_V129_0,1594.9300,998.1300,135.0000,1,2,0
11.6912,19,129,G19_V129_1,1459.9300,1133.1300,135.0000,2,2,0
11.6912,19,129,G19_V129_2,1324.9300,998.1300,135.0000,3,2,1
11.6912,19,129,G19_V129_3,1459.9300,863.1300,135.0000,4,2,1
11.6919,45,130,G45_V130_0,2229.1900,1871.4500,135.0000,1,2,0
11.6919,45,130,G45_V130_1,2094.1900,2006.4500,135.0000,2,2,0
11.6919,45,130,G45_V130_2,1959.1900,1871.4500,135.0000,3,2,1
11.6919,45,130,G45_V130_3,2094.1900,1736.4500,135.0000,4,2,1
11.7023,27,9,G27_V9_0,1637.1100,1357.5200,135.0000,1,2,0
11.7023,27,9,G27_V9_1,1502.1100,1492.5200,135.0000,2,2,0
11.7023,27,9,G27_V9_2,1367.1100,1357.5200,135.0000,3,2,1
11.7023,27,9,G27_V9_3,1502.1100,1222.5200,135.0000,4,2,1
11.7038,12,11,G12_V11_0,2068.1123,820.5442,135.0000,1,2,0
11.7038,12,11,G12_V11_1,1933.1123,955.5442,135.0000,2,2,0
11.7038,12,11,G12_V11_2,1798.1123,820.5442,135.0000,3,2,1
11.7038,12,11,G12_V11_3,1933.1123,685.5442,135.0000,4,2,1
11.7134,28,24,G28_V24_0,1852.3484,1273.4789,135.0000,1,2,0
11.7134,28,24,G28_V24_1,1717.3484,1408.4789,135.0000,2,2,0
11.7134,28,24,G28_V24_2,1582.3484,1273.4789,135.0000,3,2,1
11.7134,28,24,G28_V24_3,1717.3484,1138.4789,135.0000,4,2,1
11.7149,27,26,G27_V26_0,1636.0300,1354.5100,135.0000,1,2,0
11.7149,27,26,G27_V26_1,1501.0300,1489.5100,135.0000,2,2,0
11.7149,27,26,G27_V26_2,1366.0300,1354.5100,135.0000,3,2,1
11.7149,27,26,G27_V26_3,1501.0300,1219.5100,135.0000,4,2,1
11.7171,27,29,G27_V29_0,1785.2100,1219.7400,135.0000,1,2,0
11.7171,27,29,G27_V29_1,1650.2100,1354.7400,135.0000,2,2,0
11.7171,27,29,G27_V29_2,1515.2100,1219.7400,135.0000,3,2,1
11.7171,27,29,G27_V29_3,1650.2100,1084.7400,135.0000,4,2,1
11.7349,20,53,G20_V53_0,1859.9800,976.0400,135.0000,1,2,0
11.7349,20,53,G20_V53_1,1724.9800,1111.0400,135.0000,2,2,0
11.7349,20,53,G20_V53_2,1589.9800,976.0400,135.0000,3,2,1
11.7349,20,53,G20_V53_3,1724.9800,841.0400,135.0000,4,2,1
11.7371,20,56,G20_V56_0,1920.4900,1041.1400,135.0000,1,2,0
11.7371,20,56,G20_V56_1,1785.4900,1176.1400,135.0000,2,2,0
11.7371,20,56,G20_V56_2,1650.4900,1041.1400,135.0000,3,2,1
11.7371,20,56,G20_V56_3,1785.4900,906.1400,135.0000,4,2,1
11.7401,19,60,G19_V60_0,1632.1500,1007.1400,135.0000,1,2,0
11.7401,19,60,G19_V60_1,1497.1500,1142.1400,135.0000,2,2,0
11.7401,19,60,G19_V60_2,1362.1500,1007.1400,135.0000,3,2,1
11.7401,19,60,G19_V60_3,1497.1500,872.1400,135.0000,4,2,1
11.7438,20,65,G20_V65_0,1854.1300,979.9800,135.0000,1,2,0
11.7438,20,65,G20_V65_1,1719.1300,1114.9800,135.0000,2,2,0
11.7438,20,65,G20_V65_2,1584.1300,979.9800,135.0000,3,2,1
11.7438,20,65,G20_V65_3,1719.1300,844.9800,135.0000,4,2,1
11.7482,18,71,G18_V71_0,1566.3300,994.6300,135.0000,1,2,0
11.7482,18,71,G18_V71_1,1431.3300,1129.6300,135.0000,2,2,0
11.7482,18,71,G18_V71_2,1296.3300,994.6300,135.0000,3,2,1
11.7482,18,71,G18_V71_3,1431.3300,859.6300,135.0000,4,2,1
11.7534,18,78,G18_V78_0,1580.1200,997.3300,135.0000,1,2,0
11.7534,18,78,G18_V78_1,1445.1200,1132.3300,135.0000,2,2,0
11.7534,18,78,G18_V78_2,1310.1200,997.3300,135.0000,3,2,1
11.7534,18,78,G18_V78_3,1445.1200,862.3300,135.0000,4,2,1
11.7542,19,79,G19_V79_0,1722.0000,1105.6200,135.0000,1,2,0
11.7542,19,79,G19_V79_1,1587.0000,1240.6200,135.0000,2,2,0
11.7542,19,79,G19_V79_2,1452.0000,1105.6200,135.0000,3,2,1
11.7542,19,79,G19_V79_3,1587.0000,970.6200,135.0000,4,2,1
11.7645,19,93,G19_V93_0,1625.2300,1006.1300,135.0000,1,2,0
11.7645,19,93,G19_V93_1,1490.2300,1141.1300,135.0000,2,2,0
11.7645,19,93,G19_V93_2,1355.2300,1006.1300,135.0000,3,2,1
11.7645,19,93,G19_V93_3,1490.2300,871.1300,135.0000,4,2,1
11.7660,26,95,G26_V95_0,1401.2300,1300.6800,135.0000,1,2,0
11.7660,26,95,G26_V95_1,1266.2300,1435.6800,135.0000,2,2,0
11.7660,26,95,G26_V95_2,1131.2300,1300.6800,135.0000,3,2,1
11.7660,26,95,G26_V95_3,1266.2300,1165.6800,135.0000,4,2,1
11.7668,19,96,G19_V96_0,1718.3700,1099.6400,135.0000,1,2,0
11.7668,19,96,G19_V96_1,1583.3700,1234.6400,135.0000,2,2,0
11.7668,19,96,G19_V96_2,1448.3700,1099.6400,135.0000,3,2,1
11.7668,19,96,G19_V96_3,1583.3700,964.6400,135.0000,4,2,1
11.7705,10,101,G10_V101_0,1553.0700,805.7800,135.0000,1,2,0
11.7705,10,101,G10_V101_1,1418.0700,940.7800,135.0000,2,2,0
11.7705,10,101,G10_V101_2,1283.0700,805.7800,135.0000,3,2,1
11.7705,10,101,G10_V101_3,1418.0700,670.7800,135.0000,4,2,1
11.7771,11,110,G11_V110_0,1623.5629,774.3582,135.0000,1,2,0
11.7771,11,110,G11_V110_1,1488.5629,909.3582,135.0000,2,2,0
11.7771,11,110,G11_V110_2,1353.5629,774.3582,135.0000,3,2,1
11.7771,11,110,G11_V110_3,1488.5629,639.3582,135.0000,4,2,1
11.7816,28,116,G28_V116_0,1840.6021,1277.6489,135.0000,1,2,0
11.7816,28,116,G28_V116_1,1705.6021,1412.6489,135.0000,2,2,0
11.7816,28,116,G28_V116_2,1570.6021,1277.6489,135.0000,3,2,1
11.7816,28,116,G28_V116_3,1705.6021,1142.6489,135.0000,4,2,1
11.7912,19,129,G19_V129_0,1594.9300,998.1300,135.0000,1,2,0
11.7912,19,129,G19_V129_1,1459.9300,1133.1300,135.0000,2,2,0
11.7912,19,129,G19_V129_2,1324.9300,998.1300,135.0000,3,2,1
11.7912,19,129,G19_V129_3,1459.9300,863.1300,135.0000,4,2,1
11.7919,45,130,G45_V130_0,2229.1900,1871.4500,135.0000,1,2,0
11.7919,45,130,G45_V130_1,2094.1900,2006.4500,135.0000,2,2,0
11.7919,45,130,G45_V130_2,1959.1900,1871.4500,135.0000,3,2,1
11.7919,45,130,G45_V130_3,2094.1900,1736.4500,135.0000,4,2,1
11.8023,27,9,G27_V9_0,1637.1100,1357.5200,135.0000,1,2,0
11.8023,27,9,G27_V9_1,1502.1100,1492.5200,135.0000,2,2,0
11.8023,27,9,G27_V9_2,1367.1100,1357.5200,135.0000,3,2,1
11.8023,27,9,G27_V9_3,1502.1100,1222.5200,135.0000,4,2,1
11.8038,12,11,G12_V11_0,2066.6859,821.3676,135.0000,1,2,0
11.8038,12,11,G12_V11_1,1931.6859,956.3676,135.0000,2,2,0
11.8038,12,11,G12_V11_2,1796.6859,821.3676,135.0000,3,2,1
11.8038,12,11,G12_V11_3,1931.6859,686.3676,135.0000,4,2,1
11.8134,28,24,G28_V24_0,1852.3484,1273.4789,135.0000,1,2,0
11.8134,28,24,G28_V24_1,1717.3484,1408.4789,135.0000,2,2,0
11.8134,28,24,G28_V24_2,1582.3484,1273.4789,135.0000,3,2,1
11.8134,28,24,G28_V24_3,1717.3484,1138.4789,135.0000,4,2,1
11.8149,27,26,G27_V26_0,1636.0300,1354.5100,135.0000,1,2,0
11.8149,27,26,G27_V26_1,1501.0300,1489.5100,135.0000,2,2,0
11.8149,27,26,G27_V26_2,1366.0300,1354.5100,135.0000,3,2,1
11.8149,27,26,G27_V26_3,1501.0300,1219.5100,135.0000,4,2,1
11.8171,27,29,G27_V29_0,1785.2100,1219.7400,135.0000,1,2,0
11.8171,27,29,G27_V29_1,1650.2100,1354.7400,135.0000,2,2,0
11.8171,27,29,G27_V29_2,1515.2100,1219.7400,135.0000,3,2,1
11.8171,27,29,G27_V29_3,1650.2100,1084.7400,135.0000,4,2,1
11.8349,20,53,G20_V53_0,1859.9800,976.0400,135.0000,1,2,0
11.8349,20,53,G20_V53_1,1724.9800,1111.0400,135.0000,2,2,0
11.8349,20,53,G20_V53_2,1589.9800,976.0400,135.0000,3,2,1
11.8349,20,53,G20_V53_3,1724.9800,841.0400,135.0000,4,2,1
11.8371,20,56,G20_V56_0,1920.4900,1041.1400,135.0000,1,2,0
11.8371,20,56,G20_V56_1,1785.4900,1176.1400,135.0000,2,2,0
11.8371,20,56,G20_V56_2,1650.4900,1041.1400,135.0000,3,2,1
11.8371,20,56,G20_V56_3,1785.4900,906.1400,135.0000,4,2,1
11.8401,19,60,G19_V60_0,1632.1500,1007.1400,135.0000,1,2,0
11.8401,19,60,G19_V60_1,1497.1500,1142.1400,135.0000,2,2,0
11.8401,19,60,G19_V60_2,1362.1500,1007.1400,135.0000,3,2,1
11.8401,19,60,G19_V60_3,1497.1500,872.1400,135.0000,4,2,1
11.8438,20,65,G20_V65_0,1854.1300,979.9800,135.0000,1,2,0
11.8438,20,65,G20_V65_1,1719.1300,1114.9800,135.0000,2,2,0
11.8438,20,65,G20_V65_2,1584.1300,979.9800,135.0000,3,2,1
11.8438,20,65,G20_V65_3,1719.1300,844.9800,135.0000,4,2,1
11.8482,18,71,G18_V71_0,1566.3300,994.6300,135.0000,1,2,0
11.8482,18,71,G18_V71_1,1431.3300,1129.6300,135.0000,2,2,0
11.8482,18,71,G18_V71_2,1296.3300,994.6300,135.0000,3,2,1
11.8482,18,71,G18_V71_3,1431.3300,859.6300,135.0000,4,2,1
11.8534,18,78,G18_V78_0,1580.1200,997.3300,135.0000,1,2,0
11.8534,18,78,G18_V78_1,1445.1200,1132.3300,135.0000,2,2,0
11.8534,18,78,G18_V78_2,1310.1200,997.3300,135.0000,3,2,1
11.8534,18,78,G18_V78_3,1445.1200,862.3300,135.0000,4,2,1
11.8542,19,79,G19_V79_0,1722.0000,1105.6200,135.0000,1,2,0
11.8542,19,79,G19_V79_1,1587.0000,1240.6200,135.0000,2,2,0
11.8542,19,79,G19_V79_2,1452.0000,1105.6200,135.0000,3,2,1
11.8542,19,79,G19_V79_3,1587.0000,970.6200,135.0000,4,2,1
11.8645,19,93,G19_V93_0,1625.2300,1006.1300,135.0000,1,2,0
11.8645,19,93,G19_V93_1,1490.2300,1141.1300,135.0000,2,2,0
11.8645,19,93,G19_V93_2,1355.2300,1006.1300,135.0000,3,2,1
11.8645,19,93,G19_V93_3,1490.2300,871.1300,135.0000,4,2,1
11.8660,26,95,G26_V95_0,1401.2300,1300.6800,135.0000,1,2,0
11.8660,26,95,G26_V95_1,1266.2300,1435.6800,135.0000,2,2,0
11.8660,26,95,G26_V95_2,1131.2300,1300.6800,135.0000,3,2,1
11.8660,26,95,G26_V95_3,1266.2300,1165.6800,135.0000,4,2,1
11.8668,19,96,G19_V96_0,1718.3700,1099.6400,135.0000,1,2,0
11.8668,19,96,G19_V96_1,1583.3700,1234.6400,135.0000,2,2,0
11.8668,19,96,G19_V96_2,1448.3700,1099.6400,135.0000,3,2,1
11.8668,19,96,G19_V96_3,1583.3700,964.6400,135.0000,4,2,1
11.8705,10,101,G10_V101_0,1553.0700,805.7800,135.0000,1,2,0
11.8705,10,101,G10_V101_1,1418.0700,940.7800,135.0000,2,2,0
11.8705,10,101,G10_V101_2,1283.0700,805.7800,135.0000,3,2,1
11.8705,10,101,G10_V101_3,1418.0700,670.7800,135.0000,4,2,1
11.8771,11,110,G11_V110_0,1624.6295,774.5923,135.0000,1,2,0
11.8771,11,110,G11_V110_1,1489.6295,909.5923,135.0000,2,2,0
11.8771,11,110,G11_V110_2,1354.6295,774.5923,135.0000,3,2,1
11.8771,11,110,G11_V110_3,1489.6295,639.5923,135.0000,4,2,1
11.8816,28,116,G28_V116_0,1840.6021,1277.6489,135.0000,1,2,0
11.8816,28,116,G28_V116_1,1705.6021,1412.6489,135.0000,2,2,0
11.8816,28,116,G28_V116_2,1570.6021,1277.6489,135.0000,3,2,1
11.8816,28,116,G28_V116_3,1705.6021,1142.6489,135.0000,4,2,1
11.8912,19,129,G19_V129_0,1594.9300,998.1300,135.0000,1,2,0
11.8912,19,129,G19_V129_1,1459.9300,1133.1300,135.0000,2,2,0
11.8912,19,129,G19_V129_2,1324.9300,998.1300,135.0000,3,2,1
11.8912,19,129,G19_V129_3,1459.9300,863.1300,135.0000,4,2,1
11.8920,45,130,G45_V130_0,2229.1900,1871.4500,135.0000,1,2,0
11.8920,45,130,G45_V130_1,2094.1900,2006.4500,135.0000,2,2,0
11.8920,45,130,G45_V130_2,1959.1900,1871.4500,135.0000,3,2,1
11.8920,45,130,G45_V130_3,2094.1900,1736.4500,135.0000,4,2,1
11.9023,27,9,G27_V9_0,1637.1100,1357.5200,135.0000,1,2,0
11.9023,27,9,G27_V9_1,1502.1100,1492.5200,135.0000,2,2,0
11.9023,27,9,G27_V9_2,1367.1100,1357.5200,135.0000,3,2,1
11.9023,27,9,G27_V9_3,1502.1100,1222.5200,135.0000,4,2,1
11.9038,12,11,G12_V11_0,2065.2595,822.1910,135.0000,1,2,0
11.9038,12,11,G12_V11_1,1930.2595,957.1910,135.0000,2,2,0
11.9038,12,11,G12_V11_2,1795.2595,822.1910,135.0000,3,2,1
11.9038,12,11,G12_V11_3,1930.2595,687.1910,135.0000,4,2,1
11.9134,28,24,G28_V24_0,1852.3484,1273.4789,135.0000,1,2,0
11.9134,28,24,G28_V24_1,1717.3484,1408.4789,135.0000,2,2,0
11.9134,28,24,G28_V24_2,1582.3484,1273.4789,135.0000,3,2,1
11.9134,28,24,G28_V24_3,1717.3484,1138.4789,135.0000,4,2,1
11.9149,27,26,G27_V26_0,1636.0300,1354.5100,135.0000,1,2,0
11.9149,27,26,G27_V26_1,1501.0300,1489.5100,135.0000,2,2,0
11.9149,27,26,G27_V26_2,1366.0300,1354.5100,135.0000,3,2,1
11.9149,27,26,G27_V26_3,1501.0300,1219.5100,135.0000,4,2,1
11.9171,27,29,G27_V29_0,1785.2100,1219.7400,135.0000,1,2,0
11.9171,27,29,G27_V29_1,1650.2100,1354.7400,135.0000,2,2,0
11.9171,27,29,G27_V29_2,1515.2100,1219.7400,135.0000,3,2,1
11.9171,27,29,G27_V29_3,1650.2100,1084.7400,135.0000,4,2,1
11.9349,20,53,G20_V53_0,1859.9800,976.0400,135.0000,1,2,0
11.9349,20,53,G20_V53_1,1724.9800,1111.0400,135.0000,2,2,0
11.9349,20,53,G20_V53_2,1589.9800,976.0400,135.0000,3,2,1
11.9349,20,53,G20_V53_3,1724.9800,841.0400,135.0000,4,2,1
11.9371,20,56,G20_V56_0,1920.4900,1041.1400,135.0000,1,2,0
11.9371,20,56,G20_V56_1,1785.4900,1176.1400,135.0000,2,2,0
11.9371,20,56,G20_V56_2,1650.4900,1041.1400,135.0000,3,2,1
11.9371,20,56,G20_V56_3,1785.4900,906.1400,135.0000,4,2,1
11.9401,19,60,G19_V60_0,1632.1500,1007.1400,135.0000,1,2,0
11.9401,19,60,G19_V60_1,1497.1500,1142.1400,135.0000,2,2,0
11.9401,19,60,G19_V60_2,1362.1500,1007.1400,135.0000,3,2,1
11.9401,19,60,G19_V60_3,1497.1500,872.1400,135.0000,4,2,1
11.9438,20,65,G20_V65_0,1854.1300,979.9800,135.0000,1,2,0
11.9438,20,65,G20_V65_1,1719.1300,1114.9800,135.0000,2,2,0
11.9438,20,65,G20_V65_2,1584.1300,979.9800,135.0000,3,2,1
11.9438,20,65,G20_V65_3,1719.1300,844.9800,135.0000,4,2,1
11.9482,18,71,G18_V71_0,1566.3300,994.6300,135.0000,1,2,0
11.9482,18,71,G18_V71_1,1431.3300,1129.6300,135.0000,2,2,0
11.9482,18,71,G18_V71_2,1296.3300,994.6300,135.0000,3,2,1
11.9482,18,71,G18_V71_3,1431.3300,859.6300,135.0000,4,2,1
11.9534,18,78,G18_V78_0,1580.1200,997.3300,135.0000,1,2,0
11.9534,18,78,G18_V78_1,1445.1200,1132.3300,135.0000,2,2,0
11.9534,18,78,G18_V78_2,1310.1200,997.3300,135.0000,3,2,1
11.9534,18,78,G18_V78_3,1445.1200,862.3300,135.0000,4,2,1
11.9542,19,79,G19_V79_0,1722.0000,1105.6200,135.0000,1,2,0
11.9542,19,79,G19_V79_1,1587.0000,1240.6200,135.0000,2,2,0
11.9542,19,79,G19_V79_2,1452.0000,1105.6200,135.0000,3,2,1
11.9542,19,79,G19_V79_3,1587.0000,970.6200,135.0000,4,2,1
11.9645,19,93,G19_V93_0,1625.2300,1006.1300,135.0000,1,2,0
11.9645,19,93,G19_V93_1,1490.2300,1141.1300,135.0000,2,2,0
11.9645,19,93,G19_V93_2,1355.2300,1006.1300,135.0000,3,2,1
11.9645,19,93,G19_V93_3,1490.2300,871.1300,135.0000,4,2,1
11.9660,26,95,G26_V95_0,1401.2300,1300.6800,135.0000,1,2,0
11.9660,26,95,G26_V95_1,1266.2300,1435.6800,135.0000,2,2,0
11.9660,26,95,G26_V95_2,1131.2300,1300.6800,135.0000,3,2,1
11.9660,26,95,G26_V95_3,1266.2300,1165.6800,135.0000,4,2,1
11.9668,19,96,G19_V96_0,1718.3700,1099.6400,135.0000,1,2,0
11.9668,19,96,G19_V96_1,1583.3700,1234.6400,135.0000,2,2,0
11.9668,19,96,G19_V96_2,1448.3700,1099.6400,135.0000,3,2,1
11.9668,19,96,G19_V96_3,1583.3700,964.6400,135.0000,4,2,1
11.9705,10,101,G10_V101_0,1553.0700,805.7800,135.0000,1,2,0
11.9705,10,101,G10_V101_1,1418.0700,940.7800,135.0000,2,2,0
11.9705,10,101,G10_V101_2,1283.0700,805.7800,135.0000,3,2,1
11.9705,10,101,G10_V101_3,1418.0700,670.7800,135.0000,4,2,1
11.9771,11,110,G11_V110_0,1625.6961,774.8265,135.0000,1,2,0
11.9771,11,110,G11_V110_1,1490.6961,909.8265,135.0000,2,2,0
11.9771,11,110,G11_V110_2,1355.6961,774.8265,135.0000,3,2,1
11.9771,11,110,G11_V110_3,1490.6961,639.8265,135.0000,4,2,1
11.9816,28,116,G28_V116_0,1840.6021,1277.6489,135.0000,1,2,0
11.9816,28,116,G28_V116_1,1705.6021,1412.6489,135.0000,2,2,0
11.9816,28,116,G28_V116_2,1570.6021,1277.6489,135.0000,3,2,1
11.9816,28,116,G28_V116_3,1705.6021,1142.6489,135.0000,4,2,1
11.9912,19,129,G19_V129_0,1594.9300,998.1300,135.0000,1,2,0
11.9912,19,129,G19_V129_1,1459.9300,1133.1300,135.0000,2,2,0
11.9912,19,129,G19_V129_2,1324.9300,998.1300,135.0000,3,2,1
11.9912,19,129,G19_V129_3,1459.9300,863.1300,135.0000,4,2,1
11.9919,45,130,G45_V130_0,2229.1900,1871.4500,135.0000,1,2,0
11.9919,45,130,G45_V130_1,2094.1900,2006.4500,135.0000,2,2,0
11.9919,45,130,G45_V130_2,1959.1900,1871.4500,135.0000,3,2,1
11.9919,45,130,G45_V130_3,2094.1900,1736.4500,135.0000,4,2,1
12.0023,27,9,G27_V9_0,1637.1100,1357.5200,135.0000,1,2,0
12.0023,27,9,G27_V9_1,1502.1100,1492.5200,135.0000,2,2,0
12.0023,27,9,G27_V9_2,1367.1100,1357.5200,135.0000,3,2,1
12.0023,27,9,G27_V9_3,1502.1100,1222.5200,135.0000,4,2,1
12.0038,12,11,G12_V11_0,2063.8580,823.0000,135.0000,1,2,0
12.0038,12,11,G12_V11_1,1928.8580,958.0000,135.0000,2,2,0
12.0038,12,11,G12_V11_2,1793.8580,823.0000,135.0000,3,2,1
12.0038,12,11,G12_V11_3,1928.8580,688.0000,135.0000,4,2,1
12.0134,28,24,G28_V24_0,1852.3484,1273.4789,135.0000,1,2,0
12.0134,28,24,G28_V24_1,1717.3484,1408.4789,135.0000,2,2,0
12.0134,28,24,G28_V24_2,1582.3484,1273.4789,135.0000,3,2,1
12.0134,28,24,G28_V24_3,1717.3484,1138.4789,135.0000,4,2,1
12.0149,27,26,G27_V26_0,1636.0300,1354.5100,135.0000,1,2,0
12.0149,27,26,G27_V26_1,1501.0300,1489.5100,135.0000,2,2,0
12.0149,27,26,G27_V26_2,1366.0300,1354.5100,135.0000,3,2,1
12.0149,27,26,G27_V26_3,1501.0300,1219.5100,135.0000,4,2,1
12.0171,27,29,G27_V29_0,1785.2100,1219.7400,135.0000,1,2,0
12.0171,27,29,G27_V29_1,1650.2100,1354.7400,135.0000,2,2,0
12.0171,27,29,G27_V29_2,1515.2100,1219.7400,135.0000,3,2,1
12.0171,27,29,G27_V29_3,1650.2100,1084.7400,135.0000,4,2,1
12.0349,20,53,G20_V53_0,1859.9800,976.0400,135.0000,1,2,0
12.0349,20,53,G20_V53_1,1724.9800,1111.0400,135.0000,2,2,0
12.0349,20,53,G20_V53_2,1589.9800,976.0400,135.0000,3,2,1
12.0349,20,53,G20_V53_3,1724.9800,841.0400,135.0000,4,2,1
12.0371,20,56,G20_V56_0,1920.4900,1041.1400,135.0000,1,2,0
12.0371,20,56,G20_V56_1,1785.4900,1176.1400,135.0000,2,2,0
12.0371,20,56,G20_V56_2,1650.4900,1041.1400,135.0000,3,2,1
12.0371,20,56,G20_V56_3,1785.4900,906.1400,135.0000,4,2,1
12.0401,19,60,G19_V60_0,1632.1500,1007.1400,135.0000,1,2,0
12.0401,19,60,G19_V60_1,1497.1500,1142.1400,135.0000,2,2,0
12.0401,19,60,G19_V60_2,1362.1500,1007.1400,135.0000,3,2,1
12.0401,19,60,G19_V60_3,1497.1500,872.1400,135.0000,4,2,1
12.0438,20,65,G20_V65_0,1854.1300,979.9800,135.0000,1,2,0
12.0438,20,65,G20_V65_1,1719.1300,1114.9800,135.0000,2,2,0
12.0438,20,65,G20_V65_2,1584.1300,979.9800,135.0000,3,2,1
12.0438,20,65,G20_V65_3,1719.1300,844.9800,135.0000,4,2,1
12.0482,18,71,G18_V71_0,1566.3300,994.6300,135.0000,1,2,0
12.0482,18,71,G18_V71_1,1431.3300,1129.6300,135.0000,2,2,0
12.0482,18,71,G18_V71_2,1296.3300,994.6300,135.0000,3,2,1
12.0482,18,71,G18_V71_3,1431.3300,859.6300,135.0000,4,2,1
12.0534,18,78,G18_V78_0,1580.1200,997.3300,135.0000,1,2,0
12.0534,18,78,G18_V78_1,1445.1200,1132.3300,135.0000,2,2,0
12.0534,18,78,G18_V78_2,1310.1200,997.3300,135.0000,3,2,1
12.0534,18,78,G18_V78_3,1445.1200,862.3300,135.0000,4,2,1
12.0542,19,79,G19_V79_0,1722.0000,1105.6200,135.0000,1,2,0
12.0542,19,79,G19_V79_1,1587.0000,1240.6200,135.0000,2,2,0
12.0542,19,79,G19_V79_2,1452.0000,1105.6200,135.0000,3,2,1
12.0542,19,79,G19_V79_3,1587.0000,970.6200,135.0000,4,2,1
12.0645,19,93,G19_V93_0,1625.2300,1006.1300,135.0000,1,2,0
12.0645,19,93,G19_V93_1,1490.2300,1141.1300,135.0000,2,2,0
12.0645,19,93,G19_V93_2,1355.2300,1006.1300,135.0000,3,2,1
12.0645,19,93,G19_V93_3,1490.2300,871.1300,135.0000,4,2,1
12.0660,26,95,G26_V95_0,1401.2300,1300.6800,135.0000,1,2,0
12.0660,26,95,G26_V95_1,1266.2300,1435.6800,135.0000,2,2,0
12.0660,26,95,G26_V95_2,1131.2300,1300.6800,135.0000,3,2,1
12.0660,26,95,G26_V95_3,1266.2300,1165.6800,135.0000,4,2,1
12.0668,19,96,G19_V96_0,1718.3700,1099.6400,135.0000,1,2,0
12.0668,19,96,G19_V96_1,1583.3700,1234.6400,135.0000,2,2,0
12.0668,19,96,G19_V96_2,1448.3700,1099.6400,135.0000,3,2,1
12.0668,19,96,G19_V96_3,1583.3700,964.6400,135.0000,4,2,1
12.0705,10,101,G10_V101_0,1553.0700,805.7800,135.0000,1,2,0
12.0705,10,101,G10_V101_1,1418.0700,940.7800,135.0000,2,2,0
12.0705,10,101,G10_V101_2,1283.0700,805.7800,135.0000,3,2,1
12.0705,10,101,G10_V101_3,1418.0700,670.7800,135.0000,4,2,1
12.0771,11,110,G11_V110_0,1626.8480,774.9034,135.0000,1,2,0
12.0771,11,110,G11_V110_1,1491.8480,909.9034,135.0000,2,2,0
12.0771,11,110,G11_V110_2,1356.8480,774.9034,135.0000,3,2,1
12.0771,11,110,G11_V110_3,1491.8480,639.9034,135.0000,4,2,1
12.0816,28,116,G28_V116_0,1840.6021,1277.6489,135.0000,1,2,0
12.0816,28,116,G28_V116_1,1705.6021,1412.6489,135.0000,2,2,0
12.0816,28,116,G28_V116_2,1570.6021,1277.6489,135.0000,3,2,1
12.0816,28,116,G28_V116_3,1705.6021,1142.6489,135.0000,4,2,1
12.0912,19,129,G19_V129_0,1594.9300,998.1300,135.0000,1,2,0
12.0912,19,129,G19_V129_1,1459.9300,1133.1300,135.0000,2,2,0
12.0912,19,129,G19_V129_2,1324.9300,998.1300,135.0000,3,2,1
12.0912,19,129,G19_V129_3,1459.9300,863.1300,135.0000,4,2,1
12.0919,45,130,G45_V130_0,2229.1900,1871.4500,135.0000,1,2,0
12.0919,45,130,G45_V130_1,2094.1900,2006.4500,135.0000,2,2,0
12.0919,45,130,G45_V130_2,1959.1900,1871.4500,135.0000,3,2,1
12.0919,45,130,G45_V130_3,2094.1900,1736.4500,135.0000,4,2,1
12.1023,27,9,G27_V9_0,1637.1100,1357.5200,135.0000,1,2,0
12.1023,27,9,G27_V9_1,1502.1100,1492.5200,135.0000,2,2,0
12.1023,27,9,G27_V9_2,1367.1100,1357.5200,135.0000,3,2,1
12.1023,27,9,G27_V9_3,1502.1100,1222.5200,135.0000,4,2,1
12.1038,12,11,G12_V11_0,2062.4528,823.8102,135.0000,1,2,0
12.1038,12,11,G12_V11_1,1927.4528,958.8102,135.0000,2,2,0
12.1038,12,11,G12_V11_2,1792.4528,823.8102,135.0000,3,2,1
12.1038,12,11,G12_V11_3,1927.4528,688.8102,135.0000,4,2,1
12.1134,28,24,G28_V24_0,1852.3484,1273.4789,135.0000,1,2,0
12.1134,28,24,G28_V24_1,1717.3484,1408.4789,135.0000,2,2,0
12.1134,28,24,G28_V24_2,1582.3484,1273.4789,135.0000,3,2,1
12.1134,28,24,G28_V24_3,1717.3484,1138.4789,135.0000,4,2,1
12.1149,27,26,G27_V26_0,1636.0300,1354.5100,135.0000,1,2,0
12.1149,27,26,G27_V26_1,1501.0300,1489.5100,135.0000,2,2,0
12.1149,27,26,G27_V26_2,1366.0300,1354.5100,135.0000,3,2,1
12.1149,27,26,G27_V26_3,1501.0300,1219.5100,135.0000,4,2,1
12.1171,27,29,G27_V29_0,1785.2100,1219.7400,135.0000,1,2,0
12.1171,27,29,G27_V29_1,1650.2100,1354.7400,135.0000,2,2,0
12.1171,27,29,G27_V29_2,1515.2100,1219.7400,135.0000,3,2,1
12.1171,27,29,G27_V29_3,1650.2100,1084.7400,135.0000,4,2,1
12.1349,20,53,G20_V53_0,1859.9800,976.0400,135.0000,1,2,0
12.1349,20,53,G20_V53_1,1724.9800,1111.0400,135.0000,2,2,0
12.1349,20,53,G20_V53_2,1589.9800,976.0400,135.0000,3,2,1
12.1349,20,53,G20_V53_3,1724.9800,841.0400,135.0000,4,2,1
12.1371,20,56,G20_V56_0,1920.4900,1041.1400,135.0000,1,2,0
12.1371,20,56,G20_V56_1,1785.4900,1176.1400,135.0000,2,2,0
12.1371,20,56,G20_V56_2,1650.4900,1041.1400,135.0000,3,2,1
12.1371,20,56,G20_V56_3,1785.4900,906.1400,135.0000,4,2,1
12.1401,19,60,G19_V60_0,1632.1500,1007.1400,135.0000,1,2,0
12.1401,19,60,G19_V60_1,1497.1500,1142.1400,135.0000,2,2,0
12.1401,19,60,G19_V60_2,1362.1500,1007.1400,135.0000,3,2,1
12.1401,19,60,G19_V60_3,1497.1500,872.1400,135.0000,4,2,1
12.1438,20,65,G20_V65_0,1854.1300,979.9800,135.0000,1,2,0
12.1438,20,65,G20_V65_1,1719.1300,1114.9800,135.0000,2,2,0
12.1438,20,65,G20_V65_2,1584.1300,979.9800,135.0000,3,2,1
12.1438,20,65,G20_V65_3,1719.1300,844.9800,135.0000,4,2,1
12.1482,18,71,G18_V71_0,1566.3300,994.6300,135.0000,1,2,0
12.1482,18,71,G18_V71_1,1431.3300,1129.6300,135.0000,2,2,0
12.1482,18,71,G18_V71_2,1296.3300,994.6300,135.0000,3,2,1
12.1482,18,71,G18_V71_3,1431.3300,859.6300,135.0000,4,2,1
12.1534,18,78,G18_V78_0,1580.1200,997.3300,135.0000,1,2,0
12.1534,18,78,G18_V78_1,1445.1200,1132.3300,135.0000,2,2,0
12.1534,18,78,G18_V78_2,1310.1200,997.3300,135.0000,3,2,1
12.1534,18,78,G18_V78_3,1445.1200,862.3300,135.0000,4,2,1
12.1542,19,79,G19_V79_0,1722.0000,1105.6200,135.0000,1,2,0
12.1542,19,79,G19_V79_1,1587.0000,1240.6200,135.0000,2,2,0
12.1542,19,79,G19_V79_2,1452.0000,1105.6200,135.0000,3,2,1
12.1542,19,79,G19_V79_3,1587.0000,970.6200,135.0000,4,2,1
12.1645,19,93,G19_V93_0,1625.2300,1006.1300,135.0000,1,2,0
12.1645,19,93,G19_V93_1,1490.2300,1141.1300,135.0000,2,2,0
12.1645,19,93,G19_V93_2,1355.2300,1006.1300,135.0000,3,2,1
12.1645,19,93,G19_V93_3,1490.2300,871.1300,135.0000,4,2,1
12.1660,26,95,G26_V95_0,1401.2300,1300.6800,135.0000,1,2,0
12.1660,26,95,G26_V95_1,1266.2300,1435.6800,135.0000,2,2,0
12.1660,26,95,G26_V95_2,1131.2300,1300.6800,135.0000,3,2,1
12.1660,26,95,G26_V95_3,1266.2300,1165.6800,135.0000,4,2,1
12.1668,19,96,G19_V96_0,1718.3700,1099.6400,135.0000,1,2,0
12.1668,19,96,G19_V96_1,1583.3700,1234.6400,135.0000,2,2,0
12.1668,19,96,G19_V96_2,1448.3700,1099.6400,135.0000,3,2,1
12.1668,19,96,G19_V96_3,1583.3700,964.6400,135.0000,4,2,1
12.1705,10,101,G10_V101_0,1553.0700,805.7800,135.0000,1,2,0
12.1705,10,101,G10_V101_1,1418.0700,940.7800,135.0000,2,2,0
12.1705,10,101,G10_V101_2,1283.0700,805.7800,135.0000,3,2,1
12.1705,10,101,G10_V101_3,1418.0700,670.7800,135.0000,4,2,1
12.1771,11,110,G11_V110_0,1628.0266,774.9339,135.0000,1,2,0
12.1771,11,110,G11_V110_1,1493.0266,909.9339,135.0000,2,2,0
12.1771,11,110,G11_V110_2,1358.0266,774.9339,135.0000,3,2,1
12.1771,11,110,G11_V110_3,1493.0266,639.9339,135.0000,4,2,1
12.1816,28,116,G28_V116_0,1840.6021,1277.6489,135.0000,1,2,0
12.1816,28,116,G28_V116_1,1705.6021,1412.6489,135.0000,2,2,0
12.1816,28,116,G28_V116_2,1570.6021,1277.6489,135.0000,3,2,1
12.1816,28,116,G28_V116_3,1705.6021,1142.6489,135.0000,4,2,1
12.1912,19,129,G19_V129_0,1594.9300,998.1300,135.0000,1,2,0
12.1912,19,129,G19_V129_1,1459.9300,1133.1300,135.0000,2,2,0
12.1912,19,129,G19_V129_2,1324.9300,998.1300,135.0000,3,2,1
12.1912,19,129,G19_V129_3,1459.9300,863.1300,135.0000,4,2,1
12.1919,45,130,G45_V130_0,2229.1900,1871.4500,135.0000,1,2,0
12.1919,45,130,G45_V130_1,2094.1900,2006.4500,135.0000,2,2,0
12.1919,45,130,G45_V130_2,1959.1900,1871.4500,135.0000,3,2,1
12.1919,45,130,G45_V130_3,2094.1900,1736.4500,135.0000,4,2,1
12.2023,27,9,G27_V9_0,1637.1100,1357.5200,135.0000,1,2,0
12.2023,27,9,G27_V9_1,1502.1100,1492.5200,135.0000,2,2,0
12.2023,27,9,G27_V9_2,1367.1100,1357.5200,135.0000,3,2,1
12.2023,27,9,G27_V9_3,1502.1100,1222.5200,135.0000,4,2,1
12.2038,12,11,G12_V11_0,2061.0477,824.6205,135.0000,1,2,0
12.2038,12,11,G12_V11_1,1926.0477,959.6205,135.0000,2,2,0
12.2038,12,11,G12_V11_2,1791.0477,824.6205,135.0000,3,2,1
12.2038,12,11,G12_V11_3,1926.0477,689.6205,135.0000,4,2,1
12.2134,28,24,G28_V24_0,1852.3484,1273.4789,135.0000,1,2,0
12.2134,28,24,G28_V24_1,1717.3484,1408.4789,135.0000,2,2,0
12.2134,28,24,G28_V24_2,1582.3484,1273.4789,135.0000,3,2,1
12.2134,28,24,G28_V24_3,1717.3484,1138.4789,135.0000,4,2,1
12.2149,27,26,G27_V26_0,1636.0300,1354.5100,135.0000,1,2,0
12.2149,27,26,G27_V26_1,1501.0300,1489.5100,135.0000,2,2,0
12.2149,27,26,G27_V26_2,1366.0300,1354.5100,135.0000,3,2,1
12.2149,27,26,G27_V26_3,1501.0300,1219.5100,135.0000,4,2,1
12.2171,27,29,G27_V29_0,1785.2100,1219.7400,135.0000,1,2,0
12.2171,27,29,G27_V29_1,1650.2100,1354.7400,135.0000,2,2,0
12.2171,27,29,G27_V29_2,1515.2100,1219.7400,135.0000,3,2,1
12.2171,27,29,G27_V29_3,1650.2100,1084.7400,135.0000,4,2,1
12.2349,20,53,G20_V53_0,1859.9800,976.0400,135.0000,1,2,0
12.2349,20,53,G20_V53_1,1724.9800,1111.0400,135.0000,2,2,0
12.2349,20,53,G20_V53_2,1589.9800,976.0400,135.0000,3,2,1
12.2349,20,53,G20_V53_3,1724.9800,841.0400,135.0000,4,2,1
12.2371,20,56,G20_V56_0,1920.4900,1041.1400,135.0000,1,2,0
12.2371,20,56,G20_V56_1,1785.4900,1176.1400,135.0000,2,2,0
12.2371,20,56,G20_V56_2,1650.4900,1041.1400,135.0000,3,2,1
12.2371,20,56,G20_V56_3,1785.4900,906.1400,135.0000,4,2,1
12.2401,19,60,G19_V60_0,1632.1500,1007.1400,135.0000,1,2,0
12.2401,19,60,G19_V60_1,1497.1500,1142.1400,135.0000,2,2,0
12.2401,19,60,G19_V60_2,1362.1500,1007.1400,135.0000,3,2,1
12.2401,19,60,G19_V60_3,1497.1500,872.1400,135.0000,4,2,1
12.2438,20,65,G20_V65_0,1854.1300,979.9800,135.0000,1,2,0
12.2438,20,65,G20_V65_1,1719.1300,1114.9800,135.0000,2,2,0
12.2438,20,65,G20_V65_2,1584.1300,979.9800,135.0000,3,2,1
12.2438,20,65,G20_V65_3,1719.1300,844.9800,135.0000,4,2,1
12.2482,18,71,G18_V71_0,1566.3300,994.6300,135.0000,1,2,0
12.2482,18,71,G18_V71_1,1431.3300,1129.6300,135.0000,2,2,0
12.2482,18,71,G18_V71_2,1296.3300,994.6300,135.0000,3,2,1
12.2482,18,71,G18_V71_3,1431.3300,859.6300,135.0000,4,2,1
12.2534,18,78,G18_V78_0,1580.1200,997.3300,135.0000,1,2,0
12.2534,18,78,G18_V78_1,1445.1200,1132.3300,135.0000,2,2,0
12.2534,18,78,G18_V78_2,1310.1200,997.3300,135.0000,3,2,1
12.2534,18,78,G18_V78_3,1445.1200,862.3300,135.0000,4,2,1
12.2542,19,79,G19_V79_0,1722.0000,1105.6200,135.0000,1,2,0
12.2542,19,79,G19_V79_1,1587.0000,1240.6200,135.0000,2,2,0
12.2542,19,79,G19_V79_2,1452.0000,1105.6200,135.0000,3,2,1
12.2542,19,79,G19_V79_3,1587.0000,970.6200,135.0000,4,2,1
12.2645,19,93,G19_V93_0,1625.2300,1006.1300,135.0000,1,2,0
12.2645,19,93,G19_V93_1,1490.2300,1141.1300,135.0000,2,2,0
12.2645,19,93,G19_V93_2,1355.2300,1006.1300,135.0000,3,2,1
12.2645,19,93,G19_V93_3,1490.2300,871.1300,135.0000,4,2,1
12.2660,26,95,G26_V95_0,1401.2300,1300.6800,135.0000,1,2,0
12.2660,26,95,G26_V95_1,1266.2300,1435.6800,135.0000,2,2,0
12.2660,26,95,G26_V95_2,1131.2300,1300.6800,135.0000,3,2,1
12.2660,26,95,G26_V95_3,1266.2300,1165.6800,135.0000,4,2,1
12.2668,19,96,G19_V96_0,1718.3700,1099.6400,135.0000,1,2,0
12.2668,19,96,G19_V96_1,1583.3700,1234.6400,135.0000,2,2,0
12.2668,19,96,G19_V96_2,1448.3700,1099.6400,135.0000,3,2,1
12.2668,19,96,G19_V96_3,1583.3700,964.6400,135.0000,4,2,1
12.2705,10,101,G10_V101_0,1553.0700,805.7800,135.0000,1,2,0
12.2705,10,101,G10_V101_1,1418.0700,940.7800,135.0000,2,2,0
12.2705,10,101,G10_V101_2,1283.0700,805.7800,135.0000,3,2,1
12.2705,10,101,G10_V101_3,1418.0700,670.7800,135.0000,4,2,1
12.2771,11,110,G11_V110_0,1629.2052,774.9643,135.0000,1,2,0
12.2771,11,110,G11_V110_1,1494.2052,909.9643,135.0000,2,2,0
12.2771,11,110,G11_V110_2,1359.2052,774.9643,135.0000,3,2,1
12.2771,11,110,G11_V110_3,1494.2052,639.9643,135.0000,4,2,1
12.2816,28,116,G28_V116_0,1840.6021,1277.6489,135.0000,1,2,0
12.2816,28,116,G28_V116_1,1705.6021,1412.6489,135.0000,2,2,0
12.2816,28,116,G28_V116_2,1570.6021,1277.6489,135.0000,3,2,1
12.2816,28,116,G28_V116_3,1705.6021,1142.6489,135.0000,4,2,1
12.2912,19,129,G19_V129_0,1594.9300,998.1300,135.0000,1,2,0
12.2912,19,129,G19_V129_1,1459.9300,1133.1300,135.0000,2,2,0
12.2912,19,129,G19_V129_2,1324.9300,998.1300,135.0000,3,2,1
12.2912,19,129,G19_V129_3,1459.9300,863.1300,135.0000,4,2,1
12.2920,45,130,G45_V130_0,2229.1900,1871.4500,135.0000,1,2,0
12.2920,45,130,G45_V130_1,2094.1900,2006.4500,135.0000,2,2,0
12.2920,45,130,G45_V130_2,1959.1900,1871.4500,135.0000,3,2,1
12.2920,45,130,G45_V130_3,2094.1900,1736.4500,135.0000,4,2,1
12.3023,27,9,G27_V9_0,1637.1100,1357.5200,135.0000,1,2,0
12.3023,27,9,G27_V9_1,1502.1100,1492.5200,135.0000,2,2,0
12.3023,27,9,G27_V9_2,1367.1100,1357.5200,135.0000,3,2,1
12.3023,27,9,G27_V9_3,1502.1100,1222.5200,135.0000,4,2,1
12.3038,12,11,G12_V11_0,2059.6425,825.4307,135.0000,1,2,0
12.3038,12,11,G12_V11_1,1924.6425,960.4307,135.0000,2,2,0
12.3038,12,11,G12_V11_2,1789.6425,825.4307,135.0000,3,2,1
12.3038,12,11,G12_V11_3,1924.6425,690.4307,135.0000,4,2,1
12.3134,28,24,G28_V24_0,1852.3484,1273.4789,135.0000,1,2,0
12.3134,28,24,G28_V24_1,1717.3484,1408.4789,135.0000,2,2,0
12.3134,28,24,G28_V24_2,1582.3484,1273.4789,135.0000,3,2,1
12.3134,28,24,G28_V24_3,1717.3484,1138.4789,135.0000,4,2,1
12.3149,27,26,G27_V26_0,1636.0300,1354.5100,135.0000,1,2,0
12.3149,27,26,G27_V26_1,1501.0300,1489.5100,135.0000,2,2,0
12.3149,27,26,G27_V26_2,1366.0300,1354.5100,135.0000,3,2,1
12.3149,27,26,G27_V26_3,1501.0300,1219.5100,135.0000,4,2,1
12.3171,27,29,G27_V29_0,1785.2100,1219.7400,135.0000,1,2,0
12.3171,27,29,G27_V29_1,1650.2100,1354.7400,135.0000,2,2,0
12.3171,27,29,G27_V29_2,1515.2100,1219.7400,135.0000,3,2,1
12.3171,27,29,G27_V29_3,1650.2100,1084.7400,135.0000,4,2,1
12.3349,20,53,G20_V53_0,1859.9800,976.0400,135.0000,1,2,0
12.3349,20,53,G20_V53_1,1724.9800,1111.0400,135.0000,2,2,0
12.3349,20,53,G20_V53_2,1589.9800,976.0400,135.0000,3,2,1
12.3349,20,53,G20_V53_3,1724.9800,841.0400,135.0000,4,2,1
12.3371,20,56,G20_V56_0,1920.4900,1041.1400,135.0000,1,2,0
12.3371,20,56,G20_V56_1,1785.4900,1176.1400,135.0000,2,2,0
12.3371,20,56,G20_V56_2,1650.4900,1041.1400,135.0000,3,2,1
12.3371,20,56,G20_V56_3,1785.4900,906.1400,135.0000,4,2,1
12.3401,19,60,G19_V60_0,1632.1500,1007.1400,135.0000,1,2,0
12.3401,19,60,G19_V60_1,1497.1500,1142.1400,135.0000,2,2,0
12.3401,19,60,G19_V60_2,1362.1500,1007.1400,135.0000,3,2,1
12.3401,19,60,G19_V60_3,1497.1500,872.1400,135.0000,4,2,1
12.3438,20,65,G20_V65_0,1854.1300,979.9800,135.0000,1,2,0
12.3438,20,65,G20_V65_1,1719.1300,1114.9800,135.0000,2,2,0
12.3438,20,65,G20_V65_2,1584.1300,979.9800,135.0000,3,2,1
12.3438,20,65,G20_V65_3,1719.1300,844.9800,135.0000,4,2,1
12.3482,18,71,G18_V71_0,1566.3300,994.6300,135.0000,1,2,0
12.3482,18,71,G18_V71_1,1431.3300,1129.6300,135.0000,2,2,0
12.3482,18,71,G18_V71_2,1296.3300,994.6300,135.0000,3,2,1
12.3482,18,71,G18_V71_3,1431.3300,859.6300,135.0000,4,2,1
12.3534,18,78,G18_V78_0,1580.1200,997.3300,135.0000,1,2,0
12.3534,18,78,G18_V78_1,1445.1200,1132.3300,135.0000,2,2,0
12.3534,18,78,G18_V78_2,1310.1200,997.3300,135.0000,3,2,1
12.3534,18,78,G18_V78_3,1445.1200,862.3300,135.0000,4,2,1
12.3542,19,79,G19_V79_0,1722.0000,1105.6200,135.0000,1,2,0
12.3542,19,79,G19_V79_1,1587.0000,1240.6200,135.0000,2,2,0
12.3542,19,79,G19_V79_2,1452.0000,1105.6200,135.0000,3,2,1
12.3542,19,79,G19_V79_3,1587.0000,970.6200,135.0000,4,2,1
12.3645,19,93,G19_V93_0,1625.2300,1006.1300,135.0000,1,2,0
12.3645,19,93,G19_V93_1,1490.2300,1141.1300,135.0000,2,2,0
12.3645,19,93,G19_V93_2,1355.2300,1006.1300,135.0000,3,2,1
12.3645,19,93,G19_V93_3,1490.2300,871.1300,135.0000,4,2,1
12.3660,26,95,G26_V95_0,1401.2300,1300.6800,135.0000,1,2,0
12.3660,26,95,G26_V95_1,1266.2300,1435.6800,135.0000,2,2,0
12.3660,26,95,G26_V95_2,1131.2300,1300.6800,135.0000,3,2,1
12.3660,26,95,G26_V95_3,1266.2300,1165.6800,135.0000,4,2,1
12.3668,19,96,G19_V96_0,1718.3700,1099.6400,135.0000,1,2,0
12.3668,19,96,G19_V96_1,1583.3700,1234.6400,135.0000,2,2,0
12.3668,19,96,G19_V96_2,1448.3700,1099.6400,135.0000,3,2,1
12.3668,19,96,G19_V96_3,1583.3700,964.6400,135.0000,4,2,1
12.3705,10,101,G10_V101_0,1553.0700,805.7800,135.0000,1,2,0
12.3705,10,101,G10_V101_1,1418.0700,940.7800,135.0000,2,2,0
12.3705,10,101,G10_V101_2,1283.0700,805.7800,135.0000,3,2,1
12.3705,10,101,G10_V101_3,1418.0700,670.7800,135.0000,4,2,1
12.3771,11,110,G11_V110_0,1630.3838,774.9947,135.0000,1,2,0
12.3771,11,110,G11_V110_1,1495.3838,909.9947,135.0000,2,2,0
12.3771,11,110,G11_V110_2,1360.3838,774.9947,135.0000,3,2,1
12.3771,11,110,G11_V110_3,1495.3838,639.9947,135.0000,4,2,1
12.3816,28,116,G28_V116_0,1840.6021,1277.6489,135.0000,1,2,0
12.3816,28,116,G28_V116_1,1705.6021,1412.6489,135.0000,2,2,0
12.3816,28,116,G28_V116_2,1570.6021,1277.6489,135.0000,3,2,1
12.3816,28,116,G28_V116_3,1705.6021,1142.6489,135.0000,4,2,1
12.3912,19,129,G19_V129_0,1594.9300,998.1300,135.0000,1,2,0
12.3912,19,129,G19_V129_1,1459.9300,1133.1300,135.0000,2,2,0
12.3912,19,129,G19_V129_2,1324.9300,998.1300,135.0000,3,2,1
12.3912,19,129,G19_V129_3,1459.9300,863.1300,135.0000,4,2,1
12.3919,45,130,G45_V130_0,2229.1900,1871.4500,135.0000,1,2,0
12.3919,45,130,G45_V130_1,2094.1900,2006.4500,135.0000,2,2,0
12.3919,45,130,G45_V130_2,1959.1900,1871.4500,135.0000,3,2,1
12.3919,45,130,G45_V130_3,2094.1900,1736.4500,135.0000,4,2,1
12.4023,27,9,G27_V9_0,1637.1100,1357.5200,135.0000,1,2,0
12.4023,27,9,G27_V9_1,1502.1100,1492.5200,135.0000,2,2,0
12.4023,27,9,G27_V9_2,1367.1100,1357.5200,135.0000,3,2,1
12.4023,27,9,G27_V9_3,1502.1100,1222.5200,135.0000,4,2,1
12.4038,12,11,G12_V11_0,2058.2374,826.2409,135.0000,1,2,0
12.4038,12,11,G12_V11_1,1923.2374,961.2409,135.0000,2,2,0
12.4038,12,11,G12_V11_2,1788.2374,826.2409,135.0000,3,2,1
12.4038,12,11,G12_V11_3,1923.2374,691.2409,135.0000,4,2,1
12.4134,28,24,G28_V24_0,1852.3484,1273.4789,135.0000,1,2,0
12.4134,28,24,G28_V24_1,1717.3484,1408.4789,135.0000,2,2,0
12.4134,28,24,G28_V24_2,1582.3484,1273.4789,135.0000,3,2,1
12.4134,28,24,G28_V24_3,1717.3484,1138.4789,135.0000,4,2,1
12.4149,27,26,G27_V26_0,1636.0300,1354.5100,135.0000,1,2,0
12.4149,27,26,G27_V26_1,1501.0300,1489.5100,135.0000,2,2,0
12.4149,27,26,G27_V26_2,1366.0300,1354.5100,135.0000,3,2,1
12.4149,27,26,G27_V26_3,1501.0300,1219.5100,135.0000,4,2,1
12.4171,27,29,G27_V29_0,1785.2100,1219.7400,135.0000,1,2,0
12.4171,27,29,G27_V29_1,1650.2100,1354.7400,135.0000,2,2,0
12.4171,27,29,G27_V29_2,1515.2100,1219.7400,135.0000,3,2,1
12.4171,27,29,G27_V29_3,1650.2100,1084.7400,135.0000,4,2,1
12.4349,20,53,G20_V53_0,1859.9800,976.0400,135.0000,1,2,0
12.4349,20,53,G20_V53_1,1724.9800,1111.0400,135.0000,2,2,0
12.4349,20,53,G20_V53_2,1589.9800,976.0400,135.0000,3,2,1
12.4349,20,53,G20_V53_3,1724.9800,841.0400,135.0000,4,2,1
12.4371,20,56,G20_V56_0,1920.4900,1041.1400,135.0000,1,2,0
12.4371,20,56,G20_V56_1,1785.4900,1176.1400,135.0000,2,2,0
12.4371,20,56,G20_V56_2,1650.4900,1041.1400,135.0000,3,2,1
12.4371,20,56,G20_V56_3,1785.4900,906.1400,135.0000,4,2,1
12.4401,19,60,G19_V60_0,1632.1500,1007.1400,135.0000,1,2,0
12.4401,19,60,G19_V60_1,1497.1500,1142.1400,135.0000,2,2,0
12.4401,19,60,G19_V60_2,1362.1500,1007.1400,135.0000,3,2,1
12.4401,19,60,G19_V60_3,1497.1500,872.1400,135.0000,4,2,1
12.4438,20,65,G20_V65_0,1854.1300,979.9800,135.0000,1,2,0
12.4438,20,65,G20_V65_1,1719.1300,1114.9800,135.0000,2,2,0
12.4438,20,65,G20_V65_2,1584.1300,979.9800,135.0000,3,2,1
12.4438,20,65,G20_V65_3,1719.1300,844.9800,135.0000,4,2,1
12.4482,18,71,G18_V71_0,1566.3300,994.6300,135.0000,1,2,0
12.4482,18,71,G18_V71_1,1431.3300,1129.6300,135.0000,2,2,0
12.4482,18,71,G18_V71_2,1296.3300,994.6300,135.0000,3,2,1
12.4482,18,71,G18_V71_3,1431.3300,859.6300,135.0000,4,2,1
12.4534,18,78,G18_V78_0,1580.1200,997.3300,135.0000,1,2,0
12.4534,18,78,G18_V78_1,1445.1200,1132.3300,135.0000,2,2,0
12.4534,18,78,G18_V78_2,1310.1200,997.3300,135.0000,3,2,1
12.4534,18,78,G18_V78_3,1445.1200,862.3300,135.0000,4,2,1
12.4542,19,79,G19_V79_0,1722.0000,1105.6200,135.0000,1,2,0
12.4542,19,79,G19_V79_1,1587.0000,1240.6200,135.0000,2,2,0
12.4542,19,79,G19_V79_2,1452.0000,1105.6200,135.0000,3,2,1
12.4542,19,79,G19_V79_3,1587.0000,970.6200,135.0000,4,2,1
12.4645,19,93,G19_V93_0,1625.2300,1006.1300,135.0000,1,2,0
12.4645,19,93,G19_V93_1,1490.2300,1141.1300,135.0000,2,2,0
12.4645,19,93,G19_V93_2,1355.2300,1006.1300,135.0000,3,2,1
12.4645,19,93,G19_V93_3,1490.2300,871.1300,135.0000,4,2,1
12.4660,26,95,G26_V95_0,1401.2300,1300.6800,135.0000,1,2,0
12.4660,26,95,G26_V95_1,1266.2300,1435.6800,135.0000,2,2,0
12.4660,26,95,G26_V95_2,1131.2300,1300.6800,135.0000,3,2,1
12.4660,26,95,G26_V95_3,1266.2300,1165.6800,135.0000,4,2,1
12.4668,19,96,G19_V96_0,1718.3700,1099.6400,135.0000,1,2,0
12.4668,19,96,G19_V96_1,1583.3700,1234.6400,135.0000,2,2,0
12.4668,19,96,G19_V96_2,1448.3700,1099.6400,135.0000,3,2,1
12.4668,19,96,G19_V96_3,1583.3700,964.6400,135.0000,4,2,1
12.4705,10,101,G10_V101_0,1553.0700,805.7800,135.0000,1,2,0
12.4705,10,101,G10_V101_1,1418.0700,940.7800,135.0000,2,2,0
12.4705,10,101,G10_V101_2,1283.0700,805.7800,135.0000,3,2,1
12.4705,10,101,G10_V101_3,1418.0700,670.7800,135.0000,4,2,1
12.4771,11,110,G11_V110_0,1631.5624,775.0252,135.0000,1,2,0
12.4771,11,110,G11_V110_1,1496.5624,910.0252,135.0000,2,2,0
12.4771,11,110,G11_V110_2,1361.5624,775.0252,135.0000,3,2,1
12.4771,11,110,G11_V110_3,1496.5624,640.0252,135.0000,4,2,1
12.4816,28,116,G28_V116_0,1840.6021,1277.6489,135.0000,1,2,0
12.4816,28,116,G28_V116_1,1705.6021,1412.6489,135.0000,2,2,0
12.4816,28,116,G28_V116_2,1570.6021,1277.6489,135.0000,3,2,1
12.4816,28,116,G28_V116_3,1705.6021,1142.6489,135.0000,4,2,1
12.4912,19,129,G19_V129_0,1594.9300,998.1300,135.0000,1,2,0
12.4912,19,129,G19_V129_1,1459.9300,1133.1300,135.0000,2,2,0
12.4912,19,129,G19_V129_2,1324.9300,998.1300,135.0000,3,2,1
12.4912,19,129,G19_V129_3,1459.9300,863.1300,135.0000,4,2,1
12.4919,45,130,G45_V130_0,2229.1900,1871.4500,135.0000,1,2,0
12.4919,45,130,G45_V130_1,2094.1900,2006.4500,135.0000,2,2,0
12.4919,45,130,G45_V130_2,1959.1900,1871.4500,135.0000,3,2,1
12.4919,45,130,G45_V130_3,2094.1900,1736.4500,135.0000,4,2,1
12.5023,27,9,G27_V9_0,1637.1100,1357.5200,135.0000,1,2,0
12.5023,27,9,G27_V9_1,1502.1100,1492.5200,135.0000,2,2,0
12.5023,27,9,G27_V9_2,1367.1100,1357.5200,135.0000,3,2,1
12.5023,27,9,G27_V9_3,1502.1100,1222.5200,135.0000,4,2,1
12.5038,12,11,G12_V11_0,2056.8323,827.0512,135.0000,1,2,0
12.5038,12,11,G12_V11_1,1921.8323,962.0512,135.0000,2,2,0
12.5038,12,11,G12_V11_2,1786.8323,827.0512,135.0000,3,2,1
12.5038,12,11,G12_V11_3,1921.8323,692.0512,135.0000,4,2,1
12.5134,28,24,G28_V24_0,1852.3484,1273.4789,135.0000,1,2,0
12.5134,28,24,G28_V24_1,1717.3484,1408.4789,135.0000,2,2,0
12.5134,28,24,G28_V24_2,1582.3484,1273.4789,135.0000,3,2,1
12.5134,28,24,G28_V24_3,1717.3484,1138.4789,135.0000,4,2,1
12.5149,27,26,G27_V26_0,1636.0300,1354.5100,135.0000,1,2,0
12.5149,27,26,G27_V26_1,1501.0300,1489.5100,135.0000,2,2,0
12.5149,27,26,G27_V26_2,1366.0300,1354.5100,135.0000,3,2,1
12.5149,27,26,G27_V26_3,1501.0300,1219.5100,135.0000,4,2,1
12.5171,27,29,G27_V29_0,1785.2100,1219.7400,135.0000,1,2,0
12.5171,27,29,G27_V29_1,1650.2100,1354.7400,135.0000,2,2,0
12.5171,27,29,G27_V29_2,1515.2100,1219.7400,135.0000,3,2,1
12.5171,27,29,G27_V29_3,1650.2100,1084.7400,135.0000,4,2,1
12.5349,20,53,G20_V53_0,1859.9800,976.0400,135.0000,1,2,0
12.5349,20,53,G20_V53_1,1724.9800,1111.0400,135.0000,2,2,0
12.5349,20,53,G20_V53_2,1589.9800,976.0400,135.0000,3,2,1
12.5349,20,53,G20_V53_3,1724.9800,841.0400,135.0000,4,2,1
12.5371,20,56,G20_V56_0,1920.4900,1041.1400,135.0000,1,2,0
12.5371,20,56,G20_V56_1,1785.4900,1176.1400,135.0000,2,2,0
12.5371,20,56,G20_V56_2,1650.4900,1041.1400,135.0000,3,2,1
12.5371,20,56,G20_V56_3,1785.4900,906.1400,135.0000,4,2,1
12.5401,19,60,G19_V60_0,1632.1500,1007.1400,135.0000,1,2,0
12.5401,19,60,G19_V60_1,1497.1500,1142.1400,135.0000,2,2,0
12.5401,19,60,G19_V60_2,1362.1500,1007.1400,135.0000,3,2,1
12.5401,19,60,G19_V60_3,1497.1500,872.1400,135.0000,4,2,1
12.5438,20,65,G20_V65_0,1854.1300,979.9800,135.0000,1,2,0
12.5438,20,65,G20_V65_1,1719.1300,1114.9800,135.0000,2,2,0
12.5438,20,65,G20_V65_2,1584.1300,979.9800,135.0000,3,2,1
12.5438,20,65,G20_V65_3,1719.1300,844.9800,135.0000,4,2,1
12.5482,18,71,G18_V71_0,1566.3300,994.6300,135.0000,1,2,0
12.5482,18,71,G18_V71_1,1431.3300,1129.6300,135.0000,2,2,0
12.5482,18,71,G18_V71_2,1296.3300,994.6300,135.0000,3,2,1
12.5482,18,71,G18_V71_3,1431.3300,859.6300,135.0000,4,2,1
12.5534,18,78,G18_V78_0,1580.1200,997.3300,135.0000,1,2,0
12.5534,18,78,G18_V78_1,1445.1200,1132.3300,135.0000,2,2,0
12.5534,18,78,G18_V78_2,1310.1200,997.3300,135.0000,3,2,1
12.5534,18,78,G18_V78_3,1445.1200,862.3300,135.0000,4,2,1
12.5542,19,79,G19_V79_0,1722.0000,1105.6200,135.0000,1,2,0
12.5542,19,79,G19_V79_1,1587.0000,1240.6200,135.0000,2,2,0
12.5542,19,79,G19_V79_2,1452.0000,1105.6200,135.0000,3,2,1
12.5542,19,79,G19_V79_3,1587.0000,970.6200,135.0000,4,2,1
12.5645,19,93,G19_V93_0,1625.2300,1006.1300,135.0000,1,2,0
12.5645,19,93,G19_V93_1,1490.2300,1141.1300,135.0000,2,2,0
12.5645,19,93,G19_V93_2,1355.2300,1006.1300,135.0000,3,2,1
12.5645,19,93,G19_V93_3,1490.2300,871.1300,135.0000,4,2,1
12.5660,26,95,G26_V95_0,1401.2300,1300.6800,135.0000,1,2,0
12.5660,26,95,G26_V95_1,1266.2300,1435.6800,135.0000,2,2,0
12.5660,26,95,G26_V95_2,1131.2300,1300.6800,135.0000,3,2,1
12.5660,26,95,G26_V95_3,1266.2300,1165.6800,135.0000,4,2,1
12.5668,19,96,G19_V96_0,1718.3700,1099.6400,135.0000,1,2,0
12.5668,19,96,G19_V96_1,1583.3700,1234.6400,135.0000,2,2,0
12.5668,19,96,G19_V96_2,1448.3700,1099.6400,135.0000,3,2,1
12.5668,19,96,G19_V96_3,1583.3700,964.6400,135.0000,4,2,1
12.5705,10,101,G10_V101_0,1553.0700,805.7800,135.0000,1,2,0
12.5705,10,101,G10_V101_1,1418.0700,940.7800,135.0000,2,2,0
12.5705,10,101,G10_V101_2,1283.0700,805.7800,135.0000,3,2,1
12.5705,10,101,G10_V101_3,1418.0700,670.7800,135.0000,4,2,1
12.5771,11,110,G11_V110_0,1632.7410,775.0556,135.0000,1,2,0
12.5771,11,110,G11_V110_1,1497.7410,910.0556,135.0000,2,2,0
12.5771,11,110,G11_V110_2,1362.7410,775.0556,135.0000,3,2,1
12.5771,11,110,G11_V110_3,1497.7410,640.0556,135.0000,4,2,1
12.5816,28,116,G28_V116_0,1840.6021,1277.6489,135.0000,1,2,0
12.5816,28,116,G28_V116_1,1705.6021,1412.6489,135.0000,2,2,0
12.5816,28,116,G28_V116_2,1570.6021,1277.6489,135.0000,3,2,1
12.5816,28,116,G28_V116_3,1705.6021,1142.6489,135.0000,4,2,1
12.5912,19,129,G19_V129_0,1594.9300,998.1300,135.0000,1,2,0
12.5912,19,129,G19_V129_1,1459.9300,1133.1300,135.0000,2,2,0
12.5912,19,129,G19_V129_2,1324.9300,998.1300,135.0000,3,2,1
12.5912,19,129,G19_V129_3,1459.9300,863.1300,135.0000,4,2,1
12.5919,45,130,G45_V130_0,2229.1900,1871.4500,135.0000,1,2,0
12.5919,45,130,G45_V130_1,2094.1900,2006.4500,135.0000,2,2,0
12.5919,45,130,G45_V130_2,1959.1900,1871.4500,135.0000,3,2,1
12.5919,45,130,G45_V130_3,2094.1900,1736.4500,135.0000,4,2,1
12.6023,27,9,G27_V9_0,1637.1100,1357.5200,135.0000,1,2,0
12.6023,27,9,G27_V9_1,1502.1100,1492.5200,135.0000,2,2,0
12.6023,27,9,G27_V9_2,1367.1100,1357.5200,135.0000,3,2,1
12.6023,27,9,G27_V9_3,1502.1100,1222.5200,135.0000,4,2,1
12.6038,12,11,G12_V11_0,2055.4271,827.8614,135.0000,1,2,0
12.6038,12,11,G12_V11_1,1920.4271,962.8614,135.0000,2,2,0
12.6038,12,11,G12_V11_2,1785.4271,827.8614,135.0000,3,2,1
12.6038,12,11,G12_V11_3,1920.4271,692.8614,135.0000,4,2,1
12.6134,28,24,G28_V24_0,1852.3484,1273.4789,135.0000,1,2,0
12.6134,28,24,G28_V24_1,1717.3484,1408.4789,135.0000,2,2,0
12.6134,28,24,G28_V24_2,1582.3484,1273.4789,135.0000,3,2,1
12.6134,28,24,G28_V24_3,1717.3484,1138.4789,135.0000,4,2,1
12.6149,27,26,G27_V26_0,1636.0300,1354.5100,135.0000,1,2,0
12.6149,27,26,G27_V26_1,1501.0300,1489.5100,135.0000,2,2,0
12.6149,27,26,G27_V26_2,1366.0300,1354.5100,135.0000,3,2,1
12.6149,27,26,G27_V26_3,1501.0300,1219.5100,135.0000,4,2,1
12.6171,27,29,G27_V29_0,1785.2100,1219.7400,135.0000,1,2,0
12.6171,27,29,G27_V29_1,1650.2100,1354.7400,135.0000,2,2,0
12.6171,27,29,G27_V29_2,1515.2100,1219.7400,135.0000,3,2,1
12.6171,27,29,G27_V29_3,1650.2100,1084.7400,135.0000,4,2,1
12.6349,20,53,G20_V53_0,1859.9800,976.0400,135.0000,1,2,0
12.6349,20,53,G20_V53_1,1724.9800,1111.0400,135.0000,2,2,0
12.6349,20,53,G20_V53_2,1589.9800,976.0400,135.0000,3,2,1
12.6349,20,53,G20_V53_3,1724.9800,841.0400,135.0000,4,2,1
12.6371,20,56,G20_V56_0,1920.4900,1041.1400,135.0000,1,2,0
12.6371,20,56,G20_V56_1,1785.4900,1176.1400,135.0000,2,2,0
12.6371,20,56,G20_V56_2,1650.4900,1041.1400,135.0000,3,2,1
12.6371,20,56,G20_V56_3,1785.4900,906.1400,135.0000,4,2,1
12.6401,19,60,G19_V60_0,1632.1500,1007.1400,135.0000,1,2,0
12.6401,19,60,G19_V60_1,1497.1500,1142.1400,135.0000,2,2,0
12.6401,19,60,G19_V60_2,1362.1500,1007.1400,135.0000,3,2,1
12.6401,19,60,G19_V60_3,1497.1500,872.1400,135.0000,4,2,1
12.6438,20,65,G20_V65_0,1854.1300,979.9800,135.0000,1,2,0
12.6438,20,65,G20_V65_1,1719.1300,1114.9800,135.0000,2,2,0
12.6438,20,65,G20_V65_2,1584.1300,979.9800,135.0000,3,2,1
12.6438,20,65,G20_V65_3,1719.1300,844.9800,135.0000,4,2,1
12.6482,18,71,G18_V71_0,1566.3300,994.6300,135.0000,1,2,0
12.6482,18,71,G18_V71_1,1431.3300,1129.6300,135.0000,2,2,0
12.6482,18,71,G18_V71_2,1296.3300,994.6300,135.0000,3,2,1
12.6482,18,71,G18_V71_3,1431.3300,859.6300,135.0000,4,2,1
12.6534,18,78,G18_V78_0,1580.1200,997.3300,135.0000,1,2,0
12.6534,18,78,G18_V78_1,1445.1200,1132.3300,135.0000,2,2,0
12.6534,18,78,G18_V78_2,1310.1200,997.3300,135.0000,3,2,1
12.6534,18,78,G18_V78_3,1445.1200,862.3300,135.0000,4,2,1
12.6542,19,79,G19_V79_0,1722.0000,1105.6200,135.0000,1,2,0
12.6542,19,79,G19_V79_1,1587.0000,1240.6200,135.0000,2,2,0
12.6542,19,79,G19_V79_2,1452.0000,1105.6200,135.0000,3,2,1
12.6542,19,79,G19_V79_3,1587.0000,970.6200,135.0000,4,2,1
12.6645,19,93,G19_V93_0,1625.2300,1006.1300,135.0000,1,2,0
12.6645,19,93,G19_V93_1,1490.2300,1141.1300,135.0000,2,2,0
12.6645,19,93,G19_V93_2,1355.2300,1006.1300,135.0000,3,2,1
12.6645,19,93,G19_V93_3,1490.2300,871.1300,135.0000,4,2,1
12.6660,26,95,G26_V95_0,1401.2300,1300.6800,135.0000,1,2,0
12.6660,26,95,G26_V95_1,1266.2300,1435.6800,135.0000,2,2,0
12.6660,26,95,G26_V95_2,1131.2300,1300.6800,135.0000,3,2,1
12.6660,26,95,G26_V95_3,1266.2300,1165.6800,135.0000,4,2,1
12.6668,19,96,G19_V96_0,1718.3700,1099.6400,135.0000,1,2,0
12.6668,19,96,G19_V96_1,1583.3700,1234.6400,135.0000,2,2,0
12.6668,19,96,G19_V96_2,1448.3700,1099.6400,135.0000,3,2,1
12.6668,19,96,G19_V96_3,1583.3700,964.6400,135.0000,4,2,1
12.6705,10,101,G10_V101_0,1553.0700,805.7800,135.0000,1,2,0
12.6705,10,101,G10_V101_1,1418.0700,940.7800,135.0000,2,2,0
12.6705,10,101,G10_V101_2,1283.0700,805.7800,135.0000,3,2,1
12.6705,10,101,G10_V101_3,1418.0700,670.7800,135.0000,4,2,1
12.6771,11,110,G11_V110_0,1633.9196,775.0860,135.0000,1,2,0
12.6771,11,110,G11_V110_1,1498.9196,910.0860,135.0000,2,2,0
12.6771,11,110,G11_V110_2,1363.9196,775.0860,135.0000,3,2,1
12.6771,11,110,G11_V110_3,1498.9196,640.0860,135.0000,4,2,1
12.6816,28,116,G28_V116_0,1840.6021,1277.6489,135.0000,1,2,0
12.6816,28,116,G28_V116_1,1705.6021,1412.6489,135.0000,2,2,0
12.6816,28,116,G28_V116_2,1570.6021,1277.6489,135.0000,3,2,1
12.6816,28,116,G28_V116_3,1705.6021,1142.6489,135.0000,4,2,1
12.6912,19,129,G19_V129_0,1594.9300,998.1300,135.0000,1,2,0
12.6912,19,129,G19_V129_1,1459.9300,1133.1300,135.0000,2,2,0
12.6912,19,129,G19_V129_2,1324.9300,998.1300,135.0000,3,2,1
12.6912,19,129,G19_V129_3,1459.9300,863.1300,135.0000,4,2,1
12.6919,45,130,G45_V130_0,2229.1900,1871.4500,135.0000,1,2,0
12.6919,45,130,G45_V130_1,2094.1900,2006.4500,135.0000,2,2,0
12.6919,45,130,G45_V130_2,1959.1900,1871.4500,135.0000,3,2,1
12.6919,45,130,G45_V130_3,2094.1900,1736.4500,135.0000,4,2,1
12.7023,27,9,G27_V9_0,1637.1100,1357.5200,135.0000,1,2,0
12.7023,27,9,G27_V9_1,1502.1100,1492.5200,135.0000,2,2,0
12.7023,27,9,G27_V9_2,1367.1100,1357.5200,135.0000,3,2,1
12.7023,27,9,G27_V9_3,1502.1100,1222.5200,135.0000,4,2,1
12.7038,12,11,G12_V11_0,2054.0220,828.6716,135.0000,1,2,0
12.7038,12,11,G12_V11_1,1919.0220,963.6716,135.0000,2,2,0
12.7038,12,11,G12_V11_2,1784.0220,828.6716,135.0000,3,2,1
12.7038,12,11,G12_V11_3,1919.0220,693.6716,135.0000,4,2,1
12.7134,28,24,G28_V24_0,1852.3484,1273.4789,135.0000,1,2,0
12.7134,28,24,G28_V24_1,1717.3484,1408.4789,135.0000,2,2,0
12.7134,28,24,G28_V24_2,1582.3484,1273.4789,135.0000,3,2,1
12.7134,28,24,G28_V24_3,1717.3484,1138.4789,135.0000,4,2,1
12.7149,27,26,G27_V26_0,1636.0300,1354.5100,135.0000,1,2,0
12.7149,27,26,G27_V26_1,1501.0300,1489.5100,135.0000,2,2,0
12.7149,27,26,G27_V26_2,1366.0300,1354.5100,135.0000,3,2,1
12.7149,27,26,G27_V26_3,1501.0300,1219.5100,135.0000,4,2,1
12.7171,27,29,G27_V29_0,1785.2100,1219.7400,135.0000,1,2,0
12.7171,27,29,G27_V29_1,1650.2100,1354.7400,135.0000,2,2,0
12.7171,27,29,G27_V29_2,1515.2100,1219.7400,135.0000,3,2,1
12.7171,27,29,G27_V29_3,1650.2100,1084.7400,135.0000,4,2,1
12.7349,20,53,G20_V53_0,1859.9800,976.0400,135.0000,1,2,0
12.7349,20,53,G20_V53_1,1724.9800,1111.0400,135.0000,2,2,0
12.7349,20,53,G20_V53_2,1589.9800,976.0400,135.0000,3,2,1
12.7349,20,53,G20_V53_3,1724.9800,841.0400,135.0000,4,2,1
12.7371,20,56,G20_V56_0,1920.4900,1041.1400,135.0000,1,2,0
12.7371,20,56,G20_V56_1,1785.4900,1176.1400,135.0000,2,2,0
12.7371,20,56,G20_V56_2,1650.4900,1041.1400,135.0000,3,2,1
12.7371,20,56,G20_V56_3,1785.4900,906.1400,135.0000,4,2,1
12.7401,19,60,G19_V60_0,1632.1500,1007.1400,135.0000,1,2,0
12.7401,19,60,G19_V60_1,1497.1500,1142.1400,135.0000,2,2,0
12.7401,19,60,G19_V60_2,1362.1500,1007.1400,135.0000,3,2,1
12.7401,19,60,G19_V60_3,1497.1500,872.1400,135.0000,4,2,1
12.7438,20,65,G20_V65_0,1854.1300,979.9800,135.0000,1,2,0
12.7438,20,65,G20_V65_1,1719.1300,1114.9800,135.0000,2,2,0
12.7438,20,65,G20_V65_2,1584.1300,979.9800,135.0000,3,2,1
12.7438,20,65,G20_V65_3,1719.1300,844.9800,135.0000,4,2,1
12.7482,18,71,G18_V71_0,1566.3300,994.6300,135.0000,1,2,0
12.7482,18,71,G18_V71_1,1431.3300,1129.6300,135.0000,2,2,0
12.7482,18,71,G18_V71_2,1296.3300,994.6300,135.0000,3,2,1
12.7482,18,71,G18_V71_3,1431.3300,859.6300,135.0000,4,2,1
12.7534,18,78,G18_V78_0,1580.1200,997.3300,135.0000,1,2,0
12.7534,18,78,G18_V78_1,1445.1200,1132.3300,135.0000,2,2,0
12.7534,18,78,G18_V78_2,1310.1200,997.3300,135.0000,3,2,1
12.7534,18,78,G18_V78_3,1445.1200,862.3300,135.0000,4,2,1
12.7542,19,79,G19_V79_0,1722.0000,1105.6200,135.0000,1,2,0
12.7542,19,79,G19_V79_1,1587.0000,1240.6200,135.0000,2,2,0
12.7542,19,79,G19_V79_2,1452.0000,1105.6200,135.0000,3,2,1
12.7542,19,79,G19_V79_3,1587.0000,970.6200,135.0000,4,2,1
12.7645,19,93,G19_V93_0,1625.2300,1006.1300,135.0000,1,2,0
12.7645,19,93,G19_V93_1,1490.2300,1141.1300,135.0000,2,2,0
12.7645,19,93,G19_V93_2,1355.2300,1006.1300,135.0000,3,2,1
12.7645,19,93,G19_V93_3,1490.2300,871.1300,135.0000,4,2,1
12.7660,26,95,G26_V95_0,1401.2300,1300.6800,135.0000,1,2,0
12.7660,26,95,G26_V95_1,1266.2300,1435.6800,135.0000,2,2,0
12.7660,26,95,G26_V95_2,1131.2300,1300.6800,135.0000,3,2,1
12.7660,26,95,G26_V95_3,1266.2300,1165.6800,135.0000,4,2,1
12.7668,19,96,G19_V96_0,1718.3700,1099.6400,135.0000,1,2,0
12.7668,19,96,G19_V96_1,1583.3700,1234.6400,135.0000,2,2,0
12.7668,19,96,G19_V96_2,1448.3700,1099.6400,135.0000,3,2,1
12.7668,19,96,G19_V96_3,1583.3700,964.6400,135.0000,4,2,1
12.7705,10,101,G10_V101_0,1553.0700,805.7800,135.0000,1,2,0
12.7705,10,101,G10_V101_1,1418.0700,940.7800,135.0000,2,2,0
12.7705,10,101,G10_V101_2,1283.0700,805.7800,135.0000,3,2,1
12.7705,10,101,G10_V101_3,1418.0700,670.7800,135.0000,4,2,1
12.7771,11,110,G11_V110_0,1635.0982,775.1165,135.0000,1,2,0
12.7771,11,110,G11_V110_1,1500.0982,910.1165,135.0000,2,2,0
12.7771,11,110,G11_V110_2,1365.0982,775.1165,135.0000,3,2,1
12.7771,11,110,G11_V110_3,1500.0982,640.1165,135.0000,4,2,1
12.7816,28,116,G28_V116_0,1840.6021,1277.6489,135.0000,1,2,0
12.7816,28,116,G28_V116_1,1705.6021,1412.6489,135.0000,2,2,0
12.7816,28,116,G28_V116_2,1570.6021,1277.6489,135.0000,3,2,1
12.7816,28,116,G28_V116_3,1705.6021,1142.6489,135.0000,4,2,1
12.7912,19,129,G19_V129_0,1594.9300,998.1300,135.0000,1,2,0
12.7912,19,129,G19_V129_1,1459.9300,1133.1300,135.0000,2,2,0
12.7912,19,129,G19_V129_2,1324.9300,998.1300,135.0000,3,2,1
12.7912,19,129,G19_V129_3,1459.9300,863.1300,135.0000,4,2,1
12.7920,45,130,G45_V130_0,2229.1900,1871.4500,135.0000,1,2,0
12.7920,45,130,G45_V130_1,2094.1900,2006.4500,135.0000,2,2,0
12.7920,45,130,G45_V130_2,1959.1900,1871.4500,135.0000,3,2,1
12.7920,45,130,G45_V130_3,2094.1900,1736.4500,135.0000,4,2,1
12.8023,27,9,G27_V9_0,1637.1100,1357.5200,135.0000,1,2,0
12.8023,27,9,G27_V9_1,1502.1100,1492.5200,135.0000,2,2,0
12.8023,27,9,G27_V9_2,1367.1100,1357.5200,135.0000,3,2,1
12.8023,27,9,G27_V9_3,1502.1100,1222.5200,135.0000,4,2,1
12.8038,12,11,G12_V11_0,2052.6169,829.4819,135.0000,1,2,0
12.8038,12,11,G12_V11_1,1917.6169,964.4819,135.0000,2,2,0
12.8038,12,11,G12_V11_2,1782.6169,829.4819,135.0000,3,2,1
12.8038,12,11,G12_V11_3,1917.6169,694.4819,135.0000,4,2,1
12.8134,28,24,G28_V24_0,1852.3484,1273.4789,135.0000,1,2,0
12.8134,28,24,G28_V24_1,1717.3484,1408.4789,135.0000,2,2,0
12.8134,28,24,G28_V24_2,1582.3484,1273.4789,135.0000,3,2,1
12.8134,28,24,G28_V24_3,1717.3484,1138.4789,135.0000,4,2,1
12.8149,27,26,G27_V26_0,1636.0300,1354.5100,135.0000,1,2,0
12.8149,27,26,G27_V26_1,1501.0300,1489.5100,135.0000,2,2,0
12.8149,27,26,G27_V26_2,1366.0300,1354.5100,135.0000,3,2,1
12.8149,27,26,G27_V26_3,1501.0300,1219.5100,135.0000,4,2,1
12.8171,27,29,G27_V29_0,1785.2100,1219.7400,135.0000,1,2,0
12.8171,27,29,G27_V29_1,1650.2100,1354.7400,135.0000,2,2,0
12.8171,27,29,G27_V29_2,1515.2100,1219.7400,135.0000,3,2,1
12.8171,27,29,G27_V29_3,1650.2100,1084.7400,135.0000,4,2,1
12.8349,20,53,G20_V53_0,1859.9800,976.0400,135.0000,1,2,0
12.8349,20,53,G20_V53_1,1724.9800,1111.0400,135.0000,2,2,0
12.8349,20,53,G20_V53_2,1589.9800,976.0400,135.0000,3,2,1
12.8349,20,53,G20_V53_3,1724.9800,841.0400,135.0000,4,2,1
12.8371,20,56,G20_V56_0,1920.4900,1041.1400,135.0000,1,2,0
12.8371,20,56,G20_V56_1,1785.4900,1176.1400,135.0000,2,2,0
12.8371,20,56,G20_V56_2,1650.4900,1041.1400,135.0000,3,2,1
12.8371,20,56,G20_V56_3,1785.4900,906.1400,135.0000,4,2,1
12.8401,19,60,G19_V60_0,1632.1500,1007.1400,135.0000,1,2,0
12.8401,19,60,G19_V60_1,1497.1500,1142.1400,135.0000,2,2,0
12.8401,19,60,G19_V60_2,1362.1500,1007.1400,135.0000,3,2,1
12.8401,19,60,G19_V60_3,1497.1500,872.1400,135.0000,4,2,1
12.8438,20,65,G20_V65_0,1854.1300,979.9800,135.0000,1,2,0
12.8438,20,65,G20_V65_1,1719.1300,1114.9800,135.0000,2,2,0
12.8438,20,65,G20_V65_2,1584.1300,979.9800,135.0000,3,2,1
12.8438,20,65,G20_V65_3,1719.1300,844.9800,135.0000,4,2,1
12.8482,18,71,G18_V71_0,1566.3300,994.6300,135.0000,1,2,0
12.8482,18,71,G18_V71_1,1431.3300,1129.6300,135.0000,2,2,0
12.8482,18,71,G18_V71_2,1296.3300,994.6300,135.0000,3,2,1
12.8482,18,71,G18_V71_3,1431.3300,859.6300,135.0000,4,2,1
12.8534,18,78,G18_V78_0,1580.1200,997.3300,135.0000,1,2,0
12.8534,18,78,G18_V78_1,1445.1200,1132.3300,135.0000,2,2,0
12.8534,18,78,G18_V78_2,1310.1200,997.3300,135.0000,3,2,1
12.8534,18,78,G18_V78_3,1445.1200,862.3300,135.0000,4,2,1
12.8542,19,79,G19_V79_0,1722.0000,1105.6200,135.0000,1,2,0
12.8542,19,79,G19_V79_1,1587.0000,1240.6200,135.0000,2,2,0
12.8542,19,79,G19_V79_2,1452.0000,1105.6200,135.0000,3,2,1
12.8542,19,79,G19_V79_3,1587.0000,970.6200,135.0000,4,2,1
12.8645,19,93,G19_V93_0,1625.2300,1006.1300,135.0000,1,2,0
12.8645,19,93,G19_V93_1,1490.2300,1141.1300,135.0000,2,2,0
12.8645,19,93,G19_V93_2,1355.2300,1006.1300,135.0000,3,2,1
12.8645,19,93,G19_V93_3,1490.2300,871.1300,135.0000,4,2,1
12.8660,26,95,G26_V95_0,1401.2300,1300.6800,135.0000,1,2,0
12.8660,26,95,G26_V95_1,1266.2300,1435.6800,135.0000,2,2,0
12.8660,26,95,G26_V95_2,1131.2300,1300.6800,135.0000,3,2,1
12.8660,26,95,G26_V95_3,1266.2300,1165.6800,135.0000,4,2,1
12.8668,19,96,G19_V96_0,1718.3700,1099.6400,135.0000,1,2,0
12.8668,19,96,G19_V96_1,1583.3700,1234.6400,135.0000,2,2,0
12.8668,19,96,G19_V96_2,1448.3700,1099.6400,135.0000,3,2,1
12.8668,19,96,G19_V96_3,1583.3700,964.6400,135.0000,4,2,1
12.8705,10,101,G10_V101_0,1553.0700,805.7800,135.0000,1,2,0
12.8705,10,101,G10_V101_1,1418.0700,940.7800,135.0000,2,2,0
12.8705,10,101,G10_V101_2,1283.0700,805.7800,135.0000,3,2,1
12.8705,10,101,G10_V101_3,1418.0700,670.7800,135.0000,4,2,1
12.8771,11,110,G11_V110_0,1636.0100,775.1400,135.0000,1,2,0
12.8771,11,110,G11_V110_1,1501.0100,910.1400,135.0000,2,2,0
12.8771,11,110,G11_V110_2,1366.0100,775.1400,135.0000,3,2,1
12.8771,11,110,G11_V110_3,1501.0100,640.1400,135.0000,4,2,1
12.8816,28,116,G28_V116_0,1840.6021,1277.6489,135.0000,1,2,0
12.8816,28,116,G28_V116_1,1705.6021,1412.6489,135.0000,2,2,0
12.8816,28,116,G28_V116_2,1570.6021,1277.6489,135.0000,3,2,1
12.8816,28,116,G28_V116_3,1705.6021,1142.6489,135.0000,4,2,1
12.8912,19,129,G19_V129_0,1594.9300,998.1300,135.0000,1,2,0
12.8912,19,129,G19_V129_1,1459.9300,1133.1300,135.0000,2,2,0
12.8912,19,129,G19_V129_2,1324.9300,998.1300,135.0000,3,2,1
12.8912,19,129,G19_V129_3,1459.9300,863.1300,135.0000,4,2,1
12.8919,45,130,G45_V130_0,2229.1900,1871.4500,135.0000,1,2,0
12.8919,45,130,G45_V130_1,2094.1900,2006.4500,135.0000,2,2,0
12.8919,45,130,G45_V130_2,1959.1900,1871.4500,135.0000,3,2,1
12.8919,45,130,G45_V130_3,2094.1900,1736.4500,135.0000,4,2,1
12.9023,27,9,G27_V9_0,1637.1100,1357.5200,135.0000,1,2,0
12.9023,27,9,G27_V9_1,1502.1100,1492.5200,135.0000,2,2,0
12.9023,27,9,G27_V9_2,1367.1100,1357.5200,135.0000,3,2,1
12.9023,27,9,G27_V9_3,1502.1100,1222.5200,135.0000,4,2,1
12.9038,12,11,G12_V11_0,2051.2117,830.2921,135.0000,1,2,0
12.9038,12,11,G12_V11_1,1916.2117,965.2921,135.0000,2,2,0
12.9038,12,11,G12_V11_2,1781.2117,830.2921,135.0000,3,2,1
12.9038,12,11,G12_V11_3,1916.2117,695.2921,135.0000,4,2,1
12.9134,28,24,G28_V24_0,1852.3484,1273.4789,135.0000,1,2,0
12.9134,28,24,G28_V24_1,1717.3484,1408.4789,135.0000,2,2,0
12.9134,28,24,G28_V24_2,1582.3484,1273.4789,135.0000,3,2,1
12.9134,28,24,G28_V24_3,1717.3484,1138.4789,135.0000,4,2,1
12.9149,27,26,G27_V26_0,1636.0300,1354.5100,135.0000,1,2,0
12.9149,27,26,G27_V26_1,1501.0300,1489.5100,135.0000,2,2,0
12.9149,27,26,G27_V26_2,1366.0300,1354.5100,135.0000,3,2,1
12.9149,27,26,G27_V26_3,1501.0300,1219.5100,135.0000,4,2,1
12.9171,27,29,G27_V29_0,1785.2100,1219.7400,135.0000,1,2,0
12.9171,27,29,G27_V29_1,1650.2100,1354.7400,135.0000,2,2,0
12.9171,27,29,G27_V29_2,1515.2100,1219.7400,135.0000,3,2,1
12.9171,27,29,G27_V29_3,1650.2100,1084.7400,135.0000,4,2,1
12.9349,20,53,G20_V53_0,1859.9800,976.0400,135.0000,1,2,0
12.9349,20,53,G20_V53_1,1724.9800,1111.0400,135.0000,2,2,0
12.9349,20,53,G20_V53_2,1589.9800,976.0400,135.0000,3,2,1
12.9349,20,53,G20_V53_3,1724.9800,841.0400,135.0000,4,2,1
12.9371,20,56,G20_V56_0,1920.4900,1041.1400,135.0000,1,2,0
12.9371,20,56,G20_V56_1,1785.4900,1176.1400,135.0000,2,2,0
12.9371,20,56,G20_V56_2,1650.4900,1041.1400,135.0000,3,2,1
12.9371,20,56,G20_V56_3,1785.4900,906.1400,135.0000,4,2,1
12.9401,19,60,G19_V60_0,1632.1500,1007.1400,135.0000,1,2,0
12.9401,19,60,G19_V60_1,1497.1500,1142.1400,135.0000,2,2,0
12.9401,19,60,G19_V60_2,1362.1500,1007.1400,135.0000,3,2,1
12.9401,19,60,G19_V60_3,1497.1500,872.1400,135.0000,4,2,1
12.9438,20,65,G20_V65_0,1854.1300,979.9800,135.0000,1,2,0
12.9438,20,65,G20_V65_1,1719.1300,1114.9800,135.0000,2,2,0
12.9438,20,65,G20_V65_2,1584.1300,979.9800,135.0000,3,2,1
12.9438,20,65,G20_V65_3,1719.1300,844.9800,135.0000,4,2,1
12.9482,18,71,G18_V71_0,1566.3300,994.6300,135.0000,1,2,0
12.9482,18,71,G18_V71_1,1431.3300,1129.6300,135.0000,2,2,0
12.9482,18,71,G18_V71_2,1296.3300,994.6300,135.0000,3,2,1
12.9482,18,71,G18_V71_3,1431.3300,859.6300,135.0000,4,2,1
12.9534,18,78,G18_V78_0,1580.1200,997.3300,135.0000,1,2,0
12.9534,18,78,G18_V78_1,1445.1200,1132.3300,135.0000,2,2,0
12.9534,18,78,G18_V78_2,1310.1200,997.3300,135.0000,3,2,1
12.9534,18,78,G18_V78_3,1445.1200,862.3300,135.0000,4,2,1
12.9542,19,79,G19_V79_0,1722.0000,1105.6200,135.0000,1,2,0
12.9542,19,79,G19_V79_1,1587.0000,1240.6200,135.0000,2,2,0
12.9542,19,79,G19_V79_2,1452.0000,1105.6200,135.0000,3,2,1
12.9542,19,79,G19_V79_3,1587.0000,970.6200,135.0000,4,2,1
12.9645,19,93,G19_V93_0,1625.2300,1006.1300,135.0000,1,2,0
12.9645,19,93,G19_V93_1,1490.2300,1141.1300,135.0000,2,2,0
12.9645,19,93,G19_V93_2,1355.2300,1006.1300,135.0000,3,2,1
12.9645,19,93,G19_V93_3,1490.2300,871.1300,135.0000,4,2,1
12.9660,26,95,G26_V95_0,1401.2300,1300.6800,135.0000,1,2,0
12.9660,26,95,G26_V95_1,1266.2300,1435.6800,135.0000,2,2,0
12.9660,26,95,G26_V95_2,1131.2300,1300.6800,135.0000,3,2,1
12.9660,26,95,G26_V95_3,1266.2300,1165.6800,135.0000,4,2,1
12.9668,19,96,G19_V96_0,1718.3700,1099.6400,135.0000,1,2,0
12.9668,19,96,G19_V96_1,1583.3700,1234.6400,135.0000,2,2,0
12.9668,19,96,G19_V96_2,1448.3700,1099.6400,135.0000,3,2,1
12.9668,19,96,G19_V96_3,1583.3700,964.6400,135.0000,4,2,1
12.9705,10,101,G10_V101_0,1553.0700,805.7800,135.0000,1,2,0
12.9705,10,101,G10_V101_1,1418.0700,940.7800,135.0000,2,2,0
12.9705,10,101,G10_V101_2,1283.0700,805.7800,135.0000,3,2,1
12.9705,10,101,G10_V101_3,1418.0700,670.7800,135.0000,4,2,1
12.9771,11,110,G11_V110_0,1636.0100,775.1400,135.0000,1,2,0
12.9771,11,110,G11_V110_1,1501.0100,910.1400,135.0000,2,2,0
12.9771,11,110,G11_V110_2,1366.0100,775.1400,135.0000,3,2,1
12.9771,11,110,G11_V110_3,1501.0100,640.1400,135.0000,4,2,1
12.9816,28,116,G28_V116_0,1840.6021,1277.6489,135.0000,1,2,0
12.9816,28,116,G28_V116_1,1705.6021,1412.6489,135.0000,2,2,0
12.9816,28,116,G28_V116_2,1570.6021,1277.6489,135.0000,3,2,1
12.9816,28,116,G28_V116_3,1705.6021,1142.6489,135.0000,4,2,1
12.9912,19,129,G19_V129_0,1594.9300,998.1300,135.0000,1,2,0
12.9912,19,129,G19_V129_1,1459.9300,1133.1300,135.0000,2,2,0
12.9912,19,129,G19_V129_2,1324.9300,998.1300,135.0000,3,2,1
12.9912,19,129,G19_V129_3,1459.9300,863.1300,135.0000,4,2,1
12.9919,45,130,G45_V130_0,2229.1900,1871.4500,135.0000,1,2,0
12.9919,45,130,G45_V130_1,2094.1900,2006.4500,135.0000,2,2,0
12.9919,45,130,G45_V130_2,1959.1900,1871.4500,135.0000,3,2,1
12.9919,45,130,G45_V130_3,2094.1900,1736.4500,135.0000,4,2,1
13.0023,27,9,G27_V9_0,1637.1100,1357.5200,135.0000,1,2,0
13.0023,27,9,G27_V9_1,1502.1100,1492.5200,135.0000,2,2,0
13.0023,27,9,G27_V9_2,1367.1100,1357.5200,135.0000,3,2,1
13.0023,27,9,G27_V9_3,1502.1100,1222.5200,135.0000,4,2,1
13.0038,12,11,G12_V11_0,2049.8267,831.0908,135.0000,1,2,0
13.0038,12,11,G12_V11_1,1914.8267,966.0908,135.0000,2,2,0
13.0038,12,11,G12_V11_2,1779.8267,831.0908,135.0000,3,2,1
13.0038,12,11,G12_V11_3,1914.8267,696.0908,135.0000,4,2,1
13.0134,28,24,G28_V24_0,1852.3484,1273.4789,135.0000,1,2,0
13.0134,28,24,G28_V24_1,1717.3484,1408.4789,135.0000,2,2,0
13.0134,28,24,G28_V24_2,1582.3484,1273.4789,135.0000,3,2,1
13.0134,28,24,G28_V24_3,1717.3484,1138.4789,135.0000,4,2,1
13.0149,27,26,G27_V26_0,1636.0300,1354.5100,135.0000,1,2,0
13.0149,27,26,G27_V26_1,1501.0300,1489.5100,135.0000,2,2,0
13.0149,27,26,G27_V26_2,1366.0300,1354.5100,135.0000,3,2,1
13.0149,27,26,G27_V26_3,1501.0300,1219.5100,135.0000,4,2,1
13.0171,27,29,G27_V29_0,1785.2100,1219.7400,135.0000,1,2,0
13.0171,27,29,G27_V29_1,1650.2100,1354.7400,135.0000,2,2,0
13.0171,27,29,G27_V29_2,1515.2100,1219.7400,135.0000,3,2,1
13.0171,27,29,G27_V29_3,1650.2100,1084.7400,135.0000,4,2,1
13.0349,20,53,G20_V53_0,1859.9800,976.0400,135.0000,1,2,0
13.0349,20,53,G20_V53_1,1724.9800,1111.0400,135.0000,2,2,0
13.0349,20,53,G20_V53_2,1589.9800,976.0400,135.0000,3,2,1
13.0349,20,53,G20_V53_3,1724.9800,841.0400,135.0000,4,2,1
13.0371,20,56,G20_V56_0,1920.4900,1041.1400,135.0000,1,2,0
13.0371,20,56,G20_V56_1,1785.4900,1176.1400,135.0000,2,2,0
13.0371,20,56,G20_V56_2,1650.4900,1041.1400,135.0000,3,2,1
13.0371,20,56,G20_V56_3,1785.4900,906.1400,135.0000,4,2,1
13.0401,19,60,G19_V60_0,1632.1500,1007.1400,135.0000,1,2,0
13.0401,19,60,G19_V60_1,1497.1500,1142.1400,135.0000,2,2,0
13.0401,19,60,G19_V60_2,1362.1500,1007.1400,135.0000,3,2,1
13.0401,19,60,G19_V60_3,1497.1500,872.1400,135.0000,4,2,1
13.0438,20,65,G20_V65_0,1854.1300,979.9800,135.0000,1,2,0
13.0438,20,65,G20_V65_1,1719.1300,1114.9800,135.0000,2,2,0
13.0438,20,65,G20_V65_2,1584.1300,979.9800,135.0000,3,2,1
13.0438,20,65,G20_V65_3,1719.1300,844.9800,135.0000,4,2,1
13.0482,18,71,G18_V71_0,1566.3300,994.6300,135.0000,1,2,0
13.0482,18,71,G18_V71_1,1431.3300,1129.6300,135.0000,2,2,0
13.0482,18,71,G18_V71_2,1296.3300,994.6300,135.0000,3,2,1
13.0482,18,71,G18_V71_3,1431.3300,859.6300,135.0000,4,2,1
13.0534,18,78,G18_V78_0,1580.1200,997.3300,135.0000,1,2,0
13.0534,18,78,G18_V78_1,1445.1200,1132.3300,135.0000,2,2,0
13.0534,18,78,G18_V78_2,1310.1200,997.3300,135.0000,3,2,1
13.0534,18,78,G18_V78_3,1445.1200,862.3300,135.0000,4,2,1
13.0542,19,79,G19_V79_0,1722.0000,1105.6200,135.0000,1,2,0
13.0542,19,79,G19_V79_1,1587.0000,1240.6200,135.0000,2,2,0
13.0542,19,79,G19_V79_2,1452.0000,1105.6200,135.0000,3,2,1
13.0542,19,79,G19_V79_3,1587.0000,970.6200,135.0000,4,2,1
13.0645,19,93,G19_V93_0,1625.2300,1006.1300,135.0000,1,2,0
13.0645,19,93,G19_V93_1,1490.2300,1141.1300,135.0000,2,2,0
13.0645,19,93,G19_V93_2,1355.2300,1006.1300,135.0000,3,2,1
13.0645,19,93,G19_V93_3,1490.2300,871.1300,135.0000,4,2,1
13.0660,26,95,G26_V95_0,1401.2300,1300.6800,135.0000,1,2,0
13.0660,26,95,G26_V95_1,1266.2300,1435.6800,135.0000,2,2,0
13.0660,26,95,G26_V95_2,1131.2300,1300.6800,135.0000,3,2,1
13.0660,26,95,G26_V95_3,1266.2300,1165.6800,135.0000,4,2,1
13.0668,19,96,G19_V96_0,1718.3700,1099.6400,135.0000,1,2,0
13.0668,19,96,G19_V96_1,1583.3700,1234.6400,135.0000,2,2,0
13.0668,19,96,G19_V96_2,1448.3700,1099.6400,135.0000,3,2,1
13.0668,19,96,G19_V96_3,1583.3700,964.6400,135.0000,4,2,1
13.0705,10,101,G10_V101_0,1553.0700,805.7800,135.0000,1,2,0
13.0705,10,101,G10_V101_1,1418.0700,940.7800,135.0000,2,2,0
13.0705,10,101,G10_V101_2,1283.0700,805.7800,135.0000,3,2,1
13.0705,10,101,G10_V101_3,1418.0700,670.7800,135.0000,4,2,1
13.0771,11,110,G11_V110_0,1636.2296,774.1732,135.0000,1,2,0
13.0771,11,110,G11_V110_1,1501.2296,909.1732,135.0000,2,2,0
13.0771,11,110,G11_V110_2,1366.2296,774.1732,135.0000,3,2,1
13.0771,11,110,G11_V110_3,1501.2296,639.1732,135.0000,4,2,1
13.0816,28,116,G28_V116_0,1840.6021,1277.6489,135.0000,1,2,0
13.0816,28,116,G28_V116_1,1705.6021,1412.6489,135.0000,2,2,0
13.0816,28,116,G28_V116_2,1570.6021,1277.6489,135.0000,3,2,1
13.0816,28,116,G28_V116_3,1705.6021,1142.6489,135.0000,4,2,1
13.0912,19,129,G19_V129_0,1594.9300,998.1300,135.0000,1,2,0
13.0912,19,129,G19_V129_1,1459.9300,1133.1300,135.0000,2,2,0
13.0912,19,129,G19_V129_2,1324.9300,998.1300,135.0000,3,2,1
13.0912,19,129,G19_V129_3,1459.9300,863.1300,135.0000,4,2,1
13.0920,45,130,G45_V130_0,2229.1900,1871.4500,135.0000,1,2,0
13.0920,45,130,G45_V130_1,2094.1900,2006.4500,135.0000,2,2,0
13.0920,45,130,G45_V130_2,1959.1900,1871.4500,135.0000,3,2,1
13.0920,45,130,G45_V130_3,2094.1900,1736.4500,135.0000,4,2,1
13.1023,27,9,G27_V9_0,1637.1100,1357.5200,135.0000,1,2,0
13.1023,27,9,G27_V9_1,1502.1100,1492.5200,135.0000,2,2,0
13.1023,27,9,G27_V9_2,1367.1100,1357.5200,135.0000,3,2,1
13.1023,27,9,G27_V9_3,1502.1100,1222.5200,135.0000,4,2,1
13.1038,12,11,G12_V11_0,2048.3871,831.9213,135.0000,1,2,0
13.1038,12,11,G12_V11_1,1913.3871,966.9213,135.0000,2,2,0
13.1038,12,11,G12_V11_2,1778.3871,831.9213,135.0000,3,2,1
13.1038,12,11,G12_V11_3,1913.3871,696.9213,135.0000,4,2,1
13.1134,28,24,G28_V24_0,1852.3484,1273.4789,135.0000,1,2,0
13.1134,28,24,G28_V24_1,1717.3484,1408.4789,135.0000,2,2,0
13.1134,28,24,G28_V24_2,1582.3484,1273.4789,135.0000,3,2,1
13.1134,28,24,G28_V24_3,1717.3484,1138.4789,135.0000,4,2,1
13.1149,27,26,G27_V26_0,1636.0300,1354.5100,135.0000,1,2,0
13.1149,27,26,G27_V26_1,1501.0300,1489.5100,135.0000,2,2,0
13.1149,27,26,G27_V26_2,1366.0300,1354.5100,135.0000,3,2,1
13.1149,27,26,G27_V26_3,1501.0300,1219.5100,135.0000,4,2,1
13.1171,27,29,G27_V29_0,1785.2100,1219.7400,135.0000,1,2,0
13.1171,27,29,G27_V29_1,1650.2100,1354.7400,135.0000,2,2,0
13.1171,27,29,G27_V29_2,1515.2100,1219.7400,135.0000,3,2,1
13.1171,27,29,G27_V29_3,1650.2100,1084.7400,135.0000,4,2,1
13.1349,20,53,G20_V53_0,1859.9800,976.0400,135.0000,1,2,0
13.1349,20,53,G20_V53_1,1724.9800,1111.0400,135.0000,2,2,0
13.1349,20,53,G20_V53_2,1589.9800,976.0400,135.0000,3,2,1
13.1349,20,53,G20_V53_3,1724.9800,841.0400,135.0000,4,2,1
13.1371,20,56,G20_V56_0,1920.4900,1041.1400,135.0000,1,2,0
13.1371,20,56,G20_V56_1,1785.4900,1176.1400,135.0000,2,2,0
13.1371,20,56,G20_V56_2,1650.4900,1041.1400,135.0000,3,2,1
13.1371,20,56,G20_V56_3,1785.4900,906.1400,135.0000,4,2,1
13.1401,19,60,G19_V60_0,1632.1500,1007.1400,135.0000,1,2,0
13.1401,19,60,G19_V60_1,1497.1500,1142.1400,135.0000,2,2,0
13.1401,19,60,G19_V60_2,1362.1500,1007.1400,135.0000,3,2,1
13.1401,19,60,G19_V60_3,1497.1500,872.1400,135.0000,4,2,1
13.1438,20,65,G20_V65_0,1854.1300,979.9800,135.0000,1,2,0
13.1438,20,65,G20_V65_1,1719.1300,1114.9800,135.0000,2,2,0
13.1438,20,65,G20_V65_2,1584.1300,979.9800,135.0000,3,2,1
13.1438,20,65,G20_V65_3,1719.1300,844.9800,135.0000,4,2,1
13.1482,18,71,G18_V71_0,1566.3300,994.6300,135.0000,1,2,0
13.1482,18,71,G18_V71_1,1431.3300,1129.6300,135.0000,2,2,0
13.1482,18,71,G18_V71_2,1296.3300,994.6300,135.0000,3,2,1
13.1482,18,71,G18_V71_3,1431.3300,859.6300,135.0000,4,2,1
13.1534,18,78,G18_V78_0,1580.1200,997.3300,135.0000,1,2,0
13.1534,18,78,G18_V78_1,1445.1200,1132.3300,135.0000,2,2,0
13.1534,18,78,G18_V78_2,1310.1200,997.3300,135.0000,3,2,1
13.1534,18,78,G18_V78_3,1445.1200,862.3300,135.0000,4,2,1
13.1542,19,79,G19_V79_0,1722.0000,1105.6200,135.0000,1,2,0
13.1542,19,79,G19_V79_1,1587.0000,1240.6200,135.0000,2,2,0
13.1542,19,79,G19_V79_2,1452.0000,1105.6200,135.0000,3,2,1
13.1542,19,79,G19_V79_3,1587.0000,970.6200,135.0000,4,2,1
13.1645,19,93,G19_V93_0,1625.2300,1006.1300,135.0000,1,2,0
13.1645,19,93,G19_V93_1,1490.2300,1141.1300,135.0000,2,2,0
13.1645,19,93,G19_V93_2,1355.2300,1006.1300,135.0000,3,2,1
13.1645,19,93,G19_V93_3,1490.2300,871.1300,135.0000,4,2,1
13.1660,26,95,G26_V95_0,1401.2300,1300.6800,135.0000,1,2,0
13.1660,26,95,G26_V95_1,1266.2300,1435.6800,135.0000,2,2,0
13.1660,26,95,G26_V95_2,1131.2300,1300.6800,135.0000,3,2,1
13.1660,26,95,G26_V95_3,1266.2300,1165.6800,135.0000,4,2,1
13.1668,19,96,G19_V96_0,1718.3700,1099.6400,135.0000,1,2,0
13.1668,19,96,G19_V96_1,1583.3700,1234.6400,135.0000,2,2,0
13.1668,19,96,G19_V96_2,1448.3700,1099.6400,135.0000,3,2,1
13.1668,19,96,G19_V96_3,1583.3700,964.6400,135.0000,4,2,1
13.1705,10,101,G10_V101_0,1553.0700,805.7800,135.0000,1,2,0
13.1705,10,101,G10_V101_1,1418.0700,940.7800,135.0000,2,2,0
13.1705,10,101,G10_V101_2,1283.0700,805.7800,135.0000,3,2,1
13.1705,10,101,G10_V101_3,1418.0700,670.7800,135.0000,4,2,1
13.1771,11,110,G11_V110_0,1636.5146,772.9181,135.0000,1,2,0
13.1771,11,110,G11_V110_1,1501.5146,907.9181,135.0000,2,2,0
13.1771,11,110,G11_V110_2,1366.5146,772.9181,135.0000,3,2,1
13.1771,11,110,G11_V110_3,1501.5146,637.9181,135.0000,4,2,1
13.1816,28,116,G28_V116_0,1840.6021,1277.6489,135.0000,1,2,0
13.1816,28,116,G28_V116_1,1705.6021,1412.6489,135.0000,2,2,0
13.1816,28,116,G28_V116_2,1570.6021,1277.6489,135.0000,3,2,1
13.1816,28,116,G28_V116_3,1705.6021,1142.6489,135.0000,4,2,1
13.1912,19,129,G19_V129_0,1594.9300,998.1300,135.0000,1,2,0
13.1912,19,129,G19_V129_1,1459.9300,1133.1300,135.0000,2,2,0
13.1912,19,129,G19_V129_2,1324.9300,998.1300,135.0000,3,2,1
13.1912,19,129,G19_V129_3,1459.9300,863.1300,135.0000,4,2,1
13.1920,45,130,G45_V130_0,2229.1900,1871.4500,135.0000,1,2,0
13.1920,45,130,G45_V130_1,2094.1900,2006.4500,135.0000,2,2,0
13.1920,45,130,G45_V130_2,1959.1900,1871.4500,135.0000,3,2,1
13.1920,45,130,G45_V130_3,2094.1900,1736.4500,135.0000,4,2,1
13.2023,27,9,G27_V9_0,1637.1100,1357.5200,135.0000,1,2,0
13.2023,27,9,G27_V9_1,1502.1100,1492.5200,135.0000,2,2,0
13.2023,27,9,G27_V9_2,1367.1100,1357.5200,135.0000,3,2,1
13.2023,27,9,G27_V9_3,1502.1100,1222.5200,135.0000,4,2,1
13.2038,12,11,G12_V11_0,2046.9474,832.7518,135.0000,1,2,0
13.2038,12,11,G12_V11_1,1911.9474,967.7518,135.0000,2,2,0
13.2038,12,11,G12_V11_2,1776.9474,832.7518,135.0000,3,2,1
13.2038,12,11,G12_V11_3,1911.9474,697.7518,135.0000,4,2,1
13.2134,28,24,G28_V24_0,1852.3484,1273.4789,135.0000,1,2,0
13.2134,28,24,G28_V24_1,1717.3484,1408.4789,135.0000,2,2,0
13.2134,28,24,G28_V24_2,1582.3484,1273.4789,135.0000,3,2,1
13.2134,28,24,G28_V24_3,1717.3484,1138.4789,135.0000,4,2,1
13.2149,27,26,G27_V26_0,1636.0300,1354.5100,135.0000,1,2,0
13.2149,27,26,G27_V26_1,1501.0300,1489.5100,135.0000,2,2,0
13.2149,27,26,G27_V26_2,1366.0300,1354.5100,135.0000,3,2,1
13.2149,27,26,G27_V26_3,1501.0300,1219.5100,135.0000,4,2,1
13.2171,27,29,G27_V29_0,1785.2100,1219.7400,135.0000,1,2,0
13.2171,27,29,G27_V29_1,1650.2100,1354.7400,135.0000,2,2,0
13.2171,27,29,G27_V29_2,1515.2100,1219.7400,135.0000,3,2,1
13.2171,27,29,G27_V29_3,1650.2100,1084.7400,135.0000,4,2,1
13.2349,20,53,G20_V53_0,1859.9800,976.0400,135.0000,1,2,0
13.2349,20,53,G20_V53_1,1724.9800,1111.0400,135.0000,2,2,0
13.2349,20,53,G20_V53_2,1589.9800,976.0400,135.0000,3,2,1
13.2349,20,53,G20_V53_3,1724.9800,841.0400,135.0000,4,2,1
13.2371,20,56,G20_V56_0,1920.4900,1041.1400,135.0000,1,2,0
13.2371,20,56,G20_V56_1,1785.4900,1176.1400,135.0000,2,2,0
13.2371,20,56,G20_V56_2,1650.4900,1041.1400,135.0000,3,2,1
13.2371,20,56,G20_V56_3,1785.4900,906.1400,135.0000,4,2,1
13.2401,19,60,G19_V60_0,1632.1500,1007.1400,135.0000,1,2,0
13.2401,19,60,G19_V60_1,1497.1500,1142.1400,135.0000,2,2,0
13.2401,19,60,G19_V60_2,1362.1500,1007.1400,135.0000,3,2,1
13.2401,19,60,G19_V60_3,1497.1500,872.1400,135.0000,4,2,1
13.2438,20,65,G20_V65_0,1854.1300,979.9800,135.0000,1,2,0
13.2438,20,65,G20_V65_1,1719.1300,1114.9800,135.0000,2,2,0
13.2438,20,65,G20_V65_2,1584.1300,979.9800,135.0000,3,2,1
13.2438,20,65,G20_V65_3,1719.1300,844.9800,135.0000,4,2,1
13.2482,18,71,G18_V71_0,1566.3300,994.6300,135.0000,1,2,0
13.2482,18,71,G18_V71_1,1431.3300,1129.6300,135.0000,2,2,0
13.2482,18,71,G18_V71_2,1296.3300,994.6300,135.0000,3,2,1
13.2482,18,71,G18_V71_3,1431.3300,859.6300,135.0000,4,2,1
13.2534,18,78,G18_V78_0,1580.1200,997.3300,135.0000,1,2,0
13.2534,18,78,G18_V78_1,1445.1200,1132.3300,135.0000,2,2,0
13.2534,18,78,G18_V78_2,1310.1200,997.3300,135.0000,3,2,1
13.2534,18,78,G18_V78_3,1445.1200,862.3300,135.0000,4,2,1
13.2542,19,79,G19_V79_0,1722.0000,1105.6200,135.0000,1,2,0
13.2542,19,79,G19_V79_1,1587.0000,1240.6200,135.0000,2,2,0
13.2542,19,79,G19_V79_2,1452.0000,1105.6200,135.0000,3,2,1
13.2542,19,79,G19_V79_3,1587.0000,970.6200,135.0000,4,2,1
13.2645,19,93,G19_V93_0,1625.2300,1006.1300,135.0000,1,2,0
13.2645,19,93,G19_V93_1,1490.2300,1141.1300,135.0000,2,2,0
13.2645,19,93,G19_V93_2,1355.2300,1006.1300,135.0000,3,2,1
13.2645,19,93,G19_V93_3,1490.2300,871.1300,135.0000,4,2,1
13.2660,26,95,G26_V95_0,1401.2300,1300.6800,135.0000,1,2,0
13.2660,26,95,G26_V95_1,1266.2300,1435.6800,135.0000,2,2,0
13.2660,26,95,G26_V95_2,1131.2300,1300.6800,135.0000,3,2,1
13.2660,26,95,G26_V95_3,1266.2300,1165.6800,135.0000,4,2,1
13.2668,19,96,G19_V96_0,1718.3700,1099.6400,135.0000,1,2,0
13.2668,19,96,G19_V96_1,1583.3700,1234.6400,135.0000,2,2,0
13.2668,19,96,G19_V96_2,1448.3700,1099.6400,135.0000,3,2,1
13.2668,19,96,G19_V96_3,1583.3700,964.6400,135.0000,4,2,1
13.2705,10,101,G10_V101_0,1553.0700,805.7800,135.0000,1,2,0
13.2705,10,101,G10_V101_1,1418.0700,940.7800,135.0000,2,2,0
13.2705,10,101,G10_V101_2,1283.0700,805.7800,135.0000,3,2,1
13.2705,10,101,G10_V101_3,1418.0700,670.7800,135.0000,4,2,1
13.2771,11,110,G11_V110_0,1636.7996,771.6631,135.0000,1,2,0
13.2771,11,110,G11_V110_1,1501.7996,906.6631,135.0000,2,2,0
13.2771,11,110,G11_V110_2,1366.7996,771.6631,135.0000,3,2,1
13.2771,11,110,G11_V110_3,1501.7996,636.6631,135.0000,4,2,1
13.2816,28,116,G28_V116_0,1840.6021,1277.6489,135.0000,1,2,0
13.2816,28,116,G28_V116_1,1705.6021,1412.6489,135.0000,2,2,0
13.2816,28,116,G28_V116_2,1570.6021,1277.6489,135.0000,3,2,1
13.2816,28,116,G28_V116_3,1705.6021,1142.6489,135.0000,4,2,1
13.2912,19,129,G19_V129_0,1594.9300,998.1300,135.0000,1,2,0
13.2912,19,129,G19_V129_1,1459.9300,1133.1300,135.0000,2,2,0
13.2912,19,129,G19_V129_2,1324.9300,998.1300,135.0000,3,2,1
13.2912,19,129,G19_V129_3,1459.9300,863.1300,135.0000,4,2,1
13.2919,45,130,G45_V130_0,2229.1900,1871.4500,135.0000,1,2,0
13.2919,45,130,G45_V130_1,2094.1900,2006.4500,135.0000,2,2,0
13.2919,45,130,G45_V130_2,1959.1900,1871.4500,135.0000,3,2,1
13.2919,45,130,G45_V130_3,2094.1900,1736.4500,135.0000,4,2,1
13.3023,27,9,G27_V9_0,1637.1100,1357.5200,135.0000,1,2,0
13.3023,27,9,G27_V9_1,1502.1100,1492.5200,135.0000,2,2,0
13.3023,27,9,G27_V9_2,1367.1100,1357.5200,135.0000,3,2,1
13.3023,27,9,G27_V9_3,1502.1100,1222.5200,135.0000,4,2,1
13.3038,12,11,G12_V11_0,2045.5078,833.5823,135.0000,1,2,0
13.3038,12,11,G12_V11_1,1910.5078,968.5823,135.0000,2,2,0
13.3038,12,11,G12_V11_2,1775.5078,833.5823,135.0000,3,2,1
13.3038,12,11,G12_V11_3,1910.5078,698.5823,135.0000,4,2,1
13.3134,28,24,G28_V24_0,1852.3484,1273.4789,135.0000,1,2,0
13.3134,28,24,G28_V24_1,1717.3484,1408.4789,135.0000,2,2,0
13.3134,28,24,G28_V24_2,1582.3484,1273.4789,135.0000,3,2,1
13.3134,28,24,G28_V24_3,1717.3484,1138.4789,135.0000,4,2,1
13.3149,27,26,G27_V26_0,1636.0300,1354.5100,135.0000,1,2,0
13.3149,27,26,G27_V26_1,1501.0300,1489.5100,135.0000,2,2,0
13.3149,27,26,G27_V26_2,1366.0300,1354.5100,135.0000,3,2,1
13.3149,27,26,G27_V26_3,1501.0300,1219.5100,135.0000,4,2,1
13.3171,27,29,G27_V29_0,1785.2100,1219.7400,135.0000,1,2,0
13.3171,27,29,G27_V29_1,1650.2100,1354.7400,135.0000,2,2,0
13.3171,27,29,G27_V29_2,1515.2100,1219.7400,135.0000,3,2,1
13.3171,27,29,G27_V29_3,1650.2100,1084.7400,135.0000,4,2,1
13.3349,20,53,G20_V53_0,1859.9800,976.0400,135.0000,1,2,0
13.3349,20,53,G20_V53_1,1724.9800,1111.0400,135.0000,2,2,0
13.3349,20,53,G20_V53_2,1589.9800,976.0400,135.0000,3,2,1
13.3349,20,53,G20_V53_3,1724.9800,841.0400,135.0000,4,2,1
13.3371,20,56,G20_V56_0,1920.4900,1041.1400,135.0000,1,2,0
13.3371,20,56,G20_V56_1,1785.4900,1176.1400,135.0000,2,2,0
13.3371,20,56,G20_V56_2,1650.4900,1041.1400,135.0000,3,2,1
13.3371,20,56,G20_V56_3,1785.4900,906.1400,135.0000,4,2,1
13.3401,19,60,G19_V60_0,1632.1500,1007.1400,135.0000,1,2,0
13.3401,19,60,G19_V60_1,1497.1500,1142.1400,135.0000,2,2,0
13.3401,19,60,G19_V60_2,1362.1500,1007.1400,135.0000,3,2,1
13.3401,19,60,G19_V60_3,1497.1500,872.1400,135.0000,4,2,1
13.3438,20,65,G20_V65_0,1854.1300,979.9800,135.0000,1,2,0
13.3438,20,65,G20_V65_1,1719.1300,1114.9800,135.0000,2,2,0
13.3438,20,65,G20_V65_2,1584.1300,979.9800,135.0000,3,2,1
13.3438,20,65,G20_V65_3,1719.1300,844.9800,135.0000,4,2,1
13.3482,18,71,G18_V71_0,1566.3300,994.6300,135.0000,1,2,0
13.3482,18,71,G18_V71_1,1431.3300,1129.6300,135.0000,2,2,0
13.3482,18,71,G18_V71_2,1296.3300,994.6300,135.0000,3,2,1
13.3482,18,71,G18_V71_3,1431.3300,859.6300,135.0000,4,2,1
13.3534,18,78,G18_V78_0,1580.1200,997.3300,135.0000,1,2,0
13.3534,18,78,G18_V78_1,1445.1200,1132.3300,135.0000,2,2,0
13.3534,18,78,G18_V78_2,1310.1200,997.3300,135.0000,3,2,1
13.3534,18,78,G18_V78_3,1445.1200,862.3300,135.0000,4,2,1
13.3542,19,79,G19_V79_0,1722.0000,1105.6200,135.0000,1,2,0
13.3542,19,79,G19_V79_1,1587.0000,1240.6200,135.0000,2,2,0
13.3542,19,79,G19_V79_2,1452.0000,1105.6200,135.0000,3,2,1
13.3542,19,79,G19_V79_3,1587.0000,970.6200,135.0000,4,2,1
13.3645,19,93,G19_V93_0,1625.2300,1006.1300,135.0000,1,2,0
13.3645,19,93,G19_V93_1,1490.2300,1141.1300,135.0000,2,2,0
13.3645,19,93,G19_V93_2,1355.2300,1006.1300,135.0000,3,2,1
13.3645,19,93,G19_V93_3,1490.2300,871.1300,135.0000,4,2,1
13.3660,26,95,G26_V95_0,1401.2300,1300.6800,135.0000,1,2,0
13.3660,26,95,G26_V95_1,1266.2300,1435.6800,135.0000,2,2,0
13.3660,26,95,G26_V95_2,1131.2300,1300.6800,135.0000,3,2,1
13.3660,26,95,G26_V95_3,1266.2300,1165.6800,135.0000,4,2,1
13.3668,19,96,G19_V96_0,1718.3700,1099.6400,135.0000,1,2,0
13.3668,19,96,G19_V96_1,1583.3700,1234.6400,135.0000,2,2,0
13.3668,19,96,G19_V96_2,1448.3700,1099.6400,135.0000,3,2,1
13.3668,19,96,G19_V96_3,1583.3700,964.6400,135.0000,4,2,1
13.3705,10,101,G10_V101_0,1553.0700,805.7800,135.0000,1,2,0
13.3705,10,101,G10_V101_1,1418.0700,940.7800,135.0000,2,2,0
13.3705,10,101,G10_V101_2,1283.0700,805.7800,135.0000,3,2,1
13.3705,10,101,G10_V101_3,1418.0700,670.7800,135.0000,4,2,1
13.3771,11,110,G11_V110_0,1637.0846,770.4080,135.0000,1,2,0
13.3771,11,110,G11_V110_1,1502.0846,905.4080,135.0000,2,2,0
13.3771,11,110,G11_V110_2,1367.0846,770.4080,135.0000,3,2,1
13.3771,11,110,G11_V110_3,1502.0846,635.4080,135.0000,4,2,1
13.3816,28,116,G28_V116_0,1840.6021,1277.6489,135.0000,1,2,0
13.3816,28,116,G28_V116_1,1705.6021,1412.6489,135.0000,2,2,0
13.3816,28,116,G28_V116_2,1570.6021,1277.6489,135.0000,3,2,1
13.3816,28,116,G28_V116_3,1705.6021,1142.6489,135.0000,4,2,1
13.3912,19,129,G19_V129_0,1594.9300,998.1300,135.0000,1,2,0
13.3912,19,129,G19_V129_1,1459.9300,1133.1300,135.0000,2,2,0
13.3912,19,129,G19_V129_2,1324.9300,998.1300,135.0000,3,2,1
13.3912,19,129,G19_V129_3,1459.9300,863.1300,135.0000,4,2,1
13.3919,45,130,G45_V130_0,2229.1900,1871.4500,135.0000,1,2,0
13.3919,45,130,G45_V130_1,2094.1900,2006.4500,135.0000,2,2,0
13.3919,45,130,G45_V130_2,1959.1900,1871.4500,135.0000,3,2,1
13.3919,45,130,G45_V130_3,2094.1900,1736.4500,135.0000,4,2,1
13.4023,27,9,G27_V9_0,1637.1100,1357.5200,135.0000,1,2,0
13.4023,27,9,G27_V9_1,1502.1100,1492.5200,135.0000,2,2,0
13.4023,27,9,G27_V9_2,1367.1100,1357.5200,135.0000,3,2,1
13.4023,27,9,G27_V9_3,1502.1100,1222.5200,135.0000,4,2,1
13.4038,12,11,G12_V11_0,2044.0682,834.4128,135.0000,1,2,0
13.4038,12,11,G12_V11_1,1909.0682,969.4128,135.0000,2,2,0
13.4038,12,11,G12_V11_2,1774.0682,834.4128,135.0000,3,2,1
13.4038,12,11,G12_V11_3,1909.0682,699.4128,135.0000,4,2,1
13.4134,28,24,G28_V24_0,1852.3484,1273.4789,135.0000,1,2,0
13.4134,28,24,G28_V24_1,1717.3484,1408.4789,135.0000,2,2,0
13.4134,28,24,G28_V24_2,1582.3484,1273.4789,135.0000,3,2,1
13.4134,28,24,G28_V24_3,1717.3484,1138.4789,135.0000,4,2,1
13.4149,27,26,G27_V26_0,1636.0300,1354.5100,135.0000,1,2,0
13.4149,27,26,G27_V26_1,1501.0300,1489.5100,135.0000,2,2,0
13.4149,27,26,G27_V26_2,1366.0300,1354.5100,135.0000,3,2,1
13.4149,27,26,G27_V26_3,1501.0300,1219.5100,135.0000,4,2,1
13.4171,27,29,G27_V29_0,1785.2100,1219.7400,135.0000,1,2,0
13.4171,27,29,G27_V29_1,1650.2100,1354.7400,135.0000,2,2,0
13.4171,27,29,G27_V29_2,1515.2100,1219.7400,135.0000,3,2,1
13.4171,27,29,G27_V29_3,1650.2100,1084.7400,135.0000,4,2,1
13.4349,20,53,G20_V53_0,1859.9800,976.0400,135.0000,1,2,0
13.4349,20,53,G20_V53_1,1724.9800,1111.0400,135.0000,2,2,0
13.4349,20,53,G20_V53_2,1589.9800,976.0400,135.0000,3,2,1
13.4349,20,53,G20_V53_3,1724.9800,841.0400,135.0000,4,2,1
13.4371,20,56,G20_V56_0,1920.4900,1041.1400,135.0000,1,2,0
13.4371,20,56,G20_V56_1,1785.4900,1176.1400,135.0000,2,2,0
13.4371,20,56,G20_V56_2,1650.4900,1041.1400,135.0000,3,2,1
13.4371,20,56,G20_V56_3,1785.4900,906.1400,135.0000,4,2,1
13.4401,19,60,G19_V60_0,1632.1500,1007.1400,135.0000,1,2,0
13.4401,19,60,G19_V60_1,1497.1500,1142.1400,135.0000,2,2,0
13.4401,19,60,G19_V60_2,1362.1500,1007.1400,135.0000,3,2,1
13.4401,19,60,G19_V60_3,1497.1500,872.1400,135.0000,4,2,1
13.4438,20,65,G20_V65_0,1854.1300,979.9800,135.0000,1,2,0
13.4438,20,65,G20_V65_1,1719.1300,1114.9800,135.0000,2,2,0
13.4438,20,65,G20_V65_2,1584.1300,979.9800,135.0000,3,2,1
13.4438,20,65,G20_V65_3,1719.1300,844.9800,135.0000,4,2,1
13.4482,18,71,G18_V71_0,1566.3300,994.6300,135.0000,1,2,0
13.4482,18,71,G18_V71_1,1431.3300,1129.6300,135.0000,2,2,0
13.4482,18,71,G18_V71_2,1296.3300,994.6300,135.0000,3,2,1
13.4482,18,71,G18_V71_3,1431.3300,859.6300,135.0000,4,2,1
13.4534,18,78,G18_V78_0,1580.1200,997.3300,135.0000,1,2,0
13.4534,18,78,G18_V78_1,1445.1200,1132.3300,135.0000,2,2,0
13.4534,18,78,G18_V78_2,1310.1200,997.3300,135.0000,3,2,1
13.4534,18,78,G18_V78_3,1445.1200,862.3300,135.0000,4,2,1
13.4542,19,79,G19_V79_0,1722.0000,1105.6200,135.0000,1,2,0
13.4542,19,79,G19_V79_1,1587.0000,1240.6200,135.0000,2,2,0
13.4542,19,79,G19_V79_2,1452.0000,1105.6200,135.0000,3,2,1
13.4542,19,79,G19_V79_3,1587.0000,970.6200,135.0000,4,2,1
13.4645,19,93,G19_V93_0,1625.2300,1006.1300,135.0000,1,2,0
13.4645,19,93,G19_V93_1,1490.2300,1141.1300,135.0000,2,2,0
13.4645,19,93,G19_V93_2,1355.2300,1006.1300,135.0000,3,2,1
13.4645,19,93,G19_V93_3,1490.2300,871.1300,135.0000,4,2,1
13.4660,26,95,G26_V95_0,1401.2300,1300.6800,135.0000,1,2,0
13.4660,26,95,G26_V95_1,1266.2300,1435.6800,135.0000,2,2,0
13.4660,26,95,G26_V95_2,1131.2300,1300.6800,135.0000,3,2,1
13.4660,26,95,G26_V95_3,1266.2300,1165.6800,135.0000,4,2,1
13.4668,19,96,G19_V96_0,1718.3700,1099.6400,135.0000,1,2,0
13.4668,19,96,G19_V96_1,1583.3700,1234.6400,135.0000,2,2,0
13.4668,19,96,G19_V96_2,1448.3700,1099.6400,135.0000,3,2,1
13.4668,19,96,G19_V96_3,1583.3700,964.6400,135.0000,4,2,1
13.4705,10,101,G10_V101_0,1553.0700,805.7800,135.0000,1,2,0
13.4705,10,101,G10_V101_1,1418.0700,940.7800,135.0000,2,2,0
13.4705,10,101,G10_V101_2,1283.0700,805.7800,135.0000,3,2,1
13.4705,10,101,G10_V101_3,1418.0700,670.7800,135.0000,4,2,1
13.4771,11,110,G11_V110_0,1637.3696,769.1530,135.0000,1,2,0
13.4771,11,110,G11_V110_1,1502.3696,904.1530,135.0000,2,2,0
13.4771,11,110,G11_V110_2,1367.3696,769.1530,135.0000,3,2,1
13.4771,11,110,G11_V110_3,1502.3696,634.1530,135.0000,4,2,1
13.4816,28,116,G28_V116_0,1840.6021,1277.6489,135.0000,1,2,0
13.4816,28,116,G28_V116_1,1705.6021,1412.6489,135.0000,2,2,0
13.4816,28,116,G28_V116_2,1570.6021,1277.6489,135.0000,3,2,1
13.4816,28,116,G28_V116_3,1705.6021,1142.6489,135.0000,4,2,1
13.4912,19,129,G19_V129_0,1594.9300,998.1300,135.0000,1,2,0
13.4912,19,129,G19_V129_1,1459.9300,1133.1300,135.0000,2,2,0
13.4912,19,129,G19_V129_2,1324.9300,998.1300,135.0000,3,2,1
13.4912,19,129,G19_V129_3,1459.9300,863.1300,135.0000,4,2,1
13.4919,45,130,G45_V130_0,2229.1900,1871.4500,135.0000,1,2,0
13.4919,45,130,G45_V130_1,2094.1900,2006.4500,135.0000,2,2,0
13.4919,45,130,G45_V130_2,1959.1900,1871.4500,135.0000,3,2,1
13.4919,45,130,G45_V130_3,2094.1900,1736.4500,135.0000,4,2,1
13.5023,27,9,G27_V9_0,1637.1100,1357.5200,135.0000,1,2,0
13.5023,27,9,G27_V9_1,1502.1100,1492.5200,135.0000,2,2,0
13.5023,27,9,G27_V9_2,1367.1100,1357.5200,135.0000,3,2,1
13.5023,27,9,G27_V9_3,1502.1100,1222.5200,135.0000,4,2,1
13.5038,12,11,G12_V11_0,2042.6286,835.2433,135.0000,1,2,0
13.5038,12,11,G12_V11_1,1907.6286,970.2433,135.0000,2,2,0
13.5038,12,11,G12_V11_2,1772.6286,835.2433,135.0000,3,2,1
13.5038,12,11,G12_V11_3,1907.6286,700.2433,135.0000,4,2,1
13.5134,28,24,G28_V24_0,1852.3484,1273.4789,135.0000,1,2,0
13.5134,28,24,G28_V24_1,1717.3484,1408.4789,135.0000,2,2,0
13.5134,28,24,G28_V24_2,1582.3484,1273.4789,135.0000,3,2,1
13.5134,28,24,G28_V24_3,1717.3484,1138.4789,135.0000,4,2,1
13.5149,27,26,G27_V26_0,1636.0300,1354.5100,135.0000,1,2,0
13.5149,27,26,G27_V26_1,1501.0300,1489.5100,135.0000,2,2,0
13.5149,27,26,G27_V26_2,1366.0300,1354.5100,135.0000,3,2,1
13.5149,27,26,G27_V26_3,1501.0300,1219.5100,135.0000,4,2,1
13.5171,27,29,G27_V29_0,1785.2100,1219.7400,135.0000,1,2,0
13.5171,27,29,G27_V29_1,1650.2100,1354.7400,135.0000,2,2,0
13.5171,27,29,G27_V29_2,1515.2100,1219.7400,135.0000,3,2,1
13.5171,27,29,G27_V29_3,1650.2100,1084.7400,135.0000,4,2,1
13.5349,20,53,G20_V53_0,1859.9800,976.0400,135.0000,1,2,0
13.5349,20,53,G20_V53_1,1724.9800,1111.0400,135.0000,2,2,0
13.5349,20,53,G20_V53_2,1589.9800,976.0400,135.0000,3,2,1
13.5349,20,53,G20_V53_3,1724.9800,841.0400,135.0000,4,2,1
13.5371,20,56,G20_V56_0,1920.4900,1041.1400,135.0000,1,2,0
13.5371,20,56,G20_V56_1,1785.4900,1176.1400,135.0000,2,2,0
13.5371,20,56,G20_V56_2,1650.4900,1041.1400,135.0000,3,2,1
13.5371,20,56,G20_V56_3,1785.4900,906.1400,135.0000,4,2,1
13.5401,19,60,G19_V60_0,1632.1500,1007.1400,135.0000,1,2,0
13.5401,19,60,G19_V60_1,1497.1500,1142.1400,135.0000,2,2,0
13.5401,19,60,G19_V60_2,1362.1500,1007.1400,135.0000,3,2,1
13.5401,19,60,G19_V60_3,1497.1500,872.1400,135.0000,4,2,1
13.5438,20,65,G20_V65_0,1854.1300,979.9800,135.0000,1,2,0
13.5438,20,65,G20_V65_1,1719.1300,1114.9800,135.0000,2,2,0
13.5438,20,65,G20_V65_2,1584.1300,979.9800,135.0000,3,2,1
13.5438,20,65,G20_V65_3,1719.1300,844.9800,135.0000,4,2,1
13.5482,18,71,G18_V71_0,1566.3300,994.6300,135.0000,1,2,0
13.5482,18,71,G18_V71_1,1431.3300,1129.6300,135.0000,2,2,0
13.5482,18,71,G18_V71_2,1296.3300,994.6300,135.0000,3,2,1
13.5482,18,71,G18_V71_3,1431.3300,859.6300,135.0000,4,2,1
13.5534,18,78,G18_V78_0,1580.1200,997.3300,135.0000,1,2,0
13.5534,18,78,G18_V78_1,1445.1200,1132.3300,135.0000,2,2,0
13.5534,18,78,G18_V78_2,1310.1200,997.3300,135.0000,3,2,1
13.5534,18,78,G18_V78_3,1445.1200,862.3300,135.0000,4,2,1
13.5542,19,79,G19_V79_0,1722.0000,1105.6200,135.0000,1,2,0
13.5542,19,79,G19_V79_1,1587.0000,1240.6200,135.0000,2,2,0
13.5542,19,79,G19_V79_2,1452.0000,1105.6200,135.0000,3,2,1
13.5542,19,79,G19_V79_3,1587.0000,970.6200,135.0000,4,2,1
13.5645,19,93,G19_V93_0,1625.2300,1006.1300,135.0000,1,2,0
13.5645,19,93,G19_V93_1,1490.2300,1141.1300,135.0000,2,2,0
13.5645,19,93,G19_V93_2,1355.2300,1006.1300,135.0000,3,2,1
13.5645,19,93,G19_V93_3,1490.2300,871.1300,135.0000,4,2,1
13.5660,26,95,G26_V95_0,1401.2300,1300.6800,135.0000,1,2,0
13.5660,26,95,G26_V95_1,1266.2300,1435.6800,135.0000,2,2,0
13.5660,26,95,G26_V95_2,1131.2300,1300.6800,135.0000,3,2,1
13.5660,26,95,G26_V95_3,1266.2300,1165.6800,135.0000,4,2,1
13.5668,19,96,G19_V96_0,1718.3700,1099.6400,135.0000,1,2,0
13.5668,19,96,G19_V96_1,1583.3700,1234.6400,135.0000,2,2,0
13.5668,19,96,G19_V96_2,1448.3700,1099.6400,135.0000,3,2,1
13.5668,19,96,G19_V96_3,1583.3700,964.6400,135.0000,4,2,1
13.5705,10,101,G10_V101_0,1553.0700,805.7800,135.0000,1,2,0
13.5705,10,101,G10_V101_1,1418.0700,940.7800,135.0000,2,2,0
13.5705,10,101,G10_V101_2,1283.0700,805.7800,135.0000,3,2,1
13.5705,10,101,G10_V101_3,1418.0700,670.7800,135.0000,4,2,1
13.5771,11,110,G11_V110_0,1637.6546,767.8979,135.0000,1,2,0
13.5771,11,110,G11_V110_1,1502.6546,902.8979,135.0000,2,2,0
13.5771,11,110,G11_V110_2,1367.6546,767.8979,135.0000,3,2,1
13.5771,11,110,G11_V110_3,1502.6546,632.8979,135.0000,4,2,1
13.5816,28,116,G28_V116_0,1840.6021,1277.6489,135.0000,1,2,0
13.5816,28,116,G28_V116_1,1705.6021,1412.6489,135.0000,2,2,0
13.5816,28,116,G28_V116_2,1570.6021,1277.6489,135.0000,3,2,1
13.5816,28,116,G28_V116_3,1705.6021,1142.6489,135.0000,4,2,1
13.5912,19,129,G19_V129_0,1594.9300,998.1300,135.0000,1,2,0
13.5912,19,129,G19_V129_1,1459.9300,1133.1300,135.0000,2,2,0
13.5912,19,129,G19_V129_2,1324.9300,998.1300,135.0000,3,2,1
13.5912,19,129,G19_V129_3,1459.9300,863.1300,135.0000,4,2,1
13.5920,45,130,G45_V130_0,2229.1900,1871.4500,135.0000,1,2,0
13.5920,45,130,G45_V130_1,2094.1900,2006.4500,135.0000,2,2,0
13.5920,45,130,G45_V130_2,1959.1900,1871.4500,135.0000,3,2,1
13.5920,45,130,G45_V130_3,2094.1900,1736.4500,135.0000,4,2,1
13.6023,27,9,G27_V9_0,1637.1100,1357.5200,135.0000,1,2,0
13.6023,27,9,G27_V9_1,1502.1100,1492.5200,135.0000,2,2,0
13.6023,27,9,G27_V9_2,1367.1100,1357.5200,135.0000,3,2,1
13.6023,27,9,G27_V9_3,1502.1100,1222.5200,135.0000,4,2,1
13.6038,12,11,G12_V11_0,2041.1890,836.0738,135.0000,1,2,0
13.6038,12,11,G12_V11_1,1906.1890,971.0738,135.0000,2,2,0
13.6038,12,11,G12_V11_2,1771.1890,836.0738,135.0000,3,2,1
13.6038,12,11,G12_V11_3,1906.1890,701.0738,135.0000,4,2,1
13.6134,28,24,G28_V24_0,1852.3484,1273.4789,135.0000,1,2,0
13.6134,28,24,G28_V24_1,1717.3484,1408.4789,135.0000,2,2,0
13.6134,28,24,G28_V24_2,1582.3484,1273.4789,135.0000,3,2,1
13.6134,28,24,G28_V24_3,1717.3484,1138.4789,135.0000,4,2,1
13.6149,27,26,G27_V26_0,1636.0300,1354.5100,135.0000,1,2,0
13.6149,27,26,G27_V26_1,1501.0300,1489.5100,135.0000,2,2,0
13.6149,27,26,G27_V26_2,1366.0300,1354.5100,135.0000,3,2,1
13.6149,27,26,G27_V26_3,1501.0300,1219.5100,135.0000,4,2,1
13.6171,27,29,G27_V29_0,1785.2100,1219.7400,135.0000,1,2,0
13.6171,27,29,G27_V29_1,1650.2100,1354.7400,135.0000,2,2,0
13.6171,27,29,G27_V29_2,1515.2100,1219.7400,135.0000,3,2,1
13.6171,27,29,G27_V29_3,1650.2100,1084.7400,135.0000,4,2,1
13.6349,20,53,G20_V53_0,1859.9800,976.0400,135.0000,1,2,0
13.6349,20,53,G20_V53_1,1724.9800,1111.0400,135.0000,2,2,0
13.6349,20,53,G20_V53_2,1589.9800,976.0400,135.0000,3,2,1
13.6349,20,53,G20_V53_3,1724.9800,841.0400,135.0000,4,2,1
13.6371,20,56,G20_V56_0,1920.4900,1041.1400,135.0000,1,2,0
13.6371,20,56,G20_V56_1,1785.4900,1176.1400,135.0000,2,2,0
13.6371,20,56,G20_V56_2,1650.4900,1041.1400,135.0000,3,2,1
13.6371,20,56,G20_V56_3,1785.4900,906.1400,135.0000,4,2,1
13.6401,19,60,G19_V60_0,1632.1500,1007.1400,135.0000,1,2,0
13.6401,19,60,G19_V60_1,1497.1500,1142.1400,135.0000,2,2,0
13.6401,19,60,G19_V60_2,1362.1500,1007.1400,135.0000,3,2,1
13.6401,19,60,G19_V60_3,1497.1500,872.1400,135.0000,4,2,1
13.6438,20,65,G20_V65_0,1854.1300,979.9800,135.0000,1,2,0
13.6438,20,65,G20_V65_1,1719.1300,1114.9800,135.0000,2,2,0
13.6438,20,65,G20_V65_2,1584.1300,979.9800,135.0000,3,2,1
13.6438,20,65,G20_V65_3,1719.1300,844.9800,135.0000,4,2,1
13.6482,18,71,G18_V71_0,1566.3300,994.6300,135.0000,1,2,0
13.6482,18,71,G18_V71_1,1431.3300,1129.6300,135.0000,2,2,0
13.6482,18,71,G18_V71_2,1296.3300,994.6300,135.0000,3,2,1
13.6482,18,71,G18_V71_3,1431.3300,859.6300,135.0000,4,2,1
13.6534,18,78,G18_V78_0,1580.1200,997.3300,135.0000,1,2,0
13.6534,18,78,G18_V78_1,1445.1200,1132.3300,135.0000,2,2,0
13.6534,18,78,G18_V78_2,1310.1200,997.3300,135.0000,3,2,1
13.6534,18,78,G18_V78_3,1445.1200,862.3300,135.0000,4,2,1
13.6542,19,79,G19_V79_0,1722.0000,1105.6200,135.0000,1,2,0
13.6542,19,79,G19_V79_1,1587.0000,1240.6200,135.0000,2,2,0
13.6542,19,79,G19_V79_2,1452.0000,1105.6200,135.0000,3,2,1
13.6542,19,79,G19_V79_3,1587.0000,970.6200,135.0000,4,2,1
13.6645,19,93,G19_V93_0,1625.2300,1006.1300,135.0000,1,2,0
13.6645,19,93,G19_V93_1,1490.2300,1141.1300,135.0000,2,2,0
13.6645,19,93,G19_V93_2,1355.2300,1006.1300,135.0000,3,2,1
13.6645,19,93,G19_V93_3,1490.2300,871.1300,135.0000,4,2,1
13.6660,26,95,G26_V95_0,1401.2300,1300.6800,135.0000,1,2,0
13.6660,26,95,G26_V95_1,1266.2300,1435.6800,135.0000,2,2,0
13.6660,26,95,G26_V95_2,1131.2300,1300.6800,135.0000,3,2,1
13.6660,26,95,G26_V95_3,1266.2300,1165.6800,135.0000,4,2,1
13.6668,19,96,G19_V96_0,1718.3700,1099.6400,135.0000,1,2,0
13.6668,19,96,G19_V96_1,1583.3700,1234.6400,135.0000,2,2,0
13.6668,19,96,G19_V96_2,1448.3700,1099.6400,135.0000,3,2,1
13.6668,19,96,G19_V96_3,1583.3700,964.6400,135.0000,4,2,1
13.6705,10,101,G10_V101_0,1553.0700,805.7800,135.0000,1,2,0
13.6705,10,101,G10_V101_1,1418.0700,940.7800,135.0000,2,2,0
13.6705,10,101,G10_V101_2,1283.0700,805.7800,135.0000,3,2,1
13.6705,10,101,G10_V101_3,1418.0700,670.7800,135.0000,4,2,1
13.6771,11,110,G11_V110_0,1637.9396,766.6429,135.0000,1,2,0
13.6771,11,110,G11_V110_1,1502.9396,901.6429,135.0000,2,2,0
13.6771,11,110,G11_V110_2,1367.9396,766.6429,135.0000,3,2,1
13.6771,11,110,G11_V110_3,1502.9396,631.6429,135.0000,4,2,1
13.6816,28,116,G28_V116_0,1840.6021,1277.6489,135.0000,1,2,0
13.6816,28,116,G28_V116_1,1705.6021,1412.6489,135.0000,2,2,0
13.6816,28,116,G28_V116_2,1570.6021,1277.6489,135.0000,3,2,1
13.6816,28,116,G28_V116_3,1705.6021,1142.6489,135.0000,4,2,1
13.6912,19,129,G19_V129_0,1594.9300,998.1300,135.0000,1,2,0
13.6912,19,129,G19_V129_1,1459.9300,1133.1300,135.0000,2,2,0
13.6912,19,129,G19_V129_2,1324.9300,998.1300,135.0000,3,2,1
13.6912,19,129,G19_V129_3,1459.9300,863.1300,135.0000,4,2,1
13.6920,45,130,G45_V130_0,2229.1900,1871.4500,135.0000,1,2,0
13.6920,45,130,G45_V130_1,2094.1900,2006.4500,135.0000,2,2,0
13.6920,45,130,G45_V130_2,1959.1900,1871.4500,135.0000,3,2,1
13.6920,45,130,G45_V130_3,2094.1900,1736.4500,135.0000,4,2,1
13.7023,27,9,G27_V9_0,1637.1100,1357.5200,135.0000,1,2,0
13.7023,27,9,G27_V9_1,1502.1100,1492.5200,135.0000,2,2,0
13.7023,27,9,G27_V9_2,1367.1100,1357.5200,135.0000,3,2,1
13.7023,27,9,G27_V9_3,1502.1100,1222.5200,135.0000,4,2,1
13.7038,12,11,G12_V11_0,2039.7494,836.9043,135.0000,1,2,0
13.7038,12,11,G12_V11_1,1904.7494,971.9043,135.0000,2,2,0
13.7038,12,11,G12_V11_2,1769.7494,836.9043,135.0000,3,2,1
13.7038,12,11,G12_V11_3,1904.7494,701.9043,135.0000,4,2,1
13.7134,28,24,G28_V24_0,1852.3484,1273.4789,135.0000,1,2,0
13.7134,28,24,G28_V24_1,1717.3484,1408.4789,135.0000,2,2,0
13.7134,28,24,G28_V24_2,1582.3484,1273.4789,135.0000,3,2,1
13.7134,28,24,G28_V24_3,1717.3484,1138.4789,135.0000,4,2,1
13.7149,27,26,G27_V26_0,1636.0300,1354.5100,135.0000,1,2,0
13.7149,27,26,G27_V26_1,1501.0300,1489.5100,135.0000,2,2,0
13.7149,27,26,G27_V26_2,1366.0300,1354.5100,135.0000,3,2,1
13.7149,27,26,G27_V26_3,1501.0300,1219.5100,135.0000,4,2,1
13.7171,27,29,G27_V29_0,1785.2100,1219.7400,135.0000,1,2,0
13.7171,27,29,G27_V29_1,1650.2100,1354.7400,135.0000,2,2,0
13.7171,27,29,G27_V29_2,1515.2100,1219.7400,135.0000,3,2,1
13.7171,27,29,G27_V29_3,1650.2100,1084.7400,135.0000,4,2,1
13.7349,20,53,G20_V53_0,1859.9800,976.0400,135.0000,1,2,0
13.7349,20,53,G20_V53_1,1724.9800,1111.0400,135.0000,2,2,0
13.7349,20,53,G20_V53_2,1589.9800,976.0400,135.0000,3,2,1
13.7349,20,53,G20_V53_3,1724.9800,841.0400,135.0000,4,2,1
13.7371,20,56,G20_V56_0,1920.4900,1041.1400,135.0000,1,2,0
13.7371,20,56,G20_V56_1,1785.4900,1176.1400,135.0000,2,2,0
13.7371,20,56,G20_V56_2,1650.4900,1041.1400,135.0000,3,2,1
13.7371,20,56,G20_V56_3,1785.4900,906.1400,135.0000,4,2,1
13.7401,19,60,G19_V60_0,1632.1500,1007.1400,135.0000,1,2,0
13.7401,19,60,G19_V60_1,1497.1500,1142.1400,135.0000,2,2,0
13.7401,19,60,G19_V60_2,1362.1500,1007.1400,135.0000,3,2,1
13.7401,19,60,G19_V60_3,1497.1500,872.1400,135.0000,4,2,1
13.7438,20,65,G20_V65_0,1854.1300,979.9800,135.0000,1,2,0
13.7438,20,65,G20_V65_1,1719.1300,1114.9800,135.0000,2,2,0
13.7438,20,65,G20_V65_2,1584.1300,979.9800,135.0000,3,2,1
13.7438,20,65,G20_V65_3,1719.1300,844.9800,135.0000,4,2,1
13.7482,18,71,G18_V71_0,1566.3300,994.6300,135.0000,1,2,0
13.7482,18,71,G18_V71_1,1431.3300,1129.6300,135.0000,2,2,0
13.7482,18,71,G18_V71_2,1296.3300,994.6300,135.0000,3,2,1
13.7482,18,71,G18_V71_3,1431.3300,859.6300,135.0000,4,2,1
13.7534,18,78,G18_V78_0,1580.1200,997.3300,135.0000,1,2,0
13.7534,18,78,G18_V78_1,1445.1200,1132.3300,135.0000,2,2,0
13.7534,18,78,G18_V78_2,1310.1200,997.3300,135.0000,3,2,1
13.7534,18,78,G18_V78_3,1445.1200,862.3300,135.0000,4,2,1
13.7542,19,79,G19_V79_0,1722.0000,1105.6200,135.0000,1,2,0
13.7542,19,79,G19_V79_1,1587.0000,1240.6200,135.0000,2,2,0
13.7542,19,79,G19_V79_2,1452.0000,1105.6200,135.0000,3,2,1
13.7542,19,79,G19_V79_3,1587.0000,970.6200,135.0000,4,2,1
13.7645,19,93,G19_V93_0,1625.2300,1006.1300,135.0000,1,2,0
13.7645,19,93,G19_V93_1,1490.2300,1141.1300,135.0000,2,2,0
13.7645,19,93,G19_V93_2,1355.2300,1006.1300,135.0000,3,2,1
13.7645,19,93,G19_V93_3,1490.2300,871.1300,135.0000,4,2,1
13.7660,26,95,G26_V95_0,1401.2300,1300.6800,135.0000,1,2,0
13.7660,26,95,G26_V95_1,1266.2300,1435.6800,135.0000,2,2,0
13.7660,26,95,G26_V95_2,1131.2300,1300.6800,135.0000,3,2,1
13.7660,26,95,G26_V95_3,1266.2300,1165.6800,135.0000,4,2,1
13.7668,19,96,G19_V96_0,1718.3700,1099.6400,135.0000,1,2,0
13.7668,19,96,G19_V96_1,1583.3700,1234.6400,135.0000,2,2,0
13.7668,19,96,G19_V96_2,1448.3700,1099.6400,135.0000,3,2,1
13.7668,19,96,G19_V96_3,1583.3700,964.6400,135.0000,4,2,1
13.7705,10,101,G10_V101_0,1553.0700,805.7800,135.0000,1,2,0
13.7705,10,101,G10_V101_1,1418.0700,940.7800,135.0000,2,2,0
13.7705,10,101,G10_V101_2,1283.0700,805.7800,135.0000,3,2,1
13.7705,10,101,G10_V101_3,1418.0700,670.7800,135.0000,4,2,1
13.7771,11,110,G11_V110_0,1638.2246,765.3878,135.0000,1,2,0
13.7771,11,110,G11_V110_1,1503.2246,900.3878,135.0000,2,2,0
13.7771,11,110,G11_V110_2,1368.2246,765.3878,135.0000,3,2,1
13.7771,11,110,G11_V110_3,1503.2246,630.3878,135.0000,4,2,1
13.7816,28,116,G28_V116_0,1840.6021,1277.6489,135.0000,1,2,0
13.7816,28,116,G28_V116_1,1705.6021,1412.6489,135.0000,2,2,0
13.7816,28,116,G28_V116_2,1570.6021,1277.6489,135.0000,3,2,1
13.7816,28,116,G28_V116_3,1705.6021,1142.6489,135.0000,4,2,1
13.7912,19,129,G19_V129_0,1594.9300,998.1300,135.0000,1,2,0
13.7912,19,129,G19_V129_1,1459.9300,1133.1300,135.0000,2,2,0
13.7912,19,129,G19_V129_2,1324.9300,998.1300,135.0000,3,2,1
13.7912,19,129,G19_V129_3,1459.9300,863.1300,135.0000,4,2,1
13.7919,45,130,G45_V130_0,2229.1900,1871.4500,135.0000,1,2,0
13.7919,45,130,G45_V130_1,2094.1900,2006.4500,135.0000,2,2,0
13.7919,45,130,G45_V130_2,1959.1900,1871.4500,135.0000,3,2,1
13.7919,45,130,G45_V130_3,2094.1900,1736.4500,135.0000,4,2,1
13.8023,27,9,G27_V9_0,1637.1100,1357.5200,135.0000,1,2,0
13.8023,27,9,G27_V9_1,1502.1100,1492.5200,135.0000,2,2,0
13.8023,27,9,G27_V9_2,1367.1100,1357.5200,135.0000,3,2,1
13.8023,27,9,G27_V9_3,1502.1100,1222.5200,135.0000,4,2,1
13.8038,12,11,G12_V11_0,2038.3097,837.7348,135.0000,1,2,0
13.8038,12,11,G12_V11_1,1903.3097,972.7348,135.0000,2,2,0
13.8038,12,11,G12_V11_2,1768.3097,837.7348,135.0000,3,2,1
13.8038,12,11,G12_V11_3,1903.3097,702.7348,135.0000,4,2,1
13.8134,28,24,G28_V24_0,1852.3484,1273.4789,135.0000,1,2,0
13.8134,28,24,G28_V24_1,1717.3484,1408.4789,135.0000,2,2,0
13.8134,28,24,G28_V24_2,1582.3484,1273.4789,135.0000,3,2,1
13.8134,28,24,G28_V24_3,1717.3484,1138.4789,135.0000,4,2,1
13.8149,27,26,G27_V26_0,1636.0300,1354.5100,135.0000,1,2,0
13.8149,27,26,G27_V26_1,1501.0300,1489.5100,135.0000,2,2,0
13.8149,27,26,G27_V26_2,1366.0300,1354.5100,135.0000,3,2,1
13.8149,27,26,G27_V26_3,1501.0300,1219.5100,135.0000,4,2,1
13.8171,27,29,G27_V29_0,1785.2100,1219.7400,135.0000,1,2,0
13.8171,27,29,G27_V29_1,1650.2100,1354.7400,135.0000,2,2,0
13.8171,27,29,G27_V29_2,1515.2100,1219.7400,135.0000,3,2,1
13.8171,27,29,G27_V29_3,1650.2100,1084.7400,135.0000,4,2,1
13.8349,20,53,G20_V53_0,1859.9800,976.0400,135.0000,1,2,0
13.8349,20,53,G20_V53_1,1724.9800,1111.0400,135.0000,2,2,0
13.8349,20,53,G20_V53_2,1589.9800,976.0400,135.0000,3,2,1
13.8349,20,53,G20_V53_3,1724.9800,841.0400,135.0000,4,2,1
13.8371,20,56,G20_V56_0,1920.4900,1041.1400,135.0000,1,2,0
13.8371,20,56,G20_V56_1,1785.4900,1176.1400,135.0000,2,2,0
13.8371,20,56,G20_V56_2,1650.4900,1041.1400,135.0000,3,2,1
13.8371,20,56,G20_V56_3,1785.4900,906.1400,135.0000,4,2,1
13.8401,19,60,G19_V60_0,1632.1500,1007.1400,135.0000,1,2,0
13.8401,19,60,G19_V60_1,1497.1500,1142.1400,135.0000,2,2,0
13.8401,19,60,G19_V60_2,1362.1500,1007.1400,135.0000,3,2,1
13.8401,19,60,G19_V60_3,1497.1500,872.1400,135.0000,4,2,1
13.8438,20,65,G20_V65_0,1854.1300,979.9800,135.0000,1,2,0
13.8438,20,65,G20_V65_1,1719.1300,1114.9800,135.0000,2,2,0
13.8438,20,65,G20_V65_2,1584.1300,979.9800,135.0000,3,2,1
13.8438,20,65,G20_V65_3,1719.1300,844.9800,135.0000,4,2,1
13.8482,18,71,G18_V71_0,1566.3300,994.6300,135.0000,1,2,0
13.8482,18,71,G18_V71_1,1431.3300,1129.6300,135.0000,2,2,0
13.8482,18,71,G18_V71_2,1296.3300,994.6300,135.0000,3,2,1
13.8482,18,71,G18_V71_3,1431.3300,859.6300,135.0000,4,2,1
13.8534,18,78,G18_V78_0,1580.1200,997.3300,135.0000,1,2,0
13.8534,18,78,G18_V78_1,1445.1200,1132.3300,135.0000,2,2,0
13.8534,18,78,G18_V78_2,1310.1200,997.3300,135.0000,3,2,1
13.8534,18,78,G18_V78_3,1445.1200,862.3300,135.0000,4,2,1
13.8542,19,79,G19_V79_0,1722.0000,1105.6200,135.0000,1,2,0
13.8542,19,79,G19_V79_1,1587.0000,1240.6200,135.0000,2,2,0
13.8542,19,79,G19_V79_2,1452.0000,1105.6200,135.0000,3,2,1
13.8542,19,79,G19_V79_3,1587.0000,970.6200,135.0000,4,2,1
13.8645,19,93,G19_V93_0,1625.2300,1006.1300,135.0000,1,2,0
13.8645,19,93,G19_V93_1,1490.2300,1141.1300,135.0000,2,2,0
13.8645,19,93,G19_V93_2,1355.2300,1006.1300,135.0000,3,2,1
13.8645,19,93,G19_V93_3,1490.2300,871.1300,135.0000,4,2,1
13.8660,26,95,G26_V95_0,1401.2300,1300.6800,135.0000,1,2,0
13.8660,26,95,G26_V95_1,1266.2300,1435.6800,135.0000,2,2,0
13.8660,26,95,G26_V95_2,1131.2300,1300.6800,135.0000,3,2,1
13.8660,26,95,G26_V95_3,1266.2300,1165.6800,135.0000,4,2,1
13.8668,19,96,G19_V96_0,1718.3700,1099.6400,135.0000,1,2,0
13.8668,19,96,G19_V96_1,1583.3700,1234.6400,135.0000,2,2,0
13.8668,19,96,G19_V96_2,1448.3700,1099.6400,135.0000,3,2,1
13.8668,19,96,G19_V96_3,1583.3700,964.6400,135.0000,4,2,1
13.8705,10,101,G10_V101_0,1553.0700,805.7800,135.0000,1,2,0
13.8705,10,101,G10_V101_1,1418.0700,940.7800,135.0000,2,2,0
13.8705,10,101,G10_V101_2,1283.0700,805.7800,135.0000,3,2,1
13.8705,10,101,G10_V101_3,1418.0700,670.7800,135.0000,4,2,1
13.8771,11,110,G11_V110_0,1638.5096,764.1328,135.0000,1,2,0
13.8771,11,110,G11_V110_1,1503.5096,899.1328,135.0000,2,2,0
13.8771,11,110,G11_V110_2,1368.5096,764.1328,135.0000,3,2,1
13.8771,11,110,G11_V110_3,1503.5096,629.1328,135.0000,4,2,1
13.8816,28,116,G28_V116_0,1840.6021,1277.6489,135.0000,1,2,0
13.8816,28,116,G28_V116_1,1705.6021,1412.6489,135.0000,2,2,0
13.8816,28,116,G28_V116_2,1570.6021,1277.6489,135.0000,3,2,1
13.8816,28,116,G28_V116_3,1705.6021,1142.6489,135.0000,4,2,1
13.8912,19,129,G19_V129_0,1594.9300,998.1300,135.0000,1,2,0
13.8912,19,129,G19_V129_1,1459.9300,1133.1300,135.0000,2,2,0
13.8912,19,129,G19_V129_2,1324.9300,998.1300,135.0000,3,2,1
13.8912,19,129,G19_V129_3,1459.9300,863.1300,135.0000,4,2,1
13.8919,45,130,G45_V130_0,2229.1900,1871.4500,135.0000,1,2,0
13.8919,45,130,G45_V130_1,2094.1900,2006.4500,135.0000,2,2,0
13.8919,45,130,G45_V130_2,1959.1900,1871.4500,135.0000,3,2,1
13.8919,45,130,G45_V130_3,2094.1900,1736.4500,135.0000,4,2,1
13.9023,27,9,G27_V9_0,1637.1100,1357.5200,135.0000,1,2,0
13.9023,27,9,G27_V9_1,1502.1100,1492.5200,135.0000,2,2,0
13.9023,27,9,G27_V9_2,1367.1100,1357.5200,135.0000,3,2,1
13.9023,27,9,G27_V9_3,1502.1100,1222.5200,135.0000,4,2,1
13.9038,12,11,G12_V11_0,2036.8701,838.5653,135.0000,1,2,0
13.9038,12,11,G12_V11_1,1901.8701,973.5653,135.0000,2,2,0
13.9038,12,11,G12_V11_2,1766.8701,838.5653,135.0000,3,2,1
13.9038,12,11,G12_V11_3,1901.8701,703.5653,135.0000,4,2,1
13.9134,28,24,G28_V24_0,1852.3484,1273.4789,135.0000,1,2,0
13.9134,28,24,G28_V24_1,1717.3484,1408.4789,135.0000,2,2,0
13.9134,28,24,G28_V24_2,1582.3484,1273.4789,135.0000,3,2,1
13.9134,28,24,G28_V24_3,1717.3484,1138.4789,135.0000,4,2,1
13.9149,27,26,G27_V26_0,1636.0300,1354.5100,135.0000,1,2,0
13.9149,27,26,G27_V26_1,1501.0300,1489.5100,135.0000,2,2,0
13.9149,27,26,G27_V26_2,1366.0300,1354.5100,135.0000,3,2,1
13.9149,27,26,G27_V26_3,1501.0300,1219.5100,135.0000,4,2,1
13.9171,27,29,G27_V29_0,1785.2100,1219.7400,135.0000,1,2,0
13.9171,27,29,G27_V29_1,1650.2100,1354.7400,135.0000,2,2,0
13.9171,27,29,G27_V29_2,1515.2100,1219.7400,135.0000,3,2,1
13.9171,27,29,G27_V29_3,1650.2100,1084.7400,135.0000,4,2,1
13.9349,20,53,G20_V53_0,1859.9800,976.0400,135.0000,1,2,0
13.9349,20,53,G20_V53_1,1724.9800,1111.0400,135.0000,2,2,0
13.9349,20,53,G20_V53_2,1589.9800,976.0400,135.0000,3,2,1
13.9349,20,53,G20_V53_3,1724.9800,841.0400,135.0000,4,2,1
13.9371,20,56,G20_V56_0,1920.4900,1041.1400,135.0000,1,2,0
13.9371,20,56,G20_V56_1,1785.4900,1176.1400,135.0000,2,2,0
13.9371,20,56,G20_V56_2,1650.4900,1041.1400,135.0000,3,2,1
13.9371,20,56,G20_V56_3,1785.4900,906.1400,135.0000,4,2,1
13.9401,19,60,G19_V60_0,1632.1500,1007.1400,135.0000,1,2,0
13.9401,19,60,G19_V60_1,1497.1500,1142.1400,135.0000,2,2,0
13.9401,19,60,G19_V60_2,1362.1500,1007.1400,135.0000,3,2,1
13.9401,19,60,G19_V60_3,1497.1500,872.1400,135.0000,4,2,1
13.9438,20,65,G20_V65_0,1854.1300,979.9800,135.0000,1,2,0
13.9438,20,65,G20_V65_1,1719.1300,1114.9800,135.0000,2,2,0
13.9438,20,65,G20_V65_2,1584.1300,979.9800,135.0000,3,2,1
13.9438,20,65,G20_V65_3,1719.1300,844.9800,135.0000,4,2,1
13.9482,18,71,G18_V71_0,1566.3300,994.6300,135.0000,1,2,0
13.9482,18,71,G18_V71_1,1431.3300,1129.6300,135.0000,2,2,0
13.9482,18,71,G18_V71_2,1296.3300,994.6300,135.0000,3,2,1
13.9482,18,71,G18_V71_3,1431.3300,859.6300,135.0000,4,2,1
13.9534,18,78,G18_V78_0,1580.1200,997.3300,135.0000,1,2,0
13.9534,18,78,G18_V78_1,1445.1200,1132.3300,135.0000,2,2,0
13.9534,18,78,G18_V78_2,1310.1200,997.3300,135.0000,3,2,1
13.9534,18,78,G18_V78_3,1445.1200,862.3300,135.0000,4,2,1
13.9542,19,79,G19_V79_0,1722.0000,1105.6200,135.0000,1,2,0
13.9542,19,79,G19_V79_1,1587.0000,1240.6200,135.0000,2,2,0
13.9542,19,79,G19_V79_2,1452.0000,1105.6200,135.0000,3,2,1
13.9542,19,79,G19_V79_3,1587.0000,970.6200,135.0000,4,2,1
13.9645,19,93,G19_V93_0,1625.2300,1006.1300,135.0000,1,2,0
13.9645,19,93,G19_V93_1,1490.2300,1141.1300,135.0000,2,2,0
13.9645,19,93,G19_V93_2,1355.2300,1006.1300,135.0000,3,2,1
13.9645,19,93,G19_V93_3,1490.2300,871.1300,135.0000,4,2,1
13.9660,26,95,G26_V95_0,1401.2300,1300.6800,135.0000,1,2,0
13.9660,26,95,G26_V95_1,1266.2300,1435.6800,135.0000,2,2,0
13.9660,26,95,G26_V95_2,1131.2300,1300.6800,135.0000,3,2,1
13.9660,26,95,G26_V95_3,1266.2300,1165.6800,135.0000,4,2,1
13.9668,19,96,G19_V96_0,1718.3700,1099.6400,135.0000,1,2,0
13.9668,19,96,G19_V96_1,1583.3700,1234.6400,135.0000,2,2,0
13.9668,19,96,G19_V96_2,1448.3700,1099.6400,135.0000,3,2,1
13.9668,19,96,G19_V96_3,1583.3700,964.6400,135.0000,4,2,1
13.9705,10,101,G10_V101_0,1553.0700,805.7800,135.0000,1,2,0
13.9705,10,101,G10_V101_1,1418.0700,940.7800,135.0000,2,2,0
13.9705,10,101,G10_V101_2,1283.0700,805.7800,135.0000,3,2,1
13.9705,10,101,G10_V101_3,1418.0700,670.7800,135.0000,4,2,1
13.9771,11,110,G11_V110_0,1638.7947,762.8777,135.0000,1,2,0
13.9771,11,110,G11_V110_1,1503.7947,897.8777,135.0000,2,2,0
13.9771,11,110,G11_V110_2,1368.7947,762.8777,135.0000,3,2,1
13.9771,11,110,G11_V110_3,1503.7947,627.8777,135.0000,4,2,1
13.9816,28,116,G28_V116_0,1840.6021,1277.6489,135.0000,1,2,0
13.9816,28,116,G28_V116_1,1705.6021,1412.6489,135.0000,2,2,0
13.9816,28,116,G28_V116_2,1570.6021,1277.6489,135.0000,3,2,1
13.9816,28,116,G28_V116_3,1705.6021,1142.6489,135.0000,4,2,1
13.9912,19,129,G19_V129_0,1594.9300,998.1300,135.0000,1,2,0
13.9912,19,129,G19_V129_1,1459.9300,1133.1300,135.0000,2,2,0
13.9912,19,129,G19_V129_2,1324.9300,998.1300,135.0000,3,2,1
13.9912,19,129,G19_V129_3,1459.9300,863.1300,135.0000,4,2,1
13.9920,45,130,G45_V130_0,2229.1900,1871.4500,135.0000,1,2,0
13.9920,45,130,G45_V130_1,2094.1900,2006.4500,135.0000,2,2,0
13.9920,45,130,G45_V130_2,1959.1900,1871.4500,135.0000,3,2,1
13.9920,45,130,G45_V130_3,2094.1900,1736.4500,135.0000,4,2,1
14.0023,27,9,G27_V9_0,1637.1100,1357.5200,135.0000,1,2,0
14.0023,27,9,G27_V9_1,1502.1100,1492.5200,135.0000,2,2,0
14.0023,27,9,G27_V9_2,1367.1100,1357.5200,135.0000,3,2,1
14.0023,27,9,G27_V9_3,1502.1100,1222.5200,135.0000,4,2,1
14.0038,12,11,G12_V11_0,2035.4581,839.3800,135.0000,1,2,0
14.0038,12,11,G12_V11_1,1900.4581,974.3800,135.0000,2,2,0
14.0038,12,11,G12_V11_2,1765.4581,839.3800,135.0000,3,2,1
14.0038,12,11,G12_V11_3,1900.4581,704.3800,135.0000,4,2,1
14.0134,28,24,G28_V24_0,1852.3484,1273.4789,135.0000,1,2,0
14.0134,28,24,G28_V24_1,1717.3484,1408.4789,135.0000,2,2,0
14.0134,28,24,G28_V24_2,1582.3484,1273.4789,135.0000,3,2,1
14.0134,28,24,G28_V24_3,1717.3484,1138.4789,135.0000,4,2,1
14.0149,27,26,G27_V26_0,1636.0300,1354.5100,135.0000,1,2,0
14.0149,27,26,G27_V26_1,1501.0300,1489.5100,135.0000,2,2,0
14.0149,27,26,G27_V26_2,1366.0300,1354.5100,135.0000,3,2,1
14.0149,27,26,G27_V26_3,1501.0300,1219.5100,135.0000,4,2,1
14.0171,27,29,G27_V29_0,1785.2100,1219.7400,135.0000,1,2,0
14.0171,27,29,G27_V29_1,1650.2100,1354.7400,135.0000,2,2,0
14.0171,27,29,G27_V29_2,1515.2100,1219.7400,135.0000,3,2,1
14.0171,27,29,G27_V29_3,1650.2100,1084.7400,135.0000,4,2,1
14.0349,20,53,G20_V53_0,1859.9800,976.0400,135.0000,1,2,0
14.0349,20,53,G20_V53_1,1724.9800,1111.0400,135.0000,2,2,0
14.0349,20,53,G20_V53_2,1589.9800,976.0400,135.0000,3,2,1
14.0349,20,53,G20_V53_3,1724.9800,841.0400,135.0000,4,2,1
14.0371,20,56,G20_V56_0,1920.4900,1041.1400,135.0000,1,2,0
14.0371,20,56,G20_V56_1,1785.4900,1176.1400,135.0000,2,2,0
14.0371,20,56,G20_V56_2,1650.4900,1041.1400,135.0000,3,2,1
14.0371,20,56,G20_V56_3,1785.4900,906.1400,135.0000,4,2,1
14.0401,19,60,G19_V60_0,1632.1500,1007.1400,135.0000,1,2,0
14.0401,19,60,G19_V60_1,1497.1500,1142.1400,135.0000,2,2,0
14.0401,19,60,G19_V60_2,1362.1500,1007.1400,135.0000,3,2,1
14.0401,19,60,G19_V60_3,1497.1500,872.1400,135.0000,4,2,1
14.0438,20,65,G20_V65_0,1854.1300,979.9800,135.0000,1,2,0
14.0438,20,65,G20_V65_1,1719.1300,1114.9800,135.0000,2,2,0
14.0438,20,65,G20_V65_2,1584.1300,979.9800,135.0000,3,2,1
14.0438,20,65,G20_V65_3,1719.1300,844.9800,135.0000,4,2,1
14.0482,18,71,G18_V71_0,1566.3300,994.6300,135.0000,1,2,0
14.0482,18,71,G18_V71_1,1431.3300,1129.6300,135.0000,2,2,0
14.0482,18,71,G18_V71_2,1296.3300,994.6300,135.0000,3,2,1
14.0482,18,71,G18_V71_3,1431.3300,859.6300,135.0000,4,2,1
14.0534,18,78,G18_V78_0,1580.1200,997.3300,135.0000,1,2,0
14.0534,18,78,G18_V78_1,1445.1200,1132.3300,135.0000,2,2,0
14.0534,18,78,G18_V78_2,1310.1200,997.3300,135.0000,3,2,1
14.0534,18,78,G18_V78_3,1445.1200,862.3300,135.0000,4,2,1
14.0542,19,79,G19_V79_0,1722.0000,1105.6200,135.0000,1,2,0
14.0542,19,79,G19_V79_1,1587.0000,1240.6200,135.0000,2,2,0
14.0542,19,79,G19_V79_2,1452.0000,1105.6200,135.0000,3,2,1
14.0542,19,79,G19_V79_3,1587.0000,970.6200,135.0000,4,2,1
14.0645,19,93,G19_V93_0,1625.2300,1006.1300,135.0000,1,2,0
14.0645,19,93,G19_V93_1,1490.2300,1141.1300,135.0000,2,2,0
14.0645,19,93,G19_V93_2,1355.2300,1006.1300,135.0000,3,2,1
14.0645,19,93,G19_V93_3,1490.2300,871.1300,135.0000,4,2,1
14.0660,26,95,G26_V95_0,1401.2300,1300.6800,135.0000,1,2,0
14.0660,26,95,G26_V95_1,1266.2300,1435.6800,135.0000,2,2,0
14.0660,26,95,G26_V95_2,1131.2300,1300.6800,135.0000,3,2,1
14.0660,26,95,G26_V95_3,1266.2300,1165.6800,135.0000,4,2,1
14.0668,19,96,G19_V96_0,1718.3700,1099.6400,135.0000,1,2,0
14.0668,19,96,G19_V96_1,1583.3700,1234.6400,135.0000,2,2,0
14.0668,19,96,G19_V96_2,1448.3700,1099.6400,135.0000,3,2,1
14.0668,19,96,G19_V96_3,1583.3700,964.6400,135.0000,4,2,1
14.0705,10,101,G10_V101_0,1553.0700,805.7800,135.0000,1,2,0
14.0705,10,101,G10_V101_1,1418.0700,940.7800,135.0000,2,2,0
14.0705,10,101,G10_V101_2,1283.0700,805.7800,135.0000,3,2,1
14.0705,10,101,G10_V101_3,1418.0700,670.7800,135.0000,4,2,1
14.0771,11,110,G11_V110_0,1639.0865,761.5955,135.0000,1,2,0
14.0771,11,110,G11_V110_1,1504.0865,896.5955,135.0000,2,2,0
14.0771,11,110,G11_V110_2,1369.0865,761.5955,135.0000,3,2,1
14.0771,11,110,G11_V110_3,1504.0865,626.5955,135.0000,4,2,1
14.0816,28,116,G28_V116_0,1840.6021,1277.6489,135.0000,1,2,0
14.0816,28,116,G28_V116_1,1705.6021,1412.6489,135.0000,2,2,0
14.0816,28,116,G28_V116_2,1570.6021,1277.6489,135.0000,3,2,1
14.0816,28,116,G28_V116_3,1705.6021,1142.6489,135.0000,4,2,1
14.0912,19,129,G19_V129_0,1594.9300,998.1300,135.0000,1,2,0
14.0912,19,129,G19_V129_1,1459.9300,1133.1300,135.0000,2,2,0
14.0912,19,129,G19_V129_2,1324.9300,998.1300,135.0000,3,2,1
14.0912,19,129,G19_V129_3,1459.9300,863.1300,135.0000,4,2,1
14.0919,45,130,G45_V130_0,2229.1900,1871.4500,135.0000,1,2,0
14.0919,45,130,G45_V130_1,2094.1900,2006.4500,135.0000,2,2,0
14.0919,45,130,G45_V130_2,1959.1900,1871.4500,135.0000,3,2,1
14.0919,45,130,G45_V130_3,2094.1900,1736.4500,135.0000,4,2,1
14.1023,27,9,G27_V9_0,1637.1100,1357.5200,135.0000,1,2,0
14.1023,27,9,G27_V9_1,1502.1100,1492.5200,135.0000,2,2,0
14.1023,27,9,G27_V9_2,1367.1100,1357.5200,135.0000,3,2,1
14.1023,27,9,G27_V9_3,1502.1100,1222.5200,135.0000,4,2,1
14.1038,12,11,G12_V11_0,2034.0558,840.1893,135.0000,1,2,0
14.1038,12,11,G12_V11_1,1899.0558,975.1893,135.0000,2,2,0
14.1038,12,11,G12_V11_2,1764.0558,840.1893,135.0000,3,2,1
14.1038,12,11,G12_V11_3,1899.0558,705.1893,135.0000,4,2,1
14.1134,28,24,G28_V24_0,1852.3484,1273.4789,135.0000,1,2,0
14.1134,28,24,G28_V24_1,1717.3484,1408.4789,135.0000,2,2,0
14.1134,28,24,G28_V24_2,1582.3484,1273.4789,135.0000,3,2,1
14.1134,28,24,G28_V24_3,1717.3484,1138.4789,135.0000,4,2,1
14.1149,27,26,G27_V26_0,1636.0300,1354.5100,135.0000,1,2,0
14.1149,27,26,G27_V26_1,1501.0300,1489.5100,135.0000,2,2,0
14.1149,27,26,G27_V26_2,1366.0300,1354.5100,135.0000,3,2,1
14.1149,27,26,G27_V26_3,1501.0300,1219.5100,135.0000,4,2,1
14.1171,27,29,G27_V29_0,1785.2100,1219.7400,135.0000,1,2,0
14.1171,27,29,G27_V29_1,1650.2100,1354.7400,135.0000,2,2,0
14.1171,27,29,G27_V29_2,1515.2100,1219.7400,135.0000,3,2,1
14.1171,27,29,G27_V29_3,1650.2100,1084.7400,135.0000,4,2,1
14.1349,20,53,G20_V53_0,1859.9800,976.0400,135.0000,1,2,0
14.1349,20,53,G20_V53_1,1724.9800,1111.0400,135.0000,2,2,0
14.1349,20,53,G20_V53_2,1589.9800,976.0400,135.0000,3,2,1
14.1349,20,53,G20_V53_3,1724.9800,841.0400,135.0000,4,2,1
14.1371,20,56,G20_V56_0,1920.4900,1041.1400,135.0000,1,2,0
14.1371,20,56,G20_V56_1,1785.4900,1176.1400,135.0000,2,2,0
14.1371,20,56,G20_V56_2,1650.4900,1041.1400,135.0000,3,2,1
14.1371,20,56,G20_V56_3,1785.4900,906.1400,135.0000,4,2,1
14.1401,19,60,G19_V60_0,1632.1500,1007.1400,135.0000,1,2,0
14.1401,19,60,G19_V60_1,1497.1500,1142.1400,135.0000,2,2,0
14.1401,19,60,G19_V60_2,1362.1500,1007.1400,135.0000,3,2,1
14.1401,19,60,G19_V60_3,1497.1500,872.1400,135.0000,4,2,1
14.1438,20,65,G20_V65_0,1854.1300,979.9800,135.0000,1,2,0
14.1438,20,65,G20_V65_1,1719.1300,1114.9800,135.0000,2,2,0
14.1438,20,65,G20_V65_2,1584.1300,979.9800,135.0000,3,2,1
14.1438,20,65,G20_V65_3,1719.1300,844.9800,135.0000,4,2,1
14.1482,18,71,G18_V71_0,1566.3300,994.6300,135.0000,1,2,0
14.1482,18,71,G18_V71_1,1431.3300,1129.6300,135.0000,2,2,0
14.1482,18,71,G18_V71_2,1296.3300,994.6300,135.0000,3,2,1
14.1482,18,71,G18_V71_3,1431.3300,859.6300,135.0000,4,2,1
14.1534,18,78,G18_V78_0,1580.1200,997.3300,135.0000,1,2,0
14.1534,18,78,G18_V78_1,1445.1200,1132.3300,135.0000,2,2,0
14.1534,18,78,G18_V78_2,1310.1200,997.3300,135.0000,3,2,1
14.1534,18,78,G18_V78_3,1445.1200,862.3300,135.0000,4,2,1
14.1542,19,79,G19_V79_0,1722.0000,1105.6200,135.0000,1,2,0
14.1542,19,79,G19_V79_1,1587.0000,1240.6200,135.0000,2,2,0
14.1542,19,79,G19_V79_2,1452.0000,1105.6200,135.0000,3,2,1
14.1542,19,79,G19_V79_3,1587.0000,970.6200,135.0000,4,2,1
14.1645,19,93,G19_V93_0,1625.2300,1006.1300,135.0000,1,2,0
14.1645,19,93,G19_V93_1,1490.2300,1141.1300,135.0000,2,2,0
14.1645,19,93,G19_V93_2,1355.2300,1006.1300,135.0000,3,2,1
14.1645,19,93,G19_V93_3,1490.2300,871.1300,135.0000,4,2,1
14.1660,26,95,G26_V95_0,1401.2300,1300.6800,135.0000,1,2,0
14.1660,26,95,G26_V95_1,1266.2300,1435.6800,135.0000,2,2,0
14.1660,26,95,G26_V95_2,1131.2300,1300.6800,135.0000,3,2,1
14.1660,26,95,G26_V95_3,1266.2300,1165.6800,135.0000,4,2,1
14.1668,19,96,G19_V96_0,1718.3700,1099.6400,135.0000,1,2,0
14.1668,19,96,G19_V96_1,1583.3700,1234.6400,135.0000,2,2,0
14.1668,19,96,G19_V96_2,1448.3700,1099.6400,135.0000,3,2,1
14.1668,19,96,G19_V96_3,1583.3700,964.6400,135.0000,4,2,1
14.1705,10,101,G10_V101_0,1553.0700,805.7800,135.0000,1,2,0
14.1705,10,101,G10_V101_1,1418.0700,940.7800,135.0000,2,2,0
14.1705,10,101,G10_V101_2,1283.0700,805.7800,135.0000,3,2,1
14.1705,10,101,G10_V101_3,1418.0700,670.7800,135.0000,4,2,1
14.1771,11,110,G11_V110_0,1639.3805,760.3045,135.0000,1,2,0
14.1771,11,110,G11_V110_1,1504.3805,895.3045,135.0000,2,2,0
14.1771,11,110,G11_V110_2,1369.3805,760.3045,135.0000,3,2,1
14.1771,11,110,G11_V110_3,1504.3805,625.3045,135.0000,4,2,1
14.1816,28,116,G28_V116_0,1840.6021,1277.6489,135.0000,1,2,0
14.1816,28,116,G28_V116_1,1705.6021,1412.6489,135.0000,2,2,0
14.1816,28,116,G28_V116_2,1570.6021,1277.6489,135.0000,3,2,1
14.1816,28,116,G28_V116_3,1705.6021,1142.6489,135.0000,4,2,1
14.1912,19,129,G19_V129_0,1594.9300,998.1300,135.0000,1,2,0
14.1912,19,129,G19_V129_1,1459.9300,1133.1300,135.0000,2,2,0
14.1912,19,129,G19_V129_2,1324.9300,998.1300,135.0000,3,2,1
14.1912,19,129,G19_V129_3,1459.9300,863.1300,135.0000,4,2,1
14.1919,45,130,G45_V130_0,2229.1900,1871.4500,135.0000,1,2,0
14.1919,45,130,G45_V130_1,2094.1900,2006.4500,135.0000,2,2,0
14.1919,45,130,G45_V130_2,1959.1900,1871.4500,135.0000,3,2,1
14.1919,45,130,G45_V130_3,2094.1900,1736.4500,135.0000,4,2,1
14.2023,27,9,G27_V9_0,1637.1100,1357.5200,135.0000,1,2,0
14.2023,27,9,G27_V9_1,1502.1100,1492.5200,135.0000,2,2,0
14.2023,27,9,G27_V9_2,1367.1100,1357.5200,135.0000,3,2,1
14.2023,27,9,G27_V9_3,1502.1100,1222.5200,135.0000,4,2,1
14.2038,12,11,G12_V11_0,2032.6536,840.9985,135.0000,1,2,0
14.2038,12,11,G12_V11_1,1897.6536,975.9985,135.0000,2,2,0
14.2038,12,11,G12_V11_2,1762.6536,840.9985,135.0000,3,2,1
14.2038,12,11,G12_V11_3,1897.6536,705.9985,135.0000,4,2,1
14.2134,28,24,G28_V24_0,1852.3484,1273.4789,135.0000,1,2,0
14.2134,28,24,G28_V24_1,1717.3484,1408.4789,135.0000,2,2,0
14.2134,28,24,G28_V24_2,1582.3484,1273.4789,135.0000,3,2,1
14.2134,28,24,G28_V24_3,1717.3484,1138.4789,135.0000,4,2,1
14.2149,27,26,G27_V26_0,1636.0300,1354.5100,135.0000,1,2,0
14.2149,27,26,G27_V26_1,1501.0300,1489.5100,135.0000,2,2,0
14.2149,27,26,G27_V26_2,1366.0300,1354.5100,135.0000,3,2,1
14.2149,27,26,G27_V26_3,1501.0300,1219.5100,135.0000,4,2,1
14.2171,27,29,G27_V29_0,1785.2100,1219.7400,135.0000,1,2,0
14.2171,27,29,G27_V29_1,1650.2100,1354.7400,135.0000,2,2,0
14.2171,27,29,G27_V29_2,1515.2100,1219.7400,135.0000,3,2,1
14.2171,27,29,G27_V29_3,1650.2100,1084.7400,135.0000,4,2,1
14.2349,20,53,G20_V53_0,1859.9800,976.0400,135.0000,1,2,0
14.2349,20,53,G20_V53_1,1724.9800,1111.0400,135.0000,2,2,0
14.2349,20,53,G20_V53_2,1589.9800,976.0400,135.0000,3,2,1
14.2349,20,53,G20_V53_3,1724.9800,841.0400,135.0000,4,2,1
14.2371,20,56,G20_V56_0,1920.4900,1041.1400,135.0000,1,2,0
14.2371,20,56,G20_V56_1,1785.4900,1176.1400,135.0000,2,2,0
14.2371,20,56,G20_V56_2,1650.4900,1041.1400,135.0000,3,2,1
14.2371,20,56,G20_V56_3,1785.4900,906.1400,135.0000,4,2,1
14.2401,19,60,G19_V60_0,1632.1500,1007.1400,135.0000,1,2,0
14.2401,19,60,G19_V60_1,1497.1500,1142.1400,135.0000,2,2,0
14.2401,19,60,G19_V60_2,1362.1500,1007.1400,135.0000,3,2,1
14.2401,19,60,G19_V60_3,1497.1500,872.1400,135.0000,4,2,1
14.2438,20,65,G20_V65_0,1854.1300,979.9800,135.0000,1,2,0
14.2438,20,65,G20_V65_1,1719.1300,1114.9800,135.0000,2,2,0
14.2438,20,65,G20_V65_2,1584.1300,979.9800,135.0000,3,2,1
14.2438,20,65,G20_V65_3,1719.1300,844.9800,135.0000,4,2,1
14.2482,18,71,G18_V71_0,1566.3300,994.6300,135.0000,1,2,0
14.2482,18,71,G18_V71_1,1431.3300,1129.6300,135.0000,2,2,0
14.2482,18,71,G18_V71_2,1296.3300,994.6300,135.0000,3,2,1
14.2482,18,71,G18_V71_3,1431.3300,859.6300,135.0000,4,2,1
14.2534,18,78,G18_V78_0,1580.1200,997.3300,135.0000,1,2,0
14.2534,18,78,G18_V78_1,1445.1200,1132.3300,135.0000,2,2,0
14.2534,18,78,G18_V78_2,1310.1200,997.3300,135.0000,3,2,1
14.2534,18,78,G18_V78_3,1445.1200,862.3300,135.0000,4,2,1
14.2542,19,79,G19_V79_0,1722.0000,1105.6200,135.0000,1,2,0
14.2542,19,79,G19_V79_1,1587.0000,1240.6200,135.0000,2,2,0
14.2542,19,79,G19_V79_2,1452.0000,1105.6200,135.0000,3,2,1
14.2542,19,79,G19_V79_3,1587.0000,970.6200,135.0000,4,2,1
14.2645,19,93,G19_V93_0,1625.2300,1006.1300,135.0000,1,2,0
14.2645,19,93,G19_V93_1,1490.2300,1141.1300,135.0000,2,2,0
14.2645,19,93,G19_V93_2,1355.2300,1006.1300,135.0000,3,2,1
14.2645,19,93,G19_V93_3,1490.2300,871.1300,135.0000,4,2,1
14.2660,26,95,G26_V95_0,1401.2300,1300.6800,135.0000,1,2,0
14.2660,26,95,G26_V95_1,1266.2300,1435.6800,135.0000,2,2,0
14.2660,26,95,G26_V95_2,1131.2300,1300.6800,135.0000,3,2,1
14.2660,26,95,G26_V95_3,1266.2300,1165.6800,135.0000,4,2,1
14.2668,19,96,G19_V96_0,1718.3700,1099.6400,135.0000,1,2,0
14.2668,19,96,G19_V96_1,1583.3700,1234.6400,135.0000,2,2,0
14.2668,19,96,G19_V96_2,1448.3700,1099.6400,135.0000,3,2,1
14.2668,19,96,G19_V96_3,1583.3700,964.6400,135.0000,4,2,1
14.2705,10,101,G10_V101_0,1553.0700,805.7800,135.0000,1,2,0
14.2705,10,101,G10_V101_1,1418.0700,940.7800,135.0000,2,2,0
14.2705,10,101,G10_V101_2,1283.0700,805.7800,135.0000,3,2,1
14.2705,10,101,G10_V101_3,1418.0700,670.7800,135.0000,4,2,1
14.2771,11,110,G11_V110_0,1639.6745,759.0136,135.0000,1,2,0
14.2771,11,110,G11_V110_1,1504.6745,894.0136,135.0000,2,2,0
14.2771,11,110,G11_V110_2,1369.6745,759.0136,135.0000,3,2,1
14.2771,11,110,G11_V110_3,1504.6745,624.0136,135.0000,4,2,1
14.2816,28,116,G28_V116_0,1840.6021,1277.6489,135.0000,1,2,0
14.2816,28,116,G28_V116_1,1705.6021,1412.6489,135.0000,2,2,0
14.2816,28,116,G28_V116_2,1570.6021,1277.6489,135.0000,3,2,1
14.2816,28,116,G28_V116_3,1705.6021,1142.6489,135.0000,4,2,1
14.2912,19,129,G19_V129_0,1594.9300,998.1300,135.0000,1,2,0
14.2912,19,129,G19_V129_1,1459.9300,1133.1300,135.0000,2,2,0
14.2912,19,129,G19_V129_2,1324.9300,998.1300,135.0000,3,2,1
14.2912,19,129,G19_V129_3,1459.9300,863.1300,135.0000,4,2,1
14.2919,45,130,G45_V130_0,2229.1900,1871.4500,135.0000,1,2,0
14.2919,45,130,G45_V130_1,2094.1900,2006.4500,135.0000,2,2,0
14.2919,45,130,G45_V130_2,1959.1900,1871.4500,135.0000,3,2,1
14.2919,45,130,G45_V130_3,2094.1900,1736.4500,135.0000,4,2,1
14.3023,27,9,G27_V9_0,1637.1100,1357.5200,135.0000,1,2,0
14.3023,27,9,G27_V9_1,1502.1100,1492.5200,135.0000,2,2,0
14.3023,27,9,G27_V9_2,1367.1100,1357.5200,135.0000,3,2,1
14.3023,27,9,G27_V9_3,1502.1100,1222.5200,135.0000,4,2,1
14.3038,12,11,G12_V11_0,2031.2514,841.8078,135.0000,1,2,0
14.3038,12,11,G12_V11_1,1896.2514,976.8078,135.0000,2,2,0
14.3038,12,11,G12_V11_2,1761.2514,841.8078,135.0000,3,2,1
14.3038,12,11,G12_V11_3,1896.2514,706.8078,135.0000,4,2,1
14.3134,28,24,G28_V24_0,1852.3484,1273.4789,135.0000,1,2,0
14.3134,28,24,G28_V24_1,1717.3484,1408.4789,135.0000,2,2,0
14.3134,28,24,G28_V24_2,1582.3484,1273.4789,135.0000,3,2,1
14.3134,28,24,G28_V24_3,1717.3484,1138.4789,135.0000,4,2,1
14.3149,27,26,G27_V26_0,1636.0300,1354.5100,135.0000,1,2,0
14.3149,27,26,G27_V26_1,1501.0300,1489.5100,135.0000,2,2,0
14.3149,27,26,G27_V26_2,1366.0300,1354.5100,135.0000,3,2,1
14.3149,27,26,G27_V26_3,1501.0300,1219.5100,135.0000,4,2,1
14.3171,27,29,G27_V29_0,1785.2100,1219.7400,135.0000,1,2,0
14.3171,27,29,G27_V29_1,1650.2100,1354.7400,135.0000,2,2,0
14.3171,27,29,G27_V29_2,1515.2100,1219.7400,135.0000,3,2,1
14.3171,27,29,G27_V29_3,1650.2100,1084.7400,135.0000,4,2,1
14.3349,20,53,G20_V53_0,1859.9800,976.0400,135.0000,1,2,0
14.3349,20,53,G20_V53_1,1724.9800,1111.0400,135.0000,2,2,0
14.3349,20,53,G20_V53_2,1589.9800,976.0400,135.0000,3,2,1
14.3349,20,53,G20_V53_3,1724.9800,841.0400,135.0000,4,2,1
14.3371,20,56,G20_V56_0,1920.4900,1041.1400,135.0000,1,2,0
14.3371,20,56,G20_V56_1,1785.4900,1176.1400,135.0000,2,2,0
14.3371,20,56,G20_V56_2,1650.4900,1041.1400,135.0000,3,2,1
14.3371,20,56,G20_V56_3,1785.4900,906.1400,135.0000,4,2,1
14.3401,19,60,G19_V60_0,1632.1500,1007.1400,135.0000,1,2,0
14.3401,19,60,G19_V60_1,1497.1500,1142.1400,135.0000,2,2,0
14.3401,19,60,G19_V60_2,1362.1500,1007.1400,135.0000,3,2,1
14.3401,19,60,G19_V60_3,1497.1500,872.1400,135.0000,4,2,1
14.3438,20,65,G20_V65_0,1854.1300,979.9800,135.0000,1,2,0
14.3438,20,65,G20_V65_1,1719.1300,1114.9800,135.0000,2,2,0
14.3438,20,65,G20_V65_2,1584.1300,979.9800,135.0000,3,2,1
14.3438,20,65,G20_V65_3,1719.1300,844.9800,135.0000,4,2,1
14.3482,18,71,G18_V71_0,1566.3300,994.6300,135.0000,1,2,0
14.3482,18,71,G18_V71_1,1431.3300,1129.6300,135.0000,2,2,0
14.3482,18,71,G18_V71_2,1296.3300,994.6300,135.0000,3,2,1
14.3482,18,71,G18_V71_3,1431.3300,859.6300,135.0000,4,2,1
14.3534,18,78,G18_V78_0,1580.1200,997.3300,135.0000,1,2,0
14.3534,18,78,G18_V78_1,1445.1200,1132.3300,135.0000,2,2,0
14.3534,18,78,G18_V78_2,1310.1200,997.3300,135.0000,3,2,1
14.3534,18,78,G18_V78_3,1445.1200,862.3300,135.0000,4,2,1
14.3542,19,79,G19_V79_0,1722.0000,1105.6200,135.0000,1,2,0
14.3542,19,79,G19_V79_1,1587.0000,1240.6200,135.0000,2,2,0
14.3542,19,79,G19_V79_2,1452.0000,1105.6200,135.0000,3,2,1
14.3542,19,79,G19_V79_3,1587.0000,970.6200,135.0000,4,2,1
14.3645,19,93,G19_V93_0,1625.2300,1006.1300,135.0000,1,2,0
14.3645,19,93,G19_V93_1,1490.2300,1141.1300,135.0000,2,2,0
14.3645,19,93,G19_V93_2,1355.2300,1006.1300,135.0000,3,2,1
14.3645,19,93,G19_V93_3,1490.2300,871.1300,135.0000,4,2,1
14.3660,26,95,G26_V95_0,1401.2300,1300.6800,135.0000,1,2,0
14.3660,26,95,G26_V95_1,1266.2300,1435.6800,135.0000,2,2,0
14.3660,26,95,G26_V95_2,1131.2300,1300.6800,135.0000,3,2,1
14.3660,26,95,G26_V95_3,1266.2300,1165.6800,135.0000,4,2,1
14.3668,19,96,G19_V96_0,1718.3700,1099.6400,135.0000,1,2,0
14.3668,19,96,G19_V96_1,1583.3700,1234.6400,135.0000,2,2,0
14.3668,19,96,G19_V96_2,1448.3700,1099.6400,135.0000,3,2,1
14.3668,19,96,G19_V96_3,1583.3700,964.6400,135.0000,4,2,1
14.3705,10,101,G10_V101_0,1553.0700,805.7800,135.0000,1,2,0
14.3705,10,101,G10_V101_1,1418.0700,940.7800,135.0000,2,2,0
14.3705,10,101,G10_V101_2,1283.0700,805.7800,135.0000,3,2,1
14.3705,10,101,G10_V101_3,1418.0700,670.7800,135.0000,4,2,1
14.3771,11,110,G11_V110_0,1639.9684,757.7226,135.0000,1,2,0
14.3771,11,110,G11_V110_1,1504.9684,892.7226,135.0000,2,2,0
14.3771,11,110,G11_V110_2,1369.9684,757.7226,135.0000,3,2,1
14.3771,11,110,G11_V110_3,1504.9684,622.7226,135.0000,4,2,1
14.3816,28,116,G28_V116_0,1840.6021,1277.6489,135.0000,1,2,0
14.3816,28,116,G28_V116_1,1705.6021,1412.6489,135.0000,2,2,0
14.3816,28,116,G28_V116_2,1570.6021,1277.6489,135.0000,3,2,1
14.3816,28,116,G28_V116_3,1705.6021,1142.6489,135.0000,4,2,1
14.3912,19,129,G19_V129_0,1594.9300,998.1300,135.0000,1,2,0
14.3912,19,129,G19_V129_1,1459.9300,1133.1300,135.0000,2,2,0
14.3912,19,129,G19_V129_2,1324.9300,998.1300,135.0000,3,2,1
14.3912,19,129,G19_V129_3,1459.9300,863.1300,135.0000,4,2,1
14.3920,45,130,G45_V130_0,2229.1900,1871.4500,135.0000,1,2,0
14.3920,45,130,G45_V130_1,2094.1900,2006.4500,135.0000,2,2,0
14.3920,45,130,G45_V130_2,1959.1900,1871.4500,135.0000,3,2,1
14.3920,45,130,G45_V130_3,2094.1900,1736.4500,135.0000,4,2,1
14.4023,27,9,G27_V9_0,1637.1100,1357.5200,135.0000,1,2,0
14.4023,27,9,G27_V9_1,1502.1100,1492.5200,135.0000,2,2,0
14.4023,27,9,G27_V9_2,1367.1100,1357.5200,135.0000,3,2,1
14.4023,27,9,G27_V9_3,1502.1100,1222.5200,135.0000,4,2,1
14.4038,12,11,G12_V11_0,2029.8492,842.6171,135.0000,1,2,0
14.4038,12,11,G12_V11_1,1894.8492,977.6171,135.0000,2,2,0
14.4038,12,11,G12_V11_2,1759.8492,842.6171,135.0000,3,2,1
14.4038,12,11,G12_V11_3,1894.8492,707.6171,135.0000,4,2,1
14.4134,28,24,G28_V24_0,1852.3484,1273.4789,135.0000,1,2,0
14.4134,28,24,G28_V24_1,1717.3484,1408.4789,135.0000,2,2,0
14.4134,28,24,G28_V24_2,1582.3484,1273.4789,135.0000,3,2,1
14.4134,28,24,G28_V24_3,1717.3484,1138.4789,135.0000,4,2,1
14.4149,27,26,G27_V26_0,1636.0300,1354.5100,135.0000,1,2,0
14.4149,27,26,G27_V26_1,1501.0300,1489.5100,135.0000,2,2,0
14.4149,27,26,G27_V26_2,1366.0300,1354.5100,135.0000,3,2,1
14.4149,27,26,G27_V26_3,1501.0300,1219.5100,135.0000,4,2,1
14.4171,27,29,G27_V29_0,1785.2100,1219.7400,135.0000,1,2,0
14.4171,27,29,G27_V29_1,1650.2100,1354.7400,135.0000,2,2,0
14.4171,27,29,G27_V29_2,1515.2100,1219.7400,135.0000,3,2,1
14.4171,27,29,G27_V29_3,1650.2100,1084.7400,135.0000,4,2,1
14.4349,20,53,G20_V53_0,1859.9800,976.0400,135.0000,1,2,0
14.4349,20,53,G20_V53_1,1724.9800,1111.0400,135.0000,2,2,0
14.4349,20,53,G20_V53_2,1589.9800,976.0400,135.0000,3,2,1
14.4349,20,53,G20_V53_3,1724.9800,841.0400,135.0000,4,2,1
14.4371,20,56,G20_V56_0,1920.4900,1041.1400,135.0000,1,2,0
14.4371,20,56,G20_V56_1,1785.4900,1176.1400,135.0000,2,2,0
14.4371,20,56,G20_V56_2,1650.4900,1041.1400,135.0000,3,2,1
14.4371,20,56,G20_V56_3,1785.4900,906.1400,135.0000,4,2,1
14.4401,19,60,G19_V60_0,1632.1500,1007.1400,135.0000,1,2,0
14.4401,19,60,G19_V60_1,1497.1500,1142.1400,135.0000,2,2,0
14.4401,19,60,G19_V60_2,1362.1500,1007.1400,135.0000,3,2,1
14.4401,19,60,G19_V60_3,1497.1500,872.1400,135.0000,4,2,1
14.4438,20,65,G20_V65_0,1854.1300,979.9800,135.0000,1,2,0
14.4438,20,65,G20_V65_1,1719.1300,1114.9800,135.0000,2,2,0
14.4438,20,65,G20_V65_2,1584.1300,979.9800,135.0000,3,2,1
14.4438,20,65,G20_V65_3,1719.1300,844.9800,135.0000,4,2,1
14.4482,18,71,G18_V71_0,1566.3300,994.6300,135.0000,1,2,0
14.4482,18,71,G18_V71_1,1431.3300,1129.6300,135.0000,2,2,0
14.4482,18,71,G18_V71_2,1296.3300,994.6300,135.0000,3,2,1
14.4482,18,71,G18_V71_3,1431.3300,859.6300,135.0000,4,2,1
14.4534,18,78,G18_V78_0,1580.1200,997.3300,135.0000,1,2,0
14.4534,18,78,G18_V78_1,1445.1200,1132.3300,135.0000,2,2,0
14.4534,18,78,G18_V78_2,1310.1200,997.3300,135.0000,3,2,1
14.4534,18,78,G18_V78_3,1445.1200,862.3300,135.0000,4,2,1
14.4542,19,79,G19_V79_0,1722.0000,1105.6200,135.0000,1,2,0
14.4542,19,79,G19_V79_1,1587.0000,1240.6200,135.0000,2,2,0
14.4542,19,79,G19_V79_2,1452.0000,1105.6200,135.0000,3,2,1
14.4542,19,79,G19_V79_3,1587.0000,970.6200,135.0000,4,2,1
14.4645,19,93,G19_V93_0,1625.2300,1006.1300,135.0000,1,2,0
14.4645,19,93,G19_V93_1,1490.2300,1141.1300,135.0000,2,2,0
14.4645,19,93,G19_V93_2,1355.2300,1006.1300,135.0000,3,2,1
14.4645,19,93,G19_V93_3,1490.2300,871.1300,135.0000,4,2,1
14.4660,26,95,G26_V95_0,1401.2300,1300.6800,135.0000,1,2,0
14.4660,26,95,G26_V95_1,1266.2300,1435.6800,135.0000,2,2,0
14.4660,26,95,G26_V95_2,1131.2300,1300.6800,135.0000,3,2,1
14.4660,26,95,G26_V95_3,1266.2300,1165.6800,135.0000,4,2,1
14.4668,19,96,G19_V96_0,1718.3700,1099.6400,135.0000,1,2,0
14.4668,19,96,G19_V96_1,1583.3700,1234.6400,135.0000,2,2,0
14.4668,19,96,G19_V96_2,1448.3700,1099.6400,135.0000,3,2,1
14.4668,19,96,G19_V96_3,1583.3700,964.6400,135.0000,4,2,1
14.4705,10,101,G10_V101_0,1553.0700,805.7800,135.0000,1,2,0
14.4705,10,101,G10_V101_1,1418.0700,940.7800,135.0000,2,2,0
14.4705,10,101,G10_V101_2,1283.0700,805.7800,135.0000,3,2,1
14.4705,10,101,G10_V101_3,1418.0700,670.7800,135.0000,4,2,1
14.4771,11,110,G11_V110_0,1640.2624,756.4317,135.0000,1,2,0
14.4771,11,110,G11_V110_1,1505.2624,891.4317,135.0000,2,2,0
14.4771,11,110,G11_V110_2,1370.2624,756.4317,135.0000,3,2,1
14.4771,11,110,G11_V110_3,1505.2624,621.4317,135.0000,4,2,1
14.4816,28,116,G28_V116_0,1840.6021,1277.6489,135.0000,1,2,0
14.4816,28,116,G28_V116_1,1705.6021,1412.6489,135.0000,2,2,0
14.4816,28,116,G28_V116_2,1570.6021,1277.6489,135.0000,3,2,1
14.4816,28,116,G28_V116_3,1705.6021,1142.6489,135.0000,4,2,1
14.4912,19,129,G19_V129_0,1594.9300,998.1300,135.0000,1,2,0
14.4912,19,129,G19_V129_1,1459.9300,1133.1300,135.0000,2,2,0
14.4912,19,129,G19_V129_2,1324.9300,998.1300,135.0000,3,2,1
14.4912,19,129,G19_V129_3,1459.9300,863.1300,135.0000,4,2,1
14.4920,45,130,G45_V130_0,2229.1900,1871.4500,135.0000,1,2,0
14.4920,45,130,G45_V130_1,2094.1900,2006.4500,135.0000,2,2,0
14.4920,45,130,G45_V130_2,1959.1900,1871.4500,135.0000,3,2,1
14.4920,45,130,G45_V130_3,2094.1900,1736.4500,135.0000,4,2,1
14.5023,27,9,G27_V9_0,1637.1100,1357.5200,135.0000,1,2,0
14.5023,27,9,G27_V9_1,1502.1100,1492.5200,135.0000,2,2,0
14.5023,27,9,G27_V9_2,1367.1100,1357.5200,135.0000,3,2,1
14.5023,27,9,G27_V9_3,1502.1100,1222.5200,135.0000,4,2,1
14.5038,12,11,G12_V11_0,2028.4470,843.4264,135.0000,1,2,0
14.5038,12,11,G12_V11_1,1893.4470,978.4264,135.0000,2,2,0
14.5038,12,11,G12_V11_2,1758.4470,843.4264,135.0000,3,2,1
14.5038,12,11,G12_V11_3,1893.4470,708.4264,135.0000,4,2,1
14.5134,28,24,G28_V24_0,1852.3484,1273.4789,135.0000,1,2,0
14.5134,28,24,G28_V24_1,1717.3484,1408.4789,135.0000,2,2,0
14.5134,28,24,G28_V24_2,1582.3484,1273.4789,135.0000,3,2,1
14.5134,28,24,G28_V24_3,1717.3484,1138.4789,135.0000,4,2,1
14.5149,27,26,G27_V26_0,1636.0300,1354.5100,135.0000,1,2,0
14.5149,27,26,G27_V26_1,1501.0300,1489.5100,135.0000,2,2,0
14.5149,27,26,G27_V26_2,1366.0300,1354.5100,135.0000,3,2,1
14.5149,27,26,G27_V26_3,1501.0300,1219.5100,135.0000,4,2,1
14.5171,27,29,G27_V29_0,1785.2100,1219.7400,135.0000,1,2,0
14.5171,27,29,G27_V29_1,1650.2100,1354.7400,135.0000,2,2,0
14.5171,27,29,G27_V29_2,1515.2100,1219.7400,135.0000,3,2,1
14.5171,27,29,G27_V29_3,1650.2100,1084.7400,135.0000,4,2,1
14.5349,20,53,G20_V53_0,1859.9800,976.0400,135.0000,1,2,0
14.5349,20,53,G20_V53_1,1724.9800,1111.0400,135.0000,2,2,0
14.5349,20,53,G20_V53_2,1589.9800,976.0400,135.0000,3,2,1
14.5349,20,53,G20_V53_3,1724.9800,841.0400,135.0000,4,2,1
14.5371,20,56,G20_V56_0,1920.4900,1041.1400,135.0000,1,2,0
14.5371,20,56,G20_V56_1,1785.4900,1176.1400,135.0000,2,2,0
14.5371,20,56,G20_V56_2,1650.4900,1041.1400,135.0000,3,2,1
14.5371,20,56,G20_V56_3,1785.4900,906.1400,135.0000,4,2,1
14.5401,19,60,G19_V60_0,1632.1500,1007.1400,135.0000,1,2,0
14.5401,19,60,G19_V60_1,1497.1500,1142.1400,135.0000,2,2,0
14.5401,19,60,G19_V60_2,1362.1500,1007.1400,135.0000,3,2,1
14.5401,19,60,G19_V60_3,1497.1500,872.1400,135.0000,4,2,1
14.5438,20,65,G20_V65_0,1854.1300,979.9800,135.0000,1,2,0
14.5438,20,65,G20_V65_1,1719.1300,1114.9800,135.0000,2,2,0
14.5438,20,65,G20_V65_2,1584.1300,979.9800,135.0000,3,2,1
14.5438,20,65,G20_V65_3,1719.1300,844.9800,135.0000,4,2,1
14.5482,18,71,G18_V71_0,1566.3300,994.6300,135.0000,1,2,0
14.5482,18,71,G18_V71_1,1431.3300,1129.6300,135.0000,2,2,0
14.5482,18,71,G18_V71_2,1296.3300,994.6300,135.0000,3,2,1
14.5482,18,71,G18_V71_3,1431.3300,859.6300,135.0000,4,2,1
14.5534,18,78,G18_V78_0,1580.1200,997.3300,135.0000,1,2,0
14.5534,18,78,G18_V78_1,1445.1200,1132.3300,135.0000,2,2,0
14.5534,18,78,G18_V78_2,1310.1200,997.3300,135.0000,3,2,1
14.5534,18,78,G18_V78_3,1445.1200,862.3300,135.0000,4,2,1
14.5542,19,79,G19_V79_0,1722.0000,1105.6200,135.0000,1,2,0
14.5542,19,79,G19_V79_1,1587.0000,1240.6200,135.0000,2,2,0
14.5542,19,79,G19_V79_2,1452.0000,1105.6200,135.0000,3,2,1
14.5542,19,79,G19_V79_3,1587.0000,970.6200,135.0000,4,2,1
14.5645,19,93,G19_V93_0,1625.2300,1006.1300,135.0000,1,2,0
14.5645,19,93,G19_V93_1,1490.2300,1141.1300,135.0000,2,2,0
14.5645,19,93,G19_V93_2,1355.2300,1006.1300,135.0000,3,2,1
14.5645,19,93,G19_V93_3,1490.2300,871.1300,135.0000,4,2,1
14.5660,26,95,G26_V95_0,1401.2300,1300.6800,135.0000,1,2,0
14.5660,26,95,G26_V95_1,1266.2300,1435.6800,135.0000,2,2,0
14.5660,26,95,G26_V95_2,1131.2300,1300.6800,135.0000,3,2,1
14.5660,26,95,G26_V95_3,1266.2300,1165.6800,135.0000,4,2,1
14.5668,19,96,G19_V96_0,1718.3700,1099.6400,135.0000,1,2,0
14.5668,19,96,G19_V96_1,1583.3700,1234.6400,135.0000,2,2,0
14.5668,19,96,G19_V96_2,1448.3700,1099.6400,135.0000,3,2,1
14.5668,19,96,G19_V96_3,1583.3700,964.6400,135.0000,4,2,1
14.5705,10,101,G10_V101_0,1553.0700,805.7800,135.0000,1,2,0
14.5705,10,101,G10_V101_1,1418.0700,940.7800,135.0000,2,2,0
14.5705,10,101,G10_V101_2,1283.0700,805.7800,135.0000,3,2,1
14.5705,10,101,G10_V101_3,1418.0700,670.7800,135.0000,4,2,1
14.5771,11,110,G11_V110_0,1640.5564,755.1408,135.0000,1,2,0
14.5771,11,110,G11_V110_1,1505.5564,890.1408,135.0000,2,2,0
14.5771,11,110,G11_V110_2,1370.5564,755.1408,135.0000,3,2,1
14.5771,11,110,G11_V110_3,1505.5564,620.1408,135.0000,4,2,1
14.5816,28,116,G28_V116_0,1840.6021,1277.6489,135.0000,1,2,0
14.5816,28,116,G28_V116_1,1705.6021,1412.6489,135.0000,2,2,0
14.5816,28,116,G28_V116_2,1570.6021,1277.6489,135.0000,3,2,1
14.5816,28,116,G28_V116_3,1705.6021,1142.6489,135.0000,4,2,1
14.5912,19,129,G19_V129_0,1594.9300,998.1300,135.0000,1,2,0
14.5912,19,129,G19_V129_1,1459.9300,1133.1300,135.0000,2,2,0
14.5912,19,129,G19_V129_2,1324.9300,998.1300,135.0000,3,2,1
14.5912,19,129,G19_V129_3,1459.9300,863.1300,135.0000,4,2,1
14.5919,45,130,G45_V130_0,2229.1900,1871.4500,135.0000,1,2,0
14.5919,45,130,G45_V130_1,2094.1900,2006.4500,135.0000,2,2,0
14.5919,45,130,G45_V130_2,1959.1900,1871.4500,135.0000,3,2,1
14.5919,45,130,G45_V130_3,2094.1900,1736.4500,135.0000,4,2,1
14.6023,27,9,G27_V9_0,1637.1100,1357.5200,135.0000,1,2,0
14.6023,27,9,G27_V9_1,1502.1100,1492.5200,135.0000,2,2,0
14.6023,27,9,G27_V9_2,1367.1100,1357.5200,135.0000,3,2,1
14.6023,27,9,G27_V9_3,1502.1100,1222.5200,135.0000,4,2,1
14.6038,12,11,G12_V11_0,2027.0447,844.2357,135.0000,1,2,0
14.6038,12,11,G12_V11_1,1892.0447,979.2357,135.0000,2,2,0
14.6038,12,11,G12_V11_2,1757.0447,844.2357,135.0000,3,2,1
14.6038,12,11,G12_V11_3,1892.0447,709.2357,135.0000,4,2,1
14.6134,28,24,G28_V24_0,1852.3484,1273.4789,135.0000,1,2,0
14.6134,28,24,G28_V24_1,1717.3484,1408.4789,135.0000,2,2,0
14.6134,28,24,G28_V24_2,1582.3484,1273.4789,135.0000,3,2,1
14.6134,28,24,G28_V24_3,1717.3484,1138.4789,135.0000,4,2,1
14.6149,27,26,G27_V26_0,1636.0300,1354.5100,135.0000,1,2,0
14.6149,27,26,G27_V26_1,1501.0300,1489.5100,135.0000,2,2,0
14.6149,27,26,G27_V26_2,1366.0300,1354.5100,135.0000,3,2,1
14.6149,27,26,G27_V26_3,1501.0300,1219.5100,135.0000,4,2,1
14.6171,27,29,G27_V29_0,1785.2100,1219.7400,135.0000,1,2,0
14.6171,27,29,G27_V29_1,1650.2100,1354.7400,135.0000,2,2,0
14.6171,27,29,G27_V29_2,1515.2100,1219.7400,135.0000,3,2,1
14.6171,27,29,G27_V29_3,1650.2100,1084.7400,135.0000,4,2,1
14.6349,20,53,G20_V53_0,1859.9800,976.0400,135.0000,1,2,0
14.6349,20,53,G20_V53_1,1724.9800,1111.0400,135.0000,2,2,0
14.6349,20,53,G20_V53_2,1589.9800,976.0400,135.0000,3,2,1
14.6349,20,53,G20_V53_3,1724.9800,841.0400,135.0000,4,2,1
14.6371,20,56,G20_V56_0,1920.4900,1041.1400,135.0000,1,2,0
14.6371,20,56,G20_V56_1,1785.4900,1176.1400,135.0000,2,2,0
14.6371,20,56,G20_V56_2,1650.4900,1041.1400,135.0000,3,2,1
14.6371,20,56,G20_V56_3,1785.4900,906.1400,135.0000,4,2,1
14.6401,19,60,G19_V60_0,1632.1500,1007.1400,135.0000,1,2,0
14.6401,19,60,G19_V60_1,1497.1500,1142.1400,135.0000,2,2,0
14.6401,19,60,G19_V60_2,1362.1500,1007.1400,135.0000,3,2,1
14.6401,19,60,G19_V60_3,1497.1500,872.1400,135.0000,4,2,1
14.6438,20,65,G20_V65_0,1854.1300,979.9800,135.0000,1,2,0
14.6438,20,65,G20_V65_1,1719.1300,1114.9800,135.0000,2,2,0
14.6438,20,65,G20_V65_2,1584.1300,979.9800,135.0000,3,2,1
14.6438,20,65,G20_V65_3,1719.1300,844.9800,135.0000,4,2,1
14.6482,18,71,G18_V71_0,1566.3300,994.6300,135.0000,1,2,0
14.6482,18,71,G18_V71_1,1431.3300,1129.6300,135.0000,2,2,0
14.6482,18,71,G18_V71_2,1296.3300,994.6300,135.0000,3,2,1
14.6482,18,71,G18_V71_3,1431.3300,859.6300,135.0000,4,2,1
14.6534,18,78,G18_V78_0,1580.1200,997.3300,135.0000,1,2,0
14.6534,18,78,G18_V78_1,1445.1200,1132.3300,135.0000,2,2,0
14.6534,18,78,G18_V78_2,1310.1200,997.3300,135.0000,3,2,1
14.6534,18,78,G18_V78_3,1445.1200,862.3300,135.0000,4,2,1
14.6542,19,79,G19_V79_0,1722.0000,1105.6200,135.0000,1,2,0
14.6542,19,79,G19_V79_1,1587.0000,1240.6200,135.0000,2,2,0
14.6542,19,79,G19_V79_2,1452.0000,1105.6200,135.0000,3,2,1
14.6542,19,79,G19_V79_3,1587.0000,970.6200,135.0000,4,2,1
14.6645,19,93,G19_V93_0,1625.2300,1006.1300,135.0000,1,2,0
14.6645,19,93,G19_V93_1,1490.2300,1141.1300,135.0000,2,2,0
14.6645,19,93,G19_V93_2,1355.2300,1006.1300,135.0000,3,2,1
14.6645,19,93,G19_V93_3,1490.2300,871.1300,135.0000,4,2,1
14.6660,26,95,G26_V95_0,1401.2300,1300.6800,135.0000,1,2,0
14.6660,26,95,G26_V95_1,1266.2300,1435.6800,135.0000,2,2,0
14.6660,26,95,G26_V95_2,1131.2300,1300.6800,135.0000,3,2,1
14.6660,26,95,G26_V95_3,1266.2300,1165.6800,135.0000,4,2,1
14.6668,19,96,G19_V96_0,1718.3700,1099.6400,135.0000,1,2,0
14.6668,19,96,G19_V96_1,1583.3700,1234.6400,135.0000,2,2,0
14.6668,19,96,G19_V96_2,1448.3700,1099.6400,135.0000,3,2,1
14.6668,19,96,G19_V96_3,1583.3700,964.6400,135.0000,4,2,1
14.6705,10,101,G10_V101_0,1553.0700,805.7800,135.0000,1,2,0
14.6705,10,101,G10_V101_1,1418.0700,940.7800,135.0000,2,2,0
14.6705,10,101,G10_V101_2,1283.0700,805.7800,135.0000,3,2,1
14.6705,10,101,G10_V101_3,1418.0700,670.7800,135.0000,4,2,1
14.6771,11,110,G11_V110_0,1640.8504,753.8498,135.0000,1,2,0
14.6771,11,110,G11_V110_1,1505.8504,888.8498,135.0000,2,2,0
14.6771,11,110,G11_V110_2,1370.8504,753.8498,135.0000,3,2,1
14.6771,11,110,G11_V110_3,1505.8504,618.8498,135.0000,4,2,1
14.6816,28,116,G28_V116_0,1840.6021,1277.6489,135.0000,1,2,0
14.6816,28,116,G28_V116_1,1705.6021,1412.6489,135.0000,2,2,0
14.6816,28,116,G28_V116_2,1570.6021,1277.6489,135.0000,3,2,1
14.6816,28,116,G28_V116_3,1705.6021,1142.6489,135.0000,4,2,1
14.6912,19,129,G19_V129_0,1594.9300,998.1300,135.0000,1,2,0
14.6912,19,129,G19_V129_1,1459.9300,1133.1300,135.0000,2,2,0
14.6912,19,129,G19_V129_2,1324.9300,998.1300,135.0000,3,2,1
14.6912,19,129,G19_V129_3,1459.9300,863.1300,135.0000,4,2,1
14.6919,45,130,G45_V130_0,2229.1900,1871.4500,135.0000,1,2,0
14.6919,45,130,G45_V130_1,2094.1900,2006.4500,135.0000,2,2,0
14.6919,45,130,G45_V130_2,1959.1900,1871.4500,135.0000,3,2,1
14.6919,45,130,G45_V130_3,2094.1900,1736.4500,135.0000,4,2,1
14.7023,27,9,G27_V9_0,1637.1100,1357.5200,135.0000,1,2,0
14.7023,27,9,G27_V9_1,1502.1100,1492.5200,135.0000,2,2,0
14.7023,27,9,G27_V9_2,1367.1100,1357.5200,135.0000,3,2,1
14.7023,27,9,G27_V9_3,1502.1100,1222.5200,135.0000,4,2,1
14.7038,12,11,G12_V11_0,2025.6425,845.0449,135.0000,1,2,0
14.7038,12,11,G12_V11_1,1890.6425,980.0449,135.0000,2,2,0
14.7038,12,11,G12_V11_2,1755.6425,845.0449,135.0000,3,2,1
14.7038,12,11,G12_V11_3,1890.6425,710.0449,135.0000,4,2,1
14.7134,28,24,G28_V24_0,1852.3484,1273.4789,135.0000,1,2,0
14.7134,28,24,G28_V24_1,1717.3484,1408.4789,135.0000,2,2,0
14.7134,28,24,G28_V24_2,1582.3484,1273.4789,135.0000,3,2,1
14.7134,28,24,G28_V24_3,1717.3484,1138.4789,135.0000,4,2,1
14.7149,27,26,G27_V26_0,1636.0300,1354.5100,135.0000,1,2,0
14.7149,27,26,G27_V26_1,1501.0300,1489.5100,135.0000,2,2,0
14.7149,27,26,G27_V26_2,1366.0300,1354.5100,135.0000,3,2,1
14.7149,27,26,G27_V26_3,1501.0300,1219.5100,135.0000,4,2,1
14.7171,27,29,G27_V29_0,1785.2100,1219.7400,135.0000,1,2,0
14.7171,27,29,G27_V29_1,1650.2100,1354.7400,135.0000,2,2,0
14.7171,27,29,G27_V29_2,1515.2100,1219.7400,135.0000,3,2,1
14.7171,27,29,G27_V29_3,1650.2100,1084.7400,135.0000,4,2,1
14.7349,20,53,G20_V53_0,1859.9800,976.0400,135.0000,1,2,0
14.7349,20,53,G20_V53_1,1724.9800,1111.0400,135.0000,2,2,0
14.7349,20,53,G20_V53_2,1589.9800,976.0400,135.0000,3,2,1
14.7349,20,53,G20_V53_3,1724.9800,841.0400,135.0000,4,2,1
14.7371,20,56,G20_V56_0,1920.4900,1041.1400,135.0000,1,2,0
14.7371,20,56,G20_V56_1,1785.4900,1176.1400,135.0000,2,2,0
14.7371,20,56,G20_V56_2,1650.4900,1041.1400,135.0000,3,2,1
14.7371,20,56,G20_V56_3,1785.4900,906.1400,135.0000,4,2,1
14.7401,19,60,G19_V60_0,1632.1500,1007.1400,135.0000,1,2,0
14.7401,19,60,G19_V60_1,1497.1500,1142.1400,135.0000,2,2,0
14.7401,19,60,G19_V60_2,1362.1500,1007.1400,135.0000,3,2,1
14.7401,19,60,G19_V60_3,1497.1500,872.1400,135.0000,4,2,1
14.7438,20,65,G20_V65_0,1854.1300,979.9800,135.0000,1,2,0
14.7438,20,65,G20_V65_1,1719.1300,1114.9800,135.0000,2,2,0
14.7438,20,65,G20_V65_2,1584.1300,979.9800,135.0000,3,2,1
14.7438,20,65,G20_V65_3,1719.1300,844.9800,135.0000,4,2,1
14.7482,18,71,G18_V71_0,1566.3300,994.6300,135.0000,1,2,0
14.7482,18,71,G18_V71_1,1431.3300,1129.6300,135.0000,2,2,0
14.7482,18,71,G18_V71_2,1296.3300,994.6300,135.0000,3,2,1
14.7482,18,71,G18_V71_3,1431.3300,859.6300,135.0000,4,2,1
14.7534,18,78,G18_V78_0,1580.1200,997.3300,135.0000,1,2,0
14.7534,18,78,G18_V78_1,1445.1200,1132.3300,135.0000,2,2,0
14.7534,18,78,G18_V78_2,1310.1200,997.3300,135.0000,3,2,1
14.7534,18,78,G18_V78_3,1445.1200,862.3300,135.0000,4,2,1
14.7542,19,79,G19_V79_0,1722.0000,1105.6200,135.0000,1,2,0
14.7542,19,79,G19_V79_1,1587.0000,1240.6200,135.0000,2,2,0
14.7542,19,79,G19_V79_2,1452.0000,1105.6200,135.0000,3,2,1
14.7542,19,79,G19_V79_3,1587.0000,970.6200,135.0000,4,2,1
14.7645,19,93,G19_V93_0,1625.2300,1006.1300,135.0000,1,2,0
14.7645,19,93,G19_V93_1,1490.2300,1141.1300,135.0000,2,2,0
14.7645,19,93,G19_V93_2,1355.2300,1006.1300,135.0000,3,2,1
14.7645,19,93,G19_V93_3,1490.2300,871.1300,135.0000,4,2,1
14.7660,26,95,G26_V95_0,1401.2300,1300.6800,135.0000,1,2,0
14.7660,26,95,G26_V95_1,1266.2300,1435.6800,135.0000,2,2,0
14.7660,26,95,G26_V95_2,1131.2300,1300.6800,135.0000,3,2,1
14.7660,26,95,G26_V95_3,1266.2300,1165.6800,135.0000,4,2,1
14.7668,19,96,G19_V96_0,1718.3700,1099.6400,135.0000,1,2,0
14.7668,19,96,G19_V96_1,1583.3700,1234.6400,135.0000,2,2,0
14.7668,19,96,G19_V96_2,1448.3700,1099.6400,135.0000,3,2,1
14.7668,19,96,G19_V96_3,1583.3700,964.6400,135.0000,4,2,1
14.7705,10,101,G10_V101_0,1553.0700,805.7800,135.0000,1,2,0
14.7705,10,101,G10_V101_1,1418.0700,940.7800,135.0000,2,2,0
14.7705,10,101,G10_V101_2,1283.0700,805.7800,135.0000,3,2,1
14.7705,10,101,G10_V101_3,1418.0700,670.7800,135.0000,4,2,1
14.7771,11,110,G11_V110_0,1641.1444,752.5589,135.0000,1,2,0
14.7771,11,110,G11_V110_1,1506.1444,887.5589,135.0000,2,2,0
14.7771,11,110,G11_V110_2,1371.1444,752.5589,135.0000,3,2,1
14.7771,11,110,G11_V110_3,1506.1444,617.5589,135.0000,4,2,1
14.7816,28,116,G28_V116_0,1840.6021,1277.6489,135.0000,1,2,0
14.7816,28,116,G28_V116_1,1705.6021,1412.6489,135.0000,2,2,0
14.7816,28,116,G28_V116_2,1570.6021,1277.6489,135.0000,3,2,1
14.7816,28,116,G28_V116_3,1705.6021,1142.6489,135.0000,4,2,1
14.7912,19,129,G19_V129_0,1594.9300,998.1300,135.0000,1,2,0
14.7912,19,129,G19_V129_1,1459.9300,1133.1300,135.0000,2,2,0
14.7912,19,129,G19_V129_2,1324.9300,998.1300,135.0000,3,2,1
14.7912,19,129,G19_V129_3,1459.9300,863.1300,135.0000,4,2,1
14.7919,45,130,G45_V130_0,2229.1900,1871.4500,135.0000,1,2,0
14.7919,45,130,G45_V130_1,2094.1900,2006.4500,135.0000,2,2,0
14.7919,45,130,G45_V130_2,1959.1900,1871.4500,135.0000,3,2,1
14.7919,45,130,G45_V130_3,2094.1900,1736.4500,135.0000,4,2,1
14.8023,27,9,G27_V9_0,1637.1100,1357.5200,135.0000,1,2,0
14.8023,27,9,G27_V9_1,1502.1100,1492.5200,135.0000,2,2,0
14.8023,27,9,G27_V9_2,1367.1100,1357.5200,135.0000,3,2,1
14.8023,27,9,G27_V9_3,1502.1100,1222.5200,135.0000,4,2,1
14.8038,12,11,G12_V11_0,2024.2403,845.8542,135.0000,1,2,0
14.8038,12,11,G12_V11_1,1889.2403,980.8542,135.0000,2,2,0
14.8038,12,11,G12_V11_2,1754.2403,845.8542,135.0000,3,2,1
14.8038,12,11,G12_V11_3,1889.2403,710.8542,135.0000,4,2,1
14.8134,28,24,G28_V24_0,1852.3484,1273.4789,135.0000,1,2,0
14.8134,28,24,G28_V24_1,1717.3484,1408.4789,135.0000,2,2,0
14.8134,28,24,G28_V24_2,1582.3484,1273.4789,135.0000,3,2,1
14.8134,28,24,G28_V24_3,1717.3484,1138.4789,135.0000,4,2,1
14.8149,27,26,G27_V26_0,1636.0300,1354.5100,135.0000,1,2,0
14.8149,27,26,G27_V26_1,1501.0300,1489.5100,135.0000,2,2,0
14.8149,27,26,G27_V26_2,1366.0300,1354.5100,135.0000,3,2,1
14.8149,27,26,G27_V26_3,1501.0300,1219.5100,135.0000,4,2,1
14.8171,27,29,G27_V29_0,1785.2100,1219.7400,135.0000,1,2,0
14.8171,27,29,G27_V29_1,1650.2100,1354.7400,135.0000,2,2,0
14.8171,27,29,G27_V29_2,1515.2100,1219.7400,135.0000,3,2,1
14.8171,27,29,G27_V29_3,1650.2100,1084.7400,135.0000,4,2,1
14.8349,20,53,G20_V53_0,1859.9800,976.0400,135.0000,1,2,0
14.8349,20,53,G20_V53_1,1724.9800,1111.0400,135.0000,2,2,0
14.8349,20,53,G20_V53_2,1589.9800,976.0400,135.0000,3,2,1
14.8349,20,53,G20_V53_3,1724.9800,841.0400,135.0000,4,2,1
14.8371,20,56,G20_V56_0,1920.4900,1041.1400,135.0000,1,2,0
14.8371,20,56,G20_V56_1,1785.4900,1176.1400,135.0000,2,2,0
14.8371,20,56,G20_V56_2,1650.4900,1041.1400,135.0000,3,2,1
14.8371,20,56,G20_V56_3,1785.4900,906.1400,135.0000,4,2,1
14.8401,19,60,G19_V60_0,1632.1500,1007.1400,135.0000,1,2,0
14.8401,19,60,G19_V60_1,1497.1500,1142.1400,135.0000,2,2,0
14.8401,19,60,G19_V60_2,1362.1500,1007.1400,135.0000,3,2,1
14.8401,19,60,G19_V60_3,1497.1500,872.1400,135.0000,4,2,1
14.8438,20,65,G20_V65_0,1854.1300,979.9800,135.0000,1,2,0
14.8438,20,65,G20_V65_1,1719.1300,1114.9800,135.0000,2,2,0
14.8438,20,65,G20_V65_2,1584.1300,979.9800,135.0000,3,2,1
14.8438,20,65,G20_V65_3,1719.1300,844.9800,135.0000,4,2,1
14.8482,18,71,G18_V71_0,1566.3300,994.6300,135.0000,1,2,0
14.8482,18,71,G18_V71_1,1431.3300,1129.6300,135.0000,2,2,0
14.8482,18,71,G18_V71_2,1296.3300,994.6300,135.0000,3,2,1
14.8482,18,71,G18_V71_3,1431.3300,859.6300,135.0000,4,2,1
14.8534,18,78,G18_V78_0,1580.1200,997.3300,135.0000,1,2,0
14.8534,18,78,G18_V78_1,1445.1200,1132.3300,135.0000,2,2,0
14.8534,18,78,G18_V78_2,1310.1200,997.3300,135.0000,3,2,1
14.8534,18,78,G18_V78_3,1445.1200,862.3300,135.0000,4,2,1
14.8542,19,79,G19_V79_0,1722.0000,1105.6200,135.0000,1,2,0
14.8542,19,79,G19_V79_1,1587.0000,1240.6200,135.0000,2,2,0
14.8542,19,79,G19_V79_2,1452.0000,1105.6200,135.0000,3,2,1
14.8542,19,79,G19_V79_3,1587.0000,970.6200,135.0000,4,2,1
14.8645,19,93,G19_V93_0,1625.2300,1006.1300,135.0000,1,2,0
14.8645,19,93,G19_V93_1,1490.2300,1141.1300,135.0000,2,2,0
14.8645,19,93,G19_V93_2,1355.2300,1006.1300,135.0000,3,2,1
14.8645,19,93,G19_V93_3,1490.2300,871.1300,135.0000,4,2,1
14.8660,26,95,G26_V95_0,1401.2300,1300.6800,135.0000,1,2,0
14.8660,26,95,G26_V95_1,1266.2300,1435.6800,135.0000,2,2,0
14.8660,26,95,G26_V95_2,1131.2300,1300.6800,135.0000,3,2,1
14.8660,26,95,G26_V95_3,1266.2300,1165.6800,135.0000,4,2,1
14.8668,19,96,G19_V96_0,1718.3700,1099.6400,135.0000,1,2,0
14.8668,19,96,G19_V96_1,1583.3700,1234.6400,135.0000,2,2,0
14.8668,19,96,G19_V96_2,1448.3700,1099.6400,135.0000,3,2,1
14.8668,19,96,G19_V96_3,1583.3700,964.6400,135.0000,4,2,1
14.8705,10,101,G10_V101_0,1553.0700,805.7800,135.0000,1,2,0
14.8705,10,101,G10_V101_1,1418.0700,940.7800,135.0000,2,2,0
14.8705,10,101,G10_V101_2,1283.0700,805.7800,135.0000,3,2,1
14.8705,10,101,G10_V101_3,1418.0700,670.7800,135.0000,4,2,1
14.8771,11,110,G11_V110_0,1641.4384,751.2679,135.0000,1,2,0
14.8771,11,110,G11_V110_1,1506.4384,886.2679,135.0000,2,2,0
14.8771,11,110,G11_V110_2,1371.4384,751.2679,135.0000,3,2,1
14.8771,11,110,G11_V110_3,1506.4384,616.2679,135.0000,4,2,1
14.8816,28,116,G28_V116_0,1840.6021,1277.6489,135.0000,1,2,0
14.8816,28,116,G28_V116_1,1705.6021,1412.6489,135.0000,2,2,0
14.8816,28,116,G28_V116_2,1570.6021,1277.6489,135.0000,3,2,1
14.8816,28,116,G28_V116_3,1705.6021,1142.6489,135.0000,4,2,1
14.8912,19,129,G19_V129_0,1594.9300,998.1300,135.0000,1,2,0
14.8912,19,129,G19_V129_1,1459.9300,1133.1300,135.0000,2,2,0
14.8912,19,129,G19_V129_2,1324.9300,998.1300,135.0000,3,2,1
14.8912,19,129,G19_V129_3,1459.9300,863.1300,135.0000,4,2,1
14.8920,45,130,G45_V130_0,2229.1900,1871.4500,135.0000,1,2,0
14.8920,45,130,G45_V130_1,2094.1900,2006.4500,135.0000,2,2,0
14.8920,45,130,G45_V130_2,1959.1900,1871.4500,135.0000,3,2,1
14.8920,45,130,G45_V130_3,2094.1900,1736.4500,135.0000,4,2,1
14.9023,27,9,G27_V9_0,1637.1100,1357.5200,135.0000,1,2,0
14.9023,27,9,G27_V9_1,1502.1100,1492.5200,135.0000,2,2,0
14.9023,27,9,G27_V9_2,1367.1100,1357.5200,135.0000,3,2,1
14.9023,27,9,G27_V9_3,1502.1100,1222.5200,135.0000,4,2,1
14.9038,12,11,G12_V11_0,2022.8381,846.6635,135.0000,1,2,0
14.9038,12,11,G12_V11_1,1887.8381,981.6635,135.0000,2,2,0
14.9038,12,11,G12_V11_2,1752.8381,846.6635,135.0000,3,2,1
14.9038,12,11,G12_V11_3,1887.8381,711.6635,135.0000,4,2,1
14.9134,28,24,G28_V24_0,1852.3484,1273.4789,135.0000,1,2,0
14.9134,28,24,G28_V24_1,1717.3484,1408.4789,135.0000,2,2,0
14.9134,28,24,G28_V24_2,1582.3484,1273.4789,135.0000,3,2,1
14.9134,28,24,G28_V24_3,1717.3484,1138.4789,135.0000,4,2,1
14.9149,27,26,G27_V26_0,1636.0300,1354.5100,135.0000,1,2,0
14.9149,27,26,G27_V26_1,1501.0300,1489.5100,135.0000,2,2,0
14.9149,27,26,G27_V26_2,1366.0300,1354.5100,135.0000,3,2,1
14.9149,27,26,G27_V26_3,1501.0300,1219.5100,135.0000,4,2,1
14.9171,27,29,G27_V29_0,1785.2100,1219.7400,135.0000,1,2,0
14.9171,27,29,G27_V29_1,1650.2100,1354.7400,135.0000,2,2,0
14.9171,27,29,G27_V29_2,1515.2100,1219.7400,135.0000,3,2,1
14.9171,27,29,G27_V29_3,1650.2100,1084.7400,135.0000,4,2,1
14.9349,20,53,G20_V53_0,1859.9800,976.0400,135.0000,1,2,0
14.9349,20,53,G20_V53_1,1724.9800,1111.0400,135.0000,2,2,0
14.9349,20,53,G20_V53_2,1589.9800,976.0400,135.0000,3,2,1
14.9349,20,53,G20_V53_3,1724.9800,841.0400,135.0000,4,2,1
14.9371,20,56,G20_V56_0,1920.4900,1041.1400,135.0000,1,2,0
14.9371,20,56,G20_V56_1,1785.4900,1176.1400,135.0000,2,2,0
14.9371,20,56,G20_V56_2,1650.4900,1041.1400,135.0000,3,2,1
14.9371,20,56,G20_V56_3,1785.4900,906.1400,135.0000,4,2,1
14.9401,19,60,G19_V60_0,1632.1500,1007.1400,135.0000,1,2,0
14.9401,19,60,G19_V60_1,1497.1500,1142.1400,135.0000,2,2,0
14.9401,19,60,G19_V60_2,1362.1500,1007.1400,135.0000,3,2,1
14.9401,19,60,G19_V60_3,1497.1500,872.1400,135.0000,4,2,1
14.9438,20,65,G20_V65_0,1854.1300,979.9800,135.0000,1,2,0
14.9438,20,65,G20_V65_1,1719.1300,1114.9800,135.0000,2,2,0
14.9438,20,65,G20_V65_2,1584.1300,979.9800,135.0000,3,2,1
14.9438,20,65,G20_V65_3,1719.1300,844.9800,135.0000,4,2,1
14.9482,18,71,G18_V71_0,1566.3300,994.6300,135.0000,1,2,0
14.9482,18,71,G18_V71_1,1431.3300,1129.6300,135.0000,2,2,0
14.9482,18,71,G18_V71_2,1296.3300,994.6300,135.0000,3,2,1
14.9482,18,71,G18_V71_3,1431.3300,859.6300,135.0000,4,2,1
14.9534,18,78,G18_V78_0,1580.1200,997.3300,135.0000,1,2,0
14.9534,18,78,G18_V78_1,1445.1200,1132.3300,135.0000,2,2,0
14.9534,18,78,G18_V78_2,1310.1200,997.3300,135.0000,3,2,1
14.9534,18,78,G18_V78_3,1445.1200,862.3300,135.0000,4,2,1
14.9542,19,79,G19_V79_0,1722.0000,1105.6200,135.0000,1,2,0
14.9542,19,79,G19_V79_1,1587.0000,1240.6200,135.0000,2,2,0
14.9542,19,79,G19_V79_2,1452.0000,1105.6200,135.0000,3,2,1
14.9542,19,79,G19_V79_3,1587.0000,970.6200,135.0000,4,2,1
14.9645,19,93,G19_V93_0,1625.2300,1006.1300,135.0000,1,2,0
14.9645,19,93,G19_V93_1,1490.2300,1141.1300,135.0000,2,2,0
14.9645,19,93,G19_V93_2,1355.2300,1006.1300,135.0000,3,2,1
14.9645,19,93,G19_V93_3,1490.2300,871.1300,135.0000,4,2,1
14.9660,26,95,G26_V95_0,1401.2300,1300.6800,135.0000,1,2,0
14.9660,26,95,G26_V95_1,1266.2300,1435.6800,135.0000,2,2,0
14.9660,26,95,G26_V95_2,1131.2300,1300.6800,135.0000,3,2,1
14.9660,26,95,G26_V95_3,1266.2300,1165.6800,135.0000,4,2,1
14.9668,19,96,G19_V96_0,1718.3700,1099.6400,135.0000,1,2,0
14.9668,19,96,G19_V96_1,1583.3700,1234.6400,135.0000,2,2,0
14.9668,19,96,G19_V96_2,1448.3700,1099.6400,135.0000,3,2,1
14.9668,19,96,G19_V96_3,1583.3700,964.6400,135.0000,4,2,1
14.9705,10,101,G10_V101_0,1553.0700,805.7800,135.0000,1,2,0
14.9705,10,101,G10_V101_1,1418.0700,940.7800,135.0000,2,2,0
14.9705,10,101,G10_V101_2,1283.0700,805.7800,135.0000,3,2,1
14.9705,10,101,G10_V101_3,1418.0700,670.7800,135.0000,4,2,1
14.9771,11,110,G11_V110_0,1641.7324,749.9770,135.0000,1,2,0
14.9771,11,110,G11_V110_1,1506.7324,884.9770,135.0000,2,2,0
14.9771,11,110,G11_V110_2,1371.7324,749.9770,135.0000,3,2,1
14.9771,11,110,G11_V110_3,1506.7324,614.9770,135.0000,4,2,1
14.9816,28,116,G28_V116_0,1840.6021,1277.6489,135.0000,1,2,0
14.9816,28,116,G28_V116_1,1705.6021,1412.6489,135.0000,2,2,0
14.9816,28,116,G28_V116_2,1570.6021,1277.6489,135.0000,3,2,1
14.9816,28,116,G28_V116_3,1705.6021,1142.6489,135.0000,4,2,1
14.9912,19,129,G19_V129_0,1594.9300,998.1300,135.0000,1,2,0
14.9912,19,129,G19_V129_1,1459.9300,1133.1300,135.0000,2,2,0
14.9912,19,129,G19_V129_2,1324.9300,998.1300,135.0000,3,2,1
14.9912,19,129,G19_V129_3,1459.9300,863.1300,135.0000,4,2,1
14.9919,45,130,G45_V130_0,2229.1900,1871.4500,135.0000,1,2,0
14.9919,45,130,G45_V130_1,2094.1900,2006.4500,135.0000,2,2,0
14.9919,45,130,G45_V130_2,1959.1900,1871.4500,135.0000,3,2,1
14.9919,45,130,G45_V130_3,2094.1900,1736.4500,135.0000,4,2,1
15.0023,27,9,G27_V9_0,1637.1079,1357.5208,135.0000,1,2,0
15.0023,27,9,G27_V9_1,1502.1079,1492.5208,135.0000,2,2,0
15.0023,27,9,G27_V9_2,1367.1079,1357.5208,135.0000,3,2,1
15.0023,27,9,G27_V9_3,1502.1079,1222.5208,135.0000,4,2,1
15.0038,12,11,G12_V11_0,2021.4579,847.4601,135.0000,1,2,0
15.0038,12,11,G12_V11_1,1886.4579,982.4601,135.0000,2,2,0
15.0038,12,11,G12_V11_2,1751.4579,847.4601,135.0000,3,2,1
15.0038,12,11,G12_V11_3,1886.4579,712.4601,135.0000,4,2,1
15.0134,28,24,G28_V24_0,1852.3484,1273.4789,135.0000,1,2,0
15.0134,28,24,G28_V24_1,1717.3484,1408.4789,135.0000,2,2,0
15.0134,28,24,G28_V24_2,1582.3484,1273.4789,135.0000,3,2,1
15.0134,28,24,G28_V24_3,1717.3484,1138.4789,135.0000,4,2,1
15.0149,27,26,G27_V26_0,1636.0110,1354.5168,135.0000,1,2,0
15.0149,27,26,G27_V26_1,1501.0110,1489.5168,135.0000,2,2,0
15.0149,27,26,G27_V26_2,1366.0110,1354.5168,135.0000,3,2,1
15.0149,27,26,G27_V26_3,1501.0110,1219.5168,135.0000,4,2,1
15.0171,27,29,G27_V29_0,1785.2291,1219.7781,135.0000,1,2,0
15.0171,27,29,G27_V29_1,1650.2291,1354.7781,135.0000,2,2,0
15.0171,27,29,G27_V29_2,1515.2291,1219.7781,135.0000,3,2,1
15.0171,27,29,G27_V29_3,1650.2291,1084.7781,135.0000,4,2,1
15.0349,20,53,G20_V53_0,1859.9800,976.0400,135.0000,1,2,0
15.0349,20,53,G20_V53_1,1724.9800,1111.0400,135.0000,2,2,0
15.0349,20,53,G20_V53_2,1589.9800,976.0400,135.0000,3,2,1
15.0349,20,53,G20_V53_3,1724.9800,841.0400,135.0000,4,2,1
15.0371,20,56,G20_V56_0,1920.4900,1041.1400,135.0000,1,2,0
15.0371,20,56,G20_V56_1,1785.4900,1176.1400,135.0000,2,2,0
15.0371,20,56,G20_V56_2,1650.4900,1041.1400,135.0000,3,2,1
15.0371,20,56,G20_V56_3,1785.4900,906.1400,135.0000,4,2,1
15.0401,19,60,G19_V60_0,1632.1500,1007.1400,135.0000,1,2,0
15.0401,19,60,G19_V60_1,1497.1500,1142.1400,135.0000,2,2,0
15.0401,19,60,G19_V60_2,1362.1500,1007.1400,135.0000,3,2,1
15.0401,19,60,G19_V60_3,1497.1500,872.1400,135.0000,4,2,1
15.0438,20,65,G20_V65_0,1854.1300,979.9800,135.0000,1,2,0
15.0438,20,65,G20_V65_1,1719.1300,1114.9800,135.0000,2,2,0
15.0438,20,65,G20_V65_2,1584.1300,979.9800,135.0000,3,2,1
15.0438,20,65,G20_V65_3,1719.1300,844.9800,135.0000,4,2,1
15.0482,18,71,G18_V71_0,1566.3300,994.6300,135.0000,1,2,0
15.0482,18,71,G18_V71_1,1431.3300,1129.6300,135.0000,2,2,0
15.0482,18,71,G18_V71_2,1296.3300,994.6300,135.0000,3,2,1
15.0482,18,71,G18_V71_3,1431.3300,859.6300,135.0000,4,2,1
15.0534,18,78,G18_V78_0,1580.1200,997.3300,135.0000,1,2,0
15.0534,18,78,G18_V78_1,1445.1200,1132.3300,135.0000,2,2,0
15.0534,18,78,G18_V78_2,1310.1200,997.3300,135.0000,3,2,1
15.0534,18,78,G18_V78_3,1445.1200,862.3300,135.0000,4,2,1
15.0542,19,79,G19_V79_0,1722.0672,1105.7392,135.0000,1,2,0
15.0542,19,79,G19_V79_1,1587.0672,1240.7392,135.0000,2,2,0
15.0542,19,79,G19_V79_2,1452.0672,1105.7392,135.0000,3,2,1
15.0542,19,79,G19_V79_3,1587.0672,970.7392,135.0000,4,2,1
15.0645,19,93,G19_V93_0,1625.2300,1006.1300,135.0000,1,2,0
15.0645,19,93,G19_V93_1,1490.2300,1141.1300,135.0000,2,2,0
15.0645,19,93,G19_V93_2,1355.2300,1006.1300,135.0000,3,2,1
15.0645,19,93,G19_V93_3,1490.2300,871.1300,135.0000,4,2,1
15.0660,26,95,G26_V95_0,1401.2300,1300.6800,135.0000,1,2,0
15.0660,26,95,G26_V95_1,1266.2300,1435.6800,135.0000,2,2,0
15.0660,26,95,G26_V95_2,1131.2300,1300.6800,135.0000,3,2,1
15.0660,26,95,G26_V95_3,1266.2300,1165.6800,135.0000,4,2,1
15.0668,19,96,G19_V96_0,1718.3700,1099.6400,135.0000,1,2,0
15.0668,19,96,G19_V96_1,1583.3700,1234.6400,135.0000,2,2,0
15.0668,19,96,G19_V96_2,1448.3700,1099.6400,135.0000,3,2,1
15.0668,19,96,G19_V96_3,1583.3700,964.6400,135.0000,4,2,1
15.0705,10,101,G10_V101_0,1553.0700,805.7800,135.0000,1,2,0
15.0705,10,101,G10_V101_1,1418.0700,940.7800,135.0000,2,2,0
15.0705,10,101,G10_V101_2,1283.0700,805.7800,135.0000,3,2,1
15.0705,10,101,G10_V101_3,1418.0700,670.7800,135.0000,4,2,1
15.0771,11,110,G11_V110_0,1642.0280,748.6777,135.0000,1,2,0
15.0771,11,110,G11_V110_1,1507.0280,883.6777,135.0000,2,2,0
15.0771,11,110,G11_V110_2,1372.0280,748.6777,135.0000,3,2,1
15.0771,11,110,G11_V110_3,1507.0280,613.6777,135.0000,4,2,1
15.0816,28,116,G28_V116_0,1840.5100,1277.6791,135.0000,1,2,0
15.0816,28,116,G28_V116_1,1705.5100,1412.6791,135.0000,2,2,0
15.0816,28,116,G28_V116_2,1570.5100,1277.6791,135.0000,3,2,1
15.0816,28,116,G28_V116_3,1705.5100,1142.6791,135.0000,4,2,1
15.0912,19,129,G19_V129_0,1594.9300,998.1300,135.0000,1,2,0
15.0912,19,129,G19_V129_1,1459.9300,1133.1300,135.0000,2,2,0
15.0912,19,129,G19_V129_2,1324.9300,998.1300,135.0000,3,2,1
15.0912,19,129,G19_V129_3,1459.9300,863.1300,135.0000,4,2,1
15.0919,45,130,G45_V130_0,2228.9833,1871.4482,135.0000,1,2,0
15.0919,45,130,G45_V130_1,2093.9833,2006.4482,135.0000,2,2,0
15.0919,45,130,G45_V130_2,1958.9833,1871.4482,135.0000,3,2,1
15.0919,45,130,G45_V130_3,2093.9833,1736.4482,135.0000,4,2,1
15.1023,27,9,G27_V9_0,1637.0118,1357.5551,135.0000,1,2,0
15.1023,27,9,G27_V9_1,1502.0118,1492.5551,135.0000,2,2,0
15.1023,27,9,G27_V9_2,1367.0118,1357.5551,135.0000,3,2,1
15.1023,27,9,G27_V9_3,1502.0118,1222.5551,135.0000,4,2,1
15.1038,12,11,G12_V11_0,2020.0514,848.2719,135.0000,1,2,0
15.1038,12,11,G12_V11_1,1885.0514,983.2719,135.0000,2,2,0
15.1038,12,11,G12_V11_2,1750.0514,848.2719,135.0000,3,2,1
15.1038,12,11,G12_V11_3,1885.0514,713.2719,135.0000,4,2,1
15.1134,28,24,G28_V24_0,1852.3484,1273.4789,135.0000,1,2,0
15.1134,28,24,G28_V24_1,1717.3484,1408.4789,135.0000,2,2,0
15.1134,28,24,G28_V24_2,1582.3484,1273.4789,135.0000,3,2,1
15.1134,28,24,G28_V24_3,1717.3484,1138.4789,135.0000,4,2,1
15.1149,27,26,G27_V26_0,1635.8831,1354.5628,135.0000,1,2,0
15.1149,27,26,G27_V26_1,1500.8831,1489.5628,135.0000,2,2,0
15.1149,27,26,G27_V26_2,1365.8831,1354.5628,135.0000,3,2,1
15.1149,27,26,G27_V26_3,1500.8831,1219.5628,135.0000,4,2,1
15.1171,27,29,G27_V29_0,1785.3413,1220.0015,135.0000,1,2,0
15.1171,27,29,G27_V29_1,1650.3413,1355.0015,135.0000,2,2,0
15.1171,27,29,G27_V29_2,1515.3413,1220.0015,135.0000,3,2,1
15.1171,27,29,G27_V29_3,1650.3413,1085.0015,135.0000,4,2,1
15.1349,20,53,G20_V53_0,1859.9800,976.0400,135.0000,1,2,0
15.1349,20,53,G20_V53_1,1724.9800,1111.0400,135.0000,2,2,0
15.1349,20,53,G20_V53_2,1589.9800,976.0400,135.0000,3,2,1
15.1349,20,53,G20_V53_3,1724.9800,841.0400,135.0000,4,2,1
15.1371,20,56,G20_V56_0,1920.4900,1041.1400,135.0000,1,2,0
15.1371,20,56,G20_V56_1,1785.4900,1176.1400,135.0000,2,2,0
15.1371,20,56,G20_V56_2,1650.4900,1041.1400,135.0000,3,2,1
15.1371,20,56,G20_V56_3,1785.4900,906.1400,135.0000,4,2,1
15.1401,19,60,G19_V60_0,1632.1500,1007.1400,135.0000,1,2,0
15.1401,19,60,G19_V60_1,1497.1500,1142.1400,135.0000,2,2,0
15.1401,19,60,G19_V60_2,1362.1500,1007.1400,135.0000,3,2,1
15.1401,19,60,G19_V60_3,1497.1500,872.1400,135.0000,4,2,1
15.1438,20,65,G20_V65_0,1854.1300,979.9800,135.0000,1,2,0
15.1438,20,65,G20_V65_1,1719.1300,1114.9800,135.0000,2,2,0
15.1438,20,65,G20_V65_2,1584.1300,979.9800,135.0000,3,2,1
15.1438,20,65,G20_V65_3,1719.1300,844.9800,135.0000,4,2,1
15.1482,18,71,G18_V71_0,1566.3300,994.6300,135.0000,1,2,0
15.1482,18,71,G18_V71_1,1431.3300,1129.6300,135.0000,2,2,0
15.1482,18,71,G18_V71_2,1296.3300,994.6300,135.0000,3,2,1
15.1482,18,71,G18_V71_3,1431.3300,859.6300,135.0000,4,2,1
15.1534,18,78,G18_V78_0,1580.1200,997.3300,135.0000,1,2,0
15.1534,18,78,G18_V78_1,1445.1200,1132.3300,135.0000,2,2,0
15.1534,18,78,G18_V78_2,1310.1200,997.3300,135.0000,3,2,1
15.1534,18,78,G18_V78_3,1445.1200,862.3300,135.0000,4,2,1
15.1542,19,79,G19_V79_0,1722.1914,1105.9596,135.0000,1,2,0
15.1542,19,79,G19_V79_1,1587.1914,1240.9596,135.0000,2,2,0
15.1542,19,79,G19_V79_2,1452.1914,1105.9596,135.0000,3,2,1
15.1542,19,79,G19_V79_3,1587.1914,970.9596,135.0000,4,2,1
15.1645,19,93,G19_V93_0,1625.2300,1006.1300,135.0000,1,2,0
15.1645,19,93,G19_V93_1,1490.2300,1141.1300,135.0000,2,2,0
15.1645,19,93,G19_V93_2,1355.2300,1006.1300,135.0000,3,2,1
15.1645,19,93,G19_V93_3,1490.2300,871.1300,135.0000,4,2,1
15.1660,26,95,G26_V95_0,1401.2300,1300.6800,135.0000,1,2,0
15.1660,26,95,G26_V95_1,1266.2300,1435.6800,135.0000,2,2,0
15.1660,26,95,G26_V95_2,1131.2300,1300.6800,135.0000,3,2,1
15.1660,26,95,G26_V95_3,1266.2300,1165.6800,135.0000,4,2,1
15.1668,19,96,G19_V96_0,1718.3700,1099.6400,135.0000,1,2,0
15.1668,19,96,G19_V96_1,1583.3700,1234.6400,135.0000,2,2,0
15.1668,19,96,G19_V96_2,1448.3700,1099.6400,135.0000,3,2,1
15.1668,19,96,G19_V96_3,1583.3700,964.6400,135.0000,4,2,1
15.1705,10,101,G10_V101_0,1553.0700,805.7800,135.0000,1,2,0
15.1705,10,101,G10_V101_1,1418.0700,940.7800,135.0000,2,2,0
15.1705,10,101,G10_V101_2,1283.0700,805.7800,135.0000,3,2,1
15.1705,10,101,G10_V101_3,1418.0700,670.7800,135.0000,4,2,1
15.1771,11,110,G11_V110_0,1642.3242,747.3760,135.0000,1,2,0
15.1771,11,110,G11_V110_1,1507.3242,882.3760,135.0000,2,2,0
15.1771,11,110,G11_V110_2,1372.3242,747.3760,135.0000,3,2,1
15.1771,11,110,G11_V110_3,1507.3242,612.3760,135.0000,4,2,1
15.1816,28,116,G28_V116_0,1840.3969,1277.7162,135.0000,1,2,0
15.1816,28,116,G28_V116_1,1705.3969,1412.7162,135.0000,2,2,0
15.1816,28,116,G28_V116_2,1570.3969,1277.7162,135.0000,3,2,1
15.1816,28,116,G28_V116_3,1705.3969,1142.7162,135.0000,4,2,1
15.1912,19,129,G19_V129_0,1594.9300,998.1300,135.0000,1,2,0
15.1912,19,129,G19_V129_1,1459.9300,1133.1300,135.0000,2,2,0
15.1912,19,129,G19_V129_2,1324.9300,998.1300,135.0000,3,2,1
15.1912,19,129,G19_V129_3,1459.9300,863.1300,135.0000,4,2,1
15.1919,45,130,G45_V130_0,2228.7584,1871.4462,135.0000,1,2,0
15.1919,45,130,G45_V130_1,2093.7584,2006.4462,135.0000,2,2,0
15.1919,45,130,G45_V130_2,1958.7584,1871.4462,135.0000,3,2,1
15.1919,45,130,G45_V130_3,2093.7584,1736.4462,135.0000,4,2,1
15.2023,27,9,G27_V9_0,1636.9158,1357.5895,135.0000,1,2,0
15.2023,27,9,G27_V9_1,1501.9158,1492.5895,135.0000,2,2,0
15.2023,27,9,G27_V9_2,1366.9158,1357.5895,135.0000,3,2,1
15.2023,27,9,G27_V9_3,1501.9158,1222.5895,135.0000,4,2,1
15.2038,12,11,G12_V11_0,2018.6449,849.0838,135.0000,1,2,0
15.2038,12,11,G12_V11_1,1883.6449,984.0838,135.0000,2,2,0
15.2038,12,11,G12_V11_2,1748.6449,849.0838,135.0000,3,2,1
15.2038,12,11,G12_V11_3,1883.6449,714.0838,135.0000,4,2,1
15.2134,28,24,G28_V24_0,1852.3484,1273.4789,135.0000,1,2,0
15.2134,28,24,G28_V24_1,1717.3484,1408.4789,135.0000,2,2,0
15.2134,28,24,G28_V24_2,1582.3484,1273.4789,135.0000,3,2,1
15.2134,28,24,G28_V24_3,1717.3484,1138.4789,135.0000,4,2,1
15.2149,27,26,G27_V26_0,1635.7551,1354.6088,135.0000,1,2,0
15.2149,27,26,G27_V26_1,1500.7551,1489.6088,135.0000,2,2,0
15.2149,27,26,G27_V26_2,1365.7551,1354.6088,135.0000,3,2,1
15.2149,27,26,G27_V26_3,1500.7551,1219.6088,135.0000,4,2,1
15.2171,27,29,G27_V29_0,1785.4535,1220.2249,135.0000,1,2,0
15.2171,27,29,G27_V29_1,1650.4535,1355.2249,135.0000,2,2,0
15.2171,27,29,G27_V29_2,1515.4535,1220.2249,135.0000,3,2,1
15.2171,27,29,G27_V29_3,1650.4535,1085.2249,135.0000,4,2,1
15.2349,20,53,G20_V53_0,1859.9800,976.0400,135.0000,1,2,0
15.2349,20,53,G20_V53_1,1724.9800,1111.0400,135.0000,2,2,0
15.2349,20,53,G20_V53_2,1589.9800,976.0400,135.0000,3,2,1
15.2349,20,53,G20_V53_3,1724.9800,841.0400,135.0000,4,2,1
15.2371,20,56,G20_V56_0,1920.4900,1041.1400,135.0000,1,2,0
15.2371,20,56,G20_V56_1,1785.4900,1176.1400,135.0000,2,2,0
15.2371,20,56,G20_V56_2,1650.4900,1041.1400,135.0000,3,2,1
15.2371,20,56,G20_V56_3,1785.4900,906.1400,135.0000,4,2,1
15.2401,19,60,G19_V60_0,1632.1500,1007.1400,135.0000,1,2,0
15.2401,19,60,G19_V60_1,1497.1500,1142.1400,135.0000,2,2,0
15.2401,19,60,G19_V60_2,1362.1500,1007.1400,135.0000,3,2,1
15.2401,19,60,G19_V60_3,1497.1500,872.1400,135.0000,4,2,1
15.2438,20,65,G20_V65_0,1854.1300,979.9800,135.0000,1,2,0
15.2438,20,65,G20_V65_1,1719.1300,1114.9800,135.0000,2,2,0
15.2438,20,65,G20_V65_2,1584.1300,979.9800,135.0000,3,2,1
15.2438,20,65,G20_V65_3,1719.1300,844.9800,135.0000,4,2,1
15.2482,18,71,G18_V71_0,1566.3300,994.6300,135.0000,1,2,0
15.2482,18,71,G18_V71_1,1431.3300,1129.6300,135.0000,2,2,0
15.2482,18,71,G18_V71_2,1296.3300,994.6300,135.0000,3,2,1
15.2482,18,71,G18_V71_3,1431.3300,859.6300,135.0000,4,2,1
15.2534,18,78,G18_V78_0,1580.1200,997.3300,135.0000,1,2,0
15.2534,18,78,G18_V78_1,1445.1200,1132.3300,135.0000,2,2,0
15.2534,18,78,G18_V78_2,1310.1200,997.3300,135.0000,3,2,1
15.2534,18,78,G18_V78_3,1445.1200,862.3300,135.0000,4,2,1
15.2542,19,79,G19_V79_0,1722.3156,1106.1800,135.0000,1,2,0
15.2542,19,79,G19_V79_1,1587.3156,1241.1800,135.0000,2,2,0
15.2542,19,79,G19_V79_2,1452.3156,1106.1800,135.0000,3,2,1
15.2542,19,79,G19_V79_3,1587.3156,971.1800,135.0000,4,2,1
15.2645,19,93,G19_V93_0,1625.2300,1006.1300,135.0000,1,2,0
15.2645,19,93,G19_V93_1,1490.2300,1141.1300,135.0000,2,2,0
15.2645,19,93,G19_V93_2,1355.2300,1006.1300,135.0000,3,2,1
15.2645,19,93,G19_V93_3,1490.2300,871.1300,135.0000,4,2,1
15.2660,26,95,G26_V95_0,1401.2300,1300.6800,135.0000,1,2,0
15.2660,26,95,G26_V95_1,1266.2300,1435.6800,135.0000,2,2,0
15.2660,26,95,G26_V95_2,1131.2300,1300.6800,135.0000,3,2,1
15.2660,26,95,G26_V95_3,1266.2300,1165.6800,135.0000,4,2,1
15.2668,19,96,G19_V96_0,1718.3700,1099.6400,135.0000,1,2,0
15.2668,19,96,G19_V96_1,1583.3700,1234.6400,135.0000,2,2,0
15.2668,19,96,G19_V96_2,1448.3700,1099.6400,135.0000,3,2,1
15.2668,19,96,G19_V96_3,1583.3700,964.6400,135.0000,4,2,1
15.2705,10,101,G10_V101_0,1553.0700,805.7800,135.0000,1,2,0
15.2705,10,101,G10_V101_1,1418.0700,940.7800,135.0000,2,2,0
15.2705,10,101,G10_V101_2,1283.0700,805.7800,135.0000,3,2,1
15.2705,10,101,G10_V101_3,1418.0700,670.7800,135.0000,4,2,1
15.2771,11,110,G11_V110_0,1642.6204,746.0742,135.0000,1,2,0
15.2771,11,110,G11_V110_1,1507.6204,881.0742,135.0000,2,2,0
15.2771,11,110,G11_V110_2,1372.6204,746.0742,135.0000,3,2,1
15.2771,11,110,G11_V110_3,1507.6204,611.0742,135.0000,4,2,1
15.2816,28,116,G28_V116_0,1840.2838,1277.7533,135.0000,1,2,0
15.2816,28,116,G28_V116_1,1705.2838,1412.7533,135.0000,2,2,0
15.2816,28,116,G28_V116_2,1570.2838,1277.7533,135.0000,3,2,1
15.2816,28,116,G28_V116_3,1705.2838,1142.7533,135.0000,4,2,1
15.2912,19,129,G19_V129_0,1594.9300,998.1300,135.0000,1,2,0
15.2912,19,129,G19_V129_1,1459.9300,1133.1300,135.0000,2,2,0
15.2912,19,129,G19_V129_2,1324.9300,998.1300,135.0000,3,2,1
15.2912,19,129,G19_V129_3,1459.9300,863.1300,135.0000,4,2,1
15.2920,45,130,G45_V130_0,2228.5334,1871.4442,135.0000,1,2,0
15.2920,45,130,G45_V130_1,2093.5334,2006.4442,135.0000,2,2,0
15.2920,45,130,G45_V130_2,1958.5334,1871.4442,135.0000,3,2,1
15.2920,45,130,G45_V130_3,2093.5334,1736.4442,135.0000,4,2,1
15.3023,27,9,G27_V9_0,1636.8198,1357.6239,135.0000,1,2,0
15.3023,27,9,G27_V9_1,1501.8198,1492.6239,135.0000,2,2,0
15.3023,27,9,G27_V9_2,1366.8198,1357.6239,135.0000,3,2,1
15.3023,27,9,G27_V9_3,1501.8198,1222.6239,135.0000,4,2,1
15.3038,12,11,G12_V11_0,2017.2384,849.8957,135.0000,1,2,0
15.3038,12,11,G12_V11_1,1882.2384,984.8957,135.0000,2,2,0
15.3038,12,11,G12_V11_2,1747.2384,849.8957,135.0000,3,2,1
15.3038,12,11,G12_V11_3,1882.2384,714.8957,135.0000,4,2,1
15.3134,28,24,G28_V24_0,1852.3484,1273.4789,135.0000,1,2,0
15.3134,28,24,G28_V24_1,1717.3484,1408.4789,135.0000,2,2,0
15.3134,28,24,G28_V24_2,1582.3484,1273.4789,135.0000,3,2,1
15.3134,28,24,G28_V24_3,1717.3484,1138.4789,135.0000,4,2,1
15.3149,27,26,G27_V26_0,1635.6271,1354.6548,135.0000,1,2,0
15.3149,27,26,G27_V26_1,1500.6271,1489.6548,135.0000,2,2,0
15.3149,27,26,G27_V26_2,1365.6271,1354.6548,135.0000,3,2,1
15.3149,27,26,G27_V26_3,1500.6271,1219.6548,135.0000,4,2,1
15.3171,27,29,G27_V29_0,1785.5657,1220.4483,135.0000,1,2,0
15.3171,27,29,G27_V29_1,1650.5657,1355.4483,135.0000,2,2,0
15.3171,27,29,G27_V29_2,1515.5657,1220.4483,135.0000,3,2,1
15.3171,27,29,G27_V29_3,1650.5657,1085.4483,135.0000,4,2,1
15.3349,20,53,G20_V53_0,1859.9800,976.0400,135.0000,1,2,0
15.3349,20,53,G20_V53_1,1724.9800,1111.0400,135.0000,2,2,0
15.3349,20,53,G20_V53_2,1589.9800,976.0400,135.0000,3,2,1
15.3349,20,53,G20_V53_3,1724.9800,841.0400,135.0000,4,2,1
15.3371,20,56,G20_V56_0,1920.4900,1041.1400,135.0000,1,2,0
15.3371,20,56,G20_V56_1,1785.4900,1176.1400,135.0000,2,2,0
15.3371,20,56,G20_V56_2,1650.4900,1041.1400,135.0000,3,2,1
15.3371,20,56,G20_V56_3,1785.4900,906.1400,135.0000,4,2,1
15.3401,19,60,G19_V60_0,1632.1500,1007.1400,135.0000,1,2,0
15.3401,19,60,G19_V60_1,1497.1500,1142.1400,135.0000,2,2,0
15.3401,19,60,G19_V60_2,1362.1500,1007.1400,135.0000,3,2,1
15.3401,19,60,G19_V60_3,1497.1500,872.1400,135.0000,4,2,1
15.3438,20,65,G20_V65_0,1854.1300,979.9800,135.0000,1,2,0
15.3438,20,65,G20_V65_1,1719.1300,1114.9800,135.0000,2,2,0
15.3438,20,65,G20_V65_2,1584.1300,979.9800,135.0000,3,2,1
15.3438,20,65,G20_V65_3,1719.1300,844.9800,135.0000,4,2,1
15.3482,18,71,G18_V71_0,1566.3300,994.6300,135.0000,1,2,0
15.3482,18,71,G18_V71_1,1431.3300,1129.6300,135.0000,2,2,0
15.3482,18,71,G18_V71_2,1296.3300,994.6300,135.0000,3,2,1
15.3482,18,71,G18_V71_3,1431.3300,859.6300,135.0000,4,2,1
15.3534,18,78,G18_V78_0,1580.1200,997.3300,135.0000,1,2,0
15.3534,18,78,G18_V78_1,1445.1200,1132.3300,135.0000,2,2,0
15.3534,18,78,G18_V78_2,1310.1200,997.3300,135.0000,3,2,1
15.3534,18,78,G18_V78_3,1445.1200,862.3300,135.0000,4,2,1
15.3542,19,79,G19_V79_0,1722.4399,1106.4004,135.0000,1,2,0
15.3542,19,79,G19_V79_1,1587.4399,1241.4004,135.0000,2,2,0
15.3542,19,79,G19_V79_2,1452.4399,1106.4004,135.0000,3,2,1
15.3542,19,79,G19_V79_3,1587.4399,971.4004,135.0000,4,2,1
15.3645,19,93,G19_V93_0,1625.2300,1006.1300,135.0000,1,2,0
15.3645,19,93,G19_V93_1,1490.2300,1141.1300,135.0000,2,2,0
15.3645,19,93,G19_V93_2,1355.2300,1006.1300,135.0000,3,2,1
15.3645,19,93,G19_V93_3,1490.2300,871.1300,135.0000,4,2,1
15.3660,26,95,G26_V95_0,1401.2300,1300.6800,135.0000,1,2,0
15.3660,26,95,G26_V95_1,1266.2300,1435.6800,135.0000,2,2,0
15.3660,26,95,G26_V95_2,1131.2300,1300.6800,135.0000,3,2,1
15.3660,26,95,G26_V95_3,1266.2300,1165.6800,135.0000,4,2,1
15.3668,19,96,G19_V96_0,1718.3700,1099.6400,135.0000,1,2,0
15.3668,19,96,G19_V96_1,1583.3700,1234.6400,135.0000,2,2,0
15.3668,19,96,G19_V96_2,1448.3700,1099.6400,135.0000,3,2,1
15.3668,19,96,G19_V96_3,1583.3700,964.6400,135.0000,4,2,1
15.3705,10,101,G10_V101_0,1553.0700,805.7800,135.0000,1,2,0
15.3705,10,101,G10_V101_1,1418.0700,940.7800,135.0000,2,2,0
15.3705,10,101,G10_V101_2,1283.0700,805.7800,135.0000,3,2,1
15.3705,10,101,G10_V101_3,1418.0700,670.7800,135.0000,4,2,1
15.3771,11,110,G11_V110_0,1642.9165,744.7725,135.0000,1,2,0
15.3771,11,110,G11_V110_1,1507.9165,879.7725,135.0000,2,2,0
15.3771,11,110,G11_V110_2,1372.9165,744.7725,135.0000,3,2,1
15.3771,11,110,G11_V110_3,1507.9165,609.7725,135.0000,4,2,1
15.3816,28,116,G28_V116_0,1840.1707,1277.7903,135.0000,1,2,0
15.3816,28,116,G28_V116_1,1705.1707,1412.7903,135.0000,2,2,0
15.3816,28,116,G28_V116_2,1570.1707,1277.7903,135.0000,3,2,1
15.3816,28,116,G28_V116_3,1705.1707,1142.7903,135.0000,4,2,1
15.3912,19,129,G19_V129_0,1594.9300,998.1300,135.0000,1,2,0
15.3912,19,129,G19_V129_1,1459.9300,1133.1300,135.0000,2,2,0
15.3912,19,129,G19_V129_2,1324.9300,998.1300,135.0000,3,2,1
15.3912,19,129,G19_V129_3,1459.9300,863.1300,135.0000,4,2,1
15.3919,45,130,G45_V130_0,2228.3084,1871.4422,135.0000,1,2,0
15.3919,45,130,G45_V130_1,2093.3084,2006.4422,135.0000,2,2,0
15.3919,45,130,G45_V130_2,1958.3084,1871.4422,135.0000,3,2,1
15.3919,45,130,G45_V130_3,2093.3084,1736.4422,135.0000,4,2,1
15.4023,27,9,G27_V9_0,1636.7237,1357.6582,135.0000,1,2,0
15.4023,27,9,G27_V9_1,1501.7237,1492.6582,135.0000,2,2,0
15.4023,27,9,G27_V9_2,1366.7237,1357.6582,135.0000,3,2,1
15.4023,27,9,G27_V9_3,1501.7237,1222.6582,135.0000,4,2,1
15.4038,12,11,G12_V11_0,2015.8319,850.7075,135.0000,1,2,0
15.4038,12,11,G12_V11_1,1880.8319,985.7075,135.0000,2,2,0
15.4038,12,11,G12_V11_2,1745.8319,850.7075,135.0000,3,2,1
15.4038,12,11,G12_V11_3,1880.8319,715.7075,135.0000,4,2,1
15.4134,28,24,G28_V24_0,1852.3484,1273.4789,135.0000,1,2,0
15.4134,28,24,G28_V24_1,1717.3484,1408.4789,135.0000,2,2,0
15.4134,28,24,G28_V24_2,1582.3484,1273.4789,135.0000,3,2,1
15.4134,28,24,G28_V24_3,1717.3484,1138.4789,135.0000,4,2,1
15.4149,27,26,G27_V26_0,1635.4991,1354.7008,135.0000,1,2,0
15.4149,27,26,G27_V26_1,1500.4991,1489.7008,135.0000,2,2,0
15.4149,27,26,G27_V26_2,1365.4991,1354.7008,135.0000,3,2,1
15.4149,27,26,G27_V26_3,1500.4991,1219.7008,135.0000,4,2,1
15.4171,27,29,G27_V29_0,1785.6779,1220.6717,135.0000,1,2,0
15.4171,27,29,G27_V29_1,1650.6779,1355.6717,135.0000,2,2,0
15.4171,27,29,G27_V29_2,1515.6779,1220.6717,135.0000,3,2,1
15.4171,27,29,G27_V29_3,1650.6779,1085.6717,135.0000,4,2,1
15.4349,20,53,G20_V53_0,1859.9800,976.0400,135.0000,1,2,0
15.4349,20,53,G20_V53_1,1724.9800,1111.0400,135.0000,2,2,0
15.4349,20,53,G20_V53_2,1589.9800,976.0400,135.0000,3,2,1
15.4349,20,53,G20_V53_3,1724.9800,841.0400,135.0000,4,2,1
15.4371,20,56,G20_V56_0,1920.4900,1041.1400,135.0000,1,2,0
15.4371,20,56,G20_V56_1,1785.4900,1176.1400,135.0000,2,2,0
15.4371,20,56,G20_V56_2,1650.4900,1041.1400,135.0000,3,2,1
15.4371,20,56,G20_V56_3,1785.4900,906.1400,135.0000,4,2,1
15.4401,19,60,G19_V60_0,1632.1500,1007.1400,135.0000,1,2,0
15.4401,19,60,G19_V60_1,1497.1500,1142.1400,135.0000,2,2,0
15.4401,19,60,G19_V60_2,1362.1500,1007.1400,135.0000,3,2,1
15.4401,19,60,G19_V60_3,1497.1500,872.1400,135.0000,4,2,1
15.4438,20,65,G20_V65_0,1854.1300,979.9800,135.0000,1,2,0
15.4438,20,65,G20_V65_1,1719.1300,1114.9800,135.0000,2,2,0
15.4438,20,65,G20_V65_2,1584.1300,979.9800,135.0000,3,2,1
15.4438,20,65,G20_V65_3,1719.1300,844.9800,135.0000,4,2,1
15.4482,18,71,G18_V71_0,1566.3300,994.6300,135.0000,1,2,0
15.4482,18,71,G18_V71_1,1431.3300,1129.6300,135.0000,2,2,0
15.4482,18,71,G18_V71_2,1296.3300,994.6300,135.0000,3,2,1
15.4482,18,71,G18_V71_3,1431.3300,859.6300,135.0000,4,2,1
15.4534,18,78,G18_V78_0,1580.1200,997.3300,135.0000,1,2,0
15.4534,18,78,G18_V78_1,1445.1200,1132.3300,135.0000,2,2,0
15.4534,18,78,G18_V78_2,1310.1200,997.3300,135.0000,3,2,1
15.4534,18,78,G18_V78_3,1445.1200,862.3300,135.0000,4,2,1
15.4542,19,79,G19_V79_0,1722.5641,1106.6208,135.0000,1,2,0
15.4542,19,79,G19_V79_1,1587.5641,1241.6208,135.0000,2,2,0
15.4542,19,79,G19_V79_2,1452.5641,1106.6208,135.0000,3,2,1
15.4542,19,79,G19_V79_3,1587.5641,971.6208,135.0000,4,2,1
15.4645,19,93,G19_V93_0,1625.2300,1006.1300,135.0000,1,2,0
15.4645,19,93,G19_V93_1,1490.2300,1141.1300,135.0000,2,2,0
15.4645,19,93,G19_V93_2,1355.2300,1006.1300,135.0000,3,2,1
15.4645,19,93,G19_V93_3,1490.2300,871.1300,135.0000,4,2,1
15.4660,26,95,G26_V95_0,1401.2300,1300.6800,135.0000,1,2,0
15.4660,26,95,G26_V95_1,1266.2300,1435.6800,135.0000,2,2,0
15.4660,26,95,G26_V95_2,1131.2300,1300.6800,135.0000,3,2,1
15.4660,26,95,G26_V95_3,1266.2300,1165.6800,135.0000,4,2,1
15.4668,19,96,G19_V96_0,1718.3700,1099.6400,135.0000,1,2,0
15.4668,19,96,G19_V96_1,1583.3700,1234.6400,135.0000,2,2,0
15.4668,19,96,G19_V96_2,1448.3700,1099.6400,135.0000,3,2,1
15.4668,19,96,G19_V96_3,1583.3700,964.6400,135.0000,4,2,1
15.4705,10,101,G10_V101_0,1553.0700,805.7800,135.0000,1,2,0
15.4705,10,101,G10_V101_1,1418.0700,940.7800,135.0000,2,2,0
15.4705,10,101,G10_V101_2,1283.0700,805.7800,135.0000,3,2,1
15.4705,10,101,G10_V101_3,1418.0700,670.7800,135.0000,4,2,1
15.4771,11,110,G11_V110_0,1643.2127,743.4708,135.0000,1,2,0
15.4771,11,110,G11_V110_1,1508.2127,878.4708,135.0000,2,2,0
15.4771,11,110,G11_V110_2,1373.2127,743.4708,135.0000,3,2,1
15.4771,11,110,G11_V110_3,1508.2127,608.4708,135.0000,4,2,1
15.4816,28,116,G28_V116_0,1840.0576,1277.8274,135.0000,1,2,0
15.4816,28,116,G28_V116_1,1705.0576,1412.8274,135.0000,2,2,0
15.4816,28,116,G28_V116_2,1570.0576,1277.8274,135.0000,3,2,1
15.4816,28,116,G28_V116_3,1705.0576,1142.8274,135.0000,4,2,1
15.4912,19,129,G19_V129_0,1594.9300,998.1300,135.0000,1,2,0
15.4912,19,129,G19_V129_1,1459.9300,1133.1300,135.0000,2,2,0
15.4912,19,129,G19_V129_2,1324.9300,998.1300,135.0000,3,2,1
15.4912,19,129,G19_V129_3,1459.9300,863.1300,135.0000,4,2,1
15.4919,45,130,G45_V130_0,2228.0834,1871.4402,135.0000,1,2,0
15.4919,45,130,G45_V130_1,2093.0834,2006.4402,135.0000,2,2,0
15.4919,45,130,G45_V130_2,1958.0834,1871.4402,135.0000,3,2,1
15.4919,45,130,G45_V130_3,2093.0834,1736.4402,135.0000,4,2,1
15.5023,27,9,G27_V9_0,1636.6277,1357.6926,135.0000,1,2,0
15.5023,27,9,G27_V9_1,1501.6277,1492.6926,135.0000,2,2,0
15.5023,27,9,G27_V9_2,1366.6277,1357.6926,135.0000,3,2,1
15.5023,27,9,G27_V9_3,1501.6277,1222.6926,135.0000,4,2,1
15.5038,12,11,G12_V11_0,2014.4254,851.5194,135.0000,1,2,0
15.5038,12,11,G12_V11_1,1879.4254,986.5194,135.0000,2,2,0
15.5038,12,11,G12_V11_2,1744.4254,851.5194,135.0000,3,2,1
15.5038,12,11,G12_V11_3,1879.4254,716.5194,135.0000,4,2,1
15.5134,28,24,G28_V24_0,1852.3484,1273.4789,135.0000,1,2,0
15.5134,28,24,G28_V24_1,1717.3484,1408.4789,135.0000,2,2,0
15.5134,28,24,G28_V24_2,1582.3484,1273.4789,135.0000,3,2,1
15.5134,28,24,G28_V24_3,1717.3484,1138.4789,135.0000,4,2,1
15.5149,27,26,G27_V26_0,1635.3711,1354.7468,135.0000,1,2,0
15.5149,27,26,G27_V26_1,1500.3711,1489.7468,135.0000,2,2,0
15.5149,27,26,G27_V26_2,1365.3711,1354.7468,135.0000,3,2,1
15.5149,27,26,G27_V26_3,1500.3711,1219.7468,135.0000,4,2,1
15.5171,27,29,G27_V29_0,1785.7901,1220.8951,135.0000,1,2,0
15.5171,27,29,G27_V29_1,1650.7901,1355.8951,135.0000,2,2,0
15.5171,27,29,G27_V29_2,1515.7901,1220.8951,135.0000,3,2,1
15.5171,27,29,G27_V29_3,1650.7901,1085.8951,135.0000,4,2,1
15.5349,20,53,G20_V53_0,1859.9800,976.0400,135.0000,1,2,0
15.5349,20,53,G20_V53_1,1724.9800,1111.0400,135.0000,2,2,0
15.5349,20,53,G20_V53_2,1589.9800,976.0400,135.0000,3,2,1
15.5349,20,53,G20_V53_3,1724.9800,841.0400,135.0000,4,2,1
15.5371,20,56,G20_V56_0,1920.4900,1041.1400,135.0000,1,2,0
15.5371,20,56,G20_V56_1,1785.4900,1176.1400,135.0000,2,2,0
15.5371,20,56,G20_V56_2,1650.4900,1041.1400,135.0000,3,2,1
15.5371,20,56,G20_V56_3,1785.4900,906.1400,135.0000,4,2,1
15.5401,19,60,G19_V60_0,1632.1500,1007.1400,135.0000,1,2,0
15.5401,19,60,G19_V60_1,1497.1500,1142.1400,135.0000,2,2,0
15.5401,19,60,G19_V60_2,1362.1500,1007.1400,135.0000,3,2,1
15.5401,19,60,G19_V60_3,1497.1500,872.1400,135.0000,4,2,1
15.5438,20,65,G20_V65_0,1854.1300,979.9800,135.0000,1,2,0
15.5438,20,65,G20_V65_1,1719.1300,1114.9800,135.0000,2,2,0
15.5438,20,65,G20_V65_2,1584.1300,979.9800,135.0000,3,2,1
15.5438,20,65,G20_V65_3,1719.1300,844.9800,135.0000,4,2,1
15.5482,18,71,G18_V71_0,1566.3300,994.6300,135.0000,1,2,0
15.5482,18,71,G18_V71_1,1431.3300,1129.6300,135.0000,2,2,0
15.5482,18,71,G18_V71_2,1296.3300,994.6300,135.0000,3,2,1
15.5482,18,71,G18_V71_3,1431.3300,859.6300,135.0000,4,2,1
15.5534,18,78,G18_V78_0,1580.1200,997.3300,135.0000,1,2,0
15.5534,18,78,G18_V78_1,1445.1200,1132.3300,135.0000,2,2,0
15.5534,18,78,G18_V78_2,1310.1200,997.3300,135.0000,3,2,1
15.5534,18,78,G18_V78_3,1445.1200,862.3300,135.0000,4,2,1
15.5542,19,79,G19_V79_0,1722.6883,1106.8412,135.0000,1,2,0
15.5542,19,79,G19_V79_1,1587.6883,1241.8412,135.0000,2,2,0
15.5542,19,79,G19_V79_2,1452.6883,1106.8412,135.0000,3,2,1
15.5542,19,79,G19_V79_3,1587.6883,971.8412,135.0000,4,2,1
15.5645,19,93,G19_V93_0,1625.2300,1006.1300,135.0000,1,2,0
15.5645,19,93,G19_V93_1,1490.2300,1141.1300,135.0000,2,2,0
15.5645,19,93,G19_V93_2,1355.2300,1006.1300,135.0000,3,2,1
15.5645,19,93,G19_V93_3,1490.2300,871.1300,135.0000,4,2,1
15.5660,26,95,G26_V95_0,1401.2300,1300.6800,135.0000,1,2,0
15.5660,26,95,G26_V95_1,1266.2300,1435.6800,135.0000,2,2,0
15.5660,26,95,G26_V95_2,1131.2300,1300.6800,135.0000,3,2,1
15.5660,26,95,G26_V95_3,1266.2300,1165.6800,135.0000,4,2,1
15.5668,19,96,G19_V96_0,1718.3700,1099.6400,135.0000,1,2,0
15.5668,19,96,G19_V96_1,1583.3700,1234.6400,135.0000,2,2,0
15.5668,19,96,G19_V96_2,1448.3700,1099.6400,135.0000,3,2,1
15.5668,19,96,G19_V96_3,1583.3700,964.6400,135.0000,4,2,1
15.5705,10,101,G10_V101_0,1553.0700,805.7800,135.0000,1,2,0
15.5705,10,101,G10_V101_1,1418.0700,940.7800,135.0000,2,2,0
15.5705,10,101,G10_V101_2,1283.0700,805.7800,135.0000,3,2,1
15.5705,10,101,G10_V101_3,1418.0700,670.7800,135.0000,4,2,1
15.5771,11,110,G11_V110_0,1643.5089,742.1690,135.0000,1,2,0
15.5771,11,110,G11_V110_1,1508.5089,877.1690,135.0000,2,2,0
15.5771,11,110,G11_V110_2,1373.5089,742.1690,135.0000,3,2,1
15.5771,11,110,G11_V110_3,1508.5089,607.1690,135.0000,4,2,1
15.5816,28,116,G28_V116_0,1839.9446,1277.8645,135.0000,1,2,0
15.5816,28,116,G28_V116_1,1704.9446,1412.8645,135.0000,2,2,0
15.5816,28,116,G28_V116_2,1569.9446,1277.8645,135.0000,3,2,1
15.5816,28,116,G28_V116_3,1704.9446,1142.8645,135.0000,4,2,1
15.5912,19,129,G19_V129_0,1594.9300,998.1300,135.0000,1,2,0
15.5912,19,129,G19_V129_1,1459.9300,1133.1300,135.0000,2,2,0
15.5912,19,129,G19_V129_2,1324.9300,998.1300,135.0000,3,2,1
15.5912,19,129,G19_V129_3,1459.9300,863.1300,135.0000,4,2,1
15.5919,45,130,G45_V130_0,2227.8584,1871.4382,135.0000,1,2,0
15.5919,45,130,G45_V130_1,2092.8584,2006.4382,135.0000,2,2,0
15.5919,45,130,G45_V130_2,1957.8584,1871.4382,135.0000,3,2,1
15.5919,45,130,G45_V130_3,2092.8584,1736.4382,135.0000,4,2,1
15.6023,27,9,G27_V9_0,1636.5317,1357.7270,135.0000,1,2,0
15.6023,27,9,G27_V9_1,1501.5317,1492.7270,135.0000,2,2,0
15.6023,27,9,G27_V9_2,1366.5317,1357.7270,135.0000,3,2,1
15.6023,27,9,G27_V9_3,1501.5317,1222.7270,135.0000,4,2,1
15.6038,12,11,G12_V11_0,2013.0189,852.3313,135.0000,1,2,0
15.6038,12,11,G12_V11_1,1878.0189,987.3313,135.0000,2,2,0
15.6038,12,11,G12_V11_2,1743.0189,852.3313,135.0000,3,2,1
15.6038,12,11,G12_V11_3,1878.0189,717.3313,135.0000,4,2,1
15.6134,28,24,G28_V24_0,1852.3484,1273.4789,135.0000,1,2,0
15.6134,28,24,G28_V24_1,1717.3484,1408.4789,135.0000,2,2,0
15.6134,28,24,G28_V24_2,1582.3484,1273.4789,135.0000,3,2,1
15.6134,28,24,G28_V24_3,1717.3484,1138.4789,135.0000,4,2,1
15.6149,27,26,G27_V26_0,1635.2431,1354.7928,135.0000,1,2,0
15.6149,27,26,G27_V26_1,1500.2431,1489.7928,135.0000,2,2,0
15.6149,27,26,G27_V26_2,1365.2431,1354.7928,135.0000,3,2,1
15.6149,27,26,G27_V26_3,1500.2431,1219.7928,135.0000,4,2,1
15.6171,27,29,G27_V29_0,1785.9023,1221.1185,135.0000,1,2,0
15.6171,27,29,G27_V29_1,1650.9023,1356.1185,135.0000,2,2,0
15.6171,27,29,G27_V29_2,1515.9023,1221.1185,135.0000,3,2,1
15.6171,27,29,G27_V29_3,1650.9023,1086.1185,135.0000,4,2,1
15.6349,20,53,G20_V53_0,1859.9800,976.0400,135.0000,1,2,0
15.6349,20,53,G20_V53_1,1724.9800,1111.0400,135.0000,2,2,0
15.6349,20,53,G20_V53_2,1589.9800,976.0400,135.0000,3,2,1
15.6349,20,53,G20_V53_3,1724.9800,841.0400,135.0000,4,2,1
15.6371,20,56,G20_V56_0,1920.4900,1041.1400,135.0000,1,2,0
15.6371,20,56,G20_V56_1,1785.4900,1176.1400,135.0000,2,2,0
15.6371,20,56,G20_V56_2,1650.4900,1041.1400,135.0000,3,2,1
15.6371,20,56,G20_V56_3,1785.4900,906.1400,135.0000,4,2,1
15.6401,19,60,G19_V60_0,1632.1500,1007.1400,135.0000,1,2,0
15.6401,19,60,G19_V60_1,1497.1500,1142.1400,135.0000,2,2,0
15.6401,19,60,G19_V60_2,1362.1500,1007.1400,135.0000,3,2,1
15.6401,19,60,G19_V60_3,1497.1500,872.1400,135.0000,4,2,1
15.6438,20,65,G20_V65_0,1854.1300,979.9800,135.0000,1,2,0
15.6438,20,65,G20_V65_1,1719.1300,1114.9800,135.0000,2,2,0
15.6438,20,65,G20_V65_2,1584.1300,979.9800,135.0000,3,2,1
15.6438,20,65,G20_V65_3,1719.1300,844.9800,135.0000,4,2,1
15.6482,18,71,G18_V71_0,1566.3300,994.6300,135.0000,1,2,0
15.6482,18,71,G18_V71_1,1431.3300,1129.6300,135.0000,2,2,0
15.6482,18,71,G18_V71_2,1296.3300,994.6300,135.0000,3,2,1
15.6482,18,71,G18_V71_3,1431.3300,859.6300,135.0000,4,2,1
15.6534,18,78,G18_V78_0,1580.1200,997.3300,135.0000,1,2,0
15.6534,18,78,G18_V78_1,1445.1200,1132.3300,135.0000,2,2,0
15.6534,18,78,G18_V78_2,1310.1200,997.3300,135.0000,3,2,1
15.6534,18,78,G18_V78_3,1445.1200,862.3300,135.0000,4,2,1
15.6542,19,79,G19_V79_0,1722.8125,1107.0616,135.0000,1,2,0
15.6542,19,79,G19_V79_1,1587.8125,1242.0616,135.0000,2,2,0
15.6542,19,79,G19_V79_2,1452.8125,1107.0616,135.0000,3,2,1
15.6542,19,79,G19_V79_3,1587.8125,972.0616,135.0000,4,2,1
15.6645,19,93,G19_V93_0,1625.2300,1006.1300,135.0000,1,2,0
15.6645,19,93,G19_V93_1,1490.2300,1141.1300,135.0000,2,2,0
15.6645,19,93,G19_V93_2,1355.2300,1006.1300,135.0000,3,2,1
15.6645,19,93,G19_V93_3,1490.2300,871.1300,135.0000,4,2,1
15.6660,26,95,G26_V95_0,1401.2300,1300.6800,135.0000,1,2,0
15.6660,26,95,G26_V95_1,1266.2300,1435.6800,135.0000,2,2,0
15.6660,26,95,G26_V95_2,1131.2300,1300.6800,135.0000,3,2,1
15.6660,26,95,G26_V95_3,1266.2300,1165.6800,135.0000,4,2,1
15.6668,19,96,G19_V96_0,1718.3700,1099.6400,135.0000,1,2,0
15.6668,19,96,G19_V96_1,1583.3700,1234.6400,135.0000,2,2,0
15.6668,19,96,G19_V96_2,1448.3700,1099.6400,135.0000,3,2,1
15.6668,19,96,G19_V96_3,1583.3700,964.6400,135.0000,4,2,1
15.6705,10,101,G10_V101_0,1553.0700,805.7800,135.0000,1,2,0
15.6705,10,101,G10_V101_1,1418.0700,940.7800,135.0000,2,2,0
15.6705,10,101,G10_V101_2,1283.0700,805.7800,135.0000,3,2,1
15.6705,10,101,G10_V101_3,1418.0700,670.7800,135.0000,4,2,1
15.6771,11,110,G11_V110_0,1643.8050,740.8673,135.0000,1,2,0
15.6771,11,110,G11_V110_1,1508.8050,875.8673,135.0000,2,2,0
15.6771,11,110,G11_V110_2,1373.8050,740.8673,135.0000,3,2,1
15.6771,11,110,G11_V110_3,1508.8050,605.8673,135.0000,4,2,1
15.6816,28,116,G28_V116_0,1839.8315,1277.9015,135.0000,1,2,0
15.6816,28,116,G28_V116_1,1704.8315,1412.9015,135.0000,2,2,0
15.6816,28,116,G28_V116_2,1569.8315,1277.9015,135.0000,3,2,1
15.6816,28,116,G28_V116_3,1704.8315,1142.9015,135.0000,4,2,1
15.6912,19,129,G19_V129_0,1594.9300,998.1300,135.0000,1,2,0
15.6912,19,129,G19_V129_1,1459.9300,1133.1300,135.0000,2,2,0
15.6912,19,129,G19_V129_2,1324.9300,998.1300,135.0000,3,2,1
15.6912,19,129,G19_V129_3,1459.9300,863.1300,135.0000,4,2,1
15.6920,45,130,G45_V130_0,2227.6334,1871.4362,135.0000,1,2,0
15.6920,45,130,G45_V130_1,2092.6334,2006.4362,135.0000,2,2,0
15.6920,45,130,G45_V130_2,1957.6334,1871.4362,135.0000,3,2,1
15.6920,45,130,G45_V130_3,2092.6334,1736.4362,135.0000,4,2,1
15.7023,27,9,G27_V9_0,1636.4356,1357.7614,135.0000,1,2,0
15.7023,27,9,G27_V9_1,1501.4356,1492.7614,135.0000,2,2,0
15.7023,27,9,G27_V9_2,1366.4356,1357.7614,135.0000,3,2,1
15.7023,27,9,G27_V9_3,1501.4356,1222.7614,135.0000,4,2,1
15.7038,12,11,G12_V11_0,2011.6124,853.1431,135.0000,1,2,0
15.7038,12,11,G12_V11_1,1876.6124,988.1431,135.0000,2,2,0
15.7038,12,11,G12_V11_2,1741.6124,853.1431,135.0000,3,2,1
15.7038,12,11,G12_V11_3,1876.6124,718.1431,135.0000,4,2,1
15.7134,28,24,G28_V24_0,1852.3484,1273.4789,135.0000,1,2,0
15.7134,28,24,G28_V24_1,1717.3484,1408.4789,135.0000,2,2,0
15.7134,28,24,G28_V24_2,1582.3484,1273.4789,135.0000,3,2,1
15.7134,28,24,G28_V24_3,1717.3484,1138.4789,135.0000,4,2,1
15.7149,27,26,G27_V26_0,1635.1151,1354.8388,135.0000,1,2,0
15.7149,27,26,G27_V26_1,1500.1151,1489.8388,135.0000,2,2,0
15.7149,27,26,G27_V26_2,1365.1151,1354.8388,135.0000,3,2,1
15.7149,27,26,G27_V26_3,1500.1151,1219.8388,135.0000,4,2,1
15.7171,27,29,G27_V29_0,1786.0145,1221.3419,135.0000,1,2,0
15.7171,27,29,G27_V29_1,1651.0145,1356.3419,135.0000,2,2,0
15.7171,27,29,G27_V29_2,1516.0145,1221.3419,135.0000,3,2,1
15.7171,27,29,G27_V29_3,1651.0145,1086.3419,135.0000,4,2,1
15.7349,20,53,G20_V53_0,1859.9800,976.0400,135.0000,1,2,0
15.7349,20,53,G20_V53_1,1724.9800,1111.0400,135.0000,2,2,0
15.7349,20,53,G20_V53_2,1589.9800,976.0400,135.0000,3,2,1
15.7349,20,53,G20_V53_3,1724.9800,841.0400,135.0000,4,2,1
15.7371,20,56,G20_V56_0,1920.4900,1041.1400,135.0000,1,2,0
15.7371,20,56,G20_V56_1,1785.4900,1176.1400,135.0000,2,2,0
15.7371,20,56,G20_V56_2,1650.4900,1041.1400,135.0000,3,2,1
15.7371,20,56,G20_V56_3,1785.4900,906.1400,135.0000,4,2,1
15.7401,19,60,G19_V60_0,1632.1500,1007.1400,135.0000,1,2,0
15.7401,19,60,G19_V60_1,1497.1500,1142.1400,135.0000,2,2,0
15.7401,19,60,G19_V60_2,1362.1500,1007.1400,135.0000,3,2,1
15.7401,19,60,G19_V60_3,1497.1500,872.1400,135.0000,4,2,1
15.7438,20,65,G20_V65_0,1854.1300,979.9800,135.0000,1,2,0
15.7438,20,65,G20_V65_1,1719.1300,1114.9800,135.0000,2,2,0
15.7438,20,65,G20_V65_2,1584.1300,979.9800,135.0000,3,2,1
15.7438,20,65,G20_V65_3,1719.1300,844.9800,135.0000,4,2,1
15.7482,18,71,G18_V71_0,1566.3300,994.6300,135.0000,1,2,0
15.7482,18,71,G18_V71_1,1431.3300,1129.6300,135.0000,2,2,0
15.7482,18,71,G18_V71_2,1296.3300,994.6300,135.0000,3,2,1
15.7482,18,71,G18_V71_3,1431.3300,859.6300,135.0000,4,2,1
15.7534,18,78,G18_V78_0,1580.1200,997.3300,135.0000,1,2,0
15.7534,18,78,G18_V78_1,1445.1200,1132.3300,135.0000,2,2,0
15.7534,18,78,G18_V78_2,1310.1200,997.3300,135.0000,3,2,1
15.7534,18,78,G18_V78_3,1445.1200,862.3300,135.0000,4,2,1
15.7542,19,79,G19_V79_0,1722.9368,1107.2820,135.0000,1,2,0
15.7542,19,79,G19_V79_1,1587.9368,1242.2820,135.0000,2,2,0
15.7542,19,79,G19_V79_2,1452.9368,1107.2820,135.0000,3,2,1
15.7542,19,79,G19_V79_3,1587.9368,972.2820,135.0000,4,2,1
15.7645,19,93,G19_V93_0,1625.2300,1006.1300,135.0000,1,2,0
15.7645,19,93,G19_V93_1,1490.2300,1141.1300,135.0000,2,2,0
15.7645,19,93,G19_V93_2,1355.2300,1006.1300,135.0000,3,2,1
15.7645,19,93,G19_V93_3,1490.2300,871.1300,135.0000,4,2,1
15.7660,26,95,G26_V95_0,1401.2300,1300.6800,135.0000,1,2,0
15.7660,26,95,G26_V95_1,1266.2300,1435.6800,135.0000,2,2,0
15.7660,26,95,G26_V95_2,1131.2300,1300.6800,135.0000,3,2,1
15.7660,26,95,G26_V95_3,1266.2300,1165.6800,135.0000,4,2,1
15.7668,19,96,G19_V96_0,1718.3700,1099.6400,135.0000,1,2,0
15.7668,19,96,G19_V96_1,1583.3700,1234.6400,135.0000,2,2,0
15.7668,19,96,G19_V96_2,1448.3700,1099.6400,135.0000,3,2,1
15.7668,19,96,G19_V96_3,1583.3700,964.6400,135.0000,4,2,1
15.7705,10,101,G10_V101_0,1553.0700,805.7800,135.0000,1,2,0
15.7705,10,101,G10_V101_1,1418.0700,940.7800,135.0000,2,2,0
15.7705,10,101,G10_V101_2,1283.0700,805.7800,135.0000,3,2,1
15.7705,10,101,G10_V101_3,1418.0700,670.7800,135.0000,4,2,1
15.7771,11,110,G11_V110_0,1644.1012,739.5656,135.0000,1,2,0
15.7771,11,110,G11_V110_1,1509.1012,874.5656,135.0000,2,2,0
15.7771,11,110,G11_V110_2,1374.1012,739.5656,135.0000,3,2,1
15.7771,11,110,G11_V110_3,1509.1012,604.5656,135.0000,4,2,1
15.7816,28,116,G28_V116_0,1839.7184,1277.9386,135.0000,1,2,0
15.7816,28,116,G28_V116_1,1704.7184,1412.9386,135.0000,2,2,0
15.7816,28,116,G28_V116_2,1569.7184,1277.9386,135.0000,3,2,1
15.7816,28,116,G28_V116_3,1704.7184,1142.9386,135.0000,4,2,1
15.7912,19,129,G19_V129_0,1594.9300,998.1300,135.0000,1,2,0
15.7912,19,129,G19_V129_1,1459.9300,1133.1300,135.0000,2,2,0
15.7912,19,129,G19_V129_2,1324.9300,998.1300,135.0000,3,2,1
15.7912,19,129,G19_V129_3,1459.9300,863.1300,135.0000,4,2,1
15.7919,45,130,G45_V130_0,2227.4084,1871.4342,135.0000,1,2,0
15.7919,45,130,G45_V130_1,2092.4084,2006.4342,135.0000,2,2,0
15.7919,45,130,G45_V130_2,1957.4084,1871.4342,135.0000,3,2,1
15.7919,45,130,G45_V130_3,2092.4084,1736.4342,135.0000,4,2,1
15.8023,27,9,G27_V9_0,1636.3396,1357.7957,135.0000,1,2,0
15.8023,27,9,G27_V9_1,1501.3396,1492.7957,135.0000,2,2,0
15.8023,27,9,G27_V9_2,1366.3396,1357.7957,135.0000,3,2,1
15.8023,27,9,G27_V9_3,1501.3396,1222.7957,135.0000,4,2,1
15.8038,12,11,G12_V11_0,2010.2059,853.9550,135.0000,1,2,0
15.8038,12,11,G12_V11_1,1875.2059,988.9550,135.0000,2,2,0
15.8038,12,11,G12_V11_2,1740.2059,853.9550,135.0000,3,2,1
15.8038,12,11,G12_V11_3,1875.2059,718.9550,135.0000,4,2,1
15.8134,28,24,G28_V24_0,1852.3484,1273.4789,135.0000,1,2,0
15.8134,28,24,G28_V24_1,1717.3484,1408.4789,135.0000,2,2,0
15.8134,28,24,G28_V24_2,1582.3484,1273.4789,135.0000,3,2,1
15.8134,28,24,G28_V24_3,1717.3484,1138.4789,135.0000,4,2,1
15.8149,27,26,G27_V26_0,1634.9871,1354.8848,135.0000,1,2,0
15.8149,27,26,G27_V26_1,1499.9871,1489.8848,135.0000,2,2,0
15.8149,27,26,G27_V26_2,1364.9871,1354.8848,135.0000,3,2,1
15.8149,27,26,G27_V26_3,1499.9871,1219.8848,135.0000,4,2,1
15.8171,27,29,G27_V29_0,1786.1267,1221.5653,135.0000,1,2,0
15.8171,27,29,G27_V29_1,1651.1267,1356.5653,135.0000,2,2,0
15.8171,27,29,G27_V29_2,1516.1267,1221.5653,135.0000,3,2,1
15.8171,27,29,G27_V29_3,1651.1267,1086.5653,135.0000,4,2,1
15.8349,20,53,G20_V53_0,1859.9800,976.0400,135.0000,1,2,0
15.8349,20,53,G20_V53_1,1724.9800,1111.0400,135.0000,2,2,0
15.8349,20,53,G20_V53_2,1589.9800,976.0400,135.0000,3,2,1
15.8349,20,53,G20_V53_3,1724.9800,841.0400,135.0000,4,2,1
15.8371,20,56,G20_V56_0,1920.4900,1041.1400,135.0000,1,2,0
15.8371,20,56,G20_V56_1,1785.4900,1176.1400,135.0000,2,2,0
15.8371,20,56,G20_V56_2,1650.4900,1041.1400,135.0000,3,2,1
15.8371,20,56,G20_V56_3,1785.4900,906.1400,135.0000,4,2,1
15.8401,19,60,G19_V60_0,1632.1500,1007.1400,135.0000,1,2,0
15.8401,19,60,G19_V60_1,1497.1500,1142.1400,135.0000,2,2,0
15.8401,19,60,G19_V60_2,1362.1500,1007.1400,135.0000,3,2,1
15.8401,19,60,G19_V60_3,1497.1500,872.1400,135.0000,4,2,1
15.8438,20,65,G20_V65_0,1854.1300,979.9800,135.0000,1,2,0
15.8438,20,65,G20_V65_1,1719.1300,1114.9800,135.0000,2,2,0
15.8438,20,65,G20_V65_2,1584.1300,979.9800,135.0000,3,2,1
15.8438,20,65,G20_V65_3,1719.1300,844.9800,135.0000,4,2,1
15.8482,18,71,G18_V71_0,1566.3300,994.6300,135.0000,1,2,0
15.8482,18,71,G18_V71_1,1431.3300,1129.6300,135.0000,2,2,0
15.8482,18,71,G18_V71_2,1296.3300,994.6300,135.0000,3,2,1
15.8482,18,71,G18_V71_3,1431.3300,859.6300,135.0000,4,2,1
15.8534,18,78,G18_V78_0,1580.1200,997.3300,135.0000,1,2,0
15.8534,18,78,G18_V78_1,1445.1200,1132.3300,135.0000,2,2,0
15.8534,18,78,G18_V78_2,1310.1200,997.3300,135.0000,3,2,1
15.8534,18,78,G18_V78_3,1445.1200,862.3300,135.0000,4,2,1
15.8542,19,79,G19_V79_0,1723.0610,1107.5024,135.0000,1,2,0
15.8542,19,79,G19_V79_1,1588.0610,1242.5024,135.0000,2,2,0
15.8542,19,79,G19_V79_2,1453.0610,1107.5024,135.0000,3,2,1
15.8542,19,79,G19_V79_3,1588.0610,972.5024,135.0000,4,2,1
15.8645,19,93,G19_V93_0,1625.2300,1006.1300,135.0000,1,2,0
15.8645,19,93,G19_V93_1,1490.2300,1141.1300,135.0000,2,2,0
15.8645,19,93,G19_V93_2,1355.2300,1006.1300,135.0000,3,2,1
15.8645,19,93,G19_V93_3,1490.2300,871.1300,135.0000,4,2,1
15.8660,26,95,G26_V95_0,1401.2300,1300.6800,135.0000,1,2,0
15.8660,26,95,G26_V95_1,1266.2300,1435.6800,135.0000,2,2,0
15.8660,26,95,G26_V95_2,1131.2300,1300.6800,135.0000,3,2,1
15.8660,26,95,G26_V95_3,1266.2300,1165.6800,135.0000,4,2,1
15.8668,19,96,G19_V96_0,1718.3700,1099.6400,135.0000,1,2,0
15.8668,19,96,G19_V96_1,1583.3700,1234.6400,135.0000,2,2,0
15.8668,19,96,G19_V96_2,1448.3700,1099.6400,135.0000,3,2,1
15.8668,19,96,G19_V96_3,1583.3700,964.6400,135.0000,4,2,1
15.8705,10,101,G10_V101_0,1553.0700,805.7800,135.0000,1,2,0
15.8705,10,101,G10_V101_1,1418.0700,940.7800,135.0000,2,2,0
15.8705,10,101,G10_V101_2,1283.0700,805.7800,135.0000,3,2,1
15.8705,10,101,G10_V101_3,1418.0700,670.7800,135.0000,4,2,1
15.8771,11,110,G11_V110_0,1644.3974,738.2638,135.0000,1,2,0
15.8771,11,110,G11_V110_1,1509.3974,873.2638,135.0000,2,2,0
15.8771,11,110,G11_V110_2,1374.3974,738.2638,135.0000,3,2,1
15.8771,11,110,G11_V110_3,1509.3974,603.2638,135.0000,4,2,1
15.8816,28,116,G28_V116_0,1839.6053,1277.9756,135.0000,1,2,0
15.8816,28,116,G28_V116_1,1704.6053,1412.9756,135.0000,2,2,0
15.8816,28,116,G28_V116_2,1569.6053,1277.9756,135.0000,3,2,1
15.8816,28,116,G28_V116_3,1704.6053,1142.9756,135.0000,4,2,1
15.8912,19,129,G19_V129_0,1594.9300,998.1300,135.0000,1,2,0
15.8912,19,129,G19_V129_1,1459.9300,1133.1300,135.0000,2,2,0
15.8912,19,129,G19_V129_2,1324.9300,998.1300,135.0000,3,2,1
15.8912,19,129,G19_V129_3,1459.9300,863.1300,135.0000,4,2,1
15.8919,45,130,G45_V130_0,2227.1834,1871.4322,135.0000,1,2,0
15.8919,45,130,G45_V130_1,2092.1834,2006.4322,135.0000,2,2,0
15.8919,45,130,G45_V130_2,1957.1834,1871.4322,135.0000,3,2,1
15.8919,45,130,G45_V130_3,2092.1834,1736.4322,135.0000,4,2,1
15.9023,27,9,G27_V9_0,1636.2436,1357.8301,135.0000,1,2,0
15.9023,27,9,G27_V9_1,1501.2436,1492.8301,135.0000,2,2,0
15.9023,27,9,G27_V9_2,1366.2436,1357.8301,135.0000,3,2,1
15.9023,27,9,G27_V9_3,1501.2436,1222.8301,135.0000,4,2,1
15.9038,12,11,G12_V11_0,2008.7994,854.7669,135.0000,1,2,0
15.9038,12,11,G12_V11_1,1873.7994,989.7669,135.0000,2,2,0
15.9038,12,11,G12_V11_2,1738.7994,854.7669,135.0000,3,2,1
15.9038,12,11,G12_V11_3,1873.7994,719.7669,135.0000,4,2,1
15.9134,28,24,G28_V24_0,1852.3484,1273.4789,135.0000,1,2,0
15.9134,28,24,G28_V24_1,1717.3484,1408.4789,135.0000,2,2,0
15.9134,28,24,G28_V24_2,1582.3484,1273.4789,135.0000,3,2,1
15.9134,28,24,G28_V24_3,1717.3484,1138.4789,135.0000,4,2,1
15.9149,27,26,G27_V26_0,1634.8592,1354.9308,135.0000,1,2,0
15.9149,27,26,G27_V26_1,1499.8592,1489.9308,135.0000,2,2,0
15.9149,27,26,G27_V26_2,1364.8592,1354.9308,135.0000,3,2,1
15.9149,27,26,G27_V26_3,1499.8592,1219.9308,135.0000,4,2,1
15.9171,27,29,G27_V29_0,1786.2390,1221.7887,135.0000,1,2,0
15.9171,27,29,G27_V29_1,1651.2390,1356.7887,135.0000,2,2,0
15.9171,27,29,G27_V29_2,1516.2390,1221.7887,135.0000,3,2,1
15.9171,27,29,G27_V29_3,1651.2390,1086.7887,135.0000,4,2,1
15.9349,20,53,G20_V53_0,1859.9800,976.0400,135.0000,1,2,0
15.9349,20,53,G20_V53_1,1724.9800,1111.0400,135.0000,2,2,0
15.9349,20,53,G20_V53_2,1589.9800,976.0400,135.0000,3,2,1
15.9349,20,53,G20_V53_3,1724.9800,841.0400,135.0000,4,2,1
15.9371,20,56,G20_V56_0,1920.4900,1041.1400,135.0000,1,2,0
15.9371,20,56,G20_V56_1,1785.4900,1176.1400,135.0000,2,2,0
15.9371,20,56,G20_V56_2,1650.4900,1041.1400,135.0000,3,2,1
15.9371,20,56,G20_V56_3,1785.4900,906.1400,135.0000,4,2,1
15.9401,19,60,G19_V60_0,1632.1500,1007.1400,135.0000,1,2,0
15.9401,19,60,G19_V60_1,1497.1500,1142.1400,135.0000,2,2,0
15.9401,19,60,G19_V60_2,1362.1500,1007.1400,135.0000,3,2,1
15.9401,19,60,G19_V60_3,1497.1500,872.1400,135.0000,4,2,1
15.9438,20,65,G20_V65_0,1854.1300,979.9800,135.0000,1,2,0
15.9438,20,65,G20_V65_1,1719.1300,1114.9800,135.0000,2,2,0
15.9438,20,65,G20_V65_2,1584.1300,979.9800,135.0000,3,2,1
15.9438,20,65,G20_V65_3,1719.1300,844.9800,135.0000,4,2,1
15.9482,18,71,G18_V71_0,1566.3300,994.6300,135.0000,1,2,0
15.9482,18,71,G18_V71_1,1431.3300,1129.6300,135.0000,2,2,0
15.9482,18,71,G18_V71_2,1296.3300,994.6300,135.0000,3,2,1
15.9482,18,71,G18_V71_3,1431.3300,859.6300,135.0000,4,2,1
15.9534,18,78,G18_V78_0,1580.1200,997.3300,135.0000,1,2,0
15.9534,18,78,G18_V78_1,1445.1200,1132.3300,135.0000,2,2,0
15.9534,18,78,G18_V78_2,1310.1200,997.3300,135.0000,3,2,1
15.9534,18,78,G18_V78_3,1445.1200,862.3300,135.0000,4,2,1
15.9542,19,79,G19_V79_0,1723.1852,1107.7228,135.0000,1,2,0
15.9542,19,79,G19_V79_1,1588.1852,1242.7228,135.0000,2,2,0
15.9542,19,79,G19_V79_2,1453.1852,1107.7228,135.0000,3,2,1
15.9542,19,79,G19_V79_3,1588.1852,972.7228,135.0000,4,2,1
15.9645,19,93,G19_V93_0,1625.2300,1006.1300,135.0000,1,2,0
15.9645,19,93,G19_V93_1,1490.2300,1141.1300,135.0000,2,2,0
15.9645,19,93,G19_V93_2,1355.2300,1006.1300,135.0000,3,2,1
15.9645,19,93,G19_V93_3,1490.2300,871.1300,135.0000,4,2,1
15.9660,26,95,G26_V95_0,1401.2300,1300.6800,135.0000,1,2,0
15.9660,26,95,G26_V95_1,1266.2300,1435.6800,135.0000,2,2,0
15.9660,26,95,G26_V95_2,1131.2300,1300.6800,135.0000,3,2,1
15.9660,26,95,G26_V95_3,1266.2300,1165.6800,135.0000,4,2,1
15.9668,19,96,G19_V96_0,1718.3700,1099.6400,135.0000,1,2,0
15.9668,19,96,G19_V96_1,1583.3700,1234.6400,135.0000,2,2,0
15.9668,19,96,G19_V96_2,1448.3700,1099.6400,135.0000,3,2,1
15.9668,19,96,G19_V96_3,1583.3700,964.6400,135.0000,4,2,1
15.9705,10,101,G10_V101_0,1553.0700,805.7800,135.0000,1,2,0
15.9705,10,101,G10_V101_1,1418.0700,940.7800,135.0000,2,2,0
15.9705,10,101,G10_V101_2,1283.0700,805.7800,135.0000,3,2,1
15.9705,10,101,G10_V101_3,1418.0700,670.7800,135.0000,4,2,1
15.9771,11,110,G11_V110_0,1644.6935,736.9621,135.0000,1,2,0
15.9771,11,110,G11_V110_1,1509.6935,871.9621,135.0000,2,2,0
15.9771,11,110,G11_V110_2,1374.6935,736.9621,135.0000,3,2,1
15.9771,11,110,G11_V110_3,1509.6935,601.9621,135.0000,4,2,1
15.9816,28,116,G28_V116_0,1839.4922,1278.0127,135.0000,1,2,0
15.9816,28,116,G28_V116_1,1704.4922,1413.0127,135.0000,2,2,0
15.9816,28,116,G28_V116_2,1569.4922,1278.0127,135.0000,3,2,1
15.9816,28,116,G28_V116_3,1704.4922,1143.0127,135.0000,4,2,1
15.9912,19,129,G19_V129_0,1594.9300,998.1300,135.0000,1,2,0
15.9912,19,129,G19_V129_1,1459.9300,1133.1300,135.0000,2,2,0
15.9912,19,129,G19_V129_2,1324.9300,998.1300,135.0000,3,2,1
15.9912,19,129,G19_V129_3,1459.9300,863.1300,135.0000,4,2,1
15.9919,45,130,G45_V130_0,2226.9584,1871.4302,135.0000,1,2,0
15.9919,45,130,G45_V130_1,2091.9584,2006.4302,135.0000,2,2,0
15.9919,45,130,G45_V130_2,1956.9584,1871.4302,135.0000,3,2,1
15.9919,45,130,G45_V130_3,2091.9584,1736.4302,135.0000,4,2,1
16.0023,27,9,G27_V9_0,1636.1555,1357.8616,135.0000,1,2,0
16.0023,27,9,G27_V9_1,1501.1555,1492.8616,135.0000,2,2,0
16.0023,27,9,G27_V9_2,1366.1555,1357.8616,135.0000,3,2,1
16.0023,27,9,G27_V9_3,1501.1555,1222.8616,135.0000,4,2,1
16.0038,12,11,G12_V11_0,2007.4073,855.5704,135.0000,1,2,0
16.0038,12,11,G12_V11_1,1872.4073,990.5704,135.0000,2,2,0
16.0038,12,11,G12_V11_2,1737.4073,855.5704,135.0000,3,2,1
16.0038,12,11,G12_V11_3,1872.4073,720.5704,135.0000,4,2,1
16.0134,28,24,G28_V24_0,1852.3351,1273.4837,135.0000,1,2,0
16.0134,28,24,G28_V24_1,1717.3351,1408.4837,135.0000,2,2,0
16.0134,28,24,G28_V24_2,1582.3351,1273.4837,135.0000,3,2,1
16.0134,28,24,G28_V24_3,1717.3351,1138.4837,135.0000,4,2,1
16.0149,27,26,G27_V26_0,1634.7047,1354.9864,135.0000,1,2,0
16.0149,27,26,G27_V26_1,1499.7047,1489.9864,135.0000,2,2,0
16.0149,27,26,G27_V26_2,1364.7047,1354.9864,135.0000,3,2,1
16.0149,27,26,G27_V26_3,1499.7047,1219.9864,135.0000,4,2,1
16.0171,27,29,G27_V29_0,1786.3626,1222.0341,135.0000,1,2,0
16.0171,27,29,G27_V29_1,1651.3626,1357.0341,135.0000,2,2,0
16.0171,27,29,G27_V29_2,1516.3626,1222.0341,135.0000,3,2,1
16.0171,27,29,G27_V29_3,1651.3626,1087.0341,135.0000,4,2,1
16.0349,20,53,G20_V53_0,1859.9800,976.0400,135.0000,1,2,0
16.0349,20,53,G20_V53_1,1724.9800,1111.0400,135.0000,2,2,0
16.0349,20,53,G20_V53_2,1589.9800,976.0400,135.0000,3,2,1
16.0349,20,53,G20_V53_3,1724.9800,841.0400,135.0000,4,2,1
16.0371,20,56,G20_V56_0,1920.4900,1041.1400,135.0000,1,2,0
16.0371,20,56,G20_V56_1,1785.4900,1176.1400,135.0000,2,2,0
16.0371,20,56,G20_V56_2,1650.4900,1041.1400,135.0000,3,2,1
16.0371,20,56,G20_V56_3,1785.4900,906.1400,135.0000,4,2,1
16.0401,19,60,G19_V60_0,1632.1500,1007.1400,135.0000,1,2,0
16.0401,19,60,G19_V60_1,1497.1500,1142.1400,135.0000,2,2,0
16.0401,19,60,G19_V60_2,1362.1500,1007.1400,135.0000,3,2,1
16.0401,19,60,G19_V60_3,1497.1500,872.1400,135.0000,4,2,1
16.0438,20,65,G20_V65_0,1854.1300,979.9800,135.0000,1,2,0
16.0438,20,65,G20_V65_1,1719.1300,1114.9800,135.0000,2,2,0
16.0438,20,65,G20_V65_2,1584.1300,979.9800,135.0000,3,2,1
16.0438,20,65,G20_V65_3,1719.1300,844.9800,135.0000,4,2,1
16.0482,18,71,G18_V71_0,1566.3300,994.6300,135.0000,1,2,0
16.0482,18,71,G18_V71_1,1431.3300,1129.6300,135.0000,2,2,0
16.0482,18,71,G18_V71_2,1296.3300,994.6300,135.0000,3,2,1
16.0482,18,71,G18_V71_3,1431.3300,859.6300,135.0000,4,2,1
16.0534,18,78,G18_V78_0,1580.1200,997.3300,135.0000,1,2,0
16.0534,18,78,G18_V78_1,1445.1200,1132.3300,135.0000,2,2,0
16.0534,18,78,G18_V78_2,1310.1200,997.3300,135.0000,3,2,1
16.0534,18,78,G18_V78_3,1445.1200,862.3300,135.0000,4,2,1
16.0542,19,79,G19_V79_0,1723.3702,1108.0619,135.0000,1,2,0
16.0542,19,79,G19_V79_1,1588.3702,1243.0619,135.0000,2,2,0
16.0542,19,79,G19_V79_2,1453.3702,1108.0619,135.0000,3,2,1
16.0542,19,79,G19_V79_3,1588.3702,973.0619,135.0000,4,2,1
16.0645,19,93,G19_V93_0,1625.2300,1006.1300,135.0000,1,2,0
16.0645,19,93,G19_V93_1,1490.2300,1141.1300,135.0000,2,2,0
16.0645,19,93,G19_V93_2,1355.2300,1006.1300,135.0000,3,2,1
16.0645,19,93,G19_V93_3,1490.2300,871.1300,135.0000,4,2,1
16.0660,26,95,G26_V95_0,1401.2300,1300.6800,135.0000,1,2,0
16.0660,26,95,G26_V95_1,1266.2300,1435.6800,135.0000,2,2,0
16.0660,26,95,G26_V95_2,1131.2300,1300.6800,135.0000,3,2,1
16.0660,26,95,G26_V95_3,1266.2300,1165.6800,135.0000,4,2,1
16.0668,19,96,G19_V96_0,1718.4059,1099.6985,135.0000,1,2,0
16.0668,19,96,G19_V96_1,1583.4059,1234.6985,135.0000,2,2,0
16.0668,19,96,G19_V96_2,1448.4059,1099.6985,135.0000,3,2,1
16.0668,19,96,G19_V96_3,1583.4059,964.6985,135.0000,4,2,1
16.0705,10,101,G10_V101_0,1553.0700,805.7800,135.0000,1,2,0
16.0705,10,101,G10_V101_1,1418.0700,940.7800,135.0000,2,2,0
16.0705,10,101,G10_V101_2,1283.0700,805.7800,135.0000,3,2,1
16.0705,10,101,G10_V101_3,1418.0700,670.7800,135.0000,4,2,1
16.0771,11,110,G11_V110_0,1644.9888,735.6602,135.0000,1,2,0
16.0771,11,110,G11_V110_1,1509.9888,870.6602,135.0000,2,2,0
16.0771,11,110,G11_V110_2,1374.9888,735.6602,135.0000,3,2,1
16.0771,11,110,G11_V110_3,1509.9888,600.6602,135.0000,4,2,1
16.0816,28,116,G28_V116_0,1839.2770,1278.0779,135.0000,1,2,0
16.0816,28,116,G28_V116_1,1704.2770,1413.0779,135.0000,2,2,0
16.0816,28,116,G28_V116_2,1569.2770,1278.0779,135.0000,3,2,1
16.0816,28,116,G28_V116_3,1704.2770,1143.0779,135.0000,4,2,1
16.0912,19,129,G19_V129_0,1594.9300,998.1300,135.0000,1,2,0
16.0912,19,129,G19_V129_1,1459.9300,1133.1300,135.0000,2,2,0
16.0912,19,129,G19_V129_2,1324.9300,998.1300,135.0000,3,2,1
16.0912,19,129,G19_V129_3,1459.9300,863.1300,135.0000,4,2,1
16.0920,45,130,G45_V130_0,2226.5203,1871.4282,135.0000,1,2,0
16.0920,45,130,G45_V130_1,2091.5203,2006.4282,135.0000,2,2,0
16.0920,45,130,G45_V130_2,1956.5203,1871.4282,135.0000,3,2,1
16.0920,45,130,G45_V130_3,2091.5203,1736.4282,135.0000,4,2,1
16.1023,27,9,G27_V9_0,1635.9533,1357.9347,135.0000,1,2,0
16.1023,27,9,G27_V9_1,1500.9533,1492.9347,135.0000,2,2,0
16.1023,27,9,G27_V9_2,1365.9533,1357.9347,135.0000,3,2,1
16.1023,27,9,G27_V9_3,1500.9533,1222.9347,135.0000,4,2,1
16.1038,12,11,G12_V11_0,2005.9833,856.3921,135.0000,1,2,0
16.1038,12,11,G12_V11_1,1870.9833,991.3921,135.0000,2,2,0
16.1038,12,11,G12_V11_2,1735.9833,856.3921,135.0000,3,2,1
16.1038,12,11,G12_V11_3,1870.9833,721.3921,135.0000,4,2,1
16.1134,28,24,G28_V24_0,1852.2354,1273.5197,135.0000,1,2,0
16.1134,28,24,G28_V24_1,1717.2354,1408.5197,135.0000,2,2,0
16.1134,28,24,G28_V24_2,1582.2354,1273.5197,135.0000,3,2,1
16.1134,28,24,G28_V24_3,1717.2354,1138.5197,135.0000,4,2,1
16.1149,27,26,G27_V26_0,1634.3981,1355.0972,135.0000,1,2,0
16.1149,27,26,G27_V26_1,1499.3981,1490.0972,135.0000,2,2,0
16.1149,27,26,G27_V26_2,1364.3981,1355.0972,135.0000,3,2,1
16.1149,27,26,G27_V26_3,1499.3981,1220.0972,135.0000,4,2,1
16.1171,27,29,G27_V29_0,1786.5537,1222.4103,135.0000,1,2,0
16.1171,27,29,G27_V29_1,1651.5537,1357.4103,135.0000,2,2,0
16.1171,27,29,G27_V29_2,1516.5537,1222.4103,135.0000,3,2,1
16.1171,27,29,G27_V29_3,1651.5537,1087.4103,135.0000,4,2,1
16.1349,20,53,G20_V53_0,1859.9800,976.0400,135.0000,1,2,0
16.1349,20,53,G20_V53_1,1724.9800,1111.0400,135.0000,2,2,0
16.1349,20,53,G20_V53_2,1589.9800,976.0400,135.0000,3,2,1
16.1349,20,53,G20_V53_3,1724.9800,841.0400,135.0000,4,2,1
16.1371,20,56,G20_V56_0,1920.4900,1041.1400,135.0000,1,2,0
16.1371,20,56,G20_V56_1,1785.4900,1176.1400,135.0000,2,2,0
16.1371,20,56,G20_V56_2,1650.4900,1041.1400,135.0000,3,2,1
16.1371,20,56,G20_V56_3,1785.4900,906.1400,135.0000,4,2,1
16.1401,19,60,G19_V60_0,1632.1500,1007.1400,135.0000,1,2,0
16.1401,19,60,G19_V60_1,1497.1500,1142.1400,135.0000,2,2,0
16.1401,19,60,G19_V60_2,1362.1500,1007.1400,135.0000,3,2,1
16.1401,19,60,G19_V60_3,1497.1500,872.1400,135.0000,4,2,1
16.1438,20,65,G20_V65_0,1854.1300,979.9800,135.0000,1,2,0
16.1438,20,65,G20_V65_1,1719.1300,1114.9800,135.0000,2,2,0
16.1438,20,65,G20_V65_2,1584.1300,979.9800,135.0000,3,2,1
16.1438,20,65,G20_V65_3,1719.1300,844.9800,135.0000,4,2,1
16.1482,18,71,G18_V71_0,1566.3300,994.6300,135.0000,1,2,0
16.1482,18,71,G18_V71_1,1431.3300,1129.6300,135.0000,2,2,0
16.1482,18,71,G18_V71_2,1296.3300,994.6300,135.0000,3,2,1
16.1482,18,71,G18_V71_3,1431.3300,859.6300,135.0000,4,2,1
16.1534,18,78,G18_V78_0,1580.1200,997.3300,135.0000,1,2,0
16.1534,18,78,G18_V78_1,1445.1200,1132.3300,135.0000,2,2,0
16.1534,18,78,G18_V78_2,1310.1200,997.3300,135.0000,3,2,1
16.1534,18,78,G18_V78_3,1445.1200,862.3300,135.0000,4,2,1
16.1542,19,79,G19_V79_0,1723.6109,1108.5092,135.0000,1,2,0
16.1542,19,79,G19_V79_1,1588.6109,1243.5092,135.0000,2,2,0
16.1542,19,79,G19_V79_2,1453.6109,1108.5092,135.0000,3,2,1
16.1542,19,79,G19_V79_3,1588.6109,973.5092,135.0000,4,2,1
16.1645,19,93,G19_V93_0,1625.2300,1006.1300,135.0000,1,2,0
16.1645,19,93,G19_V93_1,1490.2300,1141.1300,135.0000,2,2,0
16.1645,19,93,G19_V93_2,1355.2300,1006.1300,135.0000,3,2,1
16.1645,19,93,G19_V93_3,1490.2300,871.1300,135.0000,4,2,1
16.1660,26,95,G26_V95_0,1401.2300,1300.6800,135.0000,1,2,0
16.1660,26,95,G26_V95_1,1266.2300,1435.6800,135.0000,2,2,0
16.1660,26,95,G26_V95_2,1131.2300,1300.6800,135.0000,3,2,1
16.1660,26,95,G26_V95_3,1266.2300,1165.6800,135.0000,4,2,1
16.1668,19,96,G19_V96_0,1718.4598,1099.7863,135.0000,1,2,0
16.1668,19,96,G19_V96_1,1583.4598,1234.7863,135.0000,2,2,0
16.1668,19,96,G19_V96_2,1448.4598,1099.7863,135.0000,3,2,1
16.1668,19,96,G19_V96_3,1583.4598,964.7863,135.0000,4,2,1
16.1705,10,101,G10_V101_0,1553.0700,805.7800,135.0000,1,2,0
16.1705,10,101,G10_V101_1,1418.0700,940.7800,135.0000,2,2,0
16.1705,10,101,G10_V101_2,1283.0700,805.7800,135.0000,3,2,1
16.1705,10,101,G10_V101_3,1418.0700,670.7800,135.0000,4,2,1
16.1771,11,110,G11_V110_0,1645.2857,734.3494,135.0000,1,2,0
16.1771,11,110,G11_V110_1,1510.2857,869.3494,135.0000,2,2,0
16.1771,11,110,G11_V110_2,1375.2857,734.3494,135.0000,3,2,1
16.1771,11,110,G11_V110_3,1510.2857,599.3494,135.0000,4,2,1
16.1816,28,116,G28_V116_0,1839.0385,1278.1496,135.0000,1,2,0
16.1816,28,116,G28_V116_1,1704.0385,1413.1496,135.0000,2,2,0
16.1816,28,116,G28_V116_2,1569.0385,1278.1496,135.0000,3,2,1
16.1816,28,116,G28_V116_3,1704.0385,1143.1496,135.0000,4,2,1
16.1912,19,129,G19_V129_0,1594.9300,998.1300,135.0000,1,2,0
16.1912,19,129,G19_V129_1,1459.9300,1133.1300,135.0000,2,2,0
16.1912,19,129,G19_V129_2,1324.9300,998.1300,135.0000,3,2,1
16.1912,19,129,G19_V129_3,1459.9300,863.1300,135.0000,4,2,1
16.1919,45,130,G45_V130_0,2226.0633,1871.4262,135.0000,1,2,0
16.1919,45,130,G45_V130_1,2091.0633,2006.4262,135.0000,2,2,0
16.1919,45,130,G45_V130_2,1956.0633,1871.4262,135.0000,3,2,1
16.1919,45,130,G45_V130_3,2091.0633,1736.4262,135.0000,4,2,1
16.2023,27,9,G27_V9_0,1635.7511,1358.0078,135.0000,1,2,0
16.2023,27,9,G27_V9_1,1500.7511,1493.0078,135.0000,2,2,0
16.2023,27,9,G27_V9_2,1365.7511,1358.0078,135.0000,3,2,1
16.2023,27,9,G27_V9_3,1500.7511,1223.0078,135.0000,4,2,1
16.2038,12,11,G12_V11_0,2004.5594,857.2138,135.0000,1,2,0
16.2038,12,11,G12_V11_1,1869.5594,992.2138,135.0000,2,2,0
16.2038,12,11,G12_V11_2,1734.5594,857.2138,135.0000,3,2,1
16.2038,12,11,G12_V11_3,1869.5594,722.2138,135.0000,4,2,1
16.2134,28,24,G28_V24_0,1852.1357,1273.5557,135.0000,1,2,0
16.2134,28,24,G28_V24_1,1717.1357,1408.5557,135.0000,2,2,0
16.2134,28,24,G28_V24_2,1582.1357,1273.5557,135.0000,3,2,1
16.2134,28,24,G28_V24_3,1717.1357,1138.5557,135.0000,4,2,1
16.2149,27,26,G27_V26_0,1634.0916,1355.2081,135.0000,1,2,0
16.2149,27,26,G27_V26_1,1499.0916,1490.2081,135.0000,2,2,0
16.2149,27,26,G27_V26_2,1364.0916,1355.2081,135.0000,3,2,1
16.2149,27,26,G27_V26_3,1499.0916,1220.2081,135.0000,4,2,1
16.2171,27,29,G27_V29_0,1786.7448,1222.7866,135.0000,1,2,0
16.2171,27,29,G27_V29_1,1651.7448,1357.7866,135.0000,2,2,0
16.2171,27,29,G27_V29_2,1516.7448,1222.7866,135.0000,3,2,1
16.2171,27,29,G27_V29_3,1651.7448,1087.7866,135.0000,4,2,1
16.2349,20,53,G20_V53_0,1859.9800,976.0400,135.0000,1,2,0
16.2349,20,53,G20_V53_1,1724.9800,1111.0400,135.0000,2,2,0
16.2349,20,53,G20_V53_2,1589.9800,976.0400,135.0000,3,2,1
16.2349,20,53,G20_V53_3,1724.9800,841.0400,135.0000,4,2,1
16.2371,20,56,G20_V56_0,1920.4900,1041.1400,135.0000,1,2,0
16.2371,20,56,G20_V56_1,1785.4900,1176.1400,135.0000,2,2,0
16.2371,20,56,G20_V56_2,1650.4900,1041.1400,135.0000,3,2,1
16.2371,20,56,G20_V56_3,1785.4900,906.1400,135.0000,4,2,1
16.2401,19,60,G19_V60_0,1632.1500,1007.1400,135.0000,1,2,0
16.2401,19,60,G19_V60_1,1497.1500,1142.1400,135.0000,2,2,0
16.2401,19,60,G19_V60_2,1362.1500,1007.1400,135.0000,3,2,1
16.2401,19,60,G19_V60_3,1497.1500,872.1400,135.0000,4,2,1
16.2438,20,65,G20_V65_0,1854.1300,979.9800,135.0000,1,2,0
16.2438,20,65,G20_V65_1,1719.1300,1114.9800,135.0000,2,2,0
16.2438,20,65,G20_V65_2,1584.1300,979.9800,135.0000,3,2,1
16.2438,20,65,G20_V65_3,1719.1300,844.9800,135.0000,4,2,1
16.2482,18,71,G18_V71_0,1566.3300,994.6300,135.0000,1,2,0
16.2482,18,71,G18_V71_1,1431.3300,1129.6300,135.0000,2,2,0
16.2482,18,71,G18_V71_2,1296.3300,994.6300,135.0000,3,2,1
16.2482,18,71,G18_V71_3,1431.3300,859.6300,135.0000,4,2,1
16.2534,18,78,G18_V78_0,1580.1200,997.3300,135.0000,1,2,0
16.2534,18,78,G18_V78_1,1445.1200,1132.3300,135.0000,2,2,0
16.2534,18,78,G18_V78_2,1310.1200,997.3300,135.0000,3,2,1
16.2534,18,78,G18_V78_3,1445.1200,862.3300,135.0000,4,2,1
16.2542,19,79,G19_V79_0,1723.8516,1108.9566,135.0000,1,2,0
16.2542,19,79,G19_V79_1,1588.8516,1243.9566,135.0000,2,2,0
16.2542,19,79,G19_V79_2,1453.8516,1108.9566,135.0000,3,2,1
16.2542,19,79,G19_V79_3,1588.8516,973.9566,135.0000,4,2,1
16.2645,19,93,G19_V93_0,1625.2300,1006.1300,135.0000,1,2,0
16.2645,19,93,G19_V93_1,1490.2300,1141.1300,135.0000,2,2,0
16.2645,19,93,G19_V93_2,1355.2300,1006.1300,135.0000,3,2,1
16.2645,19,93,G19_V93_3,1490.2300,871.1300,135.0000,4,2,1
16.2660,26,95,G26_V95_0,1401.2300,1300.6800,135.0000,1,2,0
16.2660,26,95,G26_V95_1,1266.2300,1435.6800,135.0000,2,2,0
16.2660,26,95,G26_V95_2,1131.2300,1300.6800,135.0000,3,2,1
16.2660,26,95,G26_V95_3,1266.2300,1165.6800,135.0000,4,2,1
16.2668,19,96,G19_V96_0,1718.5137,1099.8741,135.0000,1,2,0
16.2668,19,96,G19_V96_1,1583.5137,1234.8741,135.0000,2,2,0
16.2668,19,96,G19_V96_2,1448.5137,1099.8741,135.0000,3,2,1
16.2668,19,96,G19_V96_3,1583.5137,964.8741,135.0000,4,2,1
16.2705,10,101,G10_V101_0,1553.0700,805.7800,135.0000,1,2,0
16.2705,10,101,G10_V101_1,1418.0700,940.7800,135.0000,2,2,0
16.2705,10,101,G10_V101_2,1283.0700,805.7800,135.0000,3,2,1
16.2705,10,101,G10_V101_3,1418.0700,670.7800,135.0000,4,2,1
16.2771,11,110,G11_V110_0,1645.5827,733.0386,135.0000,1,2,0
16.2771,11,110,G11_V110_1,1510.5827,868.0386,135.0000,2,2,0
16.2771,11,110,G11_V110_2,1375.5827,733.0386,135.0000,3,2,1
16.2771,11,110,G11_V110_3,1510.5827,598.0386,135.0000,4,2,1
16.2816,28,116,G28_V116_0,1838.8000,1278.2212,135.0000,1,2,0
16.2816,28,116,G28_V116_1,1703.8000,1413.2212,135.0000,2,2,0
16.2816,28,116,G28_V116_2,1568.8000,1278.2212,135.0000,3,2,1
16.2816,28,116,G28_V116_3,1703.8000,1143.2212,135.0000,4,2,1
16.2912,19,129,G19_V129_0,1594.9300,998.1300,135.0000,1,2,0
16.2912,19,129,G19_V129_1,1459.9300,1133.1300,135.0000,2,2,0
16.2912,19,129,G19_V129_2,1324.9300,998.1300,135.0000,3,2,1
16.2912,19,129,G19_V129_3,1459.9300,863.1300,135.0000,4,2,1
16.2919,45,130,G45_V130_0,2225.6063,1871.4242,135.0000,1,2,0
16.2919,45,130,G45_V130_1,2090.6063,2006.4242,135.0000,2,2,0
16.2919,45,130,G45_V130_2,1955.6063,1871.4242,135.0000,3,2,1
16.2919,45,130,G45_V130_3,2090.6063,1736.4242,135.0000,4,2,1
16.3023,27,9,G27_V9_0,1635.5489,1358.0808,135.0000,1,2,0
16.3023,27,9,G27_V9_1,1500.5489,1493.0808,135.0000,2,2,0
16.3023,27,9,G27_V9_2,1365.5489,1358.0808,135.0000,3,2,1
16.3023,27,9,G27_V9_3,1500.5489,1223.0808,135.0000,4,2,1
16.3038,12,11,G12_V11_0,2003.1355,858.0355,135.0000,1,2,0
16.3038,12,11,G12_V11_1,1868.1355,993.0355,135.0000,2,2,0
16.3038,12,11,G12_V11_2,1733.1355,858.0355,135.0000,3,2,1
16.3038,12,11,G12_V11_3,1868.1355,723.0355,135.0000,4,2,1
16.3134,28,24,G28_V24_0,1852.0360,1273.5917,135.0000,1,2,0
16.3134,28,24,G28_V24_1,1717.0360,1408.5917,135.0000,2,2,0
16.3134,28,24,G28_V24_2,1582.0360,1273.5917,135.0000,3,2,1
16.3134,28,24,G28_V24_3,1717.0360,1138.5917,135.0000,4,2,1
16.3149,27,26,G27_V26_0,1633.7850,1355.3189,135.0000,1,2,0
16.3149,27,26,G27_V26_1,1498.7850,1490.3189,135.0000,2,2,0
16.3149,27,26,G27_V26_2,1363.7850,1355.3189,135.0000,3,2,1
16.3149,27,26,G27_V26_3,1498.7850,1220.3189,135.0000,4,2,1
16.3171,27,29,G27_V29_0,1786.9359,1223.1628,135.0000,1,2,0
16.3171,27,29,G27_V29_1,1651.9359,1358.1628,135.0000,2,2,0
16.3171,27,29,G27_V29_2,1516.9359,1223.1628,135.0000,3,2,1
16.3171,27,29,G27_V29_3,1651.9359,1088.1628,135.0000,4,2,1
16.3349,20,53,G20_V53_0,1859.9800,976.0400,135.0000,1,2,0
16.3349,20,53,G20_V53_1,1724.9800,1111.0400,135.0000,2,2,0
16.3349,20,53,G20_V53_2,1589.9800,976.0400,135.0000,3,2,1
16.3349,20,53,G20_V53_3,1724.9800,841.0400,135.0000,4,2,1
16.3371,20,56,G20_V56_0,1920.4900,1041.1400,135.0000,1,2,0
16.3371,20,56,G20_V56_1,1785.4900,1176.1400,135.0000,2,2,0
16.3371,20,56,G20_V56_2,1650.4900,1041.1400,135.0000,3,2,1
16.3371,20,56,G20_V56_3,1785.4900,906.1400,135.0000,4,2,1
16.3401,19,60,G19_V60_0,1632.1500,1007.1400,135.0000,1,2,0
16.3401,19,60,G19_V60_1,1497.1500,1142.1400,135.0000,2,2,0
16.3401,19,60,G19_V60_2,1362.1500,1007.1400,135.0000,3,2,1
16.3401,19,60,G19_V60_3,1497.1500,872.1400,135.0000,4,2,1
16.3438,20,65,G20_V65_0,1854.1300,979.9800,135.0000,1,2,0
16.3438,20,65,G20_V65_1,1719.1300,1114.9800,135.0000,2,2,0
16.3438,20,65,G20_V65_2,1584.1300,979.9800,135.0000,3,2,1
16.3438,20,65,G20_V65_3,1719.1300,844.9800,135.0000,4,2,1
16.3482,18,71,G18_V71_0,1566.3300,994.6300,135.0000,1,2,0
16.3482,18,71,G18_V71_1,1431.3300,1129.6300,135.0000,2,2,0
16.3482,18,71,G18_V71_2,1296.3300,994.6300,135.0000,3,2,1
16.3482,18,71,G18_V71_3,1431.3300,859.6300,135.0000,4,2,1
16.3534,18,78,G18_V78_0,1580.1200,997.3300,135.0000,1,2,0
16.3534,18,78,G18_V78_1,1445.1200,1132.3300,135.0000,2,2,0
16.3534,18,78,G18_V78_2,1310.1200,997.3300,135.0000,3,2,1
16.3534,18,78,G18_V78_3,1445.1200,862.3300,135.0000,4,2,1
16.3542,19,79,G19_V79_0,1724.0923,1109.4039,135.0000,1,2,0
16.3542,19,79,G19_V79_1,1589.0923,1244.4039,135.0000,2,2,0
16.3542,19,79,G19_V79_2,1454.0923,1109.4039,135.0000,3,2,1
16.3542,19,79,G19_V79_3,1589.0923,974.4039,135.0000,4,2,1
16.3645,19,93,G19_V93_0,1625.2300,1006.1300,135.0000,1,2,0
16.3645,19,93,G19_V93_1,1490.2300,1141.1300,135.0000,2,2,0
16.3645,19,93,G19_V93_2,1355.2300,1006.1300,135.0000,3,2,1
16.3645,19,93,G19_V93_3,1490.2300,871.1300,135.0000,4,2,1
16.3660,26,95,G26_V95_0,1401.2300,1300.6800,135.0000,1,2,0
16.3660,26,95,G26_V95_1,1266.2300,1435.6800,135.0000,2,2,0
16.3660,26,95,G26_V95_2,1131.2300,1300.6800,135.0000,3,2,1
16.3660,26,95,G26_V95_3,1266.2300,1165.6800,135.0000,4,2,1
16.3668,19,96,G19_V96_0,1718.5675,1099.9619,135.0000,1,2,0
16.3668,19,96,G19_V96_1,1583.5675,1234.9619,135.0000,2,2,0
16.3668,19,96,G19_V96_2,1448.5675,1099.9619,135.0000,3,2,1
16.3668,19,96,G19_V96_3,1583.5675,964.9619,135.0000,4,2,1
16.3705,10,101,G10_V101_0,1553.0700,805.7800,135.0000,1,2,0
16.3705,10,101,G10_V101_1,1418.0700,940.7800,135.0000,2,2,0
16.3705,10,101,G10_V101_2,1283.0700,805.7800,135.0000,3,2,1
16.3705,10,101,G10_V101_3,1418.0700,670.7800,135.0000,4,2,1
16.3771,11,110,G11_V110_0,1645.8796,731.7279,135.0000,1,2,0
16.3771,11,110,G11_V110_1,1510.8796,866.7279,135.0000,2,2,0
16.3771,11,110,G11_V110_2,1375.8796,731.7279,135.0000,3,2,1
16.3771,11,110,G11_V110_3,1510.8796,596.7279,135.0000,4,2,1
16.3816,28,116,G28_V116_0,1838.5616,1278.2929,135.0000,1,2,0
16.3816,28,116,G28_V116_1,1703.5616,1413.2929,135.0000,2,2,0
16.3816,28,116,G28_V116_2,1568.5616,1278.2929,135.0000,3,2,1
16.3816,28,116,G28_V116_3,1703.5616,1143.2929,135.0000,4,2,1
16.3912,19,129,G19_V129_0,1594.9300,998.1300,135.0000,1,2,0
16.3912,19,129,G19_V129_1,1459.9300,1133.1300,135.0000,2,2,0
16.3912,19,129,G19_V129_2,1324.9300,998.1300,135.0000,3,2,1
16.3912,19,129,G19_V129_3,1459.9300,863.1300,135.0000,4,2,1
16.3919,45,130,G45_V130_0,2225.1493,1871.4222,135.0000,1,2,0
16.3919,45,130,G45_V130_1,2090.1493,2006.4222,135.0000,2,2,0
16.3919,45,130,G45_V130_2,1955.1493,1871.4222,135.0000,3,2,1
16.3919,45,130,G45_V130_3,2090.1493,1736.4222,135.0000,4,2,1
16.4023,27,9,G27_V9_0,1635.3467,1358.1539,135.0000,1,2,0
16.4023,27,9,G27_V9_1,1500.3467,1493.1539,135.0000,2,2,0
16.4023,27,9,G27_V9_2,1365.3467,1358.1539,135.0000,3,2,1
16.4023,27,9,G27_V9_3,1500.3467,1223.1539,135.0000,4,2,1
16.4038,12,11,G12_V11_0,2001.7116,858.8572,135.0000,1,2,0
16.4038,12,11,G12_V11_1,1866.7116,993.8572,135.0000,2,2,0
16.4038,12,11,G12_V11_2,1731.7116,858.8572,135.0000,3,2,1
16.4038,12,11,G12_V11_3,1866.7116,723.8572,135.0000,4,2,1
16.4134,28,24,G28_V24_0,1851.9363,1273.6276,135.0000,1,2,0
16.4134,28,24,G28_V24_1,1716.9363,1408.6276,135.0000,2,2,0
16.4134,28,24,G28_V24_2,1581.9363,1273.6276,135.0000,3,2,1
16.4134,28,24,G28_V24_3,1716.9363,1138.6276,135.0000,4,2,1
16.4149,27,26,G27_V26_0,1633.4784,1355.4298,135.0000,1,2,0
16.4149,27,26,G27_V26_1,1498.4784,1490.4298,135.0000,2,2,0
16.4149,27,26,G27_V26_2,1363.4784,1355.4298,135.0000,3,2,1
16.4149,27,26,G27_V26_3,1498.4784,1220.4298,135.0000,4,2,1
16.4171,27,29,G27_V29_0,1787.1270,1223.5391,135.0000,1,2,0
16.4171,27,29,G27_V29_1,1652.1270,1358.5391,135.0000,2,2,0
16.4171,27,29,G27_V29_2,1517.1270,1223.5391,135.0000,3,2,1
16.4171,27,29,G27_V29_3,1652.1270,1088.5391,135.0000,4,2,1
16.4349,20,53,G20_V53_0,1859.9800,976.0400,135.0000,1,2,0
16.4349,20,53,G20_V53_1,1724.9800,1111.0400,135.0000,2,2,0
16.4349,20,53,G20_V53_2,1589.9800,976.0400,135.0000,3,2,1
16.4349,20,53,G20_V53_3,1724.9800,841.0400,135.0000,4,2,1
16.4371,20,56,G20_V56_0,1920.4900,1041.1400,135.0000,1,2,0
16.4371,20,56,G20_V56_1,1785.4900,1176.1400,135.0000,2,2,0
16.4371,20,56,G20_V56_2,1650.4900,1041.1400,135.0000,3,2,1
16.4371,20,56,G20_V56_3,1785.4900,906.1400,135.0000,4,2,1
16.4401,19,60,G19_V60_0,1632.1500,1007.1400,135.0000,1,2,0
16.4401,19,60,G19_V60_1,1497.1500,1142.1400,135.0000,2,2,0
16.4401,19,60,G19_V60_2,1362.1500,1007.1400,135.0000,3,2,1
16.4401,19,60,G19_V60_3,1497.1500,872.1400,135.0000,4,2,1
16.4438,20,65,G20_V65_0,1854.1300,979.9800,135.0000,1,2,0
16.4438,20,65,G20_V65_1,1719.1300,1114.9800,135.0000,2,2,0
16.4438,20,65,G20_V65_2,1584.1300,979.9800,135.0000,3,2,1
16.4438,20,65,G20_V65_3,1719.1300,844.9800,135.0000,4,2,1
16.4482,18,71,G18_V71_0,1566.3300,994.6300,135.0000,1,2,0
16.4482,18,71,G18_V71_1,1431.3300,1129.6300,135.0000,2,2,0
16.4482,18,71,G18_V71_2,1296.3300,994.6300,135.0000,3,2,1
16.4482,18,71,G18_V71_3,1431.3300,859.6300,135.0000,4,2,1
16.4534,18,78,G18_V78_0,1580.1200,997.3300,135.0000,1,2,0
16.4534,18,78,G18_V78_1,1445.1200,1132.3300,135.0000,2,2,0
16.4534,18,78,G18_V78_2,1310.1200,997.3300,135.0000,3,2,1
16.4534,18,78,G18_V78_3,1445.1200,862.3300,135.0000,4,2,1
16.4542,19,79,G19_V79_0,1724.3331,1109.8513,135.0000,1,2,0
16.4542,19,79,G19_V79_1,1589.3331,1244.8513,135.0000,2,2,0
16.4542,19,79,G19_V79_2,1454.3331,1109.8513,135.0000,3,2,1
16.4542,19,79,G19_V79_3,1589.3331,974.8513,135.0000,4,2,1
16.4645,19,93,G19_V93_0,1625.2300,1006.1300,135.0000,1,2,0
16.4645,19,93,G19_V93_1,1490.2300,1141.1300,135.0000,2,2,0
16.4645,19,93,G19_V93_2,1355.2300,1006.1300,135.0000,3,2,1
16.4645,19,93,G19_V93_3,1490.2300,871.1300,135.0000,4,2,1
16.4660,26,95,G26_V95_0,1401.2300,1300.6800,135.0000,1,2,0
16.4660,26,95,G26_V95_1,1266.2300,1435.6800,135.0000,2,2,0
16.4660,26,95,G26_V95_2,1131.2300,1300.6800,135.0000,3,2,1
16.4660,26,95,G26_V95_3,1266.2300,1165.6800,135.0000,4,2,1
16.4668,19,96,G19_V96_0,1718.6214,1100.0497,135.0000,1,2,0
16.4668,19,96,G19_V96_1,1583.6214,1235.0497,135.0000,2,2,0
16.4668,19,96,G19_V96_2,1448.6214,1100.0497,135.0000,3,2,1
16.4668,19,96,G19_V96_3,1583.6214,965.0497,135.0000,4,2,1
16.4705,10,101,G10_V101_0,1553.0700,805.7800,135.0000,1,2,0
16.4705,10,101,G10_V101_1,1418.0700,940.7800,135.0000,2,2,0
16.4705,10,101,G10_V101_2,1283.0700,805.7800,135.0000,3,2,1
16.4705,10,101,G10_V101_3,1418.0700,670.7800,135.0000,4,2,1
16.4771,11,110,G11_V110_0,1646.1766,730.4171,135.0000,1,2,0
16.4771,11,110,G11_V110_1,1511.1766,865.4171,135.0000,2,2,0
16.4771,11,110,G11_V110_2,1376.1766,730.4171,135.0000,3,2,1
16.4771,11,110,G11_V110_3,1511.1766,595.4171,135.0000,4,2,1
16.4816,28,116,G28_V116_0,1838.3231,1278.3645,135.0000,1,2,0
16.4816,28,116,G28_V116_1,1703.3231,1413.3645,135.0000,2,2,0
16.4816,28,116,G28_V116_2,1568.3231,1278.3645,135.0000,3,2,1
16.4816,28,116,G28_V116_3,1703.3231,1143.3645,135.0000,4,2,1
16.4912,19,129,G19_V129_0,1594.9300,998.1300,135.0000,1,2,0
16.4912,19,129,G19_V129_1,1459.9300,1133.1300,135.0000,2,2,0
16.4912,19,129,G19_V129_2,1324.9300,998.1300,135.0000,3,2,1
16.4912,19,129,G19_V129_3,1459.9300,863.1300,135.0000,4,2,1
16.4920,45,130,G45_V130_0,2224.6923,1871.4202,135.0000,1,2,0
16.4920,45,130,G45_V130_1,2089.6923,2006.4202,135.0000,2,2,0
16.4920,45,130,G45_V130_2,1954.6923,1871.4202,135.0000,3,2,1
16.4920,45,130,G45_V130_3,2089.6923,1736.4202,135.0000,4,2,1
16.5023,27,9,G27_V9_0,1635.1445,1358.2270,135.0000,1,2,0
16.5023,27,9,G27_V9_1,1500.1445,1493.2270,135.0000,2,2,0
16.5023,27,9,G27_V9_2,1365.1445,1358.2270,135.0000,3,2,1
16.5023,27,9,G27_V9_3,1500.1445,1223.2270,135.0000,4,2,1
16.5038,12,11,G12_V11_0,2000.2876,859.6789,135.0000,1,2,0
16.5038,12,11,G12_V11_1,1865.2876,994.6789,135.0000,2,2,0
16.5038,12,11,G12_V11_2,1730.2876,859.6789,135.0000,3,2,1
16.5038,12,11,G12_V11_3,1865.2876,724.6789,135.0000,4,2,1
16.5134,28,24,G28_V24_0,1851.8365,1273.6636,135.0000,1,2,0
16.5134,28,24,G28_V24_1,1716.8365,1408.6636,135.0000,2,2,0
16.5134,28,24,G28_V24_2,1581.8365,1273.6636,135.0000,3,2,1
16.5134,28,24,G28_V24_3,1716.8365,1138.6636,135.0000,4,2,1
16.5149,27,26,G27_V26_0,1633.1718,1355.5406,135.0000,1,2,0
16.5149,27,26,G27_V26_1,1498.1718,1490.5406,135.0000,2,2,0
16.5149,27,26,G27_V26_2,1363.1718,1355.5406,135.0000,3,2,1
16.5149,27,26,G27_V26_3,1498.1718,1220.5406,135.0000,4,2,1
16.5171,27,29,G27_V29_0,1787.3182,1223.9153,135.0000,1,2,0
16.5171,27,29,G27_V29_1,1652.3182,1358.9153,135.0000,2,2,0
16.5171,27,29,G27_V29_2,1517.3182,1223.9153,135.0000,3,2,1
16.5171,27,29,G27_V29_3,1652.3182,1088.9153,135.0000,4,2,1
16.5349,20,53,G20_V53_0,1859.9800,976.0400,135.0000,1,2,0
16.5349,20,53,G20_V53_1,1724.9800,1111.0400,135.0000,2,2,0
16.5349,20,53,G20_V53_2,1589.9800,976.0400,135.0000,3,2,1
16.5349,20,53,G20_V53_3,1724.9800,841.0400,135.0000,4,2,1
16.5371,20,56,G20_V56_0,1920.4900,1041.1400,135.0000,1,2,0
16.5371,20,56,G20_V56_1,1785.4900,1176.1400,135.0000,2,2,0
16.5371,20,56,G20_V56_2,1650.4900,1041.1400,135.0000,3,2,1
16.5371,20,56,G20_V56_3,1785.4900,906.1400,135.0000,4,2,1
16.5401,19,60,G19_V60_0,1632.1500,1007.1400,135.0000,1,2,0
16.5401,19,60,G19_V60_1,1497.1500,1142.1400,135.0000,2,2,0
16.5401,19,60,G19_V60_2,1362.1500,1007.1400,135.0000,3,2,1
16.5401,19,60,G19_V60_3,1497.1500,872.1400,135.0000,4,2,1
16.5438,20,65,G20_V65_0,1854.1300,979.9800,135.0000,1,2,0
16.5438,20,65,G20_V65_1,1719.1300,1114.9800,135.0000,2,2,0
16.5438,20,65,G20_V65_2,1584.1300,979.9800,135.0000,3,2,1
16.5438,20,65,G20_V65_3,1719.1300,844.9800,135.0000,4,2,1
16.5482,18,71,G18_V71_0,1566.3300,994.6300,135.0000,1,2,0
16.5482,18,71,G18_V71_1,1431.3300,1129.6300,135.0000,2,2,0
16.5482,18,71,G18_V71_2,1296.3300,994.6300,135.0000,3,2,1
16.5482,18,71,G18_V71_3,1431.3300,859.6300,135.0000,4,2,1
16.5534,18,78,G18_V78_0,1580.1200,997.3300,135.0000,1,2,0
16.5534,18,78,G18_V78_1,1445.1200,1132.3300,135.0000,2,2,0
16.5534,18,78,G18_V78_2,1310.1200,997.3300,135.0000,3,2,1
16.5534,18,78,G18_V78_3,1445.1200,862.3300,135.0000,4,2,1
16.5542,19,79,G19_V79_0,1724.5738,1110.2986,135.0000,1,2,0
16.5542,19,79,G19_V79_1,1589.5738,1245.2986,135.0000,2,2,0
16.5542,19,79,G19_V79_2,1454.5738,1110.2986,135.0000,3,2,1
16.5542,19,79,G19_V79_3,1589.5738,975.2986,135.0000,4,2,1
16.5645,19,93,G19_V93_0,1625.2300,1006.1300,135.0000,1,2,0
16.5645,19,93,G19_V93_1,1490.2300,1141.1300,135.0000,2,2,0
16.5645,19,93,G19_V93_2,1355.2300,1006.1300,135.0000,3,2,1
16.5645,19,93,G19_V93_3,1490.2300,871.1300,135.0000,4,2,1
16.5660,26,95,G26_V95_0,1401.2300,1300.6800,135.0000,1,2,0
16.5660,26,95,G26_V95_1,1266.2300,1435.6800,135.0000,2,2,0
16.5660,26,95,G26_V95_2,1131.2300,1300.6800,135.0000,3,2,1
16.5660,26,95,G26_V95_3,1266.2300,1165.6800,135.0000,4,2,1
16.5668,19,96,G19_V96_0,1718.6753,1100.1375,135.0000,1,2,0
16.5668,19,96,G19_V96_1,1583.6753,1235.1375,135.0000,2,2,0
16.5668,19,96,G19_V96_2,1448.6753,1100.1375,135.0000,3,2,1
16.5668,19,96,G19_V96_3,1583.6753,965.1375,135.0000,4,2,1
16.5705,10,101,G10_V101_0,1553.0700,805.7800,135.0000,1,2,0
16.5705,10,101,G10_V101_1,1418.0700,940.7800,135.0000,2,2,0
16.5705,10,101,G10_V101_2,1283.0700,805.7800,135.0000,3,2,1
16.5705,10,101,G10_V101_3,1418.0700,670.7800,135.0000,4,2,1
16.5771,11,110,G11_V110_0,1646.4735,729.1063,135.0000,1,2,0
16.5771,11,110,G11_V110_1,1511.4735,864.1063,135.0000,2,2,0
16.5771,11,110,G11_V110_2,1376.4735,729.1063,135.0000,3,2,1
16.5771,11,110,G11_V110_3,1511.4735,594.1063,135.0000,4,2,1
16.5816,28,116,G28_V116_0,1838.0846,1278.4362,135.0000,1,2,0
16.5816,28,116,G28_V116_1,1703.0846,1413.4362,135.0000,2,2,0
16.5816,28,116,G28_V116_2,1568.0846,1278.4362,135.0000,3,2,1
16.5816,28,116,G28_V116_3,1703.0846,1143.4362,135.0000,4,2,1
16.5912,19,129,G19_V129_0,1594.9300,998.1300,135.0000,1,2,0
16.5912,19,129,G19_V129_1,1459.9300,1133.1300,135.0000,2,2,0
16.5912,19,129,G19_V129_2,1324.9300,998.1300,135.0000,3,2,1
16.5912,19,129,G19_V129_3,1459.9300,863.1300,135.0000,4,2,1
16.5919,45,130,G45_V130_0,2224.2354,1871.4182,135.0000,1,2,0
16.5919,45,130,G45_V130_1,2089.2354,2006.4182,135.0000,2,2,0
16.5919,45,130,G45_V130_2,1954.2354,1871.4182,135.0000,3,2,1
16.5919,45,130,G45_V130_3,2089.2354,1736.4182,135.0000,4,2,1
16.6023,27,9,G27_V9_0,1634.9423,1358.3001,135.0000,1,2,0
16.6023,27,9,G27_V9_1,1499.9423,1493.3001,135.0000,2,2,0
16.6023,27,9,G27_V9_2,1364.9423,1358.3001,135.0000,3,2,1
16.6023,27,9,G27_V9_3,1499.9423,1223.3001,135.0000,4,2,1
16.6038,12,11,G12_V11_0,1998.8637,860.5006,135.0000,1,2,0
16.6038,12,11,G12_V11_1,1863.8637,995.5006,135.0000,2,2,0
16.6038,12,11,G12_V11_2,1728.8637,860.5006,135.0000,3,2,1
16.6038,12,11,G12_V11_3,1863.8637,725.5006,135.0000,4,2,1
16.6134,28,24,G28_V24_0,1851.7368,1273.6996,135.0000,1,2,0
16.6134,28,24,G28_V24_1,1716.7368,1408.6996,135.0000,2,2,0
16.6134,28,24,G28_V24_2,1581.7368,1273.6996,135.0000,3,2,1
16.6134,28,24,G28_V24_3,1716.7368,1138.6996,135.0000,4,2,1
16.6149,27,26,G27_V26_0,1632.8653,1355.6515,135.0000,1,2,0
16.6149,27,26,G27_V26_1,1497.8653,1490.6515,135.0000,2,2,0
16.6149,27,26,G27_V26_2,1362.8653,1355.6515,135.0000,3,2,1
16.6149,27,26,G27_V26_3,1497.8653,1220.6515,135.0000,4,2,1
16.6171,27,29,G27_V29_0,1787.5093,1224.2915,135.0000,1,2,0
16.6171,27,29,G27_V29_1,1652.5093,1359.2915,135.0000,2,2,0
16.6171,27,29,G27_V29_2,1517.5093,1224.2915,135.0000,3,2,1
16.6171,27,29,G27_V29_3,1652.5093,1089.2915,135.0000,4,2,1
16.6349,20,53,G20_V53_0,1859.9800,976.0400,135.0000,1,2,0
16.6349,20,53,G20_V53_1,1724.9800,1111.0400,135.0000,2,2,0
16.6349,20,53,G20_V53_2,1589.9800,976.0400,135.0000,3,2,1
16.6349,20,53,G20_V53_3,1724.9800,841.0400,135.0000,4,2,1
16.6371,20,56,G20_V56_0,1920.4900,1041.1400,135.0000,1,2,0
16.6371,20,56,G20_V56_1,1785.4900,1176.1400,135.0000,2,2,0
16.6371,20,56,G20_V56_2,1650.4900,1041.1400,135.0000,3,2,1
16.6371,20,56,G20_V56_3,1785.4900,906.1400,135.0000,4,2,1
16.6401,19,60,G19_V60_0,1632.1500,1007.1400,135.0000,1,2,0
16.6401,19,60,G19_V60_1,1497.1500,1142.1400,135.0000,2,2,0
16.6401,19,60,G19_V60_2,1362.1500,1007.1400,135.0000,3,2,1
16.6401,19,60,G19_V60_3,1497.1500,872.1400,135.0000,4,2,1
16.6438,20,65,G20_V65_0,1854.1300,979.9800,135.0000,1,2,0
16.6438,20,65,G20_V65_1,1719.1300,1114.9800,135.0000,2,2,0
16.6438,20,65,G20_V65_2,1584.1300,979.9800,135.0000,3,2,1
16.6438,20,65,G20_V65_3,1719.1300,844.9800,135.0000,4,2,1
16.6482,18,71,G18_V71_0,1566.3300,994.6300,135.0000,1,2,0
16.6482,18,71,G18_V71_1,1431.3300,1129.6300,135.0000,2,2,0
16.6482,18,71,G18_V71_2,1296.3300,994.6300,135.0000,3,2,1
16.6482,18,71,G18_V71_3,1431.3300,859.6300,135.0000,4,2,1
16.6534,18,78,G18_V78_0,1580.1200,997.3300,135.0000,1,2,0
16.6534,18,78,G18_V78_1,1445.1200,1132.3300,135.0000,2,2,0
16.6534,18,78,G18_V78_2,1310.1200,997.3300,135.0000,3,2,1
16.6534,18,78,G18_V78_3,1445.1200,862.3300,135.0000,4,2,1
16.6542,19,79,G19_V79_0,1724.8145,1110.7460,135.0000,1,2,0
16.6542,19,79,G19_V79_1,1589.8145,1245.7460,135.0000,2,2,0
16.6542,19,79,G19_V79_2,1454.8145,1110.7460,135.0000,3,2,1
16.6542,19,79,G19_V79_3,1589.8145,975.7460,135.0000,4,2,1
16.6645,19,93,G19_V93_0,1625.2300,1006.1300,135.0000,1,2,0
16.6645,19,93,G19_V93_1,1490.2300,1141.1300,135.0000,2,2,0
16.6645,19,93,G19_V93_2,1355.2300,1006.1300,135.0000,3,2,1
16.6645,19,93,G19_V93_3,1490.2300,871.1300,135.0000,4,2,1
16.6660,26,95,G26_V95_0,1401.2300,1300.6800,135.0000,1,2,0
16.6660,26,95,G26_V95_1,1266.2300,1435.6800,135.0000,2,2,0
16.6660,26,95,G26_V95_2,1131.2300,1300.6800,135.0000,3,2,1
16.6660,26,95,G26_V95_3,1266.2300,1165.6800,135.0000,4,2,1
16.6668,19,96,G19_V96_0,1718.7291,1100.2253,135.0000,1,2,0
16.6668,19,96,G19_V96_1,1583.7291,1235.2253,135.0000,2,2,0
16.6668,19,96,G19_V96_2,1448.7291,1100.2253,135.0000,3,2,1
16.6668,19,96,G19_V96_3,1583.7291,965.2253,135.0000,4,2,1
16.6705,10,101,G10_V101_0,1553.0700,805.7800,135.0000,1,2,0
16.6705,10,101,G10_V101_1,1418.0700,940.7800,135.0000,2,2,0
16.6705,10,101,G10_V101_2,1283.0700,805.7800,135.0000,3,2,1
16.6705,10,101,G10_V101_3,1418.0700,670.7800,135.0000,4,2,1
16.6771,11,110,G11_V110_0,1646.7705,727.7955,135.0000,1,2,0
16.6771,11,110,G11_V110_1,1511.7705,862.7955,135.0000,2,2,0
16.6771,11,110,G11_V110_2,1376.7705,727.7955,135.0000,3,2,1
16.6771,11,110,G11_V110_3,1511.7705,592.7955,135.0000,4,2,1
16.6816,28,116,G28_V116_0,1837.8462,1278.5078,135.0000,1,2,0
16.6816,28,116,G28_V116_1,1702.8462,1413.5078,135.0000,2,2,0
16.6816,28,116,G28_V116_2,1567.8462,1278.5078,135.0000,3,2,1
16.6816,28,116,G28_V116_3,1702.8462,1143.5078,135.0000,4,2,1
16.6912,19,129,G19_V129_0,1594.9300,998.1300,135.0000,1,2,0
16.6912,19,129,G19_V129_1,1459.9300,1133.1300,135.0000,2,2,0
16.6912,19,129,G19_V129_2,1324.9300,998.1300,135.0000,3,2,1
16.6912,19,129,G19_V129_3,1459.9300,863.1300,135.0000,4,2,1
16.6919,45,130,G45_V130_0,2223.7784,1871.4162,135.0000,1,2,0
16.6919,45,130,G45_V130_1,2088.7784,2006.4162,135.0000,2,2,0
16.6919,45,130,G45_V130_2,1953.7784,1871.4162,135.0000,3,2,1
16.6919,45,130,G45_V130_3,2088.7784,1736.4162,135.0000,4,2,1
16.7023,27,9,G27_V9_0,1634.7401,1358.3731,135.0000,1,2,0
16.7023,27,9,G27_V9_1,1499.7401,1493.3731,135.0000,2,2,0
16.7023,27,9,G27_V9_2,1364.7401,1358.3731,135.0000,3,2,1
16.7023,27,9,G27_V9_3,1499.7401,1223.3731,135.0000,4,2,1
16.7038,12,11,G12_V11_0,1997.4398,861.3223,135.0000,1,2,0
16.7038,12,11,G12_V11_1,1862.4398,996.3223,135.0000,2,2,0
16.7038,12,11,G12_V11_2,1727.4398,861.3223,135.0000,3,2,1
16.7038,12,11,G12_V11_3,1862.4398,726.3223,135.0000,4,2,1
16.7134,28,24,G28_V24_0,1851.6371,1273.7356,135.0000,1,2,0
16.7134,28,24,G28_V24_1,1716.6371,1408.7356,135.0000,2,2,0
16.7134,28,24,G28_V24_2,1581.6371,1273.7356,135.0000,3,2,1
16.7134,28,24,G28_V24_3,1716.6371,1138.7356,135.0000,4,2,1
16.7149,27,26,G27_V26_0,1632.5587,1355.7623,135.0000,1,2,0
16.7149,27,26,G27_V26_1,1497.5587,1490.7623,135.0000,2,2,0
16.7149,27,26,G27_V26_2,1362.5587,1355.7623,135.0000,3,2,1
16.7149,27,26,G27_V26_3,1497.5587,1220.7623,135.0000,4,2,1
16.7171,27,29,G27_V29_0,1787.7004,1224.6678,135.0000,1,2,0
16.7171,27,29,G27_V29_1,1652.7004,1359.6678,135.0000,2,2,0
16.7171,27,29,G27_V29_2,1517.7004,1224.6678,135.0000,3,2,1
16.7171,27,29,G27_V29_3,1652.7004,1089.6678,135.0000,4,2,1
16.7349,20,53,G20_V53_0,1859.9800,976.0400,135.0000,1,2,0
16.7349,20,53,G20_V53_1,1724.9800,1111.0400,135.0000,2,2,0
16.7349,20,53,G20_V53_2,1589.9800,976.0400,135.0000,3,2,1
16.7349,20,53,G20_V53_3,1724.9800,841.0400,135.0000,4,2,1
16.7371,20,56,G20_V56_0,1920.4900,1041.1400,135.0000,1,2,0
16.7371,20,56,G20_V56_1,1785.4900,1176.1400,135.0000,2,2,0
16.7371,20,56,G20_V56_2,1650.4900,1041.1400,135.0000,3,2,1
16.7371,20,56,G20_V56_3,1785.4900,906.1400,135.0000,4,2,1
16.7401,19,60,G19_V60_0,1632.1500,1007.1400,135.0000,1,2,0
16.7401,19,60,G19_V60_1,1497.1500,1142.1400,135.0000,2,2,0
16.7401,19,60,G19_V60_2,1362.1500,1007.1400,135.0000,3,2,1
16.7401,19,60,G19_V60_3,1497.1500,872.1400,135.0000,4,2,1
16.7438,20,65,G20_V65_0,1854.1300,979.9800,135.0000,1,2,0
16.7438,20,65,G20_V65_1,1719.1300,1114.9800,135.0000,2,2,0
16.7438,20,65,G20_V65_2,1584.1300,979.9800,135.0000,3,2,1
16.7438,20,65,G20_V65_3,1719.1300,844.9800,135.0000,4,2,1
16.7482,18,71,G18_V71_0,1566.3300,994.6300,135.0000,1,2,0
16.7482,18,71,G18_V71_1,1431.3300,1129.6300,135.0000,2,2,0
16.7482,18,71,G18_V71_2,1296.3300,994.6300,135.0000,3,2,1
16.7482,18,71,G18_V71_3,1431.3300,859.6300,135.0000,4,2,1
16.7534,18,78,G18_V78_0,1580.1200,997.3300,135.0000,1,2,0
16.7534,18,78,G18_V78_1,1445.1200,1132.3300,135.0000,2,2,0
16.7534,18,78,G18_V78_2,1310.1200,997.3300,135.0000,3,2,1
16.7534,18,78,G18_V78_3,1445.1200,862.3300,135.0000,4,2,1
16.7542,19,79,G19_V79_0,1725.0552,1111.1933,135.0000,1,2,0
16.7542,19,79,G19_V79_1,1590.0552,1246.1933,135.0000,2,2,0
16.7542,19,79,G19_V79_2,1455.0552,1111.1933,135.0000,3,2,1
16.7542,19,79,G19_V79_3,1590.0552,976.1933,135.0000,4,2,1
16.7645,19,93,G19_V93_0,1625.2300,1006.1300,135.0000,1,2,0
16.7645,19,93,G19_V93_1,1490.2300,1141.1300,135.0000,2,2,0
16.7645,19,93,G19_V93_2,1355.2300,1006.1300,135.0000,3,2,1
16.7645,19,93,G19_V93_3,1490.2300,871.1300,135.0000,4,2,1
16.7660,26,95,G26_V95_0,1401.2300,1300.6800,135.0000,1,2,0
16.7660,26,95,G26_V95_1,1266.2300,1435.6800,135.0000,2,2,0
16.7660,26,95,G26_V95_2,1131.2300,1300.6800,135.0000,3,2,1
16.7660,26,95,G26_V95_3,1266.2300,1165.6800,135.0000,4,2,1
16.7668,19,96,G19_V96_0,1718.7830,1100.3131,135.0000,1,2,0
16.7668,19,96,G19_V96_1,1583.7830,1235.3131,135.0000,2,2,0
16.7668,19,96,G19_V96_2,1448.7830,1100.3131,135.0000,3,2,1
16.7668,19,96,G19_V96_3,1583.7830,965.3131,135.0000,4,2,1
16.7705,10,101,G10_V101_0,1553.0700,805.7800,135.0000,1,2,0
16.7705,10,101,G10_V101_1,1418.0700,940.7800,135.0000,2,2,0
16.7705,10,101,G10_V101_2,1283.0700,805.7800,135.0000,3,2,1
16.7705,10,101,G10_V101_3,1418.0700,670.7800,135.0000,4,2,1
16.7771,11,110,G11_V110_0,1647.0674,726.4847,135.0000,1,2,0
16.7771,11,110,G11_V110_1,1512.0674,861.4847,135.0000,2,2,0
16.7771,11,110,G11_V110_2,1377.0674,726.4847,135.0000,3,2,1
16.7771,11,110,G11_V110_3,1512.0674,591.4847,135.0000,4,2,1
16.7816,28,116,G28_V116_0,1837.6077,1278.5794,135.0000,1,2,0
16.7816,28,116,G28_V116_1,1702.6077,1413.5794,135.0000,2,2,0
16.7816,28,116,G28_V116_2,1567.6077,1278.5794,135.0000,3,2,1
16.7816,28,116,G28_V116_3,1702.6077,1143.5794,135.0000,4,2,1
16.7912,19,129,G19_V129_0,1594.9300,998.1300,135.0000,1,2,0
16.7912,19,129,G19_V129_1,1459.9300,1133.1300,135.0000,2,2,0
16.7912,19,129,G19_V129_2,1324.9300,998.1300,135.0000,3,2,1
16.7912,19,129,G19_V129_3,1459.9300,863.1300,135.0000,4,2,1
16.7919,45,130,G45_V130_0,2223.3214,1871.4142,135.0000,1,2,0
16.7919,45,130,G45_V130_1,2088.3214,2006.4142,135.0000,2,2,0
16.7919,45,130,G45_V130_2,1953.3214,1871.4142,135.0000,3,2,1
16.7919,45,130,G45_V130_3,2088.3214,1736.4142,135.0000,4,2,1
16.8023,27,9,G27_V9_0,1634.5379,1358.4462,135.0000,1,2,0
16.8023,27,9,G27_V9_1,1499.5379,1493.4462,135.0000,2,2,0
16.8023,27,9,G27_V9_2,1364.5379,1358.4462,135.0000,3,2,1
16.8023,27,9,G27_V9_3,1499.5379,1223.4462,135.0000,4,2,1
16.8038,12,11,G12_V11_0,1996.0159,862.1439,135.0000,1,2,0
16.8038,12,11,G12_V11_1,1861.0159,997.1439,135.0000,2,2,0
16.8038,12,11,G12_V11_2,1726.0159,862.1439,135.0000,3,2,1
16.8038,12,11,G12_V11_3,1861.0159,727.1439,135.0000,4,2,1
16.8134,28,24,G28_V24_0,1851.5374,1273.7715,135.0000,1,2,0
16.8134,28,24,G28_V24_1,1716.5374,1408.7715,135.0000,2,2,0
16.8134,28,24,G28_V24_2,1581.5374,1273.7715,135.0000,3,2,1
16.8134,28,24,G28_V24_3,1716.5374,1138.7715,135.0000,4,2,1
16.8149,27,26,G27_V26_0,1632.2521,1355.8731,135.0000,1,2,0
16.8149,27,26,G27_V26_1,1497.2521,1490.8731,135.0000,2,2,0
16.8149,27,26,G27_V26_2,1362.2521,1355.8731,135.0000,3,2,1
16.8149,27,26,G27_V26_3,1497.2521,1220.8731,135.0000,4,2,1
16.8171,27,29,G27_V29_0,1787.8915,1225.0440,135.0000,1,2,0
16.8171,27,29,G27_V29_1,1652.8915,1360.0440,135.0000,2,2,0
16.8171,27,29,G27_V29_2,1517.8915,1225.0440,135.0000,3,2,1
16.8171,27,29,G27_V29_3,1652.8915,1090.0440,135.0000,4,2,1
16.8349,20,53,G20_V53_0,1859.9800,976.0400,135.0000,1,2,0
16.8349,20,53,G20_V53_1,1724.9800,1111.0400,135.0000,2,2,0
16.8349,20,53,G20_V53_2,1589.9800,976.0400,135.0000,3,2,1
16.8349,20,53,G20_V53_3,1724.9800,841.0400,135.0000,4,2,1
16.8371,20,56,G20_V56_0,1920.4900,1041.1400,135.0000,1,2,0
16.8371,20,56,G20_V56_1,1785.4900,1176.1400,135.0000,2,2,0
16.8371,20,56,G20_V56_2,1650.4900,1041.1400,135.0000,3,2,1
16.8371,20,56,G20_V56_3,1785.4900,906.1400,135.0000,4,2,1
16.8401,19,60,G19_V60_0,1632.1500,1007.1400,135.0000,1,2,0
16.8401,19,60,G19_V60_1,1497.1500,1142.1400,135.0000,2,2,0
16.8401,19,60,G19_V60_2,1362.1500,1007.1400,135.0000,3,2,1
16.8401,19,60,G19_V60_3,1497.1500,872.1400,135.0000,4,2,1
16.8438,20,65,G20_V65_0,1854.1300,979.9800,135.0000,1,2,0
16.8438,20,65,G20_V65_1,1719.1300,1114.9800,135.0000,2,2,0
16.8438,20,65,G20_V65_2,1584.1300,979.9800,135.0000,3,2,1
16.8438,20,65,G20_V65_3,1719.1300,844.9800,135.0000,4,2,1
16.8482,18,71,G18_V71_0,1566.3300,994.6300,135.0000,1,2,0
16.8482,18,71,G18_V71_1,1431.3300,1129.6300,135.0000,2,2,0
16.8482,18,71,G18_V71_2,1296.3300,994.6300,135.0000,3,2,1
16.8482,18,71,G18_V71_3,1431.3300,859.6300,135.0000,4,2,1
16.8534,18,78,G18_V78_0,1580.1200,997.3300,135.0000,1,2,0
16.8534,18,78,G18_V78_1,1445.1200,1132.3300,135.0000,2,2,0
16.8534,18,78,G18_V78_2,1310.1200,997.3300,135.0000,3,2,1
16.8534,18,78,G18_V78_3,1445.1200,862.3300,135.0000,4,2,1
16.8542,19,79,G19_V79_0,1725.2960,1111.6406,135.0000,1,2,0
16.8542,19,79,G19_V79_1,1590.2960,1246.6406,135.0000,2,2,0
16.8542,19,79,G19_V79_2,1455.2960,1111.6406,135.0000,3,2,1
16.8542,19,79,G19_V79_3,1590.2960,976.6406,135.0000,4,2,1
16.8645,19,93,G19_V93_0,1625.2300,1006.1300,135.0000,1,2,0
16.8645,19,93,G19_V93_1,1490.2300,1141.1300,135.0000,2,2,0
16.8645,19,93,G19_V93_2,1355.2300,1006.1300,135.0000,3,2,1
16.8645,19,93,G19_V93_3,1490.2300,871.1300,135.0000,4,2,1
16.8660,26,95,G26_V95_0,1401.2300,1300.6800,135.0000,1,2,0
16.8660,26,95,G26_V95_1,1266.2300,1435.6800,135.0000,2,2,0
16.8660,26,95,G26_V95_2,1131.2300,1300.6800,135.0000,3,2,1
16.8660,26,95,G26_V95_3,1266.2300,1165.6800,135.0000,4,2,1
16.8668,19,96,G19_V96_0,1718.8369,1100.4008,135.0000,1,2,0
16.8668,19,96,G19_V96_1,1583.8369,1235.4008,135.0000,2,2,0
16.8668,19,96,G19_V96_2,1448.8369,1100.4008,135.0000,3,2,1
16.8668,19,96,G19_V96_3,1583.8369,965.4008,135.0000,4,2,1
16.8705,10,101,G10_V101_0,1553.0700,805.7800,135.0000,1,2,0
16.8705,10,101,G10_V101_1,1418.0700,940.7800,135.0000,2,2,0
16.8705,10,101,G10_V101_2,1283.0700,805.7800,135.0000,3,2,1
16.8705,10,101,G10_V101_3,1418.0700,670.7800,135.0000,4,2,1
16.8771,11,110,G11_V110_0,1647.3644,725.1739,135.0000,1,2,0
16.8771,11,110,G11_V110_1,1512.3644,860.1739,135.0000,2,2,0
16.8771,11,110,G11_V110_2,1377.3644,725.1739,135.0000,3,2,1
16.8771,11,110,G11_V110_3,1512.3644,590.1739,135.0000,4,2,1
16.8816,28,116,G28_V116_0,1837.3692,1278.6511,135.0000,1,2,0
16.8816,28,116,G28_V116_1,1702.3692,1413.6511,135.0000,2,2,0
16.8816,28,116,G28_V116_2,1567.3692,1278.6511,135.0000,3,2,1
16.8816,28,116,G28_V116_3,1702.3692,1143.6511,135.0000,4,2,1
16.8912,19,129,G19_V129_0,1594.9300,998.1300,135.0000,1,2,0
16.8912,19,129,G19_V129_1,1459.9300,1133.1300,135.0000,2,2,0
16.8912,19,129,G19_V129_2,1324.9300,998.1300,135.0000,3,2,1
16.8912,19,129,G19_V129_3,1459.9300,863.1300,135.0000,4,2,1
16.8920,45,130,G45_V130_0,2222.8644,1871.4122,135.0000,1,2,0
16.8920,45,130,G45_V130_1,2087.8644,2006.4122,135.0000,2,2,0
16.8920,45,130,G45_V130_2,1952.8644,1871.4122,135.0000,3,2,1
16.8920,45,130,G45_V130_3,2087.8644,1736.4122,135.0000,4,2,1
16.9023,27,9,G27_V9_0,1634.3357,1358.5193,135.0000,1,2,0
16.9023,27,9,G27_V9_1,1499.3357,1493.5193,135.0000,2,2,0
16.9023,27,9,G27_V9_2,1364.3357,1358.5193,135.0000,3,2,1
16.9023,27,9,G27_V9_3,1499.3357,1223.5193,135.0000,4,2,1
16.9038,12,11,G12_V11_0,1994.5919,862.9656,135.0000,1,2,0
16.9038,12,11,G12_V11_1,1859.5919,997.9656,135.0000,2,2,0
16.9038,12,11,G12_V11_2,1724.5919,862.9656,135.0000,3,2,1
16.9038,12,11,G12_V11_3,1859.5919,727.9656,135.0000,4,2,1
16.9134,28,24,G28_V24_0,1851.4377,1273.8075,135.0000,1,2,0
16.9134,28,24,G28_V24_1,1716.4377,1408.8075,135.0000,2,2,0
16.9134,28,24,G28_V24_2,1581.4377,1273.8075,135.0000,3,2,1
16.9134,28,24,G28_V24_3,1716.4377,1138.8075,135.0000,4,2,1
16.9149,27,26,G27_V26_0,1631.9455,1355.9840,135.0000,1,2,0
16.9149,27,26,G27_V26_1,1496.9455,1490.9840,135.0000,2,2,0
16.9149,27,26,G27_V26_2,1361.9455,1355.9840,135.0000,3,2,1
16.9149,27,26,G27_V26_3,1496.9455,1220.9840,135.0000,4,2,1
16.9171,27,29,G27_V29_0,1788.0827,1225.4203,135.0000,1,2,0
16.9171,27,29,G27_V29_1,1653.0827,1360.4203,135.0000,2,2,0
16.9171,27,29,G27_V29_2,1518.0827,1225.4203,135.0000,3,2,1
16.9171,27,29,G27_V29_3,1653.0827,1090.4203,135.0000,4,2,1
16.9349,20,53,G20_V53_0,1859.9800,976.0400,135.0000,1,2,0
16.9349,20,53,G20_V53_1,1724.9800,1111.0400,135.0000,2,2,0
16.9349,20,53,G20_V53_2,1589.9800,976.0400,135.0000,3,2,1
16.9349,20,53,G20_V53_3,1724.9800,841.0400,135.0000,4,2,1
16.9371,20,56,G20_V56_0,1920.4900,1041.1400,135.0000,1,2,0
16.9371,20,56,G20_V56_1,1785.4900,1176.1400,135.0000,2,2,0
16.9371,20,56,G20_V56_2,1650.4900,1041.1400,135.0000,3,2,1
16.9371,20,56,G20_V56_3,1785.4900,906.1400,135.0000,4,2,1
16.9401,19,60,G19_V60_0,1632.1500,1007.1400,135.0000,1,2,0
16.9401,19,60,G19_V60_1,1497.1500,1142.1400,135.0000,2,2,0
16.9401,19,60,G19_V60_2,1362.1500,1007.1400,135.0000,3,2,1
16.9401,19,60,G19_V60_3,1497.1500,872.1400,135.0000,4,2,1
16.9438,20,65,G20_V65_0,1854.1300,979.9800,135.0000,1,2,0
16.9438,20,65,G20_V65_1,1719.1300,1114.9800,135.0000,2,2,0
16.9438,20,65,G20_V65_2,1584.1300,979.9800,135.0000,3,2,1
16.9438,20,65,G20_V65_3,1719.1300,844.9800,135.0000,4,2,1
16.9482,18,71,G18_V71_0,1566.3300,994.6300,135.0000,1,2,0
16.9482,18,71,G18_V71_1,1431.3300,1129.6300,135.0000,2,2,0
16.9482,18,71,G18_V71_2,1296.3300,994.6300,135.0000,3,2,1
16.9482,18,71,G18_V71_3,1431.3300,859.6300,135.0000,4,2,1
16.9534,18,78,G18_V78_0,1580.1200,997.3300,135.0000,1,2,0
16.9534,18,78,G18_V78_1,1445.1200,1132.3300,135.0000,2,2,0
16.9534,18,78,G18_V78_2,1310.1200,997.3300,135.0000,3,2,1
16.9534,18,78,G18_V78_3,1445.1200,862.3300,135.0000,4,2,1
16.9542,19,79,G19_V79_0,1725.5367,1112.0880,135.0000,1,2,0
16.9542,19,79,G19_V79_1,1590.5367,1247.0880,135.0000,2,2,0
16.9542,19,79,G19_V79_2,1455.5367,1112.0880,135.0000,3,2,1
16.9542,19,79,G19_V79_3,1590.5367,977.0880,135.0000,4,2,1
16.9645,19,93,G19_V93_0,1625.2300,1006.1300,135.0000,1,2,0
16.9645,19,93,G19_V93_1,1490.2300,1141.1300,135.0000,2,2,0
16.9645,19,93,G19_V93_2,1355.2300,1006.1300,135.0000,3,2,1
16.9645,19,93,G19_V93_3,1490.2300,871.1300,135.0000,4,2,1
16.9660,26,95,G26_V95_0,1401.2300,1300.6800,135.0000,1,2,0
16.9660,26,95,G26_V95_1,1266.2300,1435.6800,135.0000,2,2,0
16.9660,26,95,G26_V95_2,1131.2300,1300.6800,135.0000,3,2,1
16.9660,26,95,G26_V95_3,1266.2300,1165.6800,135.0000,4,2,1
16.9668,19,96,G19_V96_0,1718.8907,1100.4886,135.0000,1,2,0
16.9668,19,96,G19_V96_1,1583.8907,1235.4886,135.0000,2,2,0
16.9668,19,96,G19_V96_2,1448.8907,1100.4886,135.0000,3,2,1
16.9668,19,96,G19_V96_3,1583.8907,965.4886,135.0000,4,2,1
16.9705,10,101,G10_V101_0,1553.0700,805.7800,135.0000,1,2,0
16.9705,10,101,G10_V101_1,1418.0700,940.7800,135.0000,2,2,0
16.9705,10,101,G10_V101_2,1283.0700,805.7800,135.0000,3,2,1
16.9705,10,101,G10_V101_3,1418.0700,670.7800,135.0000,4,2,1
16.9771,11,110,G11_V110_0,1647.6613,723.8631,135.0000,1,2,0
16.9771,11,110,G11_V110_1,1512.6613,858.8631,135.0000,2,2,0
16.9771,11,110,G11_V110_2,1377.6613,723.8631,135.0000,3,2,1
16.9771,11,110,G11_V110_3,1512.6613,588.8631,135.0000,4,2,1
16.9816,28,116,G28_V116_0,1837.1308,1278.7227,135.0000,1,2,0
16.9816,28,116,G28_V116_1,1702.1308,1413.7227,135.0000,2,2,0
16.9816,28,116,G28_V116_2,1567.1308,1278.7227,135.0000,3,2,1
16.9816,28,116,G28_V116_3,1702.1308,1143.7227,135.0000,4,2,1
16.9912,19,129,G19_V129_0,1594.9300,998.1300,135.0000,1,2,0
16.9912,19,129,G19_V129_1,1459.9300,1133.1300,135.0000,2,2,0
16.9912,19,129,G19_V129_2,1324.9300,998.1300,135.0000,3,2,1
16.9912,19,129,G19_V129_3,1459.9300,863.1300,135.0000,4,2,1
16.9919,45,130,G45_V130_0,2222.4074,1871.4102,135.0000,1,2,0
16.9919,45,130,G45_V130_1,2087.4074,2006.4102,135.0000,2,2,0
16.9919,45,130,G45_V130_2,1952.4074,1871.4102,135.0000,3,2,1
16.9919,45,130,G45_V130_3,2087.4074,1736.4102,135.0000,4,2,1
17.0023,27,9,G27_V9_0,1634.1336,1358.5923,135.0000,1,2,0
17.0023,27,9,G27_V9_1,1499.1336,1493.5923,135.0000,2,2,0
17.0023,27,9,G27_V9_2,1364.1336,1358.5923,135.0000,3,2,1
17.0023,27,9,G27_V9_3,1499.1336,1223.5923,135.0000,4,2,1
17.0038,12,11,G12_V11_0,1993.1976,863.7702,135.0000,1,2,0
17.0038,12,11,G12_V11_1,1858.1976,998.7702,135.0000,2,2,0
17.0038,12,11,G12_V11_2,1723.1976,863.7702,135.0000,3,2,1
17.0038,12,11,G12_V11_3,1858.1976,728.7702,135.0000,4,2,1
17.0134,28,24,G28_V24_0,1851.3212,1273.8493,135.0000,1,2,0
17.0134,28,24,G28_V24_1,1716.3212,1408.8493,135.0000,2,2,0
17.0134,28,24,G28_V24_2,1581.3212,1273.8493,135.0000,3,2,1
17.0134,28,24,G28_V24_3,1716.3212,1138.8493,135.0000,4,2,1
17.0149,27,26,G27_V26_0,1631.6028,1356.1078,135.0000,1,2,0
17.0149,27,26,G27_V26_1,1496.6028,1491.1078,135.0000,2,2,0
17.0149,27,26,G27_V26_2,1361.6028,1356.1078,135.0000,3,2,1
17.0149,27,26,G27_V26_3,1496.6028,1221.1078,135.0000,4,2,1
17.0171,27,29,G27_V29_0,1788.2837,1225.8167,135.0000,1,2,0
17.0171,27,29,G27_V29_1,1653.2837,1360.8167,135.0000,2,2,0
17.0171,27,29,G27_V29_2,1518.2837,1225.8167,135.0000,3,2,1
17.0171,27,29,G27_V29_3,1653.2837,1090.8167,135.0000,4,2,1
17.0349,20,53,G20_V53_0,1859.9800,976.0400,135.0000,1,2,0
17.0349,20,53,G20_V53_1,1724.9800,1111.0400,135.0000,2,2,0
17.0349,20,53,G20_V53_2,1589.9800,976.0400,135.0000,3,2,1
17.0349,20,53,G20_V53_3,1724.9800,841.0400,135.0000,4,2,1
17.0371,20,56,G20_V56_0,1920.4900,1041.1400,135.0000,1,2,0
17.0371,20,56,G20_V56_1,1785.4900,1176.1400,135.0000,2,2,0
17.0371,20,56,G20_V56_2,1650.4900,1041.1400,135.0000,3,2,1
17.0371,20,56,G20_V56_3,1785.4900,906.1400,135.0000,4,2,1
17.0401,19,60,G19_V60_0,1632.1500,1007.1400,135.0000,1,2,0
17.0401,19,60,G19_V60_1,1497.1500,1142.1400,135.0000,2,2,0
17.0401,19,60,G19_V60_2,1362.1500,1007.1400,135.0000,3,2,1
17.0401,19,60,G19_V60_3,1497.1500,872.1400,135.0000,4,2,1
17.0438,20,65,G20_V65_0,1854.1300,979.9800,135.0000,1,2,0
17.0438,20,65,G20_V65_1,1719.1300,1114.9800,135.0000,2,2,0
17.0438,20,65,G20_V65_2,1584.1300,979.9800,135.0000,3,2,1
17.0438,20,65,G20_V65_3,1719.1300,844.9800,135.0000,4,2,1
17.0482,18,71,G18_V71_0,1566.3300,994.6300,135.0000,1,2,0
17.0482,18,71,G18_V71_1,1431.3300,1129.6300,135.0000,2,2,0
17.0482,18,71,G18_V71_2,1296.3300,994.6300,135.0000,3,2,1
17.0482,18,71,G18_V71_3,1431.3300,859.6300,135.0000,4,2,1
17.0534,18,78,G18_V78_0,1580.1200,997.3300,135.0000,1,2,0
17.0534,18,78,G18_V78_1,1445.1200,1132.3300,135.0000,2,2,0
17.0534,18,78,G18_V78_2,1310.1200,997.3300,135.0000,3,2,1
17.0534,18,78,G18_V78_3,1445.1200,862.3300,135.0000,4,2,1
17.0542,19,79,G19_V79_0,1725.8071,1112.5898,135.0000,1,2,0
17.0542,19,79,G19_V79_1,1590.8071,1247.5898,135.0000,2,2,0
17.0542,19,79,G19_V79_2,1455.8071,1112.5898,135.0000,3,2,1
17.0542,19,79,G19_V79_3,1590.8071,977.5898,135.0000,4,2,1
17.0645,19,93,G19_V93_0,1625.2300,1006.1300,135.0000,1,2,0
17.0645,19,93,G19_V93_1,1490.2300,1141.1300,135.0000,2,2,0
17.0645,19,93,G19_V93_2,1355.2300,1006.1300,135.0000,3,2,1
17.0645,19,93,G19_V93_3,1490.2300,871.1300,135.0000,4,2,1
17.0660,26,95,G26_V95_0,1401.1626,1300.6985,135.0000,1,2,0
17.0660,26,95,G26_V95_1,1266.1626,1435.6985,135.0000,2,2,0
17.0660,26,95,G26_V95_2,1131.1626,1300.6985,135.0000,3,2,1
17.0660,26,95,G26_V95_3,1266.1626,1165.6985,135.0000,4,2,1
17.0668,19,96,G19_V96_0,1718.9889,1100.6502,135.0000,1,2,0
17.0668,19,96,G19_V96_1,1583.9889,1235.6502,135.0000,2,2,0
17.0668,19,96,G19_V96_2,1448.9889,1100.6502,135.0000,3,2,1
17.0668,19,96,G19_V96_3,1583.9889,965.6502,135.0000,4,2,1
17.0705,10,101,G10_V101_0,1553.0700,805.7800,135.0000,1,2,0
17.0705,10,101,G10_V101_1,1418.0700,940.7800,135.0000,2,2,0
17.0705,10,101,G10_V101_2,1283.0700,805.7800,135.0000,3,2,1
17.0705,10,101,G10_V101_3,1418.0700,670.7800,135.0000,4,2,1
17.0771,11,110,G11_V110_0,1647.9590,722.5549,135.0000,1,2,0
17.0771,11,110,G11_V110_1,1512.9590,857.5549,135.0000,2,2,0
17.0771,11,110,G11_V110_2,1377.9590,722.5549,135.0000,3,2,1
17.0771,11,110,G11_V110_3,1512.9590,587.5549,135.0000,4,2,1
17.0816,28,116,G28_V116_0,1836.8414,1278.8092,135.0000,1,2,0
17.0816,28,116,G28_V116_1,1701.8414,1413.8092,135.0000,2,2,0
17.0816,28,116,G28_V116_2,1566.8414,1278.8092,135.0000,3,2,1
17.0816,28,116,G28_V116_3,1701.8414,1143.8092,135.0000,4,2,1
17.0912,19,129,G19_V129_0,1594.9300,998.1300,135.0000,1,2,0
17.0912,19,129,G19_V129_1,1459.9300,1133.1300,135.0000,2,2,0
17.0912,19,129,G19_V129_2,1324.9300,998.1300,135.0000,3,2,1
17.0912,19,129,G19_V129_3,1459.9300,863.1300,135.0000,4,2,1
17.0919,45,130,G45_V130_0,2221.7318,1871.4091,135.0000,1,2,0
17.0919,45,130,G45_V130_1,2086.7318,2006.4091,135.0000,2,2,0
17.0919,45,130,G45_V130_2,1951.7318,1871.4091,135.0000,3,2,1
17.0919,45,130,G45_V130_3,2086.7318,1736.4091,135.0000,4,2,1
17.1023,27,9,G27_V9_0,1633.8448,1358.6966,135.0000,1,2,0
17.1023,27,9,G27_V9_1,1498.8448,1493.6966,135.0000,2,2,0
17.1023,27,9,G27_V9_2,1363.8448,1358.6966,135.0000,3,2,1
17.1023,27,9,G27_V9_3,1498.8448,1223.6966,135.0000,4,2,1
17.1038,12,11,G12_V11_0,1991.7821,864.5866,135.0000,1,2,0
17.1038,12,11,G12_V11_1,1856.7821,999.5866,135.0000,2,2,0
17.1038,12,11,G12_V11_2,1721.7821,864.5866,135.0000,3,2,1
17.1038,12,11,G12_V11_3,1856.7821,729.5866,135.0000,4,2,1
17.1134,28,24,G28_V24_0,1851.0957,1273.9285,135.0000,1,2,0
17.1134,28,24,G28_V24_1,1716.0957,1408.9285,135.0000,2,2,0
17.1134,28,24,G28_V24_2,1581.0957,1273.9285,135.0000,3,2,1
17.1134,28,24,G28_V24_3,1716.0957,1138.9285,135.0000,4,2,1
17.1149,27,26,G27_V26_0,1631.0524,1356.3059,135.0000,1,2,0
17.1149,27,26,G27_V26_1,1496.0524,1491.3059,135.0000,2,2,0
17.1149,27,26,G27_V26_2,1361.0524,1356.3059,135.0000,3,2,1
17.1149,27,26,G27_V26_3,1496.0524,1221.3059,135.0000,4,2,1
17.1171,27,29,G27_V29_0,1788.5402,1226.3257,135.0000,1,2,0
17.1171,27,29,G27_V29_1,1653.5402,1361.3257,135.0000,2,2,0
17.1171,27,29,G27_V29_2,1518.5402,1226.3257,135.0000,3,2,1
17.1171,27,29,G27_V29_3,1653.5402,1091.3257,135.0000,4,2,1
17.1349,20,53,G20_V53_0,1859.9800,976.0400,135.0000,1,2,0
17.1349,20,53,G20_V53_1,1724.9800,1111.0400,135.0000,2,2,0
17.1349,20,53,G20_V53_2,1589.9800,976.0400,135.0000,3,2,1
17.1349,20,53,G20_V53_3,1724.9800,841.0400,135.0000,4,2,1
17.1371,20,56,G20_V56_0,1920.4900,1041.1400,135.0000,1,2,0
17.1371,20,56,G20_V56_1,1785.4900,1176.1400,135.0000,2,2,0
17.1371,20,56,G20_V56_2,1650.4900,1041.1400,135.0000,3,2,1
17.1371,20,56,G20_V56_3,1785.4900,906.1400,135.0000,4,2,1
17.1401,19,60,G19_V60_0,1632.1500,1007.1400,135.0000,1,2,0
17.1401,19,60,G19_V60_1,1497.1500,1142.1400,135.0000,2,2,0
17.1401,19,60,G19_V60_2,1362.1500,1007.1400,135.0000,3,2,1
17.1401,19,60,G19_V60_3,1497.1500,872.1400,135.0000,4,2,1
17.1438,20,65,G20_V65_0,1854.1300,979.9800,135.0000,1,2,0
17.1438,20,65,G20_V65_1,1719.1300,1114.9800,135.0000,2,2,0
17.1438,20,65,G20_V65_2,1584.1300,979.9800,135.0000,3,2,1
17.1438,20,65,G20_V65_3,1719.1300,844.9800,135.0000,4,2,1
17.1482,18,71,G18_V71_0,1566.3300,994.6300,135.0000,1,2,0
17.1482,18,71,G18_V71_1,1431.3300,1129.6300,135.0000,2,2,0
17.1482,18,71,G18_V71_2,1296.3300,994.6300,135.0000,3,2,1
17.1482,18,71,G18_V71_3,1431.3300,859.6300,135.0000,4,2,1
17.1534,18,78,G18_V78_0,1580.1200,997.3300,135.0000,1,2,0
17.1534,18,78,G18_V78_1,1445.1200,1132.3300,135.0000,2,2,0
17.1534,18,78,G18_V78_2,1310.1200,997.3300,135.0000,3,2,1
17.1534,18,78,G18_V78_3,1445.1200,862.3300,135.0000,4,2,1
17.1542,19,79,G19_V79_0,1726.1162,1113.1628,135.0000,1,2,0
17.1542,19,79,G19_V79_1,1591.1162,1248.1628,135.0000,2,2,0
17.1542,19,79,G19_V79_2,1456.1162,1113.1628,135.0000,3,2,1
17.1542,19,79,G19_V79_3,1591.1162,978.1628,135.0000,4,2,1
17.1645,19,93,G19_V93_0,1625.2300,1006.1300,135.0000,1,2,0
17.1645,19,93,G19_V93_1,1490.2300,1141.1300,135.0000,2,2,0
17.1645,19,93,G19_V93_2,1355.2300,1006.1300,135.0000,3,2,1
17.1645,19,93,G19_V93_3,1490.2300,871.1300,135.0000,4,2,1
17.1660,26,95,G26_V95_0,1401.0604,1300.7266,135.0000,1,2,0
17.1660,26,95,G26_V95_1,1266.0604,1435.7266,135.0000,2,2,0
17.1660,26,95,G26_V95_2,1131.0604,1300.7266,135.0000,3,2,1
17.1660,26,95,G26_V95_3,1266.0604,1165.7266,135.0000,4,2,1
17.1668,19,96,G19_V96_0,1719.1091,1100.8486,135.0000,1,2,0
17.1668,19,96,G19_V96_1,1584.1091,1235.8486,135.0000,2,2,0
17.1668,19,96,G19_V96_2,1449.1091,1100.8486,135.0000,3,2,1
17.1668,19,96,G19_V96_3,1584.1091,965.8486,135.0000,4,2,1
17.1705,10,101,G10_V101_0,1553.0700,805.7800,135.0000,1,2,0
17.1705,10,101,G10_V101_1,1418.0700,940.7800,135.0000,2,2,0
17.1705,10,101,G10_V101_2,1283.0700,805.7800,135.0000,3,2,1
17.1705,10,101,G10_V101_3,1418.0700,670.7800,135.0000,4,2,1
17.1771,11,110,G11_V110_0,1648.2569,721.2474,135.0000,1,2,0
17.1771,11,110,G11_V110_1,1513.2569,856.2474,135.0000,2,2,0
17.1771,11,110,G11_V110_2,1378.2569,721.2474,135.0000,3,2,1
17.1771,11,110,G11_V110_3,1513.2569,586.2474,135.0000,4,2,1
17.1816,28,116,G28_V116_0,1836.5406,1278.8991,135.0000,1,2,0
17.1816,28,116,G28_V116_1,1701.5406,1413.8991,135.0000,2,2,0
17.1816,28,116,G28_V116_2,1566.5406,1278.8991,135.0000,3,2,1
17.1816,28,116,G28_V116_3,1701.5406,1143.8991,135.0000,4,2,1
17.1912,19,129,G19_V129_0,1594.9300,998.1300,135.0000,1,2,0
17.1912,19,129,G19_V129_1,1459.9300,1133.1300,135.0000,2,2,0
17.1912,19,129,G19_V129_2,1324.9300,998.1300,135.0000,3,2,1
17.1912,19,129,G19_V129_3,1459.9300,863.1300,135.0000,4,2,1
17.1919,45,130,G45_V130_0,2221.0368,1871.4081,135.0000,1,2,0
17.1919,45,130,G45_V130_1,2086.0368,2006.4081,135.0000,2,2,0
17.1919,45,130,G45_V130_2,1951.0368,1871.4081,135.0000,3,2,1
17.1919,45,130,G45_V130_3,2086.0368,1736.4081,135.0000,4,2,1
17.2023,27,9,G27_V9_0,1633.5561,1358.8009,135.0000,1,2,0
17.2023,27,9,G27_V9_1,1498.5561,1493.8009,135.0000,2,2,0
17.2023,27,9,G27_V9_2,1363.5561,1358.8009,135.0000,3,2,1
17.2023,27,9,G27_V9_3,1498.5561,1223.8009,135.0000,4,2,1
17.2038,12,11,G12_V11_0,1990.3667,865.4030,135.0000,1,2,0
17.2038,12,11,G12_V11_1,1855.3667,1000.4030,135.0000,2,2,0
17.2038,12,11,G12_V11_2,1720.3667,865.4030,135.0000,3,2,1
17.2038,12,11,G12_V11_3,1855.3667,730.4030,135.0000,4,2,1
17.2134,28,24,G28_V24_0,1850.8703,1274.0077,135.0000,1,2,0
17.2134,28,24,G28_V24_1,1715.8703,1409.0077,135.0000,2,2,0
17.2134,28,24,G28_V24_2,1580.8703,1274.0077,135.0000,3,2,1
17.2134,28,24,G28_V24_3,1715.8703,1139.0077,135.0000,4,2,1
17.2149,27,26,G27_V26_0,1630.5020,1356.5041,135.0000,1,2,0
17.2149,27,26,G27_V26_1,1495.5020,1491.5041,135.0000,2,2,0
17.2149,27,26,G27_V26_2,1360.5020,1356.5041,135.0000,3,2,1
17.2149,27,26,G27_V26_3,1495.5020,1221.5041,135.0000,4,2,1
17.2171,27,29,G27_V29_0,1788.7967,1226.8348,135.0000,1,2,0
17.2171,27,29,G27_V29_1,1653.7967,1361.8348,135.0000,2,2,0
17.2171,27,29,G27_V29_2,1518.7967,1226.8348,135.0000,3,2,1
17.2171,27,29,G27_V29_3,1653.7967,1091.8348,135.0000,4,2,1
17.2349,20,53,G20_V53_0,1859.9800,976.0400,135.0000,1,2,0
17.2349,20,53,G20_V53_1,1724.9800,1111.0400,135.0000,2,2,0
17.2349,20,53,G20_V53_2,1589.9800,976.0400,135.0000,3,2,1
17.2349,20,53,G20_V53_3,1724.9800,841.0400,135.0000,4,2,1
17.2371,20,56,G20_V56_0,1920.4900,1041.1400,135.0000,1,2,0
17.2371,20,56,G20_V56_1,1785.4900,1176.1400,135.0000,2,2,0
17.2371,20,56,G20_V56_2,1650.4900,1041.1400,135.0000,3,2,1
17.2371,20,56,G20_V56_3,1785.4900,906.1400,135.0000,4,2,1
17.2401,19,60,G19_V60_0,1632.1500,1007.1400,135.0000,1,2,0
17.2401,19,60,G19_V60_1,1497.1500,1142.1400,135.0000,2,2,0
17.2401,19,60,G19_V60_2,1362.1500,1007.1400,135.0000,3,2,1
17.2401,19,60,G19_V60_3,1497.1500,872.1400,135.0000,4,2,1
17.2438,20,65,G20_V65_0,1854.1300,979.9800,135.0000,1,2,0
17.2438,20,65,G20_V65_1,1719.1300,1114.9800,135.0000,2,2,0
17.2438,20,65,G20_V65_2,1584.1300,979.9800,135.0000,3,2,1
17.2438,20,65,G20_V65_3,1719.1300,844.9800,135.0000,4,2,1
17.2482,18,71,G18_V71_0,1566.3300,994.6300,135.0000,1,2,0
17.2482,18,71,G18_V71_1,1431.3300,1129.6300,135.0000,2,2,0
17.2482,18,71,G18_V71_2,1296.3300,994.6300,135.0000,3,2,1
17.2482,18,71,G18_V71_3,1431.3300,859.6300,135.0000,4,2,1
17.2534,18,78,G18_V78_0,1580.1200,997.3300,135.0000,1,2,0
17.2534,18,78,G18_V78_1,1445.1200,1132.3300,135.0000,2,2,0
17.2534,18,78,G18_V78_2,1310.1200,997.3300,135.0000,3,2,1
17.2534,18,78,G18_V78_3,1445.1200,862.3300,135.0000,4,2,1
17.2542,19,79,G19_V79_0,1726.4252,1113.7357,135.0000,1,2,0
17.2542,19,79,G19_V79_1,1591.4252,1248.7357,135.0000,2,2,0
17.2542,19,79,G19_V79_2,1456.4252,1113.7357,135.0000,3,2,1
17.2542,19,79,G19_V79_3,1591.4252,978.7357,135.0000,4,2,1
17.2645,19,93,G19_V93_0,1625.2300,1006.1300,135.0000,1,2,0
17.2645,19,93,G19_V93_1,1490.2300,1141.1300,135.0000,2,2,0
17.2645,19,93,G19_V93_2,1355.2300,1006.1300,135.0000,3,2,1
17.2645,19,93,G19_V93_3,1490.2300,871.1300,135.0000,4,2,1
17.2660,26,95,G26_V95_0,1400.9582,1300.7546,135.0000,1,2,0
17.2660,26,95,G26_V95_1,1265.9582,1435.7546,135.0000,2,2,0
17.2660,26,95,G26_V95_2,1130.9582,1300.7546,135.0000,3,2,1
17.2660,26,95,G26_V95_3,1265.9582,1165.7546,135.0000,4,2,1
17.2668,19,96,G19_V96_0,1719.2294,1101.0470,135.0000,1,2,0
17.2668,19,96,G19_V96_1,1584.2294,1236.0470,135.0000,2,2,0
17.2668,19,96,G19_V96_2,1449.2294,1101.0470,135.0000,3,2,1
17.2668,19,96,G19_V96_3,1584.2294,966.0470,135.0000,4,2,1
17.2705,10,101,G10_V101_0,1553.0700,805.7800,135.0000,1,2,0
17.2705,10,101,G10_V101_1,1418.0700,940.7800,135.0000,2,2,0
17.2705,10,101,G10_V101_2,1283.0700,805.7800,135.0000,3,2,1
17.2705,10,101,G10_V101_3,1418.0700,670.7800,135.0000,4,2,1
17.2816,28,116,G28_V116_0,1836.2397,1278.9890,135.0000,1,2,0
17.2816,28,116,G28_V116_1,1701.2397,1413.9890,135.0000,2,2,0
17.2816,28,116,G28_V116_2,1566.2397,1278.9890,135.0000,3,2,1
17.2816,28,116,G28_V116_3,1701.2397,1143.9890,135.0000,4,2,1
17.2912,19,129,G19_V129_0,1594.9300,998.1300,135.0000,1,2,0
17.2912,19,129,G19_V129_1,1459.9300,1133.1300,135.0000,2,2,0
17.2912,19,129,G19_V129_2,1324.9300,998.1300,135.0000,3,2,1
17.2912,19,129,G19_V129_3,1459.9300,863.1300,135.0000,4,2,1
17.2920,45,130,G45_V130_0,2220.3418,1871.4071,135.0000,1,2,0
17.2920,45,130,G45_V130_1,2085.3418,2006.4071,135.0000,2,2,0
17.2920,45,130,G45_V130_2,1950.3418,1871.4071,135.0000,3,2,1
17.2920,45,130,G45_V130_3,2085.3418,1736.4071,135.0000,4,2,1
17.3023,27,9,G27_V9_0,1633.2673,1358.9051,135.0000,1,2,0
17.3023,27,9,G27_V9_1,1498.2673,1493.9051,135.0000,2,2,0
17.3023,27,9,G27_V9_2,1363.2673,1358.9051,135.0000,3,2,1
17.3023,27,9,G27_V9_3,1498.2673,1223.9051,135.0000,4,2,1
17.3038,12,11,G12_V11_0,1988.9513,866.2194,135.0000,1,2,0
17.3038,12,11,G12_V11_1,1853.9513,1001.2194,135.0000,2,2,0
17.3038,12,11,G12_V11_2,1718.9513,866.2194,135.0000,3,2,1
17.3038,12,11,G12_V11_3,1853.9513,731.2194,135.0000,4,2,1
17.3134,28,24,G28_V24_0,1850.6448,1274.0869,135.0000,1,2,0
17.3134,28,24,G28_V24_1,1715.6448,1409.0869,135.0000,2,2,0
17.3134,28,24,G28_V24_2,1580.6448,1274.0869,135.0000,3,2,1
17.3134,28,24,G28_V24_3,1715.6448,1139.0869,135.0000,4,2,1
17.3149,27,26,G27_V26_0,1629.9516,1356.7022,135.0000,1,2,0
17.3149,27,26,G27_V26_1,1494.9516,1491.7022,135.0000,2,2,0
17.3149,27,26,G27_V26_2,1359.9516,1356.7022,135.0000,3,2,1
17.3149,27,26,G27_V26_3,1494.9516,1221.7022,135.0000,4,2,1
17.3171,27,29,G27_V29_0,1789.0532,1227.3438,135.0000,1,2,0
17.3171,27,29,G27_V29_1,1654.0532,1362.3438,135.0000,2,2,0
17.3171,27,29,G27_V29_2,1519.0532,1227.3438,135.0000,3,2,1
17.3171,27,29,G27_V29_3,1654.0532,1092.3438,135.0000,4,2,1
17.3349,20,53,G20_V53_0,1859.9800,976.0400,135.0000,1,2,0
17.3349,20,53,G20_V53_1,1724.9800,1111.0400,135.0000,2,2,0
17.3349,20,53,G20_V53_2,1589.9800,976.0400,135.0000,3,2,1
17.3349,20,53,G20_V53_3,1724.9800,841.0400,135.0000,4,2,1
17.3371,20,56,G20_V56_0,1920.4900,1041.1400,135.0000,1,2,0
17.3371,20,56,G20_V56_1,1785.4900,1176.1400,135.0000,2,2,0
17.3371,20,56,G20_V56_2,1650.4900,1041.1400,135.0000,3,2,1
17.3371,20,56,G20_V56_3,1785.4900,906.1400,135.0000,4,2,1
17.3401,19,60,G19_V60_0,1632.1500,1007.1400,135.0000,1,2,0
17.3401,19,60,G19_V60_1,1497.1500,1142.1400,135.0000,2,2,0
17.3401,19,60,G19_V60_2,1362.1500,1007.1400,135.0000,3,2,1
17.3401,19,60,G19_V60_3,1497.1500,872.1400,135.0000,4,2,1
17.3438,20,65,G20_V65_0,1854.1300,979.9800,135.0000,1,2,0
17.3438,20,65,G20_V65_1,1719.1300,1114.9800,135.0000,2,2,0
17.3438,20,65,G20_V65_2,1584.1300,979.9800,135.0000,3,2,1
17.3438,20,65,G20_V65_3,1719.1300,844.9800,135.0000,4,2,1
17.3482,18,71,G18_V71_0,1566.3300,994.6300,135.0000,1,2,0
17.3482,18,71,G18_V71_1,1431.3300,1129.6300,135.0000,2,2,0
17.3482,18,71,G18_V71_2,1296.3300,994.6300,135.0000,3,2,1
17.3482,18,71,G18_V71_3,1431.3300,859.6300,135.0000,4,2,1
17.3534,18,78,G18_V78_0,1580.1200,997.3300,135.0000,1,2,0
17.3534,18,78,G18_V78_1,1445.1200,1132.3300,135.0000,2,2,0
17.3534,18,78,G18_V78_2,1310.1200,997.3300,135.0000,3,2,1
17.3534,18,78,G18_V78_3,1445.1200,862.3300,135.0000,4,2,1
17.3542,19,79,G19_V79_0,1726.7343,1114.3087,135.0000,1,2,0
17.3542,19,79,G19_V79_1,1591.7343,1249.3087,135.0000,2,2,0
17.3542,19,79,G19_V79_2,1456.7343,1114.3087,135.0000,3,2,1
17.3542,19,79,G19_V79_3,1591.7343,979.3087,135.0000,4,2,1
17.3645,19,93,G19_V93_0,1625.2300,1006.1300,135.0000,1,2,0
17.3645,19,93,G19_V93_1,1490.2300,1141.1300,135.0000,2,2,0
17.3645,19,93,G19_V93_2,1355.2300,1006.1300,135.0000,3,2,1
17.3645,19,93,G19_V93_3,1490.2300,871.1300,135.0000,4,2,1
17.3660,26,95,G26_V95_0,1400.8560,1300.7827,135.0000,1,2,0
17.3660,26,95,G26_V95_1,1265.8560,1435.7827,135.0000,2,2,0
17.3660,26,95,G26_V95_2,1130.8560,1300.7827,135.0000,3,2,1
17.3660,26,95,G26_V95_3,1265.8560,1165.7827,135.0000,4,2,1
17.3668,19,96,G19_V96_0,1719.3496,1101.2454,135.0000,1,2,0
17.3668,19,96,G19_V96_1,1584.3496,1236.2454,135.0000,2,2,0
17.3668,19,96,G19_V96_2,1449.3496,1101.2454,135.0000,3,2,1
17.3668,19,96,G19_V96_3,1584.3496,966.2454,135.0000,4,2,1
17.3705,10,101,G10_V101_0,1553.0700,805.7800,135.0000,1,2,0
17.3705,10,101,G10_V101_1,1418.0700,940.7800,135.0000,2,2,0
17.3705,10,101,G10_V101_2,1283.0700,805.7800,135.0000,3,2,1
17.3705,10,101,G10_V101_3,1418.0700,670.7800,135.0000,4,2,1
17.3816,28,116,G28_V116_0,1835.9389,1279.0789,135.0000,1,2,0
17.3816,28,116,G28_V116_1,1700.9389,1414.0789,135.0000,2,2,0
17.3816,28,116,G28_V116_2,1565.9389,1279.0789,135.0000,3,2,1
17.3816,28,116,G28_V116_3,1700.9389,1144.0789,135.0000,4,2,1
17.3912,19,129,G19_V129_0,1594.9300,998.1300,135.0000,1,2,0
17.3912,19,129,G19_V129_1,1459.9300,1133.1300,135.0000,2,2,0
17.3912,19,129,G19_V129_2,1324.9300,998.1300,135.0000,3,2,1
17.3912,19,129,G19_V129_3,1459.9300,863.1300,135.0000,4,2,1
17.3919,45,130,G45_V130_0,2219.6468,1871.4061,135.0000,1,2,0
17.3919,45,130,G45_V130_1,2084.6468,2006.4061,135.0000,2,2,0
17.3919,45,130,G45_V130_2,1949.6468,1871.4061,135.0000,3,2,1
17.3919,45,130,G45_V130_3,2084.6468,1736.4061,135.0000,4,2,1
17.4023,27,9,G27_V9_0,1632.9786,1359.0094,135.0000,1,2,0
17.4023,27,9,G27_V9_1,1497.9786,1494.0094,135.0000,2,2,0
17.4023,27,9,G27_V9_2,1362.9786,1359.0094,135.0000,3,2,1
17.4023,27,9,G27_V9_3,1497.9786,1224.0094,135.0000,4,2,1
17.4038,12,11,G12_V11_0,1987.5359,867.0358,135.0000,1,2,0
17.4038,12,11,G12_V11_1,1852.5359,1002.0358,135.0000,2,2,0
17.4038,12,11,G12_V11_2,1717.5359,867.0358,135.0000,3,2,1
17.4038,12,11,G12_V11_3,1852.5359,732.0358,135.0000,4,2,1
17.4134,28,24,G28_V24_0,1850.4193,1274.1661,135.0000,1,2,0
17.4134,28,24,G28_V24_1,1715.4193,1409.1661,135.0000,2,2,0
17.4134,28,24,G28_V24_2,1580.4193,1274.1661,135.0000,3,2,1
17.4134,28,24,G28_V24_3,1715.4193,1139.1661,135.0000,4,2,1
17.4149,27,26,G27_V26_0,1629.4012,1356.9004,135.0000,1,2,0
17.4149,27,26,G27_V26_1,1494.4012,1491.9004,135.0000,2,2,0
17.4149,27,26,G27_V26_2,1359.4012,1356.9004,135.0000,3,2,1
17.4149,27,26,G27_V26_3,1494.4012,1221.9004,135.0000,4,2,1
17.4171,27,29,G27_V29_0,1789.3098,1227.8528,135.0000,1,2,0
17.4171,27,29,G27_V29_1,1654.3098,1362.8528,135.0000,2,2,0
17.4171,27,29,G27_V29_2,1519.3098,1227.8528,135.0000,3,2,1
17.4171,27,29,G27_V29_3,1654.3098,1092.8528,135.0000,4,2,1
17.4349,20,53,G20_V53_0,1859.9800,976.0400,135.0000,1,2,0
17.4349,20,53,G20_V53_1,1724.9800,1111.0400,135.0000,2,2,0
17.4349,20,53,G20_V53_2,1589.9800,976.0400,135.0000,3,2,1
17.4349,20,53,G20_V53_3,1724.9800,841.0400,135.0000,4,2,1
17.4371,20,56,G20_V56_0,1920.4900,1041.1400,135.0000,1,2,0
17.4371,20,56,G20_V56_1,1785.4900,1176.1400,135.0000,2,2,0
17.4371,20,56,G20_V56_2,1650.4900,1041.1400,135.0000,3,2,1
17.4371,20,56,G20_V56_3,1785.4900,906.1400,135.0000,4,2,1
17.4401,19,60,G19_V60_0,1632.1500,1007.1400,135.0000,1,2,0
17.4401,19,60,G19_V60_1,1497.1500,1142.1400,135.0000,2,2,0
17.4401,19,60,G19_V60_2,1362.1500,1007.1400,135.0000,3,2,1
17.4401,19,60,G19_V60_3,1497.1500,872.1400,135.0000,4,2,1
17.4438,20,65,G20_V65_0,1854.1300,979.9800,135.0000,1,2,0
17.4438,20,65,G20_V65_1,1719.1300,1114.9800,135.0000,2,2,0
17.4438,20,65,G20_V65_2,1584.1300,979.9800,135.0000,3,2,1
17.4438,20,65,G20_V65_3,1719.1300,844.9800,135.0000,4,2,1
17.4482,18,71,G18_V71_0,1566.3300,994.6300,135.0000,1,2,0
17.4482,18,71,G18_V71_1,1431.3300,1129.6300,135.0000,2,2,0
17.4482,18,71,G18_V71_2,1296.3300,994.6300,135.0000,3,2,1
17.4482,18,71,G18_V71_3,1431.3300,859.6300,135.0000,4,2,1
17.4534,18,78,G18_V78_0,1580.1200,997.3300,135.0000,1,2,0
17.4534,18,78,G18_V78_1,1445.1200,1132.3300,135.0000,2,2,0
17.4534,18,78,G18_V78_2,1310.1200,997.3300,135.0000,3,2,1
17.4534,18,78,G18_V78_3,1445.1200,862.3300,135.0000,4,2,1
17.4542,19,79,G19_V79_0,1727.0434,1114.8817,135.0000,1,2,0
17.4542,19,79,G19_V79_1,1592.0434,1249.8817,135.0000,2,2,0
17.4542,19,79,G19_V79_2,1457.0434,1114.8817,135.0000,3,2,1
17.4542,19,79,G19_V79_3,1592.0434,979.8817,135.0000,4,2,1
17.4645,19,93,G19_V93_0,1625.2300,1006.1300,135.0000,1,2,0
17.4645,19,93,G19_V93_1,1490.2300,1141.1300,135.0000,2,2,0
17.4645,19,93,G19_V93_2,1355.2300,1006.1300,135.0000,3,2,1
17.4645,19,93,G19_V93_3,1490.2300,871.1300,135.0000,4,2,1
17.4660,26,95,G26_V95_0,1400.7537,1300.8107,135.0000,1,2,0
17.4660,26,95,G26_V95_1,1265.7537,1435.8107,135.0000,2,2,0
17.4660,26,95,G26_V95_2,1130.7537,1300.8107,135.0000,3,2,1
17.4660,26,95,G26_V95_3,1265.7537,1165.8107,135.0000,4,2,1
17.4668,19,96,G19_V96_0,1719.4699,1101.4438,135.0000,1,2,0
17.4668,19,96,G19_V96_1,1584.4699,1236.4438,135.0000,2,2,0
17.4668,19,96,G19_V96_2,1449.4699,1101.4438,135.0000,3,2,1
17.4668,19,96,G19_V96_3,1584.4699,966.4438,135.0000,4,2,1
17.4705,10,101,G10_V101_0,1553.0700,805.7800,135.0000,1,2,0
17.4705,10,101,G10_V101_1,1418.0700,940.7800,135.0000,2,2,0
17.4705,10,101,G10_V101_2,1283.0700,805.7800,135.0000,3,2,1
17.4705,10,101,G10_V101_3,1418.0700,670.7800,135.0000,4,2,1
17.4816,28,116,G28_V116_0,1835.6380,1279.1687,135.0000,1,2,0
17.4816,28,116,G28_V116_1,1700.6380,1414.1687,135.0000,2,2,0
17.4816,28,116,G28_V116_2,1565.6380,1279.1687,135.0000,3,2,1
17.4816,28,116,G28_V116_3,1700.6380,1144.1687,135.0000,4,2,1
17.4912,19,129,G19_V129_0,1594.9300,998.1300,135.0000,1,2,0
17.4912,19,129,G19_V129_1,1459.9300,1133.1300,135.0000,2,2,0
17.4912,19,129,G19_V129_2,1324.9300,998.1300,135.0000,3,2,1
17.4912,19,129,G19_V129_3,1459.9300,863.1300,135.0000,4,2,1
17.4919,45,130,G45_V130_0,2218.9518,1871.4051,135.0000,1,2,0
17.4919,45,130,G45_V130_1,2083.9518,2006.4051,135.0000,2,2,0
17.4919,45,130,G45_V130_2,1948.9518,1871.4051,135.0000,3,2,1
17.4919,45,130,G45_V130_3,2083.9518,1736.4051,135.0000,4,2,1
17.5023,27,9,G27_V9_0,1632.6898,1359.1137,135.0000,1,2,0
17.5023,27,9,G27_V9_1,1497.6898,1494.1137,135.0000,2,2,0
17.5023,27,9,G27_V9_2,1362.6898,1359.1137,135.0000,3,2,1
17.5023,27,9,G27_V9_3,1497.6898,1224.1137,135.0000,4,2,1
17.5038,12,11,G12_V11_0,1986.1204,867.8522,135.0000,1,2,0
17.5038,12,11,G12_V11_1,1851.1204,1002.8522,135.0000,2,2,0
17.5038,12,11,G12_V11_2,1716.1204,867.8522,135.0000,3,2,1
17.5038,12,11,G12_V11_3,1851.1204,732.8522,135.0000,4,2,1
17.5134,28,24,G28_V24_0,1850.1938,1274.2453,135.0000,1,2,0
17.5134,28,24,G28_V24_1,1715.1938,1409.2453,135.0000,2,2,0
17.5134,28,24,G28_V24_2,1580.1938,1274.2453,135.0000,3,2,1
17.5134,28,24,G28_V24_3,1715.1938,1139.2453,135.0000,4,2,1
17.5149,27,26,G27_V26_0,1628.8507,1357.0985,135.0000,1,2,0
17.5149,27,26,G27_V26_1,1493.8507,1492.0985,135.0000,2,2,0
17.5149,27,26,G27_V26_2,1358.8507,1357.0985,135.0000,3,2,1
17.5149,27,26,G27_V26_3,1493.8507,1222.0985,135.0000,4,2,1
17.5171,27,29,G27_V29_0,1789.5663,1228.3618,135.0000,1,2,0
17.5171,27,29,G27_V29_1,1654.5663,1363.3618,135.0000,2,2,0
17.5171,27,29,G27_V29_2,1519.5663,1228.3618,135.0000,3,2,1
17.5171,27,29,G27_V29_3,1654.5663,1093.3618,135.0000,4,2,1
17.5349,20,53,G20_V53_0,1859.9800,976.0400,135.0000,1,2,0
17.5349,20,53,G20_V53_1,1724.9800,1111.0400,135.0000,2,2,0
17.5349,20,53,G20_V53_2,1589.9800,976.0400,135.0000,3,2,1
17.5349,20,53,G20_V53_3,1724.9800,841.0400,135.0000,4,2,1
17.5371,20,56,G20_V56_0,1920.4900,1041.1400,135.0000,1,2,0
17.5371,20,56,G20_V56_1,1785.4900,1176.1400,135.0000,2,2,0
17.5371,20,56,G20_V56_2,1650.4900,1041.1400,135.0000,3,2,1
17.5371,20,56,G20_V56_3,1785.4900,906.1400,135.0000,4,2,1
17.5401,19,60,G19_V60_0,1632.1500,1007.1400,135.0000,1,2,0
17.5401,19,60,G19_V60_1,1497.1500,1142.1400,135.0000,2,2,0
17.5401,19,60,G19_V60_2,1362.1500,1007.1400,135.0000,3,2,1
17.5401,19,60,G19_V60_3,1497.1500,872.1400,135.0000,4,2,1
17.5438,20,65,G20_V65_0,1854.1300,979.9800,135.0000,1,2,0
17.5438,20,65,G20_V65_1,1719.1300,1114.9800,135.0000,2,2,0
17.5438,20,65,G20_V65_2,1584.1300,979.9800,135.0000,3,2,1
17.5438,20,65,G20_V65_3,1719.1300,844.9800,135.0000,4,2,1
17.5482,18,71,G18_V71_0,1566.3300,994.6300,135.0000,1,2,0
17.5482,18,71,G18_V71_1,1431.3300,1129.6300,135.0000,2,2,0
17.5482,18,71,G18_V71_2,1296.3300,994.6300,135.0000,3,2,1
17.5482,18,71,G18_V71_3,1431.3300,859.6300,135.0000,4,2,1
17.5534,18,78,G18_V78_0,1580.1200,997.3300,135.0000,1,2,0
17.5534,18,78,G18_V78_1,1445.1200,1132.3300,135.0000,2,2,0
17.5534,18,78,G18_V78_2,1310.1200,997.3300,135.0000,3,2,1
17.5534,18,78,G18_V78_3,1445.1200,862.3300,135.0000,4,2,1
17.5542,19,79,G19_V79_0,1727.3524,1115.4546,135.0000,1,2,0
17.5542,19,79,G19_V79_1,1592.3524,1250.4546,135.0000,2,2,0
17.5542,19,79,G19_V79_2,1457.3524,1115.4546,135.0000,3,2,1
17.5542,19,79,G19_V79_3,1592.3524,980.4546,135.0000,4,2,1
17.5645,19,93,G19_V93_0,1625.2300,1006.1300,135.0000,1,2,0
17.5645,19,93,G19_V93_1,1490.2300,1141.1300,135.0000,2,2,0
17.5645,19,93,G19_V93_2,1355.2300,1006.1300,135.0000,3,2,1
17.5645,19,93,G19_V93_3,1490.2300,871.1300,135.0000,4,2,1
17.5660,26,95,G26_V95_0,1400.6515,1300.8388,135.0000,1,2,0
17.5660,26,95,G26_V95_1,1265.6515,1435.8388,135.0000,2,2,0
17.5660,26,95,G26_V95_2,1130.6515,1300.8388,135.0000,3,2,1
17.5660,26,95,G26_V95_3,1265.6515,1165.8388,135.0000,4,2,1
17.5668,19,96,G19_V96_0,1719.5901,1101.6422,135.0000,1,2,0
17.5668,19,96,G19_V96_1,1584.5901,1236.6422,135.0000,2,2,0
17.5668,19,96,G19_V96_2,1449.5901,1101.6422,135.0000,3,2,1
17.5668,19,96,G19_V96_3,1584.5901,966.6422,135.0000,4,2,1
17.5705,10,101,G10_V101_0,1553.0700,805.7800,135.0000,1,2,0
17.5705,10,101,G10_V101_1,1418.0700,940.7800,135.0000,2,2,0
17.5705,10,101,G10_V101_2,1283.0700,805.7800,135.0000,3,2,1
17.5705,10,101,G10_V101_3,1418.0700,670.7800,135.0000,4,2,1
17.5816,28,116,G28_V116_0,1835.3371,1279.2586,135.0000,1,2,0
17.5816,28,116,G28_V116_1,1700.3371,1414.2586,135.0000,2,2,0
17.5816,28,116,G28_V116_2,1565.3371,1279.2586,135.0000,3,2,1
17.5816,28,116,G28_V116_3,1700.3371,1144.2586,135.0000,4,2,1
17.5912,19,129,G19_V129_0,1594.9300,998.1300,135.0000,1,2,0
17.5912,19,129,G19_V129_1,1459.9300,1133.1300,135.0000,2,2,0
17.5912,19,129,G19_V129_2,1324.9300,998.1300,135.0000,3,2,1
17.5912,19,129,G19_V129_3,1459.9300,863.1300,135.0000,4,2,1
17.5919,45,130,G45_V130_0,2218.2568,1871.4041,135.0000,1,2,0
17.5919,45,130,G45_V130_1,2083.2568,2006.4041,135.0000,2,2,0
17.5919,45,130,G45_V130_2,1948.2568,1871.4041,135.0000,3,2,1
17.5919,45,130,G45_V130_3,2083.2568,1736.4041,135.0000,4,2,1
17.6023,27,9,G27_V9_0,1632.4011,1359.2179,135.0000,1,2,0
17.6023,27,9,G27_V9_1,1497.4011,1494.2179,135.0000,2,2,0
17.6023,27,9,G27_V9_2,1362.4011,1359.2179,135.0000,3,2,1
17.6023,27,9,G27_V9_3,1497.4011,1224.2179,135.0000,4,2,1
17.6038,12,11,G12_V11_0,1984.7050,868.6686,135.0000,1,2,0
17.6038,12,11,G12_V11_1,1849.7050,1003.6686,135.0000,2,2,0
17.6038,12,11,G12_V11_2,1714.7050,868.6686,135.0000,3,2,1
17.6038,12,11,G12_V11_3,1849.7050,733.6686,135.0000,4,2,1
17.6134,28,24,G28_V24_0,1849.9683,1274.3245,135.0000,1,2,0
17.6134,28,24,G28_V24_1,1714.9683,1409.3245,135.0000,2,2,0
17.6134,28,24,G28_V24_2,1579.9683,1274.3245,135.0000,3,2,1
17.6134,28,24,G28_V24_3,1714.9683,1139.3245,135.0000,4,2,1
17.6149,27,26,G27_V26_0,1628.3003,1357.2967,135.0000,1,2,0
17.6149,27,26,G27_V26_1,1493.3003,1492.2967,135.0000,2,2,0
17.6149,27,26,G27_V26_2,1358.3003,1357.2967,135.0000,3,2,1
17.6149,27,26,G27_V26_3,1493.3003,1222.2967,135.0000,4,2,1
17.6171,27,29,G27_V29_0,1789.8228,1228.8708,135.0000,1,2,0
17.6171,27,29,G27_V29_1,1654.8228,1363.8708,135.0000,2,2,0
17.6171,27,29,G27_V29_2,1519.8228,1228.8708,135.0000,3,2,1
17.6171,27,29,G27_V29_3,1654.8228,1093.8708,135.0000,4,2,1
17.6349,20,53,G20_V53_0,1859.9800,976.0400,135.0000,1,2,0
17.6349,20,53,G20_V53_1,1724.9800,1111.0400,135.0000,2,2,0
17.6349,20,53,G20_V53_2,1589.9800,976.0400,135.0000,3,2,1
17.6349,20,53,G20_V53_3,1724.9800,841.0400,135.0000,4,2,1
17.6371,20,56,G20_V56_0,1920.4900,1041.1400,135.0000,1,2,0
17.6371,20,56,G20_V56_1,1785.4900,1176.1400,135.0000,2,2,0
17.6371,20,56,G20_V56_2,1650.4900,1041.1400,135.0000,3,2,1
17.6371,20,56,G20_V56_3,1785.4900,906.1400,135.0000,4,2,1
17.6401,19,60,G19_V60_0,1632.1500,1007.1400,135.0000,1,2,0
17.6401,19,60,G19_V60_1,1497.1500,1142.1400,135.0000,2,2,0
17.6401,19,60,G19_V60_2,1362.1500,1007.1400,135.0000,3,2,1
17.6401,19,60,G19_V60_3,1497.1500,872.1400,135.0000,4,2,1
17.6438,20,65,G20_V65_0,1854.1300,979.9800,135.0000,1,2,0
17.6438,20,65,G20_V65_1,1719.1300,1114.9800,135.0000,2,2,0
17.6438,20,65,G20_V65_2,1584.1300,979.9800,135.0000,3,2,1
17.6438,20,65,G20_V65_3,1719.1300,844.9800,135.0000,4,2,1
17.6482,18,71,G18_V71_0,1566.3300,994.6300,135.0000,1,2,0
17.6482,18,71,G18_V71_1,1431.3300,1129.6300,135.0000,2,2,0
17.6482,18,71,G18_V71_2,1296.3300,994.6300,135.0000,3,2,1
17.6482,18,71,G18_V71_3,1431.3300,859.6300,135.0000,4,2,1
17.6534,18,78,G18_V78_0,1580.1200,997.3300,135.0000,1,2,0
17.6534,18,78,G18_V78_1,1445.1200,1132.3300,135.0000,2,2,0
17.6534,18,78,G18_V78_2,1310.1200,997.3300,135.0000,3,2,1
17.6534,18,78,G18_V78_3,1445.1200,862.3300,135.0000,4,2,1
17.6542,19,79,G19_V79_0,1727.6615,1116.0276,135.0000,1,2,0
17.6542,19,79,G19_V79_1,1592.6615,1251.0276,135.0000,2,2,0
17.6542,19,79,G19_V79_2,1457.6615,1116.0276,135.0000,3,2,1
17.6542,19,79,G19_V79_3,1592.6615,981.0276,135.0000,4,2,1
17.6645,19,93,G19_V93_0,1625.2300,1006.1300,135.0000,1,2,0
17.6645,19,93,G19_V93_1,1490.2300,1141.1300,135.0000,2,2,0
17.6645,19,93,G19_V93_2,1355.2300,1006.1300,135.0000,3,2,1
17.6645,19,93,G19_V93_3,1490.2300,871.1300,135.0000,4,2,1
17.6660,26,95,G26_V95_0,1400.5493,1300.8669,135.0000,1,2,0
17.6660,26,95,G26_V95_1,1265.5493,1435.8669,135.0000,2,2,0
17.6660,26,95,G26_V95_2,1130.5493,1300.8669,135.0000,3,2,1
17.6660,26,95,G26_V95_3,1265.5493,1165.8669,135.0000,4,2,1
17.6668,19,96,G19_V96_0,1719.7104,1101.8406,135.0000,1,2,0
17.6668,19,96,G19_V96_1,1584.7104,1236.8406,135.0000,2,2,0
17.6668,19,96,G19_V96_2,1449.7104,1101.8406,135.0000,3,2,1
17.6668,19,96,G19_V96_3,1584.7104,966.8406,135.0000,4,2,1
17.6705,10,101,G10_V101_0,1553.0700,805.7800,135.0000,1,2,0
17.6705,10,101,G10_V101_1,1418.0700,940.7800,135.0000,2,2,0
17.6705,10,101,G10_V101_2,1283.0700,805.7800,135.0000,3,2,1
17.6705,10,101,G10_V101_3,1418.0700,670.7800,135.0000,4,2,1
17.6816,28,116,G28_V116_0,1835.0363,1279.3485,135.0000,1,2,0
17.6816,28,116,G28_V116_1,1700.0363,1414.3485,135.0000,2,2,0
17.6816,28,116,G28_V116_2,1565.0363,1279.3485,135.0000,3,2,1
17.6816,28,116,G28_V116_3,1700.0363,1144.3485,135.0000,4,2,1
17.6912,19,129,G19_V129_0,1594.9300,998.1300,135.0000,1,2,0
17.6912,19,129,G19_V129_1,1459.9300,1133.1300,135.0000,2,2,0
17.6912,19,129,G19_V129_2,1324.9300,998.1300,135.0000,3,2,1
17.6912,19,129,G19_V129_3,1459.9300,863.1300,135.0000,4,2,1
17.6920,45,130,G45_V130_0,2217.5618,1871.4031,135.0000,1,2,0
17.6920,45,130,G45_V130_1,2082.5618,2006.4031,135.0000,2,2,0
17.6920,45,130,G45_V130_2,1947.5618,1871.4031,135.0000,3,2,1
17.6920,45,130,G45_V130_3,2082.5618,1736.4031,135.0000,4,2,1
17.7023,27,9,G27_V9_0,1632.1123,1359.3222,135.0000,1,2,0
17.7023,27,9,G27_V9_1,1497.1123,1494.3222,135.0000,2,2,0
17.7023,27,9,G27_V9_2,1362.1123,1359.3222,135.0000,3,2,1
17.7023,27,9,G27_V9_3,1497.1123,1224.3222,135.0000,4,2,1
17.7038,12,11,G12_V11_0,1983.2896,869.4851,135.0000,1,2,0
17.7038,12,11,G12_V11_1,1848.2896,1004.4851,135.0000,2,2,0
17.7038,12,11,G12_V11_2,1713.2896,869.4851,135.0000,3,2,1
17.7038,12,11,G12_V11_3,1848.2896,734.4851,135.0000,4,2,1
17.7134,28,24,G28_V24_0,1849.7428,1274.4037,135.0000,1,2,0
17.7134,28,24,G28_V24_1,1714.7428,1409.4037,135.0000,2,2,0
17.7134,28,24,G28_V24_2,1579.7428,1274.4037,135.0000,3,2,1
17.7134,28,24,G28_V24_3,1714.7428,1139.4037,135.0000,4,2,1
17.7149,27,26,G27_V26_0,1627.7499,1357.4948,135.0000,1,2,0
17.7149,27,26,G27_V26_1,1492.7499,1492.4948,135.0000,2,2,0
17.7149,27,26,G27_V26_2,1357.7499,1357.4948,135.0000,3,2,1
17.7149,27,26,G27_V26_3,1492.7499,1222.4948,135.0000,4,2,1
17.7171,27,29,G27_V29_0,1790.0793,1229.3799,135.0000,1,2,0
17.7171,27,29,G27_V29_1,1655.0793,1364.3799,135.0000,2,2,0
17.7171,27,29,G27_V29_2,1520.0793,1229.3799,135.0000,3,2,1
17.7171,27,29,G27_V29_3,1655.0793,1094.3799,135.0000,4,2,1
17.7349,20,53,G20_V53_0,1859.9800,976.0400,135.0000,1,2,0
17.7349,20,53,G20_V53_1,1724.9800,1111.0400,135.0000,2,2,0
17.7349,20,53,G20_V53_2,1589.9800,976.0400,135.0000,3,2,1
17.7349,20,53,G20_V53_3,1724.9800,841.0400,135.0000,4,2,1
17.7371,20,56,G20_V56_0,1920.4900,1041.1400,135.0000,1,2,0
17.7371,20,56,G20_V56_1,1785.4900,1176.1400,135.0000,2,2,0
17.7371,20,56,G20_V56_2,1650.4900,1041.1400,135.0000,3,2,1
17.7371,20,56,G20_V56_3,1785.4900,906.1400,135.0000,4,2,1
17.7401,19,60,G19_V60_0,1632.1500,1007.1400,135.0000,1,2,0
17.7401,19,60,G19_V60_1,1497.1500,1142.1400,135.0000,2,2,0
17.7401,19,60,G19_V60_2,1362.1500,1007.1400,135.0000,3,2,1
17.7401,19,60,G19_V60_3,1497.1500,872.1400,135.0000,4,2,1
17.7438,20,65,G20_V65_0,1854.1300,979.9800,135.0000,1,2,0
17.7438,20,65,G20_V65_1,1719.1300,1114.9800,135.0000,2,2,0
17.7438,20,65,G20_V65_2,1584.1300,979.9800,135.0000,3,2,1
17.7438,20,65,G20_V65_3,1719.1300,844.9800,135.0000,4,2,1
17.7482,18,71,G18_V71_0,1566.3300,994.6300,135.0000,1,2,0
17.7482,18,71,G18_V71_1,1431.3300,1129.6300,135.0000,2,2,0
17.7482,18,71,G18_V71_2,1296.3300,994.6300,135.0000,3,2,1
17.7482,18,71,G18_V71_3,1431.3300,859.6300,135.0000,4,2,1
17.7534,18,78,G18_V78_0,1580.1200,997.3300,135.0000,1,2,0
17.7534,18,78,G18_V78_1,1445.1200,1132.3300,135.0000,2,2,0
17.7534,18,78,G18_V78_2,1310.1200,997.3300,135.0000,3,2,1
17.7534,18,78,G18_V78_3,1445.1200,862.3300,135.0000,4,2,1
17.7542,19,79,G19_V79_0,1727.9705,1116.6006,135.0000,1,2,0
17.7542,19,79,G19_V79_1,1592.9705,1251.6006,135.0000,2,2,0
17.7542,19,79,G19_V79_2,1457.9705,1116.6006,135.0000,3,2,1
17.7542,19,79,G19_V79_3,1592.9705,981.6006,135.0000,4,2,1
17.7645,19,93,G19_V93_0,1625.2300,1006.1300,135.0000,1,2,0
17.7645,19,93,G19_V93_1,1490.2300,1141.1300,135.0000,2,2,0
17.7645,19,93,G19_V93_2,1355.2300,1006.1300,135.0000,3,2,1
17.7645,19,93,G19_V93_3,1490.2300,871.1300,135.0000,4,2,1
17.7660,26,95,G26_V95_0,1400.4471,1300.8949,135.0000,1,2,0
17.7660,26,95,G26_V95_1,1265.4471,1435.8949,135.0000,2,2,0
17.7660,26,95,G26_V95_2,1130.4471,1300.8949,135.0000,3,2,1
17.7660,26,95,G26_V95_3,1265.4471,1165.8949,135.0000,4,2,1
17.7668,19,96,G19_V96_0,1719.8306,1102.0390,135.0000,1,2,0
17.7668,19,96,G19_V96_1,1584.8306,1237.0390,135.0000,2,2,0
17.7668,19,96,G19_V96_2,1449.8306,1102.0390,135.0000,3,2,1
17.7668,19,96,G19_V96_3,1584.8306,967.0390,135.0000,4,2,1
17.7705,10,101,G10_V101_0,1553.0700,805.7800,135.0000,1,2,0
17.7705,10,101,G10_V101_1,1418.0700,940.7800,135.0000,2,2,0
17.7705,10,101,G10_V101_2,1283.0700,805.7800,135.0000,3,2,1
17.7705,10,101,G10_V101_3,1418.0700,670.7800,135.0000,4,2,1
17.7816,28,116,G28_V116_0,1834.7354,1279.4384,135.0000,1,2,0
17.7816,28,116,G28_V116_1,1699.7354,1414.4384,135.0000,2,2,0
17.7816,28,116,G28_V116_2,1564.7354,1279.4384,135.0000,3,2,1
17.7816,28,116,G28_V116_3,1699.7354,1144.4384,135.0000,4,2,1
17.7912,19,129,G19_V129_0,1594.9300,998.1300,135.0000,1,2,0
17.7912,19,129,G19_V129_1,1459.9300,1133.1300,135.0000,2,2,0
17.7912,19,129,G19_V129_2,1324.9300,998.1300,135.0000,3,2,1
17.7912,19,129,G19_V129_3,1459.9300,863.1300,135.0000,4,2,1
17.7919,45,130,G45_V130_0,2216.8668,1871.4021,135.0000,1,2,0
17.7919,45,130,G45_V130_1,2081.8668,2006.4021,135.0000,2,2,0
17.7919,45,130,G45_V130_2,1946.8668,1871.4021,135.0000,3,2,1
17.7919,45,130,G45_V130_3,2081.8668,1736.4021,135.0000,4,2,1
17.8023,27,9,G27_V9_0,1631.8236,1359.4265,135.0000,1,2,0
17.8023,27,9,G27_V9_1,1496.8236,1494.4265,135.0000,2,2,0
17.8023,27,9,G27_V9_2,1361.8236,1359.4265,135.0000,3,2,1
17.8023,27,9,G27_V9_3,1496.8236,1224.4265,135.0000,4,2,1
17.8038,12,11,G12_V11_0,1981.8741,870.3015,135.0000,1,2,0
17.8038,12,11,G12_V11_1,1846.8741,1005.3015,135.0000,2,2,0
17.8038,12,11,G12_V11_2,1711.8741,870.3015,135.0000,3,2,1
17.8038,12,11,G12_V11_3,1846.8741,735.3015,135.0000,4,2,1
17.8134,28,24,G28_V24_0,1849.5173,1274.4829,135.0000,1,2,0
17.8134,28,24,G28_V24_1,1714.5173,1409.4829,135.0000,2,2,0
17.8134,28,24,G28_V24_2,1579.5173,1274.4829,135.0000,3,2,1
17.8134,28,24,G28_V24_3,1714.5173,1139.4829,135.0000,4,2,1
17.8149,27,26,G27_V26_0,1627.1995,1357.6930,135.0000,1,2,0
17.8149,27,26,G27_V26_1,1492.1995,1492.6930,135.0000,2,2,0
17.8149,27,26,G27_V26_2,1357.1995,1357.6930,135.0000,3,2,1
17.8149,27,26,G27_V26_3,1492.1995,1222.6930,135.0000,4,2,1
17.8171,27,29,G27_V29_0,1790.3358,1229.8889,135.0000,1,2,0
17.8171,27,29,G27_V29_1,1655.3358,1364.8889,135.0000,2,2,0
17.8171,27,29,G27_V29_2,1520.3358,1229.8889,135.0000,3,2,1
17.8171,27,29,G27_V29_3,1655.3358,1094.8889,135.0000,4,2,1
17.8349,20,53,G20_V53_0,1859.9800,976.0400,135.0000,1,2,0
17.8349,20,53,G20_V53_1,1724.9800,1111.0400,135.0000,2,2,0
17.8349,20,53,G20_V53_2,1589.9800,976.0400,135.0000,3,2,1
17.8349,20,53,G20_V53_3,1724.9800,841.0400,135.0000,4,2,1
17.8371,20,56,G20_V56_0,1920.4900,1041.1400,135.0000,1,2,0
17.8371,20,56,G20_V56_1,1785.4900,1176.1400,135.0000,2,2,0
17.8371,20,56,G20_V56_2,1650.4900,1041.1400,135.0000,3,2,1
17.8371,20,56,G20_V56_3,1785.4900,906.1400,135.0000,4,2,1
17.8401,19,60,G19_V60_0,1632.1500,1007.1400,135.0000,1,2,0
17.8401,19,60,G19_V60_1,1497.1500,1142.1400,135.0000,2,2,0
17.8401,19,60,G19_V60_2,1362.1500,1007.1400,135.0000,3,2,1
17.8401,19,60,G19_V60_3,1497.1500,872.1400,135.0000,4,2,1
17.8438,20,65,G20_V65_0,1854.1300,979.9800,135.0000,1,2,0
17.8438,20,65,G20_V65_1,1719.1300,1114.9800,135.0000,2,2,0
17.8438,20,65,G20_V65_2,1584.1300,979.9800,135.0000,3,2,1
17.8438,20,65,G20_V65_3,1719.1300,844.9800,135.0000,4,2,1
17.8482,18,71,G18_V71_0,1566.3300,994.6300,135.0000,1,2,0
17.8482,18,71,G18_V71_1,1431.3300,1129.6300,135.0000,2,2,0
17.8482,18,71,G18_V71_2,1296.3300,994.6300,135.0000,3,2,1
17.8482,18,71,G18_V71_3,1431.3300,859.6300,135.0000,4,2,1
17.8534,18,78,G18_V78_0,1580.1200,997.3300,135.0000,1,2,0
17.8534,18,78,G18_V78_1,1445.1200,1132.3300,135.0000,2,2,0
17.8534,18,78,G18_V78_2,1310.1200,997.3300,135.0000,3,2,1
17.8534,18,78,G18_V78_3,1445.1200,862.3300,135.0000,4,2,1
17.8542,19,79,G19_V79_0,1728.2796,1117.1735,135.0000,1,2,0
17.8542,19,79,G19_V79_1,1593.2796,1252.1735,135.0000,2,2,0
17.8542,19,79,G19_V79_2,1458.2796,1117.1735,135.0000,3,2,1
17.8542,19,79,G19_V79_3,1593.2796,982.1735,135.0000,4,2,1
17.8645,19,93,G19_V93_0,1625.2300,1006.1300,135.0000,1,2,0
17.8645,19,93,G19_V93_1,1490.2300,1141.1300,135.0000,2,2,0
17.8645,19,93,G19_V93_2,1355.2300,1006.1300,135.0000,3,2,1
17.8645,19,93,G19_V93_3,1490.2300,871.1300,135.0000,4,2,1
17.8660,26,95,G26_V95_0,1400.3449,1300.9230,135.0000,1,2,0
17.8660,26,95,G26_V95_1,1265.3449,1435.9230,135.0000,2,2,0
17.8660,26,95,G26_V95_2,1130.3449,1300.9230,135.0000,3,2,1
17.8660,26,95,G26_V95_3,1265.3449,1165.9230,135.0000,4,2,1
17.8668,19,96,G19_V96_0,1719.9508,1102.2374,135.0000,1,2,0
17.8668,19,96,G19_V96_1,1584.9508,1237.2374,135.0000,2,2,0
17.8668,19,96,G19_V96_2,1449.9508,1102.2374,135.0000,3,2,1
17.8668,19,96,G19_V96_3,1584.9508,967.2374,135.0000,4,2,1
17.8705,10,101,G10_V101_0,1553.0700,805.7800,135.0000,1,2,0
17.8705,10,101,G10_V101_1,1418.0700,940.7800,135.0000,2,2,0
17.8705,10,101,G10_V101_2,1283.0700,805.7800,135.0000,3,2,1
17.8705,10,101,G10_V101_3,1418.0700,670.7800,135.0000,4,2,1
17.8816,28,116,G28_V116_0,1834.4345,1279.5282,135.0000,1,2,0
17.8816,28,116,G28_V116_1,1699.4345,1414.5282,135.0000,2,2,0
17.8816,28,116,G28_V116_2,1564.4345,1279.5282,135.0000,3,2,1
17.8816,28,116,G28_V116_3,1699.4345,1144.5282,135.0000,4,2,1
17.8912,19,129,G19_V129_0,1594.9300,998.1300,135.0000,1,2,0
17.8912,19,129,G19_V129_1,1459.9300,1133.1300,135.0000,2,2,0
17.8912,19,129,G19_V129_2,1324.9300,998.1300,135.0000,3,2,1
17.8912,19,129,G19_V129_3,1459.9300,863.1300,135.0000,4,2,1
17.8919,45,130,G45_V130_0,2216.1718,1871.4011,135.0000,1,2,0
17.8919,45,130,G45_V130_1,2081.1718,2006.4011,135.0000,2,2,0
17.8919,45,130,G45_V130_2,1946.1718,1871.4011,135.0000,3,2,1
17.8919,45,130,G45_V130_3,2081.1718,1736.4011,135.0000,4,2,1
17.9023,27,9,G27_V9_0,1631.5348,1359.5308,135.0000,1,2,0
17.9023,27,9,G27_V9_1,1496.5348,1494.5308,135.0000,2,2,0
17.9023,27,9,G27_V9_2,1361.5348,1359.5308,135.0000,3,2,1
17.9023,27,9,G27_V9_3,1496.5348,1224.5308,135.0000,4,2,1
17.9038,12,11,G12_V11_0,1980.4587,871.1179,135.0000,1,2,0
17.9038,12,11,G12_V11_1,1845.4587,1006.1179,135.0000,2,2,0
17.9038,12,11,G12_V11_2,1710.4587,871.1179,135.0000,3,2,1
17.9038,12,11,G12_V11_3,1845.4587,736.1179,135.0000,4,2,1
17.9134,28,24,G28_V24_0,1849.2918,1274.5621,135.0000,1,2,0
17.9134,28,24,G28_V24_1,1714.2918,1409.5621,135.0000,2,2,0
17.9134,28,24,G28_V24_2,1579.2918,1274.5621,135.0000,3,2,1
17.9134,28,24,G28_V24_3,1714.2918,1139.5621,135.0000,4,2,1
17.9149,27,26,G27_V26_0,1626.6491,1357.8911,135.0000,1,2,0
17.9149,27,26,G27_V26_1,1491.6491,1492.8911,135.0000,2,2,0
17.9149,27,26,G27_V26_2,1356.6491,1357.8911,135.0000,3,2,1
17.9149,27,26,G27_V26_3,1491.6491,1222.8911,135.0000,4,2,1
17.9171,27,29,G27_V29_0,1790.5923,1230.3979,135.0000,1,2,0
17.9171,27,29,G27_V29_1,1655.5923,1365.3979,135.0000,2,2,0
17.9171,27,29,G27_V29_2,1520.5923,1230.3979,135.0000,3,2,1
17.9171,27,29,G27_V29_3,1655.5923,1095.3979,135.0000,4,2,1
17.9349,20,53,G20_V53_0,1859.9800,976.0400,135.0000,1,2,0
17.9349,20,53,G20_V53_1,1724.9800,1111.0400,135.0000,2,2,0
17.9349,20,53,G20_V53_2,1589.9800,976.0400,135.0000,3,2,1
17.9349,20,53,G20_V53_3,1724.9800,841.0400,135.0000,4,2,1
17.9371,20,56,G20_V56_0,1920.4900,1041.1400,135.0000,1,2,0
17.9371,20,56,G20_V56_1,1785.4900,1176.1400,135.0000,2,2,0
17.9371,20,56,G20_V56_2,1650.4900,1041.1400,135.0000,3,2,1
17.9371,20,56,G20_V56_3,1785.4900,906.1400,135.0000,4,2,1
17.9401,19,60,G19_V60_0,1632.1500,1007.1400,135.0000,1,2,0
17.9401,19,60,G19_V60_1,1497.1500,1142.1400,135.0000,2,2,0
17.9401,19,60,G19_V60_2,1362.1500,1007.1400,135.0000,3,2,1
17.9401,19,60,G19_V60_3,1497.1500,872.1400,135.0000,4,2,1
17.9438,20,65,G20_V65_0,1854.1300,979.9800,135.0000,1,2,0
17.9438,20,65,G20_V65_1,1719.1300,1114.9800,135.0000,2,2,0
17.9438,20,65,G20_V65_2,1584.1300,979.9800,135.0000,3,2,1
17.9438,20,65,G20_V65_3,1719.1300,844.9800,135.0000,4,2,1
17.9482,18,71,G18_V71_0,1566.3300,994.6300,135.0000,1,2,0
17.9482,18,71,G18_V71_1,1431.3300,1129.6300,135.0000,2,2,0
17.9482,18,71,G18_V71_2,1296.3300,994.6300,135.0000,3,2,1
17.9482,18,71,G18_V71_3,1431.3300,859.6300,135.0000,4,2,1
17.9534,18,78,G18_V78_0,1580.1200,997.3300,135.0000,1,2,0
17.9534,18,78,G18_V78_1,1445.1200,1132.3300,135.0000,2,2,0
17.9534,18,78,G18_V78_2,1310.1200,997.3300,135.0000,3,2,1
17.9534,18,78,G18_V78_3,1445.1200,862.3300,135.0000,4,2,1
17.9542,19,79,G19_V79_0,1728.5886,1117.7465,135.0000,1,2,0
17.9542,19,79,G19_V79_1,1593.5886,1252.7465,135.0000,2,2,0
17.9542,19,79,G19_V79_2,1458.5886,1117.7465,135.0000,3,2,1
17.9542,19,79,G19_V79_3,1593.5886,982.7465,135.0000,4,2,1
17.9645,19,93,G19_V93_0,1625.2300,1006.1300,135.0000,1,2,0
17.9645,19,93,G19_V93_1,1490.2300,1141.1300,135.0000,2,2,0
17.9645,19,93,G19_V93_2,1355.2300,1006.1300,135.0000,3,2,1
17.9645,19,93,G19_V93_3,1490.2300,871.1300,135.0000,4,2,1
17.9660,26,95,G26_V95_0,1400.2426,1300.9510,135.0000,1,2,0
17.9660,26,95,G26_V95_1,1265.2426,1435.9510,135.0000,2,2,0
17.9660,26,95,G26_V95_2,1130.2426,1300.9510,135.0000,3,2,1
17.9660,26,95,G26_V95_3,1265.2426,1165.9510,135.0000,4,2,1
17.9668,19,96,G19_V96_0,1720.0711,1102.4358,135.0000,1,2,0
17.9668,19,96,G19_V96_1,1585.0711,1237.4358,135.0000,2,2,0
17.9668,19,96,G19_V96_2,1450.0711,1102.4358,135.0000,3,2,1
17.9668,19,96,G19_V96_3,1585.0711,967.4358,135.0000,4,2,1
17.9705,10,101,G10_V101_0,1553.0700,805.7800,135.0000,1,2,0
17.9705,10,101,G10_V101_1,1418.0700,940.7800,135.0000,2,2,0
17.9705,10,101,G10_V101_2,1283.0700,805.7800,135.0000,3,2,1
17.9705,10,101,G10_V101_3,1418.0700,670.7800,135.0000,4,2,1
17.9816,28,116,G28_V116_0,1834.1337,1279.6181,135.0000,1,2,0
17.9816,28,116,G28_V116_1,1699.1337,1414.6181,135.0000,2,2,0
17.9816,28,116,G28_V116_2,1564.1337,1279.6181,135.0000,3,2,1
17.9816,28,116,G28_V116_3,1699.1337,1144.6181,135.0000,4,2,1
17.9912,19,129,G19_V129_0,1594.9300,998.1300,135.0000,1,2,0
17.9912,19,129,G19_V129_1,1459.9300,1133.1300,135.0000,2,2,0
17.9912,19,129,G19_V129_2,1324.9300,998.1300,135.0000,3,2,1
17.9912,19,129,G19_V129_3,1459.9300,863.1300,135.0000,4,2,1
17.9919,45,130,G45_V130_0,2215.4768,1871.4001,135.0000,1,2,0
17.9919,45,130,G45_V130_1,2080.4768,2006.4001,135.0000,2,2,0
17.9919,45,130,G45_V130_2,1945.4768,1871.4001,135.0000,3,2,1
17.9919,45,130,G45_V130_3,2080.4768,1736.4001,135.0000,4,2,1
18.0023,27,9,G27_V9_0,1631.2514,1359.6331,135.0000,1,2,0
18.0023,27,9,G27_V9_1,1496.2514,1494.6331,135.0000,2,2,0
18.0023,27,9,G27_V9_2,1361.2514,1359.6331,135.0000,3,2,1
18.0023,27,9,G27_V9_3,1496.2514,1224.6331,135.0000,4,2,1
18.0038,12,11,G12_V11_0,1979.0677,871.9202,135.0000,1,2,0
18.0038,12,11,G12_V11_1,1844.0677,1006.9202,135.0000,2,2,0
18.0038,12,11,G12_V11_2,1709.0677,871.9202,135.0000,3,2,1
18.0038,12,11,G12_V11_3,1844.0677,736.9202,135.0000,4,2,1
18.0134,28,24,G28_V24_0,1849.0625,1274.6428,135.0000,1,2,0
18.0134,28,24,G28_V24_1,1714.0625,1409.6428,135.0000,2,2,0
18.0134,28,24,G28_V24_2,1579.0625,1274.6428,135.0000,3,2,1
18.0134,28,24,G28_V24_3,1714.0625,1139.6428,135.0000,4,2,1
18.0149,27,26,G27_V26_0,1626.0877,1358.1401,135.0000,1,2,0
18.0149,27,26,G27_V26_1,1491.0877,1493.1401,135.0000,2,2,0
18.0149,27,26,G27_V26_2,1356.0877,1358.1401,135.0000,3,2,1
18.0149,27,26,G27_V26_3,1491.0877,1223.1401,135.0000,4,2,1
18.0171,27,29,G27_V29_0,1790.8600,1230.9290,135.0000,1,2,0
18.0171,27,29,G27_V29_1,1655.8600,1365.9290,135.0000,2,2,0
18.0171,27,29,G27_V29_2,1520.8600,1230.9290,135.0000,3,2,1
18.0171,27,29,G27_V29_3,1655.8600,1095.9290,135.0000,4,2,1
18.0349,20,53,G20_V53_0,1859.9800,976.0400,135.0000,1,2,0
18.0349,20,53,G20_V53_1,1724.9800,1111.0400,135.0000,2,2,0
18.0349,20,53,G20_V53_2,1589.9800,976.0400,135.0000,3,2,1
18.0349,20,53,G20_V53_3,1724.9800,841.0400,135.0000,4,2,1
18.0371,20,56,G20_V56_0,1920.4900,1041.1400,135.0000,1,2,0
18.0371,20,56,G20_V56_1,1785.4900,1176.1400,135.0000,2,2,0
18.0371,20,56,G20_V56_2,1650.4900,1041.1400,135.0000,3,2,1
18.0371,20,56,G20_V56_3,1785.4900,906.1400,135.0000,4,2,1
18.0401,19,60,G19_V60_0,1632.1500,1007.1400,135.0000,1,2,0
18.0401,19,60,G19_V60_1,1497.1500,1142.1400,135.0000,2,2,0
18.0401,19,60,G19_V60_2,1362.1500,1007.1400,135.0000,3,2,1
18.0401,19,60,G19_V60_3,1497.1500,872.1400,135.0000,4,2,1
18.0438,20,65,G20_V65_0,1854.1300,979.9800,135.0000,1,2,0
18.0438,20,65,G20_V65_1,1719.1300,1114.9800,135.0000,2,2,0
18.0438,20,65,G20_V65_2,1584.1300,979.9800,135.0000,3,2,1
18.0438,20,65,G20_V65_3,1719.1300,844.9800,135.0000,4,2,1
18.0482,18,71,G18_V71_0,1566.3300,994.6300,135.0000,1,2,0
18.0482,18,71,G18_V71_1,1431.3300,1129.6300,135.0000,2,2,0
18.0482,18,71,G18_V71_2,1296.3300,994.6300,135.0000,3,2,1
18.0482,18,71,G18_V71_3,1431.3300,859.6300,135.0000,4,2,1
18.0534,18,78,G18_V78_0,1580.1200,997.3300,135.0000,1,2,0
18.0534,18,78,G18_V78_1,1445.1200,1132.3300,135.0000,2,2,0
18.0534,18,78,G18_V78_2,1310.1200,997.3300,135.0000,3,2,1
18.0534,18,78,G18_V78_3,1445.1200,862.3300,135.0000,4,2,1
18.0542,19,79,G19_V79_0,1728.9304,1118.3821,135.0000,1,2,0
18.0542,19,79,G19_V79_1,1593.9304,1253.3821,135.0000,2,2,0
18.0542,19,79,G19_V79_2,1458.9304,1118.3821,135.0000,3,2,1
18.0542,19,79,G19_V79_3,1593.9304,983.3821,135.0000,4,2,1
18.0645,19,93,G19_V93_0,1625.2300,1006.1300,135.0000,1,2,0
18.0645,19,93,G19_V93_1,1490.2300,1141.1300,135.0000,2,2,0
18.0645,19,93,G19_V93_2,1355.2300,1006.1300,135.0000,3,2,1
18.0645,19,93,G19_V93_3,1490.2300,871.1300,135.0000,4,2,1
18.0660,26,95,G26_V95_0,1400.0710,1300.9989,135.0000,1,2,0
18.0660,26,95,G26_V95_1,1265.0710,1435.9989,135.0000,2,2,0
18.0660,26,95,G26_V95_2,1130.0710,1300.9989,135.0000,3,2,1
18.0660,26,95,G26_V95_3,1265.0710,1165.9989,135.0000,4,2,1
18.0668,19,96,G19_V96_0,1720.2191,1102.6802,135.0000,1,2,0
18.0668,19,96,G19_V96_1,1585.2191,1237.6802,135.0000,2,2,0
18.0668,19,96,G19_V96_2,1450.2191,1102.6802,135.0000,3,2,1
18.0668,19,96,G19_V96_3,1585.2191,967.6802,135.0000,4,2,1
18.0705,10,101,G10_V101_0,1553.0700,805.7800,135.0000,1,2,0
18.0705,10,101,G10_V101_1,1418.0700,940.7800,135.0000,2,2,0
18.0705,10,101,G10_V101_2,1283.0700,805.7800,135.0000,3,2,1
18.0705,10,101,G10_V101_3,1418.0700,670.7800,135.0000,4,2,1
18.0816,28,116,G28_V116_0,1833.7666,1279.7282,135.0000,1,2,0
18.0816,28,116,G28_V116_1,1698.7666,1414.7282,135.0000,2,2,0
18.0816,28,116,G28_V116_2,1563.7666,1279.7282,135.0000,3,2,1
18.0816,28,116,G28_V116_3,1698.7666,1144.7282,135.0000,4,2,1
18.0912,19,129,G19_V129_0,1594.9300,998.1300,135.0000,1,2,0
18.0912,19,129,G19_V129_1,1459.9300,1133.1300,135.0000,2,2,0
18.0912,19,129,G19_V129_2,1324.9300,998.1300,135.0000,3,2,1
18.0912,19,129,G19_V129_3,1459.9300,863.1300,135.0000,4,2,1
18.0920,45,130,G45_V130_0,2214.6496,1871.4120,135.0000,1,2,0
18.0920,45,130,G45_V130_1,2079.6496,2006.4120,135.0000,2,2,0
18.0920,45,130,G45_V130_2,1944.6496,1871.4120,135.0000,3,2,1
18.0920,45,130,G45_V130_3,2079.6496,1736.4120,135.0000,4,2,1
18.1023,27,9,G27_V9_0,1630.8650,1359.7732,135.0000,1,2,0
18.1023,27,9,G27_V9_1,1495.8650,1494.7732,135.0000,2,2,0
18.1023,27,9,G27_V9_2,1360.8650,1359.7732,135.0000,3,2,1
18.1023,27,9,G27_V9_3,1495.8650,1224.7732,135.0000,4,2,1
18.1038,12,11,G12_V11_0,1977.6568,872.7343,135.0000,1,2,0
18.1038,12,11,G12_V11_1,1842.6568,1007.7343,135.0000,2,2,0
18.1038,12,11,G12_V11_2,1707.6568,872.7343,135.0000,3,2,1
18.1038,12,11,G12_V11_3,1842.6568,737.7343,135.0000,4,2,1
18.1134,28,24,G28_V24_0,1848.8082,1274.7336,135.0000,1,2,0
18.1134,28,24,G28_V24_1,1713.8082,1409.7336,135.0000,2,2,0
18.1134,28,24,G28_V24_2,1578.8082,1274.7336,135.0000,3,2,1
18.1134,28,24,G28_V24_3,1713.8082,1139.7336,135.0000,4,2,1
18.1149,27,26,G27_V26_0,1625.4634,1358.6810,135.0000,1,2,0
18.1149,27,26,G27_V26_1,1490.4634,1493.6810,135.0000,2,2,0
18.1149,27,26,G27_V26_2,1355.4634,1358.6810,135.0000,3,2,1
18.1149,27,26,G27_V26_3,1490.4634,1223.6810,135.0000,4,2,1
18.1171,27,29,G27_V29_0,1791.2121,1231.6272,135.0000,1,2,0
18.1171,27,29,G27_V29_1,1656.2121,1366.6272,135.0000,2,2,0
18.1171,27,29,G27_V29_2,1521.2121,1231.6272,135.0000,3,2,1
18.1171,27,29,G27_V29_3,1656.2121,1096.6272,135.0000,4,2,1
18.1371,20,56,G20_V56_0,1920.4900,1041.1400,135.0000,1,2,0
18.1371,20,56,G20_V56_1,1785.4900,1176.1400,135.0000,2,2,0
18.1371,20,56,G20_V56_2,1650.4900,1041.1400,135.0000,3,2,1
18.1371,20,56,G20_V56_3,1785.4900,906.1400,135.0000,4,2,1
18.1401,19,60,G19_V60_0,1632.1500,1007.1400,135.0000,1,2,0
18.1401,19,60,G19_V60_1,1497.1500,1142.1400,135.0000,2,2,0
18.1401,19,60,G19_V60_2,1362.1500,1007.1400,135.0000,3,2,1
18.1401,19,60,G19_V60_3,1497.1500,872.1400,135.0000,4,2,1
18.1438,20,65,G20_V65_0,1854.1300,979.9800,135.0000,1,2,0
18.1438,20,65,G20_V65_1,1719.1300,1114.9800,135.0000,2,2,0
18.1438,20,65,G20_V65_2,1584.1300,979.9800,135.0000,3,2,1
18.1438,20,65,G20_V65_3,1719.1300,844.9800,135.0000,4,2,1
18.1482,18,71,G18_V71_0,1566.3300,994.6300,135.0000,1,2,0
18.1482,18,71,G18_V71_1,1431.3300,1129.6300,135.0000,2,2,0
18.1482,18,71,G18_V71_2,1296.3300,994.6300,135.0000,3,2,1
18.1482,18,71,G18_V71_3,1431.3300,859.6300,135.0000,4,2,1
18.1534,18,78,G18_V78_0,1580.1200,997.3300,135.0000,1,2,0
18.1534,18,78,G18_V78_1,1445.1200,1132.3300,135.0000,2,2,0
18.1534,18,78,G18_V78_2,1310.1200,997.3300,135.0000,3,2,1
18.1534,18,78,G18_V78_3,1445.1200,862.3300,135.0000,4,2,1
18.1542,19,79,G19_V79_0,1729.3196,1119.1073,135.0000,1,2,0
18.1542,19,79,G19_V79_1,1594.3196,1254.1073,135.0000,2,2,0
18.1542,19,79,G19_V79_2,1459.3196,1119.1073,135.0000,3,2,1
18.1542,19,79,G19_V79_3,1594.3196,984.1073,135.0000,4,2,1
18.1645,19,93,G19_V93_0,1625.2300,1006.1300,135.0000,1,2,0
18.1645,19,93,G19_V93_1,1490.2300,1141.1300,135.0000,2,2,0
18.1645,19,93,G19_V93_2,1355.2300,1006.1300,135.0000,3,2,1
18.1645,19,93,G19_V93_3,1490.2300,871.1300,135.0000,4,2,1
18.1660,26,95,G26_V95_0,1399.8600,1301.0579,135.0000,1,2,0
18.1660,26,95,G26_V95_1,1264.8600,1436.0579,135.0000,2,2,0
18.1660,26,95,G26_V95_2,1129.8600,1301.0579,135.0000,3,2,1
18.1660,26,95,G26_V95_3,1264.8600,1166.0579,135.0000,4,2,1
18.1668,19,96,G19_V96_0,1720.3827,1102.9506,135.0000,1,2,0
18.1668,19,96,G19_V96_1,1585.3827,1237.9506,135.0000,2,2,0
18.1668,19,96,G19_V96_2,1450.3827,1102.9506,135.0000,3,2,1
18.1668,19,96,G19_V96_3,1585.3827,967.9506,135.0000,4,2,1
18.1705,10,101,G10_V101_0,1553.0700,805.7800,135.0000,1,2,0
18.1705,10,101,G10_V101_1,1418.0700,940.7800,135.0000,2,2,0
18.1705,10,101,G10_V101_2,1283.0700,805.7800,135.0000,3,2,1
18.1705,10,101,G10_V101_3,1418.0700,670.7800,135.0000,4,2,1
18.1816,28,116,G28_V116_0,1833.3844,1279.8428,135.0000,1,2,0
18.1816,28,116,G28_V116_1,1698.3844,1414.8428,135.0000,2,2,0
18.1816,28,116,G28_V116_2,1563.3844,1279.8428,135.0000,3,2,1
18.1816,28,116,G28_V116_3,1698.3844,1144.8428,135.0000,4,2,1
18.1912,19,129,G19_V129_0,1594.9300,998.1300,135.0000,1,2,0
18.1912,19,129,G19_V129_1,1459.9300,1133.1300,135.0000,2,2,0
18.1912,19,129,G19_V129_2,1324.9300,998.1300,135.0000,3,2,1
18.1912,19,129,G19_V129_3,1459.9300,863.1300,135.0000,4,2,1
18.1919,45,130,G45_V130_0,2213.8107,1871.4251,135.0000,1,2,0
18.1919,45,130,G45_V130_1,2078.8107,2006.4251,135.0000,2,2,0
18.1919,45,130,G45_V130_2,1943.8107,1871.4251,135.0000,3,2,1
18.1919,45,130,G45_V130_3,2078.8107,1736.4251,135.0000,4,2,1
18.2023,27,9,G27_V9_0,1630.4787,1359.9134,135.0000,1,2,0
18.2023,27,9,G27_V9_1,1495.4787,1494.9134,135.0000,2,2,0
18.2023,27,9,G27_V9_2,1360.4787,1359.9134,135.0000,3,2,1
18.2023,27,9,G27_V9_3,1495.4787,1224.9134,135.0000,4,2,1
18.2038,12,11,G12_V11_0,1976.2458,873.5484,135.0000,1,2,0
18.2038,12,11,G12_V11_1,1841.2458,1008.5484,135.0000,2,2,0
18.2038,12,11,G12_V11_2,1706.2458,873.5484,135.0000,3,2,1
18.2038,12,11,G12_V11_3,1841.2458,738.5484,135.0000,4,2,1
18.2134,28,24,G28_V24_0,1848.5539,1274.8244,135.0000,1,2,0
18.2134,28,24,G28_V24_1,1713.5539,1409.8244,135.0000,2,2,0
18.2134,28,24,G28_V24_2,1578.5539,1274.8244,135.0000,3,2,1
18.2134,28,24,G28_V24_3,1713.5539,1139.8244,135.0000,4,2,1
18.2149,27,26,G27_V26_0,1624.8392,1359.2219,135.0000,1,2,0
18.2149,27,26,G27_V26_1,1489.8392,1494.2219,135.0000,2,2,0
18.2149,27,26,G27_V26_2,1354.8392,1359.2219,135.0000,3,2,1
18.2149,27,26,G27_V26_3,1489.8392,1224.2219,135.0000,4,2,1
18.2171,27,29,G27_V29_0,1791.5642,1232.3254,135.0000,1,2,0
18.2171,27,29,G27_V29_1,1656.5642,1367.3254,135.0000,2,2,0
18.2171,27,29,G27_V29_2,1521.5642,1232.3254,135.0000,3,2,1
18.2171,27,29,G27_V29_3,1656.5642,1097.3254,135.0000,4,2,1
18.2375,20,56,G20_V56_0,1920.4900,1041.1400,135.0000,1,2,0
18.2375,20,56,G20_V56_1,1785.4900,1176.1400,135.0000,2,2,0
18.2375,20,56,G20_V56_2,1650.4900,1041.1400,135.0000,3,2,1
18.2375,20,56,G20_V56_3,1785.4900,906.1400,135.0000,4,2,1
18.2401,19,60,G19_V60_0,1632.1500,1007.1400,135.0000,1,2,0
18.2401,19,60,G19_V60_1,1497.1500,1142.1400,135.0000,2,2,0
18.2401,19,60,G19_V60_2,1362.1500,1007.1400,135.0000,3,2,1
18.2401,19,60,G19_V60_3,1497.1500,872.1400,135.0000,4,2,1
18.2438,20,65,G20_V65_0,1854.1300,979.9800,135.0000,1,2,0
18.2438,20,65,G20_V65_1,1719.1300,1114.9800,135.0000,2,2,0
18.2438,20,65,G20_V65_2,1584.1300,979.9800,135.0000,3,2,1
18.2438,20,65,G20_V65_3,1719.1300,844.9800,135.0000,4,2,1
18.2482,18,71,G18_V71_0,1566.3300,994.6300,135.0000,1,2,0
18.2482,18,71,G18_V71_1,1431.3300,1129.6300,135.0000,2,2,0
18.2482,18,71,G18_V71_2,1296.3300,994.6300,135.0000,3,2,1
18.2482,18,71,G18_V71_3,1431.3300,859.6300,135.0000,4,2,1
18.2534,18,78,G18_V78_0,1580.1200,997.3300,135.0000,1,2,0
18.2534,18,78,G18_V78_1,1445.1200,1132.3300,135.0000,2,2,0
18.2534,18,78,G18_V78_2,1310.1200,997.3300,135.0000,3,2,1
18.2534,18,78,G18_V78_3,1445.1200,862.3300,135.0000,4,2,1
18.2542,19,79,G19_V79_0,1729.7088,1119.8325,135.0000,1,2,0
18.2542,19,79,G19_V79_1,1594.7088,1254.8325,135.0000,2,2,0
18.2542,19,79,G19_V79_2,1459.7088,1119.8325,135.0000,3,2,1
18.2542,19,79,G19_V79_3,1594.7088,984.8325,135.0000,4,2,1
18.2645,19,93,G19_V93_0,1625.2300,1006.1300,135.0000,1,2,0
18.2645,19,93,G19_V93_1,1490.2300,1141.1300,135.0000,2,2,0
18.2645,19,93,G19_V93_2,1355.2300,1006.1300,135.0000,3,2,1
18.2645,19,93,G19_V93_3,1490.2300,871.1300,135.0000,4,2,1
18.2660,26,95,G26_V95_0,1399.6491,1301.1168,135.0000,1,2,0
18.2660,26,95,G26_V95_1,1264.6491,1436.1168,135.0000,2,2,0
18.2660,26,95,G26_V95_2,1129.6491,1301.1168,135.0000,3,2,1
18.2660,26,95,G26_V95_3,1264.6491,1166.1168,135.0000,4,2,1
18.2668,19,96,G19_V96_0,1720.5463,1103.2209,135.0000,1,2,0
18.2668,19,96,G19_V96_1,1585.5463,1238.2209,135.0000,2,2,0
18.2668,19,96,G19_V96_2,1450.5463,1103.2209,135.0000,3,2,1
18.2668,19,96,G19_V96_3,1585.5463,968.2209,135.0000,4,2,1
18.2705,10,101,G10_V101_0,1553.0700,805.7800,135.0000,1,2,0
18.2705,10,101,G10_V101_1,1418.0700,940.7800,135.0000,2,2,0
18.2705,10,101,G10_V101_2,1283.0700,805.7800,135.0000,3,2,1
18.2705,10,101,G10_V101_3,1418.0700,670.7800,135.0000,4,2,1
18.2816,28,116,G28_V116_0,1833.0022,1279.9574,135.0000,1,2,0
18.2816,28,116,G28_V116_1,1698.0022,1414.9574,135.0000,2,2,0
18.2816,28,116,G28_V116_2,1563.0022,1279.9574,135.0000,3,2,1
18.2816,28,116,G28_V116_3,1698.0022,1144.9574,135.0000,4,2,1
18.2912,19,129,G19_V129_0,1594.9300,998.1300,135.0000,1,2,0
18.2912,19,129,G19_V129_1,1459.9300,1133.1300,135.0000,2,2,0
18.2912,19,129,G19_V129_2,1324.9300,998.1300,135.0000,3,2,1
18.2912,19,129,G19_V129_3,1459.9300,863.1300,135.0000,4,2,1
18.2919,45,130,G45_V130_0,2212.9718,1871.4381,135.0000,1,2,0
18.2919,45,130,G45_V130_1,2077.9718,2006.4381,135.0000,2,2,0
18.2919,45,130,G45_V130_2,1942.9718,1871.4381,135.0000,3,2,1
18.2919,45,130,G45_V130_3,2077.9718,1736.4381,135.0000,4,2,1
18.3023,27,9,G27_V9_0,1630.0923,1360.0535,135.0000,1,2,0
18.3023,27,9,G27_V9_1,1495.0923,1495.0535,135.0000,2,2,0
18.3023,27,9,G27_V9_2,1360.0923,1360.0535,135.0000,3,2,1
18.3023,27,9,G27_V9_3,1495.0923,1225.0535,135.0000,4,2,1
18.3038,12,11,G12_V11_0,1974.8348,874.3626,135.0000,1,2,0
18.3038,12,11,G12_V11_1,1839.8348,1009.3626,135.0000,2,2,0
18.3038,12,11,G12_V11_2,1704.8348,874.3626,135.0000,3,2,1
18.3038,12,11,G12_V11_3,1839.8348,739.3626,135.0000,4,2,1
18.3134,28,24,G28_V24_0,1848.2996,1274.9152,135.0000,1,2,0
18.3134,28,24,G28_V24_1,1713.2996,1409.9152,135.0000,2,2,0
18.3134,28,24,G28_V24_2,1578.2996,1274.9152,135.0000,3,2,1
18.3134,28,24,G28_V24_3,1713.2996,1139.9152,135.0000,4,2,1
18.3149,27,26,G27_V26_0,1624.2149,1359.7628,135.0000,1,2,0
18.3149,27,26,G27_V26_1,1489.2149,1494.7628,135.0000,2,2,0
18.3149,27,26,G27_V26_2,1354.2149,1359.7628,135.0000,3,2,1
18.3149,27,26,G27_V26_3,1489.2149,1224.7628,135.0000,4,2,1
18.3171,27,29,G27_V29_0,1791.9164,1233.0237,135.0000,1,2,0
18.3171,27,29,G27_V29_1,1656.9164,1368.0237,135.0000,2,2,0
18.3171,27,29,G27_V29_2,1521.9164,1233.0237,135.0000,3,2,1
18.3171,27,29,G27_V29_3,1656.9164,1098.0237,135.0000,4,2,1
18.3371,20,56,G20_V56_0,1920.4900,1041.1400,135.0000,1,2,0
18.3371,20,56,G20_V56_1,1785.4900,1176.1400,135.0000,2,2,0
18.3371,20,56,G20_V56_2,1650.4900,1041.1400,135.0000,3,2,1
18.3371,20,56,G20_V56_3,1785.4900,906.1400,135.0000,4,2,1
18.3401,19,60,G19_V60_0,1632.1500,1007.1400,135.0000,1,2,0
18.3401,19,60,G19_V60_1,1497.1500,1142.1400,135.0000,2,2,0
18.3401,19,60,G19_V60_2,1362.1500,1007.1400,135.0000,3,2,1
18.3401,19,60,G19_V60_3,1497.1500,872.1400,135.0000,4,2,1
18.3438,20,65,G20_V65_0,1854.1300,979.9800,135.0000,1,2,0
18.3438,20,65,G20_V65_1,1719.1300,1114.9800,135.0000,2,2,0
18.3438,20,65,G20_V65_2,1584.1300,979.9800,135.0000,3,2,1
18.3438,20,65,G20_V65_3,1719.1300,844.9800,135.0000,4,2,1
18.3482,18,71,G18_V71_0,1566.3300,994.6300,135.0000,1,2,0
18.3482,18,71,G18_V71_1,1431.3300,1129.6300,135.0000,2,2,0
18.3482,18,71,G18_V71_2,1296.3300,994.6300,135.0000,3,2,1
18.3482,18,71,G18_V71_3,1431.3300,859.6300,135.0000,4,2,1
18.3534,18,78,G18_V78_0,1580.1200,997.3300,135.0000,1,2,0
18.3534,18,78,G18_V78_1,1445.1200,1132.3300,135.0000,2,2,0
18.3534,18,78,G18_V78_2,1310.1200,997.3300,135.0000,3,2,1
18.3534,18,78,G18_V78_3,1445.1200,862.3300,135.0000,4,2,1
18.3542,19,79,G19_V79_0,1730.0979,1120.5577,135.0000,1,2,0
18.3542,19,79,G19_V79_1,1595.0979,1255.5577,135.0000,2,2,0
18.3542,19,79,G19_V79_2,1460.0979,1120.5577,135.0000,3,2,1
18.3542,19,79,G19_V79_3,1595.0979,985.5577,135.0000,4,2,1
18.3645,19,93,G19_V93_0,1625.2300,1006.1300,135.0000,1,2,0
18.3645,19,93,G19_V93_1,1490.2300,1141.1300,135.0000,2,2,0
18.3645,19,93,G19_V93_2,1355.2300,1006.1300,135.0000,3,2,1
18.3645,19,93,G19_V93_3,1490.2300,871.1300,135.0000,4,2,1
18.3660,26,95,G26_V95_0,1399.4382,1301.1758,135.0000,1,2,0
18.3660,26,95,G26_V95_1,1264.4382,1436.1758,135.0000,2,2,0
18.3660,26,95,G26_V95_2,1129.4382,1301.1758,135.0000,3,2,1
18.3660,26,95,G26_V95_3,1264.4382,1166.1758,135.0000,4,2,1
18.3668,19,96,G19_V96_0,1720.7099,1103.4913,135.0000,1,2,0
18.3668,19,96,G19_V96_1,1585.7099,1238.4913,135.0000,2,2,0
18.3668,19,96,G19_V96_2,1450.7099,1103.4913,135.0000,3,2,1
18.3668,19,96,G19_V96_3,1585.7099,968.4913,135.0000,4,2,1
18.3705,10,101,G10_V101_0,1553.0700,805.7800,135.0000,1,2,0
18.3705,10,101,G10_V101_1,1418.0700,940.7800,135.0000,2,2,0
18.3705,10,101,G10_V101_2,1283.0700,805.7800,135.0000,3,2,1
18.3705,10,101,G10_V101_3,1418.0700,670.7800,135.0000,4,2,1
18.3816,28,116,G28_V116_0,1832.6200,1280.0721,135.0000,1,2,0
18.3816,28,116,G28_V116_1,1697.6200,1415.0721,135.0000,2,2,0
18.3816,28,116,G28_V116_2,1562.6200,1280.0721,135.0000,3,2,1
18.3816,28,116,G28_V116_3,1697.6200,1145.0721,135.0000,4,2,1
18.3912,19,129,G19_V129_0,1594.9300,998.1300,135.0000,1,2,0
18.3912,19,129,G19_V129_1,1459.9300,1133.1300,135.0000,2,2,0
18.3912,19,129,G19_V129_2,1324.9300,998.1300,135.0000,3,2,1
18.3912,19,129,G19_V129_3,1459.9300,863.1300,135.0000,4,2,1
18.3919,45,130,G45_V130_0,2212.1329,1871.4512,135.0000,1,2,0
18.3919,45,130,G45_V130_1,2077.1329,2006.4512,135.0000,2,2,0
18.3919,45,130,G45_V130_2,1942.1329,1871.4512,135.0000,3,2,1
18.3919,45,130,G45_V130_3,2077.1329,1736.4512,135.0000,4,2,1
18.4023,27,9,G27_V9_0,1629.7059,1360.1937,135.0000,1,2,0
18.4023,27,9,G27_V9_1,1494.7059,1495.1937,135.0000,2,2,0
18.4023,27,9,G27_V9_2,1359.7059,1360.1937,135.0000,3,2,1
18.4023,27,9,G27_V9_3,1494.7059,1225.1937,135.0000,4,2,1
18.4038,12,11,G12_V11_0,1973.4239,875.1767,135.0000,1,2,0
18.4038,12,11,G12_V11_1,1838.4239,1010.1767,135.0000,2,2,0
18.4038,12,11,G12_V11_2,1703.4239,875.1767,135.0000,3,2,1
18.4038,12,11,G12_V11_3,1838.4239,740.1767,135.0000,4,2,1
18.4134,28,24,G28_V24_0,1848.0454,1275.0060,135.0000,1,2,0
18.4134,28,24,G28_V24_1,1713.0454,1410.0060,135.0000,2,2,0
18.4134,28,24,G28_V24_2,1578.0454,1275.0060,135.0000,3,2,1
18.4134,28,24,G28_V24_3,1713.0454,1140.0060,135.0000,4,2,1
18.4149,27,26,G27_V26_0,1623.5906,1360.3037,135.0000,1,2,0
18.4149,27,26,G27_V26_1,1488.5906,1495.3037,135.0000,2,2,0
18.4149,27,26,G27_V26_2,1353.5906,1360.3037,135.0000,3,2,1
18.4149,27,26,G27_V26_3,1488.5906,1225.3037,135.0000,4,2,1
18.4171,27,29,G27_V29_0,1792.2685,1233.7219,135.0000,1,2,0
18.4171,27,29,G27_V29_1,1657.2685,1368.7219,135.0000,2,2,0
18.4171,27,29,G27_V29_2,1522.2685,1233.7219,135.0000,3,2,1
18.4171,27,29,G27_V29_3,1657.2685,1098.7219,135.0000,4,2,1
18.4371,20,56,G20_V56_0,1920.4900,1041.1400,135.0000,1,2,0
18.4371,20,56,G20_V56_1,1785.4900,1176.1400,135.0000,2,2,0
18.4371,20,56,G20_V56_2,1650.4900,1041.1400,135.0000,3,2,1
18.4371,20,56,G20_V56_3,1785.4900,906.1400,135.0000,4,2,1
18.4401,19,60,G19_V60_0,1632.1500,1007.1400,135.0000,1,2,0
18.4401,19,60,G19_V60_1,1497.1500,1142.1400,135.0000,2,2,0
18.4401,19,60,G19_V60_2,1362.1500,1007.1400,135.0000,3,2,1
18.4401,19,60,G19_V60_3,1497.1500,872.1400,135.0000,4,2,1
18.4438,20,65,G20_V65_0,1854.1300,979.9800,135.0000,1,2,0
18.4438,20,65,G20_V65_1,1719.1300,1114.9800,135.0000,2,2,0
18.4438,20,65,G20_V65_2,1584.1300,979.9800,135.0000,3,2,1
18.4438,20,65,G20_V65_3,1719.1300,844.9800,135.0000,4,2,1
18.4482,18,71,G18_V71_0,1566.3300,994.6300,135.0000,1,2,0
18.4482,18,71,G18_V71_1,1431.3300,1129.6300,135.0000,2,2,0
18.4482,18,71,G18_V71_2,1296.3300,994.6300,135.0000,3,2,1
18.4482,18,71,G18_V71_3,1431.3300,859.6300,135.0000,4,2,1
18.4534,18,78,G18_V78_0,1580.1200,997.3300,135.0000,1,2,0
18.4534,18,78,G18_V78_1,1445.1200,1132.3300,135.0000,2,2,0
18.4534,18,78,G18_V78_2,1310.1200,997.3300,135.0000,3,2,1
18.4534,18,78,G18_V78_3,1445.1200,862.3300,135.0000,4,2,1
18.4542,19,79,G19_V79_0,1730.4871,1121.2828,135.0000,1,2,0
18.4542,19,79,G19_V79_1,1595.4871,1256.2828,135.0000,2,2,0
18.4542,19,79,G19_V79_2,1460.4871,1121.2828,135.0000,3,2,1
18.4542,19,79,G19_V79_3,1595.4871,986.2828,135.0000,4,2,1
18.4645,19,93,G19_V93_0,1625.2300,1006.1300,135.0000,1,2,0
18.4645,19,93,G19_V93_1,1490.2300,1141.1300,135.0000,2,2,0
18.4645,19,93,G19_V93_2,1355.2300,1006.1300,135.0000,3,2,1
18.4645,19,93,G19_V93_3,1490.2300,871.1300,135.0000,4,2,1
18.4660,26,95,G26_V95_0,1399.2273,1301.2348,135.0000,1,2,0
18.4660,26,95,G26_V95_1,1264.2273,1436.2348,135.0000,2,2,0
18.4660,26,95,G26_V95_2,1129.2273,1301.2348,135.0000,3,2,1
18.4660,26,95,G26_V95_3,1264.2273,1166.2348,135.0000,4,2,1
18.4668,19,96,G19_V96_0,1720.8735,1103.7616,135.0000,1,2,0
18.4668,19,96,G19_V96_1,1585.8735,1238.7616,135.0000,2,2,0
18.4668,19,96,G19_V96_2,1450.8735,1103.7616,135.0000,3,2,1
18.4668,19,96,G19_V96_3,1585.8735,968.7616,135.0000,4,2,1
18.4705,10,101,G10_V101_0,1553.0700,805.7800,135.0000,1,2,0
18.4705,10,101,G10_V101_1,1418.0700,940.7800,135.0000,2,2,0
18.4705,10,101,G10_V101_2,1283.0700,805.7800,135.0000,3,2,1
18.4705,10,101,G10_V101_3,1418.0700,670.7800,135.0000,4,2,1
18.4816,28,116,G28_V116_0,1832.2379,1280.1867,135.0000,1,2,0
18.4816,28,116,G28_V116_1,1697.2379,1415.1867,135.0000,2,2,0
18.4816,28,116,G28_V116_2,1562.2379,1280.1867,135.0000,3,2,1
18.4816,28,116,G28_V116_3,1697.2379,1145.1867,135.0000,4,2,1
18.4912,19,129,G19_V129_0,1594.9300,998.1300,135.0000,1,2,0
18.4912,19,129,G19_V129_1,1459.9300,1133.1300,135.0000,2,2,0
18.4912,19,129,G19_V129_2,1324.9300,998.1300,135.0000,3,2,1
18.4912,19,129,G19_V129_3,1459.9300,863.1300,135.0000,4,2,1
18.4920,45,130,G45_V130_0,2211.2940,1871.4642,135.0000,1,2,0
18.4920,45,130,G45_V130_1,2076.2940,2006.4642,135.0000,2,2,0
18.4920,45,130,G45_V130_2,1941.2940,1871.4642,135.0000,3,2,1
18.4920,45,130,G45_V130_3,2076.2940,1736.4642,135.0000,4,2,1
18.5023,27,9,G27_V9_0,1629.3196,1360.3338,135.0000,1,2,0
18.5023,27,9,G27_V9_1,1494.3196,1495.3338,135.0000,2,2,0
18.5023,27,9,G27_V9_2,1359.3196,1360.3338,135.0000,3,2,1
18.5023,27,9,G27_V9_3,1494.3196,1225.3338,135.0000,4,2,1
18.5038,12,11,G12_V11_0,1972.0129,875.9908,135.0000,1,2,0
18.5038,12,11,G12_V11_1,1837.0129,1010.9908,135.0000,2,2,0
18.5038,12,11,G12_V11_2,1702.0129,875.9908,135.0000,3,2,1
18.5038,12,11,G12_V11_3,1837.0129,740.9908,135.0000,4,2,1
18.5134,28,24,G28_V24_0,1847.7911,1275.0968,135.0000,1,2,0
18.5134,28,24,G28_V24_1,1712.7911,1410.0968,135.0000,2,2,0
18.5134,28,24,G28_V24_2,1577.7911,1275.0968,135.0000,3,2,1
18.5134,28,24,G28_V24_3,1712.7911,1140.0968,135.0000,4,2,1
18.5149,27,26,G27_V26_0,1622.9664,1360.8446,135.0000,1,2,0
18.5149,27,26,G27_V26_1,1487.9664,1495.8446,135.0000,2,2,0
18.5149,27,26,G27_V26_2,1352.9664,1360.8446,135.0000,3,2,1
18.5149,27,26,G27_V26_3,1487.9664,1225.8446,135.0000,4,2,1
18.5171,27,29,G27_V29_0,1792.6206,1234.4201,135.0000,1,2,0
18.5171,27,29,G27_V29_1,1657.6206,1369.4201,135.0000,2,2,0
18.5171,27,29,G27_V29_2,1522.6206,1234.4201,135.0000,3,2,1
18.5171,27,29,G27_V29_3,1657.6206,1099.4201,135.0000,4,2,1
18.5371,20,56,G20_V56_0,1920.4900,1041.1400,135.0000,1,2,0
18.5371,20,56,G20_V56_1,1785.4900,1176.1400,135.0000,2,2,0
18.5371,20,56,G20_V56_2,1650.4900,1041.1400,135.0000,3,2,1
18.5371,20,56,G20_V56_3,1785.4900,906.1400,135.0000,4,2,1
18.5401,19,60,G19_V60_0,1632.1500,1007.1400,135.0000,1,2,0
18.5401,19,60,G19_V60_1,1497.1500,1142.1400,135.0000,2,2,0
18.5401,19,60,G19_V60_2,1362.1500,1007.1400,135.0000,3,2,1
18.5401,19,60,G19_V60_3,1497.1500,872.1400,135.0000,4,2,1
18.5438,20,65,G20_V65_0,1854.1300,979.9800,135.0000,1,2,0
18.5438,20,65,G20_V65_1,1719.1300,1114.9800,135.0000,2,2,0
18.5438,20,65,G20_V65_2,1584.1300,979.9800,135.0000,3,2,1
18.5438,20,65,G20_V65_3,1719.1300,844.9800,135.0000,4,2,1
18.5482,18,71,G18_V71_0,1566.3300,994.6300,135.0000,1,2,0
18.5482,18,71,G18_V71_1,1431.3300,1129.6300,135.0000,2,2,0
18.5482,18,71,G18_V71_2,1296.3300,994.6300,135.0000,3,2,1
18.5482,18,71,G18_V71_3,1431.3300,859.6300,135.0000,4,2,1
18.5534,18,78,G18_V78_0,1580.1200,997.3300,135.0000,1,2,0
18.5534,18,78,G18_V78_1,1445.1200,1132.3300,135.0000,2,2,0
18.5534,18,78,G18_V78_2,1310.1200,997.3300,135.0000,3,2,1
18.5534,18,78,G18_V78_3,1445.1200,862.3300,135.0000,4,2,1
18.5542,19,79,G19_V79_0,1730.8763,1122.0080,135.0000,1,2,0
18.5542,19,79,G19_V79_1,1595.8763,1257.0080,135.0000,2,2,0
18.5542,19,79,G19_V79_2,1460.8763,1122.0080,135.0000,3,2,1
18.5542,19,79,G19_V79_3,1595.8763,987.0080,135.0000,4,2,1
18.5645,19,93,G19_V93_0,1625.2300,1006.1300,135.0000,1,2,0
18.5645,19,93,G19_V93_1,1490.2300,1141.1300,135.0000,2,2,0
18.5645,19,93,G19_V93_2,1355.2300,1006.1300,135.0000,3,2,1
18.5645,19,93,G19_V93_3,1490.2300,871.1300,135.0000,4,2,1
18.5660,26,95,G26_V95_0,1399.0164,1301.2938,135.0000,1,2,0
18.5660,26,95,G26_V95_1,1264.0164,1436.2938,135.0000,2,2,0
18.5660,26,95,G26_V95_2,1129.0164,1301.2938,135.0000,3,2,1
18.5660,26,95,G26_V95_3,1264.0164,1166.2938,135.0000,4,2,1
18.5668,19,96,G19_V96_0,1721.0371,1104.0320,135.0000,1,2,0
18.5668,19,96,G19_V96_1,1586.0371,1239.0320,135.0000,2,2,0
18.5668,19,96,G19_V96_2,1451.0371,1104.0320,135.0000,3,2,1
18.5668,19,96,G19_V96_3,1586.0371,969.0320,135.0000,4,2,1
18.5705,10,101,G10_V101_0,1553.0700,805.7800,135.0000,1,2,0
18.5705,10,101,G10_V101_1,1418.0700,940.7800,135.0000,2,2,0
18.5705,10,101,G10_V101_2,1283.0700,805.7800,135.0000,3,2,1
18.5705,10,101,G10_V101_3,1418.0700,670.7800,135.0000,4,2,1
18.5816,28,116,G28_V116_0,1831.8557,1280.3014,135.0000,1,2,0
18.5816,28,116,G28_V116_1,1696.8557,1415.3014,135.0000,2,2,0
18.5816,28,116,G28_V116_2,1561.8557,1280.3014,135.0000,3,2,1
18.5816,28,116,G28_V116_3,1696.8557,1145.3014,135.0000,4,2,1
18.5912,19,129,G19_V129_0,1594.9300,998.1300,135.0000,1,2,0
18.5912,19,129,G19_V129_1,1459.9300,1133.1300,135.0000,2,2,0
18.5912,19,129,G19_V129_2,1324.9300,998.1300,135.0000,3,2,1
18.5912,19,129,G19_V129_3,1459.9300,863.1300,135.0000,4,2,1
18.5919,45,130,G45_V130_0,2210.4551,1871.4773,135.0000,1,2,0
18.5919,45,130,G45_V130_1,2075.4551,2006.4773,135.0000,2,2,0
18.5919,45,130,G45_V130_2,1940.4551,1871.4773,135.0000,3,2,1
18.5919,45,130,G45_V130_3,2075.4551,1736.4773,135.0000,4,2,1
18.6023,27,9,G27_V9_0,1628.9332,1360.4739,135.0000,1,2,0
18.6023,27,9,G27_V9_1,1493.9332,1495.4739,135.0000,2,2,0
18.6023,27,9,G27_V9_2,1358.9332,1360.4739,135.0000,3,2,1
18.6023,27,9,G27_V9_3,1493.9332,1225.4739,135.0000,4,2,1
18.6038,12,11,G12_V11_0,1970.6019,876.8050,135.0000,1,2,0
18.6038,12,11,G12_V11_1,1835.6019,1011.8050,135.0000,2,2,0
18.6038,12,11,G12_V11_2,1700.6019,876.8050,135.0000,3,2,1
18.6038,12,11,G12_V11_3,1835.6019,741.8050,135.0000,4,2,1
18.6134,28,24,G28_V24_0,1847.5368,1275.1876,135.0000,1,2,0
18.6134,28,24,G28_V24_1,1712.5368,1410.1876,135.0000,2,2,0
18.6134,28,24,G28_V24_2,1577.5368,1275.1876,135.0000,3,2,1
18.6134,28,24,G28_V24_3,1712.5368,1140.1876,135.0000,4,2,1
18.6149,27,26,G27_V26_0,1622.3421,1361.3854,135.0000,1,2,0
18.6149,27,26,G27_V26_1,1487.3421,1496.3854,135.0000,2,2,0
18.6149,27,26,G27_V26_2,1352.3421,1361.3854,135.0000,3,2,1
18.6149,27,26,G27_V26_3,1487.3421,1226.3854,135.0000,4,2,1
18.6171,27,29,G27_V29_0,1792.9727,1235.1184,135.0000,1,2,0
18.6171,27,29,G27_V29_1,1657.9727,1370.1184,135.0000,2,2,0
18.6171,27,29,G27_V29_2,1522.9727,1235.1184,135.0000,3,2,1
18.6171,27,29,G27_V29_3,1657.9727,1100.1184,135.0000,4,2,1
18.6371,20,56,G20_V56_0,1920.4900,1041.1400,135.0000,1,2,0
18.6371,20,56,G20_V56_1,1785.4900,1176.1400,135.0000,2,2,0
18.6371,20,56,G20_V56_2,1650.4900,1041.1400,135.0000,3,2,1
18.6371,20,56,G20_V56_3,1785.4900,906.1400,135.0000,4,2,1
18.6401,19,60,G19_V60_0,1632.1500,1007.1400,135.0000,1,2,0
18.6401,19,60,G19_V60_1,1497.1500,1142.1400,135.0000,2,2,0
18.6401,19,60,G19_V60_2,1362.1500,1007.1400,135.0000,3,2,1
18.6401,19,60,G19_V60_3,1497.1500,872.1400,135.0000,4,2,1
18.6438,20,65,G20_V65_0,1854.1300,979.9800,135.0000,1,2,0
18.6438,20,65,G20_V65_1,1719.1300,1114.9800,135.0000,2,2,0
18.6438,20,65,G20_V65_2,1584.1300,979.9800,135.0000,3,2,1
18.6438,20,65,G20_V65_3,1719.1300,844.9800,135.0000,4,2,1
18.6482,18,71,G18_V71_0,1566.3300,994.6300,135.0000,1,2,0
18.6482,18,71,G18_V71_1,1431.3300,1129.6300,135.0000,2,2,0
18.6482,18,71,G18_V71_2,1296.3300,994.6300,135.0000,3,2,1
18.6482,18,71,G18_V71_3,1431.3300,859.6300,135.0000,4,2,1
18.6534,18,78,G18_V78_0,1580.1200,997.3300,135.0000,1,2,0
18.6534,18,78,G18_V78_1,1445.1200,1132.3300,135.0000,2,2,0
18.6534,18,78,G18_V78_2,1310.1200,997.3300,135.0000,3,2,1
18.6534,18,78,G18_V78_3,1445.1200,862.3300,135.0000,4,2,1
18.6542,19,79,G19_V79_0,1731.2654,1122.7332,135.0000,1,2,0
18.6542,19,79,G19_V79_1,1596.2654,1257.7332,135.0000,2,2,0
18.6542,19,79,G19_V79_2,1461.2654,1122.7332,135.0000,3,2,1
18.6542,19,79,G19_V79_3,1596.2654,987.7332,135.0000,4,2,1
18.6645,19,93,G19_V93_0,1625.2300,1006.1300,135.0000,1,2,0
18.6645,19,93,G19_V93_1,1490.2300,1141.1300,135.0000,2,2,0
18.6645,19,93,G19_V93_2,1355.2300,1006.1300,135.0000,3,2,1
18.6645,19,93,G19_V93_3,1490.2300,871.1300,135.0000,4,2,1
18.6660,26,95,G26_V95_0,1398.8055,1301.3527,135.0000,1,2,0
18.6660,26,95,G26_V95_1,1263.8055,1436.3527,135.0000,2,2,0
18.6660,26,95,G26_V95_2,1128.8055,1301.3527,135.0000,3,2,1
18.6660,26,95,G26_V95_3,1263.8055,1166.3527,135.0000,4,2,1
18.6668,19,96,G19_V96_0,1721.2007,1104.3023,135.0000,1,2,0
18.6668,19,96,G19_V96_1,1586.2007,1239.3023,135.0000,2,2,0
18.6668,19,96,G19_V96_2,1451.2007,1104.3023,135.0000,3,2,1
18.6668,19,96,G19_V96_3,1586.2007,969.3023,135.0000,4,2,1
18.6705,10,101,G10_V101_0,1553.0700,805.7800,135.0000,1,2,0
18.6705,10,101,G10_V101_1,1418.0700,940.7800,135.0000,2,2,0
18.6705,10,101,G10_V101_2,1283.0700,805.7800,135.0000,3,2,1
18.6705,10,101,G10_V101_3,1418.0700,670.7800,135.0000,4,2,1
18.6816,28,116,G28_V116_0,1831.4735,1280.4160,135.0000,1,2,0
18.6816,28,116,G28_V116_1,1696.4735,1415.4160,135.0000,2,2,0
18.6816,28,116,G28_V116_2,1561.4735,1280.4160,135.0000,3,2,1
18.6816,28,116,G28_V116_3,1696.4735,1145.4160,135.0000,4,2,1
18.6912,19,129,G19_V129_0,1594.9300,998.1300,135.0000,1,2,0
18.6912,19,129,G19_V129_1,1459.9300,1133.1300,135.0000,2,2,0
18.6912,19,129,G19_V129_2,1324.9300,998.1300,135.0000,3,2,1
18.6912,19,129,G19_V129_3,1459.9300,863.1300,135.0000,4,2,1
18.6919,45,130,G45_V130_0,2209.6162,1871.4904,135.0000,1,2,0
18.6919,45,130,G45_V130_1,2074.6162,2006.4904,135.0000,2,2,0
18.6919,45,130,G45_V130_2,1939.6162,1871.4904,135.0000,3,2,1
18.6919,45,130,G45_V130_3,2074.6162,1736.4904,135.0000,4,2,1
18.7023,27,9,G27_V9_0,1628.5468,1360.6141,135.0000,1,2,0
18.7023,27,9,G27_V9_1,1493.5468,1495.6141,135.0000,2,2,0
18.7023,27,9,G27_V9_2,1358.5468,1360.6141,135.0000,3,2,1
18.7023,27,9,G27_V9_3,1493.5468,1225.6141,135.0000,4,2,1
18.7038,12,11,G12_V11_0,1969.1910,877.6191,135.0000,1,2,0
18.7038,12,11,G12_V11_1,1834.1910,1012.6191,135.0000,2,2,0
18.7038,12,11,G12_V11_2,1699.1910,877.6191,135.0000,3,2,1
18.7038,12,11,G12_V11_3,1834.1910,742.6191,135.0000,4,2,1
18.7134,28,24,G28_V24_0,1847.2825,1275.2784,135.0000,1,2,0
18.7134,28,24,G28_V24_1,1712.2825,1410.2784,135.0000,2,2,0
18.7134,28,24,G28_V24_2,1577.2825,1275.2784,135.0000,3,2,1
18.7134,28,24,G28_V24_3,1712.2825,1140.2784,135.0000,4,2,1
18.7149,27,26,G27_V26_0,1621.7179,1361.9263,135.0000,1,2,0
18.7149,27,26,G27_V26_1,1486.7179,1496.9263,135.0000,2,2,0
18.7149,27,26,G27_V26_2,1351.7179,1361.9263,135.0000,3,2,1
18.7149,27,26,G27_V26_3,1486.7179,1226.9263,135.0000,4,2,1
18.7171,27,29,G27_V29_0,1793.3248,1235.8166,135.0000,1,2,0
18.7171,27,29,G27_V29_1,1658.3248,1370.8166,135.0000,2,2,0
18.7171,27,29,G27_V29_2,1523.3248,1235.8166,135.0000,3,2,1
18.7171,27,29,G27_V29_3,1658.3248,1100.8166,135.0000,4,2,1
18.7371,20,56,G20_V56_0,1920.4900,1041.1400,135.0000,1,2,0
18.7371,20,56,G20_V56_1,1785.4900,1176.1400,135.0000,2,2,0
18.7371,20,56,G20_V56_2,1650.4900,1041.1400,135.0000,3,2,1
18.7371,20,56,G20_V56_3,1785.4900,906.1400,135.0000,4,2,1
18.7401,19,60,G19_V60_0,1632.1500,1007.1400,135.0000,1,2,0
18.7401,19,60,G19_V60_1,1497.1500,1142.1400,135.0000,2,2,0
18.7401,19,60,G19_V60_2,1362.1500,1007.1400,135.0000,3,2,1
18.7401,19,60,G19_V60_3,1497.1500,872.1400,135.0000,4,2,1
18.7438,20,65,G20_V65_0,1854.1300,979.9800,135.0000,1,2,0
18.7438,20,65,G20_V65_1,1719.1300,1114.9800,135.0000,2,2,0
18.7438,20,65,G20_V65_2,1584.1300,979.9800,135.0000,3,2,1
18.7438,20,65,G20_V65_3,1719.1300,844.9800,135.0000,4,2,1
18.7482,18,71,G18_V71_0,1566.3300,994.6300,135.0000,1,2,0
18.7482,18,71,G18_V71_1,1431.3300,1129.6300,135.0000,2,2,0
18.7482,18,71,G18_V71_2,1296.3300,994.6300,135.0000,3,2,1
18.7482,18,71,G18_V71_3,1431.3300,859.6300,135.0000,4,2,1
18.7534,18,78,G18_V78_0,1580.1200,997.3300,135.0000,1,2,0
18.7534,18,78,G18_V78_1,1445.1200,1132.3300,135.0000,2,2,0
18.7534,18,78,G18_V78_2,1310.1200,997.3300,135.0000,3,2,1
18.7534,18,78,G18_V78_3,1445.1200,862.3300,135.0000,4,2,1
18.7542,19,79,G19_V79_0,1731.6546,1123.4584,135.0000,1,2,0
18.7542,19,79,G19_V79_1,1596.6546,1258.4584,135.0000,2,2,0
18.7542,19,79,G19_V79_2,1461.6546,1123.4584,135.0000,3,2,1
18.7542,19,79,G19_V79_3,1596.6546,988.4584,135.0000,4,2,1
18.7645,19,93,G19_V93_0,1625.2300,1006.1300,135.0000,1,2,0
18.7645,19,93,G19_V93_1,1490.2300,1141.1300,135.0000,2,2,0
18.7645,19,93,G19_V93_2,1355.2300,1006.1300,135.0000,3,2,1
18.7645,19,93,G19_V93_3,1490.2300,871.1300,135.0000,4,2,1
18.7660,26,95,G26_V95_0,1398.5946,1301.4117,135.0000,1,2,0
18.7660,26,95,G26_V95_1,1263.5946,1436.4117,135.0000,2,2,0
18.7660,26,95,G26_V95_2,1128.5946,1301.4117,135.0000,3,2,1
18.7660,26,95,G26_V95_3,1263.5946,1166.4117,135.0000,4,2,1
18.7668,19,96,G19_V96_0,1721.3643,1104.5727,135.0000,1,2,0
18.7668,19,96,G19_V96_1,1586.3643,1239.5727,135.0000,2,2,0
18.7668,19,96,G19_V96_2,1451.3643,1104.5727,135.0000,3,2,1
18.7668,19,96,G19_V96_3,1586.3643,969.5727,135.0000,4,2,1
18.7705,10,101,G10_V101_0,1553.0700,805.7800,135.0000,1,2,0
18.7705,10,101,G10_V101_1,1418.0700,940.7800,135.0000,2,2,0
18.7705,10,101,G10_V101_2,1283.0700,805.7800,135.0000,3,2,1
18.7705,10,101,G10_V101_3,1418.0700,670.7800,135.0000,4,2,1
18.7816,28,116,G28_V116_0,1831.0913,1280.5306,135.0000,1,2,0
18.7816,28,116,G28_V116_1,1696.0913,1415.5306,135.0000,2,2,0
18.7816,28,116,G28_V116_2,1561.0913,1280.5306,135.0000,3,2,1
18.7816,28,116,G28_V116_3,1696.0913,1145.5306,135.0000,4,2,1
18.7912,19,129,G19_V129_0,1594.9300,998.1300,135.0000,1,2,0
18.7912,19,129,G19_V129_1,1459.9300,1133.1300,135.0000,2,2,0
18.7912,19,129,G19_V129_2,1324.9300,998.1300,135.0000,3,2,1
18.7912,19,129,G19_V129_3,1459.9300,863.1300,135.0000,4,2,1
18.7919,45,130,G45_V130_0,2208.7773,1871.5034,135.0000,1,2,0
18.7919,45,130,G45_V130_1,2073.7773,2006.5034,135.0000,2,2,0
18.7919,45,130,G45_V130_2,1938.7773,1871.5034,135.0000,3,2,1
18.7919,45,130,G45_V130_3,2073.7773,1736.5034,135.0000,4,2,1
18.8023,27,9,G27_V9_0,1628.1604,1360.7542,135.0000,1,2,0
18.8023,27,9,G27_V9_1,1493.1604,1495.7542,135.0000,2,2,0
18.8023,27,9,G27_V9_2,1358.1604,1360.7542,135.0000,3,2,1
18.8023,27,9,G27_V9_3,1493.1604,1225.7542,135.0000,4,2,1
18.8038,12,11,G12_V11_0,1967.7800,878.4332,135.0000,1,2,0
18.8038,12,11,G12_V11_1,1832.7800,1013.4332,135.0000,2,2,0
18.8038,12,11,G12_V11_2,1697.7800,878.4332,135.0000,3,2,1
18.8038,12,11,G12_V11_3,1832.7800,743.4332,135.0000,4,2,1
18.8134,28,24,G28_V24_0,1847.0283,1275.3692,135.0000,1,2,0
18.8134,28,24,G28_V24_1,1712.0283,1410.3692,135.0000,2,2,0
18.8134,28,24,G28_V24_2,1577.0283,1275.3692,135.0000,3,2,1
18.8134,28,24,G28_V24_3,1712.0283,1140.3692,135.0000,4,2,1
18.8149,27,26,G27_V26_0,1621.0936,1362.4672,135.0000,1,2,0
18.8149,27,26,G27_V26_1,1486.0936,1497.4672,135.0000,2,2,0
18.8149,27,26,G27_V26_2,1351.0936,1362.4672,135.0000,3,2,1
18.8149,27,26,G27_V26_3,1486.0936,1227.4672,135.0000,4,2,1
18.8171,27,29,G27_V29_0,1793.6769,1236.5149,135.0000,1,2,0
18.8171,27,29,G27_V29_1,1658.6769,1371.5149,135.0000,2,2,0
18.8171,27,29,G27_V29_2,1523.6769,1236.5149,135.0000,3,2,1
18.8171,27,29,G27_V29_3,1658.6769,1101.5149,135.0000,4,2,1
18.8371,20,56,G20_V56_0,1920.4900,1041.1400,135.0000,1,2,0
18.8371,20,56,G20_V56_1,1785.4900,1176.1400,135.0000,2,2,0
18.8371,20,56,G20_V56_2,1650.4900,1041.1400,135.0000,3,2,1
18.8371,20,56,G20_V56_3,1785.4900,906.1400,135.0000,4,2,1
18.8401,19,60,G19_V60_0,1632.1500,1007.1400,135.0000,1,2,0
18.8401,19,60,G19_V60_1,1497.1500,1142.1400,135.0000,2,2,0
18.8401,19,60,G19_V60_2,1362.1500,1007.1400,135.0000,3,2,1
18.8401,19,60,G19_V60_3,1497.1500,872.1400,135.0000,4,2,1
18.8438,20,65,G20_V65_0,1854.1300,979.9800,135.0000,1,2,0
18.8438,20,65,G20_V65_1,1719.1300,1114.9800,135.0000,2,2,0
18.8438,20,65,G20_V65_2,1584.1300,979.9800,135.0000,3,2,1
18.8438,20,65,G20_V65_3,1719.1300,844.9800,135.0000,4,2,1
18.8482,18,71,G18_V71_0,1566.3300,994.6300,135.0000,1,2,0
18.8482,18,71,G18_V71_1,1431.3300,1129.6300,135.0000,2,2,0
18.8482,18,71,G18_V71_2,1296.3300,994.6300,135.0000,3,2,1
18.8482,18,71,G18_V71_3,1431.3300,859.6300,135.0000,4,2,1
18.8534,18,78,G18_V78_0,1580.1200,997.3300,135.0000,1,2,0
18.8534,18,78,G18_V78_1,1445.1200,1132.3300,135.0000,2,2,0
18.8534,18,78,G18_V78_2,1310.1200,997.3300,135.0000,3,2,1
18.8534,18,78,G18_V78_3,1445.1200,862.3300,135.0000,4,2,1
18.8542,19,79,G19_V79_0,1732.0438,1124.1835,135.0000,1,2,0
18.8542,19,79,G19_V79_1,1597.0438,1259.1835,135.0000,2,2,0
18.8542,19,79,G19_V79_2,1462.0438,1124.1835,135.0000,3,2,1
18.8542,19,79,G19_V79_3,1597.0438,989.1835,135.0000,4,2,1
18.8645,19,93,G19_V93_0,1625.2300,1006.1300,135.0000,1,2,0
18.8645,19,93,G19_V93_1,1490.2300,1141.1300,135.0000,2,2,0
18.8645,19,93,G19_V93_2,1355.2300,1006.1300,135.0000,3,2,1
18.8645,19,93,G19_V93_3,1490.2300,871.1300,135.0000,4,2,1
18.8660,26,95,G26_V95_0,1398.3837,1301.4707,135.0000,1,2,0
18.8660,26,95,G26_V95_1,1263.3837,1436.4707,135.0000,2,2,0
18.8660,26,95,G26_V95_2,1128.3837,1301.4707,135.0000,3,2,1
18.8660,26,95,G26_V95_3,1263.3837,1166.4707,135.0000,4,2,1
18.8668,19,96,G19_V96_0,1721.5279,1104.8430,135.0000,1,2,0
18.8668,19,96,G19_V96_1,1586.5279,1239.8430,135.0000,2,2,0
18.8668,19,96,G19_V96_2,1451.5279,1104.8430,135.0000,3,2,1
18.8668,19,96,G19_V96_3,1586.5279,969.8430,135.0000,4,2,1
18.8705,10,101,G10_V101_0,1553.0700,805.7800,135.0000,1,2,0
18.8705,10,101,G10_V101_1,1418.0700,940.7800,135.0000,2,2,0
18.8705,10,101,G10_V101_2,1283.0700,805.7800,135.0000,3,2,1
18.8705,10,101,G10_V101_3,1418.0700,670.7800,135.0000,4,2,1
18.8912,19,129,G19_V129_0,1594.9300,998.1300,135.0000,1,2,0
18.8912,19,129,G19_V129_1,1459.9300,1133.1300,135.0000,2,2,0
18.8912,19,129,G19_V129_2,1324.9300,998.1300,135.0000,3,2,1
18.8912,19,129,G19_V129_3,1459.9300,863.1300,135.0000,4,2,1
18.8920,45,130,G45_V130_0,2207.9384,1871.5165,135.0000,1,2,0
18.8920,45,130,G45_V130_1,2072.9384,2006.5165,135.0000,2,2,0
18.8920,45,130,G45_V130_2,1937.9384,1871.5165,135.0000,3,2,1
18.8920,45,130,G45_V130_3,2072.9384,1736.5165,135.0000,4,2,1
18.9023,27,9,G27_V9_0,1627.7741,1360.8943,135.0000,1,2,0
18.9023,27,9,G27_V9_1,1492.7741,1495.8943,135.0000,2,2,0
18.9023,27,9,G27_V9_2,1357.7741,1360.8943,135.0000,3,2,1
18.9023,27,9,G27_V9_3,1492.7741,1225.8943,135.0000,4,2,1
18.9038,12,11,G12_V11_0,1966.3690,879.2474,135.0000,1,2,0
18.9038,12,11,G12_V11_1,1831.3690,1014.2474,135.0000,2,2,0
18.9038,12,11,G12_V11_2,1696.3690,879.2474,135.0000,3,2,1
18.9038,12,11,G12_V11_3,1831.3690,744.2474,135.0000,4,2,1
18.9134,28,24,G28_V24_0,1846.7740,1275.4600,135.0000,1,2,0
18.9134,28,24,G28_V24_1,1711.7740,1410.4600,135.0000,2,2,0
18.9134,28,24,G28_V24_2,1576.7740,1275.4600,135.0000,3,2,1
18.9134,28,24,G28_V24_3,1711.7740,1140.4600,135.0000,4,2,1
18.9149,27,26,G27_V26_0,1620.4693,1363.0081,135.0000,1,2,0
18.9149,27,26,G27_V26_1,1485.4693,1498.0081,135.0000,2,2,0
18.9149,27,26,G27_V26_2,1350.4693,1363.0081,135.0000,3,2,1
18.9149,27,26,G27_V26_3,1485.4693,1228.0081,135.0000,4,2,1
18.9171,27,29,G27_V29_0,1794.0291,1237.2131,135.0000,1,2,0
18.9171,27,29,G27_V29_1,1659.0291,1372.2131,135.0000,2,2,0
18.9171,27,29,G27_V29_2,1524.0291,1237.2131,135.0000,3,2,1
18.9171,27,29,G27_V29_3,1659.0291,1102.2131,135.0000,4,2,1
18.9371,20,56,G20_V56_0,1920.4900,1041.1400,135.0000,1,2,0
18.9371,20,56,G20_V56_1,1785.4900,1176.1400,135.0000,2,2,0
18.9371,20,56,G20_V56_2,1650.4900,1041.1400,135.0000,3,2,1
18.9371,20,56,G20_V56_3,1785.4900,906.1400,135.0000,4,2,1
18.9401,19,60,G19_V60_0,1632.1500,1007.1400,135.0000,1,2,0
18.9401,19,60,G19_V60_1,1497.1500,1142.1400,135.0000,2,2,0
18.9401,19,60,G19_V60_2,1362.1500,1007.1400,135.0000,3,2,1
18.9401,19,60,G19_V60_3,1497.1500,872.1400,135.0000,4,2,1
18.9438,20,65,G20_V65_0,1854.1300,979.9800,135.0000,1,2,0
18.9438,20,65,G20_V65_1,1719.1300,1114.9800,135.0000,2,2,0
18.9438,20,65,G20_V65_2,1584.1300,979.9800,135.0000,3,2,1
18.9438,20,65,G20_V65_3,1719.1300,844.9800,135.0000,4,2,1
18.9482,18,71,G18_V71_0,1566.3300,994.6300,135.0000,1,2,0
18.9482,18,71,G18_V71_1,1431.3300,1129.6300,135.0000,2,2,0
18.9482,18,71,G18_V71_2,1296.3300,994.6300,135.0000,3,2,1
18.9482,18,71,G18_V71_3,1431.3300,859.6300,135.0000,4,2,1
18.9534,18,78,G18_V78_0,1580.1200,997.3300,135.0000,1,2,0
18.9534,18,78,G18_V78_1,1445.1200,1132.3300,135.0000,2,2,0
18.9534,18,78,G18_V78_2,1310.1200,997.3300,135.0000,3,2,1
18.9534,18,78,G18_V78_3,1445.1200,862.3300,135.0000,4,2,1
18.9542,19,79,G19_V79_0,1732.4329,1124.9087,135.0000,1,2,0
18.9542,19,79,G19_V79_1,1597.4329,1259.9087,135.0000,2,2,0
18.9542,19,79,G19_V79_2,1462.4329,1124.9087,135.0000,3,2,1
18.9542,19,79,G19_V79_3,1597.4329,989.9087,135.0000,4,2,1
18.9645,19,93,G19_V93_0,1625.2300,1006.1300,135.0000,1,2,0
18.9645,19,93,G19_V93_1,1490.2300,1141.1300,135.0000,2,2,0
18.9645,19,93,G19_V93_2,1355.2300,1006.1300,135.0000,3,2,1
18.9645,19,93,G19_V93_3,1490.2300,871.1300,135.0000,4,2,1
18.9660,26,95,G26_V95_0,1398.1728,1301.5297,135.0000,1,2,0
18.9660,26,95,G26_V95_1,1263.1728,1436.5297,135.0000,2,2,0
18.9660,26,95,G26_V95_2,1128.1728,1301.5297,135.0000,3,2,1
18.9660,26,95,G26_V95_3,1263.1728,1166.5297,135.0000,4,2,1
18.9668,19,96,G19_V96_0,1721.6915,1105.1134,135.0000,1,2,0
18.9668,19,96,G19_V96_1,1586.6915,1240.1134,135.0000,2,2,0
18.9668,19,96,G19_V96_2,1451.6915,1105.1134,135.0000,3,2,1
18.9668,19,96,G19_V96_3,1586.6915,970.1134,135.0000,4,2,1
18.9705,10,101,G10_V101_0,1553.0700,805.7800,135.0000,1,2,0
18.9705,10,101,G10_V101_1,1418.0700,940.7800,135.0000,2,2,0
18.9705,10,101,G10_V101_2,1283.0700,805.7800,135.0000,3,2,1
18.9705,10,101,G10_V101_3,1418.0700,670.7800,135.0000,4,2,1
18.9912,19,129,G19_V129_0,1594.9300,998.1300,135.0000,1,2,0
18.9912,19,129,G19_V129_1,1459.9300,1133.1300,135.0000,2,2,0
18.9912,19,129,G19_V129_2,1324.9300,998.1300,135.0000,3,2,1
18.9912,19,129,G19_V129_3,1459.9300,863.1300,135.0000,4,2,1
18.9919,45,130,G45_V130_0,2207.0995,1871.5295,135.0000,1,2,0
18.9919,45,130,G45_V130_1,2072.0995,2006.5295,135.0000,2,2,0
18.9919,45,130,G45_V130_2,1937.0995,1871.5295,135.0000,3,2,1
18.9919,45,130,G45_V130_3,2072.0995,1736.5295,135.0000,4,2,1
19.0023,27,9,G27_V9_0,1627.3909,1361.0333,135.0000,1,2,0
19.0023,27,9,G27_V9_1,1492.3909,1496.0333,135.0000,2,2,0
19.0023,27,9,G27_V9_2,1357.3909,1361.0333,135.0000,3,2,1
19.0023,27,9,G27_V9_3,1492.3909,1226.0333,135.0000,4,2,1
19.0038,12,11,G12_V11_0,1964.9775,880.0503,135.0000,1,2,0
19.0038,12,11,G12_V11_1,1829.9775,1015.0503,135.0000,2,2,0
19.0038,12,11,G12_V11_2,1694.9775,880.0503,135.0000,3,2,1
19.0038,12,11,G12_V11_3,1829.9775,745.0503,135.0000,4,2,1
19.0134,28,24,G28_V24_0,1846.4983,1275.5585,135.0000,1,2,0
19.0134,28,24,G28_V24_1,1711.4983,1410.5585,135.0000,2,2,0
19.0134,28,24,G28_V24_2,1576.4983,1275.5585,135.0000,3,2,1
19.0134,28,24,G28_V24_3,1711.4983,1140.5585,135.0000,4,2,1
19.0149,27,26,G27_V26_0,1619.7966,1363.5230,135.0000,1,2,0
19.0149,27,26,G27_V26_1,1484.7966,1498.5230,135.0000,2,2,0
19.0149,27,26,G27_V26_2,1349.7966,1363.5230,135.0000,3,2,1
19.0149,27,26,G27_V26_3,1484.7966,1228.5230,135.0000,4,2,1
19.0171,27,29,G27_V29_0,1794.3924,1237.9330,135.0000,1,2,0
19.0171,27,29,G27_V29_1,1659.3924,1372.9330,135.0000,2,2,0
19.0171,27,29,G27_V29_2,1524.3924,1237.9330,135.0000,3,2,1
19.0171,27,29,G27_V29_3,1659.3924,1102.9330,135.0000,4,2,1
19.0371,20,56,G20_V56_0,1920.4900,1041.1400,135.0000,1,2,0
19.0371,20,56,G20_V56_1,1785.4900,1176.1400,135.0000,2,2,0
19.0371,20,56,G20_V56_2,1650.4900,1041.1400,135.0000,3,2,1
19.0371,20,56,G20_V56_3,1785.4900,906.1400,135.0000,4,2,1
19.0401,19,60,G19_V60_0,1632.1500,1007.1400,135.0000,1,2,0
19.0401,19,60,G19_V60_1,1497.1500,1142.1400,135.0000,2,2,0
19.0401,19,60,G19_V60_2,1362.1500,1007.1400,135.0000,3,2,1
19.0401,19,60,G19_V60_3,1497.1500,872.1400,135.0000,4,2,1
19.0438,20,65,G20_V65_0,1854.1300,979.9800,135.0000,1,2,0
19.0438,20,65,G20_V65_1,1719.1300,1114.9800,135.0000,2,2,0
19.0438,20,65,G20_V65_2,1584.1300,979.9800,135.0000,3,2,1
19.0438,20,65,G20_V65_3,1719.1300,844.9800,135.0000,4,2,1
19.0482,18,71,G18_V71_0,1566.3300,994.6300,135.0000,1,2,0
19.0482,18,71,G18_V71_1,1431.3300,1129.6300,135.0000,2,2,0
19.0482,18,71,G18_V71_2,1296.3300,994.6300,135.0000,3,2,1
19.0482,18,71,G18_V71_3,1431.3300,859.6300,135.0000,4,2,1
19.0534,18,78,G18_V78_0,1580.1200,997.3300,135.0000,1,2,0
19.0534,18,78,G18_V78_1,1445.1200,1132.3300,135.0000,2,2,0
19.0534,18,78,G18_V78_2,1310.1200,997.3300,135.0000,3,2,1
19.0534,18,78,G18_V78_3,1445.1200,862.3300,135.0000,4,2,1
19.0542,19,79,G19_V79_0,1732.8528,1125.6888,135.0000,1,2,0
19.0542,19,79,G19_V79_1,1597.8528,1260.6888,135.0000,2,2,0
19.0542,19,79,G19_V79_2,1462.8528,1125.6888,135.0000,3,2,1
19.0542,19,79,G19_V79_3,1597.8528,990.6888,135.0000,4,2,1
19.0645,19,93,G19_V93_0,1625.2300,1006.1300,135.0000,1,2,0
19.0645,19,93,G19_V93_1,1490.2300,1141.1300,135.0000,2,2,0
19.0645,19,93,G19_V93_2,1355.2300,1006.1300,135.0000,3,2,1
19.0645,19,93,G19_V93_3,1490.2300,871.1300,135.0000,4,2,1
19.0660,26,95,G26_V95_0,1397.9128,1301.6017,135.0000,1,2,0
19.0660,26,95,G26_V95_1,1262.9128,1436.6017,135.0000,2,2,0
19.0660,26,95,G26_V95_2,1127.9128,1301.6017,135.0000,3,2,1
19.0660,26,95,G26_V95_3,1262.9128,1166.6017,135.0000,4,2,1
19.0668,19,96,G19_V96_0,1721.8865,1105.4542,135.0000,1,2,0
19.0668,19,96,G19_V96_1,1586.8865,1240.4542,135.0000,2,2,0
19.0668,19,96,G19_V96_2,1451.8865,1105.4542,135.0000,3,2,1
19.0668,19,96,G19_V96_3,1586.8865,970.4542,135.0000,4,2,1
19.0705,10,101,G10_V101_0,1553.0700,805.7800,135.0000,1,2,0
19.0705,10,101,G10_V101_1,1418.0700,940.7800,135.0000,2,2,0
19.0705,10,101,G10_V101_2,1283.0700,805.7800,135.0000,3,2,1
19.0705,10,101,G10_V101_3,1418.0700,670.7800,135.0000,4,2,1
19.0912,19,129,G19_V129_0,1594.9300,998.1300,135.0000,1,2,0
19.0912,19,129,G19_V129_1,1459.9300,1133.1300,135.0000,2,2,0
19.0912,19,129,G19_V129_2,1324.9300,998.1300,135.0000,3,2,1
19.0912,19,129,G19_V129_3,1459.9300,863.1300,135.0000,4,2,1
19.0919,45,130,G45_V130_0,2206.1774,1871.5502,135.0000,1,2,0
19.0919,45,130,G45_V130_1,2071.1774,2006.5502,135.0000,2,2,0
19.0919,45,130,G45_V130_2,1936.1774,1871.5502,135.0000,3,2,1
19.0919,45,130,G45_V130_3,2071.1774,1736.5502,135.0000,4,2,1
19.1023,27,9,G27_V9_0,1626.9817,1361.1810,135.0000,1,2,0
19.1023,27,9,G27_V9_1,1491.9817,1496.1810,135.0000,2,2,0
19.1023,27,9,G27_V9_2,1356.9817,1361.1810,135.0000,3,2,1
19.1023,27,9,G27_V9_3,1491.9817,1226.1810,135.0000,4,2,1
19.1038,12,11,G12_V11_0,1963.5596,880.8684,135.0000,1,2,0
19.1038,12,11,G12_V11_1,1828.5596,1015.8684,135.0000,2,2,0
19.1038,12,11,G12_V11_2,1693.5596,880.8684,135.0000,3,2,1
19.1038,12,11,G12_V11_3,1828.5596,745.8684,135.0000,4,2,1
19.1134,28,24,G28_V24_0,1846.0831,1275.7073,135.0000,1,2,0
19.1134,28,24,G28_V24_1,1711.0831,1410.7073,135.0000,2,2,0
19.1134,28,24,G28_V24_2,1576.0831,1275.7073,135.0000,3,2,1
19.1134,28,24,G28_V24_3,1711.0831,1140.7073,135.0000,4,2,1
19.1149,27,26,G27_V26_0,1618.8454,1363.8884,135.0000,1,2,0
19.1149,27,26,G27_V26_1,1483.8454,1498.8884,135.0000,2,2,0
19.1149,27,26,G27_V26_2,1348.8454,1363.8884,135.0000,3,2,1
19.1149,27,26,G27_V26_3,1483.8454,1228.8884,135.0000,4,2,1
19.1171,27,29,G27_V29_0,1794.8177,1238.7725,135.0000,1,2,0
19.1171,27,29,G27_V29_1,1659.8177,1373.7725,135.0000,2,2,0
19.1171,27,29,G27_V29_2,1524.8177,1238.7725,135.0000,3,2,1
19.1171,27,29,G27_V29_3,1659.8177,1103.7725,135.0000,4,2,1
19.1371,20,56,G20_V56_0,1920.4900,1041.1400,135.0000,1,2,0
19.1371,20,56,G20_V56_1,1785.4900,1176.1400,135.0000,2,2,0
19.1371,20,56,G20_V56_2,1650.4900,1041.1400,135.0000,3,2,1
19.1371,20,56,G20_V56_3,1785.4900,906.1400,135.0000,4,2,1
19.1401,19,60,G19_V60_0,1632.1500,1007.1400,135.0000,1,2,0
19.1401,19,60,G19_V60_1,1497.1500,1142.1400,135.0000,2,2,0
19.1401,19,60,G19_V60_2,1362.1500,1007.1400,135.0000,3,2,1
19.1401,19,60,G19_V60_3,1497.1500,872.1400,135.0000,4,2,1
19.1438,20,65,G20_V65_0,1854.1300,979.9800,135.0000,1,2,0
19.1438,20,65,G20_V65_1,1719.1300,1114.9800,135.0000,2,2,0
19.1438,20,65,G20_V65_2,1584.1300,979.9800,135.0000,3,2,1
19.1438,20,65,G20_V65_3,1719.1300,844.9800,135.0000,4,2,1
19.1482,18,71,G18_V71_0,1566.3300,994.6300,135.0000,1,2,0
19.1482,18,71,G18_V71_1,1431.3300,1129.6300,135.0000,2,2,0
19.1482,18,71,G18_V71_2,1296.3300,994.6300,135.0000,3,2,1
19.1482,18,71,G18_V71_3,1431.3300,859.6300,135.0000,4,2,1
19.1534,18,78,G18_V78_0,1580.1200,997.3300,135.0000,1,2,0
19.1534,18,78,G18_V78_1,1445.1200,1132.3300,135.0000,2,2,0
19.1534,18,78,G18_V78_2,1310.1200,997.3300,135.0000,3,2,1
19.1534,18,78,G18_V78_3,1445.1200,862.3300,135.0000,4,2,1
19.1542,19,79,G19_V79_0,1733.3204,1126.5557,135.0000,1,2,0
19.1542,19,79,G19_V79_1,1598.3204,1261.5557,135.0000,2,2,0
19.1542,19,79,G19_V79_2,1463.3204,1126.5557,135.0000,3,2,1
19.1542,19,79,G19_V79_3,1598.3204,991.5557,135.0000,4,2,1
19.1645,19,93,G19_V93_0,1625.2300,1006.1300,135.0000,1,2,0
19.1645,19,93,G19_V93_1,1490.2300,1141.1300,135.0000,2,2,0
19.1645,19,93,G19_V93_2,1355.2300,1006.1300,135.0000,3,2,1
19.1645,19,93,G19_V93_3,1490.2300,871.1300,135.0000,4,2,1
19.1660,26,95,G26_V95_0,1397.6275,1301.6805,135.0000,1,2,0
19.1660,26,95,G26_V95_1,1262.6275,1436.6805,135.0000,2,2,0
19.1660,26,95,G26_V95_2,1127.6275,1301.6805,135.0000,3,2,1
19.1660,26,95,G26_V95_3,1262.6275,1166.6805,135.0000,4,2,1
19.1668,19,96,G19_V96_0,1722.0971,1105.8302,135.0000,1,2,0
19.1668,19,96,G19_V96_1,1587.0971,1240.8302,135.0000,2,2,0
19.1668,19,96,G19_V96_2,1452.0971,1105.8302,135.0000,3,2,1
19.1668,19,96,G19_V96_3,1587.0971,970.8302,135.0000,4,2,1
19.1705,10,101,G10_V101_0,1553.0700,805.7800,135.0000,1,2,0
19.1705,10,101,G10_V101_1,1418.0700,940.7800,135.0000,2,2,0
19.1705,10,101,G10_V101_2,1283.0700,805.7800,135.0000,3,2,1
19.1705,10,101,G10_V101_3,1418.0700,670.7800,135.0000,4,2,1
19.1912,19,129,G19_V129_0,1594.9300,998.1300,135.0000,1,2,0
19.1912,19,129,G19_V129_1,1459.9300,1133.1300,135.0000,2,2,0
19.1912,19,129,G19_V129_2,1324.9300,998.1300,135.0000,3,2,1
19.1912,19,129,G19_V129_3,1459.9300,863.1300,135.0000,4,2,1
19.1919,45,130,G45_V130_0,2205.2057,1871.5722,135.0000,1,2,0
19.1919,45,130,G45_V130_1,2070.2057,2006.5722,135.0000,2,2,0
19.1919,45,130,G45_V130_2,1935.2057,1871.5722,135.0000,3,2,1
19.1919,45,130,G45_V130_3,2070.2057,1736.5722,135.0000,4,2,1
19.2023,27,9,G27_V9_0,1626.5726,1361.3287,135.0000,1,2,0
19.2023,27,9,G27_V9_1,1491.5726,1496.3287,135.0000,2,2,0
19.2023,27,9,G27_V9_2,1356.5726,1361.3287,135.0000,3,2,1
19.2023,27,9,G27_V9_3,1491.5726,1226.3287,135.0000,4,2,1
19.2038,12,11,G12_V11_0,1962.1417,881.6865,135.0000,1,2,0
19.2038,12,11,G12_V11_1,1827.1417,1016.6865,135.0000,2,2,0
19.2038,12,11,G12_V11_2,1692.1417,881.6865,135.0000,3,2,1
19.2038,12,11,G12_V11_3,1827.1417,746.6865,135.0000,4,2,1
19.2134,28,24,G28_V24_0,1845.6680,1275.8561,135.0000,1,2,0
19.2134,28,24,G28_V24_1,1710.6680,1410.8561,135.0000,2,2,0
19.2134,28,24,G28_V24_2,1575.6680,1275.8561,135.0000,3,2,1
19.2134,28,24,G28_V24_3,1710.6680,1140.8561,135.0000,4,2,1
19.2149,27,26,G27_V26_0,1617.8941,1364.2537,135.0000,1,2,0
19.2149,27,26,G27_V26_1,1482.8941,1499.2537,135.0000,2,2,0
19.2149,27,26,G27_V26_2,1347.8941,1364.2537,135.0000,3,2,1
19.2149,27,26,G27_V26_3,1482.8941,1229.2537,135.0000,4,2,1
19.2171,27,29,G27_V29_0,1795.2429,1239.6119,135.0000,1,2,0
19.2171,27,29,G27_V29_1,1660.2429,1374.6119,135.0000,2,2,0
19.2171,27,29,G27_V29_2,1525.2429,1239.6119,135.0000,3,2,1
19.2171,27,29,G27_V29_3,1660.2429,1104.6119,135.0000,4,2,1
19.2371,20,56,G20_V56_0,1920.4900,1041.1400,135.0000,1,2,0
19.2371,20,56,G20_V56_1,1785.4900,1176.1400,135.0000,2,2,0
19.2371,20,56,G20_V56_2,1650.4900,1041.1400,135.0000,3,2,1
19.2371,20,56,G20_V56_3,1785.4900,906.1400,135.0000,4,2,1
19.2401,19,60,G19_V60_0,1632.1500,1007.1400,135.0000,1,2,0
19.2401,19,60,G19_V60_1,1497.1500,1142.1400,135.0000,2,2,0
19.2401,19,60,G19_V60_2,1362.1500,1007.1400,135.0000,3,2,1
19.2401,19,60,G19_V60_3,1497.1500,872.1400,135.0000,4,2,1
19.2438,20,65,G20_V65_0,1854.1300,979.9800,135.0000,1,2,0
19.2438,20,65,G20_V65_1,1719.1300,1114.9800,135.0000,2,2,0
19.2438,20,65,G20_V65_2,1584.1300,979.9800,135.0000,3,2,1
19.2438,20,65,G20_V65_3,1719.1300,844.9800,135.0000,4,2,1
19.2482,18,71,G18_V71_0,1566.3300,994.6300,135.0000,1,2,0
19.2482,18,71,G18_V71_1,1431.3300,1129.6300,135.0000,2,2,0
19.2482,18,71,G18_V71_2,1296.3300,994.6300,135.0000,3,2,1
19.2482,18,71,G18_V71_3,1431.3300,859.6300,135.0000,4,2,1
19.2534,18,78,G18_V78_0,1580.1200,997.3300,135.0000,1,2,0
19.2534,18,78,G18_V78_1,1445.1200,1132.3300,135.0000,2,2,0
19.2534,18,78,G18_V78_2,1310.1200,997.3300,135.0000,3,2,1
19.2534,18,78,G18_V78_3,1445.1200,862.3300,135.0000,4,2,1
19.2542,19,79,G19_V79_0,1733.7880,1127.4227,135.0000,1,2,0
19.2542,19,79,G19_V79_1,1598.7880,1262.4227,135.0000,2,2,0
19.2542,19,79,G19_V79_2,1463.7880,1127.4227,135.0000,3,2,1
19.2542,19,79,G19_V79_3,1598.7880,992.4227,135.0000,4,2,1
19.2645,19,93,G19_V93_0,1625.2300,1006.1300,135.0000,1,2,0
19.2645,19,93,G19_V93_1,1490.2300,1141.1300,135.0000,2,2,0
19.2645,19,93,G19_V93_2,1355.2300,1006.1300,135.0000,3,2,1
19.2645,19,93,G19_V93_3,1490.2300,871.1300,135.0000,4,2,1
19.2660,26,95,G26_V95_0,1397.3422,1301.7593,135.0000,1,2,0
19.2660,26,95,G26_V95_1,1262.3422,1436.7593,135.0000,2,2,0
19.2660,26,95,G26_V95_2,1127.3422,1301.7593,135.0000,3,2,1
19.2660,26,95,G26_V95_3,1262.3422,1166.7593,135.0000,4,2,1
19.2668,19,96,G19_V96_0,1722.3077,1106.2063,135.0000,1,2,0
19.2668,19,96,G19_V96_1,1587.3077,1241.2063,135.0000,2,2,0
19.2668,19,96,G19_V96_2,1452.3077,1106.2063,135.0000,3,2,1
19.2668,19,96,G19_V96_3,1587.3077,971.2063,135.0000,4,2,1
19.2705,10,101,G10_V101_0,1553.0700,805.7800,135.0000,1,2,0
19.2705,10,101,G10_V101_1,1418.0700,940.7800,135.0000,2,2,0
19.2705,10,101,G10_V101_2,1283.0700,805.7800,135.0000,3,2,1
19.2705,10,101,G10_V101_3,1418.0700,670.7800,135.0000,4,2,1
19.2912,19,129,G19_V129_0,1594.9300,998.1300,135.0000,1,2,0
19.2912,19,129,G19_V129_1,1459.9300,1133.1300,135.0000,2,2,0
19.2912,19,129,G19_V129_2,1324.9300,998.1300,135.0000,3,2,1
19.2912,19,129,G19_V129_3,1459.9300,863.1300,135.0000,4,2,1
19.2920,45,130,G45_V130_0,2204.2339,1871.5943,135.0000,1,2,0
19.2920,45,130,G45_V130_1,2069.2339,2006.5943,135.0000,2,2,0
19.2920,45,130,G45_V130_2,1934.2339,1871.5943,135.0000,3,2,1
19.2920,45,130,G45_V130_3,2069.2339,1736.5943,135.0000,4,2,1
19.3023,27,9,G27_V9_0,1626.1634,1361.4764,135.0000,1,2,0
19.3023,27,9,G27_V9_1,1491.1634,1496.4764,135.0000,2,2,0
19.3023,27,9,G27_V9_2,1356.1634,1361.4764,135.0000,3,2,1
19.3023,27,9,G27_V9_3,1491.1634,1226.4764,135.0000,4,2,1
19.3038,12,11,G12_V11_0,1960.7237,882.5046,135.0000,1,2,0
19.3038,12,11,G12_V11_1,1825.7237,1017.5046,135.0000,2,2,0
19.3038,12,11,G12_V11_2,1690.7237,882.5046,135.0000,3,2,1
19.3038,12,11,G12_V11_3,1825.7237,747.5046,135.0000,4,2,1
19.3134,28,24,G28_V24_0,1845.2528,1276.0049,135.0000,1,2,0
19.3134,28,24,G28_V24_1,1710.2528,1411.0049,135.0000,2,2,0
19.3134,28,24,G28_V24_2,1575.2528,1276.0049,135.0000,3,2,1
19.3134,28,24,G28_V24_3,1710.2528,1141.0049,135.0000,4,2,1
19.3149,27,26,G27_V26_0,1616.9429,1364.6191,135.0000,1,2,0
19.3149,27,26,G27_V26_1,1481.9429,1499.6191,135.0000,2,2,0
19.3149,27,26,G27_V26_2,1346.9429,1364.6191,135.0000,3,2,1
19.3149,27,26,G27_V26_3,1481.9429,1229.6191,135.0000,4,2,1
19.3171,27,29,G27_V29_0,1795.6681,1240.4513,135.0000,1,2,0
19.3171,27,29,G27_V29_1,1660.6681,1375.4513,135.0000,2,2,0
19.3171,27,29,G27_V29_2,1525.6681,1240.4513,135.0000,3,2,1
19.3171,27,29,G27_V29_3,1660.6681,1105.4513,135.0000,4,2,1
19.3371,20,56,G20_V56_0,1920.4900,1041.1400,135.0000,1,2,0
19.3371,20,56,G20_V56_1,1785.4900,1176.1400,135.0000,2,2,0
19.3371,20,56,G20_V56_2,1650.4900,1041.1400,135.0000,3,2,1
19.3371,20,56,G20_V56_3,1785.4900,906.1400,135.0000,4,2,1
19.3401,19,60,G19_V60_0,1632.1500,1007.1400,135.0000,1,2,0
19.3401,19,60,G19_V60_1,1497.1500,1142.1400,135.0000,2,2,0
19.3401,19,60,G19_V60_2,1362.1500,1007.1400,135.0000,3,2,1
19.3401,19,60,G19_V60_3,1497.1500,872.1400,135.0000,4,2,1
19.3438,20,65,G20_V65_0,1854.1300,979.9800,135.0000,1,2,0
19.3438,20,65,G20_V65_1,1719.1300,1114.9800,135.0000,2,2,0
19.3438,20,65,G20_V65_2,1584.1300,979.9800,135.0000,3,2,1
19.3438,20,65,G20_V65_3,1719.1300,844.9800,135.0000,4,2,1
19.3482,18,71,G18_V71_0,1566.3300,994.6300,135.0000,1,2,0
19.3482,18,71,G18_V71_1,1431.3300,1129.6300,135.0000,2,2,0
19.3482,18,71,G18_V71_2,1296.3300,994.6300,135.0000,3,2,1
19.3482,18,71,G18_V71_3,1431.3300,859.6300,135.0000,4,2,1
19.3534,18,78,G18_V78_0,1580.1200,997.3300,135.0000,1,2,0
19.3534,18,78,G18_V78_1,1445.1200,1132.3300,135.0000,2,2,0
19.3534,18,78,G18_V78_2,1310.1200,997.3300,135.0000,3,2,1
19.3534,18,78,G18_V78_3,1445.1200,862.3300,135.0000,4,2,1
19.3542,19,79,G19_V79_0,1734.2556,1128.2896,135.0000,1,2,0
19.3542,19,79,G19_V79_1,1599.2556,1263.2896,135.0000,2,2,0
19.3542,19,79,G19_V79_2,1464.2556,1128.2896,135.0000,3,2,1
19.3542,19,79,G19_V79_3,1599.2556,993.2896,135.0000,4,2,1
19.3645,19,93,G19_V93_0,1625.2300,1006.1300,135.0000,1,2,0
19.3645,19,93,G19_V93_1,1490.2300,1141.1300,135.0000,2,2,0
19.3645,19,93,G19_V93_2,1355.2300,1006.1300,135.0000,3,2,1
19.3645,19,93,G19_V93_3,1490.2300,871.1300,135.0000,4,2,1
19.3660,26,95,G26_V95_0,1397.0569,1301.8381,135.0000,1,2,0
19.3660,26,95,G26_V95_1,1262.0569,1436.8381,135.0000,2,2,0
19.3660,26,95,G26_V95_2,1127.0569,1301.8381,135.0000,3,2,1
19.3660,26,95,G26_V95_3,1262.0569,1166.8381,135.0000,4,2,1
19.3668,19,96,G19_V96_0,1722.5183,1106.5823,135.0000,1,2,0
19.3668,19,96,G19_V96_1,1587.5183,1241.5823,135.0000,2,2,0
19.3668,19,96,G19_V96_2,1452.5183,1106.5823,135.0000,3,2,1
19.3668,19,96,G19_V96_3,1587.5183,971.5823,135.0000,4,2,1
19.3705,10,101,G10_V101_0,1553.0700,805.7800,135.0000,1,2,0
19.3705,10,101,G10_V101_1,1418.0700,940.7800,135.0000,2,2,0
19.3705,10,101,G10_V101_2,1283.0700,805.7800,135.0000,3,2,1
19.3705,10,101,G10_V101_3,1418.0700,670.7800,135.0000,4,2,1
19.3912,19,129,G19_V129_0,1594.9300,998.1300,135.0000,1,2,0
19.3912,19,129,G19_V129_1,1459.9300,1133.1300,135.0000,2,2,0
19.3912,19,129,G19_V129_2,1324.9300,998.1300,135.0000,3,2,1
19.3912,19,129,G19_V129_3,1459.9300,863.1300,135.0000,4,2,1
19.3919,45,130,G45_V130_0,2203.2622,1871.6163,135.0000,1,2,0
19.3919,45,130,G45_V130_1,2068.2622,2006.6163,135.0000,2,2,0
19.3919,45,130,G45_V130_2,1933.2622,1871.6163,135.0000,3,2,1
19.3919,45,130,G45_V130_3,2068.2622,1736.6163,135.0000,4,2,1
19.4023,27,9,G27_V9_0,1625.7543,1361.6241,135.0000,1,2,0
19.4023,27,9,G27_V9_1,1490.7543,1496.6241,135.0000,2,2,0
19.4023,27,9,G27_V9_2,1355.7543,1361.6241,135.0000,3,2,1
19.4023,27,9,G27_V9_3,1490.7543,1226.6241,135.0000,4,2,1
19.4038,12,11,G12_V11_0,1959.3058,883.3227,135.0000,1,2,0
19.4038,12,11,G12_V11_1,1824.3058,1018.3227,135.0000,2,2,0
19.4038,12,11,G12_V11_2,1689.3058,883.3227,135.0000,3,2,1
19.4038,12,11,G12_V11_3,1824.3058,748.3227,135.0000,4,2,1
19.4134,28,24,G28_V24_0,1844.8377,1276.1536,135.0000,1,2,0
19.4134,28,24,G28_V24_1,1709.8377,1411.1536,135.0000,2,2,0
19.4134,28,24,G28_V24_2,1574.8377,1276.1536,135.0000,3,2,1
19.4134,28,24,G28_V24_3,1709.8377,1141.1536,135.0000,4,2,1
19.4149,27,26,G27_V26_0,1615.9916,1364.9845,135.0000,1,2,0
19.4149,27,26,G27_V26_1,1480.9916,1499.9845,135.0000,2,2,0
19.4149,27,26,G27_V26_2,1345.9916,1364.9845,135.0000,3,2,1
19.4149,27,26,G27_V26_3,1480.9916,1229.9845,135.0000,4,2,1
19.4171,27,29,G27_V29_0,1796.0933,1241.2908,135.0000,1,2,0
19.4171,27,29,G27_V29_1,1661.0933,1376.2908,135.0000,2,2,0
19.4171,27,29,G27_V29_2,1526.0933,1241.2908,135.0000,3,2,1
19.4171,27,29,G27_V29_3,1661.0933,1106.2908,135.0000,4,2,1
19.4371,20,56,G20_V56_0,1920.4900,1041.1400,135.0000,1,2,0
19.4371,20,56,G20_V56_1,1785.4900,1176.1400,135.0000,2,2,0
19.4371,20,56,G20_V56_2,1650.4900,1041.1400,135.0000,3,2,1
19.4371,20,56,G20_V56_3,1785.4900,906.1400,135.0000,4,2,1
19.4401,19,60,G19_V60_0,1632.1500,1007.1400,135.0000,1,2,0
19.4401,19,60,G19_V60_1,1497.1500,1142.1400,135.0000,2,2,0
19.4401,19,60,G19_V60_2,1362.1500,1007.1400,135.0000,3,2,1
19.4401,19,60,G19_V60_3,1497.1500,872.1400,135.0000,4,2,1
19.4438,20,65,G20_V65_0,1854.1300,979.9800,135.0000,1,2,0
19.4438,20,65,G20_V65_1,1719.1300,1114.9800,135.0000,2,2,0
19.4438,20,65,G20_V65_2,1584.1300,979.9800,135.0000,3,2,1
19.4438,20,65,G20_V65_3,1719.1300,844.9800,135.0000,4,2,1
19.4482,18,71,G18_V71_0,1566.3300,994.6300,135.0000,1,2,0
19.4482,18,71,G18_V71_1,1431.3300,1129.6300,135.0000,2,2,0
19.4482,18,71,G18_V71_2,1296.3300,994.6300,135.0000,3,2,1
19.4482,18,71,G18_V71_3,1431.3300,859.6300,135.0000,4,2,1
19.4534,18,78,G18_V78_0,1580.1200,997.3300,135.0000,1,2,0
19.4534,18,78,G18_V78_1,1445.1200,1132.3300,135.0000,2,2,0
19.4534,18,78,G18_V78_2,1310.1200,997.3300,135.0000,3,2,1
19.4534,18,78,G18_V78_3,1445.1200,862.3300,135.0000,4,2,1
19.4542,19,79,G19_V79_0,1734.7232,1129.1566,135.0000,1,2,0
19.4542,19,79,G19_V79_1,1599.7232,1264.1566,135.0000,2,2,0
19.4542,19,79,G19_V79_2,1464.7232,1129.1566,135.0000,3,2,1
19.4542,19,79,G19_V79_3,1599.7232,994.1566,135.0000,4,2,1
19.4645,19,93,G19_V93_0,1625.2300,1006.1300,135.0000,1,2,0
19.4645,19,93,G19_V93_1,1490.2300,1141.1300,135.0000,2,2,0
19.4645,19,93,G19_V93_2,1355.2300,1006.1300,135.0000,3,2,1
19.4645,19,93,G19_V93_3,1490.2300,871.1300,135.0000,4,2,1
19.4660,26,95,G26_V95_0,1396.7715,1301.9169,135.0000,1,2,0
19.4660,26,95,G26_V95_1,1261.7715,1436.9169,135.0000,2,2,0
19.4660,26,95,G26_V95_2,1126.7715,1301.9169,135.0000,3,2,1
19.4660,26,95,G26_V95_3,1261.7715,1166.9169,135.0000,4,2,1
19.4668,19,96,G19_V96_0,1722.7289,1106.9583,135.0000,1,2,0
19.4668,19,96,G19_V96_1,1587.7289,1241.9583,135.0000,2,2,0
19.4668,19,96,G19_V96_2,1452.7289,1106.9583,135.0000,3,2,1
19.4668,19,96,G19_V96_3,1587.7289,971.9583,135.0000,4,2,1
19.4705,10,101,G10_V101_0,1553.0700,805.7800,135.0000,1,2,0
19.4705,10,101,G10_V101_1,1418.0700,940.7800,135.0000,2,2,0
19.4705,10,101,G10_V101_2,1283.0700,805.7800,135.0000,3,2,1
19.4705,10,101,G10_V101_3,1418.0700,670.7800,135.0000,4,2,1
19.4912,19,129,G19_V129_0,1594.9300,998.1300,135.0000,1,2,0
19.4912,19,129,G19_V129_1,1459.9300,1133.1300,135.0000,2,2,0
19.4912,19,129,G19_V129_2,1324.9300,998.1300,135.0000,3,2,1
19.4912,19,129,G19_V129_3,1459.9300,863.1300,135.0000,4,2,1
19.4919,45,130,G45_V130_0,2202.2904,1871.6383,135.0000,1,2,0
19.4919,45,130,G45_V130_1,2067.2904,2006.6383,135.0000,2,2,0
19.4919,45,130,G45_V130_2,1932.2904,1871.6383,135.0000,3,2,1
19.4919,45,130,G45_V130_3,2067.2904,1736.6383,135.0000,4,2,1
19.5023,27,9,G27_V9_0,1625.3451,1361.7718,135.0000,1,2,0
19.5023,27,9,G27_V9_1,1490.3451,1496.7718,135.0000,2,2,0
19.5023,27,9,G27_V9_2,1355.3451,1361.7718,135.0000,3,2,1
19.5023,27,9,G27_V9_3,1490.3451,1226.7718,135.0000,4,2,1
19.5038,12,11,G12_V11_0,1957.8879,884.1408,135.0000,1,2,0
19.5038,12,11,G12_V11_1,1822.8879,1019.1408,135.0000,2,2,0
19.5038,12,11,G12_V11_2,1687.8879,884.1408,135.0000,3,2,1
19.5038,12,11,G12_V11_3,1822.8879,749.1408,135.0000,4,2,1
19.5134,28,24,G28_V24_0,1844.4225,1276.3024,135.0000,1,2,0
19.5134,28,24,G28_V24_1,1709.4225,1411.3024,135.0000,2,2,0
19.5134,28,24,G28_V24_2,1574.4225,1276.3024,135.0000,3,2,1
19.5134,28,24,G28_V24_3,1709.4225,1141.3024,135.0000,4,2,1
19.5149,27,26,G27_V26_0,1615.0404,1365.3498,135.0000,1,2,0
19.5149,27,26,G27_V26_1,1480.0404,1500.3498,135.0000,2,2,0
19.5149,27,26,G27_V26_2,1345.0404,1365.3498,135.0000,3,2,1
19.5149,27,26,G27_V26_3,1480.0404,1230.3498,135.0000,4,2,1
19.5171,27,29,G27_V29_0,1796.5186,1242.1302,135.0000,1,2,0
19.5171,27,29,G27_V29_1,1661.5186,1377.1302,135.0000,2,2,0
19.5171,27,29,G27_V29_2,1526.5186,1242.1302,135.0000,3,2,1
19.5171,27,29,G27_V29_3,1661.5186,1107.1302,135.0000,4,2,1
19.5371,20,56,G20_V56_0,1920.4900,1041.1400,135.0000,1,2,0
19.5371,20,56,G20_V56_1,1785.4900,1176.1400,135.0000,2,2,0
19.5371,20,56,G20_V56_2,1650.4900,1041.1400,135.0000,3,2,1
19.5371,20,56,G20_V56_3,1785.4900,906.1400,135.0000,4,2,1
19.5401,19,60,G19_V60_0,1632.1500,1007.1400,135.0000,1,2,0
19.5401,19,60,G19_V60_1,1497.1500,1142.1400,135.0000,2,2,0
19.5401,19,60,G19_V60_2,1362.1500,1007.1400,135.0000,3,2,1
19.5401,19,60,G19_V60_3,1497.1500,872.1400,135.0000,4,2,1
19.5438,20,65,G20_V65_0,1854.1300,979.9800,135.0000,1,2,0
19.5438,20,65,G20_V65_1,1719.1300,1114.9800,135.0000,2,2,0
19.5438,20,65,G20_V65_2,1584.1300,979.9800,135.0000,3,2,1
19.5438,20,65,G20_V65_3,1719.1300,844.9800,135.0000,4,2,1
19.5482,18,71,G18_V71_0,1566.3300,994.6300,135.0000,1,2,0
19.5482,18,71,G18_V71_1,1431.3300,1129.6300,135.0000,2,2,0
19.5482,18,71,G18_V71_2,1296.3300,994.6300,135.0000,3,2,1
19.5482,18,71,G18_V71_3,1431.3300,859.6300,135.0000,4,2,1
19.5534,18,78,G18_V78_0,1580.1200,997.3300,135.0000,1,2,0
19.5534,18,78,G18_V78_1,1445.1200,1132.3300,135.0000,2,2,0
19.5534,18,78,G18_V78_2,1310.1200,997.3300,135.0000,3,2,1
19.5534,18,78,G18_V78_3,1445.1200,862.3300,135.0000,4,2,1
19.5542,19,79,G19_V79_0,1735.1908,1130.0235,135.0000,1,2,0
19.5542,19,79,G19_V79_1,1600.1908,1265.0235,135.0000,2,2,0
19.5542,19,79,G19_V79_2,1465.1908,1130.0235,135.0000,3,2,1
19.5542,19,79,G19_V79_3,1600.1908,995.0235,135.0000,4,2,1
19.5645,19,93,G19_V93_0,1625.2300,1006.1300,135.0000,1,2,0
19.5645,19,93,G19_V93_1,1490.2300,1141.1300,135.0000,2,2,0
19.5645,19,93,G19_V93_2,1355.2300,1006.1300,135.0000,3,2,1
19.5645,19,93,G19_V93_3,1490.2300,871.1300,135.0000,4,2,1
19.5660,26,95,G26_V95_0,1396.4862,1301.9958,135.0000,1,2,0
19.5660,26,95,G26_V95_1,1261.4862,1436.9958,135.0000,2,2,0
19.5660,26,95,G26_V95_2,1126.4862,1301.9958,135.0000,3,2,1
19.5660,26,95,G26_V95_3,1261.4862,1166.9958,135.0000,4,2,1
19.5668,19,96,G19_V96_0,1722.9395,1107.3344,135.0000,1,2,0
19.5668,19,96,G19_V96_1,1587.9395,1242.3344,135.0000,2,2,0
19.5668,19,96,G19_V96_2,1452.9395,1107.3344,135.0000,3,2,1
19.5668,19,96,G19_V96_3,1587.9395,972.3344,135.0000,4,2,1
19.5705,10,101,G10_V101_0,1553.0700,805.7800,135.0000,1,2,0
19.5705,10,101,G10_V101_1,1418.0700,940.7800,135.0000,2,2,0
19.5705,10,101,G10_V101_2,1283.0700,805.7800,135.0000,3,2,1
19.5705,10,101,G10_V101_3,1418.0700,670.7800,135.0000,4,2,1
19.5912,19,129,G19_V129_0,1594.9300,998.1300,135.0000,1,2,0
19.5912,19,129,G19_V129_1,1459.9300,1133.1300,135.0000,2,2,0
19.5912,19,129,G19_V129_2,1324.9300,998.1300,135.0000,3,2,1
19.5912,19,129,G19_V129_3,1459.9300,863.1300,135.0000,4,2,1
19.5919,45,130,G45_V130_0,2201.3187,1871.6603,135.0000,1,2,0
19.5919,45,130,G45_V130_1,2066.3187,2006.6603,135.0000,2,2,0
19.5919,45,130,G45_V130_2,1931.3187,1871.6603,135.0000,3,2,1
19.5919,45,130,G45_V130_3,2066.3187,1736.6603,135.0000,4,2,1
19.6023,27,9,G27_V9_0,1624.9360,1361.9195,135.0000,1,2,0
19.6023,27,9,G27_V9_1,1489.9360,1496.9195,135.0000,2,2,0
19.6023,27,9,G27_V9_2,1354.9360,1361.9195,135.0000,3,2,1
19.6023,27,9,G27_V9_3,1489.9360,1226.9195,135.0000,4,2,1
19.6038,12,11,G12_V11_0,1956.4700,884.9589,135.0000,1,2,0
19.6038,12,11,G12_V11_1,1821.4700,1019.9589,135.0000,2,2,0
19.6038,12,11,G12_V11_2,1686.4700,884.9589,135.0000,3,2,1
19.6038,12,11,G12_V11_3,1821.4700,749.9589,135.0000,4,2,1
19.6134,28,24,G28_V24_0,1844.0074,1276.4512,135.0000,1,2,0
19.6134,28,24,G28_V24_1,1709.0074,1411.4512,135.0000,2,2,0
19.6134,28,24,G28_V24_2,1574.0074,1276.4512,135.0000,3,2,1
19.6134,28,24,G28_V24_3,1709.0074,1141.4512,135.0000,4,2,1
19.6149,27,26,G27_V26_0,1614.0891,1365.7152,135.0000,1,2,0
19.6149,27,26,G27_V26_1,1479.0891,1500.7152,135.0000,2,2,0
19.6149,27,26,G27_V26_2,1344.0891,1365.7152,135.0000,3,2,1
19.6149,27,26,G27_V26_3,1479.0891,1230.7152,135.0000,4,2,1
19.6171,27,29,G27_V29_0,1796.9438,1242.9697,135.0000,1,2,0
19.6171,27,29,G27_V29_1,1661.9438,1377.9697,135.0000,2,2,0
19.6171,27,29,G27_V29_2,1526.9438,1242.9697,135.0000,3,2,1
19.6171,27,29,G27_V29_3,1661.9438,1107.9697,135.0000,4,2,1
19.6371,20,56,G20_V56_0,1920.4900,1041.1400,135.0000,1,2,0
19.6371,20,56,G20_V56_1,1785.4900,1176.1400,135.0000,2,2,0
19.6371,20,56,G20_V56_2,1650.4900,1041.1400,135.0000,3,2,1
19.6371,20,56,G20_V56_3,1785.4900,906.1400,135.0000,4,2,1
19.6401,19,60,G19_V60_0,1632.1500,1007.1400,135.0000,1,2,0
19.6401,19,60,G19_V60_1,1497.1500,1142.1400,135.0000,2,2,0
19.6401,19,60,G19_V60_2,1362.1500,1007.1400,135.0000,3,2,1
19.6401,19,60,G19_V60_3,1497.1500,872.1400,135.0000,4,2,1
19.6438,20,65,G20_V65_0,1854.1300,979.9800,135.0000,1,2,0
19.6438,20,65,G20_V65_1,1719.1300,1114.9800,135.0000,2,2,0
19.6438,20,65,G20_V65_2,1584.1300,979.9800,135.0000,3,2,1
19.6438,20,65,G20_V65_3,1719.1300,844.9800,135.0000,4,2,1
19.6482,18,71,G18_V71_0,1566.3300,994.6300,135.0000,1,2,0
19.6482,18,71,G18_V71_1,1431.3300,1129.6300,135.0000,2,2,0
19.6482,18,71,G18_V71_2,1296.3300,994.6300,135.0000,3,2,1
19.6482,18,71,G18_V71_3,1431.3300,859.6300,135.0000,4,2,1
19.6534,18,78,G18_V78_0,1580.1200,997.3300,135.0000,1,2,0
19.6534,18,78,G18_V78_1,1445.1200,1132.3300,135.0000,2,2,0
19.6534,18,78,G18_V78_2,1310.1200,997.3300,135.0000,3,2,1
19.6534,18,78,G18_V78_3,1445.1200,862.3300,135.0000,4,2,1
19.6542,19,79,G19_V79_0,1735.6584,1130.8904,135.0000,1,2,0
19.6542,19,79,G19_V79_1,1600.6584,1265.8904,135.0000,2,2,0
19.6542,19,79,G19_V79_2,1465.6584,1130.8904,135.0000,3,2,1
19.6542,19,79,G19_V79_3,1600.6584,995.8904,135.0000,4,2,1
19.6645,19,93,G19_V93_0,1625.2300,1006.1300,135.0000,1,2,0
19.6645,19,93,G19_V93_1,1490.2300,1141.1300,135.0000,2,2,0
19.6645,19,93,G19_V93_2,1355.2300,1006.1300,135.0000,3,2,1
19.6645,19,93,G19_V93_3,1490.2300,871.1300,135.0000,4,2,1
19.6660,26,95,G26_V95_0,1396.2009,1302.0746,135.0000,1,2,0
19.6660,26,95,G26_V95_1,1261.2009,1437.0746,135.0000,2,2,0
19.6660,26,95,G26_V95_2,1126.2009,1302.0746,135.0000,3,2,1
19.6660,26,95,G26_V95_3,1261.2009,1167.0746,135.0000,4,2,1
19.6668,19,96,G19_V96_0,1723.1501,1107.7104,135.0000,1,2,0
19.6668,19,96,G19_V96_1,1588.1501,1242.7104,135.0000,2,2,0
19.6668,19,96,G19_V96_2,1453.1501,1107.7104,135.0000,3,2,1
19.6668,19,96,G19_V96_3,1588.1501,972.7104,135.0000,4,2,1
19.6705,10,101,G10_V101_0,1553.0700,805.7800,135.0000,1,2,0
19.6705,10,101,G10_V101_1,1418.0700,940.7800,135.0000,2,2,0
19.6705,10,101,G10_V101_2,1283.0700,805.7800,135.0000,3,2,1
19.6705,10,101,G10_V101_3,1418.0700,670.7800,135.0000,4,2,1
19.6912,19,129,G19_V129_0,1594.9300,998.1300,135.0000,1,2,0
19.6912,19,129,G19_V129_1,1459.9300,1133.1300,135.0000,2,2,0
19.6912,19,129,G19_V129_2,1324.9300,998.1300,135.0000,3,2,1
19.6912,19,129,G19_V129_3,1459.9300,863.1300,135.0000,4,2,1
19.6920,45,130,G45_V130_0,2200.3469,1871.6823,135.0000,1,2,0
19.6920,45,130,G45_V130_1,2065.3469,2006.6823,135.0000,2,2,0
19.6920,45,130,G45_V130_2,1930.3469,1871.6823,135.0000,3,2,1
19.6920,45,130,G45_V130_3,2065.3469,1736.6823,135.0000,4,2,1
19.7023,27,9,G27_V9_0,1624.5268,1362.0672,135.0000,1,2,0
19.7023,27,9,G27_V9_1,1489.5268,1497.0672,135.0000,2,2,0
19.7023,27,9,G27_V9_2,1354.5268,1362.0672,135.0000,3,2,1
19.7023,27,9,G27_V9_3,1489.5268,1227.0672,135.0000,4,2,1
19.7038,12,11,G12_V11_0,1955.0521,885.7770,135.0000,1,2,0
19.7038,12,11,G12_V11_1,1820.0521,1020.7770,135.0000,2,2,0
19.7038,12,11,G12_V11_2,1685.0521,885.7770,135.0000,3,2,1
19.7038,12,11,G12_V11_3,1820.0521,750.7770,135.0000,4,2,1
19.7134,28,24,G28_V24_0,1843.5922,1276.5999,135.0000,1,2,0
19.7134,28,24,G28_V24_1,1708.5922,1411.5999,135.0000,2,2,0
19.7134,28,24,G28_V24_2,1573.5922,1276.5999,135.0000,3,2,1
19.7134,28,24,G28_V24_3,1708.5922,1141.5999,135.0000,4,2,1
19.7149,27,26,G27_V26_0,1613.1379,1366.0805,135.0000,1,2,0
19.7149,27,26,G27_V26_1,1478.1379,1501.0805,135.0000,2,2,0
19.7149,27,26,G27_V26_2,1343.1379,1366.0805,135.0000,3,2,1
19.7149,27,26,G27_V26_3,1478.1379,1231.0805,135.0000,4,2,1
19.7171,27,29,G27_V29_0,1797.3690,1243.8091,135.0000,1,2,0
19.7171,27,29,G27_V29_1,1662.3690,1378.8091,135.0000,2,2,0
19.7171,27,29,G27_V29_2,1527.3690,1243.8091,135.0000,3,2,1
19.7171,27,29,G27_V29_3,1662.3690,1108.8091,135.0000,4,2,1
19.7371,20,56,G20_V56_0,1920.4900,1041.1400,135.0000,1,2,0
19.7371,20,56,G20_V56_1,1785.4900,1176.1400,135.0000,2,2,0
19.7371,20,56,G20_V56_2,1650.4900,1041.1400,135.0000,3,2,1
19.7371,20,56,G20_V56_3,1785.4900,906.1400,135.0000,4,2,1
19.7401,19,60,G19_V60_0,1632.1500,1007.1400,135.0000,1,2,0
19.7401,19,60,G19_V60_1,1497.1500,1142.1400,135.0000,2,2,0
19.7401,19,60,G19_V60_2,1362.1500,1007.1400,135.0000,3,2,1
19.7401,19,60,G19_V60_3,1497.1500,872.1400,135.0000,4,2,1
19.7438,20,65,G20_V65_0,1854.1300,979.9800,135.0000,1,2,0
19.7438,20,65,G20_V65_1,1719.1300,1114.9800,135.0000,2,2,0
19.7438,20,65,G20_V65_2,1584.1300,979.9800,135.0000,3,2,1
19.7438,20,65,G20_V65_3,1719.1300,844.9800,135.0000,4,2,1
19.7482,18,71,G18_V71_0,1566.3300,994.6300,135.0000,1,2,0
19.7482,18,71,G18_V71_1,1431.3300,1129.6300,135.0000,2,2,0
19.7482,18,71,G18_V71_2,1296.3300,994.6300,135.0000,3,2,1
19.7482,18,71,G18_V71_3,1431.3300,859.6300,135.0000,4,2,1
19.7534,18,78,G18_V78_0,1580.1200,997.3300,135.0000,1,2,0
19.7534,18,78,G18_V78_1,1445.1200,1132.3300,135.0000,2,2,0
19.7534,18,78,G18_V78_2,1310.1200,997.3300,135.0000,3,2,1
19.7534,18,78,G18_V78_3,1445.1200,862.3300,135.0000,4,2,1
19.7542,19,79,G19_V79_0,1736.1259,1131.7574,135.0000,1,2,0
19.7542,19,79,G19_V79_1,1601.1259,1266.7574,135.0000,2,2,0
19.7542,19,79,G19_V79_2,1466.1259,1131.7574,135.0000,3,2,1
19.7542,19,79,G19_V79_3,1601.1259,996.7574,135.0000,4,2,1
19.7645,19,93,G19_V93_0,1625.2300,1006.1300,135.0000,1,2,0
19.7645,19,93,G19_V93_1,1490.2300,1141.1300,135.0000,2,2,0
19.7645,19,93,G19_V93_2,1355.2300,1006.1300,135.0000,3,2,1
19.7645,19,93,G19_V93_3,1490.2300,871.1300,135.0000,4,2,1
19.7660,26,95,G26_V95_0,1395.9156,1302.1534,135.0000,1,2,0
19.7660,26,95,G26_V95_1,1260.9156,1437.1534,135.0000,2,2,0
19.7660,26,95,G26_V95_2,1125.9156,1302.1534,135.0000,3,2,1
19.7660,26,95,G26_V95_3,1260.9156,1167.1534,135.0000,4,2,1
19.7668,19,96,G19_V96_0,1723.3607,1108.0865,135.0000,1,2,0
19.7668,19,96,G19_V96_1,1588.3607,1243.0865,135.0000,2,2,0
19.7668,19,96,G19_V96_2,1453.3607,1108.0865,135.0000,3,2,1
19.7668,19,96,G19_V96_3,1588.3607,973.0865,135.0000,4,2,1
19.7705,10,101,G10_V101_0,1553.0700,805.7800,135.0000,1,2,0
19.7705,10,101,G10_V101_1,1418.0700,940.7800,135.0000,2,2,0
19.7705,10,101,G10_V101_2,1283.0700,805.7800,135.0000,3,2,1
19.7705,10,101,G10_V101_3,1418.0700,670.7800,135.0000,4,2,1
19.7912,19,129,G19_V129_0,1594.9300,998.1300,135.0000,1,2,0
19.7912,19,129,G19_V129_1,1459.9300,1133.1300,135.0000,2,2,0
19.7912,19,129,G19_V129_2,1324.9300,998.1300,135.0000,3,2,1
19.7912,19,129,G19_V129_3,1459.9300,863.1300,135.0000,4,2,1
19.7919,45,130,G45_V130_0,2199.3752,1871.7043,135.0000,1,2,0
19.7919,45,130,G45_V130_1,2064.3752,2006.7043,135.0000,2,2,0
19.7919,45,130,G45_V130_2,1929.3752,1871.7043,135.0000,3,2,1
19.7919,45,130,G45_V130_3,2064.3752,1736.7043,135.0000,4,2,1
19.8023,27,9,G27_V9_0,1624.1176,1362.2149,135.0000,1,2,0
19.8023,27,9,G27_V9_1,1489.1176,1497.2149,135.0000,2,2,0
19.8023,27,9,G27_V9_2,1354.1176,1362.2149,135.0000,3,2,1
19.8023,27,9,G27_V9_3,1489.1176,1227.2149,135.0000,4,2,1
19.8038,12,11,G12_V11_0,1953.6342,886.5951,135.0000,1,2,0
19.8038,12,11,G12_V11_1,1818.6342,1021.5951,135.0000,2,2,0
19.8038,12,11,G12_V11_2,1683.6342,886.5951,135.0000,3,2,1
19.8038,12,11,G12_V11_3,1818.6342,751.5951,135.0000,4,2,1
19.8134,28,24,G28_V24_0,1843.1771,1276.7487,135.0000,1,2,0
19.8134,28,24,G28_V24_1,1708.1771,1411.7487,135.0000,2,2,0
19.8134,28,24,G28_V24_2,1573.1771,1276.7487,135.0000,3,2,1
19.8134,28,24,G28_V24_3,1708.1771,1141.7487,135.0000,4,2,1
19.8149,27,26,G27_V26_0,1612.1866,1366.4459,135.0000,1,2,0
19.8149,27,26,G27_V26_1,1477.1866,1501.4459,135.0000,2,2,0
19.8149,27,26,G27_V26_2,1342.1866,1366.4459,135.0000,3,2,1
19.8149,27,26,G27_V26_3,1477.1866,1231.4459,135.0000,4,2,1
19.8171,27,29,G27_V29_0,1797.7942,1244.6486,135.0000,1,2,0
19.8171,27,29,G27_V29_1,1662.7942,1379.6486,135.0000,2,2,0
19.8171,27,29,G27_V29_2,1527.7942,1244.6486,135.0000,3,2,1
19.8171,27,29,G27_V29_3,1662.7942,1109.6486,135.0000,4,2,1
19.8371,20,56,G20_V56_0,1920.4900,1041.1400,135.0000,1,2,0
19.8371,20,56,G20_V56_1,1785.4900,1176.1400,135.0000,2,2,0
19.8371,20,56,G20_V56_2,1650.4900,1041.1400,135.0000,3,2,1
19.8371,20,56,G20_V56_3,1785.4900,906.1400,135.0000,4,2,1
19.8401,19,60,G19_V60_0,1632.1500,1007.1400,135.0000,1,2,0
19.8401,19,60,G19_V60_1,1497.1500,1142.1400,135.0000,2,2,0
19.8401,19,60,G19_V60_2,1362.1500,1007.1400,135.0000,3,2,1
19.8401,19,60,G19_V60_3,1497.1500,872.1400,135.0000,4,2,1
19.8438,20,65,G20_V65_0,1854.1300,979.9800,135.0000,1,2,0
19.8438,20,65,G20_V65_1,1719.1300,1114.9800,135.0000,2,2,0
19.8438,20,65,G20_V65_2,1584.1300,979.9800,135.0000,3,2,1
19.8438,20,65,G20_V65_3,1719.1300,844.9800,135.0000,4,2,1
19.8482,18,71,G18_V71_0,1566.3300,994.6300,135.0000,1,2,0
19.8482,18,71,G18_V71_1,1431.3300,1129.6300,135.0000,2,2,0
19.8482,18,71,G18_V71_2,1296.3300,994.6300,135.0000,3,2,1
19.8482,18,71,G18_V71_3,1431.3300,859.6300,135.0000,4,2,1
19.8534,18,78,G18_V78_0,1580.1200,997.3300,135.0000,1,2,0
19.8534,18,78,G18_V78_1,1445.1200,1132.3300,135.0000,2,2,0
19.8534,18,78,G18_V78_2,1310.1200,997.3300,135.0000,3,2,1
19.8534,18,78,G18_V78_3,1445.1200,862.3300,135.0000,4,2,1
19.8542,19,79,G19_V79_0,1736.5935,1132.6243,135.0000,1,2,0
19.8542,19,79,G19_V79_1,1601.5935,1267.6243,135.0000,2,2,0
19.8542,19,79,G19_V79_2,1466.5935,1132.6243,135.0000,3,2,1
19.8542,19,79,G19_V79_3,1601.5935,997.6243,135.0000,4,2,1
19.8645,19,93,G19_V93_0,1625.2300,1006.1300,135.0000,1,2,0
19.8645,19,93,G19_V93_1,1490.2300,1141.1300,135.0000,2,2,0
19.8645,19,93,G19_V93_2,1355.2300,1006.1300,135.0000,3,2,1
19.8645,19,93,G19_V93_3,1490.2300,871.1300,135.0000,4,2,1
19.8660,26,95,G26_V95_0,1395.6303,1302.2322,135.0000,1,2,0
19.8660,26,95,G26_V95_1,1260.6303,1437.2322,135.0000,2,2,0
19.8660,26,95,G26_V95_2,1125.6303,1302.2322,135.0000,3,2,1
19.8660,26,95,G26_V95_3,1260.6303,1167.2322,135.0000,4,2,1
19.8668,19,96,G19_V96_0,1723.5714,1108.4625,135.0000,1,2,0
19.8668,19,96,G19_V96_1,1588.5714,1243.4625,135.0000,2,2,0
19.8668,19,96,G19_V96_2,1453.5714,1108.4625,135.0000,3,2,1
19.8668,19,96,G19_V96_3,1588.5714,973.4625,135.0000,4,2,1
19.8705,10,101,G10_V101_0,1553.0700,805.7800,135.0000,1,2,0
19.8705,10,101,G10_V101_1,1418.0700,940.7800,135.0000,2,2,0
19.8705,10,101,G10_V101_2,1283.0700,805.7800,135.0000,3,2,1
19.8705,10,101,G10_V101_3,1418.0700,670.7800,135.0000,4,2,1
19.8912,19,129,G19_V129_0,1594.9300,998.1300,135.0000,1,2,0
19.8912,19,129,G19_V129_1,1459.9300,1133.1300,135.0000,2,2,0
19.8912,19,129,G19_V129_2,1324.9300,998.1300,135.0000,3,2,1
19.8912,19,129,G19_V129_3,1459.9300,863.1300,135.0000,4,2,1
19.8919,45,130,G45_V130_0,2198.4034,1871.7264,135.0000,1,2,0
19.8919,45,130,G45_V130_1,2063.4034,2006.7264,135.0000,2,2,0
19.8919,45,130,G45_V130_2,1928.4034,1871.7264,135.0000,3,2,1
19.8919,45,130,G45_V130_3,2063.4034,1736.7264,135.0000,4,2,1
19.9023,27,9,G27_V9_0,1623.7085,1362.3625,135.0000,1,2,0
19.9023,27,9,G27_V9_1,1488.7085,1497.3625,135.0000,2,2,0
19.9023,27,9,G27_V9_2,1353.7085,1362.3625,135.0000,3,2,1
19.9023,27,9,G27_V9_3,1488.7085,1227.3625,135.0000,4,2,1
19.9038,12,11,G12_V11_0,1952.2163,887.4132,135.0000,1,2,0
19.9038,12,11,G12_V11_1,1817.2163,1022.4132,135.0000,2,2,0
19.9038,12,11,G12_V11_2,1682.2163,887.4132,135.0000,3,2,1
19.9038,12,11,G12_V11_3,1817.2163,752.4132,135.0000,4,2,1
19.9134,28,24,G28_V24_0,1842.7619,1276.8975,135.0000,1,2,0
19.9134,28,24,G28_V24_1,1707.7619,1411.8975,135.0000,2,2,0
19.9134,28,24,G28_V24_2,1572.7619,1276.8975,135.0000,3,2,1
19.9134,28,24,G28_V24_3,1707.7619,1141.8975,135.0000,4,2,1
19.9149,27,26,G27_V26_0,1611.2354,1366.8112,135.0000,1,2,0
19.9149,27,26,G27_V26_1,1476.2354,1501.8112,135.0000,2,2,0
19.9149,27,26,G27_V26_2,1341.2354,1366.8112,135.0000,3,2,1
19.9149,27,26,G27_V26_3,1476.2354,1231.8112,135.0000,4,2,1
19.9171,27,29,G27_V29_0,1798.2195,1245.4880,135.0000,1,2,0
19.9171,27,29,G27_V29_1,1663.2195,1380.4880,135.0000,2,2,0
19.9171,27,29,G27_V29_2,1528.2195,1245.4880,135.0000,3,2,1
19.9171,27,29,G27_V29_3,1663.2195,1110.4880,135.0000,4,2,1
19.9371,20,56,G20_V56_0,1920.4900,1041.1400,135.0000,1,2,0
19.9371,20,56,G20_V56_1,1785.4900,1176.1400,135.0000,2,2,0
19.9371,20,56,G20_V56_2,1650.4900,1041.1400,135.0000,3,2,1
19.9371,20,56,G20_V56_3,1785.4900,906.1400,135.0000,4,2,1
19.9401,19,60,G19_V60_0,1632.1500,1007.1400,135.0000,1,2,0
19.9401,19,60,G19_V60_1,1497.1500,1142.1400,135.0000,2,2,0
19.9401,19,60,G19_V60_2,1362.1500,1007.1400,135.0000,3,2,1
19.9401,19,60,G19_V60_3,1497.1500,872.1400,135.0000,4,2,1
19.9438,20,65,G20_V65_0,1854.1300,979.9800,135.0000,1,2,0
19.9438,20,65,G20_V65_1,1719.1300,1114.9800,135.0000,2,2,0
19.9438,20,65,G20_V65_2,1584.1300,979.9800,135.0000,3,2,1
19.9438,20,65,G20_V65_3,1719.1300,844.9800,135.0000,4,2,1
19.9482,18,71,G18_V71_0,1566.3300,994.6300,135.0000,1,2,0
19.9482,18,71,G18_V71_1,1431.3300,1129.6300,135.0000,2,2,0
19.9482,18,71,G18_V71_2,1296.3300,994.6300,135.0000,3,2,1
19.9482,18,71,G18_V71_3,1431.3300,859.6300,135.0000,4,2,1
19.9534,18,78,G18_V78_0,1580.1200,997.3300,135.0000,1,2,0
19.9534,18,78,G18_V78_1,1445.1200,1132.3300,135.0000,2,2,0
19.9534,18,78,G18_V78_2,1310.1200,997.3300,135.0000,3,2,1
19.9534,18,78,G18_V78_3,1445.1200,862.3300,135.0000,4,2,1
19.9542,19,79,G19_V79_0,1737.0611,1133.4913,135.0000,1,2,0
19.9542,19,79,G19_V79_1,1602.0611,1268.4913,135.0000,2,2,0
19.9542,19,79,G19_V79_2,1467.0611,1133.4913,135.0000,3,2,1
19.9542,19,79,G19_V79_3,1602.0611,998.4913,135.0000,4,2,1
19.9645,19,93,G19_V93_0,1625.2300,1006.1300,135.0000,1,2,0
19.9645,19,93,G19_V93_1,1490.2300,1141.1300,135.0000,2,2,0
19.9645,19,93,G19_V93_2,1355.2300,1006.1300,135.0000,3,2,1
19.9645,19,93,G19_V93_3,1490.2300,871.1300,135.0000,4,2,1
19.9660,26,95,G26_V95_0,1395.3450,1302.3110,135.0000,1,2,0
19.9660,26,95,G26_V95_1,1260.3450,1437.3110,135.0000,2,2,0
19.9660,26,95,G26_V95_2,1125.3450,1302.3110,135.0000,3,2,1
19.9660,26,95,G26_V95_3,1260.3450,1167.3110,135.0000,4,2,1
19.9668,19,96,G19_V96_0,1723.7820,1108.8385,135.0000,1,2,0
19.9668,19,96,G19_V96_1,1588.7820,1243.8385,135.0000,2,2,0
19.9668,19,96,G19_V96_2,1453.7820,1108.8385,135.0000,3,2,1
19.9668,19,96,G19_V96_3,1588.7820,973.8385,135.0000,4,2,1
19.9705,10,101,G10_V101_0,1553.0700,805.7800,135.0000,1,2,0
19.9705,10,101,G10_V101_1,1418.0700,940.7800,135.0000,2,2,0
19.9705,10,101,G10_V101_2,1283.0700,805.7800,135.0000,3,2,1
19.9705,10,101,G10_V101_3,1418.0700,670.7800,135.0000,4,2,1
19.9912,19,129,G19_V129_0,1594.9300,998.1300,135.0000,1,2,0
19.9912,19,129,G19_V129_1,1459.9300,1133.1300,135.0000,2,2,0
19.9912,19,129,G19_V129_2,1324.9300,998.1300,135.0000,3,2,1
19.9912,19,129,G19_V129_3,1459.9300,863.1300,135.0000,4,2,1
19.9919,45,130,G45_V130_0,2197.4317,1871.7484,135.0000,1,2,0
19.9919,45,130,G45_V130_1,2062.4317,2006.7484,135.0000,2,2,0
19.9919,45,130,G45_V130_2,1927.4317,1871.7484,135.0000,3,2,1
19.9919,45,130,G45_V130_3,2062.4317,1736.7484,135.0000,4,2,1
20.0023,27,9,G27_V9_0,1623.2969,1362.5111,135.0000,1,2,0
20.0023,27,9,G27_V9_1,1488.2969,1497.5111,135.0000,2,2,0
20.0023,27,9,G27_V9_2,1353.2969,1362.5111,135.0000,3,2,1
20.0023,27,9,G27_V9_3,1488.2969,1227.5111,135.0000,4,2,1
20.0038,12,11,G12_V11_0,1950.8169,888.2207,135.0000,1,2,0
20.0038,12,11,G12_V11_1,1815.8169,1023.2207,135.0000,2,2,0
20.0038,12,11,G12_V11_2,1680.8169,888.2207,135.0000,3,2,1
20.0038,12,11,G12_V11_3,1815.8169,753.2207,135.0000,4,2,1
20.0134,28,24,G28_V24_0,1842.3625,1277.0358,135.0000,1,2,0
20.0134,28,24,G28_V24_1,1707.3625,1412.0358,135.0000,2,2,0
20.0134,28,24,G28_V24_2,1572.3625,1277.0358,135.0000,3,2,1
20.0134,28,24,G28_V24_3,1707.3625,1142.0358,135.0000,4,2,1
20.0149,27,26,G27_V26_0,1610.2566,1367.1833,135.0000,1,2,0
20.0149,27,26,G27_V26_1,1475.2566,1502.1833,135.0000,2,2,0
20.0149,27,26,G27_V26_2,1340.2566,1367.1833,135.0000,3,2,1
20.0149,27,26,G27_V26_3,1475.2566,1232.1833,135.0000,4,2,1
20.0171,27,29,G27_V29_0,1798.6535,1246.3449,135.0000,1,2,0
20.0171,27,29,G27_V29_1,1663.6535,1381.3449,135.0000,2,2,0
20.0171,27,29,G27_V29_2,1528.6535,1246.3449,135.0000,3,2,1
20.0171,27,29,G27_V29_3,1663.6535,1111.3449,135.0000,4,2,1
20.0371,20,56,G20_V56_0,1920.4900,1041.1400,135.0000,1,2,0
20.0371,20,56,G20_V56_1,1785.4900,1176.1400,135.0000,2,2,0
20.0371,20,56,G20_V56_2,1650.4900,1041.1400,135.0000,3,2,1
20.0371,20,56,G20_V56_3,1785.4900,906.1400,135.0000,4,2,1
20.0401,19,60,G19_V60_0,1632.1500,1007.1400,135.0000,1,2,0
20.0401,19,60,G19_V60_1,1497.1500,1142.1400,135.0000,2,2,0
20.0401,19,60,G19_V60_2,1362.1500,1007.1400,135.0000,3,2,1
20.0401,19,60,G19_V60_3,1497.1500,872.1400,135.0000,4,2,1
20.0438,20,65,G20_V65_0,1854.1300,979.9800,135.0000,1,2,0
20.0438,20,65,G20_V65_1,1719.1300,1114.9800,135.0000,2,2,0
20.0438,20,65,G20_V65_2,1584.1300,979.9800,135.0000,3,2,1
20.0438,20,65,G20_V65_3,1719.1300,844.9800,135.0000,4,2,1
20.0482,18,71,G18_V71_0,1566.3300,994.6300,135.0000,1,2,0
20.0482,18,71,G18_V71_1,1431.3300,1129.6300,135.0000,2,2,0
20.0482,18,71,G18_V71_2,1296.3300,994.6300,135.0000,3,2,1
20.0482,18,71,G18_V71_3,1431.3300,859.6300,135.0000,4,2,1
20.0534,18,78,G18_V78_0,1580.1200,997.3300,135.0000,1,2,0
20.0534,18,78,G18_V78_1,1445.1200,1132.3300,135.0000,2,2,0
20.0534,18,78,G18_V78_2,1310.1200,997.3300,135.0000,3,2,1
20.0534,18,78,G18_V78_3,1445.1200,862.3300,135.0000,4,2,1
20.0542,19,79,G19_V79_0,1737.5687,1134.4345,135.0000,1,2,0
20.0542,19,79,G19_V79_1,1602.5687,1269.4345,135.0000,2,2,0
20.0542,19,79,G19_V79_2,1467.5687,1134.4345,135.0000,3,2,1
20.0542,19,79,G19_V79_3,1602.5687,999.4345,135.0000,4,2,1
20.0645,19,93,G19_V93_0,1625.2300,1006.1300,135.0000,1,2,0
20.0645,19,93,G19_V93_1,1490.2300,1141.1300,135.0000,2,2,0
20.0645,19,93,G19_V93_2,1355.2300,1006.1300,135.0000,3,2,1
20.0645,19,93,G19_V93_3,1490.2300,871.1300,135.0000,4,2,1
20.0660,26,95,G26_V95_0,1394.9930,1302.4085,135.0000,1,2,0
20.0660,26,95,G26_V95_1,1259.9930,1437.4085,135.0000,2,2,0
20.0660,26,95,G26_V95_2,1124.9930,1302.4085,135.0000,3,2,1
20.0660,26,95,G26_V95_3,1259.9930,1167.4085,135.0000,4,2,1
20.0668,19,96,G19_V96_0,1724.0078,1109.2529,135.0000,1,2,0
20.0668,19,96,G19_V96_1,1589.0078,1244.2529,135.0000,2,2,0
20.0668,19,96,G19_V96_2,1454.0078,1109.2529,135.0000,3,2,1
20.0668,19,96,G19_V96_3,1589.0078,974.2529,135.0000,4,2,1
20.0705,10,101,G10_V101_0,1553.0700,805.7800,135.0000,1,2,0
20.0705,10,101,G10_V101_1,1418.0700,940.7800,135.0000,2,2,0
20.0705,10,101,G10_V101_2,1283.0700,805.7800,135.0000,3,2,1
20.0705,10,101,G10_V101_3,1418.0700,670.7800,135.0000,4,2,1
20.0912,19,129,G19_V129_0,1594.9300,998.1300,135.0000,1,2,0
20.0912,19,129,G19_V129_1,1459.9300,1133.1300,135.0000,2,2,0
20.0912,19,129,G19_V129_2,1324.9300,998.1300,135.0000,3,2,1
20.0912,19,129,G19_V129_3,1459.9300,863.1300,135.0000,4,2,1
20.0920,45,130,G45_V130_0,2196.2534,1871.7739,135.0000,1,2,0
20.0920,45,130,G45_V130_1,2061.2534,2006.7739,135.0000,2,2,0
20.0920,45,130,G45_V130_2,1926.2534,1871.7739,135.0000,3,2,1
20.0920,45,130,G45_V130_3,2061.2534,1736.7739,135.0000,4,2,1
20.1023,27,9,G27_V9_0,1622.7796,1362.6979,135.0000,1,2,0
20.1023,27,9,G27_V9_1,1487.7796,1497.6979,135.0000,2,2,0
20.1023,27,9,G27_V9_2,1352.7796,1362.6979,135.0000,3,2,1
20.1023,27,9,G27_V9_3,1487.7796,1227.6979,135.0000,4,2,1
20.1038,12,11,G12_V11_0,1949.3829,889.0488,135.0000,1,2,0
20.1038,12,11,G12_V11_1,1814.3829,1024.0488,135.0000,2,2,0
20.1038,12,11,G12_V11_2,1679.3829,889.0488,135.0000,3,2,1
20.1038,12,11,G12_V11_3,1814.3829,754.0488,135.0000,4,2,1
20.1134,28,24,G28_V24_0,1841.9316,1277.1546,135.0000,1,2,0
20.1134,28,24,G28_V24_1,1706.9316,1412.1546,135.0000,2,2,0
20.1134,28,24,G28_V24_2,1571.9316,1277.1546,135.0000,3,2,1
20.1134,28,24,G28_V24_3,1706.9316,1142.1546,135.0000,4,2,1
20.1149,27,26,G27_V26_0,1609.1194,1367.5939,135.0000,1,2,0
20.1149,27,26,G27_V26_1,1474.1194,1502.5939,135.0000,2,2,0
20.1149,27,26,G27_V26_2,1339.1194,1367.5939,135.0000,3,2,1
20.1149,27,26,G27_V26_3,1474.1194,1232.5939,135.0000,4,2,1
20.1171,27,29,G27_V29_0,1799.1435,1247.3130,135.0000,1,2,0
20.1171,27,29,G27_V29_1,1664.1435,1382.3130,135.0000,2,2,0
20.1171,27,29,G27_V29_2,1529.1435,1247.3130,135.0000,3,2,1
20.1171,27,29,G27_V29_3,1664.1435,1112.3130,135.0000,4,2,1
20.1371,20,56,G20_V56_0,1920.4900,1041.1400,135.0000,1,2,0
20.1371,20,56,G20_V56_1,1785.4900,1176.1400,135.0000,2,2,0
20.1371,20,56,G20_V56_2,1650.4900,1041.1400,135.0000,3,2,1
20.1371,20,56,G20_V56_3,1785.4900,906.1400,135.0000,4,2,1
20.1401,19,60,G19_V60_0,1632.1500,1007.1400,135.0000,1,2,0
20.1401,19,60,G19_V60_1,1497.1500,1142.1400,135.0000,2,2,0
20.1401,19,60,G19_V60_2,1362.1500,1007.1400,135.0000,3,2,1
20.1401,19,60,G19_V60_3,1497.1500,872.1400,135.0000,4,2,1
20.1438,20,65,G20_V65_0,1854.1300,979.9800,135.0000,1,2,0
20.1438,20,65,G20_V65_1,1719.1300,1114.9800,135.0000,2,2,0
20.1438,20,65,G20_V65_2,1584.1300,979.9800,135.0000,3,2,1
20.1438,20,65,G20_V65_3,1719.1300,844.9800,135.0000,4,2,1
20.1482,18,71,G18_V71_0,1566.3300,994.6300,135.0000,1,2,0
20.1482,18,71,G18_V71_1,1431.3300,1129.6300,135.0000,2,2,0
20.1482,18,71,G18_V71_2,1296.3300,994.6300,135.0000,3,2,1
20.1482,18,71,G18_V71_3,1431.3300,859.6300,135.0000,4,2,1
20.1534,18,78,G18_V78_0,1580.1200,997.3300,135.0000,1,2,0
20.1534,18,78,G18_V78_1,1445.1200,1132.3300,135.0000,2,2,0
20.1534,18,78,G18_V78_2,1310.1200,997.3300,135.0000,3,2,1
20.1534,18,78,G18_V78_3,1445.1200,862.3300,135.0000,4,2,1
20.1542,19,79,G19_V79_0,1738.1395,1135.4968,135.0000,1,2,0
20.1542,19,79,G19_V79_1,1603.1395,1270.4968,135.0000,2,2,0
20.1542,19,79,G19_V79_2,1468.1395,1135.4968,135.0000,3,2,1
20.1542,19,79,G19_V79_3,1603.1395,1000.4968,135.0000,4,2,1
20.1645,19,93,G19_V93_0,1625.2300,1006.1300,135.0000,1,2,0
20.1645,19,93,G19_V93_1,1490.2300,1141.1300,135.0000,2,2,0
20.1645,19,93,G19_V93_2,1355.2300,1006.1300,135.0000,3,2,1
20.1645,19,93,G19_V93_3,1490.2300,871.1300,135.0000,4,2,1
20.1660,26,95,G26_V95_0,1394.6066,1302.5156,135.0000,1,2,0
20.1660,26,95,G26_V95_1,1259.6066,1437.5156,135.0000,2,2,0
20.1660,26,95,G26_V95_2,1124.6066,1302.5156,135.0000,3,2,1
20.1660,26,95,G26_V95_3,1259.6066,1167.5156,135.0000,4,2,1
20.1668,19,96,G19_V96_0,1724.2445,1109.6922,135.0000,1,2,0
20.1668,19,96,G19_V96_1,1589.2445,1244.6922,135.0000,2,2,0
20.1668,19,96,G19_V96_2,1454.2445,1109.6922,135.0000,3,2,1
20.1668,19,96,G19_V96_3,1589.2445,974.6922,135.0000,4,2,1
20.1705,10,101,G10_V101_0,1553.0700,805.7800,135.0000,1,2,0
20.1705,10,101,G10_V101_1,1418.0700,940.7800,135.0000,2,2,0
20.1705,10,101,G10_V101_2,1283.0700,805.7800,135.0000,3,2,1
20.1705,10,101,G10_V101_3,1418.0700,670.7800,135.0000,4,2,1
20.1912,19,129,G19_V129_0,1594.9300,998.1300,135.0000,1,2,0
20.1912,19,129,G19_V129_1,1459.9300,1133.1300,135.0000,2,2,0
20.1912,19,129,G19_V129_2,1324.9300,998.1300,135.0000,3,2,1
20.1912,19,129,G19_V129_3,1459.9300,863.1300,135.0000,4,2,1
20.1919,45,130,G45_V130_0,2195.0487,1871.7999,135.0000,1,2,0
20.1919,45,130,G45_V130_1,2060.0487,2006.7999,135.0000,2,2,0
20.1919,45,130,G45_V130_2,1925.0487,1871.7999,135.0000,3,2,1
20.1919,45,130,G45_V130_3,2060.0487,1736.7999,135.0000,4,2,1
20.2023,27,9,G27_V9_0,1622.2623,1362.8847,135.0000,1,2,0
20.2023,27,9,G27_V9_1,1487.2623,1497.8847,135.0000,2,2,0
20.2023,27,9,G27_V9_2,1352.2623,1362.8847,135.0000,3,2,1
20.2023,27,9,G27_V9_3,1487.2623,1227.8847,135.0000,4,2,1
20.2038,12,11,G12_V11_0,1947.9488,889.8770,135.0000,1,2,0
20.2038,12,11,G12_V11_1,1812.9488,1024.8770,135.0000,2,2,0
20.2038,12,11,G12_V11_2,1677.9488,889.8770,135.0000,3,2,1
20.2038,12,11,G12_V11_3,1812.9488,754.8770,135.0000,4,2,1
20.2134,28,24,G28_V24_0,1841.5007,1277.2735,135.0000,1,2,0
20.2134,28,24,G28_V24_1,1706.5007,1412.2735,135.0000,2,2,0
20.2134,28,24,G28_V24_2,1571.5007,1277.2735,135.0000,3,2,1
20.2134,28,24,G28_V24_3,1706.5007,1142.2735,135.0000,4,2,1
20.2149,27,26,G27_V26_0,1607.9823,1368.0044,135.0000,1,2,0
20.2149,27,26,G27_V26_1,1472.9823,1503.0044,135.0000,2,2,0
20.2149,27,26,G27_V26_2,1337.9823,1368.0044,135.0000,3,2,1
20.2149,27,26,G27_V26_3,1472.9823,1233.0044,135.0000,4,2,1
20.2171,27,29,G27_V29_0,1799.6335,1248.2810,135.0000,1,2,0
20.2171,27,29,G27_V29_1,1664.6335,1383.2810,135.0000,2,2,0
20.2171,27,29,G27_V29_2,1529.6335,1248.2810,135.0000,3,2,1
20.2171,27,29,G27_V29_3,1664.6335,1113.2810,135.0000,4,2,1
20.2380,20,56,G20_V56_0,1920.4900,1041.1400,135.0000,1,2,0
20.2380,20,56,G20_V56_1,1785.4900,1176.1400,135.0000,2,2,0
20.2380,20,56,G20_V56_2,1650.4900,1041.1400,135.0000,3,2,1
20.2380,20,56,G20_V56_3,1785.4900,906.1400,135.0000,4,2,1
20.2401,19,60,G19_V60_0,1632.1500,1007.1400,135.0000,1,2,0
20.2401,19,60,G19_V60_1,1497.1500,1142.1400,135.0000,2,2,0
20.2401,19,60,G19_V60_2,1362.1500,1007.1400,135.0000,3,2,1
20.2401,19,60,G19_V60_3,1497.1500,872.1400,135.0000,4,2,1
20.2438,20,65,G20_V65_0,1854.1300,979.9800,135.0000,1,2,0
20.2438,20,65,G20_V65_1,1719.1300,1114.9800,135.0000,2,2,0
20.2438,20,65,G20_V65_2,1584.1300,979.9800,135.0000,3,2,1
20.2438,20,65,G20_V65_3,1719.1300,844.9800,135.0000,4,2,1
20.2482,18,71,G18_V71_0,1566.3300,994.6300,135.0000,1,2,0
20.2482,18,71,G18_V71_1,1431.3300,1129.6300,135.0000,2,2,0
20.2482,18,71,G18_V71_2,1296.3300,994.6300,135.0000,3,2,1
20.2482,18,71,G18_V71_3,1431.3300,859.6300,135.0000,4,2,1
20.2534,18,78,G18_V78_0,1580.1200,997.3300,135.0000,1,2,0
20.2534,18,78,G18_V78_1,1445.1200,1132.3300,135.0000,2,2,0
20.2534,18,78,G18_V78_2,1310.1200,997.3300,135.0000,3,2,1
20.2534,18,78,G18_V78_3,1445.1200,862.3300,135.0000,4,2,1
20.2542,19,79,G19_V79_0,1738.7103,1136.5592,135.0000,1,2,0
20.2542,19,79,G19_V79_1,1603.7103,1271.5592,135.0000,2,2,0
20.2542,19,79,G19_V79_2,1468.7103,1136.5592,135.0000,3,2,1
20.2542,19,79,G19_V79_3,1603.7103,1001.5592,135.0000,4,2,1
20.2645,19,93,G19_V93_0,1625.2300,1006.1300,135.0000,1,2,0
20.2645,19,93,G19_V93_1,1490.2300,1141.1300,135.0000,2,2,0
20.2645,19,93,G19_V93_2,1355.2300,1006.1300,135.0000,3,2,1
20.2645,19,93,G19_V93_3,1490.2300,871.1300,135.0000,4,2,1
20.2660,26,95,G26_V95_0,1394.2201,1302.6227,135.0000,1,2,0
20.2660,26,95,G26_V95_1,1259.2201,1437.6227,135.0000,2,2,0
20.2660,26,95,G26_V95_2,1124.2201,1302.6227,135.0000,3,2,1
20.2660,26,95,G26_V95_3,1259.2201,1167.6227,135.0000,4,2,1
20.2668,19,96,G19_V96_0,1724.4812,1110.1314,135.0000,1,2,0
20.2668,19,96,G19_V96_1,1589.4812,1245.1314,135.0000,2,2,0
20.2668,19,96,G19_V96_2,1454.4812,1110.1314,135.0000,3,2,1
20.2668,19,96,G19_V96_3,1589.4812,975.1314,135.0000,4,2,1
20.2705,10,101,G10_V101_0,1553.0700,805.7800,135.0000,1,2,0
20.2705,10,101,G10_V101_1,1418.0700,940.7800,135.0000,2,2,0
20.2705,10,101,G10_V101_2,1283.0700,805.7800,135.0000,3,2,1
20.2705,10,101,G10_V101_3,1418.0700,670.7800,135.0000,4,2,1
20.2912,19,129,G19_V129_0,1594.9300,998.1300,135.0000,1,2,0
20.2912,19,129,G19_V129_1,1459.9300,1133.1300,135.0000,2,2,0
20.2912,19,129,G19_V129_2,1324.9300,998.1300,135.0000,3,2,1
20.2912,19,129,G19_V129_3,1459.9300,863.1300,135.0000,4,2,1
20.2919,45,130,G45_V130_0,2193.8440,1871.8259,135.0000,1,2,0
20.2919,45,130,G45_V130_1,2058.8440,2006.8259,135.0000,2,2,0
20.2919,45,130,G45_V130_2,1923.8440,1871.8259,135.0000,3,2,1
20.2919,45,130,G45_V130_3,2058.8440,1736.8259,135.0000,4,2,1
20.3023,27,9,G27_V9_0,1621.7450,1363.0715,135.0000,1,2,0
20.3023,27,9,G27_V9_1,1486.7450,1498.0715,135.0000,2,2,0
20.3023,27,9,G27_V9_2,1351.7450,1363.0715,135.0000,3,2,1
20.3023,27,9,G27_V9_3,1486.7450,1228.0715,135.0000,4,2,1
20.3038,12,11,G12_V11_0,1946.5148,890.7052,135.0000,1,2,0
20.3038,12,11,G12_V11_1,1811.5148,1025.7052,135.0000,2,2,0
20.3038,12,11,G12_V11_2,1676.5148,890.7052,135.0000,3,2,1
20.3038,12,11,G12_V11_3,1811.5148,755.7052,135.0000,4,2,1
20.3134,28,24,G28_V24_0,1841.0698,1277.3923,135.0000,1,2,0
20.3134,28,24,G28_V24_1,1706.0698,1412.3923,135.0000,2,2,0
20.3134,28,24,G28_V24_2,1571.0698,1277.3923,135.0000,3,2,1
20.3134,28,24,G28_V24_3,1706.0698,1142.3923,135.0000,4,2,1
20.3149,27,26,G27_V26_0,1606.8451,1368.4150,135.0000,1,2,0
20.3149,27,26,G27_V26_1,1471.8451,1503.4150,135.0000,2,2,0
20.3149,27,26,G27_V26_2,1336.8451,1368.4150,135.0000,3,2,1
20.3149,27,26,G27_V26_3,1471.8451,1233.4150,135.0000,4,2,1
20.3171,27,29,G27_V29_0,1800.1235,1249.2491,135.0000,1,2,0
20.3171,27,29,G27_V29_1,1665.1235,1384.2491,135.0000,2,2,0
20.3171,27,29,G27_V29_2,1530.1235,1249.2491,135.0000,3,2,1
20.3171,27,29,G27_V29_3,1665.1235,1114.2491,135.0000,4,2,1
20.3371,20,56,G20_V56_0,1920.4900,1041.1400,135.0000,1,2,0
20.3371,20,56,G20_V56_1,1785.4900,1176.1400,135.0000,2,2,0
20.3371,20,56,G20_V56_2,1650.4900,1041.1400,135.0000,3,2,1
20.3371,20,56,G20_V56_3,1785.4900,906.1400,135.0000,4,2,1
20.3401,19,60,G19_V60_0,1632.1500,1007.1400,135.0000,1,2,0
20.3401,19,60,G19_V60_1,1497.1500,1142.1400,135.0000,2,2,0
20.3401,19,60,G19_V60_2,1362.1500,1007.1400,135.0000,3,2,1
20.3401,19,60,G19_V60_3,1497.1500,872.1400,135.0000,4,2,1
20.3438,20,65,G20_V65_0,1854.1300,979.9800,135.0000,1,2,0
20.3438,20,65,G20_V65_1,1719.1300,1114.9800,135.0000,2,2,0
20.3438,20,65,G20_V65_2,1584.1300,979.9800,135.0000,3,2,1
20.3438,20,65,G20_V65_3,1719.1300,844.9800,135.0000,4,2,1
20.3482,18,71,G18_V71_0,1566.3300,994.6300,135.0000,1,2,0
20.3482,18,71,G18_V71_1,1431.3300,1129.6300,135.0000,2,2,0
20.3482,18,71,G18_V71_2,1296.3300,994.6300,135.0000,3,2,1
20.3482,18,71,G18_V71_3,1431.3300,859.6300,135.0000,4,2,1
20.3534,18,78,G18_V78_0,1580.1200,997.3300,135.0000,1,2,0
20.3534,18,78,G18_V78_1,1445.1200,1132.3300,135.0000,2,2,0
20.3534,18,78,G18_V78_2,1310.1200,997.3300,135.0000,3,2,1
20.3534,18,78,G18_V78_3,1445.1200,862.3300,135.0000,4,2,1
20.3542,19,79,G19_V79_0,1739.2811,1137.6216,135.0000,1,2,0
20.3542,19,79,G19_V79_1,1604.2811,1272.6216,135.0000,2,2,0
20.3542,19,79,G19_V79_2,1469.2811,1137.6216,135.0000,3,2,1
20.3542,19,79,G19_V79_3,1604.2811,1002.6216,135.0000,4,2,1
20.3645,19,93,G19_V93_0,1625.2300,1006.1300,135.0000,1,2,0
20.3645,19,93,G19_V93_1,1490.2300,1141.1300,135.0000,2,2,0
20.3645,19,93,G19_V93_2,1355.2300,1006.1300,135.0000,3,2,1
20.3645,19,93,G19_V93_3,1490.2300,871.1300,135.0000,4,2,1
20.3660,26,95,G26_V95_0,1393.8337,1302.7298,135.0000,1,2,0
20.3660,26,95,G26_V95_1,1258.8337,1437.7298,135.0000,2,2,0
20.3660,26,95,G26_V95_2,1123.8337,1302.7298,135.0000,3,2,1
20.3660,26,95,G26_V95_3,1258.8337,1167.7298,135.0000,4,2,1
20.3668,19,96,G19_V96_0,1724.7179,1110.5707,135.0000,1,2,0
20.3668,19,96,G19_V96_1,1589.7179,1245.5707,135.0000,2,2,0
20.3668,19,96,G19_V96_2,1454.7179,1110.5707,135.0000,3,2,1
20.3668,19,96,G19_V96_3,1589.7179,975.5707,135.0000,4,2,1
20.3705,10,101,G10_V101_0,1553.0700,805.7800,135.0000,1,2,0
20.3705,10,101,G10_V101_1,1418.0700,940.7800,135.0000,2,2,0
20.3705,10,101,G10_V101_2,1283.0700,805.7800,135.0000,3,2,1
20.3705,10,101,G10_V101_3,1418.0700,670.7800,135.0000,4,2,1
20.3912,19,129,G19_V129_0,1594.9300,998.1300,135.0000,1,2,0
20.3912,19,129,G19_V129_1,1459.9300,1133.1300,135.0000,2,2,0
20.3912,19,129,G19_V129_2,1324.9300,998.1300,135.0000,3,2,1
20.3912,19,129,G19_V129_3,1459.9300,863.1300,135.0000,4,2,1
20.3919,45,130,G45_V130_0,2192.6393,1871.8519,135.0000,1,2,0
20.3919,45,130,G45_V130_1,2057.6393,2006.8519,135.0000,2,2,0
20.3919,45,130,G45_V130_2,1922.6393,1871.8519,135.0000,3,2,1
20.3919,45,130,G45_V130_3,2057.6393,1736.8519,135.0000,4,2,1
20.4023,27,9,G27_V9_0,1621.2277,1363.2582,135.0000,1,2,0
20.4023,27,9,G27_V9_1,1486.2277,1498.2582,135.0000,2,2,0
20.4023,27,9,G27_V9_2,1351.2277,1363.2582,135.0000,3,2,1
20.4023,27,9,G27_V9_3,1486.2277,1228.2582,135.0000,4,2,1
20.4038,12,11,G12_V11_0,1945.0807,891.5334,135.0000,1,2,0
20.4038,12,11,G12_V11_1,1810.0807,1026.5334,135.0000,2,2,0
20.4038,12,11,G12_V11_2,1675.0807,891.5334,135.0000,3,2,1
20.4038,12,11,G12_V11_3,1810.0807,756.5334,135.0000,4,2,1
20.4134,28,24,G28_V24_0,1840.6389,1277.5111,135.0000,1,2,0
20.4134,28,24,G28_V24_1,1705.6389,1412.5111,135.0000,2,2,0
20.4134,28,24,G28_V24_2,1570.6389,1277.5111,135.0000,3,2,1
20.4134,28,24,G28_V24_3,1705.6389,1142.5111,135.0000,4,2,1
20.4149,27,26,G27_V26_0,1605.7080,1368.8256,135.0000,1,2,0
20.4149,27,26,G27_V26_1,1470.7080,1503.8256,135.0000,2,2,0
20.4149,27,26,G27_V26_2,1335.7080,1368.8256,135.0000,3,2,1
20.4149,27,26,G27_V26_3,1470.7080,1233.8256,135.0000,4,2,1
20.4171,27,29,G27_V29_0,1800.6136,1250.2171,135.0000,1,2,0
20.4171,27,29,G27_V29_1,1665.6136,1385.2171,135.0000,2,2,0
20.4171,27,29,G27_V29_2,1530.6136,1250.2171,135.0000,3,2,1
20.4171,27,29,G27_V29_3,1665.6136,1115.2171,135.0000,4,2,1
20.4371,20,56,G20_V56_0,1920.4900,1041.1400,135.0000,1,2,0
20.4371,20,56,G20_V56_1,1785.4900,1176.1400,135.0000,2,2,0
20.4371,20,56,G20_V56_2,1650.4900,1041.1400,135.0000,3,2,1
20.4371,20,56,G20_V56_3,1785.4900,906.1400,135.0000,4,2,1
20.4401,19,60,G19_V60_0,1632.1500,1007.1400,135.0000,1,2,0
20.4401,19,60,G19_V60_1,1497.1500,1142.1400,135.0000,2,2,0
20.4401,19,60,G19_V60_2,1362.1500,1007.1400,135.0000,3,2,1
20.4401,19,60,G19_V60_3,1497.1500,872.1400,135.0000,4,2,1
20.4438,20,65,G20_V65_0,1854.1300,979.9800,135.0000,1,2,0
20.4438,20,65,G20_V65_1,1719.1300,1114.9800,135.0000,2,2,0
20.4438,20,65,G20_V65_2,1584.1300,979.9800,135.0000,3,2,1
20.4438,20,65,G20_V65_3,1719.1300,844.9800,135.0000,4,2,1
20.4482,18,71,G18_V71_0,1566.3300,994.6300,135.0000,1,2,0
20.4482,18,71,G18_V71_1,1431.3300,1129.6300,135.0000,2,2,0
20.4482,18,71,G18_V71_2,1296.3300,994.6300,135.0000,3,2,1
20.4482,18,71,G18_V71_3,1431.3300,859.6300,135.0000,4,2,1
20.4534,18,78,G18_V78_0,1580.1200,997.3300,135.0000,1,2,0
20.4534,18,78,G18_V78_1,1445.1200,1132.3300,135.0000,2,2,0
20.4534,18,78,G18_V78_2,1310.1200,997.3300,135.0000,3,2,1
20.4534,18,78,G18_V78_3,1445.1200,862.3300,135.0000,4,2,1
20.4542,19,79,G19_V79_0,1739.8519,1138.6839,135.0000,1,2,0
20.4542,19,79,G19_V79_1,1604.8519,1273.6839,135.0000,2,2,0
20.4542,19,79,G19_V79_2,1469.8519,1138.6839,135.0000,3,2,1
20.4542,19,79,G19_V79_3,1604.8519,1003.6839,135.0000,4,2,1
20.4645,19,93,G19_V93_0,1625.2300,1006.1300,135.0000,1,2,0
20.4645,19,93,G19_V93_1,1490.2300,1141.1300,135.0000,2,2,0
20.4645,19,93,G19_V93_2,1355.2300,1006.1300,135.0000,3,2,1
20.4645,19,93,G19_V93_3,1490.2300,871.1300,135.0000,4,2,1
20.4660,26,95,G26_V95_0,1393.4473,1302.8369,135.0000,1,2,0
20.4660,26,95,G26_V95_1,1258.4473,1437.8369,135.0000,2,2,0
20.4660,26,95,G26_V95_2,1123.4473,1302.8369,135.0000,3,2,1
20.4660,26,95,G26_V95_3,1258.4473,1167.8369,135.0000,4,2,1
20.4668,19,96,G19_V96_0,1724.9546,1111.0100,135.0000,1,2,0
20.4668,19,96,G19_V96_1,1589.9546,1246.0100,135.0000,2,2,0
20.4668,19,96,G19_V96_2,1454.9546,1111.0100,135.0000,3,2,1
20.4668,19,96,G19_V96_3,1589.9546,976.0100,135.0000,4,2,1
20.4705,10,101,G10_V101_0,1553.0700,805.7800,135.0000,1,2,0
20.4705,10,101,G10_V101_1,1418.0700,940.7800,135.0000,2,2,0
20.4705,10,101,G10_V101_2,1283.0700,805.7800,135.0000,3,2,1
20.4705,10,101,G10_V101_3,1418.0700,670.7800,135.0000,4,2,1
20.4912,19,129,G19_V129_0,1594.9300,998.1300,135.0000,1,2,0
20.4912,19,129,G19_V129_1,1459.9300,1133.1300,135.0000,2,2,0
20.4912,19,129,G19_V129_2,1324.9300,998.1300,135.0000,3,2,1
20.4912,19,129,G19_V129_3,1459.9300,863.1300,135.0000,4,2,1
20.4920,45,130,G45_V130_0,2191.4346,1871.8780,135.0000,1,2,0
20.4920,45,130,G45_V130_1,2056.4346,2006.8780,135.0000,2,2,0
20.4920,45,130,G45_V130_2,1921.4346,1871.8780,135.0000,3,2,1
20.4920,45,130,G45_V130_3,2056.4346,1736.8780,135.0000,4,2,1
20.5023,27,9,G27_V9_0,1620.7104,1363.4450,135.0000,1,2,0
20.5023,27,9,G27_V9_1,1485.7104,1498.4450,135.0000,2,2,0
20.5023,27,9,G27_V9_2,1350.7104,1363.4450,135.0000,3,2,1
20.5023,27,9,G27_V9_3,1485.7104,1228.4450,135.0000,4,2,1
20.5038,12,11,G12_V11_0,1943.6467,892.3616,135.0000,1,2,0
20.5038,12,11,G12_V11_1,1808.6467,1027.3616,135.0000,2,2,0
20.5038,12,11,G12_V11_2,1673.6467,892.3616,135.0000,3,2,1
20.5038,12,11,G12_V11_3,1808.6467,757.3616,135.0000,4,2,1
20.5134,28,24,G28_V24_0,1840.2079,1277.6299,135.0000,1,2,0
20.5134,28,24,G28_V24_1,1705.2079,1412.6299,135.0000,2,2,0
20.5134,28,24,G28_V24_2,1570.2079,1277.6299,135.0000,3,2,1
20.5134,28,24,G28_V24_3,1705.2079,1142.6299,135.0000,4,2,1
20.5149,27,26,G27_V26_0,1604.5708,1369.2362,135.0000,1,2,0
20.5149,27,26,G27_V26_1,1469.5708,1504.2362,135.0000,2,2,0
20.5149,27,26,G27_V26_2,1334.5708,1369.2362,135.0000,3,2,1
20.5149,27,26,G27_V26_3,1469.5708,1234.2362,135.0000,4,2,1
20.5171,27,29,G27_V29_0,1801.1036,1251.1851,135.0000,1,2,0
20.5171,27,29,G27_V29_1,1666.1036,1386.1851,135.0000,2,2,0
20.5171,27,29,G27_V29_2,1531.1036,1251.1851,135.0000,3,2,1
20.5171,27,29,G27_V29_3,1666.1036,1116.1851,135.0000,4,2,1
20.5371,20,56,G20_V56_0,1920.4900,1041.1400,135.0000,1,2,0
20.5371,20,56,G20_V56_1,1785.4900,1176.1400,135.0000,2,2,0
20.5371,20,56,G20_V56_2,1650.4900,1041.1400,135.0000,3,2,1
20.5371,20,56,G20_V56_3,1785.4900,906.1400,135.0000,4,2,1
20.5401,19,60,G19_V60_0,1632.1500,1007.1400,135.0000,1,2,0
20.5401,19,60,G19_V60_1,1497.1500,1142.1400,135.0000,2,2,0
20.5401,19,60,G19_V60_2,1362.1500,1007.1400,135.0000,3,2,1
20.5401,19,60,G19_V60_3,1497.1500,872.1400,135.0000,4,2,1
20.5438,20,65,G20_V65_0,1854.1300,979.9800,135.0000,1,2,0
20.5438,20,65,G20_V65_1,1719.1300,1114.9800,135.0000,2,2,0
20.5438,20,65,G20_V65_2,1584.1300,979.9800,135.0000,3,2,1
20.5438,20,65,G20_V65_3,1719.1300,844.9800,135.0000,4,2,1
20.5482,18,71,G18_V71_0,1566.3300,994.6300,135.0000,1,2,0
20.5482,18,71,G18_V71_1,1431.3300,1129.6300,135.0000,2,2,0
20.5482,18,71,G18_V71_2,1296.3300,994.6300,135.0000,3,2,1
20.5482,18,71,G18_V71_3,1431.3300,859.6300,135.0000,4,2,1
20.5534,18,78,G18_V78_0,1580.1200,997.3300,135.0000,1,2,0
20.5534,18,78,G18_V78_1,1445.1200,1132.3300,135.0000,2,2,0
20.5534,18,78,G18_V78_2,1310.1200,997.3300,135.0000,3,2,1
20.5534,18,78,G18_V78_3,1445.1200,862.3300,135.0000,4,2,1
20.5542,19,79,G19_V79_0,1740.4227,1139.7463,135.0000,1,2,0
20.5542,19,79,G19_V79_1,1605.4227,1274.7463,135.0000,2,2,0
20.5542,19,79,G19_V79_2,1470.4227,1139.7463,135.0000,3,2,1
20.5542,19,79,G19_V79_3,1605.4227,1004.7463,135.0000,4,2,1
20.5645,19,93,G19_V93_0,1625.2300,1006.1300,135.0000,1,2,0
20.5645,19,93,G19_V93_1,1490.2300,1141.1300,135.0000,2,2,0
20.5645,19,93,G19_V93_2,1355.2300,1006.1300,135.0000,3,2,1
20.5645,19,93,G19_V93_3,1490.2300,871.1300,135.0000,4,2,1
20.5660,26,95,G26_V95_0,1393.0609,1302.9441,135.0000,1,2,0
20.5660,26,95,G26_V95_1,1258.0609,1437.9441,135.0000,2,2,0
20.5660,26,95,G26_V95_2,1123.0609,1302.9441,135.0000,3,2,1
20.5660,26,95,G26_V95_3,1258.0609,1167.9441,135.0000,4,2,1
20.5668,19,96,G19_V96_0,1725.1913,1111.4493,135.0000,1,2,0
20.5668,19,96,G19_V96_1,1590.1913,1246.4493,135.0000,2,2,0
20.5668,19,96,G19_V96_2,1455.1913,1111.4493,135.0000,3,2,1
20.5668,19,96,G19_V96_3,1590.1913,976.4493,135.0000,4,2,1
20.5705,10,101,G10_V101_0,1553.0700,805.7800,135.0000,1,2,0
20.5705,10,101,G10_V101_1,1418.0700,940.7800,135.0000,2,2,0
20.5705,10,101,G10_V101_2,1283.0700,805.7800,135.0000,3,2,1
20.5705,10,101,G10_V101_3,1418.0700,670.7800,135.0000,4,2,1
20.5912,19,129,G19_V129_0,1594.9300,998.1300,135.0000,1,2,0
20.5912,19,129,G19_V129_1,1459.9300,1133.1300,135.0000,2,2,0
20.5912,19,129,G19_V129_2,1324.9300,998.1300,135.0000,3,2,1
20.5912,19,129,G19_V129_3,1459.9300,863.1300,135.0000,4,2,1
20.5919,45,130,G45_V130_0,2190.2298,1871.9040,135.0000,1,2,0
20.5919,45,130,G45_V130_1,2055.2298,2006.9040,135.0000,2,2,0
20.5919,45,130,G45_V130_2,1920.2298,1871.9040,135.0000,3,2,1
20.5919,45,130,G45_V130_3,2055.2298,1736.9040,135.0000,4,2,1
20.6023,27,9,G27_V9_0,1620.1930,1363.6318,135.0000,1,2,0
20.6023,27,9,G27_V9_1,1485.1930,1498.6318,135.0000,2,2,0
20.6023,27,9,G27_V9_2,1350.1930,1363.6318,135.0000,3,2,1
20.6023,27,9,G27_V9_3,1485.1930,1228.6318,135.0000,4,2,1
20.6038,12,11,G12_V11_0,1942.2127,893.1897,135.0000,1,2,0
20.6038,12,11,G12_V11_1,1807.2127,1028.1897,135.0000,2,2,0
20.6038,12,11,G12_V11_2,1672.2127,893.1897,135.0000,3,2,1
20.6038,12,11,G12_V11_3,1807.2127,758.1897,135.0000,4,2,1
20.6134,28,24,G28_V24_0,1839.7770,1277.7487,135.0000,1,2,0
20.6134,28,24,G28_V24_1,1704.7770,1412.7487,135.0000,2,2,0
20.6134,28,24,G28_V24_2,1569.7770,1277.7487,135.0000,3,2,1
20.6134,28,24,G28_V24_3,1704.7770,1142.7487,135.0000,4,2,1
20.6149,27,26,G27_V26_0,1603.4337,1369.6468,135.0000,1,2,0
20.6149,27,26,G27_V26_1,1468.4337,1504.6468,135.0000,2,2,0
20.6149,27,26,G27_V26_2,1333.4337,1369.6468,135.0000,3,2,1
20.6149,27,26,G27_V26_3,1468.4337,1234.6468,135.0000,4,2,1
20.6171,27,29,G27_V29_0,1801.5936,1252.1532,135.0000,1,2,0
20.6171,27,29,G27_V29_1,1666.5936,1387.1532,135.0000,2,2,0
20.6171,27,29,G27_V29_2,1531.5936,1252.1532,135.0000,3,2,1
20.6171,27,29,G27_V29_3,1666.5936,1117.1532,135.0000,4,2,1
20.6371,20,56,G20_V56_0,1920.4900,1041.1400,135.0000,1,2,0
20.6371,20,56,G20_V56_1,1785.4900,1176.1400,135.0000,2,2,0
20.6371,20,56,G20_V56_2,1650.4900,1041.1400,135.0000,3,2,1
20.6371,20,56,G20_V56_3,1785.4900,906.1400,135.0000,4,2,1
20.6401,19,60,G19_V60_0,1632.1500,1007.1400,135.0000,1,2,0
20.6401,19,60,G19_V60_1,1497.1500,1142.1400,135.0000,2,2,0
20.6401,19,60,G19_V60_2,1362.1500,1007.1400,135.0000,3,2,1
20.6401,19,60,G19_V60_3,1497.1500,872.1400,135.0000,4,2,1
20.6438,20,65,G20_V65_0,1854.1300,979.9800,135.0000,1,2,0
20.6438,20,65,G20_V65_1,1719.1300,1114.9800,135.0000,2,2,0
20.6438,20,65,G20_V65_2,1584.1300,979.9800,135.0000,3,2,1
20.6438,20,65,G20_V65_3,1719.1300,844.9800,135.0000,4,2,1
20.6482,18,71,G18_V71_0,1566.3300,994.6300,135.0000,1,2,0
20.6482,18,71,G18_V71_1,1431.3300,1129.6300,135.0000,2,2,0
20.6482,18,71,G18_V71_2,1296.3300,994.6300,135.0000,3,2,1
20.6482,18,71,G18_V71_3,1431.3300,859.6300,135.0000,4,2,1
20.6534,18,78,G18_V78_0,1580.1200,997.3300,135.0000,1,2,0
20.6534,18,78,G18_V78_1,1445.1200,1132.3300,135.0000,2,2,0
20.6534,18,78,G18_V78_2,1310.1200,997.3300,135.0000,3,2,1
20.6534,18,78,G18_V78_3,1445.1200,862.3300,135.0000,4,2,1
20.6542,19,79,G19_V79_0,1740.9935,1140.8086,135.0000,1,2,0
20.6542,19,79,G19_V79_1,1605.9935,1275.8086,135.0000,2,2,0
20.6542,19,79,G19_V79_2,1470.9935,1140.8086,135.0000,3,2,1
20.6542,19,79,G19_V79_3,1605.9935,1005.8086,135.0000,4,2,1
20.6645,19,93,G19_V93_0,1625.2300,1006.1300,135.0000,1,2,0
20.6645,19,93,G19_V93_1,1490.2300,1141.1300,135.0000,2,2,0
20.6645,19,93,G19_V93_2,1355.2300,1006.1300,135.0000,3,2,1
20.6645,19,93,G19_V93_3,1490.2300,871.1300,135.0000,4,2,1
20.6660,26,95,G26_V95_0,1392.6744,1303.0512,135.0000,1,2,0
20.6660,26,95,G26_V95_1,1257.6744,1438.0512,135.0000,2,2,0
20.6660,26,95,G26_V95_2,1122.6744,1303.0512,135.0000,3,2,1
20.6660,26,95,G26_V95_3,1257.6744,1168.0512,135.0000,4,2,1
20.6668,19,96,G19_V96_0,1725.4280,1111.8886,135.0000,1,2,0
20.6668,19,96,G19_V96_1,1590.4280,1246.8886,135.0000,2,2,0
20.6668,19,96,G19_V96_2,1455.4280,1111.8886,135.0000,3,2,1
20.6668,19,96,G19_V96_3,1590.4280,976.8886,135.0000,4,2,1
20.6705,10,101,G10_V101_0,1553.0700,805.7800,135.0000,1,2,0
20.6705,10,101,G10_V101_1,1418.0700,940.7800,135.0000,2,2,0
20.6705,10,101,G10_V101_2,1283.0700,805.7800,135.0000,3,2,1
20.6705,10,101,G10_V101_3,1418.0700,670.7800,135.0000,4,2,1
20.6912,19,129,G19_V129_0,1594.9300,998.1300,135.0000,1,2,0
20.6912,19,129,G19_V129_1,1459.9300,1133.1300,135.0000,2,2,0
20.6912,19,129,G19_V129_2,1324.9300,998.1300,135.0000,3,2,1
20.6912,19,129,G19_V129_3,1459.9300,863.1300,135.0000,4,2,1
20.6919,45,130,G45_V130_0,2189.0251,1871.9300,135.0000,1,2,0
20.6919,45,130,G45_V130_1,2054.0251,2006.9300,135.0000,2,2,0
20.6919,45,130,G45_V130_2,1919.0251,1871.9300,135.0000,3,2,1
20.6919,45,130,G45_V130_3,2054.0251,1736.9300,135.0000,4,2,1
20.7023,27,9,G27_V9_0,1619.6757,1363.8186,135.0000,1,2,0
20.7023,27,9,G27_V9_1,1484.6757,1498.8186,135.0000,2,2,0
20.7023,27,9,G27_V9_2,1349.6757,1363.8186,135.0000,3,2,1
20.7023,27,9,G27_V9_3,1484.6757,1228.8186,135.0000,4,2,1
20.7038,12,11,G12_V11_0,1940.7786,894.0179,135.0000,1,2,0
20.7038,12,11,G12_V11_1,1805.7786,1029.0179,135.0000,2,2,0
20.7038,12,11,G12_V11_2,1670.7786,894.0179,135.0000,3,2,1
20.7038,12,11,G12_V11_3,1805.7786,759.0179,135.0000,4,2,1
20.7134,28,24,G28_V24_0,1839.3461,1277.8675,135.0000,1,2,0
20.7134,28,24,G28_V24_1,1704.3461,1412.8675,135.0000,2,2,0
20.7134,28,24,G28_V24_2,1569.3461,1277.8675,135.0000,3,2,1
20.7134,28,24,G28_V24_3,1704.3461,1142.8675,135.0000,4,2,1
20.7149,27,26,G27_V26_0,1602.2965,1370.0573,135.0000,1,2,0
20.7149,27,26,G27_V26_1,1467.2965,1505.0573,135.0000,2,2,0
20.7149,27,26,G27_V26_2,1332.2965,1370.0573,135.0000,3,2,1
20.7149,27,26,G27_V26_3,1467.2965,1235.0573,135.0000,4,2,1
20.7171,27,29,G27_V29_0,1802.0836,1253.1212,135.0000,1,2,0
20.7171,27,29,G27_V29_1,1667.0836,1388.1212,135.0000,2,2,0
20.7171,27,29,G27_V29_2,1532.0836,1253.1212,135.0000,3,2,1
20.7171,27,29,G27_V29_3,1667.0836,1118.1212,135.0000,4,2,1
20.7371,20,56,G20_V56_0,1920.4900,1041.1400,135.0000,1,2,0
20.7371,20,56,G20_V56_1,1785.4900,1176.1400,135.0000,2,2,0
20.7371,20,56,G20_V56_2,1650.4900,1041.1400,135.0000,3,2,1
20.7371,20,56,G20_V56_3,1785.4900,906.1400,135.0000,4,2,1
20.7401,19,60,G19_V60_0,1632.1500,1007.1400,135.0000,1,2,0
20.7401,19,60,G19_V60_1,1497.1500,1142.1400,135.0000,2,2,0
20.7401,19,60,G19_V60_2,1362.1500,1007.1400,135.0000,3,2,1
20.7401,19,60,G19_V60_3,1497.1500,872.1400,135.0000,4,2,1
20.7438,20,65,G20_V65_0,1854.1300,979.9800,135.0000,1,2,0
20.7438,20,65,G20_V65_1,1719.1300,1114.9800,135.0000,2,2,0
20.7438,20,65,G20_V65_2,1584.1300,979.9800,135.0000,3,2,1
20.7438,20,65,G20_V65_3,1719.1300,844.9800,135.0000,4,2,1
20.7482,18,71,G18_V71_0,1566.3300,994.6300,135.0000,1,2,0
20.7482,18,71,G18_V71_1,1431.3300,1129.6300,135.0000,2,2,0
20.7482,18,71,G18_V71_2,1296.3300,994.6300,135.0000,3,2,1
20.7482,18,71,G18_V71_3,1431.3300,859.6300,135.0000,4,2,1
20.7534,18,78,G18_V78_0,1580.1200,997.3300,135.0000,1,2,0
20.7534,18,78,G18_V78_1,1445.1200,1132.3300,135.0000,2,2,0
20.7534,18,78,G18_V78_2,1310.1200,997.3300,135.0000,3,2,1
20.7534,18,78,G18_V78_3,1445.1200,862.3300,135.0000,4,2,1
20.7542,19,79,G19_V79_0,1741.5643,1141.8710,135.0000,1,2,0
20.7542,19,79,G19_V79_1,1606.5643,1276.8710,135.0000,2,2,0
20.7542,19,79,G19_V79_2,1471.5643,1141.8710,135.0000,3,2,1
20.7542,19,79,G19_V79_3,1606.5643,1006.8710,135.0000,4,2,1
20.7645,19,93,G19_V93_0,1625.2300,1006.1300,135.0000,1,2,0
20.7645,19,93,G19_V93_1,1490.2300,1141.1300,135.0000,2,2,0
20.7645,19,93,G19_V93_2,1355.2300,1006.1300,135.0000,3,2,1
20.7645,19,93,G19_V93_3,1490.2300,871.1300,135.0000,4,2,1
20.7660,26,95,G26_V95_0,1392.2880,1303.1583,135.0000,1,2,0
20.7660,26,95,G26_V95_1,1257.2880,1438.1583,135.0000,2,2,0
20.7660,26,95,G26_V95_2,1122.2880,1303.1583,135.0000,3,2,1
20.7660,26,95,G26_V95_3,1257.2880,1168.1583,135.0000,4,2,1
20.7668,19,96,G19_V96_0,1725.6647,1112.3279,135.0000,1,2,0
20.7668,19,96,G19_V96_1,1590.6647,1247.3279,135.0000,2,2,0
20.7668,19,96,G19_V96_2,1455.6647,1112.3279,135.0000,3,2,1
20.7668,19,96,G19_V96_3,1590.6647,977.3279,135.0000,4,2,1
20.7705,10,101,G10_V101_0,1553.0700,805.7800,135.0000,1,2,0
20.7705,10,101,G10_V101_1,1418.0700,940.7800,135.0000,2,2,0
20.7705,10,101,G10_V101_2,1283.0700,805.7800,135.0000,3,2,1
20.7705,10,101,G10_V101_3,1418.0700,670.7800,135.0000,4,2,1
20.7912,19,129,G19_V129_0,1594.9300,998.1300,135.0000,1,2,0
20.7912,19,129,G19_V129_1,1459.9300,1133.1300,135.0000,2,2,0
20.7912,19,129,G19_V129_2,1324.9300,998.1300,135.0000,3,2,1
20.7912,19,129,G19_V129_3,1459.9300,863.1300,135.0000,4,2,1
20.7919,45,130,G45_V130_0,2187.8204,1871.9560,135.0000,1,2,0
20.7919,45,130,G45_V130_1,2052.8204,2006.9560,135.0000,2,2,0
20.7919,45,130,G45_V130_2,1917.8204,1871.9560,135.0000,3,2,1
20.7919,45,130,G45_V130_3,2052.8204,1736.9560,135.0000,4,2,1
20.8023,27,9,G27_V9_0,1619.1584,1364.0054,135.0000,1,2,0
20.8023,27,9,G27_V9_1,1484.1584,1499.0054,135.0000,2,2,0
20.8023,27,9,G27_V9_2,1349.1584,1364.0054,135.0000,3,2,1
20.8023,27,9,G27_V9_3,1484.1584,1229.0054,135.0000,4,2,1
20.8038,12,11,G12_V11_0,1939.3446,894.8461,135.0000,1,2,0
20.8038,12,11,G12_V11_1,1804.3446,1029.8461,135.0000,2,2,0
20.8038,12,11,G12_V11_2,1669.3446,894.8461,135.0000,3,2,1
20.8038,12,11,G12_V11_3,1804.3446,759.8461,135.0000,4,2,1
20.8134,28,24,G28_V24_0,1838.9152,1277.9863,135.0000,1,2,0
20.8134,28,24,G28_V24_1,1703.9152,1412.9863,135.0000,2,2,0
20.8134,28,24,G28_V24_2,1568.9152,1277.9863,135.0000,3,2,1
20.8134,28,24,G28_V24_3,1703.9152,1142.9863,135.0000,4,2,1
20.8149,27,26,G27_V26_0,1601.1594,1370.4679,135.0000,1,2,0
20.8149,27,26,G27_V26_1,1466.1594,1505.4679,135.0000,2,2,0
20.8149,27,26,G27_V26_2,1331.1594,1370.4679,135.0000,3,2,1
20.8149,27,26,G27_V26_3,1466.1594,1235.4679,135.0000,4,2,1
20.8171,27,29,G27_V29_0,1802.5737,1254.0893,135.0000,1,2,0
20.8171,27,29,G27_V29_1,1667.5737,1389.0893,135.0000,2,2,0
20.8171,27,29,G27_V29_2,1532.5737,1254.0893,135.0000,3,2,1
20.8171,27,29,G27_V29_3,1667.5737,1119.0893,135.0000,4,2,1
20.8371,20,56,G20_V56_0,1920.4900,1041.1400,135.0000,1,2,0
20.8371,20,56,G20_V56_1,1785.4900,1176.1400,135.0000,2,2,0
20.8371,20,56,G20_V56_2,1650.4900,1041.1400,135.0000,3,2,1
20.8371,20,56,G20_V56_3,1785.4900,906.1400,135.0000,4,2,1
20.8401,19,60,G19_V60_0,1632.1500,1007.1400,135.0000,1,2,0
20.8401,19,60,G19_V60_1,1497.1500,1142.1400,135.0000,2,2,0
20.8401,19,60,G19_V60_2,1362.1500,1007.1400,135.0000,3,2,1
20.8401,19,60,G19_V60_3,1497.1500,872.1400,135.0000,4,2,1
20.8438,20,65,G20_V65_0,1854.1300,979.9800,135.0000,1,2,0
20.8438,20,65,G20_V65_1,1719.1300,1114.9800,135.0000,2,2,0
20.8438,20,65,G20_V65_2,1584.1300,979.9800,135.0000,3,2,1
20.8438,20,65,G20_V65_3,1719.1300,844.9800,135.0000,4,2,1
20.8482,18,71,G18_V71_0,1566.3300,994.6300,135.0000,1,2,0
20.8482,18,71,G18_V71_1,1431.3300,1129.6300,135.0000,2,2,0
20.8482,18,71,G18_V71_2,1296.3300,994.6300,135.0000,3,2,1
20.8482,18,71,G18_V71_3,1431.3300,859.6300,135.0000,4,2,1
20.8534,18,78,G18_V78_0,1580.1200,997.3300,135.0000,1,2,0
20.8534,18,78,G18_V78_1,1445.1200,1132.3300,135.0000,2,2,0
20.8534,18,78,G18_V78_2,1310.1200,997.3300,135.0000,3,2,1
20.8534,18,78,G18_V78_3,1445.1200,862.3300,135.0000,4,2,1
20.8542,19,79,G19_V79_0,1742.1351,1142.9334,135.0000,1,2,0
20.8542,19,79,G19_V79_1,1607.1351,1277.9334,135.0000,2,2,0
20.8542,19,79,G19_V79_2,1472.1351,1142.9334,135.0000,3,2,1
20.8542,19,79,G19_V79_3,1607.1351,1007.9334,135.0000,4,2,1
20.8645,19,93,G19_V93_0,1625.2300,1006.1300,135.0000,1,2,0
20.8645,19,93,G19_V93_1,1490.2300,1141.1300,135.0000,2,2,0
20.8645,19,93,G19_V93_2,1355.2300,1006.1300,135.0000,3,2,1
20.8645,19,93,G19_V93_3,1490.2300,871.1300,135.0000,4,2,1
20.8660,26,95,G26_V95_0,1391.9016,1303.2654,135.0000,1,2,0
20.8660,26,95,G26_V95_1,1256.9016,1438.2654,135.0000,2,2,0
20.8660,26,95,G26_V95_2,1121.9016,1303.2654,135.0000,3,2,1
20.8660,26,95,G26_V95_3,1256.9016,1168.2654,135.0000,4,2,1
20.8668,19,96,G19_V96_0,1725.9014,1112.7672,135.0000,1,2,0
20.8668,19,96,G19_V96_1,1590.9014,1247.7672,135.0000,2,2,0
20.8668,19,96,G19_V96_2,1455.9014,1112.7672,135.0000,3,2,1
20.8668,19,96,G19_V96_3,1590.9014,977.7672,135.0000,4,2,1
20.8705,10,101,G10_V101_0,1553.0700,805.7800,135.0000,1,2,0
20.8705,10,101,G10_V101_1,1418.0700,940.7800,135.0000,2,2,0
20.8705,10,101,G10_V101_2,1283.0700,805.7800,135.0000,3,2,1
20.8705,10,101,G10_V101_3,1418.0700,670.7800,135.0000,4,2,1
20.8912,19,129,G19_V129_0,1594.9300,998.1300,135.0000,1,2,0
20.8912,19,129,G19_V129_1,1459.9300,1133.1300,135.0000,2,2,0
20.8912,19,129,G19_V129_2,1324.9300,998.1300,135.0000,3,2,1
20.8912,19,129,G19_V129_3,1459.9300,863.1300,135.0000,4,2,1
20.8920,45,130,G45_V130_0,2186.6157,1871.9820,135.0000,1,2,0
20.8920,45,130,G45_V130_1,2051.6157,2006.9820,135.0000,2,2,0
20.8920,45,130,G45_V130_2,1916.6157,1871.9820,135.0000,3,2,1
20.8920,45,130,G45_V130_3,2051.6157,1736.9820,135.0000,4,2,1
20.9023,27,9,G27_V9_0,1618.6411,1364.1921,135.0000,1,2,0
20.9023,27,9,G27_V9_1,1483.6411,1499.1921,135.0000,2,2,0
20.9023,27,9,G27_V9_2,1348.6411,1364.1921,135.0000,3,2,1
20.9023,27,9,G27_V9_3,1483.6411,1229.1921,135.0000,4,2,1
20.9038,12,11,G12_V11_0,1937.9106,895.6743,135.0000,1,2,0
20.9038,12,11,G12_V11_1,1802.9106,1030.6743,135.0000,2,2,0
20.9038,12,11,G12_V11_2,1667.9106,895.6743,135.0000,3,2,1
20.9038,12,11,G12_V11_3,1802.9106,760.6743,135.0000,4,2,1
20.9134,28,24,G28_V24_0,1838.4842,1278.1051,135.0000,1,2,0
20.9134,28,24,G28_V24_1,1703.4842,1413.1051,135.0000,2,2,0
20.9134,28,24,G28_V24_2,1568.4842,1278.1051,135.0000,3,2,1
20.9134,28,24,G28_V24_3,1703.4842,1143.1051,135.0000,4,2,1
20.9149,27,26,G27_V26_0,1600.0222,1370.8785,135.0000,1,2,0
20.9149,27,26,G27_V26_1,1465.0222,1505.8785,135.0000,2,2,0
20.9149,27,26,G27_V26_2,1330.0222,1370.8785,135.0000,3,2,1
20.9149,27,26,G27_V26_3,1465.0222,1235.8785,135.0000,4,2,1
20.9171,27,29,G27_V29_0,1803.0637,1255.0573,135.0000,1,2,0
20.9171,27,29,G27_V29_1,1668.0637,1390.0573,135.0000,2,2,0
20.9171,27,29,G27_V29_2,1533.0637,1255.0573,135.0000,3,2,1
20.9171,27,29,G27_V29_3,1668.0637,1120.0573,135.0000,4,2,1
20.9374,20,56,G20_V56_0,1920.4900,1041.1400,135.0000,1,2,0
20.9374,20,56,G20_V56_1,1785.4900,1176.1400,135.0000,2,2,0
20.9374,20,56,G20_V56_2,1650.4900,1041.1400,135.0000,3,2,1
20.9374,20,56,G20_V56_3,1785.4900,906.1400,135.0000,4,2,1
20.9401,19,60,G19_V60_0,1632.1500,1007.1400,135.0000,1,2,0
20.9401,19,60,G19_V60_1,1497.1500,1142.1400,135.0000,2,2,0
20.9401,19,60,G19_V60_2,1362.1500,1007.1400,135.0000,3,2,1
20.9401,19,60,G19_V60_3,1497.1500,872.1400,135.0000,4,2,1
20.9438,20,65,G20_V65_0,1854.1300,979.9800,135.0000,1,2,0
20.9438,20,65,G20_V65_1,1719.1300,1114.9800,135.0000,2,2,0
20.9438,20,65,G20_V65_2,1584.1300,979.9800,135.0000,3,2,1
20.9438,20,65,G20_V65_3,1719.1300,844.9800,135.0000,4,2,1
20.9482,18,71,G18_V71_0,1566.3300,994.6300,135.0000,1,2,0
20.9482,18,71,G18_V71_1,1431.3300,1129.6300,135.0000,2,2,0
20.9482,18,71,G18_V71_2,1296.3300,994.6300,135.0000,3,2,1
20.9482,18,71,G18_V71_3,1431.3300,859.6300,135.0000,4,2,1
20.9534,18,78,G18_V78_0,1580.1200,997.3300,135.0000,1,2,0
20.9534,18,78,G18_V78_1,1445.1200,1132.3300,135.0000,2,2,0
20.9534,18,78,G18_V78_2,1310.1200,997.3300,135.0000,3,2,1
20.9534,18,78,G18_V78_3,1445.1200,862.3300,135.0000,4,2,1
20.9542,19,79,G19_V79_0,1742.7059,1143.9957,135.0000,1,2,0
20.9542,19,79,G19_V79_1,1607.7059,1278.9957,135.0000,2,2,0
20.9542,19,79,G19_V79_2,1472.7059,1143.9957,135.0000,3,2,1
20.9542,19,79,G19_V79_3,1607.7059,1008.9957,135.0000,4,2,1
20.9645,19,93,G19_V93_0,1625.2300,1006.1300,135.0000,1,2,0
20.9645,19,93,G19_V93_1,1490.2300,1141.1300,135.0000,2,2,0
20.9645,19,93,G19_V93_2,1355.2300,1006.1300,135.0000,3,2,1
20.9645,19,93,G19_V93_3,1490.2300,871.1300,135.0000,4,2,1
20.9660,26,95,G26_V95_0,1391.5151,1303.3725,135.0000,1,2,0
20.9660,26,95,G26_V95_1,1256.5151,1438.3725,135.0000,2,2,0
20.9660,26,95,G26_V95_2,1121.5151,1303.3725,135.0000,3,2,1
20.9660,26,95,G26_V95_3,1256.5151,1168.3725,135.0000,4,2,1
20.9668,19,96,G19_V96_0,1726.1381,1113.2065,135.0000,1,2,0
20.9668,19,96,G19_V96_1,1591.1381,1248.2065,135.0000,2,2,0
20.9668,19,96,G19_V96_2,1456.1381,1113.2065,135.0000,3,2,1
20.9668,19,96,G19_V96_3,1591.1381,978.2065,135.0000,4,2,1
20.9705,10,101,G10_V101_0,1553.0700,805.7800,135.0000,1,2,0
20.9705,10,101,G10_V101_1,1418.0700,940.7800,135.0000,2,2,0
20.9705,10,101,G10_V101_2,1283.0700,805.7800,135.0000,3,2,1
20.9705,10,101,G10_V101_3,1418.0700,670.7800,135.0000,4,2,1
20.9912,19,129,G19_V129_0,1594.9300,998.1300,135.0000,1,2,0
20.9912,19,129,G19_V129_1,1459.9300,1133.1300,135.0000,2,2,0
20.9912,19,129,G19_V129_2,1324.9300,998.1300,135.0000,3,2,1
20.9912,19,129,G19_V129_3,1459.9300,863.1300,135.0000,4,2,1
20.9919,45,130,G45_V130_0,2185.4110,1872.0080,135.0000,1,2,0
20.9919,45,130,G45_V130_1,2050.4110,2007.0080,135.0000,2,2,0
20.9919,45,130,G45_V130_2,1915.4110,1872.0080,135.0000,3,2,1
20.9919,45,130,G45_V130_3,2050.4110,1737.0080,135.0000,4,2,1
21.0023,27,9,G27_V9_0,1618.1225,1364.3794,135.0000,1,2,0
21.0023,27,9,G27_V9_1,1483.1225,1499.3794,135.0000,2,2,0
21.0023,27,9,G27_V9_2,1348.1225,1364.3794,135.0000,3,2,1
21.0023,27,9,G27_V9_3,1483.1225,1229.3794,135.0000,4,2,1
21.0038,12,11,G12_V11_0,1936.4993,896.4936,135.0000,1,2,0
21.0038,12,11,G12_V11_1,1801.4993,1031.4936,135.0000,2,2,0
21.0038,12,11,G12_V11_2,1666.4993,896.4936,135.0000,3,2,1
21.0038,12,11,G12_V11_3,1801.4993,761.4936,135.0000,4,2,1
21.0134,28,24,G28_V24_0,1838.0486,1278.2064,135.0000,1,2,0
21.0134,28,24,G28_V24_1,1703.0486,1413.2064,135.0000,2,2,0
21.0134,28,24,G28_V24_2,1568.0486,1278.2064,135.0000,3,2,1
21.0134,28,24,G28_V24_3,1703.0486,1143.2064,135.0000,4,2,1
21.0149,27,26,G27_V26_0,1598.8552,1371.2998,135.0000,1,2,0
21.0149,27,26,G27_V26_1,1463.8552,1506.2998,135.0000,2,2,0
21.0149,27,26,G27_V26_2,1328.8552,1371.2998,135.0000,3,2,1
21.0149,27,26,G27_V26_3,1463.8552,1236.2998,135.0000,4,2,1
21.0171,27,29,G27_V29_0,1803.5333,1255.9853,135.0000,1,2,0
21.0171,27,29,G27_V29_1,1668.5333,1390.9853,135.0000,2,2,0
21.0171,27,29,G27_V29_2,1533.5333,1255.9853,135.0000,3,2,1
21.0171,27,29,G27_V29_3,1668.5333,1120.9853,135.0000,4,2,1
21.0371,20,56,G20_V56_0,1920.4900,1041.1400,135.0000,1,2,0
21.0371,20,56,G20_V56_1,1785.4900,1176.1400,135.0000,2,2,0
21.0371,20,56,G20_V56_2,1650.4900,1041.1400,135.0000,3,2,1
21.0371,20,56,G20_V56_3,1785.4900,906.1400,135.0000,4,2,1
21.0401,19,60,G19_V60_0,1632.1500,1007.1400,135.0000,1,2,0
21.0401,19,60,G19_V60_1,1497.1500,1142.1400,135.0000,2,2,0
21.0401,19,60,G19_V60_2,1362.1500,1007.1400,135.0000,3,2,1
21.0401,19,60,G19_V60_3,1497.1500,872.1400,135.0000,4,2,1
21.0438,20,65,G20_V65_0,1854.1300,979.9800,135.0000,1,2,0
21.0438,20,65,G20_V65_1,1719.1300,1114.9800,135.0000,2,2,0
21.0438,20,65,G20_V65_2,1584.1300,979.9800,135.0000,3,2,1
21.0438,20,65,G20_V65_3,1719.1300,844.9800,135.0000,4,2,1
21.0482,18,71,G18_V71_0,1566.3300,994.6300,135.0000,1,2,0
21.0482,18,71,G18_V71_1,1431.3300,1129.6300,135.0000,2,2,0
21.0482,18,71,G18_V71_2,1296.3300,994.6300,135.0000,3,2,1
21.0482,18,71,G18_V71_3,1431.3300,859.6300,135.0000,4,2,1
21.0534,18,78,G18_V78_0,1580.1200,997.3300,135.0000,1,2,0
21.0534,18,78,G18_V78_1,1445.1200,1132.3300,135.0000,2,2,0
21.0534,18,78,G18_V78_2,1310.1200,997.3300,135.0000,3,2,1
21.0534,18,78,G18_V78_3,1445.1200,862.3300,135.0000,4,2,1
21.0542,19,79,G19_V79_0,1743.2297,1145.0115,135.0000,1,2,0
21.0542,19,79,G19_V79_1,1608.2297,1280.0115,135.0000,2,2,0
21.0542,19,79,G19_V79_2,1473.2297,1145.0115,135.0000,3,2,1
21.0542,19,79,G19_V79_3,1608.2297,1010.0115,135.0000,4,2,1
21.0645,19,93,G19_V93_0,1625.2300,1006.1300,135.0000,1,2,0
21.0645,19,93,G19_V93_1,1490.2300,1141.1300,135.0000,2,2,0
21.0645,19,93,G19_V93_2,1355.2300,1006.1300,135.0000,3,2,1
21.0645,19,93,G19_V93_3,1490.2300,871.1300,135.0000,4,2,1
21.0660,26,95,G26_V95_0,1391.0457,1303.4986,135.0000,1,2,0
21.0660,26,95,G26_V95_1,1256.0457,1438.4986,135.0000,2,2,0
21.0660,26,95,G26_V95_2,1121.0457,1303.4986,135.0000,3,2,1
21.0660,26,95,G26_V95_3,1256.0457,1168.4986,135.0000,4,2,1
21.0668,19,96,G19_V96_0,1726.3906,1113.6751,135.0000,1,2,0
21.0668,19,96,G19_V96_1,1591.3906,1248.6751,135.0000,2,2,0
21.0668,19,96,G19_V96_2,1456.3906,1113.6751,135.0000,3,2,1
21.0668,19,96,G19_V96_3,1591.3906,978.6751,135.0000,4,2,1
21.0705,10,101,G10_V101_0,1553.0700,805.7800,135.0000,1,2,0
21.0705,10,101,G10_V101_1,1418.0700,940.7800,135.0000,2,2,0
21.0705,10,101,G10_V101_2,1283.0700,805.7800,135.0000,3,2,1
21.0705,10,101,G10_V101_3,1418.0700,670.7800,135.0000,4,2,1
21.0912,19,129,G19_V129_0,1594.9300,998.1300,135.0000,1,2,0
21.0912,19,129,G19_V129_1,1459.9300,1133.1300,135.0000,2,2,0
21.0912,19,129,G19_V129_2,1324.9300,998.1300,135.0000,3,2,1
21.0912,19,129,G19_V129_3,1459.9300,863.1300,135.0000,4,2,1
21.0919,45,130,G45_V130_0,2184.0473,1872.0385,135.0000,1,2,0
21.0919,45,130,G45_V130_1,2049.0473,2007.0385,135.0000,2,2,0
21.0919,45,130,G45_V130_2,1914.0473,1872.0385,135.0000,3,2,1
21.0919,45,130,G45_V130_3,2049.0473,1737.0385,135.0000,4,2,1
21.1023,27,9,G27_V9_0,1617.5455,1364.5864,135.0000,1,2,0
21.1023,27,9,G27_V9_1,1482.5455,1499.5864,135.0000,2,2,0
21.1023,27,9,G27_V9_2,1347.5455,1364.5864,135.0000,3,2,1
21.1023,27,9,G27_V9_3,1482.5455,1229.5864,135.0000,4,2,1
21.1038,12,11,G12_V11_0,1935.1318,897.4006,135.0000,1,2,0
21.1038,12,11,G12_V11_1,1800.1318,1032.4006,135.0000,2,2,0
21.1038,12,11,G12_V11_2,1665.1318,897.4006,135.0000,3,2,1
21.1038,12,11,G12_V11_3,1800.1318,762.4006,135.0000,4,2,1
21.1134,28,24,G28_V24_0,1837.3633,1278.2541,135.0000,1,2,0
21.1134,28,24,G28_V24_1,1702.3633,1413.2541,135.0000,2,2,0
21.1134,28,24,G28_V24_2,1567.3633,1278.2541,135.0000,3,2,1
21.1134,28,24,G28_V24_3,1702.3633,1143.2541,135.0000,4,2,1
21.1149,27,26,G27_V26_0,1597.5166,1371.7826,135.0000,1,2,0
21.1149,27,26,G27_V26_1,1462.5166,1506.7826,135.0000,2,2,0
21.1149,27,26,G27_V26_2,1327.5166,1371.7826,135.0000,3,2,1
21.1149,27,26,G27_V26_3,1462.5166,1236.7826,135.0000,4,2,1
21.1171,27,29,G27_V29_0,1803.9050,1256.7207,135.0000,1,2,0
21.1171,27,29,G27_V29_1,1668.9050,1391.7207,135.0000,2,2,0
21.1171,27,29,G27_V29_2,1533.9050,1256.7207,135.0000,3,2,1
21.1171,27,29,G27_V29_3,1668.9050,1121.7207,135.0000,4,2,1
21.1371,20,56,G20_V56_0,1920.4900,1041.1400,135.0000,1,2,0
21.1371,20,56,G20_V56_1,1785.4900,1176.1400,135.0000,2,2,0
21.1371,20,56,G20_V56_2,1650.4900,1041.1400,135.0000,3,2,1
21.1371,20,56,G20_V56_3,1785.4900,906.1400,135.0000,4,2,1
21.1401,19,60,G19_V60_0,1632.1500,1007.1400,135.0000,1,2,0
21.1401,19,60,G19_V60_1,1497.1500,1142.1400,135.0000,2,2,0
21.1401,19,60,G19_V60_2,1362.1500,1007.1400,135.0000,3,2,1
21.1401,19,60,G19_V60_3,1497.1500,872.1400,135.0000,4,2,1
21.1438,20,65,G20_V65_0,1854.1300,979.9800,135.0000,1,2,0
21.1438,20,65,G20_V65_1,1719.1300,1114.9800,135.0000,2,2,0
21.1438,20,65,G20_V65_2,1584.1300,979.9800,135.0000,3,2,1
21.1438,20,65,G20_V65_3,1719.1300,844.9800,135.0000,4,2,1
21.1482,18,71,G18_V71_0,1566.3300,994.6300,135.0000,1,2,0
21.1482,18,71,G18_V71_1,1431.3300,1129.6300,135.0000,2,2,0
21.1482,18,71,G18_V71_2,1296.3300,994.6300,135.0000,3,2,1
21.1482,18,71,G18_V71_3,1431.3300,859.6300,135.0000,4,2,1
21.1534,18,78,G18_V78_0,1580.1200,997.3300,135.0000,1,2,0
21.1534,18,78,G18_V78_1,1445.1200,1132.3300,135.0000,2,2,0
21.1534,18,78,G18_V78_2,1310.1200,997.3300,135.0000,3,2,1
21.1534,18,78,G18_V78_3,1445.1200,862.3300,135.0000,4,2,1
21.1542,19,79,G19_V79_0,1743.7468,1146.0498,135.0000,1,2,0
21.1542,19,79,G19_V79_1,1608.7468,1281.0498,135.0000,2,2,0
21.1542,19,79,G19_V79_2,1473.7468,1146.0498,135.0000,3,2,1
21.1542,19,79,G19_V79_3,1608.7468,1011.0498,135.0000,4,2,1
21.1645,19,93,G19_V93_0,1625.2300,1006.1300,135.0000,1,2,0
21.1645,19,93,G19_V93_1,1490.2300,1141.1300,135.0000,2,2,0
21.1645,19,93,G19_V93_2,1355.2300,1006.1300,135.0000,3,2,1
21.1645,19,93,G19_V93_3,1490.2300,871.1300,135.0000,4,2,1
21.1660,26,95,G26_V95_0,1390.5334,1303.6344,135.0000,1,2,0
21.1660,26,95,G26_V95_1,1255.5334,1438.6344,135.0000,2,2,0
21.1660,26,95,G26_V95_2,1120.5334,1303.6344,135.0000,3,2,1
21.1660,26,95,G26_V95_3,1255.5334,1168.6344,135.0000,4,2,1
21.1668,19,96,G19_V96_0,1726.6615,1114.1778,135.0000,1,2,0
21.1668,19,96,G19_V96_1,1591.6615,1249.1778,135.0000,2,2,0
21.1668,19,96,G19_V96_2,1456.6615,1114.1778,135.0000,3,2,1
21.1668,19,96,G19_V96_3,1591.6615,979.1778,135.0000,4,2,1
21.1705,10,101,G10_V101_0,1553.0700,805.7800,135.0000,1,2,0
21.1705,10,101,G10_V101_1,1418.0700,940.7800,135.0000,2,2,0
21.1705,10,101,G10_V101_2,1283.0700,805.7800,135.0000,3,2,1
21.1705,10,101,G10_V101_3,1418.0700,670.7800,135.0000,4,2,1
21.1912,19,129,G19_V129_0,1594.9300,998.1300,135.0000,1,2,0
21.1912,19,129,G19_V129_1,1459.9300,1133.1300,135.0000,2,2,0
21.1912,19,129,G19_V129_2,1324.9300,998.1300,135.0000,3,2,1
21.1912,19,129,G19_V129_3,1459.9300,863.1300,135.0000,4,2,1
21.1919,45,130,G45_V130_0,2182.6616,1872.0695,135.0000,1,2,0
21.1919,45,130,G45_V130_1,2047.6616,2007.0695,135.0000,2,2,0
21.1919,45,130,G45_V130_2,1912.6616,1872.0695,135.0000,3,2,1
21.1919,45,130,G45_V130_3,2047.6616,1737.0695,135.0000,4,2,1
21.2023,27,9,G27_V9_0,1616.9685,1364.7933,135.0000,1,2,0
21.2023,27,9,G27_V9_1,1481.9685,1499.7933,135.0000,2,2,0
21.2023,27,9,G27_V9_2,1346.9685,1364.7933,135.0000,3,2,1
21.2023,27,9,G27_V9_3,1481.9685,1229.7933,135.0000,4,2,1
21.2038,12,11,G12_V11_0,1933.7642,898.3076,135.0000,1,2,0
21.2038,12,11,G12_V11_1,1798.7642,1033.3076,135.0000,2,2,0
21.2038,12,11,G12_V11_2,1663.7642,898.3076,135.0000,3,2,1
21.2038,12,11,G12_V11_3,1798.7642,763.3076,135.0000,4,2,1
21.2134,28,24,G28_V24_0,1836.6779,1278.3018,135.0000,1,2,0
21.2134,28,24,G28_V24_1,1701.6779,1413.3018,135.0000,2,2,0
21.2134,28,24,G28_V24_2,1566.6779,1278.3018,135.0000,3,2,1
21.2134,28,24,G28_V24_3,1701.6779,1143.3018,135.0000,4,2,1
21.2149,27,26,G27_V26_0,1596.1780,1372.2653,135.0000,1,2,0
21.2149,27,26,G27_V26_1,1461.1780,1507.2653,135.0000,2,2,0
21.2149,27,26,G27_V26_2,1326.1780,1372.2653,135.0000,3,2,1
21.2149,27,26,G27_V26_3,1461.1780,1237.2653,135.0000,4,2,1
21.2171,27,29,G27_V29_0,1804.2767,1257.4561,135.0000,1,2,0
21.2171,27,29,G27_V29_1,1669.2767,1392.4561,135.0000,2,2,0
21.2171,27,29,G27_V29_2,1534.2767,1257.4561,135.0000,3,2,1
21.2171,27,29,G27_V29_3,1669.2767,1122.4561,135.0000,4,2,1
21.2371,20,56,G20_V56_0,1920.4900,1041.1400,135.0000,1,2,0
21.2371,20,56,G20_V56_1,1785.4900,1176.1400,135.0000,2,2,0
21.2371,20,56,G20_V56_2,1650.4900,1041.1400,135.0000,3,2,1
21.2371,20,56,G20_V56_3,1785.4900,906.1400,135.0000,4,2,1
21.2401,19,60,G19_V60_0,1632.1500,1007.1400,135.0000,1,2,0
21.2401,19,60,G19_V60_1,1497.1500,1142.1400,135.0000,2,2,0
21.2401,19,60,G19_V60_2,1362.1500,1007.1400,135.0000,3,2,1
21.2401,19,60,G19_V60_3,1497.1500,872.1400,135.0000,4,2,1
21.2438,20,65,G20_V65_0,1854.1300,979.9800,135.0000,1,2,0
21.2438,20,65,G20_V65_1,1719.1300,1114.9800,135.0000,2,2,0
21.2438,20,65,G20_V65_2,1584.1300,979.9800,135.0000,3,2,1
21.2438,20,65,G20_V65_3,1719.1300,844.9800,135.0000,4,2,1
21.2482,18,71,G18_V71_0,1566.3300,994.6300,135.0000,1,2,0
21.2482,18,71,G18_V71_1,1431.3300,1129.6300,135.0000,2,2,0
21.2482,18,71,G18_V71_2,1296.3300,994.6300,135.0000,3,2,1
21.2482,18,71,G18_V71_3,1431.3300,859.6300,135.0000,4,2,1
21.2534,18,78,G18_V78_0,1580.1200,997.3300,135.0000,1,2,0
21.2534,18,78,G18_V78_1,1445.1200,1132.3300,135.0000,2,2,0
21.2534,18,78,G18_V78_2,1310.1200,997.3300,135.0000,3,2,1
21.2534,18,78,G18_V78_3,1445.1200,862.3300,135.0000,4,2,1
21.2542,19,79,G19_V79_0,1744.2640,1147.0881,135.0000,1,2,0
21.2542,19,79,G19_V79_1,1609.2640,1282.0881,135.0000,2,2,0
21.2542,19,79,G19_V79_2,1474.2640,1147.0881,135.0000,3,2,1
21.2542,19,79,G19_V79_3,1609.2640,1012.0881,135.0000,4,2,1
21.2645,19,93,G19_V93_0,1625.2300,1006.1300,135.0000,1,2,0
21.2645,19,93,G19_V93_1,1490.2300,1141.1300,135.0000,2,2,0
21.2645,19,93,G19_V93_2,1355.2300,1006.1300,135.0000,3,2,1
21.2645,19,93,G19_V93_3,1490.2300,871.1300,135.0000,4,2,1
21.2660,26,95,G26_V95_0,1390.0211,1303.7702,135.0000,1,2,0
21.2660,26,95,G26_V95_1,1255.0211,1438.7702,135.0000,2,2,0
21.2660,26,95,G26_V95_2,1120.0211,1303.7702,135.0000,3,2,1
21.2660,26,95,G26_V95_3,1255.0211,1168.7702,135.0000,4,2,1
21.2668,19,96,G19_V96_0,1726.9324,1114.6804,135.0000,1,2,0
21.2668,19,96,G19_V96_1,1591.9324,1249.6804,135.0000,2,2,0
21.2668,19,96,G19_V96_2,1456.9324,1114.6804,135.0000,3,2,1
21.2668,19,96,G19_V96_3,1591.9324,979.6804,135.0000,4,2,1
21.2705,10,101,G10_V101_0,1553.0700,805.7800,135.0000,1,2,0
21.2705,10,101,G10_V101_1,1418.0700,940.7800,135.0000,2,2,0
21.2705,10,101,G10_V101_2,1283.0700,805.7800,135.0000,3,2,1
21.2705,10,101,G10_V101_3,1418.0700,670.7800,135.0000,4,2,1
21.2912,19,129,G19_V129_0,1594.9300,998.1300,135.0000,1,2,0
21.2912,19,129,G19_V129_1,1459.9300,1133.1300,135.0000,2,2,0
21.2912,19,129,G19_V129_2,1324.9300,998.1300,135.0000,3,2,1
21.2912,19,129,G19_V129_3,1459.9300,863.1300,135.0000,4,2,1
21.2920,45,130,G45_V130_0,2181.2759,1872.1006,135.0000,1,2,0
21.2920,45,130,G45_V130_1,2046.2759,2007.1006,135.0000,2,2,0
21.2920,45,130,G45_V130_2,1911.2759,1872.1006,135.0000,3,2,1
21.2920,45,130,G45_V130_3,2046.2759,1737.1006,135.0000,4,2,1
21.3023,27,9,G27_V9_0,1616.3915,1365.0003,135.0000,1,2,0
21.3023,27,9,G27_V9_1,1481.3915,1500.0003,135.0000,2,2,0
21.3023,27,9,G27_V9_2,1346.3915,1365.0003,135.0000,3,2,1
21.3023,27,9,G27_V9_3,1481.3915,1230.0003,135.0000,4,2,1
21.3038,12,11,G12_V11_0,1932.3967,899.2146,135.0000,1,2,0
21.3038,12,11,G12_V11_1,1797.3967,1034.2146,135.0000,2,2,0
21.3038,12,11,G12_V11_2,1662.3967,899.2146,135.0000,3,2,1
21.3038,12,11,G12_V11_3,1797.3967,764.2146,135.0000,4,2,1
21.3134,28,24,G28_V24_0,1835.9926,1278.3495,135.0000,1,2,0
21.3134,28,24,G28_V24_1,1700.9926,1413.3495,135.0000,2,2,0
21.3134,28,24,G28_V24_2,1565.9926,1278.3495,135.0000,3,2,1
21.3134,28,24,G28_V24_3,1700.9926,1143.3495,135.0000,4,2,1
21.3149,27,26,G27_V26_0,1594.8395,1372.7481,135.0000,1,2,0
21.3149,27,26,G27_V26_1,1459.8395,1507.7481,135.0000,2,2,0
21.3149,27,26,G27_V26_2,1324.8395,1372.7481,135.0000,3,2,1
21.3149,27,26,G27_V26_3,1459.8395,1237.7481,135.0000,4,2,1
21.3171,27,29,G27_V29_0,1804.6484,1258.1915,135.0000,1,2,0
21.3171,27,29,G27_V29_1,1669.6484,1393.1915,135.0000,2,2,0
21.3171,27,29,G27_V29_2,1534.6484,1258.1915,135.0000,3,2,1
21.3171,27,29,G27_V29_3,1669.6484,1123.1915,135.0000,4,2,1
21.3371,20,56,G20_V56_0,1920.4900,1041.1400,135.0000,1,2,0
21.3371,20,56,G20_V56_1,1785.4900,1176.1400,135.0000,2,2,0
21.3371,20,56,G20_V56_2,1650.4900,1041.1400,135.0000,3,2,1
21.3371,20,56,G20_V56_3,1785.4900,906.1400,135.0000,4,2,1
21.3401,19,60,G19_V60_0,1632.1500,1007.1400,135.0000,1,2,0
21.3401,19,60,G19_V60_1,1497.1500,1142.1400,135.0000,2,2,0
21.3401,19,60,G19_V60_2,1362.1500,1007.1400,135.0000,3,2,1
21.3401,19,60,G19_V60_3,1497.1500,872.1400,135.0000,4,2,1
21.3438,20,65,G20_V65_0,1854.1300,979.9800,135.0000,1,2,0
21.3438,20,65,G20_V65_1,1719.1300,1114.9800,135.0000,2,2,0
21.3438,20,65,G20_V65_2,1584.1300,979.9800,135.0000,3,2,1
21.3438,20,65,G20_V65_3,1719.1300,844.9800,135.0000,4,2,1
21.3482,18,71,G18_V71_0,1566.3300,994.6300,135.0000,1,2,0
21.3482,18,71,G18_V71_1,1431.3300,1129.6300,135.0000,2,2,0
21.3482,18,71,G18_V71_2,1296.3300,994.6300,135.0000,3,2,1
21.3482,18,71,G18_V71_3,1431.3300,859.6300,135.0000,4,2,1
21.3534,18,78,G18_V78_0,1580.1200,997.3300,135.0000,1,2,0
21.3534,18,78,G18_V78_1,1445.1200,1132.3300,135.0000,2,2,0
21.3534,18,78,G18_V78_2,1310.1200,997.3300,135.0000,3,2,1
21.3534,18,78,G18_V78_3,1445.1200,862.3300,135.0000,4,2,1
21.3542,19,79,G19_V79_0,1744.7812,1148.1265,135.0000,1,2,0
21.3542,19,79,G19_V79_1,1609.7812,1283.1265,135.0000,2,2,0
21.3542,19,79,G19_V79_2,1474.7812,1148.1265,135.0000,3,2,1
21.3542,19,79,G19_V79_3,1609.7812,1013.1265,135.0000,4,2,1
21.3645,19,93,G19_V93_0,1625.2300,1006.1300,135.0000,1,2,0
21.3645,19,93,G19_V93_1,1490.2300,1141.1300,135.0000,2,2,0
21.3645,19,93,G19_V93_2,1355.2300,1006.1300,135.0000,3,2,1
21.3645,19,93,G19_V93_3,1490.2300,871.1300,135.0000,4,2,1
21.3660,26,95,G26_V95_0,1389.5088,1303.9060,135.0000,1,2,0
21.3660,26,95,G26_V95_1,1254.5088,1438.9060,135.0000,2,2,0
21.3660,26,95,G26_V95_2,1119.5088,1303.9060,135.0000,3,2,1
21.3660,26,95,G26_V95_3,1254.5088,1168.9060,135.0000,4,2,1
21.3668,19,96,G19_V96_0,1727.2033,1115.1831,135.0000,1,2,0
21.3668,19,96,G19_V96_1,1592.2033,1250.1831,135.0000,2,2,0
21.3668,19,96,G19_V96_2,1457.2033,1115.1831,135.0000,3,2,1
21.3668,19,96,G19_V96_3,1592.2033,980.1831,135.0000,4,2,1
21.3705,10,101,G10_V101_0,1553.0700,805.7800,135.0000,1,2,0
21.3705,10,101,G10_V101_1,1418.0700,940.7800,135.0000,2,2,0
21.3705,10,101,G10_V101_2,1283.0700,805.7800,135.0000,3,2,1
21.3705,10,101,G10_V101_3,1418.0700,670.7800,135.0000,4,2,1
21.3912,19,129,G19_V129_0,1594.9300,998.1300,135.0000,1,2,0
21.3912,19,129,G19_V129_1,1459.9300,1133.1300,135.0000,2,2,0
21.3912,19,129,G19_V129_2,1324.9300,998.1300,135.0000,3,2,1
21.3912,19,129,G19_V129_3,1459.9300,863.1300,135.0000,4,2,1
21.3920,45,130,G45_V130_0,2179.8903,1872.1316,135.0000,1,2,0
21.3920,45,130,G45_V130_1,2044.8903,2007.1316,135.0000,2,2,0
21.3920,45,130,G45_V130_2,1909.8903,1872.1316,135.0000,3,2,1
21.3920,45,130,G45_V130_3,2044.8903,1737.1316,135.0000,4,2,1
21.4023,27,9,G27_V9_0,1615.8145,1365.2073,135.0000,1,2,0
21.4023,27,9,G27_V9_1,1480.8145,1500.2073,135.0000,2,2,0
21.4023,27,9,G27_V9_2,1345.8145,1365.2073,135.0000,3,2,1
21.4023,27,9,G27_V9_3,1480.8145,1230.2073,135.0000,4,2,1
21.4038,12,11,G12_V11_0,1931.0291,900.1217,135.0000,1,2,0
21.4038,12,11,G12_V11_1,1796.0291,1035.1217,135.0000,2,2,0
21.4038,12,11,G12_V11_2,1661.0291,900.1217,135.0000,3,2,1
21.4038,12,11,G12_V11_3,1796.0291,765.1217,135.0000,4,2,1
21.4134,28,24,G28_V24_0,1835.3073,1278.3972,135.0000,1,2,0
21.4134,28,24,G28_V24_1,1700.3073,1413.3972,135.0000,2,2,0
21.4134,28,24,G28_V24_2,1565.3073,1278.3972,135.0000,3,2,1
21.4134,28,24,G28_V24_3,1700.3073,1143.3972,135.0000,4,2,1
21.4149,27,26,G27_V26_0,1593.5009,1373.2309,135.0000,1,2,0
21.4149,27,26,G27_V26_1,1458.5009,1508.2309,135.0000,2,2,0
21.4149,27,26,G27_V26_2,1323.5009,1373.2309,135.0000,3,2,1
21.4149,27,26,G27_V26_3,1458.5009,1238.2309,135.0000,4,2,1
21.4171,27,29,G27_V29_0,1805.0201,1258.9269,135.0000,1,2,0
21.4171,27,29,G27_V29_1,1670.0201,1393.9269,135.0000,2,2,0
21.4171,27,29,G27_V29_2,1535.0201,1258.9269,135.0000,3,2,1
21.4171,27,29,G27_V29_3,1670.0201,1123.9269,135.0000,4,2,1
21.4371,20,56,G20_V56_0,1920.4900,1041.1400,135.0000,1,2,0
21.4371,20,56,G20_V56_1,1785.4900,1176.1400,135.0000,2,2,0
21.4371,20,56,G20_V56_2,1650.4900,1041.1400,135.0000,3,2,1
21.4371,20,56,G20_V56_3,1785.4900,906.1400,135.0000,4,2,1
21.4401,19,60,G19_V60_0,1632.1500,1007.1400,135.0000,1,2,0
21.4401,19,60,G19_V60_1,1497.1500,1142.1400,135.0000,2,2,0
21.4401,19,60,G19_V60_2,1362.1500,1007.1400,135.0000,3,2,1
21.4401,19,60,G19_V60_3,1497.1500,872.1400,135.0000,4,2,1
21.4438,20,65,G20_V65_0,1854.1300,979.9800,135.0000,1,2,0
21.4438,20,65,G20_V65_1,1719.1300,1114.9800,135.0000,2,2,0
21.4438,20,65,G20_V65_2,1584.1300,979.9800,135.0000,3,2,1
21.4438,20,65,G20_V65_3,1719.1300,844.9800,135.0000,4,2,1
21.4482,18,71,G18_V71_0,1566.3300,994.6300,135.0000,1,2,0
21.4482,18,71,G18_V71_1,1431.3300,1129.6300,135.0000,2,2,0
21.4482,18,71,G18_V71_2,1296.3300,994.6300,135.0000,3,2,1
21.4482,18,71,G18_V71_3,1431.3300,859.6300,135.0000,4,2,1
21.4534,18,78,G18_V78_0,1580.1200,997.3300,135.0000,1,2,0
21.4534,18,78,G18_V78_1,1445.1200,1132.3300,135.0000,2,2,0
21.4534,18,78,G18_V78_2,1310.1200,997.3300,135.0000,3,2,1
21.4534,18,78,G18_V78_3,1445.1200,862.3300,135.0000,4,2,1
21.4542,19,79,G19_V79_0,1745.2983,1149.1648,135.0000,1,2,0
21.4542,19,79,G19_V79_1,1610.2983,1284.1648,135.0000,2,2,0
21.4542,19,79,G19_V79_2,1475.2983,1149.1648,135.0000,3,2,1
21.4542,19,79,G19_V79_3,1610.2983,1014.1648,135.0000,4,2,1
21.4645,19,93,G19_V93_0,1625.2300,1006.1300,135.0000,1,2,0
21.4645,19,93,G19_V93_1,1490.2300,1141.1300,135.0000,2,2,0
21.4645,19,93,G19_V93_2,1355.2300,1006.1300,135.0000,3,2,1
21.4645,19,93,G19_V93_3,1490.2300,871.1300,135.0000,4,2,1
21.4660,26,95,G26_V95_0,1388.9965,1304.0419,135.0000,1,2,0
21.4660,26,95,G26_V95_1,1253.9965,1439.0419,135.0000,2,2,0
21.4660,26,95,G26_V95_2,1118.9965,1304.0419,135.0000,3,2,1
21.4660,26,95,G26_V95_3,1253.9965,1169.0419,135.0000,4,2,1
21.4668,19,96,G19_V96_0,1727.4742,1115.6857,135.0000,1,2,0
21.4668,19,96,G19_V96_1,1592.4742,1250.6857,135.0000,2,2,0
21.4668,19,96,G19_V96_2,1457.4742,1115.6857,135.0000,3,2,1
21.4668,19,96,G19_V96_3,1592.4742,980.6857,135.0000,4,2,1
21.4705,10,101,G10_V101_0,1553.0700,805.7800,135.0000,1,2,0
21.4705,10,101,G10_V101_1,1418.0700,940.7800,135.0000,2,2,0
21.4705,10,101,G10_V101_2,1283.0700,805.7800,135.0000,3,2,1
21.4705,10,101,G10_V101_3,1418.0700,670.7800,135.0000,4,2,1
21.4912,19,129,G19_V129_0,1594.9300,998.1300,135.0000,1,2,0
21.4912,19,129,G19_V129_1,1459.9300,1133.1300,135.0000,2,2,0
21.4912,19,129,G19_V129_2,1324.9300,998.1300,135.0000,3,2,1
21.4912,19,129,G19_V129_3,1459.9300,863.1300,135.0000,4,2,1
21.4919,45,130,G45_V130_0,2178.5046,1872.1627,135.0000,1,2,0
21.4919,45,130,G45_V130_1,2043.5046,2007.1627,135.0000,2,2,0
21.4919,45,130,G45_V130_2,1908.5046,1872.1627,135.0000,3,2,1
21.4919,45,130,G45_V130_3,2043.5046,1737.1627,135.0000,4,2,1
21.5023,27,9,G27_V9_0,1615.2375,1365.4143,135.0000,1,2,0
21.5023,27,9,G27_V9_1,1480.2375,1500.4143,135.0000,2,2,0
21.5023,27,9,G27_V9_2,1345.2375,1365.4143,135.0000,3,2,1
21.5023,27,9,G27_V9_3,1480.2375,1230.4143,135.0000,4,2,1
21.5038,12,11,G12_V11_0,1929.6616,901.0287,135.0000,1,2,0
21.5038,12,11,G12_V11_1,1794.6616,1036.0287,135.0000,2,2,0
21.5038,12,11,G12_V11_2,1659.6616,901.0287,135.0000,3,2,1
21.5038,12,11,G12_V11_3,1794.6616,766.0287,135.0000,4,2,1
21.5134,28,24,G28_V24_0,1834.6219,1278.4450,135.0000,1,2,0
21.5134,28,24,G28_V24_1,1699.6219,1413.4450,135.0000,2,2,0
21.5134,28,24,G28_V24_2,1564.6219,1278.4450,135.0000,3,2,1
21.5134,28,24,G28_V24_3,1699.6219,1143.4450,135.0000,4,2,1
21.5149,27,26,G27_V26_0,1592.1623,1373.7137,135.0000,1,2,0
21.5149,27,26,G27_V26_1,1457.1623,1508.7137,135.0000,2,2,0
21.5149,27,26,G27_V26_2,1322.1623,1373.7137,135.0000,3,2,1
21.5149,27,26,G27_V26_3,1457.1623,1238.7137,135.0000,4,2,1
21.5171,27,29,G27_V29_0,1805.3918,1259.6623,135.0000,1,2,0
21.5171,27,29,G27_V29_1,1670.3918,1394.6623,135.0000,2,2,0
21.5171,27,29,G27_V29_2,1535.3918,1259.6623,135.0000,3,2,1
21.5171,27,29,G27_V29_3,1670.3918,1124.6623,135.0000,4,2,1
21.5371,20,56,G20_V56_0,1920.4900,1041.1400,135.0000,1,2,0
21.5371,20,56,G20_V56_1,1785.4900,1176.1400,135.0000,2,2,0
21.5371,20,56,G20_V56_2,1650.4900,1041.1400,135.0000,3,2,1
21.5371,20,56,G20_V56_3,1785.4900,906.1400,135.0000,4,2,1
21.5401,19,60,G19_V60_0,1632.1500,1007.1400,135.0000,1,2,0
21.5401,19,60,G19_V60_1,1497.1500,1142.1400,135.0000,2,2,0
21.5401,19,60,G19_V60_2,1362.1500,1007.1400,135.0000,3,2,1
21.5401,19,60,G19_V60_3,1497.1500,872.1400,135.0000,4,2,1
21.5438,20,65,G20_V65_0,1854.1300,979.9800,135.0000,1,2,0
21.5438,20,65,G20_V65_1,1719.1300,1114.9800,135.0000,2,2,0
21.5438,20,65,G20_V65_2,1584.1300,979.9800,135.0000,3,2,1
21.5438,20,65,G20_V65_3,1719.1300,844.9800,135.0000,4,2,1
21.5482,18,71,G18_V71_0,1566.3300,994.6300,135.0000,1,2,0
21.5482,18,71,G18_V71_1,1431.3300,1129.6300,135.0000,2,2,0
21.5482,18,71,G18_V71_2,1296.3300,994.6300,135.0000,3,2,1
21.5482,18,71,G18_V71_3,1431.3300,859.6300,135.0000,4,2,1
21.5534,18,78,G18_V78_0,1580.1200,997.3300,135.0000,1,2,0
21.5534,18,78,G18_V78_1,1445.1200,1132.3300,135.0000,2,2,0
21.5534,18,78,G18_V78_2,1310.1200,997.3300,135.0000,3,2,1
21.5534,18,78,G18_V78_3,1445.1200,862.3300,135.0000,4,2,1
21.5542,19,79,G19_V79_0,1745.8155,1150.2031,135.0000,1,2,0
21.5542,19,79,G19_V79_1,1610.8155,1285.2031,135.0000,2,2,0
21.5542,19,79,G19_V79_2,1475.8155,1150.2031,135.0000,3,2,1
21.5542,19,79,G19_V79_3,1610.8155,1015.2031,135.0000,4,2,1
21.5645,19,93,G19_V93_0,1625.2300,1006.1300,135.0000,1,2,0
21.5645,19,93,G19_V93_1,1490.2300,1141.1300,135.0000,2,2,0
21.5645,19,93,G19_V93_2,1355.2300,1006.1300,135.0000,3,2,1
21.5645,19,93,G19_V93_3,1490.2300,871.1300,135.0000,4,2,1
21.5660,26,95,G26_V95_0,1388.4842,1304.1777,135.0000,1,2,0
21.5660,26,95,G26_V95_1,1253.4842,1439.1777,135.0000,2,2,0
21.5660,26,95,G26_V95_2,1118.4842,1304.1777,135.0000,3,2,1
21.5660,26,95,G26_V95_3,1253.4842,1169.1777,135.0000,4,2,1
21.5668,19,96,G19_V96_0,1727.7450,1116.1884,135.0000,1,2,0
21.5668,19,96,G19_V96_1,1592.7450,1251.1884,135.0000,2,2,0
21.5668,19,96,G19_V96_2,1457.7450,1116.1884,135.0000,3,2,1
21.5668,19,96,G19_V96_3,1592.7450,981.1884,135.0000,4,2,1
21.5705,10,101,G10_V101_0,1553.0700,805.7800,135.0000,1,2,0
21.5705,10,101,G10_V101_1,1418.0700,940.7800,135.0000,2,2,0
21.5705,10,101,G10_V101_2,1283.0700,805.7800,135.0000,3,2,1
21.5705,10,101,G10_V101_3,1418.0700,670.7800,135.0000,4,2,1
21.5912,19,129,G19_V129_0,1594.9300,998.1300,135.0000,1,2,0
21.5912,19,129,G19_V129_1,1459.9300,1133.1300,135.0000,2,2,0
21.5912,19,129,G19_V129_2,1324.9300,998.1300,135.0000,3,2,1
21.5912,19,129,G19_V129_3,1459.9300,863.1300,135.0000,4,2,1
21.5919,45,130,G45_V130_0,2177.1190,1872.1937,135.0000,1,2,0
21.5919,45,130,G45_V130_1,2042.1190,2007.1937,135.0000,2,2,0
21.5919,45,130,G45_V130_2,1907.1190,1872.1937,135.0000,3,2,1
21.5919,45,130,G45_V130_3,2042.1190,1737.1937,135.0000,4,2,1
21.6023,27,9,G27_V9_0,1614.6605,1365.6213,135.0000,1,2,0
21.6023,27,9,G27_V9_1,1479.6605,1500.6213,135.0000,2,2,0
21.6023,27,9,G27_V9_2,1344.6605,1365.6213,135.0000,3,2,1
21.6023,27,9,G27_V9_3,1479.6605,1230.6213,135.0000,4,2,1
21.6038,12,11,G12_V11_0,1928.2940,901.9357,135.0000,1,2,0
21.6038,12,11,G12_V11_1,1793.2940,1036.9357,135.0000,2,2,0
21.6038,12,11,G12_V11_2,1658.2940,901.9357,135.0000,3,2,1
21.6038,12,11,G12_V11_3,1793.2940,766.9357,135.0000,4,2,1
21.6134,28,24,G28_V24_0,1833.9366,1278.4927,135.0000,1,2,0
21.6134,28,24,G28_V24_1,1698.9366,1413.4927,135.0000,2,2,0
21.6134,28,24,G28_V24_2,1563.9366,1278.4927,135.0000,3,2,1
21.6134,28,24,G28_V24_3,1698.9366,1143.4927,135.0000,4,2,1
21.6149,27,26,G27_V26_0,1590.8237,1374.1965,135.0000,1,2,0
21.6149,27,26,G27_V26_1,1455.8237,1509.1965,135.0000,2,2,0
21.6149,27,26,G27_V26_2,1320.8237,1374.1965,135.0000,3,2,1
21.6149,27,26,G27_V26_3,1455.8237,1239.1965,135.0000,4,2,1
21.6171,27,29,G27_V29_0,1805.7635,1260.3977,135.0000,1,2,0
21.6171,27,29,G27_V29_1,1670.7635,1395.3977,135.0000,2,2,0
21.6171,27,29,G27_V29_2,1535.7635,1260.3977,135.0000,3,2,1
21.6171,27,29,G27_V29_3,1670.7635,1125.3977,135.0000,4,2,1
21.6371,20,56,G20_V56_0,1920.4900,1041.1400,135.0000,1,2,0
21.6371,20,56,G20_V56_1,1785.4900,1176.1400,135.0000,2,2,0
21.6371,20,56,G20_V56_2,1650.4900,1041.1400,135.0000,3,2,1
21.6371,20,56,G20_V56_3,1785.4900,906.1400,135.0000,4,2,1
21.6401,19,60,G19_V60_0,1632.1500,1007.1400,135.0000,1,2,0
21.6401,19,60,G19_V60_1,1497.1500,1142.1400,135.0000,2,2,0
21.6401,19,60,G19_V60_2,1362.1500,1007.1400,135.0000,3,2,1
21.6401,19,60,G19_V60_3,1497.1500,872.1400,135.0000,4,2,1
21.6438,20,65,G20_V65_0,1854.1300,979.9800,135.0000,1,2,0
21.6438,20,65,G20_V65_1,1719.1300,1114.9800,135.0000,2,2,0
21.6438,20,65,G20_V65_2,1584.1300,979.9800,135.0000,3,2,1
21.6438,20,65,G20_V65_3,1719.1300,844.9800,135.0000,4,2,1
21.6482,18,71,G18_V71_0,1566.3300,994.6300,135.0000,1,2,0
21.6482,18,71,G18_V71_1,1431.3300,1129.6300,135.0000,2,2,0
21.6482,18,71,G18_V71_2,1296.3300,994.6300,135.0000,3,2,1
21.6482,18,71,G18_V71_3,1431.3300,859.6300,135.0000,4,2,1
21.6534,18,78,G18_V78_0,1580.1200,997.3300,135.0000,1,2,0
21.6534,18,78,G18_V78_1,1445.1200,1132.3300,135.0000,2,2,0
21.6534,18,78,G18_V78_2,1310.1200,997.3300,135.0000,3,2,1
21.6534,18,78,G18_V78_3,1445.1200,862.3300,135.0000,4,2,1
21.6542,19,79,G19_V79_0,1746.3327,1151.2415,135.0000,1,2,0
21.6542,19,79,G19_V79_1,1611.3327,1286.2415,135.0000,2,2,0
21.6542,19,79,G19_V79_2,1476.3327,1151.2415,135.0000,3,2,1
21.6542,19,79,G19_V79_3,1611.3327,1016.2415,135.0000,4,2,1
21.6645,19,93,G19_V93_0,1625.2300,1006.1300,135.0000,1,2,0
21.6645,19,93,G19_V93_1,1490.2300,1141.1300,135.0000,2,2,0
21.6645,19,93,G19_V93_2,1355.2300,1006.1300,135.0000,3,2,1
21.6645,19,93,G19_V93_3,1490.2300,871.1300,135.0000,4,2,1
21.6660,26,95,G26_V95_0,1387.9719,1304.3135,135.0000,1,2,0
21.6660,26,95,G26_V95_1,1252.9719,1439.3135,135.0000,2,2,0
21.6660,26,95,G26_V95_2,1117.9719,1304.3135,135.0000,3,2,1
21.6660,26,95,G26_V95_3,1252.9719,1169.3135,135.0000,4,2,1
21.6668,19,96,G19_V96_0,1728.0159,1116.6910,135.0000,1,2,0
21.6668,19,96,G19_V96_1,1593.0159,1251.6910,135.0000,2,2,0
21.6668,19,96,G19_V96_2,1458.0159,1116.6910,135.0000,3,2,1
21.6668,19,96,G19_V96_3,1593.0159,981.6910,135.0000,4,2,1
21.6705,10,101,G10_V101_0,1553.0700,805.7800,135.0000,1,2,0
21.6705,10,101,G10_V101_1,1418.0700,940.7800,135.0000,2,2,0
21.6705,10,101,G10_V101_2,1283.0700,805.7800,135.0000,3,2,1
21.6705,10,101,G10_V101_3,1418.0700,670.7800,135.0000,4,2,1
21.6912,19,129,G19_V129_0,1594.9300,998.1300,135.0000,1,2,0
21.6912,19,129,G19_V129_1,1459.9300,1133.1300,135.0000,2,2,0
21.6912,19,129,G19_V129_2,1324.9300,998.1300,135.0000,3,2,1
21.6912,19,129,G19_V129_3,1459.9300,863.1300,135.0000,4,2,1
21.6919,45,130,G45_V130_0,2175.7333,1872.2247,135.0000,1,2,0
21.6919,45,130,G45_V130_1,2040.7333,2007.2247,135.0000,2,2,0
21.6919,45,130,G45_V130_2,1905.7333,1872.2247,135.0000,3,2,1
21.6919,45,130,G45_V130_3,2040.7333,1737.2247,135.0000,4,2,1
21.7023,27,9,G27_V9_0,1614.0835,1365.8283,135.0000,1,2,0
21.7023,27,9,G27_V9_1,1479.0835,1500.8283,135.0000,2,2,0
21.7023,27,9,G27_V9_2,1344.0835,1365.8283,135.0000,3,2,1
21.7023,27,9,G27_V9_3,1479.0835,1230.8283,135.0000,4,2,1
21.7038,12,11,G12_V11_0,1926.9265,902.8427,135.0000,1,2,0
21.7038,12,11,G12_V11_1,1791.9265,1037.8427,135.0000,2,2,0
21.7038,12,11,G12_V11_2,1656.9265,902.8427,135.0000,3,2,1
21.7038,12,11,G12_V11_3,1791.9265,767.8427,135.0000,4,2,1
21.7134,28,24,G28_V24_0,1833.2512,1278.5404,135.0000,1,2,0
21.7134,28,24,G28_V24_1,1698.2512,1413.5404,135.0000,2,2,0
21.7134,28,24,G28_V24_2,1563.2512,1278.5404,135.0000,3,2,1
21.7134,28,24,G28_V24_3,1698.2512,1143.5404,135.0000,4,2,1
21.7149,27,26,G27_V26_0,1589.4851,1374.6793,135.0000,1,2,0
21.7149,27,26,G27_V26_1,1454.4851,1509.6793,135.0000,2,2,0
21.7149,27,26,G27_V26_2,1319.4851,1374.6793,135.0000,3,2,1
21.7149,27,26,G27_V26_3,1454.4851,1239.6793,135.0000,4,2,1
21.7171,27,29,G27_V29_0,1806.1352,1261.1331,135.0000,1,2,0
21.7171,27,29,G27_V29_1,1671.1352,1396.1331,135.0000,2,2,0
21.7171,27,29,G27_V29_2,1536.1352,1261.1331,135.0000,3,2,1
21.7171,27,29,G27_V29_3,1671.1352,1126.1331,135.0000,4,2,1
21.7374,20,56,G20_V56_0,1920.4900,1041.1400,135.0000,1,2,0
21.7374,20,56,G20_V56_1,1785.4900,1176.1400,135.0000,2,2,0
21.7374,20,56,G20_V56_2,1650.4900,1041.1400,135.0000,3,2,1
21.7374,20,56,G20_V56_3,1785.4900,906.1400,135.0000,4,2,1
21.7401,19,60,G19_V60_0,1632.1500,1007.1400,135.0000,1,2,0
21.7401,19,60,G19_V60_1,1497.1500,1142.1400,135.0000,2,2,0
21.7401,19,60,G19_V60_2,1362.1500,1007.1400,135.0000,3,2,1
21.7401,19,60,G19_V60_3,1497.1500,872.1400,135.0000,4,2,1
21.7438,20,65,G20_V65_0,1854.1300,979.9800,135.0000,1,2,0
21.7438,20,65,G20_V65_1,1719.1300,1114.9800,135.0000,2,2,0
21.7438,20,65,G20_V65_2,1584.1300,979.9800,135.0000,3,2,1
21.7438,20,65,G20_V65_3,1719.1300,844.9800,135.0000,4,2,1
21.7482,18,71,G18_V71_0,1566.3300,994.6300,135.0000,1,2,0
21.7482,18,71,G18_V71_1,1431.3300,1129.6300,135.0000,2,2,0
21.7482,18,71,G18_V71_2,1296.3300,994.6300,135.0000,3,2,1
21.7482,18,71,G18_V71_3,1431.3300,859.6300,135.0000,4,2,1
21.7534,18,78,G18_V78_0,1580.1200,997.3300,135.0000,1,2,0
21.7534,18,78,G18_V78_1,1445.1200,1132.3300,135.0000,2,2,0
21.7534,18,78,G18_V78_2,1310.1200,997.3300,135.0000,3,2,1
21.7534,18,78,G18_V78_3,1445.1200,862.3300,135.0000,4,2,1
21.7542,19,79,G19_V79_0,1746.8498,1152.2798,135.0000,1,2,0
21.7542,19,79,G19_V79_1,1611.8498,1287.2798,135.0000,2,2,0
21.7542,19,79,G19_V79_2,1476.8498,1152.2798,135.0000,3,2,1
21.7542,19,79,G19_V79_3,1611.8498,1017.2798,135.0000,4,2,1
21.7645,19,93,G19_V93_0,1625.2300,1006.1300,135.0000,1,2,0
21.7645,19,93,G19_V93_1,1490.2300,1141.1300,135.0000,2,2,0
21.7645,19,93,G19_V93_2,1355.2300,1006.1300,135.0000,3,2,1
21.7645,19,93,G19_V93_3,1490.2300,871.1300,135.0000,4,2,1
21.7660,26,95,G26_V95_0,1387.4596,1304.4493,135.0000,1,2,0
21.7660,26,95,G26_V95_1,1252.4596,1439.4493,135.0000,2,2,0
21.7660,26,95,G26_V95_2,1117.4596,1304.4493,135.0000,3,2,1
21.7660,26,95,G26_V95_3,1252.4596,1169.4493,135.0000,4,2,1
21.7668,19,96,G19_V96_0,1728.2868,1117.1937,135.0000,1,2,0
21.7668,19,96,G19_V96_1,1593.2868,1252.1937,135.0000,2,2,0
21.7668,19,96,G19_V96_2,1458.2868,1117.1937,135.0000,3,2,1
21.7668,19,96,G19_V96_3,1593.2868,982.1937,135.0000,4,2,1
21.7705,10,101,G10_V101_0,1553.0700,805.7800,135.0000,1,2,0
21.7705,10,101,G10_V101_1,1418.0700,940.7800,135.0000,2,2,0
21.7705,10,101,G10_V101_2,1283.0700,805.7800,135.0000,3,2,1
21.7705,10,101,G10_V101_3,1418.0700,670.7800,135.0000,4,2,1
21.7902,27,116,G27_V116_0,1814.0918,1285.6095,135.0000,1,2,0
21.7902,27,116,G27_V116_1,1679.0918,1420.6095,135.0000,2,2,0
21.7902,27,116,G27_V116_2,1544.0918,1285.6095,135.0000,3,2,1
21.7902,27,116,G27_V116_3,1679.0918,1150.6095,135.0000,4,2,1
21.7918,19,129,G19_V129_0,1594.9300,998.1300,135.0000,1,2,0
21.7918,19,129,G19_V129_1,1459.9300,1133.1300,135.0000,2,2,0
21.7918,19,129,G19_V129_2,1324.9300,998.1300,135.0000,3,2,1
21.7918,19,129,G19_V129_3,1459.9300,863.1300,135.0000,4,2,1
21.7920,45,130,G45_V130_0,2174.3477,1872.2558,135.0000,1,2,0
21.7920,45,130,G45_V130_1,2039.3477,2007.2558,135.0000,2,2,0
21.7920,45,130,G45_V130_2,1904.3477,1872.2558,135.0000,3,2,1
21.7920,45,130,G45_V130_3,2039.3477,1737.2558,135.0000,4,2,1
21.8023,27,9,G27_V9_0,1613.5065,1366.0352,135.0000,1,2,0
21.8023,27,9,G27_V9_1,1478.5065,1501.0352,135.0000,2,2,0
21.8023,27,9,G27_V9_2,1343.5065,1366.0352,135.0000,3,2,1
21.8023,27,9,G27_V9_3,1478.5065,1231.0352,135.0000,4,2,1
21.8038,12,11,G12_V11_0,1925.5589,903.7497,135.0000,1,2,0
21.8038,12,11,G12_V11_1,1790.5589,1038.7497,135.0000,2,2,0
21.8038,12,11,G12_V11_2,1655.5589,903.7497,135.0000,3,2,1
21.8038,12,11,G12_V11_3,1790.5589,768.7497,135.0000,4,2,1
21.8134,28,24,G28_V24_0,1832.5659,1278.5881,135.0000,1,2,0
21.8134,28,24,G28_V24_1,1697.5659,1413.5881,135.0000,2,2,0
21.8134,28,24,G28_V24_2,1562.5659,1278.5881,135.0000,3,2,1
21.8134,28,24,G28_V24_3,1697.5659,1143.5881,135.0000,4,2,1
21.8149,27,26,G27_V26_0,1588.1465,1375.1621,135.0000,1,2,0
21.8149,27,26,G27_V26_1,1453.1465,1510.1621,135.0000,2,2,0
21.8149,27,26,G27_V26_2,1318.1465,1375.1621,135.0000,3,2,1
21.8149,27,26,G27_V26_3,1453.1465,1240.1621,135.0000,4,2,1
21.8171,27,29,G27_V29_0,1806.5069,1261.8685,135.0000,1,2,0
21.8171,27,29,G27_V29_1,1671.5069,1396.8685,135.0000,2,2,0
21.8171,27,29,G27_V29_2,1536.5069,1261.8685,135.0000,3,2,1
21.8171,27,29,G27_V29_3,1671.5069,1126.8685,135.0000,4,2,1
21.8371,20,56,G20_V56_0,1920.4900,1041.1400,135.0000,1,2,0
21.8371,20,56,G20_V56_1,1785.4900,1176.1400,135.0000,2,2,0
21.8371,20,56,G20_V56_2,1650.4900,1041.1400,135.0000,3,2,1
21.8371,20,56,G20_V56_3,1785.4900,906.1400,135.0000,4,2,1
21.8401,19,60,G19_V60_0,1632.1500,1007.1400,135.0000,1,2,0
21.8401,19,60,G19_V60_1,1497.1500,1142.1400,135.0000,2,2,0
21.8401,19,60,G19_V60_2,1362.1500,1007.1400,135.0000,3,2,1
21.8401,19,60,G19_V60_3,1497.1500,872.1400,135.0000,4,2,1
21.8438,20,65,G20_V65_0,1854.1300,979.9800,135.0000,1,2,0
21.8438,20,65,G20_V65_1,1719.1300,1114.9800,135.0000,2,2,0
21.8438,20,65,G20_V65_2,1584.1300,979.9800,135.0000,3,2,1
21.8438,20,65,G20_V65_3,1719.1300,844.9800,135.0000,4,2,1
21.8482,18,71,G18_V71_0,1566.3300,994.6300,135.0000,1,2,0
21.8482,18,71,G18_V71_1,1431.3300,1129.6300,135.0000,2,2,0
21.8482,18,71,G18_V71_2,1296.3300,994.6300,135.0000,3,2,1
21.8482,18,71,G18_V71_3,1431.3300,859.6300,135.0000,4,2,1
21.8534,18,78,G18_V78_0,1580.1200,997.3300,135.0000,1,2,0
21.8534,18,78,G18_V78_1,1445.1200,1132.3300,135.0000,2,2,0
21.8534,18,78,G18_V78_2,1310.1200,997.3300,135.0000,3,2,1
21.8534,18,78,G18_V78_3,1445.1200,862.3300,135.0000,4,2,1
21.8542,19,79,G19_V79_0,1747.3670,1153.3181,135.0000,1,2,0
21.8542,19,79,G19_V79_1,1612.3670,1288.3181,135.0000,2,2,0
21.8542,19,79,G19_V79_2,1477.3670,1153.3181,135.0000,3,2,1
21.8542,19,79,G19_V79_3,1612.3670,1018.3181,135.0000,4,2,1
21.8645,19,93,G19_V93_0,1625.2300,1006.1300,135.0000,1,2,0
21.8645,19,93,G19_V93_1,1490.2300,1141.1300,135.0000,2,2,0
21.8645,19,93,G19_V93_2,1355.2300,1006.1300,135.0000,3,2,1
21.8645,19,93,G19_V93_3,1490.2300,871.1300,135.0000,4,2,1
21.8660,26,95,G26_V95_0,1386.9473,1304.5851,135.0000,1,2,0
21.8660,26,95,G26_V95_1,1251.9473,1439.5851,135.0000,2,2,0
21.8660,26,95,G26_V95_2,1116.9473,1304.5851,135.0000,3,2,1
21.8660,26,95,G26_V95_3,1251.9473,1169.5851,135.0000,4,2,1
21.8668,19,96,G19_V96_0,1728.5577,1117.6963,135.0000,1,2,0
21.8668,19,96,G19_V96_1,1593.5577,1252.6963,135.0000,2,2,0
21.8668,19,96,G19_V96_2,1458.5577,1117.6963,135.0000,3,2,1
21.8668,19,96,G19_V96_3,1593.5577,982.6963,135.0000,4,2,1
21.8705,10,101,G10_V101_0,1553.0700,805.7800,135.0000,1,2,0
21.8705,10,101,G10_V101_1,1418.0700,940.7800,135.0000,2,2,0
21.8705,10,101,G10_V101_2,1283.0700,805.7800,135.0000,3,2,1
21.8705,10,101,G10_V101_3,1418.0700,670.7800,135.0000,4,2,1
21.8816,27,116,G27_V116_0,1813.3989,1285.8160,135.0000,1,2,0
21.8816,27,116,G27_V116_1,1678.3989,1420.8160,135.0000,2,2,0
21.8816,27,116,G27_V116_2,1543.3989,1285.8160,135.0000,3,2,1
21.8816,27,116,G27_V116_3,1678.3989,1150.8160,135.0000,4,2,1
21.8912,19,129,G19_V129_0,1594.9300,998.1300,135.0000,1,2,0
21.8912,19,129,G19_V129_1,1459.9300,1133.1300,135.0000,2,2,0
21.8912,19,129,G19_V129_2,1324.9300,998.1300,135.0000,3,2,1
21.8912,19,129,G19_V129_3,1459.9300,863.1300,135.0000,4,2,1
21.8919,45,130,G45_V130_0,2172.9620,1872.2868,135.0000,1,2,0
21.8919,45,130,G45_V130_1,2037.9620,2007.2868,135.0000,2,2,0
21.8919,45,130,G45_V130_2,1902.9620,1872.2868,135.0000,3,2,1
21.8919,45,130,G45_V130_3,2037.9620,1737.2868,135.0000,4,2,1
21.9023,27,9,G27_V9_0,1612.9295,1366.2422,135.0000,1,2,0
21.9023,27,9,G27_V9_1,1477.9295,1501.2422,135.0000,2,2,0
21.9023,27,9,G27_V9_2,1342.9295,1366.2422,135.0000,3,2,1
21.9023,27,9,G27_V9_3,1477.9295,1231.2422,135.0000,4,2,1
21.9038,12,11,G12_V11_0,1924.1914,904.6568,135.0000,1,2,0
21.9038,12,11,G12_V11_1,1789.1914,1039.6568,135.0000,2,2,0
21.9038,12,11,G12_V11_2,1654.1914,904.6568,135.0000,3,2,1
21.9038,12,11,G12_V11_3,1789.1914,769.6568,135.0000,4,2,1
21.9134,28,24,G28_V24_0,1831.8806,1278.6358,135.0000,1,2,0
21.9134,28,24,G28_V24_1,1696.8806,1413.6358,135.0000,2,2,0
21.9134,28,24,G28_V24_2,1561.8806,1278.6358,135.0000,3,2,1
21.9134,28,24,G28_V24_3,1696.8806,1143.6358,135.0000,4,2,1
21.9149,27,26,G27_V26_0,1586.8079,1375.6448,135.0000,1,2,0
21.9149,27,26,G27_V26_1,1451.8079,1510.6448,135.0000,2,2,0
21.9149,27,26,G27_V26_2,1316.8079,1375.6448,135.0000,3,2,1
21.9149,27,26,G27_V26_3,1451.8079,1240.6448,135.0000,4,2,1
21.9171,27,29,G27_V29_0,1806.8786,1262.6039,135.0000,1,2,0
21.9171,27,29,G27_V29_1,1671.8786,1397.6039,135.0000,2,2,0
21.9171,27,29,G27_V29_2,1536.8786,1262.6039,135.0000,3,2,1
21.9171,27,29,G27_V29_3,1671.8786,1127.6039,135.0000,4,2,1
21.9371,20,56,G20_V56_0,1920.4900,1041.1400,135.0000,1,2,0
21.9371,20,56,G20_V56_1,1785.4900,1176.1400,135.0000,2,2,0
21.9371,20,56,G20_V56_2,1650.4900,1041.1400,135.0000,3,2,1
21.9371,20,56,G20_V56_3,1785.4900,906.1400,135.0000,4,2,1
21.9401,19,60,G19_V60_0,1632.1500,1007.1400,135.0000,1,2,0
21.9401,19,60,G19_V60_1,1497.1500,1142.1400,135.0000,2,2,0
21.9401,19,60,G19_V60_2,1362.1500,1007.1400,135.0000,3,2,1
21.9401,19,60,G19_V60_3,1497.1500,872.1400,135.0000,4,2,1
21.9438,20,65,G20_V65_0,1854.1300,979.9800,135.0000,1,2,0
21.9438,20,65,G20_V65_1,1719.1300,1114.9800,135.0000,2,2,0
21.9438,20,65,G20_V65_2,1584.1300,979.9800,135.0000,3,2,1
21.9438,20,65,G20_V65_3,1719.1300,844.9800,135.0000,4,2,1
21.9482,18,71,G18_V71_0,1566.3300,994.6300,135.0000,1,2,0
21.9482,18,71,G18_V71_1,1431.3300,1129.6300,135.0000,2,2,0
21.9482,18,71,G18_V71_2,1296.3300,994.6300,135.0000,3,2,1
21.9482,18,71,G18_V71_3,1431.3300,859.6300,135.0000,4,2,1
21.9534,18,78,G18_V78_0,1580.1200,997.3300,135.0000,1,2,0
21.9534,18,78,G18_V78_1,1445.1200,1132.3300,135.0000,2,2,0
21.9534,18,78,G18_V78_2,1310.1200,997.3300,135.0000,3,2,1
21.9534,18,78,G18_V78_3,1445.1200,862.3300,135.0000,4,2,1
21.9542,19,79,G19_V79_0,1747.8842,1154.3565,135.0000,1,2,0
21.9542,19,79,G19_V79_1,1612.8842,1289.3565,135.0000,2,2,0
21.9542,19,79,G19_V79_2,1477.8842,1154.3565,135.0000,3,2,1
21.9542,19,79,G19_V79_3,1612.8842,1019.3565,135.0000,4,2,1
21.9645,19,93,G19_V93_0,1625.2300,1006.1300,135.0000,1,2,0
21.9645,19,93,G19_V93_1,1490.2300,1141.1300,135.0000,2,2,0
21.9645,19,93,G19_V93_2,1355.2300,1006.1300,135.0000,3,2,1
21.9645,19,93,G19_V93_3,1490.2300,871.1300,135.0000,4,2,1
21.9660,26,95,G26_V95_0,1386.4350,1304.7210,135.0000,1,2,0
21.9660,26,95,G26_V95_1,1251.4350,1439.7210,135.0000,2,2,0
21.9660,26,95,G26_V95_2,1116.4350,1304.7210,135.0000,3,2,1
21.9660,26,95,G26_V95_3,1251.4350,1169.7210,135.0000,4,2,1
21.9668,19,96,G19_V96_0,1728.8286,1118.1990,135.0000,1,2,0
21.9668,19,96,G19_V96_1,1593.8286,1253.1990,135.0000,2,2,0
21.9668,19,96,G19_V96_2,1458.8286,1118.1990,135.0000,3,2,1
21.9668,19,96,G19_V96_3,1593.8286,983.1990,135.0000,4,2,1
21.9705,10,101,G10_V101_0,1553.0700,805.7800,135.0000,1,2,0
21.9705,10,101,G10_V101_1,1418.0700,940.7800,135.0000,2,2,0
21.9705,10,101,G10_V101_2,1283.0700,805.7800,135.0000,3,2,1
21.9705,10,101,G10_V101_3,1418.0700,670.7800,135.0000,4,2,1
21.9816,27,116,G27_V116_0,1812.7060,1286.0225,135.0000,1,2,0
21.9816,27,116,G27_V116_1,1677.7060,1421.0225,135.0000,2,2,0
21.9816,27,116,G27_V116_2,1542.7060,1286.0225,135.0000,3,2,1
21.9816,27,116,G27_V116_3,1677.7060,1151.0225,135.0000,4,2,1
21.9912,19,129,G19_V129_0,1594.9300,998.1300,135.0000,1,2,0
21.9912,19,129,G19_V129_1,1459.9300,1133.1300,135.0000,2,2,0
21.9912,19,129,G19_V129_2,1324.9300,998.1300,135.0000,3,2,1
21.9912,19,129,G19_V129_3,1459.9300,863.1300,135.0000,4,2,1
21.9919,45,130,G45_V130_0,2171.5764,1872.3178,135.0000,1,2,0
21.9919,45,130,G45_V130_1,2036.5764,2007.3178,135.0000,2,2,0
21.9919,45,130,G45_V130_2,1901.5764,1872.3178,135.0000,3,2,1
21.9919,45,130,G45_V130_3,2036.5764,1737.3178,135.0000,4,2,1
22.0023,27,9,G27_V9_0,1612.3504,1366.4500,135.0000,1,2,0
22.0023,27,9,G27_V9_1,1477.3504,1501.4500,135.0000,2,2,0
22.0023,27,9,G27_V9_2,1342.3504,1366.4500,135.0000,3,2,1
22.0023,27,9,G27_V9_3,1477.3504,1231.4500,135.0000,4,2,1
22.0038,12,11,G12_V11_0,1922.8705,905.5361,135.0000,1,2,0
22.0038,12,11,G12_V11_1,1787.8705,1040.5361,135.0000,2,2,0
22.0038,12,11,G12_V11_2,1652.8705,905.5361,135.0000,3,2,1
22.0038,12,11,G12_V11_3,1787.8705,770.5361,135.0000,4,2,1
22.0134,28,24,G28_V24_0,1831.2815,1278.6173,135.0000,1,2,0
22.0134,28,24,G28_V24_1,1696.2815,1413.6173,135.0000,2,2,0
22.0134,28,24,G28_V24_2,1561.2815,1278.6173,135.0000,3,2,1
22.0134,28,24,G28_V24_3,1696.2815,1143.6173,135.0000,4,2,1
22.0149,27,26,G27_V26_0,1585.4717,1376.1269,135.0000,1,2,0
22.0149,27,26,G27_V26_1,1450.4717,1511.1269,135.0000,2,2,0
22.0149,27,26,G27_V26_2,1315.4717,1376.1269,135.0000,3,2,1
22.0149,27,26,G27_V26_3,1450.4717,1241.1269,135.0000,4,2,1
22.0171,27,29,G27_V29_0,1807.2217,1263.2822,135.0000,1,2,0
22.0171,27,29,G27_V29_1,1672.2217,1398.2822,135.0000,2,2,0
22.0171,27,29,G27_V29_2,1537.2217,1263.2822,135.0000,3,2,1
22.0171,27,29,G27_V29_3,1672.2217,1128.2822,135.0000,4,2,1
22.0371,20,56,G20_V56_0,1920.4900,1041.1400,135.0000,1,2,0
22.0371,20,56,G20_V56_1,1785.4900,1176.1400,135.0000,2,2,0
22.0371,20,56,G20_V56_2,1650.4900,1041.1400,135.0000,3,2,1
22.0371,20,56,G20_V56_3,1785.4900,906.1400,135.0000,4,2,1
22.0401,19,60,G19_V60_0,1632.1500,1007.1400,135.0000,1,2,0
22.0401,19,60,G19_V60_1,1497.1500,1142.1400,135.0000,2,2,0
22.0401,19,60,G19_V60_2,1362.1500,1007.1400,135.0000,3,2,1
22.0401,19,60,G19_V60_3,1497.1500,872.1400,135.0000,4,2,1
22.0438,20,65,G20_V65_0,1854.1300,979.9800,135.0000,1,2,0
22.0438,20,65,G20_V65_1,1719.1300,1114.9800,135.0000,2,2,0
22.0438,20,65,G20_V65_2,1584.1300,979.9800,135.0000,3,2,1
22.0438,20,65,G20_V65_3,1719.1300,844.9800,135.0000,4,2,1
22.0482,18,71,G18_V71_0,1566.3300,994.6300,135.0000,1,2,0
22.0482,18,71,G18_V71_1,1431.3300,1129.6300,135.0000,2,2,0
22.0482,18,71,G18_V71_2,1296.3300,994.6300,135.0000,3,2,1
22.0482,18,71,G18_V71_3,1431.3300,859.6300,135.0000,4,2,1
22.0534,18,78,G18_V78_0,1580.1200,997.3300,135.0000,1,2,0
22.0534,18,78,G18_V78_1,1445.1200,1132.3300,135.0000,2,2,0
22.0534,18,78,G18_V78_2,1310.1200,997.3300,135.0000,3,2,1
22.0534,18,78,G18_V78_3,1445.1200,862.3300,135.0000,4,2,1
22.0542,19,79,G19_V79_0,1748.4093,1155.4151,135.0000,1,2,0
22.0542,19,79,G19_V79_1,1613.4093,1290.4151,135.0000,2,2,0
22.0542,19,79,G19_V79_2,1478.4093,1155.4151,135.0000,3,2,1
22.0542,19,79,G19_V79_3,1613.4093,1020.4151,135.0000,4,2,1
22.0645,19,93,G19_V93_0,1625.2300,1006.1300,135.0000,1,2,0
22.0645,19,93,G19_V93_1,1490.2300,1141.1300,135.0000,2,2,0
22.0645,19,93,G19_V93_2,1355.2300,1006.1300,135.0000,3,2,1
22.0645,19,93,G19_V93_3,1490.2300,871.1300,135.0000,4,2,1
22.0660,26,95,G26_V95_0,1385.8620,1304.8306,135.0000,1,2,0
22.0660,26,95,G26_V95_1,1250.8620,1439.8306,135.0000,2,2,0
22.0660,26,95,G26_V95_2,1115.8620,1304.8306,135.0000,3,2,1
22.0660,26,95,G26_V95_3,1250.8620,1169.8306,135.0000,4,2,1
22.0668,19,96,G19_V96_0,1729.1152,1118.7309,135.0000,1,2,0
22.0668,19,96,G19_V96_1,1594.1152,1253.7309,135.0000,2,2,0
22.0668,19,96,G19_V96_2,1459.1152,1118.7309,135.0000,3,2,1
22.0668,19,96,G19_V96_3,1594.1152,983.7309,135.0000,4,2,1
22.0705,10,101,G10_V101_0,1553.0700,805.7800,135.0000,1,2,0
22.0705,10,101,G10_V101_1,1418.0700,940.7800,135.0000,2,2,0
22.0705,10,101,G10_V101_2,1283.0700,805.7800,135.0000,3,2,1
22.0705,10,101,G10_V101_3,1418.0700,670.7800,135.0000,4,2,1
22.0816,27,116,G27_V116_0,1811.9448,1286.2450,135.0000,1,2,0
22.0816,27,116,G27_V116_1,1676.9448,1421.2450,135.0000,2,2,0
22.0816,27,116,G27_V116_2,1541.9448,1286.2450,135.0000,3,2,1
22.0816,27,116,G27_V116_3,1676.9448,1151.2450,135.0000,4,2,1
22.0912,19,129,G19_V129_0,1594.9300,998.1300,135.0000,1,2,0
22.0912,19,129,G19_V129_1,1459.9300,1133.1300,135.0000,2,2,0
22.0912,19,129,G19_V129_2,1324.9300,998.1300,135.0000,3,2,1
22.0912,19,129,G19_V129_3,1459.9300,863.1300,135.0000,4,2,1
22.0919,45,130,G45_V130_0,2170.0835,1872.3614,135.0000,1,2,0
22.0919,45,130,G45_V130_1,2035.0835,2007.3614,135.0000,2,2,0
22.0919,45,130,G45_V130_2,1900.0835,1872.3614,135.0000,3,2,1
22.0919,45,130,G45_V130_3,2035.0835,1737.3614,135.0000,4,2,1
22.1023,27,9,G27_V9_0,1611.6816,1366.6913,135.0000,1,2,0
22.1023,27,9,G27_V9_1,1476.6816,1501.6913,135.0000,2,2,0
22.1023,27,9,G27_V9_2,1341.6816,1366.6913,135.0000,3,2,1
22.1023,27,9,G27_V9_3,1476.6816,1231.6913,135.0000,4,2,1
22.1038,12,11,G12_V11_0,1921.5347,906.5115,135.0000,1,2,0
22.1038,12,11,G12_V11_1,1786.5347,1041.5115,135.0000,2,2,0
22.1038,12,11,G12_V11_2,1651.5347,906.5115,135.0000,3,2,1
22.1038,12,11,G12_V11_3,1786.5347,771.5115,135.0000,4,2,1
22.1149,27,26,G27_V26_0,1584.1493,1376.6045,135.0000,1,2,0
22.1149,27,26,G27_V26_1,1449.1493,1511.6045,135.0000,2,2,0
22.1149,27,26,G27_V26_2,1314.1493,1376.6045,135.0000,3,2,1
22.1149,27,26,G27_V26_3,1449.1493,1241.6045,135.0000,4,2,1
22.1171,27,29,G27_V29_0,1807.4253,1263.6824,135.0000,1,2,0
22.1171,27,29,G27_V29_1,1672.4253,1398.6824,135.0000,2,2,0
22.1171,27,29,G27_V29_2,1537.4253,1263.6824,135.0000,3,2,1
22.1171,27,29,G27_V29_3,1672.4253,1128.6824,135.0000,4,2,1
22.1371,20,56,G20_V56_0,1920.4900,1041.1400,135.0000,1,2,0
22.1371,20,56,G20_V56_1,1785.4900,1176.1400,135.0000,2,2,0
22.1371,20,56,G20_V56_2,1650.4900,1041.1400,135.0000,3,2,1
22.1371,20,56,G20_V56_3,1785.4900,906.1400,135.0000,4,2,1
22.1401,19,60,G19_V60_0,1632.1500,1007.1400,135.0000,1,2,0
22.1401,19,60,G19_V60_1,1497.1500,1142.1400,135.0000,2,2,0
22.1401,19,60,G19_V60_2,1362.1500,1007.1400,135.0000,3,2,1
22.1401,19,60,G19_V60_3,1497.1500,872.1400,135.0000,4,2,1
22.1438,20,65,G20_V65_0,1854.1300,979.9800,135.0000,1,2,0
22.1438,20,65,G20_V65_1,1719.1300,1114.9800,135.0000,2,2,0
22.1438,20,65,G20_V65_2,1584.1300,979.9800,135.0000,3,2,1
22.1438,20,65,G20_V65_3,1719.1300,844.9800,135.0000,4,2,1
22.1482,18,71,G18_V71_0,1566.3300,994.6300,135.0000,1,2,0
22.1482,18,71,G18_V71_1,1431.3300,1129.6300,135.0000,2,2,0
22.1482,18,71,G18_V71_2,1296.3300,994.6300,135.0000,3,2,1
22.1482,18,71,G18_V71_3,1431.3300,859.6300,135.0000,4,2,1
22.1534,18,78,G18_V78_0,1580.1200,997.3300,135.0000,1,2,0
22.1534,18,78,G18_V78_1,1445.1200,1132.3300,135.0000,2,2,0
22.1534,18,78,G18_V78_2,1310.1200,997.3300,135.0000,3,2,1
22.1534,18,78,G18_V78_3,1445.1200,862.3300,135.0000,4,2,1
22.1542,19,79,G19_V79_0,1748.9443,1156.4970,135.0000,1,2,0
22.1542,19,79,G19_V79_1,1613.9443,1291.4970,135.0000,2,2,0
22.1542,19,79,G19_V79_2,1478.9443,1156.4970,135.0000,3,2,1
22.1542,19,79,G19_V79_3,1613.9443,1021.4970,135.0000,4,2,1
22.1645,19,93,G19_V93_0,1625.2300,1006.1300,135.0000,1,2,0
22.1645,19,93,G19_V93_1,1490.2300,1141.1300,135.0000,2,2,0
22.1645,19,93,G19_V93_2,1355.2300,1006.1300,135.0000,3,2,1
22.1645,19,93,G19_V93_3,1490.2300,871.1300,135.0000,4,2,1
22.1660,26,95,G26_V95_0,1385.2576,1304.9268,135.0000,1,2,0
22.1660,26,95,G26_V95_1,1250.2576,1439.9268,135.0000,2,2,0
22.1660,26,95,G26_V95_2,1115.2576,1304.9268,135.0000,3,2,1
22.1660,26,95,G26_V95_3,1250.2576,1169.9268,135.0000,4,2,1
22.1668,19,96,G19_V96_0,1729.4229,1119.3023,135.0000,1,2,0
22.1668,19,96,G19_V96_1,1594.4229,1254.3023,135.0000,2,2,0
22.1668,19,96,G19_V96_2,1459.4229,1119.3023,135.0000,3,2,1
22.1668,19,96,G19_V96_3,1594.4229,984.3023,135.0000,4,2,1
22.1705,10,101,G10_V101_0,1553.0700,805.7800,135.0000,1,2,0
22.1705,10,101,G10_V101_1,1418.0700,940.7800,135.0000,2,2,0
22.1705,10,101,G10_V101_2,1283.0700,805.7800,135.0000,3,2,1
22.1705,10,101,G10_V101_3,1418.0700,670.7800,135.0000,4,2,1
22.1816,27,116,G27_V116_0,1811.1681,1286.4712,135.0000,1,2,0
22.1816,27,116,G27_V116_1,1676.1681,1421.4712,135.0000,2,2,0
22.1816,27,116,G27_V116_2,1541.1681,1286.4712,135.0000,3,2,1
22.1816,27,116,G27_V116_3,1676.1681,1151.4712,135.0000,4,2,1
22.1912,19,129,G19_V129_0,1594.9300,998.1300,135.0000,1,2,0
22.1912,19,129,G19_V129_1,1459.9300,1133.1300,135.0000,2,2,0
22.1912,19,129,G19_V129_2,1324.9300,998.1300,135.0000,3,2,1
22.1912,19,129,G19_V129_3,1459.9300,863.1300,135.0000,4,2,1
22.1920,45,130,G45_V130_0,2168.5632,1872.4065,135.0000,1,2,0
22.1920,45,130,G45_V130_1,2033.5632,2007.4065,135.0000,2,2,0
22.1920,45,130,G45_V130_2,1898.5632,1872.4065,135.0000,3,2,1
22.1920,45,130,G45_V130_3,2033.5632,1737.4065,135.0000,4,2,1
22.2023,27,9,G27_V9_0,1611.0128,1366.9326,135.0000,1,2,0
22.2023,27,9,G27_V9_1,1476.0128,1501.9326,135.0000,2,2,0
22.2023,27,9,G27_V9_2,1341.0128,1366.9326,135.0000,3,2,1
22.2023,27,9,G27_V9_3,1476.0128,1231.9326,135.0000,4,2,1
22.2038,12,11,G12_V11_0,1920.1989,907.4868,135.0000,1,2,0
22.2038,12,11,G12_V11_1,1785.1989,1042.4868,135.0000,2,2,0
22.2038,12,11,G12_V11_2,1650.1989,907.4868,135.0000,3,2,1
22.2038,12,11,G12_V11_3,1785.1989,772.4868,135.0000,4,2,1
22.2149,27,26,G27_V26_0,1582.8269,1377.0822,135.0000,1,2,0
22.2149,27,26,G27_V26_1,1447.8269,1512.0822,135.0000,2,2,0
22.2149,27,26,G27_V26_2,1312.8269,1377.0822,135.0000,3,2,1
22.2149,27,26,G27_V26_3,1447.8269,1242.0822,135.0000,4,2,1
22.2171,27,29,G27_V29_0,1807.6288,1264.0826,135.0000,1,2,0
22.2171,27,29,G27_V29_1,1672.6288,1399.0826,135.0000,2,2,0
22.2171,27,29,G27_V29_2,1537.6288,1264.0826,135.0000,3,2,1
22.2171,27,29,G27_V29_3,1672.6288,1129.0826,135.0000,4,2,1
22.2371,20,56,G20_V56_0,1920.4900,1041.1400,135.0000,1,2,0
22.2371,20,56,G20_V56_1,1785.4900,1176.1400,135.0000,2,2,0
22.2371,20,56,G20_V56_2,1650.4900,1041.1400,135.0000,3,2,1
22.2371,20,56,G20_V56_3,1785.4900,906.1400,135.0000,4,2,1
22.2401,19,60,G19_V60_0,1632.1500,1007.1400,135.0000,1,2,0
22.2401,19,60,G19_V60_1,1497.1500,1142.1400,135.0000,2,2,0
22.2401,19,60,G19_V60_2,1362.1500,1007.1400,135.0000,3,2,1
22.2401,19,60,G19_V60_3,1497.1500,872.1400,135.0000,4,2,1
22.2438,20,65,G20_V65_0,1854.1300,979.9800,135.0000,1,2,0
22.2438,20,65,G20_V65_1,1719.1300,1114.9800,135.0000,2,2,0
22.2438,20,65,G20_V65_2,1584.1300,979.9800,135.0000,3,2,1
22.2438,20,65,G20_V65_3,1719.1300,844.9800,135.0000,4,2,1
22.2482,18,71,G18_V71_0,1566.3300,994.6300,135.0000,1,2,0
22.2482,18,71,G18_V71_1,1431.3300,1129.6300,135.0000,2,2,0
22.2482,18,71,G18_V71_2,1296.3300,994.6300,135.0000,3,2,1
22.2482,18,71,G18_V71_3,1431.3300,859.6300,135.0000,4,2,1
22.2534,18,78,G18_V78_0,1580.1200,997.3300,135.0000,1,2,0
22.2534,18,78,G18_V78_1,1445.1200,1132.3300,135.0000,2,2,0
22.2534,18,78,G18_V78_2,1310.1200,997.3300,135.0000,3,2,1
22.2534,18,78,G18_V78_3,1445.1200,862.3300,135.0000,4,2,1
22.2542,19,79,G19_V79_0,1749.4792,1157.5790,135.0000,1,2,0
22.2542,19,79,G19_V79_1,1614.4792,1292.5790,135.0000,2,2,0
22.2542,19,79,G19_V79_2,1479.4792,1157.5790,135.0000,3,2,1
22.2542,19,79,G19_V79_3,1614.4792,1022.5790,135.0000,4,2,1
22.2645,19,93,G19_V93_0,1625.2300,1006.1300,135.0000,1,2,0
22.2645,19,93,G19_V93_1,1490.2300,1141.1300,135.0000,2,2,0
22.2645,19,93,G19_V93_2,1355.2300,1006.1300,135.0000,3,2,1
22.2645,19,93,G19_V93_3,1490.2300,871.1300,135.0000,4,2,1
22.2660,26,95,G26_V95_0,1384.6532,1305.0230,135.0000,1,2,0
22.2660,26,95,G26_V95_1,1249.6532,1440.0230,135.0000,2,2,0
22.2660,26,95,G26_V95_2,1114.6532,1305.0230,135.0000,3,2,1
22.2660,26,95,G26_V95_3,1249.6532,1170.0230,135.0000,4,2,1
22.2668,19,96,G19_V96_0,1729.7307,1119.8737,135.0000,1,2,0
22.2668,19,96,G19_V96_1,1594.7307,1254.8737,135.0000,2,2,0
22.2668,19,96,G19_V96_2,1459.7307,1119.8737,135.0000,3,2,1
22.2668,19,96,G19_V96_3,1594.7307,984.8737,135.0000,4,2,1
22.2705,10,101,G10_V101_0,1553.0700,805.7800,135.0000,1,2,0
22.2705,10,101,G10_V101_1,1418.0700,940.7800,135.0000,2,2,0
22.2705,10,101,G10_V101_2,1283.0700,805.7800,135.0000,3,2,1
22.2705,10,101,G10_V101_3,1418.0700,670.7800,135.0000,4,2,1
22.2816,27,116,G27_V116_0,1810.3913,1286.6973,135.0000,1,2,0
22.2816,27,116,G27_V116_1,1675.3913,1421.6973,135.0000,2,2,0
22.2816,27,116,G27_V116_2,1540.3913,1286.6973,135.0000,3,2,1
22.2816,27,116,G27_V116_3,1675.3913,1151.6973,135.0000,4,2,1
22.2912,19,129,G19_V129_0,1594.9300,998.1300,135.0000,1,2,0
22.2912,19,129,G19_V129_1,1459.9300,1133.1300,135.0000,2,2,0
22.2912,19,129,G19_V129_2,1324.9300,998.1300,135.0000,3,2,1
22.2912,19,129,G19_V129_3,1459.9300,863.1300,135.0000,4,2,1
22.2919,45,130,G45_V130_0,2167.0429,1872.4515,135.0000,1,2,0
22.2919,45,130,G45_V130_1,2032.0429,2007.4515,135.0000,2,2,0
22.2919,45,130,G45_V130_2,1897.0429,1872.4515,135.0000,3,2,1
22.2919,45,130,G45_V130_3,2032.0429,1737.4515,135.0000,4,2,1
22.3023,27,9,G27_V9_0,1610.3440,1367.1739,135.0000,1,2,0
22.3023,27,9,G27_V9_1,1475.3440,1502.1739,135.0000,2,2,0
22.3023,27,9,G27_V9_2,1340.3440,1367.1739,135.0000,3,2,1
22.3023,27,9,G27_V9_3,1475.3440,1232.1739,135.0000,4,2,1
22.3038,12,11,G12_V11_0,1918.8630,908.4621,135.0000,1,2,0
22.3038,12,11,G12_V11_1,1783.8630,1043.4621,135.0000,2,2,0
22.3038,12,11,G12_V11_2,1648.8630,908.4621,135.0000,3,2,1
22.3038,12,11,G12_V11_3,1783.8630,773.4621,135.0000,4,2,1
22.3149,27,26,G27_V26_0,1581.5046,1377.5599,135.0000,1,2,0
22.3149,27,26,G27_V26_1,1446.5046,1512.5599,135.0000,2,2,0
22.3149,27,26,G27_V26_2,1311.5046,1377.5599,135.0000,3,2,1
22.3149,27,26,G27_V26_3,1446.5046,1242.5599,135.0000,4,2,1
22.3171,27,29,G27_V29_0,1807.8324,1264.4828,135.0000,1,2,0
22.3171,27,29,G27_V29_1,1672.8324,1399.4828,135.0000,2,2,0
22.3171,27,29,G27_V29_2,1537.8324,1264.4828,135.0000,3,2,1
22.3171,27,29,G27_V29_3,1672.8324,1129.4828,135.0000,4,2,1
22.3371,20,56,G20_V56_0,1920.4900,1041.1400,135.0000,1,2,0
22.3371,20,56,G20_V56_1,1785.4900,1176.1400,135.0000,2,2,0
22.3371,20,56,G20_V56_2,1650.4900,1041.1400,135.0000,3,2,1
22.3371,20,56,G20_V56_3,1785.4900,906.1400,135.0000,4,2,1
22.3401,19,60,G19_V60_0,1632.1500,1007.1400,135.0000,1,2,0
22.3401,19,60,G19_V60_1,1497.1500,1142.1400,135.0000,2,2,0
22.3401,19,60,G19_V60_2,1362.1500,1007.1400,135.0000,3,2,1
22.3401,19,60,G19_V60_3,1497.1500,872.1400,135.0000,4,2,1
22.3438,20,65,G20_V65_0,1854.1300,979.9800,135.0000,1,2,0
22.3438,20,65,G20_V65_1,1719.1300,1114.9800,135.0000,2,2,0
22.3438,20,65,G20_V65_2,1584.1300,979.9800,135.0000,3,2,1
22.3438,20,65,G20_V65_3,1719.1300,844.9800,135.0000,4,2,1
22.3482,18,71,G18_V71_0,1566.3300,994.6300,135.0000,1,2,0
22.3482,18,71,G18_V71_1,1431.3300,1129.6300,135.0000,2,2,0
22.3482,18,71,G18_V71_2,1296.3300,994.6300,135.0000,3,2,1
22.3482,18,71,G18_V71_3,1431.3300,859.6300,135.0000,4,2,1
22.3534,18,78,G18_V78_0,1580.1200,997.3300,135.0000,1,2,0
22.3534,18,78,G18_V78_1,1445.1200,1132.3300,135.0000,2,2,0
22.3534,18,78,G18_V78_2,1310.1200,997.3300,135.0000,3,2,1
22.3534,18,78,G18_V78_3,1445.1200,862.3300,135.0000,4,2,1
22.3542,19,79,G19_V79_0,1750.0142,1158.6610,135.0000,1,2,0
22.3542,19,79,G19_V79_1,1615.0142,1293.6610,135.0000,2,2,0
22.3542,19,79,G19_V79_2,1480.0142,1158.6610,135.0000,3,2,1
22.3542,19,79,G19_V79_3,1615.0142,1023.6610,135.0000,4,2,1
22.3645,19,93,G19_V93_0,1625.2300,1006.1300,135.0000,1,2,0
22.3645,19,93,G19_V93_1,1490.2300,1141.1300,135.0000,2,2,0
22.3645,19,93,G19_V93_2,1355.2300,1006.1300,135.0000,3,2,1
22.3645,19,93,G19_V93_3,1490.2300,871.1300,135.0000,4,2,1
22.3660,26,95,G26_V95_0,1384.0488,1305.1192,135.0000,1,2,0
22.3660,26,95,G26_V95_1,1249.0488,1440.1192,135.0000,2,2,0
22.3660,26,95,G26_V95_2,1114.0488,1305.1192,135.0000,3,2,1
22.3660,26,95,G26_V95_3,1249.0488,1170.1192,135.0000,4,2,1
22.3668,19,96,G19_V96_0,1730.0384,1120.4451,135.0000,1,2,0
22.3668,19,96,G19_V96_1,1595.0384,1255.4451,135.0000,2,2,0
22.3668,19,96,G19_V96_2,1460.0384,1120.4451,135.0000,3,2,1
22.3668,19,96,G19_V96_3,1595.0384,985.4451,135.0000,4,2,1
22.3705,10,101,G10_V101_0,1553.0700,805.7800,135.0000,1,2,0
22.3705,10,101,G10_V101_1,1418.0700,940.7800,135.0000,2,2,0
22.3705,10,101,G10_V101_2,1283.0700,805.7800,135.0000,3,2,1
22.3705,10,101,G10_V101_3,1418.0700,670.7800,135.0000,4,2,1
22.3816,27,116,G27_V116_0,1809.6146,1286.9235,135.0000,1,2,0
22.3816,27,116,G27_V116_1,1674.6146,1421.9235,135.0000,2,2,0
22.3816,27,116,G27_V116_2,1539.6146,1286.9235,135.0000,3,2,1
22.3816,27,116,G27_V116_3,1674.6146,1151.9235,135.0000,4,2,1
22.3912,19,129,G19_V129_0,1594.9300,998.1300,135.0000,1,2,0
22.3912,19,129,G19_V129_1,1459.9300,1133.1300,135.0000,2,2,0
22.3912,19,129,G19_V129_2,1324.9300,998.1300,135.0000,3,2,1
22.3912,19,129,G19_V129_3,1459.9300,863.1300,135.0000,4,2,1
22.3919,45,130,G45_V130_0,2165.5226,1872.4966,135.0000,1,2,0
22.3919,45,130,G45_V130_1,2030.5226,2007.4966,135.0000,2,2,0
22.3919,45,130,G45_V130_2,1895.5226,1872.4966,135.0000,3,2,1
22.3919,45,130,G45_V130_3,2030.5226,1737.4966,135.0000,4,2,1
22.4023,27,9,G27_V9_0,1609.6752,1367.4152,135.0000,1,2,0
22.4023,27,9,G27_V9_1,1474.6752,1502.4152,135.0000,2,2,0
22.4023,27,9,G27_V9_2,1339.6752,1367.4152,135.0000,3,2,1
22.4023,27,9,G27_V9_3,1474.6752,1232.4152,135.0000,4,2,1
22.4038,12,11,G12_V11_0,1917.5272,909.4375,135.0000,1,2,0
22.4038,12,11,G12_V11_1,1782.5272,1044.4375,135.0000,2,2,0
22.4038,12,11,G12_V11_2,1647.5272,909.4375,135.0000,3,2,1
22.4038,12,11,G12_V11_3,1782.5272,774.4375,135.0000,4,2,1
22.4171,27,29,G27_V29_0,1808.0360,1264.8830,135.0000,1,2,0
22.4171,27,29,G27_V29_1,1673.0360,1399.8830,135.0000,2,2,0
22.4171,27,29,G27_V29_2,1538.0360,1264.8830,135.0000,3,2,1
22.4171,27,29,G27_V29_3,1673.0360,1129.8830,135.0000,4,2,1
22.4371,20,56,G20_V56_0,1920.4900,1041.1400,135.0000,1,2,0
22.4371,20,56,G20_V56_1,1785.4900,1176.1400,135.0000,2,2,0
22.4371,20,56,G20_V56_2,1650.4900,1041.1400,135.0000,3,2,1
22.4371,20,56,G20_V56_3,1785.4900,906.1400,135.0000,4,2,1
22.4401,19,60,G19_V60_0,1632.1500,1007.1400,135.0000,1,2,0
22.4401,19,60,G19_V60_1,1497.1500,1142.1400,135.0000,2,2,0
22.4401,19,60,G19_V60_2,1362.1500,1007.1400,135.0000,3,2,1
22.4401,19,60,G19_V60_3,1497.1500,872.1400,135.0000,4,2,1
22.4438,20,65,G20_V65_0,1854.1300,979.9800,135.0000,1,2,0
22.4438,20,65,G20_V65_1,1719.1300,1114.9800,135.0000,2,2,0
22.4438,20,65,G20_V65_2,1584.1300,979.9800,135.0000,3,2,1
22.4438,20,65,G20_V65_3,1719.1300,844.9800,135.0000,4,2,1
22.4482,18,71,G18_V71_0,1566.3300,994.6300,135.0000,1,2,0
22.4482,18,71,G18_V71_1,1431.3300,1129.6300,135.0000,2,2,0
22.4482,18,71,G18_V71_2,1296.3300,994.6300,135.0000,3,2,1
22.4482,18,71,G18_V71_3,1431.3300,859.6300,135.0000,4,2,1
22.4534,18,78,G18_V78_0,1580.1200,997.3300,135.0000,1,2,0
22.4534,18,78,G18_V78_1,1445.1200,1132.3300,135.0000,2,2,0
22.4534,18,78,G18_V78_2,1310.1200,997.3300,135.0000,3,2,1
22.4534,18,78,G18_V78_3,1445.1200,862.3300,135.0000,4,2,1
22.4542,19,79,G19_V79_0,1750.5492,1159.7429,135.0000,1,2,0
22.4542,19,79,G19_V79_1,1615.5492,1294.7429,135.0000,2,2,0
22.4542,19,79,G19_V79_2,1480.5492,1159.7429,135.0000,3,2,1
22.4542,19,79,G19_V79_3,1615.5492,1024.7429,135.0000,4,2,1
22.4645,19,93,G19_V93_0,1625.2300,1006.1300,135.0000,1,2,0
22.4645,19,93,G19_V93_1,1490.2300,1141.1300,135.0000,2,2,0
22.4645,19,93,G19_V93_2,1355.2300,1006.1300,135.0000,3,2,1
22.4645,19,93,G19_V93_3,1490.2300,871.1300,135.0000,4,2,1
22.4660,26,95,G26_V95_0,1383.4444,1305.2153,135.0000,1,2,0
22.4660,26,95,G26_V95_1,1248.4444,1440.2153,135.0000,2,2,0
22.4660,26,95,G26_V95_2,1113.4444,1305.2153,135.0000,3,2,1
22.4660,26,95,G26_V95_3,1248.4444,1170.2153,135.0000,4,2,1
22.4668,19,96,G19_V96_0,1730.3462,1121.0165,135.0000,1,2,0
22.4668,19,96,G19_V96_1,1595.3462,1256.0165,135.0000,2,2,0
22.4668,19,96,G19_V96_2,1460.3462,1121.0165,135.0000,3,2,1
22.4668,19,96,G19_V96_3,1595.3462,986.0165,135.0000,4,2,1
22.4705,10,101,G10_V101_0,1553.0700,805.7800,135.0000,1,2,0
22.4705,10,101,G10_V101_1,1418.0700,940.7800,135.0000,2,2,0
22.4705,10,101,G10_V101_2,1283.0700,805.7800,135.0000,3,2,1
22.4705,10,101,G10_V101_3,1418.0700,670.7800,135.0000,4,2,1
22.4816,27,116,G27_V116_0,1808.8378,1287.1496,135.0000,1,2,0
22.4816,27,116,G27_V116_1,1673.8378,1422.1496,135.0000,2,2,0
22.4816,27,116,G27_V116_2,1538.8378,1287.1496,135.0000,3,2,1
22.4816,27,116,G27_V116_3,1673.8378,1152.1496,135.0000,4,2,1
22.4912,19,129,G19_V129_0,1594.9300,998.1300,135.0000,1,2,0
22.4912,19,129,G19_V129_1,1459.9300,1133.1300,135.0000,2,2,0
22.4912,19,129,G19_V129_2,1324.9300,998.1300,135.0000,3,2,1
22.4912,19,129,G19_V129_3,1459.9300,863.1300,135.0000,4,2,1
22.4919,45,130,G45_V130_0,2164.0022,1872.5417,135.0000,1,2,0
22.4919,45,130,G45_V130_1,2029.0022,2007.5417,135.0000,2,2,0
22.4919,45,130,G45_V130_2,1894.0022,1872.5417,135.0000,3,2,1
22.4919,45,130,G45_V130_3,2029.0022,1737.5417,135.0000,4,2,1
22.5023,27,9,G27_V9_0,1609.0064,1367.6565,135.0000,1,2,0
22.5023,27,9,G27_V9_1,1474.0064,1502.6565,135.0000,2,2,0
22.5023,27,9,G27_V9_2,1339.0064,1367.6565,135.0000,3,2,1
22.5023,27,9,G27_V9_3,1474.0064,1232.6565,135.0000,4,2,1
22.5038,12,11,G12_V11_0,1916.1914,910.4128,135.0000,1,2,0
22.5038,12,11,G12_V11_1,1781.1914,1045.4128,135.0000,2,2,0
22.5038,12,11,G12_V11_2,1646.1914,910.4128,135.0000,3,2,1
22.5038,12,11,G12_V11_3,1781.1914,775.4128,135.0000,4,2,1
22.5171,27,29,G27_V29_0,1808.2396,1265.2832,135.0000,1,2,0
22.5171,27,29,G27_V29_1,1673.2396,1400.2832,135.0000,2,2,0
22.5171,27,29,G27_V29_2,1538.2396,1265.2832,135.0000,3,2,1
22.5171,27,29,G27_V29_3,1673.2396,1130.2832,135.0000,4,2,1
22.5371,20,56,G20_V56_0,1920.4900,1041.1400,135.0000,1,2,0
22.5371,20,56,G20_V56_1,1785.4900,1176.1400,135.0000,2,2,0
22.5371,20,56,G20_V56_2,1650.4900,1041.1400,135.0000,3,2,1
22.5371,20,56,G20_V56_3,1785.4900,906.1400,135.0000,4,2,1
22.5401,19,60,G19_V60_0,1632.1500,1007.1400,135.0000,1,2,0
22.5401,19,60,G19_V60_1,1497.1500,1142.1400,135.0000,2,2,0
22.5401,19,60,G19_V60_2,1362.1500,1007.1400,135.0000,3,2,1
22.5401,19,60,G19_V60_3,1497.1500,872.1400,135.0000,4,2,1
22.5438,20,65,G20_V65_0,1854.1300,979.9800,135.0000,1,2,0
22.5438,20,65,G20_V65_1,1719.1300,1114.9800,135.0000,2,2,0
22.5438,20,65,G20_V65_2,1584.1300,979.9800,135.0000,3,2,1
22.5438,20,65,G20_V65_3,1719.1300,844.9800,135.0000,4,2,1
22.5482,18,71,G18_V71_0,1566.3300,994.6300,135.0000,1,2,0
22.5482,18,71,G18_V71_1,1431.3300,1129.6300,135.0000,2,2,0
22.5482,18,71,G18_V71_2,1296.3300,994.6300,135.0000,3,2,1
22.5482,18,71,G18_V71_3,1431.3300,859.6300,135.0000,4,2,1
22.5534,18,78,G18_V78_0,1580.1200,997.3300,135.0000,1,2,0
22.5534,18,78,G18_V78_1,1445.1200,1132.3300,135.0000,2,2,0
22.5534,18,78,G18_V78_2,1310.1200,997.3300,135.0000,3,2,1
22.5534,18,78,G18_V78_3,1445.1200,862.3300,135.0000,4,2,1
22.5542,19,79,G19_V79_0,1751.0842,1160.8249,135.0000,1,2,0
22.5542,19,79,G19_V79_1,1616.0842,1295.8249,135.0000,2,2,0
22.5542,19,79,G19_V79_2,1481.0842,1160.8249,135.0000,3,2,1
22.5542,19,79,G19_V79_3,1616.0842,1025.8249,135.0000,4,2,1
22.5645,19,93,G19_V93_0,1625.2300,1006.1300,135.0000,1,2,0
22.5645,19,93,G19_V93_1,1490.2300,1141.1300,135.0000,2,2,0
22.5645,19,93,G19_V93_2,1355.2300,1006.1300,135.0000,3,2,1
22.5645,19,93,G19_V93_3,1490.2300,871.1300,135.0000,4,2,1
22.5660,26,95,G26_V95_0,1382.8400,1305.3115,135.0000,1,2,0
22.5660,26,95,G26_V95_1,1247.8400,1440.3115,135.0000,2,2,0
22.5660,26,95,G26_V95_2,1112.8400,1305.3115,135.0000,3,2,1
22.5660,26,95,G26_V95_3,1247.8400,1170.3115,135.0000,4,2,1
22.5668,19,96,G19_V96_0,1730.6539,1121.5879,135.0000,1,2,0
22.5668,19,96,G19_V96_1,1595.6539,1256.5879,135.0000,2,2,0
22.5668,19,96,G19_V96_2,1460.6539,1121.5879,135.0000,3,2,1
22.5668,19,96,G19_V96_3,1595.6539,986.5879,135.0000,4,2,1
22.5705,10,101,G10_V101_0,1553.0700,805.7800,135.0000,1,2,0
22.5705,10,101,G10_V101_1,1418.0700,940.7800,135.0000,2,2,0
22.5705,10,101,G10_V101_2,1283.0700,805.7800,135.0000,3,2,1
22.5705,10,101,G10_V101_3,1418.0700,670.7800,135.0000,4,2,1
22.5816,27,116,G27_V116_0,1808.0611,1287.3758,135.0000,1,2,0
22.5816,27,116,G27_V116_1,1673.0611,1422.3758,135.0000,2,2,0
22.5816,27,116,G27_V116_2,1538.0611,1287.3758,135.0000,3,2,1
22.5816,27,116,G27_V116_3,1673.0611,1152.3758,135.0000,4,2,1
22.5912,19,129,G19_V129_0,1594.9300,998.1300,135.0000,1,2,0
22.5912,19,129,G19_V129_1,1459.9300,1133.1300,135.0000,2,2,0
22.5912,19,129,G19_V129_2,1324.9300,998.1300,135.0000,3,2,1
22.5912,19,129,G19_V129_3,1459.9300,863.1300,135.0000,4,2,1
22.5920,45,130,G45_V130_0,2162.4819,1872.5867,135.0000,1,2,0
22.5920,45,130,G45_V130_1,2027.4819,2007.5867,135.0000,2,2,0
22.5920,45,130,G45_V130_2,1892.4819,1872.5867,135.0000,3,2,1
22.5920,45,130,G45_V130_3,2027.4819,1737.5867,135.0000,4,2,1
22.6023,27,9,G27_V9_0,1608.3376,1367.8978,135.0000,1,2,0
22.6023,27,9,G27_V9_1,1473.3376,1502.8978,135.0000,2,2,0
22.6023,27,9,G27_V9_2,1338.3376,1367.8978,135.0000,3,2,1
22.6023,27,9,G27_V9_3,1473.3376,1232.8978,135.0000,4,2,1
22.6038,12,11,G12_V11_0,1914.8556,911.3881,135.0000,1,2,0
22.6038,12,11,G12_V11_1,1779.8556,1046.3881,135.0000,2,2,0
22.6038,12,11,G12_V11_2,1644.8556,911.3881,135.0000,3,2,1
22.6038,12,11,G12_V11_3,1779.8556,776.3881,135.0000,4,2,1
22.6171,27,29,G27_V29_0,1808.4432,1265.6834,135.0000,1,2,0
22.6171,27,29,G27_V29_1,1673.4432,1400.6834,135.0000,2,2,0
22.6171,27,29,G27_V29_2,1538.4432,1265.6834,135.0000,3,2,1
22.6171,27,29,G27_V29_3,1673.4432,1130.6834,135.0000,4,2,1
22.6371,20,56,G20_V56_0,1920.4900,1041.1400,135.0000,1,2,0
22.6371,20,56,G20_V56_1,1785.4900,1176.1400,135.0000,2,2,0
22.6371,20,56,G20_V56_2,1650.4900,1041.1400,135.0000,3,2,1
22.6371,20,56,G20_V56_3,1785.4900,906.1400,135.0000,4,2,1
22.6401,19,60,G19_V60_0,1632.1500,1007.1400,135.0000,1,2,0
22.6401,19,60,G19_V60_1,1497.1500,1142.1400,135.0000,2,2,0
22.6401,19,60,G19_V60_2,1362.1500,1007.1400,135.0000,3,2,1
22.6401,19,60,G19_V60_3,1497.1500,872.1400,135.0000,4,2,1
22.6438,20,65,G20_V65_0,1854.1300,979.9800,135.0000,1,2,0
22.6438,20,65,G20_V65_1,1719.1300,1114.9800,135.0000,2,2,0
22.6438,20,65,G20_V65_2,1584.1300,979.9800,135.0000,3,2,1
22.6438,20,65,G20_V65_3,1719.1300,844.9800,135.0000,4,2,1
22.6482,18,71,G18_V71_0,1566.3300,994.6300,135.0000,1,2,0
22.6482,18,71,G18_V71_1,1431.3300,1129.6300,135.0000,2,2,0
22.6482,18,71,G18_V71_2,1296.3300,994.6300,135.0000,3,2,1
22.6482,18,71,G18_V71_3,1431.3300,859.6300,135.0000,4,2,1
22.6534,18,78,G18_V78_0,1580.1200,997.3300,135.0000,1,2,0
22.6534,18,78,G18_V78_1,1445.1200,1132.3300,135.0000,2,2,0
22.6534,18,78,G18_V78_2,1310.1200,997.3300,135.0000,3,2,1
22.6534,18,78,G18_V78_3,1445.1200,862.3300,135.0000,4,2,1
22.6542,19,79,G19_V79_0,1751.6192,1161.9068,135.0000,1,2,0
22.6542,19,79,G19_V79_1,1616.6192,1296.9068,135.0000,2,2,0
22.6542,19,79,G19_V79_2,1481.6192,1161.9068,135.0000,3,2,1
22.6542,19,79,G19_V79_3,1616.6192,1026.9068,135.0000,4,2,1
22.6645,19,93,G19_V93_0,1625.2300,1006.1300,135.0000,1,2,0
22.6645,19,93,G19_V93_1,1490.2300,1141.1300,135.0000,2,2,0
22.6645,19,93,G19_V93_2,1355.2300,1006.1300,135.0000,3,2,1
22.6645,19,93,G19_V93_3,1490.2300,871.1300,135.0000,4,2,1
22.6660,26,95,G26_V95_0,1382.2356,1305.4077,135.0000,1,2,0
22.6660,26,95,G26_V95_1,1247.2356,1440.4077,135.0000,2,2,0
22.6660,26,95,G26_V95_2,1112.2356,1305.4077,135.0000,3,2,1
22.6660,26,95,G26_V95_3,1247.2356,1170.4077,135.0000,4,2,1
22.6668,19,96,G19_V96_0,1730.9617,1122.1593,135.0000,1,2,0
22.6668,19,96,G19_V96_1,1595.9617,1257.1593,135.0000,2,2,0
22.6668,19,96,G19_V96_2,1460.9617,1122.1593,135.0000,3,2,1
22.6668,19,96,G19_V96_3,1595.9617,987.1593,135.0000,4,2,1
22.6705,10,101,G10_V101_0,1553.0700,805.7800,135.0000,1,2,0
22.6705,10,101,G10_V101_1,1418.0700,940.7800,135.0000,2,2,0
22.6705,10,101,G10_V101_2,1283.0700,805.7800,135.0000,3,2,1
22.6705,10,101,G10_V101_3,1418.0700,670.7800,135.0000,4,2,1
22.6816,27,116,G27_V116_0,1807.2843,1287.6019,135.0000,1,2,0
22.6816,27,116,G27_V116_1,1672.2843,1422.6019,135.0000,2,2,0
22.6816,27,116,G27_V116_2,1537.2843,1287.6019,135.0000,3,2,1
22.6816,27,116,G27_V116_3,1672.2843,1152.6019,135.0000,4,2,1
22.6912,19,129,G19_V129_0,1594.9300,998.1300,135.0000,1,2,0
22.6912,19,129,G19_V129_1,1459.9300,1133.1300,135.0000,2,2,0
22.6912,19,129,G19_V129_2,1324.9300,998.1300,135.0000,3,2,1
22.6912,19,129,G19_V129_3,1459.9300,863.1300,135.0000,4,2,1
22.6920,45,130,G45_V130_0,2160.9616,1872.6318,135.0000,1,2,0
22.6920,45,130,G45_V130_1,2025.9616,2007.6318,135.0000,2,2,0
22.6920,45,130,G45_V130_2,1890.9616,1872.6318,135.0000,3,2,1
22.6920,45,130,G45_V130_3,2025.9616,1737.6318,135.0000,4,2,1
22.7023,27,9,G27_V9_0,1607.6688,1368.1391,135.0000,1,2,0
22.7023,27,9,G27_V9_1,1472.6688,1503.1391,135.0000,2,2,0
22.7023,27,9,G27_V9_2,1337.6688,1368.1391,135.0000,3,2,1
22.7023,27,9,G27_V9_3,1472.6688,1233.1391,135.0000,4,2,1
22.7038,12,11,G12_V11_0,1913.5197,912.3635,135.0000,1,2,0
22.7038,12,11,G12_V11_1,1778.5197,1047.3635,135.0000,2,2,0
22.7038,12,11,G12_V11_2,1643.5197,912.3635,135.0000,3,2,1
22.7038,12,11,G12_V11_3,1778.5197,777.3635,135.0000,4,2,1
22.7171,27,29,G27_V29_0,1808.6468,1266.0835,135.0000,1,2,0
22.7171,27,29,G27_V29_1,1673.6468,1401.0835,135.0000,2,2,0
22.7171,27,29,G27_V29_2,1538.6468,1266.0835,135.0000,3,2,1
22.7171,27,29,G27_V29_3,1673.6468,1131.0835,135.0000,4,2,1
22.7371,20,56,G20_V56_0,1920.4900,1041.1400,135.0000,1,2,0
22.7371,20,56,G20_V56_1,1785.4900,1176.1400,135.0000,2,2,0
22.7371,20,56,G20_V56_2,1650.4900,1041.1400,135.0000,3,2,1
22.7371,20,56,G20_V56_3,1785.4900,906.1400,135.0000,4,2,1
22.7401,19,60,G19_V60_0,1632.1500,1007.1400,135.0000,1,2,0
22.7401,19,60,G19_V60_1,1497.1500,1142.1400,135.0000,2,2,0
22.7401,19,60,G19_V60_2,1362.1500,1007.1400,135.0000,3,2,1
22.7401,19,60,G19_V60_3,1497.1500,872.1400,135.0000,4,2,1
22.7438,20,65,G20_V65_0,1854.1300,979.9800,135.0000,1,2,0
22.7438,20,65,G20_V65_1,1719.1300,1114.9800,135.0000,2,2,0
22.7438,20,65,G20_V65_2,1584.1300,979.9800,135.0000,3,2,1
22.7438,20,65,G20_V65_3,1719.1300,844.9800,135.0000,4,2,1
22.7482,18,71,G18_V71_0,1566.3300,994.6300,135.0000,1,2,0
22.7482,18,71,G18_V71_1,1431.3300,1129.6300,135.0000,2,2,0
22.7482,18,71,G18_V71_2,1296.3300,994.6300,135.0000,3,2,1
22.7482,18,71,G18_V71_3,1431.3300,859.6300,135.0000,4,2,1
22.7534,18,78,G18_V78_0,1580.1200,997.3300,135.0000,1,2,0
22.7534,18,78,G18_V78_1,1445.1200,1132.3300,135.0000,2,2,0
22.7534,18,78,G18_V78_2,1310.1200,997.3300,135.0000,3,2,1
22.7534,18,78,G18_V78_3,1445.1200,862.3300,135.0000,4,2,1
22.7542,19,79,G19_V79_0,1752.1542,1162.9888,135.0000,1,2,0
22.7542,19,79,G19_V79_1,1617.1542,1297.9888,135.0000,2,2,0
22.7542,19,79,G19_V79_2,1482.1542,1162.9888,135.0000,3,2,1
22.7542,19,79,G19_V79_3,1617.1542,1027.9888,135.0000,4,2,1
22.7645,19,93,G19_V93_0,1625.2300,1006.1300,135.0000,1,2,0
22.7645,19,93,G19_V93_1,1490.2300,1141.1300,135.0000,2,2,0
22.7645,19,93,G19_V93_2,1355.2300,1006.1300,135.0000,3,2,1
22.7645,19,93,G19_V93_3,1490.2300,871.1300,135.0000,4,2,1
22.7660,26,95,G26_V95_0,1381.6312,1305.5038,135.0000,1,2,0
22.7660,26,95,G26_V95_1,1246.6312,1440.5038,135.0000,2,2,0
22.7660,26,95,G26_V95_2,1111.6312,1305.5038,135.0000,3,2,1
22.7660,26,95,G26_V95_3,1246.6312,1170.5038,135.0000,4,2,1
22.7668,19,96,G19_V96_0,1731.2694,1122.7307,135.0000,1,2,0
22.7668,19,96,G19_V96_1,1596.2694,1257.7307,135.0000,2,2,0
22.7668,19,96,G19_V96_2,1461.2694,1122.7307,135.0000,3,2,1
22.7668,19,96,G19_V96_3,1596.2694,987.7307,135.0000,4,2,1
22.7705,10,101,G10_V101_0,1553.0700,805.7800,135.0000,1,2,0
22.7705,10,101,G10_V101_1,1418.0700,940.7800,135.0000,2,2,0
22.7705,10,101,G10_V101_2,1283.0700,805.7800,135.0000,3,2,1
22.7705,10,101,G10_V101_3,1418.0700,670.7800,135.0000,4,2,1
22.7816,27,116,G27_V116_0,1806.5076,1287.8280,135.0000,1,2,0
22.7816,27,116,G27_V116_1,1671.5076,1422.8280,135.0000,2,2,0
22.7816,27,116,G27_V116_2,1536.5076,1287.8280,135.0000,3,2,1
22.7816,27,116,G27_V116_3,1671.5076,1152.8280,135.0000,4,2,1
22.7912,19,129,G19_V129_0,1594.9300,998.1300,135.0000,1,2,0
22.7912,19,129,G19_V129_1,1459.9300,1133.1300,135.0000,2,2,0
22.7912,19,129,G19_V129_2,1324.9300,998.1300,135.0000,3,2,1
22.7912,19,129,G19_V129_3,1459.9300,863.1300,135.0000,4,2,1
22.7919,45,130,G45_V130_0,2159.4412,1872.6769,135.0000,1,2,0
22.7919,45,130,G45_V130_1,2024.4412,2007.6769,135.0000,2,2,0
22.7919,45,130,G45_V130_2,1889.4412,1872.6769,135.0000,3,2,1
22.7919,45,130,G45_V130_3,2024.4412,1737.6769,135.0000,4,2,1
22.8023,27,9,G27_V9_0,1607.0000,1368.3804,135.0000,1,2,0
22.8023,27,9,G27_V9_1,1472.0000,1503.3804,135.0000,2,2,0
22.8023,27,9,G27_V9_2,1337.0000,1368.3804,135.0000,3,2,1
22.8023,27,9,G27_V9_3,1472.0000,1233.3804,135.0000,4,2,1
22.8038,12,11,G12_V11_0,1912.1839,913.3388,135.0000,1,2,0
22.8038,12,11,G12_V11_1,1777.1839,1048.3388,135.0000,2,2,0
22.8038,12,11,G12_V11_2,1642.1839,913.3388,135.0000,3,2,1
22.8038,12,11,G12_V11_3,1777.1839,778.3388,135.0000,4,2,1
22.8171,27,29,G27_V29_0,1808.8504,1266.4837,135.0000,1,2,0
22.8171,27,29,G27_V29_1,1673.8504,1401.4837,135.0000,2,2,0
22.8171,27,29,G27_V29_2,1538.8504,1266.4837,135.0000,3,2,1
22.8171,27,29,G27_V29_3,1673.8504,1131.4837,135.0000,4,2,1
22.8371,20,56,G20_V56_0,1920.4900,1041.1400,135.0000,1,2,0
22.8371,20,56,G20_V56_1,1785.4900,1176.1400,135.0000,2,2,0
22.8371,20,56,G20_V56_2,1650.4900,1041.1400,135.0000,3,2,1
22.8371,20,56,G20_V56_3,1785.4900,906.1400,135.0000,4,2,1
22.8401,19,60,G19_V60_0,1632.1500,1007.1400,135.0000,1,2,0
22.8401,19,60,G19_V60_1,1497.1500,1142.1400,135.0000,2,2,0
22.8401,19,60,G19_V60_2,1362.1500,1007.1400,135.0000,3,2,1
22.8401,19,60,G19_V60_3,1497.1500,872.1400,135.0000,4,2,1
22.8438,20,65,G20_V65_0,1854.1300,979.9800,135.0000,1,2,0
22.8438,20,65,G20_V65_1,1719.1300,1114.9800,135.0000,2,2,0
22.8438,20,65,G20_V65_2,1584.1300,979.9800,135.0000,3,2,1
22.8438,20,65,G20_V65_3,1719.1300,844.9800,135.0000,4,2,1
22.8482,18,71,G18_V71_0,1566.3300,994.6300,135.0000,1,2,0
22.8482,18,71,G18_V71_1,1431.3300,1129.6300,135.0000,2,2,0
22.8482,18,71,G18_V71_2,1296.3300,994.6300,135.0000,3,2,1
22.8482,18,71,G18_V71_3,1431.3300,859.6300,135.0000,4,2,1
22.8534,18,78,G18_V78_0,1580.1200,997.3300,135.0000,1,2,0
22.8534,18,78,G18_V78_1,1445.1200,1132.3300,135.0000,2,2,0
22.8534,18,78,G18_V78_2,1310.1200,997.3300,135.0000,3,2,1
22.8534,18,78,G18_V78_3,1445.1200,862.3300,135.0000,4,2,1
22.8542,19,79,G19_V79_0,1752.6891,1164.0708,135.0000,1,2,0
22.8542,19,79,G19_V79_1,1617.6891,1299.0708,135.0000,2,2,0
22.8542,19,79,G19_V79_2,1482.6891,1164.0708,135.0000,3,2,1
22.8542,19,79,G19_V79_3,1617.6891,1029.0708,135.0000,4,2,1
22.8645,19,93,G19_V93_0,1625.2300,1006.1300,135.0000,1,2,0
22.8645,19,93,G19_V93_1,1490.2300,1141.1300,135.0000,2,2,0
22.8645,19,93,G19_V93_2,1355.2300,1006.1300,135.0000,3,2,1
22.8645,19,93,G19_V93_3,1490.2300,871.1300,135.0000,4,2,1
22.8660,26,95,G26_V95_0,1381.0268,1305.6000,135.0000,1,2,0
22.8660,26,95,G26_V95_1,1246.0268,1440.6000,135.0000,2,2,0
22.8660,26,95,G26_V95_2,1111.0268,1305.6000,135.0000,3,2,1
22.8660,26,95,G26_V95_3,1246.0268,1170.6000,135.0000,4,2,1
22.8668,19,96,G19_V96_0,1731.5772,1123.3021,135.0000,1,2,0
22.8668,19,96,G19_V96_1,1596.5772,1258.3021,135.0000,2,2,0
22.8668,19,96,G19_V96_2,1461.5772,1123.3021,135.0000,3,2,1
22.8668,19,96,G19_V96_3,1596.5772,988.3021,135.0000,4,2,1
22.8705,10,101,G10_V101_0,1553.0700,805.7800,135.0000,1,2,0
22.8705,10,101,G10_V101_1,1418.0700,940.7800,135.0000,2,2,0
22.8705,10,101,G10_V101_2,1283.0700,805.7800,135.0000,3,2,1
22.8705,10,101,G10_V101_3,1418.0700,670.7800,135.0000,4,2,1
22.8816,27,116,G27_V116_0,1805.7308,1288.0542,135.0000,1,2,0
22.8816,27,116,G27_V116_1,1670.7308,1423.0542,135.0000,2,2,0
22.8816,27,116,G27_V116_2,1535.7308,1288.0542,135.0000,3,2,1
22.8816,27,116,G27_V116_3,1670.7308,1153.0542,135.0000,4,2,1
22.8912,19,129,G19_V129_0,1594.9300,998.1300,135.0000,1,2,0
22.8912,19,129,G19_V129_1,1459.9300,1133.1300,135.0000,2,2,0
22.8912,19,129,G19_V129_2,1324.9300,998.1300,135.0000,3,2,1
22.8912,19,129,G19_V129_3,1459.9300,863.1300,135.0000,4,2,1
22.8919,45,130,G45_V130_0,2157.9209,1872.7219,135.0000,1,2,0
22.8919,45,130,G45_V130_1,2022.9209,2007.7219,135.0000,2,2,0
22.8919,45,130,G45_V130_2,1887.9209,1872.7219,135.0000,3,2,1
22.8919,45,130,G45_V130_3,2022.9209,1737.7219,135.0000,4,2,1
22.9023,27,9,G27_V9_0,1606.3312,1368.6217,135.0000,1,2,0
22.9023,27,9,G27_V9_1,1471.3312,1503.6217,135.0000,2,2,0
22.9023,27,9,G27_V9_2,1336.3312,1368.6217,135.0000,3,2,1
22.9023,27,9,G27_V9_3,1471.3312,1233.6217,135.0000,4,2,1
22.9038,12,11,G12_V11_0,1910.8481,914.3141,135.0000,1,2,0
22.9038,12,11,G12_V11_1,1775.8481,1049.3141,135.0000,2,2,0
22.9038,12,11,G12_V11_2,1640.8481,914.3141,135.0000,3,2,1
22.9038,12,11,G12_V11_3,1775.8481,779.3141,135.0000,4,2,1
22.9171,27,29,G27_V29_0,1809.0539,1266.8839,135.0000,1,2,0
22.9171,27,29,G27_V29_1,1674.0539,1401.8839,135.0000,2,2,0
22.9171,27,29,G27_V29_2,1539.0539,1266.8839,135.0000,3,2,1
22.9171,27,29,G27_V29_3,1674.0539,1131.8839,135.0000,4,2,1
22.9371,20,56,G20_V56_0,1920.4900,1041.1400,135.0000,1,2,0
22.9371,20,56,G20_V56_1,1785.4900,1176.1400,135.0000,2,2,0
22.9371,20,56,G20_V56_2,1650.4900,1041.1400,135.0000,3,2,1
22.9371,20,56,G20_V56_3,1785.4900,906.1400,135.0000,4,2,1
22.9401,19,60,G19_V60_0,1632.1500,1007.1400,135.0000,1,2,0
22.9401,19,60,G19_V60_1,1497.1500,1142.1400,135.0000,2,2,0
22.9401,19,60,G19_V60_2,1362.1500,1007.1400,135.0000,3,2,1
22.9401,19,60,G19_V60_3,1497.1500,872.1400,135.0000,4,2,1
22.9438,20,65,G20_V65_0,1854.1300,979.9800,135.0000,1,2,0
22.9438,20,65,G20_V65_1,1719.1300,1114.9800,135.0000,2,2,0
22.9438,20,65,G20_V65_2,1584.1300,979.9800,135.0000,3,2,1
22.9438,20,65,G20_V65_3,1719.1300,844.9800,135.0000,4,2,1
22.9534,18,78,G18_V78_0,1580.1200,997.3300,135.0000,1,2,0
22.9534,18,78,G18_V78_1,1445.1200,1132.3300,135.0000,2,2,0
22.9534,18,78,G18_V78_2,1310.1200,997.3300,135.0000,3,2,1
22.9534,18,78,G18_V78_3,1445.1200,862.3300,135.0000,4,2,1
22.9542,19,79,G19_V79_0,1753.2241,1165.1527,135.0000,1,2,0
22.9542,19,79,G19_V79_1,1618.2241,1300.1527,135.0000,2,2,0
22.9542,19,79,G19_V79_2,1483.2241,1165.1527,135.0000,3,2,1
22.9542,19,79,G19_V79_3,1618.2241,1030.1527,135.0000,4,2,1
22.9645,19,93,G19_V93_0,1625.2300,1006.1300,135.0000,1,2,0
22.9645,19,93,G19_V93_1,1490.2300,1141.1300,135.0000,2,2,0
22.9645,19,93,G19_V93_2,1355.2300,1006.1300,135.0000,3,2,1
22.9645,19,93,G19_V93_3,1490.2300,871.1300,135.0000,4,2,1
22.9660,26,95,G26_V95_0,1380.4224,1305.6962,135.0000,1,2,0
22.9660,26,95,G26_V95_1,1245.4224,1440.6962,135.0000,2,2,0
22.9660,26,95,G26_V95_2,1110.4224,1305.6962,135.0000,3,2,1
22.9660,26,95,G26_V95_3,1245.4224,1170.6962,135.0000,4,2,1
22.9668,19,96,G19_V96_0,1731.8849,1123.8735,135.0000,1,2,0
22.9668,19,96,G19_V96_1,1596.8849,1258.8735,135.0000,2,2,0
22.9668,19,96,G19_V96_2,1461.8849,1123.8735,135.0000,3,2,1
22.9668,19,96,G19_V96_3,1596.8849,988.8735,135.0000,4,2,1
22.9705,10,101,G10_V101_0,1553.0700,805.7800,135.0000,1,2,0
22.9705,10,101,G10_V101_1,1418.0700,940.7800,135.0000,2,2,0
22.9705,10,101,G10_V101_2,1283.0700,805.7800,135.0000,3,2,1
22.9705,10,101,G10_V101_3,1418.0700,670.7800,135.0000,4,2,1
22.9816,27,116,G27_V116_0,1804.9541,1288.2803,135.0000,1,2,0
22.9816,27,116,G27_V116_1,1669.9541,1423.2803,135.0000,2,2,0
22.9816,27,116,G27_V116_2,1534.9541,1288.2803,135.0000,3,2,1
22.9816,27,116,G27_V116_3,1669.9541,1153.2803,135.0000,4,2,1
22.9912,19,129,G19_V129_0,1594.9300,998.1300,135.0000,1,2,0
22.9912,19,129,G19_V129_1,1459.9300,1133.1300,135.0000,2,2,0
22.9912,19,129,G19_V129_2,1324.9300,998.1300,135.0000,3,2,1
22.9912,19,129,G19_V129_3,1459.9300,863.1300,135.0000,4,2,1
22.9919,45,130,G45_V130_0,2156.4006,1872.7670,135.0000,1,2,0
22.9919,45,130,G45_V130_1,2021.4006,2007.7670,135.0000,2,2,0
22.9919,45,130,G45_V130_2,1886.4006,1872.7670,135.0000,3,2,1
22.9919,45,130,G45_V130_3,2021.4006,1737.7670,135.0000,4,2,1
23.0023,27,9,G27_V9_0,1605.6611,1368.8634,135.0000,1,2,0
23.0023,27,9,G27_V9_1,1470.6611,1503.8634,135.0000,2,2,0
23.0023,27,9,G27_V9_2,1335.6611,1368.8634,135.0000,3,2,1
23.0023,27,9,G27_V9_3,1470.6611,1233.8634,135.0000,4,2,1
23.0038,12,11,G12_V11_0,1909.5316,915.2753,135.0000,1,2,0
23.0038,12,11,G12_V11_1,1774.5316,1050.2753,135.0000,2,2,0
23.0038,12,11,G12_V11_2,1639.5316,915.2753,135.0000,3,2,1
23.0038,12,11,G12_V11_3,1774.5316,780.2753,135.0000,4,2,1
23.0171,27,29,G27_V29_0,1809.2238,1267.2178,135.0000,1,2,0
23.0171,27,29,G27_V29_1,1674.2238,1402.2178,135.0000,2,2,0
23.0171,27,29,G27_V29_2,1539.2238,1267.2178,135.0000,3,2,1
23.0171,27,29,G27_V29_3,1674.2238,1132.2178,135.0000,4,2,1
23.0371,20,56,G20_V56_0,1920.4900,1041.1400,135.0000,1,2,0
23.0371,20,56,G20_V56_1,1785.4900,1176.1400,135.0000,2,2,0
23.0371,20,56,G20_V56_2,1650.4900,1041.1400,135.0000,3,2,1
23.0371,20,56,G20_V56_3,1785.4900,906.1400,135.0000,4,2,1
23.0401,19,60,G19_V60_0,1632.1500,1007.1400,135.0000,1,2,0
23.0401,19,60,G19_V60_1,1497.1500,1142.1400,135.0000,2,2,0
23.0401,19,60,G19_V60_2,1362.1500,1007.1400,135.0000,3,2,1
23.0401,19,60,G19_V60_3,1497.1500,872.1400,135.0000,4,2,1
23.0438,20,65,G20_V65_0,1854.1300,979.9800,135.0000,1,2,0
23.0438,20,65,G20_V65_1,1719.1300,1114.9800,135.0000,2,2,0
23.0438,20,65,G20_V65_2,1584.1300,979.9800,135.0000,3,2,1
23.0438,20,65,G20_V65_3,1719.1300,844.9800,135.0000,4,2,1
23.0534,18,78,G18_V78_0,1580.1200,997.3300,135.0000,1,2,0
23.0534,18,78,G18_V78_1,1445.1200,1132.3300,135.0000,2,2,0
23.0534,18,78,G18_V78_2,1310.1200,997.3300,135.0000,3,2,1
23.0534,18,78,G18_V78_3,1445.1200,862.3300,135.0000,4,2,1
23.0542,19,79,G19_V79_0,1753.7724,1166.2565,135.0000,1,2,0
23.0542,19,79,G19_V79_1,1618.7724,1301.2565,135.0000,2,2,0
23.0542,19,79,G19_V79_2,1483.7724,1166.2565,135.0000,3,2,1
23.0542,19,79,G19_V79_3,1618.7724,1031.2565,135.0000,4,2,1
23.0645,19,93,G19_V93_0,1625.2300,1006.1300,135.0000,1,2,0
23.0645,19,93,G19_V93_1,1490.2300,1141.1300,135.0000,2,2,0
23.0645,19,93,G19_V93_2,1355.2300,1006.1300,135.0000,3,2,1
23.0645,19,93,G19_V93_3,1490.2300,871.1300,135.0000,4,2,1
23.0660,26,95,G26_V95_0,1379.7308,1305.7580,135.0000,1,2,0
23.0660,26,95,G26_V95_1,1244.7308,1440.7580,135.0000,2,2,0
23.0660,26,95,G26_V95_2,1109.7308,1305.7580,135.0000,3,2,1
23.0660,26,95,G26_V95_3,1244.7308,1170.7580,135.0000,4,2,1
23.0668,19,96,G19_V96_0,1732.2231,1124.5021,135.0000,1,2,0
23.0668,19,96,G19_V96_1,1597.2231,1259.5021,135.0000,2,2,0
23.0668,19,96,G19_V96_2,1462.2231,1124.5021,135.0000,3,2,1
23.0668,19,96,G19_V96_3,1597.2231,989.5021,135.0000,4,2,1
23.0705,10,101,G10_V101_0,1553.0700,805.7800,135.0000,1,2,0
23.0705,10,101,G10_V101_1,1418.0700,940.7800,135.0000,2,2,0
23.0705,10,101,G10_V101_2,1283.0700,805.7800,135.0000,3,2,1
23.0705,10,101,G10_V101_3,1418.0700,670.7800,135.0000,4,2,1
23.0816,27,116,G27_V116_0,1804.0805,1288.5467,135.0000,1,2,0
23.0816,27,116,G27_V116_1,1669.0805,1423.5467,135.0000,2,2,0
23.0816,27,116,G27_V116_2,1534.0805,1288.5467,135.0000,3,2,1
23.0816,27,116,G27_V116_3,1669.0805,1153.5467,135.0000,4,2,1
23.0912,19,129,G19_V129_0,1594.9300,998.1300,135.0000,1,2,0
23.0912,19,129,G19_V129_1,1459.9300,1133.1300,135.0000,2,2,0
23.0912,19,129,G19_V129_2,1324.9300,998.1300,135.0000,3,2,1
23.0912,19,129,G19_V129_3,1459.9300,863.1300,135.0000,4,2,1
23.0920,45,130,G45_V130_0,2155.1007,1872.5522,135.0000,1,2,0
23.0920,45,130,G45_V130_1,2020.1007,2007.5522,135.0000,2,2,0
23.0920,45,130,G45_V130_2,1885.1007,1872.5522,135.0000,3,2,1
23.0920,45,130,G45_V130_3,2020.1007,1737.5522,135.0000,4,2,1
23.1023,27,9,G27_V9_0,1604.9336,1369.1248,135.0000,1,2,0
23.1023,27,9,G27_V9_1,1469.9336,1504.1248,135.0000,2,2,0
23.1023,27,9,G27_V9_2,1334.9336,1369.1248,135.0000,3,2,1
23.1023,27,9,G27_V9_3,1469.9336,1234.1248,135.0000,4,2,1
23.1038,12,11,G12_V11_0,1908.2260,916.2275,135.0000,1,2,0
23.1038,12,11,G12_V11_1,1773.2260,1051.2275,135.0000,2,2,0
23.1038,12,11,G12_V11_2,1638.2260,916.2275,135.0000,3,2,1
23.1038,12,11,G12_V11_3,1773.2260,781.2275,135.0000,4,2,1
23.1171,27,29,G27_V29_0,1809.2291,1267.2285,135.0000,1,2,0
23.1171,27,29,G27_V29_1,1674.2291,1402.2285,135.0000,2,2,0
23.1171,27,29,G27_V29_2,1539.2291,1267.2285,135.0000,3,2,1
23.1171,27,29,G27_V29_3,1674.2291,1132.2285,135.0000,4,2,1
23.1371,20,56,G20_V56_0,1920.4900,1041.1400,135.0000,1,2,0
23.1371,20,56,G20_V56_1,1785.4900,1176.1400,135.0000,2,2,0
23.1371,20,56,G20_V56_2,1650.4900,1041.1400,135.0000,3,2,1
23.1371,20,56,G20_V56_3,1785.4900,906.1400,135.0000,4,2,1
23.1401,19,60,G19_V60_0,1632.1500,1007.1400,135.0000,1,2,0
23.1401,19,60,G19_V60_1,1497.1500,1142.1400,135.0000,2,2,0
23.1401,19,60,G19_V60_2,1362.1500,1007.1400,135.0000,3,2,1
23.1401,19,60,G19_V60_3,1497.1500,872.1400,135.0000,4,2,1
23.1438,20,65,G20_V65_0,1854.1300,979.9800,135.0000,1,2,0
23.1438,20,65,G20_V65_1,1719.1300,1114.9800,135.0000,2,2,0
23.1438,20,65,G20_V65_2,1584.1300,979.9800,135.0000,3,2,1
23.1438,20,65,G20_V65_3,1719.1300,844.9800,135.0000,4,2,1
23.1534,18,78,G18_V78_0,1580.1200,997.3300,135.0000,1,2,0
23.1534,18,78,G18_V78_1,1445.1200,1132.3300,135.0000,2,2,0
23.1534,18,78,G18_V78_2,1310.1200,997.3300,135.0000,3,2,1
23.1534,18,78,G18_V78_3,1445.1200,862.3300,135.0000,4,2,1
23.1542,19,79,G19_V79_0,1754.3320,1167.3787,135.0000,1,2,0
23.1542,19,79,G19_V79_1,1619.3320,1302.3787,135.0000,2,2,0
23.1542,19,79,G19_V79_2,1484.3320,1167.3787,135.0000,3,2,1
23.1542,19,79,G19_V79_3,1619.3320,1032.3787,135.0000,4,2,1
23.1645,19,93,G19_V93_0,1625.2300,1006.1300,135.0000,1,2,0
23.1645,19,93,G19_V93_1,1490.2300,1141.1300,135.0000,2,2,0
23.1645,19,93,G19_V93_2,1355.2300,1006.1300,135.0000,3,2,1
23.1645,19,93,G19_V93_3,1490.2300,871.1300,135.0000,4,2,1
23.1660,26,95,G26_V95_0,1378.9941,1305.8021,135.0000,1,2,0
23.1660,26,95,G26_V95_1,1243.9941,1440.8021,135.0000,2,2,0
23.1660,26,95,G26_V95_2,1108.9941,1305.8021,135.0000,3,2,1
23.1660,26,95,G26_V95_3,1243.9941,1170.8021,135.0000,4,2,1
23.1668,19,96,G19_V96_0,1732.5877,1125.1803,135.0000,1,2,0
23.1668,19,96,G19_V96_1,1597.5877,1260.1803,135.0000,2,2,0
23.1668,19,96,G19_V96_2,1462.5877,1125.1803,135.0000,3,2,1
23.1668,19,96,G19_V96_3,1597.5877,990.1803,135.0000,4,2,1
23.1705,10,101,G10_V101_0,1553.0700,805.7800,135.0000,1,2,0
23.1705,10,101,G10_V101_1,1418.0700,940.7800,135.0000,2,2,0
23.1705,10,101,G10_V101_2,1283.0700,805.7800,135.0000,3,2,1
23.1705,10,101,G10_V101_3,1418.0700,670.7800,135.0000,4,2,1
23.1816,27,116,G27_V116_0,1803.1850,1288.8223,135.0000,1,2,0
23.1816,27,116,G27_V116_1,1668.1850,1423.8223,135.0000,2,2,0
23.1816,27,116,G27_V116_2,1533.1850,1288.8223,135.0000,3,2,1
23.1816,27,116,G27_V116_3,1668.1850,1153.8223,135.0000,4,2,1
23.1912,19,129,G19_V129_0,1594.9300,998.1300,135.0000,1,2,0
23.1912,19,129,G19_V129_1,1459.9300,1133.1300,135.0000,2,2,0
23.1912,19,129,G19_V129_2,1324.9300,998.1300,135.0000,3,2,1
23.1912,19,129,G19_V129_3,1459.9300,863.1300,135.0000,4,2,1
23.1919,45,130,G45_V130_0,2153.7951,1872.3151,135.0000,1,2,0
23.1919,45,130,G45_V130_1,2018.7951,2007.3151,135.0000,2,2,0
23.1919,45,130,G45_V130_2,1883.7951,1872.3151,135.0000,3,2,1
23.1919,45,130,G45_V130_3,2018.7951,1737.3151,135.0000,4,2,1
23.2023,27,9,G27_V9_0,1604.2062,1369.3861,135.0000,1,2,0
23.2023,27,9,G27_V9_1,1469.2062,1504.3861,135.0000,2,2,0
23.2023,27,9,G27_V9_2,1334.2062,1369.3861,135.0000,3,2,1
23.2023,27,9,G27_V9_3,1469.2062,1234.3861,135.0000,4,2,1
23.2038,12,11,G12_V11_0,1906.9203,917.1797,135.0000,1,2,0
23.2038,12,11,G12_V11_1,1771.9203,1052.1797,135.0000,2,2,0
23.2038,12,11,G12_V11_2,1636.9203,917.1797,135.0000,3,2,1
23.2038,12,11,G12_V11_3,1771.9203,782.1797,135.0000,4,2,1
23.2171,27,29,G27_V29_0,1809.2345,1267.2392,135.0000,1,2,0
23.2171,27,29,G27_V29_1,1674.2345,1402.2392,135.0000,2,2,0
23.2171,27,29,G27_V29_2,1539.2345,1267.2392,135.0000,3,2,1
23.2171,27,29,G27_V29_3,1674.2345,1132.2392,135.0000,4,2,1
23.2371,20,56,G20_V56_0,1920.4900,1041.1400,135.0000,1,2,0
23.2371,20,56,G20_V56_1,1785.4900,1176.1400,135.0000,2,2,0
23.2371,20,56,G20_V56_2,1650.4900,1041.1400,135.0000,3,2,1
23.2371,20,56,G20_V56_3,1785.4900,906.1400,135.0000,4,2,1
23.2401,19,60,G19_V60_0,1632.1500,1007.1400,135.0000,1,2,0
23.2401,19,60,G19_V60_1,1497.1500,1142.1400,135.0000,2,2,0
23.2401,19,60,G19_V60_2,1362.1500,1007.1400,135.0000,3,2,1
23.2401,19,60,G19_V60_3,1497.1500,872.1400,135.0000,4,2,1
23.2438,20,65,G20_V65_0,1854.1300,979.9800,135.0000,1,2,0
23.2438,20,65,G20_V65_1,1719.1300,1114.9800,135.0000,2,2,0
23.2438,20,65,G20_V65_2,1584.1300,979.9800,135.0000,3,2,1
23.2438,20,65,G20_V65_3,1719.1300,844.9800,135.0000,4,2,1
23.2534,18,78,G18_V78_0,1580.1200,997.3300,135.0000,1,2,0
23.2534,18,78,G18_V78_1,1445.1200,1132.3300,135.0000,2,2,0
23.2534,18,78,G18_V78_2,1310.1200,997.3300,135.0000,3,2,1
23.2534,18,78,G18_V78_3,1445.1200,862.3300,135.0000,4,2,1
23.2542,19,79,G19_V79_0,1754.8916,1168.5009,135.0000,1,2,0
23.2542,19,79,G19_V79_1,1619.8916,1303.5009,135.0000,2,2,0
23.2542,19,79,G19_V79_2,1484.8916,1168.5009,135.0000,3,2,1
23.2542,19,79,G19_V79_3,1619.8916,1033.5009,135.0000,4,2,1
23.2645,19,93,G19_V93_0,1625.2300,1006.1300,135.0000,1,2,0
23.2645,19,93,G19_V93_1,1490.2300,1141.1300,135.0000,2,2,0
23.2645,19,93,G19_V93_2,1355.2300,1006.1300,135.0000,3,2,1
23.2645,19,93,G19_V93_3,1490.2300,871.1300,135.0000,4,2,1
23.2660,26,95,G26_V95_0,1378.2575,1305.8463,135.0000,1,2,0
23.2660,26,95,G26_V95_1,1243.2575,1440.8463,135.0000,2,2,0
23.2660,26,95,G26_V95_2,1108.2575,1305.8463,135.0000,3,2,1
23.2660,26,95,G26_V95_3,1243.2575,1170.8463,135.0000,4,2,1
23.2668,19,96,G19_V96_0,1732.9524,1125.8585,135.0000,1,2,0
23.2668,19,96,G19_V96_1,1597.9524,1260.8585,135.0000,2,2,0
23.2668,19,96,G19_V96_2,1462.9524,1125.8585,135.0000,3,2,1
23.2668,19,96,G19_V96_3,1597.9524,990.8585,135.0000,4,2,1
23.2705,10,101,G10_V101_0,1553.0700,805.7800,135.0000,1,2,0
23.2705,10,101,G10_V101_1,1418.0700,940.7800,135.0000,2,2,0
23.2705,10,101,G10_V101_2,1283.0700,805.7800,135.0000,3,2,1
23.2705,10,101,G10_V101_3,1418.0700,670.7800,135.0000,4,2,1
23.2816,27,116,G27_V116_0,1802.2894,1289.0979,135.0000,1,2,0
23.2816,27,116,G27_V116_1,1667.2894,1424.0979,135.0000,2,2,0
23.2816,27,116,G27_V116_2,1532.2894,1289.0979,135.0000,3,2,1
23.2816,27,116,G27_V116_3,1667.2894,1154.0979,135.0000,4,2,1
23.2912,19,129,G19_V129_0,1594.9300,998.1300,135.0000,1,2,0
23.2912,19,129,G19_V129_1,1459.9300,1133.1300,135.0000,2,2,0
23.2912,19,129,G19_V129_2,1324.9300,998.1300,135.0000,3,2,1
23.2912,19,129,G19_V129_3,1459.9300,863.1300,135.0000,4,2,1
23.2919,45,130,G45_V130_0,2152.4895,1872.0779,135.0000,1,2,0
23.2919,45,130,G45_V130_1,2017.4895,2007.0779,135.0000,2,2,0
23.2919,45,130,G45_V130_2,1882.4895,1872.0779,135.0000,3,2,1
23.2919,45,130,G45_V130_3,2017.4895,1737.0779,135.0000,4,2,1
23.3023,27,9,G27_V9_0,1603.4787,1369.6475,135.0000,1,2,0
23.3023,27,9,G27_V9_1,1468.4787,1504.6475,135.0000,2,2,0
23.3023,27,9,G27_V9_2,1333.4787,1369.6475,135.0000,3,2,1
23.3023,27,9,G27_V9_3,1468.4787,1234.6475,135.0000,4,2,1
23.3038,12,11,G12_V11_0,1905.6147,918.1319,135.0000,1,2,0
23.3038,12,11,G12_V11_1,1770.6147,1053.1319,135.0000,2,2,0
23.3038,12,11,G12_V11_2,1635.6147,918.1319,135.0000,3,2,1
23.3038,12,11,G12_V11_3,1770.6147,783.1319,135.0000,4,2,1
23.3171,27,29,G27_V29_0,1809.2399,1267.2500,135.0000,1,2,0
23.3171,27,29,G27_V29_1,1674.2399,1402.2500,135.0000,2,2,0
23.3171,27,29,G27_V29_2,1539.2399,1267.2500,135.0000,3,2,1
23.3171,27,29,G27_V29_3,1674.2399,1132.2500,135.0000,4,2,1
23.3371,20,56,G20_V56_0,1920.4900,1041.1400,135.0000,1,2,0
23.3371,20,56,G20_V56_1,1785.4900,1176.1400,135.0000,2,2,0
23.3371,20,56,G20_V56_2,1650.4900,1041.1400,135.0000,3,2,1
23.3371,20,56,G20_V56_3,1785.4900,906.1400,135.0000,4,2,1
23.3401,19,60,G19_V60_0,1632.1500,1007.1400,135.0000,1,2,0
23.3401,19,60,G19_V60_1,1497.1500,1142.1400,135.0000,2,2,0
23.3401,19,60,G19_V60_2,1362.1500,1007.1400,135.0000,3,2,1
23.3401,19,60,G19_V60_3,1497.1500,872.1400,135.0000,4,2,1
23.3438,20,65,G20_V65_0,1854.1300,979.9800,135.0000,1,2,0
23.3438,20,65,G20_V65_1,1719.1300,1114.9800,135.0000,2,2,0
23.3438,20,65,G20_V65_2,1584.1300,979.9800,135.0000,3,2,1
23.3438,20,65,G20_V65_3,1719.1300,844.9800,135.0000,4,2,1
23.3534,18,78,G18_V78_0,1580.1200,997.3300,135.0000,1,2,0
23.3534,18,78,G18_V78_1,1445.1200,1132.3300,135.0000,2,2,0
23.3534,18,78,G18_V78_2,1310.1200,997.3300,135.0000,3,2,1
23.3534,18,78,G18_V78_3,1445.1200,862.3300,135.0000,4,2,1
23.3542,19,79,G19_V79_0,1755.4512,1169.6231,135.0000,1,2,0
23.3542,19,79,G19_V79_1,1620.4512,1304.6231,135.0000,2,2,0
23.3542,19,79,G19_V79_2,1485.4512,1169.6231,135.0000,3,2,1
23.3542,19,79,G19_V79_3,1620.4512,1034.6231,135.0000,4,2,1
23.3645,19,93,G19_V93_0,1625.2300,1006.1300,135.0000,1,2,0
23.3645,19,93,G19_V93_1,1490.2300,1141.1300,135.0000,2,2,0
23.3645,19,93,G19_V93_2,1355.2300,1006.1300,135.0000,3,2,1
23.3645,19,93,G19_V93_3,1490.2300,871.1300,135.0000,4,2,1
23.3660,26,95,G26_V95_0,1377.5208,1305.8904,135.0000,1,2,0
23.3660,26,95,G26_V95_1,1242.5208,1440.8904,135.0000,2,2,0
23.3660,26,95,G26_V95_2,1107.5208,1305.8904,135.0000,3,2,1
23.3660,26,95,G26_V95_3,1242.5208,1170.8904,135.0000,4,2,1
23.3668,19,96,G19_V96_0,1733.3170,1126.5367,135.0000,1,2,0
23.3668,19,96,G19_V96_1,1598.3170,1261.5367,135.0000,2,2,0
23.3668,19,96,G19_V96_2,1463.3170,1126.5367,135.0000,3,2,1
23.3668,19,96,G19_V96_3,1598.3170,991.5367,135.0000,4,2,1
23.3705,10,101,G10_V101_0,1553.0700,805.7800,135.0000,1,2,0
23.3705,10,101,G10_V101_1,1418.0700,940.7800,135.0000,2,2,0
23.3705,10,101,G10_V101_2,1283.0700,805.7800,135.0000,3,2,1
23.3705,10,101,G10_V101_3,1418.0700,670.7800,135.0000,4,2,1
23.3816,27,116,G27_V116_0,1801.3938,1289.3734,135.0000,1,2,0
23.3816,27,116,G27_V116_1,1666.3938,1424.3734,135.0000,2,2,0
23.3816,27,116,G27_V116_2,1531.3938,1289.3734,135.0000,3,2,1
23.3816,27,116,G27_V116_3,1666.3938,1154.3734,135.0000,4,2,1
23.3912,19,129,G19_V129_0,1594.9300,998.1300,135.0000,1,2,0
23.3912,19,129,G19_V129_1,1459.9300,1133.1300,135.0000,2,2,0
23.3912,19,129,G19_V129_2,1324.9300,998.1300,135.0000,3,2,1
23.3912,19,129,G19_V129_3,1459.9300,863.1300,135.0000,4,2,1
23.3919,45,130,G45_V130_0,2151.1838,1871.8408,135.0000,1,2,0
23.3919,45,130,G45_V130_1,2016.1838,2006.8408,135.0000,2,2,0
23.3919,45,130,G45_V130_2,1881.1838,1871.8408,135.0000,3,2,1
23.3919,45,130,G45_V130_3,2016.1838,1736.8408,135.0000,4,2,1
23.4023,27,9,G27_V9_0,1602.7512,1369.9088,135.0000,1,2,0
23.4023,27,9,G27_V9_1,1467.7512,1504.9088,135.0000,2,2,0
23.4023,27,9,G27_V9_2,1332.7512,1369.9088,135.0000,3,2,1
23.4023,27,9,G27_V9_3,1467.7512,1234.9088,135.0000,4,2,1
23.4038,12,11,G12_V11_0,1904.3090,919.0841,135.0000,1,2,0
23.4038,12,11,G12_V11_1,1769.3090,1054.0841,135.0000,2,2,0
23.4038,12,11,G12_V11_2,1634.3090,919.0841,135.0000,3,2,1
23.4038,12,11,G12_V11_3,1769.3090,784.0841,135.0000,4,2,1
23.4171,27,29,G27_V29_0,1809.2453,1267.2607,135.0000,1,2,0
23.4171,27,29,G27_V29_1,1674.2453,1402.2607,135.0000,2,2,0
23.4171,27,29,G27_V29_2,1539.2453,1267.2607,135.0000,3,2,1
23.4171,27,29,G27_V29_3,1674.2453,1132.2607,135.0000,4,2,1
23.4371,20,56,G20_V56_0,1920.4900,1041.1400,135.0000,1,2,0
23.4371,20,56,G20_V56_1,1785.4900,1176.1400,135.0000,2,2,0
23.4371,20,56,G20_V56_2,1650.4900,1041.1400,135.0000,3,2,1
23.4371,20,56,G20_V56_3,1785.4900,906.1400,135.0000,4,2,1
23.4401,19,60,G19_V60_0,1632.1500,1007.1400,135.0000,1,2,0
23.4401,19,60,G19_V60_1,1497.1500,1142.1400,135.0000,2,2,0
23.4401,19,60,G19_V60_2,1362.1500,1007.1400,135.0000,3,2,1
23.4401,19,60,G19_V60_3,1497.1500,872.1400,135.0000,4,2,1
23.4438,20,65,G20_V65_0,1854.1300,979.9800,135.0000,1,2,0
23.4438,20,65,G20_V65_1,1719.1300,1114.9800,135.0000,2,2,0
23.4438,20,65,G20_V65_2,1584.1300,979.9800,135.0000,3,2,1
23.4438,20,65,G20_V65_3,1719.1300,844.9800,135.0000,4,2,1
23.4534,18,78,G18_V78_0,1580.1200,997.3300,135.0000,1,2,0
23.4534,18,78,G18_V78_1,1445.1200,1132.3300,135.0000,2,2,0
23.4534,18,78,G18_V78_2,1310.1200,997.3300,135.0000,3,2,1
23.4534,18,78,G18_V78_3,1445.1200,862.3300,135.0000,4,2,1
23.4542,19,79,G19_V79_0,1756.0108,1170.7453,135.0000,1,2,0
23.4542,19,79,G19_V79_1,1621.0108,1305.7453,135.0000,2,2,0
23.4542,19,79,G19_V79_2,1486.0108,1170.7453,135.0000,3,2,1
23.4542,19,79,G19_V79_3,1621.0108,1035.7453,135.0000,4,2,1
23.4645,19,93,G19_V93_0,1625.2300,1006.1300,135.0000,1,2,0
23.4645,19,93,G19_V93_1,1490.2300,1141.1300,135.0000,2,2,0
23.4645,19,93,G19_V93_2,1355.2300,1006.1300,135.0000,3,2,1
23.4645,19,93,G19_V93_3,1490.2300,871.1300,135.0000,4,2,1
23.4660,26,95,G26_V95_0,1376.7841,1305.9345,135.0000,1,2,0
23.4660,26,95,G26_V95_1,1241.7841,1440.9345,135.0000,2,2,0
23.4660,26,95,G26_V95_2,1106.7841,1305.9345,135.0000,3,2,1
23.4660,26,95,G26_V95_3,1241.7841,1170.9345,135.0000,4,2,1
23.4668,19,96,G19_V96_0,1733.6816,1127.2149,135.0000,1,2,0
23.4668,19,96,G19_V96_1,1598.6816,1262.2149,135.0000,2,2,0
23.4668,19,96,G19_V96_2,1463.6816,1127.2149,135.0000,3,2,1
23.4668,19,96,G19_V96_3,1598.6816,992.2149,135.0000,4,2,1
23.4705,10,101,G10_V101_0,1553.0700,805.7800,135.0000,1,2,0
23.4705,10,101,G10_V101_1,1418.0700,940.7800,135.0000,2,2,0
23.4705,10,101,G10_V101_2,1283.0700,805.7800,135.0000,3,2,1
23.4705,10,101,G10_V101_3,1418.0700,670.7800,135.0000,4,2,1
23.4816,27,116,G27_V116_0,1800.4983,1289.6490,135.0000,1,2,0
23.4816,27,116,G27_V116_1,1665.4983,1424.6490,135.0000,2,2,0
23.4816,27,116,G27_V116_2,1530.4983,1289.6490,135.0000,3,2,1
23.4816,27,116,G27_V116_3,1665.4983,1154.6490,135.0000,4,2,1
23.4912,19,129,G19_V129_0,1594.9300,998.1300,135.0000,1,2,0
23.4912,19,129,G19_V129_1,1459.9300,1133.1300,135.0000,2,2,0
23.4912,19,129,G19_V129_2,1324.9300,998.1300,135.0000,3,2,1
23.4912,19,129,G19_V129_3,1459.9300,863.1300,135.0000,4,2,1
23.4920,45,130,G45_V130_0,2149.8782,1871.6037,135.0000,1,2,0
23.4920,45,130,G45_V130_1,2014.8782,2006.6037,135.0000,2,2,0
23.4920,45,130,G45_V130_2,1879.8782,1871.6037,135.0000,3,2,1
23.4920,45,130,G45_V130_3,2014.8782,1736.6037,135.0000,4,2,1
23.5023,27,9,G27_V9_0,1602.0237,1370.1702,135.0000,1,2,0
23.5023,27,9,G27_V9_1,1467.0237,1505.1702,135.0000,2,2,0
23.5023,27,9,G27_V9_2,1332.0237,1370.1702,135.0000,3,2,1
23.5023,27,9,G27_V9_3,1467.0237,1235.1702,135.0000,4,2,1
23.5038,12,11,G12_V11_0,1903.0033,920.0363,135.0000,1,2,0
23.5038,12,11,G12_V11_1,1768.0033,1055.0363,135.0000,2,2,0
23.5038,12,11,G12_V11_2,1633.0033,920.0363,135.0000,3,2,1
23.5038,12,11,G12_V11_3,1768.0033,785.0363,135.0000,4,2,1
23.5171,27,29,G27_V29_0,1809.2506,1267.2714,135.0000,1,2,0
23.5171,27,29,G27_V29_1,1674.2506,1402.2714,135.0000,2,2,0
23.5171,27,29,G27_V29_2,1539.2506,1267.2714,135.0000,3,2,1
23.5171,27,29,G27_V29_3,1674.2506,1132.2714,135.0000,4,2,1
23.5371,20,56,G20_V56_0,1920.4900,1041.1400,135.0000,1,2,0
23.5371,20,56,G20_V56_1,1785.4900,1176.1400,135.0000,2,2,0
23.5371,20,56,G20_V56_2,1650.4900,1041.1400,135.0000,3,2,1
23.5371,20,56,G20_V56_3,1785.4900,906.1400,135.0000,4,2,1
23.5401,19,60,G19_V60_0,1632.1500,1007.1400,135.0000,1,2,0
23.5401,19,60,G19_V60_1,1497.1500,1142.1400,135.0000,2,2,0
23.5401,19,60,G19_V60_2,1362.1500,1007.1400,135.0000,3,2,1
23.5401,19,60,G19_V60_3,1497.1500,872.1400,135.0000,4,2,1
23.5438,20,65,G20_V65_0,1854.1300,979.9800,135.0000,1,2,0
23.5438,20,65,G20_V65_1,1719.1300,1114.9800,135.0000,2,2,0
23.5438,20,65,G20_V65_2,1584.1300,979.9800,135.0000,3,2,1
23.5438,20,65,G20_V65_3,1719.1300,844.9800,135.0000,4,2,1
23.5534,18,78,G18_V78_0,1580.1200,997.3300,135.0000,1,2,0
23.5534,18,78,G18_V78_1,1445.1200,1132.3300,135.0000,2,2,0
23.5534,18,78,G18_V78_2,1310.1200,997.3300,135.0000,3,2,1
23.5534,18,78,G18_V78_3,1445.1200,862.3300,135.0000,4,2,1
23.5542,19,79,G19_V79_0,1756.5704,1171.8675,135.0000,1,2,0
23.5542,19,79,G19_V79_1,1621.5704,1306.8675,135.0000,2,2,0
23.5542,19,79,G19_V79_2,1486.5704,1171.8675,135.0000,3,2,1
23.5542,19,79,G19_V79_3,1621.5704,1036.8675,135.0000,4,2,1
23.5645,19,93,G19_V93_0,1625.2300,1006.1300,135.0000,1,2,0
23.5645,19,93,G19_V93_1,1490.2300,1141.1300,135.0000,2,2,0
23.5645,19,93,G19_V93_2,1355.2300,1006.1300,135.0000,3,2,1
23.5645,19,93,G19_V93_3,1490.2300,871.1300,135.0000,4,2,1
23.5660,26,95,G26_V95_0,1376.0474,1305.9786,135.0000,1,2,0
23.5660,26,95,G26_V95_1,1241.0474,1440.9786,135.0000,2,2,0
23.5660,26,95,G26_V95_2,1106.0474,1305.9786,135.0000,3,2,1
23.5660,26,95,G26_V95_3,1241.0474,1170.9786,135.0000,4,2,1
23.5668,19,96,G19_V96_0,1734.0463,1127.8931,135.0000,1,2,0
23.5668,19,96,G19_V96_1,1599.0463,1262.8931,135.0000,2,2,0
23.5668,19,96,G19_V96_2,1464.0463,1127.8931,135.0000,3,2,1
23.5668,19,96,G19_V96_3,1599.0463,992.8931,135.0000,4,2,1
23.5705,10,101,G10_V101_0,1553.0700,805.7800,135.0000,1,2,0
23.5705,10,101,G10_V101_1,1418.0700,940.7800,135.0000,2,2,0
23.5705,10,101,G10_V101_2,1283.0700,805.7800,135.0000,3,2,1
23.5705,10,101,G10_V101_3,1418.0700,670.7800,135.0000,4,2,1
23.5816,27,116,G27_V116_0,1799.6027,1289.9245,135.0000,1,2,0
23.5816,27,116,G27_V116_1,1664.6027,1424.9245,135.0000,2,2,0
23.5816,27,116,G27_V116_2,1529.6027,1289.9245,135.0000,3,2,1
23.5816,27,116,G27_V116_3,1664.6027,1154.9245,135.0000,4,2,1
23.5912,19,129,G19_V129_0,1594.9300,998.1300,135.0000,1,2,0
23.5912,19,129,G19_V129_1,1459.9300,1133.1300,135.0000,2,2,0
23.5912,19,129,G19_V129_2,1324.9300,998.1300,135.0000,3,2,1
23.5912,19,129,G19_V129_3,1459.9300,863.1300,135.0000,4,2,1
23.5920,45,130,G45_V130_0,2148.5725,1871.3666,135.0000,1,2,0
23.5920,45,130,G45_V130_1,2013.5725,2006.3666,135.0000,2,2,0
23.5920,45,130,G45_V130_2,1878.5725,1871.3666,135.0000,3,2,1
23.5920,45,130,G45_V130_3,2013.5725,1736.3666,135.0000,4,2,1
23.6023,27,9,G27_V9_0,1601.2962,1370.4315,135.0000,1,2,0
23.6023,27,9,G27_V9_1,1466.2962,1505.4315,135.0000,2,2,0
23.6023,27,9,G27_V9_2,1331.2962,1370.4315,135.0000,3,2,1
23.6023,27,9,G27_V9_3,1466.2962,1235.4315,135.0000,4,2,1
23.6038,12,11,G12_V11_0,1901.6977,920.9885,135.0000,1,2,0
23.6038,12,11,G12_V11_1,1766.6977,1055.9885,135.0000,2,2,0
23.6038,12,11,G12_V11_2,1631.6977,920.9885,135.0000,3,2,1
23.6038,12,11,G12_V11_3,1766.6977,785.9885,135.0000,4,2,1
23.6171,27,29,G27_V29_0,1809.2560,1267.2821,135.0000,1,2,0
23.6171,27,29,G27_V29_1,1674.2560,1402.2821,135.0000,2,2,0
23.6171,27,29,G27_V29_2,1539.2560,1267.2821,135.0000,3,2,1
23.6171,27,29,G27_V29_3,1674.2560,1132.2821,135.0000,4,2,1
23.6371,20,56,G20_V56_0,1920.4900,1041.1400,135.0000,1,2,0
23.6371,20,56,G20_V56_1,1785.4900,1176.1400,135.0000,2,2,0
23.6371,20,56,G20_V56_2,1650.4900,1041.1400,135.0000,3,2,1
23.6371,20,56,G20_V56_3,1785.4900,906.1400,135.0000,4,2,1
23.6401,19,60,G19_V60_0,1632.1500,1007.1400,135.0000,1,2,0
23.6401,19,60,G19_V60_1,1497.1500,1142.1400,135.0000,2,2,0
23.6401,19,60,G19_V60_2,1362.1500,1007.1400,135.0000,3,2,1
23.6401,19,60,G19_V60_3,1497.1500,872.1400,135.0000,4,2,1
23.6438,20,65,G20_V65_0,1854.1300,979.9800,135.0000,1,2,0
23.6438,20,65,G20_V65_1,1719.1300,1114.9800,135.0000,2,2,0
23.6438,20,65,G20_V65_2,1584.1300,979.9800,135.0000,3,2,1
23.6438,20,65,G20_V65_3,1719.1300,844.9800,135.0000,4,2,1
23.6534,18,78,G18_V78_0,1580.1200,997.3300,135.0000,1,2,0
23.6534,18,78,G18_V78_1,1445.1200,1132.3300,135.0000,2,2,0
23.6534,18,78,G18_V78_2,1310.1200,997.3300,135.0000,3,2,1
23.6534,18,78,G18_V78_3,1445.1200,862.3300,135.0000,4,2,1
23.6542,19,79,G19_V79_0,1757.1301,1172.9897,135.0000,1,2,0
23.6542,19,79,G19_V79_1,1622.1301,1307.9897,135.0000,2,2,0
23.6542,19,79,G19_V79_2,1487.1301,1172.9897,135.0000,3,2,1
23.6542,19,79,G19_V79_3,1622.1301,1037.9897,135.0000,4,2,1
23.6645,19,93,G19_V93_0,1625.2300,1006.1300,135.0000,1,2,0
23.6645,19,93,G19_V93_1,1490.2300,1141.1300,135.0000,2,2,0
23.6645,19,93,G19_V93_2,1355.2300,1006.1300,135.0000,3,2,1
23.6645,19,93,G19_V93_3,1490.2300,871.1300,135.0000,4,2,1
23.6660,26,95,G26_V95_0,1375.3107,1306.0227,135.0000,1,2,0
23.6660,26,95,G26_V95_1,1240.3107,1441.0227,135.0000,2,2,0
23.6660,26,95,G26_V95_2,1105.3107,1306.0227,135.0000,3,2,1
23.6660,26,95,G26_V95_3,1240.3107,1171.0227,135.0000,4,2,1
23.6668,19,96,G19_V96_0,1734.4109,1128.5713,135.0000,1,2,0
23.6668,19,96,G19_V96_1,1599.4109,1263.5713,135.0000,2,2,0
23.6668,19,96,G19_V96_2,1464.4109,1128.5713,135.0000,3,2,1
23.6668,19,96,G19_V96_3,1599.4109,993.5713,135.0000,4,2,1
23.6705,10,101,G10_V101_0,1553.0700,805.7800,135.0000,1,2,0
23.6705,10,101,G10_V101_1,1418.0700,940.7800,135.0000,2,2,0
23.6705,10,101,G10_V101_2,1283.0700,805.7800,135.0000,3,2,1
23.6705,10,101,G10_V101_3,1418.0700,670.7800,135.0000,4,2,1
23.6816,27,116,G27_V116_0,1798.7071,1290.2001,135.0000,1,2,0
23.6816,27,116,G27_V116_1,1663.7071,1425.2001,135.0000,2,2,0
23.6816,27,116,G27_V116_2,1528.7071,1290.2001,135.0000,3,2,1
23.6816,27,116,G27_V116_3,1663.7071,1155.2001,135.0000,4,2,1
23.6912,19,129,G19_V129_0,1594.9300,998.1300,135.0000,1,2,0
23.6912,19,129,G19_V129_1,1459.9300,1133.1300,135.0000,2,2,0
23.6912,19,129,G19_V129_2,1324.9300,998.1300,135.0000,3,2,1
23.6912,19,129,G19_V129_3,1459.9300,863.1300,135.0000,4,2,1
23.6919,45,130,G45_V130_0,2147.2669,1871.1294,135.0000,1,2,0
23.6919,45,130,G45_V130_1,2012.2669,2006.1294,135.0000,2,2,0
23.6919,45,130,G45_V130_2,1877.2669,1871.1294,135.0000,3,2,1
23.6919,45,130,G45_V130_3,2012.2669,1736.1294,135.0000,4,2,1
23.7023,27,9,G27_V9_0,1600.5688,1370.6929,135.0000,1,2,0
23.7023,27,9,G27_V9_1,1465.5688,1505.6929,135.0000,2,2,0
23.7023,27,9,G27_V9_2,1330.5688,1370.6929,135.0000,3,2,1
23.7023,27,9,G27_V9_3,1465.5688,1235.6929,135.0000,4,2,1
23.7038,12,11,G12_V11_0,1900.3920,921.9407,135.0000,1,2,0
23.7038,12,11,G12_V11_1,1765.3920,1056.9407,135.0000,2,2,0
23.7038,12,11,G12_V11_2,1630.3920,921.9407,135.0000,3,2,1
23.7038,12,11,G12_V11_3,1765.3920,786.9407,135.0000,4,2,1
23.7171,27,29,G27_V29_0,1809.2614,1267.2929,135.0000,1,2,0
23.7171,27,29,G27_V29_1,1674.2614,1402.2929,135.0000,2,2,0
23.7171,27,29,G27_V29_2,1539.2614,1267.2929,135.0000,3,2,1
23.7171,27,29,G27_V29_3,1674.2614,1132.2929,135.0000,4,2,1
23.7371,20,56,G20_V56_0,1920.4900,1041.1400,135.0000,1,2,0
23.7371,20,56,G20_V56_1,1785.4900,1176.1400,135.0000,2,2,0
23.7371,20,56,G20_V56_2,1650.4900,1041.1400,135.0000,3,2,1
23.7371,20,56,G20_V56_3,1785.4900,906.1400,135.0000,4,2,1
23.7401,19,60,G19_V60_0,1632.1500,1007.1400,135.0000,1,2,0
23.7401,19,60,G19_V60_1,1497.1500,1142.1400,135.0000,2,2,0
23.7401,19,60,G19_V60_2,1362.1500,1007.1400,135.0000,3,2,1
23.7401,19,60,G19_V60_3,1497.1500,872.1400,135.0000,4,2,1
23.7438,20,65,G20_V65_0,1854.1300,979.9800,135.0000,1,2,0
23.7438,20,65,G20_V65_1,1719.1300,1114.9800,135.0000,2,2,0
23.7438,20,65,G20_V65_2,1584.1300,979.9800,135.0000,3,2,1
23.7438,20,65,G20_V65_3,1719.1300,844.9800,135.0000,4,2,1
23.7534,18,78,G18_V78_0,1580.1200,997.3300,135.0000,1,2,0
23.7534,18,78,G18_V78_1,1445.1200,1132.3300,135.0000,2,2,0
23.7534,18,78,G18_V78_2,1310.1200,997.3300,135.0000,3,2,1
23.7534,18,78,G18_V78_3,1445.1200,862.3300,135.0000,4,2,1
23.7542,19,79,G19_V79_0,1757.6897,1174.1119,135.0000,1,2,0
23.7542,19,79,G19_V79_1,1622.6897,1309.1119,135.0000,2,2,0
23.7542,19,79,G19_V79_2,1487.6897,1174.1119,135.0000,3,2,1
23.7542,19,79,G19_V79_3,1622.6897,1039.1119,135.0000,4,2,1
23.7645,19,93,G19_V93_0,1625.2300,1006.1300,135.0000,1,2,0
23.7645,19,93,G19_V93_1,1490.2300,1141.1300,135.0000,2,2,0
23.7645,19,93,G19_V93_2,1355.2300,1006.1300,135.0000,3,2,1
23.7645,19,93,G19_V93_3,1490.2300,871.1300,135.0000,4,2,1
23.7660,26,95,G26_V95_0,1374.5741,1306.0668,135.0000,1,2,0
23.7660,26,95,G26_V95_1,1239.5741,1441.0668,135.0000,2,2,0
23.7660,26,95,G26_V95_2,1104.5741,1306.0668,135.0000,3,2,1
23.7660,26,95,G26_V95_3,1239.5741,1171.0668,135.0000,4,2,1
23.7668,19,96,G19_V96_0,1734.7756,1129.2494,135.0000,1,2,0
23.7668,19,96,G19_V96_1,1599.7756,1264.2494,135.0000,2,2,0
23.7668,19,96,G19_V96_2,1464.7756,1129.2494,135.0000,3,2,1
23.7668,19,96,G19_V96_3,1599.7756,994.2494,135.0000,4,2,1
23.7705,10,101,G10_V101_0,1553.0700,805.7800,135.0000,1,2,0
23.7705,10,101,G10_V101_1,1418.0700,940.7800,135.0000,2,2,0
23.7705,10,101,G10_V101_2,1283.0700,805.7800,135.0000,3,2,1
23.7705,10,101,G10_V101_3,1418.0700,670.7800,135.0000,4,2,1
23.7816,27,116,G27_V116_0,1797.8116,1290.4757,135.0000,1,2,0
23.7816,27,116,G27_V116_1,1662.8116,1425.4757,135.0000,2,2,0
23.7816,27,116,G27_V116_2,1527.8116,1290.4757,135.0000,3,2,1
23.7816,27,116,G27_V116_3,1662.8116,1155.4757,135.0000,4,2,1
23.7912,19,129,G19_V129_0,1594.9300,998.1300,135.0000,1,2,0
23.7912,19,129,G19_V129_1,1459.9300,1133.1300,135.0000,2,2,0
23.7912,19,129,G19_V129_2,1324.9300,998.1300,135.0000,3,2,1
23.7912,19,129,G19_V129_3,1459.9300,863.1300,135.0000,4,2,1
23.7919,45,130,G45_V130_0,2145.9613,1870.8923,135.0000,1,2,0
23.7919,45,130,G45_V130_1,2010.9613,2005.8923,135.0000,2,2,0
23.7919,45,130,G45_V130_2,1875.9613,1870.8923,135.0000,3,2,1
23.7919,45,130,G45_V130_3,2010.9613,1735.8923,135.0000,4,2,1
23.8023,27,9,G27_V9_0,1599.8413,1370.9542,135.0000,1,2,0
23.8023,27,9,G27_V9_1,1464.8413,1505.9542,135.0000,2,2,0
23.8023,27,9,G27_V9_2,1329.8413,1370.9542,135.0000,3,2,1
23.8023,27,9,G27_V9_3,1464.8413,1235.9542,135.0000,4,2,1
23.8038,12,11,G12_V11_0,1899.0864,922.8930,135.0000,1,2,0
23.8038,12,11,G12_V11_1,1764.0864,1057.8930,135.0000,2,2,0
23.8038,12,11,G12_V11_2,1629.0864,922.8930,135.0000,3,2,1
23.8038,12,11,G12_V11_3,1764.0864,787.8930,135.0000,4,2,1
23.8171,27,29,G27_V29_0,1809.2668,1267.3036,135.0000,1,2,0
23.8171,27,29,G27_V29_1,1674.2668,1402.3036,135.0000,2,2,0
23.8171,27,29,G27_V29_2,1539.2668,1267.3036,135.0000,3,2,1
23.8171,27,29,G27_V29_3,1674.2668,1132.3036,135.0000,4,2,1
23.8371,20,56,G20_V56_0,1920.4900,1041.1400,135.0000,1,2,0
23.8371,20,56,G20_V56_1,1785.4900,1176.1400,135.0000,2,2,0
23.8371,20,56,G20_V56_2,1650.4900,1041.1400,135.0000,3,2,1
23.8371,20,56,G20_V56_3,1785.4900,906.1400,135.0000,4,2,1
23.8401,19,60,G19_V60_0,1632.1500,1007.1400,135.0000,1,2,0
23.8401,19,60,G19_V60_1,1497.1500,1142.1400,135.0000,2,2,0
23.8401,19,60,G19_V60_2,1362.1500,1007.1400,135.0000,3,2,1
23.8401,19,60,G19_V60_3,1497.1500,872.1400,135.0000,4,2,1
23.8438,20,65,G20_V65_0,1854.1300,979.9800,135.0000,1,2,0
23.8438,20,65,G20_V65_1,1719.1300,1114.9800,135.0000,2,2,0
23.8438,20,65,G20_V65_2,1584.1300,979.9800,135.0000,3,2,1
23.8438,20,65,G20_V65_3,1719.1300,844.9800,135.0000,4,2,1
23.8534,18,78,G18_V78_0,1580.1200,997.3300,135.0000,1,2,0
23.8534,18,78,G18_V78_1,1445.1200,1132.3300,135.0000,2,2,0
23.8534,18,78,G18_V78_2,1310.1200,997.3300,135.0000,3,2,1
23.8534,18,78,G18_V78_3,1445.1200,862.3300,135.0000,4,2,1
23.8542,19,79,G19_V79_0,1758.2493,1175.2341,135.0000,1,2,0
23.8542,19,79,G19_V79_1,1623.2493,1310.2341,135.0000,2,2,0
23.8542,19,79,G19_V79_2,1488.2493,1175.2341,135.0000,3,2,1
23.8542,19,79,G19_V79_3,1623.2493,1040.2341,135.0000,4,2,1
23.8594,36,86,G36_V86_0,1951.8286,1692.9803,135.0000,1,2,0
23.8594,36,86,G36_V86_1,1816.8286,1827.9803,135.0000,2,2,0
23.8594,36,86,G36_V86_2,1681.8286,1692.9803,135.0000,3,2,1
23.8594,36,86,G36_V86_3,1816.8286,1557.9803,135.0000,4,2,1
23.8645,19,93,G19_V93_0,1625.2300,1006.1300,135.0000,1,2,0
23.8645,19,93,G19_V93_1,1490.2300,1141.1300,135.0000,2,2,0
23.8645,19,93,G19_V93_2,1355.2300,1006.1300,135.0000,3,2,1
23.8645,19,93,G19_V93_3,1490.2300,871.1300,135.0000,4,2,1
23.8660,26,95,G26_V95_0,1373.8374,1306.1109,135.0000,1,2,0
23.8660,26,95,G26_V95_1,1238.8374,1441.1109,135.0000,2,2,0
23.8660,26,95,G26_V95_2,1103.8374,1306.1109,135.0000,3,2,1
23.8660,26,95,G26_V95_3,1238.8374,1171.1109,135.0000,4,2,1
23.8668,19,96,G19_V96_0,1735.1402,1129.9276,135.0000,1,2,0
23.8668,19,96,G19_V96_1,1600.1402,1264.9276,135.0000,2,2,0
23.8668,19,96,G19_V96_2,1465.1402,1129.9276,135.0000,3,2,1
23.8668,19,96,G19_V96_3,1600.1402,994.9276,135.0000,4,2,1
23.8705,10,101,G10_V101_0,1553.0700,805.7800,135.0000,1,2,0
23.8705,10,101,G10_V101_1,1418.0700,940.7800,135.0000,2,2,0
23.8705,10,101,G10_V101_2,1283.0700,805.7800,135.0000,3,2,1
23.8705,10,101,G10_V101_3,1418.0700,670.7800,135.0000,4,2,1
23.8816,27,116,G27_V116_0,1796.9160,1290.7512,135.0000,1,2,0
23.8816,27,116,G27_V116_1,1661.9160,1425.7512,135.0000,2,2,0
23.8816,27,116,G27_V116_2,1526.9160,1290.7512,135.0000,3,2,1
23.8816,27,116,G27_V116_3,1661.9160,1155.7512,135.0000,4,2,1
23.8912,19,129,G19_V129_0,1594.9300,998.1300,135.0000,1,2,0
23.8912,19,129,G19_V129_1,1459.9300,1133.1300,135.0000,2,2,0
23.8912,19,129,G19_V129_2,1324.9300,998.1300,135.0000,3,2,1
23.8912,19,129,G19_V129_3,1459.9300,863.1300,135.0000,4,2,1
23.8919,45,130,G45_V130_0,2144.6556,1870.6552,135.0000,1,2,0
23.8919,45,130,G45_V130_1,2009.6556,2005.6552,135.0000,2,2,0
23.8919,45,130,G45_V130_2,1874.6556,1870.6552,135.0000,3,2,1
23.8919,45,130,G45_V130_3,2009.6556,1735.6552,135.0000,4,2,1
23.9023,27,9,G27_V9_0,1599.1138,1371.2156,135.0000,1,2,0
23.9023,27,9,G27_V9_1,1464.1138,1506.2156,135.0000,2,2,0
23.9023,27,9,G27_V9_2,1329.1138,1371.2156,135.0000,3,2,1
23.9023,27,9,G27_V9_3,1464.1138,1236.2156,135.0000,4,2,1
23.9038,12,11,G12_V11_0,1897.7807,923.8452,135.0000,1,2,0
23.9038,12,11,G12_V11_1,1762.7807,1058.8452,135.0000,2,2,0
23.9038,12,11,G12_V11_2,1627.7807,923.8452,135.0000,3,2,1
23.9038,12,11,G12_V11_3,1762.7807,788.8452,135.0000,4,2,1
23.9171,27,29,G27_V29_0,1809.2721,1267.3143,135.0000,1,2,0
23.9171,27,29,G27_V29_1,1674.2721,1402.3143,135.0000,2,2,0
23.9171,27,29,G27_V29_2,1539.2721,1267.3143,135.0000,3,2,1
23.9171,27,29,G27_V29_3,1674.2721,1132.3143,135.0000,4,2,1
23.9371,20,56,G20_V56_0,1920.4900,1041.1400,135.0000,1,2,0
23.9371,20,56,G20_V56_1,1785.4900,1176.1400,135.0000,2,2,0
23.9371,20,56,G20_V56_2,1650.4900,1041.1400,135.0000,3,2,1
23.9371,20,56,G20_V56_3,1785.4900,906.1400,135.0000,4,2,1
23.9401,19,60,G19_V60_0,1632.1500,1007.1400,135.0000,1,2,0
23.9401,19,60,G19_V60_1,1497.1500,1142.1400,135.0000,2,2,0
23.9401,19,60,G19_V60_2,1362.1500,1007.1400,135.0000,3,2,1
23.9401,19,60,G19_V60_3,1497.1500,872.1400,135.0000,4,2,1
23.9438,20,65,G20_V65_0,1854.1300,979.9800,135.0000,1,2,0
23.9438,20,65,G20_V65_1,1719.1300,1114.9800,135.0000,2,2,0
23.9438,20,65,G20_V65_2,1584.1300,979.9800,135.0000,3,2,1
23.9438,20,65,G20_V65_3,1719.1300,844.9800,135.0000,4,2,1
23.9534,18,78,G18_V78_0,1580.1200,997.3300,135.0000,1,2,0
23.9534,18,78,G18_V78_1,1445.1200,1132.3300,135.0000,2,2,0
23.9534,18,78,G18_V78_2,1310.1200,997.3300,135.0000,3,2,1
23.9534,18,78,G18_V78_3,1445.1200,862.3300,135.0000,4,2,1
23.9542,19,79,G19_V79_0,1758.8089,1176.3563,135.0000,1,2,0
23.9542,19,79,G19_V79_1,1623.8089,1311.3563,135.0000,2,2,0
23.9542,19,79,G19_V79_2,1488.8089,1176.3563,135.0000,3,2,1
23.9542,19,79,G19_V79_3,1623.8089,1041.3563,135.0000,4,2,1
23.9594,36,86,G36_V86_0,1951.6165,1691.7799,135.0000,1,2,0
23.9594,36,86,G36_V86_1,1816.6165,1826.7799,135.0000,2,2,0
23.9594,36,86,G36_V86_2,1681.6165,1691.7799,135.0000,3,2,1
23.9594,36,86,G36_V86_3,1816.6165,1556.7799,135.0000,4,2,1
23.9645,19,93,G19_V93_0,1625.2300,1006.1300,135.0000,1,2,0
23.9645,19,93,G19_V93_1,1490.2300,1141.1300,135.0000,2,2,0
23.9645,19,93,G19_V93_2,1355.2300,1006.1300,135.0000,3,2,1
23.9645,19,93,G19_V93_3,1490.2300,871.1300,135.0000,4,2,1
23.9660,26,95,G26_V95_0,1373.1007,1306.1550,135.0000,1,2,0
23.9660,26,95,G26_V95_1,1238.1007,1441.1550,135.0000,2,2,0
23.9660,26,95,G26_V95_2,1103.1007,1306.1550,135.0000,3,2,1
23.9660,26,95,G26_V95_3,1238.1007,1171.1550,135.0000,4,2,1
23.9668,19,96,G19_V96_0,1735.5048,1130.6058,135.0000,1,2,0
23.9668,19,96,G19_V96_1,1600.5048,1265.6058,135.0000,2,2,0
23.9668,19,96,G19_V96_2,1465.5048,1130.6058,135.0000,3,2,1
23.9668,19,96,G19_V96_3,1600.5048,995.6058,135.0000,4,2,1
23.9705,10,101,G10_V101_0,1553.0700,805.7800,135.0000,1,2,0
23.9705,10,101,G10_V101_1,1418.0700,940.7800,135.0000,2,2,0
23.9705,10,101,G10_V101_2,1283.0700,805.7800,135.0000,3,2,1
23.9705,10,101,G10_V101_3,1418.0700,670.7800,135.0000,4,2,1
23.9816,27,116,G27_V116_0,1796.0204,1291.0268,135.0000,1,2,0
23.9816,27,116,G27_V116_1,1661.0204,1426.0268,135.0000,2,2,0
23.9816,27,116,G27_V116_2,1526.0204,1291.0268,135.0000,3,2,1
23.9816,27,116,G27_V116_3,1661.0204,1156.0268,135.0000,4,2,1
23.9912,19,129,G19_V129_0,1594.9300,998.1300,135.0000,1,2,0
23.9912,19,129,G19_V129_1,1459.9300,1133.1300,135.0000,2,2,0
23.9912,19,129,G19_V129_2,1324.9300,998.1300,135.0000,3,2,1
23.9912,19,129,G19_V129_3,1459.9300,863.1300,135.0000,4,2,1
23.9920,45,130,G45_V130_0,2143.3500,1870.4181,135.0000,1,2,0
23.9920,45,130,G45_V130_1,2008.3500,2005.4181,135.0000,2,2,0
23.9920,45,130,G45_V130_2,1873.3500,1870.4181,135.0000,3,2,1
23.9920,45,130,G45_V130_3,2008.3500,1735.4181,135.0000,4,2,1
24.0023,27,9,G27_V9_0,1598.3841,1371.4777,135.0000,1,2,0
24.0023,27,9,G27_V9_1,1463.3841,1506.4777,135.0000,2,2,0
24.0023,27,9,G27_V9_2,1328.3841,1371.4777,135.0000,3,2,1
24.0023,27,9,G27_V9_3,1463.3841,1236.4777,135.0000,4,2,1
24.0038,12,11,G12_V11_0,1896.4915,924.7855,135.0000,1,2,0
24.0038,12,11,G12_V11_1,1761.4915,1059.7855,135.0000,2,2,0
24.0038,12,11,G12_V11_2,1626.4915,924.7855,135.0000,3,2,1
24.0038,12,11,G12_V11_3,1761.4915,789.7855,135.0000,4,2,1
24.0171,27,29,G27_V29_0,1809.2770,1267.3240,135.0000,1,2,0
24.0171,27,29,G27_V29_1,1674.2770,1402.3240,135.0000,2,2,0
24.0171,27,29,G27_V29_2,1539.2770,1267.3240,135.0000,3,2,1
24.0171,27,29,G27_V29_3,1674.2770,1132.3240,135.0000,4,2,1
24.0371,20,56,G20_V56_0,1920.4900,1041.1400,135.0000,1,2,0
24.0371,20,56,G20_V56_1,1785.4900,1176.1400,135.0000,2,2,0
24.0371,20,56,G20_V56_2,1650.4900,1041.1400,135.0000,3,2,1
24.0371,20,56,G20_V56_3,1785.4900,906.1400,135.0000,4,2,1
24.0401,19,60,G19_V60_0,1632.1500,1007.1400,135.0000,1,2,0
24.0401,19,60,G19_V60_1,1497.1500,1142.1400,135.0000,2,2,0
24.0401,19,60,G19_V60_2,1362.1500,1007.1400,135.0000,3,2,1
24.0401,19,60,G19_V60_3,1497.1500,872.1400,135.0000,4,2,1
24.0438,20,65,G20_V65_0,1854.1300,979.9800,135.0000,1,2,0
24.0438,20,65,G20_V65_1,1719.1300,1114.9800,135.0000,2,2,0
24.0438,20,65,G20_V65_2,1584.1300,979.9800,135.0000,3,2,1
24.0438,20,65,G20_V65_3,1719.1300,844.9800,135.0000,4,2,1
24.0534,18,78,G18_V78_0,1580.1200,997.3300,135.0000,1,2,0
24.0534,18,78,G18_V78_1,1445.1200,1132.3300,135.0000,2,2,0
24.0534,18,78,G18_V78_2,1310.1200,997.3300,135.0000,3,2,1
24.0534,18,78,G18_V78_3,1445.1200,862.3300,135.0000,4,2,1
24.0542,19,79,G19_V79_0,1759.3770,1177.4226,135.0000,1,2,0
24.0542,19,79,G19_V79_1,1624.3770,1312.4226,135.0000,2,2,0
24.0542,19,79,G19_V79_2,1489.3770,1177.4226,135.0000,3,2,1
24.0542,19,79,G19_V79_3,1624.3770,1042.4226,135.0000,4,2,1
24.0594,36,86,G36_V86_0,1951.4129,1690.6268,135.0000,1,2,0
24.0594,36,86,G36_V86_1,1816.4129,1825.6268,135.0000,2,2,0
24.0594,36,86,G36_V86_2,1681.4129,1690.6268,135.0000,3,2,1
24.0594,36,86,G36_V86_3,1816.4129,1555.6268,135.0000,4,2,1
24.0645,19,93,G19_V93_0,1625.2300,1006.1300,135.0000,1,2,0
24.0645,19,93,G19_V93_1,1490.2300,1141.1300,135.0000,2,2,0
24.0645,19,93,G19_V93_2,1355.2300,1006.1300,135.0000,3,2,1
24.0645,19,93,G19_V93_3,1490.2300,871.1300,135.0000,4,2,1
24.0660,26,95,G26_V95_0,1372.3119,1306.1944,135.0000,1,2,0
24.0660,26,95,G26_V95_1,1237.3119,1441.1944,135.0000,2,2,0
24.0660,26,95,G26_V95_2,1102.3119,1306.1944,135.0000,3,2,1
24.0660,26,95,G26_V95_3,1237.3119,1171.1944,135.0000,4,2,1
24.0668,19,96,G19_V96_0,1735.9015,1131.3423,135.0000,1,2,0
24.0668,19,96,G19_V96_1,1600.9015,1266.3423,135.0000,2,2,0
24.0668,19,96,G19_V96_2,1465.9015,1131.3423,135.0000,3,2,1
24.0668,19,96,G19_V96_3,1600.9015,996.3423,135.0000,4,2,1
24.0705,10,101,G10_V101_0,1553.0700,805.7800,135.0000,1,2,0
24.0705,10,101,G10_V101_1,1418.0700,940.7800,135.0000,2,2,0
24.0705,10,101,G10_V101_2,1283.0700,805.7800,135.0000,3,2,1
24.0705,10,101,G10_V101_3,1418.0700,670.7800,135.0000,4,2,1
24.0816,27,116,G27_V116_0,1795.1000,1291.3297,135.0000,1,2,0
24.0816,27,116,G27_V116_1,1660.1000,1426.3297,135.0000,2,2,0
24.0816,27,116,G27_V116_2,1525.1000,1291.3297,135.0000,3,2,1
24.0816,27,116,G27_V116_3,1660.1000,1156.3297,135.0000,4,2,1
24.0912,19,129,G19_V129_0,1594.9300,998.1300,135.0000,1,2,0
24.0912,19,129,G19_V129_1,1459.9300,1133.1300,135.0000,2,2,0
24.0912,19,129,G19_V129_2,1324.9300,998.1300,135.0000,3,2,1
24.0912,19,129,G19_V129_3,1459.9300,863.1300,135.0000,4,2,1
24.0919,45,130,G45_V130_0,2141.8920,1870.4773,135.0000,1,2,0
24.0919,45,130,G45_V130_1,2006.8920,2005.4773,135.0000,2,2,0
24.0919,45,130,G45_V130_2,1871.8920,1870.4773,135.0000,3,2,1
24.0919,45,130,G45_V130_3,2006.8920,1735.4773,135.0000,4,2,1
24.1023,27,9,G27_V9_0,1597.5570,1371.7753,135.0000,1,2,0
24.1023,27,9,G27_V9_1,1462.5570,1506.7753,135.0000,2,2,0
24.1023,27,9,G27_V9_2,1327.5570,1371.7753,135.0000,3,2,1
24.1023,27,9,G27_V9_3,1462.5570,1236.7753,135.0000,4,2,1
24.1038,12,11,G12_V11_0,1895.1808,925.7427,135.0000,1,2,0
24.1038,12,11,G12_V11_1,1760.1808,1060.7427,135.0000,2,2,0
24.1038,12,11,G12_V11_2,1625.1808,925.7427,135.0000,3,2,1
24.1038,12,11,G12_V11_3,1760.1808,790.7427,135.0000,4,2,1
24.1171,27,29,G27_V29_0,1809.2792,1267.3285,135.0000,1,2,0
24.1171,27,29,G27_V29_1,1674.2792,1402.3285,135.0000,2,2,0
24.1171,27,29,G27_V29_2,1539.2792,1267.3285,135.0000,3,2,1
24.1171,27,29,G27_V29_3,1674.2792,1132.3285,135.0000,4,2,1
24.1371,20,56,G20_V56_0,1920.4900,1041.1400,135.0000,1,2,0
24.1371,20,56,G20_V56_1,1785.4900,1176.1400,135.0000,2,2,0
24.1371,20,56,G20_V56_2,1650.4900,1041.1400,135.0000,3,2,1
24.1371,20,56,G20_V56_3,1785.4900,906.1400,135.0000,4,2,1
24.1401,19,60,G19_V60_0,1632.1500,1007.1400,135.0000,1,2,0
24.1401,19,60,G19_V60_1,1497.1500,1142.1400,135.0000,2,2,0
24.1401,19,60,G19_V60_2,1362.1500,1007.1400,135.0000,3,2,1
24.1401,19,60,G19_V60_3,1497.1500,872.1400,135.0000,4,2,1
24.1438,20,65,G20_V65_0,1854.1300,979.9800,135.0000,1,2,0
24.1438,20,65,G20_V65_1,1719.1300,1114.9800,135.0000,2,2,0
24.1438,20,65,G20_V65_2,1584.1300,979.9800,135.0000,3,2,1
24.1438,20,65,G20_V65_3,1719.1300,844.9800,135.0000,4,2,1
24.1534,18,78,G18_V78_0,1580.1200,997.3300,135.0000,1,2,0
24.1534,18,78,G18_V78_1,1445.1200,1132.3300,135.0000,2,2,0
24.1534,18,78,G18_V78_2,1310.1200,997.3300,135.0000,3,2,1
24.1534,18,78,G18_V78_3,1445.1200,862.3300,135.0000,4,2,1
24.1542,19,79,G19_V79_0,1759.9524,1178.4414,135.0000,1,2,0
24.1542,19,79,G19_V79_1,1624.9524,1313.4414,135.0000,2,2,0
24.1542,19,79,G19_V79_2,1489.9524,1178.4414,135.0000,3,2,1
24.1542,19,79,G19_V79_3,1624.9524,1043.4414,135.0000,4,2,1
24.1593,36,86,G36_V86_0,1951.2149,1689.5061,135.0000,1,2,0
24.1593,36,86,G36_V86_1,1816.2149,1824.5061,135.0000,2,2,0
24.1593,36,86,G36_V86_2,1681.2149,1689.5061,135.0000,3,2,1
24.1593,36,86,G36_V86_3,1816.2149,1554.5061,135.0000,4,2,1
24.1645,19,93,G19_V93_0,1625.2300,1006.1300,135.0000,1,2,0
24.1645,19,93,G19_V93_1,1490.2300,1141.1300,135.0000,2,2,0
24.1645,19,93,G19_V93_2,1355.2300,1006.1300,135.0000,3,2,1
24.1645,19,93,G19_V93_3,1490.2300,871.1300,135.0000,4,2,1
24.1660,26,95,G26_V95_0,1371.4958,1306.2314,135.0000,1,2,0
24.1660,26,95,G26_V95_1,1236.4958,1441.2314,135.0000,2,2,0
24.1660,26,95,G26_V95_2,1101.4958,1306.2314,135.0000,3,2,1
24.1660,26,95,G26_V95_3,1236.4958,1171.2314,135.0000,4,2,1
24.1668,19,96,G19_V96_0,1736.3238,1132.1257,135.0000,1,2,0
24.1668,19,96,G19_V96_1,1601.3238,1267.1257,135.0000,2,2,0
24.1668,19,96,G19_V96_2,1466.3238,1132.1257,135.0000,3,2,1
24.1668,19,96,G19_V96_3,1601.3238,997.1257,135.0000,4,2,1
24.1705,10,101,G10_V101_0,1553.0700,805.7800,135.0000,1,2,0
24.1705,10,101,G10_V101_1,1418.0700,940.7800,135.0000,2,2,0
24.1705,10,101,G10_V101_2,1283.0700,805.7800,135.0000,3,2,1
24.1705,10,101,G10_V101_3,1418.0700,670.7800,135.0000,4,2,1
24.1816,27,116,G27_V116_0,1794.1426,1291.6485,135.0000,1,2,0
24.1816,27,116,G27_V116_1,1659.1426,1426.6485,135.0000,2,2,0
24.1816,27,116,G27_V116_2,1524.1426,1291.6485,135.0000,3,2,1
24.1816,27,116,G27_V116_3,1659.1426,1156.6485,135.0000,4,2,1
24.1912,19,129,G19_V129_0,1594.9300,998.1300,135.0000,1,2,0
24.1912,19,129,G19_V129_1,1459.9300,1133.1300,135.0000,2,2,0
24.1912,19,129,G19_V129_2,1324.9300,998.1300,135.0000,3,2,1
24.1912,19,129,G19_V129_3,1459.9300,863.1300,135.0000,4,2,1
24.1919,45,130,G45_V130_0,2140.4205,1870.5629,135.0000,1,2,0
24.1919,45,130,G45_V130_1,2005.4205,2005.5629,135.0000,2,2,0
24.1919,45,130,G45_V130_2,1870.4205,1870.5629,135.0000,3,2,1
24.1919,45,130,G45_V130_3,2005.4205,1735.5629,135.0000,4,2,1
24.2023,27,9,G27_V9_0,1596.7299,1372.0728,135.0000,1,2,0
24.2023,27,9,G27_V9_1,1461.7299,1507.0728,135.0000,2,2,0
24.2023,27,9,G27_V9_2,1326.7299,1372.0728,135.0000,3,2,1
24.2023,27,9,G27_V9_3,1461.7299,1237.0728,135.0000,4,2,1
24.2038,12,11,G12_V11_0,1893.8701,926.6999,135.0000,1,2,0
24.2038,12,11,G12_V11_1,1758.8701,1061.6999,135.0000,2,2,0
24.2038,12,11,G12_V11_2,1623.8701,926.6999,135.0000,3,2,1
24.2038,12,11,G12_V11_3,1758.8701,791.6999,135.0000,4,2,1
24.2171,27,29,G27_V29_0,1809.2815,1267.3329,135.0000,1,2,0
24.2171,27,29,G27_V29_1,1674.2815,1402.3329,135.0000,2,2,0
24.2171,27,29,G27_V29_2,1539.2815,1267.3329,135.0000,3,2,1
24.2171,27,29,G27_V29_3,1674.2815,1132.3329,135.0000,4,2,1
24.2371,20,56,G20_V56_0,1920.4900,1041.1400,135.0000,1,2,0
24.2371,20,56,G20_V56_1,1785.4900,1176.1400,135.0000,2,2,0
24.2371,20,56,G20_V56_2,1650.4900,1041.1400,135.0000,3,2,1
24.2371,20,56,G20_V56_3,1785.4900,906.1400,135.0000,4,2,1
24.2401,19,60,G19_V60_0,1632.1500,1007.1400,135.0000,1,2,0
24.2401,19,60,G19_V60_1,1497.1500,1142.1400,135.0000,2,2,0
24.2401,19,60,G19_V60_2,1362.1500,1007.1400,135.0000,3,2,1
24.2401,19,60,G19_V60_3,1497.1500,872.1400,135.0000,4,2,1
24.2438,20,65,G20_V65_0,1854.1300,979.9800,135.0000,1,2,0
24.2438,20,65,G20_V65_1,1719.1300,1114.9800,135.0000,2,2,0
24.2438,20,65,G20_V65_2,1584.1300,979.9800,135.0000,3,2,1
24.2438,20,65,G20_V65_3,1719.1300,844.9800,135.0000,4,2,1
24.2534,18,78,G18_V78_0,1580.1200,997.3300,135.0000,1,2,0
24.2534,18,78,G18_V78_1,1445.1200,1132.3300,135.0000,2,2,0
24.2534,18,78,G18_V78_2,1310.1200,997.3300,135.0000,3,2,1
24.2534,18,78,G18_V78_3,1445.1200,862.3300,135.0000,4,2,1
24.2542,19,79,G19_V79_0,1760.5277,1179.4601,135.0000,1,2,0
24.2542,19,79,G19_V79_1,1625.5277,1314.4601,135.0000,2,2,0
24.2542,19,79,G19_V79_2,1490.5277,1179.4601,135.0000,3,2,1
24.2542,19,79,G19_V79_3,1625.5277,1044.4601,135.0000,4,2,1
24.2594,36,86,G36_V86_0,1951.0170,1688.3854,135.0000,1,2,0
24.2594,36,86,G36_V86_1,1816.0170,1823.3854,135.0000,2,2,0
24.2594,36,86,G36_V86_2,1681.0170,1688.3854,135.0000,3,2,1
24.2594,36,86,G36_V86_3,1816.0170,1553.3854,135.0000,4,2,1
24.2645,19,93,G19_V93_0,1625.2300,1006.1300,135.0000,1,2,0
24.2645,19,93,G19_V93_1,1490.2300,1141.1300,135.0000,2,2,0
24.2645,19,93,G19_V93_2,1355.2300,1006.1300,135.0000,3,2,1
24.2645,19,93,G19_V93_3,1490.2300,871.1300,135.0000,4,2,1
24.2660,26,95,G26_V95_0,1370.6796,1306.2684,135.0000,1,2,0
24.2660,26,95,G26_V95_1,1235.6796,1441.2684,135.0000,2,2,0
24.2660,26,95,G26_V95_2,1100.6796,1306.2684,135.0000,3,2,1
24.2660,26,95,G26_V95_3,1235.6796,1171.2684,135.0000,4,2,1
24.2668,19,96,G19_V96_0,1736.7462,1132.9091,135.0000,1,2,0
24.2668,19,96,G19_V96_1,1601.7462,1267.9091,135.0000,2,2,0
24.2668,19,96,G19_V96_2,1466.7462,1132.9091,135.0000,3,2,1
24.2668,19,96,G19_V96_3,1601.7462,997.9091,135.0000,4,2,1
24.2705,10,101,G10_V101_0,1553.0700,805.7800,135.0000,1,2,0
24.2705,10,101,G10_V101_1,1418.0700,940.7800,135.0000,2,2,0
24.2705,10,101,G10_V101_2,1283.0700,805.7800,135.0000,3,2,1
24.2705,10,101,G10_V101_3,1418.0700,670.7800,135.0000,4,2,1
24.2816,27,116,G27_V116_0,1793.1853,1291.9673,135.0000,1,2,0
24.2816,27,116,G27_V116_1,1658.1853,1426.9673,135.0000,2,2,0
24.2816,27,116,G27_V116_2,1523.1853,1291.9673,135.0000,3,2,1
24.2816,27,116,G27_V116_3,1658.1853,1156.9673,135.0000,4,2,1
24.2912,19,129,G19_V129_0,1594.9300,998.1300,135.0000,1,2,0
24.2912,19,129,G19_V129_1,1459.9300,1133.1300,135.0000,2,2,0
24.2912,19,129,G19_V129_2,1324.9300,998.1300,135.0000,3,2,1
24.2912,19,129,G19_V129_3,1459.9300,863.1300,135.0000,4,2,1
24.2919,45,130,G45_V130_0,2138.9489,1870.6485,135.0000,1,2,0
24.2919,45,130,G45_V130_1,2003.9489,2005.6485,135.0000,2,2,0
24.2919,45,130,G45_V130_2,1868.9489,1870.6485,135.0000,3,2,1
24.2919,45,130,G45_V130_3,2003.9489,1735.6485,135.0000,4,2,1
24.3023,27,9,G27_V9_0,1595.9028,1372.3704,135.0000,1,2,0
24.3023,27,9,G27_V9_1,1460.9028,1507.3704,135.0000,2,2,0
24.3023,27,9,G27_V9_2,1325.9028,1372.3704,135.0000,3,2,1
24.3023,27,9,G27_V9_3,1460.9028,1237.3704,135.0000,4,2,1
24.3038,12,11,G12_V11_0,1892.5594,927.6571,135.0000,1,2,0
24.3038,12,11,G12_V11_1,1757.5594,1062.6571,135.0000,2,2,0
24.3038,12,11,G12_V11_2,1622.5594,927.6571,135.0000,3,2,1
24.3038,12,11,G12_V11_3,1757.5594,792.6571,135.0000,4,2,1
24.3171,27,29,G27_V29_0,1809.2837,1267.3374,135.0000,1,2,0
24.3171,27,29,G27_V29_1,1674.2837,1402.3374,135.0000,2,2,0
24.3171,27,29,G27_V29_2,1539.2837,1267.3374,135.0000,3,2,1
24.3171,27,29,G27_V29_3,1674.2837,1132.3374,135.0000,4,2,1
24.3371,20,56,G20_V56_0,1920.4900,1041.1400,135.0000,1,2,0
24.3371,20,56,G20_V56_1,1785.4900,1176.1400,135.0000,2,2,0
24.3371,20,56,G20_V56_2,1650.4900,1041.1400,135.0000,3,2,1
24.3371,20,56,G20_V56_3,1785.4900,906.1400,135.0000,4,2,1
24.3401,19,60,G19_V60_0,1632.1500,1007.1400,135.0000,1,2,0
24.3401,19,60,G19_V60_1,1497.1500,1142.1400,135.0000,2,2,0
24.3401,19,60,G19_V60_2,1362.1500,1007.1400,135.0000,3,2,1
24.3401,19,60,G19_V60_3,1497.1500,872.1400,135.0000,4,2,1
24.3438,20,65,G20_V65_0,1854.1300,979.9800,135.0000,1,2,0
24.3438,20,65,G20_V65_1,1719.1300,1114.9800,135.0000,2,2,0
24.3438,20,65,G20_V65_2,1584.1300,979.9800,135.0000,3,2,1
24.3438,20,65,G20_V65_3,1719.1300,844.9800,135.0000,4,2,1
24.3534,18,78,G18_V78_0,1580.1200,997.3300,135.0000,1,2,0
24.3534,18,78,G18_V78_1,1445.1200,1132.3300,135.0000,2,2,0
24.3534,18,78,G18_V78_2,1310.1200,997.3300,135.0000,3,2,1
24.3534,18,78,G18_V78_3,1445.1200,862.3300,135.0000,4,2,1
24.3542,19,79,G19_V79_0,1761.1031,1180.4789,135.0000,1,2,0
24.3542,19,79,G19_V79_1,1626.1031,1315.4789,135.0000,2,2,0
24.3542,19,79,G19_V79_2,1491.1031,1180.4789,135.0000,3,2,1
24.3542,19,79,G19_V79_3,1626.1031,1045.4789,135.0000,4,2,1
24.3594,36,86,G36_V86_0,1950.8190,1687.2648,135.0000,1,2,0
24.3594,36,86,G36_V86_1,1815.8190,1822.2648,135.0000,2,2,0
24.3594,36,86,G36_V86_2,1680.8190,1687.2648,135.0000,3,2,1
24.3594,36,86,G36_V86_3,1815.8190,1552.2648,135.0000,4,2,1
24.3645,19,93,G19_V93_0,1625.2300,1006.1300,135.0000,1,2,0
24.3645,19,93,G19_V93_1,1490.2300,1141.1300,135.0000,2,2,0
24.3645,19,93,G19_V93_2,1355.2300,1006.1300,135.0000,3,2,1
24.3645,19,93,G19_V93_3,1490.2300,871.1300,135.0000,4,2,1
24.3660,26,95,G26_V95_0,1369.8635,1306.3054,135.0000,1,2,0
24.3660,26,95,G26_V95_1,1234.8635,1441.3054,135.0000,2,2,0
24.3660,26,95,G26_V95_2,1099.8635,1306.3054,135.0000,3,2,1
24.3660,26,95,G26_V95_3,1234.8635,1171.3054,135.0000,4,2,1
24.3668,19,96,G19_V96_0,1737.1685,1133.6926,135.0000,1,2,0
24.3668,19,96,G19_V96_1,1602.1685,1268.6926,135.0000,2,2,0
24.3668,19,96,G19_V96_2,1467.1685,1133.6926,135.0000,3,2,1
24.3668,19,96,G19_V96_3,1602.1685,998.6926,135.0000,4,2,1
24.3705,10,101,G10_V101_0,1553.0700,805.7800,135.0000,1,2,0
24.3705,10,101,G10_V101_1,1418.0700,940.7800,135.0000,2,2,0
24.3705,10,101,G10_V101_2,1283.0700,805.7800,135.0000,3,2,1
24.3705,10,101,G10_V101_3,1418.0700,670.7800,135.0000,4,2,1
24.3816,27,116,G27_V116_0,1792.2280,1292.2861,135.0000,1,2,0
24.3816,27,116,G27_V116_1,1657.2280,1427.2861,135.0000,2,2,0
24.3816,27,116,G27_V116_2,1522.2280,1292.2861,135.0000,3,2,1
24.3816,27,116,G27_V116_3,1657.2280,1157.2861,135.0000,4,2,1
24.3912,19,129,G19_V129_0,1594.9300,998.1300,135.0000,1,2,0
24.3912,19,129,G19_V129_1,1459.9300,1133.1300,135.0000,2,2,0
24.3912,19,129,G19_V129_2,1324.9300,998.1300,135.0000,3,2,1
24.3912,19,129,G19_V129_3,1459.9300,863.1300,135.0000,4,2,1
24.3919,45,130,G45_V130_0,2137.4774,1870.7341,135.0000,1,2,0
24.3919,45,130,G45_V130_1,2002.4774,2005.7341,135.0000,2,2,0
24.3919,45,130,G45_V130_2,1867.4774,1870.7341,135.0000,3,2,1
24.3919,45,130,G45_V130_3,2002.4774,1735.7341,135.0000,4,2,1
24.4023,27,9,G27_V9_0,1595.0757,1372.6679,135.0000,1,2,0
24.4023,27,9,G27_V9_1,1460.0757,1507.6679,135.0000,2,2,0
24.4023,27,9,G27_V9_2,1325.0757,1372.6679,135.0000,3,2,1
24.4023,27,9,G27_V9_3,1460.0757,1237.6679,135.0000,4,2,1
24.4038,12,11,G12_V11_0,1891.2488,928.6143,135.0000,1,2,0
24.4038,12,11,G12_V11_1,1756.2488,1063.6143,135.0000,2,2,0
24.4038,12,11,G12_V11_2,1621.2488,928.6143,135.0000,3,2,1
24.4038,12,11,G12_V11_3,1756.2488,793.6143,135.0000,4,2,1
24.4171,27,29,G27_V29_0,1809.2859,1267.3419,135.0000,1,2,0
24.4171,27,29,G27_V29_1,1674.2859,1402.3419,135.0000,2,2,0
24.4171,27,29,G27_V29_2,1539.2859,1267.3419,135.0000,3,2,1
24.4171,27,29,G27_V29_3,1674.2859,1132.3419,135.0000,4,2,1
24.4371,20,56,G20_V56_0,1920.4900,1041.1400,135.0000,1,2,0
24.4371,20,56,G20_V56_1,1785.4900,1176.1400,135.0000,2,2,0
24.4371,20,56,G20_V56_2,1650.4900,1041.1400,135.0000,3,2,1
24.4371,20,56,G20_V56_3,1785.4900,906.1400,135.0000,4,2,1
24.4401,19,60,G19_V60_0,1632.1500,1007.1400,135.0000,1,2,0
24.4401,19,60,G19_V60_1,1497.1500,1142.1400,135.0000,2,2,0
24.4401,19,60,G19_V60_2,1362.1500,1007.1400,135.0000,3,2,1
24.4401,19,60,G19_V60_3,1497.1500,872.1400,135.0000,4,2,1
24.4438,20,65,G20_V65_0,1854.1300,979.9800,135.0000,1,2,0
24.4438,20,65,G20_V65_1,1719.1300,1114.9800,135.0000,2,2,0
24.4438,20,65,G20_V65_2,1584.1300,979.9800,135.0000,3,2,1
24.4438,20,65,G20_V65_3,1719.1300,844.9800,135.0000,4,2,1
24.4534,18,78,G18_V78_0,1580.1200,997.3300,135.0000,1,2,0
24.4534,18,78,G18_V78_1,1445.1200,1132.3300,135.0000,2,2,0
24.4534,18,78,G18_V78_2,1310.1200,997.3300,135.0000,3,2,1
24.4534,18,78,G18_V78_3,1445.1200,862.3300,135.0000,4,2,1
24.4542,19,79,G19_V79_0,1761.6785,1181.4976,135.0000,1,2,0
24.4542,19,79,G19_V79_1,1626.6785,1316.4976,135.0000,2,2,0
24.4542,19,79,G19_V79_2,1491.6785,1181.4976,135.0000,3,2,1
24.4542,19,79,G19_V79_3,1626.6785,1046.4976,135.0000,4,2,1
24.4594,36,86,G36_V86_0,1950.6211,1686.1441,135.0000,1,2,0
24.4594,36,86,G36_V86_1,1815.6211,1821.1441,135.0000,2,2,0
24.4594,36,86,G36_V86_2,1680.6211,1686.1441,135.0000,3,2,1
24.4594,36,86,G36_V86_3,1815.6211,1551.1441,135.0000,4,2,1
24.4645,19,93,G19_V93_0,1625.2300,1006.1300,135.0000,1,2,0
24.4645,19,93,G19_V93_1,1490.2300,1141.1300,135.0000,2,2,0
24.4645,19,93,G19_V93_2,1355.2300,1006.1300,135.0000,3,2,1
24.4645,19,93,G19_V93_3,1490.2300,871.1300,135.0000,4,2,1
24.4660,26,95,G26_V95_0,1369.0473,1306.3424,135.0000,1,2,0
24.4660,26,95,G26_V95_1,1234.0473,1441.3424,135.0000,2,2,0
24.4660,26,95,G26_V95_2,1099.0473,1306.3424,135.0000,3,2,1
24.4660,26,95,G26_V95_3,1234.0473,1171.3424,135.0000,4,2,1
24.4668,19,96,G19_V96_0,1737.5908,1134.4760,135.0000,1,2,0
24.4668,19,96,G19_V96_1,1602.5908,1269.4760,135.0000,2,2,0
24.4668,19,96,G19_V96_2,1467.5908,1134.4760,135.0000,3,2,1
24.4668,19,96,G19_V96_3,1602.5908,999.4760,135.0000,4,2,1
24.4705,10,101,G10_V101_0,1553.0700,805.7800,135.0000,1,2,0
24.4705,10,101,G10_V101_1,1418.0700,940.7800,135.0000,2,2,0
24.4705,10,101,G10_V101_2,1283.0700,805.7800,135.0000,3,2,1
24.4705,10,101,G10_V101_3,1418.0700,670.7800,135.0000,4,2,1
24.4816,27,116,G27_V116_0,1791.2707,1292.6048,135.0000,1,2,0
24.4816,27,116,G27_V116_1,1656.2707,1427.6048,135.0000,2,2,0
24.4816,27,116,G27_V116_2,1521.2707,1292.6048,135.0000,3,2,1
24.4816,27,116,G27_V116_3,1656.2707,1157.6048,135.0000,4,2,1
24.4912,19,129,G19_V129_0,1594.9300,998.1300,135.0000,1,2,0
24.4912,19,129,G19_V129_1,1459.9300,1133.1300,135.0000,2,2,0
24.4912,19,129,G19_V129_2,1324.9300,998.1300,135.0000,3,2,1
24.4912,19,129,G19_V129_3,1459.9300,863.1300,135.0000,4,2,1
24.4920,45,130,G45_V130_0,2136.0059,1870.8197,135.0000,1,2,0
24.4920,45,130,G45_V130_1,2001.0059,2005.8197,135.0000,2,2,0
24.4920,45,130,G45_V130_2,1866.0059,1870.8197,135.0000,3,2,1
24.4920,45,130,G45_V130_3,2001.0059,1735.8197,135.0000,4,2,1
24.5023,27,9,G27_V9_0,1594.2486,1372.9655,135.0000,1,2,0
24.5023,27,9,G27_V9_1,1459.2486,1507.9655,135.0000,2,2,0
24.5023,27,9,G27_V9_2,1324.2486,1372.9655,135.0000,3,2,1
24.5023,27,9,G27_V9_3,1459.2486,1237.9655,135.0000,4,2,1
24.5038,12,11,G12_V11_0,1889.9381,929.5716,135.0000,1,2,0
24.5038,12,11,G12_V11_1,1754.9381,1064.5716,135.0000,2,2,0
24.5038,12,11,G12_V11_2,1619.9381,929.5716,135.0000,3,2,1
24.5038,12,11,G12_V11_3,1754.9381,794.5716,135.0000,4,2,1
24.5171,27,29,G27_V29_0,1809.2882,1267.3463,135.0000,1,2,0
24.5171,27,29,G27_V29_1,1674.2882,1402.3463,135.0000,2,2,0
24.5171,27,29,G27_V29_2,1539.2882,1267.3463,135.0000,3,2,1
24.5171,27,29,G27_V29_3,1674.2882,1132.3463,135.0000,4,2,1
24.5371,20,56,G20_V56_0,1920.4900,1041.1400,135.0000,1,2,0
24.5371,20,56,G20_V56_1,1785.4900,1176.1400,135.0000,2,2,0
24.5371,20,56,G20_V56_2,1650.4900,1041.1400,135.0000,3,2,1
24.5371,20,56,G20_V56_3,1785.4900,906.1400,135.0000,4,2,1
24.5401,19,60,G19_V60_0,1632.1500,1007.1400,135.0000,1,2,0
24.5401,19,60,G19_V60_1,1497.1500,1142.1400,135.0000,2,2,0
24.5401,19,60,G19_V60_2,1362.1500,1007.1400,135.0000,3,2,1
24.5401,19,60,G19_V60_3,1497.1500,872.1400,135.0000,4,2,1
24.5438,20,65,G20_V65_0,1854.1300,979.9800,135.0000,1,2,0
24.5438,20,65,G20_V65_1,1719.1300,1114.9800,135.0000,2,2,0
24.5438,20,65,G20_V65_2,1584.1300,979.9800,135.0000,3,2,1
24.5438,20,65,G20_V65_3,1719.1300,844.9800,135.0000,4,2,1
24.5534,18,78,G18_V78_0,1580.1200,997.3300,135.0000,1,2,0
24.5534,18,78,G18_V78_1,1445.1200,1132.3300,135.0000,2,2,0
24.5534,18,78,G18_V78_2,1310.1200,997.3300,135.0000,3,2,1
24.5534,18,78,G18_V78_3,1445.1200,862.3300,135.0000,4,2,1
24.5542,19,79,G19_V79_0,1762.2538,1182.5164,135.0000,1,2,0
24.5542,19,79,G19_V79_1,1627.2538,1317.5164,135.0000,2,2,0
24.5542,19,79,G19_V79_2,1492.2538,1182.5164,135.0000,3,2,1
24.5542,19,79,G19_V79_3,1627.2538,1047.5164,135.0000,4,2,1
24.5593,36,86,G36_V86_0,1950.4232,1685.0235,135.0000,1,2,0
24.5593,36,86,G36_V86_1,1815.4232,1820.0235,135.0000,2,2,0
24.5593,36,86,G36_V86_2,1680.4232,1685.0235,135.0000,3,2,1
24.5593,36,86,G36_V86_3,1815.4232,1550.0235,135.0000,4,2,1
24.5645,19,93,G19_V93_0,1625.2300,1006.1300,135.0000,1,2,0
24.5645,19,93,G19_V93_1,1490.2300,1141.1300,135.0000,2,2,0
24.5645,19,93,G19_V93_2,1355.2300,1006.1300,135.0000,3,2,1
24.5645,19,93,G19_V93_3,1490.2300,871.1300,135.0000,4,2,1
24.5660,26,95,G26_V95_0,1368.2311,1306.3794,135.0000,1,2,0
24.5660,26,95,G26_V95_1,1233.2311,1441.3794,135.0000,2,2,0
24.5660,26,95,G26_V95_2,1098.2311,1306.3794,135.0000,3,2,1
24.5660,26,95,G26_V95_3,1233.2311,1171.3794,135.0000,4,2,1
24.5668,19,96,G19_V96_0,1738.0131,1135.2594,135.0000,1,2,0
24.5668,19,96,G19_V96_1,1603.0131,1270.2594,135.0000,2,2,0
24.5668,19,96,G19_V96_2,1468.0131,1135.2594,135.0000,3,2,1
24.5668,19,96,G19_V96_3,1603.0131,1000.2594,135.0000,4,2,1
24.5705,10,101,G10_V101_0,1553.0700,805.7800,135.0000,1,2,0
24.5705,10,101,G10_V101_1,1418.0700,940.7800,135.0000,2,2,0
24.5705,10,101,G10_V101_2,1283.0700,805.7800,135.0000,3,2,1
24.5705,10,101,G10_V101_3,1418.0700,670.7800,135.0000,4,2,1
24.5816,27,116,G27_V116_0,1790.3134,1292.9236,135.0000,1,2,0
24.5816,27,116,G27_V116_1,1655.3134,1427.9236,135.0000,2,2,0
24.5816,27,116,G27_V116_2,1520.3134,1292.9236,135.0000,3,2,1
24.5816,27,116,G27_V116_3,1655.3134,1157.9236,135.0000,4,2,1
24.5912,19,129,G19_V129_0,1594.9300,998.1300,135.0000,1,2,0
24.5912,19,129,G19_V129_1,1459.9300,1133.1300,135.0000,2,2,0
24.5912,19,129,G19_V129_2,1324.9300,998.1300,135.0000,3,2,1
24.5912,19,129,G19_V129_3,1459.9300,863.1300,135.0000,4,2,1
24.5920,45,130,G45_V130_0,2134.5344,1870.9052,135.0000,1,2,0
24.5920,45,130,G45_V130_1,1999.5344,2005.9052,135.0000,2,2,0
24.5920,45,130,G45_V130_2,1864.5344,1870.9052,135.0000,3,2,1
24.5920,45,130,G45_V130_3,1999.5344,1735.9052,135.0000,4,2,1
24.6023,27,9,G27_V9_0,1593.4215,1373.2630,135.0000,1,2,0
24.6023,27,9,G27_V9_1,1458.4215,1508.2630,135.0000,2,2,0
24.6023,27,9,G27_V9_2,1323.4215,1373.2630,135.0000,3,2,1
24.6023,27,9,G27_V9_3,1458.4215,1238.2630,135.0000,4,2,1
24.6038,12,11,G12_V11_0,1888.6274,930.5288,135.0000,1,2,0
24.6038,12,11,G12_V11_1,1753.6274,1065.5288,135.0000,2,2,0
24.6038,12,11,G12_V11_2,1618.6274,930.5288,135.0000,3,2,1
24.6038,12,11,G12_V11_3,1753.6274,795.5288,135.0000,4,2,1
24.6171,27,29,G27_V29_0,1809.2904,1267.3508,135.0000,1,2,0
24.6171,27,29,G27_V29_1,1674.2904,1402.3508,135.0000,2,2,0
24.6171,27,29,G27_V29_2,1539.2904,1267.3508,135.0000,3,2,1
24.6171,27,29,G27_V29_3,1674.2904,1132.3508,135.0000,4,2,1
24.6371,20,56,G20_V56_0,1920.4900,1041.1400,135.0000,1,2,0
24.6371,20,56,G20_V56_1,1785.4900,1176.1400,135.0000,2,2,0
24.6371,20,56,G20_V56_2,1650.4900,1041.1400,135.0000,3,2,1
24.6371,20,56,G20_V56_3,1785.4900,906.1400,135.0000,4,2,1
24.6401,19,60,G19_V60_0,1632.1500,1007.1400,135.0000,1,2,0
24.6401,19,60,G19_V60_1,1497.1500,1142.1400,135.0000,2,2,0
24.6401,19,60,G19_V60_2,1362.1500,1007.1400,135.0000,3,2,1
24.6401,19,60,G19_V60_3,1497.1500,872.1400,135.0000,4,2,1
24.6438,20,65,G20_V65_0,1854.1300,979.9800,135.0000,1,2,0
24.6438,20,65,G20_V65_1,1719.1300,1114.9800,135.0000,2,2,0
24.6438,20,65,G20_V65_2,1584.1300,979.9800,135.0000,3,2,1
24.6438,20,65,G20_V65_3,1719.1300,844.9800,135.0000,4,2,1
24.6534,18,78,G18_V78_0,1580.1200,997.3300,135.0000,1,2,0
24.6534,18,78,G18_V78_1,1445.1200,1132.3300,135.0000,2,2,0
24.6534,18,78,G18_V78_2,1310.1200,997.3300,135.0000,3,2,1
24.6534,18,78,G18_V78_3,1445.1200,862.3300,135.0000,4,2,1
24.6542,19,79,G19_V79_0,1762.8292,1183.5351,135.0000,1,2,0
24.6542,19,79,G19_V79_1,1627.8292,1318.5351,135.0000,2,2,0
24.6542,19,79,G19_V79_2,1492.8292,1183.5351,135.0000,3,2,1
24.6542,19,79,G19_V79_3,1627.8292,1048.5351,135.0000,4,2,1
24.6594,36,86,G36_V86_0,1950.2252,1683.9028,135.0000,1,2,0
24.6594,36,86,G36_V86_1,1815.2252,1818.9028,135.0000,2,2,0
24.6594,36,86,G36_V86_2,1680.2252,1683.9028,135.0000,3,2,1
24.6594,36,86,G36_V86_3,1815.2252,1548.9028,135.0000,4,2,1
24.6645,19,93,G19_V93_0,1625.2300,1006.1300,135.0000,1,2,0
24.6645,19,93,G19_V93_1,1490.2300,1141.1300,135.0000,2,2,0
24.6645,19,93,G19_V93_2,1355.2300,1006.1300,135.0000,3,2,1
24.6645,19,93,G19_V93_3,1490.2300,871.1300,135.0000,4,2,1
24.6660,26,95,G26_V95_0,1367.4150,1306.4164,135.0000,1,2,0
24.6660,26,95,G26_V95_1,1232.4150,1441.4164,135.0000,2,2,0
24.6660,26,95,G26_V95_2,1097.4150,1306.4164,135.0000,3,2,1
24.6660,26,95,G26_V95_3,1232.4150,1171.4164,135.0000,4,2,1
24.6668,19,96,G19_V96_0,1738.4354,1136.0428,135.0000,1,2,0
24.6668,19,96,G19_V96_1,1603.4354,1271.0428,135.0000,2,2,0
24.6668,19,96,G19_V96_2,1468.4354,1136.0428,135.0000,3,2,1
24.6668,19,96,G19_V96_3,1603.4354,1001.0428,135.0000,4,2,1
24.6705,10,101,G10_V101_0,1553.0700,805.7800,135.0000,1,2,0
24.6705,10,101,G10_V101_1,1418.0700,940.7800,135.0000,2,2,0
24.6705,10,101,G10_V101_2,1283.0700,805.7800,135.0000,3,2,1
24.6705,10,101,G10_V101_3,1418.0700,670.7800,135.0000,4,2,1
24.6816,27,116,G27_V116_0,1789.3560,1293.2424,135.0000,1,2,0
24.6816,27,116,G27_V116_1,1654.3560,1428.2424,135.0000,2,2,0
24.6816,27,116,G27_V116_2,1519.3560,1293.2424,135.0000,3,2,1
24.6816,27,116,G27_V116_3,1654.3560,1158.2424,135.0000,4,2,1
24.6912,19,129,G19_V129_0,1594.9300,998.1300,135.0000,1,2,0
24.6912,19,129,G19_V129_1,1459.9300,1133.1300,135.0000,2,2,0
24.6912,19,129,G19_V129_2,1324.9300,998.1300,135.0000,3,2,1
24.6912,19,129,G19_V129_3,1459.9300,863.1300,135.0000,4,2,1
24.6919,45,130,G45_V130_0,2133.0629,1870.9908,135.0000,1,2,0
24.6919,45,130,G45_V130_1,1998.0629,2005.9908,135.0000,2,2,0
24.6919,45,130,G45_V130_2,1863.0629,1870.9908,135.0000,3,2,1
24.6919,45,130,G45_V130_3,1998.0629,1735.9908,135.0000,4,2,1
24.7023,27,9,G27_V9_0,1592.5944,1373.5606,135.0000,1,2,0
24.7023,27,9,G27_V9_1,1457.5944,1508.5606,135.0000,2,2,0
24.7023,27,9,G27_V9_2,1322.5944,1373.5606,135.0000,3,2,1
24.7023,27,9,G27_V9_3,1457.5944,1238.5606,135.0000,4,2,1
24.7038,12,11,G12_V11_0,1887.3168,931.4860,135.0000,1,2,0
24.7038,12,11,G12_V11_1,1752.3168,1066.4860,135.0000,2,2,0
24.7038,12,11,G12_V11_2,1617.3168,931.4860,135.0000,3,2,1
24.7038,12,11,G12_V11_3,1752.3168,796.4860,135.0000,4,2,1
24.7171,27,29,G27_V29_0,1809.2926,1267.3553,135.0000,1,2,0
24.7171,27,29,G27_V29_1,1674.2926,1402.3553,135.0000,2,2,0
24.7171,27,29,G27_V29_2,1539.2926,1267.3553,135.0000,3,2,1
24.7171,27,29,G27_V29_3,1674.2926,1132.3553,135.0000,4,2,1
24.7371,20,56,G20_V56_0,1920.4900,1041.1400,135.0000,1,2,0
24.7371,20,56,G20_V56_1,1785.4900,1176.1400,135.0000,2,2,0
24.7371,20,56,G20_V56_2,1650.4900,1041.1400,135.0000,3,2,1
24.7371,20,56,G20_V56_3,1785.4900,906.1400,135.0000,4,2,1
24.7401,19,60,G19_V60_0,1632.1500,1007.1400,135.0000,1,2,0
24.7401,19,60,G19_V60_1,1497.1500,1142.1400,135.0000,2,2,0
24.7401,19,60,G19_V60_2,1362.1500,1007.1400,135.0000,3,2,1
24.7401,19,60,G19_V60_3,1497.1500,872.1400,135.0000,4,2,1
24.7438,20,65,G20_V65_0,1854.1300,979.9800,135.0000,1,2,0
24.7438,20,65,G20_V65_1,1719.1300,1114.9800,135.0000,2,2,0
24.7438,20,65,G20_V65_2,1584.1300,979.9800,135.0000,3,2,1
24.7438,20,65,G20_V65_3,1719.1300,844.9800,135.0000,4,2,1
24.7534,18,78,G18_V78_0,1580.1200,997.3300,135.0000,1,2,0
24.7534,18,78,G18_V78_1,1445.1200,1132.3300,135.0000,2,2,0
24.7534,18,78,G18_V78_2,1310.1200,997.3300,135.0000,3,2,1
24.7534,18,78,G18_V78_3,1445.1200,862.3300,135.0000,4,2,1
24.7542,19,79,G19_V79_0,1763.4046,1184.5539,135.0000,1,2,0
24.7542,19,79,G19_V79_1,1628.4046,1319.5539,135.0000,2,2,0
24.7542,19,79,G19_V79_2,1493.4046,1184.5539,135.0000,3,2,1
24.7542,19,79,G19_V79_3,1628.4046,1049.5539,135.0000,4,2,1
24.7594,36,86,G36_V86_0,1950.0273,1682.7822,135.0000,1,2,0
24.7594,36,86,G36_V86_1,1815.0273,1817.7822,135.0000,2,2,0
24.7594,36,86,G36_V86_2,1680.0273,1682.7822,135.0000,3,2,1
24.7594,36,86,G36_V86_3,1815.0273,1547.7822,135.0000,4,2,1
24.7645,19,93,G19_V93_0,1625.2300,1006.1300,135.0000,1,2,0
24.7645,19,93,G19_V93_1,1490.2300,1141.1300,135.0000,2,2,0
24.7645,19,93,G19_V93_2,1355.2300,1006.1300,135.0000,3,2,1
24.7645,19,93,G19_V93_3,1490.2300,871.1300,135.0000,4,2,1
24.7660,26,95,G26_V95_0,1366.5988,1306.4534,135.0000,1,2,0
24.7660,26,95,G26_V95_1,1231.5988,1441.4534,135.0000,2,2,0
24.7660,26,95,G26_V95_2,1096.5988,1306.4534,135.0000,3,2,1
24.7660,26,95,G26_V95_3,1231.5988,1171.4534,135.0000,4,2,1
24.7668,19,96,G19_V96_0,1738.8577,1136.8263,135.0000,1,2,0
24.7668,19,96,G19_V96_1,1603.8577,1271.8263,135.0000,2,2,0
24.7668,19,96,G19_V96_2,1468.8577,1136.8263,135.0000,3,2,1
24.7668,19,96,G19_V96_3,1603.8577,1001.8263,135.0000,4,2,1
24.7705,10,101,G10_V101_0,1553.0700,805.7800,135.0000,1,2,0
24.7705,10,101,G10_V101_1,1418.0700,940.7800,135.0000,2,2,0
24.7705,10,101,G10_V101_2,1283.0700,805.7800,135.0000,3,2,1
24.7705,10,101,G10_V101_3,1418.0700,670.7800,135.0000,4,2,1
24.7816,27,116,G27_V116_0,1788.3987,1293.5612,135.0000,1,2,0
24.7816,27,116,G27_V116_1,1653.3987,1428.5612,135.0000,2,2,0
24.7816,27,116,G27_V116_2,1518.3987,1293.5612,135.0000,3,2,1
24.7816,27,116,G27_V116_3,1653.3987,1158.5612,135.0000,4,2,1
24.7912,19,129,G19_V129_0,1594.9300,998.1300,135.0000,1,2,0
24.7912,19,129,G19_V129_1,1459.9300,1133.1300,135.0000,2,2,0
24.7912,19,129,G19_V129_2,1324.9300,998.1300,135.0000,3,2,1
24.7912,19,129,G19_V129_3,1459.9300,863.1300,135.0000,4,2,1
24.7919,45,130,G45_V130_0,2131.5914,1871.0764,135.0000,1,2,0
24.7919,45,130,G45_V130_1,1996.5914,2006.0764,135.0000,2,2,0
24.7919,45,130,G45_V130_2,1861.5914,1871.0764,135.0000,3,2,1
24.7919,45,130,G45_V130_3,1996.5914,1736.0764,135.0000,4,2,1
24.8023,27,9,G27_V9_0,1591.7673,1373.8581,135.0000,1,2,0
24.8023,27,9,G27_V9_1,1456.7673,1508.8581,135.0000,2,2,0
24.8023,27,9,G27_V9_2,1321.7673,1373.8581,135.0000,3,2,1
24.8023,27,9,G27_V9_3,1456.7673,1238.8581,135.0000,4,2,1
24.8171,27,29,G27_V29_0,1809.2949,1267.3598,135.0000,1,2,0
24.8171,27,29,G27_V29_1,1674.2949,1402.3598,135.0000,2,2,0
24.8171,27,29,G27_V29_2,1539.2949,1267.3598,135.0000,3,2,1
24.8171,27,29,G27_V29_3,1674.2949,1132.3598,135.0000,4,2,1
24.8371,20,56,G20_V56_0,1920.4900,1041.1400,135.0000,1,2,0
24.8371,20,56,G20_V56_1,1785.4900,1176.1400,135.0000,2,2,0
24.8371,20,56,G20_V56_2,1650.4900,1041.1400,135.0000,3,2,1
24.8371,20,56,G20_V56_3,1785.4900,906.1400,135.0000,4,2,1
24.8401,19,60,G19_V60_0,1632.1500,1007.1400,135.0000,1,2,0
24.8401,19,60,G19_V60_1,1497.1500,1142.1400,135.0000,2,2,0
24.8401,19,60,G19_V60_2,1362.1500,1007.1400,135.0000,3,2,1
24.8401,19,60,G19_V60_3,1497.1500,872.1400,135.0000,4,2,1
24.8438,20,65,G20_V65_0,1854.1300,979.9800,135.0000,1,2,0
24.8438,20,65,G20_V65_1,1719.1300,1114.9800,135.0000,2,2,0
24.8438,20,65,G20_V65_2,1584.1300,979.9800,135.0000,3,2,1
24.8438,20,65,G20_V65_3,1719.1300,844.9800,135.0000,4,2,1
24.8534,18,78,G18_V78_0,1580.1200,997.3300,135.0000,1,2,0
24.8534,18,78,G18_V78_1,1445.1200,1132.3300,135.0000,2,2,0
24.8534,18,78,G18_V78_2,1310.1200,997.3300,135.0000,3,2,1
24.8534,18,78,G18_V78_3,1445.1200,862.3300,135.0000,4,2,1
24.8542,19,79,G19_V79_0,1763.9800,1185.5726,135.0000,1,2,0
24.8542,19,79,G19_V79_1,1628.9800,1320.5726,135.0000,2,2,0
24.8542,19,79,G19_V79_2,1493.9800,1185.5726,135.0000,3,2,1
24.8542,19,79,G19_V79_3,1628.9800,1050.5726,135.0000,4,2,1
24.8593,36,86,G36_V86_0,1949.8293,1681.6615,135.0000,1,2,0
24.8593,36,86,G36_V86_1,1814.8293,1816.6615,135.0000,2,2,0
24.8593,36,86,G36_V86_2,1679.8293,1681.6615,135.0000,3,2,1
24.8593,36,86,G36_V86_3,1814.8293,1546.6615,135.0000,4,2,1
24.8645,19,93,G19_V93_0,1625.2300,1006.1300,135.0000,1,2,0
24.8645,19,93,G19_V93_1,1490.2300,1141.1300,135.0000,2,2,0
24.8645,19,93,G19_V93_2,1355.2300,1006.1300,135.0000,3,2,1
24.8645,19,93,G19_V93_3,1490.2300,871.1300,135.0000,4,2,1
24.8660,26,95,G26_V95_0,1365.7826,1306.4905,135.0000,1,2,0
24.8660,26,95,G26_V95_1,1230.7826,1441.4905,135.0000,2,2,0
24.8660,26,95,G26_V95_2,1095.7826,1306.4905,135.0000,3,2,1
24.8660,26,95,G26_V95_3,1230.7826,1171.4905,135.0000,4,2,1
24.8668,19,96,G19_V96_0,1739.2800,1137.6097,135.0000,1,2,0
24.8668,19,96,G19_V96_1,1604.2800,1272.6097,135.0000,2,2,0
24.8668,19,96,G19_V96_2,1469.2800,1137.6097,135.0000,3,2,1
24.8668,19,96,G19_V96_3,1604.2800,1002.6097,135.0000,4,2,1
24.8705,10,101,G10_V101_0,1553.0700,805.7800,135.0000,1,2,0
24.8705,10,101,G10_V101_1,1418.0700,940.7800,135.0000,2,2,0
24.8705,10,101,G10_V101_2,1283.0700,805.7800,135.0000,3,2,1
24.8705,10,101,G10_V101_3,1418.0700,670.7800,135.0000,4,2,1
24.8816,27,116,G27_V116_0,1787.4414,1293.8799,135.0000,1,2,0
24.8816,27,116,G27_V116_1,1652.4414,1428.8799,135.0000,2,2,0
24.8816,27,116,G27_V116_2,1517.4414,1293.8799,135.0000,3,2,1
24.8816,27,116,G27_V116_3,1652.4414,1158.8799,135.0000,4,2,1
24.8912,19,129,G19_V129_0,1594.9300,998.1300,135.0000,1,2,0
24.8912,19,129,G19_V129_1,1459.9300,1133.1300,135.0000,2,2,0
24.8912,19,129,G19_V129_2,1324.9300,998.1300,135.0000,3,2,1
24.8912,19,129,G19_V129_3,1459.9300,863.1300,135.0000,4,2,1
24.8919,45,130,G45_V130_0,2130.1199,1871.1620,135.0000,1,2,0
24.8919,45,130,G45_V130_1,1995.1199,2006.1620,135.0000,2,2,0
24.8919,45,130,G45_V130_2,1860.1199,1871.1620,135.0000,3,2,1
24.8919,45,130,G45_V130_3,1995.1199,1736.1620,135.0000,4,2,1
24.9023,27,9,G27_V9_0,1590.9402,1374.1557,135.0000,1,2,0
24.9023,27,9,G27_V9_1,1455.9402,1509.1557,135.0000,2,2,0
24.9023,27,9,G27_V9_2,1320.9402,1374.1557,135.0000,3,2,1
24.9023,27,9,G27_V9_3,1455.9402,1239.1557,135.0000,4,2,1
24.9171,27,29,G27_V29_0,1809.2971,1267.3642,135.0000,1,2,0
24.9171,27,29,G27_V29_1,1674.2971,1402.3642,135.0000,2,2,0
24.9171,27,29,G27_V29_2,1539.2971,1267.3642,135.0000,3,2,1
24.9171,27,29,G27_V29_3,1674.2971,1132.3642,135.0000,4,2,1
24.9371,20,56,G20_V56_0,1920.4900,1041.1400,135.0000,1,2,0
24.9371,20,56,G20_V56_1,1785.4900,1176.1400,135.0000,2,2,0
24.9371,20,56,G20_V56_2,1650.4900,1041.1400,135.0000,3,2,1
24.9371,20,56,G20_V56_3,1785.4900,906.1400,135.0000,4,2,1
24.9401,19,60,G19_V60_0,1632.1500,1007.1400,135.0000,1,2,0
24.9401,19,60,G19_V60_1,1497.1500,1142.1400,135.0000,2,2,0
24.9401,19,60,G19_V60_2,1362.1500,1007.1400,135.0000,3,2,1
24.9401,19,60,G19_V60_3,1497.1500,872.1400,135.0000,4,2,1
24.9438,20,65,G20_V65_0,1854.1300,979.9800,135.0000,1,2,0
24.9438,20,65,G20_V65_1,1719.1300,1114.9800,135.0000,2,2,0
24.9438,20,65,G20_V65_2,1584.1300,979.9800,135.0000,3,2,1
24.9438,20,65,G20_V65_3,1719.1300,844.9800,135.0000,4,2,1
24.9534,18,78,G18_V78_0,1580.1200,997.3300,135.0000,1,2,0
24.9534,18,78,G18_V78_1,1445.1200,1132.3300,135.0000,2,2,0
24.9534,18,78,G18_V78_2,1310.1200,997.3300,135.0000,3,2,1
24.9534,18,78,G18_V78_3,1445.1200,862.3300,135.0000,4,2,1
24.9542,19,79,G19_V79_0,1764.5553,1186.5914,135.0000,1,2,0
24.9542,19,79,G19_V79_1,1629.5553,1321.5914,135.0000,2,2,0
24.9542,19,79,G19_V79_2,1494.5553,1186.5914,135.0000,3,2,1
24.9542,19,79,G19_V79_3,1629.5553,1051.5914,135.0000,4,2,1
24.9594,36,86,G36_V86_0,1949.6314,1680.5409,135.0000,1,2,0
24.9594,36,86,G36_V86_1,1814.6314,1815.5409,135.0000,2,2,0
24.9594,36,86,G36_V86_2,1679.6314,1680.5409,135.0000,3,2,1
24.9594,36,86,G36_V86_3,1814.6314,1545.5409,135.0000,4,2,1
24.9645,19,93,G19_V93_0,1625.2300,1006.1300,135.0000,1,2,0
24.9645,19,93,G19_V93_1,1490.2300,1141.1300,135.0000,2,2,0
24.9645,19,93,G19_V93_2,1355.2300,1006.1300,135.0000,3,2,1
24.9645,19,93,G19_V93_3,1490.2300,871.1300,135.0000,4,2,1
24.9660,26,95,G26_V95_0,1364.9665,1306.5275,135.0000,1,2,0
24.9660,26,95,G26_V95_1,1229.9665,1441.5275,135.0000,2,2,0
24.9660,26,95,G26_V95_2,1094.9665,1306.5275,135.0000,3,2,1
24.9660,26,95,G26_V95_3,1229.9665,1171.5275,135.0000,4,2,1
24.9668,19,96,G19_V96_0,1739.7023,1138.3931,135.0000,1,2,0
24.9668,19,96,G19_V96_1,1604.7023,1273.3931,135.0000,2,2,0
24.9668,19,96,G19_V96_2,1469.7023,1138.3931,135.0000,3,2,1
24.9668,19,96,G19_V96_3,1604.7023,1003.3931,135.0000,4,2,1
24.9705,10,101,G10_V101_0,1553.0700,805.7800,135.0000,1,2,0
24.9705,10,101,G10_V101_1,1418.0700,940.7800,135.0000,2,2,0
24.9705,10,101,G10_V101_2,1283.0700,805.7800,135.0000,3,2,1
24.9705,10,101,G10_V101_3,1418.0700,670.7800,135.0000,4,2,1
24.9816,27,116,G27_V116_0,1786.4841,1294.1987,135.0000,1,2,0
24.9816,27,116,G27_V116_1,1651.4841,1429.1987,135.0000,2,2,0
24.9816,27,116,G27_V116_2,1516.4841,1294.1987,135.0000,3,2,1
24.9816,27,116,G27_V116_3,1651.4841,1159.1987,135.0000,4,2,1
24.9912,19,129,G19_V129_0,1594.9300,998.1300,135.0000,1,2,0
24.9912,19,129,G19_V129_1,1459.9300,1133.1300,135.0000,2,2,0
24.9912,19,129,G19_V129_2,1324.9300,998.1300,135.0000,3,2,1
24.9912,19,129,G19_V129_3,1459.9300,863.1300,135.0000,4,2,1
24.9920,45,130,G45_V130_0,2128.6483,1871.2475,135.0000,1,2,0
24.9920,45,130,G45_V130_1,1993.6483,2006.2475,135.0000,2,2,0
24.9920,45,130,G45_V130_2,1858.6483,1871.2475,135.0000,3,2,1
24.9920,45,130,G45_V130_3,1993.6483,1736.2475,135.0000,4,2,1
25.0023,27,9,G27_V9_0,1590.1111,1374.4540,135.0000,1,2,0
25.0023,27,9,G27_V9_1,1455.1111,1509.4540,135.0000,2,2,0
25.0023,27,9,G27_V9_2,1320.1111,1374.4540,135.0000,3,2,1
25.0023,27,9,G27_V9_3,1455.1111,1239.4540,135.0000,4,2,1
25.0171,27,29,G27_V29_0,1809.2993,1267.3686,135.0000,1,2,0
25.0171,27,29,G27_V29_1,1674.2993,1402.3686,135.0000,2,2,0
25.0171,27,29,G27_V29_2,1539.2993,1267.3686,135.0000,3,2,1
25.0171,27,29,G27_V29_3,1674.2993,1132.3686,135.0000,4,2,1
25.0371,20,56,G20_V56_0,1920.4900,1041.1400,135.0000,1,2,0
25.0371,20,56,G20_V56_1,1785.4900,1176.1400,135.0000,2,2,0
25.0371,20,56,G20_V56_2,1650.4900,1041.1400,135.0000,3,2,1
25.0371,20,56,G20_V56_3,1785.4900,906.1400,135.0000,4,2,1
25.0401,19,60,G19_V60_0,1632.1500,1007.1400,135.0000,1,2,0
25.0401,19,60,G19_V60_1,1497.1500,1142.1400,135.0000,2,2,0
25.0401,19,60,G19_V60_2,1362.1500,1007.1400,135.0000,3,2,1
25.0401,19,60,G19_V60_3,1497.1500,872.1400,135.0000,4,2,1
25.0438,20,65,G20_V65_0,1854.1300,979.9800,135.0000,1,2,0
25.0438,20,65,G20_V65_1,1719.1300,1114.9800,135.0000,2,2,0
25.0438,20,65,G20_V65_2,1584.1300,979.9800,135.0000,3,2,1
25.0438,20,65,G20_V65_3,1719.1300,844.9800,135.0000,4,2,1
25.0539,18,78,G18_V78_0,1580.1200,997.3300,135.0000,1,2,0
25.0539,18,78,G18_V78_1,1445.1200,1132.3300,135.0000,2,2,0
25.0539,18,78,G18_V78_2,1310.1200,997.3300,135.0000,3,2,1
25.0539,18,78,G18_V78_3,1445.1200,862.3300,135.0000,4,2,1
25.0548,19,79,G19_V79_0,1765.1273,1187.6114,135.0000,1,2,0
25.0548,19,79,G19_V79_1,1630.1273,1322.6114,135.0000,2,2,0
25.0548,19,79,G19_V79_2,1495.1273,1187.6114,135.0000,3,2,1
25.0548,19,79,G19_V79_3,1630.1273,1052.6114,135.0000,4,2,1
25.0594,36,86,G36_V86_0,1949.4239,1679.3647,135.0000,1,2,0
25.0594,36,86,G36_V86_1,1814.4239,1814.3647,135.0000,2,2,0
25.0594,36,86,G36_V86_2,1679.4239,1679.3647,135.0000,3,2,1
25.0594,36,86,G36_V86_3,1814.4239,1544.3647,135.0000,4,2,1
25.0645,19,93,G19_V93_0,1625.2300,1006.1300,135.0000,1,2,0
25.0645,19,93,G19_V93_1,1490.2300,1141.1300,135.0000,2,2,0
25.0645,19,93,G19_V93_2,1355.2300,1006.1300,135.0000,3,2,1
25.0645,19,93,G19_V93_3,1490.2300,871.1300,135.0000,4,2,1
25.0660,26,95,G26_V95_0,1364.1257,1306.7436,135.0000,1,2,0
25.0660,26,95,G26_V95_1,1229.1257,1441.7436,135.0000,2,2,0
25.0660,26,95,G26_V95_2,1094.1257,1306.7436,135.0000,3,2,1
25.0660,26,95,G26_V95_3,1229.1257,1171.7436,135.0000,4,2,1
25.0668,19,96,G19_V96_0,1740.1349,1139.2078,135.0000,1,2,0
25.0668,19,96,G19_V96_1,1605.1349,1274.2078,135.0000,2,2,0
25.0668,19,96,G19_V96_2,1470.1349,1139.2078,135.0000,3,2,1
25.0668,19,96,G19_V96_3,1605.1349,1004.2078,135.0000,4,2,1
25.0705,10,101,G10_V101_0,1553.0700,805.7800,135.0000,1,2,0
25.0705,10,101,G10_V101_1,1418.0700,940.7800,135.0000,2,2,0
25.0705,10,101,G10_V101_2,1283.0700,805.7800,135.0000,3,2,1
25.0705,10,101,G10_V101_3,1418.0700,670.7800,135.0000,4,2,1
25.0816,27,116,G27_V116_0,1785.4764,1294.5364,135.0000,1,2,0
25.0816,27,116,G27_V116_1,1650.4764,1429.5364,135.0000,2,2,0
25.0816,27,116,G27_V116_2,1515.4764,1294.5364,135.0000,3,2,1
25.0816,27,116,G27_V116_3,1650.4764,1159.5364,135.0000,4,2,1
25.0912,19,129,G19_V129_0,1594.9300,998.1300,135.0000,1,2,0
25.0912,19,129,G19_V129_1,1459.9300,1133.1300,135.0000,2,2,0
25.0912,19,129,G19_V129_2,1324.9300,998.1300,135.0000,3,2,1
25.0912,19,129,G19_V129_3,1459.9300,863.1300,135.0000,4,2,1
25.0920,45,130,G45_V130_0,2127.0121,1871.4606,135.0000,1,2,0
25.0920,45,130,G45_V130_1,1992.0121,2006.4606,135.0000,2,2,0
25.0920,45,130,G45_V130_2,1857.0121,1871.4606,135.0000,3,2,1
25.0920,45,130,G45_V130_3,1992.0121,1736.4606,135.0000,4,2,1
25.1023,27,9,G27_V9_0,1589.1960,1374.7845,135.0000,1,2,0
25.1023,27,9,G27_V9_1,1454.1960,1509.7845,135.0000,2,2,0
25.1023,27,9,G27_V9_2,1319.1960,1374.7845,135.0000,3,2,1
25.1023,27,9,G27_V9_3,1454.1960,1239.7845,135.0000,4,2,1
25.1171,27,29,G27_V29_0,1809.3011,1267.3721,135.0000,1,2,0
25.1171,27,29,G27_V29_1,1674.3011,1402.3721,135.0000,2,2,0
25.1171,27,29,G27_V29_2,1539.3011,1267.3721,135.0000,3,2,1
25.1171,27,29,G27_V29_3,1674.3011,1132.3721,135.0000,4,2,1
25.1371,20,56,G20_V56_0,1920.4900,1041.1400,135.0000,1,2,0
25.1371,20,56,G20_V56_1,1785.4900,1176.1400,135.0000,2,2,0
25.1371,20,56,G20_V56_2,1650.4900,1041.1400,135.0000,3,2,1
25.1371,20,56,G20_V56_3,1785.4900,906.1400,135.0000,4,2,1
25.1401,19,60,G19_V60_0,1632.1500,1007.1400,135.0000,1,2,0
25.1401,19,60,G19_V60_1,1497.1500,1142.1400,135.0000,2,2,0
25.1401,19,60,G19_V60_2,1362.1500,1007.1400,135.0000,3,2,1
25.1401,19,60,G19_V60_3,1497.1500,872.1400,135.0000,4,2,1
25.1438,20,65,G20_V65_0,1854.1300,979.9800,135.0000,1,2,0
25.1438,20,65,G20_V65_1,1719.1300,1114.9800,135.0000,2,2,0
25.1438,20,65,G20_V65_2,1584.1300,979.9800,135.0000,3,2,1
25.1438,20,65,G20_V65_3,1719.1300,844.9800,135.0000,4,2,1
25.1534,18,78,G18_V78_0,1580.1200,997.3300,135.0000,1,2,0
25.1534,18,78,G18_V78_1,1445.1200,1132.3300,135.0000,2,2,0
25.1534,18,78,G18_V78_2,1310.1200,997.3300,135.0000,3,2,1
25.1534,18,78,G18_V78_3,1445.1200,862.3300,135.0000,4,2,1
25.1542,19,79,G19_V79_0,1765.6964,1188.6325,135.0000,1,2,0
25.1542,19,79,G19_V79_1,1630.6964,1323.6325,135.0000,2,2,0
25.1542,19,79,G19_V79_2,1495.6964,1188.6325,135.0000,3,2,1
25.1542,19,79,G19_V79_3,1630.6964,1053.6325,135.0000,4,2,1
25.1594,36,86,G36_V86_0,1949.2099,1678.1505,135.0000,1,2,0
25.1594,36,86,G36_V86_1,1814.2099,1813.1505,135.0000,2,2,0
25.1594,36,86,G36_V86_2,1679.2099,1678.1505,135.0000,3,2,1
25.1594,36,86,G36_V86_3,1814.2099,1543.1505,135.0000,4,2,1
25.1645,19,93,G19_V93_0,1625.2300,1006.1300,135.0000,1,2,0
25.1645,19,93,G19_V93_1,1490.2300,1141.1300,135.0000,2,2,0
25.1645,19,93,G19_V93_2,1355.2300,1006.1300,135.0000,3,2,1
25.1645,19,93,G19_V93_3,1490.2300,871.1300,135.0000,4,2,1
25.1660,26,95,G26_V95_0,1363.2697,1307.0523,135.0000,1,2,0
25.1660,26,95,G26_V95_1,1228.2697,1442.0523,135.0000,2,2,0
25.1660,26,95,G26_V95_2,1093.2697,1307.0523,135.0000,3,2,1
25.1660,26,95,G26_V95_3,1228.2697,1172.0523,135.0000,4,2,1
25.1668,19,96,G19_V96_0,1740.5924,1140.0745,135.0000,1,2,0
25.1668,19,96,G19_V96_1,1605.5924,1275.0745,135.0000,2,2,0
25.1668,19,96,G19_V96_2,1470.5924,1140.0745,135.0000,3,2,1
25.1668,19,96,G19_V96_3,1605.5924,1005.0745,135.0000,4,2,1
25.1705,10,101,G10_V101_0,1553.0700,805.7800,135.0000,1,2,0
25.1705,10,101,G10_V101_1,1418.0700,940.7800,135.0000,2,2,0
25.1705,10,101,G10_V101_2,1283.0700,805.7800,135.0000,3,2,1
25.1705,10,101,G10_V101_3,1418.0700,670.7800,135.0000,4,2,1
25.1816,27,116,G27_V116_0,1784.4288,1294.8879,135.0000,1,2,0
25.1816,27,116,G27_V116_1,1649.4288,1429.8879,135.0000,2,2,0
25.1816,27,116,G27_V116_2,1514.4288,1294.8879,135.0000,3,2,1
25.1816,27,116,G27_V116_3,1649.4288,1159.8879,135.0000,4,2,1
25.1912,19,129,G19_V129_0,1594.9300,998.1300,135.0000,1,2,0
25.1912,19,129,G19_V129_1,1459.9300,1133.1300,135.0000,2,2,0
25.1912,19,129,G19_V129_2,1324.9300,998.1300,135.0000,3,2,1
25.1912,19,129,G19_V129_3,1459.9300,863.1300,135.0000,4,2,1
25.1919,45,130,G45_V130_0,2125.3613,1871.6851,135.0000,1,2,0
25.1919,45,130,G45_V130_1,1990.3613,2006.6851,135.0000,2,2,0
25.1919,45,130,G45_V130_2,1855.3613,1871.6851,135.0000,3,2,1
25.1919,45,130,G45_V130_3,1990.3613,1736.6851,135.0000,4,2,1
25.2023,27,9,G27_V9_0,1588.2808,1375.1150,135.0000,1,2,0
25.2023,27,9,G27_V9_1,1453.2808,1510.1150,135.0000,2,2,0
25.2023,27,9,G27_V9_2,1318.2808,1375.1150,135.0000,3,2,1
25.2023,27,9,G27_V9_3,1453.2808,1240.1150,135.0000,4,2,1
25.2171,27,29,G27_V29_0,1809.3029,1267.3757,135.0000,1,2,0
25.2171,27,29,G27_V29_1,1674.3029,1402.3757,135.0000,2,2,0
25.2171,27,29,G27_V29_2,1539.3029,1267.3757,135.0000,3,2,1
25.2171,27,29,G27_V29_3,1674.3029,1132.3757,135.0000,4,2,1
25.2371,20,56,G20_V56_0,1920.4900,1041.1400,135.0000,1,2,0
25.2371,20,56,G20_V56_1,1785.4900,1176.1400,135.0000,2,2,0
25.2371,20,56,G20_V56_2,1650.4900,1041.1400,135.0000,3,2,1
25.2371,20,56,G20_V56_3,1785.4900,906.1400,135.0000,4,2,1
25.2401,19,60,G19_V60_0,1632.1500,1007.1400,135.0000,1,2,0
25.2401,19,60,G19_V60_1,1497.1500,1142.1400,135.0000,2,2,0
25.2401,19,60,G19_V60_2,1362.1500,1007.1400,135.0000,3,2,1
25.2401,19,60,G19_V60_3,1497.1500,872.1400,135.0000,4,2,1
25.2438,20,65,G20_V65_0,1854.1300,979.9800,135.0000,1,2,0
25.2438,20,65,G20_V65_1,1719.1300,1114.9800,135.0000,2,2,0
25.2438,20,65,G20_V65_2,1584.1300,979.9800,135.0000,3,2,1
25.2438,20,65,G20_V65_3,1719.1300,844.9800,135.0000,4,2,1
25.2534,18,78,G18_V78_0,1580.1200,997.3300,135.0000,1,2,0
25.2534,18,78,G18_V78_1,1445.1200,1132.3300,135.0000,2,2,0
25.2534,18,78,G18_V78_2,1310.1200,997.3300,135.0000,3,2,1
25.2534,18,78,G18_V78_3,1445.1200,862.3300,135.0000,4,2,1
25.2542,19,79,G19_V79_0,1766.2654,1189.6537,135.0000,1,2,0
25.2542,19,79,G19_V79_1,1631.2654,1324.6537,135.0000,2,2,0
25.2542,19,79,G19_V79_2,1496.2654,1189.6537,135.0000,3,2,1
25.2542,19,79,G19_V79_3,1631.2654,1054.6537,135.0000,4,2,1
25.2594,36,86,G36_V86_0,1948.9958,1676.9362,135.0000,1,2,0
25.2594,36,86,G36_V86_1,1813.9958,1811.9362,135.0000,2,2,0
25.2594,36,86,G36_V86_2,1678.9958,1676.9362,135.0000,3,2,1
25.2594,36,86,G36_V86_3,1813.9958,1541.9362,135.0000,4,2,1
25.2645,19,93,G19_V93_0,1625.2300,1006.1300,135.0000,1,2,0
25.2645,19,93,G19_V93_1,1490.2300,1141.1300,135.0000,2,2,0
25.2645,19,93,G19_V93_2,1355.2300,1006.1300,135.0000,3,2,1
25.2645,19,93,G19_V93_3,1490.2300,871.1300,135.0000,4,2,1
25.2660,26,95,G26_V95_0,1362.4136,1307.3611,135.0000,1,2,0
25.2660,26,95,G26_V95_1,1227.4136,1442.3611,135.0000,2,2,0
25.2660,26,95,G26_V95_2,1092.4136,1307.3611,135.0000,3,2,1
25.2660,26,95,G26_V95_3,1227.4136,1172.3611,135.0000,4,2,1
25.2668,19,96,G19_V96_0,1741.0498,1140.9412,135.0000,1,2,0
25.2668,19,96,G19_V96_1,1606.0498,1275.9412,135.0000,2,2,0
25.2668,19,96,G19_V96_2,1471.0498,1140.9412,135.0000,3,2,1
25.2668,19,96,G19_V96_3,1606.0498,1005.9412,135.0000,4,2,1
25.2705,10,101,G10_V101_0,1553.0700,805.7800,135.0000,1,2,0
25.2705,10,101,G10_V101_1,1418.0700,940.7800,135.0000,2,2,0
25.2705,10,101,G10_V101_2,1283.0700,805.7800,135.0000,3,2,1
25.2705,10,101,G10_V101_3,1418.0700,670.7800,135.0000,4,2,1
25.2816,27,116,G27_V116_0,1783.3812,1295.2395,135.0000,1,2,0
25.2816,27,116,G27_V116_1,1648.3812,1430.2395,135.0000,2,2,0
25.2816,27,116,G27_V116_2,1513.3812,1295.2395,135.0000,3,2,1
25.2816,27,116,G27_V116_3,1648.3812,1160.2395,135.0000,4,2,1
25.2912,19,129,G19_V129_0,1594.9300,998.1300,135.0000,1,2,0
25.2912,19,129,G19_V129_1,1459.9300,1133.1300,135.0000,2,2,0
25.2912,19,129,G19_V129_2,1324.9300,998.1300,135.0000,3,2,1
25.2912,19,129,G19_V129_3,1459.9300,863.1300,135.0000,4,2,1
25.2919,45,130,G45_V130_0,2123.7105,1871.9095,135.0000,1,2,0
25.2919,45,130,G45_V130_1,1988.7105,2006.9095,135.0000,2,2,0
25.2919,45,130,G45_V130_2,1853.7105,1871.9095,135.0000,3,2,1
25.2919,45,130,G45_V130_3,1988.7105,1736.9095,135.0000,4,2,1
25.3023,27,9,G27_V9_0,1587.3657,1375.4455,135.0000,1,2,0
25.3023,27,9,G27_V9_1,1452.3657,1510.4455,135.0000,2,2,0
25.3023,27,9,G27_V9_2,1317.3657,1375.4455,135.0000,3,2,1
25.3023,27,9,G27_V9_3,1452.3657,1240.4455,135.0000,4,2,1
25.3171,27,29,G27_V29_0,1809.3046,1267.3793,135.0000,1,2,0
25.3171,27,29,G27_V29_1,1674.3046,1402.3793,135.0000,2,2,0
25.3171,27,29,G27_V29_2,1539.3046,1267.3793,135.0000,3,2,1
25.3171,27,29,G27_V29_3,1674.3046,1132.3793,135.0000,4,2,1
25.3371,20,56,G20_V56_0,1920.4900,1041.1400,135.0000,1,2,0
25.3371,20,56,G20_V56_1,1785.4900,1176.1400,135.0000,2,2,0
25.3371,20,56,G20_V56_2,1650.4900,1041.1400,135.0000,3,2,1
25.3371,20,56,G20_V56_3,1785.4900,906.1400,135.0000,4,2,1
25.3401,19,60,G19_V60_0,1632.1500,1007.1400,135.0000,1,2,0
25.3401,19,60,G19_V60_1,1497.1500,1142.1400,135.0000,2,2,0
25.3401,19,60,G19_V60_2,1362.1500,1007.1400,135.0000,3,2,1
25.3401,19,60,G19_V60_3,1497.1500,872.1400,135.0000,4,2,1
25.3438,20,65,G20_V65_0,1854.1300,979.9800,135.0000,1,2,0
25.3438,20,65,G20_V65_1,1719.1300,1114.9800,135.0000,2,2,0
25.3438,20,65,G20_V65_2,1584.1300,979.9800,135.0000,3,2,1
25.3438,20,65,G20_V65_3,1719.1300,844.9800,135.0000,4,2,1
25.3534,18,78,G18_V78_0,1580.1200,997.3300,135.0000,1,2,0
25.3534,18,78,G18_V78_1,1445.1200,1132.3300,135.0000,2,2,0
25.3534,18,78,G18_V78_2,1310.1200,997.3300,135.0000,3,2,1
25.3534,18,78,G18_V78_3,1445.1200,862.3300,135.0000,4,2,1
25.3542,19,79,G19_V79_0,1766.8345,1190.6748,135.0000,1,2,0
25.3542,19,79,G19_V79_1,1631.8345,1325.6748,135.0000,2,2,0
25.3542,19,79,G19_V79_2,1496.8345,1190.6748,135.0000,3,2,1
25.3542,19,79,G19_V79_3,1631.8345,1055.6748,135.0000,4,2,1
25.3594,36,86,G36_V86_0,1948.7818,1675.7219,135.0000,1,2,0
25.3594,36,86,G36_V86_1,1813.7818,1810.7219,135.0000,2,2,0
25.3594,36,86,G36_V86_2,1678.7818,1675.7219,135.0000,3,2,1
25.3594,36,86,G36_V86_3,1813.7818,1540.7219,135.0000,4,2,1
25.3645,19,93,G19_V93_0,1625.2300,1006.1300,135.0000,1,2,0
25.3645,19,93,G19_V93_1,1490.2300,1141.1300,135.0000,2,2,0
25.3645,19,93,G19_V93_2,1355.2300,1006.1300,135.0000,3,2,1
25.3645,19,93,G19_V93_3,1490.2300,871.1300,135.0000,4,2,1
25.3660,26,95,G26_V95_0,1361.5576,1307.6699,135.0000,1,2,0
25.3660,26,95,G26_V95_1,1226.5576,1442.6699,135.0000,2,2,0
25.3660,26,95,G26_V95_2,1091.5576,1307.6699,135.0000,3,2,1
25.3660,26,95,G26_V95_3,1226.5576,1172.6699,135.0000,4,2,1
25.3668,19,96,G19_V96_0,1741.5072,1141.8079,135.0000,1,2,0
25.3668,19,96,G19_V96_1,1606.5072,1276.8079,135.0000,2,2,0
25.3668,19,96,G19_V96_2,1471.5072,1141.8079,135.0000,3,2,1
25.3668,19,96,G19_V96_3,1606.5072,1006.8079,135.0000,4,2,1
25.3705,10,101,G10_V101_0,1553.0700,805.7800,135.0000,1,2,0
25.3705,10,101,G10_V101_1,1418.0700,940.7800,135.0000,2,2,0
25.3705,10,101,G10_V101_2,1283.0700,805.7800,135.0000,3,2,1
25.3705,10,101,G10_V101_3,1418.0700,670.7800,135.0000,4,2,1
25.3816,27,116,G27_V116_0,1782.3336,1295.5910,135.0000,1,2,0
25.3816,27,116,G27_V116_1,1647.3336,1430.5910,135.0000,2,2,0
25.3816,27,116,G27_V116_2,1512.3336,1295.5910,135.0000,3,2,1
25.3816,27,116,G27_V116_3,1647.3336,1160.5910,135.0000,4,2,1
25.3912,19,129,G19_V129_0,1594.9300,998.1300,135.0000,1,2,0
25.3912,19,129,G19_V129_1,1459.9300,1133.1300,135.0000,2,2,0
25.3912,19,129,G19_V129_2,1324.9300,998.1300,135.0000,3,2,1
25.3912,19,129,G19_V129_3,1459.9300,863.1300,135.0000,4,2,1
25.3919,45,130,G45_V130_0,2122.0597,1872.1339,135.0000,1,2,0
25.3919,45,130,G45_V130_1,1987.0597,2007.1339,135.0000,2,2,0
25.3919,45,130,G45_V130_2,1852.0597,1872.1339,135.0000,3,2,1
25.3919,45,130,G45_V130_3,1987.0597,1737.1339,135.0000,4,2,1
25.4023,27,9,G27_V9_0,1586.4505,1375.7761,135.0000,1,2,0
25.4023,27,9,G27_V9_1,1451.4505,1510.7761,135.0000,2,2,0
25.4023,27,9,G27_V9_2,1316.4505,1375.7761,135.0000,3,2,1
25.4023,27,9,G27_V9_3,1451.4505,1240.7761,135.0000,4,2,1
25.4171,27,29,G27_V29_0,1809.3064,1267.3829,135.0000,1,2,0
25.4171,27,29,G27_V29_1,1674.3064,1402.3829,135.0000,2,2,0
25.4171,27,29,G27_V29_2,1539.3064,1267.3829,135.0000,3,2,1
25.4171,27,29,G27_V29_3,1674.3064,1132.3829,135.0000,4,2,1
25.4371,20,56,G20_V56_0,1920.4900,1041.1400,135.0000,1,2,0
25.4371,20,56,G20_V56_1,1785.4900,1176.1400,135.0000,2,2,0
25.4371,20,56,G20_V56_2,1650.4900,1041.1400,135.0000,3,2,1
25.4371,20,56,G20_V56_3,1785.4900,906.1400,135.0000,4,2,1
25.4401,19,60,G19_V60_0,1632.1500,1007.1400,135.0000,1,2,0
25.4401,19,60,G19_V60_1,1497.1500,1142.1400,135.0000,2,2,0
25.4401,19,60,G19_V60_2,1362.1500,1007.1400,135.0000,3,2,1
25.4401,19,60,G19_V60_3,1497.1500,872.1400,135.0000,4,2,1
25.4438,20,65,G20_V65_0,1854.1300,979.9800,135.0000,1,2,0
25.4438,20,65,G20_V65_1,1719.1300,1114.9800,135.0000,2,2,0
25.4438,20,65,G20_V65_2,1584.1300,979.9800,135.0000,3,2,1
25.4438,20,65,G20_V65_3,1719.1300,844.9800,135.0000,4,2,1
25.4534,18,78,G18_V78_0,1580.1200,997.3300,135.0000,1,2,0
25.4534,18,78,G18_V78_1,1445.1200,1132.3300,135.0000,2,2,0
25.4534,18,78,G18_V78_2,1310.1200,997.3300,135.0000,3,2,1
25.4534,18,78,G18_V78_3,1445.1200,862.3300,135.0000,4,2,1
25.4542,19,79,G19_V79_0,1767.4036,1191.6959,135.0000,1,2,0
25.4542,19,79,G19_V79_1,1632.4036,1326.6959,135.0000,2,2,0
25.4542,19,79,G19_V79_2,1497.4036,1191.6959,135.0000,3,2,1
25.4542,19,79,G19_V79_3,1632.4036,1056.6959,135.0000,4,2,1
25.4593,36,86,G36_V86_0,1948.5677,1674.5076,135.0000,1,2,0
25.4593,36,86,G36_V86_1,1813.5677,1809.5076,135.0000,2,2,0
25.4593,36,86,G36_V86_2,1678.5677,1674.5076,135.0000,3,2,1
25.4593,36,86,G36_V86_3,1813.5677,1539.5076,135.0000,4,2,1
25.4645,19,93,G19_V93_0,1625.2300,1006.1300,135.0000,1,2,0
25.4645,19,93,G19_V93_1,1490.2300,1141.1300,135.0000,2,2,0
25.4645,19,93,G19_V93_2,1355.2300,1006.1300,135.0000,3,2,1
25.4645,19,93,G19_V93_3,1490.2300,871.1300,135.0000,4,2,1
25.4660,26,95,G26_V95_0,1360.7016,1307.9787,135.0000,1,2,0
25.4660,26,95,G26_V95_1,1225.7016,1442.9787,135.0000,2,2,0
25.4660,26,95,G26_V95_2,1090.7016,1307.9787,135.0000,3,2,1
25.4660,26,95,G26_V95_3,1225.7016,1172.9787,135.0000,4,2,1
25.4668,19,96,G19_V96_0,1741.9646,1142.6746,135.0000,1,2,0
25.4668,19,96,G19_V96_1,1606.9646,1277.6746,135.0000,2,2,0
25.4668,19,96,G19_V96_2,1471.9646,1142.6746,135.0000,3,2,1
25.4668,19,96,G19_V96_3,1606.9646,1007.6746,135.0000,4,2,1
25.4705,10,101,G10_V101_0,1553.0700,805.7800,135.0000,1,2,0
25.4705,10,101,G10_V101_1,1418.0700,940.7800,135.0000,2,2,0
25.4705,10,101,G10_V101_2,1283.0700,805.7800,135.0000,3,2,1
25.4705,10,101,G10_V101_3,1418.0700,670.7800,135.0000,4,2,1
25.4816,27,116,G27_V116_0,1781.2860,1295.9425,135.0000,1,2,0
25.4816,27,116,G27_V116_1,1646.2860,1430.9425,135.0000,2,2,0
25.4816,27,116,G27_V116_2,1511.2860,1295.9425,135.0000,3,2,1
25.4816,27,116,G27_V116_3,1646.2860,1160.9425,135.0000,4,2,1
25.4912,19,129,G19_V129_0,1594.9300,998.1300,135.0000,1,2,0
25.4912,19,129,G19_V129_1,1459.9300,1133.1300,135.0000,2,2,0
25.4912,19,129,G19_V129_2,1324.9300,998.1300,135.0000,3,2,1
25.4912,19,129,G19_V129_3,1459.9300,863.1300,135.0000,4,2,1
25.4919,45,130,G45_V130_0,2120.4089,1872.3584,135.0000,1,2,0
25.4919,45,130,G45_V130_1,1985.4089,2007.3584,135.0000,2,2,0
25.4919,45,130,G45_V130_2,1850.4089,1872.3584,135.0000,3,2,1
25.4919,45,130,G45_V130_3,1985.4089,1737.3584,135.0000,4,2,1
25.5023,27,9,G27_V9_0,1585.5354,1376.1066,135.0000,1,2,0
25.5023,27,9,G27_V9_1,1450.5354,1511.1066,135.0000,2,2,0
25.5023,27,9,G27_V9_2,1315.5354,1376.1066,135.0000,3,2,1
25.5023,27,9,G27_V9_3,1450.5354,1241.1066,135.0000,4,2,1
25.5171,27,29,G27_V29_0,1809.3082,1267.3864,135.0000,1,2,0
25.5171,27,29,G27_V29_1,1674.3082,1402.3864,135.0000,2,2,0
25.5171,27,29,G27_V29_2,1539.3082,1267.3864,135.0000,3,2,1
25.5171,27,29,G27_V29_3,1674.3082,1132.3864,135.0000,4,2,1
25.5371,20,56,G20_V56_0,1920.4900,1041.1400,135.0000,1,2,0
25.5371,20,56,G20_V56_1,1785.4900,1176.1400,135.0000,2,2,0
25.5371,20,56,G20_V56_2,1650.4900,1041.1400,135.0000,3,2,1
25.5371,20,56,G20_V56_3,1785.4900,906.1400,135.0000,4,2,1
25.5401,19,60,G19_V60_0,1632.1500,1007.1400,135.0000,1,2,0
25.5401,19,60,G19_V60_1,1497.1500,1142.1400,135.0000,2,2,0
25.5401,19,60,G19_V60_2,1362.1500,1007.1400,135.0000,3,2,1
25.5401,19,60,G19_V60_3,1497.1500,872.1400,135.0000,4,2,1
25.5438,20,65,G20_V65_0,1854.1300,979.9800,135.0000,1,2,0
25.5438,20,65,G20_V65_1,1719.1300,1114.9800,135.0000,2,2,0
25.5438,20,65,G20_V65_2,1584.1300,979.9800,135.0000,3,2,1
25.5438,20,65,G20_V65_3,1719.1300,844.9800,135.0000,4,2,1
25.5534,18,78,G18_V78_0,1580.1200,997.3300,135.0000,1,2,0
25.5534,18,78,G18_V78_1,1445.1200,1132.3300,135.0000,2,2,0
25.5534,18,78,G18_V78_2,1310.1200,997.3300,135.0000,3,2,1
25.5534,18,78,G18_V78_3,1445.1200,862.3300,135.0000,4,2,1
25.5542,19,79,G19_V79_0,1767.9727,1192.7171,135.0000,1,2,0
25.5542,19,79,G19_V79_1,1632.9727,1327.7171,135.0000,2,2,0
25.5542,19,79,G19_V79_2,1497.9727,1192.7171,135.0000,3,2,1
25.5542,19,79,G19_V79_3,1632.9727,1057.7171,135.0000,4,2,1
25.5593,36,86,G36_V86_0,1948.3537,1673.2933,135.0000,1,2,0
25.5593,36,86,G36_V86_1,1813.3537,1808.2933,135.0000,2,2,0
25.5593,36,86,G36_V86_2,1678.3537,1673.2933,135.0000,3,2,1
25.5593,36,86,G36_V86_3,1813.3537,1538.2933,135.0000,4,2,1
25.5645,19,93,G19_V93_0,1625.2300,1006.1300,135.0000,1,2,0
25.5645,19,93,G19_V93_1,1490.2300,1141.1300,135.0000,2,2,0
25.5645,19,93,G19_V93_2,1355.2300,1006.1300,135.0000,3,2,1
25.5645,19,93,G19_V93_3,1490.2300,871.1300,135.0000,4,2,1
25.5660,26,95,G26_V95_0,1359.8456,1308.2874,135.0000,1,2,0
25.5660,26,95,G26_V95_1,1224.8456,1443.2874,135.0000,2,2,0
25.5660,26,95,G26_V95_2,1089.8456,1308.2874,135.0000,3,2,1
25.5660,26,95,G26_V95_3,1224.8456,1173.2874,135.0000,4,2,1
25.5668,19,96,G19_V96_0,1742.4221,1143.5413,135.0000,1,2,0
25.5668,19,96,G19_V96_1,1607.4221,1278.5413,135.0000,2,2,0
25.5668,19,96,G19_V96_2,1472.4221,1143.5413,135.0000,3,2,1
25.5668,19,96,G19_V96_3,1607.4221,1008.5413,135.0000,4,2,1
25.5705,10,101,G10_V101_0,1553.0700,805.7800,135.0000,1,2,0
25.5705,10,101,G10_V101_1,1418.0700,940.7800,135.0000,2,2,0
25.5705,10,101,G10_V101_2,1283.0700,805.7800,135.0000,3,2,1
25.5705,10,101,G10_V101_3,1418.0700,670.7800,135.0000,4,2,1
25.5816,27,116,G27_V116_0,1780.2384,1296.2940,135.0000,1,2,0
25.5816,27,116,G27_V116_1,1645.2384,1431.2940,135.0000,2,2,0
25.5816,27,116,G27_V116_2,1510.2384,1296.2940,135.0000,3,2,1
25.5816,27,116,G27_V116_3,1645.2384,1161.2940,135.0000,4,2,1
25.5912,19,129,G19_V129_0,1594.9300,998.1300,135.0000,1,2,0
25.5912,19,129,G19_V129_1,1459.9300,1133.1300,135.0000,2,2,0
25.5912,19,129,G19_V129_2,1324.9300,998.1300,135.0000,3,2,1
25.5912,19,129,G19_V129_3,1459.9300,863.1300,135.0000,4,2,1
25.5920,45,130,G45_V130_0,2118.7581,1872.5828,135.0000,1,2,0
25.5920,45,130,G45_V130_1,1983.7581,2007.5828,135.0000,2,2,0
25.5920,45,130,G45_V130_2,1848.7581,1872.5828,135.0000,3,2,1
25.5920,45,130,G45_V130_3,1983.7581,1737.5828,135.0000,4,2,1
25.6023,27,9,G27_V9_0,1584.6203,1376.4371,135.0000,1,2,0
25.6023,27,9,G27_V9_1,1449.6203,1511.4371,135.0000,2,2,0
25.6023,27,9,G27_V9_2,1314.6203,1376.4371,135.0000,3,2,1
25.6023,27,9,G27_V9_3,1449.6203,1241.4371,135.0000,4,2,1
25.6171,27,29,G27_V29_0,1809.3100,1267.3900,135.0000,1,2,0
25.6171,27,29,G27_V29_1,1674.3100,1402.3900,135.0000,2,2,0
25.6171,27,29,G27_V29_2,1539.3100,1267.3900,135.0000,3,2,1
25.6171,27,29,G27_V29_3,1674.3100,1132.3900,135.0000,4,2,1
25.6371,20,56,G20_V56_0,1920.4900,1041.1400,135.0000,1,2,0
25.6371,20,56,G20_V56_1,1785.4900,1176.1400,135.0000,2,2,0
25.6371,20,56,G20_V56_2,1650.4900,1041.1400,135.0000,3,2,1
25.6371,20,56,G20_V56_3,1785.4900,906.1400,135.0000,4,2,1
25.6401,19,60,G19_V60_0,1632.1500,1007.1400,135.0000,1,2,0
25.6401,19,60,G19_V60_1,1497.1500,1142.1400,135.0000,2,2,0
25.6401,19,60,G19_V60_2,1362.1500,1007.1400,135.0000,3,2,1
25.6401,19,60,G19_V60_3,1497.1500,872.1400,135.0000,4,2,1
25.6438,20,65,G20_V65_0,1854.1300,979.9800,135.0000,1,2,0
25.6438,20,65,G20_V65_1,1719.1300,1114.9800,135.0000,2,2,0
25.6438,20,65,G20_V65_2,1584.1300,979.9800,135.0000,3,2,1
25.6438,20,65,G20_V65_3,1719.1300,844.9800,135.0000,4,2,1
25.6534,18,78,G18_V78_0,1580.1200,997.3300,135.0000,1,2,0
25.6534,18,78,G18_V78_1,1445.1200,1132.3300,135.0000,2,2,0
25.6534,18,78,G18_V78_2,1310.1200,997.3300,135.0000,3,2,1
25.6534,18,78,G18_V78_3,1445.1200,862.3300,135.0000,4,2,1
25.6593,36,86,G36_V86_0,1948.1396,1672.0791,135.0000,1,2,0
25.6593,36,86,G36_V86_1,1813.1396,1807.0791,135.0000,2,2,0
25.6593,36,86,G36_V86_2,1678.1396,1672.0791,135.0000,3,2,1
25.6593,36,86,G36_V86_3,1813.1396,1537.0791,135.0000,4,2,1
25.6645,19,93,G19_V93_0,1625.2300,1006.1300,135.0000,1,2,0
25.6645,19,93,G19_V93_1,1490.2300,1141.1300,135.0000,2,2,0
25.6645,19,93,G19_V93_2,1355.2300,1006.1300,135.0000,3,2,1
25.6645,19,93,G19_V93_3,1490.2300,871.1300,135.0000,4,2,1
25.6660,26,95,G26_V95_0,1358.9896,1308.5962,135.0000,1,2,0
25.6660,26,95,G26_V95_1,1223.9896,1443.5962,135.0000,2,2,0
25.6660,26,95,G26_V95_2,1088.9896,1308.5962,135.0000,3,2,1
25.6660,26,95,G26_V95_3,1223.9896,1173.5962,135.0000,4,2,1
25.6668,19,96,G19_V96_0,1742.8795,1144.4080,135.0000,1,2,0
25.6668,19,96,G19_V96_1,1607.8795,1279.4080,135.0000,2,2,0
25.6668,19,96,G19_V96_2,1472.8795,1144.4080,135.0000,3,2,1
25.6668,19,96,G19_V96_3,1607.8795,1009.4080,135.0000,4,2,1
25.6705,10,101,G10_V101_0,1553.0700,805.7800,135.0000,1,2,0
25.6705,10,101,G10_V101_1,1418.0700,940.7800,135.0000,2,2,0
25.6705,10,101,G10_V101_2,1283.0700,805.7800,135.0000,3,2,1
25.6705,10,101,G10_V101_3,1418.0700,670.7800,135.0000,4,2,1
25.6816,27,116,G27_V116_0,1779.1908,1296.6456,135.0000,1,2,0
25.6816,27,116,G27_V116_1,1644.1908,1431.6456,135.0000,2,2,0
25.6816,27,116,G27_V116_2,1509.1908,1296.6456,135.0000,3,2,1
25.6816,27,116,G27_V116_3,1644.1908,1161.6456,135.0000,4,2,1
25.6912,19,129,G19_V129_0,1594.9300,998.1300,135.0000,1,2,0
25.6912,19,129,G19_V129_1,1459.9300,1133.1300,135.0000,2,2,0
25.6912,19,129,G19_V129_2,1324.9300,998.1300,135.0000,3,2,1
25.6912,19,129,G19_V129_3,1459.9300,863.1300,135.0000,4,2,1
25.6919,45,130,G45_V130_0,2117.1073,1872.8072,135.0000,1,2,0
25.6919,45,130,G45_V130_1,1982.1073,2007.8072,135.0000,2,2,0
25.6919,45,130,G45_V130_2,1847.1073,1872.8072,135.0000,3,2,1
25.6919,45,130,G45_V130_3,1982.1073,1737.8072,135.0000,4,2,1
25.7023,27,9,G27_V9_0,1583.7051,1376.7676,135.0000,1,2,0
25.7023,27,9,G27_V9_1,1448.7051,1511.7676,135.0000,2,2,0
25.7023,27,9,G27_V9_2,1313.7051,1376.7676,135.0000,3,2,1
25.7023,27,9,G27_V9_3,1448.7051,1241.7676,135.0000,4,2,1
25.7171,27,29,G27_V29_0,1809.3118,1267.3936,135.0000,1,2,0
25.7171,27,29,G27_V29_1,1674.3118,1402.3936,135.0000,2,2,0
25.7171,27,29,G27_V29_2,1539.3118,1267.3936,135.0000,3,2,1
25.7171,27,29,G27_V29_3,1674.3118,1132.3936,135.0000,4,2,1
25.7371,20,56,G20_V56_0,1920.4900,1041.1400,135.0000,1,2,0
25.7371,20,56,G20_V56_1,1785.4900,1176.1400,135.0000,2,2,0
25.7371,20,56,G20_V56_2,1650.4900,1041.1400,135.0000,3,2,1
25.7371,20,56,G20_V56_3,1785.4900,906.1400,135.0000,4,2,1
25.7401,19,60,G19_V60_0,1632.1500,1007.1400,135.0000,1,2,0
25.7401,19,60,G19_V60_1,1497.1500,1142.1400,135.0000,2,2,0
25.7401,19,60,G19_V60_2,1362.1500,1007.1400,135.0000,3,2,1
25.7401,19,60,G19_V60_3,1497.1500,872.1400,135.0000,4,2,1
25.7438,20,65,G20_V65_0,1854.1300,979.9800,135.0000,1,2,0
25.7438,20,65,G20_V65_1,1719.1300,1114.9800,135.0000,2,2,0
25.7438,20,65,G20_V65_2,1584.1300,979.9800,135.0000,3,2,1
25.7438,20,65,G20_V65_3,1719.1300,844.9800,135.0000,4,2,1
25.7534,18,78,G18_V78_0,1580.1200,997.3300,135.0000,1,2,0
25.7534,18,78,G18_V78_1,1445.1200,1132.3300,135.0000,2,2,0
25.7534,18,78,G18_V78_2,1310.1200,997.3300,135.0000,3,2,1
25.7534,18,78,G18_V78_3,1445.1200,862.3300,135.0000,4,2,1
25.7594,36,86,G36_V86_0,1947.9256,1670.8648,135.0000,1,2,0
25.7594,36,86,G36_V86_1,1812.9256,1805.8648,135.0000,2,2,0
25.7594,36,86,G36_V86_2,1677.9256,1670.8648,135.0000,3,2,1
25.7594,36,86,G36_V86_3,1812.9256,1535.8648,135.0000,4,2,1
25.7645,19,93,G19_V93_0,1625.2300,1006.1300,135.0000,1,2,0
25.7645,19,93,G19_V93_1,1490.2300,1141.1300,135.0000,2,2,0
25.7645,19,93,G19_V93_2,1355.2300,1006.1300,135.0000,3,2,1
25.7645,19,93,G19_V93_3,1490.2300,871.1300,135.0000,4,2,1
25.7660,26,95,G26_V95_0,1358.1336,1308.9050,135.0000,1,2,0
25.7660,26,95,G26_V95_1,1223.1336,1443.9050,135.0000,2,2,0
25.7660,26,95,G26_V95_2,1088.1336,1308.9050,135.0000,3,2,1
25.7660,26,95,G26_V95_3,1223.1336,1173.9050,135.0000,4,2,1
25.7668,19,96,G19_V96_0,1743.3369,1145.2747,135.0000,1,2,0
25.7668,19,96,G19_V96_1,1608.3369,1280.2747,135.0000,2,2,0
25.7668,19,96,G19_V96_2,1473.3369,1145.2747,135.0000,3,2,1
25.7668,19,96,G19_V96_3,1608.3369,1010.2747,135.0000,4,2,1
25.7705,10,101,G10_V101_0,1553.0700,805.7800,135.0000,1,2,0
25.7705,10,101,G10_V101_1,1418.0700,940.7800,135.0000,2,2,0
25.7705,10,101,G10_V101_2,1283.0700,805.7800,135.0000,3,2,1
25.7705,10,101,G10_V101_3,1418.0700,670.7800,135.0000,4,2,1
25.7816,27,116,G27_V116_0,1778.1432,1296.9971,135.0000,1,2,0
25.7816,27,116,G27_V116_1,1643.1432,1431.9971,135.0000,2,2,0
25.7816,27,116,G27_V116_2,1508.1432,1296.9971,135.0000,3,2,1
25.7816,27,116,G27_V116_3,1643.1432,1161.9971,135.0000,4,2,1
25.7912,19,129,G19_V129_0,1594.9300,998.1300,135.0000,1,2,0
25.7912,19,129,G19_V129_1,1459.9300,1133.1300,135.0000,2,2,0
25.7912,19,129,G19_V129_2,1324.9300,998.1300,135.0000,3,2,1
25.7912,19,129,G19_V129_3,1459.9300,863.1300,135.0000,4,2,1
25.7919,45,130,G45_V130_0,2115.4564,1873.0316,135.0000,1,2,0
25.7919,45,130,G45_V130_1,1980.4564,2008.0316,135.0000,2,2,0
25.7919,45,130,G45_V130_2,1845.4564,1873.0316,135.0000,3,2,1
25.7919,45,130,G45_V130_3,1980.4564,1738.0316,135.0000,4,2,1
25.8023,27,9,G27_V9_0,1582.7900,1377.0982,135.0000,1,2,0
25.8023,27,9,G27_V9_1,1447.7900,1512.0982,135.0000,2,2,0
25.8023,27,9,G27_V9_2,1312.7900,1377.0982,135.0000,3,2,1
25.8023,27,9,G27_V9_3,1447.7900,1242.0982,135.0000,4,2,1
25.8171,27,29,G27_V29_0,1809.3136,1267.3972,135.0000,1,2,0
25.8171,27,29,G27_V29_1,1674.3136,1402.3972,135.0000,2,2,0
25.8171,27,29,G27_V29_2,1539.3136,1267.3972,135.0000,3,2,1
25.8171,27,29,G27_V29_3,1674.3136,1132.3972,135.0000,4,2,1
25.8258,52,37,G52_V37_0,2036.7545,2184.9068,135.0000,1,2,0
25.8258,52,37,G52_V37_1,1901.7545,2319.9068,135.0000,2,2,0
25.8258,52,37,G52_V37_2,1766.7545,2184.9068,135.0000,3,2,1
25.8258,52,37,G52_V37_3,1901.7545,2049.9068,135.0000,4,2,1
25.8371,20,56,G20_V56_0,1920.4900,1041.1400,135.0000,1,2,0
25.8371,20,56,G20_V56_1,1785.4900,1176.1400,135.0000,2,2,0
25.8371,20,56,G20_V56_2,1650.4900,1041.1400,135.0000,3,2,1
25.8371,20,56,G20_V56_3,1785.4900,906.1400,135.0000,4,2,1
25.8401,19,60,G19_V60_0,1632.1500,1007.1400,135.0000,1,2,0
25.8401,19,60,G19_V60_1,1497.1500,1142.1400,135.0000,2,2,0
25.8401,19,60,G19_V60_2,1362.1500,1007.1400,135.0000,3,2,1
25.8401,19,60,G19_V60_3,1497.1500,872.1400,135.0000,4,2,1
25.8438,20,65,G20_V65_0,1854.1300,979.9800,135.0000,1,2,0
25.8438,20,65,G20_V65_1,1719.1300,1114.9800,135.0000,2,2,0
25.8438,20,65,G20_V65_2,1584.1300,979.9800,135.0000,3,2,1
25.8438,20,65,G20_V65_3,1719.1300,844.9800,135.0000,4,2,1
25.8534,18,78,G18_V78_0,1580.1200,997.3300,135.0000,1,2,0
25.8534,18,78,G18_V78_1,1445.1200,1132.3300,135.0000,2,2,0
25.8534,18,78,G18_V78_2,1310.1200,997.3300,135.0000,3,2,1
25.8534,18,78,G18_V78_3,1445.1200,862.3300,135.0000,4,2,1
25.8594,36,86,G36_V86_0,1947.7115,1669.6505,135.0000,1,2,0
25.8594,36,86,G36_V86_1,1812.7115,1804.6505,135.0000,2,2,0
25.8594,36,86,G36_V86_2,1677.7115,1669.6505,135.0000,3,2,1
25.8594,36,86,G36_V86_3,1812.7115,1534.6505,135.0000,4,2,1
25.8645,19,93,G19_V93_0,1625.2300,1006.1300,135.0000,1,2,0
25.8645,19,93,G19_V93_1,1490.2300,1141.1300,135.0000,2,2,0
25.8645,19,93,G19_V93_2,1355.2300,1006.1300,135.0000,3,2,1
25.8645,19,93,G19_V93_3,1490.2300,871.1300,135.0000,4,2,1
25.8660,26,95,G26_V95_0,1357.2776,1309.2138,135.0000,1,2,0
25.8660,26,95,G26_V95_1,1222.2776,1444.2138,135.0000,2,2,0
25.8660,26,95,G26_V95_2,1087.2776,1309.2138,135.0000,3,2,1
25.8660,26,95,G26_V95_3,1222.2776,1174.2138,135.0000,4,2,1
25.8668,19,96,G19_V96_0,1743.7943,1146.1414,135.0000,1,2,0
25.8668,19,96,G19_V96_1,1608.7943,1281.1414,135.0000,2,2,0
25.8668,19,96,G19_V96_2,1473.7943,1146.1414,135.0000,3,2,1
25.8668,19,96,G19_V96_3,1608.7943,1011.1414,135.0000,4,2,1
25.8705,10,101,G10_V101_0,1553.0700,805.7800,135.0000,1,2,0
25.8705,10,101,G10_V101_1,1418.0700,940.7800,135.0000,2,2,0
25.8705,10,101,G10_V101_2,1283.0700,805.7800,135.0000,3,2,1
25.8705,10,101,G10_V101_3,1418.0700,670.7800,135.0000,4,2,1
25.8816,27,116,G27_V116_0,1777.0956,1297.3486,135.0000,1,2,0
25.8816,27,116,G27_V116_1,1642.0956,1432.3486,135.0000,2,2,0
25.8816,27,116,G27_V116_2,1507.0956,1297.3486,135.0000,3,2,1
25.8816,27,116,G27_V116_3,1642.0956,1162.3486,135.0000,4,2,1
25.8912,19,129,G19_V129_0,1594.9300,998.1300,135.0000,1,2,0
25.8912,19,129,G19_V129_1,1459.9300,1133.1300,135.0000,2,2,0
25.8912,19,129,G19_V129_2,1324.9300,998.1300,135.0000,3,2,1
25.8912,19,129,G19_V129_3,1459.9300,863.1300,135.0000,4,2,1
25.8919,45,130,G45_V130_0,2113.8056,1873.2561,135.0000,1,2,0
25.8919,45,130,G45_V130_1,1978.8056,2008.2561,135.0000,2,2,0
25.8919,45,130,G45_V130_2,1843.8056,1873.2561,135.0000,3,2,1
25.8919,45,130,G45_V130_3,1978.8056,1738.2561,135.0000,4,2,1
25.9023,27,9,G27_V9_0,1581.8748,1377.4287,135.0000,1,2,0
25.9023,27,9,G27_V9_1,1446.8748,1512.4287,135.0000,2,2,0
25.9023,27,9,G27_V9_2,1311.8748,1377.4287,135.0000,3,2,1
25.9023,27,9,G27_V9_3,1446.8748,1242.4287,135.0000,4,2,1
25.9171,27,29,G27_V29_0,1809.3154,1267.4008,135.0000,1,2,0
25.9171,27,29,G27_V29_1,1674.3154,1402.4008,135.0000,2,2,0
25.9171,27,29,G27_V29_2,1539.3154,1267.4008,135.0000,3,2,1
25.9171,27,29,G27_V29_3,1674.3154,1132.4008,135.0000,4,2,1
25.9231,52,37,G52_V37_0,2036.5454,2183.6409,135.0000,1,2,0
25.9231,52,37,G52_V37_1,1901.5454,2318.6409,135.0000,2,2,0
25.9231,52,37,G52_V37_2,1766.5454,2183.6409,135.0000,3,2,1
25.9231,52,37,G52_V37_3,1901.5454,2048.6409,135.0000,4,2,1
25.9371,20,56,G20_V56_0,1920.4900,1041.1400,135.0000,1,2,0
25.9371,20,56,G20_V56_1,1785.4900,1176.1400,135.0000,2,2,0
25.9371,20,56,G20_V56_2,1650.4900,1041.1400,135.0000,3,2,1
25.9371,20,56,G20_V56_3,1785.4900,906.1400,135.0000,4,2,1
25.9401,19,60,G19_V60_0,1632.1500,1007.1400,135.0000,1,2,0
25.9401,19,60,G19_V60_1,1497.1500,1142.1400,135.0000,2,2,0
25.9401,19,60,G19_V60_2,1362.1500,1007.1400,135.0000,3,2,1
25.9401,19,60,G19_V60_3,1497.1500,872.1400,135.0000,4,2,1
25.9438,20,65,G20_V65_0,1854.1300,979.9800,135.0000,1,2,0
25.9438,20,65,G20_V65_1,1719.1300,1114.9800,135.0000,2,2,0
25.9438,20,65,G20_V65_2,1584.1300,979.9800,135.0000,3,2,1
25.9438,20,65,G20_V65_3,1719.1300,844.9800,135.0000,4,2,1
25.9534,18,78,G18_V78_0,1580.1200,997.3300,135.0000,1,2,0
25.9534,18,78,G18_V78_1,1445.1200,1132.3300,135.0000,2,2,0
25.9534,18,78,G18_V78_2,1310.1200,997.3300,135.0000,3,2,1
25.9534,18,78,G18_V78_3,1445.1200,862.3300,135.0000,4,2,1
25.9594,36,86,G36_V86_0,1947.4975,1668.4362,135.0000,1,2,0
25.9594,36,86,G36_V86_1,1812.4975,1803.4362,135.0000,2,2,0
25.9594,36,86,G36_V86_2,1677.4975,1668.4362,135.0000,3,2,1
25.9594,36,86,G36_V86_3,1812.4975,1533.4362,135.0000,4,2,1
25.9645,19,93,G19_V93_0,1625.2300,1006.1300,135.0000,1,2,0
25.9645,19,93,G19_V93_1,1490.2300,1141.1300,135.0000,2,2,0
25.9645,19,93,G19_V93_2,1355.2300,1006.1300,135.0000,3,2,1
25.9645,19,93,G19_V93_3,1490.2300,871.1300,135.0000,4,2,1
25.9660,26,95,G26_V95_0,1356.4216,1309.5225,135.0000,1,2,0
25.9660,26,95,G26_V95_1,1221.4216,1444.5225,135.0000,2,2,0
25.9660,26,95,G26_V95_2,1086.4216,1309.5225,135.0000,3,2,1
25.9660,26,95,G26_V95_3,1221.4216,1174.5225,135.0000,4,2,1
25.9668,19,96,G19_V96_0,1744.2518,1147.0081,135.0000,1,2,0
25.9668,19,96,G19_V96_1,1609.2518,1282.0081,135.0000,2,2,0
25.9668,19,96,G19_V96_2,1474.2518,1147.0081,135.0000,3,2,1
25.9668,19,96,G19_V96_3,1609.2518,1012.0081,135.0000,4,2,1
25.9705,10,101,G10_V101_0,1553.0700,805.7800,135.0000,1,2,0
25.9705,10,101,G10_V101_1,1418.0700,940.7800,135.0000,2,2,0
25.9705,10,101,G10_V101_2,1283.0700,805.7800,135.0000,3,2,1
25.9705,10,101,G10_V101_3,1418.0700,670.7800,135.0000,4,2,1
25.9816,27,116,G27_V116_0,1776.0480,1297.7001,135.0000,1,2,0
25.9816,27,116,G27_V116_1,1641.0480,1432.7001,135.0000,2,2,0
25.9816,27,116,G27_V116_2,1506.0480,1297.7001,135.0000,3,2,1
25.9816,27,116,G27_V116_3,1641.0480,1162.7001,135.0000,4,2,1
25.9912,19,129,G19_V129_0,1594.9300,998.1300,135.0000,1,2,0
25.9912,19,129,G19_V129_1,1459.9300,1133.1300,135.0000,2,2,0
25.9912,19,129,G19_V129_2,1324.9300,998.1300,135.0000,3,2,1
25.9912,19,129,G19_V129_3,1459.9300,863.1300,135.0000,4,2,1
25.9919,45,130,G45_V130_0,2112.1548,1873.4805,135.0000,1,2,0
25.9919,45,130,G45_V130_1,1977.1548,2008.4805,135.0000,2,2,0
25.9919,45,130,G45_V130_2,1842.1548,1873.4805,135.0000,3,2,1
25.9919,45,130,G45_V130_3,1977.1548,1738.4805,135.0000,4,2,1
26.0171,27,29,G27_V29_0,1809.3169,1267.4037,135.0000,1,2,0
26.0171,27,29,G27_V29_1,1674.3169,1402.4037,135.0000,2,2,0
26.0171,27,29,G27_V29_2,1539.3169,1267.4037,135.0000,3,2,1
26.0171,27,29,G27_V29_3,1674.3169,1132.4037,135.0000,4,2,1
26.0231,52,37,G52_V37_0,2036.3328,2182.3552,135.0000,1,2,0
26.0231,52,37,G52_V37_1,1901.3328,2317.3552,135.0000,2,2,0
26.0231,52,37,G52_V37_2,1766.3328,2182.3552,135.0000,3,2,1
26.0231,52,37,G52_V37_3,1901.3328,2047.3552,135.0000,4,2,1
26.0371,20,56,G20_V56_0,1920.4900,1041.1400,135.0000,1,2,0
26.0371,20,56,G20_V56_1,1785.4900,1176.1400,135.0000,2,2,0
26.0371,20,56,G20_V56_2,1650.4900,1041.1400,135.0000,3,2,1
26.0371,20,56,G20_V56_3,1785.4900,906.1400,135.0000,4,2,1
26.0401,19,60,G19_V60_0,1632.1500,1007.1400,135.0000,1,2,0
26.0401,19,60,G19_V60_1,1497.1500,1142.1400,135.0000,2,2,0
26.0401,19,60,G19_V60_2,1362.1500,1007.1400,135.0000,3,2,1
26.0401,19,60,G19_V60_3,1497.1500,872.1400,135.0000,4,2,1
26.0438,20,65,G20_V65_0,1854.1300,979.9800,135.0000,1,2,0
26.0438,20,65,G20_V65_1,1719.1300,1114.9800,135.0000,2,2,0
26.0438,20,65,G20_V65_2,1584.1300,979.9800,135.0000,3,2,1
26.0438,20,65,G20_V65_3,1719.1300,844.9800,135.0000,4,2,1
26.0534,18,78,G18_V78_0,1580.1200,997.3300,135.0000,1,2,0
26.0534,18,78,G18_V78_1,1445.1200,1132.3300,135.0000,2,2,0
26.0534,18,78,G18_V78_2,1310.1200,997.3300,135.0000,3,2,1
26.0534,18,78,G18_V78_3,1445.1200,862.3300,135.0000,4,2,1
26.0594,36,86,G36_V86_0,1947.3031,1667.3358,135.0000,1,2,0
26.0594,36,86,G36_V86_1,1812.3031,1802.3358,135.0000,2,2,0
26.0594,36,86,G36_V86_2,1677.3031,1667.3358,135.0000,3,2,1
26.0594,36,86,G36_V86_3,1812.3031,1532.3358,135.0000,4,2,1
26.0645,19,93,G19_V93_0,1625.2300,1006.1300,135.0000,1,2,0
26.0645,19,93,G19_V93_1,1490.2300,1141.1300,135.0000,2,2,0
26.0645,19,93,G19_V93_2,1355.2300,1006.1300,135.0000,3,2,1
26.0645,19,93,G19_V93_3,1490.2300,871.1300,135.0000,4,2,1
26.0660,26,95,G26_V95_0,1355.8364,1310.0475,135.0000,1,2,0
26.0660,26,95,G26_V95_1,1220.8364,1445.0475,135.0000,2,2,0
26.0660,26,95,G26_V95_2,1085.8364,1310.0475,135.0000,3,2,1
26.0660,26,95,G26_V95_3,1220.8364,1175.0475,135.0000,4,2,1
26.0668,19,96,G19_V96_0,1744.6998,1147.8977,135.0000,1,2,0
26.0668,19,96,G19_V96_1,1609.6998,1282.8977,135.0000,2,2,0
26.0668,19,96,G19_V96_2,1474.6998,1147.8977,135.0000,3,2,1
26.0668,19,96,G19_V96_3,1609.6998,1012.8977,135.0000,4,2,1
26.0705,10,101,G10_V101_0,1553.0700,805.7800,135.0000,1,2,0
26.0705,10,101,G10_V101_1,1418.0700,940.7800,135.0000,2,2,0
26.0705,10,101,G10_V101_2,1283.0700,805.7800,135.0000,3,2,1
26.0705,10,101,G10_V101_3,1418.0700,670.7800,135.0000,4,2,1
26.0816,27,116,G27_V116_0,1774.9477,1298.0711,135.0000,1,2,0
26.0816,27,116,G27_V116_1,1639.9477,1433.0711,135.0000,2,2,0
26.0816,27,116,G27_V116_2,1504.9477,1298.0711,135.0000,3,2,1
26.0816,27,116,G27_V116_3,1639.9477,1163.0711,135.0000,4,2,1
26.0912,19,129,G19_V129_0,1594.9300,998.1300,135.0000,1,2,0
26.0912,19,129,G19_V129_1,1459.9300,1133.1300,135.0000,2,2,0
26.0912,19,129,G19_V129_2,1324.9300,998.1300,135.0000,3,2,1
26.0912,19,129,G19_V129_3,1459.9300,863.1300,135.0000,4,2,1
26.0919,45,130,G45_V130_0,2110.3908,1873.7995,135.0000,1,2,0
26.0919,45,130,G45_V130_1,1975.3908,2008.7995,135.0000,2,2,0
26.0919,45,130,G45_V130_2,1840.3908,1873.7995,135.0000,3,2,1
26.0919,45,130,G45_V130_3,1975.3908,1738.7995,135.0000,4,2,1
26.1171,27,29,G27_V29_0,1809.3169,1267.4037,135.0000,1,2,0
26.1171,27,29,G27_V29_1,1674.3169,1402.4037,135.0000,2,2,0
26.1171,27,29,G27_V29_2,1539.3169,1267.4037,135.0000,3,2,1
26.1171,27,29,G27_V29_3,1674.3169,1132.4037,135.0000,4,2,1
26.1231,52,37,G52_V37_0,2036.1089,2181.0026,135.0000,1,2,0
26.1231,52,37,G52_V37_1,1901.1089,2316.0026,135.0000,2,2,0
26.1231,52,37,G52_V37_2,1766.1089,2181.0026,135.0000,3,2,1
26.1231,52,37,G52_V37_3,1901.1089,2046.0026,135.0000,4,2,1
26.1371,20,56,G20_V56_0,1920.4900,1041.1400,135.0000,1,2,0
26.1371,20,56,G20_V56_1,1785.4900,1176.1400,135.0000,2,2,0
26.1371,20,56,G20_V56_2,1650.4900,1041.1400,135.0000,3,2,1
26.1371,20,56,G20_V56_3,1785.4900,906.1400,135.0000,4,2,1
26.1401,19,60,G19_V60_0,1632.1500,1007.1400,135.0000,1,2,0
26.1401,19,60,G19_V60_1,1497.1500,1142.1400,135.0000,2,2,0
26.1401,19,60,G19_V60_2,1362.1500,1007.1400,135.0000,3,2,1
26.1401,19,60,G19_V60_3,1497.1500,872.1400,135.0000,4,2,1
26.1438,20,65,G20_V65_0,1854.1300,979.9800,135.0000,1,2,0
26.1438,20,65,G20_V65_1,1719.1300,1114.9800,135.0000,2,2,0
26.1438,20,65,G20_V65_2,1584.1300,979.9800,135.0000,3,2,1
26.1438,20,65,G20_V65_3,1719.1300,844.9800,135.0000,4,2,1
26.1534,18,78,G18_V78_0,1580.1200,997.3300,135.0000,1,2,0
26.1534,18,78,G18_V78_1,1445.1200,1132.3300,135.0000,2,2,0
26.1534,18,78,G18_V78_2,1310.1200,997.3300,135.0000,3,2,1
26.1534,18,78,G18_V78_3,1445.1200,862.3300,135.0000,4,2,1
26.1593,36,86,G36_V86_0,1947.1223,1666.3137,135.0000,1,2,0
26.1593,36,86,G36_V86_1,1812.1223,1801.3137,135.0000,2,2,0
26.1593,36,86,G36_V86_2,1677.1223,1666.3137,135.0000,3,2,1
26.1593,36,86,G36_V86_3,1812.1223,1531.3137,135.0000,4,2,1
26.1645,19,93,G19_V93_0,1625.2300,1006.1300,135.0000,1,2,0
26.1645,19,93,G19_V93_1,1490.2300,1141.1300,135.0000,2,2,0
26.1645,19,93,G19_V93_2,1355.2300,1006.1300,135.0000,3,2,1
26.1645,19,93,G19_V93_3,1490.2300,871.1300,135.0000,4,2,1
26.1660,26,95,G26_V95_0,1355.1483,1310.7717,135.0000,1,2,0
26.1660,26,95,G26_V95_1,1220.1483,1445.7717,135.0000,2,2,0
26.1660,26,95,G26_V95_2,1085.1483,1310.7717,135.0000,3,2,1
26.1660,26,95,G26_V95_3,1220.1483,1175.7717,135.0000,4,2,1
26.1668,19,96,G19_V96_0,1745.1646,1148.8392,135.0000,1,2,0
26.1668,19,96,G19_V96_1,1610.1646,1283.8392,135.0000,2,2,0
26.1668,19,96,G19_V96_2,1475.1646,1148.8392,135.0000,3,2,1
26.1668,19,96,G19_V96_3,1610.1646,1013.8392,135.0000,4,2,1
26.1705,10,101,G10_V101_0,1553.0700,805.7800,135.0000,1,2,0
26.1705,10,101,G10_V101_1,1418.0700,940.7800,135.0000,2,2,0
26.1705,10,101,G10_V101_2,1283.0700,805.7800,135.0000,3,2,1
26.1705,10,101,G10_V101_3,1418.0700,670.7800,135.0000,4,2,1
26.1816,27,116,G27_V116_0,1773.8353,1298.4465,135.0000,1,2,0
26.1816,27,116,G27_V116_1,1638.8353,1433.4465,135.0000,2,2,0
26.1816,27,116,G27_V116_2,1503.8353,1298.4465,135.0000,3,2,1
26.1816,27,116,G27_V116_3,1638.8353,1163.4465,135.0000,4,2,1
26.1912,19,129,G19_V129_0,1594.9300,998.1300,135.0000,1,2,0
26.1912,19,129,G19_V129_1,1459.9300,1133.1300,135.0000,2,2,0
26.1912,19,129,G19_V129_2,1324.9300,998.1300,135.0000,3,2,1
26.1912,19,129,G19_V129_3,1459.9300,863.1300,135.0000,4,2,1
26.1920,45,130,G45_V130_0,2108.6168,1874.1270,135.0000,1,2,0
26.1920,45,130,G45_V130_1,1973.6168,2009.1270,135.0000,2,2,0
26.1920,45,130,G45_V130_2,1838.6168,1874.1270,135.0000,3,2,1
26.1920,45,130,G45_V130_3,1973.6168,1739.1270,135.0000,4,2,1
26.2171,27,29,G27_V29_0,1809.3169,1267.4037,135.0000,1,2,0
26.2171,27,29,G27_V29_1,1674.3169,1402.4037,135.0000,2,2,0
26.2171,27,29,G27_V29_2,1539.3169,1267.4037,135.0000,3,2,1
26.2171,27,29,G27_V29_3,1674.3169,1132.4037,135.0000,4,2,1
26.2231,52,37,G52_V37_0,2035.8850,2179.6500,135.0000,1,2,0
26.2231,52,37,G52_V37_1,1900.8850,2314.6500,135.0000,2,2,0
26.2231,52,37,G52_V37_2,1765.8850,2179.6500,135.0000,3,2,1
26.2231,52,37,G52_V37_3,1900.8850,2044.6500,135.0000,4,2,1
26.2371,20,56,G20_V56_0,1920.4900,1041.1400,135.0000,1,2,0
26.2371,20,56,G20_V56_1,1785.4900,1176.1400,135.0000,2,2,0
26.2371,20,56,G20_V56_2,1650.4900,1041.1400,135.0000,3,2,1
26.2371,20,56,G20_V56_3,1785.4900,906.1400,135.0000,4,2,1
26.2401,19,60,G19_V60_0,1632.1500,1007.1400,135.0000,1,2,0
26.2401,19,60,G19_V60_1,1497.1500,1142.1400,135.0000,2,2,0
26.2401,19,60,G19_V60_2,1362.1500,1007.1400,135.0000,3,2,1
26.2401,19,60,G19_V60_3,1497.1500,872.1400,135.0000,4,2,1
26.2438,20,65,G20_V65_0,1854.1300,979.9800,135.0000,1,2,0
26.2438,20,65,G20_V65_1,1719.1300,1114.9800,135.0000,2,2,0
26.2438,20,65,G20_V65_2,1584.1300,979.9800,135.0000,3,2,1
26.2438,20,65,G20_V65_3,1719.1300,844.9800,135.0000,4,2,1
26.2534,18,78,G18_V78_0,1580.1200,997.3300,135.0000,1,2,0
26.2534,18,78,G18_V78_1,1445.1200,1132.3300,135.0000,2,2,0
26.2534,18,78,G18_V78_2,1310.1200,997.3300,135.0000,3,2,1
26.2534,18,78,G18_V78_3,1445.1200,862.3300,135.0000,4,2,1
26.2593,36,86,G36_V86_0,1946.9414,1665.2916,135.0000,1,2,0
26.2593,36,86,G36_V86_1,1811.9414,1800.2916,135.0000,2,2,0
26.2593,36,86,G36_V86_2,1676.9414,1665.2916,135.0000,3,2,1
26.2593,36,86,G36_V86_3,1811.9414,1530.2916,135.0000,4,2,1
26.2645,19,93,G19_V93_0,1625.2300,1006.1300,135.0000,1,2,0
26.2645,19,93,G19_V93_1,1490.2300,1141.1300,135.0000,2,2,0
26.2645,19,93,G19_V93_2,1355.2300,1006.1300,135.0000,3,2,1
26.2645,19,93,G19_V93_3,1490.2300,871.1300,135.0000,4,2,1
26.2660,26,95,G26_V95_0,1354.4602,1311.4960,135.0000,1,2,0
26.2660,26,95,G26_V95_1,1219.4602,1446.4960,135.0000,2,2,0
26.2660,26,95,G26_V95_2,1084.4602,1311.4960,135.0000,3,2,1
26.2660,26,95,G26_V95_3,1219.4602,1176.4960,135.0000,4,2,1
26.2668,19,96,G19_V96_0,1745.6294,1149.7808,135.0000,1,2,0
26.2668,19,96,G19_V96_1,1610.6294,1284.7808,135.0000,2,2,0
26.2668,19,96,G19_V96_2,1475.6294,1149.7808,135.0000,3,2,1
26.2668,19,96,G19_V96_3,1610.6294,1014.7808,135.0000,4,2,1
26.2705,10,101,G10_V101_0,1553.0700,805.7800,135.0000,1,2,0
26.2705,10,101,G10_V101_1,1418.0700,940.7800,135.0000,2,2,0
26.2705,10,101,G10_V101_2,1283.0700,805.7800,135.0000,3,2,1
26.2705,10,101,G10_V101_3,1418.0700,670.7800,135.0000,4,2,1
26.2816,27,116,G27_V116_0,1772.7230,1298.8220,135.0000,1,2,0
26.2816,27,116,G27_V116_1,1637.7230,1433.8220,135.0000,2,2,0
26.2816,27,116,G27_V116_2,1502.7230,1298.8220,135.0000,3,2,1
26.2816,27,116,G27_V116_3,1637.7230,1163.8220,135.0000,4,2,1
26.2912,19,129,G19_V129_0,1594.9300,998.1300,135.0000,1,2,0
26.2912,19,129,G19_V129_1,1459.9300,1133.1300,135.0000,2,2,0
26.2912,19,129,G19_V129_2,1324.9300,998.1300,135.0000,3,2,1
26.2912,19,129,G19_V129_3,1459.9300,863.1300,135.0000,4,2,1
26.2919,45,130,G45_V130_0,2106.8428,1874.4544,135.0000,1,2,0
26.2919,45,130,G45_V130_1,1971.8428,2009.4544,135.0000,2,2,0
26.2919,45,130,G45_V130_2,1836.8428,1874.4544,135.0000,3,2,1
26.2919,45,130,G45_V130_3,1971.8428,1739.4544,135.0000,4,2,1
26.3171,27,29,G27_V29_0,1809.3169,1267.4037,135.0000,1,2,0
26.3171,27,29,G27_V29_1,1674.3169,1402.4037,135.0000,2,2,0
26.3171,27,29,G27_V29_2,1539.3169,1267.4037,135.0000,3,2,1
26.3171,27,29,G27_V29_3,1674.3169,1132.4037,135.0000,4,2,1
26.3231,52,37,G52_V37_0,2035.6610,2178.2974,135.0000,1,2,0
26.3231,52,37,G52_V37_1,1900.6610,2313.2974,135.0000,2,2,0
26.3231,52,37,G52_V37_2,1765.6610,2178.2974,135.0000,3,2,1
26.3231,52,37,G52_V37_3,1900.6610,2043.2974,135.0000,4,2,1
26.3371,20,56,G20_V56_0,1920.4900,1041.1400,135.0000,1,2,0
26.3371,20,56,G20_V56_1,1785.4900,1176.1400,135.0000,2,2,0
26.3371,20,56,G20_V56_2,1650.4900,1041.1400,135.0000,3,2,1
26.3371,20,56,G20_V56_3,1785.4900,906.1400,135.0000,4,2,1
26.3401,19,60,G19_V60_0,1632.1500,1007.1400,135.0000,1,2,0
26.3401,19,60,G19_V60_1,1497.1500,1142.1400,135.0000,2,2,0
26.3401,19,60,G19_V60_2,1362.1500,1007.1400,135.0000,3,2,1
26.3401,19,60,G19_V60_3,1497.1500,872.1400,135.0000,4,2,1
26.3438,20,65,G20_V65_0,1854.1300,979.9800,135.0000,1,2,0
26.3438,20,65,G20_V65_1,1719.1300,1114.9800,135.0000,2,2,0
26.3438,20,65,G20_V65_2,1584.1300,979.9800,135.0000,3,2,1
26.3438,20,65,G20_V65_3,1719.1300,844.9800,135.0000,4,2,1
26.3534,18,78,G18_V78_0,1580.1200,997.3300,135.0000,1,2,0
26.3534,18,78,G18_V78_1,1445.1200,1132.3300,135.0000,2,2,0
26.3534,18,78,G18_V78_2,1310.1200,997.3300,135.0000,3,2,1
26.3534,18,78,G18_V78_3,1445.1200,862.3300,135.0000,4,2,1
26.3593,36,86,G36_V86_0,1946.7606,1664.2694,135.0000,1,2,0
26.3593,36,86,G36_V86_1,1811.7606,1799.2694,135.0000,2,2,0
26.3593,36,86,G36_V86_2,1676.7606,1664.2694,135.0000,3,2,1
26.3593,36,86,G36_V86_3,1811.7606,1529.2694,135.0000,4,2,1
26.3645,19,93,G19_V93_0,1625.2300,1006.1300,135.0000,1,2,0
26.3645,19,93,G19_V93_1,1490.2300,1141.1300,135.0000,2,2,0
26.3645,19,93,G19_V93_2,1355.2300,1006.1300,135.0000,3,2,1
26.3645,19,93,G19_V93_3,1490.2300,871.1300,135.0000,4,2,1
26.3660,26,95,G26_V95_0,1353.7721,1312.2202,135.0000,1,2,0
26.3660,26,95,G26_V95_1,1218.7721,1447.2202,135.0000,2,2,0
26.3660,26,95,G26_V95_2,1083.7721,1312.2202,135.0000,3,2,1
26.3660,26,95,G26_V95_3,1218.7721,1177.2202,135.0000,4,2,1
26.3668,19,96,G19_V96_0,1746.0942,1150.7223,135.0000,1,2,0
26.3668,19,96,G19_V96_1,1611.0942,1285.7223,135.0000,2,2,0
26.3668,19,96,G19_V96_2,1476.0942,1150.7223,135.0000,3,2,1
26.3668,19,96,G19_V96_3,1611.0942,1015.7223,135.0000,4,2,1
26.3705,10,101,G10_V101_0,1553.0700,805.7800,135.0000,1,2,0
26.3705,10,101,G10_V101_1,1418.0700,940.7800,135.0000,2,2,0
26.3705,10,101,G10_V101_2,1283.0700,805.7800,135.0000,3,2,1
26.3705,10,101,G10_V101_3,1418.0700,670.7800,135.0000,4,2,1
26.3816,27,116,G27_V116_0,1771.6106,1299.1974,135.0000,1,2,0
26.3816,27,116,G27_V116_1,1636.6106,1434.1974,135.0000,2,2,0
26.3816,27,116,G27_V116_2,1501.6106,1299.1974,135.0000,3,2,1
26.3816,27,116,G27_V116_3,1636.6106,1164.1974,135.0000,4,2,1
26.3912,19,129,G19_V129_0,1594.9300,998.1300,135.0000,1,2,0
26.3912,19,129,G19_V129_1,1459.9300,1133.1300,135.0000,2,2,0
26.3912,19,129,G19_V129_2,1324.9300,998.1300,135.0000,3,2,1
26.3912,19,129,G19_V129_3,1459.9300,863.1300,135.0000,4,2,1
26.3919,45,130,G45_V130_0,2105.0687,1874.7819,135.0000,1,2,0
26.3919,45,130,G45_V130_1,1970.0687,2009.7819,135.0000,2,2,0
26.3919,45,130,G45_V130_2,1835.0687,1874.7819,135.0000,3,2,1
26.3919,45,130,G45_V130_3,1970.0687,1739.7819,135.0000,4,2,1
26.4171,27,29,G27_V29_0,1809.3169,1267.4037,135.0000,1,2,0
26.4171,27,29,G27_V29_1,1674.3169,1402.4037,135.0000,2,2,0
26.4171,27,29,G27_V29_2,1539.3169,1267.4037,135.0000,3,2,1
26.4171,27,29,G27_V29_3,1674.3169,1132.4037,135.0000,4,2,1
26.4231,52,37,G52_V37_0,2035.4371,2176.9448,135.0000,1,2,0
26.4231,52,37,G52_V37_1,1900.4371,2311.9448,135.0000,2,2,0
26.4231,52,37,G52_V37_2,1765.4371,2176.9448,135.0000,3,2,1
26.4231,52,37,G52_V37_3,1900.4371,2041.9448,135.0000,4,2,1
26.4371,20,56,G20_V56_0,1920.4900,1041.1400,135.0000,1,2,0
26.4371,20,56,G20_V56_1,1785.4900,1176.1400,135.0000,2,2,0
26.4371,20,56,G20_V56_2,1650.4900,1041.1400,135.0000,3,2,1
26.4371,20,56,G20_V56_3,1785.4900,906.1400,135.0000,4,2,1
26.4401,19,60,G19_V60_0,1632.1500,1007.1400,135.0000,1,2,0
26.4401,19,60,G19_V60_1,1497.1500,1142.1400,135.0000,2,2,0
26.4401,19,60,G19_V60_2,1362.1500,1007.1400,135.0000,3,2,1
26.4401,19,60,G19_V60_3,1497.1500,872.1400,135.0000,4,2,1
26.4438,20,65,G20_V65_0,1854.1300,979.9800,135.0000,1,2,0
26.4438,20,65,G20_V65_1,1719.1300,1114.9800,135.0000,2,2,0
26.4438,20,65,G20_V65_2,1584.1300,979.9800,135.0000,3,2,1
26.4438,20,65,G20_V65_3,1719.1300,844.9800,135.0000,4,2,1
26.4534,18,78,G18_V78_0,1580.1200,997.3300,135.0000,1,2,0
26.4534,18,78,G18_V78_1,1445.1200,1132.3300,135.0000,2,2,0
26.4534,18,78,G18_V78_2,1310.1200,997.3300,135.0000,3,2,1
26.4534,18,78,G18_V78_3,1445.1200,862.3300,135.0000,4,2,1
26.4593,36,86,G36_V86_0,1946.5797,1663.2473,135.0000,1,2,0
26.4593,36,86,G36_V86_1,1811.5797,1798.2473,135.0000,2,2,0
26.4593,36,86,G36_V86_2,1676.5797,1663.2473,135.0000,3,2,1
26.4593,36,86,G36_V86_3,1811.5797,1528.2473,135.0000,4,2,1
26.4660,26,95,G26_V95_0,1353.0840,1312.9445,135.0000,1,2,0
26.4660,26,95,G26_V95_1,1218.0840,1447.9445,135.0000,2,2,0
26.4660,26,95,G26_V95_2,1083.0840,1312.9445,135.0000,3,2,1
26.4660,26,95,G26_V95_3,1218.0840,1177.9445,135.0000,4,2,1
26.4668,19,96,G19_V96_0,1746.5589,1151.6638,135.0000,1,2,0
26.4668,19,96,G19_V96_1,1611.5589,1286.6638,135.0000,2,2,0
26.4668,19,96,G19_V96_2,1476.5589,1151.6638,135.0000,3,2,1
26.4668,19,96,G19_V96_3,1611.5589,1016.6638,135.0000,4,2,1
26.4705,10,101,G10_V101_0,1553.0700,805.7800,135.0000,1,2,0
26.4705,10,101,G10_V101_1,1418.0700,940.7800,135.0000,2,2,0
26.4705,10,101,G10_V101_2,1283.0700,805.7800,135.0000,3,2,1
26.4705,10,101,G10_V101_3,1418.0700,670.7800,135.0000,4,2,1
26.4816,27,116,G27_V116_0,1770.4983,1299.5728,135.0000,1,2,0
26.4816,27,116,G27_V116_1,1635.4983,1434.5728,135.0000,2,2,0
26.4816,27,116,G27_V116_2,1500.4983,1299.5728,135.0000,3,2,1
26.4816,27,116,G27_V116_3,1635.4983,1164.5728,135.0000,4,2,1
26.4912,19,129,G19_V129_0,1594.9300,998.1300,135.0000,1,2,0
26.4912,19,129,G19_V129_1,1459.9300,1133.1300,135.0000,2,2,0
26.4912,19,129,G19_V129_2,1324.9300,998.1300,135.0000,3,2,1
26.4912,19,129,G19_V129_3,1459.9300,863.1300,135.0000,4,2,1
26.4920,45,130,G45_V130_0,2103.2947,1875.1093,135.0000,1,2,0
26.4920,45,130,G45_V130_1,1968.2947,2010.1093,135.0000,2,2,0
26.4920,45,130,G45_V130_2,1833.2947,1875.1093,135.0000,3,2,1
26.4920,45,130,G45_V130_3,1968.2947,1740.1093,135.0000,4,2,1
26.5171,27,29,G27_V29_0,1809.3169,1267.4037,135.0000,1,2,0
26.5171,27,29,G27_V29_1,1674.3169,1402.4037,135.0000,2,2,0
26.5171,27,29,G27_V29_2,1539.3169,1267.4037,135.0000,3,2,1
26.5171,27,29,G27_V29_3,1674.3169,1132.4037,135.0000,4,2,1
26.5231,52,37,G52_V37_0,2035.2132,2175.5922,135.0000,1,2,0
26.5231,52,37,G52_V37_1,1900.2132,2310.5922,135.0000,2,2,0
26.5231,52,37,G52_V37_2,1765.2132,2175.5922,135.0000,3,2,1
26.5231,52,37,G52_V37_3,1900.2132,2040.5922,135.0000,4,2,1
26.5371,20,56,G20_V56_0,1920.4900,1041.1400,135.0000,1,2,0
26.5371,20,56,G20_V56_1,1785.4900,1176.1400,135.0000,2,2,0
26.5371,20,56,G20_V56_2,1650.4900,1041.1400,135.0000,3,2,1
26.5371,20,56,G20_V56_3,1785.4900,906.1400,135.0000,4,2,1
26.5401,19,60,G19_V60_0,1632.1500,1007.1400,135.0000,1,2,0
26.5401,19,60,G19_V60_1,1497.1500,1142.1400,135.0000,2,2,0
26.5401,19,60,G19_V60_2,1362.1500,1007.1400,135.0000,3,2,1
26.5401,19,60,G19_V60_3,1497.1500,872.1400,135.0000,4,2,1
26.5438,20,65,G20_V65_0,1854.1300,979.9800,135.0000,1,2,0
26.5438,20,65,G20_V65_1,1719.1300,1114.9800,135.0000,2,2,0
26.5438,20,65,G20_V65_2,1584.1300,979.9800,135.0000,3,2,1
26.5438,20,65,G20_V65_3,1719.1300,844.9800,135.0000,4,2,1
26.5534,18,78,G18_V78_0,1580.1200,997.3300,135.0000,1,2,0
26.5534,18,78,G18_V78_1,1445.1200,1132.3300,135.0000,2,2,0
26.5534,18,78,G18_V78_2,1310.1200,997.3300,135.0000,3,2,1
26.5534,18,78,G18_V78_3,1445.1200,862.3300,135.0000,4,2,1
26.5594,36,86,G36_V86_0,1946.3989,1662.2252,135.0000,1,2,0
26.5594,36,86,G36_V86_1,1811.3989,1797.2252,135.0000,2,2,0
26.5594,36,86,G36_V86_2,1676.3989,1662.2252,135.0000,3,2,1
26.5594,36,86,G36_V86_3,1811.3989,1527.2252,135.0000,4,2,1
26.5660,26,95,G26_V95_0,1352.3959,1313.6687,135.0000,1,2,0
26.5660,26,95,G26_V95_1,1217.3959,1448.6687,135.0000,2,2,0
26.5660,26,95,G26_V95_2,1082.3959,1313.6687,135.0000,3,2,1
26.5660,26,95,G26_V95_3,1217.3959,1178.6687,135.0000,4,2,1
26.5668,19,96,G19_V96_0,1747.0237,1152.6054,135.0000,1,2,0
26.5668,19,96,G19_V96_1,1612.0237,1287.6054,135.0000,2,2,0
26.5668,19,96,G19_V96_2,1477.0237,1152.6054,135.0000,3,2,1
26.5668,19,96,G19_V96_3,1612.0237,1017.6054,135.0000,4,2,1
26.5705,10,101,G10_V101_0,1553.0700,805.7800,135.0000,1,2,0
26.5705,10,101,G10_V101_1,1418.0700,940.7800,135.0000,2,2,0
26.5705,10,101,G10_V101_2,1283.0700,805.7800,135.0000,3,2,1
26.5705,10,101,G10_V101_3,1418.0700,670.7800,135.0000,4,2,1
26.5816,27,116,G27_V116_0,1769.3859,1299.9482,135.0000,1,2,0
26.5816,27,116,G27_V116_1,1634.3859,1434.9482,135.0000,2,2,0
26.5816,27,116,G27_V116_2,1499.3859,1299.9482,135.0000,3,2,1
26.5816,27,116,G27_V116_3,1634.3859,1164.9482,135.0000,4,2,1
26.5912,19,129,G19_V129_0,1594.9300,998.1300,135.0000,1,2,0
26.5912,19,129,G19_V129_1,1459.9300,1133.1300,135.0000,2,2,0
26.5912,19,129,G19_V129_2,1324.9300,998.1300,135.0000,3,2,1
26.5912,19,129,G19_V129_3,1459.9300,863.1300,135.0000,4,2,1
26.5919,45,130,G45_V130_0,2101.5207,1875.4368,135.0000,1,2,0
26.5919,45,130,G45_V130_1,1966.5207,2010.4368,135.0000,2,2,0
26.5919,45,130,G45_V130_2,1831.5207,1875.4368,135.0000,3,2,1
26.5919,45,130,G45_V130_3,1966.5207,1740.4368,135.0000,4,2,1
26.6171,27,29,G27_V29_0,1809.3169,1267.4037,135.0000,1,2,0
26.6171,27,29,G27_V29_1,1674.3169,1402.4037,135.0000,2,2,0
26.6171,27,29,G27_V29_2,1539.3169,1267.4037,135.0000,3,2,1
26.6171,27,29,G27_V29_3,1674.3169,1132.4037,135.0000,4,2,1
26.6231,52,37,G52_V37_0,2034.9893,2174.2397,135.0000,1,2,0
26.6231,52,37,G52_V37_1,1899.9893,2309.2397,135.0000,2,2,0
26.6231,52,37,G52_V37_2,1764.9893,2174.2397,135.0000,3,2,1
26.6231,52,37,G52_V37_3,1899.9893,2039.2397,135.0000,4,2,1
26.6371,20,56,G20_V56_0,1920.4900,1041.1400,135.0000,1,2,0
26.6371,20,56,G20_V56_1,1785.4900,1176.1400,135.0000,2,2,0
26.6371,20,56,G20_V56_2,1650.4900,1041.1400,135.0000,3,2,1
26.6371,20,56,G20_V56_3,1785.4900,906.1400,135.0000,4,2,1
26.6401,19,60,G19_V60_0,1632.1500,1007.1400,135.0000,1,2,0
26.6401,19,60,G19_V60_1,1497.1500,1142.1400,135.0000,2,2,0
26.6401,19,60,G19_V60_2,1362.1500,1007.1400,135.0000,3,2,1
26.6401,19,60,G19_V60_3,1497.1500,872.1400,135.0000,4,2,1
26.6438,20,65,G20_V65_0,1854.1300,979.9800,135.0000,1,2,0
26.6438,20,65,G20_V65_1,1719.1300,1114.9800,135.0000,2,2,0
26.6438,20,65,G20_V65_2,1584.1300,979.9800,135.0000,3,2,1
26.6438,20,65,G20_V65_3,1719.1300,844.9800,135.0000,4,2,1
26.6534,18,78,G18_V78_0,1580.1200,997.3300,135.0000,1,2,0
26.6534,18,78,G18_V78_1,1445.1200,1132.3300,135.0000,2,2,0
26.6534,18,78,G18_V78_2,1310.1200,997.3300,135.0000,3,2,1
26.6534,18,78,G18_V78_3,1445.1200,862.3300,135.0000,4,2,1
26.6594,36,86,G36_V86_0,1946.2180,1661.2031,135.0000,1,2,0
26.6594,36,86,G36_V86_1,1811.2180,1796.2031,135.0000,2,2,0
26.6594,36,86,G36_V86_2,1676.2180,1661.2031,135.0000,3,2,1
26.6594,36,86,G36_V86_3,1811.2180,1526.2031,135.0000,4,2,1
26.6660,26,95,G26_V95_0,1351.7078,1314.3930,135.0000,1,2,0
26.6660,26,95,G26_V95_1,1216.7078,1449.3930,135.0000,2,2,0
26.6660,26,95,G26_V95_2,1081.7078,1314.3930,135.0000,3,2,1
26.6660,26,95,G26_V95_3,1216.7078,1179.3930,135.0000,4,2,1
26.6668,19,96,G19_V96_0,1747.4885,1153.5469,135.0000,1,2,0
26.6668,19,96,G19_V96_1,1612.4885,1288.5469,135.0000,2,2,0
26.6668,19,96,G19_V96_2,1477.4885,1153.5469,135.0000,3,2,1
26.6668,19,96,G19_V96_3,1612.4885,1018.5469,135.0000,4,2,1
26.6705,10,101,G10_V101_0,1553.0700,805.7800,135.0000,1,2,0
26.6705,10,101,G10_V101_1,1418.0700,940.7800,135.0000,2,2,0
26.6705,10,101,G10_V101_2,1283.0700,805.7800,135.0000,3,2,1
26.6705,10,101,G10_V101_3,1418.0700,670.7800,135.0000,4,2,1
26.6816,27,116,G27_V116_0,1768.2735,1300.3237,135.0000,1,2,0
26.6816,27,116,G27_V116_1,1633.2735,1435.3237,135.0000,2,2,0
26.6816,27,116,G27_V116_2,1498.2735,1300.3237,135.0000,3,2,1
26.6816,27,116,G27_V116_3,1633.2735,1165.3237,135.0000,4,2,1
26.6912,19,129,G19_V129_0,1594.9300,998.1300,135.0000,1,2,0
26.6912,19,129,G19_V129_1,1459.9300,1133.1300,135.0000,2,2,0
26.6912,19,129,G19_V129_2,1324.9300,998.1300,135.0000,3,2,1
26.6912,19,129,G19_V129_3,1459.9300,863.1300,135.0000,4,2,1
26.6919,45,130,G45_V130_0,2099.7466,1875.7642,135.0000,1,2,0
26.6919,45,130,G45_V130_1,1964.7466,2010.7642,135.0000,2,2,0
26.6919,45,130,G45_V130_2,1829.7466,1875.7642,135.0000,3,2,1
26.6919,45,130,G45_V130_3,1964.7466,1740.7642,135.0000,4,2,1
26.7171,27,29,G27_V29_0,1809.3169,1267.4037,135.0000,1,2,0
26.7171,27,29,G27_V29_1,1674.3169,1402.4037,135.0000,2,2,0
26.7171,27,29,G27_V29_2,1539.3169,1267.4037,135.0000,3,2,1
26.7171,27,29,G27_V29_3,1674.3169,1132.4037,135.0000,4,2,1
26.7231,52,37,G52_V37_0,2034.7653,2172.8871,135.0000,1,2,0
26.7231,52,37,G52_V37_1,1899.7653,2307.8871,135.0000,2,2,0
26.7231,52,37,G52_V37_2,1764.7653,2172.8871,135.0000,3,2,1
26.7231,52,37,G52_V37_3,1899.7653,2037.8871,135.0000,4,2,1
26.7371,20,56,G20_V56_0,1920.4900,1041.1400,135.0000,1,2,0
26.7371,20,56,G20_V56_1,1785.4900,1176.1400,135.0000,2,2,0
26.7371,20,56,G20_V56_2,1650.4900,1041.1400,135.0000,3,2,1
26.7371,20,56,G20_V56_3,1785.4900,906.1400,135.0000,4,2,1
26.7401,19,60,G19_V60_0,1632.1500,1007.1400,135.0000,1,2,0
26.7401,19,60,G19_V60_1,1497.1500,1142.1400,135.0000,2,2,0
26.7401,19,60,G19_V60_2,1362.1500,1007.1400,135.0000,3,2,1
26.7401,19,60,G19_V60_3,1497.1500,872.1400,135.0000,4,2,1
26.7438,20,65,G20_V65_0,1854.1300,979.9800,135.0000,1,2,0
26.7438,20,65,G20_V65_1,1719.1300,1114.9800,135.0000,2,2,0
26.7438,20,65,G20_V65_2,1584.1300,979.9800,135.0000,3,2,1
26.7438,20,65,G20_V65_3,1719.1300,844.9800,135.0000,4,2,1
26.7534,18,78,G18_V78_0,1580.1200,997.3300,135.0000,1,2,0
26.7534,18,78,G18_V78_1,1445.1200,1132.3300,135.0000,2,2,0
26.7534,18,78,G18_V78_2,1310.1200,997.3300,135.0000,3,2,1
26.7534,18,78,G18_V78_3,1445.1200,862.3300,135.0000,4,2,1
26.7594,36,86,G36_V86_0,1946.0372,1660.1809,135.0000,1,2,0
26.7594,36,86,G36_V86_1,1811.0372,1795.1809,135.0000,2,2,0
26.7594,36,86,G36_V86_2,1676.0372,1660.1809,135.0000,3,2,1
26.7594,36,86,G36_V86_3,1811.0372,1525.1809,135.0000,4,2,1
26.7660,26,95,G26_V95_0,1351.0198,1315.1172,135.0000,1,2,0
26.7660,26,95,G26_V95_1,1216.0198,1450.1172,135.0000,2,2,0
26.7660,26,95,G26_V95_2,1081.0198,1315.1172,135.0000,3,2,1
26.7660,26,95,G26_V95_3,1216.0198,1180.1172,135.0000,4,2,1
26.7668,19,96,G19_V96_0,1747.9532,1154.4884,135.0000,1,2,0
26.7668,19,96,G19_V96_1,1612.9532,1289.4884,135.0000,2,2,0
26.7668,19,96,G19_V96_2,1477.9532,1154.4884,135.0000,3,2,1
26.7668,19,96,G19_V96_3,1612.9532,1019.4884,135.0000,4,2,1
26.7705,10,101,G10_V101_0,1553.0700,805.7800,135.0000,1,2,0
26.7705,10,101,G10_V101_1,1418.0700,940.7800,135.0000,2,2,0
26.7705,10,101,G10_V101_2,1283.0700,805.7800,135.0000,3,2,1
26.7705,10,101,G10_V101_3,1418.0700,670.7800,135.0000,4,2,1
26.7816,27,116,G27_V116_0,1767.1612,1300.6991,135.0000,1,2,0
26.7816,27,116,G27_V116_1,1632.1612,1435.6991,135.0000,2,2,0
26.7816,27,116,G27_V116_2,1497.1612,1300.6991,135.0000,3,2,1
26.7816,27,116,G27_V116_3,1632.1612,1165.6991,135.0000,4,2,1
26.7912,19,129,G19_V129_0,1594.9300,998.1300,135.0000,1,2,0
26.7912,19,129,G19_V129_1,1459.9300,1133.1300,135.0000,2,2,0
26.7912,19,129,G19_V129_2,1324.9300,998.1300,135.0000,3,2,1
26.7912,19,129,G19_V129_3,1459.9300,863.1300,135.0000,4,2,1
26.7919,45,130,G45_V130_0,2097.9726,1876.0917,135.0000,1,2,0
26.7919,45,130,G45_V130_1,1962.9726,2011.0917,135.0000,2,2,0
26.7919,45,130,G45_V130_2,1827.9726,1876.0917,135.0000,3,2,1
26.7919,45,130,G45_V130_3,1962.9726,1741.0917,135.0000,4,2,1
26.8171,27,29,G27_V29_0,1809.3169,1267.4037,135.0000,1,2,0
26.8171,27,29,G27_V29_1,1674.3169,1402.4037,135.0000,2,2,0
26.8171,27,29,G27_V29_2,1539.3169,1267.4037,135.0000,3,2,1
26.8171,27,29,G27_V29_3,1674.3169,1132.4037,135.0000,4,2,1
26.8231,52,37,G52_V37_0,2034.5414,2171.5345,135.0000,1,2,0
26.8231,52,37,G52_V37_1,1899.5414,2306.5345,135.0000,2,2,0
26.8231,52,37,G52_V37_2,1764.5414,2171.5345,135.0000,3,2,1
26.8231,52,37,G52_V37_3,1899.5414,2036.5345,135.0000,4,2,1
26.8371,20,56,G20_V56_0,1920.4900,1041.1400,135.0000,1,2,0
26.8371,20,56,G20_V56_1,1785.4900,1176.1400,135.0000,2,2,0
26.8371,20,56,G20_V56_2,1650.4900,1041.1400,135.0000,3,2,1
26.8371,20,56,G20_V56_3,1785.4900,906.1400,135.0000,4,2,1
26.8401,19,60,G19_V60_0,1632.1500,1007.1400,135.0000,1,2,0
26.8401,19,60,G19_V60_1,1497.1500,1142.1400,135.0000,2,2,0
26.8401,19,60,G19_V60_2,1362.1500,1007.1400,135.0000,3,2,1
26.8401,19,60,G19_V60_3,1497.1500,872.1400,135.0000,4,2,1
26.8438,20,65,G20_V65_0,1854.1300,979.9800,135.0000,1,2,0
26.8438,20,65,G20_V65_1,1719.1300,1114.9800,135.0000,2,2,0
26.8438,20,65,G20_V65_2,1584.1300,979.9800,135.0000,3,2,1
26.8438,20,65,G20_V65_3,1719.1300,844.9800,135.0000,4,2,1
26.8534,18,78,G18_V78_0,1580.1200,997.3300,135.0000,1,2,0
26.8534,18,78,G18_V78_1,1445.1200,1132.3300,135.0000,2,2,0
26.8534,18,78,G18_V78_2,1310.1200,997.3300,135.0000,3,2,1
26.8534,18,78,G18_V78_3,1445.1200,862.3300,135.0000,4,2,1
26.8594,36,86,G36_V86_0,1945.8563,1659.1588,135.0000,1,2,0
26.8594,36,86,G36_V86_1,1810.8563,1794.1588,135.0000,2,2,0
26.8594,36,86,G36_V86_2,1675.8563,1659.1588,135.0000,3,2,1
26.8594,36,86,G36_V86_3,1810.8563,1524.1588,135.0000,4,2,1
26.8660,26,95,G26_V95_0,1350.3317,1315.8415,135.0000,1,2,0
26.8660,26,95,G26_V95_1,1215.3317,1450.8415,135.0000,2,2,0
26.8660,26,95,G26_V95_2,1080.3317,1315.8415,135.0000,3,2,1
26.8660,26,95,G26_V95_3,1215.3317,1180.8415,135.0000,4,2,1
26.8668,19,96,G19_V96_0,1748.4180,1155.4300,135.0000,1,2,0
26.8668,19,96,G19_V96_1,1613.4180,1290.4300,135.0000,2,2,0
26.8668,19,96,G19_V96_2,1478.4180,1155.4300,135.0000,3,2,1
26.8668,19,96,G19_V96_3,1613.4180,1020.4300,135.0000,4,2,1
26.8705,10,101,G10_V101_0,1553.0700,805.7800,135.0000,1,2,0
26.8705,10,101,G10_V101_1,1418.0700,940.7800,135.0000,2,2,0
26.8705,10,101,G10_V101_2,1283.0700,805.7800,135.0000,3,2,1
26.8705,10,101,G10_V101_3,1418.0700,670.7800,135.0000,4,2,1
26.8816,27,116,G27_V116_0,1766.0488,1301.0745,135.0000,1,2,0
26.8816,27,116,G27_V116_1,1631.0488,1436.0745,135.0000,2,2,0
26.8816,27,116,G27_V116_2,1496.0488,1301.0745,135.0000,3,2,1
26.8816,27,116,G27_V116_3,1631.0488,1166.0745,135.0000,4,2,1
26.8912,19,129,G19_V129_0,1594.9300,998.1300,135.0000,1,2,0
26.8912,19,129,G19_V129_1,1459.9300,1133.1300,135.0000,2,2,0
26.8912,19,129,G19_V129_2,1324.9300,998.1300,135.0000,3,2,1
26.8912,19,129,G19_V129_3,1459.9300,863.1300,135.0000,4,2,1
26.8919,45,130,G45_V130_0,2096.1986,1876.4191,135.0000,1,2,0
26.8919,45,130,G45_V130_1,1961.1986,2011.4191,135.0000,2,2,0
26.8919,45,130,G45_V130_2,1826.1986,1876.4191,135.0000,3,2,1
26.8919,45,130,G45_V130_3,1961.1986,1741.4191,135.0000,4,2,1
26.9171,27,29,G27_V29_0,1809.3169,1267.4037,135.0000,1,2,0
26.9171,27,29,G27_V29_1,1674.3169,1402.4037,135.0000,2,2,0
26.9171,27,29,G27_V29_2,1539.3169,1267.4037,135.0000,3,2,1
26.9171,27,29,G27_V29_3,1674.3169,1132.4037,135.0000,4,2,1
26.9231,52,37,G52_V37_0,2034.3175,2170.1819,135.0000,1,2,0
26.9231,52,37,G52_V37_1,1899.3175,2305.1819,135.0000,2,2,0
26.9231,52,37,G52_V37_2,1764.3175,2170.1819,135.0000,3,2,1
26.9231,52,37,G52_V37_3,1899.3175,2035.1819,135.0000,4,2,1
26.9371,20,56,G20_V56_0,1920.4900,1041.1400,135.0000,1,2,0
26.9371,20,56,G20_V56_1,1785.4900,1176.1400,135.0000,2,2,0
26.9371,20,56,G20_V56_2,1650.4900,1041.1400,135.0000,3,2,1
26.9371,20,56,G20_V56_3,1785.4900,906.1400,135.0000,4,2,1
26.9401,19,60,G19_V60_0,1632.1500,1007.1400,135.0000,1,2,0
26.9401,19,60,G19_V60_1,1497.1500,1142.1400,135.0000,2,2,0
26.9401,19,60,G19_V60_2,1362.1500,1007.1400,135.0000,3,2,1
26.9401,19,60,G19_V60_3,1497.1500,872.1400,135.0000,4,2,1
26.9438,20,65,G20_V65_0,1854.1300,979.9800,135.0000,1,2,0
26.9438,20,65,G20_V65_1,1719.1300,1114.9800,135.0000,2,2,0
26.9438,20,65,G20_V65_2,1584.1300,979.9800,135.0000,3,2,1
26.9438,20,65,G20_V65_3,1719.1300,844.9800,135.0000,4,2,1
26.9534,18,78,G18_V78_0,1580.1200,997.3300,135.0000,1,2,0
26.9534,18,78,G18_V78_1,1445.1200,1132.3300,135.0000,2,2,0
26.9534,18,78,G18_V78_2,1310.1200,997.3300,135.0000,3,2,1
26.9534,18,78,G18_V78_3,1445.1200,862.3300,135.0000,4,2,1
26.9594,36,86,G36_V86_0,1945.6755,1658.1367,135.0000,1,2,0
26.9594,36,86,G36_V86_1,1810.6755,1793.1367,135.0000,2,2,0
26.9594,36,86,G36_V86_2,1675.6755,1658.1367,135.0000,3,2,1
26.9594,36,86,G36_V86_3,1810.6755,1523.1367,135.0000,4,2,1
26.9660,26,95,G26_V95_0,1349.6436,1316.5657,135.0000,1,2,0
26.9660,26,95,G26_V95_1,1214.6436,1451.5657,135.0000,2,2,0
26.9660,26,95,G26_V95_2,1079.6436,1316.5657,135.0000,3,2,1
26.9660,26,95,G26_V95_3,1214.6436,1181.5657,135.0000,4,2,1
26.9668,19,96,G19_V96_0,1748.8828,1156.3715,135.0000,1,2,0
26.9668,19,96,G19_V96_1,1613.8828,1291.3715,135.0000,2,2,0
26.9668,19,96,G19_V96_2,1478.8828,1156.3715,135.0000,3,2,1
26.9668,19,96,G19_V96_3,1613.8828,1021.3715,135.0000,4,2,1
26.9705,10,101,G10_V101_0,1553.0700,805.7800,135.0000,1,2,0
26.9705,10,101,G10_V101_1,1418.0700,940.7800,135.0000,2,2,0
26.9705,10,101,G10_V101_2,1283.0700,805.7800,135.0000,3,2,1
26.9705,10,101,G10_V101_3,1418.0700,670.7800,135.0000,4,2,1
26.9816,27,116,G27_V116_0,1764.9365,1301.4499,135.0000,1,2,0
26.9816,27,116,G27_V116_1,1629.9365,1436.4499,135.0000,2,2,0
26.9816,27,116,G27_V116_2,1494.9365,1301.4499,135.0000,3,2,1
26.9816,27,116,G27_V116_3,1629.9365,1166.4499,135.0000,4,2,1
26.9912,19,129,G19_V129_0,1594.9300,998.1300,135.0000,1,2,0
26.9912,19,129,G19_V129_1,1459.9300,1133.1300,135.0000,2,2,0
26.9912,19,129,G19_V129_2,1324.9300,998.1300,135.0000,3,2,1
26.9912,19,129,G19_V129_3,1459.9300,863.1300,135.0000,4,2,1
26.9920,45,130,G45_V130_0,2094.4245,1876.7466,135.0000,1,2,0
26.9920,45,130,G45_V130_1,1959.4245,2011.7466,135.0000,2,2,0
26.9920,45,130,G45_V130_2,1824.4245,1876.7466,135.0000,3,2,1
26.9920,45,130,G45_V130_3,1959.4245,1741.7466,135.0000,4,2,1
27.0171,27,29,G27_V29_0,1809.3169,1267.4037,135.0000,1,2,0
27.0171,27,29,G27_V29_1,1674.3169,1402.4037,135.0000,2,2,0
27.0171,27,29,G27_V29_2,1539.3169,1267.4037,135.0000,3,2,1
27.0171,27,29,G27_V29_3,1674.3169,1132.4037,135.0000,4,2,1
27.0231,52,37,G52_V37_0,2034.0944,2168.8340,135.0000,1,2,0
27.0231,52,37,G52_V37_1,1899.0944,2303.8340,135.0000,2,2,0
27.0231,52,37,G52_V37_2,1764.0944,2168.8340,135.0000,3,2,1
27.0231,52,37,G52_V37_3,1899.0944,2033.8340,135.0000,4,2,1
27.0371,20,56,G20_V56_0,1920.4900,1041.1400,135.0000,1,2,0
27.0371,20,56,G20_V56_1,1785.4900,1176.1400,135.0000,2,2,0
27.0371,20,56,G20_V56_2,1650.4900,1041.1400,135.0000,3,2,1
27.0371,20,56,G20_V56_3,1785.4900,906.1400,135.0000,4,2,1
27.0401,19,60,G19_V60_0,1632.1500,1007.1400,135.0000,1,2,0
27.0401,19,60,G19_V60_1,1497.1500,1142.1400,135.0000,2,2,0
27.0401,19,60,G19_V60_2,1362.1500,1007.1400,135.0000,3,2,1
27.0401,19,60,G19_V60_3,1497.1500,872.1400,135.0000,4,2,1
27.0438,20,65,G20_V65_0,1854.1300,979.9800,135.0000,1,2,0
27.0438,20,65,G20_V65_1,1719.1300,1114.9800,135.0000,2,2,0
27.0438,20,65,G20_V65_2,1584.1300,979.9800,135.0000,3,2,1
27.0438,20,65,G20_V65_3,1719.1300,844.9800,135.0000,4,2,1
27.0534,18,78,G18_V78_0,1580.1200,997.3300,135.0000,1,2,0
27.0534,18,78,G18_V78_1,1445.1200,1132.3300,135.0000,2,2,0
27.0534,18,78,G18_V78_2,1310.1200,997.3300,135.0000,3,2,1
27.0534,18,78,G18_V78_3,1445.1200,862.3300,135.0000,4,2,1
27.0594,36,86,G36_V86_0,1945.6946,1657.2288,135.0000,1,2,0
27.0594,36,86,G36_V86_1,1810.6946,1792.2288,135.0000,2,2,0
27.0594,36,86,G36_V86_2,1675.6946,1657.2288,135.0000,3,2,1
27.0594,36,86,G36_V86_3,1810.6946,1522.2288,135.0000,4,2,1
27.0660,26,95,G26_V95_0,1349.0855,1317.4262,135.0000,1,2,0
27.0660,26,95,G26_V95_1,1214.0855,1452.4262,135.0000,2,2,0
27.0660,26,95,G26_V95_2,1079.0855,1317.4262,135.0000,3,2,1
27.0660,26,95,G26_V95_3,1214.0855,1182.4262,135.0000,4,2,1
27.0668,19,96,G19_V96_0,1749.3699,1157.3570,135.0000,1,2,0
27.0668,19,96,G19_V96_1,1614.3699,1292.3570,135.0000,2,2,0
27.0668,19,96,G19_V96_2,1479.3699,1157.3570,135.0000,3,2,1
27.0668,19,96,G19_V96_3,1614.3699,1022.3570,135.0000,4,2,1
27.0705,10,101,G10_V101_0,1553.0700,805.7800,135.0000,1,2,0
27.0705,10,101,G10_V101_1,1418.0700,940.7800,135.0000,2,2,0
27.0705,10,101,G10_V101_2,1283.0700,805.7800,135.0000,3,2,1
27.0705,10,101,G10_V101_3,1418.0700,670.7800,135.0000,4,2,1
27.0816,27,116,G27_V116_0,1763.7363,1301.8705,135.0000,1,2,0
27.0816,27,116,G27_V116_1,1628.7363,1436.8705,135.0000,2,2,0
27.0816,27,116,G27_V116_2,1493.7363,1301.8705,135.0000,3,2,1
27.0816,27,116,G27_V116_3,1628.7363,1166.8705,135.0000,4,2,1
27.0912,19,129,G19_V129_0,1594.9300,998.1300,135.0000,1,2,0
27.0912,19,129,G19_V129_1,1459.9300,1133.1300,135.0000,2,2,0
27.0912,19,129,G19_V129_2,1324.9300,998.1300,135.0000,3,2,1
27.0912,19,129,G19_V129_3,1459.9300,863.1300,135.0000,4,2,1
27.0919,45,130,G45_V130_0,2092.4478,1877.1145,135.0000,1,2,0
27.0919,45,130,G45_V130_1,1957.4478,2012.1145,135.0000,2,2,0
27.0919,45,130,G45_V130_2,1822.4478,1877.1145,135.0000,3,2,1
27.0919,45,130,G45_V130_3,1957.4478,1742.1145,135.0000,4,2,1
27.1171,27,29,G27_V29_0,1809.3169,1267.4037,135.0000,1,2,0
27.1171,27,29,G27_V29_1,1674.3169,1402.4037,135.0000,2,2,0
27.1171,27,29,G27_V29_2,1539.3169,1267.4037,135.0000,3,2,1
27.1171,27,29,G27_V29_3,1674.3169,1132.4037,135.0000,4,2,1
27.1231,52,37,G52_V37_0,2033.8742,2167.5021,135.0000,1,2,0
27.1231,52,37,G52_V37_1,1898.8742,2302.5021,135.0000,2,2,0
27.1231,52,37,G52_V37_2,1763.8742,2167.5021,135.0000,3,2,1
27.1231,52,37,G52_V37_3,1898.8742,2032.5021,135.0000,4,2,1
27.1371,20,56,G20_V56_0,1920.4900,1041.1400,135.0000,1,2,0
27.1371,20,56,G20_V56_1,1785.4900,1176.1400,135.0000,2,2,0
27.1371,20,56,G20_V56_2,1650.4900,1041.1400,135.0000,3,2,1
27.1371,20,56,G20_V56_3,1785.4900,906.1400,135.0000,4,2,1
27.1401,19,60,G19_V60_0,1632.1500,1007.1400,135.0000,1,2,0
27.1401,19,60,G19_V60_1,1497.1500,1142.1400,135.0000,2,2,0
27.1401,19,60,G19_V60_2,1362.1500,1007.1400,135.0000,3,2,1
27.1401,19,60,G19_V60_3,1497.1500,872.1400,135.0000,4,2,1
27.1438,20,65,G20_V65_0,1854.1300,979.9800,135.0000,1,2,0
27.1438,20,65,G20_V65_1,1719.1300,1114.9800,135.0000,2,2,0
27.1438,20,65,G20_V65_2,1584.1300,979.9800,135.0000,3,2,1
27.1438,20,65,G20_V65_3,1719.1300,844.9800,135.0000,4,2,1
27.1534,18,78,G18_V78_0,1580.1200,997.3300,135.0000,1,2,0
27.1534,18,78,G18_V78_1,1445.1200,1132.3300,135.0000,2,2,0
27.1534,18,78,G18_V78_2,1310.1200,997.3300,135.0000,3,2,1
27.1534,18,78,G18_V78_3,1445.1200,862.3300,135.0000,4,2,1
27.1594,36,86,G36_V86_0,1945.8511,1656.3995,135.0000,1,2,0
27.1594,36,86,G36_V86_1,1810.8511,1791.3995,135.0000,2,2,0
27.1594,36,86,G36_V86_2,1675.8511,1656.3995,135.0000,3,2,1
27.1594,36,86,G36_V86_3,1810.8511,1521.3995,135.0000,4,2,1
27.1660,26,95,G26_V95_0,1348.5479,1318.4064,135.0000,1,2,0
27.1660,26,95,G26_V95_1,1213.5479,1453.4064,135.0000,2,2,0
27.1660,26,95,G26_V95_2,1078.5479,1318.4064,135.0000,3,2,1
27.1660,26,95,G26_V95_3,1213.5479,1183.4064,135.0000,4,2,1
27.1668,19,96,G19_V96_0,1749.8681,1158.3646,135.0000,1,2,0
27.1668,19,96,G19_V96_1,1614.8681,1293.3646,135.0000,2,2,0
27.1668,19,96,G19_V96_2,1479.8681,1158.3646,135.0000,3,2,1
27.1668,19,96,G19_V96_3,1614.8681,1023.3646,135.0000,4,2,1
27.1705,10,101,G10_V101_0,1553.0700,805.7800,135.0000,1,2,0
27.1705,10,101,G10_V101_1,1418.0700,940.7800,135.0000,2,2,0
27.1705,10,101,G10_V101_2,1283.0700,805.7800,135.0000,3,2,1
27.1705,10,101,G10_V101_3,1418.0700,670.7800,135.0000,4,2,1
27.1816,27,116,G27_V116_0,1762.5161,1302.3014,135.0000,1,2,0
27.1816,27,116,G27_V116_1,1627.5161,1437.3014,135.0000,2,2,0
27.1816,27,116,G27_V116_2,1492.5161,1302.3014,135.0000,3,2,1
27.1816,27,116,G27_V116_3,1627.5161,1167.3014,135.0000,4,2,1
27.1912,19,129,G19_V129_0,1594.9300,998.1300,135.0000,1,2,0
27.1912,19,129,G19_V129_1,1459.9300,1133.1300,135.0000,2,2,0
27.1912,19,129,G19_V129_2,1324.9300,998.1300,135.0000,3,2,1
27.1912,19,129,G19_V129_3,1459.9300,863.1300,135.0000,4,2,1
27.1919,45,130,G45_V130_0,2090.4531,1877.4860,135.0000,1,2,0
27.1919,45,130,G45_V130_1,1955.4531,2012.4860,135.0000,2,2,0
27.1919,45,130,G45_V130_2,1820.4531,1877.4860,135.0000,3,2,1
27.1919,45,130,G45_V130_3,1955.4531,1742.4860,135.0000,4,2,1
27.2171,27,29,G27_V29_0,1809.3169,1267.4037,135.0000,1,2,0
27.2171,27,29,G27_V29_1,1674.3169,1402.4037,135.0000,2,2,0
27.2171,27,29,G27_V29_2,1539.3169,1267.4037,135.0000,3,2,1
27.2171,27,29,G27_V29_3,1674.3169,1132.4037,135.0000,4,2,1
27.2231,52,37,G52_V37_0,2033.6541,2166.1702,135.0000,1,2,0
27.2231,52,37,G52_V37_1,1898.6541,2301.1702,135.0000,2,2,0
27.2231,52,37,G52_V37_2,1763.6541,2166.1702,135.0000,3,2,1
27.2231,52,37,G52_V37_3,1898.6541,2031.1702,135.0000,4,2,1
27.2371,20,56,G20_V56_0,1920.4900,1041.1400,135.0000,1,2,0
27.2371,20,56,G20_V56_1,1785.4900,1176.1400,135.0000,2,2,0
27.2371,20,56,G20_V56_2,1650.4900,1041.1400,135.0000,3,2,1
27.2371,20,56,G20_V56_3,1785.4900,906.1400,135.0000,4,2,1
27.2401,19,60,G19_V60_0,1632.1500,1007.1400,135.0000,1,2,0
27.2401,19,60,G19_V60_1,1497.1500,1142.1400,135.0000,2,2,0
27.2401,19,60,G19_V60_2,1362.1500,1007.1400,135.0000,3,2,1
27.2401,19,60,G19_V60_3,1497.1500,872.1400,135.0000,4,2,1
27.2438,20,65,G20_V65_0,1854.1300,979.9800,135.0000,1,2,0
27.2438,20,65,G20_V65_1,1719.1300,1114.9800,135.0000,2,2,0
27.2438,20,65,G20_V65_2,1584.1300,979.9800,135.0000,3,2,1
27.2438,20,65,G20_V65_3,1719.1300,844.9800,135.0000,4,2,1
27.2534,18,78,G18_V78_0,1580.1200,997.3300,135.0000,1,2,0
27.2534,18,78,G18_V78_1,1445.1200,1132.3300,135.0000,2,2,0
27.2534,18,78,G18_V78_2,1310.1200,997.3300,135.0000,3,2,1
27.2534,18,78,G18_V78_3,1445.1200,862.3300,135.0000,4,2,1
27.2594,36,86,G36_V86_0,1946.0077,1655.5701,135.0000,1,2,0
27.2594,36,86,G36_V86_1,1811.0077,1790.5701,135.0000,2,2,0
27.2594,36,86,G36_V86_2,1676.0077,1655.5701,135.0000,3,2,1
27.2594,36,86,G36_V86_3,1811.0077,1520.5701,135.0000,4,2,1
27.2660,26,95,G26_V95_0,1348.0102,1319.3867,135.0000,1,2,0
27.2660,26,95,G26_V95_1,1213.0102,1454.3867,135.0000,2,2,0
27.2660,26,95,G26_V95_2,1078.0102,1319.3867,135.0000,3,2,1
27.2660,26,95,G26_V95_3,1213.0102,1184.3867,135.0000,4,2,1
27.2668,19,96,G19_V96_0,1750.3664,1159.3721,135.0000,1,2,0
27.2668,19,96,G19_V96_1,1615.3664,1294.3721,135.0000,2,2,0
27.2668,19,96,G19_V96_2,1480.3664,1159.3721,135.0000,3,2,1
27.2668,19,96,G19_V96_3,1615.3664,1024.3721,135.0000,4,2,1
27.2705,10,101,G10_V101_0,1553.0700,805.7800,135.0000,1,2,0
27.2705,10,101,G10_V101_1,1418.0700,940.7800,135.0000,2,2,0
27.2705,10,101,G10_V101_2,1283.0700,805.7800,135.0000,3,2,1
27.2705,10,101,G10_V101_3,1418.0700,670.7800,135.0000,4,2,1
27.2816,27,116,G27_V116_0,1761.2960,1302.7322,135.0000,1,2,0
27.2816,27,116,G27_V116_1,1626.2960,1437.7322,135.0000,2,2,0
27.2816,27,116,G27_V116_2,1491.2960,1302.7322,135.0000,3,2,1
27.2816,27,116,G27_V116_3,1626.2960,1167.7322,135.0000,4,2,1
27.2912,19,129,G19_V129_0,1594.9300,998.1300,135.0000,1,2,0
27.2912,19,129,G19_V129_1,1459.9300,1133.1300,135.0000,2,2,0
27.2912,19,129,G19_V129_2,1324.9300,998.1300,135.0000,3,2,1
27.2912,19,129,G19_V129_3,1459.9300,863.1300,135.0000,4,2,1
27.2919,45,130,G45_V130_0,2088.4584,1877.8575,135.0000,1,2,0
27.2919,45,130,G45_V130_1,1953.4584,2012.8575,135.0000,2,2,0
27.2919,45,130,G45_V130_2,1818.4584,1877.8575,135.0000,3,2,1
27.2919,45,130,G45_V130_3,1953.4584,1742.8575,135.0000,4,2,1
27.3171,27,29,G27_V29_0,1809.3169,1267.4037,135.0000,1,2,0
27.3171,27,29,G27_V29_1,1674.3169,1402.4037,135.0000,2,2,0
27.3171,27,29,G27_V29_2,1539.3169,1267.4037,135.0000,3,2,1
27.3171,27,29,G27_V29_3,1674.3169,1132.4037,135.0000,4,2,1
27.3231,52,37,G52_V37_0,2033.4339,2164.8383,135.0000,1,2,0
27.3231,52,37,G52_V37_1,1898.4339,2299.8383,135.0000,2,2,0
27.3231,52,37,G52_V37_2,1763.4339,2164.8383,135.0000,3,2,1
27.3231,52,37,G52_V37_3,1898.4339,2029.8383,135.0000,4,2,1
27.3371,20,56,G20_V56_0,1920.4900,1041.1400,135.0000,1,2,0
27.3371,20,56,G20_V56_1,1785.4900,1176.1400,135.0000,2,2,0
27.3371,20,56,G20_V56_2,1650.4900,1041.1400,135.0000,3,2,1
27.3371,20,56,G20_V56_3,1785.4900,906.1400,135.0000,4,2,1
27.3401,19,60,G19_V60_0,1632.1500,1007.1400,135.0000,1,2,0
27.3401,19,60,G19_V60_1,1497.1500,1142.1400,135.0000,2,2,0
27.3401,19,60,G19_V60_2,1362.1500,1007.1400,135.0000,3,2,1
27.3401,19,60,G19_V60_3,1497.1500,872.1400,135.0000,4,2,1
27.3438,20,65,G20_V65_0,1854.1300,979.9800,135.0000,1,2,0
27.3438,20,65,G20_V65_1,1719.1300,1114.9800,135.0000,2,2,0
27.3438,20,65,G20_V65_2,1584.1300,979.9800,135.0000,3,2,1
27.3438,20,65,G20_V65_3,1719.1300,844.9800,135.0000,4,2,1
27.3534,18,78,G18_V78_0,1580.1200,997.3300,135.0000,1,2,0
27.3534,18,78,G18_V78_1,1445.1200,1132.3300,135.0000,2,2,0
27.3534,18,78,G18_V78_2,1310.1200,997.3300,135.0000,3,2,1
27.3534,18,78,G18_V78_3,1445.1200,862.3300,135.0000,4,2,1
27.3594,36,86,G36_V86_0,1946.1643,1654.7407,135.0000,1,2,0
27.3594,36,86,G36_V86_1,1811.1643,1789.7407,135.0000,2,2,0
27.3594,36,86,G36_V86_2,1676.1643,1654.7407,135.0000,3,2,1
27.3594,36,86,G36_V86_3,1811.1643,1519.7407,135.0000,4,2,1
27.3660,26,95,G26_V95_0,1347.4725,1320.3669,135.0000,1,2,0
27.3660,26,95,G26_V95_1,1212.4725,1455.3669,135.0000,2,2,0
27.3660,26,95,G26_V95_2,1077.4725,1320.3669,135.0000,3,2,1
27.3660,26,95,G26_V95_3,1212.4725,1185.3669,135.0000,4,2,1
27.3668,19,96,G19_V96_0,1750.8647,1160.3796,135.0000,1,2,0
27.3668,19,96,G19_V96_1,1615.8647,1295.3796,135.0000,2,2,0
27.3668,19,96,G19_V96_2,1480.8647,1160.3796,135.0000,3,2,1
27.3668,19,96,G19_V96_3,1615.8647,1025.3796,135.0000,4,2,1
27.3705,10,101,G10_V101_0,1553.0700,805.7800,135.0000,1,2,0
27.3705,10,101,G10_V101_1,1418.0700,940.7800,135.0000,2,2,0
27.3705,10,101,G10_V101_2,1283.0700,805.7800,135.0000,3,2,1
27.3705,10,101,G10_V101_3,1418.0700,670.7800,135.0000,4,2,1
27.3816,27,116,G27_V116_0,1760.0758,1303.1631,135.0000,1,2,0
27.3816,27,116,G27_V116_1,1625.0758,1438.1631,135.0000,2,2,0
27.3816,27,116,G27_V116_2,1490.0758,1303.1631,135.0000,3,2,1
27.3816,27,116,G27_V116_3,1625.0758,1168.1631,135.0000,4,2,1
27.3912,19,129,G19_V129_0,1594.9300,998.1300,135.0000,1,2,0
27.3912,19,129,G19_V129_1,1459.9300,1133.1300,135.0000,2,2,0
27.3912,19,129,G19_V129_2,1324.9300,998.1300,135.0000,3,2,1
27.3912,19,129,G19_V129_3,1459.9300,863.1300,135.0000,4,2,1
27.3919,45,130,G45_V130_0,2086.4637,1878.2290,135.0000,1,2,0
27.3919,45,130,G45_V130_1,1951.4637,2013.2290,135.0000,2,2,0
27.3919,45,130,G45_V130_2,1816.4637,1878.2290,135.0000,3,2,1
27.3919,45,130,G45_V130_3,1951.4637,1743.2290,135.0000,4,2,1
27.4171,27,29,G27_V29_0,1809.3169,1267.4037,135.0000,1,2,0
27.4171,27,29,G27_V29_1,1674.3169,1402.4037,135.0000,2,2,0
27.4171,27,29,G27_V29_2,1539.3169,1267.4037,135.0000,3,2,1
27.4171,27,29,G27_V29_3,1674.3169,1132.4037,135.0000,4,2,1
27.4231,52,37,G52_V37_0,2033.2138,2163.5063,135.0000,1,2,0
27.4231,52,37,G52_V37_1,1898.2138,2298.5063,135.0000,2,2,0
27.4231,52,37,G52_V37_2,1763.2138,2163.5063,135.0000,3,2,1
27.4231,52,37,G52_V37_3,1898.2138,2028.5063,135.0000,4,2,1
27.4371,20,56,G20_V56_0,1920.4900,1041.1400,135.0000,1,2,0
27.4371,20,56,G20_V56_1,1785.4900,1176.1400,135.0000,2,2,0
27.4371,20,56,G20_V56_2,1650.4900,1041.1400,135.0000,3,2,1
27.4371,20,56,G20_V56_3,1785.4900,906.1400,135.0000,4,2,1
27.4401,19,60,G19_V60_0,1632.1500,1007.1400,135.0000,1,2,0
27.4401,19,60,G19_V60_1,1497.1500,1142.1400,135.0000,2,2,0
27.4401,19,60,G19_V60_2,1362.1500,1007.1400,135.0000,3,2,1
27.4401,19,60,G19_V60_3,1497.1500,872.1400,135.0000,4,2,1
27.4438,20,65,G20_V65_0,1854.1300,979.9800,135.0000,1,2,0
27.4438,20,65,G20_V65_1,1719.1300,1114.9800,135.0000,2,2,0
27.4438,20,65,G20_V65_2,1584.1300,979.9800,135.0000,3,2,1
27.4438,20,65,G20_V65_3,1719.1300,844.9800,135.0000,4,2,1
27.4534,18,78,G18_V78_0,1580.1200,997.3300,135.0000,1,2,0
27.4534,18,78,G18_V78_1,1445.1200,1132.3300,135.0000,2,2,0
27.4534,18,78,G18_V78_2,1310.1200,997.3300,135.0000,3,2,1
27.4534,18,78,G18_V78_3,1445.1200,862.3300,135.0000,4,2,1
27.4594,36,86,G36_V86_0,1946.3208,1653.9114,135.0000,1,2,0
27.4594,36,86,G36_V86_1,1811.3208,1788.9114,135.0000,2,2,0
27.4594,36,86,G36_V86_2,1676.3208,1653.9114,135.0000,3,2,1
27.4594,36,86,G36_V86_3,1811.3208,1518.9114,135.0000,4,2,1
27.4660,26,95,G26_V95_0,1346.9349,1321.3471,135.0000,1,2,0
27.4660,26,95,G26_V95_1,1211.9349,1456.3471,135.0000,2,2,0
27.4660,26,95,G26_V95_2,1076.9349,1321.3471,135.0000,3,2,1
27.4660,26,95,G26_V95_3,1211.9349,1186.3471,135.0000,4,2,1
27.4668,19,96,G19_V96_0,1751.3629,1161.3871,135.0000,1,2,0
27.4668,19,96,G19_V96_1,1616.3629,1296.3871,135.0000,2,2,0
27.4668,19,96,G19_V96_2,1481.3629,1161.3871,135.0000,3,2,1
27.4668,19,96,G19_V96_3,1616.3629,1026.3871,135.0000,4,2,1
27.4705,10,101,G10_V101_0,1553.0700,805.7800,135.0000,1,2,0
27.4705,10,101,G10_V101_1,1418.0700,940.7800,135.0000,2,2,0
27.4705,10,101,G10_V101_2,1283.0700,805.7800,135.0000,3,2,1
27.4705,10,101,G10_V101_3,1418.0700,670.7800,135.0000,4,2,1
27.4816,27,116,G27_V116_0,1758.8556,1303.5940,135.0000,1,2,0
27.4816,27,116,G27_V116_1,1623.8556,1438.5940,135.0000,2,2,0
27.4816,27,116,G27_V116_2,1488.8556,1303.5940,135.0000,3,2,1
27.4816,27,116,G27_V116_3,1623.8556,1168.5940,135.0000,4,2,1
27.4912,19,129,G19_V129_0,1594.9300,998.1300,135.0000,1,2,0
27.4912,19,129,G19_V129_1,1459.9300,1133.1300,135.0000,2,2,0
27.4912,19,129,G19_V129_2,1324.9300,998.1300,135.0000,3,2,1
27.4912,19,129,G19_V129_3,1459.9300,863.1300,135.0000,4,2,1
27.4919,45,130,G45_V130_0,2084.4690,1878.6005,135.0000,1,2,0
27.4919,45,130,G45_V130_1,1949.4690,2013.6005,135.0000,2,2,0
27.4919,45,130,G45_V130_2,1814.4690,1878.6005,135.0000,3,2,1
27.4919,45,130,G45_V130_3,1949.4690,1743.6005,135.0000,4,2,1
27.5176,27,29,G27_V29_0,1809.3169,1267.4037,135.0000,1,2,0
27.5176,27,29,G27_V29_1,1674.3169,1402.4037,135.0000,2,2,0
27.5176,27,29,G27_V29_2,1539.3169,1267.4037,135.0000,3,2,1
27.5176,27,29,G27_V29_3,1674.3169,1132.4037,135.0000,4,2,1
27.5231,52,37,G52_V37_0,2032.9936,2162.1744,135.0000,1,2,0
27.5231,52,37,G52_V37_1,1897.9936,2297.1744,135.0000,2,2,0
27.5231,52,37,G52_V37_2,1762.9936,2162.1744,135.0000,3,2,1
27.5231,52,37,G52_V37_3,1897.9936,2027.1744,135.0000,4,2,1
27.5371,20,56,G20_V56_0,1920.4900,1041.1400,135.0000,1,2,0
27.5371,20,56,G20_V56_1,1785.4900,1176.1400,135.0000,2,2,0
27.5371,20,56,G20_V56_2,1650.4900,1041.1400,135.0000,3,2,1
27.5371,20,56,G20_V56_3,1785.4900,906.1400,135.0000,4,2,1
27.5401,19,60,G19_V60_0,1632.1500,1007.1400,135.0000,1,2,0
27.5401,19,60,G19_V60_1,1497.1500,1142.1400,135.0000,2,2,0
27.5401,19,60,G19_V60_2,1362.1500,1007.1400,135.0000,3,2,1
27.5401,19,60,G19_V60_3,1497.1500,872.1400,135.0000,4,2,1
27.5438,20,65,G20_V65_0,1854.1300,979.9800,135.0000,1,2,0
27.5438,20,65,G20_V65_1,1719.1300,1114.9800,135.0000,2,2,0
27.5438,20,65,G20_V65_2,1584.1300,979.9800,135.0000,3,2,1
27.5438,20,65,G20_V65_3,1719.1300,844.9800,135.0000,4,2,1
27.5534,18,78,G18_V78_0,1580.1200,997.3300,135.0000,1,2,0
27.5534,18,78,G18_V78_1,1445.1200,1132.3300,135.0000,2,2,0
27.5534,18,78,G18_V78_2,1310.1200,997.3300,135.0000,3,2,1
27.5534,18,78,G18_V78_3,1445.1200,862.3300,135.0000,4,2,1
27.5594,36,86,G36_V86_0,1946.4774,1653.0820,135.0000,1,2,0
27.5594,36,86,G36_V86_1,1811.4774,1788.0820,135.0000,2,2,0
27.5594,36,86,G36_V86_2,1676.4774,1653.0820,135.0000,3,2,1
27.5594,36,86,G36_V86_3,1811.4774,1518.0820,135.0000,4,2,1
27.5660,26,95,G26_V95_0,1346.3972,1322.3273,135.0000,1,2,0
27.5660,26,95,G26_V95_1,1211.3972,1457.3273,135.0000,2,2,0
27.5660,26,95,G26_V95_2,1076.3972,1322.3273,135.0000,3,2,1
27.5660,26,95,G26_V95_3,1211.3972,1187.3273,135.0000,4,2,1
27.5668,19,96,G19_V96_0,1751.8612,1162.3947,135.0000,1,2,0
27.5668,19,96,G19_V96_1,1616.8612,1297.3947,135.0000,2,2,0
27.5668,19,96,G19_V96_2,1481.8612,1162.3947,135.0000,3,2,1
27.5668,19,96,G19_V96_3,1616.8612,1027.3947,135.0000,4,2,1
27.5705,10,101,G10_V101_0,1553.0700,805.7800,135.0000,1,2,0
27.5705,10,101,G10_V101_1,1418.0700,940.7800,135.0000,2,2,0
27.5705,10,101,G10_V101_2,1283.0700,805.7800,135.0000,3,2,1
27.5705,10,101,G10_V101_3,1418.0700,670.7800,135.0000,4,2,1
27.5816,27,116,G27_V116_0,1757.6355,1304.0248,135.0000,1,2,0
27.5816,27,116,G27_V116_1,1622.6355,1439.0248,135.0000,2,2,0
27.5816,27,116,G27_V116_2,1487.6355,1304.0248,135.0000,3,2,1
27.5816,27,116,G27_V116_3,1622.6355,1169.0248,135.0000,4,2,1
27.5912,19,129,G19_V129_0,1594.9300,998.1300,135.0000,1,2,0
27.5912,19,129,G19_V129_1,1459.9300,1133.1300,135.0000,2,2,0
27.5912,19,129,G19_V129_2,1324.9300,998.1300,135.0000,3,2,1
27.5912,19,129,G19_V129_3,1459.9300,863.1300,135.0000,4,2,1
27.5919,45,130,G45_V130_0,2082.4743,1878.9719,135.0000,1,2,0
27.5919,45,130,G45_V130_1,1947.4743,2013.9719,135.0000,2,2,0
27.5919,45,130,G45_V130_2,1812.4743,1878.9719,135.0000,3,2,1
27.5919,45,130,G45_V130_3,1947.4743,1743.9719,135.0000,4,2,1
27.6171,27,29,G27_V29_0,1809.3169,1267.4037,135.0000,1,2,0
27.6171,27,29,G27_V29_1,1674.3169,1402.4037,135.0000,2,2,0
27.6171,27,29,G27_V29_2,1539.3169,1267.4037,135.0000,3,2,1
27.6171,27,29,G27_V29_3,1674.3169,1132.4037,135.0000,4,2,1
27.6231,52,37,G52_V37_0,2032.7735,2160.8425,135.0000,1,2,0
27.6231,52,37,G52_V37_1,1897.7735,2295.8425,135.0000,2,2,0
27.6231,52,37,G52_V37_2,1762.7735,2160.8425,135.0000,3,2,1
27.6231,52,37,G52_V37_3,1897.7735,2025.8425,135.0000,4,2,1
27.6371,20,56,G20_V56_0,1920.4900,1041.1400,135.0000,1,2,0
27.6371,20,56,G20_V56_1,1785.4900,1176.1400,135.0000,2,2,0
27.6371,20,56,G20_V56_2,1650.4900,1041.1400,135.0000,3,2,1
27.6371,20,56,G20_V56_3,1785.4900,906.1400,135.0000,4,2,1
27.6401,19,60,G19_V60_0,1632.1500,1007.1400,135.0000,1,2,0
27.6401,19,60,G19_V60_1,1497.1500,1142.1400,135.0000,2,2,0
27.6401,19,60,G19_V60_2,1362.1500,1007.1400,135.0000,3,2,1
27.6401,19,60,G19_V60_3,1497.1500,872.1400,135.0000,4,2,1
27.6438,20,65,G20_V65_0,1854.1300,979.9800,135.0000,1,2,0
27.6438,20,65,G20_V65_1,1719.1300,1114.9800,135.0000,2,2,0
27.6438,20,65,G20_V65_2,1584.1300,979.9800,135.0000,3,2,1
27.6438,20,65,G20_V65_3,1719.1300,844.9800,135.0000,4,2,1
27.6534,18,78,G18_V78_0,1580.1200,997.3300,135.0000,1,2,0
27.6534,18,78,G18_V78_1,1445.1200,1132.3300,135.0000,2,2,0
27.6534,18,78,G18_V78_2,1310.1200,997.3300,135.0000,3,2,1
27.6534,18,78,G18_V78_3,1445.1200,862.3300,135.0000,4,2,1
27.6594,36,86,G36_V86_0,1946.6339,1652.2527,135.0000,1,2,0
27.6594,36,86,G36_V86_1,1811.6339,1787.2527,135.0000,2,2,0
27.6594,36,86,G36_V86_2,1676.6339,1652.2527,135.0000,3,2,1
27.6594,36,86,G36_V86_3,1811.6339,1517.2527,135.0000,4,2,1
27.6660,26,95,G26_V95_0,1345.8595,1323.3076,135.0000,1,2,0
27.6660,26,95,G26_V95_1,1210.8595,1458.3076,135.0000,2,2,0
27.6660,26,95,G26_V95_2,1075.8595,1323.3076,135.0000,3,2,1
27.6660,26,95,G26_V95_3,1210.8595,1188.3076,135.0000,4,2,1
27.6668,19,96,G19_V96_0,1752.3594,1163.4022,135.0000,1,2,0
27.6668,19,96,G19_V96_1,1617.3594,1298.4022,135.0000,2,2,0
27.6668,19,96,G19_V96_2,1482.3594,1163.4022,135.0000,3,2,1
27.6668,19,96,G19_V96_3,1617.3594,1028.4022,135.0000,4,2,1
27.6705,10,101,G10_V101_0,1553.0700,805.7800,135.0000,1,2,0
27.6705,10,101,G10_V101_1,1418.0700,940.7800,135.0000,2,2,0
27.6705,10,101,G10_V101_2,1283.0700,805.7800,135.0000,3,2,1
27.6705,10,101,G10_V101_3,1418.0700,670.7800,135.0000,4,2,1
27.6816,27,116,G27_V116_0,1756.4153,1304.4557,135.0000,1,2,0
27.6816,27,116,G27_V116_1,1621.4153,1439.4557,135.0000,2,2,0
27.6816,27,116,G27_V116_2,1486.4153,1304.4557,135.0000,3,2,1
27.6816,27,116,G27_V116_3,1621.4153,1169.4557,135.0000,4,2,1
27.6912,19,129,G19_V129_0,1594.9300,998.1300,135.0000,1,2,0
27.6912,19,129,G19_V129_1,1459.9300,1133.1300,135.0000,2,2,0
27.6912,19,129,G19_V129_2,1324.9300,998.1300,135.0000,3,2,1
27.6912,19,129,G19_V129_3,1459.9300,863.1300,135.0000,4,2,1
27.7171,27,29,G27_V29_0,1809.3169,1267.4037,135.0000,1,2,0
27.7171,27,29,G27_V29_1,1674.3169,1402.4037,135.0000,2,2,0
27.7171,27,29,G27_V29_2,1539.3169,1267.4037,135.0000,3,2,1
27.7171,27,29,G27_V29_3,1674.3169,1132.4037,135.0000,4,2,1
27.7231,52,37,G52_V37_0,2032.5533,2159.5105,135.0000,1,2,0
27.7231,52,37,G52_V37_1,1897.5533,2294.5105,135.0000,2,2,0
27.7231,52,37,G52_V37_2,1762.5533,2159.5105,135.0000,3,2,1
27.7231,52,37,G52_V37_3,1897.5533,2024.5105,135.0000,4,2,1
27.7371,20,56,G20_V56_0,1920.4900,1041.1400,135.0000,1,2,0
27.7371,20,56,G20_V56_1,1785.4900,1176.1400,135.0000,2,2,0
27.7371,20,56,G20_V56_2,1650.4900,1041.1400,135.0000,3,2,1
27.7371,20,56,G20_V56_3,1785.4900,906.1400,135.0000,4,2,1
27.7401,19,60,G19_V60_0,1632.1500,1007.1400,135.0000,1,2,0
27.7401,19,60,G19_V60_1,1497.1500,1142.1400,135.0000,2,2,0
27.7401,19,60,G19_V60_2,1362.1500,1007.1400,135.0000,3,2,1
27.7401,19,60,G19_V60_3,1497.1500,872.1400,135.0000,4,2,1
27.7438,20,65,G20_V65_0,1854.1300,979.9800,135.0000,1,2,0
27.7438,20,65,G20_V65_1,1719.1300,1114.9800,135.0000,2,2,0
27.7438,20,65,G20_V65_2,1584.1300,979.9800,135.0000,3,2,1
27.7438,20,65,G20_V65_3,1719.1300,844.9800,135.0000,4,2,1
27.7534,18,78,G18_V78_0,1580.1200,997.3300,135.0000,1,2,0
27.7534,18,78,G18_V78_1,1445.1200,1132.3300,135.0000,2,2,0
27.7534,18,78,G18_V78_2,1310.1200,997.3300,135.0000,3,2,1
27.7534,18,78,G18_V78_3,1445.1200,862.3300,135.0000,4,2,1
27.7594,36,86,G36_V86_0,1946.7905,1651.4233,135.0000,1,2,0
27.7594,36,86,G36_V86_1,1811.7905,1786.4233,135.0000,2,2,0
27.7594,36,86,G36_V86_2,1676.7905,1651.4233,135.0000,3,2,1
27.7594,36,86,G36_V86_3,1811.7905,1516.4233,135.0000,4,2,1
27.7660,26,95,G26_V95_0,1345.3218,1324.2878,135.0000,1,2,0
27.7660,26,95,G26_V95_1,1210.3218,1459.2878,135.0000,2,2,0
27.7660,26,95,G26_V95_2,1075.3218,1324.2878,135.0000,3,2,1
27.7660,26,95,G26_V95_3,1210.3218,1189.2878,135.0000,4,2,1
27.7668,19,96,G19_V96_0,1752.8577,1164.4097,135.0000,1,2,0
27.7668,19,96,G19_V96_1,1617.8577,1299.4097,135.0000,2,2,0
27.7668,19,96,G19_V96_2,1482.8577,1164.4097,135.0000,3,2,1
27.7668,19,96,G19_V96_3,1617.8577,1029.4097,135.0000,4,2,1
27.7705,10,101,G10_V101_0,1553.0700,805.7800,135.0000,1,2,0
27.7705,10,101,G10_V101_1,1418.0700,940.7800,135.0000,2,2,0
27.7705,10,101,G10_V101_2,1283.0700,805.7800,135.0000,3,2,1
27.7705,10,101,G10_V101_3,1418.0700,670.7800,135.0000,4,2,1
27.7816,27,116,G27_V116_0,1755.1951,1304.8865,135.0000,1,2,0
27.7816,27,116,G27_V116_1,1620.1951,1439.8865,135.0000,2,2,0
27.7816,27,116,G27_V116_2,1485.1951,1304.8865,135.0000,3,2,1
27.7816,27,116,G27_V116_3,1620.1951,1169.8865,135.0000,4,2,1
27.7912,19,129,G19_V129_0,1594.9300,998.1300,135.0000,1,2,0
27.7912,19,129,G19_V129_1,1459.9300,1133.1300,135.0000,2,2,0
27.7912,19,129,G19_V129_2,1324.9300,998.1300,135.0000,3,2,1
27.7912,19,129,G19_V129_3,1459.9300,863.1300,135.0000,4,2,1
27.8171,27,29,G27_V29_0,1809.3169,1267.4037,135.0000,1,2,0
27.8171,27,29,G27_V29_1,1674.3169,1402.4037,135.0000,2,2,0
27.8171,27,29,G27_V29_2,1539.3169,1267.4037,135.0000,3,2,1
27.8171,27,29,G27_V29_3,1674.3169,1132.4037,135.0000,4,2,1
27.8231,52,37,G52_V37_0,2032.3332,2158.1786,135.0000,1,2,0
27.8231,52,37,G52_V37_1,1897.3332,2293.1786,135.0000,2,2,0
27.8231,52,37,G52_V37_2,1762.3332,2158.1786,135.0000,3,2,1
27.8231,52,37,G52_V37_3,1897.3332,2023.1786,135.0000,4,2,1
27.8371,20,56,G20_V56_0,1920.4900,1041.1400,135.0000,1,2,0
27.8371,20,56,G20_V56_1,1785.4900,1176.1400,135.0000,2,2,0
27.8371,20,56,G20_V56_2,1650.4900,1041.1400,135.0000,3,2,1
27.8371,20,56,G20_V56_3,1785.4900,906.1400,135.0000,4,2,1
27.8401,19,60,G19_V60_0,1632.1500,1007.1400,135.0000,1,2,0
27.8401,19,60,G19_V60_1,1497.1500,1142.1400,135.0000,2,2,0
27.8401,19,60,G19_V60_2,1362.1500,1007.1400,135.0000,3,2,1
27.8401,19,60,G19_V60_3,1497.1500,872.1400,135.0000,4,2,1
27.8442,20,65,G20_V65_0,1854.1300,979.9800,135.0000,1,2,0
27.8442,20,65,G20_V65_1,1719.1300,1114.9800,135.0000,2,2,0
27.8442,20,65,G20_V65_2,1584.1300,979.9800,135.0000,3,2,1
27.8442,20,65,G20_V65_3,1719.1300,844.9800,135.0000,4,2,1
27.8534,18,78,G18_V78_0,1580.1200,997.3300,135.0000,1,2,0
27.8534,18,78,G18_V78_1,1445.1200,1132.3300,135.0000,2,2,0
27.8534,18,78,G18_V78_2,1310.1200,997.3300,135.0000,3,2,1
27.8534,18,78,G18_V78_3,1445.1200,862.3300,135.0000,4,2,1
27.8594,36,86,G36_V86_0,1946.9470,1650.5940,135.0000,1,2,0
27.8594,36,86,G36_V86_1,1811.9470,1785.5940,135.0000,2,2,0
27.8594,36,86,G36_V86_2,1676.9470,1650.5940,135.0000,3,2,1
27.8594,36,86,G36_V86_3,1811.9470,1515.5940,135.0000,4,2,1
27.8660,26,95,G26_V95_0,1344.7842,1325.2680,135.0000,1,2,0
27.8660,26,95,G26_V95_1,1209.7842,1460.2680,135.0000,2,2,0
27.8660,26,95,G26_V95_2,1074.7842,1325.2680,135.0000,3,2,1
27.8660,26,95,G26_V95_3,1209.7842,1190.2680,135.0000,4,2,1
27.8668,19,96,G19_V96_0,1753.3560,1165.4173,135.0000,1,2,0
27.8668,19,96,G19_V96_1,1618.3560,1300.4173,135.0000,2,2,0
27.8668,19,96,G19_V96_2,1483.3560,1165.4173,135.0000,3,2,1
27.8668,19,96,G19_V96_3,1618.3560,1030.4173,135.0000,4,2,1
27.8705,10,101,G10_V101_0,1553.0700,805.7800,135.0000,1,2,0
27.8705,10,101,G10_V101_1,1418.0700,940.7800,135.0000,2,2,0
27.8705,10,101,G10_V101_2,1283.0700,805.7800,135.0000,3,2,1
27.8705,10,101,G10_V101_3,1418.0700,670.7800,135.0000,4,2,1
27.8816,27,116,G27_V116_0,1753.9750,1305.3174,135.0000,1,2,0
27.8816,27,116,G27_V116_1,1618.9750,1440.3174,135.0000,2,2,0
27.8816,27,116,G27_V116_2,1483.9750,1305.3174,135.0000,3,2,1
27.8816,27,116,G27_V116_3,1618.9750,1170.3174,135.0000,4,2,1
27.8912,19,129,G19_V129_0,1594.9300,998.1300,135.0000,1,2,0
27.8912,19,129,G19_V129_1,1459.9300,1133.1300,135.0000,2,2,0
27.8912,19,129,G19_V129_2,1324.9300,998.1300,135.0000,3,2,1
27.8912,19,129,G19_V129_3,1459.9300,863.1300,135.0000,4,2,1
27.9171,27,29,G27_V29_0,1809.3169,1267.4037,135.0000,1,2,0
27.9171,27,29,G27_V29_1,1674.3169,1402.4037,135.0000,2,2,0
27.9171,27,29,G27_V29_2,1539.3169,1267.4037,135.0000,3,2,1
27.9171,27,29,G27_V29_3,1674.3169,1132.4037,135.0000,4,2,1
27.9231,52,37,G52_V37_0,2032.1130,2156.8467,135.0000,1,2,0
27.9231,52,37,G52_V37_1,1897.1130,2291.8467,135.0000,2,2,0
27.9231,52,37,G52_V37_2,1762.1130,2156.8467,135.0000,3,2,1
27.9231,52,37,G52_V37_3,1897.1130,2021.8467,135.0000,4,2,1
27.9371,20,56,G20_V56_0,1920.4900,1041.1400,135.0000,1,2,0
27.9371,20,56,G20_V56_1,1785.4900,1176.1400,135.0000,2,2,0
27.9371,20,56,G20_V56_2,1650.4900,1041.1400,135.0000,3,2,1
27.9371,20,56,G20_V56_3,1785.4900,906.1400,135.0000,4,2,1
27.9401,19,60,G19_V60_0,1632.1500,1007.1400,135.0000,1,2,0
27.9401,19,60,G19_V60_1,1497.1500,1142.1400,135.0000,2,2,0
27.9401,19,60,G19_V60_2,1362.1500,1007.1400,135.0000,3,2,1
27.9401,19,60,G19_V60_3,1497.1500,872.1400,135.0000,4,2,1
27.9438,20,65,G20_V65_0,1854.1300,979.9800,135.0000,1,2,0
27.9438,20,65,G20_V65_1,1719.1300,1114.9800,135.0000,2,2,0
27.9438,20,65,G20_V65_2,1584.1300,979.9800,135.0000,3,2,1
27.9438,20,65,G20_V65_3,1719.1300,844.9800,135.0000,4,2,1
27.9534,18,78,G18_V78_0,1580.1200,997.3300,135.0000,1,2,0
27.9534,18,78,G18_V78_1,1445.1200,1132.3300,135.0000,2,2,0
27.9534,18,78,G18_V78_2,1310.1200,997.3300,135.0000,3,2,1
27.9534,18,78,G18_V78_3,1445.1200,862.3300,135.0000,4,2,1
27.9594,36,86,G36_V86_0,1947.1036,1649.7646,135.0000,1,2,0
27.9594,36,86,G36_V86_1,1812.1036,1784.7646,135.0000,2,2,0
27.9594,36,86,G36_V86_2,1677.1036,1649.7646,135.0000,3,2,1
27.9594,36,86,G36_V86_3,1812.1036,1514.7646,135.0000,4,2,1
27.9660,26,95,G26_V95_0,1344.2465,1326.2482,135.0000,1,2,0
27.9660,26,95,G26_V95_1,1209.2465,1461.2482,135.0000,2,2,0
27.9660,26,95,G26_V95_2,1074.2465,1326.2482,135.0000,3,2,1
27.9660,26,95,G26_V95_3,1209.2465,1191.2482,135.0000,4,2,1
27.9668,19,96,G19_V96_0,1753.8542,1166.4248,135.0000,1,2,0
27.9668,19,96,G19_V96_1,1618.8542,1301.4248,135.0000,2,2,0
27.9668,19,96,G19_V96_2,1483.8542,1166.4248,135.0000,3,2,1
27.9668,19,96,G19_V96_3,1618.8542,1031.4248,135.0000,4,2,1
27.9705,10,101,G10_V101_0,1553.0700,805.7800,135.0000,1,2,0
27.9705,10,101,G10_V101_1,1418.0700,940.7800,135.0000,2,2,0
27.9705,10,101,G10_V101_2,1283.0700,805.7800,135.0000,3,2,1
27.9705,10,101,G10_V101_3,1418.0700,670.7800,135.0000,4,2,1
27.9816,27,116,G27_V116_0,1752.7548,1305.7482,135.0000,1,2,0
27.9816,27,116,G27_V116_1,1617.7548,1440.7482,135.0000,2,2,0
27.9816,27,116,G27_V116_2,1482.7548,1305.7482,135.0000,3,2,1
27.9816,27,116,G27_V116_3,1617.7548,1170.7482,135.0000,4,2,1
27.9912,19,129,G19_V129_0,1594.9300,998.1300,135.0000,1,2,0
27.9912,19,129,G19_V129_1,1459.9300,1133.1300,135.0000,2,2,0
27.9912,19,129,G19_V129_2,1324.9300,998.1300,135.0000,3,2,1
27.9912,19,129,G19_V129_3,1459.9300,863.1300,135.0000,4,2,1
28.0175,27,29,G27_V29_0,1809.3169,1267.4037,135.0000,1,2,0
28.0175,27,29,G27_V29_1,1674.3169,1402.4037,135.0000,2,2,0
28.0175,27,29,G27_V29_2,1539.3169,1267.4037,135.0000,3,2,1
28.0175,27,29,G27_V29_3,1674.3169,1132.4037,135.0000,4,2,1
28.0231,52,37,G52_V37_0,2031.8929,2155.5141,135.0000,1,2,0
28.0231,52,37,G52_V37_1,1896.8929,2290.5141,135.0000,2,2,0
28.0231,52,37,G52_V37_2,1761.8929,2155.5141,135.0000,3,2,1
28.0231,52,37,G52_V37_3,1896.8929,2020.5141,135.0000,4,2,1
28.0371,20,56,G20_V56_0,1920.4900,1041.1400,135.0000,1,2,0
28.0371,20,56,G20_V56_1,1785.4900,1176.1400,135.0000,2,2,0
28.0371,20,56,G20_V56_2,1650.4900,1041.1400,135.0000,3,2,1
28.0371,20,56,G20_V56_3,1785.4900,906.1400,135.0000,4,2,1
28.0401,19,60,G19_V60_0,1632.1500,1007.1400,135.0000,1,2,0
28.0401,19,60,G19_V60_1,1497.1500,1142.1400,135.0000,2,2,0
28.0401,19,60,G19_V60_2,1362.1500,1007.1400,135.0000,3,2,1
28.0401,19,60,G19_V60_3,1497.1500,872.1400,135.0000,4,2,1
28.0438,20,65,G20_V65_0,1854.1300,979.9800,135.0000,1,2,0
28.0438,20,65,G20_V65_1,1719.1300,1114.9800,135.0000,2,2,0
28.0438,20,65,G20_V65_2,1584.1300,979.9800,135.0000,3,2,1
28.0438,20,65,G20_V65_3,1719.1300,844.9800,135.0000,4,2,1
28.0534,18,78,G18_V78_0,1580.1200,997.3300,135.0000,1,2,0
28.0534,18,78,G18_V78_1,1445.1200,1132.3300,135.0000,2,2,0
28.0534,18,78,G18_V78_2,1310.1200,997.3300,135.0000,3,2,1
28.0534,18,78,G18_V78_3,1445.1200,862.3300,135.0000,4,2,1
28.0594,36,86,G36_V86_0,1947.0908,1648.9259,135.0000,1,2,0
28.0594,36,86,G36_V86_1,1812.0908,1783.9259,135.0000,2,2,0
28.0594,36,86,G36_V86_2,1677.0908,1648.9259,135.0000,3,2,1
28.0594,36,86,G36_V86_3,1812.0908,1513.9259,135.0000,4,2,1
28.0660,26,95,G26_V95_0,1343.7846,1327.3360,135.0000,1,2,0
28.0660,26,95,G26_V95_1,1208.7846,1462.3360,135.0000,2,2,0
28.0660,26,95,G26_V95_2,1073.7846,1327.3360,135.0000,3,2,1
28.0660,26,95,G26_V95_3,1208.7846,1192.3360,135.0000,4,2,1
28.0668,19,96,G19_V96_0,1754.3959,1167.5045,135.0000,1,2,0
28.0668,19,96,G19_V96_1,1619.3959,1302.5045,135.0000,2,2,0
28.0668,19,96,G19_V96_2,1484.3959,1167.5045,135.0000,3,2,1
28.0668,19,96,G19_V96_3,1619.3959,1032.5045,135.0000,4,2,1
28.0705,10,101,G10_V101_0,1553.0700,805.7800,135.0000,1,2,0
28.0705,10,101,G10_V101_1,1418.0700,940.7800,135.0000,2,2,0
28.0705,10,101,G10_V101_2,1283.0700,805.7800,135.0000,3,2,1
28.0705,10,101,G10_V101_3,1418.0700,670.7800,135.0000,4,2,1
28.0816,27,116,G27_V116_0,1751.4639,1306.2064,135.0000,1,2,0
28.0816,27,116,G27_V116_1,1616.4639,1441.2064,135.0000,2,2,0
28.0816,27,116,G27_V116_2,1481.4639,1306.2064,135.0000,3,2,1
28.0816,27,116,G27_V116_3,1616.4639,1171.2064,135.0000,4,2,1
28.0912,19,129,G19_V129_0,1594.9300,998.1300,135.0000,1,2,0
28.0912,19,129,G19_V129_1,1459.9300,1133.1300,135.0000,2,2,0
28.0912,19,129,G19_V129_2,1324.9300,998.1300,135.0000,3,2,1
28.0912,19,129,G19_V129_3,1459.9300,863.1300,135.0000,4,2,1
28.1174,27,29,G27_V29_0,1809.3169,1267.4037,135.0000,1,2,0
28.1174,27,29,G27_V29_1,1674.3169,1402.4037,135.0000,2,2,0
28.1174,27,29,G27_V29_2,1539.3169,1267.4037,135.0000,3,2,1
28.1174,27,29,G27_V29_3,1674.3169,1132.4037,135.0000,4,2,1
28.1231,52,37,G52_V37_0,2031.6729,2154.1791,135.0000,1,2,0
28.1231,52,37,G52_V37_1,1896.6729,2289.1791,135.0000,2,2,0
28.1231,52,37,G52_V37_2,1761.6729,2154.1791,135.0000,3,2,1
28.1231,52,37,G52_V37_3,1896.6729,2019.1791,135.0000,4,2,1
28.1371,20,56,G20_V56_0,1920.4900,1041.1400,135.0000,1,2,0
28.1371,20,56,G20_V56_1,1785.4900,1176.1400,135.0000,2,2,0
28.1371,20,56,G20_V56_2,1650.4900,1041.1400,135.0000,3,2,1
28.1371,20,56,G20_V56_3,1785.4900,906.1400,135.0000,4,2,1
28.1401,19,60,G19_V60_0,1632.1500,1007.1400,135.0000,1,2,0
28.1401,19,60,G19_V60_1,1497.1500,1142.1400,135.0000,2,2,0
28.1401,19,60,G19_V60_2,1362.1500,1007.1400,135.0000,3,2,1
28.1401,19,60,G19_V60_3,1497.1500,872.1400,135.0000,4,2,1
28.1438,20,65,G20_V65_0,1854.1300,979.9800,135.0000,1,2,0
28.1438,20,65,G20_V65_1,1719.1300,1114.9800,135.0000,2,2,0
28.1438,20,65,G20_V65_2,1584.1300,979.9800,135.0000,3,2,1
28.1438,20,65,G20_V65_3,1719.1300,844.9800,135.0000,4,2,1
28.1534,18,78,G18_V78_0,1580.1200,997.3300,135.0000,1,2,0
28.1534,18,78,G18_V78_1,1445.1200,1132.3300,135.0000,2,2,0
28.1534,18,78,G18_V78_2,1310.1200,997.3300,135.0000,3,2,1
28.1534,18,78,G18_V78_3,1445.1200,862.3300,135.0000,4,2,1
28.1594,36,86,G36_V86_0,1946.9617,1648.0807,135.0000,1,2,0
28.1594,36,86,G36_V86_1,1811.9617,1783.0807,135.0000,2,2,0
28.1594,36,86,G36_V86_2,1676.9617,1648.0807,135.0000,3,2,1
28.1594,36,86,G36_V86_3,1811.9617,1513.0807,135.0000,4,2,1
28.1660,26,95,G26_V95_0,1343.3516,1328.4980,135.0000,1,2,0
28.1660,26,95,G26_V95_1,1208.3516,1463.4980,135.0000,2,2,0
28.1660,26,95,G26_V95_2,1073.3516,1328.4980,135.0000,3,2,1
28.1660,26,95,G26_V95_3,1208.3516,1193.4980,135.0000,4,2,1
28.1668,19,96,G19_V96_0,1754.9598,1168.6212,135.0000,1,2,0
28.1668,19,96,G19_V96_1,1619.9598,1303.6212,135.0000,2,2,0
28.1668,19,96,G19_V96_2,1484.9598,1168.6212,135.0000,3,2,1
28.1668,19,96,G19_V96_3,1619.9598,1033.6212,135.0000,4,2,1
28.1705,10,101,G10_V101_0,1553.0700,805.7800,135.0000,1,2,0
28.1705,10,101,G10_V101_1,1418.0700,940.7800,135.0000,2,2,0
28.1705,10,101,G10_V101_2,1283.0700,805.7800,135.0000,3,2,1
28.1705,10,101,G10_V101_3,1418.0700,670.7800,135.0000,4,2,1
28.1816,27,116,G27_V116_0,1750.1569,1306.6707,135.0000,1,2,0
28.1816,27,116,G27_V116_1,1615.1569,1441.6707,135.0000,2,2,0
28.1816,27,116,G27_V116_2,1480.1569,1306.6707,135.0000,3,2,1
28.1816,27,116,G27_V116_3,1615.1569,1171.6707,135.0000,4,2,1
28.1912,19,129,G19_V129_0,1594.9300,998.1300,135.0000,1,2,0
28.1912,19,129,G19_V129_1,1459.9300,1133.1300,135.0000,2,2,0
28.1912,19,129,G19_V129_2,1324.9300,998.1300,135.0000,3,2,1
28.1912,19,129,G19_V129_3,1459.9300,863.1300,135.0000,4,2,1
28.2171,27,29,G27_V29_0,1809.3169,1267.4037,135.0000,1,2,0
28.2171,27,29,G27_V29_1,1674.3169,1402.4037,135.0000,2,2,0
28.2171,27,29,G27_V29_2,1539.3169,1267.4037,135.0000,3,2,1
28.2171,27,29,G27_V29_3,1674.3169,1132.4037,135.0000,4,2,1
28.2231,52,37,G52_V37_0,2031.4529,2152.8441,135.0000,1,2,0
28.2231,52,37,G52_V37_1,1896.4529,2287.8441,135.0000,2,2,0
28.2231,52,37,G52_V37_2,1761.4529,2152.8441,135.0000,3,2,1
28.2231,52,37,G52_V37_3,1896.4529,2017.8441,135.0000,4,2,1
28.2371,20,56,G20_V56_0,1920.4900,1041.1400,135.0000,1,2,0
28.2371,20,56,G20_V56_1,1785.4900,1176.1400,135.0000,2,2,0
28.2371,20,56,G20_V56_2,1650.4900,1041.1400,135.0000,3,2,1
28.2371,20,56,G20_V56_3,1785.4900,906.1400,135.0000,4,2,1
28.2401,19,60,G19_V60_0,1632.1500,1007.1400,135.0000,1,2,0
28.2401,19,60,G19_V60_1,1497.1500,1142.1400,135.0000,2,2,0
28.2401,19,60,G19_V60_2,1362.1500,1007.1400,135.0000,3,2,1
28.2401,19,60,G19_V60_3,1497.1500,872.1400,135.0000,4,2,1
28.2438,20,65,G20_V65_0,1854.1300,979.9800,135.0000,1,2,0
28.2438,20,65,G20_V65_1,1719.1300,1114.9800,135.0000,2,2,0
28.2438,20,65,G20_V65_2,1584.1300,979.9800,135.0000,3,2,1
28.2438,20,65,G20_V65_3,1719.1300,844.9800,135.0000,4,2,1
28.2534,18,78,G18_V78_0,1580.1200,997.3300,135.0000,1,2,0
28.2534,18,78,G18_V78_1,1445.1200,1132.3300,135.0000,2,2,0
28.2534,18,78,G18_V78_2,1310.1200,997.3300,135.0000,3,2,1
28.2534,18,78,G18_V78_3,1445.1200,862.3300,135.0000,4,2,1
28.2594,36,86,G36_V86_0,1946.8326,1647.2355,135.0000,1,2,0
28.2594,36,86,G36_V86_1,1811.8326,1782.2355,135.0000,2,2,0
28.2594,36,86,G36_V86_2,1676.8326,1647.2355,135.0000,3,2,1
28.2594,36,86,G36_V86_3,1811.8326,1512.2355,135.0000,4,2,1
28.2660,26,95,G26_V95_0,1342.9186,1329.6599,135.0000,1,2,0
28.2660,26,95,G26_V95_1,1207.9186,1464.6599,135.0000,2,2,0
28.2660,26,95,G26_V95_2,1072.9186,1329.6599,135.0000,3,2,1
28.2660,26,95,G26_V95_3,1207.9186,1194.6599,135.0000,4,2,1
28.2668,19,96,G19_V96_0,1755.5236,1169.7379,135.0000,1,2,0
28.2668,19,96,G19_V96_1,1620.5236,1304.7379,135.0000,2,2,0
28.2668,19,96,G19_V96_2,1485.5236,1169.7379,135.0000,3,2,1
28.2668,19,96,G19_V96_3,1620.5236,1034.7379,135.0000,4,2,1
28.2705,10,101,G10_V101_0,1553.0700,805.7800,135.0000,1,2,0
28.2705,10,101,G10_V101_1,1418.0700,940.7800,135.0000,2,2,0
28.2705,10,101,G10_V101_2,1283.0700,805.7800,135.0000,3,2,1
28.2705,10,101,G10_V101_3,1418.0700,670.7800,135.0000,4,2,1
28.2816,27,116,G27_V116_0,1748.8500,1307.1350,135.0000,1,2,0
28.2816,27,116,G27_V116_1,1613.8500,1442.1350,135.0000,2,2,0
28.2816,27,116,G27_V116_2,1478.8500,1307.1350,135.0000,3,2,1
28.2816,27,116,G27_V116_3,1613.8500,1172.1350,135.0000,4,2,1
28.2912,19,129,G19_V129_0,1594.9300,998.1300,135.0000,1,2,0
28.2912,19,129,G19_V129_1,1459.9300,1133.1300,135.0000,2,2,0
28.2912,19,129,G19_V129_2,1324.9300,998.1300,135.0000,3,2,1
28.2912,19,129,G19_V129_3,1459.9300,863.1300,135.0000,4,2,1
28.3171,27,29,G27_V29_0,1809.3169,1267.4037,135.0000,1,2,0
28.3171,27,29,G27_V29_1,1674.3169,1402.4037,135.0000,2,2,0
28.3171,27,29,G27_V29_2,1539.3169,1267.4037,135.0000,3,2,1
28.3171,27,29,G27_V29_3,1674.3169,1132.4037,135.0000,4,2,1
28.3231,52,37,G52_V37_0,2031.2329,2151.5091,135.0000,1,2,0
28.3231,52,37,G52_V37_1,1896.2329,2286.5091,135.0000,2,2,0
28.3231,52,37,G52_V37_2,1761.2329,2151.5091,135.0000,3,2,1
28.3231,52,37,G52_V37_3,1896.2329,2016.5091,135.0000,4,2,1
28.3371,20,56,G20_V56_0,1920.4900,1041.1400,135.0000,1,2,0
28.3371,20,56,G20_V56_1,1785.4900,1176.1400,135.0000,2,2,0
28.3371,20,56,G20_V56_2,1650.4900,1041.1400,135.0000,3,2,1
28.3371,20,56,G20_V56_3,1785.4900,906.1400,135.0000,4,2,1
28.3401,19,60,G19_V60_0,1632.1500,1007.1400,135.0000,1,2,0
28.3401,19,60,G19_V60_1,1497.1500,1142.1400,135.0000,2,2,0
28.3401,19,60,G19_V60_2,1362.1500,1007.1400,135.0000,3,2,1
28.3401,19,60,G19_V60_3,1497.1500,872.1400,135.0000,4,2,1
28.3438,20,65,G20_V65_0,1854.1300,979.9800,135.0000,1,2,0
28.3438,20,65,G20_V65_1,1719.1300,1114.9800,135.0000,2,2,0
28.3438,20,65,G20_V65_2,1584.1300,979.9800,135.0000,3,2,1
28.3438,20,65,G20_V65_3,1719.1300,844.9800,135.0000,4,2,1
28.3534,18,78,G18_V78_0,1580.1200,997.3300,135.0000,1,2,0
28.3534,18,78,G18_V78_1,1445.1200,1132.3300,135.0000,2,2,0
28.3534,18,78,G18_V78_2,1310.1200,997.3300,135.0000,3,2,1
28.3534,18,78,G18_V78_3,1445.1200,862.3300,135.0000,4,2,1
28.3594,36,86,G36_V86_0,1946.7035,1646.3903,135.0000,1,2,0
28.3594,36,86,G36_V86_1,1811.7035,1781.3903,135.0000,2,2,0
28.3594,36,86,G36_V86_2,1676.7035,1646.3903,135.0000,3,2,1
28.3594,36,86,G36_V86_3,1811.7035,1511.3903,135.0000,4,2,1
28.3660,26,95,G26_V95_0,1342.4856,1330.8219,135.0000,1,2,0
28.3660,26,95,G26_V95_1,1207.4856,1465.8219,135.0000,2,2,0
28.3660,26,95,G26_V95_2,1072.4856,1330.8219,135.0000,3,2,1
28.3660,26,95,G26_V95_3,1207.4856,1195.8219,135.0000,4,2,1
28.3668,19,96,G19_V96_0,1756.0875,1170.8546,135.0000,1,2,0
28.3668,19,96,G19_V96_1,1621.0875,1305.8546,135.0000,2,2,0
28.3668,19,96,G19_V96_2,1486.0875,1170.8546,135.0000,3,2,1
28.3668,19,96,G19_V96_3,1621.0875,1035.8546,135.0000,4,2,1
28.3705,10,101,G10_V101_0,1553.0700,805.7800,135.0000,1,2,0
28.3705,10,101,G10_V101_1,1418.0700,940.7800,135.0000,2,2,0
28.3705,10,101,G10_V101_2,1283.0700,805.7800,135.0000,3,2,1
28.3705,10,101,G10_V101_3,1418.0700,670.7800,135.0000,4,2,1
28.3816,27,116,G27_V116_0,1747.5430,1307.5993,135.0000,1,2,0
28.3816,27,116,G27_V116_1,1612.5430,1442.5993,135.0000,2,2,0
28.3816,27,116,G27_V116_2,1477.5430,1307.5993,135.0000,3,2,1
28.3816,27,116,G27_V116_3,1612.5430,1172.5993,135.0000,4,2,1
28.3912,19,129,G19_V129_0,1594.9300,998.1300,135.0000,1,2,0
28.3912,19,129,G19_V129_1,1459.9300,1133.1300,135.0000,2,2,0
28.3912,19,129,G19_V129_2,1324.9300,998.1300,135.0000,3,2,1
28.3912,19,129,G19_V129_3,1459.9300,863.1300,135.0000,4,2,1
28.4171,27,29,G27_V29_0,1809.3169,1267.4037,135.0000,1,2,0
28.4171,27,29,G27_V29_1,1674.3169,1402.4037,135.0000,2,2,0
28.4171,27,29,G27_V29_2,1539.3169,1267.4037,135.0000,3,2,1
28.4171,27,29,G27_V29_3,1674.3169,1132.4037,135.0000,4,2,1
28.4231,52,37,G52_V37_0,2031.0129,2150.1741,135.0000,1,2,0
28.4231,52,37,G52_V37_1,1896.0129,2285.1741,135.0000,2,2,0
28.4231,52,37,G52_V37_2,1761.0129,2150.1741,135.0000,3,2,1
28.4231,52,37,G52_V37_3,1896.0129,2015.1741,135.0000,4,2,1
28.4371,20,56,G20_V56_0,1920.4900,1041.1400,135.0000,1,2,0
28.4371,20,56,G20_V56_1,1785.4900,1176.1400,135.0000,2,2,0
28.4371,20,56,G20_V56_2,1650.4900,1041.1400,135.0000,3,2,1
28.4371,20,56,G20_V56_3,1785.4900,906.1400,135.0000,4,2,1
28.4401,19,60,G19_V60_0,1632.1500,1007.1400,135.0000,1,2,0
28.4401,19,60,G19_V60_1,1497.1500,1142.1400,135.0000,2,2,0
28.4401,19,60,G19_V60_2,1362.1500,1007.1400,135.0000,3,2,1
28.4401,19,60,G19_V60_3,1497.1500,872.1400,135.0000,4,2,1
28.4438,20,65,G20_V65_0,1854.1300,979.9800,135.0000,1,2,0
28.4438,20,65,G20_V65_1,1719.1300,1114.9800,135.0000,2,2,0
28.4438,20,65,G20_V65_2,1584.1300,979.9800,135.0000,3,2,1
28.4438,20,65,G20_V65_3,1719.1300,844.9800,135.0000,4,2,1
28.4534,18,78,G18_V78_0,1580.1200,997.3300,135.0000,1,2,0
28.4534,18,78,G18_V78_1,1445.1200,1132.3300,135.0000,2,2,0
28.4534,18,78,G18_V78_2,1310.1200,997.3300,135.0000,3,2,1
28.4534,18,78,G18_V78_3,1445.1200,862.3300,135.0000,4,2,1
28.4593,36,86,G36_V86_0,1946.5744,1645.5451,135.0000,1,2,0
28.4593,36,86,G36_V86_1,1811.5744,1780.5451,135.0000,2,2,0
28.4593,36,86,G36_V86_2,1676.5744,1645.5451,135.0000,3,2,1
28.4593,36,86,G36_V86_3,1811.5744,1510.5451,135.0000,4,2,1
28.4660,26,95,G26_V95_0,1342.0526,1331.9838,135.0000,1,2,0
28.4660,26,95,G26_V95_1,1207.0526,1466.9838,135.0000,2,2,0
28.4660,26,95,G26_V95_2,1072.0526,1331.9838,135.0000,3,2,1
28.4660,26,95,G26_V95_3,1207.0526,1196.9838,135.0000,4,2,1
28.4668,19,96,G19_V96_0,1756.6513,1171.9714,135.0000,1,2,0
28.4668,19,96,G19_V96_1,1621.6513,1306.9714,135.0000,2,2,0
28.4668,19,96,G19_V96_2,1486.6513,1171.9714,135.0000,3,2,1
28.4668,19,96,G19_V96_3,1621.6513,1036.9714,135.0000,4,2,1
28.4705,10,101,G10_V101_0,1553.0700,805.7800,135.0000,1,2,0
28.4705,10,101,G10_V101_1,1418.0700,940.7800,135.0000,2,2,0
28.4705,10,101,G10_V101_2,1283.0700,805.7800,135.0000,3,2,1
28.4705,10,101,G10_V101_3,1418.0700,670.7800,135.0000,4,2,1
28.4816,27,116,G27_V116_0,1746.2360,1308.0636,135.0000,1,2,0
28.4816,27,116,G27_V116_1,1611.2360,1443.0636,135.0000,2,2,0
28.4816,27,116,G27_V116_2,1476.2360,1308.0636,135.0000,3,2,1
28.4816,27,116,G27_V116_3,1611.2360,1173.0636,135.0000,4,2,1
28.4912,19,129,G19_V129_0,1594.9300,998.1300,135.0000,1,2,0
28.4912,19,129,G19_V129_1,1459.9300,1133.1300,135.0000,2,2,0
28.4912,19,129,G19_V129_2,1324.9300,998.1300,135.0000,3,2,1
28.4912,19,129,G19_V129_3,1459.9300,863.1300,135.0000,4,2,1
28.5171,27,29,G27_V29_0,1809.3169,1267.4037,135.0000,1,2,0
28.5171,27,29,G27_V29_1,1674.3169,1402.4037,135.0000,2,2,0
28.5171,27,29,G27_V29_2,1539.3169,1267.4037,135.0000,3,2,1
28.5171,27,29,G27_V29_3,1674.3169,1132.4037,135.0000,4,2,1
28.5231,52,37,G52_V37_0,2030.7929,2148.8391,135.0000,1,2,0
28.5231,52,37,G52_V37_1,1895.7929,2283.8391,135.0000,2,2,0
28.5231,52,37,G52_V37_2,1760.7929,2148.8391,135.0000,3,2,1
28.5231,52,37,G52_V37_3,1895.7929,2013.8391,135.0000,4,2,1
28.5371,20,56,G20_V56_0,1920.4900,1041.1400,135.0000,1,2,0
28.5371,20,56,G20_V56_1,1785.4900,1176.1400,135.0000,2,2,0
28.5371,20,56,G20_V56_2,1650.4900,1041.1400,135.0000,3,2,1
28.5371,20,56,G20_V56_3,1785.4900,906.1400,135.0000,4,2,1
28.5401,19,60,G19_V60_0,1632.1500,1007.1400,135.0000,1,2,0
28.5401,19,60,G19_V60_1,1497.1500,1142.1400,135.0000,2,2,0
28.5401,19,60,G19_V60_2,1362.1500,1007.1400,135.0000,3,2,1
28.5401,19,60,G19_V60_3,1497.1500,872.1400,135.0000,4,2,1
28.5438,20,65,G20_V65_0,1854.1300,979.9800,135.0000,1,2,0
28.5438,20,65,G20_V65_1,1719.1300,1114.9800,135.0000,2,2,0
28.5438,20,65,G20_V65_2,1584.1300,979.9800,135.0000,3,2,1
28.5438,20,65,G20_V65_3,1719.1300,844.9800,135.0000,4,2,1
28.5534,18,78,G18_V78_0,1580.1200,997.3300,135.0000,1,2,0
28.5534,18,78,G18_V78_1,1445.1200,1132.3300,135.0000,2,2,0
28.5534,18,78,G18_V78_2,1310.1200,997.3300,135.0000,3,2,1
28.5534,18,78,G18_V78_3,1445.1200,862.3300,135.0000,4,2,1
28.5594,36,86,G36_V86_0,1946.4453,1644.6999,135.0000,1,2,0
28.5594,36,86,G36_V86_1,1811.4453,1779.6999,135.0000,2,2,0
28.5594,36,86,G36_V86_2,1676.4453,1644.6999,135.0000,3,2,1
28.5594,36,86,G36_V86_3,1811.4453,1509.6999,135.0000,4,2,1
28.5660,26,95,G26_V95_0,1341.6196,1333.1458,135.0000,1,2,0
28.5660,26,95,G26_V95_1,1206.6196,1468.1458,135.0000,2,2,0
28.5660,26,95,G26_V95_2,1071.6196,1333.1458,135.0000,3,2,1
28.5660,26,95,G26_V95_3,1206.6196,1198.1458,135.0000,4,2,1
28.5668,19,96,G19_V96_0,1757.2152,1173.0881,135.0000,1,2,0
28.5668,19,96,G19_V96_1,1622.2152,1308.0881,135.0000,2,2,0
28.5668,19,96,G19_V96_2,1487.2152,1173.0881,135.0000,3,2,1
28.5668,19,96,G19_V96_3,1622.2152,1038.0881,135.0000,4,2,1
28.5705,10,101,G10_V101_0,1553.0700,805.7800,135.0000,1,2,0
28.5705,10,101,G10_V101_1,1418.0700,940.7800,135.0000,2,2,0
28.5705,10,101,G10_V101_2,1283.0700,805.7800,135.0000,3,2,1
28.5705,10,101,G10_V101_3,1418.0700,670.7800,135.0000,4,2,1
28.5816,27,116,G27_V116_0,1744.9291,1308.5280,135.0000,1,2,0
28.5816,27,116,G27_V116_1,1609.9291,1443.5280,135.0000,2,2,0
28.5816,27,116,G27_V116_2,1474.9291,1308.5280,135.0000,3,2,1
28.5816,27,116,G27_V116_3,1609.9291,1173.5280,135.0000,4,2,1
28.5912,19,129,G19_V129_0,1594.9300,998.1300,135.0000,1,2,0
28.5912,19,129,G19_V129_1,1459.9300,1133.1300,135.0000,2,2,0
28.5912,19,129,G19_V129_2,1324.9300,998.1300,135.0000,3,2,1
28.5912,19,129,G19_V129_3,1459.9300,863.1300,135.0000,4,2,1
28.6171,27,29,G27_V29_0,1809.3169,1267.4037,135.0000,1,2,0
28.6171,27,29,G27_V29_1,1674.3169,1402.4037,135.0000,2,2,0
28.6171,27,29,G27_V29_2,1539.3169,1267.4037,135.0000,3,2,1
28.6171,27,29,G27_V29_3,1674.3169,1132.4037,135.0000,4,2,1
28.6231,52,37,G52_V37_0,2030.5729,2147.5041,135.0000,1,2,0
28.6231,52,37,G52_V37_1,1895.5729,2282.5041,135.0000,2,2,0
28.6231,52,37,G52_V37_2,1760.5729,2147.5041,135.0000,3,2,1
28.6231,52,37,G52_V37_3,1895.5729,2012.5041,135.0000,4,2,1
28.6371,20,56,G20_V56_0,1920.4900,1041.1400,135.0000,1,2,0
28.6371,20,56,G20_V56_1,1785.4900,1176.1400,135.0000,2,2,0
28.6371,20,56,G20_V56_2,1650.4900,1041.1400,135.0000,3,2,1
28.6371,20,56,G20_V56_3,1785.4900,906.1400,135.0000,4,2,1
28.6401,19,60,G19_V60_0,1632.1500,1007.1400,135.0000,1,2,0
28.6401,19,60,G19_V60_1,1497.1500,1142.1400,135.0000,2,2,0
28.6401,19,60,G19_V60_2,1362.1500,1007.1400,135.0000,3,2,1
28.6401,19,60,G19_V60_3,1497.1500,872.1400,135.0000,4,2,1
28.6438,20,65,G20_V65_0,1854.1300,979.9800,135.0000,1,2,0
28.6438,20,65,G20_V65_1,1719.1300,1114.9800,135.0000,2,2,0
28.6438,20,65,G20_V65_2,1584.1300,979.9800,135.0000,3,2,1
28.6438,20,65,G20_V65_3,1719.1300,844.9800,135.0000,4,2,1
28.6534,18,78,G18_V78_0,1580.1200,997.3300,135.0000,1,2,0
28.6534,18,78,G18_V78_1,1445.1200,1132.3300,135.0000,2,2,0
28.6534,18,78,G18_V78_2,1310.1200,997.3300,135.0000,3,2,1
28.6534,18,78,G18_V78_3,1445.1200,862.3300,135.0000,4,2,1
28.6593,36,86,G36_V86_0,1946.3162,1643.8547,135.0000,1,2,0
28.6593,36,86,G36_V86_1,1811.3162,1778.8547,135.0000,2,2,0
28.6593,36,86,G36_V86_2,1676.3162,1643.8547,135.0000,3,2,1
28.6593,36,86,G36_V86_3,1811.3162,1508.8547,135.0000,4,2,1
28.6660,26,95,G26_V95_0,1341.1867,1334.3077,135.0000,1,2,0
28.6660,26,95,G26_V95_1,1206.1867,1469.3077,135.0000,2,2,0
28.6660,26,95,G26_V95_2,1071.1867,1334.3077,135.0000,3,2,1
28.6660,26,95,G26_V95_3,1206.1867,1199.3077,135.0000,4,2,1
28.6668,19,96,G19_V96_0,1757.7791,1174.2048,135.0000,1,2,0
28.6668,19,96,G19_V96_1,1622.7791,1309.2048,135.0000,2,2,0
28.6668,19,96,G19_V96_2,1487.7791,1174.2048,135.0000,3,2,1
28.6668,19,96,G19_V96_3,1622.7791,1039.2048,135.0000,4,2,1
28.6705,10,101,G10_V101_0,1553.0700,805.7800,135.0000,1,2,0
28.6705,10,101,G10_V101_1,1418.0700,940.7800,135.0000,2,2,0
28.6705,10,101,G10_V101_2,1283.0700,805.7800,135.0000,3,2,1
28.6705,10,101,G10_V101_3,1418.0700,670.7800,135.0000,4,2,1
28.6816,27,116,G27_V116_0,1743.6221,1308.9923,135.0000,1,2,0
28.6816,27,116,G27_V116_1,1608.6221,1443.9923,135.0000,2,2,0
28.6816,27,116,G27_V116_2,1473.6221,1308.9923,135.0000,3,2,1
28.6816,27,116,G27_V116_3,1608.6221,1173.9923,135.0000,4,2,1
28.6912,19,129,G19_V129_0,1594.9300,998.1300,135.0000,1,2,0
28.6912,19,129,G19_V129_1,1459.9300,1133.1300,135.0000,2,2,0
28.6912,19,129,G19_V129_2,1324.9300,998.1300,135.0000,3,2,1
28.6912,19,129,G19_V129_3,1459.9300,863.1300,135.0000,4,2,1
28.7171,27,29,G27_V29_0,1809.3169,1267.4037,135.0000,1,2,0
28.7171,27,29,G27_V29_1,1674.3169,1402.4037,135.0000,2,2,0
28.7171,27,29,G27_V29_2,1539.3169,1267.4037,135.0000,3,2,1
28.7171,27,29,G27_V29_3,1674.3169,1132.4037,135.0000,4,2,1
28.7231,52,37,G52_V37_0,2030.3529,2146.1691,135.0000,1,2,0
28.7231,52,37,G52_V37_1,1895.3529,2281.1691,135.0000,2,2,0
28.7231,52,37,G52_V37_2,1760.3529,2146.1691,135.0000,3,2,1
28.7231,52,37,G52_V37_3,1895.3529,2011.1691,135.0000,4,2,1
28.7371,20,56,G20_V56_0,1920.4900,1041.1400,135.0000,1,2,0
28.7371,20,56,G20_V56_1,1785.4900,1176.1400,135.0000,2,2,0
28.7371,20,56,G20_V56_2,1650.4900,1041.1400,135.0000,3,2,1
28.7371,20,56,G20_V56_3,1785.4900,906.1400,135.0000,4,2,1
28.7401,19,60,G19_V60_0,1632.1500,1007.1400,135.0000,1,2,0
28.7401,19,60,G19_V60_1,1497.1500,1142.1400,135.0000,2,2,0
28.7401,19,60,G19_V60_2,1362.1500,1007.1400,135.0000,3,2,1
28.7401,19,60,G19_V60_3,1497.1500,872.1400,135.0000,4,2,1
28.7438,20,65,G20_V65_0,1854.1300,979.9800,135.0000,1,2,0
28.7438,20,65,G20_V65_1,1719.1300,1114.9800,135.0000,2,2,0
28.7438,20,65,G20_V65_2,1584.1300,979.9800,135.0000,3,2,1
28.7438,20,65,G20_V65_3,1719.1300,844.9800,135.0000,4,2,1
28.7534,18,78,G18_V78_0,1580.1200,997.3300,135.0000,1,2,0
28.7534,18,78,G18_V78_1,1445.1200,1132.3300,135.0000,2,2,0
28.7534,18,78,G18_V78_2,1310.1200,997.3300,135.0000,3,2,1
28.7534,18,78,G18_V78_3,1445.1200,862.3300,135.0000,4,2,1
28.7594,36,86,G36_V86_0,1946.1871,1643.0095,135.0000,1,2,0
28.7594,36,86,G36_V86_1,1811.1871,1778.0095,135.0000,2,2,0
28.7594,36,86,G36_V86_2,1676.1871,1643.0095,135.0000,3,2,1
28.7594,36,86,G36_V86_3,1811.1871,1508.0095,135.0000,4,2,1
28.7660,26,95,G26_V95_0,1340.7537,1335.4697,135.0000,1,2,0
28.7660,26,95,G26_V95_1,1205.7537,1470.4697,135.0000,2,2,0
28.7660,26,95,G26_V95_2,1070.7537,1335.4697,135.0000,3,2,1
28.7660,26,95,G26_V95_3,1205.7537,1200.4697,135.0000,4,2,1
28.7668,19,96,G19_V96_0,1758.3429,1175.3215,135.0000,1,2,0
28.7668,19,96,G19_V96_1,1623.3429,1310.3215,135.0000,2,2,0
28.7668,19,96,G19_V96_2,1488.3429,1175.3215,135.0000,3,2,1
28.7668,19,96,G19_V96_3,1623.3429,1040.3215,135.0000,4,2,1
28.7705,10,101,G10_V101_0,1553.0700,805.7800,135.0000,1,2,0
28.7705,10,101,G10_V101_1,1418.0700,940.7800,135.0000,2,2,0
28.7705,10,101,G10_V101_2,1283.0700,805.7800,135.0000,3,2,1
28.7705,10,101,G10_V101_3,1418.0700,670.7800,135.0000,4,2,1
28.7816,27,116,G27_V116_0,1742.3151,1309.4566,135.0000,1,2,0
28.7816,27,116,G27_V116_1,1607.3151,1444.4566,135.0000,2,2,0
28.7816,27,116,G27_V116_2,1472.3151,1309.4566,135.0000,3,2,1
28.7816,27,116,G27_V116_3,1607.3151,1174.4566,135.0000,4,2,1
28.7912,19,129,G19_V129_0,1594.9300,998.1300,135.0000,1,2,0
28.7912,19,129,G19_V129_1,1459.9300,1133.1300,135.0000,2,2,0
28.7912,19,129,G19_V129_2,1324.9300,998.1300,135.0000,3,2,1
28.7912,19,129,G19_V129_3,1459.9300,863.1300,135.0000,4,2,1
28.8171,27,29,G27_V29_0,1809.3169,1267.4037,135.0000,1,2,0
28.8171,27,29,G27_V29_1,1674.3169,1402.4037,135.0000,2,2,0
28.8171,27,29,G27_V29_2,1539.3169,1267.4037,135.0000,3,2,1
28.8171,27,29,G27_V29_3,1674.3169,1132.4037,135.0000,4,2,1
28.8231,52,37,G52_V37_0,2030.1329,2144.8341,135.0000,1,2,0
28.8231,52,37,G52_V37_1,1895.1329,2279.8341,135.0000,2,2,0
28.8231,52,37,G52_V37_2,1760.1329,2144.8341,135.0000,3,2,1
28.8231,52,37,G52_V37_3,1895.1329,2009.8341,135.0000,4,2,1
28.8371,20,56,G20_V56_0,1920.4900,1041.1400,135.0000,1,2,0
28.8371,20,56,G20_V56_1,1785.4900,1176.1400,135.0000,2,2,0
28.8371,20,56,G20_V56_2,1650.4900,1041.1400,135.0000,3,2,1
28.8371,20,56,G20_V56_3,1785.4900,906.1400,135.0000,4,2,1
28.8401,19,60,G19_V60_0,1632.1500,1007.1400,135.0000,1,2,0
28.8401,19,60,G19_V60_1,1497.1500,1142.1400,135.0000,2,2,0
28.8401,19,60,G19_V60_2,1362.1500,1007.1400,135.0000,3,2,1
28.8401,19,60,G19_V60_3,1497.1500,872.1400,135.0000,4,2,1
28.8438,20,65,G20_V65_0,1854.1300,979.9800,135.0000,1,2,0
28.8438,20,65,G20_V65_1,1719.1300,1114.9800,135.0000,2,2,0
28.8438,20,65,G20_V65_2,1584.1300,979.9800,135.0000,3,2,1
28.8438,20,65,G20_V65_3,1719.1300,844.9800,135.0000,4,2,1
28.8534,18,78,G18_V78_0,1580.1200,997.3300,135.0000,1,2,0
28.8534,18,78,G18_V78_1,1445.1200,1132.3300,135.0000,2,2,0
28.8534,18,78,G18_V78_2,1310.1200,997.3300,135.0000,3,2,1
28.8534,18,78,G18_V78_3,1445.1200,862.3300,135.0000,4,2,1
28.8594,36,86,G36_V86_0,1946.0580,1642.1643,135.0000,1,2,0
28.8594,36,86,G36_V86_1,1811.0580,1777.1643,135.0000,2,2,0
28.8594,36,86,G36_V86_2,1676.0580,1642.1643,135.0000,3,2,1
28.8594,36,86,G36_V86_3,1811.0580,1507.1643,135.0000,4,2,1
28.8660,26,95,G26_V95_0,1340.3207,1336.6316,135.0000,1,2,0
28.8660,26,95,G26_V95_1,1205.3207,1471.6316,135.0000,2,2,0
28.8660,26,95,G26_V95_2,1070.3207,1336.6316,135.0000,3,2,1
28.8660,26,95,G26_V95_3,1205.3207,1201.6316,135.0000,4,2,1
28.8668,19,96,G19_V96_0,1758.9068,1176.4382,135.0000,1,2,0
28.8668,19,96,G19_V96_1,1623.9068,1311.4382,135.0000,2,2,0
28.8668,19,96,G19_V96_2,1488.9068,1176.4382,135.0000,3,2,1
28.8668,19,96,G19_V96_3,1623.9068,1041.4382,135.0000,4,2,1
28.8705,10,101,G10_V101_0,1553.0700,805.7800,135.0000,1,2,0
28.8705,10,101,G10_V101_1,1418.0700,940.7800,135.0000,2,2,0
28.8705,10,101,G10_V101_2,1283.0700,805.7800,135.0000,3,2,1
28.8705,10,101,G10_V101_3,1418.0700,670.7800,135.0000,4,2,1
28.8816,27,116,G27_V116_0,1741.0081,1309.9209,135.0000,1,2,0
28.8816,27,116,G27_V116_1,1606.0081,1444.9209,135.0000,2,2,0
28.8816,27,116,G27_V116_2,1471.0081,1309.9209,135.0000,3,2,1
28.8816,27,116,G27_V116_3,1606.0081,1174.9209,135.0000,4,2,1
28.8912,19,129,G19_V129_0,1594.9300,998.1300,135.0000,1,2,0
28.8912,19,129,G19_V129_1,1459.9300,1133.1300,135.0000,2,2,0
28.8912,19,129,G19_V129_2,1324.9300,998.1300,135.0000,3,2,1
28.8912,19,129,G19_V129_3,1459.9300,863.1300,135.0000,4,2,1
28.9171,27,29,G27_V29_0,1809.3169,1267.4037,135.0000,1,2,0
28.9171,27,29,G27_V29_1,1674.3169,1402.4037,135.0000,2,2,0
28.9171,27,29,G27_V29_2,1539.3169,1267.4037,135.0000,3,2,1
28.9171,27,29,G27_V29_3,1674.3169,1132.4037,135.0000,4,2,1
28.9231,52,37,G52_V37_0,2029.9129,2143.4991,135.0000,1,2,0
28.9231,52,37,G52_V37_1,1894.9129,2278.4991,135.0000,2,2,0
28.9231,52,37,G52_V37_2,1759.9129,2143.4991,135.0000,3,2,1
28.9231,52,37,G52_V37_3,1894.9129,2008.4991,135.0000,4,2,1
28.9371,20,56,G20_V56_0,1920.4900,1041.1400,135.0000,1,2,0
28.9371,20,56,G20_V56_1,1785.4900,1176.1400,135.0000,2,2,0
28.9371,20,56,G20_V56_2,1650.4900,1041.1400,135.0000,3,2,1
28.9371,20,56,G20_V56_3,1785.4900,906.1400,135.0000,4,2,1
28.9401,19,60,G19_V60_0,1632.1500,1007.1400,135.0000,1,2,0
28.9401,19,60,G19_V60_1,1497.1500,1142.1400,135.0000,2,2,0
28.9401,19,60,G19_V60_2,1362.1500,1007.1400,135.0000,3,2,1
28.9401,19,60,G19_V60_3,1497.1500,872.1400,135.0000,4,2,1
28.9438,20,65,G20_V65_0,1854.1300,979.9800,135.0000,1,2,0
28.9438,20,65,G20_V65_1,1719.1300,1114.9800,135.0000,2,2,0
28.9438,20,65,G20_V65_2,1584.1300,979.9800,135.0000,3,2,1
28.9438,20,65,G20_V65_3,1719.1300,844.9800,135.0000,4,2,1
28.9534,18,78,G18_V78_0,1580.1200,997.3300,135.0000,1,2,0
28.9534,18,78,G18_V78_1,1445.1200,1132.3300,135.0000,2,2,0
28.9534,18,78,G18_V78_2,1310.1200,997.3300,135.0000,3,2,1
28.9534,18,78,G18_V78_3,1445.1200,862.3300,135.0000,4,2,1
28.9594,36,86,G36_V86_0,1945.9289,1641.3191,135.0000,1,2,0
28.9594,36,86,G36_V86_1,1810.9289,1776.3191,135.0000,2,2,0
28.9594,36,86,G36_V86_2,1675.9289,1641.3191,135.0000,3,2,1
28.9594,36,86,G36_V86_3,1810.9289,1506.3191,135.0000,4,2,1
28.9660,26,95,G26_V95_0,1339.8877,1337.7936,135.0000,1,2,0
28.9660,26,95,G26_V95_1,1204.8877,1472.7936,135.0000,2,2,0
28.9660,26,95,G26_V95_2,1069.8877,1337.7936,135.0000,3,2,1
28.9660,26,95,G26_V95_3,1204.8877,1202.7936,135.0000,4,2,1
28.9668,19,96,G19_V96_0,1759.4706,1177.5550,135.0000,1,2,0
28.9668,19,96,G19_V96_1,1624.4706,1312.5550,135.0000,2,2,0
28.9668,19,96,G19_V96_2,1489.4706,1177.5550,135.0000,3,2,1
28.9668,19,96,G19_V96_3,1624.4706,1042.5550,135.0000,4,2,1
28.9705,10,101,G10_V101_0,1553.0700,805.7800,135.0000,1,2,0
28.9705,10,101,G10_V101_1,1418.0700,940.7800,135.0000,2,2,0
28.9705,10,101,G10_V101_2,1283.0700,805.7800,135.0000,3,2,1
28.9705,10,101,G10_V101_3,1418.0700,670.7800,135.0000,4,2,1
28.9816,27,116,G27_V116_0,1739.7012,1310.3852,135.0000,1,2,0
28.9816,27,116,G27_V116_1,1604.7012,1445.3852,135.0000,2,2,0
28.9816,27,116,G27_V116_2,1469.7012,1310.3852,135.0000,3,2,1
28.9816,27,116,G27_V116_3,1604.7012,1175.3852,135.0000,4,2,1
28.9912,19,129,G19_V129_0,1594.9300,998.1300,135.0000,1,2,0
28.9912,19,129,G19_V129_1,1459.9300,1133.1300,135.0000,2,2,0
28.9912,19,129,G19_V129_2,1324.9300,998.1300,135.0000,3,2,1
28.9912,19,129,G19_V129_3,1459.9300,863.1300,135.0000,4,2,1
