<?xml version="1.0" encoding="UTF-8"?>
<osm version="0.6" generator="Overpass API 0.7.62.11 87bfad18">
<note>The data included in this document is from www.openstreetmap.org. The data is made available under ODbL.</note>
<meta osm_base="2026-06-08T06:09:44Z"/>

  <node id="21521245" lat="48.7111882" lon="11.3634031"/>
  <node id="21521288" lat="48.7030224" lon="11.4115626"/>
  <node id="21521370" lat="48.7029729" lon="11.4124456"/>
  <node id="21521422" lat="48.7032130" lon="11.4150326"/>
  <node id="21521476" lat="48.7038927" lon="11.4171872"/>
  <node id="21521681" lat="48.7124441" lon="11.3612439"/>
  <node id="21521716" lat="48.7077910" lon="11.3702540"/>
  <node id="26572676" lat="48.7098650" lon="11.3655036"/>
  <node id="26572694" lat="48.7070844" lon="11.3738156"/>
  <node id="220594759" lat="48.6797571" lon="11.3639553"/>
  <node id="220599096" lat="48.6748848" lon="11.3649044"/>
  <node id="248135158" lat="48.7016973" lon="11.3859639">
    <tag k="name" v="Winden"/>
    <tag k="source" v="HiRes aerial imagery"/>
    <tag k="traffic_sign" v="city_limit"/>
  </node>
  <node id="248135160" lat="48.7042125" lon="11.3923732"/>
  <node id="248135161" lat="48.7075691" lon="11.3959994"/>
  <node id="248135162" lat="48.7081110" lon="11.3969355"/>
  <node id="248135164" lat="48.7113625" lon="11.4015342"/>
  <node id="248135846" lat="48.7111029" lon="11.4023064"/>
  <node id="248141331" lat="48.7050188" lon="11.3611903"/>
  <node id="248141332" lat="48.7055713" lon="11.3636027"/>
  <node id="248141333" lat="48.7057933" lon="11.3677948"/>
  <node id="248141335" lat="48.7016848" lon="11.3836026"/>
  <node id="248405777" lat="48.7114840" lon="11.4067536"/>
  <node id="248408615" lat="48.7099033" lon="11.4057285"/>
  <node id="248408616" lat="48.7096296" lon="11.4091373"/>
  <node id="248612080" lat="48.7108312" lon="11.4069111"/>
  <node id="248612118" lat="48.7100909" lon="11.4055207"/>
  <node id="248612288" lat="48.7133927" lon="11.4118753"/>
  <node id="248612289" lat="48.7125531" lon="11.4119636"/>
  <node id="248753890" lat="48.6834424" lon="11.3616878"/>
  <node id="248754115" lat="48.7042737" lon="11.3717012"/>
  <node id="248755270" lat="48.7067903" lon="11.3752761"/>
  <node id="248912366" lat="48.7116852" lon="11.4103874"/>
  <node id="248912368" lat="48.7111048" lon="11.4118031"/>
  <node id="248912369" lat="48.7103658" lon="11.4116463"/>
  <node id="248912370" lat="48.7092566" lon="11.4112183"/>
  <node id="248912371" lat="48.7095593" lon="11.4102788"/>
  <node id="248912372" lat="48.7134067" lon="11.4106880"/>
  <node id="248912636" lat="48.7095600" lon="11.4001570"/>
  <node id="248912826" lat="48.7132522" lon="11.3910152"/>
  <node id="248912833" lat="48.7096447" lon="11.4089475"/>
  <node id="248913073" lat="48.7108998" lon="11.4090250"/>
  <node id="248913074" lat="48.7107958" lon="11.4102808"/>
  <node id="248913097" lat="48.7100845" lon="11.4102706"/>
  <node id="248915409" lat="48.7105393" lon="11.4068624"/>
  <node id="248915410" lat="48.7100482" lon="11.4066487"/>
  <node id="248915883" lat="48.7109178" lon="11.4128797"/>
  <node id="248916041" lat="48.7086941" lon="11.4125298"/>
  <node id="248916056" lat="48.7115132" lon="11.4103151"/>
  <node id="248916502" lat="48.7105757" lon="11.4075417"/>
  <node id="248916503" lat="48.7104088" lon="11.4080578"/>
  <node id="248916594" lat="48.7088204" lon="11.4089042"/>
  <node id="248917264" lat="48.7111874" lon="11.4068808"/>
  <node id="248917265" lat="48.7110139" lon="11.4072239"/>
  <node id="248921429" lat="48.7108876" lon="11.4021262"/>
  <node id="249794052" lat="48.6791061" lon="11.4070856">
    <tag k="TMC:cid_58:tabcd_1:Class" v="Point"/>
    <tag k="TMC:cid_58:tabcd_1:Direction" v="both"/>
    <tag k="TMC:cid_58:tabcd_1:LCLversion" v="8.00"/>
    <tag k="TMC:cid_58:tabcd_1:LocationCode" v="31298"/>
    <tag k="TMC:cid_58:tabcd_1:NextLocationCode" v="31299"/>
    <tag k="TMC:cid_58:tabcd_1:PrevLocationCode" v="31297"/>
  </node>
  <node id="249794053" lat="48.7098217" lon="11.4064884"/>
  <node id="249794054" lat="48.7092585" lon="11.4058574"/>
  <node id="249794055" lat="48.6990679" lon="11.4061313"/>
  <node id="249794056" lat="48.6968893" lon="11.4058381"/>
  <node id="249794057" lat="48.6947944" lon="11.4065504"/>
  <node id="249794166" lat="48.6858062" lon="11.3833937"/>
  <node id="249794179" lat="48.6968302" lon="11.3859710"/>
  <node id="249794180" lat="48.6995495" lon="11.3896064"/>
  <node id="249794181" lat="48.7008734" lon="11.3888483"/>
  <node id="249794182" lat="48.7024056" lon="11.3885876"/>
  <node id="249794274" lat="48.7055743" lon="11.3542591"/>
  <node id="249794349" lat="48.7068731" lon="11.3568860"/>
  <node id="249794350" lat="48.7075085" lon="11.3593622"/>
  <node id="249794351" lat="48.7104442" lon="11.3614401"/>
  <node id="249795460" lat="48.6917940" lon="11.3550066"/>
  <node id="250918088" lat="48.7120880" lon="11.4131428"/>
  <node id="250918133" lat="48.7112452" lon="11.4129652"/>
  <node id="250918301" lat="48.7111328" lon="11.4140221"/>
  <node id="250919651" lat="48.7082505" lon="11.4054649"/>
  <node id="250921726" lat="48.7032731" lon="11.4057977"/>
  <node id="251338028" lat="48.7136877" lon="11.3816260"/>
  <node id="251338029" lat="48.7135768" lon="11.3817047"/>
  <node id="251338031" lat="48.7132223" lon="11.3828743"/>
  <node id="251338032" lat="48.7130866" lon="11.3830824"/>
  <node id="251338033" lat="48.7122978" lon="11.3830459"/>
  <node id="251338034" lat="48.7115939" lon="11.3835836"/>
  <node id="251338035" lat="48.7110910" lon="11.3837952"/>
  <node id="251338036" lat="48.7105886" lon="11.3837438"/>
  <node id="251338037" lat="48.7105379" lon="11.3840404"/>
  <node id="251338038" lat="48.7103187" lon="11.3854195"/>
  <node id="251338039" lat="48.7103953" lon="11.3866266"/>
  <node id="251338040" lat="48.7103350" lon="11.3874913"/>
  <node id="251338041" lat="48.7102264" lon="11.3875594"/>
  <node id="251338043" lat="48.7095010" lon="11.3879343"/>
  <node id="251338288" lat="48.7091198" lon="11.3905332"/>
  <node id="251338289" lat="48.7086305" lon="11.3937302"/>
  <node id="251338334" lat="48.7124908" lon="11.3948950"/>
  <node id="251338740" lat="48.7067084" lon="11.3869414"/>
  <node id="251339173" lat="48.7056483" lon="11.3893739"/>
  <node id="251339495" lat="48.7106080" lon="11.3886903"/>
  <node id="251339825" lat="48.7085838" lon="11.4127764"/>
  <node id="251339826" lat="48.7082321" lon="11.4135909"/>
  <node id="251339827" lat="48.7079520" lon="11.4142890"/>
  <node id="251339828" lat="48.7078187" lon="11.4143434"/>
  <node id="251339830" lat="48.7079860" lon="11.4144900"/>
  <node id="251339997" lat="48.7078560" lon="11.4145431"/>
  <node id="251340433" lat="48.7075907" lon="11.4154979">
    <tag k="crossing" v="unmarked"/>
    <tag k="crossing:island" v="no"/>
    <tag k="crossing:markings" v="no"/>
    <tag k="highway" v="crossing"/>
    <tag k="kerb" v="lowered"/>
    <tag k="tactile_paving" v="no"/>
  </node>
  <node id="251340435" lat="48.7070315" lon="11.4171632"/>
  <node id="251341755" lat="48.7079112" lon="11.3985230"/>
  <node id="251341756" lat="48.7068939" lon="11.4054911"/>
  <node id="251341757" lat="48.7067662" lon="11.4115048"/>
  <node id="251341759" lat="48.7070604" lon="11.4148894"/>
  <node id="251342512" lat="48.7080464" lon="11.4086705"/>
  <node id="251343586" lat="48.7111680" lon="11.3908043"/>
  <node id="251344029" lat="48.7100472" lon="11.3977541"/>
  <node id="251344030" lat="48.7096526" lon="11.3978579"/>
  <node id="251344031" lat="48.7088294" lon="11.3984952"/>
  <node id="251344141" lat="48.7098357" lon="11.3982193">
    <tag k="highway" v="turning_circle"/>
  </node>
  <node id="251344280" lat="48.7051801" lon="11.3988266"/>
  <node id="251344336" lat="48.7068828" lon="11.4052666"/>
  <node id="251344641" lat="48.7085001" lon="11.3985134"/>
  <node id="251344873" lat="48.7083808" lon="11.3990971">
    <tag k="highway" v="turning_circle"/>
  </node>
  <node id="251344874" lat="48.7084357" lon="11.3992462"/>
  <node id="251344875" lat="48.7084825" lon="11.3996306"/>
  <node id="251344876" lat="48.7087400" lon="11.4001826"/>
  <node id="251344877" lat="48.7091229" lon="11.4013034"/>
  <node id="251344901" lat="48.7076548" lon="11.4054529"/>
  <node id="251345113" lat="48.7076501" lon="11.4039749"/>
  <node id="251345114" lat="48.7076967" lon="11.4029746"/>
  <node id="251345115" lat="48.7078557" lon="11.4018344"/>
  <node id="251345116" lat="48.7079303" lon="11.4014296"/>
  <node id="251345117" lat="48.7080470" lon="11.4009596"/>
  <node id="251345118" lat="48.7092706" lon="11.3996858"/>
  <node id="251345336" lat="48.7074218" lon="11.4054618"/>
  <node id="251345444" lat="48.7073337" lon="11.4095360"/>
  <node id="251345445" lat="48.7075983" lon="11.4099698"/>
  <node id="251345447" lat="48.7078879" lon="11.4099653"/>
  <node id="251345465" lat="48.7072709" lon="11.4115805"/>
  <node id="251345466" lat="48.7076684" lon="11.4115320"/>
  <node id="251345468" lat="48.7080910" lon="11.4079765"/>
  <node id="251345469" lat="48.7081329" lon="11.4072588"/>
  <node id="251345525" lat="48.7072163" lon="11.4124247"/>
  <node id="251345526" lat="48.7072965" lon="11.4132721"/>
  <node id="251345527" lat="48.7074849" lon="11.4139481"/>
  <node id="251345535" lat="48.7088682" lon="11.4081815"/>
  <node id="251345567" lat="48.7091786" lon="11.4073863"/>
  <node id="251345597" lat="48.7076565" lon="11.4132899"/>
  <node id="251345598" lat="48.7077760" lon="11.4132538"/>
  <node id="251345599" lat="48.7078363" lon="11.4130758"/>
  <node id="251345600" lat="48.7078289" lon="11.4127848"/>
  <node id="251345601" lat="48.7079593" lon="11.4125891"/>
  <node id="251345602" lat="48.7082908" lon="11.4125794"/>
  <node id="251345614" lat="48.7092981" lon="11.4127928"/>
  <node id="251346362" lat="48.7101357" lon="11.4136461"/>
  <node id="251346363" lat="48.7100357" lon="11.4138992"/>
  <node id="251346364" lat="48.7098726" lon="11.4140867"/>
  <node id="251346365" lat="48.7095403" lon="11.4142035">
    <tag k="bus" v="yes"/>
    <tag k="name" v="Urnenfelderstraße"/>
    <tag k="network" v="Verkehrsverbund Großraum Ingolstadt"/>
    <tag k="network:guid" v="DE-BY-VGI"/>
    <tag k="network:short" v="VGI"/>
    <tag k="network:wikidata" v="Q99937594"/>
    <tag k="operator" v="Verkehrsverbund Großraum Ingolstadt"/>
    <tag k="public_transport" v="stop_position"/>
    <tag k="website" v="https://www.vgi.de/start_de"/>
  </node>
  <node id="251346366" lat="48.7091797" lon="11.4141805"/>
  <node id="251346368" lat="48.7086442" lon="11.4139434"/>
  <node id="251346382" lat="48.7059007" lon="11.3867886"/>
  <node id="251346590" lat="48.7103757" lon="11.4007383"/>
  <node id="251347120" lat="48.7087895" lon="11.4055291"/>
  <node id="251347135" lat="48.7086966" lon="11.4029206"/>
  <node id="251347504" lat="48.7090086" lon="11.4028658"/>
  <node id="251347505" lat="48.7091279" lon="11.4026672"/>
  <node id="251347506" lat="48.7091251" lon="11.4018311"/>
  <node id="251347598" lat="48.7052998" lon="11.4054052"/>
  <node id="251347951" lat="48.7097301" lon="11.4075050"/>
  <node id="251348313" lat="48.7092704" lon="11.4091088"/>
  <node id="251348881" lat="48.7102250" lon="11.4086848"/>
  <node id="251349106" lat="48.7102170" lon="11.4087748"/>
  <node id="251349414" lat="48.7091352" lon="11.4114996"/>
  <node id="251349461" lat="48.7084240" lon="11.4115118"/>
  <node id="251350053" lat="48.7100780" lon="11.4130218"/>
  <node id="251350054" lat="48.7101019" lon="11.4128077"/>
  <node id="251350736" lat="48.7103530" lon="11.4127606"/>
  <node id="251350966" lat="48.7102113" lon="11.4130222"/>
  <node id="251351930" lat="48.7107140" lon="11.4138004"/>
  <node id="251351931" lat="48.7079460" lon="11.4156489"/>
  <node id="251351932" lat="48.7085466" lon="11.4156476"/>
  <node id="251351933" lat="48.7091036" lon="11.4158078"/>
  <node id="251354265" lat="48.7041619" lon="11.4110132"/>
  <node id="251354340" lat="48.7044432" lon="11.4133916"/>
  <node id="251354348" lat="48.7056354" lon="11.4152201"/>
  <node id="251356226" lat="48.7087487" lon="11.4043209"/>
  <node id="251356302" lat="48.7101217" lon="11.4044002"/>
  <node id="251356303" lat="48.7101854" lon="11.4043511"/>
  <node id="251356315" lat="48.7087256" lon="11.4037847"/>
  <node id="251356322" lat="48.7099883" lon="11.4036977"/>
  <node id="251615074" lat="48.7119215" lon="11.3974475"/>
  <node id="255838189" lat="48.7123887" lon="11.4135647"/>
  <node id="255838190" lat="48.7122248" lon="11.4131603"/>
  <node id="276575318" lat="48.7057620" lon="11.3549839"/>
  <node id="276575319" lat="48.7078535" lon="11.3597607"/>
  <node id="276575320" lat="48.7096508" lon="11.3612106"/>
  <node id="279127571" lat="48.7052490" lon="11.3580883"/>
  <node id="281352074" lat="48.6747694" lon="11.4056828"/>
  <node id="290274306" lat="48.7047421" lon="11.4187021"/>
  <node id="290274310" lat="48.7035188" lon="11.4161881"/>
  <node id="290274313" lat="48.7030179" lon="11.4136829"/>
  <node id="290274316" lat="48.7032135" lon="11.4031519">
    <tag k="TMC:cid_58:tabcd_1:Class" v="Point"/>
    <tag k="TMC:cid_58:tabcd_1:Direction" v="both"/>
    <tag k="TMC:cid_58:tabcd_1:LCLversion" v="8.00"/>
    <tag k="TMC:cid_58:tabcd_1:LocationCode" v="33367"/>
    <tag k="TMC:cid_58:tabcd_1:PrevLocationCode" v="33366"/>
  </node>
  <node id="290274317" lat="48.7031503" lon="11.4033830"/>
  <node id="290274318" lat="48.7083937" lon="11.3684623"/>
  <node id="290274319" lat="48.7090851" lon="11.3669123"/>
  <node id="290274327" lat="48.7075329" lon="11.3712611"/>
  <node id="290274329" lat="48.7048146" lon="11.3930968"/>
  <node id="290274330" lat="48.7052512" lon="11.3935395"/>
  <node id="290274331" lat="48.7034462" lon="11.4057826"/>
  <node id="290274332" lat="48.7039835" lon="11.4057362"/>
  <node id="290274349" lat="48.7129487" lon="11.3601849"/>
  <node id="290274351" lat="48.7002579" lon="11.4060795"/>
  <node id="290274352" lat="48.6997888" lon="11.4061235"/>
  <node id="290274353" lat="48.7031152" lon="11.4105595"/>
  <node id="290274354" lat="48.6856000" lon="11.3841356">
    <tag k="crossing:barrier" v="half"/>
    <tag k="crossing:bell" v="yes"/>
    <tag k="crossing:light" v="yes"/>
    <tag k="crossing:saltire" v="yes"/>
    <tag k="railway" v="level_crossing"/>
  </node>
  <node id="291613419" lat="48.7029841" lon="11.4028909"/>
  <node id="293168689" lat="48.7128074" lon="11.3908218"/>
  <node id="293168693" lat="48.7124430" lon="11.3906306"/>
  <node id="293168694" lat="48.7117989" lon="11.3902373"/>
  <node id="293168695" lat="48.7117435" lon="11.3902132"/>
  <node id="293168696" lat="48.7115893" lon="11.3905344"/>
  <node id="293168697" lat="48.7115075" lon="11.3907873"/>
  <node id="293168698" lat="48.7112723" lon="11.3909646"/>
  <node id="293168699" lat="48.7111008" lon="11.3910631"/>
  <node id="293168700" lat="48.7107820" lon="11.3910072"/>
  <node id="293168701" lat="48.7103634" lon="11.3908807"/>
  <node id="293191046" lat="48.7109460" lon="11.3894794"/>
  <node id="293191047" lat="48.7111400" lon="11.3904778"/>
  <node id="293191048" lat="48.7112016" lon="11.3908874"/>
  <node id="308906716" lat="48.6992472" lon="11.3895577"/>
  <node id="308906717" lat="48.7003393" lon="11.3890410"/>
  <node id="308906747" lat="48.7015963" lon="11.3850768"/>
  <node id="308906748" lat="48.7022139" lon="11.3877157"/>
  <node id="321214501" lat="48.6814191" lon="11.4172740"/>
  <node id="321214502" lat="48.6793103" lon="11.4180670"/>
  <node id="321214503" lat="48.6756120" lon="11.4193963"/>
  <node id="321214515" lat="48.6789786" lon="11.4163225"/>
  <node id="321214516" lat="48.6785945" lon="11.4151843"/>
  <node id="321214517" lat="48.6782450" lon="11.4147667"/>
  <node id="321214518" lat="48.6779460" lon="11.4136020"/>
  <node id="321214519" lat="48.6778510" lon="11.4134761"/>
  <node id="321214520" lat="48.6773863" lon="11.4131688"/>
  <node id="321214521" lat="48.6775675" lon="11.4125275"/>
  <node id="321214522" lat="48.6764526" lon="11.4119306"/>
  <node id="321214523" lat="48.6762083" lon="11.4122843"/>
  <node id="321214524" lat="48.6759686" lon="11.4134204"/>
  <node id="321214525" lat="48.6759531" lon="11.4139884"/>
  <node id="321214526" lat="48.6759209" lon="11.4141530"/>
  <node id="321214529" lat="48.6756219" lon="11.4149576"/>
  <node id="321214533" lat="48.6759093" lon="11.4183519"/>
  <node id="321214538" lat="48.6882104" lon="11.4147888"/>
  <node id="321214539" lat="48.6873326" lon="11.4119851"/>
  <node id="321214540" lat="48.6867511" lon="11.4076408">
    <tag k="alt_name" v="Karlskron, Ingolstädter Straße (Spangler 50)"/>
    <tag k="bus" v="yes"/>
    <tag k="highway" v="bus_stop"/>
    <tag k="name" v="Deubling, Riedelstraße"/>
    <tag k="public_transport" v="stop_position"/>
    <tag k="ref:IFOPT" v="de:09185:90260"/>
  </node>
  <node id="321214541" lat="48.6864920" lon="11.4068905"/>
  <node id="321214542" lat="48.7051934" lon="11.4056464"/>
  <node id="321238120" lat="48.6760639" lon="11.4127360"/>
  <node id="331276473" lat="48.7002085" lon="11.3555108"/>
  <node id="332477433" lat="48.6786893" lon="11.4075122"/>
  <node id="332477473" lat="48.6787045" lon="11.4070070"/>
  <node id="332477475" lat="48.6777822" lon="11.4037999"/>
  <node id="332477476" lat="48.6761387" lon="11.4046362"/>
  <node id="332477478" lat="48.6756201" lon="11.4061969"/>
  <node id="336070815" lat="48.6666002" lon="11.4509461"/>
  <node id="336070818" lat="48.6654578" lon="11.4549285"/>
  <node id="340389368" lat="48.6958524" lon="11.4152933"/>
  <node id="340389370" lat="48.6995446" lon="11.4155443"/>
  <node id="340389448" lat="48.6950882" lon="11.4065026"/>
  <node id="340389449" lat="48.6956386" lon="11.4063463"/>
  <node id="340389450" lat="48.6963128" lon="11.4060373"/>
  <node id="340389451" lat="48.6977005" lon="11.4057922"/>
  <node id="340389607" lat="48.7031304" lon="11.4038134"/>
  <node id="340390376" lat="48.7065639" lon="11.4166495"/>
  <node id="340390657" lat="48.7078496" lon="11.3964469"/>
  <node id="340391736" lat="48.7056111" lon="11.3544732"/>
  <node id="340391784" lat="48.7071552" lon="11.3577223"/>
  <node id="340391785" lat="48.7071579" lon="11.3580454"/>
  <node id="340391786" lat="48.7071636" lon="11.3583645"/>
  <node id="340391787" lat="48.7072107" lon="11.3586539"/>
  <node id="356685068" lat="48.7016241" lon="11.3758990"/>
  <node id="356685070" lat="48.7005717" lon="11.3784629"/>
  <node id="356685072" lat="48.7003152" lon="11.3791843"/>
  <node id="356685073" lat="48.6996140" lon="11.3820218"/>
  <node id="356685074" lat="48.6993189" lon="11.3832297"/>
  <node id="356685075" lat="48.6989882" lon="11.3866234"/>
  <node id="356685076" lat="48.6987738" lon="11.3887925"/>
  <node id="356685755" lat="48.6972820" lon="11.4060605"/>
  <node id="356685757" lat="48.6977185" lon="11.4060049"/>
  <node id="356685758" lat="48.6984590" lon="11.4062294"/>
  <node id="356685759" lat="48.6992193" lon="11.4064545"/>
  <node id="356685760" lat="48.6994220" lon="11.4119129"/>
  <node id="356685762" lat="48.6996664" lon="11.4190801"/>
  <node id="356686748" lat="48.6858607" lon="11.3909658"/>
  <node id="356686749" lat="48.6894159" lon="11.3929724"/>
  <node id="356686750" lat="48.6909285" lon="11.3927249"/>
  <node id="356686751" lat="48.6920456" lon="11.3905012"/>
  <node id="356686753" lat="48.6936602" lon="11.3884622"/>
  <node id="356686754" lat="48.6942499" lon="11.3879625"/>
  <node id="356686917" lat="48.6963909" lon="11.3862564"/>
  <node id="356689441" lat="48.7102363" lon="11.3742800"/>
  <node id="356689442" lat="48.7095699" lon="11.3775247"/>
  <node id="356689443" lat="48.7111765" lon="11.3775785"/>
  <node id="356689563" lat="48.7081723" lon="11.3778232"/>
  <node id="358062199" lat="48.7096148" lon="11.4114445"/>
  <node id="358062614" lat="48.7123790" lon="11.4106280"/>
  <node id="358063002" lat="48.7133264" lon="11.4119313"/>
  <node id="358064348" lat="48.7100240" lon="11.4056056"/>
  <node id="359517660" lat="48.7092540" lon="11.3612398"/>
  <node id="359517665" lat="48.7091070" lon="11.3625130"/>
  <node id="359517667" lat="48.7097427" lon="11.3639788"/>
  <node id="359517669" lat="48.7097631" lon="11.3653690"/>
  <node id="366504653" lat="48.7068747" lon="11.4064653"/>
  <node id="366504663" lat="48.7064526" lon="11.4055322"/>
  <node id="366504668" lat="48.7064778" lon="11.4059720"/>
  <node id="366504669" lat="48.7064815" lon="11.4062877"/>
  <node id="366504670" lat="48.7064441" lon="11.4064508"/>
  <node id="366504671" lat="48.7061758" lon="11.4067972"/>
  <node id="366504672" lat="48.7059734" lon="11.4069546"/>
  <node id="366504677" lat="48.7020605" lon="11.4059021"/>
  <node id="366504691" lat="48.7019714" lon="11.4062842"/>
  <node id="366504692" lat="48.7018846" lon="11.4063452"/>
  <node id="366504693" lat="48.7010988" lon="11.4063421"/>
  <node id="366504695" lat="48.7005313" lon="11.4065556"/>
  <node id="366505327" lat="48.6756832" lon="11.4062302"/>
  <node id="366505346" lat="48.6755309" lon="11.4069061"/>
  <node id="366505348" lat="48.6755770" lon="11.4071695"/>
  <node id="366505349" lat="48.6776849" lon="11.4085729"/>
  <node id="366505350" lat="48.6777767" lon="11.4085252"/>
  <node id="366505351" lat="48.6781507" lon="11.4072659"/>
  <node id="366509420" lat="48.6725035" lon="11.4025262"/>
  <node id="366509421" lat="48.6741737" lon="11.4052113"/>
  <node id="366509422" lat="48.6749006" lon="11.4056851"/>
  <node id="366509522" lat="48.6744917" lon="11.4062536"/>
  <node id="373454872" lat="48.6737948" lon="11.4059745"/>
  <node id="386627940" lat="48.6788013" lon="11.3983563"/>
  <node id="386627942" lat="48.6786043" lon="11.3991513"/>
  <node id="386627943" lat="48.6785690" lon="11.3996336"/>
  <node id="386627945" lat="48.6785286" lon="11.4002988"/>
  <node id="386627947" lat="48.6784593" lon="11.4009691"/>
  <node id="386627949" lat="48.6783362" lon="11.4016523"/>
  <node id="386627950" lat="48.6783655" lon="11.4022368"/>
  <node id="386627952" lat="48.6783372" lon="11.4026833"/>
  <node id="386627953" lat="48.6782723" lon="11.4029740"/>
  <node id="386627954" lat="48.6780685" lon="11.4034296"/>
  <node id="386627955" lat="48.6778787" lon="11.4035868"/>
  <node id="386627961" lat="48.6769862" lon="11.4041722"/>
  <node id="430301868" lat="48.6734512" lon="11.4042286"/>
  <node id="430301871" lat="48.6737926" lon="11.4047589"/>
  <node id="430301950" lat="48.6742687" lon="11.4054313"/>
  <node id="430399849" lat="48.6746507" lon="11.4059245"/>
  <node id="430399857" lat="48.6740767" lon="11.4102572"/>
  <node id="430400746" lat="48.6789348" lon="11.4076163">
    <tag k="TMC:cid_58:tabcd_1:Class" v="Point"/>
    <tag k="TMC:cid_58:tabcd_1:Direction" v="both"/>
    <tag k="TMC:cid_58:tabcd_1:LCLversion" v="8.00"/>
    <tag k="TMC:cid_58:tabcd_1:LocationCode" v="33366"/>
    <tag k="TMC:cid_58:tabcd_1:NextLocationCode" v="33367"/>
    <tag k="TMC:cid_58:tabcd_1:PrevLocationCode" v="33365"/>
  </node>
  <node id="430404184" lat="48.6865661" lon="11.4072728"/>
  <node id="430404188" lat="48.6871045" lon="11.4106181"/>
  <node id="430404192" lat="48.6875763" lon="11.4129657"/>
  <node id="430404194" lat="48.6878553" lon="11.4138091"/>
  <node id="430404342" lat="48.6839033" lon="11.4140789"/>
  <node id="430416673" lat="48.6907150" lon="11.4198795"/>
  <node id="430416817" lat="48.6972666" lon="11.4057727"/>
  <node id="430416956" lat="48.7002501" lon="11.4063329"/>
  <node id="430416969" lat="48.7000468" lon="11.4059920"/>
  <node id="430416972" lat="48.7000050" lon="11.4056230"/>
  <node id="430416975" lat="48.7000012" lon="11.4052584"/>
  <node id="430416990" lat="48.6955335" lon="11.4063915"/>
  <node id="430417023" lat="48.6997181" lon="11.4064361"/>
  <node id="430417024" lat="48.6998433" lon="11.4064600"/>
  <node id="430417031" lat="48.6999472" lon="11.4065508"/>
  <node id="430417035" lat="48.7027877" lon="11.4108989"/>
  <node id="430417039" lat="48.7028181" lon="11.4110257"/>
  <node id="430417046" lat="48.7028045" lon="11.4117307"/>
  <node id="430417050" lat="48.7027829" lon="11.4121677"/>
  <node id="430417053" lat="48.7027669" lon="11.4127407"/>
  <node id="430417057" lat="48.7027835" lon="11.4132716"/>
  <node id="430417060" lat="48.7028726" lon="11.4141819"/>
  <node id="430417064" lat="48.7030384" lon="11.4150579"/>
  <node id="430417067" lat="48.7031281" lon="11.4154022"/>
  <node id="430417071" lat="48.7031479" lon="11.4155660"/>
  <node id="430417074" lat="48.7031322" lon="11.4157072"/>
  <node id="430417076" lat="48.7030981" lon="11.4157914"/>
  <node id="430417087" lat="48.6964466" lon="11.4058464"/>
  <node id="430417099" lat="48.6961528" lon="11.4059749"/>
  <node id="430417105" lat="48.6959742" lon="11.4060570"/>
  <node id="430417108" lat="48.6957385" lon="11.4060693"/>
  <node id="430417112" lat="48.6956534" lon="11.4060500"/>
  <node id="430417117" lat="48.6955204" lon="11.4061467"/>
  <node id="430417121" lat="48.6955184" lon="11.4062445"/>
  <node id="430417130" lat="48.6955530" lon="11.4067324"/>
  <node id="430417157" lat="48.7019571" lon="11.4071362"/>
  <node id="430417164" lat="48.7021867" lon="11.4078347"/>
  <node id="430417169" lat="48.7023484" lon="11.4082022"/>
  <node id="430417174" lat="48.7029812" lon="11.4092215"/>
  <node id="430417178" lat="48.7030151" lon="11.4092941"/>
  <node id="430417181" lat="48.7030326" lon="11.4094343"/>
  <node id="430417182" lat="48.7029284" lon="11.4103400"/>
  <node id="430417184" lat="48.7031552" lon="11.4109185"/>
  <node id="430417187" lat="48.7029749" lon="11.4031217"/>
  <node id="430417189" lat="48.7029909" lon="11.4051965"/>
  <node id="430417191" lat="48.7028940" lon="11.4053569"/>
  <node id="430417193" lat="48.7027320" lon="11.4053655"/>
  <node id="430417195" lat="48.6998383" lon="11.4052210"/>
  <node id="430417198" lat="48.6997857" lon="11.4050309"/>
  <node id="430417201" lat="48.6994193" lon="11.4020696"/>
  <node id="430417208" lat="48.7029593" lon="11.4026514"/>
  <node id="430417209" lat="48.7029257" lon="11.4018842"/>
  <node id="430417211" lat="48.7028940" lon="11.4008457"/>
  <node id="430417212" lat="48.7028728" lon="11.3986181"/>
  <node id="430417214" lat="48.7027994" lon="11.3957827"/>
  <node id="430417217" lat="48.7028012" lon="11.3928114"/>
  <node id="430417219" lat="48.7026291" lon="11.3904458"/>
  <node id="430417221" lat="48.7025575" lon="11.3888664"/>
  <node id="430417245" lat="48.7039784" lon="11.3919979"/>
  <node id="430417254" lat="48.7020203" lon="11.3885799"/>
  <node id="430418503" lat="48.7021590" lon="11.3815274"/>
  <node id="430418515" lat="48.6992713" lon="11.3839806"/>
  <node id="430418516" lat="48.7009343" lon="11.3851149"/>
  <node id="430418517" lat="48.6966673" lon="11.3970095"/>
  <node id="430418518" lat="48.6979606" lon="11.3909645"/>
  <node id="430418519" lat="48.6983368" lon="11.3897350"/>
  <node id="430418520" lat="48.6985327" lon="11.3894734"/>
  <node id="430418521" lat="48.6986274" lon="11.3894782"/>
  <node id="430418522" lat="48.6989416" lon="11.4020881"/>
  <node id="430418523" lat="48.6989236" lon="11.4020086"/>
  <node id="430418524" lat="48.6988662" lon="11.3989066"/>
  <node id="430418525" lat="48.6991892" lon="11.3988798"/>
  <node id="430418527" lat="48.6991117" lon="11.3957465"/>
  <node id="430418528" lat="48.6999652" lon="11.4020335"/>
  <node id="430418529" lat="48.7001205" lon="11.4019890"/>
  <node id="430420249" lat="48.7080640" lon="11.3968357"/>
  <node id="430420250" lat="48.7051688" lon="11.3938185"/>
  <node id="430420251" lat="48.7064968" lon="11.3949956"/>
  <node id="430420256" lat="48.7054109" lon="11.3867134"/>
  <node id="430420258" lat="48.7050816" lon="11.3888644"/>
  <node id="430420259" lat="48.7049790" lon="11.3891235"/>
  <node id="430420260" lat="48.7047622" lon="11.3891791"/>
  <node id="430420261" lat="48.7037327" lon="11.3888548"/>
  <node id="430420262" lat="48.7025077" lon="11.3885124"/>
  <node id="430876806" lat="48.6917620" lon="11.3548038"/>
  <node id="430876813" lat="48.6853402" lon="11.3850066"/>
  <node id="430876814" lat="48.6838563" lon="11.3902263"/>
  <node id="430876815" lat="48.6893184" lon="11.3570101"/>
  <node id="430876816" lat="48.6876356" lon="11.3583748"/>
  <node id="430876817" lat="48.6855697" lon="11.3599922"/>
  <node id="430876818" lat="48.6823270" lon="11.3624272"/>
  <node id="430876819" lat="48.6800605" lon="11.3638438"/>
  <node id="430876827" lat="48.6790562" lon="11.3641340"/>
  <node id="430876833" lat="48.6729212" lon="11.3654258"/>
  <node id="430876917" lat="48.6796954" lon="11.3637436"/>
  <node id="430876994" lat="48.6645004" lon="11.3093954"/>
  <node id="430877378" lat="48.6740124" lon="11.3649987"/>
  <node id="430877379" lat="48.6763715" lon="11.3645037"/>
  <node id="430877380" lat="48.6793697" lon="11.3639206"/>
  <node id="430877381" lat="48.6795308" lon="11.3637918"/>
  <node id="430877382" lat="48.6797823" lon="11.3637148"/>
  <node id="430877383" lat="48.6799866" lon="11.3637653"/>
  <node id="430877384" lat="48.6803483" lon="11.3635589"/>
  <node id="430877385" lat="48.6822864" lon="11.3623184"/>
  <node id="430877386" lat="48.6832550" lon="11.3616860"/>
  <node id="430877387" lat="48.6855674" lon="11.3598940"/>
  <node id="430877388" lat="48.6867246" lon="11.3589614"/>
  <node id="430877389" lat="48.6889690" lon="11.3571737"/>
  <node id="430877390" lat="48.6915884" lon="11.3550708"/>
  <node id="430877391" lat="48.6916954" lon="11.3548443"/>
  <node id="430877396" lat="48.6823876" lon="11.3626071"/>
  <node id="430877409" lat="48.6744454" lon="11.3679351"/>
  <node id="430877410" lat="48.6743657" lon="11.3677340"/>
  <node id="430877411" lat="48.6741911" lon="11.3673634"/>
  <node id="430877412" lat="48.6732669" lon="11.3658981"/>
  <node id="430877413" lat="48.6729715" lon="11.3655639"/>
  <node id="430877476" lat="48.6797532" lon="11.3881838"/>
  <node id="430877478" lat="48.6765569" lon="11.3865358"/>
  <node id="430877479" lat="48.6762282" lon="11.3863470"/>
  <node id="430877481" lat="48.6759731" lon="11.3863212"/>
  <node id="430877483" lat="48.6756501" lon="11.3861753"/>
  <node id="430877485" lat="48.6731960" lon="11.3849050"/>
  <node id="430877487" lat="48.6730826" lon="11.3848964"/>
  <node id="430877489" lat="48.6773215" lon="11.3815945">
    <tag k="highway" v="turning_circle"/>
  </node>
  <node id="430877490" lat="48.6778989" lon="11.3817662"/>
  <node id="430877491" lat="48.6802746" lon="11.3825790"/>
  <node id="430877492" lat="48.6809698" lon="11.3827264"/>
  <node id="430877493" lat="48.6833747" lon="11.3838154"/>
  <node id="430877494" lat="48.6846390" lon="11.3845879"/>
  <node id="430877504" lat="48.6782174" lon="11.3797981"/>
  <node id="430879993" lat="48.6871327" lon="11.3787496"/>
  <node id="430879998" lat="48.6790335" lon="11.3913080"/>
  <node id="430879999" lat="48.6816375" lon="11.3764872"/>
  <node id="430880000" lat="48.6865150" lon="11.3784309"/>
  <node id="431015912" lat="48.6971758" lon="11.3863030"/>
  <node id="431015914" lat="48.6913140" lon="11.3920283"/>
  <node id="431015917" lat="48.6930477" lon="11.3893246"/>
  <node id="431015918" lat="48.6954952" lon="11.3868784"/>
  <node id="431015919" lat="48.6966888" lon="11.3860370"/>
  <node id="431015922" lat="48.6865335" lon="11.3808339"/>
  <node id="431016059" lat="48.7035643" lon="11.3743686"/>
  <node id="431016061" lat="48.7030568" lon="11.3767738"/>
  <node id="431016125" lat="48.6966429" lon="11.3858337"/>
  <node id="431016127" lat="48.6926794" lon="11.3840117"/>
  <node id="431016128" lat="48.6893628" lon="11.3825810"/>
  <node id="431016130" lat="48.6879371" lon="11.3819174"/>
  <node id="431016149" lat="48.6886680" lon="11.3801064"/>
  <node id="431016150" lat="48.6894046" lon="11.3804583"/>
  <node id="431016151" lat="48.6897219" lon="11.3805699"/>
  <node id="431016152" lat="48.6897672" lon="11.3806729"/>
  <node id="431016154" lat="48.6897559" lon="11.3808445"/>
  <node id="431017362" lat="48.7062096" lon="11.3557948"/>
  <node id="431017364" lat="48.7072902" lon="11.3589402"/>
  <node id="431017370" lat="48.7109898" lon="11.3613136"/>
  <node id="431017393" lat="48.6994625" lon="11.3908985"/>
  <node id="431017399" lat="48.6995247" lon="11.3900982"/>
  <node id="431017470" lat="48.7106994" lon="11.3707766"/>
  <node id="431017473" lat="48.7107041" lon="11.3720533"/>
  <node id="431017889" lat="48.6958830" lon="11.3854661"/>
  <node id="431017912" lat="48.6956765" lon="11.3820977"/>
  <node id="431017918" lat="48.6961354" lon="11.3836941"/>
  <node id="431017924" lat="48.6995730" lon="11.3875793"/>
  <node id="431017927" lat="48.6994119" lon="11.3866530"/>
  <node id="431017928" lat="48.6993467" lon="11.3865414"/>
  <node id="431017929" lat="48.7014404" lon="11.3905955"/>
  <node id="431017931" lat="48.7013844" lon="11.3906835"/>
  <node id="431017938" lat="48.7012873" lon="11.3907249"/>
  <node id="431017940" lat="48.7007815" lon="11.3907903"/>
  <node id="431017943" lat="48.7003290" lon="11.3908094"/>
  <node id="431017951" lat="48.7000673" lon="11.3900354"/>
  <node id="431017952" lat="48.7000145" lon="11.3900644"/>
  <node id="431017953" lat="48.6995884" lon="11.3901221"/>
  <node id="431017963" lat="48.7065099" lon="11.3779602"/>
  <node id="431386827" lat="48.7100804" lon="11.3977545"/>
  <node id="433046108" lat="48.6769135" lon="11.4121327"/>
  <node id="433046109" lat="48.6759881" lon="11.4131431"/>
  <node id="433046111" lat="48.6771582" lon="11.4139761"/>
  <node id="433046112" lat="48.6764821" lon="11.4135141"/>
  <node id="433046113" lat="48.6762375" lon="11.4133597"/>
  <node id="433046114" lat="48.6763631" lon="11.4167373"/>
  <node id="433046128" lat="48.6763623" lon="11.4106934"/>
  <node id="433046129" lat="48.6760996" lon="11.4116317"/>
  <node id="433046130" lat="48.6759392" lon="11.4119035"/>
  <node id="433046131" lat="48.6757726" lon="11.4125230"/>
  <node id="433046132" lat="48.6757048" lon="11.4130236"/>
  <node id="433046133" lat="48.6755849" lon="11.4136764"/>
  <node id="433046134" lat="48.6753838" lon="11.4142896"/>
  <node id="433046135" lat="48.6752232" lon="11.4148497"/>
  <node id="433046136" lat="48.6748793" lon="11.4157658"/>
  <node id="433046137" lat="48.6767056" lon="11.4128970"/>
  <node id="433046138" lat="48.6766088" lon="11.4130114"/>
  <node id="433046177" lat="48.6768708" lon="11.4149430"/>
  <node id="433065407" lat="48.6867513" lon="11.3590566"/>
  <node id="433065466" lat="48.6964966" lon="11.3582090"/>
  <node id="433065471" lat="48.7001252" lon="11.3556581"/>
  <node id="433065474" lat="48.7000194" lon="11.3657370"/>
  <node id="433065475" lat="48.6996730" lon="11.3569607"/>
  <node id="433065477" lat="48.6996786" lon="11.3568360"/>
  <node id="433065493" lat="48.7021350" lon="11.3576415"/>
  <node id="433065496" lat="48.7025621" lon="11.3513338"/>
  <node id="433065502" lat="48.7026222" lon="11.3508709"/>
  <node id="433065506" lat="48.7026926" lon="11.3506050"/>
  <node id="444848780" lat="48.7039233" lon="11.4029482"/>
  <node id="444848781" lat="48.7034072" lon="11.4029457"/>
  <node id="470849592" lat="48.6687051" lon="11.4435768"/>
  <node id="470851616" lat="48.6756390" lon="11.4061133"/>
  <node id="485247561" lat="48.6794981" lon="11.3632970"/>
  <node id="503367045" lat="48.7122810" lon="11.4132500"/>
  <node id="503367047" lat="48.7122823" lon="11.4134553"/>
  <node id="503367057" lat="48.7118890" lon="11.4064204"/>
  <node id="504685510" lat="48.7013184" lon="11.4075849"/>
  <node id="504685512" lat="48.7016316" lon="11.4079777"/>
  <node id="504685513" lat="48.7028349" lon="11.4065211"/>
  <node id="506802479" lat="48.7068596" lon="11.3780988"/>
  <node id="506802480" lat="48.7069834" lon="11.3769670"/>
  <node id="506802483" lat="48.7073957" lon="11.3745118"/>
  <node id="506802484" lat="48.7079123" lon="11.3719424"/>
  <node id="506802485" lat="48.7079507" lon="11.3712497"/>
  <node id="506802516" lat="48.7137989" lon="11.3815888"/>
  <node id="760503640" lat="48.7093750" lon="11.3610330"/>
  <node id="760503659" lat="48.7089465" lon="11.3667291"/>
  <node id="760503663" lat="48.7085080" lon="11.3668463"/>
  <node id="760635807" lat="48.7061859" lon="11.3841972"/>
  <node id="995999824" lat="48.7076665" lon="11.4155465">
    <tag k="barrier" v="cycle_barrier"/>
    <tag k="cycle_barrier" v="double"/>
    <tag k="cycle_barrier:installation" v="fixed"/>
    <tag k="source" v="HiRes aerial imagery"/>
  </node>
  <node id="1160246432" lat="48.7036997" lon="11.4167167"/>
  <node id="1160246460" lat="48.7041833" lon="11.4177860"/>
  <node id="1160246486" lat="48.7033516" lon="11.4156258"/>
  <node id="1226536917" lat="48.7039971" lon="11.4022655"/>
  <node id="1234612305" lat="48.7046200" lon="11.3965951"/>
  <node id="1234612310" lat="48.7032270" lon="11.4095259"/>
  <node id="1234625302" lat="48.7036123" lon="11.4059375"/>
  <node id="1234625309" lat="48.7042443" lon="11.4001256"/>
  <node id="1285949864" lat="48.7006239" lon="11.4066963"/>
  <node id="1356743180" lat="48.6713351" lon="11.3334507"/>
  <node id="1356743339" lat="48.6744903" lon="11.3445410"/>
  <node id="1356743467" lat="48.6776975" lon="11.3562848"/>
  <node id="1356743475" lat="48.6760219" lon="11.3500171"/>
  <node id="1356743599" lat="48.6708528" lon="11.3317173"/>
  <node id="1356743646" lat="48.6729607" lon="11.3391406"/>
  <node id="1356743739" lat="48.6706177" lon="11.3308558"/>
  <node id="1356743767" lat="48.6722135" lon="11.3365229"/>
  <node id="1356743792" lat="48.6795686" lon="11.3633219"/>
  <node id="1356743895" lat="48.6784603" lon="11.3594677"/>
  <node id="1357118147" lat="48.6802977" lon="11.3637115"/>
  <node id="1357118154" lat="48.6759035" lon="11.3498340">
    <tag k="name" v="Probfeld"/>
    <tag k="traffic_sign" v="city_limit"/>
  </node>
  <node id="1357118162" lat="48.6770563" lon="11.3541164"/>
  <node id="1357603534" lat="48.7034063" lon="11.3906903">
    <tag k="name" v="Winden"/>
    <tag k="source" v="HiRes aerial imagery"/>
    <tag k="traffic_sign" v="city_limit"/>
  </node>
  <node id="1357603535" lat="48.7033004" lon="11.3755251"/>
  <node id="1357603539" lat="48.7071130" lon="11.3574716"/>
  <node id="1357603551" lat="48.7051086" lon="11.3620493"/>
  <node id="1357603553" lat="48.7020408" lon="11.3820521"/>
  <node id="1357603558" lat="48.7060952" lon="11.3943684"/>
  <node id="1357603563" lat="48.7072914" lon="11.3724622"/>
  <node id="1357603568" lat="48.7039081" lon="11.3730442"/>
  <node id="1357603572" lat="48.6916424" lon="11.3550064"/>
  <node id="1357603573" lat="48.7058318" lon="11.3671200"/>
  <node id="1357603576" lat="48.7046263" lon="11.3707117"/>
  <node id="1357603579" lat="48.7119791" lon="11.3620985"/>
  <node id="1357603581" lat="48.7087667" lon="11.3985165"/>
  <node id="1357603583" lat="48.7053425" lon="11.3626983"/>
  <node id="1357603584" lat="48.7017966" lon="11.3866687"/>
  <node id="1357603588" lat="48.7055606" lon="11.3540048">
    <tag k="name" v="Lichtenau"/>
    <tag k="traffic_sign" v="city_limit"/>
  </node>
  <node id="1357603593" lat="48.7083198" lon="11.3973430">
    <tag k="name" v="Zuchering"/>
    <tag k="traffic_sign" v="city_limit"/>
  </node>
  <node id="1357603594" lat="48.6916680" lon="11.3548976"/>
  <node id="1357603601" lat="48.7037729" lon="11.3915566"/>
  <node id="1357603603" lat="48.7058318" lon="11.3674544"/>
  <node id="1357603604" lat="48.7100097" lon="11.3613631"/>
  <node id="1357603605" lat="48.7055157" lon="11.3544146"/>
  <node id="1357603606" lat="48.7056006" lon="11.3683907"/>
  <node id="1357603610" lat="48.7087682" lon="11.3675751"/>
  <node id="1357603611" lat="48.7026137" lon="11.3791485"/>
  <node id="1357603623" lat="48.7054948" lon="11.3631562"/>
  <node id="1357603624" lat="48.7069920" lon="11.3952774"/>
  <node id="1357603625" lat="48.7018761" lon="11.3869916"/>
  <node id="1357603628" lat="48.7057315" lon="11.3656598"/>
  <node id="1357603636" lat="48.7015677" lon="11.3845279"/>
  <node id="1357603644" lat="48.7086555" lon="11.3980768"/>
  <node id="1357603646" lat="48.7107196" lon="11.3613986"/>
  <node id="1357603648" lat="48.7029313" lon="11.3774505"/>
  <node id="1357603650" lat="48.7023612" lon="11.3881312"/>
  <node id="1357603652" lat="48.7058835" lon="11.3552327"/>
  <node id="1357603665" lat="48.7094131" lon="11.3999728"/>
  <node id="1357603666" lat="48.7050448" lon="11.3616488"/>
  <node id="1357603667" lat="48.7016154" lon="11.3840218"/>
  <node id="1357603669" lat="48.7044984" lon="11.3927566"/>
  <node id="1357603671" lat="48.7080714" lon="11.3693511"/>
  <node id="1417631642" lat="48.7056360" lon="11.3893124"/>
  <node id="1417631643" lat="48.7056408" lon="11.3892485"/>
  <node id="1417631644" lat="48.7056735" lon="11.3894170"/>
  <node id="1417631645" lat="48.7057213" lon="11.3894512"/>
  <node id="1417631646" lat="48.7061072" lon="11.3895792"/>
  <node id="1417631647" lat="48.7063033" lon="11.3868674"/>
  <node id="1417631649" lat="48.7067080" lon="11.3792920"/>
  <node id="1417631650" lat="48.7068236" lon="11.3781794"/>
  <node id="1417631651" lat="48.7068438" lon="11.3779736"/>
  <node id="1417631652" lat="48.7068920" lon="11.3775062"/>
  <node id="1417631654" lat="48.7069315" lon="11.3780559"/>
  <node id="1417631655" lat="48.7069343" lon="11.3869859"/>
  <node id="1417631656" lat="48.7069948" lon="11.3898396"/>
  <node id="1417631657" lat="48.7070567" lon="11.3765208"/>
  <node id="1417631658" lat="48.7071015" lon="11.3762238"/>
  <node id="1417631660" lat="48.7072096" lon="11.3756697"/>
  <node id="1417631662" lat="48.7072803" lon="11.3752202"/>
  <node id="1417631664" lat="48.7073297" lon="11.3748465"/>
  <node id="1417631666" lat="48.7073613" lon="11.3746679"/>
  <node id="1417631667" lat="48.7074055" lon="11.3718545"/>
  <node id="1417631671" lat="48.7075068" lon="11.3740676"/>
  <node id="1417631672" lat="48.7075456" lon="11.3779324"/>
  <node id="1417631674" lat="48.7076585" lon="11.3707530"/>
  <node id="1417631676" lat="48.7077040" lon="11.3735214"/>
  <node id="1417631678" lat="48.7077566" lon="11.3838958"/>
  <node id="1417631679" lat="48.7077604" lon="11.3732816"/>
  <node id="1417631682" lat="48.7078610" lon="11.3726343"/>
  <node id="1417631683" lat="48.7078938" lon="11.3715366"/>
  <node id="1417631684" lat="48.7078952" lon="11.3714288"/>
  <node id="1417631685" lat="48.7079007" lon="11.3722972"/>
  <node id="1417631686" lat="48.7079045" lon="11.3717076"/>
  <node id="1417631687" lat="48.7079066" lon="11.3713470"/>
  <node id="1417631690" lat="48.7079277" lon="11.3698002"/>
  <node id="1417631691" lat="48.7079940" lon="11.3711999"/>
  <node id="1417631692" lat="48.7080044" lon="11.3706692"/>
  <node id="1417631693" lat="48.7080009" lon="11.3705025"/>
  <node id="1417631694" lat="48.7080195" lon="11.3703684"/>
  <node id="1417631695" lat="48.7080306" lon="11.3711762"/>
  <node id="1417631696" lat="48.7080608" lon="11.3702004"/>
  <node id="1417631697" lat="48.7080580" lon="11.3838416"/>
  <node id="1417631698" lat="48.7080605" lon="11.3901703"/>
  <node id="1417631699" lat="48.7081944" lon="11.3697731"/>
  <node id="1417631700" lat="48.7081130" lon="11.3711659"/>
  <node id="1417631703" lat="48.7082150" lon="11.3689367"/>
  <node id="1417631704" lat="48.7082247" lon="11.3874299"/>
  <node id="1417631705" lat="48.7082468" lon="11.3777831"/>
  <node id="1417631707" lat="48.7083487" lon="11.3693099"/>
  <node id="1417631711" lat="48.7085459" lon="11.3680880"/>
  <node id="1417631713" lat="48.7085944" lon="11.3903331"/>
  <node id="1417631714" lat="48.7086216" lon="11.3838129"/>
  <node id="1417631715" lat="48.7086181" lon="11.3685817"/>
  <node id="1417631717" lat="48.7087995" lon="11.3681349"/>
  <node id="1417631719" lat="48.7088406" lon="11.3776674"/>
  <node id="1417631720" lat="48.7088669" lon="11.3904178"/>
  <node id="1417631722" lat="48.7089915" lon="11.3677077"/>
  <node id="1417631723" lat="48.7090032" lon="11.3904666"/>
  <node id="1417631724" lat="48.7090398" lon="11.3676125"/>
  <node id="1417631725" lat="48.7091419" lon="11.3837986"/>
  <node id="1417631726" lat="48.7092090" lon="11.3905189"/>
  <node id="1417631730" lat="48.7093420" lon="11.3709621"/>
  <node id="1417631732" lat="48.7093846" lon="11.3837858"/>
  <node id="1417631734" lat="48.7094327" lon="11.3668416"/>
  <node id="1417631735" lat="48.7094397" lon="11.3878566"/>
  <node id="1417631738" lat="48.7094676" lon="11.3661952"/>
  <node id="1417631741" lat="48.7094836" lon="11.3878983"/>
  <node id="1417631742" lat="48.7095004" lon="11.3880404"/>
  <node id="1417631744" lat="48.7095071" lon="11.3879849"/>
  <node id="1417631746" lat="48.7095295" lon="11.3709061"/>
  <node id="1417631747" lat="48.7095401" lon="11.3906258"/>
  <node id="1417631748" lat="48.7095582" lon="11.3837760"/>
  <node id="1417631767" lat="48.7096666" lon="11.3663977"/>
  <node id="1417631774" lat="48.7097020" lon="11.3708812"/>
  <node id="1417631775" lat="48.7097104" lon="11.3837662"/>
  <node id="1417631778" lat="48.7097356" lon="11.3877972"/>
  <node id="1417631780" lat="48.7097968" lon="11.3764566"/>
  <node id="1417631787" lat="48.7098969" lon="11.3837602"/>
  <node id="1417631788" lat="48.7099197" lon="11.3708376"/>
  <node id="1417631789" lat="48.7099198" lon="11.3659706"/>
  <node id="1417631796" lat="48.7099949" lon="11.3837662"/>
  <node id="1417631797" lat="48.7100351" lon="11.3753798"/>
  <node id="1417631806" lat="48.7102018" lon="11.3837443"/>
  <node id="1417631807" lat="48.7102440" lon="11.3654807"/>
  <node id="1417631811" lat="48.7103062" lon="11.3855812"/>
  <node id="1417631813" lat="48.7103102" lon="11.3857350"/>
  <node id="1417631816" lat="48.7103389" lon="11.3876337"/>
  <node id="1417631817" lat="48.7103427" lon="11.3707692"/>
  <node id="1417631820" lat="48.7103480" lon="11.3860350"/>
  <node id="1417631821" lat="48.7103525" lon="11.3877637"/>
  <node id="1417631823" lat="48.7103550" lon="11.3873639"/>
  <node id="1417631825" lat="48.7103634" lon="11.3870511"/>
  <node id="1417631828" lat="48.7103739" lon="11.3868129"/>
  <node id="1417631834" lat="48.7103803" lon="11.3837255"/>
  <node id="1417631838" lat="48.7103942" lon="11.3880369"/>
  <node id="1417631844" lat="48.7104062" lon="11.3863267"/>
  <node id="1417631846" lat="48.7104162" lon="11.3864775"/>
  <node id="1417631847" lat="48.7104192" lon="11.3652312"/>
  <node id="1417631860" lat="48.7104487" lon="11.3732634"/>
  <node id="1417631861" lat="48.7104514" lon="11.3882941"/>
  <node id="1417631864" lat="48.7105217" lon="11.3644511"/>
  <node id="1417631866" lat="48.7105260" lon="11.3885080"/>
  <node id="1417631868" lat="48.7105262" lon="11.3943085"/>
  <node id="1417631874" lat="48.7105375" lon="11.3837270"/>
  <node id="1417631877" lat="48.7105809" lon="11.3707318"/>
  <node id="1417631879" lat="48.7106014" lon="11.3649869"/>
  <node id="1417631894" lat="48.7107115" lon="11.3714232"/>
  <node id="1417631895" lat="48.7107455" lon="11.3890328"/>
  <node id="1417631910" lat="48.7108475" lon="11.3837977"/>
  <node id="1417631912" lat="48.7109090" lon="11.3893635"/>
  <node id="1417631925" lat="48.7109607" lon="11.3910588"/>
  <node id="1417631927" lat="48.7109668" lon="11.3896405"/>
  <node id="1417631938" lat="48.7109817" lon="11.3898186"/>
  <node id="1417631940" lat="48.7109953" lon="11.3838126"/>
  <node id="1417631941" lat="48.7110221" lon="11.3900127"/>
  <node id="1417631948" lat="48.7110312" lon="11.3910673"/>
  <node id="1417631955" lat="48.7111173" lon="11.3903246"/>
  <node id="1417631957" lat="48.7111371" lon="11.3910523"/>
  <node id="1417631978" lat="48.7111713" lon="11.3910293"/>
  <node id="1417631993" lat="48.7112176" lon="11.3837396"/>
  <node id="1417631999" lat="48.7112392" lon="11.3641384"/>
  <node id="1417632010" lat="48.7112821" lon="11.3775797"/>
  <node id="1417632020" lat="48.7113031" lon="11.3909662"/>
  <node id="1417632031" lat="48.7113512" lon="11.3836549"/>
  <node id="1417632036" lat="48.7113809" lon="11.3909492"/>
  <node id="1417632045" lat="48.7114517" lon="11.3908937"/>
  <node id="1417632046" lat="48.7114596" lon="11.3836334"/>
  <node id="1417632057" lat="48.7115308" lon="11.3836217"/>
  <node id="1417632060" lat="48.7115481" lon="11.3906769"/>
  <node id="1417632064" lat="48.7115717" lon="11.3905977"/>
  <node id="1417632068" lat="48.7115871" lon="11.3627623"/>
  <node id="1417632076" lat="48.7116467" lon="11.3902577"/>
  <node id="1417632083" lat="48.7116837" lon="11.3902198"/>
  <node id="1417632098" lat="48.7117948" lon="11.3834392"/>
  <node id="1417632100" lat="48.7118046" lon="11.3634689"/>
  <node id="1417632113" lat="48.7119754" lon="11.3832649"/>
  <node id="1417632131" lat="48.7122627" lon="11.3615854"/>
  <node id="1417632139" lat="48.7123781" lon="11.3628000"/>
  <node id="1417632144" lat="48.7125044" lon="11.3829811"/>
  <node id="1417632161" lat="48.7126979" lon="11.3607356"/>
  <node id="1417632164" lat="48.7127364" lon="11.3623898"/>
  <node id="1417632168" lat="48.7127570" lon="11.3830057"/>
  <node id="1417632174" lat="48.7128775" lon="11.3622411"/>
  <node id="1417632177" lat="48.7129362" lon="11.3621667"/>
  <node id="1417632185" lat="48.7130360" lon="11.3909288"/>
  <node id="1417632187" lat="48.7129549" lon="11.3830464"/>
  <node id="1417632197" lat="48.7131760" lon="11.3830117"/>
  <node id="1417632198" lat="48.7131724" lon="11.3618783"/>
  <node id="1417632199" lat="48.7131836" lon="11.3596225"/>
  <node id="1417644391" lat="48.7098150" lon="11.3877587"/>
  <node id="1417644392" lat="48.7102315" lon="11.3837412"/>
  <node id="1418531796" lat="48.6808704" lon="11.4071877"/>
  <node id="1418531798" lat="48.6822876" lon="11.4071424"/>
  <node id="1418531800" lat="48.6864957" lon="11.4070118"/>
  <node id="1418531801" lat="48.6868468" lon="11.4070013"/>
  <node id="1418531811" lat="48.6868559" lon="11.4076890"/>
  <node id="1418531813" lat="48.6912634" lon="11.4068025"/>
  <node id="1418531815" lat="48.6926598" lon="11.4067017"/>
  <node id="1418531819" lat="48.6951087" lon="11.4065678"/>
  <node id="1418531820" lat="48.6955402" lon="11.4064414"/>
  <node id="1418531824" lat="48.6963255" lon="11.4061344"/>
  <node id="1418531826" lat="48.6968941" lon="11.4059024"/>
  <node id="1418531827" lat="48.6972701" lon="11.4058578"/>
  <node id="1418531836" lat="48.6976934" lon="11.4058711"/>
  <node id="1418531839" lat="48.6990634" lon="11.4062178"/>
  <node id="1418531842" lat="48.6998318" lon="11.4062082"/>
  <node id="1418531845" lat="48.7002813" lon="11.4061687"/>
  <node id="1418531846" lat="48.7020608" lon="11.4060581"/>
  <node id="1516301933" lat="48.7092146" lon="11.4043648"/>
  <node id="1516301934" lat="48.7096999" lon="11.4044535"/>
  <node id="1516301935" lat="48.7097940" lon="11.4003341"/>
  <node id="1516301938" lat="48.7098129" lon="11.4010964"/>
  <node id="1516301939" lat="48.7098373" lon="11.4016434"/>
  <node id="1516301940" lat="48.7098805" lon="11.4022945"/>
  <node id="1516301941" lat="48.7099053" lon="11.4044730"/>
  <node id="1516301942" lat="48.7099403" lon="11.4030869"/>
  <node id="1516301943" lat="48.7100319" lon="11.4039461"/>
  <node id="1516301944" lat="48.7100725" lon="11.4041085"/>
  <node id="1516301945" lat="48.7101172" lon="11.4042228"/>
  <node id="1516301946" lat="48.7104410" lon="11.4045485"/>
  <node id="1602101770" lat="48.7081706" lon="11.3600200"/>
  <node id="1602101772" lat="48.7098217" lon="11.3612974"/>
  <node id="1602101773" lat="48.7102003" lon="11.3977559"/>
  <node id="1602101774" lat="48.7102557" lon="11.3614196"/>
  <node id="1602101775" lat="48.7103624" lon="11.3977185"/>
  <node id="1602101784" lat="48.7105730" lon="11.3614289"/>
  <node id="1602101786" lat="48.7108462" lon="11.3975762"/>
  <node id="1602101789" lat="48.7112773" lon="11.3612485"/>
  <node id="1602101793" lat="48.7113958" lon="11.3974284"/>
  <node id="1602101795" lat="48.7115666" lon="11.3946039"/>
  <node id="1602101800" lat="48.7117681" lon="11.3974249"/>
  <node id="1602101814" lat="48.7120468" lon="11.3947510"/>
  <node id="1634976680" lat="48.6928084" lon="11.4066251"/>
  <node id="1634976683" lat="48.6925879" lon="11.4066341"/>
  <node id="1634976685" lat="48.6911825" lon="11.4067064"/>
  <node id="1634982525" lat="48.7032716" lon="11.4030591"/>
  <node id="1659884722" lat="48.6825522" lon="11.4070359"/>
  <node id="1815016344" lat="48.6909065" lon="11.4203173"/>
  <node id="1815046877" lat="48.6956605" lon="11.3992510"/>
  <node id="1815046879" lat="48.6959512" lon="11.3996876"/>
  <node id="1815046881" lat="48.6960014" lon="11.3997256"/>
  <node id="1815046884" lat="48.6960477" lon="11.3997180"/>
  <node id="1815046886" lat="48.6960778" lon="11.3996211"/>
  <node id="1815046891" lat="48.6962182" lon="11.3991202"/>
  <node id="1815046893" lat="48.6964450" lon="11.3980644"/>
  <node id="1815046899" lat="48.6969498" lon="11.3860546"/>
  <node id="1815046901" lat="48.6970401" lon="11.3861423"/>
  <node id="1815046911" lat="48.6983838" lon="11.3896270"/>
  <node id="1815046913" lat="48.6984358" lon="11.3895417"/>
  <node id="1815046915" lat="48.6988055" lon="11.3885496"/>
  <node id="1815046917" lat="48.6991753" lon="11.3894452"/>
  <node id="1815046922" lat="48.6993013" lon="11.3932761"/>
  <node id="1815046925" lat="48.6993858" lon="11.3865741"/>
  <node id="1815046927" lat="48.6993951" lon="11.3896221"/>
  <node id="1815046928" lat="48.6996067" lon="11.3882162"/>
  <node id="1815046931" lat="48.6996298" lon="11.3880835"/>
  <node id="1815046933" lat="48.6996922" lon="11.3901203"/>
  <node id="1815046935" lat="48.6996723" lon="11.3886447"/>
  <node id="1815046936" lat="48.6997491" lon="11.3888366"/>
  <node id="1815046937" lat="48.6998392" lon="11.3892650"/>
  <node id="1815046938" lat="48.6998997" lon="11.3893390"/>
  <node id="1815046948" lat="48.6999370" lon="11.3908315"/>
  <node id="1815046950" lat="48.7001693" lon="11.3891389"/>
  <node id="1815046956" lat="48.7009162" lon="11.3852075"/>
  <node id="1815046958" lat="48.7009331" lon="11.3854086"/>
  <node id="1815046964" lat="48.7010157" lon="11.3850796"/>
  <node id="1815046966" lat="48.7011076" lon="11.3871885"/>
  <node id="1815046967" lat="48.7014528" lon="11.3901291"/>
  <node id="1815046968" lat="48.7014679" lon="11.3904990"/>
  <node id="1815046969" lat="48.7014703" lon="11.3903511"/>
  <node id="1815046970" lat="48.7015741" lon="11.3886510"/>
  <node id="1815046971" lat="48.7016370" lon="11.3855395"/>
  <node id="1815046973" lat="48.7018269" lon="11.3828522"/>
  <node id="1815046974" lat="48.7018331" lon="11.3868345"/>
  <node id="1815046989" lat="48.7021559" lon="11.3885353"/>
  <node id="1815046995" lat="48.7022803" lon="11.3885353"/>
  <node id="1815046997" lat="48.7024178" lon="11.3884145"/>
  <node id="1815046999" lat="48.7025953" lon="11.3889436">
    <tag k="bus" v="yes"/>
    <tag k="highway" v="bus_stop"/>
    <tag k="name" v="Winden, Glöckelweg"/>
    <tag k="network" v="Verkehrsverbund Großraum Ingolstadt"/>
    <tag k="network:guid" v="DE-BY-VGI"/>
    <tag k="network:short" v="VGI"/>
    <tag k="network:wikidata" v="Q99937594"/>
    <tag k="operator" v="Verkehrsverbund Großraum Ingolstadt"/>
    <tag k="public_transport" v="stop_position"/>
    <tag k="website" v="https://www.vgi.de/start_de"/>
  </node>
  <node id="1815047010" lat="48.7048795" lon="11.3891787"/>
  <node id="1815047012" lat="48.7050397" lon="11.3890235"/>
  <node id="1839750942" lat="48.6794917" lon="11.4056874"/>
  <node id="1839750943" lat="48.6790641" lon="11.4054534"/>
  <node id="1839750944" lat="48.6787240" lon="11.4047560"/>
  <node id="1839750945" lat="48.6786532" lon="11.4050672"/>
  <node id="1839750946" lat="48.6787099" lon="11.4051423"/>
  <node id="1839750947" lat="48.6786461" lon="11.4049813"/>
  <node id="1892038892" lat="48.7097502" lon="11.3981550"/>
  <node id="1892038898" lat="48.7103690" lon="11.4003667"/>
  <node id="2040773648" lat="48.6972886" lon="11.4063147"/>
  <node id="2040773653" lat="48.6974905" lon="11.4057753"/>
  <node id="2040773655" lat="48.6974818" lon="11.4058542"/>
  <node id="2040773657" lat="48.6975578" lon="11.4060055"/>
  <node id="2040773660" lat="48.6979039" lon="11.4060365"/>
  <node id="2040773663" lat="48.6980387" lon="11.4058526"/>
  <node id="2040773665" lat="48.6980289" lon="11.4059381"/>
  <node id="2040773668" lat="48.6983850" lon="11.4059620"/>
  <node id="2040773671" lat="48.6983793" lon="11.4060447"/>
  <node id="2040773673" lat="48.6987203" lon="11.4060614"/>
  <node id="2040773676" lat="48.6987170" lon="11.4061420"/>
  <node id="2040773679" lat="48.6988412" lon="11.4063644"/>
  <node id="2040773682" lat="48.6991905" lon="11.4064292"/>
  <node id="2040773684" lat="48.6992383" lon="11.4065145"/>
  <node id="2040773687" lat="48.6992559" lon="11.4064349"/>
  <node id="2040773690" lat="48.6994247" lon="11.4061502"/>
  <node id="2040773692" lat="48.6994442" lon="11.4062358"/>
  <node id="2040773695" lat="48.7000184" lon="11.4057983"/>
  <node id="2040773698" lat="48.7011743" lon="11.4060006"/>
  <node id="2040773700" lat="48.7012604" lon="11.4075486"/>
  <node id="2040773703" lat="48.7013676" lon="11.4075577"/>
  <node id="2040773706" lat="48.7014621" lon="11.4074739"/>
  <node id="2040773709" lat="48.7017052" lon="11.4073218"/>
  <node id="2040773711" lat="48.7016959" lon="11.4092386"/>
  <node id="2040773718" lat="48.7018971" lon="11.4060234"/>
  <node id="2040773721" lat="48.7019687" lon="11.4060684"/>
  <node id="2040773726" lat="48.7020393" lon="11.4061568"/>
  <node id="2040773732" lat="48.7021377" lon="11.4060437"/>
  <node id="2040773737" lat="48.7022307" lon="11.4059954"/>
  <node id="2040773739" lat="48.7022540" lon="11.4080231"/>
  <node id="2040773741" lat="48.7023022" lon="11.4068690"/>
  <node id="2040773748" lat="48.7024369" lon="11.4103754"/>
  <node id="2040773753" lat="48.7026492" lon="11.4086987"/>
  <node id="2040773755" lat="48.7026844" lon="11.4107102"/>
  <node id="2040773756" lat="48.7027403" lon="11.4059481"/>
  <node id="2040773758" lat="48.7028135" lon="11.4137134"/>
  <node id="2040773778" lat="48.7029324" lon="11.4104843"/>
  <node id="2040773784" lat="48.7029474" lon="11.4146205"/>
  <node id="2040773792" lat="48.7029779" lon="11.4130303"/>
  <node id="2040773799" lat="48.7029873" lon="11.4106290"/>
  <node id="2040773825" lat="48.7031017" lon="11.4143969"/>
  <node id="2040773861" lat="48.7032000" lon="11.4109420"/>
  <node id="2040773873" lat="48.7032215" lon="11.4059023"/>
  <node id="2040773888" lat="48.7032580" lon="11.4109557"/>
  <node id="2040773891" lat="48.7033423" lon="11.4110370"/>
  <node id="2040773896" lat="48.7034357" lon="11.4058844"/>
  <node id="2040773898" lat="48.7034915" lon="11.4112328"/>
  <node id="2040773899" lat="48.7035620" lon="11.4113532"/>
  <node id="2040773902" lat="48.7035964" lon="11.4114550"/>
  <node id="2040773905" lat="48.7036218" lon="11.4115630"/>
  <node id="2040773907" lat="48.7036652" lon="11.4116934"/>
  <node id="2040773909" lat="48.7037337" lon="11.4118354"/>
  <node id="2040773911" lat="48.7037997" lon="11.4119275"/>
  <node id="2040773918" lat="48.7039744" lon="11.4058390"/>
  <node id="2040773929" lat="48.7043200" lon="11.4058048"/>
  <node id="2040773953" lat="48.7044032" lon="11.4132521"/>
  <node id="2040774111" lat="48.7059525" lon="11.4056669"/>
  <node id="2040774120" lat="48.7060150" lon="11.4056697"/>
  <node id="2040774127" lat="48.7061078" lon="11.4056906"/>
  <node id="2040774138" lat="48.7062209" lon="11.4057212"/>
  <node id="2040774143" lat="48.7062696" lon="11.4057156"/>
  <node id="2040774150" lat="48.7063266" lon="11.4056920"/>
  <node id="2040774153" lat="48.7063622" lon="11.4065915"/>
  <node id="2040774158" lat="48.7064601" lon="11.4056628"/>
  <node id="2040774166" lat="48.7067634" lon="11.4128033"/>
  <node id="2040774169" lat="48.7067582" lon="11.4113382"/>
  <node id="2040774171" lat="48.7068350" lon="11.4115127"/>
  <node id="2040774174" lat="48.7068381" lon="11.4144734"/>
  <node id="2040774177" lat="48.7068916" lon="11.4056098"/>
  <node id="2040774179" lat="48.7068839" lon="11.4170767"/>
  <node id="2040774182" lat="48.7069413" lon="11.4146837"/>
  <node id="2040774187" lat="48.7071871" lon="11.4115099"/>
  <node id="2040774189" lat="48.7072276" lon="11.4117201"/>
  <node id="2040774192" lat="48.7072526" lon="11.4129552"/>
  <node id="2040774195" lat="48.7073176" lon="11.4152269"/>
  <node id="2040774197" lat="48.7073691" lon="11.4115434"/>
  <node id="2040774200" lat="48.7073813" lon="11.4136810"/>
  <node id="2040774208" lat="48.7075054" lon="11.4154240">
    <tag k="barrier" v="cycle_barrier"/>
    <tag k="cycle_barrier" v="double"/>
    <tag k="cycle_barrier:installation" v="fixed"/>
    <tag k="source" v="HiRes aerial imagery"/>
  </node>
  <node id="2040774218" lat="48.7076859" lon="11.4142387"/>
  <node id="2040774222" lat="48.7078070" lon="11.4144330"/>
  <node id="2040774230" lat="48.7078881" lon="11.4156227"/>
  <node id="2040774259" lat="48.7087784" lon="11.4156742"/>
  <node id="2040774266" lat="48.7089394" lon="11.4157230"/>
  <node id="2109002804" lat="48.7081455" lon="11.4156615"/>
  <node id="2117568628" lat="48.7072440" lon="11.4116285"/>
  <node id="2117568629" lat="48.7073129" lon="11.4115493"/>
  <node id="2117568630" lat="48.7073431" lon="11.4096974"/>
  <node id="2117568631" lat="48.7073960" lon="11.4098404"/>
  <node id="2117568632" lat="48.7075864" lon="11.4141218"/>
  <node id="2117568634" lat="48.7082326" lon="11.4006762"/>
  <node id="2117568635" lat="48.7093344" lon="11.4112925"/>
  <node id="2117568636" lat="48.7094118" lon="11.4108423"/>
  <node id="2117568637" lat="48.7095011" lon="11.4105686"/>
  <node id="2117568638" lat="48.7096898" lon="11.4129164"/>
  <node id="2117568639" lat="48.7097589" lon="11.4141532">
    <tag k="bus" v="yes"/>
    <tag k="name" v="Urnenfelderstraße"/>
    <tag k="network" v="Verkehrsverbund Großraum Ingolstadt"/>
    <tag k="network:guid" v="DE-BY-VGI"/>
    <tag k="network:short" v="VGI"/>
    <tag k="network:wikidata" v="Q99937594"/>
    <tag k="operator" v="Verkehrsverbund Großraum Ingolstadt"/>
    <tag k="public_transport" v="stop_position"/>
    <tag k="website" v="https://www.vgi.de/start_de"/>
  </node>
  <node id="2117568641" lat="48.7100129" lon="11.4146433"/>
  <node id="2117568642" lat="48.7100501" lon="11.4147289">
    <tag k="highway" v="turning_circle"/>
  </node>
  <node id="2117568644" lat="48.7101785" lon="11.4127387"/>
  <node id="2117568645" lat="48.7102261" lon="11.4129552"/>
  <node id="2117568646" lat="48.7102268" lon="11.4136537"/>
  <node id="2117568647" lat="48.7103015" lon="11.4067837"/>
  <node id="2117568648" lat="48.7104638" lon="11.4136862"/>
  <node id="2117568649" lat="48.7110340" lon="11.4069031"/>
  <node id="2117568651" lat="48.7113411" lon="11.4068232"/>
  <node id="2117568653" lat="48.7118028" lon="11.4104649"/>
  <node id="2117568655" lat="48.7120222" lon="11.4105565"/>
  <node id="2119510615" lat="48.7095712" lon="11.4062498">
    <tag k="bus" v="yes"/>
    <tag k="name" v="Karlskroner Straße"/>
    <tag k="network" v="Verkehrsverbund Großraum Ingolstadt"/>
    <tag k="network:guid" v="DE-BY-VGI"/>
    <tag k="network:short" v="VGI"/>
    <tag k="network:wikidata" v="Q99937594"/>
    <tag k="operator" v="Verkehrsverbund Großraum Ingolstadt"/>
    <tag k="public_transport" v="stop_position"/>
    <tag k="website" v="https://www.vgi.de/start_de"/>
  </node>
  <node id="2119510673" lat="48.7086074" lon="11.4054912"/>
  <node id="2119510675" lat="48.7089072" lon="11.4082752"/>
  <node id="2119510677" lat="48.7088883" lon="11.4055597"/>
  <node id="2119510679" lat="48.7091701" lon="11.4057731"/>
  <node id="2119510681" lat="48.7093030" lon="11.4057002"/>
  <node id="2119510683" lat="48.7095473" lon="11.4057297"/>
  <node id="2119510687" lat="48.7097896" lon="11.4057230"/>
  <node id="2119510691" lat="48.7098216" lon="11.4062913"/>
  <node id="2119510693" lat="48.7098737" lon="11.4058257"/>
  <node id="2119510700" lat="48.7099226" lon="11.4087863"/>
  <node id="2119510706" lat="48.7102247" lon="11.4052411"/>
  <node id="2119510710" lat="48.7106538" lon="11.4074026"/>
  <node id="2119510712" lat="48.7107782" lon="11.4020846"/>
  <node id="2119510716" lat="48.7108020" lon="11.4097422"/>
  <node id="2119510720" lat="48.7108615" lon="11.4093055"/>
  <node id="2119510742" lat="48.7111052" lon="11.4071314"/>
  <node id="2119510752" lat="48.7108621" lon="11.3943968"/>
  <node id="2261730189" lat="48.6995872" lon="11.3878336"/>
  <node id="2261730198" lat="48.6996233" lon="11.3883840"/>
  <node id="2298277632" lat="48.7076604" lon="11.4033463"/>
  <node id="2298277634" lat="48.7081976" lon="11.4029653"/>
  <node id="2298277643" lat="48.7090320" lon="11.4008879"/>
  <node id="2298277646" lat="48.7090817" lon="11.4010610"/>
  <node id="2298277648" lat="48.7090829" lon="11.4028125"/>
  <node id="2298277659" lat="48.7101561" lon="11.4054142"/>
  <node id="2298277666" lat="48.7106141" lon="11.4053784"/>
  <node id="2344647224" lat="48.6780376" lon="11.4108363"/>
  <node id="2344647231" lat="48.6757451" lon="11.4093880">
    <tag k="barrier" v="gate"/>
  </node>
  <node id="2349084055" lat="48.6743634" lon="11.4085448"/>
  <node id="2349084057" lat="48.6748026" lon="11.4087090"/>
  <node id="2349084062" lat="48.6748875" lon="11.4088358"/>
  <node id="2349084066" lat="48.6750474" lon="11.4089385"/>
  <node id="2349084067" lat="48.6754033" lon="11.4091768"/>
  <node id="2352463513" lat="48.6757791" lon="11.4144591"/>
  <node id="2352463515" lat="48.6761918" lon="11.4096681"/>
  <node id="2352463517" lat="48.6763419" lon="11.4120483"/>
  <node id="2352463519" lat="48.6764031" lon="11.4104542"/>
  <node id="2352463521" lat="48.6764149" lon="11.4117987"/>
  <node id="2352463523" lat="48.6764408" lon="11.4103365"/>
  <node id="2352463525" lat="48.6764761" lon="11.4102723"/>
  <node id="2352463527" lat="48.6765841" lon="11.4099067"/>
  <node id="2352463529" lat="48.6765750" lon="11.4119306"/>
  <node id="2357005632" lat="48.7101666" lon="11.3996428"/>
  <node id="2357005633" lat="48.7108579" lon="11.3993555"/>
  <node id="2432116842" lat="48.7097468" lon="11.4129319"/>
  <node id="2432116848" lat="48.7114165" lon="11.4102944"/>
  <node id="2432116855" lat="48.7117073" lon="11.4130586"/>
  <node id="2483783899" lat="48.6639316" lon="11.3071156"/>
  <node id="2483783901" lat="48.6639826" lon="11.3073953"/>
  <node id="2483783903" lat="48.6645807" lon="11.3097056"/>
  <node id="2483783905" lat="48.6653782" lon="11.3124426"/>
  <node id="2483783906" lat="48.6665399" lon="11.3165119"/>
  <node id="2483783907" lat="48.6674278" lon="11.3196313"/>
  <node id="2483783908" lat="48.6683768" lon="11.3230204"/>
  <node id="2483783909" lat="48.6695490" lon="11.3270736"/>
  <node id="2483789016" lat="48.6746908" lon="11.3452743"/>
  <node id="2483789017" lat="48.6764549" lon="11.3518501"/>
  <node id="2483789018" lat="48.6765068" lon="11.3518310"/>
  <node id="2483789019" lat="48.6766229" lon="11.3517558"/>
  <node id="2483789020" lat="48.6775170" lon="11.3510418"/>
  <node id="2483789021" lat="48.6784625" lon="11.3502088"/>
  <node id="2483789022" lat="48.6787493" lon="11.3499350"/>
  <node id="2483789024" lat="48.6799409" lon="11.3492445"/>
  <node id="2483789025" lat="48.6800329" lon="11.3492503"/>
  <node id="2483789026" lat="48.6804237" lon="11.3507068"/>
  <node id="2483789027" lat="48.6804888" lon="11.3511536"/>
  <node id="2483789028" lat="48.6805118" lon="11.3513683"/>
  <node id="2483789029" lat="48.6808566" lon="11.3526392"/>
  <node id="2483789030" lat="48.6820251" lon="11.3570276"/>
  <node id="2483789031" lat="48.6832939" lon="11.3617868"/>
  <node id="2483789033" lat="48.6866895" lon="11.3591040"/>
  <node id="2483789034" lat="48.6869686" lon="11.3609311"/>
  <node id="2483789035" lat="48.6870845" lon="11.3617710"/>
  <node id="2483789038" lat="48.6890045" lon="11.3572647"/>
  <node id="2483799044" lat="48.6795187" lon="11.4055952"/>
  <node id="2483799045" lat="48.6795796" lon="11.4056234"/>
  <node id="2483799046" lat="48.6796387" lon="11.4054041"/>
  <node id="2483799047" lat="48.6805495" lon="11.4021743"/>
  <node id="2483799048" lat="48.6810114" lon="11.4005064"/>
  <node id="2483799049" lat="48.6810664" lon="11.4002880"/>
  <node id="2483799050" lat="48.6811299" lon="11.4002293"/>
  <node id="2483799051" lat="48.6813892" lon="11.3992877"/>
  <node id="2483799052" lat="48.6823902" lon="11.3956153"/>
  <node id="2483799053" lat="48.6824024" lon="11.3957855"/>
  <node id="2483799054" lat="48.6825240" lon="11.3951437"/>
  <node id="2483799055" lat="48.6825622" lon="11.3950675"/>
  <node id="2483799056" lat="48.6840065" lon="11.3899070"/>
  <node id="2483799057" lat="48.6842617" lon="11.3775089"/>
  <node id="2483799058" lat="48.6849324" lon="11.3747467"/>
  <node id="2483799059" lat="48.6850157" lon="11.3745874"/>
  <node id="2483799060" lat="48.6856201" lon="11.3843128"/>
  <node id="2483799061" lat="48.6856496" lon="11.3842130">
    <tag k="crossing:barrier" v="half"/>
    <tag k="crossing:bell" v="yes"/>
    <tag k="crossing:light" v="yes"/>
    <tag k="railway" v="crossing"/>
  </node>
  <node id="2483799062" lat="48.6857614" lon="11.3839325"/>
  <node id="2483799063" lat="48.6859084" lon="11.3833221"/>
  <node id="2483799064" lat="48.6859239" lon="11.3837353"/>
  <node id="2483799065" lat="48.6865893" lon="11.3808742">
    <tag k="crossing:signals" v="no"/>
    <tag k="highway" v="crossing"/>
  </node>
  <node id="2483799066" lat="48.6868328" lon="11.3799558"/>
  <node id="2483799067" lat="48.6875256" lon="11.3775026"/>
  <node id="2483799068" lat="48.6879409" lon="11.3759021"/>
  <node id="2483799069" lat="48.6898535" lon="11.3693085"/>
  <node id="2483799070" lat="48.6922247" lon="11.3609476"/>
  <node id="2535711838" lat="48.6675975" lon="11.4474203"/>
  <node id="2535711889" lat="48.6696620" lon="11.4401964"/>
  <node id="2535712177" lat="48.6872302" lon="11.3784061"/>
  <node id="2535712180" lat="48.6872643" lon="11.3784278"/>
  <node id="2535712188" lat="48.6874126" lon="11.3785188"/>
  <node id="2535712200" lat="48.6875645" lon="11.3788256"/>
  <node id="2909970839" lat="48.7107835" lon="11.4073343"/>
  <node id="2910769090" lat="48.7088736" lon="11.4140847"/>
  <node id="2910769091" lat="48.7094404" lon="11.4142083"/>
  <node id="2910769092" lat="48.7097968" lon="11.4066965"/>
  <node id="2910769606" lat="48.7118223" lon="11.4119142"/>
  <node id="2927464842" lat="48.7081566" lon="11.3985190"/>
  <node id="2927464845" lat="48.7090167" lon="11.4056385"/>
  <node id="2927464849" lat="48.7097233" lon="11.4063970"/>
  <node id="2927464850" lat="48.7098369" lon="11.4060850"/>
  <node id="2927464872" lat="48.7111573" lon="11.4070399"/>
  <node id="2927470212" lat="48.7116770" lon="11.4066196"/>
  <node id="2927470268" lat="48.7120613" lon="11.4062349"/>
  <node id="2927470551" lat="48.7066619" lon="11.4055120">
    <tag k="name" v="Zuchering"/>
    <tag k="traffic_sign" v="city_limit"/>
  </node>
  <node id="2949244347" lat="48.7064718" lon="11.3793764"/>
  <node id="2949244348" lat="48.7067520" lon="11.3768258"/>
  <node id="2980202540" lat="48.6812482" lon="11.4094551"/>
  <node id="2980202578" lat="48.6855388" lon="11.3843299"/>
  <node id="2980202579" lat="48.6794045" lon="11.3757065"/>
  <node id="2980202581" lat="48.6801504" lon="11.3759739"/>
  <node id="2980202584" lat="48.6752204" lon="11.3684528"/>
  <node id="2980202585" lat="48.6854084" lon="11.3840947"/>
  <node id="2980207024" lat="48.6801224" lon="11.4086542"/>
  <node id="2980209834" lat="48.6803769" lon="11.4080109"/>
  <node id="2982373931" lat="48.6797596" lon="11.4071257"/>
  <node id="2982373932" lat="48.6807155" lon="11.4071020"/>
  <node id="2982380922" lat="48.6731242" lon="11.3657197"/>
  <node id="2982380924" lat="48.6738202" lon="11.3649342"/>
  <node id="2982380925" lat="48.6739303" lon="11.3649916"/>
  <node id="2982380926" lat="48.6745084" lon="11.3680180"/>
  <node id="2982380927" lat="48.6745678" lon="11.3726230"/>
  <node id="2982380928" lat="48.6745844" lon="11.3724571"/>
  <node id="2982380929" lat="48.6746375" lon="11.3728743"/>
  <node id="2982380930" lat="48.6749051" lon="11.3681311"/>
  <node id="2982380931" lat="48.6749296" lon="11.3736333"/>
  <node id="2982380932" lat="48.6750411" lon="11.3682115"/>
  <node id="2982381033" lat="48.6750756" lon="11.3739298"/>
  <node id="2982381034" lat="48.6751440" lon="11.3683146"/>
  <node id="2982381035" lat="48.6752337" lon="11.3647314"/>
  <node id="2982381036" lat="48.6752498" lon="11.3741032"/>
  <node id="2982381037" lat="48.6754257" lon="11.3742188"/>
  <node id="2982381038" lat="48.6775593" lon="11.3719896"/>
  <node id="2982381039" lat="48.6777871" lon="11.3751203"/>
  <node id="2982382733" lat="48.6808965" lon="11.4080101"/>
  <node id="2992183473" lat="48.6813087" lon="11.3992215"/>
  <node id="2992183474" lat="48.6819507" lon="11.3997537"/>
  <node id="2992183475" lat="48.6823496" lon="11.4001016"/>
  <node id="2992183476" lat="48.6826941" lon="11.4004109"/>
  <node id="2992183477" lat="48.6832493" lon="11.4009231"/>
  <node id="2992183478" lat="48.6838012" lon="11.4014160"/>
  <node id="2992183479" lat="48.6839465" lon="11.3898722"/>
  <node id="2992183480" lat="48.6845223" lon="11.4019766"/>
  <node id="2992183481" lat="48.6847673" lon="11.3952094"/>
  <node id="2992183482" lat="48.6847871" lon="11.4021989"/>
  <node id="2992183483" lat="48.6848817" lon="11.3904491"/>
  <node id="2992183484" lat="48.6854017" lon="11.3907681"/>
  <node id="2992183485" lat="48.6857743" lon="11.3909140"/>
  <node id="2992183486" lat="48.6857284" lon="11.4001737"/>
  <node id="2992183487" lat="48.6860138" lon="11.3949488"/>
  <node id="2992183488" lat="48.6866104" lon="11.4048240"/>
  <node id="2992183489" lat="48.6868531" lon="11.4068797"/>
  <node id="2992183490" lat="48.6869789" lon="11.3948498"/>
  <node id="2992183491" lat="48.6883586" lon="11.3946903"/>
  <node id="2992183492" lat="48.6889727" lon="11.3946226"/>
  <node id="2992183493" lat="48.6890238" lon="11.3945526"/>
  <node id="2992183494" lat="48.6891785" lon="11.3939944"/>
  <node id="2992183495" lat="48.6893396" lon="11.3933227"/>
  <node id="2992183496" lat="48.6909827" lon="11.3927909"/>
  <node id="2992183497" lat="48.6910424" lon="11.3963869"/>
  <node id="2992183498" lat="48.6910934" lon="11.3959814"/>
  <node id="2992183499" lat="48.6911135" lon="11.3970104"/>
  <node id="2992183500" lat="48.6911746" lon="11.3955577"/>
  <node id="2992183501" lat="48.6912411" lon="11.3929649"/>
  <node id="2992183502" lat="48.6912634" lon="11.3980682"/>
  <node id="2992183503" lat="48.6912851" lon="11.3951476"/>
  <node id="2992183504" lat="48.6913336" lon="11.3930627"/>
  <node id="2992183505" lat="48.6914214" lon="11.3931792"/>
  <node id="2992183506" lat="48.6914250" lon="11.3947649"/>
  <node id="2992183507" lat="48.6914946" lon="11.3996025"/>
  <node id="2992183508" lat="48.6916100" lon="11.3943788"/>
  <node id="2992183509" lat="48.6916447" lon="11.3935568"/>
  <node id="2992183510" lat="48.6916993" lon="11.3941396"/>
  <node id="2992183511" lat="48.6917120" lon="11.3938641"/>
  <node id="2992183512" lat="48.6917132" lon="11.4010184"/>
  <node id="2992183513" lat="48.6917813" lon="11.3937467"/>
  <node id="2992183514" lat="48.6917674" lon="11.4012407"/>
  <node id="2992183515" lat="48.6918232" lon="11.4014896"/>
  <node id="2992183516" lat="48.6920000" lon="11.3940898"/>
  <node id="2992183517" lat="48.6922063" lon="11.3944230"/>
  <node id="2992183518" lat="48.6922627" lon="11.3948142"/>
  <node id="2992183519" lat="48.6922696" lon="11.4043996"/>
  <node id="2992183520" lat="48.6924208" lon="11.4053479"/>
  <node id="2992183521" lat="48.6924952" lon="11.4059373"/>
  <node id="2992183522" lat="48.6927702" lon="11.3955609"/>
  <node id="2992183523" lat="48.6931717" lon="11.3961930"/>
  <node id="2992183524" lat="48.6935732" lon="11.3967996"/>
  <node id="2992183525" lat="48.6939025" lon="11.3973224"/>
  <node id="2992183526" lat="48.6941265" lon="11.3976672"/>
  <node id="2992183527" lat="48.6943930" lon="11.3980162"/>
  <node id="2992183528" lat="48.6945870" lon="11.3983989"/>
  <node id="2992183529" lat="48.6956723" lon="11.4000501"/>
  <node id="2992183530" lat="48.6962327" lon="11.4008968"/>
  <node id="2992183531" lat="48.6967432" lon="11.4016605"/>
  <node id="2992183532" lat="48.6968313" lon="11.4056770"/>
  <node id="2992183633" lat="48.6971303" lon="11.4055562"/>
  <node id="2992183634" lat="48.6972281" lon="11.4024106"/>
  <node id="2992183635" lat="48.6974054" lon="11.4054716"/>
  <node id="2992183636" lat="48.6976295" lon="11.4054124"/>
  <node id="2992183637" lat="48.6977931" lon="11.4032734"/>
  <node id="2992183638" lat="48.6979702" lon="11.4053307"/>
  <node id="2992183639" lat="48.6982195" lon="11.4039182"/>
  <node id="2992183640" lat="48.6983905" lon="11.4041948"/>
  <node id="2992183641" lat="48.6984224" lon="11.4042788"/>
  <node id="2992183642" lat="48.6984296" lon="11.4044642"/>
  <node id="2992183643" lat="48.6983799" lon="11.4052747"/>
  <node id="2992183644" lat="48.6984507" lon="11.4050598"/>
  <node id="2992183645" lat="48.6984578" lon="11.4052639"/>
  <node id="3006990433" lat="48.6956307" lon="11.4090907"/>
  <node id="3006990434" lat="48.6957263" lon="11.4119701"/>
  <node id="3006990435" lat="48.6993202" lon="11.4088314"/>
  <node id="3036861603" lat="48.6970723" lon="11.3861804"/>
  <node id="3036861604" lat="48.6983186" lon="11.3739629"/>
  <node id="3036861605" lat="48.6983398" lon="11.3745220"/>
  <node id="3036861606" lat="48.6983845" lon="11.3753157"/>
  <node id="3036861607" lat="48.6983993" lon="11.3732615"/>
  <node id="3036861608" lat="48.6984343" lon="11.3730670"/>
  <node id="3036861609" lat="48.6984449" lon="11.3761346"/>
  <node id="3036861610" lat="48.6985020" lon="11.3778813"/>
  <node id="3036861611" lat="48.6985134" lon="11.3728063"/>
  <node id="3036861612" lat="48.6985424" lon="11.3726288"/>
  <node id="3036861613" lat="48.6985862" lon="11.3723611"/>
  <node id="3036861614" lat="48.6986405" lon="11.3811969"/>
  <node id="3036861615" lat="48.6986508" lon="11.3720917"/>
  <node id="3036861616" lat="48.6986523" lon="11.3811595"/>
  <node id="3036861617" lat="48.6986716" lon="11.3719596"/>
  <node id="3036861618" lat="48.6986866" lon="11.3808131"/>
  <node id="3036861619" lat="48.6987091" lon="11.3718888"/>
  <node id="3036861620" lat="48.6996415" lon="11.3819021"/>
  <node id="3036861621" lat="48.6999844" lon="11.3703912"/>
  <node id="3036861622" lat="48.7000167" lon="11.3704787"/>
  <node id="3036861623" lat="48.7001414" lon="11.3705906"/>
  <node id="3036861624" lat="48.7002823" lon="11.3708321"/>
  <node id="3036861625" lat="48.7003469" lon="11.3710945"/>
  <node id="3036861626" lat="48.7005292" lon="11.3713883"/>
  <node id="3036861627" lat="48.7006943" lon="11.3718747"/>
  <node id="3036861628" lat="48.7007393" lon="11.3719884"/>
  <node id="3036861629" lat="48.7007890" lon="11.3721826"/>
  <node id="3036861630" lat="48.7008802" lon="11.3731745"/>
  <node id="3036861631" lat="48.7009114" lon="11.3739548"/>
  <node id="3036861632" lat="48.7009604" lon="11.3741297"/>
  <node id="3036861933" lat="48.7011977" lon="11.3746974"/>
  <node id="3036861934" lat="48.7013530" lon="11.3752021"/>
  <node id="3036861935" lat="48.7014633" lon="11.3754846"/>
  <node id="3036861936" lat="48.7016266" lon="11.3757243"/>
  <node id="3036861937" lat="48.7016532" lon="11.3757768"/>
  <node id="3036861938" lat="48.7016771" lon="11.3758810"/>
  <node id="3036861939" lat="48.7017152" lon="11.3758757"/>
  <node id="3120584061" lat="48.7103037" lon="11.3942406"/>
  <node id="3120584072" lat="48.7111240" lon="11.3944656"/>
  <node id="3120584082" lat="48.7116496" lon="11.3946300"/>
  <node id="3120584095" lat="48.7120952" lon="11.3947701"/>
  <node id="3120634639" lat="48.7038431" lon="11.4061028"/>
  <node id="3120634644" lat="48.7039659" lon="11.4064164"/>
  <node id="3120634645" lat="48.7039711" lon="11.4061586"/>
  <node id="3120634647" lat="48.7040892" lon="11.4060809"/>
  <node id="3120634649" lat="48.7041535" lon="11.4094224"/>
  <node id="3120634652" lat="48.7044089" lon="11.4060617"/>
  <node id="3120634654" lat="48.7047590" lon="11.4060732"/>
  <node id="3120634655" lat="48.7049544" lon="11.4061424"/>
  <node id="3120634656" lat="48.7051700" lon="11.4061271"/>
  <node id="3120634658" lat="48.7052994" lon="11.4058964"/>
  <node id="3120634659" lat="48.7056267" lon="11.4058618"/>
  <node id="3120634660" lat="48.7057611" lon="11.3987586"/>
  <node id="3120634661" lat="48.7061215" lon="11.4058272"/>
  <node id="3120634662" lat="48.7061418" lon="11.4056998"/>
  <node id="3564506848" lat="48.6898315" lon="11.3692408"/>
  <node id="3564506849" lat="48.6899919" lon="11.3751189"/>
  <node id="3564506850" lat="48.6899102" lon="11.3695134"/>
  <node id="3564506851" lat="48.6899692" lon="11.3749142"/>
  <node id="3564506852" lat="48.6899604" lon="11.3698877"/>
  <node id="3564506853" lat="48.6899713" lon="11.3744862"/>
  <node id="3564506854" lat="48.6900458" lon="11.3753079"/>
  <node id="3564506855" lat="48.6900134" lon="11.3705334"/>
  <node id="3564506856" lat="48.6900392" lon="11.3714589"/>
  <node id="3564506857" lat="48.6900902" lon="11.3753354"/>
  <node id="3564506858" lat="48.6900568" lon="11.3738075"/>
  <node id="3564506859" lat="48.6900935" lon="11.3722301"/>
  <node id="3564506860" lat="48.6901003" lon="11.3730199"/>
  <node id="3564506861" lat="48.6901776" lon="11.3752963"/>
  <node id="3564506862" lat="48.6909610" lon="11.3748153"/>
  <node id="3564506863" lat="48.6912651" lon="11.3746692"/>
  <node id="3564506864" lat="48.6914728" lon="11.3747248"/>
  <node id="3564506865" lat="48.6916764" lon="11.3745829"/>
  <node id="3564506866" lat="48.6921815" lon="11.3740790"/>
  <node id="3564506867" lat="48.6925507" lon="11.3703257"/>
  <node id="3564506868" lat="48.6925629" lon="11.3730569"/>
  <node id="3564506869" lat="48.6925643" lon="11.3697244"/>
  <node id="3564506870" lat="48.6925682" lon="11.3690947"/>
  <node id="3564506871" lat="48.6925881" lon="11.3711289"/>
  <node id="3564506872" lat="48.6925982" lon="11.3674321"/>
  <node id="3564506873" lat="48.6925992" lon="11.3667034"/>
  <node id="3564506874" lat="48.6926033" lon="11.3720394"/>
  <node id="3564506875" lat="48.6926213" lon="11.3732337"/>
  <node id="3564506876" lat="48.6926471" lon="11.3736307"/>
  <node id="3564506877" lat="48.6926946" lon="11.3733592"/>
  <node id="3564506878" lat="48.6926987" lon="11.3664141"/>
  <node id="3564506879" lat="48.6927910" lon="11.3734723"/>
  <node id="3564506880" lat="48.6929702" lon="11.3658835"/>
  <node id="3564506881" lat="48.6930707" lon="11.3657149"/>
  <node id="3564506882" lat="48.6931905" lon="11.3654988"/>
  <node id="3564506883" lat="48.6935065" lon="11.3648578"/>
  <node id="3564506884" lat="48.6935125" lon="11.3645263"/>
  <node id="3564506886" lat="48.6935194" lon="11.3642794"/>
  <node id="3564506887" lat="48.6935507" lon="11.3639482"/>
  <node id="3564506888" lat="48.6937556" lon="11.3631832"/>
  <node id="3564506889" lat="48.6939824" lon="11.3622351"/>
  <node id="3564506890" lat="48.6941765" lon="11.3614639"/>
  <node id="3564506891" lat="48.6942946" lon="11.3610053"/>
  <node id="3564506892" lat="48.6943733" lon="11.3607091"/>
  <node id="3564507893" lat="48.6945349" lon="11.3601250"/>
  <node id="3564507894" lat="48.6948091" lon="11.3594279"/>
  <node id="3564507895" lat="48.6949530" lon="11.3590536"/>
  <node id="3564507896" lat="48.6950751" lon="11.3587780"/>
  <node id="3564507897" lat="48.6951639" lon="11.3586587"/>
  <node id="3564507898" lat="48.6953025" lon="11.3585906"/>
  <node id="3564507899" lat="48.6957210" lon="11.3584510"/>
  <node id="3564507900" lat="48.6961537" lon="11.3584653"/>
  <node id="3564507901" lat="48.6963766" lon="11.3584817"/>
  <node id="3564507902" lat="48.6964224" lon="11.3583338"/>
  <node id="3565484195" lat="48.6899360" lon="11.3697057"/>
  <node id="3565484196" lat="48.6905305" lon="11.3696426"/>
  <node id="3565484197" lat="48.6906277" lon="11.3695095"/>
  <node id="3565484198" lat="48.6911302" lon="11.3688495"/>
  <node id="3565484199" lat="48.6915040" lon="11.3682607"/>
  <node id="3565484200" lat="48.6919025" lon="11.3675444"/>
  <node id="3565484201" lat="48.6922392" lon="11.3669782"/>
  <node id="3565484202" lat="48.6930056" lon="11.3732922"/>
  <node id="3565484203" lat="48.6934432" lon="11.3730509"/>
  <node id="3565484204" lat="48.6940601" lon="11.3726793"/>
  <node id="3565484205" lat="48.6944812" lon="11.3712207"/>
  <node id="3565484206" lat="48.6947460" lon="11.3722865"/>
  <node id="3565484207" lat="48.6949874" lon="11.3697488"/>
  <node id="3565484208" lat="48.6951101" lon="11.3716342"/>
  <node id="3565484209" lat="48.6952733" lon="11.3688338"/>
  <node id="3565484210" lat="48.6954531" lon="11.3711039"/>
  <node id="3565484211" lat="48.6955122" lon="11.3685038"/>
  <node id="3565484212" lat="48.6957646" lon="11.3681663"/>
  <node id="3565484213" lat="48.6958487" lon="11.3705179"/>
  <node id="3565484214" lat="48.6962176" lon="11.3673225"/>
  <node id="3565484215" lat="48.6966088" lon="11.3588249"/>
  <node id="3565484216" lat="48.6965146" lon="11.3665800"/>
  <node id="3565484217" lat="48.6966433" lon="11.3693140"/>
  <node id="3565484218" lat="48.6966743" lon="11.3658881"/>
  <node id="3565484219" lat="48.6968562" lon="11.3648100"/>
  <node id="3565484220" lat="48.6969082" lon="11.3638781"/>
  <node id="3565484221" lat="48.6969453" lon="11.3592712"/>
  <node id="3565484222" lat="48.6970284" lon="11.3687280"/>
  <node id="3565484223" lat="48.6970369" lon="11.3625468"/>
  <node id="3565484224" lat="48.6970443" lon="11.3594605"/>
  <node id="3565484225" lat="48.6970678" lon="11.3600437"/>
  <node id="3565484226" lat="48.6970691" lon="11.3596593"/>
  <node id="3565484227" lat="48.6972027" lon="11.3615737"/>
  <node id="3565484228" lat="48.6972176" lon="11.3612118"/>
  <node id="3565484229" lat="48.6974764" lon="11.3599960"/>
  <node id="3565484230" lat="48.6976759" lon="11.3675347"/>
  <node id="3565484231" lat="48.6979104" lon="11.3606563"/>
  <node id="3565484232" lat="48.6981095" lon="11.3606264"/>
  <node id="3565484233" lat="48.6984945" lon="11.3611306"/>
  <node id="3565484234" lat="48.6985195" lon="11.3665907"/>
  <node id="3565484235" lat="48.6985878" lon="11.3616613"/>
  <node id="3565484236" lat="48.6986788" lon="11.3619582"/>
  <node id="3565484237" lat="48.6987465" lon="11.3614435"/>
  <node id="3565484238" lat="48.6988100" lon="11.3628598"/>
  <node id="3565484239" lat="48.6988585" lon="11.3616557"/>
  <node id="3565484240" lat="48.6988888" lon="11.3662142"/>
  <node id="3565484241" lat="48.6989198" lon="11.3619208"/>
  <node id="3565484242" lat="48.6990568" lon="11.3650872"/>
  <node id="3565484243" lat="48.6990568" lon="11.3659702"/>
  <node id="3565484244" lat="48.6990866" lon="11.3656573"/>
  <node id="3565484245" lat="48.6991456" lon="11.3642543"/>
  <node id="3565484246" lat="48.6992798" lon="11.3659024"/>
  <node id="3565484247" lat="48.6992810" lon="11.3686680"/>
  <node id="3565484248" lat="48.6994159" lon="11.3678599"/>
  <node id="3565484249" lat="48.6994221" lon="11.3670592"/>
  <node id="3565484250" lat="48.6994320" lon="11.3675730"/>
  <node id="3565484251" lat="48.6996032" lon="11.3570095"/>
  <node id="3565484252" lat="48.7009380" lon="11.3655292"/>
  <node id="3565484253" lat="48.7014024" lon="11.3666847"/>
  <node id="3565484254" lat="48.7017008" lon="11.3674273"/>
  <node id="3565484255" lat="48.7020315" lon="11.3670084"/>
  <node id="3565484256" lat="48.7023299" lon="11.3666932"/>
  <node id="3565484257" lat="48.7024784" lon="11.3665713"/>
  <node id="3565484258" lat="48.7026681" lon="11.3663646"/>
  <node id="3565484259" lat="48.7027615" lon="11.3662713"/>
  <node id="3565484260" lat="48.7028952" lon="11.3661017"/>
  <node id="3565484261" lat="48.7030511" lon="11.3658954"/>
  <node id="3565484262" lat="48.7033332" lon="11.3655823"/>
  <node id="3565484263" lat="48.7036735" lon="11.3651660"/>
  <node id="3565484264" lat="48.7039903" lon="11.3647141"/>
  <node id="3565484265" lat="48.7046049" lon="11.3639216"/>
  <node id="3567167491" lat="48.6933611" lon="11.3652239"/>
  <node id="3567167492" lat="48.6934554" lon="11.3650323"/>
  <node id="3567167493" lat="48.6942844" lon="11.3631451"/>
  <node id="3567167494" lat="48.6944484" lon="11.3652932"/>
  <node id="3567167495" lat="48.6946176" lon="11.3723601"/>
  <node id="3567167496" lat="48.6946193" lon="11.3622364"/>
  <node id="3567167497" lat="48.6948341" lon="11.3616538"/>
  <node id="3567167498" lat="48.6953286" lon="11.3735014"/>
  <node id="3567167499" lat="48.6953988" lon="11.3658285"/>
  <node id="3567167500" lat="48.6955636" lon="11.3599430"/>
  <node id="3567167501" lat="48.6955984" lon="11.3739594"/>
  <node id="3567167502" lat="48.6959007" lon="11.3739102"/>
  <node id="3567167503" lat="48.6959500" lon="11.3661765"/>
  <node id="3567167504" lat="48.6960506" lon="11.3735846"/>
  <node id="3567167505" lat="48.6970117" lon="11.3628071"/>
  <node id="3567167506" lat="48.6977394" lon="11.3718511"/>
  <node id="3567167507" lat="48.6978468" lon="11.3716316"/>
  <node id="3567167508" lat="48.6980037" lon="11.3711867"/>
  <node id="3567167509" lat="48.6981672" lon="11.3706979"/>
  <node id="3567167510" lat="48.6982529" lon="11.3700935"/>
  <node id="3567167511" lat="48.6987262" lon="11.3694211"/>
  <node id="3567167512" lat="48.6988339" lon="11.3691803"/>
  <node id="3567167513" lat="48.6989112" lon="11.3706572"/>
  <node id="3567167514" lat="48.6989876" lon="11.3687172"/>
  <node id="3567167515" lat="48.6990199" lon="11.3685211"/>
  <node id="3567167516" lat="48.6990768" lon="11.3681755"/>
  <node id="3567167517" lat="48.6991283" lon="11.3685821"/>
  <node id="3567167518" lat="48.6991466" lon="11.3670766"/>
  <node id="3567167519" lat="48.6991516" lon="11.3675494"/>
  <node id="3567167520" lat="48.7002658" lon="11.3701810"/>
  <node id="3567167521" lat="48.7013168" lon="11.3691854"/>
  <node id="3567167522" lat="48.7016555" lon="11.3646901"/>
  <node id="3567167523" lat="48.7018507" lon="11.3614983"/>
  <node id="3567167524" lat="48.7021039" lon="11.3684764"/>
  <node id="3567167525" lat="48.7023771" lon="11.3536983"/>
  <node id="3567167526" lat="48.7028991" lon="11.3634861"/>
  <node id="3567167527" lat="48.7031139" lon="11.3632060"/>
  <node id="3567167528" lat="48.7032039" lon="11.3629676"/>
  <node id="3567167529" lat="48.7032966" lon="11.3616312"/>
  <node id="3567167530" lat="48.7050523" lon="11.3607390"/>
  <node id="3567167531" lat="48.7050679" lon="11.3617940"/>
  <node id="3567167532" lat="48.7055605" lon="11.3540359"/>
  <node id="3567167533" lat="48.7056706" lon="11.3631166"/>
  <node id="3567167534" lat="48.7057905" lon="11.3630579"/>
  <node id="3567167535" lat="48.7062601" lon="11.3632112"/>
  <node id="3567167536" lat="48.7067946" lon="11.3632869"/>
  <node id="3567167537" lat="48.7069567" lon="11.3610226"/>
  <node id="3621497322" lat="48.6918427" lon="11.3938430"/>
  <node id="3621497323" lat="48.6926433" lon="11.4066318"/>
  <node id="3621497326" lat="48.6927356" lon="11.4066281"/>
  <node id="3621497327" lat="48.6927543" lon="11.4067013"/>
  <node id="3623584634" lat="48.6870492" lon="11.3861635"/>
  <node id="3623584635" lat="48.6874494" lon="11.3845500"/>
  <node id="3623584636" lat="48.6876803" lon="11.3846656"/>
  <node id="3623584637" lat="48.6880564" lon="11.3819729"/>
  <node id="3623584638" lat="48.6887236" lon="11.3886991"/>
  <node id="3623584639" lat="48.6898651" lon="11.3893357"/>
  <node id="3623584640" lat="48.6919975" lon="11.3869832"/>
  <node id="3635218155" lat="48.7106674" lon="11.3976288"/>
  <node id="3635998045" lat="48.7046872" lon="11.3987861"/>
  <node id="3635998046" lat="48.7061255" lon="11.3987178"/>
  <node id="3635998047" lat="48.7063212" lon="11.4053755"/>
  <node id="3635998048" lat="48.7069991" lon="11.4045037"/>
  <node id="3773810819" lat="48.6794797" lon="11.4098418"/>
  <node id="3779184485" lat="48.7119453" lon="11.3772054"/>
  <node id="3829461557" lat="48.7096653" lon="11.4141796"/>
  <node id="3880438186" lat="48.7106403" lon="11.4039086">
    <tag k="bus" v="yes"/>
    <tag k="name" v="Oberstimmer Straße"/>
    <tag k="network" v="Verkehrsverbund Großraum Ingolstadt"/>
    <tag k="network:guid" v="DE-BY-VGI"/>
    <tag k="network:short" v="VGI"/>
    <tag k="network:wikidata" v="Q99937594"/>
    <tag k="operator" v="Verkehrsverbund Großraum Ingolstadt"/>
    <tag k="public_transport" v="stop_position"/>
    <tag k="website" v="https://www.vgi.de/start_de"/>
  </node>
  <node id="3881975806" lat="48.7100096" lon="11.4004809">
    <tag k="bus" v="yes"/>
    <tag k="highway" v="bus_stop"/>
    <tag k="name" v="Am Hasenbergl"/>
    <tag k="network" v="Verkehrsverbund Großraum Ingolstadt"/>
    <tag k="network:guid" v="DE-BY-VGI"/>
    <tag k="network:short" v="VGI"/>
    <tag k="network:wikidata" v="Q99937594"/>
    <tag k="operator" v="Verkehrsverbund Großraum Ingolstadt"/>
    <tag k="public_transport" v="stop_position"/>
    <tag k="website" v="https://www.vgi.de/start_de"/>
  </node>
  <node id="4044275547" lat="48.7121093" lon="11.3904214"/>
  <node id="4085639932" lat="48.7069785" lon="11.4171381"/>
  <node id="4085639947" lat="48.7075166" lon="11.4154318"/>
  <node id="4310364257" lat="48.7016085" lon="11.3648307"/>
  <node id="4319181303" lat="48.7074925" lon="11.4099383"/>
  <node id="4319181304" lat="48.7077138" lon="11.4132817"/>
  <node id="4319181305" lat="48.7078223" lon="11.4131790"/>
  <node id="4319181306" lat="48.7078463" lon="11.4126896"/>
  <node id="4319181307" lat="48.7078959" lon="11.4126158"/>
  <node id="4319181308" lat="48.7079805" lon="11.4093049"/>
  <node id="4319181309" lat="48.7083777" lon="11.4125925"/>
  <node id="4319181310" lat="48.7084372" lon="11.4126331"/>
  <node id="4319181311" lat="48.7088988" lon="11.4082108"/>
  <node id="4319181314" lat="48.7099859" lon="11.4115519"/>
  <node id="4319181318" lat="48.7101341" lon="11.4127532"/>
  <node id="4319181319" lat="48.7101668" lon="11.4130432"/>
  <node id="4319181320" lat="48.7102358" lon="11.4128512"/>
  <node id="4319181321" lat="48.7102682" lon="11.4127859"/>
  <node id="4319181323" lat="48.7103458" lon="11.4136678"/>
  <node id="4319181333" lat="48.7122657" lon="11.4131834"/>
  <node id="4319181334" lat="48.7123194" lon="11.4135274"/>
  <node id="4637276829" lat="48.6830309" lon="11.3931363">
    <tag k="name" v="Karlskron"/>
    <tag k="traffic_sign" v="city_limit"/>
  </node>
  <node id="4728019265" lat="48.6756648" lon="11.3994439"/>
  <node id="4728019266" lat="48.6763482" lon="11.3992720"/>
  <node id="4728019267" lat="48.6768513" lon="11.4010564"/>
  <node id="4728019268" lat="48.6766541" lon="11.4003570"/>
  <node id="4728019269" lat="48.6760192" lon="11.4007841"/>
  <node id="4728019270" lat="48.6770270" lon="11.4017817"/>
  <node id="4728019271" lat="48.6763315" lon="11.4020105"/>
  <node id="4728019272" lat="48.6770750" lon="11.4041363"/>
  <node id="4728019273" lat="48.6771544" lon="11.4045628"/>
  <node id="4728019274" lat="48.6775265" lon="11.4043540"/>
  <node id="4728019276" lat="48.6774182" lon="11.4039897"/>
  <node id="4728019277" lat="48.6778159" lon="11.4054706"/>
  <node id="4728019278" lat="48.6777229" lon="11.4051889"/>
  <node id="4728019279" lat="48.6779503" lon="11.4050376"/>
  <node id="4728019280" lat="48.6779400" lon="11.4049645"/>
  <node id="4728019281" lat="48.6781356" lon="11.4048512"/>
  <node id="4728019282" lat="48.6777299" lon="11.4038072"/>
  <node id="4728019283" lat="48.6776230" lon="11.4034305"/>
  <node id="4728019284" lat="48.6774197" lon="11.4024183"/>
  <node id="4728019285" lat="48.6781529" lon="11.4032693"/>
  <node id="4728019286" lat="48.6781972" lon="11.4036418"/>
  <node id="4728019287" lat="48.6780821" lon="11.4037305"/>
  <node id="4728019288" lat="48.6780119" lon="11.4034836"/>
  <node id="4728020589" lat="48.6775209" lon="11.4029221"/>
  <node id="4728020590" lat="48.6773794" lon="11.4029734"/>
  <node id="4728020591" lat="48.6773396" lon="11.4028404"/>
  <node id="4728020592" lat="48.6772915" lon="11.4028657"/>
  <node id="4728020593" lat="48.6761411" lon="11.4005945"/>
  <node id="4728020594" lat="48.6759931" lon="11.4006853"/>
  <node id="4728020597" lat="48.6767791" lon="11.4025648"/>
  <node id="4728020598" lat="48.6765125" lon="11.4026788"/>
  <node id="4728020599" lat="48.6770050" lon="11.4035151"/>
  <node id="4728020600" lat="48.6767821" lon="11.4036672"/>
  <node id="4728020602" lat="48.6764674" lon="11.4023177"/>
  <node id="4728020603" lat="48.6764177" lon="11.4023289"/>
  <node id="4728020604" lat="48.6763423" lon="11.4020503"/>
  <node id="4728020605" lat="48.6760428" lon="11.4021815"/>
  <node id="4728020606" lat="48.6759808" lon="11.4048647"/>
  <node id="4728020607" lat="48.6757228" lon="11.4047473"/>
  <node id="4728020608" lat="48.6756370" lon="11.4050039"/>
  <node id="4728020609" lat="48.6754509" lon="11.4049025"/>
  <node id="4728020610" lat="48.6774567" lon="11.4084423"/>
  <node id="4728020611" lat="48.6772664" lon="11.4086910"/>
  <node id="4728020612" lat="48.6768826" lon="11.4084278"/>
  <node id="4728020613" lat="48.6768021" lon="11.4080043"/>
  <node id="4728020614" lat="48.6792802" lon="11.4064462"/>
  <node id="4728020615" lat="48.6791530" lon="11.4063786"/>
  <node id="4728020616" lat="48.6789418" lon="11.4065814"/>
  <node id="4728020617" lat="48.6789836" lon="11.4068380"/>
  <node id="4728020618" lat="48.6790772" lon="11.4054605"/>
  <node id="4728020619" lat="48.6789250" lon="11.4057356"/>
  <node id="4728020620" lat="48.6788246" lon="11.4059542"/>
  <node id="4728020621" lat="48.6791268" lon="11.4054876"/>
  <node id="4728020622" lat="48.6790443" lon="11.4056913"/>
  <node id="4728020623" lat="48.6781114" lon="11.4038889"/>
  <node id="4728020624" lat="48.6782034" lon="11.4039775"/>
  <node id="4728020625" lat="48.6799430" lon="11.4040267">
    <tag k="bus" v="yes"/>
    <tag k="highway" v="bus_stop"/>
    <tag k="name" v="Karlskron, Firma Spangler"/>
    <tag k="network" v="Verkehrsverbund Großraum Ingolstadt"/>
    <tag k="network:guid" v="DE-BY-VGI"/>
    <tag k="network:short" v="VGI"/>
    <tag k="network:wikidata" v="Q99937594"/>
    <tag k="public_transport" v="stop_position"/>
    <tag k="ref" v="1"/>
    <tag k="ref:IFOPT" v="de:09185:1790"/>
  </node>
  <node id="4728020626" lat="48.6797425" lon="11.4036900"/>
  <node id="4728020629" lat="48.6800234" lon="11.4029297"/>
  <node id="4728020632" lat="48.6802253" lon="11.4030124"/>
  <node id="4728020635" lat="48.6798077" lon="11.4065687"/>
  <node id="4728020636" lat="48.6798014" lon="11.4064420"/>
  <node id="4728020637" lat="48.6796466" lon="11.4064420"/>
  <node id="4728020638" lat="48.6793237" lon="11.4062850"/>
  <node id="4728020639" lat="48.6807154" lon="11.4072211"/>
  <node id="4728020640" lat="48.6804497" lon="11.4072307"/>
  <node id="4728020641" lat="48.6801391" lon="11.4072359"/>
  <node id="4728020642" lat="48.6800187" lon="11.4071229"/>
  <node id="4728020643" lat="48.6807599" lon="11.4074004"/>
  <node id="4728020644" lat="48.6806693" lon="11.4074335"/>
  <node id="4728020645" lat="48.6806422" lon="11.4073194"/>
  <node id="4728020646" lat="48.6803556" lon="11.4073606"/>
  <node id="4728020647" lat="48.6802155" lon="11.4073258"/>
  <node id="4728020649" lat="48.6793123" lon="11.4091476"/>
  <node id="4728020651" lat="48.6792098" lon="11.4086245"/>
  <node id="4728020652" lat="48.6789878" lon="11.4078548"/>
  <node id="4728020653" lat="48.6789229" lon="11.4076647"/>
  <node id="4728020654" lat="48.6793175" lon="11.4092222"/>
  <node id="4728020655" lat="48.6792492" lon="11.4092264"/>
  <node id="4728020656" lat="48.6791172" lon="11.4090217"/>
  <node id="4728020657" lat="48.6791587" lon="11.4089584"/>
  <node id="4728020658" lat="48.6792271" lon="11.4089597"/>
  <node id="4728020659" lat="48.6792977" lon="11.4089894"/>
  <node id="4728020660" lat="48.6787598" lon="11.4118936"/>
  <node id="4728020661" lat="48.6782223" lon="11.4119379"/>
  <node id="4728020662" lat="48.6780633" lon="11.4118650"/>
  <node id="4728020663" lat="48.6777979" lon="11.4116833"/>
  <node id="4728020664" lat="48.6783107" lon="11.4119306"/>
  <node id="4728020665" lat="48.6782432" lon="11.4116782"/>
  <node id="4728020666" lat="48.6782034" lon="11.4116465"/>
  <node id="4728020667" lat="48.6782976" lon="11.4112727"/>
  <node id="4728020668" lat="48.6779734" lon="11.4126918"/>
  <node id="4728020669" lat="48.6775862" lon="11.4124612"/>
  <node id="4728020670" lat="48.6780964" lon="11.4123186"/>
  <node id="4728020671" lat="48.6776965" lon="11.4120573"/>
  <node id="4728020672" lat="48.6771415" lon="11.4140353"/>
  <node id="4728020673" lat="48.6774881" lon="11.4142598"/>
  <node id="4728020674" lat="48.6775216" lon="11.4143517"/>
  <node id="4728020675" lat="48.6774968" lon="11.4144420"/>
  <node id="4728020676" lat="48.6774431" lon="11.4144936"/>
  <node id="4728020677" lat="48.6773124" lon="11.4145766"/>
  <node id="4728020678" lat="48.6772727" lon="11.4145797"/>
  <node id="4728020679" lat="48.6772099" lon="11.4147666"/>
  <node id="4728020680" lat="48.6773480" lon="11.4148490"/>
  <node id="4728020681" lat="48.6773124" lon="11.4150232"/>
  <node id="4728020682" lat="48.6772808" lon="11.4151228"/>
  <node id="4728020683" lat="48.6784153" lon="11.4094639"/>
  <node id="4728020684" lat="48.6781440" lon="11.4092943"/>
  <node id="4728020685" lat="48.6777217" lon="11.4085740"/>
  <node id="4728020686" lat="48.6779838" lon="11.4087829"/>
  <node id="4728020687" lat="48.6779253" lon="11.4089856"/>
  <node id="4728020688" lat="48.6816780" lon="11.3979173"/>
  <node id="4728020689" lat="48.6814432" lon="11.3977499"/>
  <node id="4728020690" lat="48.6814055" lon="11.3978925"/>
  <node id="4728020691" lat="48.6813307" lon="11.3991440"/>
  <node id="4728020692" lat="48.6811378" lon="11.3989219"/>
  <node id="4728020693" lat="48.6826897" lon="11.3971005"/>
  <node id="4728020694" lat="48.6825809" lon="11.3972241"/>
  <node id="4728020695" lat="48.6823718" lon="11.3971100"/>
  <node id="4728020696" lat="48.6822066" lon="11.3970023"/>
  <node id="4728020697" lat="48.6821940" lon="11.3968661"/>
  <node id="4728020698" lat="48.6821002" lon="11.3968301"/>
  <node id="4728020699" lat="48.6820004" lon="11.3967789"/>
  <node id="4767793721" lat="48.6855939" lon="11.3843899"/>
  <node id="4767793722" lat="48.6832058" lon="11.3806452"/>
  <node id="4767793723" lat="48.6841077" lon="11.3820165"/>
  <node id="4767793724" lat="48.6757655" lon="11.3692472"/>
  <node id="4785176822" lat="48.6911372" lon="11.3923742"/>
  <node id="4785176823" lat="48.6946743" lon="11.4031230"/>
  <node id="4785176824" lat="48.6954990" lon="11.4031210"/>
  <node id="4785176825" lat="48.6955530" lon="11.4036977"/>
  <node id="4785176826" lat="48.6939869" lon="11.4065906"/>
  <node id="4785176827" lat="48.6938755" lon="11.4053671"/>
  <node id="4785176828" lat="48.6948551" lon="11.4026259"/>
  <node id="4785176829" lat="48.6940403" lon="11.3983948"/>
  <node id="4785176830" lat="48.6940857" lon="11.3977666"/>
  <node id="4785176831" lat="48.6961938" lon="11.4037009"/>
  <node id="4853791056" lat="48.6905625" lon="11.4068165">
    <tag k="bus" v="yes"/>
    <tag k="highway" v="platform"/>
    <tag k="kerb" v="raised"/>
    <tag k="kerb:height" v="0.12"/>
    <tag k="name" v="Deubling, Ingolstädter Straße"/>
    <tag k="platform:width" v="2.9"/>
    <tag k="public_transport" v="platform"/>
    <tag k="ref:IFOPT" v="de:09185:8492:0:2"/>
  </node>
  <node id="4878651119" lat="48.6990972" lon="11.3893220"/>
  <node id="4878651120" lat="48.6991531" lon="11.3892281"/>
  <node id="4878651521" lat="48.6991929" lon="11.3891973"/>
  <node id="4878651522" lat="48.6992451" lon="11.3892053"/>
  <node id="4878651523" lat="48.6992867" lon="11.3892576"/>
  <node id="4878651524" lat="48.6994620" lon="11.3896151"/>
  <node id="4879080102" lat="48.6905408" lon="11.4067429">
    <tag k="bus" v="yes"/>
    <tag k="highway" v="bus_stop"/>
    <tag k="name" v="Deubling, Ingolstädter Straße"/>
    <tag k="public_transport" v="stop_position"/>
    <tag k="ref:IFOPT" v="de:09185:8492"/>
  </node>
  <node id="4879080946" lat="48.6783646" lon="11.4073640">
    <tag k="bus" v="yes"/>
    <tag k="highway" v="bus_stop"/>
    <tag k="name" v="Karlskron, Raiffeisen"/>
    <tag k="public_transport" v="stop_position"/>
    <tag k="ref:IFOPT" v="de:09185:8493"/>
  </node>
  <node id="4884043377" lat="48.6960147" lon="11.3998000"/>
  <node id="4884043378" lat="48.6975408" lon="11.4021872"/>
  <node id="4884043379" lat="48.6939631" lon="11.3897586"/>
  <node id="4884043380" lat="48.6923906" lon="11.3931569"/>
  <node id="4884043381" lat="48.6971921" lon="11.3945564"/>
  <node id="4884043382" lat="48.6950295" lon="11.3939233"/>
  <node id="4884043383" lat="48.6957903" lon="11.3903211"/>
  <node id="4884043384" lat="48.6969225" lon="11.3866156"/>
  <node id="4884043385" lat="48.6969658" lon="11.3864990"/>
  <node id="4884043386" lat="48.6970243" lon="11.3864373"/>
  <node id="4884043387" lat="48.6970783" lon="11.3863917"/>
  <node id="4884043388" lat="48.6971482" lon="11.3863742"/>
  <node id="4884043389" lat="48.6972330" lon="11.3863920"/>
  <node id="4885984842" lat="48.7020857" lon="11.4075274"/>
  <node id="4890417380" lat="48.6816117" lon="11.4071582"/>
  <node id="4895931704" lat="48.6800799" lon="11.4007617">
    <tag k="highway" v="turning_circle"/>
  </node>
  <node id="4895931705" lat="48.6807744" lon="11.4011160"/>
  <node id="4897074818" lat="48.6778598" lon="11.4038576"/>
  <node id="4897076322" lat="48.6758108" lon="11.3949198"/>
  <node id="4897076323" lat="48.6788297" lon="11.3980917"/>
  <node id="4897076324" lat="48.6788517" lon="11.3981491"/>
  <node id="4897076325" lat="48.6788482" lon="11.3982108"/>
  <node id="4899836282" lat="48.6791267" lon="11.4091395"/>
  <node id="4899836283" lat="48.6791695" lon="11.4092208"/>
  <node id="4901174947" lat="48.6790080" lon="11.4073954"/>
  <node id="4901174948" lat="48.6778008" lon="11.4036801"/>
  <node id="4901176676" lat="48.6730176" lon="11.3894664"/>
  <node id="4902098614" lat="48.6768073" lon="11.4082547"/>
  <node id="4905212905" lat="48.6781171" lon="11.4144181"/>
  <node id="4905212906" lat="48.6780637" lon="11.4141411"/>
  <node id="4905212907" lat="48.6779898" lon="11.4137249"/>
  <node id="4939829101" lat="48.6756589" lon="11.4192317">
    <tag k="bus" v="yes"/>
    <tag k="highway" v="bus_stop"/>
    <tag k="name" v="Karlskron, Tankstelle"/>
    <tag k="public_transport" v="stop_position"/>
    <tag k="ref:IFOPT" v="de:09185:366"/>
  </node>
  <node id="4948981259" lat="48.6781828" lon="11.4103114">
    <tag k="bus" v="yes"/>
    <tag k="highway" v="bus_stop"/>
    <tag k="name" v="Karlskron, Rathaus"/>
    <tag k="public_transport" v="stop_position"/>
  </node>
  <node id="4948981262" lat="48.6780820" lon="11.4106789">
    <tag k="button_operated" v="yes"/>
    <tag k="crossing" v="traffic_signals"/>
    <tag k="highway" v="traffic_signals"/>
  </node>
  <node id="4950302364" lat="48.6756733" lon="11.4191813"/>
  <node id="4970750218" lat="48.6771548" lon="11.4086145">
    <tag k="bus" v="yes"/>
    <tag k="highway" v="bus_stop"/>
    <tag k="name" v="Karlskron, Schule"/>
    <tag k="public_transport" v="stop_position"/>
  </node>
  <node id="4970797942" lat="48.6867788" lon="11.4076117">
    <tag k="alt_name" v="Karlskron, Ingolstädter Straße (Spangler 50)"/>
    <tag k="bench" v="no"/>
    <tag k="bus" v="yes"/>
    <tag k="highway" v="platform"/>
    <tag k="name" v="Deubling, Riedelstraße"/>
    <tag k="platform:width" v="2.00"/>
    <tag k="public_transport" v="platform"/>
    <tag k="ref:IFOPT" v="de:09185:90260:0:1"/>
    <tag k="shelter" v="no"/>
    <tag k="surface" v="unpaved"/>
    <tag k="wheelchair" v="no"/>
  </node>
  <node id="4977579373" lat="48.6873410" lon="11.3780145">
    <tag k="bus" v="yes"/>
    <tag k="highway" v="bus_stop"/>
    <tag k="name" v="Gut Bofzheim"/>
    <tag k="public_transport" v="stop_position"/>
  </node>
  <node id="4984656090" lat="48.7078312" lon="11.4055842"/>
  <node id="4984656091" lat="48.7091330" lon="11.4059369"/>
  <node id="4984656092" lat="48.7093357" lon="11.4061622"/>
  <node id="4984656093" lat="48.7100808" lon="11.4068422"/>
  <node id="4984656094" lat="48.7110666" lon="11.4071705"/>
  <node id="4984656095" lat="48.7110206" lon="11.4070675"/>
  <node id="4984656096" lat="48.7106706" lon="11.4070695"/>
  <node id="4984656097" lat="48.7103671" lon="11.4069910"/>
  <node id="4984656098" lat="48.7098012" lon="11.4066608">
    <tag k="crossing:island" v="no"/>
    <tag k="crossing:markings" v="no"/>
    <tag k="crossing:signals" v="no"/>
    <tag k="highway" v="crossing"/>
    <tag k="tactile_paving" v="no"/>
  </node>
  <node id="4984656099" lat="48.7089224" lon="11.4057532"/>
  <node id="4984656100" lat="48.7087666" lon="11.4056674"/>
  <node id="4984656101" lat="48.7082410" lon="11.4056094">
    <tag k="crossing:island" v="no"/>
    <tag k="crossing:signals" v="no"/>
    <tag k="highway" v="crossing"/>
  </node>
  <node id="4984656102" lat="48.7074190" lon="11.4055908">
    <tag k="crossing:island" v="no"/>
    <tag k="crossing:signals" v="no"/>
    <tag k="highway" v="crossing"/>
  </node>
  <node id="4993383711" lat="48.6939479" lon="11.3547360"/>
  <node id="4993383712" lat="48.6939753" lon="11.3547658"/>
  <node id="4997153578" lat="48.6795949" lon="11.3639991"/>
  <node id="4997162026" lat="48.6738856" lon="11.3651301"/>
  <node id="4997162027" lat="48.6857629" lon="11.3835495"/>
  <node id="4997162028" lat="48.6858502" lon="11.3837919"/>
  <node id="4999999120" lat="48.6709859" lon="11.3998424"/>
  <node id="5000005414" lat="48.6753387" lon="11.3982112"/>
  <node id="5000005415" lat="48.6753036" lon="11.3980723"/>
  <node id="5115688023" lat="48.7119002" lon="11.3772990"/>
  <node id="5115688024" lat="48.7118578" lon="11.3773754"/>
  <node id="5115688025" lat="48.7117834" lon="11.3774747"/>
  <node id="5115688026" lat="48.7117091" lon="11.3775350"/>
  <node id="5115688027" lat="48.7115756" lon="11.3775719"/>
  <node id="5161201622" lat="48.6773069" lon="11.4091340"/>
  <node id="5161201623" lat="48.6770270" lon="11.4101619"/>
  <node id="5161201624" lat="48.6773619" lon="11.4123013"/>
  <node id="5161201625" lat="48.6774412" lon="11.4121257"/>
  <node id="5161201626" lat="48.6776405" lon="11.4122624"/>
  <node id="5161201627" lat="48.6775092" lon="11.4124924"/>
  <node id="5161201628" lat="48.6771064" lon="11.4139448"/>
  <node id="5161201629" lat="48.6769143" lon="11.4136169"/>
  <node id="5161201630" lat="48.6770271" lon="11.4137028"/>
  <node id="5161201631" lat="48.6769952" lon="11.4138776"/>
  <node id="5161201632" lat="48.6762877" lon="11.4129884"/>
  <node id="5161201633" lat="48.6760483" lon="11.4128197"/>
  <node id="5161201634" lat="48.6763935" lon="11.4127696"/>
  <node id="5161201635" lat="48.6761087" lon="11.4125958"/>
  <node id="5161201636" lat="48.6763772" lon="11.4123937"/>
  <node id="5161201637" lat="48.6760883" lon="11.4139373"/>
  <node id="5161201638" lat="48.6760273" lon="11.4141561"/>
  <node id="5161201639" lat="48.6759317" lon="11.4140978"/>
  <node id="5161201640" lat="48.6760061" lon="11.4142859"/>
  <node id="5161201641" lat="48.6758946" lon="11.4142097"/>
  <node id="5161201643" lat="48.6758109" lon="11.4143905"/>
  <node id="5161201645" lat="48.6757704" lon="11.4144868"/>
  <node id="5161201666" lat="48.6756150" lon="11.4191425"/>
  <node id="5161201667" lat="48.6756657" lon="11.4189892"/>
  <node id="5161201668" lat="48.6758608" lon="11.4183204"/>
  <node id="5161201671" lat="48.6758943" lon="11.4184047"/>
  <node id="5161201673" lat="48.6759522" lon="11.4181916"/>
  <node id="5161201675" lat="48.6757771" lon="11.4188177"/>
  <node id="5161201681" lat="48.6757614" lon="11.4186610"/>
  <node id="5161201682" lat="48.6758116" lon="11.4186961"/>
  <node id="5161201684" lat="48.6760196" lon="11.4179403"/>
  <node id="5161201687" lat="48.6760782" lon="11.4177352"/>
  <node id="5161201689" lat="48.6762483" lon="11.4171395"/>
  <node id="5161201691" lat="48.6762141" lon="11.4172592"/>
  <node id="5161201692" lat="48.6764317" lon="11.4166913"/>
  <node id="5161201693" lat="48.6763859" lon="11.4166575"/>
  <node id="5161201695" lat="48.6764686" lon="11.4163679"/>
  <node id="5161201697" lat="48.6765334" lon="11.4161381"/>
  <node id="5161201700" lat="48.6767380" lon="11.4154134"/>
  <node id="5161201702" lat="48.6768152" lon="11.4151398"/>
  <node id="5161201703" lat="48.6775124" lon="11.4143850"/>
  <node id="5161201704" lat="48.6771807" lon="11.4138965"/>
  <node id="5161201705" lat="48.6774702" lon="11.4140780"/>
  <node id="5161201706" lat="48.6775028" lon="11.4140226"/>
  <node id="5161201707" lat="48.6779137" lon="11.4142567"/>
  <node id="5161201711" lat="48.6785550" lon="11.4151371"/>
  <node id="5161201716" lat="48.6783547" lon="11.4148977"/>
  <node id="5161201717" lat="48.6788045" lon="11.4157074"/>
  <node id="5161201720" lat="48.6787448" lon="11.4155069"/>
  <node id="5161203224" lat="48.6790668" lon="11.4167036"/>
  <node id="5161203225" lat="48.6767594" lon="11.4151092"/>
  <node id="5161203226" lat="48.6766839" lon="11.4153809"/>
  <node id="5161203227" lat="48.6764843" lon="11.4161039"/>
  <node id="5161203228" lat="48.6764112" lon="11.4163230"/>
  <node id="5161203230" lat="48.6765965" lon="11.4156974"/>
  <node id="5161203231" lat="48.6766459" lon="11.4157396"/>
  <node id="5161203232" lat="48.6763135" lon="11.4167049"/>
  <node id="5161203233" lat="48.6761678" lon="11.4172291"/>
  <node id="5161203234" lat="48.6760373" lon="11.4177126"/>
  <node id="5161203235" lat="48.6772929" lon="11.4128772"/>
  <node id="5161203236" lat="48.6773709" lon="11.4129909"/>
  <node id="5161203237" lat="48.6774256" lon="11.4130298"/>
  <node id="5161203238" lat="48.6772565" lon="11.4132351"/>
  <node id="5161203239" lat="48.6772985" lon="11.4132564"/>
  <node id="5161203240" lat="48.6773513" lon="11.4132925"/>
  <node id="5161203241" lat="48.6775260" lon="11.4124183"/>
  <node id="5161203242" lat="48.6775884" lon="11.4122267"/>
  <node id="5161203243" lat="48.6779846" lon="11.4108008"/>
  <node id="5161203244" lat="48.6775652" lon="11.4114990"/>
  <node id="5161203245" lat="48.6776132" lon="11.4114371"/>
  <node id="5161203246" lat="48.6776973" lon="11.4114553"/>
  <node id="5161203247" lat="48.6777804" lon="11.4115378"/>
  <node id="5161203248" lat="48.6778307" lon="11.4115680"/>
  <node id="5161203249" lat="48.6785646" lon="11.4104147"/>
  <node id="5161203250" lat="48.6784397" lon="11.4103892"/>
  <node id="5161203251" lat="48.6782064" lon="11.4102253"/>
  <node id="5161203252" lat="48.6782523" lon="11.4108186"/>
  <node id="5161203253" lat="48.6780646" lon="11.4107423"/>
  <node id="5161203254" lat="48.6781650" lon="11.4103763"/>
  <node id="5161203255" lat="48.6780385" lon="11.4102982"/>
  <node id="5161203256" lat="48.6783352" lon="11.4097559"/>
  <node id="5161203257" lat="48.6781009" lon="11.4095923"/>
  <node id="5161203259" lat="48.6786738" lon="11.4085477"/>
  <node id="5161203260" lat="48.6783845" lon="11.4086281"/>
  <node id="5161203261" lat="48.6786113" lon="11.4087691"/>
  <node id="5161203262" lat="48.6775940" lon="11.4080750"/>
  <node id="5161203263" lat="48.6774918" lon="11.4084624"/>
  <node id="5161203264" lat="48.6777526" lon="11.4073582"/>
  <node id="5161203265" lat="48.6776949" lon="11.4073218"/>
  <node id="5161203266" lat="48.6777468" lon="11.4070845"/>
  <node id="5161203267" lat="48.6774787" lon="11.4073109"/>
  <node id="5161203268" lat="48.6775658" lon="11.4070032"/>
  <node id="5161203269" lat="48.6769909" lon="11.4071144"/>
  <node id="5161203270" lat="48.6770639" lon="11.4068005"/>
  <node id="5161203271" lat="48.6762173" lon="11.4066814"/>
  <node id="5161203272" lat="48.6762621" lon="11.4064784"/>
  <node id="5161203273" lat="48.6760203" lon="11.4072090"/>
  <node id="5161203274" lat="48.6759605" lon="11.4074541"/>
  <node id="5161203275" lat="48.6752562" lon="11.4070853"/>
  <node id="5161203276" lat="48.6754935" lon="11.4070887"/>
  <node id="5161203279" lat="48.6754986" lon="11.4064872"/>
  <node id="5161203280" lat="48.6756261" lon="11.4065155"/>
  <node id="5407646408" lat="48.6735660" lon="11.3663723"/>
  <node id="5407704442" lat="48.6767967" lon="11.4120630"/>
  <node id="5407704443" lat="48.6768213" lon="11.4119078"/>
  <node id="5407704444" lat="48.6769642" lon="11.4121633"/>
  <node id="5407704445" lat="48.6770223" lon="11.4119890"/>
  <node id="5407704446" lat="48.6771583" lon="11.4122805"/>
  <node id="5407704447" lat="48.6771931" lon="11.4121615"/>
  <node id="5407704448" lat="48.6761060" lon="11.4077244"/>
  <node id="5407704449" lat="48.6761628" lon="11.4075863"/>
  <node id="5407704450" lat="48.6762065" lon="11.4074479"/>
  <node id="5407704451" lat="48.6759970" lon="11.4063703"/>
  <node id="5407704452" lat="48.6759569" lon="11.4065194"/>
  <node id="5407704453" lat="48.6826257" lon="11.3945708"/>
  <node id="5407704454" lat="48.6824008" lon="11.3944108"/>
  <node id="5407704455" lat="48.6825640" lon="11.3947885"/>
  <node id="5407704456" lat="48.6822685" lon="11.3945959"/>
  <node id="5407704457" lat="48.6823003" lon="11.3944539"/>
  <node id="5407704458" lat="48.6824224" lon="11.3952887"/>
  <node id="5407704459" lat="48.6824734" lon="11.3953222"/>
  <node id="5407704460" lat="48.6827559" lon="11.3955346"/>
  <node id="5407704461" lat="48.6828212" lon="11.3954864"/>
  <node id="5407704462" lat="48.6821177" lon="11.3963648"/>
  <node id="5407704463" lat="48.6822164" lon="11.3964286"/>
  <node id="5407704464" lat="48.6823573" lon="11.3965240"/>
  <node id="5407704465" lat="48.6817021" lon="11.3978321"/>
  <node id="5407704466" lat="48.6817928" lon="11.3978928"/>
  <node id="5407704467" lat="48.6818615" lon="11.3979548"/>
  <node id="5407704468" lat="48.6820323" lon="11.3981882"/>
  <node id="5407704469" lat="48.6821496" lon="11.3982948"/>
  <node id="5407704470" lat="48.6814706" lon="11.3986499"/>
  <node id="5407704471" lat="48.6813138" lon="11.3985256"/>
  <node id="5407704472" lat="48.6809585" lon="11.4004459"/>
  <node id="5407704473" lat="48.6812183" lon="11.4007124"/>
  <node id="5407704474" lat="48.6812501" lon="11.4006592"/>
  <node id="5407704475" lat="48.6809147" lon="11.4005991"/>
  <node id="5407704476" lat="48.6809696" lon="11.4006573"/>
  <node id="5407704477" lat="48.6812300" lon="11.4009255"/>
  <node id="5407704478" lat="48.6796974" lon="11.4056746"/>
  <node id="5407704479" lat="48.6793575" lon="11.4061649"/>
  <node id="5407704480" lat="48.6791764" lon="11.4060551"/>
  <node id="5407704481" lat="48.6794361" lon="11.4058853"/>
  <node id="5407704482" lat="48.6796053" lon="11.4059816"/>
  <node id="5407704483" lat="48.6793675" lon="11.4071253"/>
  <node id="5407704484" lat="48.6794260" lon="11.4069228"/>
  <node id="5407704485" lat="48.6800525" lon="11.4073515"/>
  <node id="5407704486" lat="48.6806320" lon="11.4080105"/>
  <node id="5407704487" lat="48.6807091" lon="11.4083612"/>
  <node id="5407704488" lat="48.6803322" lon="11.4080187"/>
  <node id="5407704489" lat="48.6803523" lon="11.4081709"/>
  <node id="5407704490" lat="48.6791245" lon="11.4075012"/>
  <node id="5407704491" lat="48.6792133" lon="11.4075418"/>
  <node id="5407704492" lat="48.6793205" lon="11.4074860"/>
  <node id="5407704493" lat="48.6784291" lon="11.4073936"/>
  <node id="5407704494" lat="48.6782535" lon="11.4081329"/>
  <node id="5407704495" lat="48.6781161" lon="11.4080897"/>
  <node id="5407704496" lat="48.6774878" lon="11.4039489"/>
  <node id="5407704497" lat="48.6774092" lon="11.4036603"/>
  <node id="5407704498" lat="48.6782288" lon="11.4052045"/>
  <node id="5407704499" lat="48.6780876" lon="11.4052814"/>
  <node id="5407704500" lat="48.6785379" lon="11.4063755"/>
  <node id="5407704501" lat="48.6783590" lon="11.4064813"/>
  <node id="5407704502" lat="48.6786082" lon="11.4066419"/>
  <node id="5407704503" lat="48.6784763" lon="11.4067249"/>
  <node id="5407704504" lat="48.6787006" lon="11.4070578"/>
  <node id="5407704505" lat="48.6786186" lon="11.4070775"/>
  <node id="5407704506" lat="48.6782883" lon="11.4073290"/>
  <node id="5407704507" lat="48.6783389" lon="11.4071105"/>
  <node id="5407704508" lat="48.6783171" lon="11.4070547"/>
  <node id="5407704509" lat="48.6779527" lon="11.4071770"/>
  <node id="5407704510" lat="48.6780324" lon="11.4067147"/>
  <node id="5407704511" lat="48.6771194" lon="11.4065524"/>
  <node id="5407704512" lat="48.6768989" lon="11.4067335"/>
  <node id="5407704513" lat="48.6769988" lon="11.4064940"/>
  <node id="5407704514" lat="48.6762450" lon="11.4064693"/>
  <node id="5407704515" lat="48.6763321" lon="11.4061668"/>
  <node id="5407704516" lat="48.6757300" lon="11.4057562"/>
  <node id="5407704517" lat="48.6755565" lon="11.4056315"/>
  <node id="5407704518" lat="48.6754912" lon="11.4056264"/>
  <node id="5407704519" lat="48.6754493" lon="11.4057076"/>
  <node id="5407704520" lat="48.6758140" lon="11.4054640"/>
  <node id="5407704521" lat="48.6760049" lon="11.4056009"/>
  <node id="5407704522" lat="48.6761680" lon="11.4055376"/>
  <node id="5407704523" lat="48.6761546" lon="11.4054235"/>
  <node id="5407704524" lat="48.6760122" lon="11.4052687"/>
  <node id="5407704525" lat="48.6758724" lon="11.4052493"/>
  <node id="5407704526" lat="48.6757341" lon="11.4051875"/>
  <node id="5407704527" lat="48.6761981" lon="11.4042438"/>
  <node id="5407704528" lat="48.6760430" lon="11.4047170"/>
  <node id="5407704529" lat="48.6760021" lon="11.4046472"/>
  <node id="5407704530" lat="48.6759937" lon="11.4043047"/>
  <node id="5407704531" lat="48.6762252" lon="11.4045839"/>
  <node id="5407704532" lat="48.6762819" lon="11.4049186"/>
  <node id="5407704533" lat="48.6781635" lon="11.4033587"/>
  <node id="5407704534" lat="48.6782686" lon="11.4033305"/>
  <node id="5407704535" lat="48.6783356" lon="11.4033660"/>
  <node id="5407704536" lat="48.6766736" lon="11.4032702"/>
  <node id="5407704537" lat="48.6764681" lon="11.4033253"/>
  <node id="5407704538" lat="48.6765692" lon="11.4028885"/>
  <node id="5407704539" lat="48.6763589" lon="11.4029931"/>
  <node id="5407704540" lat="48.6762257" lon="11.4015925"/>
  <node id="5407704541" lat="48.6762735" lon="11.4015572"/>
  <node id="5407704542" lat="48.6762732" lon="11.4017799"/>
  <node id="5407704543" lat="48.6761713" lon="11.4018033"/>
  <node id="5407704544" lat="48.6761428" lon="11.4016942"/>
  <node id="5407704545" lat="48.6762344" lon="11.4016269"/>
  <node id="5407704546" lat="48.6765570" lon="11.4004220"/>
  <node id="5407704547" lat="48.6765315" lon="11.4002888"/>
  <node id="5407704548" lat="48.6767018" lon="11.4005261"/>
  <node id="5407704549" lat="48.6768380" lon="11.4004410"/>
  <node id="5407704550" lat="48.6765934" lon="11.4001416"/>
  <node id="5407704551" lat="48.6767509" lon="11.4000528"/>
  <node id="5407704552" lat="48.6765714" lon="11.4000635"/>
  <node id="5407704553" lat="48.6766889" lon="11.3999945"/>
  <node id="5407704554" lat="48.6759418" lon="11.3994389"/>
  <node id="5407704555" lat="48.6758992" lon="11.3993912"/>
  <node id="5407704556" lat="48.6758849" lon="11.3992436"/>
  <node id="5407704557" lat="48.6753460" lon="11.3982401"/>
  <node id="5407704558" lat="48.6756989" lon="11.3980639"/>
  <node id="5407704559" lat="48.6758195" lon="11.3981552"/>
  <node id="5407704560" lat="48.6751109" lon="11.3962120"/>
  <node id="5407704561" lat="48.6748435" lon="11.3963953"/>
  <node id="5407704562" lat="48.6748915" lon="11.3963540"/>
  <node id="5407704563" lat="48.6749133" lon="11.3962373"/>
  <node id="5407704564" lat="48.6749719" lon="11.3961967"/>
  <node id="5407704565" lat="48.6747255" lon="11.3959477"/>
  <node id="5407704566" lat="48.6748831" lon="11.3958517"/>
  <node id="5407704567" lat="48.6746341" lon="11.3956007"/>
  <node id="5407704568" lat="48.6751243" lon="11.3953088"/>
  <node id="5407704569" lat="48.6743798" lon="11.3946355"/>
  <node id="5407704570" lat="48.6745380" lon="11.3945579"/>
  <node id="5407704571" lat="48.6743180" lon="11.3944010"/>
  <node id="5407704572" lat="48.6745966" lon="11.3942535"/>
  <node id="5407704573" lat="48.6740086" lon="11.3941292"/>
  <node id="5407704574" lat="48.6742143" lon="11.3940076"/>
  <node id="5407704575" lat="48.6745514" lon="11.3938070"/>
  <node id="5407704576" lat="48.6740684" lon="11.3934541"/>
  <node id="5407704578" lat="48.6740544" lon="11.3934007"/>
  <node id="5407704580" lat="48.6736667" lon="11.3919297"/>
  <node id="5407704582" lat="48.6735889" lon="11.3916344"/>
  <node id="5407704584" lat="48.6734307" lon="11.3910341"/>
  <node id="5407704587" lat="48.6733329" lon="11.3906631"/>
  <node id="5407704589" lat="48.6732031" lon="11.3901704"/>
  <node id="5407704594" lat="48.6730359" lon="11.3895360"/>
  <node id="5409275467" lat="48.6648531" lon="11.3106405"/>
  <node id="5409275471" lat="48.6650164" lon="11.3112010"/>
  <node id="5409275491" lat="48.6660598" lon="11.3148302"/>
  <node id="5409275494" lat="48.6658655" lon="11.3141287"/>
  <node id="5409275505" lat="48.6661703" lon="11.3152111"/>
  <node id="5409275516" lat="48.6663756" lon="11.3159362"/>
  <node id="5409275728" lat="48.6668133" lon="11.3174723"/>
  <node id="5409275752" lat="48.6679503" lon="11.3214972"/>
  <node id="5409275755" lat="48.6680302" lon="11.3217825"/>
  <node id="5409275758" lat="48.6681171" lon="11.3220929"/>
  <node id="5409275761" lat="48.6681991" lon="11.3223859"/>
  <node id="5409275782" lat="48.6685027" lon="11.3234558"/>
  <node id="5409275785" lat="48.6685631" lon="11.3236646"/>
  <node id="5409275790" lat="48.6686837" lon="11.3240816"/>
  <node id="5409275793" lat="48.6688115" lon="11.3245236"/>
  <node id="5409275798" lat="48.6689922" lon="11.3251484"/>
  <node id="5409275803" lat="48.6691844" lon="11.3258128"/>
  <node id="5409275806" lat="48.6692547" lon="11.3260559"/>
  <node id="5409275822" lat="48.6699121" lon="11.3283586"/>
  <node id="5409275836" lat="48.6706940" lon="11.3311354"/>
  <node id="5409275839" lat="48.6709015" lon="11.3318937"/>
  <node id="5409275842" lat="48.6711119" lon="11.3326490"/>
  <node id="5409275845" lat="48.6710127" lon="11.3322920"/>
  <node id="5409275854" lat="48.6717393" lon="11.3348643"/>
  <node id="5409275857" lat="48.6720115" lon="11.3358163"/>
  <node id="5409275864" lat="48.6718214" lon="11.3351515"/>
  <node id="5409275877" lat="48.6734504" lon="11.3408696"/>
  <node id="5409275880" lat="48.6737764" lon="11.3420205"/>
  <node id="5409275886" lat="48.6744280" lon="11.3443209"/>
  <node id="5409275890" lat="48.6743021" lon="11.3438767"/>
  <node id="5409275893" lat="48.6741831" lon="11.3434563"/>
  <node id="5507506617" lat="48.6774206" lon="11.3749649"/>
  <node id="5509220069" lat="48.6783835" lon="11.3753739"/>
  <node id="5884679469" lat="48.7064349" lon="11.3818500"/>
  <node id="5884682888" lat="48.7097779" lon="11.3833832"/>
  <node id="5884682889" lat="48.7096237" lon="11.3822294"/>
  <node id="5884682890" lat="48.7093505" lon="11.3810402"/>
  <node id="5884682892" lat="48.7093248" lon="11.3787008"/>
  <node id="5884682893" lat="48.7094976" lon="11.3777305"/>
  <node id="5884682894" lat="48.7093155" lon="11.3792423"/>
  <node id="5884682895" lat="48.7093762" lon="11.3783466"/>
  <node id="5884682896" lat="48.7093201" lon="11.3805253"/>
  <node id="5884682897" lat="48.7094054" lon="11.3813694"/>
  <node id="5884682898" lat="48.7095309" lon="11.3818135"/>
  <node id="5884682899" lat="48.7096868" lon="11.3828169"/>
  <node id="5884682900" lat="48.7097417" lon="11.3832345"/>
  <node id="5884682901" lat="48.7100654" lon="11.3836224"/>
  <node id="5884682902" lat="48.7099240" lon="11.3835275"/>
  <node id="5884682903" lat="48.7098393" lon="11.3834660"/>
  <node id="5884682912" lat="48.7065465" lon="11.3808824"/>
  <node id="5884682913" lat="48.7071000" lon="11.3817763"/>
  <node id="5884682919" lat="48.7092204" lon="11.3814491"/>
  <node id="6592995824" lat="48.6703213" lon="11.4382282"/>
  <node id="6592995825" lat="48.6702026" lon="11.4386465"/>
  <node id="6592995826" lat="48.6701313" lon="11.4388979"/>
  <node id="6592995827" lat="48.6702971" lon="11.4383136"/>
  <node id="6592995832" lat="48.6693421" lon="11.4413266"/>
  <node id="6592995833" lat="48.6694342" lon="11.4413544"/>
  <node id="6592995843" lat="48.6705624" lon="11.4373786"/>
  <node id="6592995844" lat="48.6708375" lon="11.4364092"/>
  <node id="6592995845" lat="48.6707969" lon="11.4365523"/>
  <node id="6592995846" lat="48.6710297" lon="11.4357317"/>
  <node id="6592995847" lat="48.6711681" lon="11.4352440"/>
  <node id="6592995848" lat="48.6711985" lon="11.4347493"/>
  <node id="6592995849" lat="48.6711754" lon="11.4348307"/>
  <node id="6592995850" lat="48.6712949" lon="11.4344090"/>
  <node id="6592995851" lat="48.6713640" lon="11.4345536"/>
  <node id="6592995852" lat="48.6713870" lon="11.4344728"/>
  <node id="6592995853" lat="48.6715205" lon="11.4336133"/>
  <node id="6592995854" lat="48.6716151" lon="11.4336689"/>
  <node id="6592995855" lat="48.6719404" lon="11.4325225"/>
  <node id="6592995856" lat="48.6718658" lon="11.4327854"/>
  <node id="6592995857" lat="48.6717727" lon="11.4327236"/>
  <node id="6592995858" lat="48.6718655" lon="11.4323963"/>
  <node id="6592995859" lat="48.6721923" lon="11.4312437"/>
  <node id="6592995860" lat="48.6720511" lon="11.4317418"/>
  <node id="6592995861" lat="48.6722840" lon="11.4309201"/>
  <node id="6592995862" lat="48.6723614" lon="11.4306473"/>
  <node id="6592995863" lat="48.6724405" lon="11.4303680"/>
  <node id="6592995864" lat="48.6720984" lon="11.4319656"/>
  <node id="6592995865" lat="48.6722846" lon="11.4313093"/>
  <node id="6592995866" lat="48.6734819" lon="11.4270900"/>
  <node id="6592995867" lat="48.6725328" lon="11.4304347"/>
  <node id="6592995868" lat="48.6726237" lon="11.4301146"/>
  <node id="6592995869" lat="48.6727993" lon="11.4294957"/>
  <node id="6592995870" lat="48.6729596" lon="11.4289308"/>
  <node id="6592995871" lat="48.6729952" lon="11.4288053"/>
  <node id="6592995872" lat="48.6730937" lon="11.4284579"/>
  <node id="6592995873" lat="48.6734098" lon="11.4273441"/>
  <node id="6592995874" lat="48.6726159" lon="11.4297494"/>
  <node id="6592995875" lat="48.6728776" lon="11.4288263"/>
  <node id="6592995876" lat="48.6729498" lon="11.4285716"/>
  <node id="6592995877" lat="48.6730884" lon="11.4280830"/>
  <node id="6592995878" lat="48.6738667" lon="11.4257296"/>
  <node id="6592995879" lat="48.6739090" lon="11.4255797"/>
  <node id="6592995880" lat="48.6739863" lon="11.4253058"/>
  <node id="6592995881" lat="48.6741268" lon="11.4244124"/>
  <node id="6592995882" lat="48.6743729" lon="11.4235411"/>
  <node id="6592995883" lat="48.6743290" lon="11.4236962"/>
  <node id="6592995884" lat="48.6742075" lon="11.4241264"/>
  <node id="6592995885" lat="48.6741247" lon="11.4248153"/>
  <node id="6592995886" lat="48.6742202" lon="11.4244768"/>
  <node id="6592995887" lat="48.6743124" lon="11.4241497"/>
  <node id="6592995888" lat="48.6743896" lon="11.4238763"/>
  <node id="6592995889" lat="48.6745272" lon="11.4233885"/>
  <node id="6592995890" lat="48.6746453" lon="11.4229697"/>
  <node id="6592995891" lat="48.6747203" lon="11.4227038"/>
  <node id="6592995892" lat="48.6745036" lon="11.4230781"/>
  <node id="6592995893" lat="48.6747181" lon="11.4223185"/>
  <node id="6592995894" lat="48.6747331" lon="11.4222655"/>
  <node id="6592995895" lat="48.6749206" lon="11.4216016"/>
  <node id="6592995896" lat="48.6749370" lon="11.4215433"/>
  <node id="6592995897" lat="48.6751045" lon="11.4213420"/>
  <node id="6592995898" lat="48.6752392" lon="11.4208647"/>
  <node id="6592995899" lat="48.6752777" lon="11.4207282"/>
  <node id="6592995900" lat="48.6753651" lon="11.4204182"/>
  <node id="6592995901" lat="48.6755328" lon="11.4198687"/>
  <node id="6592995902" lat="48.6755929" lon="11.4196440"/>
  <node id="6592995903" lat="48.6750283" lon="11.4212202"/>
  <node id="6592995904" lat="48.6750788" lon="11.4210862"/>
  <node id="6592995905" lat="48.6751728" lon="11.4207564"/>
  <node id="6592995906" lat="48.6752285" lon="11.4205475"/>
  <node id="6592995907" lat="48.6753333" lon="11.4201774"/>
  <node id="6592995908" lat="48.6754467" lon="11.4197386"/>
  <node id="6592995909" lat="48.6754702" lon="11.4196553"/>
  <node id="6592995910" lat="48.6756622" lon="11.4194223"/>
  <node id="6592995911" lat="48.6740595" lon="11.4246507"/>
  <node id="6592995912" lat="48.6740323" lon="11.4247471"/>
  <node id="6592995913" lat="48.6739465" lon="11.4250507"/>
  <node id="6592995914" lat="48.6738668" lon="11.4253328"/>
  <node id="6592995915" lat="48.6737818" lon="11.4256339"/>
  <node id="6592995916" lat="48.6736483" lon="11.4261067"/>
  <node id="6592995917" lat="48.6736227" lon="11.4261974"/>
  <node id="6592995919" lat="48.6736638" lon="11.4264488"/>
  <node id="6592995920" lat="48.6681856" lon="11.4457543"/>
  <node id="6592995921" lat="48.6681053" lon="11.4458116"/>
  <node id="6592995922" lat="48.6702531" lon="11.4381025"/>
  <node id="6592995923" lat="48.6705868" lon="11.4369113"/>
  <node id="6592995924" lat="48.6705471" lon="11.4370530"/>
  <node id="6592995925" lat="48.6704374" lon="11.4374445"/>
  <node id="6592995926" lat="48.6701017" lon="11.4386431"/>
  <node id="6592995927" lat="48.6706927" lon="11.4365331"/>
  <node id="6592995928" lat="48.6735667" lon="11.4263955"/>
  <node id="6593877150" lat="48.6851348" lon="11.3849151"/>
  <node id="6720519639" lat="48.7067695" lon="11.3986475"/>
  <node id="6935072037" lat="48.7101820" lon="11.3977557"/>
  <node id="7484178814" lat="48.6784485" lon="11.3642363"/>
  <node id="7484178815" lat="48.6783599" lon="11.3647966"/>
  <node id="7484178816" lat="48.6780875" lon="11.3667689"/>
  <node id="7484178817" lat="48.6775002" lon="11.3701657"/>
  <node id="7484178818" lat="48.6774704" lon="11.3702173"/>
  <node id="7484178819" lat="48.6774106" lon="11.3702294">
    <tag k="railway" v="level_crossing"/>
  </node>
  <node id="7484178820" lat="48.6768916" lon="11.3699337"/>
  <node id="7484178821" lat="48.6767937" lon="11.3697790"/>
  <node id="7484178822" lat="48.6772916" lon="11.3662984"/>
  <node id="7484178823" lat="48.6774406" lon="11.3655056"/>
  <node id="7484178824" lat="48.6782214" lon="11.3657990"/>
  <node id="7484178825" lat="48.6780999" lon="11.3666790"/>
  <node id="7484178826" lat="48.6784866" lon="11.3667771"/>
  <node id="7484178827" lat="48.6790527" lon="11.3670543"/>
  <node id="7484178828" lat="48.6790782" lon="11.3671316"/>
  <node id="7484178829" lat="48.6790016" lon="11.3675570"/>
  <node id="7484178830" lat="48.6787207" lon="11.3693038"/>
  <node id="7484178831" lat="48.6785324" lon="11.3706880"/>
  <node id="7484178832" lat="48.6783868" lon="11.3714696"/>
  <node id="7484178833" lat="48.6774849" lon="11.3711064"/>
  <node id="7484178834" lat="48.6774613" lon="11.3710245"/>
  <node id="7484178835" lat="48.6774376" lon="11.3708813"/>
  <node id="7484178836" lat="48.6774423" lon="11.3702230"/>
  <node id="7524738603" lat="48.7074071" lon="11.4099933"/>
  <node id="7524738604" lat="48.7072241" lon="11.4100148"/>
  <node id="7524738605" lat="48.7072170" lon="11.4103728"/>
  <node id="7538850316" lat="48.7114672" lon="11.3974277"/>
  <node id="7538850317" lat="48.7085100" lon="11.3977475"/>
  <node id="7547892309" lat="48.7033393" lon="11.4029923"/>
  <node id="7547892310" lat="48.7037306" lon="11.4028451"/>
  <node id="7547892311" lat="48.7037902" lon="11.4027993">
    <tag k="direction" v="forward"/>
    <tag k="highway" v="give_way"/>
  </node>
  <node id="7547892312" lat="48.7038736" lon="11.4026767"/>
  <node id="7547892315" lat="48.7036772" lon="11.4053446"/>
  <node id="7547892316" lat="48.7038086" lon="11.4033799"/>
  <node id="7547892317" lat="48.7037702" lon="11.4031334"/>
  <node id="7547892318" lat="48.7036484" lon="11.4029769"/>
  <node id="7625067609" lat="48.7088420" lon="11.4140653"/>
  <node id="7625067610" lat="48.7089321" lon="11.4135383"/>
  <node id="7625067611" lat="48.7091181" lon="11.4141612"/>
  <node id="7625067612" lat="48.7092286" lon="11.4134471"/>
  <node id="7625067614" lat="48.7095702" lon="11.4147238"/>
  <node id="7625067615" lat="48.7093967" lon="11.4147386"/>
  <node id="7625067616" lat="48.7094084" lon="11.4142049"/>
  <node id="7625067617" lat="48.7095012" lon="11.4135464"/>
  <node id="7625067634" lat="48.7096268" lon="11.4030965"/>
  <node id="7625067635" lat="48.7099380" lon="11.4030564"/>
  <node id="7625067636" lat="48.7104658" lon="11.4012967"/>
  <node id="7625067637" lat="48.7106321" lon="11.4013141"/>
  <node id="7625067638" lat="48.7106684" lon="11.4012498"/>
  <node id="7625067639" lat="48.7107496" lon="11.4010399"/>
  <node id="7625067640" lat="48.7091958" lon="11.3984630"/>
  <node id="7625067641" lat="48.7089150" lon="11.3987100"/>
  <node id="7625067642" lat="48.7086295" lon="11.4011680"/>
  <node id="7625067643" lat="48.7086330" lon="11.4018324"/>
  <node id="7625067644" lat="48.7079055" lon="11.4005041"/>
  <node id="7625067645" lat="48.7080055" lon="11.4007603"/>
  <node id="7625067646" lat="48.7080813" lon="11.4009072"/>
  <node id="7625067647" lat="48.7086843" lon="11.4007147"/>
  <node id="7625067648" lat="48.7089547" lon="11.4007138"/>
  <node id="7625067649" lat="48.6992469" lon="11.3883349"/>
  <node id="7625067650" lat="48.6992664" lon="11.3884355"/>
  <node id="7625067651" lat="48.6992540" lon="11.3884784"/>
  <node id="7625067652" lat="48.7090547" lon="11.4063708"/>
  <node id="7625067653" lat="48.7090626" lon="11.4062662"/>
  <node id="7625067654" lat="48.7091056" lon="11.4061971"/>
  <node id="7625067655" lat="48.7091401" lon="11.4061683"/>
  <node id="7625067656" lat="48.7092957" lon="11.4061177"/>
  <node id="7625067657" lat="48.7094228" lon="11.4060665"/>
  <node id="7625067658" lat="48.7088472" lon="11.4067523"/>
  <node id="7625067659" lat="48.7093560" lon="11.4067282"/>
  <node id="7625067660" lat="48.7097945" lon="11.4067244"/>
  <node id="7626040388" lat="48.7083874" lon="11.3597687"/>
  <node id="7626040389" lat="48.7086224" lon="11.3594609"/>
  <node id="7626040390" lat="48.7087742" lon="11.3592906"/>
  <node id="7626040391" lat="48.7089560" lon="11.3590485"/>
  <node id="7626040392" lat="48.7092222" lon="11.3586163"/>
  <node id="7626040393" lat="48.7093790" lon="11.3583773"/>
  <node id="7626040394" lat="48.7095370" lon="11.3581232"/>
  <node id="7626040396" lat="48.7096970" lon="11.3578940"/>
  <node id="7626040397" lat="48.7098212" lon="11.3576646"/>
  <node id="7626040398" lat="48.7099750" lon="11.3573681"/>
  <node id="7626040399" lat="48.7101396" lon="11.3570711"/>
  <node id="7626040400" lat="48.7101963" lon="11.3569631"/>
  <node id="7626040401" lat="48.7103600" lon="11.3565702"/>
  <node id="7626040402" lat="48.7105383" lon="11.3560700"/>
  <node id="7626040403" lat="48.7108038" lon="11.3554168"/>
  <node id="7626040404" lat="48.7110264" lon="11.3549267"/>
  <node id="7626040405" lat="48.7111887" lon="11.3545840"/>
  <node id="7626040411" lat="48.7112387" lon="11.3544586"/>
  <node id="7626048461" lat="48.6935503" lon="11.4097472"/>
  <node id="7626048462" lat="48.6934799" lon="11.4082034"/>
  <node id="7626048463" lat="48.6936985" lon="11.4070246"/>
  <node id="7626048464" lat="48.6937587" lon="11.4065973"/>
  <node id="7772453140" lat="48.7097841" lon="11.3641936"/>
  <node id="7948713919" lat="48.6910507" lon="11.3925031">
    <tag k="barrier" v="guard_rail"/>
    <tag k="description" v="Leitplanke quer zum Weg"/>
  </node>
  <node id="7996778659" lat="48.7037983" lon="11.4032183">
    <tag k="direction" v="forward"/>
    <tag k="highway" v="give_way"/>
  </node>
  <node id="7996778661" lat="48.7038955" lon="11.4025974"/>
  <node id="7996778662" lat="48.7038793" lon="11.4028787"/>
  <node id="7996778663" lat="48.7038473" lon="11.4028606"/>
  <node id="7996778664" lat="48.7038027" lon="11.4030037"/>
  <node id="7996778665" lat="48.7038585" lon="11.4030071">
    <tag k="direction" v="forward"/>
    <tag k="highway" v="give_way"/>
  </node>
  <node id="7996778666" lat="48.7035833" lon="11.4028534"/>
  <node id="8009393537" lat="48.6744692" lon="11.4056686"/>
  <node id="8009393538" lat="48.6755991" lon="11.4066680"/>
  <node id="8009393539" lat="48.6755691" lon="11.4067924"/>
  <node id="8009393540" lat="48.6755073" lon="11.4069998"/>
  <node id="8009393541" lat="48.6760908" lon="11.4046722"/>
  <node id="8009393542" lat="48.6760035" lon="11.4047899"/>
  <node id="8009393543" lat="48.6754613" lon="11.3986969"/>
  <node id="8009393571" lat="48.6743096" lon="11.4052995"/>
  <node id="8018787421" lat="48.6746362" lon="11.4054761"/>
  <node id="8018787422" lat="48.6746047" lon="11.4054742"/>
  <node id="8018787423" lat="48.6745503" lon="11.4054987"/>
  <node id="8018787425" lat="48.6745143" lon="11.4055372"/>
  <node id="8018787426" lat="48.6747170" lon="11.4055308"/>
  <node id="8018787432" lat="48.6747528" lon="11.4056033"/>
  <node id="8018787433" lat="48.6747638" lon="11.4056465"/>
  <node id="8018787435" lat="48.6745051" lon="11.4058528"/>
  <node id="8018833589" lat="48.6755117" lon="11.4008088"/>
  <node id="8018833590" lat="48.6759556" lon="11.4005436"/>
  <node id="8018868150" lat="48.6745779" lon="11.4072101"/>
  <node id="8091189735" lat="48.7079235" lon="11.4142720"/>
  <node id="8091189737" lat="48.7078929" lon="11.4142694"/>
  <node id="8091189738" lat="48.7078633" lon="11.4142815"/>
  <node id="8091189739" lat="48.7078377" lon="11.4143070"/>
  <node id="8091189740" lat="48.7078081" lon="11.4143868"/>
  <node id="8091189741" lat="48.7078153" lon="11.4144770"/>
  <node id="8091189742" lat="48.7078322" lon="11.4145149"/>
  <node id="8091189769" lat="48.7098080" lon="11.4066035">
    <tag k="direction" v="backward"/>
    <tag k="highway" v="stop"/>
  </node>
  <node id="8212561715" lat="48.6912065" lon="11.4078852"/>
  <node id="8212561716" lat="48.6912065" lon="11.4083086"/>
  <node id="8212600717" lat="48.6911819" lon="11.4084204"/>
  <node id="8212600718" lat="48.6911452" lon="11.4084761"/>
  <node id="8212600719" lat="48.6911127" lon="11.4085025"/>
  <node id="8212600720" lat="48.6910501" lon="11.4085042"/>
  <node id="8212600721" lat="48.6909550" lon="11.4084761"/>
  <node id="8212600722" lat="48.6908924" lon="11.4084111"/>
  <node id="8212600723" lat="48.6908541" lon="11.4083321"/>
  <node id="8212600724" lat="48.6908251" lon="11.4079193"/>
  <node id="8212600725" lat="48.6908228" lon="11.4077700"/>
  <node id="8212600726" lat="48.6908159" lon="11.4077243"/>
  <node id="8212600727" lat="48.6908008" lon="11.4076874"/>
  <node id="8212600728" lat="48.6907834" lon="11.4076171"/>
  <node id="8212600729" lat="48.6907590" lon="11.4074731"/>
  <node id="8212600730" lat="48.6907521" lon="11.4073976"/>
  <node id="8212600731" lat="48.6907440" lon="11.4073150"/>
  <node id="8212600732" lat="48.6907382" lon="11.4072201"/>
  <node id="8212600733" lat="48.6907315" lon="11.4067318"/>
  <node id="8212600734" lat="48.6907340" lon="11.4067929">
    <tag k="highway" v="crossing"/>
  </node>
  <node id="8212600735" lat="48.6911804" lon="11.4067919">
    <tag k="highway" v="crossing"/>
  </node>
  <node id="8212831465" lat="48.7091059" lon="11.4057083"/>
  <node id="8212831466" lat="48.7091438" lon="11.4055418"/>
  <node id="8212831467" lat="48.7092380" lon="11.4049282"/>
  <node id="8229774000" lat="48.6666227" lon="11.3168026"/>
  <node id="8234347057" lat="48.7028130" lon="11.3932916"/>
  <node id="8234347058" lat="48.7027723" lon="11.3921651"/>
  <node id="8234347059" lat="48.7074126" lon="11.3957840"/>
  <node id="8234347060" lat="48.7073692" lon="11.3957995"/>
  <node id="8234347061" lat="48.7072790" lon="11.3956144"/>
  <node id="8234347062" lat="48.7072831" lon="11.3957374"/>
  <node id="8234347063" lat="48.7070451" lon="11.3955161"/>
  <node id="8234347064" lat="48.7063210" lon="11.3948595"/>
  <node id="8234347277" lat="48.7067488" lon="11.4142447"/>
  <node id="8234347278" lat="48.7067574" lon="11.4130974"/>
  <node id="8234347289" lat="48.7051540" lon="11.3988519"/>
  <node id="8234347290" lat="48.7051385" lon="11.3988881"/>
  <node id="8234347295" lat="48.7052399" lon="11.4053830"/>
  <node id="8234347298" lat="48.7051954" lon="11.4052684"/>
  <node id="8270618889" lat="48.7025019" lon="11.3889932"/>
  <node id="8270618890" lat="48.7024986" lon="11.3887363"/>
  <node id="8270618897" lat="48.7031287" lon="11.4036284"/>
  <node id="8270618898" lat="48.7098222" lon="11.3984211"/>
  <node id="8270618903" lat="48.7025157" lon="11.3889189"/>
  <node id="8270618908" lat="48.7025019" lon="11.3890728"/>
  <node id="8270618909" lat="48.7081703" lon="11.3967813"/>
  <node id="8270618910" lat="48.7084476" lon="11.3994775"/>
  <node id="8270618911" lat="48.7096804" lon="11.4002576">
    <tag k="bus" v="yes"/>
    <tag k="highway" v="bus_stop"/>
    <tag k="name" v="Am Hasenbergl"/>
    <tag k="network" v="Verkehrsverbund Großraum Ingolstadt"/>
    <tag k="network:guid" v="DE-BY-VGI"/>
    <tag k="network:short" v="VGI"/>
    <tag k="network:wikidata" v="Q99937594"/>
    <tag k="operator" v="Verkehrsverbund Großraum Ingolstadt"/>
    <tag k="public_transport" v="stop_position"/>
    <tag k="website" v="https://www.vgi.de/start_de"/>
  </node>
  <node id="8270618912" lat="48.7098456" lon="11.4060054"/>
  <node id="8270618913" lat="48.7096671" lon="11.4057305"/>
  <node id="8270618914" lat="48.7092511" lon="11.4057065"/>
  <node id="8270618915" lat="48.7091979" lon="11.4057401"/>
  <node id="8270682359" lat="48.7030636" lon="11.4110567"/>
  <node id="8270682366" lat="48.7044225" lon="11.4181769"/>
  <node id="8286408552" lat="48.7081980" lon="11.3600430"/>
  <node id="8286408553" lat="48.7082249" lon="11.3599944"/>
  <node id="8286408554" lat="48.7076747" lon="11.3595641"/>
  <node id="8286408555" lat="48.7073938" lon="11.3591790"/>
  <node id="8286408556" lat="48.7071344" lon="11.3583603"/>
  <node id="8286408557" lat="48.7071271" lon="11.3584375"/>
  <node id="8286408558" lat="48.7070121" lon="11.3571763"/>
  <node id="8286408559" lat="48.7056745" lon="11.3547413"/>
  <node id="8286408560" lat="48.7055318" lon="11.3543318"/>
  <node id="8289670475" lat="48.6799085" lon="11.3637863"/>
  <node id="8289670476" lat="48.6798419" lon="11.3637625"/>
  <node id="8289670477" lat="48.6799167" lon="11.3639031"/>
  <node id="8289670478" lat="48.6797498" lon="11.3638929"/>
  <node id="8289670479" lat="48.6796518" lon="11.3636288"/>
  <node id="8289670480" lat="48.6795680" lon="11.3634690"/>
  <node id="8289670481" lat="48.6796574" lon="11.3639847"/>
  <node id="8289670482" lat="48.6794333" lon="11.3638872"/>
  <node id="8289670483" lat="48.6794819" lon="11.3638294"/>
  <node id="8289670484" lat="48.6795837" lon="11.3637784"/>
  <node id="8289670485" lat="48.6741195" lon="11.3649672"/>
  <node id="8289670486" lat="48.6784449" lon="11.3643162"/>
  <node id="8289670487" lat="48.6743438" lon="11.3650227"/>
  <node id="8289670555" lat="48.6703690" lon="11.4380961"/>
  <node id="8289670558" lat="48.6798656" lon="11.4039893"/>
  <node id="8289670559" lat="48.6798501" lon="11.4040432"/>
  <node id="8289670561" lat="48.6798356" lon="11.4039695"/>
  <node id="8289670563" lat="48.6794679" lon="11.4036713"/>
  <node id="8289670564" lat="48.6794124" lon="11.4035803"/>
  <node id="8289670565" lat="48.6793943" lon="11.4035192"/>
  <node id="8289670566" lat="48.6793915" lon="11.4033890"/>
  <node id="8289670567" lat="48.6797283" lon="11.4026005"/>
  <node id="8289670568" lat="48.6796897" lon="11.4025814"/>
  <node id="8289670569" lat="48.6795948" lon="11.4026534"/>
  <node id="8289670572" lat="48.6795678" lon="11.4054104"/>
  <node id="8289670573" lat="48.6795434" lon="11.4053570"/>
  <node id="8289670574" lat="48.6795441" lon="11.4052903"/>
  <node id="8289670575" lat="48.6795481" lon="11.4052114"/>
  <node id="8289670577" lat="48.6774200" lon="11.4131984"/>
  <node id="8289670578" lat="48.6772175" lon="11.4139196"/>
  <node id="8289670579" lat="48.6771806" lon="11.4140605"/>
  <node id="8289670580" lat="48.6769349" lon="11.4149712"/>
  <node id="8289670582" lat="48.6762984" lon="11.4171722"/>
  <node id="8289670583" lat="48.6760709" lon="11.4179776"/>
  <node id="8289670584" lat="48.6760010" lon="11.4182276"/>
  <node id="8289670585" lat="48.6759409" lon="11.4184405"/>
  <node id="8289670586" lat="48.6758253" lon="11.4188513"/>
  <node id="8289670587" lat="48.6768592" lon="11.4100835">
    <tag k="barrier" v="gate"/>
  </node>
  <node id="8289670603" lat="48.6912256" lon="11.4068013"/>
  <node id="8289670604" lat="48.6911472" lon="11.4067768"/>
  <node id="8289670605" lat="48.6906819" lon="11.4067968"/>
  <node id="8289670606" lat="48.6906221" lon="11.4068330"/>
  <node id="8289670607" lat="48.6905037" lon="11.4068421"/>
  <node id="8289670608" lat="48.6911036" lon="11.4067714"/>
  <node id="8289670609" lat="48.6869144" lon="11.4077390"/>
  <node id="8289670610" lat="48.6891431" lon="11.4163411"/>
  <node id="8289670611" lat="48.6888765" lon="11.4157997"/>
  <node id="8289670612" lat="48.6884029" lon="11.4148522"/>
  <node id="8289670613" lat="48.6882198" lon="11.4144168"/>
  <node id="8289670614" lat="48.6878683" lon="11.4134016"/>
  <node id="8289670615" lat="48.6876062" lon="11.4125127"/>
  <node id="8289670616" lat="48.6874617" lon="11.4119307"/>
  <node id="8289670617" lat="48.6873113" lon="11.4110463"/>
  <node id="8289670618" lat="48.6872398" lon="11.4106335"/>
  <node id="8289670619" lat="48.6869866" lon="11.4083797"/>
  <node id="8289670620" lat="48.6868615" lon="11.4069838"/>
  <node id="8289670621" lat="48.6868391" lon="11.4066302"/>
  <node id="8289670622" lat="48.6867245" lon="11.4057763"/>
  <node id="8289670623" lat="48.6866589" lon="11.4050950"/>
  <node id="8289670624" lat="48.6848002" lon="11.3950784"/>
  <node id="8289670625" lat="48.6871907" lon="11.4112034"/>
  <node id="8289670626" lat="48.6863091" lon="11.4126547"/>
  <node id="8289670627" lat="48.6855888" lon="11.4130589"/>
  <node id="8289670628" lat="48.6868045" lon="11.4078820"/>
  <node id="8289670629" lat="48.6867266" lon="11.4075847"/>
  <node id="8289670630" lat="48.6865182" lon="11.4071360"/>
  <node id="8289670631" lat="48.6867747" lon="11.4077188"/>
  <node id="8289670632" lat="48.6867999" lon="11.4077012"/>
  <node id="8289670633" lat="48.6869059" lon="11.4076768"/>
  <node id="8289670634" lat="48.6868404" lon="11.4070460"/>
  <node id="8289670635" lat="48.6868785" lon="11.4069799"/>
  <node id="8289670636" lat="48.6933074" lon="11.4067151"/>
  <node id="8289670637" lat="48.6932616" lon="11.4066828"/>
  <node id="8289670638" lat="48.6926316" lon="11.4067117"/>
  <node id="8289670639" lat="48.6926003" lon="11.4067440"/>
  <node id="8289670640" lat="48.6925630" lon="11.4067555"/>
  <node id="8289670641" lat="48.6932235" lon="11.4066724"/>
  <node id="8289670642" lat="48.6933721" lon="11.4067186"/>
  <node id="8289670643" lat="48.7099499" lon="11.4056703"/>
  <node id="8289670644" lat="48.7098466" lon="11.4057141"/>
  <node id="8323580867" lat="48.6768147" lon="11.3645426"/>
  <node id="8323580868" lat="48.6768244" lon="11.3646407"/>
  <node id="8323580869" lat="48.6768258" lon="11.3647404">
    <tag k="barrier" v="gate"/>
  </node>
  <node id="8323580870" lat="48.6768208" lon="11.3648817"/>
  <node id="8323580871" lat="48.6767904" lon="11.3651377"/>
  <node id="8323580872" lat="48.6767388" lon="11.3654698"/>
  <node id="8323580873" lat="48.6766108" lon="11.3662796"/>
  <node id="8396990471" lat="48.6803105" lon="11.3638512"/>
  <node id="8396990472" lat="48.6803070" lon="11.3639600"/>
  <node id="8396990473" lat="48.6802369" lon="11.3642546"/>
  <node id="8396990474" lat="48.6802246" lon="11.3643475"/>
  <node id="8396990475" lat="48.6802211" lon="11.3644404"/>
  <node id="8396990476" lat="48.6802018" lon="11.3645121"/>
  <node id="8396990477" lat="48.6801510" lon="11.3645864"/>
  <node id="8396990478" lat="48.6801317" lon="11.3646634"/>
  <node id="8396990479" lat="48.6801230" lon="11.3648890"/>
  <node id="8396990480" lat="48.6801089" lon="11.3649740"/>
  <node id="8417683864" lat="48.6762441" lon="11.3637913"/>
  <node id="8417683865" lat="48.6763197" lon="11.3641978"/>
  <node id="8417683866" lat="48.6763577" lon="11.3645065"/>
  <node id="8417683867" lat="48.6763724" lon="11.3646255"/>
  <node id="8434576382" lat="48.7105806" lon="11.4041002"/>
  <node id="8488221173" lat="48.6917627" lon="11.4066766"/>
  <node id="8488221174" lat="48.6917323" lon="11.4060048"/>
  <node id="8488221175" lat="48.6917942" lon="11.4058965"/>
  <node id="8488221176" lat="48.6919546" lon="11.4057811"/>
  <node id="8488221177" lat="48.6920292" lon="11.4056994"/>
  <node id="8488221178" lat="48.6920403" lon="11.4055767"/>
  <node id="8488221179" lat="48.6924371" lon="11.4054767"/>
  <node id="8531893355" lat="48.7076521" lon="11.4046134"/>
  <node id="8531893356" lat="48.7075578" lon="11.4046309"/>
  <node id="8531893357" lat="48.7074003" lon="11.4046351"/>
  <node id="8531893358" lat="48.7074047" lon="11.4062531"/>
  <node id="8531893359" lat="48.7075735" lon="11.4062634"/>
  <node id="8531893360" lat="48.7076896" lon="11.4062559"/>
  <node id="8531893361" lat="48.7077402" lon="11.4062257"/>
  <node id="8531893362" lat="48.7077651" lon="11.4061679"/>
  <node id="8531936129" lat="48.7126372" lon="11.4106431"/>
  <node id="8536680470" lat="48.7127578" lon="11.4119551"/>
  <node id="8556068528" lat="48.6770344" lon="11.3645014"/>
  <node id="8556068529" lat="48.6770344" lon="11.3643748"/>
  <node id="8556068530" lat="48.6770207" lon="11.3637545"/>
  <node id="8556068531" lat="48.6770351" lon="11.3636454"/>
  <node id="8556068532" lat="48.6770703" lon="11.3636198"/>
  <node id="8556068533" lat="48.6772534" lon="11.3635772"/>
  <node id="8581944184" lat="48.6728733" lon="11.3643647"/>
  <node id="8581944185" lat="48.6728751" lon="11.3642556"/>
  <node id="8581944186" lat="48.6729046" lon="11.3641793"/>
  <node id="8581944187" lat="48.6730644" lon="11.3639726"/>
  <node id="8581944188" lat="48.6731369" lon="11.3638628"/>
  <node id="8581944189" lat="48.6731775" lon="11.3637884"/>
  <node id="8581944190" lat="48.6732598" lon="11.3636804"/>
  <node id="8672702215" lat="48.7105461" lon="11.4008758"/>
  <node id="8700088206" lat="48.6826023" lon="11.4070341"/>
  <node id="8700088207" lat="48.6826069" lon="11.4071325"/>
  <node id="8700088208" lat="48.6826441" lon="11.4073903"/>
  <node id="8700088209" lat="48.6827338" lon="11.4077775"/>
  <node id="8700088210" lat="48.6828322" lon="11.4081867"/>
  <node id="8700088211" lat="48.6828951" lon="11.4083666"/>
  <node id="8715005324" lat="48.7037556" lon="11.4044134"/>
  <node id="8763712141" lat="48.6907374" lon="11.4071357"/>
  <node id="8763712142" lat="48.6909594" lon="11.4071357"/>
  <node id="8763809787" lat="48.7095783" lon="11.4099711"/>
  <node id="8763809788" lat="48.7094535" lon="11.4099423"/>
  <node id="8763809789" lat="48.7091688" lon="11.4098637"/>
  <node id="8763817854" lat="48.7096746" lon="11.4049216"/>
  <node id="8763817855" lat="48.7097227" lon="11.4057271"/>
  <node id="8764519952" lat="48.6872945" lon="11.3781796"/>
  <node id="8764519953" lat="48.6873266" lon="11.3782072"/>
  <node id="8764519954" lat="48.6873844" lon="11.3782344"/>
  <node id="8764519955" lat="48.6874591" lon="11.3782250"/>
  <node id="8764519956" lat="48.6875172" lon="11.3781920"/>
  <node id="8764519957" lat="48.6875680" lon="11.3780915"/>
  <node id="8764519958" lat="48.6875856" lon="11.3780004"/>
  <node id="8764519959" lat="48.6876001" lon="11.3779046"/>
  <node id="8764519960" lat="48.6876240" lon="11.3778182"/>
  <node id="8764519961" lat="48.6876634" lon="11.3777443"/>
  <node id="8764519962" lat="48.6877007" lon="11.3777192"/>
  <node id="8764519963" lat="48.6877567" lon="11.3777066"/>
  <node id="8764519964" lat="48.6878428" lon="11.3777522"/>
  <node id="8764519965" lat="48.6880305" lon="11.3778763"/>
  <node id="8764519966" lat="48.6881923" lon="11.3779941"/>
  <node id="8764519967" lat="48.6882483" lon="11.3780365"/>
  <node id="8764519968" lat="48.6882628" lon="11.3781009"/>
  <node id="8764519969" lat="48.6882607" lon="11.3781967"/>
  <node id="8764519970" lat="48.6882141" lon="11.3783381"/>
  <node id="8764519971" lat="48.6881767" lon="11.3784512"/>
  <node id="8764519972" lat="48.6881456" lon="11.3786130"/>
  <node id="8764519973" lat="48.6881135" lon="11.3787497"/>
  <node id="8764519974" lat="48.6880730" lon="11.3788581"/>
  <node id="8764519975" lat="48.6880160" lon="11.3789319"/>
  <node id="8764519976" lat="48.6879662" lon="11.3789445"/>
  <node id="8764519977" lat="48.6879206" lon="11.3789115"/>
  <node id="8764519978" lat="48.6877163" lon="11.3787811"/>
  <node id="8764519979" lat="48.6874475" lon="11.3785893"/>
  <node id="8764865973" lat="48.7023332" lon="11.3880523"/>
  <node id="8764865974" lat="48.7022166" lon="11.3881708"/>
  <node id="8764865975" lat="48.7021671" lon="11.3882434"/>
  <node id="8764865976" lat="48.7021833" lon="11.3885353"/>
  <node id="8968419441" lat="48.7019362" lon="11.4096375"/>
  <node id="8968419442" lat="48.7021777" lon="11.4100160"/>
  <node id="8968419524" lat="48.6955493" lon="11.4060825"/>
  <node id="8968419525" lat="48.6955992" lon="11.4060499"/>
  <node id="8968419526" lat="48.6958071" lon="11.4060772"/>
  <node id="8968419527" lat="48.6958676" lon="11.4060779"/>
  <node id="8968419528" lat="48.6959224" lon="11.4060704"/>
  <node id="8968419529" lat="48.6953076" lon="11.4064490"/>
  <node id="8968419530" lat="48.6948553" lon="11.4066673"/>
  <node id="8968419531" lat="48.6949293" lon="11.4066517"/>
  <node id="8968419532" lat="48.6950123" lon="11.4066066"/>
  <node id="8968419533" lat="48.6950585" lon="11.4065810"/>
  <node id="8968419534" lat="48.6937434" lon="11.4067057"/>
  <node id="8968419599" lat="48.6973235" lon="11.4058569"/>
  <node id="8968419643" lat="48.6934183" lon="11.4085269"/>
  <node id="8968419644" lat="48.6934219" lon="11.4086716"/>
  <node id="8968419646" lat="48.6934129" lon="11.4085965"/>
  <node id="8969048128" lat="48.7015163" lon="11.4014362"/>
  <node id="8971980414" lat="48.6829735" lon="11.4146924"/>
  <node id="8971980415" lat="48.6816024" lon="11.4100913"/>
  <node id="8971980416" lat="48.6812906" lon="11.4095398"/>
  <node id="8971980417" lat="48.6813514" lon="11.4096299"/>
  <node id="8971980418" lat="48.6814557" lon="11.4097590"/>
  <node id="8971980419" lat="48.6815122" lon="11.4098550"/>
  <node id="8971980420" lat="48.6815586" lon="11.4099660"/>
  <node id="8971980421" lat="48.6828702" lon="11.4146311"/>
  <node id="8971980422" lat="48.6829394" lon="11.4146985"/>
  <node id="8971980423" lat="48.6829091" lon="11.4146892"/>
  <node id="8971980424" lat="48.6828821" lon="11.4146640"/>
  <node id="8971980502" lat="48.6827400" lon="11.4082914"/>
  <node id="8971980503" lat="48.6826886" lon="11.4084751"/>
  <node id="8971980504" lat="48.6826578" lon="11.4086401"/>
  <node id="8971980505" lat="48.6826136" lon="11.4087241"/>
  <node id="8971980506" lat="48.6824564" lon="11.4088129"/>
  <node id="8971980507" lat="48.6823114" lon="11.4089452"/>
  <node id="8971980508" lat="48.6822344" lon="11.4090339"/>
  <node id="8971980509" lat="48.6821881" lon="11.4091382"/>
  <node id="8971980510" lat="48.6821460" lon="11.4093499"/>
  <node id="8971980511" lat="48.6821080" lon="11.4096176"/>
  <node id="8971980512" lat="48.6821213" lon="11.4096970"/>
  <node id="8971980513" lat="48.6821748" lon="11.4098496"/>
  <node id="8971980514" lat="48.6824327" lon="11.4102948"/>
  <node id="8971980515" lat="48.6825067" lon="11.4104053"/>
  <node id="8971980516" lat="48.6825879" lon="11.4104614"/>
  <node id="8971980517" lat="48.6826763" lon="11.4104629"/>
  <node id="8971980518" lat="48.6827688" lon="11.4104396"/>
  <node id="8971980519" lat="48.6828510" lon="11.4104380"/>
  <node id="8971980520" lat="48.6829476" lon="11.4105143"/>
  <node id="8971980521" lat="48.6831710" lon="11.4107509"/>
  <node id="8971980522" lat="48.6832035" lon="11.4108023"/>
  <node id="8971980523" lat="48.6832323" lon="11.4108677"/>
  <node id="8971980524" lat="48.6836578" lon="11.4123418"/>
  <node id="8971980525" lat="48.6835119" lon="11.4126843"/>
  <node id="8972507254" lat="48.6922775" lon="11.4034770"/>
  <node id="8972507255" lat="48.6915593" lon="11.3988174"/>
  <node id="8972507256" lat="48.6916706" lon="11.3988162"/>
  <node id="8972507257" lat="48.6915418" lon="11.3988770"/>
  <node id="8972507258" lat="48.6915435" lon="11.3988276"/>
  <node id="8972507259" lat="48.6915386" lon="11.3988510"/>
  <node id="8972507302" lat="48.7057838" lon="11.3842538"/>
  <node id="8972507303" lat="48.7060959" lon="11.3818768"/>
  <node id="8972507304" lat="48.7061665" lon="11.3811180"/>
  <node id="8972507305" lat="48.7060187" lon="11.3825819"/>
  <node id="8972507306" lat="48.7059423" lon="11.3832482"/>
  <node id="8972507307" lat="48.7058691" lon="11.3837261"/>
  <node id="8972507308" lat="48.7025134" lon="11.3796730"/>
  <node id="8972507309" lat="48.7019331" lon="11.3824550"/>
  <node id="8972507310" lat="48.7025743" lon="11.3827816"/>
  <node id="8972507311" lat="48.7022506" lon="11.3858019"/>
  <node id="8972507312" lat="48.7020836" lon="11.3857636"/>
  <node id="8972507313" lat="48.7019242" lon="11.3857559"/>
  <node id="8972507314" lat="48.7016707" lon="11.3857769"/>
  <node id="8972507363" lat="48.7046465" lon="11.3773599"/>
  <node id="8972507400" lat="48.7073258" lon="11.3647539"/>
  <node id="8972507401" lat="48.7072333" lon="11.3644223"/>
  <node id="8972507402" lat="48.7070238" lon="11.3632361"/>
  <node id="8972507403" lat="48.7090051" lon="11.3625761"/>
  <node id="8972507404" lat="48.7068574" lon="11.3633089"/>
  <node id="8972507585" lat="48.7048836" lon="11.3657950"/>
  <node id="8972507586" lat="48.7066834" lon="11.3654819"/>
  <node id="9054646444" lat="48.6789543" lon="11.4075574"/>
  <node id="9054646445" lat="48.6790004" lon="11.4074184"/>
  <node id="9054646446" lat="48.6791982" lon="11.4071302"/>
  <node id="9054646447" lat="48.6791585" lon="11.4071198"/>
  <node id="9054646448" lat="48.6787249" lon="11.4071210"/>
  <node id="9054646449" lat="48.6787315" lon="11.4072150"/>
  <node id="9054646451" lat="48.6787123" lon="11.4070507"/>
  <node id="9054691193" lat="48.6769116" lon="11.4018212"/>
  <node id="9054691194" lat="48.6765597" lon="11.4022592"/>
  <node id="9054723365" lat="48.6744757" lon="11.4056279"/>
  <node id="9054723368" lat="48.6744680" lon="11.4057199"/>
  <node id="9054723369" lat="48.6744869" lon="11.4058140"/>
  <node id="9054723370" lat="48.6745333" lon="11.4058906"/>
  <node id="9054723371" lat="48.6745669" lon="11.4059165"/>
  <node id="9054723372" lat="48.6747108" lon="11.4058867"/>
  <node id="9054723373" lat="48.6747294" lon="11.4058629"/>
  <node id="9056317016" lat="48.6666100" lon="11.4509114"/>
  <node id="9057425331" lat="48.7078838" lon="11.4145586"/>
  <node id="9057425332" lat="48.7079134" lon="11.4145607"/>
  <node id="9057425333" lat="48.7079421" lon="11.4145490"/>
  <node id="9057425334" lat="48.7079972" lon="11.4144473"/>
  <node id="9057425335" lat="48.7079991" lon="11.4144015"/>
  <node id="9057425336" lat="48.7079670" lon="11.4145246"/>
  <node id="9057425337" lat="48.7079916" lon="11.4143570"/>
  <node id="9057425338" lat="48.7079754" lon="11.4143182"/>
  <node id="9071210167" lat="48.7038151" lon="11.4038631"/>
  <node id="9119245939" lat="48.7041497" lon="11.4009577"/>
  <node id="9119245940" lat="48.7033265" lon="11.4085988">
    <tag k="direction" v="backward"/>
    <tag k="maxspeed" v="80"/>
    <tag k="traffic_sign" v="maxspeed"/>
  </node>
  <node id="9326508213" lat="48.6777032" lon="11.4021000"/>
  <node id="9326529838" lat="48.6802455" lon="11.4007656"/>
  <node id="9501546321" lat="48.6744335" lon="11.4054830"/>
  <node id="9501546323" lat="48.6738638" lon="11.4059760"/>
  <node id="9501546324" lat="48.6739368" lon="11.4059862"/>
  <node id="9501546325" lat="48.6740010" lon="11.4060103"/>
  <node id="9501546326" lat="48.6744134" lon="11.4062548"/>
  <node id="9501546327" lat="48.6743477" lon="11.4062355"/>
  <node id="9501546328" lat="48.6742925" lon="11.4062042"/>
  <node id="9501546329" lat="48.6746037" lon="11.4059290"/>
  <node id="9501546330" lat="48.6745879" lon="11.4071162"/>
  <node id="9501546331" lat="48.6745881" lon="11.4070264"/>
  <node id="9501546332" lat="48.6745788" lon="11.4069555"/>
  <node id="9501546333" lat="48.6744938" lon="11.4065687"/>
  <node id="9501546334" lat="48.6744850" lon="11.4065058"/>
  <node id="9501546335" lat="48.6744830" lon="11.4064395"/>
  <node id="9501546336" lat="48.6744855" lon="11.4063715"/>
  <node id="9501546337" lat="48.6745900" lon="11.4060207"/>
  <node id="9501546338" lat="48.6745039" lon="11.4062576"/>
  <node id="9501546380" lat="48.6747693" lon="11.4057438"/>
  <node id="9501546381" lat="48.6747498" lon="11.4058244"/>
  <node id="9501546382" lat="48.6750469" lon="11.4059406"/>
  <node id="9501546383" lat="48.6748895" lon="11.4058263"/>
  <node id="9501546384" lat="48.6748783" lon="11.4058969"/>
  <node id="9501546385" lat="48.6747615" lon="11.4057860"/>
  <node id="9501546386" lat="48.6746822" lon="11.4059092"/>
  <node id="9501546387" lat="48.6746787" lon="11.4054939"/>
  <node id="9501546388" lat="48.6744871" lon="11.4055897"/>
  <node id="9501546390" lat="48.6744011" lon="11.4053322"/>
  <node id="9501546391" lat="48.6746053" lon="11.4053068"/>
  <node id="9501546394" lat="48.6746766" lon="11.4053028"/>
  <node id="9501546398" lat="48.6748792" lon="11.4055961"/>
  <node id="9501546400" lat="48.6748532" lon="11.4054954"/>
  <node id="9501546401" lat="48.6748398" lon="11.4054559"/>
  <node id="9501546404" lat="48.6750549" lon="11.4058180"/>
  <node id="9501546406" lat="48.6750106" lon="11.4060359"/>
  <node id="9501546407" lat="48.6756664" lon="11.4063140"/>
  <node id="9501546408" lat="48.6748294" lon="11.4059719"/>
  <node id="9501546411" lat="48.6747388" lon="11.4060103"/>
  <node id="9501546413" lat="48.6746668" lon="11.4061143"/>
  <node id="9501546414" lat="48.6746204" lon="11.4062201"/>
  <node id="9501546415" lat="48.6745986" lon="11.4062633"/>
  <node id="9501547718" lat="48.6748575" lon="11.4051867"/>
  <node id="9501547720" lat="48.6747250" lon="11.4053474"/>
  <node id="9501547721" lat="48.6747966" lon="11.4054144"/>
  <node id="9501547723" lat="48.6747380" lon="11.4055641"/>
  <node id="9501547724" lat="48.6745752" lon="11.4054835"/>
  <node id="9501547725" lat="48.6751825" lon="11.4045633"/>
  <node id="9501547727" lat="48.6751045" lon="11.4047708"/>
  <node id="9501547728" lat="48.6751426" lon="11.4046995"/>
  <node id="9501547729" lat="48.6751670" lon="11.4046368"/>
  <node id="9501547732" lat="48.6748562" lon="11.4057865"/>
  <node id="9501547733" lat="48.6748287" lon="11.4058939"/>
  <node id="9501583617" lat="48.6762350" lon="11.4033591"/>
  <node id="9501583618" lat="48.6761125" lon="11.4033475"/>
  <node id="9501583619" lat="48.6759561" lon="11.4033758"/>
  <node id="9501583620" lat="48.6751874" lon="11.4044857"/>
  <node id="9501583621" lat="48.6750861" lon="11.4034227"/>
  <node id="9501583624" lat="48.6750663" lon="11.4026546"/>
  <node id="9501583625" lat="48.6750872" lon="11.4026014"/>
  <node id="9501583626" lat="48.6751269" lon="11.4025730"/>
  <node id="9501583628" lat="48.6752976" lon="11.4025520"/>
  <node id="9501583629" lat="48.6755110" lon="11.4025111"/>
  <node id="9501583630" lat="48.6755582" lon="11.4025347"/>
  <node id="9501583631" lat="48.6755817" lon="11.4025940"/>
  <node id="9501583632" lat="48.6756391" lon="11.4029658"/>
  <node id="9501583633" lat="48.6756713" lon="11.4033853"/>
  <node id="9501583634" lat="48.6759112" lon="11.4033898"/>
  <node id="9501583635" lat="48.6758132" lon="11.4029360"/>
  <node id="9501583636" lat="48.6758705" lon="11.4029643">
    <tag k="highway" v="turning_circle"/>
  </node>
  <node id="9501583637" lat="48.6752098" lon="11.4017494"/>
  <node id="9501583638" lat="48.6754959" lon="11.4016880"/>
  <node id="9501583639" lat="48.6755532" lon="11.4017164">
    <tag k="highway" v="turning_circle"/>
  </node>
  <node id="9501583640" lat="48.6748182" lon="11.4019240">
    <tag k="highway" v="turning_circle"/>
  </node>
  <node id="9501583641" lat="48.6747330" lon="11.4019433"/>
  <node id="9501583642" lat="48.6749473" lon="11.4018271"/>
  <node id="9501583643" lat="48.6751074" lon="11.4008177"/>
  <node id="9501583644" lat="48.6748371" lon="11.4008995"/>
  <node id="9501583645" lat="48.6747080" lon="11.4009964">
    <tag k="highway" v="turning_circle"/>
  </node>
  <node id="9501583646" lat="48.6746228" lon="11.4010157"/>
  <node id="9501583647" lat="48.6750056" lon="11.3998912"/>
  <node id="9501583648" lat="48.6747366" lon="11.3999708"/>
  <node id="9501583649" lat="48.6746075" lon="11.4000677">
    <tag k="highway" v="turning_circle"/>
  </node>
  <node id="9501583650" lat="48.6745223" lon="11.4000870"/>
  <node id="9501583651" lat="48.6749116" lon="11.3990358"/>
  <node id="9501583652" lat="48.6746237" lon="11.3990423"/>
  <node id="9501583653" lat="48.6744946" lon="11.3991392">
    <tag k="highway" v="turning_circle"/>
  </node>
  <node id="9501583654" lat="48.6744094" lon="11.3991585"/>
  <node id="9501583655" lat="48.6747949" lon="11.3989867"/>
  <node id="9501583656" lat="48.6748557" lon="11.3989892"/>
  <node id="9501583657" lat="48.6749488" lon="11.3989969"/>
  <node id="9501583658" lat="48.6745270" lon="11.4051106"/>
  <node id="9501583659" lat="48.6745540" lon="11.4050261"/>
  <node id="9501583660" lat="48.6744932" lon="11.4052004"/>
  <node id="9501583661" lat="48.6744960" lon="11.4053214"/>
  <node id="9501583662" lat="48.6746825" lon="11.4047561"/>
  <node id="9501583663" lat="48.6747285" lon="11.4047195"/>
  <node id="9501583664" lat="48.6747574" lon="11.4046587"/>
  <node id="9501583665" lat="48.6747639" lon="11.4046283"/>
  <node id="9501583666" lat="48.6741856" lon="11.3988098"/>
  <node id="9501583667" lat="48.6742242" lon="11.3991982"/>
  <node id="9501583668" lat="48.6741863" lon="11.3987873"/>
  <node id="9501583669" lat="48.6741915" lon="11.3987694"/>
  <node id="9501583670" lat="48.6742018" lon="11.3987577"/>
  <node id="9501583671" lat="48.6747100" lon="11.3985614"/>
  <node id="9501583672" lat="48.6749898" lon="11.3984810"/>
  <node id="9501583673" lat="48.6750318" lon="11.3984661"/>
  <node id="9501583674" lat="48.6750953" lon="11.3984337"/>
  <node id="9501583675" lat="48.6752772" lon="11.3983287"/>
  <node id="9501583676" lat="48.6753025" lon="11.3983003"/>
  <node id="9501583677" lat="48.6745484" lon="11.4024596"/>
  <node id="9501583678" lat="48.6747459" lon="11.4024049"/>
  <node id="9501583679" lat="48.6748444" lon="11.4023755"/>
  <node id="9501583680" lat="48.6749499" lon="11.4023479"/>
  <node id="9501583681" lat="48.6750218" lon="11.4023444"/>
  <node id="9501583682" lat="48.6750991" lon="11.4023596"/>
  <node id="9501583683" lat="48.6751812" lon="11.4023971"/>
  <node id="9501583684" lat="48.6752894" lon="11.4024735"/>
  <node id="9501583685" lat="48.6745023" lon="11.4019959"/>
  <node id="9501583686" lat="48.6744101" lon="11.4010687"/>
  <node id="9501583687" lat="48.6743174" lon="11.4001361"/>
  <node id="9501594512" lat="48.6803376" lon="11.4029351"/>
  <node id="9501594513" lat="48.6806624" lon="11.4032351">
    <tag k="noexit" v="yes"/>
  </node>
  <node id="9501594514" lat="48.6805097" lon="11.4034077"/>
  <node id="9501594515" lat="48.6806512" lon="11.4034983"/>
  <node id="9501594516" lat="48.6803676" lon="11.4033168"/>
  <node id="9501633217" lat="48.6802469" lon="11.4037493"/>
  <node id="9501633218" lat="48.6805305" lon="11.4039309"/>
  <node id="9501633219" lat="48.6803873" lon="11.4038391"/>
  <node id="9501637900" lat="48.6745518" lon="11.4229074">
    <tag k="highway" v="crossing"/>
  </node>
  <node id="9526287477" lat="48.6755590" lon="11.3483679"/>
  <node id="9526287479" lat="48.6759313" lon="11.3496944"/>
  <node id="9526287481" lat="48.6757820" lon="11.3491625"/>
  <node id="9526287483" lat="48.6821131" lon="11.3624293"/>
  <node id="9526287484" lat="48.6821422" lon="11.3625442"/>
  <node id="9526287485" lat="48.6812000" lon="11.3630138"/>
  <node id="9526287486" lat="48.6812314" lon="11.3631206"/>
  <node id="9526287487" lat="48.6805415" lon="11.3634353"/>
  <node id="9526287488" lat="48.6805770" lon="11.3635348"/>
  <node id="9526287489" lat="48.6839856" lon="11.3611199"/>
  <node id="9526287490" lat="48.6840239" lon="11.3612244"/>
  <node id="9526287491" lat="48.6844663" lon="11.3607473"/>
  <node id="9526287492" lat="48.6855457" lon="11.3599108"/>
  <node id="9526287493" lat="48.6857881" lon="11.3640806"/>
  <node id="9526287494" lat="48.6842347" lon="11.3644528"/>
  <node id="9526287495" lat="48.6841910" lon="11.3644342"/>
  <node id="9526287496" lat="48.6841459" lon="11.3643329"/>
  <node id="9526287497" lat="48.6841227" lon="11.3639317"/>
  <node id="9526287498" lat="48.6841582" lon="11.3636319"/>
  <node id="9526287499" lat="48.6842688" lon="11.3628586"/>
  <node id="9526287500" lat="48.6845050" lon="11.3610535"/>
  <node id="9526287501" lat="48.6844860" lon="11.3608560"/>
  <node id="9526287502" lat="48.6825487" lon="11.3628379"/>
  <node id="9526287514" lat="48.6733617" lon="11.3636257"/>
  <node id="9526287515" lat="48.6740990" lon="11.3631708"/>
  <node id="9526287516" lat="48.6744486" lon="11.3629310"/>
  <node id="9526287517" lat="48.6746165" lon="11.3628028"/>
  <node id="9526287518" lat="48.6751040" lon="11.3627015"/>
  <node id="9526287519" lat="48.6756023" lon="11.3624968"/>
  <node id="9526294203" lat="48.6749342" lon="11.4219456"/>
  <node id="9526294204" lat="48.6735996" lon="11.3413963"/>
  <node id="9532048588" lat="48.6814033" lon="11.4171023"/>
  <node id="9532048589" lat="48.6795302" lon="11.4099827"/>
  <node id="9532048590" lat="48.6795945" lon="11.4100876"/>
  <node id="9532048591" lat="48.6809445" lon="11.4153604"/>
  <node id="9532048592" lat="48.6809318" lon="11.4150844"/>
  <node id="9532048593" lat="48.6809459" lon="11.4151924"/>
  <node id="9532048594" lat="48.6809360" lon="11.4152663"/>
  <node id="9687156416" lat="48.6795878" lon="11.4055722"/>
  <node id="9687161227" lat="48.6800913" lon="11.4072181"/>
  <node id="10079715084" lat="48.6798201" lon="11.4040234"/>
  <node id="10079931029" lat="48.6702812" lon="11.4383698"/>
  <node id="10154005967" lat="48.6736521" lon="11.4264900"/>
  <node id="10154005968" lat="48.6736759" lon="11.4264060"/>
  <node id="10154369160" lat="48.6755955" lon="11.4192114"/>
  <node id="10154369161" lat="48.6756426" lon="11.4194849"/>
  <node id="10154369163" lat="48.6757065" lon="11.4192671"/>
  <node id="10154369168" lat="48.6757230" lon="11.4192094"/>
  <node id="10815010849" lat="48.6861225" lon="11.3822671"/>
  <node id="10815010850" lat="48.6852526" lon="11.3853174"/>
  <node id="10815010851" lat="48.6849799" lon="11.3862669"/>
  <node id="10815010852" lat="48.6792484" lon="11.4065666"/>
  <node id="10910830318" lat="48.6642120" lon="11.3082815"/>
  <node id="11213740568" lat="48.6991702" lon="11.3895819"/>
  <node id="11213740569" lat="48.6993121" lon="11.3895977"/>
  <node id="11215344888" lat="48.6760460" lon="11.3503550"/>
  <node id="11215356435" lat="48.7033699" lon="11.4057879"/>
  <node id="11286040716" lat="48.6905631" lon="11.4068375"/>
  <node id="11379955090" lat="48.7037630" lon="11.4058568"/>
  <node id="11379992122" lat="48.7040226" lon="11.4068882"/>
  <node id="11379992126" lat="48.7041432" lon="11.4080845"/>
  <node id="11379992127" lat="48.7041044" lon="11.4075784"/>
  <node id="11379992130" lat="48.7042237" lon="11.4123351"/>
  <node id="11379992131" lat="48.7041811" lon="11.4120132"/>
  <node id="11379992135" lat="48.7045854" lon="11.4128692"/>
  <node id="11934839735" lat="48.7029246" lon="11.4104176"/>
  <node id="11934839736" lat="48.7029522" lon="11.4105452"/>
  <node id="11934839737" lat="48.7032912" lon="11.4109795"/>
  <node id="11934839740" lat="48.7041802" lon="11.4111420"/>
  <node id="11934839741" lat="48.7041885" lon="11.4112788"/>
  <node id="11934839742" lat="48.7041798" lon="11.4118756"/>
  <node id="11934839743" lat="48.7041918" lon="11.4121235"/>
  <node id="12118003413" lat="48.6794358" lon="11.4036308"/>
  <node id="12118003414" lat="48.6793858" lon="11.4034584"/>
  <node id="12118003415" lat="48.6796500" lon="11.4025839"/>
  <node id="12118003416" lat="48.6796191" lon="11.4026050"/>
  <node id="12118003444" lat="48.6783847" lon="11.4014017"/>
  <node id="12118003445" lat="48.6783310" lon="11.4017841"/>
  <node id="12118003446" lat="48.6783465" lon="11.4019995"/>
  <node id="12118003447" lat="48.6783591" lon="11.4024583"/>
  <node id="12144950922" lat="48.6796057" lon="11.4037769"/>
  <node id="12144950923" lat="48.6797076" lon="11.4037493"/>
  <node id="12144950924" lat="48.6796556" lon="11.4037880"/>
  <node id="12144950925" lat="48.6804956" lon="11.4021063"/>
  <node id="12144950938" lat="48.6805871" lon="11.4031655"/>
  <node id="12149910944" lat="48.7038960" lon="11.4029853"/>
  <node id="12149910945" lat="48.7039084" lon="11.4029133"/>
  <node id="12149910946" lat="48.7038408" lon="11.4027364"/>
  <node id="12149910947" lat="48.7039102" lon="11.4025101"/>
  <node id="12149910948" lat="48.7037799" lon="11.4037011"/>
  <node id="12149910949" lat="48.7037891" lon="11.4037800"/>
  <node id="12149910950" lat="48.7037835" lon="11.4036154"/>
  <node id="12149910951" lat="48.7038086" lon="11.4032940"/>
  <node id="12149910952" lat="48.7037342" lon="11.4030688"/>
  <node id="12149910953" lat="48.7036946" lon="11.4030196"/>
  <node id="12149910954" lat="48.7034605" lon="11.4029038"/>
  <node id="12149910955" lat="48.7035188" lon="11.4028712"/>
  <node id="12149910956" lat="48.7038136" lon="11.4028530"/>
  <node id="12149910957" lat="48.7035115" lon="11.4029559"/>
  <node id="12149910958" lat="48.7039511" lon="11.4023791"/>
  <node id="12149910959" lat="48.7031852" lon="11.4051409"/>
  <node id="12149910960" lat="48.7031486" lon="11.4058084"/>
  <node id="12149910961" lat="48.7031552" lon="11.4056599">
    <tag k="highway" v="give_way"/>
  </node>
  <node id="12149910962" lat="48.7032579" lon="11.4056507"/>
  <node id="12149910963" lat="48.7032186" lon="11.4053449"/>
  <node id="12149910964" lat="48.7031710" lon="11.4053399"/>
  <node id="12207510399" lat="48.7117746" lon="11.4065354">
    <tag k="bus" v="yes"/>
    <tag k="name" v="Wallmeisterstraße"/>
    <tag k="network" v="Verkehrsverbund Großraum Ingolstadt"/>
    <tag k="network:guid" v="DE-BY-VGI"/>
    <tag k="network:short" v="VGI"/>
    <tag k="network:wikidata" v="Q99937594"/>
    <tag k="operator" v="Verkehrsverbund Großraum Ingolstadt"/>
    <tag k="public_transport" v="stop_position"/>
    <tag k="website" v="https://www.vgi.de/start_de"/>
  </node>
  <node id="12532725272" lat="48.6799958" lon="11.4041425"/>
  <node id="12532725273" lat="48.6798575" lon="11.4040595"/>
  <node id="12532725274" lat="48.6799234" lon="11.4040990">
    <tag k="crossing" v="unmarked"/>
    <tag k="crossing:island" v="yes"/>
    <tag k="crossing:markings" v="no"/>
    <tag k="highway" v="crossing"/>
    <tag k="tactile_paving" v="no"/>
  </node>
  <node id="12532725275" lat="48.6798139" lon="11.4040347"/>
  <node id="12532725276" lat="48.6798577" lon="11.4040169"/>
  <node id="12532725277" lat="48.6798276" lon="11.4039971"/>
  <node id="12532725280" lat="48.6801516" lon="11.4036437"/>
  <node id="12532725281" lat="48.6800678" lon="11.4035836"/>
  <node id="12532725282" lat="48.6801395" lon="11.4036350"/>
  <node id="12532725283" lat="48.6801011" lon="11.4036075"/>
  <node id="12532725284" lat="48.6801273" lon="11.4036263"/>
  <node id="12532725288" lat="48.6801990" lon="11.4037698"/>
  <node id="12532725289" lat="48.6801161" lon="11.4037177"/>
  <node id="12532725290" lat="48.6802267" lon="11.4037871"/>
  <node id="12532725291" lat="48.6802244" lon="11.4037956">
    <tag k="door" v="sliding"/>
    <tag k="entrance" v="main"/>
  </node>
  <node id="12532725298" lat="48.6804903" lon="11.4043444"/>
  <node id="12532725299" lat="48.6805585" lon="11.4041174"/>
  <node id="12532725300" lat="48.6805754" lon="11.4040423"/>
  <node id="12532733501" lat="48.6805557" lon="11.4039602"/>
  <node id="12532733502" lat="48.6805718" lon="11.4039927"/>
  <node id="12532733503" lat="48.6802650" lon="11.4028796"/>
  <node id="12532733504" lat="48.6799295" lon="11.4031041"/>
  <node id="12532733505" lat="48.6799563" lon="11.4028018"/>
  <node id="12532733506" lat="48.6801387" lon="11.4029565"/>
  <node id="12532733507" lat="48.6800860" lon="11.4029405"/>
  <node id="12532733508" lat="48.6799947" lon="11.4028521"/>
  <node id="12532733509" lat="48.6799886" lon="11.4030006"/>
  <node id="12532733514" lat="48.6806079" lon="11.4030933">
    <tag k="noexit" v="yes"/>
  </node>
  <node id="12532733528" lat="48.6799071" lon="11.4038634">
    <tag k="noexit" v="yes"/>
  </node>
  <node id="12965889781" lat="48.7097687" lon="11.4129378"/>
  <node id="12965889782" lat="48.7098310" lon="11.4124293"/>
  <node id="13442598886" lat="48.7066552" lon="11.4052653"/>
  <node id="13442598887" lat="48.6966010" lon="11.4059116"/>
  <way id="23014960">
    <nd ref="1516301940"/>
    <nd ref="2119510712"/>
    <nd ref="248921429"/>
    <nd ref="248135846"/>
    <tag k="highway" v="residential"/>
    <tag k="lanes" v="2"/>
    <tag k="lit" v="yes"/>
    <tag k="maxspeed" v="30"/>
    <tag k="name" v="Salbeistraße"/>
    <tag k="source:maxspeed" v="DE:zone:30"/>
    <tag k="surface" v="asphalt"/>
    <tag k="zone:maxspeed" v="DE:30"/>
  </way>
  <way id="23037120">
    <nd ref="248912370"/>
    <nd ref="2117568635"/>
    <nd ref="358062199"/>
    <nd ref="4319181314"/>
    <nd ref="248912369"/>
    <nd ref="248912368"/>
    <nd ref="2910769606"/>
    <nd ref="248612289"/>
    <nd ref="8536680470"/>
    <nd ref="358063002"/>
    <nd ref="248612288"/>
    <tag k="cycleway:both" v="no"/>
    <tag k="highway" v="residential"/>
    <tag k="lanes" v="2"/>
    <tag k="lit" v="yes"/>
    <tag k="maxspeed" v="30"/>
    <tag k="name" v="Taubenstraße"/>
    <tag k="sidewalk" v="both"/>
    <tag k="source:maxspeed" v="DE:zone:30"/>
    <tag k="surface" v="asphalt"/>
    <tag k="zone:maxspeed" v="DE:30"/>
  </way>
  <way id="23066406">
    <nd ref="3880438186"/>
    <nd ref="8434576382"/>
    <nd ref="1516301946"/>
    <nd ref="2119510706"/>
    <nd ref="2298277659"/>
    <nd ref="248612118"/>
    <nd ref="358064348"/>
    <nd ref="8289670643"/>
    <nd ref="248408615"/>
    <tag k="highway" v="unclassified"/>
    <tag k="lanes" v="2"/>
    <tag k="maxspeed" v="50"/>
    <tag k="name" v="Oberstimmer Straße"/>
    <tag k="psv" v="yes"/>
    <tag k="surface" v="asphalt"/>
  </way>
  <way id="23066434">
    <nd ref="248912833"/>
    <nd ref="2119510700"/>
    <nd ref="251348881"/>
    <tag k="highway" v="residential"/>
    <tag k="lanes" v="2"/>
    <tag k="lit" v="yes"/>
    <tag k="maxspeed" v="30"/>
    <tag k="name" v="Moosbichelstraße"/>
    <tag k="source:maxspeed" v="DE:zone:30"/>
    <tag k="surface" v="asphalt"/>
    <tag k="zone:maxspeed" v="DE:30"/>
  </way>
  <way id="23066439">
    <nd ref="248917264"/>
    <nd ref="2927464872"/>
    <nd ref="2119510742"/>
    <nd ref="4984656094"/>
    <nd ref="248917265"/>
    <nd ref="2909970839"/>
    <nd ref="2119510710"/>
    <nd ref="248916502"/>
    <nd ref="248916503"/>
    <nd ref="251348881"/>
    <nd ref="251349106"/>
    <nd ref="248913097"/>
    <tag k="highway" v="residential"/>
    <tag k="lanes" v="2"/>
    <tag k="lit" v="yes"/>
    <tag k="maxspeed" v="30"/>
    <tag k="name" v="Hohlweg"/>
    <tag k="source:maxspeed" v="DE:zone:30"/>
    <tag k="surface" v="asphalt"/>
    <tag k="zone:maxspeed" v="DE:30"/>
  </way>
  <way id="23066823">
    <nd ref="248912371"/>
    <nd ref="248913097"/>
    <nd ref="248913074"/>
    <nd ref="2432116848"/>
    <nd ref="248916056"/>
    <nd ref="248912366"/>
    <nd ref="2117568653"/>
    <nd ref="2117568655"/>
    <nd ref="358062614"/>
    <nd ref="8531936129"/>
    <nd ref="248912372"/>
    <tag k="cycleway:both" v="no"/>
    <tag k="highway" v="residential"/>
    <tag k="lanes" v="2"/>
    <tag k="lit" v="yes"/>
    <tag k="maxspeed" v="30"/>
    <tag k="name" v="Siedlungsstraße"/>
    <tag k="sidewalk" v="both"/>
    <tag k="source:maxspeed" v="DE:zone:30"/>
    <tag k="surface" v="asphalt"/>
    <tag k="zone:maxspeed" v="DE:30"/>
  </way>
  <way id="23066935">
    <nd ref="248408616"/>
    <nd ref="251348313"/>
    <nd ref="248916594"/>
    <nd ref="251342512"/>
    <tag k="highway" v="residential"/>
    <tag k="lanes" v="2"/>
    <tag k="lit" v="yes"/>
    <tag k="maxspeed" v="30"/>
    <tag k="name" v="Moosbichelstraße"/>
    <tag k="source:maxspeed" v="DE:zone:30"/>
    <tag k="surface" v="asphalt"/>
    <tag k="zone:maxspeed" v="DE:30"/>
  </way>
  <way id="23134823">
    <nd ref="4993383711"/>
    <nd ref="3564506848"/>
    <nd ref="2483799068"/>
    <nd ref="4977579373"/>
    <nd ref="8764519952"/>
    <nd ref="2535712177"/>
    <nd ref="430879993"/>
    <nd ref="431015922"/>
    <nd ref="10815010849"/>
    <tag k="highway" v="secondary"/>
    <tag k="maxspeed" v="100"/>
    <tag k="psv" v="yes"/>
    <tag k="ref" v="St 2049"/>
    <tag k="surface" v="asphalt"/>
  </way>
  <way id="23135013">
    <nd ref="249794179"/>
    <nd ref="1815046899"/>
    <tag k="highway" v="unclassified"/>
  </way>
  <way id="23199980">
    <nd ref="12149910959"/>
    <nd ref="340389607"/>
    <nd ref="8270618897"/>
    <nd ref="290274317"/>
    <nd ref="290274316"/>
    <tag k="bicycle" v="yes"/>
    <tag k="cycleway" v="no"/>
    <tag k="foot" v="yes"/>
    <tag k="highway" v="primary_link"/>
    <tag k="lanes" v="2"/>
    <tag k="maxspeed" v="60"/>
    <tag k="ref" v="St 2044"/>
    <tag k="source:maxspeed" v="sign"/>
    <tag k="surface" v="asphalt"/>
  </way>
  <way id="23231706">
    <nd ref="251346382"/>
    <nd ref="1417631647"/>
    <nd ref="251338740"/>
    <nd ref="1417631655"/>
    <nd ref="1417631704"/>
    <nd ref="1417631735"/>
    <nd ref="1417631741"/>
    <nd ref="251338043"/>
    <nd ref="1417631744"/>
    <nd ref="1417631742"/>
    <nd ref="251338288"/>
    <nd ref="251338289"/>
    <nd ref="8270618909"/>
    <nd ref="248135162"/>
    <tag k="highway" v="unclassified"/>
    <tag k="name" v="Langer Oberfeldweg"/>
  </way>
  <way id="23231717">
    <nd ref="251338289"/>
    <nd ref="3120584061"/>
    <nd ref="1417631868"/>
    <nd ref="2119510752"/>
    <nd ref="3120584072"/>
    <nd ref="1602101795"/>
    <nd ref="3120584082"/>
    <nd ref="1602101814"/>
    <nd ref="3120584095"/>
    <nd ref="251338334"/>
    <tag k="highway" v="unclassified"/>
    <tag k="name" v="Langer Oberfeldweg"/>
    <tag k="source" v="HiRes aerial imagery"/>
  </way>
  <way id="23231759">
    <nd ref="251338288"/>
    <nd ref="1417631723"/>
    <nd ref="1417631720"/>
    <nd ref="1417631713"/>
    <nd ref="1417631698"/>
    <nd ref="1417631656"/>
    <nd ref="1417631646"/>
    <nd ref="1417631645"/>
    <nd ref="1417631644"/>
    <nd ref="251339173"/>
    <nd ref="1417631642"/>
    <nd ref="1417631643"/>
    <nd ref="251346382"/>
    <tag k="highway" v="track"/>
    <tag k="source" v="HiRes aerial imagery"/>
    <tag k="surface" v="gravel"/>
    <tag k="tracktype" v="grade4"/>
  </way>
  <way id="23231772">
    <nd ref="251338040"/>
    <nd ref="251338041"/>
    <nd ref="1417644391"/>
    <nd ref="1417631778"/>
    <nd ref="251338043"/>
    <tag k="highway" v="track"/>
    <tag k="source" v="HiRes aerial imagery"/>
    <tag k="surface" v="gravel"/>
    <tag k="tracktype" v="grade4"/>
  </way>
  <way id="23232104">
    <nd ref="251344029"/>
    <nd ref="251344030"/>
    <nd ref="251344031"/>
    <tag k="highway" v="residential"/>
    <tag k="lanes" v="2"/>
    <tag k="maxspeed" v="30"/>
    <tag k="name" v="Lavendelweg"/>
  </way>
  <way id="23232117">
    <nd ref="251344030"/>
    <nd ref="1892038892"/>
    <nd ref="251344141"/>
    <tag k="bicycle" v="designated"/>
    <tag k="foot" v="designated"/>
    <tag k="highway" v="path"/>
    <tag k="segregated" v="no"/>
  </way>
  <way id="23232127">
    <nd ref="251344336"/>
    <nd ref="13442598886"/>
    <nd ref="3635998047"/>
    <nd ref="251347598"/>
    <nd ref="8234347295"/>
    <nd ref="8234347298"/>
    <tag k="highway" v="track"/>
    <tag k="source" v="survey"/>
    <tag k="surface" v="gravel"/>
    <tag k="tracktype" v="grade3"/>
  </way>
  <way id="23232166">
    <nd ref="251344901"/>
    <nd ref="8531893355"/>
    <nd ref="251345113"/>
    <nd ref="2298277632"/>
    <nd ref="251345114"/>
    <nd ref="251345115"/>
    <nd ref="251345116"/>
    <nd ref="251345117"/>
    <nd ref="7625067646"/>
    <nd ref="2117568634"/>
    <nd ref="251344876"/>
    <nd ref="251345118"/>
    <tag k="highway" v="residential"/>
    <tag k="lanes" v="2"/>
    <tag k="lit" v="yes"/>
    <tag k="maxspeed" v="30"/>
    <tag k="name" v="Grasinger Weg"/>
    <tag k="source:maxspeed" v="DE:zone:30"/>
    <tag k="surface" v="asphalt"/>
    <tag k="zone:maxspeed" v="DE:30"/>
  </way>
  <way id="23232174">
    <nd ref="251345115"/>
    <nd ref="7625067643"/>
    <nd ref="251347506"/>
    <tag k="highway" v="residential"/>
    <tag k="lanes" v="2"/>
    <tag k="lit" v="yes"/>
    <tag k="maxspeed" v="30"/>
    <tag k="name" v="Frauenlobstraße"/>
    <tag k="source:maxspeed" v="DE:zone:30"/>
    <tag k="surface" v="asphalt"/>
    <tag k="zone:maxspeed" v="DE:30"/>
  </way>
  <way id="23232200">
    <nd ref="251345336"/>
    <nd ref="4984656102"/>
    <nd ref="8531893358"/>
    <nd ref="251345444"/>
    <nd ref="2117568630"/>
    <nd ref="2117568631"/>
    <nd ref="4319181303"/>
    <nd ref="251345445"/>
    <nd ref="251345447"/>
    <tag k="highway" v="residential"/>
    <tag k="lanes" v="2"/>
    <tag k="lit" v="yes"/>
    <tag k="maxspeed" v="30"/>
    <tag k="name" v="Bischof-Neumann-Straße"/>
    <tag k="source:maxspeed" v="DE:zone:30"/>
    <tag k="surface" v="asphalt"/>
    <tag k="zone:maxspeed" v="DE:30"/>
  </way>
  <way id="23232207">
    <nd ref="251340435"/>
    <nd ref="4085639932"/>
    <nd ref="2040774179"/>
    <nd ref="340390376"/>
    <nd ref="251354348"/>
    <nd ref="251354340"/>
    <nd ref="2040773953"/>
    <nd ref="11379992130"/>
    <nd ref="11934839743"/>
    <nd ref="11379992131"/>
    <nd ref="11934839742"/>
    <nd ref="11934839741"/>
    <nd ref="11934839740"/>
    <nd ref="251354265"/>
    <nd ref="251341757"/>
    <nd ref="2040774171"/>
    <nd ref="2040774187"/>
    <nd ref="251345465"/>
    <tag k="highway" v="track"/>
    <tag k="source" v="HiRes aerial imagery"/>
    <tag k="surface" v="gravel"/>
    <tag k="tracktype" v="grade3"/>
  </way>
  <way id="23232212">
    <nd ref="251345465"/>
    <nd ref="2117568628"/>
    <nd ref="2040774189"/>
    <nd ref="251345525"/>
    <nd ref="2040774192"/>
    <nd ref="251345526"/>
    <nd ref="2040774200"/>
    <nd ref="251345527"/>
    <nd ref="2117568632"/>
    <nd ref="2040774218"/>
    <nd ref="251339828"/>
    <tag k="highway" v="residential"/>
    <tag k="lit" v="yes"/>
    <tag k="maxspeed" v="30"/>
    <tag k="name" v="Hermann-Witz-Straße"/>
    <tag k="sidewalk" v="both"/>
    <tag k="sidewalk:both:surface" v="paving_stones"/>
    <tag k="smoothness" v="good"/>
    <tag k="source" v="HiRes aerial imagery"/>
    <tag k="source:maxspeed" v="DE:zone:30"/>
    <tag k="surface" v="asphalt"/>
    <tag k="zone:maxspeed" v="DE:30"/>
  </way>
  <way id="23232213">
    <nd ref="251345468"/>
    <nd ref="251345535"/>
    <nd ref="4319181311"/>
    <nd ref="2119510675"/>
    <nd ref="248916594"/>
    <nd ref="251349461"/>
    <tag k="highway" v="residential"/>
    <tag k="lanes" v="2"/>
    <tag k="lit" v="yes"/>
    <tag k="maxspeed" v="30"/>
    <tag k="name" v="Am Zwischenwerk"/>
    <tag k="source:maxspeed" v="DE:zone:30"/>
    <tag k="surface" v="asphalt"/>
    <tag k="zone:maxspeed" v="DE:30"/>
  </way>
  <way id="23232218">
    <nd ref="251345469"/>
    <nd ref="251345567"/>
    <nd ref="251347951"/>
    <tag k="highway" v="residential"/>
    <tag k="lanes" v="2"/>
    <tag k="lit" v="yes"/>
    <tag k="maxspeed" v="30"/>
    <tag k="name" v="Am Wiesenrain"/>
    <tag k="source:maxspeed" v="DE:zone:30"/>
    <tag k="surface" v="asphalt"/>
    <tag k="zone:maxspeed" v="DE:30"/>
  </way>
  <way id="23232220">
    <nd ref="251345526"/>
    <nd ref="251345597"/>
    <nd ref="4319181304"/>
    <nd ref="251345598"/>
    <nd ref="4319181305"/>
    <nd ref="251345599"/>
    <nd ref="251345600"/>
    <nd ref="4319181306"/>
    <nd ref="4319181307"/>
    <nd ref="251345601"/>
    <nd ref="251345602"/>
    <nd ref="4319181309"/>
    <nd ref="4319181310"/>
    <nd ref="251339825"/>
    <tag k="highway" v="living_street"/>
    <tag k="lit" v="yes"/>
    <tag k="maxspeed" v="7"/>
    <tag k="name" v="Dr.-Josef-Reichart-Weg"/>
    <tag k="smoothness" v="good"/>
    <tag k="surface" v="asphalt"/>
  </way>
  <way id="23232311">
    <nd ref="250918301"/>
    <nd ref="251351930"/>
    <nd ref="2117568648"/>
    <nd ref="4319181323"/>
    <nd ref="2117568646"/>
    <nd ref="251346362"/>
    <tag k="highway" v="living_street"/>
    <tag k="lanes" v="2"/>
    <tag k="lit" v="yes"/>
    <tag k="maxspeed" v="7"/>
    <tag k="name" v="Urnenfelderstraße"/>
    <tag k="psv" v="yes"/>
    <tag k="smoothness" v="good"/>
    <tag k="surface" v="asphalt"/>
  </way>
  <way id="23232375">
    <nd ref="251346590"/>
    <nd ref="1892038898"/>
    <nd ref="2357005632"/>
    <nd ref="8270618898"/>
    <nd ref="251344141"/>
    <tag k="highway" v="residential"/>
    <tag k="lanes" v="2"/>
    <tag k="maxspeed" v="30"/>
    <tag k="name" v="Lavendelweg"/>
  </way>
  <way id="23232379">
    <nd ref="251344873"/>
    <nd ref="251344874"/>
    <nd ref="8270618910"/>
    <nd ref="251344875"/>
    <nd ref="251344876"/>
    <tag k="highway" v="residential"/>
    <tag k="lanes" v="2"/>
    <tag k="maxspeed" v="30"/>
    <tag k="name" v="Grasinger Weg"/>
    <tag k="source:maxspeed" v="DE:zone:30"/>
    <tag k="zone:maxspeed" v="DE:30"/>
  </way>
  <way id="23232405">
    <nd ref="251347120"/>
    <nd ref="251356226"/>
    <nd ref="251356315"/>
    <nd ref="251347135"/>
    <tag k="highway" v="residential"/>
    <tag k="lanes" v="2"/>
    <tag k="lit" v="yes"/>
    <tag k="maxspeed" v="30"/>
    <tag k="name" v="Am Funkturm"/>
    <tag k="source" v="HiRes aerial imagery"/>
    <tag k="source:maxspeed" v="DE:zone:30"/>
    <tag k="surface" v="asphalt"/>
    <tag k="zone:maxspeed" v="DE:30"/>
  </way>
  <way id="23232619">
    <nd ref="251349106"/>
    <nd ref="248913073"/>
    <nd ref="2119510720"/>
    <nd ref="2119510716"/>
    <nd ref="248913074"/>
    <tag k="highway" v="residential"/>
    <tag k="lanes" v="2"/>
    <tag k="lit" v="yes"/>
    <tag k="maxspeed" v="30"/>
    <tag k="name" v="Postweg"/>
    <tag k="source:maxspeed" v="DE:zone:30"/>
    <tag k="surface" v="asphalt"/>
    <tag k="zone:maxspeed" v="DE:30"/>
  </way>
  <way id="23232660">
    <nd ref="251345466"/>
    <nd ref="251345447"/>
    <nd ref="4319181308"/>
    <nd ref="251342512"/>
    <nd ref="251345468"/>
    <nd ref="251345469"/>
    <nd ref="4984656101"/>
    <nd ref="250919651"/>
    <tag k="highway" v="residential"/>
    <tag k="lanes" v="2"/>
    <tag k="lit" v="yes"/>
    <tag k="maxspeed" v="30"/>
    <tag k="name" v="Am Röthenfeld"/>
    <tag k="sidewalk" v="both"/>
    <tag k="source:maxspeed" v="DE:zone:30"/>
    <tag k="surface" v="asphalt"/>
    <tag k="zone:maxspeed" v="DE:30"/>
  </way>
  <way id="23233132">
    <nd ref="251346364"/>
    <nd ref="2117568641"/>
    <nd ref="2117568642"/>
    <tag k="highway" v="living_street"/>
    <tag k="lit" v="yes"/>
    <tag k="name" v="Laténeweg"/>
    <tag k="smoothness" v="excellent"/>
    <tag k="surface" v="asphalt"/>
  </way>
  <way id="23233205">
    <nd ref="251345465"/>
    <nd ref="2117568629"/>
    <nd ref="2040774197"/>
    <nd ref="251345466"/>
    <nd ref="251349461"/>
    <nd ref="251349414"/>
    <tag k="highway" v="residential"/>
    <tag k="lanes" v="2"/>
    <tag k="lit" v="yes"/>
    <tag k="maxspeed" v="30"/>
    <tag k="name" v="Am Röthenfeld"/>
    <tag k="sidewalk" v="both"/>
    <tag k="smoothness" v="good"/>
    <tag k="source:maxspeed" v="DE:zone:30"/>
    <tag k="surface" v="asphalt"/>
    <tag k="zone:maxspeed" v="DE:30"/>
  </way>
  <way id="23233370">
    <nd ref="248408615"/>
    <nd ref="8289670644"/>
    <nd ref="2119510687"/>
    <nd ref="8763817855"/>
    <nd ref="8270618913"/>
    <nd ref="2119510683"/>
    <nd ref="2119510681"/>
    <nd ref="8270618914"/>
    <nd ref="8270618915"/>
    <nd ref="2119510679"/>
    <tag k="highway" v="residential"/>
    <tag k="lanes" v="2"/>
    <tag k="lit" v="yes"/>
    <tag k="maxspeed" v="50"/>
    <tag k="name" v="Karlskroner Straße"/>
    <tag k="psv" v="yes"/>
    <tag k="surface" v="asphalt"/>
  </way>
  <way id="23233390">
    <nd ref="251356226"/>
    <nd ref="1516301933"/>
    <nd ref="1516301934"/>
    <nd ref="1516301941"/>
    <nd ref="251356302"/>
    <nd ref="251356303"/>
    <tag k="highway" v="residential"/>
    <tag k="lanes" v="2"/>
    <tag k="lit" v="yes"/>
    <tag k="maxspeed" v="30"/>
    <tag k="name" v="Philipp-Reis-Straße"/>
    <tag k="source" v="HiRes aerial imagery"/>
    <tag k="source:maxspeed" v="DE:zone:30"/>
    <tag k="surface" v="asphalt"/>
    <tag k="zone:maxspeed" v="DE:30"/>
  </way>
  <way id="23233395">
    <nd ref="251356315"/>
    <nd ref="251356322"/>
    <tag k="highway" v="residential"/>
    <tag k="lanes" v="2"/>
    <tag k="lit" v="yes"/>
    <tag k="maxspeed" v="30"/>
    <tag k="name" v="Buschrosenstraße"/>
    <tag k="source" v="HiRes aerial imagery"/>
    <tag k="source:maxspeed" v="DE:zone:30"/>
    <tag k="surface" v="asphalt"/>
    <tag k="zone:maxspeed" v="DE:30"/>
  </way>
  <way id="23252423">
    <nd ref="251344876"/>
    <nd ref="7625067648"/>
    <nd ref="2298277643"/>
    <nd ref="2298277646"/>
    <nd ref="251344877"/>
    <nd ref="251347506"/>
    <nd ref="251347505"/>
    <nd ref="2298277648"/>
    <nd ref="251347504"/>
    <nd ref="251347135"/>
    <nd ref="2298277634"/>
    <nd ref="251345114"/>
    <tag k="highway" v="residential"/>
    <tag k="lanes" v="2"/>
    <tag k="lit" v="yes"/>
    <tag k="maxspeed" v="30"/>
    <tag k="name" v="Vogelweidestraße"/>
    <tag k="source:maxspeed" v="DE:zone:30"/>
    <tag k="surface" v="asphalt"/>
    <tag k="zone:maxspeed" v="DE:30"/>
  </way>
  <way id="23252432">
    <nd ref="251344031"/>
    <nd ref="1357603581"/>
    <nd ref="251344641"/>
    <nd ref="2927464842"/>
    <nd ref="251341755"/>
    <tag k="highway" v="residential"/>
    <tag k="lanes" v="2"/>
    <tag k="maxspeed" v="30"/>
    <tag k="name" v="Windener Straße"/>
  </way>
  <way id="23252510">
    <nd ref="251350736"/>
    <nd ref="2117568644"/>
    <nd ref="4319181318"/>
    <nd ref="251350054"/>
    <nd ref="251350053"/>
    <tag k="highway" v="residential"/>
    <tag k="lit" v="yes"/>
    <tag k="maxspeed" v="30"/>
    <tag k="name" v="St.-Blasius-Straße"/>
    <tag k="sidewalk" v="right"/>
    <tag k="sidewalk:right:surface" v="paving_stones"/>
    <tag k="smoothness" v="good"/>
    <tag k="source:maxspeed" v="DE:zone:30"/>
    <tag k="surface" v="asphalt"/>
    <tag k="zone:maxspeed" v="DE:30"/>
  </way>
  <way id="23252513">
    <nd ref="251350966"/>
    <nd ref="251346362"/>
    <tag k="cycleway:both" v="no"/>
    <tag k="highway" v="residential"/>
    <tag k="lanes" v="2"/>
    <tag k="lit" v="yes"/>
    <tag k="maxspeed" v="30"/>
    <tag k="name" v="St.-Blasius-Straße"/>
    <tag k="sidewalk" v="both"/>
    <tag k="sidewalk:both:surface" v="paving_stones"/>
    <tag k="smoothness" v="good"/>
    <tag k="source:maxspeed" v="DE:zone:30"/>
    <tag k="surface" v="asphalt"/>
    <tag k="zone:maxspeed" v="DE:30"/>
  </way>
  <way id="23618507">
    <nd ref="255838189"/>
    <nd ref="4319181334"/>
    <nd ref="503367047"/>
    <nd ref="503367045"/>
    <nd ref="4319181333"/>
    <nd ref="255838190"/>
    <nd ref="250918088"/>
    <nd ref="2432116855"/>
    <nd ref="250918133"/>
    <nd ref="248915883"/>
    <nd ref="251350736"/>
    <nd ref="4319181321"/>
    <nd ref="4319181320"/>
    <nd ref="2117568645"/>
    <nd ref="251350966"/>
    <nd ref="4319181319"/>
    <nd ref="251350053"/>
    <nd ref="12965889781"/>
    <nd ref="2432116842"/>
    <nd ref="2117568638"/>
    <nd ref="251345614"/>
    <nd ref="248916041"/>
    <tag k="cycleway:both" v="no"/>
    <tag k="highway" v="residential"/>
    <tag k="lanes" v="2"/>
    <tag k="lit" v="yes"/>
    <tag k="maxspeed" v="30"/>
    <tag k="name" v="St.-Blasius-Straße"/>
    <tag k="sidewalk" v="both"/>
    <tag k="sidewalk:both:surface" v="asphalt"/>
    <tag k="smoothness" v="good"/>
    <tag k="source:maxspeed" v="DE:zone:30"/>
    <tag k="surface" v="asphalt"/>
    <tag k="zone:maxspeed" v="DE:30"/>
  </way>
  <way id="25794372">
    <nd ref="249794052"/>
    <nd ref="9054646447"/>
    <nd ref="9054646446"/>
    <nd ref="5407704483"/>
    <nd ref="2982373931"/>
    <nd ref="4728020642"/>
    <tag k="destination:forward" v="Ingolstadt;Zuchering"/>
    <tag k="highway" v="secondary"/>
    <tag k="lcn" v="yes"/>
    <tag k="name" v="Ingolstädter Straße"/>
    <tag k="name:etymology:wikidata" v="Q3004"/>
    <tag k="psv" v="yes"/>
    <tag k="ref" v="St 2044"/>
    <tag k="surface" v="asphalt"/>
  </way>
  <way id="25794373">
    <nd ref="249794057"/>
    <nd ref="340389448"/>
    <nd ref="8968419529"/>
    <nd ref="430416990"/>
    <nd ref="340389449"/>
    <nd ref="340389450"/>
    <nd ref="13442598887"/>
    <nd ref="249794056"/>
    <nd ref="430416817"/>
    <nd ref="2040773653"/>
    <nd ref="340389451"/>
    <nd ref="2040773663"/>
    <nd ref="2040773668"/>
    <tag k="highway" v="secondary"/>
    <tag k="maxspeed" v="100"/>
    <tag k="name" v="Karlskroner Straße"/>
    <tag k="psv" v="yes"/>
    <tag k="ref" v="St 2044"/>
    <tag k="source:maxspeed" v="sign"/>
    <tag k="surface" v="asphalt"/>
  </way>
  <way id="26485544">
    <nd ref="290274329"/>
    <nd ref="290274330"/>
    <tag k="bridge" v="yes"/>
    <tag k="highway" v="unclassified"/>
    <tag k="layer" v="1"/>
    <tag k="maxspeed" v="60"/>
    <tag k="name" v="Windener Straße"/>
    <tag k="psv" v="yes"/>
    <tag k="surface" v="asphalt"/>
  </way>
  <way id="26485545">
    <nd ref="290274330"/>
    <nd ref="1357603558"/>
    <tag k="embankment" v="yes"/>
    <tag k="highway" v="unclassified"/>
    <tag k="maxspeed" v="60"/>
    <tag k="name" v="Windener Straße"/>
    <tag k="psv" v="yes"/>
    <tag k="surface" v="asphalt"/>
  </way>
  <way id="26485546">
    <nd ref="321214542"/>
    <nd ref="366504663"/>
    <nd ref="2927470551"/>
    <tag k="highway" v="tertiary"/>
    <tag k="maxspeed" v="50"/>
    <tag k="name" v="Karlskroner Straße"/>
    <tag k="psv" v="yes"/>
    <tag k="ref" v="IN 15"/>
    <tag k="source:maxspeed" v="sign"/>
    <tag k="surface" v="asphalt"/>
  </way>
  <way id="26485547">
    <nd ref="290274331"/>
    <nd ref="290274332"/>
    <tag k="bridge" v="yes"/>
    <tag k="highway" v="tertiary"/>
    <tag k="layer" v="1"/>
    <tag k="maxspeed" v="60"/>
    <tag k="maxweight:signed" v="no"/>
    <tag k="name" v="Karlskroner Straße"/>
    <tag k="psv" v="yes"/>
    <tag k="ref" v="IN 15"/>
    <tag k="source:maxspeed" v="sign"/>
    <tag k="surface" v="asphalt"/>
  </way>
  <way id="26485548">
    <nd ref="290274351"/>
    <nd ref="2040773698"/>
    <nd ref="366504677"/>
    <nd ref="12149910960"/>
    <tag k="highway" v="secondary"/>
    <tag k="maxspeed" v="80"/>
    <tag k="name" v="Karlskroner Straße"/>
    <tag k="psv" v="yes"/>
    <tag k="ref" v="St 2044"/>
    <tag k="source" v="HiRes aerial imagery"/>
    <tag k="source:maxspeed" v="sign"/>
    <tag k="surface" v="asphalt"/>
  </way>
  <way id="26485549">
    <nd ref="290274352"/>
    <nd ref="290274351"/>
    <tag k="bridge" v="yes"/>
    <tag k="highway" v="secondary"/>
    <tag k="layer" v="1"/>
    <tag k="maxspeed" v="60"/>
    <tag k="name" v="Karlskroner Straße"/>
    <tag k="psv" v="yes"/>
    <tag k="ref" v="St 2044"/>
    <tag k="source" v="HiRes aerial imagery"/>
    <tag k="source:maxspeed" v="sign"/>
    <tag k="surface" v="asphalt"/>
  </way>
  <way id="26485550">
    <nd ref="290274353"/>
    <nd ref="8270682359"/>
    <nd ref="21521288"/>
    <tag k="bdouble" v="yes"/>
    <tag k="bridge" v="yes"/>
    <tag k="highway" v="primary"/>
    <tag k="lanes" v="2"/>
    <tag k="layer" v="1"/>
    <tag k="maxspeed:backward" v="100"/>
    <tag k="motorroad" v="yes"/>
    <tag k="ref" v="B 16"/>
    <tag k="source:maxspeed" v="sign"/>
    <tag k="surface" v="asphalt"/>
  </way>
  <way id="26485551">
    <nd ref="21521288"/>
    <nd ref="21521370"/>
    <nd ref="2040773792"/>
    <nd ref="290274313"/>
    <nd ref="2040773825"/>
    <nd ref="21521422"/>
    <nd ref="1160246486"/>
    <nd ref="290274310"/>
    <nd ref="1160246432"/>
    <nd ref="21521476"/>
    <nd ref="1160246460"/>
    <nd ref="8270682366"/>
    <nd ref="290274306"/>
    <tag k="bdouble" v="yes"/>
    <tag k="highway" v="primary"/>
    <tag k="lanes" v="2"/>
    <tag k="lit" v="no"/>
    <tag k="maxspeed" v="100"/>
    <tag k="motorroad" v="yes"/>
    <tag k="ref" v="B 16"/>
    <tag k="source" v="HiRes aerial imagery"/>
    <tag k="source:maxspeed" v="sign"/>
    <tag k="surface" v="asphalt"/>
  </way>
  <way id="26590770">
    <nd ref="250921726"/>
    <nd ref="11215356435"/>
    <nd ref="290274331"/>
    <tag k="embankment" v="yes"/>
    <tag k="highway" v="tertiary"/>
    <tag k="maxspeed" v="60"/>
    <tag k="name" v="Karlskroner Straße"/>
    <tag k="psv" v="yes"/>
    <tag k="ref" v="IN 15"/>
    <tag k="source:maxspeed" v="sign"/>
    <tag k="surface" v="asphalt"/>
  </way>
  <way id="26728598">
    <nd ref="248912826"/>
    <nd ref="1417632185"/>
    <nd ref="293168689"/>
    <nd ref="293168693"/>
    <nd ref="4044275547"/>
    <nd ref="293168694"/>
    <nd ref="293168695"/>
    <nd ref="1417632083"/>
    <nd ref="1417632076"/>
    <nd ref="293168696"/>
    <nd ref="1417632064"/>
    <nd ref="1417632060"/>
    <nd ref="293168697"/>
    <nd ref="1417632045"/>
    <nd ref="1417632036"/>
    <nd ref="1417632020"/>
    <nd ref="293168698"/>
    <nd ref="1417631978"/>
    <nd ref="1417631957"/>
    <nd ref="293168699"/>
    <nd ref="1417631948"/>
    <nd ref="1417631925"/>
    <nd ref="293168700"/>
    <nd ref="293168701"/>
    <nd ref="1417631747"/>
    <nd ref="1417631726"/>
    <nd ref="251338288"/>
    <tag k="highway" v="track"/>
    <tag k="source" v="HiRes aerial imagery"/>
    <tag k="surface" v="gravel"/>
    <tag k="tracktype" v="grade3"/>
    <tag k="traffic_sign" v="DE:250;DE:1026-38"/>
    <tag k="vehicle" v="agricultural;forestry"/>
  </way>
  <way id="29202480">
    <nd ref="321214520"/>
    <nd ref="8289670577"/>
    <nd ref="321214519"/>
    <nd ref="321214518"/>
    <nd ref="4905212907"/>
    <nd ref="4905212906"/>
    <nd ref="4905212905"/>
    <nd ref="321214517"/>
    <nd ref="5161201716"/>
    <nd ref="5161201711"/>
    <nd ref="321214516"/>
    <nd ref="5161201720"/>
    <nd ref="5161201717"/>
    <nd ref="321214515"/>
    <nd ref="5161203224"/>
    <nd ref="321214502"/>
    <tag k="highway" v="unclassified"/>
    <tag k="maxspeed" v="30"/>
    <tag k="name" v="Kirchstraße"/>
    <tag k="psv" v="yes"/>
  </way>
  <way id="29202483">
    <nd ref="433046108"/>
    <nd ref="5407704442"/>
    <nd ref="2352463529"/>
    <nd ref="321214522"/>
    <nd ref="2352463517"/>
    <nd ref="321214523"/>
    <nd ref="5161201635"/>
    <nd ref="321238120"/>
    <nd ref="5161201633"/>
    <nd ref="433046109"/>
    <nd ref="321214524"/>
    <nd ref="321214525"/>
    <nd ref="5161201639"/>
    <nd ref="321214526"/>
    <nd ref="5161201641"/>
    <nd ref="5161201643"/>
    <nd ref="2352463513"/>
    <nd ref="5161201645"/>
    <nd ref="321214529"/>
    <tag k="highway" v="residential"/>
    <tag k="maxspeed" v="30"/>
    <tag k="name" v="Ahornallee"/>
  </way>
  <way id="29202486">
    <nd ref="321214541"/>
    <nd ref="1418531800"/>
    <nd ref="8289670630"/>
    <nd ref="430404184"/>
    <nd ref="8289670629"/>
    <nd ref="321214540"/>
    <nd ref="8289670631"/>
    <tag k="highway" v="unclassified"/>
    <tag k="lcn" v="yes"/>
    <tag k="name" v="Riedelstraße"/>
    <tag k="psv" v="yes"/>
  </way>
  <way id="29205020">
    <nd ref="433046112"/>
    <nd ref="433046113"/>
    <nd ref="433046109"/>
    <nd ref="433046132"/>
    <tag k="highway" v="residential"/>
    <tag k="maxspeed" v="30"/>
    <tag k="name" v="Strasser Weg"/>
    <tag k="source" v="Yahoo"/>
  </way>
  <way id="30172976">
    <nd ref="332477433"/>
    <nd ref="9054646449"/>
    <nd ref="9054646448"/>
    <nd ref="9054646451"/>
    <nd ref="332477473"/>
    <nd ref="5407704502"/>
    <nd ref="5407704500"/>
    <nd ref="5407704498"/>
    <nd ref="4728019281"/>
    <nd ref="4897074818"/>
    <nd ref="332477475"/>
    <nd ref="4728019282"/>
    <nd ref="5407704496"/>
    <nd ref="4728019276"/>
    <nd ref="4728019272"/>
    <nd ref="386627961"/>
    <nd ref="5407704531"/>
    <nd ref="332477476"/>
    <nd ref="8009393541"/>
    <nd ref="5407704528"/>
    <nd ref="8009393542"/>
    <nd ref="4728020606"/>
    <nd ref="5407704525"/>
    <nd ref="5407704520"/>
    <nd ref="5407704516"/>
    <nd ref="470851616"/>
    <nd ref="332477478"/>
    <tag k="highway" v="residential"/>
    <tag k="maxspeed" v="30"/>
    <tag k="name" v="Ringstraße"/>
  </way>
  <way id="31859589">
    <nd ref="356685068"/>
    <nd ref="356685070"/>
    <nd ref="356685072"/>
    <nd ref="3036861620"/>
    <nd ref="356685073"/>
    <nd ref="356685074"/>
    <nd ref="430418515"/>
    <nd ref="356685075"/>
    <nd ref="1815046915"/>
    <nd ref="356685076"/>
    <tag k="highway" v="track"/>
    <tag k="name" v="Brühlweg"/>
    <tag k="source" v="Yahoo"/>
    <tag k="surface" v="dirt"/>
    <tag k="tracktype" v="grade2"/>
  </way>
  <way id="31859615">
    <nd ref="430416817"/>
    <nd ref="1418531827"/>
    <nd ref="356685755"/>
    <nd ref="2040773657"/>
    <nd ref="356685757"/>
    <nd ref="2040773660"/>
    <nd ref="356685758"/>
    <nd ref="2040773679"/>
    <nd ref="2040773682"/>
    <nd ref="356685759"/>
    <nd ref="2040773684"/>
    <nd ref="3006990435"/>
    <nd ref="356685760"/>
    <nd ref="340389370"/>
    <nd ref="356685762"/>
    <tag k="highway" v="track"/>
    <tag k="source" v="HiRes aerial imagery"/>
    <tag k="surface" v="asphalt"/>
    <tag k="tracktype" v="grade1"/>
  </way>
  <way id="31859650">
    <nd ref="356686748"/>
    <nd ref="356686749"/>
    <nd ref="356686750"/>
    <tag k="highway" v="track"/>
    <tag k="surface" v="gravel"/>
  </way>
  <way id="31859860">
    <nd ref="431017470"/>
    <nd ref="1417631894"/>
    <nd ref="431017473"/>
    <nd ref="1417631860"/>
    <nd ref="356689441"/>
    <nd ref="1417631797"/>
    <nd ref="1417631780"/>
    <nd ref="356689442"/>
    <tag k="highway" v="track"/>
    <tag k="motorcar" v="designated"/>
    <tag k="motorcycle" v="no"/>
    <tag k="surface" v="gravel"/>
    <tag k="tracktype" v="grade2"/>
  </way>
  <way id="32591423">
    <nd ref="366504663"/>
    <nd ref="2040774158"/>
    <nd ref="366504668"/>
    <nd ref="366504669"/>
    <nd ref="366504670"/>
    <nd ref="2040774153"/>
    <nd ref="366504671"/>
    <nd ref="366504672"/>
    <tag k="access" v="private"/>
    <tag k="highway" v="service"/>
    <tag k="source" v="HiRes aerial imagery"/>
  </way>
  <way id="32591426">
    <nd ref="366504677"/>
    <nd ref="1418531846"/>
    <nd ref="2040773726"/>
    <nd ref="366504691"/>
    <nd ref="366504692"/>
    <nd ref="366504693"/>
    <nd ref="366504695"/>
    <nd ref="1285949864"/>
    <nd ref="2040773700"/>
    <nd ref="504685510"/>
    <nd ref="2040773703"/>
    <nd ref="2040773706"/>
    <nd ref="2040773709"/>
    <nd ref="430417157"/>
    <nd ref="2040773741"/>
    <nd ref="504685513"/>
    <tag k="highway" v="residential"/>
    <tag k="lit" v="yes"/>
    <tag k="maxspeed" v="50"/>
    <tag k="name" v="Am Gländ"/>
    <tag k="source" v="HiRes aerial imagery"/>
    <tag k="source:maxspeed" v="sign"/>
    <tag k="surface" v="asphalt"/>
  </way>
  <way id="32591475">
    <nd ref="366505327"/>
    <nd ref="9501546407"/>
    <nd ref="5161203280"/>
    <nd ref="8009393538"/>
    <nd ref="8009393539"/>
    <nd ref="366505346"/>
    <nd ref="8009393540"/>
    <nd ref="5161203276"/>
    <nd ref="366505348"/>
    <nd ref="5161203274"/>
    <nd ref="5407704449"/>
    <nd ref="4728020613"/>
    <tag k="highway" v="residential"/>
    <tag k="maxspeed" v="30"/>
    <tag k="name" v="Raiffeisenstraße"/>
  </way>
  <way id="33773637">
    <nd ref="4897076322"/>
    <nd ref="4897076323"/>
    <nd ref="4897076324"/>
    <nd ref="4897076325"/>
    <nd ref="386627940"/>
    <nd ref="386627942"/>
    <nd ref="386627943"/>
    <nd ref="386627945"/>
    <nd ref="386627947"/>
    <nd ref="12118003444"/>
    <nd ref="386627949"/>
    <nd ref="12118003445"/>
    <nd ref="12118003446"/>
    <nd ref="386627950"/>
    <nd ref="12118003447"/>
    <nd ref="386627952"/>
    <nd ref="386627953"/>
    <tag k="highway" v="track"/>
    <tag k="surface" v="gravel"/>
    <tag k="tracktype" v="grade2"/>
  </way>
  <way id="33773638">
    <nd ref="5000005414"/>
    <nd ref="5407704557"/>
    <nd ref="8009393543"/>
    <nd ref="4728019265"/>
    <nd ref="8018833590"/>
    <nd ref="4728020594"/>
    <nd ref="4728019269"/>
    <nd ref="5407704540"/>
    <nd ref="5407704545"/>
    <nd ref="5407704542"/>
    <nd ref="4728019271"/>
    <nd ref="4728020604"/>
    <nd ref="4728020603"/>
    <nd ref="4728020598"/>
    <nd ref="5407704538"/>
    <nd ref="5407704536"/>
    <nd ref="4728020600"/>
    <nd ref="386627961"/>
    <tag k="highway" v="residential"/>
    <tag k="maxspeed" v="30"/>
    <tag k="maxweight" v="6"/>
    <tag k="name" v="Fruchtheim"/>
    <tag k="surface" v="asphalt"/>
  </way>
  <way id="37008137">
    <nd ref="2980202540"/>
    <nd ref="8971980416"/>
    <nd ref="8971980417"/>
    <nd ref="8971980418"/>
    <nd ref="8971980419"/>
    <nd ref="8971980420"/>
    <nd ref="8971980415"/>
    <nd ref="8971980421"/>
    <nd ref="8971980424"/>
    <nd ref="8971980423"/>
    <nd ref="8971980422"/>
    <nd ref="8971980414"/>
    <nd ref="430404342"/>
    <nd ref="8289670627"/>
    <nd ref="8289670626"/>
    <nd ref="321214539"/>
    <tag k="highway" v="track"/>
    <tag k="tracktype" v="grade3"/>
  </way>
  <way id="37009548">
    <nd ref="356685759"/>
    <nd ref="2040773687"/>
    <nd ref="430417023"/>
    <nd ref="430417024"/>
    <nd ref="430417031"/>
    <nd ref="2040773711"/>
    <nd ref="8968419441"/>
    <nd ref="8968419442"/>
    <nd ref="2040773748"/>
    <nd ref="2040773755"/>
    <nd ref="430417035"/>
    <nd ref="430417039"/>
    <nd ref="430417046"/>
    <nd ref="430417050"/>
    <nd ref="430417053"/>
    <nd ref="430417057"/>
    <nd ref="2040773758"/>
    <nd ref="430417060"/>
    <nd ref="2040773784"/>
    <nd ref="430417064"/>
    <nd ref="430417067"/>
    <nd ref="430417071"/>
    <nd ref="430417074"/>
    <nd ref="430417076"/>
    <tag k="highway" v="track"/>
    <tag k="source" v="HiRes aerial imagery"/>
    <tag k="surface" v="ground"/>
    <tag k="tracktype" v="grade3"/>
  </way>
  <way id="37009549">
    <nd ref="430416990"/>
    <nd ref="1418531820"/>
    <nd ref="430417130"/>
    <nd ref="3006990433"/>
    <nd ref="3006990434"/>
    <nd ref="340389368"/>
    <tag k="highway" v="track"/>
    <tag k="source" v="Yahoo"/>
    <tag k="surface" v="asphalt"/>
    <tag k="tracktype" v="grade1"/>
  </way>
  <way id="37009550">
    <nd ref="430417050"/>
    <nd ref="356685760"/>
    <tag k="highway" v="track"/>
    <tag k="source" v="survey"/>
    <tag k="surface" v="ground"/>
    <tag k="tracktype" v="grade3"/>
  </way>
  <way id="37009552">
    <nd ref="430417157"/>
    <nd ref="4885984842"/>
    <nd ref="430417164"/>
    <nd ref="2040773739"/>
    <nd ref="430417169"/>
    <nd ref="2040773753"/>
    <nd ref="430417174"/>
    <nd ref="430417178"/>
    <nd ref="430417181"/>
    <nd ref="430417182"/>
    <nd ref="11934839735"/>
    <nd ref="2040773778"/>
    <nd ref="11934839736"/>
    <nd ref="2040773799"/>
    <nd ref="430417184"/>
    <nd ref="2040773861"/>
    <nd ref="2040773888"/>
    <nd ref="11934839737"/>
    <nd ref="2040773891"/>
    <nd ref="2040773898"/>
    <nd ref="2040773899"/>
    <nd ref="2040773902"/>
    <nd ref="2040773905"/>
    <nd ref="2040773907"/>
    <nd ref="2040773909"/>
    <nd ref="2040773911"/>
    <tag k="highway" v="track"/>
    <tag k="source" v="HiRes aerial imagery"/>
    <tag k="surface" v="asphalt"/>
    <tag k="tracktype" v="grade2"/>
  </way>
  <way id="37009553">
    <nd ref="291613419"/>
    <nd ref="430417187"/>
    <nd ref="430417189"/>
    <nd ref="430417191"/>
    <nd ref="430417193"/>
    <nd ref="430416975"/>
    <nd ref="430417195"/>
    <nd ref="430417198"/>
    <nd ref="430417201"/>
    <tag k="highway" v="unclassified"/>
    <tag k="lit" v="no"/>
    <tag k="maxspeed" v="100"/>
    <tag k="name" v="Hirthausweg"/>
    <tag k="source" v="Yahoo"/>
    <tag k="source:maxspeed" v="sign"/>
    <tag k="surface" v="asphalt"/>
  </way>
  <way id="37009558">
    <nd ref="291613419"/>
    <nd ref="430417208"/>
    <nd ref="430417209"/>
    <nd ref="430417211"/>
    <nd ref="430417212"/>
    <nd ref="430417214"/>
    <nd ref="8234347057"/>
    <nd ref="430417217"/>
    <nd ref="8234347058"/>
    <nd ref="430417219"/>
    <nd ref="8270618908"/>
    <nd ref="8270618889"/>
    <nd ref="8270618903"/>
    <nd ref="430417221"/>
    <tag k="highway" v="unclassified"/>
    <tag k="maxspeed" v="100"/>
    <tag k="name" v="Dreiweiherweg"/>
    <tag k="source" v="Yahoo"/>
    <tag k="source:maxspeed" v="sign"/>
    <tag k="surface" v="asphalt"/>
  </way>
  <way id="37009561">
    <nd ref="4878651524"/>
    <nd ref="249794180"/>
    <nd ref="1815046938"/>
    <nd ref="1815046950"/>
    <nd ref="308906717"/>
    <nd ref="249794181"/>
    <nd ref="1815046970"/>
    <nd ref="430417254"/>
    <nd ref="1815046989"/>
    <nd ref="8764865976"/>
    <nd ref="1815046995"/>
    <nd ref="249794182"/>
    <tag k="highway" v="residential"/>
    <tag k="name" v="Glöckelweg"/>
    <tag k="psv" v="yes"/>
    <tag k="source" v="HiRes aerial imagery"/>
  </way>
  <way id="37009847">
    <nd ref="430418515"/>
    <nd ref="430418516"/>
    <nd ref="1815046964"/>
    <nd ref="308906747"/>
    <tag k="highway" v="track"/>
    <tag k="source" v="HiRes aerial imagery"/>
    <tag k="tracktype" v="grade2"/>
  </way>
  <way id="37009848">
    <nd ref="430418517"/>
    <nd ref="4884043381"/>
    <nd ref="430418518"/>
    <nd ref="430418519"/>
    <nd ref="1815046911"/>
    <nd ref="1815046913"/>
    <nd ref="430418520"/>
    <nd ref="430418521"/>
    <nd ref="11213740568"/>
    <nd ref="308906716"/>
    <tag k="highway" v="track"/>
    <tag k="source" v="HiRes aerial imagery"/>
    <tag k="surface" v="asphalt"/>
    <tag k="tracktype" v="grade1"/>
  </way>
  <way id="37009849">
    <nd ref="430417201"/>
    <nd ref="430418522"/>
    <nd ref="430418523"/>
    <nd ref="430418524"/>
    <nd ref="430418525"/>
    <nd ref="430418527"/>
    <tag k="highway" v="track"/>
    <tag k="source" v="Yahoo"/>
    <tag k="surface" v="gravel"/>
    <tag k="tracktype" v="grade3"/>
  </way>
  <way id="37009850">
    <nd ref="430417201"/>
    <nd ref="430418528"/>
    <nd ref="430418529"/>
    <nd ref="8969048128"/>
    <nd ref="430417211"/>
    <tag k="highway" v="track"/>
    <tag k="source" v="Yahoo"/>
    <tag k="surface" v="gravel"/>
    <tag k="tracktype" v="grade3"/>
  </way>
  <way id="37010038">
    <nd ref="430417212"/>
    <nd ref="430418525"/>
    <tag k="highway" v="track"/>
    <tag k="source" v="Yahoo"/>
    <tag k="surface" v="gravel"/>
    <tag k="tracktype" v="grade3"/>
  </way>
  <way id="37010039">
    <nd ref="430418527"/>
    <nd ref="430417214"/>
    <tag k="highway" v="track"/>
    <tag k="source" v="Yahoo"/>
    <tag k="surface" v="gravel"/>
    <tag k="tracktype" v="grade3"/>
  </way>
  <way id="37010040">
    <nd ref="430420250"/>
    <nd ref="8234347064"/>
    <nd ref="430420251"/>
    <nd ref="8234347063"/>
    <nd ref="8234347062"/>
    <nd ref="8234347060"/>
    <nd ref="8234347059"/>
    <tag k="highway" v="track"/>
    <tag k="source" v="Yahoo"/>
  </way>
  <way id="37010041">
    <nd ref="248755270"/>
    <nd ref="431017963"/>
    <nd ref="8972507304"/>
    <nd ref="8972507303"/>
    <nd ref="8972507305"/>
    <nd ref="8972507306"/>
    <nd ref="8972507307"/>
    <nd ref="8972507302"/>
    <nd ref="430420256"/>
    <nd ref="430420258"/>
    <nd ref="1815047012"/>
    <nd ref="430420259"/>
    <nd ref="1815047010"/>
    <nd ref="430420260"/>
    <nd ref="430420261"/>
    <tag k="highway" v="track"/>
    <tag k="source" v="Yahoo"/>
  </way>
  <way id="37048529">
    <nd ref="2980202581"/>
    <nd ref="2980202579"/>
    <tag k="highway" v="track"/>
    <tag k="tracktype" v="grade3"/>
  </way>
  <way id="37048546">
    <nd ref="430876814"/>
    <nd ref="430877476"/>
    <nd ref="430877478"/>
    <nd ref="430877479"/>
    <nd ref="430877481"/>
    <nd ref="430877483"/>
    <nd ref="430877485"/>
    <nd ref="430877487"/>
    <tag k="highway" v="track"/>
    <tag k="source" v="Yahoo"/>
    <tag k="tracktype" v="grade2"/>
  </way>
  <way id="37048547">
    <nd ref="430877489"/>
    <nd ref="430877490"/>
    <nd ref="430877491"/>
    <nd ref="430877492"/>
    <nd ref="430877493"/>
    <nd ref="430877494"/>
    <nd ref="6593877150"/>
    <nd ref="430876813"/>
    <tag k="highway" v="track"/>
    <tag k="source" v="Yahoo"/>
    <tag k="tracktype" v="grade2"/>
  </way>
  <way id="37048549">
    <nd ref="430877504"/>
    <nd ref="430877490"/>
    <tag k="highway" v="track"/>
    <tag k="source" v="Yahoo"/>
    <tag k="tracktype" v="grade2"/>
  </way>
  <way id="37048897">
    <nd ref="430879998"/>
    <nd ref="430877476"/>
    <tag k="highway" v="track"/>
    <tag k="source" v="Yahoo"/>
    <tag k="tracktype" v="grade2"/>
  </way>
  <way id="37048898">
    <nd ref="430879999"/>
    <nd ref="2483799057"/>
    <nd ref="430880000"/>
    <nd ref="430879993"/>
    <tag k="highway" v="track"/>
    <tag k="source" v="Yahoo"/>
    <tag k="tracktype" v="grade2"/>
  </way>
  <way id="37060656">
    <nd ref="249794179"/>
    <nd ref="431016125"/>
    <nd ref="431017889"/>
    <nd ref="431016127"/>
    <nd ref="431016128"/>
    <nd ref="3623584637"/>
    <nd ref="431016130"/>
    <nd ref="2483799065"/>
    <nd ref="431015922"/>
    <tag k="highway" v="unclassified"/>
    <tag k="lcn" v="yes"/>
    <tag k="source" v="Yahoo"/>
  </way>
  <way id="37060660">
    <nd ref="431016149"/>
    <nd ref="431016150"/>
    <nd ref="431016151"/>
    <nd ref="431016152"/>
    <nd ref="431016154"/>
    <nd ref="431016128"/>
    <tag k="highway" v="track"/>
    <tag k="source" v="Yahoo"/>
    <tag k="tracktype" v="grade3"/>
  </way>
  <way id="37060793">
    <nd ref="431017912"/>
    <nd ref="431017918"/>
    <nd ref="431017889"/>
    <tag k="highway" v="track"/>
    <tag k="source" v="Yahoo"/>
    <tag k="tracktype" v="grade3"/>
  </way>
  <way id="37060794">
    <nd ref="1815046938"/>
    <nd ref="1815046937"/>
    <nd ref="1815046936"/>
    <nd ref="1815046935"/>
    <nd ref="2261730198"/>
    <nd ref="1815046928"/>
    <nd ref="1815046931"/>
    <nd ref="2261730189"/>
    <nd ref="431017924"/>
    <nd ref="431017927"/>
    <nd ref="1815046925"/>
    <nd ref="431017928"/>
    <nd ref="356685075"/>
    <tag k="highway" v="track"/>
    <tag k="source" v="HiRes aerial imagery"/>
    <tag k="tracktype" v="grade2"/>
  </way>
  <way id="37060795">
    <nd ref="1815046967"/>
    <nd ref="1815046969"/>
    <nd ref="1815046968"/>
    <nd ref="431017929"/>
    <nd ref="431017931"/>
    <nd ref="431017938"/>
    <nd ref="431017940"/>
    <nd ref="431017943"/>
    <nd ref="1815046948"/>
    <nd ref="431017393"/>
    <tag k="highway" v="track"/>
    <tag k="source" v="HiRes aerial imagery"/>
    <tag k="tracktype" v="grade2"/>
  </way>
  <way id="37060796">
    <nd ref="431017951"/>
    <nd ref="431017952"/>
    <nd ref="1815046933"/>
    <nd ref="431017953"/>
    <nd ref="431017399"/>
    <tag k="highway" v="track"/>
    <tag k="source" v="Yahoo"/>
    <tag k="tracktype" v="grade2"/>
  </way>
  <way id="37060797">
    <nd ref="431017963"/>
    <nd ref="8972507363"/>
    <nd ref="431016061"/>
    <tag k="highway" v="track"/>
    <tag k="source" v="Yahoo"/>
    <tag k="tracktype" v="grade3"/>
  </way>
  <way id="37201761">
    <nd ref="2352463527"/>
    <nd ref="2352463525"/>
    <nd ref="2352463523"/>
    <nd ref="2352463519"/>
    <nd ref="433046128"/>
    <nd ref="433046129"/>
    <nd ref="433046130"/>
    <nd ref="433046131"/>
    <nd ref="433046132"/>
    <nd ref="433046133"/>
    <nd ref="433046134"/>
    <nd ref="433046135"/>
    <nd ref="433046136"/>
    <tag k="highway" v="track"/>
    <tag k="source" v="Yahoo"/>
    <tag k="surface" v="gravel"/>
    <tag k="tracktype" v="grade2"/>
  </way>
  <way id="37201762">
    <nd ref="433046129"/>
    <nd ref="2352463521"/>
    <nd ref="321214522"/>
    <tag k="highway" v="track"/>
    <tag k="source" v="Yahoo"/>
    <tag k="surface" v="gravel"/>
    <tag k="tracktype" v="grade2"/>
  </way>
  <way id="37201766">
    <nd ref="433046108"/>
    <nd ref="433046137"/>
    <nd ref="433046138"/>
    <nd ref="433046112"/>
    <tag k="highway" v="residential"/>
    <tag k="maxspeed" v="30"/>
    <tag k="name" v="Strasser Weg"/>
    <tag k="source" v="Yahoo"/>
  </way>
  <way id="37202218">
    <nd ref="3564506848"/>
    <nd ref="2483799069"/>
    <nd ref="3564506850"/>
    <nd ref="3565484195"/>
    <nd ref="3564506852"/>
    <nd ref="3564506855"/>
    <nd ref="3564506856"/>
    <nd ref="3564506859"/>
    <nd ref="3564506860"/>
    <nd ref="3564506858"/>
    <nd ref="3564506853"/>
    <nd ref="3564506851"/>
    <nd ref="3564506849"/>
    <nd ref="3564506854"/>
    <nd ref="3564506857"/>
    <tag k="highway" v="track"/>
    <tag k="source" v="survey"/>
    <tag k="surface" v="ground"/>
    <tag k="tracktype" v="grade4"/>
  </way>
  <way id="37202220">
    <nd ref="433065474"/>
    <nd ref="433065475"/>
    <nd ref="433065477"/>
    <nd ref="433065471"/>
    <nd ref="331276473"/>
    <tag k="highway" v="track"/>
    <tag k="source" v="Yahoo"/>
    <tag k="surface" v="asphalt"/>
    <tag k="tracktype" v="grade1"/>
  </way>
  <way id="37202221">
    <nd ref="4310364257"/>
    <nd ref="3567167522"/>
    <nd ref="3567167523"/>
    <tag k="highway" v="track"/>
    <tag k="source" v="survey"/>
    <tag k="surface" v="grass"/>
    <tag k="tracktype" v="grade5"/>
  </way>
  <way id="39293784">
    <nd ref="9501546338"/>
    <nd ref="366509522"/>
    <nd ref="9501546326"/>
    <nd ref="9501546327"/>
    <nd ref="9501546328"/>
    <nd ref="9501546325"/>
    <nd ref="9501546324"/>
    <nd ref="9501546323"/>
    <nd ref="373454872"/>
    <tag k="fixme" v="resurvey"/>
    <tag k="highway" v="track"/>
    <tag k="motorcar" v="agricultural"/>
    <tag k="motorcycle" v="no"/>
    <tag k="surface" v="paved"/>
    <tag k="tracktype" v="grade1"/>
    <tag k="width" v="4"/>
  </way>
  <way id="40243963">
    <nd ref="430877382"/>
    <nd ref="8289670476"/>
    <nd ref="8289670475"/>
    <nd ref="430877383"/>
    <nd ref="430877384"/>
    <nd ref="9526287487"/>
    <nd ref="9526287485"/>
    <nd ref="9526287483"/>
    <nd ref="430877385"/>
    <nd ref="430877386"/>
    <nd ref="9526287489"/>
    <nd ref="9526287491"/>
    <nd ref="9526287492"/>
    <nd ref="430877387"/>
    <nd ref="430877388"/>
    <nd ref="430877389"/>
    <nd ref="430877390"/>
    <nd ref="1357603572"/>
    <nd ref="1357603594"/>
    <nd ref="430877391"/>
    <nd ref="430876806"/>
    <tag k="bicycle" v="designated"/>
    <tag k="foot" v="designated"/>
    <tag k="highway" v="path"/>
    <tag k="segregated" v="no"/>
    <tag k="surface" v="asphalt"/>
    <tag k="traffic_sign" v="DE:240;DE:1026-36"/>
    <tag k="vehicle" v="agricultural"/>
  </way>
  <way id="40243968">
    <nd ref="1357118154"/>
    <nd ref="11215344888"/>
    <nd ref="2483789017"/>
    <nd ref="1357118162"/>
    <nd ref="1356743895"/>
    <nd ref="485247561"/>
    <nd ref="8289670480"/>
    <nd ref="8289670479"/>
    <nd ref="430876917"/>
    <nd ref="8289670478"/>
    <nd ref="220594759"/>
    <tag k="highway" v="unclassified"/>
    <tag k="maxspeed" v="100"/>
  </way>
  <way id="41267400">
    <nd ref="430420261"/>
    <nd ref="430420262"/>
    <nd ref="249794182"/>
    <tag k="highway" v="residential"/>
    <tag k="name" v="Hopfengartenweg"/>
    <tag k="source" v="HiRes aerial imagery"/>
  </way>
  <way id="41279225">
    <nd ref="366504695"/>
    <nd ref="430416956"/>
    <nd ref="430416969"/>
    <nd ref="2040773695"/>
    <nd ref="430416972"/>
    <nd ref="430416975"/>
    <tag k="highway" v="unclassified"/>
    <tag k="maxspeed" v="100"/>
    <tag k="name" v="Hirthausweg"/>
    <tag k="source" v="HiRes aerial imagery"/>
    <tag k="source:maxspeed" v="sign"/>
    <tag k="surface" v="asphalt"/>
  </way>
  <way id="41279226">
    <nd ref="504685510"/>
    <nd ref="504685512"/>
    <tag k="highway" v="residential"/>
    <tag k="lit" v="yes"/>
    <tag k="maxspeed" v="50"/>
    <tag k="name" v="Am Gländ"/>
    <tag k="source" v="HiRes aerial imagery"/>
    <tag k="source:maxspeed" v="sign"/>
    <tag k="surface" v="asphalt"/>
  </way>
  <way id="41435468">
    <nd ref="431017470"/>
    <nd ref="1417631877"/>
    <nd ref="1417631817"/>
    <nd ref="1417631788"/>
    <nd ref="1417631774"/>
    <nd ref="1417631746"/>
    <nd ref="1417631730"/>
    <nd ref="1417631700"/>
    <nd ref="1417631695"/>
    <nd ref="1417631691"/>
    <nd ref="506802485"/>
    <nd ref="1417631687"/>
    <nd ref="1417631684"/>
    <nd ref="1417631683"/>
    <nd ref="1417631686"/>
    <nd ref="506802484"/>
    <nd ref="1417631685"/>
    <nd ref="1417631682"/>
    <nd ref="1417631679"/>
    <nd ref="1417631676"/>
    <nd ref="1417631671"/>
    <nd ref="506802483"/>
    <nd ref="1417631666"/>
    <nd ref="1417631664"/>
    <nd ref="1417631662"/>
    <nd ref="1417631660"/>
    <nd ref="1417631658"/>
    <nd ref="1417631657"/>
    <nd ref="506802480"/>
    <nd ref="1417631652"/>
    <nd ref="1417631651"/>
    <nd ref="506802479"/>
    <tag k="highway" v="track"/>
    <tag k="source" v="HiRes aerial imagery"/>
    <tag k="surface" v="gravel"/>
    <tag k="tracktype" v="grade2"/>
  </way>
  <way id="42508861">
    <nd ref="248135158"/>
    <nd ref="1357603584"/>
    <nd ref="1815046974"/>
    <nd ref="1357603625"/>
    <nd ref="308906748"/>
    <nd ref="8764865973"/>
    <nd ref="1357603650"/>
    <nd ref="1815046997"/>
    <nd ref="249794182"/>
    <tag k="highway" v="residential"/>
    <tag k="maxspeed" v="30"/>
    <tag k="name" v="Lichtenauer Straße"/>
    <tag k="source" v="HiRes aerial imagery"/>
  </way>
  <way id="42508862">
    <nd ref="1815046999"/>
    <nd ref="1357603534"/>
    <tag k="highway" v="unclassified"/>
    <tag k="name" v="Windener Straße"/>
    <tag k="psv" v="yes"/>
    <tag k="source" v="HiRes aerial imagery"/>
  </way>
  <way id="48398020">
    <nd ref="2344647224"/>
    <nd ref="5161203253"/>
    <nd ref="4948981262"/>
    <nd ref="5161203254"/>
    <nd ref="4948981259"/>
    <nd ref="5161203251"/>
    <nd ref="5161203256"/>
    <nd ref="4728020683"/>
    <nd ref="5161203261"/>
    <tag k="highway" v="secondary"/>
    <tag k="maxspeed" v="50"/>
    <tag k="maxspeed:conditional" v="30 @ (Mo-Fr 07:00-17:00)"/>
    <tag k="name" v="Hauptstraße"/>
    <tag k="psv" v="yes"/>
    <tag k="ref" v="St 2049"/>
    <tag k="surface" v="asphalt"/>
  </way>
  <way id="50192180">
    <nd ref="251341756"/>
    <nd ref="2040774177"/>
    <nd ref="366504653"/>
    <nd ref="2040774169"/>
    <nd ref="251341757"/>
    <tag k="highway" v="track"/>
    <tag k="source" v="survey"/>
    <tag k="surface" v="gravel"/>
    <tag k="tracktype" v="grade4"/>
  </way>
  <way id="60757892">
    <nd ref="760503640"/>
    <nd ref="359517660"/>
    <nd ref="359517665"/>
    <nd ref="359517667"/>
    <nd ref="7772453140"/>
    <nd ref="359517669"/>
    <nd ref="760503659"/>
    <nd ref="760503663"/>
    <tag k="highway" v="track"/>
    <tag k="surface" v="gravel"/>
  </way>
  <way id="60772820">
    <nd ref="251346382"/>
    <nd ref="760635807"/>
    <nd ref="5884679469"/>
    <nd ref="5884682912"/>
    <nd ref="1417631649"/>
    <nd ref="1417631650"/>
    <nd ref="506802479"/>
    <nd ref="1417631654"/>
    <nd ref="1417631672"/>
    <nd ref="356689563"/>
    <nd ref="1417631705"/>
    <nd ref="1417631719"/>
    <nd ref="356689442"/>
    <tag k="highway" v="track"/>
    <tag k="lit" v="no"/>
    <tag k="source" v="HiRes aerial imagery"/>
    <tag k="surface" v="gravel"/>
    <tag k="tracktype" v="grade2"/>
  </way>
  <way id="106619031">
    <nd ref="1234625302"/>
    <nd ref="9119245940"/>
    <tag k="bdouble" v="yes"/>
    <tag k="highway" v="primary"/>
    <tag k="lanes" v="2"/>
    <tag k="maxspeed" v="80"/>
    <tag k="maxspeed:backward" v="80"/>
    <tag k="motorroad" v="yes"/>
    <tag k="ref" v="B 16"/>
    <tag k="surface" v="asphalt"/>
  </way>
  <way id="107418676">
    <nd ref="1234612310"/>
    <nd ref="290274353"/>
    <tag k="bdouble" v="yes"/>
    <tag k="highway" v="primary"/>
    <tag k="lanes" v="2"/>
    <tag k="maxspeed" v="100"/>
    <tag k="motorroad" v="yes"/>
    <tag k="ref" v="B 16"/>
    <tag k="source:maxspeed" v="sign"/>
    <tag k="surface" v="asphalt"/>
  </way>
  <way id="107418677">
    <nd ref="1234612305"/>
    <nd ref="1234625309"/>
    <tag k="bdouble" v="yes"/>
    <tag k="highway" v="primary"/>
    <tag k="lanes" v="2"/>
    <tag k="maxspeed" v="100"/>
    <tag k="motorroad" v="yes"/>
    <tag k="ref" v="B 16"/>
    <tag k="source:maxspeed" v="sign"/>
    <tag k="surface" v="asphalt"/>
  </way>
  <way id="107420255">
    <nd ref="1234625309"/>
    <nd ref="9119245939"/>
    <tag k="bdouble" v="yes"/>
    <tag k="highway" v="primary"/>
    <tag k="lanes" v="2"/>
    <tag k="maxspeed" v="80"/>
    <tag k="motorroad" v="yes"/>
    <tag k="ref" v="B 16"/>
    <tag k="surface" v="asphalt"/>
  </way>
  <way id="116505936">
    <nd ref="506802516"/>
    <nd ref="251338028"/>
    <nd ref="251338029"/>
    <nd ref="251338031"/>
    <nd ref="1417632197"/>
    <nd ref="251338032"/>
    <nd ref="1417632187"/>
    <nd ref="1417632168"/>
    <nd ref="1417632144"/>
    <nd ref="251338033"/>
    <nd ref="1417632113"/>
    <nd ref="1417632098"/>
    <nd ref="251338034"/>
    <nd ref="1417632057"/>
    <nd ref="1417632046"/>
    <nd ref="1417632031"/>
    <nd ref="1417631993"/>
    <nd ref="251338035"/>
    <nd ref="1417631940"/>
    <nd ref="1417631910"/>
    <nd ref="251338036"/>
    <nd ref="251338037"/>
    <nd ref="251338038"/>
    <nd ref="1417631811"/>
    <nd ref="1417631813"/>
    <nd ref="1417631820"/>
    <nd ref="1417631844"/>
    <nd ref="1417631846"/>
    <nd ref="251338039"/>
    <nd ref="1417631828"/>
    <nd ref="1417631825"/>
    <nd ref="1417631823"/>
    <nd ref="251338040"/>
    <tag k="highway" v="track"/>
    <tag k="source" v="HiRes aerial imagery"/>
    <tag k="surface" v="gravel"/>
    <tag k="tracktype" v="grade3"/>
  </way>
  <way id="121123154">
    <nd ref="2483783899"/>
    <nd ref="2483783901"/>
    <nd ref="10910830318"/>
    <nd ref="430876994"/>
    <nd ref="2483783903"/>
    <nd ref="5409275467"/>
    <nd ref="5409275471"/>
    <nd ref="2483783905"/>
    <nd ref="5409275494"/>
    <nd ref="5409275491"/>
    <nd ref="5409275505"/>
    <nd ref="5409275516"/>
    <nd ref="2483783906"/>
    <nd ref="8229774000"/>
    <nd ref="5409275728"/>
    <nd ref="2483783907"/>
    <nd ref="5409275752"/>
    <nd ref="5409275755"/>
    <nd ref="5409275758"/>
    <nd ref="5409275761"/>
    <nd ref="2483783908"/>
    <nd ref="5409275782"/>
    <nd ref="5409275785"/>
    <nd ref="5409275790"/>
    <nd ref="5409275793"/>
    <nd ref="5409275798"/>
    <nd ref="5409275803"/>
    <nd ref="5409275806"/>
    <nd ref="2483783909"/>
    <nd ref="5409275822"/>
    <nd ref="1356743739"/>
    <nd ref="5409275836"/>
    <nd ref="1356743599"/>
    <nd ref="5409275839"/>
    <nd ref="5409275845"/>
    <nd ref="5409275842"/>
    <nd ref="1356743180"/>
    <nd ref="5409275854"/>
    <nd ref="5409275864"/>
    <nd ref="5409275857"/>
    <nd ref="1356743767"/>
    <nd ref="1356743646"/>
    <nd ref="5409275877"/>
    <nd ref="9526294204"/>
    <nd ref="5409275880"/>
    <nd ref="5409275893"/>
    <nd ref="5409275890"/>
    <nd ref="5409275886"/>
    <nd ref="1356743339"/>
    <nd ref="2483789016"/>
    <nd ref="9526287477"/>
    <nd ref="9526287481"/>
    <nd ref="9526287479"/>
    <nd ref="1356743475"/>
    <nd ref="2483789018"/>
    <nd ref="1356743467"/>
    <nd ref="1356743792"/>
    <nd ref="430877382"/>
    <tag k="bicycle" v="designated"/>
    <tag k="foot" v="designated"/>
    <tag k="highway" v="path"/>
    <tag k="segregated" v="no"/>
    <tag k="surface" v="asphalt"/>
    <tag k="traffic_sign" v="DE:240"/>
  </way>
  <way id="121173744">
    <nd ref="9526287502"/>
    <nd ref="430877396"/>
    <nd ref="430876818"/>
    <tag k="highway" v="track"/>
    <tag k="source" v="Yahoo"/>
  </way>
  <way id="121173745">
    <nd ref="430876917"/>
    <nd ref="430877382"/>
    <tag k="bicycle" v="designated"/>
    <tag k="foot" v="designated"/>
    <tag k="highway" v="path"/>
    <tag k="lcn" v="yes"/>
    <tag k="segregated" v="no"/>
    <tag k="source" v="Yahoo"/>
    <tag k="surface" v="asphalt"/>
    <tag k="traffic_sign" v="DE:240;DE:1026-36"/>
    <tag k="vehicle" v="agricultural"/>
  </way>
  <way id="121221526">
    <nd ref="249794274"/>
    <nd ref="8286408560"/>
    <nd ref="1357603605"/>
    <nd ref="279127571"/>
    <nd ref="3567167530"/>
    <nd ref="248141331"/>
    <nd ref="1357603666"/>
    <nd ref="3567167531"/>
    <nd ref="1357603551"/>
    <nd ref="1357603583"/>
    <nd ref="1357603623"/>
    <nd ref="248141332"/>
    <nd ref="1357603628"/>
    <nd ref="1357603573"/>
    <nd ref="1357603603"/>
    <nd ref="248141333"/>
    <nd ref="1357603606"/>
    <tag k="highway" v="unclassified"/>
    <tag k="surface" v="asphalt"/>
  </way>
  <way id="121221532">
    <nd ref="1357603606"/>
    <nd ref="1357603576"/>
    <nd ref="248754115"/>
    <nd ref="1357603568"/>
    <nd ref="431016059"/>
    <tag k="highway" v="unclassified"/>
    <tag k="maxweight" v="4"/>
    <tag k="surface" v="asphalt"/>
  </way>
  <way id="121221539">
    <nd ref="1357603588"/>
    <nd ref="3567167532"/>
    <nd ref="249794274"/>
    <nd ref="340391736"/>
    <nd ref="8286408559"/>
    <nd ref="276575318"/>
    <nd ref="1357603652"/>
    <nd ref="431017362"/>
    <nd ref="249794349"/>
    <nd ref="8286408558"/>
    <nd ref="1357603539"/>
    <nd ref="340391784"/>
    <nd ref="340391785"/>
    <nd ref="340391786"/>
    <nd ref="340391787"/>
    <nd ref="431017364"/>
    <nd ref="8286408555"/>
    <nd ref="249794350"/>
    <nd ref="8286408554"/>
    <nd ref="276575319"/>
    <nd ref="1602101770"/>
    <tag k="highway" v="unclassified"/>
    <tag k="maxspeed" v="60"/>
    <tag k="name" v="Hagauer Straße"/>
    <tag k="psv" v="yes"/>
    <tag k="surface" v="asphalt"/>
  </way>
  <way id="121221540">
    <nd ref="1357603534"/>
    <nd ref="1357603601"/>
    <nd ref="430417245"/>
    <nd ref="248135160"/>
    <tag k="highway" v="unclassified"/>
    <tag k="maxspeed" v="60"/>
    <tag k="name" v="Windener Straße"/>
    <tag k="psv" v="yes"/>
    <tag k="surface" v="asphalt"/>
  </way>
  <way id="121221541">
    <nd ref="431016059"/>
    <nd ref="1357603535"/>
    <nd ref="431016061"/>
    <nd ref="1357603648"/>
    <nd ref="1357603611"/>
    <nd ref="8972507308"/>
    <nd ref="430418503"/>
    <nd ref="1357603553"/>
    <nd ref="8972507309"/>
    <nd ref="1815046973"/>
    <nd ref="248141335"/>
    <nd ref="1357603667"/>
    <nd ref="1357603636"/>
    <nd ref="308906747"/>
    <nd ref="1815046971"/>
    <nd ref="8972507314"/>
    <nd ref="248135158"/>
    <tag k="highway" v="unclassified"/>
    <tag k="source" v="HiRes aerial imagery"/>
    <tag k="surface" v="asphalt"/>
  </way>
  <way id="121221552">
    <nd ref="1357603593"/>
    <nd ref="7538850317"/>
    <nd ref="1357603644"/>
    <nd ref="251344031"/>
    <nd ref="7625067641"/>
    <nd ref="251345118"/>
    <nd ref="1357603665"/>
    <nd ref="248912636"/>
    <nd ref="8270618911"/>
    <nd ref="1516301935"/>
    <nd ref="3881975806"/>
    <nd ref="251346590"/>
    <nd ref="8672702215"/>
    <nd ref="7625067639"/>
    <nd ref="248135164"/>
    <tag k="highway" v="unclassified"/>
    <tag k="lanes" v="2"/>
    <tag k="maxspeed" v="50"/>
    <tag k="name" v="Windener Straße"/>
    <tag k="psv" v="yes"/>
  </way>
  <way id="128239663">
    <nd ref="1417631722"/>
    <nd ref="1417631717"/>
    <nd ref="1417631715"/>
    <nd ref="1417631707"/>
    <nd ref="1417631699"/>
    <nd ref="1417631696"/>
    <nd ref="1417631694"/>
    <nd ref="1417631693"/>
    <nd ref="1417631692"/>
    <nd ref="1417631695"/>
    <tag k="highway" v="track"/>
    <tag k="source" v="HiRes aerial imagery"/>
    <tag k="surface" v="gravel"/>
    <tag k="tracktype" v="grade3"/>
  </way>
  <way id="128239672">
    <nd ref="251338036"/>
    <nd ref="1417631874"/>
    <nd ref="1417631834"/>
    <nd ref="1417644392"/>
    <nd ref="1417631806"/>
    <nd ref="1417631796"/>
    <nd ref="1417631787"/>
    <nd ref="1417631775"/>
    <nd ref="1417631748"/>
    <nd ref="1417631732"/>
    <nd ref="1417631725"/>
    <nd ref="1417631714"/>
    <nd ref="1417631697"/>
    <nd ref="1417631678"/>
    <nd ref="760635807"/>
    <tag k="check_date:surface" v="2023-09-01"/>
    <tag k="highway" v="track"/>
    <tag k="lit" v="no"/>
    <tag k="source" v="HiRes aerial imagery"/>
    <tag k="surface" v="gravel"/>
    <tag k="tracktype" v="grade3"/>
  </way>
  <way id="128239673">
    <nd ref="1417632198"/>
    <nd ref="1417632177"/>
    <nd ref="1417632174"/>
    <nd ref="1417632164"/>
    <nd ref="1417632139"/>
    <nd ref="1417632100"/>
    <nd ref="1417631999"/>
    <nd ref="1417631879"/>
    <nd ref="1417631847"/>
    <nd ref="1417631807"/>
    <nd ref="1417631789"/>
    <nd ref="1417631767"/>
    <nd ref="1417631734"/>
    <nd ref="1417631724"/>
    <tag k="highway" v="track"/>
    <tag k="lit" v="no"/>
    <tag k="source" v="HiRes aerial imagery"/>
    <tag k="surface" v="compacted"/>
    <tag k="tracktype" v="grade3"/>
  </way>
  <way id="128239676">
    <nd ref="251338040"/>
    <nd ref="1417631816"/>
    <nd ref="1417631821"/>
    <nd ref="1417631838"/>
    <nd ref="1417631861"/>
    <nd ref="1417631866"/>
    <nd ref="251339495"/>
    <nd ref="1417631895"/>
    <nd ref="1417631912"/>
    <nd ref="293191046"/>
    <nd ref="1417631927"/>
    <nd ref="1417631938"/>
    <nd ref="1417631941"/>
    <nd ref="1417631955"/>
    <nd ref="293191047"/>
    <nd ref="251343586"/>
    <nd ref="293191048"/>
    <nd ref="293168698"/>
    <tag k="highway" v="track"/>
    <tag k="source" v="HiRes aerial imagery"/>
    <tag k="surface" v="gravel"/>
    <tag k="tracktype" v="grade4"/>
  </way>
  <way id="128239685">
    <nd ref="1417631724"/>
    <nd ref="1417631722"/>
    <tag k="bridge" v="yes"/>
    <tag k="highway" v="track"/>
    <tag k="layer" v="1"/>
    <tag k="lit" v="no"/>
    <tag k="source" v="HiRes aerial imagery"/>
    <tag k="surface" v="asphalt"/>
    <tag k="tracktype" v="grade1"/>
  </way>
  <way id="128241146">
    <nd ref="1417644391"/>
    <nd ref="1417644392"/>
    <tag k="highway" v="track"/>
    <tag k="source" v="HiRes aerial imagery"/>
    <tag k="surface" v="grass"/>
    <tag k="tracktype" v="grade4"/>
  </way>
  <way id="128241148">
    <nd ref="356689442"/>
    <nd ref="356689443"/>
    <nd ref="1417632010"/>
    <nd ref="5115688027"/>
    <nd ref="5115688026"/>
    <nd ref="5115688025"/>
    <nd ref="5115688024"/>
    <nd ref="5115688023"/>
    <nd ref="3779184485"/>
    <tag k="agricultural" v="yes"/>
    <tag k="highway" v="track"/>
    <tag k="source" v="HiRes aerial imagery"/>
    <tag k="surface" v="asphalt"/>
    <tag k="tracktype" v="grade1"/>
    <tag k="traffic_sign" v="DE:250;DE:1026-35;DE:1026-36"/>
    <tag k="vehicle" v="delivery"/>
  </way>
  <way id="128331066">
    <nd ref="1418531842"/>
    <nd ref="2040773692"/>
    <nd ref="1418531839"/>
    <nd ref="2040773676"/>
    <nd ref="2040773671"/>
    <nd ref="2040773665"/>
    <nd ref="1418531836"/>
    <nd ref="2040773655"/>
    <nd ref="8968419599"/>
    <nd ref="1418531827"/>
    <nd ref="1418531826"/>
    <nd ref="1418531824"/>
    <nd ref="1418531820"/>
    <nd ref="1418531819"/>
    <nd ref="8968419533"/>
    <nd ref="8968419532"/>
    <nd ref="8968419531"/>
    <nd ref="8968419530"/>
    <nd ref="8968419534"/>
    <nd ref="8289670642"/>
    <nd ref="8289670636"/>
    <nd ref="8289670637"/>
    <nd ref="8289670641"/>
    <nd ref="3621497327"/>
    <tag k="bicycle" v="designated"/>
    <tag k="foot" v="designated"/>
    <tag k="highway" v="path"/>
    <tag k="lit" v="no"/>
    <tag k="segregated" v="no"/>
    <tag k="surface" v="asphalt"/>
  </way>
  <way id="128331067">
    <nd ref="1418531811"/>
    <nd ref="8289670632"/>
    <tag k="bicycle" v="designated"/>
    <tag k="bridge" v="yes"/>
    <tag k="foot" v="designated"/>
    <tag k="highway" v="path"/>
    <tag k="layer" v="1"/>
    <tag k="lcn" v="yes"/>
    <tag k="segregated" v="no"/>
  </way>
  <way id="128331068">
    <nd ref="2040773918"/>
    <nd ref="11379955090"/>
    <nd ref="2040773896"/>
    <tag k="bicycle" v="designated"/>
    <tag k="bridge" v="yes"/>
    <tag k="foot" v="designated"/>
    <tag k="highway" v="path"/>
    <tag k="layer" v="1"/>
    <tag k="lit" v="no"/>
    <tag k="segregated" v="no"/>
    <tag k="source" v="HiRes aerial imagery"/>
  </way>
  <way id="128331069">
    <nd ref="1418531845"/>
    <nd ref="1418531842"/>
    <tag k="bicycle" v="designated"/>
    <tag k="bridge" v="yes"/>
    <tag k="foot" v="designated"/>
    <tag k="highway" v="path"/>
    <tag k="layer" v="1"/>
    <tag k="lit" v="yes"/>
    <tag k="segregated" v="no"/>
    <tag k="source" v="HiRes aerial imagery"/>
  </way>
  <way id="138300625">
    <nd ref="1516301946"/>
    <nd ref="251356303"/>
    <nd ref="1516301945"/>
    <nd ref="1516301944"/>
    <nd ref="1516301943"/>
    <nd ref="251356322"/>
    <nd ref="1516301942"/>
    <nd ref="7625067635"/>
    <nd ref="1516301940"/>
    <nd ref="1516301939"/>
    <nd ref="1516301938"/>
    <nd ref="1516301935"/>
    <tag k="highway" v="residential"/>
    <tag k="lanes" v="2"/>
    <tag k="lit" v="yes"/>
    <tag k="maxspeed" v="30"/>
    <tag k="name" v="Am Hasenbergl"/>
    <tag k="source" v="HiRes aerial imagery"/>
    <tag k="source:maxspeed" v="DE:zone:30"/>
    <tag k="surface" v="asphalt"/>
    <tag k="zone:maxspeed" v="DE:30"/>
  </way>
  <way id="147014257">
    <nd ref="1602101770"/>
    <nd ref="8286408552"/>
    <nd ref="760503640"/>
    <nd ref="276575320"/>
    <nd ref="1602101772"/>
    <nd ref="1357603604"/>
    <nd ref="1602101774"/>
    <nd ref="249794351"/>
    <nd ref="1602101784"/>
    <nd ref="1357603646"/>
    <nd ref="431017370"/>
    <nd ref="1602101789"/>
    <tag k="highway" v="unclassified"/>
    <tag k="lanes" v="2"/>
    <tag k="lanes:backward" v="1"/>
    <tag k="lanes:forward" v="1"/>
    <tag k="maxspeed" v="50"/>
    <tag k="name" v="Lichtenauer Weg"/>
    <tag k="psv" v="yes"/>
    <tag k="source" v="HiRes aerial imagery"/>
    <tag k="surface" v="asphalt"/>
  </way>
  <way id="147014268">
    <nd ref="251615074"/>
    <nd ref="1602101800"/>
    <nd ref="7538850316"/>
    <nd ref="1602101793"/>
    <nd ref="1602101786"/>
    <nd ref="3635218155"/>
    <nd ref="1602101775"/>
    <nd ref="1602101773"/>
    <nd ref="6935072037"/>
    <nd ref="431386827"/>
    <nd ref="251344029"/>
    <tag k="highway" v="track"/>
    <tag k="surface" v="gravel"/>
    <tag k="tracktype" v="grade3"/>
    <tag k="width" v="3"/>
  </way>
  <way id="150595865">
    <nd ref="249794057"/>
    <nd ref="4785176826"/>
    <nd ref="7626048464"/>
    <nd ref="1634976680"/>
    <nd ref="3621497326"/>
    <tag k="highway" v="secondary"/>
    <tag k="maxspeed" v="80"/>
    <tag k="name" v="Ingolstädter Straße"/>
    <tag k="name:etymology:wikidata" v="Q3004"/>
    <tag k="psv" v="yes"/>
    <tag k="ref" v="St 2044"/>
    <tag k="surface" v="asphalt"/>
  </way>
  <way id="150596180">
    <nd ref="290274316"/>
    <nd ref="1634982525"/>
    <nd ref="7547892309"/>
    <nd ref="444848781"/>
    <tag k="access" v="no"/>
    <tag k="highway" v="primary_link"/>
    <tag k="lanes" v="2"/>
    <tag k="motor_vehicle" v="yes"/>
    <tag k="surface" v="asphalt"/>
  </way>
  <way id="150596181">
    <nd ref="444848781"/>
    <nd ref="12149910957"/>
    <nd ref="7547892318"/>
    <tag k="access" v="no"/>
    <tag k="highway" v="primary_link"/>
    <tag k="lanes" v="1"/>
    <tag k="motor_vehicle" v="yes"/>
    <tag k="oneway" v="yes"/>
    <tag k="surface" v="asphalt"/>
  </way>
  <way id="150596182">
    <nd ref="444848780"/>
    <nd ref="12149910945"/>
    <nd ref="7996778662"/>
    <nd ref="7996778663"/>
    <nd ref="12149910956"/>
    <nd ref="7547892310"/>
    <tag k="access" v="no"/>
    <tag k="destination" v="Schrobenhausen;Zuchering"/>
    <tag k="highway" v="primary_link"/>
    <tag k="lanes" v="1"/>
    <tag k="motor_vehicle" v="yes"/>
    <tag k="oneway" v="yes"/>
    <tag k="surface" v="asphalt"/>
  </way>
  <way id="170354409">
    <nd ref="1815046899"/>
    <nd ref="1815046901"/>
    <tag k="bridge" v="yes"/>
    <tag k="highway" v="unclassified"/>
    <tag k="layer" v="1"/>
    <tag k="source" v="HiRes aerial imagery"/>
  </way>
  <way id="170354410">
    <nd ref="430418516"/>
    <nd ref="1815046956"/>
    <nd ref="1815046958"/>
    <nd ref="1815046966"/>
    <tag k="highway" v="track"/>
    <tag k="source" v="HiRes aerial imagery"/>
    <tag k="tracktype" v="grade2"/>
  </way>
  <way id="170354411">
    <nd ref="1815046922"/>
    <nd ref="431017393"/>
    <nd ref="431017399"/>
    <nd ref="249794180"/>
    <tag k="highway" v="track"/>
    <tag k="source" v="HiRes aerial imagery"/>
    <tag k="surface" v="asphalt"/>
    <tag k="tracktype" v="grade1"/>
  </way>
  <way id="170354412">
    <nd ref="1815046901"/>
    <nd ref="3036861603"/>
    <nd ref="431015912"/>
    <nd ref="4884043389"/>
    <nd ref="356685076"/>
    <nd ref="4878651119"/>
    <tag k="highway" v="unclassified"/>
    <tag k="name" v="Moosweg"/>
    <tag k="source" v="HiRes aerial imagery"/>
  </way>
  <way id="170354414">
    <nd ref="1815046877"/>
    <nd ref="1815046879"/>
    <nd ref="1815046881"/>
    <nd ref="1815046884"/>
    <nd ref="1815046886"/>
    <nd ref="1815046891"/>
    <nd ref="1815046893"/>
    <nd ref="430418517"/>
    <tag k="highway" v="track"/>
    <tag k="source" v="HiRes aerial imagery"/>
    <tag k="surface" v="gravel"/>
    <tag k="tracktype" v="grade3"/>
  </way>
  <way id="173147394">
    <nd ref="1839750944"/>
    <nd ref="1839750947"/>
    <nd ref="1839750945"/>
    <nd ref="1839750946"/>
    <nd ref="1839750943"/>
    <nd ref="4728020618"/>
    <nd ref="4728020621"/>
    <nd ref="1839750942"/>
    <tag k="access" v="yes"/>
    <tag k="bicycle" v="yes"/>
    <tag k="cycleway" v="no"/>
    <tag k="foot" v="yes"/>
    <tag k="highway" v="residential"/>
    <tag k="maxspeed" v="30"/>
    <tag k="name" v="Kleinstraße"/>
    <tag k="oneway" v="no"/>
    <tag k="source" v="Bing"/>
    <tag k="surface" v="asphalt"/>
  </way>
  <way id="193563508">
    <nd ref="2040774177"/>
    <nd ref="2040774158"/>
    <nd ref="2040774150"/>
    <nd ref="2040774143"/>
    <nd ref="2040774138"/>
    <nd ref="3120634662"/>
    <nd ref="2040774127"/>
    <nd ref="2040774120"/>
    <nd ref="2040774111"/>
    <nd ref="2040773929"/>
    <nd ref="2040773918"/>
    <tag k="bicycle" v="designated"/>
    <tag k="foot" v="designated"/>
    <tag k="highway" v="path"/>
    <tag k="lit" v="yes"/>
    <tag k="segregated" v="no"/>
    <tag k="source" v="HiRes aerial imagery"/>
  </way>
  <way id="193563514">
    <nd ref="356685755"/>
    <nd ref="2040773648"/>
    <tag k="highway" v="track"/>
    <tag k="source" v="HiRes aerial imagery"/>
    <tag k="surface" v="asphalt"/>
    <tag k="tracktype" v="grade1"/>
  </way>
  <way id="193563519">
    <nd ref="2040773896"/>
    <nd ref="2040773873"/>
    <nd ref="2040773756"/>
    <nd ref="2040773737"/>
    <nd ref="2040773732"/>
    <nd ref="1418531846"/>
    <nd ref="2040773721"/>
    <nd ref="2040773718"/>
    <nd ref="1418531845"/>
    <tag k="bicycle" v="designated"/>
    <tag k="foot" v="designated"/>
    <tag k="highway" v="path"/>
    <tag k="lit" v="no"/>
    <tag k="segregated" v="no"/>
    <tag k="source" v="HiRes aerial imagery"/>
  </way>
  <way id="201742309">
    <nd ref="251346365"/>
    <nd ref="2910769091"/>
    <nd ref="7625067616"/>
    <nd ref="251346366"/>
    <nd ref="7625067611"/>
    <nd ref="2910769090"/>
    <nd ref="7625067609"/>
    <nd ref="251346368"/>
    <nd ref="251339826"/>
    <tag k="highway" v="residential"/>
    <tag k="lanes" v="2"/>
    <tag k="lit" v="yes"/>
    <tag k="maxspeed" v="30"/>
    <tag k="name" v="Urnenfelderstraße"/>
    <tag k="psv" v="yes"/>
    <tag k="sidewalk" v="both"/>
    <tag k="sidewalk:both:surface" v="paving_stones"/>
    <tag k="smoothness" v="good"/>
    <tag k="source:maxspeed" v="DE:zone:30"/>
    <tag k="surface" v="asphalt"/>
    <tag k="zone:maxspeed" v="DE:30"/>
  </way>
  <way id="201742311">
    <nd ref="251346362"/>
    <nd ref="251346363"/>
    <nd ref="251346364"/>
    <nd ref="2117568639"/>
    <tag k="cycleway:both" v="no"/>
    <tag k="highway" v="residential"/>
    <tag k="lit" v="yes"/>
    <tag k="maxspeed" v="30"/>
    <tag k="name" v="Urnenfelderstraße"/>
    <tag k="psv" v="yes"/>
    <tag k="sidewalk" v="both"/>
    <tag k="sidewalk:both:surface" v="asphalt"/>
    <tag k="smoothness" v="good"/>
    <tag k="source:maxspeed" v="DE:zone:30"/>
    <tag k="surface" v="asphalt"/>
    <tag k="zone:maxspeed" v="DE:30"/>
  </way>
  <way id="201950246">
    <nd ref="2119510679"/>
    <nd ref="249794054"/>
    <nd ref="7625067657"/>
    <nd ref="2119510615"/>
    <tag k="cycleway:both" v="no"/>
    <tag k="highway" v="tertiary"/>
    <tag k="lanes" v="2"/>
    <tag k="maxspeed:backward" v="50"/>
    <tag k="maxspeed:forward" v="30"/>
    <tag k="name" v="Karlskroner Straße"/>
    <tag k="psv" v="yes"/>
    <tag k="ref" v="IN 15"/>
    <tag k="surface" v="asphalt"/>
  </way>
  <way id="201950256">
    <nd ref="248408615"/>
    <nd ref="2119510693"/>
    <nd ref="8270618912"/>
    <nd ref="2927464850"/>
    <nd ref="2119510691"/>
    <nd ref="249794053"/>
    <tag k="highway" v="unclassified"/>
    <tag k="lanes" v="2"/>
    <tag k="maxspeed" v="50"/>
    <tag k="name" v="Oberstimmer Straße"/>
    <tag k="psv" v="yes"/>
    <tag k="surface" v="asphalt"/>
  </way>
  <way id="220735962">
    <nd ref="2298277659"/>
    <nd ref="2298277666"/>
    <tag k="highway" v="service"/>
    <tag k="service" v="driveway"/>
    <tag k="source" v="HiRes aerial imagery"/>
    <tag k="surface" v="asphalt"/>
  </way>
  <way id="225712323">
    <nd ref="321214520"/>
    <nd ref="5161203240"/>
    <nd ref="5161201704"/>
    <nd ref="433046111"/>
    <nd ref="4728020672"/>
    <nd ref="433046177"/>
    <nd ref="5161201702"/>
    <nd ref="5161201700"/>
    <nd ref="5161203231"/>
    <nd ref="5161201697"/>
    <nd ref="5161201695"/>
    <nd ref="5161201693"/>
    <nd ref="433046114"/>
    <nd ref="5161201689"/>
    <nd ref="5161201691"/>
    <nd ref="5161201687"/>
    <nd ref="5161201684"/>
    <nd ref="5161201673"/>
    <nd ref="321214533"/>
    <nd ref="5161201671"/>
    <nd ref="5161201682"/>
    <nd ref="5161201675"/>
    <nd ref="4950302364"/>
    <nd ref="4939829101"/>
    <nd ref="321214503"/>
    <tag k="highway" v="secondary"/>
    <tag k="maxspeed" v="50"/>
    <tag k="maxspeed:type" v="sign"/>
    <tag k="name" v="Hauptstraße"/>
    <tag k="psv" v="yes"/>
    <tag k="ref" v="St 2049"/>
    <tag k="surface" v="asphalt"/>
  </way>
  <way id="226048706">
    <nd ref="2344647231"/>
    <nd ref="2349084067"/>
    <nd ref="2349084066"/>
    <nd ref="2349084062"/>
    <nd ref="2349084057"/>
    <nd ref="2349084055"/>
    <tag k="highway" v="path"/>
    <tag k="surface" v="compacted"/>
  </way>
  <way id="226308217">
    <nd ref="8289670587"/>
    <nd ref="2352463527"/>
    <nd ref="2352463515"/>
    <nd ref="2344647231"/>
    <tag k="highway" v="service"/>
    <tag k="maxspeed" v="10"/>
    <tag k="name" v="Bürgermeister-Stoll-Straße"/>
    <tag k="oneway" v="no"/>
    <tag k="surface" v="asphalt"/>
  </way>
  <way id="226963243">
    <nd ref="2357005632"/>
    <nd ref="2357005633"/>
    <tag k="highway" v="service"/>
  </way>
  <way id="240666535">
    <nd ref="2483789017"/>
    <nd ref="2483789018"/>
    <nd ref="2483789019"/>
    <nd ref="2483789020"/>
    <nd ref="2483789021"/>
    <nd ref="2483789022"/>
    <nd ref="2483789024"/>
    <nd ref="2483789025"/>
    <nd ref="2483789026"/>
    <nd ref="2483789027"/>
    <nd ref="2483789028"/>
    <nd ref="2483789029"/>
    <nd ref="2483789030"/>
    <nd ref="430877386"/>
    <nd ref="2483789031"/>
    <tag k="FIXME" v="Tracktype"/>
    <tag k="highway" v="track"/>
    <tag k="source" v="Bing"/>
  </way>
  <way id="240666536">
    <nd ref="2483789035"/>
    <nd ref="2483789034"/>
    <nd ref="2483789033"/>
    <tag k="FIXME" v="Tracktype"/>
    <tag k="highway" v="track"/>
    <tag k="source" v="Bing"/>
  </way>
  <way id="240667855">
    <nd ref="2483799044"/>
    <nd ref="9687156416"/>
    <nd ref="2483799046"/>
    <nd ref="12532725272"/>
    <nd ref="12532725289"/>
    <nd ref="12532725282"/>
    <nd ref="9501594512"/>
    <nd ref="2483799047"/>
    <nd ref="5407704476"/>
    <nd ref="2483799048"/>
    <nd ref="2483799049"/>
    <nd ref="2483799050"/>
    <nd ref="2483799051"/>
    <nd ref="5407704466"/>
    <nd ref="4728020698"/>
    <nd ref="5407704463"/>
    <nd ref="2483799053"/>
    <nd ref="2483799052"/>
    <nd ref="5407704459"/>
    <nd ref="2483799054"/>
    <nd ref="2483799055"/>
    <nd ref="2483799056"/>
    <nd ref="4767793721"/>
    <nd ref="2483799060"/>
    <nd ref="2483799061"/>
    <nd ref="2483799062"/>
    <nd ref="4997162028"/>
    <tag k="bicycle" v="designated"/>
    <tag k="foot" v="designated"/>
    <tag k="highway" v="path"/>
    <tag k="lcn" v="yes"/>
    <tag k="oneway" v="no"/>
    <tag k="segregated" v="no"/>
    <tag k="source" v="Bing"/>
    <tag k="surface" v="asphalt"/>
  </way>
  <way id="240667856">
    <nd ref="2483799057"/>
    <nd ref="2483799058"/>
    <nd ref="2483799059"/>
    <nd ref="2483799068"/>
    <tag k="highway" v="track"/>
  </way>
  <way id="246543141">
    <nd ref="2535712177"/>
    <nd ref="2535712180"/>
    <nd ref="2535712188"/>
    <nd ref="8764519979"/>
    <nd ref="2535712200"/>
    <tag k="highway" v="service"/>
    <tag k="service" v="driveway"/>
  </way>
  <way id="287477199">
    <nd ref="249794053"/>
    <nd ref="8091189769"/>
    <nd ref="4984656098"/>
    <nd ref="2910769092"/>
    <nd ref="7625067660"/>
    <nd ref="251347951"/>
    <nd ref="248912833"/>
    <nd ref="248408616"/>
    <nd ref="8763809787"/>
    <nd ref="248912371"/>
    <nd ref="2117568637"/>
    <nd ref="2117568636"/>
    <nd ref="248912370"/>
    <nd ref="251349414"/>
    <nd ref="248916041"/>
    <nd ref="251339825"/>
    <nd ref="251339826"/>
    <tag k="cycleway:both" v="no"/>
    <tag k="highway" v="residential"/>
    <tag k="lanes" v="2"/>
    <tag k="lit" v="yes"/>
    <tag k="maxspeed" v="50"/>
    <tag k="name" v="Oberstimmer Straße"/>
    <tag k="sidewalk" v="both"/>
    <tag k="sidewalk:both:surface" v="paving_stones"/>
    <tag k="smoothness" v="good"/>
    <tag k="surface" v="asphalt"/>
  </way>
  <way id="289196170">
    <nd ref="2927470551"/>
    <nd ref="251341756"/>
    <nd ref="251345336"/>
    <nd ref="251344901"/>
    <nd ref="250919651"/>
    <nd ref="2119510673"/>
    <nd ref="251347120"/>
    <nd ref="2119510677"/>
    <nd ref="2927464845"/>
    <nd ref="8212831465"/>
    <nd ref="2119510679"/>
    <tag k="highway" v="tertiary"/>
    <tag k="lanes" v="2"/>
    <tag k="maxspeed" v="50"/>
    <tag k="maxspeed:hgv:forward" v="30"/>
    <tag k="name" v="Karlskroner Straße"/>
    <tag k="psv" v="yes"/>
    <tag k="ref" v="IN 15"/>
    <tag k="surface" v="asphalt"/>
  </way>
  <way id="289196177">
    <nd ref="251341755"/>
    <nd ref="3635998048"/>
    <tag k="highway" v="track"/>
    <tag k="name" v="Kellerweg"/>
    <tag k="surface" v="gravel"/>
    <tag k="tracktype" v="grade4"/>
  </way>
  <way id="291451559">
    <nd ref="2949244348"/>
    <nd ref="2949244347"/>
    <nd ref="1234612305"/>
    <tag k="bdouble" v="yes"/>
    <tag k="highway" v="primary"/>
    <tag k="lanes" v="3"/>
    <tag k="lanes:backward" v="1"/>
    <tag k="lanes:forward" v="2"/>
    <tag k="maxspeed" v="100"/>
    <tag k="motorroad" v="yes"/>
    <tag k="ref" v="B 16"/>
    <tag k="surface" v="asphalt"/>
  </way>
  <way id="294419728">
    <nd ref="2980207024"/>
    <nd ref="2982373931"/>
    <tag k="highway" v="residential"/>
    <tag k="name" v="An der alten Schmiede"/>
    <tag k="oneway" v="no"/>
  </way>
  <way id="294421254">
    <nd ref="2980202540"/>
    <nd ref="2982382733"/>
    <nd ref="4728020643"/>
    <nd ref="4728020639"/>
    <nd ref="2982373932"/>
    <tag k="highway" v="unclassified"/>
    <tag k="name" v="Ingolstädter Straße"/>
    <tag k="name:etymology:wikidata" v="Q3004"/>
    <tag k="oneway" v="no"/>
  </way>
  <way id="294421532">
    <nd ref="2980209834"/>
    <nd ref="5407704486"/>
    <nd ref="2982382733"/>
    <tag k="highway" v="unclassified"/>
    <tag k="name" v="Ingolstädter Straße"/>
    <tag k="name:etymology:wikidata" v="Q3004"/>
    <tag k="oneway" v="no"/>
  </way>
  <way id="294422356">
    <nd ref="2980202578"/>
    <nd ref="2980202585"/>
    <nd ref="4767793723"/>
    <nd ref="4767793722"/>
    <nd ref="2980202581"/>
    <tag k="highway" v="track"/>
    <tag k="tracktype" v="grade4"/>
  </way>
  <way id="294646374">
    <nd ref="2980202584"/>
    <nd ref="2982381034"/>
    <nd ref="2982380932"/>
    <nd ref="2982380930"/>
    <nd ref="2982380926"/>
    <nd ref="430877409"/>
    <nd ref="430877410"/>
    <nd ref="430877411"/>
    <nd ref="5407646408"/>
    <nd ref="430877412"/>
    <nd ref="2982380922"/>
    <nd ref="430877413"/>
    <nd ref="430876833"/>
    <tag k="cycleway:both" v="no"/>
    <tag k="highway" v="residential"/>
    <tag k="name" v="Probfeld"/>
    <tag k="sidewalk" v="no"/>
    <tag k="source" v="Yahoo"/>
  </way>
  <way id="294646375">
    <nd ref="2980202581"/>
    <nd ref="2982381038"/>
    <tag k="highway" v="track"/>
    <tag k="tracktype" v="grade4"/>
  </way>
  <way id="294646376">
    <nd ref="2982381038"/>
    <nd ref="4767793724"/>
    <nd ref="2980202584"/>
    <tag k="check_date:tracktype" v="2024-01-25"/>
    <tag k="highway" v="track"/>
    <tag k="tracktype" v="grade4"/>
  </way>
  <way id="294646377">
    <nd ref="2980202579"/>
    <nd ref="5509220069"/>
    <nd ref="2982381039"/>
    <nd ref="5507506617"/>
    <tag k="highway" v="track"/>
    <tag k="tracktype" v="grade5"/>
  </way>
  <way id="294646378">
    <nd ref="2982381037"/>
    <nd ref="2982381036"/>
    <nd ref="2982381033"/>
    <nd ref="2982380931"/>
    <nd ref="2982380929"/>
    <nd ref="2982380927"/>
    <nd ref="2982380928"/>
    <nd ref="2980202584"/>
    <tag k="highway" v="track"/>
    <tag k="tracktype" v="grade3"/>
  </way>
  <way id="295484656">
    <nd ref="1634976683"/>
    <nd ref="2992183521"/>
    <nd ref="8488221179"/>
    <nd ref="2992183520"/>
    <nd ref="2992183519"/>
    <nd ref="2992183515"/>
    <nd ref="2992183514"/>
    <nd ref="2992183512"/>
    <nd ref="2992183507"/>
    <nd ref="2992183502"/>
    <nd ref="2992183499"/>
    <nd ref="2992183497"/>
    <tag k="highway" v="track"/>
    <tag k="surface" v="ground"/>
    <tag k="tracktype" v="grade3"/>
  </way>
  <way id="295484657">
    <nd ref="356686749"/>
    <nd ref="2992183495"/>
    <nd ref="2992183494"/>
    <nd ref="2992183493"/>
    <nd ref="2992183492"/>
    <nd ref="2992183491"/>
    <nd ref="2992183490"/>
    <nd ref="2992183487"/>
    <nd ref="8289670624"/>
    <nd ref="2992183481"/>
    <tag k="highway" v="track"/>
    <tag k="surface" v="ground"/>
    <tag k="tracktype" v="grade4"/>
  </way>
  <way id="295484658">
    <nd ref="2992183530"/>
    <nd ref="2992183531"/>
    <nd ref="2992183634"/>
    <nd ref="2992183637"/>
    <nd ref="2992183639"/>
    <nd ref="2992183640"/>
    <nd ref="2992183641"/>
    <nd ref="2992183642"/>
    <nd ref="2992183644"/>
    <nd ref="2992183645"/>
    <tag k="highway" v="track"/>
    <tag k="surface" v="grass"/>
    <tag k="tracktype" v="grade5"/>
  </way>
  <way id="295484659">
    <nd ref="356686750"/>
    <nd ref="2992183496"/>
    <nd ref="2992183501"/>
    <nd ref="2992183504"/>
    <nd ref="2992183505"/>
    <nd ref="2992183509"/>
    <nd ref="2992183513"/>
    <tag k="highway" v="track"/>
    <tag k="surface" v="ground"/>
    <tag k="tracktype" v="grade3"/>
  </way>
  <way id="295484660">
    <nd ref="2992183477"/>
    <nd ref="2992183478"/>
    <nd ref="2992183480"/>
    <nd ref="2992183482"/>
    <tag k="highway" v="track"/>
    <tag k="surface" v="grass"/>
    <tag k="tracktype" v="grade5"/>
  </way>
  <way id="295484661">
    <nd ref="2992183473"/>
    <nd ref="2483799051"/>
    <nd ref="2992183474"/>
    <nd ref="2992183475"/>
    <nd ref="2992183476"/>
    <nd ref="2992183477"/>
    <tag k="highway" v="track"/>
    <tag k="surface" v="ground"/>
    <tag k="tracktype" v="grade4"/>
  </way>
  <way id="295484662">
    <nd ref="2992183479"/>
    <nd ref="2483799056"/>
    <nd ref="2992183483"/>
    <nd ref="2992183484"/>
    <nd ref="2992183485"/>
    <tag k="highway" v="track"/>
    <tag k="surface" v="ground"/>
    <tag k="tracktype" v="grade3"/>
  </way>
  <way id="295484663">
    <nd ref="2992183645"/>
    <nd ref="2992183643"/>
    <nd ref="2992183638"/>
    <nd ref="2992183636"/>
    <nd ref="2992183635"/>
    <nd ref="2992183633"/>
    <nd ref="2992183532"/>
    <nd ref="430417087"/>
    <nd ref="430417099"/>
    <tag k="highway" v="track"/>
    <tag k="surface" v="asphalt"/>
    <tag k="tracktype" v="grade1"/>
  </way>
  <way id="295484664">
    <nd ref="2992183497"/>
    <nd ref="2992183498"/>
    <nd ref="2992183500"/>
    <nd ref="2992183503"/>
    <nd ref="2992183506"/>
    <nd ref="2992183508"/>
    <nd ref="2992183510"/>
    <nd ref="2992183511"/>
    <nd ref="2992183509"/>
    <tag k="highway" v="track"/>
    <tag k="surface" v="ground"/>
    <tag k="tracktype" v="grade4"/>
  </way>
  <way id="296891807">
    <nd ref="356685760"/>
    <nd ref="3006990434"/>
    <tag k="highway" v="track"/>
    <tag k="source" v="survey"/>
    <tag k="surface" v="grass"/>
    <tag k="tracktype" v="grade5"/>
  </way>
  <way id="296891808">
    <nd ref="3006990435"/>
    <nd ref="3006990433"/>
    <tag k="highway" v="track"/>
    <tag k="source" v="survey"/>
    <tag k="surface" v="grass"/>
    <tag k="tracktype" v="grade5"/>
  </way>
  <way id="299653050">
    <nd ref="3036861619"/>
    <nd ref="3036861617"/>
    <nd ref="3036861615"/>
    <nd ref="3036861613"/>
    <nd ref="3036861612"/>
    <nd ref="3036861611"/>
    <nd ref="3036861608"/>
    <nd ref="3036861607"/>
    <nd ref="3036861604"/>
    <nd ref="3036861605"/>
    <tag k="highway" v="track"/>
    <tag k="source" v="survey"/>
    <tag k="surface" v="ground"/>
    <tag k="tracktype" v="grade3"/>
  </way>
  <way id="299653051">
    <nd ref="356685068"/>
    <nd ref="3036861937"/>
    <nd ref="3036861936"/>
    <nd ref="3036861935"/>
    <nd ref="3036861934"/>
    <nd ref="3036861933"/>
    <nd ref="3036861632"/>
    <nd ref="3036861631"/>
    <nd ref="3036861630"/>
    <nd ref="3036861629"/>
    <nd ref="3036861628"/>
    <nd ref="3036861627"/>
    <nd ref="3036861626"/>
    <nd ref="3036861625"/>
    <tag k="highway" v="track"/>
    <tag k="source" v="survey"/>
    <tag k="surface" v="ground"/>
    <tag k="tracktype" v="grade3"/>
  </way>
  <way id="299653052">
    <nd ref="3036861620"/>
    <nd ref="3036861614"/>
    <tag k="highway" v="track"/>
    <tag k="source" v="survey"/>
    <tag k="surface" v="ground"/>
    <tag k="tracktype" v="grade4"/>
  </way>
  <way id="299653053">
    <nd ref="431016061"/>
    <nd ref="3036861939"/>
    <nd ref="3036861938"/>
    <nd ref="356685068"/>
    <tag k="highway" v="track"/>
    <tag k="source" v="survey"/>
    <tag k="surface" v="ground"/>
    <tag k="tracktype" v="grade3"/>
  </way>
  <way id="299653054">
    <nd ref="3036861625"/>
    <nd ref="3036861624"/>
    <nd ref="3036861623"/>
    <nd ref="3036861622"/>
    <nd ref="3036861621"/>
    <tag k="highway" v="path"/>
    <tag k="source" v="survey"/>
    <tag k="surface" v="grass"/>
    <tag k="tracktype" v="grade5"/>
  </way>
  <way id="299653055">
    <nd ref="3036861605"/>
    <nd ref="3036861606"/>
    <nd ref="3036861609"/>
    <nd ref="3036861610"/>
    <nd ref="3036861618"/>
    <nd ref="3036861616"/>
    <nd ref="3036861614"/>
    <nd ref="3036861603"/>
    <tag k="highway" v="track"/>
    <tag k="source" v="survey"/>
    <tag k="surface" v="grass"/>
    <tag k="tracktype" v="grade5"/>
  </way>
  <way id="306431426">
    <nd ref="251339826"/>
    <nd ref="251339827"/>
    <tag k="cycleway:both" v="no"/>
    <tag k="highway" v="residential"/>
    <tag k="lane_markings" v="no"/>
    <tag k="lit" v="yes"/>
    <tag k="maxspeed" v="50"/>
    <tag k="name" v="Oberstimmer Straße"/>
    <tag k="psv" v="yes"/>
    <tag k="sidewalk" v="both"/>
    <tag k="sidewalk:both:surface" v="paving_stones"/>
    <tag k="smoothness" v="good"/>
    <tag k="surface" v="asphalt"/>
  </way>
  <way id="307023507">
    <nd ref="3120634645"/>
    <nd ref="3120634647"/>
    <nd ref="3120634652"/>
    <nd ref="3120634654"/>
    <nd ref="3120634655"/>
    <nd ref="3120634656"/>
    <nd ref="3120634658"/>
    <nd ref="3120634659"/>
    <nd ref="3120634661"/>
    <nd ref="3120634662"/>
    <tag k="foot" v="yes"/>
    <tag k="highway" v="path"/>
  </way>
  <way id="307023510">
    <nd ref="251354265"/>
    <nd ref="3120634649"/>
    <nd ref="11379992126"/>
    <nd ref="11379992127"/>
    <nd ref="11379992122"/>
    <nd ref="3120634644"/>
    <nd ref="3120634645"/>
    <nd ref="3120634639"/>
    <tag k="highway" v="track"/>
    <tag k="source" v="HiRes aerial imagery"/>
    <tag k="surface" v="gravel"/>
    <tag k="tracktype" v="grade3"/>
  </way>
  <way id="308600743">
    <nd ref="2992183485"/>
    <nd ref="356686748"/>
    <tag k="bridge" v="yes"/>
    <tag k="highway" v="track"/>
    <tag k="layer" v="1"/>
    <tag k="surface" v="ground"/>
    <tag k="tracktype" v="grade3"/>
  </way>
  <way id="350606826">
    <nd ref="4785176822"/>
    <nd ref="431015914"/>
    <nd ref="356686751"/>
    <nd ref="431015917"/>
    <nd ref="356686753"/>
    <nd ref="356686754"/>
    <nd ref="431015918"/>
    <nd ref="356686917"/>
    <nd ref="431015919"/>
    <nd ref="249794179"/>
    <tag k="highway" v="track"/>
    <tag k="lit" v="no"/>
    <tag k="surface" v="asphalt"/>
    <tag k="tracktype" v="grade1"/>
  </way>
  <way id="350686201">
    <nd ref="3564506879"/>
    <nd ref="3564506877"/>
    <nd ref="3564506875"/>
    <nd ref="3564506868"/>
    <nd ref="3564506874"/>
    <nd ref="3564506871"/>
    <nd ref="3564506867"/>
    <nd ref="3564506869"/>
    <nd ref="3564506870"/>
    <nd ref="3564506872"/>
    <nd ref="3564506873"/>
    <nd ref="3564506878"/>
    <nd ref="3564506880"/>
    <nd ref="3564506881"/>
    <nd ref="3564506882"/>
    <nd ref="3567167491"/>
    <nd ref="3567167492"/>
    <nd ref="3564506883"/>
    <nd ref="3564506884"/>
    <nd ref="3564506886"/>
    <nd ref="3564506887"/>
    <nd ref="3564506888"/>
    <nd ref="3564506889"/>
    <nd ref="3564506890"/>
    <nd ref="3564506891"/>
    <nd ref="3564506892"/>
    <nd ref="3564507893"/>
    <nd ref="3564507894"/>
    <nd ref="3564507895"/>
    <nd ref="3564507896"/>
    <nd ref="3564507897"/>
    <nd ref="3564507898"/>
    <nd ref="3564507899"/>
    <nd ref="3564507900"/>
    <nd ref="3564507901"/>
    <nd ref="3564507902"/>
    <tag k="highway" v="track"/>
    <tag k="source" v="survey"/>
    <tag k="surface" v="ground"/>
    <tag k="tracktype" v="grade4"/>
  </way>
  <way id="350686204">
    <nd ref="3564506857"/>
    <nd ref="3564506861"/>
    <nd ref="3564506862"/>
    <nd ref="3564506863"/>
    <nd ref="3564506864"/>
    <nd ref="3564506865"/>
    <nd ref="3564506866"/>
    <nd ref="3564506876"/>
    <nd ref="3564506879"/>
    <tag k="highway" v="track"/>
    <tag k="source" v="survey"/>
    <tag k="surface" v="grass"/>
    <tag k="tracktype" v="grade5"/>
  </way>
  <way id="350798556">
    <nd ref="3565484254"/>
    <nd ref="3565484253"/>
    <nd ref="3565484252"/>
    <nd ref="433065474"/>
    <nd ref="3565484246"/>
    <nd ref="3565484249"/>
    <nd ref="3565484250"/>
    <nd ref="3565484248"/>
    <nd ref="3565484247"/>
    <nd ref="3565484253"/>
    <tag k="highway" v="track"/>
    <tag k="source" v="survey"/>
    <tag k="surface" v="grass"/>
    <tag k="tracktype" v="grade5"/>
  </way>
  <way id="350798558">
    <nd ref="3565484264"/>
    <nd ref="3565484263"/>
    <nd ref="3565484262"/>
    <nd ref="3565484261"/>
    <nd ref="3565484260"/>
    <nd ref="3565484259"/>
    <nd ref="3565484258"/>
    <nd ref="3565484257"/>
    <nd ref="3565484256"/>
    <nd ref="3565484255"/>
    <nd ref="3565484254"/>
    <tag k="highway" v="track"/>
    <tag k="source" v="survey"/>
    <tag k="surface" v="ground"/>
    <tag k="tracktype" v="grade4"/>
  </way>
  <way id="350798567">
    <nd ref="3565484206"/>
    <nd ref="3565484208"/>
    <nd ref="3565484210"/>
    <nd ref="3565484213"/>
    <nd ref="3565484217"/>
    <nd ref="3565484222"/>
    <nd ref="3565484230"/>
    <nd ref="3565484234"/>
    <nd ref="3565484240"/>
    <nd ref="3565484243"/>
    <nd ref="3565484244"/>
    <nd ref="3565484242"/>
    <nd ref="3565484238"/>
    <nd ref="3565484236"/>
    <nd ref="3565484235"/>
    <nd ref="3565484231"/>
    <nd ref="3565484229"/>
    <nd ref="3565484224"/>
    <tag k="highway" v="track"/>
    <tag k="source" v="survey"/>
    <tag k="surface" v="ground"/>
    <tag k="tracktype" v="grade4"/>
  </way>
  <way id="350798573">
    <nd ref="3564506883"/>
    <nd ref="3567167493"/>
    <nd ref="3567167496"/>
    <nd ref="3567167497"/>
    <nd ref="3567167500"/>
    <nd ref="3564507901"/>
    <tag k="highway" v="track"/>
    <tag k="source" v="survey"/>
    <tag k="surface" v="mud"/>
    <tag k="tracktype" v="grade4"/>
  </way>
  <way id="350798583">
    <nd ref="3565484204"/>
    <nd ref="3567167495"/>
    <nd ref="3565484206"/>
    <tag k="highway" v="track"/>
    <tag k="source" v="survey"/>
    <tag k="surface" v="grass"/>
    <tag k="tracktype" v="grade5"/>
  </way>
  <way id="350798586">
    <nd ref="3565484196"/>
    <nd ref="3565484195"/>
    <tag k="highway" v="track"/>
    <tag k="source" v="survey"/>
    <tag k="surface" v="grass"/>
    <tag k="tracktype" v="grade5"/>
  </way>
  <way id="350798596">
    <nd ref="433065477"/>
    <nd ref="3565484251"/>
    <nd ref="3565484232"/>
    <tag k="highway" v="track"/>
    <tag k="source" v="survey"/>
    <tag k="surface" v="grass"/>
    <tag k="tracktype" v="grade5"/>
  </way>
  <way id="350798599">
    <nd ref="3565484207"/>
    <nd ref="3565484205"/>
    <nd ref="3565484204"/>
    <tag k="highway" v="track"/>
    <tag k="source" v="survey"/>
    <tag k="surface" v="gravel"/>
    <tag k="tracktype" v="grade3"/>
  </way>
  <way id="350798602">
    <nd ref="3565484204"/>
    <nd ref="3565484203"/>
    <nd ref="3565484202"/>
    <nd ref="3564506879"/>
    <tag k="highway" v="track"/>
    <tag k="source" v="survey"/>
    <tag k="surface" v="ground"/>
    <tag k="tracktype" v="grade3"/>
  </way>
  <way id="350798608">
    <nd ref="3564506873"/>
    <nd ref="3565484201"/>
    <nd ref="3565484200"/>
    <nd ref="3565484199"/>
    <nd ref="3565484198"/>
    <nd ref="3565484197"/>
    <nd ref="3565484196"/>
    <tag k="highway" v="track"/>
    <tag k="source" v="survey"/>
    <tag k="surface" v="mud"/>
    <tag k="tracktype" v="grade5"/>
  </way>
  <way id="350798611">
    <nd ref="3565484246"/>
    <nd ref="3565484245"/>
    <nd ref="3565484241"/>
    <nd ref="3565484239"/>
    <nd ref="3565484237"/>
    <nd ref="3565484233"/>
    <nd ref="3565484232"/>
    <nd ref="433065466"/>
    <tag k="highway" v="track"/>
    <tag k="source" v="survey"/>
    <tag k="surface" v="grass"/>
    <tag k="tracktype" v="grade5"/>
  </way>
  <way id="350997538">
    <nd ref="3564507901"/>
    <nd ref="3565484215"/>
    <nd ref="3565484221"/>
    <nd ref="3565484224"/>
    <nd ref="3565484226"/>
    <nd ref="3565484225"/>
    <nd ref="3565484228"/>
    <nd ref="3565484227"/>
    <nd ref="3565484223"/>
    <nd ref="3567167505"/>
    <nd ref="3565484220"/>
    <nd ref="3565484219"/>
    <nd ref="3565484218"/>
    <nd ref="3565484216"/>
    <nd ref="3565484214"/>
    <nd ref="3565484212"/>
    <nd ref="3565484211"/>
    <nd ref="3565484209"/>
    <nd ref="3565484207"/>
    <tag k="highway" v="track"/>
    <tag k="source" v="survey"/>
    <tag k="surface" v="gravel"/>
    <tag k="tracktype" v="grade2"/>
  </way>
  <way id="350997540">
    <nd ref="3567167517"/>
    <nd ref="3565484247"/>
    <tag k="bridge" v="yes"/>
    <tag k="highway" v="path"/>
    <tag k="horse" v="no"/>
    <tag k="layer" v="1"/>
    <tag k="source" v="survey"/>
    <tag k="surface" v="metal"/>
  </way>
  <way id="350997541">
    <nd ref="3567167531"/>
    <nd ref="3567167529"/>
    <tag k="highway" v="track"/>
    <tag k="source" v="survey"/>
    <tag k="surface" v="ground"/>
    <tag k="tracktype" v="grade3"/>
  </way>
  <way id="350997542">
    <nd ref="3565484247"/>
    <nd ref="3567167513"/>
    <tag k="highway" v="track"/>
    <tag k="source" v="survey"/>
    <tag k="surface" v="grass"/>
    <tag k="tracktype" v="grade5"/>
  </way>
  <way id="350997543">
    <nd ref="3567167505"/>
    <nd ref="3567167496"/>
    <tag k="highway" v="track"/>
    <tag k="source" v="survey"/>
    <tag k="surface" v="mud"/>
    <tag k="tracktype" v="grade5"/>
  </way>
  <way id="350997544">
    <nd ref="3567167529"/>
    <nd ref="3567167523"/>
    <tag k="highway" v="track"/>
    <tag k="source" v="survey"/>
    <tag k="surface" v="grass"/>
    <tag k="tracktype" v="grade5"/>
  </way>
  <way id="350997545">
    <nd ref="3567167515"/>
    <nd ref="3567167517"/>
    <tag k="highway" v="path"/>
    <tag k="horse" v="no"/>
    <tag k="smoothness" v="very_horrible"/>
    <tag k="source" v="survey"/>
    <tag k="surface" v="ground"/>
  </way>
  <way id="350997547">
    <nd ref="3567167537"/>
    <nd ref="3567167530"/>
    <tag k="highway" v="track"/>
    <tag k="source" v="survey"/>
    <tag k="surface" v="grass"/>
    <tag k="tracktype" v="grade5"/>
  </way>
  <way id="350997548">
    <nd ref="1357603623"/>
    <nd ref="3565484265"/>
    <nd ref="3565484264"/>
    <tag k="highway" v="track"/>
    <tag k="source" v="survey"/>
    <tag k="surface" v="ground"/>
    <tag k="tracktype" v="grade3"/>
  </way>
  <way id="350997549">
    <nd ref="3565484254"/>
    <nd ref="3567167524"/>
    <nd ref="3567167521"/>
    <nd ref="3567167520"/>
    <tag k="highway" v="track"/>
    <tag k="source" v="survey"/>
    <tag k="surface" v="grass"/>
    <tag k="tracktype" v="grade5"/>
  </way>
  <way id="350997550">
    <nd ref="3567167529"/>
    <nd ref="3567167528"/>
    <nd ref="3567167527"/>
    <nd ref="3567167526"/>
    <nd ref="4310364257"/>
    <nd ref="3565484252"/>
    <tag k="highway" v="track"/>
    <tag k="source" v="survey"/>
    <tag k="surface" v="grass"/>
    <tag k="tracktype" v="grade5"/>
  </way>
  <way id="350997551">
    <nd ref="3565484216"/>
    <nd ref="3567167503"/>
    <nd ref="3567167499"/>
    <nd ref="3567167494"/>
    <nd ref="3564506883"/>
    <tag k="highway" v="track"/>
    <tag k="source" v="survey"/>
    <tag k="surface" v="ground"/>
    <tag k="tracktype" v="grade5"/>
  </way>
  <way id="350997552">
    <nd ref="3567167512"/>
    <nd ref="3567167511"/>
    <nd ref="3567167510"/>
    <nd ref="3567167509"/>
    <nd ref="3567167508"/>
    <nd ref="3567167507"/>
    <tag k="highway" v="track"/>
    <tag k="source" v="survey"/>
    <tag k="surface" v="mud"/>
    <tag k="tracktype" v="grade5"/>
  </way>
  <way id="350997553">
    <nd ref="3567167523"/>
    <nd ref="433065493"/>
    <nd ref="3567167525"/>
    <nd ref="433065496"/>
    <nd ref="433065502"/>
    <nd ref="433065506"/>
    <tag k="highway" v="track"/>
    <tag k="source" v="Yahoo"/>
    <tag k="surface" v="gravel"/>
    <tag k="tracktype" v="grade2"/>
  </way>
  <way id="350997554">
    <nd ref="3567167507"/>
    <nd ref="3567167506"/>
    <nd ref="3567167504"/>
    <nd ref="3567167502"/>
    <nd ref="3567167501"/>
    <nd ref="3567167498"/>
    <nd ref="3567167495"/>
    <tag k="highway" v="track"/>
    <tag k="source" v="survey"/>
    <tag k="surface" v="grass"/>
    <tag k="tracktype" v="grade5"/>
  </way>
  <way id="350997555">
    <nd ref="3565484243"/>
    <nd ref="3567167518"/>
    <nd ref="3567167519"/>
    <nd ref="3567167516"/>
    <nd ref="3567167515"/>
    <nd ref="3567167514"/>
    <nd ref="3567167512"/>
    <tag k="highway" v="track"/>
    <tag k="source" v="survey"/>
    <tag k="surface" v="ground"/>
    <tag k="tracktype" v="grade4"/>
  </way>
  <way id="350997556">
    <nd ref="8286408556"/>
    <nd ref="8286408557"/>
    <nd ref="3567167537"/>
    <nd ref="3567167536"/>
    <nd ref="3567167535"/>
    <nd ref="3567167534"/>
    <nd ref="3567167533"/>
    <nd ref="1357603623"/>
    <tag k="highway" v="track"/>
    <tag k="source" v="survey"/>
    <tag k="surface" v="grass"/>
    <tag k="tracktype" v="grade5"/>
  </way>
  <way id="356743551">
    <nd ref="3621497326"/>
    <nd ref="3621497323"/>
    <tag k="bridge" v="yes"/>
    <tag k="highway" v="secondary"/>
    <tag k="maxspeed" v="80"/>
    <tag k="name" v="Ingolstädter Straße"/>
    <tag k="name:etymology:wikidata" v="Q3004"/>
    <tag k="psv" v="yes"/>
    <tag k="ref" v="St 2044"/>
    <tag k="surface" v="asphalt"/>
  </way>
  <way id="356743552">
    <nd ref="3621497323"/>
    <nd ref="1634976683"/>
    <nd ref="8488221173"/>
    <nd ref="1634976685"/>
    <nd ref="8212600733"/>
    <nd ref="4879080102"/>
    <nd ref="2992183489"/>
    <nd ref="321214541"/>
    <tag k="highway" v="secondary"/>
    <tag k="maxspeed" v="80"/>
    <tag k="name" v="Ingolstädter Straße"/>
    <tag k="name:etymology:wikidata" v="Q3004"/>
    <tag k="psv" v="yes"/>
    <tag k="ref" v="St 2044"/>
    <tag k="surface" v="asphalt"/>
  </way>
  <way id="356743554">
    <nd ref="3621497327"/>
    <nd ref="1418531815"/>
    <tag k="bicycle" v="designated"/>
    <tag k="bridge" v="yes"/>
    <tag k="foot" v="designated"/>
    <tag k="highway" v="path"/>
    <tag k="lit" v="no"/>
    <tag k="segregated" v="no"/>
  </way>
  <way id="356743555">
    <nd ref="2992183513"/>
    <nd ref="3621497322"/>
    <tag k="bridge" v="yes"/>
    <tag k="highway" v="track"/>
    <tag k="surface" v="ground"/>
    <tag k="tracktype" v="grade3"/>
  </way>
  <way id="356743556">
    <nd ref="1418531815"/>
    <nd ref="8289670638"/>
    <nd ref="8289670639"/>
    <nd ref="8289670640"/>
    <nd ref="1418531813"/>
    <nd ref="8289670603"/>
    <nd ref="8212600735"/>
    <nd ref="8289670604"/>
    <nd ref="8289670608"/>
    <nd ref="8212600734"/>
    <nd ref="8289670605"/>
    <nd ref="8289670606"/>
    <nd ref="11286040716"/>
    <nd ref="8289670607"/>
    <nd ref="8289670635"/>
    <nd ref="8289670620"/>
    <tag k="bicycle" v="designated"/>
    <tag k="foot" v="designated"/>
    <tag k="highway" v="path"/>
    <tag k="lcn" v="yes"/>
    <tag k="lit" v="no"/>
    <tag k="segregated" v="no"/>
    <tag k="surface" v="asphalt"/>
  </way>
  <way id="356743557">
    <nd ref="3621497322"/>
    <nd ref="2992183516"/>
    <nd ref="2992183517"/>
    <nd ref="2992183518"/>
    <nd ref="2992183522"/>
    <nd ref="2992183523"/>
    <nd ref="2992183524"/>
    <nd ref="2992183525"/>
    <nd ref="2992183526"/>
    <tag k="highway" v="track"/>
    <tag k="surface" v="ground"/>
    <tag k="tracktype" v="grade3"/>
  </way>
  <way id="356957347">
    <nd ref="3623584639"/>
    <nd ref="356686751"/>
    <tag k="highway" v="track"/>
    <tag k="surface" v="gravel"/>
    <tag k="tracktype" v="grade4"/>
  </way>
  <way id="356957348">
    <nd ref="3623584635"/>
    <nd ref="3623584636"/>
    <tag k="highway" v="track"/>
    <tag k="surface" v="pebblestone"/>
    <tag k="tracktype" v="grade4"/>
  </way>
  <way id="356957349">
    <nd ref="3623584637"/>
    <nd ref="3623584635"/>
    <tag k="highway" v="track"/>
    <tag k="surface" v="pebblestone"/>
    <tag k="tracktype" v="grade4"/>
  </way>
  <way id="356957350">
    <nd ref="3623584636"/>
    <nd ref="3623584640"/>
    <nd ref="356686754"/>
    <tag k="highway" v="track"/>
    <tag k="surface" v="grass"/>
    <tag k="tracktype" v="grade5"/>
  </way>
  <way id="356957351">
    <nd ref="3623584635"/>
    <nd ref="3623584634"/>
    <nd ref="3623584638"/>
    <nd ref="3623584639"/>
    <tag k="highway" v="track"/>
    <tag k="surface" v="grass"/>
    <tag k="tracktype" v="grade5"/>
  </way>
  <way id="358714202">
    <nd ref="3635998048"/>
    <nd ref="251344336"/>
    <nd ref="251341756"/>
    <tag k="highway" v="residential"/>
    <tag k="lit" v="yes"/>
    <tag k="maxspeed" v="50"/>
    <tag k="name" v="Kellerweg"/>
    <tag k="source" v="survey"/>
    <tag k="source:maxspeed" v="sign"/>
    <tag k="surface" v="asphalt"/>
  </way>
  <way id="358714204">
    <nd ref="8234347277"/>
    <nd ref="2040774174"/>
    <nd ref="2040774182"/>
    <nd ref="251341759"/>
    <nd ref="2040774195"/>
    <nd ref="2040774208"/>
    <nd ref="4085639947"/>
    <nd ref="251340433"/>
    <nd ref="995999824"/>
    <nd ref="2040774230"/>
    <nd ref="251351931"/>
    <nd ref="2109002804"/>
    <nd ref="251351932"/>
    <nd ref="2040774259"/>
    <nd ref="2040774266"/>
    <nd ref="251351933"/>
    <tag k="bicycle" v="designated"/>
    <tag k="foot" v="designated"/>
    <tag k="highway" v="path"/>
    <tag k="lit" v="no"/>
    <tag k="segregated" v="no"/>
    <tag k="smoothness" v="intermediate"/>
    <tag k="source" v="HiRes aerial imagery"/>
    <tag k="surface" v="fine_gravel"/>
  </way>
  <way id="358714206">
    <nd ref="3635998045"/>
    <nd ref="251344280"/>
    <tag k="highway" v="track"/>
    <tag k="source" v="survey"/>
    <tag k="surface" v="gravel"/>
    <tag k="tracktype" v="grade4"/>
  </way>
  <way id="358714207">
    <nd ref="3635998046"/>
    <nd ref="6720519639"/>
    <nd ref="251341755"/>
    <tag k="highway" v="track"/>
    <tag k="source" v="survey"/>
    <tag k="surface" v="asphalt"/>
    <tag k="tracktype" v="grade1"/>
  </way>
  <way id="358714209">
    <nd ref="251341757"/>
    <nd ref="2040774166"/>
    <nd ref="8234347278"/>
    <nd ref="8234347277"/>
    <tag k="highway" v="track"/>
    <tag k="source" v="survey"/>
    <tag k="surface" v="grass"/>
    <tag k="tracktype" v="grade5"/>
  </way>
  <way id="358714210">
    <nd ref="8234347298"/>
    <nd ref="8234347290"/>
    <nd ref="8234347289"/>
    <nd ref="251344280"/>
    <nd ref="3120634660"/>
    <nd ref="3635998046"/>
    <tag k="highway" v="track"/>
    <tag k="source" v="survey"/>
    <tag k="surface" v="gravel"/>
    <tag k="tracktype" v="grade4"/>
  </way>
  <way id="373959112">
    <nd ref="321214501"/>
    <nd ref="9532048588"/>
    <nd ref="9532048591"/>
    <nd ref="9532048594"/>
    <nd ref="9532048593"/>
    <nd ref="9532048592"/>
    <nd ref="9532048590"/>
    <nd ref="9532048589"/>
    <nd ref="3773810819"/>
    <tag k="highway" v="track"/>
    <tag k="surface" v="ground"/>
    <tag k="tracktype" v="grade3"/>
  </way>
  <way id="379613698">
    <nd ref="2117568639"/>
    <nd ref="3829461557"/>
    <nd ref="251346365"/>
    <tag k="highway" v="residential"/>
    <tag k="lit" v="yes"/>
    <tag k="maxspeed" v="30"/>
    <tag k="name" v="Urnenfelderstraße"/>
    <tag k="psv" v="yes"/>
    <tag k="sidewalk" v="both"/>
    <tag k="sidewalk:both:surface" v="asphalt"/>
    <tag k="smoothness" v="good"/>
    <tag k="source:maxspeed" v="DE:zone:30"/>
    <tag k="surface" v="asphalt"/>
    <tag k="zone:maxspeed" v="DE:30"/>
  </way>
  <way id="469400552">
    <nd ref="4637276829"/>
    <nd ref="5407704453"/>
    <nd ref="5407704455"/>
    <nd ref="5407704458"/>
    <nd ref="5407704462"/>
    <nd ref="4728020699"/>
    <nd ref="5407704465"/>
    <nd ref="4728020688"/>
    <nd ref="5407704470"/>
    <nd ref="4728020691"/>
    <nd ref="2992183473"/>
    <nd ref="5407704472"/>
    <nd ref="5407704475"/>
    <nd ref="4895931705"/>
    <nd ref="12144950925"/>
    <tag k="highway" v="secondary"/>
    <tag k="lanes" v="2"/>
    <tag k="maxspeed" v="50"/>
    <tag k="name" v="Hauptstraße"/>
    <tag k="psv" v="yes"/>
    <tag k="ref" v="St 2049"/>
    <tag k="surface" v="asphalt"/>
  </way>
  <way id="479754040">
    <nd ref="4728019265"/>
    <nd ref="5407704555"/>
    <nd ref="4728019266"/>
    <nd ref="5407704552"/>
    <nd ref="5407704550"/>
    <nd ref="4728019268"/>
    <nd ref="5407704548"/>
    <nd ref="4728019267"/>
    <tag k="highway" v="residential"/>
    <tag k="name" v="Am Wasserfall"/>
  </way>
  <way id="479754041">
    <nd ref="4728019268"/>
    <nd ref="5407704546"/>
    <nd ref="4728019269"/>
    <tag k="highway" v="residential"/>
    <tag k="name" v="Am Wasserfall"/>
  </way>
  <way id="479754042">
    <nd ref="4728019270"/>
    <nd ref="9054691193"/>
    <nd ref="4728019271"/>
    <tag k="highway" v="service"/>
    <tag k="name" v="Fruchtheim"/>
    <tag k="surface" v="asphalt"/>
  </way>
  <way id="479754043">
    <nd ref="4728019272"/>
    <nd ref="4728019273"/>
    <nd ref="4728019274"/>
    <nd ref="4728019276"/>
    <tag k="access" v="private"/>
    <tag k="highway" v="service"/>
    <tag k="service" v="driveway"/>
  </way>
  <way id="479754044">
    <nd ref="4728019277"/>
    <nd ref="4728019278"/>
    <nd ref="4728019279"/>
    <nd ref="4728019280"/>
    <nd ref="4728019281"/>
    <tag k="access" v="private"/>
    <tag k="highway" v="service"/>
    <tag k="service" v="driveway"/>
  </way>
  <way id="479754045">
    <nd ref="4728019282"/>
    <nd ref="4728019283"/>
    <nd ref="4728020589"/>
    <nd ref="4728019284"/>
    <tag k="highway" v="service"/>
    <tag k="service" v="driveway"/>
  </way>
  <way id="479754046">
    <nd ref="4728019285"/>
    <nd ref="5407704533"/>
    <nd ref="4728019286"/>
    <nd ref="4728019287"/>
    <nd ref="4728019288"/>
    <tag k="access" v="private"/>
    <tag k="highway" v="path"/>
    <tag k="surface" v="paved"/>
  </way>
  <way id="479754047">
    <nd ref="4728020589"/>
    <nd ref="4728020590"/>
    <nd ref="4728020591"/>
    <nd ref="4728020592"/>
    <tag k="access" v="private"/>
    <tag k="highway" v="service"/>
    <tag k="service" v="driveway"/>
  </way>
  <way id="479754048">
    <nd ref="4728020593"/>
    <nd ref="4728020594"/>
    <tag k="access" v="private"/>
    <tag k="highway" v="service"/>
    <tag k="service" v="driveway"/>
  </way>
  <way id="479754050">
    <nd ref="4728020597"/>
    <nd ref="4728020598"/>
    <tag k="access" v="private"/>
    <tag k="highway" v="service"/>
    <tag k="service" v="driveway"/>
  </way>
  <way id="479754051">
    <nd ref="4728020599"/>
    <nd ref="4728020600"/>
    <tag k="access" v="private"/>
    <tag k="highway" v="service"/>
    <tag k="service" v="driveway"/>
  </way>
  <way id="479754052">
    <nd ref="9054691194"/>
    <nd ref="4728020602"/>
    <nd ref="4728020603"/>
    <tag k="access" v="private"/>
    <tag k="highway" v="service"/>
    <tag k="service" v="driveway"/>
  </way>
  <way id="479754053">
    <nd ref="4728020604"/>
    <nd ref="4728020605"/>
    <tag k="highway" v="service"/>
    <tag k="service" v="driveway"/>
  </way>
  <way id="479754054">
    <nd ref="4728020606"/>
    <nd ref="4728020607"/>
    <nd ref="4728020608"/>
    <nd ref="4728020609"/>
    <tag k="highway" v="service"/>
    <tag k="service" v="driveway"/>
  </way>
  <way id="479754055">
    <nd ref="4728020610"/>
    <nd ref="4728020611"/>
    <nd ref="4970750218"/>
    <nd ref="4728020612"/>
    <nd ref="4902098614"/>
    <nd ref="4728020613"/>
    <tag k="highway" v="service"/>
    <tag k="name" v="Von-Hertling-Straße"/>
    <tag k="psv" v="yes"/>
    <tag k="service" v="driveway"/>
  </way>
  <way id="479754056">
    <nd ref="4728020614"/>
    <nd ref="4728020615"/>
    <nd ref="4728020616"/>
    <nd ref="4728020617"/>
    <tag k="highway" v="service"/>
    <tag k="service" v="driveway"/>
  </way>
  <way id="479754057">
    <nd ref="4728020618"/>
    <nd ref="4728020619"/>
    <nd ref="4728020620"/>
    <tag k="access" v="private"/>
    <tag k="highway" v="service"/>
    <tag k="service" v="driveway"/>
  </way>
  <way id="479754058">
    <nd ref="4728020621"/>
    <nd ref="4728020622"/>
    <tag k="access" v="private"/>
    <tag k="highway" v="service"/>
    <tag k="service" v="driveway"/>
  </way>
  <way id="479754059">
    <nd ref="4728019287"/>
    <nd ref="4728020623"/>
    <nd ref="4728020624"/>
    <tag k="access" v="private"/>
    <tag k="highway" v="path"/>
    <tag k="surface" v="paved"/>
  </way>
  <way id="479754060">
    <nd ref="4728020629"/>
    <nd ref="12532733509"/>
    <nd ref="12532733504"/>
    <nd ref="4728020626"/>
    <nd ref="12144950923"/>
    <nd ref="12144950924"/>
    <nd ref="12144950922"/>
    <nd ref="8289670563"/>
    <nd ref="12118003413"/>
    <nd ref="8289670564"/>
    <nd ref="8289670565"/>
    <nd ref="12118003414"/>
    <nd ref="8289670566"/>
    <nd ref="8289670569"/>
    <nd ref="12118003416"/>
    <nd ref="12118003415"/>
    <nd ref="8289670568"/>
    <nd ref="8289670567"/>
    <nd ref="12532733505"/>
    <nd ref="12532733508"/>
    <nd ref="4728020629"/>
    <tag k="access" v="private"/>
    <tag k="bus" v="yes"/>
    <tag k="highway" v="service"/>
    <tag k="lanes" v="1"/>
    <tag k="name" v="Spangler Touristik"/>
    <tag k="oneway" v="yes"/>
    <tag k="psv" v="yes"/>
  </way>
  <way id="479754062">
    <nd ref="4728020635"/>
    <nd ref="4728020636"/>
    <nd ref="4728020637"/>
    <nd ref="4728020638"/>
    <tag k="access" v="private"/>
    <tag k="highway" v="service"/>
    <tag k="service" v="driveway"/>
  </way>
  <way id="479754063">
    <nd ref="1418531800"/>
    <nd ref="8700088207"/>
    <nd ref="1418531798"/>
    <nd ref="4890417380"/>
    <nd ref="1418531796"/>
    <nd ref="4728020639"/>
    <nd ref="4728020640"/>
    <nd ref="4728020641"/>
    <nd ref="9687161227"/>
    <nd ref="4728020642"/>
    <tag k="bicycle" v="designated"/>
    <tag k="foot" v="designated"/>
    <tag k="highway" v="path"/>
    <tag k="lcn" v="yes"/>
    <tag k="segregated" v="no"/>
    <tag k="surface" v="asphalt"/>
  </way>
  <way id="479754064">
    <nd ref="4728020643"/>
    <nd ref="4728020644"/>
    <nd ref="4728020645"/>
    <nd ref="4728020646"/>
    <nd ref="4728020647"/>
    <nd ref="4728020641"/>
    <tag k="access" v="private"/>
    <tag k="highway" v="path"/>
    <tag k="surface" v="unpaved"/>
  </way>
  <way id="479754065">
    <nd ref="3773810819"/>
    <nd ref="4728020654"/>
    <nd ref="4728020649"/>
    <nd ref="4728020659"/>
    <nd ref="4728020651"/>
    <nd ref="4728020652"/>
    <nd ref="4728020653"/>
    <tag k="highway" v="service"/>
    <tag k="service" v="driveway"/>
  </way>
  <way id="479754066">
    <nd ref="4728020654"/>
    <nd ref="4728020655"/>
    <nd ref="4899836283"/>
    <nd ref="4899836282"/>
    <nd ref="4728020656"/>
    <nd ref="4728020657"/>
    <nd ref="4728020658"/>
    <nd ref="4728020659"/>
    <tag k="access" v="private"/>
    <tag k="highway" v="service"/>
    <tag k="service" v="driveway"/>
  </way>
  <way id="479754067">
    <nd ref="4728020660"/>
    <nd ref="4728020664"/>
    <nd ref="4728020661"/>
    <nd ref="4728020662"/>
    <nd ref="4728020663"/>
    <tag k="highway" v="service"/>
    <tag k="service" v="driveway"/>
  </way>
  <way id="479754068">
    <nd ref="4728020664"/>
    <nd ref="4728020665"/>
    <nd ref="4728020666"/>
    <nd ref="4728020667"/>
    <tag k="access" v="private"/>
    <tag k="highway" v="service"/>
    <tag k="service" v="driveway"/>
  </way>
  <way id="479754069">
    <nd ref="4728020668"/>
    <nd ref="4728020669"/>
    <tag k="access" v="private"/>
    <tag k="highway" v="service"/>
    <tag k="service" v="driveway"/>
  </way>
  <way id="479754070">
    <nd ref="4728020670"/>
    <nd ref="4728020671"/>
    <tag k="access" v="private"/>
    <tag k="highway" v="service"/>
    <tag k="service" v="driveway"/>
  </way>
  <way id="479754071">
    <nd ref="4728020672"/>
    <nd ref="8289670579"/>
    <nd ref="4728020673"/>
    <nd ref="4728020674"/>
    <nd ref="5161201703"/>
    <nd ref="4728020675"/>
    <nd ref="4728020676"/>
    <nd ref="4728020677"/>
    <nd ref="4728020678"/>
    <nd ref="4728020679"/>
    <nd ref="4728020680"/>
    <nd ref="4728020681"/>
    <nd ref="4728020682"/>
    <tag k="access" v="private"/>
    <tag k="highway" v="service"/>
    <tag k="service" v="driveway"/>
  </way>
  <way id="479754072">
    <nd ref="4728020683"/>
    <nd ref="4728020684"/>
    <tag k="access" v="private"/>
    <tag k="highway" v="service"/>
    <tag k="service" v="driveway"/>
  </way>
  <way id="479754073">
    <nd ref="4728020685"/>
    <nd ref="4728020686"/>
    <nd ref="4728020687"/>
    <tag k="access" v="private"/>
    <tag k="highway" v="service"/>
    <tag k="service" v="driveway"/>
  </way>
  <way id="479754074">
    <nd ref="4728020688"/>
    <nd ref="4728020689"/>
    <nd ref="4728020690"/>
    <tag k="access" v="private"/>
    <tag k="highway" v="service"/>
    <tag k="service" v="driveway"/>
  </way>
  <way id="479754075">
    <nd ref="4728020691"/>
    <nd ref="4728020692"/>
    <tag k="access" v="private"/>
    <tag k="highway" v="service"/>
    <tag k="service" v="driveway"/>
  </way>
  <way id="479754076">
    <nd ref="4728020693"/>
    <nd ref="4728020694"/>
    <nd ref="4728020695"/>
    <nd ref="4728020696"/>
    <nd ref="4728020697"/>
    <nd ref="4728020698"/>
    <nd ref="4728020699"/>
    <tag k="access" v="private"/>
    <tag k="highway" v="service"/>
    <tag k="service" v="driveway"/>
  </way>
  <way id="484032364">
    <nd ref="2980202578"/>
    <nd ref="4767793721"/>
    <tag k="highway" v="track"/>
    <tag k="tracktype" v="grade1"/>
  </way>
  <way id="485747765">
    <nd ref="4785176825"/>
    <nd ref="4785176824"/>
    <nd ref="4785176823"/>
    <tag k="highway" v="track"/>
    <tag k="surface" v="fine_gravel"/>
    <tag k="tracktype" v="grade2"/>
  </way>
  <way id="485747767">
    <nd ref="2992183526"/>
    <nd ref="4785176830"/>
    <nd ref="4785176829"/>
    <nd ref="4785176828"/>
    <nd ref="4785176823"/>
    <nd ref="4785176827"/>
    <nd ref="4785176826"/>
    <tag k="highway" v="track"/>
    <tag k="surface" v="fine_gravel"/>
    <tag k="tracktype" v="grade2"/>
  </way>
  <way id="485747770">
    <nd ref="430417099"/>
    <nd ref="4785176831"/>
    <nd ref="2992183530"/>
    <tag k="highway" v="service"/>
    <tag k="source" v="survey"/>
    <tag k="surface" v="asphalt"/>
    <tag k="tracktype" v="grade1"/>
  </way>
  <way id="485747772">
    <nd ref="2992183526"/>
    <nd ref="2992183527"/>
    <nd ref="2992183528"/>
    <nd ref="2992183529"/>
    <tag k="highway" v="track"/>
    <tag k="surface" v="fine_gravel"/>
    <tag k="tracktype" v="grade2"/>
  </way>
  <way id="492373736">
    <nd ref="249794053"/>
    <nd ref="248915410"/>
    <nd ref="2117568647"/>
    <nd ref="248915409"/>
    <nd ref="248612080"/>
    <nd ref="2117568649"/>
    <nd ref="248917264"/>
    <nd ref="2117568651"/>
    <nd ref="248405777"/>
    <nd ref="2927470212"/>
    <nd ref="12207510399"/>
    <nd ref="503367057"/>
    <nd ref="2927470268"/>
    <tag k="cycleway:both" v="no"/>
    <tag k="highway" v="tertiary"/>
    <tag k="lanes" v="2"/>
    <tag k="lit" v="yes"/>
    <tag k="maxspeed" v="30"/>
    <tag k="name" v="Karlskroner Straße"/>
    <tag k="psv" v="yes"/>
    <tag k="ref" v="IN 15"/>
    <tag k="sidewalk" v="left"/>
    <tag k="sidewalk:left:surface" v="asphalt"/>
    <tag k="smoothness" v="good"/>
    <tag k="surface" v="asphalt"/>
  </way>
  <way id="492374835">
    <nd ref="9054646444"/>
    <nd ref="9054646445"/>
    <tag k="bridge" v="yes"/>
    <tag k="highway" v="secondary"/>
    <tag k="lcn" v="yes"/>
    <tag k="maxspeed" v="50"/>
    <tag k="maxspeed:conditional" v="30 @ (Mo-Fr 07:00-17:00)"/>
    <tag k="name" v="Hauptstraße"/>
    <tag k="psv" v="yes"/>
    <tag k="ref" v="St 2049"/>
    <tag k="surface" v="asphalt"/>
  </way>
  <way id="496732897">
    <nd ref="4884043383"/>
    <nd ref="4884043382"/>
    <tag k="highway" v="track"/>
    <tag k="source" v="survey"/>
    <tag k="surface" v="gravel"/>
    <tag k="tracktype" v="grade4"/>
  </way>
  <way id="496732898">
    <nd ref="4884043381"/>
    <nd ref="4884043382"/>
    <tag k="highway" v="track"/>
    <tag k="source" v="survey"/>
    <tag k="surface" v="gravel"/>
    <tag k="tracktype" v="grade3"/>
  </way>
  <way id="496732899">
    <nd ref="430418524"/>
    <nd ref="1815046891"/>
    <tag k="highway" v="track"/>
    <tag k="source" v="survey"/>
    <tag k="surface" v="grass"/>
    <tag k="tracktype" v="grade4"/>
  </way>
  <way id="496732900">
    <nd ref="430418527"/>
    <nd ref="1815046922"/>
    <tag k="highway" v="track"/>
    <tag k="source" v="Yahoo"/>
    <tag k="surface" v="gravel"/>
    <tag k="tracktype" v="grade2"/>
  </way>
  <way id="496732901">
    <nd ref="430418522"/>
    <nd ref="4884043378"/>
    <nd ref="4884043377"/>
    <nd ref="1815046884"/>
    <tag k="highway" v="track"/>
    <tag k="source" v="survey"/>
    <tag k="surface" v="grass"/>
    <tag k="tracktype" v="grade4"/>
  </way>
  <way id="496732902">
    <nd ref="430418518"/>
    <nd ref="4884043383"/>
    <tag k="highway" v="track"/>
    <tag k="source" v="survey"/>
    <tag k="surface" v="gravel"/>
    <tag k="tracktype" v="grade3"/>
  </way>
  <way id="496732903">
    <nd ref="4884043382"/>
    <nd ref="4884043380"/>
    <nd ref="4884043379"/>
    <nd ref="4884043383"/>
    <tag k="highway" v="track"/>
    <tag k="source" v="survey"/>
    <tag k="surface" v="grass"/>
    <tag k="tracktype" v="grade5"/>
  </way>
  <way id="496732904">
    <nd ref="4884043389"/>
    <nd ref="4884043388"/>
    <nd ref="4884043387"/>
    <nd ref="4884043386"/>
    <nd ref="4884043385"/>
    <nd ref="4884043384"/>
    <nd ref="4884043383"/>
    <tag k="highway" v="track"/>
    <tag k="source" v="survey"/>
    <tag k="surface" v="gravel"/>
    <tag k="tracktype" v="grade3"/>
  </way>
  <way id="496732905">
    <nd ref="430417217"/>
    <nd ref="1815046922"/>
    <tag k="highway" v="track"/>
    <tag k="source" v="survey"/>
    <tag k="surface" v="gravel"/>
    <tag k="tracktype" v="grade3"/>
  </way>
  <way id="498105192">
    <nd ref="4895931705"/>
    <nd ref="9326529838"/>
    <nd ref="4895931704"/>
    <tag k="highway" v="residential"/>
    <tag k="name" v="Hermanngraben"/>
  </way>
  <way id="498757761">
    <nd ref="9054646445"/>
    <nd ref="4901174947"/>
    <nd ref="249794052"/>
    <tag k="destination:backward" v="Schrobenhausen;Pobenhausen;Reichertshofen"/>
    <tag k="highway" v="secondary"/>
    <tag k="lcn" v="yes"/>
    <tag k="maxspeed" v="50"/>
    <tag k="maxspeed:conditional" v="30 @ (Mo-Fr 07:00-17:00)"/>
    <tag k="name" v="Hauptstraße"/>
    <tag k="psv" v="yes"/>
    <tag k="ref" v="St 2049"/>
    <tag k="surface" v="asphalt"/>
  </way>
  <way id="498757766">
    <nd ref="386627955"/>
    <nd ref="4901174948"/>
    <nd ref="332477475"/>
    <tag k="highway" v="residential"/>
    <tag k="name" v="Ringstraße"/>
    <tag k="surface" v="asphalt"/>
  </way>
  <way id="498757767">
    <nd ref="4728019288"/>
    <nd ref="386627955"/>
    <tag k="bridge" v="yes"/>
    <tag k="highway" v="residential"/>
    <tag k="name" v="Ringstraße"/>
    <tag k="surface" v="asphalt"/>
  </way>
  <way id="498757887">
    <nd ref="386627953"/>
    <nd ref="4728019285"/>
    <nd ref="386627954"/>
    <nd ref="4728019288"/>
    <tag k="highway" v="residential"/>
    <tag k="name" v="Ringstraße"/>
    <tag k="surface" v="asphalt"/>
  </way>
  <way id="503708662">
    <nd ref="433046111"/>
    <nd ref="5161201628"/>
    <nd ref="5161201631"/>
    <nd ref="433046112"/>
    <tag k="highway" v="residential"/>
    <tag k="name" v="Strasser Weg"/>
    <tag k="source" v="Yahoo"/>
  </way>
  <way id="503708664">
    <nd ref="321214521"/>
    <nd ref="5161201627"/>
    <nd ref="5407704446"/>
    <nd ref="5407704444"/>
    <nd ref="433046108"/>
    <tag k="cycleway" v="opposite"/>
    <tag k="highway" v="residential"/>
    <tag k="name" v="Ahornallee"/>
    <tag k="oneway" v="yes"/>
    <tag k="oneway:bicycle" v="no"/>
    <tag k="traffic_sign" v="DE:220"/>
  </way>
  <way id="506196083">
    <nd ref="366505351"/>
    <nd ref="5407704506"/>
    <nd ref="4879080946"/>
    <nd ref="5407704493"/>
    <nd ref="332477433"/>
    <nd ref="430400746"/>
    <tag k="destination:backward" v="Schrobenhausen;Pobenhausen"/>
    <tag k="highway" v="secondary"/>
    <tag k="name" v="Ringstraße"/>
    <tag k="psv" v="yes"/>
    <tag k="ref" v="St 2044"/>
  </way>
  <way id="506196084">
    <nd ref="366505327"/>
    <nd ref="5407704451"/>
    <nd ref="5407704514"/>
    <nd ref="5161203272"/>
    <nd ref="5407704512"/>
    <nd ref="5161203270"/>
    <nd ref="5161203268"/>
    <nd ref="5161203266"/>
    <nd ref="5407704509"/>
    <nd ref="366505351"/>
    <tag k="highway" v="secondary"/>
    <tag k="name" v="Ringstraße"/>
    <tag k="psv" v="yes"/>
    <tag k="ref" v="St 2044"/>
    <tag k="surface" v="asphalt"/>
  </way>
  <way id="506198806">
    <nd ref="321214541"/>
    <nd ref="8700088206"/>
    <nd ref="1659884722"/>
    <tag k="highway" v="secondary"/>
    <tag k="maxspeed" v="80"/>
    <tag k="name" v="Ingolstädter Straße"/>
    <tag k="name:etymology:wikidata" v="Q3004"/>
    <tag k="psv" v="yes"/>
    <tag k="ref" v="St 2044"/>
    <tag k="surface" v="asphalt"/>
  </way>
  <way id="506209179">
    <nd ref="4728020632"/>
    <nd ref="12532725281"/>
    <nd ref="4728020625"/>
    <tag k="highway" v="secondary"/>
    <tag k="lanes" v="3"/>
    <tag k="lanes:backward" v="2"/>
    <tag k="lanes:forward" v="1"/>
    <tag k="maxspeed" v="50"/>
    <tag k="name" v="Hauptstraße"/>
    <tag k="psv" v="yes"/>
    <tag k="ref" v="St 2049"/>
    <tag k="surface" v="asphalt"/>
    <tag k="turn:lanes:backward" v="left|none"/>
  </way>
  <way id="506209180">
    <nd ref="4728020625"/>
    <nd ref="12532725274"/>
    <nd ref="8289670572"/>
    <nd ref="2483799044"/>
    <tag k="highway" v="secondary"/>
    <tag k="lanes" v="2"/>
    <tag k="maxspeed" v="50"/>
    <tag k="name" v="Hauptstraße"/>
    <tag k="psv" v="yes"/>
    <tag k="ref" v="St 2049"/>
    <tag k="surface" v="asphalt"/>
  </way>
  <way id="506214623">
    <nd ref="2344647224"/>
    <nd ref="5161203248"/>
    <nd ref="4728020663"/>
    <nd ref="4728020671"/>
    <nd ref="5161201626"/>
    <nd ref="4728020669"/>
    <nd ref="321214521"/>
    <nd ref="5161203237"/>
    <nd ref="321214520"/>
    <tag k="highway" v="secondary"/>
    <tag k="maxspeed" v="50"/>
    <tag k="maxspeed:conditional" v="30 @ (Mo-Fr 07:00-17:00)"/>
    <tag k="name" v="Hauptstraße"/>
    <tag k="psv" v="yes"/>
    <tag k="ref" v="St 2049"/>
    <tag k="surface" v="asphalt"/>
  </way>
  <way id="506214780">
    <nd ref="4728020613"/>
    <nd ref="4728020610"/>
    <tag k="highway" v="residential"/>
    <tag k="maxspeed" v="30"/>
    <tag k="name" v="Raiffeisenstraße"/>
    <tag k="psv" v="yes"/>
  </way>
  <way id="506214781">
    <nd ref="4728020610"/>
    <nd ref="5161203263"/>
    <nd ref="366505349"/>
    <nd ref="4728020685"/>
    <nd ref="366505350"/>
    <nd ref="366505351"/>
    <tag k="highway" v="residential"/>
    <tag k="maxspeed" v="30"/>
    <tag k="name" v="Raiffeisenstraße"/>
    <tag k="psv" v="yes"/>
  </way>
  <way id="507660758">
    <nd ref="249795460"/>
    <nd ref="430876815"/>
    <nd ref="2483789038"/>
    <nd ref="430876816"/>
    <nd ref="433065407"/>
    <nd ref="2483789033"/>
    <nd ref="430876817"/>
    <nd ref="9526287501"/>
    <nd ref="9526287490"/>
    <nd ref="248753890"/>
    <nd ref="2483789031"/>
    <nd ref="430876818"/>
    <nd ref="9526287484"/>
    <nd ref="9526287486"/>
    <nd ref="9526287488"/>
    <nd ref="1357118147"/>
    <nd ref="430876819"/>
    <nd ref="8289670477"/>
    <nd ref="220594759"/>
    <tag k="highway" v="secondary"/>
    <tag k="maxspeed" v="100"/>
    <tag k="name" v="Neuburger Straße"/>
    <tag k="name:etymology:wikidata" v="Q125652"/>
    <tag k="ref" v="St 2048"/>
    <tag k="surface" v="asphalt"/>
  </way>
  <way id="507768294">
    <nd ref="1417632199"/>
    <nd ref="290274349"/>
    <nd ref="1417632161"/>
    <nd ref="21521681"/>
    <nd ref="1417632131"/>
    <nd ref="1357603579"/>
    <nd ref="1417632068"/>
    <nd ref="21521245"/>
    <nd ref="1417631864"/>
    <nd ref="26572676"/>
    <nd ref="1417631738"/>
    <nd ref="290274319"/>
    <nd ref="1357603610"/>
    <nd ref="1417631711"/>
    <nd ref="290274318"/>
    <nd ref="1417631703"/>
    <nd ref="1357603671"/>
    <nd ref="1417631690"/>
    <nd ref="21521716"/>
    <nd ref="1417631674"/>
    <nd ref="290274327"/>
    <nd ref="1417631667"/>
    <nd ref="1357603563"/>
    <nd ref="26572694"/>
    <nd ref="2949244348"/>
    <tag k="bdouble" v="yes"/>
    <tag k="highway" v="primary"/>
    <tag k="lanes" v="3"/>
    <tag k="lanes:backward" v="2"/>
    <tag k="lanes:forward" v="1"/>
    <tag k="maxspeed" v="100"/>
    <tag k="motorroad" v="yes"/>
    <tag k="ref" v="B 16"/>
    <tag k="shoulder" v="no"/>
    <tag k="surface" v="asphalt"/>
  </way>
  <way id="509203363">
    <nd ref="4984656094"/>
    <nd ref="4984656095"/>
    <nd ref="4984656096"/>
    <nd ref="4984656097"/>
    <nd ref="4984656093"/>
    <nd ref="4984656098"/>
    <nd ref="4984656092"/>
    <nd ref="7625067656"/>
    <nd ref="4984656091"/>
    <nd ref="4984656099"/>
    <nd ref="4984656100"/>
    <nd ref="4984656101"/>
    <nd ref="4984656090"/>
    <nd ref="4984656102"/>
    <nd ref="2040774177"/>
    <tag k="bicycle" v="designated"/>
    <tag k="foot" v="designated"/>
    <tag k="highway" v="path"/>
    <tag k="lit" v="yes"/>
    <tag k="segregated" v="no"/>
    <tag k="smoothness" v="good"/>
    <tag k="surface" v="asphalt"/>
  </way>
  <way id="510764257">
    <nd ref="220594759"/>
    <nd ref="8289670481"/>
    <tag k="highway" v="secondary"/>
    <tag k="name" v="Neuburger Straße"/>
    <tag k="ref" v="St 2048"/>
  </way>
  <way id="510764258">
    <nd ref="430877381"/>
    <nd ref="8289670484"/>
    <tag k="bicycle" v="designated"/>
    <tag k="bridge" v="yes"/>
    <tag k="foot" v="designated"/>
    <tag k="highway" v="path"/>
    <tag k="layer" v="1"/>
    <tag k="lcn" v="yes"/>
    <tag k="segregated" v="no"/>
    <tag k="source" v="Yahoo"/>
    <tag k="surface" v="asphalt"/>
    <tag k="traffic_sign" v="DE:240"/>
  </way>
  <way id="510764285">
    <nd ref="4997153578"/>
    <nd ref="430876827"/>
    <nd ref="7484178814"/>
    <nd ref="8556068528"/>
    <nd ref="8323580867"/>
    <nd ref="8417683867"/>
    <nd ref="220599096"/>
    <nd ref="8289670487"/>
    <nd ref="4997162026"/>
    <tag k="highway" v="secondary"/>
    <tag k="name" v="Neuburger Straße"/>
    <tag k="ref" v="St 2048"/>
  </way>
  <way id="510764287">
    <nd ref="2982380924"/>
    <nd ref="2982380925"/>
    <nd ref="430877378"/>
    <nd ref="8289670485"/>
    <nd ref="2982381035"/>
    <nd ref="8417683866"/>
    <nd ref="430877379"/>
    <nd ref="8556068529"/>
    <nd ref="430877380"/>
    <nd ref="8289670482"/>
    <nd ref="8289670483"/>
    <nd ref="430877381"/>
    <tag k="bicycle" v="designated"/>
    <tag k="foot" v="designated"/>
    <tag k="highway" v="path"/>
    <tag k="lcn" v="yes"/>
    <tag k="segregated" v="no"/>
    <tag k="source" v="Yahoo"/>
    <tag k="surface" v="asphalt"/>
    <tag k="traffic_sign" v="DE:240"/>
  </way>
  <way id="510764288">
    <nd ref="249794166"/>
    <nd ref="4997162027"/>
    <tag k="bridge" v="yes"/>
    <tag k="highway" v="secondary"/>
    <tag k="layer" v="1"/>
    <tag k="maxspeed" v="70"/>
    <tag k="psv" v="yes"/>
    <tag k="ref" v="St 2049"/>
    <tag k="surface" v="asphalt"/>
  </way>
  <way id="510764289">
    <nd ref="4997162027"/>
    <nd ref="290274354"/>
    <nd ref="2980202578"/>
    <nd ref="430876813"/>
    <nd ref="10815010850"/>
    <tag k="highway" v="secondary"/>
    <tag k="maxspeed" v="70"/>
    <tag k="psv" v="yes"/>
    <tag k="ref" v="St 2049"/>
    <tag k="surface" v="asphalt"/>
  </way>
  <way id="510764290">
    <nd ref="4997162028"/>
    <nd ref="2483799064"/>
    <tag k="bicycle" v="designated"/>
    <tag k="bridge" v="yes"/>
    <tag k="foot" v="designated"/>
    <tag k="highway" v="path"/>
    <tag k="layer" v="1"/>
    <tag k="lcn" v="yes"/>
    <tag k="segregated" v="no"/>
    <tag k="source" v="Bing"/>
  </way>
  <way id="510764291">
    <nd ref="2483799064"/>
    <nd ref="2483799063"/>
    <nd ref="2483799065"/>
    <tag k="bicycle" v="designated"/>
    <tag k="foot" v="designated"/>
    <tag k="highway" v="path"/>
    <tag k="lcn" v="yes"/>
    <tag k="segregated" v="no"/>
    <tag k="source" v="Bing"/>
  </way>
  <way id="511073144">
    <nd ref="4999999120"/>
    <nd ref="366509420"/>
    <nd ref="430301868"/>
    <nd ref="430301871"/>
    <nd ref="366509421"/>
    <nd ref="8009393571"/>
    <nd ref="9501546390"/>
    <nd ref="9501583661"/>
    <nd ref="9501546391"/>
    <nd ref="9501546394"/>
    <nd ref="9501547720"/>
    <nd ref="9501547721"/>
    <nd ref="9501546401"/>
    <nd ref="9501546400"/>
    <nd ref="9501546398"/>
    <nd ref="366509422"/>
    <nd ref="9501546404"/>
    <nd ref="470851616"/>
    <tag k="bicycle" v="yes"/>
    <tag k="foot" v="yes"/>
    <tag k="highway" v="path"/>
    <tag k="segregated" v="no"/>
    <tag k="smoothness" v="good"/>
    <tag k="surface" v="asphalt"/>
  </way>
  <way id="511073164">
    <nd ref="5000005415"/>
    <nd ref="5000005414"/>
    <tag k="bridge" v="yes"/>
    <tag k="highway" v="residential"/>
    <tag k="layer" v="1"/>
    <tag k="maxspeed" v="30"/>
    <tag k="maxweight" v="6"/>
    <tag k="name" v="Fruchtheim"/>
  </way>
  <way id="511073165">
    <nd ref="4901176676"/>
    <nd ref="5407704594"/>
    <nd ref="5407704589"/>
    <nd ref="5407704587"/>
    <nd ref="5407704584"/>
    <nd ref="5407704582"/>
    <nd ref="5407704580"/>
    <nd ref="5407704578"/>
    <nd ref="5407704576"/>
    <nd ref="5407704574"/>
    <nd ref="5407704571"/>
    <nd ref="5407704569"/>
    <nd ref="5407704567"/>
    <nd ref="5407704565"/>
    <nd ref="5407704561"/>
    <nd ref="5000005415"/>
    <tag k="highway" v="residential"/>
    <tag k="maxspeed" v="30"/>
    <tag k="maxweight" v="6"/>
    <tag k="name" v="Fruchtheim"/>
  </way>
  <way id="525695709">
    <nd ref="4785176831"/>
    <nd ref="4785176825"/>
    <tag k="highway" v="service"/>
    <tag k="source" v="survey"/>
    <tag k="surface" v="asphalt"/>
    <tag k="tracktype" v="grade1"/>
  </way>
  <way id="525695710">
    <nd ref="430417099"/>
    <nd ref="430417105"/>
    <nd ref="8968419528"/>
    <nd ref="8968419527"/>
    <nd ref="8968419526"/>
    <nd ref="430417108"/>
    <nd ref="430417112"/>
    <nd ref="8968419525"/>
    <nd ref="8968419524"/>
    <nd ref="430417117"/>
    <nd ref="430417121"/>
    <nd ref="430416990"/>
    <tag k="highway" v="service"/>
    <tag k="source" v="survey"/>
    <tag k="surface" v="asphalt"/>
    <tag k="tracktype" v="grade1"/>
  </way>
  <way id="525695711">
    <nd ref="2992183529"/>
    <nd ref="2992183530"/>
    <tag k="highway" v="service"/>
    <tag k="source" v="survey"/>
    <tag k="surface" v="asphalt"/>
    <tag k="tracktype" v="grade1"/>
  </way>
  <way id="531725816">
    <nd ref="5161201622"/>
    <nd ref="5161201623"/>
    <tag k="highway" v="service"/>
    <tag k="surface" v="paved"/>
  </way>
  <way id="531725817">
    <nd ref="5161201624"/>
    <nd ref="5161203241"/>
    <nd ref="4728020669"/>
    <tag k="access" v="private"/>
    <tag k="highway" v="service"/>
    <tag k="service" v="driveway"/>
  </way>
  <way id="531725818">
    <nd ref="5161201625"/>
    <nd ref="5161203242"/>
    <nd ref="5161201626"/>
    <tag k="access" v="private"/>
    <tag k="highway" v="service"/>
    <tag k="service" v="driveway"/>
  </way>
  <way id="531725820">
    <nd ref="5161201629"/>
    <nd ref="5161201630"/>
    <nd ref="5161201631"/>
    <tag k="access" v="private"/>
    <tag k="highway" v="service"/>
    <tag k="service" v="driveway"/>
  </way>
  <way id="531725821">
    <nd ref="5161201632"/>
    <nd ref="5161201633"/>
    <tag k="access" v="private"/>
    <tag k="highway" v="service"/>
    <tag k="service" v="driveway"/>
  </way>
  <way id="531725822">
    <nd ref="5161201634"/>
    <nd ref="5161201635"/>
    <tag k="access" v="private"/>
    <tag k="highway" v="service"/>
    <tag k="service" v="driveway"/>
  </way>
  <way id="531725823">
    <nd ref="5161201636"/>
    <nd ref="321214523"/>
    <tag k="highway" v="path"/>
    <tag k="surface" v="paved"/>
  </way>
  <way id="531725824">
    <nd ref="5161201637"/>
    <nd ref="5161201638"/>
    <nd ref="5161201639"/>
    <tag k="highway" v="path"/>
    <tag k="surface" v="paved"/>
  </way>
  <way id="531725825">
    <nd ref="5161201640"/>
    <nd ref="5161201641"/>
    <tag k="highway" v="path"/>
    <tag k="surface" v="paved"/>
  </way>
  <way id="531725839">
    <nd ref="5161203243"/>
    <nd ref="5161203247"/>
    <nd ref="5161203242"/>
    <nd ref="5161203241"/>
    <nd ref="5161201627"/>
    <nd ref="5161203236"/>
    <nd ref="5161203239"/>
    <nd ref="5161201628"/>
    <nd ref="5161203225"/>
    <nd ref="5161203226"/>
    <nd ref="5161203230"/>
    <nd ref="5161203227"/>
    <nd ref="5161203228"/>
    <nd ref="5161203232"/>
    <nd ref="5161203233"/>
    <nd ref="5161203234"/>
    <nd ref="5161201668"/>
    <nd ref="5161201681"/>
    <nd ref="5161201667"/>
    <nd ref="5161201666"/>
    <nd ref="10154369160"/>
    <nd ref="6592995909"/>
    <nd ref="6592995908"/>
    <nd ref="6592995907"/>
    <nd ref="6592995906"/>
    <nd ref="6592995905"/>
    <nd ref="6592995904"/>
    <nd ref="6592995903"/>
    <nd ref="6592995896"/>
    <nd ref="6592995895"/>
    <nd ref="6592995894"/>
    <nd ref="6592995893"/>
    <nd ref="9501637900"/>
    <nd ref="6592995892"/>
    <nd ref="6592995882"/>
    <nd ref="6592995883"/>
    <nd ref="6592995884"/>
    <nd ref="6592995881"/>
    <nd ref="6592995911"/>
    <nd ref="6592995912"/>
    <nd ref="6592995913"/>
    <nd ref="6592995914"/>
    <nd ref="6592995915"/>
    <nd ref="6592995916"/>
    <nd ref="6592995917"/>
    <nd ref="6592995928"/>
    <nd ref="6592995877"/>
    <nd ref="6592995876"/>
    <nd ref="6592995875"/>
    <nd ref="6592995874"/>
    <nd ref="6592995863"/>
    <nd ref="6592995862"/>
    <nd ref="6592995861"/>
    <nd ref="6592995859"/>
    <nd ref="6592995860"/>
    <nd ref="6592995858"/>
    <nd ref="6592995857"/>
    <nd ref="6592995853"/>
    <nd ref="6592995850"/>
    <nd ref="6592995848"/>
    <nd ref="6592995849"/>
    <nd ref="6592995927"/>
    <nd ref="6592995923"/>
    <nd ref="6592995924"/>
    <nd ref="6592995925"/>
    <nd ref="6592995922"/>
    <nd ref="6592995926"/>
    <nd ref="2535711889"/>
    <nd ref="6592995832"/>
    <nd ref="470849592"/>
    <nd ref="2535711838"/>
    <nd ref="9056317016"/>
    <nd ref="336070815"/>
    <nd ref="336070818"/>
    <tag k="bicycle" v="designated"/>
    <tag k="foot" v="designated"/>
    <tag k="highway" v="path"/>
    <tag k="segregated" v="no"/>
    <tag k="surface" v="paved"/>
    <tag k="width" v="2"/>
  </way>
  <way id="531725856">
    <nd ref="5161201704"/>
    <nd ref="8289670578"/>
    <nd ref="5161201705"/>
    <nd ref="5161201706"/>
    <nd ref="5161201707"/>
    <tag k="access" v="private"/>
    <tag k="highway" v="service"/>
    <tag k="service" v="driveway"/>
  </way>
  <way id="531725864">
    <nd ref="5161203235"/>
    <nd ref="5161203236"/>
    <nd ref="5161203237"/>
    <tag k="access" v="private"/>
    <tag k="highway" v="service"/>
    <tag k="service" v="driveway"/>
  </way>
  <way id="531725865">
    <nd ref="5161203238"/>
    <nd ref="5161203239"/>
    <nd ref="5161203240"/>
    <tag k="access" v="private"/>
    <tag k="highway" v="service"/>
    <tag k="service" v="driveway"/>
  </way>
  <way id="531725866">
    <nd ref="5161203244"/>
    <nd ref="5161203245"/>
    <nd ref="5161203246"/>
    <nd ref="5161203247"/>
    <nd ref="5161203248"/>
    <tag k="access" v="private"/>
    <tag k="highway" v="service"/>
    <tag k="service" v="driveway"/>
  </way>
  <way id="531725867">
    <nd ref="5161203249"/>
    <nd ref="5161203250"/>
    <nd ref="5161203251"/>
    <tag k="access" v="private"/>
    <tag k="highway" v="service"/>
    <tag k="service" v="driveway"/>
  </way>
  <way id="531725868">
    <nd ref="5161203252"/>
    <nd ref="5161203253"/>
    <tag k="access" v="private"/>
    <tag k="highway" v="service"/>
    <tag k="service" v="driveway"/>
  </way>
  <way id="531725869">
    <nd ref="5161203254"/>
    <nd ref="5161203255"/>
    <tag k="highway" v="path"/>
    <tag k="surface" v="paved"/>
  </way>
  <way id="531725870">
    <nd ref="5161203256"/>
    <nd ref="5161203257"/>
    <tag k="access" v="private"/>
    <tag k="highway" v="service"/>
    <tag k="service" v="driveway"/>
  </way>
  <way id="531725872">
    <nd ref="5161203260"/>
    <nd ref="5161203261"/>
    <tag k="access" v="private"/>
    <tag k="highway" v="service"/>
    <tag k="service" v="driveway"/>
  </way>
  <way id="531725873">
    <nd ref="5161203262"/>
    <nd ref="5161203263"/>
    <tag k="access" v="private"/>
    <tag k="highway" v="service"/>
    <tag k="service" v="driveway"/>
  </way>
  <way id="531725874">
    <nd ref="5161203264"/>
    <nd ref="5161203265"/>
    <nd ref="5161203266"/>
    <tag k="access" v="private"/>
    <tag k="highway" v="service"/>
    <tag k="service" v="driveway"/>
  </way>
  <way id="531725875">
    <nd ref="5161203267"/>
    <nd ref="5161203268"/>
    <tag k="access" v="private"/>
    <tag k="highway" v="service"/>
    <tag k="service" v="driveway"/>
  </way>
  <way id="531725876">
    <nd ref="5161203269"/>
    <nd ref="5161203270"/>
    <tag k="access" v="private"/>
    <tag k="highway" v="service"/>
    <tag k="service" v="driveway"/>
  </way>
  <way id="531725877">
    <nd ref="5161203271"/>
    <nd ref="5161203272"/>
    <tag k="access" v="private"/>
    <tag k="highway" v="service"/>
    <tag k="service" v="driveway"/>
  </way>
  <way id="531725878">
    <nd ref="5161203273"/>
    <nd ref="5161203274"/>
    <tag k="access" v="private"/>
    <tag k="highway" v="service"/>
    <tag k="service" v="driveway"/>
  </way>
  <way id="531725879">
    <nd ref="5161203275"/>
    <nd ref="5161203276"/>
    <tag k="highway" v="service"/>
    <tag k="service" v="driveway"/>
  </way>
  <way id="560770879">
    <nd ref="5407704443"/>
    <nd ref="5407704442"/>
    <tag k="access" v="private"/>
    <tag k="highway" v="service"/>
    <tag k="service" v="driveway"/>
  </way>
  <way id="560770880">
    <nd ref="5407704445"/>
    <nd ref="5407704444"/>
    <tag k="access" v="private"/>
    <tag k="highway" v="service"/>
    <tag k="service" v="driveway"/>
  </way>
  <way id="560770881">
    <nd ref="5407704447"/>
    <nd ref="5407704446"/>
    <tag k="access" v="private"/>
    <tag k="highway" v="service"/>
    <tag k="service" v="driveway"/>
  </way>
  <way id="560770883">
    <nd ref="5407704450"/>
    <nd ref="5407704449"/>
    <nd ref="5407704448"/>
    <tag k="access" v="private"/>
    <tag k="highway" v="service"/>
    <tag k="service" v="driveway"/>
  </way>
  <way id="560770884">
    <nd ref="5407704452"/>
    <nd ref="5407704451"/>
    <tag k="access" v="private"/>
    <tag k="highway" v="service"/>
    <tag k="service" v="driveway"/>
  </way>
  <way id="560770886">
    <nd ref="5407704454"/>
    <nd ref="5407704453"/>
    <tag k="access" v="private"/>
    <tag k="highway" v="service"/>
    <tag k="service" v="driveway"/>
  </way>
  <way id="560770887">
    <nd ref="5407704457"/>
    <nd ref="5407704456"/>
    <nd ref="5407704455"/>
    <tag k="access" v="private"/>
    <tag k="highway" v="service"/>
    <tag k="service" v="driveway"/>
  </way>
  <way id="560770890">
    <nd ref="5407704461"/>
    <nd ref="5407704460"/>
    <nd ref="5407704459"/>
    <nd ref="5407704458"/>
    <tag k="access" v="private"/>
    <tag k="highway" v="service"/>
    <tag k="service" v="driveway"/>
  </way>
  <way id="560770892">
    <nd ref="5407704464"/>
    <nd ref="5407704463"/>
    <nd ref="5407704462"/>
    <tag k="access" v="private"/>
    <tag k="highway" v="service"/>
    <tag k="service" v="driveway"/>
  </way>
  <way id="560770895">
    <nd ref="5407704469"/>
    <nd ref="5407704468"/>
    <nd ref="5407704467"/>
    <nd ref="5407704466"/>
    <nd ref="5407704465"/>
    <tag k="access" v="private"/>
    <tag k="highway" v="service"/>
    <tag k="service" v="driveway"/>
  </way>
  <way id="560770896">
    <nd ref="5407704471"/>
    <nd ref="5407704470"/>
    <tag k="access" v="private"/>
    <tag k="highway" v="service"/>
    <tag k="service" v="driveway"/>
  </way>
  <way id="560770897">
    <nd ref="5407704474"/>
    <nd ref="5407704473"/>
    <nd ref="2483799048"/>
    <nd ref="5407704472"/>
    <tag k="access" v="private"/>
    <tag k="highway" v="service"/>
    <tag k="service" v="driveway"/>
  </way>
  <way id="560770899">
    <nd ref="5407704477"/>
    <nd ref="5407704476"/>
    <nd ref="5407704475"/>
    <tag k="access" v="private"/>
    <tag k="highway" v="service"/>
    <tag k="service" v="driveway"/>
  </way>
  <way id="560770900">
    <nd ref="5407704478"/>
    <nd ref="2483799045"/>
    <tag k="access" v="private"/>
    <tag k="highway" v="service"/>
    <tag k="service" v="driveway"/>
  </way>
  <way id="560770901">
    <nd ref="5407704480"/>
    <nd ref="5407704479"/>
    <tag k="access" v="private"/>
    <tag k="highway" v="service"/>
    <tag k="service" v="driveway"/>
  </way>
  <way id="560770902">
    <nd ref="5407704482"/>
    <nd ref="5407704481"/>
    <tag k="access" v="private"/>
    <tag k="highway" v="service"/>
    <tag k="service" v="driveway"/>
  </way>
  <way id="560770903">
    <nd ref="5407704484"/>
    <nd ref="5407704483"/>
    <tag k="access" v="private"/>
    <tag k="highway" v="service"/>
    <tag k="service" v="driveway"/>
  </way>
  <way id="560770904">
    <nd ref="5407704485"/>
    <nd ref="4728020642"/>
    <tag k="access" v="private"/>
    <tag k="highway" v="service"/>
    <tag k="service" v="driveway"/>
  </way>
  <way id="560770905">
    <nd ref="5407704487"/>
    <nd ref="5407704486"/>
    <tag k="access" v="private"/>
    <tag k="highway" v="service"/>
    <tag k="service" v="driveway"/>
  </way>
  <way id="560770906">
    <nd ref="5407704489"/>
    <nd ref="5407704488"/>
    <nd ref="2980209834"/>
    <tag k="access" v="private"/>
    <tag k="highway" v="service"/>
    <tag k="service" v="driveway"/>
  </way>
  <way id="560770907">
    <nd ref="5407704492"/>
    <nd ref="5407704491"/>
    <nd ref="5407704490"/>
    <nd ref="4901174947"/>
    <tag k="access" v="private"/>
    <tag k="highway" v="service"/>
    <tag k="service" v="driveway"/>
  </way>
  <way id="560770908">
    <nd ref="5407704495"/>
    <nd ref="5407704494"/>
    <nd ref="5407704493"/>
    <tag k="access" v="private"/>
    <tag k="highway" v="service"/>
    <tag k="service" v="driveway"/>
  </way>
  <way id="560770909">
    <nd ref="5407704497"/>
    <nd ref="5407704496"/>
    <tag k="access" v="private"/>
    <tag k="highway" v="service"/>
    <tag k="service" v="driveway"/>
  </way>
  <way id="560770910">
    <nd ref="5407704499"/>
    <nd ref="5407704498"/>
    <tag k="access" v="private"/>
    <tag k="highway" v="service"/>
    <tag k="service" v="driveway"/>
  </way>
  <way id="560770911">
    <nd ref="5407704501"/>
    <nd ref="5407704500"/>
    <tag k="access" v="private"/>
    <tag k="highway" v="service"/>
    <tag k="service" v="driveway"/>
  </way>
  <way id="560770912">
    <nd ref="5407704503"/>
    <nd ref="5407704502"/>
    <tag k="access" v="private"/>
    <tag k="highway" v="service"/>
    <tag k="service" v="driveway"/>
  </way>
  <way id="560770913">
    <nd ref="5407704505"/>
    <nd ref="5407704504"/>
    <nd ref="9054646451"/>
    <tag k="access" v="private"/>
    <tag k="highway" v="service"/>
    <tag k="service" v="driveway"/>
  </way>
  <way id="560770915">
    <nd ref="5407704508"/>
    <nd ref="5407704507"/>
    <nd ref="5407704506"/>
    <tag k="access" v="private"/>
    <tag k="highway" v="service"/>
    <tag k="service" v="driveway"/>
  </way>
  <way id="560770916">
    <nd ref="5407704510"/>
    <nd ref="5407704509"/>
    <tag k="access" v="private"/>
    <tag k="highway" v="service"/>
    <tag k="service" v="driveway"/>
  </way>
  <way id="560770917">
    <nd ref="5407704511"/>
    <nd ref="5161203270"/>
    <tag k="access" v="private"/>
    <tag k="highway" v="service"/>
    <tag k="service" v="driveway"/>
  </way>
  <way id="560770918">
    <nd ref="5407704513"/>
    <nd ref="5407704512"/>
    <tag k="access" v="private"/>
    <tag k="highway" v="service"/>
    <tag k="service" v="driveway"/>
  </way>
  <way id="560770919">
    <nd ref="5407704515"/>
    <nd ref="5407704514"/>
    <tag k="access" v="private"/>
    <tag k="highway" v="service"/>
    <tag k="service" v="driveway"/>
  </way>
  <way id="560770920">
    <nd ref="5407704519"/>
    <nd ref="5407704518"/>
    <nd ref="5407704517"/>
    <nd ref="5407704516"/>
    <tag k="access" v="private"/>
    <tag k="highway" v="service"/>
    <tag k="service" v="driveway"/>
  </way>
  <way id="560770921">
    <nd ref="5407704521"/>
    <nd ref="5407704520"/>
    <tag k="access" v="private"/>
    <tag k="highway" v="service"/>
    <tag k="service" v="driveway"/>
  </way>
  <way id="560770922">
    <nd ref="5407704526"/>
    <nd ref="5407704525"/>
    <nd ref="5407704524"/>
    <nd ref="5407704523"/>
    <nd ref="5407704522"/>
    <tag k="access" v="private"/>
    <tag k="highway" v="service"/>
    <tag k="service" v="driveway"/>
  </way>
  <way id="560770923">
    <nd ref="5407704527"/>
    <nd ref="5407704531"/>
    <tag k="access" v="private"/>
    <tag k="highway" v="service"/>
    <tag k="service" v="driveway"/>
  </way>
  <way id="560770924">
    <nd ref="5407704530"/>
    <nd ref="5407704529"/>
    <nd ref="5407704528"/>
    <tag k="access" v="private"/>
    <tag k="highway" v="service"/>
    <tag k="service" v="driveway"/>
  </way>
  <way id="560770925">
    <nd ref="5407704532"/>
    <nd ref="5407704531"/>
    <tag k="access" v="private"/>
    <tag k="highway" v="service"/>
    <tag k="service" v="driveway"/>
  </way>
  <way id="560770926">
    <nd ref="5407704535"/>
    <nd ref="5407704534"/>
    <nd ref="5407704533"/>
    <tag k="access" v="private"/>
    <tag k="highway" v="service"/>
    <tag k="service" v="driveway"/>
  </way>
  <way id="560770927">
    <nd ref="5407704537"/>
    <nd ref="5407704536"/>
    <tag k="access" v="private"/>
    <tag k="highway" v="path"/>
    <tag k="surface" v="gravel"/>
  </way>
  <way id="560770928">
    <nd ref="5407704539"/>
    <nd ref="5407704538"/>
    <tag k="access" v="private"/>
    <tag k="highway" v="service"/>
    <tag k="service" v="driveway"/>
  </way>
  <way id="560770929">
    <nd ref="5407704541"/>
    <nd ref="5407704540"/>
    <tag k="access" v="private"/>
    <tag k="highway" v="service"/>
    <tag k="service" v="driveway"/>
  </way>
  <way id="560770930">
    <nd ref="5407704545"/>
    <nd ref="5407704544"/>
    <nd ref="5407704543"/>
    <nd ref="5407704542"/>
    <tag k="access" v="private"/>
    <tag k="highway" v="service"/>
    <tag k="service" v="driveway"/>
  </way>
  <way id="560770931">
    <nd ref="5407704547"/>
    <nd ref="5407704546"/>
    <tag k="access" v="private"/>
    <tag k="highway" v="service"/>
    <tag k="service" v="driveway"/>
  </way>
  <way id="560770932">
    <nd ref="5407704549"/>
    <nd ref="5407704548"/>
    <tag k="access" v="private"/>
    <tag k="highway" v="service"/>
    <tag k="service" v="driveway"/>
  </way>
  <way id="560770933">
    <nd ref="5407704551"/>
    <nd ref="5407704550"/>
    <tag k="access" v="private"/>
    <tag k="highway" v="service"/>
    <tag k="service" v="driveway"/>
  </way>
  <way id="560770934">
    <nd ref="5407704553"/>
    <nd ref="5407704552"/>
    <tag k="access" v="private"/>
    <tag k="highway" v="service"/>
    <tag k="service" v="driveway"/>
  </way>
  <way id="560770935">
    <nd ref="5407704556"/>
    <nd ref="5407704555"/>
    <nd ref="5407704554"/>
    <tag k="access" v="private"/>
    <tag k="highway" v="service"/>
    <tag k="service" v="driveway"/>
  </way>
  <way id="560770936">
    <nd ref="5407704559"/>
    <nd ref="5407704558"/>
    <nd ref="5407704557"/>
    <tag k="access" v="private"/>
    <tag k="highway" v="service"/>
    <tag k="service" v="driveway"/>
  </way>
  <way id="560770937">
    <nd ref="5407704560"/>
    <nd ref="5407704562"/>
    <tag k="access" v="private"/>
    <tag k="highway" v="service"/>
    <tag k="service" v="driveway"/>
  </way>
  <way id="560770938">
    <nd ref="5407704564"/>
    <nd ref="5407704563"/>
    <nd ref="5407704562"/>
    <nd ref="5407704561"/>
    <tag k="access" v="private"/>
    <tag k="highway" v="service"/>
    <tag k="service" v="driveway"/>
  </way>
  <way id="560770939">
    <nd ref="5407704566"/>
    <nd ref="5407704565"/>
    <tag k="access" v="private"/>
    <tag k="highway" v="service"/>
    <tag k="service" v="driveway"/>
  </way>
  <way id="560770940">
    <nd ref="5407704568"/>
    <nd ref="5407704567"/>
    <tag k="access" v="private"/>
    <tag k="highway" v="service"/>
    <tag k="service" v="driveway"/>
  </way>
  <way id="560770941">
    <nd ref="5407704570"/>
    <nd ref="5407704569"/>
    <tag k="access" v="private"/>
    <tag k="highway" v="service"/>
    <tag k="service" v="driveway"/>
  </way>
  <way id="560770942">
    <nd ref="5407704572"/>
    <nd ref="5407704571"/>
    <tag k="access" v="private"/>
    <tag k="highway" v="service"/>
    <tag k="service" v="driveway"/>
  </way>
  <way id="560770943">
    <nd ref="5407704575"/>
    <nd ref="5407704574"/>
    <nd ref="5407704573"/>
    <tag k="access" v="private"/>
    <tag k="highway" v="service"/>
    <tag k="service" v="driveway"/>
  </way>
  <way id="573444418">
    <nd ref="5507506617"/>
    <nd ref="2982381037"/>
    <tag k="highway" v="track"/>
    <tag k="tracktype" v="grade4"/>
  </way>
  <way id="623081079">
    <nd ref="1417644392"/>
    <nd ref="5884682901"/>
    <nd ref="5884682902"/>
    <nd ref="5884682903"/>
    <nd ref="5884682888"/>
    <nd ref="5884682900"/>
    <nd ref="5884682899"/>
    <nd ref="5884682889"/>
    <nd ref="5884682898"/>
    <nd ref="5884682897"/>
    <nd ref="5884682890"/>
    <nd ref="5884682896"/>
    <nd ref="5884682894"/>
    <nd ref="5884682892"/>
    <nd ref="5884682895"/>
    <nd ref="5884682893"/>
    <nd ref="356689442"/>
    <tag k="highway" v="track"/>
  </way>
  <way id="623081081">
    <nd ref="5884682897"/>
    <nd ref="5884682919"/>
    <tag k="highway" v="track"/>
  </way>
  <way id="623081134">
    <nd ref="5884679469"/>
    <nd ref="5884682913"/>
    <tag k="highway" v="track"/>
  </way>
  <way id="702057538">
    <nd ref="6592995921"/>
    <nd ref="6592995920"/>
    <nd ref="6592995833"/>
    <nd ref="6592995826"/>
    <nd ref="6592995825"/>
    <nd ref="10079931029"/>
    <nd ref="6592995827"/>
    <nd ref="6592995824"/>
    <nd ref="8289670555"/>
    <nd ref="6592995843"/>
    <nd ref="6592995845"/>
    <nd ref="6592995844"/>
    <nd ref="6592995846"/>
    <nd ref="6592995847"/>
    <nd ref="6592995851"/>
    <nd ref="6592995852"/>
    <nd ref="6592995854"/>
    <nd ref="6592995856"/>
    <nd ref="6592995855"/>
    <nd ref="6592995864"/>
    <nd ref="6592995865"/>
    <nd ref="6592995867"/>
    <nd ref="6592995868"/>
    <nd ref="6592995869"/>
    <nd ref="6592995870"/>
    <nd ref="6592995871"/>
    <nd ref="6592995872"/>
    <nd ref="6592995873"/>
    <nd ref="6592995866"/>
    <nd ref="10154005967"/>
    <nd ref="6592995919"/>
    <nd ref="10154005968"/>
    <nd ref="6592995878"/>
    <nd ref="6592995879"/>
    <nd ref="6592995880"/>
    <nd ref="6592995885"/>
    <nd ref="6592995886"/>
    <nd ref="6592995887"/>
    <nd ref="6592995888"/>
    <nd ref="6592995889"/>
    <nd ref="6592995890"/>
    <nd ref="6592995891"/>
    <nd ref="9526294203"/>
    <nd ref="6592995897"/>
    <nd ref="6592995898"/>
    <nd ref="6592995899"/>
    <nd ref="6592995900"/>
    <nd ref="6592995901"/>
    <nd ref="6592995902"/>
    <nd ref="10154369161"/>
    <nd ref="6592995910"/>
    <nd ref="10154369163"/>
    <nd ref="10154369168"/>
    <nd ref="8289670586"/>
    <nd ref="8289670585"/>
    <nd ref="8289670584"/>
    <nd ref="8289670583"/>
    <nd ref="8289670582"/>
    <nd ref="5161201692"/>
    <nd ref="8289670580"/>
    <nd ref="8289670579"/>
    <nd ref="8289670578"/>
    <nd ref="8289670577"/>
    <tag k="bicycle" v="designated"/>
    <tag k="foot" v="designated"/>
    <tag k="highway" v="path"/>
    <tag k="segregated" v="no"/>
    <tag k="surface" v="paved"/>
    <tag k="width" v="2"/>
  </way>
  <way id="702080290">
    <nd ref="5161203261"/>
    <nd ref="5161203259"/>
    <nd ref="4728020653"/>
    <nd ref="430400746"/>
    <tag k="destination:backward" v="Reichertshofen"/>
    <tag k="highway" v="secondary"/>
    <tag k="lcn" v="yes"/>
    <tag k="maxspeed" v="50"/>
    <tag k="maxspeed:conditional" v="30 @ (Mo-Fr 07:00-17:00)"/>
    <tag k="maxspeed:type" v="sign"/>
    <tag k="name" v="Hauptstraße"/>
    <tag k="psv" v="yes"/>
    <tag k="ref" v="St 2049"/>
    <tag k="surface" v="asphalt"/>
  </way>
  <way id="746480601">
    <nd ref="444848780"/>
    <nd ref="9071210167"/>
    <tag k="bdouble" v="yes"/>
    <tag k="destination:lanes:backward" v="Schrobenhausen;Zuchering|Donauwörth;Neuburg"/>
    <tag k="highway" v="primary"/>
    <tag k="lanes" v="3"/>
    <tag k="lanes:backward" v="2"/>
    <tag k="lanes:forward" v="1"/>
    <tag k="maxspeed" v="80"/>
    <tag k="motorroad" v="yes"/>
    <tag k="ref" v="B 16"/>
    <tag k="surface" v="asphalt"/>
    <tag k="turn:lanes:backward" v="left|none"/>
  </way>
  <way id="800262885">
    <nd ref="7484178814"/>
    <nd ref="8289670486"/>
    <nd ref="7484178815"/>
    <nd ref="7484178824"/>
    <nd ref="7484178825"/>
    <nd ref="7484178816"/>
    <nd ref="7484178817"/>
    <nd ref="7484178818"/>
    <nd ref="7484178836"/>
    <nd ref="7484178819"/>
    <nd ref="7484178820"/>
    <nd ref="7484178821"/>
    <nd ref="7484178822"/>
    <nd ref="7484178823"/>
    <nd ref="7484178824"/>
    <tag k="highway" v="service"/>
  </way>
  <way id="800262886">
    <nd ref="7484178825"/>
    <nd ref="7484178826"/>
    <nd ref="7484178827"/>
    <nd ref="7484178828"/>
    <nd ref="7484178829"/>
    <nd ref="7484178830"/>
    <nd ref="7484178831"/>
    <nd ref="7484178832"/>
    <nd ref="7484178833"/>
    <nd ref="7484178834"/>
    <nd ref="7484178835"/>
    <nd ref="7484178836"/>
    <tag k="highway" v="service"/>
  </way>
  <way id="804495312">
    <nd ref="4319181303"/>
    <nd ref="7524738603"/>
    <nd ref="7524738604"/>
    <nd ref="7524738605"/>
    <tag k="highway" v="service"/>
  </way>
  <way id="807139447">
    <nd ref="1226536917"/>
    <nd ref="12149910958"/>
    <nd ref="12149910947"/>
    <nd ref="7996778661"/>
    <nd ref="7547892312"/>
    <nd ref="12149910946"/>
    <nd ref="7547892311"/>
    <nd ref="7547892310"/>
    <tag k="access" v="no"/>
    <tag k="cycleway:right" v="no"/>
    <tag k="destination" v="Schrobenhausen;Karlskron;Zuchering"/>
    <tag k="highway" v="primary_link"/>
    <tag k="lanes" v="1"/>
    <tag k="motor_vehicle" v="yes"/>
    <tag k="oneway" v="yes"/>
    <tag k="surface" v="asphalt"/>
  </way>
  <way id="807139448">
    <nd ref="7547892318"/>
    <nd ref="12149910953"/>
    <nd ref="12149910952"/>
    <nd ref="7547892317"/>
    <nd ref="7996778659"/>
    <nd ref="12149910951"/>
    <nd ref="7547892316"/>
    <nd ref="12149910950"/>
    <nd ref="12149910948"/>
    <nd ref="12149910949"/>
    <nd ref="9071210167"/>
    <tag k="access" v="no"/>
    <tag k="highway" v="primary_link"/>
    <tag k="lanes" v="1"/>
    <tag k="motor_vehicle" v="yes"/>
    <tag k="oneway" v="yes"/>
    <tag k="surface" v="asphalt"/>
  </way>
  <way id="814993108">
    <nd ref="7547892315"/>
    <nd ref="1234625302"/>
    <tag k="bdouble" v="yes"/>
    <tag k="highway" v="primary"/>
    <tag k="lanes" v="2"/>
    <tag k="maxspeed" v="80"/>
    <tag k="motorroad" v="yes"/>
    <tag k="ref" v="B 16"/>
    <tag k="surface" v="asphalt"/>
  </way>
  <way id="814993109">
    <nd ref="7547892310"/>
    <nd ref="7996778666"/>
    <nd ref="12149910955"/>
    <nd ref="12149910954"/>
    <nd ref="444848781"/>
    <tag k="access" v="no"/>
    <tag k="highway" v="primary_link"/>
    <tag k="lanes" v="1"/>
    <tag k="motor_vehicle" v="yes"/>
    <tag k="oneway" v="yes"/>
    <tag k="surface" v="asphalt"/>
  </way>
  <way id="814993111">
    <nd ref="1226536917"/>
    <nd ref="444848780"/>
    <tag k="bdouble" v="yes"/>
    <tag k="highway" v="primary"/>
    <tag k="lanes" v="2"/>
    <tag k="maxspeed" v="80"/>
    <tag k="motorroad" v="yes"/>
    <tag k="ref" v="B 16"/>
    <tag k="surface" v="asphalt"/>
  </way>
  <way id="816425094">
    <nd ref="7625067610"/>
    <nd ref="7625067609"/>
    <tag k="highway" v="service"/>
    <tag k="smoothness" v="good"/>
    <tag k="surface" v="paving_stones"/>
  </way>
  <way id="816425095">
    <nd ref="7625067612"/>
    <nd ref="7625067611"/>
    <tag k="highway" v="service"/>
    <tag k="smoothness" v="good"/>
    <tag k="surface" v="paving_stones"/>
  </way>
  <way id="816425097">
    <nd ref="7625067617"/>
    <nd ref="7625067616"/>
    <nd ref="7625067615"/>
    <nd ref="7625067614"/>
    <tag k="highway" v="service"/>
    <tag k="smoothness" v="good"/>
    <tag k="surface" v="paving_stones"/>
  </way>
  <way id="816425104">
    <nd ref="7625067635"/>
    <nd ref="7625067634"/>
    <tag k="highway" v="service"/>
  </way>
  <way id="816425105">
    <nd ref="7625067639"/>
    <nd ref="7625067638"/>
    <nd ref="7625067637"/>
    <nd ref="7625067636"/>
    <tag k="highway" v="service"/>
  </way>
  <way id="816425106">
    <nd ref="7625067641"/>
    <nd ref="7625067640"/>
    <tag k="highway" v="service"/>
  </way>
  <way id="816425107">
    <nd ref="7625067643"/>
    <nd ref="7625067642"/>
    <tag k="highway" v="service"/>
  </way>
  <way id="816425108">
    <nd ref="7625067646"/>
    <nd ref="7625067645"/>
    <nd ref="7625067644"/>
    <tag k="highway" v="service"/>
  </way>
  <way id="816425109">
    <nd ref="7625067648"/>
    <nd ref="7625067647"/>
    <tag k="highway" v="service"/>
  </way>
  <way id="816425110">
    <nd ref="356685076"/>
    <nd ref="7625067651"/>
    <nd ref="7625067650"/>
    <nd ref="7625067649"/>
    <tag k="highway" v="service"/>
  </way>
  <way id="816425111">
    <nd ref="7625067657"/>
    <nd ref="7625067656"/>
    <nd ref="7625067655"/>
    <nd ref="7625067654"/>
    <nd ref="7625067653"/>
    <nd ref="7625067652"/>
    <tag k="highway" v="service"/>
  </way>
  <way id="816425112">
    <nd ref="7625067660"/>
    <nd ref="7625067659"/>
    <nd ref="7625067658"/>
    <tag k="highway" v="service"/>
  </way>
  <way id="816519315">
    <nd ref="7626040411"/>
    <nd ref="7626040405"/>
    <nd ref="7626040404"/>
    <nd ref="7626040403"/>
    <nd ref="7626040402"/>
    <nd ref="7626040401"/>
    <nd ref="7626040400"/>
    <nd ref="7626040399"/>
    <nd ref="7626040398"/>
    <nd ref="7626040397"/>
    <nd ref="7626040396"/>
    <nd ref="7626040394"/>
    <nd ref="7626040393"/>
    <nd ref="7626040392"/>
    <nd ref="7626040391"/>
    <nd ref="7626040390"/>
    <nd ref="7626040389"/>
    <nd ref="7626040388"/>
    <nd ref="8286408553"/>
    <nd ref="8286408552"/>
    <tag k="highway" v="track"/>
  </way>
  <way id="816521101">
    <nd ref="8968419534"/>
    <nd ref="7626048463"/>
    <nd ref="7626048462"/>
    <nd ref="8968419643"/>
    <nd ref="8968419646"/>
    <nd ref="8968419644"/>
    <nd ref="7626048461"/>
    <tag k="highway" v="track"/>
    <tag k="surface" v="grass"/>
    <tag k="tracktype" v="grade4"/>
  </way>
  <way id="852160196">
    <nd ref="356686750"/>
    <nd ref="7948713919"/>
    <tag k="highway" v="track"/>
    <tag k="source" v="bing; estimate; survey"/>
    <tag k="surface" v="gravel"/>
  </way>
  <way id="855650882">
    <nd ref="9501546382"/>
    <nd ref="332477478"/>
    <nd ref="366505327"/>
    <tag k="highway" v="secondary"/>
    <tag k="name" v="Ringstraße"/>
    <tag k="psv" v="yes"/>
    <tag k="ref" v="St 2044"/>
    <tag k="surface" v="asphalt"/>
  </way>
  <way id="857749998">
    <nd ref="7547892318"/>
    <nd ref="7996778664"/>
    <nd ref="7996778665"/>
    <nd ref="12149910944"/>
    <nd ref="444848780"/>
    <tag k="access" v="no"/>
    <tag k="highway" v="primary_link"/>
    <tag k="lanes" v="1"/>
    <tag k="motor_vehicle" v="yes"/>
    <tag k="oneway" v="yes"/>
  </way>
  <way id="859037747">
    <nd ref="2040773668"/>
    <nd ref="2040773673"/>
    <nd ref="249794055"/>
    <nd ref="2040773690"/>
    <nd ref="290274352"/>
    <tag k="embankment" v="yes"/>
    <tag k="highway" v="secondary"/>
    <tag k="maxspeed" v="100"/>
    <tag k="name" v="Karlskroner Straße"/>
    <tag k="psv" v="yes"/>
    <tag k="ref" v="St 2044"/>
    <tag k="source:maxspeed" v="sign"/>
    <tag k="surface" v="asphalt"/>
  </way>
  <way id="859235475">
    <nd ref="430399857"/>
    <nd ref="2349084055"/>
    <nd ref="8018868150"/>
    <nd ref="9501546330"/>
    <nd ref="9501546331"/>
    <nd ref="9501546332"/>
    <nd ref="9501546333"/>
    <nd ref="9501546334"/>
    <nd ref="9501546335"/>
    <nd ref="9501546336"/>
    <tag k="highway" v="residential"/>
    <tag k="name" v="Erdweg"/>
    <tag k="source" v="Yahoo"/>
    <tag k="surface" v="asphalt"/>
  </way>
  <way id="859235478">
    <nd ref="281352074"/>
    <nd ref="8018787433"/>
    <nd ref="8018787432"/>
    <nd ref="9501547723"/>
    <nd ref="8018787426"/>
    <nd ref="9501546387"/>
    <nd ref="8018787421"/>
    <nd ref="8018787422"/>
    <nd ref="9501547724"/>
    <nd ref="8018787423"/>
    <tag k="highway" v="secondary"/>
    <tag k="junction" v="roundabout"/>
    <tag k="psv" v="yes"/>
    <tag k="surface" v="asphalt"/>
    <tag k="unsigned_ref" v="St 2044"/>
  </way>
  <way id="859235480">
    <nd ref="5161203279"/>
    <nd ref="5161203280"/>
    <tag k="access" v="private"/>
    <tag k="highway" v="service"/>
    <tag k="service" v="driveway"/>
  </way>
  <way id="860398335">
    <nd ref="8018833589"/>
    <nd ref="8018833590"/>
    <tag k="highway" v="service"/>
    <tag k="service" v="driveway"/>
  </way>
  <way id="868050559">
    <nd ref="9057425337"/>
    <nd ref="9057425338"/>
    <nd ref="251339827"/>
    <nd ref="8091189735"/>
    <nd ref="8091189737"/>
    <nd ref="8091189738"/>
    <nd ref="8091189739"/>
    <nd ref="251339828"/>
    <nd ref="8091189740"/>
    <nd ref="2040774222"/>
    <nd ref="8091189741"/>
    <nd ref="8091189742"/>
    <nd ref="251339997"/>
    <nd ref="9057425331"/>
    <nd ref="9057425332"/>
    <nd ref="9057425333"/>
    <nd ref="9057425336"/>
    <nd ref="251339830"/>
    <nd ref="9057425334"/>
    <nd ref="9057425335"/>
    <nd ref="9057425337"/>
    <tag k="cycleway:right" v="no"/>
    <tag k="highway" v="residential"/>
    <tag k="junction" v="roundabout"/>
    <tag k="lanes" v="1"/>
    <tag k="lit" v="yes"/>
    <tag k="maxspeed" v="50"/>
    <tag k="psv" v="yes"/>
    <tag k="sidewalk" v="right"/>
    <tag k="sidewalk:right:surface" v="paving_stones"/>
    <tag k="smoothness" v="good"/>
    <tag k="surface" v="asphalt"/>
  </way>
  <way id="883134356">
    <nd ref="1634976685"/>
    <nd ref="8212600735"/>
    <nd ref="8212561715"/>
    <nd ref="8212561716"/>
    <nd ref="8212600717"/>
    <nd ref="8212600718"/>
    <nd ref="8212600719"/>
    <nd ref="8212600720"/>
    <nd ref="8212600721"/>
    <nd ref="8212600722"/>
    <nd ref="8212600723"/>
    <nd ref="8212600724"/>
    <nd ref="8212600725"/>
    <nd ref="8212600726"/>
    <nd ref="8212600727"/>
    <nd ref="8212600728"/>
    <nd ref="8212600729"/>
    <nd ref="8212600730"/>
    <nd ref="8212600731"/>
    <nd ref="8212600732"/>
    <nd ref="8763712141"/>
    <nd ref="8212600734"/>
    <nd ref="8212600733"/>
    <tag k="highway" v="service"/>
  </way>
  <way id="883160202">
    <nd ref="8212831465"/>
    <nd ref="8212831466"/>
    <nd ref="8212831467"/>
    <tag k="highway" v="service"/>
  </way>
  <way id="885513469">
    <nd ref="248135160"/>
    <nd ref="1357603669"/>
    <nd ref="290274329"/>
    <tag k="embankment" v="yes"/>
    <tag k="highway" v="unclassified"/>
    <tag k="maxspeed" v="60"/>
    <tag k="name" v="Windener Straße"/>
    <tag k="psv" v="yes"/>
    <tag k="surface" v="asphalt"/>
  </way>
  <way id="885513470">
    <nd ref="290274332"/>
    <nd ref="321214542"/>
    <tag k="embankment" v="yes"/>
    <tag k="highway" v="tertiary"/>
    <tag k="maxspeed" v="50"/>
    <tag k="name" v="Karlskroner Straße"/>
    <tag k="psv" v="yes"/>
    <tag k="ref" v="IN 15"/>
    <tag k="source:maxspeed" v="sign"/>
    <tag k="surface" v="asphalt"/>
  </way>
  <way id="885513471">
    <nd ref="1357603558"/>
    <nd ref="1357603624"/>
    <nd ref="8234347061"/>
    <nd ref="8234347059"/>
    <nd ref="248135161"/>
    <nd ref="340390657"/>
    <nd ref="430420249"/>
    <nd ref="248135162"/>
    <nd ref="1357603593"/>
    <tag k="highway" v="unclassified"/>
    <tag k="maxspeed" v="60"/>
    <tag k="name" v="Windener Straße"/>
    <tag k="psv" v="yes"/>
    <tag k="surface" v="asphalt"/>
  </way>
  <way id="889622623">
    <nd ref="290274316"/>
    <nd ref="291613419"/>
    <tag k="highway" v="unclassified"/>
    <tag k="lit" v="no"/>
    <tag k="maxspeed" v="100"/>
    <tag k="name" v="Hirthausweg"/>
    <tag k="source" v="Yahoo"/>
    <tag k="source:maxspeed" v="sign"/>
    <tag k="surface" v="asphalt"/>
  </way>
  <way id="891902977">
    <nd ref="8289670481"/>
    <nd ref="4997153578"/>
    <tag k="bridge" v="yes"/>
    <tag k="highway" v="secondary"/>
    <tag k="layer" v="1"/>
    <tag k="name" v="Neuburger Straße"/>
    <tag k="ref" v="St 2048"/>
  </way>
  <way id="891902978">
    <nd ref="8289670484"/>
    <nd ref="430876917"/>
    <tag k="bicycle" v="designated"/>
    <tag k="foot" v="designated"/>
    <tag k="highway" v="path"/>
    <tag k="lcn" v="yes"/>
    <tag k="segregated" v="no"/>
    <tag k="source" v="Yahoo"/>
    <tag k="surface" v="asphalt"/>
    <tag k="traffic_sign" v="DE:240"/>
  </way>
  <way id="891902986">
    <nd ref="8289670561"/>
    <nd ref="12532725277"/>
    <nd ref="10079715084"/>
    <nd ref="8289670559"/>
    <nd ref="12532725276"/>
    <nd ref="8289670558"/>
    <nd ref="8289670561"/>
    <tag k="bench" v="yes"/>
    <tag k="bin" v="no"/>
    <tag k="bus" v="yes"/>
    <tag k="highway" v="platform;bus_stop"/>
    <tag k="kerb" v="raised"/>
    <tag k="kerb:height" v="0.13"/>
    <tag k="lit" v="yes"/>
    <tag k="name" v="Karlskron, Betriebshof;Karlskron, Firma Spangler"/>
    <tag k="network" v="Verkehrsverbund Großraum Ingolstadt"/>
    <tag k="network:guid" v="DE-BY-VGI"/>
    <tag k="network:short" v="VGI"/>
    <tag k="network:wikidata" v="Q99937594"/>
    <tag k="platform:width" v="2.00"/>
    <tag k="public_transport" v="platform"/>
    <tag k="ref:IFOPT" v="de:09185:1790:0:99"/>
    <tag k="shelter" v="yes"/>
    <tag k="wheelchair" v="no"/>
  </way>
  <way id="891902987">
    <nd ref="12532733528"/>
    <nd ref="12532725273"/>
    <nd ref="8289670575"/>
    <nd ref="8289670574"/>
    <nd ref="8289670573"/>
    <nd ref="8289670572"/>
    <tag k="bicycle" v="designated"/>
    <tag k="foot" v="designated"/>
    <tag k="highway" v="footway"/>
  </way>
  <way id="891902988">
    <nd ref="2483799044"/>
    <nd ref="2483799045"/>
    <tag k="highway" v="service"/>
  </way>
  <way id="891902989">
    <nd ref="2344647224"/>
    <nd ref="5161203243"/>
    <nd ref="5161201623"/>
    <nd ref="8289670587"/>
    <tag k="highway" v="residential"/>
    <tag k="maxspeed" v="10"/>
    <tag k="name" v="Bürgermeister-Stoll-Straße"/>
    <tag k="surface" v="asphalt"/>
  </way>
  <way id="891902993">
    <nd ref="8289670633"/>
    <nd ref="1418531811"/>
    <tag k="bicycle" v="designated"/>
    <tag k="foot" v="designated"/>
    <tag k="highway" v="path"/>
    <tag k="lcn" v="yes"/>
    <tag k="lit" v="no"/>
    <tag k="segregated" v="no"/>
    <tag k="surface" v="asphalt"/>
  </way>
  <way id="891902994">
    <nd ref="8289670620"/>
    <nd ref="1418531801"/>
    <nd ref="8289670634"/>
    <nd ref="8289670633"/>
    <tag k="bicycle" v="designated"/>
    <tag k="foot" v="designated"/>
    <tag k="highway" v="track"/>
    <tag k="lcn" v="yes"/>
    <tag k="lit" v="no"/>
    <tag k="segregated" v="no"/>
    <tag k="surface" v="asphalt"/>
    <tag k="tracktype" v="grade1"/>
    <tag k="vehicle" v="agricultural"/>
  </way>
  <way id="891902995">
    <nd ref="8289670633"/>
    <nd ref="8289670609"/>
    <tag k="highway" v="track"/>
    <tag k="surface" v="asphalt"/>
    <tag k="tracktype" v="grade1"/>
    <tag k="vehicle" v="agricultural"/>
  </way>
  <way id="891902996">
    <nd ref="8289670609"/>
    <nd ref="8289670619"/>
    <nd ref="8289670618"/>
    <nd ref="8289670617"/>
    <nd ref="8289670616"/>
    <nd ref="8289670615"/>
    <nd ref="8289670614"/>
    <nd ref="8289670613"/>
    <nd ref="8289670612"/>
    <nd ref="8289670611"/>
    <nd ref="8289670610"/>
    <tag k="highway" v="track"/>
    <tag k="surface" v="ground"/>
    <tag k="tracktype" v="grade3"/>
    <tag k="vehicle" v="agricultural"/>
  </way>
  <way id="891902997">
    <nd ref="8289670620"/>
    <nd ref="2992183489"/>
    <tag k="highway" v="track"/>
    <tag k="surface" v="asphalt"/>
    <tag k="tracktype" v="grade1"/>
    <tag k="vehicle" v="agricultural"/>
  </way>
  <way id="891902998">
    <nd ref="2992183481"/>
    <nd ref="2992183486"/>
    <nd ref="2992183488"/>
    <nd ref="8289670623"/>
    <nd ref="8289670622"/>
    <nd ref="8289670621"/>
    <nd ref="2992183489"/>
    <tag k="highway" v="track"/>
    <tag k="surface" v="ground"/>
    <tag k="tracktype" v="grade3"/>
  </way>
  <way id="891902999">
    <nd ref="8289670632"/>
    <nd ref="8289670631"/>
    <tag k="bicycle" v="designated"/>
    <tag k="foot" v="designated"/>
    <tag k="highway" v="path"/>
    <tag k="lcn" v="yes"/>
    <tag k="segregated" v="no"/>
  </way>
  <way id="891903000">
    <nd ref="2119510615"/>
    <nd ref="2927464849"/>
    <nd ref="249794053"/>
    <tag k="highway" v="tertiary"/>
    <tag k="lanes" v="2"/>
    <tag k="maxspeed" v="50"/>
    <tag k="maxspeed:backward" v="50"/>
    <tag k="maxspeed:forward" v="30"/>
    <tag k="name" v="Karlskroner Straße"/>
    <tag k="psv" v="yes"/>
    <tag k="ref" v="IN 15"/>
    <tag k="surface" v="asphalt"/>
  </way>
  <way id="895444791">
    <nd ref="8323580867"/>
    <nd ref="8323580868"/>
    <nd ref="8323580869"/>
    <nd ref="8323580870"/>
    <nd ref="8323580871"/>
    <nd ref="8323580872"/>
    <nd ref="8323580873"/>
    <tag k="access" v="private"/>
    <tag k="highway" v="service"/>
  </way>
  <way id="904142561">
    <nd ref="1357118147"/>
    <nd ref="8396990471"/>
    <nd ref="8396990472"/>
    <nd ref="8396990473"/>
    <nd ref="8396990474"/>
    <nd ref="8396990475"/>
    <nd ref="8396990476"/>
    <nd ref="8396990477"/>
    <nd ref="8396990478"/>
    <nd ref="8396990479"/>
    <nd ref="8396990480"/>
    <tag k="highway" v="service"/>
  </way>
  <way id="906493543">
    <nd ref="8417683864"/>
    <nd ref="8417683865"/>
    <nd ref="8417683866"/>
    <nd ref="8417683867"/>
    <tag k="highway" v="service"/>
  </way>
  <way id="913765613">
    <nd ref="8488221173"/>
    <nd ref="8488221174"/>
    <nd ref="8488221175"/>
    <nd ref="8488221176"/>
    <nd ref="8488221177"/>
    <nd ref="8488221178"/>
    <nd ref="8488221179"/>
    <tag k="highway" v="service"/>
  </way>
  <way id="918669553">
    <nd ref="8531893355"/>
    <nd ref="8531893356"/>
    <nd ref="8531893357"/>
    <tag k="highway" v="service"/>
  </way>
  <way id="918669554">
    <nd ref="8531893358"/>
    <nd ref="8531893359"/>
    <nd ref="8531893360"/>
    <nd ref="8531893361"/>
    <nd ref="8531893362"/>
    <tag k="highway" v="service"/>
  </way>
  <way id="921584070">
    <nd ref="8556068528"/>
    <nd ref="8556068529"/>
    <nd ref="8556068530"/>
    <nd ref="8556068531"/>
    <nd ref="8556068532"/>
    <nd ref="8556068533"/>
    <tag k="highway" v="service"/>
  </way>
  <way id="924699294">
    <nd ref="8581944184"/>
    <nd ref="8581944185"/>
    <nd ref="8581944186"/>
    <nd ref="8581944187"/>
    <nd ref="8581944188"/>
    <nd ref="8581944189"/>
    <nd ref="8581944190"/>
    <nd ref="9526287514"/>
    <nd ref="9526287515"/>
    <nd ref="9526287516"/>
    <nd ref="9526287517"/>
    <nd ref="9526287518"/>
    <nd ref="9526287519"/>
    <tag k="highway" v="track"/>
  </way>
  <way id="939171823">
    <nd ref="8700088206"/>
    <nd ref="8700088207"/>
    <nd ref="8700088208"/>
    <nd ref="8700088209"/>
    <nd ref="8700088210"/>
    <nd ref="8700088211"/>
    <tag k="highway" v="service"/>
  </way>
  <way id="941028474">
    <nd ref="8715005324"/>
    <nd ref="7547892315"/>
    <tag k="bdouble" v="yes"/>
    <tag k="highway" v="primary"/>
    <tag k="lanes" v="3"/>
    <tag k="lanes:backward" v="1"/>
    <tag k="lanes:forward" v="2"/>
    <tag k="maxspeed" v="80"/>
    <tag k="motorroad" v="yes"/>
    <tag k="ref" v="B 16"/>
    <tag k="surface" v="asphalt"/>
  </way>
  <way id="946736942">
    <nd ref="8763712141"/>
    <nd ref="8763712142"/>
    <tag k="highway" v="service"/>
  </way>
  <way id="946746214">
    <nd ref="8763809787"/>
    <nd ref="8763809788"/>
    <nd ref="8763809789"/>
    <tag k="highway" v="service"/>
    <tag k="service" v="driveway"/>
  </way>
  <way id="946746733">
    <nd ref="8763817854"/>
    <nd ref="8763817855"/>
    <tag k="highway" v="service"/>
  </way>
  <way id="946819983">
    <nd ref="8764519952"/>
    <nd ref="8764519953"/>
    <nd ref="8764519954"/>
    <nd ref="8764519955"/>
    <nd ref="8764519956"/>
    <nd ref="8764519957"/>
    <nd ref="8764519958"/>
    <nd ref="8764519959"/>
    <nd ref="8764519960"/>
    <nd ref="8764519961"/>
    <nd ref="8764519962"/>
    <nd ref="8764519963"/>
    <nd ref="8764519964"/>
    <nd ref="8764519965"/>
    <nd ref="8764519966"/>
    <nd ref="8764519967"/>
    <nd ref="8764519968"/>
    <nd ref="8764519969"/>
    <nd ref="8764519970"/>
    <nd ref="8764519971"/>
    <nd ref="8764519972"/>
    <nd ref="8764519973"/>
    <nd ref="8764519974"/>
    <nd ref="8764519975"/>
    <nd ref="8764519976"/>
    <nd ref="8764519977"/>
    <nd ref="8764519978"/>
    <nd ref="8764519979"/>
    <tag k="highway" v="service"/>
  </way>
  <way id="946869924">
    <nd ref="8764865973"/>
    <nd ref="8764865974"/>
    <nd ref="8764865975"/>
    <nd ref="8764865976"/>
    <tag k="highway" v="service"/>
  </way>
  <way id="969536069">
    <nd ref="8700088210"/>
    <nd ref="8971980502"/>
    <nd ref="8971980503"/>
    <nd ref="8971980504"/>
    <nd ref="8971980505"/>
    <nd ref="8971980506"/>
    <nd ref="8971980507"/>
    <nd ref="8971980508"/>
    <nd ref="8971980509"/>
    <nd ref="8971980510"/>
    <nd ref="8971980511"/>
    <nd ref="8971980512"/>
    <nd ref="8971980513"/>
    <nd ref="8971980514"/>
    <nd ref="8971980515"/>
    <nd ref="8971980516"/>
    <nd ref="8971980517"/>
    <nd ref="8971980518"/>
    <nd ref="8971980519"/>
    <nd ref="8971980520"/>
    <nd ref="8971980521"/>
    <nd ref="8971980522"/>
    <nd ref="8971980523"/>
    <nd ref="8971980524"/>
    <nd ref="8971980525"/>
    <nd ref="430404342"/>
    <tag k="highway" v="track"/>
    <tag k="tracktype" v="grade3"/>
  </way>
  <way id="969590008">
    <nd ref="1634976680"/>
    <nd ref="8972507254"/>
    <nd ref="8972507257"/>
    <nd ref="8972507259"/>
    <nd ref="8972507258"/>
    <nd ref="8972507255"/>
    <nd ref="8972507256"/>
    <tag k="highway" v="track"/>
  </way>
  <way id="969590015">
    <nd ref="8972507304"/>
    <nd ref="8972507308"/>
    <tag k="highway" v="track"/>
  </way>
  <way id="969590016">
    <nd ref="8972507309"/>
    <nd ref="8972507310"/>
    <nd ref="8972507302"/>
    <tag k="highway" v="track"/>
  </way>
  <way id="969590017">
    <nd ref="430420256"/>
    <nd ref="8972507311"/>
    <nd ref="8972507312"/>
    <nd ref="8972507313"/>
    <nd ref="8972507314"/>
    <tag k="highway" v="track"/>
  </way>
  <way id="969590028">
    <nd ref="359517667"/>
    <nd ref="8972507400"/>
    <nd ref="8972507401"/>
    <nd ref="8972507402"/>
    <nd ref="8972507403"/>
    <nd ref="359517665"/>
    <tag k="highway" v="track"/>
  </way>
  <way id="969590029">
    <nd ref="8972507402"/>
    <nd ref="8972507404"/>
    <nd ref="3567167536"/>
    <tag k="highway" v="track"/>
  </way>
  <way id="969590057">
    <nd ref="1357603628"/>
    <nd ref="8972507585"/>
    <tag k="highway" v="track"/>
  </way>
  <way id="969590058">
    <nd ref="1357603628"/>
    <nd ref="8972507586"/>
    <tag k="highway" v="track"/>
  </way>
  <way id="978570076">
    <nd ref="430400746"/>
    <nd ref="9054646444"/>
    <tag k="destination:forward" v="Neuburg an der Donau;Lichtenau;Ingolstadt;Zuchering"/>
    <tag k="highway" v="secondary"/>
    <tag k="lcn" v="yes"/>
    <tag k="maxspeed" v="50"/>
    <tag k="maxspeed:conditional" v="30 @ (Mo-Fr 07:00-17:00)"/>
    <tag k="name" v="Hauptstraße"/>
    <tag k="psv" v="yes"/>
    <tag k="ref" v="St 2049"/>
    <tag k="surface" v="asphalt"/>
  </way>
  <way id="978572155">
    <nd ref="4728019267"/>
    <nd ref="4728019270"/>
    <tag k="highway" v="path"/>
    <tag k="surface" v="asphalt"/>
  </way>
  <way id="980648548">
    <nd ref="9071210167"/>
    <nd ref="8715005324"/>
    <tag k="bdouble" v="yes"/>
    <tag k="destination:lanes:backward" v="Schrobenhausen;Zuchering|Donauwörth;Neuburg"/>
    <tag k="highway" v="primary"/>
    <tag k="lanes" v="4"/>
    <tag k="lanes:backward" v="2"/>
    <tag k="lanes:forward" v="2"/>
    <tag k="maxspeed" v="80"/>
    <tag k="motorroad" v="yes"/>
    <tag k="ref" v="B 16"/>
    <tag k="surface" v="asphalt"/>
    <tag k="turn:lanes:backward" v="left|none"/>
  </way>
  <way id="986559711">
    <nd ref="9119245939"/>
    <nd ref="1226536917"/>
    <tag k="bdouble" v="yes"/>
    <tag k="highway" v="primary"/>
    <tag k="lanes" v="3"/>
    <tag k="lanes:backward" v="1"/>
    <tag k="lanes:forward" v="2"/>
    <tag k="maxspeed" v="80"/>
    <tag k="motorroad" v="yes"/>
    <tag k="ref" v="B 16"/>
    <tag k="surface" v="asphalt"/>
    <tag k="turn:lanes:forward" v="none|right"/>
  </way>
  <way id="986559712">
    <nd ref="9119245940"/>
    <nd ref="1234612310"/>
    <tag k="bdouble" v="yes"/>
    <tag k="highway" v="primary"/>
    <tag k="lanes" v="2"/>
    <tag k="maxspeed" v="100"/>
    <tag k="maxspeed:backward" v="80"/>
    <tag k="motorroad" v="yes"/>
    <tag k="ref" v="B 16"/>
    <tag k="surface" v="asphalt"/>
  </way>
  <way id="1010904977">
    <nd ref="386627954"/>
    <nd ref="9326508213"/>
    <tag k="highway" v="track"/>
    <tag k="name" v="Ringstraße"/>
  </way>
  <way id="1030787507">
    <nd ref="8018787423"/>
    <nd ref="9501546321"/>
    <nd ref="430301950"/>
    <tag k="highway" v="secondary"/>
    <tag k="oneway" v="yes"/>
    <tag k="psv" v="yes"/>
    <tag k="surface" v="asphalt"/>
    <tag k="unsigned_ref" v="St 2044"/>
  </way>
  <way id="1030787508">
    <nd ref="8018787423"/>
    <nd ref="8018787425"/>
    <nd ref="9501546388"/>
    <nd ref="9054723365"/>
    <nd ref="8009393537"/>
    <nd ref="9054723368"/>
    <tag k="highway" v="secondary"/>
    <tag k="junction" v="roundabout"/>
    <tag k="surface" v="asphalt"/>
    <tag k="unsigned_ref" v="St 2044"/>
  </way>
  <way id="1030787514">
    <nd ref="9054723372"/>
    <nd ref="9054723373"/>
    <nd ref="9501546381"/>
    <nd ref="9501546385"/>
    <nd ref="9501546380"/>
    <nd ref="281352074"/>
    <tag k="highway" v="secondary"/>
    <tag k="junction" v="roundabout"/>
    <tag k="surface" v="asphalt"/>
    <tag k="unsigned_ref" v="St 2044"/>
  </way>
  <way id="1030787515">
    <nd ref="9054723369"/>
    <nd ref="8018787435"/>
    <nd ref="9054723370"/>
    <nd ref="9054723371"/>
    <nd ref="9501546329"/>
    <nd ref="430399849"/>
    <tag k="highway" v="secondary"/>
    <tag k="junction" v="roundabout"/>
    <tag k="psv" v="yes"/>
    <tag k="surface" v="asphalt"/>
    <tag k="unsigned_ref" v="St 2044"/>
  </way>
  <way id="1030787516">
    <nd ref="9501546382"/>
    <nd ref="9501546383"/>
    <nd ref="9501547732"/>
    <nd ref="281352074"/>
    <tag k="highway" v="secondary"/>
    <tag k="name" v="Ringstraße"/>
    <tag k="oneway" v="yes"/>
    <tag k="psv" v="yes"/>
    <tag k="ref" v="St 2044"/>
    <tag k="surface" v="asphalt"/>
  </way>
  <way id="1030787517">
    <nd ref="9054723372"/>
    <nd ref="9501547733"/>
    <nd ref="9501546384"/>
    <nd ref="9501546382"/>
    <tag k="highway" v="secondary"/>
    <tag k="name" v="Ringstraße"/>
    <tag k="oneway" v="yes"/>
    <tag k="psv" v="yes"/>
    <tag k="ref" v="St 2044"/>
    <tag k="surface" v="asphalt"/>
  </way>
  <way id="1030787518">
    <nd ref="9501546336"/>
    <nd ref="9501546338"/>
    <nd ref="9501546337"/>
    <nd ref="430399849"/>
    <tag k="highway" v="residential"/>
    <tag k="name" v="Erdweg"/>
    <tag k="oneway" v="yes"/>
    <tag k="source" v="Yahoo"/>
    <tag k="surface" v="asphalt"/>
  </way>
  <way id="1030787519">
    <nd ref="9501546338"/>
    <nd ref="9501546415"/>
    <nd ref="9501546414"/>
    <nd ref="9501546413"/>
    <nd ref="9501546411"/>
    <nd ref="9501546408"/>
    <nd ref="9501546406"/>
    <nd ref="9501546407"/>
    <tag k="bicycle" v="yes"/>
    <tag k="foot" v="yes"/>
    <tag k="highway" v="path"/>
    <tag k="segregated" v="no"/>
    <tag k="smoothness" v="good"/>
    <tag k="surface" v="asphalt"/>
  </way>
  <way id="1030787520">
    <nd ref="9501546408"/>
    <nd ref="9501547733"/>
    <nd ref="9501547732"/>
    <nd ref="366509422"/>
    <tag k="bicycle" v="yes"/>
    <tag k="foot" v="yes"/>
    <tag k="highway" v="path"/>
    <tag k="segregated" v="no"/>
    <tag k="smoothness" v="good"/>
    <tag k="surface" v="asphalt"/>
  </way>
  <way id="1030787521">
    <nd ref="9501547718"/>
    <nd ref="9501547720"/>
    <nd ref="8018787422"/>
    <tag k="highway" v="residential"/>
    <tag k="name" v="Straßäcker"/>
    <tag k="oneway" v="yes"/>
    <tag k="source" v="Yahoo"/>
    <tag k="surface" v="asphalt"/>
  </way>
  <way id="1030787522">
    <nd ref="8018787432"/>
    <nd ref="9501547721"/>
    <nd ref="9501547718"/>
    <tag k="highway" v="residential"/>
    <tag k="name" v="Straßäcker"/>
    <tag k="oneway" v="yes"/>
    <tag k="surface" v="asphalt"/>
  </way>
  <way id="1030787523">
    <nd ref="9501547718"/>
    <nd ref="9501547727"/>
    <nd ref="9501547728"/>
    <nd ref="9501547729"/>
    <nd ref="9501547725"/>
    <nd ref="9501583620"/>
    <nd ref="9501583621"/>
    <nd ref="9501583624"/>
    <nd ref="9501583625"/>
    <nd ref="9501583626"/>
    <nd ref="9501583628"/>
    <nd ref="9501583629"/>
    <nd ref="9501583630"/>
    <nd ref="9501583631"/>
    <nd ref="9501583632"/>
    <nd ref="9501583633"/>
    <nd ref="9501583621"/>
    <tag k="highway" v="residential"/>
    <tag k="name" v="Straßäcker"/>
    <tag k="surface" v="asphalt"/>
  </way>
  <way id="1030792219">
    <nd ref="5407704537"/>
    <nd ref="9501583617"/>
    <nd ref="9501583618"/>
    <nd ref="9501583619"/>
    <tag k="highway" v="footway"/>
    <tag k="surface" v="gravel"/>
  </way>
  <way id="1030792220">
    <nd ref="9501583619"/>
    <nd ref="9501583634"/>
    <nd ref="9501583633"/>
    <tag k="highway" v="residential"/>
    <tag k="name" v="Straßäcker"/>
  </way>
  <way id="1030792221">
    <nd ref="9501583632"/>
    <nd ref="9501583635"/>
    <nd ref="9501583636"/>
    <tag k="highway" v="residential"/>
    <tag k="name" v="Straßäcker"/>
    <tag k="surface" v="asphalt"/>
  </way>
  <way id="1030792222">
    <nd ref="9501583637"/>
    <nd ref="9501583638"/>
    <nd ref="9501583639"/>
    <tag k="highway" v="residential"/>
    <tag k="name" v="Straßäcker"/>
  </way>
  <way id="1030792223">
    <nd ref="9501583637"/>
    <nd ref="9501583642"/>
    <nd ref="9501583640"/>
    <nd ref="9501583641"/>
    <tag k="highway" v="residential"/>
    <tag k="name" v="Straßäcker"/>
  </way>
  <way id="1030792224">
    <nd ref="9501583643"/>
    <nd ref="9501583644"/>
    <nd ref="9501583645"/>
    <nd ref="9501583646"/>
    <tag k="highway" v="residential"/>
    <tag k="name" v="Straßäcker"/>
  </way>
  <way id="1030792225">
    <nd ref="9501583647"/>
    <nd ref="9501583648"/>
    <nd ref="9501583649"/>
    <nd ref="9501583650"/>
    <tag k="highway" v="residential"/>
    <tag k="name" v="Straßäcker"/>
  </way>
  <way id="1030792226">
    <nd ref="9501583651"/>
    <nd ref="9501583656"/>
    <nd ref="9501583655"/>
    <nd ref="9501583652"/>
    <nd ref="9501583653"/>
    <nd ref="9501583654"/>
    <tag k="highway" v="residential"/>
    <tag k="name" v="Straßäcker"/>
  </way>
  <way id="1030792227">
    <nd ref="9501583628"/>
    <nd ref="9501583684"/>
    <nd ref="9501583637"/>
    <nd ref="9501583643"/>
    <nd ref="9501583647"/>
    <nd ref="9501583651"/>
    <nd ref="9501583657"/>
    <nd ref="8009393543"/>
    <tag k="highway" v="residential"/>
    <tag k="name" v="Straßäcker"/>
    <tag k="surface" v="asphalt"/>
  </way>
  <way id="1030792228">
    <nd ref="9501583661"/>
    <nd ref="9501583660"/>
    <nd ref="9501583658"/>
    <nd ref="9501583659"/>
    <nd ref="9501583662"/>
    <nd ref="9501583663"/>
    <nd ref="9501583664"/>
    <nd ref="9501583665"/>
    <nd ref="9501583677"/>
    <nd ref="9501583685"/>
    <nd ref="9501583686"/>
    <nd ref="9501583687"/>
    <nd ref="9501583667"/>
    <nd ref="9501583666"/>
    <nd ref="9501583668"/>
    <nd ref="9501583669"/>
    <nd ref="9501583670"/>
    <nd ref="9501583671"/>
    <nd ref="9501583672"/>
    <nd ref="9501583673"/>
    <nd ref="9501583674"/>
    <nd ref="9501583675"/>
    <nd ref="9501583676"/>
    <nd ref="5407704557"/>
    <tag k="bicycle" v="yes"/>
    <tag k="foot" v="yes"/>
    <tag k="highway" v="path"/>
    <tag k="segregated" v="no"/>
    <tag k="smoothness" v="good"/>
    <tag k="surface" v="gravel"/>
  </way>
  <way id="1030792230">
    <nd ref="9501583677"/>
    <nd ref="9501583678"/>
    <nd ref="9501583679"/>
    <nd ref="9501583680"/>
    <nd ref="9501583681"/>
    <nd ref="9501583682"/>
    <nd ref="9501583683"/>
    <nd ref="9501583684"/>
    <tag k="bicycle" v="yes"/>
    <tag k="foot" v="yes"/>
    <tag k="highway" v="path"/>
    <tag k="segregated" v="no"/>
    <tag k="smoothness" v="good"/>
    <tag k="surface" v="gravel"/>
  </way>
  <way id="1030792231">
    <nd ref="9501583685"/>
    <nd ref="9501583641"/>
    <tag k="bicycle" v="yes"/>
    <tag k="foot" v="yes"/>
    <tag k="highway" v="path"/>
    <tag k="segregated" v="no"/>
    <tag k="smoothness" v="good"/>
    <tag k="surface" v="gravel"/>
  </way>
  <way id="1030792232">
    <nd ref="9501583686"/>
    <nd ref="9501583646"/>
    <tag k="bicycle" v="yes"/>
    <tag k="foot" v="yes"/>
    <tag k="highway" v="path"/>
    <tag k="segregated" v="no"/>
    <tag k="smoothness" v="good"/>
    <tag k="surface" v="gravel"/>
  </way>
  <way id="1030792233">
    <nd ref="9501583650"/>
    <nd ref="9501583687"/>
    <tag k="bicycle" v="yes"/>
    <tag k="foot" v="yes"/>
    <tag k="highway" v="path"/>
    <tag k="segregated" v="no"/>
    <tag k="smoothness" v="good"/>
    <tag k="surface" v="gravel"/>
  </way>
  <way id="1030798408">
    <nd ref="12532733503"/>
    <nd ref="9501594512"/>
    <nd ref="12144950938"/>
    <nd ref="9501594513"/>
    <tag k="highway" v="residential"/>
    <tag k="name" v="Holzlände"/>
  </way>
  <way id="1030798409">
    <nd ref="9501594515"/>
    <nd ref="9501594514"/>
    <nd ref="9501594516"/>
    <nd ref="9501633217"/>
    <nd ref="9501633219"/>
    <nd ref="9501633218"/>
    <nd ref="9501594515"/>
    <tag k="highway" v="service"/>
    <tag k="service" v="parking_aisle"/>
    <tag k="surface" v="asphalt"/>
  </way>
  <way id="1030798410">
    <nd ref="9501633219"/>
    <nd ref="9501594514"/>
    <tag k="highway" v="service"/>
    <tag k="service" v="parking_aisle"/>
    <tag k="surface" v="asphalt"/>
  </way>
  <way id="1030798412">
    <nd ref="12144950938"/>
    <nd ref="9501594514"/>
    <tag k="highway" v="service"/>
    <tag k="lgv" v="destination"/>
    <tag k="service" v="driveway"/>
    <tag k="surface" v="asphalt"/>
  </way>
  <way id="1034072050">
    <nd ref="9526287484"/>
    <nd ref="9526287483"/>
    <tag k="highway" v="service"/>
  </way>
  <way id="1034072051">
    <nd ref="9526287486"/>
    <nd ref="9526287485"/>
    <tag k="highway" v="service"/>
  </way>
  <way id="1034072052">
    <nd ref="9526287488"/>
    <nd ref="9526287487"/>
    <tag k="highway" v="service"/>
  </way>
  <way id="1034072053">
    <nd ref="9526287490"/>
    <nd ref="9526287489"/>
    <tag k="highway" v="service"/>
  </way>
  <way id="1034072054">
    <nd ref="9526287491"/>
    <nd ref="9526287501"/>
    <tag k="highway" v="service"/>
  </way>
  <way id="1034072055">
    <nd ref="430876817"/>
    <nd ref="9526287492"/>
    <tag k="highway" v="service"/>
  </way>
  <way id="1034072056">
    <nd ref="9526287501"/>
    <nd ref="9526287500"/>
    <nd ref="9526287499"/>
    <nd ref="9526287498"/>
    <nd ref="9526287497"/>
    <nd ref="9526287496"/>
    <nd ref="9526287495"/>
    <nd ref="9526287494"/>
    <nd ref="9526287493"/>
    <tag k="highway" v="track"/>
  </way>
  <way id="1054121806">
    <nd ref="2483799044"/>
    <nd ref="1839750942"/>
    <nd ref="5407704481"/>
    <nd ref="5407704479"/>
    <nd ref="4728020638"/>
    <nd ref="4728020614"/>
    <nd ref="10815010852"/>
    <tag k="destination:backward" v="Neuburg;Lichtenau"/>
    <tag k="highway" v="secondary"/>
    <tag k="lcn" v="yes"/>
    <tag k="maxspeed" v="50"/>
    <tag k="name" v="Hauptstraße"/>
    <tag k="psv" v="yes"/>
    <tag k="ref" v="St 2049"/>
    <tag k="surface" v="asphalt"/>
  </way>
  <way id="1054121858">
    <nd ref="4728020642"/>
    <nd ref="2982373932"/>
    <nd ref="1659884722"/>
    <tag k="highway" v="secondary"/>
    <tag k="name" v="Ingolstädter Straße"/>
    <tag k="name:etymology:wikidata" v="Q3004"/>
    <tag k="psv" v="yes"/>
    <tag k="ref" v="St 2044"/>
    <tag k="surface" v="asphalt"/>
  </way>
  <way id="1054121918">
    <nd ref="8289670631"/>
    <nd ref="8289670628"/>
    <nd ref="430404188"/>
    <nd ref="8289670625"/>
    <nd ref="321214539"/>
    <nd ref="430404192"/>
    <nd ref="430404194"/>
    <nd ref="321214538"/>
    <nd ref="430416673"/>
    <nd ref="1815016344"/>
    <tag k="highway" v="unclassified"/>
    <tag k="name" v="Riedelstraße"/>
    <tag k="psv" v="yes"/>
    <tag k="surface" v="asphalt"/>
  </way>
  <way id="1109928880">
    <nd ref="8289670632"/>
    <nd ref="4970797942"/>
    <tag k="highway" v="footway"/>
  </way>
  <way id="1162859906">
    <nd ref="10815010849"/>
    <nd ref="249794166"/>
    <tag k="highway" v="secondary"/>
    <tag k="maxspeed:backward" v="100"/>
    <tag k="maxspeed:forward" v="70"/>
    <tag k="psv" v="yes"/>
    <tag k="ref" v="St 2049"/>
    <tag k="surface" v="asphalt"/>
  </way>
  <way id="1162859907">
    <nd ref="10815010850"/>
    <nd ref="10815010851"/>
    <tag k="highway" v="secondary"/>
    <tag k="maxspeed:backward" v="70"/>
    <tag k="maxspeed:forward" v="100"/>
    <tag k="psv" v="yes"/>
    <tag k="ref" v="St 2049"/>
    <tag k="surface" v="asphalt"/>
  </way>
  <way id="1162859908">
    <nd ref="10815010851"/>
    <nd ref="2992183479"/>
    <nd ref="430876814"/>
    <nd ref="4637276829"/>
    <tag k="highway" v="secondary"/>
    <tag k="maxspeed" v="100"/>
    <tag k="psv" v="yes"/>
    <tag k="ref" v="St 2049"/>
    <tag k="surface" v="asphalt"/>
  </way>
  <way id="1162859909">
    <nd ref="10815010852"/>
    <nd ref="249794052"/>
    <tag k="destination:backward" v="Neuburg;Lichtenau"/>
    <tag k="highway" v="secondary"/>
    <tag k="lcn" v="yes"/>
    <tag k="maxspeed" v="50"/>
    <tag k="maxspeed:conditional" v="30 @ (Mo-Fr 07:00-17:00)"/>
    <tag k="name" v="Hauptstraße"/>
    <tag k="psv" v="yes"/>
    <tag k="ref" v="St 2049"/>
    <tag k="surface" v="asphalt"/>
  </way>
  <way id="1210398983">
    <nd ref="4878651524"/>
    <nd ref="4878651523"/>
    <nd ref="4878651522"/>
    <nd ref="4878651521"/>
    <nd ref="4878651120"/>
    <nd ref="4878651119"/>
    <tag k="highway" v="residential"/>
    <tag k="name" v="Glöckelweg"/>
    <tag k="oneway" v="yes"/>
    <tag k="psv" v="yes"/>
    <tag k="source" v="HiRes aerial imagery"/>
  </way>
  <way id="1210398984">
    <nd ref="4878651119"/>
    <nd ref="1815046917"/>
    <nd ref="308906716"/>
    <nd ref="11213740569"/>
    <nd ref="1815046927"/>
    <nd ref="4878651524"/>
    <tag k="highway" v="residential"/>
    <tag k="name" v="Glöckelweg"/>
    <tag k="psv" v="yes"/>
    <tag k="source" v="HiRes aerial imagery"/>
  </way>
  <way id="1210514968">
    <nd ref="430399849"/>
    <nd ref="9501546386"/>
    <nd ref="9054723372"/>
    <tag k="highway" v="secondary"/>
    <tag k="junction" v="roundabout"/>
    <tag k="psv" v="yes"/>
    <tag k="surface" v="asphalt"/>
    <tag k="unsigned_ref" v="St 2044"/>
  </way>
  <way id="1218003209">
    <nd ref="4853791056"/>
    <nd ref="11286040716"/>
    <tag k="highway" v="footway"/>
    <tag k="wheelchair" v="yes"/>
  </way>
  <way id="1218429458">
    <nd ref="2483799065"/>
    <nd ref="2483799066"/>
    <nd ref="2535712180"/>
    <nd ref="8764519953"/>
    <nd ref="2483799067"/>
    <nd ref="2483799069"/>
    <nd ref="2483799070"/>
    <nd ref="4993383712"/>
    <tag k="bicycle" v="designated"/>
    <tag k="foot" v="designated"/>
    <tag k="highway" v="path"/>
    <tag k="lcn" v="yes"/>
    <tag k="segregated" v="no"/>
    <tag k="source" v="Bing"/>
  </way>
  <way id="1227194724">
    <nd ref="11379992130"/>
    <nd ref="11379992135"/>
    <tag k="highway" v="track"/>
  </way>
  <way id="1302850943">
    <nd ref="249794182"/>
    <nd ref="8270618890"/>
    <nd ref="430417221"/>
    <nd ref="1815046999"/>
    <tag k="highway" v="unclassified"/>
    <tag k="name" v="Windener Straße"/>
    <tag k="psv" v="yes"/>
    <tag k="source" v="HiRes aerial imagery"/>
  </way>
  <way id="1312097951">
    <nd ref="12144950925"/>
    <nd ref="12532733503"/>
    <nd ref="4728020632"/>
    <tag k="highway" v="secondary"/>
    <tag k="lanes" v="3"/>
    <tag k="maxspeed" v="50"/>
    <tag k="name" v="Hauptstraße"/>
    <tag k="psv" v="yes"/>
    <tag k="ref" v="St 2049"/>
    <tag k="surface" v="asphalt"/>
    <tag k="turn:lanes:forward" v="left|none"/>
  </way>
  <way id="1312620966">
    <nd ref="250921726"/>
    <nd ref="12149910962"/>
    <nd ref="12149910963"/>
    <nd ref="12149910959"/>
    <tag k="highway" v="primary_link"/>
    <tag k="oneway" v="yes"/>
  </way>
  <way id="1312620967">
    <nd ref="12149910960"/>
    <nd ref="250921726"/>
    <tag k="highway" v="secondary"/>
    <tag k="maxspeed" v="80"/>
    <tag k="name" v="Karlskroner Straße"/>
    <tag k="psv" v="yes"/>
    <tag k="ref" v="St 2044"/>
    <tag k="source" v="HiRes aerial imagery"/>
    <tag k="source:maxspeed" v="sign"/>
    <tag k="surface" v="asphalt"/>
  </way>
  <way id="1312620968">
    <nd ref="12149910959"/>
    <nd ref="12149910964"/>
    <nd ref="12149910961"/>
    <nd ref="12149910960"/>
    <tag k="highway" v="primary_link"/>
    <tag k="oneway" v="yes"/>
  </way>
  <way id="1353237592">
    <nd ref="4728020632"/>
    <nd ref="12532733506"/>
    <nd ref="12532733507"/>
    <nd ref="4728020629"/>
    <tag k="access" v="private"/>
    <tag k="bus" v="yes"/>
    <tag k="highway" v="service"/>
    <tag k="lanes" v="2"/>
    <tag k="name" v="Spangler Touristik"/>
    <tag k="psv" v="yes"/>
  </way>
  <way id="1354280096">
    <nd ref="12532725272"/>
    <nd ref="12532725274"/>
    <nd ref="12532725273"/>
    <tag k="crossing" v="unmarked"/>
    <tag k="crossing:island" v="yes"/>
    <tag k="crossing:markings" v="no"/>
    <tag k="footway" v="crossing"/>
    <tag k="highway" v="footway"/>
    <tag k="tactile_paving" v="no"/>
  </way>
  <way id="1354280097">
    <nd ref="12532725273"/>
    <nd ref="12532725275"/>
    <tag k="highway" v="footway"/>
    <tag k="surface" v="paving_stones"/>
  </way>
  <way id="1354280099">
    <nd ref="12532725284"/>
    <nd ref="12532725283"/>
    <tag k="highway" v="track"/>
    <tag k="smoothness" v="bad"/>
    <tag k="surface" v="asphalt"/>
    <tag k="tracktype" v="grade1"/>
  </way>
  <way id="1354280100">
    <nd ref="12532725283"/>
    <nd ref="12532725281"/>
    <tag k="highway" v="track"/>
    <tag k="smoothness" v="excellent"/>
    <tag k="surface" v="asphalt"/>
    <tag k="tracktype" v="grade1"/>
  </way>
  <way id="1354280101">
    <nd ref="12532725280"/>
    <nd ref="12532725282"/>
    <nd ref="12532725284"/>
    <tag k="highway" v="track"/>
    <tag k="smoothness" v="good"/>
    <tag k="surface" v="asphalt"/>
    <tag k="tracktype" v="grade1"/>
  </way>
  <way id="1354280103">
    <nd ref="12532725290"/>
    <nd ref="12532725288"/>
    <nd ref="12532725289"/>
    <tag k="highway" v="footway"/>
  </way>
  <way id="1354280105">
    <nd ref="12532725298"/>
    <nd ref="12532725299"/>
    <nd ref="12532725300"/>
    <nd ref="12532733502"/>
    <nd ref="12532733501"/>
    <nd ref="9501633218"/>
    <tag k="highway" v="service"/>
  </way>
  <way id="1354280106">
    <nd ref="12532725291"/>
    <nd ref="12532725290"/>
    <nd ref="9501633217"/>
    <tag k="highway" v="footway"/>
  </way>
  <way id="1354280107">
    <nd ref="12532733514"/>
    <nd ref="12144950938"/>
    <tag k="highway" v="service"/>
    <tag k="service" v="driveway"/>
  </way>
  <way id="1411096367">
    <nd ref="12965889781"/>
    <nd ref="12965889782"/>
    <tag k="highway" v="service"/>
  </way>

</osm>
