S_i,head_prob,label
20.837795,0.8769111,1.0
41.496925,0.03425704,0.0
21.351011,0.80662626,0.0
19.499256,0.04238928,0.0
78.53112,0.002114381,0.0
13.222835,0.45554253,1.0
16.1819,0.6628968,0.0
27.841745,0.04379355,0.0
28.413849,0.024192104,0.0
13.4023695,0.87102497,1.0
16.125137,0.60991424,0.0
47.60343,0.017824965,0.0
24.20885,0.036553595,0.0
39.656868,0.07801027,0.0
29.778843,0.05731552,0.0
9.461712,0.85281074,1.0
6.5207133,0.26683775,0.0
4.5803065,0.5204548,0.0
35.825306,0.123753294,0.0
12.340555,0.50305456,1.0
15.97243,0.85779244,1.0
4.731032,0.4873424,0.0
38.433613,0.018031059,0.0
18.895594,0.39349297,0.0
8.409365,0.20168152,0.0
6.9492917,0.39946795,0.0
4.0374765,0.3951572,0.0
28.238365,0.04416626,0.0
20.948503,0.8697562,1.0
46.471016,0.026563592,0.0
20.25628,0.7723964,0.0
21.73476,0.03338399,0.0
72.11217,0.0029435544,0.0
13.900031,0.43783626,1.0
15.862537,0.57840025,0.0
26.430529,0.04868672,0.0
25.431812,0.03200184,0.0
14.782729,0.89343834,1.0
19.530993,0.40096545,0.0
49.745995,0.018790351,0.0
26.237123,0.029870791,0.0
39.706985,0.09763808,0.0
33.39046,0.04827951,0.0
8.884341,0.83012736,1.0
2.926015,0.38194618,0.0
8.434961,0.357996,0.0
38.512886,0.10608544,0.0
12.337018,0.45792896,1.0
12.489699,0.7745125,1.0
8.797882,0.3211456,0.0
34.503857,0.024674928,0.0
21.12508,0.2731394,0.0
8.364038,0.21344037,0.0
8.105367,0.47122172,0.0
4.9515853,0.38410574,0.0
26.535427,0.05106359,0.0
20.466307,0.86029875,1.0
42.496914,0.034397192,0.0
21.244507,0.8294642,0.0
20.489187,0.03812696,0.0
65.68702,0.0040013855,0.0
13.78967,0.46629786,1.0
15.797277,0.67186624,0.0
23.769363,0.05714135,0.0
24.433065,0.032923732,0.0
13.255542,0.85975516,1.0
18.759218,0.44430536,0.0
49.36816,0.018635266,0.0
25.826855,0.031650174,0.0
37.594967,0.111369394,0.0
30.987463,0.059040178,0.0
7.9469514,0.8210913,1.0
4.671708,0.35435048,0.0
4.6965685,0.65225154,0.0
37.46203,0.11332786,0.0
15.71962,0.6928681,1.0
14.260202,0.8351307,1.0
9.1410885,0.31518596,0.0
33.587955,0.024589213,0.0
26.89843,0.16211149,0.0
8.947939,0.21096928,0.0
6.297655,0.5105384,0.0
3.8618562,0.43238276,0.0
22.74774,0.06796085,0.0
19.63844,0.8147991,1.0
48.68484,0.023843339,0.0
20.63789,0.7952479,0.0
21.212187,0.034014236,0.0
70.054214,0.0031787085,0.0
13.034868,0.37386867,1.0
16.00229,0.6334571,0.0
23.229824,0.06398902,0.0
25.959908,0.028026285,0.0
13.096294,0.88618493,1.0
19.743504,0.52774924,0.0
45.172867,0.026260452,0.0
25.76659,0.02926588,0.0
37.849865,0.09866464,0.0
40.991325,0.030679192,0.0
7.7218723,0.81367576,1.0
6.865168,0.2333778,0.0
5.061976,0.45426992,0.0
38.615334,0.09763332,0.0
12.714542,0.4625726,1.0
15.269952,0.83627844,1.0
5.42252,0.40319982,0.0
33.2315,0.025992742,0.0
15.035542,0.7444184,0.0
8.66531,0.1900377,0.0
6.3091965,0.44382858,0.0
5.269503,0.45870453,0.0
23.979546,0.063265525,0.0
17.858978,0.8178833,1.0
41.409866,0.03410663,0.0
21.871418,0.83521926,0.0
20.302551,0.037126247,0.0
73.39929,0.0027731103,0.0
12.433586,0.37941197,1.0
16.494442,0.68547267,0.0
26.121181,0.053272314,0.0
20.332394,0.04556577,0.0
13.062134,0.8744143,1.0
16.815758,0.5576899,0.0
44.90509,0.021153342,0.0
24.683296,0.03237262,0.0
34.787033,0.1079733,0.0
29.669989,0.057032008,0.0
7.561321,0.8175867,1.0
6.566271,0.24063447,0.0
5.0571094,0.46055058,0.0
35.685284,0.12463335,0.0
13.141685,0.54852885,1.0
15.80679,0.8511962,1.0
5.2671638,0.41953248,0.0
34.888477,0.024409289,0.0
22.966324,0.27921456,0.0
8.22015,0.19080624,0.0
5.370512,0.39751083,0.0
4.895698,0.47936788,0.0
25.822065,0.057975225,0.0
17.894754,0.8160812,1.0
41.426163,0.03305706,0.0
21.896236,0.82820374,0.0
21.35375,0.03408685,0.0
69.043335,0.0033626773,0.0
12.418298,0.38387907,1.0
16.613007,0.6814469,0.0
24.00482,0.06249076,0.0
26.957134,0.026419895,0.0
13.082676,0.8726315,1.0
16.657595,0.5402413,0.0
43.403473,0.022807732,0.0
25.930067,0.029106881,0.0
33.86805,0.11140535,0.0
30.067385,0.052348357,0.0
6.4179235,0.7791342,1.0
6.185773,0.24183653,0.0
4.8031263,0.4752467,0.0
35.73812,0.12338894,0.0
13.635162,0.5837211,1.0
15.268135,0.8400875,1.0
5.018717,0.43854904,0.0
33.240025,0.028851181,0.0
23.687187,0.27854457,0.0
8.143493,0.1964619,0.0
6.5692525,0.41861603,0.0
4.9179173,0.46781114,0.0
22.921648,0.07350738,0.0
18.165157,0.8315285,1.0
42.76467,0.027903315,0.0
22.657753,0.8375686,0.0
23.094067,0.029421028,0.0
69.057594,0.0031125275,0.0
12.9713955,0.39680296,1.0
16.763432,0.68188566,0.0
26.80586,0.04649018,0.0
32.32178,0.016457211,0.0
6.229661,0.56771463,1.0
17.425116,0.35634354,0.0
46.35692,0.017893657,0.0
27.691847,0.025697185,0.0
41.12361,0.065216035,0.0
29.07125,0.0577032,0.0
9.135774,0.8276333,1.0
6.1738253,0.18888699,0.0
6.443302,0.18578237,0.0
35.680378,0.10080707,0.0
16.95919,0.70781326,1.0
17.212635,0.82886434,1.0
10.80532,0.16264336,0.0
35.613052,0.023102319,0.0
26.026892,0.17358676,0.0
8.919862,0.19288601,0.0
6.0644884,0.45244503,0.0
4.1392674,0.38835147,0.0
25.992393,0.051006425,0.0
16.176996,0.78759074,1.0
44.335144,0.02173982,0.0
21.700672,0.82892686,0.0
22.40962,0.03281048,0.0
68.55979,0.0031219712,0.0
13.976391,0.37659642,1.0
13.630836,0.63554454,0.0
26.201845,0.048404485,0.0
31.462618,0.017510656,0.0
6.0110583,0.64716375,1.0
15.117334,0.35887203,0.0
46.059544,0.01561317,0.0
28.855919,0.023620108,0.0
37.757065,0.07485306,0.0
31.2144,0.04477767,0.0
8.894098,0.8103019,1.0
8.161182,0.15412363,0.0
26.067316,0.101951584,0.0
35.85248,0.07824502,0.0
16.987263,0.7204637,1.0
16.448017,0.8252794,1.0
4.948043,0.31455746,0.0
34.521465,0.025236266,0.0
26.25477,0.16259018,0.0
8.715973,0.20204145,0.0
6.336907,0.4281281,0.0
4.3736744,0.44601503,0.0
25.598272,0.052294116,0.0
14.278762,0.7747229,1.0
41.63604,0.025207393,0.0
21.457731,0.82057047,0.0
17.922026,0.055997353,0.0
77.557526,0.002045795,0.0
14.130212,0.49140203,1.0
13.399608,0.608886,0.0
28.179527,0.04427423,0.0
28.33623,0.02403663,0.0
5.989898,0.5293689,1.0
14.980841,0.289908,0.0
43.069244,0.018346656,0.0
24.846169,0.038303446,0.0
42.835854,0.042484112,0.0
30.232124,0.04553475,0.0
8.802013,0.781509,1.0
5.480561,0.24852373,0.0
19.799181,0.15416102,0.0
34.950157,0.08108135,0.0
14.216871,0.57494664,1.0
16.509151,0.81031656,1.0
8.888512,0.22161707,0.0
37.11543,0.02062053,0.0
23.518436,0.24266692,0.0
8.345709,0.25117737,0.0
6.386558,0.45687208,0.0
4.8455896,0.4268816,0.0
26.401625,0.053100172,0.0
13.751027,0.7773683,1.0
40.106037,0.028244155,0.0
22.093748,0.8359688,0.0
18.615198,0.087886356,0.0
67.2783,0.0032568027,0.0
13.050928,0.68120855,1.0
13.34422,0.6435586,0.0
29.405437,0.036459554,0.0
24.637619,0.032489628,0.0
5.8922906,0.5615311,1.0
13.434792,0.31993383,0.0
42.21356,0.019962335,0.0
27.46969,0.03344343,0.0
52.786156,0.017329872,0.0
29.650166,0.043252602,0.0
7.3440523,0.71362364,1.0
4.33105,0.33591932,0.0
20.170895,0.13072267,0.0
33.379307,0.09053122,0.0
16.81573,0.72737855,1.0
17.326317,0.84071416,1.0
7.120288,0.3036199,0.0
37.947174,0.019150002,0.0
24.578564,0.20671347,0.0
8.52316,0.2732125,0.0
6.263852,0.42131415,0.0
4.512431,0.4394069,0.0
29.111485,0.036901906,0.0
13.890473,0.7679973,1.0
37.03723,0.03612479,0.0
22.71262,0.85117537,0.0
14.776393,0.15601557,0.0
70.950676,0.0025751572,0.0
13.054003,0.58732194,1.0
13.66769,0.6600754,0.0
29.996765,0.03140067,0.0
25.549473,0.030809697,0.0
6.2647614,0.54706043,1.0
12.932472,0.37969163,0.0
39.272163,0.025615385,0.0
24.169174,0.05084971,0.0
52.417126,0.018546859,0.0
26.918375,0.053466193,0.0
7.764721,0.7297536,1.0
3.9924865,0.36993653,0.0
21.448202,0.11743314,0.0
31.81155,0.11093628,0.0
17.250809,0.74330837,1.0
16.980236,0.83480746,1.0
6.7438,0.32212314,0.0
42.02071,0.012926269,0.0
23.773132,0.23757155,0.0
6.0561113,0.31107375,0.0
5.6692033,0.43963653,0.0
4.280488,0.4852378,0.0
29.714863,0.0327971,0.0
14.235307,0.80430686,1.0
41.79236,0.024876509,0.0
21.54557,0.84058857,0.0
17.576021,0.084867425,0.0
59.972904,0.004549339,0.0
12.551361,0.7165103,1.0
13.059888,0.64075416,0.0
24.193369,0.049379848,0.0
14.693159,0.083950564,0.0
6.794824,0.5757215,1.0
13.21819,0.35374144,0.0
42.658684,0.019926516,0.0
24.157373,0.05081046,0.0
44.03645,0.032143336,0.0
28.881044,0.04357154,0.0
7.617214,0.7175406,1.0
4.2318373,0.3633137,0.0
19.716444,0.12795004,0.0
33.378513,0.09304558,0.0
16.414759,0.7294581,1.0
16.671535,0.84024227,1.0
7.111868,0.3399233,0.0
37.42619,0.01829442,0.0
23.802906,0.21507515,0.0
5.811504,0.32871416,0.0
6.3688655,0.4320468,0.0
4.246988,0.45549732,0.0
26.530195,0.04058795,0.0
13.034518,0.8158983,1.0
36.308784,0.031369243,0.0
18.366495,0.7322514,0.0
18.101078,0.07573948,0.0
65.96864,0.0032141309,0.0
12.428375,0.5423288,1.0
12.818592,0.6525345,0.0
27.136074,0.03753406,0.0
15.9752655,0.0716012,0.0
7.1233087,0.5824311,1.0
11.764248,0.37316078,0.0
37.700623,0.028068967,0.0
25.61967,0.041904405,0.0
46.33856,0.022994189,0.0
23.360859,0.06283787,0.0
6.8221674,0.71243554,1.0
4.409069,0.35262537,0.0
19.056019,0.12002599,0.0
32.365105,0.07152681,0.0
16.231213,0.7399674,1.0
16.506166,0.8449464,1.0
7.328517,0.33484223,0.0
41.587982,0.013352975,0.0
19.692871,0.28940883,0.0
5.921815,0.2878301,0.0
6.296107,0.42554712,0.0
4.08817,0.45517418,0.0
29.199553,0.03228757,0.0
13.4091,0.80396897,1.0
46.32471,0.016670799,0.0
20.57381,0.8231208,0.0
19.7863,0.05028644,0.0
62.588963,0.0038310513,0.0
11.912283,0.52659124,1.0
12.422847,0.6171247,0.0
26.782694,0.03777258,0.0
15.891652,0.07295444,0.0
7.601378,0.6263805,1.0
13.387351,0.27535403,0.0
45.724125,0.014094007,0.0
26.264105,0.038923424,0.0
47.46982,0.02218728,0.0
32.72394,0.030302154,0.0
7.61871,0.7291041,1.0
4.4136004,0.30241135,0.0
21.279425,0.097094536,0.0
35.522293,0.06528795,0.0
16.051622,0.7260994,1.0
16.151731,0.83741266,1.0
7.5939164,0.3574269,0.0
40.490643,0.013951412,0.0
23.962477,0.17710173,0.0
5.940486,0.2891466,0.0
5.8603735,0.43269056,0.0
4.2418427,0.43255785,0.0
28.861315,0.032314043,0.0
12.061665,0.6633623,1.0
41.36128,0.021661207,0.0
18.644136,0.6895003,0.0
22.67635,0.04043391,0.0
58.617687,0.004808534,0.0
11.008039,0.64132714,1.0
12.118183,0.60977465,0.0
29.659916,0.028838959,0.0
14.331009,0.089377575,0.0
7.7738185,0.6996557,1.0
13.434964,0.23786364,0.0
42.81131,0.018606054,0.0
29.551868,0.027505549,0.0
42.572495,0.031978585,0.0
26.850086,0.04653274,0.0
7.3864174,0.6437562,1.0
4.659666,0.2696481,0.0
18.648031,0.12792675,0.0
35.28095,0.052238077,0.0
21.36666,0.77906305,1.0
17.286983,0.84904593,1.0
7.2394214,0.39301494,0.0
42.90402,0.011610339,0.0
24.036804,0.19433762,0.0
5.9189005,0.3204226,0.0
7.228902,0.29669625,0.0
3.5004225,0.3395357,0.0
31.966007,0.02450799,0.0
17.384535,0.73288524,1.0
42.24813,0.02273883,0.0
20.09775,0.8023375,0.0
28.327818,0.024017252,0.0
55.619774,0.005280725,0.0
11.470842,0.6580861,1.0
11.941931,0.6058828,0.0
36.472366,0.020237774,0.0
12.497975,0.103467435,0.0
7.4096313,0.70464224,1.0
14.055469,0.2960643,0.0
41.951244,0.019150231,0.0
30.516138,0.026244795,0.0
30.077682,0.12032839,0.0
29.060823,0.04264378,0.0
8.653139,0.6951572,1.0
4.5127277,0.28640774,0.0
23.16887,0.099856555,0.0
32.699623,0.08736109,0.0
15.22152,0.70260245,1.0
15.813995,0.8324803,1.0
8.294841,0.3087446,0.0
43.144543,0.012520661,0.0
24.927488,0.18227254,0.0
6.605527,0.26849595,0.0
7.111957,0.30894572,0.0
4.5699315,0.44549942,0.0
42.48658,0.011521082,0.0
13.761946,0.63471156,1.0
44.88418,0.018185928,0.0
19.873524,0.7587858,0.0
20.853148,0.057860367,0.0
51.177795,0.0070226206,0.0
11.634725,0.6599003,1.0
11.855667,0.5295227,0.0
35.74906,0.021769566,0.0
13.001394,0.10107963,0.0
7.899296,0.72517335,1.0
14.606779,0.27755675,0.0
43.301872,0.018044002,0.0
28.045673,0.032457534,0.0
34.71382,0.077115186,0.0
31.03151,0.035912637,0.0
8.549385,0.6390604,1.0
4.370034,0.40374145,0.0
21.440773,0.10624004,0.0
33.580166,0.072871886,0.0
20.152868,0.6970936,1.0
15.441529,0.7820419,1.0
7.1281323,0.4086446,0.0
41.99674,0.013366665,0.0
26.414516,0.15126681,0.0
5.067872,0.3669644,0.0
7.818573,0.26527992,0.0
4.3009844,0.3048653,0.0
41.114,0.012862773,0.0
14.065087,0.70021313,1.0
50.038322,0.012887506,0.0
21.803427,0.7218451,0.0
22.293331,0.054049246,0.0
63.15733,0.003781638,0.0
12.296832,0.62284034,1.0
12.397873,0.4439568,0.0
33.302265,0.02242601,0.0
14.660724,0.087506235,0.0
7.6592607,0.7405169,1.0
14.933659,0.29247895,0.0
48.515724,0.013679192,0.0
27.193464,0.035461172,0.0
46.217793,0.031776883,0.0
35.22303,0.028621452,0.0
6.0209227,0.73035425,1.0
4.4062133,0.3929147,0.0
24.53004,0.09099154,0.0
37.069805,0.051696155,0.0
22.908585,0.66109717,1.0
24.036556,0.6539079,1.0
6.757455,0.42296955,0.0
46.236145,0.009332686,0.0
26.891745,0.11791545,0.0
5.356972,0.3704705,0.0
9.056699,0.23153216,0.0
5.995011,0.23489659,0.0
34.242226,0.02125619,0.0
13.36199,0.6970135,1.0
49.021564,0.0127306525,0.0
21.309706,0.58945614,0.0
22.754929,0.04576866,0.0
74.34442,0.0021576951,0.0
12.763706,0.6470162,1.0
12.049983,0.40960872,0.0
38.783993,0.01580137,0.0
22.758503,0.03971503,0.0
7.022125,0.68316907,1.0
13.530338,0.30085424,0.0
46.232796,0.015065877,0.0
28.345486,0.03334496,0.0
47.239296,0.026217226,0.0
33.282883,0.031646498,0.0
6.779738,0.7618855,1.0
5.7446065,0.25440484,0.0
23.551569,0.09028696,0.0
34.301052,0.057442125,0.0
22.12383,0.55427355,1.0
28.64752,0.7505044,1.0
6.948682,0.37875485,0.0
51.67482,0.0065110424,0.0
24.441595,0.11839873,0.0
6.1660886,0.32321227,0.0
9.051844,0.21424179,0.0
6.570821,0.21392612,0.0
38.897346,0.016059952,0.0
13.849848,0.42838466,1.0
51.15934,0.011261023,0.0
18.24665,0.59231,0.0
23.04464,0.043058693,0.0
83.86848,0.001389559,0.0
16.560139,0.7454805,1.0
12.91942,0.21723928,0.0
46.629864,0.0098210145,0.0
25.037169,0.033547327,0.0
6.0116887,0.64733326,1.0
13.580805,0.2868956,0.0
46.573414,0.014934608,0.0
27.451338,0.035919536,0.0
62.77971,0.009312885,0.0
35.010433,0.027873015,0.0
24.427952,0.8221786,1.0
6.5976696,0.19318008,0.0
25.513798,0.079935744,0.0
33.81984,0.05678715,0.0
19.099432,0.5174146,1.0
13.63299,0.6336866,1.0
6.9514236,0.3260425,0.0
55.069916,0.005510434,0.0
25.069551,0.116804026,0.0
6.962174,0.29264912,0.0
11.696755,0.14134449,0.0
6.88295,0.19829863,0.0
41.083126,0.014937393,0.0
15.19589,0.42319942,1.0
57.567074,0.008004835,0.0
21.556454,0.5622375,0.0
25.897078,0.030567322,0.0
84.66457,0.0013075616,0.0
12.311403,0.5350364,1.0
14.217411,0.18453288,0.0
46.802086,0.009331553,0.0
25.72282,0.030684913,0.0
6.055115,0.6474443,1.0
15.036031,0.25651172,0.0
51.7557,0.010758669,0.0
26.303524,0.039107963,0.0
69.53656,0.006247864,0.0
38.87319,0.021997893,0.0
11.401737,0.34913075,1.0
5.647907,0.2294391,0.0
29.052153,0.059686817,0.0
37.829483,0.043129224,0.0
20.880785,0.4747314,1.0
28.10891,0.7236235,1.0
7.893553,0.2863633,0.0
55.539932,0.0051230825,0.0
29.83005,0.0850481,0.0
8.073769,0.2179604,0.0
12.676668,0.121994905,0.0
7.431507,0.17680904,0.0
38.817062,0.01689861,0.0
14.55853,0.5188349,1.0
55.500328,0.00866338,0.0
21.287025,0.48584536,0.0
23.282713,0.07277395,0.0
82.51277,0.0014573288,0.0
12.609111,0.7194101,1.0
14.256002,0.18735388,0.0
42.72203,0.011919553,0.0
21.954697,0.045870688,0.0
5.9001217,0.6639175,1.0
14.081733,0.29467982,0.0
49.08588,0.012061731,0.0
22.604513,0.08501221,0.0
60.300537,0.010760761,0.0
35.32864,0.027669847,0.0
23.645887,0.6950978,1.0
5.2349,0.25492117,0.0
26.805721,0.07611326,0.0
36.07476,0.04720394,0.0
20.68885,0.43073788,1.0
27.955761,0.690986,1.0
7.019737,0.31851906,0.0
44.214024,0.010620437,0.0
28.401136,0.085827805,0.0
14.179198,0.09505031,0.0
11.662409,0.15061729,0.0
7.70338,0.18101123,0.0
38.158833,0.017830316,0.0
14.0938225,0.7480415,1.0
55.07375,0.008537858,0.0
20.987307,0.47594172,0.0
13.60553,0.17947468,0.0
80.9879,0.0015393456,0.0
12.399284,0.70809615,1.0
13.053551,0.263737,0.0
39.30961,0.014766568,0.0
20.904594,0.04935269,0.0
6.167505,0.671456,1.0
13.288538,0.29314655,0.0
49.731762,0.0120071815,0.0
22.07059,0.092541516,0.0
56.292145,0.013324258,0.0
36.695175,0.024820806,0.0
16.800947,0.8980403,1.0
5.3820004,0.24771608,0.0
26.691431,0.074270785,0.0
35.332127,0.046919543,0.0
20.459187,0.41188207,1.0
28.295372,0.72392917,1.0
7.139746,0.31561798,0.0
43.939384,0.01065621,0.0
24.761353,0.09678244,0.0
14.24377,0.092070185,0.0
9.62432,0.20364481,0.0
7.7220187,0.18600227,0.0
37.58749,0.017839871,0.0
13.669423,0.7232641,1.0
52.503414,0.009679162,0.0
21.489738,0.47862405,0.0
17.693533,0.07477296,0.0
70.98826,0.0026599297,0.0
15.204209,0.56272024,1.0
12.8448515,0.28279185,0.0
37.9273,0.018553305,0.0
21.7613,0.04371555,0.0
6.0155253,0.7583721,1.0
12.869011,0.27832866,0.0
46.010815,0.013871982,0.0
25.110607,0.047000166,0.0
40.368134,0.036704425,0.0
31.945644,0.03209721,0.0
15.242353,0.90980226,1.0
4.237845,0.27945873,0.0
20.265089,0.12280366,0.0
32.587265,0.05834064,0.0
20.88879,0.43272814,1.0
28.088882,0.7214723,1.0
7.0851874,0.3142876,0.0
38.827534,0.015711088,0.0
26.838305,0.09711481,0.0
13.986946,0.09225101,0.0
12.28384,0.1473674,0.0
6.5721555,0.22407658,0.0
38.076954,0.017783105,0.0
14.41868,0.8244582,1.0
54.39368,0.0089576,0.0
21.291859,0.39685932,0.0
13.859565,0.1822523,0.0
76.89231,0.0020254287,0.0
15.500014,0.5453925,1.0
12.652737,0.2973512,0.0
40.271084,0.015328541,0.0
17.144215,0.072071694,0.0
5.9763837,0.77264655,1.0
12.195586,0.3249852,0.0
44.19809,0.015618785,0.0
24.579786,0.0505516,0.0
46.860283,0.024951035,0.0
29.216475,0.04220493,0.0
20.450377,0.92894465,1.0
3.7115998,0.3314836,0.0
20.88347,0.13336869,0.0
45.282867,0.021514505,0.0
21.45765,0.4080109,1.0
27.615131,0.62796164,1.0
5.877056,0.3655772,0.0
37.49459,0.017386839,0.0
23.631477,0.10873752,0.0
12.462483,0.112496346,0.0
10.370954,0.19614077,0.0
7.7422805,0.18484747,0.0
40.25005,0.01539799,0.0
12.221307,0.8341009,1.0
47.416416,0.013054396,0.0
21.698156,0.24425296,0.0
15.343188,0.15395491,0.0
79.48911,0.0017578094,0.0
11.123624,0.62120783,1.0
13.437361,0.25404748,0.0
43.863274,0.0116867125,0.0
14.58476,0.09912748,0.0
5.6562123,0.76047015,1.0
13.1255665,0.24350211,0.0
47.120922,0.013848884,0.0
25.05684,0.05131738,0.0
41.539085,0.031355705,0.0
24.912256,0.05716225,0.0
17.510984,0.8933507,1.0
7.4007335,0.2552289,0.0
15.220594,0.19502649,0.0
41.703575,0.025852777,0.0
21.579618,0.3904133,1.0
27.406935,0.62122804,1.0
5.4028573,0.41805184,0.0
42.170956,0.0123793185,0.0
21.03038,0.13221456,0.0
9.359249,0.18391839,0.0
12.724315,0.16095288,0.0
8.850685,0.15591663,0.0
43.003407,0.01245319,0.0
12.821383,0.8173616,1.0
46.524017,0.015554376,0.0
22.48529,0.48342103,0.0
19.731478,0.084422365,0.0
79.4063,0.0018165766,0.0
11.102544,0.56762123,1.0
13.148553,0.3060573,0.0
53.551098,0.0067249,0.0
14.832075,0.09576819,0.0
5.741613,0.7751117,1.0
14.988263,0.25352654,0.0
36.45187,0.028507132,0.0
29.14293,0.031860325,0.0
37.771923,0.047433868,0.0
23.663984,0.071694225,0.0
15.909533,0.8834419,1.0
7.0611567,0.27910697,0.0
16.060051,0.20991726,0.0
40.6419,0.0312647,0.0
21.309727,0.4572214,1.0
29.325575,0.7360672,1.0
5.358756,0.44234678,0.0
60.043293,0.004652795,0.0
22.75336,0.12702468,0.0
7.5810194,0.23514384,0.0
17.930298,0.08315598,0.0
7.475884,0.19778506,0.0
51.990704,0.0074369386,0.0
12.567089,0.79540724,1.0
42.721962,0.01897996,0.0
22.96225,0.50500876,0.0
19.980272,0.09395614,0.0
93.15613,0.00092902203,0.0
11.250185,0.6237962,1.0
13.651226,0.31357652,0.0
55.064426,0.0061127176,0.0
18.330227,0.06711133,0.0
5.0724716,0.7117927,1.0
14.017429,0.2796528,0.0
32.566444,0.03845897,0.0
26.534996,0.046831302,0.0
46.235237,0.02555636,0.0
22.066034,0.08534086,0.0
15.586245,0.8777999,1.0
8.746744,0.19981927,0.0
17.864233,0.17047136,0.0
38.423912,0.037159774,0.0
21.704018,0.4713867,1.0
29.712503,0.74314874,1.0
5.9280167,0.3507491,0.0
53.256634,0.006166189,0.0
22.459103,0.12479715,0.0
11.717803,0.13153553,0.0
17.481436,0.07498438,0.0
7.5296226,0.1983167,0.0
53.6806,0.006699587,0.0
16.413307,0.82979035,1.0
44.01454,0.019719483,0.0
22.88953,0.5271801,0.0
18.079155,0.10294265,0.0
87.56518,0.0012044401,0.0
11.220357,0.5859753,1.0
13.0660095,0.34956244,0.0
49.479263,0.008004111,0.0
19.968554,0.053976532,0.0
5.45257,0.7168852,1.0
12.193444,0.5051785,0.0
36.0953,0.035663057,0.0
29.546572,0.03337408,0.0
39.361305,0.05245507,0.0
23.552195,0.081903115,0.0
17.375832,0.91540194,1.0
3.2960782,0.34114587,0.0
6.160223,0.22588651,0.0
39.568592,0.034743994,0.0
21.382048,0.52557933,1.0
30.15921,0.7716694,1.0
5.8873224,0.37097302,0.0
61.79595,0.003888272,0.0
23.149046,0.119160995,0.0
8.450628,0.19209121,0.0
11.2741375,0.1559078,0.0
6.764056,0.23230965,0.0
48.358986,0.008639937,0.0
14.196668,0.8114431,1.0
35.06073,0.036440227,0.0
22.33242,0.24970156,0.0
19.732203,0.077268615,0.0
96.667725,0.000816227,0.0
12.743191,0.5667956,1.0
13.884043,0.20935757,0.0
52.054443,0.007204889,0.0
21.301682,0.049204655,0.0
5.2944455,0.69899803,1.0
11.246957,0.42703974,0.0
38.93818,0.03090186,0.0
31.819588,0.02490268,0.0
39.366188,0.045489684,0.0
20.220345,0.10704623,0.0
18.928799,0.92738694,1.0
8.608844,0.2143171,0.0
4.984676,0.25978383,0.0
36.78011,0.0393056,0.0
19.253838,0.2509637,1.0
30.105171,0.7608182,1.0
6.124259,0.3685646,0.0
64.352455,0.0034591833,0.0
22.341864,0.115201205,0.0
8.860623,0.25244942,0.0
8.861554,0.22329298,0.0
6.0041394,0.26974714,0.0
51.299896,0.0075850193,0.0
16.719418,0.7706217,1.0
33.916634,0.042083107,0.0
22.174582,0.22882114,0.0
18.46645,0.104697295,0.0
97.46276,0.0008216454,0.0
11.447702,0.6130731,1.0
13.604622,0.37447688,0.0
53.724125,0.0067536137,0.0
26.24579,0.03425147,0.0
4.5560803,0.6782518,1.0
11.539388,0.6366074,0.0
36.244797,0.044551376,0.0
28.415052,0.029093014,0.0
52.533676,0.020940516,0.0
20.285048,0.122227356,0.0
17.582428,0.92445743,1.0
2.2493758,0.42019057,0.0
7.1507664,0.19905749,0.0
35.07265,0.04618851,0.0
23.126259,0.5062058,1.0
29.431747,0.66062164,1.0
5.891603,0.3178459,0.0
61.981007,0.0040759174,0.0
20.210646,0.13766272,0.0
8.099834,0.25627893,0.0
8.025098,0.22716497,0.0
6.150611,0.295329,0.0
47.292934,0.01043576,0.0
12.909801,0.63084817,1.0
35.32838,0.039963823,0.0
24.217545,0.17063132,0.0
16.767347,0.1279619,0.0
106.04921,0.00059893815,0.0
11.593572,0.6118332,1.0
17.800209,0.18210234,0.0
57.571625,0.0057343994,0.0
30.350046,0.026513737,0.0
4.1592646,0.6370535,1.0
10.902103,0.5196982,0.0
39.53166,0.03452778,0.0
28.44817,0.029228684,0.0
61.4463,0.011254278,0.0
22.037924,0.0988239,0.0
10.757046,0.75450885,1.0
2.3110707,0.46175388,0.0
13.523594,0.10287326,0.0
36.12132,0.04427545,0.0
21.237621,0.23448214,1.0
29.173428,0.6482409,1.0
5.893345,0.3024711,0.0
62.96836,0.004028988,0.0
23.335894,0.09699594,0.0
7.927682,0.26078308,0.0
10.46844,0.15849288,0.0
5.9995513,0.29584646,0.0
50.236412,0.00935616,0.0
13.4244585,0.74896425,1.0
44.08823,0.019052615,0.0
24.403532,0.38028187,0.0
16.433445,0.1355229,0.0
95.03439,0.0008921572,0.0
11.006265,0.5763912,1.0
14.807513,0.30304897,0.0
49.419243,0.008557841,0.0
25.056166,0.039007686,0.0
4.4066954,0.6669947,1.0
10.819195,0.35977706,0.0
49.376675,0.01862069,0.0
28.52013,0.026869649,0.0
52.285698,0.01722626,0.0
28.449837,0.053614143,0.0
22.476862,0.9575205,1.0
9.30783,0.17511106,0.0
19.881966,0.14942211,0.0
61.978813,0.0070137773,0.0
24.3648,0.38269272,1.0
31.369574,0.51157343,1.0
6.057378,0.31596133,0.0
60.334473,0.0043914504,0.0
25.802753,0.08238254,0.0
7.5082483,0.2983969,0.0
8.440389,0.24096897,0.0
6.2021704,0.29427153,0.0
44.260757,0.012580257,0.0
14.265348,0.81676126,1.0
40.760483,0.023196032,0.0
24.442732,0.40632796,0.0
22.73023,0.05698177,0.0
97.79427,0.00077124516,0.0
9.904613,0.35581806,1.0
14.69372,0.2970114,0.0
43.49507,0.012167018,0.0
27.996853,0.028919999,0.0
4.655999,0.68673635,1.0
9.694609,0.4393483,0.0
45.687035,0.022994317,0.0
24.18327,0.040672705,0.0
49.208206,0.020684736,0.0
25.246656,0.069143794,0.0
10.985826,0.790902,1.0
10.358509,0.14858139,0.0
17.05837,0.20036684,0.0
57.85055,0.008641048,0.0
24.485895,0.40332174,1.0
31.629568,0.5225538,1.0
6.831187,0.27180102,0.0
59.602745,0.004182121,0.0
24.244934,0.096856974,0.0
7.249364,0.28256485,0.0
5.709999,0.35570082,0.0
6.9357376,0.25661743,0.0
40.471745,0.015419535,0.0
13.741205,0.7773852,1.0
36.76321,0.03272732,0.0
21.980993,0.22516179,0.0
27.446552,0.040853485,0.0
108.46241,0.00053110777,0.0
11.491316,0.69909364,1.0
14.464206,0.37088183,0.0
48.391094,0.009299525,0.0
33.42912,0.022347305,0.0
4.614631,0.70080256,1.0
9.837407,0.5103052,0.0
40.778164,0.03395548,0.0
27.425514,0.037962206,0.0
54.521202,0.015338052,0.0
23.107021,0.08550192,0.0
10.64015,0.7421948,1.0
9.941255,0.15379645,0.0
9.904709,0.14423324,0.0
35.25298,0.049113818,0.0
23.551859,0.45540246,1.0
29.587399,0.631978,1.0
4.293845,0.50911546,0.0
64.737366,0.0036373397,0.0
19.197975,0.1520877,0.0
11.047213,0.13050117,0.0
5.904473,0.34311795,0.0
7.382187,0.22682531,0.0
46.420624,0.012004873,0.0
14.454587,0.78466564,1.0
40.120373,0.02747847,0.0
24.02799,0.14884259,0.0
17.631964,0.11017377,0.0
113.53005,0.00043548417,0.0
10.857179,0.55260396,1.0
14.66341,0.16560082,0.0
59.33205,0.00493443,0.0
39.17996,0.014694159,0.0
4.300264,0.6184359,1.0
10.101779,0.5176598,0.0
45.11703,0.022764158,0.0
19.590488,0.10613023,0.0
69.73084,0.0064898436,0.0
25.379324,0.06923379,0.0
21.467138,0.9527496,1.0
11.727237,0.11946404,0.0
11.904156,0.11216933,0.0
38.385723,0.041662123,0.0
20.573824,0.1905612,1.0
29.8198,0.6380833,1.0
4.5987597,0.45152012,0.0
52.905582,0.0066605876,0.0
23.451424,0.100047536,0.0
18.465277,0.05675457,0.0
8.054489,0.22869399,0.0
5.8579917,0.26055458,0.0
49.808983,0.009873691,0.0
14.916654,0.77282614,1.0
44.078148,0.018026086,0.0
23.448341,0.4504142,0.0
20.05146,0.10094973,0.0
101.84004,0.00069334044,0.0
11.436177,0.582034,1.0
14.187458,0.33790115,0.0
52.445274,0.0066717207,0.0
27.117088,0.03108809,0.0
4.2003584,0.5962061,1.0
10.256197,0.4376609,0.0
38.289448,0.03446169,0.0
18.431849,0.12747756,0.0
60.676567,0.010240522,0.0
28.696402,0.049159613,0.0
20.277584,0.9452966,1.0
13.662045,0.09928341,0.0
7.5891037,0.18072288,0.0
34.06539,0.056895465,0.0
23.279123,0.4663494,1.0
29.647957,0.66395265,1.0
4.8653426,0.44644365,0.0
42.95006,0.012795879,0.0
20.862112,0.14072989,0.0
16.187325,0.065462686,0.0
8.174053,0.2681457,0.0
7.278507,0.21603249,0.0
36.533672,0.023468906,0.0
13.288808,0.7148393,1.0
40.404144,0.02322656,0.0
24.446655,0.54341006,0.0
24.557274,0.050791517,0.0
119.85217,0.00037308023,0.0
11.796204,0.60731333,1.0
14.340485,0.33636272,0.0
51.705544,0.0072699906,0.0
22.64618,0.04999886,0.0
13.948423,0.9383857,1.0
10.324855,0.3392629,0.0
35.885742,0.040710073,0.0
17.349125,0.14961968,0.0
49.774014,0.024051387,0.0
26.790152,0.062400248,0.0
11.203334,0.7952052,1.0
6.7616005,0.31259045,0.0
6.225258,0.27439436,0.0
32.47969,0.06512665,0.0
22.361422,0.53169304,1.0
32.296154,0.80310297,1.0
7.238222,0.7557093,0.0
41.87109,0.0142077925,0.0
21.328943,0.14311448,0.0
19.154873,0.047494452,0.0
5.108279,0.4392762,0.0
6.7470045,0.24042372,0.0
50.18575,0.010161674,0.0
12.589908,0.6166432,1.0
39.110332,0.02664649,0.0
22.862873,0.49652928,0.0
18.256338,0.0920936,0.0
125.3683,0.0003055717,0.0
11.701265,0.6060944,1.0
13.096458,0.33492067,0.0
53.306503,0.0066729947,0.0
30.385302,0.038090944,0.0
14.507765,0.9436307,1.0
10.363834,0.32890135,0.0
39.185482,0.033657268,0.0
17.299574,0.14802422,0.0
52.17838,0.022074739,0.0
28.145489,0.059988003,0.0
21.080658,0.9506915,1.0
5.7414894,0.6376239,0.0
7.5188327,0.21199861,0.0
33.399582,0.061363712,0.0
22.858288,0.5515794,1.0
30.125668,0.68158543,1.0
6.5250463,0.7158443,0.0
42.935753,0.013359496,0.0
22.636059,0.123728,0.0
19.34651,0.04435508,0.0
6.401023,0.30435237,0.0
4.954808,0.37188604,0.0
57.823025,0.006497473,0.0
9.12148,0.7930327,1.0
35.688217,0.037707966,0.0
26.075361,0.598876,0.0
15.278853,0.13510972,0.0
126.25201,0.0003479483,0.0
12.217337,0.49535376,1.0
18.94555,0.45753062,0.0
30.288994,0.032601707,0.0
21.593983,0.1006609,0.0
14.08758,0.9444459,1.0
11.484711,0.24053022,0.0
32.733208,0.052203517,0.0
18.602098,0.11817481,0.0
29.723104,0.15411249,0.0
17.91524,0.13621151,0.0
12.709656,0.74817497,1.0
5.4563913,0.5792176,0.0
8.290421,0.18828365,0.0
30.44067,0.095349215,0.0
24.651772,0.62344384,1.0
32.6167,0.81034976,1.0
6.1033044,0.6655085,0.0
25.045828,0.054857604,0.0
24.755957,0.14286341,0.0
21.371946,0.038455367,0.0
6.029648,0.3293336,0.0
4.611431,0.3857258,0.0
39.335262,0.024736885,0.0
13.31122,0.88893044,1.0
38.186543,0.027884854,0.0
23.837557,0.4866451,0.0
25.755068,0.042048674,0.0
118.47205,0.00042382776,0.0
18.54268,0.642344,1.0
14.018126,0.33329424,0.0
41.265804,0.014497822,0.0
21.072674,0.10217362,0.0
15.646777,0.95478624,1.0
8.515474,0.37530363,0.0
37.538822,0.039329395,0.0
21.629717,0.18564978,0.0
30.939434,0.13529181,0.0
20.696093,0.10389616,0.0
11.305728,0.76840293,1.0
4.5417724,0.59309036,0.0
8.58124,0.18950324,0.0
30.741722,0.07516646,0.0
23.704533,0.5265578,1.0
30.47388,0.6743536,1.0
7.510083,0.75415236,0.0
33.374893,0.02678655,0.0
20.622746,0.13682833,0.0
15.510284,0.086763576,0.0
4.3874383,0.47435004,0.0
6.0300207,0.3138636,0.0
34.528202,0.031141931,0.0
11.56325,0.89157397,1.0
34.966576,0.0366633,0.0
22.520426,0.2773785,0.0
27.58114,0.0370844,0.0
110.25042,0.0005582306,0.0
19.537878,0.68047434,1.0
13.761419,0.2222469,0.0
54.16186,0.006047528,0.0
20.487803,0.11260619,0.0
14.988169,0.9500094,1.0
7.1880436,0.44199598,0.0
38.704124,0.034019917,0.0
21.598387,0.18190414,0.0
26.352533,0.17341404,0.0
16.980202,0.1330435,0.0
11.110115,0.75994813,1.0
5.0038652,0.54167104,0.0
9.921779,0.1624505,0.0
33.1667,0.06715786,0.0
18.495749,0.27542895,1.0
32.395077,0.8197359,1.0
7.2203717,0.6910843,0.0
35.394066,0.02222235,0.0
20.631824,0.14922431,0.0
26.135626,0.023955088,0.0
5.2746634,0.41080973,0.0
5.5466113,0.3190259,0.0
31.290272,0.039932918,0.0
13.710492,0.8907822,1.0
39.498436,0.026154313,0.0
19.908228,0.31785202,0.0
24.541988,0.050638925,0.0
115.24373,0.00048554537,0.0
23.83265,0.83314276,1.0
12.787559,0.44764253,0.0
43.206814,0.012641306,0.0
21.095463,0.10827327,0.0
13.583887,0.94022495,1.0
8.429027,0.37750885,0.0
45.83526,0.024311576,0.0
19.51315,0.6335826,0.0
32.200874,0.1276118,0.0
21.478363,0.09607027,0.0
13.085207,0.8135818,1.0
4.9543,0.502209,0.0
10.500139,0.14549395,0.0
36.423336,0.05082472,0.0
14.881518,0.5467875,1.0
32.93788,0.8299391,1.0
7.0126967,0.66646135,0.0
37.93097,0.01850425,0.0
18.209768,0.1783929,0.0
30.777084,0.017815733,0.0
4.479557,0.4863022,0.0
6.7208457,0.3767903,0.0
32.497242,0.03736885,0.0
14.317745,0.8760086,1.0
43.873466,0.018363543,0.0
22.81374,0.5845804,0.0
23.514427,0.057934243,0.0
112.53734,0.00051255804,0.0
23.6773,0.8305534,1.0
13.502348,0.43137446,0.0
44.737583,0.0115798395,0.0
19.963818,0.0622804,0.0
13.065963,0.9376892,1.0
9.514115,0.3340129,0.0
43.40153,0.026854355,0.0
19.542732,0.6398341,0.0
35.071846,0.10209717,0.0
25.467518,0.06549669,0.0
13.302815,0.8077847,1.0
7.7150054,0.21760882,0.0
9.225749,0.17931405,0.0
31.80077,0.069574885,0.0
15.319243,0.5264803,1.0
33.37228,0.83625054,1.0
7.070591,0.70436364,0.0
39.398144,0.016959779,0.0
18.830488,0.15360186,0.0
31.12351,0.018246533,0.0
5.3643,0.43201935,0.0
7.2027307,0.3261577,0.0
32.272335,0.03621234,0.0
8.533445,0.69185525,1.0
47.067745,0.015806103,0.0
25.933846,0.40680608,0.0
18.119486,0.11305302,0.0
109.887085,0.00057328487,0.0
23.43272,0.8295741,1.0
20.65931,0.26026,0.0
61.01144,0.004254169,0.0
23.388573,0.044677928,0.0
13.193491,0.93659693,1.0
11.431979,0.2241171,0.0
47.38678,0.020569453,0.0
18.478079,0.61527157,0.0
29.96603,0.1319718,0.0
23.774458,0.070078336,0.0
12.5814,0.65020007,1.0
7.143611,0.24185854,0.0
9.791857,0.16901389,0.0
63.123,0.0072478587,0.0
24.562643,0.3794388,1.0
32.892467,0.5492533,1.0
7.255727,0.68271625,0.0
52.818817,0.0068199844,0.0
29.319983,0.08072269,0.0
13.703189,0.09389293,0.0
14.487557,0.12121501,0.0
9.491066,0.16517457,0.0
36.58558,0.026488604,0.0
8.7526045,0.6940015,1.0
45.3708,0.018744199,0.0
27.979057,0.46647102,0.0
21.160656,0.08346504,0.0
116.008026,0.00043552674,0.0
24.298565,0.8480413,1.0
27.00274,0.43992943,0.0
51.757015,0.0074022855,0.0
24.64223,0.07577223,0.0
13.266619,0.93902606,1.0
9.900636,0.2636254,0.0
47.121563,0.021943755,0.0
19.343122,0.6358423,0.0
29.345278,0.12882785,0.0
23.776686,0.07319192,0.0
11.9517975,0.658857,1.0
5.0289516,0.5242938,0.0
11.092583,0.14000863,0.0
62.414433,0.008032697,0.0
27.002743,0.4399295,1.0
32.943317,0.5544742,1.0
6.857125,0.63985527,0.0
55.119747,0.005901245,0.0
30.878704,0.09886469,0.0
32.382103,0.01687945,0.0
14.629502,0.12360569,0.0
7.9816914,0.2026285,0.0
37.632767,0.023861133,0.0
8.728924,0.6824711,1.0
45.962124,0.01885461,0.0
28.036667,0.53086036,0.0
14.258733,0.34818488,0.0
99.32951,0.0009650215,0.0
24.124008,0.8504737,1.0
26.9715,0.50672317,0.0
31.66588,0.036765657,0.0
21.541445,0.096731916,0.0
12.163621,0.9280131,1.0
10.993702,0.2516746,0.0
49.431705,0.020033244,0.0
24.124008,0.8504737,0.0
30.529827,0.12238039,0.0
25.216578,0.06650918,0.0
11.01359,0.5882457,1.0
5.1354938,0.5041742,0.0
7.780056,0.21457304,0.0
63.354836,0.007891387,0.0
26.971502,0.5067231,1.0
33.165764,0.5807445,1.0
6.840542,0.61609346,0.0
36.365757,0.023588946,0.0
30.769705,0.108649835,0.0
25.69678,0.028722221,0.0
14.287686,0.16704519,0.0
8.101788,0.19839846,0.0
27.66701,0.052904356,0.0
9.340197,0.78386754,1.0
41.83362,0.023349427,0.0
25.076918,0.4923693,0.0
14.159458,0.43912116,0.0
108.6905,0.00067033677,0.0
23.410133,0.8338156,1.0
14.95772,0.27781218,0.0
30.982594,0.040139996,0.0
20.352434,0.045444768,0.0
11.987469,0.92466104,1.0
7.0861897,0.4727946,0.0
44.665527,0.025708785,0.0
19.436274,0.6501936,0.0
31.958824,0.12082926,0.0
21.313204,0.09523488,0.0
15.105245,0.8743422,1.0
6.362751,0.26984107,0.0
8.101381,0.21730626,0.0
59.79619,0.009401689,0.0
23.152464,0.47438088,1.0
33.211666,0.5460034,1.0
7.266834,0.57635397,0.0
28.47667,0.051551577,0.0
28.687017,0.104710974,0.0
28.744446,0.022536788,0.0
10.436094,0.2523859,0.0
6.443276,0.3796577,0.0
28.791859,0.049444348,0.0
9.65191,0.7813767,1.0
39.608845,0.02809853,0.0
28.559422,0.5187072,0.0
12.756729,0.40733895,0.0
104.0075,0.00088379584,0.0
23.153687,0.8437909,1.0
27.51194,0.5005492,0.0
27.802803,0.054208376,0.0
17.705076,0.065488584,0.0
13.091996,0.9038291,1.0
9.368818,0.320275,0.0
42.218067,0.030538848,0.0
23.153687,0.8437909,0.0
37.435783,0.058212135,0.0
21.1237,0.098062664,0.0
10.653106,0.6237569,1.0
8.017787,0.23768939,0.0
7.687616,0.35690835,0.0
55.974022,0.01149968,0.0
27.511938,0.5005492,1.0
33.44238,0.5589357,1.0
9.680063,0.5377356,0.0
25.686335,0.06749053,0.0
29.506691,0.11950301,0.0
27.302568,0.02403514,0.0
11.37041,0.23045495,0.0
7.1008334,0.23428033,0.0
26.30834,0.065578885,0.0
10.444661,0.83274096,1.0
38.905186,0.029287778,0.0
26.94014,0.48704308,0.0
12.92184,0.42299712,0.0
108.16091,0.00086624967,0.0
20.832983,0.8026125,1.0
20.525805,0.34914204,0.0
26.355152,0.060853194,0.0
17.784922,0.062094327,0.0
13.011004,0.90365,1.0
8.725784,0.3652203,0.0
40.370842,0.034684796,0.0
18.223772,0.6398168,0.0
40.27185,0.04962262,0.0
19.253223,0.114386976,0.0
11.47748,0.6950629,1.0
8.345257,0.23199081,0.0
8.175552,0.3499135,0.0
54.89315,0.012347858,0.0
25.51113,0.45508805,1.0
33.696266,0.55661684,1.0
10.0261755,0.5100007,0.0
24.48752,0.07570584,0.0
28.851454,0.11138415,0.0
15.108645,0.08267667,0.0
10.600964,0.26151282,0.0
7.2864904,0.23963796,0.0
29.004227,0.061518632,0.0
9.783535,0.8043309,1.0
38.159897,0.031986978,0.0
26.983055,0.50881875,0.0
13.096601,0.4472115,0.0
111.37439,0.0008046393,0.0
20.66344,0.8001759,1.0
20.685127,0.3779645,0.0
26.594315,0.06308453,0.0
18.02763,0.0612638,0.0
12.702895,0.89641553,1.0
11.167629,0.255716,0.0
42.295025,0.032103796,0.0
18.106255,0.62441117,0.0
42.078503,0.048981987,0.0
19.089745,0.1261138,0.0
11.565663,0.6955072,1.0
8.588477,0.21790238,0.0
8.291051,0.33316597,0.0
54.49489,0.01321736,0.0
25.55445,0.47374487,1.0
34.032627,0.564181,1.0
9.998113,0.4959867,0.0
24.757748,0.07835346,0.0
28.106762,0.09540807,0.0
15.13084,0.08284682,0.0
10.480955,0.27571583,0.0
6.2697453,0.30286732,0.0
30.046272,0.061104048,0.0
9.522879,0.82702917,1.0
23.38834,0.113955066,0.0
27.453032,0.5349527,0.0
13.308827,0.3503277,0.0
117.624664,0.0006469187,0.0
18.023537,0.83209,1.0
21.285294,0.4005773,0.0
29.376059,0.050309155,0.0
18.676086,0.058086302,0.0
7.6941514,0.65849286,1.0
9.437048,0.3238365,0.0
35.78483,0.052822262,0.0
20.248093,0.2236582,0.0
42.69227,0.045792863,0.0
15.385857,0.1886738,0.0
10.458242,0.56129414,1.0
8.145109,0.23358452,0.0
6.4886017,0.3244927,0.0
45.486805,0.02340771,0.0
25.975878,0.5036022,1.0
34.62995,0.57901824,1.0
7.361054,0.46643212,0.0
24.974033,0.08358057,0.0
24.25651,0.14154151,0.0
16.629128,0.068791,0.0
11.107577,0.2567704,0.0
6.4053144,0.2693431,0.0
33.172997,0.049468916,0.0
9.063097,0.8065455,1.0
35.054626,0.040028207,0.0
27.199852,0.5193357,0.0
13.222188,0.40777817,0.0
114.46939,0.0007046483,0.0
16.760393,0.5612773,1.0
21.09805,0.37464628,0.0
32.81929,0.035458118,0.0
24.37711,0.030754669,0.0
13.501814,0.8970982,1.0
10.08763,0.2829829,0.0
39.552593,0.038875453,0.0
21.349955,0.20458612,0.0
41.576912,0.049385976,0.0
17.01253,0.15481022,0.0
11.3293295,0.6847334,1.0
9.257394,0.19023871,0.0
10.367704,0.54958504,0.0
50.477547,0.016829474,0.0
25.64143,0.488575,1.0
34.5282,0.5818118,1.0
10.367705,0.54958504,0.0
27.274324,0.062777296,0.0
26.113945,0.10981676,0.0
21.174185,0.042556763,0.0
10.929006,0.24502984,0.0
5.350864,0.3845312,0.0
30.587194,0.06201159,0.0
11.156869,0.8684225,1.0
20.873821,0.13659418,0.0
25.818535,0.53251064,0.0
20.233955,0.044917967,0.0
112.209305,0.0007309222,0.0
19.974012,0.8685269,1.0
19.18109,0.4299583,0.0
38.489838,0.023675783,0.0
24.073465,0.031290267,0.0
6.42293,0.582311,1.0
8.243926,0.617679,0.0
32.15542,0.06920055,0.0
20.789864,0.18592116,0.0
38.420288,0.05701269,0.0
13.729499,0.21492763,0.0
14.920905,0.8948438,1.0
3.6696918,0.36523136,0.0
4.179829,0.49749893,0.0
41.633472,0.029537285,0.0
16.588755,0.36445385,1.0
34.777752,0.6066728,1.0
8.199018,0.37283558,0.0
25.212555,0.08454,0.0
18.297113,0.21108904,0.0
24.062727,0.030659791,0.0
7.6225514,0.2996104,0.0
10.155175,0.34909332,0.0
30.105371,0.060312737,0.0
11.239525,0.8923243,1.0
17.858967,0.189163,0.0
27.374908,0.63578457,0.0
13.611333,0.39160398,0.0
116.32815,0.0006464571,0.0
20.844616,0.87959117,1.0
17.836807,0.5323118,0.0
41.902565,0.01865302,0.0
16.1072,0.1246854,0.0
5.401621,0.6718158,1.0
8.07147,0.63709265,0.0
29.751991,0.085306875,0.0
16.163517,0.5358509,0.0
38.727726,0.060061555,0.0
11.862215,0.28743,0.0
15.5892725,0.8768738,1.0
7.5658927,0.4398977,0.0
4.044168,0.71843237,0.0
37.50672,0.04219302,0.0
12.295803,0.44767857,1.0
35.814236,0.6812829,1.0
6.365507,0.53573567,0.0
37.366047,0.026817527,0.0
15.386986,0.36834878,0.0
15.790091,0.07577198,0.0
7.4253445,0.3044199,0.0
7.2049317,0.41629693,0.0
33.025467,0.05159297,0.0
12.758728,0.87978166,1.0
20.363886,0.14653994,0.0
25.979818,0.58909667,0.0
16.929018,0.06823807,0.0
124.87872,0.00050302,0.0
16.275429,0.78749216,1.0
18.654675,0.48464024,0.0
37.884853,0.02665524,0.0
22.94147,0.037124094,0.0
6.7532125,0.60174525,1.0
8.815007,0.66525435,0.0
32.310673,0.0667571,0.0
20.11976,0.19414018,0.0
42.185974,0.04950209,0.0
13.665117,0.24394259,0.0
16.769363,0.92019784,1.0
3.78467,0.39072073,0.0
4.132815,0.5072808,0.0
41.53934,0.03022481,0.0
16.204313,0.42144093,1.0
35.031315,0.6382231,1.0
7.499364,0.45524874,0.0
24.55275,0.09311376,0.0
18.073225,0.216148,0.0
21.531036,0.039656643,0.0
6.672189,0.31628245,0.0
8.988548,0.4137882,0.0
35.454533,0.045928113,0.0
10.052554,0.8915897,1.0
19.719746,0.11970375,0.0
25.494915,0.48829198,0.0
14.530352,0.08974358,0.0
127.15546,0.00045957265,0.0
16.048044,0.5305164,1.0
18.78023,0.426246,0.0
36.84413,0.028241605,0.0
22.07265,0.040528238,0.0
5.9489613,0.5548956,1.0
7.05776,0.58996433,0.0
30.95033,0.062353212,0.0
20.327566,0.19316654,0.0
33.072872,0.077104904,0.0
10.902005,0.28839597,0.0
22.194447,0.97025037,1.0
2.360965,0.508215,0.0
7.8764515,0.41362453,0.0
40.611347,0.027854655,0.0
17.796265,0.38181207,1.0
35.436726,0.65320235,1.0
5.135579,0.5021729,0.0
23.777203,0.10015389,0.0
16.271975,0.21608561,0.0
21.095924,0.04196497,0.0
5.2874837,0.4049778,0.0
8.458049,0.360549,0.0
35.536057,0.045331486,0.0
13.1664715,0.91093796,1.0
20.962496,0.119566545,0.0
25.034739,0.47533363,0.0
16.13405,0.07319073,0.0
118.85448,0.0006172901,0.0
15.484179,0.5060329,1.0
18.425552,0.41284332,0.0
40.16267,0.022516651,0.0
23.869339,0.034247257,0.0
6.5450544,0.53697854,1.0
8.994747,0.656861,0.0
32.85436,0.058359977,0.0
20.463741,0.18112662,0.0
41.63913,0.0532262,0.0
13.707737,0.2467132,0.0
19.565783,0.96283525,1.0
4.345737,0.32734853,0.0
4.0598197,0.46669203,0.0
41.195614,0.02565361,0.0
17.535875,0.36883974,1.0
35.17555,0.63350785,1.0
7.2937818,0.42903465,0.0
25.54126,0.08354904,0.0
16.393557,0.20782182,0.0
22.909647,0.03491876,0.0
6.200301,0.3643854,0.0
8.394229,0.34624174,0.0
33.06591,0.055098075,0.0
7.664856,0.7575768,1.0
22.718632,0.09355923,0.0
27.620258,0.53178054,0.0
17.255932,0.06519452,0.0
114.85757,0.00068941544,0.0
15.081987,0.47636542,1.0
20.613174,0.43024388,0.0
38.82139,0.024120493,0.0
27.164583,0.025587728,0.0
7.462031,0.49311483,1.0
8.193854,0.40991735,0.0
33.820717,0.048350736,0.0
19.63647,0.18547489,0.0
36.50163,0.06357707,0.0
12.872626,0.2433277,0.0
9.215326,0.7370254,1.0
3.002964,0.456537,0.0
10.839425,0.29412165,0.0
45.712486,0.021570811,0.0
26.052261,0.4849246,1.0
35.274487,0.6564404,1.0
4.9967017,0.47953442,0.0
27.24763,0.06672687,0.0
24.895012,0.11896907,0.0
15.090272,0.0832172,0.0
10.715721,0.18169752,0.0
3.943929,0.3475163,0.0
33.046085,0.050308608,0.0
8.11747,0.83726865,1.0
22.030628,0.08888509,0.0
25.225935,0.52494925,0.0
17.445137,0.08207246,0.0
118.38127,0.00061089825,0.0
15.415901,0.51815325,1.0
19.05207,0.4390393,0.0
41.71586,0.02172967,0.0
27.020168,0.031676017,0.0
6.8540754,0.46416003,1.0
7.339358,0.5094759,0.0
33.639187,0.046090588,0.0
16.057293,0.28053787,0.0
35.922703,0.060083255,0.0
12.185162,0.23408781,0.0
21.931322,0.97095686,1.0
2.5370696,0.5775592,0.0
6.934694,0.40556517,0.0
42.93016,0.021741882,0.0
17.797237,0.41362157,1.0
35.44471,0.69933796,1.0
4.0068407,0.5634013,0.0
28.612844,0.029664148,0.0
17.822945,0.17196107,0.0
15.899211,0.07840999,0.0
7.0585566,0.43134955,0.0
8.805408,0.27242523,0.0
38.303047,0.03518055,0.0
7.3787622,0.78616667,1.0
21.898306,0.09168087,0.0
28.408398,0.6375386,0.0
13.958079,0.0929754,0.0
111.91284,0.0007326328,0.0
15.900789,0.5845891,1.0
26.379917,0.55659944,0.0
47.323467,0.0145009905,0.0
29.432358,0.022063607,0.0
6.7154484,0.47542328,1.0
5.3009796,0.4878307,0.0
32.151745,0.05023421,0.0
20.97815,0.18236646,0.0
35.25714,0.05703347,0.0
11.835588,0.24135168,0.0
22.071144,0.96434903,1.0
3.1721294,0.5438486,0.0
7.1685,0.34701315,0.0
44.837013,0.021184808,0.0
18.905613,0.46202454,1.0
35.574474,0.73250026,1.0
5.155731,0.47201473,0.0
30.245441,0.058005385,0.0
21.16366,0.15693045,0.0
22.154266,0.03770446,0.0
10.630028,0.26360202,0.0
9.77262,0.28761598,0.0
37.76373,0.03479286,0.0
7.562174,0.8300528,1.0
20.054203,0.09419147,0.0
24.779919,0.5606479,0.0
13.660549,0.09866285,0.0
98.10293,0.0012374776,0.0
15.430854,0.55989635,1.0
18.66392,0.4617996,0.0
46.664257,0.014362328,0.0
29.47026,0.022458795,0.0
5.6784515,0.56831115,1.0
6.4023447,0.5165114,0.0
32.51248,0.04758798,0.0
20.800528,0.17538416,0.0
29.06469,0.0884846,0.0
12.405632,0.2107106,0.0
26.264944,0.97973996,1.0
3.7170415,0.5733787,0.0
6.2469096,0.36319503,0.0
40.26529,0.025681779,0.0
17.313847,0.44634822,1.0
35.513668,0.73061156,1.0
3.9973207,0.48692796,0.0
30.208118,0.054021657,0.0
18.169537,0.16834556,0.0
21.836967,0.039469212,0.0
5.8886166,0.47511652,0.0
8.918394,0.21736966,0.0
32.596592,0.04934684,0.0
7.4129896,0.80426955,1.0
20.499882,0.091818176,0.0
25.565298,0.38676906,0.0
14.202405,0.093183264,0.0
97.73164,0.0011438619,0.0
15.544861,0.5831179,1.0
25.549202,0.3866629,0.0
47.060837,0.014835906,0.0
36.894493,0.012753777,0.0
8.897975,0.42762935,1.0
5.4154344,0.51543075,0.0
32.760468,0.045022737,0.0
21.281822,0.17349923,0.0
43.320026,0.035531737,0.0
16.244497,0.16582651,0.0
23.423737,0.9738807,1.0
3.2826178,0.36286554,0.0
17.809462,0.1449878,0.0
42.018955,0.022383168,0.0
19.948652,0.3257661,1.0
40.93973,0.8769022,1.0
7.1375003,0.2182786,0.0
31.17905,0.052443013,0.0
22.897364,0.1197074,0.0
22.680925,0.03666561,0.0
6.7198,0.4162396,0.0
8.6052065,0.22958294,0.0
39.814396,0.029914869,0.0
6.5934362,0.81867963,1.0
18.59731,0.106055625,0.0
22.150341,0.42015794,0.0
16.888258,0.06600407,0.0
101.40309,0.0011012764,0.0
14.845564,0.5016729,1.0
18.620499,0.3972805,0.0
56.050797,0.00843069,0.0
40.041412,0.01026791,0.0
5.8524175,0.5245208,1.0
5.8309245,0.5205265,0.0
28.565538,0.061209798,0.0
23.018843,0.14260836,0.0
26.271294,0.09424574,0.0
10.4102,0.25629914,0.0
21.696293,0.96915096,1.0
3.6987631,0.46384412,0.0
5.3458667,0.34231862,0.0
38.210163,0.029622398,0.0
17.24509,0.35494685,1.0
40.059612,0.86893606,1.0
4.229232,0.4396863,0.0
40.42086,0.024698598,0.0
18.94049,0.1623248,0.0
24.55456,0.034153067,0.0
8.742554,0.29658833,0.0
9.378221,0.17732523,0.0
37.869915,0.033596512,0.0
6.389652,0.7753873,1.0
19.449778,0.108633846,0.0
22.702864,0.4578739,0.0
16.923466,0.0627343,0.0
111.32146,0.00080267084,0.0
14.67366,0.50603545,1.0
18.917416,0.4568836,0.0
53.5197,0.009662443,0.0
39.58817,0.010211754,0.0
6.5333805,0.395813,1.0
6.0327787,0.52155983,0.0
26.19836,0.07331815,0.0
21.966383,0.15061939,0.0
33.52173,0.05597332,0.0
10.557141,0.24042222,0.0
17.626707,0.93795395,1.0
5.165284,0.34588736,0.0
7.3988023,0.24242766,0.0
39.564842,0.029508814,0.0
16.256844,0.38092816,1.0
41.68545,0.8869092,1.0
4.1340528,0.5043937,0.0
38.40223,0.02797298,0.0
19.41626,0.17777842,0.0
25.359045,0.03139782,0.0
13.893778,0.17638776,0.0
10.260222,0.20028381,0.0
38.909245,0.03244888,0.0
7.180447,0.7762222,1.0
22.178633,0.08657888,0.0
22.649538,0.4309734,0.0
15.50755,0.07165205,0.0
98.12548,0.0012057435,0.0
14.616358,0.5204848,1.0
18.689972,0.424638,0.0
50.48975,0.010747202,0.0
36.742477,0.012070235,0.0
8.754425,0.31377336,1.0
6.691804,0.47729802,0.0
29.320179,0.055024873,0.0
20.40623,0.1766816,0.0
33.283848,0.05428088,0.0
12.677411,0.18859303,0.0
18.44898,0.94980097,1.0
4.633687,0.3323274,0.0
9.783112,0.19970953,0.0
44.453,0.020355646,0.0
16.750835,0.38427883,1.0
42.18539,0.89505243,1.0
4.1456547,0.4284532,0.0
35.456448,0.032601353,0.0
19.750765,0.1700541,0.0
22.705727,0.037879597,0.0
10.296091,0.2360326,0.0
10.20713,0.2014332,0.0
33.11291,0.04420259,0.0
9.801552,0.77032477,1.0
24.249493,0.07243394,0.0
24.950209,0.62646735,0.0
14.742264,0.07991339,0.0
90.610176,0.0016745683,0.0
15.4617195,0.6182891,1.0
17.80278,0.5150915,0.0
53.704647,0.009150014,0.0
22.452597,0.036637466,0.0
8.438622,0.38094705,1.0
8.114292,0.42048424,0.0
33.382656,0.041827023,0.0
18.650393,0.21124586,0.0
42.156662,0.032258384,0.0
15.113221,0.14784876,0.0
24.581263,0.97390217,1.0
4.6618247,0.41791353,0.0
10.3964405,0.26582658,0.0
46.57583,0.017999042,0.0
16.035452,0.5208907,1.0
35.228523,0.75491244,1.0
6.962296,0.36458668,0.0
31.203714,0.04800182,0.0
19.317469,0.17043316,0.0
22.599287,0.034684714,0.0
8.753217,0.34844393,0.0
9.763751,0.24878941,0.0
31.703003,0.049594607,0.0
8.571351,0.77014095,1.0
30.094246,0.041438676,0.0
22.204792,0.4488088,0.0
9.553702,0.18544462,0.0
94.18334,0.001445192,0.0
15.764348,0.6213689,1.0
18.306679,0.44801387,0.0
46.779278,0.014491406,0.0
30.359259,0.023248766,0.0
6.620368,0.7777851,1.0
7.2133093,0.48637688,0.0
33.965424,0.040551137,0.0
14.837876,0.32085368,0.0
44.616974,0.026690038,0.0
15.2909,0.13927029,0.0
19.832474,0.95654404,1.0
3.7300828,0.39387345,0.0
7.608463,0.4081281,0.0
46.204704,0.01879331,0.0
16.596725,0.43827915,1.0
44.147945,0.91241395,1.0
7.814366,0.5064075,0.0
32.45411,0.021098245,0.0
19.942558,0.15017842,0.0
15.303546,0.083558455,0.0
10.09502,0.2803079,0.0
10.311272,0.23093936,0.0
31.99738,0.049259864,0.0
11.031468,0.8052218,1.0
22.657091,0.08403804,0.0
25.213762,0.5114521,0.0
16.602844,0.06334551,0.0
85.634125,0.002059447,0.0
15.913498,0.6101318,1.0
25.213762,0.5114521,0.0
54.431946,0.009396682,0.0
18.737965,0.0518175,0.0
6.057742,0.49077752,1.0
6.833916,0.43386984,0.0
33.168884,0.046104647,0.0
19.814547,0.20668593,0.0
40.602608,0.038195465,0.0
15.247106,0.14860383,0.0
22.946129,0.9689883,1.0
4.9215665,0.39138442,0.0
9.868434,0.3028656,0.0
42.96562,0.024336807,0.0
18.18386,0.45549315,1.0
42.107414,0.8987761,1.0
7.1399703,0.31407514,0.0
31.526073,0.04137724,0.0
20.852076,0.1701134,0.0
24.9234,0.027516859,0.0
10.074947,0.30444148,0.0
9.556022,0.25961384,0.0
32.15959,0.047185108,0.0
13.15153,0.8256365,1.0
31.809746,0.03844239,0.0
24.630123,0.47377902,0.0
15.489507,0.07214062,0.0
88.49911,0.001710563,0.0
15.863976,0.6033854,1.0
24.630125,0.47377902,0.0
52.86375,0.009965982,0.0
18.955818,0.052685276,0.0
9.364485,0.8192932,1.0
8.254085,0.37941065,0.0
37.1582,0.034817144,0.0
19.28161,0.21457028,0.0
46.091007,0.028286813,0.0
18.077436,0.11716971,0.0
22.917313,0.96956515,1.0
4.0610833,0.38680476,0.0
11.891215,0.3671324,0.0
46.12083,0.01951391,0.0
18.204195,0.45997316,1.0
44.14964,0.9178645,1.0
8.438861,0.35106528,0.0
30.574646,0.044512555,0.0
23.103817,0.123049915,0.0
23.338749,0.031847246,0.0
9.417638,0.3182925,0.0
9.696974,0.25084352,0.0
31.776222,0.04667559,0.0
15.383129,0.8919428,1.0
28.698454,0.046788283,0.0
24.03682,0.41360575,0.0
16.851072,0.059423573,0.0
90.98867,0.0016337236,0.0
15.828103,0.59401333,1.0
24.03682,0.41360566,0.0
52.470253,0.010030664,0.0
20.9746,0.0421959,0.0
9.296841,0.8166802,1.0
6.8809986,0.51725596,0.0
37.390266,0.033457853,0.0
18.917557,0.22090948,0.0
50.27796,0.022975363,0.0
18.014826,0.13093992,0.0
24.396845,0.9758371,1.0
5.9165244,0.2541274,0.0
15.640046,0.2690515,0.0
42.43873,0.021892173,0.0
19.06349,0.36500645,1.0
44.816563,0.92438215,1.0
9.202959,0.31767666,0.0
31.872936,0.03600878,0.0
22.12837,0.121041924,0.0
21.654396,0.040886983,0.0
6.947364,0.32354066,0.0
8.849886,0.25707635,0.0
30.064001,0.055484246,0.0
10.448224,0.86253834,1.0
25.369936,0.056706794,0.0
24.824673,0.43165478,0.0
21.20381,0.037656132,0.0
96.86643,0.0013973867,0.0
16.018747,0.53907335,1.0
24.824673,0.43165478,0.0
61.215908,0.0065294057,0.0
23.017242,0.034907132,0.0
9.452415,0.8212795,1.0
5.430192,0.5149453,0.0
31.450048,0.04869542,0.0
20.655422,0.17007595,0.0
46.852222,0.025111899,0.0
13.740542,0.17088161,0.0
14.782066,0.93232673,1.0
4.429326,0.34781605,0.0
9.505936,0.36414316,0.0
37.864483,0.029615762,0.0
19.13165,0.36006066,1.0
43.25938,0.9120403,1.0
9.342278,0.30751327,0.0
37.477646,0.023961985,0.0
20.486078,0.14485696,0.0
16.731682,0.06653074,0.0
7.903597,0.37605026,0.0
9.732509,0.20639655,0.0
37.751648,0.03359076,0.0
13.033373,0.83846354,1.0
30.521605,0.04059669,0.0
24.972483,0.6004123,0.0
19.886883,0.042710137,0.0
107.609634,0.00097089185,0.0
15.649922,0.70334613,1.0
26.030273,0.69535303,0.0
58.722496,0.007257152,0.0
22.406878,0.037659418,0.0
9.078115,0.8192273,1.0
8.060484,0.38372344,0.0
34.151875,0.039334495,0.0
19.086575,0.19577274,0.0
51.999496,0.021354897,0.0
14.850687,0.17085026,0.0
15.413551,0.90497667,1.0
4.099293,0.3387438,0.0
11.827716,0.34109613,0.0
45.046116,0.019459845,0.0
17.595774,0.54443705,1.0
34.03242,0.8523823,1.0
9.132736,0.31195915,0.0
35.062187,0.027550897,0.0
22.09921,0.1501669,0.0
16.21927,0.07248053,0.0
10.091219,0.2982602,0.0
10.131529,0.25671193,0.0
38.490086,0.03348913,0.0
19.51714,0.8985971,1.0
29.658379,0.05292309,0.0
26.914188,0.7094932,0.0
19.510798,0.04608863,0.0
102.06251,0.0011882223,0.0
15.741028,0.47959602,1.0
26.898285,0.7093052,0.0
53.63464,0.009180486,0.0
23.734812,0.0341713,0.0
8.923471,0.7868163,1.0
9.227249,0.48288018,0.0
36.123577,0.040757503,0.0
20.320787,0.1680934,0.0
51.53834,0.030933741,0.0
15.657309,0.21008494,0.0
15.002634,0.91674405,1.0
11.654873,0.15182959,0.0
5.068577,0.49618736,0.0
44.632492,0.020727767,0.0
17.43776,0.61911553,1.0
33.69747,0.75107276,1.0
10.09434,0.27626523,0.0
34.07991,0.027619768,0.0
21.023891,0.17094736,0.0
19.03869,0.059719473,0.0
7.0486617,0.30871296,0.0
9.572842,0.32045576,0.0
32.39374,0.050219845,0.0
13.804772,0.87350106,1.0
31.506178,0.038451593,0.0
26.68863,0.7019515,0.0
19.274708,0.049165204,0.0
105.78888,0.001043132,0.0
15.584635,0.58209103,1.0
26.667725,0.70163566,0.0
61.77999,0.0053431597,0.0
23.991983,0.03311899,0.0
8.321709,0.81482905,1.0
8.616197,0.33989182,0.0
35.16064,0.036616452,0.0
15.584635,0.58209103,0.0
50.491497,0.024478072,0.0
13.666891,0.20461844,0.0
14.341761,0.91384965,1.0
11.295227,0.15615512,0.0
10.073198,0.46032795,0.0
46.224606,0.018062267,0.0
17.347652,0.6141739,1.0
33.891846,0.76544887,1.0
9.466944,0.28711832,0.0
39.500416,0.016903047,0.0
22.350073,0.1467168,0.0
18.028294,0.06709741,0.0
8.814436,0.29904285,0.0
9.828522,0.29659918,0.0
36.56026,0.03518828,0.0
15.22726,0.86595416,1.0
34.3045,0.02953104,0.0
24.203682,0.5713014,0.0
12.896082,0.20625535,0.0
113.22667,0.00082512223,0.0
17.202953,0.7477623,1.0
25.41198,0.6385253,0.0
55.034286,0.0075345933,0.0
20.000275,0.047972836,0.0
8.865115,0.8259252,1.0
9.085293,0.49726364,0.0
33.25259,0.04041777,0.0
17.032158,0.62093693,0.0
54.4552,0.020056993,0.0
17.080507,0.16420479,0.0
17.247534,0.9246371,1.0
9.778809,0.20705803,0.0
12.54602,0.38521096,0.0
49.137215,0.013175434,0.0
17.869352,0.5658406,1.0
32.629337,0.7817931,1.0
8.315874,0.35304084,0.0
36.30646,0.021201702,0.0
27.736853,0.09342546,0.0
15.85409,0.09040398,0.0
5.367105,0.34769207,0.0
10.639204,0.31081668,0.0
37.482765,0.03346856,0.0
14.382734,0.86385036,1.0
32.54592,0.033503313,0.0
31.183502,0.7677161,0.0
11.965878,0.20369321,0.0
106.83876,0.0010081332,0.0
16.353392,0.73935694,1.0
31.146675,0.76793766,0.0
56.11372,0.0069274204,0.0
19.285147,0.049351875,0.0
8.848616,0.82764465,1.0
9.365425,0.45734712,0.0
33.846836,0.03601945,0.0
18.444008,0.24719034,0.0
53.134182,0.02010261,0.0
18.238897,0.13779645,0.0
17.661705,0.93071026,1.0
10.2701025,0.1939796,0.0
12.388169,0.3583734,0.0
30.461485,0.06856776,0.0
21.281662,0.6943661,1.0
33.190086,0.6838918,1.0
8.81893,0.320371,0.0
34.642124,0.024354931,0.0
23.883535,0.61954665,0.0
16.730581,0.07301794,0.0
5.9377904,0.34496877,0.0
10.513025,0.28802466,0.0
34.528477,0.03840549,0.0
14.640547,0.87393767,1.0
28.865746,0.047886126,0.0
21.57025,0.24681193,0.0
11.406998,0.2170545,0.0
122.54048,0.000588362,0.0
16.598442,0.7541344,1.0
23.779068,0.6221858,0.0
52.874836,0.00815341,0.0
19.209562,0.050138675,0.0
5.7538366,0.7682123,1.0
7.97931,0.46902093,0.0
33.2783,0.041694045,0.0
17.649044,0.27671674,0.0
51.154556,0.023947543,0.0
17.893578,0.13570794,0.0
18.93209,0.9395411,1.0
9.077511,0.19858243,0.0
16.14879,0.21167189,0.0
32.71664,0.061075646,0.0
18.568125,0.57548547,1.0
39.98679,0.8686566,1.0
7.5686126,0.30918503,0.0
32.96501,0.026592446,0.0
25.272259,0.11498376,0.0
17.228235,0.0705679,0.0
4.3780975,0.4205591,0.0
10.6060915,0.30185175,0.0
40.585087,0.025416818,0.0
9.654473,0.746705,1.0
35.00716,0.028497785,0.0
26.344393,0.45356095,0.0
11.461918,0.2259479,0.0
100.30866,0.0010504014,0.0
16.798027,0.7642851,1.0
25.842812,0.59837157,0.0
55.397625,0.006770517,0.0
20.118618,0.045568768,0.0
5.043578,0.42658427,1.0
11.238793,0.34619346,0.0
35.998005,0.03326346,0.0
17.78573,0.27332512,0.0
68.64783,0.01028868,0.0
25.432222,0.08308526,0.0
10.637074,0.538322,1.0
13.380137,0.09937031,0.0
28.256773,0.07947987,0.0
34.15615,0.054440886,0.0
25.770151,0.60920626,1.0
41.414463,0.88139397,1.0
10.233219,0.16725782,0.0
33.508778,0.025816044,0.0
34.49845,0.054942403,0.0
14.5664015,0.08920661,0.0
10.109578,0.16892548,0.0
7.0433445,0.20543891,0.0
47.182056,0.013216614,0.0
14.458761,0.84477526,1.0
33.4362,0.03165816,0.0
27.767952,0.5894554,0.0
12.007656,0.19849487,0.0
108.12721,0.0009678339,0.0
16.938904,0.74776816,1.0
27.76969,0.58680797,0.0
53.71989,0.007765128,0.0
17.182224,0.06109626,0.0
6.144464,0.78436,1.0
9.9112835,0.39527357,0.0
35.15158,0.033967763,0.0
18.514973,0.25780872,0.0
47.831253,0.030621966,0.0
20.37844,0.12488727,0.0
17.012768,0.923485,1.0
10.011814,0.1814668,0.0
19.438309,0.1491079,0.0
33.300888,0.052434575,0.0
20.269411,0.48558456,1.0
44.261578,0.91468745,1.0
8.270456,0.28045845,0.0
32.58407,0.027528893,0.0
24.442133,0.42624888,0.0
17.13985,0.066748865,0.0
4.5061955,0.3667777,0.0
11.144213,0.28625122,0.0
36.262527,0.032697126,0.0
14.168992,0.84239006,1.0
37.113365,0.02374803,0.0
24.222181,0.4235111,0.0
10.696434,0.22758232,0.0
115.40883,0.000792833,0.0
18.098888,0.9331957,1.0
24.272896,0.4212442,0.0
48.066505,0.011359765,0.0
18.048813,0.060539033,0.0
5.909762,0.7702216,1.0
9.686543,0.4070274,0.0
35.23989,0.03423339,0.0
15.891971,0.35251486,0.0
46.636253,0.033318188,0.0
19.18599,0.14218466,0.0
17.287638,0.9304997,1.0
9.520057,0.18646665,0.0
17.56451,0.2154842,0.0
52.484123,0.010458322,0.0
18.636166,0.45303836,1.0
45.978977,0.922947,1.0
8.430147,0.2616227,0.0
30.609915,0.03203644,0.0
32.241577,0.051763147,0.0
14.707102,0.09733073,0.0
4.3593326,0.37227494,0.0
11.230398,0.3457614,0.0
38.20527,0.03162625,0.0
14.558029,0.84142244,1.0
34.705635,0.028533181,0.0
25.178198,0.4311149,0.0
12.490007,0.20668943,0.0
123.41957,0.0006032055,0.0
17.514938,0.92200035,1.0
25.190523,0.43052593,0.0
51.8964,0.009682667,0.0
22.876698,0.045296624,0.0
5.7901845,0.7649828,1.0
8.71972,0.45084074,0.0
33.35316,0.0399301,0.0
16.703909,0.6859387,0.0
46.332306,0.034820467,0.0
17.699785,0.16069888,0.0
16.497906,0.9200239,1.0
9.264723,0.19030736,0.0
19.431963,0.19747053,0.0
49.914528,0.012359437,0.0
18.834637,0.44589275,1.0
45.702343,0.9190436,1.0
8.831413,0.23531629,0.0
33.704277,0.02638735,0.0
30.2904,0.06327202,0.0
16.991045,0.07493513,0.0
5.5321326,0.31177482,0.0
11.161476,0.33461013,0.0
45.971966,0.020692894,0.0
5.1166825,0.7256576,1.0
37.930832,0.021752594,0.0
28.39868,0.4053801,0.0
17.306694,0.09509458,0.0
123.6084,0.0006109652,0.0
17.10331,0.73348147,1.0
28.350876,0.40729252,0.0
55.638794,0.008684434,0.0
15.819707,0.073305145,0.0
6.325335,0.81570107,1.0
9.088181,0.33740216,0.0
34.53194,0.034389496,0.0
17.066586,0.62163633,0.0
43.390285,0.033012677,0.0
15.860026,0.21259518,0.0
11.158871,0.5321894,1.0
10.98048,0.16234547,0.0
14.340552,0.21933056,0.0
52.905807,0.010208351,0.0
27.634447,0.4380261,1.0
46.326584,0.92315775,1.0
25.087513,0.092321075,0.0
34.788437,0.021596715,0.0
35.63236,0.04935258,0.0
19.554516,0.059813384,0.0
23.122597,0.076122314,0.0
6.8620076,0.23188093,0.0
48.480125,0.02061861,0.0
6.782812,0.67737687,1.0
38.1872,0.02221965,0.0
28.865843,0.41088903,0.0
17.724924,0.09697636,0.0
126.763214,0.00057511224,0.0
16.175976,0.6522759,1.0
28.865849,0.4108891,0.0
45.5418,0.015150752,0.0
15.178398,0.07774134,0.0
6.106915,0.8001392,1.0
9.361558,0.40587935,0.0
35.268124,0.033342194,0.0
16.675108,0.55801314,0.0
44.025368,0.03467875,0.0
17.927435,0.16768593,0.0
10.207768,0.5321917,1.0
9.677831,0.19253643,0.0
21.703833,0.119520195,0.0
54.70097,0.00907471,0.0
28.268623,0.436506,1.0
45.08717,0.9157013,1.0
18.935455,0.16236237,0.0
31.0095,0.027471181,0.0
36.20838,0.046009336,0.0
11.666742,0.20632112,0.0
11.77329,0.14724573,0.0
6.1219125,0.20136757,0.0
46.72642,0.023315871,0.0
9.127596,0.631138,1.0
32.535244,0.0300282,0.0
28.442984,0.561309,0.0
19.054493,0.090565115,0.0
114.45977,0.0008675635,0.0
14.400877,0.55587536,1.0
28.573078,0.64168686,0.0
42.86049,0.01763307,0.0
16.223732,0.069094725,0.0
5.7097855,0.73103607,1.0
8.033366,0.43636367,0.0
48.871487,0.015574411,0.0
15.074347,0.4396657,0.0
48.082382,0.033508636,0.0
31.174847,0.052729107,0.0
9.676176,0.50577354,1.0
10.468867,0.17858382,0.0
28.652554,0.08343328,0.0
27.940784,0.095285684,0.0
28.060621,0.5840843,1.0
34.87295,0.862627,1.0
6.5850387,0.3206326,0.0
29.028194,0.02989077,0.0
23.299908,0.37590516,0.0
11.94561,0.1852037,0.0
10.214539,0.19620006,0.0
5.377112,0.24073403,0.0
38.946316,0.037495874,0.0
7.4490433,0.6645237,1.0
28.455778,0.040511657,0.0
28.26256,0.53218246,0.0
17.141531,0.10182598,0.0
113.20544,0.0008740811,0.0
14.699874,0.58632404,1.0
28.177437,0.60413665,0.0
40.67617,0.020410562,0.0
14.294359,0.0877058,0.0
6.3941164,0.8044438,1.0
6.239165,0.40764934,0.0
42.704346,0.021939995,0.0
14.699871,0.58632404,0.0
42.2598,0.04109618,0.0
24.61502,0.100180835,0.0
10.201208,0.73797333,1.0
11.363127,0.15602854,0.0
24.95882,0.095718496,0.0
28.392765,0.09176183,0.0
27.748806,0.5610746,1.0
33.49003,0.80931115,1.0
22.79302,0.12389715,0.0
27.264053,0.033909354,0.0
23.307058,0.3570575,0.0
21.75871,0.043215852,0.0
9.840917,0.20327705,0.0
3.6860986,0.32230902,0.0
36.608917,0.042561915,0.0
10.362922,0.7392084,1.0
29.739449,0.04117998,0.0
29.051834,0.54064053,0.0
20.378448,0.12658705,0.0
110.816734,0.0009422123,0.0
14.726721,0.6027639,1.0
27.978085,0.6929245,0.0
45.818905,0.013483534,0.0
22.978523,0.037710533,0.0
5.8055816,0.687253,1.0
8.234692,0.536541,0.0
38.658405,0.028044183,0.0
14.726719,0.6027639,0.0
46.20032,0.046626456,0.0
25.703442,0.07199544,0.0
11.176823,0.5321452,1.0
11.908728,0.15032318,0.0
7.590454,0.19321705,0.0
28.725193,0.09392172,0.0
27.595009,0.46160656,1.0
35.094982,0.850831,1.0
6.1100936,0.3530654,0.0
29.42769,0.03936558,0.0
24.471472,0.37116334,0.0
18.49134,0.06554986,0.0
15.758826,0.12971525,0.0
6.7220044,0.19323492,0.0
41.376278,0.028163908,0.0
10.50977,0.7328973,1.0
33.074303,0.033196364,0.0
27.557032,0.41165093,0.0
14.725282,0.10475106,0.0
107.473656,0.0010473093,0.0
17.784733,0.6963788,1.0
27.579802,0.4107612,0.0
48.216793,0.011665836,0.0
16.473484,0.07861996,0.0
8.070613,0.64174336,1.0
10.378347,0.5151254,0.0
42.58419,0.022751907,0.0
17.412495,0.72113156,0.0
53.55006,0.026119228,0.0
29.347885,0.05561214,0.0
10.488695,0.57689685,1.0
16.242708,0.10659547,0.0
8.972626,0.25788456,0.0
29.792006,0.07685205,0.0
26.989122,0.44149557,1.0
45.5936,0.9166201,1.0
8.972626,0.2578846,0.0
33.928226,0.01823341,0.0
23.747921,0.2930092,0.0
19.666271,0.066427745,0.0
16.147703,0.107096136,0.0
8.350354,0.13277154,0.0
34.459248,0.04226435,0.0
17.812294,0.8475056,1.0
31.227516,0.03809262,0.0
23.971474,0.49893564,0.0
10.846869,0.2538828,0.0
109.85783,0.00092833705,0.0
17.739388,0.7535912,1.0
24.009674,0.49612173,0.0
50.43768,0.009821228,0.0
19.652311,0.046997905,0.0
5.5839972,0.68178093,1.0
11.314442,0.662273,0.0
48.758156,0.015413866,0.0
17.73939,0.7535912,0.0
50.547867,0.036730364,0.0
30.528404,0.05465361,0.0
20.113922,0.9382689,1.0
12.116881,0.141563,0.0
7.884925,0.18805094,0.0
28.537998,0.08872471,0.0
17.333483,0.46964252,1.0
47.16148,0.9290286,1.0
6.2877464,0.32397425,0.0
32.010532,0.027662452,0.0
20.787899,0.34284478,0.0
18.256474,0.067476556,0.0
5.9329233,0.49682748,0.0
9.446289,0.32667288,0.0
37.923428,0.030936439,0.0
16.399904,0.8479114,1.0
22.471432,0.08962263,0.0
23.47557,0.51957595,0.0
13.476796,0.12957881,0.0
104.82825,0.0011497769,0.0
18.271486,0.70756024,1.0
23.498375,0.5191004,0.0
51.94439,0.010345552,0.0
14.728296,0.09457567,0.0
6.0224853,0.613845,1.0
15.077965,0.60799766,0.0
48.48575,0.015848633,0.0
18.29428,0.7424301,0.0
54.301403,0.025401985,0.0
34.396374,0.037455592,0.0
19.220934,0.9338605,1.0
14.85817,0.11135002,0.0
7.913681,0.26672593,0.0
28.701525,0.08910137,0.0
17.07774,0.48739246,1.0
46.929596,0.92786455,1.0
4.2184567,0.43847898,0.0
35.34129,0.016514603,0.0
20.521637,0.35206485,0.0
20.374517,0.06501014,0.0
6.09396,0.42977977,0.0
9.456267,0.3100879,0.0
33.825268,0.04657794,0.0
17.418436,0.84406537,1.0
22.654198,0.09146417,0.0
24.24139,0.67522407,0.0
13.345062,0.13534947,0.0
112.7397,0.0008856264,0.0
18.285936,0.69577,1.0
27.08606,0.7122806,0.0
49.900124,0.011285541,0.0
14.303995,0.09842931,0.0
5.935854,0.6163682,1.0
16.035578,0.60553104,0.0
48.709682,0.016306508,0.0
18.271175,0.7316052,0.0
58.169727,0.021424776,0.0
34.175198,0.039910685,0.0
18.82448,0.9332158,1.0
14.281199,0.11838037,0.0
7.2671065,0.29296947,0.0
28.276354,0.09619603,0.0
15.153431,0.54500824,1.0
35.045704,0.85536474,1.0
3.6862001,0.49020103,0.0
33.335167,0.01926687,0.0
20.04233,0.47102576,0.0
19.859615,0.07196699,0.0
5.3547077,0.4944505,0.0
8.852385,0.39462072,0.0
37.429985,0.036091797,0.0
17.796717,0.84923565,1.0
19.509787,0.12796442,0.0
24.547598,0.58696055,0.0
13.735361,0.12608424,0.0
108.57319,0.0010474134,0.0
18.551094,0.700332,1.0
24.360933,0.6436879,0.0
48.42395,0.011972864,0.0
14.767208,0.093492545,0.0
6.324245,0.63583815,1.0
16.029598,0.62659395,0.0
52.782784,0.012774176,0.0
18.551094,0.700332,0.0
57.904903,0.021862665,0.0
34.960217,0.03587945,0.0
20.893963,0.9558785,1.0
14.489836,0.11905753,0.0
7.599635,0.29779226,0.0
21.747852,0.535932,0.0
19.076992,0.59829915,1.0
47.295307,0.9275299,1.0
3.6947598,0.5129149,0.0
33.432835,0.018505333,0.0
21.712341,0.54076004,0.0
18.579102,0.0743332,0.0
5.219249,0.55149615,0.0
9.858733,0.3445946,0.0
35.638645,0.040354643,0.0
17.7099,0.8496347,1.0
21.746696,0.09994873,0.0
24.403627,0.54866546,0.0
16.786215,0.07713694,0.0
107.49856,0.0011133532,0.0
18.453928,0.7077182,1.0
24.082365,0.5963267,0.0
46.606426,0.013420285,0.0
15.0678425,0.111711934,0.0
6.2941775,0.60323673,1.0
16.486874,0.59557235,0.0
51.541435,0.014027711,0.0
18.453928,0.7077182,0.0
56.282143,0.023973698,0.0
34.826214,0.035929613,0.0
20.539265,0.95323074,1.0
16.360207,0.09952535,0.0
8.831317,0.25161415,0.0
22.151775,0.47310555,0.0
18.948301,0.533132,1.0
47.56333,0.92809457,1.0
4.383829,0.4269568,0.0
32.893185,0.035460286,0.0
21.53849,0.5104997,0.0
20.189018,0.061180044,0.0
5.2434435,0.59825563,0.0
9.712451,0.36016706,0.0
35.463554,0.041672166,0.0
17.216125,0.835562,1.0
22.172178,0.09543745,0.0
24.584303,0.5448698,0.0
18.905088,0.06532385,0.0
86.68156,0.002590048,0.0
18.608837,0.7271813,1.0
24.251604,0.59034145,0.0
39.139503,0.0215914,0.0
11.661206,0.14048952,0.0
4.860907,0.6701805,1.0
16.27258,0.57523614,0.0
51.8697,0.014377369,0.0
19.768764,0.74703926,0.0
47.170254,0.044513788,0.0
34.230526,0.03755747,0.0
18.47475,0.6929678,1.0
13.234775,0.11298346,0.0
7.720785,0.25975427,0.0
22.734661,0.45822,0.0
18.552526,0.48112115,1.0
50.687176,0.9445984,1.0
5.678593,0.24518986,0.0
27.25021,0.05731846,0.0
21.68391,0.501586,0.0
18.319607,0.07366403,0.0
4.4376006,0.66743726,0.0
9.223263,0.30036637,0.0
28.340937,0.064686224,0.0
15.141952,0.83292866,1.0
23.786583,0.07293457,0.0
23.45263,0.48426792,0.0
15.392141,0.11885135,0.0
81.255325,0.0032318165,0.0
18.153965,0.71850055,1.0
23.215212,0.5442089,0.0
44.5799,0.015980013,0.0
11.565689,0.13268346,0.0
4.5659456,0.6452829,1.0
13.327762,0.50847894,0.0
49.393524,0.01540167,0.0
19.330227,0.7408738,0.0
42.73583,0.053743478,0.0
32.97588,0.037876427,0.0
17.961092,0.68630123,1.0
12.102044,0.12654486,0.0
5.856965,0.31785893,0.0
22.330023,0.37233144,0.0
17.885181,0.43065575,1.0
55.242954,0.9577508,1.0
4.6930604,0.28602093,0.0
31.971392,0.022520885,0.0
20.385338,0.45006508,0.0
16.913998,0.092553906,0.0
4.63436,0.53874123,0.0
9.277428,0.27590767,0.0
27.536207,0.06731239,0.0
16.682356,0.85551417,1.0
25.934729,0.060473297,0.0
22.783821,0.48178616,0.0
14.846593,0.12544142,0.0
73.35162,0.004708844,0.0
17.9384,0.7213872,1.0
22.613497,0.5601356,0.0
44.0467,0.019314395,0.0
10.922656,0.15370837,0.0
5.3885703,0.75231373,1.0
12.747932,0.3423593,0.0
49.313217,0.015283373,0.0
19.186897,0.7456652,0.0
41.72887,0.06551345,0.0
34.38262,0.0351986,0.0
17.87984,0.6940518,1.0
11.506294,0.14579907,0.0
10.007944,0.22109812,0.0
22.259878,0.3720433,0.0
17.174236,0.42842287,1.0
53.25615,0.94944173,1.0
4.1030545,0.34294525,0.0
33.413338,0.019631693,0.0
19.713127,0.45575553,0.0
12.881727,0.12733655,0.0
10.46563,0.3230918,0.0
11.676048,0.1447317,0.0
29.06412,0.057366155,0.0
17.078148,0.846208,1.0
27.14249,0.05492705,0.0
22.454227,0.45227087,0.0
17.629408,0.07861195,0.0
78.31204,0.0036455784,0.0
23.038486,0.8090852,1.0
22.262665,0.5527486,0.0
45.17347,0.016787622,0.0
10.292849,0.18589084,0.0
5.3798738,0.74001807,1.0
13.675857,0.30408135,0.0
48.18953,0.016218202,0.0
23.038486,0.8090852,0.0
44.069046,0.05187092,0.0
34.725147,0.03563867,0.0
23.038486,0.8090852,1.0
12.01044,0.14888957,0.0
10.206935,0.2248346,0.0
22.061142,0.33706647,0.0
17.061865,0.4456813,1.0
55.866123,0.95620626,1.0
4.592835,0.36408755,0.0
32.967598,0.038018677,0.0
19.259703,0.4308659,0.0
15.241779,0.10244069,0.0
9.706,0.3436262,0.0
11.95445,0.13908197,0.0
31.744286,0.051826037,0.0
18.277288,0.89465195,1.0
25.615807,0.06466634,0.0
21.543106,0.4111921,0.0
15.08631,0.12560184,0.0
77.48279,0.0034243437,0.0
23.524672,0.81041986,1.0
22.200949,0.47488984,0.0
49.064342,0.01335648,0.0
13.564806,0.10851934,0.0
5.6989574,0.51625556,1.0
14.491917,0.5006159,0.0
46.32572,0.018686226,0.0
23.524672,0.81041986,0.0
46.098156,0.04840967,0.0
33.67515,0.038612623,0.0
23.524675,0.81041974,1.0
13.576656,0.13422598,0.0
6.649731,0.2873754,0.0
20.234798,0.35015163,0.0
17.129892,0.3671232,1.0
56.200035,0.95826393,1.0
4.4425035,0.40928194,0.0
34.84918,0.017987242,0.0
16.35281,0.43613675,0.0
13.87764,0.14220266,0.0
7.4358883,0.45522955,0.0
13.032997,0.09111317,0.0
31.062365,0.05029697,0.0
16.24334,0.8910124,1.0
23.177155,0.06895463,0.0
21.601437,0.4249849,0.0
13.466138,0.19490445,0.0
84.70994,0.0026311409,0.0
22.268204,0.7875673,1.0
22.242626,0.49092275,0.0
47.77056,0.016404217,0.0
11.042594,0.16285196,0.0
4.969542,0.68036085,1.0
10.857959,0.41419253,0.0
43.055317,0.022479597,0.0
22.2682,0.7875673,0.0
48.263138,0.04043305,0.0
27.696518,0.06272099,0.0
22.268204,0.7875673,1.0
11.487945,0.1781745,0.0
10.123592,0.20280561,0.0
20.195034,0.35987663,0.0
17.014517,0.3823557,1.0
57.415226,0.96190244,1.0
19.22045,0.24021061,0.0
21.635698,0.061567266,0.0
16.429863,0.4460213,0.0
18.357695,0.11568622,0.0
8.960994,0.34288388,0.0
14.37655,0.07947738,0.0
29.053537,0.045240127,0.0
17.962173,0.90317714,1.0
25.124718,0.06627821,0.0
23.32441,0.47643575,0.0
14.632835,0.14601357,0.0
90.51254,0.002138997,0.0
18.585005,0.70928776,1.0
23.155697,0.5636708,0.0
59.37526,0.009549193,0.0
12.842184,0.13909757,0.0
6.347128,0.6260156,1.0
11.582325,0.49567926,0.0
39.824574,0.027731461,0.0
18.585007,0.70928776,0.0
49.124584,0.03824765,0.0
27.962608,0.058206033,0.0
18.585007,0.70928776,1.0
12.159584,0.19097456,0.0
11.089979,0.19607349,0.0
22.40239,0.38332564,0.0
19.341671,0.55695134,1.0
58.9727,0.9656195,1.0
3.4530268,0.48310834,0.0
24.445314,0.04750454,0.0
20.334126,0.4390781,0.0
20.182812,0.096740976,0.0
52.378174,0.014780407,0.0
8.203552,0.39329422,0.0
39.60256,0.028586917,0.0
15.93486,0.8826128,1.0
26.142351,0.05636232,0.0
23.422934,0.4567086,0.0
14.221343,0.17807437,0.0
85.08235,0.0023297765,0.0
19.80094,0.7634113,1.0
23.1608,0.5394021,0.0
80.355255,0.002204623,0.0
11.62129,0.15229397,0.0
4.902822,0.7013765,1.0
9.782489,0.38621202,0.0
45.876213,0.019060517,0.0
19.800936,0.7634113,0.0
46.066555,0.04266824,0.0
30.184847,0.050976355,0.0
19.800941,0.7634113,1.0
12.082967,0.14442989,0.0
12.202628,0.15074843,0.0
23.185413,0.35605514,0.0
19.41666,0.5417987,1.0
57.07091,0.9595059,1.0
5.78805,0.2806746,0.0
26.661259,0.038869713,0.0
20.477491,0.41946736,0.0
24.831419,0.047332805,0.0
80.39297,0.0022001853,0.0
8.179867,0.4250436,0.0
40.92414,0.024740193,0.0
11.055984,0.71712315,1.0
27.7192,0.053121038,0.0
25.50118,0.41873303,0.0
14.442567,0.17934094,0.0
80.84456,0.0030596533,0.0
21.97835,0.78259987,1.0
25.07763,0.53723824,0.0
51.628517,0.014284867,0.0
12.605518,0.1428301,0.0
6.028593,0.60859764,1.0
16.668941,0.13517566,0.0
48.95232,0.0151357455,0.0
21.978348,0.78259987,0.0
49.973434,0.03596026,0.0
31.791143,0.04336106,0.0
21.97835,0.78259987,1.0
12.949569,0.17084748,0.0
11.363828,0.18421495,0.0
22.635366,0.36552924,0.0
25.037773,0.5453867,1.0
57.226982,0.95760125,1.0
4.440447,0.41537434,0.0
22.369202,0.05273854,0.0
22.080702,0.39811826,0.0
18.97397,0.09988056,0.0
28.320257,0.06009377,0.0
20.010017,0.057720378,0.0
38.356487,0.030953594,0.0
10.827033,0.5879389,1.0
31.910742,0.038929615,0.0
25.331795,0.3976388,0.0
16.567783,0.12676437,0.0
91.21545,0.0018021839,0.0
19.579054,0.76174086,1.0
24.867477,0.5088186,0.0
69.49143,0.003772163,0.0
15.426741,0.104406916,0.0
5.789512,0.59830207,1.0
18.672531,0.112455815,0.0
46.04537,0.018150248,0.0
19.579054,0.76174086,0.0
53.15815,0.027244102,0.0
32.99456,0.040977456,0.0
19.579052,0.7617408,1.0
14.452837,0.13291642,0.0
13.404528,0.14298381,0.0
22.906343,0.3233127,0.0
24.771788,0.5189796,1.0
55.42194,0.95379305,1.0
5.387607,0.34041932,0.0
26.15327,0.04329791,0.0
21.74741,0.38100284,0.0
22.714886,0.051880933,0.0
39.611496,0.020093333,0.0
18.161045,0.076171674,0.0
37.897804,0.031011483,0.0
10.976972,0.7400977,1.0
30.157665,0.04323096,0.0
25.843252,0.39601752,0.0
16.633347,0.11985932,0.0
83.181564,0.0027284694,0.0
19.005344,0.753985,1.0
25.373745,0.49861914,0.0
50.16371,0.016223771,0.0
15.755615,0.09803129,0.0
5.6558475,0.5830858,1.0
17.096045,0.12572359,0.0
41.544205,0.02353021,0.0
19.005344,0.753985,0.0
49.314537,0.03404646,0.0
30.776552,0.045024883,0.0
19.005342,0.753985,1.0
14.757795,0.122791894,0.0
13.77415,0.1325917,0.0
23.327065,0.31675428,0.0
25.271742,0.50815576,1.0
55.541092,0.9501109,1.0
5.735427,0.3286076,0.0
26.896597,0.041502967,0.0
22.301668,0.37101537,0.0
15.936714,0.09268467,0.0
28.118244,0.06485056,0.0
20.348667,0.055759553,0.0
42.8139,0.021345621,0.0
19.069992,0.9478922,1.0
19.927889,0.10038836,0.0
24.146858,0.13421717,0.0
14.639694,0.16702844,0.0
85.945465,0.002481599,0.0
20.157476,0.78717965,1.0
22.708614,0.4236207,0.0
60.865055,0.009644563,0.0
15.606464,0.09841591,0.0
5.9487996,0.61084026,1.0
7.038013,0.47661197,0.0
43.238377,0.02171743,0.0
20.157478,0.7871797,0.0
46.304333,0.039197557,0.0
23.699627,0.075828865,0.0
20.157478,0.7871797,1.0
15.734058,0.1086259,0.0
14.259696,0.12411701,0.0
37.105545,0.035501275,0.0
19.108637,0.42508498,1.0
54.999996,0.9492219,1.0
5.734198,0.32839516,0.0
26.633865,0.040928084,0.0
20.529016,0.15256622,0.0
16.056248,0.08821937,0.0
57.890007,0.010556275,0.0
8.5738125,0.264401,0.0
47.537178,0.015271322,0.0
16.26578,0.9307552,1.0
18.947342,0.089590885,0.0
21.960947,0.41431183,0.0
14.708475,0.15409672,0.0
86.70982,0.0021765728,0.0
22.185343,0.79594535,1.0
22.365536,0.44571686,0.0
76.771965,0.0026465128,0.0
11.902464,0.14885785,0.0
5.2643204,0.6969268,1.0
6.4615993,0.50126195,0.0
33.438244,0.03923323,0.0
22.18534,0.79594535,0.0
40.164852,0.05303207,0.0
23.707323,0.077856496,0.0
22.185343,0.79594535,1.0
12.556555,0.1444365,0.0
12.390671,0.14497998,0.0
21.976938,0.31772697,0.0
18.593098,0.44425064,1.0
57.19309,0.956133,1.0
6.400214,0.27902004,0.0
27.073051,0.0416557,0.0
17.092018,0.46367347,0.0
22.179047,0.07089054,0.0
76.600266,0.0026712525,0.0
8.59289,0.28625458,0.0
42.024815,0.02404544,0.0
8.093715,0.6555694,1.0
23.60146,0.06539453,0.0
24.977962,0.4080991,0.0
15.645632,0.13683869,0.0
83.99538,0.002374074,0.0
22.058065,0.78407365,1.0
24.710041,0.5016531,0.0
70.29646,0.0035112996,0.0
13.532457,0.11402302,0.0
4.299749,0.724742,1.0
13.551756,0.157504,0.0
35.661316,0.033423066,0.0
22.058065,0.78407365,0.0
35.92463,0.09004616,0.0
25.010614,0.073988155,0.0
22.058067,0.78407365,1.0
13.566914,0.11963313,0.0
14.537206,0.09259953,0.0
23.818176,0.28486663,0.0
24.568596,0.5167733,1.0
55.095123,0.9498369,1.0
7.216666,0.2457499,0.0
29.207632,0.029281927,0.0
21.86624,0.36838138,0.0
22.60741,0.06604329,0.0
41.435394,0.017246818,0.0
18.510296,0.07935556,0.0
39.87593,0.02654642,0.0
8.103752,0.7113035,1.0
23.121765,0.07580203,0.0
27.138824,0.14722857,0.0
14.926012,0.14227265,0.0
83.22413,0.002487785,0.0
22.000488,0.7855786,1.0
24.465975,0.4754249,0.0
74.44587,0.0029735705,0.0
12.198003,0.13123493,0.0
4.834733,0.6440924,1.0
11.166784,0.20376202,0.0
36.841114,0.029513266,0.0
22.000492,0.7855786,0.0
35.856155,0.05851849,0.0
17.039288,0.12707004,0.0
22.000488,0.7855786,1.0
12.921187,0.122966915,0.0
12.608919,0.12814665,0.0
35.556503,0.049090337,0.0
24.272785,0.4901946,1.0
53.89903,0.9457543,1.0
21.323185,0.10942453,0.0
28.128948,0.03478575,0.0
28.12889,0.10337361,0.0
23.06794,0.063975215,0.0
45.233692,0.014440644,0.0
17.63959,0.085004315,0.0
40.977047,0.025875002,0.0
8.392152,0.8164384,1.0
20.608337,0.09533523,0.0
26.828201,0.1619362,0.0
15.982218,0.10972103,0.0
72.05704,0.004486242,0.0
19.217495,0.72544676,1.0
24.688316,0.4852463,0.0
53.2002,0.014456471,0.0
13.64709,0.1074817,0.0
5.0592346,0.6389822,1.0
10.205835,0.2199686,0.0
34.511482,0.035056416,0.0
19.217495,0.72544676,0.0
31.464756,0.080819346,0.0
15.52047,0.14227138,0.0
19.217495,0.7254467,1.0
12.8438635,0.13017923,0.0
13.496472,0.12215808,0.0
33.87554,0.057153117,0.0
24.553148,0.49832964,1.0
57.91614,0.9591941,1.0
19.402767,0.12140217,0.0
25.151161,0.041169085,0.0
27.408838,0.116414405,0.0
13.422665,0.14160597,0.0
32.80394,0.04562222,0.0
19.136217,0.06736766,0.0
43.24096,0.022653569,0.0
8.569185,0.72628,1.0
22.228407,0.08378574,0.0
27.897682,0.14341187,0.0
15.306946,0.13713619,0.0
68.21052,0.0052857,0.0
21.716356,0.79489577,1.0
24.685928,0.4711398,0.0
67.346695,0.0045532165,0.0
13.719959,0.1106846,0.0
5.389591,0.6283103,1.0
11.123809,0.20643154,0.0
36.023327,0.032327615,0.0
21.716356,0.79489577,0.0
32.98709,0.0719035,0.0
16.1882,0.13748278,0.0
21.716356,0.79489577,1.0
14.579984,0.107233025,0.0
14.102446,0.11517786,0.0
35.496853,0.050369155,0.0
24.534626,0.4843156,1.0
61.828575,0.96691406,1.0
22.095385,0.104098745,0.0
27.083204,0.037292454,0.0
28.61853,0.103681214,0.0
22.565601,0.06510511,0.0
41.62212,0.019315803,0.0
17.913902,0.0832836,0.0
36.782543,0.0360165,0.0
8.239223,0.72965276,1.0
20.22287,0.102424756,0.0
27.266088,0.16413222,0.0
16.01106,0.11482322,0.0
66.54954,0.0055061346,0.0
20.7237,0.77252567,1.0
25.21544,0.47360572,0.0
66.488945,0.0049381917,0.0
14.634977,0.10197581,0.0
5.878304,0.6259348,1.0
10.309556,0.22678563,0.0
33.65832,0.038267788,0.0
21.84543,0.7874445,0.0
32.751923,0.07119114,0.0
14.515005,0.16652116,0.0
21.059084,0.7412786,1.0
15.49502,0.10030466,0.0
15.222446,0.103919536,0.0
34.21617,0.05658996,0.0
25.068748,0.4858846,1.0
63.800694,0.97120553,1.0
22.723171,0.097556174,0.0
28.745678,0.033565126,0.0
27.79561,0.11588329,0.0
22.746498,0.05952208,0.0
41.586407,0.020277858,0.0
17.306873,0.08883631,0.0
38.228867,0.032403566,0.0
9.875286,0.83033264,1.0
23.663118,0.075457,0.0
28.400024,0.1434208,0.0
16.203064,0.12382455,0.0
55.09929,0.0102175195,0.0
20.981619,0.7693572,1.0
24.532671,0.4594068,0.0
56.72661,0.011295335,0.0
14.343657,0.101216994,0.0
5.649637,0.6081618,1.0
11.489641,0.20265931,0.0
37.022903,0.030272955,0.0
22.091194,0.78445107,0.0
31.140192,0.08389614,0.0
16.514292,0.13641246,0.0
21.302673,0.73835856,1.0
15.580727,0.09543606,0.0
14.874393,0.10434175,0.0
36.738064,0.04667591,0.0
24.417164,0.46838397,1.0
62.94595,0.96825224,1.0
23.722687,0.08762295,0.0
50.423576,0.0071841707,0.0
28.91369,0.104616806,0.0
13.233977,0.13705859,0.0
30.674744,0.0628141,0.0
18.731665,0.0709865,0.0
34.926353,0.04180213,0.0
9.131588,0.7893507,1.0
23.642239,0.07494571,0.0
28.036032,0.1486297,0.0
16.602146,0.11212565,0.0
78.161125,0.0026433922,0.0
19.564188,0.7370826,1.0
24.486269,0.47839007,0.0
57.996853,0.010505163,0.0
18.775745,0.064048596,0.0
7.307486,0.3567369,1.0
12.166483,0.19650534,0.0
37.29666,0.029579319,0.0
19.564186,0.73708254,0.0
49.41832,0.042814825,0.0
15.897865,0.15694663,0.0
19.564186,0.73708254,1.0
18.75204,0.06831004,0.0
21.416395,0.050786182,0.0
36.33833,0.047743578,0.0
24.403267,0.4868728,1.0
61.77389,0.9631512,1.0
27.829414,0.066873044,0.0
64.64397,0.003314829,0.0
28.767458,0.10411186,0.0
12.888794,0.15533152,0.0
31.36264,0.05958873,0.0
20.301067,0.06105718,0.0
60.276596,0.008774981,0.0
8.794831,0.77881813,1.0
23.414335,0.07464215,0.0
27.395359,0.16225313,0.0
15.843636,0.1630054,0.0
80.9772,0.0023331584,0.0
21.83903,0.78248,1.0
24.42684,0.48458135,0.0
54.15568,0.014134123,0.0
17.80061,0.06920073,0.0
7.2443304,0.3572187,1.0
12.122428,0.19407606,0.0
36.766785,0.03014176,0.0
21.83903,0.78248,0.0
50.64325,0.03896101,0.0
15.631983,0.1559151,0.0
21.839027,0.78248,1.0
20.725903,0.054118868,0.0
21.27888,0.04967893,0.0
35.314835,0.051441807,0.0
24.33976,0.494113,1.0
54.68668,0.93875366,1.0
26.434502,0.07413841,0.0
26.655111,0.031283706,0.0
28.01662,0.114150055,0.0
12.707166,0.16336761,0.0
34.41368,0.043570813,0.0
20.895504,0.057147615,0.0
66.14438,0.006501556,0.0
10.142656,0.83188,1.0
23.652143,0.07451196,0.0
27.141626,0.17303997,0.0
15.481901,0.1757902,0.0
84.77326,0.0021444948,0.0
21.970747,0.7794552,1.0
24.51449,0.5065419,0.0
52.53048,0.014368114,0.0
17.926529,0.071277514,0.0
6.4771423,0.36497784,1.0
12.210613,0.18797734,0.0
36.882156,0.029579783,0.0
21.970749,0.7794552,0.0
42.126877,0.056261774,0.0
18.706543,0.10447164,0.0
21.970747,0.7794552,1.0
18.664732,0.06959656,0.0
18.051357,0.065695204,0.0
34.622837,0.055381242,0.0
24.427874,0.5156597,1.0
57.34006,0.9510264,1.0
20.8239,0.14125925,0.0
27.884995,0.02992217,0.0
27.691034,0.12221322,0.0
12.207624,0.18161009,0.0
33.88117,0.04075725,0.0
20.339914,0.059708286,0.0
58.593533,0.0089809075,0.0
9.957558,0.82514185,1.0
22.011887,0.079049565,0.0
24.886242,0.23741871,0.0
15.543209,0.14329965,0.0
77.09511,0.0024739266,0.0
18.8807,0.69353163,1.0
24.372883,0.50371236,0.0
59.065807,0.009129717,0.0
17.073347,0.07457234,0.0
11.702422,0.65282243,1.0
11.873283,0.19306417,0.0
31.461735,0.040996972,0.0
18.8807,0.69353163,0.0
53.11558,0.026171084,0.0
16.631517,0.1233056,0.0
18.880695,0.69353163,1.0
15.822699,0.09222977,0.0
12.601953,0.10536634,0.0
21.703983,0.114625305,0.0
24.283302,0.5116775,1.0
60.317993,0.9591696,1.0
15.00576,0.20816779,0.0
61.896957,0.0037577625,0.0
25.440699,0.14399084,0.0
11.517951,0.19682981,0.0
31.496033,0.05214373,0.0
20.658422,0.05991686,0.0
53.725037,0.011045574,0.0
9.069685,0.81271654,1.0
17.762693,0.11333136,0.0
23.638931,0.30283418,0.0
15.659585,0.15615305,0.0
79.580086,0.0021959622,0.0
18.44067,0.69758755,1.0
24.380848,0.5081873,0.0
55.139454,0.012622126,0.0
16.194176,0.08557791,0.0
10.177714,0.5428368,1.0
10.564621,0.2324721,0.0
27.279764,0.05782059,0.0
18.44067,0.69758755,0.0
51.875153,0.027636908,0.0
13.742268,0.17094754,0.0
18.44067,0.6975875,1.0
14.685127,0.10916025,0.0
13.317731,0.09857003,0.0
19.658833,0.1526364,0.0
24.250902,0.521544,1.0
63.163002,0.9666609,1.0
11.568542,0.29503128,0.0
25.196123,0.0356832,0.0
22.938261,0.20724328,0.0
11.604794,0.20543891,0.0
37.478718,0.031830445,0.0
22.276443,0.05058113,0.0
61.871403,0.0075157755,0.0
9.698747,0.8133066,1.0
20.627623,0.087018356,0.0
23.38113,0.29157874,0.0
15.231844,0.16265553,0.0
75.99602,0.0028545829,0.0
18.297922,0.7036388,1.0
24.118008,0.50242174,0.0
56.85311,0.011077095,0.0
16.653076,0.083387345,0.0
11.983978,0.65114516,1.0
12.502094,0.17924462,0.0
30.466042,0.04268284,0.0
18.297922,0.7036388,0.0
36.739902,0.083360635,0.0
17.58868,0.113427944,0.0
18.297922,0.7036388,1.0
15.433866,0.10316255,0.0
12.020195,0.13842405,0.0
20.610273,0.11551336,0.0
23.979988,0.5161595,1.0
61.981632,0.9661388,1.0
15.567925,0.19768387,0.0
26.36384,0.032722354,0.0
23.915724,0.1586411,0.0
11.32528,0.21112674,0.0
38.68645,0.028768161,0.0
23.603907,0.043347,0.0
57.357784,0.009337007,0.0
10.331012,0.80805933,1.0
23.886168,0.06466087,0.0
24.062584,0.21086653,0.0
15.834644,0.15473509,0.0
70.14102,0.0037198737,0.0
18.579178,0.71781677,1.0
24.094591,0.43612123,0.0
56.41118,0.011119805,0.0
18.054443,0.07103261,0.0
12.257885,0.49106276,1.0
13.598485,0.15659523,0.0
33.1724,0.034551356,0.0
18.579176,0.71781677,0.0
32.573788,0.12547134,0.0
19.636055,0.08933621,0.0
18.579176,0.71781677,1.0
16.865793,0.085279115,0.0
13.057987,0.11464949,0.0
21.597439,0.103394784,0.0
23.791832,0.45002452,1.0
62.965748,0.9691537,1.0
17.313063,0.15303347,0.0
26.429186,0.031635366,0.0
24.863323,0.12493992,0.0
11.682936,0.1992315,0.0
39.26572,0.027005661,0.0
24.933052,0.03910368,0.0
54.020123,0.0108131785,0.0
12.883165,0.91494626,1.0
23.6316,0.06573883,0.0
23.922998,0.23554023,0.0
15.604862,0.20785238,0.0
76.44889,0.002989517,0.0
22.085768,0.8114426,1.0
23.978485,0.4102759,0.0
68.76262,0.0063990233,0.0
18.531254,0.06636136,0.0
12.0532055,0.47474498,1.0
7.764698,0.31499672,0.0
31.555851,0.03905191,0.0
22.085766,0.8114426,0.0
33.178017,0.123461045,0.0
17.721672,0.108990416,0.0
22.085762,0.81144255,1.0
19.82719,0.059788324,0.0
14.148455,0.098581746,0.0
21.239635,0.10985758,0.0
23.70791,0.41994524,1.0
63.595963,0.96997255,1.0
17.773901,0.12655526,0.0
23.464733,0.04462854,0.0
23.88048,0.1432035,0.0
10.693267,0.25243753,0.0
66.39621,0.006970222,0.0
8.343567,0.22694117,0.0
35.604767,0.027836202,0.0
13.265378,0.9261158,1.0
22.179434,0.07094717,0.0
23.400064,0.26530215,0.0
15.194485,0.20189689,0.0
46.801815,0.016594276,0.0
21.780817,0.81720644,1.0
23.498104,0.42175457,0.0
63.544067,0.007881146,0.0
12.560238,0.1147775,0.0
7.07949,0.5334134,1.0
7.3758774,0.310375,0.0
30.6981,0.040481657,0.0
21.780819,0.81720644,0.0
23.62139,0.15379192,0.0
17.684074,0.10259798,0.0
21.780817,0.81720644,1.0
13.297777,0.10843514,0.0
9.135714,0.17199552,0.0
19.730469,0.12918863,0.0
23.296587,0.42982462,1.0
65.163666,0.97317964,1.0
12.386867,0.15598856,0.0
12.254,0.12556493,0.0
23.032513,0.1663177,0.0
10.199377,0.26091328,0.0
64.99107,0.006854338,0.0
8.417361,0.224039,0.0
33.614384,0.039725687,0.0
13.63534,0.91713077,1.0
24.247913,0.055280324,0.0
23.382217,0.4017,0.0
13.863099,0.33192584,0.0
49.954678,0.0131916925,0.0
22.106754,0.8277634,1.0
22.967049,0.43408567,0.0
68.636566,0.0058344873,0.0
12.594207,0.10823101,0.0
3.9464297,0.58627224,1.0
7.9856443,0.2857363,0.0
29.370066,0.040959746,0.0
22.106754,0.8277634,0.0
24.737583,0.14280362,0.0
18.80532,0.0935751,0.0
22.106752,0.8277634,1.0
11.998845,0.12362711,0.0
8.449592,0.19624975,0.0
16.32069,0.1784775,0.0
22.803135,0.4421421,1.0
64.23815,0.9695588,1.0
11.589681,0.17644896,0.0
11.179113,0.16743566,0.0
21.916174,0.17621538,0.0
11.861769,0.3114265,0.0
68.708595,0.0052349144,0.0
9.330376,0.1973007,0.0
38.05822,0.024105703,0.0
10.958879,0.83563185,1.0
25.727688,0.049783677,0.0
23.539982,0.4123335,0.0
13.635601,0.35435632,0.0
67.98983,0.004225115,0.0
21.645638,0.8270571,1.0
23.101578,0.4360025,0.0
63.469578,0.005249396,0.0
17.274084,0.06553321,0.0
6.520049,0.46751627,1.0
8.1607685,0.2898911,0.0
29.277756,0.041376576,0.0
21.645638,0.8270571,0.0
33.97312,0.0921692,0.0
19.80777,0.08362134,0.0
21.645638,0.8270571,1.0
16.561035,0.075925276,0.0
14.544873,0.08621834,0.0
16.58082,0.16396248,0.0
22.880964,0.4428598,1.0
60.679493,0.95867604,1.0
14.903316,0.15021667,0.0
23.823835,0.049189422,0.0
21.927414,0.17303474,0.0
12.27511,0.2685572,0.0
70.88433,0.0038417699,0.0
9.119563,0.20406799,0.0
33.024593,0.027462635,0.0
9.007253,0.79390424,1.0
40.494896,0.016537178,0.0
23.440945,0.38708767,0.0
13.574013,0.32183793,0.0
69.353226,0.0068185404,0.0
21.264782,0.84948426,1.0
22.916376,0.40273634,0.0
66.315216,0.0056068613,0.0
18.910793,0.066127725,0.0
5.95543,0.5061907,1.0
9.999932,0.22918837,0.0
37.426315,0.022043034,0.0
22.374598,0.8568308,0.0
55.08512,0.011001662,0.0
30.798103,0.03051942,0.0
23.152637,0.8267198,1.0
18.807434,0.077130936,0.0
14.21456,0.08406183,0.0
19.410402,0.11492464,0.0
22.675066,0.4081254,1.0
59.69713,0.95748854,1.0
13.559395,0.12529337,0.0
23.72882,0.048838638,0.0
24.20935,0.12558144,0.0
13.45641,0.18840784,0.0
30.82644,0.0362238,0.0
10.373195,0.15193678,0.0
49.82482,0.009131671,0.0
9.475952,0.7356724,1.0
34.533142,0.027338844,0.0
23.640371,0.26964366,0.0
13.661276,0.33620578,0.0
68.3844,0.0068830214,0.0
21.572144,0.8527112,1.0
23.361403,0.3963556,0.0
66.833565,0.0056709754,0.0
18.789824,0.07456339,0.0
9.275998,0.5740402,1.0
10.405502,0.2228973,0.0
34.595818,0.02966209,0.0
21.572142,0.8527112,0.0
55.424664,0.010745315,0.0
25.853401,0.0456169,0.0
21.87099,0.8360204,1.0
17.85143,0.10413189,0.0
14.033831,0.088831715,0.0
20.424908,0.11420881,0.0
23.055576,0.40281194,1.0
63.36355,0.9664591,1.0
12.240302,0.20050114,0.0
26.349327,0.039954476,0.0
24.015577,0.13503832,0.0
47.278202,0.013951939,0.0
27.224304,0.05395378,0.0
10.763389,0.1481191,0.0
59.68022,0.006411055,0.0
14.332201,0.92231715,1.0
35.887783,0.02560085,0.0
24.216574,0.21904884,0.0
13.243521,0.35126397,0.0
68.838554,0.0067103337,0.0
21.164717,0.8473579,1.0
27.36713,0.5009005,0.0
38.73057,0.021368263,0.0
18.576052,0.07328418,0.0
10.344892,0.2879019,1.0
11.487896,0.16309938,0.0
40.79377,0.019734722,0.0
21.164717,0.8473579,0.0
44.982002,0.020329086,0.0
29.650919,0.03147593,0.0
21.764692,0.83368945,1.0
17.634424,0.10512692,0.0
15.842433,0.0761236,0.0
26.351994,0.11719715,0.0
27.246883,0.51850015,1.0
64.416824,0.9673108,1.0
13.72096,0.18083003,0.0
32.39511,0.042182963,0.0
24.245499,0.21864258,0.0
15.330242,0.15240276,0.0
165.07957,6.9731985e-05,0.0
8.945826,0.21187189,0.0
38.872757,0.02269232,0.0
11.41984,0.76666766,1.0
36.651005,0.023966702,0.0
24.693155,0.19354808,0.0
13.392244,0.3056192,0.0
60.922096,0.009759542,0.0
18.77374,0.79441535,1.0
23.293774,0.4026908,0.0
48.303356,0.013422192,0.0
18.146242,0.075434096,0.0
10.337878,0.29327464,1.0
7.9291797,0.27118114,0.0
37.29186,0.025027784,0.0
18.77374,0.79441535,0.0
44.95546,0.021463634,0.0
23.298317,0.053666037,0.0
21.46854,0.8313657,1.0
17.558971,0.10787244,0.0
14.582537,0.09242064,0.0
31.225107,0.062998176,0.0
23.089346,0.4084191,1.0
68.98615,0.97562057,1.0
13.8412075,0.17872491,0.0
45.244698,0.016189834,0.0
25.423914,0.12349149,0.0
27.335005,0.07415176,0.0
63.433178,0.0062284726,0.0
6.7185087,0.32424858,0.0
40.3442,0.017503383,0.0
10.924351,0.85018456,1.0
35.578484,0.026339028,0.0
24.587318,0.19487822,0.0
13.093199,0.3949839,0.0
54.32617,0.014104706,0.0
20.643473,0.8619215,1.0
23.80743,0.39008525,0.0
55.883995,0.0122528,0.0
19.079264,0.07074597,0.0
9.979034,0.3031489,1.0
8.952643,0.26771617,0.0
36.685226,0.026381245,0.0
20.643469,0.8619215,0.0
39.334366,0.032273147,0.0
24.33817,0.05029822,0.0
21.797733,0.83492947,1.0
18.020777,0.09081721,0.0
14.98187,0.08656442,0.0
30.848362,0.06592695,0.0
23.428947,0.3995875,1.0
75.23689,0.98226005,1.0
14.838884,0.15650046,0.0
65.52069,0.004357052,0.0
25.18404,0.12437803,0.0
42.021614,0.010451939,0.0
23.816986,0.080143325,0.0
8.997579,0.19308369,0.0
44.706272,0.014456301,0.0
11.534713,0.8605591,1.0
32.236847,0.034162637,0.0
23.427279,0.25503954,0.0
13.044802,0.3534508,0.0
54.481075,0.014445435,0.0
20.581825,0.86014163,1.0
26.894054,0.5579675,0.0
55.17562,0.012101287,0.0
19.142902,0.069426455,0.0
10.229863,0.28579885,1.0
8.341898,0.30787706,0.0
37.765263,0.024396138,0.0
20.581825,0.86014163,0.0
38.715107,0.035272688,0.0
26.859623,0.04124075,0.0
21.64203,0.82931876,1.0
18.143024,0.09060673,0.0
15.38553,0.08442458,0.0
24.758198,0.14522658,0.0
26.795607,0.5793116,1.0
77.84729,0.98553,1.0
14.918768,0.1536985,0.0
45.906467,0.017403578,0.0
23.46654,0.25446448,0.0
41.522057,0.010777275,0.0
23.198572,0.087241955,0.0
8.065006,0.22332115,0.0
44.677475,0.013747026,0.0
11.402035,0.83251405,1.0
33.014465,0.032407977,0.0
23.183369,0.2686524,0.0
13.321619,0.36091292,0.0
45.911224,0.021209966,0.0
20.486046,0.8576476,1.0
26.817493,0.59283984,0.0
39.44018,0.025754666,0.0
16.273705,0.10374734,0.0
8.457136,0.53159314,1.0
9.55984,0.24174123,0.0
38.59281,0.023580914,0.0
20.48605,0.8576476,0.0
34.268494,0.054394446,0.0
29.205568,0.034836892,0.0
21.773785,0.83062464,1.0
14.636677,0.15811981,0.0
13.296887,0.117400296,0.0
24.786615,0.15012291,0.0
26.811602,0.6102302,1.0
82.368095,0.9879396,1.0
12.601801,0.24643998,0.0
29.33253,0.05497683,0.0
23.225075,0.26804167,0.0
19.78679,0.059651986,0.0
33.18211,0.020790793,0.0
7.8160496,0.23440225,0.0
34.14153,0.029027505,0.0
8.397721,0.8078179,1.0
34.928123,0.027480533,0.0
23.563828,0.25512135,0.0
13.394089,0.25806177,0.0
42.58517,0.022283105,0.0
19.897148,0.843006,1.0
23.316698,0.47871175,0.0
52.449512,0.0130785685,0.0
13.373668,0.18197498,0.0
8.538727,0.55618274,1.0
8.75373,0.2768866,0.0
37.621735,0.024436831,0.0
19.897148,0.843006,0.0
37.05139,0.03013307,0.0
26.449072,0.04412148,0.0
22.268915,0.83562326,1.0
14.382003,0.15488976,0.0
11.930258,0.17371322,0.0
28.902859,0.080930024,0.0
23.134201,0.49107563,1.0
91.11635,0.99262035,1.0
11.820159,0.29087293,0.0
36.910446,0.016890278,0.0
24.114292,0.15536276,0.0
12.051444,0.16807643,0.0
24.641893,0.07110158,0.0
7.606471,0.23808849,0.0
36.054356,0.028191455,0.0
11.58261,0.8779983,1.0
31.9685,0.03555414,0.0
23.500822,0.26087213,0.0
12.840338,0.39544612,0.0
40.92023,0.022306949,0.0
20.028587,0.8423921,1.0
23.73284,0.5249129,0.0
60.189808,0.007949884,0.0
13.408522,0.14920345,0.0
8.074659,0.55563086,1.0
10.187881,0.2247735,0.0
34.308743,0.031646717,0.0
20.028587,0.8423921,0.0
24.60738,0.07858688,0.0
18.590006,0.089354895,0.0
22.274744,0.8321109,1.0
13.290971,0.15972319,0.0
11.173583,0.17968586,0.0
28.43457,0.08632447,0.0
23.61254,0.5414336,1.0
96.6642,0.99379975,1.0
10.590873,0.29666817,0.0
33.383713,0.022931924,0.0
24.316978,0.15821688,0.0
14.420343,0.14251813,0.0
26.248943,0.05656527,0.0
7.7571917,0.22731058,0.0
30.512484,0.0395917,0.0
11.4210205,0.864691,1.0
35.057358,0.030993704,0.0
23.809626,0.26659054,0.0
12.852575,0.36536327,0.0
42.154297,0.020931207,0.0
19.644493,0.83591664,1.0
24.31242,0.53507555,0.0
31.100336,0.039778493,0.0
13.508366,0.15211277,0.0
8.066941,0.5939415,1.0
15.251687,0.091997065,0.0
38.499115,0.023659024,0.0
19.644493,0.83591664,0.0
24.70385,0.079389825,0.0
17.795135,0.08614232,0.0
21.965122,0.82751024,1.0
13.32395,0.16653165,0.0
11.031684,0.1906515,0.0
29.573803,0.081464574,0.0
24.24796,0.54756725,1.0
99.9916,0.9944522,1.0
10.369599,0.31437054,0.0
18.805285,0.08065547,0.0
24.895447,0.15432747,0.0
14.615887,0.13995624,0.0
140.02505,0.00015766792,0.0
7.4701223,0.30318773,0.0
20.38643,0.08965743,0.0
12.187499,0.8759477,1.0
33.829834,0.034487717,0.0
23.88234,0.26774564,0.0
12.684959,0.3908172,0.0
29.810148,0.047137015,0.0
19.699879,0.8378964,1.0
24.26855,0.5331569,0.0
27.541523,0.047679644,0.0
15.612032,0.110830195,0.0
5.862856,0.64176303,1.0
15.944702,0.08772549,0.0
37.328403,0.025496623,0.0
19.699879,0.8378964,0.0
18.735535,0.12702009,0.0
17.194387,0.0948478,0.0
22.18591,0.8321109,1.0
15.568375,0.112710044,0.0
10.1200485,0.20677596,0.0
30.03131,0.07701556,0.0
24.205519,0.5449041,1.0
108.37198,0.99594206,1.0
9.084812,0.25838467,0.0
19.845163,0.06524639,0.0
24.989752,0.15317023,0.0
14.270891,0.14294171,0.0
140.4363,0.00015661515,0.0
7.193827,0.31395516,0.0
17.073967,0.12165808,0.0
12.944117,0.90908664,1.0
36.934868,0.028239701,0.0
23.96138,0.27208337,0.0
13.359058,0.2447061,0.0
28.562208,0.0580978,0.0
19.547821,0.8292227,1.0
24.330805,0.5565347,0.0
23.930452,0.06870131,0.0
14.436261,0.1425583,0.0
5.9424305,0.6508391,1.0
10.0276785,0.2515714,0.0
33.724483,0.0347672,0.0
19.547821,0.8292227,0.0
19.05625,0.13018282,0.0
15.924644,0.1220383,0.0
21.973711,0.8271505,1.0
15.750534,0.11737518,0.0
10.911377,0.19630516,0.0
29.046104,0.08690671,0.0
24.29078,0.56693447,1.0
104.8517,0.99546367,1.0
9.92371,0.24460822,0.0
18.70032,0.07064697,0.0
25.50534,0.15617767,0.0
11.971146,0.17353296,0.0
152.81693,0.00010366345,0.0
8.595818,0.26832047,0.0
15.432792,0.17666714,0.0
12.766645,0.8936667,1.0
43.961,0.022389472,0.0
24.222382,0.24364306,0.0
13.951098,0.21882355,0.0
30.132582,0.050692845,0.0
19.72999,0.8293454,1.0
23.86187,0.52550966,0.0
25.034618,0.061286263,0.0
12.591969,0.19040418,0.0
8.036882,0.4635385,1.0
11.201243,0.22224548,0.0
39.250183,0.024636239,0.0
19.729992,0.8293454,0.0
20.105421,0.12153132,0.0
14.952258,0.13170913,0.0
22.556711,0.83586967,1.0
11.458978,0.2108293,0.0
10.435582,0.22383292,0.0
32.288353,0.06997162,0.0
23.802652,0.5358511,1.0
103.71803,0.9954755,1.0
9.5074,0.28392884,0.0
16.330742,0.08897859,0.0
27.103699,0.14132142,0.0
10.236795,0.22378756,0.0
143.43974,0.00014195892,0.0
9.190629,0.24093819,0.0
16.701822,0.15329255,0.0
12.3156395,0.87265885,1.0
17.577986,0.16282149,0.0
24.216913,0.2696717,0.0
13.423389,0.23242828,0.0
34.350197,0.035058096,0.0
20.956738,0.8606708,1.0
24.496855,0.5496964,0.0
21.89435,0.07985854,0.0
11.179449,0.19113103,0.0
6.9456806,0.41102067,1.0
12.263487,0.1943968,0.0
40.52619,0.020016406,0.0
20.956736,0.8606708,0.0
19.08398,0.117190726,0.0
16.36949,0.11563926,0.0
22.56707,0.8420462,1.0
10.764043,0.19934152,0.0
10.2526245,0.20245507,0.0
31.259434,0.07348477,0.0
24.451698,0.5614205,1.0
101.40882,0.9948931,1.0
14.264501,0.22360958,0.0
15.577492,0.09690667,0.0
25.31834,0.17915165,0.0
12.53845,0.13837273,0.0
147.9444,0.00012385503,0.0
9.925602,0.21494925,0.0
16.453524,0.16301781,0.0
12.594078,0.867346,1.0
42.70794,0.024009231,0.0
24.336653,0.27060735,0.0
12.882584,0.44034928,0.0
34.74724,0.030219639,0.0
20.381037,0.8523411,1.0
24.735888,0.55311024,0.0
32.72669,0.03135048,0.0
11.490211,0.21220838,0.0
6.440621,0.4298816,1.0
11.700386,0.20538977,0.0
38.45894,0.024649339,0.0
20.381035,0.852341,0.0
17.20958,0.15117845,0.0
16.083614,0.11493413,0.0
22.597725,0.8461551,1.0
8.689495,0.31926528,0.0
8.230675,0.30743486,0.0
31.798481,0.07079551,0.0
24.682209,0.56474084,1.0
103.27593,0.9951082,1.0
7.4394884,0.36088523,0.0
12.329901,0.18568717,0.0
27.499624,0.14300708,0.0
11.5338545,0.25757998,0.0
141.91281,0.0001510879,0.0
10.094193,0.20931204,0.0
19.490883,0.094177045,0.0
14.788298,0.91425425,1.0
19.272625,0.1185886,0.0
24.492706,0.49510115,0.0
13.498009,0.27196035,0.0
32.51577,0.040856935,0.0
19.685284,0.8375518,1.0
24.484438,0.5839881,0.0
19.649063,0.12813014,0.0
10.194961,0.23654659,0.0
4.2553596,0.76322186,1.0
14.389359,0.14683893,0.0
38.40974,0.020925798,0.0
19.685284,0.8375519,0.0
9.66389,0.30226618,0.0
18.00707,0.09746197,0.0
22.249657,0.8421413,1.0
8.462608,0.28710654,0.0
8.735252,0.25212625,0.0
12.9952135,0.4011048,0.0
24.460556,0.59709907,1.0
104.7074,0.9951656,1.0
13.463204,0.23857874,0.0
9.806598,0.18975876,0.0
25.049896,0.1739259,0.0
12.456148,0.25899863,0.0
142.04568,0.00015133286,0.0
10.783579,0.1986408,0.0
21.779034,0.11985862,0.0
11.532231,0.87564635,1.0
19.640507,0.10925168,0.0
24.175426,0.49184725,0.0
13.944742,0.2393319,0.0
32.54215,0.040986843,0.0
20.225338,0.84378463,1.0
24.343689,0.5631452,0.0
26.222742,0.06234575,0.0
10.414234,0.20291173,0.0
3.8238828,0.72936225,1.0
12.8573,0.16290334,0.0
36.734425,0.022640439,0.0
20.22534,0.84378463,0.0
10.213551,0.29322863,0.0
17.171316,0.100046225,0.0
22.499971,0.8422439,1.0
8.497197,0.2660556,0.0
9.26138,0.22358613,0.0
12.456738,0.43884748,0.0
24.290718,0.57528234,1.0
105.87872,0.9952513,1.0
12.68958,0.22964579,0.0
12.92658,0.18756904,0.0
23.553587,0.21196212,0.0
13.091351,0.22981964,0.0
133.41225,0.00020458474,0.0
11.271475,0.18521945,0.0
20.7452,0.14482793,0.0
8.699356,0.8669775,1.0
16.874756,0.15557548,0.0
23.411373,0.41507548,0.0
14.152247,0.23823811,0.0
28.95602,0.054180954,0.0
19.908602,0.8455579,1.0
24.465399,0.55810845,0.0
30.115864,0.045984007,0.0
10.366657,0.21558045,0.0
6.304133,0.7900977,1.0
10.394724,0.22733389,0.0
35.94401,0.025248608,0.0
19.908602,0.8455579,0.0
13.4523735,0.20883326,0.0
14.914582,0.12966922,0.0
22.051392,0.8466822,1.0
8.493987,0.28073102,0.0
9.144899,0.23656009,0.0
14.645044,0.29892424,0.0
24.406115,0.57058233,1.0
103.52988,0.9944213,1.0
11.089226,0.25511238,0.0
12.869186,0.20195699,0.0
23.108158,0.24471682,0.0
13.32637,0.2329659,0.0
131.48656,0.00022051088,0.0
9.08461,0.25262067,0.0
21.84295,0.10464888,0.0
8.925413,0.8657689,1.0
15.644837,0.17530084,0.0
22.964596,0.4014817,0.0
14.124106,0.2431143,0.0
33.9519,0.036560856,0.0
19.168375,0.8383494,1.0
24.046192,0.5521801,0.0
30.72684,0.043225005,0.0
10.484845,0.2193904,0.0
7.2418203,0.8228552,1.0
10.693378,0.22431545,0.0
35.54393,0.025377385,0.0
19.168373,0.8383494,0.0
14.295019,0.1934351,0.0
14.824769,0.13292906,0.0
21.384407,0.8451046,1.0
8.125475,0.30575138,0.0
9.169882,0.23952112,0.0
13.927698,0.32516158,0.0
24.008297,0.5640363,1.0
109.83818,0.99553996,1.0
10.862348,0.272642,0.0
12.942513,0.20338643,0.0
22.783255,0.24367365,0.0
13.324771,0.23809266,0.0
132.40984,0.00021374729,0.0
8.705209,0.27062282,0.0
22.771467,0.09656692,0.0
8.2810955,0.8531005,1.0
39.937218,0.025199594,0.0
23.108013,0.47916678,0.0
13.8447895,0.25792554,0.0
33.293816,0.03932066,0.0
18.917492,0.84230924,1.0
23.33777,0.5671001,0.0
30.93544,0.04227208,0.0
11.324626,0.26409,0.0
5.047684,0.8005562,1.0
10.52181,0.21248102,0.0
34.159866,0.029087855,0.0
18.917492,0.84230924,0.0
16.285946,0.17668042,0.0
14.772015,0.14081438,0.0
20.785908,0.84199727,1.0
7.991947,0.35600302,0.0
8.772711,0.28646758,0.0
12.916546,0.4143457,0.0
23.304226,0.5789171,1.0
109.01423,0.9953365,1.0
7.519411,0.3566249,0.0
12.492313,0.22478323,0.0
24.30534,0.19474287,0.0
13.047197,0.25214902,0.0
136.14273,0.00018802102,0.0
8.866352,0.25493655,0.0
23.638535,0.0891248,0.0
9.938713,0.9000803,1.0
11.976809,0.25420982,0.0
21.661041,0.40365002,0.0
13.8188505,0.25704327,0.0
32.695477,0.038343463,0.0
18.508322,0.838355,1.0
23.205952,0.4416739,0.0
28.544813,0.04992749,0.0
9.894704,0.2521813,0.0
8.427142,0.783952,1.0
9.432142,0.2724708,0.0
31.218712,0.035016373,0.0
18.508322,0.838355,0.0
9.550329,0.31055164,0.0
13.088829,0.1611018,0.0
20.316242,0.8416593,1.0
7.139549,0.38023958,0.0
7.69404,0.29747206,0.0
14.193813,0.32446912,0.0
22.914587,0.5886131,1.0
119.3276,0.99706477,1.0
7.0156274,0.38474375,0.0
12.385268,0.24001394,0.0
20.524662,0.32423526,0.0
13.101797,0.25358206,0.0
138.7736,0.00017176043,0.0
7.764529,0.34234723,0.0
19.871738,0.12569095,0.0
10.8104,0.9121976,1.0
9.146116,0.39046443,0.0
22.23716,0.49630696,0.0
13.521514,0.25334463,0.0
32.854153,0.037234094,0.0
17.936817,0.8276116,1.0
26.332823,0.59319127,0.0
30.460325,0.039774977,0.0
9.760967,0.26625177,0.0
8.587119,0.7948436,1.0
9.18785,0.30681825,0.0
29.408587,0.04234458,0.0
17.936817,0.8276116,0.0
8.350516,0.33317325,0.0
11.806025,0.19549164,0.0
20.0478,0.8414366,1.0
6.697626,0.3919656,0.0
7.6302266,0.2974331,0.0
12.701382,0.52949184,0.0
25.779644,0.70367604,1.0
120.50282,0.9971782,1.0
7.713551,0.3838559,0.0
12.092655,0.24749379,0.0
22.363642,0.50008494,0.0
12.517073,0.21082295,0.0
130.31337,0.0002348,0.0
7.2409782,0.39565808,0.0
20.373095,0.111600004,0.0
8.510097,0.862888,1.0
15.832714,0.1981158,0.0
21.604671,0.4932238,0.0
13.200151,0.26711524,0.0
34.95378,0.03308617,0.0
18.592308,0.84242254,1.0
25.749544,0.590423,0.0
29.996847,0.042569052,0.0
10.775715,0.29565188,0.0
10.254359,0.8116449,1.0
9.714108,0.27110946,0.0
30.268274,0.041141365,0.0
18.592308,0.84242254,0.0
11.506172,0.27549082,0.0
12.899556,0.16620779,0.0
20.50309,0.84460884,1.0
6.6546373,0.42016408,0.0
7.083559,0.33773226,0.0
13.1312895,0.5225013,0.0
25.28092,0.7012506,1.0
114.98976,0.99645245,1.0
6.7053323,0.37000105,0.0
12.903496,0.15669008,0.0
21.758663,0.4902598,0.0
12.564007,0.26191005,0.0
121.56147,0.0003224165,0.0
7.9209785,0.3339388,0.0
21.755117,0.10200788,0.0
8.751463,0.8914581,1.0
9.50309,0.37186414,0.0
21.661743,0.4921761,0.0
13.481534,0.26300687,0.0
36.533714,0.028935717,0.0
18.831108,0.85035306,1.0
25.824482,0.5403323,0.0
31.857988,0.03576864,0.0
9.865719,0.2444999,0.0
7.9496565,0.7698611,1.0
8.731058,0.273511,0.0
27.967327,0.047235474,0.0
18.831108,0.85035306,0.0
11.638542,0.23580815,0.0
12.490779,0.1622267,0.0
20.278759,0.8480384,1.0
6.963747,0.37809446,0.0
7.7188616,0.28852335,0.0
12.816061,0.5380068,0.0
25.052238,0.6591339,1.0
117.82651,0.9966965,1.0
8.346919,0.33887017,0.0
12.390336,0.22740264,0.0
21.851032,0.48220977,0.0
12.806519,0.25620297,0.0
118.034096,0.0003674909,0.0
7.9321632,0.31483722,0.0
23.538147,0.08465552,0.0
6.3671303,0.83811855,1.0
9.071248,0.37964627,0.0
21.365005,0.45449066,0.0
13.170872,0.29642093,0.0
20.492971,0.12727454,0.0
18.390203,0.83491665,1.0
22.678087,0.5223507,0.0
55.94793,0.012671982,0.0
9.080493,0.28624722,0.0
7.8983374,0.7704166,1.0
7.947588,0.2897668,0.0
24.242031,0.0831642,0.0
18.390203,0.83491665,0.0
7.310981,0.48543748,0.0
11.584007,0.16917449,0.0
20.296227,0.8444157,1.0
6.6449428,0.44274247,0.0
7.205285,0.33792105,0.0
13.544336,0.4454746,0.0
22.486652,0.6051203,1.0
113.4298,0.9962059,1.0
7.8473864,0.3641901,0.0
13.7070265,0.13813223,0.0
21.040188,0.29639784,0.0
14.082813,0.18902233,0.0
87.97466,0.0020775443,0.0
7.5875096,0.35421163,0.0
42.444016,0.017539605,0.0
8.698593,0.9017923,1.0
15.635256,0.19278896,0.0
21.437103,0.4462997,0.0
13.528248,0.28127846,0.0
30.059772,0.043722283,0.0
18.454918,0.834216,1.0
22.777523,0.51656,0.0
33.307877,0.030087832,0.0
11.234925,0.28630605,0.0
8.880325,0.7763703,1.0
7.2419934,0.30864224,0.0
23.992107,0.08711975,0.0
18.45492,0.834216,0.0
10.737119,0.26193696,0.0
11.053893,0.17271024,0.0
20.212006,0.84228814,1.0
6.981373,0.40397742,0.0
7.6771283,0.31209117,0.0
14.038976,0.40034226,0.0
22.644289,0.6040715,1.0
109.176834,0.99527633,1.0
6.663044,0.3772945,0.0
12.155641,0.2516241,0.0
21.036396,0.2924853,0.0
13.496792,0.19549751,0.0
136.89241,0.00018577848,0.0
7.316658,0.36464763,0.0
20.901068,0.09742517,0.0
10.182711,0.91705346,1.0
16.067488,0.18027835,0.0
21.27307,0.41692957,0.0
12.963046,0.26096848,0.0
27.939106,0.053640787,0.0
22.6399,0.9376502,1.0
22.443295,0.50966233,0.0
30.258629,0.0410096,0.0
11.333826,0.26663035,0.0
8.824367,0.77206045,1.0
4.386138,0.52687657,0.0
25.454826,0.07553506,0.0
17.419716,0.8425133,0.0
11.494751,0.25525054,0.0
8.787178,0.24842344,0.0
18.072826,0.82511806,1.0
7.390069,0.37049922,0.0
7.740918,0.3013175,0.0
14.173195,0.39525926,0.0
22.30543,0.6000325,1.0
107.61883,0.9947443,1.0
6.565732,0.3746058,0.0
12.464896,0.22830175,0.0
20.731014,0.2897999,0.0
12.360499,0.25465852,0.0
137.29501,0.00018476359,0.0
5.908564,0.63137877,0.0
21.14918,0.10172703,0.0
7.71242,0.889796,1.0
17.520664,0.11608056,0.0
22.167316,0.48188522,0.0
12.863716,0.2552537,0.0
28.553366,0.049354862,0.0
24.053284,0.96555936,1.0
25.858208,0.6512855,0.0
65.58917,0.0059592435,0.0
11.070877,0.2575213,0.0
8.494234,0.81246173,1.0
2.9068127,0.57179093,0.0
17.520664,0.11608056,0.0
17.562428,0.8479048,0.0
8.543009,0.3191566,0.0
9.998786,0.24988127,0.0
18.14453,0.828224,1.0
9.06327,0.26679817,0.0
9.0562725,0.22555032,0.0
14.280585,0.37923938,0.0
25.927015,0.6590635,1.0
115.57491,0.9962573,1.0
7.247655,0.29343018,0.0
12.042423,0.22364816,0.0
22.262074,0.4780774,0.0
12.309241,0.24240364,0.0
94.50844,0.0017036345,0.0
5.095973,0.6635461,0.0
34.227066,0.0381637,0.0
5.637991,0.86446106,1.0
15.140842,0.15331347,0.0
22.632126,0.41162443,0.0
13.082431,0.22736086,0.0
18.400906,0.13211687,0.0
24.08207,0.96660835,1.0
23.51432,0.59543014,0.0
58.80972,0.011593504,0.0
11.249821,0.23202814,0.0
8.2463665,0.80588603,1.0
2.5377812,0.7657382,0.0
15.013273,0.20971283,0.0
17.513725,0.8488111,0.0
7.904643,0.55765116,0.0
7.660789,0.35769644,0.0
18.29506,0.83144236,1.0
8.999198,0.2532302,0.0
9.359704,0.20396918,0.0
15.247877,0.3178758,0.0
23.52763,0.5996631,1.0
125.83465,0.99752694,1.0
7.535681,0.2658224,0.0
12.047913,0.20582707,0.0
21.22462,0.31459108,0.0
12.569956,0.21715268,0.0
99.42865,0.0013109935,0.0
4.8763895,0.6979801,0.0
46.04941,0.013634616,0.0
3.6626492,0.7860898,1.0
15.349885,0.15000069,0.0
22.587893,0.39136252,0.0
13.154466,0.23391508,0.0
41.495552,0.018561235,0.0
25.560984,0.97172666,1.0
23.409288,0.57533497,0.0
76.02826,0.0029205116,0.0
11.399535,0.22438774,0.0
8.358432,0.8043437,1.0
2.8292842,0.77084213,0.0
15.541453,0.19684775,0.0
17.86858,0.859134,0.0
10.774632,0.3439529,0.0
7.6718073,0.35738713,0.0
18.873594,0.847355,1.0
9.889536,0.24025068,0.0
10.292596,0.1906149,0.0
15.642144,0.3001796,0.0
23.415455,0.5801938,1.0
127.29339,0.99782526,1.0
8.040691,0.26163208,0.0
12.115478,0.20131111,0.0
21.27882,0.2981933,0.0
12.637663,0.22005679,0.0
105.516205,0.00079509284,0.0
4.7328596,0.70106566,0.0
48.222614,0.015953252,0.0
5.8404408,0.41596067,1.0
16.43303,0.13308626,0.0
22.720798,0.38846636,0.0
13.103716,0.22996166,0.0
44.808357,0.015172068,0.0
23.196442,0.96472734,1.0
26.326435,0.6141379,0.0
62.61013,0.005461649,0.0
11.988658,0.19603474,0.0
9.494784,0.7098808,1.0
5.213355,0.56538147,0.0
16.43303,0.13308625,0.0
17.840717,0.8616562,0.0
9.665466,0.44253278,0.0
9.326958,0.28202766,0.0
18.740837,0.8485105,1.0
9.146156,0.30049035,0.0
13.033221,0.15763423,0.0
15.157928,0.32311106,0.0
26.345654,0.62501925,1.0
129.17407,0.99794596,1.0
9.815301,0.2951077,0.0
10.932568,0.21181248,0.0
22.787321,0.38647905,0.0
12.253906,0.21507598,0.0
50.929585,0.010300898,0.0
22.440691,0.0721283,0.0
41.04116,0.02134339,0.0
6.241766,0.73347574,1.0
16.489513,0.13140671,0.0
22.480505,0.38310045,0.0
11.620384,0.27874067,0.0
38.504887,0.023560211,0.0
21.27865,0.96774197,1.0
23.465885,0.59649557,0.0
76.8327,0.0029099998,0.0
9.947291,0.24968229,0.0
6.5334444,0.7120396,1.0
6.03881,0.75754714,0.0
16.708931,0.16458267,0.0
17.444536,0.87878394,0.0
10.204193,0.40602586,0.0
7.599029,0.33356422,0.0
13.504973,0.7857791,1.0
7.5139027,0.36423308,0.0
10.530612,0.21271828,0.0
16.607468,0.25484222,0.0
23.471664,0.60246176,1.0
131.73558,0.9981604,1.0
9.058433,0.2612319,0.0
11.144753,0.18120505,0.0
21.47803,0.2817559,0.0
11.010059,0.24886411,0.0
106.37279,0.0007603376,0.0
6.154734,0.7855769,0.0
50.654587,0.013538738,0.0
9.086401,0.2312417,1.0
16.13251,0.13667983,0.0
22.250097,0.38195017,0.0
11.08655,0.36039254,0.0
21.46774,0.099833205,0.0
18.849684,0.9592632,1.0
23.384392,0.5986459,0.0
64.61904,0.0068510505,0.0
8.306555,0.2680345,0.0
7.09471,0.7375136,1.0
4.5670495,0.47799236,0.0
16.129631,0.17532289,0.0
18.546202,0.8961908,0.0
10.64274,0.48335785,0.0
7.456292,0.36596394,0.0
13.712856,0.78530556,1.0
6.7259045,0.37341475,0.0
12.021961,0.16441062,0.0
16.210722,0.25905043,0.0
23.39227,0.6039967,1.0
128.55252,0.99790335,1.0
9.625839,0.22880314,0.0
9.8514805,0.17228219,0.0
21.399769,0.2747426,0.0
10.533026,0.233849,0.0
80.301926,0.003091571,0.0
2.3748374,0.4031056,0.0
72.25338,0.0032751674,0.0
9.722905,0.2304237,1.0
17.384727,0.1179991,0.0
22.22208,0.39429104,0.0
10.360289,0.42786708,0.0
41.14589,0.019477604,0.0
15.242758,0.928845,1.0
23.707083,0.615626,0.0
85.6695,0.0018820139,0.0
6.954895,0.26678264,0.0
6.495991,0.6779059,1.0
7.1454554,0.4542099,0.0
16.877552,0.16133724,0.0
18.846807,0.89832854,0.0
11.343263,0.371675,0.0
6.392322,0.40160728,0.0
14.236319,0.7956483,1.0
8.211069,0.28007364,0.0
11.687702,0.15424092,0.0
16.743076,0.24262747,0.0
23.721123,0.6222903,1.0
133.12831,0.9982672,1.0
9.058726,0.2183025,0.0
11.646498,0.12338929,0.0
21.674091,0.26851964,0.0
10.812748,0.2388633,0.0
109.5378,0.00063354976,0.0
3.3658144,0.4178944,0.0
58.96388,0.007953751,0.0
7.666888,0.3050441,1.0
18.547417,0.106302924,0.0
22.050537,0.4475953,0.0
10.639608,0.44078955,0.0
38.062935,0.027802363,0.0
14.252832,0.9158819,1.0
26.757624,0.66627294,0.0
33.02345,0.036374,0.0
9.728614,0.18894768,0.0
9.7044935,0.57186,1.0
8.593955,0.3717963,0.0
18.547419,0.1063029,0.0
18.828888,0.8965321,0.0
7.936598,0.60761976,0.0
8.283178,0.31113604,0.0
14.085015,0.7909941,1.0
11.089651,0.30035922,0.0
14.777589,0.18361329,0.0
15.026256,0.31640607,0.0
26.837685,0.67667073,1.0
133.64104,0.9983038,1.0
11.984841,0.27204448,0.0
15.483749,0.11036975,0.0
22.106133,0.44575468,0.0
10.52087,0.26263294,0.0
120.251335,0.00034430576,0.0
3.9551568,0.3305955,0.0
21.685722,0.09423664,0.0
4.6359696,0.46453014,1.0
20.60875,0.08503664,0.0
22.432648,0.40628427,0.0
11.500611,0.32580632,0.0
31.034712,0.047982745,0.0
13.3598795,0.90216905,1.0
27.2863,0.6654502,0.0
21.260723,0.17183259,0.0
11.480505,0.1756906,0.0
8.252801,0.54565716,1.0
7.948721,0.43267193,0.0
20.60875,0.08503664,0.0
17.88347,0.88383174,0.0
10.576609,0.6071601,0.0
9.090904,0.27941483,0.0
14.226474,0.7957552,1.0
9.49623,0.23541905,0.0
15.87183,0.111117326,0.0
17.02261,0.24034159,0.0
27.363855,0.67562026,1.0
129.81696,0.9980731,1.0
11.884384,0.17752235,0.0
17.920591,0.082549974,0.0
22.515696,0.4038362,0.0
11.694835,0.20587413,0.0
118.948364,0.00036299854,0.0
3.344405,0.40163735,0.0
31.094824,0.045217145,0.0
9.131309,0.8977572,1.0
19.667757,0.093935706,0.0
20.259525,0.47912896,0.0
11.436244,0.3155732,0.0
34.319736,0.041244194,0.0
15.6286125,0.9247779,1.0
25.53,0.6601831,0.0
25.510258,0.07341268,0.0
12.541232,0.15505439,0.0
9.010115,0.60066754,1.0
8.176226,0.5701044,0.0
19.667755,0.093935706,0.0
17.214285,0.8775112,0.0
10.225053,0.52867585,0.0
8.824453,0.28564152,0.0
14.026116,0.7881753,1.0
15.275889,0.12233697,0.0
17.439491,0.09808703,0.0
16.177774,0.26588753,0.0
26.65805,0.643983,1.0
120.33905,0.9972682,1.0
12.696076,0.16804603,0.0
19.815922,0.06721593,0.0
21.024597,0.43243447,0.0
12.694075,0.17456912,0.0
134.14507,0.00020717255,0.0
7.745336,0.7441451,0.0
20.128922,0.12117307,0.0
11.403983,0.92795074,1.0
19.055237,0.09871834,0.0
22.124174,0.44907683,0.0
11.701359,0.3799448,0.0
26.429377,0.08149038,0.0
21.033854,0.9646447,1.0
26.615044,0.66840327,0.0
26.670645,0.06761923,0.0
11.478595,0.21155642,0.0
8.715102,0.6569805,1.0
2.9355695,0.6132925,0.0
19.055237,0.09871834,0.0
11.367834,0.36029255,0.0
12.96943,0.4873916,0.0
9.77436,0.28394288,0.0
14.2983885,0.7816099,1.0
14.778025,0.103733666,0.0
14.903822,0.1021311,0.0
15.883499,0.27086186,0.0
26.685413,0.6755731,1.0
124.219635,0.99761957,1.0
7.833294,0.2187947,0.0
20.972677,0.06286794,0.0
22.242968,0.4442691,0.0
13.0121765,0.1838519,0.0
119.6869,0.00035255202,0.0
5.8124886,0.72552013,0.0
19.17923,0.1408803,0.0
9.414909,0.9046891,1.0
18.348207,0.103192635,0.0
22.419981,0.45084956,0.0
11.980075,0.37748256,0.0
27.034637,0.07972142,0.0
21.958036,0.9679795,1.0
27.038124,0.695414,0.0
27.730114,0.061905,0.0
11.624392,0.22392838,0.0
7.950748,0.65674555,1.0
2.3918617,0.5554911,0.0
18.348207,0.103192635,0.0
11.648353,0.3636338,0.0
13.9023485,0.36743906,0.0
11.01361,0.2364759,0.0
13.928175,0.76929146,1.0
13.315675,0.12037232,0.0
13.4163265,0.11872639,0.0
15.506298,0.28842652,0.0
27.11855,0.70294905,1.0
128.97864,0.9980629,1.0
7.4494705,0.22784944,0.0
19.737076,0.07634468,0.0
22.52307,0.44698253,0.0
12.891272,0.20099542,0.0
27.753494,0.0555273,0.0
6.2845106,0.7580445,0.0
19.832151,0.13481526,0.0
9.459616,0.90407735,1.0
18.177874,0.10764211,0.0
22.221212,0.43289438,0.0
11.947369,0.3557631,0.0
27.653778,0.0732418,0.0
20.81818,0.96346563,1.0
26.471134,0.6579775,0.0
28.12291,0.05900935,0.0
11.941157,0.20707348,0.0
8.403646,0.67979246,1.0
2.3524024,0.54585665,0.0
18.177874,0.107642084,0.0
11.64987,0.33841926,0.0
13.595513,0.38612282,0.0
11.397227,0.22883292,0.0
14.095802,0.7629617,1.0
14.248595,0.11071821,0.0
14.247138,0.11074463,0.0
16.01792,0.27203563,0.0
26.535488,0.666325,1.0
128.57156,0.9981061,1.0
7.311642,0.23527828,0.0
21.155704,0.063490115,0.0
22.30653,0.42974293,0.0
13.290602,0.1792302,0.0
28.341076,0.051923696,0.0
6.059676,0.7430397,0.0
19.531181,0.13915655,0.0
9.059724,0.89339966,1.0
19.175325,0.09792296,0.0
21.960182,0.3907001,0.0
11.96727,0.3490773,0.0
26.642235,0.08025815,0.0
20.108284,0.9590478,1.0
25.997746,0.6237242,0.0
25.509947,0.07563685,0.0
11.048296,0.26178545,0.0
6.7255073,0.5743854,1.0
2.2032762,0.55389947,0.0
19.175325,0.09792296,0.0
11.660549,0.33334267,0.0
13.315548,0.37210307,0.0
11.5740185,0.2175592,0.0
14.029961,0.769363,1.0
13.3101,0.1458913,0.0
15.166594,0.12383806,0.0
16.62399,0.25295976,0.0
26.047926,0.633282,1.0
127.988945,0.99803215,1.0
9.915075,0.19255692,0.0
22.187542,0.069370545,0.0
22.041073,0.38818082,0.0
11.669215,0.24233891,0.0
31.659637,0.036231585,0.0
6.0702634,0.75265294,0.0
21.461838,0.08827994,0.0
8.799853,0.89373314,1.0
18.481981,0.10854949,0.0
21.817593,0.39655033,0.0
11.781012,0.32086858,0.0
24.819702,0.09884575,0.0
15.991228,0.9289601,1.0
25.821287,0.6008897,0.0
25.462976,0.07610119,0.0
9.594263,0.2801979,0.0
6.2252803,0.5820192,1.0
5.6361217,0.5646455,0.0
18.481981,0.10854949,0.0
11.508001,0.31714454,0.0
13.057461,0.35479248,0.0
9.042518,0.27256212,0.0
13.421957,0.7630529,1.0
14.887709,0.14804427,0.0
15.803085,0.116430864,0.0
17.207233,0.24061249,0.0
25.852684,0.6105901,1.0
129.04866,0.9981415,1.0
11.987908,0.17902786,0.0
20.681719,0.07151302,0.0
21.881514,0.39440078,0.0
11.957623,0.22599232,0.0
32.749172,0.034050666,0.0
6.694158,0.7601604,0.0
20.714905,0.09421651,0.0
9.195525,0.89553374,1.0
19.294819,0.096572965,0.0
19.970285,0.40204978,0.0
11.779035,0.3424384,0.0
27.845625,0.071763374,0.0
20.009642,0.95979565,1.0
24.085663,0.54425204,0.0
25.482468,0.07425648,0.0
11.29586,0.25885567,0.0
7.06341,0.6181938,1.0
2.2962408,0.55624145,0.0
19.294819,0.096572936,0.0
11.423481,0.33666712,0.0
14.849389,0.30978692,0.0
11.154045,0.22933121,0.0
12.902316,0.7564662,1.0
13.676374,0.13922706,0.0
15.418753,0.12576336,0.0
16.586193,0.24866508,0.0
25.13242,0.50249714,1.0
126.04951,0.99784493,1.0
10.329091,0.18485993,0.0
21.56352,0.07008174,0.0
20.6691,0.34796864,0.0
11.471502,0.25359046,0.0
31.904556,0.0349286,0.0
5.8496685,0.74927014,0.0
21.144445,0.091178626,0.0
8.333389,0.86295754,1.0
20.11754,0.09128066,0.0
20.179781,0.38308057,0.0
11.547085,0.35432988,0.0
35.644127,0.040252805,0.0
19.588062,0.9593141,1.0
24.217928,0.53845686,0.0
26.36457,0.07236051,0.0
12.471745,0.23317985,0.0
10.423811,0.6743411,1.0
2.6725838,0.5132508,0.0
20.117538,0.09128066,0.0
11.202836,0.35020325,0.0
12.676263,0.40072978,0.0
12.630656,0.20215496,0.0
12.677831,0.7548341,1.0
15.621031,0.1264854,0.0
16.958973,0.11418835,0.0
17.899101,0.20329069,0.0
25.423494,0.497069,1.0
123.01226,0.9975478,1.0
13.481617,0.1641428,0.0
21.86436,0.06720537,0.0
20.848072,0.33533883,0.0
11.320922,0.26010022,0.0
32.94402,0.032614026,0.0
6.024828,0.74913,0.0
23.81906,0.0732457,0.0
11.141472,0.921179,1.0
20.004765,0.091824554,0.0
19.953161,0.39780077,0.0
11.535322,0.3637473,0.0
31.701664,0.056534097,0.0
19.354654,0.9577855,1.0
25.245586,0.5216713,0.0
25.902916,0.07350227,0.0
12.271927,0.24196452,0.0
10.2045145,0.6683577,1.0
2.523182,0.51537186,0.0
20.004765,0.09182454,0.0
11.18091,0.35548872,0.0
12.445782,0.4006661,0.0
12.705389,0.19796157,0.0
13.027285,0.75575763,1.0
15.1907625,0.13103278,0.0
16.547749,0.11903755,0.0
17.909664,0.20514785,0.0
25.114542,0.56128716,1.0
125.00572,0.9978011,1.0
13.371328,0.16420774,0.0
15.155157,0.10402996,0.0
20.206102,0.3338356,0.0
11.075549,0.2887413,0.0
33.84536,0.030569637,0.0
5.309155,0.69172174,0.0
23.461979,0.08139396,0.0
7.7661576,0.869366,1.0
19.164833,0.098444015,0.0
21.562487,0.31649113,0.0
11.513212,0.35368425,0.0
36.116844,0.03984953,0.0
14.660534,0.9188167,1.0
26.209908,0.47669068,0.0
32.508636,0.040982764,0.0
11.295671,0.21287374,0.0
11.263266,0.7054402,1.0
5.6972337,0.52737397,0.0
19.164831,0.09844405,0.0
11.269859,0.34951362,0.0
13.747648,0.32556868,0.0
10.338814,0.2764796,0.0
13.047461,0.7500997,1.0
16.759377,0.09390642,0.0
16.433859,0.096848466,0.0
17.874966,0.19502307,0.0
25.159159,0.5896285,1.0
123.02959,0.9976434,1.0
11.004368,0.18180034,0.0
20.046331,0.07627875,0.0
21.567375,0.32789966,0.0
12.995214,0.1934843,0.0
35.668114,0.027206084,0.0
6.5388074,0.7038432,0.0
23.655785,0.095588,0.0
8.436188,0.870385,1.0
20.063942,0.09139515,0.0
21.957088,0.29659685,0.0
12.016634,0.37335524,0.0
38.914455,0.032548726,0.0
19.039688,0.95714587,1.0
26.709057,0.49002922,0.0
33.353382,0.03977922,0.0
14.990423,0.16642952,0.0
12.148483,0.7076354,1.0
2.9825988,0.5092871,0.0
20.063946,0.09139513,0.0
11.758634,0.36052197,0.0
14.944321,0.3048226,0.0
12.926758,0.20086145,0.0
13.741413,0.76857936,1.0
19.50352,0.08112325,0.0
19.087265,0.084070936,0.0
18.49694,0.18169731,0.0
25.616144,0.60280335,1.0
119.804596,0.99723744,1.0
12.745384,0.16964482,0.0
21.353138,0.0660937,0.0
21.918526,0.3120848,0.0
13.360439,0.18824497,0.0
33.45054,0.03360258,0.0
5.944178,0.7095243,0.0
24.958233,0.08638514,0.0
6.020889,0.7023938,1.0
17.842009,0.10657914,0.0
19.301853,0.4750779,0.0
12.336439,0.37908342,0.0
42.72612,0.024169844,0.0
19.428246,0.9651482,1.0
26.309055,0.56544876,0.0
33.295395,0.040683962,0.0
14.598278,0.17303324,0.0
10.604292,0.6747257,1.0
8.837608,0.64718515,0.0
19.132498,0.09858279,0.0
12.095666,0.36523515,0.0
16.033083,0.2805774,0.0
13.6191845,0.18862224,0.0
13.828781,0.76936185,1.0
18.300924,0.08296828,0.0
18.078127,0.084404364,0.0
15.823128,0.26049367,0.0
25.961868,0.6002571,1.0
118.387955,0.996967,1.0
8.368373,0.24615604,0.0
21.00737,0.07035487,0.0
20.164913,0.39057904,0.0
13.431557,0.19719961,0.0
31.468365,0.043415133,0.0
1.9131589,0.3932764,0.0
25.746038,0.08040146,0.0
5.4718637,0.7224123,1.0
19.116514,0.09820199,0.0
21.095446,0.35025537,0.0
12.390928,0.35145226,0.0
41.42368,0.026441226,0.0
18.616154,0.9591478,1.0
26.346481,0.51925933,0.0
51.760586,0.0136436615,0.0
15.224137,0.16640884,0.0
10.818295,0.7142963,1.0
3.2879703,0.41726544,0.0
19.116512,0.09820199,0.0
12.147077,0.34263656,0.0
15.55475,0.28471032,0.0
12.163618,0.2162483,0.0
13.4283085,0.7585068,1.0
18.148111,0.08714049,0.0
17.883692,0.089158945,0.0
16.832996,0.22460547,0.0
25.206692,0.634331,1.0
122.83533,0.9974318,1.0
12.546936,0.16247162,0.0
21.425375,0.06660776,0.0
21.023777,0.37010437,0.0
13.573526,0.19038607,0.0
29.322475,0.064854026,0.0
1.7930853,0.43170673,0.0
31.636042,0.049663037,0.0
5.3337684,0.72777426,1.0
18.774931,0.099203765,0.0
20.66717,0.37476727,0.0
12.54063,0.3602683,0.0
42.45079,0.024146449,0.0
19.850183,0.9654821,1.0
26.127377,0.5178873,0.0
49.770798,0.015034472,0.0
15.517572,0.15821905,0.0
10.433682,0.7246876,1.0
3.2442248,0.4354844,0.0
18.774933,0.099203765,0.0
11.797916,0.30921334,0.0
14.552727,0.31885,0.0
12.33346,0.2040085,0.0
21.912487,0.7726597,1.0
17.532753,0.08620424,0.0
17.256413,0.08870301,0.0
16.376394,0.23520371,0.0
25.04767,0.6284479,1.0
120.43528,0.9968809,1.0
11.452211,0.17424479,0.0
21.836605,0.064387426,0.0
20.684048,0.39098746,0.0
13.970915,0.16469105,0.0
26.925562,0.07793692,0.0
2.0539038,0.4411891,0.0
30.061022,0.055709764,0.0
5.4324026,0.73909163,1.0
17.557846,0.11122395,0.0
20.776997,0.39985472,0.0
12.151537,0.31587753,0.0
43.673508,0.02356466,0.0
17.70528,0.95389175,1.0
25.929008,0.5128923,0.0
49.250195,0.016221551,0.0
16.152853,0.14280327,0.0
10.546845,0.75882,1.0
3.1821468,0.44581786,0.0
17.557846,0.11122395,0.0
11.940264,0.30753773,0.0
15.157661,0.3154878,0.0
11.240675,0.23804985,0.0
12.825648,0.7474141,1.0
18.676497,0.07605998,0.0
18.404987,0.07859668,0.0
15.888658,0.25818437,0.0
24.92371,0.61322665,1.0
122.03857,0.99703836,1.0
12.011572,0.16321948,0.0
22.907372,0.05656171,0.0
20.876465,0.40127057,0.0
14.275104,0.15702286,0.0
25.528519,0.09401408,0.0
1.7047175,0.44560847,0.0
31.488747,0.052401938,0.0
5.4835753,0.75951,1.0
17.923538,0.10640113,0.0
21.127121,0.3686813,0.0
12.346222,0.31489998,0.0
40.479877,0.031074734,0.0
19.142813,0.96224904,1.0
26.037544,0.5058568,0.0
47.377064,0.01788053,0.0
16.584698,0.1405755,0.0
9.399769,0.7271754,1.0
2.7951074,0.4769304,0.0
17.923534,0.10640113,0.0
12.202133,0.3125695,0.0
13.7241955,0.37787196,0.0
10.223041,0.26574785,0.0
12.831784,0.76034325,1.0
17.977556,0.07841591,0.0
17.75943,0.08058454,0.0
16.51433,0.24540378,0.0
24.955399,0.59605676,1.0
128.04242,0.9976579,1.0
11.28576,0.17176028,0.0
23.052303,0.05835962,0.0
21.110916,0.38123015,0.0
14.777393,0.15324837,0.0
23.501337,0.10758584,0.0
1.5538988,0.47484004,0.0
30.919842,0.05599303,0.0
5.294815,0.49105015,1.0
18.718023,0.09931899,0.0
21.102482,0.37155807,0.0
12.186355,0.31379008,0.0
44.244217,0.023951476,0.0
16.995605,0.95218295,1.0
25.420685,0.5184293,0.0
59.532352,0.0074189734,0.0
16.38005,0.14459765,0.0
9.493471,0.69652265,1.0
1.5889724,0.418853,0.0
18.718027,0.09931896,0.0
12.08746,0.3135594,0.0
15.404357,0.34112933,0.0
12.490297,0.2239225,0.0
12.872013,0.76201135,1.0
18.555826,0.07409046,0.0
18.342247,0.076260075,0.0
16.70512,0.24334821,0.0
24.457497,0.60499406,1.0
126.68163,0.997482,1.0
11.900114,0.16007213,0.0
22.79708,0.05986041,0.0
20.961388,0.38616112,0.0
14.600531,0.15644108,0.0
23.121166,0.12746699,0.0
1.6348118,0.4136303,0.0
41.84507,0.024391105,0.0
4.90141,0.54613364,1.0
17.61825,0.10917752,0.0
20.8209,0.4207529,0.0
12.0668545,0.32228056,0.0
46.662933,0.022095338,0.0
18.666481,0.96132517,1.0
25.52925,0.53489244,0.0
61.861076,0.006725888,0.0
16.250572,0.14288622,0.0
9.382284,0.73023206,1.0
3.1898992,0.46896785,0.0
17.618248,0.109177575,0.0
11.980677,0.31920946,0.0
16.520721,0.28018633,0.0
9.437915,0.31795195,0.0
13.036842,0.7658584,1.0
17.280886,0.08057567,0.0
17.060795,0.08299787,0.0
15.517198,0.27619207,0.0
24.601334,0.6329422,1.0
130.71344,0.99773276,1.0
10.927035,0.17253152,0.0
22.442488,0.061042693,0.0
20.73534,0.43053988,0.0
14.481186,0.15795127,0.0
25.514088,0.0962897,0.0
1.554605,0.46588996,0.0
44.740017,0.020902324,0.0
4.6545916,0.55427986,1.0
16.819572,0.118277416,0.0
21.465107,0.4066213,0.0
12.068102,0.31586653,0.0
47.36399,0.021516483,0.0
18.413597,0.9613524,1.0
25.251274,0.5896561,0.0
64.26502,0.005945258,0.0
16.597567,0.13415676,0.0
9.524341,0.7257286,1.0
2.92316,0.47767994,0.0
16.819574,0.1182774,0.0
11.991491,0.31051412,0.0
15.84504,0.31930766,0.0
8.874772,0.35880807,0.0
12.606954,0.7522287,1.0
18.195328,0.07453201,0.0
18.033947,0.07644042,0.0
15.280722,0.26932862,0.0
25.270329,0.59579706,1.0
130.08255,0.9976254,1.0
11.804308,0.15833348,0.0
22.742657,0.057951476,0.0
21.55125,0.4033959,0.0
14.705282,0.15094402,0.0
25.589916,0.094168976,0.0
1.4535623,0.4806707,0.0
45.717594,0.020397237,0.0
5.660629,0.5542422,1.0
18.77682,0.102509595,0.0
22.688707,0.37162033,0.0
12.323319,0.31560555,0.0
50.177826,0.013464906,0.0
17.215475,0.95641416,1.0
25.465744,0.5061737,0.0
66.58562,0.005141401,0.0
17.217108,0.12773114,0.0
10.131602,0.70984364,1.0
2.3022568,0.5289044,0.0
18.776825,0.10250958,0.0
12.284508,0.3086814,0.0
37.752296,0.033749294,0.0
10.1844845,0.31180254,0.0
13.00794,0.75158787,1.0
20.508644,0.061868776,0.0
20.231476,0.064088225,0.0
15.823124,0.2128861,0.0
25.459072,0.5146166,1.0
128.33774,0.9974131,1.0
13.315352,0.13781676,0.0
23.437378,0.05514156,0.0
25.482727,0.4950771,0.0
15.191951,0.14591415,0.0
57.869938,0.007877676,0.0
1.6622763,0.46219143,0.0
59.478336,0.007656623,0.0
8.376651,0.8106536,1.0
18.27496,0.107659385,0.0
23.136196,0.3440479,0.0
12.052101,0.29607937,0.0
47.870453,0.015775362,0.0
16.905415,0.9566195,1.0
25.86417,0.48547176,0.0
40.019978,0.02929527,0.0
18.85614,0.10214587,0.0
8.183928,0.62671185,1.0
2.340466,0.5425028,0.0
18.27496,0.107659385,0.0
12.013013,0.28987867,0.0
35.11986,0.04152683,0.0
9.142236,0.2988058,0.0
12.667182,0.7506154,1.0
25.384808,0.047153305,0.0
31.247139,0.0378361,0.0
16.809895,0.1825731,0.0
25.831009,0.4945992,1.0
127.953094,0.99743986,1.0
22.98047,0.069704466,0.0
26.785698,0.03910225,0.0
25.91165,0.47475782,0.0
16.188944,0.12149976,0.0
47.214,0.015508299,0.0
2.0658553,0.4544922,0.0
47.493008,0.017621147,0.0
6.1172686,0.675355,1.0
19.171255,0.095144436,0.0
22.136194,0.3480775,0.0
12.114271,0.31240967,0.0
47.510918,0.016398026,0.0
16.42905,0.95385695,1.0
25.101635,0.5586975,0.0
59.164223,0.008126696,0.0
18.618511,0.108663216,0.0
7.9799976,0.5743592,1.0
2.511662,0.5279797,0.0
19.171253,0.095144436,0.0
12.080412,0.30778864,0.0
35.291817,0.041409403,0.0
9.097519,0.30786073,0.0
12.800048,0.7524669,1.0
24.846241,0.051322926,0.0
31.209684,0.037075117,0.0
17.3079,0.20109956,0.0
25.104155,0.56451476,1.0
129.18886,0.99765366,1.0
22.40213,0.07715128,0.0
26.505848,0.041404106,0.0
22.192455,0.3459835,0.0
16.084793,0.12809059,0.0
50.69008,0.012656992,0.0
2.2430344,0.42889902,0.0
53.157387,0.0114645045,0.0
6.3870373,0.68037486,1.0
18.870073,0.096915975,0.0
21.26118,0.35144946,0.0
12.0296,0.30034706,0.0
46.23358,0.019357089,0.0
16.800896,0.9570682,1.0
25.103773,0.48956478,0.0
60.4226,0.007755471,0.0
18.751225,0.10598431,0.0
7.837347,0.574463,1.0
2.7289677,0.5415173,0.0
18.870071,0.09691599,0.0
11.991479,0.2945307,0.0
35.197777,0.04506219,0.0
8.701895,0.3291952,0.0
12.874268,0.7575153,1.0
25.159756,0.0499417,0.0
32.5825,0.033912808,0.0
16.977434,0.2108457,0.0
23.878498,0.5856752,1.0
122.97857,0.9969394,1.0
22.65193,0.07582706,0.0
26.804611,0.040317655,0.0
21.063917,0.35834742,0.0
16.112911,0.124119475,0.0
50.578228,0.013547905,0.0
2.3362763,0.42812964,0.0
53.595356,0.011615961,0.0
7.564556,0.6905155,1.0
20.395163,0.09456543,0.0
21.973866,0.35564348,0.0
12.261763,0.31294978,0.0
42.174503,0.025180181,0.0
17.04696,0.95637184,1.0
28.275341,0.3015832,0.0
56.246426,0.01035755,0.0
18.045765,0.12742135,0.0
10.092081,0.28287885,1.0
4.0545754,0.4715206,0.0
20.395164,0.094565384,0.0
12.217602,0.31378272,0.0
33.17583,0.051513836,0.0
9.214701,0.32728902,0.0
12.355983,0.75858593,1.0
24.344929,0.059535343,0.0
25.93243,0.055530176,0.0
18.44324,0.16763893,0.0
24.514038,0.5124611,1.0
123.10048,0.9968863,1.0
22.866283,0.084003784,0.0
25.528923,0.05010781,0.0
24.591263,0.49815875,0.0
16.110203,0.13341546,0.0
46.44779,0.01798621,0.0
3.951095,0.42944536,0.0
51.64574,0.013293631,0.0
7.462383,0.66075975,1.0
21.66349,0.08564959,0.0
22.109562,0.3259975,0.0
11.915255,0.30020386,0.0
41.723953,0.026847757,0.0
15.923621,0.9511537,1.0
28.142189,0.3105202,0.0
53.785793,0.012047887,0.0
18.335695,0.11760323,0.0
10.924489,0.25861725,1.0
4.279201,0.45157963,0.0
21.66349,0.0856496,0.0
11.853923,0.3013467,0.0
32.71718,0.055063598,0.0
9.985847,0.30202943,0.0
11.879624,0.75255823,1.0
25.03212,0.054134563,0.0
26.677591,0.050598253,0.0
19.559566,0.14781718,0.0
24.341446,0.4997153,1.0
119.73011,0.99639916,1.0
23.410698,0.07794857,0.0
26.317795,0.044874903,0.0
24.463186,0.48550883,0.0
16.288113,0.12194687,0.0
43.40057,0.023063637,0.0
4.274551,0.38794932,0.0
48.521282,0.016378779,0.0
6.8820715,0.60551393,1.0
22.149433,0.07919987,0.0
21.505402,0.32494798,0.0
12.222929,0.29876214,0.0
46.096348,0.018262299,0.0
15.527555,0.9472843,1.0
25.656767,0.4555499,0.0
53.518246,0.0120133255,0.0
18.808273,0.11399574,0.0
11.150087,0.24721476,1.0
4.3739924,0.404142,0.0
22.149433,0.07919987,0.0
12.154324,0.30006644,0.0
34.40171,0.04435991,0.0
10.6351,0.2819176,0.0
11.997104,0.7551863,1.0
25.677124,0.05145065,0.0
27.395313,0.047752135,0.0
19.81342,0.1609654,0.0
23.897654,0.5631385,1.0
121.735146,0.9967332,1.0
23.96508,0.0744651,0.0
26.914598,0.04288542,0.0
21.186575,0.33905146,0.0
16.668512,0.11921788,0.0
46.414913,0.017429953,0.0
4.3339534,0.37004247,0.0
49.369614,0.014908359,0.0
6.9940505,0.62912613,1.0
22.864687,0.07689527,0.0
22.733105,0.33579302,0.0
12.344488,0.29509032,0.0
45.798496,0.018241698,0.0
15.326828,0.9446851,1.0
27.799423,0.30441767,0.0
50.46172,0.014161963,0.0
18.899965,0.11686324,0.0
11.432402,0.24956454,1.0
4.664019,0.39062923,0.0
22.864687,0.07689525,0.0
12.296886,0.2984078,0.0
34.24873,0.043967303,0.0
10.8498955,0.2700731,0.0
11.988696,0.7578254,1.0
25.530804,0.054027393,0.0
27.215096,0.05034708,0.0
20.38084,0.14157608,0.0
23.529686,0.51411974,1.0
119.53674,0.99643767,1.0
23.86858,0.07831807,0.0
26.775757,0.044953104,0.0
23.59567,0.50230825,0.0
16.785906,0.12029998,0.0
42.35578,0.022915754,0.0
4.6409097,0.3585515,0.0
47.259182,0.016502447,0.0
7.6452093,0.6614547,1.0
24.638668,0.06592743,0.0
22.775337,0.32043624,0.0
11.948967,0.32250294,0.0
45.364197,0.019324342,0.0
13.196271,0.925739,1.0
27.6939,0.31287223,0.0
44.789913,0.019619519,0.0
18.181122,0.1251682,0.0
12.542187,0.21834579,1.0
5.148164,0.38171166,0.0
24.638668,0.065927446,0.0
11.949927,0.3246256,0.0
33.623783,0.048059694,0.0
11.922531,0.2351973,0.0
12.247721,0.76378447,1.0
24.418066,0.059696082,0.0
26.014252,0.05576874,0.0
21.247688,0.13172525,0.0
23.33618,0.5256457,1.0
122.45867,0.99668014,1.0
22.68876,0.087228455,0.0
25.698368,0.049612977,0.0
23.389894,0.51537275,0.0
16.268135,0.12906641,0.0
15.740706,0.21377966,0.0
5.7260103,0.33083797,0.0
40.533627,0.025184652,0.0
6.8758593,0.7056055,1.0
24.507797,0.06733397,0.0
23.005993,0.32455093,0.0
11.930315,0.31253508,0.0
45.79226,0.02046334,0.0
14.6873865,0.9414796,1.0
27.106396,0.33101323,0.0
48.99094,0.013785474,0.0
18.257946,0.12271474,0.0
10.927247,0.26857236,1.0
4.017711,0.44296712,0.0
27.819826,0.058118805,0.0
11.94821,0.3185537,0.0
45.79226,0.02046335,0.0
12.632778,0.23833902,0.0
12.207016,0.76425445,1.0
24.453674,0.05998315,0.0
26.002071,0.056729246,0.0
20.67937,0.13740881,0.0
23.078823,0.5538149,1.0
123.22134,0.9968166,1.0
22.557243,0.08965445,0.0
25.763786,0.049874175,0.0
23.098316,0.5446399,0.0
16.5774,0.12330558,0.0
38.856617,0.032975104,0.0
2.9795594,0.38574675,0.0
36.98645,0.030264782,0.0
7.8231125,0.5663836,1.0
22.135365,0.07872733,0.0
22.688446,0.34339842,0.0
12.173239,0.34097955,0.0
58.450794,0.007687375,0.0
14.470187,0.9427001,1.0
27.244366,0.33713603,0.0
46.999607,0.018791033,0.0
18.313946,0.12103245,0.0
8.834533,0.35603032,1.0
4.3400083,0.45763925,0.0
25.805946,0.06795064,0.0
11.726048,0.30160433,0.0
46.98114,0.019082462,0.0
12.9445,0.24611805,0.0
21.125738,0.8139806,1.0
24.3392,0.060758725,0.0
25.861765,0.057571635,0.0
18.739492,0.15635937,0.0
23.30436,0.55975795,1.0
121.57304,0.9966497,1.0
22.105518,0.09420487,0.0
25.616451,0.050688762,0.0
23.331083,0.5490696,0.0
16.720324,0.11499698,0.0
41.10714,0.030029304,0.0
4.1334987,0.34988183,0.0
40.872105,0.024550976,0.0
6.4911265,0.83280236,1.0
19.198427,0.09465586,0.0
21.78877,0.4051294,0.0
11.909538,0.35225087,0.0
46.6387,0.020032693,0.0
19.144615,0.9660908,1.0
26.487171,0.3485987,0.0
55.568108,0.00938131,0.0
18.440067,0.11271078,0.0
12.76629,0.77452505,1.0
2.9739182,0.5367439,0.0
24.512383,0.07504319,0.0
11.414719,0.31133726,0.0
46.638695,0.020032696,0.0
11.448548,0.30298114,0.0
20.799707,0.8115675,1.0
23.334312,0.06380839,0.0
18.895048,0.0667072,0.0
15.284514,0.21548277,0.0
22.800194,0.59003127,1.0
122.24432,0.9965239,1.0
13.728274,0.12155162,0.0
24.630281,0.05351187,0.0
22.785532,0.581464,0.0
21.768812,0.050096635,0.0
43.621254,0.023900451,0.0
2.7724462,0.42748415,0.0
42.091515,0.021335438,0.0
7.4274535,0.8337167,1.0
19.887604,0.09754113,0.0
21.636337,0.44394702,0.0
11.782156,0.34731254,0.0
47.685493,0.0189295,0.0
18.968273,0.9661112,1.0
26.08806,0.340568,0.0
53.785225,0.010299717,0.0
18.551472,0.109737724,0.0
13.471486,0.8066784,1.0
4.232918,0.49127182,0.0
23.295656,0.08567713,0.0
11.267426,0.2994825,0.0
47.685493,0.018929506,0.0
11.044636,0.31910142,0.0
20.692905,0.79768664,1.0
24.091528,0.0584185,0.0
26.046703,0.053341404,0.0
16.355913,0.20445658,0.0
22.772318,0.58061475,1.0
123.79322,0.99676204,1.0
16.843277,0.10175178,0.0
25.05548,0.0503606,0.0
22.753618,0.57194144,0.0
21.263575,0.050518427,0.0
42.19299,0.026955402,0.0
3.5174143,0.41872442,0.0
39.807858,0.02491692,0.0
6.1104507,0.7026436,1.0
17.721724,0.108660534,0.0
21.910652,0.45054117,0.0
12.559925,0.33060378,0.0
46.08467,0.02094716,0.0
18.939838,0.9657071,1.0
26.231844,0.3469776,0.0
52.018616,0.011592816,0.0
19.29892,0.09699146,0.0
11.724352,0.79517365,1.0
3.03444,0.55038816,0.0
22.634811,0.08858401,0.0
12.312183,0.27739593,0.0
46.08467,0.02094716,0.0
10.722169,0.32137346,0.0
20.601723,0.79934883,1.0
23.084383,0.06153196,0.0
18.963593,0.06405115,0.0
14.897591,0.22299168,0.0
22.91241,0.5847641,1.0
119.60754,0.99598384,1.0
9.562346,0.19197609,0.0
26.258732,0.045040186,0.0
22.889982,0.5758603,0.0
16.576721,0.11287699,0.0
42.03997,0.02737113,0.0
2.5257838,0.44677117,0.0
39.88257,0.024663405,0.0
6.194086,0.7030285,1.0
17.335787,0.11328527,0.0
22.37695,0.46375898,0.0
12.751806,0.29269093,0.0
49.18798,0.016102158,0.0
18.641916,0.9638981,1.0
26.333523,0.35278356,0.0
51.081364,0.011575562,0.0
19.807703,0.090286046,0.0
12.034233,0.8037239,1.0
2.9900131,0.5354128,0.0
22.35093,0.092111245,0.0
12.649349,0.24085313,0.0
49.18798,0.016102158,0.0
10.804456,0.31595623,0.0
20.622684,0.80393606,1.0
23.738468,0.05715551,0.0
19.011005,0.0642714,0.0
14.967974,0.22064322,0.0
22.96401,0.58535373,1.0
116.32131,0.99538136,1.0
9.8910885,0.1879272,0.0
26.816517,0.042361747,0.0
22.94227,0.57644236,0.0
17.002028,0.10390367,0.0
42.481525,0.025132144,0.0
2.467944,0.44497645,0.0
39.508972,0.023711963,0.0
8.011387,0.82515043,1.0
20.606043,0.09184355,0.0
23.001871,0.4178259,0.0
12.677967,0.30884683,0.0
45.30855,0.023351874,0.0
16.977165,0.95110863,1.0
26.19857,0.39500406,0.0
47.779156,0.014571701,0.0
18.892017,0.10474803,0.0
11.027131,0.6661283,1.0
3.9665108,0.5727944,0.0
24.301529,0.079203315,0.0
12.511518,0.2585802,0.0
45.308548,0.023351874,0.0
11.895576,0.29725406,0.0
20.532616,0.80730295,1.0
23.171034,0.062537335,0.0
24.590286,0.058926575,0.0
17.837063,0.17186531,0.0
22.914537,0.60268486,1.0
116.31714,0.9950075,1.0
13.309327,0.14646198,0.0
26.258795,0.046326343,0.0
22.91191,0.59290355,0.0
16.828712,0.10925998,0.0
37.807217,0.04010686,0.0
4.234639,0.5914405,0.0
35.88312,0.032151163,0.0
8.190874,0.8340616,1.0
20.42472,0.08893146,0.0
20.797665,0.4265299,0.0
12.402524,0.32125336,0.0
47.18323,0.020388598,0.0
17.59809,0.9546521,1.0
23.303797,0.5296621,0.0
44.834507,0.018082108,0.0
18.51363,0.10573242,0.0
10.508836,0.6414373,1.0
3.8994539,0.5885847,0.0
24.127926,0.075834565,0.0
12.2129,0.26922208,0.0
47.18323,0.020388598,0.0
11.815496,0.2998694,0.0
20.103603,0.7977965,1.0
22.627464,0.06504223,0.0
24.093273,0.061024547,0.0
17.710018,0.19796179,0.0
21.95547,0.62339514,1.0
122.313126,0.9959556,1.0
12.509195,0.15479726,0.0
25.69052,0.047868595,0.0
20.545818,0.43225142,0.0
16.458141,0.11160213,0.0
37.121407,0.043224927,0.0
4.419903,0.6349654,0.0
34.963745,0.034865953,0.0
9.425974,0.90990025,1.0
27.678837,0.057574477,0.0
21.12851,0.3806822,0.0
12.667668,0.3062229,0.0
46.187984,0.022844005,0.0
20.207733,0.9644819,1.0
23.1232,0.52740926,0.0
44.586994,0.018504646,0.0
19.063677,0.10202334,0.0
11.382512,0.79217404,1.0
3.0644915,0.6169335,0.0
27.678837,0.057574492,0.0
12.492215,0.2608211,0.0
46.187992,0.022844005,0.0
13.563616,0.2592294,0.0
19.698868,0.7953896,1.0
22.341072,0.06943029,0.0
13.84314,0.13826683,0.0
17.677675,0.18853706,0.0
21.921202,0.6241669,1.0
123.36663,0.9962974,1.0
8.846426,0.30571502,0.0
25.445055,0.05064665,0.0
20.766472,0.3863459,0.0
19.011204,0.06415309,0.0
34.731487,0.057374045,0.0
4.786181,0.70451075,0.0
34.724552,0.03505008,0.0
9.563846,0.8924687,1.0
21.77985,0.07719188,0.0
23.533772,0.36942217,0.0
12.859222,0.29064158,0.0
48.11326,0.020845566,0.0
16.035398,0.93297464,1.0
25.774616,0.3833405,0.0
36.199005,0.031045789,0.0
19.333385,0.100461744,0.0
12.443403,0.70718014,1.0
4.2876167,0.5534578,0.0
27.62301,0.059959017,0.0
12.723021,0.24900979,0.0
48.113255,0.020845566,0.0
13.991824,0.2388447,0.0
20.870232,0.82597214,1.0
22.570562,0.06782625,0.0
17.925318,0.07440032,0.0
18.197636,0.15758537,0.0
22.492157,0.5939588,1.0
127.01322,0.9967507,1.0
9.590128,0.2065257,0.0
25.789062,0.04902545,0.0
22.482546,0.5854253,0.0
19.057121,0.06432211,0.0
15.179119,0.47756878,0.0
9.352027,0.31735063,0.0
28.526672,0.056118798,0.0
9.114866,0.87014705,1.0
21.32645,0.08605925,0.0
22.56819,0.43490276,0.0
13.25095,0.30460116,0.0
50.448418,0.016745575,0.0
21.096277,0.9629425,1.0
25.59869,0.37053674,0.0
38.39237,0.026072022,0.0
18.539513,0.10898908,0.0
10.717489,0.6469394,1.0
5.3598666,0.50761795,0.0
25.24584,0.07264861,0.0
13.188207,0.26283434,0.0
50.448418,0.016745575,0.0
12.853665,0.25980592,0.0
20.659084,0.82471204,1.0
22.274448,0.06929426,0.0
24.28025,0.06250077,0.0
17.601362,0.17509736,0.0
22.100111,0.5742822,1.0
126.22245,0.9966478,1.0
13.601531,0.13835792,0.0
25.184202,0.05143647,0.0
22.100286,0.5667261,0.0
19.910074,0.05876987,0.0
14.394788,0.43252915,0.0
17.241228,0.12448964,0.0
29.991907,0.049250975,0.0
9.003481,0.8739057,1.0
21.183533,0.08670642,0.0
22.361408,0.45007396,0.0
13.132502,0.2504717,0.0
47.004375,0.022086017,0.0
16.183773,0.93341875,1.0
25.453815,0.35942188,0.0
38.736168,0.026204197,0.0
19.23277,0.100716546,0.0
10.411267,0.6376925,1.0
4.7742586,0.5175139,0.0
24.852694,0.07437482,0.0
13.155496,0.2141042,0.0
47.004375,0.022086017,0.0
12.4176035,0.27342746,0.0
20.751905,0.83187383,1.0
23.178337,0.06337567,0.0
25.256159,0.05696181,0.0
17.282206,0.18281744,0.0
22.138659,0.58230484,1.0
125.913635,0.99660945,1.0
14.653648,0.12513596,0.0
26.199793,0.046816595,0.0
22.121887,0.5752648,0.0
19.31976,0.06124426,0.0
15.067222,0.4661945,0.0
9.909345,0.29438132,0.0
30.2677,0.048796292,0.0
9.452088,0.88158894,1.0
21.504635,0.08491992,0.0
22.261486,0.44437513,0.0
13.689689,0.27622986,0.0
47.194077,0.022244528,0.0
21.328127,0.96260667,1.0
25.074085,0.3566143,0.0
37.97958,0.027538627,0.0
19.413567,0.09910306,0.0
10.428775,0.63138896,1.0
5.0933247,0.53959113,0.0
25.454746,0.07201527,0.0
13.717924,0.24056955,0.0
47.194077,0.022244528,0.0
12.915918,0.26125482,0.0
20.524475,0.8257727,1.0
23.222107,0.0625152,0.0
25.4189,0.055227257,0.0
17.457693,0.18118754,0.0
21.58012,0.5707993,1.0
125.67911,0.9965616,1.0
14.288605,0.1326332,0.0
26.393805,0.04565459,0.0
21.561634,0.56556165,0.0
20.753487,0.054066647,0.0
14.400432,0.4844035,0.0
17.104229,0.12606601,0.0
29.414125,0.053027377,0.0
28.75317,0.38655415,0.0
9.425843,0.33027136,1.0
9.932708,0.12008932,0.0
30.228954,0.46579757,0.0
10.006478,0.127015,0.0
7.0663586,0.18000926,0.0
8.312406,0.17021103,0.0
5.1093507,0.34061873,0.0
22.541138,0.49740064,1.0
9.770702,0.66822654,0.0
10.099657,0.23581713,0.0
17.069893,0.17923453,0.0
7.6777987,0.19589269,0.0
5.056024,0.32430455,0.0
4.8642855,0.273415,1.0
8.715087,0.13322006,0.0
31.298695,0.044789355,0.0
15.451235,0.36885825,0.0
4.8978553,0.33210328,1.0
5.3060474,0.40953752,0.0
4.303633,0.33395976,1.0
7.2489467,0.52321607,0.0
11.765987,0.10931951,0.0
17.944845,0.5822144,1.0
18.082209,0.058386948,0.0
21.26022,0.13014357,0.0
8.507353,0.12000644,0.0
10.17487,0.095301,0.0
30.308151,0.26931584,0.0
8.224855,0.37595874,1.0
11.565589,0.10050406,0.0
30.02274,0.5350456,0.0
8.449164,0.17202371,0.0
4.9323645,0.24676226,0.0
8.38664,0.17156172,0.0
4.470139,0.41276312,0.0
22.257454,0.53322566,1.0
11.648166,0.5681167,0.0
12.543937,0.19293596,0.0
18.06439,0.1582886,0.0
6.8701563,0.23138064,0.0
5.3310223,0.26570553,0.0
7.182341,0.20854485,1.0
5.4542665,0.22855638,0.0
33.16175,0.036998156,0.0
15.516983,0.37884504,0.0
5.1023116,0.3723448,1.0
5.625251,0.45085743,0.0
4.091602,0.33159286,1.0
6.9321423,0.46322617,0.0
12.645899,0.106375225,0.0
17.517223,0.5462827,1.0
21.05836,0.044578623,0.0
20.351004,0.1320966,0.0
7.717383,0.13810255,0.0
9.552238,0.105266795,0.0
28.15551,0.3819096,0.0
8.958132,0.36738566,1.0
10.18687,0.12261541,0.0
29.297049,0.5590944,0.0
11.658783,0.12912032,0.0
6.0850377,0.23043342,0.0
8.842893,0.17322592,0.0
4.579303,0.38767308,0.0
22.153942,0.5524394,1.0
12.459292,0.6018303,0.0
10.037886,0.25565508,0.0
16.326511,0.20483209,0.0
6.914948,0.24749777,0.0
5.139906,0.27735355,0.0
7.3907223,0.20876303,1.0
8.402167,0.14807166,0.0
30.53379,0.05197282,0.0
15.837916,0.3440421,0.0
5.2818184,0.369192,1.0
5.3397927,0.41212985,0.0
3.9510312,0.36203605,1.0
8.298021,0.6657706,0.0
11.708252,0.119350225,0.0
17.41865,0.60126793,1.0
10.501633,0.11401722,0.0
19.98947,0.14422585,0.0
3.8769362,0.33061096,0.0
5.5875645,0.25180846,0.0
29.20929,0.3005398,0.0
8.949628,0.3602624,1.0
9.458332,0.13602385,0.0
28.792137,0.57127285,0.0
11.59597,0.11422969,0.0
6.6001525,0.18710567,0.0
10.231831,0.14387356,0.0
5.2627378,0.35675243,0.0
22.228125,0.54361296,1.0
12.409099,0.5843264,0.0
10.724688,0.2785717,0.0
17.307463,0.1835816,0.0
5.443908,0.32641605,0.0
5.024879,0.32656664,0.0
8.599562,0.1949655,1.0
8.252466,0.13813771,0.0
31.95795,0.044586882,0.0
16.665472,0.31817287,0.0
5.10881,0.44842646,1.0
5.448059,0.4225191,0.0
4.169688,0.40497804,1.0
8.452879,0.6667453,0.0
11.550365,0.14637369,0.0
16.582418,0.52577865,1.0
9.928871,0.123617396,0.0
20.164637,0.13616642,0.0
4.4671917,0.3038817,0.0
11.530255,0.077134684,0.0
25.950377,0.32116392,0.0
8.903861,0.51245093,1.0
10.165371,0.1308263,0.0
29.097887,0.6685444,0.0
11.892757,0.13350369,0.0
2.4455113,0.45163932,0.0
8.804253,0.1892937,0.0
6.1412153,0.3211312,0.0
21.996414,0.61835814,1.0
11.392576,0.59036875,0.0
9.988145,0.31140625,0.0
15.616684,0.24101472,0.0
4.8902435,0.39515278,0.0
4.8048105,0.41746268,0.0
8.592805,0.20602776,1.0
4.3945446,0.2500375,0.0
26.392399,0.08524482,0.0
16.50756,0.39868012,0.0
9.243912,0.7216813,1.0
5.2242,0.48971286,0.0
4.1993113,0.5444383,1.0
10.59256,0.7388805,0.0
10.107063,0.123917766,0.0
14.683283,0.64142007,1.0
10.730911,0.11750528,0.0
16.09101,0.279927,0.0
3.7244217,0.39377022,0.0
5.541725,0.26079294,0.0
29.158234,0.18207948,0.0
7.6140366,0.50933075,1.0
11.21722,0.113253124,0.0
29.289675,0.72461224,0.0
10.657974,0.13595514,0.0
4.354698,0.2433771,0.0
10.114315,0.15856262,0.0
5.647573,0.29553905,0.0
22.445065,0.66830605,1.0
11.4484625,0.5872935,0.0
10.061752,0.30011398,0.0
16.402834,0.21736316,0.0
4.577155,0.3971388,0.0
4.595954,0.39373302,0.0
10.054766,0.17521638,1.0
8.756378,0.11550308,0.0
33.248837,0.040386334,0.0
17.796616,0.3932248,0.0
9.156752,0.71668756,1.0
5.0878296,0.4952948,0.0
3.6648338,0.5045313,1.0
8.518192,0.7195838,0.0
10.247288,0.15464227,0.0
13.653433,0.54406357,1.0
12.327389,0.094305106,0.0
18.805185,0.17096601,0.0
3.6111064,0.37665376,0.0
10.507766,0.09054791,0.0
29.816208,0.16825156,0.0
7.115459,0.44393122,1.0
3.0761714,0.6576775,0.0
30.565638,0.74710864,0.0
12.093205,0.11819425,0.0
10.889918,0.08847714,0.0
7.8428316,0.22550948,0.0
6.4175763,0.2226895,0.0
25.292767,0.75018936,1.0
12.005766,0.49867025,0.0
9.874849,0.28203115,0.0
15.803404,0.24212448,0.0
5.0338697,0.3239303,0.0
4.5145125,0.39673343,0.0
5.3034835,0.7689359,1.0
10.07152,0.09559771,0.0
33.90701,0.03526806,0.0
19.84805,0.37498045,0.0
7.7824416,0.6608228,1.0
5.0040507,0.50238496,0.0
3.6032147,0.386435,1.0
8.985721,0.65036106,0.0
11.390362,0.21343838,0.0
14.849449,0.4532371,1.0
2.1769845,0.53903013,0.0
20.38978,0.13135006,0.0
3.8552058,0.32108393,0.0
9.513149,0.100089915,0.0
27.248985,0.22033902,0.0
6.8497047,0.5125843,1.0
3.4407432,0.41158864,0.0
31.573391,0.8123042,0.0
9.568802,0.16306962,0.0
8.630557,0.12495597,0.0
6.712296,0.30369574,0.0
5.6260576,0.27385017,0.0
27.233105,0.8525878,1.0
11.26984,0.62579435,0.0
13.908259,0.2616783,0.0
15.935654,0.24814549,0.0
5.147572,0.31235647,0.0
4.512743,0.37598974,0.0
4.213212,0.7480958,1.0
6.1307015,0.16206828,0.0
30.108482,0.054415766,0.0
19.923386,0.39532655,0.0
5.1059446,0.5716588,1.0
5.3209906,0.46328965,0.0
3.6335888,0.40298337,1.0
9.341861,0.72157466,0.0
11.762569,0.20532542,0.0
15.08416,0.45865092,1.0
3.4650452,0.34068862,0.0
19.527327,0.16075519,0.0
3.6678019,0.3576449,0.0
7.3753104,0.14301386,0.0
25.164476,0.24123457,0.0
8.399079,0.40612164,1.0
5.9936447,0.23867176,0.0
31.383617,0.7679518,0.0
9.843671,0.18356618,0.0
8.839992,0.18684816,0.0
7.828508,0.24172178,0.0
6.9019284,0.23899049,0.0
26.292473,0.81744826,1.0
10.648431,0.56851685,0.0
14.291546,0.32896918,0.0
15.115686,0.30256316,0.0
5.5645943,0.41337863,0.0
4.5369,0.4011143,0.0
1.5291115,0.5541359,1.0
7.9206867,0.1329629,0.0
29.907236,0.04581548,0.0
19.438622,0.38239786,0.0
7.2699356,0.576971,1.0
4.877934,0.4522376,0.0
3.4602046,0.4885993,1.0
8.965368,0.39649943,0.0
10.3423605,0.17829199,0.0
12.290355,0.64895886,1.0
7.51276,0.17637734,0.0
16.09014,0.18891725,0.0
3.9078531,0.34127885,0.0
7.1114936,0.16874807,0.0
28.171398,0.22609214,0.0
9.361233,0.39547426,1.0
10.091422,0.14181417,0.0
31.696308,0.7949923,0.0
9.311558,0.19726273,0.0
12.6907215,0.12222447,0.0
7.2051754,0.34031925,0.0
7.0868855,0.25332987,0.0
26.943352,0.85502297,1.0
11.44605,0.52312404,0.0
15.613211,0.24593307,0.0
15.982246,0.26338932,0.0
6.5236597,0.34899205,0.0
4.766135,0.44030887,0.0
1.6504589,0.50531495,1.0
8.308459,0.1602188,0.0
31.553743,0.048322443,0.0
19.415974,0.37900582,0.0
4.6686134,0.35777456,1.0
5.48916,0.36643976,0.0
3.9238062,0.54311514,1.0
11.625024,0.22499473,0.0
11.018518,0.15912779,0.0
13.435755,0.6255045,1.0
11.358434,0.1128245,0.0
18.076727,0.17929098,0.0
4.174955,0.3411773,0.0
7.325678,0.17216636,0.0
24.042875,0.39048788,0.0
8.139178,0.4995054,1.0
10.285555,0.14563213,0.0
32.046555,0.82841736,0.0
7.7320886,0.21296634,0.0
7.1630816,0.3337292,0.0
7.792494,0.33215573,0.0
6.7775064,0.27564162,0.0
27.348864,0.87147677,1.0
11.310023,0.5805139,0.0
14.190104,0.20377696,0.0
16.490585,0.18957905,0.0
6.8347397,0.26453945,0.0
5.1406083,0.4460841,0.0
1.6516244,0.46159863,1.0
7.1223316,0.33789596,0.0
30.525656,0.040797856,0.0
20.245619,0.38438094,0.0
5.019156,0.4484415,1.0
5.5097375,0.42389083,0.0
4.3873053,0.5317647,1.0
9.599301,0.2986837,0.0
10.738718,0.10227629,0.0
13.426231,0.7209584,1.0
11.725208,0.11802523,0.0
15.762754,0.25143468,0.0
5.0314574,0.29405642,0.0
9.485757,0.10464249,0.0
23.604683,0.3020866,0.0
6.8868237,0.5848823,1.0
6.328871,0.26184124,0.0
31.602386,0.8129932,0.0
9.609712,0.1336289,0.0
3.059001,0.34878355,0.0
6.0955114,0.408105,0.0
5.603364,0.37387395,0.0
26.775217,0.8617721,1.0
12.347016,0.68411505,0.0
16.138926,0.19699807,0.0
16.867928,0.19056454,0.0
6.051125,0.3952072,0.0
5.0423326,0.3980131,0.0
1.2926338,0.6400772,1.0
2.9987407,0.3549781,0.0
27.996517,0.044768177,0.0
19.390808,0.41049394,0.0
4.833212,0.36334485,1.0
5.309494,0.3395248,0.0
4.2598577,0.48980716,1.0
8.017661,0.3797976,0.0
11.895155,0.086269654,0.0
14.280478,0.7261789,1.0
7.3527217,0.2582947,0.0
14.765457,0.28318742,0.0
4.672461,0.31638378,0.0
6.7254896,0.16405822,0.0
26.02079,0.22311328,0.0
6.724372,0.3977123,1.0
7.394348,0.21231076,0.0
31.689646,0.81357795,0.0
9.297323,0.20904821,0.0
6.275006,0.28065547,0.0
6.8409777,0.38004008,0.0
6.6059804,0.19168921,0.0
27.645147,0.8810504,1.0
20.264385,0.22644436,0.0
15.354893,0.18491463,0.0
16.289593,0.18339474,0.0
5.7820187,0.33302233,0.0
6.3488426,0.2508544,0.0
2.1350005,0.50718427,1.0
6.200036,0.28564942,0.0
27.740229,0.067554064,0.0
19.59508,0.4103432,0.0
6.910248,0.38659412,1.0
5.299263,0.30993542,0.0
4.6433816,0.40447286,1.0
13.865446,0.18584292,0.0
12.157095,0.08206037,0.0
14.702726,0.5931026,1.0
8.39106,0.17717236,0.0
17.558884,0.20620753,0.0
5.34276,0.23891689,0.0
5.365501,0.2048711,0.0
25.710205,0.21587291,0.0
6.6737022,0.36676097,1.0
5.775629,0.25535998,0.0
31.816706,0.7593131,0.0
11.39824,0.20830138,0.0
4.141919,0.2955555,0.0
10.004857,0.20113905,0.0
7.6724358,0.15866826,0.0
28.57827,0.8213162,1.0
29.210897,0.07895896,0.0
17.125519,0.17344116,0.0
14.87648,0.28390282,0.0
5.442744,0.31422228,0.0
7.214757,0.18585978,0.0
1.6268224,0.48647904,1.0
4.7412343,0.33033046,0.0
26.82697,0.0724718,0.0
22.197796,0.28877515,0.0
7.0796075,0.2390114,1.0
5.4837503,0.2949816,0.0
4.99542,0.53143364,1.0
17.556837,0.13167034,0.0
15.470961,0.10346518,0.0
14.458619,0.5504129,1.0
7.040631,0.20133774,0.0
17.713505,0.17843148,0.0
5.7805634,0.2244666,0.0
5.0734677,0.26873744,0.0
22.863403,0.315491,0.0
6.137674,0.45233014,1.0
11.24542,0.1315694,0.0
50.215256,0.055395212,0.0
8.922305,0.17410274,0.0
4.783943,0.35626093,0.0
10.190617,0.29757977,0.0
4.63908,0.291015,0.0
21.619184,0.34872112,1.0
20.851131,0.21609306,0.0
16.507814,0.17600487,0.0
16.798824,0.18326645,0.0
4.679988,0.40142965,0.0
4.374967,0.42370003,0.0
1.5240102,0.44110346,1.0
4.7276726,0.36233327,0.0
25.489422,0.062453736,0.0
21.619184,0.34872112,0.0
5.267824,0.24386819,1.0
4.7504897,0.33797443,0.0
4.4094005,0.531052,1.0
14.2055645,0.17026445,0.0
12.645449,0.10305023,0.0
14.587469,0.64215136,1.0
11.614115,0.12266394,0.0
16.214905,0.24267565,0.0
3.6428516,0.38680956,0.0
4.9427357,0.2199072,0.0
23.443916,0.29494092,0.0
5.7551627,0.45677623,1.0
8.700957,0.1756991,0.0
48.29408,0.06635281,0.0
10.726208,0.12987073,0.0
3.7102675,0.27062723,0.0
8.753881,0.38997868,0.0
5.6837115,0.22179241,0.0
19.973572,0.39453596,1.0
29.874836,0.08671075,0.0
17.458893,0.14698373,0.0
17.25382,0.16719346,0.0
5.8626685,0.31535932,0.0
6.196617,0.28388983,0.0
1.866974,0.60000736,1.0
3.7699974,0.26462445,0.0
22.980236,0.10124311,0.0
19.973572,0.39453596,0.0
8.226966,0.20243496,1.0
5.1069136,0.3283725,0.0
4.773088,0.4296895,1.0
13.047373,0.3037183,0.0
16.233969,0.10647995,0.0
14.975779,0.55748814,1.0
7.935251,0.1893244,0.0
14.802173,0.26094508,0.0
3.97142,0.30319715,0.0
3.9955373,0.27353504,0.0
21.387316,0.30003148,0.0
7.263641,0.73892164,1.0
3.5676618,0.4124606,0.0
46.744343,0.0747537,0.0
10.581964,0.12151908,0.0
2.9003253,0.28240716,0.0
8.145452,0.24945372,0.0
5.4637966,0.25533313,0.0
22.607883,0.35364103,1.0
22.092813,0.18924814,0.0
16.046387,0.17596574,0.0
16.053474,0.1934472,0.0
4.876462,0.39691165,0.0
5.339323,0.4683915,0.0
1.8336712,0.71459633,1.0
2.8319378,0.28675485,0.0
24.38576,0.050966747,0.0
22.607883,0.35364106,0.0
4.7820873,0.28002134,1.0
4.8894744,0.38906494,0.0
4.7439303,0.5528215,1.0
13.023136,0.51627177,0.0
11.835148,0.11420515,0.0
13.086432,0.39796022,1.0
3.4775188,0.38309103,0.0
18.535402,0.147126,0.0
3.622843,0.34466594,0.0
4.320289,0.2495331,0.0
22.507458,0.29166934,0.0
7.464776,0.73272896,1.0
3.0173414,0.46467197,0.0
50.91153,0.04545476,0.0
11.906406,0.10426493,0.0
3.5793045,0.2472562,0.0
7.491582,0.278822,0.0
5.8111362,0.23962851,0.0
21.517025,0.37953869,1.0
22.358482,0.20194477,0.0
17.295315,0.14929815,0.0
16.929796,0.16917896,0.0
4.7331133,0.41961813,0.0
5.6247025,0.4828623,0.0
1.7459987,0.707552,1.0
3.5388331,0.2448749,0.0
24.240425,0.05246875,0.0
21.517025,0.37953869,0.0
4.89907,0.2882183,1.0
4.9416533,0.4111986,0.0
5.084829,0.5701198,1.0
13.420307,0.5483016,0.0
12.9143,0.10102806,0.0
13.803302,0.40094963,1.0
2.7800064,0.42234918,0.0
17.908588,0.20611839,0.0
3.8451173,0.3271802,0.0
4.1758194,0.2615382,0.0
21.473322,0.32365054,0.0
7.7805862,0.7950869,1.0
3.1202364,0.44016814,0.0
48.831787,0.05402151,0.0
12.662856,0.09254198,0.0
2.1383438,0.35017303,0.0
7.483437,0.2684865,0.0
5.2194524,0.2595083,0.0
22.066214,0.39026922,1.0
17.440277,0.3031908,0.0
17.781872,0.14033324,0.0
17.48323,0.16096959,0.0
4.7595744,0.4182889,0.0
5.6940923,0.40550953,0.0
1.4632843,0.6665242,1.0
3.643015,0.24067302,0.0
22.905941,0.060488116,0.0
22.066214,0.39026925,0.0
5.780453,0.22243963,1.0
4.7934294,0.3795713,0.0
4.7026734,0.5297051,1.0
9.414416,0.3349375,0.0
14.109318,0.082885936,0.0
11.853083,0.5302744,1.0
3.1135886,0.39516726,0.0
16.585144,0.24534522,0.0
3.5102422,0.34580654,0.0
5.2290215,0.19165497,0.0
20.904097,0.40343586,0.0
7.537163,0.79966104,1.0
3.0936441,0.44163167,0.0
31.250921,0.68029934,0.0
8.195557,0.13879883,0.0
2.5031958,0.3292051,0.0
7.7695913,0.21531406,0.0
5.1808248,0.24679774,0.0
27.491262,0.7678465,1.0
16.820915,0.31076008,0.0
17.941952,0.114555866,0.0
13.074778,0.16831206,0.0
4.229683,0.42756006,0.0
4.4506726,0.5061189,0.0
1.2364306,0.6168604,1.0
2.572072,0.32608575,0.0
18.980198,0.07540318,0.0
21.377396,0.32667965,0.0
6.9133477,0.16122897,1.0
4.4688554,0.37722936,0.0
4.7182918,0.5838548,1.0
10.115558,0.2529222,0.0
14.422235,0.07639303,0.0
11.790979,0.54413635,1.0
2.6550646,0.4513075,0.0
16.418585,0.40353873,0.0
4.148524,0.33885267,0.0
4.0436697,0.30032274,0.0
19.379536,0.45746875,0.0
6.3544035,0.69871426,1.0
8.781346,0.14752214,0.0
31.020271,0.64686936,0.0
10.142412,0.10540923,0.0
2.4166856,0.36249092,0.0
10.4068365,0.15037902,0.0
6.407398,0.20566154,0.0
27.117098,0.7376818,1.0
16.8199,0.32578698,0.0
17.232693,0.1212448,0.0
12.869362,0.17273206,0.0
4.8412166,0.3871525,0.0
4.6498675,0.50202644,0.0
4.3639994,0.26183057,1.0
3.5960572,0.27781448,0.0
21.108812,0.060388785,0.0
20.787113,0.28818876,0.0
5.2684298,0.24611796,1.0
4.2949576,0.40282932,0.0
4.868206,0.5728452,1.0
9.208257,0.44043714,0.0
14.539918,0.063326865,0.0
10.417397,0.43021584,1.0
7.9910965,0.1690053,0.0
14.372729,0.33466658,0.0
4.6702523,0.29505423,0.0
4.227409,0.29693368,0.0
21.788712,0.34879678,0.0
6.823942,0.6215702,1.0
4.7161574,0.3168008,0.0
31.723722,0.63777775,0.0
14.5702095,0.07319373,0.0
2.952644,0.26584786,0.0
8.206619,0.20126612,0.0
7.054106,0.18558413,0.0
27.188656,0.72829133,1.0
14.812251,0.34730324,0.0
16.512924,0.13213564,0.0
16.267097,0.17608684,0.0
4.926677,0.39819708,0.0
5.4952035,0.36329287,0.0
1.1209491,0.5461014,1.0
2.9350047,0.2667205,0.0
28.578375,0.036713928,0.0
20.163042,0.27840698,0.0
5.009538,0.26593414,1.0
4.116609,0.4184947,0.0
4.5921764,0.5263155,1.0
12.4478855,0.21044962,0.0
13.235502,0.07428813,0.0
11.030601,0.40832263,1.0
6.2362113,0.23631404,0.0
16.107388,0.28520355,0.0
4.864965,0.26002485,0.0
4.668842,0.24913718,0.0
22.380056,0.31606123,0.0
6.8563952,0.60963714,1.0
4.669771,0.31111625,0.0
46.895653,0.067863464,0.0
14.769534,0.071733996,0.0
3.153607,0.25384602,0.0
9.772964,0.1720822,0.0
7.8758254,0.16093846,0.0
21.937515,0.32512558,1.0
15.113981,0.34478325,0.0
12.976956,0.15988424,0.0
15.948736,0.18769877,0.0
4.881296,0.3993214,0.0
5.5500264,0.34524614,0.0
1.1801794,0.50166154,1.0
2.551577,0.2949354,0.0
30.288013,0.0314477,0.0
21.937515,0.32512558,0.0
4.481256,0.3764967,1.0
4.181412,0.423025,0.0
4.5734625,0.50142133,1.0
13.551675,0.18096684,0.0
12.63324,0.08428926,0.0
11.36468,0.39204255,1.0
6.8737097,0.21279828,0.0
16.662127,0.26611516,0.0
5.4082303,0.2301145,0.0
5.0321608,0.23080985,0.0
23.263775,0.23523661,0.0
6.6179476,0.49322116,1.0
11.662943,0.10232761,0.0
43.65284,0.0852714,0.0
14.07255,0.087766826,0.0
4.932291,0.22118002,0.0
12.501382,0.12973326,0.0
7.757504,0.16293082,0.0
23.215132,0.3244669,1.0
18.302597,0.21543927,0.0
13.176819,0.15773965,0.0
16.149902,0.18780741,0.0
5.7060475,0.3296939,0.0
7.069867,0.22039218,0.0
5.1163597,0.2142921,1.0
2.8213506,0.282988,0.0
33.300106,0.023442721,0.0
23.21513,0.32446688,0.0
5.169843,0.45947433,1.0
4.2827764,0.38552085,0.0
5.4175797,0.32585636,1.0
11.908899,0.26918662,0.0
14.552704,0.122716896,0.0
12.819241,0.2831072,1.0
13.998372,0.08083269,0.0
16.591707,0.23373231,0.0
7.3268523,0.16133781,0.0
5.5707107,0.20019597,0.0
23.7802,0.24534303,0.0
6.3213034,0.56695634,1.0
9.94255,0.13299818,0.0
45.000362,0.07765087,0.0
14.519167,0.08218216,0.0
2.8736181,0.34227562,0.0
12.672165,0.13288471,0.0
5.9598174,0.20939782,0.0
24.213657,0.3082267,1.0
18.029469,0.21932028,0.0
18.274712,0.11121022,0.0
17.495739,0.16059728,0.0
4.991423,0.3477107,0.0
5.2460628,0.29224223,0.0
4.708946,0.2181463,1.0
3.9773488,0.22495887,0.0
33.06976,0.025351103,0.0
24.213655,0.30822667,0.0
5.9888325,0.20267308,1.0
4.3299303,0.36030692,0.0
4.1780343,0.38914645,1.0
10.980134,0.27080494,0.0
14.508773,0.07705228,0.0
12.289755,0.30896506,1.0
12.634235,0.10048534,0.0
15.823426,0.25819665,0.0
5.168741,0.22588778,0.0
5.694733,0.19160204,0.0
22.121479,0.32603222,0.0
4.9801903,0.5780449,1.0
7.5533104,0.18018223,0.0
35.374966,0.58511454,0.0
14.859205,0.07658194,0.0
1.8944795,0.39830327,0.0
11.350916,0.14156036,0.0
7.185438,0.16546471,0.0
29.997225,0.68932396,1.0
18.391493,0.1958989,0.0
17.693085,0.13423176,0.0
17.393213,0.15600263,0.0
4.4172783,0.3378598,0.0
4.3853736,0.40713397,0.0
2.8327415,0.28738564,1.0
3.4462912,0.24398112,0.0
27.46391,0.04037667,0.0
23.309118,0.2593359,0.0
6.2515903,0.20906338,1.0
3.7479384,0.38381255,0.0
4.3021436,0.3610041,1.0
11.083749,0.19117594,0.0
14.363908,0.06988659,0.0
8.400784,0.38218057,1.0
9.368883,0.14518249,0.0
10.602642,0.34319785,0.0
6.5406046,0.17792292,0.0
5.1764417,0.21447934,0.0
21.077291,0.36484075,0.0
5.0760818,0.693401,1.0
6.1301026,0.22360171,0.0
34.907955,0.542073,0.0
15.064378,0.07419607,0.0
1.1594481,0.47483,0.0
10.473969,0.15912555,0.0
8.9095545,0.12179012,0.0
29.352179,0.65746564,1.0
16.545963,0.1365207,0.0
17.989624,0.13046093,0.0
17.650272,0.14943126,0.0
4.3175983,0.3638919,0.0
5.243042,0.30078706,0.0
2.334957,0.32530567,1.0
2.4213672,0.2954419,0.0
23.882126,0.056025676,0.0
22.458607,0.26279157,0.0
7.5940685,0.23188011,1.0
4.011229,0.3562332,0.0
4.9125695,0.33398545,1.0
19.086472,0.052825604,0.0
16.904299,0.08608747,0.0
19.628223,0.17561547,1.0
6.665917,0.21109134,0.0
9.550842,0.42509487,0.0
7.207369,0.15785441,0.0
4.261859,0.25703695,0.0
20.36725,0.3769822,0.0
5.6009483,0.7072377,1.0
5.615927,0.33609045,0.0
41.320484,0.098862804,0.0
13.87071,0.10383695,0.0
1.7853737,0.53531754,0.0
11.87142,0.18544574,0.0
6.359201,0.1868913,0.0
24.078545,0.42662188,1.0
24.87303,0.18105574,0.0
17.257847,0.14125675,0.0
16.931593,0.16207743,0.0
3.900292,0.4094405,0.0
4.415567,0.38923025,0.0
2.6867244,0.3681405,1.0
2.3952215,0.32950476,0.0
23.81257,0.05544008,0.0
24.078543,0.42662182,0.0
5.9049163,0.22010742,1.0
3.529059,0.40467325,0.0
4.2866178,0.36913437,1.0
4.307221,0.38239098,0.0
13.724031,0.07362763,0.0
18.700338,0.18966304,1.0
13.215908,0.12223089,0.0
12.5803,0.24604228,0.0
5.1296496,0.23434605,0.0
4.2429028,0.26718444,0.0
21.359455,0.35746047,0.0
5.3473287,0.7203381,1.0
4.0650063,0.42051247,0.0
42.81113,0.079367824,0.0
14.2867565,0.08468963,0.0
1.3053908,0.4470384,0.0
10.630065,0.20760708,0.0
6.4285583,0.18262391,0.0
23.158396,0.40714395,1.0
26.298216,0.1605925,0.0
18.434744,0.16625366,0.0
18.668337,0.14466111,0.0
4.0104647,0.3955653,0.0
4.644379,0.33513698,0.0
1.9247173,0.39157665,1.0
2.331535,0.3153069,0.0
23.353302,0.059856474,0.0
23.158394,0.40714395,0.0
8.209592,0.37742767,1.0
3.8441877,0.35874495,0.0
4.6443334,0.30842835,1.0
4.505407,0.3089289,0.0
20.12009,0.08689883,0.0
19.808544,0.15496948,1.0
10.84555,0.17907917,0.0
13.05662,0.21191137,0.0
5.3864913,0.22340159,0.0
4.8687806,0.23946862,0.0
20.282726,0.3451002,0.0
4.071324,0.6250401,1.0
4.159496,0.38768548,0.0
41.463,0.07855389,0.0
14.369812,0.08382346,0.0
1.3943261,0.4051436,0.0
10.608527,0.20302887,0.0
9.392465,0.111956395,0.0
22.404186,0.43494087,1.0
20.426546,0.08110617,0.0
26.02653,0.08649862,0.0
20.25373,0.13586207,0.0
3.9685469,0.3917109,0.0
4.827761,0.29573753,0.0
2.1399863,0.3560523,1.0
2.2128148,0.31678298,0.0
23.452818,0.055225194,0.0
22.40419,0.4349409,0.0
5.407852,0.50189406,1.0
3.6171083,0.37237713,0.0
4.7536254,0.28892612,1.0
18.79303,0.053032827,0.0
21.60122,0.07764409,0.0
19.249119,0.15133685,1.0
11.724447,0.14627846,0.0
10.264263,0.28380966,0.0
7.732556,0.14158547,0.0
6.324768,0.17795782,0.0
20.223045,0.34431192,0.0
3.4524674,0.67704725,1.0
5.343164,0.3265921,0.0
42.386425,0.06914605,0.0
14.6488285,0.09341722,0.0
1.6929473,0.45742005,0.0
10.615624,0.20582654,0.0
10.354003,0.09896621,0.0
23.10336,0.43476716,1.0
18.167324,0.10157765,0.0
18.863628,0.15894274,0.0
19.231892,0.14213628,0.0
3.6005301,0.38333592,0.0
5.656641,0.2176357,0.0
2.6717484,0.34258983,1.0
3.306114,0.27871928,0.0
25.704224,0.047508284,0.0
23.10336,0.43476716,0.0
8.356607,0.3590432,1.0
4.5252323,0.29049703,0.0
5.656639,0.21763575,1.0
16.703903,0.058707733,0.0
20.63542,0.082136564,0.0
21.595785,0.12727663,1.0
13.362496,0.12500662,0.0
10.475422,0.2966698,0.0
5.972612,0.17624858,0.0
3.8437715,0.29560992,0.0
19.264679,0.34855178,0.0
3.1489422,0.63549674,1.0
6.1124215,0.28263608,0.0
42.137352,0.07352467,0.0
6.7039533,0.22868215,0.0
3.2281184,0.2835112,0.0
11.354977,0.18227611,0.0
14.092367,0.06283054,0.0
22.69526,0.438378,1.0
13.83375,0.15578902,0.0
16.604538,0.27169812,0.0
21.548573,0.14796543,0.0
6.790596,0.6175533,0.0
5.131404,0.26325214,0.0
3.4744081,0.28761116,1.0
2.9466078,0.32339343,0.0
26.88339,0.03903512,0.0
22.695263,0.43837807,0.0
9.211422,0.47605458,1.0
4.1049533,0.36175415,0.0
5.131403,0.26325214,1.0
13.386179,0.08799503,0.0
17.579815,0.13793457,0.0
21.65281,0.11392664,1.0
17.272305,0.07522303,0.0
8.461369,0.3821258,0.0
8.136979,0.12809755,0.0
4.702583,0.2618745,0.0
19.520761,0.31778812,0.0
3.618677,0.6675105,1.0
7.893162,0.20108825,0.0
42.91767,0.06658984,0.0
8.517484,0.2873117,0.0
2.3357694,0.38273758,0.0
11.455961,0.18448871,0.0
8.5799055,0.1221324,0.0
23.123188,0.43856132,1.0
15.195072,0.13212591,0.0
14.313608,0.37185133,0.0
19.551678,0.19002645,0.0
8.170974,0.5478644,0.0
4.9199815,0.290713,0.0
3.6027627,0.30847302,1.0
2.2995274,0.35337323,0.0
24.926525,0.04786176,0.0
23.123188,0.43856132,0.0
8.170973,0.5478644,1.0
3.5413122,0.48223704,0.0
4.8565855,0.28591096,1.0
12.399871,0.09999298,0.0
16.120213,0.1680649,0.0
19.444242,0.14070864,1.0
16.80476,0.08102195,0.0
8.100174,0.39503598,0.0
7.006835,0.1542078,0.0
5.453904,0.20442605,0.0
18.175364,0.37031853,0.0
5.2112827,0.8164441,1.0
7.5398097,0.20658235,0.0
41.41094,0.07892568,0.0
7.2062764,0.37183037,0.0
2.508198,0.35461262,0.0
10.48573,0.21866827,0.0
6.9702344,0.16886799,0.0
23.260471,0.45224288,1.0
113.27204,0.0015146638,0.0
24.255846,0.11876198,0.0
24.255844,0.11876198,0.0
6.7087617,0.5725594,0.0
4.846449,0.32116315,0.0
3.3448524,0.31193286,1.0
2.78023,0.32623,0.0
22.347162,0.061524596,0.0
23.26047,0.45224282,0.0
6.708761,0.57255936,1.0
3.801342,0.40754053,0.0
4.7799516,0.31526604,1.0
4.121313,0.32966915,0.0
19.370533,0.11706432,0.0
19.892412,0.13839577,1.0
16.78349,0.082483724,0.0
19.817568,0.14238164,0.0
5.461723,0.22494009,0.0
4.7818947,0.2522697,0.0
17.8207,0.36648357,0.0
4.0033603,0.7620059,1.0
7.024173,0.20710522,0.0
41.81018,0.06706961,0.0
7.4533997,0.32421958,0.0
2.1608932,0.35585776,0.0
9.9118805,0.22181793,0.0
7.469806,0.1537552,0.0
21.932663,0.47207475,1.0
117.384834,0.0013828105,0.0
25.373344,0.10177044,0.0
25.37334,0.10177044,0.0
6.7142982,0.5795426,0.0
4.7857847,0.3282568,0.0
3.3077734,0.29475278,1.0
2.326589,0.32233354,0.0
21.539433,0.065668985,0.0
21.932663,0.47207475,0.0
6.7142982,0.5795426,1.0
3.5153124,0.48870307,0.0
4.750236,0.32022542,1.0
4.031632,0.32315165,0.0
20.250338,0.10590579,0.0
19.184217,0.147448,1.0
16.569159,0.08377976,0.0
19.291428,0.14399976,0.0
5.908399,0.20131563,0.0
5.4449997,0.21425891,0.0
17.40107,0.3337939,0.0
2.536177,0.5760058,1.0
8.631313,0.15802777,0.0
40.964005,0.07469126,0.0
10.561813,0.6132262,0.0
3.1240826,0.27430716,0.0
10.485761,0.21495564,0.0
11.644742,0.082908235,0.0
21.44918,0.48797646,1.0
59.916367,0.005631357,0.0
30.509422,0.06559831,0.0
30.509418,0.06559831,0.0
7.301995,0.39962262,0.0
4.4965973,0.3776955,0.0
4.513155,0.22574966,1.0
3.1156716,0.27475363,0.0
23.50656,0.048958644,0.0
21.44918,0.48797646,0.0
4.403829,0.5165108,1.0
6.5554357,0.5385292,0.0
4.4199014,0.3450028,1.0
26.432102,0.03954661,0.0
30.509418,0.06559831,0.0
19.698757,0.12300096,1.0
18.620844,0.060861006,0.0
19.891556,0.118096955,0.0
8.776126,0.119442604,0.0
9.16636,0.111920975,0.0
16.749155,0.31865844,0.0
2.2394745,0.5510559,1.0
8.950065,0.15385893,0.0
43.335587,0.058078058,0.0
10.029635,0.58368665,0.0
3.5135622,0.25968355,0.0
10.184065,0.22367448,0.0
9.426216,0.10817888,0.0
20.942453,0.48735848,1.0
58.346077,0.0059750797,0.0
29.74173,0.076346464,0.0
32.05681,0.07159359,0.0
6.7298894,0.4402928,0.0
4.2704277,0.37392706,0.0
4.9847136,0.21375133,1.0
3.5064778,0.26000717,0.0
22.793861,0.051389806,0.0
20.94245,0.48735842,0.0
4.747985,0.29995355,1.0
6.244338,0.5555552,0.0
4.321824,0.32445168,1.0
25.288395,0.04154514,0.0
34.9022,0.050996035,0.0
18.949276,0.1325386,1.0
18.224442,0.06337579,0.0
19.114367,0.12791868,0.0
8.63114,0.11934092,0.0
6.9083085,0.15819214,0.0
15.723095,0.38553238,0.0
3.3996675,0.71273893,1.0
5.990835,0.270844,0.0
42.998856,0.05683454,0.0
10.128547,0.54121476,0.0
5.111187,0.19109772,0.0
9.897509,0.23381166,0.0
7.6505146,0.15226035,0.0
20.731424,0.44545102,1.0
116.42807,0.0014825996,0.0
29.80099,0.073415376,0.0
24.338104,0.095014445,0.0
4.478736,0.4616414,0.0
4.5287924,0.4899928,0.0
4.957061,0.25009143,1.0
2.6402793,0.30266562,0.0
20.322603,0.06510713,0.0
20.731424,0.44545108,0.0
4.1451845,0.33439738,1.0
3.8086371,0.490149,0.0
4.2749276,0.40168872,1.0
4.1107845,0.33812654,0.0
18.159887,0.11492436,0.0
17.090372,0.17718205,1.0
15.317646,0.08702249,0.0
17.228764,0.17122146,0.0
8.196349,0.13834904,0.0
8.109515,0.13553388,0.0
13.734229,0.4135803,0.0
3.1685133,0.6271251,1.0
3.2316096,0.6134712,0.0
42.186836,0.064346544,0.0
6.746093,0.3005266,0.0
4.9557333,0.20599331,0.0
9.269538,0.2354808,0.0
11.900079,0.0855762,0.0
20.820852,0.42116082,1.0
58.735313,0.0059544323,0.0
25.264626,0.10770057,0.0
25.264626,0.10770057,0.0
5.889107,0.52939576,0.0
4.883138,0.5487104,0.0
2.2002652,0.4310574,1.0
6.0994906,0.17867175,0.0
18.02053,0.08541572,0.0
20.820854,0.4211608,0.0
4.372663,0.3599111,1.0
4.4834533,0.4023842,0.0
4.3817363,0.4811604,1.0
21.167416,0.0818918,0.0
20.446285,0.11248573,0.0
16.539747,0.17649491,1.0
11.121456,0.1531536,0.0
16.66375,0.17181781,0.0
9.213425,0.12151173,0.0
12.003297,0.07991404,0.0
16.086777,0.38795298,0.0
3.3582892,0.63469243,1.0
3.5418127,0.60551274,0.0
43.74154,0.05528577,0.0
6.4916058,0.3263053,0.0
1.6164849,0.592313,0.0
8.234599,0.2883894,0.0
11.118898,0.09910772,0.0
21.41921,0.44318447,1.0
64.04602,0.004625971,0.0
25.16611,0.104609475,0.0
25.16611,0.1046095,0.0
6.215751,0.54292816,0.0
5.4917464,0.6195168,0.0
1.9016353,0.4809542,1.0
5.189207,0.19547772,0.0
18.13744,0.08504727,0.0
21.41921,0.44318447,0.0
4.5809703,0.39220002,1.0
4.2707043,0.49007043,0.0
4.755175,0.55295503,1.0
22.255438,0.07691355,0.0
20.344486,0.110218614,0.0
17.400724,0.17893459,1.0
7.8803363,0.23839568,0.0
17.318514,0.1385987,0.0
10.362052,0.10572762,0.0
10.783494,0.096557915,0.0
17.013254,0.3924528,0.0
3.2079263,0.5407757,1.0
3.5645547,0.6351171,0.0
41.616756,0.07463117,0.0
6.449591,0.35432017,0.0
5.953491,0.16386275,0.0
9.354889,0.24275498,0.0
14.993896,0.060016364,0.0
21.910076,0.46505287,1.0
69.45031,0.0035621112,0.0
24.76242,0.10682513,0.0
24.762417,0.10682515,0.0
5.1368737,0.31349242,0.0
4.9313736,0.55877316,0.0
1.6831679,0.49629068,1.0
5.9453945,0.16405037,0.0
23.355804,0.047293473,0.0
21.910076,0.46505287,0.0
5.136874,0.3134924,1.0
3.9653823,0.44575533,0.0
4.4750085,0.5139075,1.0
25.789661,0.054466665,0.0
19.998032,0.11547914,0.0
19.174303,0.14378436,1.0
9.472317,0.17250746,0.0
19.167233,0.14509536,0.0
13.631949,0.06649162,0.0
14.563924,0.058016658,0.0
17.476574,0.33326975,0.0
3.6341748,0.6944921,1.0
3.4373937,0.62225366,0.0
34.242867,0.44187453,0.0
6.2634535,0.34942377,0.0
1.1822357,0.5376398,0.0
8.413006,0.2788614,0.0
8.900803,0.1328654,0.0
29.101368,0.66667616,1.0
134.3068,0.0008474373,0.0
29.867077,0.06378587,0.0
24.461205,0.08760181,0.0
4.597603,0.51861835,0.0
4.9055843,0.5730191,0.0
1.4887966,0.5298373,1.0
5.102479,0.19269402,0.0
21.224552,0.060169607,0.0
23.15392,0.40672198,0.0
4.6779604,0.35148212,1.0
4.1369667,0.4781803,0.0
4.3929057,0.524097,1.0
5.0330353,0.32811716,0.0
17.238388,0.13408646,0.0
19.502987,0.1331427,1.0
7.711475,0.2403965,0.0
19.490234,0.10329353,0.0
8.5377865,0.1379545,0.0
8.662783,0.1311566,0.0
16.998365,0.35234398,0.0
3.9160032,0.64494646,1.0
3.52329,0.594311,0.0
34.894066,0.4660534,0.0
6.034526,0.39287806,0.0
1.5172338,0.5073884,0.0
8.579768,0.27414674,0.0
12.263844,0.08587681,0.0
30.149822,0.68511194,1.0
130.08458,0.0010055174,0.0
24.984814,0.10295108,0.0
24.984816,0.10295108,0.0
4.8609467,0.50066775,0.0
5.254934,0.56442875,0.0
2.622191,0.44588494,1.0
5.666766,0.18465057,0.0
20.605162,0.06305269,0.0
24.033241,0.3908364,0.0
4.8609467,0.50066775,1.0
4.6216087,0.41027567,0.0
5.5530014,0.6348991,1.0
6.1267147,0.32450122,0.0
20.199013,0.10907094,0.0
19.032583,0.13660519,1.0
8.299841,0.21189882,0.0
18.936464,0.10688956,0.0
6.9013133,0.21163589,0.0
9.57381,0.12124649,0.0
17.676186,0.36799565,0.0
3.498561,0.61633223,1.0
3.4824002,0.61899525,0.0
35.507523,0.46313864,0.0
7.1154904,0.22242089,0.0
1.46805,0.60788757,0.0
8.211397,0.28814805,0.0
10.646241,0.1069972,0.0
30.64224,0.6958225,1.0
130.80171,0.00097132573,0.0
15.918079,0.30890808,0.0
19.099855,0.17850591,0.0
5.0746155,0.5578701,0.0
4.9621263,0.55729693,0.0
2.1403847,0.5015532,1.0
5.953165,0.1657021,0.0
18.58651,0.079994224,0.0
24.757408,0.39291632,0.0
4.8092465,0.6443196,1.0
4.5820236,0.4493689,0.0
5.219633,0.6238634,1.0
7.763938,0.2128028,0.0
17.33365,0.12644024,0.0
17.676186,0.36799565,1.0
6.042818,0.3025105,0.0
18.70448,0.11405439,0.0
6.3325167,0.22501631,0.0
7.7502375,0.15906753,0.0
18.612633,0.36075398,0.0
3.482409,0.5149944,1.0
3.5315256,0.6467393,0.0
35.321278,0.47708568,0.0
5.859078,0.4015491,0.0
1.4560807,0.55205345,0.0
8.129443,0.31550372,0.0
14.95558,0.060498543,0.0
30.57931,0.71538126,1.0
61.108177,0.0051527987,0.0
14.571693,0.44844812,0.0
18.058756,0.22903611,0.0
5.6164093,0.64411503,0.0
5.099039,0.586708,0.0
2.1881683,0.5212977,1.0
4.960218,0.21060649,0.0
19.766144,0.07381821,0.0
25.863789,0.39057118,0.0
5.6164093,0.64411503,1.0
4.6523194,0.4520453,0.0
5.4404655,0.65021056,1.0
22.337034,0.079894826,0.0
17.320423,0.13619924,0.0
18.612633,0.36075392,1.0
5.776379,0.3227967,0.0
18.98233,0.11699925,0.0
7.524446,0.17374647,0.0
10.425795,0.10322159,0.0
20.979126,0.26437733,0.0
3.2202005,0.4957899,1.0
7.7550497,0.8577658,0.0
35.339783,0.43182287,0.0
6.6923814,0.400966,0.0
1.4900075,0.49384058,0.0
7.9599543,0.34991625,0.0
10.668678,0.104631834,0.0
29.768879,0.6742135,1.0
127.91915,0.0010354976,0.0
14.99114,0.46830863,0.0
18.378763,0.23012261,0.0
5.5536194,0.6177706,0.0
5.113409,0.59483737,0.0
2.424842,0.61974466,1.0
7.7325134,0.13279271,0.0
25.395123,0.04842048,0.0
25.789528,0.4061635,0.0
5.5536194,0.6177706,1.0
4.684599,0.4677932,0.0
5.4780364,0.65602934,1.0
9.578216,0.14362815,0.0
17.539215,0.13695703,0.0
20.979126,0.2643773,1.0
23.85352,0.035707824,0.0
22.678457,0.080263555,0.0
6.041399,0.2401364,0.0
7.871448,0.1531455,0.0
20.924948,0.2892859,0.0
3.2973793,0.4797362,1.0
4.2438145,0.6347563,0.0
35.3226,0.4105809,0.0
7.5449467,0.31514665,0.0
3.8632345,0.36283648,0.0
9.846958,0.390716,0.0
10.199493,0.115558684,0.0
29.233315,0.70321417,1.0
128.06485,0.001072099,0.0
14.823166,0.45648026,0.0
17.931889,0.24163404,0.0
5.4463034,0.6158687,0.0
5.423105,0.6211154,0.0
2.8974276,0.4214178,1.0
9.1114025,0.12460041,0.0
25.313803,0.051308684,0.0
25.131958,0.42870414,0.0
5.4463034,0.6158687,1.0
4.707017,0.4472719,0.0
5.851741,0.68019664,1.0
9.050135,0.16387439,0.0
17.043716,0.14001219,0.0
20.83126,0.2892077,1.0
24.213406,0.034918107,0.0
22.708895,0.087274805,0.0
5.871899,0.26044327,0.0
7.5630784,0.16696706,0.0
21.13597,0.27424973,0.0
3.5687723,0.43033412,1.0
6.2086043,0.7739677,0.0
34.58006,0.428232,0.0
7.403635,0.23120822,0.0
1.7363801,0.4684125,0.0
8.456508,0.33510932,0.0
13.529725,0.07508977,0.0
29.179047,0.65237206,1.0
62.64231,0.0046484713,0.0
14.317362,0.46341926,0.0
17.636065,0.24020973,0.0
5.190152,0.61550224,0.0
5.932815,0.6712151,0.0
2.3847167,0.57253283,1.0
7.7761474,0.13002814,0.0
23.208946,0.062845424,0.0
25.349396,0.3882042,0.0
5.1901526,0.6155022,1.0
4.4968333,0.46522635,0.0
6.413264,0.7197223,1.0
21.465927,0.09607581,0.0
16.577665,0.14251567,0.0
21.03458,0.27327982,1.0
21.191637,0.045641877,0.0
22.328762,0.090546556,0.0
7.533794,0.1806533,0.0
9.258764,0.12842083,0.0
21.577646,0.27057254,0.0
3.7593703,0.69693214,1.0
3.9634573,0.6582039,0.0
33.550068,0.43039373,0.0
6.635175,0.25899634,0.0
1.8207749,0.6419675,0.0
8.193317,0.3545013,0.0
7.598545,0.18365431,0.0
27.949492,0.6707988,1.0
136.80345,0.0008032757,0.0
13.477262,0.36391667,0.0
19.18354,0.19260956,0.0
4.8563786,0.60382515,0.0
5.9126253,0.67096627,0.0
2.7598517,0.55588317,1.0
6.0752163,0.16794924,0.0
20.860764,0.08203408,0.0
25.328138,0.40408954,0.0
4.8563786,0.60382515,1.0
4.4418106,0.4917609,0.0
6.313009,0.7150284,1.0
8.106139,0.20061721,0.0
15.992571,0.17803314,0.0
21.478249,0.26849258,1.0
6.232826,0.2862524,0.0
21.5982,0.107886694,0.0
5.1125464,0.31734687,0.0
5.5292783,0.25973222,0.0
19.760435,0.28988093,0.0
3.043067,0.57694465,1.0
4.0463057,0.67317885,0.0
31.15578,0.33062246,0.0
7.307417,0.2131733,0.0
3.2053356,0.44557974,0.0
8.214641,0.6966033,0.0
8.465116,0.15612504,0.0
21.359589,0.7778492,1.0
145.39027,0.0006728365,0.0
13.43704,0.3828294,0.0
18.870316,0.20462471,0.0
4.9371924,0.6104069,0.0
5.5464225,0.6371788,0.0
1.986166,0.48953986,1.0
6.723557,0.15133436,0.0
22.46549,0.06777502,0.0
21.802631,0.36089987,0.0
4.937193,0.6104069,1.0
4.3642645,0.4690621,0.0
5.8532615,0.6819494,1.0
9.101986,0.16936222,0.0
15.691284,0.19210008,0.0
19.63058,0.2902469,1.0
20.905628,0.048791233,0.0
21.514736,0.10368296,0.0
5.4095693,0.2915135,0.0
6.1227446,0.22564214,0.0
14.909004,0.3674069,0.0
3.1894538,0.657577,1.0
5.279916,0.72742885,0.0
34.07257,0.42141858,0.0
7.594323,0.21568845,0.0
1.4054712,0.5942592,0.0
9.112186,0.3386664,0.0
9.026003,0.13850002,0.0
28.23048,0.67861146,1.0
150.33417,0.0006297631,0.0
13.751221,0.37174568,0.0
19.144281,0.20520604,0.0
5.2663136,0.6359465,0.0
5.3139725,0.6248299,0.0
1.81701,0.5355694,1.0
5.5207005,0.18880023,0.0
15.770352,0.12808394,0.0
26.226778,0.40044138,0.0
5.2663136,0.6359465,1.0
4.410336,0.45204422,0.0
5.608401,0.67098624,1.0
9.893124,0.14570814,0.0
15.937649,0.19376953,0.0
15.164484,0.36344874,1.0
13.598172,0.121223204,0.0
16.609627,0.13650496,0.0
5.467312,0.277436,0.0
6.354164,0.20768175,0.0
18.984457,0.28739372,0.0
3.3151307,0.5783245,1.0
6.710401,0.8393834,0.0
39.91507,0.07713839,0.0
5.867347,0.28583172,0.0
1.2564245,0.5671337,0.0
6.7432785,0.44874075,0.0
9.169298,0.1348341,0.0
23.331394,0.5259255,1.0
146.05446,0.0007349447,0.0
14.81259,0.42731044,0.0
18.807217,0.21067321,0.0
9.918075,0.5807765,0.0
6.033223,0.6900156,0.0
2.155759,0.65519464,1.0
6.4650702,0.15891895,0.0
22.244423,0.062825836,0.0
23.33139,0.5259255,0.0
9.918075,0.5807766,1.0
5.193224,0.49024037,0.0
6.4124937,0.72662085,1.0
10.86739,0.12112606,0.0
15.7335415,0.20245662,0.0
18.906454,0.2884182,1.0
18.545849,0.061067052,0.0
22.075632,0.08460268,0.0
5.955843,0.24917305,0.0
6.553722,0.20206249,0.0
19.351295,0.28355715,0.0
3.7849507,0.61601907,1.0
7.0821295,0.8520097,0.0
41.655098,0.06523579,0.0
5.4106226,0.31054324,0.0
1.4592263,0.6142089,0.0
6.7185836,0.45822847,0.0
8.94199,0.15086009,0.0
23.30173,0.5232548,1.0
142.72028,0.00079029816,0.0
16.453918,0.57399976,0.0
17.467709,0.27221674,0.0
9.346201,0.60250384,0.0
6.2937574,0.6980485,0.0
2.0940216,0.6709575,1.0
6.7929683,0.16138005,0.0
22.575722,0.06106713,0.0
23.301731,0.5232548,0.0
9.346201,0.6025039,1.0
5.1011415,0.49762535,0.0
7.02353,0.7356503,1.0
11.676681,0.10972352,0.0
16.120615,0.16825785,0.0
19.245754,0.2835094,1.0
19.174662,0.058459733,0.0
22.738356,0.07933478,0.0
6.4690948,0.23507847,0.0
6.907208,0.19875962,0.0
14.990411,0.40644622,0.0
5.332559,0.7726224,1.0
4.290871,0.72746474,0.0
43.255627,0.05873066,0.0
6.095259,0.27364627,0.0
3.853458,0.70719093,0.0
7.539365,0.6387173,0.0
8.469644,0.16321625,0.0
22.141376,0.60322756,1.0
148.84137,0.0006513654,0.0
16.169544,0.5677984,0.0
17.425655,0.2650143,0.0
8.87134,0.5840103,0.0
5.7339215,0.6562249,0.0
1.4441923,0.6266512,1.0
4.3320017,0.24526149,0.0
15.578538,0.1374698,0.0
22.14138,0.6032277,0.0
8.87134,0.5840103,1.0
5.102915,0.49605978,0.0
6.3574176,0.69643867,1.0
11.334922,0.117367916,0.0
16.270498,0.15604046,0.0
15.708983,0.37831032,1.0
12.003503,0.15539837,0.0
18.020721,0.12157831,0.0
6.107761,0.24832484,0.0
6.531046,0.20992576,0.0
18.791695,0.33450902,0.0
6.9545116,0.8064057,1.0
2.9031177,0.5836648,0.0
32.94751,0.5043254,0.0
3.8850236,0.4282188,0.0
6.2982697,0.77793974,0.0
9.40569,0.6767897,0.0
9.408102,0.14220574,0.0
27.535057,0.8241436,1.0
34.428547,0.07346301,0.0
16.440111,0.55461234,0.0
18.082462,0.25561345,0.0
8.960901,0.5925386,0.0
5.9449286,0.6713913,0.0
2.1960201,0.5409902,1.0
1.1754063,0.48929143,0.0
20.76466,0.07902442,0.0
22.619728,0.59797394,0.0
8.9609,0.5925386,1.0
5.1830163,0.49512655,0.0
6.6545033,0.71275723,1.0
12.017637,0.10726663,0.0
17.032166,0.14971435,0.0
17.333288,0.2594804,1.0
11.605287,0.16350366,0.0
28.549036,0.030533683,0.0
6.8711715,0.21630886,0.0
6.530387,0.21779813,0.0
16.770418,0.38684165,0.0
6.1335506,0.8062,1.0
4.5303164,0.78068256,0.0
32.55289,0.50191724,0.0
5.9137754,0.27385667,0.0
5.2013817,0.76220703,0.0
8.824616,0.74069655,0.0
7.082714,0.21779673,0.0
26.944809,0.81331,1.0
33.18103,0.07963208,0.0
14.404766,0.40980914,0.0
19.686602,0.15986528,0.0
5.419526,0.68317306,0.0
6.0750303,0.23853245,0.0
1.4212575,0.62573975,1.0
4.243856,0.25123417,0.0
16.63442,0.13573074,0.0
22.041573,0.60171735,0.0
9.64966,0.54020137,1.0
12.579996,0.7386596,0.0
6.1534705,0.7010478,1.0
9.097704,0.17238674,0.0
14.0686655,0.07890431,0.0
16.011713,0.4182937,1.0
14.157304,0.13982828,0.0
22.166388,0.060159333,0.0
4.60993,0.33921742,0.0
4.855202,0.30049294,0.0
17.342167,0.36757722,0.0
1.5664403,0.519175,1.0
8.102182,0.8796037,0.0
32.48542,0.51040775,0.0
5.631976,0.27639565,0.0
1.7316655,0.47790843,0.0
6.9935694,0.33201456,0.0
9.307855,0.13021095,0.0
27.160217,0.72715443,1.0
32.73879,0.09645045,0.0
15.722316,0.3893926,0.0
20.490547,0.17283863,0.0
5.765875,0.48434186,0.0
5.3946066,0.62493265,0.0
1.5561601,0.6451632,1.0
4.4522524,0.23712566,0.0
23.657326,0.05758561,0.0
22.758307,0.48881546,0.0
11.651447,0.6172485,1.0
5.061735,0.37531525,0.0
5.5808825,0.663536,1.0
10.690631,0.114056356,0.0
17.425205,0.13877252,0.0
16.743122,0.39185748,1.0
19.593925,0.068902545,0.0
19.461536,0.17140129,0.0
6.798501,0.19989622,0.0
6.4562755,0.20512293,0.0
18.730711,0.27306417,0.0
4.888425,0.3616961,1.0
3.980796,0.6945149,0.0
32.146023,0.49867588,0.0
7.270877,0.20699687,0.0
5.1165023,0.33278984,0.0
8.453993,0.5887959,0.0
9.906592,0.124367796,0.0
26.937668,0.7950252,1.0
31.520868,0.099294476,0.0
15.888068,0.39711958,0.0
20.424671,0.17755799,0.0
6.1269546,0.42091995,0.0
6.2580233,0.6771646,0.0
2.289113,0.41274768,1.0
6.2136955,0.17844875,0.0
27.15938,0.042580966,0.0
21.913086,0.57844263,0.0
11.866791,0.6174616,1.0
5.1247125,0.3692572,0.0
6.5217347,0.71451104,1.0
10.842954,0.11568025,0.0
17.341843,0.14014786,0.0
18.63314,0.27588472,1.0
23.951803,0.046178173,0.0
18.22971,0.1971049,0.0
7.367269,0.1923762,0.0
7.0559254,0.196428,0.0
18.361504,0.32226798,0.0
4.0123787,0.38180378,1.0
3.8623612,0.63707435,0.0
31.502115,0.507192,0.0
8.096854,0.1814143,0.0
4.392457,0.34079546,0.0
8.443114,0.51171446,0.0
9.444643,0.12514147,0.0
26.654585,0.78968906,1.0
28.1321,0.14256023,0.0
15.749154,0.39959493,0.0
20.410362,0.17786033,0.0
5.9712963,0.419341,0.0
5.6981335,0.6684934,0.0
2.319597,0.40096217,1.0
4.0415945,0.2403767,0.0
27.060415,0.042674836,0.0
21.929121,0.56444865,0.0
11.377032,0.61103004,1.0
4.942371,0.3851048,0.0
5.972885,0.70574325,1.0
9.366422,0.13790151,0.0
17.388422,0.13940145,0.0
18.687006,0.3272597,1.0
21.057875,0.05545831,0.0
15.763891,0.2777725,0.0
6.30294,0.22158797,0.0
6.9213095,0.1853733,0.0
16.994755,0.41342995,0.0
3.708705,0.46658906,1.0
4.69183,0.75434434,0.0
31.964212,0.6059741,0.0
5.535901,0.28165114,0.0
1.3616062,0.46835014,0.0
6.7935524,0.3946118,0.0
7.726619,0.16584462,0.0
28.59997,0.8096708,1.0
28.60654,0.14164633,0.0
14.5762205,0.3914508,0.0
20.289768,0.2114384,0.0
5.2009397,0.45756724,0.0
6.050245,0.2597492,0.0
1.8430598,0.4546679,1.0
3.667017,0.27168587,0.0
23.349228,0.060269695,0.0
22.23111,0.5444458,0.0
9.673462,0.60583687,1.0
5.4511085,0.44388396,0.0
6.001184,0.7160152,1.0
9.890305,0.12893891,0.0
9.041904,0.20442384,0.0
16.221258,0.4483538,1.0
19.752295,0.070119165,0.0
15.137471,0.2969223,0.0
5.465347,0.25711122,0.0
4.9605317,0.27762163,0.0
17.113165,0.4420215,0.0
4.000491,0.53222084,1.0
5.2551475,0.7807426,0.0
31.559544,0.6008625,0.0
4.8283954,0.32595074,0.0
1.0898736,0.4918192,0.0
6.678007,0.42098662,0.0
9.657109,0.12266216,0.0
27.83203,0.806961,1.0
33.713627,0.103529975,0.0
14.356768,0.39591548,0.0
20.113987,0.21467026,0.0
5.367356,0.41355512,0.0
6.216651,0.25101247,0.0
1.417829,0.561485,1.0
3.446459,0.27918863,0.0
24.401213,0.053405393,0.0
22.329323,0.55168873,0.0
9.587759,0.6119966,1.0
5.626659,0.43505803,0.0
6.2092576,0.72813386,1.0
12.253278,0.092420235,0.0
9.260097,0.1956365,0.0
16.099255,0.4873137,1.0
20.216309,0.06547843,0.0
18.318878,0.21619163,0.0
6.553155,0.20521885,0.0
6.172834,0.21356745,0.0
15.863253,0.38419464,0.0
5.0729876,0.73862803,1.0
4.7529874,0.7485919,0.0
32.42196,0.6115199,0.0
5.286382,0.49223998,0.0
1.2924258,0.4484713,0.0
7.1061625,0.3611605,0.0
8.7412815,0.13909389,0.0
29.169558,0.82021606,1.0
32.480186,0.088693894,0.0
16.201286,0.44147593,0.0
20.883564,0.19966187,0.0
10.07851,0.6169355,0.0
6.6438007,0.22076023,0.0
1.8000373,0.4805825,1.0
4.6495113,0.24454929,0.0
22.024544,0.06632929,0.0
22.379326,0.554255,0.0
11.339513,0.6355829,1.0
9.726875,0.52789474,0.0
5.102249,0.6516348,1.0
10.309988,0.12412827,0.0
9.706128,0.2048456,0.0
15.342336,0.40434316,1.0
19.63807,0.07080318,0.0
21.752209,0.05958486,0.0
4.956886,0.2649171,0.0
4.9568853,0.2649171,0.0
17.113047,0.39624488,0.0
3.874338,0.48179224,1.0
4.628951,0.743443,0.0
32.418415,0.67060447,0.0
5.8681993,0.2724213,0.0
1.0664176,0.4748466,0.0
6.8811526,0.34993988,0.0
10.089063,0.109208316,0.0
29.49825,0.8380736,1.0
31.26646,0.117462106,0.0
15.890654,0.45541817,0.0
20.273052,0.22087307,0.0
10.601872,0.64637965,0.0
4.3465295,0.5312614,0.0
1.6231481,0.4821743,1.0
2.820132,0.30054134,0.0
25.291143,0.04634573,0.0
21.728725,0.56162393,0.0
11.479692,0.6505805,1.0
9.663419,0.50025123,0.0
4.4652753,0.5830275,1.0
10.842256,0.10973503,0.0
12.247106,0.21299516,0.0
16.443882,0.4255168,1.0
21.717133,0.05431462,0.0
16.716381,0.25649977,0.0
6.226908,0.19911332,0.0
7.1110373,0.16516738,0.0
17.4835,0.47284752,0.0
7.2035522,0.8269437,1.0
5.9162717,0.8312911,0.0
32.483727,0.6781274,0.0
5.909217,0.27022427,0.0
0.7928488,0.5836394,0.0
6.4412932,0.38289,0.0
9.184727,0.12867838,0.0
29.28659,0.8366328,1.0
31.560738,0.17031388,0.0
15.964769,0.48022068,0.0
19.884073,0.23524374,0.0
10.537608,0.64447445,0.0
6.3306694,0.23084904,0.0
1.0555469,0.61110705,1.0
1.9882771,0.37244678,0.0
18.92881,0.08696286,0.0
21.815672,0.5674491,0.0
11.40746,0.64992183,1.0
9.954875,0.56397504,0.0
4.87653,0.6390566,1.0
9.798477,0.13616703,0.0
9.697863,0.20432463,0.0
16.3054,0.6114571,1.0
16.460934,0.09021121,0.0
26.975279,0.036272127,0.0
4.9704347,0.26311535,0.0
5.7418566,0.2134435,0.0
18.878948,0.5305951,0.0
4.8147388,0.7451528,1.0
6.1896586,0.83805645,0.0
32.74695,0.67522836,0.0
6.0742226,0.26918277,0.0
1.0832118,0.4353164,0.0
6.571496,0.3828974,0.0
10.137851,0.10786408,0.0
29.354067,0.83094853,1.0
136.03098,0.0011119669,0.0
14.120067,0.4531251,0.0
19.211578,0.26187104,0.0
9.088764,0.62750924,0.0
4.3792653,0.52513885,0.0
1.7650149,0.5405966,1.0
3.7163272,0.24904844,0.0
24.540253,0.04659378,0.0
21.836662,0.568153,0.0
9.088764,0.62750924,1.0
5.882596,0.4080151,0.0
4.447279,0.5676304,1.0
10.792941,0.11268419,0.0
10.408949,0.21200882,0.0
18.212593,0.5888675,1.0
21.79449,0.044489287,0.0
19.42624,0.13602148,0.0
6.0953016,0.21161889,0.0
7.164106,0.1623481,0.0
19.726482,0.51349837,0.0
5.0051827,0.6702501,1.0
7.0795784,0.8392687,0.0
18.99757,0.6108961,0.0
5.5534625,0.2812997,0.0
1.1488744,0.4746552,0.0
6.874239,0.61424375,0.0
9.567379,0.11370723,0.0
21.415792,0.66031015,1.0
30.099415,0.20672406,0.0
16.195448,0.50921184,0.0
19.513758,0.25291035,0.0
9.866405,0.6520876,0.0
4.427108,0.5301913,0.0
2.0686595,0.5685989,1.0
1.3590325,0.40214267,0.0
23.211674,0.051338296,0.0
21.82954,0.49460974,0.0
12.009432,0.66807836,1.0
6.5314794,0.33612227,0.0
4.467584,0.56172174,1.0
11.308731,0.094921924,0.0
11.90863,0.14662184,0.0
17.959068,0.6297707,1.0
19.989834,0.05393705,0.0
23.807367,0.047541548,0.0
6.3879237,0.1947783,0.0
7.0688953,0.163174,0.0
18.759808,0.55635226,0.0
4.681582,0.59128433,1.0
2.032755,0.5994795,0.0
33.234184,0.7291087,0.0
4.8902717,0.32695147,0.0
2.288313,0.40587735,0.0
5.00856,0.3255767,0.0
11.71192,0.084126666,0.0
28.957272,0.8384508,1.0
32.830795,0.17155598,0.0
16.452765,0.5121479,0.0
19.733719,0.24558505,0.0
9.862251,0.6480603,0.0
4.420763,0.5383755,0.0
2.5471945,0.37335935,1.0
2.2539012,0.40981343,0.0
16.519028,0.08526966,0.0
19.735773,0.49382645,0.0
11.946026,0.6607241,1.0
5.7167664,0.3823276,0.0
4.5076494,0.575,1.0
14.322987,0.065393426,0.0
11.753946,0.14760627,0.0
17.468796,0.6470458,1.0
22.074785,0.042156056,0.0
27.154501,0.034949172,0.0
8.792758,0.12542635,0.0
8.95056,0.11986172,0.0
19.055769,0.66181755,0.0
6.130632,0.74335706,1.0
5.9430914,0.8540011,0.0
33.05449,0.7608947,0.0
4.815602,0.4822771,0.0
0.6785478,0.54151636,0.0
6.058361,0.40399128,0.0
8.468994,0.13958447,0.0
30.971828,0.8703853,1.0
31.481285,0.19891241,0.0
16.95916,0.4800771,0.0
20.794228,0.21470393,0.0
10.140164,0.6379595,0.0
4.71955,0.55100834,0.0
1.212581,0.56001484,1.0
0.93464065,0.4871475,0.0
18.582628,0.077893496,0.0
21.817926,0.55215603,0.0
12.468974,0.65290165,1.0
6.504209,0.3412443,0.0
4.7706447,0.5839769,1.0
9.6347,0.12436513,0.0
11.548703,0.15719575,0.0
18.30488,0.7327573,1.0
15.190377,0.09529858,0.0
26.790226,0.038277898,0.0
6.1584086,0.21281558,0.0
5.9072733,0.21474728,0.0
19.813534,0.71003014,0.0
6.326228,0.70396787,1.0
5.9717884,0.85668325,0.0
33.99248,0.79125047,0.0
4.91318,0.4729083,0.0
0.72284114,0.52219796,0.0
6.3845143,0.36645898,0.0
10.44237,0.107745714,0.0
31.867863,0.878029,1.0
36.031998,0.15529302,0.0
17.36578,0.45460436,0.0
21.368654,0.19881411,0.0
10.470996,0.62306565,0.0
5.0454254,0.58040386,0.0
1.163942,0.54809576,1.0
0.5819161,0.53381234,0.0
18.425344,0.08113974,0.0
21.6687,0.541109,0.0
12.936469,0.63867277,1.0
6.0266576,0.37152335,0.0
5.187079,0.6197917,1.0
12.341231,0.08852985,0.0
11.486004,0.1586251,0.0
19.36759,0.74926305,1.0
15.306697,0.09292022,0.0
32.872948,0.024484705,0.0
8.254684,0.15000015,0.0
6.6865587,0.19194461,0.0
20.711647,0.6932381,0.0
7.1854286,0.7436033,1.0
4.2624445,0.7583061,0.0
33.684433,0.8126673,0.0
5.751786,0.4383968,0.0
3.2913284,0.47915924,0.0
7.210684,0.47802007,0.0
9.525173,0.1271555,0.0
32.397842,0.90734863,1.0
35.104477,0.16229832,0.0
15.773279,0.3686984,0.0
22.346195,0.13058908,0.0
11.454214,0.6088021,0.0
5.570352,0.6227668,0.0
2.0872927,0.48002094,1.0
2.2276776,0.53654605,0.0
17.61055,0.09131988,0.0
21.319065,0.562209,0.0
14.617764,0.6734994,1.0
5.9698367,0.4925516,0.0
5.791689,0.6624455,1.0
10.990496,0.10930625,0.0
11.11232,0.24822994,0.0
20.288658,0.72828364,1.0
14.469185,0.10569136,0.0
27.927095,0.038530916,0.0
7.719326,0.17008549,0.0
6.174363,0.22108102,0.0
19.779547,0.5663052,0.0
5.670143,0.6796782,1.0
4.8814497,0.79199046,0.0
34.22896,0.7920177,0.0
5.979028,0.43174052,0.0
1.5087421,0.3950308,0.0
7.4803715,0.31217828,0.0
9.8428,0.11577417,0.0
32.039284,0.8732417,1.0
37.053738,0.12572986,0.0
18.280739,0.47978452,0.0
21.735935,0.19714707,0.0
10.624393,0.61116004,0.0
4.9045925,0.57624686,0.0
2.5140798,0.43019086,1.0
1.4823653,0.39794904,0.0
22.060799,0.06305683,0.0
21.716284,0.510018,0.0
13.339806,0.6311758,1.0
4.7539234,0.46578217,0.0
5.1284943,0.6278439,1.0
11.615752,0.0967924,0.0
5.859098,0.2985224,0.0
18.946917,0.6163433,1.0
21.062946,0.04876401,0.0
30.502829,0.030673726,0.0
7.3524284,0.16172384,0.0
7.9230623,0.15168354,0.0
20.115822,0.5642899,0.0
6.1250033,0.74252987,1.0
5.3398523,0.81573486,0.0
34.632698,0.7929166,0.0
6.09669,0.4354838,0.0
1.3017515,0.4372758,0.0
7.300595,0.3318222,0.0
8.125305,0.15177022,0.0
32.352913,0.87081933,1.0
36.14389,0.1347147,0.0
16.581423,0.4500081,0.0
21.82311,0.18650335,0.0
10.610617,0.6297715,0.0
4.647785,0.5551675,0.0
2.298102,0.47757116,1.0
1.2845424,0.4401757,0.0
21.256561,0.072817735,0.0
22.151928,0.4890574,0.0
10.610617,0.6297715,1.0
4.9213505,0.54883,0.0
4.812155,0.60830444,1.0
9.931566,0.12620646,0.0
5.449,0.31946045,0.0
19.616657,0.5919794,1.0
19.304203,0.060540278,0.0
28.902317,0.037321027,0.0
6.1447973,0.19824101,0.0
6.560083,0.19157748,0.0
20.501854,0.5406505,0.0
5.4115334,0.7008197,1.0
3.6240396,0.6910178,0.0
33.83837,0.7587674,0.0
6.862008,0.38096935,0.0
4.227699,0.33703932,0.0
8.081721,0.4343615,0.0
8.703726,0.13561255,0.0
31.93041,0.8818545,1.0
34.49412,0.14583859,0.0
18.280418,0.5049208,0.0
21.40435,0.20125589,0.0
10.865539,0.6462345,0.0
4.5578246,0.5372516,0.0
3.3838248,0.36356607,1.0
2.196814,0.41059947,0.0
22.95094,0.06063527,0.0
21.913841,0.5520128,0.0
13.37439,0.64985114,1.0
4.751404,0.49222922,0.0
4.7010436,0.59342915,1.0
10.679578,0.11092339,0.0
5.7983503,0.30551273,0.0
19.58812,0.5876713,1.0
22.13655,0.045169994,0.0
29.232304,0.032017052,0.0
6.815005,0.17436384,0.0
7.2976418,0.16531795,0.0
19.794498,0.4859727,0.0
4.3110166,0.7474919,1.0
4.7758384,0.78203946,0.0
33.759842,0.7121028,0.0
6.831891,0.34686643,0.0
2.3025923,0.3202128,0.0
7.683383,0.30681795,0.0
9.960208,0.106306836,0.0
30.764185,0.8240279,1.0
143.66664,0.0009829276,0.0
18.38334,0.5456305,0.0
20.870703,0.20832935,0.0
10.958663,0.6627491,0.0
4.6736994,0.5024278,0.0
2.1031485,0.4757384,1.0
2.2714946,0.32234317,0.0
22.659653,0.06670605,0.0
21.489218,0.49383974,0.0
13.429836,0.66451716,1.0
4.787485,0.5034537,0.0
4.673701,0.5024278,1.0
10.4413595,0.10555681,0.0
5.786601,0.31588668,0.0
19.631826,0.48139212,1.0
23.676886,0.037573297,0.0
19.54235,0.15075348,0.0
8.863844,0.11925914,0.0
9.038435,0.11238782,0.0
21.041573,0.5486658,0.0
6.028047,0.801133,1.0
5.607355,0.82831323,0.0
33.74633,0.75522876,0.0
6.4693594,0.38299543,0.0
1.4728985,0.39896083,0.0
7.074648,0.34351486,0.0
6.308805,0.18626408,0.0
31.10759,0.84757453,1.0
145.11978,0.0008998446,0.0
17.479382,0.5186102,0.0
20.5655,0.21960884,0.0
8.041526,0.53545994,0.0
4.7817426,0.5106581,0.0
1.8538588,0.53522515,1.0
1.4463772,0.40154117,0.0
21.167461,0.073443875,0.0
21.509632,0.50354034,0.0
12.199351,0.6321227,1.0
4.6349726,0.4523574,0.0
4.781742,0.51065826,1.0
9.421545,0.12574099,0.0
5.817622,0.3209404,0.0
20.713049,0.57296824,1.0
20.710339,0.050897427,0.0
18.872576,0.16838063,0.0
8.465765,0.13119572,0.0
8.5685,0.12584275,0.0
19.962866,0.46033564,0.0
5.7358537,0.81489736,1.0
3.5125391,0.7593877,0.0
33.64792,0.7293374,0.0
6.0910835,0.40593567,0.0
1.5150913,0.39979237,0.0
6.5208316,0.33801964,0.0
6.397026,0.18714625,0.0
30.587168,0.82724804,1.0
151.37787,0.0007993593,0.0
17.14143,0.5320739,0.0
19.77572,0.24454139,0.0
8.880491,0.5810171,0.0
4.6281204,0.53142554,0.0
2.0267136,0.49440086,1.0
1.4822879,0.40283567,0.0
20.81073,0.0766033,0.0
21.084713,0.5019441,0.0
12.425083,0.6655136,1.0
4.8279276,0.48993248,0.0
4.6281204,0.5314256,1.0
9.084957,0.13259846,0.0
5.8457165,0.34324744,0.0
19.747074,0.45707402,1.0
7.5163465,0.25351617,0.0
19.261887,0.14783163,0.0
7.8176327,0.1459546,0.0
7.841598,0.13964927,0.0
19.936306,0.4860848,0.0
5.068273,0.76646644,1.0
4.6214967,0.7517395,0.0
32.611977,0.70285106,0.0
6.8594284,0.3563558,0.0
2.4306614,0.3184444,0.0
7.654276,0.2989701,0.0
6.722448,0.17600812,0.0
29.529942,0.8100508,1.0
152.60345,0.0007492929,0.0
17.242922,0.5574362,0.0
19.340494,0.2515973,0.0
8.776139,0.59231335,0.0
4.6115704,0.53234214,0.0
2.7042518,0.4152695,1.0
2.3934731,0.32077932,0.0
23.689198,0.056381036,0.0
20.405458,0.49457738,0.0
12.182389,0.66235936,1.0
4.749355,0.48350006,0.0
4.611571,0.53234214,1.0
9.841682,0.119903006,0.0
5.76632,0.3438295,0.0
19.754116,0.4826233,1.0
25.722942,0.030504797,0.0
19.707031,0.13498761,0.0
8.292589,0.13557716,0.0
8.445869,0.12843622,0.0
20.03584,0.49742752,0.0
7.320253,0.82497007,1.0
4.2791195,0.6776751,0.0
32.273186,0.69831705,0.0
7.1119766,0.3403495,0.0
2.5097046,0.31799245,0.0
8.160688,0.27075264,0.0
5.9530125,0.21028963,0.0
29.280453,0.8065215,1.0
155.1994,0.0006006486,0.0
17.237892,0.55288196,0.0
19.04044,0.25290877,0.0
9.38947,0.5867788,0.0
4.9083533,0.55329716,0.0
3.1282046,0.37854853,1.0
2.488674,0.31933132,0.0
24.1298,0.05349907,0.0
20.42165,0.47371024,0.0
12.362179,0.6627663,1.0
4.806303,0.47853976,0.0
4.9083533,0.5532972,1.0
10.971118,0.10540963,0.0
5.7898407,0.33834258,0.0
19.84294,0.49486142,1.0
26.764482,0.028522758,0.0
19.793453,0.12690832,0.0
8.77445,0.1359004,0.0
5.1539526,0.2673499,0.0
21.1944,0.5783441,0.0
10.134521,0.87971854,1.0
3.590333,0.6746512,0.0
32.87432,0.7449157,0.0
10.405874,0.56042266,0.0
1.0289084,0.52282006,0.0
7.442021,0.3024529,0.0
6.414532,0.18802641,0.0
30.064125,0.8320489,1.0
149.09534,0.0007425602,0.0
17.1446,0.53539276,0.0
19.569416,0.24042395,0.0
5.867065,0.6456188,0.0
4.8945694,0.5918155,0.0
1.853524,0.5046203,1.0
1.0187612,0.52547747,0.0
20.635454,0.065414816,0.0
20.214478,0.47378555,0.0
12.1455145,0.65904945,1.0
4.6872387,0.47574705,0.0
4.5944915,0.56140065,1.0
9.484425,0.13706173,0.0
5.6720576,0.33537585,0.0
20.68943,0.61394465,1.0
18.998436,0.06493973,0.0
19.955364,0.11315833,0.0
6.926919,0.1819596,0.0
4.538502,0.31950653,0.0
22.289824,0.5192183,0.0
8.206108,0.79975563,1.0
4.407941,0.74651796,0.0
33.2911,0.7334407,0.0
10.37985,0.5985575,0.0
2.137506,0.37733275,0.0
6.8412113,0.3554449,0.0
5.423895,0.23673631,0.0
29.820791,0.8248938,1.0
36.195694,0.15989363,0.0
17.296131,0.5445358,0.0
19.454533,0.25557783,0.0
9.234202,0.54001063,0.0
4.5657134,0.52638686,0.0
1.9644464,0.45464182,1.0
2.1181393,0.37907457,0.0
24.252771,0.051773027,0.0
20.227161,0.5189944,0.0
12.283492,0.66177005,1.0
4.78965,0.4756699,0.0
4.5657144,0.52638674,1.0
8.893522,0.1360442,0.0
5.7918124,0.32475612,0.0
20.935848,0.59789145,1.0
25.974003,0.034539193,0.0
29.948406,0.030706072,0.0
8.019531,0.14946859,0.0
4.597084,0.29400304,0.0
21.519588,0.49336848,0.0
6.788774,0.81335187,1.0
4.1879644,0.6768445,0.0
32.733364,0.73170525,0.0
9.902059,0.552279,0.0
2.3186018,0.34655908,0.0
6.904322,0.35075638,0.0
5.265879,0.23689686,0.0
29.252773,0.8148961,1.0
153.45505,0.00067858805,0.0
17.829899,0.5418552,0.0
20.050232,0.2324204,0.0
9.609753,0.53501433,0.0
4.301056,0.4654186,0.0
2.357941,0.4171548,1.0
1.9746959,0.37751865,0.0
21.960875,0.07160111,0.0
19.608583,0.4924599,0.0
12.930059,0.6713443,1.0
4.8535266,0.47632515,0.0
4.301056,0.4654186,1.0
7.593964,0.16083957,0.0
5.9327292,0.3131116,0.0
21.278706,0.49254432,1.0
21.637783,0.052530706,0.0
19.818243,0.1285816,0.0
7.6570835,0.15130776,0.0
5.18068,0.24080642,0.0
21.982666,0.5892684,0.0
10.593263,0.89890224,1.0
3.044678,0.6141617,0.0
21.433481,0.41586417,0.0
6.800386,0.2729704,0.0
0.9276799,0.53377694,0.0
7.471716,0.3460712,0.0
4.929406,0.23751768,0.0
21.434212,0.41593233,1.0
152.85272,0.000702064,0.0
18.22006,0.5664392,0.0
20.032665,0.2252762,0.0
9.490293,0.5345098,0.0
4.6344795,0.48200226,0.0
1.6266099,0.42431965,1.0
0.92155707,0.5370775,0.0
18.119299,0.086221084,0.0
21.434214,0.41593233,0.0
13.1453905,0.68048245,1.0
4.9986076,0.46136293,0.0
4.6344786,0.4820023,1.0
9.064806,0.12229786,0.0
6.260968,0.28821078,0.0
21.509212,0.620018,1.0
10.269844,0.22076139,0.0
20.732458,0.10439597,0.0
8.097264,0.14453639,0.0
4.8294935,0.2843109,0.0
20.612751,0.47239086,0.0
5.5344377,0.8046749,1.0
4.7570133,0.5764154,0.0
21.552143,0.4082864,0.0
10.140575,0.45456648,0.0
2.7657058,0.30135188,0.0
8.545614,0.3417067,0.0
5.663826,0.20681036,0.0
21.552826,0.40836152,1.0
147.59442,0.0008546717,0.0
18.249216,0.57115436,0.0
19.770588,0.24028249,0.0
9.377583,0.53654104,0.0
4.4279213,0.44674075,0.0
3.2188618,0.3349498,1.0
2.5357094,0.31109536,0.0
23.030748,0.061807055,0.0
21.552822,0.40836152,0.0
12.959492,0.67091644,1.0
5.0277705,0.46901536,0.0
4.427922,0.44674075,1.0
8.835258,0.12530036,0.0
6.2097344,0.29640165,0.0
20.353384,0.47237638,1.0
24.474403,0.038365673,0.0
19.494202,0.14026852,0.0
8.0098,0.14334019,0.0
5.735453,0.2164641,0.0
19.896395,0.54101187,0.0
3.8074968,0.7607549,1.0
6.920384,0.21175745,0.0
21.703207,0.4064605,0.0
10.108623,0.4280803,0.0
1.3560355,0.40603805,0.0
8.3927,0.30792153,0.0
8.097299,0.13476954,0.0
21.703676,0.40651715,1.0
152.53929,0.00083079323,0.0
21.096262,0.6804176,0.0
16.934675,0.28126106,0.0
9.196165,0.5452761,0.0
4.576395,0.42162788,0.0
0.8418016,0.46911874,1.0
2.890248,0.28343695,0.0
20.444357,0.0713851,0.0
21.703674,0.40651718,0.0
12.861572,0.6875549,1.0
4.7456737,0.47513837,0.0
4.576394,0.42162794,1.0
13.9277315,0.06006878,0.0
11.407266,0.13651156,0.0
19.55679,0.54275936,1.0
12.713211,0.13582829,0.0
17.895168,0.16378371,0.0
9.180129,0.10904492,0.0
10.45215,0.08500676,0.0
19.385632,0.5847874,0.0
5.215582,0.82774013,1.0
10.140137,0.12219314,0.0
20.272396,0.38525167,0.0
16.446693,0.5347446,0.0
1.6220939,0.4166227,0.0
5.755957,0.33880037,0.0
7.382689,0.14008851,0.0
20.273376,0.38539866,1.0
147.69426,0.0008519592,0.0
20.961153,0.6616826,0.0
17.108181,0.26182944,0.0
8.788432,0.51736015,0.0
4.679379,0.45941553,0.0
2.661268,0.33909723,1.0
2.273669,0.35048848,0.0
14.808278,0.10807783,0.0
20.273376,0.3853987,0.0
12.724902,0.67702127,1.0
4.823573,0.48555964,0.0
4.679379,0.45941553,1.0
12.606022,0.068666846,0.0
12.195945,0.11658167,0.0
19.002108,0.5862437,1.0
12.54347,0.13266388,0.0
16.970383,0.18360274,0.0
9.205264,0.10770639,0.0
10.513128,0.084014684,0.0
18.82682,0.6237016,0.0
6.8409967,0.874395,1.0
9.10405,0.15216205,0.0
17.540585,0.5556174,0.0
17.858414,0.5569714,0.0
2.537583,0.33591837,0.0
5.8888254,0.35248324,0.0
8.257599,0.1194315,0.0
19.089634,0.595805,1.0
153.96304,0.00071712985,0.0
20.367746,0.65963596,0.0
16.566996,0.26783758,0.0
8.615876,0.5063081,0.0
4.4950843,0.48419875,0.0
2.436827,0.35893953,1.0
2.4312825,0.33771467,0.0
14.830051,0.11454174,0.0
18.618187,0.35013515,0.0
12.922106,0.66872394,1.0
4.919016,0.52762127,0.0
4.4950843,0.48419875,1.0
13.431745,0.06041771,0.0
11.388208,0.13529329,0.0
16.815336,0.46965313,1.0
17.078234,0.091099426,0.0
16.548086,0.18506084,0.0
9.124508,0.10639986,0.0
10.426121,0.08280482,0.0
17.384462,0.59757507,0.0
10.205557,0.91713065,1.0
10.437069,0.14136772,0.0
17.343761,0.5662095,0.0
17.313341,0.5511586,0.0
2.4733534,0.38408235,0.0
6.414425,0.33658943,0.0
6.794971,0.1527372,0.0
18.88974,0.59900147,1.0
151.51433,0.0007999094,0.0
20.047127,0.6721871,0.0
15.985613,0.2755538,0.0
9.044035,0.5224347,0.0
5.345581,0.59972215,0.0
6.138579,0.22372483,1.0
2.4455838,0.38691264,0.0
14.138946,0.13174301,0.0
18.628944,0.33737284,0.0
13.097029,0.6787258,1.0
10.3997345,0.654248,0.0
5.3455815,0.5997221,1.0
10.895434,0.09006372,0.0
10.802376,0.14808515,0.0
17.362543,0.5978543,1.0
16.522017,0.10937787,0.0
16.257822,0.19399828,0.0
6.5941005,0.16587465,0.0
5.461341,0.2652088,0.0
18.30843,0.5929608,0.0
10.534174,0.9163137,1.0
13.200229,0.087759376,0.0
8.162061,0.3724012,0.0
17.013186,0.54652154,0.0
3.392386,0.3014449,0.0
6.8719196,0.26509517,0.0
7.9838667,0.12462539,0.0
18.611471,0.39773762,1.0
167.77074,0.00047462076,0.0
19.302233,0.67881083,0.0
15.180726,0.29699934,0.0
8.799654,0.5287849,0.0
5.7587442,0.64805984,0.0
3.7975776,0.28733042,1.0
3.3586667,0.30379432,0.0
16.635433,0.09925922,0.0
18.611471,0.3977377,0.0
12.89837,0.671771,1.0
4.9380026,0.54080164,0.0
5.7587447,0.6480599,1.0
12.42714,0.07074733,0.0
9.9124,0.17188022,0.0
18.270252,0.59340787,1.0
18.525291,0.089520805,0.0
17.372246,0.17289808,0.0
8.321826,0.12856676,0.0
8.736537,0.11154454,0.0
17.716545,0.5744126,0.0
7.670644,0.8874556,1.0
17.689455,0.05002883,0.0
18.10137,0.5418696,0.0
17.571499,0.5640033,0.0
2.946828,0.31659678,0.0
7.3754783,0.27038902,0.0
8.295746,0.117591925,0.0
19.562378,0.59214634,1.0
175.69835,0.000373763,0.0
19.05867,0.64468735,0.0
15.555637,0.28408703,0.0
8.731073,0.492689,0.0
5.7040424,0.6062241,0.0
4.5180945,0.2501364,1.0
3.6168218,0.28429618,0.0
16.40256,0.096198,0.0
19.31046,0.32420692,0.0
12.7064495,0.66130215,1.0
4.9233875,0.52727354,0.0
5.7040415,0.6062241,1.0
12.976892,0.066039704,0.0
10.405132,0.15336421,0.0
17.716545,0.5744126,1.0
18.427881,0.08557903,0.0
17.37272,0.15133967,0.0
9.49622,0.10965258,0.0
10.872295,0.08224346,0.0
17.084679,0.6369731,0.0
7.60397,0.88718635,1.0
13.988693,0.07739072,0.0
8.215511,0.36548585,0.0
16.952549,0.543697,0.0
3.9133494,0.26656663,0.0
8.172155,0.21011809,0.0
9.283627,0.107411735,0.0
18.194578,0.36949533,1.0
174.7204,0.00033743645,0.0
17.052237,0.61156374,0.0
15.601501,0.28495994,0.0
7.9632587,0.22013764,0.0
5.652677,0.58151954,0.0
4.5386686,0.24985626,1.0
3.8779013,0.2685391,0.0
15.559462,0.10319462,0.0
18.194578,0.36949527,0.0
13.588158,0.6444218,1.0
4.770472,0.47975576,0.0
5.652678,0.58151954,1.0
12.868851,0.07025713,0.0
10.636824,0.14376622,0.0
17.084677,0.6369731,1.0
17.448257,0.09395407,0.0
16.385069,0.1662087,0.0
10.766495,0.09371143,0.0
11.456842,0.07924037,0.0
19.351877,0.440159,0.0
8.47292,0.88439643,1.0
9.538706,0.16501132,0.0
9.41217,0.484937,0.0
16.523397,0.5382397,0.0
3.0327816,0.28928667,0.0
7.1103983,0.3415652,0.0
8.4044,0.12678722,0.0
21.14258,0.48199943,1.0
170.79799,0.00035513056,0.0
14.346997,0.46887732,0.0
16.612434,0.22842136,0.0
8.291159,0.20205466,0.0
5.23435,0.5857849,0.0
3.3075678,0.27276832,1.0
3.8336506,0.25855252,0.0
21.352478,0.08197169,0.0
21.14258,0.48199943,0.0
14.332139,0.687438,1.0
4.7160463,0.4796299,0.0
5.2343497,0.5857849,1.0
11.845526,0.0805933,0.0
9.560839,0.1823582,0.0
19.351877,0.440159,1.0
19.054266,0.082336105,0.0
21.510443,0.111885056,0.0
10.075656,0.1038238,0.0
9.505114,0.10269267,0.0
18.879122,0.49227002,0.0
3.6542692,0.71930957,1.0
8.139998,0.19821228,0.0
9.415219,0.4953004,0.0
16.554947,0.54003114,0.0
4.8375416,0.21960291,0.0
6.6436467,0.3752635,0.0
6.4713526,0.17059563,0.0
20.823212,0.4926093,1.0
179.88277,0.00028929103,0.0
13.354944,0.4258081,0.0
16.530172,0.22428545,0.0
4.5011597,0.258271,0.0
5.1161594,0.58422965,0.0
3.3683417,0.26760083,1.0
2.5714018,0.3213296,0.0
18.217463,0.12733783,0.0
20.823212,0.4926093,0.0
14.127992,0.6920147,1.0
5.0155926,0.37256268,0.0
5.1161594,0.58422965,1.0
8.890523,0.11369013,0.0
10.366625,0.1585006,0.0
18.879118,0.49227002,1.0
16.29155,0.11572233,0.0
17.842218,0.23994103,0.0
8.442915,0.13085493,0.0
8.771422,0.114498064,0.0
20.124989,0.4323817,0.0
5.755499,0.8118327,1.0
11.224276,0.13137978,0.0
21.050665,0.44095573,0.0
16.712828,0.5490465,0.0
3.4608462,0.26516554,0.0
10.53304,0.3313586,0.0
7.807229,0.14045557,0.0
21.856285,0.5079405,1.0
33.60788,0.13241279,0.0
13.674395,0.45851985,0.0
16.544317,0.22215937,0.0
3.678996,0.32888046,0.0
4.6827374,0.55238825,0.0
3.6059115,0.2550525,1.0
3.669808,0.2582904,0.0
23.112598,0.069728516,0.0
21.602188,0.41185245,0.0
14.354498,0.6859134,1.0
4.418224,0.48293677,0.0
4.682738,0.5523883,1.0
9.825259,0.10004702,0.0
9.411021,0.20167126,0.0
20.073978,0.43344256,1.0
19.634188,0.07695875,0.0
20.75369,0.09865434,0.0
8.721799,0.118600555,0.0
8.933862,0.10972725,0.0
20.582232,0.4337111,0.0
8.357401,0.86874676,1.0
8.310927,0.24751581,0.0
20.687214,0.45601898,0.0
17.23999,0.56047505,0.0
2.5473764,0.32908747,0.0
9.90328,0.3272186,0.0
6.3434935,0.17745364,0.0
21.670174,0.5350142,1.0
33.471924,0.13818884,0.0
13.156895,0.435389,0.0
16.238941,0.2341908,0.0
4.2605267,0.27935326,0.0
4.73663,0.5338147,0.0
2.4429939,0.3372638,1.0
3.4474285,0.2880162,0.0
23.098166,0.08227068,0.0
20.822105,0.43272993,0.0
14.307253,0.68170345,1.0
4.7335634,0.4036794,0.0
4.73663,0.5338148,1.0
9.726432,0.103953384,0.0
9.8211355,0.18200147,0.0
20.547108,0.43436283,1.0
18.449142,0.08916908,0.0
21.198162,0.09376747,0.0
7.5959797,0.14847463,0.0
7.3602443,0.14339243,0.0
19.162298,0.5786672,0.0
10.635248,0.90231776,1.0
8.511681,0.2035441,0.0
19.749262,0.49490172,0.0
17.967705,0.5748446,0.0
3.046118,0.31560862,0.0
9.357652,0.3753919,0.0
5.2270336,0.22864659,0.0
21.205318,0.5637338,1.0
33.62489,0.14391588,0.0
18.414116,0.4489803,0.0
16.365484,0.19440043,0.0
3.646158,0.37515736,0.0
4.9390182,0.5644704,0.0
4.0531945,0.25895867,1.0
2.3585768,0.37118107,0.0
19.458258,0.10315727,0.0
21.275925,0.44593775,0.0
16.323738,0.5768591,1.0
4.6326747,0.40808412,0.0
4.9390187,0.5644706,1.0
6.739928,0.17909417,0.0
10.7847595,0.15703802,0.0
18.80812,0.58576393,1.0
17.341566,0.102043584,0.0
19.282133,0.10813374,0.0
5.972625,0.2030281,0.0
4.5966063,0.34201196,0.0
18.873451,0.5072448,0.0
9.856178,0.8593708,1.0
9.261474,0.17534916,0.0
19.876413,0.4914133,0.0
17.41478,0.56827027,0.0
6.319688,0.18567877,0.0
9.489438,0.35238484,0.0
11.908214,0.08378138,0.0
21.391602,0.55473363,1.0
34.39399,0.13367622,0.0
18.721617,0.4559725,0.0
16.890495,0.18556225,0.0
5.7589207,0.23522276,0.0
5.2038307,0.61393803,0.0
5.1658697,0.2281073,1.0
5.4689116,0.21119776,0.0
20.870865,0.08699018,0.0
22.554571,0.41354793,0.0
16.03658,0.6041386,1.0
4.516436,0.46479967,0.0
4.6638775,0.55279136,1.0
5.335139,0.3228851,0.0
10.967375,0.15046236,0.0
18.571135,0.51519305,1.0
20.846334,0.061569564,0.0
20.469929,0.10532308,0.0
6.7678947,0.17079054,0.0
9.16913,0.1304824,0.0
18.905237,0.604563,0.0
7.8029156,0.7940444,1.0
10.761326,0.14498821,0.0
19.710234,0.52418214,0.0
16.546307,0.5563163,0.0
4.2249594,0.24132317,0.0
10.333795,0.2955843,0.0
10.771787,0.10158529,0.0
21.456936,0.5805609,1.0
158.02512,0.00058370864,0.0
18.73191,0.47750348,0.0
16.769238,0.19605635,0.0
5.0384903,0.2558181,0.0
5.77251,0.64527076,0.0
5.4638367,0.20889683,1.0
5.5100927,0.2123363,0.0
17.048737,0.118206404,0.0
23.125679,0.40236166,0.0
15.917996,0.62676954,1.0
4.577403,0.46801567,0.0
5.7725096,0.64527076,1.0
4.910527,0.31065652,0.0
10.223103,0.18578686,0.0
18.58509,0.65715426,1.0
18.912188,0.07573686,0.0
17.393894,0.15672499,0.0
7.65643,0.15259376,0.0
10.056377,0.11851062,0.0
18.947445,0.5650542,0.0
7.947487,0.80873847,1.0
9.902094,0.1825328,0.0
20.532562,0.47127837,0.0
6.2008095,0.5118918,0.0
3.4205894,0.269275,0.0
11.029459,0.31001967,0.0
8.427485,0.13186787,0.0
22.064299,0.5370864,1.0
158.1162,0.0006223136,0.0
18.624588,0.44362184,0.0
16.76447,0.18737885,0.0
4.6322374,0.27740353,0.0
5.5572267,0.63199174,0.0
3.3672645,0.60641694,1.0
6.2357774,0.18212663,0.0
17.108286,0.12633236,0.0
24.140728,0.36651677,0.0
15.924007,0.60657233,1.0
4.442147,0.44581127,0.0
5.557226,0.6319918,1.0
5.636499,0.27017534,0.0
10.190359,0.1805682,0.0
18.586319,0.6163916,1.0
18.938828,0.08715777,0.0
16.657442,0.18260324,0.0
6.7241564,0.17412885,0.0
8.30109,0.152887,0.0
18.341413,0.5479101,0.0
6.642647,0.76537824,1.0
9.456159,0.1863498,0.0
21.332474,0.4161443,0.0
6.140854,0.5074334,0.0
3.8159537,0.25525108,0.0
11.328281,0.31568295,0.0
9.304526,0.1181337,0.0
22.719538,0.49200925,1.0
160.77971,0.0006103256,0.0
18.648018,0.43500444,0.0
16.817791,0.19985864,0.0
5.0396457,0.25701213,0.0
5.948158,0.66109407,0.0
3.2819924,0.5877129,1.0
6.7881556,0.16743094,0.0
18.879725,0.094693534,0.0
24.534578,0.35638526,0.0
15.790896,0.60021955,1.0
4.773184,0.4687322,0.0
6.2049856,0.6782624,1.0
6.34209,0.23166591,0.0
9.759373,0.20756647,0.0
18.023342,0.5935028,1.0
20.673962,0.06843141,0.0
16.922792,0.15525222,0.0
7.3364654,0.15533057,0.0
10.112242,0.121881776,0.0
17.940306,0.54890114,0.0
6.9872293,0.76402944,1.0
8.17762,0.23541167,0.0
21.434668,0.4873878,0.0
6.519969,0.5633046,0.0
3.1133223,0.28557795,0.0
10.923629,0.32095248,0.0
8.116995,0.13521655,0.0
23.342054,0.56719947,1.0
158.03954,0.00065067573,0.0
16.720116,0.36370555,0.0
19.429094,0.15606563,0.0
5.052947,0.2546924,0.0
5.70387,0.6432415,0.0
4.972983,0.72636193,1.0
6.015727,0.20530826,0.0
20.227888,0.07929817,0.0
25.356325,0.37258932,0.0
18.000788,0.68876845,1.0
4.5259595,0.4298114,0.0
5.7038703,0.6432415,1.0
7.050493,0.20299843,0.0
10.676359,0.15936828,0.0
17.528429,0.6102644,1.0
21.601366,0.060780544,0.0
16.324917,0.17416193,0.0
7.768059,0.14971434,0.0
8.979668,0.13760966,0.0
17.478586,0.5954382,0.0
7.186789,0.79350364,1.0
6.549185,0.2496279,0.0
35.314224,0.1337131,0.0
4.81909,0.45695287,0.0
2.4669812,0.33015624,0.0
10.516064,0.22745459,0.0
9.347972,0.12286115,0.0
24.796326,0.5707411,1.0
146.38654,0.00095570006,0.0
16.634907,0.38487896,0.0
19.154823,0.16817723,0.0
4.9604115,0.26677972,0.0
6.1727705,0.6920114,0.0
1.7957796,0.6582645,1.0
3.9826465,0.24807103,0.0
17.983757,0.099038176,0.0
24.796328,0.57074106,0.0
18.081976,0.71296763,1.0
4.4733257,0.44772825,0.0
6.1727705,0.6920114,1.0
6.2057815,0.22102766,0.0
10.429938,0.171288,0.0
18.313816,0.6935315,1.0
17.33879,0.076649606,0.0
16.281113,0.17954029,0.0
7.3148265,0.16250537,0.0
8.806944,0.14435284,0.0
18.379696,0.5889796,0.0
5.4984255,0.70819145,1.0
8.142236,0.1812474,0.0
35.398125,0.13139214,0.0
5.876349,0.32389373,0.0
3.5637112,0.2739005,0.0
11.795991,0.18593885,0.0
10.392443,0.10674589,0.0
24.741657,0.5545642,1.0
152.89424,0.0007500395,0.0
16.53481,0.38938498,0.0
19.029184,0.17089726,0.0
5.218667,0.2604418,0.0
5.8055344,0.63029754,0.0
2.1979482,0.65557206,1.0
4.0160027,0.25186923,0.0
15.715025,0.095615566,0.0
24.741657,0.5545642,0.0
17.86515,0.714719,1.0
4.6165566,0.46691588,0.0
6.1952224,0.66406316,1.0
6.8541346,0.20098805,0.0
10.147687,0.18966113,0.0
22.230055,0.6776181,1.0
16.819328,0.07876419,0.0
18.386028,0.14088283,0.0
9.087761,0.12016923,0.0
11.850393,0.09565813,0.0
17.308945,0.588297,0.0
5.3428683,0.7410297,1.0
7.5142183,0.22410958,0.0
35.75576,0.12062964,0.0
6.2912097,0.48463264,0.0
4.4008703,0.24292561,0.0
10.861305,0.23563288,0.0
10.391243,0.105431885,0.0
25.474785,0.55594295,1.0
143.53513,0.0010090076,0.0
17.172493,0.43603483,0.0
17.330875,0.20709781,0.0
3.6693304,0.43431544,0.0
6.0271716,0.6210713,0.0
2.9545865,0.380219,1.0
4.3662205,0.24377018,0.0
20.35554,0.07178374,0.0
25.474789,0.55594295,0.0
8.559733,0.51495177,1.0
5.336112,0.62903416,0.0
6.3449945,0.66235006,1.0
5.4483137,0.24582848,0.0
9.409398,0.21815959,0.0
18.232761,0.66583705,1.0
18.971172,0.06403174,0.0
16.611523,0.14621703,0.0
8.317938,0.1379571,0.0
6.4234548,0.2772041,0.0
18.075031,0.5611215,0.0
6.4045105,0.79017967,1.0
8.4657135,0.19226532,0.0
35.847057,0.12099879,0.0
4.4725003,0.464072,0.0
4.420126,0.23253177,0.0
12.534297,0.17872176,0.0
12.902412,0.075297825,0.0
25.02581,0.55268705,1.0
147.07695,0.0009224337,0.0
16.546644,0.3825241,0.0
19.276031,0.16526078,0.0
3.9060225,0.4381383,0.0
7.5617394,0.7302441,0.0
1.4338138,0.61260736,1.0
4.4197707,0.23414704,0.0
19.578018,0.07811603,0.0
25.02581,0.5526871,0.0
13.701346,0.6461496,1.0
4.6068616,0.46305275,0.0
7.5617394,0.73024404,1.0
5.1473355,0.26723135,0.0
10.453873,0.16111735,0.0
17.907295,0.5840416,1.0
18.94444,0.0703451,0.0
17.324688,0.1324543,0.0
9.107441,0.12932172,0.0
7.1655016,0.25585222,0.0
17.855366,0.5342614,0.0
5.445277,0.7539338,1.0
6.4585896,0.6838826,0.0
35.348083,0.13958187,0.0
5.611959,0.58798516,0.0
5.242465,0.20467548,0.0
11.023971,0.24842998,0.0
13.715728,0.06696347,0.0
25.809904,0.5711296,1.0
148.99545,0.0009824281,0.0
17.70491,0.38617894,0.0
20.194164,0.18268013,0.0
6.553878,0.19400771,0.0
7.7886133,0.7475407,0.0
2.640203,0.6308763,1.0
5.203243,0.20591334,0.0
20.318459,0.07228891,0.0
25.809904,0.5711296,0.0
17.826784,0.69137037,1.0
4.952399,0.3764337,0.0
7.7886114,0.74754065,1.0
7.0323844,0.19686219,0.0
17.151255,0.17947304,0.0
17.782246,0.542642,1.0
20.376108,0.066162854,0.0
17.0205,0.13194181,0.0
13.995461,0.07251468,0.0
7.670986,0.22718205,0.0
17.492424,0.56275755,0.0
5.3244596,0.7435022,1.0
7.0419064,0.6700159,0.0
35.70381,0.12718116,0.0
6.2014756,0.6014083,0.0
6.589905,0.16602245,0.0
10.823604,0.24076591,0.0
14.208802,0.06240203,0.0
25.028955,0.60106367,1.0
148.631,0.0009921669,0.0
18.129143,0.37344244,0.0
20.671883,0.18001962,0.0
7.6469684,0.15824752,0.0
8.571115,0.7777679,0.0
4.287747,0.7503829,1.0
6.4274898,0.17139517,0.0
21.269133,0.07126271,0.0
25.028952,0.60106367,0.0
17.880936,0.6763112,1.0
5.0429397,0.3620708,0.0
8.571113,0.77776784,1.0
10.067628,0.12830018,0.0
17.478392,0.17467162,0.0
17.492426,0.5627576,1.0
21.495756,0.0627227,0.0
16.341814,0.20125511,0.0
15.414244,0.060163353,0.0
16.18232,0.05803537,0.0
17.066532,0.5978754,0.0
5.497095,0.75529766,1.0
7.399463,0.665582,0.0
35.850876,0.12643951,0.0
6.71344,0.6116092,0.0
6.267927,0.17131604,0.0
10.871868,0.23749934,0.0
14.093443,0.06263141,0.0
24.577232,0.59824353,1.0
146.65814,0.0010488909,0.0
17.179005,0.37514564,0.0
20.17493,0.18490456,0.0
8.305366,0.14539583,0.0
8.098559,0.7592204,0.0
4.7164497,0.7633468,1.0
6.137995,0.17622836,0.0
20.089224,0.079572044,0.0
24.577232,0.5982436,0.0
12.308598,0.4241907,1.0
4.816386,0.4688062,0.0
8.098559,0.75922024,1.0
10.794326,0.11639102,0.0
16.949043,0.21834257,0.0
17.066532,0.59787536,1.0
20.81915,0.06621758,0.0
15.63106,0.22413641,0.0
16.450598,0.053758103,0.0
17.511116,0.049192082,0.0
17.416689,0.59572875,0.0
5.746949,0.7574632,1.0
7.104104,0.71798354,0.0
35.066944,0.14508328,0.0
6.1792226,0.60220754,0.0
5.4461603,0.19356513,0.0
9.998593,0.26619142,0.0
15.07874,0.056232054,0.0
23.880966,0.621376,1.0
139.5935,0.0014374993,0.0
17.119526,0.3849707,0.0
20.142548,0.19389695,0.0
8.331855,0.14484951,0.0
9.362338,0.7947754,0.0
2.779839,0.6309724,1.0
6.796201,0.15442209,0.0
19.16263,0.08535359,0.0
23.880966,0.621376,0.0
11.96331,0.43300405,1.0
4.6128926,0.48017812,0.0
9.362337,0.7947754,1.0
9.660626,0.1461698,0.0
16.865095,0.22062181,0.0
17.41669,0.5957288,1.0
19.065996,0.08485532,0.0
15.64477,0.22499557,0.0
16.991081,0.05063461,0.0
18.603682,0.04457088,0.0
17.501045,0.57096463,0.0
6.038042,0.769839,1.0
8.793457,0.7605315,0.0
12.298658,0.6961074,0.0
6.160868,0.63967246,0.0
4.6341953,0.22525638,0.0
7.996094,0.37528485,0.0
14.822989,0.0582463,0.0
24.430332,0.54439,1.0
131.72235,0.002116931,0.0
17.271059,0.44760737,0.0
18.222248,0.23714155,0.0
8.760509,0.13399407,0.0
8.665909,0.76648533,0.0
3.8392088,0.72944605,1.0
5.9314747,0.16974922,0.0
18.326942,0.094252616,0.0
24.430334,0.54439,0.0
10.202286,0.46973446,1.0
5.2088366,0.4567496,0.0
8.665907,0.76648533,1.0
9.0471115,0.16168639,0.0
16.139862,0.21760277,0.0
17.501045,0.5709646,1.0
19.430182,0.08336391,0.0
15.912481,0.22621451,0.0
17.04698,0.05017489,0.0
19.88968,0.038382407,0.0
19.067215,0.53150177,0.0
7.1484375,0.74236715,1.0
9.202272,0.8180965,0.0
13.258287,0.6922723,0.0
5.7125697,0.5943149,0.0
3.6988287,0.26442257,0.0
8.117809,0.39125517,0.0
13.504582,0.06744479,0.0
25.428034,0.5277467,1.0
128.32875,0.0021289405,0.0
16.866362,0.40503076,0.0
19.547571,0.20199464,0.0
8.894955,0.12932172,0.0
9.445246,0.7799569,0.0
3.4889092,0.71029025,1.0
5.4688034,0.1792543,0.0
17.597826,0.10273667,0.0
25.428041,0.5277467,0.0
12.084393,0.46346617,1.0
4.7432823,0.4762186,0.0
9.445247,0.7799569,1.0
7.6258383,0.2245201,0.0
16.498322,0.23613136,0.0
18.859753,0.55440223,1.0
20.340124,0.07393707,0.0
16.381632,0.15562098,0.0
16.725815,0.052122816,0.0
22.075241,0.030855905,0.0
20.440868,0.58460146,0.0
7.9985123,0.77774644,1.0
8.282579,0.8007528,0.0
12.903693,0.68634963,0.0
17.16654,0.5665829,0.0
3.1800332,0.296108,0.0
8.098021,0.3851009,0.0
13.462244,0.06958571,0.0
24.893894,0.53779274,1.0
127.0047,0.0022164658,0.0
16.210676,0.3990476,0.0
19.355667,0.21104406,0.0
4.9269533,0.2625356,0.0
9.438263,0.79453886,0.0
2.8348215,0.53801465,1.0
4.7063875,0.20595889,0.0
15.020521,0.13033736,0.0
24.893898,0.53779274,0.0
9.795671,0.5115802,1.0
4.7085447,0.52331036,0.0
9.438265,0.79453886,1.0
7.089393,0.25024012,0.0
16.235138,0.24635087,0.0
21.555927,0.6340417,1.0
20.977934,0.074093744,0.0
17.766047,0.16089574,0.0
15.069425,0.062480263,0.0
19.823362,0.038273845,0.0
20.347717,0.664492,0.0
8.591995,0.84535533,1.0
5.6799436,0.73951954,0.0
11.939027,0.6582653,0.0
17.3077,0.58040565,0.0
3.589727,0.2749472,0.0
7.5580907,0.37186915,0.0
11.695703,0.08398368,0.0
24.235666,0.5675037,1.0
123.03143,0.0023655635,0.0
15.90172,0.36481655,0.0
19.35242,0.21342832,0.0
5.3076787,0.24264285,0.0
8.525448,0.76122653,0.0
0.57380354,0.57344216,1.0
3.5676703,0.25295383,0.0
15.512472,0.102468364,0.0
24.235664,0.5675037,0.0
8.578977,0.3903286,1.0
4.3864226,0.5186742,0.0
8.525447,0.76122653,1.0
8.785866,0.16850308,0.0
16.188591,0.25137678,0.0
22.060863,0.62732553,1.0
21.790527,0.06874257,0.0
18.339048,0.17826574,0.0
16.203966,0.05587392,0.0
20.778435,0.03445251,0.0
22.659126,0.59157336,0.0
9.298131,0.83787435,1.0
7.919826,0.743359,0.0
12.596554,0.6623607,0.0
16.442865,0.5664802,0.0
4.0477047,0.25511527,0.0
8.088968,0.38231242,0.0
14.831836,0.058917224,0.0
25.191513,0.5485647,1.0
123.972374,0.0023648771,0.0
16.681547,0.42192873,0.0
19.543987,0.20701371,0.0
8.687624,0.13614511,0.0
9.044545,0.7936161,0.0
3.2335382,0.47250456,1.0
5.2257905,0.19172914,0.0
16.637314,0.111502595,0.0
25.19151,0.5485647,0.0
12.57399,0.5267052,1.0
7.62317,0.6081865,0.0
9.044543,0.79361594,1.0
7.9172916,0.20980899,0.0
16.478924,0.29406843,0.0
24.50858,0.5805466,1.0
24.273624,0.05705481,0.0
20.094973,0.15249176,0.0
15.103796,0.06032098,0.0
17.743607,0.04839122,0.0
22.845818,0.64736617,0.0
8.552422,0.81635916,1.0
5.9351354,0.33213842,0.0
13.220694,0.68083227,0.0
4.8218064,0.36246118,0.0
2.2543569,0.3411009,0.0
9.033051,0.31561157,0.0
9.466881,0.11407241,0.0
26.293259,0.51976335,1.0
115.738335,0.0033755358,0.0
15.74115,0.3816637,0.0
19.03572,0.21689245,0.0
6.133914,0.27897087,0.0
10.018175,0.8149191,0.0
1.8464965,0.754433,1.0
3.2815075,0.27081513,0.0
14.045494,0.1314244,0.0
26.293259,0.5197634,0.0
9.233614,0.4776522,1.0
4.742303,0.5782444,0.0
10.018174,0.8149191,1.0
8.056341,0.21104567,0.0
15.956935,0.2577444,0.0
24.964369,0.59167236,1.0
23.24244,0.06411174,0.0
20.083763,0.15150876,0.0
14.929058,0.066193186,0.0
17.760708,0.050404448,0.0
26.905651,0.62358594,0.0
8.247063,0.7785377,1.0
5.8358445,0.36590004,0.0
13.1236515,0.6429936,0.0
5.590538,0.5407982,0.0
7.965266,0.1328514,0.0
9.073111,0.32707986,0.0
12.592428,0.0740407,0.0
25.908005,0.5069628,1.0
114.532974,0.003684228,0.0
15.941373,0.44879246,0.0
18.697803,0.23129296,0.0
5.4683633,0.32308808,0.0
9.086048,0.7790726,0.0
3.4438357,0.7279946,1.0
10.430777,0.08648938,0.0
27.995537,0.028631106,0.0
25.907999,0.5069627,0.0
12.271511,0.6583801,1.0
11.672002,0.72709614,0.0
9.086048,0.7790725,1.0
7.0391817,0.23876844,0.0
15.893653,0.33636862,0.0
26.837044,0.6212543,1.0
29.536968,0.036606874,0.0
21.098347,0.15782116,0.0
13.347197,0.0739374,0.0
17.01717,0.055647034,0.0
23.600386,0.6782134,0.0
10.85573,0.87327546,1.0
5.143492,0.46706745,0.0
13.539526,0.6555064,0.0
5.551633,0.5686364,0.0
4.446237,0.25084993,0.0
8.527681,0.37397182,0.0
12.4665,0.074100256,0.0
25.027763,0.5270638,1.0
111.84857,0.0040652175,0.0
15.921629,0.43347865,0.0
18.865501,0.22323418,0.0
7.875922,0.16591354,0.0
9.478043,0.77862847,0.0
4.097129,0.76652324,1.0
4.3811955,0.23239356,0.0
13.032812,0.19004923,0.0
25.027763,0.5270638,0.0
11.244295,0.6084918,1.0
10.380025,0.6793005,0.0
9.478043,0.7786285,1.0
7.1004386,0.2447491,0.0
15.950066,0.32632795,0.0
25.51768,0.64838105,1.0
26.202385,0.049891848,0.0
19.53063,0.1869611,0.0
12.851952,0.080521464,0.0
20.072685,0.03961514,0.0
23.358122,0.6922202,0.0
10.212501,0.8703907,1.0
4.964817,0.44596103,0.0
14.252567,0.7025756,0.0
5.7221594,0.60149986,0.0
2.1079466,0.3811123,0.0
8.6505375,0.35488084,0.0
9.8776455,0.10306963,0.0
24.889439,0.5163667,1.0
112.08322,0.0038684371,0.0
16.152111,0.42312104,0.0
19.236116,0.21608898,0.0
5.3435497,0.23380893,0.0
9.435406,0.7856672,0.0
4.024884,0.777716,1.0
3.956532,0.2574152,0.0
13.394876,0.19082783,0.0
24.889439,0.5163668,0.0
10.886215,0.59325886,1.0
4.658152,0.5497702,0.0
9.435405,0.7856673,1.0
7.4613247,0.21010962,0.0
16.068626,0.2672543,0.0
24.992537,0.6549523,1.0
24.641958,0.055174433,0.0
18.476482,0.21677464,0.0
12.502913,0.086802684,0.0
19.397444,0.041713253,0.0
25.410088,0.6636374,0.0
9.493734,0.80829614,1.0
4.708993,0.4382521,0.0
14.192682,0.6816762,0.0
6.3424735,0.6408222,0.0
2.759045,0.30345297,0.0
8.723439,0.33307326,0.0
12.165554,0.09050317,0.0
24.467878,0.53387666,1.0
111.01741,0.003806584,0.0
16.25948,0.4073217,0.0
19.589962,0.21058226,0.0
5.215331,0.2975769,0.0
9.048413,0.7691448,0.0
6.775052,0.84432834,1.0
3.9427636,0.24574657,0.0
21.17139,0.07103477,0.0
24.46788,0.53387666,0.0
10.524783,0.5576772,1.0
4.6772914,0.56011283,0.0
9.048414,0.76914483,1.0
8.382855,0.20848803,0.0
16.236948,0.25741377,0.0
21.47379,0.3633272,1.0
26.683662,0.043840088,0.0
18.004581,0.24487264,0.0
13.63125,0.082311936,0.0
17.062342,0.054139473,0.0
23.740776,0.65514636,0.0
9.679101,0.82575315,1.0
5.12757,0.42230695,0.0
24.946487,0.78909945,0.0
6.6318073,0.64866966,0.0
2.8711362,0.32160074,0.0
9.830582,0.3499309,0.0
15.09809,0.06308859,0.0
25.235584,0.6964959,1.0
106.52371,0.004847999,0.0
16.356987,0.40355277,0.0
19.662931,0.2106451,0.0
5.6758046,0.2547035,0.0
9.397604,0.7869461,0.0
7.193803,0.8503584,1.0
4.534805,0.23460622,0.0
17.249521,0.12118958,0.0
24.475492,0.48226765,0.0
10.690613,0.5596158,1.0
4.7172303,0.5541591,0.0
9.397603,0.78694606,1.0
8.473923,0.21179779,0.0
16.36087,0.25795385,0.0
23.704575,0.65455157,1.0
28.181492,0.040328234,0.0
18.846415,0.21148938,0.0
14.946928,0.06819481,0.0
19.321829,0.0418897,0.0
24.850107,0.62753475,0.0
9.965124,0.8084616,1.0
4.9743924,0.40566808,0.0
13.2892065,0.6977328,0.0
6.6617336,0.62748075,0.0
3.0875492,0.32116044,0.0
8.536483,0.33224636,0.0
14.979855,0.06551078,0.0
23.855206,0.5467549,1.0
102.24229,0.0056973943,0.0
16.758572,0.3747724,0.0
20.419773,0.19497931,0.0
5.810554,0.26398852,0.0
9.838281,0.8021779,0.0
6.8559346,0.8405091,1.0
4.6007423,0.24268413,0.0
17.680914,0.119676135,0.0
23.855206,0.5467549,0.0
10.542499,0.5083607,1.0
4.8512287,0.5499622,0.0
9.838281,0.80217785,1.0
8.345772,0.24132812,0.0
16.930527,0.24078023,0.0
24.790123,0.6268271,1.0
28.348328,0.04131891,0.0
19.972664,0.1821797,0.0
14.506934,0.07336748,0.0
18.393715,0.047264937,0.0
24.288837,0.6784574,0.0
8.341707,0.7652851,1.0
5.018573,0.4066169,0.0
23.457678,0.72027487,0.0
6.6201763,0.59250915,0.0
6.051008,0.20136337,0.0
9.216885,0.37354085,0.0
14.426231,0.06932015,0.0
24.795334,0.7210115,1.0
99.96147,0.0061002388,0.0
17.200336,0.39692438,0.0
20.629547,0.18545042,0.0
9.68948,0.12665181,0.0
8.052191,0.75271773,0.0
6.906678,0.8383764,1.0
4.562807,0.25230056,0.0
18.252783,0.11644321,0.0
22.74588,0.5409782,0.0
11.801269,0.4550094,1.0
4.955115,0.47741607,0.0
8.052192,0.7527178,1.0
7.74199,0.26376674,0.0
17.073421,0.23401457,0.0
24.153353,0.67873335,1.0
27.90912,0.04343435,0.0
18.66634,0.25074485,0.0
12.677054,0.088634096,0.0
20.630564,0.033808123,0.0
24.632252,0.68072623,0.0
7.3188915,0.71716654,1.0
3.555173,0.52126896,0.0
23.609524,0.3761392,0.0
6.9715533,0.6407298,0.0
5.233816,0.22633307,0.0
10.16333,0.30644387,0.0
19.450777,0.039377797,0.0
23.004366,0.54182357,1.0
96.15574,0.0071775755,0.0
17.144518,0.385104,0.0
20.522955,0.18312235,0.0
8.990253,0.13565743,0.0
8.485371,0.7763763,0.0
6.463941,0.7342467,1.0
5.777193,0.20564727,0.0
20.978504,0.08108519,0.0
24.897263,0.44786766,0.0
11.915102,0.44629484,1.0
4.984876,0.535426,0.0
8.485371,0.7763763,1.0
8.418671,0.22891706,0.0
17.029636,0.22986312,0.0
24.50379,0.68096125,1.0
29.24862,0.038418397,0.0
19.361727,0.2229721,0.0
15.997891,0.056194946,0.0
22.613512,0.02708628,0.0
27.4208,0.7035965,0.0
8.073144,0.7582073,1.0
3.1729908,0.58866477,0.0
14.374453,0.6062641,0.0
6.787572,0.66629726,0.0
4.7190523,0.20157383,0.0
7.955407,0.3692788,0.0
19.121834,0.04135364,0.0
24.188469,0.5628667,1.0
92.06163,0.007903656,0.0
17.777374,0.35449785,0.0
21.67488,0.1611413,0.0
9.771598,0.11308644,0.0
8.725106,0.7766969,0.0
6.563687,0.7624431,1.0
6.9890246,0.15473048,0.0
21.947477,0.078211285,0.0
24.188469,0.5628667,0.0
12.317333,0.41825628,1.0
5.0640144,0.5284419,0.0
8.725106,0.7766969,1.0
7.914987,0.26006484,0.0
17.975336,0.20668867,0.0
23.100296,0.49300498,1.0
33.499573,0.026617058,0.0
20.794455,0.18431246,0.0
15.040662,0.06350321,0.0
12.905666,0.07955654,0.0
25.002167,0.69950444,0.0
7.7009726,0.7607319,1.0
3.0181594,0.5337572,0.0
14.2721,0.560749,0.0
6.3117256,0.64680403,0.0
8.851092,0.14413673,0.0
7.8971157,0.3623371,0.0
20.168001,0.036226157,0.0
23.836817,0.56989855,1.0
87.46997,0.00865931,0.0
18.133007,0.3414809,0.0
22.147089,0.1555794,0.0
12.692458,0.08397653,0.0
7.298418,0.7203578,0.0
5.8035727,0.74234825,1.0
5.9215918,0.20833755,0.0
19.890839,0.09788702,0.0
23.836819,0.56989855,0.0
13.2680855,0.45569864,1.0
8.9822855,0.59540886,0.0
7.298418,0.7203577,1.0
8.048714,0.24555294,0.0
18.394884,0.23846057,0.0
24.865814,0.69990075,1.0
30.32206,0.035189006,0.0
19.182673,0.23827334,0.0
15.802703,0.055128913,0.0
23.871773,0.023875114,0.0
25.363207,0.70292187,0.0
8.118988,0.77761996,1.0
4.9904265,0.34464335,0.0
14.200083,0.51082796,0.0
5.246045,0.3877361,0.0
3.8341274,0.26307744,0.0
8.681845,0.32419953,0.0
14.093749,0.0694498,0.0
22.890633,0.59126616,1.0
87.41338,0.009330199,0.0
18.071701,0.3571853,0.0
21.896137,0.1592775,0.0
10.987483,0.110188216,0.0
8.044941,0.75912964,0.0
4.7390895,0.42064625,1.0
4.5238953,0.26341233,0.0
19.022795,0.09875685,0.0
22.890633,0.59126616,0.0
13.341041,0.46905607,1.0
8.990256,0.5900344,0.0
8.044941,0.7591296,1.0
6.5524554,0.3908649,0.0
18.18937,0.24320756,0.0
25.27249,0.7030825,1.0
29.152617,0.042263307,0.0
19.02723,0.24342659,0.0
13.863251,0.070190944,0.0
15.470805,0.055929687,0.0
25.987696,0.70914686,0.0
10.562797,0.79753405,1.0
5.6486263,0.86931986,0.0
13.527785,0.50974053,0.0
3.3020139,0.47495878,0.0
6.552169,0.18495922,0.0
10.22268,0.3054148,0.0
13.911753,0.070200495,0.0
22.705687,0.6146862,1.0
85.259,0.010554576,0.0
18.136372,0.3532539,0.0
21.869183,0.15927629,0.0
10.680993,0.118095905,0.0
8.648964,0.7862863,0.0
7.579997,0.78354734,1.0
3.4891484,0.33732635,0.0
18.956882,0.102067575,0.0
22.705685,0.6146862,0.0
13.447114,0.47105077,1.0
9.098488,0.5901866,0.0
8.648964,0.7862863,1.0
6.621394,0.4068569,0.0
18.127829,0.24450181,0.0
25.91978,0.7091735,1.0
30.089401,0.04028394,0.0
20.298038,0.24863721,0.0
13.177995,0.075848505,0.0
14.46281,0.06232497,0.0
26.903093,0.6480721,0.0
12.425172,0.82850605,1.0
6.5783877,0.86957514,0.0
12.894378,0.50750375,0.0
6.461444,0.5221308,0.0
7.28886,0.19000569,0.0
10.216283,0.31215116,0.0
15.902598,0.052187167,0.0
21.643381,0.6214871,1.0
77.88455,0.015642004,0.0
19.342413,0.31761357,0.0
22.679922,0.14130513,0.0
11.129893,0.117453,0.0
10.3205805,0.8114178,0.0
7.596614,0.78893775,1.0
4.461246,0.29319257,0.0
21.059868,0.10674566,0.0
21.64338,0.6214871,0.0
18.419983,0.6337721,1.0
8.371643,0.40165168,0.0
10.32058,0.81141794,1.0
7.4797487,0.40683568,0.0
19.120052,0.17740259,0.0
26.862944,0.64798665,1.0
31.693588,0.035110414,0.0
21.646877,0.22787422,0.0
13.822693,0.07677286,0.0
21.115484,0.03609158,0.0
27.604782,0.61276084,0.0
12.817656,0.8280854,1.0
4.8023252,0.40390804,0.0
12.991788,0.4868287,0.0
9.331025,0.27470538,0.0
5.6374893,0.24725504,0.0
10.1163845,0.31945714,0.0
12.063324,0.07924005,0.0
21.808743,0.62394845,1.0
79.10449,0.014361775,0.0
19.511309,0.30364546,0.0
23.09264,0.12947394,0.0
8.875946,0.14849956,0.0
10.06452,0.8056893,0.0
8.746127,0.28231847,1.0
4.741562,0.279391,0.0
21.390009,0.1094587,0.0
21.808744,0.62394845,0.0
18.724426,0.6299445,1.0
5.643948,0.37930137,0.0
10.064519,0.8056893,1.0
7.458065,0.41536793,0.0
19.292599,0.13976969,0.0
27.600843,0.6127141,1.0
32.546936,0.0336741,0.0
22.45375,0.22864674,0.0
11.859566,0.10417489,0.0
19.51162,0.042686496,0.0
26.907864,0.6262188,0.0
13.100168,0.8500295,1.0
4.8770933,0.44255096,0.0
12.678114,0.48769683,0.0
9.064768,0.27701542,0.0
5.4462805,0.25989887,0.0
10.050976,0.33590695,0.0
13.94572,0.06545373,0.0
22.085556,0.6287079,1.0
78.941795,0.014748363,0.0
19.659924,0.29386923,0.0
23.11567,0.13058205,0.0
10.961869,0.11688966,0.0
9.408031,0.78612155,0.0
8.213149,0.30656698,1.0
4.899247,0.26075155,0.0
21.700865,0.10429833,0.0
22.085556,0.62870795,0.0
18.653969,0.6108836,1.0
8.076299,0.39968988,0.0
9.4080305,0.78612155,1.0
7.2489023,0.39131007,0.0
19.432999,0.16278459,0.0
26.867495,0.62612385,1.0
32.13964,0.034633927,0.0
22.076632,0.24237078,0.0
12.549013,0.089933075,0.0
18.624788,0.04697668,0.0
30.039371,0.6752932,0.0
12.031618,0.7971135,1.0
6.1696377,0.30564532,0.0
12.7976055,0.40232193,0.0
6.978321,0.3934831,0.0
5.20182,0.2463041,0.0
10.393879,0.3031991,0.0
14.630967,0.056305666,0.0
22.264477,0.6337998,1.0
73.62113,0.019416537,0.0
19.53648,0.2989466,0.0
22.975067,0.13154991,0.0
8.446844,0.15913047,0.0
9.5803585,0.79898566,0.0
5.5732074,0.46359164,1.0
6.47996,0.16681647,0.0
23.13197,0.09183589,0.0
22.264477,0.6337998,0.0
18.694992,0.61744565,1.0
5.6449933,0.3751009,0.0
9.580359,0.79898566,1.0
7.3470926,0.42694592,0.0
19.165665,0.14018656,0.0
25.825623,0.494765,1.0
33.806873,0.031147586,0.0
23.029346,0.20442553,0.0
10.9159975,0.11701632,0.0
16.563381,0.058999106,0.0
28.499012,0.5844907,0.0
15.821873,0.9188902,1.0
2.5381126,0.5209768,0.0
13.401494,0.3751927,0.0
5.5643206,0.49874502,0.0
11.922268,0.09930778,0.0
11.531623,0.25509918,0.0
19.268957,0.035538785,0.0
22.489029,0.63764966,1.0
74.19875,0.01637771,0.0
20.024637,0.28074503,0.0
23.709457,0.120070815,0.0
8.322644,0.15353426,0.0
9.374147,0.7838618,0.0
4.888648,0.51957726,1.0
8.515156,0.14973816,0.0
21.087675,0.10586981,0.0
22.489029,0.63764966,0.0
19.06202,0.6005365,1.0
5.643696,0.37537527,0.0
9.374147,0.7838618,1.0
7.420287,0.41253203,0.0
19.79229,0.1305672,0.0
28.499012,0.5844908,1.0
33.416832,0.033004608,0.0
23.247715,0.2524875,0.0
10.97993,0.116225116,0.0
17.034052,0.05703898,0.0
28.165562,0.54848206,0.0
12.391073,0.8150573,1.0
8.017114,0.1832344,0.0
13.138823,0.37021992,0.0
9.932824,0.22096872,0.0
6.829757,0.21672511,0.0
10.2926855,0.3115412,0.0
12.279159,0.07308248,0.0
22.012941,0.6450646,1.0
74.81867,0.015798626,0.0
22.391954,0.22270022,0.0
28.11457,0.074403316,0.0
9.024759,0.13907582,0.0
9.424972,0.7823824,0.0
8.412673,0.2594702,1.0
6.126321,0.20562564,0.0
21.115538,0.10906395,0.0
22.01294,0.6450646,0.0
19.036396,0.61539847,1.0
6.8044877,0.583796,0.0
9.424972,0.7823824,1.0
6.95743,0.41206077,0.0
28.114565,0.074403346,0.0
28.105082,0.5485447,1.0
35.583378,0.026764952,0.0
23.863052,0.25866592,0.0
11.333885,0.11070993,0.0
19.052399,0.045826443,0.0
28.696249,0.55740416,0.0
11.81938,0.79673374,1.0
6.6649675,0.29903764,0.0
13.720758,0.37342554,0.0
7.3172317,0.3573274,0.0
5.229791,0.24836719,0.0
10.55072,0.30751005,0.0
13.655532,0.06078783,0.0
22.646053,0.6510607,1.0
69.54183,0.022341054,0.0
21.58038,0.2526528,0.0
26.89999,0.08479026,0.0
9.588091,0.1218422,0.0
9.710486,0.8026766,0.0
5.9789596,0.4350371,1.0
5.5997267,0.24269503,0.0
20.945122,0.12217059,0.0
22.64605,0.65106064,0.0
18.906796,0.6394569,1.0
6.6965494,0.59274435,0.0
9.710488,0.8026766,1.0
7.021861,0.40701702,0.0
26.899986,0.08479026,0.0
28.614214,0.55764604,1.0
37.553207,0.022787297,0.0
24.139023,0.26575425,0.0
11.199171,0.11136376,0.0
19.486252,0.042633068,0.0
29.984013,0.55005467,0.0
14.207216,0.90688056,1.0
10.817649,0.17337951,0.0
16.946787,0.4624967,0.0
7.16872,0.3403144,0.0
9.265077,0.5671168,0.0
12.626428,0.53338575,0.0
13.9524975,0.059146214,0.0
25.820045,0.7095189,1.0
73.372246,0.018366005,0.0
22.386316,0.23133545,0.0
28.080023,0.07675409,0.0
9.68773,0.11466065,0.0
8.563129,0.78396434,0.0
5.821666,0.4267528,1.0
5.146375,0.6602061,0.0
24.829065,0.21937916,0.0
25.82005,0.7095189,0.0
19.174728,0.6156266,1.0
6.051738,0.5752756,0.0
8.563129,0.7839643,1.0
6.6959467,0.30018178,0.0
28.080029,0.07675409,0.0
29.973915,0.54994416,1.0
37.94903,0.022423433,0.0
24.841148,0.2205273,0.0
13.045519,0.06892739,0.0
15.654544,0.0623347,0.0
29.696991,0.5757132,0.0
13.867964,0.8984081,1.0
6.6186924,0.34852397,0.0
17.060123,0.45988843,0.0
9.914468,0.2282439,0.0
7.9578075,0.66315675,0.0
12.478348,0.63821614,0.0
4.7001686,0.21432614,0.0
24.989864,0.7210829,1.0
71.1112,0.020701176,0.0
21.577728,0.36207998,0.0
34.264767,0.054112133,0.0
4.9838266,0.43934292,0.0
8.475578,0.78407675,0.0
7.8117366,0.34969962,1.0
7.737245,0.41098982,0.0
23.88495,0.24230167,0.0
24.989864,0.7210829,0.0
16.458078,0.6505501,1.0
6.9184237,0.51237357,0.0
8.475579,0.7840768,1.0
4.6133986,0.63181597,0.0
28.3308,0.12193819,0.0
29.68407,0.57558966,1.0
36.791523,0.022987783,0.0
23.900526,0.2433407,0.0
10.581785,0.111004554,0.0
17.727983,0.04645353,0.0
30.022202,0.537445,0.0
26.906307,0.97339195,1.0
8.119802,0.2575702,0.0
14.695354,0.46055925,0.0
7.1065617,0.36322358,0.0
9.656192,0.76763153,0.0
8.733008,0.5324063,0.0
5.4570737,0.19178085,0.0
23.678183,0.72568023,1.0
68.57327,0.021555167,0.0
22.440044,0.23662062,0.0
28.313412,0.076183155,0.0
5.1412387,0.44245422,0.0
7.5532274,0.7484156,0.0
6.1688333,0.4221589,1.0
7.5048285,0.31039616,0.0
22.762564,0.20022658,0.0
23.678185,0.72568023,0.0
19.136839,0.6237983,1.0
6.735774,0.5120428,0.0
7.553227,0.74841565,1.0
4.7312975,0.6740659,0.0
28.313412,0.07618313,0.0
30.00777,0.5371913,1.0
35.930515,0.025001787,0.0
22.788033,0.20142011,0.0
9.547728,0.12974067,0.0
16.34195,0.0548773,0.0
30.28418,0.5894462,0.0
26.012993,0.97108644,1.0
7.698639,0.26762933,0.0
14.960102,0.43852463,0.0
7.243293,0.33298093,0.0
9.499307,0.7708579,0.0
8.759947,0.52513415,0.0
4.8922863,0.21197785,0.0
23.418335,0.7368392,1.0
67.140495,0.027083673,0.0
22.567158,0.23263733,0.0
28.566872,0.074337564,0.0
5.0562973,0.4190394,0.0
7.3521905,0.7362111,0.0
5.769944,0.4279371,1.0
6.947751,0.3295261,0.0
22.1512,0.21819863,0.0
23.418335,0.7368392,0.0
19.120274,0.63093936,1.0
6.5968595,0.48464054,0.0
7.352191,0.7362112,1.0
4.856239,0.6666039,0.0
28.566868,0.07433758,0.0
30.282227,0.5893871,1.0
35.795486,0.025588987,0.0
22.14744,0.2174504,0.0
9.804862,0.12467932,0.0
16.237051,0.055025578,0.0
29.569704,0.56052464,0.0
10.220576,0.85051507,1.0
10.293152,0.15846786,0.0
13.076096,0.30689058,0.0
7.0574527,0.33466813,0.0
7.9454,0.20513928,0.0
10.127822,0.24817069,0.0
13.615233,0.057414893,0.0
20.64856,0.67597747,1.0
68.88169,0.02625477,0.0
21.92072,0.3453086,0.0
35.333138,0.046733815,0.0
5.2081695,0.4526535,0.0
6.895594,0.71287775,0.0
5.105834,0.45856938,1.0
15.172553,0.0567935,0.0
21.848183,0.24600612,0.0
20.64856,0.6759775,0.0
16.759583,0.6331229,1.0
6.623693,0.49324346,0.0
6.8955946,0.71287775,1.0
7.119216,0.21909775,0.0
29.391874,0.104621,0.0
29.556015,0.5602345,1.0
35.730053,0.024443787,0.0
21.899052,0.24838546,0.0
10.342501,0.1151194,0.0
17.227804,0.04873827,0.0
29.496946,0.58225787,0.0
11.522941,0.8757017,1.0
10.927711,0.14868738,0.0
12.517909,0.3087299,0.0
7.0706363,0.3465345,0.0
8.432428,0.19318399,0.0
10.114806,0.24219674,0.0
13.936779,0.055077672,0.0
20.815231,0.6683382,1.0
65.713295,0.03230547,0.0
21.605295,0.36748952,0.0
34.782383,0.049176276,0.0
5.114346,0.4331134,0.0
6.713991,0.70118695,0.0
5.328207,0.4545785,1.0
15.855091,0.05326396,0.0
22.2545,0.20617448,0.0
20.815233,0.6683382,0.0
16.575346,0.6536286,1.0
6.516173,0.4724641,0.0
6.713991,0.70118695,1.0
5.5392118,0.29152495,0.0
28.81228,0.11221598,0.0
26.91518,0.40935665,1.0
35.977325,0.023782713,0.0
21.733643,0.21050048,0.0
11.160339,0.09971488,0.0
18.591898,0.041035216,0.0
31.001364,0.59547937,0.0
5.210568,0.3871267,1.0
12.450555,0.1136399,0.0
13.995827,0.26429462,0.0
7.6615973,0.30985695,0.0
9.4618,0.15583117,0.0
11.922807,0.18832497,0.0
24.404383,0.019034626,0.0
20.679905,0.6510543,1.0
64.978806,0.032955475,0.0
21.291481,0.37853363,0.0
34.231552,0.05210317,0.0
9.738264,0.1283738,0.0
5.9417086,0.6581335,0.0
6.0012455,0.37131548,1.0
19.169653,0.040743653,0.0
26.607166,0.075397864,0.0
20.679905,0.6510543,0.0
16.49925,0.6711856,1.0
8.649429,0.5282106,0.0
5.9417076,0.6581334,1.0
8.6016,0.18814656,0.0
28.402012,0.11734939,0.0
27.953419,0.41903207,1.0
33.962395,0.028452367,0.0
31.001364,0.5954793,0.0
12.477565,0.08439102,0.0
18.047224,0.0447069,0.0
30.15038,0.5721627,0.0
10.61256,0.8285855,1.0
13.466098,0.093828596,0.0
16.06098,0.24636072,0.0
7.2956553,0.32819206,0.0
10.26863,0.12946486,0.0
12.60672,0.25503698,0.0
17.184855,0.039170153,0.0
22.033348,0.65027696,1.0
62.67251,0.037679926,0.0
20.982132,0.39099997,0.0
33.945175,0.05242884,0.0
10.358948,0.11301795,0.0
6.1785493,0.6547528,0.0
5.87938,0.37337703,1.0
18.442001,0.039208308,0.0
23.157907,0.24791047,0.0
22.033348,0.65027696,0.0
16.192007,0.68314636,1.0
8.632311,0.5381578,0.0
6.1785483,0.6547528,1.0
6.5827074,0.27010044,0.0
27.903416,0.12282276,0.0
27.191322,0.41206977,1.0
33.783573,0.029882705,0.0
23.075445,0.2716451,0.0
9.853422,0.12261192,0.0
15.173342,0.061982322,0.0
30.358475,0.5760893,0.0
16.304058,0.9202486,1.0
9.925314,0.16947654,0.0
16.21756,0.24583226,0.0
7.0648584,0.3334193,0.0
7.4557204,0.21778622,0.0
9.916275,0.37328538,0.0
10.761323,0.09326989,0.0
21.76141,0.65038204,1.0
61.472324,0.040360063,0.0
20.778254,0.39943665,0.0
32.955135,0.05630453,0.0
10.18497,0.09532206,0.0
6.422904,0.6652754,0.0
4.283265,0.58733773,1.0
8.792851,0.14757107,0.0
24.009361,0.24988942,0.0
21.761408,0.65038204,0.0
16.236536,0.6825142,1.0
7.135093,0.24065313,0.0
6.422905,0.6652754,1.0
5.065419,0.362716,0.0
27.147278,0.13217482,0.0
27.461227,0.41247442,1.0
34.443058,0.02890052,0.0
23.975065,0.27612808,0.0
10.013701,0.12178167,0.0
15.471957,0.06115003,0.0
30.270931,0.57887775,0.0
16.462011,0.9173059,1.0
9.22956,0.18263754,0.0
18.418137,0.21928214,0.0
7.2734976,0.3292394,0.0
6.9826136,0.22818272,0.0
10.231858,0.37883598,0.0
10.0033,0.10253417,0.0
21.205717,0.6653475,1.0
65.467285,0.03322173,0.0
20.07169,0.3800023,0.0
33.84965,0.051573407,0.0
6.649467,0.1637437,0.0
7.608886,0.7284771,0.0
4.1874485,0.6070439,1.0
7.2987924,0.17607366,0.0
24.020292,0.23751177,0.0
21.205715,0.6653475,0.0
9.920669,0.5509055,1.0
6.89024,0.2775321,0.0
7.608885,0.72847694,1.0
5.1844244,0.34910572,0.0
27.62048,0.124931164,0.0
27.331966,0.4020678,1.0
33.41029,0.031502884,0.0
23.875456,0.27104086,0.0
9.732336,0.13429752,0.0
15.142043,0.06715015,0.0
30.292604,0.528022,0.0
16.5433,0.92216414,1.0
9.436718,0.17147133,0.0
18.771317,0.22876164,0.0
12.175737,0.14334238,0.0
7.942195,0.19627628,0.0
10.398221,0.36590776,0.0
10.894412,0.094734505,0.0
21.008522,0.6686872,1.0
63.41188,0.04177828,0.0
21.343082,0.3550881,0.0
35.581116,0.044136416,0.0
9.619927,0.12931605,0.0
7.7005773,0.7341463,0.0
10.0595665,0.16811128,1.0
7.586959,0.16406885,0.0
23.964638,0.24578239,0.0
21.008522,0.6686872,0.0
16.128788,0.66016454,1.0
8.613462,0.5398651,0.0
7.700579,0.7341463,1.0
5.4409227,0.39635605,0.0
29.129879,0.10483435,0.0
27.62772,0.3706402,1.0
32.282715,0.03475509,0.0
23.891846,0.28581566,0.0
8.866667,0.15425156,0.0
13.621402,0.08103571,0.0
30.586742,0.6167152,0.0
15.9403,0.92778397,1.0
12.397574,0.10969406,0.0
20.56443,0.1946703,0.0
8.255341,0.24801102,0.0
8.812232,0.17936142,0.0
11.049282,0.32748407,0.0
14.139001,0.05691091,0.0
21.035381,0.6495158,1.0
61.769585,0.053669494,0.0
21.361097,0.35328916,0.0
35.00262,0.04866892,0.0
7.5551634,0.14012456,0.0
8.094785,0.740097,0.0
6.1432724,0.30105168,1.0
11.801692,0.09041555,0.0
23.847433,0.26124457,0.0
21.035381,0.6495158,0.0
16.217974,0.65237886,1.0
6.8852386,0.26598343,0.0
8.094785,0.74009705,1.0
8.097681,0.1499413,0.0
29.052315,0.10784863,0.0
27.750107,0.4532727,1.0
32.82906,0.039509226,0.0
23.892479,0.26211673,0.0
13.338946,0.087166145,0.0
8.681089,0.15431713,0.0
31.846954,0.59992325,0.0
15.780561,0.924569,1.0
9.736577,0.15322804,0.0
21.013403,0.3749407,0.0
7.9876733,0.23982619,0.0
6.766605,0.23486948,0.0
8.903351,0.4520605,0.0
9.438734,0.115621425,0.0
21.207602,0.6261806,1.0
61.91431,0.052154727,0.0
20.422321,0.35027474,0.0
34.788933,0.05251555,0.0
6.4406247,0.16257378,0.0
8.061409,0.7543852,0.0
6.778184,0.23834285,1.0
7.563782,0.15668283,0.0
24.825777,0.2623356,0.0
22.138123,0.5546368,0.0
10.187755,0.5468368,1.0
6.9439173,0.28441033,0.0
8.061409,0.7543852,1.0
5.514717,0.25831026,0.0
29.084713,0.111444436,0.0
29.03389,0.4408941,1.0
32.4157,0.042924266,0.0
24.818512,0.26192236,0.0
7.7275357,0.18286528,0.0
7.8726044,0.17707549,0.0
31.824673,0.62057716,0.0
11.23644,0.8157981,1.0
9.906407,0.14020552,0.0
20.713142,0.39148545,0.0
7.0821095,0.26536214,0.0
5.2645783,0.24301949,0.0
8.673242,0.43877038,0.0
11.749577,0.07692336,0.0
20.954622,0.63210094,1.0
62.641785,0.06855374,0.0
21.317114,0.24248254,0.0
27.489922,0.08521534,0.0
10.500331,0.11045847,0.0
7.596448,0.7658231,0.0
4.6937227,0.34486943,1.0
10.311971,0.091171116,0.0
25.000603,0.24476804,0.0
21.782133,0.5602313,0.0
12.52501,0.5635608,1.0
6.919066,0.2919344,0.0
7.5964465,0.7658231,1.0
6.9609227,0.17521596,0.0
27.489922,0.08521534,0.0
28.752283,0.44238216,1.0
34.375504,0.03487368,0.0
25.029068,0.24552071,0.0
10.14292,0.12517709,0.0
10.450259,0.11898131,0.0
33.856785,0.46311626,0.0
12.719173,0.914394,1.0
6.686692,0.22567777,0.0
31.01677,0.37547415,0.0
6.7765384,0.2648001,0.0
4.7207994,0.3173626,0.0
6.835344,0.4810299,0.0
7.2846575,0.16509773,0.0
19.79451,0.69606924,1.0
63.327065,0.060738917,0.0
20.500078,0.3637755,0.0
34.01078,0.057597343,0.0
5.4933233,0.18578495,0.0
5.1685915,0.55208635,0.0
5.0594764,0.2947243,1.0
5.1666164,0.21670815,0.0
24.801477,0.21871269,0.0
22.13638,0.5835801,0.0
10.204333,0.5411333,1.0
7.0146804,0.2827776,0.0
8.275965,0.7657983,1.0
4.688253,0.3051732,0.0
28.664726,0.120423906,0.0
29.678867,0.24615315,1.0
32.752636,0.03806307,0.0
26.941574,0.15257119,0.0
7.27006,0.18266663,0.0
7.393139,0.17750536,0.0
33.761192,0.5007761,0.0
12.73735,0.91201794,1.0
7.814961,0.17906024,0.0
30.799627,0.38430193,0.0
7.031886,0.27472356,0.0
6.234526,0.17757514,0.0
6.5980077,0.4679063,0.0
7.9085984,0.15180732,0.0
19.741219,0.68379724,1.0
61.909557,0.06227719,0.0
21.088375,0.3948116,0.0
33.935738,0.05677095,0.0
9.532103,0.0964561,0.0
5.091618,0.5372983,0.0
5.921111,0.24460605,1.0
6.1306906,0.18033077,0.0
24.19595,0.24261382,0.0
22.159016,0.57354915,0.0
16.341688,0.6857198,1.0
7.1141787,0.25106433,0.0
7.8538594,0.7487644,1.0
6.6176205,0.19583802,0.0
28.503807,0.121699326,0.0
29.17132,0.26938638,1.0
31.642004,0.03925768,0.0
26.228931,0.17490213,0.0
8.067137,0.15645419,0.0
8.205241,0.1520078,0.0
31.967552,0.5295335,0.0
13.753782,0.9308458,1.0
10.554996,0.12588422,0.0
20.958157,0.37132043,0.0
9.021259,0.21991208,0.0
6.9176645,0.19124426,0.0
9.089399,0.42655697,0.0
10.872812,0.08282252,0.0
20.900566,0.6207806,1.0
63.018394,0.06434662,0.0
21.514713,0.36847597,0.0
34.759346,0.054448258,0.0
6.7484818,0.14820759,0.0
5.0383196,0.4638424,0.0
3.704509,0.57688856,1.0
8.778936,0.12588388,0.0
22.886631,0.2589265,0.0
21.896399,0.5553818,0.0
16.30693,0.6542826,1.0
7.0535927,0.26527503,0.0
8.183737,0.7445202,1.0
7.1084547,0.16606212,0.0
29.29817,0.11322267,0.0
27.50199,0.2876196,1.0
30.40262,0.04568325,0.0
24.620026,0.18836203,0.0
12.701886,0.09670615,0.0
7.124642,0.1813057,0.0
33.12648,0.4630736,0.0
12.034093,0.9118949,1.0
8.867189,0.16132505,0.0
21.228655,0.38997307,0.0
8.100082,0.2868277,0.0
6.069562,0.18616386,0.0
8.378881,0.45723495,0.0
9.991196,0.09889068,0.0
21.14116,0.63159436,1.0
65.563515,0.05499489,0.0
21.461065,0.38103974,0.0
33.520256,0.06063554,0.0
6.92902,0.18277434,0.0
5.0263453,0.54381293,0.0
4.1632686,0.63233817,1.0
6.8716784,0.1602818,0.0
22.901096,0.25890738,0.0
22.10513,0.5578267,0.0
16.431204,0.65163994,1.0
9.613846,0.59722817,0.0
7.915371,0.74799824,1.0
7.6008773,0.15446585,0.0
28.323513,0.12530145,0.0
28.36758,0.26303378,1.0
29.877203,0.04481211,0.0
25.150223,0.18171112,0.0
7.2635016,0.17867701,0.0
7.3903604,0.17357175,0.0
34.100758,0.5174289,0.0
13.543689,0.9224445,1.0
8.311157,0.15891151,0.0
21.03009,0.3977616,0.0
8.006723,0.293766,0.0
7.175462,0.14923862,0.0
7.7683887,0.449392,0.0
10.955215,0.08658773,0.0
20.795954,0.6168828,1.0
65.77974,0.06026922,0.0
21.879234,0.3813996,0.0
34.187843,0.055826798,0.0
6.744611,0.19019672,0.0
4.8698564,0.5497593,0.0
4.9987593,0.67925185,1.0
8.840885,0.120949395,0.0
19.748875,0.13418153,0.0
21.83836,0.5450398,0.0
16.86774,0.6481831,1.0
9.488535,0.5971118,0.0
7.1339245,0.7235478,1.0
7.647465,0.16122158,0.0
28.903164,0.11670278,0.0
28.731323,0.28053445,1.0
28.985004,0.052691013,0.0
25.562126,0.20175982,0.0
6.2446504,0.21528842,0.0
6.30795,0.21050607,0.0
33.942284,0.5463345,0.0
13.145115,0.9191745,1.0
9.56022,0.13122788,0.0
34.26889,0.10562904,0.0
8.487369,0.26257783,0.0
8.579499,0.11731494,0.0
6.801536,0.3868443,0.0
11.22776,0.08338658,0.0
19.948431,0.6953699,1.0
63.910583,0.06668304,0.0
21.78698,0.39506888,0.0
33.996727,0.059989493,0.0
6.858811,0.19125302,0.0
5.013943,0.57191867,0.0
4.395394,0.58105487,1.0
10.074706,0.10123571,0.0
18.840103,0.14654559,0.0
19.948433,0.6953699,0.0
16.919483,0.6699505,1.0
9.339281,0.5602827,0.0
7.4578347,0.7391159,1.0
8.320819,0.14240317,0.0
28.880606,0.12167327,0.0
28.410583,0.29371223,1.0
28.504305,0.054735575,0.0
25.087507,0.21361601,0.0
6.2949324,0.21648906,0.0
6.35998,0.21182017,0.0
33.793438,0.59161717,0.0
12.870321,0.9149422,1.0
7.8818507,0.17216372,0.0
34.294964,0.10606793,0.0
6.0057225,0.41859573,0.0
7.047335,0.14560218,0.0
6.70825,0.42315993,0.0
10.016569,0.10234886,0.0
19.693272,0.6910391,1.0
65.5732,0.06482191,0.0
21.46196,0.39245597,0.0
33.96686,0.05992757,0.0
8.074939,0.14939459,0.0
4.848025,0.53476274,0.0
4.3577805,0.52524126,1.0
8.869831,0.120082915,0.0
17.506184,0.18194342,0.0
19.693272,0.6910391,0.0
16.483805,0.6731475,1.0
9.39241,0.54028153,0.0
7.316589,0.7363634,1.0
7.145849,0.1795758,0.0
28.763071,0.122405834,0.0
28.182535,0.32584694,1.0
30.0306,0.044911053,0.0
24.810543,0.2172756,0.0
7.016481,0.1795872,0.0
7.070788,0.17722866,0.0
34.96898,0.66115266,0.0
14.269993,0.924733,1.0
7.3015924,0.19164892,0.0
34.04899,0.11487613,0.0
6.005533,0.43196926,0.0
4.0433106,0.24691944,0.0
6.5187874,0.44837105,0.0
10.187783,0.09912082,0.0
19.609402,0.70747244,1.0
62.96489,0.066252135,0.0
21.038685,0.40591434,0.0
32.76756,0.0670465,0.0
8.380545,0.14264095,0.0
4.6884065,0.48812962,0.0
4.509862,0.538467,1.0
7.8771996,0.1386079,0.0
18.531311,0.13024719,0.0
19.6094,0.70747244,0.0
15.930498,0.6722216,1.0
9.24895,0.5062608,0.0
6.6943264,0.710686,1.0
7.15408,0.17723224,0.0
27.678345,0.13787831,0.0
28.29891,0.2970539,1.0
31.901314,0.03879165,0.0
24.403015,0.2309881,0.0
7.638308,0.15633881,0.0
7.659468,0.15564814,0.0
32.644615,0.6321923,0.0
14.9096775,0.94122523,1.0
8.77837,0.16854873,0.0
34.10467,0.116554536,0.0
5.857303,0.4432489,0.0
9.417453,0.11818873,0.0
7.1914067,0.43224216,0.0
10.359046,0.091965765,0.0
20.035496,0.71010435,1.0
63.328392,0.07863805,0.0
20.89071,0.4152306,0.0
32.648495,0.064671226,0.0
7.4629283,0.17134881,0.0
4.7029853,0.42508504,0.0
4.458742,0.5246659,1.0
9.408583,0.11832868,0.0
21.742306,0.36529043,0.0
20.035496,0.71010435,0.0
15.759989,0.6779947,1.0
9.159574,0.5059578,0.0
6.521325,0.70090467,1.0
7.328983,0.16392499,0.0
27.280266,0.14111969,0.0
27.241112,0.37972215,1.0
29.339306,0.045717344,0.0
23.564964,0.25505224,0.0
12.749588,0.081272624,0.0
7.012716,0.17038028,0.0
33.880966,0.6068012,0.0
14.65207,0.9384474,1.0
4.046659,0.7481866,0.0
19.988077,0.2595122,0.0
4.3125467,0.5504481,0.0
4.8371763,0.299357,0.0
10.521677,0.44893673,0.0
4.884353,0.23854439,0.0
21.163387,0.6879542,1.0
62.96313,0.071154825,0.0
21.254215,0.382751,0.0
34.360313,0.0573204,0.0
7.8042583,0.16146919,0.0
4.5827885,0.46124613,0.0
8.130235,0.85741264,1.0
5.0028825,0.26852086,0.0
23.079609,0.33828473,0.0
21.163387,0.68795425,0.0
15.685332,0.64949125,1.0
9.110405,0.4911547,0.0
6.21564,0.69727206,1.0
3.5587912,0.37732235,0.0
28.74924,0.12214325,0.0
28.688173,0.35475323,1.0
30.614122,0.0423809,0.0
25.056126,0.24146093,0.0
11.213653,0.09758234,0.0
6.5345297,0.18534197,0.0
33.012714,0.6182273,0.0
16.570528,0.9550077,1.0
4.0634346,0.75453514,0.0
20.185675,0.24319015,0.0
4.2334948,0.559856,0.0
4.9242015,0.29581353,0.0
10.695684,0.45897606,0.0
4.964834,0.25141394,0.0
21.365696,0.6952428,1.0
64.2873,0.09624952,0.0
21.08919,0.4126512,0.0
33.33396,0.062716685,0.0
9.265215,0.13444951,0.0
7.5248322,0.7464004,0.0
7.6206217,0.8527955,1.0
6.465587,0.18602307,0.0
22.71326,0.33403057,0.0
21.365696,0.6952428,0.0
15.76074,0.6766396,1.0
9.426674,0.48667666,0.0
7.524831,0.7464004,1.0
3.3591497,0.40123978,0.0
27.883177,0.13558179,0.0
28.184158,0.36112118,1.0
31.05682,0.041068535,0.0
24.050694,0.2370439,0.0
11.880145,0.09650788,0.0
7.208835,0.18134317,0.0
33.748634,0.73673546,0.0
18.304527,0.95437753,1.0
4.1623445,0.7661077,0.0
18.839994,0.27880627,0.0
4.112134,0.56391394,0.0
4.2585893,0.33045688,0.0
9.865412,0.47764915,0.0
4.2771897,0.2720009,0.0
21.321573,0.6865835,1.0
64.88277,0.080703355,0.0
21.223839,0.40401745,0.0
33.467422,0.059346985,0.0
7.2398486,0.18589486,0.0
4.7496057,0.48800898,0.0
7.526106,0.85550606,1.0
4.4032426,0.2920226,0.0
23.899073,0.28684592,0.0
21.321573,0.6865835,0.0
15.783942,0.6656153,1.0
9.500829,0.5019051,0.0
7.115785,0.7352425,1.0
3.4615347,0.5191849,0.0
27.870613,0.13171281,0.0
29.463223,0.55733854,1.0
32.635906,0.034107644,0.0
23.296415,0.42622182,0.0
9.827813,0.12692983,0.0
5.768619,0.2219124,0.0
34.706615,0.77683353,0.0
16.603405,0.93733025,1.0
3.869615,0.7422808,0.0
20.891855,0.42971563,0.0
4.108117,0.5358279,0.0
4.3246713,0.31099224,0.0
9.490691,0.56475824,0.0
4.188602,0.27984148,0.0
21.326662,0.651129,1.0
66.39691,0.074692145,0.0
21.10237,0.41976544,0.0
32.340767,0.06502003,0.0
8.554699,0.12854604,0.0
4.689806,0.5461442,0.0
7.371844,0.84773165,1.0
4.7005186,0.26455826,0.0
23.892614,0.31527287,0.0
22.216675,0.5826462,0.0
15.893068,0.67693394,1.0
7.065752,0.56898564,0.0
6.436963,0.69676286,1.0
3.5317008,0.5082846,0.0
26.998644,0.1437175,0.0
29.853094,0.60353345,1.0
33.382645,0.033041075,0.0
23.59024,0.45972946,0.0
5.426706,0.25253674,0.0
5.6853156,0.23011513,0.0
33.40614,0.7767295,0.0
13.980183,0.91594607,1.0
3.1583152,0.74328715,0.0
33.496773,0.1318547,0.0
3.800027,0.52245444,0.0
4.253937,0.3101396,0.0
7.5052414,0.5723129,0.0
4.5169644,0.26653874,0.0
20.01722,0.74223924,1.0
66.899666,0.06343446,0.0
21.033035,0.39564717,0.0
34.008728,0.054681286,0.0
8.657127,0.14551194,0.0
6.416647,0.691903,0.0
7.2911015,0.8378803,1.0
4.4990172,0.27070042,0.0
24.210392,0.42801008,0.0
20.01722,0.74223924,0.0
15.499639,0.6630534,1.0
9.341926,0.49082536,0.0
6.416648,0.69190305,1.0
3.4219391,0.5011807,0.0
28.056547,0.12634991,0.0
29.53304,0.64992106,1.0
33.009212,0.034682952,0.0
23.47893,0.43328404,0.0
5.8791,0.23740721,0.0
5.8682733,0.23578323,0.0
33.324024,0.7104177,0.0
14.7781725,0.93529403,1.0
4.1203947,0.8065327,0.0
33.424244,0.13080628,0.0
3.6542654,0.60829234,0.0
3.4008307,0.38332692,0.0
7.341851,0.609067,0.0
3.6378036,0.33251548,0.0
20.02115,0.74911094,1.0
67.83208,0.06121519,0.0
20.66987,0.4214377,0.0
32.104195,0.06530109,0.0
6.432187,0.21589942,0.0
4.749342,0.54583585,0.0
8.057209,0.8569061,1.0
3.5511367,0.3333356,0.0
22.310307,0.3850152,0.0
20.021149,0.74911094,0.0
15.383206,0.6778064,1.0
9.553759,0.50616574,0.0
6.6712203,0.6967586,1.0
2.958977,0.45734927,0.0
26.733818,0.14555173,0.0
27.311455,0.42142084,1.0
27.094252,0.06663572,0.0
23.779331,0.28957525,0.0
4.925806,0.28458935,0.0
4.925496,0.28148073,0.0
33.492874,0.71479523,0.0
16.132257,0.947433,1.0
2.4776044,0.62961656,0.0
33.41806,0.13087438,0.0
3.3381152,0.5783145,0.0
6.1395044,0.20361325,0.0
7.6185007,0.4607651,0.0
6.569911,0.1696024,0.0
20.16354,0.7406682,1.0
68.94603,0.058786806,0.0
20.915644,0.41006318,0.0
32.31808,0.06281097,0.0
6.1156125,0.2579238,0.0
4.6922207,0.44098833,0.0
6.144656,0.8170251,1.0
6.505718,0.17847031,0.0
22.955612,0.35686854,0.0
20.163536,0.7406682,0.0
15.676949,0.6690788,1.0
9.698892,0.5118611,0.0
6.3850307,0.6940681,1.0
5.3947735,0.23705083,0.0
26.942043,0.1393104,0.0
27.596481,0.40788332,1.0
27.635914,0.06564624,0.0
24.312504,0.2745406,0.0
6.054966,0.24419732,0.0
4.620687,0.2891838,0.0
33.903923,0.72904366,0.0
14.678486,0.9374134,1.0
2.687886,0.5544978,0.0
33.76059,0.11501893,0.0
3.556466,0.5408995,0.0
7.891607,0.15548599,0.0
8.15804,0.41955334,0.0
8.230689,0.12623468,0.0
20.203918,0.7309204,1.0
66.97556,0.0629033,0.0
21.08853,0.4060938,0.0
34.132565,0.05396269,0.0
7.4677415,0.17784698,0.0
4.8368964,0.43972573,0.0
6.0280538,0.81043464,1.0
8.76889,0.12774211,0.0
23.397373,0.37095845,0.0
20.203918,0.7309204,0.0
15.655187,0.6789374,1.0
9.602178,0.50916874,0.0
6.3243814,0.6774667,1.0
7.211088,0.17884442,0.0
28.215374,0.12388122,0.0
28.069927,0.4331893,1.0
31.519022,0.040362213,0.0
24.73104,0.28225195,0.0
4.786311,0.6969761,0.0
5.9161863,0.20909294,0.0
33.574364,0.8493464,0.0
16.922583,0.94679123,1.0
2.646259,0.54278517,0.0
33.68569,0.11648991,0.0
3.6178775,0.5090477,0.0
7.818064,0.15648337,0.0
7.899557,0.4322769,0.0
8.446581,0.12242358,0.0
20.21837,0.73641723,1.0
70.10066,0.052199155,0.0
20.93008,0.42001465,0.0
32.780083,0.060581353,0.0
8.061169,0.15814926,0.0
4.9237866,0.41582033,0.0
5.884698,0.80964917,1.0
8.644013,0.12963615,0.0
23.166695,0.47845867,0.0
20.21837,0.73641723,0.0
15.623322,0.68448687,1.0
9.577534,0.4829884,0.0
6.5498075,0.6853307,1.0
7.2572527,0.17991959,0.0
27.17146,0.13855423,0.0
28.579256,0.7025601,1.0
31.622086,0.042945173,0.0
23.150423,0.47760835,0.0
5.136363,0.7085331,0.0
6.445208,0.18784837,0.0
33.936268,0.8501479,0.0
16.198734,0.9390729,1.0
2.5283296,0.60683393,0.0
33.57194,0.120696865,0.0
3.9733942,0.42007577,0.0
6.7932153,0.18385017,0.0
7.702545,0.4776486,0.0
7.2156672,0.15730537,0.0
20.3767,0.73828167,1.0
71.15406,0.05511985,0.0
20.839518,0.4179531,0.0
33.96536,0.055446386,0.0
8.497791,0.14716226,0.0
5.1336412,0.4118535,0.0
5.823539,0.8160792,1.0
6.7854404,0.18405353,0.0
23.749367,0.47532257,0.0
20.376698,0.7382816,0.0
15.495553,0.6976185,1.0
9.715097,0.46635765,0.0
7.1537933,0.7098912,1.0
6.4830656,0.21533798,0.0
27.98222,0.12962735,0.0
28.863173,0.6966129,1.0
32.623695,0.03972936,0.0
23.733562,0.47448978,0.0
5.881201,0.7333053,0.0
6.6984625,0.18390451,0.0
34.056953,0.83314824,0.0
16.664669,0.94118595,1.0
2.6314516,0.6526746,0.0
33.146183,0.14171208,0.0
3.7512746,0.4616039,0.0
6.495375,0.20085901,0.0
7.752129,0.50471395,0.0
7.590722,0.14630075,0.0
20.926409,0.7440923,1.0
73.69293,0.052373294,0.0
20.754997,0.421451,0.0
33.53006,0.058179196,0.0
8.81679,0.14803354,0.0
5.533028,0.43655142,0.0
5.791021,0.80780464,1.0
6.475018,0.20159294,0.0
23.9571,0.45638022,0.0
20.926407,0.7440922,0.0
15.523431,0.70187324,1.0
9.600349,0.4493086,0.0
8.723116,0.78322357,1.0
6.5728784,0.21754526,0.0
27.78376,0.13205096,0.0
29.177248,0.67861456,1.0
33.66089,0.035120852,0.0
23.940535,0.45555174,0.0
6.8450565,0.77478856,0.0
14.734182,0.06750482,0.0
34.894238,0.777098,0.0
14.975769,0.9341711,1.0
2.6582398,0.61999464,0.0
32.9632,0.15087835,0.0
3.9748607,0.4435082,0.0
6.88207,0.19045193,0.0
8.0112095,0.4931132,0.0
7.6271205,0.14297041,0.0
21.260756,0.7426195,1.0
73.423515,0.048352808,0.0
21.013414,0.4168029,0.0
35.116333,0.05017223,0.0
8.572681,0.14983179,0.0
5.537402,0.39192802,0.0
5.6584315,0.80578476,1.0
6.8760304,0.19060972,0.0
23.754522,0.4031697,0.0
21.260756,0.74261945,0.0
15.970676,0.7180566,1.0
9.341306,0.4519948,0.0
8.167387,0.75670433,1.0
6.398402,0.21663858,0.0
29.044868,0.11529201,0.0
27.807434,0.49305496,1.0
35.158764,0.02941518,0.0
24.6198,0.32346693,0.0
6.7026634,0.76275337,0.0
15.256391,0.06339649,0.0
36.169476,0.809703,0.0
15.64099,0.9369945,1.0
6.6668315,0.23365295,0.0
32.974407,0.147566,0.0
6.502081,0.26937795,0.0
5.114664,0.26044223,0.0
7.146717,0.49415165,0.0
6.7758365,0.1644297,0.0
21.332504,0.73933244,1.0
74.2823,0.04233678,0.0
21.479973,0.76615626,0.0
33.787186,0.05695369,0.0
7.841842,0.17352831,0.0
5.5957065,0.39054504,0.0
3.6469104,0.5496309,1.0
6.87867,0.19084233,0.0
23.329872,0.4288039,0.0
21.332508,0.73933244,0.0
8.795728,0.74796057,1.0
9.302196,0.43019623,0.0
8.282047,0.74962217,1.0
6.1756315,0.22155538,0.0
28.072197,0.1278977,0.0
27.727169,0.523161,1.0
33.402428,0.03594839,0.0
24.141777,0.34190363,0.0
6.7802835,0.75948644,0.0
13.808445,0.077594474,0.0
36.646217,0.8237657,0.0
18.088427,0.9556008,1.0
2.7674644,0.4811268,0.0
32.976315,0.1458657,0.0
4.230959,0.4003193,0.0
7.385653,0.1765422,0.0
8.4690695,0.44786462,0.0
6.319274,0.17736784,0.0
21.349983,0.72705644,1.0
77.37894,0.030960627,0.0
21.878883,0.7615796,0.0
34.956482,0.05101119,0.0
6.092787,0.23948468,0.0
5.4272537,0.42610458,0.0
4.784891,0.6648433,1.0
7.376555,0.176751,0.0
22.955433,0.47854802,0.0
21.349985,0.7270565,0.0
12.251507,0.8644528,1.0
8.890349,0.40263823,0.0
8.299757,0.7587743,1.0
8.744869,0.14811474,0.0
28.960516,0.11636051,0.0
27.673374,0.5430915,1.0
30.062553,0.052389614,0.0
23.904633,0.38926706,0.0
6.7538443,0.774492,0.0
6.4824305,0.7772362,0.0
37.52969,0.84394217,0.0
12.528244,0.8561644,1.0
3.6511884,0.3633942,0.0
32.914444,0.14993247,0.0
4.0031023,0.45914617,0.0
9.329372,0.12790583,0.0
9.010474,0.3787248,0.0
12.040303,0.067413196,0.0
21.275354,0.7213439,1.0
75.05806,0.038628787,0.0
22.078615,0.77814704,0.0
34.60308,0.053897087,0.0
7.454874,0.20093818,0.0
6.123044,0.28413165,0.0
4.94481,0.65902686,1.0
10.662609,0.0982381,0.0
23.69765,0.46871006,0.0
21.275356,0.7213439,0.0
12.146654,0.8676741,1.0
9.057947,0.43672752,0.0
8.172284,0.7608033,1.0
11.863329,0.09347379,0.0
28.56746,0.12375678,0.0
28.150166,0.55722356,1.0
29.823782,0.057611167,0.0
24.572142,0.38955706,0.0
6.555591,0.775563,0.0
6.320458,0.77919424,0.0
38.36747,0.8246879,0.0
45.16578,0.99479985,1.0
3.14045,0.41022167,0.0
32.73634,0.16088009,0.0
4.7592163,0.3392648,0.0
7.7071714,0.16068844,0.0
8.633015,0.40320393,0.0
9.2154875,0.100035556,0.0
20.68593,0.7185387,1.0
72.99879,0.040690098,0.0
22.332214,0.78516024,0.0
34.49504,0.05422038,0.0
6.6640043,0.2360244,0.0
6.251443,0.27600014,0.0
4.8902674,0.66849536,1.0
7.6916842,0.160998,0.0
22.098324,0.2358597,0.0
20.68593,0.7185387,0.0
12.065371,0.86691433,1.0
9.16536,0.45509106,0.0
8.082572,0.7518493,1.0
9.4033785,0.12147727,0.0
28.534267,0.12416358,0.0
25.224743,0.3663188,1.0
31.319849,0.053596754,0.0
25.141716,0.33252817,0.0
6.6244416,0.7764546,0.0
6.3340487,0.7782715,0.0
44.677353,0.796629,0.0
43.650337,0.9940705,1.0
7.037713,0.21903908,0.0
32.63653,0.17021435,0.0
6.1704655,0.2861227,0.0
7.3263063,0.18027046,0.0
7.2138176,0.49086833,0.0
7.990158,0.120556585,0.0
20.4274,0.7179883,1.0
55.399216,0.61951166,0.0
22.271862,0.7865392,0.0
34.388092,0.057216886,0.0
6.490657,0.23764257,0.0
6.217827,0.28638557,0.0
4.093489,0.6317418,1.0
7.3152676,0.18051726,0.0
22.444317,0.38173804,0.0
20.4274,0.7179883,0.0
9.661153,0.7946468,1.0
9.032286,0.4599832,0.0
9.112331,0.7907029,1.0
8.518203,0.13461797,0.0
28.50603,0.12868853,0.0
24.38865,0.42518055,1.0
30.189896,0.059848882,0.0
23.919853,0.3763645,0.0
7.165736,0.79105246,0.0
6.8754454,0.7932244,0.0
44.766838,0.7222133,0.0
44.16107,0.99440044,1.0
6.2788115,0.2527682,0.0
32.648945,0.16702254,0.0
4.8421726,0.38812938,0.0
6.7733564,0.20612611,0.0
7.2899623,0.50658256,0.0
5.467539,0.16784565,0.0
20.789711,0.71798456,1.0
56.10032,0.51687974,0.0
21.965618,0.78193665,0.0
34.17437,0.056525674,0.0
6.1224594,0.24695508,0.0
5.606195,0.27776253,0.0
3.9278755,0.6445157,1.0
6.764193,0.20636904,0.0
22.830278,0.38718584,0.0
20.789711,0.7179845,0.0
9.501481,0.7871049,1.0
9.383675,0.48266414,0.0
8.139684,0.75588,1.0
7.8956323,0.14705877,0.0
28.330626,0.12655742,0.0
24.713701,0.42750406,1.0
29.863777,0.062299967,0.0
25.289341,0.34813562,0.0
6.7378035,0.77931845,0.0
6.4787617,0.78209996,0.0
44.767017,0.68768805,0.0
44.034847,0.9947976,1.0
6.4548106,0.23063357,0.0
32.49019,0.17749694,0.0
4.725235,0.3533602,0.0
6.9407234,0.187763,0.0
7.1593785,0.4879473,0.0
6.5407495,0.20272069,0.0
20.70308,0.7135016,1.0
56.659737,0.46430382,0.0
22.025904,0.78579324,0.0
33.83618,0.058478624,0.0
6.147085,0.23324044,0.0
7.6005397,0.7414783,0.0
3.7968266,0.6352565,1.0
6.928753,0.18803912,0.0
22.454937,0.38025266,0.0
20.70308,0.7135016,0.0
9.503642,0.79386044,1.0
9.502698,0.50146466,0.0
7.6005397,0.7414783,1.0
10.218171,0.11560251,0.0
27.94917,0.13295755,0.0
24.339058,0.42246488,1.0
29.907793,0.059042208,0.0
25.330006,0.32301995,0.0
6.3996644,0.77306724,0.0
6.264308,0.78015035,0.0
44.987854,0.6288113,0.0
11.098549,0.839161,1.0
6.4777026,0.22079058,0.0
32.75469,0.15427096,0.0
4.8823414,0.36650303,0.0
7.402938,0.17824447,0.0
6.934733,0.47143155,0.0
6.881348,0.1353319,0.0
20.922504,0.7187278,1.0
57.620117,0.3865884,0.0
19.680008,0.4662966,0.0
26.487438,0.10271772,0.0
7.1850104,0.21768907,0.0
5.691924,0.261929,0.0
3.5480165,0.61615306,1.0
7.38922,0.1785436,0.0
23.559975,0.31889397,0.0
20.922504,0.7187279,0.0
13.0809145,0.8212994,1.0
9.975184,0.5240127,0.0
7.187496,0.72597814,1.0
9.782743,0.11794926,0.0
26.487442,0.10271772,0.0
25.502605,0.36771226,1.0
30.621723,0.044411313,0.0
26.274712,0.26838046,0.0
5.339588,0.7263266,0.0
5.186136,0.73273295,0.0
44.171276,0.7097548,0.0
11.316813,0.8370786,1.0
12.467809,0.09362367,0.0
14.994738,0.09902095,0.0
9.301424,0.15357946,0.0
14.147303,0.09271289,0.0
7.7340508,0.37428254,0.0
15.129385,0.061497763,0.0
20.745266,0.7207136,1.0
56.043205,0.4830816,0.0
19.743011,0.4708827,0.0
26.12538,0.1131015,0.0
7.0206437,0.1977572,0.0
7.869101,0.76283044,0.0
3.4161391,0.60843474,1.0
13.818316,0.072621174,0.0
23.814964,0.32120004,0.0
20.745264,0.7207136,0.0
12.666843,0.8207714,1.0
10.05613,0.53632903,0.0
7.8691006,0.76283044,1.0
17.899424,0.043012887,0.0
26.12538,0.1131015,0.0
25.74443,0.37847078,1.0
31.27107,0.042311296,0.0
25.798283,0.2885964,0.0
6.0602846,0.759503,0.0
5.9667363,0.76987123,0.0
44.52236,0.71031237,0.0
12.899071,0.87732714,1.0
14.007567,0.07588051,0.0
15.463389,0.09192894,0.0
9.632479,0.14301646,0.0
14.457154,0.088197775,0.0
7.813047,0.3522208,0.0
15.362545,0.05966638,0.0
20.424725,0.71774364,1.0
56.318573,0.49302903,0.0
20.009998,0.45241097,0.0
26.61325,0.10664334,0.0
6.6788816,0.21395528,0.0
7.3030634,0.7403406,0.0
3.1595926,0.6046656,1.0
13.917173,0.07067857,0.0
23.537535,0.32314435,0.0
20.424725,0.7177436,0.0
12.5089,0.8126941,1.0
10.0817585,0.5639445,0.0
7.3030624,0.7403406,1.0
17.940792,0.042811956,0.0
26.61325,0.10664334,0.0
25.481771,0.3782259,1.0
29.258266,0.051621426,0.0
25.71173,0.2901416,0.0
5.657812,0.7429371,0.0
5.6168184,0.75517523,0.0
46.085392,0.7396583,0.0
13.245287,0.8567914,1.0
7.8861647,0.17467912,0.0
8.989066,0.29099768,0.0
5.2231574,0.29933235,0.0
8.5374565,0.29741395,0.0
6.6549273,0.42751873,0.0
8.346651,0.14778621,0.0
18.263649,0.71157986,1.0
56.74111,0.46693882,0.0
22.788626,0.7956037,0.0
33.438152,0.070313916,0.0
7.687455,0.1797489,0.0
10.407875,0.21284361,0.0
3.1185184,0.6233806,1.0
8.096162,0.15096429,0.0
26.18256,0.13162626,0.0
13.285779,0.5187233,0.0
9.055688,0.78710836,1.0
10.425381,0.59045947,0.0
6.695895,0.7710986,1.0
10.618429,0.1014905,0.0
28.244091,0.14221667,0.0
29.017979,0.2681095,1.0
35.293297,0.032201063,0.0
26.510225,0.28125358,0.0
5.2676034,0.8002662,0.0
5.3843846,0.8081567,0.0
42.04824,0.77948385,0.0
11.006802,0.8120105,1.0
9.364549,0.13544406,0.0
8.2297125,0.42545983,0.0
5.986489,0.24360839,0.0
9.581203,0.2330656,0.0
7.8201194,0.4186522,0.0
9.989835,0.11404227,0.0
18.339554,0.6392388,1.0
57.038555,0.41987485,0.0
22.506561,0.78700036,0.0
33.478394,0.06803981,0.0
4.2908044,0.27368826,0.0
11.449554,0.1518546,0.0
2.55752,0.609816,1.0
8.878025,0.13060923,0.0
25.080175,0.401794,0.0
13.714699,0.43744668,0.0
8.319929,0.7158113,1.0
7.2626715,0.33533072,0.0
6.4326277,0.77048546,1.0
8.408704,0.12726817,0.0
28.341982,0.13786343,0.0
29.380085,0.54184586,1.0
32.99836,0.03903771,0.0
25.861132,0.34794456,0.0
5.2127075,0.80050325,0.0
6.598107,0.17336284,0.0
39.404633,0.80722165,0.0
10.164938,0.77533287,1.0
9.296946,0.13365345,0.0
16.007103,0.23131339,0.0
5.604689,0.25459966,0.0
6.0462947,0.26577893,0.0
6.8748016,0.37957558,0.0
9.135708,0.12729442,0.0
18.101091,0.7012288,1.0
69.63686,0.05947506,0.0
22.690178,0.8055434,0.0
32.505993,0.07428914,0.0
6.4734797,0.17824712,0.0
11.769839,0.38658258,0.0
2.125203,0.59545463,1.0
7.9982705,0.14707915,0.0
25.428978,0.3829201,0.0
12.545616,0.5473022,0.0
7.40399,0.67394835,1.0
7.3526115,0.34665594,0.0
6.2720532,0.76553273,1.0
8.1710415,0.13406503,0.0
27.408678,0.15336713,0.0
30.195644,0.49159923,1.0
34.185993,0.035039615,0.0
26.713905,0.29948446,0.0
5.0956717,0.79526514,0.0
6.9493794,0.16169055,0.0
43.153355,0.75708455,0.0
10.139746,0.75618374,1.0
7.6213245,0.18066151,0.0
15.89298,0.23373686,0.0
5.349458,0.27987283,0.0
5.8994102,0.2897666,0.0
6.88695,0.40868306,0.0
8.859986,0.13262512,0.0
18.397636,0.7124224,1.0
58.854507,0.3593873,0.0
22.45952,0.79933244,0.0
33.02389,0.072461545,0.0
6.2308946,0.18184434,0.0
11.716015,0.39018968,0.0
2.4777014,0.5972328,1.0
7.669369,0.15993114,0.0
26.140003,0.35631496,0.0
12.942911,0.5796956,0.0
7.6475916,0.68159115,1.0
7.1468368,0.32443342,0.0
6.450243,0.7732674,1.0
8.386483,0.12689698,0.0
27.874989,0.14626946,0.0
30.519558,0.48458844,1.0
34.392715,0.03594291,0.0
26.944305,0.29567596,0.0
5.1485033,0.7969598,0.0
6.7391076,0.16841628,0.0
43.043125,0.7724262,0.0
11.461357,0.836938,1.0
10.723431,0.099051364,0.0
15.753667,0.23145482,0.0
5.5661445,0.2612197,0.0
5.60838,0.30794472,0.0
6.487478,0.40739366,0.0
7.98617,0.15569587,0.0
18.748877,0.71840733,1.0
57.903442,0.40375975,0.0
22.239294,0.7980112,0.0
33.206734,0.07019531,0.0
5.0417824,0.24300915,0.0
11.991354,0.38835698,0.0
2.2684295,0.53860396,1.0
7.473165,0.1635579,0.0
26.016518,0.3708857,0.0
13.236663,0.59547514,0.0
7.377795,0.6766484,1.0
7.0817304,0.32849538,0.0
5.94933,0.75546324,1.0
8.512595,0.12765288,0.0
27.870728,0.14559153,0.0
30.760523,0.5028064,1.0
30.650484,0.04976312,0.0
26.99532,0.3022848,0.0
5.137451,0.7958189,0.0
3.7004573,0.29757884,0.0
42.924767,0.7538479,0.0
10.637448,0.788995,1.0
7.512812,0.19338182,0.0
7.799113,0.42495808,0.0
5.2487364,0.29026693,0.0
7.8765326,0.31245518,0.0
9.52372,0.41241878,0.0
9.553995,0.12213655,0.0
18.653965,0.6495025,1.0
58.02446,0.38306895,0.0
22.37174,0.8003451,0.0
33.180122,0.07008272,0.0
3.719977,0.30884415,0.0
11.280159,0.15789925,0.0
4.1644754,0.53157437,1.0
8.213498,0.1496641,0.0
26.231682,0.3438502,0.0
14.033995,0.4836675,0.0
8.5564785,0.7240182,1.0
6.9765387,0.33483312,0.0
6.536641,0.78212076,1.0
7.9376497,0.1340062,0.0
27.852385,0.14595781,0.0
30.709015,0.4817194,1.0
33.288578,0.041046344,0.0
27.04567,0.27983722,0.0
5.331009,0.8034913,0.0
5.4935117,0.21180807,0.0
43.08868,0.7338161,0.0
11.550286,0.8209573,1.0
5.255846,0.28843707,0.0
7.2548833,0.42542326,0.0
4.3809476,0.36044282,0.0
8.254605,0.26307732,0.0
9.088943,0.4195461,0.0
9.111087,0.12829536,0.0
18.815529,0.64865535,1.0
58.27202,0.36668542,0.0
22.370617,0.7988065,0.0
32.92649,0.072241165,0.0
2.5956812,0.538331,0.0
9.155549,0.23039857,0.0
3.5504246,0.6280139,1.0
8.600108,0.14317031,0.0
26.493055,0.32493046,0.0
14.219463,0.4799424,0.0
9.959754,0.7958259,1.0
6.8954105,0.3731034,0.0
7.64278,0.8225173,1.0
8.083139,0.13046618,0.0
27.627262,0.15031038,0.0
31.251667,0.45090947,1.0
32.397907,0.04550451,0.0
27.65674,0.25182292,0.0
6.1685233,0.83372813,0.0
4.4501286,0.26795423,0.0
41.976772,0.7760114,0.0
10.413827,0.7813324,1.0
6.5041428,0.23463409,0.0
7.4738474,0.5040715,0.0
4.5632544,0.34823865,0.0
6.7019477,0.30430058,0.0
9.080454,0.42967263,0.0
8.117115,0.14825955,0.0
18.96997,0.65254813,1.0
55.5802,0.45734593,0.0
19.642563,0.4617187,0.0
25.724728,0.12027062,0.0
3.6126258,0.31491113,0.0
9.215917,0.22293581,0.0
3.9202418,0.61102396,1.0
7.4298124,0.17311999,0.0
26.524342,0.3374866,0.0
14.21021,0.47436425,0.0
12.40672,0.77700025,1.0
7.0390797,0.40519157,0.0
7.4131627,0.8136497,1.0
7.444121,0.14655712,0.0
25.724728,0.12027059,0.0
31.036371,0.47465703,1.0
33.673363,0.03877302,0.0
27.518967,0.27331907,0.0
5.9612207,0.8257226,0.0
5.6510267,0.20947434,0.0
42.163155,0.78261876,0.0
13.481392,0.9217418,1.0
7.8038063,0.18539435,0.0
14.4011,0.26885816,0.0
5.141502,0.31417266,0.0
6.040132,0.2799056,0.0
7.17022,0.42216408,0.0
10.075953,0.091467045,0.0
18.944895,0.71476567,1.0
56.140167,0.44175655,0.0
19.733433,0.45325178,0.0
25.840939,0.12024824,0.0
3.8886113,0.525867,0.0
11.387898,0.4367762,0.0
2.597526,0.61119837,1.0
8.072793,0.15899828,0.0
26.707203,0.33068287,0.0
13.427202,0.58166546,0.0
11.489309,0.74955314,1.0
6.2960744,0.31714466,0.0
7.627385,0.82058537,1.0
8.471285,0.12898955,0.0
25.840939,0.12024819,0.0
31.426203,0.47523227,1.0
34.21694,0.03731976,0.0
27.556612,0.25653386,0.0
6.266097,0.83586687,0.0
6.2020726,0.1861264,0.0
44.08559,0.80477035,0.0
15.73367,0.9355819,1.0
7.584155,0.20332924,0.0
15.299471,0.26879853,0.0
4.8993287,0.35937437,0.0
6.144762,0.2826256,0.0
7.324551,0.43669423,0.0
4.9816103,0.17702475,0.0
19.002447,0.71458906,1.0
56.60054,0.44436496,0.0
19.754337,0.45104477,0.0
25.942776,0.116003625,0.0
4.0013967,0.52539843,0.0
10.754261,0.4472755,0.0
2.691852,0.5708216,1.0
6.703048,0.19894546,0.0
27.33653,0.20493644,0.0
13.566527,0.58462054,0.0
11.548476,0.75176466,1.0
6.07497,0.33114,0.0
6.462022,0.7673462,1.0
6.805145,0.15969406,0.0
25.942776,0.11600365,0.0
31.686852,0.43696767,1.0
37.243782,0.031536825,0.0
27.811972,0.25066724,0.0
4.980223,0.78390336,0.0
6.30136,0.18382208,0.0
44.350414,0.81228054,0.0
16.387207,0.9400796,1.0
7.6602025,0.19790414,0.0
14.89443,0.2554091,0.0
4.640544,0.37661156,0.0
6.7085457,0.2757986,0.0
7.299601,0.44725546,0.0
4.6974964,0.18408315,0.0
19.596571,0.71198565,1.0
56.60249,0.4669799,0.0
19.690987,0.44056982,0.0
25.927443,0.113860086,0.0
2.5963066,0.38279793,0.0
10.503813,0.44653195,0.0
2.681201,0.5518478,1.0
6.318653,0.21196902,0.0
27.560179,0.19631156,0.0
14.038059,0.5827733,0.0
11.766481,0.7523993,1.0
7.0481563,0.4061324,0.0
5.631818,0.7352351,1.0
5.4852266,0.1975592,0.0
25.92744,0.113860056,0.0
31.571075,0.4392215,1.0
36.67252,0.035982106,0.0
27.824574,0.23723954,0.0
4.34686,0.7594309,0.0
3.9989972,0.28318346,0.0
43.141563,0.8216825,0.0
27.179186,0.9838298,1.0
6.2191334,0.24795648,0.0
14.650545,0.24737158,0.0
4.097434,0.40482673,0.0
5.323366,0.4661294,0.0
8.723202,0.4464672,0.0
4.1221213,0.3897455,0.0
19.305952,0.70175785,1.0
57.06137,0.50117284,0.0
19.907364,0.38352606,0.0
25.520882,0.120784804,0.0
5.418149,0.60810393,0.0
11.308265,0.4128194,0.0
4.0244756,0.46809965,1.0
3.448517,0.45077834,0.0
27.343819,0.33401182,0.0
13.891255,0.56431013,0.0
10.740546,0.7052816,1.0
6.271849,0.47847912,0.0
6.371027,0.77472615,1.0
3.9863043,0.2292008,0.0
25.52088,0.120784774,0.0
31.185005,0.519444,1.0
27.343817,0.33401176,0.0
27.504503,0.2880258,0.0
5.066975,0.7998263,0.0
3.5279193,0.66839194,0.0
45.12372,0.8068679,0.0
28.433998,0.9825333,1.0
9.882878,0.1527485,0.0
15.102085,0.23472564,0.0
6.172429,0.281711,0.0
5.457054,0.42809573,0.0
8.021103,0.3979938,0.0
5.2086782,0.3455636,0.0
19.436375,0.70752704,1.0
57.34515,0.47093406,0.0
20.866112,0.720129,0.0
32.708622,0.072828345,0.0
3.9166865,0.47818357,0.0
11.345937,0.3767067,0.0
3.3695407,0.47221607,1.0
5.7227736,0.2981608,0.0
28.331665,0.2102682,0.0
14.063915,0.5690246,0.0
7.609463,0.6070316,1.0
7.279274,0.44098705,0.0
5.9850626,0.7454264,1.0
4.5494533,0.20187233,0.0
27.688145,0.1453689,0.0
32.039383,0.45394257,1.0
29.738714,0.2747638,0.0
28.743137,0.30213162,0.0
4.823012,0.7858924,0.0
4.92743,0.794414,0.0
45.345596,0.75574857,0.0
27.786127,0.98389536,1.0
10.422976,0.14525138,0.0
10.665583,0.34207126,0.0
6.7040715,0.25700217,0.0
5.351443,0.41879693,0.0
8.904288,0.44629604,0.0
5.0483665,0.34648234,0.0
19.537107,0.63825834,1.0
56.431652,0.5367338,0.0
20.984707,0.73091954,0.0
32.848827,0.06988958,0.0
3.7801647,0.4766934,0.0
11.484704,0.18234427,0.0
3.4774802,0.4616204,1.0
5.751072,0.29172066,0.0
28.684093,0.22249116,0.0
14.345478,0.51336956,0.0
7.4266233,0.6013092,1.0
7.3503985,0.4336825,0.0
5.8770323,0.7453348,1.0
4.560106,0.20146477,0.0
27.651379,0.14441703,0.0
30.861013,0.2716565,1.0
28.684086,0.22249122,0.0
28.879055,0.23222032,0.0
4.5963273,0.7747185,0.0
4.704865,0.7837217,0.0
46.406197,0.7775052,0.0
28.876873,0.98501253,1.0
10.186465,0.14682752,0.0
10.982665,0.34382683,0.0
6.5837307,0.26002055,0.0
5.211482,0.42050594,0.0
9.14712,0.44840556,0.0
5.1257772,0.344498,0.0
19.277325,0.65205973,1.0
57.194145,0.57050604,0.0
21.038599,0.7199816,0.0
32.950134,0.07153403,0.0
3.8268466,0.48192,0.0
11.8484335,0.17752622,0.0
3.3561728,0.47276217,1.0
5.6319933,0.29483533,0.0
31.149923,0.1861303,0.0
14.051918,0.5276376,0.0
7.655199,0.604132,1.0
7.4431076,0.45765093,0.0
6.519733,0.77571243,1.0
4.8201027,0.19257101,0.0
27.871735,0.14366426,0.0
33.255196,0.23671469,1.0
31.14993,0.1861302,0.0
30.162945,0.2135687,0.0
4.853272,0.7923261,0.0
4.9832196,0.8012319,0.0
44.890797,0.8200662,0.0
25.685116,0.9798601,1.0
10.132757,0.1535924,0.0
8.425765,0.41451746,0.0
7.6506734,0.2262488,0.0
8.578405,0.35733858,0.0
9.2065735,0.4080514,0.0
6.1719956,0.28598824,0.0
19.351124,0.6604123,1.0
57.075294,0.57006097,0.0
20.53858,0.70176274,0.0
32.881115,0.073421694,0.0
4.0326047,0.38822085,0.0
12.142476,0.13639942,0.0
3.7213671,0.46423697,1.0
6.3561583,0.272291,0.0
31.76254,0.25054666,0.0
14.827114,0.47618648,0.0
7.5905523,0.6034172,1.0
7.7984514,0.46590343,0.0
6.5680084,0.76729786,1.0
6.0114613,0.15646806,0.0
27.909515,0.14344542,0.0
33.986427,0.4478315,1.0
31.762545,0.25054651,0.0
31.111572,0.24597727,0.0
4.8629456,0.78175396,0.0
4.9716144,0.7924194,0.0
45.230137,0.8132498,0.0
24.27552,0.9763184,1.0
10.044249,0.14928752,0.0
8.495682,0.35045236,0.0
7.27236,0.2320443,0.0
6.8647037,0.37011415,0.0
7.882128,0.38473725,0.0
5.9930806,0.2868725,0.0
18.938704,0.7158881,1.0
57.202053,0.55087763,0.0
19.67888,0.4348259,0.0
25.57301,0.123850405,0.0
3.9996686,0.38578224,0.0
9.364906,0.25641972,0.0
3.615133,0.44853202,1.0
6.33673,0.26619574,0.0
31.24282,0.27549177,0.0
14.2628,0.5115729,0.0
10.829991,0.6946393,1.0
8.076526,0.5037317,0.0
7.2597637,0.7849053,1.0
5.8058243,0.16215949,0.0
25.573008,0.123850405,0.0
34.046703,0.45556074,1.0
31.24282,0.27549177,0.0
30.869495,0.26596436,0.0
5.4003797,0.7919012,0.0
5.4402213,0.8027283,0.0
47.584145,0.78887665,0.0
23.020136,0.9726026,1.0
8.769759,0.16336186,0.0
16.310463,0.24021162,0.0
5.0394955,0.32493272,0.0
4.53446,0.44719946,0.0
7.229331,0.4109953,0.0
4.218743,0.41396818,0.0
18.931036,0.7071336,1.0
57.559288,0.6065007,0.0
18.583437,0.44986388,0.0
24.240162,0.14306904,0.0
5.3928475,0.6257946,0.0
11.537177,0.37710443,0.0
2.990193,0.41079372,1.0
4.552577,0.33565563,0.0
33.30217,0.16341448,0.0
13.496871,0.5642827,0.0
7.860914,0.5768012,1.0
9.709451,0.6001199,0.0
6.5680966,0.76941806,1.0
2.9161506,0.2857035,0.0
24.240162,0.14306904,0.0
35.41134,0.19967201,1.0
33.30217,0.16341451,0.0
30.766497,0.21730217,0.0
4.8687706,0.7798308,0.0
4.078657,0.7082633,0.0
47.1351,0.77677166,0.0
31.897383,0.9830009,1.0
9.142504,0.14913374,0.0
15.551048,0.25757366,0.0
4.18812,0.37131765,0.0
4.720811,0.4145154,0.0
6.6871758,0.4024397,0.0
4.911252,0.4010356,0.0
18.573792,0.7122687,1.0
56.959595,0.5934223,0.0
19.110003,0.46473274,0.0
24.708267,0.135252,0.0
7.758452,0.5959248,0.0
10.904077,0.38336262,0.0
2.7265716,0.41884524,1.0
4.7096233,0.3230931,0.0
34.842564,0.14635643,0.0
13.19977,0.5688843,0.0
8.130071,0.5707252,1.0
8.978098,0.5897558,0.0
7.387229,0.79119694,1.0
5.1950493,0.37137645,0.0
24.708265,0.13525201,0.0
36.932278,0.1789328,1.0
34.842556,0.14635646,0.0
31.783184,0.20353945,0.0
5.306384,0.78681016,0.0
5.3128824,0.79736525,0.0
51.41913,0.80683964,0.0
19.313732,0.9553997,1.0
9.690125,0.13764283,0.0
15.334329,0.26422238,0.0
5.4831414,0.28572345,0.0
4.807133,0.40545017,0.0
7.1370525,0.39706665,0.0
5.302464,0.3565519,0.0
18.666182,0.7234396,1.0
63.466637,0.59868824,0.0
18.72033,0.4653463,0.0
23.977484,0.14649636,0.0
7.579556,0.58579916,0.0
10.837251,0.38295642,0.0
3.0285087,0.38748264,1.0
5.0856595,0.29358104,0.0
35.071022,0.14486948,0.0
13.286348,0.59262633,0.0
8.062254,0.5660366,1.0
10.318186,0.6204691,0.0
7.6860957,0.7965072,1.0
5.2340517,0.33679688,0.0
23.977482,0.14649639,0.0
34.378452,0.29831812,1.0
35.071014,0.1448695,0.0
35.071014,0.14486948,0.0
5.393929,0.7842259,0.0
5.3935165,0.7962439,0.0
48.41968,0.83801824,0.0
38.167755,0.9890955,1.0
8.852502,0.16138907,0.0
15.450311,0.2653267,0.0
4.5353823,0.33654737,0.0
4.715419,0.4147457,0.0
6.511798,0.42586437,0.0
5.399019,0.34034643,0.0
18.545319,0.73341775,1.0
54.084427,0.83981717,0.0
18.38543,0.45132518,0.0
23.52093,0.15343522,0.0
7.0760884,0.55190086,0.0
10.791885,0.39907047,0.0
3.1918173,0.40061235,1.0
5.0929847,0.30046386,0.0
34.25988,0.22707821,0.0
13.142433,0.608237,0.0
8.001779,0.56502753,1.0
10.242509,0.61078095,0.0
8.211576,0.8170986,1.0
5.331517,0.35416827,0.0
23.520927,0.1534352,0.0
36.91918,0.3317036,1.0
36.647987,0.21957408,0.0
36.497704,0.21364747,0.0
5.7443476,0.80431944,0.0
5.7829666,0.81541264,0.0
48.28436,0.8169502,0.0
38.54358,0.98810285,1.0
8.306308,0.19233897,0.0
12.066434,0.3578033,0.0
5.5182695,0.3216963,0.0
4.765389,0.42854452,0.0
9.869532,0.47074765,0.0
4.607657,0.37867346,0.0
18.938196,0.6821139,1.0
53.296665,0.8087112,0.0
18.778715,0.46359205,0.0
24.034206,0.14639057,0.0
7.362673,0.53975344,0.0
12.487899,0.16436285,0.0
2.9059353,0.45173866,1.0
6.2178597,0.2801622,0.0
33.07039,0.23275816,0.0
13.430104,0.56724894,0.0
8.03269,0.56464213,1.0
8.82636,0.5824014,0.0
8.8773985,0.8329091,1.0
4.1793737,0.36025622,0.0
24.034206,0.14639054,0.0
40.52972,0.5030969,1.0
35.97737,0.28636196,0.0
34.563416,0.3325825,0.0
6.248487,0.8200846,0.0
6.277749,0.83033854,0.0
12.3872175,0.51275104,0.0
11.521091,0.4125933,0.0
11.644228,0.12837039,0.0
13.4080925,0.53647166,0.0
5.5055065,0.51552,1.0
4.7225366,0.6986745,0.0
6.208913,0.7441676,1.0
43.943085,0.01453293,0.0
15.215878,0.4136836,0.0
6.834206,0.81879765,0.0
48.82071,0.010176154,0.0
10.064805,0.3061996,0.0
27.9084,0.037870433,0.0
10.012207,0.57162064,0.0
43.94309,0.01453293,0.0
43.943085,0.01453293,0.0
43.94309,0.01453293,0.0
10.04726,0.8629376,1.0
20.931154,0.79542035,1.0
20.631086,0.07203773,0.0
12.559235,0.41589954,0.0
7.9896193,0.21423645,0.0
6.3735466,0.45177862,0.0
43.86702,0.0145799825,0.0
12.716123,0.83432585,1.0
2.8032467,0.38182008,0.0
12.518326,0.19425008,1.0
43.42967,0.014822955,0.0
12.150312,0.5659677,0.0
10.974311,0.43509486,0.0
7.7492695,0.2382644,0.0
13.859791,0.51774377,0.0
5.4201126,0.5407904,1.0
4.677311,0.6766989,0.0
6.329669,0.76730466,1.0
42.058723,0.017092004,0.0
15.218035,0.44828373,0.0
6.7633476,0.8181279,0.0
72.62069,0.0024902497,0.0
9.798875,0.3558932,0.0
35.67574,0.019440547,0.0
10.905331,0.646298,0.0
42.05872,0.017092004,0.0
42.05872,0.017092014,0.0
42.05872,0.017092004,0.0
10.815458,0.8763851,1.0
21.475405,0.8315077,1.0
20.063507,0.07778636,0.0
15.313192,0.5772809,0.0
7.3671675,0.22608931,0.0
7.3012733,0.507251,0.0
41.879665,0.017276075,0.0
12.421876,0.8473212,1.0
4.559528,0.3437074,0.0
3.5545874,0.5904634,1.0
41.58192,0.017469317,0.0
11.104008,0.6163593,0.0
10.583854,0.43639836,0.0
8.5453205,0.23494211,0.0
13.254536,0.50424033,0.0
5.550078,0.5969793,1.0
4.4272685,0.7015164,0.0
6.861451,0.8135082,1.0
41.135777,0.017963853,0.0
14.706097,0.5057913,0.0
6.7949395,0.81635875,0.0
73.38901,0.0024290876,0.0
9.16114,0.47777277,0.0
38.754414,0.015006767,0.0
11.290469,0.6741648,0.0
37.580498,0.024258452,0.0
44.182602,0.0139860315,0.0
41.135777,0.017963853,0.0
11.865205,0.8941101,1.0
20.698433,0.8272918,1.0
18.017118,0.097026475,0.0
13.8411875,0.56321895,0.0
7.384708,0.22116108,0.0
7.074917,0.51656055,0.0
40.678497,0.018641608,0.0
12.029319,0.8730911,1.0
3.7160583,0.4153597,0.0
2.2450316,0.6896072,1.0
40.63582,0.018381352,0.0
11.106102,0.65452087,0.0
10.5253315,0.4769505,0.0
8.270285,0.31138742,0.0
12.753636,0.5400153,0.0
5.2497435,0.57196647,1.0
4.696265,0.50365055,0.0
6.253016,0.8109834,1.0
39.798412,0.020390283,0.0
14.890631,0.56119233,0.0
5.151748,0.7182142,0.0
82.14351,0.0015575421,0.0
9.250569,0.5017292,0.0
63.094402,0.003204239,0.0
11.398341,0.67115855,0.0
36.311977,0.027620511,0.0
42.752174,0.015882106,0.0
39.798405,0.020390293,0.0
11.8768015,0.8983638,1.0
20.920042,0.83902794,1.0
17.700378,0.099738404,0.0
13.248419,0.58848244,0.0
2.1156273,0.6808101,0.0
8.114564,0.582424,0.0
39.185993,0.021550208,0.0
11.818871,0.87931997,1.0
3.992405,0.391683,0.0
2.4863033,0.7527801,1.0
39.447365,0.020608477,0.0
10.671684,0.5999717,0.0
11.502587,0.3791188,0.0
5.8542113,0.47383544,0.0
13.365915,0.49320394,0.0
5.819378,0.7596486,1.0
3.8396282,0.5692529,0.0
6.0182896,0.8090095,1.0
42.46927,0.016399479,0.0
14.66518,0.5602155,0.0
5.875194,0.76232857,0.0
79.4734,0.0017315625,0.0
9.331934,0.4379255,0.0
60.25992,0.0037400385,0.0
11.734404,0.6718182,0.0
42.46927,0.016399471,0.0
42.46927,0.016399471,0.0
42.46926,0.016399479,0.0
10.806248,0.8820115,1.0
20.921526,0.8284451,1.0
17.227207,0.11631061,0.0
14.187976,0.5040378,0.0
2.5233243,0.42956483,0.0
7.298976,0.5805524,0.0
42.14274,0.016868874,0.0
13.373875,0.8845322,1.0
4.31718,0.35793766,0.0
2.5052886,0.69070315,1.0
42.168484,0.016476726,0.0
10.83217,0.6255069,0.0
11.225101,0.37401038,0.0
5.7111034,0.46536493,0.0
13.173,0.49033317,0.0
5.3767323,0.74248064,1.0
4.013481,0.503383,0.0
5.5804334,0.8074312,1.0
41.813152,0.017269058,0.0
15.166018,0.6053594,0.0
5.4469824,0.7464436,0.0
81.62383,0.0015555175,0.0
9.297534,0.4093864,0.0
60.904106,0.0036631236,0.0
11.353551,0.6721573,0.0
38.43154,0.02286665,0.0
44.70825,0.013621899,0.0
41.81315,0.017269066,0.0
9.623763,0.86151105,1.0
20.318066,0.8259124,1.0
16.782799,0.12175885,0.0
14.069696,0.50759286,0.0
2.1976733,0.4629669,0.0
6.624921,0.5979484,0.0
40.801655,0.018936781,0.0
13.613211,0.88802415,1.0
4.6357307,0.3171134,0.0
2.4604445,0.6942592,1.0
41.523228,0.017337287,0.0
10.730046,0.5608631,0.0
12.095494,0.34280598,0.0
6.078875,0.40569848,0.0
12.895698,0.4539853,0.0
4.533833,0.65320307,1.0
7.0077085,0.28435877,0.0
5.0009665,0.77406776,1.0
41.359882,0.017710324,0.0
15.007529,0.59492487,0.0
4.566263,0.6566166,0.0
83.18987,0.0014847718,0.0
9.621869,0.35284773,0.0
66.34358,0.0026677663,0.0
10.870936,0.60513747,0.0
35.56266,0.029387474,0.0
44.740284,0.013566149,0.0
41.37683,0.017676527,0.0
9.273766,0.85496503,1.0
19.989489,0.8023199,1.0
16.669228,0.11498573,0.0
13.920855,0.452329,0.0
1.6232085,0.6610342,0.0
6.332978,0.57705563,0.0
39.560028,0.020990089,0.0
13.763036,0.88699067,1.0
5.0137796,0.29351994,0.0
2.4034204,0.68380046,1.0
45.09356,0.01288249,0.0
7.1407685,0.4791001,0.0
12.45368,0.34289777,0.0
4.9169283,0.5291622,0.0
13.619946,0.46740013,0.0
6.103977,0.7843344,1.0
4.1969995,0.4881973,0.0
5.9146004,0.77607787,1.0
39.586372,0.020656751,0.0
14.345807,0.5686097,0.0
6.9109173,0.80983835,0.0
82.30557,0.001561933,0.0
9.636759,0.3666137,0.0
63.959774,0.0031278876,0.0
9.46501,0.5721756,0.0
36.344734,0.027305964,0.0
42.207966,0.016490534,0.0
39.586372,0.020656755,0.0
11.848198,0.9140605,1.0
19.8639,0.80605376,1.0
15.039889,0.14417636,0.0
13.633917,0.4670299,0.0
2.8277001,0.39571714,0.0
6.358866,0.59311116,0.0
38.879433,0.022072025,0.0
13.424364,0.9024981,1.0
4.322299,0.33391908,0.0
2.364286,0.6984376,1.0
39.318844,0.020744411,0.0
6.8457355,0.5042387,0.0
11.834317,0.27624875,0.0
5.260762,0.5408261,0.0
12.5109,0.47399393,0.0
7.5203295,0.8163522,1.0
3.7580729,0.5784499,0.0
6.5084653,0.80859137,1.0
37.883408,0.023207061,0.0
14.28814,0.5779113,0.0
8.43088,0.83643997,0.0
77.6347,0.0019665407,0.0
9.267828,0.45195925,0.0
56.889412,0.0049585006,0.0
10.091264,0.6508449,0.0
29.974934,0.049085177,0.0
48.40129,0.010936817,0.0
37.893276,0.023178743,0.0
15.9222355,0.952695,1.0
19.316284,0.8011397,1.0
14.42903,0.1666305,0.0
12.5227995,0.47364238,0.0
1.6378276,0.60103744,0.0
6.0171185,0.64492255,0.0
35.943092,0.028165245,0.0
13.9297,0.9120571,1.0
4.6912317,0.3690422,0.0
8.969706,0.9365158,1.0
40.701595,0.017846849,0.0
6.3921547,0.5328764,0.0
12.268638,0.37442103,0.0
4.7488523,0.57063484,0.0
12.492309,0.48488435,0.0
5.0224395,0.6548633,1.0
3.533268,0.59776497,0.0
5.958954,0.79766744,1.0
38.24594,0.021329714,0.0
14.763155,0.6322768,0.0
5.3888927,0.667255,0.0
109.53564,0.00040699987,0.0
9.332438,0.5245693,0.0
71.42331,0.0020410256,0.0
11.019063,0.7455843,0.0
40.013035,0.012313005,0.0
46.893604,0.0123394355,0.0
38.24594,0.021329714,0.0
13.979335,0.94556624,1.0
19.608084,0.8179227,1.0
14.401617,0.19061904,0.0
12.50237,0.48457867,0.0
4.5196576,0.31276888,0.0
6.218777,0.62772584,0.0
37.695305,0.022228323,0.0
11.928968,0.8757262,1.0
3.4475143,0.53845197,0.0
9.46694,0.9424551,1.0
37.753975,0.021747066,0.0
6.8978434,0.57918936,0.0
10.951302,0.27675536,0.0
4.2187195,0.66405046,0.0
11.99507,0.46439075,0.0
5.05926,0.52421284,1.0
4.3579874,0.41578934,0.0
6.199496,0.7518598,1.0
38.638397,0.01951819,0.0
18.093452,0.42675036,0.0
5.9731545,0.40874818,0.0
89.08361,0.0011094216,0.0
8.548056,0.36729166,0.0
60.645428,0.0038299086,0.0
9.544472,0.62474763,0.0
34.28994,0.020920578,0.0
48.54263,0.011069826,0.0
38.6384,0.01951818,0.0
10.937833,0.92188835,1.0
14.352477,0.7172991,1.0
14.220388,0.19372696,0.0
12.008363,0.4639608,0.0
1.5580862,0.5874055,0.0
5.2237124,0.6693158,0.0
37.22547,0.021722458,0.0
12.123473,0.81673497,1.0
6.8757677,0.21671635,0.0
8.4279375,0.93230045,1.0
44.290318,0.012529909,0.0
7.393971,0.54113686,0.0
11.800522,0.17814025,0.0
4.085583,0.56232274,0.0
17.10331,0.28783882,0.0
5.0869613,0.56000006,1.0
4.563805,0.3726987,0.0
6.698587,0.78538513,1.0
42.02578,0.015910558,0.0
18.831795,0.39240566,0.0
5.98535,0.41822895,0.0
77.415436,0.0019158416,0.0
8.276648,0.37525904,0.0
54.011566,0.00560834,0.0
10.079132,0.706691,0.0
34.196487,0.028702797,0.0
50.822803,0.009839444,0.0
42.02578,0.01591055,0.0
13.295212,0.9492407,1.0
13.2383995,0.6575788,1.0
14.810301,0.16743588,0.0
13.058642,0.38115308,0.0
2.3367305,0.5832772,0.0
5.0962167,0.6076714,0.0
41.793434,0.019456575,0.0
13.385886,0.83516335,1.0
6.064563,0.23575234,0.0
6.9107723,0.9158123,1.0
51.244747,0.009299533,0.0
7.8263226,0.45506254,0.0
11.63216,0.22999597,0.0
5.66374,0.40714765,0.0
12.53064,0.38591337,0.0
5.2283273,0.58045787,1.0
4.3004313,0.38949057,0.0
6.9439273,0.8042748,1.0
42.590405,0.015617932,0.0
20.3626,0.37358603,0.0
5.7881155,0.4823959,0.0
70.29597,0.0028476948,0.0
8.376394,0.34241182,0.0
50.27977,0.007347044,0.0
10.195037,0.6665676,0.0
34.78628,0.026420176,0.0
48.2778,0.011882394,0.0
42.590412,0.015617925,0.0
17.598154,0.9668452,1.0
16.134836,0.6014499,1.0
16.538342,0.12905748,0.0
13.968704,0.37982857,0.0
2.5043406,0.5902478,0.0
3.4831982,0.70987964,0.0
49.696274,0.010944247,0.0
14.089611,0.8437944,1.0
5.3920364,0.2731744,0.0
7.135445,0.92015636,1.0
40.069412,0.017884584,0.0
8.1900425,0.4512277,0.0
11.994256,0.13411471,0.0
6.3208313,0.32541957,0.0
15.639865,0.31414264,0.0
5.4821477,0.59027946,1.0
4.689089,0.37849024,0.0
6.604539,0.78848636,1.0
39.70583,0.019326257,0.0
20.087616,0.3254347,0.0
5.7383947,0.5044456,0.0
59.0433,0.005784383,0.0
8.410427,0.34370998,0.0
33.84558,0.022889676,0.0
9.665325,0.65465045,0.0
33.543392,0.030367924,0.0
45.51781,0.013869809,0.0
39.70583,0.019326257,0.0
15.5983925,0.95680225,1.0
13.672222,0.5403376,1.0
17.15872,0.1112126,0.0
12.407606,0.33685923,0.0
4.3068156,0.47018108,0.0
2.3983076,0.6846676,0.0
42.76295,0.015004639,0.0
13.888548,0.82595885,1.0
5.167342,0.30130777,0.0
5.6493154,0.89437205,1.0
38.92195,0.02008948,0.0
12.593672,0.41092074,0.0
14.206814,0.108560376,0.0
7.161637,0.27877787,0.0
16.719364,0.2748017,0.0
5.464476,0.623212,1.0
5.2527742,0.3435513,0.0
8.003736,0.8588081,1.0
39.061787,0.019887023,0.0
20.888922,0.31605276,0.0
5.4140186,0.527438,0.0
48.949192,0.0120377205,0.0
9.015633,0.27155858,0.0
30.44671,0.031626873,0.0
9.873807,0.6033726,0.0
29.35107,0.043584287,0.0
46.338036,0.0126559315,0.0
39.06178,0.019887038,0.0
12.39982,0.9285282,1.0
14.183898,0.5208251,1.0
15.706767,0.1378408,0.0
12.607726,0.30399325,0.0
10.263517,0.25762492,0.0
1.8251141,0.52190614,0.0
41.425312,0.016687801,0.0
16.644802,0.8204936,1.0
5.767205,0.27433237,0.0
4.12387,0.80455226,1.0
41.993195,0.01551025,0.0
12.855116,0.38612077,0.0
14.278776,0.15247011,0.0
7.231316,0.31717944,0.0
12.341677,0.33950755,0.0
5.5748057,0.6211753,1.0
5.577326,0.29347056,0.0
7.7868085,0.85312027,1.0
37.594532,0.022887575,0.0
21.764904,0.287299,0.0
5.6708627,0.519887,0.0
51.68728,0.00906757,0.0
9.499977,0.24183477,0.0
44.02072,0.011635478,0.0
10.299158,0.59387356,0.0
33.58739,0.031786714,0.0
43.3274,0.015806593,0.0
37.594524,0.022887575,0.0
12.380984,0.9288182,1.0
16.705805,0.49687016,1.0
15.794795,0.14797832,0.0
14.363939,0.29005918,0.0
8.467545,0.31199777,0.0
2.2249098,0.55938804,0.0
37.14744,0.02383215,0.0
16.741232,0.7986864,1.0
5.525442,0.26094815,0.0
4.6260653,0.8245415,1.0
37.366257,0.023040887,0.0
13.807106,0.37178957,0.0
15.923307,0.089265265,0.0
6.5292754,0.36770555,0.0
11.335906,0.3235585,0.0
5.2427483,0.60018665,1.0
6.0065823,0.27343303,0.0
7.6672716,0.84826964,1.0
37.492523,0.023560544,0.0
22.872438,0.26751146,0.0
5.624363,0.47486994,0.0
45.789864,0.0148096895,0.0
9.421356,0.24217668,0.0
31.105951,0.030976651,0.0
9.678454,0.56980395,0.0
37.492527,0.023560535,0.0
37.492523,0.023560535,0.0
37.492527,0.023560535,0.0
10.939755,0.90827745,1.0
15.768165,0.45240912,1.0
14.452435,0.17114715,0.0
17.447454,0.27013037,0.0
12.7633095,0.20057192,0.0
1.7986774,0.5466483,0.0
37.03806,0.024493637,0.0
17.49098,0.76981944,1.0
5.6952744,0.2551179,0.0
4.6180005,0.8373058,1.0
37.401295,0.02334111,0.0
13.397041,0.37108177,0.0
15.961945,0.09899398,0.0
5.3898554,0.4421622,0.0
11.131682,0.30962875,0.0
5.448604,0.6388651,1.0
5.550214,0.3098115,0.0
8.236409,0.86864877,1.0
38.95812,0.021551175,0.0
22.797253,0.2650531,0.0
5.343044,0.51150924,0.0
57.62767,0.007539609,0.0
9.723039,0.2300878,0.0
28.165516,0.04505867,0.0
9.7267475,0.5962853,0.0
38.958126,0.02155117,0.0
42.650867,0.0178161,0.0
42.650875,0.017816093,0.0
20.643572,0.9769588,1.0
14.90473,0.43289718,1.0
14.294048,0.19275999,0.0
17.201084,0.23931514,0.0
9.414036,0.34261087,0.0
1.6097757,0.61172,0.0
37.207714,0.024763204,0.0
17.679436,0.7718589,1.0
5.7033534,0.28742543,0.0
4.6879487,0.8667396,1.0
43.762608,0.016438691,0.0
9.0669565,0.43190846,0.0
19.69196,0.06120681,0.0
8.364913,0.28777456,0.0
13.327672,0.30462548,0.0
7.118847,0.77800316,1.0
5.2030325,0.38927567,0.0
5.014783,0.72523636,1.0
39.44077,0.020330716,0.0
20.519928,0.21386342,0.0
7.6171784,0.7965019,0.0
48.374844,0.015586479,0.0
8.328499,0.31681317,0.0
33.855232,0.033054866,0.0
8.218105,0.58053267,0.0
39.44077,0.020330716,0.0
42.4167,0.017938342,0.0
42.416695,0.01793835,0.0
30.581833,0.98975486,1.0
9.545839,0.5036797,1.0
16.423344,0.1263972,0.0
14.936255,0.25185904,0.0
14.827105,0.21344924,0.0
0.8839373,0.6042427,0.0
37.78832,0.023098828,0.0
14.804377,0.8324822,1.0
5.3153944,0.38489938,0.0
5.6735497,0.84189236,1.0
43.566273,0.01649717,0.0
12.911897,0.2882523,0.0
20.570349,0.055196363,0.0
9.083407,0.24634789,0.0
14.090362,0.2699243,0.0
7.2144966,0.7784137,1.0
5.980194,0.3181742,0.0
6.351215,0.8176648,1.0
38.20666,0.022743946,0.0
21.336292,0.21708223,0.0
7.2733283,0.78081924,0.0
52.597122,0.01208726,0.0
9.219042,0.25087598,0.0
36.494396,0.027254805,0.0
8.637109,0.5057445,0.0
38.206665,0.022743946,0.0
40.820923,0.02104905,0.0
40.820927,0.021049041,0.0
24.70383,0.98424757,1.0
10.556658,0.41671476,1.0
17.400387,0.11245405,0.0
15.712724,0.22755012,0.0
15.437592,0.19879524,0.0
0.9659171,0.5902085,0.0
36.523148,0.025938634,0.0
16.134886,0.7801822,1.0
5.885914,0.32987922,0.0
5.2935376,0.8407454,1.0
42.10007,0.019135356,0.0
8.85404,0.4541975,0.0
17.486362,0.074256316,0.0
7.7299604,0.24899158,0.0
13.229929,0.29630783,0.0
6.3272967,0.7202067,1.0
5.413233,0.34307036,0.0
5.2307053,0.72229433,1.0
42.128754,0.01610088,0.0
19.597347,0.26514208,0.0
6.6981854,0.7391756,0.0
56.228516,0.008440705,0.0
8.9153805,0.2795108,0.0
31.36349,0.036089364,0.0
8.258796,0.54339653,0.0
42.12876,0.01610088,0.0
44.489643,0.01563399,0.0
44.489643,0.01563399,0.0
38.099552,0.9944326,1.0
9.732291,0.5130874,1.0
18.1299,0.09428674,0.0
14.332761,0.26836383,0.0
10.468231,0.3224325,0.0
1.0386848,0.65905267,0.0
42.88423,0.018025568,0.0
13.467426,0.82559806,1.0
5.536545,0.33946946,0.0
5.1991944,0.8756941,1.0
43.94453,0.016036661,0.0
8.5645075,0.51428616,0.0
13.963822,0.100634284,0.0
6.0449533,0.341033,0.0
12.37623,0.35572657,0.0
6.589722,0.73111194,1.0
5.169636,0.33793136,0.0
6.030803,0.77675706,1.0
40.870483,0.017533304,0.0
18.772089,0.32249206,0.0
6.631567,0.73351806,0.0
60.004944,0.005918016,0.0
7.946253,0.35065022,0.0
39.718185,0.016073363,0.0
8.280796,0.54595894,0.0
40.870483,0.017533304,0.0
44.11985,0.015277239,0.0
44.11985,0.015277239,0.0
29.37206,0.98948157,1.0
10.149518,0.5253932,1.0
18.795744,0.091062404,0.0
12.848469,0.35244286,0.0
5.2275524,0.47786137,0.0
2.3945134,0.7677823,0.0
39.142853,0.019984582,0.0
12.724034,0.8229392,1.0
5.3079615,0.32116547,0.0
8.035934,0.9315434,1.0
45.040455,0.014295454,0.0
9.257143,0.48184636,0.0
11.481341,0.1441482,0.0
4.902101,0.36997592,0.0
9.34943,0.31677428,0.0
5.9854946,0.65482634,1.0
3.9638128,0.4182187,0.0
6.8839164,0.8119406,1.0
44.873554,0.012840941,0.0
18.399788,0.37681678,0.0
6.3440213,0.45703894,0.0
57.38637,0.0072668977,0.0
8.904871,0.29409045,0.0
37.9405,0.01749852,0.0
7.288774,0.65084636,0.0
44.87356,0.012840941,0.0
48.77017,0.010881106,0.0
48.77017,0.010881106,0.0
33.933495,0.9928566,1.0
10.866677,0.57095,1.0
13.6118355,0.1418597,0.0
12.274391,0.36184427,0.0
4.186015,0.49948782,0.0
2.1866705,0.75237525,0.0
47.4687,0.012101618,0.0
14.60282,0.9196115,1.0
7.2978134,0.23855329,0.0
8.2819,0.93324643,1.0
48.07287,0.011138367,0.0
9.891022,0.37562338,0.0
12.115138,0.14410014,0.0
5.2083683,0.32387066,0.0
9.511692,0.28916872,0.0
5.921572,0.72821695,1.0
3.5482914,0.48919523,0.0
5.731521,0.75498044,1.0
44.165253,0.013364569,0.0
19.18029,0.30366662,0.0
5.91219,0.49265367,0.0
48.009933,0.015345839,0.0
9.7170515,0.23643549,0.0
28.8463,0.04148975,0.0
7.2715745,0.62512493,0.0
44.165253,0.013364569,0.0
48.181686,0.01122165,0.0
48.18169,0.01122165,0.0
31.397572,0.9910334,1.0
11.029277,0.5362633,1.0
14.108168,0.13194448,0.0
14.31278,0.25007638,0.0
5.0159597,0.48045006,0.0
1.6315106,0.65356934,0.0
46.83303,0.012529419,0.0
13.162657,0.8833953,1.0
3.6139944,0.44437188,0.0
5.0048857,0.8444238,1.0
47.674088,0.011316858,0.0
9.657818,0.41934842,0.0
12.506008,0.13608292,0.0
7.304876,0.21689121,0.0
9.75866,0.28328994,0.0
6.0316887,0.71624506,1.0
4.55798,0.40051594,0.0
5.7799845,0.7525585,1.0
34.489964,0.028288288,0.0
18.923523,0.32107082,0.0
6.398584,0.733344,0.0
49.951397,0.011732591,0.0
8.397199,0.2939051,0.0
24.76273,0.05712906,0.0
7.7059946,0.6232163,0.0
34.489964,0.028288288,0.0
61.424824,0.0042798277,0.0
43.54734,0.012934103,0.0
27.052586,0.98648167,1.0
10.767076,0.54595727,1.0
15.155563,0.11037527,0.0
12.9790745,0.27904788,0.0
8.236599,0.39185363,0.0
1.1436933,0.68578243,0.0
44.152935,0.013545739,0.0
11.583168,0.88054216,1.0
4.607553,0.36524156,0.0
5.9397893,0.8926105,1.0
45.919914,0.011563663,0.0
9.594944,0.39217925,0.0
14.187362,0.11733535,0.0
6.7070704,0.27300802,0.0
10.123989,0.27195802,0.0
6.3645034,0.75083977,1.0
4.72003,0.37991238,0.0
5.8331504,0.74650407,1.0
35.84843,0.023635937,0.0
19.536837,0.26728708,0.0
6.7783837,0.7687335,0.0
37.38821,0.033271894,0.0
8.53129,0.27531728,0.0
25.59124,0.062185846,0.0
7.626626,0.61648786,0.0
30.366339,0.03898896,0.0
63.774803,0.0036999052,0.0
47.993694,0.010094307,0.0
18.638577,0.9716974,1.0
11.289368,0.55359775,1.0
12.72424,0.15558966,0.0
13.684975,0.24469909,0.0
11.171518,0.3084102,0.0
1.2718062,0.60774827,0.0
43.942158,0.013885007,0.0
11.713409,0.84877974,1.0
3.9511309,0.4382262,0.0
5.769861,0.85049397,1.0
55.42725,0.0059819426,0.0
10.301405,0.3797422,0.0
15.106268,0.10819555,0.0
4.911054,0.38309994,0.0
9.410957,0.28304216,0.0
7.2538342,0.82551354,1.0
5.0621347,0.34943756,0.0
6.8186893,0.78514206,1.0
29.82109,0.041077673,0.0
20.629353,0.23979935,0.0
7.2932315,0.8266901,0.0
34.48417,0.046163853,0.0
8.315738,0.27815145,0.0
25.273693,0.068120785,0.0
7.3105803,0.63762265,0.0
29.82109,0.041077666,0.0
68.746124,0.002728254,0.0
51.397102,0.007699894,0.0
19.691048,0.9747693,1.0
11.163916,0.49090555,1.0
11.221857,0.20315678,0.0
15.640237,0.19509356,0.0
12.029039,0.2667464,0.0
1.7279336,0.57185936,0.0
43.78186,0.014006049,0.0
12.706826,0.84076875,1.0
2.8028421,0.5119266,0.0
6.3494,0.7592348,1.0
76.03128,0.0017627152,0.0
10.614358,0.39950752,0.0
14.569537,0.11086956,0.0
5.557065,0.3138357,0.0
9.249039,0.29700336,0.0
6.785793,0.8034935,1.0
5.1337748,0.34790155,0.0
7.1170874,0.7964045,1.0
44.617737,0.012065471,0.0
21.126524,0.25209734,0.0
6.8216553,0.8048345,0.0
35.66184,0.039142534,0.0
8.316971,0.29289654,0.0
26.293182,0.05779948,0.0
7.4135017,0.6454021,0.0
33.40039,0.029711287,0.0
57.48875,0.005715188,0.0
49.76212,0.009446694,0.0
15.930394,0.9619111,1.0
11.143113,0.47186956,1.0
12.871476,0.16380543,0.0
14.349877,0.2335845,0.0
12.541886,0.2363703,0.0
1.4316239,0.5950134,0.0
45.409435,0.013383609,0.0
12.450064,0.8360589,1.0
2.8610353,0.4811358,0.0
6.324807,0.73380864,1.0
59.311047,0.0048725614,0.0
10.86113,0.39238796,0.0
12.195542,0.13426732,0.0
8.272509,0.20187482,0.0
8.747856,0.36646104,0.0
6.109678,0.7299263,1.0
4.9234447,0.34881917,0.0
6.751974,0.7735166,1.0
36.25569,0.023639502,0.0
21.117485,0.25520554,0.0
6.137431,0.7318519,0.0
39.231266,0.023905454,0.0
8.446474,0.27745,0.0
21.380606,0.07529658,0.0
7.6381035,0.63282186,0.0
36.25569,0.023639493,0.0
70.045715,0.0026109074,0.0
51.94645,0.007564136,0.0
17.048613,0.9651653,1.0
11.744119,0.4710696,1.0
16.002167,0.117257535,0.0
13.527634,0.28306183,0.0
7.6039085,0.39891624,0.0
1.7492605,0.76335984,0.0
47.29677,0.01086237,0.0
12.0943165,0.81425214,1.0
3.8736439,0.37488386,0.0
5.7131805,0.87830395,1.0
51.647808,0.0075063733,0.0
10.044156,0.4343469,0.0
12.715552,0.13080719,0.0
8.8443775,0.18817638,0.0
8.753483,0.37824792,0.0
6.3113413,0.74688464,1.0
5.6532397,0.3225478,0.0
6.8465724,0.76306844,1.0
36.00327,0.024447972,0.0
21.454521,0.26521307,0.0
6.3445125,0.74881667,0.0
30.525715,0.05059233,0.0
9.098264,0.2674099,0.0
23.341553,0.065623514,0.0
9.421075,0.54655427,0.0
36.003277,0.024447966,0.0
70.98388,0.0025115232,0.0
52.262096,0.00736018,0.0
16.679813,0.9654259,1.0
12.243285,0.47119367,1.0
18.308035,0.09572169,0.0
14.265013,0.29563713,0.0
10.055956,0.30756614,0.0
1.4574809,0.7513781,0.0
46.829933,0.011274012,0.0
12.948091,0.72756034,1.0
3.894494,0.39565846,0.0
5.8100147,0.8574918,1.0
52.30795,0.0071417205,0.0
11.251286,0.3451715,0.0
12.920294,0.13248712,0.0
9.579743,0.15912744,0.0
11.447906,0.26714292,0.0
6.280805,0.7321409,1.0
6.3702555,0.24921489,0.0
6.699857,0.7558477,1.0
54.10872,0.006175523,0.0
21.921541,0.236665,0.0
6.3050356,0.733788,0.0
35.281654,0.030190585,0.0
9.268603,0.24162085,0.0
27.438326,0.040163677,0.0
8.112515,0.5964628,0.0
43.23109,0.013830714,0.0
71.25616,0.0025554262,0.0
61.11672,0.0044163424,0.0
13.342499,0.9500785,1.0
12.93529,0.43673807,1.0
15.428692,0.125402,0.0
13.330736,0.22689348,0.0
9.837067,0.40475383,0.0
1.4825819,0.53684795,0.0
56.257175,0.0062596523,0.0
13.403368,0.7870244,1.0
4.8077784,0.30347556,0.0
3.6294222,0.6805459,1.0
60.36062,0.0043138214,0.0
11.655038,0.29881814,0.0
13.712885,0.12966451,0.0
9.481638,0.16125442,0.0
11.617338,0.2537137,0.0
6.667656,0.75873274,1.0
6.5073714,0.24792075,0.0
6.6044254,0.73419756,1.0
52.30884,0.0069763567,0.0
22.312275,0.20331462,0.0
6.694787,0.7602323,0.0
36.3271,0.032689873,0.0
9.6759,0.21757068,0.0
23.970684,0.055903707,0.0
8.376053,0.5799811,0.0
42.127327,0.015108773,0.0
68.59645,0.0029663877,0.0
58.877728,0.005085858,0.0
13.033555,0.9490357,1.0
13.306225,0.41277352,1.0
16.308113,0.11304544,0.0
13.952038,0.20025612,0.0
7.8084936,0.5452615,0.0
1.7561079,0.5085627,0.0
54.294533,0.007131949,0.0
12.704963,0.7537831,1.0
4.7231193,0.3252982,0.0
2.805426,0.67249227,1.0
58.33634,0.0049110507,0.0
11.391567,0.31888318,0.0
14.400155,0.113221034,0.0
7.751242,0.21004398,0.0
9.124142,0.34882754,0.0
7.347731,0.78921807,1.0
6.3238173,0.25461277,0.0
6.8219647,0.75196886,1.0
52.789352,0.0067187776,0.0
22.48268,0.20208016,0.0
7.382606,0.7906913,0.0
33.286034,0.041269377,0.0
9.36941,0.24099265,0.0
24.616476,0.053308498,0.0
8.301091,0.56584495,0.0
36.91506,0.02237779,0.0
70.01854,0.0026988434,0.0
60.07434,0.0046565775,0.0
14.237404,0.95652354,1.0
12.9454365,0.43883663,1.0
14.128917,0.14675236,0.0
13.95553,0.2940983,0.0
7.861309,0.5377036,0.0
1.2439182,0.6036778,0.0
53.7672,0.0072786817,0.0
12.505441,0.78008527,1.0
4.8337555,0.3406584,0.0
2.8832855,0.6736551,1.0
73.03701,0.0020950483,0.0
11.477002,0.2937628,0.0
15.671749,0.104149714,0.0
9.954793,0.14960155,0.0
8.794422,0.34938657,0.0
7.3609867,0.7938406,1.0
7.070523,0.22534442,0.0
6.7476797,0.7376292,1.0
52.537796,0.006734408,0.0
22.732582,0.17633206,0.0
7.3944283,0.7952371,0.0
29.778929,0.059552778,0.0
9.278355,0.2345734,0.0
24.263618,0.058378648,0.0
8.193473,0.55026376,0.0
36.872982,0.022086367,0.0
69.42612,0.0027506496,0.0
59.254013,0.004841236,0.0
13.16467,0.9507952,1.0
12.756809,0.4317472,1.0
16.618664,0.11034412,0.0
14.799452,0.25785747,0.0
8.070915,0.51264536,0.0
1.5274755,0.5622384,0.0
53.263046,0.007399801,0.0
12.117262,0.7357944,1.0
4.7335052,0.35850725,0.0
2.900217,0.63106304,1.0
72.54619,0.0021266574,0.0
10.655669,0.3317428,0.0
16.437698,0.0940166,0.0
10.561975,0.18931067,0.0
9.117285,0.35094678,0.0
6.7549663,0.77937126,1.0
8.220361,0.18956064,0.0
5.590769,0.64154905,1.0
51.73816,0.0071116844,0.0
22.616861,0.17779513,0.0
7.05797,0.79143727,0.0
31.03515,0.047994725,0.0
10.902399,0.18465243,0.0
27.757639,0.044287357,0.0
10.706324,0.4088005,0.0
36.686054,0.022562886,0.0
68.2063,0.0029463435,0.0
58.460133,0.005076175,0.0
16.757566,0.96508425,1.0
13.01828,0.42678598,1.0
16.57902,0.15808168,0.0
14.075392,0.2981471,0.0
12.163483,0.30037916,0.0
1.378551,0.57313514,0.0
52.48472,0.007846655,0.0
16.593868,0.7906863,1.0
4.6990685,0.34647524,0.0
4.0100145,0.71708596,1.0
71.45386,0.0022423058,0.0
12.851471,0.24649297,0.0
18.24627,0.08800045,0.0
9.954424,0.16427904,0.0
8.871255,0.34429023,0.0
6.6630445,0.78084344,1.0
8.149686,0.19422537,0.0
5.447873,0.66448915,1.0
51.844906,0.007068519,0.0
26.474913,0.18201858,0.0
7.072536,0.7976895,0.0
31.411718,0.04721967,0.0
9.134068,0.220918,0.0
26.376442,0.052183915,0.0
7.8664284,0.5527924,0.0
35.801052,0.024633627,0.0
69.29492,0.00275927,0.0
59.181183,0.0048334314,0.0
15.118658,0.9580979,1.0
14.527096,0.3569658,1.0
16.09255,0.13202263,0.0
15.439544,0.23084599,0.0
10.028964,0.43134448,0.0
1.6598489,0.5458737,0.0
53.122837,0.0074580833,0.0
16.05298,0.75540215,1.0
4.198411,0.363443,0.0
3.9467926,0.6480175,1.0
72.487564,0.002118883,0.0
14.542632,0.2001788,0.0
18.566658,0.10192249,0.0
10.51955,0.13950877,0.0
13.526674,0.20426014,0.0
6.5802402,0.78818285,1.0
6.8144484,0.24998719,0.0
5.609156,0.6612757,1.0
61.690582,0.0042807627,0.0
26.507526,0.16900966,0.0
7.0661383,0.8084055,0.0
30.239422,0.057491627,0.0
7.6101093,0.26826155,0.0
26.251911,0.05714257,0.0
5.9171953,0.6603051,0.0
39.47156,0.017026123,0.0
72.71596,0.0023547916,0.0
61.944515,0.004204016,0.0
14.03062,0.9551795,1.0
15.643803,0.33709252,1.0
14.858512,0.12924026,0.0
13.526743,0.20425752,0.0
10.561358,0.45312202,0.0
3.9479668,0.35629222,0.0
55.59322,0.0065778703,0.0
10.605173,0.6839608,1.0
4.5186496,0.3780298,0.0
3.875352,0.629129,1.0
76.59109,0.0017560698,0.0
13.440099,0.24111675,0.0
17.336704,0.112589434,0.0
8.916919,0.22924079,0.0
12.708139,0.2376017,0.0
6.521162,0.78401387,1.0
6.7065163,0.24987131,0.0
5.699326,0.6531057,1.0
65.92202,0.0034221786,0.0
26.742336,0.17039602,0.0
6.8955173,0.8011899,0.0
26.413956,0.07356933,0.0
8.923283,0.22152005,0.0
20.938663,0.08689649,0.0
8.045239,0.5526705,0.0
41.573414,0.013441337,0.0
76.80211,0.0019483133,0.0
65.96757,0.003411788,0.0
23.159792,0.9806537,1.0
15.956097,0.3557173,1.0
14.16127,0.21368375,0.0
12.707224,0.2376395,0.0
10.409725,0.42772463,0.0
3.224274,0.40325925,0.0
76.669846,0.0020402507,0.0
19.365055,0.8375988,1.0
3.2964468,0.43649,0.0
4.1960955,0.6792699,1.0
64.47625,0.0033592673,0.0
11.4655905,0.30282518,0.0
18.008728,0.11365893,0.0
9.979517,0.17229408,0.0
13.8167095,0.24518049,0.0
6.7668676,0.802178,1.0
9.382859,0.16108467,0.0
5.8964252,0.64813644,1.0
62.043682,0.004593447,0.0
24.790724,0.12923323,0.0
7.1443906,0.81722313,0.0
30.27994,0.04386974,0.0
11.141243,0.16262923,0.0
26.284182,0.05366236,0.0
11.4078045,0.4972473,0.0
42.944603,0.012373805,0.0
72.35759,0.002610403,0.0
62.074875,0.0045833094,0.0
10.064109,0.91569555,1.0
15.385958,0.40648443,1.0
15.014184,0.13645531,0.0
16.914433,0.16690569,0.0
9.244789,0.45596358,0.0
3.217955,0.4604924,0.0
71.91557,0.0027869006,0.0
16.852556,0.74647176,1.0
3.616148,0.35975325,0.0
3.8623576,0.6627365,1.0
60.360962,0.0045748325,0.0
11.420788,0.29139087,0.0
19.724894,0.10167042,0.0
11.050088,0.13921863,0.0
16.04237,0.18498136,0.0
6.9336348,0.8053583,1.0
8.470415,0.19222231,0.0
5.9351373,0.6463752,1.0
61.300823,0.004854369,0.0
24.458256,0.12772216,0.0
7.5011044,0.8266162,0.0
21.61293,0.12957014,0.0
11.444206,0.15341856,0.0
18.067602,0.13379101,0.0
11.166263,0.5345858,0.0
40.627377,0.014389178,0.0
71.407845,0.0027733766,0.0
61.603024,0.004749661,0.0
17.669216,0.96781576,1.0
14.246991,0.45601076,1.0
16.409725,0.114418626,0.0
19.039051,0.12545143,0.0
8.8689165,0.6100482,0.0
4.9140916,0.3544286,0.0
71.199066,0.0029219547,0.0
16.06046,0.7770039,1.0
2.9694223,0.50348926,0.0
3.961157,0.6660772,1.0
59.089962,0.004992497,0.0
14.687746,0.20001964,0.0
21.492058,0.11719754,0.0
14.497617,0.091476694,0.0
20.336239,0.1444573,0.0
7.5322447,0.8287011,1.0
8.199334,0.21076623,0.0
7.0776854,0.8046708,1.0
61.039104,0.004766481,0.0
27.282383,0.15462005,0.0
8.551065,0.8564233,0.0
26.916643,0.062329937,0.0
8.022159,0.25776693,0.0
23.70771,0.075071596,0.0
11.6905,0.65577406,0.0
40.613785,0.014104003,0.0
71.16896,0.0027062432,0.0
61.075607,0.0047540423,0.0
10.5849905,0.92285144,1.0
21.127403,0.28485975,1.0
18.602285,0.08551981,0.0
23.755257,0.09628813,0.0
10.179347,0.4538288,0.0
6.1196885,0.3249863,0.0
70.87503,0.002854166,0.0
15.860459,0.75449824,1.0
3.6359468,0.3934566,0.0
4.6939316,0.578599,1.0
59.132034,0.0048990184,0.0
12.680959,0.23208848,0.0
19.206503,0.12572335,0.0
11.28975,0.12449993,0.0
18.571573,0.1567826,0.0
9.580188,0.8933076,1.0
6.3989363,0.2354907,0.0
6.4333677,0.7069711,1.0
58.73356,0.00536311,0.0
22.942574,0.14334454,0.0
10.932018,0.9129456,0.0
31.096693,0.043700773,0.0
6.7405195,0.45804608,0.0
26.261032,0.06315548,0.0
10.914703,0.42518157,0.0
45.41295,0.0107892845,0.0
69.163055,0.0029912286,0.0
58.9312,0.005285895,0.0
15.84292,0.9608584,1.0
15.9733515,0.43128273,1.0
15.814573,0.12734117,0.0
21.100658,0.11218299,0.0
16.022919,0.27515453,0.0
6.1906815,0.3250661,0.0
54.094437,0.007668694,0.0
12.992432,0.7315403,1.0
3.4198225,0.43511406,0.0
5.6510735,0.6607887,1.0
58.386497,0.0050869826,0.0
11.997152,0.24891397,0.0
20.025515,0.09523779,0.0
15.874554,0.07086743,0.0
15.448015,0.17139381,0.0
7.3574038,0.8353807,1.0
9.437986,0.16833754,0.0
6.1397185,0.6248425,1.0
64.05867,0.0038995987,0.0
23.88077,0.1258203,0.0
8.26737,0.86083066,0.0
28.45919,0.05457287,0.0
12.93519,0.122436166,0.0
24.828907,0.066301376,0.0
11.569672,0.4875156,0.0
49.145054,0.008544678,0.0
75.888954,0.0021144142,0.0
64.37004,0.0038178002,0.0
10.091897,0.92700475,1.0
15.089951,0.3549023,1.0
21.053165,0.062056825,0.0
19.6218,0.11520354,0.0
9.770703,0.47338545,0.0
3.2885132,0.45457584,0.0
58.664085,0.0057886764,0.0
15.055412,0.7512583,1.0
4.776944,0.33398408,0.0
3.824953,0.6705873,1.0
63.399887,0.003677541,0.0
11.535942,0.25155407,0.0
20.25028,0.09894218,0.0
15.00863,0.09042447,0.0
16.464085,0.17680302,0.0
8.667137,0.86484206,1.0
9.397765,0.16826637,0.0
6.084829,0.6414168,1.0
52.910923,0.0068450063,0.0
24.077143,0.12252187,0.0
9.707367,0.8863326,0.0
28.034346,0.061057467,0.0
12.683678,0.13397062,0.0
25.610556,0.06520127,0.0
11.412684,0.50338984,0.0
41.90465,0.015741786,0.0
83.09566,0.0014955343,0.0
41.90465,0.015741786,0.0
11.819639,0.9325513,1.0
15.228247,0.39752057,1.0
20.352352,0.07900879,0.0
19.767778,0.12005535,0.0
11.680487,0.4050285,0.0
4.0718937,0.39349195,0.0
48.520466,0.011355487,0.0
16.088236,0.78821635,1.0
3.8152242,0.4132677,0.0
4.1297364,0.67899776,1.0
54.094994,0.006333062,0.0
13.637827,0.20774429,0.0
17.561361,0.1306303,0.0
15.533807,0.07395825,0.0
14.330306,0.21963221,0.0
7.8026414,0.8336041,1.0
11.94368,0.13155949,0.0
5.287355,0.6364043,1.0
54.502274,0.0061110063,0.0
25.027912,0.1916267,0.0
7.86175,0.8353157,0.0
26.896233,0.06276145,0.0
9.563433,0.200721,0.0
23.595703,0.068481,0.0
9.458984,0.61686033,0.0
42.79655,0.014538312,0.0
87.436874,0.0012172097,0.0
42.79655,0.014538319,0.0
10.128014,0.91487324,1.0
15.625285,0.35710397,1.0
21.474037,0.057063583,0.0
17.88438,0.14295517,0.0
9.038473,0.5337735,0.0
3.486738,0.438299,0.0
49.592163,0.010482056,0.0
14.316828,0.7415491,1.0
3.518457,0.4118943,0.0
3.7539246,0.68979275,1.0
55.697598,0.005554864,0.0
13.211377,0.22746216,0.0
16.605455,0.1329601,0.0
14.618397,0.083148316,0.0
13.186171,0.19363503,0.0
6.7862983,0.7978028,1.0
11.329981,0.14760113,0.0
5.6790743,0.6813163,1.0
56.677338,0.005282679,0.0
24.392826,0.20337847,0.0
7.478283,0.82502717,0.0
23.38125,0.08729053,0.0
9.548504,0.19682063,0.0
20.487555,0.08897988,0.0
9.172399,0.5963436,0.0
43.604324,0.013628333,0.0
92.06595,0.0009739919,0.0
43.604324,0.013628326,0.0
9.943014,0.9155512,1.0
15.306377,0.3229504,1.0
20.695507,0.062806204,0.0
16.061495,0.15979633,0.0
8.39667,0.5745986,0.0
2.316942,0.52981454,0.0
52.126102,0.008666042,0.0
14.418933,0.7470515,1.0
3.758708,0.39068672,0.0
3.8444986,0.7267909,1.0
58.620464,0.004521614,0.0
12.549507,0.22226137,0.0
13.9901085,0.14670338,0.0
14.675426,0.07937355,0.0
13.617106,0.17988813,0.0
5.515018,0.55266273,1.0
10.989706,0.1347762,0.0
5.252207,0.5841288,1.0
36.123512,0.025650786,0.0
24.79046,0.16765857,0.0
6.8374195,0.8064086,0.0
25.26304,0.07324583,0.0
13.780006,0.1252402,0.0
23.63104,0.06740623,0.0
8.194702,0.4273228,0.0
36.123516,0.02565079,0.0
99.8389,0.0007380602,0.0
36.12352,0.02565079,0.0
12.212682,0.9357437,1.0
12.785257,0.39704683,1.0
21.448547,0.059499837,0.0
14.130623,0.1893147,0.0
8.677671,0.5403184,0.0
1.9834925,0.57817686,0.0
40.44916,0.020335797,0.0
13.994838,0.74376166,1.0
3.8818433,0.38276502,0.0
3.775022,0.73579293,1.0
49.529846,0.008125051,0.0
16.472836,0.14653932,0.0
15.213859,0.14609164,0.0
13.9952545,0.09865123,0.0
12.377206,0.22335486,0.0
6.899935,0.80853134,1.0
11.647642,0.1324028,0.0
5.0795174,0.6385682,1.0
36.699936,0.023828737,0.0
26.689396,0.18315652,0.0
6.9240794,0.80949014,0.0
25.846495,0.06681668,0.0
10.027326,0.20195878,0.0
24.620163,0.06266814,0.0
7.0172815,0.63372743,0.0
36.699936,0.023828734,0.0
96.61215,0.0008709937,0.0
36.699944,0.023828734,0.0
12.410452,0.9389382,1.0
8.967798,0.5952956,1.0
18.841251,0.08458112,0.0
15.685135,0.15755083,0.0
8.36938,0.62545913,0.0
1.7323008,0.59422284,0.0
39.125324,0.023144832,0.0
10.947794,0.7351537,1.0
4.616165,0.33815792,0.0
4.085717,0.67482895,1.0
48.308678,0.009078682,0.0
14.64023,0.17889418,0.0
13.419466,0.1794326,0.0
15.101413,0.09067785,0.0
14.274259,0.22034544,0.0
5.3216524,0.564468,1.0
10.152121,0.15514694,0.0
5.1707025,0.6303745,1.0
39.284958,0.01803615,0.0
26.33181,0.19644742,0.0
6.628804,0.8053897,0.0
23.52987,0.08998104,0.0
13.108952,0.12927727,0.0
21.420475,0.08522725,0.0
7.9147124,0.4757272,0.0
31.760593,0.037124842,0.0
99.56201,0.0007597303,0.0
39.284958,0.01803615,0.0
13.448399,0.9456477,1.0
9.775117,0.6448562,1.0
21.881983,0.06668853,0.0
15.258854,0.18296239,0.0
9.247036,0.5220081,0.0
2.864386,0.48518378,0.0
39.02877,0.022845075,0.0
14.686894,0.7857805,1.0
3.0406675,0.4425307,0.0
4.028862,0.6693083,1.0
54.55537,0.006088789,0.0
14.165537,0.19868301,0.0
13.6653805,0.1798527,0.0
14.119742,0.12235693,0.0
14.321915,0.23982935,0.0
5.2900553,0.5338217,1.0
11.08713,0.13335554,0.0
5.702182,0.63790965,1.0
31.078192,0.039091833,0.0
26.331778,0.20896085,0.0
6.528976,0.7985413,0.0
23.840319,0.085598886,0.0
14.434718,0.107265756,0.0
21.777056,0.0805644,0.0
8.10999,0.49648613,0.0
31.078192,0.039091833,0.0
75.67777,0.0020521288,0.0
44.76198,0.010836844,0.0
13.5773325,0.93775517,1.0
10.247905,0.6733195,1.0
20.2438,0.08742368,0.0
15.51697,0.19546215,0.0
9.78489,0.46410558,0.0
3.3000393,0.48864627,0.0
45.364536,0.012870792,0.0
14.180677,0.80433583,1.0
3.2487998,0.38014832,0.0
4.0749283,0.63194317,1.0
52.35028,0.006599374,0.0
18.11869,0.18551646,0.0
14.315317,0.17741998,0.0
14.597146,0.11502537,0.0
12.968545,0.22513044,0.0
5.495492,0.5024761,1.0
9.924464,0.17145471,0.0
4.7056146,0.6453968,1.0
39.135914,0.0177777,0.0
27.435158,0.24255815,0.0
6.1892047,0.77127975,0.0
25.723728,0.07074148,0.0
13.6095085,0.12123922,0.0
24.36875,0.05939247,0.0
8.095899,0.49625176,0.0
31.003077,0.039414816,0.0
83.43076,0.0013744504,0.0
51.845882,0.0064062336,0.0
17.175913,0.9561554,1.0
9.343051,0.57912016,1.0
20.97739,0.08102364,0.0
16.014967,0.18449204,0.0
11.08476,0.39903674,0.0
3.1752474,0.538331,0.0
48.073982,0.010375929,0.0
20.520403,0.87459344,1.0
4.2864223,0.33683363,0.0
4.1919613,0.61101586,1.0
66.052734,0.0028097723,0.0
17.504238,0.19394755,0.0
14.224776,0.1770191,0.0
14.49333,0.11485371,0.0
13.125584,0.22206937,0.0
5.6265864,0.5149547,1.0
9.23785,0.1981114,0.0
4.7437696,0.65551895,1.0
35.966194,0.023140317,0.0
27.042143,0.26578066,0.0
6.511686,0.77662194,0.0
26.328135,0.070290044,0.0
13.743174,0.12151414,0.0
24.87948,0.05819363,0.0
8.3613,0.48880395,0.0
28.036875,0.053149465,0.0
82.154205,0.001448841,0.0
49.515194,0.0074111265,0.0
16.95623,0.953579,1.0
9.556688,0.56602067,1.0
21.38221,0.07283435,0.0
15.7540045,0.17992258,0.0
11.22888,0.41090664,0.0
2.9247453,0.53366953,0.0
46.70666,0.011111052,0.0
19.042278,0.87786597,1.0
4.4855676,0.35079286,0.0
4.063456,0.6472812,1.0
64.53447,0.0030367551,0.0
15.816757,0.14822869,0.0
16.28712,0.16644299,0.0
18.623894,0.09774359,0.0
15.363277,0.21081588,0.0
5.488417,0.56355983,1.0
8.844392,0.21222912,0.0
5.175845,0.5918455,1.0
35.138138,0.02429585,0.0
25.901012,0.22303009,0.0
6.991772,0.80746394,0.0
24.231596,0.08836668,0.0
14.105542,0.11857393,0.0
22.61251,0.07266409,0.0
9.13834,0.4738276,0.0
26.266626,0.06511374,0.0
105.522316,0.0005560809,0.0
35.13814,0.024295842,0.0
21.32082,0.96648574,1.0
10.738061,0.60906154,1.0
20.210571,0.09017059,0.0
18.78394,0.1446266,0.0
11.353716,0.37908548,0.0
5.3160152,0.526956,0.0
41.13513,0.017614082,0.0
15.525882,0.8494109,1.0
4.481902,0.36953583,0.0
4.998279,0.58118176,1.0
57.34355,0.004798529,0.0
18.80103,0.17564285,0.0
20.040585,0.14752291,0.0
16.749449,0.13996035,0.0
18.295832,0.12871307,0.0
5.181454,0.43159205,1.0
11.367118,0.13941677,0.0
4.111351,0.5759776,1.0
36.572327,0.021535167,0.0
27.406052,0.2503284,0.0
5.2517843,0.6665953,0.0
33.69983,0.032471202,0.0
13.904348,0.12315711,0.0
31.425152,0.029872594,0.0
12.075715,0.6449005,0.0
27.822285,0.054213777,0.0
83.30236,0.0013601267,0.0
50.61653,0.0069627175,0.0
12.550414,0.9418889,1.0
11.060323,0.5942224,1.0
18.019266,0.11683669,0.0
20.040585,0.14752288,0.0
14.082296,0.22998144,0.0
6.517861,0.4927139,0.0
39.05539,0.017571326,0.0
20.807327,0.88985825,1.0
2.6326666,0.6480472,0.0
5.471676,0.62841815,1.0
67.79661,0.0025532746,0.0
14.427649,0.2358678,0.0
20.557667,0.15246561,0.0
13.654445,0.15424277,0.0
16.856277,0.23361848,0.0
5.1550727,0.41968447,1.0
13.725639,0.0999785,0.0
4.0276413,0.5597728,1.0
52.72778,0.006255747,0.0
22.038832,0.21737875,0.0
5.229846,0.6849216,0.0
28.364096,0.05129925,0.0
11.119603,0.15441224,0.0
31.010231,0.031246357,0.0
15.349374,0.46715584,0.0
34.321796,0.027449539,0.0
72.960724,0.0022135887,0.0
52.988194,0.0061296886,0.0
13.387959,0.9290669,1.0
12.257797,0.66589415,1.0
19.014389,0.102614485,0.0
20.546453,0.15259668,0.0
12.556452,0.410304,0.0
6.242675,0.40333173,0.0
55.762547,0.006026149,0.0
19.525698,0.87639517,1.0
3.4990451,0.72250175,0.0
5.3942513,0.773439,1.0
75.603836,0.0017057825,0.0
14.407309,0.23138848,0.0
23.30245,0.12226348,0.0
14.591876,0.10700142,0.0
19.653908,0.18731563,0.0
4.2675896,0.48462945,1.0
13.59156,0.10376586,0.0
3.7609503,0.6183274,1.0
51.813732,0.006856864,0.0
22.268383,0.21202227,0.0
4.6478453,0.6417077,0.0
29.607555,0.045358248,0.0
6.9236155,0.32144237,0.0
31.817978,0.029026026,0.0
17.20118,0.4686493,0.0
35.86065,0.024371041,0.0
66.83543,0.0030639428,0.0
51.993954,0.0067583076,0.0
12.849806,0.9381025,1.0
15.3542795,0.37572497,1.0
17.623398,0.10529073,0.0
23.302454,0.12226348,0.0
11.473551,0.44947252,0.0
7.517709,0.3733842,0.0
51.872963,0.0077267885,0.0
19.009499,0.8732284,1.0
3.4547281,0.708897,0.0
6.709142,0.83314544,1.0
68.93625,0.0024792794,0.0
17.602654,0.16560975,0.0
24.507662,0.10758718,0.0
12.214326,0.17765468,0.0
19.646406,0.20268983,0.0
4.23484,0.51447654,1.0
7.0577574,0.22437838,0.0
3.9067554,0.5697374,1.0
47.6883,0.009035364,0.0
23.197403,0.19064099,0.0
4.947873,0.67477864,0.0
30.445093,0.039443307,0.0
6.4815197,0.37766218,0.0
29.36649,0.03497374,0.0
17.271492,0.25485465,0.0
30.980927,0.038667355,0.0
65.30161,0.0033679837,0.0
47.951183,0.00883525,0.0
13.665552,0.945174,1.0
15.794416,0.41994512,1.0
13.650247,0.16399235,0.0
24.507662,0.10758718,0.0
11.919739,0.4933401,0.0
7.8501196,0.37446806,0.0
40.169006,0.016578961,0.0
11.978515,0.6107158,1.0
3.8583174,0.7518315,0.0
6.8283815,0.80659664,1.0
70.31523,0.0023168207,0.0
16.823484,0.18664135,0.0
25.5979,0.098520085,0.0
14.130027,0.15150437,0.0
23.794672,0.10519175,0.0
4.7218513,0.5708526,1.0
11.338091,0.13206282,0.0
3.6335058,0.5603771,1.0
41.12399,0.01523795,0.0
23.74196,0.1771944,0.0
4.716956,0.57147235,0.0
27.064198,0.058973238,0.0
7.646455,0.3019419,0.0
32.58578,0.025218157,0.0
17.774284,0.26095387,0.0
32.487804,0.03415241,0.0
55.505245,0.0060774935,0.0
41.123985,0.015237957,0.0
14.76127,0.9478211,1.0
16.963326,0.46190795,1.0
14.423108,0.15296076,0.0
25.5979,0.09852011,0.0
13.280458,0.384982,0.0
6.240241,0.437635,0.0
36.96185,0.021591758,0.0
12.051746,0.60098255,1.0
2.3333797,0.6872014,0.0
7.0212636,0.78702784,1.0
49.69617,0.008633185,0.0
14.927731,0.21578518,0.0
22.817171,0.12454204,0.0
17.36851,0.10831867,0.0
22.57331,0.10612482,0.0
4.1532373,0.4894367,1.0
14.185407,0.09433453,0.0
3.2241821,0.56308013,1.0
39.559406,0.01734134,0.0
22.864553,0.18994318,0.0
4.6077833,0.61021656,0.0
32.571842,0.031611856,0.0
6.8477345,0.33840796,0.0
32.226685,0.026453681,0.0
17.882427,0.48064336,0.0
31.863298,0.03588546,0.0
52.98674,0.007128138,0.0
39.559406,0.01734134,0.0
14.851085,0.94704413,1.0
15.764055,0.312596,1.0
17.671307,0.11617616,0.0
22.817175,0.12454207,0.0
12.926045,0.41718337,0.0
6.718469,0.38553405,0.0
35.718513,0.02409247,0.0
18.991749,0.85799986,1.0
2.4364815,0.6422725,0.0
7.0662556,0.7528936,1.0
47.77004,0.009983084,0.0
15.228303,0.20515832,0.0
23.747833,0.11398073,0.0
15.579473,0.11459311,0.0
23.506704,0.09767469,0.0
4.215979,0.48444796,1.0
14.658952,0.091093704,0.0
3.554388,0.60987747,1.0
42.03749,0.014451607,0.0
23.287498,0.18312016,0.0
4.4608274,0.6107103,0.0
30.928972,0.03814766,0.0
6.786438,0.31982443,0.0
31.58879,0.029287705,0.0
17.782753,0.4686414,0.0
35.49725,0.025390012,0.0
53.05722,0.0073617236,0.0
42.037495,0.014451601,0.0
15.003203,0.95433223,1.0
15.667301,0.30400816,1.0
16.147697,0.13309298,0.0
23.747833,0.11398073,0.0
13.581173,0.44529858,0.0
6.5041246,0.40130758,0.0
43.014297,0.0153802615,0.0
19.805489,0.8657294,1.0
2.5297618,0.6489238,0.0
7.7034445,0.814395,1.0
46.275074,0.011246024,0.0
14.511641,0.2371664,0.0
25.588737,0.10841874,0.0
16.963343,0.10612536,0.0
25.407104,0.088572025,0.0
4.4165444,0.59071046,1.0
15.078833,0.08862935,0.0
3.4408214,0.6366803,1.0
42.144997,0.016555887,0.0
22.981663,0.19524415,0.0
4.393714,0.58986896,0.0
35.333347,0.027370872,0.0
7.8227797,0.2583969,0.0
32.765743,0.02735705,0.0
17.930605,0.50402415,0.0
34.43438,0.027485339,0.0
55.23105,0.006649183,0.0
34.43438,0.027485345,0.0
19.624653,0.9744573,1.0
16.683554,0.4868065,1.0
17.460436,0.11544367,0.0
25.588737,0.10841876,0.0
17.439573,0.3896091,0.0
6.7241087,0.37672454,0.0
38.086617,0.024228338,0.0
19.126602,0.86689365,1.0
2.4876232,0.5867481,0.0
7.436349,0.7559484,1.0
42.7125,0.015880803,0.0
16.956844,0.2227891,0.0
26.036816,0.10037125,0.0
14.916136,0.10867175,0.0
26.437014,0.07776302,0.0
4.8137903,0.66430515,1.0
11.6760025,0.13546057,0.0
3.8651094,0.74759436,1.0
41.090565,0.017652135,0.0
27.716911,0.25500742,0.0
4.801319,0.6641695,0.0
34.804447,0.027582156,0.0
6.79183,0.3415038,0.0
32.87338,0.026643682,0.0
16.553518,0.48171034,0.0
33.62331,0.02916339,0.0
53.20672,0.0074280603,0.0
33.623314,0.02916339,0.0
19.811596,0.97506183,1.0
16.537827,0.48515493,1.0
15.790687,0.12018522,0.0
26.036816,0.10037123,0.0
13.102244,0.43562177,0.0
6.779435,0.36788887,0.0
37.161674,0.025746347,0.0
19.069462,0.8668308,1.0
2.513786,0.6237034,0.0
6.6860666,0.779794,1.0
41.771908,0.016861055,0.0
16.486015,0.19612475,0.0
26.942791,0.088345766,0.0
11.040865,0.17822306,0.0
23.762243,0.09793836,0.0
5.3791275,0.68669987,1.0
5.805664,0.28435823,0.0
4.059147,0.59155184,1.0
39.66105,0.017244427,0.0
26.12308,0.13754311,0.0
5.361965,0.6862077,0.0
38.841442,0.020412056,0.0
7.133182,0.3486593,0.0
31.433966,0.029678602,0.0
20.32473,0.35310984,0.0
34.31576,0.027720792,0.0
54.293022,0.006745207,0.0
34.31576,0.027720798,0.0
18.351078,0.97029793,1.0
16.408085,0.4562502,1.0
14.462683,0.13012972,0.0
26.938053,0.08838312,0.0
8.043522,0.7266977,0.0
5.6075783,0.5613085,0.0
37.917213,0.023474257,0.0
19.72275,0.8730099,1.0
2.8427038,0.6803775,0.0
10.963677,0.9349884,1.0
41.974037,0.015901234,0.0
17.075415,0.20007096,0.0
20.221714,0.17030786,0.0
9.838565,0.18903132,0.0
17.809875,0.14776526,0.0
4.0947924,0.5384059,1.0
11.75043,0.13051134,0.0
3.8265624,0.64959913,1.0
41.763912,0.01470901,0.0
23.343723,0.20882662,0.0
5.2427335,0.7173742,0.0
37.695,0.021843776,0.0
5.58237,0.46210414,0.0
30.455338,0.03179135,0.0
13.6194315,0.5015403,0.0
36.641922,0.022339117,0.0
49.86722,0.00919697,0.0
41.76391,0.014709016,0.0
16.875504,0.9663245,1.0
13.290656,0.4243811,1.0
12.210717,0.1522162,0.0
20.222136,0.1703017,0.0
7.6698837,0.7609906,0.0
5.5381794,0.6062165,0.0
41.038696,0.018341271,0.0
14.353143,0.7865822,1.0
2.7893634,0.71194756,0.0
11.382873,0.9420767,1.0
44.38966,0.013192481,0.0
16.540691,0.23041867,0.0
19.491686,0.18432082,0.0
9.399473,0.2769452,0.0
16.349691,0.1579097,0.0
3.7721488,0.5738224,1.0
10.588242,0.1561687,0.0
3.6881359,0.6541262,1.0
45.212097,0.013027981,0.0
23.645468,0.21358813,0.0
5.0762887,0.7403271,0.0
36.554714,0.023891388,0.0
5.865397,0.44806135,0.0
29.92231,0.03188002,0.0
13.264021,0.50892437,0.0
35.273212,0.024686076,0.0
50.85841,0.008708395,0.0
45.212097,0.013027974,0.0
9.413857,0.91822845,1.0
13.23055,0.4157693,1.0
11.286289,0.19046667,0.0
19.492178,0.18431276,0.0
7.540385,0.7374496,0.0
6.0691514,0.5808978,0.0
37.504417,0.020692246,0.0
14.934868,0.76023453,1.0
3.1071632,0.798608,0.0
8.073848,0.83055156,1.0
47.883854,0.010898801,0.0
15.731413,0.26433286,0.0
22.835447,0.15414403,0.0
10.032748,0.3171529,0.0
21.34742,0.12415347,0.0
4.6304626,0.6709927,1.0
12.78681,0.112007126,0.0
3.488045,0.68382144,1.0
43.795998,0.014701604,0.0
23.43499,0.21959166,0.0
4.630017,0.6714694,0.0
36.9004,0.023130465,0.0
7.020565,0.33508256,0.0
31.16579,0.030156573,0.0
14.35678,0.53880197,0.0
33.847023,0.028626582,0.0
48.92269,0.010048051,0.0
43.795998,0.01470161,0.0
10.425459,0.9283766,1.0
15.820596,0.5228497,1.0
10.616276,0.21635726,0.0
22.835445,0.15414405,0.0
9.597943,0.7606876,0.0
6.659106,0.5792431,0.0
36.085796,0.023675822,0.0
14.615519,0.7618895,1.0
2.557973,0.7470412,0.0
9.631993,0.8448014,1.0
46.488567,0.012289408,0.0
18.953737,0.22329569,0.0
22.202902,0.16744043,0.0
7.8776045,0.24499296,0.0
19.98236,0.22461617,0.0
4.875159,0.6100382,1.0
11.367751,0.12754494,0.0
4.5656343,0.79789513,1.0
40.266575,0.01723499,0.0
28.89198,0.27708215,0.0
5.2106004,0.63026935,0.0
34.409008,0.027386589,0.0
7.4125834,0.32696462,0.0
32.318394,0.027569305,0.0
12.155932,0.53960955,0.0
34.21838,0.029429892,0.0
50.23984,0.00888309,0.0
44.64642,0.013328954,0.0
21.10082,0.97972316,1.0
15.423241,0.5787268,1.0
9.773844,0.24806419,0.0
22.204012,0.16743171,0.0
10.913708,0.50019926,0.0
6.666994,0.43506715,0.0
37.46543,0.021821141,0.0
14.661929,0.8245979,1.0
3.2020302,0.6959585,0.0
7.334353,0.87308615,1.0
46.614307,0.011645127,0.0
18.813541,0.26061368,0.0
21.716427,0.20844509,0.0
8.389717,0.39116356,0.0
19.76325,0.2757564,0.0
4.698482,0.57824343,1.0
10.858551,0.14341421,0.0
5.8737698,0.8174942,1.0
39.35529,0.018045522,0.0
28.21893,0.27038023,0.0
5.0406766,0.60980856,0.0
43.100426,0.014870312,0.0
7.497161,0.31298435,0.0
38.20623,0.01700426,0.0
11.847177,0.5667353,0.0
32.318047,0.035040032,0.0
51.567913,0.007867047,0.0
39.35528,0.018045528,0.0
19.51888,0.96983296,1.0
15.6157,0.63453305,1.0
11.098804,0.22967562,0.0
14.116663,0.7429431,0.0
5.7481375,0.66408354,0.0
7.1489577,0.5708822,0.0
35.908665,0.02424346,0.0
14.717377,0.8186018,1.0
3.0835958,0.6183089,0.0
13.682889,0.95017225,1.0
46.851402,0.010957799,0.0
19.514038,0.23978347,0.0
24.40047,0.16961926,0.0
10.030011,0.423511,0.0
20.32601,0.19713534,0.0
4.668769,0.6008593,1.0
7.714669,0.23930833,0.0
3.5251603,0.73018503,1.0
38.65476,0.019167468,0.0
28.662598,0.2516591,0.0
4.653017,0.600723,0.0
43.2642,0.014376348,0.0
7.91895,0.30072188,0.0
35.705738,0.02057644,0.0
14.010234,0.55914855,0.0
31.936487,0.036224045,0.0
50.85568,0.008315916,0.0
38.65476,0.019167472,0.0
19.0782,0.96788245,1.0
17.406015,0.6112307,1.0
9.718217,0.27764016,0.0
24.40047,0.16961929,0.0
9.478378,0.73908836,0.0
8.236889,0.5249489,0.0
35.197052,0.025980696,0.0
15.161692,0.81528044,1.0
3.197641,0.6532496,0.0
10.429593,0.87491566,1.0
45.960396,0.011767957,0.0
18.896423,0.2729772,0.0
24.051592,0.1928599,0.0
13.48292,0.33710608,0.0
19.366718,0.2310031,0.0
4.7626133,0.6240824,1.0
7.7846985,0.22772367,0.0
3.7077498,0.74272144,1.0
37.27936,0.022050215,0.0
28.015295,0.26089865,0.0
4.7521043,0.6243589,0.0
44.918655,0.012790524,0.0
8.181099,0.29464725,0.0
31.181276,0.029500194,0.0
13.781628,0.5968269,0.0
29.437887,0.047078475,0.0
47.38402,0.01056156,0.0
37.279366,0.022050215,0.0
17.259583,0.95822674,1.0
17.265297,0.654644,1.0
9.829502,0.27422282,0.0
24.051592,0.19285993,0.0
8.0066395,0.45649207,0.0
9.963856,0.5051532,0.0
38.29032,0.020236243,0.0
14.97994,0.8201337,1.0
2.7011616,0.6635152,0.0
11.84479,0.8162973,1.0
37.27903,0.021540957,0.0
18.708485,0.3096678,0.0
21.818783,0.2540395,0.0
13.235703,0.38917348,0.0
19.413887,0.1765716,0.0
4.7987785,0.62143064,1.0
7.246232,0.24846159,0.0
4.16344,0.76224923,1.0
35.82814,0.025660519,0.0
27.438824,0.27140877,0.0
4.7980776,0.62221885,0.0
48.403805,0.010031194,0.0
8.38162,0.30046245,0.0
38.008846,0.017289309,0.0
14.605069,0.6251598,0.0
28.550123,0.053083222,0.0
45.170242,0.012654704,0.0
35.828133,0.025660519,0.0
17.196367,0.9565134,1.0
17.81754,0.6992161,1.0
10.482344,0.25090095,0.0
21.818785,0.25403956,0.0
11.662249,0.7562913,0.0
7.957636,0.62209404,0.0
37.158386,0.02269698,0.0
14.815806,0.8273866,1.0
2.6376224,0.6484127,0.0
13.404031,0.89286244,1.0
35.75778,0.025405014,0.0
19.332489,0.2942163,0.0
20.897457,0.27878577,0.0
13.637317,0.4707526,0.0
16.278454,0.31974357,0.0
4.7759633,0.66085327,1.0
8.888733,0.21827476,0.0
4.753493,0.7647667,1.0
36.914097,0.023075549,0.0
28.411621,0.22713685,0.0
4.7748747,0.66151804,0.0
44.940536,0.013296897,0.0
8.104148,0.31230602,0.0
35.642086,0.021563299,0.0
11.992639,0.62142324,0.0
28.47078,0.053160187,0.0
47.117115,0.010856346,0.0
36.9141,0.023075549,0.0
17.27452,0.957717,1.0
16.138174,0.6928467,1.0
9.682086,0.2958816,0.0
11.636948,0.73756796,0.0
5.925169,0.7930296,0.0
8.789504,0.6177598,0.0
38.72735,0.019644491,0.0
16.296587,0.82819015,1.0
2.4995203,0.55350196,0.0
13.94868,0.8965547,1.0
36.54008,0.023388954,0.0
16.72347,0.323562,0.0
20.94158,0.3187496,0.0
13.580999,0.3473114,0.0
15.644596,0.3737454,0.0
5.1422124,0.7346765,1.0
11.416172,0.15672752,0.0
4.8871207,0.82643676,1.0
36.255386,0.02536959,0.0
23.128769,0.29604852,0.0
5.154783,0.7355535,0.0
39.11579,0.021186976,0.0
7.5665593,0.3994382,0.0
31.633686,0.031288605,0.0
16.932058,0.7172708,0.0
26.863358,0.06061992,0.0
47.427677,0.011427622,0.0
36.255383,0.025369596,0.0
22.748766,0.97511315,1.0
17.01168,0.71363485,1.0
9.806522,0.2613294,0.0
18.013689,0.19548103,0.0
9.922932,0.36872438,0.0
9.5657215,0.677797,0.0
49.1896,0.010357838,0.0
16.86363,0.8286458,1.0
1.9277462,0.68134266,0.0
12.527169,0.77446055,1.0
34.07792,0.029023064,0.0
16.701574,0.32915214,0.0
21.192123,0.28702518,0.0
12.977178,0.32622686,0.0
18.932934,0.39231178,0.0
5.3022375,0.6816161,1.0
11.45536,0.12794751,0.0
8.3944845,0.90389377,1.0
44.12111,0.015493512,0.0
23.315928,0.28621814,0.0
5.310305,0.6829172,0.0
48.78545,0.009940604,0.0
9.122758,0.31095237,0.0
33.983032,0.02360825,0.0
16.103083,0.6935552,0.0
33.054115,0.029325997,0.0
49.342285,0.01068075,0.0
40.316566,0.01719089,0.0
13.33497,0.94254255,1.0
19.558184,0.69890463,1.0
9.2933855,0.32447803,0.0
11.6264515,0.677482,0.0
21.242188,0.062235445,0.0
8.885252,0.64052486,0.0
49.119057,0.010934043,0.0
18.335688,0.85996747,1.0
2.7032394,0.46634084,0.0
11.567642,0.8292245,1.0
43.20279,0.016076514,0.0
19.586601,0.22599639,0.0
22.72676,0.24665317,0.0
11.162713,0.28971702,0.0
20.823341,0.32743198,0.0
4.75036,0.570391,1.0
6.087077,0.29414222,0.0
3.853186,0.7530837,1.0
41.108673,0.01929762,0.0
26.511168,0.20506956,0.0
4.752271,0.5717752,0.0
41.825787,0.016797353,0.0
9.227631,0.28558522,0.0
39.83706,0.0150463525,0.0
14.529197,0.45652696,0.0
31.235243,0.041151375,0.0
45.37657,0.014003153,0.0
36.520275,0.025422422,0.0
11.237574,0.91917634,1.0
25.548113,0.7183779,1.0
9.320938,0.3147482,0.0
12.308756,0.6372759,0.0
16.947153,0.32585236,0.0
6.843665,0.53590184,0.0
37.257767,0.02334535,0.0
17.718102,0.8285533,1.0
2.5318437,0.48407862,0.0
10.815403,0.87340266,1.0
42.582855,0.01740071,0.0
17.647972,0.24680355,0.0
21.739513,0.24245594,0.0
12.657126,0.292198,0.0
19.450808,0.33244374,0.0
5.3434014,0.5737664,1.0
17.575943,0.06692101,0.0
7.4162807,0.8397912,1.0
37.785255,0.024805086,0.0
24.542183,0.22011507,0.0
5.3394456,0.5750003,0.0
47.050774,0.012098448,0.0
10.787571,0.23444077,0.0
36.80701,0.02013861,0.0
14.906084,0.59300554,0.0
25.65053,0.0809072,0.0
45.775124,0.012908492,0.0
27.077644,0.06771463,0.0
11.020612,0.8690124,1.0
20.250252,0.6723635,1.0
10.391821,0.2776233,0.0
21.226778,0.13659696,0.0
13.437331,0.26217246,0.0
8.327739,0.63330853,0.0
32.31226,0.039549455,0.0
16.220276,0.8059334,1.0
2.8121316,0.42777404,0.0
8.330834,0.8257427,1.0
32.031418,0.03949329,0.0
19.532204,0.22779566,0.0
22.633293,0.24013324,0.0
10.018918,0.36149934,0.0
20.670729,0.3153241,0.0
4.8548794,0.5703868,1.0
7.291646,0.23173678,0.0
6.6784887,0.8772969,1.0
40.235123,0.02076969,0.0
26.756756,0.1873821,0.0
4.8628907,0.5728027,0.0
55.2297,0.0072149714,0.0
9.786764,0.29106557,0.0
45.177155,0.010456793,0.0
15.845922,0.50282043,0.0
28.48017,0.057051476,0.0
49.744816,0.010104886,0.0
29.839392,0.049424496,0.0
11.473718,0.9224282,1.0
24.711655,0.6897143,1.0
8.828247,0.38026005,0.0
12.2184725,0.5598021,0.0
12.584948,0.23028097,0.0
8.437391,0.6710721,0.0
34.735603,0.030454246,0.0
18.494175,0.83272064,1.0
3.4934757,0.37693402,0.0
8.454669,0.8091519,1.0
41.254818,0.019455962,0.0
19.654076,0.23503692,0.0
22.977467,0.23286535,0.0
11.698847,0.36003405,0.0
19.783588,0.21277149,0.0
4.5729103,0.54732376,1.0
7.776924,0.26930517,0.0
7.6516805,0.85061574,1.0
37.569878,0.025989404,0.0
26.686337,0.20019254,0.0
4.5720506,0.54865766,0.0
50.67726,0.010343844,0.0
10.142027,0.25118995,0.0
45.767002,0.010829348,0.0
16.05531,0.51424843,0.0
26.905533,0.06845178,0.0
45.83365,0.013209053,0.0
28.247435,0.058894914,0.0
8.850231,0.8645942,1.0
24.606392,0.67847675,1.0
8.792765,0.38043636,0.0
23.9274,0.10365602,0.0
16.316982,0.17231481,0.0
8.286159,0.67856115,0.0
33.965557,0.03440777,0.0
18.170021,0.8177952,1.0
4.006858,0.3305958,0.0
9.266529,0.8206353,1.0
33.063065,0.03642399,0.0
19.817842,0.21482639,0.0
22.440365,0.21187724,0.0
13.32549,0.29894638,0.0
21.916494,0.11252882,0.0
4.4593725,0.53126997,1.0
9.115901,0.19660702,0.0
7.063713,0.8416429,1.0
35.745537,0.032379728,0.0
26.712494,0.18058547,0.0
4.4641495,0.53596723,0.0
45.633625,0.014622264,0.0
10.358655,0.25043917,0.0
43.152737,0.012964252,0.0
15.698053,0.47385588,0.0
26.469435,0.072372004,0.0
43.092903,0.017128557,0.0
27.70082,0.06295011,0.0
9.180228,0.8683951,1.0
23.083532,0.63036114,1.0
9.37701,0.34026828,0.0
24.519485,0.08805098,0.0
15.7055,0.1747623,0.0
7.5635033,0.68344605,0.0
32.423923,0.040860765,0.0
17.675232,0.8129944,1.0
5.0391107,0.3018899,0.0
8.930922,0.7728754,1.0
31.471777,0.04388904,0.0
19.609566,0.22846301,0.0
19.17628,0.28327584,0.0
10.307453,0.26110512,0.0
19.01224,0.13791908,0.0
4.53103,0.5850154,1.0
8.17523,0.21167703,0.0
6.3634033,0.8289933,1.0
37.77529,0.026099782,0.0
25.933483,0.19852519,0.0
4.5484858,0.5901186,0.0
48.53062,0.0116584925,0.0
9.452211,0.30467325,0.0
43.424164,0.012525059,0.0
15.24521,0.48755816,0.0
26.460276,0.07254211,0.0
41.30472,0.019605504,0.0
31.644068,0.042460613,0.0
9.744648,0.8508185,1.0
22.481777,0.635806,1.0
10.662791,0.29330966,0.0
21.653322,0.10823094,0.0
16.830416,0.20273653,0.0
4.8167577,0.5909342,0.0
32.03894,0.04168378,0.0
17.887041,0.8145971,1.0
5.347548,0.27346134,0.0
6.734993,0.83408874,1.0
30.93651,0.045679227,0.0
20.022976,0.21411829,0.0
21.9486,0.19723813,0.0
13.439853,0.3624879,0.0
30.763533,0.041769043,0.0
4.4433093,0.56204855,1.0
8.020548,0.22760163,0.0
5.7481084,0.8068956,1.0
38.599304,0.024039352,0.0
26.369051,0.17339441,0.0
4.452036,0.5666033,0.0
48.557083,0.011876259,0.0
10.028152,0.26191294,0.0
43.054523,0.013112457,0.0
14.639325,0.43603247,0.0
26.58707,0.070643105,0.0
42.214806,0.017978774,0.0
32.12483,0.03993778,0.0
9.136084,0.83069533,1.0
21.99289,0.57588166,1.0
10.546225,0.32273462,0.0
24.480556,0.08141316,0.0
22.403978,0.07918157,0.0
6.740553,0.7199859,0.0
32.612255,0.038619775,0.0
17.99262,0.8243283,1.0
5.118715,0.288761,0.0
6.8425264,0.7711478,1.0
31.3252,0.04314999,0.0
20.022003,0.22361863,0.0
19.76217,0.25711975,0.0
12.001534,0.34339976,0.0
19.210625,0.12834626,0.0
4.19581,0.65001166,1.0
4.991788,0.33501545,0.0
4.1732364,0.6476951,1.0
38.775505,0.02343374,0.0
26.33871,0.17467563,0.0
4.2211556,0.65361416,0.0
50.16544,0.010903618,0.0
9.978968,0.2981918,0.0
42.758698,0.014119925,0.0
14.446733,0.46296677,0.0
30.414799,0.05599168,0.0
42.527267,0.017363327,0.0
35.555992,0.032115266,0.0
30.187195,0.05274002,1.0
21.61524,0.6043946,1.0
10.930023,0.30540264,0.0
21.767582,0.10136268,0.0
28.05755,0.04143345,0.0
7.061496,0.68863434,0.0
37.053413,0.030136922,0.0
18.212759,0.82291317,1.0
3.9123445,0.36045727,0.0
6.636974,0.67396885,1.0
35.019024,0.034584027,0.0
20.372505,0.19622359,0.0
21.709866,0.17233853,0.0
12.193526,0.3043961,0.0
21.27609,0.102705285,0.0
4.4182496,0.55646986,1.0
3.1907415,0.47271603,0.0
5.7603335,0.8027768,1.0
42.981922,0.016454108,0.0
26.934313,0.14392018,0.0
4.4243894,0.55983305,0.0
52.842506,0.00886578,0.0
11.194989,0.22484323,0.0
43.692036,0.0128075695,0.0
17.653078,0.33983704,0.0
22.717838,0.1046977,0.0
42.981922,0.016454108,0.0
31.636065,0.04139419,0.0
9.155542,0.82420915,1.0
21.321321,0.5456319,1.0
11.112868,0.29691252,0.0
25.343992,0.06666898,0.0
23.8625,0.069326244,0.0
6.5356803,0.70885444,0.0
33.43442,0.034675673,0.0
14.029686,0.60296136,1.0
4.4813538,0.3119993,0.0
6.1083717,0.81969196,1.0
30.723305,0.04554102,0.0
19.813948,0.21927406,0.0
23.907995,0.16970742,0.0
11.995642,0.32509142,0.0
29.992348,0.06601736,0.0
4.093844,0.59026015,1.0
6.5750065,0.2662476,0.0
5.8472595,0.81184906,1.0
45.432423,0.013038646,0.0
26.38345,0.16622278,0.0
4.10943,0.59417415,0.0
63.487934,0.0045888643,0.0
11.011535,0.24856773,0.0
51.63393,0.007550203,0.0
14.551853,0.43659568,0.0
22.64767,0.101786114,0.0
45.43242,0.013038646,0.0
33.092987,0.03413484,0.0
9.082812,0.829809,1.0
21.904655,0.5206092,1.0
11.577651,0.28994685,0.0
24.160078,0.113109015,0.0
32.770786,0.026951237,0.0
6.3825274,0.6397522,0.0
35.474728,0.02725932,0.0
18.399746,0.8263746,1.0
2.2535985,0.47072503,0.0
6.2291193,0.7012163,1.0
31.929794,0.038232934,0.0
19.696634,0.22545828,0.0
23.217144,0.17611112,0.0
9.719779,0.3490159,0.0
28.90077,0.07053757,0.0
4.0706906,0.6141541,1.0
6.61265,0.2729863,0.0
5.988635,0.82053363,1.0
42.957848,0.015366438,0.0
26.177309,0.16865326,0.0
4.084055,0.6167026,0.0
68.19387,0.0035742144,0.0
10.778803,0.2580496,0.0
53.01169,0.007056999,0.0
14.24269,0.44232684,0.0
21.233828,0.13237095,0.0
49.286922,0.0094601335,0.0
27.04444,0.06571067,0.0
10.109888,0.8543274,1.0
21.447128,0.50827765,1.0
10.775827,0.3043619,0.0
23.277584,0.119578354,0.0
33.533215,0.0256892,0.0
6.132445,0.65490395,0.0
34.15041,0.030482367,0.0
18.789856,0.837009,1.0
2.3834856,0.45931688,0.0
5.3779,0.73316145,1.0
31.829084,0.03836103,0.0
19.698683,0.2528349,0.0
20.828709,0.21125147,0.0
10.600544,0.30057293,0.0
23.782463,0.1136475,0.0
4.6300025,0.6485496,1.0
12.088115,0.13289474,0.0
6.708231,0.843906,1.0
38.291584,0.022249699,0.0
26.711992,0.22239766,0.0
4.641828,0.6501022,0.0
68.208595,0.0034721885,0.0
10.911029,0.2662951,0.0
46.766697,0.010547503,0.0
11.780109,0.50479376,0.0
24.562489,0.087104924,0.0
47.873417,0.010443351,0.0
26.542154,0.06716987,0.0
9.43387,0.84720117,1.0
19.751633,0.45164663,1.0
11.1763935,0.28849724,0.0
19.301947,0.17725423,0.0
29.668447,0.0353222,0.0
5.9121275,0.62580824,0.0
32.696095,0.034900475,0.0
17.426813,0.83900774,1.0
2.2315452,0.50422096,0.0
6.278305,0.80039525,1.0
31.45079,0.038730104,0.0
21.903677,0.20665762,0.0
22.685549,0.1788126,0.0
12.232405,0.28839824,0.0
29.19421,0.06665782,0.0
4.157837,0.62809384,1.0
4.789855,0.37571606,0.0
6.0345554,0.82557404,1.0
44.20622,0.014215267,0.0
29.877277,0.17181128,0.0
4.172198,0.63092875,0.0
72.31975,0.0028297715,0.0
10.510554,0.27519068,0.0
54.31327,0.0064147986,0.0
12.836654,0.38164642,0.0
22.09306,0.11000263,0.0
44.20621,0.014215275,0.0
32.136555,0.037245523,0.0
9.194481,0.841329,1.0
24.052853,0.44713354,1.0
11.647293,0.2910469,0.0
22.717205,0.1231259,0.0
34.451443,0.0236606,0.0
6.158697,0.6334524,0.0
34.383537,0.029951442,0.0
16.785383,0.8263093,1.0
2.960925,0.39608982,0.0
5.983357,0.7241059,1.0
31.280289,0.04068592,0.0
22.657814,0.19168773,0.0
20.919025,0.20064811,0.0
12.034685,0.27536547,0.0
19.821587,0.15192878,0.0
3.5745337,0.66817737,1.0
4.6622257,0.37535992,0.0
6.271303,0.8510041,1.0
37.00677,0.02589219,0.0
30.185415,0.16191688,0.0
5.775797,0.34340686,0.0
72.2633,0.002845302,0.0
8.814693,0.28957564,0.0
55.756184,0.005882368,0.0
13.1118965,0.36260536,0.0
24.128044,0.0960206,0.0
46.19698,0.012230049,0.0
25.906025,0.07504458,0.0
9.053781,0.8242078,1.0
24.09414,0.47753984,1.0
11.650722,0.29353046,0.0
21.336437,0.12999447,0.0
35.485653,0.02183241,0.0
7.427346,0.5490119,0.0
31.393713,0.04148983,0.0
17.33757,0.8272046,1.0
4.2130885,0.31227258,0.0
5.604347,0.6745474,1.0
30.366684,0.04526976,0.0
22.956799,0.21432026,0.0
22.105991,0.21299425,0.0
14.202453,0.23354954,0.0
27.630182,0.08659848,0.0
3.9185183,0.70604724,1.0
5.341525,0.34645927,0.0
7.0100465,0.8652402,1.0
41.904068,0.01728483,0.0
30.446304,0.1748772,0.0
8.211891,0.29217857,0.0
67.230675,0.0037132036,0.0
9.447876,0.25815642,0.0
52.135414,0.00755056,0.0
12.763051,0.43031493,0.0
21.078936,0.1364491,0.0
47.814995,0.010817821,0.0
26.458939,0.07180722,0.0
9.356224,0.82387984,1.0
24.733875,0.47792542,1.0
11.452896,0.30805364,0.0
21.366928,0.15685438,0.0
31.49798,0.03013555,0.0
6.574271,0.57650685,0.0
32.690323,0.036468968,0.0
18.071058,0.85100067,1.0
2.9309406,0.39652446,0.0
11.000406,0.7759687,1.0
30.599895,0.04478587,0.0
22.589474,0.22511369,0.0
21.556107,0.20630352,0.0
14.177277,0.28586873,0.0
24.183794,0.11907115,0.0
4.017262,0.66876596,1.0
12.127882,0.14144358,0.0
6.495952,0.85578185,1.0
42.72201,0.015681788,0.0
31.976583,0.16202216,0.0
10.258447,0.24429283,0.0
61.135006,0.0051790024,0.0
9.025146,0.2801782,0.0
43.98793,0.012813877,0.0
12.502478,0.5524801,0.0
20.742456,0.13875404,0.0
48.862854,0.009738274,0.0
26.813437,0.06697206,0.0
9.607877,0.8410487,1.0
16.150908,0.5344035,1.0
11.690986,0.28248394,0.0
19.657051,0.17801535,0.0
21.553429,0.08089183,0.0
6.533741,0.6114483,0.0
33.627827,0.03215438,0.0
16.487669,0.80899155,1.0
5.2963142,0.26134032,0.0
7.279411,0.7664982,1.0
31.207453,0.040771328,0.0
21.743504,0.23045535,0.0
22.970634,0.17222475,0.0
18.588106,0.14244945,0.0
25.892529,0.0950074,0.0
4.0955563,0.66582704,1.0
12.340842,0.13810681,0.0
5.8583684,0.84370816,1.0
51.80014,0.00797176,0.0
32.215927,0.14702298,0.0
6.319455,0.38862917,0.0
58.58323,0.0062615597,0.0
9.008834,0.28994915,0.0
42.60365,0.01440095,0.0
15.27541,0.5092054,0.0
19.447699,0.14322866,0.0
51.80014,0.00797176,0.0
24.126242,0.082852125,0.0
12.211973,0.888928,1.0
16.012503,0.4816889,1.0
14.043936,0.22381711,0.0
21.541286,0.14352277,0.0
19.724611,0.093890235,0.0
6.591241,0.50126153,0.0
44.070217,0.0154127395,0.0
26.697598,0.90694505,1.0
4.8983126,0.28977987,0.0
10.298462,0.73695445,1.0
30.670609,0.040194128,0.0
22.879871,0.18131837,0.0
24.838099,0.13210332,0.0
19.675486,0.12987898,0.0
29.329136,0.06982966,0.0
4.803105,0.813956,1.0
13.349453,0.1292612,0.0
4.764706,0.8127403,1.0
50.742947,0.0084516825,0.0
31.499207,0.13833082,0.0
5.1210833,0.47839493,0.0
68.32621,0.0035237065,0.0
7.8211155,0.3424024,0.0
46.420963,0.010474931,0.0
12.704842,0.50928146,0.0
11.588801,0.43592113,0.0
50.742954,0.0084516825,0.0
16.806267,0.15975763,0.0
15.998034,0.9452415,1.0
16.309277,0.49626708,1.0
12.425301,0.26468015,0.0
23.22001,0.11322832,0.0
23.00915,0.054838166,0.0
7.375181,0.44743797,0.0
42.686455,0.01726417,0.0
14.683884,0.80722314,1.0
3.7647753,0.39354968,0.0
11.809334,0.6663063,1.0
23.47505,0.06864954,0.0
22.301487,0.21146801,0.0
23.299904,0.16125219,0.0
19.07795,0.13555063,0.0
27.614357,0.08346962,0.0
6.621978,0.8770959,1.0
14.452068,0.12489819,0.0
5.283417,0.81085867,1.0
51.24704,0.0085417945,0.0
30.806587,0.14427066,0.0
6.544223,0.59043276,0.0
66.27567,0.0041947677,0.0
6.6609507,0.4608755,0.0
46.46617,0.011539081,0.0
12.694445,0.541352,0.0
12.502798,0.51067543,0.0
51.24704,0.0085417945,0.0
20.522383,0.11789303,0.0
19.857197,0.96367943,1.0
16.187792,0.5386307,1.0
12.98167,0.23997176,0.0
21.688911,0.13292179,0.0
23.749348,0.057294376,0.0
7.1369376,0.48654488,0.0
41.05557,0.01972039,0.0
13.913185,0.7849866,1.0
3.988226,0.4497049,0.0
11.012324,0.7115846,1.0
43.18315,0.016229535,0.0
21.153116,0.25406206,0.0
23.932886,0.165117,0.0
20.72847,0.11389495,0.0
27.542198,0.084447876,0.0
3.8873081,0.70864475,1.0
14.124843,0.13140349,0.0
3.8707697,0.70711476,1.0
49.761753,0.009575132,0.0
30.920135,0.15427132,0.0
17.209093,0.0809255,0.0
81.76163,0.0015898077,0.0
6.901217,0.5012397,0.0
65.41131,0.0029223755,0.0
15.821507,0.5392999,0.0
17.698263,0.42314187,0.0
49.761745,0.009575132,0.0
25.682835,0.08101286,0.0
17.698261,0.42314187,1.0
16.544292,0.51944435,1.0
14.239763,0.20496958,0.0
22.513412,0.13075714,0.0
4.9082837,0.5520829,0.0
7.183641,0.4880338,0.0
50.02805,0.0095861815,0.0
26.565248,0.91689426,1.0
21.181654,0.049320094,0.0
13.46177,0.8741391,1.0
41.393837,0.018223,0.0
21.513424,0.24573591,0.0
24.943916,0.15067963,0.0
19.404495,0.1262581,0.0
30.873951,0.06309324,0.0
3.9255464,0.7987327,1.0
16.121193,0.10488814,0.0
3.7846718,0.69831556,1.0
46.71839,0.012227711,0.0
31.342226,0.15487942,0.0
19.657663,0.06063686,0.0
86.12015,0.0012899203,0.0
6.463355,0.51148224,0.0
67.99076,0.0025496753,0.0
15.329912,0.4464981,0.0
12.744448,0.52478874,0.0
46.71839,0.012227711,0.0
19.872288,0.1345861,0.0
21.177458,0.9677669,1.0
16.228943,0.43696794,1.0
13.764522,0.21337897,0.0
32.21526,0.055967115,0.0
4.9472933,0.53367263,0.0
5.050282,0.60403115,0.0
38.259743,0.026263963,0.0
27.629566,0.92730707,1.0
23.773888,0.038807202,0.0
13.348017,0.8774437,1.0
40.202652,0.02173955,0.0
21.246407,0.25547543,0.0
21.942667,0.19353509,0.0
17.89758,0.13419424,0.0
25.7201,0.09663236,0.0
4.3166294,0.81227195,1.0
15.866116,0.10044016,0.0
4.096672,0.7037361,1.0
44.651226,0.014503574,0.0
31.293114,0.14871056,0.0
16.53159,0.08396822,0.0
80.8977,0.0016858621,0.0
6.0511727,0.5123846,0.0
63.159996,0.0033524844,0.0
14.72873,0.5183258,0.0
11.991027,0.50190043,0.0
44.65123,0.014503566,0.0
16.537756,0.1932804,0.0
20.316565,0.96642935,1.0
15.586144,0.5013515,1.0
13.518047,0.21867552,0.0
21.084513,0.14779426,0.0
4.287271,0.552544,0.0
6.354866,0.530731,0.0
44.035793,0.015721843,0.0
27.81374,0.93139315,1.0
22.80669,0.04407253,0.0
11.573418,0.8558396,1.0
38.29342,0.024483157,0.0
20.25415,0.27413282,0.0
21.690336,0.20230348,0.0
17.7624,0.13502611,0.0
25.221542,0.101961605,0.0
4.5840664,0.8219351,1.0
18.097523,0.07954085,0.0
4.3638787,0.7281214,1.0
46.740917,0.012225096,0.0
30.84062,0.15003449,0.0
14.956366,0.09717435,0.0
76.653046,0.0021118312,0.0
5.7731724,0.5416203,0.0
50.47308,0.0072419904,0.0
14.483173,0.5181277,0.0
12.681488,0.5599278,0.0
46.74091,0.012225096,0.0
15.072699,0.30352113,0.0
21.152063,0.967864,1.0
15.37924,0.5012553,1.0
13.972034,0.20706376,0.0
20.671148,0.15862486,0.0
17.04437,0.11031049,0.0
6.288601,0.5293042,0.0
35.68182,0.036578156,0.0
26.57256,0.92904496,1.0
20.858831,0.05252229,0.0
8.643903,0.66476154,1.0
49.173473,0.009900746,0.0
17.024914,0.34021866,0.0
20.959076,0.24760866,0.0
20.106997,0.12946288,0.0
29.145609,0.080801584,0.0
5.4222016,0.8025442,1.0
10.84675,0.16403748,0.0
4.6416607,0.701436,1.0
45.83474,0.012920035,0.0
30.196495,0.16684775,0.0
15.191534,0.09870041,0.0
75.142265,0.0023274834,0.0
6.4515877,0.43317544,0.0
52.99986,0.0061857104,0.0
8.387296,0.4680823,0.0
12.024181,0.5191015,0.0
45.834736,0.012920035,0.0
15.090859,0.27462536,0.0
21.647646,0.97195995,1.0
13.764202,0.56468874,1.0
14.452508,0.21002221,0.0
13.52172,0.47333273,0.0
21.497345,0.07359401,0.0
6.116971,0.5791555,0.0
35.065918,0.038022656,0.0
26.759972,0.92977,1.0
21.48727,0.049924225,0.0
7.3114386,0.695305,1.0
48.405567,0.010338773,0.0
16.946856,0.35403126,0.0
18.579874,0.28442284,0.0
12.355907,0.230383,0.0
24.605408,0.10990485,0.0
5.3492885,0.82042116,1.0
6.3957915,0.2783711,0.0
4.013049,0.7051997,1.0
45.349144,0.013417482,0.0
30.421528,0.16853605,0.0
6.208171,0.27832478,0.0
76.1226,0.0022735882,0.0
6.320166,0.49023956,0.0
55.924564,0.005339215,0.0
6.986845,0.51952904,0.0
11.255173,0.51982254,0.0
45.349136,0.013417482,0.0
11.255173,0.51982254,0.0
20.912691,0.97132325,1.0
13.214686,0.6401679,1.0
13.614123,0.2181733,0.0
11.671449,0.719081,0.0
22.103401,0.071234934,0.0
5.941213,0.6354034,0.0
40.734047,0.02128996,0.0
26.85714,0.9251701,1.0
21.909275,0.047705416,0.0
4.9402413,0.6084944,1.0
48.063225,0.0107599795,0.0
16.690262,0.3641597,0.0
20.425316,0.25730488,0.0
14.08274,0.23521109,0.0
27.918348,0.08732554,0.0
5.3987455,0.824386,1.0
7.9677644,0.22701581,0.0
4.1576624,0.70519745,1.0
46.078342,0.012390575,0.0
29.926048,0.16329394,0.0
6.66784,0.2610956,0.0
75.82438,0.002318094,0.0
6.14793,0.5121936,0.0
54.93248,0.005703276,0.0
7.154655,0.45272183,0.0
11.26157,0.5090797,0.0
46.078335,0.012390575,0.0
11.26157,0.50907975,0.0
20.897572,0.9717467,1.0
13.075605,0.58271086,1.0
14.142142,0.21935894,0.0
12.768026,0.5044158,0.0
21.532993,0.077065654,0.0
5.5906773,0.7418421,0.0
40.84755,0.02066376,0.0
26.812468,0.9259987,1.0
21.887869,0.048963644,0.0
5.8769574,0.6296952,1.0
49.275272,0.009576534,0.0
16.817772,0.3629417,0.0
20.266224,0.268159,0.0
12.820131,0.2765862,0.0
27.255962,0.09304261,0.0
5.42731,0.8283084,1.0
7.0937924,0.26008335,0.0
4.270734,0.7254093,1.0
46.760777,0.011523038,0.0
29.312243,0.1643397,0.0
7.060736,0.25841296,0.0
77.080475,0.0021477675,0.0
5.7996116,0.51747084,0.0
64.58145,0.0031568126,0.0
6.811802,0.4676775,0.0
11.271661,0.47525063,0.0
46.760777,0.011523038,0.0
11.271661,0.47525063,0.0
20.181198,0.97044444,1.0
12.854301,0.59310293,1.0
13.678203,0.23606284,0.0
12.830056,0.49090004,0.0
4.7134447,0.45351136,0.0
5.8599577,0.757949,0.0
41.59059,0.018929448,0.0
27.491106,0.93388903,1.0
22.66911,0.047087833,0.0
7.7035265,0.8474941,1.0
49.98258,0.008910238,0.0
17.189615,0.3476868,0.0
20.633846,0.26563174,0.0
14.055902,0.28792557,0.0
27.838678,0.089327894,0.0
5.505134,0.8071266,1.0
9.865518,0.20401146,0.0
4.453381,0.7855908,1.0
45.389015,0.012190538,0.0
29.75388,0.16403587,0.0
7.6251726,0.26216057,0.0
74.54829,0.002596602,0.0
5.5368943,0.49416167,0.0
63.697506,0.0034455832,0.0
7.106144,0.4628828,0.0
9.518204,0.45339695,0.0
45.389015,0.012190538,0.0
9.518205,0.45339704,0.0
15.862044,0.95801604,1.0
13.158377,0.5895248,1.0
13.274947,0.2626841,0.0
13.301626,0.48534298,0.0
6.842392,0.5268104,0.0
7.03592,0.7540422,0.0
22.03705,0.07808774,0.0
28.370451,0.93626463,1.0
14.142031,0.11842902,0.0
13.6326475,0.9493175,1.0
49.812355,0.009153269,0.0
20.66165,0.25697857,0.0
20.93804,0.21306588,0.0
16.662544,0.218785,0.0
28.804996,0.07734654,0.0
4.358139,0.6734298,1.0
19.18858,0.06954452,0.0
5.3075156,0.8288746,1.0
49.76894,0.008620779,0.0
30.570435,0.14176285,0.0
9.939493,0.1991722,0.0
70.778625,0.0030597434,0.0
9.184786,0.20159476,0.0
53.725975,0.0061655,0.0
9.505721,0.5661146,0.0
9.709255,0.44538304,0.0
49.76895,0.008620779,0.0
9.709253,0.44538313,0.0
16.625048,0.961372,1.0
14.700061,0.4561648,1.0
14.451565,0.22594328,0.0
26.851658,0.0787504,0.0
21.73593,0.06917055,0.0
6.6431074,0.7034412,0.0
24.986782,0.054371826,0.0
27.008095,0.9202691,1.0
21.169607,0.059387278,0.0
6.104382,0.6978457,1.0
54.22331,0.006531358,0.0
21.438374,0.25082296,0.0
18.258606,0.27351257,0.0
16.349834,0.21221411,0.0
17.224274,0.21719517,0.0
4.4534082,0.652114,1.0
12.376587,0.14324377,0.0
5.0098686,0.808696,1.0
49.9102,0.008789622,0.0
30.820074,0.15573348,0.0
18.217312,0.08477681,0.0
69.47025,0.0032863456,0.0
9.384712,0.20707884,0.0
59.682037,0.0044109216,0.0
10.446936,0.628283,0.0
10.400885,0.47082648,0.0
49.91019,0.008789622,0.0
13.23443,0.27538472,0.0
19.068264,0.97012055,1.0
15.5012865,0.6112042,1.0
14.337299,0.2319085,0.0
17.117237,0.2018711,0.0
5.0217843,0.5812173,0.0
7.5978446,0.55801785,0.0
23.445673,0.08105542,0.0
27.264183,0.9203661,1.0
22.312695,0.056073774,0.0
11.124994,0.9176119,1.0
54.486023,0.006541025,0.0
21.155106,0.2617084,0.0
18.742748,0.26426986,0.0
14.062645,0.26673672,0.0
17.55661,0.21667905,0.0
4.5618887,0.69701207,1.0
11.654735,0.14920416,0.0
6.9765615,0.8803306,1.0
50.837234,0.008049798,0.0
30.286888,0.17543773,0.0
7.793034,0.27622578,0.0
69.92905,0.0031442898,0.0
8.626832,0.23036192,0.0
54.172344,0.006261518,0.0
9.282455,0.56606805,0.0
9.711661,0.45616293,0.0
50.83723,0.008049802,0.0
9.711661,0.45616293,0.0
19.163443,0.9707318,1.0
14.166538,0.5388103,1.0
13.7924,0.24334206,0.0
22.067919,0.115445346,0.0
6.4267645,0.36938602,0.0
6.4447613,0.6535257,0.0
25.002562,0.0539646,0.0
27.724573,0.9298378,1.0
18.982203,0.077909134,0.0
9.351322,0.8812769,1.0
55.267807,0.0061158356,0.0
21.454697,0.24533921,0.0
20.835236,0.2174686,0.0
14.673901,0.27391836,0.0
28.257122,0.07913994,0.0
4.889521,0.7387557,1.0
16.513567,0.095096774,0.0
6.694584,0.81936145,1.0
51.918346,0.0075389203,0.0
30.863346,0.15865551,0.0
9.397713,0.22950214,0.0
66.27499,0.0038840394,0.0
8.222308,0.25499275,0.0
47.333115,0.009371588,0.0
9.665911,0.5262086,0.0
13.464406,0.4871405,0.0
51.918346,0.0075389203,0.0
16.784523,0.22282073,0.0
18.454374,0.9646467,1.0
14.613781,0.46127623,1.0
12.939759,0.2677825,0.0
26.133684,0.081803724,0.0
17.972246,0.10604191,0.0
6.644014,0.70528436,0.0
28.583477,0.053465437,0.0
28.719402,0.9339763,1.0
18.214577,0.08598031,0.0
6.1597447,0.718435,1.0
56.943317,0.0054480885,0.0
11.261258,0.3669861,0.0
18.585989,0.24682145,0.0
11.881467,0.32433072,0.0
23.815609,0.112548344,0.0
4.884585,0.77254516,1.0
10.460527,0.17559932,0.0
7.2619286,0.8586787,1.0
52.75056,0.007074948,0.0
58.203274,0.2372929,0.0
8.33487,0.26142022,0.0
71.67081,0.0028736414,0.0
7.1359315,0.29085004,0.0
47.21441,0.009386749,0.0
6.950882,0.600412,0.0
13.578698,0.53954333,0.0
52.75056,0.007074951,0.0
16.545713,0.23433924,0.0
18.976942,0.9665177,1.0
13.204158,0.61527455,1.0
10.9942665,0.3527512,0.0
16.915216,0.19896457,0.0
23.180576,0.05207285,0.0
6.0621524,0.60646665,0.0
28.683441,0.05314217,0.0
20.959244,0.91413397,1.0
17.47513,0.09135113,0.0
5.830777,0.7075309,1.0
58.090046,0.00501041,0.0
10.590887,0.38211182,0.0
17.225998,0.26843485,0.0
10.59957,0.31569758,0.0
15.434252,0.24216603,0.0
4.9626207,0.7824288,1.0
7.877137,0.24908793,0.0
8.375816,0.8848262,1.0
51.753506,0.007395313,0.0
58.37098,0.21815294,0.0
7.148282,0.318,0.0
71.87178,0.0027585968,0.0
6.886903,0.30841696,0.0
41.74398,0.013339569,0.0
6.8164606,0.6151027,0.0
11.84703,0.17999452,0.0
51.753506,0.0073953164,0.0
15.187341,0.25211164,0.0
18.514711,0.96609795,1.0
13.406464,0.6825173,1.0
15.662554,0.24781625,0.0
14.737819,0.23757528,0.0
15.047902,0.12101354,0.0
7.788079,0.46267685,0.0
28.508945,0.051475722,0.0
21.221111,0.90968317,1.0
15.18147,0.119208515,0.0
9.23019,0.7275005,1.0
57.016563,0.0052673416,0.0
13.419361,0.20893629,0.0
19.09358,0.18974593,0.0
11.943177,0.26915514,0.0
15.411783,0.20962518,0.0
6.719932,0.8700083,1.0
14.24746,0.12530206,0.0
6.608221,0.8047836,1.0
53.677498,0.006648557,0.0
58.692757,0.22147138,0.0
8.435881,0.28830704,0.0
75.886345,0.0024043464,0.0
12.704667,0.18592533,0.0
42.57699,0.013066037,0.0
8.152325,0.6080595,0.0
10.337181,0.20570728,0.0
53.677498,0.006648557,0.0
9.840369,0.53024924,0.0
22.64478,0.9786992,1.0
11.577859,0.6794839,1.0
16.701826,0.21858107,0.0
9.584605,0.65215445,0.0
21.025467,0.07585683,0.0
8.093938,0.41697592,0.0
48.98669,0.009873547,0.0
15.895822,0.84169126,1.0
16.864902,0.09804491,0.0
7.040879,0.6508708,1.0
56.999214,0.005209919,0.0
13.149147,0.22250341,0.0
18.573486,0.21200375,0.0
11.81852,0.2950397,0.0
14.650731,0.24447033,0.0
13.124346,0.9527349,1.0
12.54006,0.16060036,0.0
10.821372,0.92191106,1.0
52.605255,0.00676668,0.0
58.87973,0.2376568,0.0
7.649558,0.34831268,0.0
80.6319,0.0019368164,0.0
12.326828,0.17290275,0.0
39.65518,0.016398309,0.0
8.895556,0.7149535,0.0
9.527086,0.21316299,0.0
52.60526,0.00676668,0.0
10.700028,0.45789096,0.0
15.731276,0.95320445,1.0
12.64143,0.7697328,1.0
16.629995,0.24624336,0.0
15.680792,0.20372134,0.0
18.39187,0.10549749,0.0
8.137517,0.4233456,0.0
33.67703,0.026300067,0.0
16.15322,0.8404207,1.0
15.504487,0.118329965,0.0
7.5799203,0.67747384,1.0
56.952366,0.0052051516,0.0
23.720629,0.15072066,0.0
19.825253,0.20476605,0.0
14.155616,0.25906092,0.0
22.198284,0.120657705,0.0
13.431208,0.9547292,1.0
15.043412,0.12249671,0.0
11.138706,0.9238838,1.0
51.378113,0.007626026,0.0
28.98296,0.21617074,0.0
8.389443,0.3303637,0.0
76.391846,0.002432449,0.0
12.532541,0.16507663,0.0
38.157875,0.01893765,0.0
9.31267,0.66071135,0.0
9.303126,0.21731983,0.0
51.37811,0.007626026,0.0
10.457002,0.47678703,0.0
16.03081,0.956553,1.0
12.923419,0.69856125,1.0
18.242977,0.20559673,0.0
16.907003,0.18853371,0.0
18.781559,0.10155916,0.0
7.1340017,0.48868737,0.0
32.454197,0.030828537,0.0
19.907436,0.87305075,1.0
15.392954,0.12692216,0.0
8.41498,0.7188904,1.0
55.861298,0.005804568,0.0
24.122677,0.1530269,0.0
17.900784,0.26290965,0.0
9.558046,0.41095328,0.0
18.742764,0.16420925,0.0
13.146421,0.9547334,1.0
11.33403,0.17709725,0.0
12.173281,0.9378758,1.0
52.87202,0.007262788,0.0
28.79852,0.25024956,0.0
8.221824,0.38072872,0.0
72.2786,0.003033715,0.0
11.849773,0.16835941,0.0
40.026535,0.018906265,0.0
8.860705,0.65743804,0.0
9.713021,0.45920599,0.0
52.87203,0.007262785,0.0
9.713021,0.45920599,0.0
22.132324,0.9779335,1.0
11.777197,0.6959027,1.0
16.827137,0.25319883,0.0
14.274702,0.24730788,0.0
26.623085,0.052765597,0.0
6.239793,0.5577717,0.0
49.54211,0.009643384,0.0
21.20528,0.9122282,1.0
14.923151,0.14657737,0.0
10.406389,0.842946,1.0
55.071278,0.006146709,0.0
24.06415,0.15749207,0.0
16.834871,0.27908424,0.0
8.897668,0.41082573,0.0
12.846335,0.29491216,0.0
10.460587,0.9372295,1.0
11.875773,0.1374481,0.0
12.57759,0.93929535,1.0
51.48537,0.008041677,0.0
29.033737,0.2805435,0.0
7.6499968,0.4059073,0.0
67.98578,0.0038661356,0.0
10.95,0.2154377,0.0
39.87089,0.017569605,0.0
9.591797,0.63965535,0.0
9.867572,0.4236693,0.0
51.485363,0.008041677,0.0
9.867572,0.4236693,0.0
21.569176,0.9763331,1.0
12.677282,0.7168213,1.0
17.084553,0.24512108,0.0
16.83759,0.2791057,0.0
26.504566,0.04924652,0.0
7.8112383,0.47958252,0.0
48.007923,0.010881024,0.0
20.071527,0.9017564,1.0
14.531885,0.14906484,0.0
9.219531,0.75965226,1.0
53.690525,0.006807319,0.0
23.840107,0.15747698,0.0
17.339077,0.24806783,0.0
8.050918,0.6077403,0.0
12.631669,0.29170117,0.0
12.442732,0.95030445,1.0
10.0053425,0.19063057,0.0
11.892662,0.9345262,1.0
50.919403,0.008326414,0.0
29.18011,0.3218732,0.0
7.4315023,0.43340135,0.0
69.235245,0.003680077,0.0
11.919334,0.17109254,0.0
31.90661,0.033961438,0.0
9.298312,0.64129937,0.0
10.006989,0.43980536,0.0
50.919403,0.00832641,0.0
10.006989,0.4398053,0.0
22.74086,0.9782007,1.0
12.35622,0.7183126,1.0
14.1091795,0.33490556,0.0
17.342419,0.24808487,0.0
15.96422,0.15657462,0.0
7.6176414,0.49761403,0.0
47.84377,0.010966309,0.0
19.138432,0.8856837,1.0
13.338365,0.1797491,0.0
6.887208,0.8586357,1.0
53.09954,0.007066271,0.0
22.602861,0.16362184,0.0
16.745792,0.22932464,0.0
7.302149,0.63869846,0.0
12.422432,0.27565742,0.0
9.0709095,0.87921804,1.0
12.452372,0.1297968,0.0
7.8345957,0.6403078,1.0
50.000565,0.008919786,0.0
28.900742,0.31920856,0.0
7.8934784,0.35660282,0.0
71.24454,0.0032700736,0.0
10.671598,0.25133198,0.0
34.019787,0.025058461,0.0
8.483542,0.631188,0.0
9.079143,0.2622275,0.0
50.000565,0.008919781,0.0
9.321764,0.4587784,0.0
22.066471,0.9773632,1.0
11.56305,0.65351385,1.0
14.312501,0.32735658,0.0
9.975786,0.7362513,0.0
17.086912,0.11116392,0.0
6.963616,0.5067453,0.0
46.74701,0.011974456,0.0
20.121376,0.8725919,1.0
13.811336,0.1550422,0.0
5.4611945,0.8128571,1.0
52.261257,0.007512611,0.0
22.708975,0.16546756,0.0
18.160332,0.21935497,0.0
8.329889,0.64967895,0.0
20.324787,0.12868363,0.0
8.79194,0.8726821,1.0
18.98482,0.07119483,0.0
7.413342,0.6704194,1.0
53.64934,0.00673039,0.0
28.845478,0.30511883,0.0
8.235943,0.32619962,0.0
65.32706,0.004240099,0.0
10.660732,0.24682511,0.0
39.673878,0.016698172,0.0
8.283451,0.6419393,0.0
9.326127,0.22981279,0.0
53.649345,0.0067303935,0.0
9.332479,0.42891538,0.0
21.757578,0.9769543,1.0
11.291061,0.59525174,1.0
14.332096,0.31714913,0.0
9.896015,0.69616336,0.0
24.057243,0.06266237,0.0
6.9648714,0.60884476,0.0
50.67226,0.008646524,0.0
20.266766,0.87405217,1.0
14.928725,0.13214006,0.0
4.0824046,0.7775266,1.0
56.021034,0.0056489646,0.0
13.920164,0.1794527,0.0
18.527378,0.20026033,0.0
8.8425665,0.5742845,0.0
20.736921,0.11892802,0.0
7.7484155,0.8507552,1.0
17.258944,0.085185006,0.0
6.8776646,0.3868377,1.0
53.66254,0.0066610198,0.0
58.69928,0.31392992,0.0
7.2624464,0.26703045,0.0
73.49527,0.0025217023,0.0
10.608757,0.25449923,0.0
39.32106,0.015808418,0.0
7.746989,0.6245331,0.0
9.973424,0.39903104,0.0
53.66254,0.006661023,0.0
9.973424,0.39903104,0.0
20.861132,0.9747307,1.0
10.454111,0.6195207,1.0
14.969055,0.27178997,0.0
9.574006,0.665319,0.0
20.318697,0.0764931,0.0
6.825292,0.59785455,0.0
50.789444,0.008503379,0.0
16.543478,0.8656332,1.0
22.419651,0.056736693,0.0
4.1625566,0.76843935,1.0
56.005657,0.0056102145,0.0
23.974081,0.14491118,0.0
20.10141,0.17632341,0.0
9.704523,0.6465393,0.0
24.016357,0.091988705,0.0
8.120616,0.876178,1.0
23.745905,0.047089387,0.0
5.931847,0.71849275,1.0
52.892017,0.0069623673,0.0
29.394373,0.28215876,0.0
4.3227496,0.578597,0.0
67.78544,0.0034016862,0.0
13.485389,0.17008597,0.0
40.447865,0.015071085,0.0
8.997128,0.5558375,0.0
10.081846,0.4296071,0.0
52.892017,0.006962371,0.0
10.081844,0.4296071,0.0
21.416927,0.9753372,1.0
11.92514,0.5350772,1.0
13.910942,0.31485692,0.0
11.240341,0.50585717,0.0
40.447865,0.015071085,0.0
6.6487575,0.70511323,0.0
49.906822,0.008994409,0.0
20.219961,0.90272903,1.0
22.295973,0.058629412,0.0
10.132326,0.88761127,1.0
55.329018,0.0058147227,0.0
22.936281,0.15186289,0.0
19.894384,0.16647618,0.0
9.317538,0.5136903,0.0
22.33546,0.10904088,0.0
7.7526393,0.8692809,1.0
21.07993,0.058915053,0.0
6.409589,0.74033386,1.0
55.415913,0.0057217577,0.0
29.420183,0.2874748,0.0
4.3239193,0.603721,0.0
57.804016,0.0060418583,0.0
10.6754265,0.2637051,0.0
35.741722,0.021508317,0.0
9.260779,0.61380035,0.0
10.004777,0.2051533,0.0
55.415916,0.0057217577,0.0
9.565853,0.45604086,0.0
20.976326,0.9751222,1.0
12.602819,0.5852706,1.0
15.431026,0.24821883,0.0
10.234569,0.6384281,0.0
22.154337,0.07232937,0.0
6.184916,0.57083786,0.0
53.067886,0.0069356887,0.0
19.24685,0.86700785,1.0
19.649343,0.076959126,0.0
4.2770753,0.75353104,1.0
57.703255,0.0048524365,0.0
10.01,0.36915857,0.0
19.583773,0.15481442,0.0
8.712429,0.5025313,0.0
22.105312,0.10638293,0.0
7.6870995,0.86664265,1.0
17.906872,0.08282858,0.0
6.4536304,0.46400926,1.0
56.22578,0.0054339305,0.0
59.062317,0.34839666,0.0
5.9256496,0.34842137,0.0
53.50444,0.007551103,0.0
9.751226,0.3522812,0.0
32.67972,0.028946312,0.0
9.374824,0.7236274,0.0
9.8285675,0.20663778,0.0
56.225777,0.0054339278,0.0
9.477783,0.4452312,0.0
20.747969,0.97472453,1.0
12.363401,0.695951,1.0
15.895744,0.2265255,0.0
9.73031,0.614007,0.0
21.317505,0.08318969,0.0
5.9350634,0.55191654,0.0
54.458103,0.0063090054,0.0
18.031393,0.87941426,1.0
17.597752,0.10140724,0.0
3.9233363,0.7452946,1.0
58.652657,0.004566172,0.0
10.037033,0.38000995,0.0
20.472286,0.14512317,0.0
8.595501,0.5378124,0.0
24.525497,0.08761062,0.0
7.055357,0.81512266,1.0
21.612507,0.053487014,0.0
7.0701494,0.78723013,1.0
57.47551,0.004910534,0.0
59.221123,0.37467512,0.0
4.3826237,0.5592018,0.0
56.17383,0.006462164,0.0
10.474339,0.37999773,0.0
35.890907,0.020535761,0.0
10.3031025,0.72174996,0.0
10.62082,0.25129405,0.0
57.475506,0.004910536,0.0
13.315819,0.3619906,0.0
13.315819,0.36199066,1.0
13.335902,0.695215,1.0
15.542025,0.24304835,0.0
12.627725,0.5573923,0.0
21.851973,0.07259331,0.0
6.967428,0.5166195,0.0
56.281776,0.005441827,0.0
18.826395,0.88921416,1.0
17.832148,0.091321744,0.0
4.0877194,0.729266,1.0
60.096107,0.004073342,0.0
14.205843,0.15335613,0.0
20.639473,0.13973251,0.0
9.612755,0.48329347,0.0
23.902454,0.092591785,0.0
7.7958837,0.8508265,1.0
21.155294,0.058392268,0.0
6.603613,0.77177995,1.0
56.58529,0.0051307147,0.0
58.587357,0.34508267,0.0
4.229491,0.6347593,0.0
57.308483,0.0061846967,0.0
11.471281,0.24245869,0.0
34.55056,0.023335354,0.0
9.264692,0.6340842,0.0
15.425613,0.31196335,0.0
56.585285,0.005130717,0.0
15.425613,0.31196335,0.0
15.425613,0.31196338,1.0
12.208254,0.63482565,1.0
15.923481,0.23302244,0.0
10.318462,0.6128606,0.0
20.295546,0.08768318,0.0
5.914546,0.5439524,0.0
55.54637,0.0056233094,0.0
15.731802,0.8695299,1.0
17.464605,0.0960375,0.0
4.21334,0.73475707,1.0
59.05914,0.0042973533,0.0
20.902588,0.16503985,0.0
22.659433,0.114159375,0.0
9.302767,0.38716626,0.0
26.63945,0.07319786,0.0
8.37698,0.8683974,1.0
18.910995,0.071641386,0.0
7.36575,0.80788106,1.0
55.297478,0.0055523333,0.0
28.775814,0.31552982,0.0
4.306197,0.65628517,0.0
62.12427,0.004766673,0.0
13.807537,0.18204607,0.0
35.783806,0.0218673,0.0
9.539657,0.5943055,0.0
8.890567,0.36470908,0.0
55.297478,0.005552331,0.0
11.794448,0.47369596,0.0
8.890567,0.36470908,1.0
13.299084,0.53350574,1.0
15.303362,0.24282525,0.0
12.056271,0.49873132,0.0
24.252178,0.05691195,0.0
4.040384,0.6938789,0.0
54.25118,0.006082735,0.0
18.010084,0.8453442,1.0
16.831821,0.10631276,0.0
7.373708,0.83728486,1.0
57.574783,0.0047220006,0.0
11.545503,0.18418524,0.0
23.270943,0.11487368,0.0
9.628598,0.42077917,0.0
26.624926,0.07783293,0.0
8.541953,0.87401706,1.0
19.204988,0.070950985,0.0
8.605286,0.8477623,1.0
52.227745,0.0070776213,0.0
59.04368,0.3924881,0.0
4.6148653,0.62161624,0.0
66.89563,0.003704517,0.0
13.752485,0.19359547,0.0
36.621525,0.020983774,0.0
8.91516,0.6708239,0.0
8.571091,0.49103227,0.0
52.22774,0.0070776176,0.0
8.571091,0.49103227,0.0
8.571091,0.49103224,1.0
12.617237,0.61290926,1.0
14.452894,0.27291527,0.0
12.396532,0.5333147,0.0
24.865614,0.054814685,0.0
4.179038,0.66763407,0.0
50.891373,0.00799588,0.0
14.180314,0.7822888,1.0
17.04261,0.108526886,0.0
8.442516,0.8346594,1.0
54.199963,0.0061537414,0.0
10.936774,0.3302654,0.0
26.598799,0.087387666,0.0
10.70341,0.44140127,0.0
28.605673,0.07375686,0.0
8.307733,0.8579023,1.0
23.384335,0.052765973,0.0
8.513243,0.84709406,1.0
51.642845,0.0074652494,0.0
59.515587,0.4050454,0.0
4.4429045,0.6353641,0.0
67.187874,0.0036457202,0.0
13.636453,0.2512566,0.0
36.681683,0.02057409,0.0
12.279636,0.38342074,0.0
11.590529,0.4466855,0.0
51.642838,0.0074652494,0.0
8.082327,0.40053618,0.0
8.082328,0.40053618,1.0
15.297487,0.68966156,1.0
13.98185,0.29962078,0.0
14.111131,0.5441696,0.0
21.164705,0.08497304,0.0
4.749352,0.63210756,0.0
50.319653,0.008419512,0.0
15.85607,0.75370497,1.0
16.032904,0.120610334,0.0
6.03597,0.6773581,1.0
53.409336,0.0066059143,0.0
9.423472,0.4147723,0.0
19.61849,0.16262783,0.0
11.099619,0.39698216,0.0
26.714914,0.088898875,0.0
10.184118,0.90432566,1.0
18.902004,0.078484856,0.0
8.863458,0.8571333,1.0
50.869087,0.008022225,0.0
59.722054,0.38309842,0.0
4.708234,0.68963575,0.0
62.20527,0.0046157087,0.0
12.202158,0.29242545,0.0
35.009773,0.02486835,0.0
11.510159,0.78338724,0.0
8.24311,0.4450927,0.0
50.86908,0.008022225,0.0
8.243109,0.4450927,0.0
8.24311,0.4450927,1.0
15.516152,0.7618061,1.0
14.06284,0.27828848,0.0
13.349118,0.63318145,0.0
23.769093,0.062940285,0.0
4.448395,0.71136695,0.0
49.76751,0.00892587,0.0
15.842071,0.83016574,1.0
14.935981,0.14345807,0.0
8.879487,0.8395622,1.0
52.48221,0.007170239,0.0
9.352833,0.41006806,0.0
18.234926,0.18579166,0.0
10.146402,0.36840206,0.0
24.150043,0.11355269,0.0
10.737634,0.9125363,1.0
17.228542,0.092890106,0.0
9.362531,0.8688344,1.0
54.39416,0.0061041717,0.0
59.351654,0.3522661,0.0
4.9261494,0.72470963,0.0
57.163925,0.006256731,0.0
11.228737,0.36657575,0.0
32.72933,0.030173773,0.0
12.120039,0.81488,0.0
8.499121,0.4453129,0.0
54.39416,0.006104169,0.0
8.499121,0.4453129,0.0
8.499121,0.4453129,1.0
16.203072,0.80384916,1.0
14.563376,0.24372396,0.0
11.77853,0.586232,0.0
22.197882,0.07493966,0.0
5.347696,0.5523911,0.0
53.49127,0.0066344123,0.0
16.553179,0.84120923,1.0
13.225077,0.17935863,0.0
8.027957,0.8490848,1.0
56.44074,0.005267429,0.0
14.11047,0.16206324,0.0
19.67944,0.1664999,0.0
10.952671,0.45697948,0.0
26.926266,0.08597057,0.0
8.910223,0.9176879,1.0
23.254644,0.058670353,0.0
6.323528,0.8371391,1.0
54.828617,0.0061154068,0.0
58.88057,0.32179955,0.0
5.001704,0.76328784,0.0
59.821697,0.005217685,0.0
12.591245,0.18622449,0.0
34.27785,0.0255657,0.0
12.114339,0.6300027,0.0
15.100352,0.3083956,0.0
54.82861,0.0061154095,0.0
15.100353,0.3083956,0.0
15.100353,0.3083956,1.0
13.845247,0.6380173,1.0
15.31241,0.2375848,0.0
13.463176,0.40605566,0.0
20.239723,0.09105331,0.0
4.764555,0.65559304,0.0
54.19516,0.006520399,0.0
11.769158,0.8419008,1.0
15.726105,0.12713279,0.0
6.276296,0.672948,1.0
56.846638,0.0052639926,0.0
14.3898735,0.14781368,0.0
17.617737,0.19683439,0.0
8.666429,0.5316751,0.0
16.417099,0.22628689,0.0
9.009153,0.9183568,1.0
20.955463,0.07380906,0.0
6.5229445,0.84433717,1.0
57.801987,0.0049152425,0.0
58.8191,0.2974963,0.0
5.1767216,0.7634458,0.0
53.134254,0.0076522334,0.0
12.406984,0.19249181,0.0
31.857908,0.030829636,0.0
11.904331,0.6237574,0.0
15.529701,0.2660434,0.0
57.801983,0.0049152425,0.0
15.529701,0.26604334,0.0
15.529703,0.26604337,1.0
13.640149,0.67863613,1.0
14.500149,0.2623146,0.0
12.614521,0.4449074,0.0
17.995987,0.118055016,0.0
5.143507,0.5467651,0.0
57.493473,0.005085858,0.0
12.366824,0.85675395,1.0
13.23238,0.17310287,0.0
5.3138003,0.68793267,1.0
60.195084,0.0041290144,0.0
11.191441,0.22067489,0.0
17.902819,0.16903701,0.0
7.0170255,0.56578904,0.0
25.46978,0.08666586,0.0
7.508708,0.87993306,1.0
17.537683,0.096839726,0.0
7.4646425,0.869038,1.0
56.862484,0.005220621,0.0
58.85398,0.27970767,0.0
4.8330584,0.47957978,0.0
59.441143,0.0053025386,0.0
12.28495,0.19783454,0.0
35.2659,0.023688551,0.0
10.109879,0.6892796,0.0
15.194111,0.27988273,0.0
56.862484,0.005220621,0.0
15.194112,0.27988276,0.0
15.194112,0.27988276,1.0
13.612504,0.7108216,1.0
13.419239,0.28913558,0.0
12.047837,0.460182,0.0
35.2659,0.023688551,0.0
4.116245,0.62055945,0.0
56.7456,0.005319252,0.0
20.959993,0.93123037,1.0
14.93869,0.1417714,0.0
5.7615414,0.8034168,1.0
59.29638,0.0043694004,0.0
13.928428,0.15346713,0.0
25.921886,0.09048912,0.0
12.89584,0.28763202,0.0
25.311176,0.10285418,0.0
5.5931306,0.8231959,1.0
13.123089,0.12750468,0.0
5.197006,0.79142267,1.0
57.027306,0.0052371197,0.0
59.451656,0.29934278,0.0
4.85848,0.44357985,0.0
56.364826,0.006435873,0.0
13.738979,0.1409749,0.0
35.977783,0.022734962,0.0
10.721826,0.5137516,0.0
15.215616,0.28722835,0.0
57.027306,0.0052371197,0.0
15.215616,0.2872283,0.0
15.215618,0.28722835,1.0
12.788592,0.5997471,1.0
9.819448,0.45011693,0.0
12.467036,0.39687783,0.0
25.169292,0.05548066,0.0
11.904377,0.293653,0.0
56.802055,0.005384764,0.0
12.319799,0.8399197,1.0
15.534148,0.13220775,0.0
9.279216,0.8853013,1.0
59.195797,0.004466344,0.0
10.5679455,0.23851818,0.0
37.22225,0.03397943,0.0
5.265865,0.3945575,0.0
40.802856,0.027838022,0.0
6.497248,0.87315154,1.0
13.768898,0.109164774,0.0
5.501365,0.8528632,1.0
55.809643,0.0056490395,0.0
59.192333,0.2961606,0.0
5.830033,0.3445142,0.0
55.124863,0.006973658,0.0
12.358848,0.16268137,0.0
36.555664,0.021305738,0.0
8.57204,0.5178857,0.0
7.017948,0.4459531,0.0
55.809643,0.0056490395,0.0
7.017948,0.4459531,0.0
16.07558,0.96007484,1.0
12.239908,0.5505764,1.0
9.588111,0.47042784,0.0
13.217455,0.31837967,0.0
25.336199,0.053317476,0.0
15.412558,0.35385457,0.0
55.271877,0.0059336503,0.0
20.384007,0.9211739,1.0
17.474277,0.103088014,0.0
8.974373,0.88199806,1.0
57.767956,0.0049041905,0.0
21.071215,0.15067884,0.0
37.637516,0.0322186,0.0
12.218873,0.3649216,0.0
41.402714,0.025902871,0.0
5.141147,0.46778047,1.0
17.543135,0.077339955,0.0
4.329068,0.7656513,1.0
55.92212,0.005602702,0.0
28.169155,0.25688922,0.0
6.605967,0.33350286,0.0
55.158573,0.0069298516,0.0
15.402872,0.13336644,0.0
36.689575,0.021241358,0.0
10.645377,0.44243503,0.0
11.792699,0.21255562,0.0
55.922127,0.0056026992,0.0
11.792699,0.21255565,0.0
9.615173,0.89044386,1.0
14.378515,0.45613354,1.0
9.803965,0.442605,0.0
15.693122,0.27523077,0.0
36.689575,0.021241358,0.0
15.863818,0.3399797,0.0
55.344124,0.0059004254,0.0
24.391972,0.947188,1.0
17.55123,0.10648297,0.0
15.372197,0.8770121,1.0
58.07333,0.004802281,0.0
21.756159,0.1376645,0.0
36.466465,0.033377748,0.0
14.19147,0.28788507,0.0
40.71852,0.02613893,0.0
2.809566,0.6051496,1.0
16.645847,0.08248607,0.0
3.6661847,0.6789542,1.0
57.13133,0.0050501344,0.0
28.891375,0.24838258,0.0
6.659255,0.32321632,0.0
55.936554,0.0067027453,0.0
15.1839285,0.13032238,0.0
37.24018,0.02044916,0.0
8.072317,0.47572288,0.0
6.138589,0.590061,0.0
57.13133,0.0050501344,0.0
6.138589,0.590061,0.0
10.448535,0.83457726,1.0
13.73056,0.44674292,1.0
11.283585,0.45583126,0.0
15.088896,0.2794715,0.0
37.24018,0.02044916,0.0
19.784243,0.23378713,0.0
56.325726,0.005413356,0.0
23.556889,0.94077337,1.0
18.265982,0.09909067,0.0
13.031222,0.6061923,1.0
59.689056,0.00421595,0.0
20.483013,0.1442247,0.0
39.682194,0.032493744,0.0
14.322657,0.28276584,0.0
39.68219,0.032493748,0.0
5.248352,0.46022502,1.0
12.062503,0.13398942,0.0
3.8852391,0.73206997,1.0
53.733707,0.006484017,0.0
28.525894,0.24427365,0.0
7.373687,0.30104086,0.0
61.76231,0.004808201,0.0
13.839093,0.13366665,0.0
40.492714,0.016412513,0.0
6.007948,0.6216293,0.0
7.3039975,0.42785546,0.0
53.733715,0.006484017,0.0
7.3039975,0.42785552,0.0
11.046049,0.8717869,1.0
12.197501,0.45361853,1.0
11.572679,0.4198268,0.0
13.546356,0.29944867,0.0
40.49271,0.016412513,0.0
19.500757,0.24372001,0.0
52.774574,0.007046512,0.0
25.462486,0.9557833,1.0
19.890291,0.084951624,0.0
13.407437,0.60003436,1.0
55.753544,0.005620868,0.0
20.287575,0.17032069,0.0
27.173416,0.07016516,0.0
8.151459,0.2681092,0.0
27.173485,0.070164494,0.0
4.435179,0.5195492,1.0
11.4674225,0.15744933,0.0
3.910484,0.7602426,1.0
53.344856,0.0067095906,0.0
28.343182,0.2546154,0.0
6.2090454,0.3474378,0.0
60.88593,0.0049581076,0.0
19.41169,0.06576557,0.0
36.6973,0.021455418,0.0
6.4398613,0.59633124,0.0
7.469346,0.42059126,0.0
53.344856,0.0067095906,0.0
7.469345,0.42059124,0.0
11.220996,0.8638099,1.0
12.489131,0.45353046,1.0
9.740972,0.45720345,0.0
12.61775,0.34470186,0.0
36.697304,0.021455413,0.0
16.94358,0.29880923,0.0
52.3846,0.0072976258,0.0
23.116697,0.94420826,1.0
18.420288,0.09618654,0.0
11.647567,0.9503085,1.0
55.356365,0.0058047576,0.0
19.094372,0.17363493,0.0
23.604069,0.100289896,0.0
8.092782,0.2780767,0.0
23.604109,0.10028929,0.0
8.31079,0.90856045,1.0
8.516464,0.23953983,0.0
5.9621625,0.8728276,1.0
52.455093,0.0072254436,0.0
28.98987,0.24365835,0.0
5.7595634,0.4452641,0.0
56.325687,0.0071523045,0.0
8.652022,0.28400224,0.0
35.745132,0.02509196,0.0
6.661231,0.72631544,0.0
6.4937916,0.6262183,0.0
52.455093,0.0072254436,0.0
6.4937916,0.6262183,0.0
12.508193,0.9263821,1.0
11.1636,0.62713104,1.0
9.879742,0.47676978,0.0
8.8730755,0.46262673,0.0
35.74513,0.025091968,0.0
17.404661,0.2807628,0.0
51.71374,0.007768677,0.0
30.24169,0.9689974,1.0
13.293066,0.12977281,0.0
10.464675,0.938996,1.0
54.453823,0.0062429984,0.0
18.688486,0.1771239,0.0
31.492947,0.06119968,0.0
15.435726,0.248643,0.0
24.814587,0.081343435,0.0
7.546193,0.89842385,1.0
7.677532,0.24971013,0.0
5.2447047,0.8536345,1.0
52.764145,0.007205482,0.0
28.66369,0.24745761,0.0
5.3950825,0.4456115,0.0
44.661594,0.015689187,0.0
8.842333,0.26402292,0.0
30.173895,0.041168686,0.0
5.399254,0.66137534,0.0
6.4050145,0.64576596,0.0
52.764137,0.007205482,0.0
6.4050145,0.64576596,0.0
9.834932,0.8908263,1.0
10.664193,0.5715515,1.0
11.62778,0.45470417,0.0
9.090236,0.40341955,0.0
20.839605,0.094681256,0.0
21.902533,0.18017815,0.0
52.12489,0.007738881,0.0
27.52368,0.9601564,1.0
11.103256,0.16536358,0.0
7.3667283,0.4951893,1.0
55.11768,0.0060169217,0.0
20.362244,0.16770183,0.0
29.071844,0.07356124,0.0
6.240848,0.3251726,0.0
22.497034,0.09895541,0.0
6.9909425,0.89245516,1.0
7.4178257,0.25732875,0.0
5.1990914,0.85353714,1.0
55.634594,0.005725885,0.0
28.613094,0.2587191,0.0
5.433832,0.45395872,0.0
44.37607,0.016663345,0.0
9.970026,0.18541439,0.0
29.877205,0.043889686,0.0
4.8816576,0.54497993,0.0
6.4345007,0.6457251,0.0
55.634594,0.0057258825,0.0
6.4345,0.6457251,0.0
9.636039,0.8847114,1.0
10.4197645,0.4799754,1.0
9.716305,0.47912973,0.0
8.956637,0.37785345,0.0
20.755758,0.10115687,0.0
18.020145,0.23923017,0.0
54.826733,0.00620442,0.0
22.749046,0.93754375,1.0
10.756869,0.17582573,0.0
10.174755,0.89684707,1.0
58.503098,0.004634819,0.0
12.32321,0.16534458,0.0
21.619326,0.1192411,0.0
6.086809,0.33450714,0.0
21.619453,0.11923869,0.0
7.8868012,0.90909946,1.0
8.495505,0.23891689,0.0
5.855258,0.87677467,1.0
54.84953,0.005988488,0.0
59.13319,0.25379565,0.0
4.847274,0.5143924,0.0
41.0578,0.020416996,0.0
9.554347,0.20161293,0.0
28.490631,0.046635706,0.0
4.4848247,0.6169213,0.0
6.2530975,0.6374336,0.0
54.84953,0.005988488,0.0
6.253097,0.6374336,0.0
11.916726,0.9169363,1.0
9.576096,0.55994254,1.0
9.176756,0.54061544,0.0
8.4520855,0.45286947,0.0
19.397676,0.109262794,0.0
18.085442,0.2225115,0.0
53.939644,0.0065483474,0.0
18.848427,0.92201495,1.0
10.164574,0.1854136,0.0
9.783448,0.913659,1.0
57.804836,0.0048095128,0.0
12.5924835,0.16021127,0.0
25.081268,0.08107224,0.0
6.178759,0.32678792,0.0
25.081532,0.08106913,0.0
5.63319,0.8719725,1.0
11.139009,0.16365972,0.0
5.550174,0.8675835,1.0
55.3576,0.005782853,0.0
59.211304,0.26652864,0.0
5.2213826,0.40234512,0.0
47.566154,0.011847202,0.0
13.773575,0.11290492,0.0
32.041462,0.031826444,0.0
4.585878,0.52925926,0.0
6.393508,0.6274375,0.0
55.35759,0.0057828557,0.0
6.393509,0.6274375,0.0
11.743199,0.91154206,1.0
10.054843,0.4705534,1.0
9.164365,0.57685775,0.0
11.059862,0.35447127,0.0
21.546347,0.079874024,0.0
18.599945,0.21552347,0.0
54.645863,0.006227867,0.0
19.523762,0.9253342,1.0
14.767295,0.1467235,0.0
9.976075,0.91939795,1.0
58.18032,0.0046990076,0.0
12.681732,0.16372809,0.0
20.702003,0.12248057,0.0
8.743821,0.21980362,0.0
20.702091,0.1224786,0.0
5.7112794,0.8665689,1.0
10.4917755,0.19073656,0.0
3.327225,0.75979036,1.0
55.86248,0.0056447075,0.0
59.971714,0.29682988,0.0
4.8428297,0.4334358,0.0
42.567387,0.0176026,0.0
9.784307,0.20544133,0.0
29.615202,0.041242648,0.0
5.4132442,0.34238103,0.0
6.60775,0.63548845,0.0
55.86248,0.0056447075,0.0
6.6077504,0.63548845,0.0
11.464765,0.89671314,1.0
9.251363,0.50885606,1.0
9.149279,0.59765077,0.0
8.249018,0.40228108,0.0
29.615196,0.041242655,0.0
18.897406,0.21304336,0.0
55.111633,0.0061242296,0.0
19.403473,0.91363704,1.0
11.8220215,0.16282246,0.0
10.613329,0.93634397,1.0
58.809307,0.004543609,0.0
9.826174,0.23697492,0.0
26.607277,0.092180654,0.0
9.660971,0.19458194,0.0
21.078556,0.11160213,0.0
7.0853558,0.8931235,1.0
6.6511273,0.27439308,0.0
3.6194832,0.79387224,1.0
58.21875,0.0047451635,0.0
59.7418,0.28141055,0.0
4.807916,0.41386646,0.0
43.950325,0.01614819,0.0
7.9393835,0.27785867,0.0
33.810253,0.029103838,0.0
4.2112412,0.6607169,0.0
6.298842,0.61894214,0.0
58.218754,0.0047451635,0.0
6.2988415,0.61894214,0.0
12.684047,0.922409,1.0
8.790324,0.5941065,1.0
9.308736,0.6345272,0.0
7.7493205,0.4096413,0.0
33.81025,0.029103838,0.0
20.429527,0.17859931,0.0
57.32762,0.0051920693,0.0
25.008997,0.9521928,1.0
13.514053,0.13354748,0.0
9.499283,0.903832,1.0
61.55096,0.00373539,0.0
9.492266,0.25132486,0.0
27.168926,0.09589024,0.0
9.916581,0.18794209,0.0
22.368324,0.104106836,0.0
6.8171806,0.8881284,1.0
7.159493,0.25697047,0.0
3.285259,0.7767898,1.0
55.71572,0.0056066858,0.0
59.248158,0.24847943,0.0
5.091191,0.38931498,0.0
42.928196,0.017294876,0.0
7.9409285,0.2863755,0.0
34.222973,0.026897784,0.0
4.4626985,0.6647541,0.0
5.8572655,0.5929062,0.0
55.715717,0.0056066858,0.0
5.8572655,0.59290624,0.0
11.862154,0.922128,1.0
9.200357,0.5993564,1.0
9.330974,0.6100046,0.0
7.7915416,0.4235089,0.0
34.222973,0.026897784,0.0
20.809206,0.17078972,0.0
54.871613,0.0061250045,0.0
23.076113,0.9439449,1.0
13.9916725,0.12344488,0.0
8.250813,0.88495034,1.0
59.04651,0.004406884,0.0
20.420343,0.17592734,0.0
27.966192,0.0925446,0.0
9.948422,0.19531259,0.0
22.787663,0.10058641,0.0
4.5040684,0.8259252,1.0
4.3112984,0.37969214,0.0
2.9815204,0.75797117,1.0
55.39275,0.005838499,0.0
30.03191,0.22557141,0.0
4.747155,0.39538857,0.0
43.639908,0.016249249,0.0
9.6686735,0.2458048,0.0
36.224533,0.02351618,0.0
5.1463385,0.6180895,0.0
5.697652,0.55972356,0.0
55.392754,0.005838499,0.0
5.697652,0.55972356,0.0
11.911949,0.9266071,1.0
12.985881,0.5373669,1.0
9.38076,0.60756576,0.0
7.4058647,0.408158,0.0
36.224533,0.023516186,0.0
20.567583,0.17417775,0.0
54.531452,0.0063925385,0.0
29.87913,0.9646682,1.0
13.052309,0.12650177,0.0
7.7140713,0.86494905,1.0
58.782837,0.0045612073,0.0
22.851606,0.17407379,0.0
26.902462,0.10216811,0.0
9.087545,0.22249047,0.0
21.57652,0.11478922,0.0
4.409354,0.8256513,1.0
5.8968987,0.33854875,0.0
3.0325844,0.761022,1.0
55.034275,0.006028117,0.0
29.8794,0.23032002,0.0
5.0926223,0.38590115,0.0
43.20722,0.01649123,0.0
10.177149,0.1964894,0.0
35.781746,0.024756348,0.0
7.7291174,0.32320458,0.0
5.5489693,0.56025267,0.0
55.034275,0.006028117,0.0
5.5489693,0.56025267,0.0
13.9125595,0.9294348,1.0
13.334785,0.45565104,1.0
9.3531,0.57359546,0.0
7.3681865,0.40788734,0.0
35.781742,0.02475634,0.0
18.959131,0.21024,0.0
54.187904,0.006578213,0.0
26.942284,0.94807976,1.0
12.70955,0.13679008,0.0
8.644676,0.8846599,1.0
58.373863,0.004718732,0.0
22.729185,0.17981069,0.0
26.845694,0.11594999,0.0
8.614687,0.23324026,0.0
22.037895,0.12000889,0.0
6.3996086,0.8818827,1.0
5.904378,0.34618533,0.0
3.1163464,0.7694093,1.0
54.519363,0.006217149,0.0
29.665794,0.22620004,0.0
5.0511904,0.39070413,0.0
43.832985,0.015250756,0.0
9.781894,0.21291184,0.0
36.569496,0.02242435,0.0
7.380336,0.3884963,0.0
5.636562,0.5517918,0.0
54.519363,0.006217149,0.0
5.6365623,0.5517918,0.0
14.176491,0.9285651,1.0
13.525449,0.50762224,1.0
9.337015,0.5738518,0.0
7.8594785,0.43096048,0.0
36.569504,0.02242435,0.0
18.356028,0.2052138,0.0
53.666576,0.00677479,0.0
27.624256,0.95228195,1.0
13.79131,0.12530056,0.0
7.5948095,0.8654036,1.0
57.707367,0.004935594,0.0
23.510714,0.17213584,0.0
19.589787,0.26580122,0.0
9.989302,0.36734146,0.0
13.333954,0.29071644,0.0
8.985605,0.91497463,1.0
6.4364624,0.3382944,0.0
2.9723601,0.62955976,1.0
53.97352,0.006511916,0.0
30.125671,0.20945895,0.0
7.6997943,0.28931606,0.0
48.353794,0.011004921,0.0
7.4097147,0.33862302,0.0
40.826305,0.016010258,0.0
6.2604804,0.45491195,0.0
5.695849,0.5442259,0.0
53.97352,0.006511916,0.0
5.695849,0.5442259,0.0
13.440229,0.9213757,1.0
12.7323675,0.6049919,1.0
9.428936,0.57883865,0.0
6.350838,0.5362177,0.0
40.826305,0.01601025,0.0
8.929626,0.51127195,0.0
53.213585,0.007057664,0.0
28.1026,0.95334214,1.0
15.032331,0.11671035,0.0
7.291354,0.85800743,1.0
57.294758,0.00511079,0.0
23.186161,0.19548036,0.0
19.632797,0.23502499,0.0
8.51437,0.3861532,0.0
20.109455,0.13888615,0.0
5.1817985,0.86365664,1.0
11.515831,0.16459408,0.0
4.93182,0.85641307,1.0
54.167656,0.0063750017,0.0
29.591312,0.21109608,0.0
9.525183,0.20231223,0.0
58.52148,0.0055656214,0.0
11.067903,0.1810235,0.0
47.426617,0.009854332,0.0
12.5161085,0.21629493,0.0
7.371595,0.406538,0.0
54.167656,0.006375005,0.0
7.371594,0.406538,0.0
17.140255,0.96845365,1.0
14.411479,0.5232922,1.0
9.474503,0.57095236,0.0
9.388306,0.53830415,0.0
47.426613,0.009854332,0.0
8.304614,0.52541274,0.0
53.56537,0.0068193027,0.0
31.116764,0.9636129,1.0
19.455917,0.08357407,0.0
6.3340693,0.82296973,1.0
57.6364,0.0049569174,0.0
23.208689,0.18697754,0.0
19.610334,0.24589045,0.0
8.508742,0.41194656,0.0
19.917097,0.14576058,0.0
4.633887,0.83946776,1.0
9.826801,0.21035168,0.0
5.838565,0.8608309,1.0
44.861404,0.011679527,0.0
29.683279,0.2171735,0.0
3.8562417,0.57817996,0.0
49.131695,0.011156621,0.0
11.210333,0.17178522,0.0
41.565613,0.016684078,0.0
10.788842,0.18674211,0.0
9.48536,0.2690221,0.0
52.565132,0.00724366,0.0
6.109432,0.5424419,0.0
13.070277,0.9172016,1.0
14.295842,0.52205443,1.0
9.189449,0.5961349,0.0
9.144953,0.5229186,0.0
41.565613,0.016684078,0.0
8.262841,0.54760873,0.0
51.881474,0.007785102,0.0
29.269514,0.9600462,1.0
7.6485085,0.41225073,0.0
6.9420652,0.84599215,1.0
56.115704,0.0055613294,0.0
22.420563,0.21260998,0.0
19.191154,0.24260136,0.0
6.2319217,0.41477865,0.0
19.476849,0.14415549,0.0
4.594885,0.86070675,1.0
12.786733,0.13443619,0.0
3.958969,0.8332135,1.0
54.91454,0.0061537647,0.0
29.32459,0.2520973,0.0
5.299797,0.36545956,0.0
62.72146,0.0040252875,0.0
10.935705,0.16679361,0.0
48.41031,0.008487615,0.0
12.062752,0.21752992,0.0
7.2232757,0.42994523,0.0
54.914536,0.0061537647,0.0
7.2232757,0.42994514,0.0
22.01617,0.97934383,1.0
13.7084465,0.5022115,1.0
9.007198,0.5693198,0.0
9.238886,0.5171421,0.0
48.410316,0.008487615,0.0
7.6579323,0.5420009,0.0
54.58696,0.006403891,0.0
32.03125,0.968511,1.0
17.7223,0.09224923,0.0
4.713646,0.81724143,1.0
58.301224,0.0047899703,0.0
22.24046,0.20234053,0.0
26.337412,0.11869319,0.0
7.9779086,0.23557276,0.0
21.318329,0.12934205,0.0
2.7639256,0.6756274,1.0
7.9068604,0.22746907,0.0
3.3577487,0.8086525,1.0
52.261406,0.007458024,0.0
29.33478,0.2506059,0.0
6.2939353,0.30220938,0.0
56.746193,0.00638938,0.0
9.800708,0.18261984,0.0
42.793545,0.013045565,0.0
10.876547,0.2363784,0.0
7.0387774,0.46315554,0.0
52.261406,0.007458021,0.0
7.0387774,0.46315554,0.0
22.805202,0.9815191,1.0
13.397678,0.42204684,1.0
9.058748,0.607935,0.0
8.763258,0.3961859,0.0
46.491703,0.01081652,0.0
18.066906,0.18164316,0.0
51.568844,0.008074753,0.0
31.60955,0.9685715,1.0
18.920088,0.08098444,0.0
5.73726,0.8400533,1.0
55.825935,0.0056880317,0.0
22.57418,0.1989052,0.0
26.355587,0.11614733,0.0
8.440525,0.21628733,0.0
20.97659,0.1312965,0.0
2.961312,0.64715266,1.0
6.2169166,0.34736702,0.0
5.2515492,0.8643842,1.0
49.076603,0.009483231,0.0
29.782455,0.247646,0.0
12.034264,0.13212505,0.0
58.952103,0.00547373,0.0
9.700575,0.20498723,0.0
43.532417,0.01236608,0.0
11.127306,0.23534566,0.0
7.175474,0.43393475,0.0
49.07661,0.009483223,0.0
7.175476,0.4339348,0.0
19.409967,0.97528934,1.0
13.531016,0.42573744,1.0
8.73864,0.6085489,0.0
8.559186,0.40979618,0.0
47.8992,0.009851428,0.0
18.605656,0.16937338,0.0
48.112427,0.010569616,0.0
31.071209,0.9669759,1.0
17.496498,0.09384033,0.0
6.6182265,0.8347716,1.0
52.304928,0.007394918,0.0
22.10354,0.20297411,0.0
28.588924,0.11880021,0.0
6.017731,0.33111373,0.0
16.659153,0.18260415,0.0
2.8470645,0.7519727,1.0
4.220254,0.48668703,0.0
5.9237795,0.88549906,1.0
45.81857,0.010917614,0.0
29.390404,0.267134,0.0
11.686205,0.14031145,0.0
64.124344,0.0040287813,0.0
8.312883,0.23895623,0.0
44.45339,0.011754384,0.0
9.62541,0.2487261,0.0
13.830501,0.17744908,0.0
45.818558,0.010917614,0.0
9.627734,0.34581622,0.0
17.40711,0.9678677,1.0
12.594441,0.43774578,1.0
8.891903,0.6258821,0.0
6.666569,0.4381038,0.0
33.049297,0.02743523,0.0
18.25556,0.17758702,0.0
48.60629,0.010224977,0.0
31.631824,0.96985215,1.0
16.894684,0.09896416,0.0
7.7276545,0.8688233,1.0
29.032778,0.03286903,0.0
22.035913,0.19385487,0.0
27.722187,0.12826243,0.0
7.758929,0.24217238,0.0
16.990349,0.18462604,0.0
3.2066014,0.7801741,1.0
4.4054933,0.41071793,0.0
3.3075328,0.7819689,1.0
47.297764,0.009806098,0.0
29.491398,0.26909643,0.0
7.767432,0.2104016,0.0
62.713013,0.00431502,0.0
8.637208,0.21805921,0.0
40.796673,0.014767527,0.0
7.4161654,0.25625446,0.0
10.451359,0.2588429,0.0
47.297752,0.009806103,0.0
7.581206,0.45147258,0.0
14.313501,0.93354243,1.0
12.059544,0.4288538,1.0
8.551975,0.59721076,0.0
6.870432,0.38148472,0.0
46.630955,0.010542458,0.0
17.365273,0.19396964,0.0
49.914505,0.0092711095,0.0
28.50894,0.96317697,1.0
19.470945,0.07504207,0.0
7.051715,0.86626375,1.0
23.747345,0.05156002,0.0
22.112339,0.20714247,0.0
27.997723,0.12496502,0.0
7.461235,0.257924,0.0
17.193825,0.17991644,0.0
4.3129344,0.81577146,1.0
4.513469,0.42653263,0.0
5.368867,0.80844104,1.0
33.334377,0.020927869,0.0
29.634848,0.265652,0.0
4.042725,0.52309024,0.0
57.77882,0.0060851136,0.0
8.377865,0.23268123,0.0
41.929886,0.015101424,0.0
10.253183,0.27140287,0.0
10.961897,0.25703502,0.0
7.2651196,0.40794852,0.0
10.961893,0.25703508,0.0
10.280149,0.9126494,1.0
12.682546,0.44491437,1.0
8.491692,0.60372716,0.0
6.733986,0.44459257,0.0
41.929886,0.015101432,0.0
16.626583,0.21770132,0.0
42.06724,0.013036763,0.0
31.950539,0.9704239,1.0
11.246562,0.22200397,0.0
7.680195,0.8880984,1.0
31.358139,0.022207476,0.0
19.649414,0.22265573,0.0
25.6969,0.11915972,0.0
8.497599,0.22923347,0.0
20.208324,0.14280097,0.0
3.858869,0.7468365,1.0
6.5253444,0.33206168,0.0
2.8590684,0.6183815,1.0
28.582865,0.030051846,0.0
29.280853,0.2997703,0.0
10.526726,0.1573893,0.0
57.21012,0.0059247916,0.0
9.174719,0.26144215,0.0
38.090725,0.017725222,0.0
8.561369,0.32255042,0.0
12.929428,0.18440862,0.0
8.063141,0.3684334,0.0
9.018854,0.34688306,0.0
10.824941,0.8790416,1.0
12.923175,0.517202,1.0
8.899848,0.6234234,0.0
8.071767,0.4182242,0.0
43.88454,0.0124794,0.0
18.341288,0.19019169,0.0
44.01533,0.010900482,0.0
33.890285,0.97671515,1.0
22.501482,0.057101283,0.0
7.7020855,0.8827298,1.0
24.32807,0.0451501,0.0
19.792782,0.23217358,0.0
23.609924,0.14969838,0.0
15.26223,0.24405995,0.0
18.841867,0.17363656,0.0
7.8928356,0.9016576,1.0
5.7420845,0.38050312,0.0
2.7344608,0.6444499,1.0
31.89069,0.02405178,0.0
29.47195,0.3350635,0.0
6.804579,0.2906621,0.0
52.275055,0.007896825,0.0
8.564672,0.34347147,0.0
35.691265,0.02157701,0.0
9.429054,0.52833354,0.0
22.277168,0.06519943,0.0
8.055334,0.3386927,0.0
12.843933,0.2034791,0.0
9.478736,0.9019891,1.0
12.5995655,0.54766774,1.0
11.169794,0.5406242,0.0
7.4474497,0.46159625,0.0
35.69126,0.02157701,0.0
22.342245,0.15906353,0.0
43.16344,0.0113556795,0.0
30.886793,0.9663113,1.0
9.142849,0.17094892,0.0
5.2268243,0.74983895,1.0
30.016375,0.02588215,0.0
22.41338,0.20205614,0.0
29.16172,0.11254756,0.0
7.735276,0.26142654,0.0
17.833525,0.17211588,0.0
2.4103675,0.7028071,1.0
4.0654054,0.45358363,0.0
5.3187814,0.81902874,1.0
31.235275,0.029048841,0.0
30.18791,0.3225038,0.0
3.323783,0.6084973,0.0
58.697914,0.0057005156,0.0
14.0873,0.16625445,0.0
42.583336,0.01408684,0.0
11.133356,0.25742015,0.0
26.055555,0.049783405,0.0
10.061286,0.4383634,0.0
22.477116,0.07076758,0.0
10.205138,0.89206254,1.0
13.923829,0.4062676,1.0
8.908186,0.59983456,0.0
7.4827523,0.42827645,0.0
25.767218,0.04940258,0.0
17.470934,0.20545605,0.0
39.304985,0.016085282,0.0
30.174957,0.9650645,1.0
12.617743,0.19953206,0.0
7.1509805,0.8713315,1.0
27.365782,0.040740892,0.0
23.852077,0.15572254,0.0
32.982956,0.09322058,0.0
6.0307674,0.3817396,0.0
23.900997,0.14395656,0.0
2.303684,0.6769425,1.0
2.1900513,0.62046045,0.0
2.425912,0.65599096,1.0
31.37026,0.028076122,0.0
30.257095,0.3189447,0.0
5.229156,0.31232804,0.0
54.037,0.006965989,0.0
7.273552,0.31059012,0.0
36.89638,0.019353734,0.0
8.445116,0.34484416,0.0
26.279444,0.047901236,0.0
9.952009,0.43141165,0.0
22.649975,0.06828074,0.0
10.840408,0.91017884,1.0
13.190412,0.39315733,1.0
10.856932,0.7082477,0.0
7.30384,0.37615827,0.0
24.908962,0.049787953,0.0
17.189663,0.21010245,0.0
39.11766,0.016177261,0.0
23.80288,0.9441089,1.0
14.468138,0.120066136,0.0
7.2083673,0.8611112,1.0
27.221014,0.040854517,0.0
21.499065,0.16431011,0.0
32.16265,0.10740588,0.0
12.091707,0.47331068,0.0
25.162476,0.12727794,0.0
1.7452819,0.5689131,1.0
3.578701,0.36059624,0.0
1.6886287,0.55030507,1.0
29.714937,0.02948241,0.0
28.99804,0.38371107,0.0
5.414603,0.29955012,0.0
62.132866,0.004348249,0.0
10.924872,0.22268817,0.0
40.11589,0.0149339,0.0
8.85093,0.21882045,0.0
17.764933,0.104069196,0.0
9.058733,0.4654568,0.0
17.764933,0.104069196,0.0
12.080352,0.9029499,1.0
13.895621,0.39773032,1.0
11.263233,0.740785,0.0
8.1328945,0.3113505,0.0
26.5777,0.041492064,0.0
18.070457,0.19328816,0.0
40.011955,0.014861672,0.0
26.74755,0.96031785,1.0
26.577696,0.041492075,0.0
9.985427,0.73622495,1.0
24.080606,0.05187141,0.0
20.341396,0.23136316,0.0
29.588377,0.08925396,0.0
12.20574,0.39339054,0.0
29.588377,0.08925396,0.0
5.946206,0.879106,1.0
10.122797,0.14338279,0.0
1.8836211,0.6018548,1.0
41.62215,0.013248268,0.0
28.986448,0.37521404,0.0
4.757107,0.32837656,0.0
58.175903,0.0056032147,0.0
8.743791,0.20589478,0.0
38.67667,0.016899744,0.0
9.323846,0.21944302,0.0
11.596608,0.23090704,0.0
11.630649,0.27973023,0.0
11.596608,0.23090701,0.0
14.321034,0.92567647,1.0
14.09158,0.35262415,1.0
9.1027,0.61102223,0.0
9.0717745,0.3574712,0.0
26.73918,0.0424457,0.0
17.135864,0.21794921,0.0
45.46091,0.010762182,0.0
28.118433,0.9641595,1.0
26.73918,0.042445693,0.0
9.589797,0.7187669,1.0
23.190693,0.049398918,0.0
20.981617,0.22160813,0.0
30.66177,0.08134203,0.0
12.191148,0.3972203,0.0
30.66177,0.08134205,0.0
8.035452,0.90587586,1.0
12.938125,0.10583391,0.0
2.1785755,0.6162112,1.0
42.49121,0.0124751525,0.0
29.448875,0.35896933,0.0
7.446048,0.24124134,0.0
58.784504,0.0055064373,0.0
8.713442,0.22658938,0.0
39.00823,0.016736548,0.0
9.773319,0.23936407,0.0
11.27257,0.2480502,0.0
12.197831,0.26230097,0.0
11.272568,0.2480502,0.0
13.494109,0.914441,1.0
14.527644,0.37219214,1.0
9.002242,0.59152895,0.0
9.683434,0.3869449,0.0
27.40979,0.040663283,0.0
17.045835,0.2260495,0.0
46.65291,0.00979681,0.0
27.852753,0.96091837,1.0
27.40979,0.040663276,0.0
9.634804,0.7341474,1.0
23.055708,0.05089606,0.0
20.831932,0.23498854,0.0
29.651943,0.08980499,0.0
12.222185,0.4083223,0.0
29.651936,0.08980503,0.0
3.619612,0.769541,1.0
5.863934,0.24244593,0.0
2.4898913,0.72102505,1.0
31.919777,0.024309898,0.0
29.337374,0.38520396,0.0
4.9877987,0.31117702,0.0
63.995556,0.003919268,0.0
7.6368885,0.26487938,0.0
41.41481,0.01341588,0.0
11.067715,0.24191529,0.0
17.1388,0.131865,0.0
10.32727,0.35059384,0.0
17.1388,0.13186501,0.0
14.765837,0.9461551,1.0
14.149967,0.40899283,1.0
9.378723,0.5709942,0.0
8.095275,0.3838209,0.0
27.83635,0.036438603,0.0
16.983543,0.22991107,0.0
43.692142,0.011401107,0.0
30.511618,0.9663354,1.0
27.836351,0.036438588,0.0
9.598525,0.7339531,1.0
26.716013,0.03842853,0.0
21.325378,0.21205305,0.0
17.349174,0.22683555,0.0
16.45924,0.24718155,0.0
16.726824,0.16972628,0.0
4.4731965,0.79778343,1.0
6.840252,0.2781036,0.0
3.014704,0.7455977,1.0
35.515724,0.019251222,0.0
29.315746,0.40944517,0.0
3.9974604,0.35656866,0.0
64.73625,0.0037399677,0.0
7.5407557,0.2690182,0.0
32.830166,0.025263395,0.0
11.549215,0.21914047,0.0
22.063526,0.0709732,0.0
9.892212,0.3492276,0.0
22.063528,0.0709732,0.0
10.381788,0.8992458,1.0
13.074603,0.5393226,1.0
15.698408,0.34600577,0.0
6.9327536,0.52731234,0.0
27.202929,0.03839561,0.0
12.315855,0.27812546,0.0
43.708397,0.011400768,0.0
16.51726,0.8330355,1.0
27.202927,0.03839562,0.0
10.547393,0.24675761,1.0
28.3144,0.036490306,0.0
23.010647,0.16304427,0.0
19.44368,0.19565256,0.0
18.928377,0.27348408,0.0
18.143795,0.15334351,0.0
4.0012827,0.8015355,1.0
6.4221096,0.29627383,0.0
1.7956706,0.5908149,1.0
28.74477,0.038129006,0.0
29.234821,0.37412637,0.0
2.6294816,0.4968682,0.0
62.52049,0.0043693837,0.0
6.806855,0.2826323,0.0
32.96507,0.02688756,0.0
12.82644,0.2222846,0.0
15.753948,0.15143207,0.0
10.534012,0.32960638,0.0
15.753949,0.15143205,0.0
17.1668,0.9615526,1.0
14.363084,0.5764419,1.0
15.77885,0.35898918,0.0
7.4799986,0.54453456,0.0
16.98839,0.11255656,0.0
14.344801,0.22965778,0.0
32.453144,0.024874816,0.0
10.5839205,0.6884227,1.0
14.426417,0.16053045,0.0
8.781084,0.33570197,1.0
27.90586,0.033852447,0.0
21.7345,0.20679212,0.0
21.678238,0.19925329,0.0
19.379412,0.25189838,0.0
13.92489,0.25536755,0.0
6.4748845,0.8867668,1.0
3.9924097,0.40171307,0.0
2.2161164,0.7358462,1.0
29.600863,0.034877237,0.0
29.151863,0.38293684,0.0
2.774087,0.46808773,0.0
66.93096,0.0034547937,0.0
6.7059655,0.3329859,0.0
35.355286,0.022369655,0.0
10.358355,0.25347534,0.0
15.539307,0.15400659,0.0
10.804276,0.3180759,0.0
15.539309,0.15400656,0.0
17.195574,0.96153915,1.0
13.577881,0.6179297,1.0
16.023628,0.35695377,0.0
6.2192364,0.4849577,0.0
18.169031,0.10036249,0.0
14.763451,0.25670162,0.0
35.270897,0.019414846,0.0
15.997211,0.8190766,1.0
15.315832,0.14567749,0.0
9.303529,0.31458285,1.0
28.164927,0.032693766,0.0
22.358118,0.166727,0.0
21.049404,0.20485002,0.0
18.64127,0.3071022,0.0
13.738724,0.2509345,0.0
4.793538,0.8480629,1.0
3.841109,0.4277079,0.0
2.1324782,0.65732366,1.0
26.574741,0.04873752,0.0
29.40325,0.40871236,0.0
2.6245418,0.6000974,0.0
67.563965,0.0036314689,0.0
5.704543,0.2932217,0.0
35.62067,0.023378422,0.0
8.347263,0.22589102,0.0
15.809917,0.13087319,0.0
8.492985,0.4872547,0.0
15.8099165,0.13087319,0.0
14.273631,0.9299546,1.0
12.974926,0.6076053,1.0
16.471523,0.343834,0.0
5.9284463,0.44350204,0.0
27.363964,0.04318485,0.0
14.430012,0.25868306,0.0
34.967705,0.019792696,0.0
9.196453,0.68836457,1.0
13.012532,0.19501114,0.0
9.97168,0.29228702,1.0
24.754398,0.049599834,0.0
22.491825,0.184636,0.0
21.124557,0.19706024,0.0
19.415426,0.25032175,0.0
13.185404,0.26541525,0.0
9.254871,0.92843354,1.0
5.8572626,0.33918276,0.0
3.4627717,0.75612634,1.0
22.445042,0.06113449,0.0
29.910965,0.36629984,0.0
3.0882297,0.637147,0.0
62.293728,0.0052658753,0.0
6.290119,0.3700256,0.0
33.985878,0.02796233,0.0
7.4485703,0.38365707,0.0
20.798569,0.0782335,0.0
8.911112,0.44585785,0.0
15.935438,0.13529406,0.0
10.849112,0.9096614,1.0
12.492029,0.62193704,1.0
16.074202,0.36062506,0.0
5.7871466,0.49814308,0.0
22.326506,0.07174821,0.0
14.66647,0.24794397,0.0
20.742517,0.08843809,0.0
15.467205,0.7984432,1.0
7.829057,0.3304433,0.0
17.004652,0.1193358,1.0
28.251022,0.037069637,0.0
21.91608,0.19997145,0.0
20.938335,0.1958462,0.0
19.125868,0.24267171,0.0
14.098028,0.22692282,0.0
6.238009,0.8754265,1.0
4.792597,0.35472348,0.0
4.7214513,0.7887869,1.0
32.76981,0.024564791,0.0
29.831326,0.40752307,0.0
5.157598,0.3185111,0.0
73.195625,0.0025140522,0.0
6.7987165,0.3212472,0.0
38.683468,0.018111737,0.0
10.043024,0.2484493,0.0
19.186192,0.10144631,0.0
10.202852,0.4280115,0.0
14.920827,0.17313108,0.0
11.124649,0.9048957,1.0
12.994732,0.58158815,1.0
15.558719,0.36919293,0.0
6.2274895,0.49106672,0.0
19.56486,0.09305843,0.0
14.7647295,0.24541022,0.0
39.915497,0.016186872,0.0
15.023855,0.7907867,1.0
19.564861,0.09305843,0.0
9.611318,0.3264626,1.0
26.834103,0.04391741,0.0
22.619293,0.19255555,0.0
22.897726,0.17942435,0.0
20.976738,0.24240446,0.0
14.375464,0.23755248,0.0
6.7728415,0.88318115,1.0
4.4341207,0.37427408,0.0
5.59653,0.8190071,1.0
20.312641,0.08066279,0.0
30.147264,0.37368464,0.0
5.532909,0.3164376,0.0
74.82431,0.002309718,0.0
6.930975,0.33620936,0.0
37.23393,0.020275472,0.0
10.414445,0.25696656,0.0
19.477987,0.09858015,0.0
9.234122,0.51487476,0.0
15.090768,0.17063114,0.0
11.2539215,0.9071801,1.0
13.920155,0.60120106,1.0
15.401207,0.381507,0.0
6.477597,0.5197708,0.0
18.763706,0.10485873,0.0
16.00179,0.22717778,0.0
30.421574,0.028063498,0.0
15.588647,0.78778434,1.0
15.407335,0.15838419,0.0
8.859063,0.3842928,1.0
26.34068,0.047151636,0.0
20.694414,0.22504014,0.0
24.259493,0.16138117,0.0
23.36271,0.19969255,0.0
15.422062,0.20588236,0.0
6.162913,0.8717409,1.0
4.0259047,0.4145931,0.0
4.3293753,0.7698109,1.0
19.093124,0.08835554,0.0
29.492962,0.3922651,0.0
5.111321,0.31692183,0.0
75.311104,0.0022670794,0.0
6.937771,0.34210294,0.0
38.254242,0.018970847,0.0
9.350605,0.29134604,0.0
16.418652,0.14250194,0.0
8.443674,0.5098533,0.0
12.421839,0.21134023,0.0
8.663776,0.8756195,1.0
14.270639,0.6148366,1.0
17.47725,0.31171542,0.0
6.447257,0.5353084,0.0
18.574486,0.1033608,0.0
17.189949,0.19865595,0.0
37.024654,0.015800511,0.0
25.84879,0.9300265,1.0
16.681072,0.13727443,0.0
9.391038,0.36973792,1.0
24.731197,0.054761928,0.0
21.480145,0.2446883,0.0
24.082354,0.16692813,0.0
22.381176,0.25443497,0.0
15.902649,0.19589387,0.0
4.8968983,0.8371193,1.0
4.3144,0.3908679,0.0
4.3067245,0.7667352,1.0
20.43793,0.08184145,0.0
29.118534,0.41181076,0.0
6.352369,0.25892666,0.0
75.037544,0.0022279317,0.0
5.0341887,0.36514655,0.0
39.27335,0.017169803,0.0
9.6557865,0.27037096,0.0
17.928463,0.10831987,0.0
8.996528,0.5208443,0.0
10.086039,0.17268878,0.0
9.951894,0.9002709,1.0
12.885128,0.63043165,1.0
17.043783,0.32754692,0.0
6.376884,0.52701277,0.0
19.917156,0.08924598,0.0
17.264166,0.20951289,0.0
37.898155,0.014765202,0.0
17.127455,0.9105558,1.0
17.537287,0.123756155,0.0
9.638526,0.33919454,1.0
25.709042,0.051412534,0.0
21.088345,0.25843045,0.0
22.203547,0.16440558,0.0
23.704,0.22296906,0.0
20.133015,0.13179192,0.0
3.897957,0.79079205,1.0
7.1556115,0.27763954,0.0
4.59986,0.80941063,1.0
35.055164,0.020707108,0.0
29.12444,0.4441786,0.0
4.130273,0.38796407,0.0
62.393375,0.0044785775,0.0
6.2865567,0.39133775,0.0
31.41883,0.031536948,0.0
11.303901,0.26144668,0.0
15.561071,0.13983124,0.0
45.816475,0.010791829,0.0
9.552748,0.19022603,0.0
12.675324,0.9390295,1.0
13.692194,0.6094781,1.0
18.03571,0.29478624,0.0
9.107434,0.60380566,0.0
15.806871,0.13944092,0.0
17.118736,0.19053252,0.0
47.68585,0.010408766,0.0
16.9904,0.9107577,1.0
15.8068695,0.13944095,0.0
7.3876543,0.4865055,1.0
29.97109,0.03249862,0.0
21.73101,0.19642232,0.0
22.567797,0.16073541,0.0
23.658817,0.22813153,0.0
20.461193,0.12859316,0.0
3.0558298,0.7336643,1.0
8.687194,0.23226662,0.0
13.074095,0.9424826,1.0
28.996046,0.03354657,0.0
29.760746,0.41221678,0.0
5.5223994,0.3781109,0.0
69.868866,0.0030013423,0.0
5.002448,0.39477876,0.0
36.18154,0.021627633,0.0
11.685481,0.24894671,0.0
12.315119,0.20104347,0.0
45.621136,0.011005933,0.0
8.47196,0.23562944,0.0
22.461702,0.97792757,1.0
15.162866,0.5790733,1.0
17.709808,0.3163732,0.0
9.319342,0.55252266,0.0
17.640587,0.11209917,0.0
17.614466,0.18482631,0.0
47.30201,0.010675582,0.0
15.764486,0.8844919,1.0
19.787216,0.094586164,0.0
8.257526,0.40132326,1.0
25.232157,0.049384568,0.0
21.044188,0.22665705,0.0
23.350317,0.15190391,0.0
25.738186,0.17407763,0.0
21.14964,0.121466376,0.0
3.2038767,0.7503469,1.0
9.057503,0.21555142,0.0
12.471007,0.93750906,1.0
17.48996,0.13239942,0.0
30.158836,0.39146876,0.0
6.528034,0.3127247,0.0
74.92793,0.0023680946,0.0
6.301195,0.37302482,0.0
26.126385,0.055185124,0.0
11.057596,0.27086857,0.0
16.254604,0.120679334,0.0
28.45598,0.045646273,0.0
9.2295065,0.19560769,0.0
23.520222,0.98006713,1.0
15.362585,0.57376343,1.0
18.18237,0.30811214,0.0
9.579901,0.55779,0.0
16.093445,0.13540673,0.0
18.317394,0.16881488,0.0
40.345432,0.013766849,0.0
21.305046,0.88632876,1.0
13.54173,0.19514957,0.0
16.087772,0.1323143,1.0
24.981178,0.050355468,0.0
20.961958,0.23330276,0.0
22.304592,0.16404602,0.0
23.891127,0.19269371,0.0
20.301815,0.1287653,0.0
3.0501468,0.74508226,1.0
9.565759,0.20254311,0.0
10.756747,0.9150189,1.0
29.14008,0.0397282,0.0
30.46064,0.41712278,0.0
7.2494373,0.28214374,0.0
74.884026,0.0022757829,0.0
6.0308595,0.3703529,0.0
37.656216,0.018963324,0.0
10.959785,0.27387518,0.0
19.941223,0.079049714,0.0
30.77851,0.0314512,0.0
10.934837,0.14779618,0.0
19.45557,0.9707817,1.0
14.880045,0.5801749,1.0
17.06476,0.34708694,0.0
9.093573,0.5730565,0.0
16.992552,0.11905661,0.0
17.705326,0.1745734,0.0
44.070694,0.014036122,0.0
21.705658,0.89297426,1.0
21.694628,0.07745283,0.0
17.239819,0.10903041,1.0
26.264374,0.04848872,0.0
20.75859,0.2454035,0.0
22.592762,0.16150677,0.0
23.690634,0.20145932,0.0
20.56065,0.12982632,0.0
3.2844312,0.74310786,1.0
10.639141,0.16145162,0.0
10.930712,0.91522557,1.0
29.907352,0.03712746,0.0
30.454214,0.423799,0.0
5.943892,0.3927649,0.0
70.22881,0.003042499,0.0
6.364885,0.36735436,0.0
36.26217,0.021813193,0.0
11.0284395,0.27522644,0.0
20.783646,0.07212352,0.0
31.543736,0.029388255,0.0
11.359166,0.13827914,0.0
17.650082,0.96535903,1.0
15.008781,0.5883725,1.0
16.903131,0.3588146,0.0
9.5015,0.5847852,0.0
18.32382,0.1086352,0.0
17.905859,0.17480078,0.0
44.71013,0.013320685,0.0
21.650421,0.892702,1.0
18.323818,0.108635224,0.0
8.124556,0.3811074,1.0
27.238482,0.04415234,0.0
14.979564,0.19167939,0.0
22.49452,0.16238177,0.0
23.145658,0.2031324,0.0
19.967548,0.13396019,0.0
2.825417,0.7167495,1.0
7.46007,0.26269424,0.0
7.400942,0.90184766,1.0
18.324127,0.12138579,0.0
64.0345,0.45598096,0.0
4.1425977,0.41255248,0.0
73.90934,0.002508689,0.0
5.9328036,0.3556069,0.0
37.14824,0.02062657,0.0
10.857492,0.20372464,0.0
17.918968,0.097623445,0.0
28.94084,0.043954056,0.0
9.710558,0.1769035,0.0
19.386562,0.9736057,1.0
13.740932,0.5476129,1.0
16.86189,0.36595583,0.0
9.494674,0.57326275,0.0
16.227924,0.13945396,0.0
17.537483,0.17302445,0.0
35.04533,0.021123985,0.0
18.237747,0.833643,1.0
15.185013,0.16651535,0.0
18.086285,0.10437397,1.0
26.461863,0.04346999,0.0
14.979817,0.19016698,0.0
30.488201,0.08122696,0.0
15.962015,0.31098294,0.0
24.706844,0.094603114,0.0
2.7985725,0.74127,1.0
11.40827,0.1391263,0.0
5.6292734,0.8795753,1.0
16.277546,0.14786579,0.0
64.356064,0.47209314,0.0
4.6805105,0.49962953,0.0
73.470024,0.0025130755,0.0
5.8569307,0.33344266,0.0
34.620445,0.023192769,0.0
10.602436,0.2041902,0.0
14.676273,0.16598003,0.0
29.54143,0.041544046,0.0
12.881097,0.20101476,0.0
16.787346,0.966778,1.0
13.206152,0.48883832,1.0
16.791813,0.36396655,0.0
9.007707,0.46459913,0.0
22.773516,0.06025584,0.0
23.968727,0.14250207,0.0
35.527687,0.020587377,0.0
22.354229,0.87492734,1.0
21.997751,0.06681626,0.0
24.019043,0.051918965,1.0
22.495064,0.0631335,0.0
15.930613,0.15146838,0.0
29.754906,0.086158454,0.0
14.76493,0.3675438,0.0
24.367418,0.09954005,0.0
3.1957712,0.75659704,1.0
8.971452,0.18738371,0.0
9.838677,0.9339971,1.0
18.297022,0.12512012,0.0
64.46406,0.46745703,0.0
4.310334,0.51203805,0.0
63.413,0.0042623472,0.0
4.407133,0.37278065,0.0
34.423832,0.024229504,0.0
11.120886,0.19801854,0.0
17.692577,0.102220245,0.0
29.642479,0.04173354,0.0
8.090539,0.2537438,0.0
22.818626,0.9795435,1.0
13.073889,0.5080614,1.0
17.014036,0.3611202,0.0
8.789906,0.44606504,0.0
17.4202,0.113083705,0.0
24.274824,0.13490605,0.0
34.475918,0.021972654,0.0
13.040093,0.8605507,1.0
14.914827,0.15637785,0.0
9.471879,0.2968604,1.0
25.395216,0.05021385,0.0
15.498679,0.15070994,0.0
21.212795,0.14345643,0.0
15.61432,0.3284377,0.0
21.212795,0.14345641,0.0
3.9712894,0.7860281,1.0
9.250877,0.22024915,0.0
14.272346,0.9498399,1.0
16.892643,0.15627217,0.0
64.88199,0.47820073,0.0
5.4343014,0.40454718,0.0
70.760765,0.0029078436,0.0
4.4637284,0.44565564,0.0
35.1245,0.023455616,0.0
10.727007,0.23771153,0.0
14.827992,0.15356688,0.0
27.368969,0.058044367,0.0
7.868866,0.27684283,0.0
26.482286,0.9840873,1.0
12.503191,0.54389507,1.0
17.454653,0.35482675,0.0
8.546345,0.5113165,0.0
15.327438,0.15143776,0.0
25.960691,0.11637287,0.0
41.787533,0.012649533,0.0
15.199208,0.8859604,1.0
15.901781,0.15651482,0.0
18.100666,0.09819794,1.0
15.862698,0.14563279,0.0
15.645505,0.1519021,0.0
21.242498,0.14463472,0.0
15.99374,0.30760762,0.0
21.242498,0.14463471,0.0
3.9794333,0.7969357,1.0
8.965739,0.21887487,0.0
10.459701,0.939068,1.0
16.665665,0.15202633,0.0
65.59417,0.5128242,0.0
4.2182713,0.53167045,0.0
69.89406,0.0030913712,0.0
4.1371875,0.40943035,0.0
38.200607,0.018871829,0.0
10.671048,0.21127917,0.0
16.294786,0.12498878,0.0
28.067926,0.0494034,0.0
7.877569,0.27868727,0.0
25.471247,0.9834389,1.0
12.518944,0.5336241,1.0
17.195198,0.36704203,0.0
8.632387,0.4932971,0.0
15.969861,0.13888717,0.0
26.934986,0.10530206,0.0
37.767277,0.01708374,0.0
13.149841,0.8660936,1.0
15.220282,0.1698876,0.0
22.107355,0.06432144,1.0
23.218815,0.06423534,0.0
15.549685,0.15274806,0.0
31.877508,0.10078665,0.0
16.504196,0.27639765,0.0
19.388283,0.1532545,0.0
3.1177487,0.7878096,1.0
6.40355,0.22913514,0.0
4.608554,0.69341725,1.0
17.716286,0.13556758,0.0
64.663315,0.42998186,0.0
6.9014835,0.33350152,0.0
73.49935,0.0025360738,0.0
4.0304503,0.363904,0.0
35.2891,0.022346761,0.0
9.069234,0.2618244,0.0
20.264866,0.08429751,0.0
9.1080265,0.56351376,0.0
10.64207,0.19429554,0.0
19.351809,0.9670475,1.0
12.559761,0.5357818,1.0
17.358206,0.35755903,0.0
6.8884554,0.42226854,0.0
29.451298,0.03400162,0.0
28.516903,0.08960924,0.0
32.860695,0.024404299,0.0
14.580744,0.87786686,1.0
24.945393,0.051789757,0.0
11.165099,0.23845054,1.0
21.396753,0.07934836,0.0
11.527652,0.22490487,0.0
22.992496,0.20134035,0.0
21.512062,0.29709053,0.0
15.814001,0.21863462,0.0
3.5672112,0.8043094,1.0
7.297639,0.19950835,0.0
4.4075527,0.64389384,1.0
28.65358,0.04169859,0.0
64.862335,0.43978307,0.0
6.3252215,0.37337765,0.0
66.88787,0.0036288593,0.0
4.27075,0.37298542,0.0
34.584076,0.023049071,0.0
9.076394,0.29372352,0.0
22.198996,0.06136597,0.0
10.031048,0.38422087,0.0
8.65451,0.23498894,0.0
16.107937,0.95630044,1.0
13.6748905,0.64915204,1.0
17.793982,0.35155395,0.0
6.8345394,0.44020602,0.0
25.55021,0.047223832,0.0
17.757845,0.21253829,0.0
42.038776,0.01579071,0.0
16.359911,0.89961785,1.0
28.752836,0.035753552,0.0
23.867817,0.05189204,1.0
25.892649,0.04835591,0.0
11.686477,0.21918409,0.0
22.778584,0.19568267,0.0
20.832806,0.3014491,0.0
16.365465,0.19708744,0.0
5.285117,0.861387,1.0
5.9902744,0.25224084,0.0
10.353633,0.9036577,1.0
10.055165,0.44002917,0.0
65.389435,0.45200622,0.0
4.646925,0.5735994,0.0
61.532677,0.005214409,0.0
4.2666106,0.37425673,0.0
33.556797,0.028450925,0.0
9.107194,0.28487417,0.0
20.206327,0.07624192,0.0
9.396978,0.4057629,0.0
10.941438,0.17521541,0.0
16.798233,0.958484,1.0
13.238993,0.6185939,1.0
17.716906,0.357514,0.0
6.80066,0.43596062,0.0
17.415632,0.12503134,0.0
17.33617,0.21549079,0.0
38.8478,0.018303547,0.0
15.727141,0.8865931,1.0
17.415634,0.12503135,0.0
8.957975,0.34843475,1.0
21.812834,0.06898938,0.0
11.07543,0.19734389,0.0
31.771786,0.100595154,0.0
17.7304,0.23701315,0.0
20.196808,0.13526328,0.0
3.4011247,0.8065805,1.0
5.316381,0.30789462,0.0
4.9115286,0.86534244,1.0
9.029197,0.47338507,0.0
64.93215,0.4146745,0.0
4.7954245,0.34388605,0.0
62.662773,0.0047983425,0.0
4.03312,0.41870558,0.0
33.001366,0.027386079,0.0
8.852696,0.2621599,0.0
20.06101,0.07219227,0.0
31.14374,0.02866086,0.0
8.435422,0.24016961,0.0
15.383816,0.95696414,1.0
12.242707,0.5667886,1.0
18.061272,0.34020075,0.0
6.831602,0.4571878,0.0
21.541866,0.07025842,0.0
30.871927,0.074622065,0.0
41.52003,0.015536455,0.0
14.335615,0.8869438,1.0
23.907574,0.055994,0.0
24.093948,0.05463328,1.0
26.332535,0.045177598,0.0
10.803991,0.19673954,0.0
33.714237,0.08623395,0.0
18.349653,0.22310218,0.0
20.87773,0.12733625,0.0
4.212651,0.8424261,1.0
6.913727,0.21578506,0.0
5.293566,0.87354225,1.0
9.139942,0.42662174,0.0
65.48178,0.43144956,0.0
3.982227,0.6207157,0.0
51.537025,0.009213853,0.0
4.03135,0.39663303,0.0
31.626999,0.029588986,0.0
8.581653,0.2646,0.0
20.731676,0.06568001,0.0
31.956953,0.026161734,0.0
8.385482,0.2408211,0.0
16.206978,0.9604784,1.0
12.712149,0.5935291,1.0
18.643583,0.33488432,0.0
7.062565,0.470849,0.0
20.790457,0.072813295,0.0
31.469566,0.07317126,0.0
42.254025,0.014481533,0.0
14.23866,0.8890001,1.0
22.610092,0.060553137,0.0
24.008656,0.05393374,1.0
26.689367,0.04316409,0.0
14.018027,0.18996191,0.0
23.3119,0.17781158,0.0
14.130489,0.32228217,0.0
17.037601,0.177432,0.0
2.8129663,0.7747125,1.0
7.1357512,0.19785382,0.0
2.127755,0.7392751,1.0
13.744631,0.17588858,0.0
65.47098,0.4310139,0.0
5.5054107,0.3782752,0.0
50.55063,0.009295207,0.0
7.350914,0.18711182,0.0
22.850965,0.061735805,0.0
8.208776,0.25205025,0.0
20.256441,0.0764155,0.0
14.351521,0.1416929,0.0
12.332999,0.16383888,0.0
11.194248,0.9095012,1.0
12.849976,0.57179636,1.0
16.485981,0.2388227,0.0
7.161909,0.48206818,0.0
35.51786,0.019781465,0.0
14.474057,0.22993492,0.0
42.112526,0.013440009,0.0
19.733234,0.90293604,1.0
35.517857,0.019781465,0.0
11.162603,0.21934937,1.0
22.77753,0.060264636,0.0
13.976925,0.19071516,0.0
22.156965,0.12956588,0.0
15.58399,0.09307557,0.0
22.156765,0.12956907,0.0
3.4584281,0.77850604,1.0
10.715702,0.14534746,0.0
2.7609415,0.77719057,1.0
13.694045,0.1683944,0.0
65.810814,0.4427521,0.0
4.899661,0.43520388,0.0
49.724163,0.009778685,0.0
7.784243,0.18648691,0.0
19.771328,0.08314553,0.0
9.36752,0.2383306,0.0
21.342848,0.061352316,0.0
14.770721,0.12478955,0.0
10.067052,0.20910692,0.0
10.085393,0.90354943,1.0
12.361965,0.5313276,1.0
16.796236,0.25067332,0.0
8.770185,0.51024467,0.0
30.481583,0.029780438,0.0
30.47059,0.060512327,0.0
42.79757,0.0125019085,0.0
19.92603,0.9057317,1.0
30.481583,0.029780438,0.0
8.02465,0.34438503,1.0
27.39548,0.036351044,0.0
13.873929,0.1882989,0.0
30.412615,0.08168881,0.0
22.619038,0.1507312,0.0
24.7818,0.096514046,0.0
3.1655433,0.75377417,1.0
10.737681,0.14960362,0.0
2.7691646,0.7821599,1.0
12.255419,0.22297892,0.0
66.015816,0.4530216,0.0
5.4953656,0.3997514,0.0
53.288513,0.007887621,0.0
7.6381683,0.19248891,0.0
26.339561,0.043836724,0.0
9.345341,0.23916301,0.0
20.008152,0.0788254,0.0
12.603952,0.18452777,0.0
11.781823,0.18761042,0.0
11.703501,0.91859627,1.0
13.14772,0.49784946,1.0
21.031408,0.31698698,0.0
8.889386,0.44742334,0.0
32.597713,0.025613677,0.0
35.82481,0.05773388,0.0
42.715237,0.012359989,0.0
15.224844,0.8226181,1.0
32.597717,0.025613677,0.0
10.033683,0.26431048,1.0
23.381727,0.055051323,0.0
13.761566,0.1809563,0.0
29.436798,0.092916526,0.0
22.11546,0.15792994,0.0
24.095787,0.10476921,0.0
2.9496682,0.7440146,1.0
10.703922,0.1490799,0.0
2.9989798,0.79003775,1.0
11.305072,0.26672524,0.0
66.13,0.44995672,0.0
6.1021805,0.3856095,0.0
53.130947,0.008140633,0.0
7.6239066,0.18841478,0.0
27.252655,0.041784037,0.0
8.892212,0.16499081,0.0
17.42745,0.100344725,0.0
11.309474,0.22760455,0.0
10.628741,0.21737677,0.0
8.244738,0.8581899,1.0
12.673016,0.48943338,1.0
20.344528,0.32937995,0.0
8.408125,0.41306144,0.0
31.761143,0.028116351,0.0
35.255756,0.058952138,0.0
42.348885,0.013098537,0.0
13.364613,0.8080676,1.0
31.761143,0.028116351,0.0
10.543482,0.25450808,1.0
20.488235,0.07317586,0.0
10.741327,0.266453,0.0
33.42338,0.09001959,0.0
22.25351,0.1541012,0.0
21.047134,0.12380374,0.0
4.390931,0.8461241,1.0
7.62379,0.19439167,0.0
3.5564837,0.8192312,1.0
9.3594265,0.35024276,0.0
66.298325,0.42952058,0.0
5.2464304,0.43636847,0.0
51.539326,0.008871829,0.0
5.611523,0.24991599,0.0
25.38212,0.047712855,0.0
4.16953,0.4093486,0.0
13.469396,0.16484262,0.0
41.500034,0.015070207,0.0
8.9588585,0.3001383,0.0
17.508282,0.96168995,1.0
11.763903,0.57091117,1.0
20.085754,0.35864472,0.0
5.635523,0.47665393,0.0
30.203138,0.030986259,0.0
36.119637,0.0561713,0.0
43.88949,0.013031028,0.0
16.015175,0.91209865,1.0
30.203138,0.030986266,0.0
9.99016,0.27088973,1.0
19.141323,0.084266864,0.0
11.2797985,0.26361766,0.0
20.44152,0.22146718,0.0
14.841251,0.4105477,0.0
19.79586,0.15329255,0.0
3.8295283,0.81281126,1.0
6.7216835,0.27117836,0.0
4.4870305,0.8565793,1.0
10.685246,0.25870952,0.0
66.63863,0.45675138,0.0
7.555709,0.2252172,0.0
55.114273,0.007365003,0.0
5.9338017,0.29170707,0.0
21.152018,0.077952124,0.0
4.7789154,0.4146939,0.0
14.364238,0.12922326,0.0
42.475895,0.013400777,0.0
7.009864,0.40248224,0.0
15.614611,0.95524746,1.0
13.913214,0.6475105,1.0
16.238012,0.3187903,0.0
7.113309,0.5358778,0.0
31.75032,0.028481895,0.0
17.032986,0.24883541,0.0
43.5499,0.013575475,0.0
21.171883,0.94759583,1.0
31.75032,0.0284819,0.0
10.9107685,0.26870918,1.0
21.502184,0.06324798,0.0
10.931316,0.29622218,0.0
30.510935,0.089070834,0.0
14.867692,0.1119443,0.0
25.116686,0.09834604,0.0
4.7431054,0.8445393,1.0
7.28392,0.24154732,0.0
3.4710455,0.8240644,1.0
11.362299,0.24919635,0.0
67.266556,0.4786316,0.0
8.313446,0.21635035,0.0
53.71782,0.008515562,0.0
5.860501,0.2892353,0.0
20.845087,0.08463995,0.0
5.922901,0.43053788,0.0
16.287058,0.112701915,0.0
41.302517,0.014702217,0.0
8.00927,0.3527802,0.0
12.419044,0.93481946,1.0
13.128307,0.5940772,1.0
16.159216,0.33340338,0.0
7.7104454,0.48338303,0.0
30.82394,0.032215126,0.0
30.124332,0.07097672,0.0
42.459526,0.014838381,0.0
24.400135,0.96004564,1.0
30.823944,0.032215115,0.0
11.247617,0.26632226,1.0
23.980513,0.052403912,0.0
10.75094,0.3007005,0.0
29.501438,0.093092084,0.0
14.838739,0.111397676,0.0
23.856781,0.10723795,0.0
4.364717,0.8297779,1.0
7.001394,0.25373602,0.0
3.0559914,0.7946232,1.0
12.587371,0.22113384,0.0
67.348526,0.4569569,0.0
8.959925,0.20955749,0.0
57.60952,0.0067805387,0.0
6.1369514,0.26542068,0.0
21.637047,0.07902165,0.0
5.5283713,0.44436938,0.0
19.841133,0.0768162,0.0
28.870066,0.036310516,0.0
9.337135,0.28217605,0.0
7.4947386,0.86757225,1.0
12.796534,0.56905544,1.0
15.895401,0.3617087,0.0
7.6968937,0.46334022,0.0
31.014,0.032745082,0.0
30.701077,0.06630367,0.0
39.379982,0.019386452,0.0
24.314116,0.9594608,1.0
31.013994,0.03274509,0.0
11.466696,0.26609188,1.0
25.249317,0.051257335,0.0
14.107348,0.2008431,0.0
31.894463,0.07710267,0.0
13.134003,0.12090406,0.0
26.095661,0.08964212,0.0
3.7722015,0.83230525,1.0
12.853343,0.13315277,0.0
3.2447555,0.8104263,1.0
12.871339,0.20540056,0.0
67.153175,0.46157345,0.0
10.022258,0.18260735,0.0
53.85886,0.008132451,0.0
9.022772,0.1829211,0.0
22.152782,0.07484388,0.0
10.509023,0.19629356,0.0
15.688258,0.12715203,0.0
19.751713,0.082152836,0.0
8.060825,0.37420255,0.0
11.924672,0.9263944,1.0
14.04504,0.45911038,1.0
18.037775,0.2253777,0.0
11.057727,0.41723257,0.0
32.19834,0.0293092,0.0
32.149643,0.049709383,0.0
41.73203,0.014504758,0.0
19.256529,0.85845506,1.0
32.19834,0.029309193,0.0
12.748445,0.21450861,1.0
22.390041,0.058912557,0.0
13.707788,0.18505864,0.0
30.6744,0.11699329,0.0
7.7104163,0.7517816,0.0
19.722897,0.14754368,0.0
2.141052,0.75528646,1.0
4.931783,0.3167938,0.0
3.4195666,0.81529963,1.0
8.405965,0.41811964,0.0
67.475586,0.49258342,0.0
9.121954,0.20586605,0.0
54.054848,0.008178947,0.0
5.9810715,0.26337913,0.0
21.602377,0.080643095,0.0
7.0171657,0.21532802,0.0
13.025905,0.16644669,0.0
16.171505,0.12160416,0.0
7.084648,0.421333,0.0
9.039942,0.88226026,1.0
12.419582,0.48907647,1.0
15.161371,0.44796482,0.0
6.913272,0.39596108,0.0
31.381306,0.031725794,0.0
54.43837,0.013697476,0.0
29.07538,0.0465076,0.0
22.385519,0.923375,1.0
25.806662,0.05160404,0.0
10.654251,0.3359191,1.0
11.214056,0.21929267,0.0
13.726288,0.20578238,0.0
26.452892,0.12397865,0.0
8.6434555,0.2330856,0.0
21.000748,0.14291915,0.0
1.6241336,0.6342616,1.0
7.471427,0.2447529,0.0
2.8642163,0.78011405,1.0
10.532616,0.3110359,0.0
67.75798,0.51482755,0.0
9.478535,0.20831496,0.0
54.13039,0.0083214985,0.0
6.2522407,0.26325238,0.0
28.309826,0.04147881,0.0
8.80084,0.23889907,0.0
18.467035,0.09200572,0.0
14.341988,0.14448597,0.0
9.103068,0.28370893,0.0
8.756184,0.89228344,1.0
13.018894,0.5184651,1.0
15.519071,0.37999326,0.0
8.760063,0.42045876,0.0
28.309826,0.04147881,0.0
28.644802,0.07964294,0.0
27.40928,0.059697103,0.0
21.913183,0.9129333,1.0
25.793125,0.053756498,0.0
12.426399,0.23174976,1.0
16.187714,0.13164255,0.0
13.133556,0.19203351,0.0
28.095615,0.10546149,0.0
9.130054,0.2161598,0.0
22.547518,0.12463483,0.0
3.3633964,0.8148808,1.0
11.490614,0.16027473,0.0
3.3403702,0.8079585,1.0
9.0624275,0.373457,0.0
68.246124,0.5411521,0.0
9.88345,0.19418207,0.0
53.912544,0.008203515,0.0
8.243486,0.18834688,0.0
29.294926,0.03694935,0.0
9.099707,0.15860356,0.0
12.986092,0.17699918,0.0
17.424463,0.10128443,0.0
7.2758327,0.41756546,0.0
7.2685738,0.8383147,1.0
13.002815,0.4679375,1.0
15.195065,0.37779742,0.0
10.494779,0.37293625,0.0
29.294922,0.03694937,0.0
29.109138,0.07245782,0.0
17.573101,0.11769099,0.0
18.683756,0.9001389,1.0
27.006855,0.04609147,0.0
12.435559,0.21845411,1.0
11.348646,0.23027109,0.0
