sim_time,vehicle_id,rsu_id,pos_x,pos_y,speed,heading,accel,is_poisoned,detected,sig_mask,psi_score,attack_number,attack_pct,attacker_class,gt_pos_x,gt_pos_y,gt_speed
7.00222,9,27,1502.11,1357.52,0,0,0,0,0,0,0,5,60,0,1741.77,958.184,0.66
7.01704,29,27,1674.98,1244.73,0,0,0,1,0,0,0,5,60,4,1558.61,1589.24,0
7.01481,26,27,1501.03,1354.51,0,0,0,0,0,0,0,5,60,0,1989.18,2222.24,0
7.01333,24,28,1743.04,1298.14,0.412654,2.8068,0,1,0,0,0,5,60,4,2293.25,1877.18,0
7.03481,53,20,1749.82,1001.01,0,0,0,1,0,0,0,5,60,4,1223.22,2090.82,0
7.03704,56,20,1810.36,1066.1,0,0,0,1,0,0,0,5,60,4,1663.42,1237.34,0
7.0437,65,20,1719.13,979.98,0,0,0,0,0,0,0,5,60,0,1431.33,994.63,0
7.04444,66,43,1627.2,1811.3,0,0,0,1,0,0,0,5,60,4,1607.12,1826.99,0
7.04815,71,18,1456.23,1019.57,0,0,0,1,0,0,0,5,60,4,1438.23,995.98,0
7.05333,78,18,1470.02,1022.27,0,0,0,1,0,0,0,5,60,4,1299.94,1284.72,0
7.05407,79,19,1611.91,1130.55,0,0,0,1,0,0,0,5,60,4,1833.08,1765.78,0
7.06444,93,19,1490.23,1006.13,0,0,0,0,0,0,0,5,60,0,1890.39,1903.1,15.57
7.06593,95,26,1266.23,1300.68,0,0,0,0,0,0,0,5,60,0,1418.07,805.78,0
7.06667,96,19,1608.3,1124.55,0,0,0,1,1,32,0.15,5,60,4,1199.25,1423.47,8.71
7.07037,101,10,1418.07,805.78,0,0,0,0,0,0,0,5,60,0,1730.82,941.03,0
7.08148,116,28,1705.62,1277.64,0.02,2.67795,0,0,0,0,0,5,60,0,1896.52,2153.25,13.33
7.07704,110,11,1471.9,790.108,5.11303,0.216386,0,1,0,0,0,5,60,4,1705.62,1277.64,0.02
7.09111,129,19,1459.93,998.13,0,0,0,0,1,128,0.1,5,60,0,2305.76,1155.44,0
7.08074,115,21,2000,1069.21,0,0,0,1,0,0,0,5,60,4,1462.3,1001.73,0
7.08963,127,46,2000,1903.63,0,0,0,1,0,0,0,5,60,4,1301.91,1280.86,0
7.10222,9,27,1502.11,1357.52,0,0,0,0,0,0,0,5,60,0,1741.83,958.202,0.66
7.09185,130,45,2000,1896.28,0,0,0,1,0,0,0,5,60,4,1894.23,1888.89,0
7.11333,24,28,1743.17,1298.01,0.369007,2.8068,0,1,0,0,0,5,60,4,2293.25,1877.18,0
7.11481,26,27,1501.03,1354.51,0,0,0,0,0,0,0,5,60,0,1989.18,2222.24,0
7.11704,29,27,1675.2,1244.55,0,0,0,1,1,32,0.15,5,60,4,1558.61,1589.24,0
7.13481,53,20,1749.98,1000.8,0,0,0,1,1,32,0.15,5,60,4,1223.22,2090.82,0
7.13704,56,20,1810.49,1065.89,0,0,0,1,1,32,0.15,5,60,4,1663.42,1237.34,0
7.1437,65,20,1719.13,979.98,0,0,0,0,0,0,0,5,60,0,1431.33,994.63,0
7.14444,66,43,1627.31,1811.09,0,0,0,1,0,0,0,5,60,4,1607.12,1826.99,0
7.14815,71,18,1456.33,1019.35,0,0,0,1,1,128,0.1,5,60,4,1438.23,995.98,0
7.15333,78,18,1470.12,1022.03,0,0,0,1,0,0,0,5,60,4,1299.94,1284.72,0
7.15407,79,19,1612,1130.32,0,0,0,1,1,32,0.15,5,60,4,1833.08,1765.78,0
7.16444,93,19,1490.23,1006.13,0,0,0,0,0,0,0,5,60,0,1891.86,1902.83,15.57
7.16593,95,26,1266.23,1300.68,0,0,0,0,0,0,0,5,60,0,1418.07,805.78,0
7.16667,96,19,1608.36,1124.29,0,0,0,1,1,32,0.15,5,60,4,1199.2,1422.67,8.71
7.17037,101,10,1418.07,805.78,0,0,0,0,1,128,0.1,5,60,0,1730.82,941.03,0
7.17704,110,11,1472.61,789.993,4.56755,0.216386,0,1,1,4,0.1,5,60,4,1705.62,1277.64,0.02
7.18074,115,21,2000,1068.95,0,0,0,1,0,0,0,5,60,4,1462.3,1001.73,0
7.18148,116,28,1705.62,1277.64,0.02,2.67795,0,0,0,0,0,5,60,0,1896.31,2151.94,13.33
7.18963,127,46,2000,1903.33,0,0,0,1,0,0,0,5,60,4,1301.91,1280.86,0
7.19111,129,19,1459.93,998.13,0,0,0,0,0,0,0,5,60,0,2305.76,1155.44,0
7.19185,130,45,2000,1896,0,0,0,1,0,0,0,5,60,4,1894.23,1888.89,0
7.20222,9,27,1502.11,1357.52,0,0,0,0,0,0,0,5,60,0,1741.89,958.221,0.66
7.21333,24,28,1743.05,1297.66,0.325257,2.8068,0,1,0,0,0,5,60,4,2293.25,1877.18,0
7.21481,26,27,1501.03,1354.51,0,0,0,0,0,0,0,5,60,0,1989.18,2222.24,0
7.21704,29,27,1675.12,1244.18,0,0,0,1,1,32,0.15,5,60,4,1558.61,1589.24,0
7.23481,53,20,1749.84,1000.39,0,0,0,1,1,32,0.15,5,60,4,1223.22,2090.82,0
7.23704,56,20,1810.35,1065.48,0,0,0,1,1,32,0.15,5,60,4,1663.42,1237.34,0
7.2437,65,20,1719.13,979.98,0,0,0,0,0,0,0,5,60,0,1431.33,994.63,0
7.24444,66,43,1627.14,1810.66,0,0,0,1,0,0,0,5,60,4,1607.12,1826.99,0
7.24815,71,18,1456.15,1018.91,0,0,0,1,0,0,0,5,60,4,1438.23,995.98,0
7.25333,78,18,1469.93,1021.58,0,0,0,1,0,0,0,5,60,4,1299.94,1284.72,0
7.25407,79,19,1611.8,1129.87,0,0,0,1,1,96,0.2,5,60,4,1833.08,1765.78,0
7.26444,93,19,1490.23,1006.13,0,0,0,0,0,0,0,5,60,0,1893.39,1902.55,15.57
7.26593,95,26,1266.23,1300.68,0,0,0,0,0,0,0,5,60,0,1418.07,805.78,0
7.26667,96,19,1608.13,1123.82,0,0,0,1,1,32,0.15,5,60,4,1199.15,1421.8,8.71
7.27037,101,10,1418.07,805.78,0,0,0,0,1,128,0.1,5,60,0,1730.82,941.03,0
7.27704,110,11,1473.04,789.653,4.06898,0.216386,0,1,1,4,0.1,5,60,4,1705.62,1277.64,0.02
7.28074,115,21,2000,1068.45,0,0,0,1,0,0,0,5,60,4,1462.3,1001.73,0
7.28148,116,28,1705.61,1277.64,0.02,2.67795,0,0,0,0,0,5,60,0,1896.09,2150.63,13.33
7.28963,127,46,2000,1902.81,0,0,0,1,0,0,0,5,60,4,1301.91,1280.86,0
7.29111,129,19,1459.93,998.13,0,0,0,0,0,0,0,5,60,0,2305.76,1155.44,0
7.29185,130,45,2000,1895.48,0,0,0,1,0,0,0,5,60,4,1894.23,1888.89,0
7.30222,9,27,1502.11,1357.52,0,0,0,0,0,0,0,5,60,0,1741.95,958.241,0.66
7.31333,24,28,1742.62,1297.11,0.292295,2.8068,0,1,0,0,0,5,60,4,2293.25,1877.18,0
7.31481,26,27,1501.03,1354.51,0,0,0,0,0,0,0,5,60,0,1989.18,2222.24,0
7.31704,29,27,1674.74,1243.61,0,0,0,1,1,32,0.15,5,60,4,1558.61,1589.24,0
7.33481,53,20,1749.41,999.785,0,0,0,1,1,32,0.15,5,60,4,1223.22,2090.82,0
7.33704,56,20,1809.9,1064.87,0,0,0,1,1,32,0.15,5,60,4,1663.42,1237.34,0
7.3437,65,20,1719.13,979.98,0,0,0,0,0,0,0,5,60,0,1431.33,994.63,0
7.34444,66,43,1626.68,1810.04,0,0,0,1,0,0,0,5,60,4,1607.12,1826.99,0
7.34815,71,18,1455.68,1018.28,0,0,0,1,0,0,0,5,60,4,1438.23,995.98,0
7.35333,78,18,1469.43,1020.94,0,0,0,1,0,0,0,5,60,4,1299.94,1284.72,0
7.35407,79,19,1611.31,1129.23,0,0,0,1,1,96,0.2,5,60,4,1833.08,1765.78,0
7.36444,93,19,1490.23,1006.13,0,0,0,0,0,0,0,5,60,0,1894.92,1902.27,15.57
7.36593,95,26,1266.23,1300.68,0,0,0,0,0,0,0,5,60,0,1418.07,805.78,0
7.36667,96,19,1607.6,1123.15,0,0,0,1,1,32,0.15,5,60,4,1199.1,1420.93,8.71
7.37037,101,10,1418.07,805.78,0,0,0,0,1,128,0.1,5,60,0,1730.82,941.03,0
7.37704,110,11,1473.18,789.117,3.73114,0.216386,0,1,0,0,0,5,60,4,1705.61,1277.64,0.02
7.38074,115,21,2000,1067.75,0,0,0,1,0,0,0,5,60,4,1462.3,1001.73,0
7.38148,116,28,1705.61,1277.64,0.02,2.67795,0,0,0,0,0,5,60,0,1895.87,2149.31,13.33
7.38963,127,46,2000,1902.1,0,0,0,1,0,0,0,5,60,4,1301.91,1280.86,0
7.39111,129,19,1459.93,998.13,0,0,0,0,0,0,0,5,60,0,2305.76,1155.44,0
7.39185,130,45,2000,1894.76,0,0,0,1,0,0,0,5,60,4,1894.23,1888.89,0
7.40222,9,27,1502.11,1357.52,0,0,0,0,0,0,0,5,60,0,1742.01,958.26,0.66
7.41333,24,28,1741.9,1296.37,0.271849,2.8068,0,1,0,0,0,5,60,4,2293.25,1877.18,0
7.41481,26,27,1501.03,1354.51,0,0,0,0,0,0,0,5,60,0,1989.18,2222.24,0
7.41704,29,27,1674.06,1242.84,0,0,0,1,1,32,0.15,5,60,4,1558.61,1589.24,0
7.43481,53,20,1748.68,998.986,0,0,0,1,1,32,0.15,5,60,4,1223.22,2090.82,0
7.43704,56,20,1809.17,1064.07,0,0,0,1,1,32,0.15,5,60,4,1663.42,1237.34,0
7.4437,65,20,1719.13,979.98,0,0,0,0,0,0,0,5,60,0,1431.33,994.63,0
7.44444,66,43,1625.92,1809.22,0,0,0,1,0,0,0,5,60,4,1607.12,1826.99,0
7.44815,71,18,1454.91,1017.45,0,0,0,1,0,0,0,5,60,4,1438.23,995.98,0
7.45333,78,18,1468.65,1020.11,0,0,0,1,0,64,0.05,5,60,4,1299.94,1284.72,0
7.45407,79,19,1610.52,1128.39,0,0,0,1,1,96,0.2,5,60,4,1833.08,1765.78,0
7.46444,93,19,1490.23,1006.13,0,0,0,0,0,0,0,5,60,0,1896.45,1901.98,15.57
7.46593,95,26,1266.23,1300.68,0,0,0,0,0,0,0,5,60,0,1418.07,805.78,0
7.46667,96,19,1606.77,1122.29,0,0,0,1,1,32,0.15,5,60,4,1199.05,1420.06,8.71
7.47037,101,10,1418.07,805.78,0,0,0,0,0,0,0,5,60,0,1730.82,941.03,0
7.47704,110,11,1473.02,788.391,3.57176,0.216386,0,1,0,0,0,5,60,4,1705.61,1277.64,0.02
7.48074,115,21,2000,1066.87,0,0,0,1,0,0,0,5,60,4,1462.3,1001.73,0
7.48148,116,28,1705.61,1277.64,0.02,2.67795,0,0,0,0,0,5,60,0,1895.65,2148,13.33
7.48963,127,46,2000,1901.2,0,0,0,1,0,0,0,5,60,4,1301.91,1280.86,0
7.49111,129,19,1459.93,998.13,0,0,0,0,0,0,0,5,60,0,2305.76,1155.44,0
7.49185,130,45,2000,1893.86,0,0,0,1,0,0,0,5,60,4,1894.23,1888.89,0
7.50222,9,27,1502.11,1357.52,0,0,0,0,0,0,0,5,60,0,1742.08,958.279,0.66
7.51333,24,28,1740.9,1295.44,0.265001,2.8068,0,1,0,0,0,5,60,4,2293.25,1877.18,0
7.51481,26,27,1501.03,1354.51,0,0,0,0,0,0,0,5,60,0,1989.18,2222.24,0
7.51704,29,27,1673.09,1241.89,0,0,0,1,1,32,0.15,5,60,4,1558.61,1589.24,0
7.53481,53,20,1747.66,998.001,0,0,0,1,1,32,0.15,5,60,4,1223.22,2090.82,0
7.53704,56,20,1808.14,1063.08,0,0,0,1,1,32,0.15,5,60,4,1663.42,1237.34,0
7.5437,65,20,1719.13,979.98,0,0,0,0,0,0,0,5,60,0,1431.33,994.63,0
7.54444,66,43,1624.88,1808.22,0,0,0,1,0,0,0,5,60,4,1607.12,1826.99,0
7.54815,71,18,1453.85,1016.45,0,0,0,1,0,0,0,5,60,4,1438.23,995.98,0
7.55333,78,18,1467.58,1019.09,0,0,0,1,0,64,0.05,5,60,4,1299.94,1284.72,0
7.55407,79,19,1609.45,1127.37,0,0,0,1,1,96,0.2,5,60,4,1833.08,1765.78,0
7.56444,93,19,1490.23,1006.13,0,0,0,0,0,0,0,5,60,0,1897.98,1901.7,15.57
7.56593,95,26,1266.23,1300.68,0,0,0,0,0,0,0,5,60,0,1418.07,805.78,0
7.56667,96,19,1605.67,1121.25,0,0,0,1,1,32,0.15,5,60,4,1199,1419.19,8.71
7.57037,101,10,1418.07,805.78,0,0,0,0,0,0,0,5,60,0,1730.82,941.03,0
7.57704,110,11,1472.58,787.483,3.59927,0.216386,0,1,0,0,0,5,60,4,1705.61,1277.65,0.02
7.58074,115,21,2000,1065.8,0,0,0,1,0,0,0,5,60,4,1462.3,1001.73,0
7.58148,116,28,1705.61,1277.65,0.02,2.67795,0,0,0,0,0,5,60,0,1895.44,2146.68,13.33
7.58963,127,46,2000,1900.11,0,0,0,1,0,0,0,5,60,4,1301.91,1280.86,0
7.59111,129,19,1459.93,998.13,0,0,0,0,0,0,0,5,60,0,2305.76,1155.44,0
7.59185,130,45,2000,1892.77,0,0,0,1,0,0,0,5,60,4,1894.23,1888.89,0
7.60222,9,27,1502.11,1357.52,0,0,0,0,0,0,0,5,60,0,1742.14,958.298,0.66
7.61333,24,28,1739.61,1294.33,0.27211,2.8068,0,1,0,0,0,5,60,4,2293.25,1877.18,0
7.61481,26,27,1501.03,1354.51,0,0,0,0,0,0,0,5,60,0,1989.18,2222.24,0
7.61704,29,27,1671.84,1240.76,0,0,0,1,1,32,0.15,5,60,4,1558.61,1589.24,0
7.63481,53,20,1746.37,996.838,0,0,0,1,1,32,0.15,5,60,4,1223.22,2090.82,0
7.63704,56,20,1806.84,1061.91,0,0,0,1,1,32,0.15,5,60,4,1663.42,1237.34,0
7.6437,65,20,1719.13,979.98,0,0,0,0,0,0,0,5,60,0,1431.33,994.63,0
7.64444,66,43,1623.56,1807.04,0,0,0,1,0,0,0,5,60,4,1607.12,1826.99,0
7.64815,71,18,1452.52,1015.26,0,0,0,1,0,0,0,5,60,4,1438.23,995.98,0
7.65333,78,18,1466.24,1017.89,0,0,0,1,0,64,0.05,5,60,4,1299.94,1284.72,0
7.65407,79,19,1608.11,1126.17,0,0,0,1,1,96,0.2,5,60,4,1833.08,1765.78,0
7.66444,93,19,1490.23,1006.13,0,0,0,0,0,0,0,5,60,0,1899.51,1901.41,15.57
7.66593,95,26,1266.23,1300.68,0,0,0,0,0,0,0,5,60,0,1418.07,805.78,0
7.66667,96,19,1604.29,1120.03,0,0,0,1,1,32,0.15,5,60,4,1198.95,1418.32,8.71
7.67037,101,10,1418.07,805.78,0,0,0,0,0,0,0,5,60,0,1730.82,941.03,0
7.67704,110,11,1471.87,786.401,3.81218,0.216386,0,1,0,0,0,5,60,4,1705.61,1277.65,0.02
7.68074,115,21,2000,1064.56,0,0,0,1,0,0,0,5,60,4,1462.3,1001.73,0
7.68148,116,28,1705.61,1277.65,0.02,2.67795,0,0,0,0,0,5,60,0,1895.22,2145.37,13.33
7.68963,127,46,2000,1898.86,0,0,0,1,0,0,0,5,60,4,1301.91,1280.86,0
7.69111,129,19,1459.93,998.13,0,0,0,0,0,0,0,5,60,0,2305.76,1155.44,0
7.69185,130,45,2000,1891.51,0,0,0,1,0,0,0,5,60,4,1894.23,1888.89,0
7.70222,9,27,1502.11,1357.52,0,0,0,0,0,0,0,5,60,0,1742.2,958.318,0.66
7.71333,24,28,1738.07,1293.05,0.2928,2.8068,0,1,0,0,0,5,60,4,2293.25,1877.18,0
7.71481,26,27,1501.03,1354.51,0,0,0,0,0,0,0,5,60,0,1989.18,2222.24,0
7.71704,29,27,1670.34,1239.46,0,0,0,1,1,32,0.15,5,60,4,1558.61,1589.24,0
7.73481,53,20,1744.81,995.507,0,0,0,1,1,32,0.15,5,60,4,1223.22,2090.82,0
7.73704,56,20,1805.29,1060.58,0,0,0,1,1,32,0.15,5,60,4,1663.42,1237.34,0
7.7437,65,20,1719.13,979.98,0,0,0,0,0,0,0,5,60,0,1431.33,994.63,0
7.74444,66,43,1621.98,1805.69,0,0,0,1,0,0,0,5,60,4,1607.12,1826.99,0
7.74815,71,18,1450.94,1013.91,0,0,0,1,0,0,0,5,60,4,1438.23,995.98,0
7.75333,78,18,1464.64,1016.53,0,0,0,1,0,64,0.05,5,60,4,1299.94,1284.72,0
7.75407,79,19,1606.51,1124.81,0,0,0,1,1,96,0.2,5,60,4,1833.08,1765.78,0
7.76444,93,19,1490.23,1006.13,0,0,0,0,0,0,0,5,60,0,1901.04,1901.13,15.57
7.76593,95,26,1266.23,1300.68,0,0,0,0,0,0,0,5,60,0,1418.07,805.78,0
7.76667,96,19,1602.66,1118.65,0,0,0,1,1,32,0.15,5,60,4,1198.89,1417.45,8.71
7.77037,101,10,1418.07,805.78,0,0,0,0,0,0,0,5,60,0,1730.82,941.03,0
7.77704,110,11,1470.91,785.155,4.19935,0.216386,0,1,0,0,0,5,60,4,1705.61,1277.65,0.02
7.78074,115,21,2000,1063.15,0,0,0,1,0,0,0,5,60,4,1462.3,1001.73,0
7.78148,116,28,1705.61,1277.65,0.02,2.67795,0,0,0,0,0,5,60,0,1895,2144.05,13.33
7.78963,127,46,2000,1897.44,0,0,0,1,0,0,0,5,60,4,1301.91,1280.86,0
7.79111,129,19,1459.93,998.13,0,0,0,0,0,0,0,5,60,0,2305.76,1155.44,0
7.79185,130,45,2000,1890.09,0,0,0,1,0,0,0,5,60,4,1894.23,1888.89,0
7.80222,9,27,1502.11,1357.52,0,0,0,0,0,0,0,5,60,0,1742.27,958.337,0.66
7.81333,24,28,1736.28,1291.62,0.325981,2.8068,0,1,0,0,0,5,60,4,2293.25,1877.18,0
7.81481,26,27,1501.03,1354.51,0,0,0,0,0,0,0,5,60,0,1989.18,2222.24,0
7.81704,29,27,1668.59,1237.99,0,0,0,1,1,32,0.15,5,60,4,1558.61,1589.24,0
7.83481,53,20,1743.02,994.018,0,0,0,1,1,32,0.15,5,60,4,1223.22,2090.82,0
7.83704,56,20,1803.49,1059.08,0,0,0,1,1,32,0.15,5,60,4,1663.42,1237.34,0
7.8437,65,20,1719.13,979.98,0,0,0,0,0,0,0,5,60,0,1431.33,994.63,0
7.84444,66,43,1620.17,1804.19,0,0,0,1,0,0,0,5,60,4,1607.12,1826.99,0
7.84815,71,18,1449.12,1012.4,0,0,0,1,0,0,0,5,60,4,1438.23,995.98,0
7.85333,78,18,1462.81,1015.02,0,0,0,1,0,64,0.05,5,60,4,1299.94,1284.72,0
7.85407,79,19,1604.67,1123.29,0,0,0,1,1,96,0.2,5,60,4,1833.08,1765.78,0
7.86444,93,19,1490.23,1006.13,0,0,0,0,0,0,0,5,60,0,1902.57,1900.85,15.57
7.86593,95,26,1266.23,1300.68,0,0,0,0,0,0,0,5,60,0,1418.07,805.78,0
7.86667,96,19,1600.8,1117.11,0,0,0,1,1,32,0.15,5,60,4,1198.84,1416.58,8.71
7.87037,101,10,1418.07,805.78,0,0,0,0,0,0,0,5,60,0,1730.82,941.03,0
7.87704,110,11,1469.72,783.756,4.74029,0.216386,0,1,1,4,0.1,5,60,4,1705.6,1277.65,0.02
7.88074,115,21,2000,1061.6,0,0,0,1,0,0,0,5,60,4,1462.3,1001.73,0
7.88148,116,28,1705.6,1277.65,0.02,2.67795,0,0,0,0,0,5,60,0,1894.79,2142.74,13.33
7.88963,127,46,2000,1895.87,0,0,0,1,0,0,0,5,60,4,1301.91,1280.86,0
7.89111,129,19,1459.93,998.13,0,0,0,0,0,0,0,5,60,0,2305.76,1155.44,0
7.89185,130,45,2000,1888.51,0,0,0,1,0,0,0,5,60,4,1894.23,1888.89,0
7.90222,9,27,1502.11,1357.52,0,0,0,0,0,0,0,5,60,0,1742.33,958.356,0.66
7.91333,24,28,1734.26,1290.03,0.369912,2.8068,0,1,0,0,0,5,60,4,2293.25,1877.18,0
7.91481,26,27,1501.03,1354.51,0,0,0,0,0,0,0,5,60,0,1989.18,2222.24,0
7.91704,29,27,1666.62,1236.38,0,0,0,1,1,32,0.15,5,60,4,1558.61,1589.24,0
7.93481,53,20,1741.02,992.384,0,0,0,1,1,32,0.15,5,60,4,1223.22,2090.82,0
7.93704,56,20,1801.48,1057.45,0,0,0,1,1,32,0.15,5,60,4,1663.42,1237.34,0
7.9437,65,20,1719.13,979.98,0,0,0,0,0,0,0,5,60,0,1431.33,994.63,0
7.94444,66,43,1618.14,1802.54,0,0,0,1,0,0,0,5,60,4,1607.12,1826.99,0
7.94815,71,18,1447.08,1010.75,0,0,0,1,0,0,0,5,60,4,1438.23,995.98,0
7.95333,78,18,1460.76,1013.36,0,0,0,1,0,64,0.05,5,60,4,1299.94,1284.72,0
7.95407,79,19,1602.63,1121.63,0,0,0,1,1,96,0.2,5,60,4,1833.08,1765.78,0
7.96444,93,19,1490.23,1006.13,0,0,0,0,0,0,0,5,60,0,1904.1,1900.56,15.57
7.96593,95,26,1266.23,1300.68,0,0,0,0,0,0,0,5,60,0,1418.07,805.78,0
7.96667,96,19,1598.72,1115.44,0,0,0,1,1,32,0.15,5,60,4,1198.79,1415.71,8.71
7.97037,101,10,1418.07,805.78,0,0,0,0,0,0,0,5,60,0,1730.82,941.03,0
7.97704,110,11,1468.32,782.217,5.40663,0.216386,0,1,1,4,0.1,5,60,4,1705.6,1277.65,0.02
7.98074,115,21,2000,1059.9,0,0,0,1,0,0,0,5,60,4,1462.3,1001.73,0
7.98148,116,28,1705.6,1277.65,0.02,2.67795,0,0,0,0,0,5,60,0,1894.57,2141.42,13.33
7.98963,127,46,2000,1894.16,0,0,0,1,0,0,0,5,60,4,1301.91,1280.86,0
7.99111,129,19,1459.93,998.13,0,0,0,0,0,0,0,5,60,0,2305.76,1155.44,0
7.99185,130,45,2000,1886.8,0,0,0,1,0,0,0,5,60,4,1894.23,1888.89,0
8.00222,9,27,1502.11,1357.52,0,0,0,0,0,0,0,5,60,0,1742.39,958.375,0
8.01333,24,28,1732.05,1288.31,0.223089,2.78907,-2.5,1,0,0,0,5,60,4,2293.25,1877.18,0
8.01481,26,27,1501.03,1354.51,0,0,0,0,0,0,0,5,60,0,1989.18,2222.24,0
8.01704,29,27,1664.45,1234.64,0,0,0,1,0,0,0,5,60,4,1558.61,1589.24,0
8.03481,53,20,1738.81,990.618,0,0,0,1,1,32,0.15,5,60,4,1223.22,2090.82,0
8.03704,56,20,1799.27,1055.68,0,0,0,1,0,0,0,5,60,4,1663.42,1237.34,0
7.04,60,19,1497.15,1007.14,0,0,0,0,0,0,0,5,60,0,1602.31,1786.36,0
8.0437,65,20,1719.13,979.98,0,0,0,0,0,0,0,5,60,0,1431.33,994.63,0
8.04444,66,43,1615.92,1800.76,0,0,0,1,0,0,0,5,60,4,1607.12,1826.99,0
8.04815,71,18,1444.86,1008.96,0,0,0,1,0,0,0,5,60,4,1438.23,995.98,0
8.05333,78,18,1458.53,1011.57,0,0,0,1,0,64,0.05,5,60,4,1299.94,1284.72,0
8.05407,79,19,1600.39,1119.84,0,0,0,1,1,96,0.2,5,60,4,1833.08,1765.78,0
8.06444,93,19,1490.23,1006.13,0,0,0,0,0,0,0,5,60,0,1905.71,1900.26,16.8
8.06593,95,26,1266.23,1300.68,0,0,0,0,0,0,0,5,60,0,1418.07,805.78,0
8.06667,96,19,1596.47,1113.63,0,0,0,1,0,0,0,5,60,4,1198.71,1414.93,8.65
8.07037,101,10,1418.07,805.78,0,0,0,0,0,0,0,5,60,0,1730.82,941.03,0
8.07704,110,11,1466.83,780.571,7.21923,0.215029,12.2,1,1,4,0.1,5,60,4,1705.6,1277.65,0
8.08074,115,21,2000,1058.08,0,0,0,1,0,0,0,5,60,4,1462.3,1001.73,0
8.08148,116,28,1705.6,1277.65,0,0,-0.2,0,1,2,0.1,5,60,0,1894.34,2140.04,14.12
8.08963,127,46,2000,1892.33,0,0,0,1,0,0,0,5,60,4,1301.91,1280.86,0
8.09111,129,19,1459.93,998.13,0,0,0,0,0,0,0,5,60,0,2305.76,1155.44,0
8.09185,130,45,2000,1884.97,0,0,0,1,0,0,0,5,60,4,1894.23,1888.89,0
8.10222,9,27,1502.11,1357.52,0,0,0,0,0,0,0,5,60,0,1742.39,958.375,0
8.11333,24,28,1729.69,1286.46,0.253747,2.78907,0,1,0,0,0,5,60,4,2293.25,1877.18,0
8.11481,26,27,1501.03,1354.51,0,0,0,0,0,0,0,5,60,0,1989.18,2222.24,0
8.11704,29,27,1662.11,1232.78,0,0,0,1,1,32,0.15,5,60,4,1558.61,1589.24,0
8.13481,53,20,1736.44,988.733,0,0,0,1,1,32,0.15,5,60,4,1223.22,2090.82,0
8.13704,56,20,1796.9,1053.79,0,0,0,1,1,32,0.15,5,60,4,1663.42,1237.34,0
8.14,60,19,1497.15,1007.14,0,0,0,0,0,0,0,5,60,0,1602.31,1786.36,0
8.1437,65,20,1719.13,979.98,0,0,0,0,0,0,0,5,60,0,1431.33,994.63,0
8.14444,66,43,1613.54,1798.87,0,0,0,1,0,0,0,5,60,4,1607.12,1826.99,0
8.14815,71,18,1442.47,1007.06,0,0,0,1,0,0,0,5,60,4,1438.23,995.98,0
8.15333,78,18,1456.13,1009.66,0,0,0,1,0,64,0.05,5,60,4,1299.94,1284.72,0
8.15407,79,19,1597.99,1117.94,0,0,0,1,1,96,0.2,5,60,4,1833.08,1765.78,0
8.16444,93,19,1490.23,1006.13,0,0,0,0,0,0,0,5,60,0,1907.37,1899.96,16.8
8.16593,95,26,1266.23,1300.68,0,0,0,0,0,0,0,5,60,0,1418.07,805.78,0
8.16667,96,19,1594.05,1111.71,0,0,0,1,1,32,0.15,5,60,4,1198.61,1414.07,8.65
8.17037,101,10,1418.07,805.78,0,0,0,0,0,0,0,5,60,0,1730.82,941.03,0
8.17704,110,11,1465.22,778.82,8.16437,0.215029,0,1,1,4,0.1,5,60,4,1705.6,1277.65,0
8.18074,115,21,2000,1056.14,0,0,0,1,0,0,0,5,60,4,1462.3,1001.73,0
8.18148,116,28,1705.6,1277.65,0,0,0,0,0,0,0,5,60,0,1894.11,2138.65,14.12
8.18963,127,46,2000,1890.39,0,0,0,1,0,0,0,5,60,4,1301.91,1280.86,0
8.19111,129,19,1459.93,998.13,0,0,0,0,0,0,0,5,60,0,2305.76,1155.44,0
8.19185,130,45,2000,1883.02,0,0,0,1,0,0,0,5,60,4,1894.23,1888.89,0
8.20222,9,27,1502.11,1357.52,0,0,0,0,0,0,0,5,60,0,1742.39,958.375,0
8.21333,24,28,1727.18,1284.5,0.285789,2.78907,0,1,0,0,0,5,60,4,2293.25,1877.18,0
8.21481,26,27,1501.03,1354.51,0,0,0,0,0,0,0,5,60,0,1989.18,2222.24,0
8.21704,29,27,1659.62,1230.81,0,0,0,1,1,32,0.15,5,60,4,1558.61,1589.24,0
8.23481,53,20,1733.94,986.746,0,0,0,1,1,32,0.15,5,60,4,1223.22,2090.82,0
8.23704,56,20,1794.39,1051.8,0,0,0,1,1,32,0.15,5,60,4,1663.42,1237.34,0
8.24,60,19,1497.15,1007.14,0,0,0,0,0,0,0,5,60,0,1602.31,1786.36,0
8.2437,65,20,1719.13,979.98,0,0,0,0,0,0,0,5,60,0,1431.33,994.63,0
8.24444,66,43,1611.02,1796.87,0,0,0,1,0,0,0,5,60,4,1607.12,1826.99,0
8.24815,71,18,1439.94,1005.06,0,0,0,1,0,0,0,5,60,4,1438.23,995.98,0
8.25333,78,18,1453.6,1007.66,0,0,0,1,0,64,0.05,5,60,4,1299.94,1284.72,0
8.25407,79,19,1595.46,1115.93,0,0,0,1,1,96,0.2,5,60,4,1833.08,1765.78,0
8.26444,93,19,1490.23,1006.13,0,0,0,0,0,0,0,5,60,0,1909.02,1899.65,16.8
8.26593,95,26,1266.23,1300.68,0,0,0,0,0,0,0,5,60,0,1418.07,805.78,0
8.26667,96,19,1591.5,1109.69,0,0,0,1,1,32,0.15,5,60,4,1198.5,1413.21,8.65
8.27037,101,10,1418.07,805.78,0,0,0,0,0,0,0,5,60,0,1730.82,941.03,0
8.27704,110,11,1463.47,776.972,9.11883,0.215029,0,1,1,4,0.1,5,60,4,1705.6,1277.65,0
8.28074,115,21,2000,1054.11,0,0,0,1,0,0,0,5,60,4,1462.3,1001.73,0
8.28148,116,28,1705.6,1277.65,0,0,0,0,0,0,0,5,60,0,1893.88,2137.26,14.12
8.28963,127,46,2000,1888.35,0,0,0,1,0,0,0,5,60,4,1301.91,1280.86,0
8.29111,129,19,1459.93,998.13,0,0,0,0,0,0,0,5,60,0,2305.76,1155.44,0
8.29185,130,45,2000,1880.98,0,0,0,1,0,0,0,5,60,4,1894.23,1888.89,0
8.30222,9,27,1502.11,1357.52,0,0,0,0,0,0,0,5,60,0,1742.39,958.375,0
8.31333,24,28,1724.56,1282.45,0.317527,2.78907,0,1,0,0,0,5,60,4,2293.25,1877.18,0
8.31481,26,27,1501.03,1354.51,0,0,0,0,0,0,0,5,60,0,1989.18,2222.24,0
8.31704,29,27,1657.02,1228.75,0,0,0,1,1,32,0.15,5,60,4,1558.61,1589.24,0
8.33481,53,20,1731.32,984.672,0,0,0,1,1,289,0.35,5,60,4,1223.22,2090.82,0
8.33704,56,20,1791.77,1049.73,0,0,0,1,1,289,0.35,5,60,4,1663.42,1237.34,0
8.34,60,19,1497.15,1007.14,0,0,0,0,0,0,0,5,60,0,1602.31,1786.36,0
8.3437,65,20,1719.13,979.98,0,0,0,0,0,0,0,5,60,0,1431.33,994.63,0
8.34444,66,43,1608.39,1794.79,0,0,0,1,1,257,0.2,5,60,4,1607.12,1826.99,0
8.34815,71,18,1437.31,1002.98,0,0,0,1,1,257,0.2,5,60,4,1438.23,995.98,0
8.35333,78,18,1450.97,1005.57,0,0,0,1,1,321,0.25,5,60,4,1299.94,1284.72,0
8.35407,79,19,1592.83,1113.84,0,0,0,1,1,353,0.4,5,60,4,1833.08,1765.78,0
8.36444,93,19,1490.23,1006.13,0,0,0,0,0,0,0,5,60,0,1910.67,1899.34,16.8
8.36593,95,26,1266.23,1300.68,0,0,0,0,0,0,0,5,60,0,1418.07,805.78,0
8.36667,96,19,1588.86,1107.6,0,0,0,1,1,289,0.35,5,60,4,1198.4,1412.35,8.65
8.37037,101,10,1418.07,805.78,0,0,0,0,0,0,0,5,60,0,1730.82,941.03,0
8.37704,110,11,1461.64,775.044,10.0323,0.215029,0,1,1,132,0.2,5,60,4,1705.6,1277.65,0
8.38074,115,21,2000,1052.01,0,0,0,1,0,0,0,5,60,4,1462.3,1001.73,0
8.38148,116,28,1705.6,1277.65,0,0,0,0,0,0,0,5,60,0,1893.65,2135.86,14.12
8.38963,127,46,2000,1886.23,0,0,0,1,0,0,0,5,60,4,1301.91,1280.86,0
8.39111,129,19,1459.93,998.13,0,0,0,0,0,0,0,5,60,0,2305.76,1155.44,0
8.39185,130,45,2000,1878.87,0,0,0,1,0,0,0,5,60,4,1894.23,1888.89,0
8.40222,9,27,1502.11,1357.52,0,0,0,0,0,0,0,5,60,0,1742.39,958.375,0
8.41333,24,28,1721.85,1280.33,0.347287,2.78907,0,1,1,257,0.2,5,60,4,2293.25,1877.18,0
8.41481,26,27,1501.03,1354.51,0,0,0,0,0,0,0,5,60,0,1989.18,2222.24,0
8.41704,29,27,1654.34,1226.61,0,0,0,1,1,289,0.35,5,60,4,1558.61,1589.24,0
8.43481,53,20,1728.63,982.529,0,0,0,1,1,289,0.35,5,60,4,1223.22,2090.82,0
8.43704,56,20,1789.08,1047.58,0,0,0,1,1,289,0.35,5,60,4,1663.42,1237.34,0
8.44,60,19,1497.15,1007.14,0,0,0,0,0,0,0,5,60,0,1602.31,1786.36,0
8.4437,65,20,1719.13,979.98,0,0,0,0,0,0,0,5,60,0,1431.33,994.63,0
8.44444,66,43,1605.69,1792.64,0,0,0,1,1,257,0.2,5,60,4,1607.12,1826.99,0
8.44815,71,18,1434.61,1000.83,0,0,0,1,1,257,0.2,5,60,4,1438.23,995.98,0
8.45333,78,18,1448.26,1003.42,0,0,0,1,1,321,0.25,5,60,4,1299.94,1284.72,0
8.45407,79,19,1590.12,1111.69,0,0,0,1,1,353,0.4,5,60,4,1833.08,1765.78,0
8.46444,93,19,1490.23,1006.13,0,0,0,0,0,0,0,5,60,0,1912.32,1899.03,16.8
8.46593,95,26,1266.23,1300.68,0,0,0,0,0,0,0,5,60,0,1418.07,805.78,0
8.46667,96,19,1586.15,1105.43,0,0,0,1,1,289,0.35,5,60,4,1198.3,1411.49,8.65
8.47037,101,10,1418.07,805.78,0,0,0,0,0,0,0,5,60,0,1730.82,941.03,0
8.47704,110,11,1459.73,773.054,10.8566,0.215029,0,1,1,132,0.2,5,60,4,1705.6,1277.65,0
8.48074,115,21,2000,1049.84,0,0,0,1,0,0,0,5,60,4,1462.3,1001.73,0
8.48148,116,28,1705.6,1277.65,0,0,0,0,0,0,0,5,60,0,1893.42,2134.47,14.12
8.48963,127,46,2000,1884.06,0,0,0,1,0,0,0,5,60,4,1301.91,1280.86,0
8.49111,129,19,1459.93,998.13,0,0,0,0,0,0,0,5,60,0,2305.76,1155.44,0
8.49185,130,45,2000,1876.69,0,0,0,1,0,0,0,5,60,4,1894.23,1888.89,0
8.50222,9,27,1502.11,1357.52,0,0,0,0,0,0,0,5,60,0,1742.39,958.375,0
8.51333,24,28,1719.1,1278.16,0.373504,2.78907,0,1,1,257,0.2,5,60,4,2293.25,1877.18,0
8.51481,26,27,1501.03,1354.51,0,0,0,0,0,0,0,5,60,0,1989.18,2222.24,0
8.51704,29,27,1651.61,1224.43,0,0,0,1,1,289,0.35,5,60,4,1558.61,1589.24,0
8.53481,53,20,1725.89,980.332,0,0,0,1,1,289,0.35,5,60,4,1223.22,2090.82,0
8.53704,56,20,1786.34,1045.38,0,0,0,1,1,289,0.35,5,60,4,1663.42,1237.34,0
8.54,60,19,1497.15,1007.14,0,0,0,0,0,0,0,5,60,0,1602.31,1786.36,0
8.5437,65,20,1719.13,979.98,0,0,0,0,0,0,0,5,60,0,1431.33,994.63,0
8.54815,71,18,1431.87,998.627,0,0,0,1,1,257,0.2,5,60,4,1438.23,995.98,0
8.55333,78,18,1445.52,1001.21,0,0,0,1,1,321,0.25,5,60,4,1299.94,1284.72,0
8.55407,79,19,1587.38,1109.48,0,0,0,1,1,353,0.4,5,60,4,1833.08,1765.78,0
8.56444,93,19,1490.23,1006.13,0,0,0,0,0,0,0,5,60,0,1913.97,1898.73,16.8
8.56593,95,26,1266.23,1300.68,0,0,0,0,0,0,0,5,60,0,1418.07,805.78,0
8.56667,96,19,1583.4,1103.22,0,0,0,1,1,289,0.35,5,60,4,1198.19,1410.63,8.65
8.57037,101,10,1418.07,805.78,0,0,0,0,0,0,0,5,60,0,1730.82,941.03,0
8.57704,110,11,1457.8,771.019,11.5483,0.215029,0,1,1,132,0.2,5,60,4,1705.6,1277.65,0
8.58074,115,21,2000,1047.62,0,0,0,1,0,0,0,5,60,4,1462.3,1001.73,0
8.58148,116,28,1705.6,1277.65,0,0,0,0,0,0,0,5,60,0,1893.19,2133.08,14.12
8.58963,127,46,2000,1881.84,0,0,0,1,0,0,0,5,60,4,1301.91,1280.86,0
8.59111,129,19,1459.93,998.13,0,0,0,0,0,0,0,5,60,0,2305.76,1155.44,0
8.59185,130,45,2000,1874.47,0,0,0,1,0,0,0,5,60,4,1894.23,1888.89,0
8.60222,9,27,1502.11,1357.52,0,0,0,0,0,0,0,5,60,0,1742.39,958.375,0
8.61333,24,28,1716.32,1275.94,0.394794,2.78907,0,1,0,0,0,5,60,4,2293.25,1877.18,0
8.61481,26,27,1501.03,1354.51,0,0,0,0,0,0,0,5,60,0,1989.18,2222.24,0
8.61704,29,27,1648.86,1222.2,0,0,0,1,1,32,0.15,5,60,4,1558.61,1589.24,0
8.63481,53,20,1723.14,978.102,0,0,0,1,1,32,0.15,5,60,4,1223.22,2090.82,0
8.63704,56,20,1783.59,1043.15,0,0,0,1,1,32,0.15,5,60,4,1663.42,1237.34,0
8.64,60,19,1497.15,1007.14,0,0,0,0,0,0,0,5,60,0,1602.31,1786.36,0
8.6437,65,20,1719.13,979.98,0,0,0,0,0,0,0,5,60,0,1431.33,994.63,0
8.64815,71,18,1429.13,996.392,0,0,0,1,0,0,0,5,60,4,1438.23,995.98,0
8.65333,78,18,1442.77,998.976,0,0,0,1,0,64,0.05,5,60,4,1299.94,1284.72,0
8.65407,79,19,1584.63,1107.25,0,0,0,1,1,96,0.2,5,60,4,1833.08,1765.78,0
8.66444,93,19,1490.23,1006.13,0,0,0,0,0,0,0,5,60,0,1915.62,1898.42,16.8
8.66593,95,26,1266.23,1300.68,0,0,0,0,0,0,0,5,60,0,1418.07,805.78,0
8.66667,96,19,1580.66,1100.99,0,0,0,1,1,32,0.15,5,60,4,1198.09,1409.77,8.65
8.67037,101,10,1418.07,805.78,0,0,0,0,0,0,0,5,60,0,1730.82,941.03,0
8.67704,110,11,1455.88,768.957,12.0711,0.215029,0,1,1,132,0.2,5,60,4,1705.6,1277.65,0
8.68074,115,21,2000,1045.38,0,0,0,1,0,0,0,5,60,4,1462.3,1001.73,0
8.68148,116,28,1705.6,1277.65,0,0,0,0,0,0,0,5,60,0,1892.96,2131.69,14.12
8.68963,127,46,2000,1879.6,0,0,0,1,0,0,0,5,60,4,1301.91,1280.86,0
8.69111,129,19,1459.93,998.13,0,0,0,0,0,0,0,5,60,0,2305.76,1155.44,0
8.69185,130,45,2000,1872.23,0,0,0,1,0,0,0,5,60,4,1894.23,1888.89,0
8.70222,9,27,1502.11,1357.52,0,0,0,0,0,0,0,5,60,0,1742.39,958.375,0
8.71333,24,28,1713.56,1273.7,0.410041,2.78907,0,1,1,257,0.2,5,60,4,2293.25,1877.18,0
8.71481,26,27,1501.03,1354.51,0,0,0,0,0,0,0,5,60,0,1989.18,2222.24,0
8.71704,29,27,1646.13,1219.95,0,0,0,1,1,289,0.35,5,60,4,1558.61,1589.24,0
8.73481,53,20,1720.41,975.854,0,0,0,1,1,289,0.35,5,60,4,1223.22,2090.82,0
8.73704,56,20,1780.86,1040.9,0,0,0,1,1,289,0.35,5,60,4,1663.42,1237.34,0
8.74,60,19,1497.15,1007.14,0,0,0,0,0,0,0,5,60,0,1602.31,1786.36,0
8.7437,65,20,1719.13,979.98,0,0,0,0,0,0,0,5,60,0,1431.33,994.63,0
8.74815,71,18,1426.4,994.144,0,0,0,1,1,257,0.2,5,60,4,1438.23,995.98,0
8.75333,78,18,1440.06,996.727,0,0,0,1,1,321,0.25,5,60,4,1299.94,1284.72,0
8.75407,79,19,1581.92,1105,0,0,0,1,1,353,0.4,5,60,4,1833.08,1765.78,0
8.76444,93,19,1490.23,1006.13,0,0,0,0,0,0,0,5,60,0,1917.28,1898.11,16.8
8.76593,95,26,1266.23,1300.68,0,0,0,0,0,0,0,5,60,0,1418.07,805.78,0
8.76667,96,19,1577.95,1098.74,0,0,0,1,1,289,0.35,5,60,4,1197.99,1408.92,8.65
8.77037,101,10,1418.07,805.78,0,0,0,0,0,0,0,5,60,0,1730.82,941.03,0
8.77704,110,11,1453.98,766.886,12.3974,0.215029,0,1,1,128,0.1,5,60,4,1705.6,1277.65,0
8.78074,115,21,2000,1043.13,0,0,0,1,0,0,0,5,60,4,1462.3,1001.73,0
8.78148,116,28,1705.6,1277.65,0,0,0,0,0,0,0,5,60,0,1892.72,2130.29,14.12
8.78963,127,46,2000,1877.35,0,0,0,1,0,0,0,5,60,4,1301.91,1280.86,0
8.79111,129,19,1459.93,998.13,0,0,0,0,0,0,0,5,60,0,2305.76,1155.44,0
8.79185,130,45,2000,1869.98,0,0,0,1,0,0,0,5,60,4,1894.23,1888.89,0
8.80222,9,27,1502.11,1357.52,0,0,0,0,0,0,0,5,60,0,1742.39,958.375,0
8.81333,24,28,1710.85,1271.47,0.418439,2.78907,0,1,1,257,0.2,5,60,4,2293.25,1877.18,0
8.81481,26,27,1501.03,1354.51,0,0,0,0,0,0,0,5,60,0,1989.18,2222.24,0
8.81704,29,27,1643.44,1217.71,0,0,0,1,1,289,0.35,5,60,4,1558.61,1589.24,0
8.83481,53,20,1717.74,973.608,0,0,0,1,1,289,0.35,5,60,4,1223.22,2090.82,0
8.83704,56,20,1778.2,1038.66,0,0,0,1,1,289,0.35,5,60,4,1663.42,1237.34,0
8.84,60,19,1497.15,1007.14,0,0,0,0,0,0,0,5,60,0,1602.31,1786.36,0
8.8437,65,20,1719.13,979.98,0,0,0,0,0,0,0,5,60,0,1431.33,994.63,0
8.84815,71,18,1423.74,991.899,0,0,0,1,1,257,0.2,5,60,4,1438.23,995.98,0
8.85333,78,18,1437.4,994.483,0,0,0,1,1,321,0.25,5,60,4,1299.94,1284.72,0
8.85407,79,19,1579.26,1102.76,0,0,0,1,1,353,0.4,5,60,4,1833.08,1765.78,0
8.86444,93,19,1490.23,1006.13,0,0,0,0,0,0,0,5,60,0,1918.93,1897.81,16.8
8.86593,95,26,1266.23,1300.68,0,0,0,0,0,0,0,5,60,0,1418.07,805.78,0
8.86667,96,19,1575.3,1096.5,0,0,0,1,1,289,0.35,5,60,4,1197.88,1408.06,8.65
8.87037,101,10,1418.07,805.78,0,0,0,0,0,0,0,5,60,0,1730.82,941.03,0
8.87704,110,11,1452.16,764.824,12.51,0.215029,0,1,1,128,0.1,5,60,4,1705.6,1277.65,0
8.88074,115,21,2000,1040.89,0,0,0,1,0,0,0,5,60,4,1462.3,1001.73,0
8.88148,116,28,1705.6,1277.65,0,0,0,0,0,0,0,5,60,0,1892.49,2128.9,14.12
8.88963,127,46,2000,1875.11,0,0,0,1,0,0,0,5,60,4,1301.91,1280.86,0
8.89111,129,19,1459.93,998.13,0,0,0,0,0,0,0,5,60,0,2305.76,1155.44,0
8.89185,130,45,2000,1867.74,0,0,0,1,0,0,0,5,60,4,1894.23,1888.89,0
8.90222,9,27,1502.11,1357.52,0,0,0,0,0,0,0,5,60,0,1742.39,958.375,0
8.91333,24,28,1708.22,1269.24,0.419546,2.78907,0,1,1,265,0.35,5,60,4,2293.25,1877.18,0
8.91481,26,27,1501.03,1354.51,0,0,0,0,0,0,0,5,60,0,1989.18,2222.24,0
8.91704,29,27,1640.84,1215.47,0,0,0,1,1,297,0.5,5,60,4,1558.61,1589.24,0
8.93481,53,20,1715.16,971.381,0,0,0,1,1,297,0.5,5,60,4,1223.22,2090.82,0
8.93704,56,20,1775.61,1036.43,0,0,0,1,1,297,0.5,5,60,4,1663.42,1237.34,0
8.94,60,19,1497.15,1007.14,0,0,0,0,0,0,0,5,60,0,1602.31,1786.36,0
8.9437,65,20,1719.13,979.98,0,0,0,0,0,0,0,5,60,0,1431.33,994.63,0
8.94815,71,18,1421.17,989.677,0,0,0,1,1,265,0.35,5,60,4,1438.23,995.98,0
8.95333,78,18,1434.83,992.263,0,0,0,1,1,329,0.4,5,60,4,1299.94,1284.72,0
8.95407,79,19,1576.7,1100.54,0,0,0,1,1,361,0.55,5,60,4,1833.08,1765.78,0
8.96444,93,19,1490.23,1006.13,0,0,0,0,0,0,0,5,60,0,1920.58,1897.5,16.8
8.96593,95,26,1266.23,1300.68,0,0,0,0,0,0,0,5,60,0,1418.07,805.78,0
8.96667,96,19,1572.75,1094.28,0,0,0,1,1,297,0.5,5,60,4,1197.78,1407.2,8.65
8.97037,101,10,1418.07,805.78,0,0,0,0,0,0,0,5,60,0,1730.82,941.03,0
8.97704,110,11,1450.44,762.789,12.4029,0.215029,0,1,1,128,0.1,5,60,4,1705.6,1277.65,0
8.98074,115,21,2000,1038.68,0,0,0,1,0,0,0,5,60,4,1462.3,1001.73,0
8.98148,116,28,1705.6,1277.65,0,0,0,0,0,0,0,5,60,0,1892.26,2127.51,14.12
8.98963,127,46,2000,1872.91,0,0,0,1,0,0,0,5,60,4,1301.91,1280.86,0
8.99111,129,19,1459.93,998.13,0,0,0,0,0,0,0,5,60,0,2305.76,1155.44,0
8.99185,130,45,2000,1865.54,0,0,0,1,0,0,0,5,60,4,1894.23,1888.89,0
9.00222,9,27,1502.11,1357.52,0,0,0,0,0,0,0,5,60,0,1742.39,958.375,0
9.01333,24,28,1705.7,1267.05,0.17713,2.79181,-1.6,1,1,265,0.35,5,60,4,2293.25,1877.18,0
9.01481,26,27,1501.03,1354.51,0,0,0,0,0,0,0,5,60,0,1989.18,2222.24,0
9.01704,29,27,1638.35,1213.28,0,0,0,1,1,265,0.35,5,60,4,1558.61,1589.24,0
9.03481,53,20,1712.7,969.193,0,0,0,1,1,297,0.5,5,60,4,1223.22,2090.82,0
9.03704,56,20,1773.15,1034.24,0,0,0,1,1,265,0.35,5,60,4,1663.42,1237.34,0
9.04,60,19,1497.15,1007.14,0,0,0,0,0,0,0,5,60,0,1602.31,1786.36,0
9.0437,65,20,1719.13,979.98,0,0,0,0,0,0,0,5,60,0,1431.33,994.63,0
9.04815,71,18,1418.73,987.494,0,0,0,1,1,265,0.35,5,60,4,1438.23,995.98,0
9.05333,78,18,1432.4,990.083,0,0,0,1,1,329,0.4,5,60,4,1299.94,1284.72,0
9.05407,79,19,1574.26,1098.36,0,0,0,1,1,361,0.55,5,60,4,1833.08,1765.78,0
9.06444,93,19,1490.23,1006.13,0,0,0,0,0,0,0,5,60,0,1922.31,1897.18,18.04
9.06593,95,26,1266.23,1300.68,0,0,0,0,0,0,0,5,60,0,1418.07,805.78,0
9.06667,96,19,1570.33,1092.11,0,0,0,1,1,265,0.35,5,60,4,1197.78,1406.54,6.1
9.07037,101,10,1418.07,805.78,0,0,0,0,0,0,0,5,60,0,1730.82,941.03,0
9.07704,110,11,1448.9,760.813,13.154,0.216635,7.4,1,1,132,0.2,5,60,4,1705.6,1277.65,0
9.08074,115,21,2000,1036.51,0,0,0,1,0,0,0,5,60,4,1462.3,1001.73,0
9.08148,116,28,1705.6,1277.65,0,0,0,0,0,0,0,5,60,0,1892.03,2126.08,14.5
9.08963,127,46,2000,1870.75,0,0,0,1,0,0,0,5,60,4,1301.91,1280.86,0
9.09111,129,19,1459.93,998.13,0,0,0,0,0,0,0,5,60,0,2305.76,1155.44,0
9.09185,130,45,2000,1863.38,0,0,0,1,0,0,0,5,60,4,1894.23,1888.89,0
9.10222,9,27,1502.11,1357.52,0,0,0,0,0,0,0,5,60,0,1742.39,958.375,0
9.11333,24,28,1703.34,1264.91,0.171445,2.79181,0,1,1,265,0.35,5,60,4,2293.25,1877.18,0
9.11481,26,27,1501.03,1354.51,0,0,0,0,0,0,0,5,60,0,1989.18,2222.24,0
9.11704,29,27,1636.01,1211.13,0,0,0,1,1,297,0.5,5,60,4,1558.61,1589.24,0
9.13481,53,20,1710.38,967.059,0,0,0,1,1,297,0.5,5,60,4,1223.22,2090.82,0
9.13704,56,20,1770.84,1032.11,0,0,0,1,1,297,0.5,5,60,4,1663.42,1237.34,0
9.14,60,19,1497.15,1007.14,0,0,0,0,0,0,0,5,60,0,1602.31,1786.36,0
9.1437,65,20,1719.13,979.98,0,0,0,0,0,0,0,5,60,0,1431.33,994.63,0
9.14815,71,18,1416.43,985.37,0,0,0,1,1,265,0.35,5,60,4,1438.23,995.98,0
9.15333,78,18,1430.11,987.962,0,0,0,1,1,329,0.4,5,60,4,1299.94,1284.72,0
9.15407,79,19,1571.97,1096.24,0,0,0,1,1,361,0.55,5,60,4,1833.08,1765.78,0
9.16444,93,19,1490.23,1006.13,0,0,0,0,0,0,0,5,60,0,1924.08,1896.85,18.04
9.16593,95,26,1266.23,1300.68,0,0,0,0,0,0,0,5,60,0,1418.07,805.78,0
9.16667,96,19,1568.07,1089.99,0,0,0,1,1,297,0.5,5,60,4,1197.82,1405.94,6.1
9.17037,101,10,1418.07,805.78,0,0,0,0,0,0,0,5,60,0,1730.82,941.03,0
9.17704,110,11,1447.55,758.903,12.5899,0.216635,0,1,1,132,0.2,5,60,4,1705.6,1277.65,0
9.18074,115,21,2000,1034.41,0,0,0,1,0,0,0,5,60,4,1462.3,1001.73,0
9.18148,116,28,1705.6,1277.65,0,0,0,0,0,0,0,5,60,0,1891.79,2124.65,14.5
9.18963,127,46,2000,1868.65,0,0,0,1,0,0,0,5,60,4,1301.91,1280.86,0
9.19111,129,19,1459.93,998.13,0,0,0,0,0,0,0,5,60,0,2305.76,1155.44,0
9.19185,130,45,2000,1861.28,0,0,0,1,0,0,0,5,60,4,1894.23,1888.89,0
9.20222,9,27,1502.11,1357.52,0,0,0,0,0,0,0,5,60,0,1742.39,958.375,0
9.21333,24,28,1701.15,1262.84,0.163051,2.79181,0,1,1,265,0.35,5,60,4,2293.25,1877.18,0
9.21481,26,27,1501.03,1354.51,0,0,0,0,0,0,0,5,60,0,1989.18,2222.24,0
9.21704,29,27,1633.84,1209.06,0,0,0,1,1,297,0.5,5,60,4,1558.61,1589.24,0
9.23481,53,20,1708.24,964.998,0,0,0,1,1,297,0.5,5,60,4,1223.22,2090.82,0
9.23704,56,20,1768.71,1030.05,0,0,0,1,1,297,0.5,5,60,4,1663.42,1237.34,0
9.24,60,19,1497.15,1007.14,0,0,0,0,0,0,0,5,60,0,1602.31,1786.36,0
9.2437,65,20,1719.13,979.98,0,0,0,0,0,0,0,5,60,0,1431.33,994.63,0
9.24815,71,18,1414.32,983.32,0,0,0,1,1,265,0.35,5,60,4,1438.23,995.98,0
9.25333,78,18,1428.01,985.916,0,0,0,1,1,329,0.4,5,60,4,1299.94,1284.72,0
9.25407,79,19,1569.87,1094.19,0,0,0,1,1,361,0.55,5,60,4,1833.08,1765.78,0
9.26444,93,19,1490.23,1006.13,0,0,0,0,0,0,0,5,60,0,1925.86,1896.52,18.04
9.26593,95,26,1266.23,1300.68,0,0,0,0,0,0,0,5,60,0,1418.07,805.78,0
9.26667,96,19,1565.99,1087.96,0,0,0,1,1,297,0.5,5,60,4,1197.86,1405.33,6.1
9.27037,101,10,1418.07,805.78,0,0,0,0,0,0,0,5,60,0,1730.82,941.03,0
9.27704,110,11,1446.38,757.073,11.841,0.216635,0,1,1,132,0.2,5,60,4,1705.6,1277.65,0
9.28074,115,21,2000,1032.39,0,0,0,1,0,0,0,5,60,4,1462.3,1001.73,0
9.28148,116,28,1705.6,1277.65,0,0,0,0,0,0,0,5,60,0,1891.56,2123.22,14.5
9.28963,127,46,2000,1866.64,0,0,0,1,0,0,0,5,60,4,1301.91,1280.86,0
9.29111,129,19,1459.93,998.13,0,0,0,0,0,0,0,5,60,0,2305.76,1155.44,0
9.29185,130,45,2000,1859.27,0,0,0,1,0,0,0,5,60,4,1894.23,1888.89,0
9.30222,9,27,1502.11,1357.52,0,0,0,0,0,0,0,5,60,0,1742.39,958.375,0
9.31333,24,28,1699.16,1260.85,0.15239,2.79181,0,1,1,265,0.35,5,60,4,2293.25,1877.18,0
9.31481,26,27,1501.03,1354.51,0,0,0,0,0,0,0,5,60,0,1989.18,2222.24,0
9.31704,29,27,1631.86,1207.07,0,0,0,1,1,297,0.5,5,60,4,1558.61,1589.24,0
9.33481,53,20,1706.3,963.027,0,0,0,1,1,297,0.5,5,60,4,1223.22,2090.82,0
9.33704,56,20,1766.77,1028.08,0,0,0,1,1,297,0.5,5,60,4,1663.42,1237.34,0
9.34,60,19,1497.15,1007.14,0,0,0,0,0,0,0,5,60,0,1602.31,1786.36,0
9.3437,65,20,1719.13,979.98,0,0,0,0,0,0,0,5,60,0,1431.33,994.63,0
9.34815,71,18,1412.41,981.362,0,0,0,1,1,265,0.35,5,60,4,1438.23,995.98,0
9.35333,78,18,1426.11,983.963,0,0,0,1,1,329,0.4,5,60,4,1299.94,1284.72,0
9.35407,79,19,1567.98,1092.24,0,0,0,1,1,361,0.55,5,60,4,1833.08,1765.78,0
9.36444,93,19,1490.23,1006.13,0,0,0,0,0,0,0,5,60,0,1927.63,1896.19,18.04
9.36593,95,26,1266.23,1300.68,0,0,0,0,0,0,0,5,60,0,1418.07,805.78,0
9.36667,96,19,1564.12,1086.02,0,0,0,1,1,297,0.5,5,60,4,1197.91,1404.72,6.1
9.37037,101,10,1418.07,805.78,0,0,0,0,0,0,0,5,60,0,1730.82,941.03,0
9.37704,110,11,1445.42,755.34,10.9467,0.216635,0,1,1,132,0.2,5,60,4,1705.6,1277.65,0
9.38074,115,21,2000,1030.47,0,0,0,1,0,0,0,5,60,4,1462.3,1001.73,0
9.38148,116,28,1705.6,1277.65,0,0,0,0,0,0,0,5,60,0,1891.32,2121.79,14.5
9.38963,127,46,2000,1864.72,0,0,0,1,0,0,0,5,60,4,1301.91,1280.86,0
9.39111,129,19,1459.93,998.13,0,0,0,0,0,0,0,5,60,0,2305.76,1155.44,0
9.39185,130,45,2000,1857.36,0,0,0,1,0,0,0,5,60,4,1894.23,1888.89,0
9.40222,9,27,1502.11,1357.52,0,0,0,0,0,0,0,5,60,0,1742.39,958.375,0
9.41333,24,28,1697.38,1258.96,0.140023,2.79181,0,1,1,265,0.35,5,60,4,2293.25,1877.18,0
9.41481,26,27,1501.03,1354.51,0,0,0,0,0,0,0,5,60,0,1989.18,2222.24,0
9.41704,29,27,1630.11,1205.18,0,0,0,1,1,297,0.5,5,60,4,1558.61,1589.24,0
9.43481,53,20,1704.59,961.161,0,0,0,1,1,297,0.5,5,60,4,1223.22,2090.82,0
9.43704,56,20,1765.07,1026.22,0,0,0,1,1,297,0.5,5,60,4,1663.42,1237.34,0
9.44,60,19,1497.15,1007.14,0,0,0,0,0,0,0,5,60,0,1602.31,1786.36,0
9.4437,65,20,1719.13,979.98,0,0,0,0,0,0,0,5,60,0,1431.33,994.63,0
9.44815,71,18,1410.73,979.511,0,0,0,1,1,265,0.35,5,60,4,1438.23,995.98,0
9.45333,78,18,1424.44,982.119,0,0,0,1,1,329,0.4,5,60,4,1299.94,1284.72,0
9.45407,79,19,1566.31,1090.4,0,0,0,1,1,361,0.55,5,60,4,1833.08,1765.78,0
9.46444,93,19,1490.23,1006.13,0,0,0,0,0,0,0,5,60,0,1929.4,1895.86,18.04
9.46593,95,26,1266.23,1300.68,0,0,0,0,0,0,0,5,60,0,1418.07,805.78,0
9.46667,96,19,1562.49,1084.19,0,0,0,1,1,297,0.5,5,60,4,1197.95,1404.11,6.1
9.47037,101,10,1418.07,805.78,0,0,0,0,0,0,0,5,60,0,1730.82,941.03,0
9.47704,110,11,1444.69,753.718,9.95405,0.216635,0,1,1,4,0.1,5,60,4,1705.6,1277.65,0
9.48074,115,21,2000,1028.65,0,0,0,1,0,0,0,5,60,4,1462.3,1001.73,0
9.48148,116,28,1705.6,1277.65,0,0,0,0,0,0,0,5,60,0,1891.08,2120.36,14.5
9.48963,127,46,2000,1862.92,0,0,0,1,0,0,0,5,60,4,1301.91,1280.86,0
9.49111,129,19,1459.93,998.13,0,0,0,0,0,0,0,5,60,0,2305.76,1155.44,0
9.49185,130,45,2000,1855.56,0,0,0,1,0,0,0,5,60,4,1894.23,1888.89,0
9.50222,9,27,1502.11,1357.52,0,0,0,0,0,0,0,5,60,0,1742.39,958.375,0
9.51333,24,28,1695.85,1257.2,0.126601,2.79181,0,1,1,265,0.35,5,60,4,2293.25,1877.18,0
9.51481,26,27,1501.03,1354.51,0,0,0,0,0,0,0,5,60,0,1989.18,2222.24,0
9.51704,29,27,1628.6,1203.42,0,0,0,1,1,297,0.5,5,60,4,1558.61,1589.24,0
9.53481,53,20,1703.13,959.416,0,0,0,1,1,297,0.5,5,60,4,1223.22,2090.82,0
9.53704,56,20,1763.61,1024.48,0,0,0,1,1,297,0.5,5,60,4,1663.42,1237.34,0
9.54,60,19,1497.15,1007.14,0,0,0,0,0,0,0,5,60,0,1602.31,1786.36,0
9.5437,65,20,1719.13,979.98,0,0,0,0,0,0,0,5,60,0,1431.33,994.63,0
9.54815,71,18,1409.3,977.783,0,0,0,1,1,265,0.35,5,60,4,1438.23,995.98,0
9.55333,78,18,1423.02,980.397,0,0,0,1,1,329,0.4,5,60,4,1299.94,1284.72,0
9.55407,79,19,1564.89,1088.67,0,0,0,1,1,361,0.55,5,60,4,1833.08,1765.78,0
9.56444,93,19,1490.23,1006.13,0,0,0,0,0,0,0,5,60,0,1931.18,1895.53,18.04
9.56593,95,26,1266.23,1300.68,0,0,0,0,0,0,0,5,60,0,1418.07,805.78,0
9.56667,96,19,1561.1,1082.49,0,0,0,1,1,297,0.5,5,60,4,1197.99,1403.5,6.1
9.57037,101,10,1418.07,805.78,0,0,0,0,0,0,0,5,60,0,1730.82,941.03,0
9.57704,110,11,1444.23,752.223,8.91537,0.216635,0,1,1,4,0.1,5,60,4,1705.6,1277.65,0
9.58074,115,21,2000,1026.97,0,0,0,1,0,0,0,5,60,4,1462.3,1001.73,0
9.58148,116,28,1705.6,1277.65,0,0,0,0,0,0,0,5,60,0,1890.85,2118.93,14.5
9.58963,127,46,2000,1861.25,0,0,0,1,0,0,0,5,60,4,1301.91,1280.86,0
9.59111,129,19,1459.93,998.13,0,0,0,0,0,0,0,5,60,0,2305.76,1155.44,0
9.59185,130,45,2000,1853.89,0,0,0,1,0,0,0,5,60,4,1894.23,1888.89,0
9.60222,9,27,1502.11,1357.52,0,0,0,0,0,0,0,5,60,0,1742.39,958.375,0
9.61333,24,28,1694.58,1255.56,0.112831,2.79181,0,1,1,265,0.35,5,60,4,2293.25,1877.18,0
9.61481,26,27,1501.03,1354.51,0,0,0,0,0,0,0,5,60,0,1989.18,2222.24,0
9.61704,29,27,1627.35,1201.78,0,0,0,1,1,297,0.5,5,60,4,1558.61,1589.24,0
9.63481,53,20,1701.93,957.805,0,0,0,1,1,297,0.5,5,60,4,1223.22,2090.82,0
9.63704,56,20,1762.41,1022.87,0,0,0,1,1,297,0.5,5,60,4,1663.42,1237.34,0
9.64,60,19,1497.15,1007.14,0,0,0,0,0,0,0,5,60,0,1602.31,1786.36,0
9.6437,65,20,1719.13,979.98,0,0,0,0,0,0,0,5,60,0,1431.33,994.63,0
9.64815,71,18,1408.14,976.191,0,0,0,1,1,265,0.35,5,60,4,1438.23,995.98,0
9.65333,78,18,1421.87,978.812,0,0,0,1,1,329,0.4,5,60,4,1299.94,1284.72,0
9.65407,79,19,1563.75,1087.09,0,0,0,1,1,361,0.55,5,60,4,1833.08,1765.78,0
9.66444,93,19,1490.23,1006.13,0,0,0,0,0,0,0,5,60,0,1932.95,1895.2,18.04
9.66593,95,26,1266.23,1300.68,0,0,0,0,0,0,0,5,60,0,1418.07,805.78,0
9.66667,96,19,1559.99,1080.92,0,0,0,1,1,297,0.5,5,60,4,1198.04,1402.89,6.1
9.67037,101,10,1418.07,805.78,0,0,0,0,0,0,0,5,60,0,1730.82,941.03,0
9.67704,110,11,1444.03,750.868,7.88536,0.216635,0,1,1,4,0.1,5,60,4,1705.6,1277.65,0
9.68074,115,21,2000,1025.42,0,0,0,1,0,0,0,5,60,4,1462.3,1001.73,0
9.68148,116,28,1705.6,1277.65,0,0,0,0,0,0,0,5,60,0,1890.61,2117.5,14.5
9.68963,127,46,2000,1859.71,0,0,0,1,0,0,0,5,60,4,1301.91,1280.86,0
9.69111,129,19,1459.93,998.13,0,0,0,0,0,0,0,5,60,0,2305.76,1155.44,0
9.69185,130,45,2000,1852.36,0,0,0,1,0,0,0,5,60,4,1894.23,1888.89,0
9.70222,9,27,1502.11,1357.52,0,0,0,0,0,0,0,5,60,0,1742.39,958.375,0
9.71333,24,28,1693.59,1254.07,0.0994394,2.79181,0,1,1,265,0.35,5,60,4,2293.25,1877.18,0
9.71481,26,27,1501.03,1354.51,0,0,0,0,0,0,0,5,60,0,1989.18,2222.24,0
9.71704,29,27,1626.38,1200.29,0,0,0,1,1,297,0.5,5,60,4,1558.61,1589.24,0
9.73481,53,20,1701,956.342,0,0,0,1,1,297,0.5,5,60,4,1223.22,2090.82,0
9.73704,56,20,1761.5,1021.41,0,0,0,1,1,297,0.5,5,60,4,1663.42,1237.34,0
9.74,60,19,1497.15,1007.14,0,0,0,0,0,0,0,5,60,0,1602.31,1786.36,0
9.7437,65,20,1719.13,979.98,0,0,0,0,0,0,0,5,60,0,1431.33,994.63,0
9.74815,71,18,1407.25,974.748,0,0,0,1,1,265,0.35,5,60,4,1438.23,995.98,0
9.75333,78,18,1421,977.378,0,0,0,1,1,329,0.4,5,60,4,1299.94,1284.72,0
9.75407,79,19,1562.88,1085.66,0,0,0,1,1,361,0.55,5,60,4,1833.08,1765.78,0
9.76444,93,19,1490.23,1006.13,0,0,0,0,0,0,0,5,60,0,1934.72,1894.87,18.04
9.76593,95,26,1266.23,1300.68,0,0,0,0,0,0,0,5,60,0,1418.07,805.78,0
9.76667,96,19,1559.16,1079.51,0,0,0,1,1,297,0.5,5,60,4,1198.08,1402.28,6.1
9.77037,101,10,1418.07,805.78,0,0,0,0,0,0,0,5,60,0,1730.82,941.03,0
9.77704,110,11,1444.11,749.666,6.91827,0.216635,0,1,1,4,0.1,5,60,4,1705.6,1277.65,0
9.78074,115,21,2000,1024.03,0,0,0,1,0,0,0,5,60,4,1462.3,1001.73,0
9.78148,116,28,1705.6,1277.65,0,0,0,0,0,0,0,5,60,0,1890.37,2116.07,14.5
9.78963,127,46,2000,1858.34,0,0,0,1,0,0,0,5,60,4,1301.91,1280.86,0
9.79111,129,19,1459.93,998.13,0,0,0,0,0,0,0,5,60,0,2305.76,1155.44,0
9.79185,130,45,2000,1850.99,0,0,0,1,0,0,0,5,60,4,1894.23,1888.89,0
9.80222,9,27,1502.11,1357.52,0,0,0,0,0,0,0,5,60,0,1742.39,958.375,0
9.81333,24,28,1692.88,1252.73,0.0871303,2.79181,0,1,1,265,0.35,5,60,4,2293.25,1877.18,0
9.81481,26,27,1501.03,1354.51,0,0,0,0,0,0,0,5,60,0,1989.18,2222.24,0
9.81704,29,27,1625.69,1198.96,0,0,0,1,1,297,0.5,5,60,4,1558.61,1589.24,0
9.83481,53,20,1700.37,955.038,0,0,0,1,1,297,0.5,5,60,4,1223.22,2090.82,0
9.83704,56,20,1760.87,1020.11,0,0,0,1,1,297,0.5,5,60,4,1663.42,1237.34,0
9.84,60,19,1497.15,1007.14,0,0,0,0,0,0,0,5,60,0,1602.31,1786.36,0
9.8437,65,20,1719.13,979.98,0,0,0,0,0,0,0,5,60,0,1431.33,994.63,0
9.84815,71,18,1406.66,973.467,0,0,0,1,1,265,0.35,5,60,4,1438.23,995.98,0
9.85333,78,18,1420.43,976.105,0,0,0,1,1,329,0.4,5,60,4,1299.94,1284.72,0
9.85407,79,19,1562.3,1084.39,0,0,0,1,1,361,0.55,5,60,4,1833.08,1765.78,0
9.86444,93,19,1490.23,1006.13,0,0,0,0,0,0,0,5,60,0,1936.5,1894.54,18.04
9.86593,95,26,1266.23,1300.68,0,0,0,0,0,0,0,5,60,0,1418.07,805.78,0
9.86667,96,19,1558.62,1078.26,0,0,0,1,1,297,0.5,5,60,4,1198.12,1401.68,6.1
9.87037,101,10,1418.07,805.78,0,0,0,0,0,0,0,5,60,0,1730.82,941.03,0
9.87704,110,11,1444.49,748.628,6.06504,0.216635,0,1,1,4,0.1,5,60,4,1705.6,1277.65,0
9.88074,115,21,2000,1022.81,0,0,0,1,0,0,0,5,60,4,1462.3,1001.73,0
9.88148,116,28,1705.6,1277.65,0,0,0,0,0,0,0,5,60,0,1890.14,2114.64,14.5
9.88963,127,46,2000,1857.12,0,0,0,1,0,0,0,5,60,4,1301.91,1280.86,0
9.89111,129,19,1459.93,998.13,0,0,0,0,0,0,0,5,60,0,2305.76,1155.44,0
9.89185,130,45,2000,1849.78,0,0,0,1,0,0,0,5,60,4,1894.23,1888.89,0
9.90222,9,27,1502.11,1357.52,0,0,0,0,0,0,0,5,60,0,1742.39,958.375,0
9.91333,24,28,1692.47,1251.57,0.0765524,2.79181,0,1,1,265,0.35,5,60,4,2293.25,1877.18,0
9.91481,26,27,1501.03,1354.51,0,0,0,0,0,0,0,5,60,0,1989.18,2222.24,0
9.91704,29,27,1625.3,1197.79,0,0,0,1,1,297,0.5,5,60,4,1558.61,1589.24,0
9.93481,53,20,1700.04,953.904,0,0,0,1,1,297,0.5,5,60,4,1223.22,2090.82,0
9.93704,56,20,1760.54,1018.98,0,0,0,1,1,297,0.5,5,60,4,1663.42,1237.34,0
9.94,60,19,1497.15,1007.14,0,0,0,0,0,0,0,5,60,0,1602.31,1786.36,0
9.9437,65,20,1719.13,979.98,0,0,0,0,0,0,0,5,60,0,1431.33,994.63,0
9.94815,71,18,1406.36,972.356,0,0,0,1,1,265,0.35,5,60,4,1438.23,995.98,0
9.95333,78,18,1420.15,975.003,0,0,0,1,1,329,0.4,5,60,4,1299.94,1284.72,0
9.95407,79,19,1562.03,1083.29,0,0,0,1,1,361,0.55,5,60,4,1833.08,1765.78,0
9.96444,93,19,1490.23,1006.13,0,0,0,0,0,0,0,5,60,0,1938.27,1894.21,18.04
9.96593,95,26,1266.23,1300.68,0,0,0,0,0,0,0,5,60,0,1418.07,805.78,0
9.96667,96,19,1558.38,1077.18,0,0,0,1,1,297,0.5,5,60,4,1198.17,1401.07,6.1
9.97037,101,10,1418.07,805.78,0,0,0,0,0,0,0,5,60,0,1730.82,941.03,0
9.97704,110,11,1445.17,747.764,5.37059,0.216635,0,1,1,4,0.1,5,60,4,1705.6,1277.65,0
9.98074,115,21,2000,1021.75,0,0,0,1,0,0,0,5,60,4,1462.3,1001.73,0
9.98148,116,28,1705.6,1277.65,0,0,0,0,0,0,0,5,60,0,1889.9,2113.21,14.5
9.98963,127,46,2000,1856.09,0,0,0,1,0,0,0,5,60,4,1301.91,1280.86,0
9.99111,129,19,1459.93,998.13,0,0,0,0,0,0,0,5,60,0,2305.76,1155.44,0
9.99185,130,45,2000,1848.75,0,0,0,1,0,0,0,5,60,4,1894.23,1888.89,0
10.0022,9,27,1502.11,1357.52,0,0,0,0,0,0,0,5,60,0,1742.39,958.375,0
10.0133,24,28,1692.36,1250.57,0.00568858,2.86047,-1.1,1,1,267,0.45,5,60,4,2293.25,1877.18,0
10.0148,26,27,1501.03,1354.51,0,0,0,0,0,0,0,5,60,0,1989.18,2222.24,0
10.017,29,27,1625.22,1196.81,0,0,0,1,1,265,0.35,5,60,4,1558.61,1589.24,0
10.0348,53,20,1700,952.949,0,0,0,1,1,297,0.5,5,60,4,1223.22,2090.82,0
10.037,56,20,1760.52,1018.03,0,0,0,1,1,265,0.35,5,60,4,1663.42,1237.34,0
10.04,60,19,1497.15,1007.14,0,0,0,0,0,0,0,5,60,0,1602.31,1786.36,0
10.0437,65,20,1719.13,979.98,0,0,0,0,0,0,0,5,60,0,1431.33,994.63,0
10.0481,71,18,1406.37,971.426,0,0,0,1,1,265,0.35,5,60,4,1438.23,995.98,0
10.0533,78,18,1420.17,974.083,0,0,0,1,1,329,0.4,5,60,4,1299.94,1284.72,0
10.0541,79,19,1562.05,1082.37,0,0,0,1,1,361,0.55,5,60,4,1833.08,1765.78,0
10.0644,93,19,1490.23,1006.13,0,0,0,0,0,0,0,5,60,0,1940.11,1893.86,19.08
10.0659,95,26,1266.23,1300.68,0,0,0,0,0,0,0,5,60,0,1418.07,805.78,0
10.0667,96,19,1558.45,1076.28,0,0,0,1,1,265,0.35,5,60,4,1198.2,1400.71,2.39
10.0704,101,10,1418.07,805.78,0,0,0,0,0,0,0,5,60,0,1730.82,941.03,0
10.077,110,11,1446.23,747.099,5.44024,0.215568,10.6,1,1,4,0.1,5,60,4,1705.6,1277.65,0
10.0807,115,21,2000,1020.88,0,0,0,1,0,0,0,5,60,4,1462.3,1001.73,0
10.0815,116,28,1705.6,1277.65,0,0,0,0,0,0,0,5,60,0,1889.67,2111.8,14.31
10.0896,127,46,2000,1855.23,0,0,0,1,0,0,0,5,60,4,1301.91,1280.86,0
10.0911,129,19,1459.93,998.13,0,0,0,0,0,0,0,5,60,0,2305.76,1155.44,0
10.0919,130,45,2000,1847.9,0,0,0,1,0,0,0,5,60,4,1894.23,1888.89,0
10.1022,9,27,1502.11,1357.52,0,0,0,0,0,0,0,5,60,0,1742.39,958.375,0
10.1133,24,28,1692.57,1249.77,0.00522483,2.86047,0,1,1,265,0.35,5,60,4,2293.25,1877.18,0
10.1148,26,27,1501.03,1354.51,0,0,0,0,0,0,0,5,60,0,1989.18,2222.24,0
10.117,29,27,1625.43,1196,0,0,0,1,1,297,0.5,5,60,4,1558.61,1589.24,0
10.1348,53,20,1700.27,952.181,0,0,0,1,1,297,0.5,5,60,4,1223.22,2090.82,0
10.137,56,20,1760.79,1017.27,0,0,0,1,1,297,0.5,5,60,4,1663.42,1237.34,0
10.14,60,19,1497.15,1007.14,0,0,0,0,0,0,0,5,60,0,1602.31,1786.36,0
10.1437,65,20,1719.13,979.98,0,0,0,0,0,0,0,5,60,0,1431.33,994.63,0
10.1481,71,18,1406.68,970.684,0,0,0,1,1,265,0.35,5,60,4,1438.23,995.98,0
10.1533,78,18,1420.49,973.35,0,0,0,1,1,329,0.4,5,60,4,1299.94,1284.72,0
10.1541,79,19,1562.38,1081.64,0,0,0,1,1,361,0.55,5,60,4,1833.08,1765.78,0
10.1644,93,19,1490.23,1006.13,0,0,0,0,0,0,0,5,60,0,1941.99,1893.52,19.08
10.1659,95,26,1266.23,1300.68,0,0,0,0,0,0,0,5,60,0,1418.07,805.78,0
10.1667,96,19,1558.81,1075.58,0,0,0,1,1,297,0.5,5,60,4,1198.23,1400.47,2.39
10.1704,101,10,1418.07,805.78,0,0,0,0,0,0,0,5,60,0,1730.82,941.03,0
10.177,110,11,1447.62,746.629,5.1304,0.215568,0,1,0,0,0,5,60,4,1705.6,1277.65,0
10.1807,115,21,2000,1020.2,0,0,0,1,0,0,0,5,60,4,1462.3,1001.73,0
10.1815,116,28,1705.6,1277.65,0,0,0,0,0,0,0,5,60,0,1889.44,2110.39,14.31
10.1896,127,46,2000,1854.57,0,0,0,1,0,0,0,5,60,4,1301.91,1280.86,0
10.1911,129,19,1459.93,998.13,0,0,0,0,0,0,0,5,60,0,2305.76,1155.44,0
10.1919,130,45,2000,1847.24,0,0,0,1,0,0,0,5,60,4,1894.23,1888.89,0
10.2022,9,27,1502.11,1357.52,0,0,0,0,0,0,0,5,60,0,1742.39,958.375,0
10.2133,24,28,1693.07,1249.15,0.0050126,2.86047,0,1,1,265,0.35,5,60,4,2293.25,1877.18,0
10.2148,26,27,1501.03,1354.51,0,0,0,0,0,0,0,5,60,0,1989.18,2222.24,0
10.217,29,27,1625.95,1195.39,0,0,0,1,1,297,0.5,5,60,4,1558.61,1589.24,0
10.2348,53,20,1700.84,951.607,0,0,0,1,1,297,0.5,5,60,4,1223.22,2090.82,0
10.237,56,20,1761.36,1016.7,0,0,0,1,1,297,0.5,5,60,4,1663.42,1237.34,0
10.24,60,19,1497.15,1007.14,0,0,0,0,0,0,0,5,60,0,1602.31,1786.36,0
10.2437,65,20,1719.13,979.98,0,0,0,0,0,0,0,5,60,0,1431.33,994.63,0
10.2481,71,18,1407.29,970.135,0,0,0,1,1,265,0.35,5,60,4,1438.23,995.98,0
10.2533,78,18,1421.12,972.812,0,0,0,1,1,329,0.4,5,60,4,1299.94,1284.72,0
10.2541,79,19,1563,1081.1,0,0,0,1,1,361,0.55,5,60,4,1833.08,1765.78,0
10.2644,93,19,1490.23,1006.13,0,0,0,0,0,0,0,5,60,0,1943.86,1893.17,19.08
10.2659,95,26,1266.23,1300.68,0,0,0,0,0,0,0,5,60,0,1418.07,805.78,0
10.2667,96,19,1559.47,1075.07,0,0,0,1,1,297,0.5,5,60,4,1198.26,1400.24,2.39
10.2704,101,10,1418.07,805.78,0,0,0,0,0,0,0,5,60,0,1730.82,941.03,0
10.277,110,11,1449.3,746.354,5.08444,0.215568,0,1,0,0,0,5,60,4,1705.6,1277.65,0
10.2807,115,21,2000,1019.72,0,0,0,1,0,0,0,5,60,4,1462.3,1001.73,0
10.2815,116,28,1705.6,1277.65,0,0,0,0,0,0,0,5,60,0,1889.2,2108.97,14.31
10.2896,127,46,2000,1854.11,0,0,0,1,0,0,0,5,60,4,1301.91,1280.86,0
10.2911,129,19,1459.93,998.13,0,0,0,0,0,0,0,5,60,0,2305.76,1155.44,0
10.2919,130,45,2000,1846.78,0,0,0,1,0,0,0,5,60,4,1894.23,1888.89,0
10.3022,9,27,1502.11,1357.52,0,0,0,0,0,0,0,5,60,0,1742.39,958.375,0
10.3133,24,28,1693.86,1248.73,0.00506303,2.86047,0,1,1,265,0.35,5,60,4,2293.25,1877.18,0
10.3148,26,27,1501.03,1354.51,0,0,0,0,0,0,0,5,60,0,1989.18,2222.24,0
10.317,29,27,1626.75,1194.98,0,0,0,1,1,297,0.5,5,60,4,1558.61,1589.24,0
10.3348,53,20,1701.7,951.23,0,0,0,1,1,297,0.5,5,60,4,1223.22,2090.82,0
10.337,56,20,1762.23,1016.32,0,0,0,1,1,297,0.5,5,60,4,1663.42,1237.34,0
10.34,60,19,1497.15,1007.14,0,0,0,0,0,0,0,5,60,0,1602.31,1786.36,0
10.3437,65,20,1719.13,979.98,0,0,0,0,0,0,0,5,60,0,1431.33,994.63,0
10.3481,71,18,1408.18,969.785,0,0,0,1,1,265,0.35,5,60,4,1438.23,995.98,0
10.3533,78,18,1422.03,972.472,0,0,0,1,1,329,0.4,5,60,4,1299.94,1284.72,0
10.3541,79,19,1563.92,1080.76,0,0,0,1,1,361,0.55,5,60,4,1833.08,1765.78,0
10.3644,93,19,1490.23,1006.13,0,0,0,0,0,0,0,5,60,0,1945.74,1892.82,19.08
10.3659,95,26,1266.23,1300.68,0,0,0,0,0,0,0,5,60,0,1418.07,805.78,0
10.3667,96,19,1560.42,1074.75,0,0,0,1,1,297,0.5,5,60,4,1198.29,1400,2.39
10.3704,101,10,1418.07,805.78,0,0,0,0,0,0,0,5,60,0,1730.82,941.03,0
10.377,110,11,1451.27,746.279,5.30474,0.215568,0,1,0,0,0,5,60,4,1705.6,1277.65,0
10.3807,115,21,2000,1019.43,0,0,0,1,0,0,0,5,60,4,1462.3,1001.73,0
10.3815,116,28,1705.6,1277.65,0,0,0,0,0,0,0,5,60,0,1888.97,2107.56,14.31
10.3896,127,46,2000,1853.84,0,0,0,1,0,0,0,5,60,4,1301.91,1280.86,0
10.3911,129,19,1459.93,998.13,0,0,0,0,0,0,0,5,60,0,2305.76,1155.44,0
10.3919,130,45,2000,1846.51,0,0,0,1,0,0,0,5,60,4,1894.23,1888.89,0
10.4022,9,27,1502.11,1357.52,0,0,0,0,0,0,0,5,60,0,1742.39,958.375,0
10.4133,24,28,1694.94,1248.51,0.00537347,2.86047,0,1,1,265,0.35,5,60,4,2293.25,1877.18,0
10.4148,26,27,1501.03,1354.51,0,0,0,0,0,0,0,5,60,0,1989.18,2222.24,0
10.417,29,27,1627.85,1194.77,0,0,0,1,1,297,0.5,5,60,4,1558.61,1589.24,0
10.4348,53,20,1702.84,951.054,0,0,0,1,1,297,0.5,5,60,4,1223.22,2090.82,0
10.437,56,20,1763.38,1016.15,0,0,0,1,1,297,0.5,5,60,4,1663.42,1237.34,0
10.44,60,19,1497.15,1007.14,0,0,0,0,0,0,0,5,60,0,1602.31,1786.36,0
10.4437,65,20,1719.13,979.98,0,0,0,0,0,0,0,5,60,0,1431.33,994.63,0
10.4481,71,18,1409.36,969.636,0,0,0,1,1,265,0.35,5,60,4,1438.23,995.98,0
10.4533,78,18,1423.22,972.333,0,0,0,1,1,329,0.4,5,60,4,1299.94,1284.72,0
10.4541,79,19,1565.11,1080.62,0,0,0,1,1,361,0.55,5,60,4,1833.08,1765.78,0
10.4644,93,19,1490.23,1006.13,0,0,0,0,0,0,0,5,60,0,1947.61,1892.47,19.08
10.4659,95,26,1266.23,1300.68,0,0,0,0,0,0,0,5,60,0,1418.07,805.78,0
10.4667,96,19,1561.65,1074.64,0,0,0,1,1,297,0.5,5,60,4,1198.32,1399.76,2.39
10.4704,101,10,1418.07,805.78,0,0,0,0,0,0,0,5,60,0,1730.82,941.03,0
10.477,110,11,1453.52,746.405,5.7797,0.215568,0,1,1,4,0.1,5,60,4,1705.6,1277.65,0
10.4807,115,21,2000,1019.35,0,0,0,1,0,0,0,5,60,4,1462.3,1001.73,0
10.4815,116,28,1705.6,1277.65,0,0,0,0,0,0,0,5,60,0,1888.74,2106.15,14.31
10.4896,127,46,2000,1853.77,0,0,0,1,0,0,0,5,60,4,1301.91,1280.86,0
10.4911,129,19,1459.93,998.13,0,0,0,0,0,0,0,5,60,0,2305.76,1155.44,0
10.4919,130,45,2000,1846.45,0,0,0,1,0,0,0,5,60,4,1894.23,1888.89,0
10.5022,9,27,1502.11,1357.52,0,0,0,0,0,0,0,5,60,0,1742.39,958.375,0
10.5133,24,28,1696.29,1248.49,0.00592756,2.86047,0,1,1,265,0.35,5,60,4,2293.25,1877.18,0
10.5148,26,27,1501.03,1354.51,0,0,0,0,0,0,0,5,60,0,1989.18,2222.24,0
10.517,29,27,1629.21,1194.76,0,0,0,1,1,297,0.5,5,60,4,1558.61,1589.24,0
10.5348,53,20,1704.25,951.08,0,0,0,1,1,297,0.5,5,60,4,1223.22,2090.82,0
10.537,56,20,1764.79,1016.18,0,0,0,1,1,297,0.5,5,60,4,1663.42,1237.34,0
10.54,60,19,1497.15,1007.14,0,0,0,0,0,0,0,5,60,0,1602.31,1786.36,0
10.5437,65,20,1719.13,979.98,0,0,0,0,0,0,0,5,60,0,1431.33,994.63,0
10.5481,71,18,1410.8,969.689,0,0,0,1,1,265,0.35,5,60,4,1438.23,995.98,0
10.5533,78,18,1424.67,972.397,0,0,0,1,1,329,0.4,5,60,4,1299.94,1284.72,0
10.5541,79,19,1566.57,1080.69,0,0,0,1,1,361,0.55,5,60,4,1833.08,1765.78,0
10.5644,93,19,1490.23,1006.13,0,0,0,0,0,0,0,5,60,0,1949.49,1892.12,19.08
10.5659,95,26,1266.23,1300.68,0,0,0,0,0,0,0,5,60,0,1418.07,805.78,0
10.5667,96,19,1563.14,1074.73,0,0,0,1,1,297,0.5,5,60,4,1198.36,1399.53,2.39
10.5704,101,10,1418.07,805.78,0,0,0,0,0,0,0,5,60,0,1730.82,941.03,0
10.577,110,11,1456.02,746.733,6.48426,0.215568,0,1,1,4,0.1,5,60,4,1705.6,1277.65,0
10.5807,115,21,2000,1019.47,0,0,0,1,0,0,0,5,60,4,1462.3,1001.73,0
10.5815,116,28,1705.6,1277.65,0,0,0,0,0,0,0,5,60,0,1888.5,2104.74,14.31
10.5896,127,46,2000,1853.91,0,0,0,1,0,0,0,5,60,4,1301.91,1280.86,0
10.5911,129,19,1459.93,998.13,0,0,0,0,0,0,0,5,60,0,2305.76,1155.44,0
10.5919,130,45,2000,1846.6,0,0,0,1,0,0,0,5,60,4,1894.23,1888.89,0
10.6022,9,27,1502.11,1357.52,0,0,0,0,0,0,0,5,60,0,1742.39,958.375,0
10.6133,24,28,1697.9,1248.68,0.00669621,2.86047,0,1,1,265,0.35,5,60,4,2293.25,1877.18,0
10.6148,26,27,1501.03,1354.51,0,0,0,0,0,0,0,5,60,0,1989.18,2222.24,0
10.617,29,27,1630.82,1194.95,0,0,0,1,1,297,0.5,5,60,4,1558.61,1589.24,0
10.6348,53,20,1705.9,951.308,0,0,0,1,1,297,0.5,5,60,4,1223.22,2090.82,0
10.637,56,20,1766.45,1016.42,0,0,0,1,1,297,0.5,5,60,4,1663.42,1237.34,0
10.64,60,19,1497.15,1007.14,0,0,0,0,0,0,0,5,60,0,1602.31,1786.36,0
10.6437,65,20,1719.13,979.98,0,0,0,0,0,0,0,5,60,0,1431.33,994.63,0
10.6481,71,18,1412.49,969.944,0,0,0,1,1,265,0.35,5,60,4,1438.23,995.98,0
10.6533,78,18,1426.38,972.663,0,0,0,1,1,329,0.4,5,60,4,1299.94,1284.72,0
10.6541,79,19,1568.27,1080.96,0,0,0,1,1,361,0.55,5,60,4,1833.08,1765.78,0
10.6644,93,19,1490.23,1006.13,0,0,0,0,0,0,0,5,60,0,1951.37,1891.77,19.08
10.6659,95,26,1266.23,1300.68,0,0,0,0,0,0,0,5,60,0,1418.07,805.78,0
10.6667,96,19,1564.87,1075.02,0,0,0,1,1,297,0.5,5,60,4,1198.39,1399.29,2.39
10.6704,101,10,1418.07,805.78,0,0,0,0,0,0,0,5,60,0,1730.82,941.03,0
10.677,110,11,1458.77,747.263,7.38146,0.215568,0,1,1,4,0.1,5,60,4,1705.6,1277.65,0
10.6807,115,21,2000,1019.79,0,0,0,1,0,0,0,5,60,4,1462.3,1001.73,0
10.6815,116,28,1705.6,1277.65,0,0,0,0,0,0,0,5,60,0,1888.27,2103.33,14.31
10.6896,127,46,2000,1854.25,0,0,0,1,0,0,0,5,60,4,1301.91,1280.86,0
10.6911,129,19,1459.93,998.13,0,0,0,0,1,128,0.1,5,60,0,2305.76,1155.44,0
10.6919,130,45,2000,1846.94,0,0,0,1,0,0,0,5,60,4,1894.23,1888.89,0
10.7022,9,27,1502.11,1357.52,0,0,0,0,0,0,0,5,60,0,1742.39,958.375,0
10.7133,24,28,1699.74,1249.07,0.00763875,2.86047,0,1,1,265,0.35,5,60,4,2293.25,1877.18,0
10.7148,26,27,1501.03,1354.51,0,0,0,0,0,0,0,5,60,0,1989.18,2222.24,0
10.717,29,27,1632.67,1195.35,0,0,0,1,1,297,0.5,5,60,4,1558.61,1589.24,0
10.7348,53,20,1707.79,951.737,0,0,0,1,1,297,0.5,5,60,4,1223.22,2090.82,0
10.737,56,20,1768.35,1016.85,0,0,0,1,1,297,0.5,5,60,4,1663.42,1237.34,0
10.74,60,19,1497.15,1007.14,0,0,0,0,0,0,0,5,60,0,1602.31,1786.36,0
10.7437,65,20,1719.13,979.98,0,0,0,0,0,0,0,5,60,0,1431.33,994.63,0
10.7481,71,18,1414.41,970.399,0,0,0,1,1,265,0.35,5,60,4,1438.23,995.98,0
10.7533,78,18,1428.31,973.128,0,0,0,1,1,329,0.4,5,60,4,1299.94,1284.72,0
10.7541,79,19,1570.2,1081.42,0,0,0,1,1,361,0.55,5,60,4,1833.08,1765.78,0
10.7644,93,19,1490.23,1006.13,0,0,0,0,0,0,0,5,60,0,1953.24,1891.42,19.08
10.7659,95,26,1266.23,1300.68,0,0,0,0,0,0,0,5,60,0,1418.07,805.78,0
10.7667,96,19,1566.83,1075.51,0,0,0,1,1,297,0.5,5,60,4,1198.42,1399.05,2.39
10.7704,101,10,1418.07,805.78,0,0,0,0,0,0,0,5,60,0,1730.82,941.03,0
10.777,110,11,1461.74,747.992,8.42382,0.215568,0,1,1,132,0.2,5,60,4,1705.6,1277.65,0
10.7807,115,21,2000,1020.31,0,0,0,1,0,0,0,5,60,4,1462.3,1001.73,0
10.7815,116,28,1705.6,1277.65,0,0,0,0,0,0,0,5,60,0,1888.04,2101.91,14.31
10.7896,127,46,2000,1854.79,0,0,0,1,0,0,0,5,60,4,1301.91,1280.86,0
10.7911,129,19,1459.93,998.13,0,0,0,0,0,0,0,5,60,0,2305.76,1155.44,0
10.7919,130,45,2000,1847.48,0,0,0,1,0,0,0,5,60,4,1894.23,1888.89,0
10.8022,9,27,1502.11,1357.52,0,0,0,0,0,0,0,5,60,0,1742.39,958.375,0
10.8037,11,12,1945.88,813.174,16.18,2.61784,0,0,0,0,0,5,60,0,1275.88,1298.01,0
10.8133,24,28,1701.79,1249.65,0.00870578,2.86047,0,1,1,265,0.35,5,60,4,2293.25,1877.18,0
10.8148,26,27,1501.03,1354.51,0,0,0,0,0,0,0,5,60,0,1989.18,2222.24,0
10.817,29,27,1634.73,1195.94,0,0,0,1,1,297,0.5,5,60,4,1558.61,1589.24,0
10.8348,53,20,1709.89,952.362,0,0,0,1,1,297,0.5,5,60,4,1223.22,2090.82,0
10.837,56,20,1770.45,1017.48,0,0,0,1,1,297,0.5,5,60,4,1663.42,1237.34,0
10.84,60,19,1497.15,1007.14,0,0,0,0,0,0,0,5,60,0,1602.31,1786.36,0
10.8437,65,20,1719.13,979.98,0,0,0,0,0,0,0,5,60,0,1431.33,994.63,0
10.8481,71,18,1416.53,971.05,0,0,0,1,1,265,0.35,5,60,4,1438.23,995.98,0
10.8533,78,18,1430.44,973.789,0,0,0,1,1,329,0.4,5,60,4,1299.94,1284.72,0
10.8541,79,19,1572.34,1082.08,0,0,0,1,1,361,0.55,5,60,4,1833.08,1765.78,0
10.8644,93,19,1490.23,1006.13,0,0,0,0,0,0,0,5,60,0,1955.12,1891.07,19.08
10.8659,95,26,1266.23,1300.68,0,0,0,0,0,0,0,5,60,0,1418.07,805.78,0
10.8667,96,19,1568.99,1076.2,0,0,0,1,1,297,0.5,5,60,4,1198.45,1398.82,2.39
10.8704,101,10,1418.07,805.78,0,0,0,0,0,0,0,5,60,0,1730.82,941.03,0
10.877,110,11,1464.91,748.916,9.55666,0.215568,0,1,1,132,0.2,5,60,4,1705.6,1277.65,0
10.8807,115,21,2000,1021.02,0,0,0,1,0,0,0,5,60,4,1462.3,1001.73,0
10.8815,116,28,1705.6,1277.65,0,0,0,0,0,0,0,5,60,0,1887.8,2100.5,14.31
10.8896,127,46,2000,1855.52,0,0,0,1,0,0,0,5,60,4,1301.91,1280.86,0
10.8911,129,19,1459.93,998.13,0,0,0,0,0,0,0,5,60,0,2305.76,1155.44,0
10.8919,130,45,2000,1848.21,0,0,0,1,0,0,0,5,60,4,1894.23,1888.89,0
10.9022,9,27,1502.11,1357.52,0,0,0,0,0,0,0,5,60,0,1742.39,958.375,0
10.9037,11,12,1944.48,813.983,16.18,2.61784,0,0,0,0,0,5,60,0,1275.88,1298.01,0
10.9133,24,28,1704.04,1250.43,0.00984093,2.86047,0,1,1,265,0.35,5,60,4,2293.25,1877.18,0
10.9148,26,27,1501.03,1354.51,0,0,0,0,0,0,0,5,60,0,1989.18,2222.24,0
10.917,29,27,1636.98,1196.72,0,0,0,1,1,297,0.5,5,60,4,1558.61,1589.24,0
10.9348,53,20,1712.17,953.179,0,0,0,1,1,297,0.5,5,60,4,1223.22,2090.82,0
10.937,56,20,1772.73,1018.3,0,0,0,1,1,297,0.5,5,60,4,1663.42,1237.34,0
10.94,60,19,1497.15,1007.14,0,0,0,0,0,0,0,5,60,0,1602.31,1786.36,0
10.9437,65,20,1719.13,979.98,0,0,0,0,0,0,0,5,60,0,1431.33,994.63,0
10.9481,71,18,1418.84,971.892,0,0,0,1,1,265,0.35,5,60,4,1438.23,995.98,0
10.9533,78,18,1432.75,974.641,0,0,0,1,1,329,0.4,5,60,4,1299.94,1284.72,0
10.9541,79,19,1574.65,1082.94,0,0,0,1,1,361,0.55,5,60,4,1833.08,1765.78,0
10.9644,93,19,1490.23,1006.13,0,0,0,0,0,0,0,5,60,0,1956.99,1890.73,19.08
10.9659,95,26,1266.23,1300.68,0,0,0,0,0,0,0,5,60,0,1418.07,805.78,0
10.9667,96,19,1571.32,1077.08,0,0,0,1,1,297,0.5,5,60,4,1198.48,1398.58,2.39
10.9704,101,10,1418.07,805.78,0,0,0,0,0,0,0,5,60,0,1730.82,941.03,0
10.977,110,11,1468.25,750.029,10.7202,0.215568,0,1,1,389,0.4,5,60,4,1705.6,1277.65,0
10.9807,115,21,2000,1021.93,0,0,0,1,0,0,0,5,60,4,1462.3,1001.73,0
10.9815,116,28,1705.6,1277.65,0,0,0,0,0,0,0,5,60,0,1887.57,2099.09,14.31
10.9896,127,46,2000,1856.44,0,0,0,1,0,0,0,5,60,4,1301.91,1280.86,0
10.9911,129,19,1459.93,998.13,0,0,0,0,0,0,0,5,60,0,2305.76,1155.44,0
10.9919,130,45,2000,1849.14,0,0,0,1,0,0,0,5,60,4,1894.23,1888.89,0
11.0022,9,27,1502.11,1357.52,0,0,0,0,0,0,0,5,60,0,1742.39,958.375,0
11.0037,11,12,1943.1,814.78,16.47,2.61807,2.9,0,0,0,0,5,60,0,1275.88,1298.01,0
11.0133,24,28,1706.44,1251.39,0,0,-0.1,1,1,267,0.45,5,60,4,2293.25,1877.18,0
11.0148,26,27,1501.03,1354.51,0,0,0,0,0,0,0,5,60,0,1989.18,2222.24,0
11.017,29,27,1639.39,1197.69,0,0,0,1,1,265,0.35,5,60,4,1558.61,1589.24,0
11.0348,53,20,1714.6,954.181,0,0,0,1,1,297,0.5,5,60,4,1223.22,2090.82,0
11.037,56,20,1775.17,1019.3,0,0,0,1,1,297,0.5,5,60,4,1663.42,1237.34,0
11.04,60,19,1497.15,1007.14,0,0,0,0,0,0,0,5,60,0,1602.31,1786.36,0
11.0437,65,20,1719.13,979.98,0,0,0,0,0,0,0,5,60,0,1431.33,994.63,0
11.0481,71,18,1421.29,972.918,0,0,0,1,1,265,0.35,5,60,4,1438.23,995.98,0
11.0533,78,18,1435.21,975.676,0,0,0,1,1,329,0.4,5,60,4,1299.94,1284.72,0
11.0541,79,19,1577.11,1083.97,0,0,0,1,1,361,0.55,5,60,4,1833.08,1765.78,0
11.0644,93,19,1490.23,1006.13,0,0,0,0,0,0,0,5,60,0,1958.93,1890.37,20.02
11.0659,95,26,1266.23,1300.68,0,0,0,0,0,0,0,5,60,0,1418.07,805.78,0
11.0667,96,19,1573.8,1078.14,0,0,0,1,1,265,0.35,5,60,4,1198.49,1398.49,0.13
11.0704,101,10,1418.07,805.78,0,0,0,0,0,0,0,5,60,0,1730.82,941.03,0
11.077,110,11,1471.79,751.337,12.765,0.216085,7.8,1,1,397,0.55,5,60,4,1705.6,1277.65,0
11.0807,115,21,2000,1023.01,0,0,0,1,0,0,0,5,60,4,1462.3,1001.73,0
11.0815,116,28,1705.6,1277.65,0,0,0,0,0,0,0,5,60,0,1887.39,2098.01,10.31
11.0896,127,46,2000,1857.54,0,0,0,1,0,0,0,5,60,4,1301.91,1280.86,0
11.0911,129,19,1459.93,998.13,0,0,0,0,0,0,0,5,60,0,2305.76,1155.44,0
11.0919,130,45,2000,1850.24,0,0,0,1,0,0,0,5,60,4,1894.23,1888.89,0
11.1022,9,27,1502.11,1357.52,0,0,0,0,0,0,0,5,60,0,1742.39,958.375,0
11.1037,11,12,1941.67,815.604,16.47,2.61807,0,0,0,0,0,5,60,0,1275.88,1298.01,0
11.1133,24,28,1708.97,1252.53,0,0,0,1,1,265,0.35,5,60,4,2293.25,1877.18,0
11.1148,26,27,1501.03,1354.51,0,0,0,0,0,0,0,5,60,0,1989.18,2222.24,0
11.117,29,27,1641.93,1198.84,0,0,0,1,1,297,0.5,5,60,4,1558.61,1589.24,0
11.1348,53,20,1717.16,955.36,0,0,0,1,1,265,0.35,5,60,4,1223.22,2090.82,0
11.137,56,20,1777.73,1020.49,0,0,0,1,1,297,0.5,5,60,4,1663.42,1237.34,0
11.14,60,19,1497.15,1007.14,0,0,0,0,0,0,0,5,60,0,1602.31,1786.36,0
11.1437,65,20,1719.13,979.98,0,0,0,0,0,0,0,5,60,0,1431.33,994.63,0
11.1481,71,18,1423.86,974.12,0,0,0,1,1,265,0.35,5,60,4,1438.23,995.98,0
11.1533,78,18,1437.79,976.886,0,0,0,1,1,329,0.4,5,60,4,1299.94,1284.72,0
11.1541,79,19,1579.69,1085.19,0,0,0,1,1,361,0.55,5,60,4,1833.08,1765.78,0
11.1644,93,19,1490.23,1006.13,0,0,0,0,0,0,0,5,60,0,1960.9,1890,20.02
11.1659,95,26,1266.23,1300.68,0,0,0,0,0,0,0,5,60,0,1418.07,805.78,0
11.1667,96,19,1576.39,1079.37,0,0,0,1,1,297,0.5,5,60,4,1198.49,1398.48,0.13
11.1704,101,10,1418.07,805.78,0,0,0,0,0,0,0,5,60,0,1730.82,941.03,0
11.177,110,11,1475.46,752.821,13.8879,0.216085,0,1,1,397,0.55,5,60,4,1705.6,1277.65,0
11.1807,115,21,2000,1024.27,0,0,0,1,0,0,0,5,60,4,1462.3,1001.73,0
11.1815,116,28,1705.6,1277.65,0,0,0,0,0,0,0,5,60,0,1887.22,2096.99,10.31
11.1896,127,46,2000,1858.81,0,0,0,1,0,0,0,5,60,4,1301.91,1280.86,0
11.1911,129,19,1459.93,998.13,0,0,0,0,0,0,0,5,60,0,2305.76,1155.44,0
11.1919,130,45,2000,1851.52,0,0,0,1,0,0,0,5,60,4,1894.23,1888.89,0
11.2022,9,27,1502.11,1357.52,0,0,0,0,0,0,0,5,60,0,1742.39,958.375,0
11.2037,11,12,1940.24,816.427,16.47,2.61807,0,0,0,0,0,5,60,0,1275.88,1298.01,0
11.2133,24,28,1711.61,1253.84,0,0,0,1,1,265,0.35,5,60,4,2293.25,1877.18,0
11.2148,26,27,1501.03,1354.51,0,0,0,0,0,0,0,5,60,0,1989.18,2222.24,0
11.217,29,27,1644.57,1200.15,0,0,0,1,1,297,0.5,5,60,4,1558.61,1589.24,0
11.2348,53,20,1719.82,956.706,0,0,0,1,1,297,0.5,5,60,4,1223.22,2090.82,0
11.237,56,20,1780.39,1021.84,0,0,0,1,1,297,0.5,5,60,4,1663.42,1237.34,0
11.24,60,19,1497.15,1007.14,0,0,0,0,0,0,0,5,60,0,1602.31,1786.36,0
11.2437,65,20,1719.13,979.98,0,0,0,0,0,0,0,5,60,0,1431.33,994.63,0
11.2481,71,18,1426.53,975.487,0,0,0,1,1,265,0.35,5,60,4,1438.23,995.98,0
11.2533,78,18,1440.46,978.263,0,0,0,1,1,329,0.4,5,60,4,1299.94,1284.72,0
11.2541,79,19,1582.36,1086.56,0,0,0,1,1,361,0.55,5,60,4,1833.08,1765.78,0
11.2644,93,19,1490.23,1006.13,0,0,0,0,0,0,0,5,60,0,1962.87,1889.63,20.02
11.2659,95,26,1266.23,1300.68,0,0,0,0,0,0,0,5,60,0,1418.07,805.78,0
11.2667,96,19,1579.07,1080.77,0,0,0,1,1,297,0.5,5,60,4,1198.49,1398.47,0.13
11.2704,101,10,1418.07,805.78,0,0,0,0,0,0,0,5,60,0,1730.82,941.03,0
11.277,110,11,1479.21,754.469,14.8545,0.216085,0,1,1,397,0.55,5,60,4,1705.6,1277.65,0
11.2807,115,21,2000,1025.69,0,0,0,1,0,0,0,5,60,4,1462.3,1001.73,0
11.2815,116,28,1705.6,1277.65,0,0,0,0,0,0,0,5,60,0,1887.06,2095.98,10.31
11.2896,127,46,2000,1860.24,0,0,0,1,0,0,0,5,60,4,1301.91,1280.86,0
11.2911,129,19,1459.93,998.13,0,0,0,0,0,0,0,5,60,0,2305.76,1155.44,0
11.2919,130,45,2000,1852.95,0,0,0,1,0,0,0,5,60,4,1894.23,1888.89,0
11.3022,9,27,1502.11,1357.52,0,0,0,0,0,0,0,5,60,0,1742.39,958.375,0
11.3037,11,12,1938.82,817.251,16.47,2.61807,0,0,0,0,0,5,60,0,1275.88,1298.01,0
11.3133,24,28,1714.32,1255.31,0,0,0,1,1,265,0.35,5,60,4,2293.25,1877.18,0
11.3148,26,27,1501.03,1354.51,0,0,0,0,0,0,0,5,60,0,1989.18,2222.24,0
11.317,29,27,1647.28,1201.63,0,0,0,1,1,297,0.5,5,60,4,1558.61,1589.24,0
11.3348,53,20,1722.53,958.208,0,0,0,1,1,297,0.5,5,60,4,1223.22,2090.82,0
11.337,56,20,1783.11,1023.34,0,0,0,1,1,297,0.5,5,60,4,1663.42,1237.34,0
11.34,60,19,1497.15,1007.14,0,0,0,0,0,0,0,5,60,0,1602.31,1786.36,0
11.3437,65,20,1719.13,979.98,0,0,0,0,0,0,0,5,60,0,1431.33,994.63,0
11.3481,71,18,1429.25,977.01,0,0,0,1,1,265,0.35,5,60,4,1438.23,995.98,0
11.3533,78,18,1443.18,979.793,0,0,0,1,1,329,0.4,5,60,4,1299.94,1284.72,0
11.3541,79,19,1585.08,1088.09,0,0,0,1,1,361,0.55,5,60,4,1833.08,1765.78,0
11.3644,93,19,1490.23,1006.13,0,0,0,0,0,0,0,5,60,0,1964.83,1889.27,20.02
11.3659,95,26,1266.23,1300.68,0,0,0,0,0,0,0,5,60,0,1418.07,805.78,0
11.3667,96,19,1581.8,1082.32,0,0,0,1,1,297,0.5,5,60,4,1198.49,1398.45,0.13
11.3704,101,10,1418.07,805.78,0,0,0,0,0,0,0,5,60,0,1730.82,941.03,0
11.377,110,11,1483.01,756.269,15.614,0.216085,0,1,1,397,0.55,5,60,4,1705.6,1277.65,0
11.3807,115,21,2000,1027.26,0,0,0,1,0,0,0,5,60,4,1462.3,1001.73,0
11.3815,116,28,1705.6,1277.65,0,0,0,0,0,0,0,5,60,0,1886.89,2094.96,10.31
11.3896,127,46,2000,1861.82,0,0,0,1,0,0,0,5,60,4,1301.91,1280.86,0
11.3911,129,19,1459.93,998.13,0,0,0,0,0,0,0,5,60,0,2305.76,1155.44,0
11.3919,130,45,2000,1854.54,0,0,0,1,0,0,0,5,60,4,1894.23,1888.89,0
11.4022,9,27,1502.11,1357.52,0,0,0,0,0,0,0,5,60,0,1742.39,958.375,0
11.4037,11,12,1937.39,818.074,16.47,2.61807,0,0,0,0,0,5,60,0,1275.88,1298.01,0
11.4133,24,28,1717.06,1256.93,0,0,0,1,1,265,0.35,5,60,4,2293.25,1877.18,0
11.4148,26,27,1501.03,1354.51,0,0,0,0,0,0,0,5,60,0,1989.18,2222.24,0
11.417,29,27,1650.02,1203.25,0,0,0,1,1,297,0.5,5,60,4,1558.61,1589.24,0
11.4348,53,20,1725.28,959.855,0,0,0,1,1,297,0.5,5,60,4,1223.22,2090.82,0
11.437,56,20,1785.85,1024.99,0,0,0,1,1,297,0.5,5,60,4,1663.42,1237.34,0
11.44,60,19,1497.15,1007.14,0,0,0,0,0,0,0,5,60,0,1602.31,1786.36,0
11.4437,65,20,1719.13,979.98,0,0,0,0,0,0,0,5,60,0,1431.33,994.63,0
11.4481,71,18,1432,978.675,0,0,0,1,1,265,0.35,5,60,4,1438.23,995.98,0
11.4533,78,18,1445.93,981.465,0,0,0,1,1,329,0.4,5,60,4,1299.94,1284.72,0
11.4541,79,19,1587.83,1089.77,0,0,0,1,1,361,0.55,5,60,4,1833.08,1765.78,0
11.4644,93,19,1490.23,1006.13,0,0,0,0,0,0,0,5,60,0,1966.8,1888.9,20.02
11.4659,95,26,1266.23,1300.68,0,0,0,0,0,0,0,5,60,0,1418.07,805.78,0
11.4667,96,19,1584.55,1084.01,0,0,0,1,1,297,0.5,5,60,4,1198.49,1398.44,0.13
11.4704,101,10,1418.07,805.78,0,0,0,0,0,0,0,5,60,0,1730.82,941.03,0
11.477,110,11,1486.82,758.207,16.1262,0.216085,0,1,1,397,0.55,5,60,4,1705.6,1277.65,0
11.4807,115,21,2000,1028.97,0,0,0,1,0,0,0,5,60,4,1462.3,1001.73,0
11.4815,116,28,1705.6,1277.65,0,0,0,0,0,0,0,5,60,0,1886.72,2093.94,10.31
11.4896,127,46,2000,1863.54,0,0,0,1,0,0,0,5,60,4,1301.91,1280.86,0
11.4911,129,19,1459.93,998.13,0,0,0,0,0,0,0,5,60,0,2305.76,1155.44,0
11.4919,130,45,2000,1856.26,0,0,0,1,0,0,0,5,60,4,1894.23,1888.89,0
11.5022,9,27,1502.11,1357.52,0,0,0,0,0,0,0,5,60,0,1742.39,958.375,0
11.5037,11,12,1935.97,818.897,16.47,2.61807,0,0,0,0,0,5,60,0,1275.88,1298.01,0
11.5133,24,28,1719.8,1258.68,0,0,0,1,1,265,0.35,5,60,4,2293.25,1877.18,0
11.5148,26,27,1501.03,1354.51,0,0,0,0,0,0,0,5,60,0,1989.18,2222.24,0
11.517,29,27,1652.77,1205.01,0,0,0,1,1,297,0.5,5,60,4,1558.61,1589.24,0
11.5348,53,20,1728.02,961.634,0,0,0,1,1,297,0.5,5,60,4,1223.22,2090.82,0
11.537,56,20,1788.59,1026.77,0,0,0,1,1,297,0.5,5,60,4,1663.42,1237.34,0
11.54,60,19,1497.15,1007.14,0,0,0,0,0,0,0,5,60,0,1602.31,1786.36,0
11.5437,65,20,1719.13,979.98,0,0,0,0,0,0,0,5,60,0,1431.33,994.63,0
11.5481,71,18,1434.74,980.47,0,0,0,1,1,265,0.35,5,60,4,1438.23,995.98,0
11.5533,78,18,1448.67,983.266,0,0,0,1,1,329,0.4,5,60,4,1299.94,1284.72,0
11.5541,79,19,1590.57,1091.57,0,0,0,1,1,361,0.55,5,60,4,1833.08,1765.78,0
11.5644,93,19,1490.23,1006.13,0,0,0,0,0,0,0,5,60,0,1968.77,1888.54,20.02
11.5659,95,26,1266.23,1300.68,0,0,0,0,0,0,0,5,60,0,1418.07,805.78,0
11.5667,96,19,1587.28,1085.83,0,0,0,1,1,297,0.5,5,60,4,1198.5,1398.43,0.13
11.5704,101,10,1418.07,805.78,0,0,0,0,0,0,0,5,60,0,1730.82,941.03,0
11.577,110,11,1490.62,760.27,16.3642,0.216085,0,1,1,397,0.55,5,60,4,1705.6,1277.65,0
11.5807,115,21,2000,1030.8,0,0,0,1,0,0,0,5,60,4,1462.3,1001.73,0
11.5815,116,28,1705.6,1277.65,0,0,0,0,0,0,0,5,60,0,1886.55,2092.92,10.31
11.5896,127,46,2000,1865.39,0,0,0,1,0,0,0,5,60,4,1301.91,1280.86,0
11.5911,129,19,1459.93,998.13,0,0,0,0,0,0,0,5,60,0,2305.76,1155.44,0
11.5919,130,45,2000,1858.11,0,0,0,1,0,0,0,5,60,4,1894.23,1888.89,0
11.6022,9,27,1502.11,1357.52,0,0,0,0,0,0,0,5,60,0,1742.39,958.375,0
11.6037,11,12,1934.54,819.721,16.47,2.61807,0,0,0,0,0,5,60,0,1275.88,1298.01,0
11.6133,24,28,1722.52,1260.55,0,0,0,1,1,265,0.35,5,60,4,2293.25,1877.18,0
11.6148,26,27,1501.03,1354.51,0,0,0,0,0,0,0,5,60,0,1989.18,2222.24,0
11.617,29,27,1655.48,1206.88,0,0,0,1,1,297,0.5,5,60,4,1558.61,1589.24,0
11.6348,53,20,1730.73,963.528,0,0,0,1,1,297,0.5,5,60,4,1223.22,2090.82,0
11.637,56,20,1791.3,1028.67,0,0,0,1,1,297,0.5,5,60,4,1663.42,1237.34,0
11.64,60,19,1497.15,1007.14,0,0,0,0,0,0,0,5,60,0,1602.31,1786.36,0
11.6437,65,20,1719.13,979.98,0,0,0,0,0,0,0,5,60,0,1431.33,994.63,0
11.6481,71,18,1437.44,982.379,0,0,0,1,1,265,0.35,5,60,4,1438.23,995.98,0
11.6533,78,18,1451.36,985.181,0,0,0,1,1,329,0.4,5,60,4,1299.94,1284.72,0
11.6541,79,19,1593.26,1093.49,0,0,0,1,1,361,0.55,5,60,4,1833.08,1765.78,0
11.6644,93,19,1490.23,1006.13,0,0,0,0,0,0,0,5,60,0,1970.74,1888.17,20.02
11.6659,95,26,1266.23,1300.68,0,0,0,0,0,0,0,5,60,0,1418.07,805.78,0
11.6667,96,19,1589.97,1087.75,0,0,0,1,1,297,0.5,5,60,4,1198.5,1398.41,0.13
11.6704,101,10,1418.07,805.78,0,0,0,0,0,0,0,5,60,0,1730.82,941.03,0
11.677,110,11,1494.37,762.443,16.3155,0.216085,0,1,1,397,0.55,5,60,4,1705.6,1277.65,0
11.6807,115,21,2000,1032.74,0,0,0,1,0,0,0,5,60,4,1462.3,1001.73,0
11.6815,116,28,1705.6,1277.65,0,0,0,0,0,0,0,5,60,0,1886.38,2091.91,10.31
11.6896,127,46,2000,1867.34,0,0,0,1,0,0,0,5,60,4,1301.91,1280.86,0
11.6911,129,19,1459.93,998.13,0,0,0,0,0,0,0,5,60,0,2305.76,1155.44,0
11.6919,130,45,2000,1860.07,0,0,0,1,0,0,0,5,60,4,1894.23,1888.89,0
11.7022,9,27,1502.11,1357.52,0,0,0,0,0,0,0,5,60,0,1742.39,958.375,0
11.7037,11,12,1933.11,820.544,16.47,2.61807,0,0,0,0,0,5,60,0,1275.88,1298.01,0
11.7133,24,28,1725.17,1262.53,0,0,0,1,1,265,0.35,5,60,4,2293.25,1877.18,0
11.7148,26,27,1501.03,1354.51,0,0,0,0,0,0,0,5,60,0,1989.18,2222.24,0
11.717,29,27,1658.13,1208.86,0,0,0,1,1,297,0.5,5,60,4,1558.61,1589.24,0
11.7348,53,20,1733.37,965.524,0,0,0,1,1,297,0.5,5,60,4,1223.22,2090.82,0
11.737,56,20,1793.93,1030.67,0,0,0,1,1,297,0.5,5,60,4,1663.42,1237.34,0
11.74,60,19,1497.15,1007.14,0,0,0,0,0,0,0,5,60,0,1602.31,1786.36,0
11.7437,65,20,1719.13,979.98,0,0,0,0,0,0,0,5,60,0,1431.33,994.63,0
11.7481,71,18,1440.06,984.387,0,0,0,1,1,265,0.35,5,60,4,1438.23,995.98,0
11.7533,78,18,1453.98,987.194,0,0,0,1,1,329,0.4,5,60,4,1299.94,1284.72,0
11.7541,79,19,1595.88,1095.5,0,0,0,1,1,361,0.55,5,60,4,1833.08,1765.78,0
11.7644,93,19,1490.23,1006.13,0,0,0,0,0,0,0,5,60,0,1972.71,1887.81,20.02
11.7659,95,26,1266.23,1300.68,0,0,0,0,0,0,0,5,60,0,1418.07,805.78,0
11.7667,96,19,1592.58,1089.78,0,0,0,1,1,297,0.5,5,60,4,1198.5,1398.4,0.13
11.7704,101,10,1418.07,805.78,0,0,0,0,0,0,0,5,60,0,1730.82,941.03,0
11.777,110,11,1498.03,764.712,15.9826,0.216085,0,1,1,397,0.55,5,60,4,1705.6,1277.65,0
11.7807,115,21,2000,1034.78,0,0,0,1,0,0,0,5,60,4,1462.3,1001.73,0
11.7815,116,28,1705.6,1277.65,0,0,0,0,0,0,0,5,60,0,1886.22,2090.89,10.31
11.7896,127,46,2000,1869.39,0,0,0,1,0,0,0,5,60,4,1301.91,1280.86,0
11.7911,129,19,1459.93,998.13,0,0,0,0,0,0,0,5,60,0,2305.76,1155.44,0
11.7919,130,45,2000,1862.11,0,0,0,1,0,0,0,5,60,4,1894.23,1888.89,0
11.8022,9,27,1502.11,1357.52,0,0,0,0,0,0,0,5,60,0,1742.39,958.375,0
11.8037,11,12,1931.69,821.368,16.47,2.61807,0,0,0,0,0,5,60,0,1275.88,1298.01,0
11.8133,24,28,1727.73,1264.59,0,0,0,1,1,265,0.35,5,60,4,2293.25,1877.18,0
11.8148,26,27,1501.03,1354.51,0,0,0,0,0,0,0,5,60,0,1989.18,2222.24,0
11.817,29,27,1660.69,1210.93,0,0,0,1,1,297,0.5,5,60,4,1558.61,1589.24,0
11.8348,53,20,1735.9,967.605,0,0,0,1,1,297,0.5,5,60,4,1223.22,2090.82,0
11.837,56,20,1796.46,1032.75,0,0,0,1,1,297,0.5,5,60,4,1663.42,1237.34,0
11.84,60,19,1497.15,1007.14,0,0,0,0,0,0,0,5,60,0,1602.31,1786.36,0
11.8437,65,20,1719.13,979.98,0,0,0,0,0,0,0,5,60,0,1431.33,994.63,0
11.8481,71,18,1442.58,986.478,0,0,0,1,1,265,0.35,5,60,4,1438.23,995.98,0
11.8533,78,18,1456.5,989.288,0,0,0,1,1,329,0.4,5,60,4,1299.94,1284.72,0
11.8541,79,19,1598.39,1097.59,0,0,0,1,1,361,0.55,5,60,4,1833.08,1765.78,0
11.8644,93,19,1490.23,1006.13,0,0,0,0,0,0,0,5,60,0,1974.68,1887.44,20.02
11.8659,95,26,1266.23,1300.68,0,0,0,0,0,0,0,5,60,0,1418.07,805.78,0
11.8667,96,19,1595.07,1091.88,0,0,0,1,1,297,0.5,5,60,4,1198.5,1398.39,0.13
11.8704,101,10,1418.07,805.78,0,0,0,0,0,0,0,5,60,0,1730.82,941.03,0
11.877,110,11,1501.58,767.058,15.383,0.216085,0,1,1,397,0.55,5,60,4,1705.6,1277.65,0
11.8807,115,21,2000,1036.89,0,0,0,1,0,0,0,5,60,4,1462.3,1001.73,0
11.8815,116,28,1705.6,1277.65,0,0,0,0,0,0,0,5,60,0,1886.05,2089.87,10.31
11.8896,127,46,2000,1871.51,0,0,0,1,0,0,0,5,60,4,1301.91,1280.86,0
11.8911,129,19,1459.93,998.13,0,0,0,0,0,0,0,5,60,0,2305.76,1155.44,0
11.8919,130,45,2000,1864.23,0,0,0,1,0,0,0,5,60,4,1894.23,1888.89,0
11.9022,9,27,1502.11,1357.52,0,0,0,0,0,0,0,5,60,0,1742.39,958.375,0
11.9037,11,12,1930.26,822.191,16.47,2.61807,0,0,0,0,0,5,60,0,1275.88,1298.01,0
11.9133,24,28,1730.17,1266.73,0,0,0,1,1,265,0.35,5,60,4,2293.25,1877.18,0
11.9148,26,27,1501.03,1354.51,0,0,0,0,0,0,0,5,60,0,1989.18,2222.24,0
11.917,29,27,1663.12,1213.07,0,0,0,1,1,297,0.5,5,60,4,1558.61,1589.24,0
11.9348,53,20,1738.3,969.755,0,0,0,1,1,297,0.5,5,60,4,1223.22,2090.82,0
11.937,56,20,1798.86,1034.9,0,0,0,1,1,297,0.5,5,60,4,1663.42,1237.34,0
11.94,60,19,1497.15,1007.14,0,0,0,0,0,0,0,5,60,0,1602.31,1786.36,0
11.9437,65,20,1719.13,979.98,0,0,0,0,0,0,0,5,60,0,1431.33,994.63,0
11.9481,71,18,1444.96,988.635,0,0,0,1,1,265,0.35,5,60,4,1438.23,995.98,0
11.9533,78,18,1458.87,991.449,0,0,0,1,1,329,0.4,5,60,4,1299.94,1284.72,0
11.9541,79,19,1600.77,1099.75,0,0,0,1,1,361,0.55,5,60,4,1833.08,1765.78,0
11.9644,93,19,1490.23,1006.13,0,0,0,0,0,0,0,5,60,0,1976.64,1887.07,20.02
11.9659,95,26,1266.23,1300.68,0,0,0,0,0,0,0,5,60,0,1418.07,805.78,0
11.9667,96,19,1597.43,1094.05,0,0,0,1,1,297,0.5,5,60,4,1198.5,1398.37,0.13
11.9704,101,10,1418.07,805.78,0,0,0,0,0,0,0,5,60,0,1730.82,941.03,0
11.977,110,11,1504.99,769.465,14.5486,0.216085,0,1,1,397,0.55,5,60,4,1705.6,1277.65,0
11.9807,115,21,2000,1039.07,0,0,0,1,0,0,0,5,60,4,1462.3,1001.73,0
11.9815,116,28,1705.6,1277.65,0,0,0,0,0,0,0,5,60,0,1885.88,2088.86,10.31
11.9896,127,46,2000,1873.69,0,0,0,1,0,0,0,5,60,4,1301.91,1280.86,0
11.9911,129,19,1459.93,998.13,0,0,0,0,0,0,0,5,60,0,2305.76,1155.44,0
11.9919,130,45,2000,1866.41,0,0,0,1,0,0,0,5,60,4,1894.23,1888.89,0
12.0022,9,27,1502.11,1357.52,0,0,0,0,0,0,0,5,60,0,1742.39,958.375,0
12.0037,11,12,1928.86,823,16.22,2.61854,-2.5,0,0,0,0,5,60,0,1275.88,1298.01,0
12.0133,24,28,1732.45,1268.92,0,0,0,1,1,265,0.35,5,60,4,2293.25,1877.18,0
12.0148,26,27,1501.03,1354.51,0,0,0,0,0,0,0,5,60,0,1989.18,2222.24,0
12.017,29,27,1665.39,1215.26,0,0,0,1,1,265,0.35,5,60,4,1558.61,1589.24,0
12.0348,53,20,1740.54,971.955,0,0,0,1,1,297,0.5,5,60,4,1223.22,2090.82,0
12.037,56,20,1801.1,1037.1,0,0,0,1,1,297,0.5,5,60,4,1663.42,1237.34,0
12.04,60,19,1497.15,1007.14,0,0,0,0,0,0,0,5,60,0,1602.31,1786.36,0
12.0437,65,20,1719.13,979.98,0,0,0,0,0,0,0,5,60,0,1431.33,994.63,0
12.0481,71,18,1447.18,990.841,0,0,0,1,1,265,0.35,5,60,4,1438.23,995.98,0
12.0533,78,18,1461.08,993.656,0,0,0,1,1,329,0.4,5,60,4,1299.94,1284.72,0
12.0541,79,19,1602.98,1101.96,0,0,0,1,1,361,0.55,5,60,4,1833.08,1765.78,0
12.0644,93,19,1490.23,1006.13,0,0,0,0,0,0,0,5,60,0,1978.67,1886.78,21.18
12.0659,95,26,1266.23,1300.68,0,0,0,0,0,0,0,5,60,0,1418.07,805.78,0
12.0667,96,19,1599.61,1096.26,0,0,0,1,1,265,0.35,5,60,4,1198.5,1398.37,0.04
12.0704,101,10,1418.07,805.78,0,0,0,0,0,0,0,5,60,0,1730.82,941.03,0
12.077,110,11,1508.3,771.758,14.6002,0.0258135,8.7,1,1,399,0.65,5,60,4,1705.6,1277.65,0
12.0807,115,21,2000,1041.29,0,0,0,1,0,0,0,5,60,4,1462.3,1001.73,0
12.0815,116,28,1705.6,1277.65,0,0,0,0,0,0,0,5,60,0,1885.77,2088.16,6.31
12.0896,127,46,2000,1875.91,0,0,0,1,0,0,0,5,60,4,1301.91,1280.86,0
12.0911,129,19,1459.93,998.13,0,0,0,0,0,0,0,5,60,0,2305.76,1155.44,0
12.0919,130,45,2000,1868.64,0,0,0,1,0,0,0,5,60,4,1894.23,1888.89,0
12.1022,9,27,1502.11,1357.52,0,0,0,0,0,0,0,5,60,0,1742.39,958.375,0
12.1037,11,12,1927.45,823.81,16.22,2.61854,0,0,0,0,0,5,60,0,1275.88,1298.01,0
12.1133,24,28,1734.54,1271.15,0,0,0,1,1,265,0.35,5,60,4,2293.25,1877.18,0
12.1148,26,27,1501.03,1354.51,0,0,0,0,0,0,0,5,60,0,1989.18,2222.24,0
12.117,29,27,1667.48,1217.49,0,0,0,1,1,297,0.5,5,60,4,1558.61,1589.24,0
12.1348,53,20,1742.6,974.188,0,0,0,1,1,265,0.35,5,60,4,1223.22,2090.82,0
12.137,56,20,1803.15,1039.34,0,0,0,1,1,297,0.5,5,60,4,1663.42,1237.34,0
12.14,60,19,1497.15,1007.14,0,0,0,0,0,0,0,5,60,0,1602.31,1786.36,0
12.1437,65,20,1719.13,979.98,0,0,0,0,0,0,0,5,60,0,1431.33,994.63,0
12.1481,71,18,1449.21,993.077,0,0,0,1,1,265,0.35,5,60,4,1438.23,995.98,0
12.1533,78,18,1463.1,995.894,0,0,0,1,1,329,0.4,5,60,4,1299.94,1284.72,0
12.1541,79,19,1604.99,1104.2,0,0,0,1,1,361,0.55,5,60,4,1833.08,1765.78,0
12.1644,93,19,1490.23,1006.13,0,0,0,0,0,0,0,5,60,0,1980.77,1886.51,21.18
12.1659,95,26,1266.23,1300.68,0,0,0,0,0,0,0,5,60,0,1418.07,805.78,0
12.1667,96,19,1601.6,1098.5,0,0,0,1,1,297,0.5,5,60,4,1198.5,1398.36,0.04
12.1704,101,10,1418.07,805.78,0,0,0,0,0,0,0,5,60,0,1730.82,941.03,0
12.177,110,11,1511.45,774.03,13.3448,0.0258135,0,1,1,397,0.55,5,60,4,1705.6,1277.65,0
12.1807,115,21,2000,1043.53,0,0,0,1,0,0,0,5,60,4,1462.3,1001.73,0
12.1815,116,28,1705.6,1277.65,0,0,0,0,0,0,0,5,60,0,1885.66,2087.54,6.31
12.1896,127,46,2000,1878.15,0,0,0,1,0,0,0,5,60,4,1301.91,1280.86,0
12.1911,129,19,1459.93,998.13,0,0,0,0,0,0,0,5,60,0,2305.76,1155.44,0
12.1919,130,45,2000,1870.88,0,0,0,1,0,0,0,5,60,4,1894.23,1888.89,0
12.2022,9,27,1502.11,1357.52,0,0,0,0,0,0,0,5,60,0,1742.39,958.375,0
12.2037,11,12,1926.05,824.62,16.22,2.61854,0,0,0,0,0,5,60,0,1275.88,1298.01,0
12.2133,24,28,1736.43,1273.39,0,0,0,1,1,265,0.35,5,60,4,2293.25,1877.18,0
12.2148,26,27,1501.03,1354.51,0,0,0,0,0,0,0,5,60,0,1989.18,2222.24,0
12.217,29,27,1669.36,1219.74,0,0,0,1,1,297,0.5,5,60,4,1558.61,1589.24,0
12.2348,53,20,1744.44,976.436,0,0,0,1,1,297,0.5,5,60,4,1223.22,2090.82,0
12.237,56,20,1804.99,1041.59,0,0,0,1,1,297,0.5,5,60,4,1663.42,1237.34,0
12.24,60,19,1497.15,1007.14,0,0,0,0,0,0,0,5,60,0,1602.31,1786.36,0
12.2437,65,20,1719.13,979.98,0,0,0,0,0,0,0,5,60,0,1431.33,994.63,0
12.2481,71,18,1451.02,995.326,0,0,0,1,1,265,0.35,5,60,4,1438.23,995.98,0
12.2533,78,18,1464.89,998.143,0,0,0,1,1,329,0.4,5,60,4,1299.94,1284.72,0
12.2541,79,19,1606.79,1106.45,0,0,0,1,1,361,0.55,5,60,4,1833.08,1765.78,0
12.2644,93,19,1490.23,1006.13,0,0,0,0,0,0,0,5,60,0,1982.87,1886.24,21.18
12.2659,95,26,1266.23,1300.68,0,0,0,0,0,0,0,5,60,0,1418.07,805.78,0
12.2667,96,19,1603.37,1100.75,0,0,0,1,1,297,0.5,5,60,4,1198.5,1398.36,0.04
12.2704,101,10,1418.07,805.78,0,0,0,0,0,0,0,5,60,0,1730.82,941.03,0
12.277,110,11,1514.37,776.31,12.0075,0.0258135,0,1,1,265,0.35,5,60,4,1705.6,1277.65,0
12.2807,115,21,2000,1045.78,0,0,0,1,0,0,0,5,60,4,1462.3,1001.73,0
12.2815,116,28,1705.6,1277.65,0,0,0,0,0,0,0,5,60,0,1885.56,2086.92,6.31
12.2896,127,46,2000,1880.4,0,0,0,1,0,0,0,5,60,4,1301.91,1280.86,0
12.2911,129,19,1459.93,998.13,0,0,0,0,0,0,0,5,60,0,2305.76,1155.44,0
12.2919,130,45,2000,1873.13,0,0,0,1,0,0,0,5,60,4,1894.23,1888.89,0
12.3022,9,27,1502.11,1357.52,0,0,0,0,0,0,0,5,60,0,1742.39,958.375,0
12.3037,11,12,1924.64,825.431,16.22,2.61854,0,0,0,0,0,5,60,0,1275.88,1298.01,0
12.3133,24,28,1738.09,1275.64,0,0,0,1,1,265,0.35,5,60,4,2293.25,1877.18,0
12.3148,26,27,1501.03,1354.51,0,0,0,0,0,0,0,5,60,0,1989.18,2222.24,0
12.317,29,27,1671.01,1221.98,0,0,0,1,1,297,0.5,5,60,4,1558.61,1589.24,0
12.3348,53,20,1746.04,978.681,0,0,0,1,1,297,0.5,5,60,4,1223.22,2090.82,0
12.337,56,20,1806.59,1043.83,0,0,0,1,1,297,0.5,5,60,4,1663.42,1237.34,0
12.34,60,19,1497.15,1007.14,0,0,0,0,0,0,0,5,60,0,1602.31,1786.36,0
12.3437,65,20,1719.13,979.98,0,0,0,0,0,0,0,5,60,0,1431.33,994.63,0
12.3481,71,18,1452.59,997.57,0,0,0,1,1,265,0.35,5,60,4,1438.23,995.98,0
12.3533,78,18,1466.45,1000.39,0,0,0,1,1,329,0.4,5,60,4,1299.94,1284.72,0
12.3541,79,19,1608.34,1108.69,0,0,0,1,1,361,0.55,5,60,4,1833.08,1765.78,0
12.3644,93,19,1490.23,1006.13,0,0,0,0,0,0,0,5,60,0,1984.97,1885.97,21.18
12.3659,95,26,1266.23,1300.68,0,0,0,0,0,0,0,5,60,0,1418.07,805.78,0
12.3667,96,19,1604.89,1102.99,0,0,0,1,1,297,0.5,5,60,4,1198.5,1398.36,0.04
12.3704,101,10,1418.07,805.78,0,0,0,0,0,0,0,5,60,0,1730.82,941.03,0
12.377,110,11,1517.05,778.579,10.6587,0.0258135,0,1,1,269,0.45,5,60,4,1705.6,1277.65,0
12.3807,115,21,2000,1048.02,0,0,0,1,0,0,0,5,60,4,1462.3,1001.73,0
12.3815,116,28,1705.6,1277.65,0,0,0,0,0,0,0,5,60,0,1885.46,2086.29,6.31
12.3896,127,46,2000,1882.63,0,0,0,1,0,0,0,5,60,4,1301.91,1280.86,0
12.3911,129,19,1459.93,998.13,0,0,0,0,0,0,0,5,60,0,2305.76,1155.44,0
12.3919,130,45,2000,1875.36,0,0,0,1,0,0,0,5,60,4,1894.23,1888.89,0
12.4022,9,27,1502.11,1357.52,0,0,0,0,0,0,0,5,60,0,1742.39,958.375,0
12.4037,11,12,1923.24,826.241,16.22,2.61854,0,0,0,0,0,5,60,0,1275.88,1298.01,0
12.4133,24,28,1739.5,1277.87,0,0,0,1,1,265,0.35,5,60,4,2293.25,1877.18,0
12.4148,26,27,1501.03,1354.51,0,0,0,0,0,0,0,5,60,0,1989.18,2222.24,0
12.417,29,27,1672.4,1224.21,0,0,0,1,1,297,0.5,5,60,4,1558.61,1589.24,0
12.4348,53,20,1747.4,980.905,0,0,0,1,1,297,0.5,5,60,4,1223.22,2090.82,0
12.437,56,20,1807.93,1046.05,0,0,0,1,1,297,0.5,5,60,4,1663.42,1237.34,0
12.44,60,19,1497.15,1007.14,0,0,0,0,0,0,0,5,60,0,1602.31,1786.36,0
12.4437,65,20,1719.13,979.98,0,0,0,0,0,0,0,5,60,0,1431.33,994.63,0
12.4481,71,18,1453.91,999.789,0,0,0,1,1,265,0.35,5,60,4,1438.23,995.98,0
12.4533,78,18,1467.76,1002.6,0,0,0,1,1,329,0.4,5,60,4,1299.94,1284.72,0
12.4541,79,19,1609.64,1110.91,0,0,0,1,1,361,0.55,5,60,4,1833.08,1765.78,0
12.4644,93,19,1490.23,1006.13,0,0,0,0,0,0,0,5,60,0,1987.07,1885.7,21.18
12.4659,95,26,1266.23,1300.68,0,0,0,0,0,0,0,5,60,0,1418.07,805.78,0
12.4667,96,19,1606.16,1105.21,0,0,0,1,1,297,0.5,5,60,4,1198.51,1398.35,0.04
12.4704,101,10,1418.07,805.78,0,0,0,0,0,0,0,5,60,0,1730.82,941.03,0
12.477,110,11,1519.47,780.818,9.36966,0.0258135,0,1,1,269,0.45,5,60,4,1705.6,1277.65,0
12.4807,115,21,2000,1050.22,0,0,0,1,0,0,0,5,60,4,1462.3,1001.73,0
12.4815,116,28,1705.6,1277.65,0,0,0,0,0,0,0,5,60,0,1885.35,2085.67,6.31
12.4896,127,46,2000,1884.84,0,0,0,1,0,0,0,5,60,4,1301.91,1280.86,0
12.4911,129,19,1459.93,998.13,0,0,0,0,0,0,0,5,60,0,2305.76,1155.44,0
12.4919,130,45,2000,1877.57,0,0,0,1,0,0,0,5,60,4,1894.23,1888.89,0
12.5022,9,27,1502.11,1357.52,0,0,0,0,0,0,0,5,60,0,1742.39,958.375,0
12.5037,11,12,1921.83,827.051,16.22,2.61854,0,0,0,0,0,5,60,0,1275.88,1298.01,0
12.5133,24,28,1740.63,1280.06,0,0,0,1,1,265,0.35,5,60,4,2293.25,1877.18,0
12.5148,26,27,1501.03,1354.51,0,0,0,0,0,0,0,5,60,0,1989.18,2222.24,0
12.517,29,27,1673.53,1226.4,0,0,0,1,1,297,0.5,5,60,4,1558.61,1589.24,0
12.5348,53,20,1748.47,983.089,0,0,0,1,1,297,0.5,5,60,4,1223.22,2090.82,0
12.537,56,20,1809.01,1048.24,0,0,0,1,1,297,0.5,5,60,4,1663.42,1237.34,0
12.54,60,19,1497.15,1007.14,0,0,0,0,0,0,0,5,60,0,1602.31,1786.36,0
12.5437,65,20,1719.13,979.98,0,0,0,0,0,0,0,5,60,0,1431.33,994.63,0
12.5481,71,18,1454.95,1001.97,0,0,0,1,1,265,0.35,5,60,4,1438.23,995.98,0
12.5533,78,18,1468.78,1004.78,0,0,0,1,1,329,0.4,5,60,4,1299.94,1284.72,0
12.5541,79,19,1610.67,1113.08,0,0,0,1,1,361,0.55,5,60,4,1833.08,1765.78,0
12.5644,93,19,1490.23,1006.13,0,0,0,0,0,0,0,5,60,0,1989.17,1885.43,21.18
12.5659,95,26,1266.23,1300.68,0,0,0,0,0,0,0,5,60,0,1418.07,805.78,0
12.5667,96,19,1607.15,1107.37,0,0,0,1,1,297,0.5,5,60,4,1198.51,1398.35,0.04
12.5704,101,10,1418.07,805.78,0,0,0,0,0,0,0,5,60,0,1730.82,941.03,0
12.577,110,11,1521.61,783.011,8.20793,0.0258135,0,1,1,269,0.45,5,60,4,1705.6,1277.65,0
12.5807,115,21,2000,1052.38,0,0,0,1,0,0,0,5,60,4,1462.3,1001.73,0
12.5815,116,28,1705.6,1277.65,0,0,0,0,0,0,0,5,60,0,1885.25,2085.05,6.31
12.5896,127,46,2000,1886.99,0,0,0,1,0,0,0,5,60,4,1301.91,1280.86,0
12.5911,129,19,1459.93,998.13,0,0,0,0,0,0,0,5,60,0,2305.76,1155.44,0
12.5919,130,45,2000,1879.72,0,0,0,1,0,0,0,5,60,4,1894.23,1888.89,0
12.6022,9,27,1502.11,1357.52,0,0,0,0,0,0,0,5,60,0,1742.39,958.375,0
12.6037,11,12,1920.43,827.861,16.22,2.61854,0,0,0,0,0,5,60,0,1275.88,1298.01,0
12.6133,24,28,1741.49,1282.2,0,0,0,1,1,265,0.35,5,60,4,2293.25,1877.18,0
12.6148,26,27,1501.03,1354.51,0,0,0,0,0,0,0,5,60,0,1989.18,2222.24,0
12.617,29,27,1674.38,1228.54,0,0,0,1,1,297,0.5,5,60,4,1558.61,1589.24,0
12.6348,53,20,1749.27,985.217,0,0,0,1,1,297,0.5,5,60,4,1223.22,2090.82,0
12.637,56,20,1809.8,1050.36,0,0,0,1,1,297,0.5,5,60,4,1663.42,1237.34,0
12.64,60,19,1497.15,1007.14,0,0,0,0,0,0,0,5,60,0,1602.31,1786.36,0
12.6437,65,20,1719.13,979.98,0,0,0,0,0,0,0,5,60,0,1431.33,994.63,0
12.6481,71,18,1455.7,1004.09,0,0,0,1,1,265,0.35,5,60,4,1438.23,995.98,0
12.6533,78,18,1469.53,1006.89,0,0,0,1,1,329,0.4,5,60,4,1299.94,1284.72,0
12.6541,79,19,1611.41,1115.2,0,0,0,1,1,361,0.55,5,60,4,1833.08,1765.78,0
12.6644,93,19,1490.23,1006.13,0,0,0,0,0,0,0,5,60,0,1991.27,1885.16,21.18
12.6659,95,26,1266.23,1300.68,0,0,0,0,0,0,0,5,60,0,1418.07,805.78,0
12.6667,96,19,1607.85,1109.48,0,0,0,1,1,297,0.5,5,60,4,1198.51,1398.35,0.04
12.6704,101,10,1418.07,805.78,0,0,0,0,0,0,0,5,60,0,1730.82,941.03,0
12.677,110,11,1523.46,785.14,7.23488,0.0258135,0,1,1,269,0.45,5,60,4,1705.6,1277.65,0
12.6807,115,21,2000,1054.48,0,0,0,1,0,0,0,5,60,4,1462.3,1001.73,0
12.6815,116,28,1705.6,1277.65,0,0,0,0,0,0,0,5,60,0,1885.15,2084.43,6.31
12.6896,127,46,2000,1889.08,0,0,0,1,0,0,0,5,60,4,1301.91,1280.86,0
12.6911,129,19,1459.93,998.13,0,0,0,0,0,0,0,5,60,0,2305.76,1155.44,0
12.6919,130,45,2000,1881.81,0,0,0,1,0,0,0,5,60,4,1894.23,1888.89,0
12.7022,9,27,1502.11,1357.52,0,0,0,0,0,0,0,5,60,0,1742.39,958.375,0
12.7037,11,12,1919.02,828.672,16.22,2.61854,0,0,0,0,0,5,60,0,1275.88,1298.01,0
12.7133,24,28,1742.06,1284.27,0,0,0,1,1,265,0.35,5,60,4,2293.25,1877.18,0
12.7148,26,27,1501.03,1354.51,0,0,0,0,0,0,0,5,60,0,1989.18,2222.24,0
12.717,29,27,1674.94,1230.61,0,0,0,1,1,297,0.5,5,60,4,1558.61,1589.24,0
12.7348,53,20,1749.77,987.27,0,0,0,1,1,297,0.5,5,60,4,1223.22,2090.82,0
12.737,56,20,1810.29,1052.41,0,0,0,1,1,297,0.5,5,60,4,1663.42,1237.34,0
12.74,60,19,1497.15,1007.14,0,0,0,0,0,0,0,5,60,0,1602.31,1786.36,0
12.7437,65,20,1719.13,979.98,0,0,0,0,0,0,0,5,60,0,1431.33,994.63,0
12.7481,71,18,1456.17,1006.13,0,0,0,1,1,265,0.35,5,60,4,1438.23,995.98,0
12.7533,78,18,1469.97,1008.93,0,0,0,1,1,329,0.4,5,60,4,1299.94,1284.72,0
12.7541,79,19,1611.86,1117.23,0,0,0,1,1,361,0.55,5,60,4,1833.08,1765.78,0
12.7644,93,19,1490.23,1006.13,0,0,0,0,0,0,0,5,60,0,1993.37,1884.9,21.18
12.7659,95,26,1266.23,1300.68,0,0,0,0,0,0,0,5,60,0,1418.07,805.78,0
12.7667,96,19,1608.26,1111.51,0,0,0,1,1,297,0.5,5,60,4,1198.51,1398.34,0.04
12.7704,101,10,1418.07,805.78,0,0,0,0,0,0,0,5,60,0,1730.82,941.03,0
12.777,110,11,1525.01,787.187,6.50174,0.0258135,0,1,1,269,0.45,5,60,4,1705.6,1277.65,0
12.7807,115,21,2000,1056.49,0,0,0,1,0,0,0,5,60,4,1462.3,1001.73,0
12.7815,116,28,1705.6,1277.65,0,0,0,0,0,0,0,5,60,0,1885.05,2083.8,6.31
12.7896,127,46,2000,1891.09,0,0,0,1,0,0,0,5,60,4,1301.91,1280.86,0
12.7911,129,19,1459.93,998.13,0,0,0,0,0,0,0,5,60,0,2305.76,1155.44,0
12.7919,130,45,2000,1883.81,0,0,0,1,0,0,0,5,60,4,1894.23,1888.89,0
12.8022,9,27,1502.11,1357.52,0,0,0,0,0,0,0,5,60,0,1742.39,958.375,0
12.8037,11,12,1917.62,829.482,16.22,2.61854,0,0,0,0,0,5,60,0,1275.88,1298.01,0
12.8133,24,28,1742.33,1286.26,0,0,0,1,1,265,0.35,5,60,4,2293.25,1877.18,0
12.8148,26,27,1501.03,1354.51,0,0,0,0,0,0,0,5,60,0,1989.18,2222.24,0
12.817,29,27,1675.19,1232.59,0,0,0,1,1,297,0.5,5,60,4,1558.61,1589.24,0
12.8348,53,20,1749.98,989.232,0,0,0,1,1,297,0.5,5,60,4,1223.22,2090.82,0
12.837,56,20,1810.49,1054.37,0,0,0,1,1,297,0.5,5,60,4,1663.42,1237.34,0
12.84,60,19,1497.15,1007.14,0,0,0,0,0,0,0,5,60,0,1602.31,1786.36,0
12.8437,65,20,1719.13,979.98,0,0,0,0,0,0,0,5,60,0,1431.33,994.63,0
12.8481,71,18,1456.33,1008.08,0,0,0,1,1,265,0.35,5,60,4,1438.23,995.98,0
12.8533,78,18,1470.12,1010.87,0,0,0,1,1,329,0.4,5,60,4,1299.94,1284.72,0
12.8541,79,19,1612,1119.18,0,0,0,1,1,361,0.55,5,60,4,1833.08,1765.78,0
12.8644,93,19,1490.23,1006.13,0,0,0,0,0,0,0,5,60,0,1995.47,1884.63,21.18
12.8659,95,26,1266.23,1300.68,0,0,0,0,0,0,0,5,60,0,1418.07,805.78,0
12.8667,96,19,1608.37,1113.44,0,0,0,1,1,297,0.5,5,60,4,1198.51,1398.34,0
12.8704,101,10,1418.07,805.78,0,0,0,0,0,0,0,5,60,0,1730.82,941.03,0
12.877,110,11,1526,789.129,0,0,-117.9,1,1,269,0.45,5,60,4,1705.6,1277.65,0
12.8807,115,21,2000,1058.41,0,0,0,1,0,0,0,5,60,4,1462.3,1001.73,0
12.8815,116,28,1705.6,1277.65,0,0,0,0,0,0,0,5,60,0,1884.94,2083.18,6.31
12.8896,127,46,2000,1892.99,0,0,0,1,0,0,0,5,60,4,1301.91,1280.86,0
12.8911,129,19,1459.93,998.13,0,0,0,0,0,0,0,5,60,0,2305.76,1155.44,0
12.8919,130,45,2000,1885.71,0,0,0,1,0,0,0,5,60,4,1894.23,1888.89,0
12.9022,9,27,1502.11,1357.52,0,0,0,0,0,0,0,5,60,0,1742.39,958.375,0
12.9037,11,12,1916.21,830.292,16.22,2.61854,0,0,0,0,0,5,60,0,1275.88,1298.01,0
12.9133,24,28,1742.29,1288.14,0,0,0,1,1,265,0.35,5,60,4,2293.25,1877.18,0
12.9148,26,27,1501.03,1354.51,0,0,0,0,0,0,0,5,60,0,1989.18,2222.24,0
12.917,29,27,1675.15,1234.47,0,0,0,1,1,297,0.5,5,60,4,1558.61,1589.24,0
12.9348,53,20,1749.88,991.087,0,0,0,1,1,297,0.5,5,60,4,1223.22,2090.82,0
12.937,56,20,1810.38,1056.23,0,0,0,1,1,297,0.5,5,60,4,1663.42,1237.34,0
12.94,60,19,1497.15,1007.14,0,0,0,0,0,0,0,5,60,0,1602.31,1786.36,0
12.9437,65,20,1719.13,979.98,0,0,0,0,0,0,0,5,60,0,1431.33,994.63,0
12.9481,71,18,1456.19,1009.92,0,0,0,1,1,265,0.35,5,60,4,1438.23,995.98,0
12.9533,78,18,1469.96,1012.71,0,0,0,1,1,329,0.4,5,60,4,1299.94,1284.72,0
12.9541,79,19,1611.84,1121.01,0,0,0,1,1,361,0.55,5,60,4,1833.08,1765.78,0
12.9644,93,19,1490.23,1006.13,0,0,0,0,0,0,0,5,60,0,1997.57,1884.36,21.18
12.9659,95,26,1266.23,1300.68,0,0,0,0,0,0,0,5,60,0,1418.07,805.78,0
12.9667,96,19,1608.17,1115.25,0,0,0,1,1,297,0.5,5,60,4,1198.51,1398.34,0
12.9704,101,10,1418.07,805.78,0,0,0,0,0,0,0,5,60,0,1730.82,941.03,0
12.977,110,11,1525.77,790.935,0,0,0,1,1,265,0.35,5,60,4,1705.6,1277.65,0
12.9807,115,21,2000,1060.21,0,0,0,1,0,0,0,5,60,4,1462.3,1001.73,0
12.9815,116,28,1705.6,1277.65,0,0,0,0,0,0,0,5,60,0,1884.84,2082.56,6.31
12.9896,127,46,2000,1894.78,0,0,0,1,0,0,0,5,60,4,1301.91,1280.86,0
12.9911,129,19,1459.93,998.13,0,0,0,0,0,0,0,5,60,0,2305.76,1155.44,0
12.9919,130,45,2000,1887.5,0,0,0,1,0,0,0,5,60,4,1894.23,1888.89,0
13.0022,9,27,1502.11,1357.52,0,0,0,0,0,0,0,5,60,0,1742.39,958.375,0
13.0037,11,12,1914.83,831.091,16.62,2.61833,4,0,1,4,0.1,5,60,0,1275.88,1298.01,0
13.0133,24,28,1741.96,1289.9,0,0,0,1,1,265,0.35,5,60,4,2293.25,1877.18,0
13.0148,26,27,1501.03,1354.51,0,0,0,0,0,0,0,5,60,0,1989.18,2222.24,0
13.017,29,27,1674.8,1236.22,0,0,0,1,1,265,0.35,5,60,4,1558.61,1589.24,0
13.0348,53,20,1749.48,992.82,0,0,0,1,1,297,0.5,5,60,4,1223.22,2090.82,0
13.037,56,20,1809.97,1057.96,0,0,0,1,1,297,0.5,5,60,4,1663.42,1237.34,0
13.04,60,19,1497.15,1007.14,0,0,0,0,0,0,0,5,60,0,1602.31,1786.36,0
13.0437,65,20,1719.13,979.98,0,0,0,0,0,0,0,5,60,0,1431.33,994.63,0
13.0481,71,18,1455.75,1011.63,0,0,0,1,1,265,0.35,5,60,4,1438.23,995.98,0
13.0533,78,18,1469.51,1014.42,0,0,0,1,1,329,0.4,5,60,4,1299.94,1284.72,0
13.0541,79,19,1611.38,1122.72,0,0,0,1,1,361,0.55,5,60,4,1833.08,1765.78,0
13.0644,93,19,1490.23,1006.13,0,0,0,0,0,0,0,5,60,0,1999.66,1884.19,21.49
13.0659,95,26,1266.23,1300.68,0,0,0,0,0,0,0,5,60,0,1418.07,805.78,0
13.0667,96,19,1607.68,1116.94,0,0,0,1,1,265,0.35,5,60,4,1198.51,1398.34,0
13.0704,101,10,1418.07,805.78,0,0,0,0,0,0,0,5,60,0,1730.82,941.03,0
13.077,110,11,1525.47,791.646,6.60785,-1.34749,128.7,1,1,271,0.55,5,60,4,1705.6,1277.65,0
13.0807,115,21,2000,1061.88,0,0,0,1,0,0,0,5,60,4,1462.3,1001.73,0
13.0815,116,28,1705.6,1277.65,0,0,0,0,0,0,0,5,60,0,1884.78,2082.2,3.09
13.0896,127,46,2000,1896.44,0,0,0,1,0,0,0,5,60,4,1301.91,1280.86,0
13.0911,129,19,1459.93,998.13,0,0,0,0,0,0,0,5,60,0,2305.76,1155.44,0
13.0919,130,45,2000,1889.16,0,0,0,1,0,0,0,5,60,4,1894.23,1888.89,0
13.1022,9,27,1502.11,1357.52,0,0,0,0,0,0,0,5,60,0,1742.39,958.375,0
13.1037,11,12,1913.39,831.921,16.62,2.61833,0,0,0,0,0,5,60,0,1275.88,1298.01,0
13.1133,24,28,1741.32,1291.53,0,0,0,1,1,265,0.35,5,60,4,2293.25,1877.18,0
13.1148,26,27,1501.03,1354.51,0,0,0,0,0,0,0,5,60,0,1989.18,2222.24,0
13.117,29,27,1674.15,1237.84,0,0,0,1,1,297,0.5,5,60,4,1558.61,1589.24,0
13.1348,53,20,1748.78,994.418,0,0,0,1,1,265,0.35,5,60,4,1223.22,2090.82,0
13.137,56,20,1809.27,1059.55,0,0,0,1,1,297,0.5,5,60,4,1663.42,1237.34,0
13.14,60,19,1497.15,1007.14,0,0,0,0,0,0,0,5,60,0,1602.31,1786.36,0
13.1437,65,20,1719.13,979.98,0,0,0,0,0,0,0,5,60,0,1431.33,994.63,0
13.1481,71,18,1455.01,1013.21,0,0,0,1,1,265,0.35,5,60,4,1438.23,995.98,0
13.1533,78,18,1468.76,1015.99,0,0,0,1,1,329,0.4,5,60,4,1299.94,1284.72,0
13.1541,79,19,1610.63,1124.29,0,0,0,1,1,361,0.55,5,60,4,1833.08,1765.78,0
13.1644,93,19,1490.23,1006.13,0,0,0,0,0,0,0,5,60,0,2001.8,1884.07,21.49
13.1659,95,26,1266.23,1300.68,0,0,0,0,0,0,0,5,60,0,1418.07,805.78,0
13.1667,96,19,1606.89,1118.5,0,0,0,1,1,297,0.5,5,60,4,1198.51,1398.34,0
13.1704,101,10,1418.07,805.78,0,0,0,0,0,0,0,5,60,0,1730.82,941.03,0
13.177,110,11,1524.93,791.927,7.11051,-1.34749,0,1,1,269,0.45,5,60,4,1705.6,1277.65,0
13.1807,115,21,2000,1063.41,0,0,0,1,0,0,0,5,60,4,1462.3,1001.73,0
13.1815,116,28,1705.6,1277.65,0,0,0,0,0,0,0,5,60,0,1884.73,2081.89,3.09
13.1896,127,46,2000,1897.96,0,0,0,1,0,0,0,5,60,4,1301.91,1280.86,0
13.1911,129,19,1459.93,998.13,0,0,0,0,0,0,0,5,60,0,2305.76,1155.44,0
13.1919,130,45,2000,1890.67,0,0,0,1,0,0,0,5,60,4,1894.23,1888.89,0
13.2022,9,27,1502.11,1357.52,0,0,0,0,0,0,0,5,60,0,1742.39,958.375,0
13.2037,11,12,1911.95,832.752,16.62,2.61833,0,0,0,0,0,5,60,0,1275.88,1298.01,0
13.2133,24,28,1740.4,1293.01,0,0,0,1,1,265,0.35,5,60,4,2293.25,1877.18,0
13.2148,26,27,1501.03,1354.51,0,0,0,0,0,0,0,5,60,0,1989.18,2222.24,0
13.217,29,27,1673.22,1239.32,0,0,0,1,1,297,0.5,5,60,4,1558.61,1589.24,0
13.2348,53,20,1747.79,995.867,0,0,0,1,1,297,0.5,5,60,4,1223.22,2090.82,0
13.237,56,20,1808.28,1061,0,0,0,1,1,297,0.5,5,60,4,1663.42,1237.34,0
13.24,60,19,1497.15,1007.14,0,0,0,0,0,0,0,5,60,0,1602.31,1786.36,0
13.2437,65,20,1719.13,979.98,0,0,0,0,0,0,0,5,60,0,1431.33,994.63,0
13.2481,71,18,1453.99,1014.64,0,0,0,1,1,265,0.35,5,60,4,1438.23,995.98,0
13.2533,78,18,1467.72,1017.41,0,0,0,1,1,329,0.4,5,60,4,1299.94,1284.72,0
13.2541,79,19,1609.59,1125.71,0,0,0,1,1,361,0.55,5,60,4,1833.08,1765.78,0
13.2644,93,19,1490.23,1006.13,0,0,0,0,0,0,0,5,60,0,2003.95,1883.95,21.49
13.2659,95,26,1266.23,1300.68,0,0,0,0,0,0,0,5,60,0,1418.07,805.78,0
13.2667,96,19,1605.81,1119.9,0,0,0,1,1,297,0.5,5,60,4,1198.51,1398.34,0
13.2704,101,10,1418.07,805.78,0,0,0,0,0,0,0,5,60,0,1730.82,941.03,0
13.277,110,11,1524.11,792.054,7.9164,-1.34749,0,1,1,269,0.45,5,60,4,1705.6,1277.65,0
13.2807,115,21,2000,1064.79,0,0,0,1,0,0,0,5,60,4,1462.3,1001.73,0
13.2815,116,28,1705.6,1277.65,0,0,0,0,0,0,0,5,60,0,1884.68,2081.59,3.09
13.2896,127,46,2000,1899.32,0,0,0,1,0,0,0,5,60,4,1301.91,1280.86,0
13.2911,129,19,1459.93,998.13,0,0,0,0,0,0,0,5,60,0,2305.76,1155.44,0
13.2919,130,45,2000,1892.03,0,0,0,1,0,0,0,5,60,4,1894.23,1888.89,0
13.3022,9,27,1502.11,1357.52,0,0,0,0,0,0,0,5,60,0,1742.39,958.375,0
13.3037,11,12,1910.51,833.582,16.62,2.61833,0,0,0,0,0,5,60,0,1275.88,1298.01,0
13.3133,24,28,1739.2,1294.33,0,0,0,1,1,265,0.35,5,60,4,2293.25,1877.18,0
13.3148,26,27,1501.03,1354.51,0,0,0,0,0,0,0,5,60,0,1989.18,2222.24,0
13.317,29,27,1672.01,1240.64,0,0,0,1,1,297,0.5,5,60,4,1558.61,1589.24,0
13.3348,53,20,1746.53,997.155,0,0,0,1,1,297,0.5,5,60,4,1223.22,2090.82,0
13.337,56,20,1807.01,1062.28,0,0,0,1,1,297,0.5,5,60,4,1663.42,1237.34,0
13.34,60,19,1497.15,1007.14,0,0,0,0,0,0,0,5,60,0,1602.31,1786.36,0
13.3437,65,20,1719.13,979.98,0,0,0,0,0,0,0,5,60,0,1431.33,994.63,0
13.3481,71,18,1452.7,1015.9,0,0,0,1,1,265,0.35,5,60,4,1438.23,995.98,0
13.3533,78,18,1466.41,1018.67,0,0,0,1,1,329,0.4,5,60,4,1299.94,1284.72,0
13.3541,79,19,1608.28,1126.96,0,0,0,1,1,361,0.55,5,60,4,1833.08,1765.78,0
13.3644,93,19,1490.23,1006.13,0,0,0,0,0,0,0,5,60,0,2006.09,1883.84,21.49
13.3659,95,26,1266.23,1300.68,0,0,0,0,0,0,0,5,60,0,1418.07,805.78,0
13.3667,96,19,1604.47,1121.13,0,0,0,1,1,297,0.5,5,60,4,1198.51,1398.34,0
13.3704,101,10,1418.07,805.78,0,0,0,0,0,0,0,5,60,0,1730.82,941.03,0
13.377,110,11,1523.03,792.017,8.98329,-1.34749,0,1,1,397,0.55,5,60,4,1705.6,1277.65,0
13.3807,115,21,2000,1066,0,0,0,1,0,0,0,5,60,4,1462.3,1001.73,0
13.3815,116,28,1705.6,1277.65,0,0,0,0,0,0,0,5,60,0,1884.63,2081.28,3.09
13.3896,127,46,2000,1900.52,0,0,0,1,0,0,0,5,60,4,1301.91,1280.86,0
13.3911,129,19,1459.93,998.13,0,0,0,0,0,0,0,5,60,0,2305.76,1155.44,0
13.3919,130,45,2000,1893.22,0,0,0,1,0,0,0,5,60,4,1894.23,1888.89,0
13.4022,9,27,1502.11,1357.52,0,0,0,0,0,0,0,5,60,0,1742.39,958.375,0
13.4037,11,12,1909.07,834.413,16.62,2.61833,0,0,0,0,0,5,60,0,1275.88,1298.01,0
13.4133,24,28,1737.73,1295.49,0,0,0,1,1,265,0.35,5,60,4,2293.25,1877.18,0
13.4148,26,27,1501.03,1354.51,0,0,0,0,0,0,0,5,60,0,1989.18,2222.24,0
13.417,29,27,1670.53,1241.79,0,0,0,1,1,297,0.5,5,60,4,1558.61,1589.24,0
13.4348,53,20,1745.01,998.273,0,0,0,1,1,297,0.5,5,60,4,1223.22,2090.82,0
13.437,56,20,1805.49,1063.4,0,0,0,1,1,297,0.5,5,60,4,1663.42,1237.34,0
13.44,60,19,1497.15,1007.14,0,0,0,0,0,0,0,5,60,0,1602.31,1786.36,0
13.4437,65,20,1719.13,979.98,0,0,0,0,0,0,0,5,60,0,1431.33,994.63,0
13.4481,71,18,1451.14,1017,0,0,0,1,1,265,0.35,5,60,4,1438.23,995.98,0
13.4533,78,18,1464.84,1019.75,0,0,0,1,1,329,0.4,5,60,4,1299.94,1284.72,0
13.4541,79,19,1606.71,1128.05,0,0,0,1,1,361,0.55,5,60,4,1833.08,1765.78,0
13.4644,93,19,1490.23,1006.13,0,0,0,0,0,0,0,5,60,0,2008.24,1883.72,21.49
13.4659,95,26,1266.23,1300.68,0,0,0,0,0,0,0,5,60,0,1418.07,805.78,0
13.4667,96,19,1602.87,1122.19,0,0,0,1,1,297,0.5,5,60,4,1198.51,1398.34,0
13.4704,101,10,1418.07,805.78,0,0,0,0,0,0,0,5,60,0,1730.82,941.03,0
13.477,110,11,1521.69,791.804,10.2549,-1.34749,0,1,1,269,0.45,5,60,4,1705.6,1277.65,0
13.4807,115,21,2000,1067.04,0,0,0,1,0,0,0,5,60,4,1462.3,1001.73,0
13.4815,116,28,1705.6,1277.65,0,0,0,0,0,0,0,5,60,0,1884.58,2080.98,3.09
13.4896,127,46,2000,1901.54,0,0,0,1,0,0,0,5,60,4,1301.91,1280.86,0
13.4911,129,19,1459.93,998.13,0,0,0,0,0,0,0,5,60,0,2305.76,1155.44,0
13.4919,130,45,2000,1894.24,0,0,0,1,0,0,0,5,60,4,1894.23,1888.89,0
13.5022,9,27,1502.11,1357.52,0,0,0,0,0,0,0,5,60,0,1742.39,958.375,0
13.5037,11,12,1907.63,835.243,16.62,2.61833,0,0,0,0,0,5,60,0,1275.88,1298.01,0
13.5133,24,28,1736.02,1296.46,0,0,0,1,1,265,0.35,5,60,4,2293.25,1877.18,0
13.5148,26,27,1501.03,1354.51,0,0,0,0,0,0,0,5,60,0,1989.18,2222.24,0
13.517,29,27,1668.81,1242.76,0,0,0,1,1,297,0.5,5,60,4,1558.61,1589.24,0
13.5348,53,20,1743.25,999.211,0,0,0,1,1,297,0.5,5,60,4,1223.22,2090.82,0
13.537,56,20,1803.72,1064.33,0,0,0,1,1,297,0.5,5,60,4,1663.42,1237.34,0
13.54,60,19,1497.15,1007.14,0,0,0,0,0,0,0,5,60,0,1602.31,1786.36,0
13.5437,65,20,1719.13,979.98,0,0,0,0,0,0,0,5,60,0,1431.33,994.63,0
13.5481,71,18,1449.35,1017.91,0,0,0,1,1,265,0.35,5,60,4,1438.23,995.98,0
13.5533,78,18,1463.04,1020.65,0,0,0,1,1,329,0.4,5,60,4,1299.94,1284.72,0
13.5541,79,19,1604.91,1128.95,0,0,0,1,1,361,0.55,5,60,4,1833.08,1765.78,0
13.5644,93,19,1490.23,1006.13,0,0,0,0,0,0,0,5,60,0,2010.38,1883.6,21.49
13.5659,95,26,1266.23,1300.68,0,0,0,0,0,0,0,5,60,0,1418.07,805.78,0
13.5667,96,19,1601.03,1123.07,0,0,0,1,1,297,0.5,5,60,4,1198.51,1398.34,0
13.5704,101,10,1418.07,805.78,0,0,0,0,0,0,0,5,60,0,1730.82,941.03,0
13.577,110,11,1520.11,791.408,11.6642,-1.34749,0,1,1,269,0.45,5,60,4,1705.6,1277.65,0
13.5807,115,21,2000,1067.89,0,0,0,1,0,0,0,5,60,4,1462.3,1001.73,0
13.5815,116,28,1705.6,1277.65,0,0,0,0,0,0,0,5,60,0,1884.53,2080.67,3.09
13.5896,127,46,2000,1902.38,0,0,0,1,0,0,0,5,60,4,1301.91,1280.86,0
13.5911,129,19,1459.93,998.13,0,0,0,0,0,0,0,5,60,0,2305.76,1155.44,0
13.5919,130,45,2000,1895.07,0,0,0,1,0,0,0,5,60,4,1894.23,1888.89,0
13.6022,9,27,1502.11,1357.52,0,0,0,0,0,0,0,5,60,0,1742.39,958.375,0
13.6037,11,12,1906.19,836.074,16.62,2.61833,0,0,0,0,0,5,60,0,1275.88,1298.01,0
13.6133,24,28,1734.08,1297.25,0,0,0,1,1,265,0.35,5,60,4,2293.25,1877.18,0
13.6148,26,27,1501.03,1354.51,0,0,0,0,0,0,0,5,60,0,1989.18,2222.24,0
13.617,29,27,1666.87,1243.54,0,0,0,1,1,297,0.5,5,60,4,1558.61,1589.24,0
13.6348,53,20,1741.27,999.96,0,0,0,1,1,297,0.5,5,60,4,1223.22,2090.82,0
13.637,56,20,1801.73,1065.07,0,0,0,1,1,297,0.5,5,60,4,1663.42,1237.34,0
13.64,60,19,1497.15,1007.14,0,0,0,0,0,0,0,5,60,0,1602.31,1786.36,0
13.6437,65,20,1719.13,979.98,0,0,0,0,0,0,0,5,60,0,1431.33,994.63,0
13.6481,71,18,1447.34,1018.64,0,0,0,1,1,265,0.35,5,60,4,1438.23,995.98,0
13.6533,78,18,1461.02,1021.37,0,0,0,1,1,329,0.4,5,60,4,1299.94,1284.72,0
13.6541,79,19,1602.88,1129.66,0,0,0,1,1,361,0.55,5,60,4,1833.08,1765.78,0
13.6644,93,19,1490.23,1006.13,0,0,0,0,0,0,0,5,60,0,2012.53,1883.48,21.49
13.6659,95,26,1266.23,1300.68,0,0,0,0,0,0,0,5,60,0,1418.07,805.78,0
13.6667,96,19,1598.98,1123.76,0,0,0,1,1,297,0.5,5,60,4,1198.51,1398.34,0
13.6704,101,10,1418.07,805.78,0,0,0,0,0,0,0,5,60,0,1730.82,941.03,0
13.677,110,11,1518.33,790.822,13.1371,-1.34749,0,1,1,265,0.35,5,60,4,1705.6,1277.65,0
13.6807,115,21,2000,1068.55,0,0,0,1,0,0,0,5,60,4,1462.3,1001.73,0
13.6815,116,28,1705.6,1277.65,0,0,0,0,0,0,0,5,60,0,1884.48,2080.37,3.09
13.6896,127,46,2000,1903.02,0,0,0,1,0,0,0,5,60,4,1301.91,1280.86,0
13.6911,129,19,1459.93,998.13,0,0,0,0,0,0,0,5,60,0,2305.76,1155.44,0
13.6919,130,45,2000,1895.71,0,0,0,1,0,0,0,5,60,4,1894.23,1888.89,0
13.7022,9,27,1502.11,1357.52,0,0,0,0,0,0,0,5,60,0,1742.39,958.375,0
13.7037,11,12,1904.75,836.904,16.62,2.61833,0,0,0,0,0,5,60,0,1275.88,1298.01,0
13.7133,24,28,1731.94,1297.85,0,0,0,1,1,265,0.35,5,60,4,2293.25,1877.18,0
13.7148,26,27,1501.03,1354.51,0,0,0,0,0,0,0,5,60,0,1989.18,2222.24,0
13.717,29,27,1664.72,1244.13,0,0,0,1,1,297,0.5,5,60,4,1558.61,1589.24,0
13.7348,53,20,1739.09,1000.52,0,0,0,1,1,297,0.5,5,60,4,1223.22,2090.82,0
13.737,56,20,1799.55,1065.63,0,0,0,1,1,297,0.5,5,60,4,1663.42,1237.34,0
13.74,60,19,1497.15,1007.14,0,0,0,0,0,0,0,5,60,0,1602.31,1786.36,0
13.7437,65,20,1719.13,979.98,0,0,0,0,0,0,0,5,60,0,1431.33,994.63,0
13.7481,71,18,1445.13,1019.17,0,0,0,1,1,265,0.35,5,60,4,1438.23,995.98,0
13.7533,78,18,1458.8,1021.89,0,0,0,1,1,329,0.4,5,60,4,1299.94,1284.72,0
13.7541,79,19,1600.67,1130.18,0,0,0,1,1,361,0.55,5,60,4,1833.08,1765.78,0
13.7644,93,19,1490.23,1006.13,0,0,0,0,0,0,0,5,60,0,2014.67,1883.36,21.49
13.7659,95,26,1266.23,1300.68,0,0,0,0,0,0,0,5,60,0,1418.07,805.78,0
13.7667,96,19,1596.75,1124.25,0,0,0,1,1,297,0.5,5,60,4,1198.51,1398.34,0
13.7704,101,10,1418.07,805.78,0,0,0,0,0,0,0,5,60,0,1730.82,941.03,0
13.777,110,11,1516.36,790.04,14.5957,-1.34749,0,1,1,397,0.55,5,60,4,1705.6,1277.65,0
13.7807,115,21,2000,1069.02,0,0,0,1,0,0,0,5,60,4,1462.3,1001.73,0
13.7815,116,28,1705.6,1277.65,0,0,0,0,0,0,0,5,60,0,1884.43,2080.06,3.09
13.7896,127,46,2000,1903.47,0,0,0,1,0,0,0,5,60,4,1301.91,1280.86,0
13.7911,129,19,1459.93,998.13,0,0,0,0,0,0,0,5,60,0,2305.76,1155.44,0
13.7919,130,45,2000,1896.16,0,0,0,1,0,0,0,5,60,4,1894.23,1888.89,0
13.8022,9,27,1502.11,1357.52,0,0,0,0,0,0,0,5,60,0,1742.39,958.375,0
13.8037,11,12,1903.31,837.735,16.62,2.61833,0,0,0,0,0,5,60,0,1275.88,1298.01,0
13.8133,24,28,1729.62,1298.25,0,0,0,1,1,265,0.35,5,60,4,2293.25,1877.18,0
13.8148,26,27,1501.03,1354.51,0,0,0,0,0,0,0,5,60,0,1989.18,2222.24,0
13.817,29,27,1662.39,1244.53,0,0,0,1,1,297,0.5,5,60,4,1558.61,1589.24,0
13.8348,53,20,1736.74,1000.88,0,0,0,1,1,297,0.5,5,60,4,1223.22,2090.82,0
13.837,56,20,1797.19,1065.98,0,0,0,1,1,297,0.5,5,60,4,1663.42,1237.34,0
13.84,60,19,1497.15,1007.14,0,0,0,0,0,0,0,5,60,0,1602.31,1786.36,0
13.8437,65,20,1719.13,979.98,0,0,0,0,0,0,0,5,60,0,1431.33,994.63,0
13.8481,71,18,1442.76,1019.5,0,0,0,1,1,265,0.35,5,60,4,1438.23,995.98,0
13.8533,78,18,1456.42,1022.21,0,0,0,1,1,329,0.4,5,60,4,1299.94,1284.72,0
13.8541,79,19,1598.29,1130.5,0,0,0,1,1,361,0.55,5,60,4,1833.08,1765.78,0
13.8644,93,19,1490.23,1006.13,0,0,0,0,0,0,0,5,60,0,2016.82,1883.24,21.49
13.8659,95,26,1266.23,1300.68,0,0,0,0,0,0,0,5,60,0,1418.07,805.78,0
13.8667,96,19,1594.35,1124.55,0,0,0,1,1,297,0.5,5,60,4,1198.51,1398.34,0
13.8704,101,10,1418.07,805.78,0,0,0,0,0,0,0,5,60,0,1730.82,941.03,0
13.877,110,11,1514.23,789.059,15.9636,-1.34749,0,1,1,397,0.55,5,60,4,1705.6,1277.65,0
13.8807,115,21,2000,1069.28,0,0,0,1,0,0,0,5,60,4,1462.3,1001.73,0
13.8815,116,28,1705.6,1277.65,0,0,0,0,0,0,0,5,60,0,1884.38,2079.76,3.09
13.8896,127,46,2000,1903.72,0,0,0,1,0,0,0,5,60,4,1301.91,1280.86,0
13.8911,129,19,1459.93,998.13,0,0,0,0,0,0,0,5,60,0,2305.76,1155.44,0
13.8919,130,45,2000,1896.4,0,0,0,1,0,0,0,5,60,4,1894.23,1888.89,0
13.9022,9,27,1502.11,1357.52,0,0,0,0,0,0,0,5,60,0,1742.39,958.375,0
13.9037,11,12,1901.87,838.565,16.62,2.61833,0,0,0,0,0,5,60,0,1275.88,1298.01,0
13.9133,24,28,1727.16,1298.45,0,0,0,1,1,265,0.35,5,60,4,2293.25,1877.18,0
13.9148,26,27,1501.03,1354.51,0,0,0,0,0,0,0,5,60,0,1989.18,2222.24,0
13.917,29,27,1659.92,1244.72,0,0,0,1,1,297,0.5,5,60,4,1558.61,1589.24,0
13.9348,53,20,1734.24,1001.03,0,0,0,1,1,297,0.5,5,60,4,1223.22,2090.82,0
13.937,56,20,1794.7,1066.13,0,0,0,1,1,297,0.5,5,60,4,1663.42,1237.34,0
13.94,60,19,1497.15,1007.14,0,0,0,0,0,0,0,5,60,0,1602.31,1786.36,0
13.9437,65,20,1719.13,979.98,0,0,0,0,0,0,0,5,60,0,1431.33,994.63,0
13.9481,71,18,1440.25,1019.63,0,0,0,1,1,265,0.35,5,60,4,1438.23,995.98,0
13.9533,78,18,1453.91,1022.33,0,0,0,1,1,329,0.4,5,60,4,1299.94,1284.72,0
13.9541,79,19,1595.77,1130.62,0,0,0,1,1,361,0.55,5,60,4,1833.08,1765.78,0
13.9644,93,19,1490.23,1006.13,0,0,0,0,0,0,0,5,60,0,2018.97,1883.12,21.49
13.9659,95,26,1266.23,1300.68,0,0,0,0,0,0,0,5,60,0,1418.07,805.78,0
13.9667,96,19,1591.81,1124.64,0,0,0,1,1,297,0.5,5,60,4,1198.51,1398.34,0
13.9704,101,10,1418.07,805.78,0,0,0,0,0,0,0,5,60,0,1730.82,941.03,0
13.977,110,11,1511.97,787.876,17.1685,-1.34749,0,1,1,397,0.55,5,60,4,1705.6,1277.65,0
13.9807,115,21,2000,1069.35,0,0,0,1,0,0,0,5,60,4,1462.3,1001.73,0
13.9815,116,28,1705.6,1277.65,0,0,0,0,0,0,0,5,60,0,1884.33,2079.45,3.09
13.9896,127,46,2000,1903.76,0,0,0,1,0,0,0,5,60,4,1301.91,1280.86,0
13.9911,129,19,1459.93,998.13,0,0,0,0,0,0,0,5,60,0,2305.76,1155.44,0
13.9919,130,45,2000,1896.44,0,0,0,1,0,0,0,5,60,4,1894.23,1888.89,0
14.0022,9,27,1502.11,1357.52,0,0,0,0,0,0,0,5,60,0,1742.39,958.375,0
14.0037,11,12,1900.46,839.38,16.19,2.61815,-4.3,0,1,4,0.1,5,60,0,1275.88,1298.01,0
14.0133,24,28,1724.57,1298.45,0,0,0,1,1,265,0.35,5,60,4,2293.25,1877.18,0
14.0148,26,27,1501.03,1354.51,0,0,0,0,0,0,0,5,60,0,1989.18,2222.24,0
14.017,29,27,1657.34,1244.71,0,0,0,1,1,297,0.5,5,60,4,1558.61,1589.24,0
14.0348,53,20,1731.64,1000.99,0,0,0,1,1,297,0.5,5,60,4,1223.22,2090.82,0
14.037,56,20,1792.09,1066.08,0,0,0,1,1,297,0.5,5,60,4,1663.42,1237.34,0
14.04,60,19,1497.15,1007.14,0,0,0,0,0,0,0,5,60,0,1602.31,1786.36,0
14.0437,65,20,1719.13,979.98,0,0,0,0,0,0,0,5,60,0,1431.33,994.63,0
14.0481,71,18,1437.63,1019.56,0,0,0,1,1,265,0.35,5,60,4,1438.23,995.98,0
14.0533,78,18,1451.29,1022.25,0,0,0,1,1,329,0.4,5,60,4,1299.94,1284.72,0
14.0541,79,19,1593.15,1130.54,0,0,0,1,1,361,0.55,5,60,4,1833.08,1765.78,0
14.0644,93,19,1490.23,1006.13,0,0,0,0,0,0,0,5,60,0,2020.84,1883.05,18.18
14.0659,95,26,1266.23,1300.68,0,0,0,0,0,0,0,5,60,0,1418.07,805.78,0
14.0667,96,19,1589.18,1124.53,0,0,0,1,1,265,0.35,5,60,4,1198.51,1398.34,0
14.0704,101,10,1418.07,805.78,0,0,0,0,0,0,0,5,60,0,1730.82,941.03,0
14.077,110,11,1509.62,786.463,18.6688,-1.34688,3.7,1,1,397,0.55,5,60,4,1705.6,1277.65,0
14.0807,115,21,2000,1069.21,0,0,0,1,0,0,0,5,60,4,1462.3,1001.73,0
14.0815,116,28,1705.6,1277.65,0,0,0,0,0,0,0,5,60,0,1884.32,2079.4,0.02
14.0896,127,46,2000,1903.61,0,0,0,1,0,0,0,5,60,4,1301.91,1280.86,0
14.0911,129,19,1459.93,998.13,0,0,0,0,0,0,0,5,60,0,2305.76,1155.44,0
14.0919,130,45,2000,1896.28,0,0,0,1,0,0,0,5,60,4,1894.23,1888.89,0
14.1022,9,27,1502.11,1357.52,0,0,0,0,0,0,0,5,60,0,1742.39,958.375,0
14.1037,11,12,1899.06,840.189,16.19,2.61815,0,0,0,0,0,5,60,0,1275.88,1298.01,0
14.1133,24,28,1721.9,1298.25,0,0,0,1,1,265,0.35,5,60,4,2293.25,1877.18,0
14.1148,26,27,1501.03,1354.51,0,0,0,0,0,0,0,5,60,0,1989.18,2222.24,0
14.117,29,27,1654.66,1244.5,0,0,0,1,1,297,0.5,5,60,4,1558.61,1589.24,0
14.1348,53,20,1728.95,1000.74,0,0,0,1,1,265,0.35,5,60,4,1223.22,2090.82,0
14.137,56,20,1789.4,1065.83,0,0,0,1,1,297,0.5,5,60,4,1663.42,1237.34,0
14.14,60,19,1497.15,1007.14,0,0,0,0,0,0,0,5,60,0,1602.31,1786.36,0
14.1437,65,20,1719.13,979.98,0,0,0,0,0,0,0,5,60,0,1431.33,994.63,0
14.1481,71,18,1434.94,1019.28,0,0,0,1,1,265,0.35,5,60,4,1438.23,995.98,0
14.1533,78,18,1448.59,1021.96,0,0,0,1,1,329,0.4,5,60,4,1299.94,1284.72,0
14.1541,79,19,1590.45,1130.25,0,0,0,1,1,361,0.55,5,60,4,1833.08,1765.78,0
14.1644,93,19,1490.23,1006.13,0,0,0,0,0,0,0,5,60,0,2022.66,1883,18.18
14.1659,95,26,1266.23,1300.68,0,0,0,0,0,0,0,5,60,0,1418.07,805.78,0
14.1667,96,19,1586.47,1124.22,0,0,0,1,1,297,0.5,5,60,4,1198.51,1398.34,0
14.1704,101,10,1418.07,805.78,0,0,0,0,0,0,0,5,60,0,1730.82,941.03,0
14.177,110,11,1507.2,784.84,19.3895,-1.34688,0,1,1,397,0.55,5,60,4,1705.6,1277.65,0
14.1807,115,21,2000,1068.87,0,0,0,1,0,0,0,5,60,4,1462.3,1001.73,0
14.1815,116,28,1705.6,1277.65,0,0,0,0,0,0,0,5,60,0,1884.32,2079.4,0.02
14.1896,127,46,2000,1903.25,0,0,0,1,0,0,0,5,60,4,1301.91,1280.86,0
14.1911,129,19,1459.93,998.13,0,0,0,0,0,0,0,5,60,0,2305.76,1155.44,0
14.1919,130,45,2000,1895.92,0,0,0,1,0,0,0,5,60,4,1894.23,1888.89,0
14.2022,9,27,1502.11,1357.52,0,0,0,0,0,0,0,5,60,0,1742.39,958.375,0
14.2037,11,12,1897.65,840.999,16.19,2.61815,0,0,0,0,0,5,60,0,1275.88,1298.01,0
14.2133,24,28,1719.18,1297.84,0,0,0,1,1,265,0.35,5,60,4,2293.25,1877.18,0
14.2148,26,27,1501.03,1354.51,0,0,0,0,0,0,0,5,60,0,1989.18,2222.24,0
14.217,29,27,1651.94,1244.09,0,0,0,1,1,297,0.5,5,60,4,1558.61,1589.24,0
14.2348,53,20,1726.22,1000.29,0,0,0,1,1,297,0.5,5,60,4,1223.22,2090.82,0
14.237,56,20,1786.67,1065.38,0,0,0,1,1,297,0.5,5,60,4,1663.42,1237.34,0
14.24,60,19,1497.15,1007.14,0,0,0,0,0,0,0,5,60,0,1602.31,1786.36,0
14.2437,65,20,1719.13,979.98,0,0,0,0,0,0,0,5,60,0,1431.33,994.63,0
14.2481,71,18,1432.2,1018.81,0,0,0,1,1,265,0.35,5,60,4,1438.23,995.98,0
14.2533,78,18,1445.85,1021.48,0,0,0,1,1,329,0.4,5,60,4,1299.94,1284.72,0
14.2541,79,19,1587.71,1129.76,0,0,0,1,1,361,0.55,5,60,4,1833.08,1765.78,0
14.2644,93,19,1490.23,1006.13,0,0,0,0,0,0,0,5,60,0,2024.48,1882.96,18.18
14.2659,95,26,1266.23,1300.68,0,0,0,0,0,0,0,5,60,0,1418.07,805.78,0
14.2667,96,19,1583.73,1123.71,0,0,0,1,1,297,0.5,5,60,4,1198.51,1398.34,0
14.2704,101,10,1418.07,805.78,0,0,0,0,0,0,0,5,60,0,1730.82,941.03,0
14.277,110,11,1504.75,783.019,19.7864,-1.34688,0,1,1,397,0.55,5,60,4,1705.6,1277.65,0
14.2807,115,21,2000,1068.33,0,0,0,1,0,0,0,5,60,4,1462.3,1001.73,0
14.2815,116,28,1705.6,1277.65,0,0,0,0,0,0,0,5,60,0,1884.32,2079.39,0.02
14.2896,127,46,2000,1902.69,0,0,0,1,0,0,0,5,60,4,1301.91,1280.86,0
14.2911,129,19,1459.93,998.13,0,0,0,0,0,0,0,5,60,0,2305.76,1155.44,0
14.2919,130,45,2000,1895.36,0,0,0,1,0,0,0,5,60,4,1894.23,1888.89,0
14.3022,9,27,1502.11,1357.52,0,0,0,0,0,0,0,5,60,0,1742.39,958.375,0
14.3037,11,12,1896.25,841.808,16.19,2.61815,0,0,0,0,0,5,60,0,1275.88,1298.01,0
14.3133,24,28,1716.43,1297.24,0,0,0,1,1,265,0.35,5,60,4,2293.25,1877.18,0
14.3148,26,27,1501.03,1354.51,0,0,0,0,0,0,0,5,60,0,1989.18,2222.24,0
14.317,29,27,1649.19,1243.48,0,0,0,1,1,297,0.5,5,60,4,1558.61,1589.24,0
14.3348,53,20,1723.47,999.65,0,0,0,1,1,297,0.5,5,60,4,1223.22,2090.82,0
14.337,56,20,1783.92,1064.73,0,0,0,1,1,297,0.5,5,60,4,1663.42,1237.34,0
14.34,60,19,1497.15,1007.14,0,0,0,0,0,0,0,5,60,0,1602.31,1786.36,0
14.3437,65,20,1719.13,979.98,0,0,0,0,0,0,0,5,60,0,1431.33,994.63,0
14.3481,71,18,1429.45,1018.14,0,0,0,1,1,265,0.35,5,60,4,1438.23,995.98,0
14.3533,78,18,1443.1,1020.8,0,0,0,1,1,329,0.4,5,60,4,1299.94,1284.72,0
14.3541,79,19,1584.96,1129.08,0,0,0,1,1,361,0.55,5,60,4,1833.08,1765.78,0
14.3644,93,19,1490.23,1006.13,0,0,0,0,0,0,0,5,60,0,2026.3,1882.91,18.18
14.3659,95,26,1266.23,1300.68,0,0,0,0,0,0,0,5,60,0,1418.07,805.78,0
14.3667,96,19,1580.99,1123,0,0,0,1,1,297,0.5,5,60,4,1198.51,1398.34,0
14.3704,101,10,1418.07,805.78,0,0,0,0,0,0,0,5,60,0,1730.82,941.03,0
14.377,110,11,1502.3,781.003,19.8385,-1.34688,0,1,1,397,0.55,5,60,4,1705.6,1277.65,0
14.3807,115,21,2000,1067.6,0,0,0,1,0,0,0,5,60,4,1462.3,1001.73,0
14.3815,116,28,1705.6,1277.65,0,0,0,0,0,0,0,5,60,0,1884.32,2079.39,0.02
14.3896,127,46,2000,1901.95,0,0,0,1,0,0,0,5,60,4,1301.91,1280.86,0
14.3911,129,19,1459.93,998.13,0,0,0,0,0,0,0,5,60,0,2305.76,1155.44,0
14.3919,130,45,2000,1894.61,0,0,0,1,0,0,0,5,60,4,1894.23,1888.89,0
14.4022,9,27,1502.11,1357.52,0,0,0,0,0,0,0,5,60,0,1742.39,958.375,0
14.4037,11,12,1894.85,842.617,16.19,2.61815,0,0,0,0,0,5,60,0,1275.88,1298.01,0
14.4133,24,28,1713.69,1296.45,0,0,0,1,1,265,0.35,5,60,4,2293.25,1877.18,0
14.4148,26,27,1501.03,1354.51,0,0,0,0,0,0,0,5,60,0,1989.18,2222.24,0
14.417,29,27,1646.45,1242.68,0,0,0,1,1,297,0.5,5,60,4,1558.61,1589.24,0
14.4348,53,20,1720.74,998.815,0,0,0,1,1,297,0.5,5,60,4,1223.22,2090.82,0
14.437,56,20,1781.19,1063.89,0,0,0,1,1,297,0.5,5,60,4,1663.42,1237.34,0
14.44,60,19,1497.15,1007.14,0,0,0,0,0,0,0,5,60,0,1602.31,1786.36,0
14.4437,65,20,1719.13,979.98,0,0,0,0,0,0,0,5,60,0,1431.33,994.63,0
14.4481,71,18,1426.73,1017.28,0,0,0,1,1,265,0.35,5,60,4,1438.23,995.98,0
14.4533,78,18,1440.38,1019.93,0,0,0,1,1,329,0.4,5,60,4,1299.94,1284.72,0
14.4541,79,19,1582.24,1128.21,0,0,0,1,1,361,0.55,5,60,4,1833.08,1765.78,0
14.4644,93,19,1490.23,1006.13,0,0,0,0,0,0,0,5,60,0,2028.11,1882.86,18.18
14.4659,95,26,1266.23,1300.68,0,0,0,0,0,0,0,5,60,0,1418.07,805.78,0
14.4667,96,19,1578.27,1122.11,0,0,0,1,1,297,0.5,5,60,4,1198.51,1398.34,0
14.4704,101,10,1418.07,805.78,0,0,0,0,0,0,0,5,60,0,1730.82,941.03,0
14.477,110,11,1499.88,778.799,19.543,-1.34688,0,1,1,397,0.55,5,60,4,1705.6,1277.65,0
14.4807,115,21,2000,1066.68,0,0,0,1,0,0,0,5,60,4,1462.3,1001.73,0
14.4815,116,28,1705.6,1277.65,0,0,0,0,0,0,0,5,60,0,1884.32,2079.39,0.02
14.4896,127,46,2000,1901.01,0,0,0,1,0,0,0,5,60,4,1301.91,1280.86,0
14.4911,129,19,1459.93,998.13,0,0,0,0,0,0,0,5,60,0,2305.76,1155.44,0
14.4919,130,45,2000,1893.67,0,0,0,1,0,0,0,5,60,4,1894.23,1888.89,0
14.5022,9,27,1502.11,1357.52,0,0,0,0,0,0,0,5,60,0,1742.39,958.375,0
14.5037,11,12,1893.45,843.426,16.19,2.61815,0,0,0,0,0,5,60,0,1275.88,1298.01,0
14.5133,24,28,1711,1295.47,0,0,0,1,1,265,0.35,5,60,4,2293.25,1877.18,0
14.5148,26,27,1501.03,1354.51,0,0,0,0,0,0,0,5,60,0,1989.18,2222.24,0
14.517,29,27,1643.76,1241.69,0,0,0,1,1,297,0.5,5,60,4,1558.61,1589.24,0
14.5348,53,20,1718.06,997.797,0,0,0,1,1,297,0.5,5,60,4,1223.22,2090.82,0
14.537,56,20,1778.51,1062.87,0,0,0,1,1,297,0.5,5,60,4,1663.42,1237.34,0
14.54,60,19,1497.15,1007.14,0,0,0,0,0,0,0,5,60,0,1602.31,1786.36,0
14.5437,65,20,1719.13,979.98,0,0,0,0,0,0,0,5,60,0,1431.33,994.63,0
14.5481,71,18,1424.06,1016.24,0,0,0,1,1,265,0.35,5,60,4,1438.23,995.98,0
14.5533,78,18,1437.71,1018.88,0,0,0,1,1,329,0.4,5,60,4,1299.94,1284.72,0
14.5541,79,19,1579.57,1127.16,0,0,0,1,1,361,0.55,5,60,4,1833.08,1765.78,0
14.5644,93,19,1490.23,1006.13,0,0,0,0,0,0,0,5,60,0,2029.93,1882.81,18.18
14.5659,95,26,1266.23,1300.68,0,0,0,0,0,0,0,5,60,0,1418.07,805.78,0
14.5667,96,19,1575.61,1121.03,0,0,0,1,1,297,0.5,5,60,4,1198.51,1398.34,0
14.5704,101,10,1418.07,805.78,0,0,0,0,0,0,0,5,60,0,1730.82,941.03,0
14.577,110,11,1497.53,776.414,18.9157,-1.34688,0,1,1,397,0.55,5,60,4,1705.6,1277.65,0
14.5807,115,21,2000,1065.58,0,0,0,1,0,0,0,5,60,4,1462.3,1001.73,0
14.5815,116,28,1705.6,1277.65,0,0,0,0,0,0,0,5,60,0,1884.32,2079.39,0.02
14.5896,127,46,2000,1899.89,0,0,0,1,0,0,0,5,60,4,1301.91,1280.86,0
14.5911,129,19,1459.93,998.13,0,0,0,0,0,0,0,5,60,0,2305.76,1155.44,0
14.5919,130,45,2000,1892.55,0,0,0,1,0,0,0,5,60,4,1894.23,1888.89,0
14.6022,9,27,1502.11,1357.52,0,0,0,0,0,0,0,5,60,0,1742.39,958.375,0
14.6037,11,12,1892.04,844.236,16.19,2.61815,0,0,0,0,0,5,60,0,1275.88,1298.01,0
14.6133,24,28,1708.38,1294.31,0,0,0,1,1,265,0.35,5,60,4,2293.25,1877.18,0
14.6148,26,27,1501.03,1354.51,0,0,0,0,0,0,0,5,60,0,1989.18,2222.24,0
14.617,29,27,1641.15,1240.53,0,0,0,1,1,297,0.5,5,60,4,1558.61,1589.24,0
14.6348,53,20,1715.46,996.602,0,0,0,1,1,297,0.5,5,60,4,1223.22,2090.82,0
14.637,56,20,1775.92,1061.67,0,0,0,1,1,297,0.5,5,60,4,1663.42,1237.34,0
14.64,60,19,1497.15,1007.14,0,0,0,0,0,0,0,5,60,0,1602.31,1786.36,0
14.6437,65,20,1719.13,979.98,0,0,0,0,0,0,0,5,60,0,1431.33,994.63,0
14.6481,71,18,1421.48,1015.02,0,0,0,1,1,265,0.35,5,60,4,1438.23,995.98,0
14.6533,78,18,1435.14,1017.65,0,0,0,1,1,329,0.4,5,60,4,1299.94,1284.72,0
14.6541,79,19,1577,1125.93,0,0,0,1,1,361,0.55,5,60,4,1833.08,1765.78,0
14.6644,93,19,1490.23,1006.13,0,0,0,0,0,0,0,5,60,0,2031.75,1882.77,18.18
14.6659,95,26,1266.23,1300.68,0,0,0,0,0,0,0,5,60,0,1418.07,805.78,0
14.6667,96,19,1573.05,1119.79,0,0,0,1,1,297,0.5,5,60,4,1198.51,1398.34,0
14.6704,101,10,1418.07,805.78,0,0,0,0,0,0,0,5,60,0,1730.82,941.03,0
14.677,110,11,1495.27,773.856,17.9894,-1.34688,0,1,1,397,0.55,5,60,4,1705.6,1277.65,0
14.6807,115,21,2000,1064.31,0,0,0,1,0,0,0,5,60,4,1462.3,1001.73,0
14.6815,116,28,1705.6,1277.65,0,0,0,0,0,0,0,5,60,0,1884.32,2079.39,0.02
14.6896,127,46,2000,1898.61,0,0,0,1,0,0,0,5,60,4,1301.91,1280.86,0
14.6911,129,19,1459.93,998.13,0,0,0,0,0,0,0,5,60,0,2305.76,1155.44,0
14.6919,130,45,2000,1891.26,0,0,0,1,0,0,0,5,60,4,1894.23,1888.89,0
14.7022,9,27,1502.11,1357.52,0,0,0,0,0,0,0,5,60,0,1742.39,958.375,0
14.7037,11,12,1890.64,845.045,16.19,2.61815,0,0,0,0,0,5,60,0,1275.88,1298.01,0
14.7133,24,28,1705.87,1292.99,0,0,0,1,1,265,0.35,5,60,4,2293.25,1877.18,0
14.7148,26,27,1501.03,1354.51,0,0,0,0,0,0,0,5,60,0,1989.18,2222.24,0
14.717,29,27,1638.65,1239.19,0,0,0,1,1,297,0.5,5,60,4,1558.61,1589.24,0
14.7348,53,20,1712.98,995.24,0,0,0,1,1,297,0.5,5,60,4,1223.22,2090.82,0
14.737,56,20,1773.44,1060.31,0,0,0,1,1,297,0.5,5,60,4,1663.42,1237.34,0
14.74,60,19,1497.15,1007.14,0,0,0,0,0,0,0,5,60,0,1602.31,1786.36,0
14.7437,65,20,1719.13,979.98,0,0,0,0,0,0,0,5,60,0,1431.33,994.63,0
14.7481,71,18,1419.01,1013.64,0,0,0,1,1,265,0.35,5,60,4,1438.23,995.98,0
14.7533,78,18,1432.68,1016.26,0,0,0,1,1,329,0.4,5,60,4,1299.94,1284.72,0
14.7541,79,19,1574.54,1124.54,0,0,0,1,1,361,0.55,5,60,4,1833.08,1765.78,0
14.7644,93,19,1490.23,1006.13,0,0,0,0,0,0,0,5,60,0,2033.56,1882.72,18.18
14.7659,95,26,1266.23,1300.68,0,0,0,0,0,0,0,5,60,0,1418.07,805.78,0
14.7667,96,19,1570.61,1118.37,0,0,0,1,1,297,0.5,5,60,4,1198.51,1398.34,0
14.7704,101,10,1418.07,805.78,0,0,0,0,0,0,0,5,60,0,1730.82,941.03,0
14.777,110,11,1493.14,771.137,16.8129,-1.34688,0,1,1,397,0.55,5,60,4,1705.6,1277.65,0
14.7807,115,21,2000,1062.87,0,0,0,1,0,0,0,5,60,4,1462.3,1001.73,0
14.7815,116,28,1705.6,1277.65,0,0,0,0,0,0,0,5,60,0,1884.32,2079.38,0.02
14.7896,127,46,2000,1897.16,0,0,0,1,0,0,0,5,60,4,1301.91,1280.86,0
14.7911,129,19,1459.93,998.13,0,0,0,0,0,0,0,5,60,0,2305.76,1155.44,0
14.7919,130,45,2000,1889.8,0,0,0,1,0,0,0,5,60,4,1894.23,1888.89,0
14.8022,9,27,1502.11,1357.52,0,0,0,0,0,0,0,5,60,0,1742.39,958.375,0
14.8037,11,12,1889.24,845.854,16.19,2.61815,0,0,0,0,0,5,60,0,1275.88,1298.01,0
14.8133,24,28,1703.51,1291.5,0,0,0,1,1,265,0.35,5,60,4,2293.25,1877.18,0
14.8148,26,27,1501.03,1354.51,0,0,0,0,0,0,0,5,60,0,1989.18,2222.24,0
14.817,29,27,1636.28,1237.7,0,0,0,1,1,297,0.5,5,60,4,1558.61,1589.24,0
14.8348,53,20,1710.65,993.724,0,0,0,1,1,297,0.5,5,60,4,1223.22,2090.82,0
14.837,56,20,1771.11,1058.79,0,0,0,1,1,297,0.5,5,60,4,1663.42,1237.34,0
14.84,60,19,1497.15,1007.14,0,0,0,0,0,0,0,5,60,0,1602.31,1786.36,0
14.8437,65,20,1719.13,979.98,0,0,0,0,0,0,0,5,60,0,1431.33,994.63,0
14.8481,71,18,1416.7,1012.1,0,0,0,1,1,265,0.35,5,60,4,1438.23,995.98,0
14.8533,78,18,1430.37,1014.72,0,0,0,1,1,329,0.4,5,60,4,1299.94,1284.72,0
14.8541,79,19,1572.24,1122.99,0,0,0,1,1,361,0.55,5,60,4,1833.08,1765.78,0
14.8644,93,19,1490.23,1006.13,0,0,0,0,0,0,0,5,60,0,2035.38,1882.67,18.18
14.8659,95,26,1266.23,1300.68,0,0,0,0,0,0,0,5,60,0,1418.07,805.78,0
14.8667,96,19,1568.33,1116.81,0,0,0,1,1,297,0.5,5,60,4,1198.51,1398.34,0
14.8704,101,10,1418.07,805.78,0,0,0,0,0,0,0,5,60,0,1730.82,941.03,0
14.877,110,11,1491.17,768.267,15.4482,-1.34688,0,1,1,397,0.55,5,60,4,1705.6,1277.65,0
14.8807,115,21,2000,1061.29,0,0,0,1,0,0,0,5,60,4,1462.3,1001.73,0
14.8815,116,28,1705.6,1277.65,0,0,0,0,0,0,0,5,60,0,1884.32,2079.38,0.02
14.8896,127,46,2000,1895.56,0,0,0,1,0,0,0,5,60,4,1301.91,1280.86,0
14.8911,129,19,1459.93,998.13,0,0,0,0,0,0,0,5,60,0,2305.76,1155.44,0
14.8919,130,45,2000,1888.2,0,0,0,1,0,0,0,5,60,4,1894.23,1888.89,0
14.9022,9,27,1502.11,1357.52,0,0,0,0,0,0,0,5,60,0,1742.39,958.375,0
14.9037,11,12,1887.84,846.664,16.19,2.61815,0,0,0,0,0,5,60,0,1275.88,1298.01,0
14.9133,24,28,1701.3,1289.87,0,0,0,1,1,265,0.35,5,60,4,2293.25,1877.18,0
14.9148,26,27,1501.03,1354.51,0,0,0,0,0,0,0,5,60,0,1989.18,2222.24,0
14.917,29,27,1634.09,1236.07,0,0,0,1,1,297,0.5,5,60,4,1558.61,1589.24,0
14.9348,53,20,1708.49,992.064,0,0,0,1,1,297,0.5,5,60,4,1223.22,2090.82,0
14.937,56,20,1768.95,1057.13,0,0,0,1,1,297,0.5,5,60,4,1663.42,1237.34,0
14.94,60,19,1497.15,1007.14,0,0,0,0,0,0,0,5,60,0,1602.31,1786.36,0
14.9437,65,20,1719.13,979.98,0,0,0,0,0,0,0,5,60,0,1431.33,994.63,0
14.9481,71,18,1414.56,1010.42,0,0,0,1,1,265,0.35,5,60,4,1438.23,995.98,0
14.9533,78,18,1428.25,1013.03,0,0,0,1,1,329,0.4,5,60,4,1299.94,1284.72,0
14.9541,79,19,1570.11,1121.31,0,0,0,1,1,361,0.55,5,60,4,1833.08,1765.78,0
14.9644,93,19,1490.23,1006.13,0,0,0,0,0,0,0,5,60,0,2037.2,1882.63,18.18
14.9659,95,26,1266.23,1300.68,0,0,0,0,0,0,0,5,60,0,1418.07,805.78,0
14.9667,96,19,1566.23,1115.11,0,0,0,1,1,297,0.5,5,60,4,1198.51,1398.34,0
14.9704,101,10,1418.07,805.78,0,0,0,0,0,0,0,5,60,0,1730.82,941.03,0
14.977,110,11,1489.38,765.26,13.9672,-1.34688,0,1,1,397,0.55,5,60,4,1705.6,1277.65,0
14.9807,115,21,2000,1059.57,0,0,0,1,0,0,0,5,60,4,1462.3,1001.73,0
14.9815,116,28,1705.6,1277.65,0,0,0,0,0,0,0,5,60,0,1884.32,2079.38,0.02
14.9896,127,46,2000,1893.83,0,0,0,1,0,0,0,5,60,4,1301.91,1280.86,0
14.9911,129,19,1459.93,998.13,0,0,0,0,0,0,0,5,60,0,2305.76,1155.44,0
14.9919,130,45,2000,1886.47,0,0,0,1,0,0,0,5,60,4,1894.23,1888.89,0
15.0022,9,27,1502.11,1357.52,1.02,2.7979,10.2,0,1,6,0.2,5,60,0,1742.39,958.375,0
15.0037,11,12,1886.46,847.46,16.24,2.61809,0.5,0,0,0,0,5,60,0,1275.88,1298.01,0
15.0133,24,28,1699.3,1288.11,0,0,0,1,1,265,0.35,5,60,4,2293.25,1877.18,0
15.0148,26,27,1501.01,1354.52,1.36,2.79659,13.6,0,1,6,0.2,5,60,0,1989.15,2222.24,2.16
15.017,29,27,1632.11,1234.34,2.5226,1.10536,25,1,1,303,0.7,5,60,4,1558.6,1589.2,2.38
15.0348,53,20,1706.52,990.274,0,0,0,1,1,297,0.5,5,60,4,1223.23,2090.9,2.31
15.037,56,20,1766.99,1055.33,0,0,0,1,1,297,0.5,5,60,4,1663.39,1237.28,1.67
15.04,60,19,1497.15,1007.14,0,0,0,0,0,0,0,5,60,0,1602.32,1786.42,1.62
15.0437,65,20,1719.13,979.98,0,0,0,0,0,0,0,5,60,0,1431.33,994.63,0
15.0481,71,18,1412.63,1008.62,0,0,0,1,1,265,0.35,5,60,4,1438.23,995.98,0
15.0533,78,18,1426.32,1011.22,0,0,0,1,1,329,0.4,5,60,4,1299.94,1284.72,0
15.0541,79,19,1568.26,1119.62,2.44519,1.05754,25.3,1,1,367,0.75,5,60,4,1833.06,1765.68,1.91
15.0644,93,19,1490.23,1006.13,0,0,0,0,0,0,0,5,60,0,2038.7,1882.59,14.18
15.0659,95,26,1266.23,1300.68,0,0,0,0,0,0,0,5,60,0,1418.07,805.78,0
15.0667,96,19,1564.33,1113.28,0,0,0,1,1,265,0.35,5,60,4,1198.52,1398.3,0.67
15.0704,101,10,1418.07,805.78,0,0,0,0,0,0,0,5,60,0,1730.82,941.03,0
15.077,110,11,1487.81,762.121,12.5516,-1.34709,1.1,1,1,269,0.45,5,60,4,1705.51,1277.68,1.19
15.0807,115,21,2000,1057.8,0.91725,1.50965,9.8,1,1,6,0.2,5,60,4,1462.3,1001.73,0
15.0815,116,28,1705.51,1277.68,1.19,2.82487,11.9,0,1,6,0.2,5,60,0,1884.31,2079.3,1.03
15.0896,127,46,2000,1891.97,0,0,0,1,0,0,0,5,60,4,1301.91,1280.86,0
15.0911,129,19,1459.93,998.13,0,0,0,0,0,0,0,5,60,0,2305.55,1155.47,2.36
15.0919,130,45,2000,1884.61,2.07745,-3.1327,22.5,1,1,6,0.2,5,60,4,1894.23,1888.89,0
15.1022,9,27,1502.01,1357.56,1.02,2.7979,0,0,0,0,0,5,60,0,1742.39,958.375,0
15.1037,11,12,1885.05,848.272,16.24,2.61809,0,0,0,0,0,5,60,0,1275.88,1298.01,0
15.1133,24,28,1697.51,1286.23,0,0,0,1,1,265,0.35,5,60,4,2293.25,1877.18,0
15.1148,26,27,1500.88,1354.56,1.36,2.79659,0,0,0,0,0,5,60,0,1988.93,2222.26,2.16
15.117,29,27,1630.44,1232.68,2.23709,1.10536,0,1,1,297,0.5,5,60,4,1558.57,1588.96,2.38
15.1348,53,20,1704.78,988.37,0,0,0,1,1,265,0.35,5,60,4,1223.26,2091.13,2.31
15.137,56,20,1765.26,1053.43,0,0,0,1,1,297,0.5,5,60,4,1663.32,1237.14,1.67
15.14,60,19,1497.15,1007.14,0,0,0,0,0,0,0,5,60,0,1602.35,1786.58,1.62
15.1437,65,20,1719.13,979.98,0,0,0,0,0,0,0,5,60,0,1431.33,994.63,0
15.1481,71,18,1410.92,1006.7,0,0,0,1,1,265,0.35,5,60,4,1438.23,995.98,0
15.1533,78,18,1424.63,1009.3,0,0,0,1,1,329,0.4,5,60,4,1299.94,1284.72,0
15.1541,79,19,1566.69,1117.91,2.15968,1.05754,0,1,1,361,0.55,5,60,4,1833.03,1765.49,1.91
15.1644,93,19,1490.23,1006.13,0,0,0,0,0,0,0,5,60,0,2040.12,1882.55,14.18
15.1659,95,26,1266.23,1300.68,0,0,0,0,0,0,0,5,60,0,1418.07,805.78,0
15.1667,96,19,1562.67,1111.34,0,0,0,1,1,297,0.5,5,60,4,1198.52,1398.23,0.67
15.1704,101,10,1418.07,805.78,0,0,0,0,0,0,0,5,60,0,1730.82,941.03,0
15.177,110,11,1486.47,758.87,11.0617,-1.34709,0,1,1,269,0.45,5,60,4,1705.4,1277.71,1.19
15.1807,115,21,2000,1055.95,0.80811,1.50965,0,1,0,0,0,5,60,4,1462.3,1001.73,0
15.1815,116,28,1705.4,1277.72,1.19,2.82487,0,0,0,0,0,5,60,0,1884.29,2079.2,1.03
15.1896,127,46,2000,1890.01,0,0,0,1,0,0,0,5,60,4,1301.91,1280.86,0
15.1911,129,19,1459.93,998.13,0,0,0,0,0,0,0,5,60,0,2305.31,1155.51,2.36
15.1919,130,45,2000,1882.64,1.82855,-3.1327,0,1,0,0,0,5,60,4,1894.23,1888.89,0
15.2022,9,27,1501.92,1357.59,1.02,2.7979,0,0,0,0,0,5,60,0,1742.39,958.375,0
15.2037,11,12,1883.64,849.084,16.24,2.61809,0,0,0,0,0,5,60,0,1275.88,1298.01,0
15.2133,24,28,1695.96,1284.24,0,0,0,1,1,265,0.35,5,60,4,2293.25,1877.18,0
15.2148,26,27,1500.76,1354.61,1.36,2.79659,0,0,0,0,0,5,60,0,1988.72,2222.27,2.16
15.217,29,27,1629.01,1230.91,1.96541,1.10536,0,1,1,301,0.6,5,60,4,1558.54,1588.73,2.38
15.2348,53,20,1703.29,986.365,0,0,0,1,1,297,0.5,5,60,4,1223.3,2091.36,2.31
15.237,56,20,1763.77,1051.42,0,0,0,1,1,297,0.5,5,60,4,1663.24,1236.99,1.67
15.24,60,19,1497.15,1007.14,0,0,0,0,0,0,0,5,60,0,1602.38,1786.74,1.62
15.2437,65,20,1719.13,979.98,0,0,0,0,0,0,0,5,60,0,1431.33,994.63,0
15.2481,71,18,1409.46,1004.68,0,0,0,1,1,265,0.35,5,60,4,1438.23,995.98,0
15.2533,78,18,1423.18,1007.27,0,0,0,1,1,329,0.4,5,60,4,1299.94,1284.72,0
15.2541,79,19,1565.37,1116.11,1.89366,1.05754,0,1,1,365,0.65,5,60,4,1832.99,1765.3,1.91
15.2644,93,19,1490.23,1006.13,0,0,0,0,0,0,0,5,60,0,2041.54,1882.51,14.18
15.2659,95,26,1266.23,1300.68,0,0,0,0,0,0,0,5,60,0,1418.07,805.78,0
15.2667,96,19,1561.26,1109.31,0,0,0,1,1,297,0.5,5,60,4,1198.53,1398.16,0.67
15.2704,101,10,1418.07,805.78,0,0,0,0,0,0,0,5,60,0,1730.82,941.03,0
15.277,110,11,1485.38,755.527,9.69243,-1.34709,0,1,1,269,0.45,5,60,4,1705.29,1277.75,1.19
15.2807,115,21,2000,1054,0.708023,1.50965,0,1,0,0,0,5,60,4,1462.3,1001.73,0
15.2815,116,28,1705.28,1277.75,1.19,2.82487,0,0,0,0,0,5,60,0,1884.27,2079.09,1.03
15.2896,127,46,2000,1887.96,0,0,0,1,0,0,0,5,60,4,1301.91,1280.86,0
15.2911,129,19,1459.93,998.13,0,0,0,0,0,0,0,5,60,0,2305.08,1155.55,2.36
15.2919,130,45,2000,1880.59,1.60184,-3.1327,0,1,0,0,0,5,60,4,1894.23,1888.89,0
15.3022,9,27,1501.82,1357.62,1.02,2.7979,0,0,0,0,0,5,60,0,1742.39,958.375,0
15.3037,11,12,1882.24,849.896,16.24,2.61809,0,0,0,0,0,5,60,0,1275.88,1298.01,0
15.3133,24,28,1694.67,1282.17,0,0,0,1,1,265,0.35,5,60,4,2293.25,1877.18,0
15.3148,26,27,1500.63,1354.65,1.36,2.79659,0,0,0,0,0,5,60,0,1988.5,2222.28,2.16
15.317,29,27,1627.84,1229.06,1.72191,1.10536,0,1,1,301,0.6,5,60,4,1558.51,1588.49,2.38
15.3348,53,20,1702.06,984.277,0,0,0,1,1,297,0.5,5,60,4,1223.33,2091.59,2.31
15.337,56,20,1762.54,1049.33,0,0,0,1,1,297,0.5,5,60,4,1663.17,1236.84,1.67
15.34,60,19,1497.15,1007.14,0,0,0,0,0,0,0,5,60,0,1602.41,1786.9,1.62
15.3437,65,20,1719.13,979.98,0,0,0,0,0,0,0,5,60,0,1431.33,994.63,0
15.3481,71,18,1408.26,1002.58,0,0,0,1,1,265,0.35,5,60,4,1438.23,995.98,0
15.3533,78,18,1422,1005.17,0,0,0,1,1,329,0.4,5,60,4,1299.94,1284.72,0
15.3541,79,19,1564.31,1114.23,1.66119,1.05754,0,1,1,365,0.65,5,60,4,1832.96,1765.11,1.91
15.3644,93,19,1490.23,1006.13,0,0,0,0,0,0,0,5,60,0,2042.96,1882.48,14.18
15.3659,95,26,1266.23,1300.68,0,0,0,0,0,0,0,5,60,0,1418.07,805.78,0
15.3667,96,19,1560.11,1107.2,0,0,0,1,1,297,0.5,5,60,4,1198.54,1398.1,0.67
15.3704,101,10,1418.07,805.78,0,0,0,0,0,0,0,5,60,0,1730.82,941.03,0
15.377,110,11,1484.55,752.106,8.51575,-1.34709,0,1,1,269,0.45,5,60,4,1705.18,1277.79,1.19
15.3807,115,21,2000,1051.98,0.622262,1.50965,0,1,0,0,0,5,60,4,1462.3,1001.73,0
15.3815,116,28,1705.17,1277.79,1.19,2.82487,0,0,0,0,0,5,60,0,1884.26,2078.99,1.03
15.3896,127,46,2000,1885.83,0,0,0,1,0,0,0,5,60,4,1301.91,1280.86,0
15.3911,129,19,1459.93,998.13,0,0,0,0,0,0,0,5,60,0,2304.85,1155.58,2.36
15.3919,130,45,2000,1878.46,1.4093,-3.1327,0,1,0,0,0,5,60,4,1894.23,1888.89,0
15.4022,9,27,1501.72,1357.66,1.02,2.7979,0,0,0,0,0,5,60,0,1742.39,958.375,0
15.4037,11,12,1880.83,850.708,16.24,2.61809,0,0,0,0,0,5,60,0,1275.88,1298.01,0
15.4133,24,28,1693.65,1280.03,0,0,0,1,1,265,0.35,5,60,4,2293.25,1877.18,0
15.4148,26,27,1500.5,1354.7,1.36,2.79659,0,0,0,0,0,5,60,0,1988.29,2222.3,2.16
15.417,29,27,1626.95,1227.14,1.51937,1.10536,0,1,1,301,0.6,5,60,4,1558.48,1588.26,2.38
15.4348,53,20,1701.1,982.122,0,0,0,1,1,297,0.5,5,60,4,1223.36,2091.81,2.31
15.437,56,20,1761.59,1047.17,0,0,0,1,1,297,0.5,5,60,4,1663.09,1236.69,1.67
15.44,60,19,1497.15,1007.14,0,0,0,0,0,0,0,5,60,0,1602.44,1787.06,1.62
15.4437,65,20,1719.13,979.98,0,0,0,0,0,0,0,5,60,0,1431.33,994.63,0
15.4481,71,18,1407.34,1000.42,0,0,0,1,1,265,0.35,5,60,4,1438.23,995.98,0
15.4533,78,18,1421.09,1003.01,0,0,0,1,1,329,0.4,5,60,4,1299.94,1284.72,0
15.4541,79,19,1563.53,1112.28,1.47445,1.05754,0,1,1,365,0.65,5,60,4,1832.92,1764.93,1.91
15.4644,93,19,1490.23,1006.13,0,0,0,0,0,0,0,5,60,0,2044.38,1882.44,14.18
15.4659,95,26,1266.23,1300.68,0,0,0,0,0,0,0,5,60,0,1418.07,805.78,0
15.4667,96,19,1559.24,1105.02,0,0,0,1,1,297,0.5,5,60,4,1198.55,1398.03,0.67
15.4704,101,10,1418.07,805.78,0,0,0,0,0,0,0,5,60,0,1730.82,941.03,0
15.477,110,11,1484.01,748.627,7.5938,-1.34709,0,1,1,269,0.45,5,60,4,1705.06,1277.83,1.19
15.4807,115,21,2000,1049.9,0.55535,1.50965,0,1,0,0,0,5,60,4,1462.3,1001.73,0
15.4815,116,28,1705.06,1277.83,1.19,2.82487,0,0,0,0,0,5,60,0,1884.24,2078.89,1.03
15.4896,127,46,2000,1883.65,0,0,0,1,0,0,0,5,60,4,1301.91,1280.86,0
15.4911,129,19,1459.93,998.13,0,0,0,0,0,0,0,5,60,0,2304.62,1155.62,2.36
15.4919,130,45,2000,1876.27,1.26101,-3.1327,0,1,0,0,0,5,60,4,1894.23,1888.89,0
15.5022,9,27,1501.63,1357.69,1.02,2.7979,0,0,0,0,0,5,60,0,1742.39,958.375,0
15.5037,11,12,1879.43,851.519,16.24,2.61809,0,0,0,0,0,5,60,0,1275.88,1298.01,0
15.5133,24,28,1692.92,1277.83,0,0,0,1,1,265,0.35,5,60,4,2293.25,1877.18,0
15.5148,26,27,1500.37,1354.75,1.36,2.79659,0,0,0,0,0,5,60,0,1988.07,2222.31,2.16
15.517,29,27,1626.34,1225.17,1.36847,1.10536,0,1,1,301,0.6,5,60,4,1558.45,1588.02,2.38
15.5348,53,20,1700.43,979.918,0,0,0,1,1,297,0.5,5,60,4,1223.39,2092.04,2.31
15.537,56,20,1760.93,1044.97,0,0,0,1,1,297,0.5,5,60,4,1663.02,1236.54,1.67
15.54,60,19,1497.15,1007.14,0,0,0,0,0,0,0,5,60,0,1602.47,1787.22,1.62
15.5437,65,20,1719.13,979.98,0,0,0,0,0,0,0,5,60,0,1431.33,994.63,0
15.5481,71,18,1406.71,998.211,0,0,0,1,1,265,0.35,5,60,4,1438.23,995.98,0
15.5533,78,18,1420.48,1000.8,0,0,0,1,1,329,0.4,5,60,4,1299.94,1284.72,0
15.5541,79,19,1563.05,1110.29,1.34331,1.05754,0,1,1,365,0.65,5,60,4,1832.89,1764.74,1.91
15.5644,93,19,1490.23,1006.13,0,0,0,0,0,0,0,5,60,0,2045.79,1882.41,14.18
15.5659,95,26,1266.23,1300.68,0,0,0,0,0,0,0,5,60,0,1418.07,805.78,0
15.5667,96,19,1558.67,1102.81,0,0,0,1,1,297,0.5,5,60,4,1198.56,1397.96,0.67
15.5704,101,10,1418.07,805.78,0,0,0,0,0,0,0,5,60,0,1730.82,941.03,0
15.577,110,11,1483.77,745.106,6.97489,-1.34709,0,1,1,269,0.45,5,60,4,1704.95,1277.86,1.19
15.5807,115,21,2000,1047.77,0.510795,1.50965,0,1,0,0,0,5,60,4,1462.3,1001.73,0
15.5815,116,28,1704.94,1277.86,1.19,2.82487,0,0,0,0,0,5,60,0,1884.22,2078.79,1.03
15.5896,127,46,2000,1881.43,0,0,0,1,0,0,0,5,60,4,1301.91,1280.86,0
15.5911,129,19,1459.93,998.13,0,0,0,0,0,0,0,5,60,0,2304.38,1155.66,2.36
15.5919,130,45,2000,1874.04,1.1648,-3.1327,0,1,0,0,0,5,60,4,1894.23,1888.89,0
15.6022,9,27,1501.53,1357.73,1.02,2.7979,0,0,0,0,0,5,60,0,1742.39,958.375,0
15.6037,11,12,1878.02,852.331,16.24,2.61809,0,0,0,0,0,5,60,0,1275.88,1298.01,0
15.6133,24,28,1692.48,1275.6,0,0,0,1,1,265,0.35,5,60,4,2293.25,1877.18,0
15.6148,26,27,1500.24,1354.79,1.36,2.79659,0,0,0,0,0,5,60,0,1987.85,2222.33,2.16
15.617,29,27,1626.03,1223.16,1.27717,1.10536,0,1,1,301,0.6,5,60,4,1558.42,1587.78,2.38
15.6348,53,20,1700.06,977.682,0,0,0,1,1,297,0.5,5,60,4,1223.42,2092.27,2.31
15.637,56,20,1760.57,1042.73,0,0,0,1,1,297,0.5,5,60,4,1662.94,1236.39,1.67
15.64,60,19,1497.15,1007.14,0,0,0,0,0,0,0,5,60,0,1602.5,1787.38,1.62
15.6437,65,20,1719.13,979.98,0,0,0,0,0,0,0,5,60,0,1431.33,994.63,0
15.6481,71,18,1406.38,995.973,0,0,0,1,1,265,0.35,5,60,4,1438.23,995.98,0
15.6533,78,18,1420.16,998.556,0,0,0,1,1,329,0.4,5,60,4,1299.94,1284.72,0
15.6541,79,19,1562.86,1108.27,1.27467,1.05754,0,1,1,365,0.65,5,60,4,1832.86,1764.55,1.91
15.6644,93,19,1490.23,1006.13,0,0,0,0,0,0,0,5,60,0,2047.21,1882.37,14.18
15.6659,95,26,1266.23,1300.68,0,0,0,0,0,0,0,5,60,0,1418.07,805.78,0
15.6667,96,19,1558.4,1100.57,0,0,0,1,1,297,0.5,5,60,4,1198.57,1397.9,0.67
15.6704,101,10,1418.07,805.78,0,0,0,0,0,0,0,5,60,0,1730.82,941.03,0
15.677,110,11,1483.82,741.561,6.69176,-1.34709,0,1,1,269,0.45,5,60,4,1704.84,1277.9,1.19
15.6807,115,21,2000,1045.63,0.490953,1.50965,0,1,0,0,0,5,60,4,1462.3,1001.73,0
15.6815,116,28,1704.83,1277.9,1.19,2.82487,0,0,0,0,0,5,60,0,1884.2,2078.69,1.03
15.6896,127,46,2000,1879.18,0,0,0,1,0,0,0,5,60,4,1301.91,1280.86,0
15.6911,129,19,1459.93,998.13,0,0,0,0,0,0,0,5,60,0,2304.15,1155.7,2.36
15.6919,130,45,2000,1871.8,1.12576,-3.1327,0,1,0,0,0,5,60,4,1894.23,1888.89,0
15.7022,9,27,1501.44,1357.76,1.02,2.7979,0,0,0,0,0,5,60,0,1742.39,958.375,0
15.7037,11,12,1876.61,853.143,16.24,2.61809,0,0,0,0,0,5,60,0,1275.88,1298.01,0
15.7133,24,28,1692.35,1273.36,0,0,0,1,1,265,0.35,5,60,4,2293.25,1877.18,0
15.7148,26,27,1500.12,1354.84,1.36,2.79659,0,0,0,0,0,5,60,0,1987.64,2222.34,2.16
15.717,29,27,1626.02,1221.14,1.25028,1.10536,0,1,1,301,0.6,5,60,4,1558.39,1587.55,2.38
15.7348,53,20,1699.99,975.434,0,0,0,1,1,297,0.5,5,60,4,1223.46,2092.5,2.31
15.737,56,20,1760.5,1040.48,0,0,0,1,1,297,0.5,5,60,4,1662.87,1236.24,1.67
15.74,60,19,1497.15,1007.14,0,0,0,0,0,0,0,5,60,0,1602.53,1787.54,1.62
15.7437,65,20,1719.13,979.98,0,0,0,0,0,0,0,5,60,0,1431.33,994.63,0
15.7481,71,18,1406.35,993.724,0,0,0,1,1,265,0.35,5,60,4,1438.23,995.98,0
15.7533,78,18,1420.15,996.307,0,0,0,1,1,329,0.4,5,60,4,1299.94,1284.72,0
15.7541,79,19,1562.97,1106.24,1.27214,1.05754,0,1,1,365,0.65,5,60,4,1832.82,1764.36,1.91
15.7644,93,19,1490.23,1006.13,0,0,0,0,0,0,0,5,60,0,2048.63,1882.33,14.18
15.7659,95,26,1266.23,1300.68,0,0,0,0,0,0,0,5,60,0,1418.07,805.78,0
15.7667,96,19,1558.42,1098.32,0,0,0,1,1,297,0.5,5,60,4,1198.58,1397.83,0.67
15.7704,101,10,1418.07,805.78,0,0,0,0,0,0,0,5,60,0,1730.82,941.03,0
15.777,110,11,1484.17,738.01,6.75933,-1.34709,0,1,1,269,0.45,5,60,4,1704.72,1277.94,1.19
15.7807,115,21,2000,1043.47,0.496869,1.50965,0,1,0,0,0,5,60,4,1462.3,1001.73,0
15.7815,116,28,1704.72,1277.94,1.19,2.82487,0,0,0,0,0,5,60,0,1884.19,2078.59,1.03
15.7896,127,46,2000,1876.93,0,0,0,1,0,0,0,5,60,4,1301.91,1280.86,0
15.7911,129,19,1459.93,998.13,0,0,0,0,0,0,0,5,60,0,2303.92,1155.73,2.36
15.7919,130,45,2000,1869.55,1.14593,-3.1327,0,1,0,0,0,5,60,4,1894.23,1888.89,0
15.8022,9,27,1501.34,1357.8,1.02,2.7979,0,0,0,0,0,5,60,0,1742.39,958.375,0
15.8037,11,12,1875.21,853.955,16.24,2.61809,0,0,0,0,0,5,60,0,1275.88,1298.01,0
15.8133,24,28,1692.52,1271.11,0,0,0,1,1,265,0.35,5,60,4,2293.25,1877.18,0
15.8148,26,27,1499.99,1354.88,1.36,2.79659,0,0,0,0,0,5,60,0,1987.42,2222.35,2.16
15.817,29,27,1626.31,1219.11,1.2892,1.10536,0,1,1,301,0.6,5,60,4,1558.36,1587.31,2.38
15.8348,53,20,1700.22,973.19,0,0,0,1,1,297,0.5,5,60,4,1223.49,2092.73,2.31
15.837,56,20,1760.74,1038.24,0,0,0,1,1,297,0.5,5,60,4,1662.79,1236.09,1.67
15.84,60,19,1497.15,1007.14,0,0,0,0,0,0,0,5,60,0,1602.56,1787.7,1.62
15.8437,65,20,1719.13,979.98,0,0,0,0,0,0,0,5,60,0,1431.33,994.63,0
15.8481,71,18,1406.63,991.482,0,0,0,1,1,265,0.35,5,60,4,1438.23,995.98,0
15.8533,78,18,1420.44,994.066,0,0,0,1,1,329,0.4,5,60,4,1299.94,1284.72,0
15.8541,79,19,1563.38,1104.22,1.33586,1.05754,0,1,1,365,0.65,5,60,4,1832.79,1764.17,1.91
15.8644,93,19,1490.23,1006.13,0,0,0,0,0,0,0,5,60,0,2050.05,1882.3,14.18
15.8659,95,26,1266.23,1300.68,0,0,0,0,0,0,0,5,60,0,1418.07,805.78,0
15.8667,96,19,1558.75,1096.08,0,0,0,1,1,297,0.5,5,60,4,1198.59,1397.76,0.67
15.8704,101,10,1418.07,805.78,0,0,0,0,0,0,0,5,60,0,1730.82,941.03,0
15.877,110,11,1484.83,734.472,7.17402,-1.34709,0,1,1,269,0.45,5,60,4,1704.61,1277.97,1.19
15.8807,115,21,2000,1041.34,0.528232,1.50965,0,1,0,0,0,5,60,4,1462.3,1001.73,0
15.8815,116,28,1704.61,1277.98,1.19,2.82487,0,0,0,0,0,5,60,0,1884.17,2078.48,1.03
15.8896,127,46,2000,1874.7,0,0,0,1,0,0,0,5,60,4,1301.91,1280.86,0
15.8911,129,19,1459.93,998.13,0,0,0,0,0,0,0,5,60,0,2303.68,1155.77,2.36
15.8919,130,45,2000,1867.31,1.22424,-3.1327,0,1,0,0,0,5,60,4,1894.23,1888.89,0
15.9022,9,27,1501.24,1357.83,1.02,2.7979,0,0,0,0,0,5,60,0,1742.39,958.375,0
15.9037,11,12,1873.8,854.767,16.24,2.61809,0,0,0,0,0,5,60,0,1275.88,1298.01,0
15.9133,24,28,1692.98,1268.88,0,0,0,1,1,265,0.35,5,60,4,2293.25,1877.18,0
15.9148,26,27,1499.86,1354.93,1.36,2.79659,0,0,0,0,0,5,60,0,1987.21,2222.37,2.16
15.917,29,27,1626.9,1217.11,1.3919,1.10536,0,1,1,301,0.6,5,60,4,1558.32,1587.08,2.38
15.9348,53,20,1700.76,970.969,0,0,0,1,1,297,0.5,5,60,4,1223.52,2092.96,2.31
15.937,56,20,1761.28,1036.02,0,0,0,1,1,297,0.5,5,60,4,1662.72,1235.94,1.67
15.94,60,19,1497.15,1007.14,0,0,0,0,0,0,0,5,60,0,1602.59,1787.86,1.62
15.9437,65,20,1719.13,979.98,0,0,0,0,0,0,0,5,60,0,1431.33,994.63,0
15.9481,71,18,1407.2,989.265,0,0,0,1,1,265,0.35,5,60,4,1438.23,995.98,0
15.9533,78,18,1421.03,991.852,0,0,0,1,1,329,0.4,5,60,4,1299.94,1284.72,0
15.9541,79,19,1564.1,1102.23,1.46247,1.05754,0,1,1,365,0.65,5,60,4,1832.75,1763.99,1.91
15.9644,93,19,1490.23,1006.13,0,0,0,0,0,0,0,5,60,0,2051.46,1882.26,14.18
15.9659,95,26,1266.23,1300.68,0,0,0,0,0,0,0,5,60,0,1418.07,805.78,0
15.9667,96,19,1559.38,1093.87,0,0,0,1,1,297,0.5,5,60,4,1198.6,1397.7,0.67
15.9704,101,10,1418.07,805.78,0,0,0,0,0,0,0,5,60,0,1730.82,941.03,0
15.977,110,11,1485.78,730.965,7.91389,-1.34709,0,1,1,269,0.45,5,60,4,1704.5,1278.01,1.19
15.9807,115,21,2000,1039.23,0.583381,1.50965,0,1,0,0,0,5,60,4,1462.3,1001.73,0
15.9815,116,28,1704.49,1278.01,1.19,2.82487,0,0,0,0,0,5,60,0,1884.15,2078.38,1.03
15.9896,127,46,2000,1872.5,0,0,0,1,0,0,0,5,60,4,1301.91,1280.86,0
15.9911,129,19,1459.93,998.13,0,0,0,0,0,0,0,5,60,0,2303.45,1155.81,2.36
15.9919,130,45,2000,1865.11,1.35659,-3.1327,0,1,0,0,0,5,60,4,1894.23,1888.89,0
16.0022,9,27,1501.16,1357.86,2.15,2.79481,11.3,0,1,4,0.1,5,60,0,1742.39,958.375,0
16.0037,11,12,1872.41,855.57,16.44,2.61821,2,0,0,0,0,5,60,0,1275.88,1298.01,0
16.0133,24,28,1693.73,1266.7,0.655522,2.79529,10.6,1,1,271,0.55,5,60,4,2293.25,1877.18,0
16.0148,26,27,1499.7,1354.99,3.26,2.79465,19,0,1,4,0.1,5,60,0,1986.97,2222.38,4.35
16.017,29,27,1627.79,1215.17,2.62139,1.10079,17.2,1,1,301,0.6,5,60,4,1558.3,1586.82,4.12
16.0348,53,20,1701.58,968.789,0,0,0,1,1,297,0.5,5,60,4,1223.56,2093.26,4.59
16.037,56,20,1762.11,1033.84,0,0,0,1,1,297,0.5,5,60,4,1662.62,1235.75,3
16.04,60,19,1497.15,1007.14,0,0,0,0,0,0,0,5,60,0,1602.63,1788.07,2.93
16.0437,65,20,1719.13,979.98,0,0,0,0,0,0,0,5,60,0,1431.33,994.63,0
16.0481,71,18,1408.06,987.093,0,0,0,1,1,265,0.35,5,60,4,1438.23,995.98,0
16.0533,78,18,1421.9,989.681,0,0,0,1,1,329,0.4,5,60,4,1299.99,1284.71,0.95
16.0541,79,19,1565.16,1100.4,3.30364,1.07712,25.5,1,1,365,0.65,5,60,4,1832.7,1763.69,4.05
16.0644,93,19,1490.23,1006.13,0,0,0,0,0,0,0,5,60,0,2052.61,1882.23,10.45
16.0659,95,26,1266.23,1300.68,0,0,0,0,0,0,0,5,60,0,1418.07,805.78,0
16.0667,96,19,1560.33,1091.76,0.680647,1.02041,10.3,1,1,271,0.55,5,60,4,1198.61,1397.58,1.46
16.0704,101,10,1418.07,805.78,0,0,0,0,0,0,0,5,60,0,1730.82,941.03,0
16.077,110,11,1487.02,727.506,9.00043,-1.34801,0.9,1,1,269,0.45,5,60,4,1704.29,1278.07,2.49
16.0807,115,21,2000,1037.23,1.1439,1.4823,7.2,1,1,4,0.1,5,60,4,1462.3,1001.73,0
16.0815,116,28,1704.28,1278.08,2.49,2.84974,13,0,1,4,0.1,5,60,0,1884.12,2078.18,2.29
16.0896,127,46,2000,1870.35,0,0,0,1,0,0,0,5,60,4,1302.07,1280.81,1.9
16.0911,129,19,1459.93,998.13,0,0,0,0,0,0,0,5,60,0,2303.03,1155.87,4.4
16.0919,130,45,2000,1862.96,3.1197,-3.13722,23.2,1,1,4,0.1,5,60,4,1894.04,1888.93,2.13
16.1022,9,27,1500.95,1357.93,2.15,2.79481,0,0,0,0,0,5,60,0,1742.39,958.375,0
16.1037,11,12,1870.98,856.392,16.44,2.61821,0,0,0,0,0,5,60,0,1275.88,1298.01,0
16.1133,24,28,1694.68,1264.6,0.744256,2.79529,0,1,1,265,0.35,5,60,4,2293.25,1877.18,0
16.1148,26,27,1499.4,1355.1,3.26,2.79465,0,0,0,0,0,5,60,0,1986.53,2222.42,4.35
16.117,29,27,1629.04,1213.41,2.97746,1.10079,0,1,1,301,0.6,5,60,4,1558.28,1586.41,4.12
16.1348,53,20,1702.69,966.668,0,0,0,1,1,265,0.35,5,60,4,1223.63,2093.71,4.59
16.137,56,20,1763.22,1031.72,0,0,0,1,1,297,0.5,5,60,4,1662.48,1235.48,3
16.14,60,19,1497.15,1007.14,0,0,0,0,0,0,0,5,60,0,1602.69,1788.35,2.93
16.1437,65,20,1719.13,979.98,0,0,0,0,0,0,0,5,60,0,1431.33,994.63,0
16.1481,71,18,1409.21,984.981,0,0,0,1,1,265,0.35,5,60,4,1438.23,995.98,0
16.1533,78,18,1423.06,987.573,0,0,0,1,1,329,0.4,5,60,4,1300.08,1284.68,0.95
16.1541,79,19,1566.56,1098.74,3.76433,1.07712,0,1,1,365,0.65,5,60,4,1832.63,1763.3,4.05
16.1644,93,19,1490.23,1006.13,0,0,0,0,0,0,0,5,60,0,2053.66,1882.21,10.45
16.1659,95,26,1266.23,1300.68,0,0,0,0,0,0,0,5,60,0,1418.07,805.78,0
16.1667,96,19,1561.58,1089.75,0.7761,1.02041,0,1,1,297,0.5,5,60,4,1198.64,1397.44,1.46
16.1704,101,10,1418.07,805.78,0,0,0,0,0,0,0,5,60,0,1730.82,941.03,0
16.177,110,11,1488.54,724.104,10.2674,-1.34801,0,1,1,269,0.45,5,60,4,1704.05,1278.15,2.49
16.1807,115,21,2000,1035.31,1.30511,1.4823,0,1,0,0,0,5,60,4,1462.3,1001.73,0
16.1815,116,28,1704.04,1278.15,2.49,2.84974,0,0,0,0,0,5,60,0,1884.08,2077.95,2.29
16.1896,127,46,2000,1868.27,0,0,0,1,0,0,0,5,60,4,1302.26,1280.76,1.9
16.1911,129,19,1459.93,998.13,0,0,0,0,0,0,0,5,60,0,2302.6,1155.94,4.4
16.1919,130,45,2000,1860.88,3.56046,-3.13722,0,1,1,4,0.1,5,60,4,1893.83,1888.96,2.13
16.2022,9,27,1500.75,1358.01,2.15,2.79481,0,0,0,0,0,5,60,0,1742.39,958.375,0
16.2037,11,12,1869.56,857.214,16.44,2.61821,0,0,0,0,0,5,60,0,1275.88,1298.01,0
16.2133,24,28,1695.9,1262.57,0.849605,2.79529,0,1,1,265,0.35,5,60,4,2293.25,1877.18,0
16.2148,26,27,1499.09,1355.21,3.26,2.79465,0,0,0,0,0,5,60,0,1986.1,2222.45,4.35
16.217,29,27,1630.56,1211.73,3.39892,1.10079,0,1,1,301,0.6,5,60,4,1558.26,1586,4.12
16.2348,53,20,1704.06,964.623,0,0,0,1,1,297,0.5,5,60,4,1223.69,2094.17,4.59
16.237,56,20,1764.61,1029.68,0,0,0,1,1,297,0.5,5,60,4,1662.35,1235.22,3
16.24,60,19,1497.15,1007.14,0,0,0,0,0,0,0,5,60,0,1602.75,1788.64,2.93
16.2437,65,20,1719.13,979.98,0,0,0,0,0,0,0,5,60,0,1431.33,994.63,0
16.2481,71,18,1410.62,982.947,0,0,0,1,1,265,0.35,5,60,4,1438.23,995.98,0
16.2533,78,18,1424.49,985.544,0,0,0,1,1,329,0.4,5,60,4,1300.17,1284.65,0.95
16.2541,79,19,1568.23,1097.16,4.29425,1.07712,0,1,1,365,0.65,5,60,4,1832.56,1762.9,4.05
16.2644,93,19,1490.23,1006.13,0,0,0,0,0,0,0,5,60,0,2054.7,1882.18,10.45
16.2659,95,26,1266.23,1300.68,0,0,0,0,0,0,0,5,60,0,1418.07,805.78,0
16.2667,96,19,1563.09,1087.82,0.884938,1.02041,0,1,1,297,0.5,5,60,4,1198.66,1397.29,1.46
16.2704,101,10,1418.07,805.78,0,0,0,0,0,0,0,5,60,0,1730.82,941.03,0
16.277,110,11,1490.32,720.785,11.7016,-1.34801,0,1,1,269,0.45,5,60,4,1703.81,1278.22,2.49
16.2807,115,21,2000,1033.48,1.48711,1.4823,0,1,0,0,0,5,60,4,1462.3,1001.73,0
16.2815,116,28,1703.8,1278.22,2.49,2.84974,0,0,0,0,0,5,60,0,1884.04,2077.73,2.29
16.2896,127,46,2000,1866.27,0,0,0,1,0,0,0,5,60,4,1302.44,1280.71,1.9
16.2911,129,19,1459.93,998.13,0,0,0,0,0,0,0,5,60,0,2302.16,1156.01,4.4
16.2919,130,45,2000,1858.88,4.05439,-3.13722,0,1,1,4,0.1,5,60,4,1893.62,1889,2.13
16.3022,9,27,1500.55,1358.08,2.15,2.79481,0,0,0,0,0,5,60,0,1742.39,958.375,0
16.3037,11,12,1868.14,858.035,16.44,2.61821,0,0,0,0,0,5,60,0,1275.88,1298.01,0
16.3133,24,28,1697.38,1260.63,0.966049,2.79529,0,1,1,265,0.35,5,60,4,2293.25,1877.18,0
16.3148,26,27,1498.78,1355.32,3.26,2.79465,0,0,0,0,0,5,60,0,1985.66,2222.48,4.35
16.317,29,27,1632.34,1210.13,3.86367,1.10079,0,1,1,297,0.5,5,60,4,1558.24,1585.58,4.12
16.3348,53,20,1705.69,962.67,0,0,0,1,1,297,0.5,5,60,4,1223.76,2094.62,4.59
16.337,56,20,1766.24,1027.73,0,0,0,1,1,297,0.5,5,60,4,1662.21,1234.95,3
16.34,60,19,1497.15,1007.14,0,0,0,0,0,0,0,5,60,0,1602.8,1788.93,2.93
16.3437,65,20,1719.13,979.98,0,0,0,0,0,0,0,5,60,0,1431.33,994.63,0
16.3481,71,18,1412.28,981.008,0,0,0,1,1,265,0.35,5,60,4,1438.23,995.98,0
16.3533,78,18,1426.16,983.61,0,0,0,1,1,329,0.4,5,60,4,1300.26,1284.63,0.95
16.3541,79,19,1570.15,1095.67,4.86562,1.07712,0,1,1,361,0.55,5,60,4,1832.49,1762.5,4.05
16.3644,93,19,1490.23,1006.13,0,0,0,0,0,0,0,5,60,0,2055.75,1882.16,10.45
16.3659,95,26,1266.23,1300.68,0,0,0,0,0,0,0,5,60,0,1418.07,805.78,0
16.3667,96,19,1564.85,1085.99,1.00142,1.02041,0,1,1,297,0.5,5,60,4,1198.68,1397.15,1.46
16.3704,101,10,1418.07,805.78,0,0,0,0,0,0,0,5,60,0,1730.82,941.03,0
16.377,110,11,1492.35,717.565,13.2271,-1.34801,0,1,1,265,0.35,5,60,4,1703.57,1278.29,2.49
16.3807,115,21,2000,1031.74,1.6803,1.4823,0,1,0,0,0,5,60,4,1462.3,1001.73,0
16.3815,116,28,1703.56,1278.29,2.49,2.84974,0,0,0,0,0,5,60,0,1884.01,2077.5,2.29
16.3896,127,46,2000,1864.37,0,0,0,1,0,0,0,5,60,4,1302.62,1280.66,1.9
16.3911,129,19,1459.93,998.13,0,0,0,0,0,0,0,5,60,0,2301.73,1156.08,4.4
16.3919,130,45,2000,1856.99,4.57548,-3.13722,0,1,1,4,0.1,5,60,4,1893.41,1889.04,2.13
16.4022,9,27,1500.35,1358.15,2.15,2.79481,0,0,0,0,0,5,60,0,1742.39,958.375,0
16.4037,11,12,1866.71,858.857,16.44,2.61821,0,0,0,0,0,5,60,0,1275.88,1298.01,0
16.4133,24,28,1699.09,1258.8,1.08744,2.79529,0,1,1,265,0.35,5,60,4,2293.25,1877.18,0
16.4148,26,27,1498.48,1355.43,3.26,2.79465,0,0,0,0,0,5,60,0,1985.23,2222.51,4.35
16.417,29,27,1634.36,1208.64,4.34719,1.10079,0,1,1,297,0.5,5,60,4,1558.22,1585.17,4.12
16.4348,53,20,1707.56,960.826,0,0,0,1,1,297,0.5,5,60,4,1223.82,2095.08,4.59
16.437,56,20,1768.11,1025.89,0,0,0,1,1,297,0.5,5,60,4,1662.08,1234.68,3
16.44,60,19,1497.15,1007.14,0,0,0,0,0,0,0,5,60,0,1602.86,1789.21,2.93
16.4437,65,20,1719.13,979.98,0,0,0,0,0,0,0,5,60,0,1431.33,994.63,0
16.4481,71,18,1414.17,979.179,0,0,0,1,1,265,0.35,5,60,4,1438.23,995.98,0
16.4533,78,18,1428.06,981.787,0,0,0,1,1,329,0.4,5,60,4,1300.35,1284.6,0.95
16.4541,79,19,1572.29,1094.3,5.44828,1.07712,0,1,1,361,0.55,5,60,4,1832.41,1762.1,4.05
16.4644,93,19,1490.23,1006.13,0,0,0,0,0,0,0,5,60,0,2056.79,1882.13,10.45
16.4659,95,26,1266.23,1300.68,0,0,0,0,0,0,0,5,60,0,1418.07,805.78,0
16.4667,96,19,1566.84,1084.27,1.1194,1.02041,0,1,1,297,0.5,5,60,4,1198.7,1397,1.46
16.4704,101,10,1418.07,805.78,0,0,0,0,0,0,0,5,60,0,1730.82,941.03,0
16.477,110,11,1494.6,714.46,14.7639,-1.34801,0,1,1,269,0.45,5,60,4,1703.33,1278.36,2.49
16.4807,115,21,2000,1030.12,1.87455,1.4823,0,1,0,0,0,5,60,4,1462.3,1001.73,0
16.4815,116,28,1703.32,1278.36,2.49,2.84974,0,0,0,0,0,5,60,0,1883.97,2077.28,2.29
16.4896,127,46,2000,1862.6,0,0,0,1,0,0,0,5,60,4,1302.81,1280.61,1.9
16.4911,129,19,1459.93,998.13,0,0,0,0,0,0,0,5,60,0,2301.3,1156.15,4.4
16.4919,130,45,2000,1855.21,5.09622,-3.13722,0,1,1,4,0.1,5,60,4,1893.2,1889.08,2.13
16.5022,9,27,1500.14,1358.23,2.15,2.79481,0,0,0,0,0,5,60,0,1742.39,958.375,0
16.5037,11,12,1865.29,859.679,16.44,2.61821,0,0,0,0,0,5,60,0,1275.88,1298.01,0
16.5133,24,28,1701.02,1257.09,1.20739,2.79529,0,1,1,265,0.35,5,60,4,2293.25,1877.18,0
16.5148,26,27,1498.17,1355.54,3.26,2.79465,0,0,0,0,0,5,60,0,1984.8,2222.54,4.35
16.517,29,27,1636.58,1207.28,4.82401,1.10079,0,1,1,301,0.6,5,60,4,1558.21,1584.76,4.12
16.5348,53,20,1709.63,959.104,0,0,0,1,1,297,0.5,5,60,4,1223.89,2095.53,4.59
16.537,56,20,1770.19,1024.17,0,0,0,1,1,297,0.5,5,60,4,1661.94,1234.41,3
16.54,60,19,1497.15,1007.14,0,0,0,0,0,0,0,5,60,0,1602.92,1789.5,2.93
16.5437,65,20,1719.13,979.98,0,0,0,0,0,0,0,5,60,0,1431.33,994.63,0
16.5481,71,18,1416.27,977.475,0,0,0,1,1,265,0.35,5,60,4,1438.23,995.98,0
16.5533,78,18,1430.17,980.09,0,0,0,1,1,329,0.4,5,60,4,1300.45,1284.58,0.95
16.5541,79,19,1574.64,1093.05,6.01154,1.07712,0,1,1,365,0.65,5,60,4,1832.34,1761.7,4.05
16.5644,93,19,1490.23,1006.13,0,0,0,0,0,0,0,5,60,0,2057.84,1882.1,10.45
16.5659,95,26,1266.23,1300.68,0,0,0,0,0,0,0,5,60,0,1418.07,805.78,0
16.5667,96,19,1569.03,1082.68,1.23266,1.02041,0,1,1,297,0.5,5,60,4,1198.72,1396.86,1.46
16.5704,101,10,1418.07,805.78,0,0,0,0,0,0,0,5,60,0,1730.82,941.03,0
16.577,110,11,1497.06,711.484,16.2311,-1.34801,0,1,1,269,0.45,5,60,4,1703.09,1278.43,2.49
16.5807,115,21,2000,1028.63,2.05961,1.4823,0,1,0,0,0,5,60,4,1462.3,1001.73,0
16.5815,116,28,1703.08,1278.44,2.49,2.84974,0,0,0,0,0,5,60,0,1883.93,2077.05,2.29
16.5896,127,46,2000,1860.95,0,0,0,1,0,0,0,5,60,4,1302.99,1280.56,1.9
16.5911,129,19,1459.93,998.13,0,0,0,0,0,0,0,5,60,0,2300.86,1156.22,4.4
16.5919,130,45,2000,1853.56,5.5893,-3.13722,0,1,1,4,0.1,5,60,4,1892.99,1889.12,2.13
16.6022,9,27,1499.94,1358.3,2.15,2.79481,0,0,0,0,0,5,60,0,1742.39,958.375,0
16.6037,11,12,1863.86,860.501,16.44,2.61821,0,0,0,0,0,5,60,0,1275.88,1298.01,0
16.6133,24,28,1703.15,1255.51,1.31956,2.79529,0,1,1,265,0.35,5,60,4,2293.25,1877.18,0
16.6148,26,27,1497.87,1355.65,3.26,2.79465,0,0,0,0,0,5,60,0,1984.36,2222.57,4.35
16.617,29,27,1639,1206.04,5.26897,1.10079,0,1,1,301,0.6,5,60,4,1558.19,1584.35,4.12
16.6348,53,20,1711.89,957.52,0,0,0,1,1,297,0.5,5,60,4,1223.95,2095.99,4.59
16.637,56,20,1772.45,1022.59,0,0,0,1,1,297,0.5,5,60,4,1661.81,1234.15,3
16.64,60,19,1497.15,1007.14,0,0,0,0,0,0,0,5,60,0,1602.98,1789.79,2.93
16.6437,65,20,1719.13,979.98,0,0,0,0,0,0,0,5,60,0,1431.33,994.63,0
16.6481,71,18,1418.55,975.91,0,0,0,1,1,265,0.35,5,60,4,1438.23,995.98,0
16.6533,78,18,1432.46,978.533,0,0,0,1,1,329,0.4,5,60,4,1300.54,1284.55,0.95
16.6541,79,19,1577.18,1091.94,6.52567,1.07712,0,1,1,365,0.65,5,60,4,1832.27,1761.3,4.05
16.6644,93,19,1490.23,1006.13,0,0,0,0,0,0,0,5,60,0,2058.88,1882.08,10.45
16.6659,95,26,1266.23,1300.68,0,0,0,0,0,0,0,5,60,0,1418.07,805.78,0
16.6667,96,19,1571.39,1081.23,1.33526,1.02041,0,1,1,297,0.5,5,60,4,1198.75,1396.71,1.46
16.6704,101,10,1418.07,805.78,0,0,0,0,0,0,0,5,60,0,1730.82,941.03,0
16.677,110,11,1499.68,708.651,17.5513,-1.34801,0,1,1,269,0.45,5,60,4,1702.86,1278.5,2.49
16.6807,115,21,2000,1027.28,2.22573,1.4823,0,1,0,0,0,5,60,4,1462.3,1001.73,0
16.6815,116,28,1702.85,1278.51,2.49,2.84974,0,0,0,0,0,5,60,0,1883.89,2076.82,2.29
16.6896,127,46,2000,1859.44,0,0,0,1,0,0,0,5,60,4,1303.17,1280.51,1.9
16.6911,129,19,1459.93,998.13,0,0,0,0,0,0,0,5,60,0,2300.43,1156.29,4.4
16.6919,130,45,2000,1852.06,6.0287,-3.13722,0,1,1,4,0.1,5,60,4,1892.78,1889.16,2.13
16.7022,9,27,1499.74,1358.37,2.15,2.79481,0,0,0,0,0,5,60,0,1742.39,958.375,0
16.7037,11,12,1862.44,861.322,16.44,2.61821,0,0,0,0,0,5,60,0,1275.88,1298.01,0
16.7133,24,28,1705.43,1254.08,1.41807,2.79529,0,1,1,265,0.35,5,60,4,2293.25,1877.18,0
16.7148,26,27,1497.56,1355.76,3.26,2.79465,0,0,0,0,0,5,60,0,1983.93,2222.6,4.35
16.717,29,27,1641.59,1204.96,5.65873,1.10079,0,1,1,301,0.6,5,60,4,1558.17,1583.94,4.12
16.7348,53,20,1714.31,956.086,0,0,0,1,1,297,0.5,5,60,4,1224.02,2096.44,4.59
16.737,56,20,1774.87,1021.16,0,0,0,1,1,297,0.5,5,60,4,1661.67,1233.88,3
16.74,60,19,1497.15,1007.14,0,0,0,0,0,0,0,5,60,0,1603.03,1790.08,2.93
16.7437,65,20,1719.13,979.98,0,0,0,0,0,0,0,5,60,0,1431.33,994.63,0
16.7481,71,18,1420.99,974.496,0,0,0,1,1,265,0.35,5,60,4,1438.23,995.98,0
16.7533,78,18,1434.91,977.127,0,0,0,1,1,329,0.4,5,60,4,1300.63,1284.53,0.95
16.7541,79,19,1579.86,1090.98,6.96374,1.07712,0,1,1,493,0.75,5,60,4,1832.2,1760.9,4.05
16.7644,93,19,1490.23,1006.13,0,0,0,0,0,0,0,5,60,0,2059.93,1882.05,10.45
16.7659,95,26,1266.23,1300.68,0,0,0,0,0,0,0,5,60,0,1418.07,805.78,0
16.7667,96,19,1573.91,1079.94,1.42179,1.02041,0,1,1,297,0.5,5,60,4,1198.77,1396.57,1.46
16.7704,101,10,1418.07,805.78,0,0,0,0,0,0,0,5,60,0,1730.82,941.03,0
16.777,110,11,1502.45,705.973,18.6547,-1.34801,0,1,1,269,0.45,5,60,4,1702.62,1278.58,2.49
16.7807,115,21,2000,1026.09,2.36414,1.4823,0,1,0,0,0,5,60,4,1462.3,1001.73,0
16.7815,116,28,1702.61,1278.58,2.49,2.84974,0,0,0,0,0,5,60,0,1883.85,2076.6,2.29
16.7896,127,46,2000,1858.1,0,0,0,1,0,0,0,5,60,4,1303.36,1280.46,1.9
16.7911,129,19,1459.93,998.13,0,0,0,0,0,0,0,5,60,0,2299.99,1156.36,4.4
16.7919,130,45,2000,1850.71,6.39127,-3.13722,0,1,0,0,0,5,60,4,1892.57,1889.2,2.13
16.8022,9,27,1499.54,1358.45,2.15,2.79481,0,0,0,0,0,5,60,0,1742.39,958.375,0
16.8037,11,12,1861.02,862.144,16.44,2.61821,0,0,0,0,0,5,60,0,1275.88,1298.01,0
16.8133,24,28,1707.85,1252.8,1.49773,2.79529,0,1,1,269,0.45,5,60,4,2293.25,1877.18,0
16.8148,26,27,1497.25,1355.87,3.26,2.79465,0,0,0,0,0,5,60,0,1983.49,2222.63,4.35
16.817,29,27,1644.3,1204.03,5.97272,1.10079,0,1,1,301,0.6,5,60,4,1558.15,1583.53,4.12
16.8348,53,20,1716.85,954.813,0,0,0,1,1,297,0.5,5,60,4,1224.08,2096.89,4.59
16.837,56,20,1777.42,1019.89,0,0,0,1,1,297,0.5,5,60,4,1661.53,1233.61,3
16.84,60,19,1497.15,1007.14,0,0,0,0,0,0,0,5,60,0,1603.09,1790.36,2.93
16.8437,65,20,1719.13,979.98,0,0,0,0,0,0,0,5,60,0,1431.33,994.63,0
16.8481,71,18,1423.55,973.246,0,0,0,1,1,265,0.35,5,60,4,1438.23,995.98,0
16.8533,78,18,1437.48,975.886,0,0,0,1,1,329,0.4,5,60,4,1300.72,1284.5,0.95
16.8541,79,19,1582.67,1090.19,7.30258,1.07712,0,1,1,493,0.75,5,60,4,1832.13,1760.51,4.05
16.8644,93,19,1490.23,1006.13,0,0,0,0,0,0,0,5,60,0,2060.97,1882.03,10.45
16.8659,95,26,1266.23,1300.68,0,0,0,0,0,0,0,5,60,0,1418.07,805.78,0
16.8667,96,19,1576.54,1078.8,1.48767,1.02041,0,1,1,301,0.6,5,60,4,1198.79,1396.42,1.46
16.8704,101,10,1418.07,805.78,0,0,0,0,0,0,0,5,60,0,1730.82,941.03,0
16.877,110,11,1505.34,703.46,19.4837,-1.34801,0,1,1,269,0.45,5,60,4,1702.38,1278.65,2.49
16.8807,115,21,2000,1025.06,2.4676,1.4823,0,1,0,0,0,5,60,4,1462.3,1001.73,0
16.8815,116,28,1702.37,1278.65,2.49,2.84974,0,0,0,0,0,5,60,0,1883.81,2076.37,2.29
16.8896,127,46,2000,1856.92,0,0,0,1,0,0,0,5,60,4,1303.54,1280.41,1.9
16.8911,129,19,1459.93,998.13,0,0,0,0,0,0,0,5,60,0,2299.56,1156.43,4.4
16.8919,130,45,2000,1849.54,6.65788,-3.13722,0,1,0,0,0,5,60,4,1892.36,1889.24,2.13
16.9022,9,27,1499.34,1358.52,2.15,2.79481,0,0,0,0,0,5,60,0,1742.39,958.375,0
16.9037,11,12,1859.59,862.966,16.44,2.61821,0,0,0,0,0,5,60,0,1275.88,1298.01,0
16.9133,24,28,1710.38,1251.7,1.55433,2.79529,0,1,1,269,0.45,5,60,4,2293.25,1877.18,0
16.9148,26,27,1496.95,1355.98,3.26,2.79465,0,0,0,0,0,5,60,0,1983.06,2222.66,4.35
16.917,29,27,1647.12,1203.27,6.19439,1.10079,0,1,1,301,0.6,5,60,4,1558.13,1583.12,4.12
16.9348,53,20,1719.5,953.712,0,0,0,1,1,297,0.5,5,60,4,1224.15,2097.35,4.59
16.937,56,20,1780.07,1018.79,0,0,0,1,1,297,0.5,5,60,4,1661.4,1233.34,3
16.94,60,19,1497.15,1007.14,0,0,0,0,0,0,0,5,60,0,1603.15,1790.65,2.93
16.9437,65,20,1719.13,979.98,0,0,0,0,0,0,0,5,60,0,1431.33,994.63,0
16.9481,71,18,1426.2,972.168,0,0,0,1,1,265,0.35,5,60,4,1438.23,995.98,0
16.9533,78,18,1440.13,974.817,0,0,0,1,1,329,0.4,5,60,4,1300.81,1284.47,0.95
16.9541,79,19,1585.57,1089.57,7.52436,1.07712,0,1,1,493,0.75,5,60,4,1832.05,1760.11,4.05
16.9644,93,19,1490.23,1006.13,0,0,0,0,0,0,0,5,60,0,2062.02,1882,10.45
16.9659,95,26,1266.23,1300.68,0,0,0,0,0,0,0,5,60,0,1418.07,805.78,0
16.9667,96,19,1579.26,1077.85,1.52945,1.02041,0,1,1,301,0.6,5,60,4,1198.81,1396.28,1.46
16.9704,101,10,1418.07,805.78,0,0,0,0,0,0,0,5,60,0,1730.82,941.03,0
16.977,110,11,1508.32,701.124,19.9944,-1.34801,0,1,1,269,0.45,5,60,4,1702.14,1278.72,2.49
16.9807,115,21,2000,1024.22,2.53062,1.4823,0,1,0,0,0,5,60,4,1462.3,1001.73,0
16.9815,116,28,1702.13,1278.72,2.49,2.84974,0,0,0,0,0,5,60,0,1883.78,2076.15,2.29
16.9896,127,46,2000,1855.91,0,0,0,1,0,0,0,5,60,4,1303.72,1280.36,1.9
16.9911,129,19,1459.93,998.13,0,0,0,0,0,0,0,5,60,0,2299.12,1156.49,4.4
16.9919,130,45,2000,1848.53,6.81456,-3.13722,0,1,0,0,0,5,60,4,1892.15,1889.28,2.13
17.0022,9,27,1499.13,1358.59,3.07,2.79505,9.2,0,1,4,0.1,5,60,0,1742.39,958.375,0
17.0037,11,12,1858.2,863.77,16.34,2.61842,-1,0,0,0,0,5,60,0,1275.88,1298.01,0
17.0133,24,28,1712.96,1250.78,3.57348,2.80381,13.3,1,1,269,0.45,5,60,4,2293.25,1877.18,0
17.0148,26,27,1496.6,1356.11,5.85,2.79604,25.9,0,1,4,0.1,5,60,0,1982.59,2222.7,6.51
17.017,29,27,1650.03,1202.72,8.52578,1.104,14.8,1,1,429,0.7,5,60,4,1558.17,1582.72,5.46
17.0348,53,20,1722.21,952.791,0,0,0,1,1,297,0.5,5,60,4,1224.22,2097.86,6.23
17.037,56,20,1782.78,1017.87,0,0,0,1,1,297,0.5,5,60,4,1661.23,1233.02,4.79
17.04,60,19,1497.15,1007.14,0,0,0,0,0,0,0,5,60,0,1603.22,1791.03,5.32
17.0437,65,20,1719.13,979.98,0,0,0,0,0,0,0,5,60,0,1431.33,994.63,0
17.0481,71,18,1428.92,971.273,0,0,0,1,1,265,0.35,5,60,4,1438.23,995.98,0
17.0533,78,18,1442.85,973.931,0,0,0,1,1,329,0.4,5,60,4,1300.94,1284.44,1.63
17.0541,79,19,1588.56,1089.19,9.76166,1.07612,14.3,1,1,493,0.75,5,60,4,1831.97,1759.63,5.46
17.0644,93,19,1490.23,1006.13,0,0,0,0,0,0,0,5,60,0,2062.86,1881.98,7.38
17.0659,95,26,1266.16,1300.7,1.06,2.87368,10.6,0,1,6,0.2,5,60,0,1418.07,805.78,0
17.0667,96,19,1582.09,1077.15,3.47985,1.02593,12.9,1,1,301,0.6,5,60,4,1198.85,1396.07,2.52
17.0704,101,10,1418.07,805.78,0,0,0,0,0,0,0,5,60,0,1730.82,941.03,0
17.077,110,11,1511.34,698.974,20.1148,-1.34679,-0.3,1,1,269,0.45,5,60,4,1701.85,1278.81,3.14
17.0807,115,21,2000,1023.65,4.42481,1.47922,12.5,1,1,4,0.1,5,60,4,1462.3,1001.73,0
17.0815,116,28,1701.84,1278.81,3.14,2.8513,6.5,0,1,4,0.1,5,60,0,1883.72,2075.83,3.45
17.0896,127,46,2000,1855.1,0,0,0,1,0,0,0,5,60,4,1304.05,1280.26,3.63
17.0911,129,19,1459.93,998.13,0,0,0,0,0,0,0,5,60,0,2298.49,1156.6,6.71
17.0919,130,45,2000,1847.72,10.422,-3.14015,23.8,1,1,4,0.1,5,60,4,1891.83,1889.34,3.34
17.1022,9,27,1498.84,1358.7,3.07,2.79505,0,0,0,0,0,5,60,0,1742.39,958.375,0
17.1037,11,12,1856.78,864.587,16.34,2.61842,0,0,1,128,0.1,5,60,0,1275.88,1298.01,0
17.1133,24,28,1715.48,1250.09,3.58006,2.80381,0,1,1,269,0.45,5,60,4,2293.25,1877.18,0
17.1148,26,27,1496.05,1356.31,5.85,2.79604,0,0,0,0,0,5,60,0,1981.94,2222.74,6.51
17.117,29,27,1653.02,1202.46,8.5359,1.104,0,1,1,429,0.7,5,60,4,1558.46,1582.26,5.46
17.1348,53,20,1724.95,952.059,0,0,0,1,1,265,0.35,5,60,4,1224.31,2098.48,6.23
17.137,56,20,1785.52,1017.15,0,0,0,1,1,265,0.35,5,60,4,1661.02,1232.59,4.79
17.14,60,19,1497.15,1007.14,0,0,0,0,0,0,0,5,60,0,1603.33,1791.55,5.32
17.1437,65,20,1719.13,979.98,0,0,0,0,0,0,0,5,60,0,1431.33,994.63,0
17.1481,71,18,1431.67,970.566,0,0,0,1,1,265,0.35,5,60,4,1438.23,995.98,0
17.1533,78,18,1445.6,973.235,0,0,0,1,1,329,0.4,5,60,4,1301.1,1284.4,1.63
17.1541,79,19,1591.62,1089.06,9.70964,1.07612,0,1,1,493,0.75,5,60,4,1831.87,1759.1,5.46
17.1644,93,19,1490.23,1006.13,0,0,0,0,0,0,0,5,60,0,2063.59,1881.96,7.38
17.1659,95,26,1266.06,1300.73,1.06,2.87368,0,0,0,0,0,5,60,0,1418.07,805.78,0
17.1667,96,19,1584.96,1076.68,3.45362,1.02593,0,1,1,301,0.6,5,60,4,1198.89,1395.82,2.52
17.1704,101,10,1418.07,805.78,0,0,0,0,0,0,0,5,60,0,1730.82,941.03,0
17.177,110,11,1514.39,697.016,19.9267,-1.34679,0,1,1,269,0.45,5,60,4,1701.55,1278.9,3.14
17.1807,115,21,2000,1023.3,4.38058,1.47922,0,1,0,0,0,5,60,4,1462.3,1001.73,0
17.1815,116,28,1701.54,1278.9,3.14,2.8513,0,0,0,0,0,5,60,0,1883.67,2075.49,3.45
17.1896,127,46,2000,1854.47,0,0,0,1,0,0,0,5,60,4,1304.4,1280.17,3.63
17.1911,129,19,1459.93,998.13,0,0,0,0,0,0,0,5,60,0,2297.82,1156.7,6.71
17.1919,130,45,2000,1847.1,10.2976,-3.14015,0,1,0,0,0,5,60,4,1891.51,1889.4,3.34
17.2022,9,27,1498.56,1358.8,3.07,2.79505,0,0,0,0,0,5,60,0,1742.39,958.375,0
17.2037,11,12,1855.37,865.403,16.34,2.61842,0,0,1,128,0.1,5,60,0,1275.88,1298.01,0
17.2133,24,28,1718,1249.59,3.52396,2.80381,0,1,1,269,0.45,5,60,4,2293.25,1877.18,0
17.2148,26,27,1495.5,1356.5,5.85,2.79604,0,0,0,0,0,5,60,0,1981.3,2222.79,6.51
17.217,29,27,1656.03,1202.4,8.39667,1.104,0,1,1,429,0.7,5,60,4,1558.75,1581.79,5.46
17.2348,53,20,1727.7,951.521,0,0,0,1,1,297,0.5,5,60,4,1224.39,2099.09,6.23
17.237,56,20,1788.27,1016.61,0,0,0,1,1,297,0.5,5,60,4,1660.8,1232.16,4.79
17.24,60,19,1497.15,1007.14,0,0,0,0,0,0,0,5,60,0,1603.43,1792.07,5.32
17.2437,65,20,1719.13,979.98,0,0,0,0,0,0,0,5,60,0,1431.33,994.63,0
17.2481,71,18,1434.41,970.054,0,0,0,1,1,265,0.35,5,60,4,1438.23,995.98,0
17.2533,78,18,1448.34,972.733,0,0,0,1,1,329,0.4,5,60,4,1301.25,1284.35,1.63
17.2541,79,19,1594.67,1089.14,9.48909,1.07612,0,1,1,493,0.75,5,60,4,1831.77,1758.56,5.46
17.2644,93,19,1490.23,1006.13,0,0,0,0,0,0,0,5,60,0,2064.33,1881.94,7.38
17.2659,95,26,1265.96,1300.75,1.06,2.87368,0,0,0,0,0,5,60,0,1418.07,805.78,0
17.2667,96,19,1587.81,1076.4,3.36769,1.02593,0,1,1,301,0.6,5,60,4,1198.93,1395.57,2.52
17.2704,101,10,1418.07,805.78,0,0,0,0,0,0,0,5,60,0,1730.82,941.03,0
17.2807,115,21,2000,1023.15,4.26101,1.47922,0,1,0,0,0,5,60,4,1462.3,1001.73,0
17.2815,116,28,1701.24,1278.99,3.14,2.8513,0,0,0,0,0,5,60,0,1883.61,2075.15,3.45
17.2896,127,46,2000,1854.04,0,0,0,1,0,0,0,5,60,4,1304.75,1280.07,3.63
17.2911,129,19,1459.93,998.13,0,0,0,0,0,0,0,5,60,0,2297.16,1156.81,6.71
17.2919,130,45,2000,1846.67,9.99696,-3.14015,0,1,0,0,0,5,60,4,1891.18,1889.46,3.34
17.3022,9,27,1498.27,1358.91,3.07,2.79505,0,0,0,0,0,5,60,0,1742.39,958.375,0
17.3037,11,12,1853.95,866.219,16.34,2.61842,0,0,1,128,0.1,5,60,0,1275.88,1298.01,0
17.3133,24,28,1720.49,1249.28,3.40813,2.80381,0,1,1,269,0.45,5,60,4,2293.25,1877.18,0
17.3148,26,27,1494.95,1356.7,5.85,2.79604,0,0,0,0,0,5,60,0,1980.65,2222.83,6.51
17.317,29,27,1659,1202.53,8.11539,1.104,0,1,1,429,0.7,5,60,4,1559.04,1581.33,5.46
17.3348,53,20,1730.41,951.182,0,0,0,1,1,297,0.5,5,60,4,1224.48,2099.71,6.23
17.337,56,20,1790.98,1016.28,0,0,0,1,1,297,0.5,5,60,4,1660.58,1231.73,4.79
17.34,60,19,1497.15,1007.14,0,0,0,0,0,0,0,5,60,0,1603.53,1792.59,5.32
17.3437,65,20,1719.13,979.98,0,0,0,0,0,0,0,5,60,0,1431.33,994.63,0
17.3481,71,18,1437.12,969.742,0,0,0,1,1,265,0.35,5,60,4,1438.23,995.98,0
17.3533,78,18,1451.04,972.431,0,0,0,1,1,329,0.4,5,60,4,1301.41,1284.31,1.63
17.3541,79,19,1597.68,1089.41,9.11163,1.07612,0,1,1,493,0.75,5,60,4,1831.67,1758.02,5.46
17.3644,93,19,1490.23,1006.13,0,0,0,0,0,0,0,5,60,0,2065.07,1881.92,7.38
17.3659,95,26,1265.86,1300.78,1.06,2.87368,0,0,0,0,0,5,60,0,1418.07,805.78,0
17.3667,96,19,1590.63,1076.32,3.22659,1.02593,0,1,1,301,0.6,5,60,4,1198.97,1395.32,2.52
17.3704,101,10,1418.07,805.78,0,0,0,0,0,0,0,5,60,0,1730.82,941.03,0
17.3807,115,21,2000,1023.19,4.07238,1.47922,0,1,0,0,0,5,60,4,1462.3,1001.73,0
17.3815,116,28,1700.94,1279.08,3.14,2.8513,0,0,0,0,0,5,60,0,1883.55,2074.81,3.45
17.3896,127,46,2000,1853.81,0,0,0,1,0,0,0,5,60,4,1305.1,1279.97,3.63
17.3911,129,19,1459.93,998.13,0,0,0,0,0,0,0,5,60,0,2296.5,1156.91,6.71
17.3919,130,45,2000,1846.44,9.53579,-3.14015,0,1,1,4,0.1,5,60,4,1890.85,1889.52,3.34
17.4022,9,27,1497.98,1359.01,3.07,2.79505,0,0,0,0,0,5,60,0,1742.39,958.375,0
17.4037,11,12,1852.54,867.036,16.34,2.61842,0,0,0,0,0,5,60,0,1275.88,1298.01,0
17.4133,24,28,1722.93,1249.18,3.2387,2.80381,0,1,1,269,0.45,5,60,4,2293.25,1877.18,0
17.4148,26,27,1494.4,1356.9,5.85,2.79604,0,0,0,0,0,5,60,0,1980,2222.88,6.51
17.417,29,27,1661.92,1202.87,7.70693,1.104,0,1,1,429,0.7,5,60,4,1559.32,1580.87,5.46
17.4348,53,20,1733.05,951.043,0,0,0,1,1,297,0.5,5,60,4,1224.57,2100.33,6.23
17.437,56,20,1793.62,1016.14,0,0,0,1,1,297,0.5,5,60,4,1660.37,1231.31,4.79
17.44,60,19,1497.15,1007.14,0,0,0,0,0,0,0,5,60,0,1603.64,1793.12,5.32
17.4437,65,20,1719.13,979.98,0,0,0,0,0,0,0,5,60,0,1431.33,994.63,0
17.4481,71,18,1439.75,969.63,0,0,0,1,1,265,0.35,5,60,4,1438.23,995.98,0
17.4533,78,18,1453.67,972.33,0,0,0,1,1,329,0.4,5,60,4,1301.57,1284.27,1.63
17.4541,79,19,1600.62,1089.88,8.59717,1.07612,0,1,1,493,0.75,5,60,4,1831.58,1757.48,5.46
17.4644,93,19,1490.23,1006.13,0,0,0,0,0,0,0,5,60,0,2065.81,1881.9,7.38
17.4659,95,26,1265.75,1300.81,1.06,2.87368,0,0,0,0,0,5,60,0,1418.07,805.78,0
17.4667,96,19,1593.37,1076.45,3.03772,1.02593,0,1,1,301,0.6,5,60,4,1199.01,1395.07,2.52
17.4704,101,10,1418.07,805.78,0,0,0,0,0,0,0,5,60,0,1730.82,941.03,0
17.4807,115,21,2000,1023.44,3.82466,1.47922,0,1,0,0,0,5,60,4,1462.3,1001.73,0
17.4815,116,28,1700.64,1279.17,3.14,2.8513,0,0,0,0,0,5,60,0,1883.5,2074.47,3.45
17.4896,127,46,2000,1853.78,0,0,0,1,0,0,0,5,60,4,1305.45,1279.87,3.63
17.4911,129,19,1459.93,998.13,0,0,0,0,0,0,0,5,60,0,2295.83,1157.01,6.71
17.4919,130,45,2000,1846.42,8.93843,-3.14015,0,1,1,4,0.1,5,60,4,1890.52,1889.58,3.34
17.5022,9,27,1497.69,1359.11,3.07,2.79505,0,0,0,0,0,5,60,0,1742.39,958.375,0
17.5037,11,12,1851.12,867.852,16.34,2.61842,0,0,0,0,0,5,60,0,1275.88,1298.01,0
17.5133,24,28,1725.28,1249.28,3.02457,2.80381,0,1,1,269,0.45,5,60,4,2293.25,1877.18,0
17.5148,26,27,1493.85,1357.1,5.85,2.79604,0,0,0,0,0,5,60,0,1979.35,2222.92,6.51
17.517,29,27,1664.74,1203.4,7.19277,1.104,0,1,1,429,0.7,5,60,4,1559.61,1580.4,5.46
17.5348,53,20,1735.6,951.107,0,0,0,1,1,297,0.5,5,60,4,1224.65,2100.94,6.23
17.537,56,20,1796.17,1016.21,0,0,0,1,1,297,0.5,5,60,4,1660.15,1230.88,4.79
17.54,60,19,1497.15,1007.14,0,0,0,0,0,0,0,5,60,0,1603.74,1793.64,5.32
17.5437,65,20,1719.13,979.98,0,0,0,0,0,0,0,5,60,0,1431.33,994.63,0
17.5481,71,18,1442.28,969.721,0,0,0,1,1,265,0.35,5,60,4,1438.23,995.98,0
17.5533,78,18,1456.2,972.431,0,0,0,1,1,329,0.4,5,60,4,1301.72,1284.22,1.63
17.5541,79,19,1603.45,1090.56,7.97281,1.07612,0,1,1,493,0.75,5,60,4,1831.48,1756.95,5.46
17.5644,93,19,1490.23,1006.13,0,0,0,0,0,0,0,5,60,0,2066.54,1881.88,7.38
17.5659,95,26,1265.65,1300.84,1.06,2.87368,0,0,0,0,0,5,60,0,1418.07,805.78,0
17.5667,96,19,1596,1076.77,2.81107,1.02593,0,1,1,301,0.6,5,60,4,1199.05,1394.82,2.52
17.5704,101,10,1418.07,805.78,0,0,0,0,0,0,0,5,60,0,1730.82,941.03,0
17.5807,115,21,2000,1023.89,3.53087,1.47922,0,1,0,0,0,5,60,4,1462.3,1001.73,0
17.5815,116,28,1700.34,1279.26,3.14,2.8513,0,0,0,0,0,5,60,0,1883.44,2074.13,3.45
17.5896,127,46,2000,1853.96,0,0,0,1,0,0,0,5,60,4,1305.8,1279.78,3.63
17.5911,129,19,1459.93,998.13,0,0,0,0,0,0,0,5,60,0,2295.17,1157.12,6.71
17.5919,130,45,2000,1846.6,8.23634,-3.14015,0,1,1,4,0.1,5,60,4,1890.19,1889.65,3.34
17.6022,9,27,1497.4,1359.22,3.07,2.79505,0,0,0,0,0,5,60,0,1742.39,958.375,0
17.6037,11,12,1849.7,868.669,16.34,2.61842,0,0,0,0,0,5,60,0,1275.88,1298.01,0
17.6133,24,28,1727.5,1249.58,2.77702,2.80381,0,1,1,265,0.35,5,60,4,2293.25,1877.18,0
17.6148,26,27,1493.3,1357.3,5.85,2.79604,0,0,0,0,0,5,60,0,1978.7,2222.97,6.51
17.617,29,27,1667.45,1204.14,6.60001,1.104,0,1,1,301,0.6,5,60,4,1559.9,1579.94,5.46
17.6348,53,20,1738.02,951.373,0,0,0,1,1,297,0.5,5,60,4,1224.74,2101.56,6.23
17.637,56,20,1798.58,1016.48,0,0,0,1,1,297,0.5,5,60,4,1659.94,1230.45,4.79
17.64,60,19,1497.15,1007.14,0,0,0,0,0,0,0,5,60,0,1603.84,1794.16,5.32
17.6437,65,20,1719.13,979.98,0,0,0,0,0,0,0,5,60,0,1431.33,994.63,0
17.6481,71,18,1444.68,970.014,0,0,0,1,1,265,0.35,5,60,4,1438.23,995.98,0
17.6533,78,18,1458.59,972.734,0,0,0,1,1,329,0.4,5,60,4,1301.88,1284.18,1.63
17.6541,79,19,1606.15,1091.44,7.2714,1.07612,0,1,1,493,0.75,5,60,4,1831.38,1756.41,5.46
17.6644,93,19,1490.23,1006.13,0,0,0,0,0,0,0,5,60,0,2067.28,1881.86,7.38
17.6659,95,26,1265.55,1300.87,1.06,2.87368,0,0,0,0,0,5,60,0,1418.07,805.78,0
17.6667,96,19,1598.49,1077.3,2.55856,1.02593,0,1,1,297,0.5,5,60,4,1199.09,1394.57,2.52
17.6704,101,10,1418.07,805.78,0,0,0,0,0,0,0,5,60,0,1730.82,941.03,0
17.6807,115,21,2000,1024.54,3.20645,1.47922,0,1,0,0,0,5,60,4,1462.3,1001.73,0
17.6815,116,28,1700.04,1279.35,3.14,2.8513,0,0,0,0,0,5,60,0,1883.38,2073.79,3.45
17.6896,127,46,2000,1854.33,0,0,0,1,0,0,0,5,60,4,1306.15,1279.68,3.63
17.6911,129,19,1459.93,998.13,0,0,0,0,0,0,0,5,60,0,2294.51,1157.22,6.71
17.6919,130,45,2000,1846.98,7.4666,-3.14015,0,1,1,4,0.1,5,60,4,1889.86,1889.71,3.34
17.7022,9,27,1497.11,1359.32,3.07,2.79505,0,0,0,0,0,5,60,0,1742.39,958.375,0
17.7037,11,12,1848.29,869.485,16.34,2.61842,0,0,0,0,0,5,60,0,1275.88,1298.01,0
17.7133,24,28,1729.58,1250.09,2.50905,2.80381,0,1,1,265,0.35,5,60,4,2293.25,1877.18,0
17.7148,26,27,1492.75,1357.49,5.85,2.79604,0,0,0,0,0,5,60,0,1978.05,2223.01,6.51
17.717,29,27,1670,1205.08,5.95976,1.104,0,1,1,297,0.5,5,60,4,1560.19,1579.48,5.46
17.7348,53,20,1740.29,951.839,0,0,0,1,1,297,0.5,5,60,4,1224.83,2102.18,6.23
17.737,56,20,1800.84,1016.95,0,0,0,1,1,297,0.5,5,60,4,1659.72,1230.02,4.79
17.74,60,19,1497.15,1007.14,0,0,0,0,0,0,0,5,60,0,1603.95,1794.68,5.32
17.7437,65,20,1719.13,979.98,0,0,0,0,0,0,0,5,60,0,1431.33,994.63,0
17.7481,71,18,1446.92,970.506,0,0,0,1,1,265,0.35,5,60,4,1438.23,995.98,0
17.7533,78,18,1460.82,973.237,0,0,0,1,1,329,0.4,5,60,4,1302.04,1284.14,1.63
17.7541,79,19,1608.69,1092.51,6.5298,1.07612,0,1,1,361,0.55,5,60,4,1831.28,1755.87,5.46
17.7644,93,19,1490.23,1006.13,0,0,0,0,0,0,0,5,60,0,2068.02,1881.84,7.38
17.7659,95,26,1265.45,1300.89,1.06,2.87368,0,0,0,0,0,5,60,0,1418.07,805.78,0
17.7667,96,19,1600.82,1078.03,2.29349,1.02593,0,1,1,297,0.5,5,60,4,1199.13,1394.32,2.52
17.7704,101,10,1418.07,805.78,0,0,0,0,0,0,0,5,60,0,1730.82,941.03,0
17.7807,115,21,2000,1025.39,2.86856,1.47922,0,1,0,0,0,5,60,4,1462.3,1001.73,0
17.7815,116,28,1699.74,1279.44,3.14,2.8513,0,0,0,0,0,5,60,0,1883.32,2073.45,3.45
17.7896,127,46,2000,1854.91,0,0,0,1,0,0,0,5,60,4,1306.5,1279.58,3.63
17.7911,129,19,1459.93,998.13,0,0,0,0,0,0,0,5,60,0,2293.85,1157.33,6.71
17.7919,130,45,2000,1847.55,6.66955,-3.14015,0,1,1,4,0.1,5,60,4,1889.54,1889.77,3.34
17.8022,9,27,1496.82,1359.43,3.07,2.79505,0,0,0,0,0,5,60,0,1742.39,958.375,0
17.8037,11,12,1846.87,870.301,16.34,2.61842,0,0,0,0,0,5,60,0,1275.88,1298.01,0
17.8133,24,28,1731.47,1250.78,2.23484,2.80381,0,1,1,265,0.35,5,60,4,2293.25,1877.18,0
17.8148,26,27,1492.2,1357.69,5.85,2.79604,0,0,0,0,0,5,60,0,1977.4,2223.06,6.51
17.817,29,27,1672.36,1206.22,5.30591,1.104,0,1,1,297,0.5,5,60,4,1560.48,1579.01,5.46
17.8348,53,20,1742.36,952.5,0,0,0,1,1,297,0.5,5,60,4,1224.92,2102.79,6.23
17.837,56,20,1802.92,1017.62,0,0,0,1,1,297,0.5,5,60,4,1659.51,1229.59,4.79
17.84,60,19,1497.15,1007.14,0,0,0,0,0,0,0,5,60,0,1604.05,1795.2,5.32
17.8437,65,20,1719.13,979.98,0,0,0,0,0,0,0,5,60,0,1431.33,994.63,0
17.8481,71,18,1448.97,971.193,0,0,0,1,1,265,0.35,5,60,4,1438.23,995.98,0
17.8533,78,18,1462.87,973.934,0,0,0,1,1,329,0.4,5,60,4,1302.2,1284.09,1.63
17.8541,79,19,1611.04,1093.78,5.78725,1.07612,0,1,1,365,0.65,5,60,4,1831.18,1755.34,5.46
17.8644,93,19,1490.23,1006.13,0,0,0,0,0,0,0,5,60,0,2068.76,1881.83,7.38
17.8659,95,26,1265.34,1300.92,1.06,2.87368,0,0,0,0,0,5,60,0,1418.07,805.78,0
17.8667,96,19,1602.95,1078.95,2.02977,1.02593,0,1,1,297,0.5,5,60,4,1199.17,1394.08,2.52
17.8704,101,10,1418.07,805.78,0,0,0,0,0,0,0,5,60,0,1730.82,941.03,0
17.8807,115,21,2000,1026.44,2.53496,1.47922,0,1,0,0,0,5,60,4,1462.3,1001.73,0
17.8815,116,28,1699.43,1279.53,3.14,2.8513,0,0,0,0,0,5,60,0,1883.27,2073.11,3.45
17.8896,127,46,2000,1855.67,0,0,0,1,0,0,0,5,60,4,1306.85,1279.49,3.63
17.8911,129,19,1459.93,998.13,0,0,0,0,0,0,0,5,60,0,2293.18,1157.43,6.71
17.8919,130,45,2000,1848.32,5.88727,-3.14015,0,1,1,4,0.1,5,60,4,1889.21,1889.83,3.34
17.9022,9,27,1496.53,1359.53,3.07,2.79505,0,0,0,0,0,5,60,0,1742.39,958.375,0
17.9037,11,12,1845.46,871.118,16.34,2.61842,0,0,0,0,0,5,60,0,1275.88,1298.01,0
17.9133,24,28,1733.16,1251.68,1.96881,2.80381,0,1,1,269,0.45,5,60,4,2293.25,1877.18,0
17.9148,26,27,1491.65,1357.89,5.85,2.79604,0,0,0,0,0,5,60,0,1976.75,2223.1,6.51
17.917,29,27,1674.53,1207.54,4.67281,1.104,0,1,1,301,0.6,5,60,4,1560.77,1578.55,5.46
17.9348,53,20,1744.23,953.352,0,0,0,1,1,297,0.5,5,60,4,1225,2103.41,6.23
17.937,56,20,1804.78,1018.47,0,0,0,1,1,297,0.5,5,60,4,1659.29,1229.17,4.79
17.94,60,19,1497.15,1007.14,0,0,0,0,0,0,0,5,60,0,1604.16,1795.73,5.32
17.9437,65,20,1719.13,979.98,0,0,0,0,0,0,0,5,60,0,1431.33,994.63,0
17.9481,71,18,1450.81,972.07,0,0,0,1,1,265,0.35,5,60,4,1438.23,995.98,0
17.9533,78,18,1464.69,974.82,0,0,0,1,1,329,0.4,5,60,4,1302.35,1284.05,1.63
17.9541,79,19,1613.17,1095.24,5.08276,1.07612,0,1,1,365,0.65,5,60,4,1831.09,1754.8,5.46
17.9644,93,19,1490.23,1006.13,0,0,0,0,0,0,0,5,60,0,2069.5,1881.81,7.38
17.9659,95,26,1265.24,1300.95,1.06,2.87368,0,0,0,0,0,5,60,0,1418.07,805.78,0
17.9667,96,19,1604.87,1080.06,1.78138,1.02593,0,1,1,301,0.6,5,60,4,1199.21,1393.83,2.52
17.9704,101,10,1418.07,805.78,0,0,0,0,0,0,0,5,60,0,1730.82,941.03,0
17.9807,115,21,2000,1027.67,2.22322,1.47922,0,1,0,0,0,5,60,4,1462.3,1001.73,0
17.9815,116,28,1699.13,1279.62,3.14,2.8513,0,0,0,0,0,5,60,0,1883.21,2072.77,3.45
17.9896,127,46,2000,1856.63,0,0,0,1,0,0,0,5,60,4,1307.2,1279.39,3.63
17.9911,129,19,1459.93,998.13,0,0,0,0,0,0,0,5,60,0,2292.52,1157.54,6.71
17.9919,130,45,2000,1849.28,5.16097,-3.14015,0,1,1,4,0.1,5,60,4,1888.88,1889.89,3.34
18.0022,9,27,1496.25,1359.63,4.11,2.79365,10.4,0,1,4,0.1,5,60,0,1742.39,958.375,0
18.0037,11,12,1844.07,871.92,16.29,2.61825,-0.5,0,0,0,0,5,60,0,1275.88,1298.01,0.72
18.0133,24,28,1734.62,1252.75,1.94867,2.79862,3.1,1,1,269,0.45,5,60,4,2293.25,1877.18,0
18.0148,26,27,1491.09,1358.14,8.26,2.42762,24.1,0,1,134,0.3,5,60,0,1976.08,2223.15,8.15
18.017,29,27,1676.47,1209.08,5.61632,1.10372,21.2,1,1,301,0.6,5,60,4,1561.04,1578.28,7.96
18.0348,53,20,1745.86,954.388,0,0,0,1,1,297,0.5,5,60,4,1225.09,2104.09,7.91
18.037,56,20,1806.41,1019.51,0,0,0,1,1,297,0.5,5,60,4,1659.04,1228.67,6.94
18.04,60,19,1497.15,1007.14,0,0,0,0,0,0,0,5,60,0,1604.27,1796.31,6.92
18.0437,65,20,1719.13,979.98,0,0,0,0,0,0,0,5,60,0,1431.33,994.63,0
18.0481,71,18,1452.41,973.129,0,0,0,1,1,265,0.35,5,60,4,1438.23,995.98,0
18.0533,78,18,1466.28,975.889,0,0,0,1,1,329,0.4,5,60,4,1302.6,1283.98,3.39
18.0541,79,19,1615.1,1096.95,5.63008,1.07826,17.2,1,1,365,0.65,5,60,4,1830.98,1754.19,6.77
18.0644,93,19,1490.23,1006.13,0,0,0,0,0,0,0,5,60,0,2070.09,1881.79,5.1
18.0659,95,26,1265.07,1301,2.19,2.86894,11.3,0,1,4,0.1,5,60,0,1418.07,805.78,0
18.0667,96,19,1606.57,1081.39,2.12667,1.02659,8.4,1,1,301,0.6,5,60,4,1199.26,1393.51,3.6
18.0704,101,10,1418.07,805.78,0,0,0,0,0,0,0,5,60,0,1730.82,941.03,0
18.0807,115,21,2000,1029.16,2.64369,1.47833,10.5,1,1,4,0.1,5,60,4,1462.3,1001.73,0
18.0815,116,28,1698.77,1279.73,3.99,2.85017,8.5,0,1,4,0.1,5,60,0,1883.14,2072.34,4.63
18.0896,127,46,2000,1857.76,0,0,0,1,0,0,0,5,60,4,1307.68,1279.23,5.32
18.0911,129,19,1459.93,998.13,0,0,0,0,0,0,0,5,60,0,2291.68,1157.67,8.65
18.0919,130,45,2000,1850.43,5.46735,3.12603,14.4,1,1,4,0.1,5,60,4,1888.39,1889.98,5.17
18.1022,9,27,1495.87,1359.77,4.11,2.79365,0,0,0,0,0,5,60,0,1742.39,958.375,0
18.1037,11,12,1842.66,872.734,16.29,2.61825,0,0,0,0,0,5,60,0,1275.81,1298.03,0.72
18.1133,24,28,1735.8,1254.02,1.71276,2.79862,0,1,1,269,0.45,5,60,4,2293.25,1877.18,0
18.1148,26,27,1490.46,1358.68,8.26,2.42762,0,0,1,128,0.1,5,60,0,1975.27,2223.21,8.15
18.117,29,27,1678.25,1210.96,4.93804,1.10372,0,1,1,301,0.6,5,60,4,1561.8,1578.03,7.96
18.137,56,20,1807.78,1020.73,0,0,0,1,1,265,0.35,5,60,4,1658.73,1228.05,6.94
18.14,60,19,1497.15,1007.14,0,0,0,0,0,0,0,5,60,0,1604.41,1796.99,6.92
18.1437,65,20,1719.13,979.98,0,0,0,0,0,0,0,5,60,0,1431.33,994.63,0
18.1481,71,18,1453.76,974.363,0,0,0,1,1,265,0.35,5,60,4,1438.23,995.98,0
18.1533,78,18,1467.61,977.131,0,0,0,1,1,329,0.4,5,60,4,1302.93,1283.89,3.39
18.1541,79,19,1616.82,1098.92,4.97135,1.07826,0,1,1,365,0.65,5,60,4,1830.85,1753.53,6.77
18.1644,93,19,1490.23,1006.13,0,0,0,0,0,0,0,5,60,0,2070.6,1881.78,5.1
18.1659,95,26,1264.86,1301.06,2.19,2.86894,0,0,0,0,0,5,60,0,1418.07,805.78,0
18.1667,96,19,1608.03,1082.93,1.88138,1.02659,0,1,1,301,0.6,5,60,4,1199.32,1393.15,3.6
18.1704,101,10,1418.07,805.78,0,0,0,0,0,0,0,5,60,0,1730.82,941.03,0
18.1807,115,21,2000,1030.85,2.34434,1.47833,0,1,0,0,0,5,60,4,1462.3,1001.73,0
18.1815,116,28,1698.38,1279.84,3.99,2.85017,0,0,0,0,0,5,60,0,1883.06,2071.88,4.63
18.1896,127,46,2000,1859.06,0,0,0,1,0,0,0,5,60,4,1308.19,1279.06,5.32
18.1911,129,19,1459.93,998.13,0,0,0,0,0,0,0,5,60,0,2290.83,1157.81,8.65
18.1919,130,45,2000,1851.75,4.85823,3.12603,0,1,1,4,0.1,5,60,4,1887.88,1890.08,5.17
18.2022,9,27,1495.48,1359.91,4.11,2.79365,0,0,0,0,0,5,60,0,1742.39,958.375,0
18.2037,11,12,1841.25,873.548,16.29,2.61825,0,0,0,0,0,5,60,0,1275.74,1298.05,0.72
18.2133,24,28,1736.72,1255.45,1.52885,2.79862,0,1,1,269,0.45,5,60,4,2293.25,1877.18,0
18.2148,26,27,1489.84,1359.22,8.26,2.42762,0,0,0,0,0,5,60,0,1974.45,2223.26,8.15
18.217,29,27,1679.77,1213,4.41155,1.10372,0,1,1,301,0.6,5,60,4,1562.55,1577.78,7.96
18.237,56,20,1808.9,1022.12,0,0,0,1,1,265,0.35,5,60,4,1658.41,1227.43,6.94
18.24,60,19,1497.15,1007.14,0,0,0,0,0,0,0,5,60,0,1604.54,1797.67,6.92
18.2437,65,20,1719.13,979.98,0,0,0,0,0,0,0,5,60,0,1431.33,994.63,0
18.2481,71,18,1454.84,975.76,0,0,0,1,1,265,0.35,5,60,4,1438.23,995.98,0
18.2533,78,18,1468.68,978.537,0,0,0,1,1,329,0.4,5,60,4,1303.25,1283.8,3.39
18.2541,79,19,1618.27,1101.05,4.4843,1.07826,0,1,1,365,0.65,5,60,4,1830.73,1752.86,6.77
18.2644,93,19,1490.23,1006.13,0,0,0,0,0,0,0,5,60,0,2071.11,1881.77,5.1
18.2659,95,26,1264.65,1301.12,2.19,2.86894,0,0,0,0,0,5,60,0,1418.07,805.78,0
18.2667,96,19,1609.22,1084.63,1.70345,1.02659,0,1,1,301,0.6,5,60,4,1199.38,1392.8,3.6
18.2704,101,10,1418.07,805.78,0,0,0,0,0,0,0,5,60,0,1730.82,941.03,0
18.2807,115,21,2000,1032.7,2.13214,1.47833,0,1,0,0,0,5,60,4,1462.3,1001.73,0
18.2815,116,28,1698,1279.96,3.99,2.85017,0,0,0,0,0,5,60,0,1882.98,2071.43,4.63
18.2896,127,46,2000,1860.53,0,0,0,1,0,0,0,5,60,4,1308.69,1278.89,5.32
18.2911,129,19,1459.93,998.13,0,0,0,0,0,0,0,5,60,0,2289.97,1157.94,8.65
18.2919,130,45,2000,1853.23,4.43514,3.12603,0,1,1,4,0.1,5,60,4,1887.37,1890.17,5.17
18.3022,9,27,1495.09,1360.05,4.11,2.79365,0,0,0,0,0,5,60,0,1742.39,958.375,0
18.3037,11,12,1839.83,874.363,16.29,2.61825,0,0,0,0,0,5,60,0,1275.67,1298.07,0.72
18.3133,24,28,1737.36,1257.04,1.4066,2.79862,0,1,1,269,0.45,5,60,4,2293.25,1877.18,0
18.3148,26,27,1489.21,1359.76,8.26,2.42762,0,0,0,0,0,5,60,0,1973.64,2223.32,8.15
18.317,29,27,1681,1215.21,4.06452,1.10372,0,1,1,301,0.6,5,60,4,1563.31,1577.53,7.96
18.337,56,20,1809.72,1023.64,0,0,0,1,1,265,0.35,5,60,4,1658.1,1226.81,6.94
18.34,60,19,1497.15,1007.14,0,0,0,0,0,0,0,5,60,0,1604.68,1798.35,6.92
18.3437,65,20,1719.13,979.98,0,0,0,0,0,0,0,5,60,0,1431.33,994.63,0
18.3481,71,18,1455.63,977.311,0,0,0,1,1,265,0.35,5,60,4,1438.23,995.98,0
18.3533,78,18,1469.45,980.095,0,0,0,1,1,329,0.4,5,60,4,1303.58,1283.71,3.39
18.3541,79,19,1619.44,1103.33,4.19451,1.07826,0,1,1,365,0.65,5,60,4,1830.61,1752.19,6.77
18.3644,93,19,1490.23,1006.13,0,0,0,0,0,0,0,5,60,0,2071.62,1881.75,5.1
18.3659,95,26,1264.44,1301.18,2.19,2.86894,0,0,0,0,0,5,60,0,1418.07,805.78,0
18.3667,96,19,1610.12,1086.47,1.60222,1.02659,0,1,1,301,0.6,5,60,4,1199.45,1392.44,3.6
18.3704,101,10,1418.07,805.78,0,0,0,0,0,0,0,5,60,0,1730.82,941.03,0
18.3807,115,21,2000,1034.69,2.01835,1.47833,0,1,0,0,0,5,60,4,1462.3,1001.73,0
18.3815,116,28,1697.62,1280.07,3.99,2.85017,0,0,0,0,0,5,60,0,1882.9,2070.97,4.63
18.3896,127,46,2000,1862.14,0,0,0,1,0,0,0,5,60,4,1309.2,1278.73,5.32
18.3911,129,19,1459.93,998.13,0,0,0,0,0,0,0,5,60,0,2289.12,1158.08,8.65
18.3919,130,45,2000,1854.85,4.22035,3.12603,0,1,0,0,0,5,60,4,1886.86,1890.27,5.17
18.4022,9,27,1494.71,1360.19,4.11,2.79365,0,0,0,0,0,5,60,0,1742.39,958.375,0
18.4037,11,12,1838.42,875.177,16.29,2.61825,0,0,0,0,0,5,60,0,1275.6,1298.09,0.72
18.4133,24,28,1737.7,1258.77,1.35248,2.79862,0,1,1,269,0.45,5,60,4,2293.25,1877.18,0
18.4148,26,27,1488.59,1360.3,8.26,2.42762,0,0,0,0,0,5,60,0,1972.83,2223.38,8.15
18.417,29,27,1681.94,1217.55,3.9153,1.10372,0,1,1,301,0.6,5,60,4,1564.06,1577.28,7.96
18.437,56,20,1810.25,1025.32,0,0,0,1,1,265,0.35,5,60,4,1657.79,1226.19,6.94
18.44,60,19,1497.15,1007.14,0,0,0,0,0,0,0,5,60,0,1604.81,1799.02,6.92
18.4437,65,20,1719.13,979.98,0,0,0,0,0,0,0,5,60,0,1431.33,994.63,0
18.4481,71,18,1456.13,979.001,0,0,0,1,1,265,0.35,5,60,4,1438.23,995.98,0
18.4533,78,18,1469.94,981.792,0,0,0,1,1,329,0.4,5,60,4,1303.91,1283.62,3.39
18.4541,79,19,1620.31,1105.76,4.11726,1.07826,0,1,1,365,0.65,5,60,4,1830.49,1751.53,6.77
18.4644,93,19,1490.23,1006.13,0,0,0,0,0,0,0,5,60,0,2072.13,1881.74,5.1
18.4659,95,26,1264.23,1301.23,2.19,2.86894,0,0,0,0,0,5,60,0,1418.07,805.78,0
18.4667,96,19,1610.73,1088.46,1.58304,1.02659,0,1,1,301,0.6,5,60,4,1199.51,1392.09,3.6
18.4704,101,10,1418.07,805.78,0,0,0,0,0,0,0,5,60,0,1730.82,941.03,0
18.4807,115,21,2000,1036.82,2.00891,1.47833,0,1,0,0,0,5,60,4,1462.3,1001.73,0
18.4815,116,28,1697.24,1280.19,3.99,2.85017,0,0,0,0,0,5,60,0,1882.82,2070.51,4.63
18.4896,127,46,2000,1863.88,0,0,0,1,0,0,0,5,60,4,1309.7,1278.56,5.32
18.4911,129,19,1459.93,998.13,0,0,0,0,0,0,0,5,60,0,2288.27,1158.22,8.65
18.4919,130,45,2000,1856.61,4.22516,3.12603,0,1,0,0,0,5,60,4,1886.35,1890.36,5.17
18.5022,9,27,1494.32,1360.33,4.11,2.79365,0,0,0,0,0,5,60,0,1742.39,958.375,0
18.5037,11,12,1837.01,875.991,16.29,2.61825,0,0,0,0,0,5,60,0,1275.53,1298.11,0.72
18.5133,24,28,1737.75,1260.64,1.36933,2.79862,0,1,1,269,0.45,5,60,4,2293.25,1877.18,0
18.5148,26,27,1487.97,1360.84,8.26,2.42762,0,0,0,0,0,5,60,0,1972.01,2223.43,8.15
18.517,29,27,1682.59,1220.03,3.97173,1.10372,0,1,1,301,0.6,5,60,4,1564.82,1577.03,7.96
18.537,56,20,1810.48,1027.12,0,0,0,1,1,265,0.35,5,60,4,1657.47,1225.57,6.94
18.54,60,19,1497.15,1007.14,0,0,0,0,0,0,0,5,60,0,1604.95,1799.7,6.92
18.5437,65,20,1719.13,979.98,0,0,0,0,0,0,0,5,60,0,1431.33,994.63,0
18.5481,71,18,1456.33,980.818,0,0,0,1,1,265,0.35,5,60,4,1438.23,995.98,0
18.5533,78,18,1470.12,983.616,0,0,0,1,1,329,0.4,5,60,4,1304.23,1283.53,3.39
18.5541,79,19,1620.87,1108.31,4.25663,1.07826,0,1,1,365,0.65,5,60,4,1830.37,1750.86,6.77
18.5644,93,19,1490.23,1006.13,0,0,0,0,0,0,0,5,60,0,2072.64,1881.73,5.1
18.5659,95,26,1264.02,1301.29,2.19,2.86894,0,0,0,0,0,5,60,0,1418.07,805.78,0
18.5667,96,19,1611.04,1090.57,1.64691,1.02659,0,1,1,301,0.6,5,60,4,1199.57,1391.73,3.6
18.5704,101,10,1418.07,805.78,0,0,0,0,0,0,0,5,60,0,1730.82,941.03,0
18.5807,115,21,2000,1039.08,2.10434,1.47833,0,1,0,0,0,5,60,4,1462.3,1001.73,0
18.5815,116,28,1696.86,1280.3,3.99,2.85017,0,0,0,0,0,5,60,0,1882.74,2070.06,4.63
18.5896,127,46,2000,1865.75,0,0,0,1,0,0,0,5,60,4,1310.21,1278.39,5.32
18.5911,129,19,1459.93,998.13,0,0,0,0,0,0,0,5,60,0,2287.41,1158.35,8.65
18.5919,130,45,2000,1858.5,4.44933,3.12603,0,1,0,0,0,5,60,4,1885.84,1890.45,5.17
18.6022,9,27,1493.93,1360.47,4.11,2.79365,0,0,0,0,0,5,60,0,1742.39,958.375,0
18.6037,11,12,1835.6,876.805,16.29,2.61825,0,0,0,0,0,5,60,0,1275.46,1298.13,0.72
18.6133,24,28,1737.5,1262.62,1.45626,2.79862,0,1,1,269,0.45,5,60,4,2293.25,1877.18,0
18.6148,26,27,1487.34,1361.39,8.26,2.42762,0,0,0,0,0,5,60,0,1971.2,2223.49,8.15
18.617,29,27,1682.93,1222.62,4.23083,1.10372,0,1,1,301,0.6,5,60,4,1565.58,1576.78,7.96
18.637,56,20,1810.41,1029.04,0,0,0,1,1,265,0.35,5,60,4,1657.16,1224.95,6.94
18.64,60,19,1497.15,1007.14,0,0,0,0,0,0,0,5,60,0,1605.08,1800.38,6.92
18.6437,65,20,1719.13,979.98,0,0,0,0,0,0,0,5,60,0,1431.33,994.63,0
18.6481,71,18,1456.22,982.747,0,0,0,1,1,265,0.35,5,60,4,1438.23,995.98,0
18.6533,78,18,1470,985.55,0,0,0,1,1,329,0.4,5,60,4,1304.56,1283.44,3.39
18.6541,79,19,1621.14,1110.97,4.60525,1.07826,0,1,1,365,0.65,5,60,4,1830.25,1750.2,6.77
18.6644,93,19,1490.23,1006.13,0,0,0,0,0,0,0,5,60,0,2073.15,1881.71,5.1
18.6659,95,26,1263.81,1301.35,2.19,2.86894,0,0,0,0,0,5,60,0,1418.07,805.78,0
18.6667,96,19,1611.04,1092.79,1.79049,1.02659,0,1,1,301,0.6,5,60,4,1199.63,1391.38,3.6
18.6704,101,10,1418.07,805.78,0,0,0,0,0,0,0,5,60,0,1730.82,941.03,0
18.6807,115,21,2000,1041.44,2.29961,1.47833,0,1,0,0,0,5,60,4,1462.3,1001.73,0
18.6815,116,28,1696.47,1280.42,3.99,2.85017,0,0,0,0,0,5,60,0,1882.66,2069.6,4.63
18.6896,127,46,2000,1867.72,0,0,0,1,0,0,0,5,60,4,1310.71,1278.22,5.32
18.6911,129,19,1459.93,998.13,0,0,0,0,0,0,0,5,60,0,2286.56,1158.49,8.65
18.6919,130,45,2000,1860.48,4.88105,3.12603,0,1,1,4,0.1,5,60,4,1885.34,1890.55,5.17
18.7022,9,27,1493.55,1360.61,4.11,2.79365,0,0,0,0,0,5,60,0,1742.39,958.375,0
18.7037,11,12,1834.19,877.619,16.29,2.61825,0,0,0,0,0,5,60,0,1275.39,1298.15,0.72
18.7133,24,28,1736.95,1264.71,1.60869,2.79862,0,1,1,269,0.45,5,60,4,2293.25,1877.18,0
18.7148,26,27,1486.72,1361.93,8.26,2.42762,0,0,0,0,0,5,60,0,1970.39,2223.55,8.15
18.717,29,27,1682.97,1225.32,4.67895,1.10372,0,1,1,301,0.6,5,60,4,1566.33,1576.53,7.96
18.737,56,20,1810.04,1031.05,0,0,0,1,1,265,0.35,5,60,4,1656.85,1224.33,6.94
18.74,60,19,1497.15,1007.14,0,0,0,0,0,0,0,5,60,0,1605.22,1801.06,6.92
18.7437,65,20,1719.13,979.98,0,0,0,0,0,0,0,5,60,0,1431.33,994.63,0
18.7481,71,18,1455.82,984.772,0,0,0,1,1,265,0.35,5,60,4,1438.23,995.98,0
18.7533,78,18,1469.58,987.579,0,0,0,1,1,329,0.4,5,60,4,1304.89,1283.35,3.39
18.7541,79,19,1621.11,1113.72,5.14478,1.07826,0,1,1,365,0.65,5,60,4,1830.13,1749.53,6.77
18.7644,93,19,1490.23,1006.13,0,0,0,0,0,0,0,5,60,0,2073.66,1881.7,5.1
18.7659,95,26,1263.59,1301.41,2.19,2.86894,0,0,0,0,0,5,60,0,1418.07,805.78,0
18.7667,96,19,1610.74,1095.1,2.00618,1.02659,0,1,1,301,0.6,5,60,4,1199.69,1391.03,3.6
18.7704,101,10,1418.07,805.78,0,0,0,0,0,0,0,5,60,0,1730.82,941.03,0
18.7807,115,21,2000,1043.89,2.58443,1.47833,0,1,0,0,0,5,60,4,1462.3,1001.73,0
18.7815,116,28,1696.09,1280.53,3.99,2.85017,0,0,0,0,0,5,60,0,1882.58,2069.14,4.63
18.7896,127,46,2000,1869.78,0,0,0,1,0,0,0,5,60,4,1311.22,1278.05,5.32
18.7911,129,19,1459.93,998.13,0,0,0,0,0,0,0,5,60,0,2285.7,1158.62,8.65
18.7919,130,45,2000,1862.56,5.49759,3.12603,0,1,1,4,0.1,5,60,4,1884.83,1890.64,5.17
18.8022,9,27,1493.16,1360.75,4.11,2.79365,0,0,0,0,0,5,60,0,1742.39,958.375,0
18.8037,11,12,1832.78,878.433,16.29,2.61825,0,0,0,0,0,5,60,0,1275.32,1298.17,0.72
18.8133,24,28,1736.09,1266.88,1.8186,2.79862,0,1,1,269,0.45,5,60,4,2293.25,1877.18,0
18.8148,26,27,1486.09,1362.47,8.26,2.42762,0,0,0,0,0,5,60,0,1969.57,2223.6,8.15
18.817,29,27,1682.71,1228.1,5.29251,1.10372,0,1,1,301,0.6,5,60,4,1567.09,1576.29,7.96
18.837,56,20,1809.37,1033.15,0,0,0,1,1,265,0.35,5,60,4,1656.54,1223.71,6.94
18.84,60,19,1497.15,1007.14,0,0,0,0,0,0,0,5,60,0,1605.35,1801.74,6.92
18.8437,65,20,1719.13,979.98,0,0,0,0,0,0,0,5,60,0,1431.33,994.63,0
18.8481,71,18,1455.12,986.877,0,0,0,1,1,265,0.35,5,60,4,1438.23,995.98,0
18.8533,78,18,1468.86,989.688,0,0,0,1,1,329,0.4,5,60,4,1305.21,1283.26,3.39
18.8541,79,19,1620.78,1116.56,5.84681,1.07826,0,1,1,365,0.65,5,60,4,1830.01,1748.86,6.77
18.8644,93,19,1490.23,1006.13,0,0,0,0,0,0,0,5,60,0,2074.17,1881.69,5.1
18.8659,95,26,1263.38,1301.47,2.19,2.86894,0,0,0,0,0,5,60,0,1418.07,805.78,0
18.8667,96,19,1610.15,1097.49,2.28264,1.02659,0,1,1,301,0.6,5,60,4,1199.76,1390.67,3.6
18.8704,101,10,1418.07,805.78,0,0,0,0,0,0,0,5,60,0,1730.82,941.03,0
18.8807,115,21,2000,1046.41,2.9438,1.47833,0,1,0,0,0,5,60,4,1462.3,1001.73,0
18.8896,127,46,2000,1871.91,0,0,0,1,0,0,0,5,60,4,1311.72,1277.89,5.32
18.8911,129,19,1459.93,998.13,0,0,0,0,0,0,0,5,60,0,2284.85,1158.76,8.65
18.8919,130,45,2000,1864.7,6.26637,3.12603,0,1,1,4,0.1,5,60,4,1884.32,1890.74,5.17
18.9022,9,27,1492.77,1360.89,4.11,2.79365,0,0,0,0,0,5,60,0,1742.39,958.375,0
18.9037,11,12,1831.37,879.247,16.29,2.61825,0,0,0,0,0,5,60,0,1275.26,1298.19,0.72
18.9133,24,28,1734.95,1269.11,2.07493,2.79862,0,1,1,269,0.45,5,60,4,2293.25,1877.18,0
18.9148,26,27,1485.47,1363.01,8.26,2.42762,0,0,0,0,0,5,60,0,1968.76,2223.66,8.15
18.917,29,27,1682.17,1230.95,6.03919,1.10372,0,1,1,301,0.6,5,60,4,1567.84,1576.04,7.96
18.937,56,20,1808.41,1035.31,0,0,0,1,1,265,0.35,5,60,4,1656.22,1223.09,6.94
18.94,60,19,1497.15,1007.14,0,0,0,0,0,0,0,5,60,0,1605.49,1802.42,6.92
18.9437,65,20,1719.13,979.98,0,0,0,0,0,0,0,5,60,0,1431.33,994.63,0
18.9481,71,18,1454.13,989.044,0,0,0,1,1,265,0.35,5,60,4,1438.23,995.98,0
18.9533,78,18,1467.86,991.858,0,0,0,1,1,329,0.4,5,60,4,1305.54,1283.16,3.39
18.9541,79,19,1620.16,1119.45,6.67435,1.07826,0,1,1,365,0.65,5,60,4,1829.89,1748.2,6.77
18.9644,93,19,1490.23,1006.13,0,0,0,0,0,0,0,5,60,0,2074.68,1881.67,5.1
18.9659,95,26,1263.17,1301.53,2.19,2.86894,0,0,0,0,0,5,60,0,1418.07,805.78,0
18.9667,96,19,1609.28,1099.93,2.60531,1.02659,0,1,1,301,0.6,5,60,4,1199.82,1390.32,3.6
18.9704,101,10,1418.07,805.78,0,0,0,0,0,0,0,5,60,0,1730.82,941.03,0
18.9807,115,21,2000,1049,3.35881,1.47833,0,1,1,4,0.1,5,60,4,1462.3,1001.73,0
18.9896,127,46,2000,1874.1,0,0,0,1,0,0,0,5,60,4,1312.23,1277.72,5.32
18.9911,129,19,1459.93,998.13,0,0,0,0,0,0,0,5,60,0,2283.99,1158.89,8.65
18.9919,130,45,2000,1866.91,7.14709,3.12603,0,1,1,4,0.1,5,60,4,1883.81,1890.83,5.17
19.0022,9,27,1492.39,1361.03,4.35,2.79517,2.4,0,0,0,0,5,60,0,1742.39,958.375,0
19.0037,11,12,1829.98,880.05,16.37,2.61827,0.8,0,1,128,0.1,5,60,0,1275.18,1298.21,1.74
19.0133,24,28,1733.5,1271.41,3.86149,2.7975,17.1,1,1,269,0.45,5,60,4,2293.25,1877.18,0
19.0148,26,27,1484.8,1363.52,10.19,2.77489,19.3,0,1,6,0.2,5,60,0,1967.92,2223.72,10.25
19.017,29,27,1681.35,1233.87,8.27846,1.10192,15.9,1,1,301,0.6,5,60,4,1568.46,1575.87,8
19.037,56,20,1807.18,1037.52,0,0,0,1,1,265,0.35,5,60,4,1655.89,1222.42,8.44
19.04,60,19,1497.15,1007.14,0,0,0,0,0,0,0,5,60,0,1605.64,1803.2,9.46
19.0437,65,20,1719.13,979.98,0,0,0,0,0,0,0,5,60,0,1431.33,994.63,0
19.0481,71,18,1452.87,991.257,0,0,0,1,1,265,0.35,5,60,4,1438.23,995.98,0
19.0533,78,18,1466.58,994.073,0,0,0,1,1,329,0.4,5,60,4,1305.85,1283.08,3.1
19.0541,79,19,1619.31,1122.45,9.07662,1.07617,16.2,1,1,365,0.65,5,60,4,1829.74,1747.41,9.02
19.0644,93,19,1490.23,1006.13,0,0,0,0,0,0,0,5,60,0,2075.14,1881.66,4.4
19.0659,95,26,1262.91,1301.6,2.96,2.87209,7.7,0,1,4,0.1,5,60,0,1418.07,805.78,0
19.0667,96,19,1608.16,1102.49,4.03339,1.06025,11.5,1,1,301,0.6,5,60,4,1199.89,1389.9,4.61
19.0704,101,10,1418.07,805.78,0,0,0,0,0,0,0,5,60,0,1730.82,941.03,0
19.0807,115,21,2000,1051.71,4.86418,1.47872,11.1,1,1,4,0.1,5,60,4,1462.3,1001.73,0
19.0896,127,46,2000,1876.32,0,0,0,1,0,0,0,5,60,4,1312.71,1277.54,5.43
19.0911,129,19,1459.93,998.13,0,0,0,0,0,0,0,5,60,0,2282.92,1159.06,11.07
19.0919,130,45,2000,1869.15,9.37624,3.11894,13.3,1,1,4,0.1,5,60,4,1883.14,1890.96,7.01
19.1022,9,27,1491.98,1361.18,4.35,2.79517,0,0,0,0,0,5,60,0,1742.39,958.375,0
19.1037,11,12,1828.56,880.868,16.37,2.61827,0,0,1,128,0.1,5,60,0,1275.01,1298.26,1.74
19.1133,24,28,1731.65,1273.79,4.36283,2.7975,0,1,1,265,0.35,5,60,4,2293.25,1877.18,0
19.1148,26,27,1483.85,1363.89,10.19,2.77489,0,0,0,0,0,5,60,0,1966.89,2223.78,10.25
19.117,29,27,1680.33,1236.94,9.34941,1.10192,0,1,1,265,0.35,5,60,4,1569.26,1575.84,8
19.137,56,20,1805.68,1039.76,0,0,0,1,1,265,0.35,5,60,4,1655.51,1221.67,8.44
19.14,60,19,1497.15,1007.14,0,0,0,0,0,0,0,5,60,0,1605.82,1804.13,9.46
19.1437,65,20,1719.13,979.98,0,0,0,0,0,0,0,5,60,0,1431.33,994.63,0
19.1481,71,18,1451.34,993.497,0,0,0,1,1,265,0.35,5,60,4,1438.23,995.98,0
19.1533,78,18,1465.05,996.314,0,0,0,1,1,329,0.4,5,60,4,1306.15,1283,3.1
19.1541,79,19,1618.23,1125.56,10.2058,1.07617,0,1,1,489,0.65,5,60,4,1829.58,1746.52,9.02
19.1644,93,19,1490.23,1006.13,0,0,0,0,0,0,0,5,60,0,2075.58,1881.65,4.4
19.1659,95,26,1262.63,1301.68,2.96,2.87209,0,0,0,0,0,5,60,0,1418.07,805.78,0
19.1667,96,19,1606.8,1105.11,4.5279,1.06025,0,1,1,297,0.5,5,60,4,1199.98,1389.44,4.61
19.1704,101,10,1418.07,805.78,0,0,0,0,0,0,0,5,60,0,1730.82,941.03,0
19.1807,115,21,2000,1054.46,5.45044,1.47872,0,1,1,4,0.1,5,60,4,1462.3,1001.73,0
19.1896,127,46,2000,1878.57,0,0,0,1,0,0,0,5,60,4,1313.22,1277.35,5.43
19.1911,129,19,1459.93,998.13,0,0,0,0,0,0,0,5,60,0,2281.83,1159.24,11.07
19.1919,130,45,2000,1871.42,10.4905,3.11894,0,1,1,4,0.1,5,60,4,1882.45,1891.09,7.01
19.2022,9,27,1491.57,1361.33,4.35,2.79517,0,0,0,0,0,5,60,0,1742.39,958.375,0
19.2037,11,12,1827.14,881.687,16.37,2.61827,0,0,0,0,0,5,60,0,1274.85,1298.3,1.74
19.2133,24,28,1729.55,1276.19,4.86664,2.7975,0,1,1,269,0.45,5,60,4,2293.25,1877.18,0
19.2148,26,27,1482.89,1364.25,10.19,2.77489,0,0,0,0,0,5,60,0,1965.87,2223.85,10.25
19.217,29,27,1679.06,1240.03,10.4236,1.10192,0,1,1,301,0.6,5,60,4,1570.06,1575.8,8
19.237,56,20,1803.94,1042.01,0,0,0,1,1,265,0.35,5,60,4,1655.13,1220.91,8.44
19.24,60,19,1497.15,1007.14,0,0,0,0,0,0,0,5,60,0,1606.01,1805.05,9.46
19.2437,65,20,1719.13,979.98,0,0,0,0,0,0,0,5,60,0,1431.33,994.63,0
19.2481,71,18,1449.58,995.746,0,0,0,1,1,265,0.35,5,60,4,1438.23,995.98,0
19.2533,78,18,1463.27,998.563,0,0,0,1,1,329,0.4,5,60,4,1306.45,1282.91,3.1
19.2541,79,19,1616.92,1128.67,11.3164,1.07617,0,1,1,493,0.75,5,60,4,1829.42,1745.64,9.02
19.2644,93,19,1490.23,1006.13,0,0,0,0,0,0,0,5,60,0,2076.02,1881.63,4.4
19.2659,95,26,1262.34,1301.76,2.96,2.87209,0,0,0,0,0,5,60,0,1418.07,805.78,0
19.2667,96,19,1605.2,1107.74,5.0109,1.06025,0,1,1,301,0.6,5,60,4,1200.06,1388.99,4.61
19.2704,101,10,1418.07,805.78,0,0,0,0,0,0,0,5,60,0,1730.82,941.03,0
19.2807,115,21,2000,1057.22,6.01879,1.47872,0,1,1,4,0.1,5,60,4,1462.3,1001.73,0
19.2896,127,46,2000,1880.82,0,0,0,1,0,0,0,5,60,4,1313.73,1277.17,5.43
19.2911,129,19,1459.93,998.13,0,0,0,0,0,0,0,5,60,0,2280.74,1159.41,11.07
19.2919,130,45,2000,1873.69,11.5641,3.11894,0,1,1,4,0.1,5,60,4,1881.76,1891.21,7.01
19.3022,9,27,1491.16,1361.48,4.35,2.79517,0,0,0,0,0,5,60,0,1742.39,958.375,0
19.3037,11,12,1825.72,882.505,16.37,2.61827,0,0,0,0,0,5,60,0,1274.68,1298.35,1.74
19.3133,24,28,1727.23,1278.58,5.34642,2.7975,0,1,1,269,0.45,5,60,4,2293.25,1877.18,0
19.3148,26,27,1481.94,1364.62,10.19,2.77489,0,0,0,0,0,5,60,0,1964.85,2223.91,10.25
19.317,29,27,1677.57,1243.11,11.4443,1.10192,0,1,1,301,0.6,5,60,4,1570.85,1575.76,8
19.337,56,20,1801.98,1044.25,0,0,0,1,1,265,0.35,5,60,4,1654.75,1220.16,8.44
19.34,60,19,1497.15,1007.14,0,0,0,0,0,0,0,5,60,0,1606.19,1805.98,9.46
19.3437,65,20,1719.13,979.98,0,0,0,0,0,0,0,5,60,0,1431.33,994.63,0
19.3481,71,18,1447.59,997.987,0,0,0,1,1,265,0.35,5,60,4,1438.23,995.98,0
19.3533,78,18,1461.27,1000.8,0,0,0,1,1,329,0.4,5,60,4,1306.75,1282.83,3.1
19.3541,79,19,1615.39,1131.78,12.3496,1.07617,0,1,1,493,0.75,5,60,4,1829.26,1744.75,9.02
19.3644,93,19,1490.23,1006.13,0,0,0,0,0,0,0,5,60,0,2076.46,1881.62,4.4
19.3659,95,26,1262.06,1301.84,2.96,2.87209,0,0,0,0,0,5,60,0,1418.07,805.78,0
19.3667,96,19,1603.39,1110.35,5.45706,1.06025,0,1,1,301,0.6,5,60,4,1200.15,1388.54,4.61
19.3704,101,10,1418.07,805.78,0,0,0,0,0,0,0,5,60,0,1730.82,941.03,0
19.3807,115,21,2000,1059.96,6.53923,1.47872,0,1,1,4,0.1,5,60,4,1462.3,1001.73,0
19.3896,127,46,2000,1883.05,0,0,0,1,0,0,0,5,60,4,1314.24,1276.98,5.43
19.3911,129,19,1459.93,998.13,0,0,0,0,0,0,0,5,60,0,2279.64,1159.58,11.07
19.3919,130,45,2000,1875.94,12.5407,3.11894,0,1,1,4,0.1,5,60,4,1881.07,1891.34,7.01
19.4022,9,27,1490.75,1361.62,4.35,2.79517,0,0,0,0,0,5,60,0,1742.39,958.375,0
19.4037,11,12,1824.31,883.323,16.37,2.61827,0,0,0,0,0,5,60,0,1274.51,1298.39,1.74
19.4133,24,28,1724.69,1280.96,5.77687,2.7975,0,1,1,269,0.45,5,60,4,2293.25,1877.18,0
19.4148,26,27,1480.99,1364.98,10.19,2.77489,0,0,0,0,0,5,60,0,1963.83,2223.97,10.25
19.417,29,27,1675.87,1246.18,12.3579,1.10192,0,1,1,429,0.7,5,60,4,1571.65,1575.73,8
19.437,56,20,1799.82,1046.47,0,0,0,1,1,265,0.35,5,60,4,1654.38,1219.4,8.44
19.44,60,19,1497.15,1007.14,0,0,0,0,0,0,0,5,60,0,1606.38,1806.91,9.46
19.4437,65,20,1719.13,979.98,0,0,0,0,0,0,0,5,60,0,1431.33,994.63,0
19.4481,71,18,1445.41,1000.2,0,0,0,1,1,265,0.35,5,60,4,1438.23,995.98,0
19.4533,78,18,1459.08,1003.01,0,0,0,1,1,329,0.4,5,60,4,1307.05,1282.75,3.1
19.4541,79,19,1613.66,1134.86,13.2512,1.07617,0,1,1,493,0.75,5,60,4,1829.1,1743.86,9.02
19.4644,93,19,1490.23,1006.13,0,0,0,0,0,0,0,5,60,0,2076.9,1881.6,4.4
19.4659,95,26,1261.77,1301.92,2.96,2.87209,0,0,0,0,0,5,60,0,1418.07,805.78,0
19.4667,96,19,1601.38,1112.93,5.84277,1.06025,0,1,1,301,0.6,5,60,4,1200.23,1388.08,4.61
19.4704,101,10,1418.07,805.78,0,0,0,0,0,0,0,5,60,0,1730.82,941.03,0
19.4807,115,21,2000,1062.67,6.98442,1.47872,0,1,1,4,0.1,5,60,4,1462.3,1001.73,0
19.4896,127,46,2000,1885.25,0,0,0,1,0,0,0,5,60,4,1314.74,1276.79,5.43
19.4911,129,19,1459.93,998.13,0,0,0,0,0,0,0,5,60,0,2278.55,1159.75,11.07
19.4919,130,45,2000,1878.16,13.3687,3.11894,0,1,1,4,0.1,5,60,4,1880.38,1891.47,7.01
19.5022,9,27,1490.35,1361.77,4.35,2.79517,0,0,0,0,0,5,60,0,1742.39,958.375,0
19.5037,11,12,1822.89,884.141,16.37,2.61827,0,0,1,128,0.1,5,60,0,1274.34,1298.44,1.74
19.5133,24,28,1721.98,1283.29,6.13533,2.7975,0,1,1,269,0.45,5,60,4,2293.25,1877.18,0
19.5148,26,27,1480.04,1365.35,10.19,2.77489,0,0,0,0,0,5,60,0,1962.8,2224.04,10.25
19.517,29,27,1673.99,1249.2,13.1163,1.10192,0,1,1,429,0.7,5,60,4,1572.45,1575.69,8
19.537,56,20,1797.48,1048.64,0,0,0,1,1,265,0.35,5,60,4,1654,1218.65,8.44
19.54,60,19,1497.15,1007.14,0,0,0,0,0,0,0,5,60,0,1606.56,1807.84,9.46
19.5437,65,20,1719.13,979.98,0,0,0,0,0,0,0,5,60,0,1431.33,994.63,0
19.5481,71,18,1443.05,1002.37,0,0,0,1,1,265,0.35,5,60,4,1438.23,995.98,0
19.5533,78,18,1456.72,1005.18,0,0,0,1,1,329,0.4,5,60,4,1307.35,1282.67,3.1
19.5541,79,19,1611.77,1137.89,13.9736,1.07617,0,1,1,493,0.75,5,60,4,1828.94,1742.97,9.02
19.5644,93,19,1490.23,1006.13,0,0,0,0,0,0,0,5,60,0,2077.34,1881.59,4.4
19.5659,95,26,1261.49,1302,2.96,2.87209,0,0,0,0,0,5,60,0,1418.07,805.78,0
19.5667,96,19,1599.21,1115.47,6.14773,1.06025,0,1,1,301,0.6,5,60,4,1200.31,1387.63,4.61
19.5704,101,10,1418.07,805.78,0,0,0,0,0,0,0,5,60,0,1730.82,941.03,0
19.5807,115,21,2000,1065.33,7.3309,1.47872,0,1,0,0,0,5,60,4,1462.3,1001.73,0
19.5896,127,46,2000,1887.39,0,0,0,1,0,0,0,5,60,4,1315.25,1276.6,5.43
19.5911,129,19,1459.93,998.13,0,0,0,0,0,0,0,5,60,0,2277.45,1159.92,11.07
19.5919,130,45,2000,1880.33,14.0045,3.11894,0,1,1,4,0.1,5,60,4,1879.69,1891.6,7.01
19.6022,9,27,1489.94,1361.92,4.35,2.79517,0,0,0,0,0,5,60,0,1742.39,958.375,0
19.6037,11,12,1821.47,884.959,16.37,2.61827,0,0,1,128,0.1,5,60,0,1274.18,1298.48,1.74
19.6133,24,28,1719.12,1285.57,6.40293,2.7975,0,1,1,269,0.45,5,60,4,2293.25,1877.18,0
19.6148,26,27,1479.09,1365.72,10.19,2.77489,0,0,0,0,0,5,60,0,1961.78,2224.1,10.25
19.617,29,27,1671.96,1252.17,13.6795,1.10192,0,1,1,429,0.7,5,60,4,1573.25,1575.65,8
19.637,56,20,1795,1050.75,0,0,0,1,1,265,0.35,5,60,4,1653.62,1217.89,8.44
19.64,60,19,1497.15,1007.14,0,0,0,0,0,0,0,5,60,0,1606.74,1808.76,9.46
19.6437,65,20,1719.13,979.98,0,0,0,0,0,0,0,5,60,0,1431.33,994.63,0
19.6481,71,18,1440.56,1004.47,0,0,0,1,1,265,0.35,5,60,4,1438.23,995.98,0
19.6533,78,18,1454.22,1007.28,0,0,0,1,1,329,0.4,5,60,4,1307.65,1282.58,3.1
19.6541,79,19,1609.74,1140.86,14.4789,1.07617,0,1,1,493,0.75,5,60,4,1828.78,1742.09,9.02
19.6644,93,19,1490.23,1006.13,0,0,0,0,0,0,0,5,60,0,2077.78,1881.57,4.4
19.6659,95,26,1261.2,1302.07,2.96,2.87209,0,0,0,0,0,5,60,0,1418.07,805.78,0
19.6667,96,19,1596.9,1117.93,6.35593,1.06025,0,1,1,301,0.6,5,60,4,1200.4,1387.18,4.61
19.6704,101,10,1418.07,805.78,0,0,0,0,0,0,0,5,60,0,1730.82,941.03,0
19.6807,115,21,2000,1067.92,7.56039,1.47872,0,1,0,0,0,5,60,4,1462.3,1001.73,0
19.6896,127,46,2000,1889.46,0,0,0,1,0,0,0,5,60,4,1315.76,1276.41,5.43
19.6911,129,19,1459.93,998.13,0,0,0,0,0,0,0,5,60,0,2276.36,1160.1,11.07
19.6919,130,45,2000,1882.42,14.4146,3.11894,0,1,1,4,0.1,5,60,4,1879,1891.73,7.01
19.7022,9,27,1489.53,1362.07,4.35,2.79517,0,0,0,0,0,5,60,0,1742.39,958.375,0
19.7037,11,12,1820.05,885.777,16.37,2.61827,0,0,1,128,0.1,5,60,0,1274.01,1298.53,1.74
19.7133,24,28,1716.13,1287.77,6.56555,2.7975,0,1,1,269,0.45,5,60,4,2293.25,1877.18,0
19.7148,26,27,1478.14,1366.08,10.19,2.77489,0,0,0,0,0,5,60,0,1960.76,2224.17,10.25
19.717,29,27,1669.81,1255.06,14.0178,1.10192,0,1,1,429,0.7,5,60,4,1574.05,1575.61,8
19.737,56,20,1792.41,1052.79,0,0,0,1,1,265,0.35,5,60,4,1653.24,1217.14,8.44
19.74,60,19,1497.15,1007.14,0,0,0,0,0,0,0,5,60,0,1606.93,1809.69,9.46
19.7437,65,20,1719.13,979.98,0,0,0,0,0,0,0,5,60,0,1431.33,994.63,0
19.7481,71,18,1437.95,1006.5,0,0,0,1,1,265,0.35,5,60,4,1438.23,995.98,0
19.7533,78,18,1451.6,1009.3,0,0,0,1,1,329,0.4,5,60,4,1307.94,1282.5,3.1
19.7541,79,19,1607.59,1143.74,14.7405,1.07617,0,1,1,493,0.75,5,60,4,1828.62,1741.2,9.02
19.7644,93,19,1490.23,1006.13,0,0,0,0,0,0,0,5,60,0,2078.22,1881.56,4.4
19.7659,95,26,1260.92,1302.15,2.96,2.87209,0,0,0,0,0,5,60,0,1418.07,805.78,0
19.7667,96,19,1594.49,1120.32,6.45637,1.06025,0,1,1,301,0.6,5,60,4,1200.48,1386.72,4.61
19.7704,101,10,1418.07,805.78,0,0,0,0,0,0,0,5,60,0,1730.82,941.03,0
19.7807,115,21,2000,1070.42,7.66083,1.47872,0,1,0,0,0,5,60,4,1462.3,1001.73,0
19.7896,127,46,2000,1891.45,0,0,0,1,0,0,0,5,60,4,1316.27,1276.23,5.43
19.7911,129,19,1459.93,998.13,0,0,0,0,0,0,0,5,60,0,2275.27,1160.27,11.07
19.7919,130,45,2000,1884.43,14.5776,3.11894,0,1,0,0,0,5,60,4,1878.31,1891.86,7.01
19.8022,9,27,1489.12,1362.21,4.35,2.79517,0,0,0,0,0,5,60,0,1742.39,958.375,0
19.8037,11,12,1818.63,886.595,16.37,2.61827,0,0,1,128,0.1,5,60,0,1273.84,1298.58,1.74
19.8133,24,28,1713.05,1289.89,6.61465,2.7975,0,1,1,269,0.45,5,60,4,2293.25,1877.18,0
19.8148,26,27,1477.19,1366.45,10.19,2.77489,0,0,0,0,0,5,60,0,1959.73,2224.23,10.25
19.817,29,27,1667.57,1257.86,14.1134,1.10192,0,1,1,429,0.7,5,60,4,1574.85,1575.58,8
19.837,56,20,1789.73,1054.73,0,0,0,1,1,265,0.35,5,60,4,1652.87,1216.38,8.44
19.84,60,19,1497.15,1007.14,0,0,0,0,0,0,0,5,60,0,1607.11,1810.62,9.46
19.8437,65,20,1719.13,979.98,0,0,0,0,0,0,0,5,60,0,1431.33,994.63,0
19.8481,71,18,1435.27,1008.43,0,0,0,1,1,265,0.35,5,60,4,1438.23,995.98,0
19.8533,78,18,1448.91,1011.23,0,0,0,1,1,329,0.4,5,60,4,1308.24,1282.42,3.1
19.8541,79,19,1605.37,1146.53,14.7444,1.07617,0,1,1,493,0.75,5,60,4,1828.46,1740.31,9.02
19.8644,93,19,1490.23,1006.13,0,0,0,0,0,0,0,5,60,0,2078.66,1881.54,4.4
19.8659,95,26,1260.63,1302.23,2.96,2.87209,0,0,0,0,0,5,60,0,1418.07,805.78,0
19.8667,96,19,1592,1122.61,6.44377,1.06025,0,1,1,301,0.6,5,60,4,1200.57,1386.27,4.61
19.8704,101,10,1418.07,805.78,0,0,0,0,0,0,0,5,60,0,1730.82,941.03,0
19.8807,115,21,2000,1072.83,7.62692,1.47872,0,1,0,0,0,5,60,4,1462.3,1001.73,0
19.8896,127,46,2000,1893.34,0,0,0,1,0,0,0,5,60,4,1316.78,1276.04,5.43
19.8911,129,19,1459.93,998.13,0,0,0,0,0,0,0,5,60,0,2274.17,1160.44,11.07
19.8919,130,45,2000,1886.33,14.4847,3.11894,0,1,0,0,0,5,60,4,1877.62,1891.99,7.01
19.9022,9,27,1488.71,1362.36,4.35,2.79517,0,0,0,0,0,5,60,0,1742.39,958.375,0
19.9037,11,12,1817.22,887.413,16.37,2.61827,0,0,1,128,0.1,5,60,0,1273.67,1298.62,1.74
19.9133,24,28,1709.92,1291.89,6.54763,2.7975,0,1,1,269,0.45,5,60,4,2293.25,1877.18,0
19.9148,26,27,1476.24,1366.81,10.19,2.77489,0,0,0,0,0,5,60,0,1958.71,2224.29,10.25
19.917,29,27,1665.27,1260.55,13.9613,1.10192,0,1,1,429,0.7,5,60,4,1575.65,1575.54,8
19.937,56,20,1787,1056.56,0,0,0,1,1,265,0.35,5,60,4,1652.49,1215.63,8.44
19.94,60,19,1497.15,1007.14,0,0,0,0,0,0,0,5,60,0,1607.3,1811.55,9.46
19.9437,65,20,1719.13,979.98,0,0,0,0,0,0,0,5,60,0,1431.33,994.63,0
19.9481,71,18,1432.53,1010.25,0,0,0,1,1,265,0.35,5,60,4,1438.23,995.98,0
19.9533,78,18,1446.18,1013.04,0,0,0,1,1,329,0.4,5,60,4,1308.54,1282.34,3.1
19.9541,79,19,1603.1,1149.21,14.4906,1.07617,0,1,1,493,0.75,5,60,4,1828.3,1739.42,9.02
19.9644,93,19,1490.23,1006.13,0,0,0,0,0,0,0,5,60,0,2079.1,1881.53,4.4
19.9659,95,26,1260.34,1302.31,2.96,2.87209,0,0,0,0,0,5,60,0,1418.07,805.78,0
19.9667,96,19,1589.47,1124.78,6.31878,1.06025,0,1,1,301,0.6,5,60,4,1200.65,1385.82,4.61
19.9704,101,10,1418.07,805.78,0,0,0,0,0,0,0,5,60,0,1730.82,941.03,0
19.9807,115,21,2000,1075.11,7.46045,1.47872,0,1,0,0,0,5,60,4,1462.3,1001.73,0
19.9896,127,46,2000,1895.1,0,0,0,1,0,0,0,5,60,4,1317.29,1275.85,0
19.9911,129,19,1459.93,998.13,0,0,0,0,0,0,0,5,60,0,2273.08,1160.61,11.07
19.9919,130,45,2000,1888.12,14.1408,3.11894,0,1,0,0,0,5,60,4,1876.93,1892.12,7.01
20.0022,9,27,1488.3,1362.51,5.5,2.7951,11.5,0,1,4,0.1,5,60,0,1742.39,958.375,0
20.0037,11,12,1815.82,888.221,16.56,2.61787,1.9,0,1,128,0.1,5,60,0,1273.5,1298.67,2.89
20.0133,24,28,1706.77,1293.77,6.45469,2.87257,0.6,1,1,271,0.55,5,60,4,2293.25,1877.18,0
20.0148,26,27,1475.26,1367.18,12.09,2.7951,19,0,1,4,0.1,5,60,0,1957.69,2224.36,10.01
20.017,29,27,1662.96,1263.14,15.646,1.1022,14.4,1,1,429,0.7,5,60,4,1576.48,1575.5,10.13
20.037,56,20,1784.25,1058.27,0,0,0,1,1,265,0.35,5,60,4,1652.07,1214.8,10.72
20.04,60,19,1497.15,1007.14,0,0,0,0,0,0,0,5,60,0,1607.5,1812.57,11.77
20.0437,65,20,1719.13,979.98,0,0,0,0,0,0,0,5,60,0,1431.33,994.63,0
20.0481,71,18,1429.78,1011.94,0,0,0,1,1,265,0.35,5,60,4,1438.23,995.98,0
20.0533,78,18,1443.43,1014.72,0,0,0,1,1,329,0.4,5,60,4,1308.88,1282.23,3.89
20.0541,79,19,1600.86,1151.84,17.1317,1.07776,22.1,1,1,493,0.75,5,60,4,1828.12,1738.45,10.69
20.0644,93,19,1490.23,1006.13,0,0,0,0,0,0,0,5,60,0,2079.6,1881.5,5.38
20.0659,95,26,1259.99,1302.41,4.01,2.87118,10.5,0,1,4,0.1,5,60,0,1418.07,805.78,0
20.0667,96,19,1586.95,1126.86,7.04852,1.07658,6.8,1,1,301,0.6,5,60,4,1200.65,1385.31,5.35
20.0704,101,10,1418.07,805.78,0,0,0,0,0,0,0,5,60,0,1730.82,941.03,0
20.0807,115,21,2000,1077.32,8.12438,1.47046,6.8,1,1,4,0.1,5,60,4,1462.3,1001.73,0
20.0896,127,46,2000,1896.74,0,0,0,1,0,0,0,5,60,4,1317.95,1275.56,7.97
20.0911,129,19,1459.93,998.13,0,0,0,0,0,0,0,5,60,0,2271.76,1160.82,13.54
20.0919,130,45,2000,1889.78,16.8156,3.12,23.3,1,1,4,0.1,5,60,4,1876.15,1892.26,8.09
20.1022,9,27,1487.78,1362.7,5.5,2.7951,0,0,0,0,0,5,60,0,1742.39,958.375,0
20.1037,11,12,1814.38,889.049,16.56,2.61787,0,0,0,0,0,5,60,0,1273.22,1298.75,2.89
20.1133,24,28,1703.6,1295.49,6.16813,2.87257,0,1,1,269,0.45,5,60,4,2293.25,1877.18,0
20.1148,26,27,1474.12,1367.59,12.09,2.7951,0,0,0,0,0,5,60,0,1956.69,2224.42,10.01
20.117,29,27,1660.71,1265.7,14.9417,1.1022,0,1,1,397,0.55,5,60,4,1577.5,1575.47,10.13
20.137,56,20,1781.51,1059.83,0,0,0,1,1,265,0.35,5,60,4,1651.6,1213.84,10.72
20.14,60,19,1497.15,1007.14,0,0,0,0,0,0,0,5,60,0,1607.73,1813.72,11.77
20.1437,65,20,1719.13,979.98,0,0,0,0,0,0,0,5,60,0,1431.33,994.63,0
20.1481,71,18,1427.05,1013.49,0,0,0,1,1,265,0.35,5,60,4,1438.23,995.98,0
20.1533,78,18,1440.7,1016.27,0,0,0,1,1,329,0.4,5,60,4,1309.25,1282.11,3.89
20.1541,79,19,1598.7,1154.44,16.2546,1.07776,0,1,1,461,0.6,5,60,4,1827.93,1737.39,10.69
20.1644,93,19,1490.23,1006.13,0,0,0,0,0,0,0,5,60,0,2080.14,1881.48,5.38
20.1659,95,26,1259.61,1302.52,4.01,2.87118,0,0,0,0,0,5,60,0,1418.07,805.78,0
20.1667,96,19,1584.47,1128.82,6.67291,1.07658,0,1,1,301,0.6,5,60,4,1200.6,1384.78,5.35
20.1704,101,10,1418.07,805.78,0,0,0,0,0,0,0,5,60,0,1730.82,941.03,0
20.1807,115,21,2000,1079.4,7.67256,1.47046,0,1,1,4,0.1,5,60,4,1462.3,1001.73,0
20.1896,127,46,2000,1898.23,0,0,0,1,0,0,0,5,60,4,1318.68,1275.25,7.97
20.1911,129,19,1459.93,998.13,0,0,0,0,0,0,0,5,60,0,2270.43,1161.03,13.54
20.1919,130,45,2000,1891.29,15.8497,3.12,0,1,1,4,0.1,5,60,4,1875.35,1892.41,8.09
20.2022,9,27,1487.26,1362.88,5.5,2.7951,0,0,0,0,0,5,60,0,1742.39,958.375,0
20.2037,11,12,1812.95,889.877,16.56,2.61787,0,0,0,0,0,5,60,0,1272.94,1298.82,2.89
20.2133,24,28,1700.47,1297.06,5.79213,2.87257,0,1,1,269,0.45,5,60,4,2293.25,1877.18,0
20.2148,26,27,1472.98,1368,12.09,2.7951,0,0,0,0,0,5,60,0,1955.69,2224.48,10.01
20.217,29,27,1658.5,1268.12,14.0218,1.1022,0,1,1,429,0.7,5,60,4,1578.51,1575.43,10.13
20.237,56,20,1778.82,1061.25,0,0,0,1,1,265,0.35,5,60,4,1651.12,1212.87,10.72
20.24,60,19,1497.15,1007.14,0,0,0,0,0,0,0,5,60,0,1607.96,1814.88,11.77
20.2437,65,20,1719.13,979.98,0,0,0,0,0,0,0,5,60,0,1431.33,994.63,0
20.2481,71,18,1424.37,1014.89,0,0,0,1,1,265,0.35,5,60,4,1438.23,995.98,0
20.2533,78,18,1438.03,1017.66,0,0,0,1,1,329,0.4,5,60,4,1309.62,1281.99,3.89
20.2541,79,19,1596.6,1156.89,15.1565,1.07776,0,1,1,493,0.75,5,60,4,1827.75,1736.34,10.69
20.2644,93,19,1490.23,1006.13,0,0,0,0,0,0,0,5,60,0,2080.67,1881.45,5.38
20.2659,95,26,1259.22,1302.62,4.01,2.87118,0,0,0,0,0,5,60,0,1418.07,805.78,0
20.2667,96,19,1582.04,1130.63,6.20868,1.07658,0,1,1,301,0.6,5,60,4,1200.55,1384.24,5.35
20.2704,101,10,1418.07,805.78,0,0,0,0,0,0,0,5,60,0,1730.82,941.03,0
20.2807,115,21,2000,1081.32,7.12153,1.47046,0,1,1,4,0.1,5,60,4,1462.3,1001.73,0
20.2896,127,46,2000,1899.56,0,0,0,1,0,0,0,5,60,4,1319.41,1274.93,7.97
20.2911,129,19,1459.93,998.13,0,0,0,0,0,0,0,5,60,0,2269.09,1161.24,13.54
20.2919,130,45,2000,1892.64,14.6836,3.12,0,1,1,4,0.1,5,60,4,1874.56,1892.56,8.09
20.3022,9,27,1486.74,1363.07,5.5,2.7951,0,0,0,0,0,5,60,0,1742.39,958.375,0
20.3037,11,12,1811.51,890.705,16.56,2.61787,0,0,0,0,0,5,60,0,1272.66,1298.9,2.89
20.3133,24,28,1697.41,1298.47,5.34647,2.87257,0,1,1,269,0.45,5,60,4,2293.25,1877.18,0
20.3148,26,27,1471.85,1368.42,12.09,2.7951,0,0,0,0,0,5,60,0,1954.69,2224.54,10.01
20.317,29,27,1656.37,1270.38,12.9349,1.1022,0,1,1,301,0.6,5,60,4,1579.52,1575.39,10.13
20.337,56,20,1776.22,1062.5,0,0,0,1,1,265,0.35,5,60,4,1650.64,1211.92,10.72
20.34,60,19,1497.15,1007.14,0,0,0,0,0,0,0,5,60,0,1608.19,1816.03,11.77
20.3437,65,20,1719.13,979.98,0,0,0,0,0,0,0,5,60,0,1431.33,994.63,0
20.3481,71,18,1421.78,1016.12,0,0,0,1,1,265,0.35,5,60,4,1438.23,995.98,0
20.3533,78,18,1435.44,1018.88,0,0,0,1,1,329,0.4,5,60,4,1309.98,1281.86,3.89
20.3541,79,19,1594.58,1159.18,13.8953,1.07776,0,1,1,493,0.75,5,60,4,1827.56,1735.29,10.69
20.3644,93,19,1490.23,1006.13,0,0,0,0,0,0,0,5,60,0,2081.21,1881.42,5.38
20.3659,95,26,1258.83,1302.73,4.01,2.87118,0,0,0,0,0,5,60,0,1418.07,805.78,0
20.3667,96,19,1579.7,1132.27,5.68028,1.07658,0,1,1,301,0.6,5,60,4,1200.5,1383.71,5.35
20.3704,101,10,1418.07,805.78,0,0,0,0,0,0,0,5,60,0,1730.82,941.03,0
20.3807,115,21,2000,1083.08,6.50045,1.47046,0,1,1,4,0.1,5,60,4,1462.3,1001.73,0
20.3896,127,46,2000,1900.72,0,0,0,1,0,0,0,5,60,4,1320.14,1274.61,7.97
20.3911,129,19,1459.93,998.13,0,0,0,0,0,0,0,5,60,0,2267.75,1161.45,13.54
20.3919,130,45,2000,1893.83,13.3788,3.12,0,1,1,4,0.1,5,60,4,1873.76,1892.7,8.09
20.4022,9,27,1486.23,1363.26,5.5,2.7951,0,0,0,0,0,5,60,0,1742.39,958.375,0
20.4037,11,12,1810.08,891.533,16.56,2.61787,0,0,1,128,0.1,5,60,0,1272.39,1298.98,2.89
20.4133,24,28,1694.46,1299.72,4.85468,2.87257,0,1,1,265,0.35,5,60,4,2293.25,1877.18,0
20.4148,26,27,1470.71,1368.83,12.09,2.7951,0,0,0,0,0,5,60,0,1953.69,2224.59,10.01
20.417,29,27,1654.34,1272.46,11.7382,1.1022,0,1,1,301,0.6,5,60,4,1580.53,1575.36,10.13
20.437,56,20,1773.73,1063.58,0,0,0,1,1,265,0.35,5,60,4,1650.17,1210.96,10.72
20.44,60,19,1497.15,1007.14,0,0,0,0,0,0,0,5,60,0,1608.42,1817.18,11.77
20.4437,65,20,1719.13,979.98,0,0,0,0,0,0,0,5,60,0,1431.33,994.63,0
20.4481,71,18,1419.3,1017.18,0,0,0,1,1,265,0.35,5,60,4,1438.23,995.98,0
20.4533,78,18,1432.97,1019.93,0,0,0,1,1,329,0.4,5,60,4,1310.35,1281.74,3.89
20.4541,79,19,1592.68,1161.29,12.5375,1.07776,0,1,1,365,0.65,5,60,4,1827.38,1734.24,10.69
20.4644,93,19,1490.23,1006.13,0,0,0,0,0,0,0,5,60,0,2081.75,1881.4,5.38
20.4659,95,26,1258.45,1302.84,4.01,2.87118,0,0,0,0,0,5,60,0,1418.07,805.78,0
20.4667,96,19,1577.48,1133.74,5.1155,1.07658,0,1,1,297,0.5,5,60,4,1200.44,1383.18,5.35
20.4704,101,10,1418.07,805.78,0,0,0,0,0,0,0,5,60,0,1730.82,941.03,0
20.4807,115,21,2000,1084.66,5.84193,1.47046,0,1,1,4,0.1,5,60,4,1462.3,1001.73,0
20.4896,127,46,2000,1901.71,0,0,0,1,0,0,0,5,60,4,1320.87,1274.29,7.97
20.4911,129,19,1459.93,998.13,0,0,0,0,0,0,0,5,60,0,2266.41,1161.65,13.54
20.4919,130,45,2000,1894.84,12.004,3.12,0,1,1,4,0.1,5,60,4,1872.97,1892.85,8.09
20.5022,9,27,1485.71,1363.45,5.5,2.7951,0,0,0,0,0,5,60,0,1742.39,958.375,0
20.5037,11,12,1808.65,892.362,16.56,2.61787,0,0,1,128,0.1,5,60,0,1272.11,1299.06,2.89
20.5133,24,28,1691.64,1300.78,4.34262,2.87257,0,1,1,265,0.35,5,60,4,2293.25,1877.18,0
20.5148,26,27,1469.57,1369.24,12.09,2.7951,0,0,0,0,0,5,60,0,1952.69,2224.65,10.01
20.517,29,27,1652.45,1274.36,10.4947,1.1022,0,1,1,297,0.5,5,60,4,1581.55,1575.32,10.13
20.537,56,20,1771.38,1064.48,0,0,0,1,1,265,0.35,5,60,4,1649.69,1210,10.72
20.54,60,19,1497.15,1007.14,0,0,0,0,0,0,0,5,60,0,1608.65,1818.34,11.77
20.5437,65,20,1719.13,979.98,0,0,0,0,0,0,0,5,60,0,1431.33,994.63,0
20.5481,71,18,1416.97,1018.06,0,0,0,1,1,265,0.35,5,60,4,1438.23,995.98,0
20.5533,78,18,1430.64,1020.8,0,0,0,1,1,329,0.4,5,60,4,1310.72,1281.62,3.89
20.5541,79,19,1590.93,1163.22,11.1545,1.07776,0,1,1,365,0.65,5,60,4,1827.19,1733.18,10.69
20.5644,93,19,1490.23,1006.13,0,0,0,0,0,0,0,5,60,0,2082.29,1881.37,5.38
20.5659,95,26,1258.06,1302.94,4.01,2.87118,0,0,0,0,0,5,60,0,1418.07,805.78,0
20.5667,96,19,1575.42,1135.02,4.54411,1.07658,0,1,1,301,0.6,5,60,4,1200.39,1382.65,5.35
20.5704,101,10,1418.07,805.78,0,0,0,0,0,0,0,5,60,0,1730.82,941.03,0
20.5807,115,21,2000,1086.05,5.18068,1.47046,0,1,1,4,0.1,5,60,4,1462.3,1001.73,0
20.5896,127,46,2000,1902.51,0,0,0,1,0,0,0,5,60,4,1321.6,1273.97,7.97
20.5911,129,19,1459.93,998.13,0,0,0,0,0,0,0,5,60,0,2265.08,1161.86,13.54
20.5919,130,45,2000,1895.66,10.6319,3.12,0,1,1,4,0.1,5,60,4,1872.17,1893,8.09
20.6022,9,27,1485.19,1363.63,5.5,2.7951,0,0,0,0,0,5,60,0,1742.39,958.375,0
20.6037,11,12,1807.21,893.19,16.56,2.61787,0,0,1,128,0.1,5,60,0,1271.83,1299.13,2.89
20.6133,24,28,1688.99,1301.65,3.83727,2.87257,0,1,1,269,0.45,5,60,4,2293.25,1877.18,0
20.6148,26,27,1468.43,1369.65,12.09,2.7951,0,0,0,0,0,5,60,0,1951.7,2224.71,10.01
20.617,29,27,1650.72,1276.08,9.26993,1.1022,0,1,1,301,0.6,5,60,4,1582.56,1575.28,10.13
20.637,56,20,1769.2,1065.19,0,0,0,1,1,265,0.35,5,60,4,1649.21,1209.04,10.72
20.64,60,19,1497.15,1007.14,0,0,0,0,0,0,0,5,60,0,1608.88,1819.49,11.77
20.6437,65,20,1719.13,979.98,0,0,0,0,0,0,0,5,60,0,1431.33,994.63,0
20.6481,71,18,1414.81,1018.75,0,0,0,1,1,265,0.35,5,60,4,1438.23,995.98,0
20.6533,78,18,1428.49,1021.48,0,0,0,1,1,329,0.4,5,60,4,1311.09,1281.49,3.89
20.6541,79,19,1589.35,1164.96,9.81923,1.07776,0,1,1,365,0.65,5,60,4,1827,1732.13,10.69
20.6644,93,19,1490.23,1006.13,0,0,0,0,0,0,0,5,60,0,2082.82,1881.34,5.38
20.6659,95,26,1257.67,1303.05,4.01,2.87118,0,0,0,0,0,5,60,0,1418.07,805.78,0
20.6667,96,19,1573.53,1136.11,3.99621,1.07658,0,1,1,301,0.6,5,60,4,1200.34,1382.11,5.35
20.6704,101,10,1418.07,805.78,0,0,0,0,0,0,0,5,60,0,1730.82,941.03,0
20.6807,115,21,2000,1087.25,4.55156,1.47046,0,1,1,4,0.1,5,60,4,1462.3,1001.73,0
20.6896,127,46,2000,1903.12,0,0,0,1,0,0,0,5,60,4,1322.33,1273.65,7.97
20.6911,129,19,1459.93,998.13,0,0,0,0,0,0,0,5,60,0,2263.74,1162.07,13.54
20.6919,130,45,2000,1896.29,9.33419,3.12,0,1,1,4,0.1,5,60,4,1871.37,1893.15,8.09
20.7022,9,27,1484.68,1363.82,5.5,2.7951,0,0,0,0,0,5,60,0,1742.39,958.375,0
20.7037,11,12,1805.78,894.018,16.56,2.61787,0,0,1,128,0.1,5,60,0,1271.55,1299.21,2.89
20.7133,24,28,1686.52,1302.33,3.36525,2.87257,0,1,1,269,0.45,5,60,4,2293.25,1877.18,0
20.7148,26,27,1467.3,1370.06,12.09,2.7951,0,0,0,0,0,5,60,0,1950.7,2224.77,10.01
20.717,29,27,1649.19,1277.6,8.12838,1.1022,0,1,1,301,0.6,5,60,4,1583.57,1575.24,10.13
20.737,56,20,1767.22,1065.71,0,0,0,1,1,265,0.35,5,60,4,1648.74,1208.08,10.72
20.74,60,19,1497.15,1007.14,0,0,0,0,0,0,0,5,60,0,1609.11,1820.65,11.77
20.7437,65,20,1719.13,979.98,0,0,0,0,0,0,0,5,60,0,1431.33,994.63,0
20.7481,71,18,1412.85,1019.24,0,0,0,1,1,265,0.35,5,60,4,1438.23,995.98,0
20.7533,78,18,1426.54,1021.96,0,0,0,1,1,329,0.4,5,60,4,1311.46,1281.37,3.89
20.7541,79,19,1587.97,1166.51,8.60198,1.07776,0,1,1,365,0.65,5,60,4,1826.82,1731.08,10.69
20.7644,93,19,1490.23,1006.13,0,0,0,0,0,0,0,5,60,0,2083.36,1881.32,5.38
20.7659,95,26,1257.29,1303.16,4.01,2.87118,0,0,0,0,0,5,60,0,1418.07,805.78,0
20.7667,96,19,1571.84,1137.01,3.50064,1.07658,0,1,1,301,0.6,5,60,4,1200.29,1381.58,5.35
20.7704,101,10,1418.07,805.78,0,0,0,0,0,0,0,5,60,0,1730.82,941.03,0
20.7807,115,21,2000,1088.26,3.98758,1.47046,0,1,1,4,0.1,5,60,4,1462.3,1001.73,0
20.7896,127,46,2000,1903.53,0,0,0,1,0,0,0,5,60,4,1323.06,1273.33,7.97
20.7911,129,19,1459.93,998.13,0,0,0,0,0,0,0,5,60,0,2262.4,1162.28,13.54
20.7919,130,45,2000,1896.72,8.17957,3.12,0,1,1,4,0.1,5,60,4,1870.58,1893.29,8.09
20.8022,9,27,1484.16,1364.01,5.5,2.7951,0,0,0,0,0,5,60,0,1742.39,958.375,0
20.8037,11,12,1804.34,894.846,16.56,2.61787,0,0,1,128,0.1,5,60,0,1271.27,1299.29,2.89
20.8133,24,28,1684.28,1302.81,2.95141,2.87257,0,1,1,269,0.45,5,60,4,2293.25,1877.18,0
20.8148,26,27,1466.16,1370.47,12.09,2.7951,0,0,0,0,0,5,60,0,1949.7,2224.83,10.01
20.817,29,27,1647.87,1278.93,7.13017,1.1022,0,1,1,301,0.6,5,60,4,1584.58,1575.21,10.13
20.837,56,20,1765.45,1066.02,0,0,0,1,1,265,0.35,5,60,4,1648.26,1207.12,10.72
20.84,60,19,1497.15,1007.14,0,0,0,0,0,0,0,5,60,0,1609.34,1821.8,11.77
20.8437,65,20,1719.13,979.98,0,0,0,0,0,0,0,5,60,0,1431.33,994.63,0
20.8481,71,18,1411.11,1019.54,0,0,0,1,1,265,0.35,5,60,4,1438.23,995.98,0
20.8533,78,18,1424.82,1022.25,0,0,0,1,1,329,0.4,5,60,4,1311.83,1281.25,3.89
20.8541,79,19,1586.82,1167.85,7.56685,1.07776,0,1,1,365,0.65,5,60,4,1826.63,1730.02,10.69
20.8644,93,19,1490.23,1006.13,0,0,0,0,0,0,0,5,60,0,2083.9,1881.29,5.38
20.8659,95,26,1256.9,1303.27,4.01,2.87118,0,0,0,0,0,5,60,0,1418.07,805.78,0
20.8667,96,19,1570.39,1137.71,3.08352,1.07658,0,1,1,301,0.6,5,60,4,1200.24,1381.05,5.35
20.8704,101,10,1418.07,805.78,0,0,0,0,0,0,0,5,60,0,1730.82,941.03,0
20.8807,115,21,2000,1089.06,3.51857,1.47046,0,1,1,4,0.1,5,60,4,1462.3,1001.73,0
20.8896,127,46,2000,1903.74,0,0,0,1,0,0,0,5,60,4,1323.79,1273.01,7.97
20.8911,129,19,1459.93,998.13,0,0,0,0,0,0,0,5,60,0,2261.06,1162.49,13.54
20.8919,130,45,2000,1896.95,7.2288,3.12,0,1,1,4,0.1,5,60,4,1869.78,1893.44,8.09
20.9022,9,27,1483.64,1364.19,5.5,2.7951,0,0,0,0,0,5,60,0,1742.39,958.375,0
20.9037,11,12,1802.91,895.674,16.56,2.61787,0,0,1,128,0.1,5,60,0,1270.99,1299.36,2.89
20.9133,24,28,1682.27,1303.1,2.61755,2.87257,0,1,1,269,0.45,5,60,4,2293.25,1877.18,0
20.9148,26,27,1465.02,1370.88,12.09,2.7951,0,0,0,0,0,5,60,0,1948.7,2224.89,10.01
20.917,29,27,1646.79,1280.05,6.32788,1.1022,0,1,1,301,0.6,5,60,4,1585.59,1575.17,10.13
20.937,56,20,1763.93,1066.14,0,0,0,1,1,265,0.35,5,60,4,1647.78,1206.16,10.72
20.94,60,19,1497.15,1007.14,0,0,0,0,0,0,0,5,60,0,1609.57,1822.96,11.77
20.9437,65,20,1719.13,979.98,0,0,0,0,0,0,0,5,60,0,1431.33,994.63,0
20.9481,71,18,1409.62,1019.63,0,0,0,1,1,265,0.35,5,60,4,1438.23,995.98,0
20.9533,78,18,1423.34,1022.33,0,0,0,1,1,329,0.4,5,60,4,1312.2,1281.12,3.89
20.9541,79,19,1585.92,1168.99,6.76836,1.07776,0,1,1,365,0.65,5,60,4,1826.45,1728.97,10.69
20.9644,93,19,1490.23,1006.13,0,0,0,0,0,0,0,5,60,0,2084.44,1881.26,5.38
20.9659,95,26,1256.52,1303.37,4.01,2.87118,0,0,0,0,0,5,60,0,1418.07,805.78,0
20.9667,96,19,1569.18,1138.2,2.76681,1.07658,0,1,1,301,0.6,5,60,4,1200.19,1380.52,5.35
20.9704,101,10,1418.07,805.78,0,0,0,0,0,0,0,5,60,0,1730.82,941.03,0
20.9807,115,21,2000,1089.67,3.16919,1.47046,0,1,0,0,0,5,60,4,1462.3,1001.73,0
20.9896,127,46,2000,1903.75,0,0,0,1,0,0,0,5,60,4,1324.52,1272.69,7.97
20.9911,129,19,1459.93,998.13,0,0,0,0,0,0,0,5,60,0,2259.72,1162.7,13.54
20.9919,130,45,2000,1896.98,6.53204,3.12,0,1,1,4,0.1,5,60,4,1868.99,1893.59,8.09
21.0022,9,27,1483.12,1364.38,6.13,2.79717,6.3,0,1,4,0.1,5,60,0,1742.39,958.375,0
21.0037,11,12,1801.5,896.494,16.41,2.55596,-1.5,0,1,2,0.1,5,60,0,1270.71,1299.44,4.07
21.0133,24,28,1680.51,1303.16,3.65979,3.07208,24,1,1,271,0.55,5,60,4,2293.25,1877.18,0
21.0148,26,27,1463.86,1371.3,14.23,2.79545,21.4,0,1,4,0.1,5,60,0,1947.69,2224.95,10.56
21.017,29,27,1645.95,1280.93,4.37727,1.10281,-26.1,1,1,301,0.6,5,60,4,1586.64,1575.13,12.45
21.037,56,20,1762.67,1066.05,0,0,0,1,1,265,0.35,5,60,4,1647.3,1205.19,11.06
21.04,60,19,1497.15,1007.14,0,0,0,0,0,0,0,5,60,0,1609.82,1824.16,13.14
21.0437,65,20,1719.13,979.98,0,0,0,0,0,0,0,5,60,0,1431.33,994.63,0
21.0481,71,18,1408.39,1019.52,0,0,0,1,1,265,0.35,5,60,4,1438.23,995.98,0
21.0533,78,18,1422.12,1022.21,0,0,0,1,1,329,0.4,5,60,4,1312.67,1280.96,6
21.0541,79,19,1585.23,1169.89,6.01023,1.10869,-4.6,1,1,365,0.65,5,60,4,1826.24,1727.79,13.2
21.0644,93,19,1490.23,1006.13,0,0,0,0,0,0,0,5,60,0,2085,1881.25,5.83
21.0659,95,26,1256.05,1303.5,5.3,2.88244,12.9,0,1,4,0.1,5,60,0,1418.07,805.78,0
21.0667,96,19,1568.25,1138.52,2.93759,1.0765,7.2,1,1,301,0.6,5,60,4,1200.26,1380.05,6.4
21.0704,101,10,1418.07,805.78,0,0,0,0,0,0,0,5,60,0,1730.82,941.03,0
21.0807,115,21,2000,1090.13,3.39207,1.47128,8.5,1,1,4,0.1,5,60,4,1462.3,1001.73,0
21.0896,127,46,2000,1903.56,0,0,0,1,0,0,0,5,60,4,1325.3,1272.33,9.49
21.0911,129,19,1459.93,998.13,0,0,0,0,0,0,0,5,60,0,2258.23,1162.93,15.33
21.0919,130,45,2000,1896.82,7.04595,3.1192,18.1,1,1,4,0.1,5,60,4,1868.11,1893.74,8.95
21.1022,9,27,1482.55,1364.59,6.13,2.79717,0,0,0,0,0,5,60,0,1742.39,958.375,0
21.1037,11,12,1800.13,897.401,16.41,2.55596,0,0,0,0,0,5,60,0,1270.32,1299.55,4.07
21.1133,24,28,1678.77,1302.96,3.46569,3.07208,0,1,1,269,0.45,5,60,4,2293.25,1877.18,0
21.1148,26,27,1462.52,1371.78,14.23,2.79545,0,0,0,0,0,5,60,0,1946.64,2225.02,10.56
21.117,29,27,1645.28,1281.42,4.15228,1.10281,0,1,1,269,0.45,5,60,4,1587.89,1575.09,12.45
21.137,56,20,1761.69,1065.76,0,0,0,1,1,265,0.35,5,60,4,1646.81,1204.2,11.06
21.14,60,19,1497.15,1007.14,0,0,0,0,0,0,0,5,60,0,1610.09,1825.45,13.14
21.1437,65,20,1719.13,979.98,0,0,0,0,0,0,0,5,60,0,1431.33,994.63,0
21.1481,71,18,1407.44,1019.21,0,0,0,1,1,265,0.35,5,60,4,1438.23,995.98,0
21.1533,78,18,1421.19,1021.89,0,0,0,1,1,329,0.4,5,60,4,1313.23,1280.75,6
21.1541,79,19,1584.81,1170.6,5.80465,1.10869,0,1,1,333,0.5,5,60,4,1826.01,1726.49,13.2
21.1644,93,19,1490.23,1006.13,0,0,0,0,0,0,0,5,60,0,2085.59,1881.23,5.83
21.1659,95,26,1255.53,1303.63,5.3,2.88244,0,0,0,0,0,5,60,0,1418.07,805.78,0
21.1667,96,19,1567.62,1138.68,2.85518,1.0765,0,1,1,301,0.6,5,60,4,1200.37,1379.42,6.4
21.1704,101,10,1418.07,805.78,0,0,0,0,0,0,0,5,60,0,1730.82,941.03,0
21.1807,115,21,2000,1090.42,3.32075,1.47128,0,1,0,0,0,5,60,4,1462.3,1001.73,0
21.1896,127,46,2000,1903.16,0,0,0,1,0,0,0,5,60,4,1326.16,1271.92,9.49
21.1911,129,19,1459.93,998.13,0,0,0,0,0,0,0,5,60,0,2256.71,1163.17,15.33
21.1919,130,45,2000,1896.45,6.93759,3.1192,0,1,0,0,0,5,60,4,1867.23,1893.88,8.95
21.2022,9,27,1481.97,1364.79,6.13,2.79717,0,0,0,0,0,5,60,0,1742.39,958.375,0
21.2037,11,12,1798.76,898.308,16.41,2.55596,0,0,0,0,0,5,60,0,1269.93,1299.66,4.07
21.2133,24,28,1677.32,1302.57,3.45089,3.07208,0,1,1,269,0.45,5,60,4,2293.25,1877.18,0
21.2148,26,27,1461.18,1372.27,14.23,2.79545,0,0,0,0,0,5,60,0,1945.58,2225.09,10.56
21.217,29,27,1644.9,1281.7,4.14258,1.10281,0,1,1,301,0.6,5,60,4,1589.13,1575.04,12.45
21.237,56,20,1760.99,1065.27,0,0,0,1,1,265,0.35,5,60,4,1646.32,1203.2,11.06
21.24,60,19,1497.15,1007.14,0,0,0,0,0,0,0,5,60,0,1610.36,1826.73,13.14
21.2437,65,20,1719.13,979.98,0,0,0,0,0,0,0,5,60,0,1431.33,994.63,0
21.2481,71,18,1406.77,1018.7,0,0,0,1,1,265,0.35,5,60,4,1438.23,995.98,0
21.2533,78,18,1420.54,1021.37,0,0,0,1,1,329,0.4,5,60,4,1313.8,1280.54,6
21.2541,79,19,1584.68,1171.12,5.9043,1.10869,0,1,1,365,0.65,5,60,4,1825.78,1725.19,13.2
21.2644,93,19,1490.23,1006.13,0,0,0,0,0,0,0,5,60,0,2086.17,1881.22,5.83
21.2659,95,26,1255.02,1303.77,5.3,2.88244,0,0,0,0,0,5,60,0,1418.07,805.78,0
21.2667,96,19,1567.29,1138.63,2.92312,1.0765,0,1,1,301,0.6,5,60,4,1200.48,1378.79,6.4
21.2704,101,10,1418.07,805.78,0,0,0,0,0,0,0,5,60,0,1730.82,941.03,0
21.2807,115,21,2000,1090.5,3.42426,1.47128,0,1,0,0,0,5,60,4,1462.3,1001.73,0
21.2896,127,46,2000,1902.57,0,0,0,1,0,0,0,5,60,4,1327.01,1271.51,9.49
21.2911,129,19,1459.93,998.13,0,0,0,0,0,0,0,5,60,0,2255.2,1163.41,15.33
21.2919,130,45,2000,1895.88,7.19385,3.1192,0,1,0,0,0,5,60,4,1866.35,1894.03,8.95
21.3022,9,27,1481.39,1365,6.13,2.79717,0,0,0,0,0,5,60,0,1742.39,958.375,0
21.3037,11,12,1797.4,899.215,16.41,2.55596,0,0,0,0,0,5,60,0,1269.53,1299.77,4.07
21.3133,24,28,1676.16,1301.98,3.61616,3.07208,0,1,1,269,0.45,5,60,4,2293.25,1877.18,0
21.3148,26,27,1459.84,1372.75,14.23,2.79545,0,0,0,0,0,5,60,0,1944.53,2225.16,10.56
21.317,29,27,1644.81,1281.79,4.34868,1.10281,0,1,1,301,0.6,5,60,4,1590.38,1574.99,12.45
21.337,56,20,1760.59,1064.59,0,0,0,1,1,265,0.35,5,60,4,1645.82,1202.21,11.06
21.34,60,19,1497.15,1007.14,0,0,0,0,0,0,0,5,60,0,1610.64,1828.02,13.14
21.3437,65,20,1719.13,979.98,0,0,0,0,0,0,0,5,60,0,1431.33,994.63,0
21.3481,71,18,1406.41,1017.99,0,0,0,1,1,265,0.35,5,60,4,1438.23,995.98,0
21.3533,78,18,1420.19,1020.65,0,0,0,1,1,329,0.4,5,60,4,1314.36,1280.33,6
21.3541,79,19,1584.85,1171.44,6.30393,1.10869,0,1,1,365,0.65,5,60,4,1825.55,1723.89,13.2
21.3644,93,19,1490.23,1006.13,0,0,0,0,0,0,0,5,60,0,2086.75,1881.21,5.83
21.3659,95,26,1254.51,1303.91,5.3,2.88244,0,0,0,0,0,5,60,0,1418.07,805.78,0
21.3667,96,19,1567.25,1138.39,3.13783,1.0765,0,1,1,301,0.6,5,60,4,1200.59,1378.16,6.4
21.3704,101,10,1418.07,805.78,0,0,0,0,0,0,0,5,60,0,1730.82,941.03,0
21.3807,115,21,2000,1090.4,3.69711,1.47128,0,1,0,0,0,5,60,4,1462.3,1001.73,0
21.3896,127,46,2000,1901.78,0,0,0,1,0,0,0,5,60,4,1327.87,1271.11,9.49
21.3911,129,19,1459.93,998.13,0,0,0,0,0,0,0,5,60,0,2253.68,1163.65,15.33
21.3919,130,45,2000,1895.13,7.8011,3.1192,0,1,1,4,0.1,5,60,4,1865.46,1894.18,8.95
21.4022,9,27,1480.81,1365.21,6.13,2.79717,0,0,0,0,0,5,60,0,1742.39,958.375,0
21.4037,11,12,1796.03,900.122,16.41,2.55596,0,0,0,0,0,5,60,0,1269.14,1299.88,4.07
21.4133,24,28,1675.31,1301.2,3.95281,3.07208,0,1,1,269,0.45,5,60,4,2293.25,1877.18,0
21.4148,26,27,1458.5,1373.23,14.23,2.79545,0,0,0,0,0,5,60,0,1943.48,2225.23,10.56
21.417,29,27,1645.02,1281.69,4.75973,1.10281,0,1,1,301,0.6,5,60,4,1591.62,1574.95,12.45
21.437,56,20,1760.49,1063.72,0,0,0,1,1,265,0.35,5,60,4,1645.33,1201.22,11.06
21.44,60,19,1497.15,1007.14,0,0,0,0,0,0,0,5,60,0,1610.91,1829.3,13.14
21.4437,65,20,1719.13,979.98,0,0,0,0,0,0,0,5,60,0,1431.33,994.63,0
21.4481,71,18,1406.34,1017.1,0,0,0,1,1,265,0.35,5,60,4,1438.23,995.98,0
21.4533,78,18,1420.14,1019.75,0,0,0,1,1,329,0.4,5,60,4,1314.92,1280.12,6
21.4541,79,19,1585.32,1171.57,6.98249,1.10869,0,1,1,365,0.65,5,60,4,1825.32,1722.59,13.2
21.4644,93,19,1490.23,1006.13,0,0,0,0,0,0,0,5,60,0,2087.33,1881.2,5.83
21.4659,95,26,1254,1304.04,5.3,2.88244,0,0,0,0,0,5,60,0,1418.07,805.78,0
21.4667,96,19,1567.51,1137.97,3.48801,1.0765,0,1,1,301,0.6,5,60,4,1200.69,1377.53,6.4
21.4704,101,10,1418.07,805.78,0,0,0,0,0,0,0,5,60,0,1730.82,941.03,0
21.4807,115,21,2000,1090.1,4.12498,1.47128,0,1,1,4,0.1,5,60,4,1462.3,1001.73,0
21.4896,127,46,2000,1900.81,0,0,0,1,0,0,0,5,60,4,1328.73,1270.7,9.49
21.4911,129,19,1459.93,998.13,0,0,0,0,0,0,0,5,60,0,2252.17,1163.89,15.33
21.4919,130,45,2000,1894.18,8.72754,3.1192,0,1,1,4,0.1,5,60,4,1864.58,1894.33,8.95
21.5022,9,27,1480.24,1365.41,6.13,2.79717,0,0,0,0,0,5,60,0,1742.39,958.375,0
21.5037,11,12,1794.66,901.029,16.41,2.55596,0,0,0,0,0,5,60,0,1268.75,1299.99,4.07
21.5133,24,28,1674.75,1300.23,4.44309,3.07208,0,1,1,269,0.45,5,60,4,2293.25,1877.18,0
21.5148,26,27,1457.16,1373.71,14.23,2.79545,0,0,0,0,0,5,60,0,1942.42,2225.3,10.56
21.517,29,27,1645.53,1281.41,5.35407,1.10281,0,1,1,301,0.6,5,60,4,1592.86,1574.9,12.45
21.537,56,20,1760.7,1062.66,0,0,0,1,1,265,0.35,5,60,4,1644.84,1200.23,11.06
21.54,60,19,1497.15,1007.14,0,0,0,0,0,0,0,5,60,0,1611.19,1830.59,13.14
21.5437,65,20,1719.13,979.98,0,0,0,0,0,0,0,5,60,0,1431.33,994.63,0
21.5481,71,18,1406.58,1016.02,0,0,0,1,1,265,0.35,5,60,4,1438.23,995.98,0
21.5533,78,18,1420.39,1018.66,0,0,0,1,1,329,0.4,5,60,4,1315.48,1279.92,6
21.5541,79,19,1586.09,1171.53,7.90423,1.10869,0,1,1,365,0.65,5,60,4,1825.09,1721.29,13.2
21.5644,93,19,1490.23,1006.13,0,0,0,0,0,0,0,5,60,0,2087.92,1881.19,5.83
21.5659,95,26,1253.48,1304.18,5.3,2.88244,0,0,0,0,0,5,60,0,1418.07,805.78,0
21.5667,96,19,1568.07,1137.36,3.95522,1.0765,0,1,1,301,0.6,5,60,4,1200.8,1376.89,6.4
21.5704,101,10,1418.07,805.78,0,0,0,0,0,0,0,5,60,0,1730.82,941.03,0
21.5807,115,21,2000,1089.63,4.68528,1.47128,0,1,1,4,0.1,5,60,4,1462.3,1001.73,0
21.5896,127,46,2000,1899.67,0,0,0,1,0,0,0,5,60,4,1329.59,1270.29,9.49
21.5911,129,19,1459.93,998.13,0,0,0,0,0,0,0,5,60,0,2250.65,1164.12,15.33
21.5919,130,45,2000,1893.06,9.92431,3.1192,0,1,1,4,0.1,5,60,4,1863.7,1894.48,8.95
21.6022,9,27,1479.66,1365.62,6.13,2.79717,0,0,0,0,0,5,60,0,1742.39,958.375,0
21.6037,11,12,1793.29,901.936,16.41,2.55596,0,0,0,0,0,5,60,0,1268.36,1300.1,4.07
21.6133,24,28,1674.5,1299.09,5.06119,3.07208,0,1,1,269,0.45,5,60,4,2293.25,1877.18,0
21.6148,26,27,1455.82,1374.2,14.23,2.79545,0,0,0,0,0,5,60,0,1941.37,2225.38,10.56
21.617,29,27,1646.35,1280.95,6.1004,1.10281,0,1,1,301,0.6,5,60,4,1594.11,1574.86,12.45
21.637,56,20,1761.2,1061.43,0,0,0,1,1,265,0.35,5,60,4,1644.35,1199.24,11.06
21.64,60,19,1497.15,1007.14,0,0,0,0,0,0,0,5,60,0,1611.46,1831.87,13.14
21.6437,65,20,1719.13,979.98,0,0,0,0,0,0,0,5,60,0,1431.33,994.63,0
21.6481,71,18,1407.11,1014.77,0,0,0,1,1,265,0.35,5,60,4,1438.23,995.98,0
21.6533,78,18,1420.94,1017.4,0,0,0,1,1,329,0.4,5,60,4,1316.05,1279.71,6
21.6541,79,19,1587.16,1171.31,9.02066,1.10869,0,1,1,365,0.65,5,60,4,1824.86,1719.99,13.2
21.6644,93,19,1490.23,1006.13,0,0,0,0,0,0,0,5,60,0,2088.5,1881.18,5.83
21.6659,95,26,1252.97,1304.31,5.3,2.88244,0,0,0,0,0,5,60,0,1418.07,805.78,0
21.6667,96,19,1568.93,1136.58,4.51487,1.0765,0,1,1,301,0.6,5,60,4,1200.91,1376.26,6.4
21.6704,101,10,1418.07,805.78,0,0,0,0,0,0,0,5,60,0,1730.82,941.03,0
21.6807,115,21,2000,1088.99,5.34858,1.47128,0,1,1,4,0.1,5,60,4,1462.3,1001.73,0
21.6896,127,46,2000,1898.35,0,0,0,1,0,0,0,5,60,4,1330.44,1269.89,9.49
21.6911,129,19,1459.93,998.13,0,0,0,0,0,0,0,5,60,0,2249.14,1164.36,15.33
21.6919,130,45,2000,1891.77,11.3284,3.1192,0,1,1,4,0.1,5,60,4,1862.82,1894.62,8.95
21.7022,9,27,1479.08,1365.83,6.13,2.79717,0,0,0,0,0,5,60,0,1742.39,958.375,0
21.7037,11,12,1791.93,902.843,16.41,2.55596,0,0,0,0,0,5,60,0,1267.97,1300.2,4.07
21.7133,24,28,1674.54,1297.78,5.77458,3.07208,0,1,1,269,0.45,5,60,4,2293.25,1877.18,0
21.7148,26,27,1454.49,1374.68,14.23,2.79545,0,0,0,0,0,5,60,0,1940.31,2225.45,10.56
21.717,29,27,1647.46,1280.32,6.95945,1.10281,0,1,1,301,0.6,5,60,4,1595.35,1574.81,12.45
21.737,56,20,1762,1060.04,0,0,0,1,1,265,0.35,5,60,4,1643.86,1198.25,11.06
21.74,60,19,1497.15,1007.14,0,0,0,0,0,0,0,5,60,0,1611.73,1833.16,13.14
21.7437,65,20,1719.13,979.98,0,0,0,0,0,0,0,5,60,0,1431.33,994.63,0
21.7481,71,18,1407.94,1013.36,0,0,0,1,1,265,0.35,5,60,4,1438.23,995.98,0
21.7533,78,18,1421.78,1015.98,0,0,0,1,1,329,0.4,5,60,4,1316.61,1279.5,6
21.7541,79,19,1588.52,1170.92,10.2728,1.10869,0,1,1,365,0.65,5,60,4,1824.63,1718.69,13.2
21.7644,93,19,1490.23,1006.13,0,0,0,0,0,0,0,5,60,0,2089.08,1881.17,5.83
21.7659,95,26,1252.46,1304.45,5.3,2.88244,0,0,0,0,0,5,60,0,1418.07,805.78,0
21.7667,96,19,1570.08,1135.65,5.13747,1.0765,0,1,1,301,0.6,5,60,4,1201.02,1375.63,6.4
21.7704,101,10,1418.07,805.78,0,0,0,0,0,0,0,5,60,0,1730.82,941.03,0
21.7807,115,21,2000,1088.19,6.07988,1.47128,0,1,1,4,0.1,5,60,4,1462.3,1001.73,0
21.7896,127,46,2000,1896.87,0,0,0,1,0,0,0,5,60,4,1331.3,1269.48,9.49
21.7815,116,27,1679.09,1285.61,7.23,2.8519,0,0,0,0,0,5,60,0,1879.25,2049.69,7.92
21.7911,129,19,1459.93,998.13,0,0,0,0,0,0,0,5,60,0,2247.62,1164.6,15.33
21.7919,130,45,2000,1890.32,12.8656,3.1192,0,1,1,4,0.1,5,60,4,1861.93,1894.77,8.95
21.8022,9,27,1478.51,1366.04,6.13,2.79717,0,0,0,0,0,5,60,0,1742.39,958.375,0
21.8037,11,12,1790.56,903.75,16.41,2.55596,0,0,0,0,0,5,60,0,1267.57,1300.31,4.07
21.8133,24,28,1674.87,1296.32,6.54567,3.07208,0,1,1,265,0.35,5,60,4,2293.25,1877.18,0
21.8148,26,27,1453.15,1375.16,14.23,2.79545,0,0,0,0,0,5,60,0,1939.26,2225.52,10.56
21.817,29,27,1648.86,1279.54,7.88595,1.10281,0,1,1,297,0.5,5,60,4,1596.6,1574.76,12.45
21.837,56,20,1763.08,1058.49,0,0,0,1,1,265,0.35,5,60,4,1643.36,1197.26,11.06
21.84,60,19,1497.15,1007.14,0,0,0,0,0,0,0,5,60,0,1612.01,1834.44,13.14
21.8437,65,20,1719.13,979.98,0,0,0,0,0,0,0,5,60,0,1431.33,994.63,0
21.8481,71,18,1409.05,1011.8,0,0,0,1,1,265,0.35,5,60,4,1438.23,995.98,0
21.8533,78,18,1422.91,1014.41,0,0,0,1,1,329,0.4,5,60,4,1317.17,1279.29,6
21.8541,79,19,1590.17,1170.39,11.595,1.10869,0,1,1,489,0.65,5,60,4,1824.4,1717.39,13.2
21.8644,93,19,1490.23,1006.13,0,0,0,0,0,0,0,5,60,0,2089.67,1881.16,5.83
21.8659,95,26,1251.95,1304.59,5.3,2.88244,0,0,0,0,0,5,60,0,1418.07,805.78,0
21.8667,96,19,1571.52,1134.56,5.79022,1.0765,0,1,1,297,0.5,5,60,4,1201.13,1375,6.4
21.8704,101,10,1418.07,805.78,0,0,0,0,0,0,0,5,60,0,1730.82,941.03,0
21.8807,115,21,2000,1087.24,6.8406,1.47128,0,1,1,4,0.1,5,60,4,1462.3,1001.73,0
21.8815,116,27,1678.4,1285.82,7.23,2.8519,0,0,0,0,0,5,60,0,1879.13,2048.98,7.92
21.8896,127,46,2000,1895.25,0,0,0,1,0,0,0,5,60,4,1332.16,1269.07,9.49
21.8911,129,19,1459.93,998.13,0,0,0,0,0,0,0,5,60,0,2246.11,1164.84,15.33
21.8919,130,45,2000,1888.73,14.4553,3.1192,0,1,1,4,0.1,5,60,4,1861.05,1894.92,8.95
21.9022,9,27,1477.93,1366.24,6.13,2.79717,0,0,0,0,0,5,60,0,1742.39,958.375,0
21.9037,11,12,1789.19,904.657,16.41,2.55596,0,0,0,0,0,5,60,0,1267.18,1300.42,4.07
21.9133,24,28,1675.47,1294.71,7.33374,3.07208,0,1,1,269,0.45,5,60,4,2293.25,1877.18,0
21.9148,26,27,1451.81,1375.64,14.23,2.79545,0,0,0,0,0,5,60,0,1938.21,2225.59,10.56
21.917,29,27,1650.53,1278.61,8.83097,1.10281,0,1,1,301,0.6,5,60,4,1597.84,1574.72,12.45
21.937,56,20,1764.43,1056.8,0,0,0,1,1,265,0.35,5,60,4,1642.87,1196.27,11.06
21.94,60,19,1497.15,1007.14,0,0,0,0,0,0,0,5,60,0,1612.28,1835.73,13.14
21.9437,65,20,1719.13,979.98,0,0,0,0,0,0,0,5,60,0,1431.33,994.63,0
21.9481,71,18,1410.43,1010.09,0,0,0,1,1,265,0.35,5,60,4,1438.23,995.98,0
21.9533,78,18,1424.3,1012.7,0,0,0,1,1,329,0.4,5,60,4,1317.74,1279.08,6
21.9541,79,19,1592.08,1169.72,12.9173,1.10869,0,1,1,493,0.75,5,60,4,1824.17,1716.09,13.2
21.9644,93,19,1490.23,1006.13,0,0,0,0,0,0,0,5,60,0,2090.25,1881.15,5.83
21.9659,95,26,1251.44,1304.72,5.3,2.88244,0,0,0,0,0,5,60,0,1418.07,805.78,0
21.9667,96,19,1573.22,1133.33,6.43872,1.0765,0,1,1,301,0.6,5,60,4,1201.23,1374.37,6.4
21.9704,101,10,1418.07,805.78,0,0,0,0,0,0,0,5,60,0,1730.82,941.03,0
21.9807,115,21,2000,1086.15,7.59082,1.47128,0,1,1,4,0.1,5,60,4,1462.3,1001.73,0
21.9815,116,27,1677.71,1286.02,7.23,2.8519,0,0,0,0,0,5,60,0,1879,2048.2,7.92
21.9896,127,46,2000,1893.49,0,0,0,1,0,0,0,5,60,4,1333.02,1268.67,9.49
21.9911,129,19,1459.93,998.13,0,0,0,0,0,0,0,5,60,0,2244.6,1165.08,15.33
21.9919,130,45,2000,1887,16.0138,3.1192,0,1,1,4,0.1,5,60,4,1860.17,1895.07,8.95
22.0022,9,27,1477.35,1366.45,7.11,2.79533,9.8,0,1,4,0.1,5,60,0,1742.39,958.375,0
22.0037,11,12,1787.87,905.536,16.54,2.51093,1.3,0,0,0,0,5,60,0,1266.78,1300.53,5.25
22.0133,24,28,1676.42,1292.9,10.667,-2.68955,21.8,1,1,271,0.55,5,60,4,2293.25,1877.18,0
22.0148,26,27,1450.47,1376.13,14.06,2.79495,-1.7,0,0,0,0,5,60,0,1937.15,2225.66,10.56
22.017,29,27,1652.42,1277.5,5.31005,1.10019,-37.5,1,1,301,0.6,5,60,4,1599.08,1574.67,12.05
22.037,56,20,1766.03,1054.98,0,0,0,1,1,265,0.35,5,60,4,1642.36,1195.27,11.5
22.04,60,19,1497.15,1007.14,0,0,0,0,0,0,0,5,60,0,1612.57,1837.08,14.78
22.0437,65,20,1719.13,979.98,0,0,0,0,0,0,0,5,60,0,1431.33,994.63,0
22.0481,71,18,1412.07,1008.27,0,0,0,1,1,265,0.35,5,60,4,1438.23,995.98,0
22.0533,78,18,1425.95,1010.87,0,0,0,1,1,329,0.4,5,60,4,1318.33,1278.84,6.88
22.0541,79,19,1594.25,1168.94,14.7445,1.11159,4.7,1,1,493,0.75,5,60,4,1823.94,1714.83,12.48
22.0644,93,19,1490.23,1006.13,0,0,0,0,0,0,0,5,60,0,2090.88,1881.2,6.6
22.0659,95,26,1250.86,1304.83,6.12,2.98379,8.2,0,1,6,0.2,5,60,0,1418.07,805.78,0
22.0667,96,19,1575.18,1132.02,8.01176,1.07675,7.8,1,1,301,0.6,5,60,4,1201.36,1373.68,7.28
22.0704,101,10,1418.07,805.78,0,0,0,0,0,0,0,5,60,0,1730.82,941.03,0
22.0807,115,21,2000,1085.03,9.62701,1.46945,10.7,1,1,4,0.1,5,60,4,1462.3,1001.73,0
22.0815,116,27,1676.94,1286.25,8.09,2.85828,8.6,0,1,4,0.1,5,60,0,1878.85,2047.32,9.05
22.0896,127,46,2000,1891.61,0,0,0,1,0,0,0,5,60,4,1333.91,1268.21,11.02
22.0911,129,19,1459.93,998.13,0,0,0,0,0,0,0,5,60,0,2242.93,1165.34,16.99
22.0919,130,45,2000,1885.16,19.1593,3.11196,13.5,1,1,4,0.1,5,60,4,1859.15,1895.23,10.42
22.1022,9,27,1476.68,1366.69,7.11,2.79533,0,0,0,0,0,5,60,0,1742.39,958.375,0
22.1037,11,12,1786.53,906.511,16.54,2.51093,0,0,0,0,0,5,60,0,1266.28,1300.67,5.25
22.1148,26,27,1449.15,1376.6,14.06,2.79495,0,0,0,0,0,5,60,0,1936.1,2225.74,10.56
22.117,29,27,1654.42,1275.99,5.76493,1.10019,0,1,1,269,0.45,5,60,4,1600.28,1574.63,12.05
22.137,56,20,1767.87,1053.06,0,0,0,1,1,265,0.35,5,60,4,1641.82,1194.26,11.5
22.14,60,19,1497.15,1007.14,0,0,0,0,0,0,0,5,60,0,1612.88,1838.52,14.78
22.1437,65,20,1719.13,979.98,0,0,0,0,0,0,0,5,60,0,1431.33,994.63,0
22.1481,71,18,1413.93,1006.33,0,0,0,1,1,265,0.35,5,60,4,1438.23,995.98,0
22.1533,78,18,1427.83,1008.92,0,0,0,1,1,329,0.4,5,60,4,1318.97,1278.57,6.88
22.1541,79,19,1596.66,1168.08,15.9075,1.11159,0,1,1,461,0.6,5,60,4,1823.73,1713.6,12.48
22.1644,93,19,1490.23,1006.13,0,0,0,0,0,0,0,5,60,0,2091.53,1881.3,6.6
22.1659,95,26,1250.26,1304.93,6.12,2.98379,0,0,0,0,0,5,60,0,1418.07,805.78,0
22.1667,96,19,1577.39,1130.63,8.62502,1.07675,0,1,1,301,0.6,5,60,4,1201.5,1372.97,7.28
22.1704,101,10,1418.07,805.78,0,0,0,0,0,0,0,5,60,0,1730.82,941.03,0
22.1807,115,21,2000,1083.83,10.339,1.46945,0,1,1,4,0.1,5,60,4,1462.3,1001.73,0
22.1815,116,27,1676.17,1286.47,8.09,2.85828,0,0,0,0,0,5,60,0,1878.69,2046.43,9.05
22.1896,127,46,2000,1889.63,0,0,0,1,0,0,0,5,60,4,1334.89,1267.7,11.02
22.1911,129,19,1459.93,998.13,0,0,0,0,0,0,0,5,60,0,2241.25,1165.6,16.99
22.1919,130,45,2000,1883.23,20.537,3.11196,0,1,1,4,0.1,5,60,4,1858.13,1895.4,10.42
22.2022,9,27,1476.01,1366.93,7.11,2.79533,0,0,0,0,0,5,60,0,1742.39,958.375,0
22.2037,11,12,1785.2,907.487,16.54,2.51093,0,0,0,0,0,5,60,0,1265.77,1300.81,5.25
22.2148,26,27,1447.83,1377.08,14.06,2.79495,0,0,0,0,0,5,60,0,1935.05,2225.82,10.56
22.217,29,27,1656.64,1274.39,6.15264,1.10019,0,1,1,301,0.6,5,60,4,1601.48,1574.58,12.05
22.237,56,20,1769.93,1051.03,0,0,0,1,1,265,0.35,5,60,4,1641.28,1193.24,11.5
22.24,60,19,1497.15,1007.14,0,0,0,0,0,0,0,5,60,0,1613.19,1839.97,14.78
22.2437,65,20,1719.13,979.98,0,0,0,0,0,0,0,5,60,0,1431.33,994.63,0
22.2481,71,18,1416.01,1004.29,0,0,0,1,1,265,0.35,5,60,4,1438.23,995.98,0
22.2533,78,18,1429.91,1006.89,0,0,0,1,1,329,0.4,5,60,4,1319.6,1278.29,6.88
22.2541,79,19,1599.29,1167.12,16.8682,1.11159,0,1,1,493,0.75,5,60,4,1823.51,1712.37,12.48
22.2644,93,19,1490.23,1006.13,0,0,0,0,0,0,0,5,60,0,2092.18,1881.39,6.6
22.2659,95,26,1249.65,1305.02,6.12,2.98379,0,0,0,0,0,5,60,0,1418.07,805.78,0
22.2667,96,19,1579.81,1129.15,9.12592,1.07675,0,1,1,301,0.6,5,60,4,1201.64,1372.25,7.28
22.2704,101,10,1418.07,805.78,0,0,0,0,0,0,0,5,60,0,1730.82,941.03,0
22.2807,115,21,2000,1082.53,10.9126,1.46945,0,1,1,4,0.1,5,60,4,1462.3,1001.73,0
22.2815,116,27,1675.39,1286.7,8.09,2.85828,0,0,0,0,0,5,60,0,1878.54,2045.54,9.05
22.2896,127,46,2000,1887.57,0,0,0,1,0,0,0,5,60,4,1335.87,1267.19,11.02
22.2911,129,19,1459.93,998.13,0,0,0,0,0,0,0,5,60,0,2239.57,1165.86,16.99
22.2919,130,45,2000,1881.2,21.634,3.11196,0,1,1,4,0.1,5,60,4,1857.1,1895.57,10.42
22.3022,9,27,1475.34,1367.17,7.11,2.79533,0,0,0,0,0,5,60,0,1742.39,958.375,0
22.3037,11,12,1783.86,908.462,16.54,2.51093,0,0,0,0,0,5,60,0,1265.27,1300.95,5.25
22.3148,26,27,1446.5,1377.56,14.06,2.79495,0,0,0,0,0,5,60,0,1933.99,2225.89,10.56
22.317,29,27,1659.05,1272.7,6.45274,1.10019,0,1,1,301,0.6,5,60,4,1602.69,1574.54,12.05
22.337,56,20,1772.17,1048.93,0,0,0,1,1,265,0.35,5,60,4,1640.74,1192.23,11.5
22.34,60,19,1497.15,1007.14,0,0,0,0,0,0,0,5,60,0,1613.5,1841.41,14.78
22.3437,65,20,1719.13,979.98,0,0,0,0,0,0,0,5,60,0,1431.33,994.63,0
22.3481,71,18,1418.27,1002.18,0,0,0,1,1,265,0.35,5,60,4,1438.23,995.98,0
22.3533,78,18,1432.18,1004.77,0,0,0,1,1,329,0.4,5,60,4,1320.23,1278.02,6.88
22.3541,79,19,1602.09,1166.09,17.5764,1.11159,0,1,1,493,0.75,5,60,4,1823.29,1711.14,12.48
22.3644,93,19,1490.23,1006.13,0,0,0,0,0,0,0,5,60,0,2092.84,1881.48,6.6
22.3659,95,26,1249.05,1305.12,6.12,2.98379,0,0,0,0,0,5,60,0,1418.07,805.78,0
22.3667,96,19,1582.42,1127.6,9.48799,1.07675,0,1,1,301,0.6,5,60,4,1201.77,1371.54,7.28
22.3704,101,10,1418.07,805.78,0,0,0,0,0,0,0,5,60,0,1730.82,941.03,0
22.3807,115,21,2000,1081.17,11.3174,1.46945,0,1,1,4,0.1,5,60,4,1462.3,1001.73,0
22.3815,116,27,1674.61,1286.92,8.09,2.85828,0,0,0,0,0,5,60,0,1878.39,2044.65,9.05
22.3896,127,46,2000,1885.43,0,0,0,1,0,0,0,5,60,4,1336.85,1266.69,11.02
22.3911,129,19,1459.93,998.13,0,0,0,0,0,0,0,5,60,0,2237.9,1166.13,16.99
22.3919,130,45,2000,1879.11,22.3928,3.11196,0,1,1,4,0.1,5,60,4,1856.07,1895.74,10.42
22.4022,9,27,1474.68,1367.42,7.11,2.79533,0,0,0,0,0,5,60,0,1742.39,958.375,0
22.4037,11,12,1782.53,909.437,16.54,2.51093,0,0,0,0,0,5,60,0,1264.76,1301.09,5.25
22.417,29,27,1661.63,1270.94,6.64952,1.10019,0,1,1,301,0.6,5,60,4,1603.89,1574.5,12.05
22.437,56,20,1774.57,1046.76,0,0,0,1,1,265,0.35,5,60,4,1640.2,1191.21,11.5
22.44,60,19,1497.15,1007.14,0,0,0,0,0,0,0,5,60,0,1613.81,1842.86,14.78
22.4437,65,20,1719.13,979.98,0,0,0,0,0,0,0,5,60,0,1431.33,994.63,0
22.4481,71,18,1420.69,1000.01,0,0,0,1,1,265,0.35,5,60,4,1438.23,995.98,0
22.4533,78,18,1434.61,1002.6,0,0,0,1,1,329,0.4,5,60,4,1320.86,1277.75,6.88
22.4541,79,19,1605.06,1164.99,17.9945,1.11159,0,1,1,493,0.75,5,60,4,1823.08,1709.91,12.48
22.4644,93,19,1490.23,1006.13,0,0,0,0,0,0,0,5,60,0,2093.49,1881.58,6.6
22.4659,95,26,1248.44,1305.22,6.12,2.98379,0,0,0,0,0,5,60,0,1418.07,805.78,0
22.4667,96,19,1585.17,1125.99,9.69215,1.07675,0,1,1,301,0.6,5,60,4,1201.91,1370.82,7.28
22.4704,101,10,1418.07,805.78,0,0,0,0,0,0,0,5,60,0,1730.82,941.03,0
22.4807,115,21,2000,1079.75,11.5323,1.46945,0,1,0,0,0,5,60,4,1462.3,1001.73,0
22.4815,116,27,1673.84,1287.15,8.09,2.85828,0,0,0,0,0,5,60,0,1878.23,2043.76,9.05
22.4896,127,46,2000,1883.24,0,0,0,1,0,0,0,5,60,4,1337.83,1266.18,11.02
22.4911,129,19,1459.93,998.13,0,0,0,0,0,0,0,5,60,0,2236.22,1166.39,16.99
22.4919,130,45,2000,1876.96,22.7733,3.11196,0,1,0,0,0,5,60,4,1855.04,1895.9,10.42
22.5022,9,27,1474.01,1367.66,7.11,2.79533,0,0,0,0,0,5,60,0,1742.39,958.375,0
22.5037,11,12,1781.19,910.413,16.54,2.51093,0,0,0,0,0,5,60,0,1264.25,1301.23,5.25
22.517,29,27,1664.34,1269.14,6.73254,1.10019,0,1,1,293,0.45,5,60,4,1605.1,1574.45,12.05
22.537,56,20,1777.11,1044.55,0,0,0,1,1,257,0.2,5,60,4,1639.66,1190.2,11.5
22.54,60,19,1497.15,1007.14,0,0,0,0,0,0,0,5,60,0,1614.12,1844.3,14.78
22.5437,65,20,1719.13,979.98,0,0,0,0,0,0,0,5,60,0,1431.33,994.63,0
22.5481,71,18,1423.24,997.795,0,0,0,1,1,257,0.2,5,60,4,1438.23,995.98,0
22.5533,78,18,1437.16,1000.38,0,0,0,1,1,321,0.25,5,60,4,1321.49,1277.48,6.88
22.5541,79,19,1608.15,1163.86,18.1006,1.11159,0,1,1,485,0.6,5,60,4,1822.86,1708.68,12.48
22.5644,93,19,1490.23,1006.13,0,0,0,0,0,0,0,5,60,0,2094.14,1881.67,6.6
22.5659,95,26,1247.84,1305.31,6.12,2.98379,0,0,0,0,0,5,60,0,1418.07,805.78,0
22.5667,96,19,1588.04,1124.34,9.72766,1.07675,0,1,1,293,0.45,5,60,4,1202.05,1370.11,7.28
22.5704,101,10,1418.07,805.78,0,0,0,0,0,0,0,5,60,0,1730.82,941.03,0
22.5807,115,21,2000,1078.29,11.5459,1.46945,0,1,0,0,0,5,60,4,1462.3,1001.73,0
22.5815,116,27,1673.06,1287.38,8.09,2.85828,0,0,0,0,0,5,60,0,1878.08,2042.86,9.05
22.5896,127,46,2000,1881.01,0,0,0,1,0,0,0,5,60,4,1338.8,1265.68,11.02
22.5911,129,19,1459.93,998.13,0,0,0,0,0,0,0,5,60,0,2234.54,1166.65,16.99
22.5919,130,45,2000,1874.77,22.7554,3.11196,0,1,0,0,0,5,60,4,1854.01,1896.07,10.42
22.6022,9,27,1473.34,1367.9,7.11,2.79533,0,0,0,0,0,5,60,0,1742.39,958.375,0
22.6037,11,12,1779.86,911.388,16.54,2.51093,0,0,0,0,0,5,60,0,1263.75,1301.37,5.25
22.617,29,27,1667.16,1267.31,6.69746,1.10019,0,1,1,293,0.45,5,60,4,1606.3,1574.41,12.05
22.637,56,20,1779.74,1042.31,0,0,0,1,1,257,0.2,5,60,4,1639.11,1189.18,11.5
22.64,60,19,1497.15,1007.14,0,0,0,0,0,0,0,5,60,0,1614.43,1845.75,14.78
22.6437,65,20,1719.13,979.98,0,0,0,0,0,0,0,5,60,0,1431.33,994.63,0
22.6481,71,18,1425.88,995.553,0,0,0,1,1,257,0.2,5,60,4,1438.23,995.98,0
22.6533,78,18,1439.81,998.136,0,0,0,1,1,321,0.25,5,60,4,1322.12,1277.2,6.88
22.6541,79,19,1611.33,1162.7,17.8891,1.11159,0,1,1,485,0.6,5,60,4,1822.64,1707.45,12.48
22.6644,93,19,1490.23,1006.13,0,0,0,0,0,0,0,5,60,0,2094.8,1881.77,6.6
22.6659,95,26,1247.24,1305.41,6.12,2.98379,0,0,0,0,0,5,60,0,1418.07,805.78,0
22.6667,96,19,1591.01,1122.67,9.59265,1.07675,0,1,1,293,0.45,5,60,4,1202.19,1369.4,7.28
22.6704,101,10,1418.07,805.78,0,0,0,0,0,0,0,5,60,0,1730.82,941.03,0
22.6807,115,21,2000,1076.81,11.3574,1.46945,0,1,0,0,0,5,60,4,1462.3,1001.73,0
22.6815,116,27,1672.28,1287.6,8.09,2.85828,0,0,0,0,0,5,60,0,1877.93,2041.97,9.05
22.6896,127,46,2000,1878.76,0,0,0,1,0,0,0,5,60,4,1339.78,1265.17,11.02
22.6911,129,19,1459.93,998.13,0,0,0,0,0,0,0,5,60,0,2232.86,1166.92,16.99
22.6919,130,45,2000,1872.57,22.3402,3.11196,0,1,1,4,0.1,5,60,4,1852.98,1896.24,10.42
22.7022,9,27,1472.67,1368.14,7.11,2.79533,0,0,0,0,0,5,60,0,1742.39,958.375,0
22.7037,11,12,1778.52,912.363,16.54,2.51093,0,0,0,0,0,5,60,0,1263.24,1301.51,5.25
22.717,29,27,1670.06,1265.46,6.54611,1.10019,0,1,1,293,0.45,5,60,4,1607.51,1574.36,12.05
22.737,56,20,1782.45,1040.06,0,0,0,1,0,0,0,5,60,4,1638.57,1188.17,11.5
22.74,60,19,1497.15,1007.14,0,0,0,0,0,0,0,5,60,0,1614.74,1847.19,14.78
22.7437,65,20,1719.13,979.98,0,0,0,0,0,0,0,5,60,0,1431.33,994.63,0
22.7481,71,18,1428.59,993.304,0,0,0,1,0,0,0,5,60,4,1438.23,995.98,0
22.7533,78,18,1442.53,995.887,0,0,0,1,0,64,0.05,5,60,4,1322.75,1276.93,6.88
22.7541,79,19,1614.58,1161.53,17.371,1.11159,0,1,1,228,0.4,5,60,4,1822.43,1706.22,12.48
22.7644,93,19,1490.23,1006.13,0,0,0,0,0,0,0,5,60,0,2095.45,1881.86,6.6
22.7659,95,26,1246.63,1305.5,6.12,2.98379,0,0,0,0,0,5,60,0,1418.07,805.78,0
22.7667,96,19,1594.04,1120.99,9.29423,1.07675,0,1,1,36,0.25,5,60,4,1202.32,1368.68,7.28
22.7704,101,10,1418.07,805.78,0,0,0,0,0,0,0,5,60,0,1730.82,941.03,0
22.7807,115,21,2000,1075.33,10.9769,1.46945,0,1,0,0,0,5,60,4,1462.3,1001.73,0
22.7815,116,27,1671.51,1287.83,8.09,2.85828,0,0,0,0,0,5,60,0,1877.77,2041.08,9.05
22.7896,127,46,2000,1876.51,0,0,0,1,0,0,0,5,60,4,1340.76,1264.67,11.02
22.7911,129,19,1459.93,998.13,0,0,0,0,0,0,0,5,60,0,2231.18,1167.18,16.99
22.7919,130,45,2000,1870.37,21.5495,3.11196,0,1,1,4,0.1,5,60,4,1851.96,1896.41,10.42
22.8022,9,27,1472,1368.38,7.11,2.79533,0,0,0,0,0,5,60,0,1742.39,958.375,0
22.8037,11,12,1777.18,913.339,16.54,2.51093,0,0,0,0,0,5,60,0,1262.74,1301.65,5.25
22.817,29,27,1673,1263.61,6.28647,1.10019,0,1,1,36,0.25,5,60,4,1608.71,1574.32,12.05
22.837,56,20,1785.19,1037.82,0,0,0,1,1,257,0.2,5,60,4,1638.03,1187.15,11.5
22.84,60,19,1497.15,1007.14,0,0,0,0,0,0,0,5,60,0,1615.05,1848.64,14.78
22.8437,65,20,1719.13,979.98,0,0,0,0,0,0,0,5,60,0,1431.33,994.63,0
22.8481,71,18,1431.34,991.065,0,0,0,1,1,257,0.2,5,60,4,1438.23,995.98,0
22.8533,78,18,1445.27,993.65,0,0,0,1,1,321,0.25,5,60,4,1323.39,1276.66,6.88
22.8541,79,19,1617.86,1160.37,16.5738,1.11159,0,1,1,485,0.6,5,60,4,1822.21,1704.99,12.48
22.8644,93,19,1490.23,1006.13,0,0,0,0,0,0,0,5,60,0,2096.1,1881.96,6.6
22.8659,95,26,1246.03,1305.6,6.12,2.98379,0,0,0,0,0,5,60,0,1418.07,805.78,0
22.8667,96,19,1597.09,1119.33,8.84814,1.07675,0,1,1,293,0.45,5,60,4,1202.46,1367.97,7.28
22.8704,101,10,1418.07,805.78,0,0,0,0,0,0,0,5,60,0,1730.82,941.03,0
22.8807,115,21,2000,1073.86,10.4242,1.46945,0,1,1,4,0.1,5,60,4,1462.3,1001.73,0
22.8815,116,27,1670.73,1288.05,8.09,2.85828,0,0,0,0,0,5,60,0,1877.62,2040.19,9.05
22.8896,127,46,2000,1874.28,0,0,0,1,0,0,0,5,60,4,1341.74,1264.16,11.02
22.8911,129,19,1459.93,998.13,0,0,0,0,0,0,0,5,60,0,2229.5,1167.44,16.99
22.8919,130,45,2000,1868.19,20.4248,3.11196,0,1,1,4,0.1,5,60,4,1850.93,1896.57,10.42
22.9022,9,27,1471.33,1368.62,7.11,2.79533,0,0,0,0,0,5,60,0,1742.39,958.375,0
22.9037,11,12,1775.85,914.314,16.54,2.51093,0,0,0,0,0,5,60,0,1262.23,1301.79,5.25
22.917,29,27,1675.95,1261.79,5.93223,1.10019,0,1,1,289,0.35,5,60,4,1609.91,1574.28,12.05
22.937,56,20,1787.94,1035.61,0,0,0,1,1,257,0.2,5,60,4,1637.49,1186.14,11.5
22.94,60,19,1497.15,1007.14,0,0,0,0,0,0,0,5,60,0,1615.36,1850.08,14.78
22.9437,65,20,1719.13,979.98,0,0,0,0,0,0,0,5,60,0,1431.33,994.63,0
22.9533,78,18,1448.01,991.442,0,0,0,1,1,321,0.25,5,60,4,1324.02,1276.38,6.88
22.9541,79,19,1621.14,1159.25,15.5394,1.11159,0,1,1,485,0.6,5,60,4,1821.99,1703.76,12.48
22.9644,93,19,1490.23,1006.13,0,0,0,0,0,0,0,5,60,0,2096.76,1882.05,6.6
22.9659,95,26,1245.42,1305.7,6.12,2.98379,0,0,0,0,0,5,60,0,1418.07,805.78,0
22.9667,96,19,1600.14,1117.69,8.27781,1.07675,0,1,1,293,0.45,5,60,4,1202.6,1367.25,7.28
22.9704,101,10,1418.07,805.78,0,0,0,0,0,0,0,5,60,0,1730.82,941.03,0
22.9807,115,21,2000,1072.43,9.72871,1.46945,0,1,1,4,0.1,5,60,4,1462.3,1001.73,0
22.9815,116,27,1669.95,1288.28,8.09,2.85828,0,0,0,0,0,5,60,0,1877.47,2039.3,9.05
22.9896,127,46,2000,1872.09,0,0,0,1,0,0,0,5,60,4,1342.72,1263.65,11.02
22.9911,129,19,1459.93,998.13,0,0,0,0,0,0,0,5,60,0,2227.82,1167.7,16.99
22.9919,130,45,2000,1866.04,19.0254,3.11196,0,1,1,4,0.1,5,60,4,1849.9,1896.74,10.42
23.0022,9,27,1470.66,1368.86,7.73,2.7967,6.2,0,1,4,0.1,5,60,0,1742.39,958.375,0
23.0037,11,12,1774.53,915.275,16.16,2.51148,-3.8,0,0,0,0,5,60,0,1261.72,1301.93,6.13
23.017,29,27,1678.85,1259.95,0.147047,1.10629,-43.7,1,1,421,0.55,5,60,4,1611.13,1574.23,12.57
23.037,56,20,1790.66,1033.44,0,0,0,1,1,257,0.2,5,60,4,1636.94,1185.13,11.57
23.04,60,19,1497.15,1007.14,0,0,0,0,0,0,0,5,60,0,1615.68,1851.61,16.83
23.0437,65,20,1719.13,979.98,0,0,0,0,0,0,0,5,60,0,1431.33,994.63,0
23.0533,78,18,1450.72,989.282,0,0,0,1,1,321,0.25,5,60,4,1324.69,1276.08,7.75
23.0541,79,19,1624.4,1158.19,14.88,1.10822,4.7,1,1,485,0.6,5,60,4,1821.78,1702.55,12.27
23.0644,93,19,1490.23,1006.13,0,0,0,0,0,0,0,5,60,0,2097.46,1882.19,7.5
23.0659,95,26,1244.73,1305.76,7.38,3.08179,12.6,0,1,6,0.2,5,60,0,1418.07,805.78,0
23.0667,96,19,1603.18,1116.17,9.03281,1.07747,12.1,1,1,301,0.6,5,60,4,1202.75,1366.49,7.98
23.0704,101,10,1418.07,805.78,0,0,0,0,0,0,0,5,60,0,1730.82,941.03,0
23.0807,115,21,2000,1071.15,10.2467,1.47012,11.4,1,1,4,0.1,5,60,4,1462.3,1001.73,0
23.0815,116,27,1669.08,1288.55,9.37,2.84309,12.8,0,1,4,0.1,5,60,0,1877.3,2038.32,10.11
23.0896,127,46,2000,1869.95,0,0,0,1,0,0,0,5,60,4,1343.78,1263.06,13.44
23.0911,129,19,1459.93,998.13,0,0,0,0,0,0,0,5,60,0,2226.23,1167.95,16.03
23.0919,130,45,2000,1863.69,15.2028,-2.96193,-19.4,1,1,6,0.2,5,60,4,1848.89,1896.92,10.24
23.1022,9,27,1469.93,1369.12,7.73,2.7967,0,0,0,0,0,5,60,0,1742.39,958.375,0
23.1037,11,12,1773.23,916.227,16.16,2.51148,0,0,0,0,0,5,60,0,1261.13,1302.1,6.13
23.117,29,27,1681.52,1257.84,0.134125,1.10629,0,1,1,393,0.45,5,60,4,1612.38,1574.19,12.57
23.137,56,20,1793.31,1031.33,0,0,0,1,1,265,0.35,5,60,4,1636.38,1184.11,11.57
23.14,60,19,1497.15,1007.14,0,0,0,0,0,0,0,5,60,0,1616,1853.26,16.83
23.1437,65,20,1719.13,979.98,0,0,0,0,0,0,0,5,60,0,1431.33,994.63,0
23.1533,78,18,1453.36,987.188,0,0,0,1,1,329,0.4,5,60,4,1325.39,1275.76,7.75
23.1541,79,19,1627.6,1157.22,13.4923,1.10822,0,1,1,461,0.6,5,60,4,1821.56,1701.34,12.27
23.1644,93,19,1490.23,1006.13,0,0,0,0,0,0,0,5,60,0,2098.19,1882.36,7.5
23.1659,95,26,1243.99,1305.8,7.38,3.08179,0,0,0,0,0,5,60,0,1418.07,805.78,0
23.1667,96,19,1606.18,1114.76,8.1743,1.07747,0,1,1,301,0.6,5,60,4,1202.91,1365.71,7.98
23.1704,101,10,1418.07,805.78,0,0,0,0,0,0,0,5,60,0,1730.82,941.03,0
23.1807,115,21,2000,1069.96,9.25274,1.47012,0,1,1,4,0.1,5,60,4,1462.3,1001.73,0
23.1815,116,27,1668.18,1288.82,9.37,2.84309,0,0,0,0,0,5,60,0,1877.13,2037.32,10.11
23.1896,127,46,2000,1867.89,0,0,0,1,0,0,0,5,60,4,1344.95,1262.4,13.44
23.1911,129,19,1459.93,998.13,0,0,0,0,0,0,0,5,60,0,2224.65,1168.2,16.03
23.1919,130,45,2000,1861.39,13.7048,-2.96193,0,1,1,4,0.1,5,60,4,1847.88,1897.09,10.24
23.2022,9,27,1469.21,1369.39,7.73,2.7967,0,0,0,0,0,5,60,0,1742.39,958.375,0
23.2037,11,12,1771.92,917.18,16.16,2.51148,0,0,0,0,0,5,60,0,1260.54,1302.26,6.13
23.217,29,27,1684.11,1255.8,0.120459,1.10629,0,1,1,425,0.6,5,60,4,1613.64,1574.14,12.57
23.237,56,20,1795.87,1029.31,0,0,0,1,1,265,0.35,5,60,4,1635.82,1183.1,11.57
23.24,60,19,1497.15,1007.14,0,0,0,0,0,0,0,5,60,0,1616.33,1854.91,16.83
23.2437,65,20,1719.13,979.98,0,0,0,0,0,0,0,5,60,0,1431.33,994.63,0
23.2533,78,18,1455.9,985.175,0,0,0,1,1,329,0.4,5,60,4,1326.1,1275.43,7.75
23.2541,79,19,1630.69,1156.33,12.0544,1.10822,0,1,1,493,0.75,5,60,4,1821.35,1700.13,12.27
23.2644,93,19,1490.23,1006.13,0,0,0,0,0,0,0,5,60,0,2098.92,1882.53,7.5
23.2659,95,26,1243.26,1305.85,7.38,3.08179,0,0,0,0,0,5,60,0,1418.07,805.78,0
23.2667,96,19,1609.07,1113.44,7.2907,1.07747,0,1,1,301,0.6,5,60,4,1203.06,1364.93,7.98
23.2704,101,10,1418.07,805.78,0,0,0,0,0,0,0,5,60,0,1730.82,941.03,0
23.2807,115,21,2000,1068.85,8.23742,1.47012,0,1,1,4,0.1,5,60,4,1462.3,1001.73,0
23.2815,116,27,1667.29,1289.1,9.37,2.84309,0,0,0,0,0,5,60,0,1876.96,2036.33,10.11
23.2896,127,46,2000,1865.91,0,0,0,1,0,0,0,5,60,4,1346.12,1261.74,13.44
23.2911,129,19,1459.93,998.13,0,0,0,0,0,0,0,5,60,0,2223.07,1168.45,16.03
23.2919,130,45,2000,1859.17,12.1839,-2.96193,0,1,1,4,0.1,5,60,4,1846.87,1897.27,10.24
23.3022,9,27,1468.48,1369.65,7.73,2.7967,0,0,0,0,0,5,60,0,1742.39,958.375,0
23.3037,11,12,1770.61,918.132,16.16,2.51148,0,0,0,0,0,5,60,0,1259.95,1302.42,6.13
23.317,29,27,1686.58,1253.86,0.106768,1.10629,0,1,1,425,0.6,5,60,4,1614.89,1574.09,12.57
23.337,56,20,1798.3,1027.38,0,0,0,1,1,265,0.35,5,60,4,1635.26,1182.09,11.57
23.34,60,19,1497.15,1007.14,0,0,0,0,0,0,0,5,60,0,1616.65,1856.57,16.83
23.3437,65,20,1719.13,979.98,0,0,0,0,0,0,0,5,60,0,1431.33,994.63,0
23.3533,78,18,1458.32,983.261,0,0,0,1,1,329,0.4,5,60,4,1326.8,1275.11,7.75
23.3541,79,19,1633.66,1155.54,10.6419,1.10822,0,1,1,365,0.65,5,60,4,1821.13,1698.92,12.27
23.3644,93,19,1490.23,1006.13,0,0,0,0,0,0,0,5,60,0,2099.65,1882.69,7.5
23.3659,95,26,1242.52,1305.89,7.38,3.08179,0,0,0,0,0,5,60,0,1418.07,805.78,0
23.3667,96,19,1611.82,1112.22,6.42877,1.07747,0,1,1,301,0.6,5,60,4,1203.22,1364.14,7.98
23.3704,101,10,1418.07,805.78,0,0,0,0,0,0,0,5,60,0,1730.82,941.03,0
23.3807,115,21,2000,1067.84,7.2545,1.47012,0,1,1,4,0.1,5,60,4,1462.3,1001.73,0
23.3815,116,27,1666.39,1289.37,9.37,2.84309,0,0,0,0,0,5,60,0,1876.79,2035.33,10.11
23.3896,127,46,2000,1864.03,0,0,0,1,0,0,0,5,60,4,1347.3,1261.08,13.44
23.3911,129,19,1459.93,998.13,0,0,0,0,0,0,0,5,60,0,2221.48,1168.7,16.03
23.3919,130,45,2000,1857.06,10.7203,-2.96193,0,1,1,4,0.1,5,60,4,1845.86,1897.44,10.24
23.4022,9,27,1467.75,1369.91,7.73,2.7967,0,0,0,0,0,5,60,0,1742.39,958.375,0
23.4037,11,12,1769.31,919.084,16.16,2.51148,0,0,0,0,0,5,60,0,1259.36,1302.58,6.13
23.417,29,27,1688.9,1252.03,0.0937747,1.10629,0,1,1,425,0.6,5,60,4,1616.15,1574.05,12.57
23.437,56,20,1800.58,1025.56,0,0,0,1,1,265,0.35,5,60,4,1634.7,1181.08,11.57
23.44,60,19,1497.15,1007.14,0,0,0,0,0,0,0,5,60,0,1616.98,1858.22,16.83
23.4437,65,20,1719.13,979.98,0,0,0,0,0,0,0,5,60,0,1431.33,994.63,0
23.4533,78,18,1460.57,981.46,0,0,0,1,1,329,0.4,5,60,4,1327.5,1274.79,7.75
23.4541,79,19,1636.47,1154.86,9.3296,1.10822,0,1,1,365,0.65,5,60,4,1820.92,1697.71,12.27
23.4644,93,19,1490.23,1006.13,0,0,0,0,0,0,0,5,60,0,2100.38,1882.86,7.5
23.4659,95,26,1241.78,1305.93,7.38,3.08179,0,0,0,0,0,5,60,0,1418.07,805.78,0
23.4667,96,19,1614.42,1111.11,5.63378,1.07747,0,1,1,301,0.6,5,60,4,1203.38,1363.36,7.98
23.4704,101,10,1418.07,805.78,0,0,0,0,0,0,0,5,60,0,1730.82,941.03,0
23.4807,115,21,2000,1066.96,6.3556,1.47012,0,1,1,4,0.1,5,60,4,1462.3,1001.73,0
23.4815,116,27,1665.5,1289.65,9.37,2.84309,0,0,0,0,0,5,60,0,1876.62,2034.33,10.11
23.4896,127,46,2000,1862.28,0,0,0,1,0,0,0,5,60,4,1348.47,1260.43,13.44
23.4911,129,19,1459.93,998.13,0,0,0,0,0,0,0,5,60,0,2219.9,1168.95,16.03
23.4919,130,45,2000,1855.07,9.3909,-2.96193,0,1,1,4,0.1,5,60,4,1844.85,1897.62,10.24
23.5022,9,27,1467.02,1370.17,7.73,2.7967,0,0,0,0,0,5,60,0,1742.39,958.375,0
23.5037,11,12,1768,920.036,16.16,2.51148,0,0,0,0,0,5,60,0,1258.77,1302.75,6.13
23.517,29,27,1691.04,1250.32,0.0821628,1.10629,0,1,1,425,0.6,5,60,4,1617.41,1574,12.57
23.537,56,20,1802.68,1023.86,0,0,0,1,1,265,0.35,5,60,4,1634.14,1180.06,11.57
23.54,60,19,1497.15,1007.14,0,0,0,0,0,0,0,5,60,0,1617.3,1859.87,16.83
23.5437,65,20,1719.13,979.98,0,0,0,0,0,0,0,5,60,0,1431.33,994.63,0
23.5533,78,18,1462.63,979.788,0,0,0,1,1,329,0.4,5,60,4,1328.21,1274.46,7.75
23.5541,79,19,1639.1,1154.31,8.18635,1.10822,0,1,1,365,0.65,5,60,4,1820.71,1696.51,12.27
23.5644,93,19,1490.23,1006.13,0,0,0,0,0,0,0,5,60,0,2101.12,1883.03,7.5
23.5659,95,26,1241.05,1305.98,7.38,3.08179,0,0,0,0,0,5,60,0,1418.07,805.78,0
23.5667,96,19,1616.82,1110.14,4.94761,1.07747,0,1,1,301,0.6,5,60,4,1203.53,1362.58,7.98
23.5704,101,10,1418.07,805.78,0,0,0,0,0,0,0,5,60,0,1730.82,941.03,0
23.5807,115,21,2000,1066.21,5.58807,1.47012,0,1,1,4,0.1,5,60,4,1462.3,1001.73,0
23.5815,116,27,1664.6,1289.92,9.37,2.84309,0,0,0,0,0,5,60,0,1876.45,2033.34,10.11
23.5896,127,46,2000,1860.66,0,0,0,1,0,0,0,5,60,4,1349.64,1259.77,13.44
23.5911,129,19,1459.93,998.13,0,0,0,0,0,0,0,5,60,0,2218.31,1169.19,16.03
23.5919,130,45,2000,1853.22,8.26597,-2.96193,0,1,1,4,0.1,5,60,4,1843.84,1897.79,10.24
23.6022,9,27,1466.3,1370.43,7.73,2.7967,0,0,0,0,0,5,60,0,1742.39,958.375,0
23.6037,11,12,1766.7,920.989,16.16,2.51148,0,0,0,0,0,5,60,0,1258.18,1302.91,6.13
23.617,29,27,1692.97,1248.75,0.0725436,1.10629,0,1,1,425,0.6,5,60,4,1618.66,1573.96,12.57
23.637,56,20,1804.57,1022.31,0,0,0,1,1,265,0.35,5,60,4,1633.58,1179.05,11.57
23.64,60,19,1497.15,1007.14,0,0,0,0,0,0,0,5,60,0,1617.63,1861.52,16.83
23.6437,65,20,1719.13,979.98,0,0,0,0,0,0,0,5,60,0,1431.33,994.63,0
23.6533,78,18,1464.48,978.258,0,0,0,1,1,329,0.4,5,60,4,1328.91,1274.14,7.75
23.6541,79,19,1641.51,1153.91,7.27238,1.10822,0,1,1,365,0.65,5,60,4,1820.49,1695.3,12.27
23.6644,93,19,1490.23,1006.13,0,0,0,0,0,0,0,5,60,0,2101.85,1883.2,7.5
23.6659,95,26,1240.31,1306.02,7.38,3.08179,0,0,0,0,0,5,60,0,1418.07,805.78,0
23.6667,96,19,1619.01,1109.31,4.40633,1.07747,0,1,1,301,0.6,5,60,4,1203.69,1361.8,7.98
23.6704,101,10,1418.07,805.78,0,0,0,0,0,0,0,5,60,0,1730.82,941.03,0
23.6807,115,21,2000,1065.6,4.99224,1.47012,0,1,1,4,0.1,5,60,4,1462.3,1001.73,0
23.6815,116,27,1663.71,1290.2,9.37,2.84309,0,0,0,0,0,5,60,0,1876.27,2032.34,10.11
23.6896,127,46,2000,1859.18,0,0,0,1,0,0,0,5,60,4,1350.81,1259.11,13.44
23.6911,129,19,1459.93,998.13,0,0,0,0,0,0,0,5,60,0,2216.73,1169.44,16.03
23.6919,130,45,2000,1851.51,7.40444,-2.96193,0,1,1,4,0.1,5,60,4,1842.83,1897.97,10.24
23.7022,9,27,1465.57,1370.69,7.73,2.7967,0,0,0,0,0,5,60,0,1742.39,958.375,0
23.7037,11,12,1765.39,921.941,16.16,2.51148,0,0,0,0,0,5,60,0,1257.58,1303.07,6.13
23.717,29,27,1694.69,1247.33,0.0654229,1.10629,0,1,1,425,0.6,5,60,4,1619.92,1573.91,12.57
23.737,56,20,1806.23,1020.91,0,0,0,1,1,265,0.35,5,60,4,1633.02,1178.04,11.57
23.74,60,19,1497.15,1007.14,0,0,0,0,0,0,0,5,60,0,1617.95,1863.17,16.83
23.7437,65,20,1719.13,979.98,0,0,0,0,0,0,0,5,60,0,1431.33,994.63,0
23.7533,78,18,1466.1,976.883,0,0,0,1,1,329,0.4,5,60,4,1329.62,1273.81,7.75
23.7541,79,19,1643.68,1153.65,6.63576,1.10822,0,1,1,365,0.65,5,60,4,1820.28,1694.09,12.27
23.7644,93,19,1490.23,1006.13,0,0,0,0,0,0,0,5,60,0,2102.58,1883.36,7.5
23.7659,95,26,1239.57,1306.07,7.38,3.08179,0,0,0,0,0,5,60,0,1418.07,805.78,0
23.7667,96,19,1620.96,1108.63,4.03859,1.07747,0,1,1,301,0.6,5,60,4,1203.85,1361.01,7.98
23.7704,101,10,1418.07,805.78,0,0,0,0,0,0,0,5,60,0,1730.82,941.03,0
23.7807,115,21,2000,1065.15,4.59969,1.47012,0,1,0,0,0,5,60,4,1462.3,1001.73,0
23.7815,116,27,1662.81,1290.48,9.37,2.84309,0,0,0,0,0,5,60,0,1876.1,2031.34,10.11
23.7896,127,46,2000,1857.86,0,0,0,1,0,0,0,5,60,4,1351.98,1258.45,13.44
23.7911,129,19,1459.93,998.13,0,0,0,0,0,0,0,5,60,0,2215.15,1169.69,16.03
23.7919,130,45,2000,1849.96,6.85185,-2.96193,0,1,1,4,0.1,5,60,4,1841.83,1898.14,10.24
23.8022,9,27,1464.84,1370.95,7.73,2.7967,0,0,0,0,0,5,60,0,1742.39,958.375,0
23.8037,11,12,1764.09,922.893,16.16,2.51148,0,0,0,0,0,5,60,0,1256.99,1303.24,6.13
23.817,29,27,1696.15,1246.07,0.0611775,1.10629,0,1,1,425,0.6,5,60,4,1621.17,1573.86,12.57
23.837,56,20,1807.63,1019.67,0,0,0,1,1,265,0.35,5,60,4,1632.46,1177.03,11.57
23.84,60,19,1497.15,1007.14,0,0,0,0,0,0,0,5,60,0,1618.28,1864.82,16.83
23.8437,65,20,1719.13,979.98,0,0,0,0,0,0,0,5,60,0,1431.33,994.63,0
23.8533,78,18,1467.47,975.673,0,0,0,1,1,329,0.4,5,60,4,1330.32,1273.49,7.75
23.8541,79,19,1645.61,1153.57,6.31017,1.10822,0,1,1,365,0.65,5,60,4,1820.06,1692.88,12.27
23.8644,93,19,1490.23,1006.13,0,0,0,0,0,0,0,5,60,0,2103.31,1883.53,7.5
23.8593,86,36,1839.32,1671.19,6.1183,-1.74566,0,1,0,0,0,5,60,4,1347.85,1264.46,8.89
23.8659,95,26,1238.84,1306.11,7.38,3.08179,0,0,0,0,0,5,60,0,1418.07,805.78,0
23.8667,96,19,1622.65,1108.12,3.86367,1.07747,0,1,1,301,0.6,5,60,4,1204.01,1360.23,7.98
23.8704,101,10,1418.07,805.78,0,0,0,0,0,0,0,5,60,0,1730.82,941.03,0
23.8807,115,21,2000,1064.86,4.43097,1.47012,0,1,0,0,0,5,60,4,1462.3,1001.73,0
23.8815,116,27,1661.92,1290.75,9.37,2.84309,0,0,0,0,0,5,60,0,1875.93,2030.35,10.11
23.8896,127,46,2000,1856.72,0,0,0,1,0,0,0,5,60,4,1353.15,1257.79,13.44
23.8911,129,19,1459.93,998.13,0,0,0,0,0,0,0,5,60,0,2213.56,1169.94,16.03
23.8919,130,45,2000,1848.58,6.63731,-2.96193,0,1,0,0,0,5,60,4,1840.82,1898.32,10.24
23.9022,9,27,1464.11,1371.22,7.73,2.7967,0,0,0,0,0,5,60,0,1742.39,958.375,0
23.9037,11,12,1762.78,923.845,16.16,2.51148,0,0,0,0,0,5,60,0,1256.4,1303.4,6.13
23.917,29,27,1697.35,1244.98,0.0600299,1.10629,0,1,1,425,0.6,5,60,4,1622.43,1573.82,12.57
23.937,56,20,1808.77,1018.6,0,0,0,1,1,265,0.35,5,60,4,1631.9,1176.01,11.57
23.94,60,19,1497.15,1007.14,0,0,0,0,0,0,0,5,60,0,1618.6,1866.47,16.83
23.9437,65,20,1719.13,979.98,0,0,0,0,0,0,0,5,60,0,1431.33,994.63,0
23.9533,78,18,1468.56,974.638,0,0,0,1,1,329,0.4,5,60,4,1331.02,1273.17,7.75
23.9541,79,19,1647.26,1153.66,6.31269,1.10822,0,1,1,365,0.65,5,60,4,1819.85,1691.67,12.27
23.9593,86,36,1840.12,1669.03,6.14538,-1.74566,0,1,0,0,0,5,60,4,1348.58,1264.06,8.89
23.9644,93,19,1490.23,1006.13,0,0,0,0,0,0,0,5,60,0,2104.04,1883.7,7.5
23.9659,95,26,1238.1,1306.15,7.38,3.08179,0,0,0,0,0,5,60,0,1418.07,805.78,0
23.9667,96,19,1624.07,1107.79,3.8908,1.07747,0,1,1,301,0.6,5,60,4,1204.16,1359.45,7.98
23.9704,101,10,1418.07,805.78,0,0,0,0,0,0,0,5,60,0,1730.82,941.03,0
23.9807,115,21,2000,1064.76,4.49498,1.47012,0,1,0,0,0,5,60,4,1462.3,1001.73,0
23.9815,116,27,1661.02,1291.03,9.37,2.84309,0,0,0,0,0,5,60,0,1875.76,2029.35,10.11
23.9896,127,46,2000,1855.75,0,0,0,1,0,0,0,5,60,4,1354.33,1257.13,13.44
23.9911,129,19,1459.93,998.13,0,0,0,0,0,0,0,5,60,0,2211.98,1170.19,16.03
23.9919,130,45,2000,1847.38,6.77211,-2.96193,0,1,0,0,0,5,60,4,1839.81,1898.49,10.24
24.0022,9,27,1463.38,1371.48,8.79,2.79626,10.6,0,1,4,0.1,5,60,0,1742.39,958.375,0
24.0037,11,12,1761.49,924.785,16.23,2.5108,0.7,0,0,0,0,5,60,0,1255.81,1303.56,7.16
24.017,29,27,1698.27,1244.07,0.0258503,1.10702,-0.7,1,1,425,0.6,5,60,4,1623.68,1573.77,11.94
24.037,56,20,1809.63,1017.72,0,0,0,1,1,265,0.35,5,60,4,1631.37,1175.02,10.75
24.04,60,19,1497.15,1007.14,0,0,0,0,0,0,0,5,60,0,1618.92,1868.18,18.09
24.0437,65,20,1719.13,979.98,0,0,0,0,0,0,0,5,60,0,1431.33,994.63,0
24.0533,78,18,1469.37,973.787,0,0,0,1,1,329,0.4,5,60,4,1331.77,1272.81,8.61
24.0541,79,19,1648.64,1153.87,6.19817,1.05668,-8.4,1,1,365,0.65,5,60,4,1819.63,1690.45,12.64
24.0593,86,36,1840.71,1667.04,6.05206,-1.74562,-8.1,1,1,4,0.1,5,60,4,1349.42,1263.59,10.16
24.0644,93,19,1490.23,1006.13,0,0,0,0,0,0,0,5,60,0,2104.77,1883.73,8.5
24.0659,95,26,1237.31,1306.19,8.17,3.09628,7.9,0,1,4,0.1,5,60,0,1418.07,805.78,0
24.0667,96,19,1625.24,1107.7,4.76039,1.0764,12,1,1,301,0.6,5,60,4,1204.35,1358.59,9.18
24.0704,101,10,1418.07,805.78,0,0,0,0,0,0,0,5,60,0,1730.82,941.03,0
24.0807,115,21,2000,1064.89,5.14545,1.46966,6.6,1,1,4,0.1,5,60,4,1462.3,1001.73,0
24.0815,116,27,1660.1,1291.33,10.09,2.82016,7.2,0,1,4,0.1,5,60,0,1875.58,2028.28,11.09
24.0896,127,46,2000,1854.96,0,0,0,1,0,0,0,5,60,4,1355.62,1256.4,15.35
24.0911,129,19,1459.93,998.13,0,0,0,0,0,0,0,5,60,0,2210.42,1170.43,15.77
24.0919,130,45,2000,1846.66,8.05209,3.0835,14.7,1,1,6,0.2,5,60,4,1838.84,1898.67,9.82
24.1022,9,27,1462.56,1371.78,8.79,2.79626,0,0,0,0,0,5,60,0,1742.39,958.375,0
24.1037,11,12,1760.18,925.743,16.23,2.5108,0,0,0,0,0,5,60,0,1255.11,1303.72,7.16
24.117,29,27,1698.9,1243.34,0.02796,1.10702,0,1,1,425,0.6,5,60,4,1624.87,1573.73,11.94
24.137,56,20,1810.2,1017.03,0,0,0,1,1,265,0.35,5,60,4,1630.88,1174.07,10.75
24.14,60,19,1497.15,1007.14,0,0,0,0,0,0,0,5,60,0,1619.23,1869.96,18.09
24.1437,65,20,1719.13,979.98,0,0,0,0,0,0,0,5,60,0,1431.33,994.63,0
24.1533,78,18,1469.89,973.126,0,0,0,1,1,329,0.4,5,60,4,1332.54,1272.43,8.61
24.1541,79,19,1649.73,1154.23,6.79626,1.05668,0,1,1,333,0.5,5,60,4,1819.41,1689.2,12.64
24.1593,86,36,1841.01,1665.27,6.64776,-1.74562,0,1,1,4,0.1,5,60,4,1350.31,1263.09,10.16
24.1644,93,19,1490.23,1006.13,0,0,0,0,0,0,0,5,60,0,2105.62,1883.71,8.5
24.1659,95,26,1236.5,1306.23,8.17,3.09628,0,0,0,0,0,5,60,0,1418.07,805.78,0
24.1667,96,19,1626.14,1107.85,5.24163,1.0764,0,1,1,301,0.6,5,60,4,1204.56,1357.7,9.18
24.1704,101,10,1418.07,805.78,0,0,0,0,0,0,0,5,60,0,1730.82,941.03,0
24.1807,115,21,2000,1065.23,5.69054,1.46966,0,1,1,4,0.1,5,60,4,1462.3,1001.73,0
24.1815,116,27,1659.14,1291.65,10.09,2.82016,0,0,0,0,0,5,60,0,1875.39,2027.19,11.09
24.1896,127,46,2000,1854.37,0,0,0,1,0,0,0,5,60,4,1356.95,1255.64,15.35
24.1911,129,19,1459.93,998.13,0,0,0,0,0,0,0,5,60,0,2208.86,1170.68,15.77
24.1919,130,45,2000,1846.16,8.93419,3.0835,0,1,1,4,0.1,5,60,4,1837.87,1898.86,9.82
24.2022,9,27,1461.73,1372.07,8.79,2.79626,0,0,0,0,0,5,60,0,1742.39,958.375,0
24.2037,11,12,1758.87,926.7,16.23,2.5108,0,0,0,0,0,5,60,0,1254.41,1303.88,7.16
24.217,29,27,1699.23,1242.81,0.0312304,1.10702,0,1,1,425,0.6,5,60,4,1626.06,1573.68,11.94
24.237,56,20,1810.47,1016.53,0,0,0,1,1,265,0.35,5,60,4,1630.39,1173.11,10.75
24.24,60,19,1497.15,1007.14,0,0,0,0,0,0,0,5,60,0,1619.53,1871.74,18.09
24.2437,65,20,1719.13,979.98,0,0,0,0,0,0,0,5,60,0,1431.33,994.63,0
24.2533,78,18,1470.11,972.662,0,0,0,1,1,329,0.4,5,60,4,1333.31,1272.05,8.61
24.2541,79,19,1650.52,1154.79,7.6526,1.05668,0,1,1,365,0.65,5,60,4,1819.19,1687.96,12.64
24.2593,86,36,1841.01,1663.7,7.49262,-1.74562,0,1,1,4,0.1,5,60,4,1351.19,1262.59,10.16
24.2644,93,19,1490.23,1006.13,0,0,0,0,0,0,0,5,60,0,2106.47,1883.7,8.5
24.2659,95,26,1235.68,1306.27,8.17,3.09628,0,0,0,0,0,5,60,0,1418.07,805.78,0
24.2667,96,19,1626.74,1108.19,5.91562,1.0764,0,1,1,301,0.6,5,60,4,1204.77,1356.8,9.18
24.2704,101,10,1418.07,805.78,0,0,0,0,0,0,0,5,60,0,1730.82,941.03,0
24.2807,115,21,2000,1065.77,6.4368,1.46966,0,1,1,4,0.1,5,60,4,1462.3,1001.73,0
24.2815,116,27,1658.19,1291.97,10.09,2.82016,0,0,0,0,0,5,60,0,1875.2,2026.09,11.09
24.2896,127,46,2000,1853.98,0,0,0,1,0,0,0,5,60,4,1358.29,1254.88,15.35
24.2911,129,19,1459.93,998.13,0,0,0,0,0,0,0,5,60,0,2207.3,1170.92,15.77
24.2919,130,45,2000,1845.85,10.1221,3.0835,0,1,1,4,0.1,5,60,4,1836.91,1899.04,9.82
24.3022,9,27,1460.9,1372.37,8.79,2.79626,0,0,0,0,0,5,60,0,1742.39,958.375,0
24.3037,11,12,1757.56,927.657,16.23,2.5108,0,0,0,0,0,5,60,0,1253.71,1304.04,7.16
24.317,29,27,1699.26,1242.48,0.0354899,1.10702,0,1,1,425,0.6,5,60,4,1627.26,1573.64,11.94
24.337,56,20,1810.43,1016.24,0,0,0,1,1,265,0.35,5,60,4,1629.9,1172.15,10.75
24.34,60,19,1497.15,1007.14,0,0,0,0,0,0,0,5,60,0,1619.84,1873.53,18.09
24.3437,65,20,1719.13,979.98,0,0,0,0,0,0,0,5,60,0,1431.33,994.63,0
24.3533,78,18,1470.03,972.397,0,0,0,1,1,329,0.4,5,60,4,1334.08,1271.67,8.61
24.3541,79,19,1651.01,1155.54,8.72224,1.05668,0,1,1,365,0.65,5,60,4,1818.97,1686.71,12.64
24.3593,86,36,1840.71,1662.32,8.54221,-1.74562,0,1,1,4,0.1,5,60,4,1352.08,1262.09,10.16
24.3644,93,19,1490.23,1006.13,0,0,0,0,0,0,0,5,60,0,2107.32,1883.68,8.5
24.3659,95,26,1234.86,1306.31,8.17,3.09628,0,0,0,0,0,5,60,0,1418.07,805.78,0
24.3667,96,19,1627.04,1108.74,6.74671,1.0764,0,1,1,301,0.6,5,60,4,1204.97,1355.91,9.18
24.3704,101,10,1418.07,805.78,0,0,0,0,0,0,0,5,60,0,1730.82,941.03,0
24.3807,115,21,2000,1066.5,7.345,1.46966,0,1,1,4,0.1,5,60,4,1462.3,1001.73,0
24.3815,116,27,1657.23,1292.29,10.09,2.82016,0,0,0,0,0,5,60,0,1875.01,2025,11.09
24.3896,127,46,2000,1853.79,0,0,0,1,0,0,0,5,60,4,1359.62,1254.12,15.35
24.3911,129,19,1459.93,998.13,0,0,0,0,0,0,0,5,60,0,2205.75,1171.17,15.77
24.3919,130,45,2000,1845.75,11.5532,3.0835,0,1,1,4,0.1,5,60,4,1835.94,1899.22,9.82
24.4022,9,27,1460.08,1372.67,8.79,2.79626,0,0,0,0,0,5,60,0,1742.39,958.375,0
24.4037,11,12,1756.25,928.614,16.23,2.5108,0,0,0,0,0,5,60,0,1253.02,1304.2,7.16
24.417,29,27,1698.98,1242.34,0.040513,1.10702,0,1,1,425,0.6,5,60,4,1628.45,1573.6,11.94
24.437,56,20,1810.1,1016.14,0,0,0,1,1,265,0.35,5,60,4,1629.41,1171.2,10.75
24.44,60,19,1497.15,1007.14,0,0,0,0,0,0,0,5,60,0,1620.15,1875.31,18.09
24.4437,65,20,1719.13,979.98,0,0,0,0,0,0,0,5,60,0,1431.33,994.63,0
24.4533,78,18,1469.64,972.334,0,0,0,1,1,329,0.4,5,60,4,1334.86,1271.29,8.61
24.4541,79,19,1651.2,1156.5,9.94857,1.05668,0,1,1,365,0.65,5,60,4,1818.75,1685.47,12.64
24.4593,86,36,1840.11,1661.15,9.74141,-1.74562,0,1,1,4,0.1,5,60,4,1352.96,1261.58,10.16
24.4644,93,19,1490.23,1006.13,0,0,0,0,0,0,0,5,60,0,2108.17,1883.67,8.5
24.4659,95,26,1234.05,1306.34,8.17,3.09628,0,0,0,0,0,5,60,0,1418.07,805.78,0
24.4667,96,19,1627.04,1109.49,7.6912,1.0764,0,1,1,301,0.6,5,60,4,1205.18,1355.01,9.18
24.4704,101,10,1418.07,805.78,0,0,0,0,0,0,0,5,60,0,1730.82,941.03,0
24.4807,115,21,2000,1067.44,8.36713,1.46966,0,1,1,4,0.1,5,60,4,1462.3,1001.73,0
24.4815,116,27,1656.27,1292.6,10.09,2.82016,0,0,0,0,0,5,60,0,1874.82,2023.91,11.09
24.4896,127,46,2000,1853.8,0,0,0,1,0,0,0,5,60,4,1360.96,1253.36,15.35
24.4911,129,19,1459.93,998.13,0,0,0,0,0,0,0,5,60,0,2204.19,1171.41,15.77
24.4919,130,45,2000,1845.85,13.1521,3.0835,0,1,1,4,0.1,5,60,4,1834.98,1899.41,9.82
24.5022,9,27,1459.25,1372.97,8.79,2.79626,0,0,0,0,0,5,60,0,1742.39,958.375,0
24.5037,11,12,1754.94,929.572,16.23,2.5108,0,0,0,0,0,5,60,0,1252.32,1304.36,7.16
24.517,29,27,1698.41,1242.42,0.0460357,1.10702,0,1,1,297,0.5,5,60,4,1629.64,1573.55,11.94
24.537,56,20,1809.47,1016.25,0,0,0,1,1,265,0.35,5,60,4,1628.92,1170.24,10.75
24.54,60,19,1497.15,1007.14,0,0,0,0,0,0,0,5,60,0,1620.45,1877.09,18.09
24.5437,65,20,1719.13,979.98,0,0,0,0,0,0,0,5,60,0,1431.33,994.63,0
24.5533,78,18,1468.96,972.473,0,0,0,1,1,329,0.4,5,60,4,1335.63,1270.91,8.61
24.5541,79,19,1651.09,1157.66,11.2671,1.05668,0,1,1,365,0.65,5,60,4,1818.53,1684.22,12.64
24.5593,86,36,1839.22,1660.18,11.0267,-1.74562,0,1,1,4,0.1,5,60,4,1353.84,1261.08,10.16
24.5644,93,19,1490.23,1006.13,0,0,0,0,0,0,0,5,60,0,2109.02,1883.65,8.5
24.5659,95,26,1233.23,1306.38,8.17,3.09628,0,0,0,0,0,5,60,0,1418.07,805.78,0
24.5667,96,19,1626.74,1110.44,8.69935,1.0764,0,1,1,297,0.5,5,60,4,1205.39,1354.12,9.18
24.5704,101,10,1418.07,805.78,0,0,0,0,0,0,0,5,60,0,1730.82,941.03,0
24.5807,115,21,2000,1068.58,9.44944,1.46966,0,1,1,4,0.1,5,60,4,1462.3,1001.73,0
24.5815,116,27,1655.31,1292.92,10.09,2.82016,0,0,0,0,0,5,60,0,1874.64,2022.81,11.09
24.5896,127,46,2000,1854.01,0,0,0,1,0,0,0,5,60,4,1362.29,1252.61,15.35
24.5911,129,19,1459.93,998.13,0,0,0,0,0,0,0,5,60,0,2202.63,1171.66,15.77
24.5919,130,45,2000,1846.16,14.8345,3.0835,0,1,1,4,0.1,5,60,4,1834.01,1899.59,9.82
24.6022,9,27,1458.42,1373.26,8.79,2.79626,0,0,0,0,0,5,60,0,1742.39,958.375,0
24.6037,11,12,1753.63,930.529,16.23,2.5108,0,0,0,0,0,5,60,0,1251.62,1304.52,7.16
24.617,29,27,1697.55,1242.69,0.0517673,1.10702,0,1,1,297,0.5,5,60,4,1630.84,1573.51,11.94
24.637,56,20,1808.54,1016.55,0,0,0,1,1,265,0.35,5,60,4,1628.43,1169.28,10.75
24.64,60,19,1497.15,1007.14,0,0,0,0,0,0,0,5,60,0,1620.76,1878.87,18.09
24.6437,65,20,1719.13,979.98,0,0,0,0,0,0,0,5,60,0,1431.33,994.63,0
24.6533,78,18,1468,972.813,0,0,0,1,1,329,0.4,5,60,4,1336.4,1270.53,8.61
24.6541,79,19,1650.7,1159.02,12.6087,1.05668,0,1,1,365,0.65,5,60,4,1818.31,1682.98,12.64
24.6593,86,36,1838.03,1659.41,12.3307,-1.74562,0,1,1,4,0.1,5,60,4,1354.73,1260.58,10.16
24.6644,93,19,1490.23,1006.13,0,0,0,0,0,0,0,5,60,0,2109.87,1883.63,8.5
24.6659,95,26,1232.41,1306.42,8.17,3.09628,0,0,0,0,0,5,60,0,1418.07,805.78,0
24.6667,96,19,1626.16,1111.59,9.7182,1.0764,0,1,1,301,0.6,5,60,4,1205.59,1353.23,9.18
24.6704,101,10,1418.07,805.78,0,0,0,0,0,0,0,5,60,0,1730.82,941.03,0
24.6807,115,21,2000,1069.92,10.5351,1.46966,0,1,1,4,0.1,5,60,4,1462.3,1001.73,0
24.6815,116,27,1654.36,1293.24,10.09,2.82016,0,0,0,0,0,5,60,0,1874.45,2021.72,11.09
24.6896,127,46,2000,1854.43,0,0,0,1,0,0,0,5,60,4,1363.62,1251.85,15.35
24.6911,129,19,1459.93,998.13,0,0,0,0,0,0,0,5,60,0,2201.07,1171.9,15.77
24.6919,130,45,2000,1846.66,16.5121,3.0835,0,1,1,4,0.1,5,60,4,1833.05,1899.77,9.82
24.7022,9,27,1457.59,1373.56,8.79,2.79626,0,0,0,0,0,5,60,0,1742.39,958.375,0
24.7037,11,12,1752.32,931.486,16.23,2.5108,0,0,0,0,0,5,60,0,1250.92,1304.68,7.16
24.717,29,27,1696.41,1243.16,0.0574064,1.10702,0,1,1,297,0.5,5,60,4,1632.03,1573.46,11.94
24.737,56,20,1807.34,1017.06,0,0,0,1,1,265,0.35,5,60,4,1627.94,1168.33,10.75
24.74,60,19,1497.15,1007.14,0,0,0,0,0,0,0,5,60,0,1621.07,1880.66,18.09
24.7437,65,20,1719.13,979.98,0,0,0,0,0,0,0,5,60,0,1431.33,994.63,0
24.7533,78,18,1466.75,973.352,0,0,0,1,1,329,0.4,5,60,4,1337.17,1270.15,8.61
24.7541,79,19,1650.02,1160.58,13.9022,1.05668,0,1,1,365,0.65,5,60,4,1818.09,1681.73,12.64
24.7593,86,36,1836.58,1658.84,13.5846,-1.74562,0,1,1,4,0.1,5,60,4,1355.61,1260.08,10.16
24.7644,93,19,1490.23,1006.13,0,0,0,0,0,0,0,5,60,0,2110.72,1883.62,8.5
24.7659,95,26,1231.6,1306.45,8.17,3.09628,0,0,0,0,0,5,60,0,1418.07,805.78,0
24.7667,96,19,1625.3,1112.94,10.6938,1.0764,0,1,1,301,0.6,5,60,4,1205.8,1352.33,9.18
24.7704,101,10,1418.07,805.78,0,0,0,0,0,0,0,5,60,0,1730.82,941.03,0
24.7807,115,21,2000,1071.46,11.5666,1.46966,0,1,1,4,0.1,5,60,4,1462.3,1001.73,0
24.7815,116,27,1653.4,1293.56,10.09,2.82016,0,0,0,0,0,5,60,0,1874.26,2020.63,11.09
24.7896,127,46,2000,1855.04,0,0,0,1,0,0,0,5,60,4,1364.96,1251.09,15.35
24.7911,129,19,1459.93,998.13,0,0,0,0,0,0,0,5,60,0,2199.51,1172.15,15.77
24.7919,130,45,2000,1847.36,18.0964,3.0835,0,1,1,132,0.2,5,60,4,1832.09,1899.95,9.82
24.8022,9,27,1456.77,1373.86,8.79,2.79626,0,0,0,0,0,5,60,0,1742.39,958.375,0
24.817,29,27,1694.99,1243.83,0.0626547,1.10702,0,1,1,297,0.5,5,60,4,1633.22,1573.42,11.94
24.837,56,20,1805.88,1017.76,0,0,0,1,1,265,0.35,5,60,4,1627.45,1167.37,10.75
24.84,60,19,1497.15,1007.14,0,0,0,0,0,0,0,5,60,0,1621.38,1882.44,18.09
24.8437,65,20,1719.13,979.98,0,0,0,0,0,0,0,5,60,0,1431.33,994.63,0
24.8533,78,18,1465.24,974.085,0,0,0,1,1,329,0.4,5,60,4,1337.95,1269.77,8.61
24.8541,79,19,1649.09,1162.33,15.0797,1.05668,0,1,1,365,0.65,5,60,4,1817.87,1680.49,12.64
24.8593,86,36,1834.86,1658.47,14.7225,-1.74562,0,1,1,4,0.1,5,60,4,1356.49,1259.58,10.16
24.8644,93,19,1490.23,1006.13,0,0,0,0,0,0,0,5,60,0,2111.57,1883.6,8.5
24.8659,95,26,1230.78,1306.49,8.17,3.09628,0,0,0,0,0,5,60,0,1418.07,805.78,0
24.8667,96,19,1624.18,1114.48,11.575,1.0764,0,1,1,301,0.6,5,60,4,1206.01,1351.44,9.18
24.8704,101,10,1418.07,805.78,0,0,0,0,0,0,0,5,60,0,1730.82,941.03,0
24.8807,115,21,2000,1073.19,12.4899,1.46966,0,1,1,4,0.1,5,60,4,1462.3,1001.73,0
24.8815,116,27,1652.44,1293.88,10.09,2.82016,0,0,0,0,0,5,60,0,1874.07,2019.53,11.09
24.8896,127,46,2000,1855.84,0,0,0,1,0,0,0,5,60,4,1366.29,1250.33,15.35
24.8911,129,19,1459.93,998.13,0,0,0,0,0,0,0,5,60,0,2197.96,1172.39,15.77
24.8919,130,45,2000,1848.25,19.5039,3.0835,0,1,1,132,0.2,5,60,4,1831.12,1900.14,9.82
24.9022,9,27,1455.94,1374.16,8.79,2.79626,0,0,0,0,0,5,60,0,1742.39,958.375,0
24.917,29,27,1693.33,1244.68,0.0672368,1.10702,0,1,1,297,0.5,5,60,4,1634.41,1573.38,11.94
24.937,56,20,1804.16,1018.65,0,0,0,1,1,265,0.35,5,60,4,1626.95,1166.41,10.75
24.94,60,19,1497.15,1007.14,0,0,0,0,0,0,0,5,60,0,1621.68,1884.22,18.09
24.9437,65,20,1719.13,979.98,0,0,0,0,0,0,0,5,60,0,1431.33,994.63,0
24.9533,78,18,1463.49,975.006,0,0,0,1,1,329,0.4,5,60,4,1338.72,1269.39,8.61
24.9541,79,19,1647.91,1164.28,16.0792,1.05668,0,1,1,365,0.65,5,60,4,1817.65,1679.24,12.64
24.9593,86,36,1832.89,1658.28,15.6842,-1.74562,0,1,1,4,0.1,5,60,4,1357.38,1259.08,10.16
24.9644,93,19,1490.23,1006.13,0,0,0,0,0,0,0,5,60,0,2112.42,1883.59,8.5
24.9659,95,26,1229.97,1306.53,8.17,3.09628,0,0,0,0,0,5,60,0,1418.07,805.78,0
24.9667,96,19,1622.82,1116.21,12.3153,1.0764,0,1,1,301,0.6,5,60,4,1206.21,1350.54,9.18
24.9704,101,10,1418.07,805.78,0,0,0,0,0,0,0,5,60,0,1730.82,941.03,0
24.9807,115,21,2000,1075.11,13.2562,1.46966,0,1,1,4,0.1,5,60,4,1462.3,1001.73,0
24.9815,116,27,1651.48,1294.2,10.09,2.82016,0,0,0,0,0,5,60,0,1873.88,2018.44,11.09
24.9896,127,46,2000,1856.83,0,0,0,1,0,0,0,5,60,4,1367.63,1249.57,15.35
24.9911,129,19,1459.93,998.13,0,0,0,0,0,0,0,5,60,0,2196.4,1172.64,15.77
24.9919,130,45,2000,1849.33,20.6605,3.0835,0,1,1,132,0.2,5,60,4,1830.16,1900.32,9.82
25.0022,9,27,1455.11,1374.45,9.73,2.795,9.4,0,1,4,0.1,5,60,0,1742.39,958.375,0
25.017,29,27,1691.44,1245.73,0.0567288,1.10714,-0.1,1,1,425,0.6,5,60,4,1635.62,1573.33,12.47
25.037,56,20,1802.23,1019.73,0,0,0,1,1,265,0.35,5,60,4,1626.46,1165.44,11.51
25.04,60,19,1497.15,1007.14,0,0,0,0,0,0,0,5,60,0,1621.97,1885.83,13.59
25.0437,65,20,1719.13,979.98,0,0,0,0,0,0,0,5,60,0,1431.33,994.63,0
25.0533,78,18,1461.52,976.111,0,0,0,1,1,329,0.4,5,60,4,1339.45,1268.83,9.89
25.0541,79,19,1646.51,1166.4,16.8338,1.06237,-0.1,1,1,493,0.75,5,60,4,1817.43,1677.98,13.06
25.0593,86,36,1830.7,1658.21,17.79,-1.74528,9.5,1,1,4,0.1,5,60,4,1358.31,1258.55,11.13
25.0644,93,19,1490.23,1006.13,0,0,0,0,0,0,0,5,60,0,2113.31,1883.57,9.19
25.0659,95,26,1229.13,1306.74,9.1,2.7954,9.3,0,1,6,0.2,5,60,0,1418.07,805.78,0
25.0667,96,19,1621.26,1118.15,14.1778,1.08517,9,1,1,301,0.6,5,60,4,1206.5,1349.62,9.95
25.0704,101,10,1418.07,805.78,0,0,0,0,0,0,0,5,60,0,1730.82,941.03,0
25.0807,115,21,2000,1077.28,15.0463,1.47017,8.4,1,1,4,0.1,5,60,4,1462.3,1001.73,0
25.0815,116,27,1650.48,1294.54,11.05,2.81785,9.6,0,1,4,0.1,5,60,0,1873.68,2017.27,12.1
25.0896,127,46,2000,1857.99,0,0,0,1,0,0,0,5,60,4,1369.06,1248.75,16.67
25.0911,129,19,1459.93,998.13,0,0,0,0,0,0,0,5,60,0,2194.73,1172.91,16.98
25.0919,130,45,2000,1850.71,24.3063,3.00647,19.2,1,1,134,0.3,5,60,4,1829.17,1900.5,10.05
25.1022,9,27,1454.2,1374.78,9.73,2.795,0,0,0,0,0,5,60,0,1742.39,958.375,0
25.117,29,27,1689.34,1246.94,0.0587872,1.10714,0,1,1,425,0.6,5,60,4,1636.86,1573.29,12.47
25.137,56,20,1800.09,1020.97,0,0,0,1,1,265,0.35,5,60,4,1625.94,1164.41,11.51
25.14,60,19,1497.15,1007.14,0,0,0,0,0,0,0,5,60,0,1622.21,1887.16,13.59
25.1437,65,20,1719.13,979.98,0,0,0,0,0,0,0,5,60,0,1431.33,994.63,0
25.1533,78,18,1459.35,977.382,0,0,0,1,1,265,0.35,5,60,4,1340.14,1268.13,9.89
25.1541,79,19,1644.91,1168.69,17.3312,1.06237,0,1,1,461,0.6,5,60,4,1817.2,1676.69,13.06
25.1593,86,36,1828.31,1658.28,18.2989,-1.74528,0,1,1,4,0.1,5,60,4,1359.28,1258,11.13
25.1644,93,19,1490.23,1006.13,0,0,0,0,0,0,0,5,60,0,2114.23,1883.55,9.19
25.1659,95,26,1228.27,1307.05,9.1,2.7954,0,0,0,0,0,5,60,0,1418.07,805.78,0
25.1667,96,19,1619.52,1120.31,14.5643,1.08517,0,1,1,301,0.6,5,60,4,1206.83,1348.68,9.95
25.1704,101,10,1418.07,805.78,0,0,0,0,0,0,0,5,60,0,1730.82,941.03,0
25.1807,115,21,2000,1079.62,15.4182,1.47017,0,1,0,0,0,5,60,4,1462.3,1001.73,0
25.1815,116,27,1649.43,1294.89,11.05,2.81785,0,0,0,0,0,5,60,0,1873.48,2016.07,12.1
25.1896,127,46,2000,1859.32,0,0,0,1,0,0,0,5,60,4,1370.51,1247.93,16.67
25.1911,129,19,1459.93,998.13,0,0,0,0,0,0,0,5,60,0,2193.06,1173.18,16.98
25.1919,130,45,2000,1852.27,24.8584,3.00647,0,1,1,132,0.2,5,60,4,1828.18,1900.69,10.05
25.2022,9,27,1453.28,1375.12,9.73,2.795,0,0,0,0,0,5,60,0,1742.39,958.375,0
25.217,29,27,1687.06,1248.32,0.0598561,1.10714,0,1,1,425,0.6,5,60,4,1638.11,1573.24,12.47
25.237,56,20,1797.77,1022.38,0,0,0,1,1,265,0.35,5,60,4,1625.43,1163.38,11.51
25.24,60,19,1497.15,1007.14,0,0,0,0,0,0,0,5,60,0,1622.46,1888.5,13.59
25.2437,65,20,1719.13,979.98,0,0,0,0,0,0,0,5,60,0,1431.33,994.63,0
25.2533,78,18,1457.01,978.817,0,0,0,1,1,265,0.35,5,60,4,1340.83,1267.42,9.89
25.2541,79,19,1643.14,1171.15,17.5314,1.06237,0,1,1,493,0.75,5,60,4,1816.97,1675.4,13.06
25.2593,86,36,1825.74,1658.51,18.4934,-1.74528,0,1,0,0,0,5,60,4,1360.25,1257.45,11.13
25.2644,93,19,1490.23,1006.13,0,0,0,0,0,0,0,5,60,0,2115.15,1883.54,9.19
25.2659,95,26,1227.41,1307.36,9.1,2.7954,0,0,0,0,0,5,60,0,1418.07,805.78,0
25.2667,96,19,1617.61,1122.63,14.6999,1.08517,0,1,1,301,0.6,5,60,4,1207.15,1347.74,9.95
25.2704,101,10,1418.07,805.78,0,0,0,0,0,0,0,5,60,0,1730.82,941.03,0
25.2807,115,21,2000,1082.13,15.5232,1.47017,0,1,0,0,0,5,60,4,1462.3,1001.73,0
25.2815,116,27,1648.38,1295.24,11.05,2.81785,0,0,0,0,0,5,60,0,1873.28,2014.88,12.1
25.2896,127,46,2000,1860.82,0,0,0,1,0,0,0,5,60,4,1371.96,1247.11,16.67
25.2911,129,19,1459.93,998.13,0,0,0,0,0,0,0,5,60,0,2191.38,1173.45,16.98
25.2919,130,45,1999.66,1853.99,24.9787,3.00647,0,1,1,128,0.1,5,60,4,1827.19,1900.87,10.05
25.3022,9,27,1452.37,1375.45,9.73,2.795,0,0,0,0,0,5,60,0,1742.39,958.375,0
25.317,29,27,1684.62,1249.86,0.0598792,1.10714,0,1,1,425,0.6,5,60,4,1639.36,1573.19,12.47
25.337,56,20,1795.31,1023.94,0,0,0,1,1,265,0.35,5,60,4,1624.91,1162.35,11.51
25.34,60,19,1497.15,1007.14,0,0,0,0,0,0,0,5,60,0,1622.7,1889.84,13.59
25.3437,65,20,1719.13,979.98,0,0,0,0,0,0,0,5,60,0,1431.33,994.63,0
25.3533,78,18,1454.52,980.402,0,0,0,1,1,265,0.35,5,60,4,1341.52,1266.71,9.89
25.3541,79,19,1641.22,1173.76,17.4241,1.06237,0,1,1,493,0.75,5,60,4,1816.75,1674.12,13.06
25.3593,86,36,1823.03,1658.89,18.3633,-1.74528,0,1,0,0,0,5,60,4,1361.21,1256.9,11.13
25.3644,93,19,1490.23,1006.13,0,0,0,0,0,0,0,5,60,0,2116.07,1883.52,9.19
25.3659,95,26,1226.56,1307.67,9.1,2.7954,0,0,0,0,0,5,60,0,1418.07,805.78,0
25.3667,96,19,1615.57,1125.1,14.5775,1.08517,0,1,1,301,0.6,5,60,4,1207.48,1346.8,9.95
25.3704,101,10,1418.07,805.78,0,0,0,0,0,0,0,5,60,0,1730.82,941.03,0
25.3807,115,21,2000,1084.79,15.3557,1.47017,0,1,0,0,0,5,60,4,1462.3,1001.73,0
25.3815,116,27,1647.33,1295.59,11.05,2.81785,0,0,0,0,0,5,60,0,1873.07,2013.69,12.1
25.3896,127,46,2000,1862.45,0,0,0,1,0,0,0,5,60,4,1373.41,1246.29,16.67
25.3911,129,19,1459.93,998.13,0,0,0,0,0,0,0,5,60,0,2189.7,1173.72,16.98
25.3919,130,45,1995.47,1855.85,24.6609,3.00647,0,1,1,257,0.2,5,60,4,1826.21,1901.06,10.05
25.4022,9,27,1451.45,1375.78,9.73,2.795,0,0,0,0,0,5,60,0,1742.39,958.375,0
25.417,29,27,1682.06,1251.54,0.0588553,1.10714,0,1,1,297,0.5,5,60,4,1640.6,1573.15,12.47
25.437,56,20,1792.72,1025.64,0,0,0,1,1,265,0.35,5,60,4,1624.4,1161.32,11.51
25.44,60,19,1497.15,1007.14,0,0,0,0,0,0,0,5,60,0,1622.95,1891.17,13.59
25.4437,65,20,1719.13,979.98,0,0,0,0,0,0,0,5,60,0,1431.33,994.63,0
25.4533,78,18,1451.92,982.124,0,0,0,1,1,265,0.35,5,60,4,1342.21,1266,9.89
25.4541,79,19,1639.19,1176.5,17.0147,1.06237,0,1,1,493,0.75,5,60,4,1816.52,1672.83,13.06
25.4593,86,36,1820.21,1659.41,17.9154,-1.74528,0,1,1,4,0.1,5,60,4,1362.18,1256.35,11.13
25.4644,93,19,1490.23,1006.13,0,0,0,0,0,0,0,5,60,0,2116.99,1883.51,9.19
25.4659,95,26,1225.7,1307.98,9.1,2.7954,0,0,0,0,0,5,60,0,1418.07,805.78,0
25.4667,96,19,1613.41,1127.71,14.2034,1.08517,0,1,1,301,0.6,5,60,4,1207.8,1345.86,9.95
25.4704,101,10,1418.07,805.78,0,0,0,0,0,0,0,5,60,0,1730.82,941.03,0
25.4807,115,21,2000,1087.57,14.9246,1.47017,0,1,1,4,0.1,5,60,4,1462.3,1001.73,0
25.4815,116,27,1646.29,1295.94,11.05,2.81785,0,0,0,0,0,5,60,0,1872.87,2012.5,12.1
25.4896,127,46,2000,1864.22,0,0,0,1,0,0,0,5,60,4,1374.86,1245.46,16.67
25.4911,129,19,1459.93,998.13,0,0,0,0,0,0,0,5,60,0,2188.03,1173.99,16.98
25.4919,130,45,1991.19,1857.85,23.9216,3.00647,0,1,1,269,0.45,5,60,4,1825.22,1901.24,10.05
25.5022,9,27,1450.54,1376.11,9.73,2.795,0,0,0,0,0,5,60,0,1742.39,958.375,0
25.517,29,27,1679.41,1253.34,0.0568384,1.10714,0,1,1,297,0.5,5,60,4,1641.85,1573.1,12.47
25.537,56,20,1790.05,1027.47,0,0,0,1,1,265,0.35,5,60,4,1623.89,1160.29,11.51
25.54,60,19,1497.15,1007.14,0,0,0,0,0,0,0,5,60,0,1623.19,1892.51,13.59
25.5437,65,20,1719.13,979.98,0,0,0,0,0,0,0,5,60,0,1431.33,994.63,0
25.5533,78,18,1449.24,983.969,0,0,0,1,1,265,0.35,5,60,4,1342.9,1265.29,9.89
25.5541,79,19,1637.07,1179.37,16.3249,1.06237,0,1,1,365,0.65,5,60,4,1816.29,1671.55,13.06
25.5593,86,36,1817.31,1660.05,17.1734,-1.74528,0,1,1,4,0.1,5,60,4,1363.15,1255.8,11.13
25.5644,93,19,1490.23,1006.13,0,0,0,0,0,0,0,5,60,0,2117.91,1883.49,9.19
25.5659,95,26,1224.85,1308.29,9.1,2.7954,0,0,0,0,0,5,60,0,1418.07,805.78,0
25.5667,96,19,1611.18,1130.43,13.5974,1.08517,0,1,1,301,0.6,5,60,4,1208.13,1344.92,9.95
25.5704,101,10,1418.07,805.78,0,0,0,0,0,0,0,5,60,0,1730.82,941.03,0
25.5807,115,21,2000,1090.48,14.2526,1.47017,0,1,1,4,0.1,5,60,4,1462.3,1001.73,0
25.5815,116,27,1645.24,1296.29,11.05,2.81785,0,0,0,0,0,5,60,0,1872.66,2011.3,12.1
25.5896,127,46,2000,1866.11,0,0,0,1,0,0,0,5,60,4,1376.31,1244.64,16.67
25.5911,129,19,1459.93,998.13,0,0,0,0,0,0,0,5,60,0,2186.35,1174.26,16.98
25.5919,130,45,1986.83,1859.96,22.7999,3.00647,0,1,1,269,0.45,5,60,4,1824.23,1901.43,10.05
25.6022,9,27,1449.62,1376.44,9.73,2.795,0,0,0,0,0,5,60,0,1742.39,958.375,0
25.617,29,27,1676.69,1255.26,0.0539346,1.10714,0,1,1,297,0.5,5,60,4,1643.09,1573.06,12.47
25.637,56,20,1787.33,1029.41,0,0,0,1,1,265,0.35,5,60,4,1623.37,1159.26,11.51
25.64,60,19,1497.15,1007.14,0,0,0,0,0,0,0,5,60,0,1623.44,1893.85,13.59
25.6437,65,20,1719.13,979.98,0,0,0,0,0,0,0,5,60,0,1431.33,994.63,0
25.6533,78,18,1446.51,985.922,0,0,0,1,1,265,0.35,5,60,4,1343.59,1264.58,9.89
25.6593,86,36,1814.36,1660.79,16.1763,-1.74528,0,1,1,4,0.1,5,60,4,1364.12,1255.25,11.13
25.6644,93,19,1490.23,1006.13,0,0,0,0,0,0,0,5,60,0,2118.82,1883.47,9.19
25.6659,95,26,1223.99,1308.6,9.1,2.7954,0,0,0,0,0,5,60,0,1418.07,805.78,0
25.6667,96,19,1608.9,1133.27,12.7915,1.08517,0,1,1,301,0.6,5,60,4,1208.46,1343.98,9.95
25.6704,101,10,1418.07,805.78,0,0,0,0,0,0,0,5,60,0,1730.82,941.03,0
25.6807,115,21,2000,1093.49,13.3751,1.47017,0,1,1,4,0.1,5,60,4,1462.3,1001.73,0
25.6815,116,27,1644.19,1296.65,11.05,2.81785,0,0,0,0,0,5,60,0,1872.46,2010.11,12.1
25.6896,127,46,2000,1868.09,0,0,0,1,0,0,0,5,60,4,1377.76,1243.82,16.67
25.6911,129,19,1459.93,998.13,0,0,0,0,0,0,0,5,60,0,2184.68,1174.53,16.98
25.6919,130,45,1982.44,1862.18,21.355,3.00647,0,1,1,269,0.45,5,60,4,1823.24,1901.61,10.05
25.7022,9,27,1448.71,1376.77,9.73,2.795,0,0,0,0,0,5,60,0,1742.39,958.375,0
25.717,29,27,1673.95,1257.28,0.050297,1.10714,0,1,1,297,0.5,5,60,4,1644.34,1573.01,12.47
25.737,56,20,1784.58,1031.44,0,0,0,1,1,257,0.2,5,60,4,1622.86,1158.23,11.51
25.74,60,19,1497.15,1007.14,0,0,0,0,0,0,0,5,60,0,1623.69,1895.18,13.59
25.7437,65,20,1719.13,979.98,0,0,0,0,0,0,0,5,60,0,1431.33,994.63,0
25.7533,78,18,1443.76,987.968,0,0,0,1,1,257,0.2,5,60,4,1344.28,1263.88,9.89
25.7593,86,36,1811.4,1661.63,14.9766,-1.74528,0,1,1,4,0.1,5,60,4,1365.08,1254.7,11.13
25.7644,93,19,1490.23,1006.13,0,0,0,0,0,0,0,5,60,0,2119.74,1883.46,9.19
25.7659,95,26,1223.13,1308.9,9.1,2.7954,0,0,0,0,0,5,60,0,1418.07,805.78,0
25.7667,96,19,1606.61,1136.19,11.8279,1.08517,0,1,1,293,0.45,5,60,4,1208.78,1343.04,9.95
25.7704,101,10,1418.07,805.78,0,0,0,0,0,0,0,5,60,0,1730.82,941.03,0
25.7807,115,21,2000,1096.59,12.3382,1.47017,0,1,1,4,0.1,5,60,4,1462.3,1001.73,0
25.7815,116,27,1643.14,1297,11.05,2.81785,0,0,0,0,0,5,60,0,1872.26,2008.92,12.1
25.7896,127,46,2000,1870.17,0,0,0,1,0,0,0,5,60,4,1379.21,1242.99,16.67
25.7911,129,19,1459.93,998.13,0,0,0,0,0,0,0,5,60,0,2183,1174.8,16.98
25.7919,130,45,1978.04,1864.48,19.6626,3.00647,0,1,1,261,0.3,5,60,4,1822.25,1901.8,10.05
25.8022,9,27,1447.79,1377.1,9.73,2.795,0,0,0,0,0,5,60,0,1742.39,958.375,0
25.817,29,27,1671.21,1259.38,0.046117,1.10714,0,1,1,289,0.35,5,60,4,1645.59,1572.96,12.47
25.823,37,52,1898.33,2000,14.6277,-1.73453,0,1,0,0,0,5,60,4,1148.29,924.28,20.72
25.837,56,20,1781.84,1033.55,0,0,0,1,1,257,0.2,5,60,4,1622.34,1157.2,11.51
25.84,60,19,1497.15,1007.14,0,0,0,0,0,0,0,5,60,0,1623.93,1896.52,13.59
25.8437,65,20,1719.13,979.98,0,0,0,0,0,0,0,5,60,0,1431.33,994.63,0
25.8533,78,18,1441.03,990.089,0,0,0,1,1,257,0.2,5,60,4,1344.97,1263.17,9.89
25.8593,86,36,1808.46,1662.54,13.6375,-1.74528,0,1,1,4,0.1,5,60,4,1366.05,1254.15,11.13
25.8644,93,19,1490.23,1006.13,0,0,0,0,0,0,0,5,60,0,2120.66,1883.44,9.19
25.8659,95,26,1222.28,1309.21,9.1,2.7954,0,0,0,0,0,5,60,0,1418.07,805.78,0
25.8667,96,19,1604.34,1139.19,10.7576,1.08517,0,1,1,293,0.45,5,60,4,1209.11,1342.1,9.95
25.8704,101,10,1418.07,805.78,0,0,0,0,0,0,0,5,60,0,1730.82,941.03,0
25.8807,115,21,2000,1099.76,11.1965,1.47017,0,1,1,4,0.1,5,60,4,1462.3,1001.73,0
25.8815,116,27,1642.1,1297.35,11.05,2.81785,0,0,0,0,0,5,60,0,1872.05,2007.73,12.1
25.8896,127,46,2000,1872.31,0,0,0,1,0,0,0,5,60,4,1380.66,1242.17,16.67
25.8911,129,19,1459.93,998.13,0,0,0,0,0,0,0,5,60,0,2181.32,1175.08,16.98
25.8919,130,45,1973.67,1866.85,17.8121,3.00647,0,1,1,261,0.3,5,60,4,1821.27,1901.98,10.05
25.9022,9,27,1446.87,1377.43,9.73,2.795,0,0,0,0,0,5,60,0,1742.39,958.375,0
25.917,29,27,1668.51,1261.54,0.0416148,1.10714,0,1,1,289,0.35,5,60,4,1646.83,1572.92,12.47
25.923,37,52,1895.58,2000,13.2609,-1.73453,0,1,1,4,0.1,5,60,4,1150.14,924.915,20.72
25.937,56,20,1779.15,1035.72,0,0,0,1,1,257,0.2,5,60,4,1621.83,1156.17,11.51
25.94,60,19,1497.15,1007.14,0,0,0,0,0,0,0,5,60,0,1624.18,1897.86,13.59
25.9437,65,20,1719.13,979.98,0,0,0,0,0,0,0,5,60,0,1431.33,994.63,0
25.9533,78,18,1438.34,992.269,0,0,0,1,1,257,0.2,5,60,4,1345.66,1262.46,9.89
25.9593,86,36,1805.57,1663.51,12.2296,-1.74528,0,1,1,4,0.1,5,60,4,1367.02,1253.6,11.13
25.9644,93,19,1490.23,1006.13,0,0,0,0,0,0,0,5,60,0,2121.58,1883.43,9.19
25.9659,95,26,1221.42,1309.52,9.1,2.7954,0,0,0,0,0,5,60,0,1418.07,805.78,0
25.9667,96,19,1602.12,1142.24,9.63672,1.08517,0,1,1,289,0.35,5,60,4,1209.43,1341.16,9.95
25.9704,101,10,1418.07,805.78,0,0,0,0,0,0,0,5,60,0,1730.82,941.03,0
25.9807,115,21,2000,1102.98,10.0103,1.47017,0,1,1,4,0.1,5,60,4,1462.3,1001.73,0
25.9815,116,27,1641.05,1297.7,11.05,2.81785,0,0,0,0,0,5,60,0,1871.85,2006.53,12.1
25.9896,127,46,2000,1874.51,0,0,0,1,0,0,0,5,60,4,1382.11,1241.35,16.67
25.9911,129,19,1459.93,998.13,0,0,0,0,0,0,0,5,60,0,2179.65,1175.35,16.98
25.9919,130,45,1969.37,1869.27,15.901,3.00647,0,1,1,261,0.3,5,60,4,1820.28,1902.17,10.05
26.017,29,27,1665.87,1263.75,0,0,-0.4,1,1,291,0.45,5,60,4,1648.09,1572.86,13.07
26.023,37,52,1892.74,2000,12.5989,-1.73487,8.8,1,1,4,0.1,5,60,4,1152.17,925.567,23.3
26.037,56,20,1776.53,1037.94,0,0,0,1,1,257,0.2,5,60,4,1621.31,1155.14,11.45
26.04,60,19,1497.15,1007.14,0,0,0,0,0,0,0,5,60,0,1624.4,1899.03,9.59
26.0437,65,20,1719.13,979.98,0,0,0,0,0,0,0,5,60,0,1431.33,994.63,0
26.0533,78,18,1435.74,994.49,0,0,0,1,1,257,0.2,5,60,4,1346.53,1261.8,12.1
26.0593,86,36,1802.78,1664.63,9.11467,-1.74591,-19.5,1,1,4,0.1,5,60,4,1368.02,1253.03,11.8
26.0644,93,19,1490.23,1006.13,0,0,0,0,0,0,0,5,60,0,2122.57,1883.41,10.32
26.0659,95,26,1220.84,1310.05,9.99,2.3306,8.9,0,1,6,0.2,5,60,0,1418.07,805.78,0
26.0667,96,19,1599.98,1145.36,9.13359,1.11226,7,1,1,301,0.6,5,60,4,1209.79,1340.17,10.69
26.0704,101,10,1418.07,805.78,0,0,0,0,0,0,0,5,60,0,1730.82,941.03,0
26.0807,115,21,2000,1106.32,9.67927,1.4699,9.8,1,1,261,0.3,5,60,4,1462.3,1001.73,0
26.0815,116,27,1639.95,1298.07,11.74,2.81609,6.9,0,1,4,0.1,5,60,0,1871.63,2005.26,13.07
26.0896,127,46,2000,1876.74,0,0,0,1,0,0,0,5,60,4,1383.76,1240.41,19.22
26.0911,129,19,1459.93,998.13,0,0,0,0,0,0,0,5,60,0,2178.08,1175.6,15.72
26.0919,130,45,1965.04,1871.82,15.1921,2.95907,13.8,1,1,269,0.45,5,60,4,1819.32,1902.35,9.77
26.117,29,27,1663.34,1265.99,0,0,0,1,1,297,0.5,5,60,4,1649.39,1572.73,13.07
26.123,37,52,1889.99,2000,11.0861,-1.73487,0,1,1,4,0.1,5,60,4,1154.43,926.15,23.3
26.137,56,20,1774.02,1040.18,0,0,0,1,1,265,0.35,5,60,4,1620.81,1154.12,11.45
26.14,60,19,1497.15,1007.14,0,0,0,0,0,0,0,5,60,0,1624.58,1899.98,9.59
26.1437,65,20,1719.13,979.98,0,0,0,0,0,0,0,5,60,0,1431.33,994.63,0
26.1533,78,18,1433.26,996.734,0,0,0,1,1,265,0.35,5,60,4,1347.58,1261.18,12.1
26.1593,86,36,1800.12,1665.85,8.00049,-1.74591,0,1,1,4,0.1,5,60,4,1369.05,1252.45,11.8
26.1644,93,19,1490.23,1006.13,0,0,0,0,0,0,0,5,60,0,2123.6,1883.39,10.32
26.1659,95,26,1220.15,1310.77,9.99,2.3306,0,0,0,0,0,5,60,0,1418.07,805.78,0
26.1667,96,19,1597.98,1148.54,8.01393,1.11226,0,1,1,269,0.45,5,60,4,1210.15,1339.17,10.69
26.1704,101,10,1418.07,805.78,0,0,0,0,0,0,0,5,60,0,1730.82,941.03,0
26.1807,115,21,2000,1109.69,8.4872,1.4699,0,1,1,285,0.6,5,60,4,1462.3,1001.73,0
26.1815,116,27,1638.84,1298.45,11.74,2.81609,0,0,0,0,0,5,60,0,1871.41,2003.97,13.07
26.1896,127,46,2000,1878.99,0,0,0,1,0,0,0,5,60,4,1385.43,1239.46,19.22
26.1911,129,19,1459.93,998.13,0,0,0,0,0,0,0,5,60,0,2176.53,1175.85,15.72
26.1919,130,45,1960.83,1874.4,13.3157,2.95907,0,1,1,269,0.45,5,60,4,1818.36,1902.53,9.77
26.217,29,27,1660.94,1268.24,0,0,0,1,1,265,0.35,5,60,4,1650.69,1572.61,13.07
26.223,37,52,1887.37,2000,9.71144,-1.73487,0,1,1,4,0.1,5,60,4,1156.68,926.733,23.3
26.237,56,20,1771.65,1042.43,0,0,0,1,1,265,0.35,5,60,4,1620.3,1153.09,11.45
26.24,60,19,1497.15,1007.14,0,0,0,0,0,0,0,5,60,0,1624.76,1900.92,9.59
26.2437,65,20,1719.13,979.98,0,0,0,0,0,0,0,5,60,0,1431.33,994.63,0
26.2533,78,18,1430.91,998.983,0,0,0,1,1,265,0.35,5,60,4,1348.62,1260.57,12.1
26.2593,86,36,1797.6,1667.08,7.01163,-1.74591,0,1,1,4,0.1,5,60,4,1370.07,1251.86,11.8
26.2644,93,19,1490.23,1006.13,0,0,0,0,0,0,0,5,60,0,2124.64,1883.37,10.32
26.2659,95,26,1219.46,1311.5,9.99,2.3306,0,0,0,0,0,5,60,0,1418.07,805.78,0
26.2667,96,19,1596.12,1151.73,7.02521,1.11226,0,1,1,301,0.6,5,60,4,1210.52,1338.16,10.69
26.2704,101,10,1418.07,805.78,0,0,0,0,0,0,0,5,60,0,1730.82,941.03,0
26.2807,115,21,2000,1113.06,7.44507,1.4699,0,1,1,285,0.6,5,60,4,1462.3,1001.73,0
26.2815,116,27,1637.72,1298.82,11.74,2.81609,0,0,0,0,0,5,60,0,1871.19,2002.69,13.07
26.2896,127,46,2000,1881.24,0,0,0,1,0,0,0,5,60,4,1387.1,1238.52,19.22
26.2911,129,19,1459.93,998.13,0,0,0,0,0,0,0,5,60,0,2174.98,1176.11,15.72
26.2919,130,45,1956.78,1876.97,11.6884,2.95907,0,1,1,269,0.45,5,60,4,1817.4,1902.71,9.77
26.317,29,27,1658.7,1270.48,0,0,0,1,1,265,0.35,5,60,4,1651.99,1572.48,13.07
26.323,37,52,1884.92,2000,8.54729,-1.73487,0,1,1,4,0.1,5,60,4,1158.94,927.316,23.3
26.337,56,20,1769.45,1044.67,0,0,0,1,1,265,0.35,5,60,4,1619.8,1152.06,11.45
26.34,60,19,1497.15,1007.14,0,0,0,0,0,0,0,5,60,0,1624.94,1901.86,9.59
26.3437,65,20,1719.13,979.98,0,0,0,0,0,0,0,5,60,0,1431.33,994.63,0
26.3533,78,18,1428.74,1001.22,0,0,0,1,1,265,0.35,5,60,4,1349.66,1259.95,12.1
26.3593,86,36,1795.26,1668.29,6.20017,-1.74591,0,1,1,4,0.1,5,60,4,1371.1,1251.28,11.8
26.3644,93,19,1490.23,1006.13,0,0,0,0,0,0,0,5,60,0,2125.67,1883.35,10.32
26.3659,95,26,1218.77,1312.22,9.99,2.3306,0,0,0,0,0,5,60,0,1418.07,805.78,0
26.3667,96,19,1594.44,1154.91,6.2195,1.11226,0,1,1,301,0.6,5,60,4,1210.88,1337.16,10.69
26.3704,101,10,1418.07,805.78,0,0,0,0,0,0,0,5,60,0,1730.82,941.03,0
26.3807,115,21,2000,1116.42,6.60741,1.4699,0,1,1,285,0.6,5,60,4,1462.3,1001.73,0
26.3815,116,27,1636.61,1299.2,11.74,2.81609,0,0,0,0,0,5,60,0,1870.97,2001.4,13.07
26.3896,127,46,2000,1883.46,0,0,0,1,0,0,0,5,60,4,1388.78,1237.57,19.22
26.3911,129,19,1459.93,998.13,0,0,0,0,0,0,0,5,60,0,2173.43,1176.36,15.72
26.3919,130,45,1952.9,1879.52,10.3957,2.95907,0,1,1,269,0.45,5,60,4,1816.44,1902.89,9.77
26.417,29,27,1656.65,1272.7,0,0,0,1,1,265,0.35,5,60,4,1653.29,1572.35,13.07
26.423,37,52,1882.66,2000,7.65515,-1.73487,0,1,1,4,0.1,5,60,4,1161.19,927.9,23.3
26.437,56,20,1767.44,1046.88,0,0,0,1,1,265,0.35,5,60,4,1619.29,1151.04,11.45
26.44,60,19,1497.15,1007.14,0,0,0,0,0,0,0,5,60,0,1625.13,1902.8,9.59
26.4437,65,20,1719.13,979.98,0,0,0,0,0,0,0,5,60,0,1431.33,994.63,0
26.4533,78,18,1426.77,1003.42,0,0,0,1,1,265,0.35,5,60,4,1350.7,1259.34,12.1
26.4593,86,36,1793.12,1669.47,5.60885,-1.74591,0,1,1,4,0.1,5,60,4,1372.13,1250.7,11.8
26.4659,95,26,1218.08,1312.94,9.99,2.3306,0,0,0,0,0,5,60,0,1418.07,805.78,0
26.4667,96,19,1592.96,1158.05,5.63922,1.11226,0,1,1,301,0.6,5,60,4,1211.25,1336.16,10.69
26.4704,101,10,1418.07,805.78,0,0,0,0,0,0,0,5,60,0,1730.82,941.03,0
26.4807,115,21,2000,1119.74,6.01847,1.4699,0,1,1,285,0.6,5,60,4,1462.3,1001.73,0
26.4815,116,27,1635.5,1299.57,11.74,2.81609,0,0,0,0,0,5,60,0,1870.75,2000.11,13.07
26.4896,127,46,2000,1885.65,0,0,0,1,0,0,0,5,60,4,1390.45,1236.62,19.22
26.4911,129,19,1459.93,998.13,0,0,0,0,0,0,0,5,60,0,2171.88,1176.61,15.72
26.4919,130,45,1949.24,1882.04,9.50544,2.95907,0,1,1,269,0.45,5,60,4,1815.48,1903.07,9.77
26.517,29,27,1654.82,1274.87,0,0,0,1,1,265,0.35,5,60,4,1654.59,1572.23,13.07
26.523,37,52,1880.61,2000,7.08189,-1.73487,0,1,1,4,0.1,5,60,4,1163.45,928.483,23.3
26.537,56,20,1765.65,1049.04,0,0,0,1,1,265,0.35,5,60,4,1618.78,1150.01,11.45
26.54,60,19,1497.15,1007.14,0,0,0,0,0,0,0,5,60,0,1625.31,1903.74,9.59
26.5437,65,20,1719.13,979.98,0,0,0,0,0,0,0,5,60,0,1431.33,994.63,0
26.5533,78,18,1425.01,1005.58,0,0,0,1,1,265,0.35,5,60,4,1351.74,1258.72,12.1
26.5593,86,36,1791.2,1670.6,5.26884,-1.74591,0,1,0,0,0,5,60,4,1373.15,1250.12,11.8
26.5659,95,26,1217.4,1313.67,9.99,2.3306,0,0,0,0,0,5,60,0,1418.07,805.78,0
26.5667,96,19,1591.7,1161.13,5.31497,1.11226,0,1,1,301,0.6,5,60,4,1211.62,1335.15,10.69
26.5704,101,10,1418.07,805.78,0,0,0,0,0,0,0,5,60,0,1730.82,941.03,0
26.5807,115,21,2000,1123,5.70928,1.4699,0,1,1,285,0.6,5,60,4,1462.3,1001.73,0
26.5815,116,27,1634.39,1299.95,11.74,2.81609,0,0,0,0,0,5,60,0,1870.53,1998.82,13.07
26.5896,127,46,2000,1887.78,0,0,0,1,0,0,0,5,60,4,1392.12,1235.67,19.22
26.5911,129,19,1459.93,998.13,0,0,0,0,0,0,0,5,60,0,2170.33,1176.87,15.72
26.5919,130,45,1945.8,1884.5,9.06465,2.95907,0,1,1,269,0.45,5,60,4,1814.52,1903.25,9.77
26.617,29,27,1653.22,1276.99,0,0,0,1,1,265,0.35,5,60,4,1655.89,1572.1,13.07
26.623,37,52,1878.8,2000,6.85769,-1.73487,0,1,0,0,0,5,60,4,1165.71,929.066,23.3
26.637,56,20,1764.1,1051.14,0,0,0,1,1,265,0.35,5,60,4,1618.28,1148.98,11.45
26.64,60,19,1497.15,1007.14,0,0,0,0,0,0,0,5,60,0,1625.49,1904.68,9.59
26.6437,65,20,1719.13,979.98,0,0,0,0,0,0,0,5,60,0,1431.33,994.63,0
26.6533,78,18,1423.5,1007.66,0,0,0,1,1,265,0.35,5,60,4,1352.79,1258.11,12.1
26.6593,86,36,1789.52,1671.66,5.19799,-1.74591,0,1,0,0,0,5,60,4,1374.18,1249.53,11.8
26.6659,95,26,1216.71,1314.39,9.99,2.3306,0,0,0,0,0,5,60,0,1418.07,805.78,0
26.6667,96,19,1590.69,1164.15,5.2638,1.11226,0,1,1,301,0.6,5,60,4,1211.98,1334.15,10.69
26.6704,101,10,1418.07,805.78,0,0,0,0,0,0,0,5,60,0,1730.82,941.03,0
26.6807,115,21,2000,1126.2,5.69613,1.4699,0,1,1,285,0.6,5,60,4,1462.3,1001.73,0
26.6815,116,27,1633.27,1300.32,11.74,2.81609,0,0,0,0,0,5,60,0,1870.3,1997.53,13.07
26.6896,127,46,2000,1889.84,0,0,0,1,0,0,0,5,60,4,1393.79,1234.73,19.22
26.6911,129,19,1459.93,998.13,0,0,0,0,0,0,0,5,60,0,2168.78,1177.12,15.72
26.6919,130,45,1942.62,1886.88,9.09664,2.95907,0,1,1,269,0.45,5,60,4,1813.55,1903.43,9.77
26.717,29,27,1651.87,1279.03,0,0,0,1,1,265,0.35,5,60,4,1657.19,1571.97,13.07
26.723,37,52,1877.25,2000,6.9944,-1.73487,0,1,0,0,0,5,60,4,1167.96,929.649,23.3
26.737,56,20,1762.81,1053.16,0,0,0,1,1,265,0.35,5,60,4,1617.77,1147.95,11.45
26.74,60,19,1497.15,1007.14,0,0,0,0,0,0,0,5,60,0,1625.67,1905.62,9.59
26.7437,65,20,1719.13,979.98,0,0,0,0,0,0,0,5,60,0,1431.33,994.63,0
26.7533,78,18,1422.26,1009.67,0,0,0,1,1,265,0.35,5,60,4,1353.83,1257.49,12.1
26.7593,86,36,1788.11,1672.64,5.40008,-1.74591,0,1,0,0,0,5,60,4,1375.2,1248.95,11.8
26.7659,95,26,1216.02,1315.12,9.99,2.3306,0,0,0,0,0,5,60,0,1418.07,805.78,0
26.7667,96,19,1589.94,1167.09,5.4884,1.11226,0,1,1,301,0.6,5,60,4,1212.35,1333.14,10.69
26.7704,101,10,1418.07,805.78,0,0,0,0,0,0,0,5,60,0,1730.82,941.03,0
26.7807,115,21,2000,1129.3,5.97969,1.4699,0,1,1,285,0.6,5,60,4,1462.3,1001.73,0
26.7815,116,27,1632.16,1300.7,11.74,2.81609,0,0,0,0,0,5,60,0,1870.08,1996.25,13.07
26.7896,127,46,2000,1891.81,0,0,0,1,0,0,0,5,60,4,1395.47,1233.78,19.22
26.7911,129,19,1459.93,998.13,0,0,0,0,0,0,0,5,60,0,2167.22,1177.37,15.72
26.7919,130,45,1939.7,1889.18,9.59962,2.95907,0,1,1,269,0.45,5,60,4,1812.59,1903.61,9.77
26.817,29,27,1650.8,1280.97,0,0,0,1,1,265,0.35,5,60,4,1658.49,1571.85,13.07
26.823,37,52,1875.97,2000,7.48479,-1.73487,0,1,1,4,0.1,5,60,4,1170.22,930.232,23.3
26.837,56,20,1761.79,1055.08,0,0,0,1,1,265,0.35,5,60,4,1617.27,1146.93,11.45
26.84,60,19,1497.15,1007.14,0,0,0,0,0,0,0,5,60,0,1625.86,1906.57,9.59
26.8437,65,20,1719.13,979.98,0,0,0,0,0,0,0,5,60,0,1431.33,994.63,0
26.8533,78,18,1421.28,1011.57,0,0,0,1,1,265,0.35,5,60,4,1354.87,1256.88,12.1
26.8593,86,36,1786.97,1673.51,5.86438,-1.74591,0,1,1,4,0.1,5,60,4,1376.23,1248.37,11.8
26.8659,95,26,1215.33,1315.84,9.99,2.3306,0,0,0,0,0,5,60,0,1418.07,805.78,0
26.8667,96,19,1589.47,1169.92,5.97696,1.11226,0,1,1,301,0.6,5,60,4,1212.72,1332.14,10.69
26.8704,101,10,1418.07,805.78,0,0,0,0,0,0,0,5,60,0,1730.82,941.03,0
26.8807,115,21,2000,1132.3,6.54511,1.4699,0,1,1,285,0.6,5,60,4,1462.3,1001.73,0
26.8815,116,27,1631.05,1301.07,11.74,2.81609,0,0,0,0,0,5,60,0,1869.86,1994.96,13.07
26.8896,127,46,2000,1893.68,0,0,0,1,0,0,0,5,60,4,1397.14,1232.83,19.22
26.8911,129,19,1459.93,998.13,0,0,0,0,0,0,0,5,60,0,2165.67,1177.63,15.72
26.8919,130,45,1937.06,1891.37,10.5471,2.95907,0,1,1,269,0.45,5,60,4,1811.63,1903.79,9.77
26.917,29,27,1650.01,1282.8,0,0,0,1,1,265,0.35,5,60,4,1659.8,1571.72,13.07
26.923,37,52,1874.97,2000,8.30303,-1.73487,0,1,1,4,0.1,5,60,4,1172.47,930.815,23.3
26.937,56,20,1761.06,1056.89,0,0,0,1,1,265,0.35,5,60,4,1616.76,1145.9,11.45
26.94,60,19,1497.15,1007.14,0,0,0,0,0,0,0,5,60,0,1626.04,1907.51,9.59
26.9437,65,20,1719.13,979.98,0,0,0,0,0,0,0,5,60,0,1431.33,994.63,0
26.9533,78,18,1420.6,1013.36,0,0,0,1,1,265,0.35,5,60,4,1355.91,1256.26,12.1
26.9593,86,36,1786.12,1674.27,6.56662,-1.74591,0,1,1,4,0.1,5,60,4,1377.26,1247.78,11.8
26.9659,95,26,1214.64,1316.57,9.99,2.3306,0,0,0,0,0,5,60,0,1418.07,805.78,0
26.9667,96,19,1589.29,1172.63,6.70376,1.11226,0,1,1,301,0.6,5,60,4,1213.08,1331.13,10.69
26.9704,101,10,1418.07,805.78,0,0,0,0,0,0,0,5,60,0,1730.82,941.03,0
26.9807,115,21,2000,1135.19,7.36239,1.4699,0,1,1,285,0.6,5,60,4,1462.3,1001.73,0
26.9815,116,27,1629.94,1301.45,11.74,2.81609,0,0,0,0,0,5,60,0,1869.64,1993.67,13.07
26.9896,127,46,2000,1895.42,0,0,0,1,0,0,0,5,60,4,1398.81,1231.88,19.22
26.9911,129,19,1459.93,998.13,0,0,0,0,0,0,0,5,60,0,2164.12,1177.88,15.72
26.9919,130,45,1934.72,1893.43,11.8894,2.95907,0,1,1,269,0.45,5,60,4,1810.67,1903.97,9.77
27.017,29,27,1649.52,1284.51,0,0,0,1,1,265,0.35,5,60,4,1661.02,1571.52,12.97
27.023,37,52,1874.27,2000,9.26195,-1.73461,-2.1,1,1,4,0.1,5,60,4,1174.79,931.391,25.61
27.037,56,20,1760.63,1058.57,0,0,0,1,1,265,0.35,5,60,4,1616.25,1144.89,10.95
27.04,60,19,1497.15,1007.14,0,0,0,0,0,0,0,5,60,0,1626.19,1908.3,5.72
27.0437,65,20,1719.13,979.98,0,0,0,0,0,0,0,5,60,0,1431.33,994.63,0
27.0533,78,18,1420.21,1015.02,0,0,0,1,1,265,0.35,5,60,4,1357.06,1255.6,14.32
27.0593,86,36,1785.77,1675.01,6.07354,-1.38423,-19.4,1,1,6,0.2,5,60,4,1378.34,1247.17,12.84
27.0659,95,26,1214.09,1317.43,11.18,2.0725,11.9,0,1,6,0.2,5,60,0,1418.07,805.78,0
27.0667,96,19,1589.43,1175.26,8.16824,1.11153,7.4,1,1,301,0.6,5,60,4,1213.54,1330.16,10.83
27.0704,101,10,1418.07,805.78,0,0,0,0,0,0,0,5,60,0,1730.82,941.03,0
27.0807,115,21,2000,1138.04,9.33651,1.46994,12.8,1,1,269,0.45,5,60,4,1462.3,1001.73,0
27.0815,116,27,1628.74,1301.87,12.94,2.80215,12,0,1,4,0.1,5,60,0,1869.41,1992.31,13.98
27.0896,127,46,2000,1897.03,0,0,0,1,0,0,0,5,60,4,1400.63,1230.85,21.19
27.0911,129,19,1459.93,998.13,0,0,0,0,0,0,0,5,60,0,2162.47,1178.15,16.86
27.0919,130,45,1932.47,1895.41,15.2461,2.95746,22.5,1,1,269,0.45,5,60,4,1809.72,1904.13,9.67
27.117,29,27,1649.32,1286.08,0,0,0,1,1,265,0.35,5,60,4,1662.18,1570.94,12.97
27.123,37,52,1873.88,2000,10.5712,-1.73461,0,1,1,4,0.1,5,60,4,1177.29,931.94,25.61
27.137,56,20,1760.49,1060.11,0,0,0,1,1,265,0.35,5,60,4,1615.75,1143.92,10.95
27.14,60,19,1497.15,1007.14,0,0,0,0,0,0,0,5,60,0,1626.3,1908.86,5.72
27.1437,65,20,1719.13,979.98,0,0,0,0,0,0,0,5,60,0,1431.33,994.63,0
27.1533,78,18,1420.13,1016.54,0,0,0,1,1,265,0.35,5,60,4,1358.31,1254.89,14.32
27.1593,86,36,1785.86,1675.69,6.93243,-1.38423,0,1,1,4,0.1,5,60,4,1379.45,1246.54,12.84
27.1659,95,26,1213.55,1318.41,11.18,2.0725,0,0,0,0,0,5,60,0,1418.07,805.78,0
27.1667,96,19,1589.89,1177.76,9.32208,1.11153,0,1,1,269,0.45,5,60,4,1214.05,1329.2,10.83
27.1704,101,10,1418.07,805.78,0,0,0,0,0,0,0,5,60,0,1730.82,941.03,0
27.1807,115,21,2000,1140.77,10.6512,1.46994,0,1,1,269,0.45,5,60,4,1462.3,1001.73,0
27.1815,116,27,1627.52,1302.3,12.94,2.80215,0,0,0,0,0,5,60,0,1869.17,1990.93,13.98
27.1896,127,46,2000,1898.49,0,0,0,1,0,0,0,5,60,4,1402.48,1229.8,21.19
27.1911,129,19,1459.93,998.13,0,0,0,0,0,0,0,5,60,0,2160.81,1178.42,16.86
27.1919,130,45,1930.51,1897.24,17.3856,2.95746,0,1,1,269,0.45,5,60,4,1808.77,1904.3,9.67
27.217,29,27,1649.43,1287.5,0,0,0,1,1,265,0.35,5,60,4,1663.34,1570.36,12.97
27.223,37,52,1873.78,2000,12.035,-1.73461,0,1,1,4,0.1,5,60,4,1179.79,932.491,25.61
27.237,56,20,1760.66,1061.5,0,0,0,1,1,265,0.35,5,60,4,1615.24,1142.95,10.95
27.24,60,19,1497.15,1007.14,0,0,0,0,0,0,0,5,60,0,1626.41,1909.42,5.72
27.2437,65,20,1719.13,979.98,0,0,0,0,0,0,0,5,60,0,1431.33,994.63,0
27.2533,78,18,1420.34,1017.9,0,0,0,1,1,265,0.35,5,60,4,1359.55,1254.18,14.32
27.2593,86,36,1786.25,1676.21,7.87073,-1.38423,0,1,1,4,0.1,5,60,4,1380.57,1245.91,12.84
27.2659,95,26,1213.01,1319.39,11.18,2.0725,0,0,0,0,0,5,60,0,1418.07,805.78,0
27.2667,96,19,1590.64,1180.11,10.5769,1.11153,0,1,1,301,0.6,5,60,4,1214.56,1328.25,10.83
27.2704,101,10,1418.07,805.78,0,0,0,0,0,0,0,5,60,0,1730.82,941.03,0
27.2807,115,21,2000,1143.34,12.0691,1.46994,0,1,1,269,0.45,5,60,4,1462.3,1001.73,0
27.2815,116,27,1626.3,1302.73,12.94,2.80215,0,0,0,0,0,5,60,0,1868.94,1989.55,13.98
27.2896,127,46,2000,1899.79,0,0,0,1,0,0,0,5,60,4,1404.32,1228.75,21.19
27.2911,129,19,1459.93,998.13,0,0,0,0,0,0,0,5,60,0,2159.14,1178.69,16.86
27.2919,130,45,1928.84,1898.91,19.6781,2.95746,0,1,1,269,0.45,5,60,4,1807.81,1904.46,9.67
27.317,29,27,1649.83,1288.75,0,0,0,1,1,265,0.35,5,60,4,1664.5,1569.79,12.97
27.323,37,52,1873.98,2000,13.5757,-1.73461,0,1,1,4,0.1,5,60,4,1182.29,933.04,25.61
27.337,56,20,1761.12,1062.72,0,0,0,1,1,265,0.35,5,60,4,1614.73,1141.98,10.95
27.34,60,19,1497.15,1007.14,0,0,0,0,0,0,0,5,60,0,1626.51,1909.98,5.72
27.3437,65,20,1719.13,979.98,0,0,0,0,0,0,0,5,60,0,1431.33,994.63,0
27.3533,78,18,1420.86,1019.09,0,0,0,1,1,265,0.35,5,60,4,1360.79,1253.47,14.32
27.3593,86,36,1786.94,1676.57,8.83894,-1.38423,0,1,1,4,0.1,5,60,4,1381.69,1245.28,12.84
27.3659,95,26,1212.47,1320.37,11.18,2.0725,0,0,0,0,0,5,60,0,1418.07,805.78,0
27.3667,96,19,1591.69,1182.29,11.8665,1.11153,0,1,1,301,0.6,5,60,4,1215.06,1327.29,10.83
27.3704,101,10,1418.07,805.78,0,0,0,0,0,0,0,5,60,0,1730.82,941.03,0
27.3807,115,21,2000,1145.74,13.5154,1.46994,0,1,1,269,0.45,5,60,4,1462.3,1001.73,0
27.3815,116,27,1625.08,1303.16,12.94,2.80215,0,0,0,0,0,5,60,0,1868.7,1988.17,13.98
27.3896,127,46,2000,1900.92,0,0,0,1,0,0,0,5,60,4,1406.16,1227.71,21.19
27.3911,129,19,1459.93,998.13,0,0,0,0,0,0,0,5,60,0,2157.48,1178.96,16.86
27.3919,130,45,1927.48,1900.4,22.0028,2.95746,0,1,1,269,0.45,5,60,4,1806.86,1904.63,9.67
27.417,29,27,1650.54,1289.83,0,0,0,1,1,265,0.35,5,60,4,1665.66,1569.21,12.97
27.423,37,52,1874.48,2000,15.1124,-1.73461,0,1,1,4,0.1,5,60,4,1184.79,933.59,25.61
27.437,56,20,1761.89,1063.77,0,0,0,1,1,265,0.35,5,60,4,1614.23,1141.01,10.95
27.44,60,19,1497.15,1007.14,0,0,0,0,0,0,0,5,60,0,1626.62,1910.54,5.72
27.4437,65,20,1719.13,979.98,0,0,0,0,0,0,0,5,60,0,1431.33,994.63,0
27.4533,78,18,1421.67,1020.11,0,0,0,1,1,265,0.35,5,60,4,1362.04,1252.76,14.32
27.4593,86,36,1787.92,1676.75,9.78623,-1.38423,0,1,1,4,0.1,5,60,4,1382.81,1244.64,12.84
27.4659,95,26,1211.93,1321.35,11.18,2.0725,0,0,0,0,0,5,60,0,1418.07,805.78,0
27.4667,96,19,1593.04,1184.29,13.1234,1.11153,0,1,1,301,0.6,5,60,4,1215.57,1326.33,10.83
27.4704,101,10,1418.07,805.78,0,0,0,0,0,0,0,5,60,0,1730.82,941.03,0
27.4807,115,21,2000,1147.96,14.9139,1.46994,0,1,1,269,0.45,5,60,4,1462.3,1001.73,0
27.4815,116,27,1623.86,1303.59,12.94,2.80215,0,0,0,0,0,5,60,0,1868.46,1986.8,13.98
27.4896,127,46,2000,1901.87,0,0,0,1,0,0,0,5,60,4,1408.01,1226.66,21.19
27.4911,129,19,1459.93,998.13,0,0,0,0,0,0,0,5,60,0,2155.82,1179.23,16.86
27.4919,130,45,1926.4,1901.72,24.2373,2.95746,0,1,1,397,0.55,5,60,4,1805.91,1904.79,9.67
27.517,29,27,1651.53,1290.74,0,0,0,1,1,265,0.35,5,60,4,1666.83,1568.63,12.97
27.523,37,52,1875.27,2000,16.5643,-1.73461,0,1,1,4,0.1,5,60,4,1187.29,934.14,25.61
27.537,56,20,1762.93,1064.63,0,0,0,1,1,265,0.35,5,60,4,1613.72,1140.04,10.95
27.54,60,19,1497.15,1007.14,0,0,0,0,0,0,0,5,60,0,1626.73,1911.11,5.72
27.5437,65,20,1719.13,979.98,0,0,0,0,0,0,0,5,60,0,1431.33,994.63,0
27.5533,78,18,1422.76,1020.94,0,0,0,1,1,265,0.35,5,60,4,1363.28,1252.05,14.32
27.5593,86,36,1789.19,1676.74,10.6626,-1.38423,0,1,1,4,0.1,5,60,4,1383.92,1244.01,12.84
27.5659,95,26,1211.4,1322.33,11.18,2.0725,0,0,0,0,0,5,60,0,1418.07,805.78,0
27.5667,96,19,1594.67,1186.1,14.2809,1.11153,0,1,1,429,0.7,5,60,4,1216.08,1325.38,10.83
27.5704,101,10,1418.07,805.78,0,0,0,0,0,0,0,5,60,0,1730.82,941.03,0
27.5807,115,21,2000,1150,16.1913,1.46994,0,1,1,269,0.45,5,60,4,1462.3,1001.73,0
27.5815,116,27,1622.64,1304.02,12.94,2.80215,0,0,0,0,0,5,60,0,1868.23,1985.42,13.98
27.5896,127,46,2000,1902.64,0,0,0,1,0,0,0,5,60,4,1409.85,1225.62,21.19
27.5911,129,19,1459.93,998.13,0,0,0,0,0,0,0,5,60,0,2154.15,1179.5,16.86
27.5919,130,45,1925.61,1902.86,26.264,2.95746,0,1,1,397,0.55,5,60,4,1804.96,1904.96,9.67
27.617,29,27,1652.79,1291.45,0,0,0,1,1,265,0.35,5,60,4,1667.98,1568.05,12.97
27.623,37,52,1876.33,2000,17.8547,-1.73461,0,1,1,4,0.1,5,60,4,1189.79,934.69,25.61
27.637,56,20,1764.25,1065.3,0,0,0,1,1,265,0.35,5,60,4,1613.21,1139.07,10.95
27.64,60,19,1497.15,1007.14,0,0,0,0,0,0,0,5,60,0,1626.84,1911.67,5.72
27.6437,65,20,1719.13,979.98,0,0,0,0,0,0,0,5,60,0,1431.33,994.63,0
27.6533,78,18,1424.12,1021.59,0,0,0,1,1,265,0.35,5,60,4,1364.53,1251.34,14.32
27.6593,86,36,1790.72,1676.54,11.4218,-1.38423,0,1,1,4,0.1,5,60,4,1385.04,1243.38,12.84
27.6659,95,26,1210.86,1323.31,11.18,2.0725,0,0,0,0,0,5,60,0,1418.07,805.78,0
27.6667,96,19,1596.56,1187.73,15.2783,1.11153,0,1,1,429,0.7,5,60,4,1216.58,1324.42,10.83
27.6704,101,10,1418.07,805.78,0,0,0,0,0,0,0,5,60,0,1730.82,941.03,0
27.6807,115,21,2000,1151.84,17.2801,1.46994,0,1,1,269,0.45,5,60,4,1462.3,1001.73,0
27.6815,116,27,1621.42,1304.46,12.94,2.80215,0,0,0,0,0,5,60,0,1867.99,1984.04,13.98
27.6896,127,46,2000,1903.21,0,0,0,1,0,0,0,5,60,4,1411.69,1224.57,21.19
27.6911,129,19,1459.93,998.13,0,0,0,0,0,0,0,5,60,0,2152.49,1179.77,16.86
27.717,29,27,1654.32,1291.97,0,0,0,1,1,265,0.35,5,60,4,1669.15,1567.47,12.97
27.723,37,52,1877.66,2000,18.9158,-1.73461,0,1,1,4,0.1,5,60,4,1192.29,935.24,25.61
27.737,56,20,1765.83,1065.78,0,0,0,1,1,265,0.35,5,60,4,1612.71,1138.1,10.95
27.74,60,19,1497.15,1007.14,0,0,0,0,0,0,0,5,60,0,1626.95,1912.23,5.72
27.7437,65,20,1719.13,979.98,0,0,0,0,0,0,0,5,60,0,1431.33,994.63,0
27.7533,78,18,1425.74,1022.03,0,0,0,1,1,265,0.35,5,60,4,1365.77,1250.63,14.32
27.7593,86,36,1792.51,1676.15,12.0241,-1.38423,0,1,1,4,0.1,5,60,4,1386.16,1242.75,12.84
27.7659,95,26,1210.32,1324.29,11.18,2.0725,0,0,0,0,0,5,60,0,1418.07,805.78,0
27.7667,96,19,1598.71,1189.16,16.063,1.11153,0,1,1,429,0.7,5,60,4,1217.09,1323.46,10.83
27.7704,101,10,1418.07,805.78,0,0,0,0,0,0,0,5,60,0,1730.82,941.03,0
27.7807,115,21,2000,1153.49,18.1228,1.46994,0,1,1,269,0.45,5,60,4,1462.3,1001.73,0
27.7815,116,27,1620.2,1304.89,12.94,2.80215,0,0,0,0,0,5,60,0,1867.76,1982.66,13.98
27.7896,127,46,2000,1903.58,0,0,0,1,0,0,0,5,60,4,1413.53,1223.52,21.19
27.7911,129,19,1459.93,998.13,0,0,0,0,0,0,0,5,60,0,2150.82,1180.04,16.86
27.817,29,27,1656.09,1292.29,0,0,0,1,1,265,0.35,5,60,4,1670.31,1566.89,12.97
27.823,37,52,1879.22,2000,19.6917,-1.73461,0,1,1,4,0.1,5,60,4,1194.8,935.79,25.61
27.837,56,20,1767.64,1066.06,0,0,0,1,1,265,0.35,5,60,4,1612.2,1137.13,10.95
27.84,60,19,1497.15,1007.14,0,0,0,0,0,0,0,5,60,0,1627.05,1912.79,5.72
27.8437,65,20,1719.13,979.98,0,0,0,0,0,0,0,5,60,0,1431.33,994.63,0
27.8533,78,18,1427.59,1022.28,0,0,0,1,1,265,0.35,5,60,4,1367.01,1249.93,14.32
27.8593,86,36,1794.53,1675.55,12.4376,-1.38423,0,1,1,4,0.1,5,60,4,1387.28,1242.11,12.84
27.8659,95,26,1209.78,1325.27,11.18,2.0725,0,0,0,0,0,5,60,0,1418.07,805.78,0
27.8667,96,19,1601.09,1190.38,16.5937,1.11153,0,1,1,429,0.7,5,60,4,1217.6,1322.51,10.83
27.8704,101,10,1418.07,805.78,0,0,0,0,0,0,0,5,60,0,1730.82,941.03,0
27.8807,115,21,2000,1154.93,18.6752,1.46994,0,1,1,269,0.45,5,60,4,1462.3,1001.73,0
27.8815,116,27,1618.97,1305.32,12.94,2.80215,0,0,0,0,0,5,60,0,1867.52,1981.28,13.98
27.8896,127,46,2000,1903.76,0,0,0,1,0,0,0,5,60,4,1415.38,1222.48,21.19
27.8911,129,19,1459.93,998.13,0,0,0,0,0,0,0,5,60,0,2149.16,1180.31,16.86
27.917,29,27,1658.08,1292.4,0,0,0,1,1,265,0.35,5,60,4,1671.47,1566.31,12.97
27.923,37,52,1881,2000,20.1414,-1.73461,0,1,1,4,0.1,5,60,4,1197.3,936.34,25.61
27.937,56,20,1769.67,1066.14,0,0,0,1,1,265,0.35,5,60,4,1611.69,1136.16,10.95
27.94,60,19,1497.15,1007.14,0,0,0,0,0,0,0,5,60,0,1627.16,1913.35,5.72
27.9437,65,20,1719.13,979.98,0,0,0,0,0,0,0,5,60,0,1431.33,994.63,0
27.9533,78,18,1429.65,1022.32,0,0,0,1,1,265,0.35,5,60,4,1368.26,1249.22,14.32
27.9593,86,36,1796.76,1674.75,12.6405,-1.38423,0,1,0,0,0,5,60,4,1388.39,1241.48,12.84
27.9659,95,26,1209.25,1326.25,11.18,2.0725,0,0,0,0,0,5,60,0,1418.07,805.78,0
27.9667,96,19,1603.68,1191.41,16.8424,1.11153,0,1,1,429,0.7,5,60,4,1218.11,1321.55,10.83
27.9704,101,10,1418.07,805.78,0,0,0,0,0,0,0,5,60,0,1730.82,941.03,0
27.9807,115,21,2000,1156.18,18.9081,1.46994,0,1,1,269,0.45,5,60,4,1462.3,1001.73,0
27.9815,116,27,1617.75,1305.75,12.94,2.80215,0,0,0,0,0,5,60,0,1867.28,1979.91,13.98
27.9896,127,46,2000,1903.73,0,0,0,1,0,0,0,5,60,4,1417.22,1221.43,21.19
27.9911,129,19,1459.93,998.13,0,0,0,0,0,0,0,5,60,0,2147.5,1180.58,16.86
28.017,29,27,1660.27,1292.32,0,0,0,1,1,265,0.35,5,60,4,1672.58,1565.78,12.52
28.023,37,52,1882.97,2000,20.2864,-1.73412,0.3,1,0,0,0,5,60,4,1199.84,936.894,27.28
28.037,56,20,1771.89,1066.01,0,0,0,1,1,265,0.35,5,60,4,1611.18,1135.19,11.26
28.04,60,19,1497.15,1007.14,0,0,0,0,0,0,0,5,60,0,1627.24,1913.75,1.47
28.0437,65,20,1719.13,979.98,0,0,0,0,0,0,0,5,60,0,1431.33,994.63,0
28.0533,78,18,1431.9,1022.16,0,0,0,1,1,265,0.35,5,60,4,1369.29,1248.63,9.82
28.0593,86,36,1799.01,1673.74,12.7867,-1.72238,1.1,1,1,2,0.1,5,60,4,1389.3,1240.76,10.9
28.0659,95,26,1208.78,1327.34,12.4,1.92749,12.2,0,1,6,0.2,5,60,0,1418.07,805.78,0
28.0667,96,19,1606.49,1192.3,18.6939,1.10322,12.7,1,1,429,0.7,5,60,4,1218.56,1320.87,6.83
28.0704,101,10,1418.07,805.78,0,0,0,0,0,0,0,5,60,0,1730.82,941.03,0
28.0807,115,21,2000,1157.28,19.9878,1.47135,7.9,1,1,269,0.45,5,60,4,1462.3,1001.73,0
28.0815,116,27,1616.46,1306.21,13.87,2.80024,9.3,0,1,4,0.1,5,60,0,1867.04,1978.47,14.7
28.0896,127,46,2000,1903.5,0,0,0,1,0,0,0,5,60,4,1419.04,1220.4,21.01
28.0911,129,19,1459.93,998.13,0,0,0,0,0,0,0,5,60,0,2145.86,1180.85,16.55
28.117,29,27,1662.62,1292.03,0,0,0,1,1,265,0.35,5,60,4,1673.75,1565.32,12.52
28.123,37,52,1885.12,2000,20.0308,-1.73412,0,1,0,0,0,5,60,4,1202.5,937.461,27.28
28.137,56,20,1774.28,1065.69,0,0,0,1,1,265,0.35,5,60,4,1610.65,1134.2,11.26
28.14,60,19,1497.15,1007.14,0,0,0,0,0,0,0,5,60,0,1627.27,1913.89,1.47
28.1437,65,20,1719.13,979.98,0,0,0,0,0,0,0,5,60,0,1431.33,994.63,0
28.1533,78,18,1434.31,1021.8,0,0,0,1,1,265,0.35,5,60,4,1370.15,1248.14,9.82
28.1593,86,36,1801.3,1672.53,12.5451,-1.72238,0,1,0,0,0,5,60,4,1390.07,1239.99,10.9
28.1659,95,26,1208.35,1328.5,12.4,1.92749,0,0,0,0,0,5,60,0,1418.07,805.78,0
28.1667,96,19,1609.48,1193.03,18.3166,1.10322,0,1,1,397,0.55,5,60,4,1218.99,1320.34,6.83
28.1704,101,10,1418.07,805.78,0,0,0,0,0,0,0,5,60,0,1730.82,941.03,0
28.1807,115,21,2000,1158.2,19.5358,1.47135,0,1,1,269,0.45,5,60,4,1462.3,1001.73,0
28.1815,116,27,1615.16,1306.67,13.87,2.80024,0,0,0,0,0,5,60,0,1866.79,1977.02,14.7
28.1896,127,46,2000,1903.07,0,0,0,1,0,0,0,5,60,4,1420.86,1219.36,21.01
28.1911,129,19,1459.93,998.13,0,0,0,0,0,0,0,5,60,0,2144.23,1181.12,16.55
28.217,29,27,1665.11,1291.55,0,0,0,1,1,265,0.35,5,60,4,1674.91,1564.87,12.52
28.223,37,52,1887.4,2000,19.4328,-1.73412,0,1,1,4,0.1,5,60,4,1205.17,938.028,27.28
28.237,56,20,1776.8,1065.16,0,0,0,1,1,265,0.35,5,60,4,1610.12,1133.21,11.26
28.24,60,19,1497.15,1007.14,0,0,0,0,0,0,0,5,60,0,1627.3,1914.04,1.47
28.2437,65,20,1719.13,979.98,0,0,0,0,0,0,0,5,60,0,1431.33,994.63,0
28.2533,78,18,1436.85,1021.25,0,0,0,1,1,265,0.35,5,60,4,1371,1247.66,9.82
28.2593,86,36,1803.72,1671.11,12.093,-1.72238,0,1,1,4,0.1,5,60,4,1390.83,1239.21,10.9
28.2659,95,26,1207.92,1329.66,12.4,1.92749,0,0,0,0,0,5,60,0,1418.07,805.78,0
28.2667,96,19,1612.6,1193.57,17.6336,1.10322,0,1,1,429,0.7,5,60,4,1219.41,1319.81,6.83
28.2704,101,10,1418.07,805.78,0,0,0,0,0,0,0,5,60,0,1730.82,941.03,0
28.2807,115,21,2000,1158.92,18.7608,1.47135,0,1,1,269,0.45,5,60,4,1462.3,1001.73,0
28.2815,116,27,1613.85,1307.14,13.87,2.80024,0,0,0,0,0,5,60,0,1866.54,1975.57,14.7
28.2896,127,46,2000,1902.44,0,0,0,1,0,0,0,5,60,4,1422.69,1218.32,21.01
28.2911,129,19,1459.93,998.13,0,0,0,0,0,0,0,5,60,0,2142.59,1181.38,16.55
28.317,29,27,1667.72,1290.86,0,0,0,1,1,265,0.35,5,60,4,1676.08,1564.41,12.52
28.323,37,52,1889.79,2000,18.5239,-1.73412,0,1,1,4,0.1,5,60,4,1207.84,938.595,27.28
28.337,56,20,1779.42,1064.44,0,0,0,1,1,265,0.35,5,60,4,1609.58,1132.22,11.26
28.34,60,19,1497.15,1007.14,0,0,0,0,0,0,0,5,60,0,1627.32,1914.18,1.47
28.3437,65,20,1719.13,979.98,0,0,0,0,0,0,0,5,60,0,1431.33,994.63,0
28.3533,78,18,1439.49,1020.5,0,0,0,1,1,265,0.35,5,60,4,1371.85,1247.17,9.82
28.3593,86,36,1806.23,1669.51,11.4543,-1.72238,0,1,1,4,0.1,5,60,4,1391.6,1238.43,10.9
28.3659,95,26,1207.49,1330.82,12.4,1.92749,0,0,0,0,0,5,60,0,1418.07,805.78,0
28.3667,96,19,1615.82,1193.91,16.6806,1.10322,0,1,1,429,0.7,5,60,4,1219.84,1319.27,6.83
28.3704,101,10,1418.07,805.78,0,0,0,0,0,0,0,5,60,0,1730.82,941.03,0
28.3807,115,21,2000,1159.45,17.7034,1.47135,0,1,1,269,0.45,5,60,4,1462.3,1001.73,0
28.3815,116,27,1612.54,1307.6,13.87,2.80024,0,0,0,0,0,5,60,0,1866.29,1974.12,14.7
28.3896,127,46,2000,1901.62,0,0,0,1,0,0,0,5,60,4,1424.52,1217.28,21.01
28.3911,129,19,1459.93,998.13,0,0,0,0,0,0,0,5,60,0,2140.96,1181.65,16.55
28.417,29,27,1670.41,1289.99,0,0,0,1,1,265,0.35,5,60,4,1677.24,1563.96,12.52
28.423,37,52,1892.26,2000,17.352,-1.73412,0,1,1,4,0.1,5,60,4,1210.51,939.161,27.28
28.437,56,20,1782.12,1063.53,0,0,0,1,1,265,0.35,5,60,4,1609.05,1131.22,11.26
28.44,60,19,1497.15,1007.14,0,0,0,0,0,0,0,5,60,0,1627.35,1914.32,1.47
28.4437,65,20,1719.13,979.98,0,0,0,0,0,0,0,5,60,0,1431.33,994.63,0
28.4533,78,18,1442.2,1019.56,0,0,0,1,1,265,0.35,5,60,4,1372.71,1246.68,9.82
28.4593,86,36,1808.81,1667.71,10.6627,-1.72238,0,1,1,4,0.1,5,60,4,1392.36,1237.66,10.9
28.4659,95,26,1207.05,1331.98,12.4,1.92749,0,0,0,0,0,5,60,0,1418.07,805.78,0
28.4667,96,19,1619.09,1194.06,15.508,1.10322,0,1,1,429,0.7,5,60,4,1220.26,1318.74,6.83
28.4704,101,10,1418.07,805.78,0,0,0,0,0,0,0,5,60,0,1730.82,941.03,0
28.4807,115,21,2000,1159.8,16.4194,1.47135,0,1,1,269,0.45,5,60,4,1462.3,1001.73,0
28.4815,116,27,1611.24,1308.06,13.87,2.80024,0,0,0,0,0,5,60,0,1866.04,1972.68,14.7
28.4896,127,46,2000,1900.61,0,0,0,1,0,0,0,5,60,4,1426.34,1216.24,21.01
28.4911,129,19,1459.93,998.13,0,0,0,0,0,0,0,5,60,0,2139.32,1181.91,16.55
28.517,29,27,1673.14,1288.94,0,0,0,1,1,265,0.35,5,60,4,1678.41,1563.5,12.52
28.523,37,52,1894.78,2000,15.9787,-1.73412,0,1,1,4,0.1,5,60,4,1213.18,939.728,27.28
28.537,56,20,1784.86,1062.44,0,0,0,1,1,265,0.35,5,60,4,1608.52,1130.23,11.26
28.54,60,19,1497.15,1007.14,0,0,0,0,0,0,0,5,60,0,1627.38,1914.47,1.47
28.5437,65,20,1719.13,979.98,0,0,0,0,0,0,0,5,60,0,1431.33,994.63,0
28.5533,78,18,1444.94,1018.44,0,0,0,1,1,265,0.35,5,60,4,1373.56,1246.2,9.82
28.5593,86,36,1811.43,1665.74,9.75971,-1.72238,0,1,1,4,0.1,5,60,4,1393.13,1236.88,10.9
28.5659,95,26,1206.62,1333.15,12.4,1.92749,0,0,0,0,0,5,60,0,1418.07,805.78,0
28.5667,96,19,1622.4,1194.04,14.1776,1.10322,0,1,1,301,0.6,5,60,4,1220.69,1318.21,6.83
28.5704,101,10,1418.07,805.78,0,0,0,0,0,0,0,5,60,0,1730.82,941.03,0
28.5807,115,21,2000,1159.97,14.9763,1.47135,0,1,1,269,0.45,5,60,4,1462.3,1001.73,0
28.5815,116,27,1609.93,1308.53,13.87,2.80024,0,0,0,0,0,5,60,0,1865.79,1971.23,14.7
28.5896,127,46,2000,1899.43,0,0,0,1,0,0,0,5,60,4,1428.17,1215.2,21.01
28.5911,129,19,1459.93,998.13,0,0,0,0,0,0,0,5,60,0,2137.69,1182.18,16.55
28.617,29,27,1675.89,1287.71,0,0,0,1,1,265,0.35,5,60,4,1679.58,1563.05,12.52
28.623,37,52,1897.31,2000,14.4765,-1.73412,0,1,1,4,0.1,5,60,4,1215.85,940.295,27.28
28.637,56,20,1787.61,1061.18,0,0,0,1,1,265,0.35,5,60,4,1607.99,1129.24,11.26
28.64,60,19,1497.15,1007.14,0,0,0,0,0,0,0,5,60,0,1627.41,1914.61,1.47
28.6437,65,20,1719.13,979.98,0,0,0,0,0,0,0,5,60,0,1431.33,994.63,0
28.6533,78,18,1447.69,1017.15,0,0,0,1,1,265,0.35,5,60,4,1374.42,1245.71,9.82
28.6593,86,36,1814.05,1663.59,8.79309,-1.72238,0,1,1,261,0.3,5,60,4,1393.89,1236.1,10.9
28.6659,95,26,1206.19,1334.31,12.4,1.92749,0,0,0,0,0,5,60,0,1418.07,805.78,0
28.6667,96,19,1625.71,1193.84,12.7593,1.10322,0,1,1,297,0.5,5,60,4,1221.12,1317.67,6.83
28.6704,101,10,1418.07,805.78,0,0,0,0,0,0,0,5,60,0,1730.82,941.03,0
28.6807,115,21,2000,1159.97,13.4502,1.47135,0,1,1,265,0.35,5,60,4,1462.3,1001.73,0
28.6815,116,27,1608.62,1308.99,13.87,2.80024,0,0,0,0,0,5,60,0,1865.54,1969.78,14.7
28.6896,127,46,2000,1898.08,0,0,0,1,0,0,0,5,60,4,1429.99,1214.16,21.01
28.6911,129,19,1459.93,998.13,0,0,0,0,0,0,0,5,60,0,2136.06,1182.45,16.55
28.717,29,27,1678.62,1286.32,0,0,0,1,1,265,0.35,5,60,4,1680.74,1562.59,12.52
28.723,37,52,1899.82,2000,12.9245,-1.73412,0,1,1,4,0.1,5,60,4,1218.52,940.862,27.28
28.737,56,20,1790.33,1059.76,0,0,0,1,1,265,0.35,5,60,4,1607.45,1128.25,11.26
28.74,60,19,1497.15,1007.14,0,0,0,0,0,0,0,5,60,0,1627.44,1914.76,1.47
28.7437,65,20,1719.13,979.98,0,0,0,0,0,0,0,5,60,0,1431.33,994.63,0
28.7533,78,18,1450.4,1015.7,0,0,0,1,1,265,0.35,5,60,4,1375.27,1245.23,9.82
28.7593,86,36,1816.63,1661.29,7.81369,-1.72238,0,1,1,269,0.45,5,60,4,1394.65,1235.32,10.9
28.7659,95,26,1205.75,1335.47,12.4,1.92749,0,0,0,0,0,5,60,0,1418.07,805.78,0
28.7667,96,19,1628.98,1193.49,11.3279,1.10322,0,1,1,301,0.6,5,60,4,1221.54,1317.14,6.83
28.7704,101,10,1418.07,805.78,0,0,0,0,0,0,0,5,60,0,1730.82,941.03,0
28.7807,115,21,2000,1159.81,11.9216,1.47135,0,1,1,269,0.45,5,60,4,1462.3,1001.73,0
28.7815,116,27,1607.32,1309.46,13.87,2.80024,0,0,0,0,0,5,60,0,1865.29,1968.33,14.7
28.7896,127,46,2000,1896.58,0,0,0,1,0,0,0,5,60,4,1431.82,1213.12,21.01
28.7911,129,19,1459.93,998.13,0,0,0,0,0,0,0,5,60,0,2134.42,1182.71,16.55
28.817,29,27,1681.3,1284.77,0,0,0,1,1,265,0.35,5,60,4,1681.91,1562.13,12.52
28.823,37,52,1902.27,2000,11.4044,-1.73412,0,1,1,4,0.1,5,60,4,1221.18,941.429,27.28
28.837,56,20,1793,1058.18,0,0,0,1,1,265,0.35,5,60,4,1606.92,1127.26,11.26
28.84,60,19,1497.15,1007.14,0,0,0,0,0,0,0,5,60,0,1627.46,1914.9,1.47
28.8437,65,20,1719.13,979.98,0,0,0,0,0,0,0,5,60,0,1431.33,994.63,0
28.8533,78,18,1453.05,1014.1,0,0,0,1,1,265,0.35,5,60,4,1376.12,1244.74,9.82
28.8593,86,36,1819.14,1658.84,6.87302,-1.72238,0,1,1,269,0.45,5,60,4,1395.42,1234.55,10.9
28.8659,95,26,1205.32,1336.63,12.4,1.92749,0,0,0,0,0,5,60,0,1418.07,805.78,0
28.8667,96,19,1632.19,1192.99,9.95872,1.10322,0,1,1,301,0.6,5,60,4,1221.97,1316.61,6.83
28.8704,101,10,1418.07,805.78,0,0,0,0,0,0,0,5,60,0,1730.82,941.03,0
28.8807,115,21,2000,1159.5,10.4707,1.47135,0,1,1,269,0.45,5,60,4,1462.3,1001.73,0
28.8815,116,27,1606.01,1309.92,13.87,2.80024,0,0,0,0,0,5,60,0,1865.05,1966.88,14.7
28.8896,127,46,2000,1894.93,0,0,0,1,0,0,0,5,60,4,1433.65,1212.08,21.01
28.8911,129,19,1459.93,998.13,0,0,0,0,0,0,0,5,60,0,2132.79,1182.98,16.55
28.917,29,27,1683.89,1283.09,0,0,0,1,1,265,0.35,5,60,4,1683.07,1561.68,12.52
28.923,37,52,1904.64,2000,9.99633,-1.73412,0,1,1,4,0.1,5,60,4,1223.85,941.995,27.28
28.937,56,20,1795.57,1056.47,0,0,0,1,1,265,0.35,5,60,4,1606.39,1126.26,11.26
28.94,60,19,1497.15,1007.14,0,0,0,0,0,0,0,5,60,0,1627.49,1915.05,1.47
28.9437,65,20,1719.13,979.98,0,0,0,0,0,0,0,5,60,0,1431.33,994.63,0
28.9533,78,18,1455.61,1012.37,0,0,0,1,1,265,0.35,5,60,4,1376.98,1244.26,9.82
28.9593,86,36,1821.56,1656.25,6.02069,-1.72238,0,1,1,269,0.45,5,60,4,1396.18,1233.77,10.9
28.9659,95,26,1204.89,1337.79,12.4,1.92749,0,0,0,0,0,5,60,0,1418.07,805.78,0
28.9667,96,19,1635.29,1192.35,8.72393,1.10322,0,1,1,301,0.6,5,60,4,1222.4,1316.07,6.83
28.9704,101,10,1418.07,805.78,0,0,0,0,0,0,0,5,60,0,1730.82,941.03,0
28.9807,115,21,2000,1159.07,9.17408,1.47135,0,1,1,269,0.45,5,60,4,1462.3,1001.73,0
28.9815,116,27,1604.7,1310.39,13.87,2.80024,0,0,0,0,0,5,60,0,1864.8,1965.43,14.7
28.9896,127,46,2000,1893.15,0,0,0,1,0,0,0,5,60,4,1435.47,1211.04,21.01
28.9911,129,19,1459.93,998.13,0,0,0,0,0,0,0,5,60,0,2131.16,1183.24,16.55
