sim_time,vehicle_id,rsu_id,pos_x,pos_y,speed,heading,accel,is_poisoned,detected,sig_mask,psi_score,attack_number,attack_pct,attacker_class,gt_pos_x,gt_pos_y,gt_speed
7.01704,29,27,1650.21,1219.74,0,0,0,1,1,32,0.15,3,60,2,1558.61,1589.24,0
7.01481,26,27,1501.03,1354.51,0,0,0,1,1,32,0.15,3,60,2,1989.18,2222.24,0
7.03704,56,20,1785.49,1041.14,0,0,0,1,1,32,0.15,3,60,2,1663.42,1237.34,0
7.04,60,19,1497.15,1007.14,0,0,0,0,0,0,0,3,60,0,1602.31,1786.36,0
7.0437,65,20,1719.13,979.98,0,0,0,1,1,32,0.15,3,60,2,1431.33,994.63,0
7.04815,71,18,1431.33,994.63,0,0,0,0,0,0,0,3,60,0,1438.23,995.98,0
7.05407,79,19,1587,1105.62,0,0,0,0,0,0,0,3,60,0,1833.08,1765.78,0
7.05333,78,18,1445.12,997.33,0,0,0,0,0,0,0,3,60,0,1299.94,1284.72,0
7.06444,93,19,1490.23,1006.13,0,0,0,0,0,0,0,3,60,0,1890.38,1903.11,15.57
7.06667,96,19,1583.37,1099.64,0,0,0,0,0,0,0,3,60,0,1199.25,1423.47,8.71
7.08148,116,28,1705.62,1277.64,0.02,2.67795,0,1,1,32,0.15,3,60,2,1896.52,2153.25,13.33
7.07704,110,11,1446.94,765.228,7.12,0.216386,0,0,0,0,0,3,60,0,1705.62,1277.64,0.02
7.09111,129,19,1459.93,998.13,0,0,0,0,1,128,0.1,3,60,0,2305.76,1155.44,0
7.08074,115,21,2067.02,1044.35,0,0,0,0,0,0,0,3,60,0,1462.3,1001.73,0
7.08963,127,46,2321.23,1878.77,0,0,0,0,0,0,0,3,60,0,1301.91,1280.86,0
7.10222,9,27,1502.11,1357.52,0,0,0,1,1,32,0.15,3,60,2,1741.83,958.202,0.66
7.11333,24,28,1718.18,1273.18,0.53,2.8068,0,1,1,32,0.15,3,60,2,2293.25,1877.18,0
7.11481,26,27,1501.03,1354.51,0,0,0,1,1,32,0.15,3,60,2,1989.18,2222.24,0
7.11704,29,27,1650.21,1219.74,0,0,0,1,1,32,0.15,3,60,2,1558.61,1589.24,0
7.13481,53,20,1724.98,976.04,0,0,0,1,1,32,0.15,3,60,2,1223.22,2090.82,0
7.13704,56,20,1785.49,1041.14,0,0,0,1,1,32,0.15,3,60,2,1663.42,1237.34,0
7.14,60,19,1497.15,1007.14,0,0,0,0,1,128,0.1,3,60,0,1602.31,1786.36,0
7.1437,65,20,1719.13,979.98,0,0,0,1,1,32,0.15,3,60,2,1431.33,994.63,0
7.14444,66,43,1602.31,1786.36,0,0,0,1,1,32,0.15,3,60,2,1607.12,1826.99,0
7.14815,71,18,1431.33,994.63,0,0,0,0,1,128,0.1,3,60,0,1438.23,995.98,0
7.15333,78,18,1445.12,997.33,0,0,0,0,1,128,0.1,3,60,0,1299.94,1284.72,0
7.15407,79,19,1587,1105.62,0,0,0,0,0,0,0,3,60,0,1833.08,1765.78,0
7.16444,93,19,1490.23,1006.13,0,0,0,0,0,0,0,3,60,0,1891.86,1902.83,15.57
7.16593,95,26,1266.23,1300.68,0,0,0,1,1,32,0.15,3,60,2,1418.07,805.78,0
7.16667,96,19,1583.37,1099.64,0,0,0,0,0,0,0,3,60,0,1199.2,1422.67,8.71
7.17037,101,10,1418.07,805.78,0,0,0,1,1,160,0.25,3,60,2,1730.82,941.03,0
7.17704,110,11,1447.63,765.381,7.12,0.216386,0,0,0,0,0,3,60,0,1705.62,1277.64,0.02
7.18074,115,21,2067.02,1044.35,0,0,0,0,0,0,0,3,60,0,1462.3,1001.73,0
7.18148,116,28,1705.62,1277.64,0.02,2.67795,0,1,1,32,0.15,3,60,2,1896.31,2151.94,13.33
7.18963,127,46,2321.23,1878.77,0,0,0,0,0,0,0,3,60,0,1301.91,1280.86,0
7.19111,129,19,1459.93,998.13,0,0,0,0,0,0,0,3,60,0,2305.76,1155.44,0
7.19185,130,45,2094.19,1871.45,0,0,0,1,1,32,0.15,3,60,2,1894.23,1888.89,0
7.20222,9,27,1502.11,1357.52,0,0,0,1,1,32,0.15,3,60,2,1741.89,958.221,0.66
7.21333,24,28,1718.13,1273.2,0.53,2.8068,0,1,1,32,0.15,3,60,2,2293.25,1877.18,0
7.21481,26,27,1501.03,1354.51,0,0,0,1,1,32,0.15,3,60,2,1989.18,2222.24,0
7.21704,29,27,1650.21,1219.74,0,0,0,1,1,32,0.15,3,60,2,1558.61,1589.24,0
7.23481,53,20,1724.98,976.04,0,0,0,1,1,32,0.15,3,60,2,1223.22,2090.82,0
7.23704,56,20,1785.49,1041.14,0,0,0,1,1,32,0.15,3,60,2,1663.42,1237.34,0
7.24,60,19,1497.15,1007.14,0,0,0,0,0,0,0,3,60,0,1602.31,1786.36,0
7.2437,65,20,1719.13,979.98,0,0,0,1,1,32,0.15,3,60,2,1431.33,994.63,0
7.24444,66,43,1602.31,1786.36,0,0,0,1,1,32,0.15,3,60,2,1607.12,1826.99,0
7.24815,71,18,1431.33,994.63,0,0,0,0,1,128,0.1,3,60,0,1438.23,995.98,0
7.25333,78,18,1445.12,997.33,0,0,0,0,0,0,0,3,60,0,1299.94,1284.72,0
7.25407,79,19,1587,1105.62,0,0,0,0,0,64,0.05,3,60,0,1833.08,1765.78,0
7.26444,93,19,1490.23,1006.13,0,0,0,0,0,0,0,3,60,0,1893.39,1902.55,15.57
7.26593,95,26,1266.23,1300.68,0,0,0,1,1,32,0.15,3,60,2,1418.07,805.78,0
7.26667,96,19,1583.37,1099.64,0,0,0,0,0,0,0,3,60,0,1199.15,1421.8,8.71
7.27037,101,10,1418.07,805.78,0,0,0,1,1,160,0.25,3,60,2,1730.82,941.03,0
7.27704,110,11,1448.33,765.533,7.12,0.216386,0,0,0,0,0,3,60,0,1705.62,1277.64,0.02
7.28074,115,21,2067.02,1044.35,0,0,0,0,0,0,0,3,60,0,1462.3,1001.73,0
7.28148,116,28,1705.61,1277.64,0.02,2.67795,0,1,1,32,0.15,3,60,2,1896.09,2150.63,13.33
7.28963,127,46,2321.23,1878.77,0,0,0,0,0,0,0,3,60,0,1301.91,1280.86,0
7.29111,129,19,1459.93,998.13,0,0,0,0,0,0,0,3,60,0,2305.76,1155.44,0
7.29185,130,45,2094.19,1871.45,0,0,0,1,1,32,0.15,3,60,2,1894.23,1888.89,0
7.30222,9,27,1502.11,1357.52,0,0,0,1,1,32,0.15,3,60,2,1741.95,958.241,0.66
7.31333,24,28,1718.08,1273.22,0.53,2.8068,0,1,1,32,0.15,3,60,2,2293.25,1877.18,0
7.31481,26,27,1501.03,1354.51,0,0,0,1,1,32,0.15,3,60,2,1989.18,2222.24,0
7.31704,29,27,1650.21,1219.74,0,0,0,1,1,32,0.15,3,60,2,1558.61,1589.24,0
7.33481,53,20,1724.98,976.04,0,0,0,1,1,32,0.15,3,60,2,1223.22,2090.82,0
7.33704,56,20,1785.49,1041.14,0,0,0,1,1,32,0.15,3,60,2,1663.42,1237.34,0
7.34,60,19,1497.15,1007.14,0,0,0,0,0,0,0,3,60,0,1602.31,1786.36,0
7.3437,65,20,1719.13,979.98,0,0,0,1,1,32,0.15,3,60,2,1431.33,994.63,0
7.34444,66,43,1602.31,1786.36,0,0,0,1,1,32,0.15,3,60,2,1607.12,1826.99,0
7.34815,71,18,1431.33,994.63,0,0,0,0,0,0,0,3,60,0,1438.23,995.98,0
7.35333,78,18,1445.12,997.33,0,0,0,0,0,0,0,3,60,0,1299.94,1284.72,0
7.35407,79,19,1587,1105.62,0,0,0,0,0,64,0.05,3,60,0,1833.08,1765.78,0
7.36444,93,19,1490.23,1006.13,0,0,0,0,0,0,0,3,60,0,1894.92,1902.27,15.57
7.36593,95,26,1266.23,1300.68,0,0,0,1,1,32,0.15,3,60,2,1418.07,805.78,0
7.36667,96,19,1583.37,1099.64,0,0,0,0,0,0,0,3,60,0,1199.1,1420.93,8.71
7.37037,101,10,1418.07,805.78,0,0,0,1,1,32,0.15,3,60,2,1730.82,941.03,0
7.37704,110,11,1449.02,765.686,7.12,0.216386,0,0,0,0,0,3,60,0,1705.61,1277.64,0.02
7.38074,115,21,2067.02,1044.35,0,0,0,0,0,0,0,3,60,0,1462.3,1001.73,0
7.38148,116,28,1705.61,1277.64,0.02,2.67795,0,1,1,32,0.15,3,60,2,1895.87,2149.31,13.33
7.38963,127,46,2321.23,1878.77,0,0,0,0,0,0,0,3,60,0,1301.91,1280.86,0
7.39111,129,19,1459.93,998.13,0,0,0,0,0,0,0,3,60,0,2305.76,1155.44,0
7.39185,130,45,2094.19,1871.45,0,0,0,1,1,32,0.15,3,60,2,1894.23,1888.89,0
7.40222,9,27,1502.11,1357.52,0,0,0,1,1,32,0.15,3,60,2,1742.01,958.26,0.66
7.41333,24,28,1718.03,1273.24,0.53,2.8068,0,1,1,32,0.15,3,60,2,2293.25,1877.18,0
7.41481,26,27,1501.03,1354.51,0,0,0,1,1,32,0.15,3,60,2,1989.18,2222.24,0
7.41704,29,27,1650.21,1219.74,0,0,0,1,1,32,0.15,3,60,2,1558.61,1589.24,0
7.43481,53,20,1724.98,976.04,0,0,0,1,1,32,0.15,3,60,2,1223.22,2090.82,0
7.43704,56,20,1785.49,1041.14,0,0,0,1,1,32,0.15,3,60,2,1663.42,1237.34,0
7.44,60,19,1497.15,1007.14,0,0,0,0,0,0,0,3,60,0,1602.31,1786.36,0
7.4437,65,20,1719.13,979.98,0,0,0,1,1,32,0.15,3,60,2,1431.33,994.63,0
7.44444,66,43,1602.31,1786.36,0,0,0,1,1,32,0.15,3,60,2,1607.12,1826.99,0
7.44815,71,18,1431.33,994.63,0,0,0,0,0,0,0,3,60,0,1438.23,995.98,0
7.45333,78,18,1445.12,997.33,0,0,0,0,0,64,0.05,3,60,0,1299.94,1284.72,0
7.45407,79,19,1587,1105.62,0,0,0,0,0,64,0.05,3,60,0,1833.08,1765.78,0
7.46444,93,19,1490.23,1006.13,0,0,0,0,0,0,0,3,60,0,1896.45,1901.98,15.57
7.46593,95,26,1266.23,1300.68,0,0,0,1,1,32,0.15,3,60,2,1418.07,805.78,0
7.46667,96,19,1583.37,1099.64,0,0,0,0,0,0,0,3,60,0,1199.05,1420.06,8.71
7.47037,101,10,1418.07,805.78,0,0,0,1,1,32,0.15,3,60,2,1730.82,941.03,0
7.47704,110,11,1449.72,765.839,7.12,0.216386,0,0,0,0,0,3,60,0,1705.61,1277.64,0.02
7.48074,115,21,2067.02,1044.35,0,0,0,0,0,0,0,3,60,0,1462.3,1001.73,0
7.48148,116,28,1705.61,1277.64,0.02,2.67795,0,1,1,32,0.15,3,60,2,1895.65,2148,13.33
7.48963,127,46,2321.23,1878.77,0,0,0,0,0,0,0,3,60,0,1301.91,1280.86,0
7.49111,129,19,1459.93,998.13,0,0,0,0,0,0,0,3,60,0,2305.76,1155.44,0
7.49185,130,45,2094.19,1871.45,0,0,0,1,1,32,0.15,3,60,2,1894.23,1888.89,0
7.50222,9,27,1502.11,1357.52,0,0,0,1,1,32,0.15,3,60,2,1742.08,958.279,0.66
7.51333,24,28,1717.98,1273.25,0.53,2.8068,0,1,1,32,0.15,3,60,2,2293.25,1877.18,0
7.51481,26,27,1501.03,1354.51,0,0,0,1,1,32,0.15,3,60,2,1989.18,2222.24,0
7.51704,29,27,1650.21,1219.74,0,0,0,1,1,32,0.15,3,60,2,1558.61,1589.24,0
7.53481,53,20,1724.98,976.04,0,0,0,1,1,32,0.15,3,60,2,1223.22,2090.82,0
7.53704,56,20,1785.49,1041.14,0,0,0,1,1,32,0.15,3,60,2,1663.42,1237.34,0
7.54,60,19,1497.15,1007.14,0,0,0,0,0,0,0,3,60,0,1602.31,1786.36,0
7.5437,65,20,1719.13,979.98,0,0,0,1,1,32,0.15,3,60,2,1431.33,994.63,0
7.54444,66,43,1602.31,1786.36,0,0,0,1,1,32,0.15,3,60,2,1607.12,1826.99,0
7.54815,71,18,1431.33,994.63,0,0,0,0,0,0,0,3,60,0,1438.23,995.98,0
7.55333,78,18,1445.12,997.33,0,0,0,0,0,64,0.05,3,60,0,1299.94,1284.72,0
7.55407,79,19,1587,1105.62,0,0,0,0,0,64,0.05,3,60,0,1833.08,1765.78,0
7.56444,93,19,1490.23,1006.13,0,0,0,0,0,0,0,3,60,0,1897.98,1901.7,15.57
7.56593,95,26,1266.23,1300.68,0,0,0,1,1,32,0.15,3,60,2,1418.07,805.78,0
7.56667,96,19,1583.37,1099.64,0,0,0,0,0,0,0,3,60,0,1199,1419.19,8.71
7.57037,101,10,1418.07,805.78,0,0,0,1,1,32,0.15,3,60,2,1730.82,941.03,0
7.57704,110,11,1450.41,765.992,7.12,0.216386,0,0,0,0,0,3,60,0,1705.61,1277.65,0.02
7.58074,115,21,2067.02,1044.35,0,0,0,0,0,0,0,3,60,0,1462.3,1001.73,0
7.58148,116,28,1705.61,1277.65,0.02,2.67795,0,1,1,32,0.15,3,60,2,1895.44,2146.68,13.33
7.58963,127,46,2321.23,1878.77,0,0,0,0,0,0,0,3,60,0,1301.91,1280.86,0
7.59111,129,19,1459.93,998.13,0,0,0,0,0,0,0,3,60,0,2305.76,1155.44,0
7.59185,130,45,2094.19,1871.45,0,0,0,1,1,32,0.15,3,60,2,1894.23,1888.89,0
7.60222,9,27,1502.11,1357.52,0,0,0,1,1,32,0.15,3,60,2,1742.14,958.298,0.66
7.61333,24,28,1717.93,1273.27,0.53,2.8068,0,1,1,32,0.15,3,60,2,2293.25,1877.18,0
7.61481,26,27,1501.03,1354.51,0,0,0,1,1,32,0.15,3,60,2,1989.18,2222.24,0
7.61704,29,27,1650.21,1219.74,0,0,0,1,1,32,0.15,3,60,2,1558.61,1589.24,0
7.63481,53,20,1724.98,976.04,0,0,0,1,1,32,0.15,3,60,2,1223.22,2090.82,0
7.63704,56,20,1785.49,1041.14,0,0,0,1,1,32,0.15,3,60,2,1663.42,1237.34,0
7.64,60,19,1497.15,1007.14,0,0,0,0,0,0,0,3,60,0,1602.31,1786.36,0
7.6437,65,20,1719.13,979.98,0,0,0,1,1,32,0.15,3,60,2,1431.33,994.63,0
7.64444,66,43,1602.31,1786.36,0,0,0,1,1,32,0.15,3,60,2,1607.12,1826.99,0
7.64815,71,18,1431.33,994.63,0,0,0,0,0,0,0,3,60,0,1438.23,995.98,0
7.65333,78,18,1445.12,997.33,0,0,0,0,0,64,0.05,3,60,0,1299.94,1284.72,0
7.65407,79,19,1587,1105.62,0,0,0,0,0,64,0.05,3,60,0,1833.08,1765.78,0
7.66444,93,19,1490.23,1006.13,0,0,0,0,0,0,0,3,60,0,1899.51,1901.41,15.57
7.66593,95,26,1266.23,1300.68,0,0,0,1,1,32,0.15,3,60,2,1418.07,805.78,0
7.66667,96,19,1583.37,1099.64,0,0,0,0,0,0,0,3,60,0,1198.95,1418.32,8.71
7.67037,101,10,1418.07,805.78,0,0,0,1,1,32,0.15,3,60,2,1730.82,941.03,0
7.67704,110,11,1451.11,766.145,7.12,0.216386,0,0,0,0,0,3,60,0,1705.61,1277.65,0.02
7.68074,115,21,2067.02,1044.35,0,0,0,0,0,0,0,3,60,0,1462.3,1001.73,0
7.68148,116,28,1705.61,1277.65,0.02,2.67795,0,1,1,32,0.15,3,60,2,1895.22,2145.36,13.33
7.68963,127,46,2321.23,1878.77,0,0,0,0,0,0,0,3,60,0,1301.91,1280.86,0
7.69111,129,19,1459.93,998.13,0,0,0,0,0,0,0,3,60,0,2305.76,1155.44,0
7.69185,130,45,2094.19,1871.45,0,0,0,1,1,32,0.15,3,60,2,1894.23,1888.89,0
7.70222,9,27,1502.11,1357.52,0,0,0,1,1,32,0.15,3,60,2,1742.2,958.318,0.66
7.71333,24,28,1717.88,1273.29,0.53,2.8068,0,1,1,32,0.15,3,60,2,2293.25,1877.18,0
7.71481,26,27,1501.03,1354.51,0,0,0,1,1,32,0.15,3,60,2,1989.18,2222.24,0
7.71704,29,27,1650.21,1219.74,0,0,0,1,1,32,0.15,3,60,2,1558.61,1589.24,0
7.73481,53,20,1724.98,976.04,0,0,0,1,1,32,0.15,3,60,2,1223.22,2090.82,0
7.73704,56,20,1785.49,1041.14,0,0,0,1,1,32,0.15,3,60,2,1663.42,1237.34,0
7.74,60,19,1497.15,1007.14,0,0,0,0,0,0,0,3,60,0,1602.31,1786.36,0
7.7437,65,20,1719.13,979.98,0,0,0,1,1,32,0.15,3,60,2,1431.33,994.63,0
7.74444,66,43,1602.31,1786.36,0,0,0,1,1,32,0.15,3,60,2,1607.12,1826.99,0
7.74815,71,18,1431.33,994.63,0,0,0,0,0,0,0,3,60,0,1438.23,995.98,0
7.75333,78,18,1445.12,997.33,0,0,0,0,0,64,0.05,3,60,0,1299.94,1284.72,0
7.75407,79,19,1587,1105.62,0,0,0,0,0,64,0.05,3,60,0,1833.08,1765.78,0
7.76444,93,19,1490.23,1006.13,0,0,0,0,0,0,0,3,60,0,1901.04,1901.13,15.57
7.76593,95,26,1266.23,1300.68,0,0,0,1,1,32,0.15,3,60,2,1418.07,805.78,0
7.76667,96,19,1583.37,1099.64,0,0,0,0,0,0,0,3,60,0,1198.89,1417.45,8.71
7.77037,101,10,1418.07,805.78,0,0,0,1,1,32,0.15,3,60,2,1730.82,941.03,0
7.77704,110,11,1451.8,766.298,7.12,0.216386,0,0,0,0,0,3,60,0,1705.61,1277.65,0.02
7.78074,115,21,2067.02,1044.35,0,0,0,0,0,0,0,3,60,0,1462.3,1001.73,0
7.78148,116,28,1705.61,1277.65,0.02,2.67795,0,1,1,32,0.15,3,60,2,1895,2144.05,13.33
7.78963,127,46,2321.23,1878.77,0,0,0,0,0,0,0,3,60,0,1301.91,1280.86,0
7.79111,129,19,1459.93,998.13,0,0,0,0,0,0,0,3,60,0,2305.76,1155.44,0
7.79185,130,45,2094.19,1871.45,0,0,0,1,1,32,0.15,3,60,2,1894.23,1888.89,0
7.80222,9,27,1502.11,1357.52,0,0,0,1,1,32,0.15,3,60,2,1742.27,958.337,0.66
7.81333,24,28,1717.83,1273.31,0.53,2.8068,0,1,1,32,0.15,3,60,2,2293.25,1877.18,0
7.81481,26,27,1501.03,1354.51,0,0,0,1,1,32,0.15,3,60,2,1989.18,2222.24,0
7.81704,29,27,1650.21,1219.74,0,0,0,1,1,32,0.15,3,60,2,1558.61,1589.24,0
7.83481,53,20,1724.98,976.04,0,0,0,1,1,32,0.15,3,60,2,1223.22,2090.82,0
7.83704,56,20,1785.49,1041.14,0,0,0,1,1,32,0.15,3,60,2,1663.42,1237.34,0
7.84,60,19,1497.15,1007.14,0,0,0,0,0,0,0,3,60,0,1602.31,1786.36,0
7.8437,65,20,1719.13,979.98,0,0,0,1,1,32,0.15,3,60,2,1431.33,994.63,0
7.84444,66,43,1602.31,1786.36,0,0,0,1,1,32,0.15,3,60,2,1607.12,1826.99,0
7.84815,71,18,1431.33,994.63,0,0,0,0,0,0,0,3,60,0,1438.23,995.98,0
7.85333,78,18,1445.12,997.33,0,0,0,0,0,64,0.05,3,60,0,1299.94,1284.72,0
7.85407,79,19,1587,1105.62,0,0,0,0,0,64,0.05,3,60,0,1833.08,1765.78,0
7.86444,93,19,1490.23,1006.13,0,0,0,0,0,0,0,3,60,0,1902.57,1900.85,15.57
7.86593,95,26,1266.23,1300.68,0,0,0,1,1,32,0.15,3,60,2,1418.07,805.78,0
7.86667,96,19,1583.37,1099.64,0,0,0,0,0,0,0,3,60,0,1198.84,1416.58,8.71
7.87037,101,10,1418.07,805.78,0,0,0,1,1,32,0.15,3,60,2,1730.82,941.03,0
7.87704,110,11,1452.5,766.451,7.12,0.216386,0,0,0,0,0,3,60,0,1705.6,1277.65,0.02
7.88074,115,21,2067.02,1044.35,0,0,0,0,0,0,0,3,60,0,1462.3,1001.73,0
7.88148,116,28,1705.6,1277.65,0.02,2.67795,0,1,1,32,0.15,3,60,2,1894.79,2142.73,13.33
7.88963,127,46,2321.23,1878.77,0,0,0,0,0,0,0,3,60,0,1301.91,1280.86,0
7.89111,129,19,1459.93,998.13,0,0,0,0,0,0,0,3,60,0,2305.76,1155.44,0
7.89185,130,45,2094.19,1871.45,0,0,0,1,1,32,0.15,3,60,2,1894.23,1888.89,0
7.90222,9,27,1502.11,1357.52,0,0,0,1,1,32,0.15,3,60,2,1742.33,958.356,0.66
7.91333,24,28,1717.78,1273.32,0.53,2.8068,0,1,1,32,0.15,3,60,2,2293.25,1877.18,0
7.91481,26,27,1501.03,1354.51,0,0,0,1,1,32,0.15,3,60,2,1989.18,2222.24,0
7.91704,29,27,1650.21,1219.74,0,0,0,1,1,32,0.15,3,60,2,1558.61,1589.24,0
7.93481,53,20,1724.98,976.04,0,0,0,1,1,32,0.15,3,60,2,1223.22,2090.82,0
7.93704,56,20,1785.49,1041.14,0,0,0,1,1,32,0.15,3,60,2,1663.42,1237.34,0
7.94,60,19,1497.15,1007.14,0,0,0,0,0,0,0,3,60,0,1602.31,1786.36,0
7.9437,65,20,1719.13,979.98,0,0,0,1,1,32,0.15,3,60,2,1431.33,994.63,0
7.94444,66,43,1602.31,1786.36,0,0,0,1,1,32,0.15,3,60,2,1607.12,1826.99,0
7.94815,71,18,1431.33,994.63,0,0,0,0,0,0,0,3,60,0,1438.23,995.98,0
7.95333,78,18,1445.12,997.33,0,0,0,0,0,64,0.05,3,60,0,1299.94,1284.72,0
7.95407,79,19,1587,1105.62,0,0,0,0,0,64,0.05,3,60,0,1833.08,1765.78,0
7.96444,93,19,1490.23,1006.13,0,0,0,0,0,0,0,3,60,0,1904.1,1900.56,15.57
7.96593,95,26,1266.23,1300.68,0,0,0,1,1,32,0.15,3,60,2,1418.07,805.78,0
7.96667,96,19,1583.37,1099.64,0,0,0,0,0,0,0,3,60,0,1198.79,1415.71,8.71
7.97037,101,10,1418.07,805.78,0,0,0,1,1,32,0.15,3,60,2,1730.82,941.03,0
7.97704,110,11,1453.19,766.604,7.12,0.216386,0,0,0,0,0,3,60,0,1705.6,1277.65,0.02
7.98074,115,21,2067.02,1044.35,0,0,0,0,0,0,0,3,60,0,1462.3,1001.73,0
7.98148,116,28,1705.6,1277.65,0.02,2.67795,0,1,1,32,0.15,3,60,2,1894.57,2141.42,13.33
7.98963,127,46,2321.23,1878.77,0,0,0,0,0,0,0,3,60,0,1301.91,1280.86,0
7.99111,129,19,1459.93,998.13,0,0,0,0,0,0,0,3,60,0,2305.76,1155.44,0
7.99185,130,45,2094.19,1871.45,0,0,0,1,1,32,0.15,3,60,2,1894.23,1888.89,0
8.00222,9,27,1502.11,1357.52,0,0,0,1,1,32,0.15,3,60,2,1742.39,958.375,0
8.01333,24,28,1717.73,1273.34,0.28,2.78907,-2.5,1,1,32,0.15,3,60,2,2293.25,1877.18,0
8.01481,26,27,1501.03,1354.51,0,0,0,1,1,32,0.15,3,60,2,1989.18,2222.24,0
8.01704,29,27,1650.21,1219.74,0,0,0,1,1,32,0.15,3,60,2,1558.61,1589.24,0
8.03481,53,20,1724.98,976.04,0,0,0,1,1,32,0.15,3,60,2,1223.22,2090.82,0
8.03704,56,20,1785.49,1041.14,0,0,0,1,1,32,0.15,3,60,2,1663.42,1237.34,0
8.04,60,19,1497.15,1007.14,0,0,0,0,0,0,0,3,60,0,1602.31,1786.36,0
8.0437,65,20,1719.13,979.98,0,0,0,1,1,32,0.15,3,60,2,1431.33,994.63,0
8.04444,66,43,1602.31,1786.36,0,0,0,1,1,32,0.15,3,60,2,1607.12,1826.99,0
8.04815,71,18,1431.33,994.63,0,0,0,0,0,0,0,3,60,0,1438.23,995.98,0
8.05333,78,18,1445.12,997.33,0,0,0,0,0,64,0.05,3,60,0,1299.94,1284.72,0
8.05407,79,19,1587,1105.62,0,0,0,0,0,64,0.05,3,60,0,1833.08,1765.78,0
8.06444,93,19,1490.23,1006.13,0,0,0,0,0,0,0,3,60,0,1905.71,1900.26,16.8
8.06593,95,26,1266.23,1300.68,0,0,0,1,1,32,0.15,3,60,2,1418.07,805.78,0
8.06667,96,19,1583.37,1099.64,0,0,0,0,0,0,0,3,60,0,1198.71,1414.93,8.65
8.07037,101,10,1418.07,805.78,0,0,0,1,1,32,0.15,3,60,2,1730.82,941.03,0
8.07704,110,11,1453.98,766.776,8.34,0.215029,12.2,0,1,4,0.1,3,60,0,1705.6,1277.65,0
8.08074,115,21,2067.02,1044.35,0,0,0,0,0,0,0,3,60,0,1462.3,1001.73,0
8.08148,116,28,1705.6,1277.65,0,0,-0.2,1,1,34,0.25,3,60,2,1894.34,2140.04,14.12
8.08963,127,46,2321.23,1878.77,0,0,0,0,0,0,0,3,60,0,1301.91,1280.86,0
8.09111,129,19,1459.93,998.13,0,0,0,0,0,0,0,3,60,0,2305.76,1155.44,0
8.09185,130,45,2094.19,1871.45,0,0,0,1,1,32,0.15,3,60,2,1894.23,1888.89,0
8.10222,9,27,1502.11,1357.52,0,0,0,1,1,32,0.15,3,60,2,1742.39,958.375,0
8.11333,24,28,1717.7,1273.35,0.28,2.78907,0,1,1,32,0.15,3,60,2,2293.25,1877.18,0
8.11481,26,27,1501.03,1354.51,0,0,0,1,1,32,0.15,3,60,2,1989.18,2222.24,0
8.11704,29,27,1650.21,1219.74,0,0,0,1,1,32,0.15,3,60,2,1558.61,1589.24,0
8.13481,53,20,1724.98,976.04,0,0,0,1,1,32,0.15,3,60,2,1223.22,2090.82,0
8.13704,56,20,1785.49,1041.14,0,0,0,1,1,32,0.15,3,60,2,1663.42,1237.34,0
8.14,60,19,1497.15,1007.14,0,0,0,0,0,0,0,3,60,0,1602.31,1786.36,0
8.1437,65,20,1719.13,979.98,0,0,0,1,1,32,0.15,3,60,2,1431.33,994.63,0
8.14444,66,43,1602.31,1786.36,0,0,0,1,1,32,0.15,3,60,2,1607.12,1826.99,0
8.14815,71,18,1431.33,994.63,0,0,0,0,0,0,0,3,60,0,1438.23,995.98,0
8.15333,78,18,1445.12,997.33,0,0,0,0,0,64,0.05,3,60,0,1299.94,1284.72,0
8.15407,79,19,1587,1105.62,0,0,0,0,0,64,0.05,3,60,0,1833.08,1765.78,0
8.16444,93,19,1490.23,1006.13,0,0,0,0,0,0,0,3,60,0,1907.37,1899.96,16.8
8.16593,95,26,1266.23,1300.68,0,0,0,1,1,32,0.15,3,60,2,1418.07,805.78,0
8.16667,96,19,1583.37,1099.64,0,0,0,0,0,0,0,3,60,0,1198.61,1414.07,8.65
8.17037,101,10,1418.07,805.78,0,0,0,1,1,32,0.15,3,60,2,1730.82,941.03,0
8.17704,110,11,1454.8,766.954,8.34,0.215029,0,0,0,0,0,3,60,0,1705.6,1277.65,0
8.18074,115,21,2067.02,1044.35,0,0,0,0,0,0,0,3,60,0,1462.3,1001.73,0
8.18148,116,28,1705.6,1277.65,0,0,0,1,1,32,0.15,3,60,2,1894.11,2138.65,14.12
8.18963,127,46,2321.23,1878.77,0,0,0,0,0,0,0,3,60,0,1301.91,1280.86,0
8.19111,129,19,1459.93,998.13,0,0,0,0,0,0,0,3,60,0,2305.76,1155.44,0
8.19185,130,45,2094.19,1871.45,0,0,0,1,1,32,0.15,3,60,2,1894.23,1888.89,0
8.20222,9,27,1502.11,1357.52,0,0,0,1,1,32,0.15,3,60,2,1742.39,958.375,0
8.21333,24,28,1717.68,1273.36,0.28,2.78907,0,1,1,32,0.15,3,60,2,2293.25,1877.18,0
8.21481,26,27,1501.03,1354.51,0,0,0,1,1,32,0.15,3,60,2,1989.18,2222.24,0
8.21704,29,27,1650.21,1219.74,0,0,0,1,1,32,0.15,3,60,2,1558.61,1589.24,0
8.23481,53,20,1724.98,976.04,0,0,0,1,1,32,0.15,3,60,2,1223.22,2090.82,0
8.23704,56,20,1785.49,1041.14,0,0,0,1,1,32,0.15,3,60,2,1663.42,1237.34,0
8.24,60,19,1497.15,1007.14,0,0,0,0,0,0,0,3,60,0,1602.31,1786.36,0
8.2437,65,20,1719.13,979.98,0,0,0,1,1,32,0.15,3,60,2,1431.33,994.63,0
8.24444,66,43,1602.31,1786.36,0,0,0,1,1,32,0.15,3,60,2,1607.12,1826.99,0
8.24815,71,18,1431.33,994.63,0,0,0,0,0,0,0,3,60,0,1438.23,995.98,0
8.25333,78,18,1445.12,997.33,0,0,0,0,0,64,0.05,3,60,0,1299.94,1284.72,0
8.25407,79,19,1587,1105.62,0,0,0,0,0,64,0.05,3,60,0,1833.08,1765.78,0
8.26444,93,19,1490.23,1006.13,0,0,0,0,0,0,0,3,60,0,1909.02,1899.65,16.8
8.26593,95,26,1266.23,1300.68,0,0,0,1,1,32,0.15,3,60,2,1418.07,805.78,0
8.26667,96,19,1583.37,1099.64,0,0,0,0,0,0,0,3,60,0,1198.5,1413.21,8.65
8.27037,101,10,1418.07,805.78,0,0,0,1,1,32,0.15,3,60,2,1730.82,941.03,0
8.27704,110,11,1455.61,767.132,8.34,0.215029,0,0,0,0,0,3,60,0,1705.6,1277.65,0
8.28074,115,21,2067.02,1044.35,0,0,0,0,0,0,0,3,60,0,1462.3,1001.73,0
8.28148,116,28,1705.6,1277.65,0,0,0,1,1,32,0.15,3,60,2,1893.88,2137.26,14.12
8.28963,127,46,2321.23,1878.77,0,0,0,0,0,0,0,3,60,0,1301.91,1280.86,0
8.29111,129,19,1459.93,998.13,0,0,0,0,0,0,0,3,60,0,2305.76,1155.44,0
8.29185,130,45,2094.19,1871.45,0,0,0,1,1,32,0.15,3,60,2,1894.23,1888.89,0
8.30222,9,27,1502.11,1357.52,0,0,0,1,1,32,0.15,3,60,2,1742.39,958.375,0
8.31333,24,28,1717.65,1273.37,0.28,2.78907,0,1,1,32,0.15,3,60,2,2293.25,1877.18,0
8.31481,26,27,1501.03,1354.51,0,0,0,1,1,32,0.15,3,60,2,1989.18,2222.24,0
8.31704,29,27,1650.21,1219.74,0,0,0,1,1,32,0.15,3,60,2,1558.61,1589.24,0
8.33481,53,20,1724.98,976.04,0,0,0,1,1,32,0.15,3,60,2,1223.22,2090.82,0
8.33704,56,20,1785.49,1041.14,0,0,0,1,1,32,0.15,3,60,2,1663.42,1237.34,0
8.34,60,19,1497.15,1007.14,0,0,0,0,0,0,0,3,60,0,1602.31,1786.36,0
8.3437,65,20,1719.13,979.98,0,0,0,1,1,32,0.15,3,60,2,1431.33,994.63,0
8.34444,66,43,1602.31,1786.36,0,0,0,1,1,32,0.15,3,60,2,1607.12,1826.99,0
8.34815,71,18,1431.33,994.63,0,0,0,0,0,0,0,3,60,0,1438.23,995.98,0
8.35333,78,18,1445.12,997.33,0,0,0,0,0,64,0.05,3,60,0,1299.94,1284.72,0
8.35407,79,19,1587,1105.62,0,0,0,0,0,64,0.05,3,60,0,1833.08,1765.78,0
8.36444,93,19,1490.23,1006.13,0,0,0,0,0,0,0,3,60,0,1910.67,1899.34,16.8
8.36593,95,26,1266.23,1300.68,0,0,0,1,1,32,0.15,3,60,2,1418.07,805.78,0
8.36667,96,19,1583.37,1099.64,0,0,0,0,0,0,0,3,60,0,1198.4,1412.35,8.65
8.37037,101,10,1418.07,805.78,0,0,0,1,1,32,0.15,3,60,2,1730.82,941.03,0
8.37704,110,11,1456.43,767.31,8.34,0.215029,0,0,0,0,0,3,60,0,1705.6,1277.65,0
8.38074,115,21,2067.02,1044.35,0,0,0,0,0,0,0,3,60,0,1462.3,1001.73,0
8.38148,116,28,1705.6,1277.65,0,0,0,1,1,32,0.15,3,60,2,1893.65,2135.86,14.12
8.38963,127,46,2321.23,1878.77,0,0,0,0,0,0,0,3,60,0,1301.91,1280.86,0
8.39111,129,19,1459.93,998.13,0,0,0,0,0,0,0,3,60,0,2305.76,1155.44,0
8.39185,130,45,2094.19,1871.45,0,0,0,1,1,32,0.15,3,60,2,1894.23,1888.89,0
8.40222,9,27,1502.11,1357.52,0,0,0,1,1,32,0.15,3,60,2,1742.39,958.375,0
8.41333,24,28,1717.62,1273.38,0.28,2.78907,0,1,1,32,0.15,3,60,2,2293.25,1877.18,0
8.41481,26,27,1501.03,1354.51,0,0,0,1,1,32,0.15,3,60,2,1989.18,2222.24,0
8.41704,29,27,1650.21,1219.74,0,0,0,1,1,32,0.15,3,60,2,1558.61,1589.24,0
8.43481,53,20,1724.98,976.04,0,0,0,1,1,32,0.15,3,60,2,1223.22,2090.82,0
8.43704,56,20,1785.49,1041.14,0,0,0,1,1,32,0.15,3,60,2,1663.42,1237.34,0
8.44,60,19,1497.15,1007.14,0,0,0,0,0,0,0,3,60,0,1602.31,1786.36,0
8.4437,65,20,1719.13,979.98,0,0,0,1,1,32,0.15,3,60,2,1431.33,994.63,0
8.44444,66,43,1602.31,1786.36,0,0,0,1,1,32,0.15,3,60,2,1607.12,1826.99,0
8.44815,71,18,1431.33,994.63,0,0,0,0,0,0,0,3,60,0,1438.23,995.98,0
8.45333,78,18,1445.12,997.33,0,0,0,0,0,64,0.05,3,60,0,1299.94,1284.72,0
8.45407,79,19,1587,1105.62,0,0,0,0,0,64,0.05,3,60,0,1833.08,1765.78,0
8.46444,93,19,1490.23,1006.13,0,0,0,0,0,0,0,3,60,0,1912.32,1899.03,16.8
8.46593,95,26,1266.23,1300.68,0,0,0,1,1,32,0.15,3,60,2,1418.07,805.78,0
8.46667,96,19,1583.37,1099.64,0,0,0,0,0,0,0,3,60,0,1198.3,1411.49,8.65
8.47037,101,10,1418.07,805.78,0,0,0,1,1,32,0.15,3,60,2,1730.82,941.03,0
8.47704,110,11,1457.24,767.488,8.34,0.215029,0,0,0,0,0,3,60,0,1705.6,1277.65,0
8.48074,115,21,2067.02,1044.35,0,0,0,0,0,0,0,3,60,0,1462.3,1001.73,0
8.48148,116,28,1705.6,1277.65,0,0,0,1,1,32,0.15,3,60,2,1893.42,2134.47,14.12
8.48963,127,46,2321.23,1878.77,0,0,0,0,0,0,0,3,60,0,1301.91,1280.86,0
8.49111,129,19,1459.93,998.13,0,0,0,0,0,0,0,3,60,0,2305.76,1155.44,0
8.49185,130,45,2094.19,1871.45,0,0,0,1,1,32,0.15,3,60,2,1894.23,1888.89,0
8.50222,9,27,1502.11,1357.52,0,0,0,1,1,32,0.15,3,60,2,1742.39,958.375,0
8.51333,24,28,1717.6,1273.39,0.28,2.78907,0,1,1,32,0.15,3,60,2,2293.25,1877.18,0
8.51481,26,27,1501.03,1354.51,0,0,0,1,1,32,0.15,3,60,2,1989.18,2222.24,0
8.51704,29,27,1650.21,1219.74,0,0,0,1,1,32,0.15,3,60,2,1558.61,1589.24,0
8.53481,53,20,1724.98,976.04,0,0,0,1,1,32,0.15,3,60,2,1223.22,2090.82,0
8.53704,56,20,1785.49,1041.14,0,0,0,1,1,32,0.15,3,60,2,1663.42,1237.34,0
8.54,60,19,1497.15,1007.14,0,0,0,0,0,0,0,3,60,0,1602.31,1786.36,0
8.5437,65,20,1719.13,979.98,0,0,0,1,1,32,0.15,3,60,2,1431.33,994.63,0
8.54815,71,18,1431.33,994.63,0,0,0,0,0,0,0,3,60,0,1438.23,995.98,0
8.55333,78,18,1445.12,997.33,0,0,0,0,0,64,0.05,3,60,0,1299.94,1284.72,0
8.55407,79,19,1587,1105.62,0,0,0,0,0,64,0.05,3,60,0,1833.08,1765.78,0
8.56444,93,19,1490.23,1006.13,0,0,0,0,0,0,0,3,60,0,1913.97,1898.73,16.8
8.56593,95,26,1266.23,1300.68,0,0,0,1,1,32,0.15,3,60,2,1418.07,805.78,0
8.56667,96,19,1583.37,1099.64,0,0,0,0,0,0,0,3,60,0,1198.19,1410.63,8.65
8.57037,101,10,1418.07,805.78,0,0,0,1,1,32,0.15,3,60,2,1730.82,941.03,0
8.57704,110,11,1458.06,767.666,8.34,0.215029,0,0,0,0,0,3,60,0,1705.6,1277.65,0
8.58074,115,21,2067.02,1044.35,0,0,0,0,0,0,0,3,60,0,1462.3,1001.73,0
8.58148,116,28,1705.6,1277.65,0,0,0,1,1,32,0.15,3,60,2,1893.19,2133.08,14.12
8.58963,127,46,2321.23,1878.77,0,0,0,0,0,0,0,3,60,0,1301.91,1280.86,0
8.59111,129,19,1459.93,998.13,0,0,0,0,0,0,0,3,60,0,2305.76,1155.44,0
8.59185,130,45,2094.19,1871.45,0,0,0,1,1,32,0.15,3,60,2,1894.23,1888.89,0
8.60222,9,27,1502.11,1357.52,0,0,0,1,1,32,0.15,3,60,2,1742.39,958.375,0
8.61333,24,28,1717.57,1273.4,0.28,2.78907,0,1,1,32,0.15,3,60,2,2293.25,1877.18,0
8.61481,26,27,1501.03,1354.51,0,0,0,1,1,32,0.15,3,60,2,1989.18,2222.24,0
8.61704,29,27,1650.21,1219.74,0,0,0,1,1,32,0.15,3,60,2,1558.61,1589.24,0
8.63481,53,20,1724.98,976.04,0,0,0,1,1,32,0.15,3,60,2,1223.22,2090.82,0
8.63704,56,20,1785.49,1041.14,0,0,0,1,1,32,0.15,3,60,2,1663.42,1237.34,0
8.64,60,19,1497.15,1007.14,0,0,0,0,0,0,0,3,60,0,1602.31,1786.36,0
8.6437,65,20,1719.13,979.98,0,0,0,1,1,32,0.15,3,60,2,1431.33,994.63,0
8.64815,71,18,1431.33,994.63,0,0,0,0,0,0,0,3,60,0,1438.23,995.98,0
8.65333,78,18,1445.12,997.33,0,0,0,0,0,64,0.05,3,60,0,1299.94,1284.72,0
8.65407,79,19,1587,1105.62,0,0,0,0,0,64,0.05,3,60,0,1833.08,1765.78,0
8.66444,93,19,1490.23,1006.13,0,0,0,0,0,0,0,3,60,0,1915.62,1898.42,16.8
8.66593,95,26,1266.23,1300.68,0,0,0,1,1,32,0.15,3,60,2,1418.07,805.78,0
8.66667,96,19,1583.37,1099.64,0,0,0,0,0,0,0,3,60,0,1198.09,1409.77,8.65
8.67037,101,10,1418.07,805.78,0,0,0,1,1,32,0.15,3,60,2,1730.82,941.03,0
8.67704,110,11,1458.87,767.843,8.34,0.215029,0,0,0,0,0,3,60,0,1705.6,1277.65,0
8.68074,115,21,2067.02,1044.35,0,0,0,0,0,0,0,3,60,0,1462.3,1001.73,0
8.68148,116,28,1705.6,1277.65,0,0,0,1,1,32,0.15,3,60,2,1892.96,2131.68,14.12
8.68963,127,46,2321.23,1878.77,0,0,0,0,0,0,0,3,60,0,1301.91,1280.86,0
8.69111,129,19,1459.93,998.13,0,0,0,0,0,0,0,3,60,0,2305.76,1155.44,0
8.69185,130,45,2094.19,1871.45,0,0,0,1,1,32,0.15,3,60,2,1894.23,1888.89,0
8.70222,9,27,1502.11,1357.52,0,0,0,1,1,32,0.15,3,60,2,1742.39,958.375,0
8.71333,24,28,1717.55,1273.41,0.28,2.78907,0,1,1,32,0.15,3,60,2,2293.25,1877.18,0
8.71481,26,27,1501.03,1354.51,0,0,0,1,1,32,0.15,3,60,2,1989.18,2222.24,0
8.71704,29,27,1650.21,1219.74,0,0,0,1,1,32,0.15,3,60,2,1558.61,1589.24,0
8.73481,53,20,1724.98,976.04,0,0,0,1,1,32,0.15,3,60,2,1223.22,2090.82,0
8.73704,56,20,1785.49,1041.14,0,0,0,1,1,32,0.15,3,60,2,1663.42,1237.34,0
8.74,60,19,1497.15,1007.14,0,0,0,0,0,0,0,3,60,0,1602.31,1786.36,0
8.7437,65,20,1719.13,979.98,0,0,0,1,1,32,0.15,3,60,2,1431.33,994.63,0
8.74815,71,18,1431.33,994.63,0,0,0,0,0,0,0,3,60,0,1438.23,995.98,0
8.75333,78,18,1445.12,997.33,0,0,0,0,0,64,0.05,3,60,0,1299.94,1284.72,0
8.75407,79,19,1587,1105.62,0,0,0,0,0,64,0.05,3,60,0,1833.08,1765.78,0
8.76444,93,19,1490.23,1006.13,0,0,0,0,0,0,0,3,60,0,1917.28,1898.11,16.8
8.76593,95,26,1266.23,1300.68,0,0,0,1,1,32,0.15,3,60,2,1418.07,805.78,0
8.76667,96,19,1583.37,1099.64,0,0,0,0,0,0,0,3,60,0,1197.99,1408.92,8.65
8.77037,101,10,1418.07,805.78,0,0,0,1,1,32,0.15,3,60,2,1730.82,941.03,0
8.77704,110,11,1459.69,768.021,8.34,0.215029,0,0,0,0,0,3,60,0,1705.6,1277.65,0
8.78074,115,21,2067.02,1044.35,0,0,0,0,0,0,0,3,60,0,1462.3,1001.73,0
8.78148,116,28,1705.6,1277.65,0,0,0,1,1,32,0.15,3,60,2,1892.72,2130.29,14.12
8.78963,127,46,2321.23,1878.77,0,0,0,0,0,0,0,3,60,0,1301.91,1280.86,0
8.79111,129,19,1459.93,998.13,0,0,0,0,0,0,0,3,60,0,2305.76,1155.44,0
8.79185,130,45,2094.19,1871.45,0,0,0,1,1,32,0.15,3,60,2,1894.23,1888.89,0
8.80222,9,27,1502.11,1357.52,0,0,0,1,1,32,0.15,3,60,2,1742.39,958.375,0
8.81333,24,28,1717.52,1273.42,0.28,2.78907,0,1,1,32,0.15,3,60,2,2293.25,1877.18,0
8.81481,26,27,1501.03,1354.51,0,0,0,1,1,32,0.15,3,60,2,1989.18,2222.24,0
8.81704,29,27,1650.21,1219.74,0,0,0,1,1,32,0.15,3,60,2,1558.61,1589.24,0
8.83481,53,20,1724.98,976.04,0,0,0,1,1,32,0.15,3,60,2,1223.22,2090.82,0
8.83704,56,20,1785.49,1041.14,0,0,0,1,1,32,0.15,3,60,2,1663.42,1237.34,0
8.84,60,19,1497.15,1007.14,0,0,0,0,0,0,0,3,60,0,1602.31,1786.36,0
8.8437,65,20,1719.13,979.98,0,0,0,1,1,32,0.15,3,60,2,1431.33,994.63,0
8.84815,71,18,1431.33,994.63,0,0,0,0,0,0,0,3,60,0,1438.23,995.98,0
8.85333,78,18,1445.12,997.33,0,0,0,0,0,64,0.05,3,60,0,1299.94,1284.72,0
8.85407,79,19,1587,1105.62,0,0,0,0,0,64,0.05,3,60,0,1833.08,1765.78,0
8.86444,93,19,1490.23,1006.13,0,0,0,0,0,0,0,3,60,0,1918.93,1897.81,16.8
8.86593,95,26,1266.23,1300.68,0,0,0,1,1,32,0.15,3,60,2,1418.07,805.78,0
8.86667,96,19,1583.37,1099.64,0,0,0,0,0,0,0,3,60,0,1197.88,1408.06,8.65
8.87037,101,10,1418.07,805.78,0,0,0,1,1,32,0.15,3,60,2,1730.82,941.03,0
8.87704,110,11,1460.5,768.199,8.34,0.215029,0,0,0,0,0,3,60,0,1705.6,1277.65,0
8.88074,115,21,2067.02,1044.35,0,0,0,0,0,0,0,3,60,0,1462.3,1001.73,0
8.88148,116,28,1705.6,1277.65,0,0,0,1,1,32,0.15,3,60,2,1892.49,2128.9,14.12
8.88963,127,46,2321.23,1878.77,0,0,0,0,0,0,0,3,60,0,1301.91,1280.86,0
8.89111,129,19,1459.93,998.13,0,0,0,0,0,0,0,3,60,0,2305.76,1155.44,0
8.89185,130,45,2094.19,1871.45,0,0,0,1,1,32,0.15,3,60,2,1894.23,1888.89,0
8.90222,9,27,1502.11,1357.52,0,0,0,1,1,32,0.15,3,60,2,1742.39,958.375,0
8.91333,24,28,1717.49,1273.43,0.28,2.78907,0,1,1,32,0.15,3,60,2,2293.25,1877.18,0
8.91481,26,27,1501.03,1354.51,0,0,0,1,1,32,0.15,3,60,2,1989.18,2222.24,0
8.91704,29,27,1650.21,1219.74,0,0,0,1,1,32,0.15,3,60,2,1558.61,1589.24,0
8.93481,53,20,1724.98,976.04,0,0,0,1,1,32,0.15,3,60,2,1223.22,2090.82,0
8.93704,56,20,1785.49,1041.14,0,0,0,1,1,32,0.15,3,60,2,1663.42,1237.34,0
8.94,60,19,1497.15,1007.14,0,0,0,0,0,0,0,3,60,0,1602.31,1786.36,0
8.9437,65,20,1719.13,979.98,0,0,0,1,1,32,0.15,3,60,2,1431.33,994.63,0
8.94815,71,18,1431.33,994.63,0,0,0,0,0,0,0,3,60,0,1438.23,995.98,0
8.95333,78,18,1445.12,997.33,0,0,0,0,0,64,0.05,3,60,0,1299.94,1284.72,0
8.95407,79,19,1587,1105.62,0,0,0,0,0,64,0.05,3,60,0,1833.08,1765.78,0
8.96444,93,19,1490.23,1006.13,0,0,0,0,0,0,0,3,60,0,1920.58,1897.5,16.8
8.96593,95,26,1266.23,1300.68,0,0,0,1,1,32,0.15,3,60,2,1418.07,805.78,0
8.96667,96,19,1583.37,1099.64,0,0,0,0,0,0,0,3,60,0,1197.78,1407.2,8.65
8.97037,101,10,1418.07,805.78,0,0,0,1,1,32,0.15,3,60,2,1730.82,941.03,0
8.97704,110,11,1461.31,768.377,8.34,0.215029,0,0,0,0,0,3,60,0,1705.6,1277.65,0
8.98074,115,21,2067.02,1044.35,0,0,0,0,0,0,0,3,60,0,1462.3,1001.73,0
8.98148,116,28,1705.6,1277.65,0,0,0,1,1,32,0.15,3,60,2,1892.26,2127.51,14.12
8.98963,127,46,2321.23,1878.77,0,0,0,0,0,0,0,3,60,0,1301.91,1280.86,0
8.99111,129,19,1459.93,998.13,0,0,0,0,0,0,0,3,60,0,2305.76,1155.44,0
8.99185,130,45,2094.19,1871.45,0,0,0,1,1,32,0.15,3,60,2,1894.23,1888.89,0
9.00222,9,27,1502.11,1357.52,0,0,0,1,1,32,0.15,3,60,2,1742.39,958.375,0
9.01333,24,28,1717.47,1273.44,0.12,2.79181,-1.6,1,1,32,0.15,3,60,2,2293.25,1877.18,0
9.01481,26,27,1501.03,1354.51,0,0,0,1,1,32,0.15,3,60,2,1989.18,2222.24,0
9.01704,29,27,1650.21,1219.74,0,0,0,1,1,32,0.15,3,60,2,1558.61,1589.24,0
9.03481,53,20,1724.98,976.04,0,0,0,1,1,32,0.15,3,60,2,1223.22,2090.82,0
9.03704,56,20,1785.49,1041.14,0,0,0,1,1,32,0.15,3,60,2,1663.42,1237.34,0
9.04,60,19,1497.15,1007.14,0,0,0,0,0,0,0,3,60,0,1602.31,1786.36,0
9.0437,65,20,1719.13,979.98,0,0,0,1,1,32,0.15,3,60,2,1431.33,994.63,0
9.04815,71,18,1431.33,994.63,0,0,0,0,0,0,0,3,60,0,1438.23,995.98,0
9.05333,78,18,1445.12,997.33,0,0,0,0,0,64,0.05,3,60,0,1299.94,1284.72,0
9.05407,79,19,1587,1105.62,0,0,0,0,0,64,0.05,3,60,0,1833.08,1765.78,0
9.06444,93,19,1490.23,1006.13,0,0,0,0,0,0,0,3,60,0,1922.31,1897.18,18.04
9.06593,95,26,1266.23,1300.68,0,0,0,1,1,32,0.15,3,60,2,1418.07,805.78,0
9.06667,96,19,1583.37,1099.64,0,0,0,0,0,0,0,3,60,0,1197.78,1406.54,6.1
9.07037,101,10,1418.07,805.78,0,0,0,1,1,32,0.15,3,60,2,1730.82,941.03,0
9.07704,110,11,1462.19,768.569,9.08,0.216635,7.4,0,1,4,0.1,3,60,0,1705.6,1277.65,0
9.08074,115,21,2067.02,1044.35,0,0,0,0,0,0,0,3,60,0,1462.3,1001.73,0
9.08148,116,28,1705.6,1277.65,0,0,0,1,1,32,0.15,3,60,2,1892.03,2126.08,14.5
9.08963,127,46,2321.23,1878.77,0,0,0,0,0,0,0,3,60,0,1301.91,1280.86,0
9.09111,129,19,1459.93,998.13,0,0,0,0,0,0,0,3,60,0,2305.76,1155.44,0
9.09185,130,45,2094.19,1871.45,0,0,0,1,1,32,0.15,3,60,2,1894.23,1888.89,0
9.10222,9,27,1502.11,1357.52,0,0,0,1,1,32,0.15,3,60,2,1742.39,958.375,0
9.11333,24,28,1717.46,1273.44,0.12,2.79181,0,1,1,32,0.15,3,60,2,2293.25,1877.18,0
9.11481,26,27,1501.03,1354.51,0,0,0,1,1,32,0.15,3,60,2,1989.18,2222.24,0
9.11704,29,27,1650.21,1219.74,0,0,0,1,1,32,0.15,3,60,2,1558.61,1589.24,0
9.13481,53,20,1724.98,976.04,0,0,0,1,1,32,0.15,3,60,2,1223.22,2090.82,0
9.13704,56,20,1785.49,1041.14,0,0,0,1,1,32,0.15,3,60,2,1663.42,1237.34,0
9.14,60,19,1497.15,1007.14,0,0,0,0,0,0,0,3,60,0,1602.31,1786.36,0
9.1437,65,20,1719.13,979.98,0,0,0,1,1,32,0.15,3,60,2,1431.33,994.63,0
9.14815,71,18,1431.33,994.63,0,0,0,0,0,0,0,3,60,0,1438.23,995.98,0
9.15333,78,18,1445.12,997.33,0,0,0,0,0,64,0.05,3,60,0,1299.94,1284.72,0
9.15407,79,19,1587,1105.62,0,0,0,0,0,64,0.05,3,60,0,1833.08,1765.78,0
9.16444,93,19,1490.23,1006.13,0,0,0,0,0,0,0,3,60,0,1924.08,1896.85,18.04
9.16593,95,26,1266.23,1300.68,0,0,0,1,1,32,0.15,3,60,2,1418.07,805.78,0
9.16667,96,19,1583.37,1099.64,0,0,0,0,0,0,0,3,60,0,1197.82,1405.94,6.1
9.17037,101,10,1418.07,805.78,0,0,0,1,1,32,0.15,3,60,2,1730.82,941.03,0
9.17704,110,11,1463.07,768.764,9.08,0.216635,0,0,0,0,0,3,60,0,1705.6,1277.65,0
9.18074,115,21,2067.02,1044.35,0,0,0,0,0,0,0,3,60,0,1462.3,1001.73,0
9.18148,116,28,1705.6,1277.65,0,0,0,1,1,32,0.15,3,60,2,1891.79,2124.65,14.5
9.18963,127,46,2321.23,1878.77,0,0,0,0,0,0,0,3,60,0,1301.91,1280.86,0
9.19111,129,19,1459.93,998.13,0,0,0,0,0,0,0,3,60,0,2305.76,1155.44,0
9.19185,130,45,2094.19,1871.45,0,0,0,1,1,32,0.15,3,60,2,1894.23,1888.89,0
9.20222,9,27,1502.11,1357.52,0,0,0,1,1,32,0.15,3,60,2,1742.39,958.375,0
9.21333,24,28,1717.45,1273.44,0.12,2.79181,0,1,1,32,0.15,3,60,2,2293.25,1877.18,0
9.21481,26,27,1501.03,1354.51,0,0,0,1,1,32,0.15,3,60,2,1989.18,2222.24,0
9.21704,29,27,1650.21,1219.74,0,0,0,1,1,32,0.15,3,60,2,1558.61,1589.24,0
9.23481,53,20,1724.98,976.04,0,0,0,1,1,32,0.15,3,60,2,1223.22,2090.82,0
9.23704,56,20,1785.49,1041.14,0,0,0,1,1,32,0.15,3,60,2,1663.42,1237.34,0
9.24,60,19,1497.15,1007.14,0,0,0,0,0,0,0,3,60,0,1602.31,1786.36,0
9.2437,65,20,1719.13,979.98,0,0,0,1,1,32,0.15,3,60,2,1431.33,994.63,0
9.24815,71,18,1431.33,994.63,0,0,0,0,0,0,0,3,60,0,1438.23,995.98,0
9.25333,78,18,1445.12,997.33,0,0,0,0,0,64,0.05,3,60,0,1299.94,1284.72,0
9.25407,79,19,1587,1105.62,0,0,0,0,0,64,0.05,3,60,0,1833.08,1765.78,0
9.26444,93,19,1490.23,1006.13,0,0,0,0,0,0,0,3,60,0,1925.86,1896.52,18.04
9.26593,95,26,1266.23,1300.68,0,0,0,1,1,32,0.15,3,60,2,1418.07,805.78,0
9.26667,96,19,1583.37,1099.64,0,0,0,0,0,0,0,3,60,0,1197.86,1405.33,6.1
9.27037,101,10,1418.07,805.78,0,0,0,1,1,32,0.15,3,60,2,1730.82,941.03,0
9.27704,110,11,1463.96,768.959,9.08,0.216635,0,0,0,0,0,3,60,0,1705.6,1277.65,0
9.28074,115,21,2067.02,1044.35,0,0,0,0,0,0,0,3,60,0,1462.3,1001.73,0
9.28148,116,28,1705.6,1277.65,0,0,0,1,1,32,0.15,3,60,2,1891.56,2123.22,14.5
9.28963,127,46,2321.23,1878.77,0,0,0,0,0,0,0,3,60,0,1301.91,1280.86,0
9.29111,129,19,1459.93,998.13,0,0,0,0,0,0,0,3,60,0,2305.76,1155.44,0
9.29185,130,45,2094.19,1871.45,0,0,0,1,1,32,0.15,3,60,2,1894.23,1888.89,0
9.30222,9,27,1502.11,1357.52,0,0,0,1,1,32,0.15,3,60,2,1742.39,958.375,0
9.31333,24,28,1717.44,1273.45,0.12,2.79181,0,1,1,32,0.15,3,60,2,2293.25,1877.18,0
9.31481,26,27,1501.03,1354.51,0,0,0,1,1,32,0.15,3,60,2,1989.18,2222.24,0
9.31704,29,27,1650.21,1219.74,0,0,0,1,1,32,0.15,3,60,2,1558.61,1589.24,0
9.33481,53,20,1724.98,976.04,0,0,0,1,1,32,0.15,3,60,2,1223.22,2090.82,0
9.33704,56,20,1785.49,1041.14,0,0,0,1,1,32,0.15,3,60,2,1663.42,1237.34,0
9.34,60,19,1497.15,1007.14,0,0,0,0,0,0,0,3,60,0,1602.31,1786.36,0
9.3437,65,20,1719.13,979.98,0,0,0,1,1,32,0.15,3,60,2,1431.33,994.63,0
9.34815,71,18,1431.33,994.63,0,0,0,0,0,0,0,3,60,0,1438.23,995.98,0
9.35333,78,18,1445.12,997.33,0,0,0,0,0,64,0.05,3,60,0,1299.94,1284.72,0
9.35407,79,19,1587,1105.62,0,0,0,0,0,64,0.05,3,60,0,1833.08,1765.78,0
9.36444,93,19,1490.23,1006.13,0,0,0,0,0,0,0,3,60,0,1927.63,1896.19,18.04
9.36593,95,26,1266.23,1300.68,0,0,0,1,1,32,0.15,3,60,2,1418.07,805.78,0
9.36667,96,19,1583.37,1099.64,0,0,0,0,0,0,0,3,60,0,1197.91,1404.72,6.1
9.37037,101,10,1418.07,805.78,0,0,0,1,1,32,0.15,3,60,2,1730.82,941.03,0
9.37704,110,11,1464.85,769.154,9.08,0.216635,0,0,0,0,0,3,60,0,1705.6,1277.65,0
9.38074,115,21,2067.02,1044.35,0,0,0,0,0,0,0,3,60,0,1462.3,1001.73,0
9.38148,116,28,1705.6,1277.65,0,0,0,1,1,32,0.15,3,60,2,1891.32,2121.79,14.5
9.38963,127,46,2321.23,1878.77,0,0,0,0,0,0,0,3,60,0,1301.91,1280.86,0
9.39111,129,19,1459.93,998.13,0,0,0,0,0,0,0,3,60,0,2305.76,1155.44,0
9.39185,130,45,2094.19,1871.45,0,0,0,1,1,32,0.15,3,60,2,1894.23,1888.89,0
9.40222,9,27,1502.11,1357.52,0,0,0,1,1,32,0.15,3,60,2,1742.39,958.375,0
9.41333,24,28,1717.42,1273.45,0.12,2.79181,0,1,1,32,0.15,3,60,2,2293.25,1877.18,0
9.41481,26,27,1501.03,1354.51,0,0,0,1,1,32,0.15,3,60,2,1989.18,2222.24,0
9.41704,29,27,1650.21,1219.74,0,0,0,1,1,32,0.15,3,60,2,1558.61,1589.24,0
9.43481,53,20,1724.98,976.04,0,0,0,1,1,32,0.15,3,60,2,1223.22,2090.82,0
9.43704,56,20,1785.49,1041.14,0,0,0,1,1,32,0.15,3,60,2,1663.42,1237.34,0
9.44,60,19,1497.15,1007.14,0,0,0,0,0,0,0,3,60,0,1602.31,1786.36,0
9.4437,65,20,1719.13,979.98,0,0,0,1,1,32,0.15,3,60,2,1431.33,994.63,0
9.44815,71,18,1431.33,994.63,0,0,0,0,0,0,0,3,60,0,1438.23,995.98,0
9.45333,78,18,1445.12,997.33,0,0,0,0,0,64,0.05,3,60,0,1299.94,1284.72,0
9.45407,79,19,1587,1105.62,0,0,0,0,0,64,0.05,3,60,0,1833.08,1765.78,0
9.46444,93,19,1490.23,1006.13,0,0,0,0,0,0,0,3,60,0,1929.4,1895.86,18.04
9.46593,95,26,1266.23,1300.68,0,0,0,1,1,32,0.15,3,60,2,1418.07,805.78,0
9.46667,96,19,1583.37,1099.64,0,0,0,0,0,0,0,3,60,0,1197.95,1404.11,6.1
9.47037,101,10,1418.07,805.78,0,0,0,1,1,32,0.15,3,60,2,1730.82,941.03,0
9.47704,110,11,1465.73,769.349,9.08,0.216635,0,0,0,0,0,3,60,0,1705.6,1277.65,0
9.48074,115,21,2067.02,1044.35,0,0,0,0,0,0,0,3,60,0,1462.3,1001.73,0
9.48148,116,28,1705.6,1277.65,0,0,0,1,1,32,0.15,3,60,2,1891.08,2120.36,14.5
9.48963,127,46,2321.23,1878.77,0,0,0,0,0,0,0,3,60,0,1301.91,1280.86,0
9.49111,129,19,1459.93,998.13,0,0,0,0,0,0,0,3,60,0,2305.76,1155.44,0
9.49185,130,45,2094.19,1871.45,0,0,0,1,1,32,0.15,3,60,2,1894.23,1888.89,0
9.50222,9,27,1502.11,1357.52,0,0,0,1,1,32,0.15,3,60,2,1742.39,958.375,0
9.51333,24,28,1717.41,1273.46,0.12,2.79181,0,1,1,32,0.15,3,60,2,2293.25,1877.18,0
9.51481,26,27,1501.03,1354.51,0,0,0,1,1,32,0.15,3,60,2,1989.18,2222.24,0
9.51704,29,27,1650.21,1219.74,0,0,0,1,1,32,0.15,3,60,2,1558.61,1589.24,0
9.53481,53,20,1724.98,976.04,0,0,0,1,1,32,0.15,3,60,2,1223.22,2090.82,0
9.53704,56,20,1785.49,1041.14,0,0,0,1,1,32,0.15,3,60,2,1663.42,1237.34,0
9.54,60,19,1497.15,1007.14,0,0,0,0,0,0,0,3,60,0,1602.31,1786.36,0
9.5437,65,20,1719.13,979.98,0,0,0,1,1,32,0.15,3,60,2,1431.33,994.63,0
9.54815,71,18,1431.33,994.63,0,0,0,0,0,0,0,3,60,0,1438.23,995.98,0
9.55333,78,18,1445.12,997.33,0,0,0,0,0,64,0.05,3,60,0,1299.94,1284.72,0
9.55407,79,19,1587,1105.62,0,0,0,0,0,64,0.05,3,60,0,1833.08,1765.78,0
9.56444,93,19,1490.23,1006.13,0,0,0,0,0,0,0,3,60,0,1931.18,1895.53,18.04
9.56593,95,26,1266.23,1300.68,0,0,0,1,1,32,0.15,3,60,2,1418.07,805.78,0
9.56667,96,19,1583.37,1099.64,0,0,0,0,0,0,0,3,60,0,1197.99,1403.5,6.1
9.57037,101,10,1418.07,805.78,0,0,0,1,1,32,0.15,3,60,2,1730.82,941.03,0
9.57704,110,11,1466.62,769.544,9.08,0.216635,0,0,0,0,0,3,60,0,1705.6,1277.65,0
9.58074,115,21,2067.02,1044.35,0,0,0,0,0,0,0,3,60,0,1462.3,1001.73,0
9.58148,116,28,1705.6,1277.65,0,0,0,1,1,32,0.15,3,60,2,1890.85,2118.93,14.5
9.58963,127,46,2321.23,1878.77,0,0,0,0,0,0,0,3,60,0,1301.91,1280.86,0
9.59111,129,19,1459.93,998.13,0,0,0,0,0,0,0,3,60,0,2305.76,1155.44,0
9.59185,130,45,2094.19,1871.45,0,0,0,1,1,32,0.15,3,60,2,1894.23,1888.89,0
9.60222,9,27,1502.11,1357.52,0,0,0,1,1,32,0.15,3,60,2,1742.39,958.375,0
9.61333,24,28,1717.4,1273.46,0.12,2.79181,0,1,1,32,0.15,3,60,2,2293.25,1877.18,0
9.61481,26,27,1501.03,1354.51,0,0,0,1,1,32,0.15,3,60,2,1989.18,2222.24,0
9.61704,29,27,1650.21,1219.74,0,0,0,1,1,32,0.15,3,60,2,1558.61,1589.24,0
9.63481,53,20,1724.98,976.04,0,0,0,1,1,32,0.15,3,60,2,1223.22,2090.82,0
9.63704,56,20,1785.49,1041.14,0,0,0,1,1,32,0.15,3,60,2,1663.42,1237.34,0
9.64,60,19,1497.15,1007.14,0,0,0,0,0,0,0,3,60,0,1602.31,1786.36,0
9.6437,65,20,1719.13,979.98,0,0,0,1,1,32,0.15,3,60,2,1431.33,994.63,0
9.64815,71,18,1431.33,994.63,0,0,0,0,0,0,0,3,60,0,1438.23,995.98,0
9.65333,78,18,1445.12,997.33,0,0,0,0,0,64,0.05,3,60,0,1299.94,1284.72,0
9.65407,79,19,1587,1105.62,0,0,0,0,0,64,0.05,3,60,0,1833.08,1765.78,0
9.66444,93,19,1490.23,1006.13,0,0,0,0,0,0,0,3,60,0,1932.95,1895.2,18.04
9.66593,95,26,1266.23,1300.68,0,0,0,1,1,32,0.15,3,60,2,1418.07,805.78,0
9.66667,96,19,1583.37,1099.64,0,0,0,0,0,0,0,3,60,0,1198.04,1402.89,6.1
9.67037,101,10,1418.07,805.78,0,0,0,1,1,32,0.15,3,60,2,1730.82,941.03,0
9.67704,110,11,1467.51,769.74,9.08,0.216635,0,0,0,0,0,3,60,0,1705.6,1277.65,0
9.68074,115,21,2067.02,1044.35,0,0,0,0,0,0,0,3,60,0,1462.3,1001.73,0
9.68148,116,28,1705.6,1277.65,0,0,0,1,1,32,0.15,3,60,2,1890.61,2117.5,14.5
9.68963,127,46,2321.23,1878.77,0,0,0,0,0,0,0,3,60,0,1301.91,1280.86,0
9.69111,129,19,1459.93,998.13,0,0,0,0,0,0,0,3,60,0,2305.76,1155.44,0
9.69185,130,45,2094.19,1871.45,0,0,0,1,1,32,0.15,3,60,2,1894.23,1888.89,0
9.70222,9,27,1502.11,1357.52,0,0,0,1,1,32,0.15,3,60,2,1742.39,958.375,0
9.71333,24,28,1717.39,1273.46,0.12,2.79181,0,1,1,32,0.15,3,60,2,2293.25,1877.18,0
9.71481,26,27,1501.03,1354.51,0,0,0,1,1,32,0.15,3,60,2,1989.18,2222.24,0
9.71704,29,27,1650.21,1219.74,0,0,0,1,1,32,0.15,3,60,2,1558.61,1589.24,0
9.73481,53,20,1724.98,976.04,0,0,0,1,1,32,0.15,3,60,2,1223.22,2090.82,0
9.73704,56,20,1785.49,1041.14,0,0,0,1,1,32,0.15,3,60,2,1663.42,1237.34,0
9.74,60,19,1497.15,1007.14,0,0,0,0,0,0,0,3,60,0,1602.31,1786.36,0
9.7437,65,20,1719.13,979.98,0,0,0,1,1,32,0.15,3,60,2,1431.33,994.63,0
9.74815,71,18,1431.33,994.63,0,0,0,0,0,0,0,3,60,0,1438.23,995.98,0
9.75333,78,18,1445.12,997.33,0,0,0,0,0,64,0.05,3,60,0,1299.94,1284.72,0
9.75407,79,19,1587,1105.62,0,0,0,0,0,64,0.05,3,60,0,1833.08,1765.78,0
9.76444,93,19,1490.23,1006.13,0,0,0,0,0,0,0,3,60,0,1934.72,1894.87,18.04
9.76593,95,26,1266.23,1300.68,0,0,0,1,1,32,0.15,3,60,2,1418.07,805.78,0
9.76667,96,19,1583.37,1099.64,0,0,0,0,0,0,0,3,60,0,1198.08,1402.28,6.1
9.77037,101,10,1418.07,805.78,0,0,0,1,1,32,0.15,3,60,2,1730.82,941.03,0
9.77704,110,11,1468.39,769.935,9.08,0.216635,0,0,0,0,0,3,60,0,1705.6,1277.65,0
9.78074,115,21,2067.02,1044.35,0,0,0,0,0,0,0,3,60,0,1462.3,1001.73,0
9.78148,116,28,1705.6,1277.65,0,0,0,1,1,32,0.15,3,60,2,1890.37,2116.07,14.5
9.78963,127,46,2321.23,1878.77,0,0,0,0,0,0,0,3,60,0,1301.91,1280.86,0
9.79111,129,19,1459.93,998.13,0,0,0,0,0,0,0,3,60,0,2305.76,1155.44,0
9.79185,130,45,2094.19,1871.45,0,0,0,1,1,32,0.15,3,60,2,1894.23,1888.89,0
9.80222,9,27,1502.11,1357.52,0,0,0,1,1,32,0.15,3,60,2,1742.39,958.375,0
9.81333,24,28,1717.38,1273.47,0.12,2.79181,0,1,1,32,0.15,3,60,2,2293.25,1877.18,0
9.81481,26,27,1501.03,1354.51,0,0,0,1,1,32,0.15,3,60,2,1989.18,2222.24,0
9.81704,29,27,1650.21,1219.74,0,0,0,1,1,32,0.15,3,60,2,1558.61,1589.24,0
9.83481,53,20,1724.98,976.04,0,0,0,1,1,32,0.15,3,60,2,1223.22,2090.82,0
9.83704,56,20,1785.49,1041.14,0,0,0,1,1,32,0.15,3,60,2,1663.42,1237.34,0
9.84,60,19,1497.15,1007.14,0,0,0,0,0,0,0,3,60,0,1602.31,1786.36,0
9.8437,65,20,1719.13,979.98,0,0,0,1,1,32,0.15,3,60,2,1431.33,994.63,0
9.84815,71,18,1431.33,994.63,0,0,0,0,0,0,0,3,60,0,1438.23,995.98,0
9.85333,78,18,1445.12,997.33,0,0,0,0,0,64,0.05,3,60,0,1299.94,1284.72,0
9.85407,79,19,1587,1105.62,0,0,0,0,0,64,0.05,3,60,0,1833.08,1765.78,0
9.86444,93,19,1490.23,1006.13,0,0,0,0,0,0,0,3,60,0,1936.5,1894.54,18.04
9.86593,95,26,1266.23,1300.68,0,0,0,1,1,32,0.15,3,60,2,1418.07,805.78,0
9.86667,96,19,1583.37,1099.64,0,0,0,0,0,0,0,3,60,0,1198.12,1401.68,6.1
9.87037,101,10,1418.07,805.78,0,0,0,1,1,32,0.15,3,60,2,1730.82,941.03,0
9.87704,110,11,1469.28,770.13,9.08,0.216635,0,0,0,0,0,3,60,0,1705.6,1277.65,0
9.88074,115,21,2067.02,1044.35,0,0,0,0,0,0,0,3,60,0,1462.3,1001.73,0
9.88148,116,28,1705.6,1277.65,0,0,0,1,1,32,0.15,3,60,2,1890.14,2114.64,14.5
9.88963,127,46,2321.23,1878.77,0,0,0,0,0,0,0,3,60,0,1301.91,1280.86,0
9.89111,129,19,1459.93,998.13,0,0,0,0,0,0,0,3,60,0,2305.76,1155.44,0
9.89185,130,45,2094.19,1871.45,0,0,0,1,1,32,0.15,3,60,2,1894.23,1888.89,0
9.90222,9,27,1502.11,1357.52,0,0,0,1,1,32,0.15,3,60,2,1742.39,958.375,0
9.91333,24,28,1717.37,1273.47,0.12,2.79181,0,1,1,32,0.15,3,60,2,2293.25,1877.18,0
9.91481,26,27,1501.03,1354.51,0,0,0,1,1,32,0.15,3,60,2,1989.18,2222.24,0
9.91704,29,27,1650.21,1219.74,0,0,0,1,1,32,0.15,3,60,2,1558.61,1589.24,0
9.93481,53,20,1724.98,976.04,0,0,0,1,1,32,0.15,3,60,2,1223.22,2090.82,0
9.93704,56,20,1785.49,1041.14,0,0,0,1,1,32,0.15,3,60,2,1663.42,1237.34,0
9.94,60,19,1497.15,1007.14,0,0,0,0,0,0,0,3,60,0,1602.31,1786.36,0
9.9437,65,20,1719.13,979.98,0,0,0,1,1,32,0.15,3,60,2,1431.33,994.63,0
9.94815,71,18,1431.33,994.63,0,0,0,0,0,0,0,3,60,0,1438.23,995.98,0
9.95333,78,18,1445.12,997.33,0,0,0,0,0,64,0.05,3,60,0,1299.94,1284.72,0
9.95407,79,19,1587,1105.62,0,0,0,0,0,64,0.05,3,60,0,1833.08,1765.78,0
9.96444,93,19,1490.23,1006.13,0,0,0,0,0,0,0,3,60,0,1938.27,1894.21,18.04
9.96593,95,26,1266.23,1300.68,0,0,0,1,1,32,0.15,3,60,2,1418.07,805.78,0
9.96667,96,19,1583.37,1099.64,0,0,0,0,0,0,0,3,60,0,1198.17,1401.07,6.1
9.97037,101,10,1418.07,805.78,0,0,0,1,1,32,0.15,3,60,2,1730.82,941.03,0
9.97704,110,11,1470.17,770.325,9.08,0.216635,0,0,0,0,0,3,60,0,1705.6,1277.65,0
9.98074,115,21,2067.02,1044.35,0,0,0,0,0,0,0,3,60,0,1462.3,1001.73,0
9.98148,116,28,1705.6,1277.65,0,0,0,1,1,32,0.15,3,60,2,1889.9,2113.21,14.5
9.98963,127,46,2321.23,1878.77,0,0,0,0,0,0,0,3,60,0,1301.91,1280.86,0
9.99111,129,19,1459.93,998.13,0,0,0,0,0,0,0,3,60,0,2305.76,1155.44,0
9.99185,130,45,2094.19,1871.45,0,0,0,1,1,32,0.15,3,60,2,1894.23,1888.89,0
10.0022,9,27,1502.11,1357.52,0,0,0,1,1,32,0.15,3,60,2,1742.39,958.375,0
10.0133,24,28,1717.36,1273.48,0.01,2.86047,-1.1,1,1,34,0.25,3,60,2,2293.25,1877.18,0
10.0148,26,27,1501.03,1354.51,0,0,0,1,1,32,0.15,3,60,2,1989.18,2222.24,0
10.017,29,27,1650.21,1219.74,0,0,0,1,1,32,0.15,3,60,2,1558.61,1589.24,0
10.0348,53,20,1724.98,976.04,0,0,0,1,1,32,0.15,3,60,2,1223.22,2090.82,0
10.037,56,20,1785.49,1041.14,0,0,0,1,1,32,0.15,3,60,2,1663.42,1237.34,0
10.04,60,19,1497.15,1007.14,0,0,0,0,0,0,0,3,60,0,1602.31,1786.36,0
10.0437,65,20,1719.13,979.98,0,0,0,1,1,32,0.15,3,60,2,1431.33,994.63,0
10.0481,71,18,1431.33,994.63,0,0,0,0,0,0,0,3,60,0,1438.23,995.98,0
10.0533,78,18,1445.12,997.33,0,0,0,0,0,64,0.05,3,60,0,1299.94,1284.72,0
10.0541,79,19,1587,1105.62,0,0,0,0,0,64,0.05,3,60,0,1833.08,1765.78,0
10.0644,93,19,1490.23,1006.13,0,0,0,0,0,0,0,3,60,0,1940.11,1893.86,19.08
10.0659,95,26,1266.23,1300.68,0,0,0,1,1,32,0.15,3,60,2,1418.07,805.78,0
10.0667,96,19,1583.37,1099.64,0,0,0,0,0,0,0,3,60,0,1198.2,1400.71,2.39
10.0704,101,10,1418.07,805.78,0,0,0,1,1,32,0.15,3,60,2,1730.82,941.03,0
10.077,110,11,1471.13,770.537,10.14,0.215568,10.6,0,1,132,0.2,3,60,0,1705.6,1277.65,0
10.0807,115,21,2067.02,1044.35,0,0,0,0,0,0,0,3,60,0,1462.3,1001.73,0
10.0815,116,28,1705.6,1277.65,0,0,0,1,1,32,0.15,3,60,2,1889.67,2111.8,14.31
10.0896,127,46,2321.23,1878.77,0,0,0,0,0,0,0,3,60,0,1301.91,1280.86,0
10.0911,129,19,1459.93,998.13,0,0,0,0,0,0,0,3,60,0,2305.76,1155.44,0
10.0919,130,45,2094.19,1871.45,0,0,0,1,1,32,0.15,3,60,2,1894.23,1888.89,0
10.1022,9,27,1502.11,1357.52,0,0,0,1,1,32,0.15,3,60,2,1742.39,958.375,0
10.1133,24,28,1717.36,1273.48,0.01,2.86047,0,1,1,32,0.15,3,60,2,2293.25,1877.18,0
10.1148,26,27,1501.03,1354.51,0,0,0,1,1,32,0.15,3,60,2,1989.18,2222.24,0
10.117,29,27,1650.21,1219.74,0,0,0,1,1,32,0.15,3,60,2,1558.61,1589.24,0
10.1348,53,20,1724.98,976.04,0,0,0,1,1,32,0.15,3,60,2,1223.22,2090.82,0
10.137,56,20,1785.49,1041.14,0,0,0,1,1,32,0.15,3,60,2,1663.42,1237.34,0
10.14,60,19,1497.15,1007.14,0,0,0,0,0,0,0,3,60,0,1602.31,1786.36,0
10.1437,65,20,1719.13,979.98,0,0,0,1,1,32,0.15,3,60,2,1431.33,994.63,0
10.1481,71,18,1431.33,994.63,0,0,0,0,0,0,0,3,60,0,1438.23,995.98,0
10.1533,78,18,1445.12,997.33,0,0,0,0,0,64,0.05,3,60,0,1299.94,1284.72,0
10.1541,79,19,1587,1105.62,0,0,0,0,0,64,0.05,3,60,0,1833.08,1765.78,0
10.1644,93,19,1490.23,1006.13,0,0,0,0,0,0,0,3,60,0,1941.99,1893.52,19.08
10.1659,95,26,1266.23,1300.68,0,0,0,1,1,32,0.15,3,60,2,1418.07,805.78,0
10.1667,96,19,1583.37,1099.64,0,0,0,0,0,0,0,3,60,0,1198.23,1400.47,2.39
10.1704,101,10,1418.07,805.78,0,0,0,1,1,32,0.15,3,60,2,1730.82,941.03,0
10.177,110,11,1472.12,770.754,10.14,0.215568,0,0,1,128,0.1,3,60,0,1705.6,1277.65,0
10.1807,115,21,2067.02,1044.35,0,0,0,0,0,0,0,3,60,0,1462.3,1001.73,0
10.1815,116,28,1705.6,1277.65,0,0,0,1,1,32,0.15,3,60,2,1889.44,2110.39,14.31
10.1896,127,46,2321.23,1878.77,0,0,0,0,0,0,0,3,60,0,1301.91,1280.86,0
10.1911,129,19,1459.93,998.13,0,0,0,0,0,0,0,3,60,0,2305.76,1155.44,0
10.1919,130,45,2094.19,1871.45,0,0,0,1,1,32,0.15,3,60,2,1894.23,1888.89,0
10.2022,9,27,1502.11,1357.52,0,0,0,1,1,32,0.15,3,60,2,1742.39,958.375,0
10.2133,24,28,1717.36,1273.48,0.01,2.86047,0,1,1,32,0.15,3,60,2,2293.25,1877.18,0
10.2148,26,27,1501.03,1354.51,0,0,0,1,1,32,0.15,3,60,2,1989.18,2222.24,0
10.217,29,27,1650.21,1219.74,0,0,0,1,1,32,0.15,3,60,2,1558.61,1589.24,0
10.2348,53,20,1724.98,976.04,0,0,0,1,1,32,0.15,3,60,2,1223.22,2090.82,0
10.237,56,20,1785.49,1041.14,0,0,0,1,1,32,0.15,3,60,2,1663.42,1237.34,0
10.24,60,19,1497.15,1007.14,0,0,0,0,0,0,0,3,60,0,1602.31,1786.36,0
10.2437,65,20,1719.13,979.98,0,0,0,1,1,32,0.15,3,60,2,1431.33,994.63,0
10.2481,71,18,1431.33,994.63,0,0,0,0,0,0,0,3,60,0,1438.23,995.98,0
10.2533,78,18,1445.12,997.33,0,0,0,0,0,64,0.05,3,60,0,1299.94,1284.72,0
10.2541,79,19,1587,1105.62,0,0,0,0,0,64,0.05,3,60,0,1833.08,1765.78,0
10.2644,93,19,1490.23,1006.13,0,0,0,0,0,0,0,3,60,0,1943.86,1893.17,19.08
10.2659,95,26,1266.23,1300.68,0,0,0,1,1,32,0.15,3,60,2,1418.07,805.78,0
10.2667,96,19,1583.37,1099.64,0,0,0,0,0,0,0,3,60,0,1198.26,1400.24,2.39
10.2704,101,10,1418.07,805.78,0,0,0,1,1,32,0.15,3,60,2,1730.82,941.03,0
10.277,110,11,1473.11,770.971,10.14,0.215568,0,0,1,128,0.1,3,60,0,1705.6,1277.65,0
10.2807,115,21,2067.02,1044.35,0,0,0,0,0,0,0,3,60,0,1462.3,1001.73,0
10.2815,116,28,1705.6,1277.65,0,0,0,1,1,32,0.15,3,60,2,1889.2,2108.97,14.31
10.2896,127,46,2321.23,1878.77,0,0,0,0,0,0,0,3,60,0,1301.91,1280.86,0
10.2911,129,19,1459.93,998.13,0,0,0,0,0,0,0,3,60,0,2305.76,1155.44,0
10.2919,130,45,2094.19,1871.45,0,0,0,1,1,32,0.15,3,60,2,1894.23,1888.89,0
10.3022,9,27,1502.11,1357.52,0,0,0,1,1,32,0.15,3,60,2,1742.39,958.375,0
10.3133,24,28,1717.35,1273.48,0.01,2.86047,0,1,1,32,0.15,3,60,2,2293.25,1877.18,0
10.3148,26,27,1501.03,1354.51,0,0,0,1,1,32,0.15,3,60,2,1989.18,2222.24,0
10.317,29,27,1650.21,1219.74,0,0,0,1,1,32,0.15,3,60,2,1558.61,1589.24,0
10.3348,53,20,1724.98,976.04,0,0,0,1,1,32,0.15,3,60,2,1223.22,2090.82,0
10.337,56,20,1785.49,1041.14,0,0,0,1,1,32,0.15,3,60,2,1663.42,1237.34,0
10.34,60,19,1497.15,1007.14,0,0,0,0,0,0,0,3,60,0,1602.31,1786.36,0
10.3437,65,20,1719.13,979.98,0,0,0,1,1,32,0.15,3,60,2,1431.33,994.63,0
10.3481,71,18,1431.33,994.63,0,0,0,0,0,0,0,3,60,0,1438.23,995.98,0
10.3533,78,18,1445.12,997.33,0,0,0,0,0,64,0.05,3,60,0,1299.94,1284.72,0
10.3541,79,19,1587,1105.62,0,0,0,0,0,64,0.05,3,60,0,1833.08,1765.78,0
10.3644,93,19,1490.23,1006.13,0,0,0,0,0,0,0,3,60,0,1945.74,1892.82,19.08
10.3659,95,26,1266.23,1300.68,0,0,0,1,1,32,0.15,3,60,2,1418.07,805.78,0
10.3667,96,19,1583.37,1099.64,0,0,0,0,0,0,0,3,60,0,1198.29,1400,2.39
10.3704,101,10,1418.07,805.78,0,0,0,1,1,32,0.15,3,60,2,1730.82,941.03,0
10.377,110,11,1474.1,771.188,10.14,0.215568,0,0,1,128,0.1,3,60,0,1705.6,1277.65,0
10.3807,115,21,2067.02,1044.35,0,0,0,0,0,0,0,3,60,0,1462.3,1001.73,0
10.3815,116,28,1705.6,1277.65,0,0,0,1,1,32,0.15,3,60,2,1888.97,2107.56,14.31
10.3896,127,46,2321.23,1878.77,0,0,0,0,0,0,0,3,60,0,1301.91,1280.86,0
10.3911,129,19,1459.93,998.13,0,0,0,0,0,0,0,3,60,0,2305.76,1155.44,0
10.3919,130,45,2094.19,1871.45,0,0,0,1,1,32,0.15,3,60,2,1894.23,1888.89,0
10.4022,9,27,1502.11,1357.52,0,0,0,1,1,32,0.15,3,60,2,1742.39,958.375,0
10.4133,24,28,1717.35,1273.48,0.01,2.86047,0,1,1,32,0.15,3,60,2,2293.25,1877.18,0
10.4148,26,27,1501.03,1354.51,0,0,0,1,1,32,0.15,3,60,2,1989.18,2222.24,0
10.417,29,27,1650.21,1219.74,0,0,0,1,1,32,0.15,3,60,2,1558.61,1589.24,0
10.4348,53,20,1724.98,976.04,0,0,0,1,1,32,0.15,3,60,2,1223.22,2090.82,0
10.437,56,20,1785.49,1041.14,0,0,0,1,1,32,0.15,3,60,2,1663.42,1237.34,0
10.44,60,19,1497.15,1007.14,0,0,0,0,0,0,0,3,60,0,1602.31,1786.36,0
10.4437,65,20,1719.13,979.98,0,0,0,1,1,32,0.15,3,60,2,1431.33,994.63,0
10.4481,71,18,1431.33,994.63,0,0,0,0,0,0,0,3,60,0,1438.23,995.98,0
10.4533,78,18,1445.12,997.33,0,0,0,0,0,64,0.05,3,60,0,1299.94,1284.72,0
10.4541,79,19,1587,1105.62,0,0,0,0,0,64,0.05,3,60,0,1833.08,1765.78,0
10.4644,93,19,1490.23,1006.13,0,0,0,0,0,0,0,3,60,0,1947.61,1892.47,19.08
10.4659,95,26,1266.23,1300.68,0,0,0,1,1,32,0.15,3,60,2,1418.07,805.78,0
10.4667,96,19,1583.37,1099.64,0,0,0,0,0,0,0,3,60,0,1198.32,1399.76,2.39
10.4704,101,10,1418.07,805.78,0,0,0,1,1,32,0.15,3,60,2,1730.82,941.03,0
10.477,110,11,1475.09,771.405,10.14,0.215568,0,0,1,128,0.1,3,60,0,1705.6,1277.65,0
10.4807,115,21,2067.02,1044.35,0,0,0,0,0,0,0,3,60,0,1462.3,1001.73,0
10.4815,116,28,1705.6,1277.65,0,0,0,1,1,32,0.15,3,60,2,1888.74,2106.15,14.31
10.4896,127,46,2321.23,1878.77,0,0,0,0,0,0,0,3,60,0,1301.91,1280.86,0
10.4911,129,19,1459.93,998.13,0,0,0,0,0,0,0,3,60,0,2305.76,1155.44,0
10.4919,130,45,2094.19,1871.45,0,0,0,1,1,32,0.15,3,60,2,1894.23,1888.89,0
10.5022,9,27,1502.11,1357.52,0,0,0,1,1,32,0.15,3,60,2,1742.39,958.375,0
10.5133,24,28,1717.35,1273.48,0.01,2.86047,0,1,1,32,0.15,3,60,2,2293.25,1877.18,0
10.5148,26,27,1501.03,1354.51,0,0,0,1,1,32,0.15,3,60,2,1989.18,2222.24,0
10.517,29,27,1650.21,1219.74,0,0,0,1,1,32,0.15,3,60,2,1558.61,1589.24,0
10.5348,53,20,1724.98,976.04,0,0,0,1,1,32,0.15,3,60,2,1223.22,2090.82,0
10.537,56,20,1785.49,1041.14,0,0,0,1,1,32,0.15,3,60,2,1663.42,1237.34,0
10.54,60,19,1497.15,1007.14,0,0,0,0,0,0,0,3,60,0,1602.31,1786.36,0
10.5437,65,20,1719.13,979.98,0,0,0,1,1,32,0.15,3,60,2,1431.33,994.63,0
10.5481,71,18,1431.33,994.63,0,0,0,0,0,0,0,3,60,0,1438.23,995.98,0
10.5533,78,18,1445.12,997.33,0,0,0,0,0,64,0.05,3,60,0,1299.94,1284.72,0
10.5541,79,19,1587,1105.62,0,0,0,0,0,64,0.05,3,60,0,1833.08,1765.78,0
10.5644,93,19,1490.23,1006.13,0,0,0,0,0,0,0,3,60,0,1949.49,1892.12,19.08
10.5659,95,26,1266.23,1300.68,0,0,0,1,1,32,0.15,3,60,2,1418.07,805.78,0
10.5667,96,19,1583.37,1099.64,0,0,0,0,0,0,0,3,60,0,1198.36,1399.53,2.39
10.5704,101,10,1418.07,805.78,0,0,0,1,1,32,0.15,3,60,2,1730.82,941.03,0
10.577,110,11,1476.09,771.622,10.14,0.215568,0,0,1,128,0.1,3,60,0,1705.6,1277.65,0
10.5807,115,21,2067.02,1044.35,0,0,0,0,0,0,0,3,60,0,1462.3,1001.73,0
10.5815,116,28,1705.6,1277.65,0,0,0,1,1,32,0.15,3,60,2,1888.5,2104.74,14.31
10.5896,127,46,2321.23,1878.77,0,0,0,0,0,0,0,3,60,0,1301.91,1280.86,0
10.5911,129,19,1459.93,998.13,0,0,0,0,0,0,0,3,60,0,2305.76,1155.44,0
10.5919,130,45,2094.19,1871.45,0,0,0,1,1,32,0.15,3,60,2,1894.23,1888.89,0
10.6022,9,27,1502.11,1357.52,0,0,0,1,1,32,0.15,3,60,2,1742.39,958.375,0
10.6133,24,28,1717.35,1273.48,0.01,2.86047,0,1,1,32,0.15,3,60,2,2293.25,1877.18,0
10.6148,26,27,1501.03,1354.51,0,0,0,1,1,32,0.15,3,60,2,1989.18,2222.24,0
10.617,29,27,1650.21,1219.74,0,0,0,1,1,32,0.15,3,60,2,1558.61,1589.24,0
10.6348,53,20,1724.98,976.04,0,0,0,1,1,32,0.15,3,60,2,1223.22,2090.82,0
10.637,56,20,1785.49,1041.14,0,0,0,1,1,32,0.15,3,60,2,1663.42,1237.34,0
10.64,60,19,1497.15,1007.14,0,0,0,0,0,0,0,3,60,0,1602.31,1786.36,0
10.6437,65,20,1719.13,979.98,0,0,0,1,1,32,0.15,3,60,2,1431.33,994.63,0
10.6481,71,18,1431.33,994.63,0,0,0,0,0,0,0,3,60,0,1438.23,995.98,0
10.6533,78,18,1445.12,997.33,0,0,0,0,0,64,0.05,3,60,0,1299.94,1284.72,0
10.6541,79,19,1587,1105.62,0,0,0,0,0,64,0.05,3,60,0,1833.08,1765.78,0
10.6644,93,19,1490.23,1006.13,0,0,0,0,0,0,0,3,60,0,1951.37,1891.77,19.08
10.6659,95,26,1266.23,1300.68,0,0,0,1,1,32,0.15,3,60,2,1418.07,805.78,0
10.6667,96,19,1583.37,1099.64,0,0,0,0,0,0,0,3,60,0,1198.39,1399.29,2.39
10.6704,101,10,1418.07,805.78,0,0,0,1,1,32,0.15,3,60,2,1730.82,941.03,0
10.677,110,11,1477.08,771.838,10.14,0.215568,0,0,1,128,0.1,3,60,0,1705.6,1277.65,0
10.6807,115,21,2067.02,1044.35,0,0,0,0,0,0,0,3,60,0,1462.3,1001.73,0
10.6815,116,28,1705.6,1277.65,0,0,0,1,1,32,0.15,3,60,2,1888.27,2103.33,14.31
10.6896,127,46,2321.23,1878.77,0,0,0,0,0,0,0,3,60,0,1301.91,1280.86,0
10.6911,129,19,1459.93,998.13,0,0,0,0,0,0,0,3,60,0,2305.76,1155.44,0
10.6919,130,45,2094.19,1871.45,0,0,0,1,1,32,0.15,3,60,2,1894.23,1888.89,0
10.7022,9,27,1502.11,1357.52,0,0,0,1,1,32,0.15,3,60,2,1742.39,958.375,0
10.7133,24,28,1717.35,1273.48,0.01,2.86047,0,1,1,32,0.15,3,60,2,2293.25,1877.18,0
10.7148,26,27,1501.03,1354.51,0,0,0,1,1,32,0.15,3,60,2,1989.18,2222.24,0
10.717,29,27,1650.21,1219.74,0,0,0,1,1,32,0.15,3,60,2,1558.61,1589.24,0
10.7348,53,20,1724.98,976.04,0,0,0,1,1,32,0.15,3,60,2,1223.22,2090.82,0
10.737,56,20,1785.49,1041.14,0,0,0,1,1,32,0.15,3,60,2,1663.42,1237.34,0
10.74,60,19,1497.15,1007.14,0,0,0,0,0,0,0,3,60,0,1602.31,1786.36,0
10.7437,65,20,1719.13,979.98,0,0,0,1,1,32,0.15,3,60,2,1431.33,994.63,0
10.7481,71,18,1431.33,994.63,0,0,0,0,0,0,0,3,60,0,1438.23,995.98,0
10.7533,78,18,1445.12,997.33,0,0,0,0,0,64,0.05,3,60,0,1299.94,1284.72,0
10.7541,79,19,1587,1105.62,0,0,0,0,0,64,0.05,3,60,0,1833.08,1765.78,0
10.7644,93,19,1490.23,1006.13,0,0,0,0,0,0,0,3,60,0,1953.24,1891.42,19.08
10.7659,95,26,1266.23,1300.68,0,0,0,1,1,32,0.15,3,60,2,1418.07,805.78,0
10.7667,96,19,1583.37,1099.64,0,0,0,0,0,0,0,3,60,0,1198.42,1399.05,2.39
10.7704,101,10,1418.07,805.78,0,0,0,1,1,32,0.15,3,60,2,1730.82,941.03,0
10.777,110,11,1478.07,772.055,10.14,0.215568,0,0,1,128,0.1,3,60,0,1705.6,1277.65,0
10.7807,115,21,2067.02,1044.35,0,0,0,0,0,0,0,3,60,0,1462.3,1001.73,0
10.7815,116,28,1705.6,1277.65,0,0,0,1,1,32,0.15,3,60,2,1888.04,2101.91,14.31
10.7896,127,46,2321.23,1878.77,0,0,0,0,0,0,0,3,60,0,1301.91,1280.86,0
10.7911,129,19,1459.93,998.13,0,0,0,0,0,0,0,3,60,0,2305.76,1155.44,0
10.7919,130,45,2094.19,1871.45,0,0,0,1,1,32,0.15,3,60,2,1894.23,1888.89,0
10.8022,9,27,1502.11,1357.52,0,0,0,1,1,32,0.15,3,60,2,1742.39,958.375,0
10.8133,24,28,1717.35,1273.48,0.01,2.86047,0,1,1,32,0.15,3,60,2,2293.25,1877.18,0
10.8148,26,27,1501.03,1354.51,0,0,0,1,1,32,0.15,3,60,2,1989.18,2222.24,0
10.817,29,27,1650.21,1219.74,0,0,0,1,1,32,0.15,3,60,2,1558.61,1589.24,0
10.8348,53,20,1724.98,976.04,0,0,0,1,1,32,0.15,3,60,2,1223.22,2090.82,0
10.837,56,20,1785.49,1041.14,0,0,0,1,1,32,0.15,3,60,2,1663.42,1237.34,0
10.84,60,19,1497.15,1007.14,0,0,0,0,0,0,0,3,60,0,1602.31,1786.36,0
10.8437,65,20,1719.13,979.98,0,0,0,1,1,32,0.15,3,60,2,1431.33,994.63,0
10.8481,71,18,1431.33,994.63,0,0,0,0,0,0,0,3,60,0,1438.23,995.98,0
10.8533,78,18,1445.12,997.33,0,0,0,0,0,64,0.05,3,60,0,1299.94,1284.72,0
10.8541,79,19,1587,1105.62,0,0,0,0,0,64,0.05,3,60,0,1833.08,1765.78,0
10.8644,93,19,1490.23,1006.13,0,0,0,0,0,0,0,3,60,0,1955.12,1891.07,19.08
10.8659,95,26,1266.23,1300.68,0,0,0,1,1,32,0.15,3,60,2,1418.07,805.78,0
10.8667,96,19,1583.37,1099.64,0,0,0,0,0,0,0,3,60,0,1198.45,1398.82,2.39
10.8704,101,10,1418.07,805.78,0,0,0,1,1,32,0.15,3,60,2,1730.82,941.03,0
10.877,110,11,1479.06,772.272,10.14,0.215568,0,0,1,128,0.1,3,60,0,1705.6,1277.65,0
10.8807,115,21,2067.02,1044.35,0,0,0,0,0,0,0,3,60,0,1462.3,1001.73,0
10.8815,116,28,1705.6,1277.65,0,0,0,1,1,32,0.15,3,60,2,1887.8,2100.5,14.31
10.8896,127,46,2321.23,1878.77,0,0,0,0,0,0,0,3,60,0,1301.91,1280.86,0
10.8911,129,19,1459.93,998.13,0,0,0,0,0,0,0,3,60,0,2305.76,1155.44,0
10.8919,130,45,2094.19,1871.45,0,0,0,1,1,32,0.15,3,60,2,1894.23,1888.89,0
10.9022,9,27,1502.11,1357.52,0,0,0,1,1,32,0.15,3,60,2,1742.39,958.375,0
10.9037,11,12,1944.48,813.983,16.18,2.61784,0,1,1,32,0.15,3,60,2,1275.88,1298.01,0
10.9133,24,28,1717.35,1273.48,0.01,2.86047,0,1,1,32,0.15,3,60,2,2293.25,1877.18,0
10.9148,26,27,1501.03,1354.51,0,0,0,1,1,32,0.15,3,60,2,1989.18,2222.24,0
10.917,29,27,1650.21,1219.74,0,0,0,1,1,32,0.15,3,60,2,1558.61,1589.24,0
10.9348,53,20,1724.98,976.04,0,0,0,1,1,32,0.15,3,60,2,1223.22,2090.82,0
10.937,56,20,1785.49,1041.14,0,0,0,1,1,32,0.15,3,60,2,1663.42,1237.34,0
10.94,60,19,1497.15,1007.14,0,0,0,0,0,0,0,3,60,0,1602.31,1786.36,0
10.9437,65,20,1719.13,979.98,0,0,0,1,1,32,0.15,3,60,2,1431.33,994.63,0
10.9481,71,18,1431.33,994.63,0,0,0,0,0,0,0,3,60,0,1438.23,995.98,0
10.9533,78,18,1445.12,997.33,0,0,0,0,0,64,0.05,3,60,0,1299.94,1284.72,0
10.9541,79,19,1587,1105.62,0,0,0,0,0,64,0.05,3,60,0,1833.08,1765.78,0
10.9644,93,19,1490.23,1006.13,0,0,0,0,0,0,0,3,60,0,1956.99,1890.73,19.08
10.9659,95,26,1266.23,1300.68,0,0,0,1,1,32,0.15,3,60,2,1418.07,805.78,0
10.9667,96,19,1583.37,1099.64,0,0,0,0,0,0,0,3,60,0,1198.48,1398.58,2.39
10.9704,101,10,1418.07,805.78,0,0,0,1,1,32,0.15,3,60,2,1730.82,941.03,0
10.977,110,11,1480.05,772.489,10.14,0.215568,0,0,1,128,0.1,3,60,0,1705.6,1277.65,0
10.9807,115,21,2067.02,1044.35,0,0,0,0,0,0,0,3,60,0,1462.3,1001.73,0
10.9815,116,28,1705.6,1277.65,0,0,0,1,1,32,0.15,3,60,2,1887.57,2099.09,14.31
10.9896,127,46,2321.23,1878.77,0,0,0,0,0,0,0,3,60,0,1301.91,1280.86,0
10.9911,129,19,1459.93,998.13,0,0,0,0,0,0,0,3,60,0,2305.76,1155.44,0
10.9919,130,45,2094.19,1871.45,0,0,0,1,1,32,0.15,3,60,2,1894.23,1888.89,0
11.0022,9,27,1502.11,1357.52,0,0,0,1,1,32,0.15,3,60,2,1742.39,958.375,0
11.0037,11,12,1943.1,814.78,16.47,2.61807,2.9,1,1,32,0.15,3,60,2,1275.88,1298.01,0
11.0133,24,28,1717.35,1273.48,0,0,-0.1,1,1,34,0.25,3,60,2,2293.25,1877.18,0
11.0148,26,27,1501.03,1354.51,0,0,0,1,1,32,0.15,3,60,2,1989.18,2222.24,0
11.017,29,27,1650.21,1219.74,0,0,0,1,1,32,0.15,3,60,2,1558.61,1589.24,0
11.0348,53,20,1724.98,976.04,0,0,0,1,1,32,0.15,3,60,2,1223.22,2090.82,0
11.037,56,20,1785.49,1041.14,0,0,0,1,1,32,0.15,3,60,2,1663.42,1237.34,0
11.04,60,19,1497.15,1007.14,0,0,0,0,0,0,0,3,60,0,1602.31,1786.36,0
11.0437,65,20,1719.13,979.98,0,0,0,1,1,32,0.15,3,60,2,1431.33,994.63,0
11.0481,71,18,1431.33,994.63,0,0,0,0,0,0,0,3,60,0,1438.23,995.98,0
11.0533,78,18,1445.12,997.33,0,0,0,0,0,64,0.05,3,60,0,1299.94,1284.72,0
11.0541,79,19,1587,1105.62,0,0,0,0,0,64,0.05,3,60,0,1833.08,1765.78,0
11.0644,93,19,1490.23,1006.13,0,0,0,0,0,0,0,3,60,0,1958.93,1890.37,20.02
11.0659,95,26,1266.23,1300.68,0,0,0,1,1,32,0.15,3,60,2,1418.07,805.78,0
11.0667,96,19,1583.37,1099.64,0,0,0,0,0,0,0,3,60,0,1198.49,1398.49,0.13
11.0704,101,10,1418.07,805.78,0,0,0,1,1,32,0.15,3,60,2,1730.82,941.03,0
11.077,110,11,1481.1,772.719,10.92,0.216085,7.8,0,1,132,0.2,3,60,0,1705.6,1277.65,0
11.0807,115,21,2067.02,1044.35,0,0,0,0,0,0,0,3,60,0,1462.3,1001.73,0
11.0815,116,28,1705.6,1277.65,0,0,0,1,1,32,0.15,3,60,2,1887.39,2098.01,10.31
11.0896,127,46,2321.23,1878.77,0,0,0,0,0,0,0,3,60,0,1301.91,1280.86,0
11.0911,129,19,1459.93,998.13,0,0,0,0,0,0,0,3,60,0,2305.76,1155.44,0
11.0919,130,45,2094.19,1871.45,0,0,0,1,1,32,0.15,3,60,2,1894.23,1888.89,0
11.1022,9,27,1502.11,1357.52,0,0,0,1,1,32,0.15,3,60,2,1742.39,958.375,0
11.1037,11,12,1941.67,815.604,16.47,2.61807,0,1,1,32,0.15,3,60,2,1275.88,1298.01,0
11.1133,24,28,1717.35,1273.48,0,0,0,1,1,32,0.15,3,60,2,2293.25,1877.18,0
11.1148,26,27,1501.03,1354.51,0,0,0,1,1,32,0.15,3,60,2,1989.18,2222.24,0
11.117,29,27,1650.21,1219.74,0,0,0,1,1,32,0.15,3,60,2,1558.61,1589.24,0
11.1348,53,20,1724.98,976.04,0,0,0,1,1,32,0.15,3,60,2,1223.22,2090.82,0
11.137,56,20,1785.49,1041.14,0,0,0,1,1,32,0.15,3,60,2,1663.42,1237.34,0
11.14,60,19,1497.15,1007.14,0,0,0,0,0,0,0,3,60,0,1602.31,1786.36,0
11.1437,65,20,1719.13,979.98,0,0,0,1,1,32,0.15,3,60,2,1431.33,994.63,0
11.1481,71,18,1431.33,994.63,0,0,0,0,0,0,0,3,60,0,1438.23,995.98,0
11.1533,78,18,1445.12,997.33,0,0,0,0,0,64,0.05,3,60,0,1299.94,1284.72,0
11.1541,79,19,1587,1105.62,0,0,0,0,0,64,0.05,3,60,0,1833.08,1765.78,0
11.1644,93,19,1490.23,1006.13,0,0,0,0,0,0,0,3,60,0,1960.9,1890,20.02
11.1659,95,26,1266.23,1300.68,0,0,0,1,1,32,0.15,3,60,2,1418.07,805.78,0
11.1667,96,19,1583.37,1099.64,0,0,0,0,0,0,0,3,60,0,1198.49,1398.48,0.13
11.1704,101,10,1418.07,805.78,0,0,0,1,1,32,0.15,3,60,2,1730.82,941.03,0
11.177,110,11,1482.16,772.953,10.92,0.216085,0,0,1,128,0.1,3,60,0,1705.6,1277.65,0
11.1807,115,21,2067.02,1044.35,0,0,0,0,0,0,0,3,60,0,1462.3,1001.73,0
11.1815,116,28,1705.6,1277.65,0,0,0,1,1,32,0.15,3,60,2,1887.22,2096.99,10.31
11.1896,127,46,2321.23,1878.77,0,0,0,0,0,0,0,3,60,0,1301.91,1280.86,0
11.1911,129,19,1459.93,998.13,0,0,0,0,0,0,0,3,60,0,2305.76,1155.44,0
11.1919,130,45,2094.19,1871.45,0,0,0,1,1,32,0.15,3,60,2,1894.23,1888.89,0
11.2022,9,27,1502.11,1357.52,0,0,0,1,1,32,0.15,3,60,2,1742.39,958.375,0
11.2037,11,12,1940.24,816.427,16.47,2.61807,0,1,1,32,0.15,3,60,2,1275.88,1298.01,0
11.2133,24,28,1717.35,1273.48,0,0,0,1,1,32,0.15,3,60,2,2293.25,1877.18,0
11.2148,26,27,1501.03,1354.51,0,0,0,1,1,32,0.15,3,60,2,1989.18,2222.24,0
11.217,29,27,1650.21,1219.74,0,0,0,1,1,32,0.15,3,60,2,1558.61,1589.24,0
11.2348,53,20,1724.98,976.04,0,0,0,1,1,32,0.15,3,60,2,1223.22,2090.82,0
11.237,56,20,1785.49,1041.14,0,0,0,1,1,32,0.15,3,60,2,1663.42,1237.34,0
11.24,60,19,1497.15,1007.14,0,0,0,0,0,0,0,3,60,0,1602.31,1786.36,0
11.2437,65,20,1719.13,979.98,0,0,0,1,1,32,0.15,3,60,2,1431.33,994.63,0
11.2481,71,18,1431.33,994.63,0,0,0,0,0,0,0,3,60,0,1438.23,995.98,0
11.2533,78,18,1445.12,997.33,0,0,0,0,0,64,0.05,3,60,0,1299.94,1284.72,0
11.2541,79,19,1587,1105.62,0,0,0,0,0,64,0.05,3,60,0,1833.08,1765.78,0
11.2644,93,19,1490.23,1006.13,0,0,0,0,0,0,0,3,60,0,1962.87,1889.63,20.02
11.2659,95,26,1266.23,1300.68,0,0,0,1,1,32,0.15,3,60,2,1418.07,805.78,0
11.2667,96,19,1583.37,1099.64,0,0,0,0,0,0,0,3,60,0,1198.49,1398.47,0.13
11.2704,101,10,1418.07,805.78,0,0,0,1,1,32,0.15,3,60,2,1730.82,941.03,0
11.277,110,11,1483.23,773.188,10.92,0.216085,0,0,1,128,0.1,3,60,0,1705.6,1277.65,0
11.2807,115,21,2067.02,1044.35,0,0,0,0,0,0,0,3,60,0,1462.3,1001.73,0
11.2815,116,28,1705.6,1277.65,0,0,0,1,1,32,0.15,3,60,2,1887.06,2095.97,10.31
11.2896,127,46,2321.23,1878.77,0,0,0,0,0,0,0,3,60,0,1301.91,1280.86,0
11.2911,129,19,1459.93,998.13,0,0,0,0,0,0,0,3,60,0,2305.76,1155.44,0
11.2919,130,45,2094.19,1871.45,0,0,0,1,1,32,0.15,3,60,2,1894.23,1888.89,0
11.3022,9,27,1502.11,1357.52,0,0,0,1,1,32,0.15,3,60,2,1742.39,958.375,0
11.3037,11,12,1938.82,817.251,16.47,2.61807,0,1,1,32,0.15,3,60,2,1275.88,1298.01,0
11.3133,24,28,1717.35,1273.48,0,0,0,1,1,32,0.15,3,60,2,2293.25,1877.18,0
11.3148,26,27,1501.03,1354.51,0,0,0,1,1,32,0.15,3,60,2,1989.18,2222.24,0
11.317,29,27,1650.21,1219.74,0,0,0,1,1,32,0.15,3,60,2,1558.61,1589.24,0
11.3348,53,20,1724.98,976.04,0,0,0,1,1,32,0.15,3,60,2,1223.22,2090.82,0
11.337,56,20,1785.49,1041.14,0,0,0,1,1,32,0.15,3,60,2,1663.42,1237.34,0
11.34,60,19,1497.15,1007.14,0,0,0,0,0,0,0,3,60,0,1602.31,1786.36,0
11.3437,65,20,1719.13,979.98,0,0,0,1,1,32,0.15,3,60,2,1431.33,994.63,0
11.3481,71,18,1431.33,994.63,0,0,0,0,0,0,0,3,60,0,1438.23,995.98,0
11.3533,78,18,1445.12,997.33,0,0,0,0,0,64,0.05,3,60,0,1299.94,1284.72,0
11.3541,79,19,1587,1105.62,0,0,0,0,0,64,0.05,3,60,0,1833.08,1765.78,0
11.3644,93,19,1490.23,1006.13,0,0,0,0,0,0,0,3,60,0,1964.83,1889.27,20.02
11.3659,95,26,1266.23,1300.68,0,0,0,1,1,32,0.15,3,60,2,1418.07,805.78,0
11.3667,96,19,1583.37,1099.64,0,0,0,0,0,0,0,3,60,0,1198.49,1398.45,0.13
11.3704,101,10,1418.07,805.78,0,0,0,1,1,32,0.15,3,60,2,1730.82,941.03,0
11.377,110,11,1484.3,773.422,10.92,0.216085,0,0,0,0,0,3,60,0,1705.6,1277.65,0
11.3807,115,21,2067.02,1044.35,0,0,0,0,0,0,0,3,60,0,1462.3,1001.73,0
11.3815,116,28,1705.6,1277.65,0,0,0,1,1,32,0.15,3,60,2,1886.89,2094.96,10.31
11.3896,127,46,2321.23,1878.77,0,0,0,0,0,0,0,3,60,0,1301.91,1280.86,0
11.3911,129,19,1459.93,998.13,0,0,0,0,0,0,0,3,60,0,2305.76,1155.44,0
11.3919,130,45,2094.19,1871.45,0,0,0,1,1,32,0.15,3,60,2,1894.23,1888.89,0
11.4022,9,27,1502.11,1357.52,0,0,0,1,1,32,0.15,3,60,2,1742.39,958.375,0
11.4037,11,12,1937.39,818.074,16.47,2.61807,0,1,1,32,0.15,3,60,2,1275.88,1298.01,0
11.4133,24,28,1717.35,1273.48,0,0,0,1,1,32,0.15,3,60,2,2293.25,1877.18,0
11.4148,26,27,1501.03,1354.51,0,0,0,1,1,32,0.15,3,60,2,1989.18,2222.24,0
11.417,29,27,1650.21,1219.74,0,0,0,1,1,32,0.15,3,60,2,1558.61,1589.24,0
11.4348,53,20,1724.98,976.04,0,0,0,1,1,32,0.15,3,60,2,1223.22,2090.82,0
11.437,56,20,1785.49,1041.14,0,0,0,1,1,32,0.15,3,60,2,1663.42,1237.34,0
11.44,60,19,1497.15,1007.14,0,0,0,0,0,0,0,3,60,0,1602.31,1786.36,0
11.4437,65,20,1719.13,979.98,0,0,0,1,1,32,0.15,3,60,2,1431.33,994.63,0
11.4481,71,18,1431.33,994.63,0,0,0,0,0,0,0,3,60,0,1438.23,995.98,0
11.4533,78,18,1445.12,997.33,0,0,0,0,0,64,0.05,3,60,0,1299.94,1284.72,0
11.4541,79,19,1587,1105.62,0,0,0,0,0,64,0.05,3,60,0,1833.08,1765.78,0
11.4644,93,19,1490.23,1006.13,0,0,0,0,0,0,0,3,60,0,1966.8,1888.9,20.02
11.4659,95,26,1266.23,1300.68,0,0,0,1,1,32,0.15,3,60,2,1418.07,805.78,0
11.4667,96,19,1583.37,1099.64,0,0,0,0,0,0,0,3,60,0,1198.49,1398.44,0.13
11.4704,101,10,1418.07,805.78,0,0,0,1,1,32,0.15,3,60,2,1730.82,941.03,0
11.477,110,11,1485.36,773.656,10.92,0.216085,0,0,0,0,0,3,60,0,1705.6,1277.65,0
11.4807,115,21,2067.02,1044.35,0,0,0,0,0,0,0,3,60,0,1462.3,1001.73,0
11.4815,116,28,1705.6,1277.65,0,0,0,1,1,32,0.15,3,60,2,1886.72,2093.94,10.31
11.4896,127,46,2321.23,1878.77,0,0,0,0,0,0,0,3,60,0,1301.91,1280.86,0
11.4911,129,19,1459.93,998.13,0,0,0,0,0,0,0,3,60,0,2305.76,1155.44,0
11.4919,130,45,2094.19,1871.45,0,0,0,1,1,32,0.15,3,60,2,1894.23,1888.89,0
11.5022,9,27,1502.11,1357.52,0,0,0,1,1,32,0.15,3,60,2,1742.39,958.375,0
11.5037,11,12,1935.97,818.897,16.47,2.61807,0,1,1,32,0.15,3,60,2,1275.88,1298.01,0
11.5133,24,28,1717.35,1273.48,0,0,0,1,1,32,0.15,3,60,2,2293.25,1877.18,0
11.5148,26,27,1501.03,1354.51,0,0,0,1,1,32,0.15,3,60,2,1989.18,2222.24,0
11.517,29,27,1650.21,1219.74,0,0,0,1,1,32,0.15,3,60,2,1558.61,1589.24,0
11.5348,53,20,1724.98,976.04,0,0,0,1,1,32,0.15,3,60,2,1223.22,2090.82,0
11.537,56,20,1785.49,1041.14,0,0,0,1,1,32,0.15,3,60,2,1663.42,1237.34,0
11.54,60,19,1497.15,1007.14,0,0,0,0,0,0,0,3,60,0,1602.31,1786.36,0
11.5437,65,20,1719.13,979.98,0,0,0,1,1,32,0.15,3,60,2,1431.33,994.63,0
11.5481,71,18,1431.33,994.63,0,0,0,0,0,0,0,3,60,0,1438.23,995.98,0
11.5533,78,18,1445.12,997.33,0,0,0,0,0,64,0.05,3,60,0,1299.94,1284.72,0
11.5541,79,19,1587,1105.62,0,0,0,0,0,64,0.05,3,60,0,1833.08,1765.78,0
11.5644,93,19,1490.23,1006.13,0,0,0,0,0,0,0,3,60,0,1968.77,1888.54,20.02
11.5659,95,26,1266.23,1300.68,0,0,0,1,1,32,0.15,3,60,2,1418.07,805.78,0
11.5667,96,19,1583.37,1099.64,0,0,0,0,0,0,0,3,60,0,1198.5,1398.43,0.13
11.5704,101,10,1418.07,805.78,0,0,0,1,1,32,0.15,3,60,2,1730.82,941.03,0
11.577,110,11,1486.43,773.89,10.92,0.216085,0,0,0,0,0,3,60,0,1705.6,1277.65,0
11.5807,115,21,2067.02,1044.35,0,0,0,0,0,0,0,3,60,0,1462.3,1001.73,0
11.5815,116,28,1705.6,1277.65,0,0,0,1,1,32,0.15,3,60,2,1886.55,2092.92,10.31
11.5896,127,46,2321.23,1878.77,0,0,0,0,0,0,0,3,60,0,1301.91,1280.86,0
11.5911,129,19,1459.93,998.13,0,0,0,0,0,0,0,3,60,0,2305.76,1155.44,0
11.5919,130,45,2094.19,1871.45,0,0,0,1,1,32,0.15,3,60,2,1894.23,1888.89,0
11.6022,9,27,1502.11,1357.52,0,0,0,1,1,32,0.15,3,60,2,1742.39,958.375,0
11.6037,11,12,1934.54,819.721,16.47,2.61807,0,1,1,32,0.15,3,60,2,1275.88,1298.01,0
11.6133,24,28,1717.35,1273.48,0,0,0,1,1,32,0.15,3,60,2,2293.25,1877.18,0
11.6148,26,27,1501.03,1354.51,0,0,0,1,1,32,0.15,3,60,2,1989.18,2222.24,0
11.617,29,27,1650.21,1219.74,0,0,0,1,1,32,0.15,3,60,2,1558.61,1589.24,0
11.6348,53,20,1724.98,976.04,0,0,0,1,1,32,0.15,3,60,2,1223.22,2090.82,0
11.637,56,20,1785.49,1041.14,0,0,0,1,1,32,0.15,3,60,2,1663.42,1237.34,0
11.64,60,19,1497.15,1007.14,0,0,0,0,0,0,0,3,60,0,1602.31,1786.36,0
11.6437,65,20,1719.13,979.98,0,0,0,1,1,32,0.15,3,60,2,1431.33,994.63,0
11.6481,71,18,1431.33,994.63,0,0,0,0,0,0,0,3,60,0,1438.23,995.98,0
11.6533,78,18,1445.12,997.33,0,0,0,0,0,64,0.05,3,60,0,1299.94,1284.72,0
11.6541,79,19,1587,1105.62,0,0,0,0,0,64,0.05,3,60,0,1833.08,1765.78,0
11.6644,93,19,1490.23,1006.13,0,0,0,0,0,0,0,3,60,0,1970.74,1888.17,20.02
11.6659,95,26,1266.23,1300.68,0,0,0,1,1,32,0.15,3,60,2,1418.07,805.78,0
11.6667,96,19,1583.37,1099.64,0,0,0,0,0,0,0,3,60,0,1198.5,1398.41,0.13
11.6704,101,10,1418.07,805.78,0,0,0,1,1,32,0.15,3,60,2,1730.82,941.03,0
11.677,110,11,1487.5,774.124,10.92,0.216085,0,0,0,0,0,3,60,0,1705.6,1277.65,0
11.6807,115,21,2067.02,1044.35,0,0,0,0,0,0,0,3,60,0,1462.3,1001.73,0
11.6815,116,28,1705.6,1277.65,0,0,0,1,1,32,0.15,3,60,2,1886.38,2091.91,10.31
11.6896,127,46,2321.23,1878.77,0,0,0,0,0,0,0,3,60,0,1301.91,1280.86,0
11.6911,129,19,1459.93,998.13,0,0,0,0,0,0,0,3,60,0,2305.76,1155.44,0
11.6919,130,45,2094.19,1871.45,0,0,0,1,1,32,0.15,3,60,2,1894.23,1888.89,0
11.7022,9,27,1502.11,1357.52,0,0,0,1,1,32,0.15,3,60,2,1742.39,958.375,0
11.7037,11,12,1933.11,820.544,16.47,2.61807,0,1,1,32,0.15,3,60,2,1275.88,1298.01,0
11.7133,24,28,1717.35,1273.48,0,0,0,1,1,32,0.15,3,60,2,2293.25,1877.18,0
11.7148,26,27,1501.03,1354.51,0,0,0,1,1,32,0.15,3,60,2,1989.18,2222.24,0
11.717,29,27,1650.21,1219.74,0,0,0,1,1,32,0.15,3,60,2,1558.61,1589.24,0
11.7348,53,20,1724.98,976.04,0,0,0,1,1,32,0.15,3,60,2,1223.22,2090.82,0
11.737,56,20,1785.49,1041.14,0,0,0,1,1,32,0.15,3,60,2,1663.42,1237.34,0
11.74,60,19,1497.15,1007.14,0,0,0,0,0,0,0,3,60,0,1602.31,1786.36,0
11.7437,65,20,1719.13,979.98,0,0,0,1,1,32,0.15,3,60,2,1431.33,994.63,0
11.7481,71,18,1431.33,994.63,0,0,0,0,0,0,0,3,60,0,1438.23,995.98,0
11.7533,78,18,1445.12,997.33,0,0,0,0,0,64,0.05,3,60,0,1299.94,1284.72,0
11.7541,79,19,1587,1105.62,0,0,0,0,0,64,0.05,3,60,0,1833.08,1765.78,0
11.7644,93,19,1490.23,1006.13,0,0,0,0,0,0,0,3,60,0,1972.71,1887.81,20.02
11.7659,95,26,1266.23,1300.68,0,0,0,1,1,32,0.15,3,60,2,1418.07,805.78,0
11.7667,96,19,1583.37,1099.64,0,0,0,0,0,0,0,3,60,0,1198.5,1398.4,0.13
11.7704,101,10,1418.07,805.78,0,0,0,1,1,32,0.15,3,60,2,1730.82,941.03,0
11.777,110,11,1488.56,774.358,10.92,0.216085,0,0,0,0,0,3,60,0,1705.6,1277.65,0
11.7807,115,21,2067.02,1044.35,0,0,0,0,0,0,0,3,60,0,1462.3,1001.73,0
11.7815,116,28,1705.6,1277.65,0,0,0,1,1,32,0.15,3,60,2,1886.22,2090.89,10.31
11.7896,127,46,2321.23,1878.77,0,0,0,0,0,0,0,3,60,0,1301.91,1280.86,0
11.7911,129,19,1459.93,998.13,0,0,0,0,0,0,0,3,60,0,2305.76,1155.44,0
11.7919,130,45,2094.19,1871.45,0,0,0,1,1,32,0.15,3,60,2,1894.23,1888.89,0
11.8022,9,27,1502.11,1357.52,0,0,0,1,1,32,0.15,3,60,2,1742.39,958.375,0
11.8037,11,12,1931.69,821.368,16.47,2.61807,0,1,1,32,0.15,3,60,2,1275.88,1298.01,0
11.8133,24,28,1717.35,1273.48,0,0,0,1,1,32,0.15,3,60,2,2293.25,1877.18,0
11.8148,26,27,1501.03,1354.51,0,0,0,1,1,32,0.15,3,60,2,1989.18,2222.24,0
11.817,29,27,1650.21,1219.74,0,0,0,1,1,32,0.15,3,60,2,1558.61,1589.24,0
11.8348,53,20,1724.98,976.04,0,0,0,1,1,32,0.15,3,60,2,1223.22,2090.82,0
11.837,56,20,1785.49,1041.14,0,0,0,1,1,32,0.15,3,60,2,1663.42,1237.34,0
11.84,60,19,1497.15,1007.14,0,0,0,0,0,0,0,3,60,0,1602.31,1786.36,0
11.8437,65,20,1719.13,979.98,0,0,0,1,1,32,0.15,3,60,2,1431.33,994.63,0
11.8481,71,18,1431.33,994.63,0,0,0,0,0,0,0,3,60,0,1438.23,995.98,0
11.8533,78,18,1445.12,997.33,0,0,0,0,0,64,0.05,3,60,0,1299.94,1284.72,0
11.8541,79,19,1587,1105.62,0,0,0,0,0,64,0.05,3,60,0,1833.08,1765.78,0
11.8644,93,19,1490.23,1006.13,0,0,0,0,0,0,0,3,60,0,1974.68,1887.44,20.02
11.8659,95,26,1266.23,1300.68,0,0,0,1,1,32,0.15,3,60,2,1418.07,805.78,0
11.8667,96,19,1583.37,1099.64,0,0,0,0,0,0,0,3,60,0,1198.5,1398.39,0.13
11.8704,101,10,1418.07,805.78,0,0,0,1,1,32,0.15,3,60,2,1730.82,941.03,0
11.877,110,11,1489.63,774.592,10.92,0.216085,0,0,0,0,0,3,60,0,1705.6,1277.65,0
11.8807,115,21,2067.02,1044.35,0,0,0,0,0,0,0,3,60,0,1462.3,1001.73,0
11.8815,116,28,1705.6,1277.65,0,0,0,1,1,32,0.15,3,60,2,1886.05,2089.87,10.31
11.8896,127,46,2321.23,1878.77,0,0,0,0,0,0,0,3,60,0,1301.91,1280.86,0
11.8911,129,19,1459.93,998.13,0,0,0,0,0,0,0,3,60,0,2305.76,1155.44,0
11.8919,130,45,2094.19,1871.45,0,0,0,1,1,32,0.15,3,60,2,1894.23,1888.89,0
11.9022,9,27,1502.11,1357.52,0,0,0,1,1,32,0.15,3,60,2,1742.39,958.375,0
11.9037,11,12,1930.26,822.191,16.47,2.61807,0,1,1,32,0.15,3,60,2,1275.88,1298.01,0
11.9133,24,28,1717.35,1273.48,0,0,0,1,1,32,0.15,3,60,2,2293.25,1877.18,0
11.9148,26,27,1501.03,1354.51,0,0,0,1,1,32,0.15,3,60,2,1989.18,2222.24,0
11.917,29,27,1650.21,1219.74,0,0,0,1,1,32,0.15,3,60,2,1558.61,1589.24,0
11.9348,53,20,1724.98,976.04,0,0,0,1,1,32,0.15,3,60,2,1223.22,2090.82,0
11.937,56,20,1785.49,1041.14,0,0,0,1,1,32,0.15,3,60,2,1663.42,1237.34,0
11.94,60,19,1497.15,1007.14,0,0,0,0,0,0,0,3,60,0,1602.31,1786.36,0
11.9437,65,20,1719.13,979.98,0,0,0,1,1,32,0.15,3,60,2,1431.33,994.63,0
11.9481,71,18,1431.33,994.63,0,0,0,0,0,0,0,3,60,0,1438.23,995.98,0
11.9533,78,18,1445.12,997.33,0,0,0,0,0,64,0.05,3,60,0,1299.94,1284.72,0
11.9541,79,19,1587,1105.62,0,0,0,0,0,64,0.05,3,60,0,1833.08,1765.78,0
11.9644,93,19,1490.23,1006.13,0,0,0,0,0,0,0,3,60,0,1976.64,1887.07,20.02
11.9659,95,26,1266.23,1300.68,0,0,0,1,1,32,0.15,3,60,2,1418.07,805.78,0
11.9667,96,19,1583.37,1099.64,0,0,0,0,0,0,0,3,60,0,1198.5,1398.37,0.13
11.9704,101,10,1418.07,805.78,0,0,0,1,1,32,0.15,3,60,2,1730.82,941.03,0
11.977,110,11,1490.7,774.826,10.92,0.216085,0,0,0,0,0,3,60,0,1705.6,1277.65,0
11.9807,115,21,2067.02,1044.35,0,0,0,0,0,0,0,3,60,0,1462.3,1001.73,0
11.9815,116,28,1705.6,1277.65,0,0,0,1,1,32,0.15,3,60,2,1885.88,2088.85,10.31
11.9896,127,46,2321.23,1878.77,0,0,0,0,0,0,0,3,60,0,1301.91,1280.86,0
11.9911,129,19,1459.93,998.13,0,0,0,0,0,0,0,3,60,0,2305.76,1155.44,0
11.9919,130,45,2094.19,1871.45,0,0,0,1,1,32,0.15,3,60,2,1894.23,1888.89,0
12.0022,9,27,1502.11,1357.52,0,0,0,1,1,32,0.15,3,60,2,1742.39,958.375,0
12.0037,11,12,1928.86,823,16.22,2.61854,-2.5,1,1,32,0.15,3,60,2,1275.88,1298.01,0
12.0133,24,28,1717.35,1273.48,0,0,0,1,1,32,0.15,3,60,2,2293.25,1877.18,0
12.0148,26,27,1501.03,1354.51,0,0,0,1,1,32,0.15,3,60,2,1989.18,2222.24,0
12.017,29,27,1650.21,1219.74,0,0,0,1,1,32,0.15,3,60,2,1558.61,1589.24,0
12.0348,53,20,1724.98,976.04,0,0,0,1,1,32,0.15,3,60,2,1223.22,2090.82,0
12.037,56,20,1785.49,1041.14,0,0,0,1,1,32,0.15,3,60,2,1663.42,1237.34,0
12.04,60,19,1497.15,1007.14,0,0,0,0,0,0,0,3,60,0,1602.31,1786.36,0
12.0437,65,20,1719.13,979.98,0,0,0,1,1,32,0.15,3,60,2,1431.33,994.63,0
12.0481,71,18,1431.33,994.63,0,0,0,0,0,0,0,3,60,0,1438.23,995.98,0
12.0533,78,18,1445.12,997.33,0,0,0,0,0,64,0.05,3,60,0,1299.94,1284.72,0
12.0541,79,19,1587,1105.62,0,0,0,0,0,64,0.05,3,60,0,1833.08,1765.78,0
12.0644,93,19,1490.23,1006.13,0,0,0,0,0,0,0,3,60,0,1978.67,1886.78,21.18
12.0659,95,26,1266.23,1300.68,0,0,0,1,1,32,0.15,3,60,2,1418.07,805.78,0
12.0667,96,19,1583.37,1099.64,0,0,0,0,0,0,0,3,60,0,1198.5,1398.37,0.04
12.0704,101,10,1418.07,805.78,0,0,0,1,1,32,0.15,3,60,2,1730.82,941.03,0
12.077,110,11,1491.85,774.903,11.79,0.0258135,8.7,0,1,6,0.2,3,60,0,1705.6,1277.65,0
12.0807,115,21,2067.02,1044.35,0,0,0,0,0,0,0,3,60,0,1462.3,1001.73,0
12.0815,116,28,1705.6,1277.65,0,0,0,1,1,32,0.15,3,60,2,1885.77,2088.16,6.31
12.0896,127,46,2321.23,1878.77,0,0,0,0,0,0,0,3,60,0,1301.91,1280.86,0
12.0911,129,19,1459.93,998.13,0,0,0,0,0,0,0,3,60,0,2305.76,1155.44,0
12.0919,130,45,2094.19,1871.45,0,0,0,1,1,32,0.15,3,60,2,1894.23,1888.89,0
12.1022,9,27,1502.11,1357.52,0,0,0,1,1,32,0.15,3,60,2,1742.39,958.375,0
12.1037,11,12,1927.45,823.81,16.22,2.61854,0,1,1,32,0.15,3,60,2,1275.88,1298.01,0
12.1133,24,28,1717.35,1273.48,0,0,0,1,1,32,0.15,3,60,2,2293.25,1877.18,0
12.1148,26,27,1501.03,1354.51,0,0,0,1,1,32,0.15,3,60,2,1989.18,2222.24,0
12.117,29,27,1650.21,1219.74,0,0,0,1,1,32,0.15,3,60,2,1558.61,1589.24,0
12.1348,53,20,1724.98,976.04,0,0,0,1,1,32,0.15,3,60,2,1223.22,2090.82,0
12.137,56,20,1785.49,1041.14,0,0,0,1,1,32,0.15,3,60,2,1663.42,1237.34,0
12.14,60,19,1497.15,1007.14,0,0,0,0,0,0,0,3,60,0,1602.31,1786.36,0
12.1437,65,20,1719.13,979.98,0,0,0,1,1,32,0.15,3,60,2,1431.33,994.63,0
12.1481,71,18,1431.33,994.63,0,0,0,0,0,0,0,3,60,0,1438.23,995.98,0
12.1533,78,18,1445.12,997.33,0,0,0,0,0,64,0.05,3,60,0,1299.94,1284.72,0
12.1541,79,19,1587,1105.62,0,0,0,0,0,64,0.05,3,60,0,1833.08,1765.78,0
12.1644,93,19,1490.23,1006.13,0,0,0,0,0,0,0,3,60,0,1980.77,1886.51,21.18
12.1659,95,26,1266.23,1300.68,0,0,0,1,1,32,0.15,3,60,2,1418.07,805.78,0
12.1667,96,19,1583.37,1099.64,0,0,0,0,0,0,0,3,60,0,1198.5,1398.36,0.04
12.1704,101,10,1418.07,805.78,0,0,0,1,1,32,0.15,3,60,2,1730.82,941.03,0
12.177,110,11,1493.03,774.934,11.79,0.0258135,0,0,0,0,0,3,60,0,1705.6,1277.65,0
12.1807,115,21,2067.02,1044.35,0,0,0,0,0,0,0,3,60,0,1462.3,1001.73,0
12.1815,116,28,1705.6,1277.65,0,0,0,1,1,32,0.15,3,60,2,1885.66,2087.54,6.31
12.1896,127,46,2321.23,1878.77,0,0,0,0,0,0,0,3,60,0,1301.91,1280.86,0
12.1911,129,19,1459.93,998.13,0,0,0,0,0,0,0,3,60,0,2305.76,1155.44,0
12.1919,130,45,2094.19,1871.45,0,0,0,1,1,32,0.15,3,60,2,1894.23,1888.89,0
12.2022,9,27,1502.11,1357.52,0,0,0,1,1,32,0.15,3,60,2,1742.39,958.375,0
12.2037,11,12,1926.05,824.62,16.22,2.61854,0,1,1,32,0.15,3,60,2,1275.88,1298.01,0
12.2133,24,28,1717.35,1273.48,0,0,0,1,1,32,0.15,3,60,2,2293.25,1877.18,0
12.2148,26,27,1501.03,1354.51,0,0,0,1,1,32,0.15,3,60,2,1989.18,2222.24,0
12.217,29,27,1650.21,1219.74,0,0,0,1,1,32,0.15,3,60,2,1558.61,1589.24,0
12.2348,53,20,1724.98,976.04,0,0,0,1,1,32,0.15,3,60,2,1223.22,2090.82,0
12.237,56,20,1785.49,1041.14,0,0,0,1,1,32,0.15,3,60,2,1663.42,1237.34,0
12.24,60,19,1497.15,1007.14,0,0,0,0,0,0,0,3,60,0,1602.31,1786.36,0
12.2437,65,20,1719.13,979.98,0,0,0,1,1,32,0.15,3,60,2,1431.33,994.63,0
12.2481,71,18,1431.33,994.63,0,0,0,0,0,0,0,3,60,0,1438.23,995.98,0
12.2533,78,18,1445.12,997.33,0,0,0,0,0,64,0.05,3,60,0,1299.94,1284.72,0
12.2541,79,19,1587,1105.62,0,0,0,0,0,64,0.05,3,60,0,1833.08,1765.78,0
12.2644,93,19,1490.23,1006.13,0,0,0,0,0,0,0,3,60,0,1982.87,1886.24,21.18
12.2659,95,26,1266.23,1300.68,0,0,0,1,1,32,0.15,3,60,2,1418.07,805.78,0
12.2667,96,19,1583.37,1099.64,0,0,0,0,0,0,0,3,60,0,1198.5,1398.36,0.04
12.2704,101,10,1418.07,805.78,0,0,0,1,1,32,0.15,3,60,2,1730.82,941.03,0
12.277,110,11,1494.21,774.964,11.79,0.0258135,0,0,0,0,0,3,60,0,1705.6,1277.65,0
12.2807,115,21,2067.02,1044.35,0,0,0,0,0,0,0,3,60,0,1462.3,1001.73,0
12.2815,116,28,1705.6,1277.65,0,0,0,1,1,32,0.15,3,60,2,1885.56,2086.92,6.31
12.2896,127,46,2321.23,1878.77,0,0,0,0,0,0,0,3,60,0,1301.91,1280.86,0
12.2911,129,19,1459.93,998.13,0,0,0,0,0,0,0,3,60,0,2305.76,1155.44,0
12.2919,130,45,2094.19,1871.45,0,0,0,1,1,32,0.15,3,60,2,1894.23,1888.89,0
12.3022,9,27,1502.11,1357.52,0,0,0,1,1,32,0.15,3,60,2,1742.39,958.375,0
12.3037,11,12,1924.64,825.431,16.22,2.61854,0,1,1,32,0.15,3,60,2,1275.88,1298.01,0
12.3133,24,28,1717.35,1273.48,0,0,0,1,1,32,0.15,3,60,2,2293.25,1877.18,0
12.3148,26,27,1501.03,1354.51,0,0,0,1,1,32,0.15,3,60,2,1989.18,2222.24,0
12.317,29,27,1650.21,1219.74,0,0,0,1,1,32,0.15,3,60,2,1558.61,1589.24,0
12.3348,53,20,1724.98,976.04,0,0,0,1,1,32,0.15,3,60,2,1223.22,2090.82,0
12.337,56,20,1785.49,1041.14,0,0,0,1,1,32,0.15,3,60,2,1663.42,1237.34,0
12.34,60,19,1497.15,1007.14,0,0,0,0,0,0,0,3,60,0,1602.31,1786.36,0
12.3437,65,20,1719.13,979.98,0,0,0,1,1,32,0.15,3,60,2,1431.33,994.63,0
12.3481,71,18,1431.33,994.63,0,0,0,0,0,0,0,3,60,0,1438.23,995.98,0
12.3533,78,18,1445.12,997.33,0,0,0,0,0,64,0.05,3,60,0,1299.94,1284.72,0
12.3541,79,19,1587,1105.62,0,0,0,0,0,64,0.05,3,60,0,1833.08,1765.78,0
12.3644,93,19,1490.23,1006.13,0,0,0,0,0,0,0,3,60,0,1984.97,1885.97,21.18
12.3659,95,26,1266.23,1300.68,0,0,0,1,1,32,0.15,3,60,2,1418.07,805.78,0
12.3667,96,19,1583.37,1099.64,0,0,0,0,0,0,0,3,60,0,1198.5,1398.36,0.04
12.3704,101,10,1418.07,805.78,0,0,0,1,1,32,0.15,3,60,2,1730.82,941.03,0
12.377,110,11,1495.38,774.995,11.79,0.0258135,0,0,0,0,0,3,60,0,1705.6,1277.65,0
12.3807,115,21,2067.02,1044.35,0,0,0,0,0,0,0,3,60,0,1462.3,1001.73,0
12.3815,116,28,1705.6,1277.65,0,0,0,1,1,32,0.15,3,60,2,1885.46,2086.29,6.31
12.3896,127,46,2321.23,1878.77,0,0,0,0,0,0,0,3,60,0,1301.91,1280.86,0
12.3911,129,19,1459.93,998.13,0,0,0,0,0,0,0,3,60,0,2305.76,1155.44,0
12.3919,130,45,2094.19,1871.45,0,0,0,1,1,32,0.15,3,60,2,1894.23,1888.89,0
12.4022,9,27,1502.11,1357.52,0,0,0,1,1,32,0.15,3,60,2,1742.39,958.375,0
12.4037,11,12,1923.24,826.241,16.22,2.61854,0,1,1,32,0.15,3,60,2,1275.88,1298.01,0
12.4133,24,28,1717.35,1273.48,0,0,0,1,1,32,0.15,3,60,2,2293.25,1877.18,0
12.4148,26,27,1501.03,1354.51,0,0,0,1,1,32,0.15,3,60,2,1989.18,2222.24,0
12.417,29,27,1650.21,1219.74,0,0,0,1,1,32,0.15,3,60,2,1558.61,1589.24,0
12.4348,53,20,1724.98,976.04,0,0,0,1,1,32,0.15,3,60,2,1223.22,2090.82,0
12.437,56,20,1785.49,1041.14,0,0,0,1,1,32,0.15,3,60,2,1663.42,1237.34,0
12.44,60,19,1497.15,1007.14,0,0,0,0,0,0,0,3,60,0,1602.31,1786.36,0
12.4437,65,20,1719.13,979.98,0,0,0,1,1,32,0.15,3,60,2,1431.33,994.63,0
12.4481,71,18,1431.33,994.63,0,0,0,0,0,0,0,3,60,0,1438.23,995.98,0
12.4533,78,18,1445.12,997.33,0,0,0,0,0,64,0.05,3,60,0,1299.94,1284.72,0
12.4541,79,19,1587,1105.62,0,0,0,0,0,64,0.05,3,60,0,1833.08,1765.78,0
12.4644,93,19,1490.23,1006.13,0,0,0,0,0,0,0,3,60,0,1987.07,1885.7,21.18
12.4659,95,26,1266.23,1300.68,0,0,0,1,1,32,0.15,3,60,2,1418.07,805.78,0
12.4667,96,19,1583.37,1099.64,0,0,0,0,0,0,0,3,60,0,1198.51,1398.35,0.04
12.4704,101,10,1418.07,805.78,0,0,0,1,1,32,0.15,3,60,2,1730.82,941.03,0
12.477,110,11,1496.56,775.025,11.79,0.0258135,0,0,0,0,0,3,60,0,1705.6,1277.65,0
12.4807,115,21,2067.02,1044.35,0,0,0,0,0,0,0,3,60,0,1462.3,1001.73,0
12.4815,116,28,1705.6,1277.65,0,0,0,1,1,32,0.15,3,60,2,1885.35,2085.67,6.31
12.4896,127,46,2321.23,1878.77,0,0,0,0,0,0,0,3,60,0,1301.91,1280.86,0
12.4911,129,19,1459.93,998.13,0,0,0,0,0,0,0,3,60,0,2305.76,1155.44,0
12.4919,130,45,2094.19,1871.45,0,0,0,1,1,32,0.15,3,60,2,1894.23,1888.89,0
12.5022,9,27,1502.11,1357.52,0,0,0,1,1,32,0.15,3,60,2,1742.39,958.375,0
12.5037,11,12,1921.83,827.051,16.22,2.61854,0,1,1,32,0.15,3,60,2,1275.88,1298.01,0
12.5133,24,28,1717.35,1273.48,0,0,0,1,1,32,0.15,3,60,2,2293.25,1877.18,0
12.5148,26,27,1501.03,1354.51,0,0,0,1,1,32,0.15,3,60,2,1989.18,2222.24,0
12.517,29,27,1650.21,1219.74,0,0,0,1,1,32,0.15,3,60,2,1558.61,1589.24,0
12.5348,53,20,1724.98,976.04,0,0,0,1,1,32,0.15,3,60,2,1223.22,2090.82,0
12.537,56,20,1785.49,1041.14,0,0,0,1,1,32,0.15,3,60,2,1663.42,1237.34,0
12.54,60,19,1497.15,1007.14,0,0,0,0,0,0,0,3,60,0,1602.31,1786.36,0
12.5437,65,20,1719.13,979.98,0,0,0,1,1,32,0.15,3,60,2,1431.33,994.63,0
12.5481,71,18,1431.33,994.63,0,0,0,0,0,0,0,3,60,0,1438.23,995.98,0
12.5533,78,18,1445.12,997.33,0,0,0,0,0,64,0.05,3,60,0,1299.94,1284.72,0
12.5541,79,19,1587,1105.62,0,0,0,0,0,64,0.05,3,60,0,1833.08,1765.78,0
12.5644,93,19,1490.23,1006.13,0,0,0,0,0,0,0,3,60,0,1989.17,1885.43,21.18
12.5659,95,26,1266.23,1300.68,0,0,0,1,1,32,0.15,3,60,2,1418.07,805.78,0
12.5667,96,19,1583.37,1099.64,0,0,0,0,0,0,0,3,60,0,1198.51,1398.35,0.04
12.5704,101,10,1418.07,805.78,0,0,0,1,1,32,0.15,3,60,2,1730.82,941.03,0
12.577,110,11,1497.74,775.056,11.79,0.0258135,0,0,0,0,0,3,60,0,1705.6,1277.65,0
12.5807,115,21,2067.02,1044.35,0,0,0,0,0,0,0,3,60,0,1462.3,1001.73,0
12.5815,116,28,1705.6,1277.65,0,0,0,1,1,32,0.15,3,60,2,1885.25,2085.05,6.31
12.5896,127,46,2321.23,1878.77,0,0,0,0,0,0,0,3,60,0,1301.91,1280.86,0
12.5911,129,19,1459.93,998.13,0,0,0,0,0,0,0,3,60,0,2305.76,1155.44,0
12.5919,130,45,2094.19,1871.45,0,0,0,1,1,32,0.15,3,60,2,1894.23,1888.89,0
12.6022,9,27,1502.11,1357.52,0,0,0,1,1,32,0.15,3,60,2,1742.39,958.375,0
12.6037,11,12,1920.43,827.861,16.22,2.61854,0,1,1,32,0.15,3,60,2,1275.88,1298.01,0
12.6133,24,28,1717.35,1273.48,0,0,0,1,1,32,0.15,3,60,2,2293.25,1877.18,0
12.6148,26,27,1501.03,1354.51,0,0,0,1,1,32,0.15,3,60,2,1989.18,2222.24,0
12.617,29,27,1650.21,1219.74,0,0,0,1,1,32,0.15,3,60,2,1558.61,1589.24,0
12.6348,53,20,1724.98,976.04,0,0,0,1,1,32,0.15,3,60,2,1223.22,2090.82,0
12.637,56,20,1785.49,1041.14,0,0,0,1,1,32,0.15,3,60,2,1663.42,1237.34,0
12.64,60,19,1497.15,1007.14,0,0,0,0,0,0,0,3,60,0,1602.31,1786.36,0
12.6437,65,20,1719.13,979.98,0,0,0,1,1,32,0.15,3,60,2,1431.33,994.63,0
12.6481,71,18,1431.33,994.63,0,0,0,0,0,0,0,3,60,0,1438.23,995.98,0
12.6533,78,18,1445.12,997.33,0,0,0,0,0,64,0.05,3,60,0,1299.94,1284.72,0
12.6541,79,19,1587,1105.62,0,0,0,0,0,64,0.05,3,60,0,1833.08,1765.78,0
12.6644,93,19,1490.23,1006.13,0,0,0,0,0,0,0,3,60,0,1991.27,1885.16,21.18
12.6659,95,26,1266.23,1300.68,0,0,0,1,1,32,0.15,3,60,2,1418.07,805.78,0
12.6667,96,19,1583.37,1099.64,0,0,0,0,0,0,0,3,60,0,1198.51,1398.35,0.04
12.6704,101,10,1418.07,805.78,0,0,0,1,1,32,0.15,3,60,2,1730.82,941.03,0
12.677,110,11,1498.92,775.086,11.79,0.0258135,0,0,0,0,0,3,60,0,1705.6,1277.65,0
12.6807,115,21,2067.02,1044.35,0,0,0,0,0,0,0,3,60,0,1462.3,1001.73,0
12.6815,116,28,1705.6,1277.65,0,0,0,1,1,32,0.15,3,60,2,1885.15,2084.43,6.31
12.6896,127,46,2321.23,1878.77,0,0,0,0,0,0,0,3,60,0,1301.91,1280.86,0
12.6911,129,19,1459.93,998.13,0,0,0,0,0,0,0,3,60,0,2305.76,1155.44,0
12.6919,130,45,2094.19,1871.45,0,0,0,1,1,32,0.15,3,60,2,1894.23,1888.89,0
12.7022,9,27,1502.11,1357.52,0,0,0,1,1,32,0.15,3,60,2,1742.39,958.375,0
12.7037,11,12,1919.02,828.672,16.22,2.61854,0,1,1,32,0.15,3,60,2,1275.88,1298.01,0
12.7133,24,28,1717.35,1273.48,0,0,0,1,1,32,0.15,3,60,2,2293.25,1877.18,0
12.7148,26,27,1501.03,1354.51,0,0,0,1,1,32,0.15,3,60,2,1989.18,2222.24,0
12.717,29,27,1650.21,1219.74,0,0,0,1,1,32,0.15,3,60,2,1558.61,1589.24,0
12.7348,53,20,1724.98,976.04,0,0,0,1,1,32,0.15,3,60,2,1223.22,2090.82,0
12.737,56,20,1785.49,1041.14,0,0,0,1,1,32,0.15,3,60,2,1663.42,1237.34,0
12.74,60,19,1497.15,1007.14,0,0,0,0,0,0,0,3,60,0,1602.31,1786.36,0
12.7437,65,20,1719.13,979.98,0,0,0,1,1,32,0.15,3,60,2,1431.33,994.63,0
12.7481,71,18,1431.33,994.63,0,0,0,0,0,0,0,3,60,0,1438.23,995.98,0
12.7533,78,18,1445.12,997.33,0,0,0,0,0,64,0.05,3,60,0,1299.94,1284.72,0
12.7541,79,19,1587,1105.62,0,0,0,0,0,64,0.05,3,60,0,1833.08,1765.78,0
12.7644,93,19,1490.23,1006.13,0,0,0,0,0,0,0,3,60,0,1993.37,1884.9,21.18
12.7659,95,26,1266.23,1300.68,0,0,0,1,1,32,0.15,3,60,2,1418.07,805.78,0
12.7667,96,19,1583.37,1099.64,0,0,0,0,0,0,0,3,60,0,1198.51,1398.34,0.04
12.7704,101,10,1418.07,805.78,0,0,0,1,1,32,0.15,3,60,2,1730.82,941.03,0
12.777,110,11,1500.1,775.116,11.79,0.0258135,0,0,0,0,0,3,60,0,1705.6,1277.65,0
12.7807,115,21,2067.02,1044.35,0,0,0,0,0,0,0,3,60,0,1462.3,1001.73,0
12.7815,116,28,1705.6,1277.65,0,0,0,1,1,32,0.15,3,60,2,1885.05,2083.8,6.31
12.7896,127,46,2321.23,1878.77,0,0,0,0,0,0,0,3,60,0,1301.91,1280.86,0
12.7911,129,19,1459.93,998.13,0,0,0,0,0,0,0,3,60,0,2305.76,1155.44,0
12.7919,130,45,2094.19,1871.45,0,0,0,1,1,32,0.15,3,60,2,1894.23,1888.89,0
12.8022,9,27,1502.11,1357.52,0,0,0,1,1,32,0.15,3,60,2,1742.39,958.375,0
12.8037,11,12,1917.62,829.482,16.22,2.61854,0,1,1,32,0.15,3,60,2,1275.88,1298.01,0
12.8133,24,28,1717.35,1273.48,0,0,0,1,1,32,0.15,3,60,2,2293.25,1877.18,0
12.8148,26,27,1501.03,1354.51,0,0,0,1,1,32,0.15,3,60,2,1989.18,2222.24,0
12.817,29,27,1650.21,1219.74,0,0,0,1,1,32,0.15,3,60,2,1558.61,1589.24,0
12.8348,53,20,1724.98,976.04,0,0,0,1,1,32,0.15,3,60,2,1223.22,2090.82,0
12.837,56,20,1785.49,1041.14,0,0,0,1,1,32,0.15,3,60,2,1663.42,1237.34,0
12.84,60,19,1497.15,1007.14,0,0,0,0,0,0,0,3,60,0,1602.31,1786.36,0
12.8437,65,20,1719.13,979.98,0,0,0,1,1,32,0.15,3,60,2,1431.33,994.63,0
12.8481,71,18,1431.33,994.63,0,0,0,0,0,0,0,3,60,0,1438.23,995.98,0
12.8533,78,18,1445.12,997.33,0,0,0,0,0,64,0.05,3,60,0,1299.94,1284.72,0
12.8541,79,19,1587,1105.62,0,0,0,0,0,64,0.05,3,60,0,1833.08,1765.78,0
12.8644,93,19,1490.23,1006.13,0,0,0,0,0,0,0,3,60,0,1995.47,1884.63,21.18
12.8659,95,26,1266.23,1300.68,0,0,0,1,1,32,0.15,3,60,2,1418.07,805.78,0
12.8667,96,19,1583.37,1099.64,0,0,0,0,0,0,0,3,60,0,1198.51,1398.34,0
12.8704,101,10,1418.07,805.78,0,0,0,1,1,32,0.15,3,60,2,1730.82,941.03,0
12.877,110,11,1501.01,775.14,0,0,-117.9,0,1,4,0.1,3,60,0,1705.6,1277.65,0
12.8807,115,21,2067.02,1044.35,0,0,0,0,0,0,0,3,60,0,1462.3,1001.73,0
12.8815,116,28,1705.6,1277.65,0,0,0,1,1,32,0.15,3,60,2,1884.94,2083.18,6.31
12.8896,127,46,2321.23,1878.77,0,0,0,0,0,0,0,3,60,0,1301.91,1280.86,0
12.8911,129,19,1459.93,998.13,0,0,0,0,0,0,0,3,60,0,2305.76,1155.44,0
12.8919,130,45,2094.19,1871.45,0,0,0,1,1,32,0.15,3,60,2,1894.23,1888.89,0
12.9022,9,27,1502.11,1357.52,0,0,0,1,1,32,0.15,3,60,2,1742.39,958.375,0
12.9037,11,12,1916.21,830.292,16.22,2.61854,0,1,1,32,0.15,3,60,2,1275.88,1298.01,0
12.9133,24,28,1717.35,1273.48,0,0,0,1,1,32,0.15,3,60,2,2293.25,1877.18,0
12.9148,26,27,1501.03,1354.51,0,0,0,1,1,32,0.15,3,60,2,1989.18,2222.24,0
12.917,29,27,1650.21,1219.74,0,0,0,1,1,32,0.15,3,60,2,1558.61,1589.24,0
12.9348,53,20,1724.98,976.04,0,0,0,1,1,32,0.15,3,60,2,1223.22,2090.82,0
12.937,56,20,1785.49,1041.14,0,0,0,1,1,32,0.15,3,60,2,1663.42,1237.34,0
12.94,60,19,1497.15,1007.14,0,0,0,0,0,0,0,3,60,0,1602.31,1786.36,0
12.9437,65,20,1719.13,979.98,0,0,0,1,1,32,0.15,3,60,2,1431.33,994.63,0
12.9481,71,18,1431.33,994.63,0,0,0,0,0,0,0,3,60,0,1438.23,995.98,0
12.9533,78,18,1445.12,997.33,0,0,0,0,0,64,0.05,3,60,0,1299.94,1284.72,0
12.9541,79,19,1587,1105.62,0,0,0,0,0,64,0.05,3,60,0,1833.08,1765.78,0
12.9644,93,19,1490.23,1006.13,0,0,0,0,0,0,0,3,60,0,1997.57,1884.36,21.18
12.9659,95,26,1266.23,1300.68,0,0,0,1,1,32,0.15,3,60,2,1418.07,805.78,0
12.9667,96,19,1583.37,1099.64,0,0,0,0,0,0,0,3,60,0,1198.51,1398.34,0
12.9704,101,10,1418.07,805.78,0,0,0,1,1,32,0.15,3,60,2,1730.82,941.03,0
12.977,110,11,1501.01,775.14,0,0,0,0,0,0,0,3,60,0,1705.6,1277.65,0
12.9807,115,21,2067.02,1044.35,0,0,0,0,0,0,0,3,60,0,1462.3,1001.73,0
12.9815,116,28,1705.6,1277.65,0,0,0,1,1,32,0.15,3,60,2,1884.84,2082.56,6.31
12.9896,127,46,2321.23,1878.77,0,0,0,0,0,0,0,3,60,0,1301.91,1280.86,0
12.9911,129,19,1459.93,998.13,0,0,0,0,0,0,0,3,60,0,2305.76,1155.44,0
12.9919,130,45,2094.19,1871.45,0,0,0,1,1,32,0.15,3,60,2,1894.23,1888.89,0
13.0022,9,27,1502.11,1357.52,0,0,0,1,1,32,0.15,3,60,2,1742.39,958.375,0
13.0037,11,12,1914.83,831.091,16.62,2.61833,4,1,1,36,0.25,3,60,2,1275.88,1298.01,0
13.0133,24,28,1717.35,1273.48,0,0,0,1,1,32,0.15,3,60,2,2293.25,1877.18,0
13.0148,26,27,1501.03,1354.51,0,0,0,1,1,32,0.15,3,60,2,1989.18,2222.24,0
13.017,29,27,1650.21,1219.74,0,0,0,1,1,32,0.15,3,60,2,1558.61,1589.24,0
13.0348,53,20,1724.98,976.04,0,0,0,1,1,32,0.15,3,60,2,1223.22,2090.82,0
13.037,56,20,1785.49,1041.14,0,0,0,1,1,32,0.15,3,60,2,1663.42,1237.34,0
13.04,60,19,1497.15,1007.14,0,0,0,0,0,0,0,3,60,0,1602.31,1786.36,0
13.0437,65,20,1719.13,979.98,0,0,0,1,1,32,0.15,3,60,2,1431.33,994.63,0
13.0481,71,18,1431.33,994.63,0,0,0,0,0,0,0,3,60,0,1438.23,995.98,0
13.0533,78,18,1445.12,997.33,0,0,0,0,0,64,0.05,3,60,0,1299.94,1284.72,0
13.0541,79,19,1587,1105.62,0,0,0,0,0,64,0.05,3,60,0,1833.08,1765.78,0
13.0644,93,19,1490.23,1006.13,0,0,0,0,0,0,0,3,60,0,1999.66,1884.19,21.49
13.0659,95,26,1266.23,1300.68,0,0,0,1,1,32,0.15,3,60,2,1418.07,805.78,0
13.0667,96,19,1583.37,1099.64,0,0,0,0,0,0,0,3,60,0,1198.51,1398.34,0
13.0704,101,10,1418.07,805.78,0,0,0,1,1,32,0.15,3,60,2,1730.82,941.03,0
13.077,110,11,1501.23,774.173,12.87,-1.34749,128.7,0,1,6,0.2,3,60,0,1705.6,1277.65,0
13.0807,115,21,2067.02,1044.35,0,0,0,0,0,0,0,3,60,0,1462.3,1001.73,0
13.0815,116,28,1705.6,1277.65,0,0,0,1,1,32,0.15,3,60,2,1884.78,2082.2,3.09
13.0896,127,46,2321.23,1878.77,0,0,0,0,0,0,0,3,60,0,1301.91,1280.86,0
13.0911,129,19,1459.93,998.13,0,0,0,0,0,0,0,3,60,0,2305.76,1155.44,0
13.0919,130,45,2094.19,1871.45,0,0,0,1,1,32,0.15,3,60,2,1894.23,1888.89,0
13.1022,9,27,1502.11,1357.52,0,0,0,1,1,32,0.15,3,60,2,1742.39,958.375,0
13.1037,11,12,1913.39,831.921,16.62,2.61833,0,1,1,32,0.15,3,60,2,1275.88,1298.01,0
13.1133,24,28,1717.35,1273.48,0,0,0,1,1,32,0.15,3,60,2,2293.25,1877.18,0
13.1148,26,27,1501.03,1354.51,0,0,0,1,1,32,0.15,3,60,2,1989.18,2222.24,0
13.117,29,27,1650.21,1219.74,0,0,0,1,1,32,0.15,3,60,2,1558.61,1589.24,0
13.1348,53,20,1724.98,976.04,0,0,0,1,1,32,0.15,3,60,2,1223.22,2090.82,0
13.137,56,20,1785.49,1041.14,0,0,0,1,1,32,0.15,3,60,2,1663.42,1237.34,0
13.14,60,19,1497.15,1007.14,0,0,0,0,0,0,0,3,60,0,1602.31,1786.36,0
13.1437,65,20,1719.13,979.98,0,0,0,1,1,32,0.15,3,60,2,1431.33,994.63,0
13.1481,71,18,1431.33,994.63,0,0,0,0,0,0,0,3,60,0,1438.23,995.98,0
13.1533,78,18,1445.12,997.33,0,0,0,0,0,64,0.05,3,60,0,1299.94,1284.72,0
13.1541,79,19,1587,1105.62,0,0,0,0,0,64,0.05,3,60,0,1833.08,1765.78,0
13.1644,93,19,1490.23,1006.13,0,0,0,0,0,0,0,3,60,0,2001.8,1884.07,21.49
13.1659,95,26,1266.23,1300.68,0,0,0,1,1,32,0.15,3,60,2,1418.07,805.78,0
13.1667,96,19,1583.37,1099.64,0,0,0,0,0,0,0,3,60,0,1198.51,1398.34,0
13.1704,101,10,1418.07,805.78,0,0,0,1,1,32,0.15,3,60,2,1730.82,941.03,0
13.177,110,11,1501.51,772.918,12.87,-1.34749,0,0,0,0,0,3,60,0,1705.6,1277.65,0
13.1807,115,21,2067.02,1044.35,0,0,0,0,0,0,0,3,60,0,1462.3,1001.73,0
13.1815,116,28,1705.6,1277.65,0,0,0,1,1,32,0.15,3,60,2,1884.73,2081.89,3.09
13.1896,127,46,2321.23,1878.77,0,0,0,0,0,0,0,3,60,0,1301.91,1280.86,0
13.1911,129,19,1459.93,998.13,0,0,0,0,0,0,0,3,60,0,2305.76,1155.44,0
13.1919,130,45,2094.19,1871.45,0,0,0,1,1,32,0.15,3,60,2,1894.23,1888.89,0
13.2022,9,27,1502.11,1357.52,0,0,0,1,1,32,0.15,3,60,2,1742.39,958.375,0
13.2037,11,12,1911.95,832.752,16.62,2.61833,0,1,1,32,0.15,3,60,2,1275.88,1298.01,0
13.2133,24,28,1717.35,1273.48,0,0,0,1,1,32,0.15,3,60,2,2293.25,1877.18,0
13.2148,26,27,1501.03,1354.51,0,0,0,1,1,32,0.15,3,60,2,1989.18,2222.24,0
13.217,29,27,1650.21,1219.74,0,0,0,1,1,32,0.15,3,60,2,1558.61,1589.24,0
13.2348,53,20,1724.98,976.04,0,0,0,1,1,32,0.15,3,60,2,1223.22,2090.82,0
13.237,56,20,1785.49,1041.14,0,0,0,1,1,32,0.15,3,60,2,1663.42,1237.34,0
13.24,60,19,1497.15,1007.14,0,0,0,0,0,0,0,3,60,0,1602.31,1786.36,0
13.2437,65,20,1719.13,979.98,0,0,0,1,1,32,0.15,3,60,2,1431.33,994.63,0
13.2481,71,18,1431.33,994.63,0,0,0,0,0,0,0,3,60,0,1438.23,995.98,0
13.2533,78,18,1445.12,997.33,0,0,0,0,0,64,0.05,3,60,0,1299.94,1284.72,0
13.2541,79,19,1587,1105.62,0,0,0,0,0,64,0.05,3,60,0,1833.08,1765.78,0
13.2644,93,19,1490.23,1006.13,0,0,0,0,0,0,0,3,60,0,2003.95,1883.95,21.49
13.2659,95,26,1266.23,1300.68,0,0,0,1,1,32,0.15,3,60,2,1418.07,805.78,0
13.2667,96,19,1583.37,1099.64,0,0,0,0,0,0,0,3,60,0,1198.51,1398.34,0
13.2704,101,10,1418.07,805.78,0,0,0,1,1,32,0.15,3,60,2,1730.82,941.03,0
13.277,110,11,1501.8,771.663,12.87,-1.34749,0,0,0,0,0,3,60,0,1705.6,1277.65,0
13.2807,115,21,2067.02,1044.35,0,0,0,0,0,0,0,3,60,0,1462.3,1001.73,0
13.2815,116,28,1705.6,1277.65,0,0,0,1,1,32,0.15,3,60,2,1884.68,2081.59,3.09
13.2896,127,46,2321.23,1878.77,0,0,0,0,0,0,0,3,60,0,1301.91,1280.86,0
13.2911,129,19,1459.93,998.13,0,0,0,0,0,0,0,3,60,0,2305.76,1155.44,0
13.2919,130,45,2094.19,1871.45,0,0,0,1,1,32,0.15,3,60,2,1894.23,1888.89,0
13.3022,9,27,1502.11,1357.52,0,0,0,1,1,32,0.15,3,60,2,1742.39,958.375,0
13.3037,11,12,1910.51,833.582,16.62,2.61833,0,1,1,32,0.15,3,60,2,1275.88,1298.01,0
13.3133,24,28,1717.35,1273.48,0,0,0,1,1,32,0.15,3,60,2,2293.25,1877.18,0
13.3148,26,27,1501.03,1354.51,0,0,0,1,1,32,0.15,3,60,2,1989.18,2222.24,0
13.317,29,27,1650.21,1219.74,0,0,0,1,1,32,0.15,3,60,2,1558.61,1589.24,0
13.3348,53,20,1724.98,976.04,0,0,0,1,1,32,0.15,3,60,2,1223.22,2090.82,0
13.337,56,20,1785.49,1041.14,0,0,0,1,1,32,0.15,3,60,2,1663.42,1237.34,0
13.34,60,19,1497.15,1007.14,0,0,0,0,0,0,0,3,60,0,1602.31,1786.36,0
13.3437,65,20,1719.13,979.98,0,0,0,1,1,32,0.15,3,60,2,1431.33,994.63,0
13.3481,71,18,1431.33,994.63,0,0,0,0,0,0,0,3,60,0,1438.23,995.98,0
13.3533,78,18,1445.12,997.33,0,0,0,0,0,64,0.05,3,60,0,1299.94,1284.72,0
13.3541,79,19,1587,1105.62,0,0,0,0,0,64,0.05,3,60,0,1833.08,1765.78,0
13.3644,93,19,1490.23,1006.13,0,0,0,0,0,0,0,3,60,0,2006.09,1883.84,21.49
13.3659,95,26,1266.23,1300.68,0,0,0,1,1,32,0.15,3,60,2,1418.07,805.78,0
13.3667,96,19,1583.37,1099.64,0,0,0,0,0,0,0,3,60,0,1198.51,1398.34,0
13.3704,101,10,1418.07,805.78,0,0,0,1,1,32,0.15,3,60,2,1730.82,941.03,0
13.377,110,11,1502.08,770.408,12.87,-1.34749,0,0,0,0,0,3,60,0,1705.6,1277.65,0
13.3807,115,21,2067.02,1044.35,0,0,0,0,0,0,0,3,60,0,1462.3,1001.73,0
13.3815,116,28,1705.6,1277.65,0,0,0,1,1,32,0.15,3,60,2,1884.63,2081.28,3.09
13.3896,127,46,2321.23,1878.77,0,0,0,0,0,0,0,3,60,0,1301.91,1280.86,0
13.3911,129,19,1459.93,998.13,0,0,0,0,0,0,0,3,60,0,2305.76,1155.44,0
13.3919,130,45,2094.19,1871.45,0,0,0,1,1,32,0.15,3,60,2,1894.23,1888.89,0
13.4022,9,27,1502.11,1357.52,0,0,0,1,1,32,0.15,3,60,2,1742.39,958.375,0
13.4037,11,12,1909.07,834.413,16.62,2.61833,0,1,1,32,0.15,3,60,2,1275.88,1298.01,0
13.4133,24,28,1717.35,1273.48,0,0,0,1,1,32,0.15,3,60,2,2293.25,1877.18,0
13.4148,26,27,1501.03,1354.51,0,0,0,1,1,32,0.15,3,60,2,1989.18,2222.24,0
13.417,29,27,1650.21,1219.74,0,0,0,1,1,32,0.15,3,60,2,1558.61,1589.24,0
13.4348,53,20,1724.98,976.04,0,0,0,1,1,32,0.15,3,60,2,1223.22,2090.82,0
13.437,56,20,1785.49,1041.14,0,0,0,1,1,32,0.15,3,60,2,1663.42,1237.34,0
13.44,60,19,1497.15,1007.14,0,0,0,0,0,0,0,3,60,0,1602.31,1786.36,0
13.4437,65,20,1719.13,979.98,0,0,0,1,1,32,0.15,3,60,2,1431.33,994.63,0
13.4481,71,18,1431.33,994.63,0,0,0,0,0,0,0,3,60,0,1438.23,995.98,0
13.4533,78,18,1445.12,997.33,0,0,0,0,0,64,0.05,3,60,0,1299.94,1284.72,0
13.4541,79,19,1587,1105.62,0,0,0,0,0,64,0.05,3,60,0,1833.08,1765.78,0
13.4644,93,19,1490.23,1006.13,0,0,0,0,0,0,0,3,60,0,2008.24,1883.72,21.49
13.4659,95,26,1266.23,1300.68,0,0,0,1,1,32,0.15,3,60,2,1418.07,805.78,0
13.4667,96,19,1583.37,1099.64,0,0,0,0,0,0,0,3,60,0,1198.51,1398.34,0
13.4704,101,10,1418.07,805.78,0,0,0,1,1,32,0.15,3,60,2,1730.82,941.03,0
13.477,110,11,1502.37,769.153,12.87,-1.34749,0,0,0,0,0,3,60,0,1705.6,1277.65,0
13.4807,115,21,2067.02,1044.35,0,0,0,0,0,0,0,3,60,0,1462.3,1001.73,0
13.4815,116,28,1705.6,1277.65,0,0,0,1,1,32,0.15,3,60,2,1884.58,2080.98,3.09
13.4896,127,46,2321.23,1878.77,0,0,0,0,0,0,0,3,60,0,1301.91,1280.86,0
13.4911,129,19,1459.93,998.13,0,0,0,0,0,0,0,3,60,0,2305.76,1155.44,0
13.4919,130,45,2094.19,1871.45,0,0,0,1,1,32,0.15,3,60,2,1894.23,1888.89,0
13.5022,9,27,1502.11,1357.52,0,0,0,1,1,32,0.15,3,60,2,1742.39,958.375,0
13.5037,11,12,1907.63,835.243,16.62,2.61833,0,1,1,32,0.15,3,60,2,1275.88,1298.01,0
13.5133,24,28,1717.35,1273.48,0,0,0,1,1,32,0.15,3,60,2,2293.25,1877.18,0
13.5148,26,27,1501.03,1354.51,0,0,0,1,1,32,0.15,3,60,2,1989.18,2222.24,0
13.517,29,27,1650.21,1219.74,0,0,0,1,1,32,0.15,3,60,2,1558.61,1589.24,0
13.5348,53,20,1724.98,976.04,0,0,0,1,1,32,0.15,3,60,2,1223.22,2090.82,0
13.537,56,20,1785.49,1041.14,0,0,0,1,1,32,0.15,3,60,2,1663.42,1237.34,0
13.54,60,19,1497.15,1007.14,0,0,0,0,0,0,0,3,60,0,1602.31,1786.36,0
13.5437,65,20,1719.13,979.98,0,0,0,1,1,32,0.15,3,60,2,1431.33,994.63,0
13.5481,71,18,1431.33,994.63,0,0,0,0,0,0,0,3,60,0,1438.23,995.98,0
13.5533,78,18,1445.12,997.33,0,0,0,0,0,64,0.05,3,60,0,1299.94,1284.72,0
13.5541,79,19,1587,1105.62,0,0,0,0,0,64,0.05,3,60,0,1833.08,1765.78,0
13.5644,93,19,1490.23,1006.13,0,0,0,0,0,0,0,3,60,0,2010.38,1883.6,21.49
13.5659,95,26,1266.23,1300.68,0,0,0,1,1,32,0.15,3,60,2,1418.07,805.78,0
13.5667,96,19,1583.37,1099.64,0,0,0,0,0,0,0,3,60,0,1198.51,1398.34,0
13.5704,101,10,1418.07,805.78,0,0,0,1,1,32,0.15,3,60,2,1730.82,941.03,0
13.577,110,11,1502.65,767.898,12.87,-1.34749,0,0,0,0,0,3,60,0,1705.6,1277.65,0
13.5807,115,21,2067.02,1044.35,0,0,0,0,0,0,0,3,60,0,1462.3,1001.73,0
13.5815,116,28,1705.6,1277.65,0,0,0,1,1,32,0.15,3,60,2,1884.53,2080.67,3.09
13.5896,127,46,2321.23,1878.77,0,0,0,0,0,0,0,3,60,0,1301.91,1280.86,0
13.5911,129,19,1459.93,998.13,0,0,0,0,0,0,0,3,60,0,2305.76,1155.44,0
13.5919,130,45,2094.19,1871.45,0,0,0,1,1,32,0.15,3,60,2,1894.23,1888.89,0
13.6022,9,27,1502.11,1357.52,0,0,0,1,1,32,0.15,3,60,2,1742.39,958.375,0
13.6037,11,12,1906.19,836.074,16.62,2.61833,0,1,1,32,0.15,3,60,2,1275.88,1298.01,0
13.6133,24,28,1717.35,1273.48,0,0,0,1,1,32,0.15,3,60,2,2293.25,1877.18,0
13.6148,26,27,1501.03,1354.51,0,0,0,1,1,32,0.15,3,60,2,1989.18,2222.24,0
13.617,29,27,1650.21,1219.74,0,0,0,1,1,32,0.15,3,60,2,1558.61,1589.24,0
13.6348,53,20,1724.98,976.04,0,0,0,1,1,32,0.15,3,60,2,1223.22,2090.82,0
13.637,56,20,1785.49,1041.14,0,0,0,1,1,32,0.15,3,60,2,1663.42,1237.34,0
13.64,60,19,1497.15,1007.14,0,0,0,0,0,0,0,3,60,0,1602.31,1786.36,0
13.6437,65,20,1719.13,979.98,0,0,0,1,1,32,0.15,3,60,2,1431.33,994.63,0
13.6481,71,18,1431.33,994.63,0,0,0,0,0,0,0,3,60,0,1438.23,995.98,0
13.6533,78,18,1445.12,997.33,0,0,0,0,0,64,0.05,3,60,0,1299.94,1284.72,0
13.6541,79,19,1587,1105.62,0,0,0,0,0,64,0.05,3,60,0,1833.08,1765.78,0
13.6644,93,19,1490.23,1006.13,0,0,0,0,0,0,0,3,60,0,2012.53,1883.48,21.49
13.6659,95,26,1266.23,1300.68,0,0,0,1,1,32,0.15,3,60,2,1418.07,805.78,0
13.6667,96,19,1583.37,1099.64,0,0,0,0,0,0,0,3,60,0,1198.51,1398.34,0
13.6704,101,10,1418.07,805.78,0,0,0,1,1,32,0.15,3,60,2,1730.82,941.03,0
13.677,110,11,1502.94,766.643,12.87,-1.34749,0,0,0,0,0,3,60,0,1705.6,1277.65,0
13.6807,115,21,2067.02,1044.35,0,0,0,0,0,0,0,3,60,0,1462.3,1001.73,0
13.6815,116,28,1705.6,1277.65,0,0,0,1,1,32,0.15,3,60,2,1884.48,2080.37,3.09
13.6896,127,46,2321.23,1878.77,0,0,0,0,0,0,0,3,60,0,1301.91,1280.86,0
13.6911,129,19,1459.93,998.13,0,0,0,0,0,0,0,3,60,0,2305.76,1155.44,0
13.6919,130,45,2094.19,1871.45,0,0,0,1,1,32,0.15,3,60,2,1894.23,1888.89,0
13.7022,9,27,1502.11,1357.52,0,0,0,1,1,32,0.15,3,60,2,1742.39,958.375,0
13.7037,11,12,1904.75,836.904,16.62,2.61833,0,1,1,32,0.15,3,60,2,1275.88,1298.01,0
13.7133,24,28,1717.35,1273.48,0,0,0,1,1,32,0.15,3,60,2,2293.25,1877.18,0
13.7148,26,27,1501.03,1354.51,0,0,0,1,1,32,0.15,3,60,2,1989.18,2222.24,0
13.717,29,27,1650.21,1219.74,0,0,0,1,1,32,0.15,3,60,2,1558.61,1589.24,0
13.7348,53,20,1724.98,976.04,0,0,0,1,1,32,0.15,3,60,2,1223.22,2090.82,0
13.737,56,20,1785.49,1041.14,0,0,0,1,1,32,0.15,3,60,2,1663.42,1237.34,0
13.74,60,19,1497.15,1007.14,0,0,0,0,0,0,0,3,60,0,1602.31,1786.36,0
13.7437,65,20,1719.13,979.98,0,0,0,1,1,32,0.15,3,60,2,1431.33,994.63,0
13.7481,71,18,1431.33,994.63,0,0,0,0,0,0,0,3,60,0,1438.23,995.98,0
13.7533,78,18,1445.12,997.33,0,0,0,0,0,64,0.05,3,60,0,1299.94,1284.72,0
13.7541,79,19,1587,1105.62,0,0,0,0,0,64,0.05,3,60,0,1833.08,1765.78,0
13.7644,93,19,1490.23,1006.13,0,0,0,0,0,0,0,3,60,0,2014.67,1883.36,21.49
13.7659,95,26,1266.23,1300.68,0,0,0,1,1,32,0.15,3,60,2,1418.07,805.78,0
13.7667,96,19,1583.37,1099.64,0,0,0,0,0,0,0,3,60,0,1198.51,1398.34,0
13.7704,101,10,1418.07,805.78,0,0,0,1,1,32,0.15,3,60,2,1730.82,941.03,0
13.777,110,11,1503.22,765.388,12.87,-1.34749,0,0,0,0,0,3,60,0,1705.6,1277.65,0
13.7807,115,21,2067.02,1044.35,0,0,0,0,0,0,0,3,60,0,1462.3,1001.73,0
13.7815,116,28,1705.6,1277.65,0,0,0,1,1,32,0.15,3,60,2,1884.43,2080.06,3.09
13.7896,127,46,2321.23,1878.77,0,0,0,0,0,0,0,3,60,0,1301.91,1280.86,0
13.7911,129,19,1459.93,998.13,0,0,0,0,0,0,0,3,60,0,2305.76,1155.44,0
13.7919,130,45,2094.19,1871.45,0,0,0,1,1,32,0.15,3,60,2,1894.23,1888.89,0
13.8022,9,27,1502.11,1357.52,0,0,0,1,1,32,0.15,3,60,2,1742.39,958.375,0
13.8037,11,12,1903.31,837.735,16.62,2.61833,0,1,1,32,0.15,3,60,2,1275.88,1298.01,0
13.8133,24,28,1717.35,1273.48,0,0,0,1,1,32,0.15,3,60,2,2293.25,1877.18,0
13.8148,26,27,1501.03,1354.51,0,0,0,1,1,32,0.15,3,60,2,1989.18,2222.24,0
13.817,29,27,1650.21,1219.74,0,0,0,1,1,32,0.15,3,60,2,1558.61,1589.24,0
13.8348,53,20,1724.98,976.04,0,0,0,1,1,32,0.15,3,60,2,1223.22,2090.82,0
13.837,56,20,1785.49,1041.14,0,0,0,1,1,32,0.15,3,60,2,1663.42,1237.34,0
13.84,60,19,1497.15,1007.14,0,0,0,0,0,0,0,3,60,0,1602.31,1786.36,0
13.8437,65,20,1719.13,979.98,0,0,0,1,1,32,0.15,3,60,2,1431.33,994.63,0
13.8481,71,18,1431.33,994.63,0,0,0,0,0,0,0,3,60,0,1438.23,995.98,0
13.8533,78,18,1445.12,997.33,0,0,0,0,0,64,0.05,3,60,0,1299.94,1284.72,0
13.8541,79,19,1587,1105.62,0,0,0,0,0,64,0.05,3,60,0,1833.08,1765.78,0
13.8644,93,19,1490.23,1006.13,0,0,0,0,0,0,0,3,60,0,2016.82,1883.24,21.49
13.8659,95,26,1266.23,1300.68,0,0,0,1,1,32,0.15,3,60,2,1418.07,805.78,0
13.8667,96,19,1583.37,1099.64,0,0,0,0,0,0,0,3,60,0,1198.51,1398.34,0
13.8704,101,10,1418.07,805.78,0,0,0,1,1,32,0.15,3,60,2,1730.82,941.03,0
13.877,110,11,1503.51,764.133,12.87,-1.34749,0,0,0,0,0,3,60,0,1705.6,1277.65,0
13.8807,115,21,2067.02,1044.35,0,0,0,0,0,0,0,3,60,0,1462.3,1001.73,0
13.8815,116,28,1705.6,1277.65,0,0,0,1,1,32,0.15,3,60,2,1884.38,2079.76,3.09
13.8896,127,46,2321.23,1878.77,0,0,0,0,0,0,0,3,60,0,1301.91,1280.86,0
13.8911,129,19,1459.93,998.13,0,0,0,0,0,0,0,3,60,0,2305.76,1155.44,0
13.8919,130,45,2094.19,1871.45,0,0,0,1,1,32,0.15,3,60,2,1894.23,1888.89,0
13.9022,9,27,1502.11,1357.52,0,0,0,1,1,32,0.15,3,60,2,1742.39,958.375,0
13.9037,11,12,1901.87,838.565,16.62,2.61833,0,1,1,32,0.15,3,60,2,1275.88,1298.01,0
13.9133,24,28,1717.35,1273.48,0,0,0,1,1,32,0.15,3,60,2,2293.25,1877.18,0
13.9148,26,27,1501.03,1354.51,0,0,0,1,1,32,0.15,3,60,2,1989.18,2222.24,0
13.917,29,27,1650.21,1219.74,0,0,0,1,1,32,0.15,3,60,2,1558.61,1589.24,0
13.9348,53,20,1724.98,976.04,0,0,0,1,1,32,0.15,3,60,2,1223.22,2090.82,0
13.937,56,20,1785.49,1041.14,0,0,0,1,1,32,0.15,3,60,2,1663.42,1237.34,0
13.94,60,19,1497.15,1007.14,0,0,0,0,0,0,0,3,60,0,1602.31,1786.36,0
13.9437,65,20,1719.13,979.98,0,0,0,1,1,32,0.15,3,60,2,1431.33,994.63,0
13.9481,71,18,1431.33,994.63,0,0,0,0,0,0,0,3,60,0,1438.23,995.98,0
13.9533,78,18,1445.12,997.33,0,0,0,0,0,64,0.05,3,60,0,1299.94,1284.72,0
13.9541,79,19,1587,1105.62,0,0,0,0,0,64,0.05,3,60,0,1833.08,1765.78,0
13.9644,93,19,1490.23,1006.13,0,0,0,0,0,0,0,3,60,0,2018.97,1883.12,21.49
13.9659,95,26,1266.23,1300.68,0,0,0,1,1,32,0.15,3,60,2,1418.07,805.78,0
13.9667,96,19,1583.37,1099.64,0,0,0,0,0,0,0,3,60,0,1198.51,1398.34,0
13.9704,101,10,1418.07,805.78,0,0,0,1,1,32,0.15,3,60,2,1730.82,941.03,0
13.977,110,11,1503.79,762.878,12.87,-1.34749,0,0,0,0,0,3,60,0,1705.6,1277.65,0
13.9807,115,21,2067.02,1044.35,0,0,0,0,0,0,0,3,60,0,1462.3,1001.73,0
13.9815,116,28,1705.6,1277.65,0,0,0,1,1,32,0.15,3,60,2,1884.33,2079.45,3.09
13.9896,127,46,2321.23,1878.77,0,0,0,0,0,0,0,3,60,0,1301.91,1280.86,0
13.9911,129,19,1459.93,998.13,0,0,0,0,0,0,0,3,60,0,2305.76,1155.44,0
13.9919,130,45,2094.19,1871.45,0,0,0,1,1,32,0.15,3,60,2,1894.23,1888.89,0
14.0022,9,27,1502.11,1357.52,0,0,0,1,1,32,0.15,3,60,2,1742.39,958.375,0
14.0037,11,12,1900.46,839.38,16.19,2.61815,-4.3,1,1,36,0.25,3,60,2,1275.88,1298.01,0
14.0133,24,28,1717.35,1273.48,0,0,0,1,1,32,0.15,3,60,2,2293.25,1877.18,0
14.0148,26,27,1501.03,1354.51,0,0,0,1,1,32,0.15,3,60,2,1989.18,2222.24,0
14.017,29,27,1650.21,1219.74,0,0,0,1,1,32,0.15,3,60,2,1558.61,1589.24,0
14.0348,53,20,1724.98,976.04,0,0,0,1,1,32,0.15,3,60,2,1223.22,2090.82,0
14.037,56,20,1785.49,1041.14,0,0,0,1,1,32,0.15,3,60,2,1663.42,1237.34,0
14.04,60,19,1497.15,1007.14,0,0,0,0,0,0,0,3,60,0,1602.31,1786.36,0
14.0437,65,20,1719.13,979.98,0,0,0,1,1,32,0.15,3,60,2,1431.33,994.63,0
14.0481,71,18,1431.33,994.63,0,0,0,0,0,0,0,3,60,0,1438.23,995.98,0
14.0533,78,18,1445.12,997.33,0,0,0,0,0,64,0.05,3,60,0,1299.94,1284.72,0
14.0541,79,19,1587,1105.62,0,0,0,0,0,64,0.05,3,60,0,1833.08,1765.78,0
14.0644,93,19,1490.23,1006.13,0,0,0,0,0,0,0,3,60,0,2020.84,1883.05,18.18
14.0659,95,26,1266.23,1300.68,0,0,0,1,1,32,0.15,3,60,2,1418.07,805.78,0
14.0667,96,19,1583.37,1099.64,0,0,0,0,0,0,0,3,60,0,1198.51,1398.34,0
14.0704,101,10,1418.07,805.78,0,0,0,1,1,32,0.15,3,60,2,1730.82,941.03,0
14.077,110,11,1504.09,761.595,13.24,-1.34688,3.7,0,0,0,0,3,60,0,1705.6,1277.65,0
14.0807,115,21,2067.02,1044.35,0,0,0,0,0,0,0,3,60,0,1462.3,1001.73,0
14.0815,116,28,1705.6,1277.65,0,0,0,1,1,32,0.15,3,60,2,1884.32,2079.4,0.02
14.0896,127,46,2321.23,1878.77,0,0,0,0,0,0,0,3,60,0,1301.91,1280.86,0
14.0911,129,19,1459.93,998.13,0,0,0,0,0,0,0,3,60,0,2305.76,1155.44,0
14.0919,130,45,2094.19,1871.45,0,0,0,1,1,32,0.15,3,60,2,1894.23,1888.89,0
14.1022,9,27,1502.11,1357.52,0,0,0,1,1,32,0.15,3,60,2,1742.39,958.375,0
14.1037,11,12,1899.06,840.189,16.19,2.61815,0,1,1,32,0.15,3,60,2,1275.88,1298.01,0
14.1133,24,28,1717.35,1273.48,0,0,0,1,1,32,0.15,3,60,2,2293.25,1877.18,0
14.1148,26,27,1501.03,1354.51,0,0,0,1,1,32,0.15,3,60,2,1989.18,2222.24,0
14.117,29,27,1650.21,1219.74,0,0,0,1,1,32,0.15,3,60,2,1558.61,1589.24,0
14.1348,53,20,1724.98,976.04,0,0,0,1,1,32,0.15,3,60,2,1223.22,2090.82,0
14.137,56,20,1785.49,1041.14,0,0,0,1,1,32,0.15,3,60,2,1663.42,1237.34,0
14.14,60,19,1497.15,1007.14,0,0,0,0,0,0,0,3,60,0,1602.31,1786.36,0
14.1437,65,20,1719.13,979.98,0,0,0,1,1,32,0.15,3,60,2,1431.33,994.63,0
14.1481,71,18,1431.33,994.63,0,0,0,0,0,0,0,3,60,0,1438.23,995.98,0
14.1533,78,18,1445.12,997.33,0,0,0,0,0,64,0.05,3,60,0,1299.94,1284.72,0
14.1541,79,19,1587,1105.62,0,0,0,0,0,64,0.05,3,60,0,1833.08,1765.78,0
14.1644,93,19,1490.23,1006.13,0,0,0,0,0,0,0,3,60,0,2022.66,1883,18.18
14.1659,95,26,1266.23,1300.68,0,0,0,1,1,32,0.15,3,60,2,1418.07,805.78,0
14.1667,96,19,1583.37,1099.64,0,0,0,0,0,0,0,3,60,0,1198.51,1398.34,0
14.1704,101,10,1418.07,805.78,0,0,0,1,1,32,0.15,3,60,2,1730.82,941.03,0
14.177,110,11,1504.38,760.305,13.24,-1.34688,0,0,0,0,0,3,60,0,1705.6,1277.65,0
14.1807,115,21,2067.02,1044.35,0,0,0,0,0,0,0,3,60,0,1462.3,1001.73,0
14.1815,116,28,1705.6,1277.65,0,0,0,1,1,32,0.15,3,60,2,1884.32,2079.4,0.02
14.1896,127,46,2321.23,1878.77,0,0,0,0,0,0,0,3,60,0,1301.91,1280.86,0
14.1911,129,19,1459.93,998.13,0,0,0,0,0,0,0,3,60,0,2305.76,1155.44,0
14.1919,130,45,2094.19,1871.45,0,0,0,1,1,32,0.15,3,60,2,1894.23,1888.89,0
14.2022,9,27,1502.11,1357.52,0,0,0,1,1,32,0.15,3,60,2,1742.39,958.375,0
14.2037,11,12,1897.65,840.999,16.19,2.61815,0,1,1,32,0.15,3,60,2,1275.88,1298.01,0
14.2133,24,28,1717.35,1273.48,0,0,0,1,1,32,0.15,3,60,2,2293.25,1877.18,0
14.2148,26,27,1501.03,1354.51,0,0,0,1,1,32,0.15,3,60,2,1989.18,2222.24,0
14.217,29,27,1650.21,1219.74,0,0,0,1,1,32,0.15,3,60,2,1558.61,1589.24,0
14.2348,53,20,1724.98,976.04,0,0,0,1,1,32,0.15,3,60,2,1223.22,2090.82,0
14.237,56,20,1785.49,1041.14,0,0,0,1,1,32,0.15,3,60,2,1663.42,1237.34,0
14.24,60,19,1497.15,1007.14,0,0,0,0,0,0,0,3,60,0,1602.31,1786.36,0
14.2437,65,20,1719.13,979.98,0,0,0,1,1,32,0.15,3,60,2,1431.33,994.63,0
14.2481,71,18,1431.33,994.63,0,0,0,0,0,0,0,3,60,0,1438.23,995.98,0
14.2533,78,18,1445.12,997.33,0,0,0,0,0,64,0.05,3,60,0,1299.94,1284.72,0
14.2541,79,19,1587,1105.62,0,0,0,0,0,64,0.05,3,60,0,1833.08,1765.78,0
14.2644,93,19,1490.23,1006.13,0,0,0,0,0,0,0,3,60,0,2024.48,1882.96,18.18
14.2659,95,26,1266.23,1300.68,0,0,0,1,1,32,0.15,3,60,2,1418.07,805.78,0
14.2667,96,19,1583.37,1099.64,0,0,0,0,0,0,0,3,60,0,1198.51,1398.34,0
14.2704,101,10,1418.07,805.78,0,0,0,1,1,32,0.15,3,60,2,1730.82,941.03,0
14.277,110,11,1504.67,759.014,13.24,-1.34688,0,0,0,0,0,3,60,0,1705.6,1277.65,0
14.2807,115,21,2067.02,1044.35,0,0,0,0,0,0,0,3,60,0,1462.3,1001.73,0
14.2815,116,28,1705.6,1277.65,0,0,0,1,1,32,0.15,3,60,2,1884.32,2079.39,0.02
14.2896,127,46,2321.23,1878.77,0,0,0,0,0,0,0,3,60,0,1301.91,1280.86,0
14.2911,129,19,1459.93,998.13,0,0,0,0,0,0,0,3,60,0,2305.76,1155.44,0
14.2919,130,45,2094.19,1871.45,0,0,0,1,1,32,0.15,3,60,2,1894.23,1888.89,0
14.3022,9,27,1502.11,1357.52,0,0,0,1,1,32,0.15,3,60,2,1742.39,958.375,0
14.3037,11,12,1896.25,841.808,16.19,2.61815,0,1,1,32,0.15,3,60,2,1275.88,1298.01,0
14.3133,24,28,1717.35,1273.48,0,0,0,1,1,32,0.15,3,60,2,2293.25,1877.18,0
14.3148,26,27,1501.03,1354.51,0,0,0,1,1,32,0.15,3,60,2,1989.18,2222.24,0
14.317,29,27,1650.21,1219.74,0,0,0,1,1,32,0.15,3,60,2,1558.61,1589.24,0
14.3348,53,20,1724.98,976.04,0,0,0,1,1,32,0.15,3,60,2,1223.22,2090.82,0
14.337,56,20,1785.49,1041.14,0,0,0,1,1,32,0.15,3,60,2,1663.42,1237.34,0
14.34,60,19,1497.15,1007.14,0,0,0,0,0,0,0,3,60,0,1602.31,1786.36,0
14.3437,65,20,1719.13,979.98,0,0,0,1,1,32,0.15,3,60,2,1431.33,994.63,0
14.3481,71,18,1431.33,994.63,0,0,0,0,0,0,0,3,60,0,1438.23,995.98,0
14.3533,78,18,1445.12,997.33,0,0,0,0,0,64,0.05,3,60,0,1299.94,1284.72,0
14.3541,79,19,1587,1105.62,0,0,0,0,0,64,0.05,3,60,0,1833.08,1765.78,0
14.3644,93,19,1490.23,1006.13,0,0,0,0,0,0,0,3,60,0,2026.3,1882.91,18.18
14.3659,95,26,1266.23,1300.68,0,0,0,1,1,32,0.15,3,60,2,1418.07,805.78,0
14.3667,96,19,1583.37,1099.64,0,0,0,0,0,0,0,3,60,0,1198.51,1398.34,0
14.3704,101,10,1418.07,805.78,0,0,0,1,1,32,0.15,3,60,2,1730.82,941.03,0
14.377,110,11,1504.97,757.723,13.24,-1.34688,0,0,0,0,0,3,60,0,1705.6,1277.65,0
14.3807,115,21,2067.02,1044.35,0,0,0,0,0,0,0,3,60,0,1462.3,1001.73,0
14.3815,116,28,1705.6,1277.65,0,0,0,1,1,32,0.15,3,60,2,1884.32,2079.39,0.02
14.3896,127,46,2321.23,1878.77,0,0,0,0,0,0,0,3,60,0,1301.91,1280.86,0
14.3911,129,19,1459.93,998.13,0,0,0,0,0,0,0,3,60,0,2305.76,1155.44,0
14.3919,130,45,2094.19,1871.45,0,0,0,1,1,32,0.15,3,60,2,1894.23,1888.89,0
14.4022,9,27,1502.11,1357.52,0,0,0,1,1,32,0.15,3,60,2,1742.39,958.375,0
14.4037,11,12,1894.85,842.617,16.19,2.61815,0,1,1,32,0.15,3,60,2,1275.88,1298.01,0
14.4133,24,28,1717.35,1273.48,0,0,0,1,1,32,0.15,3,60,2,2293.25,1877.18,0
14.4148,26,27,1501.03,1354.51,0,0,0,1,1,32,0.15,3,60,2,1989.18,2222.24,0
14.417,29,27,1650.21,1219.74,0,0,0,1,1,32,0.15,3,60,2,1558.61,1589.24,0
14.4348,53,20,1724.98,976.04,0,0,0,1,1,32,0.15,3,60,2,1223.22,2090.82,0
14.437,56,20,1785.49,1041.14,0,0,0,1,1,32,0.15,3,60,2,1663.42,1237.34,0
14.44,60,19,1497.15,1007.14,0,0,0,0,0,0,0,3,60,0,1602.31,1786.36,0
14.4437,65,20,1719.13,979.98,0,0,0,1,1,32,0.15,3,60,2,1431.33,994.63,0
14.4481,71,18,1431.33,994.63,0,0,0,0,0,0,0,3,60,0,1438.23,995.98,0
14.4533,78,18,1445.12,997.33,0,0,0,0,0,64,0.05,3,60,0,1299.94,1284.72,0
14.4541,79,19,1587,1105.62,0,0,0,0,0,64,0.05,3,60,0,1833.08,1765.78,0
14.4644,93,19,1490.23,1006.13,0,0,0,0,0,0,0,3,60,0,2028.11,1882.86,18.18
14.4659,95,26,1266.23,1300.68,0,0,0,1,1,32,0.15,3,60,2,1418.07,805.78,0
14.4667,96,19,1583.37,1099.64,0,0,0,0,0,0,0,3,60,0,1198.51,1398.34,0
14.4704,101,10,1418.07,805.78,0,0,0,1,1,32,0.15,3,60,2,1730.82,941.03,0
14.477,110,11,1505.26,756.432,13.24,-1.34688,0,0,0,0,0,3,60,0,1705.6,1277.65,0
14.4807,115,21,2067.02,1044.35,0,0,0,0,0,0,0,3,60,0,1462.3,1001.73,0
14.4815,116,28,1705.6,1277.65,0,0,0,1,1,32,0.15,3,60,2,1884.32,2079.39,0.02
14.4896,127,46,2321.23,1878.77,0,0,0,0,0,0,0,3,60,0,1301.91,1280.86,0
14.4911,129,19,1459.93,998.13,0,0,0,0,0,0,0,3,60,0,2305.76,1155.44,0
14.4919,130,45,2094.19,1871.45,0,0,0,1,1,32,0.15,3,60,2,1894.23,1888.89,0
14.5022,9,27,1502.11,1357.52,0,0,0,1,1,32,0.15,3,60,2,1742.39,958.375,0
14.5037,11,12,1893.45,843.426,16.19,2.61815,0,1,1,32,0.15,3,60,2,1275.88,1298.01,0
14.5133,24,28,1717.35,1273.48,0,0,0,1,1,32,0.15,3,60,2,2293.25,1877.18,0
14.5148,26,27,1501.03,1354.51,0,0,0,1,1,32,0.15,3,60,2,1989.18,2222.24,0
14.517,29,27,1650.21,1219.74,0,0,0,1,1,32,0.15,3,60,2,1558.61,1589.24,0
14.5348,53,20,1724.98,976.04,0,0,0,1,1,32,0.15,3,60,2,1223.22,2090.82,0
14.537,56,20,1785.49,1041.14,0,0,0,1,1,32,0.15,3,60,2,1663.42,1237.34,0
14.54,60,19,1497.15,1007.14,0,0,0,0,0,0,0,3,60,0,1602.31,1786.36,0
14.5437,65,20,1719.13,979.98,0,0,0,1,1,32,0.15,3,60,2,1431.33,994.63,0
14.5481,71,18,1431.33,994.63,0,0,0,0,0,0,0,3,60,0,1438.23,995.98,0
14.5533,78,18,1445.12,997.33,0,0,0,0,0,64,0.05,3,60,0,1299.94,1284.72,0
14.5541,79,19,1587,1105.62,0,0,0,0,0,64,0.05,3,60,0,1833.08,1765.78,0
14.5644,93,19,1490.23,1006.13,0,0,0,0,0,0,0,3,60,0,2029.93,1882.81,18.18
14.5659,95,26,1266.23,1300.68,0,0,0,1,1,32,0.15,3,60,2,1418.07,805.78,0
14.5667,96,19,1583.37,1099.64,0,0,0,0,0,0,0,3,60,0,1198.51,1398.34,0
14.5704,101,10,1418.07,805.78,0,0,0,1,1,32,0.15,3,60,2,1730.82,941.03,0
14.577,110,11,1505.56,755.141,13.24,-1.34688,0,0,0,0,0,3,60,0,1705.6,1277.65,0
14.5807,115,21,2067.02,1044.35,0,0,0,0,0,0,0,3,60,0,1462.3,1001.73,0
14.5815,116,28,1705.6,1277.65,0,0,0,1,1,32,0.15,3,60,2,1884.32,2079.39,0.02
14.5896,127,46,2321.23,1878.77,0,0,0,0,0,0,0,3,60,0,1301.91,1280.86,0
14.5911,129,19,1459.93,998.13,0,0,0,0,0,0,0,3,60,0,2305.76,1155.44,0
14.5919,130,45,2094.19,1871.45,0,0,0,1,1,32,0.15,3,60,2,1894.23,1888.89,0
14.6022,9,27,1502.11,1357.52,0,0,0,1,1,32,0.15,3,60,2,1742.39,958.375,0
14.6037,11,12,1892.04,844.236,16.19,2.61815,0,1,1,32,0.15,3,60,2,1275.88,1298.01,0
14.6133,24,28,1717.35,1273.48,0,0,0,1,1,32,0.15,3,60,2,2293.25,1877.18,0
14.6148,26,27,1501.03,1354.51,0,0,0,1,1,32,0.15,3,60,2,1989.18,2222.24,0
14.617,29,27,1650.21,1219.74,0,0,0,1,1,32,0.15,3,60,2,1558.61,1589.24,0
14.6348,53,20,1724.98,976.04,0,0,0,1,1,32,0.15,3,60,2,1223.22,2090.82,0
14.637,56,20,1785.49,1041.14,0,0,0,1,1,32,0.15,3,60,2,1663.42,1237.34,0
14.64,60,19,1497.15,1007.14,0,0,0,0,0,0,0,3,60,0,1602.31,1786.36,0
14.6437,65,20,1719.13,979.98,0,0,0,1,1,32,0.15,3,60,2,1431.33,994.63,0
14.6481,71,18,1431.33,994.63,0,0,0,0,0,0,0,3,60,0,1438.23,995.98,0
14.6533,78,18,1445.12,997.33,0,0,0,0,0,64,0.05,3,60,0,1299.94,1284.72,0
14.6541,79,19,1587,1105.62,0,0,0,0,0,64,0.05,3,60,0,1833.08,1765.78,0
14.6644,93,19,1490.23,1006.13,0,0,0,0,0,0,0,3,60,0,2031.75,1882.77,18.18
14.6659,95,26,1266.23,1300.68,0,0,0,1,1,32,0.15,3,60,2,1418.07,805.78,0
14.6667,96,19,1583.37,1099.64,0,0,0,0,0,0,0,3,60,0,1198.51,1398.34,0
14.6704,101,10,1418.07,805.78,0,0,0,1,1,32,0.15,3,60,2,1730.82,941.03,0
14.677,110,11,1505.85,753.85,13.24,-1.34688,0,0,0,0,0,3,60,0,1705.6,1277.65,0
14.6807,115,21,2067.02,1044.35,0,0,0,0,0,0,0,3,60,0,1462.3,1001.73,0
14.6815,116,28,1705.6,1277.65,0,0,0,1,1,32,0.15,3,60,2,1884.32,2079.39,0.02
14.6896,127,46,2321.23,1878.77,0,0,0,0,0,0,0,3,60,0,1301.91,1280.86,0
14.6911,129,19,1459.93,998.13,0,0,0,0,0,0,0,3,60,0,2305.76,1155.44,0
14.6919,130,45,2094.19,1871.45,0,0,0,1,1,32,0.15,3,60,2,1894.23,1888.89,0
14.7022,9,27,1502.11,1357.52,0,0,0,1,1,32,0.15,3,60,2,1742.39,958.375,0
14.7037,11,12,1890.64,845.045,16.19,2.61815,0,1,1,32,0.15,3,60,2,1275.88,1298.01,0
14.7133,24,28,1717.35,1273.48,0,0,0,1,1,32,0.15,3,60,2,2293.25,1877.18,0
14.7148,26,27,1501.03,1354.51,0,0,0,1,1,32,0.15,3,60,2,1989.18,2222.24,0
14.717,29,27,1650.21,1219.74,0,0,0,1,1,32,0.15,3,60,2,1558.61,1589.24,0
14.7348,53,20,1724.98,976.04,0,0,0,1,1,32,0.15,3,60,2,1223.22,2090.82,0
14.737,56,20,1785.49,1041.14,0,0,0,1,1,32,0.15,3,60,2,1663.42,1237.34,0
14.74,60,19,1497.15,1007.14,0,0,0,0,0,0,0,3,60,0,1602.31,1786.36,0
14.7437,65,20,1719.13,979.98,0,0,0,1,1,32,0.15,3,60,2,1431.33,994.63,0
14.7481,71,18,1431.33,994.63,0,0,0,0,0,0,0,3,60,0,1438.23,995.98,0
14.7533,78,18,1445.12,997.33,0,0,0,0,0,64,0.05,3,60,0,1299.94,1284.72,0
14.7541,79,19,1587,1105.62,0,0,0,0,0,64,0.05,3,60,0,1833.08,1765.78,0
14.7644,93,19,1490.23,1006.13,0,0,0,0,0,0,0,3,60,0,2033.56,1882.72,18.18
14.7659,95,26,1266.23,1300.68,0,0,0,1,1,32,0.15,3,60,2,1418.07,805.78,0
14.7667,96,19,1583.37,1099.64,0,0,0,0,0,0,0,3,60,0,1198.51,1398.34,0
14.7704,101,10,1418.07,805.78,0,0,0,1,1,32,0.15,3,60,2,1730.82,941.03,0
14.777,110,11,1506.14,752.559,13.24,-1.34688,0,0,0,0,0,3,60,0,1705.6,1277.65,0
14.7807,115,21,2067.02,1044.35,0,0,0,0,0,0,0,3,60,0,1462.3,1001.73,0
14.7815,116,28,1705.6,1277.65,0,0,0,1,1,32,0.15,3,60,2,1884.32,2079.38,0.02
14.7896,127,46,2321.23,1878.77,0,0,0,0,0,0,0,3,60,0,1301.91,1280.86,0
14.7911,129,19,1459.93,998.13,0,0,0,0,0,0,0,3,60,0,2305.76,1155.44,0
14.7919,130,45,2094.19,1871.45,0,0,0,1,1,32,0.15,3,60,2,1894.23,1888.89,0
14.8022,9,27,1502.11,1357.52,0,0,0,1,1,32,0.15,3,60,2,1742.39,958.375,0
14.8037,11,12,1889.24,845.854,16.19,2.61815,0,1,1,32,0.15,3,60,2,1275.88,1298.01,0
14.8133,24,28,1717.35,1273.48,0,0,0,1,1,32,0.15,3,60,2,2293.25,1877.18,0
14.8148,26,27,1501.03,1354.51,0,0,0,1,1,32,0.15,3,60,2,1989.18,2222.24,0
14.817,29,27,1650.21,1219.74,0,0,0,1,1,32,0.15,3,60,2,1558.61,1589.24,0
14.8348,53,20,1724.98,976.04,0,0,0,1,1,32,0.15,3,60,2,1223.22,2090.82,0
14.837,56,20,1785.49,1041.14,0,0,0,1,1,32,0.15,3,60,2,1663.42,1237.34,0
14.84,60,19,1497.15,1007.14,0,0,0,0,0,0,0,3,60,0,1602.31,1786.36,0
14.8437,65,20,1719.13,979.98,0,0,0,1,1,32,0.15,3,60,2,1431.33,994.63,0
14.8481,71,18,1431.33,994.63,0,0,0,0,0,0,0,3,60,0,1438.23,995.98,0
14.8533,78,18,1445.12,997.33,0,0,0,0,0,64,0.05,3,60,0,1299.94,1284.72,0
14.8541,79,19,1587,1105.62,0,0,0,0,0,64,0.05,3,60,0,1833.08,1765.78,0
14.8644,93,19,1490.23,1006.13,0,0,0,0,0,0,0,3,60,0,2035.38,1882.67,18.18
14.8659,95,26,1266.23,1300.68,0,0,0,1,1,32,0.15,3,60,2,1418.07,805.78,0
14.8667,96,19,1583.37,1099.64,0,0,0,0,0,0,0,3,60,0,1198.51,1398.34,0
14.8704,101,10,1418.07,805.78,0,0,0,1,1,32,0.15,3,60,2,1730.82,941.03,0
14.877,110,11,1506.44,751.268,13.24,-1.34688,0,0,0,0,0,3,60,0,1705.6,1277.65,0
14.8807,115,21,2067.02,1044.35,0,0,0,0,0,0,0,3,60,0,1462.3,1001.73,0
14.8815,116,28,1705.6,1277.65,0,0,0,1,1,32,0.15,3,60,2,1884.32,2079.38,0.02
14.8896,127,46,2321.23,1878.77,0,0,0,0,0,0,0,3,60,0,1301.91,1280.86,0
14.8911,129,19,1459.93,998.13,0,0,0,0,0,0,0,3,60,0,2305.76,1155.44,0
14.8919,130,45,2094.19,1871.45,0,0,0,1,1,32,0.15,3,60,2,1894.23,1888.89,0
14.9022,9,27,1502.11,1357.52,0,0,0,1,1,32,0.15,3,60,2,1742.39,958.375,0
14.9037,11,12,1887.84,846.664,16.19,2.61815,0,1,1,32,0.15,3,60,2,1275.88,1298.01,0
14.9133,24,28,1717.35,1273.48,0,0,0,1,1,32,0.15,3,60,2,2293.25,1877.18,0
14.9148,26,27,1501.03,1354.51,0,0,0,1,1,32,0.15,3,60,2,1989.18,2222.24,0
14.917,29,27,1650.21,1219.74,0,0,0,1,1,32,0.15,3,60,2,1558.61,1589.24,0
14.9348,53,20,1724.98,976.04,0,0,0,1,1,32,0.15,3,60,2,1223.22,2090.82,0
14.937,56,20,1785.49,1041.14,0,0,0,1,1,32,0.15,3,60,2,1663.42,1237.34,0
14.94,60,19,1497.15,1007.14,0,0,0,0,0,0,0,3,60,0,1602.31,1786.36,0
14.9437,65,20,1719.13,979.98,0,0,0,1,1,32,0.15,3,60,2,1431.33,994.63,0
14.9481,71,18,1431.33,994.63,0,0,0,0,0,0,0,3,60,0,1438.23,995.98,0
14.9533,78,18,1445.12,997.33,0,0,0,0,0,64,0.05,3,60,0,1299.94,1284.72,0
14.9541,79,19,1587,1105.62,0,0,0,0,0,64,0.05,3,60,0,1833.08,1765.78,0
14.9644,93,19,1490.23,1006.13,0,0,0,0,0,0,0,3,60,0,2037.2,1882.63,18.18
14.9659,95,26,1266.23,1300.68,0,0,0,1,1,32,0.15,3,60,2,1418.07,805.78,0
14.9667,96,19,1583.37,1099.64,0,0,0,0,0,0,0,3,60,0,1198.51,1398.34,0
14.9704,101,10,1418.07,805.78,0,0,0,1,1,32,0.15,3,60,2,1730.82,941.03,0
14.977,110,11,1506.73,749.977,13.24,-1.34688,0,0,0,0,0,3,60,0,1705.6,1277.65,0
14.9807,115,21,2067.02,1044.35,0,0,0,0,0,0,0,3,60,0,1462.3,1001.73,0
14.9815,116,28,1705.6,1277.65,0,0,0,1,1,32,0.15,3,60,2,1884.32,2079.38,0.02
14.9896,127,46,2321.23,1878.77,0,0,0,0,0,0,0,3,60,0,1301.91,1280.86,0
14.9911,129,19,1459.93,998.13,0,0,0,0,0,0,0,3,60,0,2305.76,1155.44,0
14.9919,130,45,2094.19,1871.45,0,0,0,1,1,32,0.15,3,60,2,1894.23,1888.89,0
15.0022,9,27,1502.11,1357.52,1.02,2.7979,10.2,1,1,38,0.35,3,60,2,1742.39,958.375,0
15.0037,11,12,1886.46,847.46,16.24,2.61809,0.5,1,1,32,0.15,3,60,2,1275.88,1298.01,0
15.0133,24,28,1717.35,1273.48,0,0,0,1,1,32,0.15,3,60,2,2293.25,1877.18,0
15.0148,26,27,1501.01,1354.52,1.36,2.79659,13.6,1,1,38,0.35,3,60,2,1989.15,2222.24,2.16
15.017,29,27,1650.23,1219.78,2.5,1.10536,25,1,1,38,0.35,3,60,2,1558.6,1589.2,2.38
15.0348,53,20,1724.98,976.04,0,0,0,1,1,32,0.15,3,60,2,1223.23,2090.9,2.31
15.037,56,20,1785.49,1041.14,0,0,0,1,1,32,0.15,3,60,2,1663.39,1237.28,1.67
15.04,60,19,1497.15,1007.14,0,0,0,0,0,0,0,3,60,0,1602.32,1786.42,1.62
15.0437,65,20,1719.13,979.98,0,0,0,1,1,32,0.15,3,60,2,1431.33,994.63,0
15.0481,71,18,1431.33,994.63,0,0,0,0,0,0,0,3,60,0,1438.23,995.98,0
15.0533,78,18,1445.12,997.33,0,0,0,0,0,64,0.05,3,60,0,1299.94,1284.72,0
15.0541,79,19,1587.07,1105.74,2.53,1.05754,25.3,0,1,70,0.25,3,60,0,1833.06,1765.68,1.91
15.0644,93,19,1490.23,1006.13,0,0,0,0,0,0,0,3,60,0,2038.71,1882.59,14.18
15.0659,95,26,1266.23,1300.68,0,0,0,1,1,32,0.15,3,60,2,1418.07,805.78,0
15.0667,96,19,1583.37,1099.64,0,0,0,0,0,0,0,3,60,0,1198.52,1398.3,0.67
15.0704,101,10,1418.07,805.78,0,0,0,1,1,32,0.15,3,60,2,1730.82,941.03,0
15.077,110,11,1507.03,748.678,13.35,-1.34709,1.1,0,1,128,0.1,3,60,0,1705.51,1277.68,1.19
15.0807,115,21,2067.02,1044.43,0.98,1.50965,9.8,0,1,6,0.2,3,60,0,1462.3,1001.73,0
15.0815,116,28,1705.51,1277.68,1.19,2.82487,11.9,1,1,38,0.35,3,60,2,1884.31,2079.3,1.03
15.0896,127,46,2321.23,1878.77,0,0,0,0,0,0,0,3,60,0,1301.91,1280.86,0
15.0911,129,19,1459.93,998.13,0,0,0,0,0,0,0,3,60,0,2305.55,1155.47,2.36
15.0919,130,45,2093.98,1871.45,2.25,-3.1327,22.5,1,1,38,0.35,3,60,2,1894.23,1888.89,0
15.1022,9,27,1502.01,1357.56,1.02,2.7979,0,1,1,32,0.15,3,60,2,1742.39,958.375,0
15.1037,11,12,1885.05,848.272,16.24,2.61809,0,1,1,32,0.15,3,60,2,1275.88,1298.01,0
15.1133,24,28,1717.35,1273.48,0,0,0,1,1,32,0.15,3,60,2,2293.25,1877.18,0
15.1148,26,27,1500.88,1354.56,1.36,2.79659,0,1,1,32,0.15,3,60,2,1988.93,2222.26,2.16
15.117,29,27,1650.34,1220,2.5,1.10536,0,1,1,32,0.15,3,60,2,1558.57,1588.96,2.38
15.1348,53,20,1724.98,976.04,0,0,0,1,1,32,0.15,3,60,2,1223.26,2091.13,2.31
15.137,56,20,1785.49,1041.14,0,0,0,1,1,32,0.15,3,60,2,1663.32,1237.14,1.67
15.14,60,19,1497.15,1007.14,0,0,0,0,0,0,0,3,60,0,1602.35,1786.58,1.62
15.1437,65,20,1719.13,979.98,0,0,0,1,1,32,0.15,3,60,2,1431.33,994.63,0
15.1481,71,18,1431.33,994.63,0,0,0,0,0,0,0,3,60,0,1438.23,995.98,0
15.1533,78,18,1445.12,997.33,0,0,0,0,0,64,0.05,3,60,0,1299.94,1284.72,0
15.1541,79,19,1587.19,1105.96,2.53,1.05754,0,0,0,64,0.05,3,60,0,1833.03,1765.49,1.91
15.1644,93,19,1490.23,1006.13,0,0,0,0,0,0,0,3,60,0,2040.12,1882.55,14.18
15.1659,95,26,1266.23,1300.68,0,0,0,1,1,32,0.15,3,60,2,1418.07,805.78,0
15.1667,96,19,1583.37,1099.64,0,0,0,0,0,0,0,3,60,0,1198.52,1398.23,0.67
15.1704,101,10,1418.07,805.78,0,0,0,1,1,32,0.15,3,60,2,1730.82,941.03,0
15.177,110,11,1507.32,747.376,13.35,-1.34709,0,0,1,128,0.1,3,60,0,1705.4,1277.71,1.19
15.1807,115,21,2067.03,1044.53,0.98,1.50965,0,0,0,0,0,3,60,0,1462.3,1001.73,0
15.1815,116,28,1705.4,1277.72,1.19,2.82487,0,1,1,32,0.15,3,60,2,1884.29,2079.2,1.03
15.1896,127,46,2321.23,1878.77,0,0,0,0,0,0,0,3,60,0,1301.91,1280.86,0
15.1911,129,19,1459.93,998.13,0,0,0,0,0,0,0,3,60,0,2305.31,1155.51,2.36
15.1919,130,45,2093.76,1871.45,2.25,-3.1327,0,1,1,32,0.15,3,60,2,1894.23,1888.89,0
15.2022,9,27,1501.92,1357.59,1.02,2.7979,0,1,1,32,0.15,3,60,2,1742.39,958.375,0
15.2037,11,12,1883.64,849.084,16.24,2.61809,0,1,1,32,0.15,3,60,2,1275.88,1298.01,0
15.2133,24,28,1717.35,1273.48,0,0,0,1,1,32,0.15,3,60,2,2293.25,1877.18,0
15.2148,26,27,1500.76,1354.61,1.36,2.79659,0,1,1,32,0.15,3,60,2,1988.72,2222.27,2.16
15.217,29,27,1650.45,1220.22,2.5,1.10536,0,1,1,32,0.15,3,60,2,1558.54,1588.73,2.38
15.2348,53,20,1724.98,976.04,0,0,0,1,1,32,0.15,3,60,2,1223.3,2091.36,2.31
15.237,56,20,1785.49,1041.14,0,0,0,1,1,32,0.15,3,60,2,1663.24,1236.99,1.67
15.24,60,19,1497.15,1007.14,0,0,0,0,0,0,0,3,60,0,1602.38,1786.74,1.62
15.2437,65,20,1719.13,979.98,0,0,0,1,1,32,0.15,3,60,2,1431.33,994.63,0
15.2481,71,18,1431.33,994.63,0,0,0,0,0,0,0,3,60,0,1438.23,995.98,0
15.2533,78,18,1445.12,997.33,0,0,0,0,0,64,0.05,3,60,0,1299.94,1284.72,0
15.2541,79,19,1587.32,1106.18,2.53,1.05754,0,0,0,64,0.05,3,60,0,1832.99,1765.3,1.91
15.2644,93,19,1490.23,1006.13,0,0,0,0,0,0,0,3,60,0,2041.54,1882.51,14.18
15.2659,95,26,1266.23,1300.68,0,0,0,1,1,32,0.15,3,60,2,1418.07,805.78,0
15.2667,96,19,1583.37,1099.64,0,0,0,0,0,0,0,3,60,0,1198.53,1398.16,0.67
15.2704,101,10,1418.07,805.78,0,0,0,1,1,32,0.15,3,60,2,1730.82,941.03,0
15.277,110,11,1507.62,746.074,13.35,-1.34709,0,0,1,128,0.1,3,60,0,1705.29,1277.75,1.19
15.2807,115,21,2067.04,1044.62,0.98,1.50965,0,0,0,0,0,3,60,0,1462.3,1001.73,0
15.2815,116,28,1705.28,1277.75,1.19,2.82487,0,1,1,32,0.15,3,60,2,1884.27,2079.09,1.03
15.2896,127,46,2321.23,1878.77,0,0,0,0,0,0,0,3,60,0,1301.91,1280.86,0
15.2911,129,19,1459.93,998.13,0,0,0,0,0,0,0,3,60,0,2305.08,1155.55,2.36
15.2919,130,45,2093.53,1871.44,2.25,-3.1327,0,1,1,32,0.15,3,60,2,1894.23,1888.89,0
15.3022,9,27,1501.82,1357.62,1.02,2.7979,0,1,1,32,0.15,3,60,2,1742.39,958.375,0
15.3037,11,12,1882.24,849.896,16.24,2.61809,0,1,1,32,0.15,3,60,2,1275.88,1298.01,0
15.3133,24,28,1717.35,1273.48,0,0,0,1,1,32,0.15,3,60,2,2293.25,1877.18,0
15.3148,26,27,1500.63,1354.65,1.36,2.79659,0,1,1,32,0.15,3,60,2,1988.5,2222.28,2.16
15.317,29,27,1650.57,1220.45,2.5,1.10536,0,1,1,32,0.15,3,60,2,1558.51,1588.49,2.38
15.3348,53,20,1724.98,976.04,0,0,0,1,1,32,0.15,3,60,2,1223.33,2091.59,2.31
15.337,56,20,1785.49,1041.14,0,0,0,1,1,32,0.15,3,60,2,1663.17,1236.84,1.67
15.34,60,19,1497.15,1007.14,0,0,0,0,0,0,0,3,60,0,1602.41,1786.9,1.62
15.3437,65,20,1719.13,979.98,0,0,0,1,1,32,0.15,3,60,2,1431.33,994.63,0
15.3481,71,18,1431.33,994.63,0,0,0,0,0,0,0,3,60,0,1438.23,995.98,0
15.3533,78,18,1445.12,997.33,0,0,0,0,0,64,0.05,3,60,0,1299.94,1284.72,0
15.3541,79,19,1587.44,1106.4,2.53,1.05754,0,0,0,64,0.05,3,60,0,1832.96,1765.11,1.91
15.3644,93,19,1490.23,1006.13,0,0,0,0,0,0,0,3,60,0,2042.96,1882.48,14.18
15.3659,95,26,1266.23,1300.68,0,0,0,1,1,32,0.15,3,60,2,1418.07,805.78,0
15.3667,96,19,1583.37,1099.64,0,0,0,0,0,0,0,3,60,0,1198.54,1398.1,0.67
15.3704,101,10,1418.07,805.78,0,0,0,1,1,32,0.15,3,60,2,1730.82,941.03,0
15.377,110,11,1507.92,744.773,13.35,-1.34709,0,0,1,128,0.1,3,60,0,1705.18,1277.79,1.19
15.3807,115,21,2067.04,1044.72,0.98,1.50965,0,0,0,0,0,3,60,0,1462.3,1001.73,0
15.3815,116,28,1705.17,1277.79,1.19,2.82487,0,1,1,32,0.15,3,60,2,1884.26,2078.99,1.03
15.3896,127,46,2321.23,1878.77,0,0,0,0,0,0,0,3,60,0,1301.91,1280.86,0
15.3911,129,19,1459.93,998.13,0,0,0,0,0,0,0,3,60,0,2304.85,1155.58,2.36
15.3919,130,45,2093.31,1871.44,2.25,-3.1327,0,1,1,32,0.15,3,60,2,1894.23,1888.89,0
15.4022,9,27,1501.72,1357.66,1.02,2.7979,0,1,1,32,0.15,3,60,2,1742.39,958.375,0
15.4037,11,12,1880.83,850.708,16.24,2.61809,0,1,1,32,0.15,3,60,2,1275.88,1298.01,0
15.4133,24,28,1717.35,1273.48,0,0,0,1,1,32,0.15,3,60,2,2293.25,1877.18,0
15.4148,26,27,1500.5,1354.7,1.36,2.79659,0,1,1,32,0.15,3,60,2,1988.29,2222.3,2.16
15.417,29,27,1650.68,1220.67,2.5,1.10536,0,1,1,32,0.15,3,60,2,1558.48,1588.26,2.38
15.4348,53,20,1724.98,976.04,0,0,0,1,1,32,0.15,3,60,2,1223.36,2091.82,2.31
15.437,56,20,1785.49,1041.14,0,0,0,1,1,32,0.15,3,60,2,1663.09,1236.69,1.67
15.44,60,19,1497.15,1007.14,0,0,0,0,0,0,0,3,60,0,1602.44,1787.06,1.62
15.4437,65,20,1719.13,979.98,0,0,0,1,1,32,0.15,3,60,2,1431.33,994.63,0
15.4481,71,18,1431.33,994.63,0,0,0,0,0,0,0,3,60,0,1438.23,995.98,0
15.4533,78,18,1445.12,997.33,0,0,0,0,0,64,0.05,3,60,0,1299.94,1284.72,0
15.4541,79,19,1587.56,1106.62,2.53,1.05754,0,0,0,64,0.05,3,60,0,1832.92,1764.93,1.91
15.4644,93,19,1490.23,1006.13,0,0,0,0,0,0,0,3,60,0,2044.38,1882.44,14.18
15.4659,95,26,1266.23,1300.68,0,0,0,1,1,32,0.15,3,60,2,1418.07,805.78,0
15.4667,96,19,1583.37,1099.64,0,0,0,0,0,0,0,3,60,0,1198.55,1398.03,0.67
15.4704,101,10,1418.07,805.78,0,0,0,1,1,32,0.15,3,60,2,1730.82,941.03,0
15.477,110,11,1508.21,743.471,13.35,-1.34709,0,0,1,128,0.1,3,60,0,1705.06,1277.83,1.19
15.4807,115,21,2067.05,1044.82,0.98,1.50965,0,0,0,0,0,3,60,0,1462.3,1001.73,0
15.4815,116,28,1705.06,1277.83,1.19,2.82487,0,1,1,32,0.15,3,60,2,1884.24,2078.89,1.03
15.4896,127,46,2321.23,1878.77,0,0,0,0,0,0,0,3,60,0,1301.91,1280.86,0
15.4911,129,19,1459.93,998.13,0,0,0,0,0,0,0,3,60,0,2304.62,1155.62,2.36
15.4919,130,45,2093.08,1871.44,2.25,-3.1327,0,1,1,32,0.15,3,60,2,1894.23,1888.89,0
15.5022,9,27,1501.63,1357.69,1.02,2.7979,0,1,1,32,0.15,3,60,2,1742.39,958.375,0
15.5037,11,12,1879.43,851.519,16.24,2.61809,0,1,1,32,0.15,3,60,2,1275.88,1298.01,0
15.5133,24,28,1717.35,1273.48,0,0,0,1,1,32,0.15,3,60,2,2293.25,1877.18,0
15.5148,26,27,1500.37,1354.75,1.36,2.79659,0,1,1,32,0.15,3,60,2,1988.07,2222.31,2.16
15.517,29,27,1650.79,1220.9,2.5,1.10536,0,1,1,32,0.15,3,60,2,1558.45,1588.02,2.38
15.5348,53,20,1724.98,976.04,0,0,0,1,1,32,0.15,3,60,2,1223.39,2092.04,2.31
15.537,56,20,1785.49,1041.14,0,0,0,1,1,32,0.15,3,60,2,1663.02,1236.54,1.67
15.54,60,19,1497.15,1007.14,0,0,0,0,0,0,0,3,60,0,1602.47,1787.22,1.62
15.5437,65,20,1719.13,979.98,0,0,0,1,1,32,0.15,3,60,2,1431.33,994.63,0
15.5481,71,18,1431.33,994.63,0,0,0,0,0,0,0,3,60,0,1438.23,995.98,0
15.5533,78,18,1445.12,997.33,0,0,0,0,0,64,0.05,3,60,0,1299.94,1284.72,0
15.5541,79,19,1587.69,1106.84,2.53,1.05754,0,0,0,64,0.05,3,60,0,1832.89,1764.74,1.91
15.5644,93,19,1490.23,1006.13,0,0,0,0,0,0,0,3,60,0,2045.79,1882.41,14.18
15.5659,95,26,1266.23,1300.68,0,0,0,1,1,32,0.15,3,60,2,1418.07,805.78,0
15.5667,96,19,1583.37,1099.64,0,0,0,0,0,0,0,3,60,0,1198.56,1397.96,0.67
15.5704,101,10,1418.07,805.78,0,0,0,1,1,32,0.15,3,60,2,1730.82,941.03,0
15.577,110,11,1508.51,742.169,13.35,-1.34709,0,0,1,128,0.1,3,60,0,1704.95,1277.86,1.19
15.5807,115,21,2067.05,1044.92,0.98,1.50965,0,0,0,0,0,3,60,0,1462.3,1001.73,0
15.5815,116,28,1704.94,1277.86,1.19,2.82487,0,1,1,32,0.15,3,60,2,1884.22,2078.79,1.03
15.5896,127,46,2321.23,1878.77,0,0,0,0,0,0,0,3,60,0,1301.91,1280.86,0
15.5911,129,19,1459.93,998.13,0,0,0,0,0,0,0,3,60,0,2304.38,1155.66,2.36
15.5919,130,45,2092.86,1871.44,2.25,-3.1327,0,1,1,32,0.15,3,60,2,1894.23,1888.89,0
15.6022,9,27,1501.53,1357.73,1.02,2.7979,0,1,1,32,0.15,3,60,2,1742.39,958.375,0
15.6037,11,12,1878.02,852.331,16.24,2.61809,0,1,1,32,0.15,3,60,2,1275.88,1298.01,0
15.6133,24,28,1717.35,1273.48,0,0,0,1,1,32,0.15,3,60,2,2293.25,1877.18,0
15.6148,26,27,1500.24,1354.79,1.36,2.79659,0,1,1,32,0.15,3,60,2,1987.85,2222.33,2.16
15.617,29,27,1650.9,1221.12,2.5,1.10536,0,1,1,32,0.15,3,60,2,1558.42,1587.78,2.38
15.6348,53,20,1724.98,976.04,0,0,0,1,1,32,0.15,3,60,2,1223.42,2092.27,2.31
15.637,56,20,1785.49,1041.14,0,0,0,1,1,32,0.15,3,60,2,1662.94,1236.39,1.67
15.64,60,19,1497.15,1007.14,0,0,0,0,0,0,0,3,60,0,1602.5,1787.38,1.62
15.6437,65,20,1719.13,979.98,0,0,0,1,1,32,0.15,3,60,2,1431.33,994.63,0
15.6481,71,18,1431.33,994.63,0,0,0,0,0,0,0,3,60,0,1438.23,995.98,0
15.6533,78,18,1445.12,997.33,0,0,0,0,0,64,0.05,3,60,0,1299.94,1284.72,0
15.6541,79,19,1587.81,1107.06,2.53,1.05754,0,0,0,64,0.05,3,60,0,1832.86,1764.55,1.91
15.6644,93,19,1490.23,1006.13,0,0,0,0,0,0,0,3,60,0,2047.21,1882.37,14.18
15.6659,95,26,1266.23,1300.68,0,0,0,1,1,32,0.15,3,60,2,1418.07,805.78,0
15.6667,96,19,1583.37,1099.64,0,0,0,0,0,0,0,3,60,0,1198.57,1397.9,0.67
15.6704,101,10,1418.07,805.78,0,0,0,1,1,32,0.15,3,60,2,1730.82,941.03,0
15.677,110,11,1508.81,740.867,13.35,-1.34709,0,0,1,128,0.1,3,60,0,1704.84,1277.9,1.19
15.6807,115,21,2067.06,1045.02,0.98,1.50965,0,0,0,0,0,3,60,0,1462.3,1001.73,0
15.6815,116,28,1704.83,1277.9,1.19,2.82487,0,1,1,32,0.15,3,60,2,1884.2,2078.69,1.03
15.6896,127,46,2321.23,1878.77,0,0,0,0,0,0,0,3,60,0,1301.91,1280.86,0
15.6911,129,19,1459.93,998.13,0,0,0,0,0,0,0,3,60,0,2304.15,1155.7,2.36
15.6919,130,45,2092.63,1871.44,2.25,-3.1327,0,1,1,32,0.15,3,60,2,1894.23,1888.89,0
15.7022,9,27,1501.44,1357.76,1.02,2.7979,0,1,1,32,0.15,3,60,2,1742.39,958.375,0
15.7037,11,12,1876.61,853.143,16.24,2.61809,0,1,1,32,0.15,3,60,2,1275.88,1298.01,0
15.7133,24,28,1717.35,1273.48,0,0,0,1,1,32,0.15,3,60,2,2293.25,1877.18,0
15.7148,26,27,1500.12,1354.84,1.36,2.79659,0,1,1,32,0.15,3,60,2,1987.64,2222.34,2.16
15.717,29,27,1651.01,1221.34,2.5,1.10536,0,1,1,32,0.15,3,60,2,1558.39,1587.55,2.38
15.7348,53,20,1724.98,976.04,0,0,0,1,1,32,0.15,3,60,2,1223.46,2092.5,2.31
15.737,56,20,1785.49,1041.14,0,0,0,1,1,32,0.15,3,60,2,1662.87,1236.24,1.67
15.74,60,19,1497.15,1007.14,0,0,0,0,0,0,0,3,60,0,1602.53,1787.54,1.62
15.7437,65,20,1719.13,979.98,0,0,0,1,1,32,0.15,3,60,2,1431.33,994.63,0
15.7481,71,18,1431.33,994.63,0,0,0,0,0,0,0,3,60,0,1438.23,995.98,0
15.7533,78,18,1445.12,997.33,0,0,0,0,0,64,0.05,3,60,0,1299.94,1284.72,0
15.7541,79,19,1587.94,1107.28,2.53,1.05754,0,0,0,64,0.05,3,60,0,1832.82,1764.36,1.91
15.7644,93,19,1490.23,1006.13,0,0,0,0,0,0,0,3,60,0,2048.63,1882.33,14.18
15.7659,95,26,1266.23,1300.68,0,0,0,1,1,32,0.15,3,60,2,1418.07,805.78,0
15.7667,96,19,1583.37,1099.64,0,0,0,0,0,0,0,3,60,0,1198.58,1397.83,0.67
15.7704,101,10,1418.07,805.78,0,0,0,1,1,32,0.15,3,60,2,1730.82,941.03,0
15.777,110,11,1509.1,739.566,13.35,-1.34709,0,0,1,128,0.1,3,60,0,1704.72,1277.94,1.19
15.7807,115,21,2067.07,1045.11,0.98,1.50965,0,0,0,0,0,3,60,0,1462.3,1001.73,0
15.7815,116,28,1704.72,1277.94,1.19,2.82487,0,1,1,32,0.15,3,60,2,1884.19,2078.59,1.03
15.7896,127,46,2321.23,1878.77,0,0,0,0,0,0,0,3,60,0,1301.91,1280.86,0
15.7911,129,19,1459.93,998.13,0,0,0,0,0,0,0,3,60,0,2303.92,1155.73,2.36
15.7919,130,45,2092.41,1871.43,2.25,-3.1327,0,1,1,32,0.15,3,60,2,1894.23,1888.89,0
15.8022,9,27,1501.34,1357.8,1.02,2.7979,0,1,1,32,0.15,3,60,2,1742.39,958.375,0
15.8037,11,12,1875.21,853.955,16.24,2.61809,0,1,1,32,0.15,3,60,2,1275.88,1298.01,0
15.8133,24,28,1717.35,1273.48,0,0,0,1,1,32,0.15,3,60,2,2293.25,1877.18,0
15.8148,26,27,1499.99,1354.88,1.36,2.79659,0,1,1,32,0.15,3,60,2,1987.42,2222.35,2.16
15.817,29,27,1651.13,1221.57,2.5,1.10536,0,1,1,32,0.15,3,60,2,1558.36,1587.31,2.38
15.8348,53,20,1724.98,976.04,0,0,0,1,1,32,0.15,3,60,2,1223.49,2092.73,2.31
15.837,56,20,1785.49,1041.14,0,0,0,1,1,32,0.15,3,60,2,1662.79,1236.09,1.67
15.84,60,19,1497.15,1007.14,0,0,0,0,0,0,0,3,60,0,1602.56,1787.7,1.62
15.8437,65,20,1719.13,979.98,0,0,0,1,1,32,0.15,3,60,2,1431.33,994.63,0
15.8481,71,18,1431.33,994.63,0,0,0,0,0,0,0,3,60,0,1438.23,995.98,0
15.8533,78,18,1445.12,997.33,0,0,0,0,0,64,0.05,3,60,0,1299.94,1284.72,0
15.8541,79,19,1588.06,1107.5,2.53,1.05754,0,0,0,64,0.05,3,60,0,1832.79,1764.17,1.91
15.8644,93,19,1490.23,1006.13,0,0,0,0,0,0,0,3,60,0,2050.05,1882.3,14.18
15.8659,95,26,1266.23,1300.68,0,0,0,1,1,32,0.15,3,60,2,1418.07,805.78,0
15.8667,96,19,1583.37,1099.64,0,0,0,0,0,0,0,3,60,0,1198.59,1397.76,0.67
15.8704,101,10,1418.07,805.78,0,0,0,1,1,32,0.15,3,60,2,1730.82,941.03,0
15.877,110,11,1509.4,738.264,13.35,-1.34709,0,0,1,128,0.1,3,60,0,1704.61,1277.97,1.19
15.8807,115,21,2067.07,1045.21,0.98,1.50965,0,0,0,0,0,3,60,0,1462.3,1001.73,0
15.8815,116,28,1704.61,1277.98,1.19,2.82487,0,1,1,32,0.15,3,60,2,1884.17,2078.48,1.03
15.8896,127,46,2321.23,1878.77,0,0,0,0,0,0,0,3,60,0,1301.91,1280.86,0
15.8911,129,19,1459.93,998.13,0,0,0,0,0,0,0,3,60,0,2303.68,1155.77,2.36
15.8919,130,45,2092.18,1871.43,2.25,-3.1327,0,1,1,32,0.15,3,60,2,1894.23,1888.89,0
15.9022,9,27,1501.24,1357.83,1.02,2.7979,0,1,1,32,0.15,3,60,2,1742.39,958.375,0
15.9037,11,12,1873.8,854.767,16.24,2.61809,0,1,1,32,0.15,3,60,2,1275.88,1298.01,0
15.9133,24,28,1717.35,1273.48,0,0,0,1,1,32,0.15,3,60,2,2293.25,1877.18,0
15.9148,26,27,1499.86,1354.93,1.36,2.79659,0,1,1,32,0.15,3,60,2,1987.21,2222.37,2.16
15.917,29,27,1651.24,1221.79,2.5,1.10536,0,1,1,32,0.15,3,60,2,1558.32,1587.08,2.38
15.9348,53,20,1724.98,976.04,0,0,0,1,1,32,0.15,3,60,2,1223.52,2092.96,2.31
15.937,56,20,1785.49,1041.14,0,0,0,1,1,32,0.15,3,60,2,1662.72,1235.94,1.67
15.94,60,19,1497.15,1007.14,0,0,0,0,0,0,0,3,60,0,1602.59,1787.86,1.62
15.9437,65,20,1719.13,979.98,0,0,0,1,1,32,0.15,3,60,2,1431.33,994.63,0
15.9481,71,18,1431.33,994.63,0,0,0,0,0,0,0,3,60,0,1438.23,995.98,0
15.9533,78,18,1445.12,997.33,0,0,0,0,0,64,0.05,3,60,0,1299.94,1284.72,0
15.9541,79,19,1588.19,1107.72,2.53,1.05754,0,0,0,64,0.05,3,60,0,1832.75,1763.99,1.91
15.9644,93,19,1490.23,1006.13,0,0,0,0,0,0,0,3,60,0,2051.46,1882.26,14.18
15.9659,95,26,1266.23,1300.68,0,0,0,1,1,32,0.15,3,60,2,1418.07,805.78,0
15.9667,96,19,1583.37,1099.64,0,0,0,0,0,0,0,3,60,0,1198.6,1397.7,0.67
15.9704,101,10,1418.07,805.78,0,0,0,1,1,32,0.15,3,60,2,1730.82,941.03,0
15.977,110,11,1509.69,736.962,13.35,-1.34709,0,0,1,128,0.1,3,60,0,1704.5,1278.01,1.19
15.9807,115,21,2067.08,1045.31,0.98,1.50965,0,0,0,0,0,3,60,0,1462.3,1001.73,0
15.9815,116,28,1704.49,1278.01,1.19,2.82487,0,1,1,32,0.15,3,60,2,1884.15,2078.38,1.03
15.9896,127,46,2321.23,1878.77,0,0,0,0,0,0,0,3,60,0,1301.91,1280.86,0
15.9911,129,19,1459.93,998.13,0,0,0,0,0,0,0,3,60,0,2303.45,1155.81,2.36
15.9919,130,45,2091.96,1871.43,2.25,-3.1327,0,1,1,32,0.15,3,60,2,1894.23,1888.89,0
16.0022,9,27,1501.16,1357.86,2.15,2.79481,11.3,1,1,36,0.25,3,60,2,1742.39,958.375,0
16.0037,11,12,1872.41,855.57,16.44,2.61821,2,1,1,32,0.15,3,60,2,1275.88,1298.01,0
16.0133,24,28,1717.34,1273.48,1.06,2.79529,10.6,1,1,38,0.35,3,60,2,2293.25,1877.18,0
16.0148,26,27,1499.7,1354.99,3.26,2.79465,19,1,1,36,0.25,3,60,2,1986.96,2222.38,4.35
16.017,29,27,1651.36,1222.03,4.22,1.10079,17.2,1,1,164,0.35,3,60,2,1558.3,1586.82,4.12
16.0348,53,20,1724.98,976.04,0,0,0,1,1,32,0.15,3,60,2,1223.56,2093.26,4.59
16.037,56,20,1785.49,1041.14,0,0,0,1,1,32,0.15,3,60,2,1662.62,1235.75,3
16.04,60,19,1497.15,1007.14,0,0,0,0,0,0,0,3,60,0,1602.63,1788.07,2.93
16.0437,65,20,1719.13,979.98,0,0,0,1,1,32,0.15,3,60,2,1431.33,994.63,0
16.0481,71,18,1431.33,994.63,0,0,0,0,0,0,0,3,60,0,1438.23,995.98,0
16.0533,78,18,1445.12,997.33,0,0,0,0,0,64,0.05,3,60,0,1299.99,1284.71,0.95
16.0541,79,19,1588.37,1108.06,5.08,1.07712,25.5,0,1,68,0.15,3,60,0,1832.7,1763.69,4.05
16.0644,93,19,1490.23,1006.13,0,0,0,0,0,0,0,3,60,0,2052.61,1882.23,10.45
16.0659,95,26,1266.23,1300.68,0,0,0,1,1,32,0.15,3,60,2,1418.07,805.78,0
16.0667,96,19,1583.41,1099.7,1.03,1.02041,10.3,0,1,6,0.2,3,60,0,1198.61,1397.58,1.46
16.0704,101,10,1418.07,805.78,0,0,0,1,1,32,0.15,3,60,2,1730.82,941.03,0
16.077,110,11,1509.99,735.66,13.44,-1.34801,0.9,0,1,128,0.1,3,60,0,1704.29,1278.07,2.49
16.0807,115,21,2067.09,1045.46,1.7,1.4823,7.2,0,1,4,0.1,3,60,0,1462.3,1001.73,0
16.0815,116,28,1704.28,1278.08,2.49,2.84974,13,1,1,164,0.35,3,60,2,1884.12,2078.18,2.29
16.0896,127,46,2321.23,1878.77,0,0,0,0,0,0,0,3,60,0,1302.07,1280.81,1.9
16.0911,129,19,1459.93,998.13,0,0,0,0,0,0,0,3,60,0,2303.03,1155.87,4.4
16.0919,130,45,2091.52,1871.43,4.57,-3.13722,23.2,1,1,36,0.25,3,60,2,1894.04,1888.93,2.13
16.1022,9,27,1500.95,1357.93,2.15,2.79481,0,1,1,32,0.15,3,60,2,1742.39,958.375,0
16.1037,11,12,1870.98,856.392,16.44,2.61821,0,1,1,32,0.15,3,60,2,1275.88,1298.01,0
16.1133,24,28,1717.24,1273.52,1.06,2.79529,0,1,1,32,0.15,3,60,2,2293.25,1877.18,0
16.1148,26,27,1499.4,1355.1,3.26,2.79465,0,1,1,160,0.25,3,60,2,1986.53,2222.42,4.35
16.117,29,27,1651.55,1222.41,4.22,1.10079,0,1,1,160,0.25,3,60,2,1558.28,1586.41,4.12
16.1348,53,20,1724.98,976.04,0,0,0,1,1,32,0.15,3,60,2,1223.63,2093.71,4.59
16.137,56,20,1785.49,1041.14,0,0,0,1,1,32,0.15,3,60,2,1662.48,1235.48,3
16.14,60,19,1497.15,1007.14,0,0,0,0,0,0,0,3,60,0,1602.69,1788.35,2.93
16.1437,65,20,1719.13,979.98,0,0,0,1,1,32,0.15,3,60,2,1431.33,994.63,0
16.1481,71,18,1431.33,994.63,0,0,0,0,0,0,0,3,60,0,1438.23,995.98,0
16.1533,78,18,1445.12,997.33,0,0,0,0,0,64,0.05,3,60,0,1300.08,1284.68,0.95
16.1541,79,19,1588.61,1108.51,5.08,1.07712,0,0,0,64,0.05,3,60,0,1832.63,1763.3,4.05
16.1644,93,19,1490.23,1006.13,0,0,0,0,0,0,0,3,60,0,2053.66,1882.21,10.45
16.1659,95,26,1266.23,1300.68,0,0,0,1,1,32,0.15,3,60,2,1418.07,805.78,0
16.1667,96,19,1583.46,1099.79,1.03,1.02041,0,0,0,0,0,3,60,0,1198.64,1397.44,1.46
16.1704,101,10,1418.07,805.78,0,0,0,1,1,32,0.15,3,60,2,1730.82,941.03,0
16.177,110,11,1510.29,734.349,13.44,-1.34801,0,0,1,128,0.1,3,60,0,1704.05,1278.15,2.49
16.1807,115,21,2067.11,1045.63,1.7,1.4823,0,0,0,0,0,3,60,0,1462.3,1001.73,0
16.1815,116,28,1704.04,1278.15,2.49,2.84974,0,1,1,32,0.15,3,60,2,1884.08,2077.95,2.29
16.1896,127,46,2321.23,1878.77,0,0,0,0,0,0,0,3,60,0,1302.26,1280.76,1.9
16.1911,129,19,1459.93,998.13,0,0,0,0,0,0,0,3,60,0,2302.6,1155.94,4.4
16.1919,130,45,2091.06,1871.43,4.57,-3.13722,0,1,1,32,0.15,3,60,2,1893.83,1888.96,2.13
16.2022,9,27,1500.75,1358.01,2.15,2.79481,0,1,1,32,0.15,3,60,2,1742.39,958.375,0
16.2037,11,12,1869.56,857.214,16.44,2.61821,0,1,1,32,0.15,3,60,2,1275.88,1298.01,0
16.2133,24,28,1717.14,1273.56,1.06,2.79529,0,1,1,32,0.15,3,60,2,2293.25,1877.18,0
16.2148,26,27,1499.09,1355.21,3.26,2.79465,0,1,1,32,0.15,3,60,2,1986.1,2222.45,4.35
16.217,29,27,1651.74,1222.79,4.22,1.10079,0,1,1,32,0.15,3,60,2,1558.26,1586,4.12
16.2348,53,20,1724.98,976.04,0,0,0,1,1,32,0.15,3,60,2,1223.69,2094.17,4.59
16.237,56,20,1785.49,1041.14,0,0,0,1,1,32,0.15,3,60,2,1662.35,1235.22,3
16.24,60,19,1497.15,1007.14,0,0,0,0,0,0,0,3,60,0,1602.75,1788.64,2.93
16.2437,65,20,1719.13,979.98,0,0,0,1,1,32,0.15,3,60,2,1431.33,994.63,0
16.2481,71,18,1431.33,994.63,0,0,0,0,0,0,0,3,60,0,1438.23,995.98,0
16.2533,78,18,1445.12,997.33,0,0,0,0,0,64,0.05,3,60,0,1300.17,1284.65,0.95
16.2541,79,19,1588.85,1108.96,5.08,1.07712,0,0,0,64,0.05,3,60,0,1832.56,1762.9,4.05
16.2644,93,19,1490.23,1006.13,0,0,0,0,0,0,0,3,60,0,2054.7,1882.18,10.45
16.2659,95,26,1266.23,1300.68,0,0,0,1,1,32,0.15,3,60,2,1418.07,805.78,0
16.2667,96,19,1583.51,1099.87,1.03,1.02041,0,0,0,0,0,3,60,0,1198.66,1397.29,1.46
16.2704,101,10,1418.07,805.78,0,0,0,1,1,32,0.15,3,60,2,1730.82,941.03,0
16.277,110,11,1510.58,733.039,13.44,-1.34801,0,0,1,128,0.1,3,60,0,1703.81,1278.22,2.49
16.2807,115,21,2067.12,1045.8,1.7,1.4823,0,0,0,0,0,3,60,0,1462.3,1001.73,0
16.2815,116,28,1703.8,1278.22,2.49,2.84974,0,1,1,32,0.15,3,60,2,1884.04,2077.73,2.29
16.2896,127,46,2321.23,1878.77,0,0,0,0,0,0,0,3,60,0,1302.44,1280.71,1.9
16.2911,129,19,1459.93,998.13,0,0,0,0,0,0,0,3,60,0,2302.16,1156.01,4.4
16.2919,130,45,2090.61,1871.42,4.57,-3.13722,0,1,1,32,0.15,3,60,2,1893.62,1889,2.13
16.3022,9,27,1500.55,1358.08,2.15,2.79481,0,1,1,32,0.15,3,60,2,1742.39,958.375,0
16.3037,11,12,1868.14,858.035,16.44,2.61821,0,1,1,32,0.15,3,60,2,1275.88,1298.01,0
16.3133,24,28,1717.04,1273.59,1.06,2.79529,0,1,1,32,0.15,3,60,2,2293.25,1877.18,0
16.3148,26,27,1498.78,1355.32,3.26,2.79465,0,1,1,32,0.15,3,60,2,1985.66,2222.48,4.35
16.317,29,27,1651.94,1223.16,4.22,1.10079,0,1,1,32,0.15,3,60,2,1558.24,1585.58,4.12
16.3348,53,20,1724.98,976.04,0,0,0,1,1,32,0.15,3,60,2,1223.76,2094.62,4.59
16.337,56,20,1785.49,1041.14,0,0,0,1,1,32,0.15,3,60,2,1662.21,1234.95,3
16.34,60,19,1497.15,1007.14,0,0,0,0,0,0,0,3,60,0,1602.8,1788.93,2.93
16.3437,65,20,1719.13,979.98,0,0,0,1,1,32,0.15,3,60,2,1431.33,994.63,0
16.3481,71,18,1431.33,994.63,0,0,0,0,0,0,0,3,60,0,1438.23,995.98,0
16.3533,78,18,1445.12,997.33,0,0,0,0,0,64,0.05,3,60,0,1300.26,1284.63,0.95
16.3541,79,19,1589.09,1109.4,5.08,1.07712,0,0,0,64,0.05,3,60,0,1832.49,1762.5,4.05
16.3644,93,19,1490.23,1006.13,0,0,0,0,0,0,0,3,60,0,2055.75,1882.16,10.45
16.3659,95,26,1266.23,1300.68,0,0,0,1,1,32,0.15,3,60,2,1418.07,805.78,0
16.3667,96,19,1583.57,1099.96,1.03,1.02041,0,0,0,0,0,3,60,0,1198.68,1397.15,1.46
16.3704,101,10,1418.07,805.78,0,0,0,1,1,32,0.15,3,60,2,1730.82,941.03,0
16.377,110,11,1510.88,731.728,13.44,-1.34801,0,0,0,0,0,3,60,0,1703.57,1278.29,2.49
16.3807,115,21,2067.14,1045.97,1.7,1.4823,0,0,0,0,0,3,60,0,1462.3,1001.73,0
16.3815,116,28,1703.56,1278.29,2.49,2.84974,0,1,1,32,0.15,3,60,2,1884.01,2077.5,2.29
16.3896,127,46,2321.23,1878.77,0,0,0,0,0,0,0,3,60,0,1302.62,1280.66,1.9
16.3911,129,19,1459.93,998.13,0,0,0,0,0,0,0,3,60,0,2301.73,1156.08,4.4
16.3919,130,45,2090.15,1871.42,4.57,-3.13722,0,1,1,32,0.15,3,60,2,1893.41,1889.04,2.13
16.4022,9,27,1500.35,1358.15,2.15,2.79481,0,1,1,32,0.15,3,60,2,1742.39,958.375,0
16.4037,11,12,1866.71,858.857,16.44,2.61821,0,1,1,32,0.15,3,60,2,1275.88,1298.01,0
16.4133,24,28,1716.94,1273.63,1.06,2.79529,0,1,1,32,0.15,3,60,2,2293.25,1877.18,0
16.4148,26,27,1498.48,1355.43,3.26,2.79465,0,1,1,32,0.15,3,60,2,1985.23,2222.51,4.35
16.417,29,27,1652.13,1223.54,4.22,1.10079,0,1,1,32,0.15,3,60,2,1558.22,1585.17,4.12
16.4348,53,20,1724.98,976.04,0,0,0,1,1,32,0.15,3,60,2,1223.82,2095.08,4.59
16.437,56,20,1785.49,1041.14,0,0,0,1,1,32,0.15,3,60,2,1662.08,1234.68,3
16.44,60,19,1497.15,1007.14,0,0,0,0,0,0,0,3,60,0,1602.86,1789.21,2.93
16.4437,65,20,1719.13,979.98,0,0,0,1,1,32,0.15,3,60,2,1431.33,994.63,0
16.4481,71,18,1431.33,994.63,0,0,0,0,0,0,0,3,60,0,1438.23,995.98,0
16.4533,78,18,1445.12,997.33,0,0,0,0,0,64,0.05,3,60,0,1300.35,1284.6,0.95
16.4541,79,19,1589.33,1109.85,5.08,1.07712,0,0,0,64,0.05,3,60,0,1832.41,1762.1,4.05
16.4644,93,19,1490.23,1006.13,0,0,0,0,0,0,0,3,60,0,2056.79,1882.13,10.45
16.4659,95,26,1266.23,1300.68,0,0,0,1,1,32,0.15,3,60,2,1418.07,805.78,0
16.4667,96,19,1583.62,1100.05,1.03,1.02041,0,0,0,0,0,3,60,0,1198.7,1397,1.46
16.4704,101,10,1418.07,805.78,0,0,0,1,1,32,0.15,3,60,2,1730.82,941.03,0
16.477,110,11,1511.18,730.417,13.44,-1.34801,0,0,0,0,0,3,60,0,1703.33,1278.36,2.49
16.4807,115,21,2067.15,1046.14,1.7,1.4823,0,0,0,0,0,3,60,0,1462.3,1001.73,0
16.4815,116,28,1703.32,1278.36,2.49,2.84974,0,1,1,32,0.15,3,60,2,1883.97,2077.28,2.29
16.4896,127,46,2321.23,1878.77,0,0,0,0,0,0,0,3,60,0,1302.81,1280.61,1.9
16.4911,129,19,1459.93,998.13,0,0,0,0,0,0,0,3,60,0,2301.3,1156.15,4.4
16.4919,130,45,2089.69,1871.42,4.57,-3.13722,0,1,1,32,0.15,3,60,2,1893.2,1889.08,2.13
16.5022,9,27,1500.14,1358.23,2.15,2.79481,0,1,1,32,0.15,3,60,2,1742.39,958.375,0
16.5037,11,12,1865.29,859.679,16.44,2.61821,0,1,1,32,0.15,3,60,2,1275.88,1298.01,0
16.5133,24,28,1716.84,1273.66,1.06,2.79529,0,1,1,32,0.15,3,60,2,2293.25,1877.18,0
16.5148,26,27,1498.17,1355.54,3.26,2.79465,0,1,1,32,0.15,3,60,2,1984.8,2222.54,4.35
16.517,29,27,1652.32,1223.92,4.22,1.10079,0,1,1,32,0.15,3,60,2,1558.21,1584.76,4.12
16.5348,53,20,1724.98,976.04,0,0,0,1,1,32,0.15,3,60,2,1223.89,2095.53,4.59
16.537,56,20,1785.49,1041.14,0,0,0,1,1,32,0.15,3,60,2,1661.94,1234.41,3
16.54,60,19,1497.15,1007.14,0,0,0,0,0,0,0,3,60,0,1602.92,1789.5,2.93
16.5437,65,20,1719.13,979.98,0,0,0,1,1,32,0.15,3,60,2,1431.33,994.63,0
16.5481,71,18,1431.33,994.63,0,0,0,0,0,0,0,3,60,0,1438.23,995.98,0
16.5533,78,18,1445.12,997.33,0,0,0,0,0,64,0.05,3,60,0,1300.45,1284.58,0.95
16.5541,79,19,1589.57,1110.3,5.08,1.07712,0,0,0,64,0.05,3,60,0,1832.34,1761.7,4.05
16.5644,93,19,1490.23,1006.13,0,0,0,0,0,0,0,3,60,0,2057.84,1882.1,10.45
16.5659,95,26,1266.23,1300.68,0,0,0,1,1,32,0.15,3,60,2,1418.07,805.78,0
16.5667,96,19,1583.68,1100.14,1.03,1.02041,0,0,0,0,0,3,60,0,1198.72,1396.86,1.46
16.5704,101,10,1418.07,805.78,0,0,0,1,1,32,0.15,3,60,2,1730.82,941.03,0
16.577,110,11,1511.47,729.106,13.44,-1.34801,0,0,0,0,0,3,60,0,1703.09,1278.43,2.49
16.5807,115,21,2067.17,1046.31,1.7,1.4823,0,0,0,0,0,3,60,0,1462.3,1001.73,0
16.5815,116,28,1703.08,1278.44,2.49,2.84974,0,1,1,32,0.15,3,60,2,1883.93,2077.05,2.29
16.5896,127,46,2321.23,1878.77,0,0,0,0,0,0,0,3,60,0,1302.99,1280.56,1.9
16.5911,129,19,1459.93,998.13,0,0,0,0,0,0,0,3,60,0,2300.86,1156.22,4.4
16.5919,130,45,2089.24,1871.42,4.57,-3.13722,0,1,1,32,0.15,3,60,2,1892.99,1889.12,2.13
16.6022,9,27,1499.94,1358.3,2.15,2.79481,0,1,1,32,0.15,3,60,2,1742.39,958.375,0
16.6037,11,12,1863.86,860.501,16.44,2.61821,0,1,1,32,0.15,3,60,2,1275.88,1298.01,0
16.6133,24,28,1716.74,1273.7,1.06,2.79529,0,1,1,32,0.15,3,60,2,2293.25,1877.18,0
16.6148,26,27,1497.87,1355.65,3.26,2.79465,0,1,1,32,0.15,3,60,2,1984.36,2222.57,4.35
16.617,29,27,1652.51,1224.29,4.22,1.10079,0,1,1,32,0.15,3,60,2,1558.19,1584.35,4.12
16.6348,53,20,1724.98,976.04,0,0,0,1,1,32,0.15,3,60,2,1223.95,2095.99,4.59
16.637,56,20,1785.49,1041.14,0,0,0,1,1,32,0.15,3,60,2,1661.8,1234.15,3
16.64,60,19,1497.15,1007.14,0,0,0,0,0,0,0,3,60,0,1602.98,1789.79,2.93
16.6437,65,20,1719.13,979.98,0,0,0,1,1,32,0.15,3,60,2,1431.33,994.63,0
16.6481,71,18,1431.33,994.63,0,0,0,0,0,0,0,3,60,0,1438.23,995.98,0
16.6533,78,18,1445.12,997.33,0,0,0,0,0,64,0.05,3,60,0,1300.54,1284.55,0.95
16.6541,79,19,1589.81,1110.75,5.08,1.07712,0,0,0,64,0.05,3,60,0,1832.27,1761.3,4.05
16.6644,93,19,1490.23,1006.13,0,0,0,0,0,0,0,3,60,0,2058.88,1882.08,10.45
16.6659,95,26,1266.23,1300.68,0,0,0,1,1,32,0.15,3,60,2,1418.07,805.78,0
16.6667,96,19,1583.73,1100.23,1.03,1.02041,0,0,0,0,0,3,60,0,1198.75,1396.71,1.46
16.6704,101,10,1418.07,805.78,0,0,0,1,1,32,0.15,3,60,2,1730.82,941.03,0
16.677,110,11,1511.77,727.796,13.44,-1.34801,0,0,0,0,0,3,60,0,1702.86,1278.5,2.49
16.6807,115,21,2067.18,1046.48,1.7,1.4823,0,0,0,0,0,3,60,0,1462.3,1001.73,0
16.6815,116,28,1702.85,1278.51,2.49,2.84974,0,1,1,32,0.15,3,60,2,1883.89,2076.82,2.29
16.6896,127,46,2321.23,1878.77,0,0,0,0,0,0,0,3,60,0,1303.17,1280.51,1.9
16.6911,129,19,1459.93,998.13,0,0,0,0,0,0,0,3,60,0,2300.43,1156.29,4.4
16.6919,130,45,2088.78,1871.42,4.57,-3.13722,0,1,1,32,0.15,3,60,2,1892.78,1889.16,2.13
16.7022,9,27,1499.74,1358.37,2.15,2.79481,0,1,1,32,0.15,3,60,2,1742.39,958.375,0
16.7037,11,12,1862.44,861.322,16.44,2.61821,0,1,1,32,0.15,3,60,2,1275.88,1298.01,0
16.7133,24,28,1716.64,1273.74,1.06,2.79529,0,1,1,32,0.15,3,60,2,2293.25,1877.18,0
16.7148,26,27,1497.56,1355.76,3.26,2.79465,0,1,1,32,0.15,3,60,2,1983.93,2222.6,4.35
16.717,29,27,1652.7,1224.67,4.22,1.10079,0,1,1,32,0.15,3,60,2,1558.17,1583.94,4.12
16.7348,53,20,1724.98,976.04,0,0,0,1,1,32,0.15,3,60,2,1224.02,2096.44,4.59
16.737,56,20,1785.49,1041.14,0,0,0,1,1,32,0.15,3,60,2,1661.67,1233.88,3
16.74,60,19,1497.15,1007.14,0,0,0,0,0,0,0,3,60,0,1603.03,1790.08,2.93
16.7437,65,20,1719.13,979.98,0,0,0,1,1,32,0.15,3,60,2,1431.33,994.63,0
16.7481,71,18,1431.33,994.63,0,0,0,0,0,0,0,3,60,0,1438.23,995.98,0
16.7533,78,18,1445.12,997.33,0,0,0,0,0,64,0.05,3,60,0,1300.63,1284.53,0.95
16.7541,79,19,1590.06,1111.19,5.08,1.07712,0,0,0,64,0.05,3,60,0,1832.2,1760.9,4.05
16.7644,93,19,1490.23,1006.13,0,0,0,0,0,0,0,3,60,0,2059.93,1882.05,10.45
16.7659,95,26,1266.23,1300.68,0,0,0,1,1,32,0.15,3,60,2,1418.07,805.78,0
16.7667,96,19,1583.78,1100.31,1.03,1.02041,0,0,0,0,0,3,60,0,1198.77,1396.57,1.46
16.7704,101,10,1418.07,805.78,0,0,0,1,1,32,0.15,3,60,2,1730.82,941.03,0
16.777,110,11,1512.07,726.485,13.44,-1.34801,0,0,0,0,0,3,60,0,1702.62,1278.58,2.49
16.7807,115,21,2067.2,1046.65,1.7,1.4823,0,0,0,0,0,3,60,0,1462.3,1001.73,0
16.7815,116,28,1702.61,1278.58,2.49,2.84974,0,1,1,32,0.15,3,60,2,1883.85,2076.6,2.29
16.7896,127,46,2321.23,1878.77,0,0,0,0,0,0,0,3,60,0,1303.36,1280.46,1.9
16.7911,129,19,1459.93,998.13,0,0,0,0,0,0,0,3,60,0,2299.99,1156.36,4.4
16.7919,130,45,2088.32,1871.41,4.57,-3.13722,0,1,1,32,0.15,3,60,2,1892.57,1889.2,2.13
16.8022,9,27,1499.54,1358.45,2.15,2.79481,0,1,1,32,0.15,3,60,2,1742.39,958.375,0
16.8037,11,12,1861.02,862.144,16.44,2.61821,0,1,1,32,0.15,3,60,2,1275.88,1298.01,0
16.8133,24,28,1716.54,1273.77,1.06,2.79529,0,1,1,32,0.15,3,60,2,2293.25,1877.18,0
16.8148,26,27,1497.25,1355.87,3.26,2.79465,0,1,1,32,0.15,3,60,2,1983.49,2222.63,4.35
16.817,29,27,1652.89,1225.04,4.22,1.10079,0,1,1,32,0.15,3,60,2,1558.15,1583.53,4.12
16.8348,53,20,1724.98,976.04,0,0,0,1,1,32,0.15,3,60,2,1224.08,2096.89,4.59
16.837,56,20,1785.49,1041.14,0,0,0,1,1,32,0.15,3,60,2,1661.53,1233.61,3
16.84,60,19,1497.15,1007.14,0,0,0,0,0,0,0,3,60,0,1603.09,1790.36,2.93
16.8437,65,20,1719.13,979.98,0,0,0,1,1,32,0.15,3,60,2,1431.33,994.63,0
16.8481,71,18,1431.33,994.63,0,0,0,0,0,0,0,3,60,0,1438.23,995.98,0
16.8533,78,18,1445.12,997.33,0,0,0,0,0,64,0.05,3,60,0,1300.72,1284.5,0.95
16.8541,79,19,1590.3,1111.64,5.08,1.07712,0,0,0,64,0.05,3,60,0,1832.13,1760.51,4.05
16.8644,93,19,1490.23,1006.13,0,0,0,0,0,0,0,3,60,0,2060.97,1882.03,10.45
16.8659,95,26,1266.23,1300.68,0,0,0,1,1,32,0.15,3,60,2,1418.07,805.78,0
16.8667,96,19,1583.84,1100.4,1.03,1.02041,0,0,0,0,0,3,60,0,1198.79,1396.42,1.46
16.8704,101,10,1418.07,805.78,0,0,0,1,1,32,0.15,3,60,2,1730.82,941.03,0
16.877,110,11,1512.36,725.174,13.44,-1.34801,0,0,0,0,0,3,60,0,1702.38,1278.65,2.49
16.8807,115,21,2067.21,1046.82,1.7,1.4823,0,0,0,0,0,3,60,0,1462.3,1001.73,0
16.8815,116,28,1702.37,1278.65,2.49,2.84974,0,1,1,32,0.15,3,60,2,1883.81,2076.37,2.29
16.8896,127,46,2321.23,1878.77,0,0,0,0,0,0,0,3,60,0,1303.54,1280.41,1.9
16.8911,129,19,1459.93,998.13,0,0,0,0,0,0,0,3,60,0,2299.56,1156.43,4.4
16.8919,130,45,2087.86,1871.41,4.57,-3.13722,0,1,1,32,0.15,3,60,2,1892.36,1889.24,2.13
16.9022,9,27,1499.34,1358.52,2.15,2.79481,0,1,1,32,0.15,3,60,2,1742.39,958.375,0
16.9037,11,12,1859.59,862.966,16.44,2.61821,0,1,1,32,0.15,3,60,2,1275.88,1298.01,0
16.9133,24,28,1716.44,1273.81,1.06,2.79529,0,1,1,32,0.15,3,60,2,2293.25,1877.18,0
16.9148,26,27,1496.95,1355.98,3.26,2.79465,0,1,1,32,0.15,3,60,2,1983.06,2222.66,4.35
16.917,29,27,1653.08,1225.42,4.22,1.10079,0,1,1,32,0.15,3,60,2,1558.13,1583.11,4.12
16.9348,53,20,1724.98,976.04,0,0,0,1,1,32,0.15,3,60,2,1224.15,2097.35,4.59
16.937,56,20,1785.49,1041.14,0,0,0,1,1,32,0.15,3,60,2,1661.4,1233.34,3
16.94,60,19,1497.15,1007.14,0,0,0,0,0,0,0,3,60,0,1603.15,1790.65,2.93
16.9437,65,20,1719.13,979.98,0,0,0,1,1,32,0.15,3,60,2,1431.33,994.63,0
16.9481,71,18,1431.33,994.63,0,0,0,0,0,0,0,3,60,0,1438.23,995.98,0
16.9533,78,18,1445.12,997.33,0,0,0,0,0,64,0.05,3,60,0,1300.81,1284.47,0.95
16.9541,79,19,1590.54,1112.09,5.08,1.07712,0,0,0,64,0.05,3,60,0,1832.05,1760.11,4.05
16.9644,93,19,1490.23,1006.13,0,0,0,0,0,0,0,3,60,0,2062.02,1882,10.45
16.9659,95,26,1266.23,1300.68,0,0,0,1,1,32,0.15,3,60,2,1418.07,805.78,0
16.9667,96,19,1583.89,1100.49,1.03,1.02041,0,0,0,0,0,3,60,0,1198.81,1396.28,1.46
16.9704,101,10,1418.07,805.78,0,0,0,1,1,32,0.15,3,60,2,1730.82,941.03,0
16.977,110,11,1512.66,723.863,13.44,-1.34801,0,0,0,0,0,3,60,0,1702.14,1278.72,2.49
16.9807,115,21,2067.23,1046.99,1.7,1.4823,0,0,0,0,0,3,60,0,1462.3,1001.73,0
16.9815,116,28,1702.13,1278.72,2.49,2.84974,0,1,1,32,0.15,3,60,2,1883.78,2076.15,2.29
16.9896,127,46,2321.23,1878.77,0,0,0,0,0,0,0,3,60,0,1303.72,1280.36,1.9
16.9911,129,19,1459.93,998.13,0,0,0,0,0,0,0,3,60,0,2299.12,1156.49,4.4
16.9919,130,45,2087.41,1871.41,4.57,-3.13722,0,1,1,32,0.15,3,60,2,1892.15,1889.28,2.13
17.0022,9,27,1499.13,1358.59,3.07,2.79505,9.2,1,1,36,0.25,3,60,2,1742.39,958.375,0
17.0037,11,12,1858.2,863.77,16.34,2.61842,-1,1,1,32,0.15,3,60,2,1275.88,1298.01,0
17.0133,24,28,1716.32,1273.85,2.39,2.80381,13.3,1,1,36,0.25,3,60,2,2293.25,1877.18,0
17.0148,26,27,1496.6,1356.11,5.85,2.79604,25.9,1,1,164,0.35,3,60,2,1982.59,2222.7,6.51
17.017,29,27,1653.28,1225.82,5.7,1.104,14.8,1,1,36,0.25,3,60,2,1558.17,1582.72,5.46
17.0348,53,20,1724.98,976.04,0,0,0,1,1,32,0.15,3,60,2,1224.22,2097.86,6.23
17.037,56,20,1785.49,1041.14,0,0,0,1,1,32,0.15,3,60,2,1661.23,1233.02,4.79
17.04,60,19,1497.15,1007.14,0,0,0,0,0,0,0,3,60,0,1603.22,1791.03,5.32
17.0437,65,20,1719.13,979.98,0,0,0,1,1,32,0.15,3,60,2,1431.33,994.63,0
17.0481,71,18,1431.33,994.63,0,0,0,0,0,0,0,3,60,0,1438.23,995.98,0
17.0533,78,18,1445.12,997.33,0,0,0,0,0,64,0.05,3,60,0,1300.94,1284.44,1.63
17.0541,79,19,1590.81,1112.59,6.51,1.07612,14.3,0,1,68,0.15,3,60,0,1831.97,1759.63,5.46
17.0644,93,19,1490.23,1006.13,0,0,0,0,0,0,0,3,60,0,2062.86,1881.98,7.38
17.0659,95,26,1266.16,1300.7,1.06,2.87368,10.6,1,1,38,0.35,3,60,2,1418.07,805.78,0
17.0667,96,19,1583.99,1100.65,2.32,1.02593,12.9,0,1,4,0.1,3,60,0,1198.85,1396.07,2.52
17.0704,101,10,1418.07,805.78,0,0,0,1,1,32,0.15,3,60,2,1730.82,941.03,0
17.077,110,11,1512.96,722.555,13.41,-1.34679,-0.3,0,0,0,0,3,60,0,1701.85,1278.81,3.14
17.0807,115,21,2067.25,1047.26,2.95,1.47922,12.5,0,1,4,0.1,3,60,0,1462.3,1001.73,0
17.0815,116,28,1701.84,1278.81,3.14,2.8513,6.5,1,1,36,0.25,3,60,2,1883.72,2075.83,3.45
17.0896,127,46,2321.23,1878.77,0,0,0,0,0,0,0,3,60,0,1304.05,1280.26,3.63
17.0911,129,19,1459.93,998.13,0,0,0,0,0,0,0,3,60,0,2298.49,1156.6,6.71
17.0919,130,45,2086.73,1871.41,6.95,-3.14015,23.8,1,1,36,0.25,3,60,2,1891.83,1889.34,3.34
17.1022,9,27,1498.84,1358.7,3.07,2.79505,0,1,1,32,0.15,3,60,2,1742.39,958.375,0
17.1037,11,12,1856.78,864.587,16.34,2.61842,0,1,1,32,0.15,3,60,2,1275.88,1298.01,0
17.1133,24,28,1716.1,1273.93,2.39,2.80381,0,1,1,32,0.15,3,60,2,2293.25,1877.18,0
17.1148,26,27,1496.05,1356.31,5.85,2.79604,0,1,1,160,0.25,3,60,2,1981.94,2222.74,6.51
17.117,29,27,1653.54,1226.33,5.7,1.104,0,1,1,32,0.15,3,60,2,1558.46,1582.26,5.46
17.1348,53,20,1724.98,976.04,0,0,0,1,1,32,0.15,3,60,2,1224.31,2098.48,6.23
17.137,56,20,1785.49,1041.14,0,0,0,1,1,32,0.15,3,60,2,1661.02,1232.59,4.79
17.14,60,19,1497.15,1007.14,0,0,0,0,0,0,0,3,60,0,1603.33,1791.55,5.32
17.1437,65,20,1719.13,979.98,0,0,0,1,1,32,0.15,3,60,2,1431.33,994.63,0
17.1481,71,18,1431.33,994.63,0,0,0,0,0,0,0,3,60,0,1438.23,995.98,0
17.1533,78,18,1445.12,997.33,0,0,0,0,0,64,0.05,3,60,0,1301.1,1284.4,1.63
17.1541,79,19,1591.12,1113.16,6.51,1.07612,0,0,0,64,0.05,3,60,0,1831.87,1759.1,5.46
17.1644,93,19,1490.23,1006.13,0,0,0,0,0,0,0,3,60,0,2063.59,1881.96,7.38
17.1659,95,26,1266.06,1300.73,1.06,2.87368,0,1,1,32,0.15,3,60,2,1418.07,805.78,0
17.1667,96,19,1584.11,1100.85,2.32,1.02593,0,0,0,0,0,3,60,0,1198.89,1395.82,2.52
17.1704,101,10,1418.07,805.78,0,0,0,1,1,32,0.15,3,60,2,1730.82,941.03,0
17.177,110,11,1513.26,721.247,13.41,-1.34679,0,0,0,0,0,3,60,0,1701.55,1278.9,3.14
17.1807,115,21,2067.28,1047.55,2.95,1.47922,0,0,0,0,0,3,60,0,1462.3,1001.73,0
17.1815,116,28,1701.54,1278.9,3.14,2.8513,0,1,1,32,0.15,3,60,2,1883.67,2075.49,3.45
17.1896,127,46,2321.23,1878.77,0,0,0,0,0,0,0,3,60,0,1304.4,1280.17,3.63
17.1911,129,19,1459.93,998.13,0,0,0,0,0,0,0,3,60,0,2297.82,1156.7,6.71
17.1919,130,45,2086.04,1871.41,6.95,-3.14015,0,1,1,32,0.15,3,60,2,1891.51,1889.4,3.34
17.2022,9,27,1498.56,1358.8,3.07,2.79505,0,1,1,32,0.15,3,60,2,1742.39,958.375,0
17.2037,11,12,1855.37,865.403,16.34,2.61842,0,1,1,32,0.15,3,60,2,1275.88,1298.01,0
17.2133,24,28,1715.87,1274.01,2.39,2.80381,0,1,1,32,0.15,3,60,2,2293.25,1877.18,0
17.2148,26,27,1495.5,1356.5,5.85,2.79604,0,1,1,32,0.15,3,60,2,1981.29,2222.79,6.51
17.217,29,27,1653.8,1226.83,5.7,1.104,0,1,1,32,0.15,3,60,2,1558.75,1581.79,5.46
17.2348,53,20,1724.98,976.04,0,0,0,1,1,32,0.15,3,60,2,1224.39,2099.09,6.23
17.237,56,20,1785.49,1041.14,0,0,0,1,1,32,0.15,3,60,2,1660.8,1232.16,4.79
17.24,60,19,1497.15,1007.14,0,0,0,0,0,0,0,3,60,0,1603.43,1792.07,5.32
17.2437,65,20,1719.13,979.98,0,0,0,1,1,32,0.15,3,60,2,1431.33,994.63,0
17.2481,71,18,1431.33,994.63,0,0,0,0,0,0,0,3,60,0,1438.23,995.98,0
17.2533,78,18,1445.12,997.33,0,0,0,0,0,64,0.05,3,60,0,1301.25,1284.35,1.63
17.2541,79,19,1591.43,1113.74,6.51,1.07612,0,0,0,64,0.05,3,60,0,1831.77,1758.56,5.46
17.2644,93,19,1490.23,1006.13,0,0,0,0,0,0,0,3,60,0,2064.33,1881.94,7.38
17.2659,95,26,1265.96,1300.75,1.06,2.87368,0,1,1,32,0.15,3,60,2,1418.07,805.78,0
17.2667,96,19,1584.23,1101.05,2.32,1.02593,0,0,0,0,0,3,60,0,1198.93,1395.57,2.52
17.2704,101,10,1418.07,805.78,0,0,0,1,1,32,0.15,3,60,2,1730.82,941.03,0
17.2807,115,21,2067.31,1047.84,2.95,1.47922,0,0,0,0,0,3,60,0,1462.3,1001.73,0
17.2815,116,28,1701.24,1278.99,3.14,2.8513,0,1,1,32,0.15,3,60,2,1883.61,2075.15,3.45
17.2896,127,46,2321.23,1878.77,0,0,0,0,0,0,0,3,60,0,1304.75,1280.07,3.63
17.2911,129,19,1459.93,998.13,0,0,0,0,0,0,0,3,60,0,2297.16,1156.81,6.71
17.2919,130,45,2085.34,1871.41,6.95,-3.14015,0,1,1,32,0.15,3,60,2,1891.18,1889.46,3.34
17.3022,9,27,1498.27,1358.91,3.07,2.79505,0,1,1,32,0.15,3,60,2,1742.39,958.375,0
17.3037,11,12,1853.95,866.219,16.34,2.61842,0,1,1,32,0.15,3,60,2,1275.88,1298.01,0
17.3133,24,28,1715.64,1274.09,2.39,2.80381,0,1,1,32,0.15,3,60,2,2293.25,1877.18,0
17.3148,26,27,1494.95,1356.7,5.85,2.79604,0,1,1,32,0.15,3,60,2,1980.65,2222.83,6.51
17.317,29,27,1654.05,1227.34,5.7,1.104,0,1,1,32,0.15,3,60,2,1559.04,1581.33,5.46
17.3348,53,20,1724.98,976.04,0,0,0,1,1,32,0.15,3,60,2,1224.48,2099.71,6.23
17.337,56,20,1785.49,1041.14,0,0,0,1,1,32,0.15,3,60,2,1660.58,1231.73,4.79
17.34,60,19,1497.15,1007.14,0,0,0,0,0,0,0,3,60,0,1603.53,1792.59,5.32
17.3437,65,20,1719.13,979.98,0,0,0,1,1,32,0.15,3,60,2,1431.33,994.63,0
17.3481,71,18,1431.33,994.63,0,0,0,0,0,0,0,3,60,0,1438.23,995.98,0
17.3533,78,18,1445.12,997.33,0,0,0,0,0,64,0.05,3,60,0,1301.41,1284.31,1.63
17.3541,79,19,1591.73,1114.31,6.51,1.07612,0,0,0,64,0.05,3,60,0,1831.67,1758.02,5.46
17.3644,93,19,1490.23,1006.13,0,0,0,0,0,0,0,3,60,0,2065.07,1881.92,7.38
17.3659,95,26,1265.86,1300.78,1.06,2.87368,0,1,1,32,0.15,3,60,2,1418.07,805.78,0
17.3667,96,19,1584.35,1101.25,2.32,1.02593,0,0,0,0,0,3,60,0,1198.97,1395.32,2.52
17.3704,101,10,1418.07,805.78,0,0,0,1,1,32,0.15,3,60,2,1730.82,941.03,0
17.3807,115,21,2067.33,1048.14,2.95,1.47922,0,0,0,0,0,3,60,0,1462.3,1001.73,0
17.3815,116,28,1700.94,1279.08,3.14,2.8513,0,1,1,32,0.15,3,60,2,1883.55,2074.81,3.45
17.3896,127,46,2321.23,1878.77,0,0,0,0,0,0,0,3,60,0,1305.1,1279.97,3.63
17.3911,129,19,1459.93,998.13,0,0,0,0,0,0,0,3,60,0,2296.5,1156.91,6.71
17.3919,130,45,2084.65,1871.41,6.95,-3.14015,0,1,1,32,0.15,3,60,2,1890.85,1889.52,3.34
17.4022,9,27,1497.98,1359.01,3.07,2.79505,0,1,1,32,0.15,3,60,2,1742.39,958.375,0
17.4037,11,12,1852.54,867.036,16.34,2.61842,0,1,1,32,0.15,3,60,2,1275.88,1298.01,0
17.4133,24,28,1715.42,1274.17,2.39,2.80381,0,1,1,32,0.15,3,60,2,2293.25,1877.18,0
17.4148,26,27,1494.4,1356.9,5.85,2.79604,0,1,1,32,0.15,3,60,2,1980,2222.88,6.51
17.417,29,27,1654.31,1227.85,5.7,1.104,0,1,1,32,0.15,3,60,2,1559.32,1580.87,5.46
17.4348,53,20,1724.98,976.04,0,0,0,1,1,32,0.15,3,60,2,1224.57,2100.33,6.23
17.437,56,20,1785.49,1041.14,0,0,0,1,1,32,0.15,3,60,2,1660.37,1231.31,4.79
17.44,60,19,1497.15,1007.14,0,0,0,0,0,0,0,3,60,0,1603.64,1793.12,5.32
17.4437,65,20,1719.13,979.98,0,0,0,1,1,32,0.15,3,60,2,1431.33,994.63,0
17.4481,71,18,1431.33,994.63,0,0,0,0,0,0,0,3,60,0,1438.23,995.98,0
17.4533,78,18,1445.12,997.33,0,0,0,0,0,64,0.05,3,60,0,1301.57,1284.27,1.63
17.4541,79,19,1592.04,1114.88,6.51,1.07612,0,0,0,64,0.05,3,60,0,1831.58,1757.48,5.46
17.4644,93,19,1490.23,1006.13,0,0,0,0,0,0,0,3,60,0,2065.81,1881.9,7.38
17.4659,95,26,1265.75,1300.81,1.06,2.87368,0,1,1,32,0.15,3,60,2,1418.07,805.78,0
17.4667,96,19,1584.47,1101.44,2.32,1.02593,0,0,0,0,0,3,60,0,1199.01,1395.07,2.52
17.4704,101,10,1418.07,805.78,0,0,0,1,1,32,0.15,3,60,2,1730.82,941.03,0
17.4807,115,21,2067.36,1048.43,2.95,1.47922,0,0,0,0,0,3,60,0,1462.3,1001.73,0
17.4815,116,28,1700.64,1279.17,3.14,2.8513,0,1,1,32,0.15,3,60,2,1883.5,2074.47,3.45
17.4896,127,46,2321.23,1878.77,0,0,0,0,0,0,0,3,60,0,1305.45,1279.87,3.63
17.4911,129,19,1459.93,998.13,0,0,0,0,0,0,0,3,60,0,2295.83,1157.01,6.71
17.4919,130,45,2083.95,1871.41,6.95,-3.14015,0,1,1,32,0.15,3,60,2,1890.52,1889.58,3.34
17.5022,9,27,1497.69,1359.11,3.07,2.79505,0,1,1,32,0.15,3,60,2,1742.39,958.375,0
17.5037,11,12,1851.12,867.852,16.34,2.61842,0,1,1,32,0.15,3,60,2,1275.88,1298.01,0
17.5133,24,28,1715.19,1274.25,2.39,2.80381,0,1,1,32,0.15,3,60,2,2293.25,1877.18,0
17.5148,26,27,1493.85,1357.1,5.85,2.79604,0,1,1,32,0.15,3,60,2,1979.35,2222.92,6.51
17.517,29,27,1654.57,1228.36,5.7,1.104,0,1,1,32,0.15,3,60,2,1559.61,1580.4,5.46
17.5348,53,20,1724.98,976.04,0,0,0,1,1,32,0.15,3,60,2,1224.65,2100.94,6.23
17.537,56,20,1785.49,1041.14,0,0,0,1,1,32,0.15,3,60,2,1660.15,1230.88,4.79
17.54,60,19,1497.15,1007.14,0,0,0,0,0,0,0,3,60,0,1603.74,1793.64,5.32
17.5437,65,20,1719.13,979.98,0,0,0,1,1,32,0.15,3,60,2,1431.33,994.63,0
17.5481,71,18,1431.33,994.63,0,0,0,0,0,0,0,3,60,0,1438.23,995.98,0
17.5533,78,18,1445.12,997.33,0,0,0,0,0,64,0.05,3,60,0,1301.72,1284.22,1.63
17.5541,79,19,1592.35,1115.45,6.51,1.07612,0,0,0,64,0.05,3,60,0,1831.48,1756.95,5.46
17.5644,93,19,1490.23,1006.13,0,0,0,0,0,0,0,3,60,0,2066.54,1881.88,7.38
17.5659,95,26,1265.65,1300.84,1.06,2.87368,0,1,1,32,0.15,3,60,2,1418.07,805.78,0
17.5667,96,19,1584.59,1101.64,2.32,1.02593,0,0,0,0,0,3,60,0,1199.05,1394.82,2.52
17.5704,101,10,1418.07,805.78,0,0,0,1,1,32,0.15,3,60,2,1730.82,941.03,0
17.5807,115,21,2067.39,1048.73,2.95,1.47922,0,0,0,0,0,3,60,0,1462.3,1001.73,0
17.5815,116,28,1700.34,1279.26,3.14,2.8513,0,1,1,32,0.15,3,60,2,1883.44,2074.13,3.45
17.5896,127,46,2321.23,1878.77,0,0,0,0,0,0,0,3,60,0,1305.8,1279.78,3.63
17.5911,129,19,1459.93,998.13,0,0,0,0,0,0,0,3,60,0,2295.17,1157.12,6.71
17.5919,130,45,2083.26,1871.4,6.95,-3.14015,0,1,1,32,0.15,3,60,2,1890.19,1889.65,3.34
17.6022,9,27,1497.4,1359.22,3.07,2.79505,0,1,1,32,0.15,3,60,2,1742.39,958.375,0
17.6037,11,12,1849.7,868.669,16.34,2.61842,0,1,1,32,0.15,3,60,2,1275.88,1298.01,0
17.6133,24,28,1714.97,1274.32,2.39,2.80381,0,1,1,32,0.15,3,60,2,2293.25,1877.18,0
17.6148,26,27,1493.3,1357.3,5.85,2.79604,0,1,1,32,0.15,3,60,2,1978.7,2222.97,6.51
17.617,29,27,1654.82,1228.87,5.7,1.104,0,1,1,32,0.15,3,60,2,1559.9,1579.94,5.46
17.6348,53,20,1724.98,976.04,0,0,0,1,1,32,0.15,3,60,2,1224.74,2101.56,6.23
17.637,56,20,1785.49,1041.14,0,0,0,1,1,32,0.15,3,60,2,1659.94,1230.45,4.79
17.64,60,19,1497.15,1007.14,0,0,0,0,0,0,0,3,60,0,1603.84,1794.16,5.32
17.6437,65,20,1719.13,979.98,0,0,0,1,1,32,0.15,3,60,2,1431.33,994.63,0
17.6481,71,18,1431.33,994.63,0,0,0,0,0,0,0,3,60,0,1438.23,995.98,0
17.6533,78,18,1445.12,997.33,0,0,0,0,0,64,0.05,3,60,0,1301.88,1284.18,1.63
17.6541,79,19,1592.66,1116.03,6.51,1.07612,0,0,0,64,0.05,3,60,0,1831.38,1756.41,5.46
17.6644,93,19,1490.23,1006.13,0,0,0,0,0,0,0,3,60,0,2067.28,1881.86,7.38
17.6659,95,26,1265.55,1300.87,1.06,2.87368,0,1,1,32,0.15,3,60,2,1418.07,805.78,0
17.6667,96,19,1584.71,1101.84,2.32,1.02593,0,0,0,0,0,3,60,0,1199.09,1394.57,2.52
17.6704,101,10,1418.07,805.78,0,0,0,1,1,32,0.15,3,60,2,1730.82,941.03,0
17.6807,115,21,2067.41,1049.02,2.95,1.47922,0,0,0,0,0,3,60,0,1462.3,1001.73,0
17.6815,116,28,1700.04,1279.35,3.14,2.8513,0,1,1,32,0.15,3,60,2,1883.38,2073.79,3.45
17.6896,127,46,2321.23,1878.77,0,0,0,0,0,0,0,3,60,0,1306.15,1279.68,3.63
17.6911,129,19,1459.93,998.13,0,0,0,0,0,0,0,3,60,0,2294.51,1157.22,6.71
17.6919,130,45,2082.56,1871.4,6.95,-3.14015,0,1,1,32,0.15,3,60,2,1889.86,1889.71,3.34
17.7022,9,27,1497.11,1359.32,3.07,2.79505,0,1,1,32,0.15,3,60,2,1742.39,958.375,0
17.7037,11,12,1848.29,869.485,16.34,2.61842,0,1,1,32,0.15,3,60,2,1275.88,1298.01,0
17.7133,24,28,1714.74,1274.4,2.39,2.80381,0,1,1,32,0.15,3,60,2,2293.25,1877.18,0
17.7148,26,27,1492.75,1357.49,5.85,2.79604,0,1,1,32,0.15,3,60,2,1978.05,2223.01,6.51
17.717,29,27,1655.08,1229.38,5.7,1.104,0,1,1,32,0.15,3,60,2,1560.19,1579.48,5.46
17.7348,53,20,1724.98,976.04,0,0,0,1,1,32,0.15,3,60,2,1224.83,2102.18,6.23
17.737,56,20,1785.49,1041.14,0,0,0,1,1,32,0.15,3,60,2,1659.72,1230.02,4.79
17.74,60,19,1497.15,1007.14,0,0,0,0,0,0,0,3,60,0,1603.95,1794.68,5.32
17.7437,65,20,1719.13,979.98,0,0,0,1,1,32,0.15,3,60,2,1431.33,994.63,0
17.7481,71,18,1431.33,994.63,0,0,0,0,0,0,0,3,60,0,1438.23,995.98,0
17.7533,78,18,1445.12,997.33,0,0,0,0,0,64,0.05,3,60,0,1302.04,1284.14,1.63
17.7541,79,19,1592.97,1116.6,6.51,1.07612,0,0,0,64,0.05,3,60,0,1831.28,1755.87,5.46
17.7644,93,19,1490.23,1006.13,0,0,0,0,0,0,0,3,60,0,2068.02,1881.84,7.38
17.7659,95,26,1265.45,1300.89,1.06,2.87368,0,1,1,32,0.15,3,60,2,1418.07,805.78,0
17.7667,96,19,1584.83,1102.04,2.32,1.02593,0,0,0,0,0,3,60,0,1199.13,1394.32,2.52
17.7704,101,10,1418.07,805.78,0,0,0,1,1,32,0.15,3,60,2,1730.82,941.03,0
17.7807,115,21,2067.44,1049.31,2.95,1.47922,0,0,0,0,0,3,60,0,1462.3,1001.73,0
17.7815,116,28,1699.74,1279.44,3.14,2.8513,0,1,1,32,0.15,3,60,2,1883.32,2073.45,3.45
17.7896,127,46,2321.23,1878.77,0,0,0,0,0,0,0,3,60,0,1306.5,1279.58,3.63
17.7911,129,19,1459.93,998.13,0,0,0,0,0,0,0,3,60,0,2293.85,1157.33,6.71
17.7919,130,45,2081.87,1871.4,6.95,-3.14015,0,1,1,32,0.15,3,60,2,1889.54,1889.77,3.34
17.8022,9,27,1496.82,1359.43,3.07,2.79505,0,1,1,32,0.15,3,60,2,1742.39,958.375,0
17.8037,11,12,1846.87,870.301,16.34,2.61842,0,1,1,32,0.15,3,60,2,1275.88,1298.01,0
17.8133,24,28,1714.52,1274.48,2.39,2.80381,0,1,1,32,0.15,3,60,2,2293.25,1877.18,0
17.8148,26,27,1492.2,1357.69,5.85,2.79604,0,1,1,32,0.15,3,60,2,1977.4,2223.06,6.51
17.817,29,27,1655.34,1229.89,5.7,1.104,0,1,1,32,0.15,3,60,2,1560.48,1579.01,5.46
17.8348,53,20,1724.98,976.04,0,0,0,1,1,32,0.15,3,60,2,1224.92,2102.79,6.23
17.837,56,20,1785.49,1041.14,0,0,0,1,1,32,0.15,3,60,2,1659.51,1229.59,4.79
17.84,60,19,1497.15,1007.14,0,0,0,0,0,0,0,3,60,0,1604.05,1795.2,5.32
17.8437,65,20,1719.13,979.98,0,0,0,1,1,32,0.15,3,60,2,1431.33,994.63,0
17.8481,71,18,1431.33,994.63,0,0,0,0,0,0,0,3,60,0,1438.23,995.98,0
17.8533,78,18,1445.12,997.33,0,0,0,0,0,64,0.05,3,60,0,1302.2,1284.09,1.63
17.8541,79,19,1593.28,1117.17,6.51,1.07612,0,0,0,64,0.05,3,60,0,1831.18,1755.34,5.46
17.8644,93,19,1490.23,1006.13,0,0,0,0,0,0,0,3,60,0,2068.76,1881.83,7.38
17.8659,95,26,1265.34,1300.92,1.06,2.87368,0,1,1,32,0.15,3,60,2,1418.07,805.78,0
17.8667,96,19,1584.95,1102.24,2.32,1.02593,0,0,0,0,0,3,60,0,1199.17,1394.08,2.52
17.8704,101,10,1418.07,805.78,0,0,0,1,1,32,0.15,3,60,2,1730.82,941.03,0
17.8807,115,21,2067.47,1049.61,2.95,1.47922,0,0,0,0,0,3,60,0,1462.3,1001.73,0
17.8815,116,28,1699.43,1279.53,3.14,2.8513,0,1,1,32,0.15,3,60,2,1883.27,2073.11,3.45
17.8896,127,46,2321.23,1878.77,0,0,0,0,0,0,0,3,60,0,1306.85,1279.49,3.63
17.8911,129,19,1459.93,998.13,0,0,0,0,0,0,0,3,60,0,2293.18,1157.43,6.71
17.8919,130,45,2081.17,1871.4,6.95,-3.14015,0,1,1,32,0.15,3,60,2,1889.21,1889.83,3.34
17.9022,9,27,1496.53,1359.53,3.07,2.79505,0,1,1,32,0.15,3,60,2,1742.39,958.375,0
17.9037,11,12,1845.46,871.118,16.34,2.61842,0,1,1,32,0.15,3,60,2,1275.88,1298.01,0
17.9133,24,28,1714.29,1274.56,2.39,2.80381,0,1,1,32,0.15,3,60,2,2293.25,1877.18,0
17.9148,26,27,1491.65,1357.89,5.85,2.79604,0,1,1,32,0.15,3,60,2,1976.75,2223.1,6.51
17.917,29,27,1655.59,1230.4,5.7,1.104,0,1,1,32,0.15,3,60,2,1560.77,1578.55,5.46
17.9348,53,20,1724.98,976.04,0,0,0,1,1,32,0.15,3,60,2,1225,2103.41,6.23
17.937,56,20,1785.49,1041.14,0,0,0,1,1,32,0.15,3,60,2,1659.29,1229.17,4.79
17.94,60,19,1497.15,1007.14,0,0,0,0,0,0,0,3,60,0,1604.16,1795.73,5.32
17.9437,65,20,1719.13,979.98,0,0,0,1,1,32,0.15,3,60,2,1431.33,994.63,0
17.9481,71,18,1431.33,994.63,0,0,0,0,0,0,0,3,60,0,1438.23,995.98,0
17.9533,78,18,1445.12,997.33,0,0,0,0,0,64,0.05,3,60,0,1302.35,1284.05,1.63
17.9541,79,19,1593.59,1117.75,6.51,1.07612,0,0,0,64,0.05,3,60,0,1831.09,1754.8,5.46
17.9644,93,19,1490.23,1006.13,0,0,0,0,0,0,0,3,60,0,2069.5,1881.81,7.38
17.9659,95,26,1265.24,1300.95,1.06,2.87368,0,1,1,32,0.15,3,60,2,1418.07,805.78,0
17.9667,96,19,1585.07,1102.44,2.32,1.02593,0,0,0,0,0,3,60,0,1199.21,1393.83,2.52
17.9704,101,10,1418.07,805.78,0,0,0,1,1,32,0.15,3,60,2,1730.82,941.03,0
17.9807,115,21,2067.49,1049.9,2.95,1.47922,0,0,0,0,0,3,60,0,1462.3,1001.73,0
17.9815,116,28,1699.13,1279.62,3.14,2.8513,0,1,1,32,0.15,3,60,2,1883.21,2072.77,3.45
17.9896,127,46,2321.23,1878.77,0,0,0,0,0,0,0,3,60,0,1307.2,1279.39,3.63
17.9911,129,19,1459.93,998.13,0,0,0,0,0,0,0,3,60,0,2292.52,1157.54,6.71
17.9919,130,45,2080.48,1871.4,6.95,-3.14015,0,1,1,32,0.15,3,60,2,1888.88,1889.89,3.34
18.0022,9,27,1496.25,1359.63,4.11,2.79365,10.4,1,1,36,0.25,3,60,2,1742.39,958.375,0
18.0037,11,12,1844.07,871.92,16.29,2.61825,-0.5,1,1,32,0.15,3,60,2,1275.88,1298.01,0.72
18.0133,24,28,1714.06,1274.64,2.7,2.79862,3.1,1,1,32,0.15,3,60,2,2293.25,1877.18,0
18.0148,26,27,1491.09,1358.14,8.26,2.42762,24.1,1,1,166,0.45,3,60,2,1976.08,2223.15,8.15
18.017,29,27,1655.86,1230.93,7.82,1.10372,21.2,1,1,164,0.35,3,60,2,1561.04,1578.28,7.96
18.0348,53,20,1724.98,976.04,0,0,0,1,1,32,0.15,3,60,2,1225.09,2104.09,7.91
18.037,56,20,1785.49,1041.14,0,0,0,1,1,32,0.15,3,60,2,1659.04,1228.67,6.94
18.04,60,19,1497.15,1007.14,0,0,0,0,0,0,0,3,60,0,1604.27,1796.31,6.92
18.0437,65,20,1719.13,979.98,0,0,0,1,1,32,0.15,3,60,2,1431.33,994.63,0
18.0481,71,18,1431.33,994.63,0,0,0,0,0,0,0,3,60,0,1438.23,995.98,0
18.0533,78,18,1445.12,997.33,0,0,0,0,0,64,0.05,3,60,0,1302.6,1283.98,3.39
18.0541,79,19,1593.93,1118.38,8.23,1.07826,17.2,0,1,196,0.25,3,60,0,1830.98,1754.19,6.77
18.0644,93,19,1490.23,1006.13,0,0,0,0,0,0,0,3,60,0,2070.09,1881.79,5.1
18.0659,95,26,1265.07,1301,2.19,2.86894,11.3,1,1,36,0.25,3,60,2,1418.07,805.78,0
18.0667,96,19,1585.22,1102.68,3.16,1.02659,8.4,0,1,4,0.1,3,60,0,1199.26,1393.51,3.6
18.0704,101,10,1418.07,805.78,0,0,0,1,1,32,0.15,3,60,2,1730.82,941.03,0
18.0807,115,21,2067.53,1050.28,4,1.47833,10.5,0,1,4,0.1,3,60,0,1462.3,1001.73,0
18.0815,116,28,1698.77,1279.73,3.99,2.85017,8.5,1,1,36,0.25,3,60,2,1883.14,2072.34,4.63
18.0896,127,46,2321.23,1878.77,0,0,0,0,0,0,0,3,60,0,1307.68,1279.23,5.32
18.0911,129,19,1459.93,998.13,0,0,0,0,0,0,0,3,60,0,2291.68,1157.67,8.65
18.0919,130,45,2079.65,1871.41,8.39,3.12603,14.4,1,1,36,0.25,3,60,2,1888.39,1889.98,5.17
18.1022,9,27,1495.87,1359.77,4.11,2.79365,0,1,1,32,0.15,3,60,2,1742.39,958.375,0
18.1037,11,12,1842.66,872.734,16.29,2.61825,0,1,1,32,0.15,3,60,2,1275.81,1298.03,0.72
18.1133,24,28,1713.81,1274.73,2.7,2.79862,0,1,1,32,0.15,3,60,2,2293.25,1877.18,0
18.1148,26,27,1490.46,1358.68,8.26,2.42762,0,1,1,160,0.25,3,60,2,1975.27,2223.21,8.15
18.117,29,27,1656.21,1231.63,7.82,1.10372,0,1,1,160,0.25,3,60,2,1561.8,1578.03,7.96
18.137,56,20,1785.49,1041.14,0,0,0,1,1,32,0.15,3,60,2,1658.72,1228.05,6.94
18.14,60,19,1497.15,1007.14,0,0,0,0,0,0,0,3,60,0,1604.41,1796.99,6.92
18.1437,65,20,1719.13,979.98,0,0,0,1,1,32,0.15,3,60,2,1431.33,994.63,0
18.1481,71,18,1431.33,994.63,0,0,0,0,0,0,0,3,60,0,1438.23,995.98,0
18.1533,78,18,1445.12,997.33,0,0,0,0,0,64,0.05,3,60,0,1302.93,1283.89,3.39
18.1541,79,19,1594.32,1119.11,8.23,1.07826,0,0,1,192,0.15,3,60,0,1830.85,1753.53,6.77
18.1644,93,19,1490.23,1006.13,0,0,0,0,0,0,0,3,60,0,2070.6,1881.78,5.1
18.1659,95,26,1264.86,1301.06,2.19,2.86894,0,1,1,32,0.15,3,60,2,1418.07,805.78,0
18.1667,96,19,1585.38,1102.95,3.16,1.02659,0,0,0,0,0,3,60,0,1199.32,1393.15,3.6
18.1704,101,10,1418.07,805.78,0,0,0,1,1,32,0.15,3,60,2,1730.82,941.03,0
18.1807,115,21,2067.57,1050.68,4,1.47833,0,0,0,0,0,3,60,0,1462.3,1001.73,0
18.1815,116,28,1698.38,1279.84,3.99,2.85017,0,1,1,32,0.15,3,60,2,1883.06,2071.88,4.63
18.1896,127,46,2321.23,1878.77,0,0,0,0,0,0,0,3,60,0,1308.19,1279.06,5.32
18.1911,129,19,1459.93,998.13,0,0,0,0,0,0,0,3,60,0,2290.83,1157.81,8.65
18.1919,130,45,2078.81,1871.43,8.39,3.12603,0,1,1,32,0.15,3,60,2,1887.88,1890.08,5.17
18.2022,9,27,1495.48,1359.91,4.11,2.79365,0,1,1,32,0.15,3,60,2,1742.39,958.375,0
18.2037,11,12,1841.25,873.548,16.29,2.61825,0,1,1,32,0.15,3,60,2,1275.74,1298.05,0.72
18.2133,24,28,1713.55,1274.82,2.7,2.79862,0,1,1,32,0.15,3,60,2,2293.25,1877.18,0
18.2148,26,27,1489.84,1359.22,8.26,2.42762,0,1,1,160,0.25,3,60,2,1974.45,2223.26,8.15
18.217,29,27,1656.56,1232.33,7.82,1.10372,0,1,1,32,0.15,3,60,2,1562.55,1577.78,7.96
18.237,56,20,1785.49,1041.14,0,0,0,1,1,32,0.15,3,60,2,1658.41,1227.43,6.94
18.24,60,19,1497.15,1007.14,0,0,0,0,0,0,0,3,60,0,1604.54,1797.67,6.92
18.2437,65,20,1719.13,979.98,0,0,0,1,1,32,0.15,3,60,2,1431.33,994.63,0
18.2481,71,18,1431.33,994.63,0,0,0,0,0,0,0,3,60,0,1438.23,995.98,0
18.2533,78,18,1445.12,997.33,0,0,0,0,0,64,0.05,3,60,0,1303.25,1283.8,3.39
18.2541,79,19,1594.71,1119.83,8.23,1.07826,0,0,1,192,0.15,3,60,0,1830.73,1752.86,6.77
18.2644,93,19,1490.23,1006.13,0,0,0,0,0,0,0,3,60,0,2071.11,1881.77,5.1
18.2659,95,26,1264.65,1301.12,2.19,2.86894,0,1,1,32,0.15,3,60,2,1418.07,805.78,0
18.2667,96,19,1585.55,1103.22,3.16,1.02659,0,0,0,0,0,3,60,0,1199.38,1392.8,3.6
18.2704,101,10,1418.07,805.78,0,0,0,1,1,32,0.15,3,60,2,1730.82,941.03,0
18.2807,115,21,2067.6,1051.08,4,1.47833,0,0,0,0,0,3,60,0,1462.3,1001.73,0
18.2815,116,28,1698,1279.96,3.99,2.85017,0,1,1,32,0.15,3,60,2,1882.98,2071.43,4.63
18.2896,127,46,2321.23,1878.77,0,0,0,0,0,0,0,3,60,0,1308.69,1278.89,5.32
18.2911,129,19,1459.93,998.13,0,0,0,0,0,0,0,3,60,0,2289.97,1157.94,8.65
18.2919,130,45,2077.97,1871.44,8.39,3.12603,0,1,1,32,0.15,3,60,2,1887.37,1890.17,5.17
18.3022,9,27,1495.09,1360.05,4.11,2.79365,0,1,1,32,0.15,3,60,2,1742.39,958.375,0
18.3037,11,12,1839.83,874.363,16.29,2.61825,0,1,1,32,0.15,3,60,2,1275.67,1298.07,0.72
18.3133,24,28,1713.3,1274.92,2.7,2.79862,0,1,1,32,0.15,3,60,2,2293.25,1877.18,0
18.3148,26,27,1489.21,1359.76,8.26,2.42762,0,1,1,32,0.15,3,60,2,1973.64,2223.32,8.15
18.317,29,27,1656.92,1233.02,7.82,1.10372,0,1,1,32,0.15,3,60,2,1563.31,1577.53,7.96
18.337,56,20,1785.49,1041.14,0,0,0,1,1,32,0.15,3,60,2,1658.1,1226.81,6.94
18.34,60,19,1497.15,1007.14,0,0,0,0,0,0,0,3,60,0,1604.68,1798.35,6.92
18.3437,65,20,1719.13,979.98,0,0,0,1,1,32,0.15,3,60,2,1431.33,994.63,0
18.3481,71,18,1431.33,994.63,0,0,0,0,0,0,0,3,60,0,1438.23,995.98,0
18.3533,78,18,1445.12,997.33,0,0,0,0,0,64,0.05,3,60,0,1303.58,1283.71,3.39
18.3541,79,19,1595.1,1120.56,8.23,1.07826,0,0,1,192,0.15,3,60,0,1830.61,1752.19,6.77
18.3644,93,19,1490.23,1006.13,0,0,0,0,0,0,0,3,60,0,2071.62,1881.75,5.1
18.3659,95,26,1264.44,1301.18,2.19,2.86894,0,1,1,32,0.15,3,60,2,1418.07,805.78,0
18.3667,96,19,1585.71,1103.49,3.16,1.02659,0,0,0,0,0,3,60,0,1199.45,1392.44,3.6
18.3704,101,10,1418.07,805.78,0,0,0,1,1,32,0.15,3,60,2,1730.82,941.03,0
18.3807,115,21,2067.64,1051.47,4,1.47833,0,0,0,0,0,3,60,0,1462.3,1001.73,0
18.3815,116,28,1697.62,1280.07,3.99,2.85017,0,1,1,32,0.15,3,60,2,1882.9,2070.97,4.63
18.3896,127,46,2321.23,1878.77,0,0,0,0,0,0,0,3,60,0,1309.2,1278.73,5.32
18.3911,129,19,1459.93,998.13,0,0,0,0,0,0,0,3,60,0,2289.12,1158.08,8.65
18.3919,130,45,2077.13,1871.45,8.39,3.12603,0,1,1,32,0.15,3,60,2,1886.86,1890.27,5.17
18.4022,9,27,1494.71,1360.19,4.11,2.79365,0,1,1,32,0.15,3,60,2,1742.39,958.375,0
18.4037,11,12,1838.42,875.177,16.29,2.61825,0,1,1,32,0.15,3,60,2,1275.6,1298.09,0.72
18.4133,24,28,1713.05,1275.01,2.7,2.79862,0,1,1,32,0.15,3,60,2,2293.25,1877.18,0
18.4148,26,27,1488.59,1360.3,8.26,2.42762,0,1,1,32,0.15,3,60,2,1972.83,2223.38,8.15
18.417,29,27,1657.27,1233.72,7.82,1.10372,0,1,1,32,0.15,3,60,2,1564.06,1577.28,7.96
18.437,56,20,1785.49,1041.14,0,0,0,1,1,32,0.15,3,60,2,1657.79,1226.19,6.94
18.44,60,19,1497.15,1007.14,0,0,0,0,0,0,0,3,60,0,1604.81,1799.02,6.92
18.4437,65,20,1719.13,979.98,0,0,0,1,1,32,0.15,3,60,2,1431.33,994.63,0
18.4481,71,18,1431.33,994.63,0,0,0,0,0,0,0,3,60,0,1438.23,995.98,0
18.4533,78,18,1445.12,997.33,0,0,0,0,0,64,0.05,3,60,0,1303.91,1283.62,3.39
18.4541,79,19,1595.49,1121.28,8.23,1.07826,0,0,0,64,0.05,3,60,0,1830.49,1751.53,6.77
18.4644,93,19,1490.23,1006.13,0,0,0,0,0,0,0,3,60,0,2072.13,1881.74,5.1
18.4659,95,26,1264.23,1301.23,2.19,2.86894,0,1,1,32,0.15,3,60,2,1418.07,805.78,0
18.4667,96,19,1585.87,1103.76,3.16,1.02659,0,0,0,0,0,3,60,0,1199.51,1392.09,3.6
18.4704,101,10,1418.07,805.78,0,0,0,1,1,32,0.15,3,60,2,1730.82,941.03,0
18.4807,115,21,2067.68,1051.87,4,1.47833,0,0,0,0,0,3,60,0,1462.3,1001.73,0
18.4815,116,28,1697.24,1280.19,3.99,2.85017,0,1,1,32,0.15,3,60,2,1882.82,2070.51,4.63
18.4896,127,46,2321.23,1878.77,0,0,0,0,0,0,0,3,60,0,1309.7,1278.56,5.32
18.4911,129,19,1459.93,998.13,0,0,0,0,0,0,0,3,60,0,2288.27,1158.22,8.65
18.4919,130,45,2076.29,1871.46,8.39,3.12603,0,1,1,32,0.15,3,60,2,1886.35,1890.36,5.17
18.5022,9,27,1494.32,1360.33,4.11,2.79365,0,1,1,32,0.15,3,60,2,1742.39,958.375,0
18.5037,11,12,1837.01,875.991,16.29,2.61825,0,1,1,32,0.15,3,60,2,1275.53,1298.11,0.72
18.5133,24,28,1712.79,1275.1,2.7,2.79862,0,1,1,32,0.15,3,60,2,2293.25,1877.18,0
18.5148,26,27,1487.97,1360.84,8.26,2.42762,0,1,1,32,0.15,3,60,2,1972.01,2223.43,8.15
18.517,29,27,1657.62,1234.42,7.82,1.10372,0,1,1,32,0.15,3,60,2,1564.82,1577.03,7.96
18.537,56,20,1785.49,1041.14,0,0,0,1,1,32,0.15,3,60,2,1657.47,1225.57,6.94
18.54,60,19,1497.15,1007.14,0,0,0,0,0,0,0,3,60,0,1604.95,1799.7,6.92
18.5437,65,20,1719.13,979.98,0,0,0,1,1,32,0.15,3,60,2,1431.33,994.63,0
18.5481,71,18,1431.33,994.63,0,0,0,0,0,0,0,3,60,0,1438.23,995.98,0
18.5533,78,18,1445.12,997.33,0,0,0,0,0,64,0.05,3,60,0,1304.23,1283.53,3.39
18.5541,79,19,1595.88,1122.01,8.23,1.07826,0,0,0,64,0.05,3,60,0,1830.37,1750.86,6.77
18.5644,93,19,1490.23,1006.13,0,0,0,0,0,0,0,3,60,0,2072.64,1881.73,5.1
18.5659,95,26,1264.02,1301.29,2.19,2.86894,0,1,1,32,0.15,3,60,2,1418.07,805.78,0
18.5667,96,19,1586.04,1104.03,3.16,1.02659,0,0,0,0,0,3,60,0,1199.57,1391.73,3.6
18.5704,101,10,1418.07,805.78,0,0,0,1,1,32,0.15,3,60,2,1730.82,941.03,0
18.5807,115,21,2067.71,1052.27,4,1.47833,0,0,0,0,0,3,60,0,1462.3,1001.73,0
18.5815,116,28,1696.86,1280.3,3.99,2.85017,0,1,1,32,0.15,3,60,2,1882.74,2070.06,4.63
18.5896,127,46,2321.23,1878.77,0,0,0,0,0,0,0,3,60,0,1310.21,1278.39,5.32
18.5911,129,19,1459.93,998.13,0,0,0,0,0,0,0,3,60,0,2287.41,1158.35,8.65
18.5919,130,45,2075.46,1871.48,8.39,3.12603,0,1,1,32,0.15,3,60,2,1885.84,1890.45,5.17
18.6022,9,27,1493.93,1360.47,4.11,2.79365,0,1,1,32,0.15,3,60,2,1742.39,958.375,0
18.6037,11,12,1835.6,876.805,16.29,2.61825,0,1,1,32,0.15,3,60,2,1275.46,1298.13,0.72
18.6133,24,28,1712.54,1275.19,2.7,2.79862,0,1,1,32,0.15,3,60,2,2293.25,1877.18,0
18.6148,26,27,1487.34,1361.39,8.26,2.42762,0,1,1,32,0.15,3,60,2,1971.2,2223.49,8.15
18.617,29,27,1657.97,1235.12,7.82,1.10372,0,1,1,32,0.15,3,60,2,1565.58,1576.78,7.96
18.637,56,20,1785.49,1041.14,0,0,0,1,1,32,0.15,3,60,2,1657.16,1224.95,6.94
18.64,60,19,1497.15,1007.14,0,0,0,0,0,0,0,3,60,0,1605.08,1800.38,6.92
18.6437,65,20,1719.13,979.98,0,0,0,1,1,32,0.15,3,60,2,1431.33,994.63,0
18.6481,71,18,1431.33,994.63,0,0,0,0,0,0,0,3,60,0,1438.23,995.98,0
18.6533,78,18,1445.12,997.33,0,0,0,0,0,64,0.05,3,60,0,1304.56,1283.44,3.39
18.6541,79,19,1596.27,1122.73,8.23,1.07826,0,0,0,64,0.05,3,60,0,1830.25,1750.2,6.77
18.6644,93,19,1490.23,1006.13,0,0,0,0,0,0,0,3,60,0,2073.15,1881.71,5.1
18.6659,95,26,1263.81,1301.35,2.19,2.86894,0,1,1,32,0.15,3,60,2,1418.07,805.78,0
18.6667,96,19,1586.2,1104.3,3.16,1.02659,0,0,0,0,0,3,60,0,1199.63,1391.38,3.6
18.6704,101,10,1418.07,805.78,0,0,0,1,1,32,0.15,3,60,2,1730.82,941.03,0
18.6807,115,21,2067.75,1052.67,4,1.47833,0,0,0,0,0,3,60,0,1462.3,1001.73,0
18.6815,116,28,1696.47,1280.42,3.99,2.85017,0,1,1,32,0.15,3,60,2,1882.66,2069.6,4.63
18.6896,127,46,2321.23,1878.77,0,0,0,0,0,0,0,3,60,0,1310.71,1278.22,5.32
18.6911,129,19,1459.93,998.13,0,0,0,0,0,0,0,3,60,0,2286.56,1158.49,8.65
18.6919,130,45,2074.62,1871.49,8.39,3.12603,0,1,1,32,0.15,3,60,2,1885.34,1890.55,5.17
18.7022,9,27,1493.55,1360.61,4.11,2.79365,0,1,1,32,0.15,3,60,2,1742.39,958.375,0
18.7037,11,12,1834.19,877.619,16.29,2.61825,0,1,1,32,0.15,3,60,2,1275.39,1298.15,0.72
18.7133,24,28,1712.28,1275.28,2.7,2.79862,0,1,1,32,0.15,3,60,2,2293.25,1877.18,0
18.7148,26,27,1486.72,1361.93,8.26,2.42762,0,1,1,32,0.15,3,60,2,1970.39,2223.55,8.15
18.717,29,27,1658.32,1235.82,7.82,1.10372,0,1,1,32,0.15,3,60,2,1566.33,1576.53,7.96
18.737,56,20,1785.49,1041.14,0,0,0,1,1,32,0.15,3,60,2,1656.85,1224.33,6.94
18.74,60,19,1497.15,1007.14,0,0,0,0,0,0,0,3,60,0,1605.22,1801.06,6.92
18.7437,65,20,1719.13,979.98,0,0,0,1,1,32,0.15,3,60,2,1431.33,994.63,0
18.7481,71,18,1431.33,994.63,0,0,0,0,0,0,0,3,60,0,1438.23,995.98,0
18.7533,78,18,1445.12,997.33,0,0,0,0,0,64,0.05,3,60,0,1304.89,1283.35,3.39
18.7541,79,19,1596.65,1123.46,8.23,1.07826,0,0,0,64,0.05,3,60,0,1830.13,1749.53,6.77
18.7644,93,19,1490.23,1006.13,0,0,0,0,0,0,0,3,60,0,2073.66,1881.7,5.1
18.7659,95,26,1263.59,1301.41,2.19,2.86894,0,1,1,32,0.15,3,60,2,1418.07,805.78,0
18.7667,96,19,1586.36,1104.57,3.16,1.02659,0,0,0,0,0,3,60,0,1199.69,1391.03,3.6
18.7704,101,10,1418.07,805.78,0,0,0,1,1,32,0.15,3,60,2,1730.82,941.03,0
18.7807,115,21,2067.79,1053.07,4,1.47833,0,0,0,0,0,3,60,0,1462.3,1001.73,0
18.7815,116,28,1696.09,1280.53,3.99,2.85017,0,1,1,32,0.15,3,60,2,1882.58,2069.14,4.63
18.7896,127,46,2321.23,1878.77,0,0,0,0,0,0,0,3,60,0,1311.22,1278.05,5.32
18.7911,129,19,1459.93,998.13,0,0,0,0,0,0,0,3,60,0,2285.7,1158.62,8.65
18.7919,130,45,2073.78,1871.5,8.39,3.12603,0,1,1,32,0.15,3,60,2,1884.83,1890.64,5.17
18.8022,9,27,1493.16,1360.75,4.11,2.79365,0,1,1,32,0.15,3,60,2,1742.39,958.375,0
18.8037,11,12,1832.78,878.433,16.29,2.61825,0,1,1,32,0.15,3,60,2,1275.32,1298.17,0.72
18.8133,24,28,1712.03,1275.37,2.7,2.79862,0,1,1,32,0.15,3,60,2,2293.25,1877.18,0
18.8148,26,27,1486.09,1362.47,8.26,2.42762,0,1,1,32,0.15,3,60,2,1969.57,2223.6,8.15
18.817,29,27,1658.68,1236.51,7.82,1.10372,0,1,1,32,0.15,3,60,2,1567.09,1576.29,7.96
18.837,56,20,1785.49,1041.14,0,0,0,1,1,32,0.15,3,60,2,1656.54,1223.71,6.94
18.84,60,19,1497.15,1007.14,0,0,0,0,0,0,0,3,60,0,1605.35,1801.74,6.92
18.8437,65,20,1719.13,979.98,0,0,0,1,1,32,0.15,3,60,2,1431.33,994.63,0
18.8481,71,18,1431.33,994.63,0,0,0,0,0,0,0,3,60,0,1438.23,995.98,0
18.8533,78,18,1445.12,997.33,0,0,0,0,0,64,0.05,3,60,0,1305.21,1283.26,3.39
18.8541,79,19,1597.04,1124.18,8.23,1.07826,0,0,0,64,0.05,3,60,0,1830.01,1748.86,6.77
18.8644,93,19,1490.23,1006.13,0,0,0,0,0,0,0,3,60,0,2074.17,1881.69,5.1
18.8659,95,26,1263.38,1301.47,2.19,2.86894,0,1,1,32,0.15,3,60,2,1418.07,805.78,0
18.8667,96,19,1586.53,1104.84,3.16,1.02659,0,0,0,0,0,3,60,0,1199.76,1390.67,3.6
18.8704,101,10,1418.07,805.78,0,0,0,1,1,32,0.15,3,60,2,1730.82,941.03,0
18.8807,115,21,2067.83,1053.47,4,1.47833,0,0,0,0,0,3,60,0,1462.3,1001.73,0
18.8896,127,46,2321.23,1878.77,0,0,0,0,0,0,0,3,60,0,1311.72,1277.89,5.32
18.8911,129,19,1459.93,998.13,0,0,0,0,0,0,0,3,60,0,2284.85,1158.76,8.65
18.8919,130,45,2072.94,1871.52,8.39,3.12603,0,1,1,32,0.15,3,60,2,1884.32,1890.74,5.17
18.9022,9,27,1492.77,1360.89,4.11,2.79365,0,1,1,32,0.15,3,60,2,1742.39,958.375,0
18.9037,11,12,1831.37,879.247,16.29,2.61825,0,1,1,32,0.15,3,60,2,1275.26,1298.19,0.72
18.9133,24,28,1711.77,1275.46,2.7,2.79862,0,1,1,32,0.15,3,60,2,2293.25,1877.18,0
18.9148,26,27,1485.47,1363.01,8.26,2.42762,0,1,1,32,0.15,3,60,2,1968.76,2223.66,8.15
18.917,29,27,1659.03,1237.21,7.82,1.10372,0,1,1,32,0.15,3,60,2,1567.84,1576.04,7.96
18.937,56,20,1785.49,1041.14,0,0,0,1,1,32,0.15,3,60,2,1656.22,1223.09,6.94
18.94,60,19,1497.15,1007.14,0,0,0,0,0,0,0,3,60,0,1605.49,1802.42,6.92
18.9437,65,20,1719.13,979.98,0,0,0,1,1,32,0.15,3,60,2,1431.33,994.63,0
18.9481,71,18,1431.33,994.63,0,0,0,0,0,0,0,3,60,0,1438.23,995.98,0
18.9533,78,18,1445.12,997.33,0,0,0,0,0,64,0.05,3,60,0,1305.54,1283.16,3.39
18.9541,79,19,1597.43,1124.91,8.23,1.07826,0,0,0,64,0.05,3,60,0,1829.89,1748.2,6.77
18.9644,93,19,1490.23,1006.13,0,0,0,0,0,0,0,3,60,0,2074.68,1881.67,5.1
18.9659,95,26,1263.17,1301.53,2.19,2.86894,0,1,1,32,0.15,3,60,2,1418.07,805.78,0
18.9667,96,19,1586.69,1105.11,3.16,1.02659,0,0,0,0,0,3,60,0,1199.82,1390.32,3.6
18.9704,101,10,1418.07,805.78,0,0,0,1,1,32,0.15,3,60,2,1730.82,941.03,0
18.9807,115,21,2067.86,1053.86,4,1.47833,0,0,0,0,0,3,60,0,1462.3,1001.73,0
18.9896,127,46,2321.23,1878.77,0,0,0,0,0,0,0,3,60,0,1312.23,1277.72,5.32
18.9911,129,19,1459.93,998.13,0,0,0,0,0,0,0,3,60,0,2283.99,1158.89,8.65
18.9919,130,45,2072.1,1871.53,8.39,3.12603,0,1,1,32,0.15,3,60,2,1883.81,1890.83,5.17
19.0022,9,27,1492.39,1361.03,4.35,2.79517,2.4,1,1,32,0.15,3,60,2,1742.39,958.375,0
19.0037,11,12,1829.98,880.05,16.37,2.61827,0.8,1,1,32,0.15,3,60,2,1275.18,1298.21,1.74
19.0133,24,28,1711.5,1275.56,4.41,2.7975,17.1,1,1,36,0.25,3,60,2,2293.25,1877.18,0
19.0148,26,27,1484.8,1363.52,10.19,2.77489,19.3,1,1,38,0.35,3,60,2,1967.92,2223.72,10.25
19.017,29,27,1659.39,1237.93,9.41,1.10192,15.9,1,1,36,0.25,3,60,2,1568.46,1575.87,8
19.037,56,20,1785.49,1041.14,0,0,0,1,1,32,0.15,3,60,2,1655.89,1222.42,8.44
19.04,60,19,1497.15,1007.14,0,0,0,0,0,0,0,3,60,0,1605.64,1803.2,9.46
19.0437,65,20,1719.13,979.98,0,0,0,1,1,32,0.15,3,60,2,1431.33,994.63,0
19.0481,71,18,1431.33,994.63,0,0,0,0,0,0,0,3,60,0,1438.23,995.98,0
19.0533,78,18,1445.12,997.33,0,0,0,0,0,64,0.05,3,60,0,1305.85,1283.08,3.1
19.0541,79,19,1597.85,1125.69,9.85,1.07617,16.2,0,1,196,0.25,3,60,0,1829.74,1747.41,9.02
19.0644,93,19,1490.23,1006.13,0,0,0,0,0,0,0,3,60,0,2075.14,1881.66,4.4
19.0659,95,26,1262.91,1301.6,2.96,2.87209,7.7,1,1,36,0.25,3,60,2,1418.07,805.78,0
19.0667,96,19,1586.89,1105.45,4.31,1.06025,11.5,0,1,4,0.1,3,60,0,1199.89,1389.9,4.61
19.0704,101,10,1418.07,805.78,0,0,0,1,1,32,0.15,3,60,2,1730.82,941.03,0
19.0807,115,21,2067.91,1054.35,5.11,1.47872,11.1,0,1,4,0.1,3,60,0,1462.3,1001.73,0
19.0896,127,46,2321.23,1878.77,0,0,0,0,0,0,0,3,60,0,1312.71,1277.54,5.43
19.0911,129,19,1459.93,998.13,0,0,0,0,0,0,0,3,60,0,2282.92,1159.06,11.07
19.0919,130,45,2071.18,1871.55,9.72,3.11894,13.3,1,1,36,0.25,3,60,2,1883.14,1890.96,7.01
19.1022,9,27,1491.98,1361.18,4.35,2.79517,0,1,1,32,0.15,3,60,2,1742.39,958.375,0
19.1037,11,12,1828.56,880.868,16.37,2.61827,0,1,1,32,0.15,3,60,2,1275.01,1298.26,1.74
19.1133,24,28,1711.08,1275.71,4.41,2.7975,0,1,1,32,0.15,3,60,2,2293.25,1877.18,0
19.1148,26,27,1483.85,1363.89,10.19,2.77489,0,1,1,32,0.15,3,60,2,1966.89,2223.78,10.25
19.117,29,27,1659.82,1238.77,9.41,1.10192,0,1,1,32,0.15,3,60,2,1569.26,1575.84,8
19.137,56,20,1785.49,1041.14,0,0,0,1,1,32,0.15,3,60,2,1655.51,1221.67,8.44
19.14,60,19,1497.15,1007.14,0,0,0,0,0,0,0,3,60,0,1605.82,1804.13,9.46
19.1437,65,20,1719.13,979.98,0,0,0,1,1,32,0.15,3,60,2,1431.33,994.63,0
19.1481,71,18,1431.33,994.63,0,0,0,0,0,0,0,3,60,0,1438.23,995.98,0
19.1533,78,18,1445.12,997.33,0,0,0,0,0,64,0.05,3,60,0,1306.15,1283,3.1
19.1541,79,19,1598.32,1126.56,9.85,1.07617,0,0,1,192,0.15,3,60,0,1829.58,1746.52,9.02
19.1644,93,19,1490.23,1006.13,0,0,0,0,0,0,0,3,60,0,2075.58,1881.65,4.4
19.1659,95,26,1262.63,1301.68,2.96,2.87209,0,1,1,32,0.15,3,60,2,1418.07,805.78,0
19.1667,96,19,1587.1,1105.83,4.31,1.06025,0,0,0,0,0,3,60,0,1199.98,1389.44,4.61
19.1704,101,10,1418.07,805.78,0,0,0,1,1,32,0.15,3,60,2,1730.82,941.03,0
19.1807,115,21,2067.95,1054.86,5.11,1.47872,0,0,0,0,0,3,60,0,1462.3,1001.73,0
19.1896,127,46,2321.23,1878.77,0,0,0,0,0,0,0,3,60,0,1313.22,1277.35,5.43
19.1911,129,19,1459.93,998.13,0,0,0,0,0,0,0,3,60,0,2281.83,1159.24,11.07
19.1919,130,45,2070.21,1871.57,9.72,3.11894,0,1,1,32,0.15,3,60,2,1882.45,1891.09,7.01
19.2022,9,27,1491.57,1361.33,4.35,2.79517,0,1,1,32,0.15,3,60,2,1742.39,958.375,0
19.2037,11,12,1827.14,881.687,16.37,2.61827,0,1,1,32,0.15,3,60,2,1274.85,1298.3,1.74
19.2133,24,28,1710.67,1275.86,4.41,2.7975,0,1,1,32,0.15,3,60,2,2293.25,1877.18,0
19.2148,26,27,1482.89,1364.25,10.19,2.77489,0,1,1,32,0.15,3,60,2,1965.87,2223.85,10.25
19.217,29,27,1660.24,1239.61,9.41,1.10192,0,1,1,32,0.15,3,60,2,1570.06,1575.8,8
19.237,56,20,1785.49,1041.14,0,0,0,1,1,32,0.15,3,60,2,1655.13,1220.91,8.44
19.24,60,19,1497.15,1007.14,0,0,0,0,0,0,0,3,60,0,1606.01,1805.05,9.46
19.2437,65,20,1719.13,979.98,0,0,0,1,1,32,0.15,3,60,2,1431.33,994.63,0
19.2481,71,18,1431.33,994.63,0,0,0,0,0,0,0,3,60,0,1438.23,995.98,0
19.2533,78,18,1445.12,997.33,0,0,0,0,0,64,0.05,3,60,0,1306.45,1282.91,3.1
19.2541,79,19,1598.79,1127.42,9.85,1.07617,0,0,1,192,0.15,3,60,0,1829.42,1745.64,9.02
19.2644,93,19,1490.23,1006.13,0,0,0,0,0,0,0,3,60,0,2076.02,1881.63,4.4
19.2659,95,26,1262.34,1301.76,2.96,2.87209,0,1,1,32,0.15,3,60,2,1418.07,805.78,0
19.2667,96,19,1587.31,1106.21,4.31,1.06025,0,0,0,0,0,3,60,0,1200.06,1388.99,4.61
19.2704,101,10,1418.07,805.78,0,0,0,1,1,32,0.15,3,60,2,1730.82,941.03,0
19.2807,115,21,2068,1055.37,5.11,1.47872,0,0,0,0,0,3,60,0,1462.3,1001.73,0
19.2896,127,46,2321.23,1878.77,0,0,0,0,0,0,0,3,60,0,1313.73,1277.17,5.43
19.2911,129,19,1459.93,998.13,0,0,0,0,0,0,0,3,60,0,2280.74,1159.41,11.07
19.2919,130,45,2069.23,1871.59,9.72,3.11894,0,1,1,32,0.15,3,60,2,1881.76,1891.21,7.01
19.3022,9,27,1491.16,1361.48,4.35,2.79517,0,1,1,32,0.15,3,60,2,1742.39,958.375,0
19.3037,11,12,1825.72,882.505,16.37,2.61827,0,1,1,32,0.15,3,60,2,1274.68,1298.35,1.74
19.3133,24,28,1710.25,1276,4.41,2.7975,0,1,1,32,0.15,3,60,2,2293.25,1877.18,0
19.3148,26,27,1481.94,1364.62,10.19,2.77489,0,1,1,32,0.15,3,60,2,1964.85,2223.91,10.25
19.317,29,27,1660.67,1240.45,9.41,1.10192,0,1,1,32,0.15,3,60,2,1570.85,1575.76,8
19.337,56,20,1785.49,1041.14,0,0,0,1,1,32,0.15,3,60,2,1654.75,1220.16,8.44
19.34,60,19,1497.15,1007.14,0,0,0,0,0,0,0,3,60,0,1606.19,1805.98,9.46
19.3437,65,20,1719.13,979.98,0,0,0,1,1,32,0.15,3,60,2,1431.33,994.63,0
19.3481,71,18,1431.33,994.63,0,0,0,0,0,0,0,3,60,0,1438.23,995.98,0
19.3533,78,18,1445.12,997.33,0,0,0,0,0,64,0.05,3,60,0,1306.75,1282.83,3.1
19.3541,79,19,1599.26,1128.29,9.85,1.07617,0,0,1,192,0.15,3,60,0,1829.26,1744.75,9.02
19.3644,93,19,1490.23,1006.13,0,0,0,0,0,0,0,3,60,0,2076.46,1881.62,4.4
19.3659,95,26,1262.06,1301.84,2.96,2.87209,0,1,1,32,0.15,3,60,2,1418.07,805.78,0
19.3667,96,19,1587.52,1106.58,4.31,1.06025,0,0,0,0,0,3,60,0,1200.15,1388.54,4.61
19.3704,101,10,1418.07,805.78,0,0,0,1,1,32,0.15,3,60,2,1730.82,941.03,0
19.3807,115,21,2068.05,1055.88,5.11,1.47872,0,0,0,0,0,3,60,0,1462.3,1001.73,0
19.3896,127,46,2321.23,1878.77,0,0,0,0,0,0,0,3,60,0,1314.24,1276.98,5.43
19.3911,129,19,1459.93,998.13,0,0,0,0,0,0,0,3,60,0,2279.64,1159.58,11.07
19.3919,130,45,2068.26,1871.62,9.72,3.11894,0,1,1,32,0.15,3,60,2,1881.07,1891.34,7.01
19.4022,9,27,1490.75,1361.62,4.35,2.79517,0,1,1,32,0.15,3,60,2,1742.39,958.375,0
19.4037,11,12,1824.31,883.323,16.37,2.61827,0,1,1,32,0.15,3,60,2,1274.51,1298.39,1.74
19.4133,24,28,1709.84,1276.15,4.41,2.7975,0,1,1,32,0.15,3,60,2,2293.25,1877.18,0
19.4148,26,27,1480.99,1364.98,10.19,2.77489,0,1,1,32,0.15,3,60,2,1963.82,2223.97,10.25
19.417,29,27,1661.09,1241.29,9.41,1.10192,0,1,1,32,0.15,3,60,2,1571.65,1575.73,8
19.437,56,20,1785.49,1041.14,0,0,0,1,1,32,0.15,3,60,2,1654.38,1219.4,8.44
19.44,60,19,1497.15,1007.14,0,0,0,0,0,0,0,3,60,0,1606.38,1806.91,9.46
19.4437,65,20,1719.13,979.98,0,0,0,1,1,32,0.15,3,60,2,1431.33,994.63,0
19.4481,71,18,1431.33,994.63,0,0,0,0,0,0,0,3,60,0,1438.23,995.98,0
19.4533,78,18,1445.12,997.33,0,0,0,0,0,64,0.05,3,60,0,1307.05,1282.75,3.1
19.4541,79,19,1599.72,1129.16,9.85,1.07617,0,0,1,192,0.15,3,60,0,1829.1,1743.86,9.02
19.4644,93,19,1490.23,1006.13,0,0,0,0,0,0,0,3,60,0,2076.9,1881.6,4.4
19.4659,95,26,1261.77,1301.92,2.96,2.87209,0,1,1,32,0.15,3,60,2,1418.07,805.78,0
19.4667,96,19,1587.73,1106.96,4.31,1.06025,0,0,0,0,0,3,60,0,1200.23,1388.08,4.61
19.4704,101,10,1418.07,805.78,0,0,0,1,1,32,0.15,3,60,2,1730.82,941.03,0
19.4807,115,21,2068.1,1056.39,5.11,1.47872,0,0,0,0,0,3,60,0,1462.3,1001.73,0
19.4896,127,46,2321.23,1878.77,0,0,0,0,0,0,0,3,60,0,1314.74,1276.79,5.43
19.4911,129,19,1459.93,998.13,0,0,0,0,0,0,0,3,60,0,2278.55,1159.75,11.07
19.4919,130,45,2067.29,1871.64,9.72,3.11894,0,1,1,32,0.15,3,60,2,1880.38,1891.47,7.01
19.5022,9,27,1490.35,1361.77,4.35,2.79517,0,1,1,32,0.15,3,60,2,1742.39,958.375,0
19.5037,11,12,1822.89,884.141,16.37,2.61827,0,1,1,32,0.15,3,60,2,1274.34,1298.44,1.74
19.5133,24,28,1709.42,1276.3,4.41,2.7975,0,1,1,32,0.15,3,60,2,2293.25,1877.18,0
19.5148,26,27,1480.04,1365.35,10.19,2.77489,0,1,1,32,0.15,3,60,2,1962.8,2224.04,10.25
19.517,29,27,1661.52,1242.13,9.41,1.10192,0,1,1,32,0.15,3,60,2,1572.45,1575.69,8
19.537,56,20,1785.49,1041.14,0,0,0,1,1,32,0.15,3,60,2,1654,1218.65,8.44
19.54,60,19,1497.15,1007.14,0,0,0,0,0,0,0,3,60,0,1606.56,1807.84,9.46
19.5437,65,20,1719.13,979.98,0,0,0,1,1,32,0.15,3,60,2,1431.33,994.63,0
19.5481,71,18,1431.33,994.63,0,0,0,0,0,0,0,3,60,0,1438.23,995.98,0
19.5533,78,18,1445.12,997.33,0,0,0,0,0,64,0.05,3,60,0,1307.35,1282.67,3.1
19.5541,79,19,1600.19,1130.02,9.85,1.07617,0,0,1,192,0.15,3,60,0,1828.94,1742.97,9.02
19.5644,93,19,1490.23,1006.13,0,0,0,0,0,0,0,3,60,0,2077.34,1881.59,4.4
19.5659,95,26,1261.49,1302,2.96,2.87209,0,1,1,32,0.15,3,60,2,1418.07,805.78,0
19.5667,96,19,1587.94,1107.33,4.31,1.06025,0,0,0,0,0,3,60,0,1200.31,1387.63,4.61
19.5704,101,10,1418.07,805.78,0,0,0,1,1,32,0.15,3,60,2,1730.82,941.03,0
19.5807,115,21,2068.14,1056.9,5.11,1.47872,0,0,0,0,0,3,60,0,1462.3,1001.73,0
19.5896,127,46,2321.23,1878.77,0,0,0,0,0,0,0,3,60,0,1315.25,1276.6,5.43
19.5911,129,19,1459.93,998.13,0,0,0,0,0,0,0,3,60,0,2277.45,1159.92,11.07
19.5919,130,45,2066.32,1871.66,9.72,3.11894,0,1,1,32,0.15,3,60,2,1879.69,1891.6,7.01
19.6022,9,27,1489.94,1361.92,4.35,2.79517,0,1,1,32,0.15,3,60,2,1742.39,958.375,0
19.6037,11,12,1821.47,884.959,16.37,2.61827,0,1,1,32,0.15,3,60,2,1274.18,1298.49,1.74
19.6133,24,28,1709.01,1276.45,4.41,2.7975,0,1,1,32,0.15,3,60,2,2293.25,1877.18,0
19.6148,26,27,1479.09,1365.72,10.19,2.77489,0,1,1,32,0.15,3,60,2,1961.78,2224.1,10.25
19.617,29,27,1661.94,1242.97,9.41,1.10192,0,1,1,32,0.15,3,60,2,1573.25,1575.65,8
19.637,56,20,1785.49,1041.14,0,0,0,1,1,32,0.15,3,60,2,1653.62,1217.89,8.44
19.64,60,19,1497.15,1007.14,0,0,0,0,0,0,0,3,60,0,1606.74,1808.76,9.46
19.6437,65,20,1719.13,979.98,0,0,0,1,1,32,0.15,3,60,2,1431.33,994.63,0
19.6481,71,18,1431.33,994.63,0,0,0,0,0,0,0,3,60,0,1438.23,995.98,0
19.6533,78,18,1445.12,997.33,0,0,0,0,0,64,0.05,3,60,0,1307.65,1282.58,3.1
19.6541,79,19,1600.66,1130.89,9.85,1.07617,0,0,1,192,0.15,3,60,0,1828.78,1742.09,9.02
19.6644,93,19,1490.23,1006.13,0,0,0,0,0,0,0,3,60,0,2077.78,1881.57,4.4
19.6659,95,26,1261.2,1302.07,2.96,2.87209,0,1,1,32,0.15,3,60,2,1418.07,805.78,0
19.6667,96,19,1588.15,1107.71,4.31,1.06025,0,0,0,0,0,3,60,0,1200.4,1387.18,4.61
19.6704,101,10,1418.07,805.78,0,0,0,1,1,32,0.15,3,60,2,1730.82,941.03,0
19.6807,115,21,2068.19,1057.4,5.11,1.47872,0,0,0,0,0,3,60,0,1462.3,1001.73,0
19.6896,127,46,2321.23,1878.77,0,0,0,0,0,0,0,3,60,0,1315.76,1276.41,5.43
19.6911,129,19,1459.93,998.13,0,0,0,0,0,0,0,3,60,0,2276.36,1160.1,11.07
19.6919,130,45,2065.35,1871.68,9.72,3.11894,0,1,1,32,0.15,3,60,2,1879,1891.73,7.01
19.7022,9,27,1489.53,1362.07,4.35,2.79517,0,1,1,32,0.15,3,60,2,1742.39,958.375,0
19.7037,11,12,1820.05,885.777,16.37,2.61827,0,1,1,32,0.15,3,60,2,1274.01,1298.53,1.74
19.7133,24,28,1708.59,1276.6,4.41,2.7975,0,1,1,32,0.15,3,60,2,2293.25,1877.18,0
19.7148,26,27,1478.14,1366.08,10.19,2.77489,0,1,1,32,0.15,3,60,2,1960.76,2224.17,10.25
19.717,29,27,1662.37,1243.81,9.41,1.10192,0,1,1,32,0.15,3,60,2,1574.05,1575.61,8
19.737,56,20,1785.49,1041.14,0,0,0,1,1,32,0.15,3,60,2,1653.24,1217.14,8.44
19.74,60,19,1497.15,1007.14,0,0,0,0,0,0,0,3,60,0,1606.93,1809.69,9.46
19.7437,65,20,1719.13,979.98,0,0,0,1,1,32,0.15,3,60,2,1431.33,994.63,0
19.7481,71,18,1431.33,994.63,0,0,0,0,0,0,0,3,60,0,1438.23,995.98,0
19.7533,78,18,1445.12,997.33,0,0,0,0,0,64,0.05,3,60,0,1307.94,1282.5,3.1
19.7541,79,19,1601.13,1131.76,9.85,1.07617,0,0,1,192,0.15,3,60,0,1828.62,1741.2,9.02
19.7644,93,19,1490.23,1006.13,0,0,0,0,0,0,0,3,60,0,2078.22,1881.56,4.4
19.7659,95,26,1260.92,1302.15,2.96,2.87209,0,1,1,32,0.15,3,60,2,1418.07,805.78,0
19.7667,96,19,1588.36,1108.09,4.31,1.06025,0,0,0,0,0,3,60,0,1200.48,1386.72,4.61
19.7704,101,10,1418.07,805.78,0,0,0,1,1,32,0.15,3,60,2,1730.82,941.03,0
19.7807,115,21,2068.24,1057.91,5.11,1.47872,0,0,0,0,0,3,60,0,1462.3,1001.73,0
19.7896,127,46,2321.23,1878.77,0,0,0,0,0,0,0,3,60,0,1316.27,1276.23,5.43
19.7911,129,19,1459.93,998.13,0,0,0,0,0,0,0,3,60,0,2275.27,1160.27,11.07
19.7919,130,45,2064.38,1871.7,9.72,3.11894,0,1,1,32,0.15,3,60,2,1878.31,1891.86,7.01
19.8022,9,27,1489.12,1362.21,4.35,2.79517,0,1,1,32,0.15,3,60,2,1742.39,958.375,0
19.8037,11,12,1818.63,886.595,16.37,2.61827,0,1,1,32,0.15,3,60,2,1273.84,1298.58,1.74
19.8133,24,28,1708.18,1276.75,4.41,2.7975,0,1,1,32,0.15,3,60,2,2293.25,1877.18,0
19.8148,26,27,1477.19,1366.45,10.19,2.77489,0,1,1,32,0.15,3,60,2,1959.73,2224.23,10.25
19.817,29,27,1662.79,1244.65,9.41,1.10192,0,1,1,32,0.15,3,60,2,1574.85,1575.58,8
19.837,56,20,1785.49,1041.14,0,0,0,1,1,32,0.15,3,60,2,1652.87,1216.38,8.44
19.84,60,19,1497.15,1007.14,0,0,0,0,0,0,0,3,60,0,1607.11,1810.62,9.46
19.8437,65,20,1719.13,979.98,0,0,0,1,1,32,0.15,3,60,2,1431.33,994.63,0
19.8481,71,18,1431.33,994.63,0,0,0,0,0,0,0,3,60,0,1438.23,995.98,0
19.8533,78,18,1445.12,997.33,0,0,0,0,0,64,0.05,3,60,0,1308.24,1282.42,3.1
19.8541,79,19,1601.59,1132.62,9.85,1.07617,0,0,1,192,0.15,3,60,0,1828.46,1740.31,9.02
19.8644,93,19,1490.23,1006.13,0,0,0,0,0,0,0,3,60,0,2078.66,1881.54,4.4
19.8659,95,26,1260.63,1302.23,2.96,2.87209,0,1,1,32,0.15,3,60,2,1418.07,805.78,0
19.8667,96,19,1588.57,1108.46,4.31,1.06025,0,0,0,0,0,3,60,0,1200.57,1386.27,4.61
19.8704,101,10,1418.07,805.78,0,0,0,1,1,32,0.15,3,60,2,1730.82,941.03,0
19.8807,115,21,2068.28,1058.42,5.11,1.47872,0,0,0,0,0,3,60,0,1462.3,1001.73,0
19.8896,127,46,2321.23,1878.77,0,0,0,0,0,0,0,3,60,0,1316.78,1276.04,5.43
19.8911,129,19,1459.93,998.13,0,0,0,0,0,0,0,3,60,0,2274.17,1160.44,11.07
19.8919,130,45,2063.4,1871.73,9.72,3.11894,0,1,1,32,0.15,3,60,2,1877.62,1891.99,7.01
19.9022,9,27,1488.71,1362.36,4.35,2.79517,0,1,1,32,0.15,3,60,2,1742.39,958.375,0
19.9037,11,12,1817.22,887.413,16.37,2.61827,0,1,1,32,0.15,3,60,2,1273.67,1298.62,1.74
19.9133,24,28,1707.76,1276.9,4.41,2.7975,0,1,1,32,0.15,3,60,2,2293.25,1877.18,0
19.9148,26,27,1476.24,1366.81,10.19,2.77489,0,1,1,32,0.15,3,60,2,1958.71,2224.29,10.25
19.917,29,27,1663.22,1245.49,9.41,1.10192,0,1,1,32,0.15,3,60,2,1575.65,1575.54,8
19.937,56,20,1785.49,1041.14,0,0,0,1,1,32,0.15,3,60,2,1652.49,1215.63,8.44
19.94,60,19,1497.15,1007.14,0,0,0,0,0,0,0,3,60,0,1607.3,1811.55,9.46
19.9437,65,20,1719.13,979.98,0,0,0,1,1,32,0.15,3,60,2,1431.33,994.63,0
19.9481,71,18,1431.33,994.63,0,0,0,0,0,0,0,3,60,0,1438.23,995.98,0
19.9533,78,18,1445.12,997.33,0,0,0,0,0,64,0.05,3,60,0,1308.54,1282.34,3.1
19.9541,79,19,1602.06,1133.49,9.85,1.07617,0,0,1,192,0.15,3,60,0,1828.3,1739.42,9.02
19.9644,93,19,1490.23,1006.13,0,0,0,0,0,0,0,3,60,0,2079.1,1881.53,4.4
19.9659,95,26,1260.34,1302.31,2.96,2.87209,0,1,1,32,0.15,3,60,2,1418.07,805.78,0
19.9667,96,19,1588.78,1108.84,4.31,1.06025,0,0,0,0,0,3,60,0,1200.65,1385.82,4.61
19.9704,101,10,1418.07,805.78,0,0,0,1,1,32,0.15,3,60,2,1730.82,941.03,0
19.9807,115,21,2068.33,1058.93,5.11,1.47872,0,0,0,0,0,3,60,0,1462.3,1001.73,0
19.9896,127,46,2321.23,1878.77,0,0,0,0,0,0,0,3,60,0,1317.29,1275.85,0
19.9911,129,19,1459.93,998.13,0,0,0,0,0,0,0,3,60,0,2273.08,1160.61,11.07
19.9919,130,45,2062.43,1871.75,9.72,3.11894,0,1,1,32,0.15,3,60,2,1876.93,1892.12,7.01
20.0022,9,27,1488.3,1362.51,5.5,2.7951,11.5,1,1,36,0.25,3,60,2,1742.39,958.375,0
20.0037,11,12,1815.82,888.221,16.56,2.61787,1.9,1,1,32,0.15,3,60,2,1273.5,1298.67,2.89
20.0133,24,28,1707.36,1277.04,4.47,2.87257,0.6,1,1,34,0.25,3,60,2,2293.25,1877.18,0
20.0148,26,27,1475.26,1367.18,12.09,2.7951,19,1,1,36,0.25,3,60,2,1957.69,2224.36,10.01
20.017,29,27,1663.65,1246.34,10.85,1.1022,14.4,1,1,36,0.25,3,60,2,1576.48,1575.5,10.13
20.037,56,20,1785.49,1041.14,0,0,0,1,1,32,0.15,3,60,2,1652.07,1214.8,10.72
20.04,60,19,1497.15,1007.14,0,0,0,0,0,0,0,3,60,0,1607.5,1812.57,11.77
20.0437,65,20,1719.13,979.98,0,0,0,1,1,32,0.15,3,60,2,1431.33,994.63,0
20.0481,71,18,1431.33,994.63,0,0,0,0,0,0,0,3,60,0,1438.23,995.98,0
20.0533,78,18,1445.12,997.33,0,0,0,0,0,64,0.05,3,60,0,1308.88,1282.23,3.89
20.0541,79,19,1602.57,1134.43,12.06,1.07776,22.1,0,1,196,0.25,3,60,0,1828.12,1738.45,10.69
20.0644,93,19,1490.23,1006.13,0,0,0,0,0,0,0,3,60,0,2079.6,1881.5,5.38
20.0659,95,26,1259.99,1302.41,4.01,2.87118,10.5,1,1,36,0.25,3,60,2,1418.07,805.78,0
20.0667,96,19,1589.01,1109.25,4.99,1.07658,6.8,0,1,4,0.1,3,60,0,1200.65,1385.31,5.35
20.0704,101,10,1418.07,805.78,0,0,0,1,1,32,0.15,3,60,2,1730.82,941.03,0
20.0807,115,21,2068.39,1059.49,5.79,1.47046,6.8,0,1,4,0.1,3,60,0,1462.3,1001.73,0
20.0896,127,46,2321.23,1878.77,0,0,0,0,0,0,0,3,60,0,1317.95,1275.56,7.97
20.0911,129,19,1459.93,998.13,0,0,0,0,0,0,0,3,60,0,2271.76,1160.82,13.54
20.0919,130,45,2061.25,1871.77,12.05,3.12,23.3,1,1,36,0.25,3,60,2,1876.15,1892.26,8.09
20.1022,9,27,1487.78,1362.7,5.5,2.7951,0,1,1,32,0.15,3,60,2,1742.39,958.375,0
20.1037,11,12,1814.38,889.049,16.56,2.61787,0,1,1,32,0.15,3,60,2,1273.22,1298.75,2.89
20.1133,24,28,1706.93,1277.15,4.47,2.87257,0,1,1,32,0.15,3,60,2,2293.25,1877.18,0
20.1148,26,27,1474.12,1367.59,12.09,2.7951,0,1,1,32,0.15,3,60,2,1956.69,2224.42,10.01
20.117,29,27,1664.14,1247.31,10.85,1.1022,0,1,1,32,0.15,3,60,2,1577.5,1575.47,10.13
20.137,56,20,1785.49,1041.14,0,0,0,1,1,32,0.15,3,60,2,1651.6,1213.84,10.72
20.14,60,19,1497.15,1007.14,0,0,0,0,0,0,0,3,60,0,1607.73,1813.72,11.77
20.1437,65,20,1719.13,979.98,0,0,0,1,1,32,0.15,3,60,2,1431.33,994.63,0
20.1481,71,18,1431.33,994.63,0,0,0,0,0,0,0,3,60,0,1438.23,995.98,0
20.1533,78,18,1445.12,997.33,0,0,0,0,0,64,0.05,3,60,0,1309.25,1282.11,3.89
20.1541,79,19,1603.14,1135.5,12.06,1.07776,0,0,1,192,0.15,3,60,0,1827.93,1737.39,10.69
20.1644,93,19,1490.23,1006.13,0,0,0,0,0,0,0,3,60,0,2080.14,1881.48,5.38
20.1659,95,26,1259.61,1302.52,4.01,2.87118,0,1,1,32,0.15,3,60,2,1418.07,805.78,0
20.1667,96,19,1589.24,1109.69,4.99,1.07658,0,0,0,0,0,3,60,0,1200.6,1384.78,5.35
20.1704,101,10,1418.07,805.78,0,0,0,1,1,32,0.15,3,60,2,1730.82,941.03,0
20.1807,115,21,2068.44,1060.07,5.79,1.47046,0,0,0,0,0,3,60,0,1462.3,1001.73,0
20.1896,127,46,2321.23,1878.77,0,0,0,0,0,0,0,3,60,0,1318.68,1275.25,7.97
20.1911,129,19,1459.93,998.13,0,0,0,0,0,0,0,3,60,0,2270.43,1161.03,13.54
20.1919,130,45,2060.05,1871.8,12.05,3.12,0,1,1,32,0.15,3,60,2,1875.35,1892.41,8.09
20.2022,9,27,1487.26,1362.88,5.5,2.7951,0,1,1,32,0.15,3,60,2,1742.39,958.375,0
20.2037,11,12,1812.95,889.877,16.56,2.61787,0,1,1,32,0.15,3,60,2,1272.94,1298.82,2.89
20.2133,24,28,1706.5,1277.27,4.47,2.87257,0,1,1,32,0.15,3,60,2,2293.25,1877.18,0
20.2148,26,27,1472.98,1368,12.09,2.7951,0,1,1,32,0.15,3,60,2,1955.69,2224.48,10.01
20.217,29,27,1664.63,1248.28,10.85,1.1022,0,1,1,32,0.15,3,60,2,1578.51,1575.43,10.13
20.237,56,20,1785.49,1041.14,0,0,0,1,1,32,0.15,3,60,2,1651.12,1212.87,10.72
20.24,60,19,1497.15,1007.14,0,0,0,0,0,0,0,3,60,0,1607.96,1814.88,11.77
20.2437,65,20,1719.13,979.98,0,0,0,1,1,32,0.15,3,60,2,1431.33,994.63,0
20.2481,71,18,1431.33,994.63,0,0,0,0,0,0,0,3,60,0,1438.23,995.98,0
20.2533,78,18,1445.12,997.33,0,0,0,0,0,64,0.05,3,60,0,1309.62,1281.99,3.89
20.2541,79,19,1603.71,1136.56,12.06,1.07776,0,0,1,192,0.15,3,60,0,1827.75,1736.34,10.69
20.2644,93,19,1490.23,1006.13,0,0,0,0,0,0,0,3,60,0,2080.67,1881.45,5.38
20.2659,95,26,1259.22,1302.62,4.01,2.87118,0,1,1,32,0.15,3,60,2,1418.07,805.78,0
20.2667,96,19,1589.48,1110.13,4.99,1.07658,0,0,0,0,0,3,60,0,1200.55,1384.24,5.35
20.2704,101,10,1418.07,805.78,0,0,0,1,1,32,0.15,3,60,2,1730.82,941.03,0
20.2807,115,21,2068.5,1060.65,5.79,1.47046,0,0,0,0,0,3,60,0,1462.3,1001.73,0
20.2896,127,46,2321.23,1878.77,0,0,0,0,0,0,0,3,60,0,1319.41,1274.93,7.97
20.2911,129,19,1459.93,998.13,0,0,0,0,0,0,0,3,60,0,2269.09,1161.24,13.54
20.2919,130,45,2058.84,1871.83,12.05,3.12,0,1,1,32,0.15,3,60,2,1874.56,1892.56,8.09
20.3022,9,27,1486.74,1363.07,5.5,2.7951,0,1,1,32,0.15,3,60,2,1742.39,958.375,0
20.3037,11,12,1811.51,890.705,16.56,2.61787,0,1,1,32,0.15,3,60,2,1272.66,1298.9,2.89
20.3133,24,28,1706.07,1277.39,4.47,2.87257,0,1,1,32,0.15,3,60,2,2293.25,1877.18,0
20.3148,26,27,1471.85,1368.42,12.09,2.7951,0,1,1,32,0.15,3,60,2,1954.69,2224.54,10.01
20.317,29,27,1665.12,1249.25,10.85,1.1022,0,1,1,32,0.15,3,60,2,1579.52,1575.39,10.13
20.337,56,20,1785.49,1041.14,0,0,0,1,1,32,0.15,3,60,2,1650.64,1211.92,10.72
20.34,60,19,1497.15,1007.14,0,0,0,0,0,0,0,3,60,0,1608.19,1816.03,11.77
20.3437,65,20,1719.13,979.98,0,0,0,1,1,32,0.15,3,60,2,1431.33,994.63,0
20.3481,71,18,1431.33,994.63,0,0,0,0,0,0,0,3,60,0,1438.23,995.98,0
20.3533,78,18,1445.12,997.33,0,0,0,0,0,64,0.05,3,60,0,1309.98,1281.86,3.89
20.3541,79,19,1604.28,1137.62,12.06,1.07776,0,0,1,192,0.15,3,60,0,1827.56,1735.29,10.69
20.3644,93,19,1490.23,1006.13,0,0,0,0,0,0,0,3,60,0,2081.21,1881.42,5.38
20.3659,95,26,1258.83,1302.73,4.01,2.87118,0,1,1,32,0.15,3,60,2,1418.07,805.78,0
20.3667,96,19,1589.72,1110.57,4.99,1.07658,0,0,0,0,0,3,60,0,1200.5,1383.71,5.35
20.3704,101,10,1418.07,805.78,0,0,0,1,1,32,0.15,3,60,2,1730.82,941.03,0
20.3807,115,21,2068.56,1061.22,5.79,1.47046,0,0,0,0,0,3,60,0,1462.3,1001.73,0
20.3896,127,46,2321.23,1878.77,0,0,0,0,0,0,0,3,60,0,1320.14,1274.61,7.97
20.3911,129,19,1459.93,998.13,0,0,0,0,0,0,0,3,60,0,2267.75,1161.45,13.54
20.3919,130,45,2057.64,1871.85,12.05,3.12,0,1,1,32,0.15,3,60,2,1873.76,1892.7,8.09
20.4022,9,27,1486.23,1363.26,5.5,2.7951,0,1,1,32,0.15,3,60,2,1742.39,958.375,0
20.4037,11,12,1810.08,891.533,16.56,2.61787,0,1,1,32,0.15,3,60,2,1272.39,1298.98,2.89
20.4133,24,28,1705.64,1277.51,4.47,2.87257,0,1,1,32,0.15,3,60,2,2293.25,1877.18,0
20.4148,26,27,1470.71,1368.83,12.09,2.7951,0,1,1,32,0.15,3,60,2,1953.69,2224.59,10.01
20.417,29,27,1665.61,1250.22,10.85,1.1022,0,1,1,32,0.15,3,60,2,1580.53,1575.36,10.13
20.437,56,20,1785.49,1041.14,0,0,0,1,1,32,0.15,3,60,2,1650.17,1210.96,10.72
20.44,60,19,1497.15,1007.14,0,0,0,0,0,0,0,3,60,0,1608.42,1817.18,11.77
20.4437,65,20,1719.13,979.98,0,0,0,1,1,32,0.15,3,60,2,1431.33,994.63,0
20.4481,71,18,1431.33,994.63,0,0,0,0,0,0,0,3,60,0,1438.23,995.98,0
20.4533,78,18,1445.12,997.33,0,0,0,0,0,64,0.05,3,60,0,1310.35,1281.74,3.89
20.4541,79,19,1604.85,1138.68,12.06,1.07776,0,0,1,192,0.15,3,60,0,1827.38,1734.24,10.69
20.4644,93,19,1490.23,1006.13,0,0,0,0,0,0,0,3,60,0,2081.75,1881.4,5.38
20.4659,95,26,1258.45,1302.84,4.01,2.87118,0,1,1,32,0.15,3,60,2,1418.07,805.78,0
20.4667,96,19,1589.95,1111.01,4.99,1.07658,0,0,0,0,0,3,60,0,1200.44,1383.18,5.35
20.4704,101,10,1418.07,805.78,0,0,0,1,1,32,0.15,3,60,2,1730.82,941.03,0
20.4807,115,21,2068.62,1061.8,5.79,1.47046,0,0,0,0,0,3,60,0,1462.3,1001.73,0
20.4896,127,46,2321.23,1878.77,0,0,0,0,0,0,0,3,60,0,1320.87,1274.29,7.97
20.4911,129,19,1459.93,998.13,0,0,0,0,0,0,0,3,60,0,2266.41,1161.65,13.54
20.4919,130,45,2056.43,1871.88,12.05,3.12,0,1,1,32,0.15,3,60,2,1872.97,1892.85,8.09
20.5022,9,27,1485.71,1363.45,5.5,2.7951,0,1,1,32,0.15,3,60,2,1742.39,958.375,0
20.5037,11,12,1808.65,892.362,16.56,2.61787,0,1,1,32,0.15,3,60,2,1272.11,1299.06,2.89
20.5133,24,28,1705.21,1277.63,4.47,2.87257,0,1,1,32,0.15,3,60,2,2293.25,1877.18,0
20.5148,26,27,1469.57,1369.24,12.09,2.7951,0,1,1,32,0.15,3,60,2,1952.69,2224.65,10.01
20.517,29,27,1666.1,1251.19,10.85,1.1022,0,1,1,32,0.15,3,60,2,1581.55,1575.32,10.13
20.537,56,20,1785.49,1041.14,0,0,0,1,1,32,0.15,3,60,2,1649.69,1210,10.72
20.54,60,19,1497.15,1007.14,0,0,0,0,0,0,0,3,60,0,1608.65,1818.34,11.77
20.5437,65,20,1719.13,979.98,0,0,0,1,1,32,0.15,3,60,2,1431.33,994.63,0
20.5481,71,18,1431.33,994.63,0,0,0,0,0,0,0,3,60,0,1438.23,995.98,0
20.5533,78,18,1445.12,997.33,0,0,0,0,0,64,0.05,3,60,0,1310.72,1281.62,3.89
20.5541,79,19,1605.42,1139.75,12.06,1.07776,0,0,1,192,0.15,3,60,0,1827.19,1733.18,10.69
20.5644,93,19,1490.23,1006.13,0,0,0,0,0,0,0,3,60,0,2082.29,1881.37,5.38
20.5659,95,26,1258.06,1302.94,4.01,2.87118,0,1,1,32,0.15,3,60,2,1418.07,805.78,0
20.5667,96,19,1590.19,1111.45,4.99,1.07658,0,0,0,0,0,3,60,0,1200.39,1382.65,5.35
20.5704,101,10,1418.07,805.78,0,0,0,1,1,32,0.15,3,60,2,1730.82,941.03,0
20.5807,115,21,2068.68,1062.37,5.79,1.47046,0,0,0,0,0,3,60,0,1462.3,1001.73,0
20.5896,127,46,2321.23,1878.77,0,0,0,0,0,0,0,3,60,0,1321.6,1273.97,7.97
20.5911,129,19,1459.93,998.13,0,0,0,0,0,0,0,3,60,0,2265.08,1161.86,13.54
20.5919,130,45,2055.23,1871.9,12.05,3.12,0,1,1,32,0.15,3,60,2,1872.17,1893,8.09
20.6022,9,27,1485.19,1363.63,5.5,2.7951,0,1,1,32,0.15,3,60,2,1742.39,958.375,0
20.6037,11,12,1807.21,893.19,16.56,2.61787,0,1,1,32,0.15,3,60,2,1271.83,1299.13,2.89
20.6133,24,28,1704.78,1277.75,4.47,2.87257,0,1,1,32,0.15,3,60,2,2293.25,1877.18,0
20.6148,26,27,1468.43,1369.65,12.09,2.7951,0,1,1,32,0.15,3,60,2,1951.69,2224.71,10.01
20.617,29,27,1666.59,1252.15,10.85,1.1022,0,1,1,32,0.15,3,60,2,1582.56,1575.28,10.13
20.637,56,20,1785.49,1041.14,0,0,0,1,1,32,0.15,3,60,2,1649.21,1209.04,10.72
20.64,60,19,1497.15,1007.14,0,0,0,0,0,0,0,3,60,0,1608.88,1819.49,11.77
20.6437,65,20,1719.13,979.98,0,0,0,1,1,32,0.15,3,60,2,1431.33,994.63,0
20.6481,71,18,1431.33,994.63,0,0,0,0,0,0,0,3,60,0,1438.23,995.98,0
20.6533,78,18,1445.12,997.33,0,0,0,0,0,64,0.05,3,60,0,1311.09,1281.49,3.89
20.6541,79,19,1605.99,1140.81,12.06,1.07776,0,0,1,192,0.15,3,60,0,1827,1732.13,10.69
20.6644,93,19,1490.23,1006.13,0,0,0,0,0,0,0,3,60,0,2082.82,1881.34,5.38
20.6659,95,26,1257.67,1303.05,4.01,2.87118,0,1,1,32,0.15,3,60,2,1418.07,805.78,0
20.6667,96,19,1590.43,1111.89,4.99,1.07658,0,0,0,0,0,3,60,0,1200.34,1382.11,5.35
20.6704,101,10,1418.07,805.78,0,0,0,1,1,32,0.15,3,60,2,1730.82,941.03,0
20.6807,115,21,2068.73,1062.95,5.79,1.47046,0,0,0,0,0,3,60,0,1462.3,1001.73,0
20.6896,127,46,2321.23,1878.77,0,0,0,0,0,0,0,3,60,0,1322.33,1273.65,7.97
20.6911,129,19,1459.93,998.13,0,0,0,0,0,0,0,3,60,0,2263.74,1162.07,13.54
20.6919,130,45,2054.03,1871.93,12.05,3.12,0,1,1,32,0.15,3,60,2,1871.37,1893.15,8.09
20.7022,9,27,1484.68,1363.82,5.5,2.7951,0,1,1,32,0.15,3,60,2,1742.39,958.375,0
20.7037,11,12,1805.78,894.018,16.56,2.61787,0,1,1,32,0.15,3,60,2,1271.55,1299.21,2.89
20.7133,24,28,1704.35,1277.87,4.47,2.87257,0,1,1,32,0.15,3,60,2,2293.25,1877.18,0
20.7148,26,27,1467.3,1370.06,12.09,2.7951,0,1,1,32,0.15,3,60,2,1950.7,2224.77,10.01
20.717,29,27,1667.08,1253.12,10.85,1.1022,0,1,1,32,0.15,3,60,2,1583.57,1575.24,10.13
20.737,56,20,1785.49,1041.14,0,0,0,1,1,32,0.15,3,60,2,1648.74,1208.08,10.72
20.74,60,19,1497.15,1007.14,0,0,0,0,0,0,0,3,60,0,1609.11,1820.65,11.77
20.7437,65,20,1719.13,979.98,0,0,0,1,1,32,0.15,3,60,2,1431.33,994.63,0
20.7481,71,18,1431.33,994.63,0,0,0,0,0,0,0,3,60,0,1438.23,995.98,0
20.7533,78,18,1445.12,997.33,0,0,0,0,0,64,0.05,3,60,0,1311.46,1281.37,3.89
20.7541,79,19,1606.56,1141.87,12.06,1.07776,0,0,0,64,0.05,3,60,0,1826.82,1731.08,10.69
20.7644,93,19,1490.23,1006.13,0,0,0,0,0,0,0,3,60,0,2083.36,1881.32,5.38
20.7659,95,26,1257.29,1303.16,4.01,2.87118,0,1,1,32,0.15,3,60,2,1418.07,805.78,0
20.7667,96,19,1590.66,1112.33,4.99,1.07658,0,0,0,0,0,3,60,0,1200.29,1381.58,5.35
20.7704,101,10,1418.07,805.78,0,0,0,1,1,32,0.15,3,60,2,1730.82,941.03,0
20.7807,115,21,2068.79,1063.53,5.79,1.47046,0,0,0,0,0,3,60,0,1462.3,1001.73,0
20.7896,127,46,2321.23,1878.77,0,0,0,0,0,0,0,3,60,0,1323.06,1273.33,7.97
20.7911,129,19,1459.93,998.13,0,0,0,0,0,0,0,3,60,0,2262.4,1162.28,13.54
20.7919,130,45,2052.82,1871.96,12.05,3.12,0,1,1,32,0.15,3,60,2,1870.58,1893.29,8.09
20.8022,9,27,1484.16,1364.01,5.5,2.7951,0,1,1,32,0.15,3,60,2,1742.39,958.375,0
20.8037,11,12,1804.34,894.846,16.56,2.61787,0,1,1,32,0.15,3,60,2,1271.27,1299.29,2.89
20.8133,24,28,1703.92,1277.99,4.47,2.87257,0,1,1,32,0.15,3,60,2,2293.25,1877.18,0
20.8148,26,27,1466.16,1370.47,12.09,2.7951,0,1,1,32,0.15,3,60,2,1949.7,2224.83,10.01
20.817,29,27,1667.57,1254.09,10.85,1.1022,0,1,1,32,0.15,3,60,2,1584.58,1575.21,10.13
20.837,56,20,1785.49,1041.14,0,0,0,1,1,32,0.15,3,60,2,1648.26,1207.12,10.72
20.84,60,19,1497.15,1007.14,0,0,0,0,0,0,0,3,60,0,1609.34,1821.8,11.77
20.8437,65,20,1719.13,979.98,0,0,0,1,1,32,0.15,3,60,2,1431.33,994.63,0
20.8481,71,18,1431.33,994.63,0,0,0,0,0,0,0,3,60,0,1438.23,995.98,0
20.8533,78,18,1445.12,997.33,0,0,0,0,0,64,0.05,3,60,0,1311.83,1281.25,3.89
20.8541,79,19,1607.14,1142.93,12.06,1.07776,0,0,0,64,0.05,3,60,0,1826.63,1730.02,10.69
20.8644,93,19,1490.23,1006.13,0,0,0,0,0,0,0,3,60,0,2083.9,1881.29,5.38
20.8659,95,26,1256.9,1303.27,4.01,2.87118,0,1,1,32,0.15,3,60,2,1418.07,805.78,0
20.8667,96,19,1590.9,1112.77,4.99,1.07658,0,0,0,0,0,3,60,0,1200.24,1381.05,5.35
20.8704,101,10,1418.07,805.78,0,0,0,1,1,32,0.15,3,60,2,1730.82,941.03,0
20.8807,115,21,2068.85,1064.1,5.79,1.47046,0,0,0,0,0,3,60,0,1462.3,1001.73,0
20.8896,127,46,2321.23,1878.77,0,0,0,0,0,0,0,3,60,0,1323.79,1273.01,7.97
20.8911,129,19,1459.93,998.13,0,0,0,0,0,0,0,3,60,0,2261.06,1162.49,13.54
20.8919,130,45,2051.62,1871.98,12.05,3.12,0,1,1,32,0.15,3,60,2,1869.78,1893.44,8.09
20.9022,9,27,1483.64,1364.19,5.5,2.7951,0,1,1,32,0.15,3,60,2,1742.39,958.375,0
20.9037,11,12,1802.91,895.674,16.56,2.61787,0,1,1,32,0.15,3,60,2,1270.99,1299.36,2.89
20.9133,24,28,1703.48,1278.11,4.47,2.87257,0,1,1,32,0.15,3,60,2,2293.25,1877.18,0
20.9148,26,27,1465.02,1370.88,12.09,2.7951,0,1,1,32,0.15,3,60,2,1948.7,2224.89,10.01
20.917,29,27,1668.06,1255.06,10.85,1.1022,0,1,1,32,0.15,3,60,2,1585.59,1575.17,10.13
20.937,56,20,1785.49,1041.14,0,0,0,1,1,32,0.15,3,60,2,1647.78,1206.16,10.72
20.94,60,19,1497.15,1007.14,0,0,0,0,0,0,0,3,60,0,1609.57,1822.96,11.77
20.9437,65,20,1719.13,979.98,0,0,0,1,1,32,0.15,3,60,2,1431.33,994.63,0
20.9481,71,18,1431.33,994.63,0,0,0,0,0,0,0,3,60,0,1438.23,995.98,0
20.9533,78,18,1445.12,997.33,0,0,0,0,0,64,0.05,3,60,0,1312.2,1281.12,3.89
20.9541,79,19,1607.71,1144,12.06,1.07776,0,0,0,64,0.05,3,60,0,1826.45,1728.97,10.69
20.9644,93,19,1490.23,1006.13,0,0,0,0,0,0,0,3,60,0,2084.44,1881.26,5.38
20.9659,95,26,1256.52,1303.37,4.01,2.87118,0,1,1,32,0.15,3,60,2,1418.07,805.78,0
20.9667,96,19,1591.14,1113.21,4.99,1.07658,0,0,0,0,0,3,60,0,1200.19,1380.52,5.35
20.9704,101,10,1418.07,805.78,0,0,0,1,1,32,0.15,3,60,2,1730.82,941.03,0
20.9807,115,21,2068.91,1064.68,5.79,1.47046,0,0,0,0,0,3,60,0,1462.3,1001.73,0
20.9896,127,46,2321.23,1878.77,0,0,0,0,0,0,0,3,60,0,1324.52,1272.69,7.97
20.9911,129,19,1459.93,998.13,0,0,0,0,0,0,0,3,60,0,2259.72,1162.7,13.54
20.9919,130,45,2050.41,1872.01,12.05,3.12,0,1,1,32,0.15,3,60,2,1868.99,1893.59,8.09
21.0022,9,27,1483.12,1364.38,6.13,2.79717,6.3,1,1,36,0.25,3,60,2,1742.39,958.375,0
21.0037,11,12,1801.5,896.494,16.41,2.55596,-1.5,1,1,34,0.25,3,60,2,1270.71,1299.44,4.07
21.0133,24,28,1703.05,1278.21,6.87,3.07208,24,1,1,38,0.35,3,60,2,2293.25,1877.18,0
21.0148,26,27,1463.86,1371.3,14.23,2.79545,21.4,1,1,36,0.25,3,60,2,1947.69,2224.95,10.56
21.017,29,27,1668.53,1255.99,8.24,1.10281,-26.1,1,1,36,0.25,3,60,2,1586.64,1575.13,12.45
21.037,56,20,1785.49,1041.14,0,0,0,1,1,32,0.15,3,60,2,1647.3,1205.19,11.06
21.04,60,19,1497.15,1007.14,0,0,0,0,0,0,0,3,60,0,1609.82,1824.16,13.14
21.0437,65,20,1719.13,979.98,0,0,0,1,1,32,0.15,3,60,2,1431.33,994.63,0
21.0481,71,18,1431.33,994.63,0,0,0,0,0,0,0,3,60,0,1438.23,995.98,0
21.0533,78,18,1445.12,997.33,0,0,0,0,0,64,0.05,3,60,0,1312.67,1280.96,6
21.0541,79,19,1608.23,1145.01,11.6,1.10869,-4.6,0,1,196,0.25,3,60,0,1826.24,1727.79,13.2
21.0644,93,19,1490.23,1006.13,0,0,0,0,0,0,0,3,60,0,2085,1881.25,5.83
21.0659,95,26,1256.05,1303.5,5.3,2.88244,12.9,1,1,36,0.25,3,60,2,1418.07,805.78,0
21.0667,96,19,1591.39,1113.68,5.71,1.0765,7.2,0,1,4,0.1,3,60,0,1200.26,1380.05,6.4
21.0704,101,10,1418.07,805.78,0,0,0,1,1,32,0.15,3,60,2,1730.82,941.03,0
21.0807,115,21,2068.97,1065.32,6.64,1.47128,8.5,0,1,4,0.1,3,60,0,1462.3,1001.73,0
21.0896,127,46,2321.23,1878.77,0,0,0,0,0,0,0,3,60,0,1325.3,1272.33,9.49
21.0911,129,19,1459.93,998.13,0,0,0,0,0,0,0,3,60,0,2258.23,1162.93,15.33
21.0919,130,45,2049.05,1872.04,13.86,3.1192,18.1,1,1,36,0.25,3,60,2,1868.11,1893.74,8.95
21.1022,9,27,1482.55,1364.59,6.13,2.79717,0,1,1,32,0.15,3,60,2,1742.39,958.375,0
21.1037,11,12,1800.13,897.401,16.41,2.55596,0,1,1,32,0.15,3,60,2,1270.32,1299.55,4.07
21.1133,24,28,1702.36,1278.25,6.87,3.07208,0,1,1,32,0.15,3,60,2,2293.25,1877.18,0
21.1148,26,27,1462.52,1371.78,14.23,2.79545,0,1,1,32,0.15,3,60,2,1946.64,2225.02,10.56
21.117,29,27,1668.91,1256.72,8.24,1.10281,0,1,1,32,0.15,3,60,2,1587.89,1575.09,12.45
21.137,56,20,1785.49,1041.14,0,0,0,1,1,32,0.15,3,60,2,1646.81,1204.19,11.06
21.14,60,19,1497.15,1007.14,0,0,0,0,0,0,0,3,60,0,1610.09,1825.45,13.14
21.1437,65,20,1719.13,979.98,0,0,0,1,1,32,0.15,3,60,2,1431.33,994.63,0
21.1481,71,18,1431.33,994.63,0,0,0,0,0,0,0,3,60,0,1438.23,995.98,0
21.1533,78,18,1445.12,997.33,0,0,0,0,0,64,0.05,3,60,0,1313.23,1280.75,6
21.1541,79,19,1608.75,1146.05,11.6,1.10869,0,0,1,192,0.15,3,60,0,1826.01,1726.49,13.2
21.1644,93,19,1490.23,1006.13,0,0,0,0,0,0,0,3,60,0,2085.59,1881.23,5.83
21.1659,95,26,1255.53,1303.63,5.3,2.88244,0,1,1,32,0.15,3,60,2,1418.07,805.78,0
21.1667,96,19,1591.66,1114.18,5.71,1.0765,0,0,0,0,0,3,60,0,1200.37,1379.42,6.4
21.1704,101,10,1418.07,805.78,0,0,0,1,1,32,0.15,3,60,2,1730.82,941.03,0
21.1807,115,21,2069.04,1065.98,6.64,1.47128,0,0,0,0,0,3,60,0,1462.3,1001.73,0
21.1896,127,46,2321.23,1878.77,0,0,0,0,0,0,0,3,60,0,1326.16,1271.92,9.49
21.1911,129,19,1459.93,998.13,0,0,0,0,0,0,0,3,60,0,2256.71,1163.17,15.33
21.1919,130,45,2047.66,1872.07,13.86,3.1192,0,1,1,32,0.15,3,60,2,1867.23,1893.88,8.95
21.2022,9,27,1481.97,1364.79,6.13,2.79717,0,1,1,32,0.15,3,60,2,1742.39,958.375,0
21.2037,11,12,1798.76,898.308,16.41,2.55596,0,1,1,32,0.15,3,60,2,1269.93,1299.66,4.07
21.2133,24,28,1701.68,1278.3,6.87,3.07208,0,1,1,32,0.15,3,60,2,2293.25,1877.18,0
21.2148,26,27,1461.18,1372.27,14.23,2.79545,0,1,1,32,0.15,3,60,2,1945.58,2225.09,10.56
21.217,29,27,1669.28,1257.46,8.24,1.10281,0,1,1,32,0.15,3,60,2,1589.13,1575.04,12.45
21.237,56,20,1785.49,1041.14,0,0,0,1,1,32,0.15,3,60,2,1646.32,1203.2,11.06
21.24,60,19,1497.15,1007.14,0,0,0,0,0,0,0,3,60,0,1610.36,1826.73,13.14
21.2437,65,20,1719.13,979.98,0,0,0,1,1,32,0.15,3,60,2,1431.33,994.63,0
21.2481,71,18,1431.33,994.63,0,0,0,0,0,0,0,3,60,0,1438.23,995.98,0
21.2533,78,18,1445.12,997.33,0,0,0,0,0,64,0.05,3,60,0,1313.8,1280.54,6
21.2541,79,19,1609.26,1147.09,11.6,1.10869,0,0,1,192,0.15,3,60,0,1825.78,1725.19,13.2
21.2644,93,19,1490.23,1006.13,0,0,0,0,0,0,0,3,60,0,2086.17,1881.22,5.83
21.2659,95,26,1255.02,1303.77,5.3,2.88244,0,1,1,32,0.15,3,60,2,1418.07,805.78,0
21.2667,96,19,1591.93,1114.68,5.71,1.0765,0,0,0,0,0,3,60,0,1200.48,1378.79,6.4
21.2704,101,10,1418.07,805.78,0,0,0,1,1,32,0.15,3,60,2,1730.82,941.03,0
21.2807,115,21,2069.1,1066.64,6.64,1.47128,0,0,0,0,0,3,60,0,1462.3,1001.73,0
21.2896,127,46,2321.23,1878.77,0,0,0,0,0,0,0,3,60,0,1327.01,1271.51,9.49
21.2911,129,19,1459.93,998.13,0,0,0,0,0,0,0,3,60,0,2255.2,1163.41,15.33
21.2919,130,45,2046.28,1872.1,13.86,3.1192,0,1,1,32,0.15,3,60,2,1866.35,1894.03,8.95
21.3022,9,27,1481.39,1365,6.13,2.79717,0,1,1,32,0.15,3,60,2,1742.39,958.375,0
21.3037,11,12,1797.4,899.215,16.41,2.55596,0,1,1,32,0.15,3,60,2,1269.53,1299.77,4.07
21.3133,24,28,1700.99,1278.35,6.87,3.07208,0,1,1,32,0.15,3,60,2,2293.25,1877.18,0
21.3148,26,27,1459.84,1372.75,14.23,2.79545,0,1,1,32,0.15,3,60,2,1944.53,2225.16,10.56
21.317,29,27,1669.65,1258.19,8.24,1.10281,0,1,1,32,0.15,3,60,2,1590.38,1574.99,12.45
21.337,56,20,1785.49,1041.14,0,0,0,1,1,32,0.15,3,60,2,1645.82,1202.21,11.06
21.34,60,19,1497.15,1007.14,0,0,0,0,0,0,0,3,60,0,1610.64,1828.02,13.14
21.3437,65,20,1719.13,979.98,0,0,0,1,1,32,0.15,3,60,2,1431.33,994.63,0
21.3481,71,18,1431.33,994.63,0,0,0,0,0,0,0,3,60,0,1438.23,995.98,0
21.3533,78,18,1445.12,997.33,0,0,0,0,0,64,0.05,3,60,0,1314.36,1280.33,6
21.3541,79,19,1609.78,1148.13,11.6,1.10869,0,0,1,192,0.15,3,60,0,1825.55,1723.89,13.2
21.3644,93,19,1490.23,1006.13,0,0,0,0,0,0,0,3,60,0,2086.75,1881.21,5.83
21.3659,95,26,1254.51,1303.91,5.3,2.88244,0,1,1,32,0.15,3,60,2,1418.07,805.78,0
21.3667,96,19,1592.2,1115.18,5.71,1.0765,0,0,0,0,0,3,60,0,1200.59,1378.16,6.4
21.3704,101,10,1418.07,805.78,0,0,0,1,1,32,0.15,3,60,2,1730.82,941.03,0
21.3807,115,21,2069.17,1067.31,6.64,1.47128,0,0,0,0,0,3,60,0,1462.3,1001.73,0
21.3896,127,46,2321.23,1878.77,0,0,0,0,0,0,0,3,60,0,1327.87,1271.11,9.49
21.3911,129,19,1459.93,998.13,0,0,0,0,0,0,0,3,60,0,2253.68,1163.65,15.33
21.3919,130,45,2044.89,1872.13,13.86,3.1192,0,1,1,32,0.15,3,60,2,1865.46,1894.18,8.95
21.4022,9,27,1480.81,1365.21,6.13,2.79717,0,1,1,32,0.15,3,60,2,1742.39,958.375,0
21.4037,11,12,1796.03,900.122,16.41,2.55596,0,1,1,32,0.15,3,60,2,1269.14,1299.88,4.07
21.4133,24,28,1700.31,1278.4,6.87,3.07208,0,1,1,32,0.15,3,60,2,2293.25,1877.18,0
21.4148,26,27,1458.5,1373.23,14.23,2.79545,0,1,1,32,0.15,3,60,2,1943.47,2225.23,10.56
21.417,29,27,1670.02,1258.93,8.24,1.10281,0,1,1,32,0.15,3,60,2,1591.62,1574.95,12.45
21.437,56,20,1785.49,1041.14,0,0,0,1,1,32,0.15,3,60,2,1645.33,1201.22,11.06
21.44,60,19,1497.15,1007.14,0,0,0,0,0,0,0,3,60,0,1610.91,1829.3,13.14
21.4437,65,20,1719.13,979.98,0,0,0,1,1,32,0.15,3,60,2,1431.33,994.63,0
21.4481,71,18,1431.33,994.63,0,0,0,0,0,0,0,3,60,0,1438.23,995.98,0
21.4533,78,18,1445.12,997.33,0,0,0,0,0,64,0.05,3,60,0,1314.92,1280.12,6
21.4541,79,19,1610.3,1149.16,11.6,1.10869,0,0,1,192,0.15,3,60,0,1825.32,1722.59,13.2
21.4644,93,19,1490.23,1006.13,0,0,0,0,0,0,0,3,60,0,2087.33,1881.2,5.83
21.4659,95,26,1254,1304.04,5.3,2.88244,0,1,1,32,0.15,3,60,2,1418.07,805.78,0
21.4667,96,19,1592.47,1115.69,5.71,1.0765,0,0,0,0,0,3,60,0,1200.69,1377.53,6.4
21.4704,101,10,1418.07,805.78,0,0,0,1,1,32,0.15,3,60,2,1730.82,941.03,0
21.4807,115,21,2069.24,1067.97,6.64,1.47128,0,0,0,0,0,3,60,0,1462.3,1001.73,0
21.4896,127,46,2321.23,1878.77,0,0,0,0,0,0,0,3,60,0,1328.73,1270.7,9.49
21.4911,129,19,1459.93,998.13,0,0,0,0,0,0,0,3,60,0,2252.17,1163.89,15.33
21.4919,130,45,2043.5,1872.16,13.86,3.1192,0,1,1,32,0.15,3,60,2,1864.58,1894.33,8.95
21.5022,9,27,1480.24,1365.41,6.13,2.79717,0,1,1,32,0.15,3,60,2,1742.39,958.375,0
21.5037,11,12,1794.66,901.029,16.41,2.55596,0,1,1,32,0.15,3,60,2,1268.75,1299.99,4.07
21.5133,24,28,1699.62,1278.44,6.87,3.07208,0,1,1,32,0.15,3,60,2,2293.25,1877.18,0
21.5148,26,27,1457.16,1373.71,14.23,2.79545,0,1,1,32,0.15,3,60,2,1942.42,2225.31,10.56
21.517,29,27,1670.39,1259.66,8.24,1.10281,0,1,1,32,0.15,3,60,2,1592.86,1574.9,12.45
21.537,56,20,1785.49,1041.14,0,0,0,1,1,32,0.15,3,60,2,1644.84,1200.23,11.06
21.54,60,19,1497.15,1007.14,0,0,0,0,0,0,0,3,60,0,1611.19,1830.59,13.14
21.5437,65,20,1719.13,979.98,0,0,0,1,1,32,0.15,3,60,2,1431.33,994.63,0
21.5481,71,18,1431.33,994.63,0,0,0,0,0,0,0,3,60,0,1438.23,995.98,0
21.5533,78,18,1445.12,997.33,0,0,0,0,0,64,0.05,3,60,0,1315.48,1279.92,6
21.5541,79,19,1610.82,1150.2,11.6,1.10869,0,0,0,64,0.05,3,60,0,1825.09,1721.29,13.2
21.5644,93,19,1490.23,1006.13,0,0,0,0,0,0,0,3,60,0,2087.92,1881.19,5.83
21.5659,95,26,1253.48,1304.18,5.3,2.88244,0,1,1,32,0.15,3,60,2,1418.07,805.78,0
21.5667,96,19,1592.75,1116.19,5.71,1.0765,0,0,0,0,0,3,60,0,1200.8,1376.89,6.4
21.5704,101,10,1418.07,805.78,0,0,0,1,1,32,0.15,3,60,2,1730.82,941.03,0
21.5807,115,21,2069.3,1068.63,6.64,1.47128,0,0,0,0,0,3,60,0,1462.3,1001.73,0
21.5896,127,46,2321.23,1878.77,0,0,0,0,0,0,0,3,60,0,1329.59,1270.29,9.49
21.5911,129,19,1459.93,998.13,0,0,0,0,0,0,0,3,60,0,2250.65,1164.12,15.33
21.5919,130,45,2042.12,1872.19,13.86,3.1192,0,1,1,32,0.15,3,60,2,1863.7,1894.48,8.95
21.6022,9,27,1479.66,1365.62,6.13,2.79717,0,1,1,32,0.15,3,60,2,1742.39,958.375,0
21.6037,11,12,1793.29,901.936,16.41,2.55596,0,1,1,32,0.15,3,60,2,1268.36,1300.1,4.07
21.6133,24,28,1698.94,1278.49,6.87,3.07208,0,1,1,32,0.15,3,60,2,2293.25,1877.18,0
21.6148,26,27,1455.82,1374.2,14.23,2.79545,0,1,1,32,0.15,3,60,2,1941.37,2225.38,10.56
21.617,29,27,1670.76,1260.4,8.24,1.10281,0,1,1,32,0.15,3,60,2,1594.11,1574.86,12.45
21.637,56,20,1785.49,1041.14,0,0,0,1,1,32,0.15,3,60,2,1644.35,1199.24,11.06
21.64,60,19,1497.15,1007.14,0,0,0,0,0,0,0,3,60,0,1611.46,1831.87,13.14
21.6437,65,20,1719.13,979.98,0,0,0,1,1,32,0.15,3,60,2,1431.33,994.63,0
21.6481,71,18,1431.33,994.63,0,0,0,0,0,0,0,3,60,0,1438.23,995.98,0
21.6533,78,18,1445.12,997.33,0,0,0,0,0,64,0.05,3,60,0,1316.05,1279.71,6
21.6541,79,19,1611.33,1151.24,11.6,1.10869,0,0,0,64,0.05,3,60,0,1824.86,1719.99,13.2
21.6644,93,19,1490.23,1006.13,0,0,0,0,0,0,0,3,60,0,2088.5,1881.18,5.83
21.6659,95,26,1252.97,1304.31,5.3,2.88244,0,1,1,32,0.15,3,60,2,1418.07,805.78,0
21.6667,96,19,1593.02,1116.69,5.71,1.0765,0,0,0,0,0,3,60,0,1200.91,1376.26,6.4
21.6704,101,10,1418.07,805.78,0,0,0,1,1,32,0.15,3,60,2,1730.82,941.03,0
21.6807,115,21,2069.37,1069.29,6.64,1.47128,0,0,0,0,0,3,60,0,1462.3,1001.73,0
21.6896,127,46,2321.23,1878.77,0,0,0,0,0,0,0,3,60,0,1330.44,1269.89,9.49
21.6911,129,19,1459.93,998.13,0,0,0,0,0,0,0,3,60,0,2249.14,1164.36,15.33
21.6919,130,45,2040.73,1872.22,13.86,3.1192,0,1,1,32,0.15,3,60,2,1862.82,1894.62,8.95
21.7022,9,27,1479.08,1365.83,6.13,2.79717,0,1,1,32,0.15,3,60,2,1742.39,958.375,0
21.7037,11,12,1791.93,902.843,16.41,2.55596,0,1,1,32,0.15,3,60,2,1267.96,1300.2,4.07
21.7133,24,28,1698.25,1278.54,6.87,3.07208,0,1,1,32,0.15,3,60,2,2293.25,1877.18,0
21.7148,26,27,1454.49,1374.68,14.23,2.79545,0,1,1,32,0.15,3,60,2,1940.31,2225.45,10.56
21.717,29,27,1671.14,1261.13,8.24,1.10281,0,1,1,32,0.15,3,60,2,1595.35,1574.81,12.45
21.737,56,20,1785.49,1041.14,0,0,0,1,1,32,0.15,3,60,2,1643.86,1198.25,11.06
21.74,60,19,1497.15,1007.14,0,0,0,0,0,0,0,3,60,0,1611.73,1833.16,13.14
21.7437,65,20,1719.13,979.98,0,0,0,1,1,32,0.15,3,60,2,1431.33,994.63,0
21.7481,71,18,1431.33,994.63,0,0,0,0,0,0,0,3,60,0,1438.23,995.98,0
21.7533,78,18,1445.12,997.33,0,0,0,0,0,64,0.05,3,60,0,1316.61,1279.5,6
21.7541,79,19,1611.85,1152.28,11.6,1.10869,0,0,0,64,0.05,3,60,0,1824.63,1718.69,13.2
21.7644,93,19,1490.23,1006.13,0,0,0,0,0,0,0,3,60,0,2089.08,1881.17,5.83
21.7659,95,26,1252.46,1304.45,5.3,2.88244,0,1,1,32,0.15,3,60,2,1418.07,805.78,0
21.7667,96,19,1593.29,1117.19,5.71,1.0765,0,0,0,0,0,3,60,0,1201.02,1375.63,6.4
21.7704,101,10,1418.07,805.78,0,0,0,1,1,32,0.15,3,60,2,1730.82,941.03,0
21.7807,115,21,2069.43,1069.95,6.64,1.47128,0,0,0,0,0,3,60,0,1462.3,1001.73,0
21.7896,127,46,2321.23,1878.77,0,0,0,0,0,0,0,3,60,0,1331.3,1269.48,9.49
21.7815,116,27,1679.09,1285.61,7.23,2.8519,0,1,1,32,0.15,3,60,2,1879.25,2049.69,7.92
21.7919,130,45,2039.35,1872.26,13.86,3.1192,0,1,1,32,0.15,3,60,2,1861.93,1894.77,8.95
21.7911,129,19,1459.93,998.13,0,0,0,0,0,0,0,3,60,0,2247.61,1164.6,15.33
21.8022,9,27,1478.51,1366.04,6.13,2.79717,0,1,1,32,0.15,3,60,2,1742.39,958.375,0
21.8037,11,12,1790.56,903.75,16.41,2.55596,0,1,1,32,0.15,3,60,2,1267.57,1300.31,4.07
21.8133,24,28,1697.57,1278.59,6.87,3.07208,0,1,1,32,0.15,3,60,2,2293.25,1877.18,0
21.8148,26,27,1453.15,1375.16,14.23,2.79545,0,1,1,32,0.15,3,60,2,1939.26,2225.52,10.56
21.817,29,27,1671.51,1261.87,8.24,1.10281,0,1,1,32,0.15,3,60,2,1596.6,1574.76,12.45
21.837,56,20,1785.49,1041.14,0,0,0,1,1,32,0.15,3,60,2,1643.36,1197.26,11.06
21.84,60,19,1497.15,1007.14,0,0,0,0,0,0,0,3,60,0,1612.01,1834.44,13.14
21.8437,65,20,1719.13,979.98,0,0,0,1,1,32,0.15,3,60,2,1431.33,994.63,0
21.8481,71,18,1431.33,994.63,0,0,0,0,0,0,0,3,60,0,1438.23,995.98,0
21.8533,78,18,1445.12,997.33,0,0,0,0,0,64,0.05,3,60,0,1317.17,1279.29,6
21.8541,79,19,1612.37,1153.32,11.6,1.10869,0,0,1,192,0.15,3,60,0,1824.4,1717.39,13.2
21.8644,93,19,1490.23,1006.13,0,0,0,0,0,0,0,3,60,0,2089.67,1881.16,5.83
21.8659,95,26,1251.95,1304.59,5.3,2.88244,0,1,1,32,0.15,3,60,2,1418.07,805.78,0
21.8667,96,19,1593.56,1117.7,5.71,1.0765,0,0,0,0,0,3,60,0,1201.13,1375,6.4
21.8704,101,10,1418.07,805.78,0,0,0,1,1,32,0.15,3,60,2,1730.82,941.03,0
21.8807,115,21,2069.5,1070.61,6.64,1.47128,0,0,0,0,0,3,60,0,1462.3,1001.73,0
21.8815,116,27,1678.4,1285.82,7.23,2.8519,0,1,1,32,0.15,3,60,2,1879.13,2048.98,7.92
21.8896,127,46,2321.23,1878.77,0,0,0,0,0,0,0,3,60,0,1332.16,1269.07,9.49
21.8911,129,19,1459.93,998.13,0,0,0,0,0,0,0,3,60,0,2246.11,1164.84,15.33
21.8919,130,45,2037.96,1872.29,13.86,3.1192,0,1,1,32,0.15,3,60,2,1861.05,1894.92,8.95
21.9022,9,27,1477.93,1366.24,6.13,2.79717,0,1,1,32,0.15,3,60,2,1742.39,958.375,0
21.9037,11,12,1789.19,904.657,16.41,2.55596,0,1,1,32,0.15,3,60,2,1267.18,1300.42,4.07
21.9133,24,28,1696.88,1278.64,6.87,3.07208,0,1,1,32,0.15,3,60,2,2293.25,1877.18,0
21.9148,26,27,1451.81,1375.64,14.23,2.79545,0,1,1,32,0.15,3,60,2,1938.21,2225.59,10.56
21.917,29,27,1671.88,1262.6,8.24,1.10281,0,1,1,32,0.15,3,60,2,1597.84,1574.72,12.45
21.937,56,20,1785.49,1041.14,0,0,0,1,1,32,0.15,3,60,2,1642.87,1196.27,11.06
21.94,60,19,1497.15,1007.14,0,0,0,0,0,0,0,3,60,0,1612.28,1835.73,13.14
21.9437,65,20,1719.13,979.98,0,0,0,1,1,32,0.15,3,60,2,1431.33,994.63,0
21.9481,71,18,1431.33,994.63,0,0,0,0,0,0,0,3,60,0,1438.23,995.98,0
21.9533,78,18,1445.12,997.33,0,0,0,0,0,64,0.05,3,60,0,1317.74,1279.08,6
21.9541,79,19,1612.88,1154.36,11.6,1.10869,0,0,1,192,0.15,3,60,0,1824.17,1716.09,13.2
21.9644,93,19,1490.23,1006.13,0,0,0,0,0,0,0,3,60,0,2090.25,1881.15,5.83
21.9659,95,26,1251.44,1304.72,5.3,2.88244,0,1,1,32,0.15,3,60,2,1418.07,805.78,0
21.9667,96,19,1593.83,1118.2,5.71,1.0765,0,0,0,0,0,3,60,0,1201.23,1374.37,6.4
21.9704,101,10,1418.07,805.78,0,0,0,1,1,32,0.15,3,60,2,1730.82,941.03,0
21.9807,115,21,2069.57,1071.27,6.64,1.47128,0,0,0,0,0,3,60,0,1462.3,1001.73,0
21.9815,116,27,1677.71,1286.02,7.23,2.8519,0,1,1,32,0.15,3,60,2,1878.99,2048.2,7.92
21.9896,127,46,2321.23,1878.77,0,0,0,0,0,0,0,3,60,0,1333.02,1268.67,9.49
21.9911,129,19,1459.93,998.13,0,0,0,0,0,0,0,3,60,0,2244.6,1165.08,15.33
21.9919,130,45,2036.58,1872.32,13.86,3.1192,0,1,1,32,0.15,3,60,2,1860.17,1895.07,8.95
22.0022,9,27,1477.35,1366.45,7.11,2.79533,9.8,1,1,36,0.25,3,60,2,1742.39,958.375,0
22.0037,11,12,1787.87,905.536,16.54,2.51093,1.3,1,1,32,0.15,3,60,2,1266.78,1300.53,5.25
22.0133,24,28,1696.28,1278.62,9.05,-2.68955,21.8,1,1,38,0.35,3,60,2,2293.25,1877.18,0
22.0148,26,27,1450.47,1376.13,14.06,2.79495,-1.7,1,1,32,0.15,3,60,2,1937.15,2225.66,10.56
22.017,29,27,1672.22,1263.28,4.49,1.10019,-37.5,1,1,36,0.25,3,60,2,1599.08,1574.67,12.05
22.037,56,20,1785.49,1041.14,0,0,0,1,1,32,0.15,3,60,2,1642.36,1195.27,11.5
22.04,60,19,1497.15,1007.14,0,0,0,0,0,0,0,3,60,0,1612.57,1837.08,14.78
22.0437,65,20,1719.13,979.98,0,0,0,1,1,32,0.15,3,60,2,1431.33,994.63,0
22.0481,71,18,1431.33,994.63,0,0,0,0,0,0,0,3,60,0,1438.23,995.98,0
22.0533,78,18,1445.12,997.33,0,0,0,0,0,64,0.05,3,60,0,1318.33,1278.84,6.88
22.0541,79,19,1613.41,1155.42,12.07,1.11159,4.7,0,1,196,0.25,3,60,0,1823.94,1714.83,12.48
22.0644,93,19,1490.23,1006.13,0,0,0,0,0,0,0,3,60,0,2090.88,1881.2,6.6
22.0659,95,26,1250.86,1304.83,6.12,2.98379,8.2,1,1,38,0.35,3,60,2,1418.07,805.78,0
22.0667,96,19,1594.12,1118.73,6.49,1.07675,7.8,0,1,4,0.1,3,60,0,1201.36,1373.68,7.28
22.0704,101,10,1418.07,805.78,0,0,0,1,1,32,0.15,3,60,2,1730.82,941.03,0
22.0807,115,21,2069.64,1072.02,7.71,1.46945,10.7,0,1,4,0.1,3,60,0,1462.3,1001.73,0
22.0815,116,27,1676.94,1286.25,8.09,2.85828,8.6,1,1,36,0.25,3,60,2,1878.85,2047.32,9.05
22.0896,127,46,2321.23,1878.77,0,0,0,0,0,0,0,3,60,0,1333.91,1268.21,11.02
22.0911,129,19,1459.93,998.13,0,0,0,0,0,0,0,3,60,0,2242.93,1165.34,16.99
22.0919,130,45,2035.08,1872.36,15.21,3.11196,13.5,1,1,36,0.25,3,60,2,1859.15,1895.23,10.42
22.1022,9,27,1476.68,1366.69,7.11,2.79533,0,1,1,32,0.15,3,60,2,1742.39,958.375,0
22.1037,11,12,1786.53,906.511,16.54,2.51093,0,1,1,32,0.15,3,60,2,1266.28,1300.67,5.25
22.1148,26,27,1449.15,1376.6,14.06,2.79495,0,1,1,32,0.15,3,60,2,1936.1,2225.74,10.56
22.117,29,27,1672.43,1263.68,4.49,1.10019,0,1,1,32,0.15,3,60,2,1600.28,1574.63,12.05
22.137,56,20,1785.49,1041.14,0,0,0,1,1,32,0.15,3,60,2,1641.82,1194.26,11.5
22.14,60,19,1497.15,1007.14,0,0,0,0,0,0,0,3,60,0,1612.88,1838.52,14.78
22.1437,65,20,1719.13,979.98,0,0,0,1,1,32,0.15,3,60,2,1431.33,994.63,0
22.1481,71,18,1431.33,994.63,0,0,0,0,0,0,0,3,60,0,1438.23,995.98,0
22.1533,78,18,1445.12,997.33,0,0,0,0,0,64,0.05,3,60,0,1318.97,1278.57,6.88
22.1541,79,19,1613.94,1156.5,12.07,1.11159,0,0,1,192,0.15,3,60,0,1823.73,1713.6,12.48
22.1644,93,19,1490.23,1006.13,0,0,0,0,0,0,0,3,60,0,2091.53,1881.3,6.6
22.1659,95,26,1250.26,1304.93,6.12,2.98379,0,1,1,32,0.15,3,60,2,1418.07,805.78,0
22.1667,96,19,1594.42,1119.3,6.49,1.07675,0,0,0,0,0,3,60,0,1201.5,1372.97,7.28
22.1704,101,10,1418.07,805.78,0,0,0,1,1,32,0.15,3,60,2,1730.82,941.03,0
22.1807,115,21,2069.72,1072.78,7.71,1.46945,0,0,0,0,0,3,60,0,1462.3,1001.73,0
22.1815,116,27,1676.17,1286.47,8.09,2.85828,0,1,1,32,0.15,3,60,2,1878.69,2046.43,9.05
22.1896,127,46,2321.23,1878.77,0,0,0,0,0,0,0,3,60,0,1334.89,1267.7,11.02
22.1911,129,19,1459.93,998.13,0,0,0,0,0,0,0,3,60,0,2241.25,1165.6,16.99
22.1919,130,45,2033.56,1872.41,15.21,3.11196,0,1,1,32,0.15,3,60,2,1858.13,1895.4,10.42
22.2022,9,27,1476.01,1366.93,7.11,2.79533,0,1,1,32,0.15,3,60,2,1742.39,958.375,0
22.2037,11,12,1785.2,907.487,16.54,2.51093,0,1,1,32,0.15,3,60,2,1265.77,1300.81,5.25
22.2148,26,27,1447.83,1377.08,14.06,2.79495,0,1,1,32,0.15,3,60,2,1935.05,2225.82,10.56
22.217,29,27,1672.63,1264.08,4.49,1.10019,0,1,1,32,0.15,3,60,2,1601.49,1574.58,12.05
22.237,56,20,1785.49,1041.14,0,0,0,1,1,32,0.15,3,60,2,1641.28,1193.24,11.5
22.24,60,19,1497.15,1007.14,0,0,0,0,0,0,0,3,60,0,1613.19,1839.97,14.78
22.2437,65,20,1719.13,979.98,0,0,0,1,1,32,0.15,3,60,2,1431.33,994.63,0
22.2481,71,18,1431.33,994.63,0,0,0,0,0,0,0,3,60,0,1438.23,995.98,0
22.2533,78,18,1445.12,997.33,0,0,0,0,0,64,0.05,3,60,0,1319.6,1278.29,6.88
22.2541,79,19,1614.48,1157.58,12.07,1.11159,0,0,1,192,0.15,3,60,0,1823.51,1712.37,12.48
22.2644,93,19,1490.23,1006.13,0,0,0,0,0,0,0,3,60,0,2092.18,1881.39,6.6
22.2659,95,26,1249.65,1305.02,6.12,2.98379,0,1,1,32,0.15,3,60,2,1418.07,805.78,0
22.2667,96,19,1594.73,1119.87,6.49,1.07675,0,0,0,0,0,3,60,0,1201.64,1372.25,7.28
22.2704,101,10,1418.07,805.78,0,0,0,1,1,32,0.15,3,60,2,1730.82,941.03,0
22.2807,115,21,2069.8,1073.55,7.71,1.46945,0,0,0,0,0,3,60,0,1462.3,1001.73,0
22.2815,116,27,1675.39,1286.7,8.09,2.85828,0,1,1,32,0.15,3,60,2,1878.54,2045.54,9.05
22.2896,127,46,2321.23,1878.77,0,0,0,0,0,0,0,3,60,0,1335.87,1267.19,11.02
22.2911,129,19,1459.93,998.13,0,0,0,0,0,0,0,3,60,0,2239.57,1165.86,16.99
22.2919,130,45,2032.04,1872.45,15.21,3.11196,0,1,1,32,0.15,3,60,2,1857.1,1895.57,10.42
22.3022,9,27,1475.34,1367.17,7.11,2.79533,0,1,1,32,0.15,3,60,2,1742.39,958.375,0
22.3037,11,12,1783.86,908.462,16.54,2.51093,0,1,1,32,0.15,3,60,2,1265.27,1300.95,5.25
22.3148,26,27,1446.5,1377.56,14.06,2.79495,0,1,1,32,0.15,3,60,2,1933.99,2225.89,10.56
22.317,29,27,1672.83,1264.48,4.49,1.10019,0,1,1,32,0.15,3,60,2,1602.69,1574.54,12.05
22.337,56,20,1785.49,1041.14,0,0,0,1,1,32,0.15,3,60,2,1640.74,1192.23,11.5
22.34,60,19,1497.15,1007.14,0,0,0,0,0,0,0,3,60,0,1613.5,1841.41,14.78
22.3437,65,20,1719.13,979.98,0,0,0,1,1,32,0.15,3,60,2,1431.33,994.63,0
22.3481,71,18,1431.33,994.63,0,0,0,0,0,0,0,3,60,0,1438.23,995.98,0
22.3533,78,18,1445.12,997.33,0,0,0,0,0,64,0.05,3,60,0,1320.23,1278.02,6.88
22.3541,79,19,1615.01,1158.66,12.07,1.11159,0,0,1,192,0.15,3,60,0,1823.29,1711.14,12.48
22.3644,93,19,1490.23,1006.13,0,0,0,0,0,0,0,3,60,0,2092.84,1881.48,6.6
22.3659,95,26,1249.05,1305.12,6.12,2.98379,0,1,1,32,0.15,3,60,2,1418.07,805.78,0
22.3667,96,19,1595.04,1120.45,6.49,1.07675,0,0,0,0,0,3,60,0,1201.77,1371.54,7.28
22.3704,101,10,1418.07,805.78,0,0,0,1,1,32,0.15,3,60,2,1730.82,941.03,0
22.3807,115,21,2069.88,1074.32,7.71,1.46945,0,0,0,0,0,3,60,0,1462.3,1001.73,0
22.3815,116,27,1674.61,1286.92,8.09,2.85828,0,1,1,32,0.15,3,60,2,1878.39,2044.65,9.05
22.3896,127,46,2321.23,1878.77,0,0,0,0,0,0,0,3,60,0,1336.85,1266.69,11.02
22.3911,129,19,1459.93,998.13,0,0,0,0,0,0,0,3,60,0,2237.9,1166.13,16.99
22.3919,130,45,2030.52,1872.5,15.21,3.11196,0,1,1,32,0.15,3,60,2,1856.07,1895.74,10.42
22.4022,9,27,1474.68,1367.42,7.11,2.79533,0,1,1,32,0.15,3,60,2,1742.39,958.375,0
22.4037,11,12,1782.53,909.437,16.54,2.51093,0,1,1,32,0.15,3,60,2,1264.76,1301.09,5.25
22.417,29,27,1673.04,1264.88,4.49,1.10019,0,1,1,32,0.15,3,60,2,1603.89,1574.5,12.05
22.437,56,20,1785.49,1041.14,0,0,0,1,1,32,0.15,3,60,2,1640.2,1191.21,11.5
22.44,60,19,1497.15,1007.14,0,0,0,0,0,0,0,3,60,0,1613.81,1842.86,14.78
22.4437,65,20,1719.13,979.98,0,0,0,1,1,32,0.15,3,60,2,1431.33,994.63,0
22.4481,71,18,1431.33,994.63,0,0,0,0,0,0,0,3,60,0,1438.23,995.98,0
22.4533,78,18,1445.12,997.33,0,0,0,0,0,64,0.05,3,60,0,1320.86,1277.75,6.88
22.4541,79,19,1615.55,1159.74,12.07,1.11159,0,0,1,192,0.15,3,60,0,1823.08,1709.91,12.48
22.4644,93,19,1490.23,1006.13,0,0,0,0,0,0,0,3,60,0,2093.49,1881.58,6.6
22.4659,95,26,1248.44,1305.22,6.12,2.98379,0,1,1,32,0.15,3,60,2,1418.07,805.78,0
22.4667,96,19,1595.35,1121.02,6.49,1.07675,0,0,0,0,0,3,60,0,1201.91,1370.82,7.28
22.4704,101,10,1418.07,805.78,0,0,0,1,1,32,0.15,3,60,2,1730.82,941.03,0
22.4807,115,21,2069.95,1075.08,7.71,1.46945,0,0,0,0,0,3,60,0,1462.3,1001.73,0
22.4815,116,27,1673.84,1287.15,8.09,2.85828,0,1,1,32,0.15,3,60,2,1878.23,2043.76,9.05
22.4896,127,46,2321.23,1878.77,0,0,0,0,0,0,0,3,60,0,1337.83,1266.18,11.02
22.4911,129,19,1459.93,998.13,0,0,0,0,0,0,0,3,60,0,2236.22,1166.39,16.99
22.4919,130,45,2029,1872.54,15.21,3.11196,0,1,1,32,0.15,3,60,2,1855.04,1895.9,10.42
22.5022,9,27,1474.01,1367.66,7.11,2.79533,0,1,1,32,0.15,3,60,2,1742.39,958.375,0
22.5037,11,12,1781.19,910.413,16.54,2.51093,0,1,1,32,0.15,3,60,2,1264.25,1301.23,5.25
22.517,29,27,1673.24,1265.28,4.49,1.10019,0,1,1,32,0.15,3,60,2,1605.1,1574.45,12.05
22.537,56,20,1785.49,1041.14,0,0,0,1,1,32,0.15,3,60,2,1639.66,1190.2,11.5
22.54,60,19,1497.15,1007.14,0,0,0,0,0,0,0,3,60,0,1614.12,1844.3,14.78
22.5437,65,20,1719.13,979.98,0,0,0,1,1,32,0.15,3,60,2,1431.33,994.63,0
22.5481,71,18,1431.33,994.63,0,0,0,0,0,0,0,3,60,0,1438.23,995.98,0
22.5533,78,18,1445.12,997.33,0,0,0,0,0,64,0.05,3,60,0,1321.49,1277.48,6.88
22.5541,79,19,1616.08,1160.82,12.07,1.11159,0,0,1,192,0.15,3,60,0,1822.86,1708.68,12.48
22.5644,93,19,1490.23,1006.13,0,0,0,0,0,0,0,3,60,0,2094.14,1881.67,6.6
22.5659,95,26,1247.84,1305.31,6.12,2.98379,0,1,1,32,0.15,3,60,2,1418.07,805.78,0
22.5667,96,19,1595.65,1121.59,6.49,1.07675,0,0,0,0,0,3,60,0,1202.05,1370.11,7.28
22.5704,101,10,1418.07,805.78,0,0,0,1,1,32,0.15,3,60,2,1730.82,941.03,0
22.5807,115,21,2070.03,1075.85,7.71,1.46945,0,0,0,0,0,3,60,0,1462.3,1001.73,0
22.5815,116,27,1673.06,1287.38,8.09,2.85828,0,1,1,32,0.15,3,60,2,1878.08,2042.86,9.05
22.5896,127,46,2321.23,1878.77,0,0,0,0,0,0,0,3,60,0,1338.8,1265.68,11.02
22.5911,129,19,1459.93,998.13,0,0,0,0,0,0,0,3,60,0,2234.54,1166.65,16.99
22.5919,130,45,2027.48,1872.59,15.21,3.11196,0,1,1,32,0.15,3,60,2,1854.01,1896.07,10.42
22.6022,9,27,1473.34,1367.9,7.11,2.79533,0,1,1,32,0.15,3,60,2,1742.39,958.375,0
22.6037,11,12,1779.86,911.388,16.54,2.51093,0,1,1,32,0.15,3,60,2,1263.75,1301.37,5.25
22.617,29,27,1673.44,1265.68,4.49,1.10019,0,1,1,32,0.15,3,60,2,1606.3,1574.41,12.05
22.637,56,20,1785.49,1041.14,0,0,0,1,1,32,0.15,3,60,2,1639.11,1189.18,11.5
22.64,60,19,1497.15,1007.14,0,0,0,0,0,0,0,3,60,0,1614.43,1845.75,14.78
22.6437,65,20,1719.13,979.98,0,0,0,1,1,32,0.15,3,60,2,1431.33,994.63,0
22.6481,71,18,1431.33,994.63,0,0,0,0,0,0,0,3,60,0,1438.23,995.98,0
22.6533,78,18,1445.12,997.33,0,0,0,0,0,64,0.05,3,60,0,1322.12,1277.2,6.88
22.6541,79,19,1616.62,1161.91,12.07,1.11159,0,0,1,192,0.15,3,60,0,1822.64,1707.45,12.48
22.6644,93,19,1490.23,1006.13,0,0,0,0,0,0,0,3,60,0,2094.8,1881.77,6.6
22.6659,95,26,1247.24,1305.41,6.12,2.98379,0,1,1,32,0.15,3,60,2,1418.07,805.78,0
22.6667,96,19,1595.96,1122.16,6.49,1.07675,0,0,0,0,0,3,60,0,1202.19,1369.4,7.28
22.6704,101,10,1418.07,805.78,0,0,0,1,1,32,0.15,3,60,2,1730.82,941.03,0
22.6807,115,21,2070.11,1076.62,7.71,1.46945,0,0,0,0,0,3,60,0,1462.3,1001.73,0
22.6815,116,27,1672.28,1287.6,8.09,2.85828,0,1,1,32,0.15,3,60,2,1877.93,2041.97,9.05
22.6896,127,46,2321.23,1878.77,0,0,0,0,0,0,0,3,60,0,1339.78,1265.17,11.02
22.6911,129,19,1459.93,998.13,0,0,0,0,0,0,0,3,60,0,2232.86,1166.92,16.99
22.6919,130,45,2025.96,1872.63,15.21,3.11196,0,1,1,32,0.15,3,60,2,1852.98,1896.24,10.42
22.7022,9,27,1472.67,1368.14,7.11,2.79533,0,1,1,32,0.15,3,60,2,1742.39,958.375,0
22.7037,11,12,1778.52,912.363,16.54,2.51093,0,1,1,32,0.15,3,60,2,1263.24,1301.51,5.25
22.717,29,27,1673.65,1266.08,4.49,1.10019,0,1,1,32,0.15,3,60,2,1607.51,1574.36,12.05
22.737,56,20,1785.49,1041.14,0,0,0,1,1,32,0.15,3,60,2,1638.57,1188.17,11.5
22.74,60,19,1497.15,1007.14,0,0,0,0,0,0,0,3,60,0,1614.74,1847.19,14.78
22.7437,65,20,1719.13,979.98,0,0,0,1,1,32,0.15,3,60,2,1431.33,994.63,0
22.7481,71,18,1431.33,994.63,0,0,0,0,0,0,0,3,60,0,1438.23,995.98,0
22.7533,78,18,1445.12,997.33,0,0,0,0,0,64,0.05,3,60,0,1322.75,1276.93,6.88
22.7541,79,19,1617.15,1162.99,12.07,1.11159,0,0,1,192,0.15,3,60,0,1822.43,1706.22,12.48
22.7644,93,19,1490.23,1006.13,0,0,0,0,0,0,0,3,60,0,2095.45,1881.86,6.6
22.7659,95,26,1246.63,1305.5,6.12,2.98379,0,1,1,32,0.15,3,60,2,1418.07,805.78,0
22.7667,96,19,1596.27,1122.73,6.49,1.07675,0,0,0,0,0,3,60,0,1202.32,1368.68,7.28
22.7704,101,10,1418.07,805.78,0,0,0,1,1,32,0.15,3,60,2,1730.82,941.03,0
22.7807,115,21,2070.19,1077.39,7.71,1.46945,0,0,0,0,0,3,60,0,1462.3,1001.73,0
22.7815,116,27,1671.51,1287.83,8.09,2.85828,0,1,1,32,0.15,3,60,2,1877.77,2041.08,9.05
22.7896,127,46,2321.23,1878.77,0,0,0,0,0,0,0,3,60,0,1340.76,1264.67,11.02
22.7911,129,19,1459.93,998.13,0,0,0,0,0,0,0,3,60,0,2231.18,1167.18,16.99
22.7919,130,45,2024.44,1872.68,15.21,3.11196,0,1,1,32,0.15,3,60,2,1851.95,1896.41,10.42
22.8022,9,27,1472,1368.38,7.11,2.79533,0,1,1,32,0.15,3,60,2,1742.39,958.375,0
22.8037,11,12,1777.18,913.339,16.54,2.51093,0,1,1,32,0.15,3,60,2,1262.74,1301.65,5.25
22.817,29,27,1673.85,1266.48,4.49,1.10019,0,1,1,32,0.15,3,60,2,1608.71,1574.32,12.05
22.837,56,20,1785.49,1041.14,0,0,0,1,1,32,0.15,3,60,2,1638.03,1187.15,11.5
22.84,60,19,1497.15,1007.14,0,0,0,0,0,0,0,3,60,0,1615.05,1848.64,14.78
22.8437,65,20,1719.13,979.98,0,0,0,1,1,32,0.15,3,60,2,1431.33,994.63,0
22.8481,71,18,1431.33,994.63,0,0,0,0,0,0,0,3,60,0,1438.23,995.98,0
22.8533,78,18,1445.12,997.33,0,0,0,0,0,64,0.05,3,60,0,1323.39,1276.66,6.88
22.8541,79,19,1617.69,1164.07,12.07,1.11159,0,0,1,192,0.15,3,60,0,1822.21,1704.99,12.48
22.8644,93,19,1490.23,1006.13,0,0,0,0,0,0,0,3,60,0,2096.1,1881.96,6.6
22.8659,95,26,1246.03,1305.6,6.12,2.98379,0,1,1,32,0.15,3,60,2,1418.07,805.78,0
22.8667,96,19,1596.58,1123.3,6.49,1.07675,0,0,0,0,0,3,60,0,1202.46,1367.97,7.28
22.8704,101,10,1418.07,805.78,0,0,0,1,1,32,0.15,3,60,2,1730.82,941.03,0
22.8807,115,21,2070.27,1078.15,7.71,1.46945,0,0,0,0,0,3,60,0,1462.3,1001.73,0
22.8815,116,27,1670.73,1288.05,8.09,2.85828,0,1,1,32,0.15,3,60,2,1877.62,2040.19,9.05
22.8896,127,46,2321.23,1878.77,0,0,0,0,0,0,0,3,60,0,1341.74,1264.16,11.02
22.8911,129,19,1459.93,998.13,0,0,0,0,0,0,0,3,60,0,2229.5,1167.44,16.99
22.8919,130,45,2022.92,1872.72,15.21,3.11196,0,1,1,32,0.15,3,60,2,1850.93,1896.57,10.42
22.9022,9,27,1471.33,1368.62,7.11,2.79533,0,1,1,32,0.15,3,60,2,1742.39,958.375,0
22.9037,11,12,1775.85,914.314,16.54,2.51093,0,1,1,32,0.15,3,60,2,1262.23,1301.79,5.25
22.917,29,27,1674.05,1266.88,4.49,1.10019,0,1,1,32,0.15,3,60,2,1609.92,1574.28,12.05
22.937,56,20,1785.49,1041.14,0,0,0,1,1,32,0.15,3,60,2,1637.49,1186.14,11.5
22.94,60,19,1497.15,1007.14,0,0,0,0,0,0,0,3,60,0,1615.36,1850.08,14.78
22.9437,65,20,1719.13,979.98,0,0,0,1,1,32,0.15,3,60,2,1431.33,994.63,0
22.9533,78,18,1445.12,997.33,0,0,0,0,0,64,0.05,3,60,0,1324.02,1276.38,6.88
22.9541,79,19,1618.22,1165.15,12.07,1.11159,0,0,1,192,0.15,3,60,0,1821.99,1703.76,12.48
22.9644,93,19,1490.23,1006.13,0,0,0,0,0,0,0,3,60,0,2096.76,1882.05,6.6
22.9659,95,26,1245.42,1305.7,6.12,2.98379,0,1,1,32,0.15,3,60,2,1418.07,805.78,0
22.9667,96,19,1596.88,1123.87,6.49,1.07675,0,0,0,0,0,3,60,0,1202.6,1367.25,7.28
22.9704,101,10,1418.07,805.78,0,0,0,1,1,32,0.15,3,60,2,1730.82,941.03,0
22.9807,115,21,2070.34,1078.92,7.71,1.46945,0,0,0,0,0,3,60,0,1462.3,1001.73,0
22.9815,116,27,1669.95,1288.28,8.09,2.85828,0,1,1,32,0.15,3,60,2,1877.47,2039.3,9.05
22.9896,127,46,2321.23,1878.77,0,0,0,0,0,0,0,3,60,0,1342.72,1263.65,11.02
22.9911,129,19,1459.93,998.13,0,0,0,0,0,0,0,3,60,0,2227.82,1167.7,16.99
22.9919,130,45,2021.4,1872.77,15.21,3.11196,0,1,1,32,0.15,3,60,2,1849.9,1896.74,10.42
23.0022,9,27,1470.66,1368.86,7.73,2.7967,6.2,1,1,36,0.25,3,60,2,1742.39,958.375,0
23.0037,11,12,1774.53,915.275,16.16,2.51148,-3.8,1,1,32,0.15,3,60,2,1261.72,1301.93,6.13
23.017,29,27,1674.22,1267.22,0.12,1.10629,-43.7,1,1,164,0.35,3,60,2,1611.13,1574.23,12.57
23.037,56,20,1785.49,1041.14,0,0,0,1,1,32,0.15,3,60,2,1636.94,1185.12,11.57
23.04,60,19,1497.15,1007.14,0,0,0,0,0,0,0,3,60,0,1615.68,1851.61,16.83
23.0437,65,20,1719.13,979.98,0,0,0,1,1,32,0.15,3,60,2,1431.33,994.63,0
23.0533,78,18,1445.12,997.33,0,0,0,0,0,64,0.05,3,60,0,1324.69,1276.08,7.75
23.0541,79,19,1618.77,1166.26,12.54,1.10822,4.7,0,1,68,0.15,3,60,0,1821.78,1702.55,12.27
23.0644,93,19,1490.23,1006.13,0,0,0,0,0,0,0,3,60,0,2097.46,1882.19,7.5
23.0659,95,26,1244.73,1305.76,7.38,3.08179,12.6,1,1,38,0.35,3,60,2,1418.07,805.78,0
23.0667,96,19,1597.22,1124.5,7.7,1.07747,12.1,0,1,4,0.1,3,60,0,1202.75,1366.49,7.98
23.0704,101,10,1418.07,805.78,0,0,0,1,1,32,0.15,3,60,2,1730.82,941.03,0
23.0807,115,21,2070.43,1079.78,8.85,1.47012,11.4,0,1,4,0.1,3,60,0,1462.3,1001.73,0
23.0815,116,27,1669.08,1288.55,9.37,2.84309,12.8,1,1,36,0.25,3,60,2,1877.3,2038.32,10.11
23.0896,127,46,2321.23,1878.77,0,0,0,0,0,0,0,3,60,0,1343.78,1263.06,13.44
23.0911,129,19,1459.93,998.13,0,0,0,0,0,0,0,3,60,0,2226.23,1167.95,16.03
23.0919,130,45,2020.1,1872.55,13.27,-2.96193,-19.4,1,1,38,0.35,3,60,2,1848.89,1896.92,10.24
23.1022,9,27,1469.93,1369.12,7.73,2.7967,0,1,1,32,0.15,3,60,2,1742.39,958.375,0
23.1037,11,12,1773.23,916.227,16.16,2.51148,0,1,1,32,0.15,3,60,2,1261.13,1302.1,6.13
23.117,29,27,1674.23,1267.23,0.12,1.10629,0,1,1,160,0.25,3,60,2,1612.38,1574.19,12.57
23.137,56,20,1785.49,1041.14,0,0,0,1,1,32,0.15,3,60,2,1636.38,1184.11,11.57
23.14,60,19,1497.15,1007.14,0,0,0,0,0,0,0,3,60,0,1616,1853.26,16.83
23.1437,65,20,1719.13,979.98,0,0,0,1,1,32,0.15,3,60,2,1431.33,994.63,0
23.1533,78,18,1445.12,997.33,0,0,0,0,0,64,0.05,3,60,0,1325.39,1275.76,7.75
23.1541,79,19,1619.33,1167.38,12.54,1.10822,0,0,1,192,0.15,3,60,0,1821.56,1701.34,12.27
23.1644,93,19,1490.23,1006.13,0,0,0,0,0,0,0,3,60,0,2098.19,1882.36,7.5
23.1659,95,26,1243.99,1305.8,7.38,3.08179,0,1,1,32,0.15,3,60,2,1418.07,805.78,0
23.1667,96,19,1597.59,1125.18,7.7,1.07747,0,0,0,0,0,3,60,0,1202.91,1365.71,7.98
23.1704,101,10,1418.07,805.78,0,0,0,1,1,32,0.15,3,60,2,1730.82,941.03,0
23.1807,115,21,2070.52,1080.66,8.85,1.47012,0,0,0,0,0,3,60,0,1462.3,1001.73,0
23.1815,116,27,1668.18,1288.82,9.37,2.84309,0,1,1,32,0.15,3,60,2,1877.13,2037.32,10.11
23.1896,127,46,2321.23,1878.77,0,0,0,0,0,0,0,3,60,0,1344.95,1262.4,13.44
23.1911,129,19,1459.93,998.13,0,0,0,0,0,0,0,3,60,0,2224.65,1168.2,16.03
23.1919,130,45,2018.8,1872.32,13.27,-2.96193,0,1,1,32,0.15,3,60,2,1847.88,1897.09,10.24
23.2022,9,27,1469.21,1369.39,7.73,2.7967,0,1,1,32,0.15,3,60,2,1742.39,958.375,0
23.2037,11,12,1771.92,917.18,16.16,2.51148,0,1,1,32,0.15,3,60,2,1260.54,1302.26,6.13
23.217,29,27,1674.23,1267.24,0.12,1.10629,0,1,1,160,0.25,3,60,2,1613.64,1574.14,12.57
23.237,56,20,1785.49,1041.14,0,0,0,1,1,32,0.15,3,60,2,1635.82,1183.1,11.57
23.24,60,19,1497.15,1007.14,0,0,0,0,0,0,0,3,60,0,1616.33,1854.91,16.83
23.2437,65,20,1719.13,979.98,0,0,0,1,1,32,0.15,3,60,2,1431.33,994.63,0
23.2533,78,18,1445.12,997.33,0,0,0,0,0,64,0.05,3,60,0,1326.1,1275.43,7.75
23.2541,79,19,1619.89,1168.5,12.54,1.10822,0,0,1,192,0.15,3,60,0,1821.35,1700.13,12.27
23.2644,93,19,1490.23,1006.13,0,0,0,0,0,0,0,3,60,0,2098.92,1882.53,7.5
23.2659,95,26,1243.26,1305.85,7.38,3.08179,0,1,1,32,0.15,3,60,2,1418.07,805.78,0
23.2667,96,19,1597.95,1125.86,7.7,1.07747,0,0,0,0,0,3,60,0,1203.06,1364.93,7.98
23.2704,101,10,1418.07,805.78,0,0,0,1,1,32,0.15,3,60,2,1730.82,941.03,0
23.2807,115,21,2070.61,1081.54,8.85,1.47012,0,0,0,0,0,3,60,0,1462.3,1001.73,0
23.2815,116,27,1667.29,1289.1,9.37,2.84309,0,1,1,32,0.15,3,60,2,1876.96,2036.33,10.11
23.2896,127,46,2321.23,1878.77,0,0,0,0,0,0,0,3,60,0,1346.12,1261.74,13.44
23.2911,129,19,1459.93,998.13,0,0,0,0,0,0,0,3,60,0,2223.07,1168.45,16.03
23.2919,130,45,2017.49,1872.08,13.27,-2.96193,0,1,1,32,0.15,3,60,2,1846.87,1897.27,10.24
23.3022,9,27,1468.48,1369.65,7.73,2.7967,0,1,1,32,0.15,3,60,2,1742.39,958.375,0
23.3037,11,12,1770.61,918.132,16.16,2.51148,0,1,1,32,0.15,3,60,2,1259.95,1302.42,6.13
23.317,29,27,1674.24,1267.25,0.12,1.10629,0,1,1,160,0.25,3,60,2,1614.89,1574.09,12.57
23.337,56,20,1785.49,1041.14,0,0,0,1,1,32,0.15,3,60,2,1635.26,1182.09,11.57
23.34,60,19,1497.15,1007.14,0,0,0,0,0,0,0,3,60,0,1616.65,1856.57,16.83
23.3437,65,20,1719.13,979.98,0,0,0,1,1,32,0.15,3,60,2,1431.33,994.63,0
23.3533,78,18,1445.12,997.33,0,0,0,0,0,64,0.05,3,60,0,1326.8,1275.11,7.75
23.3541,79,19,1620.45,1169.62,12.54,1.10822,0,0,1,192,0.15,3,60,0,1821.13,1698.92,12.27
23.3644,93,19,1490.23,1006.13,0,0,0,0,0,0,0,3,60,0,2099.65,1882.69,7.5
23.3659,95,26,1242.52,1305.89,7.38,3.08179,0,1,1,32,0.15,3,60,2,1418.07,805.78,0
23.3667,96,19,1598.32,1126.54,7.7,1.07747,0,0,0,0,0,3,60,0,1203.22,1364.14,7.98
23.3704,101,10,1418.07,805.78,0,0,0,1,1,32,0.15,3,60,2,1730.82,941.03,0
23.3807,115,21,2070.7,1082.42,8.85,1.47012,0,0,0,0,0,3,60,0,1462.3,1001.73,0
23.3815,116,27,1666.39,1289.37,9.37,2.84309,0,1,1,32,0.15,3,60,2,1876.79,2035.33,10.11
23.3896,127,46,2321.23,1878.77,0,0,0,0,0,0,0,3,60,0,1347.3,1261.08,13.44
23.3911,129,19,1459.93,998.13,0,0,0,0,0,0,0,3,60,0,2221.48,1168.7,16.03
23.3919,130,45,2016.18,1871.84,13.27,-2.96193,0,1,1,32,0.15,3,60,2,1845.86,1897.44,10.24
23.4022,9,27,1467.75,1369.91,7.73,2.7967,0,1,1,32,0.15,3,60,2,1742.39,958.375,0
23.4037,11,12,1769.31,919.084,16.16,2.51148,0,1,1,32,0.15,3,60,2,1259.36,1302.58,6.13
23.417,29,27,1674.25,1267.26,0.12,1.10629,0,1,1,160,0.25,3,60,2,1616.15,1574.05,12.57
23.437,56,20,1785.49,1041.14,0,0,0,1,1,32,0.15,3,60,2,1634.7,1181.08,11.57
23.44,60,19,1497.15,1007.14,0,0,0,0,0,0,0,3,60,0,1616.98,1858.22,16.83
23.4437,65,20,1719.13,979.98,0,0,0,1,1,32,0.15,3,60,2,1431.33,994.63,0
23.4533,78,18,1445.12,997.33,0,0,0,0,0,64,0.05,3,60,0,1327.5,1274.79,7.75
23.4541,79,19,1621.01,1170.75,12.54,1.10822,0,0,1,192,0.15,3,60,0,1820.92,1697.71,12.27
23.4644,93,19,1490.23,1006.13,0,0,0,0,0,0,0,3,60,0,2100.38,1882.86,7.5
23.4659,95,26,1241.78,1305.93,7.38,3.08179,0,1,1,32,0.15,3,60,2,1418.07,805.78,0
23.4667,96,19,1598.68,1127.21,7.7,1.07747,0,0,0,0,0,3,60,0,1203.38,1363.36,7.98
23.4704,101,10,1418.07,805.78,0,0,0,1,1,32,0.15,3,60,2,1730.82,941.03,0
23.4807,115,21,2070.79,1083.3,8.85,1.47012,0,0,0,0,0,3,60,0,1462.3,1001.73,0
23.4815,116,27,1665.5,1289.65,9.37,2.84309,0,1,1,32,0.15,3,60,2,1876.62,2034.33,10.11
23.4896,127,46,2321.23,1878.77,0,0,0,0,0,0,0,3,60,0,1348.47,1260.43,13.44
23.4911,129,19,1459.93,998.13,0,0,0,0,0,0,0,3,60,0,2219.9,1168.95,16.03
23.4919,130,45,2014.88,1871.6,13.27,-2.96193,0,1,1,32,0.15,3,60,2,1844.85,1897.62,10.24
23.5022,9,27,1467.02,1370.17,7.73,2.7967,0,1,1,32,0.15,3,60,2,1742.39,958.375,0
23.5037,11,12,1768,920.036,16.16,2.51148,0,1,1,32,0.15,3,60,2,1258.77,1302.75,6.13
23.517,29,27,1674.25,1267.27,0.12,1.10629,0,1,1,160,0.25,3,60,2,1617.41,1574,12.57
23.537,56,20,1785.49,1041.14,0,0,0,1,1,32,0.15,3,60,2,1634.14,1180.06,11.57
23.54,60,19,1497.15,1007.14,0,0,0,0,0,0,0,3,60,0,1617.3,1859.87,16.83
23.5437,65,20,1719.13,979.98,0,0,0,1,1,32,0.15,3,60,2,1431.33,994.63,0
23.5533,78,18,1445.12,997.33,0,0,0,0,0,64,0.05,3,60,0,1328.21,1274.46,7.75
23.5541,79,19,1621.57,1171.87,12.54,1.10822,0,0,1,192,0.15,3,60,0,1820.71,1696.51,12.27
23.5644,93,19,1490.23,1006.13,0,0,0,0,0,0,0,3,60,0,2101.12,1883.03,7.5
23.5659,95,26,1241.05,1305.98,7.38,3.08179,0,1,1,32,0.15,3,60,2,1418.07,805.78,0
23.5667,96,19,1599.05,1127.89,7.7,1.07747,0,0,0,0,0,3,60,0,1203.53,1362.58,7.98
23.5704,101,10,1418.07,805.78,0,0,0,1,1,32,0.15,3,60,2,1730.82,941.03,0
23.5807,115,21,2070.88,1084.18,8.85,1.47012,0,0,0,0,0,3,60,0,1462.3,1001.73,0
23.5815,116,27,1664.6,1289.92,9.37,2.84309,0,1,1,32,0.15,3,60,2,1876.45,2033.34,10.11
23.5896,127,46,2321.23,1878.77,0,0,0,0,0,0,0,3,60,0,1349.64,1259.77,13.44
23.5911,129,19,1459.93,998.13,0,0,0,0,0,0,0,3,60,0,2218.31,1169.19,16.03
23.5919,130,45,2013.57,1871.37,13.27,-2.96193,0,1,1,32,0.15,3,60,2,1843.84,1897.79,10.24
23.6022,9,27,1466.3,1370.43,7.73,2.7967,0,1,1,32,0.15,3,60,2,1742.39,958.375,0
23.6037,11,12,1766.7,920.989,16.16,2.51148,0,1,1,32,0.15,3,60,2,1258.18,1302.91,6.13
23.617,29,27,1674.26,1267.28,0.12,1.10629,0,1,1,160,0.25,3,60,2,1618.66,1573.96,12.57
23.637,56,20,1785.49,1041.14,0,0,0,1,1,32,0.15,3,60,2,1633.58,1179.05,11.57
23.64,60,19,1497.15,1007.14,0,0,0,0,0,0,0,3,60,0,1617.63,1861.52,16.83
23.6437,65,20,1719.13,979.98,0,0,0,1,1,32,0.15,3,60,2,1431.33,994.63,0
23.6533,78,18,1445.12,997.33,0,0,0,0,0,64,0.05,3,60,0,1328.91,1274.14,7.75
23.6541,79,19,1622.13,1172.99,12.54,1.10822,0,0,1,192,0.15,3,60,0,1820.49,1695.3,12.27
23.6644,93,19,1490.23,1006.13,0,0,0,0,0,0,0,3,60,0,2101.85,1883.2,7.5
23.6659,95,26,1240.31,1306.02,7.38,3.08179,0,1,1,32,0.15,3,60,2,1418.07,805.78,0
23.6667,96,19,1599.41,1128.57,7.7,1.07747,0,0,0,0,0,3,60,0,1203.69,1361.8,7.98
23.6704,101,10,1418.07,805.78,0,0,0,1,1,32,0.15,3,60,2,1730.82,941.03,0
23.6807,115,21,2070.96,1085.06,8.85,1.47012,0,0,0,0,0,3,60,0,1462.3,1001.73,0
23.6815,116,27,1663.71,1290.2,9.37,2.84309,0,1,1,32,0.15,3,60,2,1876.27,2032.34,10.11
23.6896,127,46,2321.23,1878.77,0,0,0,0,0,0,0,3,60,0,1350.81,1259.11,13.44
23.6911,129,19,1459.93,998.13,0,0,0,0,0,0,0,3,60,0,2216.73,1169.44,16.03
23.6919,130,45,2012.27,1871.13,13.27,-2.96193,0,1,1,32,0.15,3,60,2,1842.83,1897.97,10.24
23.7022,9,27,1465.57,1370.69,7.73,2.7967,0,1,1,32,0.15,3,60,2,1742.39,958.375,0
23.7037,11,12,1765.39,921.941,16.16,2.51148,0,1,1,32,0.15,3,60,2,1257.58,1303.07,6.13
23.717,29,27,1674.26,1267.29,0.12,1.10629,0,1,1,160,0.25,3,60,2,1619.92,1573.91,12.57
23.737,56,20,1785.49,1041.14,0,0,0,1,1,32,0.15,3,60,2,1633.02,1178.04,11.57
23.74,60,19,1497.15,1007.14,0,0,0,0,0,0,0,3,60,0,1617.95,1863.17,16.83
23.7437,65,20,1719.13,979.98,0,0,0,1,1,32,0.15,3,60,2,1431.33,994.63,0
23.7533,78,18,1445.12,997.33,0,0,0,0,0,64,0.05,3,60,0,1329.62,1273.81,7.75
23.7541,79,19,1622.69,1174.11,12.54,1.10822,0,0,1,192,0.15,3,60,0,1820.28,1694.09,12.27
23.7644,93,19,1490.23,1006.13,0,0,0,0,0,0,0,3,60,0,2102.58,1883.36,7.5
23.7659,95,26,1239.57,1306.07,7.38,3.08179,0,1,1,32,0.15,3,60,2,1418.07,805.78,0
23.7667,96,19,1599.78,1129.25,7.7,1.07747,0,0,0,0,0,3,60,0,1203.85,1361.01,7.98
23.7704,101,10,1418.07,805.78,0,0,0,1,1,32,0.15,3,60,2,1730.82,941.03,0
23.7807,115,21,2071.05,1085.94,8.85,1.47012,0,0,0,0,0,3,60,0,1462.3,1001.73,0
23.7815,116,27,1662.81,1290.48,9.37,2.84309,0,1,1,32,0.15,3,60,2,1876.1,2031.34,10.11
23.7896,127,46,2321.23,1878.77,0,0,0,0,0,0,0,3,60,0,1351.98,1258.45,13.44
23.7911,129,19,1459.93,998.13,0,0,0,0,0,0,0,3,60,0,2215.15,1169.69,16.03
23.7919,130,45,2010.96,1870.89,13.27,-2.96193,0,1,1,32,0.15,3,60,2,1841.82,1898.14,10.24
23.8022,9,27,1464.84,1370.95,7.73,2.7967,0,1,1,32,0.15,3,60,2,1742.39,958.375,0
23.8037,11,12,1764.09,922.893,16.16,2.51148,0,1,1,32,0.15,3,60,2,1256.99,1303.24,6.13
23.817,29,27,1674.27,1267.3,0.12,1.10629,0,1,1,160,0.25,3,60,2,1621.18,1573.86,12.57
23.837,56,20,1785.49,1041.14,0,0,0,1,1,32,0.15,3,60,2,1632.46,1177.03,11.57
23.84,60,19,1497.15,1007.14,0,0,0,0,0,0,0,3,60,0,1618.28,1864.82,16.83
23.8437,65,20,1719.13,979.98,0,0,0,1,1,32,0.15,3,60,2,1431.33,994.63,0
23.8533,78,18,1445.12,997.33,0,0,0,0,0,64,0.05,3,60,0,1330.32,1273.49,7.75
23.8541,79,19,1623.25,1175.23,12.54,1.10822,0,0,1,192,0.15,3,60,0,1820.06,1692.88,12.27
23.8644,93,19,1490.23,1006.13,0,0,0,0,0,0,0,3,60,0,2103.31,1883.53,7.5
23.8659,95,26,1238.84,1306.11,7.38,3.08179,0,1,1,32,0.15,3,60,2,1418.07,805.78,0
23.8667,96,19,1600.14,1129.93,7.7,1.07747,0,0,0,0,0,3,60,0,1204.01,1360.23,7.98
23.8704,101,10,1418.07,805.78,0,0,0,1,1,32,0.15,3,60,2,1730.82,941.03,0
23.8807,115,21,2071.14,1086.82,8.85,1.47012,0,0,0,0,0,3,60,0,1462.3,1001.73,0
23.8815,116,27,1661.92,1290.75,9.37,2.84309,0,1,1,32,0.15,3,60,2,1875.93,2030.35,10.11
23.8896,127,46,2321.23,1878.77,0,0,0,0,0,0,0,3,60,0,1353.15,1257.79,13.44
23.8911,129,19,1459.93,998.13,0,0,0,0,0,0,0,3,60,0,2213.56,1169.94,16.03
23.8919,130,45,2009.66,1870.66,13.27,-2.96193,0,1,1,32,0.15,3,60,2,1840.82,1898.32,10.24
23.9022,9,27,1464.11,1371.22,7.73,2.7967,0,1,1,32,0.15,3,60,2,1742.39,958.375,0
23.9037,11,12,1762.78,923.845,16.16,2.51148,0,1,1,32,0.15,3,60,2,1256.4,1303.4,6.13
23.917,29,27,1674.27,1267.31,0.12,1.10629,0,1,1,32,0.15,3,60,2,1622.43,1573.82,12.57
23.937,56,20,1785.49,1041.14,0,0,0,1,1,32,0.15,3,60,2,1631.9,1176.01,11.57
23.94,60,19,1497.15,1007.14,0,0,0,0,0,0,0,3,60,0,1618.6,1866.47,16.83
23.9437,65,20,1719.13,979.98,0,0,0,1,1,32,0.15,3,60,2,1431.33,994.63,0
23.9533,78,18,1445.12,997.33,0,0,0,0,0,64,0.05,3,60,0,1331.02,1273.17,7.75
23.9541,79,19,1623.81,1176.36,12.54,1.10822,0,0,0,64,0.05,3,60,0,1819.85,1691.67,12.27
23.9593,86,36,1816.62,1691.78,12.19,-1.74566,0,1,1,32,0.15,3,60,2,1348.58,1264.06,8.89
23.9644,93,19,1490.23,1006.13,0,0,0,0,0,0,0,3,60,0,2104.04,1883.7,7.5
23.9659,95,26,1238.1,1306.15,7.38,3.08179,0,1,1,32,0.15,3,60,2,1418.07,805.78,0
23.9667,96,19,1600.5,1130.61,7.7,1.07747,0,0,0,0,0,3,60,0,1204.16,1359.45,7.98
23.9704,101,10,1418.07,805.78,0,0,0,1,1,32,0.15,3,60,2,1730.82,941.03,0
23.9807,115,21,2071.23,1087.7,8.85,1.47012,0,0,0,0,0,3,60,0,1462.3,1001.73,0
23.9815,116,27,1661.02,1291.03,9.37,2.84309,0,1,1,32,0.15,3,60,2,1875.76,2029.35,10.11
23.9896,127,46,2321.23,1878.77,0,0,0,0,0,0,0,3,60,0,1354.33,1257.13,13.44
23.9911,129,19,1459.93,998.13,0,0,0,0,0,0,0,3,60,0,2211.98,1170.19,16.03
23.9919,130,45,2008.35,1870.42,13.27,-2.96193,0,1,1,32,0.15,3,60,2,1839.81,1898.49,10.24
24.0022,9,27,1463.38,1371.48,8.79,2.79626,10.6,1,1,36,0.25,3,60,2,1742.39,958.375,0
24.0037,11,12,1761.49,924.785,16.23,2.5108,0.7,1,1,32,0.15,3,60,2,1255.81,1303.56,7.16
24.017,29,27,1674.28,1267.32,0.05,1.10702,-0.7,1,1,32,0.15,3,60,2,1623.68,1573.77,11.94
24.037,56,20,1785.49,1041.14,0,0,0,1,1,32,0.15,3,60,2,1631.37,1175.02,10.75
24.04,60,19,1497.15,1007.14,0,0,0,0,0,0,0,3,60,0,1618.92,1868.18,18.09
24.0437,65,20,1719.13,979.98,0,0,0,1,1,32,0.15,3,60,2,1431.33,994.63,0
24.0533,78,18,1445.12,997.33,0,0,0,0,0,64,0.05,3,60,0,1331.77,1272.81,8.61
24.0541,79,19,1624.38,1177.42,11.7,1.05668,-8.4,0,1,68,0.15,3,60,0,1819.63,1690.45,12.64
24.0593,86,36,1816.41,1690.63,11.38,-1.74562,-8.1,1,1,36,0.25,3,60,2,1349.43,1263.59,10.16
24.0644,93,19,1490.23,1006.13,0,0,0,0,0,0,0,3,60,0,2104.77,1883.73,8.5
24.0659,95,26,1237.31,1306.19,8.17,3.09628,7.9,1,1,36,0.25,3,60,2,1418.07,805.78,0
24.0667,96,19,1600.9,1131.34,8.9,1.0764,12,0,1,4,0.1,3,60,0,1204.35,1358.59,9.18
24.0704,101,10,1418.07,805.78,0,0,0,1,1,32,0.15,3,60,2,1730.82,941.03,0
24.0807,115,21,2071.33,1088.64,9.51,1.46966,6.6,0,1,4,0.1,3,60,0,1462.3,1001.73,0
24.0815,116,27,1660.1,1291.33,10.09,2.82016,7.2,1,1,36,0.25,3,60,2,1875.58,2028.28,11.09
24.0896,127,46,2321.23,1878.77,0,0,0,0,0,0,0,3,60,0,1355.62,1256.4,15.35
24.0911,129,19,1459.93,998.13,0,0,0,0,0,0,0,3,60,0,2210.42,1170.43,15.77
24.0919,130,45,2006.89,1870.48,14.74,3.0835,14.7,1,1,38,0.35,3,60,2,1838.84,1898.67,9.82
24.1022,9,27,1462.56,1371.78,8.79,2.79626,0,1,1,32,0.15,3,60,2,1742.39,958.375,0
24.1037,11,12,1760.18,925.743,16.23,2.5108,0,1,1,32,0.15,3,60,2,1255.11,1303.72,7.16
24.117,29,27,1674.28,1267.33,0.05,1.10702,0,1,1,160,0.25,3,60,2,1624.87,1573.73,11.94
24.137,56,20,1785.49,1041.14,0,0,0,1,1,32,0.15,3,60,2,1630.88,1174.07,10.75
24.14,60,19,1497.15,1007.14,0,0,0,0,0,0,0,3,60,0,1619.23,1869.96,18.09
24.1437,65,20,1719.13,979.98,0,0,0,1,1,32,0.15,3,60,2,1431.33,994.63,0
24.1533,78,18,1445.12,997.33,0,0,0,0,0,64,0.05,3,60,0,1332.54,1272.43,8.61
24.1541,79,19,1624.95,1178.44,11.7,1.05668,0,0,0,64,0.05,3,60,0,1819.41,1689.2,12.64
24.1593,86,36,1816.21,1689.51,11.38,-1.74562,0,1,1,32,0.15,3,60,2,1350.31,1263.09,10.16
24.1644,93,19,1490.23,1006.13,0,0,0,0,0,0,0,3,60,0,2105.62,1883.71,8.5
24.1659,95,26,1236.5,1306.23,8.17,3.09628,0,1,1,32,0.15,3,60,2,1418.07,805.78,0
24.1667,96,19,1601.32,1132.13,8.9,1.0764,0,0,0,0,0,3,60,0,1204.56,1357.7,9.18
24.1704,101,10,1418.07,805.78,0,0,0,1,1,32,0.15,3,60,2,1730.82,941.03,0
24.1807,115,21,2071.42,1089.58,9.51,1.46966,0,0,0,0,0,3,60,0,1462.3,1001.73,0
24.1815,116,27,1659.14,1291.65,10.09,2.82016,0,1,1,32,0.15,3,60,2,1875.39,2027.18,11.09
24.1896,127,46,2321.23,1878.77,0,0,0,0,0,0,0,3,60,0,1356.95,1255.64,15.35
24.1911,129,19,1459.93,998.13,0,0,0,0,0,0,0,3,60,0,2208.86,1170.68,15.77
24.1919,130,45,2005.42,1870.56,14.74,3.0835,0,1,1,32,0.15,3,60,2,1837.87,1898.86,9.82
24.2022,9,27,1461.73,1372.07,8.79,2.79626,0,1,1,32,0.15,3,60,2,1742.39,958.375,0
24.2037,11,12,1758.87,926.7,16.23,2.5108,0,1,1,32,0.15,3,60,2,1254.41,1303.88,7.16
24.217,29,27,1674.28,1267.33,0.05,1.10702,0,1,1,32,0.15,3,60,2,1626.06,1573.68,11.94
24.237,56,20,1785.49,1041.14,0,0,0,1,1,32,0.15,3,60,2,1630.39,1173.11,10.75
24.24,60,19,1497.15,1007.14,0,0,0,0,0,0,0,3,60,0,1619.53,1871.74,18.09
24.2437,65,20,1719.13,979.98,0,0,0,1,1,32,0.15,3,60,2,1431.33,994.63,0
24.2533,78,18,1445.12,997.33,0,0,0,0,0,64,0.05,3,60,0,1333.31,1272.05,8.61
24.2541,79,19,1625.53,1179.46,11.7,1.05668,0,0,0,64,0.05,3,60,0,1819.19,1687.96,12.64
24.2593,86,36,1816.02,1688.39,11.38,-1.74562,0,1,1,32,0.15,3,60,2,1351.19,1262.59,10.16
24.2644,93,19,1490.23,1006.13,0,0,0,0,0,0,0,3,60,0,2106.47,1883.7,8.5
24.2659,95,26,1235.68,1306.27,8.17,3.09628,0,1,1,32,0.15,3,60,2,1418.07,805.78,0
24.2667,96,19,1601.75,1132.91,8.9,1.0764,0,0,0,0,0,3,60,0,1204.77,1356.8,9.18
24.2704,101,10,1418.07,805.78,0,0,0,1,1,32,0.15,3,60,2,1730.82,941.03,0
24.2807,115,21,2071.52,1090.53,9.51,1.46966,0,0,0,0,0,3,60,0,1462.3,1001.73,0
24.2815,116,27,1658.19,1291.97,10.09,2.82016,0,1,1,32,0.15,3,60,2,1875.2,2026.09,11.09
24.2896,127,46,2321.23,1878.77,0,0,0,0,0,0,0,3,60,0,1358.29,1254.88,15.35
24.2911,129,19,1459.93,998.13,0,0,0,0,0,0,0,3,60,0,2207.3,1170.92,15.77
24.2919,130,45,2003.95,1870.65,14.74,3.0835,0,1,1,32,0.15,3,60,2,1836.91,1899.04,9.82
24.3022,9,27,1460.9,1372.37,8.79,2.79626,0,1,1,32,0.15,3,60,2,1742.39,958.375,0
24.3037,11,12,1757.56,927.657,16.23,2.5108,0,1,1,32,0.15,3,60,2,1253.71,1304.04,7.16
24.317,29,27,1674.28,1267.34,0.05,1.10702,0,1,1,32,0.15,3,60,2,1627.26,1573.64,11.94
24.337,56,20,1785.49,1041.14,0,0,0,1,1,32,0.15,3,60,2,1629.9,1172.15,10.75
24.34,60,19,1497.15,1007.14,0,0,0,0,0,0,0,3,60,0,1619.84,1873.53,18.09
24.3437,65,20,1719.13,979.98,0,0,0,1,1,32,0.15,3,60,2,1431.33,994.63,0
24.3533,78,18,1445.12,997.33,0,0,0,0,0,64,0.05,3,60,0,1334.08,1271.67,8.61
24.3541,79,19,1626.1,1180.48,11.7,1.05668,0,0,0,64,0.05,3,60,0,1818.97,1686.71,12.64
24.3593,86,36,1815.82,1687.26,11.38,-1.74562,0,1,1,32,0.15,3,60,2,1352.08,1262.09,10.16
24.3644,93,19,1490.23,1006.13,0,0,0,0,0,0,0,3,60,0,2107.32,1883.68,8.5
24.3659,95,26,1234.86,1306.31,8.17,3.09628,0,1,1,32,0.15,3,60,2,1418.07,805.78,0
24.3667,96,19,1602.17,1133.69,8.9,1.0764,0,0,0,0,0,3,60,0,1204.97,1355.91,9.18
24.3704,101,10,1418.07,805.78,0,0,0,1,1,32,0.15,3,60,2,1730.82,941.03,0
24.3807,115,21,2071.61,1091.47,9.51,1.46966,0,0,0,0,0,3,60,0,1462.3,1001.73,0
24.3815,116,27,1657.23,1292.29,10.09,2.82016,0,1,1,32,0.15,3,60,2,1875.01,2025,11.09
24.3896,127,46,2321.23,1878.77,0,0,0,0,0,0,0,3,60,0,1359.62,1254.12,15.35
24.3911,129,19,1459.93,998.13,0,0,0,0,0,0,0,3,60,0,2205.75,1171.17,15.77
24.3919,130,45,2002.48,1870.73,14.74,3.0835,0,1,1,32,0.15,3,60,2,1835.94,1899.22,9.82
24.4022,9,27,1460.08,1372.67,8.79,2.79626,0,1,1,32,0.15,3,60,2,1742.39,958.375,0
24.4037,11,12,1756.25,928.614,16.23,2.5108,0,1,1,32,0.15,3,60,2,1253.02,1304.2,7.16
24.417,29,27,1674.29,1267.34,0.05,1.10702,0,1,1,32,0.15,3,60,2,1628.45,1573.6,11.94
24.437,56,20,1785.49,1041.14,0,0,0,1,1,32,0.15,3,60,2,1629.41,1171.2,10.75
24.44,60,19,1497.15,1007.14,0,0,0,0,0,0,0,3,60,0,1620.15,1875.31,18.09
24.4437,65,20,1719.13,979.98,0,0,0,1,1,32,0.15,3,60,2,1431.33,994.63,0
24.4533,78,18,1445.12,997.33,0,0,0,0,0,64,0.05,3,60,0,1334.86,1271.29,8.61
24.4541,79,19,1626.68,1181.5,11.7,1.05668,0,0,0,64,0.05,3,60,0,1818.75,1685.47,12.64
24.4593,86,36,1815.62,1686.14,11.38,-1.74562,0,1,1,32,0.15,3,60,2,1352.96,1261.58,10.16
24.4644,93,19,1490.23,1006.13,0,0,0,0,0,0,0,3,60,0,2108.17,1883.67,8.5
24.4659,95,26,1234.05,1306.34,8.17,3.09628,0,1,1,32,0.15,3,60,2,1418.07,805.78,0
24.4667,96,19,1602.59,1134.48,8.9,1.0764,0,0,0,0,0,3,60,0,1205.18,1355.01,9.18
24.4704,101,10,1418.07,805.78,0,0,0,1,1,32,0.15,3,60,2,1730.82,941.03,0
24.4807,115,21,2071.71,1092.42,9.51,1.46966,0,0,0,0,0,3,60,0,1462.3,1001.73,0
24.4815,116,27,1656.27,1292.6,10.09,2.82016,0,1,1,32,0.15,3,60,2,1874.82,2023.91,11.09
24.4896,127,46,2321.23,1878.77,0,0,0,0,0,0,0,3,60,0,1360.96,1253.36,15.35
24.4911,129,19,1459.93,998.13,0,0,0,0,0,0,0,3,60,0,2204.19,1171.41,15.77
24.4919,130,45,2001.01,1870.82,14.74,3.0835,0,1,1,32,0.15,3,60,2,1834.98,1899.41,9.82
24.5022,9,27,1459.25,1372.97,8.79,2.79626,0,1,1,32,0.15,3,60,2,1742.39,958.375,0
24.5037,11,12,1754.94,929.572,16.23,2.5108,0,1,1,32,0.15,3,60,2,1252.32,1304.36,7.16
24.517,29,27,1674.29,1267.35,0.05,1.10702,0,1,1,32,0.15,3,60,2,1629.64,1573.55,11.94
24.537,56,20,1785.49,1041.14,0,0,0,1,1,32,0.15,3,60,2,1628.92,1170.24,10.75
24.54,60,19,1497.15,1007.14,0,0,0,0,0,0,0,3,60,0,1620.45,1877.09,18.09
24.5437,65,20,1719.13,979.98,0,0,0,1,1,32,0.15,3,60,2,1431.33,994.63,0
24.5533,78,18,1445.12,997.33,0,0,0,0,0,64,0.05,3,60,0,1335.63,1270.91,8.61
24.5541,79,19,1627.25,1182.52,11.7,1.05668,0,0,0,64,0.05,3,60,0,1818.53,1684.22,12.64
24.5593,86,36,1815.42,1685.02,11.38,-1.74562,0,1,1,32,0.15,3,60,2,1353.84,1261.08,10.16
24.5644,93,19,1490.23,1006.13,0,0,0,0,0,0,0,3,60,0,2109.02,1883.65,8.5
24.5659,95,26,1233.23,1306.38,8.17,3.09628,0,1,1,32,0.15,3,60,2,1418.07,805.78,0
24.5667,96,19,1603.01,1135.26,8.9,1.0764,0,0,0,0,0,3,60,0,1205.39,1354.12,9.18
24.5704,101,10,1418.07,805.78,0,0,0,1,1,32,0.15,3,60,2,1730.82,941.03,0
24.5807,115,21,2071.81,1093.37,9.51,1.46966,0,0,0,0,0,3,60,0,1462.3,1001.73,0
24.5815,116,27,1655.31,1292.92,10.09,2.82016,0,1,1,32,0.15,3,60,2,1874.64,2022.81,11.09
24.5896,127,46,2321.23,1878.77,0,0,0,0,0,0,0,3,60,0,1362.29,1252.61,15.35
24.5911,129,19,1459.93,998.13,0,0,0,0,0,0,0,3,60,0,2202.63,1171.66,15.77
24.5919,130,45,1999.53,1870.91,14.74,3.0835,0,1,1,32,0.15,3,60,2,1834.01,1899.59,9.82
24.6022,9,27,1458.42,1373.26,8.79,2.79626,0,1,1,32,0.15,3,60,2,1742.39,958.375,0
24.6037,11,12,1753.63,930.529,16.23,2.5108,0,1,1,32,0.15,3,60,2,1251.62,1304.52,7.16
24.617,29,27,1674.29,1267.35,0.05,1.10702,0,1,1,32,0.15,3,60,2,1630.84,1573.51,11.94
24.637,56,20,1785.49,1041.14,0,0,0,1,1,32,0.15,3,60,2,1628.43,1169.28,10.75
24.64,60,19,1497.15,1007.14,0,0,0,0,0,0,0,3,60,0,1620.76,1878.87,18.09
24.6437,65,20,1719.13,979.98,0,0,0,1,1,32,0.15,3,60,2,1431.33,994.63,0
24.6533,78,18,1445.12,997.33,0,0,0,0,0,64,0.05,3,60,0,1336.4,1270.53,8.61
24.6541,79,19,1627.83,1183.54,11.7,1.05668,0,0,0,64,0.05,3,60,0,1818.31,1682.98,12.64
24.6593,86,36,1815.23,1683.9,11.38,-1.74562,0,1,1,32,0.15,3,60,2,1354.73,1260.58,10.16
24.6644,93,19,1490.23,1006.13,0,0,0,0,0,0,0,3,60,0,2109.87,1883.63,8.5
24.6659,95,26,1232.41,1306.42,8.17,3.09628,0,1,1,32,0.15,3,60,2,1418.07,805.78,0
24.6667,96,19,1603.44,1136.04,8.9,1.0764,0,0,0,0,0,3,60,0,1205.59,1353.23,9.18
24.6704,101,10,1418.07,805.78,0,0,0,1,1,32,0.15,3,60,2,1730.82,941.03,0
24.6807,115,21,2071.9,1094.31,9.51,1.46966,0,0,0,0,0,3,60,0,1462.3,1001.73,0
24.6815,116,27,1654.36,1293.24,10.09,2.82016,0,1,1,32,0.15,3,60,2,1874.45,2021.72,11.09
24.6896,127,46,2321.23,1878.77,0,0,0,0,0,0,0,3,60,0,1363.62,1251.85,15.35
24.6911,129,19,1459.93,998.13,0,0,0,0,0,0,0,3,60,0,2201.07,1171.9,15.77
24.6919,130,45,1998.06,1870.99,14.74,3.0835,0,1,1,32,0.15,3,60,2,1833.05,1899.77,9.82
24.7022,9,27,1457.59,1373.56,8.79,2.79626,0,1,1,32,0.15,3,60,2,1742.39,958.375,0
24.7037,11,12,1752.32,931.486,16.23,2.5108,0,1,1,32,0.15,3,60,2,1250.92,1304.68,7.16
24.717,29,27,1674.29,1267.36,0.05,1.10702,0,1,1,32,0.15,3,60,2,1632.03,1573.46,11.94
24.737,56,20,1785.49,1041.14,0,0,0,1,1,32,0.15,3,60,2,1627.94,1168.33,10.75
24.74,60,19,1497.15,1007.14,0,0,0,0,0,0,0,3,60,0,1621.07,1880.66,18.09
24.7437,65,20,1719.13,979.98,0,0,0,1,1,32,0.15,3,60,2,1431.33,994.63,0
24.7533,78,18,1445.12,997.33,0,0,0,0,0,64,0.05,3,60,0,1337.17,1270.15,8.61
24.7541,79,19,1628.4,1184.55,11.7,1.05668,0,0,0,64,0.05,3,60,0,1818.09,1681.73,12.64
24.7593,86,36,1815.03,1682.78,11.38,-1.74562,0,1,1,32,0.15,3,60,2,1355.61,1260.08,10.16
24.7644,93,19,1490.23,1006.13,0,0,0,0,0,0,0,3,60,0,2110.72,1883.62,8.5
24.7659,95,26,1231.6,1306.45,8.17,3.09628,0,1,1,32,0.15,3,60,2,1418.07,805.78,0
24.7667,96,19,1603.86,1136.83,8.9,1.0764,0,0,0,0,0,3,60,0,1205.8,1352.33,9.18
24.7704,101,10,1418.07,805.78,0,0,0,1,1,32,0.15,3,60,2,1730.82,941.03,0
24.7807,115,21,2072,1095.26,9.51,1.46966,0,0,0,0,0,3,60,0,1462.3,1001.73,0
24.7815,116,27,1653.4,1293.56,10.09,2.82016,0,1,1,32,0.15,3,60,2,1874.26,2020.63,11.09
24.7896,127,46,2321.23,1878.77,0,0,0,0,0,0,0,3,60,0,1364.96,1251.09,15.35
24.7911,129,19,1459.93,998.13,0,0,0,0,0,0,0,3,60,0,2199.51,1172.15,15.77
24.7919,130,45,1996.59,1871.08,14.74,3.0835,0,1,1,32,0.15,3,60,2,1832.08,1899.95,9.82
24.8022,9,27,1456.77,1373.86,8.79,2.79626,0,1,1,32,0.15,3,60,2,1742.39,958.375,0
24.817,29,27,1674.29,1267.36,0.05,1.10702,0,1,1,32,0.15,3,60,2,1633.22,1573.42,11.94
24.837,56,20,1785.49,1041.14,0,0,0,1,1,32,0.15,3,60,2,1627.44,1167.37,10.75
24.84,60,19,1497.15,1007.14,0,0,0,0,0,0,0,3,60,0,1621.38,1882.44,18.09
24.8437,65,20,1719.13,979.98,0,0,0,1,1,32,0.15,3,60,2,1431.33,994.63,0
24.8533,78,18,1445.12,997.33,0,0,0,0,0,64,0.05,3,60,0,1337.95,1269.77,8.61
24.8541,79,19,1628.98,1185.57,11.7,1.05668,0,0,0,64,0.05,3,60,0,1817.87,1680.49,12.64
24.8593,86,36,1814.83,1681.66,11.38,-1.74562,0,1,1,32,0.15,3,60,2,1356.49,1259.58,10.16
24.8644,93,19,1490.23,1006.13,0,0,0,0,0,0,0,3,60,0,2111.57,1883.6,8.5
24.8659,95,26,1230.78,1306.49,8.17,3.09628,0,1,1,32,0.15,3,60,2,1418.07,805.78,0
24.8667,96,19,1604.28,1137.61,8.9,1.0764,0,0,0,0,0,3,60,0,1206.01,1351.44,9.18
24.8704,101,10,1418.07,805.78,0,0,0,1,1,32,0.15,3,60,2,1730.82,941.03,0
24.8807,115,21,2072.09,1096.21,9.51,1.46966,0,0,0,0,0,3,60,0,1462.3,1001.73,0
24.8815,116,27,1652.44,1293.88,10.09,2.82016,0,1,1,32,0.15,3,60,2,1874.07,2019.53,11.09
24.8896,127,46,2321.23,1878.77,0,0,0,0,0,0,0,3,60,0,1366.29,1250.33,15.35
24.8911,129,19,1459.93,998.13,0,0,0,0,0,0,0,3,60,0,2197.96,1172.39,15.77
24.8919,130,45,1995.12,1871.16,14.74,3.0835,0,1,1,32,0.15,3,60,2,1831.12,1900.14,9.82
24.9022,9,27,1455.94,1374.16,8.79,2.79626,0,1,1,32,0.15,3,60,2,1742.39,958.375,0
24.917,29,27,1674.3,1267.36,0.05,1.10702,0,1,1,32,0.15,3,60,2,1634.42,1573.38,11.94
24.937,56,20,1785.49,1041.14,0,0,0,1,1,32,0.15,3,60,2,1626.95,1166.41,10.75
24.94,60,19,1497.15,1007.14,0,0,0,0,0,0,0,3,60,0,1621.68,1884.22,18.09
24.9437,65,20,1719.13,979.98,0,0,0,1,1,32,0.15,3,60,2,1431.33,994.63,0
24.9533,78,18,1445.12,997.33,0,0,0,0,0,64,0.05,3,60,0,1338.72,1269.39,8.61
24.9541,79,19,1629.56,1186.59,11.7,1.05668,0,0,0,64,0.05,3,60,0,1817.65,1679.24,12.64
24.9593,86,36,1814.63,1680.54,11.38,-1.74562,0,1,1,32,0.15,3,60,2,1357.38,1259.08,10.16
24.9644,93,19,1490.23,1006.13,0,0,0,0,0,0,0,3,60,0,2112.42,1883.59,8.5
24.9659,95,26,1229.97,1306.53,8.17,3.09628,0,1,1,32,0.15,3,60,2,1418.07,805.78,0
24.9667,96,19,1604.7,1138.39,8.9,1.0764,0,0,0,0,0,3,60,0,1206.21,1350.54,9.18
24.9704,101,10,1418.07,805.78,0,0,0,1,1,32,0.15,3,60,2,1730.82,941.03,0
24.9807,115,21,2072.19,1097.15,9.51,1.46966,0,0,0,0,0,3,60,0,1462.3,1001.73,0
24.9815,116,27,1651.48,1294.2,10.09,2.82016,0,1,1,32,0.15,3,60,2,1873.88,2018.44,11.09
24.9896,127,46,2321.23,1878.77,0,0,0,0,0,0,0,3,60,0,1367.63,1249.57,15.35
24.9911,129,19,1459.93,998.13,0,0,0,0,0,0,0,3,60,0,2196.4,1172.64,15.77
24.9919,130,45,1993.65,1871.25,14.74,3.0835,0,1,1,32,0.15,3,60,2,1830.15,1900.32,9.82
25.0022,9,27,1455.11,1374.45,9.73,2.795,9.4,1,1,36,0.25,3,60,2,1742.39,958.375,0
25.017,29,27,1674.3,1267.37,0.04,1.10714,-0.1,1,1,32,0.15,3,60,2,1635.62,1573.33,12.47
25.037,56,20,1785.49,1041.14,0,0,0,1,1,32,0.15,3,60,2,1626.46,1165.44,11.51
25.04,60,19,1497.15,1007.14,0,0,0,0,0,0,0,3,60,0,1621.97,1885.83,13.59
25.0437,65,20,1719.13,979.98,0,0,0,1,1,32,0.15,3,60,2,1431.33,994.63,0
25.0533,78,18,1445.12,997.33,0,0,0,0,0,64,0.05,3,60,0,1339.45,1268.83,9.89
25.0541,79,19,1630.13,1187.61,11.69,1.06237,-0.1,0,0,64,0.05,3,60,0,1817.43,1677.98,13.06
25.0593,86,36,1814.42,1679.36,12.33,-1.74528,9.5,1,1,36,0.25,3,60,2,1358.31,1258.55,11.13
25.0644,93,19,1490.23,1006.13,0,0,0,0,0,0,0,3,60,0,2113.31,1883.57,9.19
25.0659,95,26,1229.13,1306.74,9.1,2.7954,9.3,1,1,38,0.35,3,60,2,1418.07,805.78,0
25.0667,96,19,1605.13,1139.21,9.8,1.08517,9,0,1,4,0.1,3,60,0,1206.5,1349.62,9.95
25.0704,101,10,1418.07,805.78,0,0,0,1,1,32,0.15,3,60,2,1730.82,941.03,0
25.0807,115,21,2072.29,1098.17,10.35,1.47017,8.4,0,1,4,0.1,3,60,0,1462.3,1001.73,0
25.0815,116,27,1650.48,1294.54,11.05,2.81785,9.6,1,1,36,0.25,3,60,2,1873.68,2017.27,12.1
25.0896,127,46,2321.23,1878.77,0,0,0,0,0,0,0,3,60,0,1369.06,1248.75,16.67
25.0911,129,19,1459.93,998.13,0,0,0,0,0,0,0,3,60,0,2194.73,1172.91,16.98
25.0919,130,45,1992.01,1871.46,16.66,3.00647,19.2,1,1,38,0.35,3,60,2,1829.17,1900.5,10.05
25.1022,9,27,1454.2,1374.78,9.73,2.795,0,1,1,32,0.15,3,60,2,1742.39,958.375,0
25.117,29,27,1674.3,1267.37,0.04,1.10714,0,1,1,32,0.15,3,60,2,1636.86,1573.29,12.47
25.137,56,20,1785.49,1041.14,0,0,0,1,1,32,0.15,3,60,2,1625.94,1164.41,11.51
25.14,60,19,1497.15,1007.14,0,0,0,0,0,0,0,3,60,0,1622.21,1887.16,13.59
25.1437,65,20,1719.13,979.98,0,0,0,1,1,32,0.15,3,60,2,1431.33,994.63,0
25.1533,78,18,1445.12,997.33,0,0,0,0,0,64,0.05,3,60,0,1340.14,1268.13,9.89
25.1541,79,19,1630.7,1188.63,11.69,1.06237,0,0,0,64,0.05,3,60,0,1817.2,1676.69,13.06
25.1593,86,36,1814.21,1678.15,12.33,-1.74528,0,1,1,32,0.15,3,60,2,1359.28,1258,11.13
25.1644,93,19,1490.23,1006.13,0,0,0,0,0,0,0,3,60,0,2114.23,1883.55,9.19
25.1659,95,26,1228.27,1307.05,9.1,2.7954,0,1,1,32,0.15,3,60,2,1418.07,805.78,0
25.1667,96,19,1605.59,1140.07,9.8,1.08517,0,0,0,0,0,3,60,0,1206.83,1348.68,9.95
25.1704,101,10,1418.07,805.78,0,0,0,1,1,32,0.15,3,60,2,1730.82,941.03,0
25.1807,115,21,2072.4,1099.2,10.35,1.47017,0,0,0,0,0,3,60,0,1462.3,1001.73,0
25.1815,116,27,1649.43,1294.89,11.05,2.81785,0,1,1,32,0.15,3,60,2,1873.48,2016.07,12.1
25.1896,127,46,2321.23,1878.77,0,0,0,0,0,0,0,3,60,0,1370.51,1247.93,16.67
25.1911,129,19,1459.93,998.13,0,0,0,0,0,0,0,3,60,0,2193.06,1173.18,16.98
25.1919,130,45,1990.36,1871.69,16.66,3.00647,0,1,1,32,0.15,3,60,2,1828.18,1900.69,10.05
25.2022,9,27,1453.28,1375.12,9.73,2.795,0,1,1,32,0.15,3,60,2,1742.39,958.375,0
25.217,29,27,1674.3,1267.38,0.04,1.10714,0,1,1,32,0.15,3,60,2,1638.11,1573.24,12.47
25.237,56,20,1785.49,1041.14,0,0,0,1,1,32,0.15,3,60,2,1625.43,1163.38,11.51
25.24,60,19,1497.15,1007.14,0,0,0,0,0,0,0,3,60,0,1622.46,1888.5,13.59
25.2437,65,20,1719.13,979.98,0,0,0,1,1,32,0.15,3,60,2,1431.33,994.63,0
25.2533,78,18,1445.12,997.33,0,0,0,0,0,64,0.05,3,60,0,1340.83,1267.42,9.89
25.2541,79,19,1631.27,1189.65,11.69,1.06237,0,0,0,64,0.05,3,60,0,1816.97,1675.4,13.06
25.2593,86,36,1814,1676.94,12.33,-1.74528,0,1,1,32,0.15,3,60,2,1360.25,1257.45,11.13
25.2644,93,19,1490.23,1006.13,0,0,0,0,0,0,0,3,60,0,2115.15,1883.54,9.19
25.2659,95,26,1227.41,1307.36,9.1,2.7954,0,1,1,32,0.15,3,60,2,1418.07,805.78,0
25.2667,96,19,1606.05,1140.94,9.8,1.08517,0,0,0,0,0,3,60,0,1207.15,1347.74,9.95
25.2704,101,10,1418.07,805.78,0,0,0,1,1,32,0.15,3,60,2,1730.82,941.03,0
25.2807,115,21,2072.5,1100.22,10.35,1.47017,0,0,0,0,0,3,60,0,1462.3,1001.73,0
25.2815,116,27,1648.38,1295.24,11.05,2.81785,0,1,1,32,0.15,3,60,2,1873.28,2014.88,12.1
25.2896,127,46,2321.23,1878.77,0,0,0,0,0,0,0,3,60,0,1371.96,1247.11,16.67
25.2911,129,19,1459.93,998.13,0,0,0,0,0,0,0,3,60,0,2191.38,1173.45,16.98
25.2919,130,45,1988.71,1871.91,16.66,3.00647,0,1,1,32,0.15,3,60,2,1827.19,1900.87,10.05
25.3022,9,27,1452.37,1375.45,9.73,2.795,0,1,1,32,0.15,3,60,2,1742.39,958.375,0
25.317,29,27,1674.3,1267.38,0.04,1.10714,0,1,1,32,0.15,3,60,2,1639.36,1573.19,12.47
25.337,56,20,1785.49,1041.14,0,0,0,1,1,32,0.15,3,60,2,1624.91,1162.35,11.51
25.34,60,19,1497.15,1007.14,0,0,0,0,0,0,0,3,60,0,1622.7,1889.84,13.59
25.3437,65,20,1719.13,979.98,0,0,0,1,1,32,0.15,3,60,2,1431.33,994.63,0
25.3533,78,18,1445.12,997.33,0,0,0,0,0,64,0.05,3,60,0,1341.52,1266.71,9.89
25.3541,79,19,1631.83,1190.67,11.69,1.06237,0,0,0,64,0.05,3,60,0,1816.75,1674.12,13.06
25.3593,86,36,1813.78,1675.72,12.33,-1.74528,0,1,1,32,0.15,3,60,2,1361.21,1256.9,11.13
25.3644,93,19,1490.23,1006.13,0,0,0,0,0,0,0,3,60,0,2116.07,1883.52,9.19
25.3659,95,26,1226.56,1307.67,9.1,2.7954,0,1,1,32,0.15,3,60,2,1418.07,805.78,0
25.3667,96,19,1606.51,1141.81,9.8,1.08517,0,0,0,0,0,3,60,0,1207.48,1346.8,9.95
25.3704,101,10,1418.07,805.78,0,0,0,1,1,32,0.15,3,60,2,1730.82,941.03,0
25.3807,115,21,2072.6,1101.25,10.35,1.47017,0,0,0,0,0,3,60,0,1462.3,1001.73,0
25.3815,116,27,1647.33,1295.59,11.05,2.81785,0,1,1,32,0.15,3,60,2,1873.07,2013.69,12.1
25.3896,127,46,2321.23,1878.77,0,0,0,0,0,0,0,3,60,0,1373.41,1246.29,16.67
25.3911,129,19,1459.93,998.13,0,0,0,0,0,0,0,3,60,0,2189.7,1173.72,16.98
25.3919,130,45,1987.06,1872.13,16.66,3.00647,0,1,1,32,0.15,3,60,2,1826.21,1901.06,10.05
25.4022,9,27,1451.45,1375.78,9.73,2.795,0,1,1,32,0.15,3,60,2,1742.39,958.375,0
25.417,29,27,1674.31,1267.38,0.04,1.10714,0,1,1,32,0.15,3,60,2,1640.6,1573.15,12.47
25.437,56,20,1785.49,1041.14,0,0,0,1,1,32,0.15,3,60,2,1624.4,1161.32,11.51
25.44,60,19,1497.15,1007.14,0,0,0,0,0,0,0,3,60,0,1622.95,1891.17,13.59
25.4437,65,20,1719.13,979.98,0,0,0,1,1,32,0.15,3,60,2,1431.33,994.63,0
25.4533,78,18,1445.12,997.33,0,0,0,0,0,64,0.05,3,60,0,1342.21,1266,9.89
25.4541,79,19,1632.4,1191.7,11.69,1.06237,0,0,0,64,0.05,3,60,0,1816.52,1672.83,13.06
25.4593,86,36,1813.57,1674.51,12.33,-1.74528,0,1,1,32,0.15,3,60,2,1362.18,1256.35,11.13
25.4644,93,19,1490.23,1006.13,0,0,0,0,0,0,0,3,60,0,2116.99,1883.51,9.19
25.4659,95,26,1225.7,1307.98,9.1,2.7954,0,1,1,32,0.15,3,60,2,1418.07,805.78,0
25.4667,96,19,1606.96,1142.67,9.8,1.08517,0,0,0,0,0,3,60,0,1207.8,1345.86,9.95
25.4704,101,10,1418.07,805.78,0,0,0,1,1,32,0.15,3,60,2,1730.82,941.03,0
25.4807,115,21,2072.71,1102.28,10.35,1.47017,0,0,0,0,0,3,60,0,1462.3,1001.73,0
25.4815,116,27,1646.29,1295.94,11.05,2.81785,0,1,1,32,0.15,3,60,2,1872.87,2012.5,12.1
25.4896,127,46,2321.23,1878.77,0,0,0,0,0,0,0,3,60,0,1374.86,1245.46,16.67
25.4911,129,19,1459.93,998.13,0,0,0,0,0,0,0,3,60,0,2188.03,1173.99,16.98
25.4919,130,45,1985.41,1872.36,16.66,3.00647,0,1,1,32,0.15,3,60,2,1825.22,1901.24,10.05
25.5022,9,27,1450.54,1376.11,9.73,2.795,0,1,1,32,0.15,3,60,2,1742.39,958.375,0
25.517,29,27,1674.31,1267.39,0.04,1.10714,0,1,1,32,0.15,3,60,2,1641.85,1573.1,12.47
25.537,56,20,1785.49,1041.14,0,0,0,1,1,32,0.15,3,60,2,1623.88,1160.29,11.51
25.54,60,19,1497.15,1007.14,0,0,0,0,0,0,0,3,60,0,1623.19,1892.51,13.59
25.5437,65,20,1719.13,979.98,0,0,0,1,1,32,0.15,3,60,2,1431.33,994.63,0
25.5533,78,18,1445.12,997.33,0,0,0,0,0,64,0.05,3,60,0,1342.9,1265.29,9.89
25.5541,79,19,1632.97,1192.72,11.69,1.06237,0,0,0,0,0,3,60,0,1816.29,1671.55,13.06
25.5593,86,36,1813.35,1673.29,12.33,-1.74528,0,1,1,32,0.15,3,60,2,1363.15,1255.8,11.13
25.5644,93,19,1490.23,1006.13,0,0,0,0,0,0,0,3,60,0,2117.91,1883.49,9.19
25.5659,95,26,1224.85,1308.29,9.1,2.7954,0,1,1,32,0.15,3,60,2,1418.07,805.78,0
25.5667,96,19,1607.42,1143.54,9.8,1.08517,0,0,0,0,0,3,60,0,1208.13,1344.92,9.95
25.5704,101,10,1418.07,805.78,0,0,0,1,1,32,0.15,3,60,2,1730.82,941.03,0
25.5807,115,21,2072.81,1103.31,10.35,1.47017,0,0,0,0,0,3,60,0,1462.3,1001.73,0
25.5815,116,27,1645.24,1296.29,11.05,2.81785,0,1,1,32,0.15,3,60,2,1872.66,2011.3,12.1
25.5896,127,46,2321.23,1878.77,0,0,0,0,0,0,0,3,60,0,1376.31,1244.64,16.67
25.5911,129,19,1459.93,998.13,0,0,0,0,0,0,0,3,60,0,2186.35,1174.26,16.98
25.5919,130,45,1983.76,1872.58,16.66,3.00647,0,1,1,32,0.15,3,60,2,1824.23,1901.43,10.05
25.6022,9,27,1449.62,1376.44,9.73,2.795,0,1,1,32,0.15,3,60,2,1742.39,958.375,0
25.617,29,27,1674.31,1267.39,0.04,1.10714,0,1,1,32,0.15,3,60,2,1643.09,1573.06,12.47
25.637,56,20,1785.49,1041.14,0,0,0,1,1,32,0.15,3,60,2,1623.37,1159.26,11.51
25.64,60,19,1497.15,1007.14,0,0,0,0,0,0,0,3,60,0,1623.44,1893.85,13.59
25.6437,65,20,1719.13,979.98,0,0,0,1,1,32,0.15,3,60,2,1431.33,994.63,0
25.6533,78,18,1445.12,997.33,0,0,0,0,0,0,0,3,60,0,1343.59,1264.58,9.89
25.6593,86,36,1813.14,1672.08,12.33,-1.74528,0,1,1,32,0.15,3,60,2,1364.12,1255.25,11.13
25.6644,93,19,1490.23,1006.13,0,0,0,0,0,0,0,3,60,0,2118.82,1883.47,9.19
25.6659,95,26,1223.99,1308.6,9.1,2.7954,0,1,1,32,0.15,3,60,2,1418.07,805.78,0
25.6667,96,19,1607.88,1144.41,9.8,1.08517,0,0,0,0,0,3,60,0,1208.46,1343.98,9.95
25.6704,101,10,1418.07,805.78,0,0,0,1,1,32,0.15,3,60,2,1730.82,941.03,0
25.6807,115,21,2072.92,1104.34,10.35,1.47017,0,0,0,0,0,3,60,0,1462.3,1001.73,0
25.6815,116,27,1644.19,1296.65,11.05,2.81785,0,1,1,32,0.15,3,60,2,1872.46,2010.11,12.1
25.6896,127,46,2321.23,1878.77,0,0,0,0,0,0,0,3,60,0,1377.76,1243.82,16.67
25.6911,129,19,1459.93,998.13,0,0,0,0,0,0,0,3,60,0,2184.68,1174.53,16.98
25.6919,130,45,1982.11,1872.81,16.66,3.00647,0,1,1,32,0.15,3,60,2,1823.24,1901.61,10.05
25.7022,9,27,1448.71,1376.77,9.73,2.795,0,1,1,32,0.15,3,60,2,1742.39,958.375,0
25.717,29,27,1674.31,1267.39,0.04,1.10714,0,1,1,32,0.15,3,60,2,1644.34,1573.01,12.47
25.737,56,20,1785.49,1041.14,0,0,0,1,1,32,0.15,3,60,2,1622.86,1158.23,11.51
25.74,60,19,1497.15,1007.14,0,0,0,0,0,0,0,3,60,0,1623.69,1895.18,13.59
25.7437,65,20,1719.13,979.98,0,0,0,1,1,32,0.15,3,60,2,1431.33,994.63,0
25.7533,78,18,1445.12,997.33,0,0,0,0,0,0,0,3,60,0,1344.28,1263.88,9.89
25.7593,86,36,1812.93,1670.86,12.33,-1.74528,0,1,1,32,0.15,3,60,2,1365.08,1254.7,11.13
25.7644,93,19,1490.23,1006.13,0,0,0,0,0,0,0,3,60,0,2119.74,1883.46,9.19
25.7659,95,26,1223.13,1308.9,9.1,2.7954,0,1,1,32,0.15,3,60,2,1418.07,805.78,0
25.7667,96,19,1608.34,1145.27,9.8,1.08517,0,0,0,0,0,3,60,0,1208.78,1343.04,9.95
25.7704,101,10,1418.07,805.78,0,0,0,1,1,32,0.15,3,60,2,1730.82,941.03,0
25.7807,115,21,2073.02,1105.37,10.35,1.47017,0,0,0,0,0,3,60,0,1462.3,1001.73,0
25.7815,116,27,1643.14,1297,11.05,2.81785,0,1,1,32,0.15,3,60,2,1872.26,2008.92,12.1
25.7896,127,46,2321.23,1878.77,0,0,0,0,0,0,0,3,60,0,1379.21,1242.99,16.67
25.7911,129,19,1459.93,998.13,0,0,0,0,0,0,0,3,60,0,2183,1174.8,16.98
25.7919,130,45,1980.46,1873.03,16.66,3.00647,0,1,1,32,0.15,3,60,2,1822.25,1901.8,10.05
25.8022,9,27,1447.79,1377.1,9.73,2.795,0,1,1,32,0.15,3,60,2,1742.39,958.375,0
25.817,29,27,1674.31,1267.4,0.04,1.10714,0,1,1,32,0.15,3,60,2,1645.59,1572.96,12.47
25.837,56,20,1785.49,1041.14,0,0,0,1,1,32,0.15,3,60,2,1622.34,1157.2,11.51
25.84,60,19,1497.15,1007.14,0,0,0,0,0,0,0,3,60,0,1623.93,1896.52,13.59
25.8437,65,20,1719.13,979.98,0,0,0,1,1,32,0.15,3,60,2,1431.33,994.63,0
25.8533,78,18,1445.12,997.33,0,0,0,0,0,0,0,3,60,0,1344.97,1263.17,9.89
25.8593,86,36,1812.71,1669.65,12.33,-1.74528,0,1,1,32,0.15,3,60,2,1366.05,1254.15,11.13
25.8644,93,19,1490.23,1006.13,0,0,0,0,0,0,0,3,60,0,2120.66,1883.44,9.19
25.8659,95,26,1222.28,1309.21,9.1,2.7954,0,1,1,32,0.15,3,60,2,1418.07,805.78,0
25.8667,96,19,1608.79,1146.14,9.8,1.08517,0,0,0,0,0,3,60,0,1209.11,1342.1,9.95
25.8704,101,10,1418.07,805.78,0,0,0,1,1,32,0.15,3,60,2,1730.82,941.03,0
25.8807,115,21,2073.12,1106.4,10.35,1.47017,0,0,0,0,0,3,60,0,1462.3,1001.73,0
25.8815,116,27,1642.1,1297.35,11.05,2.81785,0,1,1,32,0.15,3,60,2,1872.05,2007.72,12.1
25.8896,127,46,2321.23,1878.77,0,0,0,0,0,0,0,3,60,0,1380.66,1242.17,16.67
25.8911,129,19,1459.93,998.13,0,0,0,0,0,0,0,3,60,0,2181.32,1175.08,16.98
25.8919,130,45,1978.81,1873.26,16.66,3.00647,0,1,1,32,0.15,3,60,2,1821.27,1901.98,10.05
25.9022,9,27,1446.87,1377.43,9.73,2.795,0,1,1,32,0.15,3,60,2,1742.39,958.375,0
25.917,29,27,1674.32,1267.4,0.04,1.10714,0,1,1,32,0.15,3,60,2,1646.83,1572.92,12.47
25.923,37,52,1901.55,2183.64,12.83,-1.73453,0,1,1,32,0.15,3,60,2,1150.14,924.915,20.72
25.937,56,20,1785.49,1041.14,0,0,0,1,1,32,0.15,3,60,2,1621.83,1156.17,11.51
25.94,60,19,1497.15,1007.14,0,0,0,0,0,0,0,3,60,0,1624.18,1897.86,13.59
25.9437,65,20,1719.13,979.98,0,0,0,1,1,32,0.15,3,60,2,1431.33,994.63,0
25.9533,78,18,1445.12,997.33,0,0,0,0,0,0,0,3,60,0,1345.66,1262.46,9.89
25.9593,86,36,1812.5,1668.44,12.33,-1.74528,0,1,1,32,0.15,3,60,2,1367.02,1253.6,11.13
25.9644,93,19,1490.23,1006.13,0,0,0,0,0,0,0,3,60,0,2121.58,1883.43,9.19
25.9659,95,26,1221.42,1309.52,9.1,2.7954,0,1,1,32,0.15,3,60,2,1418.07,805.78,0
25.9667,96,19,1609.25,1147.01,9.8,1.08517,0,0,0,0,0,3,60,0,1209.43,1341.16,9.95
25.9704,101,10,1418.07,805.78,0,0,0,1,1,32,0.15,3,60,2,1730.82,941.03,0
25.9807,115,21,2073.23,1107.43,10.35,1.47017,0,0,0,0,0,3,60,0,1462.3,1001.73,0
25.9815,116,27,1641.05,1297.7,11.05,2.81785,0,1,1,32,0.15,3,60,2,1871.85,2006.53,12.1
25.9896,127,46,2321.23,1878.77,0,0,0,0,0,0,0,3,60,0,1382.11,1241.35,16.67
25.9911,129,19,1459.93,998.13,0,0,0,0,0,0,0,3,60,0,2179.65,1175.35,16.98
25.9919,130,45,1977.15,1873.48,16.66,3.00647,0,1,1,32,0.15,3,60,2,1820.28,1902.17,10.05
26.017,29,27,1674.32,1267.4,0,0,-0.4,1,1,34,0.25,3,60,2,1648.09,1572.86,13.07
26.023,37,52,1901.33,2182.36,13.71,-1.73487,8.8,1,1,36,0.25,3,60,2,1152.17,925.568,23.3
26.037,56,20,1785.49,1041.14,0,0,0,1,1,32,0.15,3,60,2,1621.31,1155.14,11.45
26.04,60,19,1497.15,1007.14,0,0,0,0,0,0,0,3,60,0,1624.4,1899.03,9.59
26.0437,65,20,1719.13,979.98,0,0,0,1,1,32,0.15,3,60,2,1431.33,994.63,0
26.0533,78,18,1445.12,997.33,0,0,0,0,0,0,0,3,60,0,1346.53,1261.8,12.1
26.0593,86,36,1812.3,1667.34,10.38,-1.74591,-19.5,1,1,36,0.25,3,60,2,1368.02,1253.03,11.8
26.0644,93,19,1490.23,1006.13,0,0,0,0,0,0,0,3,60,0,2122.57,1883.41,10.32
26.0659,95,26,1220.84,1310.05,9.99,2.3306,8.9,1,1,38,0.35,3,60,2,1418.07,805.78,0
26.0667,96,19,1609.7,1147.9,10.5,1.11226,7,0,1,4,0.1,3,60,0,1209.79,1340.17,10.69
26.0704,101,10,1418.07,805.78,0,0,0,1,1,32,0.15,3,60,2,1730.82,941.03,0
26.0807,115,21,2073.34,1108.54,11.33,1.4699,9.8,0,1,4,0.1,3,60,0,1462.3,1001.73,0
26.0815,116,27,1639.95,1298.07,11.74,2.81609,6.9,1,1,36,0.25,3,60,2,1871.63,2005.26,13.07
26.0896,127,46,2321.23,1878.77,0,0,0,0,0,0,0,3,60,0,1383.76,1240.41,19.22
26.0911,129,19,1459.93,998.13,0,0,0,0,0,0,0,3,60,0,2178.08,1175.6,15.72
26.0919,130,45,1975.39,1873.8,18.04,2.95907,13.8,1,1,36,0.25,3,60,2,1819.32,1902.35,9.77
26.117,29,27,1674.32,1267.4,0,0,0,1,1,32,0.15,3,60,2,1649.39,1572.73,13.07
26.123,37,52,1901.11,2181,13.71,-1.73487,0,1,1,32,0.15,3,60,2,1154.43,926.151,23.3
26.137,56,20,1785.49,1041.14,0,0,0,1,1,32,0.15,3,60,2,1620.81,1154.12,11.45
26.14,60,19,1497.15,1007.14,0,0,0,0,0,0,0,3,60,0,1624.58,1899.98,9.59
26.1437,65,20,1719.13,979.98,0,0,0,1,1,32,0.15,3,60,2,1431.33,994.63,0
26.1533,78,18,1445.12,997.33,0,0,0,0,0,0,0,3,60,0,1347.58,1261.18,12.1
26.1593,86,36,1812.12,1666.31,10.38,-1.74591,0,1,1,32,0.15,3,60,2,1369.05,1252.45,11.8
26.1644,93,19,1490.23,1006.13,0,0,0,0,0,0,0,3,60,0,2123.61,1883.39,10.32
26.1659,95,26,1220.15,1310.77,9.99,2.3306,0,1,1,32,0.15,3,60,2,1418.07,805.78,0
26.1667,96,19,1610.16,1148.84,10.5,1.11226,0,0,0,0,0,3,60,0,1210.15,1339.17,10.69
26.1704,101,10,1418.07,805.78,0,0,0,1,1,32,0.15,3,60,2,1730.82,941.03,0
26.1807,115,21,2073.45,1109.67,11.33,1.4699,0,0,0,0,0,3,60,0,1462.3,1001.73,0
26.1815,116,27,1638.84,1298.45,11.74,2.81609,0,1,1,32,0.15,3,60,2,1871.41,2003.97,13.07
26.1896,127,46,2321.23,1878.77,0,0,0,0,0,0,0,3,60,0,1385.43,1239.46,19.22
26.1911,129,19,1459.93,998.13,0,0,0,0,0,0,0,3,60,0,2176.53,1175.85,15.72
26.1919,130,45,1973.62,1874.13,18.04,2.95907,0,1,1,32,0.15,3,60,2,1818.36,1902.53,9.77
26.217,29,27,1674.32,1267.4,0,0,0,1,1,32,0.15,3,60,2,1650.69,1572.61,13.07
26.223,37,52,1900.88,2179.65,13.71,-1.73487,0,1,1,32,0.15,3,60,2,1156.68,926.734,23.3
26.237,56,20,1785.49,1041.14,0,0,0,1,1,32,0.15,3,60,2,1620.3,1153.09,11.45
26.24,60,19,1497.15,1007.14,0,0,0,0,0,0,0,3,60,0,1624.76,1900.92,9.59
26.2437,65,20,1719.13,979.98,0,0,0,1,1,32,0.15,3,60,2,1431.33,994.63,0
26.2533,78,18,1445.12,997.33,0,0,0,0,0,0,0,3,60,0,1348.62,1260.57,12.1
26.2593,86,36,1811.94,1665.29,10.38,-1.74591,0,1,1,32,0.15,3,60,2,1370.07,1251.86,11.8
26.2644,93,19,1490.23,1006.13,0,0,0,0,0,0,0,3,60,0,2124.64,1883.37,10.32
26.2659,95,26,1219.46,1311.5,9.99,2.3306,0,1,1,32,0.15,3,60,2,1418.07,805.78,0
26.2667,96,19,1610.63,1149.78,10.5,1.11226,0,0,0,0,0,3,60,0,1210.52,1338.16,10.69
26.2704,101,10,1418.07,805.78,0,0,0,1,1,32,0.15,3,60,2,1730.82,941.03,0
26.2807,115,21,2073.57,1110.8,11.33,1.4699,0,0,0,0,0,3,60,0,1462.3,1001.73,0
26.2815,116,27,1637.72,1298.82,11.74,2.81609,0,1,1,32,0.15,3,60,2,1871.19,2002.69,13.07
26.2896,127,46,2321.23,1878.77,0,0,0,0,0,0,0,3,60,0,1387.1,1238.52,19.22
26.2911,129,19,1459.93,998.13,0,0,0,0,0,0,0,3,60,0,2174.98,1176.11,15.72
26.2919,130,45,1971.84,1874.45,18.04,2.95907,0,1,1,32,0.15,3,60,2,1817.4,1902.71,9.77
26.317,29,27,1674.32,1267.4,0,0,0,1,1,32,0.15,3,60,2,1651.99,1572.48,13.07
26.323,37,52,1900.66,2178.3,13.71,-1.73487,0,1,1,32,0.15,3,60,2,1158.94,927.317,23.3
26.337,56,20,1785.49,1041.14,0,0,0,1,1,32,0.15,3,60,2,1619.8,1152.06,11.45
26.34,60,19,1497.15,1007.14,0,0,0,0,0,0,0,3,60,0,1624.94,1901.86,9.59
26.3437,65,20,1719.13,979.98,0,0,0,1,1,32,0.15,3,60,2,1431.33,994.63,0
26.3533,78,18,1445.12,997.33,0,0,0,0,0,0,0,3,60,0,1349.66,1259.95,12.1
26.3593,86,36,1811.76,1664.27,10.38,-1.74591,0,1,1,32,0.15,3,60,2,1371.1,1251.28,11.8
26.3644,93,19,1490.23,1006.13,0,0,0,0,0,0,0,3,60,0,2125.67,1883.35,10.32
26.3659,95,26,1218.77,1312.22,9.99,2.3306,0,1,1,32,0.15,3,60,2,1418.07,805.78,0
26.3667,96,19,1611.09,1150.72,10.5,1.11226,0,0,0,0,0,3,60,0,1210.88,1337.16,10.69
26.3704,101,10,1418.07,805.78,0,0,0,1,1,32,0.15,3,60,2,1730.82,941.03,0
26.3807,115,21,2073.68,1111.92,11.33,1.4699,0,0,0,0,0,3,60,0,1462.3,1001.73,0
26.3815,116,27,1636.61,1299.2,11.74,2.81609,0,1,1,32,0.15,3,60,2,1870.97,2001.4,13.07
26.3896,127,46,2321.23,1878.77,0,0,0,0,0,0,0,3,60,0,1388.78,1237.57,19.22
26.3911,129,19,1459.93,998.13,0,0,0,0,0,0,0,3,60,0,2173.43,1176.36,15.72
26.3919,130,45,1970.07,1874.78,18.04,2.95907,0,1,1,32,0.15,3,60,2,1816.44,1902.89,9.77
26.417,29,27,1674.32,1267.4,0,0,0,1,1,32,0.15,3,60,2,1653.29,1572.35,13.07
26.423,37,52,1900.44,2176.94,13.71,-1.73487,0,1,1,32,0.15,3,60,2,1161.2,927.9,23.3
26.437,56,20,1785.49,1041.14,0,0,0,1,1,32,0.15,3,60,2,1619.29,1151.03,11.45
26.44,60,19,1497.15,1007.14,0,0,0,0,0,0,0,3,60,0,1625.13,1902.8,9.59
26.4437,65,20,1719.13,979.98,0,0,0,1,1,32,0.15,3,60,2,1431.33,994.63,0
26.4533,78,18,1445.12,997.33,0,0,0,0,0,0,0,3,60,0,1350.7,1259.34,12.1
26.4593,86,36,1811.58,1663.25,10.38,-1.74591,0,1,1,32,0.15,3,60,2,1372.13,1250.7,11.8
26.4659,95,26,1218.08,1312.94,9.99,2.3306,0,1,1,32,0.15,3,60,2,1418.07,805.78,0
26.4667,96,19,1611.56,1151.66,10.5,1.11226,0,0,0,0,0,3,60,0,1211.25,1336.16,10.69
26.4704,101,10,1418.07,805.78,0,0,0,1,1,32,0.15,3,60,2,1730.82,941.03,0
26.4807,115,21,2073.8,1113.05,11.33,1.4699,0,0,0,0,0,3,60,0,1462.3,1001.73,0
26.4815,116,27,1635.5,1299.57,11.74,2.81609,0,1,1,32,0.15,3,60,2,1870.75,2000.11,13.07
26.4896,127,46,2321.23,1878.77,0,0,0,0,0,0,0,3,60,0,1390.45,1236.62,19.22
26.4911,129,19,1459.93,998.13,0,0,0,0,0,0,0,3,60,0,2171.88,1176.61,15.72
26.4919,130,45,1968.29,1875.11,18.04,2.95907,0,1,1,32,0.15,3,60,2,1815.47,1903.07,9.77
26.517,29,27,1674.32,1267.4,0,0,0,1,1,32,0.15,3,60,2,1654.59,1572.23,13.07
26.523,37,52,1900.21,2175.59,13.71,-1.73487,0,1,1,32,0.15,3,60,2,1163.45,928.483,23.3
26.537,56,20,1785.49,1041.14,0,0,0,1,1,32,0.15,3,60,2,1618.78,1150.01,11.45
26.54,60,19,1497.15,1007.14,0,0,0,0,0,0,0,3,60,0,1625.31,1903.74,9.59
26.5437,65,20,1719.13,979.98,0,0,0,1,1,32,0.15,3,60,2,1431.33,994.63,0
26.5533,78,18,1445.12,997.33,0,0,0,0,0,0,0,3,60,0,1351.74,1258.72,12.1
26.5593,86,36,1811.4,1662.23,10.38,-1.74591,0,1,1,32,0.15,3,60,2,1373.15,1250.12,11.8
26.5659,95,26,1217.4,1313.67,9.99,2.3306,0,1,1,32,0.15,3,60,2,1418.07,805.78,0
26.5667,96,19,1612.02,1152.61,10.5,1.11226,0,0,0,0,0,3,60,0,1211.62,1335.15,10.69
26.5704,101,10,1418.07,805.78,0,0,0,1,1,32,0.15,3,60,2,1730.82,941.03,0
26.5807,115,21,2073.91,1114.18,11.33,1.4699,0,0,0,0,0,3,60,0,1462.3,1001.73,0
26.5815,116,27,1634.39,1299.95,11.74,2.81609,0,1,1,32,0.15,3,60,2,1870.53,1998.82,13.07
26.5896,127,46,2321.23,1878.77,0,0,0,0,0,0,0,3,60,0,1392.12,1235.67,19.22
26.5911,129,19,1459.93,998.13,0,0,0,0,0,0,0,3,60,0,2170.33,1176.87,15.72
26.5919,130,45,1966.52,1875.44,18.04,2.95907,0,1,1,32,0.15,3,60,2,1814.51,1903.25,9.77
26.617,29,27,1674.32,1267.4,0,0,0,1,1,32,0.15,3,60,2,1655.89,1572.1,13.07
26.623,37,52,1899.99,2174.24,13.71,-1.73487,0,1,1,32,0.15,3,60,2,1165.71,929.066,23.3
26.637,56,20,1785.49,1041.14,0,0,0,1,1,32,0.15,3,60,2,1618.28,1148.98,11.45
26.64,60,19,1497.15,1007.14,0,0,0,0,0,0,0,3,60,0,1625.49,1904.68,9.59
26.6437,65,20,1719.13,979.98,0,0,0,1,1,32,0.15,3,60,2,1431.33,994.63,0
26.6533,78,18,1445.12,997.33,0,0,0,0,0,0,0,3,60,0,1352.79,1258.11,12.1
26.6593,86,36,1811.22,1661.2,10.38,-1.74591,0,1,1,32,0.15,3,60,2,1374.18,1249.53,11.8
26.6659,95,26,1216.71,1314.39,9.99,2.3306,0,1,1,32,0.15,3,60,2,1418.07,805.78,0
26.6667,96,19,1612.49,1153.55,10.5,1.11226,0,0,0,0,0,3,60,0,1211.98,1334.15,10.69
26.6704,101,10,1418.07,805.78,0,0,0,1,1,32,0.15,3,60,2,1730.82,941.03,0
26.6807,115,21,2074.03,1115.31,11.33,1.4699,0,0,0,0,0,3,60,0,1462.3,1001.73,0
26.6815,116,27,1633.27,1300.32,11.74,2.81609,0,1,1,32,0.15,3,60,2,1870.3,1997.53,13.07
26.6896,127,46,2321.23,1878.77,0,0,0,0,0,0,0,3,60,0,1393.79,1234.73,19.22
26.6911,129,19,1459.93,998.13,0,0,0,0,0,0,0,3,60,0,2168.78,1177.12,15.72
26.6919,130,45,1964.75,1875.76,18.04,2.95907,0,1,1,32,0.15,3,60,2,1813.55,1903.43,9.77
26.717,29,27,1674.32,1267.4,0,0,0,1,1,32,0.15,3,60,2,1657.19,1571.97,13.07
26.723,37,52,1899.77,2172.89,13.71,-1.73487,0,1,1,32,0.15,3,60,2,1167.96,929.649,23.3
26.737,56,20,1785.49,1041.14,0,0,0,1,1,32,0.15,3,60,2,1617.77,1147.95,11.45
26.74,60,19,1497.15,1007.14,0,0,0,0,0,0,0,3,60,0,1625.67,1905.62,9.59
26.7437,65,20,1719.13,979.98,0,0,0,1,1,32,0.15,3,60,2,1431.33,994.63,0
26.7533,78,18,1445.12,997.33,0,0,0,0,0,0,0,3,60,0,1353.83,1257.49,12.1
26.7593,86,36,1811.04,1660.18,10.38,-1.74591,0,1,1,32,0.15,3,60,2,1375.21,1248.95,11.8
26.7659,95,26,1216.02,1315.12,9.99,2.3306,0,1,1,32,0.15,3,60,2,1418.07,805.78,0
26.7667,96,19,1612.95,1154.49,10.5,1.11226,0,0,0,0,0,3,60,0,1212.35,1333.14,10.69
26.7704,101,10,1418.07,805.78,0,0,0,1,1,32,0.15,3,60,2,1730.82,941.03,0
26.7807,115,21,2074.14,1116.43,11.33,1.4699,0,0,0,0,0,3,60,0,1462.3,1001.73,0
26.7815,116,27,1632.16,1300.7,11.74,2.81609,0,1,1,32,0.15,3,60,2,1870.08,1996.24,13.07
26.7896,127,46,2321.23,1878.77,0,0,0,0,0,0,0,3,60,0,1395.47,1233.78,19.22
26.7911,129,19,1459.93,998.13,0,0,0,0,0,0,0,3,60,0,2167.22,1177.37,15.72
26.7919,130,45,1962.97,1876.09,18.04,2.95907,0,1,1,32,0.15,3,60,2,1812.59,1903.61,9.77
26.817,29,27,1674.32,1267.4,0,0,0,1,1,32,0.15,3,60,2,1658.5,1571.85,13.07
26.823,37,52,1899.54,2171.53,13.71,-1.73487,0,1,1,32,0.15,3,60,2,1170.22,930.232,23.3
26.837,56,20,1785.49,1041.14,0,0,0,1,1,32,0.15,3,60,2,1617.27,1146.93,11.45
26.84,60,19,1497.15,1007.14,0,0,0,0,0,0,0,3,60,0,1625.86,1906.57,9.59
26.8437,65,20,1719.13,979.98,0,0,0,1,1,32,0.15,3,60,2,1431.33,994.63,0
26.8533,78,18,1445.12,997.33,0,0,0,0,0,0,0,3,60,0,1354.87,1256.88,12.1
26.8593,86,36,1810.86,1659.16,10.38,-1.74591,0,1,1,32,0.15,3,60,2,1376.23,1248.37,11.8
26.8659,95,26,1215.33,1315.84,9.99,2.3306,0,1,1,32,0.15,3,60,2,1418.07,805.78,0
26.8667,96,19,1613.42,1155.43,10.5,1.11226,0,0,0,0,0,3,60,0,1212.72,1332.14,10.69
26.8704,101,10,1418.07,805.78,0,0,0,1,1,32,0.15,3,60,2,1730.82,941.03,0
26.8807,115,21,2074.25,1117.56,11.33,1.4699,0,0,0,0,0,3,60,0,1462.3,1001.73,0
26.8815,116,27,1631.05,1301.07,11.74,2.81609,0,1,1,32,0.15,3,60,2,1869.86,1994.96,13.07
26.8896,127,46,2321.23,1878.77,0,0,0,0,0,0,0,3,60,0,1397.14,1232.83,19.22
26.8911,129,19,1459.93,998.13,0,0,0,0,0,0,0,3,60,0,2165.67,1177.63,15.72
26.8919,130,45,1961.2,1876.42,18.04,2.95907,0,1,1,32,0.15,3,60,2,1811.63,1903.79,9.77
26.917,29,27,1674.32,1267.4,0,0,0,1,1,32,0.15,3,60,2,1659.8,1571.72,13.07
26.923,37,52,1899.32,2170.18,13.71,-1.73487,0,1,1,32,0.15,3,60,2,1172.47,930.815,23.3
26.937,56,20,1785.49,1041.14,0,0,0,1,1,32,0.15,3,60,2,1616.76,1145.9,11.45
26.94,60,19,1497.15,1007.14,0,0,0,0,0,0,0,3,60,0,1626.04,1907.51,9.59
26.9437,65,20,1719.13,979.98,0,0,0,1,1,32,0.15,3,60,2,1431.33,994.63,0
26.9533,78,18,1445.12,997.33,0,0,0,0,0,0,0,3,60,0,1355.91,1256.26,12.1
26.9593,86,36,1810.68,1658.14,10.38,-1.74591,0,1,1,32,0.15,3,60,2,1377.26,1247.78,11.8
26.9659,95,26,1214.64,1316.57,9.99,2.3306,0,1,1,32,0.15,3,60,2,1418.07,805.78,0
26.9667,96,19,1613.88,1156.37,10.5,1.11226,0,0,0,0,0,3,60,0,1213.08,1331.13,10.69
26.9704,101,10,1418.07,805.78,0,0,0,1,1,32,0.15,3,60,2,1730.82,941.03,0
26.9807,115,21,2074.37,1118.69,11.33,1.4699,0,0,0,0,0,3,60,0,1462.3,1001.73,0
26.9815,116,27,1629.94,1301.45,11.74,2.81609,0,1,1,32,0.15,3,60,2,1869.64,1993.67,13.07
26.9896,127,46,2321.23,1878.77,0,0,0,0,0,0,0,3,60,0,1398.81,1231.88,19.22
26.9911,129,19,1459.93,998.13,0,0,0,0,0,0,0,3,60,0,2164.12,1177.88,15.72
26.9919,130,45,1959.42,1876.75,18.04,2.95907,0,1,1,32,0.15,3,60,2,1810.67,1903.97,9.77
27.017,29,27,1674.32,1267.4,0,0,0,1,1,32,0.15,3,60,2,1661.02,1571.52,12.97
27.023,37,52,1899.09,2168.83,13.5,-1.73461,-2.1,1,1,32,0.15,3,60,2,1174.79,931.391,25.61
27.037,56,20,1785.49,1041.14,0,0,0,1,1,32,0.15,3,60,2,1616.25,1144.89,10.95
27.04,60,19,1497.15,1007.14,0,0,0,0,0,0,0,3,60,0,1626.19,1908.3,5.72
27.0437,65,20,1719.13,979.98,0,0,0,1,1,32,0.15,3,60,2,1431.33,994.63,0
27.0533,78,18,1445.12,997.33,0,0,0,0,0,0,0,3,60,0,1357.06,1255.6,14.32
27.0593,86,36,1810.69,1657.23,8.44,-1.38423,-19.4,1,1,38,0.35,3,60,2,1378.34,1247.17,12.84
27.0659,95,26,1214.09,1317.43,11.18,2.0725,11.9,1,1,38,0.35,3,60,2,1418.07,805.78,0
27.0667,96,19,1614.37,1157.36,11.24,1.11153,7.4,0,1,4,0.1,3,60,0,1213.54,1330.16,10.83
27.0704,101,10,1418.07,805.78,0,0,0,1,1,32,0.15,3,60,2,1730.82,941.03,0
27.0807,115,21,2074.49,1119.92,12.61,1.46994,12.8,0,1,4,0.1,3,60,0,1462.3,1001.73,0
27.0815,116,27,1628.74,1301.87,12.94,2.80215,12,1,1,36,0.25,3,60,2,1869.41,1992.31,13.98
27.0896,127,46,2321.23,1878.77,0,0,0,0,0,0,0,3,60,0,1400.63,1230.85,21.19
27.0911,129,19,1459.93,998.13,0,0,0,0,0,0,0,3,60,0,2162.47,1178.15,16.86
27.0919,130,45,1957.45,1877.11,20.29,2.95746,22.5,1,1,36,0.25,3,60,2,1809.72,1904.13,9.67
27.117,29,27,1674.32,1267.4,0,0,0,1,1,32,0.15,3,60,2,1662.18,1570.94,12.97
27.123,37,52,1898.87,2167.5,13.5,-1.73461,0,1,1,32,0.15,3,60,2,1177.29,931.941,25.61
27.137,56,20,1785.49,1041.14,0,0,0,1,1,32,0.15,3,60,2,1615.75,1143.92,10.95
27.14,60,19,1497.15,1007.14,0,0,0,0,0,0,0,3,60,0,1626.3,1908.86,5.72
27.1437,65,20,1719.13,979.98,0,0,0,1,1,32,0.15,3,60,2,1431.33,994.63,0
27.1533,78,18,1445.12,997.33,0,0,0,0,0,0,0,3,60,0,1358.31,1254.89,14.32
27.1593,86,36,1810.85,1656.4,8.44,-1.38423,0,1,1,32,0.15,3,60,2,1379.46,1246.54,12.84
27.1659,95,26,1213.55,1318.41,11.18,2.0725,0,1,1,32,0.15,3,60,2,1418.07,805.78,0
27.1667,96,19,1614.87,1158.36,11.24,1.11153,0,0,0,0,0,3,60,0,1214.05,1329.2,10.83
27.1704,101,10,1418.07,805.78,0,0,0,1,1,32,0.15,3,60,2,1730.82,941.03,0
27.1807,115,21,2074.62,1121.17,12.61,1.46994,0,0,0,0,0,3,60,0,1462.3,1001.73,0
27.1815,116,27,1627.52,1302.3,12.94,2.80215,0,1,1,32,0.15,3,60,2,1869.17,1990.93,13.98
27.1896,127,46,2321.23,1878.77,0,0,0,0,0,0,0,3,60,0,1402.48,1229.8,21.19
27.1911,129,19,1459.93,998.13,0,0,0,0,0,0,0,3,60,0,2160.81,1178.42,16.86
27.1919,130,45,1955.45,1877.49,20.29,2.95746,0,1,1,32,0.15,3,60,2,1808.77,1904.3,9.67
27.217,29,27,1674.32,1267.4,0,0,0,1,1,32,0.15,3,60,2,1663.34,1570.36,12.97
27.223,37,52,1898.65,2166.17,13.5,-1.73461,0,1,1,32,0.15,3,60,2,1179.79,932.491,25.61
27.237,56,20,1785.49,1041.14,0,0,0,1,1,32,0.15,3,60,2,1615.24,1142.95,10.95
27.24,60,19,1497.15,1007.14,0,0,0,0,0,0,0,3,60,0,1626.41,1909.42,5.72
27.2437,65,20,1719.13,979.98,0,0,0,1,1,32,0.15,3,60,2,1431.33,994.63,0
27.2533,78,18,1445.12,997.33,0,0,0,0,0,0,0,3,60,0,1359.55,1254.18,14.32
27.2593,86,36,1811.01,1655.57,8.44,-1.38423,0,1,1,32,0.15,3,60,2,1380.57,1245.91,12.84
27.2659,95,26,1213.01,1319.39,11.18,2.0725,0,1,1,32,0.15,3,60,2,1418.07,805.78,0
27.2667,96,19,1615.37,1159.37,11.24,1.11153,0,0,0,0,0,3,60,0,1214.56,1328.25,10.83
27.2704,101,10,1418.07,805.78,0,0,0,1,1,32,0.15,3,60,2,1730.82,941.03,0
27.2807,115,21,2074.75,1122.43,12.61,1.46994,0,0,0,0,0,3,60,0,1462.3,1001.73,0
27.2815,116,27,1626.3,1302.73,12.94,2.80215,0,1,1,32,0.15,3,60,2,1868.94,1989.55,13.98
27.2896,127,46,2321.23,1878.77,0,0,0,0,0,0,0,3,60,0,1404.32,1228.75,21.19
27.2911,129,19,1459.93,998.13,0,0,0,0,0,0,0,3,60,0,2159.14,1178.69,16.86
27.2919,130,45,1953.46,1877.86,20.29,2.95746,0,1,1,32,0.15,3,60,2,1807.81,1904.46,9.67
27.317,29,27,1674.32,1267.4,0,0,0,1,1,32,0.15,3,60,2,1664.5,1569.79,12.97
27.323,37,52,1898.43,2164.84,13.5,-1.73461,0,1,1,32,0.15,3,60,2,1182.29,933.041,25.61
27.337,56,20,1785.49,1041.14,0,0,0,1,1,32,0.15,3,60,2,1614.73,1141.98,10.95
27.34,60,19,1497.15,1007.14,0,0,0,0,0,0,0,3,60,0,1626.51,1909.98,5.72
27.3437,65,20,1719.13,979.98,0,0,0,1,1,32,0.15,3,60,2,1431.33,994.63,0
27.3533,78,18,1445.12,997.33,0,0,0,0,0,0,0,3,60,0,1360.79,1253.47,14.32
27.3593,86,36,1811.16,1654.74,8.44,-1.38423,0,1,1,32,0.15,3,60,2,1381.69,1245.28,12.84
27.3659,95,26,1212.47,1320.37,11.18,2.0725,0,1,1,32,0.15,3,60,2,1418.07,805.78,0
27.3667,96,19,1615.86,1160.38,11.24,1.11153,0,0,0,0,0,3,60,0,1215.06,1327.29,10.83
27.3704,101,10,1418.07,805.78,0,0,0,1,1,32,0.15,3,60,2,1730.82,941.03,0
27.3807,115,21,2074.87,1123.68,12.61,1.46994,0,0,0,0,0,3,60,0,1462.3,1001.73,0
27.3815,116,27,1625.08,1303.16,12.94,2.80215,0,1,1,32,0.15,3,60,2,1868.7,1988.17,13.98
27.3896,127,46,2321.23,1878.77,0,0,0,0,0,0,0,3,60,0,1406.16,1227.71,21.19
27.3911,129,19,1459.93,998.13,0,0,0,0,0,0,0,3,60,0,2157.48,1178.96,16.86
27.3919,130,45,1951.46,1878.23,20.29,2.95746,0,1,1,32,0.15,3,60,2,1806.86,1904.63,9.67
27.417,29,27,1674.32,1267.4,0,0,0,1,1,32,0.15,3,60,2,1665.66,1569.21,12.97
27.423,37,52,1898.21,2163.51,13.5,-1.73461,0,1,1,32,0.15,3,60,2,1184.79,933.591,25.61
27.437,56,20,1785.49,1041.14,0,0,0,1,1,32,0.15,3,60,2,1614.23,1141.01,10.95
27.44,60,19,1497.15,1007.14,0,0,0,0,0,0,0,3,60,0,1626.62,1910.54,5.72
27.4437,65,20,1719.13,979.98,0,0,0,1,1,32,0.15,3,60,2,1431.33,994.63,0
27.4533,78,18,1445.12,997.33,0,0,0,0,0,0,0,3,60,0,1362.04,1252.76,14.32
27.4593,86,36,1811.32,1653.91,8.44,-1.38423,0,1,1,32,0.15,3,60,2,1382.81,1244.64,12.84
27.4659,95,26,1211.93,1321.35,11.18,2.0725,0,1,1,32,0.15,3,60,2,1418.07,805.78,0
27.4667,96,19,1616.36,1161.39,11.24,1.11153,0,0,0,0,0,3,60,0,1215.57,1326.33,10.83
27.4704,101,10,1418.07,805.78,0,0,0,1,1,32,0.15,3,60,2,1730.82,941.03,0
27.4807,115,21,2075,1124.94,12.61,1.46994,0,0,0,0,0,3,60,0,1462.3,1001.73,0
27.4815,116,27,1623.86,1303.59,12.94,2.80215,0,1,1,32,0.15,3,60,2,1868.46,1986.8,13.98
27.4896,127,46,2321.23,1878.77,0,0,0,0,0,0,0,3,60,0,1408.01,1226.66,21.19
27.4911,129,19,1459.93,998.13,0,0,0,0,0,0,0,3,60,0,2155.82,1179.23,16.86
27.4919,130,45,1949.47,1878.6,20.29,2.95746,0,1,1,32,0.15,3,60,2,1805.91,1904.79,9.67
27.517,29,27,1674.32,1267.4,0,0,0,1,1,32,0.15,3,60,2,1666.83,1568.63,12.97
27.523,37,52,1897.99,2162.17,13.5,-1.73461,0,1,1,32,0.15,3,60,2,1187.29,934.141,25.61
27.537,56,20,1785.49,1041.14,0,0,0,1,1,32,0.15,3,60,2,1613.72,1140.04,10.95
27.54,60,19,1497.15,1007.14,0,0,0,0,0,0,0,3,60,0,1626.73,1911.11,5.72
27.5437,65,20,1719.13,979.98,0,0,0,1,1,32,0.15,3,60,2,1431.33,994.63,0
27.5533,78,18,1445.12,997.33,0,0,0,0,0,0,0,3,60,0,1363.28,1252.05,14.32
27.5593,86,36,1811.48,1653.08,8.44,-1.38423,0,1,1,32,0.15,3,60,2,1383.93,1244.01,12.84
27.5659,95,26,1211.4,1322.33,11.18,2.0725,0,1,1,32,0.15,3,60,2,1418.07,805.78,0
27.5667,96,19,1616.86,1162.39,11.24,1.11153,0,0,0,0,0,3,60,0,1216.08,1325.38,10.83
27.5704,101,10,1418.07,805.78,0,0,0,1,1,32,0.15,3,60,2,1730.82,941.03,0
27.5807,115,21,2075.13,1126.19,12.61,1.46994,0,0,0,0,0,3,60,0,1462.3,1001.73,0
27.5815,116,27,1622.64,1304.02,12.94,2.80215,0,1,1,32,0.15,3,60,2,1868.23,1985.42,13.98
27.5896,127,46,2321.23,1878.77,0,0,0,0,0,0,0,3,60,0,1409.85,1225.62,21.19
27.5911,129,19,1459.93,998.13,0,0,0,0,0,0,0,3,60,0,2154.15,1179.5,16.86
27.5919,130,45,1947.47,1878.97,20.29,2.95746,0,1,1,32,0.15,3,60,2,1804.96,1904.96,9.67
27.617,29,27,1674.32,1267.4,0,0,0,1,1,32,0.15,3,60,2,1667.98,1568.05,12.97
27.623,37,52,1897.77,2160.84,13.5,-1.73461,0,1,1,32,0.15,3,60,2,1189.79,934.691,25.61
27.637,56,20,1785.49,1041.14,0,0,0,1,1,32,0.15,3,60,2,1613.21,1139.07,10.95
27.64,60,19,1497.15,1007.14,0,0,0,0,0,0,0,3,60,0,1626.84,1911.67,5.72
27.6437,65,20,1719.13,979.98,0,0,0,1,1,32,0.15,3,60,2,1431.33,994.63,0
27.6533,78,18,1445.12,997.33,0,0,0,0,0,0,0,3,60,0,1364.53,1251.34,14.32
27.6593,86,36,1811.63,1652.25,8.44,-1.38423,0,1,1,32,0.15,3,60,2,1385.04,1243.38,12.84
27.6659,95,26,1210.86,1323.31,11.18,2.0725,0,1,1,32,0.15,3,60,2,1418.07,805.78,0
27.6667,96,19,1617.36,1163.4,11.24,1.11153,0,0,0,0,0,3,60,0,1216.58,1324.42,10.83
27.6704,101,10,1418.07,805.78,0,0,0,1,1,32,0.15,3,60,2,1730.82,941.03,0
27.6807,115,21,2075.25,1127.44,12.61,1.46994,0,0,0,0,0,3,60,0,1462.3,1001.73,0
27.6815,116,27,1621.42,1304.46,12.94,2.80215,0,1,1,32,0.15,3,60,2,1867.99,1984.04,13.98
27.6896,127,46,2321.23,1878.77,0,0,0,0,0,0,0,3,60,0,1411.69,1224.57,21.19
27.6911,129,19,1459.93,998.13,0,0,0,0,0,0,0,3,60,0,2152.49,1179.77,16.86
27.717,29,27,1674.32,1267.4,0,0,0,1,1,32,0.15,3,60,2,1669.15,1567.47,12.97
27.723,37,52,1897.55,2159.51,13.5,-1.73461,0,1,1,32,0.15,3,60,2,1192.3,935.241,25.61
27.737,56,20,1785.49,1041.14,0,0,0,1,1,32,0.15,3,60,2,1612.71,1138.1,10.95
27.74,60,19,1497.15,1007.14,0,0,0,0,0,0,0,3,60,0,1626.95,1912.23,5.72
27.7437,65,20,1719.13,979.98,0,0,0,1,1,32,0.15,3,60,2,1431.33,994.63,0
27.7533,78,18,1445.12,997.33,0,0,0,0,0,0,0,3,60,0,1365.77,1250.63,14.32
27.7593,86,36,1811.79,1651.42,8.44,-1.38423,0,1,1,32,0.15,3,60,2,1386.16,1242.75,12.84
27.7659,95,26,1210.32,1324.29,11.18,2.0725,0,1,1,32,0.15,3,60,2,1418.07,805.78,0
27.7667,96,19,1617.86,1164.41,11.24,1.11153,0,0,0,0,0,3,60,0,1217.09,1323.46,10.83
27.7704,101,10,1418.07,805.78,0,0,0,1,1,32,0.15,3,60,2,1730.82,941.03,0
27.7807,115,21,2075.38,1128.7,12.61,1.46994,0,0,0,0,0,3,60,0,1462.3,1001.73,0
27.7815,116,27,1620.2,1304.89,12.94,2.80215,0,1,1,32,0.15,3,60,2,1867.76,1982.66,13.98
27.7896,127,46,2321.23,1878.77,0,0,0,0,0,0,0,3,60,0,1413.53,1223.52,21.19
27.7911,129,19,1459.93,998.13,0,0,0,0,0,0,0,3,60,0,2150.82,1180.04,16.86
27.817,29,27,1674.32,1267.4,0,0,0,1,1,32,0.15,3,60,2,1670.31,1566.89,12.97
27.823,37,52,1897.33,2158.18,13.5,-1.73461,0,1,1,32,0.15,3,60,2,1194.8,935.791,25.61
27.837,56,20,1785.49,1041.14,0,0,0,1,1,32,0.15,3,60,2,1612.2,1137.13,10.95
27.84,60,19,1497.15,1007.14,0,0,0,0,0,0,0,3,60,0,1627.05,1912.79,5.72
27.8437,65,20,1719.13,979.98,0,0,0,1,1,32,0.15,3,60,2,1431.33,994.63,0
27.8533,78,18,1445.12,997.33,0,0,0,0,0,0,0,3,60,0,1367.01,1249.93,14.32
27.8593,86,36,1811.95,1650.59,8.44,-1.38423,0,1,1,32,0.15,3,60,2,1387.28,1242.11,12.84
27.8659,95,26,1209.78,1325.27,11.18,2.0725,0,1,1,32,0.15,3,60,2,1418.07,805.78,0
27.8667,96,19,1618.36,1165.42,11.24,1.11153,0,0,0,0,0,3,60,0,1217.6,1322.51,10.83
27.8704,101,10,1418.07,805.78,0,0,0,1,1,32,0.15,3,60,2,1730.82,941.03,0
27.8807,115,21,2075.51,1129.95,12.61,1.46994,0,0,0,0,0,3,60,0,1462.3,1001.73,0
27.8815,116,27,1618.97,1305.32,12.94,2.80215,0,1,1,32,0.15,3,60,2,1867.52,1981.28,13.98
27.8896,127,46,2321.23,1878.77,0,0,0,0,0,0,0,3,60,0,1415.38,1222.48,21.19
27.8911,129,19,1459.93,998.13,0,0,0,0,0,0,0,3,60,0,2149.16,1180.31,16.86
27.917,29,27,1674.32,1267.4,0,0,0,1,1,32,0.15,3,60,2,1671.47,1566.31,12.97
27.923,37,52,1897.11,2156.85,13.5,-1.73461,0,1,1,32,0.15,3,60,2,1197.3,936.341,25.61
27.937,56,20,1785.49,1041.14,0,0,0,1,1,32,0.15,3,60,2,1611.69,1136.16,10.95
27.94,60,19,1497.15,1007.14,0,0,0,0,0,0,0,3,60,0,1627.16,1913.35,5.72
27.9437,65,20,1719.13,979.98,0,0,0,1,1,32,0.15,3,60,2,1431.33,994.63,0
27.9533,78,18,1445.12,997.33,0,0,0,0,0,0,0,3,60,0,1368.26,1249.22,14.32
27.9593,86,36,1812.1,1649.76,8.44,-1.38423,0,1,1,32,0.15,3,60,2,1388.4,1241.48,12.84
27.9659,95,26,1209.25,1326.25,11.18,2.0725,0,1,1,32,0.15,3,60,2,1418.07,805.78,0
27.9667,96,19,1618.85,1166.42,11.24,1.11153,0,0,0,0,0,3,60,0,1218.11,1321.55,10.83
27.9704,101,10,1418.07,805.78,0,0,0,1,1,32,0.15,3,60,2,1730.82,941.03,0
27.9807,115,21,2075.63,1131.21,12.61,1.46994,0,0,0,0,0,3,60,0,1462.3,1001.73,0
27.9815,116,27,1617.75,1305.75,12.94,2.80215,0,1,1,32,0.15,3,60,2,1867.28,1979.91,13.98
27.9896,127,46,2321.23,1878.77,0,0,0,0,0,0,0,3,60,0,1417.22,1221.43,21.19
27.9911,129,19,1459.93,998.13,0,0,0,0,0,0,0,3,60,0,2147.5,1180.58,16.86
28.017,29,27,1674.32,1267.4,0,0,0,1,1,32,0.15,3,60,2,1672.59,1565.78,12.52
28.023,37,52,1896.89,2155.51,13.53,-1.73412,0.3,1,1,32,0.15,3,60,2,1199.84,936.895,27.28
28.037,56,20,1785.49,1041.14,0,0,0,1,1,32,0.15,3,60,2,1611.18,1135.19,11.26
28.04,60,19,1497.15,1007.14,0,0,0,0,0,0,0,3,60,0,1627.24,1913.75,1.47
28.0437,65,20,1719.13,979.98,0,0,0,1,1,32,0.15,3,60,2,1431.33,994.63,0
28.0533,78,18,1445.12,997.33,0,0,0,0,0,0,0,3,60,0,1369.29,1248.63,9.82
28.0593,86,36,1812.09,1648.93,8.55,-1.72238,1.1,1,1,34,0.25,3,60,2,1389.3,1240.76,10.9
28.0659,95,26,1208.78,1327.34,12.4,1.92749,12.2,1,1,38,0.35,3,60,2,1418.07,805.78,0
28.0667,96,19,1619.4,1167.5,12.51,1.10322,12.7,0,1,4,0.1,3,60,0,1218.56,1320.87,6.83
28.0704,101,10,1418.07,805.78,0,0,0,1,1,32,0.15,3,60,2,1730.82,941.03,0
28.0807,115,21,2075.77,1132.53,13.4,1.47135,7.9,0,1,4,0.1,3,60,0,1462.3,1001.73,0
28.0815,116,27,1616.46,1306.21,13.87,2.80024,9.3,1,1,36,0.25,3,60,2,1867.04,1978.47,14.7
28.0896,127,46,2321.23,1878.77,0,0,0,0,0,0,0,3,60,0,1419.04,1220.4,21.01
28.0911,129,19,1459.93,998.13,0,0,0,0,0,0,0,3,60,0,2145.86,1180.85,16.55
28.117,29,27,1674.32,1267.4,0,0,0,1,1,32,0.15,3,60,2,1673.75,1565.32,12.52
28.123,37,52,1896.67,2154.18,13.53,-1.73412,0,1,1,32,0.15,3,60,2,1202.51,937.461,27.28
28.137,56,20,1785.49,1041.14,0,0,0,1,1,32,0.15,3,60,2,1610.65,1134.2,11.26
28.14,60,19,1497.15,1007.14,0,0,0,0,0,0,0,3,60,0,1627.27,1913.89,1.47
28.1437,65,20,1719.13,979.98,0,0,0,1,1,32,0.15,3,60,2,1431.33,994.63,0
28.1533,78,18,1445.12,997.33,0,0,0,0,0,0,0,3,60,0,1370.15,1248.14,9.82
28.1593,86,36,1811.96,1648.08,8.55,-1.72238,0,1,1,32,0.15,3,60,2,1390.07,1239.99,10.9
28.1659,95,26,1208.35,1328.5,12.4,1.92749,0,1,1,32,0.15,3,60,2,1418.07,805.78,0
28.1667,96,19,1619.96,1168.62,12.51,1.10322,0,0,0,0,0,3,60,0,1218.99,1320.34,6.83
28.1704,101,10,1418.07,805.78,0,0,0,1,1,32,0.15,3,60,2,1730.82,941.03,0
28.1807,115,21,2075.9,1133.86,13.4,1.47135,0,0,0,0,0,3,60,0,1462.3,1001.73,0
28.1815,116,27,1615.16,1306.67,13.87,2.80024,0,1,1,32,0.15,3,60,2,1866.79,1977.02,14.7
28.1896,127,46,2321.23,1878.77,0,0,0,0,0,0,0,3,60,0,1420.86,1219.36,21.01
28.1911,129,19,1459.93,998.13,0,0,0,0,0,0,0,3,60,0,2144.23,1181.12,16.55
28.217,29,27,1674.32,1267.4,0,0,0,1,1,32,0.15,3,60,2,1674.91,1564.87,12.52
28.223,37,52,1896.45,2152.84,13.53,-1.73412,0,1,1,32,0.15,3,60,2,1205.18,938.029,27.28
28.237,56,20,1785.49,1041.14,0,0,0,1,1,32,0.15,3,60,2,1610.12,1133.21,11.26
28.24,60,19,1497.15,1007.14,0,0,0,0,0,0,0,3,60,0,1627.3,1914.04,1.47
28.2437,65,20,1719.13,979.98,0,0,0,1,1,32,0.15,3,60,2,1431.33,994.63,0
28.2533,78,18,1445.12,997.33,0,0,0,0,0,0,0,3,60,0,1371,1247.66,9.82
28.2593,86,36,1811.83,1647.24,8.55,-1.72238,0,1,1,32,0.15,3,60,2,1390.83,1239.21,10.9
28.2659,95,26,1207.92,1329.66,12.4,1.92749,0,1,1,32,0.15,3,60,2,1418.07,805.78,0
28.2667,96,19,1620.52,1169.74,12.51,1.10322,0,0,0,0,0,3,60,0,1219.41,1319.81,6.83
28.2704,101,10,1418.07,805.78,0,0,0,1,1,32,0.15,3,60,2,1730.82,941.03,0
28.2807,115,21,2076.03,1135.19,13.4,1.47135,0,0,0,0,0,3,60,0,1462.3,1001.73,0
28.2815,116,27,1613.85,1307.14,13.87,2.80024,0,1,1,32,0.15,3,60,2,1866.54,1975.57,14.7
28.2896,127,46,2321.23,1878.77,0,0,0,0,0,0,0,3,60,0,1422.69,1218.32,21.01
28.2911,129,19,1459.93,998.13,0,0,0,0,0,0,0,3,60,0,2142.59,1181.38,16.55
28.317,29,27,1674.32,1267.4,0,0,0,1,1,32,0.15,3,60,2,1676.08,1564.41,12.52
28.323,37,52,1896.23,2151.51,13.53,-1.73412,0,1,1,32,0.15,3,60,2,1207.84,938.595,27.28
28.337,56,20,1785.49,1041.14,0,0,0,1,1,32,0.15,3,60,2,1609.58,1132.21,11.26
28.34,60,19,1497.15,1007.14,0,0,0,0,0,0,0,3,60,0,1627.32,1914.18,1.47
28.3437,65,20,1719.13,979.98,0,0,0,1,1,32,0.15,3,60,2,1431.33,994.63,0
28.3533,78,18,1445.12,997.33,0,0,0,0,0,0,0,3,60,0,1371.85,1247.17,9.82
28.3593,86,36,1811.7,1646.39,8.55,-1.72238,0,1,1,32,0.15,3,60,2,1391.6,1238.43,10.9
28.3659,95,26,1207.49,1330.82,12.4,1.92749,0,1,1,32,0.15,3,60,2,1418.07,805.78,0
28.3667,96,19,1621.09,1170.85,12.51,1.10322,0,0,0,0,0,3,60,0,1219.84,1319.27,6.83
28.3704,101,10,1418.07,805.78,0,0,0,1,1,32,0.15,3,60,2,1730.82,941.03,0
28.3807,115,21,2076.17,1136.53,13.4,1.47135,0,0,0,0,0,3,60,0,1462.3,1001.73,0
28.3815,116,27,1612.54,1307.6,13.87,2.80024,0,1,1,32,0.15,3,60,2,1866.29,1974.12,14.7
28.3896,127,46,2321.23,1878.77,0,0,0,0,0,0,0,3,60,0,1424.52,1217.28,21.01
28.3911,129,19,1459.93,998.13,0,0,0,0,0,0,0,3,60,0,2140.96,1181.65,16.55
28.417,29,27,1674.32,1267.4,0,0,0,1,1,32,0.15,3,60,2,1677.24,1563.96,12.52
28.423,37,52,1896.01,2150.17,13.53,-1.73412,0,1,1,32,0.15,3,60,2,1210.51,939.162,27.28
28.437,56,20,1785.49,1041.14,0,0,0,1,1,32,0.15,3,60,2,1609.05,1131.22,11.26
28.44,60,19,1497.15,1007.14,0,0,0,0,0,0,0,3,60,0,1627.35,1914.32,1.47
28.4437,65,20,1719.13,979.98,0,0,0,1,1,32,0.15,3,60,2,1431.33,994.63,0
28.4533,78,18,1445.12,997.33,0,0,0,0,0,0,0,3,60,0,1372.71,1246.68,9.82
28.4593,86,36,1811.57,1645.55,8.55,-1.72238,0,1,1,32,0.15,3,60,2,1392.36,1237.66,10.9
28.4659,95,26,1207.05,1331.98,12.4,1.92749,0,1,1,32,0.15,3,60,2,1418.07,805.78,0
28.4667,96,19,1621.65,1171.97,12.51,1.10322,0,0,0,0,0,3,60,0,1220.26,1318.74,6.83
28.4704,101,10,1418.07,805.78,0,0,0,1,1,32,0.15,3,60,2,1730.82,941.03,0
28.4807,115,21,2076.3,1137.86,13.4,1.47135,0,0,0,0,0,3,60,0,1462.3,1001.73,0
28.4815,116,27,1611.24,1308.06,13.87,2.80024,0,1,1,32,0.15,3,60,2,1866.04,1972.67,14.7
28.4896,127,46,2321.23,1878.77,0,0,0,0,0,0,0,3,60,0,1426.34,1216.24,21.01
28.4911,129,19,1459.93,998.13,0,0,0,0,0,0,0,3,60,0,2139.33,1181.91,16.55
28.517,29,27,1674.32,1267.4,0,0,0,1,1,32,0.15,3,60,2,1678.41,1563.5,12.52
28.523,37,52,1895.79,2148.84,13.53,-1.73412,0,1,1,32,0.15,3,60,2,1213.18,939.729,27.28
28.537,56,20,1785.49,1041.14,0,0,0,1,1,32,0.15,3,60,2,1608.52,1130.23,11.26
28.54,60,19,1497.15,1007.14,0,0,0,0,0,0,0,3,60,0,1627.38,1914.47,1.47
28.5437,65,20,1719.13,979.98,0,0,0,1,1,32,0.15,3,60,2,1431.33,994.63,0
28.5533,78,18,1445.12,997.33,0,0,0,0,0,0,0,3,60,0,1373.56,1246.2,9.82
28.5593,86,36,1811.45,1644.7,8.55,-1.72238,0,1,1,32,0.15,3,60,2,1393.13,1236.88,10.9
28.5659,95,26,1206.62,1333.15,12.4,1.92749,0,1,1,32,0.15,3,60,2,1418.07,805.78,0
28.5667,96,19,1622.22,1173.09,12.51,1.10322,0,0,0,0,0,3,60,0,1220.69,1318.21,6.83
28.5704,101,10,1418.07,805.78,0,0,0,1,1,32,0.15,3,60,2,1730.82,941.03,0
28.5807,115,21,2076.43,1139.19,13.4,1.47135,0,0,0,0,0,3,60,0,1462.3,1001.73,0
28.5815,116,27,1609.93,1308.53,13.87,2.80024,0,1,1,32,0.15,3,60,2,1865.79,1971.23,14.7
28.5896,127,46,2321.23,1878.77,0,0,0,0,0,0,0,3,60,0,1428.17,1215.2,21.01
28.5911,129,19,1459.93,998.13,0,0,0,0,0,0,0,3,60,0,2137.69,1182.18,16.55
28.617,29,27,1674.32,1267.4,0,0,0,1,1,32,0.15,3,60,2,1679.58,1563.05,12.52
28.623,37,52,1895.57,2147.5,13.53,-1.73412,0,1,1,32,0.15,3,60,2,1215.85,940.295,27.28
28.637,56,20,1785.49,1041.14,0,0,0,1,1,32,0.15,3,60,2,1607.99,1129.24,11.26
28.64,60,19,1497.15,1007.14,0,0,0,0,0,0,0,3,60,0,1627.41,1914.61,1.47
28.6437,65,20,1719.13,979.98,0,0,0,1,1,32,0.15,3,60,2,1431.33,994.63,0
28.6533,78,18,1445.12,997.33,0,0,0,0,0,0,0,3,60,0,1374.42,1245.71,9.82
28.6593,86,36,1811.32,1643.85,8.55,-1.72238,0,1,1,32,0.15,3,60,2,1393.89,1236.1,10.9
28.6659,95,26,1206.19,1334.31,12.4,1.92749,0,1,1,32,0.15,3,60,2,1418.07,805.78,0
28.6667,96,19,1622.78,1174.2,12.51,1.10322,0,0,0,0,0,3,60,0,1221.12,1317.67,6.83
28.6704,101,10,1418.07,805.78,0,0,0,1,1,32,0.15,3,60,2,1730.82,941.03,0
28.6807,115,21,2076.56,1140.53,13.4,1.47135,0,0,0,0,0,3,60,0,1462.3,1001.73,0
28.6815,116,27,1608.62,1308.99,13.87,2.80024,0,1,1,32,0.15,3,60,2,1865.54,1969.78,14.7
28.6896,127,46,2321.23,1878.77,0,0,0,0,0,0,0,3,60,0,1429.99,1214.16,21.01
28.6911,129,19,1459.93,998.13,0,0,0,0,0,0,0,3,60,0,2136.06,1182.45,16.55
28.717,29,27,1674.32,1267.4,0,0,0,1,1,32,0.15,3,60,2,1680.74,1562.59,12.52
28.723,37,52,1895.35,2146.17,13.53,-1.73412,0,1,1,32,0.15,3,60,2,1218.52,940.862,27.28
28.737,56,20,1785.49,1041.14,0,0,0,1,1,32,0.15,3,60,2,1607.45,1128.25,11.26
28.74,60,19,1497.15,1007.14,0,0,0,0,0,0,0,3,60,0,1627.44,1914.76,1.47
28.7437,65,20,1719.13,979.98,0,0,0,1,1,32,0.15,3,60,2,1431.33,994.63,0
28.7533,78,18,1445.12,997.33,0,0,0,0,0,0,0,3,60,0,1375.27,1245.23,9.82
28.7593,86,36,1811.19,1643.01,8.55,-1.72238,0,1,1,32,0.15,3,60,2,1394.65,1235.32,10.9
28.7659,95,26,1205.75,1335.47,12.4,1.92749,0,1,1,32,0.15,3,60,2,1418.07,805.78,0
28.7667,96,19,1623.34,1175.32,12.51,1.10322,0,0,0,0,0,3,60,0,1221.54,1317.14,6.83
28.7704,101,10,1418.07,805.78,0,0,0,1,1,32,0.15,3,60,2,1730.82,941.03,0
28.7807,115,21,2076.7,1141.86,13.4,1.47135,0,0,0,0,0,3,60,0,1462.3,1001.73,0
28.7815,116,27,1607.32,1309.46,13.87,2.80024,0,1,1,32,0.15,3,60,2,1865.29,1968.33,14.7
28.7896,127,46,2321.23,1878.77,0,0,0,0,0,0,0,3,60,0,1431.82,1213.12,21.01
28.7911,129,19,1459.93,998.13,0,0,0,0,0,0,0,3,60,0,2134.42,1182.71,16.55
28.817,29,27,1674.32,1267.4,0,0,0,1,1,32,0.15,3,60,2,1681.91,1562.13,12.52
28.823,37,52,1895.13,2144.83,13.53,-1.73412,0,1,1,32,0.15,3,60,2,1221.19,941.429,27.28
28.837,56,20,1785.49,1041.14,0,0,0,1,1,32,0.15,3,60,2,1606.92,1127.25,11.26
28.84,60,19,1497.15,1007.14,0,0,0,0,0,0,0,3,60,0,1627.46,1914.9,1.47
28.8437,65,20,1719.13,979.98,0,0,0,1,1,32,0.15,3,60,2,1431.33,994.63,0
28.8533,78,18,1445.12,997.33,0,0,0,0,0,0,0,3,60,0,1376.12,1244.74,9.82
28.8593,86,36,1811.06,1642.16,8.55,-1.72238,0,1,1,32,0.15,3,60,2,1395.42,1234.55,10.9
28.8659,95,26,1205.32,1336.63,12.4,1.92749,0,1,1,32,0.15,3,60,2,1418.07,805.78,0
28.8667,96,19,1623.91,1176.44,12.51,1.10322,0,0,0,0,0,3,60,0,1221.97,1316.61,6.83
28.8704,101,10,1418.07,805.78,0,0,0,1,1,32,0.15,3,60,2,1730.82,941.03,0
28.8807,115,21,2076.83,1143.19,13.4,1.47135,0,0,0,0,0,3,60,0,1462.3,1001.73,0
28.8815,116,27,1606.01,1309.92,13.87,2.80024,0,1,1,32,0.15,3,60,2,1865.05,1966.88,14.7
28.8896,127,46,2321.23,1878.77,0,0,0,0,0,0,0,3,60,0,1433.65,1212.08,21.01
28.8911,129,19,1459.93,998.13,0,0,0,0,0,0,0,3,60,0,2132.79,1182.98,16.55
28.917,29,27,1674.32,1267.4,0,0,0,1,1,32,0.15,3,60,2,1683.07,1561.68,12.52
28.923,37,52,1894.91,2143.5,13.53,-1.73412,0,1,1,32,0.15,3,60,2,1223.85,941.996,27.28
28.937,56,20,1785.49,1041.14,0,0,0,1,1,32,0.15,3,60,2,1606.39,1126.26,11.26
28.94,60,19,1497.15,1007.14,0,0,0,0,0,0,0,3,60,0,1627.49,1915.05,1.47
28.9437,65,20,1719.13,979.98,0,0,0,1,1,32,0.15,3,60,2,1431.33,994.63,0
28.9533,78,18,1445.12,997.33,0,0,0,0,0,0,0,3,60,0,1376.98,1244.26,9.82
28.9593,86,36,1810.93,1641.32,8.55,-1.72238,0,1,1,32,0.15,3,60,2,1396.18,1233.77,10.9
28.9659,95,26,1204.89,1337.79,12.4,1.92749,0,1,1,32,0.15,3,60,2,1418.07,805.78,0
28.9667,96,19,1624.47,1177.55,12.51,1.10322,0,0,0,0,0,3,60,0,1222.4,1316.07,6.83
28.9704,101,10,1418.07,805.78,0,0,0,1,1,32,0.15,3,60,2,1730.82,941.03,0
28.9807,115,21,2076.96,1144.53,13.4,1.47135,0,0,0,0,0,3,60,0,1462.3,1001.73,0
28.9815,116,27,1604.7,1310.39,13.87,2.80024,0,1,1,32,0.15,3,60,2,1864.8,1965.43,14.7
28.9896,127,46,2321.23,1878.77,0,0,0,0,0,0,0,3,60,0,1435.47,1211.04,21.01
28.9911,129,19,1459.93,998.13,0,0,0,0,0,0,0,3,60,0,2131.16,1183.24,16.55
