sim_time,vehicle_id,rsu_id,pos_x,pos_y,speed,heading,accel,is_poisoned,detected,sig_mask,psi_score,attack_number,attack_pct,attacker_class,gt_pos_x,gt_pos_y,gt_speed
7.004,14,3,2000,1031.32,27.27,1.61006,0,1,0,0,0,4,100,1,2791.07,5534.36,27.45
7.0045,15,3,2000,701.349,27.4,1.60992,0,1,0,0,0,4,100,1,2767.3,5183.92,27.77
7.0055,17,2,2000,375.767,27.23,1.77915,0,1,0,0,0,4,100,1,2780.92,4473.16,27.26
7.0305,67,5,2000,1606.24,33.33,1.62242,0,1,0,0,0,4,100,1,2928.94,866.022,38.63
7.033,72,3,2000,930.716,33.33,1.60985,0,1,0,0,0,4,100,1,3015.22,245.962,22.75
7.0325,71,3,2000,889.375,33.33,1.60795,0,1,0,0,0,4,100,1,2950.39,554.578,34.74
7.03,66,5,2000,1656.5,33.33,1.62256,0,1,0,0,0,4,100,1,2925.01,966.485,40.95
7.032,70,3,2000,874.604,29.37,1.60995,0,1,0,0,0,4,100,1,2943.51,602.248,33.89
7.035,76,3,2000,566.539,33.33,1.67312,0,1,0,0,0,4,100,1,2829.63,3401.87,24.67
7.0335,73,3,2000,830.454,33.33,1.60988,0,1,0,0,0,4,100,1,3027.56,215.54,23.85
7.0315,69,4,2000,1473.84,33.33,1.62245,0,1,0,0,0,4,100,1,2938.59,651.27,33.83
7.0415,89,4,2000,1242.13,24.71,1.6101,0,1,1,128,0.1,4,100,1,2771.97,5215,24.71
7.0435,93,2,2000,309.477,24.87,1.78731,0,1,0,0,0,4,100,1,2799.45,3980.5,24.51
7.052,110,4,2000,1114.95,23.49,1.60999,0,1,1,128,0.1,4,100,1,2766.82,4912.39,23.16
7.051,108,5,2000,1674.66,23.55,1.62264,0,1,0,0,0,4,100,1,3004.69,282.527,23.09
7.0615,129,5,2000,1552.64,32.6,1.62235,0,1,0,0,0,4,100,1,2788.5,5488.14,26.93
7.0715,149,4,2000,1356.73,33.33,-1.52794,0,1,0,0,0,4,100,1,2877.67,1790.02,33.63
7.062,130,3,2000,1049.94,33.1,1.60977,0,1,1,128,0.1,4,100,1,2762.17,5059.76,32.85
7.0705,147,2,2000,440.847,33.33,-1.37261,0,1,0,0,0,4,100,1,2914.27,943.93,39.87
7.0735,153,3,2000,908.285,33.33,-1.52764,0,1,1,160,0.25,4,100,1,2865.95,2054.64,37.18
7.075,156,5,2000,1800.78,33.2,-1.52648,0,1,0,0,0,4,100,1,2861.52,2154.63,36.4
7.073,152,3,2000,856.028,33.33,-1.52608,0,1,1,160,0.25,4,100,1,2868.12,2005.64,36.52
7.072,150,3,2000,670.76,33.33,-1.49413,0,1,1,160,0.25,4,100,1,2875.63,1836.05,33.2
7.076,158,6,2000,1970.35,33.33,-1.52669,0,1,0,0,0,4,100,1,2835.98,2775.9,35.46
7.0755,157,6,2000,1921.21,33.33,-1.5264,0,1,0,0,0,4,100,1,2859.24,2206.1,37.08
7.077,160,6,2000,2000,33.33,-1.52672,0,1,0,0,0,4,100,1,2831.76,2869.08,34.53
7.0745,155,5,2000,1754.26,33.33,-1.52676,0,1,0,0,0,4,100,1,2849.91,2435.59,35.76
7.071,148,3,2000,714.192,33.33,-1.51748,0,1,1,160,0.25,4,100,1,2859.67,2124.07,31.99
7.0725,151,3,2000,731.397,33.33,-1.52364,0,1,1,160,0.25,4,100,1,2870.31,1956.18,37.19
7.1045,15,3,2000,703.616,27.4,1.60992,0,1,1,32,0.15,4,100,1,2767.42,5186.46,27.77
7.1055,17,2,2000,377.96,27.23,1.77915,0,1,0,0,0,4,100,1,2780.81,4475.59,27.26
7.0985,203,15,2744.14,4967.22,33.24,-1.58343,0,0,0,0,0,4,100,0,0,0,0
7.0935,193,3,2000,778.552,23.34,-1.52366,0,1,1,160,0.25,4,100,1,2808.88,3325.9,32.94
7.099,204,16,2759.94,5350.03,33.09,-1.62914,0,0,0,0,0,4,100,0,0,0,0
7.098,202,13,2755.02,4525.74,32.15,-1.53129,0,0,0,0,0,4,100,0,0,0,0
7.13,66,5,2000,1659.77,33.33,1.62256,0,1,0,0,0,4,100,1,2924.87,970.185,40.95
7.1305,67,5,2000,1609.46,33.33,1.62242,0,1,0,0,0,4,100,1,2928.8,869.702,38.63
7.1315,69,4,2000,1477.16,33.33,1.62245,0,1,0,0,0,4,100,1,2938.38,654.129,33.83
7.132,70,3,2000,877.083,29.37,1.60995,0,1,1,32,0.15,4,100,1,2943.19,605.32,33.89
7.1325,71,3,2000,892.989,33.33,1.60795,0,1,1,289,0.35,4,100,1,2950.22,557.879,34.74
7.133,72,3,2000,934.352,33.33,1.60985,0,1,1,289,0.35,4,100,1,3014.6,248.06,22.75
7.1335,73,3,2000,833.859,33.33,1.60988,0,1,1,289,0.35,4,100,1,3026.96,217.563,23.85
7.135,76,3,2000,569.456,33.33,1.67312,0,1,1,32,0.15,4,100,1,2829.51,3404.15,24.67
7.1415,89,4,2000,1244.15,24.71,1.6101,0,1,1,128,0.1,4,100,1,2772.11,5217.27,24.71
7.1435,93,2,2000,311.456,24.87,1.78731,0,1,0,0,0,4,100,1,2799.35,3982.76,24.51
7.151,108,5,2000,1676.56,23.55,1.62264,0,1,0,0,0,4,100,1,3004.14,284.544,23.09
7.152,110,4,2000,1116.86,23.49,1.60999,0,1,1,128,0.1,4,100,1,2766.81,4914.6,23.16
7.1615,129,5,2000,1555.46,32.6,1.62235,0,1,0,0,0,4,100,1,2788.64,5490.62,26.93
7.162,130,3,2000,1052.81,33.1,1.60977,0,1,1,32,0.15,4,100,1,2762.24,5062.65,32.85
7.1705,147,2,2000,436.528,33.33,-1.37261,0,1,1,257,0.2,4,100,1,2914.43,940.104,39.87
7.171,148,3,2000,710.16,33.33,-1.51748,0,1,1,289,0.35,4,100,1,2859.78,2121.63,31.99
7.1715,149,4,2000,1352.92,33.33,-1.52794,0,1,1,257,0.2,4,100,1,2877.81,1786.68,33.63
7.1725,151,3,2000,727.213,33.33,-1.52364,0,1,1,289,0.35,4,100,1,2870.43,1953.3,37.19
7.173,152,3,2000,851.683,33.33,-1.52608,0,1,1,289,0.35,4,100,1,2868.26,2002.5,36.52
7.172,150,3,2000,666.759,33.33,-1.49413,0,1,1,289,0.35,4,100,1,2875.76,1833.2,33.2
7.1735,153,3,2000,903.87,33.33,-1.52764,0,1,1,289,0.35,4,100,1,2866.11,2051.02,37.18
7.1755,157,6,2000,1917.06,33.33,-1.5264,0,1,1,257,0.2,4,100,1,2859.38,2202.91,37.08
7.176,158,6,2000,1966.27,33.33,-1.52669,0,1,1,257,0.2,4,100,1,2836.12,2772.83,35.46
7.1745,155,5,2000,1750.46,33.33,-1.52676,0,1,1,257,0.2,4,100,1,2850.02,2432.56,35.76
7.177,160,6,2000,2000,33.33,-1.52672,0,1,0,0,0,4,100,1,2831.9,2866.02,34.53
7.1935,193,3,2000,775.8,23.34,-1.52366,0,1,1,32,0.15,4,100,1,2808.98,3323.19,32.94
7.198,202,13,2755.15,4522.53,32.15,-1.53129,0,0,0,0,0,4,100,0,0,0,0
7.1985,203,15,2744.1,4963.89,33.24,-1.58343,0,0,0,0,0,4,100,0,0,0,0
7.199,204,16,2759.75,5346.73,33.09,-1.62914,0,0,0,0,0,4,100,0,0,0,0
7.204,14,3,2000,1035.88,27.27,1.61006,0,1,1,32,0.15,4,100,1,2791.35,5539.6,27.45
7.2045,15,3,2000,705.939,27.4,1.60992,0,1,1,32,0.15,4,100,1,2767.55,5189.24,27.77
7.2055,17,2,2000,380.21,27.23,1.77915,0,1,0,0,0,4,100,1,2780.69,4478.35,27.26
7.23,66,5,2000,1663.09,33.33,1.62256,0,1,0,0,0,4,100,1,2924.71,974.277,40.95
7.2305,67,5,2000,1612.73,33.33,1.62242,0,1,0,64,0.05,4,100,1,2928.65,873.562,38.63
7.2315,69,4,2000,1480.53,33.33,1.62245,0,1,1,257,0.2,4,100,1,2938.13,657.504,33.83
7.232,70,3,2000,879.619,29.37,1.60995,0,1,1,32,0.15,4,100,1,2942.85,608.69,33.89
7.2325,71,3,2000,896.66,33.33,1.60795,0,1,1,353,0.4,4,100,1,2950.03,561.349,34.74
7.2335,73,3,2000,837.322,33.33,1.60988,0,1,1,289,0.35,4,100,1,3026.29,219.839,23.85
7.233,72,3,2000,938.046,33.33,1.60985,0,1,1,353,0.4,4,100,1,3013.95,250.257,22.75
7.235,76,3,2000,572.431,33.33,1.67312,0,1,1,32,0.15,4,100,1,2829.37,3406.59,24.67
7.2415,89,4,2000,1246.22,24.71,1.6101,0,1,1,128,0.1,4,100,1,2772.25,5219.74,24.71
7.2435,93,2,2000,313.494,24.87,1.78731,0,1,0,0,0,4,100,1,2799.24,3985.21,24.51
7.251,108,5,2000,1678.53,23.55,1.62264,0,1,0,0,0,4,100,1,3003.54,286.773,23.09
7.252,110,4,2000,1118.82,23.49,1.60999,0,1,1,128,0.1,4,100,1,2766.8,4916.91,23.16
7.2615,129,5,2000,1558.34,32.6,1.62235,0,1,0,0,0,4,100,1,2788.79,5493.3,26.93
7.262,130,3,2000,1055.73,33.1,1.60977,0,1,1,32,0.15,4,100,1,2762.32,5065.93,32.85
7.2705,147,2,2000,432.267,33.33,-1.37261,0,1,1,257,0.2,4,100,1,2914.61,936.121,39.87
7.271,148,3,2000,706.187,33.33,-1.51748,0,1,1,289,0.35,4,100,1,2859.92,2118.43,31.99
7.2715,149,4,2000,1349.16,33.33,-1.52794,0,1,1,257,0.2,4,100,1,2877.96,1783.32,33.63
7.272,150,3,2000,662.815,33.33,-1.49413,0,1,1,289,0.35,4,100,1,2875.9,1829.93,33.2
7.2725,151,3,2000,723.086,33.33,-1.52364,0,1,1,353,0.4,4,100,1,2870.6,1949.56,37.19
7.2735,153,3,2000,899.512,33.33,-1.52764,0,1,1,289,0.35,4,100,1,2866.27,2047.33,37.18
7.273,152,3,2000,847.395,33.33,-1.52608,0,1,1,353,0.4,4,100,1,2868.42,1998.83,36.52
7.2745,155,5,2000,1746.73,33.33,-1.52676,0,1,1,257,0.2,4,100,1,2850.15,2429.04,35.76
7.275,156,5,2000,1793.34,33.2,-1.52648,0,1,1,257,0.2,4,100,1,2861.82,2147.74,36.4
7.276,158,6,2000,1962.25,33.33,-1.52669,0,1,1,257,0.2,4,100,1,2836.29,2769.27,35.46
7.277,160,6,2000,2000,33.33,-1.52672,0,1,0,0,0,4,100,1,2832.06,2862.63,34.53
7.2935,193,3,2000,773.106,23.34,-1.52366,0,1,1,32,0.15,4,100,1,2809.11,3319.89,32.94
7.298,202,13,2755.28,4519.31,32.15,-1.53129,0,0,0,0,0,4,100,0,0,0,0
7.2985,203,15,2744.05,4960.57,33.24,-1.58343,0,0,0,0,0,4,100,0,0,0,0
7.299,204,16,2759.55,5343.42,33.09,-1.62914,0,0,0,0,0,4,100,0,0,0,0
7.304,14,3,2000,1038.25,27.27,1.61006,0,1,1,32,0.15,4,100,1,2791.5,5542.34,27.45
7.3045,15,3,2000,708.321,27.4,1.60992,0,1,1,32,0.15,4,100,1,2767.68,5192.01,27.77
7.3055,17,2,2000,382.519,27.23,1.77915,0,1,0,0,0,4,100,1,2780.57,4481.03,27.26
7.33,66,5,2000,1666.47,33.33,1.62256,0,1,1,257,0.2,4,100,1,2924.55,978.369,40.95
7.3305,67,5,2000,1616.07,33.33,1.62242,0,1,1,321,0.25,4,100,1,2928.49,877.421,38.63
7.3315,69,4,2000,1483.95,33.33,1.62245,0,1,1,257,0.2,4,100,1,2937.89,660.888,33.83
7.332,70,3,2000,882.214,29.37,1.60995,0,1,1,32,0.15,4,100,1,2942.5,612.073,33.89
7.333,72,3,2000,941.799,33.33,1.60985,0,1,1,289,0.35,4,100,1,3013.3,252.422,22.75
7.3335,73,3,2000,840.842,33.33,1.60988,0,1,1,353,0.4,4,100,1,3025.61,222.127,23.85
7.3325,71,3,2000,900.389,33.33,1.60795,0,1,1,353,0.4,4,100,1,2949.85,564.871,34.74
7.335,76,3,2000,575.464,33.33,1.67312,0,1,1,32,0.15,4,100,1,2829.24,3409.06,24.67
7.3415,89,4,2000,1248.36,24.71,1.6101,0,1,1,128,0.1,4,100,1,2772.4,5222.21,24.71
7.3435,93,2,2000,315.589,24.87,1.78731,0,1,0,0,0,4,100,1,2799.13,3987.66,24.51
7.351,108,5,2000,1680.55,23.55,1.62264,0,1,0,0,0,4,100,1,3002.94,289.002,23.09
7.352,110,4,2000,1120.84,23.49,1.60999,0,1,1,128,0.1,4,100,1,2766.79,4919.23,23.16
7.3615,129,5,2000,1561.27,32.6,1.62235,0,1,0,0,0,4,100,1,2788.94,5495.99,26.93
7.362,130,3,2000,1058.72,33.1,1.60977,0,1,1,32,0.15,4,100,1,2762.4,5069.21,32.85
7.3705,147,2,2000,428.064,33.33,-1.37261,0,1,1,257,0.2,4,100,1,2914.78,932.138,39.87
7.371,148,3,2000,702.271,33.33,-1.51748,0,1,1,289,0.35,4,100,1,2860.06,2115.23,31.99
7.3715,149,4,2000,1345.46,33.33,-1.52794,0,1,1,257,0.2,4,100,1,2878.11,1779.96,33.63
7.372,150,3,2000,658.93,33.33,-1.49413,0,1,1,289,0.35,4,100,1,2876.05,1826.61,33.2
7.3725,151,3,2000,719.018,33.33,-1.52364,0,1,1,353,0.4,4,100,1,2870.77,1945.85,37.19
7.373,152,3,2000,843.166,33.33,-1.52608,0,1,1,353,0.4,4,100,1,2868.58,1995.19,36.52
7.3735,153,3,2000,895.213,33.33,-1.52764,0,1,1,353,0.4,4,100,1,2866.44,2043.59,37.18
7.3745,155,5,2000,1743.06,33.33,-1.52676,0,1,1,257,0.2,4,100,1,2850.28,2425.47,35.76
7.375,156,5,2000,1789.71,33.2,-1.52648,0,1,1,321,0.25,4,100,1,2861.98,2144.12,36.4
7.376,158,6,2000,1958.29,33.33,-1.52669,0,1,1,257,0.2,4,100,1,2836.45,2765.74,35.46
7.377,160,6,2000,2000,33.33,-1.52672,0,1,0,0,0,4,100,1,2832.21,2859.18,34.53
7.3935,193,3,2000,770.47,23.34,-1.52366,0,1,1,32,0.15,4,100,1,2809.23,3316.6,32.94
7.398,202,13,2755.41,4516.1,32.15,-1.53129,0,0,0,0,0,4,100,0,0,0,0
7.3985,203,15,2744.01,4957.24,33.24,-1.58343,0,0,0,0,0,4,100,0,0,0,0
7.399,204,16,2759.36,5340.12,33.09,-1.62914,0,0,0,0,0,4,100,0,0,0,0
7.404,14,3,2000,1040.67,27.27,1.61006,0,1,1,32,0.15,4,100,1,2791.65,5545.08,27.45
7.4045,15,3,2000,710.761,27.4,1.60992,0,1,1,32,0.15,4,100,1,2767.81,5194.78,27.77
7.4055,17,2,2000,384.886,27.23,1.77915,0,1,0,0,0,4,100,1,2780.45,4483.76,27.26
7.43,66,5,2000,1669.91,33.33,1.62256,0,1,1,321,0.25,4,100,1,2924.39,982.461,40.95
7.4305,67,5,2000,1619.46,33.33,1.62242,0,1,1,321,0.25,4,100,1,2928.34,881.282,38.63
7.4315,69,4,2000,1487.44,33.33,1.62245,0,1,1,257,0.2,4,100,1,2937.65,664.252,33.83
7.432,70,3,2000,884.867,29.37,1.60995,0,1,1,96,0.2,4,100,1,2942.16,615.434,33.89
7.4325,71,3,2000,904.177,33.33,1.60795,0,1,1,353,0.4,4,100,1,2949.67,568.29,34.74
7.433,72,3,2000,945.61,33.33,1.60985,0,1,1,353,0.4,4,100,1,3012.66,254.607,22.75
7.4335,73,3,2000,844.422,33.33,1.60988,0,1,1,353,0.4,4,100,1,3024.93,224.422,23.85
7.435,76,3,2000,578.555,33.33,1.67312,0,1,1,32,0.15,4,100,1,2829.11,3411.52,24.67
7.4415,89,4,2000,1250.55,24.71,1.6101,0,1,1,128,0.1,4,100,1,2772.54,5224.67,24.71
7.4435,93,2,2000,317.743,24.87,1.78731,0,1,0,0,0,4,100,1,2799.03,3990.11,24.51
7.451,108,5,2000,1682.63,23.55,1.62264,0,1,0,0,0,4,100,1,3002.34,291.23,23.09
7.452,110,4,2000,1122.91,23.49,1.60999,0,1,1,128,0.1,4,100,1,2766.78,4921.54,23.16
7.4615,129,5,2000,1564.26,32.6,1.62235,0,1,0,0,0,4,100,1,2789.09,5498.68,26.93
7.462,130,3,2000,1061.76,33.1,1.60977,0,1,1,32,0.15,4,100,1,2762.48,5072.5,32.85
7.4705,147,2,2000,423.919,33.33,-1.37261,0,1,1,257,0.2,4,100,1,2914.95,928.155,39.87
7.471,148,3,2000,698.415,33.33,-1.51748,0,1,1,289,0.35,4,100,1,2860.2,2112.04,31.99
7.4715,149,4,2000,1341.82,33.33,-1.52794,0,1,1,257,0.2,4,100,1,2878.26,1776.6,33.63
7.472,150,3,2000,655.104,33.33,-1.49413,0,1,1,353,0.4,4,100,1,2876.19,1823.29,33.2
7.4725,151,3,2000,715.008,33.33,-1.52364,0,1,1,353,0.4,4,100,1,2870.93,1942.13,37.19
7.4735,153,3,2000,890.973,33.33,-1.52764,0,1,1,353,0.4,4,100,1,2866.6,2039.9,37.18
7.473,152,3,2000,838.996,33.33,-1.52608,0,1,1,353,0.4,4,100,1,2868.74,1991.53,36.52
7.4745,155,5,2000,1739.44,33.33,-1.52676,0,1,1,257,0.2,4,100,1,2850.41,2421.91,35.76
7.475,156,5,2000,1786.14,33.2,-1.52648,0,1,1,321,0.25,4,100,1,2862.15,2140.49,36.4
7.476,158,6,2000,1954.38,33.33,-1.52669,0,1,1,257,0.2,4,100,1,2836.61,2762.2,35.46
7.477,160,6,2000,2000,33.33,-1.52672,0,1,0,0,0,4,100,1,2832.37,2855.73,34.53
7.4935,193,3,2000,767.894,23.34,-1.52366,0,1,1,32,0.15,4,100,1,2809.36,3313.31,32.94
7.498,202,13,2755.53,4512.89,32.15,-1.53129,0,0,0,0,0,4,100,0,0,0,0
7.4985,203,15,2743.97,4953.92,33.24,-1.58343,0,0,0,0,0,4,100,0,0,0,0
7.499,204,16,2759.17,5336.82,33.09,-1.62914,0,0,0,0,0,4,100,0,0,0,0
7.504,14,3,2000,1043.16,27.27,1.61006,0,1,1,32,0.15,4,100,1,2791.8,5547.82,27.45
7.5045,15,3,2000,713.26,27.4,1.60992,0,1,1,32,0.15,4,100,1,2767.94,5197.56,27.77
7.5055,17,2,2000,387.312,27.23,1.77915,0,1,0,0,0,4,100,1,2780.33,4486.48,27.26
7.53,66,5,2000,1673.41,33.33,1.62256,0,1,1,321,0.25,4,100,1,2924.23,986.553,40.95
7.5305,67,5,2000,1622.91,33.33,1.62242,0,1,1,321,0.25,4,100,1,2928.19,885.143,38.63
7.5315,69,4,2000,1490.99,33.33,1.62245,0,1,1,257,0.2,4,100,1,2937.4,667.626,33.83
7.532,70,3,2000,887.58,29.37,1.60995,0,1,1,96,0.2,4,100,1,2941.81,618.805,33.89
7.5325,71,3,2000,908.025,33.33,1.60795,0,1,1,353,0.4,4,100,1,2949.49,571.763,34.74
7.533,72,3,2000,949.48,33.33,1.60985,0,1,1,353,0.4,4,100,1,3012.01,256.791,22.75
7.5335,73,3,2000,848.06,33.33,1.60988,0,1,1,353,0.4,4,100,1,3024.26,226.701,23.85
7.535,76,3,2000,581.706,33.33,1.67312,0,1,1,32,0.15,4,100,1,2828.98,3413.98,24.67
7.5415,89,4,2000,1252.8,24.71,1.6101,0,1,1,128,0.1,4,100,1,2772.69,5227.14,24.71
7.5435,93,2,2000,319.957,24.87,1.78731,0,1,0,0,0,4,100,1,2798.92,3992.56,24.51
7.551,108,5,2000,1684.77,23.55,1.62264,0,1,0,0,0,4,100,1,3001.73,293.46,23.09
7.552,110,4,2000,1125.05,23.49,1.60999,0,1,1,128,0.1,4,100,1,2766.77,4923.86,23.16
7.5615,129,5,2000,1567.31,32.6,1.62235,0,1,0,0,0,4,100,1,2789.24,5501.37,26.93
7.562,130,3,2000,1064.86,33.1,1.60977,0,1,1,32,0.15,4,100,1,2762.55,5075.78,32.85
7.5705,147,2,2000,419.834,33.33,-1.37261,0,1,1,257,0.2,4,100,1,2915.12,924.171,39.87
7.571,148,3,2000,694.618,33.33,-1.51748,0,1,1,289,0.35,4,100,1,2860.35,2108.84,31.99
7.5715,149,4,2000,1338.24,33.33,-1.52794,0,1,1,257,0.2,4,100,1,2878.41,1773.24,33.63
7.572,150,3,2000,651.337,33.33,-1.49413,0,1,1,353,0.4,4,100,1,2876.34,1819.97,33.2
7.573,152,3,2000,834.885,33.33,-1.52608,0,1,1,353,0.4,4,100,1,2868.9,1987.91,36.52
7.5725,151,3,2000,711.058,33.33,-1.52364,0,1,1,353,0.4,4,100,1,2871.1,1938.41,37.19
7.5735,153,3,2000,886.792,33.33,-1.52764,0,1,1,353,0.4,4,100,1,2866.77,2036.18,37.18
7.5745,155,5,2000,1735.88,33.33,-1.52676,0,1,1,321,0.25,4,100,1,2850.54,2418.34,35.76
7.575,156,5,2000,1782.62,33.2,-1.52648,0,1,1,321,0.25,4,100,1,2862.31,2136.86,36.4
7.576,158,6,2000,1950.54,33.33,-1.52669,0,1,1,257,0.2,4,100,1,2836.77,2758.66,35.46
7.577,160,6,2000,2000,33.33,-1.52672,0,1,0,0,0,4,100,1,2832.53,2852.28,34.53
7.5935,193,3,2000,765.376,23.34,-1.52366,0,1,1,32,0.15,4,100,1,2809.48,3310.02,32.94
7.598,202,13,2755.66,4509.68,32.15,-1.53129,0,0,0,0,0,4,100,0,0,0,0
7.5985,203,15,2743.93,4950.6,33.24,-1.58343,0,0,0,0,0,4,100,0,0,0,0
7.599,204,16,2758.97,5333.51,33.09,-1.62914,0,0,0,0,0,4,100,0,0,0,0
7.604,14,3,2000,1045.71,27.27,1.61006,0,1,1,32,0.15,4,100,1,2791.94,5550.56,27.45
7.6045,15,3,2000,715.819,27.4,1.60992,0,1,1,32,0.15,4,100,1,2768.07,5200.33,27.77
7.6055,17,2,2000,389.797,27.23,1.77915,0,1,0,0,0,4,100,1,2780.21,4489.2,27.26
7.63,66,5,2000,1676.97,33.33,1.62256,0,1,1,321,0.25,4,100,1,2924.07,990.644,40.95
7.6305,67,5,2000,1626.42,33.33,1.62242,0,1,1,321,0.25,4,100,1,2928.04,889.002,38.63
7.6315,69,4,2000,1494.59,33.33,1.62245,0,1,1,257,0.2,4,100,1,2937.16,671.001,33.83
7.632,70,3,2000,890.352,29.37,1.60995,0,1,1,96,0.2,4,100,1,2941.46,622.176,33.89
7.6325,71,3,2000,911.931,33.33,1.60795,0,1,1,353,0.4,4,100,1,2949.31,575.229,34.74
7.633,72,3,2000,953.409,33.33,1.60985,0,1,1,353,0.4,4,100,1,3011.37,258.973,22.75
7.6335,73,3,2000,851.759,33.33,1.60988,0,1,1,353,0.4,4,100,1,3023.58,228.998,23.85
7.635,76,3,2000,584.916,33.33,1.67312,0,1,1,32,0.15,4,100,1,2828.85,3416.45,24.67
7.6415,89,4,2000,1255.11,24.71,1.6101,0,1,0,0,0,4,100,1,2772.83,5229.61,24.71
7.6435,93,2,2000,322.23,24.87,1.78731,0,1,0,0,0,4,100,1,2798.81,3995,24.51
7.651,108,5,2000,1686.97,23.55,1.62264,0,1,0,0,0,4,100,1,3001.13,295.688,23.09
7.652,110,4,2000,1127.25,23.49,1.60999,0,1,0,0,0,4,100,1,2766.76,4926.18,23.16
7.6615,129,5,2000,1570.42,32.6,1.62235,0,1,0,0,0,4,100,1,2789.39,5504.06,26.93
7.662,130,3,2000,1068.03,33.1,1.60977,0,1,1,32,0.15,4,100,1,2762.63,5079.07,32.85
7.6705,147,2,2000,415.809,33.33,-1.37261,0,1,1,257,0.2,4,100,1,2915.29,920.188,39.87
7.671,148,3,2000,690.881,33.33,-1.51748,0,1,1,289,0.35,4,100,1,2860.49,2105.65,31.99
7.6715,149,4,2000,1334.72,33.33,-1.52794,0,1,1,257,0.2,4,100,1,2878.55,1769.88,33.63
7.6725,151,3,2000,707.168,33.33,-1.52364,0,1,1,353,0.4,4,100,1,2871.26,1934.72,37.19
7.673,152,3,2000,830.833,33.33,-1.52608,0,1,1,353,0.4,4,100,1,2869.06,1984.26,36.52
7.6735,153,3,2000,882.67,33.33,-1.52764,0,1,1,353,0.4,4,100,1,2866.93,2032.47,37.18
7.6745,155,5,2000,1732.39,33.33,-1.52676,0,1,1,321,0.25,4,100,1,2850.67,2414.76,35.76
7.675,156,5,2000,1779.17,33.2,-1.52648,0,1,1,321,0.25,4,100,1,2862.47,2133.22,36.4
7.676,158,6,2000,1946.75,33.33,-1.52669,0,1,1,257,0.2,4,100,1,2836.93,2755.12,35.46
7.672,150,3,2000,647.629,33.33,-1.49413,0,1,1,353,0.4,4,100,1,2876.5,1816.52,33.2
7.677,160,6,2000,2000,33.33,-1.52672,0,1,0,0,0,4,100,1,2832.68,2848.83,34.53
7.6935,193,3,2000,762.919,23.34,-1.52366,0,1,1,32,0.15,4,100,1,2809.61,3306.73,32.94
7.698,202,13,2755.79,4506.46,32.15,-1.53129,0,0,0,0,0,4,100,0,0,0,0
7.6985,203,15,2743.89,4947.27,33.24,-1.58343,0,0,0,0,0,4,100,0,0,0,0
7.699,204,16,2758.78,5330.21,33.09,-1.62914,0,0,0,0,0,4,100,0,0,0,0
7.704,14,3,2000,1048.31,27.27,1.61006,0,1,1,32,0.15,4,100,1,2792.09,5553.3,27.45
7.7045,15,3,2000,718.437,27.4,1.60992,0,1,1,32,0.15,4,100,1,2768.2,5203.11,27.77
7.7055,17,2,2000,392.342,27.23,1.77915,0,1,0,0,0,4,100,1,2780.09,4491.93,27.26
7.73,66,5,2000,1680.59,33.33,1.62256,0,1,1,321,0.25,4,100,1,2923.91,994.737,40.95
7.7305,67,5,2000,1629.99,33.33,1.62242,0,1,1,321,0.25,4,100,1,2927.89,892.863,38.63
7.7315,69,4,2000,1498.26,33.33,1.62245,0,1,1,257,0.2,4,100,1,2936.91,674.375,33.83
7.732,70,3,2000,893.183,29.37,1.60995,0,1,1,96,0.2,4,100,1,2941.12,625.547,33.89
7.7325,71,3,2000,915.898,33.33,1.60795,0,1,1,353,0.4,4,100,1,2949.13,578.701,34.74
7.733,72,3,2000,957.399,33.33,1.60985,0,1,1,353,0.4,4,100,1,3010.72,261.153,22.75
7.7335,73,3,2000,855.516,33.33,1.60988,0,1,1,353,0.4,4,100,1,3022.9,231.284,23.85
7.735,76,3,2000,588.186,33.33,1.67312,0,1,1,32,0.15,4,100,1,2828.72,3418.91,24.67
7.7415,89,4,2000,1257.49,24.71,1.6101,0,1,0,0,0,4,100,1,2772.98,5232.07,24.71
7.7435,93,2,2000,324.562,24.87,1.78731,0,1,0,0,0,4,100,1,2798.7,3997.45,24.51
7.751,108,5,2000,1689.23,23.55,1.62264,0,1,0,0,0,4,100,1,3000.53,297.917,23.09
7.752,110,4,2000,1129.5,23.49,1.60999,0,1,0,0,0,4,100,1,2766.75,4928.49,23.16
7.7615,129,5,2000,1573.59,32.6,1.62235,0,1,0,0,0,4,100,1,2789.54,5506.75,26.93
7.762,130,3,2000,1071.25,33.1,1.60977,0,1,1,32,0.15,4,100,1,2762.71,5082.35,32.85
7.7705,147,2,2000,411.844,33.33,-1.37261,0,1,1,257,0.2,4,100,1,2915.47,916.204,39.87
7.771,148,3,2000,687.203,33.33,-1.51748,0,1,1,289,0.35,4,100,1,2860.63,2102.45,31.99
7.7715,149,4,2000,1331.26,33.33,-1.52794,0,1,1,257,0.2,4,100,1,2878.7,1766.52,33.63
7.772,150,3,2000,643.981,33.33,-1.49413,0,1,1,353,0.4,4,100,1,2876.64,1813.34,33.2
7.773,152,3,2000,826.842,33.33,-1.52608,0,1,1,353,0.4,4,100,1,2869.22,1980.61,36.52
7.7735,153,3,2000,878.609,33.33,-1.52764,0,1,1,353,0.4,4,100,1,2867.1,2028.75,37.18
7.7725,151,3,2000,703.337,33.33,-1.52364,0,1,1,353,0.4,4,100,1,2871.43,1930.94,37.19
7.7745,155,5,2000,1728.95,33.33,-1.52676,0,1,1,321,0.25,4,100,1,2850.81,2411.18,35.76
7.775,156,5,2000,1775.77,33.2,-1.52648,0,1,1,321,0.25,4,100,1,2862.63,2129.57,36.4
7.776,158,6,2000,1943.03,33.33,-1.52669,0,1,1,257,0.2,4,100,1,2837.09,2751.58,35.46
7.777,160,6,2000,2000,33.33,-1.52672,0,1,0,0,0,4,100,1,2832.84,2845.38,34.53
7.7935,193,3,2000,760.521,23.34,-1.52366,0,1,1,32,0.15,4,100,1,2809.73,3303.44,32.94
7.798,202,13,2755.91,4503.25,32.15,-1.53129,0,0,0,0,0,4,100,0,0,0,0
7.7985,203,15,2743.84,4943.95,33.24,-1.58343,0,0,0,0,0,4,100,0,0,0,0
7.799,204,16,2758.59,5326.91,33.09,-1.62914,0,0,0,0,0,4,100,0,0,0,0
7.804,14,3,2000,1050.98,27.27,1.61006,0,1,1,32,0.15,4,100,1,2792.24,5556.04,27.45
7.8045,15,3,2000,721.116,27.4,1.60992,0,1,1,32,0.15,4,100,1,2768.33,5205.88,27.77
7.8055,17,2,2000,394.947,27.23,1.77915,0,1,0,0,0,4,100,1,2779.97,4494.65,27.26
7.83,66,5,2000,1684.27,33.33,1.62256,0,1,1,321,0.25,4,100,1,2923.75,998.828,40.95
7.8305,67,5,2000,1633.63,33.33,1.62242,0,1,1,321,0.25,4,100,1,2927.74,896.723,38.63
7.8315,69,4,2000,1501.98,33.33,1.62245,0,1,1,257,0.2,4,100,1,2936.67,677.749,33.83
7.832,70,3,2000,896.075,29.37,1.60995,0,1,1,96,0.2,4,100,1,2940.77,628.919,33.89
7.8325,71,3,2000,919.924,33.33,1.60795,0,1,1,353,0.4,4,100,1,2948.95,582.171,34.74
7.833,72,3,2000,961.448,33.33,1.60985,0,1,1,353,0.4,4,100,1,3010.07,263.339,22.75
7.8335,73,3,2000,859.334,33.33,1.60988,0,1,1,353,0.4,4,100,1,3022.23,233.574,23.85
7.835,76,3,2000,591.516,33.33,1.67312,0,1,1,32,0.15,4,100,1,2828.59,3421.37,24.67
7.8415,89,4,2000,1259.92,24.71,1.6101,0,1,0,0,0,4,100,1,2773.12,5234.54,24.71
7.8435,93,2,2000,326.955,24.87,1.78731,0,1,0,0,0,4,100,1,2798.59,3999.9,24.51
7.851,108,5,2000,1691.55,23.55,1.62264,0,1,0,0,0,4,100,1,2999.93,300.146,23.09
7.852,110,4,2000,1131.82,23.49,1.60999,0,1,0,0,0,4,100,1,2766.74,4930.81,23.16
7.8615,129,5,2000,1576.82,32.6,1.62235,0,1,0,0,0,4,100,1,2789.69,5509.44,26.93
7.862,130,3,2000,1074.53,33.1,1.60977,0,1,1,32,0.15,4,100,1,2762.79,5085.63,32.85
7.8705,147,2,2000,407.938,33.33,-1.37261,0,1,1,257,0.2,4,100,1,2915.64,912.221,39.87
7.871,148,3,2000,683.585,33.33,-1.51748,0,1,1,289,0.35,4,100,1,2860.77,2099.25,31.99
7.8715,149,4,2000,1327.86,33.33,-1.52794,0,1,1,257,0.2,4,100,1,2878.85,1763.16,33.63
7.872,150,3,2000,640.394,33.33,-1.49413,0,1,1,353,0.4,4,100,1,2876.78,1810.02,33.2
7.873,152,3,2000,822.91,33.33,-1.52608,0,1,1,353,0.4,4,100,1,2869.39,1976.97,36.52
7.8725,151,3,2000,699.566,33.33,-1.52364,0,1,1,353,0.4,4,100,1,2871.59,1927.25,37.19
7.8735,153,3,2000,874.607,33.33,-1.52764,0,1,1,353,0.4,4,100,1,2867.26,2025.01,37.18
7.8745,155,5,2000,1725.57,33.33,-1.52676,0,1,1,321,0.25,4,100,1,2850.94,2407.6,35.76
7.875,156,5,2000,1772.44,33.2,-1.52648,0,1,1,321,0.25,4,100,1,2862.79,2125.91,36.4
7.876,158,6,2000,1939.36,33.33,-1.52669,0,1,1,257,0.2,4,100,1,2837.25,2748.02,35.46
7.877,160,6,2000,2000,33.33,-1.52672,0,1,0,0,0,4,100,1,2833,2841.94,34.53
7.8935,193,3,2000,758.183,23.34,-1.52366,0,1,1,32,0.15,4,100,1,2809.86,3300.15,32.94
7.898,202,13,2756.04,4500.04,32.15,-1.53129,0,0,0,0,0,4,100,0,0,0,0
7.8985,203,15,2743.8,4940.63,33.24,-1.58343,0,0,0,0,0,4,100,0,0,0,0
7.899,204,16,2758.4,5323.6,33.09,-1.62914,0,0,0,0,0,4,100,0,0,0,0
7.904,14,3,2000,1053.7,27.27,1.61006,0,1,1,32,0.15,4,100,1,2792.39,5558.78,27.45
7.9045,15,3,2000,723.854,27.4,1.60992,0,1,1,32,0.15,4,100,1,2768.46,5208.65,27.77
7.9055,17,2,2000,397.612,27.23,1.77915,0,1,0,0,0,4,100,1,2779.85,4497.37,27.26
7.93,66,5,2000,1688.01,33.33,1.62256,0,1,1,321,0.25,4,100,1,2923.59,1002.92,40.95
7.9305,67,5,2000,1637.32,33.33,1.62242,0,1,1,321,0.25,4,100,1,2927.59,900.583,38.63
7.9315,69,4,2000,1505.77,33.33,1.62245,0,1,1,257,0.2,4,100,1,2936.42,681.123,33.83
7.932,70,3,2000,899.026,29.37,1.60995,0,1,1,96,0.2,4,100,1,2940.43,632.29,33.89
7.9325,71,3,2000,924.01,33.33,1.60795,0,1,1,353,0.4,4,100,1,2948.77,585.638,34.74
7.933,72,3,2000,965.557,33.33,1.60985,0,1,1,353,0.4,4,100,1,3009.43,265.51,22.75
7.9335,73,3,2000,863.212,33.33,1.60988,0,1,1,353,0.4,4,100,1,3021.55,235.849,23.85
7.935,76,3,2000,594.906,33.33,1.67312,0,1,1,289,0.35,4,100,1,2828.46,3423.84,24.67
7.9415,89,4,2000,1262.41,24.71,1.6101,0,1,0,0,0,4,100,1,2773.27,5237.01,24.71
7.9435,93,2,2000,329.408,24.87,1.78731,0,1,0,0,0,4,100,1,2798.49,4002.35,24.51
7.951,108,5,2000,1693.93,23.55,1.62264,0,1,0,0,0,4,100,1,2999.32,302.375,23.09
7.952,110,4,2000,1134.19,23.49,1.60999,0,1,0,0,0,4,100,1,2766.73,4933.12,23.16
7.9615,129,5,2000,1580.11,32.6,1.62235,0,1,0,0,0,4,100,1,2789.84,5512.13,26.93
7.962,130,3,2000,1077.87,33.1,1.60977,0,1,1,289,0.35,4,100,1,2762.87,5088.92,32.85
7.9705,147,2,2000,404.093,33.33,-1.37261,0,1,1,257,0.2,4,100,1,2915.81,908.238,39.87
7.971,148,3,2000,680.028,33.33,-1.51748,0,1,1,289,0.35,4,100,1,2860.91,2096.06,31.99
7.9715,149,4,2000,1324.52,33.33,-1.52794,0,1,1,257,0.2,4,100,1,2879,1759.8,33.63
7.972,150,3,2000,636.866,33.33,-1.49413,0,1,1,353,0.4,4,100,1,2876.93,1806.71,33.2
7.973,152,3,2000,819.038,33.33,-1.52608,0,1,1,353,0.4,4,100,1,2869.55,1973.32,36.52
7.9735,153,3,2000,870.666,33.33,-1.52764,0,1,1,353,0.4,4,100,1,2867.43,2021.33,37.18
7.9725,151,3,2000,695.856,33.33,-1.52364,0,1,1,353,0.4,4,100,1,2871.76,1923.53,37.19
7.9745,155,5,2000,1722.25,33.33,-1.52676,0,1,0,64,0.05,4,100,1,2851.07,2404.03,35.76
7.975,156,5,2000,1769.17,33.2,-1.52648,0,1,0,64,0.05,4,100,1,2862.95,2122.28,36.4
7.976,158,6,2000,1935.76,33.33,-1.52669,0,1,1,257,0.2,4,100,1,2837.41,2744.49,35.46
7.977,160,6,2000,2000,33.33,-1.52672,0,1,0,0,0,4,100,1,2833.15,2838.49,34.53
7.9935,193,3,2000,755.906,23.34,-1.52366,0,1,1,32,0.15,4,100,1,2809.98,3296.85,32.94
7.998,202,13,2756.17,4496.83,32.15,-1.53129,0,0,0,0,0,4,100,0,0,0,0
7.9985,203,15,2743.76,4937.3,33.24,-1.58343,0,0,0,0,0,4,100,0,0,0,0
7.999,204,16,2758.2,5320.3,33.09,-1.62914,0,0,0,0,0,4,100,0,0,0,0
8.004,14,3,2000,1056.48,27.49,1.61009,0,1,1,32,0.15,4,100,1,2792.54,5561.53,27.41
8.0045,15,3,2000,726.652,27.44,1.60982,0,1,1,32,0.15,4,100,1,2768.59,5211.43,27.69
8.0055,17,2,2000,400.341,27.74,1.75189,0,1,1,4,0.1,4,100,1,2779.73,4500.11,27.32
7.0035,13,4,2000,1415.9,27.66,1.62252,0,1,0,0,0,4,100,1,2808.1,5849.23,27.77
7.003,12,5,2000,1717.74,27.27,1.62253,0,1,0,0,0,4,100,1,2826.36,6189.64,27.58
8.03,66,5,2000,1691.84,33.33,1.62244,0,1,1,321,0.25,4,100,1,2923.43,1007.01,40.5
7.029,64,6,2000,1921.78,33.33,1.6032,0,1,0,0,0,4,100,1,2929.28,939.425,29.48
7.0285,63,6,2000,1969.14,33.33,1.60346,0,1,0,0,0,4,100,1,2900.68,1546.97,35.8
8.0325,71,3,2000,928.137,33.33,1.60988,0,1,1,321,0.25,4,100,1,2948.5,589.168,36.95
8.0305,67,5,2000,1641.09,33.33,1.62265,0,1,1,321,0.25,4,100,1,2927.44,904.494,37.52
7.031,68,4,2000,1480.41,33.33,1.62247,0,1,0,0,0,4,100,1,2938.47,706.449,32.5
8.0315,69,4,2000,1509.55,33.33,1.62247,0,1,1,257,0.2,4,100,1,2936.21,684.591,33.85
8.032,70,3,2000,902.041,29.48,1.6098,0,1,0,64,0.05,4,100,1,2940.08,635.739,33.77
8.0335,73,3,2000,867.112,33.33,1.60997,0,1,1,321,0.25,4,100,1,3020.87,238.171,23.13
8.035,76,3,2000,598.352,33.33,1.66777,0,1,1,257,0.2,4,100,1,2828.32,3426.34,24.62
7.0345,75,3,2000,615.35,33.33,1.64307,0,1,0,0,0,4,100,1,2828.91,6175.9,24.72
8.0415,89,4,2000,1264.93,24.47,1.60965,0,1,0,0,0,4,100,1,2773.42,5239.47,24.48
8.033,72,3,2000,969.712,33.33,1.61004,0,1,1,321,0.25,4,100,1,3008.74,267.922,22.84
8.0435,93,2,2000,331.907,24.55,1.78556,0,1,0,0,0,4,100,1,2798.38,4004.84,24.81
7.0425,91,3,2000,602.284,24.72,1.66893,0,1,0,0,0,4,100,1,2769.76,4653.97,24.94
8.051,108,5,2000,1696.34,22.97,1.62221,0,1,1,132,0.2,4,100,1,2998.73,304.61,23.16
8.052,110,4,2000,1136.61,23.25,1.60997,0,1,1,128,0.1,4,100,1,2766.73,4935.45,23.14
7.0525,111,3,2000,802.931,23.27,1.60993,0,1,1,128,0.1,4,100,1,2771.86,4679.21,23.25
7.0515,109,4,2000,1365.83,23.2,1.61222,0,1,1,128,0.1,4,100,1,2776.14,5232.04,23.26
8.062,130,3,2000,1081.25,32.67,1.60998,0,1,1,293,0.45,4,100,1,2762.99,5092.19,32.24
8.0615,129,5,2000,1583.47,32.67,1.62254,0,1,1,257,0.2,4,100,1,2790,5514.93,28.06
8.0705,147,2,2000,400.269,33.33,-1.37238,0,1,1,257,0.2,4,100,1,2915.98,904.346,38.53
8.071,148,3,2000,676.538,33.33,-1.49426,0,1,1,289,0.35,4,100,1,2861.05,2092.88,31.69
8.0715,149,4,2000,1321.29,33.2,-1.52769,0,1,0,0,0,4,100,1,2879.14,1756.52,32.55
8.072,150,3,2000,633.247,33.33,-1.49435,0,1,1,353,0.4,4,100,1,2877.08,1803.41,33.15
8.0725,151,3,2000,692.221,33.33,-1.50084,0,1,1,353,0.4,4,100,1,2871.92,1919.9,36.68
8.0735,153,3,2000,866.885,33.33,-1.52768,0,1,1,353,0.4,4,100,1,2867.59,2017.71,35.91
8.0745,155,5,2000,1719.08,32.55,-1.52682,0,1,1,68,0.15,4,100,1,2851.2,2400.53,35.01
8.073,152,3,2000,815.194,33.33,-1.52389,0,1,1,353,0.4,4,100,1,2869.71,1969.55,36.84
8.076,158,6,2000,1932.19,33.33,-1.52652,0,1,1,257,0.2,4,100,1,2837.57,2740.92,35.97
8.075,156,5,2000,1765.97,33.15,-1.52672,0,1,0,64,0.05,4,100,1,2863.12,2118.57,37.13
8.077,160,6,2000,2000,33.33,-1.52631,0,1,0,0,0,4,100,1,2833.31,2834.95,35.69
7.074,154,6,2000,2000,31.99,-1.52671,0,1,0,0,0,4,100,1,2865.33,2068.62,36.9
7.0765,159,6,2000,2000,33.33,-1.52639,0,1,0,0,0,4,100,1,2835.39,2789.03,35.34
7.078,162,6,2000,2000,33.33,-1.52653,0,1,0,0,0,4,100,1,2828.11,2951.94,38.54
8.0935,193,3,2000,753.678,23.45,-1.5239,0,1,1,32,0.15,4,100,1,2810.11,3293.57,32.87
8.098,202,13,2756.3,4493.52,33.1,-1.53151,9.5,0,1,4,0.1,4,100,0,0,0,0
8.0985,203,15,2743.77,4934.05,32.51,-1.56803,-7.3,0,1,4,0.1,4,100,0,0,0,0
8.099,204,16,2758.01,5317,33.07,-1.6289,-0.2,0,0,0,0,4,100,0,0,0,0
8.103,12,5,2000,1745.74,27.35,1.62238,0,1,0,0,0,4,100,1,2826.48,6192.14,27.58
8.104,14,3,2000,1059.34,27.49,1.61009,0,1,1,32,0.15,4,100,1,2792.68,5564.26,27.41
8.1045,15,3,2000,729.514,27.44,1.60982,0,1,1,32,0.15,4,100,1,2768.75,5214.19,27.69
8.1035,13,4,2000,1444.29,27.44,1.62259,0,1,0,0,0,4,100,1,2808.25,5851.91,27.77
7.0995,205,18,2788.35,5776.9,32.65,-1.62871,0,0,0,0,0,4,100,0,0,0,0
8.1055,17,2,2000,403.19,27.74,1.75189,0,1,0,0,0,4,100,1,2779.61,4502.85,27.32
8.1285,63,6,2000,2000,33.33,1.60322,0,1,0,0,0,4,100,1,2900.5,1550.43,35.8
8.129,64,6,2000,1958.93,33.33,1.6032,0,1,1,257,0.2,4,100,1,2929.16,942.308,29.48
8.13,66,5,2000,1695.79,33.33,1.62244,0,1,1,321,0.25,4,100,1,2923.27,1011.05,40.5
8.1305,67,5,2000,1644.98,33.33,1.62265,0,1,1,321,0.25,4,100,1,2927.29,908.158,37.52
8.131,68,4,2000,1518.7,33.33,1.62259,0,1,1,257,0.2,4,100,1,2938.33,709.624,32.5
8.132,70,3,2000,905.124,29.48,1.6098,0,1,1,96,0.2,4,100,1,2939.76,639.033,33.77
8.1325,71,3,2000,932.284,33.33,1.60988,0,1,1,353,0.4,4,100,1,2948.07,592.894,36.95
8.1335,73,3,2000,870.999,33.33,1.60997,0,1,1,353,0.4,4,100,1,3020.22,240.355,23.13
8.1345,75,3,2000,650.715,33.33,1.614,0,1,1,32,0.15,4,100,1,2829.02,6178.25,24.72
8.1415,89,4,2000,1267.52,24.47,1.60965,0,1,0,0,0,4,100,1,2773.58,5241.92,24.48
8.1435,93,2,2000,334.449,24.55,1.78556,0,1,0,0,0,4,100,1,2798.27,4007.29,24.81
8.1425,91,3,2000,627.639,24.81,1.62932,0,1,1,32,0.15,4,100,1,2769.65,4656.4,24.94
8.151,108,5,2000,1698.78,22.97,1.62221,0,1,1,128,0.1,4,100,1,2998.13,306.878,23.16
8.1525,111,3,2000,826.879,23.44,1.60965,0,1,1,32,0.15,4,100,1,2771.76,4681.5,23.25
8.152,110,4,2000,1139.08,23.25,1.60997,0,1,0,0,0,4,100,1,2766.76,4937.79,23.14
8.1515,109,4,2000,1389.63,23.01,1.62256,0,1,0,0,0,4,100,1,2776.29,5234.34,23.26
8.1615,129,5,2000,1586.88,32.67,1.62254,0,1,1,257,0.2,4,100,1,2790.15,5517.69,28.06
8.162,130,3,2000,1084.67,32.67,1.60998,0,1,1,289,0.35,4,100,1,2763.14,5095.38,32.24
8.1705,147,2,2000,396.469,33.33,-1.37238,0,1,1,257,0.2,4,100,1,2916.14,900.502,38.53
8.171,148,3,2000,673.111,33.33,-1.49426,0,1,1,289,0.35,4,100,1,2861.19,2089.72,31.69
8.1715,149,4,2000,1318.13,33.2,-1.52769,0,1,0,0,0,4,100,1,2879.29,1753.28,32.55
8.172,150,3,2000,629.607,33.33,-1.49435,0,1,1,353,0.4,4,100,1,2877.22,1800.1,33.15
8.1725,151,3,2000,688.641,33.33,-1.50084,0,1,1,353,0.4,4,100,1,2872.08,1916.23,36.68
8.173,152,3,2000,811.37,33.33,-1.52389,0,1,1,353,0.4,4,100,1,2869.87,1965.97,36.84
8.1735,153,3,2000,863.197,33.33,-1.52768,0,1,1,353,0.4,4,100,1,2867.75,2014.13,35.91
8.174,154,6,2000,2000,31.69,-1.52659,0,1,1,24,0.3,4,100,1,2865.49,2065.04,36.9
8.175,156,5,2000,1762.82,33.15,-1.52672,0,1,0,64,0.05,4,100,1,2863.28,2114.86,37.13
8.1745,155,5,2000,1715.99,32.55,-1.52682,0,1,0,64,0.05,4,100,1,2851.33,2396.91,35.01
8.178,162,6,2000,2000,33.33,-1.5266,0,1,1,24,0.3,4,100,1,2828.28,2948.29,38.54
8.1935,193,3,2000,751.509,23.45,-1.5239,0,1,1,32,0.15,4,100,1,2810.24,3290.28,32.87
8.198,202,13,2756.43,4490.21,33.1,-1.53151,0,0,0,0,0,4,100,0,0,0,0
8.1985,203,15,2743.78,4930.8,32.51,-1.56803,0,0,0,0,0,4,100,0,0,0,0
8.199,204,16,2757.82,5313.7,33.07,-1.6289,0,0,0,0,0,4,100,0,0,0,0
8.1995,205,18,2786.25,5740.99,32.92,-1.63217,0,0,0,0,0,4,100,0,0,0,0
8.203,12,5,2000,1748.65,27.35,1.62238,0,1,0,0,0,4,100,1,2826.61,6194.88,27.58
8.2035,13,4,2000,1447.21,27.44,1.62259,0,1,0,0,0,4,100,1,2808.39,5854.63,27.77
8.204,14,3,2000,1062.27,27.49,1.61009,0,1,1,32,0.15,4,100,1,2792.83,5567.01,27.41
8.2045,15,3,2000,732.436,27.44,1.60982,0,1,1,32,0.15,4,100,1,2768.91,5216.97,27.69
8.2055,17,2,2000,406.099,27.74,1.75189,0,1,0,0,0,4,100,1,2779.49,4505.56,27.32
8.2285,63,6,2000,2000,33.33,1.60322,0,1,0,0,0,4,100,1,2900.31,1554.01,35.8
8.229,64,6,2000,1962.61,33.33,1.6032,0,1,1,321,0.25,4,100,1,2929.05,945.254,29.48
8.2295,65,6,2000,1914.05,33.33,1.60334,0,1,0,0,0,4,100,1,2927.95,973.461,40.13
8.23,66,5,2000,1699.79,33.33,1.62244,0,1,1,321,0.25,4,100,1,2923.11,1015.11,40.5
8.231,68,4,2000,1522.46,33.33,1.62259,0,1,1,321,0.25,4,100,1,2938.2,712.847,32.5
8.2315,69,4,2000,1517.04,33.33,1.62247,0,1,1,257,0.2,4,100,1,2935.92,691.264,33.85
8.232,70,3,2000,908.266,29.48,1.6098,0,1,1,96,0.2,4,100,1,2939.43,642.384,33.77
8.2325,71,3,2000,936.491,33.33,1.60988,0,1,1,353,0.4,4,100,1,2947.65,596.52,36.95
8.2305,67,5,2000,1648.93,33.33,1.62265,0,1,1,321,0.25,4,100,1,2927.14,912.014,37.52
8.2335,73,3,2000,874.945,33.33,1.60997,0,1,1,353,0.4,4,100,1,3019.57,242.551,23.13
8.233,72,3,2000,978.14,33.33,1.61004,0,1,1,353,0.4,4,100,1,3007.58,272.132,22.84
8.235,76,3,2000,605.411,33.33,1.66777,0,1,1,289,0.35,4,100,1,2828.06,3431.22,24.62
8.2345,75,3,2000,654.295,33.33,1.614,0,1,1,289,0.35,4,100,1,2829.14,6180.72,24.72
8.2415,89,4,2000,1270.16,24.47,1.60965,0,1,0,0,0,4,100,1,2773.74,5244.35,24.48
8.2425,91,3,2000,630.318,24.81,1.62932,0,1,1,32,0.15,4,100,1,2769.54,4658.86,24.94
8.2435,93,2,2000,337.051,24.55,1.78556,0,1,0,0,0,4,100,1,2798.16,4009.77,24.81
8.251,108,5,2000,1701.28,22.97,1.62221,0,1,0,0,0,4,100,1,2997.55,309.089,23.16
8.2515,109,4,2000,1392.13,23.01,1.62256,0,1,0,0,0,4,100,1,2776.44,5236.59,23.26
8.252,110,4,2000,1141.61,23.25,1.60997,0,1,0,0,0,4,100,1,2766.79,4940.07,23.14
8.2525,111,3,2000,829.43,23.44,1.60965,0,1,1,32,0.15,4,100,1,2771.66,4683.81,23.25
8.2615,129,5,2000,1590.36,32.67,1.62254,0,1,1,257,0.2,4,100,1,2790.3,5520.49,28.06
8.262,130,4,2000,1088.15,32.67,1.60998,0,1,1,257,0.2,4,100,1,2763.3,5098.62,32.24
8.2705,147,2,2000,392.728,33.33,-1.37238,0,1,1,257,0.2,4,100,1,2916.31,896.653,38.53
8.271,148,3,2000,669.744,33.33,-1.49426,0,1,1,289,0.35,4,100,1,2861.33,2086.55,31.69
8.2715,149,4,2000,1315.04,33.2,-1.52769,0,1,0,0,0,4,100,1,2879.43,1750.02,32.55
8.272,150,3,2000,626.027,33.33,-1.49435,0,1,1,353,0.4,4,100,1,2877.37,1796.79,33.15
8.273,152,3,2000,807.605,33.33,-1.52389,0,1,1,353,0.4,4,100,1,2870.04,1962.29,36.84
8.2735,153,3,2000,859.569,33.33,-1.52768,0,1,1,353,0.4,4,100,1,2867.91,2010.54,35.91
8.2725,151,3,2000,685.12,33.33,-1.50084,0,1,1,353,0.4,4,100,1,2872.24,1912.53,36.68
8.274,154,6,2000,2000,31.69,-1.52659,0,1,1,16,0.15,4,100,1,2865.65,2061.35,36.9
8.276,158,6,2000,1925.22,33.33,-1.52652,0,1,1,257,0.2,4,100,1,2837.9,2733.72,35.97
8.2745,155,5,2000,1712.96,32.55,-1.52682,0,1,0,64,0.05,4,100,1,2851.45,2393.46,35.01
8.2765,159,6,2000,1973.47,33.33,-1.52649,0,1,1,24,0.3,4,100,1,2835.7,2782.04,35.34
8.275,156,5,2000,1759.73,33.15,-1.52672,0,1,0,64,0.05,4,100,1,2863.45,2111.09,37.13
8.278,162,6,2000,2000,33.33,-1.5266,0,1,1,16,0.15,4,100,1,2828.45,2944.34,38.54
8.2935,193,3,2000,749.399,23.45,-1.5239,0,1,1,32,0.15,4,100,1,2810.37,3287,32.87
8.298,202,13,2756.56,4486.91,33.1,-1.53151,0,0,0,0,0,4,100,0,0,0,0
8.2985,203,15,2743.79,4927.55,32.51,-1.56803,0,0,0,0,0,4,100,0,0,0,0
8.299,204,16,2757.63,5310.4,33.07,-1.6289,0,0,0,0,0,4,100,0,0,0,0
8.2995,205,18,2786.05,5737.7,32.92,-1.63217,0,0,0,0,0,4,100,0,0,0,0
8.303,12,5,2000,1751.62,27.35,1.62238,0,1,0,0,0,4,100,1,2826.74,6197.64,27.58
8.3035,13,4,2000,1450.19,27.44,1.62259,0,1,0,0,0,4,100,1,2808.54,5857.4,27.77
8.304,14,3,2000,1065.26,27.49,1.61009,0,1,1,32,0.15,4,100,1,2792.98,5569.74,27.41
8.3045,15,3,2000,735.417,27.44,1.60982,0,1,1,32,0.15,4,100,1,2769.07,5219.73,27.69
8.3055,17,2,2000,409.068,27.74,1.75189,0,1,0,0,0,4,100,1,2779.37,4508.29,27.32
8.3285,63,6,2000,2000,33.33,1.60322,0,1,0,0,0,4,100,1,2900.13,1557.58,35.8
8.329,64,6,2000,1966.35,33.33,1.6032,0,1,1,321,0.25,4,100,1,2928.93,948.2,29.48
8.3295,65,6,2000,1917.9,33.33,1.60334,0,1,1,257,0.2,4,100,1,2927.79,977.463,40.13
8.33,66,5,2000,1703.86,33.33,1.62244,0,1,1,321,0.25,4,100,1,2922.95,1019.15,40.5
8.3305,67,5,2000,1652.95,33.33,1.62265,0,1,1,321,0.25,4,100,1,2927,915.681,37.52
8.3315,69,4,2000,1520.87,33.33,1.62247,0,1,1,257,0.2,4,100,1,2935.77,694.666,33.85
8.3325,71,3,2000,940.756,33.33,1.60988,0,1,1,353,0.4,4,100,1,2947.23,600.185,36.95
8.3335,73,3,2000,878.951,33.33,1.60997,0,1,1,353,0.4,4,100,1,3018.91,244.765,23.13
8.333,72,3,2000,982.443,33.33,1.61004,0,1,1,353,0.4,4,100,1,3006.97,274.329,22.84
8.3345,75,3,2000,657.933,33.33,1.614,0,1,1,289,0.35,4,100,1,2829.26,6183.16,24.72
8.335,76,3,2000,609.029,33.33,1.66777,0,1,1,289,0.35,4,100,1,2827.93,3433.68,24.62
8.332,70,3,2000,911.467,29.48,1.6098,0,1,1,96,0.2,4,100,1,2939.09,645.861,33.77
8.331,68,4,2000,1526.28,33.33,1.62259,0,1,1,321,0.25,4,100,1,2938.06,716.347,32.5
8.3415,89,4,2000,1272.87,24.47,1.60965,0,1,0,0,0,4,100,1,2773.9,5246.79,24.48
8.3425,91,3,2000,633.057,24.81,1.62932,0,1,1,32,0.15,4,100,1,2769.43,4661.35,24.94
8.3435,93,2,2000,339.712,24.55,1.78556,0,1,0,0,0,4,100,1,2798.05,4012.25,24.81
8.351,108,5,2000,1703.84,22.97,1.62221,0,1,0,0,0,4,100,1,2996.96,311.328,23.16
8.3515,109,4,2000,1394.7,23.01,1.62256,0,1,0,64,0.05,4,100,1,2776.59,5238.91,23.26
8.352,110,4,2000,1144.2,23.25,1.60997,0,1,0,64,0.05,4,100,1,2766.82,4942.39,23.14
8.3525,111,3,2000,832.039,23.44,1.60965,0,1,1,32,0.15,4,100,1,2771.56,4686.14,23.25
8.3615,129,5,2000,1593.89,32.67,1.62254,0,1,1,257,0.2,4,100,1,2790.45,5523.29,28.06
8.362,130,4,2000,1091.68,32.67,1.60998,0,1,1,257,0.2,4,100,1,2763.45,5101.82,32.24
8.3705,147,2,2000,389.047,33.33,-1.37238,0,1,1,257,0.2,4,100,1,2916.48,892.804,38.53
8.371,148,3,2000,666.436,33.33,-1.49426,0,1,1,32,0.15,4,100,1,2861.47,2083.39,31.69
8.3715,149,4,2000,1312,33.2,-1.52769,0,1,0,0,0,4,100,1,2879.57,1746.77,32.55
8.372,150,3,2000,622.507,33.33,-1.49435,0,1,1,353,0.4,4,100,1,2877.51,1793.48,33.15
8.373,152,3,2000,803.899,33.33,-1.52389,0,1,1,353,0.4,4,100,1,2870.2,1958.61,36.84
8.3735,153,3,2000,855.999,33.33,-1.52768,0,1,1,353,0.4,4,100,1,2868.06,2006.96,35.91
8.3725,151,3,2000,681.659,33.33,-1.50084,0,1,1,353,0.4,4,100,1,2872.41,1908.85,36.68
8.374,154,6,2000,2000,31.69,-1.52659,0,1,1,16,0.15,4,100,1,2865.82,2057.67,36.9
8.3745,155,5,2000,1709.99,32.55,-1.52682,0,1,0,64,0.05,4,100,1,2851.58,2390.01,35.01
8.376,158,6,2000,1921.82,33.33,-1.52652,0,1,1,257,0.2,4,100,1,2838.06,2730.13,35.97
8.3765,159,6,2000,1970.17,33.33,-1.52649,0,1,0,64,0.05,4,100,1,2835.86,2778.54,35.34
8.375,156,5,2000,1756.7,33.15,-1.52672,0,1,0,64,0.05,4,100,1,2863.61,2107.42,37.13
8.378,162,6,2000,2000,33.33,-1.5266,0,1,1,16,0.15,4,100,1,2828.62,2940.6,38.54
8.377,160,6,2000,2000,33.33,-1.52631,0,1,0,0,0,4,100,1,2833.8,2824.2,35.69
8.3935,193,3,2000,747.348,23.45,-1.5239,0,1,1,32,0.15,4,100,1,2810.5,3283.72,32.87
8.398,202,13,2756.69,4483.6,33.1,-1.53151,0,0,0,0,0,4,100,0,0,0,0
8.3985,203,15,2743.8,4924.3,32.51,-1.56803,0,0,0,0,0,4,100,0,0,0,0
8.399,204,16,2757.43,5307.1,33.07,-1.6289,0,0,0,0,0,4,100,0,0,0,0
8.3995,205,18,2785.85,5734.42,32.92,-1.63217,0,0,0,0,0,4,100,0,0,0,0
8.403,12,5,2000,1754.65,27.35,1.62238,0,1,0,0,0,4,100,1,2826.88,6200.39,27.58
8.4035,13,4,2000,1453.23,27.44,1.62259,0,1,0,0,0,4,100,1,2808.69,5860.17,27.77
8.404,14,3,2000,1068.3,27.49,1.61009,0,1,1,32,0.15,4,100,1,2793.13,5572.48,27.41
8.4045,15,3,2000,738.457,27.44,1.60982,0,1,1,32,0.15,4,100,1,2769.23,5222.49,27.69
8.4055,17,2,2000,412.096,27.74,1.75189,0,1,0,0,0,4,100,1,2779.25,4511.01,27.32
8.428,62,6,2000,1914.8,32.13,1.60317,0,1,1,32,0.15,4,100,1,2902.87,1566.57,35.73
8.429,64,6,2000,1970.15,33.33,1.6032,0,1,1,353,0.4,4,100,1,2928.82,951.144,29.48
8.4285,63,6,2000,2000,33.33,1.60322,0,1,1,96,0.2,4,100,1,2899.94,1561.19,35.8
8.4295,65,6,2000,1921.81,33.33,1.60334,0,1,1,353,0.4,4,100,1,2927.63,981.466,40.13
8.43,66,5,2000,1707.98,33.33,1.62244,0,1,1,321,0.25,4,100,1,2922.79,1023.19,40.5
8.4305,67,5,2000,1657.01,33.33,1.62265,0,1,1,321,0.25,4,100,1,2926.85,919.428,37.52
8.431,68,4,2000,1530.16,33.33,1.62259,0,1,1,321,0.25,4,100,1,2937.93,719.355,32.5
8.432,70,3,2000,914.727,29.48,1.6098,0,1,1,96,0.2,4,100,1,2938.78,649.128,33.77
8.4315,69,4,2000,1524.76,33.33,1.62247,0,1,1,321,0.25,4,100,1,2935.62,698.086,33.85
8.4325,71,3,2000,945.081,33.33,1.60988,0,1,1,353,0.4,4,100,1,2946.8,603.898,36.95
8.4335,73,3,2000,883.015,33.33,1.60997,0,1,1,353,0.4,4,100,1,3018.25,246.996,23.13
8.4345,75,3,2000,661.631,33.33,1.614,0,1,1,353,0.4,4,100,1,2829.38,6185.64,24.72
8.435,76,3,2000,612.707,33.33,1.66777,0,1,1,353,0.4,4,100,1,2827.8,3436.15,24.62
8.433,72,3,2000,986.804,33.33,1.61004,0,1,1,353,0.4,4,100,1,3006.34,276.618,22.84
8.4415,89,4,2000,1275.64,24.47,1.60965,0,1,0,0,0,4,100,1,2774.06,5249.23,24.48
8.4425,91,3,2000,635.854,24.81,1.62932,0,1,1,32,0.15,4,100,1,2769.32,4663.84,24.94
8.4435,93,2,2000,342.432,24.55,1.78556,0,1,0,0,0,4,100,1,2797.94,4014.73,24.81
8.451,108,5,2000,1706.46,22.97,1.62221,0,1,0,0,0,4,100,1,2996.37,313.568,23.16
8.4515,109,4,2000,1397.32,23.01,1.62256,0,1,0,64,0.05,4,100,1,2776.74,5241.23,23.26
8.452,110,4,2000,1146.85,23.25,1.60997,0,1,0,64,0.05,4,100,1,2766.84,4944.7,23.14
8.4525,111,3,2000,834.708,23.44,1.60965,0,1,1,32,0.15,4,100,1,2771.46,4688.46,23.25
8.4615,129,5,2000,1597.49,32.67,1.62254,0,1,1,257,0.2,4,100,1,2790.61,5526.09,28.06
8.462,130,4,2000,1095.28,32.67,1.60998,0,1,1,257,0.2,4,100,1,2763.6,5105.04,32.24
8.4705,147,2,2000,385.424,33.33,-1.37238,0,1,1,257,0.2,4,100,1,2916.64,888.954,38.53
8.471,148,3,2000,663.187,33.33,-1.49426,0,1,1,32,0.15,4,100,1,2861.61,2080.22,31.69
8.4715,149,4,2000,1309.02,33.2,-1.52769,0,1,0,0,0,4,100,1,2879.72,1743.52,32.55
8.4725,151,3,2000,678.256,33.33,-1.50084,0,1,1,353,0.4,4,100,1,2872.57,1905.25,36.68
8.473,152,3,2000,800.252,33.33,-1.52389,0,1,1,353,0.4,4,100,1,2870.36,1954.93,36.84
8.472,150,3,2000,619.045,33.33,-1.49435,0,1,1,353,0.4,4,100,1,2877.66,1790.13,33.15
8.474,154,6,2000,2000,31.69,-1.52659,0,1,1,48,0.3,4,100,1,2865.98,2054.01,36.9
8.4745,155,5,2000,1707.08,32.55,-1.52682,0,1,0,64,0.05,4,100,1,2851.71,2386.54,35.01
8.4735,153,3,2000,852.489,33.33,-1.52768,0,1,1,353,0.4,4,100,1,2868.23,2003.31,35.91
8.476,158,6,2000,1918.48,33.33,-1.52652,0,1,1,289,0.35,4,100,1,2838.23,2726.54,35.97
8.4765,159,6,2000,1966.92,33.33,-1.52649,0,1,1,96,0.2,4,100,1,2836.02,2775.02,35.34
8.475,156,5,2000,1753.73,33.15,-1.52672,0,1,0,64,0.05,4,100,1,2863.77,2103.72,37.13
8.477,160,6,2000,2000,33.33,-1.52631,0,1,1,32,0.15,4,100,1,2833.96,2820.65,35.69
8.4935,193,3,2000,745.356,23.45,-1.5239,0,1,1,32,0.15,4,100,1,2810.63,3280.43,32.87
8.498,202,13,2756.82,4480.29,33.1,-1.53151,0,0,0,0,0,4,100,0,0,0,0
8.4985,203,15,2743.8,4921.05,32.51,-1.56803,0,0,0,0,0,4,100,0,0,0,0
8.4995,205,18,2785.64,5731.13,32.92,-1.63217,0,0,0,0,0,4,100,0,0,0,0
8.499,204,16,2757.24,5303.79,33.07,-1.6289,0,0,0,0,0,4,100,0,0,0,0
8.503,12,5,2000,1757.74,27.35,1.62238,0,1,0,0,0,4,100,1,2827.01,6203.15,27.58
8.5035,13,4,2000,1456.33,27.44,1.62259,0,1,0,0,0,4,100,1,2808.84,5862.95,27.77
8.504,14,3,2000,1071.4,27.49,1.61009,0,1,1,32,0.15,4,100,1,2793.28,5575.21,27.41
8.5045,15,3,2000,741.556,27.44,1.60982,0,1,1,32,0.15,4,100,1,2769.39,5225.26,27.69
8.5055,17,2,2000,415.182,27.74,1.75189,0,1,0,0,0,4,100,1,2779.13,4513.74,27.32
8.528,62,6,2000,1918.38,32.13,1.60317,0,1,1,289,0.35,4,100,1,2902.69,1570.14,35.73
8.5285,63,6,2000,2000,33.33,1.60322,0,1,1,96,0.2,4,100,1,2899.76,1564.73,35.8
8.529,64,6,2000,1974,33.33,1.6032,0,1,1,353,0.4,4,100,1,2928.7,954.098,29.48
8.5295,65,6,2000,1925.77,33.33,1.60334,0,1,1,353,0.4,4,100,1,2927.48,985.492,40.13
8.5305,67,5,2000,1661.14,33.33,1.62265,0,1,1,321,0.25,4,100,1,2926.71,923.153,37.52
8.531,68,4,2000,1534.11,33.33,1.62259,0,1,1,321,0.25,4,100,1,2937.8,722.59,32.5
8.53,66,5,2000,1712.16,33.33,1.62244,0,1,1,321,0.25,4,100,1,2922.63,1027.3,40.5
8.5325,71,3,2000,949.464,33.33,1.60988,0,1,1,353,0.4,4,100,1,2946.38,607.52,36.95
8.533,72,3,2000,991.225,33.33,1.61004,0,1,1,353,0.4,4,100,1,3005.77,278.71,22.84
8.5315,69,4,2000,1528.7,33.33,1.62247,0,1,1,321,0.25,4,100,1,2935.48,701.474,33.85
8.532,70,3,2000,918.046,29.48,1.6098,0,1,1,96,0.2,4,100,1,2938.44,652.54,33.77
8.5345,75,3,2000,665.387,33.33,1.614,0,1,1,353,0.4,4,100,1,2829.49,6188.09,24.72
8.535,76,3,2000,616.442,33.33,1.66777,0,1,1,353,0.4,4,100,1,2827.67,3438.6,24.62
8.5335,73,3,2000,887.138,33.33,1.60997,0,1,1,353,0.4,4,100,1,3017.57,249.296,23.13
8.5415,89,4,2000,1278.46,24.47,1.60965,0,1,0,0,0,4,100,1,2774.22,5251.68,24.48
8.5425,91,3,2000,638.71,24.81,1.62932,0,1,1,32,0.15,4,100,1,2769.21,4666.33,24.94
8.5435,93,2,2000,345.21,24.55,1.78556,0,1,0,0,0,4,100,1,2797.83,4017.2,24.81
8.551,108,5,2000,1709.14,22.97,1.62221,0,1,0,0,0,4,100,1,2995.78,315.807,23.16
8.5515,109,4,2000,1400,23.01,1.62256,0,1,0,64,0.05,4,100,1,2776.9,5243.55,23.26
8.552,110,4,2000,1149.56,23.25,1.60997,0,1,0,64,0.05,4,100,1,2766.87,4947.01,23.14
8.5525,111,3,2000,837.435,23.44,1.60965,0,1,1,32,0.15,4,100,1,2771.36,4690.78,23.25
8.5615,129,5,2000,1601.14,32.67,1.62254,0,1,1,257,0.2,4,100,1,2790.76,5528.9,28.06
8.562,130,4,2000,1098.94,32.67,1.60998,0,1,1,257,0.2,4,100,1,2763.75,5108.28,32.24
8.5705,147,2,2000,381.859,33.33,-1.37238,0,1,1,257,0.2,4,100,1,2916.81,885.105,38.53
8.571,148,3,2000,659.996,33.33,-1.49426,0,1,1,32,0.15,4,100,1,2861.75,2077.05,31.69
8.5715,149,4,2000,1306.1,33.2,-1.52769,0,1,0,0,0,4,100,1,2879.86,1740.27,32.55
8.572,150,3,2000,615.641,33.33,-1.49435,0,1,1,353,0.4,4,100,1,2877.81,1786.85,33.15
8.573,152,3,2000,796.663,33.33,-1.52389,0,1,1,353,0.4,4,100,1,2870.52,1951.25,36.84
8.5735,153,3,2000,849.036,33.33,-1.52768,0,1,1,353,0.4,4,100,1,2868.38,1999.78,35.91
8.5725,151,3,2000,674.912,33.33,-1.50084,0,1,1,353,0.4,4,100,1,2872.73,1901.54,36.68
8.574,154,6,2000,2000,31.69,-1.52659,0,1,1,32,0.15,4,100,1,2866.14,2050.32,36.9
8.5745,155,5,2000,1704.22,32.55,-1.52682,0,1,0,64,0.05,4,100,1,2851.84,2383.02,35.01
8.575,156,5,2000,1750.82,33.15,-1.52672,0,1,0,64,0.05,4,100,1,2863.94,2100.04,37.13
8.5765,159,6,2000,1963.73,33.33,-1.52649,0,1,1,96,0.2,4,100,1,2836.18,2771.49,35.34
8.577,160,6,2000,2000,33.33,-1.52631,0,1,1,96,0.2,4,100,1,2834.12,2817.13,35.69
8.576,158,6,2000,1915.19,33.33,-1.52652,0,1,1,96,0.2,4,100,1,2838.39,2722.89,35.97
8.578,162,6,2000,2000,33.33,-1.5266,0,1,1,48,0.3,4,100,1,2828.96,2932.86,38.54
8.5935,193,3,2000,743.422,23.45,-1.5239,0,1,1,32,0.15,4,100,1,2810.76,3277.15,32.87
8.598,202,13,2756.95,4476.98,33.1,-1.53151,0,0,0,0,0,4,100,0,0,0,0
8.5985,203,15,2743.81,4917.8,32.51,-1.56803,0,0,0,0,0,4,100,0,0,0,0
8.599,204,16,2757.05,5300.49,33.07,-1.6289,0,0,0,0,0,4,100,0,0,0,0
8.5995,205,18,2785.44,5727.85,32.92,-1.63217,0,0,0,0,0,4,100,0,0,0,0
8.603,12,5,2000,1760.88,27.35,1.62238,0,1,0,0,0,4,100,1,2827.14,6205.9,27.58
8.6035,13,4,2000,1459.48,27.44,1.62259,0,1,0,0,0,4,100,1,2808.99,5865.72,27.77
8.604,14,3,2000,1074.57,27.49,1.61009,0,1,1,32,0.15,4,100,1,2793.42,5577.95,27.41
8.6045,15,3,2000,744.713,27.44,1.60982,0,1,1,32,0.15,4,100,1,2769.55,5228.02,27.69
8.6055,17,2,2000,418.326,27.74,1.75189,0,1,0,0,0,4,100,1,2779.01,4516.47,27.32
8.628,62,6,2000,1922.02,32.13,1.60317,0,1,1,289,0.35,4,100,1,2902.5,1573.7,35.73
8.6285,63,6,2000,2000,33.33,1.60322,0,1,1,96,0.2,4,100,1,2899.58,1568.31,35.8
8.629,64,6,2000,1977.92,33.33,1.6032,0,1,1,353,0.4,4,100,1,2928.59,957.042,29.48
8.6295,65,6,2000,1929.8,33.33,1.60334,0,1,1,353,0.4,4,100,1,2927.32,989.485,40.13
8.63,66,5,2000,1716.4,33.33,1.62244,0,1,1,321,0.25,4,100,1,2922.47,1031.3,40.5
8.6305,67,5,2000,1665.33,33.33,1.62265,0,1,1,321,0.25,4,100,1,2926.56,926.937,37.52
8.632,70,3,2000,921.422,29.48,1.6098,0,1,1,353,0.4,4,100,1,2938.12,655.824,33.77
8.6325,71,3,2000,953.905,33.33,1.60988,0,1,1,353,0.4,4,100,1,2945.96,611.192,36.95
8.6315,69,4,2000,1532.71,33.33,1.62247,0,1,1,321,0.25,4,100,1,2935.33,704.847,33.85
8.633,72,3,2000,995.703,33.33,1.61004,0,1,1,353,0.4,4,100,1,3005.16,280.93,22.84
8.6335,73,3,2000,891.319,33.33,1.60997,0,1,1,353,0.4,4,100,1,3016.94,251.438,23.13
8.6345,75,3,2000,669.201,33.33,1.614,0,1,1,353,0.4,4,100,1,2829.61,6190.57,24.72
8.635,76,3,2000,620.236,33.33,1.66777,0,1,1,353,0.4,4,100,1,2827.54,3441.05,24.62
8.6415,89,4,2000,1281.34,24.47,1.60965,0,1,0,0,0,4,100,1,2774.38,5254.12,24.48
8.6425,91,3,2000,641.623,24.81,1.62932,0,1,1,32,0.15,4,100,1,2769.1,4668.82,24.94
8.6435,93,2,2000,348.046,24.55,1.78556,0,1,0,0,0,4,100,1,2797.72,4019.68,24.81
8.651,108,5,2000,1711.87,22.97,1.62221,0,1,0,0,0,4,100,1,2995.19,318.047,23.16
8.6515,109,4,2000,1402.74,23.01,1.62256,0,1,0,64,0.05,4,100,1,2777.05,5245.87,23.26
8.652,110,4,2000,1152.32,23.25,1.60997,0,1,0,64,0.05,4,100,1,2766.9,4949.33,23.14
8.6525,111,3,2000,840.22,23.44,1.60965,0,1,1,32,0.15,4,100,1,2771.26,4693.11,23.25
8.6615,129,5,2000,1604.85,32.67,1.62254,0,1,1,257,0.2,4,100,1,2790.91,5531.7,28.06
8.662,130,4,2000,1102.65,32.67,1.60998,0,1,1,257,0.2,4,100,1,2763.9,5111.48,32.24
8.6705,147,2,2000,378.352,33.33,-1.37238,0,1,1,257,0.2,4,100,1,2916.97,881.256,38.53
8.671,148,3,2000,656.863,33.33,-1.49426,0,1,1,32,0.15,4,100,1,2861.89,2073.89,31.69
8.6715,149,4,2000,1303.23,33.2,-1.52769,0,1,0,0,0,4,100,1,2880,1737.01,32.55
8.672,150,3,2000,612.294,33.33,-1.49435,0,1,1,353,0.4,4,100,1,2877.95,1783.54,33.15
8.6725,151,3,2000,671.625,33.33,-1.50084,0,1,1,96,0.2,4,100,1,2872.89,1897.91,36.68
8.6735,153,3,2000,845.641,33.33,-1.52768,0,1,1,353,0.4,4,100,1,2868.54,1996.19,35.91
8.673,152,3,2000,793.131,33.33,-1.52389,0,1,1,353,0.4,4,100,1,2870.69,1947.52,36.84
8.674,154,6,2000,2000,31.69,-1.52659,0,1,1,32,0.15,4,100,1,2866.31,2046.61,36.9
8.675,156,5,2000,1747.96,33.15,-1.52672,0,1,0,64,0.05,4,100,1,2864.1,2096.37,37.13
8.6765,159,6,2000,1960.6,33.33,-1.52649,0,1,1,96,0.2,4,100,1,2836.34,2767.96,35.34
8.677,160,6,2000,2000,33.33,-1.52631,0,1,1,96,0.2,4,100,1,2834.28,2813.57,35.69
8.6745,155,5,2000,1701.43,32.55,-1.52682,0,1,0,64,0.05,4,100,1,2851.97,2379.43,35.01
8.678,162,6,2000,2000,33.33,-1.5266,0,1,1,48,0.3,4,100,1,2829.13,2929.02,38.54
8.6935,193,3,2000,741.546,23.45,-1.5239,0,1,1,32,0.15,4,100,1,2810.88,3273.86,32.87
8.698,202,13,2757.08,4473.68,33.1,-1.53151,0,0,0,0,0,4,100,0,0,0,0
8.6985,203,15,2743.82,4914.54,32.51,-1.56803,0,0,0,0,0,4,100,0,0,0,0
8.699,204,16,2756.86,5297.19,33.07,-1.6289,0,0,0,0,0,4,100,0,0,0,0
8.6995,205,18,2785.24,5724.56,32.92,-1.63217,0,0,0,0,0,4,100,0,0,0,0
8.703,12,5,2000,1764.08,27.35,1.62238,0,1,0,0,0,4,100,1,2827.28,6208.66,27.58
8.7035,13,4,2000,1462.69,27.44,1.62259,0,1,0,0,0,4,100,1,2809.14,5868.49,27.77
8.704,14,3,2000,1077.78,27.49,1.61009,0,1,1,32,0.15,4,100,1,2793.57,5580.69,27.41
8.7045,15,3,2000,747.927,27.44,1.60982,0,1,1,32,0.15,4,100,1,2769.71,5230.79,27.69
8.7055,17,2,2000,421.527,27.74,1.75189,0,1,0,0,0,4,100,1,2778.89,4519.2,27.32
8.728,62,6,2000,1925.72,32.13,1.60317,0,1,1,353,0.4,4,100,1,2902.32,1577.27,35.73
8.7285,63,6,2000,2000,33.33,1.60322,0,1,1,96,0.2,4,100,1,2899.39,1571.88,35.8
8.729,64,6,2000,1981.89,33.33,1.6032,0,1,1,353,0.4,4,100,1,2928.47,959.99,29.48
8.7295,65,6,2000,1933.88,33.33,1.60334,0,1,1,353,0.4,4,100,1,2927.16,993.496,40.13
8.73,66,5,2000,1720.7,33.33,1.62244,0,1,1,321,0.25,4,100,1,2922.32,1035.33,40.5
8.7305,67,5,2000,1669.57,33.33,1.62265,0,1,1,321,0.25,4,100,1,2926.41,930.66,37.52
8.732,70,3,2000,924.856,29.48,1.6098,0,1,1,353,0.4,4,100,1,2937.8,659.185,33.77
8.7325,71,3,2000,958.403,33.33,1.60988,0,1,1,353,0.4,4,100,1,2945.53,614.863,36.95
8.733,72,3,2000,1000.24,33.33,1.61004,0,1,1,353,0.4,4,100,1,3004.56,283.12,22.84
8.7335,73,3,2000,895.557,33.33,1.60997,0,1,1,353,0.4,4,100,1,3016.28,253.651,23.13
8.7345,75,3,2000,673.072,33.33,1.614,0,1,1,353,0.4,4,100,1,2829.73,6193.04,24.72
8.735,76,3,2000,624.086,33.33,1.66777,0,1,1,353,0.4,4,100,1,2827.41,3443.51,24.62
8.7415,89,4,2000,1284.28,24.47,1.60965,0,1,0,0,0,4,100,1,2774.54,5256.56,24.48
8.7425,91,3,2000,644.593,24.81,1.62932,0,1,1,32,0.15,4,100,1,2768.99,4671.31,24.94
8.7435,93,2,2000,350.938,24.55,1.78556,0,1,0,0,0,4,100,1,2797.61,4022.16,24.81
8.751,108,5,2000,1714.67,22.97,1.62221,0,1,0,0,0,4,100,1,2994.6,320.287,23.16
8.7515,109,4,2000,1405.54,23.01,1.62256,0,1,0,64,0.05,4,100,1,2777.2,5248.19,23.26
8.752,110,4,2000,1155.14,23.25,1.60997,0,1,0,64,0.05,4,100,1,2766.92,4951.64,23.14
8.7525,111,3,2000,843.061,23.44,1.60965,0,1,1,32,0.15,4,100,1,2771.16,4695.43,23.25
8.7615,129,5,2000,1608.62,32.67,1.62254,0,1,1,257,0.2,4,100,1,2791.06,5534.5,28.06
8.762,130,4,2000,1106.42,32.67,1.60998,0,1,1,257,0.2,4,100,1,2764.05,5114.7,32.24
8.7705,147,2,2000,374.902,33.33,-1.37238,0,1,1,257,0.2,4,100,1,2917.14,877.406,38.53
8.771,148,3,2000,653.786,33.33,-1.49426,0,1,1,32,0.15,4,100,1,2862.03,2070.72,31.69
8.7715,149,4,2000,1300.43,33.2,-1.52769,0,1,0,0,0,4,100,1,2880.14,1733.77,32.55
8.772,150,3,2000,609.005,33.33,-1.49435,0,1,1,96,0.2,4,100,1,2878.1,1780.23,33.15
8.773,152,3,2000,789.657,33.33,-1.52389,0,1,1,353,0.4,4,100,1,2870.85,1943.89,36.84
8.7735,153,3,2000,842.303,33.33,-1.52768,0,1,1,353,0.4,4,100,1,2868.7,1992.61,35.91
8.774,154,6,2000,2000,31.69,-1.52659,0,1,1,32,0.15,4,100,1,2866.47,2042.95,36.9
8.7725,151,3,2000,668.395,33.33,-1.50084,0,1,1,96,0.2,4,100,1,2873.06,1894.18,36.68
8.775,156,5,2000,1745.16,33.15,-1.52672,0,1,0,64,0.05,4,100,1,2864.26,2092.67,37.13
8.7745,155,5,2000,1698.69,32.55,-1.52682,0,1,0,64,0.05,4,100,1,2852.09,2375.99,35.01
8.7765,159,6,2000,1957.53,33.33,-1.52649,0,1,1,96,0.2,4,100,1,2836.5,2764.4,35.34
8.777,160,6,2000,2000,33.33,-1.52631,0,1,1,96,0.2,4,100,1,2834.44,2809.97,35.69
8.778,162,6,2000,2000,33.33,-1.5266,0,1,1,32,0.15,4,100,1,2829.3,2925.17,38.54
8.7935,193,3,2000,739.726,23.45,-1.5239,0,1,1,32,0.15,4,100,1,2811.01,3270.58,32.87
8.798,202,13,2757.21,4470.37,33.1,-1.53151,0,0,0,0,0,4,100,0,0,0,0
8.7985,203,15,2743.83,4911.29,32.51,-1.56803,0,0,0,0,0,4,100,0,0,0,0
8.799,204,16,2756.67,5293.89,33.07,-1.6289,0,0,0,0,0,4,100,0,0,0,0
8.7995,205,18,2785.04,5721.27,32.92,-1.63217,0,0,0,0,0,4,100,0,0,0,0
8.803,12,5,2000,1767.34,27.35,1.62238,0,1,0,0,0,4,100,1,2827.41,6211.41,27.58
8.8035,13,4,2000,1465.96,27.44,1.62259,0,1,0,0,0,4,100,1,2809.29,5871.26,27.77
8.804,14,3,2000,1081.06,27.49,1.61009,0,1,1,32,0.15,4,100,1,2793.72,5583.43,27.41
8.8045,15,3,2000,751.198,27.44,1.60982,0,1,1,32,0.15,4,100,1,2769.87,5233.55,27.69
8.8055,17,2,2000,424.785,27.74,1.75189,0,1,0,0,0,4,100,1,2778.77,4521.93,27.32
8.828,62,6,2000,1929.47,32.13,1.60317,0,1,1,353,0.4,4,100,1,2902.13,1580.84,35.73
8.8285,63,6,2000,2000,33.33,1.60322,0,1,1,96,0.2,4,100,1,2899.21,1575.46,35.8
8.829,64,6,2000,1985.92,33.33,1.6032,0,1,1,353,0.4,4,100,1,2928.36,962.93,29.48
8.8295,65,6,2000,1938.01,33.33,1.60334,0,1,1,353,0.4,4,100,1,2927.01,997.522,40.13
8.83,66,5,2000,1725.05,33.33,1.62244,0,1,1,321,0.25,4,100,1,2922.16,1039.39,40.5
8.8305,67,5,2000,1673.87,33.33,1.62265,0,1,1,321,0.25,4,100,1,2926.26,934.435,37.52
8.832,70,3,2000,928.346,29.48,1.6098,0,1,1,353,0.4,4,100,1,2937.47,662.546,33.77
8.8325,71,3,2000,962.957,33.33,1.60988,0,1,1,353,0.4,4,100,1,2945.11,618.533,36.95
8.833,72,3,2000,1004.83,33.33,1.61004,0,1,1,353,0.4,4,100,1,3003.95,285.32,22.84
8.8335,73,3,2000,899.851,33.33,1.60997,0,1,1,353,0.4,4,100,1,3015.63,255.86,23.13
8.8345,75,3,2000,677,33.33,1.614,0,1,1,353,0.4,4,100,1,2829.85,6195.5,24.72
8.835,76,3,2000,627.993,33.33,1.66777,0,1,1,353,0.4,4,100,1,2827.28,3445.97,24.62
8.8415,89,4,2000,1287.27,24.47,1.60965,0,1,0,0,0,4,100,1,2774.7,5259,24.48
8.8425,91,3,2000,647.62,24.81,1.62932,0,1,1,32,0.15,4,100,1,2768.88,4673.81,24.94
8.8435,93,2,2000,353.887,24.55,1.78556,0,1,0,0,0,4,100,1,2797.5,4024.64,24.81
8.851,108,5,2000,1717.51,22.97,1.62221,0,1,0,0,0,4,100,1,2994.01,322.526,23.16
8.8515,109,4,2000,1408.39,23.01,1.62256,0,1,0,64,0.05,4,100,1,2777.35,5250.51,23.26
8.852,110,4,2000,1158.02,23.25,1.60997,0,1,0,64,0.05,4,100,1,2766.95,4953.95,23.14
8.8525,111,3,2000,845.959,23.44,1.60965,0,1,1,32,0.15,4,100,1,2771.06,4697.76,23.25
8.8615,129,5,2000,1612.44,32.67,1.62254,0,1,1,257,0.2,4,100,1,2791.22,5537.3,28.06
8.862,130,4,2000,1110.24,32.67,1.60998,0,1,1,257,0.2,4,100,1,2764.2,5117.93,32.24
8.8705,147,2,2000,371.508,33.33,-1.37238,0,1,1,257,0.2,4,100,1,2917.31,873.557,38.53
8.871,148,3,2000,650.765,33.33,-1.49426,0,1,1,32,0.15,4,100,1,2862.17,2067.56,31.69
8.8715,149,4,2000,1297.68,33.2,-1.52769,0,1,0,0,0,4,100,1,2880.29,1730.51,32.55
8.872,150,3,2000,605.772,33.33,-1.49435,0,1,1,96,0.2,4,100,1,2878.24,1776.91,33.15
8.873,152,3,2000,786.238,33.33,-1.52389,0,1,1,353,0.4,4,100,1,2871.01,1940.21,36.84
8.8725,151,3,2000,665.221,33.33,-1.50084,0,1,1,96,0.2,4,100,1,2873.22,1890.56,36.68
8.8735,153,3,2000,839.021,33.33,-1.52768,0,1,1,96,0.2,4,100,1,2868.86,1989.02,35.91
8.874,154,6,2000,2000,31.69,-1.52659,0,1,1,32,0.15,4,100,1,2866.63,2039.26,36.9
8.875,156,5,2000,1742.42,33.15,-1.52672,0,1,0,64,0.05,4,100,1,2864.43,2088.93,37.13
8.8765,159,6,2000,1954.51,33.33,-1.52649,0,1,1,96,0.2,4,100,1,2836.66,2760.9,35.34
8.877,160,6,2000,2000,33.33,-1.52631,0,1,1,96,0.2,4,100,1,2834.6,2806.44,35.69
8.8745,155,5,2000,1696,32.55,-1.52682,0,1,0,64,0.05,4,100,1,2852.22,2372.43,35.01
8.878,162,6,2000,2000,33.33,-1.5266,0,1,1,32,0.15,4,100,1,2829.47,2921.3,38.54
8.8935,193,3,2000,737.962,23.45,-1.5239,0,1,1,32,0.15,4,100,1,2811.14,3267.29,32.87
8.898,202,13,2757.34,4467.06,33.1,-1.53151,0,0,0,0,0,4,100,0,0,0,0
8.8985,203,15,2743.84,4908.04,32.51,-1.56803,0,0,0,0,0,4,100,0,0,0,0
8.899,204,16,2756.47,5290.59,33.07,-1.6289,0,0,0,0,0,4,100,0,0,0,0
8.8995,205,18,2784.84,5717.99,32.92,-1.63217,0,0,0,0,0,4,100,0,0,0,0
8.903,12,5,2000,1770.66,27.35,1.62238,0,1,0,0,0,4,100,1,2827.54,6214.17,27.58
8.9035,13,4,2000,1469.29,27.44,1.62259,0,1,0,0,0,4,100,1,2809.44,5874.04,27.77
8.904,14,3,2000,1084.39,27.49,1.61009,0,1,1,32,0.15,4,100,1,2793.87,5586.16,27.41
8.9045,15,3,2000,754.524,27.44,1.60982,0,1,1,32,0.15,4,100,1,2770.03,5236.31,27.69
8.9055,17,2,2000,428.098,27.74,1.75189,0,1,0,0,0,4,100,1,2778.65,4524.66,27.32
8.928,62,6,2000,1933.28,32.13,1.60317,0,1,1,353,0.4,4,100,1,2901.95,1584.41,35.73
8.9285,63,6,2000,2000,33.33,1.60322,0,1,1,96,0.2,4,100,1,2899.02,1579.03,35.8
8.929,64,6,2000,1990,33.33,1.6032,0,1,1,353,0.4,4,100,1,2928.24,965.879,29.48
8.93,66,5,2000,1729.46,33.33,1.62244,0,1,1,321,0.25,4,100,1,2922,1043.42,40.5
8.9305,67,5,2000,1678.23,33.33,1.62265,0,1,1,321,0.25,4,100,1,2926.12,938.151,37.52
8.9295,65,6,2000,1942.21,33.33,1.60334,0,1,1,353,0.4,4,100,1,2926.85,1001.59,40.13
8.932,70,3,2000,931.891,29.48,1.6098,0,1,1,353,0.4,4,100,1,2937.14,665.907,33.77
8.9325,71,3,2000,967.567,33.33,1.60988,0,1,1,353,0.4,4,100,1,2944.68,622.203,36.95
8.933,72,3,2000,1009.48,33.33,1.61004,0,1,1,353,0.4,4,100,1,3003.35,287.522,22.84
8.9335,73,3,2000,904.2,33.33,1.60997,0,1,1,353,0.4,4,100,1,3014.97,258.088,23.13
8.9345,75,3,2000,680.982,33.33,1.614,0,1,1,353,0.4,4,100,1,2829.97,6197.98,24.72
8.935,76,3,2000,631.956,33.33,1.66777,0,1,1,353,0.4,4,100,1,2827.15,3448.43,24.62
8.9415,89,4,2000,1290.32,24.47,1.60965,0,1,0,0,0,4,100,1,2774.87,5261.45,24.48
8.9425,91,3,2000,650.702,24.81,1.62932,0,1,1,32,0.15,4,100,1,2768.77,4676.3,24.94
8.9435,93,2,2000,356.892,24.55,1.78556,0,1,0,0,0,4,100,1,2797.39,4027.12,24.81
8.951,108,5,2000,1720.42,22.97,1.62221,0,1,0,0,0,4,100,1,2993.42,324.766,23.16
8.9515,109,4,2000,1411.3,23.01,1.62256,0,1,0,64,0.05,4,100,1,2777.5,5252.84,23.26
8.952,110,4,2000,1160.96,23.25,1.60997,0,1,0,64,0.05,4,100,1,2766.98,4956.27,23.14
8.9525,111,3,2000,848.912,23.44,1.60965,0,1,1,32,0.15,4,100,1,2770.96,4700.08,23.25
8.9615,129,5,2000,1616.32,32.67,1.62254,0,1,1,257,0.2,4,100,1,2791.37,5540.1,28.06
8.962,130,4,2000,1114.12,32.67,1.60998,0,1,1,257,0.2,4,100,1,2764.35,5121.15,32.24
8.9705,147,2,2000,368.169,33.33,-1.37238,0,1,1,257,0.2,4,100,1,2917.47,869.707,38.53
8.971,148,3,2000,647.8,33.33,-1.49426,0,1,1,96,0.2,4,100,1,2862.31,2064.39,31.69
8.9715,149,4,2000,1294.98,33.2,-1.52769,0,1,0,0,0,4,100,1,2880.43,1727.26,32.55
8.9725,151,3,2000,662.102,33.33,-1.50084,0,1,1,96,0.2,4,100,1,2873.38,1886.93,36.68
8.973,152,3,2000,782.874,33.33,-1.52389,0,1,1,353,0.4,4,100,1,2871.18,1936.52,36.84
8.972,150,3,2000,602.593,33.33,-1.49435,0,1,1,96,0.2,4,100,1,2878.39,1773.57,33.15
8.9735,153,3,2000,835.793,33.33,-1.52768,0,1,1,96,0.2,4,100,1,2869.02,1985.43,35.91
8.975,156,5,2000,1739.73,33.15,-1.52672,0,1,0,64,0.05,4,100,1,2864.59,2085.25,37.13
8.974,154,6,2000,2000,31.69,-1.52659,0,1,1,32,0.15,4,100,1,2866.8,2035.51,36.9
8.9765,159,6,2000,1951.55,33.33,-1.52649,0,1,1,96,0.2,4,100,1,2836.82,2757.37,35.34
8.977,160,6,2000,2000,33.33,-1.52631,0,1,1,96,0.2,4,100,1,2834.76,2802.86,35.69
8.978,162,6,2000,2000,33.33,-1.5266,0,1,1,32,0.15,4,100,1,2829.64,2917.49,38.54
8.9745,155,5,2000,1693.37,32.55,-1.52682,0,1,0,64,0.05,4,100,1,2852.35,2368.9,35.01
8.9935,193,3,2000,736.252,23.45,-1.5239,0,1,1,32,0.15,4,100,1,2811.27,3264.01,32.87
8.998,202,13,2757.47,4463.75,33.1,-1.53151,0,0,0,0,0,4,100,0,0,0,0
8.9985,203,15,2743.85,4904.79,32.51,-1.56803,0,0,0,0,0,4,100,0,0,0,0
8.999,204,16,2756.28,5287.29,33.07,-1.6289,0,0,0,0,0,4,100,0,0,0,0
8.9995,205,18,2784.63,5714.7,32.92,-1.63217,0,0,0,0,0,4,100,0,0,0,0
9.003,12,5,2000,1774.02,27.48,1.6225,0,1,1,257,0.2,4,100,1,2827.67,6216.92,27.77
9.0035,13,4,2000,1472.65,27.27,1.5074,0,1,1,259,0.3,4,100,1,2809.59,5876.81,27.78
9.0045,15,3,2000,757.906,27.71,1.61015,0,1,1,289,0.35,4,100,1,2770.19,5239.07,27.28
9.0055,17,2,2000,431.464,27.28,1.74482,0,1,1,261,0.3,4,100,1,2778.53,4527.43,27.23
9.0285,63,6,2000,2000,33.33,1.60308,0,1,1,96,0.2,4,100,1,2898.84,1582.55,33.85
9.029,64,6,2000,1994.15,33.33,1.60313,0,1,1,353,0.4,4,100,1,2928.13,968.817,29.38
9.0295,65,6,2000,1946.41,33.33,1.60328,0,1,1,353,0.4,4,100,1,2926.69,1005.56,41.1
9.028,62,6,2000,1937.16,32.83,1.6031,0,1,1,357,0.5,4,100,1,2901.76,1588.04,35.47
9.03,66,5,2000,1733.93,33.33,1.6225,0,1,1,321,0.25,4,100,1,2921.84,1047.53,41.47
9.0305,67,5,2000,1682.65,33.33,1.62226,0,1,1,321,0.25,4,100,1,2925.97,941.931,37.62
9.033,72,3,2000,1014.21,33.33,1.60985,0,1,1,321,0.25,4,100,1,3002.74,289.736,23.28
9.032,70,3,2000,935.487,29.38,1.60995,0,1,1,321,0.25,4,100,1,2936.87,669.348,34.53
9.0335,73,3,2000,908.607,33.33,1.60985,0,1,1,321,0.25,4,100,1,3014.32,260.299,23.16
9.0345,75,3,2000,685.032,33.33,1.61084,0,1,1,321,0.25,4,100,1,2830.09,6200.44,24.76
9.035,76,3,2000,636.003,33.33,1.61411,0,1,1,323,0.35,4,100,1,2827.02,3450.88,24.43
9.0325,71,3,2000,972.263,33.33,1.60997,0,1,1,321,0.25,4,100,1,2944.17,625.862,34.16
7.034,74,3,2000,637.559,33.33,1.6139,0,1,0,0,0,4,100,1,2829.97,6549.45,24.5
9.0355,77,3,2000,592.476,33.33,1.76218,0,1,0,0,0,4,100,1,2841.43,3126.07,24.5
7.042,90,3,2000,896.873,24.84,1.60986,0,1,1,32,0.15,4,100,1,2767.54,4993.09,24.45
9.0435,93,2,2000,359.96,24.75,1.78375,0,1,0,0,0,4,100,1,2797.28,4029.6,24.35
7.0505,107,6,2000,1989.42,22.97,1.60346,0,1,1,32,0.15,4,100,1,2796.94,5583.72,23.19
9.0515,109,4,2000,1414.27,23.38,1.62216,0,1,0,64,0.05,4,100,1,2777.66,5255.18,23.47
9.051,108,5,2000,1723.4,23.58,1.6226,0,1,1,4,0.1,4,100,1,2992.86,327.077,23.59
9.052,110,4,2000,1163.93,23.27,1.6095,0,1,0,64,0.05,4,100,1,2767.01,4958.6,23.03
9.0525,111,3,2000,851.912,23.53,1.60994,0,1,1,32,0.15,4,100,1,2770.86,4702.44,23.34
9.0415,89,4,2000,1293.42,24.63,1.61021,0,1,0,0,0,4,100,1,2775.05,5264.26,24.43
9.062,130,4,2000,1118.08,32.98,1.6099,0,1,1,257,0.2,4,100,1,2764.5,5124.38,32.46
9.0615,129,5,2000,1620.22,32.17,1.62242,0,1,1,261,0.3,4,100,1,2791.52,5542.89,26.98
9.0705,147,2,2000,364.959,33.33,-1.35268,0,1,0,0,0,4,100,1,2917.65,865.754,40.21
9.071,148,3,2000,644.828,33.33,-1.49444,0,1,1,96,0.2,4,100,1,2862.45,2061.23,31.71
9.072,150,3,2000,599.37,33.33,-1.4813,0,1,1,96,0.2,4,100,1,2878.53,1770.33,32.99
9.0725,151,3,2000,658.915,33.33,-1.49414,0,1,1,96,0.2,4,100,1,2873.54,1883.24,37.41
9.073,152,3,2000,779.624,33.33,-1.5237,0,1,1,96,0.2,4,100,1,2871.34,1932.83,37.02
9.0735,153,3,2000,832.512,33.33,-1.52376,0,1,1,96,0.2,4,100,1,2869.18,1981.79,36.56
9.074,154,6,2000,2000,31.71,-1.52632,0,1,1,32,0.15,4,100,1,2866.96,2031.91,36.64
9.0745,155,5,2000,1690.7,33.33,-1.52708,0,1,1,68,0.15,4,100,1,2852.47,2365.6,34.24
9.075,156,5,2000,1737.12,32.99,-1.52682,0,1,0,64,0.05,4,100,1,2864.76,2081.51,36.89
9.077,160,6,2000,1998.73,33.33,-1.52656,0,1,1,96,0.2,4,100,1,2834.92,2799.36,35.07
9.078,162,6,2000,2000,33.33,-1.52631,0,1,1,32,0.15,4,100,1,2829.8,2913.87,35.69
9.0765,159,6,2000,1948.6,33.33,-1.52674,0,1,1,96,0.2,4,100,1,2836.99,2753.73,35.92
9.0935,193,3,2000,734.586,23.57,-1.5237,0,1,1,32,0.15,4,100,1,2811.41,3260.8,32.11
9.098,202,13,2757.59,4460.53,32.24,-1.53139,-8.6,0,1,4,0.1,4,100,0,0,0,0
9.099,204,16,2756.09,5283.99,32.99,-1.62934,-0.8,0,0,0,0,4,100,0,0,0,0
9.0995,205,18,2784.43,5711.43,32.84,-1.63234,-0.8,0,0,0,0,4,100,0,0,0,0
9.0985,203,15,2743.89,4901.56,32.33,-1.5575,-1.8,0,0,0,0,4,100,0,0,0,0
9.103,12,5,2000,1777.46,27.48,1.6225,0,1,1,257,0.2,4,100,1,2827.81,6219.7,27.77
9.1035,13,4,2000,1476.06,27.27,1.5074,0,1,1,257,0.2,4,100,1,2809.74,5879.58,27.78
9.1045,15,3,2000,761.368,27.71,1.61015,0,1,1,289,0.35,4,100,1,2770.37,5241.79,27.28
9.1055,17,2,2000,434.845,27.28,1.74482,0,1,1,257,0.2,4,100,1,2778.41,4530.11,27.23
9.128,62,6,2000,1941.14,32.83,1.6031,0,1,1,321,0.25,4,100,1,2901.58,1591.51,35.47
9.1285,63,6,2000,2000,33.33,1.60308,0,1,0,64,0.05,4,100,1,2898.66,1585.93,33.85
9.129,64,6,2000,1998.38,33.33,1.60313,0,1,1,321,0.25,4,100,1,2928.01,971.764,29.38
9.13,66,5,2000,1738.44,33.33,1.6225,0,1,1,321,0.25,4,100,1,2921.68,1051.64,41.47
9.1305,67,5,2000,1687.19,33.33,1.62226,0,1,1,321,0.25,4,100,1,2925.82,945.662,37.62
9.1295,65,6,2000,1950.56,33.33,1.60328,0,1,1,321,0.25,4,100,1,2926.53,1009.71,41.1
9.132,70,3,2000,939.131,29.38,1.60995,0,1,1,353,0.4,4,100,1,2936.72,672.75,34.53
9.1325,71,3,2000,977.077,33.33,1.60997,0,1,1,353,0.4,4,100,1,2943.53,629.128,34.16
9.133,72,3,2000,1019.06,33.33,1.60985,0,1,1,353,0.4,4,100,1,3002.13,291.991,23.28
9.1335,73,3,2000,913.075,33.33,1.60985,0,1,1,353,0.4,4,100,1,3013.69,262.531,23.16
9.134,74,3,2000,709.53,32.9,1.61001,0,1,1,289,0.35,4,100,1,2829.77,6551.84,24.5
9.135,76,3,2000,640.162,33.33,1.61411,0,1,1,353,0.4,4,100,1,2826.89,3453.32,24.43
9.1355,77,3,2000,596.539,33.33,1.76218,0,1,1,289,0.35,4,100,1,2841.33,3128.38,24.5
9.142,90,3,2000,951.57,24.4,1.60974,0,1,1,32,0.15,4,100,1,2767.57,4995.52,24.45
9.1425,91,3,2000,656.987,24.62,1.61349,0,1,1,32,0.15,4,100,1,2768.56,4681.21,24.41
9.1415,89,4,2000,1296.6,24.63,1.61021,0,1,0,0,0,4,100,1,2775.19,5266.37,24.43
9.1435,93,2,2000,363.092,24.75,1.78375,0,1,0,0,0,4,100,1,2797.17,4032.04,24.35
9.1505,107,6,2000,2000,23.48,1.60318,0,1,1,152,0.4,4,100,1,2797.07,5586.02,23.19
9.151,108,5,2000,1726.47,23.58,1.6226,0,1,0,0,0,4,100,1,2992.36,329.343,23.59
9.1515,109,4,2000,1417.33,23.38,1.62216,0,1,0,64,0.05,4,100,1,2777.81,5257.51,23.47
9.152,110,4,2000,1166.98,23.27,1.6095,0,1,0,64,0.05,4,100,1,2767.04,4960.88,23.03
9.1525,111,3,2000,854.981,23.53,1.60994,0,1,1,32,0.15,4,100,1,2770.77,4704.74,23.34
9.1615,129,5,2000,1624.16,32.17,1.62242,0,1,1,257,0.2,4,100,1,2791.67,5545.53,26.98
9.162,130,4,2000,1122.1,32.98,1.6099,0,1,1,257,0.2,4,100,1,2764.66,5127.62,32.46
9.1705,147,2,2000,361.822,33.33,-1.35268,0,1,0,0,0,4,100,1,2917.84,861.737,40.21
9.171,148,3,2000,641.883,33.33,-1.49444,0,1,1,96,0.2,4,100,1,2862.59,2058.06,31.71
9.1715,149,4,2000,1289.72,33.33,-1.5278,0,1,0,0,0,4,100,1,2880.73,1720.51,34.1
9.172,150,3,2000,596.149,33.33,-1.4813,0,1,1,96,0.2,4,100,1,2878.68,1767.03,32.99
9.1725,151,3,2000,655.711,33.33,-1.49414,0,1,1,96,0.2,4,100,1,2873.71,1879.48,37.41
9.1735,153,3,2000,829.225,33.33,-1.52376,0,1,1,96,0.2,4,100,1,2869.34,1978.16,36.56
9.173,152,3,2000,776.426,33.33,-1.5237,0,1,1,96,0.2,4,100,1,2871.51,1929.12,37.02
9.174,154,6,2000,2000,31.71,-1.52632,0,1,0,0,0,4,100,1,2867.12,2028.28,36.64
9.1745,155,5,2000,1688.03,33.33,-1.52708,0,1,0,64,0.05,4,100,1,2852.6,2362.2,34.24
9.175,156,5,2000,1734.56,32.99,-1.52682,0,1,0,64,0.05,4,100,1,2864.92,2077.86,36.89
9.177,160,6,2000,1995.8,33.33,-1.52656,0,1,0,64,0.05,4,100,1,2835.08,2795.85,35.07
9.178,162,6,2000,2000,33.33,-1.52631,0,1,0,0,0,4,100,1,2829.95,2910.31,35.69
9.1765,159,6,2000,1945.68,33.33,-1.52674,0,1,1,96,0.2,4,100,1,2837.15,2750.15,35.92
9.1785,163,6,2000,2000,33.33,-1.52661,0,1,1,32,0.15,4,100,1,2827.61,2963.12,38.3
9.1935,193,3,2000,732.971,23.57,-1.5237,0,1,1,32,0.15,4,100,1,2811.54,3257.59,32.11
9.198,202,13,2757.72,4457.31,32.24,-1.53139,0,0,0,0,0,4,100,0,0,0,0
9.1985,203,15,2743.94,4898.33,32.33,-1.5575,0,0,0,0,0,4,100,0,0,0,0
9.199,204,16,2755.9,5280.7,32.99,-1.62934,0,0,0,0,0,4,100,0,0,0,0
9.1995,205,18,2784.23,5708.15,32.84,-1.63234,0,0,0,0,0,4,100,0,0,0,0
9.203,12,5,2000,1780.95,27.48,1.6225,0,1,1,257,0.2,4,100,1,2827.94,6222.47,27.77
9.2035,13,4,2000,1479.53,27.27,1.5074,0,1,1,257,0.2,4,100,1,2809.89,5882.36,27.78
9.2045,15,3,2000,764.882,27.71,1.61015,0,1,1,289,0.35,4,100,1,2770.54,5244.51,27.28
9.2055,17,2,2000,438.277,27.28,1.74482,0,1,1,257,0.2,4,100,1,2778.29,4532.83,27.23
9.204,14,4,2000,1094.65,27.22,1.60976,0,1,1,257,0.2,4,100,1,2794.32,5594.56,27.33
9.228,62,6,2000,1945.18,32.83,1.6031,0,1,1,353,0.4,4,100,1,2901.4,1595.05,35.47
9.2285,63,6,2000,2000,33.33,1.60308,0,1,1,96,0.2,4,100,1,2898.49,1589.32,33.85
9.229,64,6,2000,2000,33.33,1.60313,0,1,1,96,0.2,4,100,1,2927.9,974.697,29.38
9.23,66,5,2000,1743.01,33.33,1.6225,0,1,1,321,0.25,4,100,1,2921.51,1055.78,41.47
9.2305,67,5,2000,1691.77,33.33,1.62226,0,1,1,321,0.25,4,100,1,2925.68,949.421,37.62
9.2295,65,6,2000,1954.77,33.33,1.60328,0,1,1,353,0.4,4,100,1,2926.37,1013.84,41.1
9.232,70,3,2000,942.826,29.38,1.60995,0,1,1,353,0.4,4,100,1,2936.57,676.203,34.53
9.2325,71,3,2000,981.944,33.33,1.60997,0,1,1,353,0.4,4,100,1,2942.88,632.486,34.16
9.2335,73,3,2000,917.594,33.33,1.60985,0,1,1,353,0.4,4,100,1,3013.05,264.752,23.16
9.234,74,3,2000,713.578,32.9,1.61001,0,1,1,289,0.35,4,100,1,2829.57,6554.28,24.5
9.2345,75,3,2000,693.339,33.33,1.61084,0,1,1,353,0.4,4,100,1,2830.33,6205.39,24.76
9.235,76,3,2000,644.373,33.33,1.61411,0,1,1,353,0.4,4,100,1,2826.76,3455.77,24.43
9.2355,77,3,2000,600.655,33.33,1.76218,0,1,1,353,0.4,4,100,1,2841.23,3130.84,24.5
9.233,72,3,2000,1023.97,33.33,1.60985,0,1,1,353,0.4,4,100,1,3001.51,294.302,23.28
9.2415,89,4,2000,1299.82,24.63,1.61021,0,1,0,0,0,4,100,1,2775.34,5268.76,24.43
9.242,90,3,2000,954.773,24.4,1.60974,0,1,1,32,0.15,4,100,1,2767.61,4997.96,24.45
9.2425,91,3,2000,660.212,24.62,1.61349,0,1,1,32,0.15,4,100,1,2768.46,4683.65,24.41
9.2435,93,2,2000,366.277,24.75,1.78375,0,1,0,0,0,4,100,1,2797.07,4034.44,24.35
9.2505,107,6,2000,2000,23.48,1.60318,0,1,1,48,0.3,4,100,1,2797.19,5588.34,23.19
9.251,108,5,2000,1729.59,23.58,1.6226,0,1,0,0,0,4,100,1,2991.85,331.647,23.59
9.2515,109,4,2000,1420.43,23.38,1.62216,0,1,0,64,0.05,4,100,1,2777.97,5259.86,23.47
9.252,110,4,2000,1170.07,23.27,1.6095,0,1,0,64,0.05,4,100,1,2767.08,4963.18,23.03
9.2525,111,3,2000,858.103,23.53,1.60994,0,1,1,32,0.15,4,100,1,2770.68,4707.07,23.34
9.2615,129,5,2000,1628.15,32.17,1.62242,0,1,1,257,0.2,4,100,1,2791.81,5548.23,26.98
9.262,130,4,2000,1126.17,32.98,1.6099,0,1,1,257,0.2,4,100,1,2764.81,5130.86,32.46
9.2705,147,2,2000,358.738,33.33,-1.35268,0,1,0,0,0,4,100,1,2918.03,857.721,40.21
9.271,148,3,2000,638.99,33.33,-1.49444,0,1,1,32,0.15,4,100,1,2862.73,2054.89,31.71
9.2715,149,4,2000,1287.15,33.33,-1.5278,0,1,0,0,0,4,100,1,2880.88,1717.1,34.1
9.2725,151,3,2000,652.558,33.33,-1.49414,0,1,1,96,0.2,4,100,1,2873.87,1875.76,37.41
9.273,152,3,2000,773.281,33.33,-1.5237,0,1,1,96,0.2,4,100,1,2871.67,1925.45,37.02
9.272,150,3,2000,592.981,33.33,-1.4813,0,1,1,96,0.2,4,100,1,2878.83,1763.7,32.99
9.2735,153,3,2000,825.989,33.33,-1.52376,0,1,1,96,0.2,4,100,1,2869.5,1974.51,36.56
9.274,154,6,2000,2000,31.71,-1.52632,0,1,1,32,0.15,4,100,1,2867.28,2024.61,36.64
9.275,156,5,2000,1732.04,32.99,-1.52682,0,1,0,64,0.05,4,100,1,2865.08,2074.2,36.89
9.2745,155,5,2000,1685.4,33.33,-1.52708,0,1,0,64,0.05,4,100,1,2852.72,2358.74,34.24
9.2765,159,6,2000,1942.81,33.33,-1.52674,0,1,1,96,0.2,4,100,1,2837.31,2746.63,35.92
9.277,160,6,2000,1992.92,33.33,-1.52656,0,1,1,96,0.2,4,100,1,2835.24,2792.35,35.07
9.278,162,6,2000,2000,33.33,-1.52631,0,1,1,32,0.15,4,100,1,2830.11,2906.74,35.69
9.2785,163,6,2000,2000,33.33,-1.52661,0,1,1,32,0.15,4,100,1,2827.77,2959.65,38.3
9.2935,193,3,2000,731.408,23.57,-1.5237,0,1,1,32,0.15,4,100,1,2811.68,3254.38,32.11
9.298,202,13,2757.85,4454.09,32.24,-1.53139,0,0,0,0,0,4,100,0,0,0,0
9.2985,203,15,2743.98,4895.09,32.33,-1.5575,0,0,0,0,0,4,100,0,0,0,0
9.299,204,16,2755.7,5277.41,32.99,-1.62934,0,0,0,0,0,4,100,0,0,0,0
9.2995,205,18,2784.03,5704.87,32.84,-1.63234,0,0,0,0,0,4,100,0,0,0,0
9.303,12,5,2000,1784.49,27.48,1.6225,0,1,1,257,0.2,4,100,1,2828.08,6225.24,27.77
9.3035,13,4,2000,1483.05,27.27,1.5074,0,1,1,257,0.2,4,100,1,2810.05,5885.13,27.78
9.304,14,4,2000,1098.17,27.22,1.60976,0,1,1,257,0.2,4,100,1,2794.46,5597.09,27.33
9.3045,15,3,2000,768.448,27.71,1.61015,0,1,1,289,0.35,4,100,1,2770.72,5247.24,27.28
9.3055,17,2,2000,441.762,27.28,1.74482,0,1,1,257,0.2,4,100,1,2778.17,4535.55,27.23
9.328,62,6,2000,1949.27,32.83,1.6031,0,1,1,353,0.4,4,100,1,2901.21,1598.6,35.47
9.3285,63,6,2000,2000,33.33,1.60308,0,1,1,96,0.2,4,100,1,2898.31,1592.7,33.85
9.329,64,6,2000,2000,33.33,1.60313,0,1,1,96,0.2,4,100,1,2927.78,977.63,29.38
9.3295,65,6,2000,1959.02,33.33,1.60328,0,1,1,353,0.4,4,100,1,2926.21,1017.89,41.1
9.33,66,5,2000,1747.62,33.33,1.6225,0,1,1,321,0.25,4,100,1,2921.35,1059.93,41.47
9.3305,67,5,2000,1696.4,33.33,1.62226,0,1,1,321,0.25,4,100,1,2925.53,953.182,37.62
9.332,70,3,2000,946.573,29.38,1.60995,0,1,1,353,0.4,4,100,1,2936.42,679.647,34.53
9.3325,71,3,2000,986.862,33.33,1.60997,0,1,1,353,0.4,4,100,1,2942.23,635.836,34.16
9.333,72,3,2000,1028.92,33.33,1.60985,0,1,1,353,0.4,4,100,1,3000.91,296.486,23.28
9.334,74,3,2000,717.677,32.9,1.61001,0,1,1,289,0.35,4,100,1,2829.37,6556.72,24.5
9.3345,75,3,2000,697.569,33.33,1.61084,0,1,1,353,0.4,4,100,1,2830.45,6207.86,24.76
9.3355,77,3,2000,604.821,33.33,1.76218,0,1,1,353,0.4,4,100,1,2841.12,3133.27,24.5
9.3335,73,3,2000,922.165,33.33,1.60985,0,1,1,353,0.4,4,100,1,3012.4,267.04,23.16
9.335,76,3,2000,648.636,33.33,1.61411,0,1,1,353,0.4,4,100,1,2826.62,3458.26,24.43
9.3415,89,4,2000,1303.1,24.63,1.61021,0,1,0,0,0,4,100,1,2775.5,5271.2,24.43
9.342,90,3,2000,958.027,24.4,1.60974,0,1,1,32,0.15,4,100,1,2767.65,5000.41,24.45
9.3425,91,3,2000,663.488,24.62,1.61349,0,1,1,32,0.15,4,100,1,2768.35,4686.09,24.41
9.3435,93,2,2000,369.513,24.75,1.78375,0,1,0,0,0,4,100,1,2796.96,4036.88,24.35
9.3505,107,6,2000,2000,23.48,1.60318,0,1,1,48,0.3,4,100,1,2797.32,5590.65,23.19
9.351,108,5,2000,1732.77,23.58,1.6226,0,1,0,64,0.05,4,100,1,2991.35,333.951,23.59
9.3515,109,4,2000,1423.59,23.38,1.62216,0,1,0,64,0.05,4,100,1,2778.12,5262.2,23.47
9.352,110,4,2000,1173.22,23.27,1.6095,0,1,0,64,0.05,4,100,1,2767.11,4965.48,23.03
9.3525,111,3,2000,861.275,23.53,1.60994,0,1,1,32,0.15,4,100,1,2770.59,4709.4,23.34
9.3615,129,5,2000,1632.18,32.17,1.62242,0,1,1,257,0.2,4,100,1,2791.96,5550.92,26.98
9.362,130,4,2000,1130.29,32.98,1.6099,0,1,1,257,0.2,4,100,1,2764.96,5134.1,32.46
9.3705,147,2,2000,355.704,33.33,-1.35268,0,1,0,0,0,4,100,1,2918.22,853.705,40.21
9.371,148,3,2000,636.147,33.33,-1.49444,0,1,1,32,0.15,4,100,1,2862.87,2051.72,31.71
9.3715,149,4,2000,1284.63,33.33,-1.5278,0,1,0,0,0,4,100,1,2881.02,1713.69,34.1
9.372,150,3,2000,589.863,33.33,-1.4813,0,1,1,96,0.2,4,100,1,2878.97,1760.43,32.99
9.373,152,3,2000,770.186,33.33,-1.5237,0,1,1,96,0.2,4,100,1,2871.83,1921.75,37.02
9.3735,153,3,2000,822.804,33.33,-1.52376,0,1,1,96,0.2,4,100,1,2869.66,1970.85,36.56
9.3745,155,5,2000,1682.83,33.33,-1.52708,0,1,0,64,0.05,4,100,1,2852.85,2355.36,34.24
9.375,156,5,2000,1729.58,32.99,-1.52682,0,1,0,64,0.05,4,100,1,2865.25,2070.51,36.89
9.374,154,6,2000,2000,31.71,-1.52632,0,1,1,32,0.15,4,100,1,2867.45,2020.9,36.64
9.3725,151,3,2000,649.456,33.33,-1.49414,0,1,1,96,0.2,4,100,1,2874.04,1871.89,37.41
9.3765,159,6,2000,1939.99,33.33,-1.52674,0,1,1,96,0.2,4,100,1,2837.47,2743.05,35.92
9.377,160,6,2000,1990.1,33.33,-1.52656,0,1,1,96,0.2,4,100,1,2835.4,2788.84,35.07
9.378,162,6,2000,2000,33.33,-1.52631,0,1,1,32,0.15,4,100,1,2830.26,2903.18,35.69
9.3785,163,6,2000,2000,33.33,-1.52661,0,1,1,96,0.2,4,100,1,2827.94,2955.82,38.3
9.3755,157,5,2000,1841.15,33.33,-1.52666,0,1,1,257,0.2,4,100,1,2863,2121.19,37.37
9.3935,193,3,2000,729.896,23.57,-1.5237,0,1,1,32,0.15,4,100,1,2811.81,3251.17,32.11
9.398,202,13,2757.98,4450.87,32.24,-1.53139,0,0,0,0,0,4,100,0,0,0,0
9.3985,203,15,2744.02,4891.86,32.33,-1.5575,0,0,0,0,0,4,100,0,0,0,0
9.399,204,16,2755.51,5274.11,32.99,-1.62934,0,0,0,0,0,4,100,0,0,0,0
9.3995,205,18,2783.83,5701.59,32.84,-1.63234,0,0,0,0,0,4,100,0,0,0,0
9.403,12,5,2000,1788.08,27.48,1.6225,0,1,1,257,0.2,4,100,1,2828.21,6228.02,27.77
9.4035,13,4,2000,1486.62,27.27,1.5074,0,1,1,257,0.2,4,100,1,2810.2,5887.91,27.78
9.404,14,4,2000,1101.74,27.22,1.60976,0,1,1,257,0.2,4,100,1,2794.61,5599.81,27.33
9.4045,15,3,2000,772.064,27.71,1.61015,0,1,1,289,0.35,4,100,1,2770.9,5249.97,27.28
9.4055,17,2,2000,445.296,27.28,1.74482,0,1,1,257,0.2,4,100,1,2778.05,4538.27,27.23
9.428,62,6,2000,1953.41,32.83,1.6031,0,1,1,353,0.4,4,100,1,2901.03,1602.14,35.47
9.4285,63,6,2000,2000,33.33,1.60308,0,1,1,96,0.2,4,100,1,2898.14,1596.08,33.85
9.429,64,6,2000,2000,33.33,1.60313,0,1,1,96,0.2,4,100,1,2927.67,980.563,29.38
9.4295,65,6,2000,1963.33,33.33,1.60328,0,1,1,353,0.4,4,100,1,2926.05,1021.99,41.1
9.43,66,5,2000,1752.29,33.33,1.6225,0,1,1,321,0.25,4,100,1,2921.19,1064.09,41.47
9.4305,67,5,2000,1701.09,33.33,1.62226,0,1,1,321,0.25,4,100,1,2925.38,956.955,37.62
9.432,70,3,2000,950.369,29.38,1.60995,0,1,1,353,0.4,4,100,1,2936.27,683.103,34.53
9.4325,71,3,2000,991.83,33.33,1.60997,0,1,1,353,0.4,4,100,1,2941.58,639.198,34.16
9.4335,73,3,2000,926.786,33.33,1.60985,0,1,1,353,0.4,4,100,1,3011.79,269.204,23.16
9.434,74,3,2000,721.826,32.9,1.61001,0,1,1,353,0.4,4,100,1,2829.17,6559.16,24.5
9.433,72,3,2000,1033.93,33.33,1.60985,0,1,1,353,0.4,4,100,1,3000.3,298.756,23.28
9.435,76,3,2000,652.948,33.33,1.61411,0,1,1,353,0.4,4,100,1,2826.5,3460.64,24.43
9.4345,75,3,2000,701.849,33.33,1.61084,0,1,1,353,0.4,4,100,1,2830.57,6210.35,24.76
9.4355,77,3,2000,609.037,33.33,1.76218,0,1,1,353,0.4,4,100,1,2841.02,3135.72,24.5
9.4415,89,4,2000,1306.43,24.63,1.61021,0,1,0,0,0,4,100,1,2775.66,5273.64,24.43
9.442,90,3,2000,961.331,24.4,1.60974,0,1,1,32,0.15,4,100,1,2767.68,5002.85,24.45
9.4425,91,3,2000,666.813,24.62,1.61349,0,1,1,32,0.15,4,100,1,2768.25,4688.53,24.41
9.4435,93,2,2000,372.798,24.75,1.78375,0,1,0,0,0,4,100,1,2796.85,4039.31,24.35
9.4505,107,6,2000,2000,23.48,1.60318,0,1,1,112,0.35,4,100,1,2797.45,5592.97,23.19
9.451,108,5,2000,1736,23.58,1.6226,0,1,0,64,0.05,4,100,1,2990.84,336.255,23.59
9.4515,109,4,2000,1426.79,23.38,1.62216,0,1,0,64,0.05,4,100,1,2778.27,5264.54,23.47
9.452,110,4,2000,1176.41,23.27,1.6095,0,1,0,64,0.05,4,100,1,2767.15,4967.79,23.03
9.4525,111,3,2000,864.497,23.53,1.60994,0,1,1,32,0.15,4,100,1,2770.49,4711.74,23.34
9.4615,129,5,2000,1636.27,32.17,1.62242,0,1,1,257,0.2,4,100,1,2792.1,5553.61,26.98
9.462,130,4,2000,1134.46,32.98,1.6099,0,1,1,257,0.2,4,100,1,2765.11,5137.35,32.46
9.471,148,3,2000,633.353,33.33,-1.49444,0,1,1,96,0.2,4,100,1,2863.01,2048.56,31.71
9.4715,149,4,2000,1282.16,33.33,-1.5278,0,1,0,0,0,4,100,1,2881.17,1710.29,34.1
9.472,150,3,2000,586.794,33.33,-1.4813,0,1,1,96,0.2,4,100,1,2879.12,1757.14,32.99
9.4725,151,3,2000,646.403,33.33,-1.49414,0,1,1,96,0.2,4,100,1,2874.2,1868.27,37.41
9.4735,153,3,2000,819.669,33.33,-1.52376,0,1,1,96,0.2,4,100,1,2869.82,1967.2,36.56
9.473,152,3,2000,767.14,33.33,-1.5237,0,1,1,96,0.2,4,100,1,2872,1918.02,37.02
9.4745,155,5,2000,1680.3,33.33,-1.52708,0,1,0,64,0.05,4,100,1,2852.97,2351.94,34.24
9.475,156,5,2000,1727.17,32.99,-1.52682,0,1,0,64,0.05,4,100,1,2865.41,2066.83,36.89
9.4765,159,6,2000,1937.22,33.33,-1.52674,0,1,1,96,0.2,4,100,1,2837.64,2739.46,35.92
9.477,160,6,2000,1987.32,33.33,-1.52656,0,1,1,96,0.2,4,100,1,2835.56,2785.35,35.07
9.4755,157,5,2000,1838.29,33.33,-1.52666,0,1,0,0,0,4,100,1,2863.16,2117.69,37.37
9.4785,163,6,2000,2000,33.33,-1.52661,0,1,1,96,0.2,4,100,1,2828.11,2952.01,38.3
9.478,162,6,2000,2000,33.33,-1.52631,0,1,1,96,0.2,4,100,1,2830.42,2899.56,35.69
9.474,154,6,2000,2000,31.71,-1.52632,0,1,1,32,0.15,4,100,1,2867.62,2017.05,36.64
9.4935,193,3,2000,728.432,23.57,-1.5237,0,1,1,32,0.15,4,100,1,2811.95,3247.96,32.11
9.498,202,13,2758.1,4447.64,32.24,-1.53139,0,0,0,0,0,4,100,0,0,0,0
9.4985,203,15,2744.06,4888.63,32.33,-1.5575,0,0,0,0,0,4,100,0,0,0,0
9.499,204,16,2755.32,5270.82,32.99,-1.62934,0,0,0,0,0,4,100,0,0,0,0
9.4995,205,18,2783.62,5698.31,32.84,-1.63234,0,0,0,0,0,4,100,0,0,0,0
9.503,12,5,2000,1791.72,27.48,1.6225,0,1,1,257,0.2,4,100,1,2828.35,6230.79,27.77
9.5035,13,4,2000,1490.23,27.27,1.5074,0,1,1,257,0.2,4,100,1,2810.35,5890.68,27.78
9.504,14,4,2000,1105.35,27.22,1.60976,0,1,1,257,0.2,4,100,1,2794.76,5602.54,27.33
9.5045,15,3,2000,775.729,27.71,1.61015,0,1,1,289,0.35,4,100,1,2771.08,5252.68,27.28
9.5055,17,2,2000,448.879,27.28,1.74482,0,1,1,257,0.2,4,100,1,2777.93,4540.99,27.23
9.528,62,6,2000,1957.6,32.83,1.6031,0,1,1,353,0.4,4,100,1,2900.85,1605.68,35.47
9.5285,63,6,2000,2000,33.33,1.60308,0,1,1,96,0.2,4,100,1,2897.96,1599.46,33.85
9.529,64,6,2000,2000,33.33,1.60313,0,1,1,96,0.2,4,100,1,2927.55,983.501,29.38
9.5295,65,6,2000,1967.68,33.33,1.60328,0,1,1,353,0.4,4,100,1,2925.89,1026.09,41.1
9.53,66,5,2000,1757,33.33,1.6225,0,1,1,321,0.25,4,100,1,2921.03,1068.24,41.47
9.5305,67,5,2000,1705.82,33.33,1.62226,0,1,1,321,0.25,4,100,1,2925.23,960.734,37.62
9.532,70,3,2000,954.214,29.38,1.60995,0,1,1,353,0.4,4,100,1,2936.13,686.546,34.53
9.5325,71,3,2000,996.846,33.33,1.60997,0,1,1,353,0.4,4,100,1,2940.93,642.552,34.16
9.5335,73,3,2000,931.455,33.33,1.60985,0,1,1,353,0.4,4,100,1,3011.16,271.432,23.16
9.533,72,3,2000,1038.98,33.33,1.60985,0,1,1,353,0.4,4,100,1,2999.7,300.991,23.28
9.534,74,3,2000,726.024,32.9,1.61001,0,1,1,353,0.4,4,100,1,2828.97,6561.62,24.5
9.535,76,3,2000,657.308,33.33,1.61411,0,1,1,353,0.4,4,100,1,2826.37,3463.08,24.43
9.5345,75,3,2000,706.178,33.33,1.61084,0,1,1,353,0.4,4,100,1,2830.69,6212.83,24.76
9.5355,77,3,2000,613.302,33.33,1.76218,0,1,1,353,0.4,4,100,1,2840.92,3138.18,24.5
9.5415,89,4,2000,1309.8,24.63,1.61021,0,1,1,257,0.2,4,100,1,2775.82,5276.08,24.43
9.542,90,3,2000,964.683,24.4,1.60974,0,1,1,289,0.35,4,100,1,2767.72,5005.3,24.45
9.5425,91,3,2000,670.187,24.62,1.61349,0,1,1,289,0.35,4,100,1,2768.15,4690.97,24.41
9.5435,93,2,2000,376.132,24.75,1.78375,0,1,1,257,0.2,4,100,1,2796.74,4041.74,24.35
9.5505,107,6,2000,2000,23.48,1.60318,0,1,1,96,0.2,4,100,1,2797.57,5595.28,23.19
9.551,108,5,2000,1739.27,23.58,1.6226,0,1,0,64,0.05,4,100,1,2990.33,338.559,23.59
9.5515,109,4,2000,1430.04,23.38,1.62216,0,1,0,64,0.05,4,100,1,2778.43,5266.88,23.47
9.5525,111,3,2000,867.767,23.53,1.60994,0,1,1,32,0.15,4,100,1,2770.4,4714.07,23.34
9.552,110,4,2000,1179.66,23.27,1.6095,0,1,0,64,0.05,4,100,1,2767.18,4970.13,23.03
9.5615,129,5,2000,1640.41,32.17,1.62242,0,1,1,257,0.2,4,100,1,2792.25,5556.31,26.98
9.562,130,4,2000,1138.68,32.98,1.6099,0,1,1,257,0.2,4,100,1,2765.26,5140.59,32.46
9.571,148,3,2000,630.608,33.33,-1.49444,0,1,1,96,0.2,4,100,1,2863.16,2045.39,31.71
9.5715,149,4,2000,1279.74,33.33,-1.5278,0,1,0,0,0,4,100,1,2881.32,1706.89,34.1
9.572,150,3,2000,583.773,33.33,-1.4813,0,1,1,96,0.2,4,100,1,2879.26,1753.85,32.99
9.5725,151,3,2000,643.398,33.33,-1.49414,0,1,1,96,0.2,4,100,1,2874.37,1864.53,37.41
9.5735,153,3,2000,816.581,33.33,-1.52376,0,1,1,96,0.2,4,100,1,2869.98,1963.55,36.56
9.573,152,3,2000,764.142,33.33,-1.5237,0,1,1,96,0.2,4,100,1,2872.16,1914.33,37.02
9.574,154,6,2000,2000,31.71,-1.52632,0,1,1,32,0.15,4,100,1,2867.77,2013.62,36.64
9.575,156,5,2000,1724.8,32.99,-1.52682,0,1,0,64,0.05,4,100,1,2865.57,2063.14,36.89
9.5745,155,5,2000,1677.82,33.33,-1.52708,0,1,0,64,0.05,4,100,1,2853.1,2348.47,34.24
9.5755,157,5,2000,1835.49,33.33,-1.52666,0,1,0,64,0.05,4,100,1,2863.32,2114.02,37.37
9.577,160,6,2000,1984.59,33.33,-1.52656,0,1,1,96,0.2,4,100,1,2835.72,2781.83,35.07
9.578,162,6,2000,2000,33.33,-1.52631,0,1,1,96,0.2,4,100,1,2830.57,2896.03,35.69
9.5785,163,6,2000,2000,33.33,-1.52661,0,1,1,96,0.2,4,100,1,2828.29,2948.17,38.3
9.5765,159,6,2000,1934.5,33.33,-1.52674,0,1,1,96,0.2,4,100,1,2837.81,2735.75,35.92
9.5935,193,3,2000,727.016,23.57,-1.5237,0,1,1,32,0.15,4,100,1,2812.08,3244.75,32.11
9.598,202,13,2758.23,4444.42,32.24,-1.53139,0,0,0,0,0,4,100,0,0,0,0
9.5985,203,15,2744.11,4885.39,32.33,-1.5575,0,0,0,0,0,4,100,0,0,0,0
9.599,204,16,2755.12,5267.53,32.99,-1.62934,0,0,0,0,0,4,100,0,0,0,0
9.5995,205,18,2783.42,5695.04,32.84,-1.63234,0,0,0,0,0,4,100,0,0,0,0
9.603,12,5,2000,1795.41,27.48,1.6225,0,1,1,257,0.2,4,100,1,2828.48,6233.57,27.77
9.6035,13,4,2000,1493.9,27.27,1.5074,0,1,1,257,0.2,4,100,1,2810.5,5893.45,27.78
9.604,14,4,2000,1109.02,27.22,1.60976,0,1,1,257,0.2,4,100,1,2794.9,5605.27,27.33
9.6045,15,3,2000,779.441,27.71,1.61015,0,1,1,289,0.35,4,100,1,2771.26,5255.4,27.28
9.6055,17,2,2000,452.51,27.28,1.74482,0,1,1,257,0.2,4,100,1,2777.81,4543.71,27.23
9.628,62,6,2000,1961.84,32.83,1.6031,0,1,1,353,0.4,4,100,1,2900.66,1609.22,35.47
9.6285,63,6,2000,2000,33.33,1.60308,0,1,1,96,0.2,4,100,1,2897.79,1602.84,33.85
9.629,64,6,2000,2000,33.33,1.60313,0,1,1,96,0.2,4,100,1,2927.44,986.439,29.38
9.6295,65,6,2000,1972.08,33.33,1.60328,0,1,1,353,0.4,4,100,1,2925.73,1030.2,41.1
9.6305,67,5,2000,1710.6,33.33,1.62226,0,1,1,321,0.25,4,100,1,2925.09,964.457,37.62
9.63,66,5,2000,1761.77,33.33,1.6225,0,1,1,321,0.25,4,100,1,2920.86,1072.41,41.47
9.632,70,3,2000,958.106,29.38,1.60995,0,1,1,353,0.4,4,100,1,2935.98,690.004,34.53
9.6325,71,3,2000,1001.91,33.33,1.60997,0,1,1,353,0.4,4,100,1,2940.28,645.9,34.16
9.6335,73,3,2000,936.171,33.33,1.60985,0,1,1,353,0.4,4,100,1,3010.52,273.659,23.16
9.634,74,3,2000,730.269,32.9,1.61001,0,1,1,353,0.4,4,100,1,2828.77,6564.04,24.5
9.633,72,3,2000,1044.08,33.33,1.60985,0,1,1,353,0.4,4,100,1,2999.08,303.251,23.28
9.6355,77,3,2000,617.613,33.33,1.76218,0,1,1,353,0.4,4,100,1,2840.82,3140.62,24.5
9.6345,75,3,2000,710.553,33.33,1.61084,0,1,1,353,0.4,4,100,1,2830.81,6215.32,24.76
9.635,76,3,2000,661.715,33.33,1.61411,0,1,1,353,0.4,4,100,1,2826.23,3465.56,24.43
9.6415,89,4,2000,1313.22,24.63,1.61021,0,1,1,257,0.2,4,100,1,2775.98,5278.51,24.43
9.642,90,3,2000,968.082,24.4,1.60974,0,1,1,289,0.35,4,100,1,2767.76,5007.74,24.45
9.6425,91,3,2000,673.608,24.62,1.61349,0,1,1,289,0.35,4,100,1,2768.04,4693.4,24.41
9.6435,93,2,2000,379.513,24.75,1.78375,0,1,1,257,0.2,4,100,1,2796.64,4044.17,24.35
9.6505,107,6,2000,2000,23.48,1.60318,0,1,1,96,0.2,4,100,1,2797.7,5597.6,23.19
9.651,108,5,2000,1742.59,23.58,1.6226,0,1,0,64,0.05,4,100,1,2989.83,340.863,23.59
9.6515,109,4,2000,1433.34,23.38,1.62216,0,1,0,64,0.05,4,100,1,2778.58,5269.22,23.47
9.652,110,4,2000,1182.95,23.27,1.6095,0,1,0,64,0.05,4,100,1,2767.22,4972.4,23.03
9.6525,111,3,2000,871.084,23.53,1.60994,0,1,1,32,0.15,4,100,1,2770.31,4716.41,23.34
9.6615,129,5,2000,1644.59,32.17,1.62242,0,1,1,257,0.2,4,100,1,2792.4,5559,26.98
9.662,130,4,2000,1142.94,32.98,1.6099,0,1,1,257,0.2,4,100,1,2765.42,5143.83,32.46
9.671,148,3,2000,627.909,33.33,-1.49444,0,1,1,96,0.2,4,100,1,2863.3,2042.22,31.71
9.6715,149,4,2000,1277.37,33.33,-1.5278,0,1,0,0,0,4,100,1,2881.47,1703.48,34.1
9.6725,151,3,2000,640.439,33.33,-1.49414,0,1,1,96,0.2,4,100,1,2874.53,1860.81,37.41
9.673,152,3,2000,761.19,33.33,-1.5237,0,1,1,96,0.2,4,100,1,2872.32,1910.65,37.02
9.6735,153,3,2000,813.54,33.33,-1.52376,0,1,1,96,0.2,4,100,1,2870.14,1959.89,36.56
9.674,154,6,2000,2000,31.71,-1.52632,0,1,1,32,0.15,4,100,1,2867.93,2009.96,36.64
9.6745,155,5,2000,1675.39,33.33,-1.52708,0,1,0,64,0.05,4,100,1,2853.22,2345.09,34.24
9.6755,157,5,2000,1832.73,33.33,-1.52666,0,1,0,64,0.05,4,100,1,2863.49,2110.32,37.37
9.675,156,5,2000,1722.48,32.99,-1.52682,0,1,0,64,0.05,4,100,1,2865.74,2059.41,36.89
9.6765,159,6,2000,1931.82,33.33,-1.52674,0,1,1,96,0.2,4,100,1,2837.96,2732.28,35.92
9.677,160,6,2000,1981.91,33.33,-1.52656,0,1,1,96,0.2,4,100,1,2835.88,2778.34,35.07
9.678,162,6,2000,2000,33.33,-1.52631,0,1,1,96,0.2,4,100,1,2830.72,2892.48,35.69
9.6785,163,6,2000,2000,33.33,-1.52661,0,1,1,96,0.2,4,100,1,2828.46,2944.35,38.3
9.6935,193,3,2000,725.646,23.57,-1.5237,0,1,1,32,0.15,4,100,1,2812.22,3241.55,32.11
9.698,202,13,2758.36,4441.2,32.24,-1.53139,0,0,0,0,0,4,100,0,0,0,0
9.699,204,16,2754.93,5264.23,32.99,-1.62934,0,0,0,0,0,4,100,0,0,0,0
9.6995,205,18,2783.22,5691.76,32.84,-1.63234,0,0,0,0,0,4,100,0,0,0,0
9.703,12,5,2000,1799.14,27.48,1.6225,0,1,1,257,0.2,4,100,1,2828.62,6236.34,27.77
9.7035,13,4,2000,1497.61,27.27,1.5074,0,1,1,257,0.2,4,100,1,2810.65,5896.23,27.78
9.704,14,4,2000,1112.72,27.22,1.60976,0,1,1,257,0.2,4,100,1,2795.05,5608,27.33
9.7045,15,3,2000,783.199,27.71,1.61015,0,1,1,289,0.35,4,100,1,2771.44,5258.13,27.28
9.7055,17,2,2000,456.187,27.28,1.74482,0,1,1,257,0.2,4,100,1,2777.69,4546.43,27.23
9.728,62,6,2000,1966.12,32.83,1.6031,0,1,1,353,0.4,4,100,1,2900.48,1612.77,35.47
9.7285,63,6,2000,2000,33.33,1.60308,0,1,1,96,0.2,4,100,1,2897.61,1606.22,33.85
9.729,64,6,2000,2000,33.33,1.60313,0,1,1,96,0.2,4,100,1,2927.32,989.375,29.38
9.7295,65,6,2000,1976.53,33.33,1.60328,0,1,1,353,0.4,4,100,1,2925.56,1034.3,41.1
9.73,66,5,2000,1766.57,33.33,1.6225,0,1,1,321,0.25,4,100,1,2920.7,1076.51,41.47
9.7305,67,5,2000,1715.42,33.33,1.62226,0,1,1,321,0.25,4,100,1,2924.94,968.247,37.62
9.732,70,3,2000,962.044,29.38,1.60995,0,1,1,353,0.4,4,100,1,2935.83,693.445,34.53
9.7325,71,3,2000,1007.02,33.33,1.60997,0,1,1,353,0.4,4,100,1,2939.63,649.246,34.16
9.733,72,3,2000,1049.23,33.33,1.60985,0,1,1,353,0.4,4,100,1,2998.49,305.468,23.28
9.7335,73,3,2000,940.932,33.33,1.60985,0,1,1,353,0.4,4,100,1,3009.89,275.892,23.16
9.734,74,3,2000,734.558,32.9,1.61001,0,1,1,353,0.4,4,100,1,2828.57,6566.48,24.5
9.7345,75,3,2000,714.974,33.33,1.61084,0,1,1,353,0.4,4,100,1,2830.93,6217.76,24.76
9.7355,77,3,2000,621.97,33.33,1.76218,0,1,1,353,0.4,4,100,1,2840.71,3143.07,24.5
9.735,76,3,2000,666.168,33.33,1.61411,0,1,1,353,0.4,4,100,1,2826.11,3467.98,24.43
9.7415,89,4,2000,1316.69,24.63,1.61021,0,1,1,257,0.2,4,100,1,2776.14,5280.95,24.43
9.742,90,3,2000,971.526,24.4,1.60974,0,1,1,289,0.35,4,100,1,2767.8,5010.18,24.45
9.7425,91,3,2000,677.074,24.62,1.61349,0,1,1,289,0.35,4,100,1,2767.94,4695.84,24.41
9.7435,93,2,2000,382.939,24.75,1.78375,0,1,1,257,0.2,4,100,1,2796.53,4046.61,24.35
9.7505,107,6,2000,2000,23.48,1.60318,0,1,1,96,0.2,4,100,1,2797.82,5599.92,23.19
9.751,108,5,2000,1745.95,23.58,1.6226,0,1,1,321,0.25,4,100,1,2989.32,343.167,23.59
9.7515,109,4,2000,1436.69,23.38,1.62216,0,1,1,321,0.25,4,100,1,2778.73,5271.56,23.47
9.752,110,4,2000,1186.28,23.27,1.6095,0,1,1,321,0.25,4,100,1,2767.25,4974.7,23.03
9.7525,111,3,2000,874.446,23.53,1.60994,0,1,1,289,0.35,4,100,1,2770.22,4718.74,23.34
9.753,112,3,2000,588.717,23.57,1.68188,0,1,1,32,0.15,4,100,1,2782.71,4432.27,23.39
9.7615,129,5,2000,1648.82,32.17,1.62242,0,1,1,257,0.2,4,100,1,2792.54,5561.7,26.98
9.762,130,4,2000,1147.25,32.98,1.6099,0,1,1,257,0.2,4,100,1,2765.57,5147.07,32.46
9.771,148,3,2000,625.254,33.33,-1.49444,0,1,1,96,0.2,4,100,1,2863.44,2039.05,31.71
9.7715,149,4,2000,1275.04,33.33,-1.5278,0,1,0,0,0,4,100,1,2881.62,1700.07,34.1
9.7725,151,3,2000,637.525,33.33,-1.49414,0,1,1,96,0.2,4,100,1,2874.7,1857.07,37.41
9.773,152,3,2000,758.283,33.33,-1.5237,0,1,1,96,0.2,4,100,1,2872.49,1906.96,37.02
9.7735,153,3,2000,810.543,33.33,-1.52376,0,1,1,96,0.2,4,100,1,2870.31,1956.24,36.56
9.774,154,6,2000,2000,31.71,-1.52632,0,1,1,32,0.15,4,100,1,2868.09,2006.31,36.64
9.7745,155,5,2000,1673.01,33.33,-1.52708,0,1,0,64,0.05,4,100,1,2853.35,2341.67,34.24
9.7755,157,5,2000,1830.01,33.33,-1.52666,0,1,0,64,0.05,4,100,1,2863.65,2106.58,37.37
9.7765,159,6,2000,1929.19,33.33,-1.52674,0,1,1,96,0.2,4,100,1,2838.13,2728.69,35.92
9.777,160,6,2000,1979.27,33.33,-1.52656,0,1,1,96,0.2,4,100,1,2836.04,2774.84,35.07
9.775,156,5,2000,1720.2,32.99,-1.52682,0,1,0,64,0.05,4,100,1,2865.91,2055.69,36.89
9.778,162,6,2000,2000,33.33,-1.52631,0,1,1,96,0.2,4,100,1,2830.88,2888.9,35.69
9.7785,163,6,2000,2000,33.33,-1.52661,0,1,1,96,0.2,4,100,1,2828.63,2940.53,38.3
9.7935,193,3,2000,724.32,23.57,-1.5237,0,1,1,32,0.15,4,100,1,2812.35,3238.34,32.11
9.798,202,13,2758.48,4437.98,32.24,-1.53139,0,0,0,0,0,4,100,0,0,0,0
9.799,204,16,2754.74,5260.94,32.99,-1.62934,0,0,0,0,0,4,100,0,0,0,0
9.7995,205,18,2783.02,5688.48,32.84,-1.63234,0,0,0,0,0,4,100,0,0,0,0
9.803,12,5,2000,1802.92,27.48,1.6225,0,1,1,257,0.2,4,100,1,2828.75,6239.11,27.77
9.8035,13,4,2000,1501.36,27.27,1.5074,0,1,1,257,0.2,4,100,1,2810.8,5899,27.78
9.804,14,4,2000,1116.48,27.22,1.60976,0,1,1,257,0.2,4,100,1,2795.2,5610.73,27.33
9.8045,15,3,2000,787.002,27.71,1.61015,0,1,1,289,0.35,4,100,1,2771.61,5260.85,27.28
9.8055,17,2,2000,459.907,27.28,1.74482,0,1,1,257,0.2,4,100,1,2777.57,4549.15,27.23
9.828,62,6,2000,1970.44,32.83,1.6031,0,1,1,353,0.4,4,100,1,2900.3,1616.31,35.47
9.8285,63,6,2000,2000,33.33,1.60308,0,1,1,96,0.2,4,100,1,2897.44,1609.6,33.85
9.829,64,6,2000,2000,33.33,1.60313,0,1,1,96,0.2,4,100,1,2927.21,992.308,29.38
9.8295,65,6,2000,1981.02,33.33,1.60328,0,1,1,353,0.4,4,100,1,2925.4,1038.42,41.1
9.83,66,5,2000,1771.43,33.33,1.6225,0,1,1,321,0.25,4,100,1,2920.54,1080.65,41.47
9.8305,67,5,2000,1720.29,33.33,1.62226,0,1,1,321,0.25,4,100,1,2924.79,971.993,37.62
9.832,70,3,2000,966.025,29.38,1.60995,0,1,1,353,0.4,4,100,1,2935.68,696.895,34.53
9.8325,71,3,2000,1012.17,33.33,1.60997,0,1,1,353,0.4,4,100,1,2938.98,652.599,34.16
9.833,72,3,2000,1054.42,33.33,1.60985,0,1,1,353,0.4,4,100,1,2997.88,307.72,23.28
9.8335,73,3,2000,945.737,33.33,1.60985,0,1,1,353,0.4,4,100,1,3009.25,278.123,23.16
9.834,74,3,2000,738.892,32.9,1.61001,0,1,1,353,0.4,4,100,1,2828.37,6568.94,24.5
9.8345,75,3,2000,719.439,33.33,1.61084,0,1,1,353,0.4,4,100,1,2831.05,6220.23,24.76
9.835,76,3,2000,670.664,33.33,1.61411,0,1,1,353,0.4,4,100,1,2825.98,3470.39,24.43
9.8355,77,3,2000,626.37,33.33,1.76218,0,1,1,353,0.4,4,100,1,2840.61,3145.52,24.5
9.831,68,5,2000,1590.04,33.33,1.6224,0,1,1,361,0.55,4,100,1,2936.09,765.463,32.9
9.842,90,3,2000,975.014,24.4,1.60974,0,1,1,289,0.35,4,100,1,2767.83,5012.63,24.45
9.8425,91,3,2000,680.584,24.62,1.61349,0,1,1,289,0.35,4,100,1,2767.83,4698.28,24.41
9.8415,89,4,2000,1320.2,24.63,1.61021,0,1,1,257,0.2,4,100,1,2776.3,5283.42,24.43
9.8435,93,2,2000,386.408,24.75,1.78375,0,1,1,257,0.2,4,100,1,2796.42,4049.05,24.35
9.841,88,5,2000,1592.07,24.7,1.62227,0,1,1,32,0.15,4,100,1,2795.82,5562.98,23.67
9.8505,107,6,2000,2000,23.48,1.60318,0,1,1,96,0.2,4,100,1,2797.95,5602.23,23.19
9.851,108,5,2000,1749.36,23.58,1.6226,0,1,1,353,0.4,4,100,1,2988.81,345.47,23.59
9.8515,109,4,2000,1440.08,23.38,1.62216,0,1,1,321,0.25,4,100,1,2778.89,5273.91,23.47
9.8525,111,3,2000,877.852,23.53,1.60994,0,1,1,289,0.35,4,100,1,2770.13,4721.06,23.34
9.853,112,3,2000,592.114,23.57,1.68188,0,1,1,289,0.35,4,100,1,2782.61,4434.53,23.39
9.852,110,4,2000,1189.66,23.27,1.6095,0,1,1,321,0.25,4,100,1,2767.29,4977.04,23.03
9.8615,129,5,2000,1653.09,32.17,1.62242,0,1,1,289,0.35,4,100,1,2792.69,5564.39,26.98
9.862,130,4,2000,1151.61,32.98,1.6099,0,1,1,257,0.2,4,100,1,2765.72,5150.31,32.46
9.871,148,3,2000,622.643,33.33,-1.49444,0,1,1,96,0.2,4,100,1,2863.58,2035.88,31.71
9.8715,149,4,2000,1272.76,33.33,-1.5278,0,1,0,0,0,4,100,1,2881.77,1696.67,34.1
9.8725,151,3,2000,634.654,33.33,-1.49414,0,1,1,96,0.2,4,100,1,2874.86,1853.34,37.41
9.873,152,3,2000,755.419,33.33,-1.5237,0,1,1,96,0.2,4,100,1,2872.65,1903.26,37.02
9.8735,153,3,2000,807.59,33.33,-1.52376,0,1,1,96,0.2,4,100,1,2870.47,1952.58,36.56
9.874,154,6,2000,2000,31.71,-1.52632,0,1,1,32,0.15,4,100,1,2868.26,2002.65,36.64
9.8745,155,5,2000,1670.66,33.33,-1.52708,0,1,1,96,0.2,4,100,1,2853.47,2338.25,34.24
9.875,156,5,2000,1717.97,32.99,-1.52682,0,1,1,96,0.2,4,100,1,2866.07,2052.08,36.89
9.8755,157,5,2000,1827.34,33.33,-1.52666,0,1,1,96,0.2,4,100,1,2863.82,2102.84,37.37
9.8765,159,6,2000,1926.6,33.33,-1.52674,0,1,1,96,0.2,4,100,1,2838.29,2725.1,35.92
9.877,160,6,2000,1976.67,33.33,-1.52656,0,1,1,96,0.2,4,100,1,2836.2,2771.34,35.07
9.878,162,6,2000,2000,33.33,-1.52631,0,1,1,96,0.2,4,100,1,2831.03,2885.34,35.69
9.8785,163,6,2000,2000,33.33,-1.52661,0,1,1,96,0.2,4,100,1,2828.8,2936.68,38.3
9.8935,193,3,2000,723.037,23.57,-1.5237,0,1,1,32,0.15,4,100,1,2812.49,3235.13,32.11
9.898,202,13,2758.61,4434.76,32.24,-1.53139,0,0,0,0,0,4,100,0,0,0,0
9.899,204,16,2754.54,5257.65,32.99,-1.62934,0,0,0,0,0,4,100,0,0,0,0
9.8995,205,18,2782.82,5685.2,32.84,-1.63234,0,0,0,0,0,4,100,0,0,0,0
9.903,12,5,2000,1806.74,27.48,1.6225,0,1,1,289,0.35,4,100,1,2828.89,6241.89,27.77
9.9035,13,4,2000,1505.16,27.27,1.5074,0,1,1,257,0.2,4,100,1,2810.95,5901.78,27.78
9.904,14,4,2000,1120.27,27.22,1.60976,0,1,1,257,0.2,4,100,1,2795.35,5613.46,27.33
9.9045,15,3,2000,790.847,27.71,1.61015,0,1,1,289,0.35,4,100,1,2771.79,5263.58,27.28
9.9055,17,2,2000,463.671,27.28,1.74482,0,1,1,257,0.2,4,100,1,2777.45,4551.87,27.23
9.928,62,6,2000,1974.81,32.83,1.6031,0,1,1,353,0.4,4,100,1,2900.11,1619.85,35.47
9.9285,63,6,2000,2000,33.33,1.60308,0,1,1,96,0.2,4,100,1,2897.26,1612.98,33.85
9.929,64,6,2000,2000,33.33,1.60313,0,1,1,96,0.2,4,100,1,2927.09,995.244,29.38
9.9295,65,6,2000,1985.55,33.33,1.60328,0,1,1,353,0.4,4,100,1,2925.24,1042.53,41.1
9.93,66,5,2000,1776.32,33.33,1.6225,0,1,1,353,0.4,4,100,1,2920.38,1084.81,41.47
9.931,68,5,2000,1594.67,33.33,1.6224,0,1,1,353,0.4,4,100,1,2935.97,768.426,32.9
9.9305,67,5,2000,1725.2,33.33,1.62226,0,1,1,353,0.4,4,100,1,2924.65,975.768,37.62
9.932,70,3,2000,970.048,29.38,1.60995,0,1,1,353,0.4,4,100,1,2935.53,700.344,34.53
9.9325,71,3,2000,1017.37,33.33,1.60997,0,1,1,353,0.4,4,100,1,2938.34,655.953,34.16
9.9335,73,3,2000,950.585,33.33,1.60985,0,1,1,353,0.4,4,100,1,3008.62,280.342,23.16
9.934,74,3,2000,743.268,32.9,1.61001,0,1,1,353,0.4,4,100,1,2828.17,6571.37,24.5
9.9345,75,3,2000,723.946,33.33,1.61084,0,1,1,353,0.4,4,100,1,2831.17,6222.7,24.76
9.933,72,3,2000,1059.65,33.33,1.60985,0,1,1,353,0.4,4,100,1,2997.26,310.014,23.28
9.9355,77,3,2000,630.813,33.33,1.76218,0,1,1,353,0.4,4,100,1,2840.51,3147.97,24.5
9.935,76,3,2000,675.203,33.33,1.61411,0,1,1,353,0.4,4,100,1,2825.85,3472.86,24.43
9.9315,69,5,2000,1587.79,33.33,1.62249,0,1,1,361,0.55,4,100,1,2933.51,749.396,34.21
9.9405,87,6,2000,1915.95,24.98,1.60325,0,1,1,32,0.15,4,100,1,2980.19,415.004,24.75
9.9415,89,4,2000,1323.75,24.63,1.61021,0,1,1,257,0.2,4,100,1,2776.46,5285.83,24.43
9.941,88,5,2000,1595.63,24.7,1.62227,0,1,1,289,0.35,4,100,1,2795.94,5565.24,23.67
9.9425,91,3,2000,684.135,24.62,1.61349,0,1,1,289,0.35,4,100,1,2767.73,4700.73,24.41
9.942,90,3,2000,978.544,24.4,1.60974,0,1,1,289,0.35,4,100,1,2767.87,5015.12,24.45
9.9435,93,2,2000,389.919,24.75,1.78375,0,1,1,257,0.2,4,100,1,2796.32,4051.5,24.35
9.9505,107,6,2000,2000,23.48,1.60318,0,1,1,96,0.2,4,100,1,2798.08,5604.56,23.19
9.9515,109,4,2000,1443.51,23.38,1.62216,0,1,1,321,0.25,4,100,1,2779.04,5276.24,23.47
9.952,110,4,2000,1193.08,23.27,1.6095,0,1,1,321,0.25,4,100,1,2767.32,4979.3,23.03
9.9525,111,3,2000,881.299,23.53,1.60994,0,1,1,289,0.35,4,100,1,2770.04,4723.39,23.34
9.951,108,5,2000,1752.81,23.58,1.6226,0,1,1,353,0.4,4,100,1,2988.29,347.823,23.59
9.953,112,3,2000,595.553,23.57,1.68188,0,1,1,289,0.35,4,100,1,2782.51,4436.88,23.39
9.9615,129,5,2000,1657.4,32.17,1.62242,0,1,1,289,0.35,4,100,1,2792.83,5567.08,26.98
9.962,130,4,2000,1156,32.98,1.6099,0,1,1,257,0.2,4,100,1,2765.87,5153.56,32.46
9.963,132,2,2000,365.581,30.53,1.78599,0,1,0,0,0,4,100,1,2817.3,3049.86,27.38
9.9715,149,4,2000,1270.51,33.33,-1.5278,0,1,0,0,0,4,100,1,2881.92,1693.26,34.1
9.971,148,3,2000,620.073,33.33,-1.49444,0,1,1,96,0.2,4,100,1,2863.72,2032.68,31.71
9.9725,151,3,2000,631.825,33.33,-1.49414,0,1,1,96,0.2,4,100,1,2875.03,1849.58,37.41
9.973,152,3,2000,752.597,33.33,-1.5237,0,1,1,96,0.2,4,100,1,2872.82,1899.53,37.02
9.9735,153,3,2000,804.678,33.33,-1.52376,0,1,1,96,0.2,4,100,1,2870.63,1948.92,36.56
9.9755,157,5,2000,1824.7,33.33,-1.52666,0,1,1,96,0.2,4,100,1,2863.98,2099.12,37.37
9.974,154,6,2000,2000,31.71,-1.52632,0,1,1,32,0.15,4,100,1,2868.42,1998.91,36.64
9.9745,155,5,2000,1668.36,33.33,-1.52708,0,1,1,96,0.2,4,100,1,2853.6,2334.75,34.24
9.977,160,6,2000,1974.12,33.33,-1.52656,0,1,1,96,0.2,4,100,1,2836.35,2767.82,35.07
9.978,162,6,2000,2000,33.33,-1.52631,0,1,1,96,0.2,4,100,1,2831.19,2881.78,35.69
9.9765,159,6,2000,1924.06,33.33,-1.52674,0,1,1,96,0.2,4,100,1,2838.46,2721.45,35.92
9.9785,163,6,2000,2000,33.33,-1.52661,0,1,1,96,0.2,4,100,1,2828.97,2932.88,38.3
9.975,156,5,2000,1715.78,32.99,-1.52682,0,1,1,96,0.2,4,100,1,2866.25,2048.04,36.89
9.9935,193,3,2000,721.795,23.57,-1.5237,0,1,1,32,0.15,4,100,1,2812.62,3231.92,32.11
9.998,202,13,2758.74,4431.54,32.24,-1.53139,0,0,0,0,0,4,100,0,0,0,0
9.999,204,16,2754.35,5254.35,32.99,-1.62934,0,0,0,0,0,4,100,0,0,0,0
9.9995,205,18,2782.61,5681.93,32.84,-1.63234,0,0,0,0,0,4,100,0,0,0,0
10.003,12,5,2000,1810.59,27.39,1.62267,0,1,1,289,0.35,4,100,1,2829.02,6244.66,27.67
10.0035,13,4,2000,1509,27.41,1.61994,0,1,1,259,0.3,4,100,1,2811.1,5904.55,27.62
10.004,14,4,2000,1124.1,27.25,1.61007,0,1,1,257,0.2,4,100,1,2795.5,5616.19,27.35
10.0045,15,3,2000,794.732,27.57,1.60964,0,1,1,289,0.35,4,100,1,2771.97,5266.29,27.67
10.0055,17,2,2000,467.476,27.31,1.71326,0,1,1,257,0.2,4,100,1,2777.33,4554.6,27.58
10.028,62,6,2000,1979.22,33.33,1.60318,0,1,1,357,0.5,4,100,1,2899.93,1623.37,34.71
10.0285,63,6,2000,2000,33.33,1.60324,0,1,1,96,0.2,4,100,1,2897.09,1616.3,31.91
10.03,66,5,2000,1781.23,33.33,1.62233,0,1,1,353,0.4,4,100,1,2920.22,1088.91,40.51
10.0305,67,5,2000,1730.15,33.33,1.62258,0,1,1,353,0.4,4,100,1,2924.5,979.523,38.53
10.029,64,6,2000,2000,33.33,1.60344,0,1,1,96,0.2,4,100,1,2926.98,998.205,28.68
10.0315,69,5,2000,1592.24,31.91,1.62249,0,1,1,357,0.5,4,100,1,2933.38,752.48,33.16
10.0295,65,6,2000,1990.14,33.33,1.60319,0,1,1,353,0.4,4,100,1,2925.08,1046.73,41.17
10.0325,71,3,2000,1022.6,33.33,1.60991,0,1,1,353,0.4,4,100,1,2937.93,659.326,33.97
10.032,70,3,2000,974.089,28.68,1.60986,0,1,1,325,0.35,4,100,1,2935.38,703.853,34.62
10.0335,73,3,2000,955.503,33.33,1.60999,0,1,1,321,0.25,4,100,1,3007.98,282.634,24.54
10.034,74,3,2000,747.703,33.33,1.60997,0,1,1,325,0.35,4,100,1,2827.95,6573.83,24.45
10.0345,75,3,2000,728.457,33.16,1.60968,0,1,1,321,0.25,4,100,1,2831.29,6225.2,24.95
10.0355,77,3,2000,635.311,33.33,1.53864,0,1,1,323,0.35,4,100,1,2840.4,3150.43,24.94
10.031,68,5,2000,1599.31,33.33,1.6224,0,1,1,353,0.4,4,100,1,2935.83,771.891,33.44
10.033,72,3,2000,1064.89,33.33,1.61003,0,1,1,321,0.25,4,100,1,2996.66,312.288,23.27
10.035,76,3,2000,679.785,33.33,1.6124,0,1,1,321,0.25,4,100,1,2825.71,3475.36,24.52
10.0405,87,6,2000,1919.54,24.48,1.60308,0,1,1,293,0.45,4,100,1,2979.68,417.409,24.5
10.042,90,3,2000,982.13,24.81,1.60992,0,1,1,261,0.3,4,100,1,2767.91,5017.53,24.68
10.0425,91,3,2000,687.712,24.68,1.61217,0,1,1,289,0.35,4,100,1,2767.63,4703.17,24.73
10.0435,93,2,2000,393.462,24.5,1.77491,0,1,1,257,0.2,4,100,1,2796.21,4053.92,24.56
10.0415,89,4,2000,1327.33,24.46,1.60966,0,1,1,257,0.2,4,100,1,2776.62,5288.36,24.81
10.041,88,5,2000,1599.2,24.45,1.62278,0,1,1,289,0.35,4,100,1,2796.08,5567.68,23.23
10.051,108,5,2000,1756.27,23.31,1.62232,0,1,1,353,0.4,4,100,1,2987.8,350.062,23.3
10.0515,109,4,2000,1446.95,23,1.62258,0,1,1,321,0.25,4,100,1,2779.2,5278.59,23.55
10.052,110,4,2000,1196.52,23.05,1.61031,0,1,1,321,0.25,4,100,1,2767.36,4981.62,23.41
10.0505,107,6,2000,2000,23.45,1.60322,0,1,1,224,0.3,4,100,1,2798.2,5606.92,23.34
10.0525,111,3,2000,884.752,23.3,1.60988,0,1,1,289,0.35,4,100,1,2769.95,4725.75,23.27
10.053,112,3,2000,599.002,23.45,1.66911,0,1,1,289,0.35,4,100,1,2782.41,4439.23,23.21
7.061,128,6,2000,1918.32,32.52,1.6034,0,1,1,32,0.15,4,100,1,2822.78,6181.81,32.59
10.062,130,4,2000,1160.42,32.66,1.61,0,1,1,257,0.2,4,100,1,2766.02,5156.77,32.11
10.063,132,2,2000,369.84,32.72,1.78383,0,1,1,261,0.3,4,100,1,2817.41,3047.32,27.55
10.0615,129,5,2000,1661.8,33.01,1.62262,0,1,1,261,0.3,4,100,1,2792.99,5569.99,27.98
7.0625,131,3,2000,693.775,32.69,1.60994,0,1,1,32,0.15,4,100,1,2763.6,4944.94,32.34
10.071,148,3,2000,617.486,33.33,-1.49431,0,1,1,96,0.2,4,100,1,2863.86,2029.57,31.35
10.0725,151,3,2000,628.984,33.33,-1.49439,0,1,1,96,0.2,4,100,1,2875.19,1845.89,37.18
10.0735,153,3,2000,801.915,33.33,-1.52375,0,1,1,96,0.2,4,100,1,2870.79,1945.3,36.47
10.073,152,3,2000,749.776,33.33,-1.52358,0,1,1,96,0.2,4,100,1,2872.98,1895.78,37.78
10.0745,155,5,2000,1666.16,33.33,-1.52706,0,1,0,64,0.05,4,100,1,2853.74,2331.39,34.59
10.075,156,5,2000,1713.56,33.33,-1.527,0,1,0,64,0.05,4,100,1,2866.39,2044.73,36.79
10.074,154,6,2000,2000,31.35,-1.52676,0,1,1,32,0.15,4,100,1,2868.58,1995.29,36.53
10.077,160,6,2000,1971.61,33.33,-1.52669,0,1,1,96,0.2,4,100,1,2836.51,2764.3,35.49
10.0765,159,6,2000,1921.56,33.33,-1.52634,0,1,1,96,0.2,4,100,1,2838.62,2717.9,35.89
10.0755,157,5,2000,1822.14,33.33,-1.52639,0,1,0,64,0.05,4,100,1,2864.15,2095.32,37.14
10.078,162,6,2000,2000,33.33,-1.52673,0,1,1,96,0.2,4,100,1,2831.35,2878.07,36.95
10.0785,163,6,2000,2000,33.33,-1.52661,0,1,1,96,0.2,4,100,1,2829.13,2929.18,35.62
10.0715,149,4,2000,1268.3,33.33,-1.52787,0,1,0,0,0,4,100,1,2882.08,1689.59,33.4
10.0935,193,3,2000,720.645,23.01,-1.52258,0,1,1,36,0.25,4,100,1,2812.76,3228.68,32.17
10.098,202,13,2758.88,4428.27,32.76,-1.52622,5.2,0,1,4,0.1,4,100,0,0,0,0
10.099,204,16,2754.16,5251.15,32.09,-1.62911,-9,0,1,4,0.1,4,100,0,0,0,0
10.0995,205,18,2782.41,5678.65,32.77,-1.63215,-0.7,0,0,0,0,4,100,0,0,0,0
10.103,12,5,2000,1814.49,27.39,1.62267,0,1,1,257,0.2,4,100,1,2829.16,6247.42,27.67
10.1035,13,4,2000,1512.89,27.41,1.61994,0,1,1,257,0.2,4,100,1,2811.25,5907.31,27.62
10.104,14,4,2000,1127.98,27.25,1.61007,0,1,1,257,0.2,4,100,1,2795.64,5618.92,27.35
10.1045,15,3,2000,798.643,27.57,1.60964,0,1,1,289,0.35,4,100,1,2772.15,5269.05,27.67
10.1055,17,2,2000,471.336,27.31,1.71326,0,1,1,257,0.2,4,100,1,2777.21,4557.35,27.58
10.128,62,6,2000,1983.72,33.33,1.60318,0,1,1,321,0.25,4,100,1,2899.75,1626.84,34.71
10.1285,63,6,2000,2000,33.33,1.60324,0,1,0,64,0.05,4,100,1,2896.93,1619.49,31.91
10.129,64,6,2000,2000,33.33,1.60344,0,1,0,64,0.05,4,100,1,2926.87,1001.03,28.68
10.1295,65,6,2000,1994.79,33.33,1.60319,0,1,1,321,0.25,4,100,1,2924.92,1050.76,41.17
10.1305,67,5,2000,1735.14,33.33,1.62258,0,1,1,321,0.25,4,100,1,2924.35,983.372,38.53
10.131,68,5,2000,1603.95,33.33,1.6224,0,1,1,321,0.25,4,100,1,2935.71,775.079,33.44
10.13,66,5,2000,1786.12,33.33,1.62233,0,1,1,321,0.25,4,100,1,2920.06,1093.03,40.51
10.1315,69,5,2000,1596.6,31.91,1.62249,0,1,1,353,0.4,4,100,1,2933.26,755.814,33.16
10.132,70,3,2000,978.122,28.68,1.60986,0,1,1,353,0.4,4,100,1,2935.23,707.281,34.62
10.1325,71,3,2000,1027.88,33.33,1.60991,0,1,1,353,0.4,4,100,1,2938.04,662.753,33.97
10.133,72,3,2000,1070.1,33.33,1.61003,0,1,1,353,0.4,4,100,1,2996.12,314.5,23.27
10.135,76,3,2000,684.412,33.33,1.6124,0,1,1,353,0.4,4,100,1,2825.59,3477.73,24.52
10.134,74,3,2000,752.212,33.33,1.60997,0,1,1,353,0.4,4,100,1,2827.69,6576.28,24.45
10.1355,77,3,2000,639.874,33.33,1.53864,0,1,1,353,0.4,4,100,1,2840.3,3152.94,24.94
10.1345,75,3,2000,732.938,33.16,1.60968,0,1,1,353,0.4,4,100,1,2831.41,6227.74,24.95
10.1335,73,3,2000,960.52,33.33,1.60999,0,1,1,353,0.4,4,100,1,3007.32,285.093,24.54
10.1405,87,6,2000,1923.16,24.48,1.60308,0,1,1,257,0.2,4,100,1,2979.18,419.806,24.5
10.141,88,5,2000,1602.81,24.45,1.62278,0,1,1,289,0.35,4,100,1,2796.2,5569.87,23.23
10.1415,89,4,2000,1330.94,24.46,1.60966,0,1,1,257,0.2,4,100,1,2776.78,5290.76,24.81
10.142,90,3,2000,985.779,24.81,1.60992,0,1,1,289,0.35,4,100,1,2767.94,5020.01,24.68
10.1425,91,3,2000,691.349,24.68,1.61217,0,1,1,289,0.35,4,100,1,2767.53,4705.65,24.73
10.1435,93,2,2000,397.033,24.5,1.77491,0,1,1,257,0.2,4,100,1,2796.1,4056.37,24.56
10.1505,107,6,2000,2000,23.45,1.60322,0,1,0,64,0.05,4,100,1,2798.33,5609.2,23.34
10.151,108,5,2000,1759.77,23.31,1.62232,0,1,1,353,0.4,4,100,1,2987.3,352.339,23.3
10.1515,109,4,2000,1450.42,23,1.62258,0,1,1,321,0.25,4,100,1,2779.35,5280.95,23.55
10.1525,111,3,2000,888.255,23.3,1.60988,0,1,1,289,0.35,4,100,1,2769.86,4728.04,23.27
10.153,112,3,2000,602.511,23.45,1.66911,0,1,1,289,0.35,4,100,1,2782.31,4441.51,23.21
10.152,110,4,2000,1200,23.05,1.61031,0,1,1,321,0.25,4,100,1,2767.39,4984.01,23.41
10.161,128,6,2000,2000,33.28,1.60327,0,1,1,24,0.3,4,100,1,2822.93,6185.04,32.59
10.1615,129,5,2000,1666.28,33.01,1.62262,0,1,1,289,0.35,4,100,1,2793.13,5572.63,27.98
10.162,130,4,2000,1164.86,32.66,1.61,0,1,1,257,0.2,4,100,1,2766.17,5159.99,32.11
10.1625,131,3,2000,807.998,33.13,1.61003,0,1,1,313,0.65,4,100,1,2763.65,4947.99,32.34
10.163,132,2,2000,374.216,32.72,1.78383,0,1,1,257,0.2,4,100,1,2817.54,3044.56,27.55
10.171,148,3,2000,614.909,33.33,-1.49431,0,1,1,32,0.15,4,100,1,2864,2026.44,31.35
10.1715,149,4,2000,1266.1,33.33,-1.52787,0,1,0,0,0,4,100,1,2882.21,1686.57,33.4
10.1725,151,3,2000,626.142,33.33,-1.49439,0,1,1,96,0.2,4,100,1,2875.35,1842.18,37.18
10.173,152,3,2000,746.957,33.33,-1.52358,0,1,1,96,0.2,4,100,1,2873.15,1892.04,37.78
10.1735,153,3,2000,799.208,33.33,-1.52375,0,1,1,96,0.2,4,100,1,2870.95,1941.64,36.47
10.174,154,6,2000,2000,31.35,-1.52676,0,1,0,0,0,4,100,1,2868.74,1991.68,36.53
10.175,156,5,2000,1711.34,33.33,-1.527,0,1,1,96,0.2,4,100,1,2866.55,2041.06,36.79
10.1755,157,5,2000,1819.61,33.33,-1.52639,0,1,1,96,0.2,4,100,1,2864.31,2091.7,37.14
10.1765,159,6,2000,1919.1,33.33,-1.52634,0,1,1,96,0.2,4,100,1,2838.78,2714.35,35.89
10.1745,155,5,2000,1664,33.33,-1.52706,0,1,1,96,0.2,4,100,1,2853.89,2327.84,34.59
10.177,160,6,2000,1969.15,33.33,-1.52669,0,1,1,96,0.2,4,100,1,2836.68,2760.73,35.49
10.1785,163,6,2000,2000,33.33,-1.52661,0,1,1,96,0.2,4,100,1,2829.28,2925.69,35.62
10.178,162,6,2000,2000,33.33,-1.52673,0,1,1,96,0.2,4,100,1,2831.52,2874.39,36.95
10.1935,193,3,2000,719.537,23.01,-1.52258,0,1,1,32,0.15,4,100,1,2812.89,3225.49,32.17
10.198,202,13,2759.03,4424.99,32.76,-1.52622,0,0,0,0,0,4,100,0,0,0,0
10.199,204,16,2753.98,5247.95,32.09,-1.62911,0,0,0,0,0,4,100,0,0,0,0
10.1995,205,18,2782.21,5675.38,32.77,-1.63215,0,0,0,0,0,4,100,0,0,0,0
10.203,12,5,2000,1818.41,27.39,1.62267,0,1,1,289,0.35,4,100,1,2829.29,6250.19,27.67
10.2035,13,4,2000,1516.82,27.41,1.61994,0,1,1,257,0.2,4,100,1,2811.4,5910.06,27.62
10.204,14,4,2000,1131.9,27.25,1.61007,0,1,1,257,0.2,4,100,1,2795.79,5621.65,27.35
10.2045,15,3,2000,802.592,27.57,1.60964,0,1,1,289,0.35,4,100,1,2772.33,5271.82,27.67
10.2055,17,2,2000,475.233,27.31,1.71326,0,1,1,257,0.2,4,100,1,2777.09,4560.12,27.58
10.228,62,6,2000,1988.26,33.33,1.60318,0,1,1,353,0.4,4,100,1,2899.57,1630.3,34.71
10.2285,63,6,2000,2000,33.33,1.60324,0,1,1,96,0.2,4,100,1,2896.76,1622.68,31.91
10.229,64,6,2000,2000,33.33,1.60344,0,1,1,96,0.2,4,100,1,2926.75,1003.9,28.68
10.2295,65,6,2000,1999.48,33.33,1.60319,0,1,1,353,0.4,4,100,1,2924.76,1054.87,41.17
10.23,66,5,2000,1791.04,33.33,1.62233,0,1,1,353,0.4,4,100,1,2919.9,1097.01,40.51
10.231,68,5,2000,1608.62,33.33,1.6224,0,1,1,353,0.4,4,100,1,2935.58,778.417,33.44
10.2305,67,5,2000,1740.16,33.33,1.62258,0,1,1,353,0.4,4,100,1,2924.2,987.268,38.53
10.232,70,3,2000,982.191,28.68,1.60986,0,1,1,353,0.4,4,100,1,2935.09,710.715,34.62
10.2325,71,3,2000,1033.2,33.33,1.60991,0,1,1,353,0.4,4,100,1,2938.15,666.111,33.97
10.2315,69,5,2000,1600.99,31.91,1.62249,0,1,1,353,0.4,4,100,1,2933.12,759.169,33.16
10.234,74,3,2000,756.757,33.33,1.60997,0,1,1,353,0.4,4,100,1,2827.44,6578.67,24.45
10.2345,75,3,2000,737.456,33.16,1.60968,0,1,1,353,0.4,4,100,1,2831.53,6230.16,24.95
10.2335,73,3,2000,965.574,33.33,1.60999,0,1,1,353,0.4,4,100,1,3006.7,287.387,24.54
10.235,76,3,2000,689.076,33.33,1.6124,0,1,1,353,0.4,4,100,1,2825.46,3480.18,24.52
10.233,72,3,2000,1075.35,33.33,1.61003,0,1,1,353,0.4,4,100,1,2995.56,316.795,23.27
10.2355,77,3,2000,644.474,33.33,1.53864,0,1,1,353,0.4,4,100,1,2840.19,3155.44,24.94
10.2405,87,6,2000,1926.81,24.48,1.60308,0,1,1,289,0.35,4,100,1,2978.68,422.205,24.5
10.241,88,5,2000,1606.46,24.45,1.62278,0,1,1,289,0.35,4,100,1,2796.32,5572.19,23.23
10.2415,89,4,2000,1334.59,24.46,1.60966,0,1,1,257,0.2,4,100,1,2776.94,5293.24,24.81
10.242,90,3,2000,989.465,24.81,1.60992,0,1,1,289,0.35,4,100,1,2767.98,5022.47,24.68
10.2425,91,3,2000,695.022,24.68,1.61217,0,1,1,289,0.35,4,100,1,2767.43,4708.12,24.73
10.2435,93,2,2000,400.639,24.5,1.77491,0,1,1,257,0.2,4,100,1,2795.99,4058.82,24.56
10.2505,107,6,2000,2000,23.45,1.60322,0,1,1,96,0.2,4,100,1,2798.45,5611.53,23.34
10.251,108,5,2000,1763.31,23.31,1.62232,0,1,1,353,0.4,4,100,1,2986.8,354.614,23.3
10.2515,109,4,2000,1453.93,23,1.62258,0,1,1,321,0.25,4,100,1,2779.5,5283.29,23.55
10.252,110,4,2000,1203.51,23.05,1.61031,0,1,1,321,0.25,4,100,1,2767.43,4986.31,23.41
10.2525,111,3,2000,891.794,23.3,1.60988,0,1,1,289,0.35,4,100,1,2769.77,4730.37,23.27
10.253,112,3,2000,606.055,23.45,1.66911,0,1,1,289,0.35,4,100,1,2782.2,4443.84,23.21
10.261,128,6,2000,2000,33.28,1.60327,0,1,1,48,0.3,4,100,1,2823.09,6188.3,32.59
10.2615,129,5,2000,1670.79,33.01,1.62262,0,1,1,289,0.35,4,100,1,2793.28,5575.43,27.98
10.262,130,4,2000,1169.34,32.66,1.61,0,1,1,257,0.2,4,100,1,2766.32,5163.19,32.11
10.2625,131,3,2000,812.523,33.13,1.61003,0,1,1,289,0.35,4,100,1,2763.7,4951.22,32.34
10.263,132,2,2000,378.629,32.72,1.78383,0,1,1,257,0.2,4,100,1,2817.66,3041.82,27.55
10.271,148,3,2000,612.368,33.33,-1.49431,0,1,1,32,0.15,4,100,1,2864.13,2023.31,31.35
10.2715,149,4,2000,1263.94,33.33,-1.52787,0,1,0,0,0,4,100,1,2882.36,1683.24,33.4
10.2725,151,3,2000,623.335,33.33,-1.49439,0,1,1,96,0.2,4,100,1,2875.52,1838.46,37.18
10.273,152,3,2000,744.173,33.33,-1.52358,0,1,1,96,0.2,4,100,1,2873.32,1888.27,37.78
10.2735,153,3,2000,796.538,33.33,-1.52375,0,1,1,96,0.2,4,100,1,2871.11,1938,36.47
10.274,154,6,2000,2000,31.35,-1.52676,0,1,1,32,0.15,4,100,1,2868.9,1988.03,36.53
10.275,156,5,2000,1709.16,33.33,-1.527,0,1,1,96,0.2,4,100,1,2866.72,2037.39,36.79
10.2755,157,5,2000,1817.12,33.33,-1.52639,0,1,1,96,0.2,4,100,1,2864.47,2087.99,37.14
10.2745,155,5,2000,1661.89,33.33,-1.52706,0,1,1,96,0.2,4,100,1,2854.04,2324.43,34.59
10.2765,159,6,2000,1916.68,33.33,-1.52634,0,1,1,96,0.2,4,100,1,2838.94,2710.77,35.89
10.277,160,6,2000,1966.72,33.33,-1.52669,0,1,1,96,0.2,4,100,1,2836.83,2757.22,35.49
10.278,162,6,2000,2000,33.33,-1.52673,0,1,1,96,0.2,4,100,1,2831.69,2870.73,36.95
10.2785,163,6,2000,2000,33.33,-1.52661,0,1,1,96,0.2,4,100,1,2829.44,2922.1,35.62
10.2935,193,3,2000,718.463,23.01,-1.52258,0,1,1,32,0.15,4,100,1,2813.03,3222.28,32.17
10.298,202,13,2759.17,4421.72,32.76,-1.52622,0,0,0,0,0,4,100,0,0,0,0
10.299,204,16,2753.79,5244.74,32.09,-1.62911,0,0,0,0,0,4,100,0,0,0,0
10.2995,205,18,2782.01,5672.11,32.77,-1.63215,0,0,0,0,0,4,100,0,0,0,0
10.303,12,5,2000,1822.38,27.39,1.62267,0,1,1,289,0.35,4,100,1,2829.42,6252.95,27.67
10.3035,13,4,2000,1520.79,27.41,1.61994,0,1,1,257,0.2,4,100,1,2811.55,5912.82,27.62
10.304,14,4,2000,1135.85,27.25,1.61007,0,1,1,257,0.2,4,100,1,2795.94,5624.38,27.35
10.3045,15,3,2000,806.575,27.57,1.60964,0,1,1,289,0.35,4,100,1,2772.51,5274.56,27.67
10.3055,17,2,2000,479.166,27.31,1.71326,0,1,1,257,0.2,4,100,1,2776.97,4562.86,27.58
10.328,62,6,2000,1992.83,33.33,1.60318,0,1,1,353,0.4,4,100,1,2899.4,1633.77,34.71
10.329,64,6,2000,2000,33.33,1.60344,0,1,1,96,0.2,4,100,1,2926.64,1006.75,28.68
10.3295,65,6,2000,2000,33.33,1.60319,0,1,1,96,0.2,4,100,1,2924.6,1058.97,41.17
10.33,66,5,2000,1796,33.33,1.62233,0,1,1,353,0.4,4,100,1,2919.74,1101.06,40.51
10.3305,67,5,2000,1745.22,33.33,1.62258,0,1,1,353,0.4,4,100,1,2924.05,991.086,38.53
10.331,68,5,2000,1613.32,33.33,1.6224,0,1,1,353,0.4,4,100,1,2935.45,781.769,33.44
10.3315,69,5,2000,1605.41,31.91,1.62249,0,1,1,353,0.4,4,100,1,2933,762.426,33.16
10.332,70,3,2000,986.295,28.68,1.60986,0,1,1,353,0.4,4,100,1,2934.95,714.184,34.62
10.3325,71,3,2000,1038.55,33.33,1.60991,0,1,1,353,0.4,4,100,1,2938.26,669.525,33.97
10.333,72,3,2000,1080.64,33.33,1.61003,0,1,1,353,0.4,4,100,1,2995.01,319.01,23.27
10.334,74,3,2000,761.338,33.33,1.60997,0,1,1,353,0.4,4,100,1,2827.19,6581.1,24.45
10.3335,73,3,2000,970.663,33.33,1.60999,0,1,1,353,0.4,4,100,1,3006.06,289.743,24.54
10.3345,75,3,2000,742.009,33.16,1.60968,0,1,1,353,0.4,4,100,1,2831.65,6232.66,24.95
10.335,76,3,2000,693.774,33.33,1.6124,0,1,1,353,0.4,4,100,1,2825.33,3482.63,24.52
10.3355,77,3,2000,649.109,33.33,1.53864,0,1,1,353,0.4,4,100,1,2840.09,3157.92,24.94
10.3405,87,6,2000,1930.5,24.48,1.60308,0,1,1,289,0.35,4,100,1,2978.19,424.605,24.5
10.341,88,5,2000,1610.14,24.45,1.62278,0,1,1,289,0.35,4,100,1,2796.45,5574.51,23.23
10.3415,89,4,2000,1338.28,24.46,1.60966,0,1,1,257,0.2,4,100,1,2777.11,5295.71,24.81
10.342,90,3,2000,993.186,24.81,1.60992,0,1,1,289,0.35,4,100,1,2768.02,5024.94,24.68
10.3425,91,3,2000,698.73,24.68,1.61217,0,1,1,289,0.35,4,100,1,2767.33,4710.6,24.73
10.3435,93,2,2000,404.28,24.5,1.77491,0,1,1,257,0.2,4,100,1,2795.88,4061.28,24.56
10.3505,107,6,2000,2000,23.45,1.60322,0,1,1,96,0.2,4,100,1,2798.58,5613.86,23.34
10.351,108,5,2000,1766.88,23.31,1.62232,0,1,1,353,0.4,4,100,1,2986.3,356.889,23.3
10.3515,109,4,2000,1457.47,23,1.62258,0,1,1,321,0.25,4,100,1,2779.66,5285.64,23.55
10.352,110,4,2000,1207.06,23.05,1.61031,0,1,1,321,0.25,4,100,1,2767.47,4988.65,23.41
10.3525,111,3,2000,895.367,23.3,1.60988,0,1,1,289,0.35,4,100,1,2769.69,4732.7,23.27
10.353,112,3,2000,609.634,23.45,1.66911,0,1,1,289,0.35,4,100,1,2782.1,4446.15,23.21
10.361,128,6,2000,2000,33.28,1.60327,0,1,1,32,0.15,4,100,1,2823.25,6191.56,32.59
10.3615,129,5,2000,1675.33,33.01,1.62262,0,1,1,289,0.35,4,100,1,2793.44,5578.22,27.98
10.362,130,4,2000,1173.85,32.66,1.61,0,1,1,257,0.2,4,100,1,2766.47,5166.4,32.11
10.363,132,2,2000,383.075,32.72,1.78383,0,1,1,257,0.2,4,100,1,2817.79,3039.07,27.55
10.3625,131,3,2000,817.082,33.13,1.61003,0,1,1,289,0.35,4,100,1,2763.75,4954.48,32.34
10.371,148,3,2000,609.862,33.33,-1.49431,0,1,1,32,0.15,4,100,1,2864.27,2020.18,31.35
10.3715,149,4,2000,1261.82,33.33,-1.52787,0,1,0,0,0,4,100,1,2882.5,1679.9,33.4
10.3725,151,3,2000,620.563,33.33,-1.49439,0,1,1,96,0.2,4,100,1,2875.69,1834.75,37.18
10.373,152,3,2000,741.424,33.33,-1.52358,0,1,1,96,0.2,4,100,1,2873.48,1884.5,37.78
10.3735,153,3,2000,793.901,33.33,-1.52375,0,1,1,96,0.2,4,100,1,2871.28,1934.36,36.47
10.374,154,6,2000,2000,31.35,-1.52676,0,1,1,32,0.15,4,100,1,2869.06,1984.4,36.53
10.3745,155,5,2000,1659.8,33.33,-1.52706,0,1,1,96,0.2,4,100,1,2854.18,2321.02,34.59
10.375,156,5,2000,1707.01,33.33,-1.527,0,1,1,96,0.2,4,100,1,2866.88,2033.71,36.79
10.3755,157,5,2000,1814.65,33.33,-1.52639,0,1,1,96,0.2,4,100,1,2864.64,2084.27,37.14
10.3765,159,6,2000,1914.29,33.33,-1.52634,0,1,1,96,0.2,4,100,1,2839.1,2707.18,35.89
10.377,160,6,2000,1964.32,33.33,-1.52669,0,1,1,96,0.2,4,100,1,2836.99,2753.67,35.49
10.378,162,6,2000,2000,33.33,-1.52673,0,1,1,96,0.2,4,100,1,2831.86,2867.05,36.95
10.3785,163,6,2000,2000,33.33,-1.52661,0,1,1,96,0.2,4,100,1,2829.59,2918.56,35.62
10.3935,193,3,2000,717.424,23.01,-1.52258,0,1,1,32,0.15,4,100,1,2813.16,3219.07,32.17
10.398,202,13,2759.32,4418.45,32.76,-1.52622,0,0,0,0,0,4,100,0,0,0,0
10.399,204,16,2753.6,5241.54,32.09,-1.62911,0,0,0,0,0,4,100,0,0,0,0
10.3995,205,18,2781.81,5668.84,32.77,-1.63215,0,0,0,0,0,4,100,0,0,0,0
10.403,12,5,2000,1826.37,27.39,1.62267,0,1,1,289,0.35,4,100,1,2829.56,6255.72,27.67
10.4035,13,4,2000,1524.79,27.41,1.61994,0,1,1,257,0.2,4,100,1,2811.7,5915.58,27.62
10.404,14,4,2000,1139.83,27.25,1.61007,0,1,1,257,0.2,4,100,1,2796.08,5627.11,27.35
10.4045,15,3,2000,810.593,27.57,1.60964,0,1,1,289,0.35,4,100,1,2772.69,5277.32,27.67
10.4055,17,2,2000,483.132,27.31,1.71326,0,1,1,257,0.2,4,100,1,2776.85,4565.62,27.58
10.428,62,6,2000,1997.43,33.33,1.60318,0,1,1,353,0.4,4,100,1,2899.22,1637.24,34.71
10.429,64,6,2000,2000,33.33,1.60344,0,1,1,96,0.2,4,100,1,2926.53,1009.62,28.68
10.4295,65,6,2000,2000,33.33,1.60319,0,1,1,96,0.2,4,100,1,2924.44,1063.09,41.17
10.4305,67,5,2000,1750.31,33.33,1.62258,0,1,1,353,0.4,4,100,1,2923.9,994.921,38.53
10.431,68,5,2000,1618.06,33.33,1.6224,0,1,1,353,0.4,4,100,1,2935.32,785.096,33.44
10.43,66,5,2000,1800.99,33.33,1.62233,0,1,1,353,0.4,4,100,1,2919.58,1105.17,40.51
10.4315,69,5,2000,1609.87,31.91,1.62249,0,1,1,353,0.4,4,100,1,2932.87,765.76,33.16
10.4325,71,3,2000,1043.94,33.33,1.60991,0,1,1,353,0.4,4,100,1,2938.37,672.902,33.97
10.433,72,3,2000,1085.96,33.33,1.61003,0,1,1,353,0.4,4,100,1,2994.46,321.254,23.27
10.434,74,3,2000,765.951,33.33,1.60997,0,1,1,353,0.4,4,100,1,2826.94,6583.53,24.45
10.4335,73,3,2000,975.785,33.33,1.60999,0,1,1,353,0.4,4,100,1,3005.42,292.113,24.54
10.432,70,3,2000,990.432,28.68,1.60986,0,1,1,353,0.4,4,100,1,2934.8,717.733,34.62
10.4355,77,3,2000,653.776,33.33,1.53864,0,1,1,353,0.4,4,100,1,2839.99,3160.39,24.94
10.4345,75,3,2000,746.594,33.16,1.60968,0,1,1,353,0.4,4,100,1,2831.77,6235.18,24.95
10.435,76,3,2000,698.505,33.33,1.6124,0,1,1,353,0.4,4,100,1,2825.19,3485.14,24.52
10.4405,87,6,2000,1934.22,24.48,1.60308,0,1,1,289,0.35,4,100,1,2977.69,427.004,24.5
10.441,88,5,2000,1613.86,24.45,1.62278,0,1,1,289,0.35,4,100,1,2796.57,5576.83,23.23
10.4415,89,4,2000,1342,24.46,1.60966,0,1,1,257,0.2,4,100,1,2777.27,5298.19,24.81
10.442,90,3,2000,996.94,24.81,1.60992,0,1,1,289,0.35,4,100,1,2768.06,5027.41,24.68
10.4425,91,3,2000,702.47,24.68,1.61217,0,1,1,289,0.35,4,100,1,2767.24,4713.07,24.73
10.4435,93,2,2000,407.954,24.5,1.77491,0,1,1,257,0.2,4,100,1,2795.78,4063.74,24.56
10.4505,107,6,2000,2000,23.45,1.60322,0,1,1,96,0.2,4,100,1,2798.71,5616.19,23.34
10.451,108,5,2000,1770.49,23.31,1.62232,0,1,1,353,0.4,4,100,1,2985.79,359.165,23.3
10.4515,109,4,2000,1461.05,23,1.62258,0,1,1,321,0.25,4,100,1,2779.81,5287.99,23.55
10.452,110,4,2000,1210.64,23.05,1.61031,0,1,1,321,0.25,4,100,1,2767.5,4990.99,23.41
10.4525,111,3,2000,898.973,23.3,1.60988,0,1,1,289,0.35,4,100,1,2769.6,4735.02,23.27
10.453,112,3,2000,613.246,23.45,1.66911,0,1,1,289,0.35,4,100,1,2782,4448.47,23.21
10.461,128,6,2000,2000,33.28,1.60327,0,1,1,32,0.15,4,100,1,2823.4,6194.81,32.59
10.4615,129,5,2000,1679.91,33.01,1.62262,0,1,1,289,0.35,4,100,1,2793.59,5581.02,27.98
10.462,130,4,2000,1178.39,32.66,1.61,0,1,1,257,0.2,4,100,1,2766.62,5169.61,32.11
10.4625,131,3,2000,821.673,33.13,1.61003,0,1,1,289,0.35,4,100,1,2763.8,4957.69,32.34
10.463,132,2,2000,387.554,32.72,1.78383,0,1,1,257,0.2,4,100,1,2817.91,3036.3,27.55
10.471,148,3,2000,607.387,33.33,-1.49431,0,1,1,32,0.15,4,100,1,2864.41,2017.05,31.35
10.4715,149,4,2000,1259.72,33.33,-1.52787,0,1,0,0,0,4,100,1,2882.65,1676.56,33.4
10.4725,151,3,2000,617.822,33.33,-1.49439,0,1,1,96,0.2,4,100,1,2875.85,1831.04,37.18
10.473,152,3,2000,738.706,33.33,-1.52358,0,1,1,96,0.2,4,100,1,2873.65,1880.72,37.78
10.4735,153,3,2000,791.297,33.33,-1.52375,0,1,1,96,0.2,4,100,1,2871.44,1930.72,36.47
10.474,154,6,2000,1998.23,31.35,-1.52676,0,1,1,32,0.15,4,100,1,2869.22,1980.75,36.53
10.4745,155,5,2000,1657.75,33.33,-1.52706,0,1,1,96,0.2,4,100,1,2854.33,2317.57,34.59
10.475,156,5,2000,1704.9,33.33,-1.527,0,1,1,96,0.2,4,100,1,2867.04,2030.02,36.79
10.4755,157,5,2000,1812.22,33.33,-1.52639,0,1,1,96,0.2,4,100,1,2864.8,2080.54,37.14
10.477,160,6,2000,1961.96,33.33,-1.52669,0,1,1,96,0.2,4,100,1,2837.15,2750.13,35.49
10.478,162,6,2000,2000,33.33,-1.52673,0,1,1,96,0.2,4,100,1,2832.02,2863.35,36.95
10.4785,163,6,2000,2000,33.33,-1.52661,0,1,1,96,0.2,4,100,1,2829.74,2914.98,35.62
10.4935,193,3,2000,716.416,23.01,-1.52258,0,1,1,32,0.15,4,100,1,2813.3,3215.85,32.17
10.498,202,13,2759.47,4415.17,32.76,-1.52622,0,0,0,0,0,4,100,0,0,0,0
10.499,204,16,2753.42,5238.33,32.09,-1.62911,0,0,0,0,0,4,100,0,0,0,0
10.4995,205,18,2781.61,5665.57,32.77,-1.63215,0,0,0,0,0,4,100,0,0,0,0
10.503,12,5,2000,1830.4,27.39,1.62267,0,1,1,289,0.35,4,100,1,2829.69,6258.48,27.67
10.5035,13,4,2000,1528.82,27.41,1.61994,0,1,1,257,0.2,4,100,1,2811.85,5918.34,27.62
10.504,14,4,2000,1143.85,27.25,1.61007,0,1,1,257,0.2,4,100,1,2796.23,5629.84,27.35
10.5045,15,3,2000,814.641,27.57,1.60964,0,1,1,289,0.35,4,100,1,2772.87,5280.09,27.67
10.5055,17,2,2000,487.129,27.31,1.71326,0,1,1,257,0.2,4,100,1,2776.73,4568.37,27.58
10.528,62,6,2000,2000,33.33,1.60318,0,1,1,96,0.2,4,100,1,2899.04,1640.7,34.71
10.529,64,6,2000,2000,33.33,1.60344,0,1,1,96,0.2,4,100,1,2926.42,1012.48,28.68
10.5295,65,6,2000,2000,33.33,1.60319,0,1,1,96,0.2,4,100,1,2924.28,1067.2,41.17
10.53,66,5,2000,1806.02,33.33,1.62233,0,1,1,353,0.4,4,100,1,2919.42,1109.16,40.51
10.5305,67,5,2000,1755.43,33.33,1.62258,0,1,1,353,0.4,4,100,1,2923.74,998.788,38.53
10.5315,69,5,2000,1614.36,31.91,1.62249,0,1,1,353,0.4,4,100,1,2932.74,769.046,33.16
10.531,68,5,2000,1622.82,33.33,1.6224,0,1,1,353,0.4,4,100,1,2935.18,788.462,33.44
10.5325,71,3,2000,1049.35,33.33,1.60991,0,1,1,353,0.4,4,100,1,2938.48,676.303,33.97
10.532,70,3,2000,994.6,28.68,1.60986,0,1,1,353,0.4,4,100,1,2934.66,721.142,34.62
10.534,74,3,2000,770.595,33.33,1.60997,0,1,1,353,0.4,4,100,1,2826.68,6585.97,24.45
10.5345,75,3,2000,751.21,33.16,1.60968,0,1,1,353,0.4,4,100,1,2831.89,6237.65,24.95
10.5355,77,3,2000,658.474,33.33,1.53864,0,1,1,353,0.4,4,100,1,2839.88,3162.88,24.94
10.5335,73,3,2000,980.937,33.33,1.60999,0,1,1,353,0.4,4,100,1,3004.76,294.541,24.54
10.535,76,3,2000,703.267,33.33,1.6124,0,1,1,353,0.4,4,100,1,2825.06,3487.59,24.52
10.5405,87,6,2000,1937.97,24.48,1.60308,0,1,1,289,0.35,4,100,1,2977.19,429.403,24.5
10.541,88,5,2000,1617.6,24.45,1.62278,0,1,1,289,0.35,4,100,1,2796.7,5579.15,23.23
10.5415,89,4,2000,1345.75,24.46,1.60966,0,1,1,257,0.2,4,100,1,2777.43,5300.66,24.81
10.542,90,3,2000,1000.72,24.81,1.60992,0,1,1,289,0.35,4,100,1,2768.1,5029.87,24.68
10.5425,91,3,2000,706.241,24.68,1.61217,0,1,1,289,0.35,4,100,1,2767.14,4715.53,24.73
10.5435,93,2,2000,411.659,24.5,1.77491,0,1,1,257,0.2,4,100,1,2795.67,4066.18,24.56
10.5505,107,6,2000,2000,23.45,1.60322,0,1,1,96,0.2,4,100,1,2798.83,5618.52,23.34
10.551,108,5,2000,1774.12,23.31,1.62232,0,1,1,353,0.4,4,100,1,2985.29,361.44,23.3
10.5515,109,4,2000,1464.65,23,1.62258,0,1,1,321,0.25,4,100,1,2779.97,5290.35,23.55
10.552,110,4,2000,1214.25,23.05,1.61031,0,1,1,321,0.25,4,100,1,2767.54,4993.33,23.41
10.5525,111,3,2000,902.609,23.3,1.60988,0,1,1,289,0.35,4,100,1,2769.52,4737.34,23.27
10.553,112,3,2000,616.887,23.45,1.66911,0,1,1,289,0.35,4,100,1,2781.9,4450.79,23.21
10.561,128,6,2000,2000,33.28,1.60327,0,1,1,32,0.15,4,100,1,2823.56,6198.07,32.59
10.5615,129,5,2000,1684.52,33.01,1.62262,0,1,1,289,0.35,4,100,1,2793.74,5583.81,27.98
10.562,130,4,2000,1182.97,32.66,1.61,0,1,1,257,0.2,4,100,1,2766.77,5172.84,32.11
10.554,114,2,2000,343.83,23.3,1.78788,0,1,1,128,0.1,4,100,1,2809.49,3825.47,23.14
10.5625,131,3,2000,826.295,33.13,1.61003,0,1,1,289,0.35,4,100,1,2763.85,4960.96,32.34
10.5715,149,4,2000,1257.66,33.33,-1.52787,0,1,0,0,0,4,100,1,2882.79,1673.23,33.4
10.5725,151,3,2000,615.112,33.33,-1.49439,0,1,1,96,0.2,4,100,1,2876.02,1827.32,37.18
10.573,152,3,2000,736.018,33.33,-1.52358,0,1,1,96,0.2,4,100,1,2873.82,1876.95,37.78
10.5735,153,3,2000,788.722,33.33,-1.52375,0,1,1,96,0.2,4,100,1,2871.6,1927.07,36.47
10.574,154,6,2000,1996.41,31.35,-1.52676,0,1,1,32,0.15,4,100,1,2869.38,1977.1,36.53
10.5745,155,5,2000,1655.73,33.33,-1.52706,0,1,1,96,0.2,4,100,1,2854.48,2314.11,34.59
10.575,156,5,2000,1702.81,33.33,-1.527,0,1,1,96,0.2,4,100,1,2867.2,2026.34,36.79
10.5755,157,5,2000,1809.82,33.33,-1.52639,0,1,1,96,0.2,4,100,1,2864.97,2076.84,37.14
10.577,160,6,2000,1959.62,33.33,-1.52669,0,1,1,96,0.2,4,100,1,2837.31,2746.59,35.49
10.578,162,6,2000,2000,33.33,-1.52673,0,1,1,96,0.2,4,100,1,2832.19,2859.67,36.95
10.5785,163,6,2000,2000,33.33,-1.52661,0,1,1,96,0.2,4,100,1,2829.9,2911.46,35.62
10.576,158,5,2000,1859.46,33.33,-1.52658,0,1,1,40,0.3,4,100,1,2841.59,2652.17,35.15
10.5935,193,3,2000,715.437,23.01,-1.52258,0,1,1,32,0.15,4,100,1,2813.43,3212.64,32.17
10.598,202,13,2759.61,4411.9,32.76,-1.52622,0,0,0,0,0,4,100,0,0,0,0
10.599,204,16,2753.23,5235.13,32.09,-1.62911,0,0,0,0,0,4,100,0,0,0,0
10.5995,205,18,2781.41,5662.3,32.77,-1.63215,0,0,0,0,0,4,100,0,0,0,0
10.603,12,5,2000,1834.46,27.39,1.62267,0,1,1,289,0.35,4,100,1,2829.82,6261.24,27.67
10.6035,13,4,2000,1532.88,27.41,1.61994,0,1,1,257,0.2,4,100,1,2812,5921.1,27.62
10.604,14,4,2000,1147.9,27.25,1.61007,0,1,1,257,0.2,4,100,1,2796.38,5632.58,27.35
10.6045,15,3,2000,818.719,27.57,1.60964,0,1,1,289,0.35,4,100,1,2773.06,5282.86,27.67
10.6055,17,2,2000,491.156,27.31,1.71326,0,1,1,257,0.2,4,100,1,2776.61,4571.13,27.58
10.628,62,6,2000,2000,33.33,1.60318,0,1,1,96,0.2,4,100,1,2898.86,1644.17,34.71
10.629,64,6,2000,2000,33.33,1.60344,0,1,1,96,0.2,4,100,1,2926.31,1015.35,28.68
10.6295,65,6,2000,2000,33.33,1.60319,0,1,1,96,0.2,4,100,1,2924.12,1071.31,41.17
10.63,66,5,2000,1811.07,33.33,1.62233,0,1,1,353,0.4,4,100,1,2919.27,1113.2,40.51
10.6305,67,5,2000,1760.58,33.33,1.62258,0,1,1,353,0.4,4,100,1,2923.59,1002.63,38.53
10.631,68,5,2000,1627.62,33.33,1.6224,0,1,1,353,0.4,4,100,1,2935.05,791.78,33.44
10.6315,69,5,2000,1618.87,31.91,1.62249,0,1,1,353,0.4,4,100,1,2932.61,772.366,33.16
10.632,70,3,2000,998.796,28.68,1.60986,0,1,1,353,0.4,4,100,1,2934.51,724.574,34.62
10.6325,71,3,2000,1054.8,33.33,1.60991,0,1,1,353,0.4,4,100,1,2938.59,679.718,33.97
10.634,74,3,2000,775.267,33.33,1.60997,0,1,1,353,0.4,4,100,1,2826.43,6588.4,24.45
10.6335,73,3,2000,986.118,33.33,1.60999,0,1,1,353,0.4,4,100,1,3004.13,296.86,24.54
10.6345,75,3,2000,755.855,33.16,1.60968,0,1,1,353,0.4,4,100,1,2832.01,6240.15,24.95
10.6355,77,3,2000,663.201,33.33,1.53864,0,1,1,353,0.4,4,100,1,2839.78,3165.38,24.94
10.635,76,3,2000,708.057,33.33,1.6124,0,1,1,353,0.4,4,100,1,2824.94,3490,24.52
10.6405,87,6,2000,1941.75,24.48,1.60308,0,1,1,289,0.35,4,100,1,2976.7,431.802,24.5
10.641,88,5,2000,1621.38,24.45,1.62278,0,1,1,289,0.35,4,100,1,2796.83,5581.47,23.23
10.6415,89,4,2000,1349.52,24.46,1.60966,0,1,1,257,0.2,4,100,1,2777.6,5303.14,24.81
10.642,90,3,2000,1004.54,24.81,1.60992,0,1,1,289,0.35,4,100,1,2768.13,5032.34,24.68
10.6425,91,3,2000,710.04,24.68,1.61217,0,1,1,289,0.35,4,100,1,2767.04,4718,24.73
10.6435,93,2,2000,415.392,24.5,1.77491,0,1,1,257,0.2,4,100,1,2795.56,4068.63,24.56
10.6505,107,6,2000,2000,23.45,1.60322,0,1,1,96,0.2,4,100,1,2798.96,5620.85,23.34
10.651,108,5,2000,1777.79,23.31,1.62232,0,1,1,353,0.4,4,100,1,2984.79,363.715,23.3
10.6515,109,4,2000,1468.28,23,1.62258,0,1,1,321,0.25,4,100,1,2780.12,5292.7,23.55
10.652,110,4,2000,1217.89,23.05,1.61031,0,1,1,321,0.25,4,100,1,2767.57,4995.67,23.41
10.653,112,3,2000,620.558,23.45,1.66911,0,1,1,289,0.35,4,100,1,2781.8,4453.1,23.21
10.6525,111,3,2000,906.274,23.3,1.60988,0,1,1,289,0.35,4,100,1,2769.43,4739.69,23.27
10.654,114,2,2000,347.442,23.3,1.78788,0,1,1,257,0.2,4,100,1,2809.4,3827.57,23.14
10.661,128,6,2000,2000,33.28,1.60327,0,1,1,32,0.15,4,100,1,2823.72,6201.32,32.59
10.6615,129,5,2000,1689.15,33.01,1.62262,0,1,1,289,0.35,4,100,1,2793.89,5586.6,27.98
10.662,130,4,2000,1187.57,32.66,1.61,0,1,1,257,0.2,4,100,1,2766.92,5176.02,32.11
10.6625,131,3,2000,830.944,33.13,1.61003,0,1,1,289,0.35,4,100,1,2763.89,4964.15,32.34
10.663,132,2,2000,396.601,32.72,1.78383,0,1,1,257,0.2,4,100,1,2818.16,3030.81,27.55
10.6715,149,4,2000,1255.62,33.33,-1.52787,0,1,0,0,0,4,100,1,2882.94,1669.89,33.4
10.673,152,3,2000,733.359,33.33,-1.52358,0,1,1,96,0.2,4,100,1,2873.98,1873.18,37.78
10.6735,153,3,2000,786.176,33.33,-1.52375,0,1,1,96,0.2,4,100,1,2871.76,1923.44,36.47
10.674,154,6,2000,1994.62,31.35,-1.52676,0,1,1,32,0.15,4,100,1,2869.55,1973.44,36.53
10.675,156,5,2000,1700.75,33.33,-1.527,0,1,1,96,0.2,4,100,1,2867.36,2022.69,36.79
10.6755,157,5,2000,1807.45,33.33,-1.52639,0,1,1,96,0.2,4,100,1,2865.13,2073.15,37.14
10.6745,155,5,2000,1653.73,33.33,-1.52706,0,1,1,96,0.2,4,100,1,2854.63,2310.61,34.59
10.676,158,5,2000,1857.03,33.33,-1.52658,0,1,1,32,0.15,4,100,1,2841.75,2648.82,35.15
10.677,160,6,2000,1957.32,33.33,-1.52669,0,1,1,96,0.2,4,100,1,2837.47,2743.04,35.49
10.678,162,6,2000,2000,33.33,-1.52673,0,1,1,96,0.2,4,100,1,2832.36,2855.96,36.95
10.6785,163,6,2000,2000,33.33,-1.52661,0,1,1,96,0.2,4,100,1,2830.05,2907.86,35.62
10.6935,193,3,2000,714.486,23.01,-1.52258,0,1,1,32,0.15,4,100,1,2813.57,3209.42,32.17
10.698,202,13,2759.76,4408.63,32.76,-1.52622,0,0,0,0,0,4,100,0,0,0,0
10.699,204,16,2753.04,5231.93,32.09,-1.62911,0,0,0,0,0,4,100,0,0,0,0
10.6995,205,18,2781.21,5659.03,32.77,-1.63215,0,0,0,0,0,4,100,0,0,0,0
10.703,12,5,2000,1838.55,27.39,1.62267,0,1,1,289,0.35,4,100,1,2829.96,6264.01,27.67
10.704,14,4,2000,1151.97,27.25,1.61007,0,1,1,257,0.2,4,100,1,2796.53,5635.3,27.35
10.7045,15,3,2000,822.824,27.57,1.60964,0,1,1,289,0.35,4,100,1,2773.24,5285.61,27.67
10.7055,17,2,2000,495.209,27.31,1.71326,0,1,1,257,0.2,4,100,1,2776.49,4573.88,27.58
10.728,62,6,2000,2000,33.33,1.60318,0,1,1,96,0.2,4,100,1,2898.68,1647.64,34.71
10.729,64,6,2000,2000,33.33,1.60344,0,1,1,96,0.2,4,100,1,2926.2,1018.21,28.68
10.7295,65,6,2000,2000,33.33,1.60319,0,1,1,96,0.2,4,100,1,2923.95,1075.42,41.17
10.73,66,5,2000,1816.15,33.33,1.62233,0,1,1,353,0.4,4,100,1,2919.11,1117.25,40.51
10.7305,67,5,2000,1765.76,33.33,1.62258,0,1,1,353,0.4,4,100,1,2923.44,1006.48,38.53
10.731,68,5,2000,1632.44,33.33,1.6224,0,1,1,353,0.4,4,100,1,2934.92,795.12,33.44
10.7315,69,5,2000,1623.42,31.91,1.62249,0,1,1,353,0.4,4,100,1,2932.48,775.678,33.16
10.732,70,3,2000,1003.02,28.68,1.60986,0,1,1,353,0.4,4,100,1,2934.37,728.01,34.62
10.7325,71,3,2000,1060.27,33.33,1.60991,0,1,1,353,0.4,4,100,1,2938.7,683.113,33.97
10.7335,73,3,2000,991.326,33.33,1.60999,0,1,1,353,0.4,4,100,1,3003.5,299.217,24.54
10.7345,75,3,2000,760.527,33.16,1.60968,0,1,1,353,0.4,4,100,1,2832.13,6242.62,24.95
10.734,74,3,2000,779.967,33.33,1.60997,0,1,1,353,0.4,4,100,1,2826.17,6590.86,24.45
10.7355,77,3,2000,667.955,33.33,1.53864,0,1,1,353,0.4,4,100,1,2839.67,3167.87,24.94
10.735,76,3,2000,712.874,33.33,1.6124,0,1,1,353,0.4,4,100,1,2824.81,3492.45,24.52
10.7405,87,6,2000,1945.56,24.48,1.60308,0,1,1,289,0.35,4,100,1,2976.2,434.201,24.5
10.741,88,5,2000,1625.18,24.45,1.62278,0,1,1,289,0.35,4,100,1,2796.95,5583.79,23.23
10.7415,89,4,2000,1353.33,24.46,1.60966,0,1,1,257,0.2,4,100,1,2777.76,5305.61,24.81
10.742,90,3,2000,1008.38,24.81,1.60992,0,1,1,289,0.35,4,100,1,2768.17,5034.81,24.68
10.7425,91,3,2000,713.866,24.68,1.61217,0,1,1,289,0.35,4,100,1,2766.94,4720.48,24.73
10.7435,93,2,2000,419.151,24.5,1.77491,0,1,1,257,0.2,4,100,1,2795.45,4071.09,24.56
10.7505,107,6,2000,2000,23.45,1.60322,0,1,1,96,0.2,4,100,1,2799.08,5623.18,23.34
10.751,108,5,2000,1781.48,23.31,1.62232,0,1,1,353,0.4,4,100,1,2984.29,365.99,23.3
10.7515,109,4,2000,1471.94,23,1.62258,0,1,1,321,0.25,4,100,1,2780.27,5295.04,23.55
10.752,110,4,2000,1221.56,23.05,1.61031,0,1,1,321,0.25,4,100,1,2767.61,4998.01,23.41
10.753,112,3,2000,624.254,23.45,1.66911,0,1,1,289,0.35,4,100,1,2781.69,4455.42,23.21
10.7525,111,3,2000,909.964,23.3,1.60988,0,1,1,289,0.35,4,100,1,2769.34,4742.02,23.27
10.754,114,2,2000,351.08,23.3,1.78788,0,1,1,257,0.2,4,100,1,2809.3,3829.88,23.14
10.761,128,6,2000,2000,33.28,1.60327,0,1,1,32,0.15,4,100,1,2823.88,6204.58,32.59
10.7615,129,5,2000,1693.82,33.01,1.62262,0,1,1,289,0.35,4,100,1,2794.04,5589.4,27.98
10.762,130,4,2000,1192.2,32.66,1.61,0,1,1,257,0.2,4,100,1,2767.07,5179.23,32.11
10.7625,131,3,2000,835.62,33.13,1.61003,0,1,1,289,0.35,4,100,1,2763.94,4967.39,32.34
10.763,132,2,2000,401.164,32.72,1.78383,0,1,1,257,0.2,4,100,1,2818.28,3028.05,27.55
10.7715,149,4,2000,1253.61,33.33,-1.52787,0,1,0,0,0,4,100,1,2883.09,1666.55,33.4
10.773,152,3,2000,730.725,33.33,-1.52358,0,1,1,96,0.2,4,100,1,2874.15,1869.4,37.78
10.7735,153,3,2000,783.655,33.33,-1.52375,0,1,1,96,0.2,4,100,1,2871.92,1919.79,36.47
10.774,154,6,2000,1992.86,31.35,-1.52676,0,1,1,32,0.15,4,100,1,2869.71,1969.78,36.53
10.775,156,5,2000,1698.72,33.33,-1.527,0,1,1,96,0.2,4,100,1,2867.53,2019.01,36.79
10.7755,157,5,2000,1805.11,33.33,-1.52639,0,1,1,96,0.2,4,100,1,2865.29,2069.44,37.14
10.776,158,5,2000,1854.62,33.33,-1.52658,0,1,1,96,0.2,4,100,1,2841.9,2645.3,35.15
10.7745,155,5,2000,1651.76,33.33,-1.52706,0,1,1,96,0.2,4,100,1,2854.78,2307.12,34.59
10.777,160,6,2000,1955.04,33.33,-1.52669,0,1,1,96,0.2,4,100,1,2837.63,2739.49,35.49
10.7785,163,6,2000,2000,33.33,-1.52661,0,1,1,96,0.2,4,100,1,2830.2,2904.35,35.62
10.778,162,6,2000,2000,33.33,-1.52673,0,1,1,96,0.2,4,100,1,2832.53,2852.24,36.95
10.7935,193,3,2000,713.561,23.01,-1.52258,0,1,1,32,0.15,4,100,1,2813.7,3206.21,32.17
10.798,202,13,2759.9,4405.36,32.76,-1.52622,0,0,0,0,0,4,100,0,0,0,0
10.799,204,16,2752.86,5228.72,32.09,-1.62911,0,0,0,0,0,4,100,0,0,0,0
10.7995,205,18,2781.01,5655.76,32.77,-1.63215,0,0,0,0,0,4,100,0,0,0,0
10.803,12,5,2000,1842.66,27.39,1.62267,0,1,1,289,0.35,4,100,1,2830.09,6266.77,27.67
10.804,14,4,2000,1156.07,27.25,1.61007,0,1,1,257,0.2,4,100,1,2796.67,5638.03,27.35
10.7985,203,14,2744.65,4846.54,32.41,-1.5566,0,0,0,0,0,4,100,0,0,0,0
10.8045,15,3,2000,826.954,27.57,1.60964,0,1,1,289,0.35,4,100,1,2773.42,5288.37,27.67
10.8055,17,2,2000,499.288,27.31,1.71326,0,1,1,257,0.2,4,100,1,2776.37,4576.64,27.58
10.828,62,6,2000,2000,33.33,1.60318,0,1,1,96,0.2,4,100,1,2898.5,1651.1,34.71
10.829,64,6,2000,2000,33.33,1.60344,0,1,1,96,0.2,4,100,1,2926.08,1021.08,28.68
10.8295,65,6,2000,2000,33.33,1.60319,0,1,1,96,0.2,4,100,1,2923.79,1079.54,41.17
10.83,66,5,2000,1821.25,33.33,1.62233,0,1,1,353,0.4,4,100,1,2918.95,1121.3,40.51
10.8305,67,5,2000,1770.96,33.33,1.62258,0,1,1,353,0.4,4,100,1,2923.29,1010.34,38.53
10.8315,69,5,2000,1627.99,31.91,1.62249,0,1,1,353,0.4,4,100,1,2932.35,778.987,33.16
10.832,70,3,2000,1007.27,28.68,1.60986,0,1,1,353,0.4,4,100,1,2934.23,731.471,34.62
10.8325,71,3,2000,1065.77,33.33,1.60991,0,1,1,353,0.4,4,100,1,2938.81,686.49,33.97
10.831,68,5,2000,1637.29,33.33,1.6224,0,1,1,353,0.4,4,100,1,2934.79,798.538,33.44
10.8335,73,3,2000,996.558,33.33,1.60999,0,1,1,353,0.4,4,100,1,3002.86,301.57,24.54
10.834,74,3,2000,784.69,33.33,1.60997,0,1,1,353,0.4,4,100,1,2825.92,6593.27,24.45
10.835,76,3,2000,717.716,33.33,1.6124,0,1,1,353,0.4,4,100,1,2824.68,3494.87,24.52
10.8345,75,3,2000,765.222,33.16,1.60968,0,1,1,353,0.4,4,100,1,2832.25,6245.13,24.95
10.8355,77,3,2000,672.732,33.33,1.53864,0,1,1,353,0.4,4,100,1,2839.57,3170.38,24.94
10.8405,87,6,2000,1949.39,24.48,1.60308,0,1,1,289,0.35,4,100,1,2975.7,436.6,24.5
10.8415,89,4,2000,1357.15,24.46,1.60966,0,1,1,321,0.25,4,100,1,2777.92,5308.09,24.81
10.8425,91,3,2000,717.716,24.68,1.61217,0,1,1,289,0.35,4,100,1,2766.84,4722.94,24.73
10.842,90,3,2000,1012.24,24.81,1.60992,0,1,1,289,0.35,4,100,1,2768.21,5037.3,24.68
10.8435,93,2,2000,422.935,24.5,1.77491,0,1,1,257,0.2,4,100,1,2795.34,4073.55,24.56
10.841,88,5,2000,1629,24.45,1.62278,0,1,1,289,0.35,4,100,1,2797.08,5586.19,23.23
10.8505,107,6,2000,2000,23.45,1.60322,0,1,1,96,0.2,4,100,1,2799.21,5625.51,23.34
10.851,108,5,2000,1785.19,23.31,1.62232,0,1,1,353,0.4,4,100,1,2983.79,368.266,23.3
10.8515,109,4,2000,1475.63,23,1.62258,0,1,1,321,0.25,4,100,1,2780.43,5297.4,23.55
10.852,110,4,2000,1225.25,23.05,1.61031,0,1,1,321,0.25,4,100,1,2767.65,5000.35,23.41
10.853,112,3,2000,627.974,23.45,1.66911,0,1,1,289,0.35,4,100,1,2781.59,4457.74,23.21
10.8525,111,3,2000,913.679,23.3,1.60988,0,1,1,289,0.35,4,100,1,2769.26,4744.35,23.27
10.854,114,2,2000,354.743,23.3,1.78788,0,1,1,257,0.2,4,100,1,2809.2,3832.2,23.14
10.861,128,6,2000,2000,33.28,1.60327,0,1,1,32,0.15,4,100,1,2824.03,6207.83,32.59
10.8615,129,5,2000,1698.5,33.01,1.62262,0,1,1,289,0.35,4,100,1,2794.19,5592.19,27.98
10.862,130,4,2000,1196.85,32.66,1.61,0,1,1,257,0.2,4,100,1,2767.22,5182.44,32.11
10.8625,131,3,2000,840.319,33.13,1.61003,0,1,1,289,0.35,4,100,1,2763.99,4970.62,32.34
10.863,132,2,2000,405.751,32.72,1.78383,0,1,1,257,0.2,4,100,1,2818.41,3025.3,27.55
10.8715,149,4,2000,1251.63,33.33,-1.52787,0,1,0,0,0,4,100,1,2883.23,1663.22,33.4
10.873,152,3,2000,728.114,33.33,-1.52358,0,1,1,96,0.2,4,100,1,2874.32,1865.63,37.78
10.8735,153,3,2000,781.157,33.33,-1.52375,0,1,1,96,0.2,4,100,1,2872.09,1916.15,36.47
10.874,154,6,2000,1991.12,31.35,-1.52676,0,1,1,32,0.15,4,100,1,2869.87,1966.14,36.53
10.8745,155,5,2000,1649.82,33.33,-1.52706,0,1,1,96,0.2,4,100,1,2854.93,2303.74,34.59
10.8755,157,5,2000,1802.78,33.33,-1.52639,0,1,1,96,0.2,4,100,1,2865.46,2065.73,37.14
10.876,158,5,2000,1852.24,33.33,-1.52658,0,1,1,96,0.2,4,100,1,2842.06,2641.79,35.15
10.877,160,6,2000,1952.78,33.33,-1.52669,0,1,1,96,0.2,4,100,1,2837.79,2735.95,35.49
10.878,162,6,2000,2000,33.33,-1.52673,0,1,1,96,0.2,4,100,1,2832.7,2848.6,36.95
10.8785,163,6,2000,2000,33.33,-1.52661,0,1,1,96,0.2,4,100,1,2830.35,2900.79,35.62
10.875,156,5,2000,1696.71,33.33,-1.527,0,1,1,96,0.2,4,100,1,2867.7,2015.14,36.79
10.8935,193,3,2000,712.658,23.01,-1.52258,0,1,1,32,0.15,4,100,1,2813.84,3202.99,32.17
10.898,202,13,2760.05,4402.08,32.76,-1.52622,0,0,0,0,0,4,100,0,0,0,0
10.8985,203,14,2744.69,4843.3,32.41,-1.5566,0,0,0,0,0,4,100,0,0,0,0
10.899,204,16,2752.67,5225.52,32.09,-1.62911,0,0,0,0,0,4,100,0,0,0,0
10.8995,205,18,2780.81,5652.49,32.77,-1.63215,0,0,0,0,0,4,100,0,0,0,0
10.903,12,5,2000,1846.79,27.39,1.62267,0,1,1,289,0.35,4,100,1,2830.22,6269.53,27.67
10.904,14,4,2000,1160.19,27.25,1.61007,0,1,1,257,0.2,4,100,1,2796.82,5640.76,27.35
10.9045,15,3,2000,831.107,27.57,1.60964,0,1,1,289,0.35,4,100,1,2773.6,5291.13,27.67
10.9055,17,2,2000,503.39,27.31,1.71326,0,1,1,257,0.2,4,100,1,2776.25,4579.39,27.58
10.928,62,6,2000,2000,33.33,1.60318,0,1,1,32,0.15,4,100,1,2898.32,1654.57,34.71
10.929,64,6,2000,2000,33.33,1.60344,0,1,1,96,0.2,4,100,1,2925.97,1023.95,28.68
10.9295,65,6,2000,2000,33.33,1.60319,0,1,1,96,0.2,4,100,1,2923.63,1083.65,41.17
10.93,66,5,2000,1826.38,33.33,1.62233,0,1,1,353,0.4,4,100,1,2918.79,1125.35,40.51
10.931,68,5,2000,1642.16,33.33,1.6224,0,1,1,353,0.4,4,100,1,2934.66,801.802,33.44
10.9315,69,5,2000,1632.58,31.91,1.62249,0,1,1,353,0.4,4,100,1,2932.22,782.302,33.16
10.932,70,3,2000,1011.54,28.68,1.60986,0,1,1,353,0.4,4,100,1,2934.08,734.938,34.62
10.9325,71,3,2000,1071.28,33.33,1.60991,0,1,1,353,0.4,4,100,1,2938.92,689.886,33.97
10.933,72,4,2000,1112.98,33.33,1.61003,0,1,1,329,0.4,4,100,1,2991.69,332.568,23.27
10.9335,73,3,2000,1001.81,33.33,1.60999,0,1,1,353,0.4,4,100,1,3002.22,303.954,24.54
10.935,76,3,2000,722.579,33.33,1.6124,0,1,1,353,0.4,4,100,1,2824.55,3497.31,24.52
10.934,74,3,2000,789.436,33.33,1.60997,0,1,1,353,0.4,4,100,1,2825.67,6595.73,24.45
10.9355,77,3,2000,677.532,33.33,1.53864,0,1,1,353,0.4,4,100,1,2839.47,3172.87,24.94
10.9345,75,3,2000,769.94,33.16,1.60968,0,1,1,353,0.4,4,100,1,2832.37,6247.66,24.95
10.9305,67,5,2000,1776.18,33.33,1.62258,0,1,1,353,0.4,4,100,1,2923.13,1014.42,38.53
10.9405,87,6,2000,1953.24,24.48,1.60308,0,1,1,289,0.35,4,100,1,2975.21,439.003,24.5
10.941,88,5,2000,1632.85,24.45,1.62278,0,1,1,289,0.35,4,100,1,2797.2,5588.43,23.23
10.9415,89,4,2000,1361,24.46,1.60966,0,1,1,257,0.2,4,100,1,2778.08,5310.57,24.81
10.9425,91,3,2000,721.588,24.68,1.61217,0,1,1,289,0.35,4,100,1,2766.75,4725.41,24.73
10.942,90,3,2000,1016.12,24.81,1.60992,0,1,1,289,0.35,4,100,1,2768.25,5039.77,24.68
10.9435,93,2,2000,426.74,24.5,1.77491,0,1,1,257,0.2,4,100,1,2795.24,4076.03,24.56
10.951,108,5,2000,1788.93,23.31,1.62232,0,1,1,353,0.4,4,100,1,2983.28,370.54,23.3
10.9515,109,4,2000,1479.33,23,1.62258,0,1,1,321,0.25,4,100,1,2780.58,5299.74,23.55
10.952,110,4,2000,1228.96,23.05,1.61031,0,1,1,321,0.25,4,100,1,2767.68,5002.69,23.41
10.953,112,3,2000,631.716,23.45,1.66911,0,1,1,289,0.35,4,100,1,2781.49,4460.06,23.21
10.9525,111,3,2000,917.415,23.3,1.60988,0,1,1,289,0.35,4,100,1,2769.17,4746.67,23.27
10.954,114,2,2000,358.426,23.3,1.78788,0,1,1,257,0.2,4,100,1,2809.1,3834.51,23.14
10.961,128,6,2000,2000,33.28,1.60327,0,1,1,32,0.15,4,100,1,2824.19,6211.09,32.59
10.9615,129,5,2000,1703.21,33.01,1.62262,0,1,1,289,0.35,4,100,1,2794.34,5594.99,27.98
10.962,130,4,2000,1201.52,32.66,1.61,0,1,1,257,0.2,4,100,1,2767.37,5185.65,32.11
10.9625,131,3,2000,845.039,33.13,1.61003,0,1,1,289,0.35,4,100,1,2764.04,4973.86,32.34
10.963,132,2,2000,410.359,32.72,1.78383,0,1,1,257,0.2,4,100,1,2818.53,3022.54,27.55
10.9715,149,4,2000,1249.66,33.33,-1.52787,0,1,0,0,0,4,100,1,2883.38,1659.88,33.4
10.973,152,3,2000,725.525,33.33,-1.52358,0,1,1,96,0.2,4,100,1,2874.49,1861.85,37.78
10.9735,153,3,2000,778.681,33.33,-1.52375,0,1,1,96,0.2,4,100,1,2872.25,1912.51,36.47
10.974,154,6,2000,1989.4,31.35,-1.52676,0,1,1,32,0.15,4,100,1,2870.03,1962.49,36.53
10.9745,155,5,2000,1647.89,33.33,-1.52706,0,1,1,96,0.2,4,100,1,2855.07,2300.28,34.59
10.975,156,5,2000,1694.72,33.33,-1.527,0,1,1,96,0.2,4,100,1,2867.85,2011.64,36.79
10.976,158,5,2000,1849.88,33.33,-1.52658,0,1,1,96,0.2,4,100,1,2842.22,2638.28,35.15
10.9755,157,5,2000,1800.48,33.33,-1.52639,0,1,1,96,0.2,4,100,1,2865.62,2061.99,37.14
10.977,160,6,2000,1950.54,33.33,-1.52669,0,1,1,32,0.15,4,100,1,2837.95,2732.41,35.49
10.978,162,6,2000,1999.72,33.33,-1.52673,0,1,1,96,0.2,4,100,1,2832.86,2844.9,36.95
10.9785,163,6,2000,2000,33.33,-1.52661,0,1,1,96,0.2,4,100,1,2830.51,2897.22,35.62
10.9935,193,3,2000,711.776,23.01,-1.52258,0,1,1,32,0.15,4,100,1,2813.97,3199.78,32.17
10.998,202,13,2760.2,4398.81,32.76,-1.52622,0,0,0,0,0,4,100,0,0,0,0
10.9985,203,14,2744.74,4840.06,32.41,-1.5566,0,0,0,0,0,4,100,0,0,0,0
10.999,204,16,2752.48,5222.32,32.09,-1.62911,0,0,0,0,0,4,100,0,0,0,0
10.9995,205,18,2780.6,5649.22,32.77,-1.63215,0,0,0,0,0,4,100,0,0,0,0
11.003,12,5,2000,1850.94,27.73,1.62239,0,1,1,289,0.35,4,100,1,2830.35,6272.3,27.29
11.004,14,4,2000,1164.33,27.66,1.60986,0,1,1,261,0.3,4,100,1,2796.97,5643.49,27.68
11.0045,15,3,2000,835.28,27.25,1.61006,0,1,1,289,0.35,4,100,1,2773.78,5293.88,27.25
11.0055,17,2,2000,507.512,27.32,1.7126,0,1,1,257,0.2,4,100,1,2776.13,4582.15,27.41
11.028,62,6,2000,2000,33.33,1.60344,0,1,1,32,0.15,4,100,1,2898.14,1658.05,35.27
11.029,64,6,2000,2000,33.33,1.60316,0,1,1,96,0.2,4,100,1,2925.86,1026.84,29.6
11.0295,65,6,2000,2000,33.33,1.60324,0,1,1,96,0.2,4,100,1,2923.47,1087.73,40.02
11.03,66,5,2000,1831.55,33.33,1.62249,0,1,1,353,0.4,4,100,1,2918.63,1129.4,40.63
11.031,68,5,2000,1647.07,33.33,1.62241,0,1,1,353,0.4,4,100,1,2934.53,805.122,32.74
11.0315,69,5,2000,1637.13,29.97,1.51815,0,1,1,359,0.6,4,100,1,2932.09,785.641,33.97
11.0305,67,5,2000,1781.39,33.33,1.62254,0,1,1,353,0.4,4,100,1,2922.99,1018.07,38.44
11.032,70,3,2000,1015.86,29.6,1.60999,0,1,1,357,0.5,4,100,1,2933.94,738.334,32.88
11.0325,71,3,2000,1076.78,33.33,1.61002,0,1,1,353,0.4,4,100,1,2938.94,693.356,36.46
11.0335,73,3,2000,1007.08,33.33,1.6098,0,1,1,353,0.4,4,100,1,3001.6,306.27,23.32
11.033,72,4,2000,1118.45,33.33,1.60991,0,1,1,321,0.25,4,100,1,2991.15,334.838,23.35
11.0345,75,3,2000,774.706,33.33,1.60994,0,1,1,321,0.25,4,100,1,2832.49,6250.08,24.36
11.034,74,3,2000,794.178,32.74,1.60991,0,1,1,325,0.35,4,100,1,2825.41,6598.16,24.54
11.0355,77,3,2000,682.44,33.33,1.61083,0,1,1,323,0.35,4,100,1,2839.35,3175.34,24.71
11.035,76,3,2000,727.402,32.88,1.61002,0,1,1,325,0.35,4,100,1,2824.41,3499.83,24.87
11.0405,87,6,2000,1957.11,24.52,1.60304,0,1,1,289,0.35,4,100,1,2974.86,441.413,24.38
11.041,88,5,2000,1636.73,24.83,1.62241,0,1,1,289,0.35,4,100,1,2797.33,5590.76,23.61
11.0415,89,4,2000,1364.87,24.72,1.61006,0,1,1,257,0.2,4,100,1,2778.25,5313.04,24.75
11.042,90,3,2000,1020.02,24.87,1.61024,0,1,1,257,0.2,4,100,1,2768.29,5042.22,24.9
11.0425,91,3,2000,725.464,24.75,1.61002,0,1,1,257,0.2,4,100,1,2766.65,4727.89,24.76
11.0435,93,2,2000,430.581,24.38,1.62557,0,1,1,259,0.3,4,100,1,2795.13,4078.45,24.62
11.051,108,5,2000,1792.66,23.13,1.62272,0,1,1,353,0.4,4,100,1,2982.94,372.845,23.41
11.0515,109,4,2000,1483.07,23.49,1.62237,0,1,1,325,0.35,4,100,1,2780.74,5302.08,23.42
11.052,110,4,2000,1232.67,23,1.60954,0,1,1,321,0.25,4,100,1,2767.72,5005.01,23.09
11.0525,111,3,2000,921.161,23.33,1.60983,0,1,1,257,0.2,4,100,1,2769.09,4748.99,23.57
11.053,112,3,2000,635.468,23.59,1.66848,0,1,1,257,0.2,4,100,1,2781.39,4462.4,23.23
11.054,114,2,2000,362.161,23.41,1.6514,0,1,1,259,0.3,4,100,1,2809,3836.83,23.32
11.061,128,6,2000,2000,32.55,1.60337,0,1,1,36,0.25,4,100,1,2824.35,6214.33,32.42
11.0615,129,5,2000,1707.88,32.1,1.62251,0,1,1,293,0.45,4,100,1,2794.49,5597.74,27.26
11.062,130,4,2000,1206.26,33.29,1.60985,0,1,1,261,0.3,4,100,1,2767.52,5188.85,32.38
11.0625,131,3,2000,849.738,32.47,1.60989,0,1,1,293,0.45,4,100,1,2764.09,4977.07,32.13
11.063,132,2,2000,415.026,33.21,1.76132,0,1,1,261,0.3,4,100,1,2818.65,3019.82,27.27
11.0715,149,4,2000,1247.75,33.33,-1.52782,0,1,0,0,0,4,100,1,2883.52,1656.61,32.54
11.073,152,3,2000,722.979,33.33,-1.50345,0,1,1,96,0.2,4,100,1,2874.65,1858.11,37.42
11.0735,153,3,2000,776.181,33.33,-1.5237,0,1,1,96,0.2,4,100,1,2872.41,1908.8,37.56
11.074,154,6,2000,1987.64,32.2,-1.52636,0,1,1,36,0.25,4,100,1,2870.19,1958.84,36.8
11.0745,155,5,2000,1646.06,32.54,-1.52713,0,1,1,68,0.15,4,100,1,2855.22,2296.89,34
11.075,156,5,2000,1692.76,33.33,-1.5272,0,1,0,64,0.05,4,100,1,2868.01,2008.01,36.38
11.076,158,5,2000,1847.56,33.33,-1.5264,0,1,0,64,0.05,4,100,1,2842.38,2634.74,35.59
11.0755,157,5,2000,1798.21,33.33,-1.52651,0,1,0,64,0.05,4,100,1,2865.79,2058.31,36.71
11.077,160,6,2000,1948.32,33.33,-1.52647,0,1,1,96,0.2,4,100,1,2838.11,2728.9,35.1
11.078,162,6,2000,1997.52,33.33,-1.52652,0,1,1,96,0.2,4,100,1,2833.03,2841.21,37.35
11.0785,163,6,2000,2000,33.33,-1.52636,0,1,1,96,0.2,4,100,1,2830.67,2893.52,37.73
11.0935,193,3,2000,710.904,23.15,-1.4944,0,1,1,32,0.15,4,100,1,2814.11,3196.47,33.22
11.098,202,13,2760.35,4395.6,32.14,-1.52379,-6.2,0,1,4,0.1,4,100,0,0,0,0
11.0985,203,14,2744.82,4836.84,32.22,-1.54472,-1.9,0,0,0,0,4,100,0,0,0,0
11.0995,205,18,2780.42,5646,32.22,-1.62887,-5.5,0,1,4,0.1,4,100,0,0,0,0
11.099,204,16,2752.3,5219.08,32.46,-1.62812,3.7,0,0,0,0,4,100,0,0,0,0
11.103,12,5,2000,1855.15,27.73,1.62239,0,1,1,257,0.2,4,100,1,2830.49,6275.02,27.29
11.104,14,4,2000,1168.53,27.66,1.60986,0,1,1,257,0.2,4,100,1,2797.12,5646.26,27.68
11.1045,15,3,2000,839.439,27.25,1.61006,0,1,1,289,0.35,4,100,1,2773.96,5296.6,27.25
11.128,62,6,2000,2000,33.33,1.60344,0,1,0,64,0.05,4,100,1,2897.96,1661.57,35.27
11.129,64,6,2000,2000,33.33,1.60316,0,1,0,64,0.05,4,100,1,2925.74,1029.8,29.6
11.1295,65,6,2000,2000,33.33,1.60324,0,1,0,64,0.05,4,100,1,2923.32,1091.73,40.02
11.13,66,5,2000,1836.82,33.33,1.62249,0,1,1,321,0.25,4,100,1,2918.47,1133.46,40.63
11.1305,67,5,2000,1786.54,33.33,1.62254,0,1,1,321,0.25,4,100,1,2922.84,1021.87,38.44
11.131,68,5,2000,1652.03,33.33,1.62241,0,1,1,321,0.25,4,100,1,2934.4,808.395,32.74
11.1315,69,5,2000,1641.56,29.97,1.51815,0,1,1,353,0.4,4,100,1,2931.96,789.05,33.97
11.1325,71,3,2000,1082.22,33.33,1.61002,0,1,1,353,0.4,4,100,1,2938.8,696.997,36.46
11.132,70,3,2000,1020.26,29.6,1.60999,0,1,1,353,0.4,4,100,1,2933.81,741.654,32.88
11.1335,73,3,2000,1012.37,33.33,1.6098,0,1,1,353,0.4,4,100,1,3001.01,308.531,23.32
11.134,74,3,2000,798.892,32.74,1.60991,0,1,1,353,0.4,4,100,1,2825.16,6600.57,24.54
11.133,72,4,2000,1123.95,33.33,1.60991,0,1,1,321,0.25,4,100,1,2990.65,337.129,23.35
11.1345,75,3,2000,779.543,33.33,1.60994,0,1,1,353,0.4,4,100,1,2832.61,6252.52,24.36
11.135,76,3,2000,732.13,32.88,1.61002,0,1,1,353,0.4,4,100,1,2824.28,3502.26,24.87
11.1355,77,3,2000,687.526,33.33,1.61083,0,1,1,353,0.4,4,100,1,2839.21,3177.81,24.71
11.1405,87,6,2000,1961,24.52,1.60304,0,1,1,257,0.2,4,100,1,2974.72,443.847,24.38
11.141,88,5,2000,1640.65,24.83,1.62241,0,1,1,289,0.35,4,100,1,2797.46,5593.12,23.61
11.1415,89,4,2000,1368.79,24.72,1.61006,0,1,1,257,0.2,4,100,1,2778.41,5315.51,24.75
11.142,90,3,2000,1023.95,24.87,1.61024,0,1,1,289,0.35,4,100,1,2768.32,5044.71,24.9
11.1425,91,3,2000,729.381,24.75,1.61002,0,1,1,289,0.35,4,100,1,2766.56,4730.37,24.76
11.1435,93,2,2000,434.459,24.38,1.62557,0,1,1,257,0.2,4,100,1,2795.02,4080.92,24.62
11.151,108,5,2000,1796.42,23.13,1.62272,0,1,1,353,0.4,4,100,1,2982.75,375.179,23.41
11.1515,109,4,2000,1486.86,23.49,1.62237,0,1,1,321,0.25,4,100,1,2780.89,5304.42,23.42
11.152,110,4,2000,1236.42,23,1.60954,0,1,1,321,0.25,4,100,1,2767.75,5007.32,23.09
11.153,112,3,2000,639.261,23.59,1.66848,0,1,1,289,0.35,4,100,1,2781.29,4464.7,23.23
11.1525,111,3,2000,924.937,23.33,1.60983,0,1,1,289,0.35,4,100,1,2769,4751.37,23.57
11.154,114,2,2000,365.94,23.41,1.6514,0,1,1,257,0.2,4,100,1,2808.89,3839.16,23.32
11.161,128,6,2000,2000,32.55,1.60337,0,1,0,0,0,4,100,1,2824.5,6217.57,32.42
11.1615,129,5,2000,1712.53,32.1,1.62251,0,1,1,289,0.35,4,100,1,2794.64,5600.46,27.26
11.162,130,4,2000,1211.03,33.29,1.60985,0,1,1,257,0.2,4,100,1,2767.68,5192.09,32.38
11.1625,131,3,2000,854.429,32.47,1.60989,0,1,1,289,0.35,4,100,1,2764.14,4980.29,32.13
11.163,132,2,2000,419.734,33.21,1.76132,0,1,1,257,0.2,4,100,1,2818.78,3017.08,27.27
11.1715,149,4,2000,1245.84,33.33,-1.52782,0,1,0,0,0,4,100,1,2883.66,1653.36,32.54
11.173,152,3,2000,720.437,33.33,-1.50345,0,1,1,96,0.2,4,100,1,2874.82,1854.37,37.42
11.1735,153,3,2000,773.66,33.33,-1.5237,0,1,1,96,0.2,4,100,1,2872.58,1905.04,37.56
11.174,154,6,2000,1985.87,32.2,-1.52636,0,1,0,0,0,4,100,1,2870.35,1955.15,36.8
11.175,156,5,2000,1690.82,33.33,-1.5272,0,1,1,96,0.2,4,100,1,2868.17,2004.4,36.38
11.1755,157,5,2000,1795.93,33.33,-1.52651,0,1,1,96,0.2,4,100,1,2865.95,2054.69,36.71
11.176,158,5,2000,1845.27,33.33,-1.5264,0,1,1,96,0.2,4,100,1,2842.54,2631.18,35.59
11.1745,155,5,2000,1644.26,32.54,-1.52713,0,1,1,96,0.2,4,100,1,2855.38,2293.42,34
11.177,160,6,2000,1946.09,33.33,-1.52647,0,1,0,64,0.05,4,100,1,2838.27,2725.38,35.1
11.1785,163,6,2000,2000,33.33,-1.52636,0,1,0,64,0.05,4,100,1,2830.84,2889.74,37.73
11.178,162,6,2000,1995.33,33.33,-1.52652,0,1,1,96,0.2,4,100,1,2833.2,2837.41,37.35
11.1935,193,3,2000,710.047,23.15,-1.4944,0,1,1,32,0.15,4,100,1,2814.25,3193.15,33.22
11.198,202,13,2760.5,4392.39,32.14,-1.52379,0,0,0,0,0,4,100,0,0,0,0
11.1985,203,14,2744.91,4833.62,32.22,-1.54472,0,0,0,0,0,4,100,0,0,0,0
11.199,204,16,2752.11,5215.84,32.46,-1.62812,0,0,0,0,0,4,100,0,0,0,0
11.1995,205,18,2780.23,5642.78,32.22,-1.62887,0,0,0,0,0,4,100,0,0,0,0
11.203,12,5,2000,1859.37,27.73,1.62239,0,1,1,289,0.35,4,100,1,2830.62,6277.75,27.29
11.204,14,4,2000,1172.75,27.66,1.60986,0,1,1,257,0.2,4,100,1,2797.27,5649.02,27.68
11.2045,15,3,2000,843.615,27.25,1.61006,0,1,1,289,0.35,4,100,1,2774.14,5299.31,27.25
11.228,62,6,2000,2000,33.33,1.60344,0,1,1,96,0.2,4,100,1,2897.78,1665.09,35.27
11.229,64,6,2000,2000,33.33,1.60316,0,1,1,96,0.2,4,100,1,2925.63,1032.75,29.6
11.2295,65,6,2000,2000,33.33,1.60324,0,1,1,96,0.2,4,100,1,2923.16,1095.73,40.02
11.23,66,5,2000,1842.11,33.33,1.62249,0,1,1,353,0.4,4,100,1,2918.31,1137.52,40.63
11.231,68,5,2000,1657.01,33.33,1.62241,0,1,1,353,0.4,4,100,1,2934.28,811.665,32.74
11.2315,69,5,2000,1646.01,29.97,1.51815,0,1,1,353,0.4,4,100,1,2931.83,792.43,33.97
11.2305,67,5,2000,1791.7,33.33,1.62254,0,1,1,353,0.4,4,100,1,2922.69,1025.76,38.44
11.232,70,3,2000,1024.67,29.6,1.60999,0,1,1,353,0.4,4,100,1,2933.69,744.925,32.88
11.2335,73,3,2000,1017.67,33.33,1.6098,0,1,1,353,0.4,4,100,1,3000.42,310.782,23.32
11.234,74,3,2000,803.62,32.74,1.60991,0,1,1,353,0.4,4,100,1,2824.91,6603.01,24.54
11.233,72,4,2000,1129.47,33.33,1.60991,0,1,1,321,0.25,4,100,1,2990.14,339.432,23.35
11.2355,77,3,2000,692.626,33.33,1.61083,0,1,1,353,0.4,4,100,1,2839.06,3180.27,24.71
11.235,76,3,2000,736.873,32.88,1.61002,0,1,1,353,0.4,4,100,1,2824.15,3504.78,24.87
11.2345,75,3,2000,784.394,33.33,1.60994,0,1,1,353,0.4,4,100,1,2832.73,6255.01,24.36
11.2405,87,6,2000,1964.91,24.52,1.60304,0,1,1,289,0.35,4,100,1,2974.59,446.282,24.38
11.241,88,5,2000,1644.59,24.83,1.62241,0,1,1,289,0.35,4,100,1,2797.58,5595.48,23.61
11.2415,89,4,2000,1372.72,24.72,1.61006,0,1,1,257,0.2,4,100,1,2778.57,5317.98,24.75
11.242,90,3,2000,1027.89,24.87,1.61024,0,1,1,289,0.35,4,100,1,2768.36,5047.2,24.9
11.2425,91,3,2000,733.312,24.75,1.61002,0,1,1,289,0.35,4,100,1,2766.47,4732.84,24.76
11.2435,93,2,2000,438.352,24.38,1.62557,0,1,1,257,0.2,4,100,1,2794.91,4083.38,24.62
11.251,108,5,2000,1800.19,23.13,1.62272,0,1,1,353,0.4,4,100,1,2982.57,377.512,23.41
11.2515,109,4,2000,1490.67,23.49,1.62237,0,1,1,321,0.25,4,100,1,2781.04,5306.76,23.42
11.252,110,4,2000,1240.18,23,1.60954,0,1,1,321,0.25,4,100,1,2767.79,5009.63,23.09
11.2525,111,3,2000,928.728,23.33,1.60983,0,1,1,289,0.35,4,100,1,2768.92,4753.71,23.57
11.253,112,3,2000,643.069,23.59,1.66848,0,1,1,289,0.35,4,100,1,2781.18,4467.03,23.23
11.254,114,2,2000,369.733,23.41,1.6514,0,1,1,257,0.2,4,100,1,2808.79,3841.49,23.32
11.261,128,6,2000,2000,32.55,1.60337,0,1,1,32,0.15,4,100,1,2824.66,6220.81,32.42
11.2615,129,5,2000,1717.2,32.1,1.62251,0,1,1,289,0.35,4,100,1,2794.79,5603.18,27.26
11.262,130,4,2000,1215.82,33.29,1.60985,0,1,1,257,0.2,4,100,1,2767.83,5195.32,32.38
11.2625,131,3,2000,859.135,32.47,1.60989,0,1,1,289,0.35,4,100,1,2764.19,4983.5,32.13
11.263,132,2,2000,424.456,33.21,1.76132,0,1,1,257,0.2,4,100,1,2818.9,3014.36,27.27
11.2715,149,4,2000,1243.96,33.33,-1.52782,0,1,0,0,0,4,100,1,2883.81,1650.11,32.54
11.273,152,3,2000,717.91,33.33,-1.50345,0,1,1,96,0.2,4,100,1,2874.98,1850.63,37.42
11.2735,153,3,2000,771.153,33.33,-1.5237,0,1,1,96,0.2,4,100,1,2872.74,1901.29,37.56
11.274,154,6,2000,1984.12,32.2,-1.52636,0,1,1,32,0.15,4,100,1,2870.52,1951.48,36.8
11.2745,155,5,2000,1642.47,32.54,-1.52713,0,1,1,96,0.2,4,100,1,2855.52,2290.09,34
11.2755,157,5,2000,1793.67,33.33,-1.52651,0,1,1,96,0.2,4,100,1,2866.11,2051.02,36.71
11.275,156,5,2000,1688.89,33.33,-1.5272,0,1,1,96,0.2,4,100,1,2868.33,2000.72,36.38
11.276,158,5,2000,1843,33.33,-1.5264,0,1,1,96,0.2,4,100,1,2842.69,2627.61,35.59
11.277,160,6,2000,1943.88,33.33,-1.52647,0,1,1,96,0.2,4,100,1,2838.43,2721.89,35.1
11.278,162,6,2000,1993.16,33.33,-1.52652,0,1,1,96,0.2,4,100,1,2833.37,2833.74,37.35
11.2785,163,6,2000,2000,33.33,-1.52636,0,1,1,96,0.2,4,100,1,2831.01,2885.95,37.73
11.2935,193,3,2000,709.204,23.15,-1.4944,0,1,1,32,0.15,4,100,1,2814.39,3189.83,33.22
11.298,202,13,2760.65,4389.18,32.14,-1.52379,0,0,0,0,0,4,100,0,0,0,0
11.2985,203,14,2744.99,4830.4,32.22,-1.54472,0,0,0,0,0,4,100,0,0,0,0
11.299,204,16,2751.92,5212.6,32.46,-1.62812,0,0,0,0,0,4,100,0,0,0,0
11.2995,205,18,2780.04,5639.57,32.22,-1.62887,0,0,0,0,0,4,100,0,0,0,0
11.304,14,4,2000,1176.98,27.66,1.60986,0,1,1,257,0.2,4,100,1,2797.42,5651.79,27.68
11.3045,15,3,2000,847.805,27.25,1.61006,0,1,1,289,0.35,4,100,1,2774.32,5302.03,27.25
11.328,62,6,2000,2000,33.33,1.60344,0,1,1,96,0.2,4,100,1,2897.6,1668.62,35.27
11.329,64,6,2000,2000,33.33,1.60316,0,1,1,96,0.2,4,100,1,2925.51,1035.71,29.6
11.3295,65,6,2000,2000,33.33,1.60324,0,1,1,96,0.2,4,100,1,2923,1099.73,40.02
11.33,66,5,2000,1847.4,33.33,1.62249,0,1,1,353,0.4,4,100,1,2918.15,1141.58,40.63
11.331,68,5,2000,1662.01,33.33,1.62241,0,1,1,353,0.4,4,100,1,2934.15,814.948,32.74
11.332,70,3,2000,1029.1,29.6,1.60999,0,1,1,353,0.4,4,100,1,2933.56,748.188,32.88
11.3315,69,5,2000,1650.47,29.97,1.51815,0,1,1,353,0.4,4,100,1,2931.69,795.848,33.97
11.333,72,4,2000,1135,33.33,1.60991,0,1,1,321,0.25,4,100,1,2989.65,341.661,23.35
11.3335,73,3,2000,1022.98,33.33,1.6098,0,1,1,353,0.4,4,100,1,2999.83,313.04,23.32
11.3305,67,5,2000,1796.88,33.33,1.62254,0,1,1,353,0.4,4,100,1,2922.54,1029.68,38.44
11.334,74,3,2000,808.362,32.74,1.60991,0,1,1,353,0.4,4,100,1,2824.65,6605.46,24.54
11.335,76,3,2000,741.629,32.88,1.61002,0,1,1,353,0.4,4,100,1,2824.02,3507.23,24.87
11.3355,77,3,2000,697.74,33.33,1.61083,0,1,1,353,0.4,4,100,1,2838.92,3182.74,24.71
11.3345,75,3,2000,789.259,33.33,1.60994,0,1,1,353,0.4,4,100,1,2832.85,6257.43,24.36
11.3405,87,6,2000,1968.83,24.52,1.60304,0,1,1,289,0.35,4,100,1,2974.46,448.716,24.38
11.341,88,5,2000,1648.54,24.83,1.62241,0,1,1,289,0.35,4,100,1,2797.71,5597.83,23.61
11.3415,89,4,2000,1376.66,24.72,1.61006,0,1,1,257,0.2,4,100,1,2778.73,5320.45,24.75
11.342,90,3,2000,1031.85,24.87,1.61024,0,1,1,289,0.35,4,100,1,2768.4,5049.69,24.9
11.3425,91,3,2000,737.257,24.75,1.61002,0,1,1,289,0.35,4,100,1,2766.38,4735.32,24.76
11.3435,93,2,2000,442.258,24.38,1.62557,0,1,1,257,0.2,4,100,1,2794.8,4085.83,24.62
11.351,108,5,2000,1803.97,23.13,1.62272,0,1,1,353,0.4,4,100,1,2982.38,379.846,23.41
11.3515,109,4,2000,1494.49,23.49,1.62237,0,1,1,321,0.25,4,100,1,2781.19,5309.1,23.42
11.352,110,4,2000,1243.95,23,1.60954,0,1,1,321,0.25,4,100,1,2767.82,5011.94,23.09
11.3525,111,3,2000,932.532,23.33,1.60983,0,1,1,289,0.35,4,100,1,2768.83,4756.06,23.57
11.353,112,3,2000,646.889,23.59,1.66848,0,1,1,289,0.35,4,100,1,2781.08,4469.35,23.23
11.354,114,2,2000,373.539,23.41,1.6514,0,1,1,257,0.2,4,100,1,2808.69,3843.82,23.32
11.361,128,6,2000,2000,32.55,1.60337,0,1,1,32,0.15,4,100,1,2824.82,6224.04,32.42
11.3615,129,5,2000,1721.88,32.1,1.62251,0,1,1,289,0.35,4,100,1,2794.93,5605.9,27.26
11.362,130,4,2000,1220.62,33.29,1.60985,0,1,1,257,0.2,4,100,1,2767.98,5198.56,32.38
11.3625,131,3,2000,863.853,32.47,1.60989,0,1,1,289,0.35,4,100,1,2764.24,4986.71,32.13
11.363,132,2,2000,429.191,33.21,1.76132,0,1,1,257,0.2,4,100,1,2819.02,3011.64,27.27
11.3715,149,4,2000,1242.08,33.33,-1.52782,0,1,0,0,0,4,100,1,2883.95,1646.86,32.54
11.373,152,3,2000,715.395,33.33,-1.50345,0,1,1,96,0.2,4,100,1,2875.15,1846.89,37.42
11.3735,153,3,2000,768.659,33.33,-1.5237,0,1,1,96,0.2,4,100,1,2872.91,1897.54,37.56
11.374,154,6,2000,1982.37,32.2,-1.52636,0,1,1,32,0.15,4,100,1,2870.68,1947.81,36.8
11.3745,155,5,2000,1640.7,32.54,-1.52713,0,1,1,96,0.2,4,100,1,2855.67,2286.7,34
11.375,156,5,2000,1686.97,33.33,-1.5272,0,1,1,96,0.2,4,100,1,2868.49,1997.12,36.38
11.3755,157,5,2000,1791.42,33.33,-1.52651,0,1,1,96,0.2,4,100,1,2866.27,2047.35,36.71
11.377,160,6,2000,1941.68,33.33,-1.52647,0,1,1,96,0.2,4,100,1,2838.59,2718.39,35.1
11.376,158,5,2000,1840.74,33.33,-1.5264,0,1,1,96,0.2,4,100,1,2842.85,2624.01,35.59
11.3785,163,6,2000,2000,33.33,-1.52636,0,1,1,96,0.2,4,100,1,2831.18,2882.21,37.73
11.378,162,6,2000,1991,33.33,-1.52652,0,1,1,96,0.2,4,100,1,2833.54,2829.96,37.35
11.3935,193,3,2000,708.373,23.15,-1.4944,0,1,1,32,0.15,4,100,1,2814.53,3186.51,33.22
11.398,202,13,2760.8,4385.97,32.14,-1.52379,0,0,0,0,0,4,100,0,0,0,0
11.3985,203,14,2745.07,4827.17,32.22,-1.54472,0,0,0,0,0,4,100,0,0,0,0
11.3995,205,18,2779.86,5636.35,32.22,-1.62887,0,0,0,0,0,4,100,0,0,0,0
11.399,204,16,2751.74,5209.36,32.46,-1.62812,0,0,0,0,0,4,100,0,0,0,0
11.404,14,4,2000,1181.22,27.66,1.60986,0,1,1,257,0.2,4,100,1,2797.57,5654.55,27.68
11.4045,15,3,2000,852.006,27.25,1.61006,0,1,1,289,0.35,4,100,1,2774.49,5304.75,27.25
11.428,62,6,2000,2000,33.33,1.60344,0,1,1,32,0.15,4,100,1,2897.41,1672.14,35.27
11.429,64,6,2000,2000,33.33,1.60316,0,1,1,96,0.2,4,100,1,2925.39,1038.67,29.6
11.43,66,5,2000,1852.71,33.33,1.62249,0,1,1,353,0.4,4,100,1,2918,1145.63,40.63
11.4305,67,5,2000,1802.07,33.33,1.62254,0,1,1,353,0.4,4,100,1,2922.39,1033.38,38.44
11.4295,65,6,2000,2000,33.33,1.60324,0,1,1,96,0.2,4,100,1,2922.84,1103.79,40.02
11.4315,69,5,2000,1654.95,29.97,1.51815,0,1,1,353,0.4,4,100,1,2931.56,799.225,33.97
11.433,72,4,2000,1140.54,33.33,1.60991,0,1,1,321,0.25,4,100,1,2989.15,343.942,23.35
11.4335,73,3,2000,1028.3,33.33,1.6098,0,1,1,353,0.4,4,100,1,2999.25,315.296,23.32
11.434,74,3,2000,813.115,32.74,1.60991,0,1,1,353,0.4,4,100,1,2824.4,6607.9,24.54
11.435,76,3,2000,746.395,32.88,1.61002,0,1,1,353,0.4,4,100,1,2823.89,3509.71,24.87
11.432,70,3,2000,1033.54,29.6,1.60999,0,1,1,353,0.4,4,100,1,2933.42,751.582,32.88
11.4355,77,3,2000,702.864,33.33,1.61083,0,1,1,353,0.4,4,100,1,2838.78,3185.2,24.71
11.4345,75,3,2000,794.135,33.33,1.60994,0,1,1,353,0.4,4,100,1,2832.96,6259.84,24.36
11.431,68,5,2000,1667.01,33.33,1.62241,0,1,1,353,0.4,4,100,1,2934.01,818.443,32.74
11.4405,87,6,2000,1972.76,24.52,1.60304,0,1,1,289,0.35,4,100,1,2974.32,451.15,24.38
11.441,88,5,2000,1652.5,24.83,1.62241,0,1,1,289,0.35,4,100,1,2797.84,5600.19,23.61
11.4415,89,4,2000,1380.61,24.72,1.61006,0,1,1,257,0.2,4,100,1,2778.89,5322.92,24.75
11.442,90,3,2000,1035.81,24.87,1.61024,0,1,1,289,0.35,4,100,1,2768.44,5052.18,24.9
11.4425,91,3,2000,741.212,24.75,1.61002,0,1,1,289,0.35,4,100,1,2766.29,4737.79,24.76
11.4435,93,2,2000,446.174,24.38,1.62557,0,1,1,257,0.2,4,100,1,2794.69,4088.29,24.62
11.451,108,5,2000,1807.76,23.13,1.62272,0,1,1,289,0.35,4,100,1,2982.19,382.179,23.41
11.4515,109,4,2000,1498.31,23.49,1.62237,0,1,1,321,0.25,4,100,1,2781.35,5311.43,23.42
11.452,110,4,2000,1247.73,23,1.60954,0,1,1,321,0.25,4,100,1,2767.86,5014.25,23.09
11.4525,111,3,2000,936.346,23.33,1.60983,0,1,1,289,0.35,4,100,1,2768.75,4758.41,23.57
11.453,112,3,2000,650.72,23.59,1.66848,0,1,1,289,0.35,4,100,1,2780.98,4471.67,23.23
11.454,114,2,2000,377.356,23.41,1.6514,0,1,1,257,0.2,4,100,1,2808.58,3846.14,23.32
11.461,128,6,2000,2000,32.55,1.60337,0,1,1,32,0.15,4,100,1,2824.97,6227.28,32.42
11.4615,129,5,2000,1726.56,32.1,1.62251,0,1,1,289,0.35,4,100,1,2795.08,5608.62,27.26
11.462,130,4,2000,1225.43,33.29,1.60985,0,1,1,257,0.2,4,100,1,2768.13,5201.79,32.38
11.4625,131,3,2000,868.582,32.47,1.60989,0,1,1,289,0.35,4,100,1,2764.29,4989.92,32.13
11.463,132,2,2000,433.935,33.21,1.76132,0,1,1,257,0.2,4,100,1,2819.15,3008.92,27.27
11.4715,149,4,2000,1240.21,33.33,-1.52782,0,1,0,0,0,4,100,1,2884.09,1643.61,32.54
11.473,152,3,2000,712.89,33.33,-1.50345,0,1,1,96,0.2,4,100,1,2875.32,1843.15,37.42
11.4735,153,3,2000,766.174,33.33,-1.5237,0,1,1,96,0.2,4,100,1,2873.08,1893.79,37.56
11.474,154,6,2000,1980.64,32.2,-1.52636,0,1,1,32,0.15,4,100,1,2870.84,1944.13,36.8
11.4745,155,5,2000,1638.93,32.54,-1.52713,0,1,1,96,0.2,4,100,1,2855.82,2283.3,34
11.4755,157,5,2000,1789.18,33.33,-1.52651,0,1,1,96,0.2,4,100,1,2866.44,2043.69,36.71
11.476,158,5,2000,1838.48,33.33,-1.5264,0,1,1,96,0.2,4,100,1,2843.01,2620.52,35.59
11.475,156,5,2000,1685.06,33.33,-1.5272,0,1,1,96,0.2,4,100,1,2868.66,1993.44,36.38
11.477,160,6,2000,1939.49,33.33,-1.52647,0,1,1,32,0.15,4,100,1,2838.75,2714.88,35.1
11.478,162,6,2000,1988.85,33.33,-1.52652,0,1,1,96,0.2,4,100,1,2833.71,2826.28,37.35
11.4785,163,6,2000,2000,33.33,-1.52636,0,1,1,96,0.2,4,100,1,2831.35,2878.43,37.73
11.4935,193,3,2000,707.551,23.15,-1.4944,0,1,1,32,0.15,4,100,1,2814.67,3183.19,33.22
11.498,202,13,2760.95,4382.76,32.14,-1.52379,0,0,0,0,0,4,100,0,0,0,0
11.4985,203,14,2745.16,4823.95,32.22,-1.54472,0,0,0,0,0,4,100,0,0,0,0
11.499,204,16,2751.55,5206.12,32.46,-1.62812,0,0,0,0,0,4,100,0,0,0,0
11.4995,205,18,2779.67,5633.13,32.22,-1.62887,0,0,0,0,0,4,100,0,0,0,0
11.504,14,4,2000,1185.47,27.66,1.60986,0,1,1,257,0.2,4,100,1,2797.72,5657.31,27.68
11.5045,15,3,2000,856.216,27.25,1.61006,0,1,1,289,0.35,4,100,1,2774.67,5307.47,27.25
11.528,62,6,2000,2000,33.33,1.60344,0,1,1,32,0.15,4,100,1,2897.23,1675.66,35.27
11.5295,65,6,2000,2000,33.33,1.60324,0,1,1,96,0.2,4,100,1,2922.69,1107.72,40.02
11.53,66,5,2000,1858.03,33.33,1.62249,0,1,1,353,0.4,4,100,1,2917.84,1149.69,40.63
11.5305,67,5,2000,1807.27,33.33,1.62254,0,1,1,353,0.4,4,100,1,2922.24,1037.23,38.44
11.531,68,5,2000,1672.02,33.33,1.62241,0,1,1,353,0.4,4,100,1,2933.89,821.496,32.74
11.532,70,3,2000,1037.98,29.6,1.60999,0,1,1,353,0.4,4,100,1,2933.3,754.76,32.88
11.5315,69,5,2000,1659.43,29.97,1.51815,0,1,1,353,0.4,4,100,1,2931.43,802.671,33.97
11.5335,73,3,2000,1033.63,33.33,1.6098,0,1,1,353,0.4,4,100,1,2998.66,317.552,23.32
11.534,74,3,2000,817.876,32.74,1.60991,0,1,1,353,0.4,4,100,1,2824.15,6610.35,24.54
11.533,72,4,2000,1146.09,33.33,1.60991,0,1,1,321,0.25,4,100,1,2988.64,346.274,23.35
11.5355,77,3,2000,707.997,33.33,1.61083,0,1,1,353,0.4,4,100,1,2838.63,3187.67,24.71
11.535,76,3,2000,751.17,32.88,1.61002,0,1,1,353,0.4,4,100,1,2823.76,3512.22,24.87
11.5345,75,3,2000,799.019,33.33,1.60994,0,1,1,353,0.4,4,100,1,2833.08,6262.31,24.36
11.5405,87,6,2000,1976.7,24.52,1.60304,0,1,1,289,0.35,4,100,1,2974.19,453.585,24.38
11.541,88,5,2000,1656.47,24.83,1.62241,0,1,1,289,0.35,4,100,1,2797.96,5602.55,23.61
11.5415,89,4,2000,1384.57,24.72,1.61006,0,1,1,257,0.2,4,100,1,2779.06,5325.39,24.75
11.542,90,3,2000,1039.79,24.87,1.61024,0,1,1,289,0.35,4,100,1,2768.48,5054.67,24.9
11.5425,91,3,2000,745.175,24.75,1.61002,0,1,1,289,0.35,4,100,1,2766.2,4740.27,24.76
11.5435,93,2,2000,450.098,24.38,1.62557,0,1,1,257,0.2,4,100,1,2794.58,4090.75,24.62
11.551,108,5,2000,1811.56,23.13,1.62272,0,1,1,289,0.35,4,100,1,2982,384.512,23.41
11.5515,109,4,2000,1502.15,23.49,1.62237,0,1,1,321,0.25,4,100,1,2781.5,5313.77,23.42
11.552,110,4,2000,1251.52,23,1.60954,0,1,1,321,0.25,4,100,1,2767.89,5016.56,23.09
11.5525,111,3,2000,940.168,23.33,1.60983,0,1,1,289,0.35,4,100,1,2768.66,4760.76,23.57
11.553,112,3,2000,654.558,23.59,1.66848,0,1,1,289,0.35,4,100,1,2780.88,4473.98,23.23
11.554,114,2,2000,381.18,23.41,1.6514,0,1,1,257,0.2,4,100,1,2808.48,3848.47,23.32
11.561,128,6,2000,2000,32.55,1.60337,0,1,1,32,0.15,4,100,1,2825.13,6230.52,32.42
11.5615,129,5,2000,1731.26,32.1,1.62251,0,1,1,353,0.4,4,100,1,2795.23,5611.35,27.26
11.562,130,4,2000,1230.24,33.29,1.60985,0,1,1,257,0.2,4,100,1,2768.28,5205.03,32.38
11.5625,131,3,2000,873.317,32.47,1.60989,0,1,1,289,0.35,4,100,1,2764.34,4993.14,32.13
11.563,132,2,2000,438.688,33.21,1.76132,0,1,1,257,0.2,4,100,1,2819.27,3006.19,27.27
11.5715,149,4,2000,1238.36,33.33,-1.52782,0,1,0,0,0,4,100,1,2884.23,1640.36,32.54
11.573,152,3,2000,710.392,33.33,-1.50345,0,1,1,96,0.2,4,100,1,2875.48,1839.42,37.42
11.5735,153,3,2000,763.696,33.33,-1.5237,0,1,1,96,0.2,4,100,1,2873.24,1890.03,37.56
11.574,154,6,2000,1978.92,32.2,-1.52636,0,1,1,32,0.15,4,100,1,2871.01,1940.46,36.8
11.575,156,5,2000,1683.15,33.33,-1.5272,0,1,1,96,0.2,4,100,1,2868.82,1989.86,36.38
11.5755,157,5,2000,1786.95,33.33,-1.52651,0,1,1,96,0.2,4,100,1,2866.6,2040.02,36.71
11.576,158,5,2000,1836.24,33.33,-1.5264,0,1,1,96,0.2,4,100,1,2843.17,2616.96,35.59
11.577,160,6,2000,1937.3,33.33,-1.52647,0,1,1,32,0.15,4,100,1,2838.91,2711.36,35.1
11.578,162,6,2000,1986.71,33.33,-1.52652,0,1,1,96,0.2,4,100,1,2833.88,2822.55,37.35
11.5785,163,6,2000,2000,33.33,-1.52636,0,1,1,96,0.2,4,100,1,2831.52,2874.67,37.73
11.5935,193,3,2000,706.736,23.15,-1.4944,0,1,1,32,0.15,4,100,1,2814.82,3179.87,33.22
11.598,202,13,2761.1,4379.55,32.14,-1.52379,0,0,0,0,0,4,100,0,0,0,0
11.5985,203,14,2745.24,4820.73,32.22,-1.54472,0,0,0,0,0,4,100,0,0,0,0
11.599,204,16,2751.37,5202.88,32.46,-1.62812,0,0,0,0,0,4,100,0,0,0,0
11.604,14,4,2000,1189.73,27.66,1.60986,0,1,1,257,0.2,4,100,1,2797.87,5660.09,27.68
11.6045,15,3,2000,860.433,27.25,1.61006,0,1,1,289,0.35,4,100,1,2774.85,5310.2,27.25
11.628,62,6,2000,2000,33.33,1.60344,0,1,1,96,0.2,4,100,1,2897.05,1679.18,35.27
11.6295,65,6,2000,2000,33.33,1.60324,0,1,1,96,0.2,4,100,1,2922.53,1111.72,40.02
11.6305,67,5,2000,1812.47,33.33,1.62254,0,1,1,353,0.4,4,100,1,2922.09,1041.08,38.44
11.6315,69,5,2000,1663.92,29.97,1.51815,0,1,1,353,0.4,4,100,1,2931.3,806.006,33.97
11.632,70,3,2000,1042.44,29.6,1.60999,0,1,1,353,0.4,4,100,1,2933.17,758.046,32.88
11.631,68,5,2000,1677.04,33.33,1.62241,0,1,1,353,0.4,4,100,1,2933.76,824.804,32.74
11.633,72,4,2000,1151.65,33.33,1.60991,0,1,1,321,0.25,4,100,1,2988.14,348.513,23.35
11.634,74,3,2000,822.642,32.74,1.60991,0,1,1,353,0.4,4,100,1,2823.89,6612.77,24.54
11.6345,75,3,2000,803.908,33.33,1.60994,0,1,1,353,0.4,4,100,1,2833.2,6264.68,24.36
11.6335,73,3,2000,1038.97,33.33,1.6098,0,1,1,353,0.4,4,100,1,2998.06,319.847,23.32
11.635,76,3,2000,755.951,32.88,1.61002,0,1,1,353,0.4,4,100,1,2823.62,3514.7,24.87
11.6355,77,3,2000,713.135,33.33,1.61083,0,1,1,353,0.4,4,100,1,2838.49,3190.16,24.71
11.6405,87,6,2000,1980.65,24.52,1.60304,0,1,1,289,0.35,4,100,1,2974.06,456.019,24.38
11.641,88,5,2000,1660.45,24.83,1.62241,0,1,1,289,0.35,4,100,1,2798.09,5604.91,23.61
11.6415,89,4,2000,1388.53,24.72,1.61006,0,1,1,257,0.2,4,100,1,2779.22,5327.86,24.75
11.642,90,3,2000,1043.77,24.87,1.61024,0,1,1,289,0.35,4,100,1,2768.51,5057.16,24.9
11.6425,91,3,2000,749.144,24.75,1.61002,0,1,1,289,0.35,4,100,1,2766.11,4742.73,24.76
11.6435,93,2,2000,454.028,24.38,1.62557,0,1,1,257,0.2,4,100,1,2794.47,4093.21,24.62
11.651,108,5,2000,1815.37,23.13,1.62272,0,1,1,289,0.35,4,100,1,2981.81,386.846,23.41
11.6515,109,4,2000,1505.99,23.49,1.62237,0,1,1,321,0.25,4,100,1,2781.65,5316.11,23.42
11.652,110,4,2000,1255.31,23,1.60954,0,1,1,321,0.25,4,100,1,2767.93,5018.87,23.09
11.6525,111,3,2000,943.995,23.33,1.60983,0,1,1,289,0.35,4,100,1,2768.58,4763.13,23.57
11.653,112,3,2000,658.402,23.59,1.66848,0,1,1,289,0.35,4,100,1,2780.78,4476.31,23.23
11.654,114,2,2000,385.009,23.41,1.6514,0,1,1,257,0.2,4,100,1,2808.38,3850.8,23.32
11.661,128,6,2000,2000,32.55,1.60337,0,1,1,96,0.2,4,100,1,2825.29,6233.76,32.42
11.6615,129,5,2000,1735.96,32.1,1.62251,0,1,1,353,0.4,4,100,1,2795.38,5614.07,27.26
11.662,130,4,2000,1235.07,33.29,1.60985,0,1,1,257,0.2,4,100,1,2768.44,5208.26,32.38
11.6625,131,3,2000,878.058,32.47,1.60989,0,1,1,289,0.35,4,100,1,2764.38,4996.35,32.13
11.663,132,2,2000,443.445,33.21,1.76132,0,1,1,257,0.2,4,100,1,2819.39,3003.46,27.27
11.6715,149,4,2000,1236.5,33.33,-1.52782,0,1,0,0,0,4,100,1,2884.37,1637.11,32.54
11.673,152,3,2000,707.899,33.33,-1.50345,0,1,1,96,0.2,4,100,1,2875.65,1835.68,37.42
11.674,154,6,2000,1977.2,32.2,-1.52636,0,1,1,32,0.15,4,100,1,2871.17,1936.79,36.8
11.6735,153,3,2000,761.223,33.33,-1.5237,0,1,1,96,0.2,4,100,1,2873.41,1886.23,37.56
11.6755,157,5,2000,1784.72,33.33,-1.52651,0,1,1,96,0.2,4,100,1,2866.76,2036.35,36.71
11.676,158,5,2000,1833.99,33.33,-1.5264,0,1,1,96,0.2,4,100,1,2843.32,2613.41,35.59
11.675,156,5,2000,1681.26,33.33,-1.5272,0,1,1,96,0.2,4,100,1,2868.98,1986.18,36.38
11.677,160,6,2000,1935.12,33.33,-1.52647,0,1,1,96,0.2,4,100,1,2839.07,2707.84,35.1
11.678,162,6,2000,1984.57,33.33,-1.52652,0,1,1,96,0.2,4,100,1,2834.05,2818.81,37.35
11.6785,163,6,2000,2000,33.33,-1.52636,0,1,1,96,0.2,4,100,1,2831.69,2870.87,37.73
11.6935,193,3,2000,705.925,23.15,-1.4944,0,1,1,32,0.15,4,100,1,2814.96,3176.55,33.22
11.698,202,13,2761.25,4376.34,32.14,-1.52379,0,0,0,0,0,4,100,0,0,0,0
11.6985,203,14,2745.33,4817.51,32.22,-1.54472,0,0,0,0,0,4,100,0,0,0,0
11.699,204,16,2751.18,5199.64,32.46,-1.62812,0,0,0,0,0,4,100,0,0,0,0
11.704,14,4,2000,1193.99,27.66,1.60986,0,1,1,257,0.2,4,100,1,2798.02,5662.84,27.68
11.7045,15,3,2000,864.654,27.25,1.61006,0,1,1,289,0.35,4,100,1,2775.03,5312.91,27.25
11.728,62,6,2000,2000,33.33,1.60344,0,1,1,32,0.15,4,100,1,2896.87,1682.71,35.27
11.7295,65,6,2000,2000,33.33,1.60324,0,1,1,96,0.2,4,100,1,2922.37,1115.72,40.02
11.7305,67,5,2000,1817.67,33.33,1.62254,0,1,1,353,0.4,4,100,1,2921.94,1044.91,38.44
11.731,68,5,2000,1682.06,33.33,1.62241,0,1,1,353,0.4,4,100,1,2933.64,828.024,32.74
11.7315,69,5,2000,1668.41,29.97,1.51815,0,1,1,353,0.4,4,100,1,2931.16,809.405,33.97
11.732,70,3,2000,1046.89,29.6,1.60999,0,1,1,353,0.4,4,100,1,2933.04,761.339,32.88
11.733,72,4,2000,1157.21,33.33,1.60991,0,1,1,321,0.25,4,100,1,2987.64,350.792,23.35
11.734,74,3,2000,827.413,32.74,1.60991,0,1,1,353,0.4,4,100,1,2823.64,6615.21,24.54
11.7345,75,3,2000,808.801,33.33,1.60994,0,1,1,353,0.4,4,100,1,2833.31,6267.11,24.36
11.735,76,3,2000,760.735,32.88,1.61002,0,1,1,353,0.4,4,100,1,2823.49,3517.16,24.87
11.7335,73,3,2000,1044.31,33.33,1.6098,0,1,1,353,0.4,4,100,1,2997.47,322.108,23.32
11.7355,77,3,2000,718.277,33.33,1.61083,0,1,1,353,0.4,4,100,1,2838.35,3192.64,24.71
11.7405,87,6,2000,1984.6,24.52,1.60304,0,1,1,289,0.35,4,100,1,2973.92,458.453,24.38
11.741,88,5,2000,1664.42,24.83,1.62241,0,1,1,289,0.35,4,100,1,2798.22,5607.26,23.61
11.7415,89,4,2000,1392.5,24.72,1.61006,0,1,1,257,0.2,4,100,1,2779.38,5330.33,24.75
11.742,90,3,2000,1047.75,24.87,1.61024,0,1,1,289,0.35,4,100,1,2768.55,5059.65,24.9
11.7425,91,3,2000,753.116,24.75,1.61002,0,1,1,289,0.35,4,100,1,2766.02,4745.21,24.76
11.7435,93,2,2000,457.962,24.38,1.62557,0,1,1,257,0.2,4,100,1,2794.37,4095.67,24.62
11.751,108,5,2000,1819.18,23.13,1.62272,0,1,1,289,0.35,4,100,1,2981.62,389.179,23.41
11.7515,109,4,2000,1509.84,23.49,1.62237,0,1,1,321,0.25,4,100,1,2781.81,5318.44,23.42
11.752,110,4,2000,1259.11,23,1.60954,0,1,1,321,0.25,4,100,1,2767.96,5021.17,23.09
11.7525,111,3,2000,947.825,23.33,1.60983,0,1,1,289,0.35,4,100,1,2768.49,4765.48,23.57
11.753,112,3,2000,662.249,23.59,1.66848,0,1,1,289,0.35,4,100,1,2780.67,4478.63,23.23
11.754,114,2,2000,388.842,23.41,1.6514,0,1,1,257,0.2,4,100,1,2808.28,3853.13,23.32
11.761,128,6,2000,2000,32.55,1.60337,0,1,1,96,0.2,4,100,1,2825.45,6237,32.42
11.7615,129,5,2000,1740.67,32.1,1.62251,0,1,1,353,0.4,4,100,1,2795.53,5616.79,27.26
11.762,130,4,2000,1239.89,33.29,1.60985,0,1,1,257,0.2,4,100,1,2768.59,5211.49,32.38
11.7625,131,3,2000,882.802,32.47,1.60989,0,1,1,289,0.35,4,100,1,2764.43,4999.56,32.13
11.763,132,2,2000,448.205,33.21,1.76132,0,1,1,257,0.2,4,100,1,2819.51,3000.75,27.27
11.7715,149,4,2000,1234.65,33.33,-1.52782,0,1,0,0,0,4,100,1,2884.52,1633.86,32.54
11.773,152,3,2000,705.408,33.33,-1.50345,0,1,1,96,0.2,4,100,1,2875.81,1831.94,37.42
11.7735,153,3,2000,758.753,33.33,-1.5237,0,1,1,96,0.2,4,100,1,2873.58,1882.53,37.56
11.774,154,6,2000,1975.48,32.2,-1.52636,0,1,1,32,0.15,4,100,1,2871.33,1933.1,36.8
11.775,156,5,2000,1679.36,33.33,-1.5272,0,1,1,96,0.2,4,100,1,2869.14,1982.58,36.38
11.7755,157,5,2000,1782.5,33.33,-1.52651,0,1,1,96,0.2,4,100,1,2866.93,2032.67,36.71
11.776,158,5,2000,1831.76,33.33,-1.5264,0,1,1,96,0.2,4,100,1,2843.48,2609.84,35.59
11.777,160,6,2000,1932.94,33.33,-1.52647,0,1,1,96,0.2,4,100,1,2839.23,2704.36,35.1
11.778,162,6,2000,1982.44,33.33,-1.52652,0,1,1,96,0.2,4,100,1,2834.22,2815.08,37.35
11.7785,163,6,2000,2000,33.33,-1.52636,0,1,1,96,0.2,4,100,1,2831.86,2867.1,37.73
11.7935,193,3,2000,705.116,23.15,-1.4944,0,1,1,32,0.15,4,100,1,2815.1,3173.24,33.22
11.798,202,13,2761.4,4373.13,32.14,-1.52379,0,0,0,0,0,4,100,0,0,0,0
11.7985,203,14,2745.41,4814.29,32.22,-1.54472,0,0,0,0,0,4,100,0,0,0,0
11.799,204,16,2750.99,5196.4,32.46,-1.62812,0,0,0,0,0,4,100,0,0,0,0
11.804,14,4,2000,1198.26,27.66,1.60986,0,1,1,257,0.2,4,100,1,2798.17,5665.61,27.68
11.8045,15,3,2000,868.876,27.25,1.61006,0,1,1,289,0.35,4,100,1,2775.21,5315.63,27.25
11.7995,205,17,2779.11,5623.48,32.22,-1.62887,0,0,0,0,0,4,100,0,0,0,0
11.828,62,6,2000,2000,33.33,1.60344,0,1,1,32,0.15,4,100,1,2896.69,1686.23,35.27
11.8295,65,6,2000,2000,33.33,1.60324,0,1,1,96,0.2,4,100,1,2922.22,1119.72,40.02
11.8305,67,5,2000,1822.88,33.33,1.62254,0,1,1,353,0.4,4,100,1,2921.79,1048.75,38.44
11.831,68,5,2000,1687.08,33.33,1.62241,0,1,1,353,0.4,4,100,1,2933.51,831.295,32.74
11.8315,69,5,2000,1672.9,29.97,1.51815,0,1,1,353,0.4,4,100,1,2931.03,812.802,33.97
11.832,70,3,2000,1051.35,29.6,1.60999,0,1,1,289,0.35,4,100,1,2932.91,764.627,32.88
11.833,72,4,2000,1162.77,33.33,1.60991,0,1,1,321,0.25,4,100,1,2987.14,353.07,23.35
11.834,74,3,2000,832.184,32.74,1.60991,0,1,1,353,0.4,4,100,1,2823.39,6617.66,24.54
11.8345,75,3,2000,813.696,33.33,1.60994,0,1,1,353,0.4,4,100,1,2833.43,6269.54,24.36
11.8335,73,3,2000,1049.65,33.33,1.6098,0,1,1,353,0.4,4,100,1,2996.88,324.361,23.32
11.835,76,3,2000,765.521,32.88,1.61002,0,1,1,353,0.4,4,100,1,2823.36,3519.65,24.87
11.8355,77,3,2000,723.42,33.33,1.61083,0,1,1,353,0.4,4,100,1,2838.21,3195.08,24.71
11.8405,87,6,2000,1988.55,24.52,1.60304,0,1,1,289,0.35,4,100,1,2973.79,460.887,24.38
11.8415,89,4,2000,1396.47,24.72,1.61006,0,1,1,321,0.25,4,100,1,2779.54,5332.79,24.75
11.842,90,3,2000,1051.74,24.87,1.61024,0,1,1,289,0.35,4,100,1,2768.59,5062.13,24.9
11.841,88,5,2000,1668.4,24.83,1.62241,0,1,1,289,0.35,4,100,1,2798.35,5609.66,23.61
11.8425,91,3,2000,757.089,24.75,1.61002,0,1,1,289,0.35,4,100,1,2765.93,4747.7,24.76
11.8435,93,2,2000,461.896,24.38,1.62557,0,1,1,257,0.2,4,100,1,2794.26,4098.14,24.62
11.851,108,5,2000,1822.99,23.13,1.62272,0,1,1,289,0.35,4,100,1,2981.44,391.512,23.41
11.8515,109,4,2000,1513.68,23.49,1.62237,0,1,1,321,0.25,4,100,1,2781.96,5320.78,23.42
11.852,110,4,2000,1262.91,23,1.60954,0,1,1,321,0.25,4,100,1,2768,5023.48,23.09
11.8525,111,3,2000,951.656,23.33,1.60983,0,1,1,289,0.35,4,100,1,2768.41,4767.83,23.57
11.853,112,3,2000,666.097,23.59,1.66848,0,1,1,289,0.35,4,100,1,2780.57,4480.94,23.23
11.854,114,2,2000,392.675,23.41,1.6514,0,1,1,257,0.2,4,100,1,2808.17,3855.46,23.32
11.861,128,6,2000,2000,32.55,1.60337,0,1,1,96,0.2,4,100,1,2825.6,6240.23,32.42
11.8615,129,5,2000,1745.37,32.1,1.62251,0,1,1,353,0.4,4,100,1,2795.67,5619.51,27.26
11.862,130,4,2000,1244.72,33.29,1.60985,0,1,1,257,0.2,4,100,1,2768.74,5214.73,32.38
11.8625,131,3,2000,887.547,32.47,1.60989,0,1,1,289,0.35,4,100,1,2764.48,5002.78,32.13
11.863,132,2,2000,452.966,33.21,1.76132,0,1,1,257,0.2,4,100,1,2819.64,2998.02,27.27
11.8715,149,4,2000,1232.8,33.33,-1.52782,0,1,0,0,0,4,100,1,2884.66,1630.6,32.54
11.873,152,3,2000,702.918,33.33,-1.50345,0,1,1,96,0.2,4,100,1,2875.98,1828.2,37.42
11.8735,153,3,2000,756.283,33.33,-1.5237,0,1,1,96,0.2,4,100,1,2873.74,1878.78,37.56
11.874,154,6,2000,1973.76,32.2,-1.52636,0,1,1,32,0.15,4,100,1,2871.5,1929.43,36.8
11.875,156,5,2000,1677.47,33.33,-1.5272,0,1,1,96,0.2,4,100,1,2869.3,1978.94,36.38
11.876,158,5,2000,1829.52,33.33,-1.5264,0,1,1,96,0.2,4,100,1,2843.64,2606.3,35.59
11.8755,157,5,2000,1780.27,33.33,-1.52651,0,1,1,96,0.2,4,100,1,2867.09,2028.97,36.71
11.877,160,6,2000,1930.77,33.33,-1.52647,0,1,1,32,0.15,4,100,1,2839.39,2700.82,35.1
11.878,162,6,2000,1980.3,33.33,-1.52652,0,1,1,96,0.2,4,100,1,2834.39,2811.34,37.35
11.8785,163,6,2000,2000,33.33,-1.52636,0,1,1,96,0.2,4,100,1,2832.03,2863.36,37.73
11.8935,193,3,2000,704.308,23.15,-1.4944,0,1,1,32,0.15,4,100,1,2815.24,3169.92,33.22
11.898,202,13,2761.56,4369.92,32.14,-1.52379,0,0,0,0,0,4,100,0,0,0,0
11.8985,203,14,2745.49,4811.07,32.22,-1.54472,0,0,0,0,0,4,100,0,0,0,0
11.899,204,16,2750.81,5193.16,32.46,-1.62812,0,0,0,0,0,4,100,0,0,0,0
11.8995,205,17,2778.92,5620.27,32.22,-1.62887,0,0,0,0,0,4,100,0,0,0,0
11.904,14,4,2000,1202.52,27.66,1.60986,0,1,1,257,0.2,4,100,1,2798.32,5668.37,27.68
11.9045,15,3,2000,873.099,27.25,1.61006,0,1,1,289,0.35,4,100,1,2775.39,5318.35,27.25
11.928,62,6,2000,2000,33.33,1.60344,0,1,1,32,0.15,4,100,1,2896.5,1689.75,35.27
11.9295,65,6,2000,2000,33.33,1.60324,0,1,1,96,0.2,4,100,1,2922.06,1123.72,40.02
11.9305,67,5,2000,1828.09,33.33,1.62254,0,1,1,353,0.4,4,100,1,2921.64,1052.59,38.44
11.931,68,5,2000,1692.1,33.33,1.62241,0,1,1,353,0.4,4,100,1,2933.38,834.567,32.74
11.9315,69,5,2000,1677.39,29.97,1.51815,0,1,1,353,0.4,4,100,1,2930.9,816.2,33.97
11.932,70,3,2000,1055.81,29.6,1.60999,0,1,1,289,0.35,4,100,1,2932.78,767.913,32.88
11.933,72,4,2000,1168.32,33.33,1.60991,0,1,1,321,0.25,4,100,1,2986.64,355.343,23.35
11.9335,73,3,2000,1054.99,33.33,1.6098,0,1,1,353,0.4,4,100,1,2996.31,326.58,23.32
11.934,74,3,2000,836.954,32.74,1.60991,0,1,1,353,0.4,4,100,1,2823.13,6620.11,24.54
11.935,76,3,2000,770.305,32.88,1.61002,0,1,1,353,0.4,4,100,1,2823.23,3522.13,24.87
11.9345,75,3,2000,818.589,33.33,1.60994,0,1,1,353,0.4,4,100,1,2833.55,6271.99,24.36
11.9355,77,3,2000,728.562,33.33,1.61083,0,1,1,353,0.4,4,100,1,2838.06,3197.54,24.71
11.9405,87,6,2000,1992.5,24.52,1.60304,0,1,1,289,0.35,4,100,1,2973.66,463.322,24.38
11.941,88,5,2000,1672.38,24.83,1.62241,0,1,1,289,0.35,4,100,1,2798.47,5611.98,23.61
11.9415,89,4,2000,1400.44,24.72,1.61006,0,1,1,257,0.2,4,100,1,2779.7,5335.27,24.75
11.942,90,3,2000,1055.72,24.87,1.61024,0,1,1,289,0.35,4,100,1,2768.63,5064.63,24.9
11.9425,91,3,2000,761.06,24.75,1.61002,0,1,1,289,0.35,4,100,1,2765.84,4750.16,24.76
11.9435,93,2,2000,465.829,24.38,1.62557,0,1,1,257,0.2,4,100,1,2794.15,4100.59,24.62
11.9515,109,4,2000,1517.53,23.49,1.62237,0,1,1,321,0.25,4,100,1,2782.11,5323.12,23.42
11.952,110,4,2000,1266.7,23,1.60954,0,1,1,321,0.25,4,100,1,2768.03,5025.79,23.09
11.951,108,5,2000,1826.8,23.13,1.62272,0,1,1,289,0.35,4,100,1,2981.24,393.876,23.41
11.953,112,3,2000,669.942,23.59,1.66848,0,1,1,289,0.35,4,100,1,2780.47,4483.27,23.23
11.954,114,2,2000,396.507,23.41,1.6514,0,1,1,257,0.2,4,100,1,2808.07,3857.79,23.32
11.9525,111,3,2000,955.486,23.33,1.60983,0,1,1,289,0.35,4,100,1,2768.32,4770.23,23.57
11.9615,129,5,2000,1750.08,32.1,1.62251,0,1,1,353,0.4,4,100,1,2795.82,5622.23,27.26
11.962,130,4,2000,1249.54,33.29,1.60985,0,1,1,257,0.2,4,100,1,2768.89,5217.96,32.38
11.9625,131,3,2000,892.289,32.47,1.60989,0,1,1,289,0.35,4,100,1,2764.53,5005.99,32.13
11.963,132,2,2000,457.725,33.21,1.76132,0,1,1,257,0.2,4,100,1,2819.76,2995.3,27.27
11.9715,149,4,2000,1230.95,33.33,-1.52782,0,1,0,0,0,4,100,1,2884.8,1627.35,32.54
11.973,152,3,2000,700.426,33.33,-1.50345,0,1,1,96,0.2,4,100,1,2876.15,1824.46,37.42
11.9735,153,3,2000,753.811,33.33,-1.5237,0,1,1,96,0.2,4,100,1,2873.91,1875.03,37.56
11.974,154,6,2000,1972.04,32.2,-1.52636,0,1,1,32,0.15,4,100,1,2871.66,1925.75,36.8
11.975,156,5,2000,1675.57,33.33,-1.5272,0,1,1,96,0.2,4,100,1,2869.46,1975.31,36.38
11.976,158,5,2000,1827.28,33.33,-1.5264,0,1,1,96,0.2,4,100,1,2843.79,2602.74,35.59
11.9755,157,5,2000,1778.04,33.33,-1.52651,0,1,1,96,0.2,4,100,1,2867.25,2025.3,36.71
11.977,160,6,2000,1928.59,33.33,-1.52647,0,1,1,32,0.15,4,100,1,2839.54,2697.35,35.1
11.978,162,6,2000,1978.17,33.33,-1.52652,0,1,1,96,0.2,4,100,1,2834.55,2807.63,37.35
11.9785,163,6,2000,2000,33.33,-1.52636,0,1,1,96,0.2,4,100,1,2832.19,2859.59,37.73
11.9935,193,3,2000,703.496,23.15,-1.4944,0,1,1,32,0.15,4,100,1,2815.38,3166.6,33.22
11.998,202,13,2761.71,4366.7,32.14,-1.52379,0,0,0,0,0,4,100,0,0,0,0
11.9985,203,14,2745.58,4807.85,32.22,-1.54472,0,0,0,0,0,4,100,0,0,0,0
11.999,204,16,2750.62,5189.92,32.46,-1.62812,0,0,0,0,0,4,100,0,0,0,0
11.9995,205,17,2778.73,5617.05,32.22,-1.62887,0,0,0,0,0,4,100,0,0,0,0
12.004,14,4,2000,1206.77,27.33,1.60996,0,1,1,257,0.2,4,100,1,2798.47,5671.13,27.65
12.0045,15,3,2000,877.318,27.4,1.60988,0,1,1,289,0.35,4,100,1,2775.57,5321.06,27.33
12.028,62,6,2000,2000,32.52,1.60309,0,1,1,36,0.25,4,100,1,2896.32,1693.23,33.68
12.0295,65,6,2000,2000,33.33,1.6031,0,1,1,96,0.2,4,100,1,2921.9,1127.74,40.71
12.0305,67,5,2000,1833.32,33.33,1.6223,0,1,1,353,0.4,4,100,1,2921.49,1056.42,38.13
12.031,68,5,2000,1697.07,33.33,1.62247,0,1,1,353,0.4,4,100,1,2933.25,837.867,33.66
12.0315,69,5,2000,1681.93,31.67,1.62,0,1,1,359,0.6,4,100,1,2930.77,819.575,33.48
12.032,70,3,2000,1060.26,29.56,1.61004,0,1,1,353,0.4,4,100,1,2932.65,771.249,34.83
12.033,72,4,2000,1173.88,33.33,1.60985,0,1,1,321,0.25,4,100,1,2986.13,357.672,24.84
12.0335,73,3,2000,1060.31,33.33,1.60987,0,1,1,353,0.4,4,100,1,2995.73,328.92,25.65
12.0325,71,4,2000,1131.62,33.33,1.60987,0,1,1,329,0.4,4,100,1,2937.38,729.723,33.07
12.034,74,3,2000,841.752,33.33,1.61,0,1,1,357,0.5,4,100,1,2822.87,6622.57,24.99
12.0345,75,3,2000,823.461,33.33,1.60992,0,1,1,321,0.25,4,100,1,2833.67,6274.43,24.75
12.035,76,3,2000,775.153,33.33,1.60984,0,1,1,325,0.35,4,100,1,2823.1,3524.6,24.55
12.0355,77,3,2000,733.57,33.07,1.70504,0,1,1,323,0.35,4,100,1,2837.93,3200.03,24.93
12.0405,87,6,2000,1996.44,24.8,1.60347,0,1,1,289,0.35,4,100,1,2973.4,465.773,25
12.041,88,5,2000,1676.35,24.96,1.62252,0,1,1,289,0.35,4,100,1,2798.6,5614.33,23.15
12.0415,89,4,2000,1404.4,24.94,1.61252,0,1,1,257,0.2,4,100,1,2779.87,5337.74,24.62
12.042,90,3,2000,1059.67,24.58,1.60988,0,1,1,257,0.2,4,100,1,2768.68,5067.14,24.88
12.0425,91,3,2000,765.013,24.65,1.61017,0,1,1,257,0.2,4,100,1,2765.75,4752.66,24.72
12.0435,93,2,2000,469.77,25,1.74258,0,1,1,263,0.4,4,100,1,2794.04,4103.11,24.79
12.051,108,5,2000,1830.61,23.54,1.62224,0,1,1,421,0.55,4,100,1,2980.91,396.154,23.35
12.0515,109,4,2000,1521.34,23.28,1.62281,0,1,1,321,0.25,4,100,1,2782.27,5325.45,23.29
12.052,110,4,2000,1270.48,23.23,1.61,0,1,1,321,0.25,4,100,1,2768.07,5028.1,23.13
12.053,112,3,2000,673.761,23.21,1.61348,0,1,1,259,0.3,4,100,1,2780.37,4485.6,23.53
12.054,114,2,2000,400.307,23.35,1.77977,0,1,1,259,0.3,4,100,1,2807.97,3860.13,23.52
12.0525,111,3,2000,959.285,23.07,1.61027,0,1,1,257,0.2,4,100,1,2768.23,4772.6,23.51
12.0615,129,5,2000,1754.85,33.3,1.62246,0,1,1,357,0.5,4,100,1,2795.97,5625.01,28.17
12.062,130,4,2000,1254.31,32.4,1.61,0,1,1,261,0.3,4,100,1,2769.08,5221.17,32.13
12.0625,131,3,2000,897.024,32.42,1.60996,0,1,1,257,0.2,4,100,1,2764.58,5009.26,33.12
12.063,132,2,2000,462.437,32.46,1.75015,0,1,1,261,0.3,4,100,1,2819.88,2992.57,27.28
12.0715,149,4,2000,1229.08,33.33,-1.52789,0,1,0,0,0,4,100,1,2884.94,1624.11,32.6
12.073,152,3,2000,697.947,33.33,-1.57276,0,1,1,98,0.3,4,100,1,2876.31,1820.76,37.12
12.0735,153,3,2000,751.291,33.33,-1.51305,0,1,1,96,0.2,4,100,1,2874.07,1871.32,37.18
12.074,154,6,2000,1970.33,32.1,-1.52655,0,1,1,32,0.15,4,100,1,2871.82,1922.06,37.24
12.075,156,5,2000,1673.8,32.38,-1.5269,0,1,1,68,0.15,4,100,1,2869.62,1971.69,36.31
12.0755,157,5,2000,1775.89,33.33,-1.52713,0,1,0,64,0.05,4,100,1,2867.41,2021.7,36.57
12.076,158,5,2000,1825.07,33.33,-1.52657,0,1,0,64,0.05,4,100,1,2843.93,2599.23,35.2
12.077,160,6,2000,1926.39,33.33,-1.52646,0,1,1,32,0.15,4,100,1,2839.7,2693.87,34.85
12.0785,163,6,2000,2000,33.33,-1.52674,0,1,1,96,0.2,4,100,1,2832.36,2855.84,37.74
12.078,162,6,2000,1976.04,33.33,-1.52642,0,1,1,96,0.2,4,100,1,2834.72,2803.87,37.33
12.0765,159,5,2000,1875.64,33.33,-1.52667,0,1,1,72,0.2,4,100,1,2841.83,2647.07,35.59
12.0935,193,3,2000,702.678,23.17,-1.49439,0,1,1,32,0.15,4,100,1,2815.52,3163.32,32.75
12.098,202,13,2761.86,4363.44,32.73,-1.52403,5.9,0,1,4,0.1,4,100,0,0,0,0
12.0985,203,14,2745.66,4804.61,32.38,-1.54454,1.6,0,0,0,0,4,100,0,0,0,0
12.099,204,16,2750.44,5186.63,32.89,-1.62707,4.3,0,1,4,0.1,4,100,0,0,0,0
12.0995,205,17,2778.54,5613.77,32.83,-1.6293,6.1,0,1,4,0.1,4,100,0,0,0,0
12.104,14,4,2000,1210.99,27.33,1.60996,0,1,1,257,0.2,4,100,1,2798.62,5673.89,27.65
12.1045,15,3,2000,881.547,27.4,1.60988,0,1,1,289,0.35,4,100,1,2775.75,5323.78,27.33
12.128,62,6,2000,2000,32.52,1.60309,0,1,1,32,0.15,4,100,1,2896.15,1696.59,33.68
12.1295,65,6,2000,2000,33.33,1.6031,0,1,0,64,0.05,4,100,1,2921.74,1131.81,40.71
12.1305,67,5,2000,1838.63,33.33,1.6223,0,1,1,321,0.25,4,100,1,2921.34,1060.23,38.13
12.131,68,5,2000,1701.92,33.33,1.62247,0,1,1,321,0.25,4,100,1,2933.12,841.23,33.66
12.1315,69,5,2000,1686.59,31.67,1.62,0,1,1,321,0.25,4,100,1,2930.63,822.922,33.48
12.132,70,3,2000,1064.7,29.56,1.61004,0,1,1,353,0.4,4,100,1,2932.52,774.74,34.83
12.1325,71,4,2000,1137.18,33.33,1.60987,0,1,1,321,0.25,4,100,1,2936.94,732.942,33.07
12.133,72,4,2000,1179.44,33.33,1.60985,0,1,1,321,0.25,4,100,1,2985.59,360.104,24.84
12.1335,73,3,2000,1065.61,33.33,1.60987,0,1,1,353,0.4,4,100,1,2995.18,331.431,25.65
12.134,74,3,2000,846.604,33.33,1.61,0,1,1,353,0.4,4,100,1,2822.59,6625.04,24.99
12.1345,75,3,2000,828.295,33.33,1.60992,0,1,1,353,0.4,4,100,1,2833.79,6276.9,24.75
12.135,76,3,2000,780.122,33.33,1.60984,0,1,1,353,0.4,4,100,1,2822.97,3527.06,24.55
12.1355,77,3,2000,738.336,33.07,1.70504,0,1,1,353,0.4,4,100,1,2837.8,3202.52,24.93
12.1405,87,6,2000,2000,24.8,1.60347,0,1,1,257,0.2,4,100,1,2972.98,468.231,25
12.141,88,5,2000,1680.33,24.96,1.62252,0,1,1,257,0.2,4,100,1,2798.72,5616.63,23.15
12.1415,89,4,2000,1408.39,24.94,1.61252,0,1,1,257,0.2,4,100,1,2780.03,5340.19,24.62
12.142,90,3,2000,1063.61,24.58,1.60988,0,1,1,289,0.35,4,100,1,2768.75,5069.6,24.88
12.1425,91,3,2000,768.964,24.65,1.61017,0,1,1,289,0.35,4,100,1,2765.66,4755.1,24.72
12.1435,93,2,2000,473.721,25,1.74258,0,1,1,257,0.2,4,100,1,2793.93,4105.53,24.79
12.151,108,5,2000,1834.45,23.54,1.62224,0,1,1,289,0.35,4,100,1,2980.42,398.438,23.35
12.1515,109,4,2000,1525.15,23.28,1.62281,0,1,1,321,0.25,4,100,1,2782.42,5327.77,23.29
12.152,110,4,2000,1274.29,23.23,1.61,0,1,1,321,0.25,4,100,1,2768.1,5030.41,23.13
12.1525,111,3,2000,963.078,23.07,1.61027,0,1,1,289,0.35,4,100,1,2768.15,4774.89,23.51
12.153,112,3,2000,677.568,23.21,1.61348,0,1,1,289,0.35,4,100,1,2780.26,4487.96,23.53
12.154,114,2,2000,404.079,23.35,1.77977,0,1,1,257,0.2,4,100,1,2807.86,3862.48,23.52
12.1615,129,5,2000,1759.66,33.3,1.62246,0,1,1,353,0.4,4,100,1,2796.12,5627.82,28.17
12.162,130,4,2000,1259.03,32.4,1.61,0,1,1,257,0.2,4,100,1,2769.28,5224.38,32.13
12.1625,131,3,2000,901.75,32.42,1.60996,0,1,1,289,0.35,4,100,1,2764.63,5012.57,33.12
12.163,132,2,2000,467.118,32.46,1.75015,0,1,1,257,0.2,4,100,1,2820.01,2989.85,27.28
12.1715,149,4,2000,1227.19,33.33,-1.52789,0,1,0,0,0,4,100,1,2885.08,1620.85,32.6
12.173,152,3,2000,695.442,33.33,-1.57276,0,1,1,96,0.2,4,100,1,2876.47,1817.05,37.12
12.1735,153,3,2000,748.727,33.33,-1.51305,0,1,1,96,0.2,4,100,1,2874.23,1867.61,37.18
12.174,154,6,2000,1968.61,32.1,-1.52655,0,1,0,0,0,4,100,1,2871.99,1918.33,37.24
12.175,156,5,2000,1672.05,32.38,-1.5269,0,1,1,96,0.2,4,100,1,2869.78,1968.07,36.31
12.1755,157,5,2000,1773.73,33.33,-1.52713,0,1,1,96,0.2,4,100,1,2867.57,2018.05,36.57
12.176,158,5,2000,1822.84,33.33,-1.52657,0,1,1,96,0.2,4,100,1,2844.06,2595.71,35.2
12.177,160,6,2000,1924.15,33.33,-1.52646,0,1,0,64,0.05,4,100,1,2839.86,2690.39,34.85
12.1765,159,5,2000,1873.41,33.33,-1.52667,0,1,1,96,0.2,4,100,1,2841.99,2643.61,35.59
12.1785,163,6,2000,2000,33.33,-1.52674,0,1,0,64,0.05,4,100,1,2832.54,2852.07,37.74
12.178,162,6,2000,1973.89,33.33,-1.52642,0,1,0,64,0.05,4,100,1,2834.89,2800.13,37.33
12.1935,193,3,2000,701.852,23.17,-1.49439,0,1,1,32,0.15,4,100,1,2815.66,3160.05,32.75
12.198,202,13,2762.01,4360.17,32.73,-1.52403,0,0,0,0,0,4,100,0,0,0,0
12.1985,203,14,2745.75,4801.38,32.38,-1.54454,0,0,0,0,0,4,100,0,0,0,0
12.199,204,16,2750.25,5183.35,32.89,-1.62707,0,0,0,0,0,4,100,0,0,0,0
12.1995,205,17,2778.35,5610.5,32.83,-1.6293,0,0,0,0,0,4,100,0,0,0,0
12.204,14,4,2000,1215.21,27.33,1.60996,0,1,1,257,0.2,4,100,1,2798.76,5676.65,27.65
12.2045,15,3,2000,885.768,27.4,1.60988,0,1,1,289,0.35,4,100,1,2775.93,5326.51,27.33
12.228,62,6,2000,2000,32.52,1.60309,0,1,0,0,0,4,100,1,2895.98,1699.96,33.68
12.2295,65,6,2000,2000,33.33,1.6031,0,1,0,64,0.05,4,100,1,2921.59,1135.87,40.71
12.2305,67,5,2000,1843.93,33.33,1.6223,0,1,1,353,0.4,4,100,1,2921.19,1064.04,38.13
12.231,68,5,2000,1706.77,33.33,1.62247,0,1,1,353,0.4,4,100,1,2932.99,844.594,33.66
12.2315,69,5,2000,1691.23,31.67,1.62,0,1,1,353,0.4,4,100,1,2930.5,826.265,33.48
12.232,70,3,2000,1069.14,29.56,1.61004,0,1,1,353,0.4,4,100,1,2932.38,778.22,34.83
12.2325,71,4,2000,1142.73,33.33,1.60987,0,1,1,321,0.25,4,100,1,2936.5,736.22,33.07
12.233,72,4,2000,1184.99,33.33,1.60985,0,1,1,321,0.25,4,100,1,2985.06,362.527,24.84
12.2335,73,3,2000,1070.9,33.33,1.60987,0,1,1,353,0.4,4,100,1,2994.62,333.937,25.65
12.2345,75,3,2000,833.121,33.33,1.60992,0,1,1,353,0.4,4,100,1,2833.91,6279.37,24.75
12.235,76,3,2000,785.083,33.33,1.60984,0,1,1,353,0.4,4,100,1,2822.84,3529.5,24.55
12.234,74,3,2000,851.448,33.33,1.61,0,1,1,353,0.4,4,100,1,2822.31,6627.55,24.99
12.2355,77,3,2000,743.093,33.07,1.70504,0,1,1,353,0.4,4,100,1,2837.67,3205.03,24.93
12.2405,87,6,2000,2000,24.8,1.60347,0,1,0,0,0,4,100,1,2972.55,470.695,25
12.241,88,5,2000,1684.3,24.96,1.62252,0,1,1,289,0.35,4,100,1,2798.85,5618.94,23.15
12.2415,89,4,2000,1412.36,24.94,1.61252,0,1,1,257,0.2,4,100,1,2780.19,5342.65,24.62
12.242,90,3,2000,1067.55,24.58,1.60988,0,1,1,289,0.35,4,100,1,2768.82,5072.09,24.88
12.2425,91,3,2000,772.907,24.65,1.61017,0,1,1,289,0.35,4,100,1,2765.57,4757.58,24.72
12.2435,93,2,2000,477.664,25,1.74258,0,1,1,257,0.2,4,100,1,2793.82,4108.01,24.79
12.251,108,5,2000,1838.28,23.54,1.62224,0,1,1,289,0.35,4,100,1,2979.94,400.722,23.35
12.2515,109,4,2000,1528.95,23.28,1.62281,0,1,1,321,0.25,4,100,1,2782.57,5330.1,23.29
12.252,110,4,2000,1278.09,23.23,1.61,0,1,1,321,0.25,4,100,1,2768.14,5032.73,23.13
12.2525,111,3,2000,966.862,23.07,1.61027,0,1,1,289,0.35,4,100,1,2768.07,4777.25,23.51
12.253,112,3,2000,681.365,23.21,1.61348,0,1,1,289,0.35,4,100,1,2780.16,4490.31,23.53
12.254,114,2,2000,407.842,23.35,1.77977,0,1,1,257,0.2,4,100,1,2807.76,3864.83,23.52
12.2615,129,5,2000,1764.47,33.3,1.62246,0,1,1,353,0.4,4,100,1,2796.28,5630.64,28.17
12.262,130,4,2000,1263.75,32.4,1.61,0,1,1,257,0.2,4,100,1,2769.48,5227.59,32.13
12.2625,131,3,2000,906.467,32.42,1.60996,0,1,1,289,0.35,4,100,1,2764.68,5015.88,33.12
12.263,132,2,2000,471.789,32.46,1.75015,0,1,1,257,0.2,4,100,1,2820.13,2987.12,27.28
12.2715,149,4,2000,1225.29,33.33,-1.52789,0,1,0,0,0,4,100,1,2885.23,1617.59,32.6
12.273,152,3,2000,692.927,33.33,-1.57276,0,1,1,96,0.2,4,100,1,2876.64,1813.34,37.12
12.2735,153,3,2000,746.153,33.33,-1.51305,0,1,1,96,0.2,4,100,1,2874.4,1863.9,37.18
12.274,154,6,2000,1966.88,32.1,-1.52655,0,1,0,0,0,4,100,1,2872.15,1914.61,37.24
12.275,156,5,2000,1670.3,32.38,-1.5269,0,1,1,96,0.2,4,100,1,2869.94,1964.44,36.31
12.2755,157,5,2000,1771.57,33.33,-1.52713,0,1,1,96,0.2,4,100,1,2867.73,2014.4,36.57
12.2765,159,5,2000,1871.17,33.33,-1.52667,0,1,1,96,0.2,4,100,1,2842.15,2640.1,35.59
12.277,160,6,2000,1921.91,33.33,-1.52646,0,1,0,64,0.05,4,100,1,2840.02,2686.91,34.85
12.276,158,5,2000,1820.61,33.33,-1.52657,0,1,1,96,0.2,4,100,1,2844.19,2592.14,35.2
12.2785,163,6,2000,2000,33.33,-1.52674,0,1,0,64,0.05,4,100,1,2832.71,2848.3,37.74
12.278,162,6,2000,1971.74,33.33,-1.52642,0,1,0,64,0.05,4,100,1,2835.06,2796.4,37.33
12.2935,193,3,2000,701.016,23.17,-1.49439,0,1,1,32,0.15,4,100,1,2815.8,3156.78,32.75
12.298,202,13,2762.17,4356.9,32.73,-1.52403,0,0,0,0,0,4,100,0,0,0,0
12.2985,203,14,2745.83,4798.14,32.38,-1.54454,0,0,0,0,0,4,100,0,0,0,0
12.299,204,16,2750.07,5180.06,32.89,-1.62707,0,0,0,0,0,4,100,0,0,0,0
12.2995,205,17,2778.16,5607.22,32.83,-1.6293,0,0,0,0,0,4,100,0,0,0,0
12.304,14,4,2000,1219.41,27.33,1.60996,0,1,1,257,0.2,4,100,1,2798.91,5679.42,27.65
12.3045,15,3,2000,889.979,27.4,1.60988,0,1,1,289,0.35,4,100,1,2776.11,5329.24,27.33
12.328,62,6,2000,2000,32.52,1.60309,0,1,0,0,0,4,100,1,2895.8,1703.32,33.68
12.3295,65,6,2000,2000,33.33,1.6031,0,1,0,64,0.05,4,100,1,2921.43,1139.94,40.71
12.3305,67,5,2000,1849.23,33.33,1.6223,0,1,1,353,0.4,4,100,1,2921.05,1067.85,38.13
12.331,68,5,2000,1711.6,33.33,1.62247,0,1,1,353,0.4,4,100,1,2932.85,847.957,33.66
12.3315,69,5,2000,1695.86,31.67,1.62,0,1,1,353,0.4,4,100,1,2930.37,829.616,33.48
12.3325,71,4,2000,1148.27,33.33,1.60987,0,1,1,321,0.25,4,100,1,2936.06,739.495,33.07
12.333,72,4,2000,1190.52,33.33,1.60985,0,1,1,321,0.25,4,100,1,2984.52,364.951,24.84
12.332,70,3,2000,1073.56,29.56,1.61004,0,1,1,353,0.4,4,100,1,2932.24,781.736,34.83
12.334,74,3,2000,856.281,33.33,1.61,0,1,1,353,0.4,4,100,1,2822.03,6630.01,24.99
12.335,76,3,2000,790.033,33.33,1.60984,0,1,1,353,0.4,4,100,1,2822.71,3531.95,24.55
12.3345,75,3,2000,837.936,33.33,1.60992,0,1,1,353,0.4,4,100,1,2834.03,6281.86,24.75
12.3355,77,3,2000,747.84,33.07,1.70504,0,1,1,353,0.4,4,100,1,2837.55,3207.48,24.93
12.3335,73,3,2000,1076.18,33.33,1.60987,0,1,1,353,0.4,4,100,1,2994.05,336.539,25.65
12.3405,87,6,2000,2000,24.8,1.60347,0,1,0,0,0,4,100,1,2972.12,473.157,25
12.341,88,5,2000,1688.26,24.96,1.62252,0,1,1,289,0.35,4,100,1,2798.97,5621.25,23.15
12.3415,89,4,2000,1416.32,24.94,1.61252,0,1,1,257,0.2,4,100,1,2780.35,5345.1,24.62
12.342,90,3,2000,1071.47,24.58,1.60988,0,1,1,289,0.35,4,100,1,2768.89,5074.58,24.88
12.3425,91,3,2000,776.838,24.65,1.61017,0,1,1,289,0.35,4,100,1,2765.48,4760.05,24.72
12.3435,93,2,2000,481.596,25,1.74258,0,1,1,257,0.2,4,100,1,2793.71,4110.49,24.79
12.351,108,5,2000,1842.1,23.54,1.62224,0,1,1,289,0.35,4,100,1,2979.45,403.007,23.35
12.3515,109,4,2000,1532.75,23.28,1.62281,0,1,1,321,0.25,4,100,1,2782.72,5332.42,23.29
12.352,110,4,2000,1281.88,23.23,1.61,0,1,1,321,0.25,4,100,1,2768.17,5035.04,23.13
12.3525,111,3,2000,970.634,23.07,1.61027,0,1,1,289,0.35,4,100,1,2767.98,4779.59,23.51
12.353,112,3,2000,685.151,23.21,1.61348,0,1,1,289,0.35,4,100,1,2780.06,4492.66,23.53
12.354,114,2,2000,411.593,23.35,1.77977,0,1,1,257,0.2,4,100,1,2807.66,3867.18,23.52
12.3615,129,5,2000,1769.26,33.3,1.62246,0,1,1,353,0.4,4,100,1,2796.43,5633.45,28.17
12.362,130,4,2000,1268.45,32.4,1.61,0,1,1,257,0.2,4,100,1,2769.69,5230.79,32.13
12.3625,131,3,2000,911.173,32.42,1.60996,0,1,1,289,0.35,4,100,1,2764.73,5019.2,33.12
12.363,132,2,2000,476.449,32.46,1.75015,0,1,1,257,0.2,4,100,1,2820.25,2984.4,27.28
12.3715,149,4,2000,1223.38,33.33,-1.52789,0,1,0,0,0,4,100,1,2885.37,1614.34,32.6
12.373,152,3,2000,690.401,33.33,-1.57276,0,1,1,96,0.2,4,100,1,2876.8,1809.63,37.12
12.3735,153,3,2000,743.567,33.33,-1.51305,0,1,1,96,0.2,4,100,1,2874.56,1860.18,37.18
12.374,154,6,2000,1965.14,32.1,-1.52655,0,1,0,0,0,4,100,1,2872.32,1910.89,37.24
12.375,156,5,2000,1668.53,32.38,-1.5269,0,1,1,96,0.2,4,100,1,2870.1,1960.81,36.31
12.3755,157,5,2000,1769.39,33.33,-1.52713,0,1,1,96,0.2,4,100,1,2867.9,2010.74,36.57
12.376,158,5,2000,1818.37,33.33,-1.52657,0,1,1,96,0.2,4,100,1,2844.32,2588.67,35.2
12.377,160,6,2000,1919.65,33.33,-1.52646,0,1,0,64,0.05,4,100,1,2840.18,2683.43,34.85
12.3765,159,5,2000,1868.92,33.33,-1.52667,0,1,1,96,0.2,4,100,1,2842.31,2636.49,35.59
12.3785,163,6,2000,2000,33.33,-1.52674,0,1,0,64,0.05,4,100,1,2832.88,2844.51,37.74
12.378,162,6,2000,1969.58,33.33,-1.52642,0,1,0,64,0.05,4,100,1,2835.23,2792.67,37.33
12.3935,193,3,2000,700.167,23.17,-1.49439,0,1,1,32,0.15,4,100,1,2815.94,3153.51,32.75
12.398,202,13,2762.32,4353.63,32.73,-1.52403,0,0,0,0,0,4,100,0,0,0,0
12.3985,203,14,2745.92,4794.9,32.38,-1.54454,0,0,0,0,0,4,100,0,0,0,0
12.399,204,16,2749.88,5176.78,32.89,-1.62707,0,0,0,0,0,4,100,0,0,0,0
12.3995,205,17,2777.97,5603.94,32.83,-1.6293,0,0,0,0,0,4,100,0,0,0,0
12.404,14,4,2000,1223.6,27.33,1.60996,0,1,1,257,0.2,4,100,1,2799.06,5682.18,27.65
12.4045,15,3,2000,894.178,27.4,1.60988,0,1,1,289,0.35,4,100,1,2776.28,5331.97,27.33
12.428,62,6,2000,2000,32.52,1.60309,0,1,0,0,0,4,100,1,2895.63,1706.68,33.68
12.4295,65,6,2000,2000,33.33,1.6031,0,1,0,0,0,4,100,1,2921.27,1144.01,40.71
12.4305,67,5,2000,1854.5,33.33,1.6223,0,1,1,353,0.4,4,100,1,2920.9,1071.66,38.13
12.431,68,5,2000,1716.42,33.33,1.62247,0,1,1,353,0.4,4,100,1,2932.72,851.321,33.66
12.4315,69,5,2000,1700.48,31.67,1.62,0,1,1,353,0.4,4,100,1,2930.24,832.957,33.48
12.432,70,3,2000,1077.97,29.56,1.61004,0,1,1,353,0.4,4,100,1,2932.11,785.17,34.83
12.4325,71,4,2000,1153.79,33.33,1.60987,0,1,1,321,0.25,4,100,1,2935.62,742.774,33.07
12.4335,73,3,2000,1081.45,33.33,1.60987,0,1,1,353,0.4,4,100,1,2993.52,338.939,25.65
12.433,72,4,2000,1196.05,33.33,1.60985,0,1,1,321,0.25,4,100,1,2983.99,367.394,24.84
12.434,74,3,2000,861.101,33.33,1.61,0,1,1,353,0.4,4,100,1,2821.75,6632.5,24.99
12.4345,75,3,2000,842.738,33.33,1.60992,0,1,1,353,0.4,4,100,1,2834.14,6284.31,24.75
12.435,76,3,2000,794.97,33.33,1.60984,0,1,1,353,0.4,4,100,1,2822.58,3534.42,24.55
12.4355,77,3,2000,752.573,33.07,1.70504,0,1,1,353,0.4,4,100,1,2837.42,3209.98,24.93
12.4405,87,6,2000,2000,24.8,1.60347,0,1,0,0,0,4,100,1,2971.69,475.621,25
12.441,88,5,2000,1692.21,24.96,1.62252,0,1,1,289,0.35,4,100,1,2799.1,5623.56,23.15
12.4415,89,4,2000,1420.26,24.94,1.61252,0,1,1,257,0.2,4,100,1,2780.51,5347.56,24.62
12.442,90,3,2000,1075.39,24.58,1.60988,0,1,1,289,0.35,4,100,1,2768.96,5077.06,24.88
12.4425,91,3,2000,780.757,24.65,1.61017,0,1,1,289,0.35,4,100,1,2765.4,4762.52,24.72
12.4435,93,2,2000,485.514,25,1.74258,0,1,1,257,0.2,4,100,1,2793.6,4112.96,24.79
12.451,108,5,2000,1845.9,23.54,1.62224,0,1,1,289,0.35,4,100,1,2978.97,405.291,23.35
12.452,110,4,2000,1285.66,23.23,1.61,0,1,1,321,0.25,4,100,1,2768.21,5037.35,23.13
12.4525,111,3,2000,974.393,23.07,1.61027,0,1,1,289,0.35,4,100,1,2767.9,4781.94,23.51
12.453,112,3,2000,688.924,23.21,1.61348,0,1,1,289,0.35,4,100,1,2779.96,4495.01,23.53
12.454,114,2,2000,415.331,23.35,1.77977,0,1,1,257,0.2,4,100,1,2807.55,3869.53,23.52
12.4615,129,5,2000,1774.04,33.3,1.62246,0,1,1,289,0.35,4,100,1,2796.58,5636.26,28.17
12.462,130,4,2000,1273.14,32.4,1.61,0,1,1,257,0.2,4,100,1,2769.89,5234,32.13
12.4625,131,3,2000,915.865,32.42,1.60996,0,1,1,289,0.35,4,100,1,2764.78,5022.51,33.12
12.463,132,2,2000,481.095,32.46,1.75015,0,1,1,257,0.2,4,100,1,2820.38,2981.67,27.28
12.4715,149,4,2000,1221.45,33.33,-1.52789,0,1,0,0,0,4,100,1,2885.51,1611.08,32.6
12.473,152,3,2000,687.861,33.33,-1.57276,0,1,1,96,0.2,4,100,1,2876.97,1805.93,37.12
12.4735,153,3,2000,740.968,33.33,-1.51305,0,1,1,96,0.2,4,100,1,2874.73,1856.47,37.18
12.474,154,6,2000,1963.38,32.1,-1.52655,0,1,0,0,0,4,100,1,2872.48,1907.17,37.24
12.475,156,5,2000,1666.74,32.38,-1.5269,0,1,1,96,0.2,4,100,1,2870.27,1957.19,36.31
12.4755,157,5,2000,1767.2,33.33,-1.52713,0,1,1,96,0.2,4,100,1,2868.06,2007.09,36.57
12.476,158,5,2000,1816.11,33.33,-1.52657,0,1,1,96,0.2,4,100,1,2844.44,2585.15,35.2
12.477,160,6,2000,1917.38,33.33,-1.52646,0,1,0,64,0.05,4,100,1,2840.33,2679.95,34.85
12.4765,159,5,2000,1866.66,33.33,-1.52667,0,1,1,96,0.2,4,100,1,2842.47,2632.94,35.59
12.478,162,6,2000,1967.4,33.33,-1.52642,0,1,0,64,0.05,4,100,1,2835.39,2788.97,37.33
12.4785,163,6,2000,2000,33.33,-1.52674,0,1,0,64,0.05,4,100,1,2833.05,2840.72,37.74
12.4935,193,3,2000,699.305,23.17,-1.49439,0,1,1,32,0.15,4,100,1,2816.08,3150.23,32.75
12.498,202,13,2762.47,4350.36,32.73,-1.52403,0,0,0,0,0,4,100,0,0,0,0
12.4985,203,14,2746,4791.67,32.38,-1.54454,0,0,0,0,0,4,100,0,0,0,0
12.499,204,16,2749.7,5173.5,32.89,-1.62707,0,0,0,0,0,4,100,0,0,0,0
12.4995,205,17,2777.77,5600.66,32.83,-1.6293,0,0,0,0,0,4,100,0,0,0,0
12.503,12,6,2000,1914.45,27.34,1.61509,0,1,1,265,0.35,4,100,1,2832.34,6313.32,27.56
12.5045,15,3,2000,898.362,27.4,1.60988,0,1,1,289,0.35,4,100,1,2776.46,5334.69,27.33
12.504,14,4,2000,1227.78,27.33,1.60996,0,1,1,257,0.2,4,100,1,2799.21,5684.97,27.65
12.528,62,6,2000,2000,32.52,1.60309,0,1,0,0,0,4,100,1,2895.45,1710.05,33.68
12.5295,65,6,2000,2000,33.33,1.6031,0,1,0,0,0,4,100,1,2921.11,1148.08,40.71
12.5305,67,5,2000,1859.77,33.33,1.6223,0,1,1,353,0.4,4,100,1,2920.75,1075.52,38.13
12.531,68,5,2000,1721.23,33.33,1.62247,0,1,1,353,0.4,4,100,1,2932.59,854.731,33.66
12.533,72,4,2000,1201.56,33.33,1.60985,0,1,1,321,0.25,4,100,1,2983.46,369.802,24.84
12.5315,69,5,2000,1705.09,31.67,1.62,0,1,1,353,0.4,4,100,1,2930.11,836.363,33.48
12.5335,73,3,2000,1086.7,33.33,1.60987,0,1,1,353,0.4,4,100,1,2992.97,341.445,25.65
12.532,70,3,2000,1082.36,29.56,1.61004,0,1,1,353,0.4,4,100,1,2931.97,788.732,34.83
12.5325,71,4,2000,1159.3,33.33,1.60987,0,1,1,321,0.25,4,100,1,2935.16,746.12,33.07
12.5355,77,3,2000,757.291,33.07,1.70504,0,1,1,353,0.4,4,100,1,2837.3,3212.46,24.93
12.534,74,3,2000,865.905,33.33,1.61,0,1,1,353,0.4,4,100,1,2821.47,6635.01,24.99
12.535,76,3,2000,799.891,33.33,1.60984,0,1,1,353,0.4,4,100,1,2822.44,3536.91,24.55
12.5345,75,3,2000,847.524,33.33,1.60992,0,1,1,353,0.4,4,100,1,2834.27,6286.87,24.75
12.5405,87,6,2000,2000,24.8,1.60347,0,1,0,0,0,4,100,1,2971.27,478.084,25
12.541,88,5,2000,1696.14,24.96,1.62252,0,1,1,289,0.35,4,100,1,2799.22,5625.88,23.15
12.5415,89,4,2000,1424.2,24.94,1.61252,0,1,1,257,0.2,4,100,1,2780.67,5350.01,24.62
12.542,90,3,2000,1079.28,24.58,1.60988,0,1,1,289,0.35,4,100,1,2769.03,5079.55,24.88
12.5425,91,3,2000,784.659,24.65,1.61017,0,1,1,289,0.35,4,100,1,2765.31,4764.98,24.72
12.5435,93,2,2000,489.417,25,1.74258,0,1,1,257,0.2,4,100,1,2793.49,4115.44,24.79
12.551,108,5,2000,1849.69,23.54,1.62224,0,1,1,289,0.35,4,100,1,2978.48,407.575,23.35
12.552,110,4,2000,1289.42,23.23,1.61,0,1,1,321,0.25,4,100,1,2768.24,5039.66,23.13
12.5525,111,3,2000,978.136,23.07,1.61027,0,1,1,289,0.35,4,100,1,2767.81,4784.29,23.51
12.553,112,3,2000,692.681,23.21,1.61348,0,1,1,289,0.35,4,100,1,2779.85,4497.36,23.53
12.554,114,2,2000,419.053,23.35,1.77977,0,1,1,257,0.2,4,100,1,2807.45,3871.88,23.52
12.5615,129,5,2000,1778.8,33.3,1.62246,0,1,1,289,0.35,4,100,1,2796.73,5639.07,28.17
12.562,130,4,2000,1277.81,32.4,1.61,0,1,1,257,0.2,4,100,1,2770.09,5237.21,32.13
12.5625,131,3,2000,920.54,32.42,1.60996,0,1,1,289,0.35,4,100,1,2764.83,5025.82,33.12
12.563,132,2,2000,485.725,32.46,1.75015,0,1,1,257,0.2,4,100,1,2820.5,2978.94,27.28
12.5715,149,4,2000,1219.51,33.33,-1.52789,0,1,0,0,0,4,100,1,2885.65,1607.82,32.6
12.572,150,2,2000,506.835,33.33,-1.42392,0,1,1,72,0.2,4,100,1,2883.66,1653.32,32.38
12.5735,153,3,2000,738.352,33.33,-1.51305,0,1,1,96,0.2,4,100,1,2874.89,1852.75,37.18
12.573,152,3,2000,685.304,33.33,-1.57276,0,1,1,96,0.2,4,100,1,2877.13,1802.18,37.12
12.574,154,6,2000,1961.61,32.1,-1.52655,0,1,0,0,0,4,100,1,2872.65,1903.43,37.24
12.575,156,5,2000,1664.94,32.38,-1.5269,0,1,1,96,0.2,4,100,1,2870.43,1953.55,36.31
12.5755,157,5,2000,1765,33.33,-1.52713,0,1,1,96,0.2,4,100,1,2868.22,2003.42,36.57
12.5765,159,5,2000,1864.38,33.33,-1.52667,0,1,1,96,0.2,4,100,1,2842.63,2629.42,35.59
12.577,160,6,2000,1915.09,33.33,-1.52646,0,1,0,64,0.05,4,100,1,2840.49,2676.46,34.85
12.578,162,6,2000,1965.21,33.33,-1.52642,0,1,0,64,0.05,4,100,1,2835.56,2785.26,37.33
12.5785,163,6,2000,2000,33.33,-1.52674,0,1,0,64,0.05,4,100,1,2833.22,2836.97,37.74
12.576,158,5,2000,1813.84,33.33,-1.52657,0,1,1,96,0.2,4,100,1,2844.58,2581.39,35.2
12.5935,193,3,2000,698.425,23.17,-1.49439,0,1,1,32,0.15,4,100,1,2816.22,3146.96,32.75
12.598,202,13,2762.63,4347.09,32.73,-1.52403,0,0,0,0,0,4,100,0,0,0,0
12.5985,203,14,2746.09,4788.43,32.38,-1.54454,0,0,0,0,0,4,100,0,0,0,0
12.599,204,16,2749.51,5170.21,32.89,-1.62707,0,0,0,0,0,4,100,0,0,0,0
12.5995,205,17,2777.58,5597.39,32.83,-1.6293,0,0,0,0,0,4,100,0,0,0,0
12.603,12,6,2000,1918.61,27.34,1.61509,0,1,1,257,0.2,4,100,1,2832.47,6316.07,27.56
12.604,14,4,2000,1231.94,27.33,1.60996,0,1,1,257,0.2,4,100,1,2799.36,5687.7,27.65
12.6045,15,3,2000,902.528,27.4,1.60988,0,1,1,289,0.35,4,100,1,2776.64,5337.42,27.33
12.628,62,6,2000,2000,32.52,1.60309,0,1,0,0,0,4,100,1,2895.28,1713.41,33.68
12.6295,65,6,2000,2000,33.33,1.6031,0,1,0,64,0.05,4,100,1,2920.95,1152.15,40.71
12.6305,67,5,2000,1865.01,33.33,1.6223,0,1,1,353,0.4,4,100,1,2920.6,1079.3,38.13
12.631,68,5,2000,1726.01,33.33,1.62247,0,1,1,353,0.4,4,100,1,2932.46,858.062,33.66
12.632,70,3,2000,1086.74,29.56,1.61004,0,1,1,353,0.4,4,100,1,2931.84,792.132,34.83
12.633,72,4,2000,1207.05,33.33,1.60985,0,1,1,321,0.25,4,100,1,2982.92,372.228,24.84
12.634,74,3,2000,870.692,33.33,1.61,0,1,1,353,0.4,4,100,1,2821.19,6637.46,24.99
12.635,76,3,2000,804.794,33.33,1.60984,0,1,1,353,0.4,4,100,1,2822.32,3539.31,24.55
12.6355,77,3,2000,761.992,33.07,1.70504,0,1,1,353,0.4,4,100,1,2837.17,3214.96,24.93
12.6325,71,4,2000,1164.79,33.33,1.60987,0,1,1,321,0.25,4,100,1,2934.71,749.451,33.07
12.6315,69,5,2000,1709.68,31.67,1.62,0,1,1,353,0.4,4,100,1,2929.97,839.819,33.48
12.6345,75,3,2000,852.293,33.33,1.60992,0,1,1,353,0.4,4,100,1,2834.39,6289.35,24.75
12.6405,87,6,2000,2000,24.8,1.60347,0,1,0,0,0,4,100,1,2970.84,480.547,25
12.641,88,5,2000,1700.06,24.96,1.62252,0,1,1,289,0.35,4,100,1,2799.35,5628.19,23.15
12.6415,89,4,2000,1428.11,24.94,1.61252,0,1,1,257,0.2,4,100,1,2780.83,5352.47,24.62
12.642,90,3,2000,1083.16,24.58,1.60988,0,1,1,289,0.35,4,100,1,2769.1,5082.04,24.88
12.6425,91,3,2000,788.544,24.65,1.61017,0,1,1,289,0.35,4,100,1,2765.22,4767.46,24.72
12.6435,93,2,2000,493.301,25,1.74258,0,1,1,257,0.2,4,100,1,2793.38,4117.92,24.79
12.651,108,5,2000,1853.46,23.54,1.62224,0,1,1,289,0.35,4,100,1,2978,409.859,23.35
12.652,110,4,2000,1293.16,23.23,1.61,0,1,1,321,0.25,4,100,1,2768.28,5041.97,23.13
12.6525,111,3,2000,981.861,23.07,1.61027,0,1,1,289,0.35,4,100,1,2767.73,4786.64,23.51
12.653,112,3,2000,696.419,23.21,1.61348,0,1,1,289,0.35,4,100,1,2779.75,4499.71,23.53
12.654,114,2,2000,422.756,23.35,1.77977,0,1,1,257,0.2,4,100,1,2807.35,3874.23,23.52
12.6615,129,5,2000,1783.54,33.3,1.62246,0,1,1,289,0.35,4,100,1,2796.88,5641.89,28.17
12.662,130,4,2000,1282.47,32.4,1.61,0,1,1,257,0.2,4,100,1,2770.29,5240.41,32.13
12.6625,131,3,2000,925.197,32.42,1.60996,0,1,1,289,0.35,4,100,1,2764.88,5029.13,33.12
12.663,132,2,2000,490.337,32.46,1.75015,0,1,1,257,0.2,4,100,1,2820.62,2976.22,27.28
12.6715,149,4,2000,1217.54,33.33,-1.52789,0,1,0,0,0,4,100,1,2885.79,1604.57,32.6
12.672,150,2,2000,504.369,33.33,-1.42392,0,1,0,64,0.05,4,100,1,2883.81,1650.09,32.38
12.673,152,3,2000,682.729,33.33,-1.57276,0,1,1,96,0.2,4,100,1,2877.29,1798.51,37.12
12.6735,153,3,2000,735.717,33.33,-1.51305,0,1,1,96,0.2,4,100,1,2875.06,1849.03,37.18
12.674,154,6,2000,1959.82,32.1,-1.52655,0,1,0,0,0,4,100,1,2872.81,1899.73,37.24
12.675,156,5,2000,1663.12,32.38,-1.5269,0,1,1,96,0.2,4,100,1,2870.59,1949.9,36.31
12.6755,157,5,2000,1762.77,33.33,-1.52713,0,1,1,96,0.2,4,100,1,2868.38,1999.75,36.57
12.6765,159,5,2000,1862.08,33.33,-1.52667,0,1,1,96,0.2,4,100,1,2842.79,2625.87,35.59
12.676,158,5,2000,1811.54,33.33,-1.52657,0,1,1,96,0.2,4,100,1,2844.7,2578.08,35.2
12.678,162,6,2000,1962.99,33.33,-1.52642,0,1,0,64,0.05,4,100,1,2835.73,2781.53,37.33
12.6785,163,6,2000,2000,33.33,-1.52674,0,1,0,64,0.05,4,100,1,2833.39,2833.21,37.74
12.6935,193,3,2000,697.526,23.17,-1.49439,0,1,1,32,0.15,4,100,1,2816.36,3143.69,32.75
12.698,202,13,2762.78,4343.82,32.73,-1.52403,0,0,0,0,0,4,100,0,0,0,0
12.6985,203,14,2746.17,4785.19,32.38,-1.54454,0,0,0,0,0,4,100,0,0,0,0
12.699,204,16,2749.33,5166.93,32.89,-1.62707,0,0,0,0,0,4,100,0,0,0,0
12.6995,205,17,2777.39,5594.11,32.83,-1.6293,0,0,0,0,0,4,100,0,0,0,0
12.703,12,6,2000,1922.75,27.34,1.61509,0,1,1,257,0.2,4,100,1,2832.61,6318.83,27.56
12.704,14,4,2000,1236.08,27.33,1.60996,0,1,1,257,0.2,4,100,1,2799.51,5690.46,27.65
12.7045,15,3,2000,906.675,27.4,1.60988,0,1,1,289,0.35,4,100,1,2776.82,5340.15,27.33
12.728,62,6,2000,2000,32.52,1.60309,0,1,0,0,0,4,100,1,2895.11,1716.77,33.68
12.7295,65,6,2000,2000,33.33,1.6031,0,1,0,64,0.05,4,100,1,2920.79,1156.21,40.71
12.73,66,6,2000,1920.98,33.33,1.61683,0,1,1,361,0.55,4,100,1,2915.93,1198.47,40.71
12.7305,67,5,2000,1870.24,33.33,1.6223,0,1,1,353,0.4,4,100,1,2920.45,1083.1,38.13
12.7315,69,5,2000,1714.24,31.67,1.62,0,1,1,353,0.4,4,100,1,2929.85,843,33.48
12.731,68,5,2000,1730.78,33.33,1.62247,0,1,1,353,0.4,4,100,1,2932.32,861.467,33.66
12.7325,71,4,2000,1170.26,33.33,1.60987,0,1,1,321,0.25,4,100,1,2934.29,752.62,33.07
12.734,74,3,2000,875.459,33.33,1.61,0,1,1,353,0.4,4,100,1,2820.92,6639.94,24.99
12.7345,75,3,2000,857.041,33.33,1.60992,0,1,1,353,0.4,4,100,1,2834.5,6291.73,24.75
12.735,76,3,2000,809.677,33.33,1.60984,0,1,1,353,0.4,4,100,1,2822.19,3541.76,24.55
12.733,72,4,2000,1212.52,33.33,1.60985,0,1,1,321,0.25,4,100,1,2982.37,374.72,24.84
12.7355,77,3,2000,766.672,33.07,1.70504,0,1,1,353,0.4,4,100,1,2837.04,3217.5,24.93
12.7405,87,6,2000,2000,24.8,1.60347,0,1,1,32,0.15,4,100,1,2970.41,483.011,25
12.742,90,3,2000,1087.02,24.58,1.60988,0,1,1,289,0.35,4,100,1,2769.17,5084.52,24.88
12.741,88,5,2000,1703.95,24.96,1.62252,0,1,1,289,0.35,4,100,1,2799.48,5630.54,23.15
12.7425,91,3,2000,792.408,24.65,1.61017,0,1,1,289,0.35,4,100,1,2765.13,4769.93,24.72
12.7415,89,4,2000,1432,24.94,1.61252,0,1,1,257,0.2,4,100,1,2780.99,5354.98,24.62
12.7435,93,2,2000,497.166,25,1.74258,0,1,1,257,0.2,4,100,1,2793.27,4120.42,24.79
12.751,108,5,2000,1857.21,23.54,1.62224,0,1,1,289,0.35,4,100,1,2977.52,412.143,23.35
12.752,110,4,2000,1296.88,23.23,1.61,0,1,1,321,0.25,4,100,1,2768.31,5044.29,23.13
12.7525,111,3,2000,985.566,23.07,1.61027,0,1,1,289,0.35,4,100,1,2767.64,4788.98,23.51
12.753,112,3,2000,700.137,23.21,1.61348,0,1,1,289,0.35,4,100,1,2779.65,4502.06,23.53
12.754,114,2,2000,426.439,23.35,1.77977,0,1,1,257,0.2,4,100,1,2807.25,3876.58,23.52
12.7615,129,5,2000,1788.26,33.3,1.62246,0,1,1,289,0.35,4,100,1,2797.04,5644.7,28.17
12.762,130,4,2000,1287.1,32.4,1.61,0,1,1,257,0.2,4,100,1,2770.5,5243.62,32.13
12.7625,131,3,2000,929.834,32.42,1.60996,0,1,1,289,0.35,4,100,1,2764.93,5032.44,33.12
12.763,132,2,2000,494.928,32.46,1.75015,0,1,1,257,0.2,4,100,1,2820.74,2973.49,27.28
12.7715,149,4,2000,1215.56,33.33,-1.52789,0,1,0,0,0,4,100,1,2885.94,1601.31,32.6
12.772,150,2,2000,501.882,33.33,-1.42392,0,1,0,64,0.05,4,100,1,2883.95,1646.85,32.38
12.773,152,3,2000,680.133,33.33,-1.57276,0,1,1,96,0.2,4,100,1,2877.46,1794.8,37.12
12.7735,153,3,2000,733.061,33.33,-1.51305,0,1,1,96,0.2,4,100,1,2875.22,1845.32,37.18
12.774,154,6,2000,1958.01,32.1,-1.52655,0,1,1,32,0.15,4,100,1,2872.98,1896.01,37.24
12.775,156,5,2000,1661.28,32.38,-1.5269,0,1,1,96,0.2,4,100,1,2870.75,1946.29,36.31
12.776,158,5,2000,1809.23,33.33,-1.52657,0,1,1,96,0.2,4,100,1,2844.83,2574.61,35.2
12.7765,159,5,2000,1859.76,33.33,-1.52667,0,1,1,96,0.2,4,100,1,2842.95,2622.32,35.59
12.7755,157,5,2000,1760.53,33.33,-1.52713,0,1,1,96,0.2,4,100,1,2868.54,1996.07,36.57
12.778,162,6,2000,1960.76,33.33,-1.52642,0,1,1,96,0.2,4,100,1,2835.9,2777.8,37.33
12.7785,163,6,2000,2000,33.33,-1.52674,0,1,1,96,0.2,4,100,1,2833.56,2829.44,37.74
12.7935,193,3,2000,696.606,23.17,-1.49439,0,1,1,32,0.15,4,100,1,2816.5,3140.42,32.75
12.798,202,13,2762.93,4340.55,32.73,-1.52403,0,0,0,0,0,4,100,0,0,0,0
12.7985,203,14,2746.26,4781.95,32.38,-1.54454,0,0,0,0,0,4,100,0,0,0,0
12.799,204,16,2749.14,5163.65,32.89,-1.62707,0,0,0,0,0,4,100,0,0,0,0
12.7995,205,17,2777.2,5590.83,32.83,-1.6293,0,0,0,0,0,4,100,0,0,0,0
12.803,12,6,2000,1926.87,27.34,1.61509,0,1,1,289,0.35,4,100,1,2832.74,6321.58,27.56
12.804,14,4,2000,1240.2,27.33,1.60996,0,1,1,257,0.2,4,100,1,2799.66,5693.22,27.65
12.8045,15,3,2000,910.801,27.4,1.60988,0,1,1,289,0.35,4,100,1,2777,5342.87,27.33
12.8035,13,5,2000,1625.26,27.23,1.62262,0,1,1,297,0.5,4,100,1,2815.26,5981.41,27.45
12.828,62,6,2000,2000,32.52,1.60309,0,1,1,32,0.15,4,100,1,2894.93,1720.18,33.68
12.83,66,6,2000,1926.11,33.33,1.61683,0,1,1,353,0.4,4,100,1,2915.77,1202.53,40.71
12.8305,67,5,2000,1875.44,33.33,1.6223,0,1,1,353,0.4,4,100,1,2920.3,1086.9,38.13
12.831,68,5,2000,1735.53,33.33,1.62247,0,1,1,353,0.4,4,100,1,2932.19,864.776,33.66
12.8295,65,6,2000,2000,33.33,1.6031,0,1,1,32,0.15,4,100,1,2920.63,1160.36,40.71
12.8315,69,5,2000,1718.79,31.67,1.62,0,1,1,353,0.4,4,100,1,2929.72,846.356,33.48
12.8325,71,4,2000,1175.71,33.33,1.60987,0,1,1,321,0.25,4,100,1,2933.85,755.881,33.07
12.834,74,3,2000,880.203,33.33,1.61,0,1,1,353,0.4,4,100,1,2820.64,6642.42,24.99
12.8345,75,3,2000,861.768,33.33,1.60992,0,1,1,353,0.4,4,100,1,2834.62,6294.2,24.75
12.833,72,4,2000,1217.97,33.33,1.60985,0,1,1,321,0.25,4,100,1,2981.85,377.127,24.84
12.8355,77,3,2000,771.329,33.07,1.70504,0,1,1,353,0.4,4,100,1,2836.92,3219.93,24.93
12.835,76,3,2000,814.538,33.33,1.60984,0,1,1,353,0.4,4,100,1,2822.06,3544.24,24.55
12.8405,87,6,2000,2000,24.8,1.60347,0,1,1,32,0.15,4,100,1,2969.98,485.474,25
12.8415,89,4,2000,1435.87,24.94,1.61252,0,1,1,321,0.25,4,100,1,2781.15,5357.38,24.62
12.8425,91,3,2000,796.25,24.65,1.61017,0,1,1,289,0.35,4,100,1,2765.04,4772.39,24.72
12.8435,93,2,2000,501.007,25,1.74258,0,1,1,257,0.2,4,100,1,2793.17,4122.87,24.79
12.841,88,5,2000,1707.82,24.96,1.62252,0,1,1,289,0.35,4,100,1,2799.6,5632.9,23.15
12.851,108,5,2000,1860.94,23.54,1.62224,0,1,1,289,0.35,4,100,1,2977.03,414.428,23.35
12.852,110,4,2000,1300.58,23.23,1.61,0,1,1,321,0.25,4,100,1,2768.35,5046.6,23.13
12.8525,111,3,2000,989.247,23.07,1.61027,0,1,1,289,0.35,4,100,1,2767.56,4791.33,23.51
12.853,112,3,2000,703.832,23.21,1.61348,0,1,1,289,0.35,4,100,1,2779.54,4504.41,23.53
12.854,114,2,2000,430.1,23.35,1.77977,0,1,1,257,0.2,4,100,1,2807.14,3878.93,23.52
12.8615,129,5,2000,1792.96,33.3,1.62246,0,1,1,289,0.35,4,100,1,2797.19,5647.51,28.17
12.862,130,4,2000,1291.72,32.4,1.61,0,1,1,257,0.2,4,100,1,2770.7,5246.83,32.13
12.8625,131,3,2000,934.447,32.42,1.60996,0,1,1,289,0.35,4,100,1,2764.98,5035.75,33.12
12.863,132,2,2000,499.495,32.46,1.75015,0,1,1,257,0.2,4,100,1,2820.87,2970.77,27.28
12.8715,149,4,2000,1213.56,33.33,-1.52789,0,1,0,0,0,4,100,1,2886.08,1598.05,32.6
12.872,150,2,2000,499.372,33.33,-1.42392,0,1,0,64,0.05,4,100,1,2884.09,1643.62,32.38
12.873,152,3,2000,677.513,33.33,-1.57276,0,1,1,96,0.2,4,100,1,2877.62,1791.09,37.12
12.8735,153,3,2000,730.382,33.33,-1.51305,0,1,1,96,0.2,4,100,1,2875.38,1841.61,37.18
12.874,154,6,2000,1956.17,32.1,-1.52655,0,1,1,32,0.15,4,100,1,2873.14,1892.29,37.24
12.875,156,5,2000,1659.42,32.38,-1.5269,0,1,1,96,0.2,4,100,1,2870.91,1942.68,36.31
12.8755,157,5,2000,1758.26,33.33,-1.52713,0,1,1,96,0.2,4,100,1,2868.7,1992.48,36.57
12.876,158,5,2000,1806.89,33.33,-1.52657,0,1,1,96,0.2,4,100,1,2844.96,2571.09,35.2
12.8765,159,5,2000,1857.42,33.33,-1.52667,0,1,1,96,0.2,4,100,1,2843.11,2618.74,35.59
12.878,162,6,2000,1958.5,33.33,-1.52642,0,1,1,96,0.2,4,100,1,2836.07,2774.07,37.33
12.8785,163,6,2000,2000,33.33,-1.52674,0,1,1,96,0.2,4,100,1,2833.73,2825.66,37.74
12.8935,193,3,2000,695.663,23.17,-1.49439,0,1,1,32,0.15,4,100,1,2816.64,3137.15,32.75
12.898,202,13,2763.08,4337.28,32.73,-1.52403,0,0,0,0,0,4,100,0,0,0,0
12.8985,203,14,2746.34,4778.72,32.38,-1.54454,0,0,0,0,0,4,100,0,0,0,0
12.899,204,16,2748.96,5160.36,32.89,-1.62707,0,0,0,0,0,4,100,0,0,0,0
12.8995,205,17,2777.01,5587.55,32.83,-1.6293,0,0,0,0,0,4,100,0,0,0,0
12.903,12,6,2000,1930.96,27.34,1.61509,0,1,1,289,0.35,4,100,1,2832.87,6324.33,27.56
12.9035,13,5,2000,1629.34,27.23,1.62262,0,1,1,289,0.35,4,100,1,2815.4,5984,27.45
12.904,14,4,2000,1244.29,27.33,1.60996,0,1,1,257,0.2,4,100,1,2799.81,5695.98,27.65
12.9045,15,3,2000,914.902,27.4,1.60988,0,1,1,289,0.35,4,100,1,2777.18,5345.6,27.33
12.928,62,6,2000,2000,32.52,1.60309,0,1,1,32,0.15,4,100,1,2894.76,1723.5,33.68
12.9295,65,6,2000,2000,33.33,1.6031,0,1,1,32,0.15,4,100,1,2920.47,1164.35,40.71
12.93,66,6,2000,1931.21,33.33,1.61683,0,1,1,353,0.4,4,100,1,2915.61,1206.6,40.71
12.9305,67,5,2000,1880.62,33.33,1.6223,0,1,1,353,0.4,4,100,1,2920.15,1090.72,38.13
12.931,68,5,2000,1740.25,33.33,1.62247,0,1,1,353,0.4,4,100,1,2932.06,868.145,33.66
12.9315,69,5,2000,1723.31,31.67,1.62,0,1,1,353,0.4,4,100,1,2929.59,849.677,33.48
12.9325,71,4,2000,1181.14,33.33,1.60987,0,1,1,321,0.25,4,100,1,2933.4,759.159,33.07
12.933,72,4,2000,1223.39,33.33,1.60985,0,1,1,321,0.25,4,100,1,2981.32,379.53,24.84
12.9345,75,3,2000,866.469,33.33,1.60992,0,1,1,353,0.4,4,100,1,2834.74,6296.67,24.75
12.934,74,3,2000,884.922,33.33,1.61,0,1,1,353,0.4,4,100,1,2820.36,6644.93,24.99
12.9355,77,3,2000,775.962,33.07,1.70504,0,1,1,353,0.4,4,100,1,2836.79,3222.43,24.93
12.935,76,3,2000,819.375,33.33,1.60984,0,1,1,353,0.4,4,100,1,2821.93,3546.71,24.55
12.9405,87,6,2000,2000,24.8,1.60347,0,1,1,32,0.15,4,100,1,2969.56,487.937,25
12.936,78,2,2000,396.292,24.84,1.78737,0,1,0,0,0,4,100,1,2851.54,2926.67,24.81
12.9425,91,3,2000,800.067,24.65,1.61017,0,1,1,289,0.35,4,100,1,2764.95,4774.86,24.72
12.941,88,5,2000,1711.67,24.96,1.62252,0,1,1,289,0.35,4,100,1,2799.73,5635.17,23.15
12.9435,93,2,2000,504.824,25,1.74258,0,1,1,257,0.2,4,100,1,2793.06,4125.35,24.79
12.9415,89,4,2000,1439.72,24.94,1.61252,0,1,1,257,0.2,4,100,1,2781.31,5359.92,24.62
12.951,108,5,2000,1864.64,23.54,1.62224,0,1,1,289,0.35,4,100,1,2976.55,416.712,23.35
12.952,110,4,2000,1304.25,23.23,1.61,0,1,1,257,0.2,4,100,1,2768.38,5048.91,23.13
12.9525,111,3,2000,992.904,23.07,1.61027,0,1,1,289,0.35,4,100,1,2767.47,4793.68,23.51
12.953,112,3,2000,707.502,23.21,1.61348,0,1,1,289,0.35,4,100,1,2779.44,4506.76,23.53
12.954,114,2,2000,433.735,23.35,1.77977,0,1,1,257,0.2,4,100,1,2807.04,3881.28,23.52
12.9615,129,5,2000,1797.64,33.3,1.62246,0,1,1,289,0.35,4,100,1,2797.34,5650.33,28.17
12.962,130,4,2000,1296.3,32.4,1.61,0,1,1,257,0.2,4,100,1,2770.9,5250.03,32.13
12.9625,131,3,2000,939.036,32.42,1.60996,0,1,1,289,0.35,4,100,1,2765.03,5039.07,33.12
12.963,132,2,2000,504.038,32.46,1.75015,0,1,1,257,0.2,4,100,1,2820.99,2968.05,27.28
12.9715,149,4,2000,1211.52,33.33,-1.52789,0,1,0,0,0,4,100,1,2886.22,1594.8,32.6
12.972,150,2,2000,496.837,33.33,-1.42392,0,1,0,64,0.05,4,100,1,2884.23,1640.38,32.38
12.973,152,3,2000,674.868,33.33,-1.57276,0,1,1,96,0.2,4,100,1,2877.79,1787.38,37.12
12.9735,153,3,2000,727.678,33.33,-1.51305,0,1,1,96,0.2,4,100,1,2875.55,1837.9,37.18
12.974,154,6,2000,1954.31,32.1,-1.52655,0,1,1,32,0.15,4,100,1,2873.31,1888.57,37.24
12.975,156,5,2000,1657.53,32.38,-1.5269,0,1,1,96,0.2,4,100,1,2871.07,1939.04,36.31
12.9755,157,5,2000,1755.96,33.33,-1.52713,0,1,1,96,0.2,4,100,1,2868.86,1988.82,36.57
12.9765,159,5,2000,1855.05,33.33,-1.52667,0,1,1,96,0.2,4,100,1,2843.27,2615.21,35.59
12.976,158,5,2000,1804.53,33.33,-1.52657,0,1,1,96,0.2,4,100,1,2845.09,2567.53,35.2
12.978,162,6,2000,1956.22,33.33,-1.52642,0,1,1,96,0.2,4,100,1,2836.23,2770.33,37.33
12.9785,163,6,2000,2000,33.33,-1.52674,0,1,1,96,0.2,4,100,1,2833.91,2821.87,37.74
12.9935,193,3,2000,694.693,23.17,-1.49439,0,1,1,32,0.15,4,100,1,2816.78,3133.87,32.75
12.998,202,13,2763.24,4334.01,32.73,-1.52403,0,0,0,0,0,4,100,0,0,0,0
12.9985,203,14,2746.43,4775.48,32.38,-1.54454,0,0,0,0,0,4,100,0,0,0,0
12.999,204,16,2748.77,5157.08,32.89,-1.62707,0,0,0,0,0,4,100,0,0,0,0
12.9995,205,17,2776.82,5584.28,32.83,-1.6293,0,0,0,0,0,4,100,0,0,0,0
13.003,12,6,2000,1935.02,27.55,1.6031,0,1,1,289,0.35,4,100,1,2833.01,6327.08,27.3
13.0035,13,5,2000,1633.4,27.32,1.62246,0,1,1,289,0.35,4,100,1,2815.54,5986.74,27.23
13.004,14,4,2000,1248.36,27.39,1.60987,0,1,1,257,0.2,4,100,1,2799.96,5698.75,27.41
13.0045,15,3,2000,918.978,27.48,1.61011,0,1,1,289,0.35,4,100,1,2777.36,5348.35,27.56
13.028,62,6,2000,2000,32.14,1.60317,0,1,1,32,0.15,4,100,1,2894.58,1726.89,34.67
13.03,66,6,2000,1936.28,33.33,1.6035,0,1,1,353,0.4,4,100,1,2915.45,1210.67,40.89
13.0305,67,5,2000,1885.75,33.33,1.62249,0,1,1,353,0.4,4,100,1,2920,1094.54,38.62
13.031,68,5,2000,1744.97,33.33,1.62244,0,1,1,353,0.4,4,100,1,2931.93,871.492,33.12
13.0315,69,5,2000,1727.74,29.73,1.62221,0,1,1,357,0.5,4,100,1,2929.46,853.047,33.35
13.0325,71,4,2000,1186.53,33.33,1.6098,0,1,1,321,0.25,4,100,1,2933.16,762.495,34.16
13.033,72,4,2000,1228.8,33.33,1.60991,0,1,1,321,0.25,4,100,1,2980.78,382,26.31
13.034,74,3,2000,889.597,33.12,1.60975,0,1,1,353,0.4,4,100,1,2820.06,6647.36,24.39
13.0345,75,3,2000,871.139,33.33,1.61007,0,1,1,353,0.4,4,100,1,2834.86,6299.14,24.56
13.036,78,2,2000,400.099,26.31,1.78371,0,1,1,261,0.3,4,100,1,2851.43,2929,24.91
13.0355,77,3,2000,780.617,33.33,1.52189,0,1,1,323,0.35,4,100,1,2836.67,3224.94,24.76
13.035,76,3,2000,824.156,33.33,1.60987,0,1,1,321,0.25,4,100,1,2821.79,3549.21,24.71
13.0405,87,6,2000,2000,24.62,1.60332,0,1,1,32,0.15,4,100,1,2969.16,490.389,24.59
13.041,88,5,2000,1715.47,24.67,1.62233,0,1,1,289,0.35,4,100,1,2799.85,5637.44,23.29
13.0415,89,4,2000,1443.53,24.87,1.62232,0,1,1,257,0.2,4,100,1,2781.46,5362.3,24.61
13.0425,91,3,2000,803.86,24.96,1.60969,0,1,1,257,0.2,4,100,1,2764.87,4777.34,24.93
13.051,108,5,2000,1868.3,23.38,1.62259,0,1,1,289,0.35,4,100,1,2976.07,419.009,23.57
13.052,110,4,2000,1307.89,23.37,1.61019,0,1,1,257,0.2,4,100,1,2768.42,5051.23,23.15
13.0525,111,3,2000,996.542,23.47,1.6096,0,1,1,257,0.2,4,100,1,2767.42,4796.01,23.09
13.053,112,3,2000,711.153,23.52,1.61379,0,1,1,257,0.2,4,100,1,2779.34,4509.1,23.24
13.054,114,2,2000,437.356,23.57,1.77304,0,1,1,257,0.2,4,100,1,2806.94,3883.63,23.56
13.0615,129,5,2000,1802.21,32.14,1.62246,0,1,1,293,0.45,4,100,1,2797.49,5653.13,27.97
13.062,130,4,2000,1300.91,33.21,1.60964,0,1,1,261,0.3,4,100,1,2771.11,5253.26,32.59
13.0625,131,3,2000,943.614,32.69,1.60994,0,1,1,257,0.2,4,100,1,2765.08,5042.34,32.54
13.0715,149,4,2000,1209.51,33.33,-1.52761,0,1,0,0,0,4,100,1,2886.36,1591.58,32.34
13.072,150,2,2000,494.279,33.33,-1.37251,0,1,0,0,0,4,100,1,2884.37,1637.12,32.98
13.073,152,3,2000,672.177,33.33,-1.49587,0,1,1,66,0.15,4,100,1,2877.95,1783.73,36.7
13.0735,153,3,2000,724.91,33.33,-1.49415,0,1,0,64,0.05,4,100,1,2875.71,1834.19,37.08
13.074,154,6,2000,1952.44,31.87,-1.52653,0,1,1,32,0.15,4,100,1,2873.47,1884.85,37.46
13.075,156,5,2000,1655.58,32.98,-1.5271,0,1,1,68,0.15,4,100,1,2871.24,1935.32,37.73
13.0755,157,5,2000,1753.58,33.33,-1.52694,0,1,0,64,0.05,4,100,1,2869.02,1985.15,36.92
13.0765,159,5,2000,1852.66,33.33,-1.52652,0,1,0,64,0.05,4,100,1,2843.41,2611.64,35.78
13.076,158,5,2000,1802.19,33.33,-1.52691,0,1,0,64,0.05,4,100,1,2845.22,2564.06,35.02
13.078,162,6,2000,1953.81,33.33,-1.52652,0,1,1,96,0.2,4,100,1,2836.4,2766.63,37.15
13.0785,163,6,2000,2000,33.33,-1.52635,0,1,1,96,0.2,4,100,1,2834.07,2818.16,37.4
13.0935,193,3,2000,693.691,23.22,-1.49449,0,1,1,32,0.15,4,100,1,2816.92,3130.62,32.52
13.098,202,13,2763.39,4330.78,32.38,-1.52383,-3.5,0,0,0,0,4,100,0,0,0,0
13.0985,203,14,2746.51,4772.27,32.15,-1.54467,-2.3,0,0,0,0,4,100,0,0,0,0
13.099,204,16,2748.59,5153.81,32.78,-1.62726,-1.1,0,0,0,0,4,100,0,0,0,0
13.0995,205,17,2776.32,5581.05,32.64,-1.72427,-1.9,0,1,2,0.1,4,100,0,0,0,0
13.103,12,6,2000,1939.09,27.55,1.6031,0,1,1,289,0.35,4,100,1,2833.38,6329.79,27.3
13.1035,13,5,2000,1637.44,27.32,1.62246,0,1,1,257,0.2,4,100,1,2815.69,5989.46,27.23
13.104,14,4,2000,1252.41,27.39,1.60987,0,1,1,257,0.2,4,100,1,2800.11,5701.49,27.41
13.1045,15,3,2000,923.034,27.48,1.61011,0,1,1,289,0.35,4,100,1,2777.52,5351.09,27.56
13.128,62,6,2000,2000,32.14,1.60317,0,1,1,32,0.15,4,100,1,2894.4,1730.35,34.67
13.13,66,6,2000,1941.34,33.33,1.6035,0,1,1,321,0.25,4,100,1,2915.29,1214.76,40.89
13.131,68,5,2000,1749.73,33.33,1.62244,0,1,1,321,0.25,4,100,1,2931.8,874.793,33.12
13.1315,69,5,2000,1732.01,29.73,1.62221,0,1,1,321,0.25,4,100,1,2929.32,856.382,33.35
13.133,72,4,2000,1234.18,33.33,1.60991,0,1,1,321,0.25,4,100,1,2980.22,384.551,26.31
13.1325,71,4,2000,1191.88,33.33,1.6098,0,1,1,321,0.25,4,100,1,2933.33,765.939,34.16
13.1345,75,3,2000,875.773,33.33,1.61007,0,1,1,353,0.4,4,100,1,2834.98,6301.59,24.56
13.1355,77,3,2000,785.329,33.33,1.52189,0,1,1,353,0.4,4,100,1,2836.58,3227.38,24.76
13.136,78,2,2000,403.971,26.31,1.78371,0,1,1,257,0.2,4,100,1,2851.31,2931.49,24.91
13.134,74,3,2000,894.207,33.12,1.60975,0,1,1,353,0.4,4,100,1,2819.7,6649.84,24.39
13.135,76,3,2000,828.857,33.33,1.60987,0,1,1,353,0.4,4,100,1,2821.66,3551.66,24.71
13.1405,87,6,2000,2000,24.62,1.60332,0,1,0,0,0,4,100,1,2968.81,492.822,24.59
13.141,88,5,2000,1719.23,24.67,1.62233,0,1,1,257,0.2,4,100,1,2799.97,5639.77,23.29
13.1415,89,4,2000,1447.31,24.87,1.62232,0,1,1,257,0.2,4,100,1,2781.59,5364.76,24.61
13.1425,91,3,2000,807.652,24.96,1.60969,0,1,1,289,0.35,4,100,1,2764.79,4779.84,24.93
13.151,108,5,2000,1871.93,23.38,1.62259,0,1,1,289,0.35,4,100,1,2975.59,421.318,23.57
13.152,110,4,2000,1311.52,23.37,1.61019,0,1,1,257,0.2,4,100,1,2768.45,5053.54,23.15
13.1525,111,3,2000,1000.18,23.47,1.6096,0,1,1,289,0.35,4,100,1,2767.41,4798.32,23.09
13.153,112,3,2000,714.798,23.52,1.61379,0,1,1,289,0.35,4,100,1,2779.24,4511.42,23.24
13.154,114,2,2000,440.96,23.57,1.77304,0,1,1,257,0.2,4,100,1,2806.83,3885.98,23.56
13.1615,129,5,2000,1806.72,32.14,1.62246,0,1,1,289,0.35,4,100,1,2797.64,5655.92,27.97
13.162,130,4,2000,1305.52,33.21,1.60964,0,1,1,257,0.2,4,100,1,2771.33,5256.51,32.59
13.1625,131,3,2000,948.172,32.69,1.60994,0,1,1,289,0.35,4,100,1,2765.13,5045.59,32.54
13.1715,149,4,2000,1207.46,33.33,-1.52761,0,1,0,0,0,4,100,1,2886.5,1588.35,32.34
13.172,150,2,2000,491.671,33.33,-1.37251,0,1,0,0,0,4,100,1,2884.52,1633.83,32.98
13.173,152,3,2000,669.449,33.33,-1.49587,0,1,1,96,0.2,4,100,1,2878.11,1780.06,36.7
13.1735,153,3,2000,722.069,33.33,-1.49415,0,1,1,96,0.2,4,100,1,2875.87,1830.49,37.08
13.174,154,6,2000,1950.54,31.87,-1.52653,0,1,0,0,0,4,100,1,2873.64,1881.11,37.46
13.175,156,5,2000,1653.58,32.98,-1.5271,0,1,1,96,0.2,4,100,1,2871.4,1931.56,37.73
13.1755,157,5,2000,1751.13,33.33,-1.52694,0,1,1,96,0.2,4,100,1,2869.19,1981.47,36.92
13.176,158,5,2000,1799.81,33.33,-1.52691,0,1,1,96,0.2,4,100,1,2845.35,2560.58,35.02
13.1765,159,5,2000,1850.24,33.33,-1.52652,0,1,1,96,0.2,4,100,1,2843.55,2608.06,35.78
13.178,162,6,2000,1951.33,33.33,-1.52652,0,1,0,64,0.05,4,100,1,2836.57,2762.93,37.15
13.1785,163,6,2000,2000,33.33,-1.52635,0,1,0,64,0.05,4,100,1,2834.24,2814.44,37.4
13.1935,193,3,2000,692.658,23.22,-1.49449,0,1,1,32,0.15,4,100,1,2817.06,3127.37,32.52
13.198,202,13,2763.54,4327.55,32.38,-1.52383,0,0,0,0,0,4,100,0,0,0,0
13.1985,203,14,2746.6,4769.06,32.15,-1.54467,0,0,0,0,0,4,100,0,0,0,0
13.199,204,16,2748.4,5150.53,32.78,-1.62726,0,0,0,0,0,4,100,0,0,0,0
13.1995,205,17,2775.82,5577.83,32.64,-1.72427,0,0,0,0,0,4,100,0,0,0,0
13.203,12,6,2000,1943.12,27.55,1.6031,0,1,1,257,0.2,4,100,1,2833.75,6332.49,27.3
13.2035,13,5,2000,1641.45,27.32,1.62246,0,1,1,289,0.35,4,100,1,2815.84,5992.18,27.23
13.204,14,4,2000,1256.42,27.39,1.60987,0,1,1,257,0.2,4,100,1,2800.25,5704.22,27.41
13.2045,15,3,2000,927.059,27.48,1.61011,0,1,1,289,0.35,4,100,1,2777.69,5353.84,27.56
13.228,62,6,2000,2000,32.14,1.60317,0,1,0,0,0,4,100,1,2894.23,1733.82,34.67
13.23,66,6,2000,1946.37,33.33,1.6035,0,1,1,321,0.25,4,100,1,2915.13,1218.85,40.89
13.231,68,5,2000,1754.47,33.33,1.62244,0,1,1,353,0.4,4,100,1,2931.67,878.102,33.12
13.2315,69,5,2000,1736.25,29.73,1.62221,0,1,1,353,0.4,4,100,1,2929.19,859.685,33.35
13.2325,71,4,2000,1197.19,33.33,1.6098,0,1,1,321,0.25,4,100,1,2933.49,769.304,34.16
13.233,72,4,2000,1239.54,33.33,1.60991,0,1,1,321,0.25,4,100,1,2979.67,387.124,26.31
13.234,74,3,2000,898.787,33.12,1.60975,0,1,1,353,0.4,4,100,1,2819.36,6652.19,24.39
13.2345,75,3,2000,880.375,33.33,1.61007,0,1,1,353,0.4,4,100,1,2835.1,6304.04,24.56
13.235,76,3,2000,833.527,33.33,1.60987,0,1,1,353,0.4,4,100,1,2821.53,3554.06,24.71
13.236,78,2,2000,407.811,26.31,1.78371,0,1,1,257,0.2,4,100,1,2851.19,2933.97,24.91
13.2355,77,3,2000,790.01,33.33,1.52189,0,1,1,353,0.4,4,100,1,2836.48,3229.88,24.76
13.2405,87,6,2000,2000,24.62,1.60332,0,1,0,0,0,4,100,1,2968.46,495.256,24.59
13.241,88,5,2000,1722.96,24.67,1.62233,0,1,1,289,0.35,4,100,1,2800.1,5642.09,23.29
13.2415,89,4,2000,1451.06,24.87,1.62232,0,1,1,257,0.2,4,100,1,2781.73,5367.21,24.61
13.2425,91,3,2000,811.414,24.96,1.60969,0,1,1,289,0.35,4,100,1,2764.72,4782.32,24.93
13.251,108,5,2000,1875.53,23.38,1.62259,0,1,1,289,0.35,4,100,1,2975.12,423.627,23.57
13.252,110,4,2000,1315.12,23.37,1.61019,0,1,1,257,0.2,4,100,1,2768.49,5055.86,23.15
13.2525,111,3,2000,1003.79,23.47,1.6096,0,1,1,289,0.35,4,100,1,2767.39,4800.63,23.09
13.253,112,3,2000,718.412,23.52,1.61379,0,1,1,289,0.35,4,100,1,2779.13,4513.74,23.24
13.254,114,2,2000,444.532,23.57,1.77304,0,1,1,257,0.2,4,100,1,2806.73,3888.34,23.56
13.2615,129,5,2000,1811.19,32.14,1.62246,0,1,1,289,0.35,4,100,1,2797.79,5658.71,27.97
13.262,130,4,2000,1310.1,33.21,1.60964,0,1,1,257,0.2,4,100,1,2771.54,5259.76,32.59
13.2625,131,3,2000,952.7,32.69,1.60994,0,1,1,289,0.35,4,100,1,2765.18,5048.85,32.54
13.2715,149,4,2000,1205.39,33.33,-1.52761,0,1,0,0,0,4,100,1,2886.64,1585.11,32.34
13.272,150,2,2000,489.03,33.33,-1.37251,0,1,0,0,0,4,100,1,2884.66,1630.53,32.98
13.273,152,3,2000,666.69,33.33,-1.49587,0,1,1,96,0.2,4,100,1,2878.27,1776.4,36.7
13.2735,153,3,2000,719.196,33.33,-1.49415,0,1,1,96,0.2,4,100,1,2876.04,1826.78,37.08
13.274,154,6,2000,1948.62,31.87,-1.52653,0,1,0,0,0,4,100,1,2873.8,1877.36,37.46
13.2755,157,5,2000,1748.65,33.33,-1.52694,0,1,1,96,0.2,4,100,1,2869.35,1977.78,36.92
13.276,158,5,2000,1797.4,33.33,-1.52691,0,1,1,96,0.2,4,100,1,2845.47,2557.09,35.02
13.2765,159,5,2000,1847.8,33.33,-1.52652,0,1,1,96,0.2,4,100,1,2843.69,2604.48,35.78
13.2785,163,6,2000,1998.82,33.33,-1.52635,0,1,0,64,0.05,4,100,1,2834.41,2810.7,37.4
13.278,162,6,2000,1948.82,33.33,-1.52652,0,1,0,64,0.05,4,100,1,2836.74,2759.17,37.15
13.277,160,5,2000,1898.39,33.33,-1.52672,0,1,1,96,0.2,4,100,1,2841.61,2651.89,35.02
13.2935,193,3,2000,691.593,23.22,-1.49449,0,1,1,32,0.15,4,100,1,2817.2,3124.13,32.52
13.298,202,13,2763.69,4324.31,32.38,-1.52383,0,0,0,0,0,4,100,0,0,0,0
13.2985,203,14,2746.68,4765.85,32.15,-1.54467,0,0,0,0,0,4,100,0,0,0,0
13.299,204,16,2748.22,5147.26,32.78,-1.62726,0,0,0,0,0,4,100,0,0,0,0
13.2995,205,17,2775.32,5574.6,32.64,-1.72427,0,0,0,0,0,4,100,0,0,0,0
13.303,12,6,2000,1947.12,27.55,1.6031,0,1,1,257,0.2,4,100,1,2834.12,6335.2,27.3
13.3035,13,5,2000,1645.42,27.32,1.62246,0,1,1,289,0.35,4,100,1,2815.99,5994.89,27.23
13.304,14,4,2000,1260.41,27.39,1.60987,0,1,1,257,0.2,4,100,1,2800.4,5706.96,27.41
13.3045,15,3,2000,931.051,27.48,1.61011,0,1,1,289,0.35,4,100,1,2777.85,5356.59,27.56
13.328,62,6,2000,2000,32.14,1.60317,0,1,0,0,0,4,100,1,2894.05,1737.28,34.67
13.33,66,6,2000,1951.36,33.33,1.6035,0,1,1,321,0.25,4,100,1,2914.97,1222.93,40.89
13.331,68,5,2000,1759.17,33.33,1.62244,0,1,1,353,0.4,4,100,1,2931.55,881.412,33.12
13.3315,69,5,2000,1740.46,29.73,1.62221,0,1,1,353,0.4,4,100,1,2929.06,863.017,33.35
13.3325,71,4,2000,1202.48,33.33,1.6098,0,1,1,321,0.25,4,100,1,2933.66,772.716,34.16
13.333,72,4,2000,1244.86,33.33,1.60991,0,1,1,321,0.25,4,100,1,2979.11,389.699,26.31
13.334,74,3,2000,903.333,33.12,1.60975,0,1,1,353,0.4,4,100,1,2819.02,6654.61,24.39
13.3345,75,3,2000,884.944,33.33,1.61007,0,1,1,353,0.4,4,100,1,2835.22,6306.5,24.56
13.335,76,3,2000,838.164,33.33,1.60987,0,1,1,353,0.4,4,100,1,2821.4,3556.53,24.71
13.3355,77,3,2000,794.658,33.33,1.52189,0,1,1,353,0.4,4,100,1,2836.38,3232.34,24.76
13.336,78,2,2000,411.619,26.31,1.78371,0,1,1,257,0.2,4,100,1,2851.07,2936.48,24.91
13.3405,87,6,2000,2000,24.62,1.60332,0,1,0,0,0,4,100,1,2968.11,497.69,24.59
13.341,88,5,2000,1726.66,24.67,1.62233,0,1,1,289,0.35,4,100,1,2800.23,5644.42,23.29
13.3415,89,4,2000,1454.78,24.87,1.62232,0,1,1,257,0.2,4,100,1,2781.87,5369.67,24.61
13.3425,91,3,2000,815.142,24.96,1.60969,0,1,1,289,0.35,4,100,1,2764.64,4784.81,24.93
13.351,108,5,2000,1879.1,23.38,1.62259,0,1,1,289,0.35,4,100,1,2974.65,425.936,23.57
13.352,110,4,2000,1318.68,23.37,1.61019,0,1,1,257,0.2,4,100,1,2768.52,5058.17,23.15
13.3525,111,3,2000,1007.37,23.47,1.6096,0,1,1,289,0.35,4,100,1,2767.37,4802.94,23.09
13.353,112,3,2000,721.992,23.52,1.61379,0,1,1,289,0.35,4,100,1,2779.03,4516.06,23.24
13.354,114,2,2000,448.071,23.57,1.77304,0,1,1,257,0.2,4,100,1,2806.62,3890.69,23.56
13.3615,129,5,2000,1815.63,32.14,1.62246,0,1,1,289,0.35,4,100,1,2797.95,5661.51,27.97
13.362,130,4,2000,1314.65,33.21,1.60964,0,1,1,257,0.2,4,100,1,2771.76,5263.02,32.59
13.3625,131,3,2000,957.193,32.69,1.60994,0,1,1,289,0.35,4,100,1,2765.23,5052.1,32.54
13.3715,149,4,2000,1203.28,33.33,-1.52761,0,1,0,0,0,4,100,1,2886.78,1581.88,32.34
13.372,150,2,2000,486.356,33.33,-1.37251,0,1,0,0,0,4,100,1,2884.81,1627.24,32.98
13.373,152,3,2000,663.897,33.33,-1.49587,0,1,1,96,0.2,4,100,1,2878.43,1772.73,36.7
13.3735,153,3,2000,716.29,33.33,-1.49415,0,1,1,96,0.2,4,100,1,2876.2,1823.08,37.08
13.374,154,6,2000,1946.65,31.87,-1.52653,0,1,0,0,0,4,100,1,2873.97,1873.62,37.46
13.3755,157,5,2000,1746.13,33.33,-1.52694,0,1,1,96,0.2,4,100,1,2869.52,1974.08,36.92
13.3765,159,5,2000,1845.31,33.33,-1.52652,0,1,1,96,0.2,4,100,1,2843.83,2600.91,35.78
13.377,160,5,2000,1895.87,33.33,-1.52672,0,1,1,96,0.2,4,100,1,2841.76,2648.56,35.02
13.376,158,5,2000,1794.96,33.33,-1.52691,0,1,1,96,0.2,4,100,1,2845.6,2553.54,35.02
13.378,162,6,2000,1946.27,33.33,-1.52652,0,1,0,64,0.05,4,100,1,2836.91,2755.5,37.15
13.3785,163,6,2000,1996.35,33.33,-1.52635,0,1,0,64,0.05,4,100,1,2834.58,2806.92,37.4
13.3935,193,3,2000,690.494,23.22,-1.49449,0,1,1,32,0.15,4,100,1,2817.34,3120.88,32.52
13.398,202,13,2763.85,4321.08,32.38,-1.52383,0,0,0,0,0,4,100,0,0,0,0
13.3985,203,14,2746.76,4762.63,32.15,-1.54467,0,0,0,0,0,4,100,0,0,0,0
13.399,204,16,2748.03,5143.99,32.78,-1.62726,0,0,0,0,0,4,100,0,0,0,0
13.3995,205,17,2774.82,5571.37,32.64,-1.72427,0,0,0,0,0,4,100,0,0,0,0
13.403,12,6,2000,1951.09,27.55,1.6031,0,1,1,257,0.2,4,100,1,2834.49,6337.9,27.3
13.4035,13,5,2000,1649.36,27.32,1.62246,0,1,1,289,0.35,4,100,1,2816.14,5997.61,27.23
13.404,14,4,2000,1264.36,27.39,1.60987,0,1,1,257,0.2,4,100,1,2800.55,5709.69,27.41
13.4045,15,3,2000,935.01,27.48,1.61011,0,1,1,289,0.35,4,100,1,2778.02,5359.34,27.56
13.43,66,6,2000,1956.32,33.33,1.6035,0,1,1,321,0.25,4,100,1,2914.81,1227.02,40.89
13.431,68,5,2000,1763.83,33.33,1.62244,0,1,1,353,0.4,4,100,1,2931.42,884.721,33.12
13.4315,69,5,2000,1744.63,29.73,1.62221,0,1,1,353,0.4,4,100,1,2928.93,866.349,33.35
13.4325,71,4,2000,1207.73,33.33,1.6098,0,1,1,321,0.25,4,100,1,2933.83,776.133,34.16
13.433,72,4,2000,1250.15,33.33,1.60991,0,1,1,321,0.25,4,100,1,2978.56,392.273,26.31
13.434,74,3,2000,907.844,33.12,1.60975,0,1,1,353,0.4,4,100,1,2818.67,6657.02,24.39
13.4345,75,3,2000,889.478,33.33,1.61007,0,1,1,353,0.4,4,100,1,2835.33,6308.96,24.56
13.4355,77,3,2000,799.272,33.33,1.52189,0,1,1,353,0.4,4,100,1,2836.28,3234.8,24.76
13.436,78,2,2000,415.392,26.31,1.78371,0,1,1,257,0.2,4,100,1,2850.95,2938.96,24.91
13.435,76,3,2000,842.766,33.33,1.60987,0,1,1,353,0.4,4,100,1,2821.27,3559.04,24.71
13.4405,87,6,2000,2000,24.62,1.60332,0,1,0,0,0,4,100,1,2967.76,500.123,24.59
13.441,88,5,2000,1730.33,24.67,1.62233,0,1,1,353,0.4,4,100,1,2800.35,5646.74,23.29
13.4415,89,4,2000,1458.46,24.87,1.62232,0,1,1,257,0.2,4,100,1,2782,5372.13,24.61
13.4425,91,3,2000,818.835,24.96,1.60969,0,1,1,289,0.35,4,100,1,2764.57,4787.31,24.93
13.451,108,5,2000,1882.63,23.38,1.62259,0,1,1,289,0.35,4,100,1,2974.17,428.244,23.57
13.452,110,4,2000,1322.22,23.37,1.61019,0,1,1,257,0.2,4,100,1,2768.56,5060.49,23.15
13.4525,111,3,2000,1010.91,23.47,1.6096,0,1,1,289,0.35,4,100,1,2767.36,4805.25,23.09
13.453,112,3,2000,725.537,23.52,1.61379,0,1,1,289,0.35,4,100,1,2778.93,4518.38,23.24
13.454,114,2,2000,451.575,23.57,1.77304,0,1,1,257,0.2,4,100,1,2806.52,3893.04,23.56
13.4615,129,5,2000,1820.03,32.14,1.62246,0,1,1,289,0.35,4,100,1,2798.1,5664.3,27.97
13.462,130,4,2000,1319.16,33.21,1.60964,0,1,1,257,0.2,4,100,1,2771.97,5266.27,32.59
13.4625,131,3,2000,961.651,32.69,1.60994,0,1,1,289,0.35,4,100,1,2765.28,5055.36,32.54
13.4715,149,4,2000,1201.13,33.33,-1.52761,0,1,0,0,0,4,100,1,2886.93,1578.65,32.34
13.472,150,2,2000,483.646,33.33,-1.37251,0,1,0,0,0,4,100,1,2884.95,1623.94,32.98
13.473,152,3,2000,661.068,33.33,-1.49587,0,1,1,96,0.2,4,100,1,2878.59,1769.06,36.7
13.4735,153,3,2000,713.348,33.33,-1.49415,0,1,1,96,0.2,4,100,1,2876.37,1819.37,37.08
13.474,154,6,2000,1944.66,31.87,-1.52653,0,1,0,0,0,4,100,1,2874.13,1869.88,37.46
13.4755,157,5,2000,1743.58,33.33,-1.52694,0,1,1,96,0.2,4,100,1,2869.68,1970.41,36.92
13.476,158,5,2000,1792.48,33.33,-1.52691,0,1,1,96,0.2,4,100,1,2845.73,2550.09,35.02
13.4765,159,5,2000,1842.8,33.33,-1.52652,0,1,1,96,0.2,4,100,1,2843.96,2597.33,35.78
13.477,160,5,2000,1893.31,33.33,-1.52672,0,1,1,96,0.2,4,100,1,2841.92,2645.03,35.02
13.4785,163,6,2000,1993.85,33.33,-1.52635,0,1,0,64,0.05,4,100,1,2834.75,2803.18,37.4
13.478,162,6,2000,1943.69,33.33,-1.52652,0,1,0,64,0.05,4,100,1,2837.08,2751.67,37.15
13.4935,193,3,2000,689.359,23.22,-1.49449,0,1,1,32,0.15,4,100,1,2817.48,3117.63,32.52
13.498,202,13,2764,4317.84,32.38,-1.52383,0,0,0,0,0,4,100,0,0,0,0
13.4985,203,14,2746.85,4759.42,32.15,-1.54467,0,0,0,0,0,4,100,0,0,0,0
13.499,204,16,2747.85,5140.71,32.78,-1.62726,0,0,0,0,0,4,100,0,0,0,0
13.4995,205,17,2774.32,5568.15,32.64,-1.72427,0,0,0,0,0,4,100,0,0,0,0
13.503,12,6,2000,1955.02,27.55,1.6031,0,1,1,257,0.2,4,100,1,2834.87,6340.61,27.3
13.5035,13,5,2000,1653.27,27.32,1.62246,0,1,1,289,0.35,4,100,1,2816.28,6000.33,27.23
13.504,14,4,2000,1268.27,27.39,1.60987,0,1,1,257,0.2,4,100,1,2800.7,5712.43,27.41
13.5045,15,3,2000,938.932,27.48,1.61011,0,1,1,289,0.35,4,100,1,2778.18,5362.1,27.56
13.53,66,6,2000,1961.24,33.33,1.6035,0,1,1,321,0.25,4,100,1,2914.65,1231.1,40.89
13.531,68,5,2000,1768.46,33.33,1.62244,0,1,1,353,0.4,4,100,1,2931.29,888.03,33.12
13.5315,69,5,2000,1748.76,29.73,1.62221,0,1,1,353,0.4,4,100,1,2928.8,869.682,33.35
13.5325,71,4,2000,1212.94,33.33,1.6098,0,1,1,321,0.25,4,100,1,2933.99,779.539,34.16
13.533,72,4,2000,1255.4,33.33,1.60991,0,1,1,321,0.25,4,100,1,2978,394.839,26.31
13.534,74,3,2000,912.319,33.12,1.60975,0,1,1,353,0.4,4,100,1,2818.32,6659.44,24.39
13.5345,75,3,2000,893.975,33.33,1.61007,0,1,1,353,0.4,4,100,1,2835.45,6311.41,24.56
13.535,76,3,2000,847.331,33.33,1.60987,0,1,1,353,0.4,4,100,1,2821.14,3561.47,24.71
13.5355,77,3,2000,803.848,33.33,1.52189,0,1,1,353,0.4,4,100,1,2836.18,3237.28,24.76
13.536,78,2,2000,419.128,26.31,1.78371,0,1,1,257,0.2,4,100,1,2850.83,2941.46,24.91
13.5405,87,6,2000,2000,24.62,1.60332,0,1,0,64,0.05,4,100,1,2967.41,502.557,24.59
13.541,88,5,2000,1733.95,24.67,1.62233,0,1,1,353,0.4,4,100,1,2800.48,5649.07,23.29
13.5415,89,4,2000,1462.11,24.87,1.62232,0,1,1,257,0.2,4,100,1,2782.14,5374.58,24.61
13.5425,91,3,2000,822.491,24.96,1.60969,0,1,1,289,0.35,4,100,1,2764.49,4789.8,24.93
13.551,108,5,2000,1886.12,23.38,1.62259,0,1,1,289,0.35,4,100,1,2973.7,430.554,23.57
13.552,110,4,2000,1325.71,23.37,1.61019,0,1,1,257,0.2,4,100,1,2768.59,5062.8,23.15
13.5525,111,3,2000,1014.41,23.47,1.6096,0,1,1,289,0.35,4,100,1,2767.34,4807.56,23.09
13.553,112,3,2000,729.044,23.52,1.61379,0,1,1,289,0.35,4,100,1,2778.83,4520.7,23.24
13.554,114,2,2000,455.042,23.57,1.77304,0,1,1,257,0.2,4,100,1,2806.42,3895.4,23.56
13.5615,129,5,2000,1824.39,32.14,1.62246,0,1,1,289,0.35,4,100,1,2798.25,5667.09,27.97
13.562,130,4,2000,1323.63,33.21,1.60964,0,1,1,257,0.2,4,100,1,2772.18,5269.52,32.59
13.5625,131,3,2000,966.072,32.69,1.60994,0,1,1,289,0.35,4,100,1,2765.33,5058.61,32.54
13.5715,149,4,2000,1198.95,33.33,-1.52761,0,1,0,0,0,4,100,1,2887.07,1575.42,32.34
13.572,150,2,2000,480.898,33.33,-1.37251,0,1,0,0,0,4,100,1,2885.09,1620.65,32.98
13.573,152,3,2000,658.201,33.33,-1.49587,0,1,1,96,0.2,4,100,1,2878.75,1765.4,36.7
13.5735,153,3,2000,710.368,33.33,-1.49415,0,1,1,96,0.2,4,100,1,2876.53,1815.67,37.08
13.574,154,6,2000,1942.62,31.87,-1.52653,0,1,0,0,0,4,100,1,2874.3,1866.13,37.46
13.5755,157,5,2000,1740.99,33.33,-1.52694,0,1,1,96,0.2,4,100,1,2869.84,1966.71,36.92
13.576,158,5,2000,1789.96,33.33,-1.52691,0,1,1,96,0.2,4,100,1,2845.86,2546.58,35.02
13.5765,159,5,2000,1840.24,33.33,-1.52652,0,1,1,96,0.2,4,100,1,2844.1,2593.76,35.78
13.577,160,5,2000,1890.72,33.33,-1.52672,0,1,1,96,0.2,4,100,1,2842.07,2641.55,35.02
13.578,162,6,2000,1941.07,33.33,-1.52652,0,1,0,64,0.05,4,100,1,2837.25,2748.08,37.15
13.5785,163,6,2000,1991.31,33.33,-1.52635,0,1,0,64,0.05,4,100,1,2834.92,2799.49,37.4
13.5935,193,3,2000,688.187,23.22,-1.49449,0,1,1,32,0.15,4,100,1,2817.62,3114.38,32.52
13.598,202,13,2764.15,4314.61,32.38,-1.52383,0,0,0,0,0,4,100,0,0,0,0
13.5985,203,14,2746.93,4756.2,32.15,-1.54467,0,0,0,0,0,4,100,0,0,0,0
13.599,204,16,2747.66,5137.44,32.78,-1.62726,0,0,0,0,0,4,100,0,0,0,0
13.5995,205,17,2773.82,5564.92,32.64,-1.72427,0,0,0,0,0,4,100,0,0,0,0
13.603,12,6,2000,1958.91,27.55,1.6031,0,1,1,257,0.2,4,100,1,2835.24,6343.31,27.3
13.6035,13,5,2000,1657.13,27.32,1.62246,0,1,1,289,0.35,4,100,1,2816.43,6003.05,27.23
13.604,14,4,2000,1272.15,27.39,1.60987,0,1,1,257,0.2,4,100,1,2800.85,5715.17,27.41
13.6045,15,3,2000,942.816,27.48,1.61011,0,1,1,289,0.35,4,100,1,2778.35,5364.84,27.56
13.63,66,6,2000,1966.13,33.33,1.6035,0,1,1,257,0.2,4,100,1,2914.49,1235.19,40.89
13.631,68,5,2000,1773.05,33.33,1.62244,0,1,1,353,0.4,4,100,1,2931.16,891.34,33.12
13.6315,69,5,2000,1752.86,29.73,1.62221,0,1,1,353,0.4,4,100,1,2928.67,873.014,33.35
13.6325,71,4,2000,1218.12,33.33,1.6098,0,1,1,321,0.25,4,100,1,2934.16,782.957,34.16
13.633,72,4,2000,1260.62,33.33,1.60991,0,1,1,321,0.25,4,100,1,2977.44,397.416,26.31
13.634,74,3,2000,916.755,33.12,1.60975,0,1,1,353,0.4,4,100,1,2817.98,6661.85,24.39
13.6345,75,3,2000,898.434,33.33,1.61007,0,1,1,353,0.4,4,100,1,2835.57,6313.86,24.56
13.6355,77,3,2000,808.386,33.33,1.52189,0,1,1,353,0.4,4,100,1,2836.08,3239.75,24.76
13.635,76,3,2000,851.858,33.33,1.60987,0,1,1,353,0.4,4,100,1,2821.01,3563.95,24.71
13.636,78,2,2000,422.825,26.31,1.78371,0,1,1,257,0.2,4,100,1,2850.71,2943.95,24.91
13.6405,87,6,2000,2000,24.62,1.60332,0,1,0,64,0.05,4,100,1,2967.06,504.991,24.59
13.641,88,5,2000,1737.54,24.67,1.62233,0,1,1,353,0.4,4,100,1,2800.6,5651.39,23.29
13.6415,89,4,2000,1465.72,24.87,1.62232,0,1,1,257,0.2,4,100,1,2782.28,5377.04,24.61
13.6425,91,3,2000,826.108,24.96,1.60969,0,1,1,289,0.35,4,100,1,2764.42,4792.29,24.93
13.6365,79,2,2000,393.704,24.5,1.78716,0,1,0,0,0,4,100,1,2866.09,2620,24.64
13.651,108,5,2000,1889.58,23.38,1.62259,0,1,1,289,0.35,4,100,1,2973.23,432.862,23.57
13.652,110,4,2000,1329.16,23.37,1.61019,0,1,1,257,0.2,4,100,1,2768.63,5065.12,23.15
13.6525,111,3,2000,1017.88,23.47,1.6096,0,1,1,289,0.35,4,100,1,2767.33,4809.87,23.09
13.653,112,3,2000,732.513,23.52,1.61379,0,1,1,289,0.35,4,100,1,2778.73,4523.03,23.24
13.654,114,2,2000,458.469,23.57,1.77304,0,1,1,257,0.2,4,100,1,2806.31,3897.75,23.56
13.6615,129,5,2000,1828.72,32.14,1.62246,0,1,1,289,0.35,4,100,1,2798.4,5669.88,27.97
13.662,130,4,2000,1328.07,33.21,1.60964,0,1,1,257,0.2,4,100,1,2772.4,5272.77,32.59
13.6625,131,3,2000,970.454,32.69,1.60994,0,1,1,289,0.35,4,100,1,2765.38,5061.86,32.54
13.6715,149,4,2000,1196.72,33.33,-1.52761,0,1,0,0,0,4,100,1,2887.21,1572.19,32.34
13.672,150,2,2000,478.112,33.33,-1.37251,0,1,0,0,0,4,100,1,2885.24,1617.35,32.98
13.673,152,3,2000,655.295,33.33,-1.49587,0,1,1,96,0.2,4,100,1,2878.91,1761.73,36.7
13.6735,153,3,2000,707.349,33.33,-1.49415,0,1,1,96,0.2,4,100,1,2876.7,1811.97,37.08
13.674,154,6,2000,1940.55,31.87,-1.52653,0,1,0,0,0,4,100,1,2874.46,1862.39,37.46
13.6755,157,5,2000,1738.36,33.33,-1.52694,0,1,1,96,0.2,4,100,1,2870.01,1963.03,36.92
13.676,158,5,2000,1787.41,33.33,-1.52691,0,1,1,96,0.2,4,100,1,2845.99,2543.09,35.02
13.6765,159,5,2000,1837.65,33.33,-1.52652,0,1,1,96,0.2,4,100,1,2844.24,2590.18,35.78
13.677,160,5,2000,1888.09,33.33,-1.52672,0,1,1,96,0.2,4,100,1,2842.23,2638.05,35.02
13.678,162,6,2000,1938.41,33.33,-1.52652,0,1,0,64,0.05,4,100,1,2837.42,2744.37,37.15
13.6785,163,6,2000,1988.73,33.33,-1.52635,0,1,0,64,0.05,4,100,1,2835.09,2795.75,37.4
13.6935,193,3,2000,686.974,23.22,-1.49449,0,1,1,32,0.15,4,100,1,2817.76,3111.13,32.52
13.698,202,13,2764.3,4311.37,32.38,-1.52383,0,0,0,0,0,4,100,0,0,0,0
13.6985,203,14,2747.02,4752.99,32.15,-1.54467,0,0,0,0,0,4,100,0,0,0,0
13.699,204,16,2747.48,5134.17,32.78,-1.62726,0,0,0,0,0,4,100,0,0,0,0
13.6995,205,17,2773.32,5561.7,32.64,-1.72427,0,0,0,0,0,4,100,0,0,0,0
13.703,12,6,2000,1962.76,27.55,1.6031,0,1,1,257,0.2,4,100,1,2835.61,6346.02,27.3
13.7035,13,5,2000,1660.96,27.32,1.62246,0,1,1,289,0.35,4,100,1,2816.58,6005.77,27.23
13.704,14,4,2000,1275.98,27.39,1.60987,0,1,1,257,0.2,4,100,1,2801,5717.9,27.41
13.7045,15,3,2000,946.66,27.48,1.61011,0,1,1,289,0.35,4,100,1,2778.51,5367.59,27.56
13.73,66,6,2000,1970.97,33.33,1.6035,0,1,1,257,0.2,4,100,1,2914.33,1239.27,40.89
13.731,68,5,2000,1777.6,33.33,1.62244,0,1,1,353,0.4,4,100,1,2931.03,894.649,33.12
13.7315,69,5,2000,1756.92,29.73,1.62221,0,1,1,353,0.4,4,100,1,2928.54,876.347,33.35
13.7325,71,4,2000,1223.25,33.33,1.6098,0,1,1,321,0.25,4,100,1,2934.33,786.363,34.16
13.733,72,4,2000,1265.79,33.33,1.60991,0,1,1,321,0.25,4,100,1,2976.89,399.982,26.31
13.734,74,3,2000,921.15,33.12,1.60975,0,1,1,353,0.4,4,100,1,2817.63,6664.26,24.39
13.7345,75,3,2000,902.852,33.33,1.61007,0,1,1,353,0.4,4,100,1,2835.69,6316.31,24.56
13.735,76,3,2000,856.344,33.33,1.60987,0,1,1,353,0.4,4,100,1,2820.88,3566.4,24.71
13.736,78,2,2000,426.482,26.31,1.78371,0,1,1,257,0.2,4,100,1,2850.59,2946.42,24.91
13.7365,79,2,2000,397.182,24.5,1.78716,0,1,1,257,0.2,4,100,1,2865.98,2622.28,24.64
13.7355,77,3,2000,812.883,33.33,1.52189,0,1,1,353,0.4,4,100,1,2835.98,3242.26,24.76
13.741,88,5,2000,1741.09,24.67,1.62233,0,1,1,353,0.4,4,100,1,2800.73,5653.72,23.29
13.7415,89,4,2000,1469.28,24.87,1.62232,0,1,1,257,0.2,4,100,1,2782.42,5379.5,24.61
13.7405,87,6,2000,2000,24.62,1.60332,0,1,0,64,0.05,4,100,1,2966.7,507.472,24.59
13.7425,91,3,2000,829.684,24.96,1.60969,0,1,1,289,0.35,4,100,1,2764.34,4794.79,24.93
13.752,110,4,2000,1332.58,23.37,1.61019,0,1,1,257,0.2,4,100,1,2768.66,5067.43,23.15
13.7525,111,3,2000,1021.3,23.47,1.6096,0,1,1,289,0.35,4,100,1,2767.31,4812.17,23.09
13.753,112,3,2000,735.941,23.52,1.61379,0,1,1,289,0.35,4,100,1,2778.62,4525.35,23.24
13.754,114,2,2000,461.856,23.57,1.77304,0,1,1,257,0.2,4,100,1,2806.21,3900.11,23.56
13.7615,129,5,2000,1833,32.14,1.62246,0,1,1,289,0.35,4,100,1,2798.55,5672.68,27.97
13.762,130,4,2000,1332.46,33.21,1.60964,0,1,1,257,0.2,4,100,1,2772.61,5276.02,32.59
13.7625,131,3,2000,974.794,32.69,1.60994,0,1,1,289,0.35,4,100,1,2765.43,5065.12,32.54
13.7715,149,4,2000,1194.46,33.33,-1.52761,0,1,0,0,0,4,100,1,2887.35,1568.96,32.34
13.772,150,2,2000,475.284,33.33,-1.37251,0,1,0,0,0,4,100,1,2885.38,1614.06,32.98
13.7735,153,3,2000,704.288,33.33,-1.49415,0,1,1,96,0.2,4,100,1,2876.86,1808.26,37.08
13.774,154,6,2000,1938.44,31.87,-1.52653,0,1,0,0,0,4,100,1,2874.63,1858.66,37.46
13.7755,157,5,2000,1735.69,33.33,-1.52694,0,1,1,96,0.2,4,100,1,2870.17,1959.34,36.92
13.776,158,5,2000,1784.81,33.33,-1.52691,0,1,1,96,0.2,4,100,1,2846.11,2539.59,35.02
13.7765,159,5,2000,1835.01,33.33,-1.52652,0,1,1,96,0.2,4,100,1,2844.37,2586.6,35.78
13.777,160,5,2000,1885.41,33.33,-1.52672,0,1,1,96,0.2,4,100,1,2842.39,2634.54,35.02
13.778,162,6,2000,1935.7,33.33,-1.52652,0,1,0,64,0.05,4,100,1,2837.59,2740.66,37.15
13.7785,163,6,2000,1986.11,33.33,-1.52635,0,1,0,64,0.05,4,100,1,2835.26,2792.02,37.4
13.7935,193,3,2000,685.72,23.22,-1.49449,0,1,1,32,0.15,4,100,1,2817.9,3107.88,32.52
13.798,202,13,2764.45,4308.14,32.38,-1.52383,0,0,0,0,0,4,100,0,0,0,0
13.7985,203,14,2747.1,4749.78,32.15,-1.54467,0,0,0,0,0,4,100,0,0,0,0
13.7995,205,17,2772.82,5558.47,32.64,-1.72427,0,0,0,0,0,4,100,0,0,0,0
13.803,12,6,2000,1966.57,27.55,1.6031,0,1,1,257,0.2,4,100,1,2835.98,6348.72,27.3
13.8035,13,5,2000,1664.75,27.32,1.62246,0,1,1,289,0.35,4,100,1,2816.73,6008.49,27.23
13.804,14,4,2000,1279.77,27.39,1.60987,0,1,1,257,0.2,4,100,1,2801.15,5720.65,27.41
13.8045,15,3,2000,950.462,27.48,1.61011,0,1,1,289,0.35,4,100,1,2778.68,5370.35,27.56
13.83,66,6,2000,1975.77,33.33,1.6035,0,1,1,321,0.25,4,100,1,2914.17,1243.37,40.89
13.831,68,5,2000,1782.11,33.33,1.62244,0,1,1,353,0.4,4,100,1,2930.9,897.96,33.12
13.8315,69,5,2000,1760.93,29.73,1.62221,0,1,1,353,0.4,4,100,1,2928.41,879.686,33.35
13.8325,71,4,2000,1228.35,33.33,1.6098,0,1,1,321,0.25,4,100,1,2934.49,789.776,34.16
13.833,72,4,2000,1270.92,33.33,1.60991,0,1,1,321,0.25,4,100,1,2976.33,402.555,26.31
13.834,74,3,2000,925.504,33.12,1.60975,0,1,1,353,0.4,4,100,1,2817.28,6666.68,24.39
13.8345,75,3,2000,907.228,33.33,1.61007,0,1,1,353,0.4,4,100,1,2835.81,6318.76,24.56
13.835,76,3,2000,860.787,33.33,1.60987,0,1,1,353,0.4,4,100,1,2820.75,3568.86,24.71
13.8355,77,3,2000,817.338,33.33,1.52189,0,1,1,353,0.4,4,100,1,2835.88,3244.7,24.76
13.8365,79,2,2000,400.617,24.5,1.78716,0,1,1,257,0.2,4,100,1,2865.86,2624.74,24.64
13.836,78,2,2000,430.096,26.31,1.78371,0,1,1,321,0.25,4,100,1,2850.47,2948.94,24.91
13.8405,87,6,2000,2000,24.62,1.60332,0,1,0,64,0.05,4,100,1,2966.35,509.859,24.59
13.841,88,5,2000,1744.59,24.67,1.62233,0,1,1,353,0.4,4,100,1,2800.86,5656.04,23.29
13.8415,89,4,2000,1472.81,24.87,1.62232,0,1,1,257,0.2,4,100,1,2782.55,5381.96,24.61
13.8425,91,3,2000,833.219,24.96,1.60969,0,1,1,289,0.35,4,100,1,2764.27,4797.27,24.93
13.852,110,4,2000,1335.95,23.37,1.61019,0,1,1,257,0.2,4,100,1,2768.7,5069.74,23.15
13.8525,111,3,2000,1024.68,23.47,1.6096,0,1,1,289,0.35,4,100,1,2767.29,4814.48,23.09
13.853,112,3,2000,739.326,23.52,1.61379,0,1,1,289,0.35,4,100,1,2778.52,4527.67,23.24
13.854,114,2,2000,465.2,23.57,1.77304,0,1,1,257,0.2,4,100,1,2806.1,3902.46,23.56
13.8615,129,5,2000,1837.24,32.14,1.62246,0,1,1,289,0.35,4,100,1,2798.7,5675.47,27.97
13.862,130,4,2000,1336.81,33.21,1.60964,0,1,1,257,0.2,4,100,1,2772.82,5279.28,32.59
13.8625,131,3,2000,979.092,32.69,1.60994,0,1,1,289,0.35,4,100,1,2765.48,5068.37,32.54
13.8715,149,4,2000,1192.15,33.33,-1.52761,0,1,0,0,0,4,100,1,2887.49,1565.73,32.34
13.872,150,2,2000,472.413,33.33,-1.37251,0,1,0,0,0,4,100,1,2885.53,1610.76,32.98
13.8735,153,3,2000,701.185,33.33,-1.49415,0,1,1,96,0.2,4,100,1,2877.02,1804.56,37.08
13.874,154,6,2000,1936.28,31.87,-1.52653,0,1,0,0,0,4,100,1,2874.79,1854.92,37.46
13.8755,157,5,2000,1732.98,33.33,-1.52694,0,1,1,96,0.2,4,100,1,2870.34,1955.65,36.92
13.876,158,5,2000,1782.17,33.33,-1.52691,0,1,1,96,0.2,4,100,1,2846.24,2536.09,35.02
13.8765,159,5,2000,1832.33,33.33,-1.52652,0,1,1,96,0.2,4,100,1,2844.51,2583.03,35.78
13.877,160,5,2000,1882.69,33.33,-1.52672,0,1,1,96,0.2,4,100,1,2842.55,2631.05,35.02
13.878,162,6,2000,1932.96,33.33,-1.52652,0,1,0,64,0.05,4,100,1,2837.76,2736.95,37.15
13.8785,163,6,2000,1983.45,33.33,-1.52635,0,1,0,64,0.05,4,100,1,2835.43,2788.27,37.4
13.8935,193,3,2000,684.422,23.22,-1.49449,0,1,1,32,0.15,4,100,1,2818.04,3104.63,32.52
13.898,202,13,2764.61,4304.9,32.38,-1.52383,0,0,0,0,0,4,100,0,0,0,0
13.8985,203,14,2747.18,4746.56,32.15,-1.54467,0,0,0,0,0,4,100,0,0,0,0
13.8995,205,17,2772.33,5555.25,32.64,-1.72427,0,0,0,0,0,4,100,0,0,0,0
13.903,12,6,2000,1970.34,27.55,1.6031,0,1,1,257,0.2,4,100,1,2836.35,6351.42,27.3
13.9035,13,5,2000,1668.49,27.32,1.62246,0,1,1,289,0.35,4,100,1,2816.88,6011.21,27.23
13.904,14,4,2000,1283.52,27.39,1.60987,0,1,1,257,0.2,4,100,1,2801.3,5723.38,27.41
13.9045,15,3,2000,954.221,27.48,1.61011,0,1,1,289,0.35,4,100,1,2778.84,5373.09,27.56
13.93,66,6,2000,1980.53,33.33,1.6035,0,1,1,321,0.25,4,100,1,2914.01,1247.45,40.89
13.931,68,5,2000,1786.57,33.33,1.62244,0,1,1,353,0.4,4,100,1,2930.77,901.268,33.12
13.9315,69,5,2000,1764.9,29.73,1.62221,0,1,1,353,0.4,4,100,1,2928.28,883.011,33.35
13.9325,71,4,2000,1233.39,33.33,1.6098,0,1,1,321,0.25,4,100,1,2934.66,793.187,34.16
13.933,72,4,2000,1276,33.33,1.60991,0,1,1,321,0.25,4,100,1,2975.78,405.125,26.31
13.934,74,3,2000,929.813,33.12,1.60975,0,1,1,353,0.4,4,100,1,2816.94,6669.09,24.39
13.9345,75,3,2000,911.56,33.33,1.61007,0,1,1,353,0.4,4,100,1,2835.93,6321.21,24.56
13.935,76,3,2000,865.187,33.33,1.60987,0,1,1,353,0.4,4,100,1,2820.62,3571.34,24.71
13.9355,77,3,2000,821.749,33.33,1.52189,0,1,1,353,0.4,4,100,1,2835.78,3247.18,24.76
13.9365,79,2,2000,404.009,24.5,1.78716,0,1,1,321,0.25,4,100,1,2865.74,2627.2,24.64
13.936,78,2,2000,433.667,26.31,1.78371,0,1,1,321,0.25,4,100,1,2850.35,2951.43,24.91
13.9405,87,6,2000,2000,24.62,1.60332,0,1,0,64,0.05,4,100,1,2966,512.293,24.59
13.941,88,5,2000,1748.05,24.67,1.62233,0,1,1,353,0.4,4,100,1,2800.98,5658.37,23.29
13.9415,89,4,2000,1476.29,24.87,1.62232,0,1,1,257,0.2,4,100,1,2782.69,5384.42,24.61
13.9425,91,3,2000,836.709,24.96,1.60969,0,1,1,289,0.35,4,100,1,2764.19,4799.77,24.93
13.952,110,4,2000,1339.27,23.37,1.61019,0,1,0,0,0,4,100,1,2768.73,5072.06,23.15
13.9525,111,3,2000,1028.02,23.47,1.6096,0,1,1,289,0.35,4,100,1,2767.28,4816.79,23.09
13.953,112,3,2000,742.667,23.52,1.61379,0,1,1,289,0.35,4,100,1,2778.42,4529.99,23.24
13.954,114,2,2000,468.499,23.57,1.77304,0,1,0,0,0,4,100,1,2806,3904.81,23.56
13.9615,129,5,2000,1841.44,32.14,1.62246,0,1,1,289,0.35,4,100,1,2798.85,5678.26,27.97
13.962,130,4,2000,1341.11,33.21,1.60964,0,1,1,257,0.2,4,100,1,2773.04,5282.53,32.59
13.9625,131,3,2000,983.346,32.69,1.60994,0,1,1,289,0.35,4,100,1,2765.53,5071.63,32.54
13.9715,149,4,2000,1189.8,33.33,-1.52761,0,1,0,0,0,4,100,1,2887.63,1562.5,32.34
13.972,150,2,2000,469.497,33.33,-1.37251,0,1,0,0,0,4,100,1,2885.67,1607.47,32.98
13.9735,153,3,2000,698.037,33.33,-1.49415,0,1,1,96,0.2,4,100,1,2877.19,1800.85,37.08
13.974,154,6,2000,1934.08,31.87,-1.52653,0,1,0,0,0,4,100,1,2874.96,1851.17,37.46
13.9755,157,5,2000,1730.22,33.33,-1.52694,0,1,1,96,0.2,4,100,1,2870.5,1951.97,36.92
13.976,158,5,2000,1779.48,33.33,-1.52691,0,1,1,96,0.2,4,100,1,2846.37,2532.59,35.02
13.9765,159,5,2000,1829.61,33.33,-1.52652,0,1,1,96,0.2,4,100,1,2844.65,2579.46,35.78
13.977,160,5,2000,1879.93,33.33,-1.52672,0,1,1,96,0.2,4,100,1,2842.71,2627.56,35.02
13.978,162,6,2000,1930.17,33.33,-1.52652,0,1,0,64,0.05,4,100,1,2837.92,2733.24,37.15
13.9785,163,6,2000,1980.74,33.33,-1.52635,0,1,0,64,0.05,4,100,1,2835.59,2784.55,37.4
13.9935,193,3,2000,683.08,23.22,-1.49449,0,1,1,32,0.15,4,100,1,2818.18,3101.38,32.52
13.998,202,13,2764.76,4301.67,32.38,-1.52383,0,0,0,0,0,4,100,0,0,0,0
13.9985,203,14,2747.27,4743.35,32.15,-1.54467,0,0,0,0,0,4,100,0,0,0,0
13.999,204,15,2746.92,5124.35,32.78,-1.62726,0,0,0,0,0,4,100,0,0,0,0
13.9995,205,17,2771.83,5552.02,32.64,-1.72427,0,0,0,0,0,4,100,0,0,0,0
14.003,12,6,2000,1974.06,27.43,1.60325,0,1,1,257,0.2,4,100,1,2836.71,6354.13,27.69
14.0035,13,5,2000,1672.18,27.28,1.62217,0,1,1,289,0.35,4,100,1,2817.02,6013.93,27.19
14.004,14,4,2000,1287.23,27.38,1.6099,0,1,1,257,0.2,4,100,1,2801.45,5726.12,27.65
14.0045,15,3,2000,957.935,27.54,1.60967,0,1,1,289,0.35,4,100,1,2779.01,5375.83,27.29
14.03,66,6,2000,1985.25,33.33,1.60328,0,1,1,321,0.25,4,100,1,2913.85,1251.52,40.52
14.031,68,5,2000,1790.95,33.25,1.62256,0,1,1,353,0.4,4,100,1,2930.64,904.594,33.64
14.0315,69,5,2000,1768.87,31.17,1.62246,0,1,1,357,0.5,4,100,1,2928.15,886.371,34.22
14.0325,71,4,2000,1238.39,33.33,1.61011,0,1,1,321,0.25,4,100,1,2934.73,796.67,36.31
14.033,72,4,2000,1281.03,33.33,1.60977,0,1,1,321,0.25,4,100,1,2975.21,407.767,28.44
14.034,74,3,2000,934.094,33.33,1.61004,0,1,1,353,0.4,4,100,1,2816.59,6671.5,24.41
14.0345,75,3,2000,915.877,33.33,1.60995,0,1,1,353,0.4,4,100,1,2836.03,6323.68,24.8
14.035,76,3,2000,869.518,33.33,1.61004,0,1,1,353,0.4,4,100,1,2820.48,3573.8,24.79
14.0355,77,3,2000,826.192,33.33,1.6063,0,1,1,355,0.5,4,100,1,2835.69,3249.63,24.38
14.0365,79,2,2000,407.415,26.17,1.78408,0,1,1,325,0.35,4,100,1,2865.63,2629.64,24.41
14.036,78,2,2000,437.267,28.44,1.78143,0,1,1,325,0.35,4,100,1,2850.18,2953.9,24.91
14.0405,87,6,2000,2000,24.39,1.6032,0,1,0,64,0.05,4,100,1,2965.65,514.724,24.53
14.041,88,5,2000,1751.45,24.8,1.62245,0,1,1,353,0.4,4,100,1,2801.11,5660.7,23.37
14.0415,89,4,2000,1479.71,24.98,1.6225,0,1,1,257,0.2,4,100,1,2782.83,5386.87,24.6
14.0425,91,3,2000,840.129,24.66,1.61016,0,1,1,257,0.2,4,100,1,2764.15,4802.23,24.44
14.052,110,4,2000,1342.53,23.16,1.60969,0,1,0,0,0,4,100,1,2768.79,5074.37,23.02
14.0525,111,3,2000,1031.3,23.46,1.61004,0,1,0,0,0,4,100,1,2767.26,4819.11,23.23
14.053,112,3,2000,745.946,23.55,1.61159,0,1,0,0,0,4,100,1,2778.32,4532.31,23.12
14.054,114,2,2000,471.732,23.08,1.75208,0,1,1,4,0.1,4,100,1,2805.9,3907.15,23.24
14.0615,129,5,2000,1845.6,32.26,1.62227,0,1,1,289,0.35,4,100,1,2798.8,5681.04,27.69
14.062,130,4,2000,1345.3,32.11,1.51255,0,1,1,263,0.4,4,100,1,2773.25,5285.82,33.24
14.0625,131,3,2000,987.562,32.84,1.60977,0,1,1,257,0.2,4,100,1,2765.63,5074.89,32.81
14.0715,149,4,2000,1187.41,33.33,-1.52793,0,1,0,0,0,4,100,1,2887.77,1559.22,33.11
14.072,150,2,2000,466.615,33.33,-1.37249,0,1,0,0,0,4,100,1,2885.81,1604.27,31.9
14.0735,153,3,2000,694.919,33.33,-1.4944,0,1,0,64,0.05,4,100,1,2877.35,1797.19,36.88
14.074,154,6,2000,1931.85,31.64,-1.52654,0,1,0,0,0,4,100,1,2875.12,1847.49,36.83
14.0755,157,5,2000,1727.44,33.33,-1.52716,0,1,0,64,0.05,4,100,1,2870.67,1948.19,38.22
14.076,158,5,2000,1776.67,33.33,-1.5271,0,1,0,64,0.05,4,100,1,2846.5,2529.02,35.99
14.0765,159,5,2000,1826.88,33.33,-1.52658,0,1,0,64,0.05,4,100,1,2844.78,2576,34.34
14.077,160,5,2000,1877.19,33.33,-1.52651,0,1,0,64,0.05,4,100,1,2842.86,2623.99,36.38
14.078,162,6,2000,1927.32,33.33,-1.5267,0,1,0,64,0.05,4,100,1,2838.09,2729.63,35.98
14.0785,163,6,2000,1977.9,33.33,-1.52655,0,1,0,64,0.05,4,100,1,2835.76,2780.87,36.78
14.0935,193,3,2000,681.698,23.14,-1.49429,0,1,0,0,0,4,100,1,2818.33,3098.1,32.9
14.098,202,13,2764.91,4298.36,33.2,-1.52409,8.2,0,1,4,0.1,4,100,0,0,0,0
14.0985,203,14,2747.35,4740.12,32.28,-1.54446,1.3,0,0,0,0,4,100,0,0,0,0
14.099,204,15,2746.8,5121.07,32.82,-1.60677,0.4,0,0,0,0,4,100,0,0,0,0
14.0995,205,17,2771.63,5548.77,32.6,-1.6318,-0.4,0,1,2,0.1,4,100,0,0,0,0
14.103,12,6,2000,1977.72,27.43,1.60325,0,1,1,257,0.2,4,100,1,2836.78,6356.9,27.69
14.1035,13,5,2000,1675.83,27.28,1.62217,0,1,1,257,0.2,4,100,1,2817.17,6016.64,27.19
14.104,14,4,2000,1290.89,27.38,1.6099,0,1,1,257,0.2,4,100,1,2801.6,5728.88,27.65
14.1045,15,3,2000,961.608,27.54,1.60967,0,1,1,257,0.2,4,100,1,2779.16,5378.56,27.29
14.13,66,6,2000,1989.95,33.33,1.60328,0,1,1,257,0.2,4,100,1,2913.7,1255.57,40.52
14.131,68,5,2000,1795.18,33.25,1.62256,0,1,1,321,0.25,4,100,1,2930.51,907.971,33.64
14.133,72,4,2000,1285.99,33.33,1.60977,0,1,1,321,0.25,4,100,1,2974.61,410.55,28.44
14.1325,71,4,2000,1243.34,33.33,1.61011,0,1,1,321,0.25,4,100,1,2934.6,800.345,36.31
14.1315,69,5,2000,1772.89,31.17,1.62246,0,1,1,321,0.25,4,100,1,2928.01,889.889,34.22
14.1345,75,3,2000,920.203,33.33,1.60995,0,1,1,321,0.25,4,100,1,2836.12,6326.17,24.8
14.1355,77,3,2000,830.727,33.33,1.6063,0,1,1,353,0.4,4,100,1,2835.59,3252.07,24.38
14.134,74,3,2000,938.363,33.33,1.61004,0,1,1,353,0.4,4,100,1,2816.24,6673.97,24.41
14.136,78,2,2000,440.955,28.44,1.78143,0,1,1,321,0.25,4,100,1,2849.91,2956.34,24.91
14.135,76,3,2000,873.758,33.33,1.61004,0,1,1,353,0.4,4,100,1,2820.34,3576.32,24.79
14.1365,79,2,2000,410.879,26.17,1.78408,0,1,1,321,0.25,4,100,1,2865.51,2632.11,24.41
14.1405,87,6,2000,2000,24.39,1.6032,0,1,0,64,0.05,4,100,1,2965.31,517.152,24.53
14.141,88,5,2000,1754.83,24.8,1.62245,0,1,1,321,0.25,4,100,1,2801.24,5663.03,23.37
14.1415,89,4,2000,1483.11,24.98,1.6225,0,1,1,257,0.2,4,100,1,2782.97,5389.33,24.6
14.1425,91,3,2000,843.496,24.66,1.61016,0,1,1,289,0.35,4,100,1,2764.13,4804.68,24.44
14.152,110,4,2000,1345.75,23.16,1.60969,0,1,0,0,0,4,100,1,2768.88,5076.67,23.02
14.1525,111,3,2000,1034.54,23.46,1.61004,0,1,1,32,0.15,4,100,1,2767.25,4821.43,23.23
14.153,112,3,2000,749.197,23.55,1.61159,0,1,1,32,0.15,4,100,1,2778.22,4534.62,23.12
14.154,114,2,2000,474.9,23.08,1.75208,0,1,0,0,0,4,100,1,2805.79,3909.47,23.24
14.1615,129,5,2000,1849.71,32.26,1.62227,0,1,1,289,0.35,4,100,1,2798.62,5683.8,27.69
14.162,130,4,2000,1349.4,32.11,1.51255,0,1,1,257,0.2,4,100,1,2773.47,5289.14,33.24
14.1625,131,3,2000,991.738,32.84,1.60977,0,1,1,289,0.35,4,100,1,2765.76,5078.17,32.81
14.1715,149,4,2000,1184.94,33.33,-1.52793,0,1,0,0,0,4,100,1,2887.92,1555.91,33.11
14.172,150,2,2000,463.701,33.33,-1.37249,0,1,0,0,0,4,100,1,2885.95,1601.08,31.9
14.1735,153,3,2000,691.755,33.33,-1.4944,0,1,1,96,0.2,4,100,1,2877.51,1793.5,36.88
14.174,154,6,2000,1929.58,31.64,-1.52654,0,1,0,0,0,4,100,1,2875.28,1843.81,36.83
14.1755,157,5,2000,1724.59,33.33,-1.52716,0,1,1,96,0.2,4,100,1,2870.84,1944.37,38.22
14.176,158,5,2000,1773.78,33.33,-1.5271,0,1,1,96,0.2,4,100,1,2846.63,2525.42,35.99
14.1765,159,5,2000,1824.08,33.33,-1.52658,0,1,1,96,0.2,4,100,1,2844.9,2572.58,34.34
14.177,160,5,2000,1874.39,33.33,-1.52651,0,1,1,96,0.2,4,100,1,2843.01,2620.34,36.38
14.178,162,6,2000,1924.42,33.33,-1.5267,0,1,0,64,0.05,4,100,1,2838.25,2726.05,35.98
14.1785,163,6,2000,1974.96,33.33,-1.52655,0,1,0,64,0.05,4,100,1,2835.93,2777.2,36.78
14.1935,193,3,2000,680.27,23.14,-1.49429,0,1,1,32,0.15,4,100,1,2818.48,3094.81,32.9
14.198,202,13,2765.07,4295.04,33.2,-1.52409,0,0,0,0,0,4,100,0,0,0,0
14.1985,203,14,2747.44,4736.9,32.28,-1.54446,0,0,0,0,0,4,100,0,0,0,0
14.199,204,15,2746.69,5117.79,32.82,-1.60677,0,0,0,0,0,4,100,0,0,0,0
14.1995,205,17,2771.43,5545.51,32.6,-1.6318,0,0,0,0,0,4,100,0,0,0,0
14.203,12,6,2000,1981.34,27.43,1.60325,0,1,1,257,0.2,4,100,1,2836.86,6359.67,27.69
14.2035,13,5,2000,1679.43,27.28,1.62217,0,1,1,289,0.35,4,100,1,2817.32,6019.36,27.19
14.204,14,4,2000,1294.5,27.38,1.6099,0,1,1,257,0.2,4,100,1,2801.74,5731.64,27.65
14.2045,15,3,2000,965.233,27.54,1.60967,0,1,1,289,0.35,4,100,1,2779.31,5381.28,27.29
14.23,66,6,2000,1994.59,33.33,1.60328,0,1,1,257,0.2,4,100,1,2913.54,1259.62,40.52
14.2305,67,6,2000,1943.9,33.33,1.60472,0,1,1,329,0.4,4,100,1,2918.2,1140.61,37.59
14.231,68,5,2000,1799.36,33.25,1.62256,0,1,1,353,0.4,4,100,1,2930.38,911.319,33.64
14.2315,69,5,2000,1776.86,31.17,1.62246,0,1,1,353,0.4,4,100,1,2927.88,893.213,34.22
14.2325,71,4,2000,1248.24,33.33,1.61011,0,1,1,321,0.25,4,100,1,2934.47,803.935,36.31
14.233,72,4,2000,1290.9,33.33,1.60977,0,1,1,321,0.25,4,100,1,2974.02,413.344,28.44
14.234,74,3,2000,942.583,33.33,1.61004,0,1,1,353,0.4,4,100,1,2815.9,6676.34,24.41
14.2355,77,3,2000,835.214,33.33,1.6063,0,1,1,353,0.4,4,100,1,2835.5,3254.5,24.38
14.2345,75,3,2000,924.481,33.33,1.60995,0,1,1,353,0.4,4,100,1,2836.2,6328.69,24.8
14.235,76,3,2000,877.95,33.33,1.61004,0,1,1,353,0.4,4,100,1,2820.2,3578.81,24.79
14.236,78,2,2000,444.594,28.44,1.78143,0,1,1,321,0.25,4,100,1,2849.63,2958.87,24.91
14.2365,79,2,2000,414.294,26.17,1.78408,0,1,1,321,0.25,4,100,1,2865.4,2634.57,24.41
14.2415,89,4,2000,1486.46,24.98,1.6225,0,1,1,321,0.25,4,100,1,2783.1,5391.78,24.6
14.2425,91,3,2000,846.815,24.66,1.61016,0,1,1,32,0.15,4,100,1,2764.12,4807.14,24.44
14.241,88,5,2000,1758.17,24.8,1.62245,0,1,1,96,0.2,4,100,1,2801.37,5665.43,23.37
14.2405,87,6,2000,2000,24.39,1.6032,0,1,0,64,0.05,4,100,1,2964.94,519.682,24.53
14.252,110,4,2000,1348.91,23.16,1.60969,0,1,0,0,0,4,100,1,2768.96,5078.97,23.02
14.2525,111,3,2000,1037.73,23.46,1.61004,0,1,1,32,0.15,4,100,1,2767.24,4823.76,23.23
14.253,112,3,2000,752.4,23.55,1.61159,0,1,1,32,0.15,4,100,1,2778.11,4536.93,23.12
14.254,114,2,2000,478.019,23.08,1.75208,0,1,0,0,0,4,100,1,2805.69,3911.79,23.24
14.2615,129,5,2000,1853.78,32.26,1.62227,0,1,1,289,0.35,4,100,1,2798.44,5686.56,27.69
14.262,130,4,2000,1353.45,32.11,1.51255,0,1,1,257,0.2,4,100,1,2773.69,5292.46,33.24
14.2625,131,3,2000,995.864,32.84,1.60977,0,1,1,289,0.35,4,100,1,2765.89,5081.45,32.81
14.2715,149,4,2000,1182.42,33.33,-1.52793,0,1,0,0,0,4,100,1,2888.06,1552.61,33.11
14.272,150,2,2000,460.738,33.33,-1.37249,0,1,0,0,0,4,100,1,2886.09,1597.9,31.9
14.2735,153,3,2000,688.542,33.33,-1.4944,0,1,1,32,0.15,4,100,1,2877.68,1789.82,36.88
14.274,154,6,2000,1927.26,31.64,-1.52654,0,1,0,0,0,4,100,1,2875.45,1840.13,36.83
14.2755,157,5,2000,1721.69,33.33,-1.52716,0,1,1,96,0.2,4,100,1,2871.01,1940.56,38.22
14.276,158,5,2000,1770.84,33.33,-1.5271,0,1,1,96,0.2,4,100,1,2846.76,2521.83,35.99
14.2765,159,5,2000,1821.23,33.33,-1.52658,0,1,1,96,0.2,4,100,1,2845.03,2569.14,34.34
14.277,160,5,2000,1871.55,33.33,-1.52651,0,1,1,96,0.2,4,100,1,2843.16,2616.71,36.38
14.278,162,6,2000,1921.47,33.33,-1.5267,0,1,0,64,0.05,4,100,1,2838.41,2722.45,35.98
14.2785,163,6,2000,1971.98,33.33,-1.52655,0,1,0,64,0.05,4,100,1,2836.09,2773.53,36.78
14.2935,193,3,2000,678.792,23.14,-1.49429,0,1,1,32,0.15,4,100,1,2818.63,3091.53,32.9
14.298,202,13,2765.22,4291.73,33.2,-1.52409,0,0,0,0,0,4,100,0,0,0,0
14.2985,203,14,2747.52,4733.67,32.28,-1.54446,0,0,0,0,0,4,100,0,0,0,0
14.299,204,15,2746.57,5114.51,32.82,-1.60677,0,0,0,0,0,4,100,0,0,0,0
14.2995,205,17,2771.23,5542.26,32.6,-1.6318,0,0,0,0,0,4,100,0,0,0,0
14.303,12,6,2000,1984.9,27.43,1.60325,0,1,1,257,0.2,4,100,1,2836.93,6362.44,27.69
14.3035,13,5,2000,1682.98,27.28,1.62217,0,1,1,289,0.35,4,100,1,2817.47,6022.07,27.19
14.304,14,4,2000,1298.06,27.38,1.6099,0,1,1,257,0.2,4,100,1,2801.89,5734.4,27.65
14.3045,15,3,2000,968.809,27.54,1.60967,0,1,1,289,0.35,4,100,1,2779.47,5384.01,27.29
14.33,66,6,2000,1999.19,33.33,1.60328,0,1,1,321,0.25,4,100,1,2913.38,1263.67,40.52
14.3305,67,6,2000,1948.46,33.33,1.60472,0,1,1,321,0.25,4,100,1,2918.05,1144.36,37.59
14.331,68,5,2000,1803.49,33.25,1.62256,0,1,1,353,0.4,4,100,1,2930.25,914.689,33.64
14.3315,69,5,2000,1780.79,31.17,1.62246,0,1,1,353,0.4,4,100,1,2927.74,896.657,34.22
14.333,72,4,2000,1295.76,33.33,1.60977,0,1,1,321,0.25,4,100,1,2973.42,416.123,28.44
14.334,74,3,2000,946.753,33.33,1.61004,0,1,1,353,0.4,4,100,1,2815.55,6678.75,24.41
14.3325,71,4,2000,1253.09,33.33,1.61011,0,1,1,321,0.25,4,100,1,2934.34,807.632,36.31
14.335,76,3,2000,882.091,33.33,1.61004,0,1,1,353,0.4,4,100,1,2820.06,3581.23,24.79
14.3345,75,3,2000,928.709,33.33,1.60995,0,1,1,353,0.4,4,100,1,2836.28,6331.14,24.8
14.336,78,2,2000,448.183,28.44,1.78143,0,1,1,321,0.25,4,100,1,2849.37,2961.29,24.91
14.3365,79,2,2000,417.659,26.17,1.78408,0,1,1,321,0.25,4,100,1,2865.28,2636.96,24.41
14.3355,77,3,2000,839.65,33.33,1.6063,0,1,1,353,0.4,4,100,1,2835.41,3256.98,24.38
14.3405,87,6,2000,2000,24.39,1.6032,0,1,0,64,0.05,4,100,1,2964.61,522.009,24.53
14.341,88,5,2000,1761.45,24.8,1.62245,0,1,1,96,0.2,4,100,1,2801.49,5667.7,23.37
14.3415,89,4,2000,1489.76,24.98,1.6225,0,1,0,0,0,4,100,1,2783.24,5394.24,24.6
14.3425,91,3,2000,850.084,24.66,1.61016,0,1,1,32,0.15,4,100,1,2764.11,4809.57,24.44
14.352,110,4,2000,1352.02,23.16,1.60969,0,1,0,0,0,4,100,1,2769.04,5081.27,23.02
14.3525,111,3,2000,1040.88,23.46,1.61004,0,1,1,32,0.15,4,100,1,2767.23,4826.08,23.23
14.353,112,3,2000,755.552,23.55,1.61159,0,1,1,32,0.15,4,100,1,2778.01,4539.24,23.12
14.354,114,2,2000,481.088,23.08,1.75208,0,1,0,0,0,4,100,1,2805.59,3914.11,23.24
14.3615,129,5,2000,1857.8,32.26,1.62227,0,1,1,289,0.35,4,100,1,2798.27,5689.33,27.69
14.362,130,4,2000,1357.45,32.11,1.51255,0,1,1,257,0.2,4,100,1,2773.91,5295.77,33.24
14.3625,131,3,2000,999.94,32.84,1.60977,0,1,1,289,0.35,4,100,1,2766.01,5084.73,32.81
14.3715,149,4,2000,1179.85,33.33,-1.52793,0,1,0,0,0,4,100,1,2888.21,1549.3,33.11
14.372,150,2,2000,457.725,33.33,-1.37249,0,1,0,0,0,4,100,1,2886.23,1594.71,31.9
14.3735,153,3,2000,685.279,33.33,-1.4944,0,1,1,32,0.15,4,100,1,2877.84,1786.14,36.88
14.374,154,6,2000,1924.89,31.64,-1.52654,0,1,0,0,0,4,100,1,2875.61,1836.45,36.83
14.3755,157,5,2000,1718.75,33.33,-1.52716,0,1,1,96,0.2,4,100,1,2871.17,1936.74,38.22
14.376,158,5,2000,1767.85,33.33,-1.5271,0,1,1,96,0.2,4,100,1,2846.89,2518.23,35.99
14.3765,159,5,2000,1818.33,33.33,-1.52658,0,1,1,96,0.2,4,100,1,2845.16,2565.71,34.34
14.377,160,5,2000,1868.66,33.33,-1.52651,0,1,1,96,0.2,4,100,1,2843.31,2613.07,36.38
14.3785,163,6,2000,1968.95,33.33,-1.52655,0,1,0,64,0.05,4,100,1,2836.26,2769.86,36.78
14.3935,193,3,2000,677.263,23.14,-1.49429,0,1,1,32,0.15,4,100,1,2818.78,3088.24,32.9
14.398,202,13,2765.38,4288.41,33.2,-1.52409,0,0,0,0,0,4,100,0,0,0,0
14.3985,203,14,2747.61,4730.44,32.28,-1.54446,0,0,0,0,0,4,100,0,0,0,0
14.399,204,15,2746.45,5111.23,32.82,-1.60677,0,0,0,0,0,4,100,0,0,0,0
14.3995,205,17,2771.03,5539.01,32.6,-1.6318,0,0,0,0,0,4,100,0,0,0,0
14.403,12,6,2000,1988.42,27.43,1.60325,0,1,1,257,0.2,4,100,1,2837,6365.2,27.69
14.4035,13,5,2000,1686.48,27.28,1.62217,0,1,1,289,0.35,4,100,1,2817.61,6024.79,27.19
14.404,14,4,2000,1301.56,27.38,1.6099,0,1,1,257,0.2,4,100,1,2802.04,5737.16,27.65
14.4045,15,3,2000,972.334,27.54,1.60967,0,1,1,289,0.35,4,100,1,2779.62,5386.73,27.29
14.43,66,6,2000,2000,33.33,1.60328,0,1,0,64,0.05,4,100,1,2913.22,1267.72,40.52
14.4305,67,6,2000,1952.97,33.33,1.60472,0,1,1,321,0.25,4,100,1,2917.9,1148.12,37.59
14.431,68,5,2000,1807.57,33.25,1.62256,0,1,1,353,0.4,4,100,1,2930.11,918.041,33.64
14.4315,69,5,2000,1784.66,31.17,1.62246,0,1,1,353,0.4,4,100,1,2927.61,900.052,34.22
14.4325,71,4,2000,1257.89,33.33,1.61011,0,1,1,321,0.25,4,100,1,2934.22,811.185,36.31
14.433,72,4,2000,1300.56,33.33,1.60977,0,1,1,321,0.25,4,100,1,2972.83,418.891,28.44
14.434,74,3,2000,950.872,33.33,1.61004,0,1,1,353,0.4,4,100,1,2815.21,6681.17,24.41
14.4345,75,3,2000,932.886,33.33,1.60995,0,1,1,353,0.4,4,100,1,2836.36,6333.59,24.8
14.435,76,3,2000,886.182,33.33,1.61004,0,1,1,353,0.4,4,100,1,2819.92,3583.71,24.79
14.436,78,2,2000,451.72,28.44,1.78143,0,1,1,321,0.25,4,100,1,2849.1,2963.77,24.91
14.4365,79,2,2000,420.973,26.17,1.78408,0,1,0,64,0.05,4,100,1,2865.17,2639.4,24.41
14.4355,77,3,2000,844.036,33.33,1.6063,0,1,1,353,0.4,4,100,1,2835.31,3259.42,24.38
14.4405,87,6,2000,2000,24.39,1.6032,0,1,0,64,0.05,4,100,1,2964.26,524.439,24.53
14.441,88,5,2000,1764.68,24.8,1.62245,0,1,1,96,0.2,4,100,1,2801.62,5670.04,23.37
14.4415,89,4,2000,1493,24.98,1.6225,0,1,0,0,0,4,100,1,2783.38,5396.71,24.6
14.432,70,4,2000,1158.85,28.38,1.50011,0,1,1,329,0.4,4,100,1,2929.43,853.705,33.36
14.4425,91,3,2000,853.301,24.66,1.61016,0,1,1,32,0.15,4,100,1,2764.1,4812.05,24.44
14.451,108,6,2000,1915.52,23.2,1.62259,0,1,0,0,0,4,100,1,2969.7,451.178,23.08
14.452,110,4,2000,1355.09,23.16,1.60969,0,1,0,0,0,4,100,1,2769.13,5083.58,23.02
14.4525,111,3,2000,1043.97,23.46,1.61004,0,1,1,32,0.15,4,100,1,2767.22,4828.42,23.23
14.453,112,3,2000,758.653,23.55,1.61159,0,1,1,32,0.15,4,100,1,2777.91,4541.56,23.12
14.454,114,2,2000,484.106,23.08,1.75208,0,1,0,0,0,4,100,1,2805.48,3916.46,23.24
14.4615,129,5,2000,1861.76,32.26,1.62227,0,1,1,289,0.35,4,100,1,2798.09,5692.09,27.69
14.462,130,4,2000,1361.4,32.11,1.51255,0,1,1,257,0.2,4,100,1,2774.12,5299.09,33.24
14.4625,131,3,2000,1003.96,32.84,1.60977,0,1,1,289,0.35,4,100,1,2766.14,5088.01,32.81
14.4715,149,4,2000,1177.23,33.33,-1.52793,0,1,0,0,0,4,100,1,2888.35,1545.99,33.11
14.472,150,2,2000,454.66,33.33,-1.37249,0,1,0,0,0,4,100,1,2886.37,1591.52,31.9
14.4735,153,3,2000,681.964,33.33,-1.4944,0,1,1,32,0.15,4,100,1,2878,1782.45,36.88
14.4755,157,5,2000,1715.75,33.33,-1.52716,0,1,1,96,0.2,4,100,1,2871.34,1932.92,38.22
14.476,158,5,2000,1764.81,33.33,-1.5271,0,1,1,96,0.2,4,100,1,2847.02,2514.64,35.99
14.4765,159,5,2000,1815.39,33.33,-1.52658,0,1,1,96,0.2,4,100,1,2845.28,2562.28,34.34
14.477,160,5,2000,1865.71,33.33,-1.52651,0,1,1,96,0.2,4,100,1,2843.46,2609.43,36.38
14.4785,163,6,2000,1965.87,33.33,-1.52655,0,1,0,64,0.05,4,100,1,2836.43,2766.17,36.78
14.4935,193,3,2000,675.683,23.14,-1.49429,0,1,1,32,0.15,4,100,1,2818.92,3084.95,32.9
14.498,202,13,2765.53,4285.09,33.2,-1.52409,0,0,0,0,0,4,100,0,0,0,0
14.4985,203,14,2747.69,4727.21,32.28,-1.54446,0,0,0,0,0,4,100,0,0,0,0
14.499,204,15,2746.33,5107.95,32.82,-1.60677,0,0,0,0,0,4,100,0,0,0,0
14.4995,205,17,2770.83,5535.75,32.6,-1.6318,0,0,0,0,0,4,100,0,0,0,0
14.503,12,6,2000,1991.88,27.43,1.60325,0,1,1,257,0.2,4,100,1,2837.08,6367.97,27.69
14.5035,13,5,2000,1689.92,27.28,1.62217,0,1,1,289,0.35,4,100,1,2817.76,6027.5,27.19
14.504,14,4,2000,1305.02,27.38,1.6099,0,1,1,257,0.2,4,100,1,2802.19,5739.92,27.65
14.5045,15,3,2000,975.806,27.54,1.60967,0,1,1,289,0.35,4,100,1,2779.77,5389.46,27.29
14.53,66,6,2000,2000,33.33,1.60328,0,1,0,64,0.05,4,100,1,2913.06,1271.77,40.52
14.5305,67,6,2000,1957.43,33.33,1.60472,0,1,1,321,0.25,4,100,1,2917.75,1151.88,37.59
14.531,68,5,2000,1811.59,33.25,1.62256,0,1,1,353,0.4,4,100,1,2929.98,921.409,33.64
14.5315,69,5,2000,1788.48,31.17,1.62246,0,1,1,353,0.4,4,100,1,2927.48,903.482,34.22
14.5325,71,4,2000,1262.64,33.33,1.61011,0,1,1,321,0.25,4,100,1,2934.09,814.813,36.31
14.533,72,4,2000,1305.32,33.33,1.60977,0,1,1,321,0.25,4,100,1,2972.23,421.672,28.44
14.532,70,4,2000,1162.39,28.38,1.50011,0,1,1,321,0.25,4,100,1,2929.31,856.736,33.36
14.5345,75,3,2000,937.01,33.33,1.60995,0,1,1,353,0.4,4,100,1,2836.45,6336.07,24.8
14.535,76,3,2000,890.22,33.33,1.61004,0,1,1,353,0.4,4,100,1,2819.77,3586.17,24.79
14.534,74,3,2000,954.939,33.33,1.61004,0,1,1,353,0.4,4,100,1,2814.86,6683.62,24.41
14.5355,77,3,2000,848.369,33.33,1.6063,0,1,1,353,0.4,4,100,1,2835.22,3261.81,24.38
14.536,78,2,2000,455.206,28.44,1.78143,0,1,1,321,0.25,4,100,1,2848.83,2966.26,24.91
14.5365,79,2,2000,424.235,26.17,1.78408,0,1,0,64,0.05,4,100,1,2865.05,2641.85,24.41
14.5405,87,6,2000,2000,24.39,1.6032,0,1,0,64,0.05,4,100,1,2963.92,526.866,24.53
14.541,88,5,2000,1767.86,24.8,1.62245,0,1,1,96,0.2,4,100,1,2801.74,5672.37,23.37
14.5415,89,4,2000,1496.2,24.98,1.6225,0,1,0,0,0,4,100,1,2783.52,5399.15,24.6
14.5425,91,3,2000,856.466,24.66,1.61016,0,1,1,32,0.15,4,100,1,2764.08,4814.46,24.44
14.551,108,6,2000,1918.53,23.2,1.62259,0,1,0,0,0,4,100,1,2969.28,453.429,23.08
14.552,110,4,2000,1358.1,23.16,1.60969,0,1,0,0,0,4,100,1,2769.21,5085.87,23.02
14.5525,111,3,2000,1047.01,23.46,1.61004,0,1,1,32,0.15,4,100,1,2767.21,4830.72,23.23
14.553,112,3,2000,761.701,23.55,1.61159,0,1,1,32,0.15,4,100,1,2777.81,4543.86,23.12
14.554,114,2,2000,487.071,23.08,1.75208,0,1,0,0,0,4,100,1,2805.38,3918.76,23.24
14.5615,129,5,2000,1865.67,32.26,1.62227,0,1,1,289,0.35,4,100,1,2797.91,5694.85,27.69
14.562,130,4,2000,1365.3,32.11,1.51255,0,1,1,257,0.2,4,100,1,2774.34,5302.41,33.24
14.5625,131,3,2000,1007.94,32.84,1.60977,0,1,1,289,0.35,4,100,1,2766.27,5091.28,32.81
14.5715,149,4,2000,1174.56,33.33,-1.52793,0,1,0,0,0,4,100,1,2888.49,1542.68,33.11
14.572,150,2,2000,451.542,33.33,-1.37249,0,1,0,0,0,4,100,1,2886.51,1588.34,31.9
14.5735,153,3,2000,678.596,33.33,-1.4944,0,1,1,289,0.35,4,100,1,2878.17,1778.77,36.88
14.5755,157,5,2000,1712.7,33.33,-1.52716,0,1,1,96,0.2,4,100,1,2871.51,1929.1,38.22
14.576,158,5,2000,1761.72,33.33,-1.5271,0,1,1,96,0.2,4,100,1,2847.16,2511.04,35.99
14.5765,159,5,2000,1812.38,33.33,-1.52658,0,1,1,96,0.2,4,100,1,2845.41,2558.84,34.34
14.577,160,5,2000,1862.72,33.33,-1.52651,0,1,1,96,0.2,4,100,1,2843.61,2605.81,36.38
14.578,162,5,2000,1912.31,33.33,-1.5267,0,1,1,96,0.2,4,100,1,2838.9,2711.66,35.98
14.5785,163,6,2000,1962.73,33.33,-1.52655,0,1,0,64,0.05,4,100,1,2836.59,2762.51,36.78
14.5935,193,3,2000,674.049,23.14,-1.49429,0,1,1,32,0.15,4,100,1,2819.07,3081.67,32.9
14.598,202,13,2765.69,4281.78,33.2,-1.52409,0,0,0,0,0,4,100,0,0,0,0
14.5985,203,14,2747.78,4723.99,32.28,-1.54446,0,0,0,0,0,4,100,0,0,0,0
14.599,204,15,2746.21,5104.67,32.82,-1.60677,0,0,0,0,0,4,100,0,0,0,0
14.5995,205,17,2770.63,5532.5,32.6,-1.6318,0,0,0,0,0,4,100,0,0,0,0
14.603,12,6,2000,1995.29,27.43,1.60325,0,1,1,257,0.2,4,100,1,2837.15,6370.74,27.69
14.6035,13,5,2000,1693.31,27.28,1.62217,0,1,1,289,0.35,4,100,1,2817.91,6030.22,27.19
14.604,14,4,2000,1308.43,27.38,1.6099,0,1,1,257,0.2,4,100,1,2802.34,5742.68,27.65
14.6045,15,3,2000,979.226,27.54,1.60967,0,1,1,289,0.35,4,100,1,2779.93,5392.18,27.29
14.6055,17,3,2000,650.776,27.47,1.67619,0,1,1,297,0.5,4,100,1,2771.78,4681.01,27.41
14.63,66,6,2000,2000,33.33,1.60328,0,1,0,64,0.05,4,100,1,2912.91,1275.82,40.52
14.6305,67,6,2000,1961.83,33.33,1.60472,0,1,1,321,0.25,4,100,1,2917.61,1155.63,37.59
14.631,68,5,2000,1815.57,33.25,1.62256,0,1,1,353,0.4,4,100,1,2929.85,924.775,33.64
14.6315,69,5,2000,1792.24,31.17,1.62246,0,1,1,353,0.4,4,100,1,2927.34,906.914,34.22
14.633,72,4,2000,1310.02,33.33,1.60977,0,1,1,321,0.25,4,100,1,2971.64,424.452,28.44
14.632,70,4,2000,1165.87,28.38,1.50011,0,1,1,321,0.25,4,100,1,2929.18,860.064,33.36
14.6325,71,4,2000,1267.33,33.33,1.61011,0,1,1,321,0.25,4,100,1,2933.96,818.494,36.31
14.634,74,3,2000,958.952,33.33,1.61004,0,1,1,353,0.4,4,100,1,2814.51,6686.01,24.41
14.635,76,3,2000,894.205,33.33,1.61004,0,1,1,353,0.4,4,100,1,2819.63,3588.65,24.79
14.6355,77,3,2000,852.649,33.33,1.6063,0,1,1,353,0.4,4,100,1,2835.13,3264.25,24.38
14.6345,75,3,2000,941.081,33.33,1.60995,0,1,1,353,0.4,4,100,1,2836.53,6338.59,24.8
14.636,78,2,2000,458.638,28.44,1.78143,0,1,1,321,0.25,4,100,1,2848.55,2968.73,24.91
14.6365,79,2,2000,427.443,26.17,1.78408,0,1,0,64,0.05,4,100,1,2864.94,2644.3,24.41
14.6405,87,6,2000,2000,24.39,1.6032,0,1,0,64,0.05,4,100,1,2963.57,529.294,24.53
14.641,88,5,2000,1770.98,24.8,1.62245,0,1,1,96,0.2,4,100,1,2801.87,5674.7,23.37
14.6415,89,4,2000,1499.34,24.98,1.6225,0,1,0,0,0,4,100,1,2783.66,5401.61,24.6
14.6425,91,3,2000,859.577,24.66,1.61016,0,1,1,32,0.15,4,100,1,2764.07,4816.9,24.44
14.651,108,6,2000,1921.49,23.2,1.62259,0,1,0,0,0,4,100,1,2968.87,455.7,23.08
14.652,110,4,2000,1361.05,23.16,1.60969,0,1,0,0,0,4,100,1,2769.3,5088.17,23.02
14.6525,111,3,2000,1049.99,23.46,1.61004,0,1,1,32,0.15,4,100,1,2767.2,4833.05,23.23
14.653,112,3,2000,764.696,23.55,1.61159,0,1,1,32,0.15,4,100,1,2777.71,4546.17,23.12
14.654,114,2,2000,489.982,23.08,1.75208,0,1,0,0,0,4,100,1,2805.28,3921.08,23.24
14.6615,129,5,2000,1869.53,32.26,1.62227,0,1,1,289,0.35,4,100,1,2797.73,5697.62,27.69
14.662,130,4,2000,1369.14,32.11,1.51255,0,1,1,257,0.2,4,100,1,2774.56,5305.72,33.24
14.6625,131,3,2000,1011.85,32.84,1.60977,0,1,1,289,0.35,4,100,1,2766.4,5094.56,32.81
14.671,148,2,2000,505.525,33.33,-1.39388,0,1,1,8,0.15,4,100,1,2870.34,1883.21,31.64
14.6715,149,4,2000,1171.83,33.33,-1.52793,0,1,0,0,0,4,100,1,2888.64,1539.37,33.11
14.672,150,2,2000,448.37,33.33,-1.37249,0,1,0,0,0,4,100,1,2886.64,1585.15,31.9
14.6725,151,2,2000,505.085,33.33,-1.39405,0,1,1,8,0.15,4,100,1,2882.7,1675.35,37.38
14.6735,153,3,2000,675.174,33.33,-1.4944,0,1,1,289,0.35,4,100,1,2878.33,1775.08,36.88
14.6755,157,5,2000,1709.59,33.33,-1.52716,0,1,1,96,0.2,4,100,1,2871.68,1925.28,38.22
14.676,158,5,2000,1758.57,33.33,-1.5271,0,1,1,96,0.2,4,100,1,2847.29,2507.43,35.99
14.6765,159,5,2000,1809.33,33.33,-1.52658,0,1,1,96,0.2,4,100,1,2845.53,2555.38,34.34
14.677,160,5,2000,1859.67,33.33,-1.52651,0,1,1,96,0.2,4,100,1,2843.76,2602.13,36.38
14.678,162,5,2000,1909.15,33.33,-1.5267,0,1,1,96,0.2,4,100,1,2839.06,2708.04,35.98
14.6785,163,6,2000,1959.54,33.33,-1.52655,0,1,0,64,0.05,4,100,1,2836.76,2758.79,36.78
14.6935,193,3,2000,672.361,23.14,-1.49429,0,1,1,32,0.15,4,100,1,2819.22,3078.38,32.9
14.698,202,13,2765.84,4278.46,33.2,-1.52409,0,0,0,0,0,4,100,0,0,0,0
14.6985,203,14,2747.86,4720.76,32.28,-1.54446,0,0,0,0,0,4,100,0,0,0,0
14.699,204,15,2746.1,5101.39,32.82,-1.60677,0,0,0,0,0,4,100,0,0,0,0
14.6995,205,17,2770.43,5529.24,32.6,-1.6318,0,0,0,0,0,4,100,0,0,0,0
14.703,12,6,2000,1998.65,27.43,1.60325,0,1,1,257,0.2,4,100,1,2837.23,6373.51,27.69
14.7035,13,5,2000,1696.65,27.28,1.62217,0,1,1,289,0.35,4,100,1,2818.05,6032.93,27.19
14.704,14,4,2000,1311.78,27.38,1.6099,0,1,1,257,0.2,4,100,1,2802.49,5745.44,27.65
14.7045,15,3,2000,982.591,27.54,1.60967,0,1,1,289,0.35,4,100,1,2780.08,5394.91,27.29
14.7055,17,3,2000,654.12,27.47,1.67619,0,1,1,289,0.35,4,100,1,2771.66,4683.73,27.41
14.73,66,6,2000,2000,33.33,1.60328,0,1,0,64,0.05,4,100,1,2912.75,1279.86,40.52
14.7305,67,6,2000,1966.18,33.33,1.60472,0,1,1,321,0.25,4,100,1,2917.46,1159.39,37.59
14.731,68,5,2000,1819.49,33.25,1.62256,0,1,1,353,0.4,4,100,1,2929.72,928.132,33.64
14.7315,69,5,2000,1795.95,31.17,1.62246,0,1,1,353,0.4,4,100,1,2927.21,910.321,34.22
14.7325,71,4,2000,1271.97,33.33,1.61011,0,1,1,321,0.25,4,100,1,2933.83,822.071,36.31
14.733,72,4,2000,1314.67,33.33,1.60977,0,1,1,321,0.25,4,100,1,2971.04,427.246,28.44
14.734,74,3,2000,962.911,33.33,1.61004,0,1,1,353,0.4,4,100,1,2814.17,6688.42,24.41
14.7345,75,3,2000,945.097,33.33,1.60995,0,1,1,353,0.4,4,100,1,2836.61,6341.03,24.8
14.735,76,3,2000,898.135,33.33,1.61004,0,1,1,353,0.4,4,100,1,2819.49,3591.13,24.79
14.732,70,4,2000,1169.3,28.38,1.50011,0,1,1,321,0.25,4,100,1,2929.04,863.475,33.36
14.7365,79,2,2000,430.597,26.17,1.78408,0,1,0,64,0.05,4,100,1,2864.82,2646.71,24.41
14.736,78,2,2000,462.015,28.44,1.78143,0,1,1,321,0.25,4,100,1,2848.28,2971.22,24.91
14.7355,77,3,2000,856.874,33.33,1.6063,0,1,1,353,0.4,4,100,1,2835.03,3266.73,24.38
14.7405,87,6,2000,2000,24.39,1.6032,0,1,0,64,0.05,4,100,1,2963.22,531.722,24.53
14.741,88,5,2000,1774.05,24.8,1.62245,0,1,1,96,0.2,4,100,1,2802,5677.03,23.37
14.7415,89,4,2000,1502.43,24.98,1.6225,0,1,0,0,0,4,100,1,2783.79,5404.07,24.6
14.7425,91,3,2000,862.634,24.66,1.61016,0,1,1,32,0.15,4,100,1,2764.06,4819.34,24.44
14.751,108,6,2000,1924.4,23.2,1.62259,0,1,0,0,0,4,100,1,2968.45,457.97,23.08
14.752,110,4,2000,1363.95,23.16,1.60969,0,1,0,0,0,4,100,1,2769.38,5090.47,23.02
14.7525,111,3,2000,1052.92,23.46,1.61004,0,1,1,32,0.15,4,100,1,2767.19,4835.37,23.23
14.753,112,3,2000,767.636,23.55,1.61159,0,1,1,32,0.15,4,100,1,2777.6,4548.48,23.12
14.754,114,2,2000,492.838,23.08,1.75208,0,1,0,0,0,4,100,1,2805.18,3923.4,23.24
14.7615,129,5,2000,1873.34,32.26,1.62227,0,1,1,289,0.35,4,100,1,2797.56,5700.38,27.69
14.762,130,4,2000,1372.93,32.11,1.51255,0,1,1,257,0.2,4,100,1,2774.77,5309.04,33.24
14.7625,131,3,2000,1015.72,32.84,1.60977,0,1,1,289,0.35,4,100,1,2766.53,5097.84,32.81
14.771,148,2,2000,502.499,33.33,-1.39388,0,1,0,0,0,4,100,1,2870.48,1880.05,31.64
14.7715,149,4,2000,1169.05,33.33,-1.52793,0,1,0,0,0,4,100,1,2888.78,1536.06,33.11
14.772,150,2,2000,445.143,33.33,-1.37249,0,1,0,0,0,4,100,1,2886.78,1581.96,31.9
14.7725,151,2,2000,501.721,33.33,-1.39405,0,1,1,257,0.2,4,100,1,2882.86,1671.61,37.38
14.7735,153,3,2000,671.697,33.33,-1.4944,0,1,1,289,0.35,4,100,1,2878.49,1771.39,36.88
14.7755,157,5,2000,1706.43,33.33,-1.52716,0,1,1,96,0.2,4,100,1,2871.85,1921.47,38.22
14.776,158,5,2000,1755.37,33.33,-1.5271,0,1,1,96,0.2,4,100,1,2847.42,2503.84,35.99
14.7765,159,5,2000,1806.22,33.33,-1.52658,0,1,1,96,0.2,4,100,1,2845.66,2551.98,34.34
14.777,160,5,2000,1856.56,33.33,-1.52651,0,1,1,96,0.2,4,100,1,2843.91,2598.53,36.38
14.778,162,5,2000,1905.94,33.33,-1.5267,0,1,1,96,0.2,4,100,1,2839.22,2704.47,35.98
14.7785,163,6,2000,1956.29,33.33,-1.52655,0,1,0,64,0.05,4,100,1,2836.92,2755.15,36.78
14.7935,193,3,2000,670.618,23.14,-1.49429,0,1,1,32,0.15,4,100,1,2819.37,3075.09,32.9
14.798,202,13,2766,4275.15,33.2,-1.52409,0,0,0,0,0,4,100,0,0,0,0
14.7985,203,14,2747.95,4717.53,32.28,-1.54446,0,0,0,0,0,4,100,0,0,0,0
14.799,204,15,2745.98,5098.11,32.82,-1.60677,0,0,0,0,0,4,100,0,0,0,0
14.7995,205,17,2770.24,5525.99,32.6,-1.6318,0,0,0,0,0,4,100,0,0,0,0
14.803,12,6,2000,2000,27.43,1.60325,0,1,0,0,0,4,100,1,2837.3,6376.28,27.69
14.8035,13,5,2000,1699.94,27.28,1.62217,0,1,1,32,0.15,4,100,1,2818.2,6035.65,27.19
14.804,14,4,2000,1315.07,27.38,1.6099,0,1,0,0,0,4,100,1,2802.64,5748.2,27.65
14.8045,15,3,2000,985.902,27.54,1.60967,0,1,1,32,0.15,4,100,1,2780.23,5397.63,27.29
14.8055,17,3,2000,657.41,27.47,1.67619,0,1,1,32,0.15,4,100,1,2771.54,4686.47,27.41
14.83,66,6,2000,2000,33.33,1.60328,0,1,0,64,0.05,4,100,1,2912.59,1283.91,40.52
14.8305,67,6,2000,1970.48,33.33,1.60472,0,1,1,321,0.25,4,100,1,2917.31,1163.14,37.59
14.831,68,5,2000,1823.35,33.25,1.62256,0,1,1,353,0.4,4,100,1,2929.59,931.492,33.64
14.8315,69,5,2000,1799.61,31.17,1.62246,0,1,1,353,0.4,4,100,1,2927.07,913.737,34.22
14.8325,71,4,2000,1276.55,33.33,1.61011,0,1,1,321,0.25,4,100,1,2933.7,825.699,36.31
14.833,72,4,2000,1319.26,33.33,1.60977,0,1,1,321,0.25,4,100,1,2970.45,430.015,28.44
14.832,70,4,2000,1172.67,28.38,1.50011,0,1,1,321,0.25,4,100,1,2928.92,866.72,33.36
14.834,74,3,2000,966.814,33.33,1.61004,0,1,1,353,0.4,4,100,1,2813.82,6690.84,24.41
14.835,76,3,2000,902.01,33.33,1.61004,0,1,1,353,0.4,4,100,1,2819.35,3593.6,24.79
14.8355,77,3,2000,861.044,33.33,1.6063,0,1,1,353,0.4,4,100,1,2834.94,3269.13,24.38
14.836,78,2,2000,465.337,28.44,1.78143,0,1,0,64,0.05,4,100,1,2848.01,2973.67,24.91
14.8345,75,3,2000,949.058,33.33,1.60995,0,1,1,353,0.4,4,100,1,2836.69,6343.56,24.8
14.8365,79,2,2000,433.695,26.17,1.78408,0,1,0,64,0.05,4,100,1,2864.71,2649.19,24.41
14.8405,87,6,2000,2000,24.39,1.6032,0,1,0,64,0.05,4,100,1,2962.88,534.15,24.53
14.841,88,5,2000,1777.07,24.8,1.62245,0,1,1,96,0.2,4,100,1,2802.13,5679.37,23.37
14.8415,89,4,2000,1505.46,24.98,1.6225,0,1,0,0,0,4,100,1,2783.93,5406.52,24.6
14.8425,91,3,2000,865.635,24.66,1.61016,0,1,1,32,0.15,4,100,1,2764.05,4821.79,24.44
14.842,90,4,2000,1160.09,24.53,1.60994,0,1,1,297,0.5,4,100,1,2771.48,5136.4,24.41
14.852,110,4,2000,1366.8,23.16,1.60969,0,1,1,32,0.15,4,100,1,2769.46,5092.78,23.02
14.851,108,6,2000,1927.25,23.2,1.62259,0,1,0,0,0,4,100,1,2968.03,460.283,23.08
14.8525,111,3,2000,1055.8,23.46,1.61004,0,1,1,32,0.15,4,100,1,2767.18,4837.71,23.23
14.854,114,2,2000,495.639,23.08,1.75208,0,1,0,0,0,4,100,1,2805.07,3925.72,23.24
14.853,112,3,2000,770.52,23.55,1.61159,0,1,1,32,0.15,4,100,1,2777.5,4550.82,23.12
14.8615,129,5,2000,1877.09,32.26,1.62227,0,1,1,289,0.35,4,100,1,2797.38,5703.14,27.69
14.862,130,4,2000,1376.66,32.11,1.51255,0,1,1,289,0.35,4,100,1,2774.99,5312.36,33.24
14.8625,131,3,2000,1019.52,32.84,1.60977,0,1,1,289,0.35,4,100,1,2766.65,5101.12,32.81
14.871,148,2,2000,499.417,33.33,-1.39388,0,1,0,0,0,4,100,1,2870.62,1876.89,31.64
14.8715,149,4,2000,1166.22,33.33,-1.52793,0,1,1,32,0.15,4,100,1,2888.93,1532.76,33.11
14.872,150,2,2000,441.861,33.33,-1.37249,0,1,0,0,0,4,100,1,2886.92,1578.77,31.9
14.8725,151,2,2000,498.302,33.33,-1.39405,0,1,1,321,0.25,4,100,1,2883.02,1667.87,37.38
14.8755,157,5,2000,1703.22,33.33,-1.52716,0,1,1,96,0.2,4,100,1,2872.02,1917.65,38.22
14.876,158,5,2000,1752.11,33.33,-1.5271,0,1,1,96,0.2,4,100,1,2847.55,2500.25,35.99
14.8765,159,5,2000,1803.05,33.33,-1.52658,0,1,1,96,0.2,4,100,1,2845.79,2548.55,34.34
14.877,160,5,2000,1853.4,33.33,-1.52651,0,1,1,96,0.2,4,100,1,2844.07,2594.89,36.38
14.878,162,5,2000,1902.67,33.33,-1.5267,0,1,1,96,0.2,4,100,1,2839.38,2700.89,35.98
14.8785,163,6,2000,1952.99,33.33,-1.52655,0,1,0,64,0.05,4,100,1,2837.09,2751.46,36.78
14.898,202,13,2766.15,4271.83,33.2,-1.52409,0,0,0,0,0,4,100,0,0,0,0
14.8985,203,14,2748.03,4714.31,32.28,-1.54446,0,0,0,0,0,4,100,0,0,0,0
14.899,204,15,2745.86,5094.83,32.82,-1.60677,0,0,0,0,0,4,100,0,0,0,0
14.8995,205,17,2770.04,5522.74,32.6,-1.6318,0,0,0,0,0,4,100,0,0,0,0
14.903,12,6,2000,2000,27.43,1.60325,0,1,0,0,0,4,100,1,2837.37,6379.05,27.69
14.9035,13,5,2000,1703.16,27.28,1.62217,0,1,1,32,0.15,4,100,1,2818.35,6038.37,27.19
14.904,14,4,2000,1318.31,27.38,1.6099,0,1,1,32,0.15,4,100,1,2802.79,5750.98,27.65
14.9055,17,3,2000,660.643,27.47,1.67619,0,1,1,32,0.15,4,100,1,2771.42,4689.2,27.41
14.9045,15,3,2000,989.156,27.54,1.60967,0,1,1,32,0.15,4,100,1,2780.39,5400.39,27.29
14.93,66,6,2000,2000,33.33,1.60328,0,1,0,64,0.05,4,100,1,2912.43,1287.96,40.52
14.9305,67,6,2000,1974.71,33.33,1.60472,0,1,1,321,0.25,4,100,1,2917.16,1166.9,37.59
14.931,68,5,2000,1827.16,33.25,1.62256,0,1,1,353,0.4,4,100,1,2929.45,934.856,33.64
14.9315,69,5,2000,1803.21,31.17,1.62246,0,1,1,353,0.4,4,100,1,2926.94,917.159,34.22
14.9325,71,4,2000,1281.07,33.33,1.61011,0,1,1,353,0.4,4,100,1,2933.57,829.328,36.31
14.933,72,4,2000,1323.79,33.33,1.60977,0,1,1,353,0.4,4,100,1,2969.86,432.797,28.44
14.9335,73,4,2000,1202.72,33.33,1.61016,0,1,1,297,0.5,4,100,1,2979.96,400.94,26.17
14.9345,75,3,2000,952.963,33.33,1.60995,0,1,1,353,0.4,4,100,1,2836.77,6345.99,24.8
14.9355,77,3,2000,865.157,33.33,1.6063,0,1,1,353,0.4,4,100,1,2834.85,3271.56,24.38
14.935,76,3,2000,905.828,33.33,1.61004,0,1,1,353,0.4,4,100,1,2819.21,3596.11,24.79
14.9365,79,2,2000,436.737,26.17,1.78408,0,1,0,64,0.05,4,100,1,2864.59,2651.61,24.41
14.936,78,2,2000,468.602,28.44,1.78143,0,1,0,64,0.05,4,100,1,2847.74,2976.2,24.91
14.934,74,3,2000,970.661,33.33,1.61004,0,1,1,353,0.4,4,100,1,2813.46,6693.39,24.41
14.9405,87,6,2000,2000,24.39,1.6032,0,1,0,64,0.05,4,100,1,2962.53,536.59,24.53
14.9415,89,4,2000,1508.44,24.98,1.6225,0,1,1,96,0.2,4,100,1,2784.07,5408.97,24.6
14.942,90,4,2000,1163.02,24.53,1.60994,0,1,1,32,0.15,4,100,1,2771.58,5138.63,24.41
14.9425,91,3,2000,868.58,24.66,1.61016,0,1,1,32,0.15,4,100,1,2764.04,4824.24,24.44
14.941,88,5,2000,1780.02,24.8,1.62245,0,1,1,96,0.2,4,100,1,2802.26,5681.78,23.37
14.951,108,6,2000,1930.04,23.2,1.62259,0,1,0,0,0,4,100,1,2967.62,462.51,23.08
14.952,110,4,2000,1369.59,23.16,1.60969,0,1,1,32,0.15,4,100,1,2769.55,5095.07,23.02
14.9525,111,3,2000,1058.62,23.46,1.61004,0,1,1,32,0.15,4,100,1,2767.17,4840.02,23.23
14.953,112,3,2000,773.348,23.55,1.61159,0,1,1,32,0.15,4,100,1,2777.4,4553.09,23.12
14.954,114,2,2000,498.383,23.08,1.75208,0,1,0,0,0,4,100,1,2804.97,3928.04,23.24
14.9615,129,5,2000,1880.78,32.26,1.62227,0,1,1,289,0.35,4,100,1,2797.2,5705.91,27.69
14.962,130,4,2000,1380.33,32.11,1.51255,0,1,1,289,0.35,4,100,1,2775.21,5315.67,33.24
14.9625,131,3,2000,1023.27,32.84,1.60977,0,1,1,289,0.35,4,100,1,2766.78,5104.4,32.81
14.971,148,2,2000,496.279,33.33,-1.39388,0,1,0,0,0,4,100,1,2870.76,1873.72,31.64
14.9715,149,4,2000,1163.32,33.33,-1.52793,0,1,1,32,0.15,4,100,1,2889.07,1529.45,33.11
14.972,150,2,2000,438.522,33.33,-1.37249,0,1,1,321,0.25,4,100,1,2887.06,1575.58,31.9
14.9725,151,2,2000,494.826,33.33,-1.39405,0,1,1,321,0.25,4,100,1,2883.19,1664.13,37.38
14.9755,157,5,2000,1699.94,33.33,-1.52716,0,1,1,96,0.2,4,100,1,2872.19,1913.83,38.22
14.976,158,5,2000,1748.8,33.33,-1.5271,0,1,1,96,0.2,4,100,1,2847.68,2496.65,35.99
14.9765,159,5,2000,1799.83,33.33,-1.52658,0,1,1,96,0.2,4,100,1,2845.91,2545.12,34.34
14.977,160,5,2000,1850.18,33.33,-1.52651,0,1,1,96,0.2,4,100,1,2844.22,2591.27,36.38
14.978,162,5,2000,1899.34,33.33,-1.5267,0,1,1,96,0.2,4,100,1,2839.55,2697.28,35.98
14.9785,163,6,2000,1949.63,33.33,-1.52655,0,1,1,321,0.25,4,100,1,2837.26,2747.81,36.78
14.998,202,13,2766.31,4268.51,33.2,-1.52409,0,0,0,0,0,4,100,0,0,0,0
14.9985,203,14,2748.12,4711.08,32.28,-1.54446,0,0,0,0,0,4,100,0,0,0,0
14.999,204,15,2745.74,5091.55,32.82,-1.60677,0,0,0,0,0,4,100,0,0,0,0
14.9995,205,17,2769.84,5519.48,32.6,-1.6318,0,0,0,0,0,4,100,0,0,0,0
15.003,12,6,2000,2000,27.68,1.60332,0,1,0,0,0,4,100,1,2837.45,6381.81,27.56
15.0035,13,5,2000,1706.33,27.65,1.62255,0,1,1,32,0.15,4,100,1,2818.49,6041.08,27.53
15.004,14,4,2000,1321.48,27.41,1.60986,0,1,1,32,0.15,4,100,1,2802.94,5753.72,27.46
15.0045,15,3,2000,992.354,27.77,1.61005,0,1,1,32,0.15,4,100,1,2780.54,5403.07,27.29
15.0055,17,3,2000,663.821,27.65,1.66873,0,1,1,32,0.15,4,100,1,2771.3,4691.94,27.21
15.03,66,6,2000,2000,33.33,1.60328,0,1,0,64,0.05,4,100,1,2912.27,1292.02,40.75
15.0305,67,6,2000,1978.89,33.33,1.60314,0,1,1,321,0.25,4,100,1,2917.01,1170.67,38.09
15.031,68,5,2000,1830.9,33.01,1.62262,0,1,1,353,0.4,4,100,1,2929.32,938.207,33.37
15.0315,69,5,2000,1806.75,30.97,1.62246,0,1,1,353,0.4,4,100,1,2926.81,920.576,34.2
15.032,70,4,2000,1179.26,28.59,1.60665,0,1,1,98,0.3,4,100,1,2928.66,873.393,34.11
15.033,72,4,2000,1328.28,33.33,1.61005,0,1,1,353,0.4,4,100,1,2969.28,435.649,30.19
15.0325,71,4,2000,1285.56,33.33,1.60984,0,1,1,353,0.4,4,100,1,2933.44,832.908,33.36
15.0345,75,3,2000,956.81,33.33,1.60997,0,1,1,353,0.4,4,100,1,2836.84,6348.46,24.78
15.035,76,3,2000,909.616,33.33,1.60978,0,1,1,353,0.4,4,100,1,2819.07,3598.53,24.37
15.0335,73,4,2000,1206.92,33.33,1.60991,0,1,1,289,0.35,4,100,1,2979.4,403.563,26.89
15.034,74,3,2000,974.442,33.33,1.60976,0,1,1,353,0.4,4,100,1,2813.11,6695.72,24.76
15.036,78,2,2000,471.879,30.19,1.7517,0,1,1,68,0.15,4,100,1,2847.55,2978.43,24.48
15.0355,77,3,2000,869.109,33.33,1.60989,0,1,1,353,0.4,4,100,1,2834.75,3274.06,24.91
15.0365,79,2,2000,439.747,26.89,1.78394,0,1,1,68,0.15,4,100,1,2864.48,2654.06,24.85
15.0405,87,6,2000,2000,24.41,1.60319,0,1,0,64,0.05,4,100,1,2962.18,539.026,24.99
15.041,88,5,2000,1782.91,24.7,1.62225,0,1,1,96,0.2,4,100,1,2802.38,5684.04,23.45
15.0415,89,4,2000,1511.33,24.82,1.62243,0,1,1,32,0.15,4,100,1,2784.21,5411.43,24.45
15.042,90,4,2000,1165.91,24.85,1.60987,0,1,1,32,0.15,4,100,1,2771.7,5141.09,24.74
15.0425,91,3,2000,871.455,24.63,1.6098,0,1,0,0,0,4,100,1,2764.02,4826.71,24.98
15.051,108,6,2000,1932.77,23.49,1.61255,0,1,0,0,0,4,100,1,2967.2,464.776,22.99
15.052,110,4,2000,1372.32,23.26,1.60995,0,1,1,32,0.15,4,100,1,2769.64,5097.39,23.3
15.0525,111,3,2000,1061.36,23.28,1.60992,0,1,0,0,0,4,100,1,2767.15,4842.35,23.38
15.053,112,3,2000,776.08,23.02,1.60992,0,1,1,4,0.1,4,100,1,2777.3,4555.4,23.11
15.054,114,2,2000,501.066,22.99,1.75148,0,1,0,0,0,4,100,1,2804.87,3930.35,23
15.0615,129,5,2000,1884.45,32.84,1.62258,0,1,1,293,0.45,4,100,1,2797.27,5708.22,29.57
15.062,130,4,2000,1383.98,32.6,1.60767,0,1,1,295,0.55,4,100,1,2775.42,5318.96,32.87
15.0625,131,3,2000,1026.96,32.76,1.61016,0,1,1,257,0.2,4,100,1,2766.92,5107.62,32.08
15.071,148,2,2000,493.05,33.33,-1.37235,0,1,0,0,0,4,100,1,2870.9,1870.57,31.57
15.0715,149,4,2000,1160.42,33.01,-1.52775,0,1,1,32,0.15,4,100,1,2889.21,1526.13,33.6
15.072,150,2,2000,435.157,33.33,-1.3546,0,1,1,321,0.25,4,100,1,2887.21,1572.29,33.55
15.0725,151,2,2000,491.412,33.33,-1.37255,0,1,1,321,0.25,4,100,1,2883.35,1660.48,36.45
15.0755,157,5,2000,1696.7,33.33,-1.52714,0,1,0,64,0.05,4,100,1,2872.36,1910.02,38.23
15.076,158,5,2000,1745.46,33.33,-1.52701,0,1,1,321,0.25,4,100,1,2847.81,2493.08,35.92
15.0765,159,5,2000,1796.46,33.33,-1.52709,0,1,1,321,0.25,4,100,1,2846.04,2541.55,36.37
15.077,160,5,2000,1846.96,33.33,-1.52647,0,1,0,64,0.05,4,100,1,2844.35,2587.79,34.52
15.078,162,5,2000,1896.09,33.33,-1.52638,0,1,0,64,0.05,4,100,1,2839.71,2693.63,36.98
15.0785,163,6,2000,1946.23,33.33,-1.52656,0,1,1,321,0.25,4,100,1,2837.42,2744.18,36.29
15.098,202,13,2766.46,4265.23,32.88,-1.52394,-3.2,0,0,0,0,4,100,0,0,0,0
15.0985,203,14,2748.21,4707.81,32.76,-1.54392,4.8,0,1,4,0.1,4,100,0,0,0,0
15.099,204,15,2745.7,5088.27,32.88,-1.58357,0.6,0,0,0,0,4,100,0,0,0,0
15.0995,205,17,2769.65,5516.21,32.76,-1.6292,1.6,0,0,0,0,4,100,0,0,0,0
15.103,12,6,2000,2000,27.68,1.60332,0,1,0,0,0,4,100,1,2837.48,6384.57,27.56
15.1035,13,5,2000,1709.48,27.65,1.62255,0,1,0,0,0,4,100,1,2818.64,6043.83,27.53
15.104,14,4,2000,1324.61,27.41,1.60986,0,1,0,0,0,4,100,1,2803.08,5756.47,27.46
15.1045,15,3,2000,995.516,27.77,1.61005,0,1,0,0,0,4,100,1,2780.69,5405.8,27.29
15.1055,17,3,2000,666.96,27.65,1.66873,0,1,0,0,0,4,100,1,2771.19,4694.66,27.21
15.13,66,6,2000,2000,33.33,1.60328,0,1,0,64,0.05,4,100,1,2912.11,1296.09,40.75
15.1305,67,6,2000,1983.01,33.33,1.60314,0,1,1,321,0.25,4,100,1,2916.87,1174.48,38.09
15.131,68,5,2000,1834.57,33.01,1.62262,0,1,1,321,0.25,4,100,1,2929.19,941.546,33.37
15.132,70,4,2000,1182.49,28.59,1.60665,0,1,0,64,0.05,4,100,1,2928.52,876.776,34.11
15.1325,71,4,2000,1290.03,33.33,1.60984,0,1,1,321,0.25,4,100,1,2933.31,836.195,33.36
15.1315,69,5,2000,1810.21,30.97,1.62246,0,1,1,321,0.25,4,100,1,2926.67,924.035,34.2
15.133,72,4,2000,1332.72,33.33,1.61005,0,1,1,321,0.25,4,100,1,2968.73,438.628,30.19
15.1335,73,4,2000,1211.1,33.33,1.60991,0,1,1,321,0.25,4,100,1,2978.84,406.154,26.89
15.134,74,3,2000,978.147,33.33,1.60976,0,1,1,321,0.25,4,100,1,2812.72,6698.13,24.76
15.1345,75,3,2000,960.597,33.33,1.60997,0,1,1,321,0.25,4,100,1,2836.89,6350.95,24.78
15.135,76,3,2000,913.394,33.33,1.60978,0,1,1,353,0.4,4,100,1,2818.92,3600.97,24.37
15.1365,79,2,2000,442.744,26.89,1.78394,0,1,0,64,0.05,4,100,1,2864.36,2656.52,24.85
15.1355,77,3,2000,872.812,33.33,1.60989,0,1,1,353,0.4,4,100,1,2834.66,3276.54,24.91
15.136,78,2,2000,475.218,30.19,1.7517,0,1,1,321,0.25,4,100,1,2847.45,2980.92,24.48
15.1405,87,6,2000,2000,24.41,1.60319,0,1,0,64,0.05,4,100,1,2961.82,541.5,24.99
15.141,88,5,2000,1785.75,24.7,1.62225,0,1,1,96,0.2,4,100,1,2802.5,5686.38,23.45
15.1415,89,4,2000,1514.18,24.82,1.62243,0,1,0,0,0,4,100,1,2784.34,5413.87,24.45
15.142,90,4,2000,1168.76,24.85,1.60987,0,1,0,0,0,4,100,1,2771.81,5143.56,24.74
15.1425,91,3,2000,874.282,24.63,1.6098,0,1,1,32,0.15,4,100,1,2764.01,4829.2,24.98
15.151,108,6,2000,1935.48,23.49,1.61255,0,1,0,0,0,4,100,1,2966.79,467.037,22.99
15.152,110,4,2000,1375,23.26,1.60995,0,1,0,0,0,4,100,1,2769.75,5099.71,23.3
15.1525,111,3,2000,1064.05,23.28,1.60992,0,1,1,32,0.15,4,100,1,2767.14,4844.68,23.38
15.153,112,3,2000,778.739,23.02,1.60992,0,1,1,32,0.15,4,100,1,2777.2,4557.72,23.11
15.154,114,2,2000,503.686,22.99,1.75148,0,1,0,0,0,4,100,1,2804.77,3932.65,23
15.1615,129,5,2000,1888.08,32.84,1.62258,0,1,1,289,0.35,4,100,1,2797.43,5711.17,29.57
15.162,130,4,2000,1387.6,32.6,1.60767,0,1,1,289,0.35,4,100,1,2775.64,5322.24,32.87
15.1625,131,3,2000,1030.59,32.76,1.61016,0,1,1,289,0.35,4,100,1,2767.07,5110.83,32.08
15.171,148,2,2000,489.739,33.33,-1.37235,0,1,0,0,0,4,100,1,2871.04,1867.41,31.57
15.172,150,2,2000,431.732,33.33,-1.3546,0,1,1,321,0.25,4,100,1,2887.35,1568.94,33.55
15.1725,151,2,2000,487.936,33.33,-1.37255,0,1,1,321,0.25,4,100,1,2883.5,1656.85,36.45
15.1755,157,5,2000,1693.4,33.33,-1.52714,0,1,1,96,0.2,4,100,1,2872.53,1906.2,38.23
15.176,158,5,2000,1742.03,33.33,-1.52701,0,1,1,353,0.4,4,100,1,2847.94,2489.49,35.92
15.1765,159,5,2000,1793.01,33.33,-1.52709,0,1,1,353,0.4,4,100,1,2846.18,2537.91,36.37
15.177,160,5,2000,1843.67,33.33,-1.52647,0,1,1,96,0.2,4,100,1,2844.47,2584.33,34.52
15.178,162,5,2000,1892.79,33.33,-1.52638,0,1,1,96,0.2,4,100,1,2839.88,2689.93,36.98
15.1785,163,6,2000,1942.75,33.33,-1.52656,0,1,1,321,0.25,4,100,1,2837.59,2740.55,36.29
15.198,202,13,2766.61,4261.95,32.88,-1.52394,0,0,0,0,0,4,100,0,0,0,0
15.1985,203,14,2748.29,4704.53,32.76,-1.54392,0,0,0,0,0,4,100,0,0,0,0
15.199,204,15,2745.66,5084.98,32.88,-1.58357,0,0,0,0,0,4,100,0,0,0,0
15.1995,205,17,2769.46,5512.94,32.76,-1.6292,0,0,0,0,0,4,100,0,0,0,0
15.203,12,6,2000,2000,27.68,1.60332,0,1,0,0,0,4,100,1,2837.52,6387.32,27.56
15.2035,13,5,2000,1712.57,27.65,1.62255,0,1,1,32,0.15,4,100,1,2818.79,6046.58,27.53
15.204,14,4,2000,1327.68,27.41,1.60986,0,1,1,32,0.15,4,100,1,2803.23,5759.21,27.46
15.2045,15,3,2000,998.621,27.77,1.61005,0,1,1,32,0.15,4,100,1,2780.84,5408.53,27.29
15.2055,17,3,2000,670.04,27.65,1.66873,0,1,1,32,0.15,4,100,1,2771.08,4697.38,27.21
15.23,66,6,2000,2000,33.33,1.60328,0,1,0,64,0.05,4,100,1,2911.95,1300.16,40.75
15.2305,67,6,2000,1987.06,33.33,1.60314,0,1,1,321,0.25,4,100,1,2916.72,1178.28,38.09
15.231,68,5,2000,1838.18,33.01,1.62262,0,1,1,353,0.4,4,100,1,2929.06,944.879,33.37
15.232,70,4,2000,1185.66,28.59,1.60665,0,1,1,96,0.2,4,100,1,2928.39,880.184,34.11
15.2325,71,4,2000,1294.44,33.33,1.60984,0,1,1,353,0.4,4,100,1,2933.18,839.529,33.36
15.233,72,4,2000,1337.1,33.33,1.61005,0,1,1,353,0.4,4,100,1,2968.19,441.588,30.19
15.2335,73,4,2000,1215.22,33.33,1.60991,0,1,1,353,0.4,4,100,1,2978.27,408.782,26.89
15.2345,75,3,2000,964.326,33.33,1.60997,0,1,1,353,0.4,4,100,1,2836.94,6353.42,24.78
15.234,74,3,2000,981.793,33.33,1.60976,0,1,1,353,0.4,4,100,1,2812.33,6700.6,24.76
15.235,76,3,2000,917.114,33.33,1.60978,0,1,1,353,0.4,4,100,1,2818.78,3603.41,24.37
15.2315,69,5,2000,1813.62,30.97,1.62246,0,1,1,353,0.4,4,100,1,2926.53,927.54,34.2
15.2365,79,2,2000,445.683,26.89,1.78394,0,1,0,64,0.05,4,100,1,2864.24,2659,24.85
15.2355,77,3,2000,876.456,33.33,1.60989,0,1,1,353,0.4,4,100,1,2834.56,3279.03,24.91
15.236,78,2,2000,478.498,30.19,1.7517,0,1,0,64,0.05,4,100,1,2847.35,2983.36,24.48
15.2405,87,6,2000,2000,24.41,1.60319,0,1,0,64,0.05,4,100,1,2961.47,543.973,24.99
15.241,88,5,2000,1788.52,24.7,1.62225,0,1,1,96,0.2,4,100,1,2802.63,5688.72,23.45
15.2415,89,4,2000,1516.97,24.82,1.62243,0,1,1,32,0.15,4,100,1,2784.48,5416.31,24.45
15.242,90,4,2000,1171.55,24.85,1.60987,0,1,1,32,0.15,4,100,1,2771.93,5146.03,24.74
15.2425,91,3,2000,877.05,24.63,1.6098,0,1,1,32,0.15,4,100,1,2764,4831.69,24.98
15.251,108,6,2000,1938.13,23.49,1.61255,0,1,0,0,0,4,100,1,2966.38,469.299,22.99
15.252,110,4,2000,1377.63,23.26,1.60995,0,1,1,32,0.15,4,100,1,2769.86,5102.04,23.3
15.2525,111,3,2000,1066.67,23.28,1.60992,0,1,1,32,0.15,4,100,1,2767.13,4847.02,23.38
15.253,112,3,2000,781.34,23.02,1.60992,0,1,1,32,0.15,4,100,1,2777.1,4560.02,23.11
15.254,114,2,2000,506.248,22.99,1.75148,0,1,0,0,0,4,100,1,2804.67,3934.95,23
15.2615,129,5,2000,1891.66,32.84,1.62258,0,1,1,289,0.35,4,100,1,2797.59,5714.12,29.57
15.262,130,4,2000,1391.15,32.6,1.60767,0,1,1,289,0.35,4,100,1,2775.86,5325.52,32.87
15.2625,131,3,2000,1034.16,32.76,1.61016,0,1,1,289,0.35,4,100,1,2767.22,5114.03,32.08
15.271,148,2,2000,486.368,33.33,-1.37235,0,1,1,257,0.2,4,100,1,2871.18,1864.26,31.57
15.272,150,2,2000,428.248,33.33,-1.3546,0,1,1,321,0.25,4,100,1,2887.5,1565.59,33.55
15.2725,151,2,2000,484.401,33.33,-1.37255,0,1,1,321,0.25,4,100,1,2883.66,1653.21,36.45
15.2755,157,5,2000,1690.05,33.33,-1.52714,0,1,1,353,0.4,4,100,1,2872.7,1902.38,38.23
15.276,158,5,2000,1738.55,33.33,-1.52701,0,1,1,353,0.4,4,100,1,2848.07,2485.9,35.92
15.2765,159,5,2000,1789.5,33.33,-1.52709,0,1,1,353,0.4,4,100,1,2846.31,2534.28,36.37
15.277,160,5,2000,1840.33,33.33,-1.52647,0,1,1,353,0.4,4,100,1,2844.6,2580.88,34.52
15.278,162,5,2000,1889.43,33.33,-1.52638,0,1,1,353,0.4,4,100,1,2840.05,2686.25,36.98
15.2785,163,6,2000,1939.22,33.33,-1.52656,0,1,1,321,0.25,4,100,1,2837.75,2736.94,36.29
15.298,202,13,2766.77,4258.66,32.88,-1.52394,0,0,0,0,0,4,100,0,0,0,0
15.2985,203,14,2748.38,4701.26,32.76,-1.54392,0,0,0,0,0,4,100,0,0,0,0
15.299,204,15,2745.61,5081.69,32.88,-1.58357,0,0,0,0,0,4,100,0,0,0,0
15.2995,205,17,2769.26,5509.67,32.76,-1.6292,0,0,0,0,0,4,100,0,0,0,0
15.303,12,6,2000,2000,27.68,1.60332,0,1,0,0,0,4,100,1,2837.55,6390.08,27.56
15.3035,13,5,2000,1715.61,27.65,1.62255,0,1,1,32,0.15,4,100,1,2818.94,6049.33,27.53
15.304,14,4,2000,1330.69,27.41,1.60986,0,1,1,32,0.15,4,100,1,2803.38,5761.95,27.46
15.3045,15,3,2000,1001.67,27.77,1.61005,0,1,1,32,0.15,4,100,1,2780.99,5411.25,27.29
15.3055,17,3,2000,673.062,27.65,1.66873,0,1,1,32,0.15,4,100,1,2770.97,4700.1,27.21
15.33,66,6,2000,2000,33.33,1.60328,0,1,0,64,0.05,4,100,1,2911.79,1304.23,40.75
15.3305,67,6,2000,1991.06,33.33,1.60314,0,1,1,321,0.25,4,100,1,2916.57,1182.09,38.09
15.331,68,5,2000,1841.73,33.01,1.62262,0,1,1,353,0.4,4,100,1,2928.93,948.21,33.37
15.3315,69,5,2000,1816.97,30.97,1.62246,0,1,1,353,0.4,4,100,1,2926.4,930.824,34.2
15.332,70,4,2000,1188.77,28.59,1.60665,0,1,1,96,0.2,4,100,1,2928.26,883.593,34.11
15.3325,71,4,2000,1298.79,33.33,1.60984,0,1,1,353,0.4,4,100,1,2933.05,842.863,33.36
15.3335,73,4,2000,1219.28,33.33,1.60991,0,1,1,353,0.4,4,100,1,2977.7,411.401,26.89
15.333,72,4,2000,1341.43,33.33,1.61005,0,1,1,353,0.4,4,100,1,2967.64,444.572,30.19
15.334,74,3,2000,985.381,33.33,1.60976,0,1,1,353,0.4,4,100,1,2811.94,6703.01,24.76
15.335,76,3,2000,920.775,33.33,1.60978,0,1,1,353,0.4,4,100,1,2818.64,3605.84,24.37
15.3345,75,3,2000,967.996,33.33,1.60997,0,1,1,353,0.4,4,100,1,2836.98,6355.93,24.78
15.336,78,2,2000,481.72,30.19,1.7517,0,1,0,64,0.05,4,100,1,2847.25,2985.79,24.48
15.3355,77,3,2000,880.042,33.33,1.60989,0,1,1,353,0.4,4,100,1,2834.47,3281.53,24.91
15.3365,79,2,2000,448.563,26.89,1.78394,0,1,0,64,0.05,4,100,1,2864.12,2661.52,24.85
15.3405,87,6,2000,2000,24.41,1.60319,0,1,0,64,0.05,4,100,1,2961.12,546.447,24.99
15.341,88,5,2000,1791.24,24.7,1.62225,0,1,1,96,0.2,4,100,1,2802.76,5691.06,23.45
15.3415,89,4,2000,1519.69,24.82,1.62243,0,1,1,32,0.15,4,100,1,2784.62,5418.75,24.45
15.342,90,4,2000,1174.28,24.85,1.60987,0,1,1,32,0.15,4,100,1,2772.05,5148.5,24.74
15.3425,91,3,2000,879.759,24.63,1.6098,0,1,1,32,0.15,4,100,1,2763.99,4834.2,24.98
15.351,108,6,2000,1940.72,23.49,1.61255,0,1,0,0,0,4,100,1,2965.96,471.561,22.99
15.352,110,4,2000,1380.19,23.26,1.60995,0,1,1,32,0.15,4,100,1,2769.97,5104.37,23.3
15.3525,111,3,2000,1069.24,23.28,1.60992,0,1,1,32,0.15,4,100,1,2767.12,4849.36,23.38
15.353,112,3,2000,783.882,23.02,1.60992,0,1,1,32,0.15,4,100,1,2777,4562.33,23.11
15.3615,129,5,2000,1895.17,32.84,1.62258,0,1,1,289,0.35,4,100,1,2797.75,5717.08,29.57
15.362,130,4,2000,1394.64,32.6,1.60767,0,1,1,289,0.35,4,100,1,2776.07,5328.8,32.87
15.3625,131,3,2000,1037.67,32.76,1.61016,0,1,1,289,0.35,4,100,1,2767.37,5117.24,32.08
15.371,148,2,2000,482.939,33.33,-1.37235,0,1,1,257,0.2,4,100,1,2871.32,1861.11,31.57
15.372,150,2,2000,424.706,33.33,-1.3546,0,1,1,321,0.25,4,100,1,2887.65,1562.24,33.55
15.3725,151,2,2000,480.806,33.33,-1.37255,0,1,1,321,0.25,4,100,1,2883.82,1649.57,36.45
15.3755,157,5,2000,1686.63,33.33,-1.52714,0,1,1,353,0.4,4,100,1,2872.86,1898.56,38.23
15.376,158,5,2000,1735.01,33.33,-1.52701,0,1,1,353,0.4,4,100,1,2848.2,2482.31,35.92
15.3765,159,5,2000,1785.93,33.33,-1.52709,0,1,1,353,0.4,4,100,1,2846.44,2530.64,36.37
15.377,160,5,2000,1836.92,33.33,-1.52647,0,1,1,353,0.4,4,100,1,2844.73,2577.43,34.52
15.378,162,5,2000,1886.01,33.33,-1.52638,0,1,1,353,0.4,4,100,1,2840.22,2682.55,36.98
15.3785,163,6,2000,1935.63,33.33,-1.52656,0,1,1,321,0.25,4,100,1,2837.92,2733.31,36.29
15.398,202,13,2766.92,4255.38,32.88,-1.52394,0,0,0,0,0,4,100,0,0,0,0
15.3985,203,14,2748.47,4697.98,32.76,-1.54392,0,0,0,0,0,4,100,0,0,0,0
15.399,204,15,2745.57,5078.4,32.88,-1.58357,0,0,0,0,0,4,100,0,0,0,0
15.3995,205,17,2769.07,5506.4,32.76,-1.6292,0,0,0,0,0,4,100,0,0,0,0
15.403,12,6,2000,2000,27.68,1.60332,0,1,0,0,0,4,100,1,2837.59,6392.83,27.56
15.4035,13,5,2000,1718.58,27.65,1.62255,0,1,1,32,0.15,4,100,1,2819.09,6052.07,27.53
15.404,14,4,2000,1333.64,27.41,1.60986,0,1,1,32,0.15,4,100,1,2803.53,5764.69,27.46
15.4045,15,3,2000,1004.65,27.77,1.61005,0,1,1,32,0.15,4,100,1,2781.15,5413.97,27.29
15.4055,17,3,2000,676.024,27.65,1.66873,0,1,1,32,0.15,4,100,1,2770.86,4702.82,27.21
15.43,66,6,2000,2000,33.33,1.60328,0,1,0,64,0.05,4,100,1,2911.63,1308.31,40.75
15.4305,67,6,2000,1995,33.33,1.60314,0,1,1,321,0.25,4,100,1,2916.42,1185.9,38.09
15.431,68,5,2000,1845.23,33.01,1.62262,0,1,1,353,0.4,4,100,1,2928.8,951.55,33.37
15.4315,69,5,2000,1820.25,30.97,1.62246,0,1,1,96,0.2,4,100,1,2926.27,934.247,34.2
15.432,70,4,2000,1191.82,28.59,1.60665,0,1,1,96,0.2,4,100,1,2928.12,887.017,34.11
15.433,72,4,2000,1345.7,33.33,1.61005,0,1,1,353,0.4,4,100,1,2967.11,447.519,30.19
15.4325,71,4,2000,1303.08,33.33,1.60984,0,1,1,353,0.4,4,100,1,2932.92,846.221,33.36
15.4335,73,4,2000,1223.28,33.33,1.60991,0,1,1,353,0.4,4,100,1,2977.13,414.029,26.89
15.434,74,3,2000,988.909,33.33,1.60976,0,1,1,353,0.4,4,100,1,2811.55,6705.46,24.76
15.4345,75,3,2000,971.607,33.33,1.60997,0,1,1,353,0.4,4,100,1,2837.03,6358.39,24.78
15.436,78,2,2000,484.882,30.19,1.7517,0,1,0,64,0.05,4,100,1,2847.15,2988.22,24.48
15.4365,79,2,2000,451.383,26.89,1.78394,0,1,0,64,0.05,4,100,1,2864,2663.97,24.85
15.4355,77,3,2000,883.568,33.33,1.60989,0,1,1,353,0.4,4,100,1,2834.37,3284.01,24.91
15.435,76,3,2000,924.376,33.33,1.60978,0,1,1,353,0.4,4,100,1,2818.49,3608.33,24.37
15.4405,87,6,2000,2000,24.41,1.60319,0,1,0,64,0.05,4,100,1,2960.76,548.921,24.99
15.441,88,5,2000,1793.89,24.7,1.62225,0,1,1,96,0.2,4,100,1,2802.88,5693.4,23.45
15.4415,89,4,2000,1522.36,24.82,1.62243,0,1,1,32,0.15,4,100,1,2784.76,5421.19,24.45
15.442,90,4,2000,1176.95,24.85,1.60987,0,1,1,32,0.15,4,100,1,2772.16,5150.97,24.74
15.4425,91,3,2000,882.409,24.63,1.6098,0,1,1,32,0.15,4,100,1,2763.98,4836.7,24.98
15.451,108,6,2000,1943.25,23.49,1.61255,0,1,0,0,0,4,100,1,2965.55,473.822,22.99
15.452,110,4,2000,1382.7,23.26,1.60995,0,1,1,32,0.15,4,100,1,2770.08,5106.7,23.3
15.4525,111,3,2000,1071.75,23.28,1.60992,0,1,1,32,0.15,4,100,1,2767.11,4851.7,23.38
15.453,112,3,2000,786.365,23.02,1.60992,0,1,1,32,0.15,4,100,1,2776.9,4564.64,23.11
15.4615,129,5,2000,1898.63,32.84,1.62258,0,1,1,289,0.35,4,100,1,2797.9,5720.03,29.57
15.462,130,4,2000,1398.08,32.6,1.60767,0,1,1,289,0.35,4,100,1,2776.29,5332.08,32.87
15.4625,131,3,2000,1041.12,32.76,1.61016,0,1,1,289,0.35,4,100,1,2767.52,5120.44,32.08
15.471,148,2,2000,479.45,33.33,-1.37235,0,1,1,321,0.25,4,100,1,2871.45,1857.95,31.57
15.472,150,2,2000,421.104,33.33,-1.3546,0,1,1,321,0.25,4,100,1,2887.79,1558.89,33.55
15.4725,151,2,2000,477.153,33.33,-1.37255,0,1,1,321,0.25,4,100,1,2883.98,1645.93,36.45
15.4755,157,5,2000,1683.16,33.33,-1.52714,0,1,1,353,0.4,4,100,1,2873.03,1894.74,38.23
15.476,158,5,2000,1731.42,33.33,-1.52701,0,1,1,353,0.4,4,100,1,2848.33,2478.71,35.92
15.4765,159,5,2000,1782.3,33.33,-1.52709,0,1,1,353,0.4,4,100,1,2846.57,2527.02,36.37
15.477,160,5,2000,1833.46,33.33,-1.52647,0,1,1,353,0.4,4,100,1,2844.85,2573.96,34.52
15.478,162,5,2000,1882.54,33.33,-1.52638,0,1,1,353,0.4,4,100,1,2840.38,2678.86,36.98
15.4785,163,6,2000,1931.98,33.33,-1.52656,0,1,1,321,0.25,4,100,1,2838.08,2729.68,36.29
15.498,202,13,2767.08,4252.09,32.88,-1.52394,0,0,0,0,0,4,100,0,0,0,0
15.4985,203,14,2748.56,4694.71,32.76,-1.54392,0,0,0,0,0,4,100,0,0,0,0
15.499,204,15,2745.53,5075.11,32.88,-1.58357,0,0,0,0,0,4,100,0,0,0,0
15.4995,205,17,2768.88,5503.13,32.76,-1.6292,0,0,0,0,0,4,100,0,0,0,0
15.503,12,6,2000,2000,27.68,1.60332,0,1,0,0,0,4,100,1,2837.62,6395.59,27.56
15.5035,13,5,2000,1721.49,27.65,1.62255,0,1,1,32,0.15,4,100,1,2819.23,6054.82,27.53
15.504,14,4,2000,1336.53,27.41,1.60986,0,1,1,32,0.15,4,100,1,2803.68,5767.44,27.46
15.5045,15,3,2000,1007.58,27.77,1.61005,0,1,1,32,0.15,4,100,1,2781.3,5416.7,27.29
15.5055,17,3,2000,678.927,27.65,1.66873,0,1,1,32,0.15,4,100,1,2770.75,4705.54,27.21
15.53,66,6,2000,2000,33.33,1.60328,0,1,0,64,0.05,4,100,1,2911.47,1312.38,40.75
15.5305,67,6,2000,1998.88,33.33,1.60314,0,1,1,321,0.25,4,100,1,2916.27,1189.7,38.09
15.531,68,5,2000,1848.66,33.01,1.62262,0,1,1,353,0.4,4,100,1,2928.67,954.875,33.37
15.5315,69,5,2000,1823.48,30.97,1.62246,0,1,1,96,0.2,4,100,1,2926.14,937.656,34.2
15.532,70,4,2000,1194.82,28.59,1.60665,0,1,1,96,0.2,4,100,1,2927.99,890.419,34.11
15.533,72,4,2000,1349.9,33.33,1.61005,0,1,1,353,0.4,4,100,1,2966.56,450.488,30.19
15.5335,73,4,2000,1227.22,33.33,1.60991,0,1,1,353,0.4,4,100,1,2976.56,416.657,26.89
15.5325,71,4,2000,1307.31,33.33,1.60984,0,1,1,353,0.4,4,100,1,2932.79,849.573,33.36
15.534,74,3,2000,992.378,33.33,1.60976,0,1,1,353,0.4,4,100,1,2811.15,6707.91,24.76
15.5345,75,3,2000,975.159,33.33,1.60997,0,1,1,353,0.4,4,100,1,2837.07,6360.85,24.78
15.535,76,3,2000,927.918,33.33,1.60978,0,1,1,353,0.4,4,100,1,2818.36,3610.7,24.37
15.536,78,2,2000,487.985,30.19,1.7517,0,1,0,64,0.05,4,100,1,2847.05,2990.67,24.48
15.5355,77,3,2000,887.035,33.33,1.60989,0,1,1,353,0.4,4,100,1,2834.28,3286.49,24.91
15.5365,79,2,2000,454.144,26.89,1.78394,0,1,0,64,0.05,4,100,1,2863.89,2666.47,24.85
15.5405,87,6,2000,2000,24.41,1.60319,0,1,0,64,0.05,4,100,1,2960.41,551.395,24.99
15.541,88,5,2000,1796.49,24.7,1.62225,0,1,1,96,0.2,4,100,1,2803.01,5695.75,23.45
15.5415,89,4,2000,1524.97,24.82,1.62243,0,1,1,32,0.15,4,100,1,2784.89,5423.63,24.45
15.542,90,4,2000,1179.57,24.85,1.60987,0,1,1,32,0.15,4,100,1,2772.28,5153.44,24.74
15.5425,91,3,2000,885,24.63,1.6098,0,1,1,32,0.15,4,100,1,2763.96,4839.2,24.98
15.551,108,6,2000,1945.72,23.49,1.61255,0,1,0,0,0,4,100,1,2965.14,476.084,22.99
15.552,110,4,2000,1385.15,23.26,1.60995,0,1,1,32,0.15,4,100,1,2770.19,5109.02,23.3
15.5525,111,3,2000,1074.2,23.28,1.60992,0,1,1,32,0.15,4,100,1,2767.1,4854.04,23.38
15.553,112,3,2000,788.788,23.02,1.60992,0,1,1,32,0.15,4,100,1,2776.79,4566.95,23.11
15.5615,129,5,2000,1902.03,32.84,1.62258,0,1,1,289,0.35,4,100,1,2798.06,5722.98,29.57
15.562,130,4,2000,1401.45,32.6,1.60767,0,1,1,289,0.35,4,100,1,2776.5,5335.36,32.87
15.5625,131,3,2000,1044.51,32.76,1.61016,0,1,1,289,0.35,4,100,1,2767.67,5123.65,32.08
15.571,148,2,2000,475.901,33.33,-1.37235,0,1,1,321,0.25,4,100,1,2871.59,1854.8,31.57
15.5725,151,2,2000,473.439,33.33,-1.37255,0,1,1,321,0.25,4,100,1,2884.14,1642.29,36.45
15.574,154,5,2000,1892.15,31.57,-1.52675,0,1,1,32,0.15,4,100,1,2877.56,1792.58,36.35
15.5755,157,5,2000,1679.63,33.33,-1.52714,0,1,1,353,0.4,4,100,1,2873.2,1890.93,38.23
15.576,158,5,2000,1727.76,33.33,-1.52701,0,1,1,353,0.4,4,100,1,2848.47,2475.13,35.92
15.5765,159,5,2000,1778.61,33.33,-1.52709,0,1,1,353,0.4,4,100,1,2846.71,2523.38,36.37
15.577,160,5,2000,1829.94,33.33,-1.52647,0,1,1,353,0.4,4,100,1,2844.98,2570.53,34.52
15.578,162,5,2000,1879,33.33,-1.52638,0,1,1,353,0.4,4,100,1,2840.55,2675.16,36.98
15.5785,163,6,2000,1928.27,33.33,-1.52656,0,1,1,321,0.25,4,100,1,2838.25,2726.04,36.29
15.598,202,13,2767.23,4248.81,32.88,-1.52394,0,0,0,0,0,4,100,0,0,0,0
15.5985,203,14,2748.65,4691.43,32.76,-1.54392,0,0,0,0,0,4,100,0,0,0,0
15.599,204,15,2745.49,5071.83,32.88,-1.58357,0,0,0,0,0,4,100,0,0,0,0
15.5995,205,17,2768.69,5499.86,32.76,-1.6292,0,0,0,0,0,4,100,0,0,0,0
15.603,12,6,2000,2000,27.68,1.60332,0,1,0,0,0,4,100,1,2837.66,6398.35,27.56
15.6035,13,5,2000,1724.35,27.65,1.62255,0,1,1,32,0.15,4,100,1,2819.38,6057.57,27.53
15.604,14,4,2000,1339.36,27.41,1.60986,0,1,1,32,0.15,4,100,1,2803.82,5770.18,27.46
15.6045,15,3,2000,1010.45,27.77,1.61005,0,1,1,32,0.15,4,100,1,2781.45,5419.42,27.29
15.6055,17,3,2000,681.77,27.65,1.66873,0,1,1,32,0.15,4,100,1,2770.64,4708.25,27.21
15.63,66,6,2000,2000,33.33,1.60328,0,1,0,64,0.05,4,100,1,2911.31,1316.45,40.75
15.6305,67,6,2000,2000,33.33,1.60314,0,1,0,64,0.05,4,100,1,2916.12,1193.51,38.09
15.631,68,5,2000,1852.03,33.01,1.62262,0,1,1,353,0.4,4,100,1,2928.54,958.212,33.37
15.6315,69,5,2000,1826.65,30.97,1.62246,0,1,1,96,0.2,4,100,1,2926,941.075,34.2
15.632,70,4,2000,1197.75,28.59,1.60665,0,1,1,96,0.2,4,100,1,2927.86,893.818,34.11
15.6325,71,4,2000,1311.48,33.33,1.60984,0,1,1,353,0.4,4,100,1,2932.66,852.863,33.36
15.633,72,4,2000,1354.05,33.33,1.61005,0,1,1,353,0.4,4,100,1,2966.02,453.465,30.19
15.6335,73,4,2000,1231.1,33.33,1.60991,0,1,1,353,0.4,4,100,1,2975.99,419.292,26.89
15.634,74,3,2000,995.787,33.33,1.60976,0,1,1,353,0.4,4,100,1,2810.76,6710.35,24.76
15.6345,75,3,2000,978.65,33.33,1.60997,0,1,1,353,0.4,4,100,1,2837.12,6363.34,24.78
15.6355,77,3,2000,890.442,33.33,1.60989,0,1,1,353,0.4,4,100,1,2834.19,3288.95,24.91
15.636,78,2,2000,491.028,30.19,1.7517,0,1,0,64,0.05,4,100,1,2846.95,2993.11,24.48
15.635,76,3,2000,931.401,33.33,1.60978,0,1,1,353,0.4,4,100,1,2818.21,3613.17,24.37
15.6365,79,2,2000,456.845,26.89,1.78394,0,1,0,64,0.05,4,100,1,2863.77,2668.95,24.85
15.6405,87,6,2000,2000,24.41,1.60319,0,1,0,64,0.05,4,100,1,2960.06,553.869,24.99
15.641,88,5,2000,1799.03,24.7,1.62225,0,1,1,96,0.2,4,100,1,2803.13,5698.09,23.45
15.6415,89,4,2000,1527.52,24.82,1.62243,0,1,1,32,0.15,4,100,1,2785.03,5426.07,24.45
15.642,90,4,2000,1182.12,24.85,1.60987,0,1,1,32,0.15,4,100,1,2772.39,5155.91,24.74
15.6425,91,3,2000,887.53,24.63,1.6098,0,1,1,32,0.15,4,100,1,2763.95,4841.68,24.98
15.651,108,6,2000,1948.13,23.49,1.61255,0,1,0,0,0,4,100,1,2964.72,478.345,22.99
15.652,110,4,2000,1387.53,23.26,1.60995,0,1,1,32,0.15,4,100,1,2770.3,5111.35,23.3
15.6525,111,3,2000,1076.59,23.28,1.60992,0,1,1,32,0.15,4,100,1,2767.09,4856.37,23.38
15.653,112,3,2000,791.151,23.02,1.60992,0,1,1,32,0.15,4,100,1,2776.69,4569.26,23.11
15.6615,129,5,2000,1905.36,32.84,1.62258,0,1,1,289,0.35,4,100,1,2798.22,5725.94,29.57
15.662,130,4,2000,1404.77,32.6,1.60767,0,1,1,32,0.15,4,100,1,2776.72,5338.64,32.87
15.6625,131,3,2000,1047.84,32.76,1.61016,0,1,1,32,0.15,4,100,1,2767.82,5126.85,32.08
15.671,148,2,2000,472.292,33.33,-1.37235,0,1,1,321,0.25,4,100,1,2871.73,1851.64,31.57
15.6725,151,2,2000,469.666,33.33,-1.37255,0,1,1,321,0.25,4,100,1,2884.3,1638.65,36.45
15.674,154,5,2000,1889.05,31.57,-1.52675,0,1,1,32,0.15,4,100,1,2877.72,1788.96,36.35
15.6755,157,5,2000,1676.04,33.33,-1.52714,0,1,1,353,0.4,4,100,1,2873.37,1887.11,38.23
15.676,158,5,2000,1724.04,33.33,-1.52701,0,1,1,353,0.4,4,100,1,2848.6,2471.54,35.92
15.6765,159,5,2000,1774.86,33.33,-1.52709,0,1,1,353,0.4,4,100,1,2846.84,2519.74,36.37
15.677,160,5,2000,1826.35,33.33,-1.52647,0,1,1,353,0.4,4,100,1,2845.1,2567.06,34.52
15.6785,163,6,2000,1924.49,33.33,-1.52656,0,1,1,321,0.25,4,100,1,2838.41,2722.44,36.29
15.678,162,5,2000,1875.4,33.33,-1.52638,0,1,1,353,0.4,4,100,1,2840.72,2671.43,36.98
15.698,202,13,2767.39,4245.52,32.88,-1.52394,0,0,0,0,0,4,100,0,0,0,0
15.6985,203,14,2748.73,4688.16,32.76,-1.54392,0,0,0,0,0,4,100,0,0,0,0
15.699,204,15,2745.45,5068.54,32.88,-1.58357,0,0,0,0,0,4,100,0,0,0,0
15.6995,205,17,2768.5,5496.59,32.76,-1.6292,0,0,0,0,0,4,100,0,0,0,0
15.703,12,6,2000,2000,27.68,1.60332,0,1,0,0,0,4,100,1,2837.69,6401.1,27.56
15.7035,13,5,2000,1727.14,27.65,1.62255,0,1,1,32,0.15,4,100,1,2819.53,6060.32,27.53
15.704,14,4,2000,1342.13,27.41,1.60986,0,1,1,32,0.15,4,100,1,2803.97,5772.92,27.46
15.7045,15,3,2000,1013.25,27.77,1.61005,0,1,1,32,0.15,4,100,1,2781.6,5422.15,27.29
15.7055,17,3,2000,684.554,27.65,1.66873,0,1,1,32,0.15,4,100,1,2770.53,4710.97,27.21
15.73,66,6,2000,2000,33.33,1.60328,0,1,0,64,0.05,4,100,1,2911.15,1320.52,40.75
15.7305,67,6,2000,2000,33.33,1.60314,0,1,0,64,0.05,4,100,1,2915.97,1197.32,38.09
15.731,68,5,2000,1855.34,33.01,1.62262,0,1,1,96,0.2,4,100,1,2928.41,961.55,33.37
15.7315,69,5,2000,1829.76,30.97,1.62246,0,1,1,96,0.2,4,100,1,2925.87,944.497,34.2
15.732,70,4,2000,1200.62,28.59,1.60665,0,1,1,96,0.2,4,100,1,2927.73,897.241,34.11
15.733,72,4,2000,1358.14,33.33,1.61005,0,1,1,353,0.4,4,100,1,2965.48,456.427,30.19
15.7335,73,4,2000,1234.92,33.33,1.60991,0,1,1,353,0.4,4,100,1,2975.42,421.916,26.89
15.7325,71,4,2000,1315.59,33.33,1.60984,0,1,1,353,0.4,4,100,1,2932.53,856.24,33.36
15.7345,75,3,2000,982.082,33.33,1.60997,0,1,1,353,0.4,4,100,1,2837.17,6365.8,24.78
15.735,76,3,2000,934.823,33.33,1.60978,0,1,1,353,0.4,4,100,1,2818.07,3615.57,24.37
15.7355,77,3,2000,893.789,33.33,1.60989,0,1,1,353,0.4,4,100,1,2834.09,3291.45,24.91
15.734,74,3,2000,999.135,33.33,1.60976,0,1,1,353,0.4,4,100,1,2810.36,6712.86,24.76
15.736,78,2,2000,494.011,30.19,1.7517,0,1,0,64,0.05,4,100,1,2846.85,2995.59,24.48
15.7365,79,2,2000,459.486,26.89,1.78394,0,1,0,64,0.05,4,100,1,2863.65,2671.45,24.85
15.7405,87,6,2000,2000,24.41,1.60319,0,1,0,64,0.05,4,100,1,2959.7,556.343,24.99
15.741,88,5,2000,1801.51,24.7,1.62225,0,1,1,96,0.2,4,100,1,2803.26,5700.43,23.45
15.7415,89,4,2000,1530.01,24.82,1.62243,0,1,1,32,0.15,4,100,1,2785.17,5428.51,24.45
15.742,90,4,2000,1184.61,24.85,1.60987,0,1,1,32,0.15,4,100,1,2772.51,5158.38,24.74
15.7425,91,3,2000,890,24.63,1.6098,0,1,1,32,0.15,4,100,1,2763.94,4844.18,24.98
15.751,108,6,2000,1950.48,23.49,1.61255,0,1,0,0,0,4,100,1,2964.31,480.607,22.99
15.752,110,4,2000,1389.86,23.26,1.60995,0,1,1,32,0.15,4,100,1,2770.41,5113.68,23.3
15.7525,111,3,2000,1078.92,23.28,1.60992,0,1,1,32,0.15,4,100,1,2767.08,4858.71,23.38
15.753,112,3,2000,793.455,23.02,1.60992,0,1,1,32,0.15,4,100,1,2776.59,4571.57,23.11
15.762,130,4,2000,1408.03,32.6,1.60767,0,1,1,32,0.15,4,100,1,2776.94,5341.92,32.87
15.7625,131,3,2000,1051.11,32.76,1.61016,0,1,1,32,0.15,4,100,1,2767.97,5130.05,32.08
15.771,148,2,2000,468.624,33.33,-1.37235,0,1,1,257,0.2,4,100,1,2871.87,1848.49,31.57
15.7725,151,2,2000,465.833,33.33,-1.37255,0,1,1,321,0.25,4,100,1,2884.46,1635.01,36.45
15.774,154,5,2000,1885.89,31.57,-1.52675,0,1,1,32,0.15,4,100,1,2877.88,1785.33,36.35
15.7755,157,5,2000,1672.39,33.33,-1.52714,0,1,1,353,0.4,4,100,1,2873.54,1883.29,38.23
15.776,158,5,2000,1720.26,33.33,-1.52701,0,1,1,353,0.4,4,100,1,2848.73,2467.95,35.92
15.7765,159,5,2000,1771.05,33.33,-1.52709,0,1,1,353,0.4,4,100,1,2846.97,2516.1,36.37
15.777,160,5,2000,1822.71,33.33,-1.52647,0,1,1,353,0.4,4,100,1,2845.23,2563.64,34.52
15.778,162,5,2000,1871.74,33.33,-1.52638,0,1,1,353,0.4,4,100,1,2840.89,2667.76,36.98
15.798,202,13,2767.54,4242.24,32.88,-1.52394,0,0,0,0,0,4,100,0,0,0,0
15.7985,203,14,2748.82,4684.88,32.76,-1.54392,0,0,0,0,0,4,100,0,0,0,0
15.799,204,15,2745.4,5065.25,32.88,-1.58357,0,0,0,0,0,4,100,0,0,0,0
15.7995,205,17,2768.31,5493.32,32.76,-1.6292,0,0,0,0,0,4,100,0,0,0,0
15.803,12,6,2000,2000,27.68,1.60332,0,1,0,0,0,4,100,1,2837.73,6403.86,27.56
15.8035,13,5,2000,1729.88,27.65,1.62255,0,1,1,32,0.15,4,100,1,2819.68,6063.07,27.53
15.804,14,4,2000,1344.84,27.41,1.60986,0,1,1,32,0.15,4,100,1,2804.12,5775.66,27.46
15.8045,15,3,2000,1016,27.77,1.61005,0,1,1,32,0.15,4,100,1,2781.75,5424.87,27.29
15.8055,17,3,2000,687.277,27.65,1.66873,0,1,1,32,0.15,4,100,1,2770.42,4713.69,27.21
15.83,66,6,2000,2000,33.33,1.60328,0,1,0,64,0.05,4,100,1,2910.99,1324.59,40.75
15.8305,67,6,2000,2000,33.33,1.60314,0,1,0,64,0.05,4,100,1,2915.82,1201.12,38.09
15.831,68,5,2000,1858.6,33.01,1.62262,0,1,1,96,0.2,4,100,1,2928.28,964.887,33.37
15.8315,69,5,2000,1832.81,30.97,1.62246,0,1,1,96,0.2,4,100,1,2925.73,947.917,34.2
15.8325,71,4,2000,1319.64,33.33,1.60984,0,1,1,353,0.4,4,100,1,2932.4,859.528,33.36
15.833,72,4,2000,1362.16,33.33,1.61005,0,1,1,353,0.4,4,100,1,2964.93,459.398,30.19
15.8335,73,4,2000,1238.68,33.33,1.60991,0,1,1,353,0.4,4,100,1,2974.86,424.544,26.89
15.834,74,3,2000,1002.42,33.33,1.60976,0,1,1,96,0.2,4,100,1,2809.98,6715.25,24.76
15.8345,75,3,2000,985.453,33.33,1.60997,0,1,1,353,0.4,4,100,1,2837.21,6368.29,24.78
15.835,76,3,2000,938.185,33.33,1.60978,0,1,1,353,0.4,4,100,1,2817.93,3618,24.37
15.832,70,4,2000,1203.43,28.59,1.60665,0,1,1,96,0.2,4,100,1,2927.59,900.753,34.11
15.836,78,2,2000,496.934,30.19,1.7517,0,1,0,64,0.05,4,100,1,2846.75,2998,24.48
15.8365,79,2,2000,462.067,26.89,1.78394,0,1,0,64,0.05,4,100,1,2863.53,2673.91,24.85
15.8355,77,3,2000,897.076,33.33,1.60989,0,1,1,96,0.2,4,100,1,2833.99,3293.98,24.91
15.8405,87,6,2000,2000,24.41,1.60319,0,1,0,64,0.05,4,100,1,2959.35,558.817,24.99
15.841,88,5,2000,1803.92,24.7,1.62225,0,1,1,96,0.2,4,100,1,2803.39,5702.77,23.45
15.8415,89,4,2000,1532.43,24.82,1.62243,0,1,1,32,0.15,4,100,1,2785.3,5430.96,24.45
15.8425,91,3,2000,892.411,24.63,1.6098,0,1,1,32,0.15,4,100,1,2763.93,4846.68,24.98
15.842,90,4,2000,1187.04,24.85,1.60987,0,1,1,32,0.15,4,100,1,2772.63,5160.88,24.74
15.851,108,6,2000,1952.77,23.49,1.61255,0,1,0,0,0,4,100,1,2963.9,482.869,22.99
15.852,110,4,2000,1392.13,23.26,1.60995,0,1,1,32,0.15,4,100,1,2770.52,5116,23.3
15.8525,111,3,2000,1081.19,23.28,1.60992,0,1,1,32,0.15,4,100,1,2767.07,4861.05,23.38
15.853,112,3,2000,795.698,23.02,1.60992,0,1,1,32,0.15,4,100,1,2776.49,4573.87,23.11
15.862,130,4,2000,1411.22,32.6,1.60767,0,1,1,32,0.15,4,100,1,2777.15,5345.2,32.87
15.8625,131,3,2000,1054.32,32.76,1.61016,0,1,1,32,0.15,4,100,1,2768.12,5133.25,32.08
15.871,148,2,2000,464.895,33.33,-1.37235,0,1,1,257,0.2,4,100,1,2872.01,1845.34,31.57
15.8725,151,2,2000,461.939,33.33,-1.37255,0,1,1,321,0.25,4,100,1,2884.62,1631.36,36.45
15.874,154,5,2000,1882.66,31.57,-1.52675,0,1,1,32,0.15,4,100,1,2878.04,1781.7,36.35
15.876,158,5,2000,1716.42,33.33,-1.52701,0,1,1,353,0.4,4,100,1,2848.86,2464.35,35.92
15.877,160,5,2000,1819.01,33.33,-1.52647,0,1,1,353,0.4,4,100,1,2845.36,2560.19,34.52
15.8765,159,5,2000,1767.18,33.33,-1.52709,0,1,1,353,0.4,4,100,1,2847.11,2512.43,36.37
15.878,162,5,2000,1868.03,33.33,-1.52638,0,1,1,353,0.4,4,100,1,2841.06,2664.05,36.98
15.898,202,13,2767.69,4238.96,32.88,-1.52394,0,0,0,0,0,4,100,0,0,0,0
15.8985,203,14,2748.91,4681.61,32.76,-1.54392,0,0,0,0,0,4,100,0,0,0,0
15.899,204,15,2745.36,5061.96,32.88,-1.58357,0,0,0,0,0,4,100,0,0,0,0
15.8995,205,17,2768.12,5490.05,32.76,-1.6292,0,0,0,0,0,4,100,0,0,0,0
15.903,12,6,2000,2000,27.68,1.60332,0,1,0,0,0,4,100,1,2837.76,6406.61,27.56
15.9035,13,5,2000,1732.55,27.65,1.62255,0,1,1,96,0.2,4,100,1,2819.83,6065.82,27.53
15.904,14,4,2000,1347.49,27.41,1.60986,0,1,1,32,0.15,4,100,1,2804.27,5778.41,27.46
15.9045,15,3,2000,1018.69,27.77,1.61005,0,1,1,32,0.15,4,100,1,2781.91,5427.6,27.29
15.9055,17,3,2000,689.94,27.65,1.66873,0,1,1,32,0.15,4,100,1,2770.32,4716.41,27.21
15.93,66,6,2000,2000,33.33,1.60328,0,1,0,64,0.05,4,100,1,2910.83,1328.66,40.75
15.9305,67,6,2000,2000,33.33,1.60314,0,1,0,64,0.05,4,100,1,2915.67,1204.93,38.09
15.931,68,5,2000,1861.79,33.01,1.62262,0,1,1,96,0.2,4,100,1,2928.15,968.221,33.37
15.9315,69,5,2000,1835.8,30.97,1.62246,0,1,1,96,0.2,4,100,1,2925.6,951.333,34.2
15.932,70,4,2000,1206.19,28.59,1.60665,0,1,1,96,0.2,4,100,1,2927.46,904.051,34.11
15.9325,71,4,2000,1323.63,33.33,1.60984,0,1,1,353,0.4,4,100,1,2932.27,862.882,33.36
15.933,72,4,2000,1366.13,33.33,1.61005,0,1,1,353,0.4,4,100,1,2964.39,462.39,30.19
15.9335,73,4,2000,1242.38,33.33,1.60991,0,1,1,353,0.4,4,100,1,2974.28,427.192,26.89
15.934,74,3,2000,1005.65,33.33,1.60976,0,1,1,96,0.2,4,100,1,2809.58,6717.7,24.76
15.9345,75,3,2000,988.765,33.33,1.60997,0,1,1,96,0.2,4,100,1,2837.26,6370.78,24.78
15.9355,77,3,2000,900.303,33.33,1.60989,0,1,1,96,0.2,4,100,1,2833.9,3296.43,24.91
15.936,78,2,2000,499.797,30.19,1.7517,0,1,0,64,0.05,4,100,1,2846.64,3000.46,24.48
15.9365,79,2,2000,464.588,26.89,1.78394,0,1,0,64,0.05,4,100,1,2863.41,2676.4,24.85
15.935,76,3,2000,941.487,33.33,1.60978,0,1,1,96,0.2,4,100,1,2817.78,3620.5,24.37
15.9405,87,6,2000,2000,24.41,1.60319,0,1,0,64,0.05,4,100,1,2959,561.291,24.99
15.941,88,5,2000,1806.28,24.7,1.62225,0,1,1,96,0.2,4,100,1,2803.51,5705.11,23.45
15.942,90,4,2000,1189.42,24.85,1.60987,0,1,1,32,0.15,4,100,1,2772.74,5163.32,24.74
15.9425,91,3,2000,894.761,24.63,1.6098,0,1,1,32,0.15,4,100,1,2763.92,4849.18,24.98
15.951,108,6,2000,1955,23.49,1.61255,0,1,0,0,0,4,100,1,2963.49,485.13,22.99
15.952,110,4,2000,1394.34,23.26,1.60995,0,1,1,32,0.15,4,100,1,2770.63,5118.33,23.3
15.9525,111,3,2000,1083.4,23.28,1.60992,0,1,1,32,0.15,4,100,1,2767.06,4863.39,23.38
15.953,112,3,2000,797.881,23.02,1.60992,0,1,1,32,0.15,4,100,1,2776.39,4576.18,23.11
15.9615,129,6,2000,1915.02,32.84,1.62258,0,1,0,0,0,4,100,1,2798.7,5734.79,29.57
15.962,130,4,2000,1414.36,32.6,1.60767,0,1,1,32,0.15,4,100,1,2777.37,5348.48,32.87
15.9625,131,3,2000,1057.47,32.76,1.61016,0,1,1,32,0.15,4,100,1,2768.27,5136.46,32.08
15.971,148,2,2000,461.107,33.33,-1.37235,0,1,1,321,0.25,4,100,1,2872.15,1842.18,31.57
15.9725,151,2,2000,457.986,33.33,-1.37255,0,1,1,321,0.25,4,100,1,2884.78,1627.72,36.45
15.974,154,5,2000,1879.38,31.57,-1.52675,0,1,1,32,0.15,4,100,1,2878.2,1778.07,36.35
15.9745,155,4,2000,1533.1,33.33,-1.52762,0,1,1,104,0.35,4,100,1,2862.58,2130.64,33.78
15.9765,159,5,2000,1763.25,33.33,-1.52709,0,1,1,353,0.4,4,100,1,2847.24,2508.84,36.37
15.977,160,5,2000,1815.24,33.33,-1.52647,0,1,1,353,0.4,4,100,1,2845.48,2556.74,34.52
15.978,162,5,2000,1864.25,33.33,-1.52638,0,1,1,353,0.4,4,100,1,2841.22,2660.38,36.98
15.976,158,5,2000,1712.52,33.33,-1.52701,0,1,1,353,0.4,4,100,1,2848.99,2460.67,35.92
15.9785,163,5,2000,1912.82,33.33,-1.52656,0,1,1,353,0.4,4,100,1,2838.91,2711.46,36.29
15.998,202,13,2767.85,4235.67,32.88,-1.52394,0,0,0,0,0,4,100,0,0,0,0
15.9985,203,14,2749,4678.33,32.76,-1.54392,0,0,0,0,0,4,100,0,0,0,0
15.999,204,15,2745.32,5058.68,32.88,-1.58357,0,0,0,0,0,4,100,0,0,0,0
15.9995,205,17,2767.93,5486.78,32.76,-1.6292,0,0,0,0,0,4,100,0,0,0,0
16.003,12,6,2000,2000,0,0,0,1,1,198,0.35,4,100,1,2837.8,6409.37,27.56
16.0035,13,5,2000,1735.16,27.65,1.62255,0,1,1,96,0.2,4,100,1,2819.97,6068.48,0
16.004,14,4,2000,1349.97,0,0,0,1,1,166,0.45,4,100,1,2804.41,5781.02,0
16.0045,15,3,2000,1021.31,27.77,1.61005,0,1,1,32,0.15,4,100,1,2782.05,5430.19,0
16.0055,17,3,2000,692.544,27.65,1.66873,0,1,1,32,0.15,4,100,1,2770.21,4719.05,0
16.03,66,6,2000,2000,0,0,0,1,1,198,0.35,4,100,1,2910.71,1331.84,0
16.0305,67,6,2000,2000,0,0,0,1,1,198,0.35,4,100,1,2915.56,1207.85,0
16.031,68,5,2000,1863.98,0,0,0,1,1,230,0.5,4,100,1,2928.06,970.58,0
16.0315,69,5,2000,1838.59,0,0,0,1,1,230,0.5,4,100,1,2925.5,953.9,0
16.032,70,4,2000,1208.86,0,0,0,1,1,230,0.5,4,100,1,2927.36,906.6,0
16.0325,71,4,2000,1327.29,0,0,0,1,1,487,0.7,4,100,1,2932.14,866.203,33.36
16.0335,73,4,2000,1245.03,0,0,0,1,1,230,0.5,4,100,1,2973.9,428.96,0
16.033,72,4,2000,1369.02,0,0,0,1,1,230,0.5,4,100,1,2964,464.5,0
16.0345,75,3,2000,991.081,0,0,0,1,1,230,0.5,4,100,1,2837.29,6372.45,0
16.0355,77,3,2000,903.47,33.33,1.60989,0,1,1,96,0.2,4,100,1,2833.84,3298.01,0
16.036,78,2,2000,501.678,0,0,0,1,1,198,0.35,4,100,1,2846.58,3002.01,0
16.0365,79,2,2000,466.137,0,0,0,1,1,198,0.35,4,100,1,2863.34,2677.93,0
16.034,74,3,2000,1007.76,0,0,0,1,1,230,0.5,4,100,1,2809.32,6719.35,0
16.035,76,3,2000,943.78,0,0,0,1,1,230,0.5,4,100,1,2817.69,3622.1,0
16.0405,87,6,2000,2000,0,0,0,1,1,198,0.35,4,100,1,2958.65,563.73,0
16.041,88,5,2000,1807.56,0,0,0,1,1,230,0.5,4,100,1,2803.59,5706.55,0
16.042,90,4,2000,1190.67,0,0,0,1,1,166,0.45,4,100,1,2772.84,5165.42,0
16.0425,91,3,2000,895.995,0,0,0,1,1,166,0.45,4,100,1,2763.91,4850.61,0
16.051,108,6,2000,1955.97,0,0,0,1,1,134,0.3,4,100,1,2963.16,486.91,0
16.052,110,4,2000,1395.27,0,0,0,1,1,166,0.45,4,100,1,2770.69,5119.52,0
16.053,112,3,2000,798.773,0,0,0,1,1,134,0.3,4,100,1,2776.34,4577.34,0
16.0525,111,3,2000,1084.31,0,0,0,1,1,134,0.3,4,100,1,2767.05,4864.57,0
16.0615,129,6,2000,1916.17,0,0,0,1,1,134,0.3,4,100,1,2798.76,5735.91,0
16.062,130,4,2000,1416.23,0,0,0,1,1,166,0.45,4,100,1,2777.45,5349.72,0
16.0625,131,3,2000,1058.74,0,0,0,1,1,134,0.3,4,100,1,2768.33,5137.66,0
16.071,148,2,2000,459.865,0,0,0,1,1,134,0.3,4,100,1,2872.19,1841.27,0
16.0725,151,2,2000,456.762,0,0,0,1,1,134,0.3,4,100,1,2884.82,1626.74,0
16.074,154,5,2000,1878.37,0,0,0,1,1,166,0.45,4,100,1,2878.24,1777.14,0
16.0745,155,4,2000,1532.07,0,0,0,1,1,230,0.5,4,100,1,2862.62,2129.79,0
16.0755,157,5,2000,1663.84,0,0,0,1,1,198,0.35,4,100,1,2873.92,1874.73,0
16.076,158,5,2000,1711.44,0,0,0,1,1,198,0.35,4,100,1,2849.02,2459.93,0
16.0765,159,5,2000,1762.19,0,0,0,1,1,198,0.35,4,100,1,2847.27,2508.01,0
16.077,160,5,2000,1814.23,0,0,0,1,1,198,0.35,4,100,1,2845.51,2555.97,0
16.078,162,5,2000,1863.26,0,0,0,1,1,198,0.35,4,100,1,2841.26,2659.59,0
16.098,202,13,2767.85,4235.61,0,0,-328.8,0,1,6,0.2,4,100,0,0,0,0
16.0985,203,14,2749,4678.28,0,0,-327.6,0,1,6,0.2,4,100,0,0,0,0
16.099,204,15,2745.32,5058.65,0,0,-328.8,0,1,6,0.2,4,100,0,0,0,0
16.0995,205,17,2767.87,5485.82,0,0,-327.6,0,1,6,0.2,4,100,0,0,0,0
16.103,12,6,2000,2000,0,0,0,1,1,192,0.15,4,100,1,2837.82,6411.29,0
16.1035,13,5,2000,1735.43,0,0,0,1,1,198,0.35,4,100,1,2819.97,6068.48,0
16.104,14,4,2000,1349.76,0,0,0,1,1,128,0.1,4,100,1,2804.41,5781.02,0
16.1045,15,3,2000,1021.71,0,0,0,1,1,134,0.3,4,100,1,2782.05,5430.19,0
16.1055,17,3,2000,692.687,0,0,0,1,1,134,0.3,4,100,1,2770.21,4719.05,0
16.13,66,6,2000,2000,0,0,0,1,1,192,0.15,4,100,1,2910.71,1331.84,0
16.1305,67,6,2000,2000,0,0,0,1,1,192,0.15,4,100,1,2915.56,1207.85,0
16.131,68,5,2000,1863.75,0,0,0,1,1,192,0.15,4,100,1,2928.06,970.58,0
16.1315,69,5,2000,1838.36,0,0,0,1,0,64,0.05,4,100,1,2925.5,953.9,0
16.1325,71,4,2000,1327.07,0,0,0,1,1,192,0.15,4,100,1,2932.12,866.68,0
16.1335,73,4,2000,1244.81,0,0,0,1,0,64,0.05,4,100,1,2973.9,428.96,0
16.134,74,3,2000,1007.54,0,0,0,1,0,64,0.05,4,100,1,2809.32,6719.35,0
16.132,70,4,2000,1208.63,0,0,0,1,0,64,0.05,4,100,1,2927.36,906.6,0
16.133,72,4,2000,1368.8,0,0,0,1,0,64,0.05,4,100,1,2964,464.5,0
16.1345,75,3,2000,990.856,0,0,0,1,0,64,0.05,4,100,1,2837.29,6372.45,0
16.136,78,2,2000,501.452,0,0,0,1,1,192,0.15,4,100,1,2846.58,3002.01,0
16.1365,79,2,2000,465.91,0,0,0,1,1,192,0.15,4,100,1,2863.34,2677.93,0
16.135,76,3,2000,943.554,0,0,0,1,0,64,0.05,4,100,1,2817.69,3622.1,0
16.1355,77,3,2000,903.633,0,0,0,1,1,102,0.4,4,100,1,2833.84,3298.01,0
16.1405,87,6,2000,2000,0,0,0,1,1,192,0.15,4,100,1,2958.65,563.73,0
16.141,88,5,2000,1807.33,0,0,0,1,1,96,0.2,4,100,1,2803.59,5706.55,0
16.142,90,4,2000,1190.44,0,0,0,1,0,0,0,4,100,1,2772.84,5165.42,0
16.1425,91,3,2000,895.765,0,0,0,1,1,32,0.15,4,100,1,2763.91,4850.61,0
16.151,108,6,2000,1955.73,0,0,0,1,1,128,0.1,4,100,1,2963.16,486.91,0
16.152,110,4,2000,1395.03,0,0,0,1,0,0,0,4,100,1,2770.69,5119.52,0
16.1525,111,3,2000,1084.08,0,0,0,1,1,32,0.15,4,100,1,2767.05,4864.57,0
16.153,112,3,2000,798.537,0,0,0,1,1,32,0.15,4,100,1,2776.34,4577.34,0
16.1615,129,6,2000,1915.92,0,0,0,1,0,0,0,4,100,1,2798.76,5735.91,0
16.162,130,4,2000,1415.99,0,0,0,1,0,0,0,4,100,1,2777.45,5349.72,0
16.1625,131,3,2000,1058.5,0,0,0,1,1,32,0.15,4,100,1,2768.33,5137.66,0
16.171,148,2,2000,459.619,0,0,0,1,1,128,0.1,4,100,1,2872.19,1841.27,0
16.1725,151,2,2000,456.514,0,0,0,1,1,128,0.1,4,100,1,2884.82,1626.74,0
16.174,154,5,2000,1878.12,0,0,0,1,1,32,0.15,4,100,1,2878.24,1777.14,0
16.1745,155,4,2000,1531.82,0,0,0,1,1,96,0.2,4,100,1,2862.62,2129.79,0
16.176,158,5,2000,1711.19,0,0,0,1,1,96,0.2,4,100,1,2849.02,2459.93,0
16.1765,159,5,2000,1761.94,0,0,0,1,1,96,0.2,4,100,1,2847.27,2508.01,0
16.1755,157,5,2000,1663.59,0,0,0,1,1,96,0.2,4,100,1,2873.92,1874.73,0
16.177,160,5,2000,1813.98,0,0,0,1,1,96,0.2,4,100,1,2845.51,2555.97,0
16.178,162,5,2000,1863.01,0,0,0,1,1,96,0.2,4,100,1,2841.26,2659.59,0
16.198,202,13,2767.85,4235.61,0,0,0,0,0,0,0,4,100,0,0,0,0
16.1985,203,14,2749,4678.28,0,0,0,0,0,0,0,4,100,0,0,0,0
16.199,204,15,2745.32,5058.65,0,0,0,0,0,0,0,4,100,0,0,0,0
16.1995,205,17,2767.87,5485.82,0,0,0,0,0,0,0,4,100,0,0,0,0
16.203,12,6,2000,2000,0,0,0,1,0,64,0.05,4,100,1,2837.82,6411.29,0
16.2035,13,5,2000,1735.17,0,0,0,1,1,96,0.2,4,100,1,2819.97,6068.48,0
16.204,14,4,2000,1349.49,0,0,0,1,1,32,0.15,4,100,1,2804.41,5781.02,0
16.2045,15,3,2000,1021.44,0,0,0,1,1,32,0.15,4,100,1,2782.05,5430.19,0
16.2055,17,3,2000,692.42,0,0,0,1,1,32,0.15,4,100,1,2770.21,4719.05,0
16.23,66,6,2000,2000,0,0,0,1,0,64,0.05,4,100,1,2910.71,1331.84,0
16.2305,67,6,2000,2000,0,0,0,1,0,64,0.05,4,100,1,2915.56,1207.85,0
16.231,68,5,2000,1863.47,0,0,0,1,1,96,0.2,4,100,1,2928.06,970.58,0
16.232,70,4,2000,1208.35,0,0,0,1,1,96,0.2,4,100,1,2927.36,906.6,0
16.2325,71,4,2000,1326.79,0,0,0,1,1,96,0.2,4,100,1,2932.12,866.68,0
16.2335,73,4,2000,1244.52,0,0,0,1,1,96,0.2,4,100,1,2973.9,428.96,0
16.233,72,4,2000,1368.52,0,0,0,1,1,96,0.2,4,100,1,2964,464.5,0
16.234,74,3,2000,1007.25,0,0,0,1,1,96,0.2,4,100,1,2809.32,6719.35,0
16.235,76,3,2000,943.27,0,0,0,1,1,96,0.2,4,100,1,2817.69,3622.1,0
16.2355,77,3,2000,903.348,0,0,0,1,1,96,0.2,4,100,1,2833.84,3298.01,0
16.2345,75,3,2000,990.571,0,0,0,1,1,96,0.2,4,100,1,2837.29,6372.45,0
16.236,78,2,2000,501.167,0,0,0,1,1,192,0.15,4,100,1,2846.58,3002.01,0
16.2365,79,2,2000,465.625,0,0,0,1,1,192,0.15,4,100,1,2863.34,2677.93,0
16.2315,69,5,2000,1838.08,0,0,0,1,1,96,0.2,4,100,1,2925.5,953.9,0
16.2405,87,6,2000,2000,0,0,0,1,0,64,0.05,4,100,1,2958.65,563.73,0
16.241,88,5,2000,1807.04,0,0,0,1,1,96,0.2,4,100,1,2803.59,5706.55,0
16.242,90,4,2000,1190.15,0,0,0,1,1,32,0.15,4,100,1,2772.84,5165.42,0
16.2425,91,3,2000,895.476,0,0,0,1,1,32,0.15,4,100,1,2763.91,4850.61,0
16.251,108,6,2000,1955.44,0,0,0,1,0,0,0,4,100,1,2963.16,486.91,0
16.252,110,4,2000,1394.74,0,0,0,1,1,32,0.15,4,100,1,2770.69,5119.52,0
16.2525,111,3,2000,1083.78,0,0,0,1,1,32,0.15,4,100,1,2767.05,4864.57,0
16.253,112,3,2000,798.242,0,0,0,1,1,32,0.15,4,100,1,2776.34,4577.34,0
16.2615,129,6,2000,1915.62,0,0,0,1,0,0,0,4,100,1,2798.76,5735.91,0
16.262,130,4,2000,1415.69,0,0,0,1,1,32,0.15,4,100,1,2777.45,5349.72,0
16.2625,131,3,2000,1058.2,0,0,0,1,1,32,0.15,4,100,1,2768.33,5137.66,0
16.271,148,2,2000,459.313,0,0,0,1,1,128,0.1,4,100,1,2872.19,1841.27,0
16.2725,151,2,2000,456.208,0,0,0,1,1,128,0.1,4,100,1,2884.82,1626.74,0
16.274,154,5,2000,1877.81,0,0,0,1,1,32,0.15,4,100,1,2878.24,1777.14,0
16.2745,155,4,2000,1531.51,0,0,0,1,1,96,0.2,4,100,1,2862.62,2129.79,0
16.2755,157,5,2000,1663.28,0,0,0,1,1,96,0.2,4,100,1,2873.92,1874.73,0
16.276,158,5,2000,1710.89,0,0,0,1,1,96,0.2,4,100,1,2849.02,2459.93,0
16.2765,159,5,2000,1761.63,0,0,0,1,1,96,0.2,4,100,1,2847.27,2508.01,0
16.277,160,5,2000,1813.67,0,0,0,1,1,96,0.2,4,100,1,2845.51,2555.97,0
16.278,162,5,2000,1862.7,0,0,0,1,1,96,0.2,4,100,1,2841.26,2659.59,0
16.298,202,13,2767.85,4235.61,0,0,0,0,0,0,0,4,100,0,0,0,0
16.2985,203,14,2749,4678.28,0,0,0,0,0,0,0,4,100,0,0,0,0
16.299,204,15,2745.32,5058.65,0,0,0,0,0,0,0,4,100,0,0,0,0
16.2995,205,17,2767.87,5485.82,0,0,0,0,0,0,0,4,100,0,0,0,0
16.303,12,6,2000,2000,0,0,0,1,0,64,0.05,4,100,1,2837.82,6411.29,0
16.3035,13,5,2000,1734.84,0,0,0,1,1,96,0.2,4,100,1,2819.97,6068.48,0
16.304,14,4,2000,1349.17,0,0,0,1,1,32,0.15,4,100,1,2804.41,5781.02,0
16.3045,15,3,2000,1021.12,0,0,0,1,1,32,0.15,4,100,1,2782.05,5430.19,0
16.3055,17,3,2000,692.094,0,0,0,1,1,32,0.15,4,100,1,2770.21,4719.05,0
16.33,66,6,2000,2000,0,0,0,1,0,64,0.05,4,100,1,2910.71,1331.84,0
16.3305,67,6,2000,2000,0,0,0,1,0,64,0.05,4,100,1,2915.56,1207.85,0
16.331,68,5,2000,1863.13,0,0,0,1,1,96,0.2,4,100,1,2928.06,970.58,0
16.332,70,4,2000,1208.01,0,0,0,1,1,96,0.2,4,100,1,2927.36,906.6,0
16.3325,71,4,2000,1326.45,0,0,0,1,1,96,0.2,4,100,1,2932.12,866.68,0
16.333,72,4,2000,1368.17,0,0,0,1,1,96,0.2,4,100,1,2964,464.5,0
16.3315,69,5,2000,1837.74,0,0,0,1,1,96,0.2,4,100,1,2925.5,953.9,0
16.334,74,3,2000,1006.91,0,0,0,1,1,96,0.2,4,100,1,2809.32,6719.35,0
16.335,76,3,2000,942.927,0,0,0,1,1,96,0.2,4,100,1,2817.69,3622.1,0
16.3345,75,3,2000,990.229,0,0,0,1,1,96,0.2,4,100,1,2837.29,6372.45,0
16.3355,77,3,2000,903.005,0,0,0,1,1,96,0.2,4,100,1,2833.84,3298.01,0
16.3365,79,2,2000,465.281,0,0,0,1,1,192,0.15,4,100,1,2863.34,2677.93,0
16.336,78,2,2000,500.823,0,0,0,1,1,192,0.15,4,100,1,2846.58,3002.01,0
16.3335,73,4,2000,1244.18,0,0,0,1,1,96,0.2,4,100,1,2973.9,428.96,0
16.3405,87,6,2000,2000,0,0,0,1,0,64,0.05,4,100,1,2958.65,563.73,0
16.341,88,5,2000,1806.69,0,0,0,1,1,96,0.2,4,100,1,2803.59,5706.55,0
16.342,90,4,2000,1189.8,0,0,0,1,1,32,0.15,4,100,1,2772.84,5165.42,0
16.3425,91,3,2000,895.129,0,0,0,1,1,32,0.15,4,100,1,2763.91,4850.61,0
16.351,108,6,2000,1955.09,0,0,0,1,0,0,0,4,100,1,2963.16,486.91,0
16.352,110,4,2000,1394.38,0,0,0,1,1,32,0.15,4,100,1,2770.69,5119.52,0
16.3525,111,3,2000,1083.43,0,0,0,1,1,32,0.15,4,100,1,2767.05,4864.57,0
16.353,112,3,2000,797.889,0,0,0,1,1,32,0.15,4,100,1,2776.34,4577.34,0
16.3615,129,6,2000,1915.27,0,0,0,1,0,0,0,4,100,1,2798.76,5735.91,0
16.362,130,4,2000,1415.33,0,0,0,1,1,32,0.15,4,100,1,2777.45,5349.72,0
16.3625,131,3,2000,1057.84,0,0,0,1,1,32,0.15,4,100,1,2768.33,5137.66,0
16.371,148,2,2000,458.949,0,0,0,1,1,128,0.1,4,100,1,2872.19,1841.27,0
16.3725,151,2,2000,455.843,0,0,0,1,1,128,0.1,4,100,1,2884.82,1626.74,0
16.374,154,5,2000,1877.45,0,0,0,1,1,32,0.15,4,100,1,2878.24,1777.14,0
16.3745,155,4,2000,1531.15,0,0,0,1,1,96,0.2,4,100,1,2862.62,2129.79,0
16.3755,157,5,2000,1662.91,0,0,0,1,1,96,0.2,4,100,1,2873.92,1874.73,0
16.376,158,5,2000,1710.52,0,0,0,1,1,96,0.2,4,100,1,2849.02,2459.93,0
16.3765,159,5,2000,1761.27,0,0,0,1,1,96,0.2,4,100,1,2847.27,2508.01,0
16.377,160,5,2000,1813.31,0,0,0,1,1,96,0.2,4,100,1,2845.51,2555.97,0
16.378,162,5,2000,1862.33,0,0,0,1,1,32,0.15,4,100,1,2841.26,2659.59,0
16.398,202,13,2767.85,4235.61,0,0,0,0,0,0,0,4,100,0,0,0,0
16.3985,203,14,2749,4678.28,0,0,0,0,0,0,0,4,100,0,0,0,0
16.399,204,15,2745.32,5058.65,0,0,0,0,0,0,0,4,100,0,0,0,0
16.3995,205,17,2767.87,5485.82,0,0,0,0,0,0,0,4,100,0,0,0,0
16.403,12,6,2000,2000,0,0,0,1,0,64,0.05,4,100,1,2837.82,6411.29,0
16.4035,13,5,2000,1734.46,0,0,0,1,1,96,0.2,4,100,1,2819.97,6068.48,0
16.404,14,4,2000,1348.79,0,0,0,1,1,32,0.15,4,100,1,2804.41,5781.02,0
16.4045,15,3,2000,1020.73,0,0,0,1,1,32,0.15,4,100,1,2782.05,5430.19,0
16.4055,17,3,2000,691.71,0,0,0,1,1,32,0.15,4,100,1,2770.21,4719.05,0
16.43,66,6,2000,2000,0,0,0,1,0,64,0.05,4,100,1,2910.71,1331.84,0
16.4305,67,6,2000,2000,0,0,0,1,0,64,0.05,4,100,1,2915.56,1207.85,0
16.431,68,5,2000,1862.73,0,0,0,1,1,96,0.2,4,100,1,2928.06,970.58,0
16.4315,69,5,2000,1837.34,0,0,0,1,1,96,0.2,4,100,1,2925.5,953.9,0
16.4325,71,4,2000,1326.05,0,0,0,1,1,96,0.2,4,100,1,2932.12,866.68,0
16.433,72,4,2000,1367.77,0,0,0,1,1,96,0.2,4,100,1,2964,464.5,0
16.432,70,4,2000,1207.61,0,0,0,1,1,96,0.2,4,100,1,2927.36,906.6,0
16.4335,73,4,2000,1243.78,0,0,0,1,1,96,0.2,4,100,1,2973.9,428.96,0
16.4345,75,3,2000,989.828,0,0,0,1,1,96,0.2,4,100,1,2837.29,6372.45,0
16.435,76,3,2000,942.525,0,0,0,1,1,96,0.2,4,100,1,2817.69,3622.1,0
16.4355,77,3,2000,902.603,0,0,0,1,1,96,0.2,4,100,1,2833.84,3298.01,0
16.436,78,2,2000,500.421,0,0,0,1,1,192,0.15,4,100,1,2846.58,3002.01,0
16.434,74,3,2000,1006.51,0,0,0,1,1,96,0.2,4,100,1,2809.32,6719.35,0
16.4365,79,2,2000,464.879,0,0,0,1,0,64,0.05,4,100,1,2863.34,2677.93,0
16.4405,87,6,2000,2000,0,0,0,1,0,64,0.05,4,100,1,2958.65,563.73,0
16.441,88,5,2000,1806.29,0,0,0,1,1,96,0.2,4,100,1,2803.59,5706.55,0
16.442,90,4,2000,1189.4,0,0,0,1,1,32,0.15,4,100,1,2772.84,5165.42,0
16.4425,91,3,2000,894.723,0,0,0,1,1,32,0.15,4,100,1,2763.91,4850.61,0
16.451,108,6,2000,1954.68,0,0,0,1,0,0,0,4,100,1,2963.16,486.91,0
16.452,110,4,2000,1393.97,0,0,0,1,1,32,0.15,4,100,1,2770.69,5119.52,0
16.4525,111,3,2000,1083.02,0,0,0,1,1,32,0.15,4,100,1,2767.05,4864.57,0
16.453,112,3,2000,797.477,0,0,0,1,1,32,0.15,4,100,1,2776.34,4577.34,0
16.4615,129,6,2000,1914.85,0,0,0,1,0,0,0,4,100,1,2798.76,5735.91,0
16.462,130,4,2000,1414.92,0,0,0,1,1,32,0.15,4,100,1,2777.45,5349.72,0
16.4625,131,3,2000,1057.42,0,0,0,1,1,32,0.15,4,100,1,2768.33,5137.66,0
16.471,148,2,2000,458.527,0,0,0,1,0,0,0,4,100,1,2872.19,1841.27,0
16.4725,151,2,2000,455.42,0,0,0,1,0,0,0,4,100,1,2884.82,1626.74,0
16.474,154,5,2000,1877.02,0,0,0,1,1,32,0.15,4,100,1,2878.24,1777.14,0
16.4745,155,4,2000,1530.72,0,0,0,1,1,32,0.15,4,100,1,2862.62,2129.79,0
16.4755,157,5,2000,1662.49,0,0,0,1,1,96,0.2,4,100,1,2873.92,1874.73,0
16.476,158,5,2000,1710.09,0,0,0,1,1,96,0.2,4,100,1,2849.02,2459.93,0
16.4765,159,5,2000,1760.84,0,0,0,1,1,96,0.2,4,100,1,2847.27,2508.01,0
16.477,160,5,2000,1812.88,0,0,0,1,1,96,0.2,4,100,1,2845.51,2555.97,0
16.478,162,5,2000,1861.91,0,0,0,1,1,32,0.15,4,100,1,2841.26,2659.59,0
16.498,202,13,2767.85,4235.61,0,0,0,0,0,0,0,4,100,0,0,0,0
16.4985,203,14,2749,4678.28,0,0,0,0,0,0,0,4,100,0,0,0,0
16.499,204,15,2745.32,5058.65,0,0,0,0,0,0,0,4,100,0,0,0,0
16.4995,205,17,2767.87,5485.82,0,0,0,0,0,0,0,4,100,0,0,0,0
16.503,12,6,2000,2000,0,0,0,1,0,64,0.05,4,100,1,2837.82,6411.29,0
16.5035,13,5,2000,1734.02,0,0,0,1,1,96,0.2,4,100,1,2819.97,6068.48,0
16.504,14,4,2000,1348.34,0,0,0,1,1,32,0.15,4,100,1,2804.41,5781.02,0
16.5045,15,3,2000,1020.29,0,0,0,1,1,32,0.15,4,100,1,2782.05,5430.19,0
16.5055,17,3,2000,691.268,0,0,0,1,1,32,0.15,4,100,1,2770.21,4719.05,0
16.53,66,6,2000,2000,0,0,0,1,0,64,0.05,4,100,1,2910.71,1331.84,0
16.5305,67,6,2000,2000,0,0,0,1,0,64,0.05,4,100,1,2915.56,1207.85,0
16.531,68,5,2000,1862.28,0,0,0,1,1,96,0.2,4,100,1,2928.06,970.58,0
16.5315,69,5,2000,1836.88,0,0,0,1,1,96,0.2,4,100,1,2925.5,953.9,0
16.532,70,4,2000,1207.15,0,0,0,1,1,96,0.2,4,100,1,2927.36,906.6,0
16.533,72,4,2000,1367.32,0,0,0,1,1,96,0.2,4,100,1,2964,464.5,0
16.5325,71,4,2000,1325.59,0,0,0,1,1,96,0.2,4,100,1,2932.12,866.68,0
16.5335,73,4,2000,1243.32,0,0,0,1,1,96,0.2,4,100,1,2973.9,428.96,0
16.5345,75,3,2000,989.369,0,0,0,1,1,96,0.2,4,100,1,2837.29,6372.45,0
16.535,76,3,2000,942.067,0,0,0,1,1,96,0.2,4,100,1,2817.69,3622.1,0
16.5355,77,3,2000,902.144,0,0,0,1,1,96,0.2,4,100,1,2833.84,3298.01,0
16.534,74,3,2000,1006.05,0,0,0,1,1,96,0.2,4,100,1,2809.32,6719.35,0
16.5365,79,2,2000,464.419,0,0,0,1,0,64,0.05,4,100,1,2863.34,2677.93,0
16.536,78,2,2000,499.962,0,0,0,1,0,64,0.05,4,100,1,2846.58,3002.01,0
16.5405,87,6,2000,2000,0,0,0,1,0,64,0.05,4,100,1,2958.65,563.73,0
16.541,88,5,2000,1805.83,0,0,0,1,1,96,0.2,4,100,1,2803.59,5706.55,0
16.5415,89,4,2000,1534.33,0,0,0,1,1,46,0.5,4,100,1,2785.52,5434.82,0
16.542,90,4,2000,1188.93,0,0,0,1,1,32,0.15,4,100,1,2772.84,5165.42,0
16.5425,91,3,2000,894.26,0,0,0,1,1,32,0.15,4,100,1,2763.91,4850.61,0
16.551,108,6,2000,1954.21,0,0,0,1,0,0,0,4,100,1,2963.16,486.91,0
16.552,110,4,2000,1393.5,0,0,0,1,1,32,0.15,4,100,1,2770.69,5119.52,0
16.5525,111,3,2000,1082.55,0,0,0,1,1,32,0.15,4,100,1,2767.05,4864.57,0
16.553,112,3,2000,797.008,0,0,0,1,1,32,0.15,4,100,1,2776.34,4577.34,0
16.5615,129,6,2000,1914.38,0,0,0,1,0,0,0,4,100,1,2798.76,5735.91,0
16.562,130,4,2000,1414.44,0,0,0,1,1,32,0.15,4,100,1,2777.45,5349.72,0
16.5625,131,3,2000,1056.95,0,0,0,1,1,32,0.15,4,100,1,2768.33,5137.66,0
16.571,148,2,2000,458.048,0,0,0,1,0,0,0,4,100,1,2872.19,1841.27,0
16.5725,151,2,2000,454.94,0,0,0,1,0,0,0,4,100,1,2884.82,1626.74,0
16.574,154,5,2000,1876.54,0,0,0,1,1,32,0.15,4,100,1,2878.24,1777.14,0
16.5745,155,4,2000,1530.24,0,0,0,1,1,32,0.15,4,100,1,2862.62,2129.79,0
16.5755,157,5,2000,1662,0,0,0,1,1,96,0.2,4,100,1,2873.92,1874.73,0
16.576,158,5,2000,1709.61,0,0,0,1,1,96,0.2,4,100,1,2849.02,2459.93,0
16.5765,159,5,2000,1760.36,0,0,0,1,1,96,0.2,4,100,1,2847.27,2508.01,0
16.577,160,5,2000,1812.4,0,0,0,1,1,96,0.2,4,100,1,2845.51,2555.97,0
16.578,162,5,2000,1861.42,0,0,0,1,1,32,0.15,4,100,1,2841.26,2659.59,0
16.598,202,13,2767.85,4235.61,0,0,0,0,0,0,0,4,100,0,0,0,0
16.5985,203,14,2749,4678.28,0,0,0,0,0,0,0,4,100,0,0,0,0
16.599,204,15,2745.32,5058.65,0,0,0,0,0,0,0,4,100,0,0,0,0
16.5995,205,17,2767.87,5485.82,0,0,0,0,0,0,0,4,100,0,0,0,0
16.603,12,6,2000,2000,0,0,0,1,0,64,0.05,4,100,1,2837.82,6411.29,0
16.6035,13,5,2000,1733.52,0,0,0,1,1,96,0.2,4,100,1,2819.97,6068.48,0
16.604,14,4,2000,1347.85,0,0,0,1,1,32,0.15,4,100,1,2804.41,5781.02,0
16.6045,15,3,2000,1019.79,0,0,0,1,1,32,0.15,4,100,1,2782.05,5430.19,0
16.6055,17,3,2000,690.769,0,0,0,1,1,32,0.15,4,100,1,2770.21,4719.05,0
16.63,66,6,2000,2000,0,0,0,1,0,64,0.05,4,100,1,2910.71,1331.84,0
16.6305,67,6,2000,2000,0,0,0,1,0,64,0.05,4,100,1,2915.56,1207.85,0
16.631,68,5,2000,1861.76,0,0,0,1,1,96,0.2,4,100,1,2928.06,970.58,0
16.632,70,4,2000,1206.64,0,0,0,1,1,96,0.2,4,100,1,2927.36,906.6,0
16.6325,71,4,2000,1325.07,0,0,0,1,1,96,0.2,4,100,1,2932.12,866.68,0
16.6315,69,5,2000,1836.37,0,0,0,1,1,96,0.2,4,100,1,2925.5,953.9,0
16.633,72,4,2000,1366.8,0,0,0,1,1,96,0.2,4,100,1,2964,464.5,0
16.634,74,3,2000,1005.54,0,0,0,1,1,96,0.2,4,100,1,2809.32,6719.35,0
16.6335,73,4,2000,1242.81,0,0,0,1,1,96,0.2,4,100,1,2973.9,428.96,0
16.6345,75,3,2000,988.854,0,0,0,1,1,96,0.2,4,100,1,2837.29,6372.45,0
16.6355,77,3,2000,901.628,0,0,0,1,1,96,0.2,4,100,1,2833.84,3298.01,0
16.636,78,2,2000,499.446,0,0,0,1,0,64,0.05,4,100,1,2846.58,3002.01,0
16.6365,79,2,2000,463.903,0,0,0,1,0,64,0.05,4,100,1,2863.34,2677.93,0
16.635,76,3,2000,941.551,0,0,0,1,1,96,0.2,4,100,1,2817.69,3622.1,0
16.6405,87,6,2000,2000,0,0,0,1,0,64,0.05,4,100,1,2958.65,563.73,0
16.641,88,5,2000,1805.31,0,0,0,1,1,96,0.2,4,100,1,2803.59,5706.55,0
16.6415,89,4,2000,1533.82,0,0,0,1,1,32,0.15,4,100,1,2785.52,5434.82,0
16.642,90,4,2000,1188.41,0,0,0,1,1,32,0.15,4,100,1,2772.84,5165.42,0
16.6425,91,3,2000,893.74,0,0,0,1,1,32,0.15,4,100,1,2763.91,4850.61,0
16.651,108,6,2000,1953.68,0,0,0,1,0,0,0,4,100,1,2963.16,486.91,0
16.652,110,4,2000,1392.98,0,0,0,1,1,32,0.15,4,100,1,2770.69,5119.52,0
16.6525,111,3,2000,1082.03,0,0,0,1,1,32,0.15,4,100,1,2767.05,4864.57,0
16.653,112,3,2000,796.482,0,0,0,1,1,32,0.15,4,100,1,2776.34,4577.34,0
16.6615,129,6,2000,1913.85,0,0,0,1,0,0,0,4,100,1,2798.76,5735.91,0
16.662,130,4,2000,1413.91,0,0,0,1,1,32,0.15,4,100,1,2777.45,5349.72,0
16.6625,131,3,2000,1056.42,0,0,0,1,1,32,0.15,4,100,1,2768.33,5137.66,0
16.671,148,2,2000,457.512,0,0,0,1,0,0,0,4,100,1,2872.19,1841.27,0
16.6725,151,2,2000,454.403,0,0,0,1,0,0,0,4,100,1,2884.82,1626.74,0
16.674,154,5,2000,1876,0,0,0,1,1,32,0.15,4,100,1,2878.24,1777.14,0
16.6745,155,4,2000,1529.7,0,0,0,1,1,32,0.15,4,100,1,2862.62,2129.79,0
16.6755,157,5,2000,1661.47,0,0,0,1,1,96,0.2,4,100,1,2873.92,1874.73,0
16.676,158,5,2000,1709.07,0,0,0,1,1,96,0.2,4,100,1,2849.02,2459.93,0
16.6765,159,5,2000,1759.82,0,0,0,1,1,96,0.2,4,100,1,2847.27,2508.01,0
16.677,160,5,2000,1811.86,0,0,0,1,1,96,0.2,4,100,1,2845.51,2555.97,0
16.678,162,5,2000,1860.88,0,0,0,1,1,32,0.15,4,100,1,2841.26,2659.59,0
16.698,202,13,2767.85,4235.61,0,0,0,0,0,0,0,4,100,0,0,0,0
16.6985,203,14,2749,4678.28,0,0,0,0,0,0,0,4,100,0,0,0,0
16.699,204,15,2745.32,5058.65,0,0,0,0,0,0,0,4,100,0,0,0,0
16.6995,205,17,2767.87,5485.82,0,0,0,0,0,0,0,4,100,0,0,0,0
16.703,12,6,2000,2000,0,0,0,1,0,64,0.05,4,100,1,2837.82,6411.29,0
16.7035,13,5,2000,1732.97,0,0,0,1,1,96,0.2,4,100,1,2819.97,6068.48,0
16.704,14,4,2000,1347.29,0,0,0,1,1,32,0.15,4,100,1,2804.41,5781.02,0
16.7045,15,3,2000,1019.24,0,0,0,1,1,32,0.15,4,100,1,2782.05,5430.19,0
16.7055,17,3,2000,690.214,0,0,0,1,1,32,0.15,4,100,1,2770.21,4719.05,0
16.73,66,6,2000,2000,0,0,0,1,0,64,0.05,4,100,1,2910.71,1331.84,0
16.7305,67,6,2000,2000,0,0,0,1,0,64,0.05,4,100,1,2915.56,1207.85,0
16.731,68,5,2000,1861.19,0,0,0,1,1,96,0.2,4,100,1,2928.06,970.58,0
16.732,70,4,2000,1206.07,0,0,0,1,1,96,0.2,4,100,1,2927.36,906.6,0
16.7325,71,4,2000,1324.5,0,0,0,1,1,96,0.2,4,100,1,2932.12,866.68,0
16.733,72,4,2000,1366.23,0,0,0,1,1,96,0.2,4,100,1,2964,464.5,0
16.734,74,3,2000,1004.97,0,0,0,1,1,96,0.2,4,100,1,2809.32,6719.35,0
16.7345,75,3,2000,988.283,0,0,0,1,1,96,0.2,4,100,1,2837.29,6372.45,0
16.7335,73,4,2000,1242.24,0,0,0,1,1,96,0.2,4,100,1,2973.9,428.96,0
16.7355,77,3,2000,901.057,0,0,0,1,1,96,0.2,4,100,1,2833.84,3298.01,0
16.736,78,2,2000,498.874,0,0,0,1,0,64,0.05,4,100,1,2846.58,3002.01,0
16.7365,79,2,2000,463.331,0,0,0,1,0,64,0.05,4,100,1,2863.34,2677.93,0
16.7315,69,5,2000,1835.8,0,0,0,1,1,96,0.2,4,100,1,2925.5,953.9,0
16.735,76,3,2000,940.98,0,0,0,1,1,96,0.2,4,100,1,2817.69,3622.1,0
16.7405,87,6,2000,2000,0,0,0,1,0,64,0.05,4,100,1,2958.65,563.73,0
16.741,88,5,2000,1804.73,0,0,0,1,1,96,0.2,4,100,1,2803.59,5706.55,0
16.7415,89,4,2000,1533.24,0,0,0,1,1,32,0.15,4,100,1,2785.52,5434.82,0
16.742,90,4,2000,1187.84,0,0,0,1,1,32,0.15,4,100,1,2772.84,5165.42,0
16.7425,91,3,2000,893.165,0,0,0,1,1,32,0.15,4,100,1,2763.91,4850.61,0
16.751,108,6,2000,1953.1,0,0,0,1,0,0,0,4,100,1,2963.16,486.91,0
16.752,110,4,2000,1392.4,0,0,0,1,1,32,0.15,4,100,1,2770.69,5119.52,0
16.7525,111,3,2000,1081.44,0,0,0,1,1,32,0.15,4,100,1,2767.05,4864.57,0
16.753,112,3,2000,795.901,0,0,0,1,1,32,0.15,4,100,1,2776.34,4577.34,0
16.762,130,4,2000,1413.33,0,0,0,1,1,32,0.15,4,100,1,2777.45,5349.72,0
16.7625,131,3,2000,1055.83,0,0,0,1,1,32,0.15,4,100,1,2768.33,5137.66,0
16.771,148,2,2000,456.921,0,0,0,1,0,0,0,4,100,1,2872.19,1841.27,0
16.7725,151,2,2000,453.811,0,0,0,1,0,0,0,4,100,1,2884.82,1626.74,0
16.774,154,5,2000,1875.41,0,0,0,1,1,32,0.15,4,100,1,2878.24,1777.14,0
16.7745,155,4,2000,1529.11,0,0,0,1,1,32,0.15,4,100,1,2862.62,2129.79,0
16.7755,157,5,2000,1660.87,0,0,0,1,1,96,0.2,4,100,1,2873.92,1874.73,0
16.776,158,5,2000,1708.48,0,0,0,1,1,96,0.2,4,100,1,2849.02,2459.93,0
16.7765,159,5,2000,1759.23,0,0,0,1,1,96,0.2,4,100,1,2847.27,2508.01,0
16.777,160,5,2000,1811.26,0,0,0,1,1,96,0.2,4,100,1,2845.51,2555.97,0
16.778,162,5,2000,1860.29,0,0,0,1,1,32,0.15,4,100,1,2841.26,2659.59,0
16.798,202,13,2767.85,4235.61,0,0,0,0,0,0,0,4,100,0,0,0,0
16.7985,203,14,2749,4678.28,0,0,0,0,0,0,0,4,100,0,0,0,0
16.799,204,15,2745.32,5058.65,0,0,0,0,0,0,0,4,100,0,0,0,0
16.7995,205,17,2767.87,5485.82,0,0,0,0,0,0,0,4,100,0,0,0,0
16.803,12,6,2000,2000,0,0,0,1,0,64,0.05,4,100,1,2837.82,6411.29,0
16.8035,13,5,2000,1732.36,0,0,0,1,1,96,0.2,4,100,1,2819.97,6068.48,0
16.804,14,4,2000,1346.68,0,0,0,1,1,32,0.15,4,100,1,2804.41,5781.02,0
16.8045,15,3,2000,1018.63,0,0,0,1,1,32,0.15,4,100,1,2782.05,5430.19,0
16.8055,17,3,2000,689.604,0,0,0,1,1,32,0.15,4,100,1,2770.21,4719.05,0
16.83,66,6,2000,2000,0,0,0,1,0,64,0.05,4,100,1,2910.71,1331.84,0
16.8305,67,6,2000,2000,0,0,0,1,0,64,0.05,4,100,1,2915.56,1207.85,0
16.831,68,5,2000,1860.57,0,0,0,1,1,96,0.2,4,100,1,2928.06,970.58,0
16.8315,69,5,2000,1835.18,0,0,0,1,1,96,0.2,4,100,1,2925.5,953.9,0
16.8325,71,4,2000,1323.88,0,0,0,1,1,96,0.2,4,100,1,2932.12,866.68,0
16.833,72,4,2000,1365.61,0,0,0,1,1,96,0.2,4,100,1,2964,464.5,0
16.832,70,4,2000,1205.44,0,0,0,1,1,96,0.2,4,100,1,2927.36,906.6,0
16.8335,73,4,2000,1241.61,0,0,0,1,1,96,0.2,4,100,1,2973.9,428.96,0
16.834,74,3,2000,1004.34,0,0,0,1,1,96,0.2,4,100,1,2809.32,6719.35,0
16.835,76,3,2000,940.353,0,0,0,1,1,96,0.2,4,100,1,2817.69,3622.1,0
16.8355,77,3,2000,900.43,0,0,0,1,1,96,0.2,4,100,1,2833.84,3298.01,0
16.8365,79,2,2000,462.704,0,0,0,1,0,64,0.05,4,100,1,2863.34,2677.93,0
16.836,78,2,2000,498.247,0,0,0,1,0,64,0.05,4,100,1,2846.58,3002.01,0
16.8345,75,3,2000,987.657,0,0,0,1,1,96,0.2,4,100,1,2837.29,6372.45,0
16.8405,87,6,2000,2000,0,0,0,1,0,64,0.05,4,100,1,2958.65,563.73,0
16.841,88,5,2000,1804.1,0,0,0,1,1,96,0.2,4,100,1,2803.59,5706.55,0
16.8415,89,4,2000,1532.61,0,0,0,1,1,32,0.15,4,100,1,2785.52,5434.82,0
16.842,90,4,2000,1187.21,0,0,0,1,1,32,0.15,4,100,1,2772.84,5165.42,0
16.8425,91,3,2000,892.534,0,0,0,1,1,32,0.15,4,100,1,2763.91,4850.61,0
16.851,108,6,2000,1952.47,0,0,0,1,0,0,0,4,100,1,2963.16,486.91,0
16.852,110,4,2000,1391.76,0,0,0,1,1,32,0.15,4,100,1,2770.69,5119.52,0
16.8525,111,3,2000,1080.81,0,0,0,1,1,32,0.15,4,100,1,2767.05,4864.57,0
16.853,112,3,2000,795.265,0,0,0,1,1,32,0.15,4,100,1,2776.34,4577.34,0
16.862,130,4,2000,1412.69,0,0,0,1,1,32,0.15,4,100,1,2777.45,5349.72,0
16.8625,131,3,2000,1055.19,0,0,0,1,1,32,0.15,4,100,1,2768.33,5137.66,0
16.871,148,2,2000,456.275,0,0,0,1,0,0,0,4,100,1,2872.19,1841.27,0
16.8725,151,2,2000,453.165,0,0,0,1,0,0,0,4,100,1,2884.82,1626.74,0
16.874,154,5,2000,1874.76,0,0,0,1,1,32,0.15,4,100,1,2878.24,1777.14,0
16.8745,155,4,2000,1528.46,0,0,0,1,1,32,0.15,4,100,1,2862.62,2129.79,0
16.876,158,5,2000,1707.83,0,0,0,1,1,96,0.2,4,100,1,2849.02,2459.93,0
16.8765,159,5,2000,1758.58,0,0,0,1,1,96,0.2,4,100,1,2847.27,2508.01,0
16.8755,157,5,2000,1660.22,0,0,0,1,1,96,0.2,4,100,1,2873.92,1874.73,0
16.878,162,5,2000,1859.64,0,0,0,1,1,32,0.15,4,100,1,2841.26,2659.59,0
16.877,160,5,2000,1810.61,0,0,0,1,1,96,0.2,4,100,1,2845.51,2555.97,0
16.898,202,13,2767.85,4235.61,0,0,0,0,0,0,0,4,100,0,0,0,0
16.8985,203,14,2749,4678.28,0,0,0,0,0,0,0,4,100,0,0,0,0
16.899,204,15,2745.32,5058.65,0,0,0,0,0,0,0,4,100,0,0,0,0
16.8995,205,17,2767.87,5485.82,0,0,0,0,0,0,0,4,100,0,0,0,0
16.903,12,6,2000,2000,0,0,0,1,0,64,0.05,4,100,1,2837.82,6411.29,0
16.9035,13,5,2000,1731.69,0,0,0,1,1,96,0.2,4,100,1,2819.97,6068.48,0
16.904,14,4,2000,1346.02,0,0,0,1,1,32,0.15,4,100,1,2804.41,5781.02,0
16.9045,15,3,2000,1017.97,0,0,0,1,1,32,0.15,4,100,1,2782.05,5430.19,0
16.9055,17,3,2000,688.939,0,0,0,1,1,32,0.15,4,100,1,2770.21,4719.05,0
16.93,66,6,2000,2000,0,0,0,1,0,64,0.05,4,100,1,2910.71,1331.84,0
16.9305,67,6,2000,2000,0,0,0,1,0,64,0.05,4,100,1,2915.56,1207.85,0
16.931,68,5,2000,1859.89,0,0,0,1,1,96,0.2,4,100,1,2928.06,970.58,0
16.9315,69,5,2000,1834.5,0,0,0,1,1,96,0.2,4,100,1,2925.5,953.9,0
16.9325,71,4,2000,1323.2,0,0,0,1,1,96,0.2,4,100,1,2932.12,866.68,0
16.933,72,4,2000,1364.93,0,0,0,1,1,96,0.2,4,100,1,2964,464.5,0
16.932,70,4,2000,1204.76,0,0,0,1,1,96,0.2,4,100,1,2927.36,906.6,0
16.9335,73,4,2000,1240.93,0,0,0,1,1,96,0.2,4,100,1,2973.9,428.96,0
16.9345,75,3,2000,986.977,0,0,0,1,1,96,0.2,4,100,1,2837.29,6372.45,0
16.935,76,3,2000,939.673,0,0,0,1,1,96,0.2,4,100,1,2817.69,3622.1,0
16.9355,77,3,2000,899.75,0,0,0,1,1,96,0.2,4,100,1,2833.84,3298.01,0
16.936,78,2,2000,497.566,0,0,0,1,0,64,0.05,4,100,1,2846.58,3002.01,0
16.934,74,3,2000,1003.66,0,0,0,1,1,96,0.2,4,100,1,2809.32,6719.35,0
16.9365,79,2,2000,462.022,0,0,0,1,0,64,0.05,4,100,1,2863.34,2677.93,0
16.9405,87,6,2000,2000,0,0,0,1,0,64,0.05,4,100,1,2958.65,563.73,0
16.941,88,5,2000,1803.42,0,0,0,1,1,96,0.2,4,100,1,2803.59,5706.55,0
16.9415,89,4,2000,1531.93,0,0,0,1,1,32,0.15,4,100,1,2785.52,5434.82,0
16.942,90,4,2000,1186.52,0,0,0,1,1,32,0.15,4,100,1,2772.84,5165.42,0
16.9425,91,3,2000,891.85,0,0,0,1,1,32,0.15,4,100,1,2763.91,4850.61,0
16.951,108,6,2000,1951.78,0,0,0,1,0,0,0,4,100,1,2963.16,486.91,0
16.952,110,4,2000,1391.07,0,0,0,1,1,32,0.15,4,100,1,2770.69,5119.52,0
16.9525,111,3,2000,1080.12,0,0,0,1,1,32,0.15,4,100,1,2767.05,4864.57,0
16.953,112,3,2000,794.575,0,0,0,1,1,32,0.15,4,100,1,2776.34,4577.34,0
16.962,130,4,2000,1411.99,0,0,0,1,1,32,0.15,4,100,1,2777.45,5349.72,0
16.9625,131,3,2000,1054.5,0,0,0,1,1,32,0.15,4,100,1,2768.33,5137.66,0
16.971,148,2,2000,455.575,0,0,0,1,0,0,0,4,100,1,2872.19,1841.27,0
16.9725,151,2,2000,452.464,0,0,0,1,0,0,0,4,100,1,2884.82,1626.74,0
16.974,154,5,2000,1874.06,0,0,0,1,1,32,0.15,4,100,1,2878.24,1777.14,0
16.9745,155,4,2000,1527.76,0,0,0,1,1,32,0.15,4,100,1,2862.62,2129.79,0
16.976,158,5,2000,1707.13,0,0,0,1,1,96,0.2,4,100,1,2849.02,2459.93,0
16.9765,159,5,2000,1757.88,0,0,0,1,1,96,0.2,4,100,1,2847.27,2508.01,0
16.9755,157,5,2000,1659.52,0,0,0,1,1,96,0.2,4,100,1,2873.92,1874.73,0
16.978,162,5,2000,1858.93,0,0,0,1,1,32,0.15,4,100,1,2841.26,2659.59,0
16.977,160,5,2000,1809.91,0,0,0,1,1,96,0.2,4,100,1,2845.51,2555.97,0
16.998,202,13,2767.85,4235.61,0,0,0,0,0,0,0,4,100,0,0,0,0
16.9985,203,14,2749,4678.28,0,0,0,0,0,0,0,4,100,0,0,0,0
16.999,204,15,2745.32,5058.65,0,0,0,0,0,0,0,4,100,0,0,0,0
16.9995,205,17,2767.87,5485.82,0,0,0,0,0,0,0,4,100,0,0,0,0
17.003,12,6,2000,2000,0,0,0,1,0,64,0.05,4,100,1,2837.82,6411.29,0
17.0035,13,5,2000,1730.98,0,0,0,1,1,96,0.2,4,100,1,2819.97,6068.48,0
17.004,14,4,2000,1345.3,0,0,0,1,1,32,0.15,4,100,1,2804.41,5781.02,0
17.0045,15,3,2000,1017.25,0,0,0,1,1,32,0.15,4,100,1,2782.05,5430.19,0
17.0055,17,3,2000,688.222,0,0,0,1,1,32,0.15,4,100,1,2770.21,4719.05,0
17.03,66,6,2000,2000,0,0,0,1,0,64,0.05,4,100,1,2910.71,1331.84,0
17.0305,67,6,2000,2000,0,0,0,1,0,64,0.05,4,100,1,2915.56,1207.85,0
17.031,68,5,2000,1859.16,0,0,0,1,1,96,0.2,4,100,1,2928.06,970.58,0
17.0315,69,5,2000,1833.77,0,0,0,1,1,96,0.2,4,100,1,2925.5,953.9,0
17.032,70,4,2000,1204.03,0,0,0,1,1,96,0.2,4,100,1,2927.36,906.6,0
17.0325,71,4,2000,1322.47,0,0,0,1,1,96,0.2,4,100,1,2932.12,866.68,0
17.034,74,3,2000,1002.93,0,0,0,1,1,96,0.2,4,100,1,2809.32,6719.35,0
17.0345,75,3,2000,986.244,0,0,0,1,1,96,0.2,4,100,1,2837.29,6372.45,0
17.033,72,4,2000,1364.19,0,0,0,1,1,96,0.2,4,100,1,2964,464.5,0
17.035,76,3,2000,938.94,0,0,0,1,1,96,0.2,4,100,1,2817.69,3622.1,0
17.0355,77,3,2000,899.016,0,0,0,1,1,96,0.2,4,100,1,2833.84,3298.01,0
17.0335,73,4,2000,1240.2,0,0,0,1,1,96,0.2,4,100,1,2973.9,428.96,0
17.036,78,2,2000,496.832,0,0,0,1,0,64,0.05,4,100,1,2846.58,3002.01,0
17.0365,79,2,2000,461.288,0,0,0,1,0,64,0.05,4,100,1,2863.34,2677.93,0
17.0405,87,6,2000,2000,0,0,0,1,0,64,0.05,4,100,1,2958.65,563.73,0
17.041,88,5,2000,1802.68,0,0,0,1,1,96,0.2,4,100,1,2803.59,5706.55,0
17.0415,89,4,2000,1531.19,0,0,0,1,1,32,0.15,4,100,1,2785.52,5434.82,0
17.042,90,4,2000,1185.79,0,0,0,1,1,32,0.15,4,100,1,2772.84,5165.42,0
17.0425,91,3,2000,891.113,0,0,0,1,1,32,0.15,4,100,1,2763.91,4850.61,0
17.051,108,6,2000,1951.04,0,0,0,1,0,0,0,4,100,1,2963.16,486.91,0
17.052,110,4,2000,1390.33,0,0,0,1,1,32,0.15,4,100,1,2770.69,5119.52,0
17.0525,111,3,2000,1079.38,0,0,0,1,1,32,0.15,4,100,1,2767.05,4864.57,0
17.053,112,3,2000,793.832,0,0,0,1,0,0,0,4,100,1,2776.34,4577.34,0
17.062,130,4,2000,1411.24,0,0,0,1,1,32,0.15,4,100,1,2777.45,5349.72,0
17.0625,131,3,2000,1053.75,0,0,0,1,0,0,0,4,100,1,2768.33,5137.66,0
17.071,148,2,2000,454.823,0,0,0,1,0,0,0,4,100,1,2872.19,1841.27,0
17.0725,151,2,2000,451.711,0,0,0,1,0,0,0,4,100,1,2884.82,1626.74,0
17.074,154,5,2000,1873.31,0,0,0,1,1,32,0.15,4,100,1,2878.24,1777.14,0
17.0745,155,4,2000,1527.01,0,0,0,1,1,32,0.15,4,100,1,2862.62,2129.79,0
17.0755,157,5,2000,1658.77,0,0,0,1,1,96,0.2,4,100,1,2873.92,1874.73,0
17.076,158,5,2000,1706.37,0,0,0,1,0,64,0.05,4,100,1,2849.02,2459.93,0
17.0765,159,5,2000,1757.12,0,0,0,1,0,64,0.05,4,100,1,2847.27,2508.01,0
17.077,160,5,2000,1809.16,0,0,0,1,0,64,0.05,4,100,1,2845.51,2555.97,0
17.078,162,5,2000,1858.18,0,0,0,1,0,0,0,4,100,1,2841.26,2659.59,0
17.098,202,13,2767.85,4235.61,0,0,0,0,0,0,0,4,100,0,0,0,0
17.0985,203,14,2749,4678.28,0,0,0,0,0,0,0,4,100,0,0,0,0
17.099,204,15,2745.32,5058.65,0,0,0,0,0,0,0,4,100,0,0,0,0
17.0995,205,17,2767.87,5485.82,0,0,0,0,0,0,0,4,100,0,0,0,0
17.103,12,6,2000,2000,0,0,0,1,0,64,0.05,4,100,1,2837.82,6411.29,0
17.1035,13,5,2000,1730.21,0,0,0,1,0,64,0.05,4,100,1,2819.97,6068.48,0
17.104,14,4,2000,1344.53,0,0,0,1,1,32,0.15,4,100,1,2804.41,5781.02,0
17.1045,15,3,2000,1016.48,0,0,0,1,0,0,0,4,100,1,2782.05,5430.19,0
17.1055,17,3,2000,687.452,0,0,0,1,0,0,0,4,100,1,2770.21,4719.05,0
17.13,66,6,2000,2000,0,0,0,1,0,64,0.05,4,100,1,2910.71,1331.84,0
17.1305,67,6,2000,2000,0,0,0,1,0,64,0.05,4,100,1,2915.56,1207.85,0
17.131,68,5,2000,1858.38,0,0,0,1,0,64,0.05,4,100,1,2928.06,970.58,0
17.1315,69,5,2000,1832.98,0,0,0,1,0,64,0.05,4,100,1,2925.5,953.9,0
17.132,70,4,2000,1203.25,0,0,0,1,0,64,0.05,4,100,1,2927.36,906.6,0
17.1325,71,4,2000,1321.69,0,0,0,1,0,64,0.05,4,100,1,2932.12,866.68,0
17.1335,73,4,2000,1239.42,0,0,0,1,0,64,0.05,4,100,1,2973.9,428.96,0
17.134,74,3,2000,1002.14,0,0,0,1,0,64,0.05,4,100,1,2809.32,6719.35,0
17.133,72,4,2000,1363.41,0,0,0,1,0,64,0.05,4,100,1,2964,464.5,0
17.1345,75,3,2000,985.459,0,0,0,1,0,64,0.05,4,100,1,2837.29,6372.45,0
17.135,76,3,2000,938.155,0,0,0,1,0,64,0.05,4,100,1,2817.69,3622.1,0
17.1355,77,3,2000,898.231,0,0,0,1,0,64,0.05,4,100,1,2833.84,3298.01,0
17.1365,79,2,2000,460.503,0,0,0,1,0,64,0.05,4,100,1,2863.34,2677.93,0
17.136,78,2,2000,496.047,0,0,0,1,0,64,0.05,4,100,1,2846.58,3002.01,0
17.1405,87,6,2000,2000,0,0,0,1,0,64,0.05,4,100,1,2958.65,563.73,0
17.141,88,5,2000,1801.9,0,0,0,1,0,64,0.05,4,100,1,2803.59,5706.55,0
17.1415,89,4,2000,1530.4,0,0,0,1,0,0,0,4,100,1,2785.52,5434.82,0
17.142,90,4,2000,1185,0,0,0,1,0,0,0,4,100,1,2772.84,5165.42,0
17.1425,91,3,2000,890.324,0,0,0,1,1,32,0.15,4,100,1,2763.91,4850.61,0
17.151,108,6,2000,1950.24,0,0,0,1,0,0,0,4,100,1,2963.16,486.91,0
17.152,110,4,2000,1389.54,0,0,0,1,0,0,0,4,100,1,2770.69,5119.52,0
17.1525,111,3,2000,1078.58,0,0,0,1,1,32,0.15,4,100,1,2767.05,4864.57,0
17.153,112,3,2000,793.038,0,0,0,1,1,32,0.15,4,100,1,2776.34,4577.34,0
17.162,130,4,2000,1410.44,0,0,0,1,0,0,0,4,100,1,2777.45,5349.72,0
17.1625,131,3,2000,1052.95,0,0,0,1,1,32,0.15,4,100,1,2768.33,5137.66,0
17.171,148,2,2000,454.02,0,0,0,1,0,0,0,4,100,1,2872.19,1841.27,0
17.1725,151,2,2000,450.907,0,0,0,1,0,0,0,4,100,1,2884.82,1626.74,0
17.174,154,5,2000,1872.5,0,0,0,1,1,32,0.15,4,100,1,2878.24,1777.14,0
17.1745,155,4,2000,1526.2,0,0,0,1,1,32,0.15,4,100,1,2862.62,2129.79,0
17.1755,157,5,2000,1657.96,0,0,0,1,1,96,0.2,4,100,1,2873.92,1874.73,0
17.176,158,5,2000,1705.57,0,0,0,1,1,96,0.2,4,100,1,2849.02,2459.93,0
17.1765,159,5,2000,1756.31,0,0,0,1,1,96,0.2,4,100,1,2847.27,2508.01,0
17.177,160,5,2000,1808.35,0,0,0,1,1,96,0.2,4,100,1,2845.51,2555.97,0
17.178,162,5,2000,1857.37,0,0,0,1,1,32,0.15,4,100,1,2841.26,2659.59,0
17.198,202,13,2767.85,4235.61,0,0,0,0,0,0,0,4,100,0,0,0,0
17.1985,203,14,2749,4678.28,0,0,0,0,0,0,0,4,100,0,0,0,0
17.199,204,15,2745.32,5058.65,0,0,0,0,0,0,0,4,100,0,0,0,0
17.1995,205,17,2767.87,5485.82,0,0,0,0,0,0,0,4,100,0,0,0,0
17.203,12,6,2000,2000,0,0,0,1,0,64,0.05,4,100,1,2837.82,6411.29,0
17.2035,13,5,2000,1729.39,0,0,0,1,1,32,0.15,4,100,1,2819.97,6068.48,0
17.204,14,4,2000,1343.71,0,0,0,1,1,32,0.15,4,100,1,2804.41,5781.02,0
17.2045,15,3,2000,1015.66,0,0,0,1,1,32,0.15,4,100,1,2782.05,5430.19,0
17.2055,17,3,2000,686.631,0,0,0,1,1,32,0.15,4,100,1,2770.21,4719.05,0
17.23,66,6,2000,2000,0,0,0,1,0,64,0.05,4,100,1,2910.71,1331.84,0
17.2305,67,6,2000,2000,0,0,0,1,0,64,0.05,4,100,1,2915.56,1207.85,0
17.231,68,5,2000,1857.54,0,0,0,1,1,96,0.2,4,100,1,2928.06,970.58,0
17.2315,69,5,2000,1832.15,0,0,0,1,1,96,0.2,4,100,1,2925.5,953.9,0
17.232,70,4,2000,1202.42,0,0,0,1,1,96,0.2,4,100,1,2927.36,906.6,0
17.2335,73,4,2000,1238.58,0,0,0,1,1,96,0.2,4,100,1,2973.9,428.96,0
17.234,74,3,2000,1001.31,0,0,0,1,1,96,0.2,4,100,1,2809.32,6719.35,0
17.233,72,4,2000,1362.58,0,0,0,1,1,96,0.2,4,100,1,2964,464.5,0
17.235,76,3,2000,937.319,0,0,0,1,1,96,0.2,4,100,1,2817.69,3622.1,0
17.2325,71,4,2000,1320.85,0,0,0,1,1,96,0.2,4,100,1,2932.12,866.68,0
17.2365,79,2,2000,459.666,0,0,0,1,0,64,0.05,4,100,1,2863.34,2677.93,0
17.236,78,2,2000,495.211,0,0,0,1,0,64,0.05,4,100,1,2846.58,3002.01,0
17.2345,75,3,2000,984.624,0,0,0,1,1,96,0.2,4,100,1,2837.29,6372.45,0
17.2355,77,3,2000,897.395,0,0,0,1,1,96,0.2,4,100,1,2833.84,3298.01,0
17.2405,87,6,2000,2000,0,0,0,1,0,64,0.05,4,100,1,2958.65,563.73,0
17.241,88,5,2000,1801.06,0,0,0,1,1,96,0.2,4,100,1,2803.59,5706.55,0
17.2415,89,4,2000,1529.56,0,0,0,1,1,32,0.15,4,100,1,2785.52,5434.82,0
17.242,90,4,2000,1184.16,0,0,0,1,1,32,0.15,4,100,1,2772.84,5165.42,0
17.2425,91,3,2000,889.485,0,0,0,1,1,32,0.15,4,100,1,2763.91,4850.61,0
17.251,108,6,2000,1949.4,0,0,0,1,0,0,0,4,100,1,2963.16,486.91,0
17.252,110,4,2000,1388.69,0,0,0,1,1,32,0.15,4,100,1,2770.69,5119.52,0
17.2525,111,3,2000,1077.74,0,0,0,1,1,32,0.15,4,100,1,2767.05,4864.57,0
17.253,112,3,2000,792.194,0,0,0,1,1,32,0.15,4,100,1,2776.34,4577.34,0
17.262,130,4,2000,1409.6,0,0,0,1,1,32,0.15,4,100,1,2777.45,5349.72,0
17.2625,131,3,2000,1052.1,0,0,0,1,1,32,0.15,4,100,1,2768.33,5137.66,0
17.271,148,2,2000,453.166,0,0,0,1,0,0,0,4,100,1,2872.19,1841.27,0
17.2725,151,2,2000,450.053,0,0,0,1,0,0,0,4,100,1,2884.82,1626.74,0
17.274,154,5,2000,1871.65,0,0,0,1,1,32,0.15,4,100,1,2878.24,1777.14,0
17.2745,155,4,2000,1525.35,0,0,0,1,1,32,0.15,4,100,1,2862.62,2129.79,0
17.2755,157,5,2000,1657.11,0,0,0,1,1,96,0.2,4,100,1,2873.92,1874.73,0
17.276,158,5,2000,1704.71,0,0,0,1,1,96,0.2,4,100,1,2849.02,2459.93,0
17.2765,159,5,2000,1755.46,0,0,0,1,1,96,0.2,4,100,1,2847.27,2508.01,0
17.277,160,5,2000,1807.49,0,0,0,1,1,96,0.2,4,100,1,2845.51,2555.97,0
17.278,162,5,2000,1856.51,0,0,0,1,1,32,0.15,4,100,1,2841.26,2659.59,0
17.298,202,13,2767.85,4235.61,0,0,0,0,0,0,0,4,100,0,0,0,0
17.2985,203,14,2749,4678.28,0,0,0,0,0,0,0,4,100,0,0,0,0
17.299,204,15,2745.32,5058.65,0,0,0,0,0,0,0,4,100,0,0,0,0
17.2995,205,17,2767.87,5485.82,0,0,0,0,0,0,0,4,100,0,0,0,0
17.303,12,6,2000,2000,0,0,0,1,0,0,0,4,100,1,2837.82,6411.29,0
17.3035,13,5,2000,1728.52,0,0,0,1,1,32,0.15,4,100,1,2819.97,6068.48,0
17.304,14,4,2000,1342.84,0,0,0,1,1,32,0.15,4,100,1,2804.41,5781.02,0
17.3045,15,3,2000,1014.79,0,0,0,1,1,32,0.15,4,100,1,2782.05,5430.19,0
17.3055,17,3,2000,685.761,0,0,0,1,1,32,0.15,4,100,1,2770.21,4719.05,0
17.33,66,6,2000,2000,0,0,0,1,0,64,0.05,4,100,1,2910.71,1331.84,0
17.3305,67,6,2000,2000,0,0,0,1,0,64,0.05,4,100,1,2915.56,1207.85,0
17.331,68,5,2000,1856.66,0,0,0,1,1,96,0.2,4,100,1,2928.06,970.58,0
17.3315,69,5,2000,1831.27,0,0,0,1,1,96,0.2,4,100,1,2925.5,953.9,0
17.3325,71,4,2000,1319.97,0,0,0,1,1,96,0.2,4,100,1,2932.12,866.68,0
17.333,72,4,2000,1361.69,0,0,0,1,1,96,0.2,4,100,1,2964,464.5,0
17.332,70,4,2000,1201.53,0,0,0,1,1,96,0.2,4,100,1,2927.36,906.6,0
17.3345,75,3,2000,983.739,0,0,0,1,1,96,0.2,4,100,1,2837.29,6372.45,0
17.3335,73,4,2000,1237.7,0,0,0,1,1,96,0.2,4,100,1,2973.9,428.96,0
17.335,76,3,2000,936.435,0,0,0,1,1,96,0.2,4,100,1,2817.69,3622.1,0
17.336,78,2,2000,494.326,0,0,0,1,0,64,0.05,4,100,1,2846.58,3002.01,0
17.3365,79,2,2000,458.781,0,0,0,1,0,64,0.05,4,100,1,2863.34,2677.93,0
17.3355,77,3,2000,896.51,0,0,0,1,1,96,0.2,4,100,1,2833.84,3298.01,0
17.334,74,3,2000,1000.42,0,0,0,1,1,96,0.2,4,100,1,2809.32,6719.35,0
17.3405,87,6,2000,2000,0,0,0,1,0,64,0.05,4,100,1,2958.65,563.73,0
17.341,88,5,2000,1800.17,0,0,0,1,1,96,0.2,4,100,1,2803.59,5706.55,0
17.3415,89,4,2000,1528.68,0,0,0,1,1,32,0.15,4,100,1,2785.52,5434.82,0
17.342,90,4,2000,1183.27,0,0,0,1,1,32,0.15,4,100,1,2772.84,5165.42,0
17.3425,91,3,2000,888.596,0,0,0,1,1,32,0.15,4,100,1,2763.91,4850.61,0
17.351,108,6,2000,1948.51,0,0,0,1,0,0,0,4,100,1,2963.16,486.91,0
17.352,110,4,2000,1387.8,0,0,0,1,1,32,0.15,4,100,1,2770.69,5119.52,0
17.3525,111,3,2000,1076.84,0,0,0,1,1,32,0.15,4,100,1,2767.05,4864.57,0
17.353,112,3,2000,791.3,0,0,0,1,1,32,0.15,4,100,1,2776.34,4577.34,0
17.362,130,4,2000,1408.7,0,0,0,1,1,32,0.15,4,100,1,2777.45,5349.72,0
17.3625,131,3,2000,1051.2,0,0,0,1,1,32,0.15,4,100,1,2768.33,5137.66,0
17.371,148,2,2000,452.264,0,0,0,1,0,0,0,4,100,1,2872.19,1841.27,0
17.3725,151,2,2000,449.151,0,0,0,1,0,0,0,4,100,1,2884.82,1626.74,0
17.374,154,5,2000,1870.75,0,0,0,1,1,32,0.15,4,100,1,2878.24,1777.14,0
17.3745,155,4,2000,1524.44,0,0,0,1,1,32,0.15,4,100,1,2862.62,2129.79,0
17.3755,157,5,2000,1656.2,0,0,0,1,1,96,0.2,4,100,1,2873.92,1874.73,0
17.376,158,5,2000,1703.81,0,0,0,1,1,96,0.2,4,100,1,2849.02,2459.93,0
17.3765,159,5,2000,1754.55,0,0,0,1,1,96,0.2,4,100,1,2847.27,2508.01,0
17.377,160,5,2000,1806.59,0,0,0,1,1,96,0.2,4,100,1,2845.51,2555.97,0
17.378,162,5,2000,1855.61,0,0,0,1,1,32,0.15,4,100,1,2841.26,2659.59,0
17.398,202,13,2767.85,4235.61,0,0,0,0,0,0,0,4,100,0,0,0,0
17.3985,203,14,2749,4678.28,0,0,0,0,0,0,0,4,100,0,0,0,0
17.399,204,15,2745.32,5058.65,0,0,0,0,0,0,0,4,100,0,0,0,0
17.3995,205,17,2767.87,5485.82,0,0,0,0,0,0,0,4,100,0,0,0,0
17.403,12,6,2000,2000,0,0,0,1,0,0,0,4,100,1,2837.82,6411.29,0
17.4035,13,5,2000,1727.6,0,0,0,1,1,32,0.15,4,100,1,2819.97,6068.48,0
17.404,14,4,2000,1341.93,0,0,0,1,1,32,0.15,4,100,1,2804.41,5781.02,0
17.4045,15,3,2000,1013.87,0,0,0,1,1,32,0.15,4,100,1,2782.05,5430.19,0
17.4055,17,3,2000,684.842,0,0,0,1,1,32,0.15,4,100,1,2770.21,4719.05,0
17.43,66,6,2000,2000,0,0,0,1,0,64,0.05,4,100,1,2910.71,1331.84,0
17.4305,67,6,2000,2000,0,0,0,1,0,64,0.05,4,100,1,2915.56,1207.85,0
17.431,68,5,2000,1855.73,0,0,0,1,1,96,0.2,4,100,1,2928.06,970.58,0
17.432,70,4,2000,1200.6,0,0,0,1,1,96,0.2,4,100,1,2927.36,906.6,0
17.4325,71,4,2000,1319.04,0,0,0,1,1,96,0.2,4,100,1,2932.12,866.68,0
17.433,72,4,2000,1360.76,0,0,0,1,1,96,0.2,4,100,1,2964,464.5,0
17.4335,73,4,2000,1236.77,0,0,0,1,1,96,0.2,4,100,1,2973.9,428.96,0
17.434,74,3,2000,999.492,0,0,0,1,1,96,0.2,4,100,1,2809.32,6719.35,0
17.4345,75,3,2000,982.807,0,0,0,1,1,96,0.2,4,100,1,2837.29,6372.45,0
17.4355,77,3,2000,895.577,0,0,0,1,1,96,0.2,4,100,1,2833.84,3298.01,0
17.435,76,3,2000,935.502,0,0,0,1,1,96,0.2,4,100,1,2817.69,3622.1,0
17.436,78,2,2000,493.393,0,0,0,1,0,64,0.05,4,100,1,2846.58,3002.01,0
17.4365,79,2,2000,457.848,0,0,0,1,0,64,0.05,4,100,1,2863.34,2677.93,0
17.4315,69,5,2000,1830.34,0,0,0,1,1,96,0.2,4,100,1,2925.5,953.9,0
17.4405,87,6,2000,2000,0,0,0,1,0,64,0.05,4,100,1,2958.65,563.73,0
17.441,88,5,2000,1799.23,0,0,0,1,1,96,0.2,4,100,1,2803.59,5706.55,0
17.4415,89,4,2000,1527.74,0,0,0,1,1,32,0.15,4,100,1,2785.52,5434.82,0
17.442,90,4,2000,1182.34,0,0,0,1,1,32,0.15,4,100,1,2772.84,5165.42,0
17.4425,91,3,2000,887.66,0,0,0,1,1,32,0.15,4,100,1,2763.91,4850.61,0
17.451,108,6,2000,1947.57,0,0,0,1,0,0,0,4,100,1,2963.16,486.91,0
17.452,110,4,2000,1386.86,0,0,0,1,1,32,0.15,4,100,1,2770.69,5119.52,0
17.4525,111,3,2000,1075.9,0,0,0,1,1,32,0.15,4,100,1,2767.05,4864.57,0
17.453,112,3,2000,790.359,0,0,0,1,1,32,0.15,4,100,1,2776.34,4577.34,0
17.462,130,4,2000,1407.75,0,0,0,1,1,32,0.15,4,100,1,2777.45,5349.72,0
17.4625,131,3,2000,1050.26,0,0,0,1,1,32,0.15,4,100,1,2768.33,5137.66,0
17.471,148,2,2000,451.315,0,0,0,1,0,0,0,4,100,1,2872.19,1841.27,0
17.4725,151,2,2000,448.201,0,0,0,1,0,0,0,4,100,1,2884.82,1626.74,0
17.474,154,5,2000,1869.8,0,0,0,1,1,32,0.15,4,100,1,2878.24,1777.14,0
17.4745,155,4,2000,1523.49,0,0,0,1,1,32,0.15,4,100,1,2862.62,2129.79,0
17.4755,157,5,2000,1655.25,0,0,0,1,1,96,0.2,4,100,1,2873.92,1874.73,0
17.476,158,5,2000,1702.86,0,0,0,1,1,96,0.2,4,100,1,2849.02,2459.93,0
17.4765,159,5,2000,1753.6,0,0,0,1,1,96,0.2,4,100,1,2847.27,2508.01,0
17.477,160,5,2000,1805.64,0,0,0,1,1,96,0.2,4,100,1,2845.51,2555.97,0
17.478,162,5,2000,1854.66,0,0,0,1,1,32,0.15,4,100,1,2841.26,2659.59,0
17.498,202,13,2767.85,4235.61,0,0,0,0,0,0,0,4,100,0,0,0,0
17.4985,203,14,2749,4678.28,0,0,0,0,0,0,0,4,100,0,0,0,0
17.499,204,15,2745.32,5058.65,0,0,0,0,0,0,0,4,100,0,0,0,0
17.4995,205,17,2767.87,5485.82,0,0,0,0,0,0,0,4,100,0,0,0,0
17.503,12,6,2000,2000,0,0,0,1,0,0,0,4,100,1,2837.82,6411.29,0
17.5035,13,5,2000,1726.64,0,0,0,1,1,32,0.15,4,100,1,2819.97,6068.48,0
17.504,14,4,2000,1340.96,0,0,0,1,1,32,0.15,4,100,1,2804.41,5781.02,0
17.5045,15,3,2000,1012.91,0,0,0,1,1,32,0.15,4,100,1,2782.05,5430.19,0
17.5055,17,3,2000,683.877,0,0,0,1,1,32,0.15,4,100,1,2770.21,4719.05,0
17.53,66,6,2000,2000,0,0,0,1,0,64,0.05,4,100,1,2910.71,1331.84,0
17.5305,67,6,2000,2000,0,0,0,1,0,64,0.05,4,100,1,2915.56,1207.85,0
17.531,68,5,2000,1854.75,0,0,0,1,1,96,0.2,4,100,1,2928.06,970.58,0
17.5315,69,5,2000,1829.36,0,0,0,1,1,96,0.2,4,100,1,2925.5,953.9,0
17.532,70,4,2000,1199.62,0,0,0,1,1,96,0.2,4,100,1,2927.36,906.6,0
17.5325,71,4,2000,1318.06,0,0,0,1,1,96,0.2,4,100,1,2932.12,866.68,0
17.533,72,4,2000,1359.78,0,0,0,1,1,96,0.2,4,100,1,2964,464.5,0
17.534,74,3,2000,998.514,0,0,0,1,1,96,0.2,4,100,1,2809.32,6719.35,0
17.5345,75,3,2000,981.829,0,0,0,1,1,96,0.2,4,100,1,2837.29,6372.45,0
17.535,76,3,2000,934.524,0,0,0,1,1,96,0.2,4,100,1,2817.69,3622.1,0
17.5335,73,4,2000,1235.79,0,0,0,1,1,96,0.2,4,100,1,2973.9,428.96,0
17.5365,79,2,2000,456.869,0,0,0,1,0,64,0.05,4,100,1,2863.34,2677.93,0
17.536,78,2,2000,492.414,0,0,0,1,0,64,0.05,4,100,1,2846.58,3002.01,0
17.5355,77,3,2000,894.599,0,0,0,1,1,96,0.2,4,100,1,2833.84,3298.01,0
17.5405,87,6,2000,2000,0,0,0,1,0,64,0.05,4,100,1,2958.65,563.73,0
17.541,88,5,2000,1798.25,0,0,0,1,1,96,0.2,4,100,1,2803.59,5706.55,0
17.5415,89,4,2000,1526.76,0,0,0,1,1,32,0.15,4,100,1,2785.52,5434.82,0
17.542,90,4,2000,1181.35,0,0,0,1,1,32,0.15,4,100,1,2772.84,5165.42,0
17.5425,91,3,2000,886.678,0,0,0,1,1,32,0.15,4,100,1,2763.91,4850.61,0
17.551,108,6,2000,1946.58,0,0,0,1,0,0,0,4,100,1,2963.16,486.91,0
17.552,110,4,2000,1385.87,0,0,0,1,1,32,0.15,4,100,1,2770.69,5119.52,0
17.5525,111,3,2000,1074.92,0,0,0,1,1,32,0.15,4,100,1,2767.05,4864.57,0
17.553,112,3,2000,789.373,0,0,0,1,1,32,0.15,4,100,1,2776.34,4577.34,0
17.562,130,4,2000,1406.76,0,0,0,1,1,32,0.15,4,100,1,2777.45,5349.72,0
17.5625,131,3,2000,1049.27,0,0,0,1,1,32,0.15,4,100,1,2768.33,5137.66,0
17.571,148,2,2000,450.32,0,0,0,1,0,0,0,4,100,1,2872.19,1841.27,0
17.5725,151,2,2000,447.205,0,0,0,1,0,0,0,4,100,1,2884.82,1626.74,0
17.574,154,5,2000,1868.8,0,0,0,1,1,32,0.15,4,100,1,2878.24,1777.14,0
17.5745,155,4,2000,1522.49,0,0,0,1,1,32,0.15,4,100,1,2862.62,2129.79,0
17.5755,157,5,2000,1654.25,0,0,0,1,1,96,0.2,4,100,1,2873.92,1874.73,0
17.576,158,5,2000,1701.86,0,0,0,1,1,96,0.2,4,100,1,2849.02,2459.93,0
17.5765,159,5,2000,1752.6,0,0,0,1,1,96,0.2,4,100,1,2847.27,2508.01,0
17.577,160,5,2000,1804.64,0,0,0,1,1,96,0.2,4,100,1,2845.51,2555.97,0
17.578,162,5,2000,1853.66,0,0,0,1,1,32,0.15,4,100,1,2841.26,2659.59,0
17.598,202,13,2767.85,4235.61,0,0,0,0,0,0,0,4,100,0,0,0,0
17.5985,203,14,2749,4678.28,0,0,0,0,0,0,0,4,100,0,0,0,0
17.599,204,15,2745.32,5058.65,0,0,0,0,0,0,0,4,100,0,0,0,0
17.5995,205,17,2767.87,5485.82,0,0,0,0,0,0,0,4,100,0,0,0,0
17.603,12,6,2000,2000,0,0,0,1,0,0,0,4,100,1,2837.82,6411.29,0
17.6035,13,5,2000,1725.63,0,0,0,1,1,32,0.15,4,100,1,2819.97,6068.48,0
17.604,14,4,2000,1339.95,0,0,0,1,1,32,0.15,4,100,1,2804.41,5781.02,0
17.6045,15,3,2000,1011.9,0,0,0,1,1,32,0.15,4,100,1,2782.05,5430.19,0
17.6055,17,3,2000,682.867,0,0,0,1,1,32,0.15,4,100,1,2770.21,4719.05,0
17.63,66,6,2000,2000,0,0,0,1,0,64,0.05,4,100,1,2910.71,1331.84,0
17.6305,67,6,2000,2000,0,0,0,1,0,64,0.05,4,100,1,2915.56,1207.85,0
17.631,68,5,2000,1853.73,0,0,0,1,1,96,0.2,4,100,1,2928.06,970.58,0
17.6315,69,5,2000,1828.34,0,0,0,1,1,96,0.2,4,100,1,2925.5,953.9,0
17.6325,71,4,2000,1317.04,0,0,0,1,1,96,0.2,4,100,1,2932.12,866.68,0
17.633,72,4,2000,1358.76,0,0,0,1,1,96,0.2,4,100,1,2964,464.5,0
17.632,70,4,2000,1198.6,0,0,0,1,1,96,0.2,4,100,1,2927.36,906.6,0
17.6335,73,4,2000,1234.77,0,0,0,1,1,96,0.2,4,100,1,2973.9,428.96,0
17.6345,75,3,2000,980.806,0,0,0,1,1,96,0.2,4,100,1,2837.29,6372.45,0
17.635,76,3,2000,933.5,0,0,0,1,1,96,0.2,4,100,1,2817.69,3622.1,0
17.634,74,3,2000,997.491,0,0,0,1,1,96,0.2,4,100,1,2809.32,6719.35,0
17.6355,77,3,2000,893.575,0,0,0,1,1,96,0.2,4,100,1,2833.84,3298.01,0
17.6365,79,2,2000,455.845,0,0,0,1,0,64,0.05,4,100,1,2863.34,2677.93,0
17.636,78,2,2000,491.39,0,0,0,1,0,64,0.05,4,100,1,2846.58,3002.01,0
17.6405,87,6,2000,2000,0,0,0,1,0,64,0.05,4,100,1,2958.65,563.73,0
17.641,88,5,2000,1797.23,0,0,0,1,1,96,0.2,4,100,1,2803.59,5706.55,0
17.6415,89,4,2000,1525.73,0,0,0,1,1,32,0.15,4,100,1,2785.52,5434.82,0
17.642,90,4,2000,1180.33,0,0,0,1,1,32,0.15,4,100,1,2772.84,5165.42,0
17.6425,91,3,2000,885.652,0,0,0,1,1,32,0.15,4,100,1,2763.91,4850.61,0
17.651,108,6,2000,1945.55,0,0,0,1,0,0,0,4,100,1,2963.16,486.91,0
17.652,110,4,2000,1384.84,0,0,0,1,1,32,0.15,4,100,1,2770.69,5119.52,0
17.6525,111,3,2000,1073.89,0,0,0,1,1,32,0.15,4,100,1,2767.05,4864.57,0
17.653,112,3,2000,788.342,0,0,0,1,1,32,0.15,4,100,1,2776.34,4577.34,0
17.662,130,4,2000,1405.73,0,0,0,1,1,32,0.15,4,100,1,2777.45,5349.72,0
17.6625,131,3,2000,1048.23,0,0,0,1,1,32,0.15,4,100,1,2768.33,5137.66,0
17.671,148,2,2000,449.281,0,0,0,1,0,0,0,4,100,1,2872.19,1841.27,0
17.6725,151,2,2000,446.165,0,0,0,1,0,0,0,4,100,1,2884.82,1626.74,0
17.674,154,5,2000,1867.76,0,0,0,1,1,32,0.15,4,100,1,2878.24,1777.14,0
17.6745,155,4,2000,1521.45,0,0,0,1,1,32,0.15,4,100,1,2862.62,2129.79,0
17.6755,157,5,2000,1653.21,0,0,0,1,1,96,0.2,4,100,1,2873.92,1874.73,0
17.676,158,5,2000,1700.82,0,0,0,1,1,96,0.2,4,100,1,2849.02,2459.93,0
17.6765,159,5,2000,1751.56,0,0,0,1,1,96,0.2,4,100,1,2847.27,2508.01,0
17.677,160,5,2000,1803.6,0,0,0,1,1,96,0.2,4,100,1,2845.51,2555.97,0
17.678,162,5,2000,1852.62,0,0,0,1,1,32,0.15,4,100,1,2841.26,2659.59,0
17.698,202,13,2767.85,4235.61,0,0,0,0,0,0,0,4,100,0,0,0,0
17.6985,203,14,2749,4678.28,0,0,0,0,0,0,0,4,100,0,0,0,0
17.699,204,15,2745.32,5058.65,0,0,0,0,0,0,0,4,100,0,0,0,0
17.6995,205,17,2767.87,5485.82,0,0,0,0,0,0,0,4,100,0,0,0,0
17.703,12,6,2000,2000,0,0,0,1,0,0,0,4,100,1,2837.82,6411.29,0
17.7035,13,5,2000,1724.57,0,0,0,1,1,32,0.15,4,100,1,2819.97,6068.48,0
17.704,14,4,2000,1338.9,0,0,0,1,1,32,0.15,4,100,1,2804.41,5781.02,0
17.7045,15,3,2000,1010.84,0,0,0,1,1,32,0.15,4,100,1,2782.05,5430.19,0
17.7055,17,3,2000,681.813,0,0,0,1,1,32,0.15,4,100,1,2770.21,4719.05,0
17.73,66,6,2000,2000,0,0,0,1,0,64,0.05,4,100,1,2910.71,1331.84,0
17.7305,67,6,2000,2000,0,0,0,1,0,64,0.05,4,100,1,2915.56,1207.85,0
17.731,68,5,2000,1852.67,0,0,0,1,1,96,0.2,4,100,1,2928.06,970.58,0
17.7315,69,5,2000,1827.27,0,0,0,1,1,96,0.2,4,100,1,2925.5,953.9,0
17.7325,71,4,2000,1315.97,0,0,0,1,1,96,0.2,4,100,1,2932.12,866.68,0
17.732,70,4,2000,1197.54,0,0,0,1,1,96,0.2,4,100,1,2927.36,906.6,0
17.733,72,4,2000,1357.7,0,0,0,1,1,96,0.2,4,100,1,2964,464.5,0
17.7335,73,4,2000,1233.7,0,0,0,1,1,96,0.2,4,100,1,2973.9,428.96,0
17.7345,75,3,2000,979.739,0,0,0,1,1,96,0.2,4,100,1,2837.29,6372.45,0
17.734,74,3,2000,996.425,0,0,0,1,1,96,0.2,4,100,1,2809.32,6719.35,0
17.735,76,3,2000,932.434,0,0,0,1,1,96,0.2,4,100,1,2817.69,3622.1,0
17.7355,77,3,2000,892.509,0,0,0,1,1,96,0.2,4,100,1,2833.84,3298.01,0
17.7365,79,2,2000,454.778,0,0,0,1,0,64,0.05,4,100,1,2863.34,2677.93,0
17.736,78,2,2000,490.323,0,0,0,1,0,64,0.05,4,100,1,2846.58,3002.01,0
17.7405,87,6,2000,2000,0,0,0,1,0,64,0.05,4,100,1,2958.65,563.73,0
17.741,88,5,2000,1796.16,0,0,0,1,1,96,0.2,4,100,1,2803.59,5706.55,0
17.7415,89,4,2000,1524.66,0,0,0,1,1,32,0.15,4,100,1,2785.52,5434.82,0
17.742,90,4,2000,1179.26,0,0,0,1,1,32,0.15,4,100,1,2772.84,5165.42,0
17.7425,91,3,2000,884.582,0,0,0,1,1,32,0.15,4,100,1,2763.91,4850.61,0
17.751,108,6,2000,1944.48,0,0,0,1,0,0,0,4,100,1,2963.16,486.91,0
17.752,110,4,2000,1383.77,0,0,0,1,1,32,0.15,4,100,1,2770.69,5119.52,0
17.7525,111,3,2000,1072.81,0,0,0,1,1,32,0.15,4,100,1,2767.05,4864.57,0
17.753,112,3,2000,787.268,0,0,0,1,1,32,0.15,4,100,1,2776.34,4577.34,0
17.762,130,4,2000,1404.65,0,0,0,1,1,32,0.15,4,100,1,2777.45,5349.72,0
17.7625,131,3,2000,1047.15,0,0,0,1,1,32,0.15,4,100,1,2768.33,5137.66,0
17.771,148,2,2000,448.2,0,0,0,1,0,0,0,4,100,1,2872.19,1841.27,0
17.7725,151,2,2000,445.083,0,0,0,1,0,0,0,4,100,1,2884.82,1626.74,0
17.774,154,5,2000,1866.68,0,0,0,1,1,32,0.15,4,100,1,2878.24,1777.14,0
17.7745,155,4,2000,1520.37,0,0,0,1,1,32,0.15,4,100,1,2862.62,2129.79,0
17.7755,157,5,2000,1652.13,0,0,0,1,1,96,0.2,4,100,1,2873.92,1874.73,0
17.776,158,5,2000,1699.73,0,0,0,1,1,96,0.2,4,100,1,2849.02,2459.93,0
17.7765,159,5,2000,1750.48,0,0,0,1,1,96,0.2,4,100,1,2847.27,2508.01,0
17.777,160,5,2000,1802.51,0,0,0,1,1,96,0.2,4,100,1,2845.51,2555.97,0
17.778,162,5,2000,1851.53,0,0,0,1,1,32,0.15,4,100,1,2841.26,2659.59,0
17.798,202,13,2767.85,4235.61,0,0,0,0,0,0,0,4,100,0,0,0,0
17.7985,203,14,2749,4678.28,0,0,0,0,0,0,0,4,100,0,0,0,0
17.799,204,15,2745.32,5058.65,0,0,0,0,0,0,0,4,100,0,0,0,0
17.7995,205,17,2767.87,5485.82,0,0,0,0,0,0,0,4,100,0,0,0,0
17.803,12,6,2000,2000,0,0,0,1,0,0,0,4,100,1,2837.82,6411.29,0
17.8035,13,5,2000,1723.48,0,0,0,1,1,32,0.15,4,100,1,2819.97,6068.48,0
17.804,14,4,2000,1337.8,0,0,0,1,1,32,0.15,4,100,1,2804.41,5781.02,0
17.8045,15,3,2000,1009.75,0,0,0,1,1,32,0.15,4,100,1,2782.05,5430.19,0
17.8055,17,3,2000,680.717,0,0,0,1,1,32,0.15,4,100,1,2770.21,4719.05,0
17.83,66,6,2000,2000,0,0,0,1,0,64,0.05,4,100,1,2910.71,1331.84,0
17.8305,67,6,2000,2000,0,0,0,1,0,64,0.05,4,100,1,2915.56,1207.85,0
17.831,68,5,2000,1851.56,0,0,0,1,1,96,0.2,4,100,1,2928.06,970.58,0
17.8315,69,5,2000,1826.17,0,0,0,1,1,96,0.2,4,100,1,2925.5,953.9,0
17.832,70,4,2000,1196.43,0,0,0,1,1,96,0.2,4,100,1,2927.36,906.6,0
17.8335,73,4,2000,1232.59,0,0,0,1,1,96,0.2,4,100,1,2973.9,428.96,0
17.834,74,3,2000,995.318,0,0,0,1,1,96,0.2,4,100,1,2809.32,6719.35,0
17.8345,75,3,2000,978.632,0,0,0,1,1,96,0.2,4,100,1,2837.29,6372.45,0
17.833,72,4,2000,1356.59,0,0,0,1,1,96,0.2,4,100,1,2964,464.5,0
17.8355,77,3,2000,891.401,0,0,0,1,1,96,0.2,4,100,1,2833.84,3298.01,0
17.836,78,2,2000,489.215,0,0,0,1,0,64,0.05,4,100,1,2846.58,3002.01,0
17.835,76,3,2000,931.326,0,0,0,1,1,96,0.2,4,100,1,2817.69,3622.1,0
17.8365,79,2,2000,453.669,0,0,0,1,0,64,0.05,4,100,1,2863.34,2677.93,0
17.8325,71,4,2000,1314.86,0,0,0,1,1,96,0.2,4,100,1,2932.12,866.68,0
17.8405,87,6,2000,2000,0,0,0,1,0,64,0.05,4,100,1,2958.65,563.73,0
17.841,88,5,2000,1795.05,0,0,0,1,1,96,0.2,4,100,1,2803.59,5706.55,0
17.8415,89,4,2000,1523.55,0,0,0,1,1,32,0.15,4,100,1,2785.52,5434.82,0
17.842,90,4,2000,1178.15,0,0,0,1,1,32,0.15,4,100,1,2772.84,5165.42,0
17.8425,91,3,2000,883.472,0,0,0,1,1,32,0.15,4,100,1,2763.91,4850.61,0
17.851,108,6,2000,1943.37,0,0,0,1,0,0,0,4,100,1,2963.16,486.91,0
17.852,110,4,2000,1382.65,0,0,0,1,1,32,0.15,4,100,1,2770.69,5119.52,0
17.8525,111,3,2000,1071.7,0,0,0,1,1,32,0.15,4,100,1,2767.05,4864.57,0
17.853,112,3,2000,786.153,0,0,0,1,1,32,0.15,4,100,1,2776.34,4577.34,0
17.862,130,4,2000,1403.53,0,0,0,1,1,32,0.15,4,100,1,2777.45,5349.72,0
17.8625,131,3,2000,1046.03,0,0,0,1,1,32,0.15,4,100,1,2768.33,5137.66,0
17.871,148,2,2000,447.078,0,0,0,1,0,0,0,4,100,1,2872.19,1841.27,0
17.8725,151,2,2000,443.961,0,0,0,1,0,0,0,4,100,1,2884.82,1626.74,0
17.874,154,5,2000,1865.55,0,0,0,1,1,32,0.15,4,100,1,2878.24,1777.14,0
17.8745,155,4,2000,1519.25,0,0,0,1,1,32,0.15,4,100,1,2862.62,2129.79,0
17.8755,157,5,2000,1651.01,0,0,0,1,1,96,0.2,4,100,1,2873.92,1874.73,0
17.876,158,5,2000,1698.61,0,0,0,1,1,96,0.2,4,100,1,2849.02,2459.93,0
17.8765,159,5,2000,1749.36,0,0,0,1,1,96,0.2,4,100,1,2847.27,2508.01,0
17.877,160,5,2000,1801.39,0,0,0,1,1,96,0.2,4,100,1,2845.51,2555.97,0
17.878,162,5,2000,1850.41,0,0,0,1,1,32,0.15,4,100,1,2841.26,2659.59,0
17.898,202,13,2767.85,4235.61,0,0,0,0,0,0,0,4,100,0,0,0,0
17.8985,203,14,2749,4678.28,0,0,0,0,0,0,0,4,100,0,0,0,0
17.899,204,15,2745.32,5058.65,0,0,0,0,0,0,0,4,100,0,0,0,0
17.8995,205,17,2767.87,5485.82,0,0,0,0,0,0,0,4,100,0,0,0,0
17.903,12,6,2000,2000,0,0,0,1,0,0,0,4,100,1,2837.82,6411.29,0
17.9035,13,5,2000,1722.34,0,0,0,1,1,32,0.15,4,100,1,2819.97,6068.48,0
17.904,14,4,2000,1336.67,0,0,0,1,1,32,0.15,4,100,1,2804.41,5781.02,0
17.9045,15,3,2000,1008.61,0,0,0,1,1,32,0.15,4,100,1,2782.05,5430.19,0
17.9055,17,3,2000,679.582,0,0,0,1,1,32,0.15,4,100,1,2770.21,4719.05,0
17.93,66,6,2000,2000,0,0,0,1,0,64,0.05,4,100,1,2910.71,1331.84,0
17.9305,67,6,2000,2000,0,0,0,1,0,64,0.05,4,100,1,2915.56,1207.85,0
17.931,68,5,2000,1850.42,0,0,0,1,1,96,0.2,4,100,1,2928.06,970.58,0
17.9315,69,5,2000,1825.02,0,0,0,1,1,96,0.2,4,100,1,2925.5,953.9,0
17.932,70,4,2000,1195.28,0,0,0,1,1,96,0.2,4,100,1,2927.36,906.6,0
17.933,72,4,2000,1355.44,0,0,0,1,1,96,0.2,4,100,1,2964,464.5,0
17.9325,71,4,2000,1313.72,0,0,0,1,1,96,0.2,4,100,1,2932.12,866.68,0
17.9335,73,4,2000,1231.45,0,0,0,1,1,96,0.2,4,100,1,2973.9,428.96,0
17.934,74,3,2000,994.171,0,0,0,1,1,96,0.2,4,100,1,2809.32,6719.35,0
17.935,76,3,2000,930.179,0,0,0,1,1,96,0.2,4,100,1,2817.69,3622.1,0
17.936,78,2,2000,488.068,0,0,0,1,0,64,0.05,4,100,1,2846.58,3002.01,0
17.9365,79,2,2000,452.522,0,0,0,1,0,64,0.05,4,100,1,2863.34,2677.93,0
17.9355,77,3,2000,890.253,0,0,0,1,1,96,0.2,4,100,1,2833.84,3298.01,0
17.9345,75,3,2000,977.485,0,0,0,1,1,96,0.2,4,100,1,2837.29,6372.45,0
17.9405,87,6,2000,2000,0,0,0,1,0,64,0.05,4,100,1,2958.65,563.73,0
17.941,88,5,2000,1793.9,0,0,0,1,1,96,0.2,4,100,1,2803.59,5706.55,0
17.9415,89,4,2000,1522.4,0,0,0,1,1,32,0.15,4,100,1,2785.52,5434.82,0
17.942,90,4,2000,1177,0,0,0,1,1,32,0.15,4,100,1,2772.84,5165.42,0
17.9425,91,3,2000,882.322,0,0,0,1,1,32,0.15,4,100,1,2763.91,4850.61,0
17.951,108,6,2000,1942.21,0,0,0,1,0,0,0,4,100,1,2963.16,486.91,0
17.952,110,4,2000,1381.5,0,0,0,1,1,32,0.15,4,100,1,2770.69,5119.52,0
17.9525,111,3,2000,1070.54,0,0,0,1,1,32,0.15,4,100,1,2767.05,4864.57,0
17.953,112,3,2000,784.999,0,0,0,1,1,32,0.15,4,100,1,2776.34,4577.34,0
17.962,130,4,2000,1402.37,0,0,0,1,1,32,0.15,4,100,1,2777.45,5349.72,0
17.9625,131,3,2000,1044.88,0,0,0,1,1,32,0.15,4,100,1,2768.33,5137.66,0
17.971,148,2,2000,445.917,0,0,0,1,0,0,0,4,100,1,2872.19,1841.27,0
17.9725,151,2,2000,442.799,0,0,0,1,0,0,0,4,100,1,2884.82,1626.74,0
17.974,154,5,2000,1864.39,0,0,0,1,1,32,0.15,4,100,1,2878.24,1777.14,0
17.9745,155,4,2000,1518.09,0,0,0,1,1,32,0.15,4,100,1,2862.62,2129.79,0
17.9755,157,5,2000,1649.84,0,0,0,1,1,96,0.2,4,100,1,2873.92,1874.73,0
17.976,158,5,2000,1697.45,0,0,0,1,1,96,0.2,4,100,1,2849.02,2459.93,0
17.9765,159,5,2000,1748.19,0,0,0,1,1,96,0.2,4,100,1,2847.27,2508.01,0
17.977,160,5,2000,1800.23,0,0,0,1,1,96,0.2,4,100,1,2845.51,2555.97,0
17.978,162,5,2000,1849.24,0,0,0,1,1,32,0.15,4,100,1,2841.26,2659.59,0
17.998,202,13,2767.85,4235.61,0,0,0,0,0,0,0,4,100,0,0,0,0
17.9985,203,14,2749,4678.28,0,0,0,0,0,0,0,4,100,0,0,0,0
17.999,204,15,2745.32,5058.65,0,0,0,0,0,0,0,4,100,0,0,0,0
17.9995,205,17,2767.87,5485.82,0,0,0,0,0,0,0,4,100,0,0,0,0
18.003,12,6,2000,2000,0,0,0,1,0,0,0,4,100,1,2837.82,6411.29,0
18.0035,13,5,2000,1721.17,0,0,0,1,1,32,0.15,4,100,1,2819.97,6068.48,0
18.004,14,4,2000,1335.5,0,0,0,1,1,32,0.15,4,100,1,2804.41,5781.02,0
18.0045,15,3,2000,1007.44,0,0,0,1,1,32,0.15,4,100,1,2782.05,5430.19,0
18.0055,17,3,2000,678.408,0,0,0,1,1,32,0.15,4,100,1,2770.21,4719.05,0
18.03,66,6,2000,2000,0,0,0,1,0,64,0.05,4,100,1,2910.71,1331.84,0
18.0305,67,6,2000,2000,0,0,0,1,0,64,0.05,4,100,1,2915.56,1207.85,0
18.031,68,5,2000,1849.23,0,0,0,1,1,96,0.2,4,100,1,2928.06,970.58,0
18.0315,69,5,2000,1823.84,0,0,0,1,1,96,0.2,4,100,1,2925.5,953.9,0
18.032,70,4,2000,1194.1,0,0,0,1,1,96,0.2,4,100,1,2927.36,906.6,0
18.033,72,4,2000,1354.26,0,0,0,1,1,96,0.2,4,100,1,2964,464.5,0
18.0325,71,4,2000,1312.53,0,0,0,1,1,96,0.2,4,100,1,2932.12,866.68,0
18.034,74,3,2000,992.986,0,0,0,1,1,96,0.2,4,100,1,2809.32,6719.35,0
18.035,76,3,2000,928.994,0,0,0,1,1,96,0.2,4,100,1,2817.69,3622.1,0
18.0355,77,3,2000,889.068,0,0,0,1,1,96,0.2,4,100,1,2833.84,3298.01,0
18.0335,73,4,2000,1230.26,0,0,0,1,1,96,0.2,4,100,1,2973.9,428.96,0
18.036,78,2,2000,486.882,0,0,0,1,0,64,0.05,4,100,1,2846.58,3002.01,0
18.0345,75,3,2000,976.3,0,0,0,1,1,96,0.2,4,100,1,2837.29,6372.45,0
18.0365,79,2,2000,451.336,0,0,0,1,0,64,0.05,4,100,1,2863.34,2677.93,0
18.0405,87,6,2000,2000,0,0,0,1,0,64,0.05,4,100,1,2958.65,563.73,0
18.041,88,5,2000,1792.71,0,0,0,1,1,96,0.2,4,100,1,2803.59,5706.55,0
18.0415,89,4,2000,1521.22,0,0,0,1,1,32,0.15,4,100,1,2785.52,5434.82,0
18.042,90,4,2000,1175.81,0,0,0,1,1,32,0.15,4,100,1,2772.84,5165.42,0
18.0425,91,3,2000,881.134,0,0,0,1,1,32,0.15,4,100,1,2763.91,4850.61,0
18.051,108,6,2000,1941.02,0,0,0,1,0,0,0,4,100,1,2963.16,486.91,0
18.052,110,4,2000,1380.31,0,0,0,1,1,32,0.15,4,100,1,2770.69,5119.52,0
18.0525,111,3,2000,1069.35,0,0,0,1,1,32,0.15,4,100,1,2767.05,4864.57,0
18.053,112,3,2000,783.807,0,0,0,1,0,0,0,4,100,1,2776.34,4577.34,0
18.062,130,4,2000,1401.18,0,0,0,1,1,32,0.15,4,100,1,2777.45,5349.72,0
18.0625,131,3,2000,1043.68,0,0,0,1,0,0,0,4,100,1,2768.33,5137.66,0
18.071,148,2,2000,444.719,0,0,0,1,0,0,0,4,100,1,2872.19,1841.27,0
18.0725,151,2,2000,441.601,0,0,0,1,0,0,0,4,100,1,2884.82,1626.74,0
18.074,154,5,2000,1863.19,0,0,0,1,1,32,0.15,4,100,1,2878.24,1777.14,0
18.0745,155,4,2000,1516.89,0,0,0,1,1,32,0.15,4,100,1,2862.62,2129.79,0
18.0755,157,5,2000,1648.64,0,0,0,1,1,96,0.2,4,100,1,2873.92,1874.73,0
18.076,158,5,2000,1696.25,0,0,0,1,1,96,0.2,4,100,1,2849.02,2459.93,0
18.0765,159,5,2000,1746.99,0,0,0,1,0,64,0.05,4,100,1,2847.27,2508.01,0
18.077,160,5,2000,1799.03,0,0,0,1,0,64,0.05,4,100,1,2845.51,2555.97,0
18.078,162,5,2000,1848.04,0,0,0,1,0,0,0,4,100,1,2841.26,2659.59,0
18.098,202,13,2767.85,4235.61,0,0,0,0,0,0,0,4,100,0,0,0,0
18.0985,203,14,2749,4678.28,0,0,0,0,0,0,0,4,100,0,0,0,0
18.099,204,15,2745.32,5058.65,0,0,0,0,0,0,0,4,100,0,0,0,0
18.0995,205,17,2767.87,5485.82,0,0,0,0,0,0,0,4,100,0,0,0,0
18.103,12,6,2000,2000,0,0,0,1,0,0,0,4,100,1,2837.82,6411.29,0
18.1035,13,5,2000,1719.96,0,0,0,1,0,0,0,4,100,1,2819.97,6068.48,0
18.104,14,4,2000,1334.29,0,0,0,1,1,32,0.15,4,100,1,2804.41,5781.02,0
18.1045,15,3,2000,1006.23,0,0,0,1,0,0,0,4,100,1,2782.05,5430.19,0
18.1055,17,3,2000,677.197,0,0,0,1,0,0,0,4,100,1,2770.21,4719.05,0
18.13,66,6,2000,2000,0,0,0,1,0,64,0.05,4,100,1,2910.71,1331.84,0
18.1305,67,6,2000,2000,0,0,0,1,0,64,0.05,4,100,1,2915.56,1207.85,0
18.131,68,5,2000,1848.01,0,0,0,1,0,64,0.05,4,100,1,2928.06,970.58,0
18.1315,69,5,2000,1822.62,0,0,0,1,0,64,0.05,4,100,1,2925.5,953.9,0
18.1325,71,4,2000,1311.31,0,0,0,1,0,64,0.05,4,100,1,2932.12,866.68,0
18.1335,73,4,2000,1229.04,0,0,0,1,0,64,0.05,4,100,1,2973.9,428.96,0
18.134,74,3,2000,991.766,0,0,0,1,0,64,0.05,4,100,1,2809.32,6719.35,0
18.1345,75,3,2000,975.08,0,0,0,1,0,64,0.05,4,100,1,2837.29,6372.45,0
18.1355,77,3,2000,887.847,0,0,0,1,0,64,0.05,4,100,1,2833.84,3298.01,0
18.136,78,2,2000,485.661,0,0,0,1,0,64,0.05,4,100,1,2846.58,3002.01,0
18.1365,79,2,2000,450.115,0,0,0,1,0,64,0.05,4,100,1,2863.34,2677.93,0
18.135,76,3,2000,927.774,0,0,0,1,0,64,0.05,4,100,1,2817.69,3622.1,0
18.132,70,4,2000,1192.88,0,0,0,1,0,64,0.05,4,100,1,2927.36,906.6,0
18.133,72,4,2000,1353.04,0,0,0,1,0,64,0.05,4,100,1,2964,464.5,0
18.1405,87,6,2000,2000,0,0,0,1,0,64,0.05,4,100,1,2958.65,563.73,0
18.141,88,5,2000,1791.49,0,0,0,1,0,64,0.05,4,100,1,2803.59,5706.55,0
18.1415,89,4,2000,1519.99,0,0,0,1,0,0,0,4,100,1,2785.52,5434.82,0
18.142,90,4,2000,1174.59,0,0,0,1,0,0,0,4,100,1,2772.84,5165.42,0
18.1425,91,3,2000,879.911,0,0,0,1,1,32,0.15,4,100,1,2763.91,4850.61,0
18.151,108,6,2000,1939.8,0,0,0,1,0,0,0,4,100,1,2963.16,486.91,0
18.152,110,4,2000,1379.08,0,0,0,1,0,0,0,4,100,1,2770.69,5119.52,0
18.1525,111,3,2000,1068.13,0,0,0,1,1,32,0.15,4,100,1,2767.05,4864.57,0
18.153,112,3,2000,782.58,0,0,0,1,1,32,0.15,4,100,1,2776.34,4577.34,0
18.162,130,4,2000,1399.95,0,0,0,1,0,0,0,4,100,1,2777.45,5349.72,0
18.1625,131,3,2000,1042.45,0,0,0,1,1,32,0.15,4,100,1,2768.33,5137.66,0
18.171,148,2,2000,443.486,0,0,0,1,0,0,0,4,100,1,2872.19,1841.27,0
18.1725,151,2,2000,440.367,0,0,0,1,0,0,0,4,100,1,2884.82,1626.74,0
18.174,154,5,2000,1861.96,0,0,0,1,0,0,0,4,100,1,2878.24,1777.14,0
18.1745,155,4,2000,1515.65,0,0,0,1,1,32,0.15,4,100,1,2862.62,2129.79,0
18.1755,157,5,2000,1647.41,0,0,0,1,1,96,0.2,4,100,1,2873.92,1874.73,0
18.176,158,5,2000,1695.01,0,0,0,1,1,96,0.2,4,100,1,2849.02,2459.93,0
18.1765,159,5,2000,1745.76,0,0,0,1,1,96,0.2,4,100,1,2847.27,2508.01,0
18.177,160,5,2000,1797.79,0,0,0,1,1,96,0.2,4,100,1,2845.51,2555.97,0
18.178,162,5,2000,1846.81,0,0,0,1,1,32,0.15,4,100,1,2841.26,2659.59,0
18.198,202,13,2767.85,4235.61,0,0,0,0,0,0,0,4,100,0,0,0,0
18.1985,203,14,2749,4678.28,0,0,0,0,0,0,0,4,100,0,0,0,0
18.199,204,15,2745.32,5058.65,0,0,0,0,0,0,0,4,100,0,0,0,0
18.1995,205,17,2767.87,5485.82,0,0,0,0,0,0,0,4,100,0,0,0,0
18.203,12,6,2000,2000,0,0,0,1,0,0,0,4,100,1,2837.82,6411.29,0
18.2035,13,5,2000,1718.72,0,0,0,1,1,32,0.15,4,100,1,2819.97,6068.48,0
18.204,14,4,2000,1333.04,0,0,0,1,1,32,0.15,4,100,1,2804.41,5781.02,0
18.2045,15,3,2000,1004.99,0,0,0,1,1,32,0.15,4,100,1,2782.05,5430.19,0
18.2055,17,3,2000,675.952,0,0,0,1,1,32,0.15,4,100,1,2770.21,4719.05,0
18.23,66,6,2000,2000,0,0,0,1,0,64,0.05,4,100,1,2910.71,1331.84,0
18.2305,67,6,2000,1999.77,0,0,0,1,0,64,0.05,4,100,1,2915.56,1207.85,0
18.231,68,5,2000,1846.76,0,0,0,1,1,96,0.2,4,100,1,2928.06,970.58,0
18.2315,69,5,2000,1821.36,0,0,0,1,1,96,0.2,4,100,1,2925.5,953.9,0
18.2325,71,4,2000,1310.06,0,0,0,1,1,96,0.2,4,100,1,2932.12,866.68,0
18.233,72,4,2000,1351.78,0,0,0,1,1,96,0.2,4,100,1,2964,464.5,0
18.232,70,4,2000,1191.63,0,0,0,1,1,96,0.2,4,100,1,2927.36,906.6,0
18.2335,73,4,2000,1227.79,0,0,0,1,1,96,0.2,4,100,1,2973.9,428.96,0
18.2345,75,3,2000,973.825,0,0,0,1,1,96,0.2,4,100,1,2837.29,6372.45,0
18.234,74,3,2000,990.512,0,0,0,1,1,96,0.2,4,100,1,2809.32,6719.35,0
18.235,76,3,2000,926.519,0,0,0,1,1,96,0.2,4,100,1,2817.69,3622.1,0
18.236,78,2,2000,484.406,0,0,0,1,0,64,0.05,4,100,1,2846.58,3002.01,0
18.2365,79,2,2000,448.86,0,0,0,1,0,64,0.05,4,100,1,2863.34,2677.93,0
18.2355,77,3,2000,886.593,0,0,0,1,1,96,0.2,4,100,1,2833.84,3298.01,0
18.2405,87,6,2000,2000,0,0,0,1,0,64,0.05,4,100,1,2958.65,563.73,0
18.241,88,5,2000,1790.23,0,0,0,1,1,96,0.2,4,100,1,2803.59,5706.55,0
18.2415,89,4,2000,1518.74,0,0,0,1,1,32,0.15,4,100,1,2785.52,5434.82,0
18.242,90,4,2000,1173.33,0,0,0,1,1,32,0.15,4,100,1,2772.84,5165.42,0
18.2425,91,3,2000,878.653,0,0,0,1,1,32,0.15,4,100,1,2763.91,4850.61,0
18.251,108,6,2000,1938.54,0,0,0,1,0,0,0,4,100,1,2963.16,486.91,0
18.252,110,4,2000,1377.82,0,0,0,1,1,32,0.15,4,100,1,2770.69,5119.52,0
18.2525,111,3,2000,1066.87,0,0,0,1,1,32,0.15,4,100,1,2767.05,4864.57,0
18.253,112,3,2000,781.32,0,0,0,1,1,32,0.15,4,100,1,2776.34,4577.34,0
18.254,114,2,2000,506.587,0,0,0,1,1,14,0.35,4,100,1,2803.91,3952.14,0
18.262,130,4,2000,1398.68,0,0,0,1,1,32,0.15,4,100,1,2777.45,5349.72,0
18.2625,131,3,2000,1041.19,0,0,0,1,1,32,0.15,4,100,1,2768.33,5137.66,0
18.271,148,2,2000,442.219,0,0,0,1,0,0,0,4,100,1,2872.19,1841.27,0
18.2725,151,2,2000,439.1,0,0,0,1,0,0,0,4,100,1,2884.82,1626.74,0
18.274,154,5,2000,1860.69,0,0,0,1,1,32,0.15,4,100,1,2878.24,1777.14,0
18.2745,155,4,2000,1514.38,0,0,0,1,1,32,0.15,4,100,1,2862.62,2129.79,0
18.2755,157,5,2000,1646.14,0,0,0,1,1,96,0.2,4,100,1,2873.92,1874.73,0
18.276,158,5,2000,1693.75,0,0,0,1,1,96,0.2,4,100,1,2849.02,2459.93,0
18.2765,159,5,2000,1744.49,0,0,0,1,1,96,0.2,4,100,1,2847.27,2508.01,0
18.277,160,5,2000,1796.52,0,0,0,1,1,96,0.2,4,100,1,2845.51,2555.97,0
18.278,162,5,2000,1845.54,0,0,0,1,1,32,0.15,4,100,1,2841.26,2659.59,0
18.298,202,13,2767.85,4235.61,0,0,0,0,0,0,0,4,100,0,0,0,0
18.2985,203,14,2749,4678.28,0,0,0,0,0,0,0,4,100,0,0,0,0
18.299,204,15,2745.32,5058.65,0,0,0,0,0,0,0,4,100,0,0,0,0
18.2995,205,17,2767.87,5485.82,0,0,0,0,0,0,0,4,100,0,0,0,0
18.303,12,6,2000,2000,0,0,0,1,0,0,0,4,100,1,2837.82,6411.29,0
18.3035,13,5,2000,1717.44,0,0,0,1,1,32,0.15,4,100,1,2819.97,6068.48,0
18.304,14,4,2000,1331.76,0,0,0,1,1,32,0.15,4,100,1,2804.41,5781.02,0
18.3045,15,3,2000,1003.71,0,0,0,1,1,32,0.15,4,100,1,2782.05,5430.19,0
18.3055,17,3,2000,674.675,0,0,0,1,1,32,0.15,4,100,1,2770.21,4719.05,0
18.33,66,6,2000,2000,0,0,0,1,0,64,0.05,4,100,1,2910.71,1331.84,0
18.3305,67,6,2000,1998.48,0,0,0,1,0,64,0.05,4,100,1,2915.56,1207.85,0
18.331,68,5,2000,1845.47,0,0,0,1,1,96,0.2,4,100,1,2928.06,970.58,0
18.332,70,4,2000,1190.34,0,0,0,1,1,96,0.2,4,100,1,2927.36,906.6,0
18.3325,71,4,2000,1308.77,0,0,0,1,1,96,0.2,4,100,1,2932.12,866.68,0
18.3315,69,5,2000,1820.08,0,0,0,1,1,96,0.2,4,100,1,2925.5,953.9,0
18.333,72,4,2000,1350.5,0,0,0,1,1,96,0.2,4,100,1,2964,464.5,0
18.3335,73,4,2000,1226.5,0,0,0,1,1,96,0.2,4,100,1,2973.9,428.96,0
18.335,76,3,2000,925.232,0,0,0,1,1,96,0.2,4,100,1,2817.69,3622.1,0
18.3355,77,3,2000,885.306,0,0,0,1,1,96,0.2,4,100,1,2833.84,3298.01,0
18.3345,75,3,2000,972.539,0,0,0,1,1,96,0.2,4,100,1,2837.29,6372.45,0
18.336,78,2,2000,483.119,0,0,0,1,0,64,0.05,4,100,1,2846.58,3002.01,0
18.3365,79,2,2000,447.573,0,0,0,1,0,64,0.05,4,100,1,2863.34,2677.93,0
18.334,74,3,2000,989.225,0,0,0,1,1,96,0.2,4,100,1,2809.32,6719.35,0
18.3405,87,6,2000,2000,0,0,0,1,0,64,0.05,4,100,1,2958.65,563.73,0
18.341,88,5,2000,1788.94,0,0,0,1,1,96,0.2,4,100,1,2803.59,5706.55,0
18.3415,89,4,2000,1517.45,0,0,0,1,1,32,0.15,4,100,1,2785.52,5434.82,0
18.3425,91,3,2000,877.365,0,0,0,1,1,32,0.15,4,100,1,2763.91,4850.61,0
18.342,90,4,2000,1172.04,0,0,0,1,1,32,0.15,4,100,1,2772.84,5165.42,0
18.351,108,6,2000,1937.24,0,0,0,1,0,0,0,4,100,1,2963.16,486.91,0
18.352,110,4,2000,1376.53,0,0,0,1,1,32,0.15,4,100,1,2770.69,5119.52,0
18.3525,111,3,2000,1065.57,0,0,0,1,1,32,0.15,4,100,1,2767.05,4864.57,0
18.353,112,3,2000,780.028,0,0,0,1,1,32,0.15,4,100,1,2776.34,4577.34,0
18.354,114,2,2000,505.295,0,0,0,1,0,0,0,4,100,1,2803.91,3952.14,0
18.362,130,4,2000,1397.39,0,0,0,1,1,32,0.15,4,100,1,2777.45,5349.72,0
18.3625,131,3,2000,1039.89,0,0,0,1,1,32,0.15,4,100,1,2768.33,5137.66,0
18.371,148,2,2000,440.922,0,0,0,1,0,0,0,4,100,1,2872.19,1841.27,0
18.3725,151,2,2000,437.802,0,0,0,1,0,0,0,4,100,1,2884.82,1626.74,0
18.374,154,5,2000,1859.39,0,0,0,1,1,32,0.15,4,100,1,2878.24,1777.14,0
18.3745,155,4,2000,1513.09,0,0,0,1,1,32,0.15,4,100,1,2862.62,2129.79,0
18.3755,157,5,2000,1644.84,0,0,0,1,1,96,0.2,4,100,1,2873.92,1874.73,0
18.376,158,5,2000,1692.45,0,0,0,1,1,96,0.2,4,100,1,2849.02,2459.93,0
18.3765,159,5,2000,1743.19,0,0,0,1,1,96,0.2,4,100,1,2847.27,2508.01,0
18.377,160,5,2000,1795.22,0,0,0,1,1,96,0.2,4,100,1,2845.51,2555.97,0
18.378,162,5,2000,1844.24,0,0,0,1,1,32,0.15,4,100,1,2841.26,2659.59,0
18.398,202,13,2767.85,4235.61,0,0,0,0,0,0,0,4,100,0,0,0,0
18.3985,203,14,2749,4678.28,0,0,0,0,0,0,0,4,100,0,0,0,0
18.399,204,15,2745.32,5058.65,0,0,0,0,0,0,0,4,100,0,0,0,0
18.3995,205,17,2767.87,5485.82,0,0,0,0,0,0,0,4,100,0,0,0,0
18.403,12,6,2000,2000,0,0,0,1,0,0,0,4,100,1,2837.82,6411.29,0
18.4035,13,5,2000,1716.13,0,0,0,1,1,32,0.15,4,100,1,2819.97,6068.48,0
18.404,14,4,2000,1330.46,0,0,0,1,1,32,0.15,4,100,1,2804.41,5781.02,0
18.4045,15,3,2000,1002.4,0,0,0,1,1,32,0.15,4,100,1,2782.05,5430.19,0
18.4055,17,3,2000,673.367,0,0,0,1,1,32,0.15,4,100,1,2770.21,4719.05,0
18.43,66,6,2000,2000,0,0,0,1,0,64,0.05,4,100,1,2910.71,1331.84,0
18.4305,67,6,2000,1997.17,0,0,0,1,0,64,0.05,4,100,1,2915.56,1207.85,0
18.431,68,5,2000,1844.16,0,0,0,1,1,96,0.2,4,100,1,2928.06,970.58,0
18.4315,69,5,2000,1818.76,0,0,0,1,1,96,0.2,4,100,1,2925.5,953.9,0
18.432,70,4,2000,1189.03,0,0,0,1,1,96,0.2,4,100,1,2927.36,906.6,0
18.4325,71,4,2000,1307.46,0,0,0,1,1,96,0.2,4,100,1,2932.12,866.68,0
18.4335,73,4,2000,1225.19,0,0,0,1,1,96,0.2,4,100,1,2973.9,428.96,0
18.434,74,3,2000,987.909,0,0,0,1,1,96,0.2,4,100,1,2809.32,6719.35,0
18.433,72,4,2000,1349.18,0,0,0,1,1,96,0.2,4,100,1,2964,464.5,0
18.4355,77,3,2000,883.989,0,0,0,1,1,96,0.2,4,100,1,2833.84,3298.01,0
18.436,78,2,2000,481.803,0,0,0,1,0,64,0.05,4,100,1,2846.58,3002.01,0
18.4365,79,2,2000,446.256,0,0,0,1,0,64,0.05,4,100,1,2863.34,2677.93,0
18.435,76,3,2000,923.916,0,0,0,1,1,96,0.2,4,100,1,2817.69,3622.1,0
18.4345,75,3,2000,971.223,0,0,0,1,1,96,0.2,4,100,1,2837.29,6372.45,0
18.4405,87,6,2000,2000,0,0,0,1,0,64,0.05,4,100,1,2958.65,563.73,0
18.441,88,5,2000,1787.63,0,0,0,1,1,96,0.2,4,100,1,2803.59,5706.55,0
18.4415,89,4,2000,1516.13,0,0,0,1,1,32,0.15,4,100,1,2785.52,5434.82,0
18.442,90,4,2000,1170.72,0,0,0,1,1,32,0.15,4,100,1,2772.84,5165.42,0
18.4425,91,3,2000,876.046,0,0,0,1,1,32,0.15,4,100,1,2763.91,4850.61,0
18.451,108,6,2000,1935.92,0,0,0,1,0,0,0,4,100,1,2963.16,486.91,0
18.452,110,4,2000,1375.21,0,0,0,1,1,32,0.15,4,100,1,2770.69,5119.52,0
18.4525,111,3,2000,1064.25,0,0,0,1,1,32,0.15,4,100,1,2767.05,4864.57,0
18.453,112,3,2000,778.706,0,0,0,1,1,32,0.15,4,100,1,2776.34,4577.34,0
18.454,114,2,2000,503.973,0,0,0,1,0,0,0,4,100,1,2803.91,3952.14,0
18.462,130,4,2000,1396.07,0,0,0,1,1,32,0.15,4,100,1,2777.45,5349.72,0
18.4625,131,3,2000,1038.57,0,0,0,1,1,32,0.15,4,100,1,2768.33,5137.66,0
18.471,148,2,2000,439.595,0,0,0,1,0,0,0,4,100,1,2872.19,1841.27,0
18.4725,151,2,2000,436.475,0,0,0,1,0,0,0,4,100,1,2884.82,1626.74,0
18.474,154,5,2000,1858.07,0,0,0,1,1,32,0.15,4,100,1,2878.24,1777.14,0
18.4745,155,4,2000,1511.76,0,0,0,1,1,32,0.15,4,100,1,2862.62,2129.79,0
18.4755,157,5,2000,1643.52,0,0,0,1,1,96,0.2,4,100,1,2873.92,1874.73,0
18.476,158,5,2000,1691.12,0,0,0,1,1,96,0.2,4,100,1,2849.02,2459.93,0
18.4765,159,5,2000,1741.86,0,0,0,1,1,96,0.2,4,100,1,2847.27,2508.01,0
18.478,162,5,2000,1842.91,0,0,0,1,1,32,0.15,4,100,1,2841.26,2659.59,0
18.477,160,5,2000,1793.89,0,0,0,1,1,96,0.2,4,100,1,2845.51,2555.97,0
18.498,202,13,2767.85,4235.61,0,0,0,0,0,0,0,4,100,0,0,0,0
18.4985,203,14,2749,4678.28,0,0,0,0,0,0,0,4,100,0,0,0,0
18.499,204,15,2745.32,5058.65,0,0,0,0,0,0,0,4,100,0,0,0,0
18.4995,205,17,2767.87,5485.82,0,0,0,0,0,0,0,4,100,0,0,0,0
18.503,12,6,2000,2000,0,0,0,1,0,0,0,4,100,1,2837.82,6411.29,0
18.5035,13,5,2000,1714.8,0,0,0,1,1,32,0.15,4,100,1,2819.97,6068.48,0
18.504,14,4,2000,1329.12,0,0,0,1,1,32,0.15,4,100,1,2804.41,5781.02,0
18.5045,15,3,2000,1001.06,0,0,0,1,1,32,0.15,4,100,1,2782.05,5430.19,0
18.5055,17,3,2000,672.031,0,0,0,1,1,32,0.15,4,100,1,2770.21,4719.05,0
18.53,66,6,2000,2000,0,0,0,1,0,64,0.05,4,100,1,2910.71,1331.84,0
18.5305,67,6,2000,1995.82,0,0,0,1,0,64,0.05,4,100,1,2915.56,1207.85,0
18.531,68,5,2000,1842.82,0,0,0,1,1,96,0.2,4,100,1,2928.06,970.58,0
18.5315,69,5,2000,1817.42,0,0,0,1,1,96,0.2,4,100,1,2925.5,953.9,0
18.532,70,4,2000,1187.68,0,0,0,1,1,96,0.2,4,100,1,2927.36,906.6,0
18.533,72,4,2000,1347.84,0,0,0,1,1,96,0.2,4,100,1,2964,464.5,0
18.5335,73,4,2000,1223.84,0,0,0,1,1,96,0.2,4,100,1,2973.9,428.96,0
18.5325,71,4,2000,1306.12,0,0,0,1,1,96,0.2,4,100,1,2932.12,866.68,0
18.534,74,3,2000,986.566,0,0,0,1,1,96,0.2,4,100,1,2809.32,6719.35,0
18.5355,77,3,2000,882.645,0,0,0,1,1,96,0.2,4,100,1,2833.84,3298.01,0
18.536,78,2,2000,480.459,0,0,0,1,0,64,0.05,4,100,1,2846.58,3002.01,0
18.535,76,3,2000,922.572,0,0,0,1,1,96,0.2,4,100,1,2817.69,3622.1,0
18.5365,79,2,2000,444.912,0,0,0,1,0,64,0.05,4,100,1,2863.34,2677.93,0
18.5345,75,3,2000,969.879,0,0,0,1,1,96,0.2,4,100,1,2837.29,6372.45,0
18.5405,87,6,2000,2000,0,0,0,1,0,64,0.05,4,100,1,2958.65,563.73,0
18.541,88,5,2000,1786.28,0,0,0,1,1,96,0.2,4,100,1,2803.59,5706.55,0
18.5415,89,4,2000,1514.78,0,0,0,1,1,32,0.15,4,100,1,2785.52,5434.82,0
18.542,90,4,2000,1169.38,0,0,0,1,1,32,0.15,4,100,1,2772.84,5165.42,0
18.5425,91,3,2000,874.7,0,0,0,1,1,32,0.15,4,100,1,2763.91,4850.61,0
18.551,108,6,2000,1934.57,0,0,0,1,0,0,0,4,100,1,2963.16,486.91,0
18.552,110,4,2000,1373.86,0,0,0,1,1,32,0.15,4,100,1,2770.69,5119.52,0
18.5525,111,3,2000,1062.9,0,0,0,1,1,32,0.15,4,100,1,2767.05,4864.57,0
18.553,112,3,2000,777.357,0,0,0,1,1,32,0.15,4,100,1,2776.34,4577.34,0
18.554,114,2,2000,502.624,0,0,0,1,0,0,0,4,100,1,2803.91,3952.14,0
18.562,130,4,2000,1394.71,0,0,0,1,1,32,0.15,4,100,1,2777.45,5349.72,0
18.5625,131,3,2000,1037.22,0,0,0,1,1,32,0.15,4,100,1,2768.33,5137.66,0
18.571,148,2,2000,438.242,0,0,0,1,0,0,0,4,100,1,2872.19,1841.27,0
18.5725,151,2,2000,435.121,0,0,0,1,0,0,0,4,100,1,2884.82,1626.74,0
18.574,154,5,2000,1856.71,0,0,0,1,1,32,0.15,4,100,1,2878.24,1777.14,0
18.5745,155,4,2000,1510.4,0,0,0,1,1,32,0.15,4,100,1,2862.62,2129.79,0
18.5755,157,5,2000,1642.16,0,0,0,1,1,96,0.2,4,100,1,2873.92,1874.73,0
18.576,158,5,2000,1689.76,0,0,0,1,1,96,0.2,4,100,1,2849.02,2459.93,0
18.5765,159,5,2000,1740.51,0,0,0,1,1,96,0.2,4,100,1,2847.27,2508.01,0
18.577,160,5,2000,1792.54,0,0,0,1,1,96,0.2,4,100,1,2845.51,2555.97,0
18.578,162,5,2000,1841.56,0,0,0,1,1,32,0.15,4,100,1,2841.26,2659.59,0
18.598,202,13,2767.85,4235.61,0,0,0,0,0,0,0,4,100,0,0,0,0
18.5985,203,14,2749,4678.28,0,0,0,0,0,0,0,4,100,0,0,0,0
18.599,204,15,2745.32,5058.65,0,0,0,0,0,0,0,4,100,0,0,0,0
18.5995,205,17,2767.87,5485.82,0,0,0,0,0,0,0,4,100,0,0,0,0
18.603,12,6,2000,2000,0,0,0,1,0,0,0,4,100,1,2837.82,6411.29,0
18.6035,13,5,2000,1713.44,0,0,0,1,1,32,0.15,4,100,1,2819.97,6068.48,0
18.604,14,4,2000,1327.76,0,0,0,1,1,32,0.15,4,100,1,2804.41,5781.02,0
18.6045,15,3,2000,999.703,0,0,0,1,1,32,0.15,4,100,1,2782.05,5430.19,0
18.6055,17,3,2000,670.669,0,0,0,1,1,32,0.15,4,100,1,2770.21,4719.05,0
18.63,66,6,2000,2000,0,0,0,1,0,64,0.05,4,100,1,2910.71,1331.84,0
18.6305,67,6,2000,1994.45,0,0,0,1,0,64,0.05,4,100,1,2915.56,1207.85,0
18.631,68,5,2000,1841.45,0,0,0,1,1,96,0.2,4,100,1,2928.06,970.58,0
18.632,70,4,2000,1186.31,0,0,0,1,1,96,0.2,4,100,1,2927.36,906.6,0
18.6325,71,4,2000,1304.75,0,0,0,1,1,96,0.2,4,100,1,2932.12,866.68,0
18.6315,69,5,2000,1816.05,0,0,0,1,1,96,0.2,4,100,1,2925.5,953.9,0
18.6335,73,4,2000,1222.47,0,0,0,1,1,96,0.2,4,100,1,2973.9,428.96,0
18.634,74,3,2000,985.196,0,0,0,1,1,96,0.2,4,100,1,2809.32,6719.35,0
18.635,76,3,2000,921.203,0,0,0,1,1,96,0.2,4,100,1,2817.69,3622.1,0
18.6355,77,3,2000,881.276,0,0,0,1,1,96,0.2,4,100,1,2833.84,3298.01,0
18.6345,75,3,2000,968.509,0,0,0,1,1,96,0.2,4,100,1,2837.29,6372.45,0
18.636,78,2,2000,479.089,0,0,0,1,0,64,0.05,4,100,1,2846.58,3002.01,0
18.6365,79,2,2000,443.542,0,0,0,1,0,64,0.05,4,100,1,2863.34,2677.93,0
18.633,72,4,2000,1346.47,0,0,0,1,1,96,0.2,4,100,1,2964,464.5,0
18.6405,87,6,2000,2000,0,0,0,1,0,64,0.05,4,100,1,2958.65,563.73,0
18.641,88,5,2000,1784.91,0,0,0,1,1,96,0.2,4,100,1,2803.59,5706.55,0
18.6415,89,4,2000,1513.41,0,0,0,1,1,32,0.15,4,100,1,2785.52,5434.82,0
18.6425,91,3,2000,873.329,0,0,0,1,1,32,0.15,4,100,1,2763.91,4850.61,0
18.642,90,4,2000,1168.01,0,0,0,1,1,32,0.15,4,100,1,2772.84,5165.42,0
18.651,108,6,2000,1933.2,0,0,0,1,0,0,0,4,100,1,2963.16,486.91,0
18.652,110,4,2000,1372.49,0,0,0,1,1,32,0.15,4,100,1,2770.69,5119.52,0
18.6525,111,3,2000,1061.53,0,0,0,1,1,32,0.15,4,100,1,2767.05,4864.57,0
18.653,112,3,2000,775.983,0,0,0,1,1,32,0.15,4,100,1,2776.34,4577.34,0
18.654,114,2,2000,501.25,0,0,0,1,0,0,0,4,100,1,2803.91,3952.14,0
18.662,130,4,2000,1393.34,0,0,0,1,1,32,0.15,4,100,1,2777.45,5349.72,0
18.6625,131,3,2000,1035.84,0,0,0,1,1,32,0.15,4,100,1,2768.33,5137.66,0
18.671,148,2,2000,436.864,0,0,0,1,0,0,0,4,100,1,2872.19,1841.27,0
18.6725,151,2,2000,433.743,0,0,0,1,0,0,0,4,100,1,2884.82,1626.74,0
18.674,154,5,2000,1855.33,0,0,0,1,1,32,0.15,4,100,1,2878.24,1777.14,0
18.6745,155,4,2000,1509.03,0,0,0,1,1,32,0.15,4,100,1,2862.62,2129.79,0
18.6755,157,5,2000,1640.78,0,0,0,1,1,96,0.2,4,100,1,2873.92,1874.73,0
18.676,158,5,2000,1688.38,0,0,0,1,1,96,0.2,4,100,1,2849.02,2459.93,0
18.6765,159,5,2000,1739.13,0,0,0,1,1,96,0.2,4,100,1,2847.27,2508.01,0
18.677,160,5,2000,1791.16,0,0,0,1,1,96,0.2,4,100,1,2845.51,2555.97,0
18.678,162,5,2000,1840.18,0,0,0,1,1,32,0.15,4,100,1,2841.26,2659.59,0
18.698,202,13,2767.85,4235.61,0,0,0,0,0,0,0,4,100,0,0,0,0
18.6985,203,14,2749,4678.28,0,0,0,0,0,0,0,4,100,0,0,0,0
18.699,204,15,2745.32,5058.65,0,0,0,0,0,0,0,4,100,0,0,0,0
18.6995,205,17,2767.87,5485.82,0,0,0,0,0,0,0,4,100,0,0,0,0
18.703,12,6,2000,2000,0,0,0,1,0,0,0,4,100,1,2837.82,6411.29,0
18.7035,13,5,2000,1712.05,0,0,0,1,1,32,0.15,4,100,1,2819.97,6068.48,0
18.704,14,4,2000,1326.37,0,0,0,1,1,32,0.15,4,100,1,2804.41,5781.02,0
18.7045,15,3,2000,998.317,0,0,0,1,1,32,0.15,4,100,1,2782.05,5430.19,0
18.7055,17,3,2000,669.283,0,0,0,1,1,32,0.15,4,100,1,2770.21,4719.05,0
18.73,66,6,2000,2000,0,0,0,1,0,64,0.05,4,100,1,2910.71,1331.84,0
18.7305,67,6,2000,1993.06,0,0,0,1,0,64,0.05,4,100,1,2915.56,1207.85,0
18.731,68,5,2000,1840.06,0,0,0,1,1,96,0.2,4,100,1,2928.06,970.58,0
18.7315,69,5,2000,1814.66,0,0,0,1,1,96,0.2,4,100,1,2925.5,953.9,0
18.732,70,4,2000,1184.92,0,0,0,1,1,96,0.2,4,100,1,2927.36,906.6,0
18.7325,71,4,2000,1303.35,0,0,0,1,1,96,0.2,4,100,1,2932.12,866.68,0
18.7335,73,4,2000,1221.08,0,0,0,1,1,96,0.2,4,100,1,2973.9,428.96,0
18.734,74,3,2000,983.804,0,0,0,1,1,96,0.2,4,100,1,2809.32,6719.35,0
18.7345,75,3,2000,967.117,0,0,0,1,1,96,0.2,4,100,1,2837.29,6372.45,0
18.735,76,3,2000,919.81,0,0,0,1,1,96,0.2,4,100,1,2817.69,3622.1,0
18.7355,77,3,2000,879.883,0,0,0,1,1,96,0.2,4,100,1,2833.84,3298.01,0
18.736,78,2,2000,477.696,0,0,0,1,0,64,0.05,4,100,1,2846.58,3002.01,0
18.7365,79,2,2000,442.149,0,0,0,1,0,64,0.05,4,100,1,2863.34,2677.93,0
18.733,72,4,2000,1345.08,0,0,0,1,1,96,0.2,4,100,1,2964,464.5,0
18.7405,87,6,2000,2000,0,0,0,1,0,64,0.05,4,100,1,2958.65,563.73,0
18.741,88,5,2000,1783.52,0,0,0,1,1,96,0.2,4,100,1,2803.59,5706.55,0
18.7415,89,4,2000,1512.02,0,0,0,1,1,32,0.15,4,100,1,2785.52,5434.82,0
18.742,90,4,2000,1166.61,0,0,0,1,1,32,0.15,4,100,1,2772.84,5165.42,0
18.7425,91,3,2000,871.934,0,0,0,1,1,32,0.15,4,100,1,2763.91,4850.61,0
18.751,108,6,2000,1931.8,0,0,0,1,0,0,0,4,100,1,2963.16,486.91,0
18.752,110,4,2000,1371.09,0,0,0,1,1,32,0.15,4,100,1,2770.69,5119.52,0
18.7525,111,3,2000,1060.13,0,0,0,1,1,32,0.15,4,100,1,2767.05,4864.57,0
18.753,112,3,2000,774.587,0,0,0,1,1,32,0.15,4,100,1,2776.34,4577.34,0
18.754,114,2,2000,499.853,0,0,0,1,0,0,0,4,100,1,2803.91,3952.14,0
18.762,130,4,2000,1391.94,0,0,0,1,1,32,0.15,4,100,1,2777.45,5349.72,0
18.7625,131,3,2000,1034.44,0,0,0,1,1,32,0.15,4,100,1,2768.33,5137.66,0
18.771,148,2,2000,435.463,0,0,0,1,0,0,0,4,100,1,2872.19,1841.27,0
18.7725,151,2,2000,432.342,0,0,0,1,0,0,0,4,100,1,2884.82,1626.74,0
18.774,154,5,2000,1853.93,0,0,0,1,1,32,0.15,4,100,1,2878.24,1777.14,0
18.7745,155,4,2000,1507.62,0,0,0,1,1,32,0.15,4,100,1,2862.62,2129.79,0
18.7755,157,5,2000,1639.38,0,0,0,1,1,96,0.2,4,100,1,2873.92,1874.73,0
18.776,158,5,2000,1686.98,0,0,0,1,1,96,0.2,4,100,1,2849.02,2459.93,0
18.7765,159,5,2000,1737.73,0,0,0,1,1,96,0.2,4,100,1,2847.27,2508.01,0
18.777,160,5,2000,1789.76,0,0,0,1,1,96,0.2,4,100,1,2845.51,2555.97,0
18.778,162,5,2000,1838.77,0,0,0,1,1,32,0.15,4,100,1,2841.26,2659.59,0
18.798,202,13,2767.85,4235.61,0,0,0,0,0,0,0,4,100,0,0,0,0
18.7985,203,14,2749,4678.28,0,0,0,0,0,0,0,4,100,0,0,0,0
18.799,204,15,2745.32,5058.65,0,0,0,0,0,0,0,4,100,0,0,0,0
18.7995,205,17,2767.87,5485.82,0,0,0,0,0,0,0,4,100,0,0,0,0
18.803,12,6,2000,2000,0,0,0,1,0,0,0,4,100,1,2837.82,6411.29,0
18.8035,13,5,2000,1710.64,0,0,0,1,1,32,0.15,4,100,1,2819.97,6068.48,0
18.804,14,4,2000,1324.97,0,0,0,1,1,32,0.15,4,100,1,2804.41,5781.02,0
18.8045,15,3,2000,996.909,0,0,0,1,1,32,0.15,4,100,1,2782.05,5430.19,0
18.8055,17,3,2000,667.875,0,0,0,1,1,32,0.15,4,100,1,2770.21,4719.05,0
18.83,66,6,2000,2000,0,0,0,1,0,64,0.05,4,100,1,2910.71,1331.84,0
18.8305,67,6,2000,1991.65,0,0,0,1,0,64,0.05,4,100,1,2915.56,1207.85,0
18.831,68,5,2000,1838.64,0,0,0,1,1,96,0.2,4,100,1,2928.06,970.58,0
18.8315,69,5,2000,1813.25,0,0,0,1,1,96,0.2,4,100,1,2925.5,953.9,0
18.832,70,4,2000,1183.51,0,0,0,1,1,96,0.2,4,100,1,2927.36,906.6,0
18.833,72,4,2000,1343.66,0,0,0,1,1,96,0.2,4,100,1,2964,464.5,0
18.8335,73,4,2000,1219.67,0,0,0,1,1,96,0.2,4,100,1,2973.9,428.96,0
18.8325,71,4,2000,1301.94,0,0,0,1,1,96,0.2,4,100,1,2932.12,866.68,0
18.8345,75,3,2000,965.703,0,0,0,1,1,96,0.2,4,100,1,2837.29,6372.45,0
18.835,76,3,2000,918.396,0,0,0,1,1,96,0.2,4,100,1,2817.69,3622.1,0
18.834,74,3,2000,982.39,0,0,0,1,1,96,0.2,4,100,1,2809.32,6719.35,0
18.8365,79,2,2000,440.734,0,0,0,1,0,64,0.05,4,100,1,2863.34,2677.93,0
18.836,78,2,2000,476.281,0,0,0,1,0,64,0.05,4,100,1,2846.58,3002.01,0
18.8355,77,3,2000,878.468,0,0,0,1,1,96,0.2,4,100,1,2833.84,3298.01,0
18.8405,87,6,2000,2000,0,0,0,1,0,64,0.05,4,100,1,2958.65,563.73,0
18.841,88,5,2000,1782.1,0,0,0,1,1,96,0.2,4,100,1,2803.59,5706.55,0
18.8415,89,4,2000,1510.6,0,0,0,1,1,32,0.15,4,100,1,2785.52,5434.82,0
18.842,90,4,2000,1165.2,0,0,0,1,1,32,0.15,4,100,1,2772.84,5165.42,0
18.8425,91,3,2000,870.519,0,0,0,1,1,32,0.15,4,100,1,2763.91,4850.61,0
18.851,108,6,2000,1930.39,0,0,0,1,0,0,0,4,100,1,2963.16,486.91,0
18.852,110,4,2000,1369.67,0,0,0,1,1,32,0.15,4,100,1,2770.69,5119.52,0
18.8525,111,3,2000,1058.72,0,0,0,1,1,32,0.15,4,100,1,2767.05,4864.57,0
18.853,112,3,2000,773.169,0,0,0,1,1,32,0.15,4,100,1,2776.34,4577.34,0
18.854,114,2,2000,498.435,0,0,0,1,0,0,0,4,100,1,2803.91,3952.14,0
18.862,130,4,2000,1390.52,0,0,0,1,1,32,0.15,4,100,1,2777.45,5349.72,0
18.8625,131,3,2000,1033.02,0,0,0,1,1,32,0.15,4,100,1,2768.33,5137.66,0
18.871,148,2,2000,434.042,0,0,0,1,0,0,0,4,100,1,2872.19,1841.27,0
18.8725,151,2,2000,430.92,0,0,0,1,0,0,0,4,100,1,2884.82,1626.74,0
18.874,154,5,2000,1852.51,0,0,0,1,1,32,0.15,4,100,1,2878.24,1777.14,0
18.8745,155,4,2000,1506.2,0,0,0,1,1,32,0.15,4,100,1,2862.62,2129.79,0
18.8755,157,5,2000,1637.96,0,0,0,1,1,96,0.2,4,100,1,2873.92,1874.73,0
18.876,158,5,2000,1685.56,0,0,0,1,1,96,0.2,4,100,1,2849.02,2459.93,0
18.8765,159,5,2000,1736.3,0,0,0,1,1,96,0.2,4,100,1,2847.27,2508.01,0
18.877,160,5,2000,1788.34,0,0,0,1,1,96,0.2,4,100,1,2845.51,2555.97,0
18.878,162,5,2000,1837.35,0,0,0,1,1,32,0.15,4,100,1,2841.26,2659.59,0
18.898,202,13,2767.85,4235.61,0,0,0,0,0,0,0,4,100,0,0,0,0
18.8985,203,14,2749,4678.28,0,0,0,0,0,0,0,4,100,0,0,0,0
18.899,204,15,2745.32,5058.65,0,0,0,0,0,0,0,4,100,0,0,0,0
18.8995,205,17,2767.87,5485.82,0,0,0,0,0,0,0,4,100,0,0,0,0
18.903,12,6,2000,2000,0,0,0,1,0,0,0,4,100,1,2837.82,6411.29,0
18.9035,13,5,2000,1709.22,0,0,0,1,1,32,0.15,4,100,1,2819.97,6068.48,0
18.904,14,4,2000,1323.54,0,0,0,1,1,32,0.15,4,100,1,2804.41,5781.02,0
18.9045,15,3,2000,995.482,0,0,0,1,1,32,0.15,4,100,1,2782.05,5430.19,0
18.9055,17,3,2000,666.447,0,0,0,1,1,32,0.15,4,100,1,2770.21,4719.05,0
18.93,66,6,2000,2000,0,0,0,1,0,64,0.05,4,100,1,2910.71,1331.84,0
18.9305,67,6,2000,1990.22,0,0,0,1,0,64,0.05,4,100,1,2915.56,1207.85,0
18.931,68,5,2000,1837.21,0,0,0,1,1,96,0.2,4,100,1,2928.06,970.58,0
18.932,70,4,2000,1182.08,0,0,0,1,1,96,0.2,4,100,1,2927.36,906.6,0
18.9325,71,4,2000,1300.51,0,0,0,1,1,96,0.2,4,100,1,2932.12,866.68,0
18.9315,69,5,2000,1811.81,0,0,0,1,1,96,0.2,4,100,1,2925.5,953.9,0
18.9335,73,4,2000,1218.23,0,0,0,1,1,96,0.2,4,100,1,2973.9,428.96,0
18.934,74,3,2000,980.957,0,0,0,1,1,96,0.2,4,100,1,2809.32,6719.35,0
18.9345,75,3,2000,964.27,0,0,0,1,1,96,0.2,4,100,1,2837.29,6372.45,0
18.933,72,4,2000,1342.23,0,0,0,1,1,96,0.2,4,100,1,2964,464.5,0
18.936,78,2,2000,474.848,0,0,0,1,0,64,0.05,4,100,1,2846.58,3002.01,0
18.9365,79,2,2000,439.301,0,0,0,1,0,64,0.05,4,100,1,2863.34,2677.93,0
18.935,76,3,2000,916.963,0,0,0,1,1,96,0.2,4,100,1,2817.69,3622.1,0
18.9355,77,3,2000,877.035,0,0,0,1,1,96,0.2,4,100,1,2833.84,3298.01,0
18.9405,87,6,2000,2000,0,0,0,1,0,64,0.05,4,100,1,2958.65,563.73,0
18.941,88,5,2000,1780.67,0,0,0,1,1,96,0.2,4,100,1,2803.59,5706.55,0
18.9415,89,4,2000,1509.17,0,0,0,1,1,32,0.15,4,100,1,2785.52,5434.82,0
18.942,90,4,2000,1163.76,0,0,0,1,1,32,0.15,4,100,1,2772.84,5165.42,0
18.9425,91,3,2000,869.085,0,0,0,1,1,32,0.15,4,100,1,2763.91,4850.61,0
18.951,108,6,2000,1928.95,0,0,0,1,0,0,0,4,100,1,2963.16,486.91,0
18.952,110,4,2000,1368.24,0,0,0,1,1,32,0.15,4,100,1,2770.69,5119.52,0
18.9525,111,3,2000,1057.28,0,0,0,1,1,32,0.15,4,100,1,2767.05,4864.57,0
18.953,112,3,2000,771.733,0,0,0,1,1,32,0.15,4,100,1,2776.34,4577.34,0
18.954,114,2,2000,496.998,0,0,0,1,0,0,0,4,100,1,2803.91,3952.14,0
18.962,130,4,2000,1389.08,0,0,0,1,1,32,0.15,4,100,1,2777.45,5349.72,0
18.9625,131,3,2000,1031.59,0,0,0,1,1,32,0.15,4,100,1,2768.33,5137.66,0
18.971,148,2,2000,432.603,0,0,0,1,0,0,0,4,100,1,2872.19,1841.27,0
18.9725,151,2,2000,429.481,0,0,0,1,0,0,0,4,100,1,2884.82,1626.74,0
18.974,154,5,2000,1851.07,0,0,0,1,1,32,0.15,4,100,1,2878.24,1777.14,0
18.9745,155,4,2000,1504.76,0,0,0,1,1,32,0.15,4,100,1,2862.62,2129.79,0
18.9755,157,5,2000,1636.52,0,0,0,1,1,96,0.2,4,100,1,2873.92,1874.73,0
18.976,158,5,2000,1684.12,0,0,0,1,1,96,0.2,4,100,1,2849.02,2459.93,0
18.9765,159,5,2000,1734.86,0,0,0,1,1,96,0.2,4,100,1,2847.27,2508.01,0
18.977,160,5,2000,1786.9,0,0,0,1,1,96,0.2,4,100,1,2845.51,2555.97,0
18.978,162,5,2000,1835.91,0,0,0,1,1,32,0.15,4,100,1,2841.26,2659.59,0
18.998,202,13,2767.85,4235.61,0,0,0,0,0,0,0,4,100,0,0,0,0
18.9985,203,14,2749,4678.28,0,0,0,0,0,0,0,4,100,0,0,0,0
18.999,204,15,2745.32,5058.65,0,0,0,0,0,0,0,4,100,0,0,0,0
18.9995,205,17,2767.87,5485.82,0,0,0,0,0,0,0,4,100,0,0,0,0
19.003,12,6,2000,2000,0,0,0,1,0,0,0,4,100,1,2837.82,6411.29,0
19.0035,13,5,2000,1707.77,0,0,0,1,1,32,0.15,4,100,1,2819.97,6068.48,0
19.004,14,4,2000,1322.09,0,0,0,1,1,32,0.15,4,100,1,2804.41,5781.02,0
19.0045,15,3,2000,994.037,0,0,0,1,1,32,0.15,4,100,1,2782.05,5430.19,0
19.0055,17,3,2000,665.002,0,0,0,1,1,32,0.15,4,100,1,2770.21,4719.05,0
19.03,66,6,2000,2000,0,0,0,1,0,64,0.05,4,100,1,2910.71,1331.84,0
19.0305,67,6,2000,1988.77,0,0,0,1,0,64,0.05,4,100,1,2915.56,1207.85,0
19.031,68,5,2000,1835.76,0,0,0,1,1,96,0.2,4,100,1,2928.06,970.58,0
19.0315,69,5,2000,1810.36,0,0,0,1,1,96,0.2,4,100,1,2925.5,953.9,0
19.0325,71,4,2000,1299.06,0,0,0,1,1,96,0.2,4,100,1,2932.12,866.68,0
19.032,70,4,2000,1180.63,0,0,0,1,1,96,0.2,4,100,1,2927.36,906.6,0
19.034,74,3,2000,979.508,0,0,0,1,1,96,0.2,4,100,1,2809.32,6719.35,0
19.0345,75,3,2000,962.82,0,0,0,1,1,96,0.2,4,100,1,2837.29,6372.45,0
19.0335,73,4,2000,1216.79,0,0,0,1,1,96,0.2,4,100,1,2973.9,428.96,0
19.033,72,4,2000,1340.78,0,0,0,1,1,96,0.2,4,100,1,2964,464.5,0
19.0355,77,3,2000,875.586,0,0,0,1,1,96,0.2,4,100,1,2833.84,3298.01,0
19.035,76,3,2000,915.513,0,0,0,1,1,96,0.2,4,100,1,2817.69,3622.1,0
19.0365,79,2,2000,437.851,0,0,0,1,0,64,0.05,4,100,1,2863.34,2677.93,0
19.036,78,2,2000,473.399,0,0,0,1,0,64,0.05,4,100,1,2846.58,3002.01,0
19.0405,87,6,2000,2000,0,0,0,1,0,64,0.05,4,100,1,2958.65,563.73,0
19.041,88,5,2000,1779.22,0,0,0,1,1,96,0.2,4,100,1,2803.59,5706.55,0
19.0415,89,4,2000,1507.72,0,0,0,1,1,32,0.15,4,100,1,2785.52,5434.82,0
19.042,90,4,2000,1162.31,0,0,0,1,1,32,0.15,4,100,1,2772.84,5165.42,0
19.0425,91,3,2000,867.634,0,0,0,1,1,32,0.15,4,100,1,2763.91,4850.61,0
19.051,108,6,2000,1927.5,0,0,0,1,0,0,0,4,100,1,2963.16,486.91,0
19.052,110,4,2000,1366.79,0,0,0,1,1,32,0.15,4,100,1,2770.69,5119.52,0
19.0525,111,3,2000,1055.83,0,0,0,1,1,32,0.15,4,100,1,2767.05,4864.57,0
19.053,112,3,2000,770.281,0,0,0,1,1,32,0.15,4,100,1,2776.34,4577.34,0
19.054,114,2,2000,495.546,0,0,0,1,0,0,0,4,100,1,2803.91,3952.14,0
19.062,130,4,2000,1387.63,0,0,0,1,1,32,0.15,4,100,1,2777.45,5349.72,0
19.0625,131,3,2000,1030.13,0,0,0,1,0,0,0,4,100,1,2768.33,5137.66,0
19.071,148,2,2000,431.148,0,0,0,1,0,0,0,4,100,1,2872.19,1841.27,0
19.0725,151,2,2000,428.026,0,0,0,1,0,0,0,4,100,1,2884.82,1626.74,0
19.074,154,5,2000,1849.61,0,0,0,1,1,32,0.15,4,100,1,2878.24,1777.14,0
19.0745,155,4,2000,1503.31,0,0,0,1,1,32,0.15,4,100,1,2862.62,2129.79,0
19.0755,157,5,2000,1635.06,0,0,0,1,1,96,0.2,4,100,1,2873.92,1874.73,0
19.076,158,5,2000,1682.66,0,0,0,1,1,96,0.2,4,100,1,2849.02,2459.93,0
19.0765,159,5,2000,1733.41,0,0,0,1,0,64,0.05,4,100,1,2847.27,2508.01,0
19.077,160,5,2000,1785.44,0,0,0,1,0,64,0.05,4,100,1,2845.51,2555.97,0
19.078,162,5,2000,1834.46,0,0,0,1,0,0,0,4,100,1,2841.26,2659.59,0
19.098,202,13,2767.85,4235.61,0,0,0,0,0,0,0,4,100,0,0,0,0
19.0985,203,14,2749,4678.28,0,0,0,0,0,0,0,4,100,0,0,0,0
19.099,204,15,2745.32,5058.65,0,0,0,0,0,0,0,4,100,0,0,0,0
19.0995,205,17,2767.87,5485.82,0,0,0,0,0,0,0,4,100,0,0,0,0
19.103,12,6,2000,2000,0,0,0,1,0,0,0,4,100,1,2837.82,6411.29,0
19.1035,13,5,2000,1706.31,0,0,0,1,0,0,0,4,100,1,2819.97,6068.48,0
19.104,14,4,2000,1320.63,0,0,0,1,1,32,0.15,4,100,1,2804.41,5781.02,0
19.1045,15,3,2000,992.577,0,0,0,1,0,0,0,4,100,1,2782.05,5430.19,0
19.1055,17,3,2000,663.543,0,0,0,1,0,0,0,4,100,1,2770.21,4719.05,0
19.13,66,6,2000,2000,0,0,0,1,0,64,0.05,4,100,1,2910.71,1331.84,0
19.1305,67,6,2000,1987.31,0,0,0,1,0,64,0.05,4,100,1,2915.56,1207.85,0
19.131,68,5,2000,1834.3,0,0,0,1,0,64,0.05,4,100,1,2928.06,970.58,0
19.1315,69,5,2000,1808.9,0,0,0,1,0,64,0.05,4,100,1,2925.5,953.9,0
19.132,70,4,2000,1179.16,0,0,0,1,1,96,0.2,4,100,1,2927.36,906.6,0
19.133,72,4,2000,1339.32,0,0,0,1,0,64,0.05,4,100,1,2964,464.5,0
19.1335,73,4,2000,1215.32,0,0,0,1,0,64,0.05,4,100,1,2973.9,428.96,0
19.1325,71,4,2000,1297.6,0,0,0,1,0,64,0.05,4,100,1,2932.12,866.68,0
19.134,74,3,2000,978.044,0,0,0,1,0,64,0.05,4,100,1,2809.32,6719.35,0
19.1345,75,3,2000,961.357,0,0,0,1,0,64,0.05,4,100,1,2837.29,6372.45,0
19.135,76,3,2000,914.049,0,0,0,1,0,64,0.05,4,100,1,2817.69,3622.1,0
19.1355,77,3,2000,874.122,0,0,0,1,0,64,0.05,4,100,1,2833.84,3298.01,0
19.136,78,2,2000,471.935,0,0,0,1,0,64,0.05,4,100,1,2846.58,3002.01,0
19.1365,79,2,2000,436.387,0,0,0,1,0,64,0.05,4,100,1,2863.34,2677.93,0
19.1405,87,6,2000,2000,0,0,0,1,0,64,0.05,4,100,1,2958.65,563.73,0
19.141,88,5,2000,1777.75,0,0,0,1,0,64,0.05,4,100,1,2803.59,5706.55,0
19.1415,89,4,2000,1506.25,0,0,0,1,0,0,0,4,100,1,2785.52,5434.82,0
19.142,90,4,2000,1160.85,0,0,0,1,0,0,0,4,100,1,2772.84,5165.42,0
19.1425,91,3,2000,866.169,0,0,0,1,0,0,0,4,100,1,2763.91,4850.61,0
19.151,108,6,2000,1926.03,0,0,0,1,0,0,0,4,100,1,2963.16,486.91,0
19.152,110,4,2000,1365.32,0,0,0,1,0,0,0,4,100,1,2770.69,5119.52,0
19.1525,111,3,2000,1054.36,0,0,0,1,1,32,0.15,4,100,1,2767.05,4864.57,0
19.153,112,3,2000,768.815,0,0,0,1,1,32,0.15,4,100,1,2776.34,4577.34,0
19.154,114,2,2000,494.08,0,0,0,1,0,0,0,4,100,1,2803.91,3952.14,0
19.162,130,4,2000,1386.16,0,0,0,1,0,0,0,4,100,1,2777.45,5349.72,0
19.1625,131,3,2000,1028.66,0,0,0,1,1,32,0.15,4,100,1,2768.33,5137.66,0
19.171,148,2,2000,429.679,0,0,0,1,0,0,0,4,100,1,2872.19,1841.27,0
19.1725,151,2,2000,426.557,0,0,0,1,0,0,0,4,100,1,2884.82,1626.74,0
19.174,154,5,2000,1848.15,0,0,0,1,0,0,0,4,100,1,2878.24,1777.14,0
19.1745,155,4,2000,1501.84,0,0,0,1,0,0,0,4,100,1,2862.62,2129.79,0
19.1755,157,5,2000,1633.59,0,0,0,1,1,96,0.2,4,100,1,2873.92,1874.73,0
19.176,158,5,2000,1681.2,0,0,0,1,1,96,0.2,4,100,1,2849.02,2459.93,0
19.1765,159,5,2000,1731.94,0,0,0,1,1,96,0.2,4,100,1,2847.27,2508.01,0
19.177,160,5,2000,1783.97,0,0,0,1,1,96,0.2,4,100,1,2845.51,2555.97,0
19.178,162,5,2000,1832.99,0,0,0,1,1,32,0.15,4,100,1,2841.26,2659.59,0
19.198,202,13,2767.85,4235.61,0,0,0,0,0,0,0,4,100,0,0,0,0
19.1985,203,14,2749,4678.28,0,0,0,0,0,0,0,4,100,0,0,0,0
19.199,204,15,2745.32,5058.65,0,0,0,0,0,0,0,4,100,0,0,0,0
19.1995,205,17,2767.87,5485.82,0,0,0,0,0,0,0,4,100,0,0,0,0
19.203,12,6,2000,2000,0,0,0,1,0,0,0,4,100,1,2837.82,6411.29,0
19.2035,13,5,2000,1704.84,0,0,0,1,1,32,0.15,4,100,1,2819.97,6068.48,0
19.204,14,4,2000,1319.16,0,0,0,1,1,32,0.15,4,100,1,2804.41,5781.02,0
19.2045,15,3,2000,991.105,0,0,0,1,1,32,0.15,4,100,1,2782.05,5430.19,0
19.2055,17,3,2000,662.07,0,0,0,1,1,32,0.15,4,100,1,2770.21,4719.05,0
19.23,66,6,2000,2000,0,0,0,1,0,64,0.05,4,100,1,2910.71,1331.84,0
19.2305,67,6,2000,1985.83,0,0,0,1,0,64,0.05,4,100,1,2915.56,1207.85,0
19.231,68,5,2000,1832.82,0,0,0,1,1,96,0.2,4,100,1,2928.06,970.58,0
19.2315,69,5,2000,1807.43,0,0,0,1,1,96,0.2,4,100,1,2925.5,953.9,0
19.2325,71,4,2000,1296.12,0,0,0,1,1,96,0.2,4,100,1,2932.12,866.68,0
19.233,72,4,2000,1337.84,0,0,0,1,1,96,0.2,4,100,1,2964,464.5,0
19.232,70,4,2000,1177.69,0,0,0,1,1,96,0.2,4,100,1,2927.36,906.6,0
19.2335,73,4,2000,1213.85,0,0,0,1,1,96,0.2,4,100,1,2973.9,428.96,0
19.234,74,3,2000,976.569,0,0,0,1,1,96,0.2,4,100,1,2809.32,6719.35,0
19.235,76,3,2000,912.574,0,0,0,1,1,96,0.2,4,100,1,2817.69,3622.1,0
19.236,78,2,2000,470.459,0,0,0,1,0,64,0.05,4,100,1,2846.58,3002.01,0
19.2365,79,2,2000,434.912,0,0,0,1,0,64,0.05,4,100,1,2863.34,2677.93,0
19.2355,77,3,2000,872.646,0,0,0,1,1,96,0.2,4,100,1,2833.84,3298.01,0
19.2345,75,3,2000,959.881,0,0,0,1,1,96,0.2,4,100,1,2837.29,6372.45,0
19.2405,87,6,2000,2000,0,0,0,1,0,64,0.05,4,100,1,2958.65,563.73,0
19.241,88,5,2000,1776.27,0,0,0,1,1,96,0.2,4,100,1,2803.59,5706.55,0
19.2415,89,4,2000,1504.78,0,0,0,1,1,32,0.15,4,100,1,2785.52,5434.82,0
19.242,90,4,2000,1159.37,0,0,0,1,1,32,0.15,4,100,1,2772.84,5165.42,0
19.2425,91,3,2000,864.693,0,0,0,1,1,32,0.15,4,100,1,2763.91,4850.61,0
19.251,108,6,2000,1924.56,0,0,0,1,0,0,0,4,100,1,2963.16,486.91,0
19.252,110,4,2000,1363.84,0,0,0,1,1,32,0.15,4,100,1,2770.69,5119.52,0
19.2525,111,3,2000,1052.88,0,0,0,1,1,32,0.15,4,100,1,2767.05,4864.57,0
19.253,112,3,2000,767.337,0,0,0,1,1,32,0.15,4,100,1,2776.34,4577.34,0
19.254,114,2,2000,492.602,0,0,0,1,0,0,0,4,100,1,2803.91,3952.14,0
19.262,130,4,2000,1384.68,0,0,0,1,1,32,0.15,4,100,1,2777.45,5349.72,0
19.2625,131,3,2000,1027.19,0,0,0,1,1,32,0.15,4,100,1,2768.33,5137.66,0
19.271,148,2,2000,428.2,0,0,0,1,0,0,0,4,100,1,2872.19,1841.27,0
19.2725,151,2,2000,425.078,0,0,0,1,0,0,0,4,100,1,2884.82,1626.74,0
19.274,154,5,2000,1846.67,0,0,0,1,1,32,0.15,4,100,1,2878.24,1777.14,0
19.2745,155,4,2000,1500.36,0,0,0,1,1,32,0.15,4,100,1,2862.62,2129.79,0
19.2755,157,5,2000,1632.11,0,0,0,1,1,96,0.2,4,100,1,2873.92,1874.73,0
19.276,158,5,2000,1679.72,0,0,0,1,1,96,0.2,4,100,1,2849.02,2459.93,0
19.2765,159,5,2000,1730.46,0,0,0,1,1,96,0.2,4,100,1,2847.27,2508.01,0
19.277,160,5,2000,1782.49,0,0,0,1,1,96,0.2,4,100,1,2845.51,2555.97,0
19.278,162,5,2000,1831.51,0,0,0,1,1,32,0.15,4,100,1,2841.26,2659.59,0
19.298,202,13,2767.85,4235.61,0,0,0,0,0,0,0,4,100,0,0,0,0
19.2985,203,14,2749,4678.28,0,0,0,0,0,0,0,4,100,0,0,0,0
19.299,204,15,2745.32,5058.65,0,0,0,0,0,0,0,4,100,0,0,0,0
19.2995,205,17,2767.87,5485.82,0,0,0,0,0,0,0,4,100,0,0,0,0
19.303,12,6,2000,2000,0,0,0,1,0,0,0,4,100,1,2837.82,6411.29,0
19.3035,13,5,2000,1703.36,0,0,0,1,1,32,0.15,4,100,1,2819.97,6068.48,0
19.304,14,4,2000,1317.68,0,0,0,1,1,32,0.15,4,100,1,2804.41,5781.02,0
19.3045,15,3,2000,989.622,0,0,0,1,1,32,0.15,4,100,1,2782.05,5430.19,0
19.3055,17,3,2000,660.588,0,0,0,1,1,32,0.15,4,100,1,2770.21,4719.05,0
19.33,66,6,2000,2000,0,0,0,1,0,64,0.05,4,100,1,2910.71,1331.84,0
19.3305,67,6,2000,1984.35,0,0,0,1,0,64,0.05,4,100,1,2915.56,1207.85,0
19.331,68,5,2000,1831.34,0,0,0,1,1,96,0.2,4,100,1,2928.06,970.58,0
19.3315,69,5,2000,1805.94,0,0,0,1,1,96,0.2,4,100,1,2925.5,953.9,0
19.3325,71,4,2000,1294.64,0,0,0,1,1,96,0.2,4,100,1,2932.12,866.68,0
19.333,72,4,2000,1336.36,0,0,0,1,1,96,0.2,4,100,1,2964,464.5,0
19.332,70,4,2000,1176.2,0,0,0,1,1,96,0.2,4,100,1,2927.36,906.6,0
19.334,74,3,2000,975.083,0,0,0,1,1,96,0.2,4,100,1,2809.32,6719.35,0
19.3345,75,3,2000,958.396,0,0,0,1,1,96,0.2,4,100,1,2837.29,6372.45,0
19.335,76,3,2000,911.089,0,0,0,1,1,96,0.2,4,100,1,2817.69,3622.1,0
19.3355,77,3,2000,871.161,0,0,0,1,1,96,0.2,4,100,1,2833.84,3298.01,0
19.336,78,2,2000,468.974,0,0,0,1,0,64,0.05,4,100,1,2846.58,3002.01,0
19.3365,79,2,2000,433.426,0,0,0,1,0,64,0.05,4,100,1,2863.34,2677.93,0
19.3335,73,4,2000,1212.36,0,0,0,1,1,96,0.2,4,100,1,2973.9,428.96,0
19.3405,87,6,2000,2000,0,0,0,1,0,64,0.05,4,100,1,2958.65,563.73,0
19.341,88,5,2000,1774.79,0,0,0,1,1,96,0.2,4,100,1,2803.59,5706.55,0
19.3415,89,4,2000,1503.29,0,0,0,1,1,32,0.15,4,100,1,2785.52,5434.82,0
19.342,90,4,2000,1157.88,0,0,0,1,1,32,0.15,4,100,1,2772.84,5165.42,0
19.3425,91,3,2000,863.207,0,0,0,1,1,32,0.15,4,100,1,2763.91,4850.61,0
19.351,108,6,2000,1923.07,0,0,0,1,0,0,0,4,100,1,2963.16,486.91,0
19.352,110,4,2000,1362.36,0,0,0,1,1,32,0.15,4,100,1,2770.69,5119.52,0
19.3525,111,3,2000,1051.4,0,0,0,1,1,32,0.15,4,100,1,2767.05,4864.57,0
19.353,112,3,2000,765.85,0,0,0,1,1,32,0.15,4,100,1,2776.34,4577.34,0
19.354,114,2,2000,491.115,0,0,0,1,0,0,0,4,100,1,2803.91,3952.14,0
19.362,130,4,2000,1383.2,0,0,0,1,1,32,0.15,4,100,1,2777.45,5349.72,0
19.3625,131,3,2000,1025.7,0,0,0,1,1,32,0.15,4,100,1,2768.33,5137.66,0
19.371,148,2,2000,426.712,0,0,0,1,0,0,0,4,100,1,2872.19,1841.27,0
19.3725,151,2,2000,423.59,0,0,0,1,0,0,0,4,100,1,2884.82,1626.74,0
19.374,154,5,2000,1845.18,0,0,0,1,1,32,0.15,4,100,1,2878.24,1777.14,0
19.3745,155,4,2000,1498.87,0,0,0,1,1,32,0.15,4,100,1,2862.62,2129.79,0
19.3755,157,5,2000,1630.62,0,0,0,1,1,96,0.2,4,100,1,2873.92,1874.73,0
19.376,158,5,2000,1678.23,0,0,0,1,1,96,0.2,4,100,1,2849.02,2459.93,0
19.3765,159,5,2000,1728.97,0,0,0,1,1,96,0.2,4,100,1,2847.27,2508.01,0
19.377,160,5,2000,1781,0,0,0,1,1,96,0.2,4,100,1,2845.51,2555.97,0
19.378,162,5,2000,1830.02,0,0,0,1,1,32,0.15,4,100,1,2841.26,2659.59,0
19.398,202,13,2767.85,4235.61,0,0,0,0,0,0,0,4,100,0,0,0,0
19.3985,203,14,2749,4678.28,0,0,0,0,0,0,0,4,100,0,0,0,0
19.399,204,15,2745.32,5058.65,0,0,0,0,0,0,0,4,100,0,0,0,0
19.3995,205,17,2767.87,5485.82,0,0,0,0,0,0,0,4,100,0,0,0,0
19.403,12,6,2000,2000,0,0,0,1,0,0,0,4,100,1,2837.82,6411.29,0
19.4035,13,5,2000,1701.87,0,0,0,1,1,32,0.15,4,100,1,2819.97,6068.48,0
19.404,14,4,2000,1316.19,0,0,0,1,1,32,0.15,4,100,1,2804.41,5781.02,0
19.4045,15,3,2000,988.132,0,0,0,1,1,32,0.15,4,100,1,2782.05,5430.19,0
19.4055,17,3,2000,659.097,0,0,0,1,1,32,0.15,4,100,1,2770.21,4719.05,0
19.43,66,6,2000,2000,0,0,0,1,0,64,0.05,4,100,1,2910.71,1331.84,0
19.4305,67,6,2000,1982.85,0,0,0,1,0,64,0.05,4,100,1,2915.56,1207.85,0
19.431,68,5,2000,1829.85,0,0,0,1,1,96,0.2,4,100,1,2928.06,970.58,0
19.4315,69,5,2000,1804.45,0,0,0,1,1,96,0.2,4,100,1,2925.5,953.9,0
19.432,70,4,2000,1174.71,0,0,0,1,1,96,0.2,4,100,1,2927.36,906.6,0
19.433,72,4,2000,1334.87,0,0,0,1,1,96,0.2,4,100,1,2964,464.5,0
19.4325,71,4,2000,1293.14,0,0,0,1,1,96,0.2,4,100,1,2932.12,866.68,0
19.4335,73,4,2000,1210.87,0,0,0,1,1,96,0.2,4,100,1,2973.9,428.96,0
19.4345,75,3,2000,956.904,0,0,0,1,1,96,0.2,4,100,1,2837.29,6372.45,0
19.435,76,3,2000,909.596,0,0,0,1,1,96,0.2,4,100,1,2817.69,3622.1,0
19.434,74,3,2000,973.591,0,0,0,1,1,96,0.2,4,100,1,2809.32,6719.35,0
19.4355,77,3,2000,869.669,0,0,0,1,1,96,0.2,4,100,1,2833.84,3298.01,0
19.436,78,2,2000,467.481,0,0,0,1,0,64,0.05,4,100,1,2846.58,3002.01,0
19.4365,79,2,2000,431.934,0,0,0,1,0,64,0.05,4,100,1,2863.34,2677.93,0
19.4405,87,6,2000,2000,0,0,0,1,0,64,0.05,4,100,1,2958.65,563.73,0
19.441,88,5,2000,1773.3,0,0,0,1,1,96,0.2,4,100,1,2803.59,5706.55,0
19.4415,89,4,2000,1501.8,0,0,0,1,1,32,0.15,4,100,1,2785.52,5434.82,0
19.442,90,4,2000,1156.39,0,0,0,1,1,32,0.15,4,100,1,2772.84,5165.42,0
19.4425,91,3,2000,861.714,0,0,0,1,1,32,0.15,4,100,1,2763.91,4850.61,0
19.451,108,6,2000,1921.58,0,0,0,1,0,0,0,4,100,1,2963.16,486.91,0
19.452,110,4,2000,1360.86,0,0,0,1,1,32,0.15,4,100,1,2770.69,5119.52,0
19.4525,111,3,2000,1049.9,0,0,0,1,1,32,0.15,4,100,1,2767.05,4864.57,0
19.453,112,3,2000,764.357,0,0,0,1,1,32,0.15,4,100,1,2776.34,4577.34,0
19.454,114,2,2000,489.622,0,0,0,1,0,0,0,4,100,1,2803.91,3952.14,0
19.462,130,4,2000,1381.7,0,0,0,1,1,32,0.15,4,100,1,2777.45,5349.72,0
19.4625,131,3,2000,1024.2,0,0,0,1,1,32,0.15,4,100,1,2768.33,5137.66,0
19.471,148,2,2000,425.218,0,0,0,1,0,0,0,4,100,1,2872.19,1841.27,0
19.4725,151,2,2000,422.095,0,0,0,1,0,0,0,4,100,1,2884.82,1626.74,0
19.474,154,5,2000,1843.68,0,0,0,1,1,32,0.15,4,100,1,2878.24,1777.14,0
19.4745,155,4,2000,1497.38,0,0,0,1,1,32,0.15,4,100,1,2862.62,2129.79,0
19.4755,157,5,2000,1629.13,0,0,0,1,1,96,0.2,4,100,1,2873.92,1874.73,0
19.476,158,5,2000,1676.73,0,0,0,1,1,96,0.2,4,100,1,2849.02,2459.93,0
19.4765,159,5,2000,1727.48,0,0,0,1,1,96,0.2,4,100,1,2847.27,2508.01,0
19.477,160,5,2000,1779.51,0,0,0,1,1,96,0.2,4,100,1,2845.51,2555.97,0
19.478,162,5,2000,1828.52,0,0,0,1,1,32,0.15,4,100,1,2841.26,2659.59,0
19.498,202,13,2767.85,4235.61,0,0,0,0,0,0,0,4,100,0,0,0,0
19.4985,203,14,2749,4678.28,0,0,0,0,0,0,0,4,100,0,0,0,0
19.499,204,15,2745.32,5058.65,0,0,0,0,0,0,0,4,100,0,0,0,0
19.4995,205,17,2767.87,5485.82,0,0,0,0,0,0,0,4,100,0,0,0,0
19.503,12,6,2000,2000,0,0,0,1,0,0,0,4,100,1,2837.82,6411.29,0
19.5035,13,5,2000,1700.37,0,0,0,1,1,32,0.15,4,100,1,2819.97,6068.48,0
19.504,14,4,2000,1314.69,0,0,0,1,1,32,0.15,4,100,1,2804.41,5781.02,0
19.5045,15,3,2000,986.636,0,0,0,1,1,32,0.15,4,100,1,2782.05,5430.19,0
19.5055,17,3,2000,657.601,0,0,0,1,1,32,0.15,4,100,1,2770.21,4719.05,0
19.53,66,6,2000,2000,0,0,0,1,0,64,0.05,4,100,1,2910.71,1331.84,0
19.5305,67,6,2000,1981.36,0,0,0,1,0,64,0.05,4,100,1,2915.56,1207.85,0
19.531,68,5,2000,1828.35,0,0,0,1,1,96,0.2,4,100,1,2928.06,970.58,0
19.5315,69,5,2000,1802.95,0,0,0,1,1,96,0.2,4,100,1,2925.5,953.9,0
19.532,70,4,2000,1173.21,0,0,0,1,1,96,0.2,4,100,1,2927.36,906.6,0
19.533,72,4,2000,1333.37,0,0,0,1,1,96,0.2,4,100,1,2964,464.5,0
19.5325,71,4,2000,1291.65,0,0,0,1,1,96,0.2,4,100,1,2932.12,866.68,0
19.5335,73,4,2000,1209.37,0,0,0,1,1,96,0.2,4,100,1,2973.9,428.96,0
19.535,76,3,2000,908.099,0,0,0,1,1,96,0.2,4,100,1,2817.69,3622.1,0
19.5355,77,3,2000,868.171,0,0,0,1,1,96,0.2,4,100,1,2833.84,3298.01,0
19.5345,75,3,2000,955.406,0,0,0,1,1,96,0.2,4,100,1,2837.29,6372.45,0
19.534,74,3,2000,972.094,0,0,0,1,1,96,0.2,4,100,1,2809.32,6719.35,0
19.536,78,2,2000,465.984,0,0,0,1,0,64,0.05,4,100,1,2846.58,3002.01,0
19.5365,79,2,2000,430.436,0,0,0,1,0,64,0.05,4,100,1,2863.34,2677.93,0
19.5405,87,6,2000,2000,0,0,0,1,0,64,0.05,4,100,1,2958.65,563.73,0
19.541,88,5,2000,1771.8,0,0,0,1,1,96,0.2,4,100,1,2803.59,5706.55,0
19.5415,89,4,2000,1500.3,0,0,0,1,1,32,0.15,4,100,1,2785.52,5434.82,0
19.542,90,4,2000,1154.89,0,0,0,1,1,32,0.15,4,100,1,2772.84,5165.42,0
19.5425,91,3,2000,860.216,0,0,0,1,1,32,0.15,4,100,1,2763.91,4850.61,0
19.551,108,6,2000,1920.08,0,0,0,1,0,0,0,4,100,1,2963.16,486.91,0
19.552,110,4,2000,1359.36,0,0,0,1,1,32,0.15,4,100,1,2770.69,5119.52,0
19.5525,111,3,2000,1048.41,0,0,0,1,1,32,0.15,4,100,1,2767.05,4864.57,0
19.553,112,3,2000,762.859,0,0,0,1,1,32,0.15,4,100,1,2776.34,4577.34,0
19.554,114,2,2000,488.124,0,0,0,1,0,0,0,4,100,1,2803.91,3952.14,0
19.562,130,4,2000,1380.2,0,0,0,1,1,32,0.15,4,100,1,2777.45,5349.72,0
19.5625,131,3,2000,1022.71,0,0,0,1,1,32,0.15,4,100,1,2768.33,5137.66,0
19.571,148,2,2000,423.719,0,0,0,1,0,0,0,4,100,1,2872.19,1841.27,0
19.5725,151,2,2000,420.597,0,0,0,1,0,0,0,4,100,1,2884.82,1626.74,0
19.574,154,5,2000,1842.18,0,0,0,1,1,32,0.15,4,100,1,2878.24,1777.14,0
19.5745,155,4,2000,1495.88,0,0,0,1,1,32,0.15,4,100,1,2862.62,2129.79,0
19.5755,157,5,2000,1627.63,0,0,0,1,1,96,0.2,4,100,1,2873.92,1874.73,0
19.576,158,5,2000,1675.23,0,0,0,1,1,96,0.2,4,100,1,2849.02,2459.93,0
19.5705,147,1,2000,133.277,0,0,0,1,1,24,0.3,4,100,1,2935.9,587.22,0
19.5765,159,5,2000,1725.98,0,0,0,1,1,96,0.2,4,100,1,2847.27,2508.01,0
19.577,160,5,2000,1778.01,0,0,0,1,1,96,0.2,4,100,1,2845.51,2555.97,0
19.578,162,5,2000,1827.02,0,0,0,1,1,32,0.15,4,100,1,2841.26,2659.59,0
19.598,202,13,2767.85,4235.61,0,0,0,0,0,0,0,4,100,0,0,0,0
19.5985,203,14,2749,4678.28,0,0,0,0,0,0,0,4,100,0,0,0,0
19.599,204,15,2745.32,5058.65,0,0,0,0,0,0,0,4,100,0,0,0,0
19.5995,205,17,2767.87,5485.82,0,0,0,0,0,0,0,4,100,0,0,0,0
19.603,12,6,2000,2000,0,0,0,1,0,0,0,4,100,1,2837.82,6411.29,0
19.6035,13,5,2000,1698.87,0,0,0,1,1,32,0.15,4,100,1,2819.97,6068.48,0
19.604,14,4,2000,1313.19,0,0,0,1,1,32,0.15,4,100,1,2804.41,5781.02,0
19.6045,15,3,2000,985.137,0,0,0,1,1,32,0.15,4,100,1,2782.05,5430.19,0
19.6055,17,3,2000,656.102,0,0,0,1,1,32,0.15,4,100,1,2770.21,4719.05,0
19.63,66,6,2000,2000,0,0,0,1,0,64,0.05,4,100,1,2910.71,1331.84,0
19.6305,67,6,2000,1979.86,0,0,0,1,0,64,0.05,4,100,1,2915.56,1207.85,0
19.631,68,5,2000,1826.85,0,0,0,1,1,96,0.2,4,100,1,2928.06,970.58,0
19.6315,69,5,2000,1801.45,0,0,0,1,1,96,0.2,4,100,1,2925.5,953.9,0
19.6325,71,4,2000,1290.15,0,0,0,1,1,96,0.2,4,100,1,2932.12,866.68,0
19.633,72,4,2000,1331.87,0,0,0,1,1,96,0.2,4,100,1,2964,464.5,0
19.632,70,4,2000,1171.71,0,0,0,1,1,96,0.2,4,100,1,2927.36,906.6,0
19.6345,75,3,2000,953.907,0,0,0,1,1,96,0.2,4,100,1,2837.29,6372.45,0
19.635,76,3,2000,906.599,0,0,0,1,1,96,0.2,4,100,1,2817.69,3622.1,0
19.634,74,3,2000,970.594,0,0,0,1,1,96,0.2,4,100,1,2809.32,6719.35,0
19.6365,79,2,2000,428.937,0,0,0,1,0,64,0.05,4,100,1,2863.34,2677.93,0
19.636,78,2,2000,464.484,0,0,0,1,0,64,0.05,4,100,1,2846.58,3002.01,0
19.6335,73,4,2000,1207.87,0,0,0,1,1,96,0.2,4,100,1,2973.9,428.96,0
19.6355,77,3,2000,866.672,0,0,0,1,1,96,0.2,4,100,1,2833.84,3298.01,0
19.6405,87,6,2000,2000,0,0,0,1,0,64,0.05,4,100,1,2958.65,563.73,0
19.641,88,5,2000,1770.3,0,0,0,1,1,96,0.2,4,100,1,2803.59,5706.55,0
19.6415,89,4,2000,1498.8,0,0,0,1,1,32,0.15,4,100,1,2785.52,5434.82,0
19.642,90,4,2000,1153.39,0,0,0,1,1,32,0.15,4,100,1,2772.84,5165.42,0
19.6425,91,3,2000,858.717,0,0,0,1,1,32,0.15,4,100,1,2763.91,4850.61,0
19.651,108,6,2000,1918.58,0,0,0,1,0,0,0,4,100,1,2963.16,486.91,0
19.652,110,4,2000,1357.86,0,0,0,1,1,32,0.15,4,100,1,2770.69,5119.52,0
19.6525,111,3,2000,1046.91,0,0,0,1,1,32,0.15,4,100,1,2767.05,4864.57,0
19.653,112,3,2000,761.359,0,0,0,1,1,32,0.15,4,100,1,2776.34,4577.34,0
19.654,114,2,2000,486.624,0,0,0,1,0,0,0,4,100,1,2803.91,3952.14,0
19.662,130,4,2000,1378.7,0,0,0,1,1,32,0.15,4,100,1,2777.45,5349.72,0
19.6625,131,3,2000,1021.21,0,0,0,1,1,32,0.15,4,100,1,2768.33,5137.66,0
19.6705,147,1,2000,131.777,0,0,0,1,1,16,0.15,4,100,1,2935.9,587.22,0
19.671,148,2,2000,422.219,0,0,0,1,0,0,0,4,100,1,2872.19,1841.27,0
19.6725,151,2,2000,419.097,0,0,0,1,0,0,0,4,100,1,2884.82,1626.74,0
19.674,154,5,2000,1840.68,0,0,0,1,1,32,0.15,4,100,1,2878.24,1777.14,0
19.6745,155,4,2000,1494.38,0,0,0,1,1,32,0.15,4,100,1,2862.62,2129.79,0
19.6755,157,5,2000,1626.13,0,0,0,1,1,96,0.2,4,100,1,2873.92,1874.73,0
19.676,158,5,2000,1673.73,0,0,0,1,1,96,0.2,4,100,1,2849.02,2459.93,0
19.6765,159,5,2000,1724.48,0,0,0,1,1,96,0.2,4,100,1,2847.27,2508.01,0
19.677,160,5,2000,1776.51,0,0,0,1,1,96,0.2,4,100,1,2845.51,2555.97,0
19.678,162,5,2000,1825.52,0,0,0,1,1,32,0.15,4,100,1,2841.26,2659.59,0
19.698,202,13,2767.85,4235.61,0,0,0,0,0,0,0,4,100,0,0,0,0
19.6985,203,14,2749,4678.28,0,0,0,0,0,0,0,4,100,0,0,0,0
19.699,204,15,2745.32,5058.65,0,0,0,0,0,0,0,4,100,0,0,0,0
19.6995,205,17,2767.87,5485.82,0,0,0,0,0,0,0,4,100,0,0,0,0
19.703,12,6,2000,1998.92,0,0,0,1,0,0,0,4,100,1,2837.82,6411.29,0
19.7035,13,5,2000,1697.37,0,0,0,1,1,32,0.15,4,100,1,2819.97,6068.48,0
19.704,14,4,2000,1311.69,0,0,0,1,1,32,0.15,4,100,1,2804.41,5781.02,0
19.7045,15,3,2000,983.637,0,0,0,1,1,32,0.15,4,100,1,2782.05,5430.19,0
19.7055,17,3,2000,654.602,0,0,0,1,1,32,0.15,4,100,1,2770.21,4719.05,0
19.73,66,6,2000,2000,0,0,0,1,0,64,0.05,4,100,1,2910.71,1331.84,0
19.7305,67,6,2000,1978.36,0,0,0,1,0,64,0.05,4,100,1,2915.56,1207.85,0
19.731,68,5,2000,1825.35,0,0,0,1,1,96,0.2,4,100,1,2928.06,970.58,0
19.7315,69,5,2000,1799.95,0,0,0,1,1,96,0.2,4,100,1,2925.5,953.9,0
19.7325,71,4,2000,1288.65,0,0,0,1,1,96,0.2,4,100,1,2932.12,866.68,0
19.733,72,4,2000,1330.37,0,0,0,1,1,96,0.2,4,100,1,2964,464.5,0
19.732,70,4,2000,1170.21,0,0,0,1,1,96,0.2,4,100,1,2927.36,906.6,0
19.7335,73,4,2000,1206.37,0,0,0,1,1,96,0.2,4,100,1,2973.9,428.96,0
19.734,74,3,2000,969.095,0,0,0,1,1,96,0.2,4,100,1,2809.32,6719.35,0
19.7345,75,3,2000,952.407,0,0,0,1,1,96,0.2,4,100,1,2837.29,6372.45,0
19.7355,77,3,2000,865.172,0,0,0,1,1,96,0.2,4,100,1,2833.84,3298.01,0
19.735,76,3,2000,905.1,0,0,0,1,1,96,0.2,4,100,1,2817.69,3622.1,0
19.7365,79,2,2000,427.437,0,0,0,1,0,64,0.05,4,100,1,2863.34,2677.93,0
19.736,78,2,2000,462.985,0,0,0,1,0,64,0.05,4,100,1,2846.58,3002.01,0
19.7405,87,6,2000,2000,0,0,0,1,0,64,0.05,4,100,1,2958.65,563.73,0
19.741,88,5,2000,1768.8,0,0,0,1,1,96,0.2,4,100,1,2803.59,5706.55,0
19.7415,89,4,2000,1497.3,0,0,0,1,1,32,0.15,4,100,1,2785.52,5434.82,0
19.742,90,4,2000,1151.89,0,0,0,1,1,32,0.15,4,100,1,2772.84,5165.42,0
19.7425,91,3,2000,857.217,0,0,0,1,1,32,0.15,4,100,1,2763.91,4850.61,0
19.751,108,6,2000,1917.08,0,0,0,1,0,0,0,4,100,1,2963.16,486.91,0
19.752,110,4,2000,1356.36,0,0,0,1,1,32,0.15,4,100,1,2770.69,5119.52,0
19.7525,111,3,2000,1045.41,0,0,0,1,1,32,0.15,4,100,1,2767.05,4864.57,0
19.753,112,3,2000,759.86,0,0,0,1,1,32,0.15,4,100,1,2776.34,4577.34,0
19.754,114,2,2000,485.125,0,0,0,1,0,0,0,4,100,1,2803.91,3952.14,0
19.762,130,4,2000,1377.21,0,0,0,1,1,32,0.15,4,100,1,2777.45,5349.72,0
19.7625,131,3,2000,1019.71,0,0,0,1,1,32,0.15,4,100,1,2768.33,5137.66,0
19.7705,147,1,2000,130.278,0,0,0,1,1,16,0.15,4,100,1,2935.9,587.22,0
19.771,148,2,2000,420.72,0,0,0,1,0,0,0,4,100,1,2872.19,1841.27,0
19.7725,151,2,2000,417.598,0,0,0,1,0,0,0,4,100,1,2884.82,1626.74,0
19.774,154,5,2000,1839.19,0,0,0,1,1,32,0.15,4,100,1,2878.24,1777.14,0
19.7745,155,4,2000,1492.88,0,0,0,1,1,32,0.15,4,100,1,2862.62,2129.79,0
19.7755,157,5,2000,1624.63,0,0,0,1,1,96,0.2,4,100,1,2873.92,1874.73,0
19.776,158,5,2000,1672.24,0,0,0,1,1,96,0.2,4,100,1,2849.02,2459.93,0
19.7765,159,5,2000,1722.98,0,0,0,1,1,96,0.2,4,100,1,2847.27,2508.01,0
19.777,160,5,2000,1775.01,0,0,0,1,1,96,0.2,4,100,1,2845.51,2555.97,0
19.778,162,5,2000,1824.03,0,0,0,1,1,32,0.15,4,100,1,2841.26,2659.59,0
19.798,202,13,2767.85,4235.61,0,0,0,0,0,0,0,4,100,0,0,0,0
19.7985,203,14,2749,4678.28,0,0,0,0,0,0,0,4,100,0,0,0,0
19.799,204,15,2745.32,5058.65,0,0,0,0,0,0,0,4,100,0,0,0,0
19.7995,205,17,2767.87,5485.82,0,0,0,0,0,0,0,4,100,0,0,0,0
19.803,12,6,2000,1997.42,0,0,0,1,0,0,0,4,100,1,2837.82,6411.29,0
19.8035,13,5,2000,1695.87,0,0,0,1,1,32,0.15,4,100,1,2819.97,6068.48,0
19.804,14,4,2000,1310.2,0,0,0,1,1,32,0.15,4,100,1,2804.41,5781.02,0
19.8045,15,3,2000,982.139,0,0,0,1,1,32,0.15,4,100,1,2782.05,5430.19,0
19.8055,17,3,2000,653.104,0,0,0,1,1,32,0.15,4,100,1,2770.21,4719.05,0
19.83,66,6,2000,2000,0,0,0,1,0,64,0.05,4,100,1,2910.71,1331.84,0
19.8305,67,6,2000,1976.86,0,0,0,1,0,64,0.05,4,100,1,2915.56,1207.85,0
19.831,68,5,2000,1823.85,0,0,0,1,1,96,0.2,4,100,1,2928.06,970.58,0
19.8315,69,5,2000,1798.45,0,0,0,1,1,96,0.2,4,100,1,2925.5,953.9,0
19.832,70,4,2000,1168.72,0,0,0,1,1,96,0.2,4,100,1,2927.36,906.6,0
19.833,72,4,2000,1328.87,0,0,0,1,1,96,0.2,4,100,1,2964,464.5,0
19.8335,73,4,2000,1204.87,0,0,0,1,1,96,0.2,4,100,1,2973.9,428.96,0
19.8325,71,4,2000,1287.15,0,0,0,1,1,96,0.2,4,100,1,2932.12,866.68,0
19.8345,75,3,2000,950.91,0,0,0,1,1,96,0.2,4,100,1,2837.29,6372.45,0
19.835,76,3,2000,903.603,0,0,0,1,1,96,0.2,4,100,1,2817.69,3622.1,0
19.836,78,2,2000,461.488,0,0,0,1,0,64,0.05,4,100,1,2846.58,3002.01,0
19.8365,79,2,2000,425.94,0,0,0,1,0,64,0.05,4,100,1,2863.34,2677.93,0
19.8355,77,3,2000,863.675,0,0,0,1,1,96,0.2,4,100,1,2833.84,3298.01,0
19.834,74,3,2000,967.597,0,0,0,1,1,96,0.2,4,100,1,2809.32,6719.35,0
19.8405,87,6,2000,2000,0,0,0,1,0,64,0.05,4,100,1,2958.65,563.73,0
19.841,88,5,2000,1767.3,0,0,0,1,1,96,0.2,4,100,1,2803.59,5706.55,0
19.8415,89,4,2000,1495.81,0,0,0,1,1,32,0.15,4,100,1,2785.52,5434.82,0
19.842,90,4,2000,1150.4,0,0,0,1,1,32,0.15,4,100,1,2772.84,5165.42,0
19.8425,91,3,2000,855.72,0,0,0,1,1,32,0.15,4,100,1,2763.91,4850.61,0
19.851,108,6,2000,1915.58,0,0,0,1,0,0,0,4,100,1,2963.16,486.91,0
19.852,110,4,2000,1354.87,0,0,0,1,1,32,0.15,4,100,1,2770.69,5119.52,0
19.8525,111,3,2000,1043.91,0,0,0,1,1,32,0.15,4,100,1,2767.05,4864.57,0
19.853,112,3,2000,758.363,0,0,0,1,1,32,0.15,4,100,1,2776.34,4577.34,0
19.854,114,2,2000,483.629,0,0,0,1,0,0,0,4,100,1,2803.91,3952.14,0
19.862,130,4,2000,1375.71,0,0,0,1,1,32,0.15,4,100,1,2777.45,5349.72,0
19.8625,131,3,2000,1018.21,0,0,0,1,1,32,0.15,4,100,1,2768.33,5137.66,0
19.8705,147,1,2000,128.782,0,0,0,1,1,16,0.15,4,100,1,2935.9,587.22,0
19.871,148,2,2000,419.225,0,0,0,1,0,0,0,4,100,1,2872.19,1841.27,0
19.8725,151,2,2000,416.102,0,0,0,1,0,0,0,4,100,1,2884.82,1626.74,0
19.874,154,5,2000,1837.69,0,0,0,1,1,32,0.15,4,100,1,2878.24,1777.14,0
19.8745,155,4,2000,1491.38,0,0,0,1,1,32,0.15,4,100,1,2862.62,2129.79,0
19.8755,157,5,2000,1623.14,0,0,0,1,1,96,0.2,4,100,1,2873.92,1874.73,0
19.876,158,5,2000,1670.74,0,0,0,1,1,96,0.2,4,100,1,2849.02,2459.93,0
19.8765,159,5,2000,1721.48,0,0,0,1,1,96,0.2,4,100,1,2847.27,2508.01,0
19.877,160,5,2000,1773.51,0,0,0,1,1,96,0.2,4,100,1,2845.51,2555.97,0
19.878,162,5,2000,1822.53,0,0,0,1,1,32,0.15,4,100,1,2841.26,2659.59,0
19.898,202,13,2767.85,4235.61,0,0,0,0,0,0,0,4,100,0,0,0,0
19.8985,203,14,2749,4678.28,0,0,0,0,0,0,0,4,100,0,0,0,0
19.899,204,15,2745.32,5058.65,0,0,0,0,0,0,0,4,100,0,0,0,0
19.8995,205,17,2767.87,5485.82,0,0,0,0,0,0,0,4,100,0,0,0,0
19.903,12,6,2000,1995.93,0,0,0,1,0,0,0,4,100,1,2837.82,6411.29,0
19.9035,13,5,2000,1694.38,0,0,0,1,1,32,0.15,4,100,1,2819.97,6068.48,0
19.904,14,4,2000,1308.7,0,0,0,1,1,32,0.15,4,100,1,2804.41,5781.02,0
19.9045,15,3,2000,980.645,0,0,0,1,1,32,0.15,4,100,1,2782.05,5430.19,0
19.9055,17,3,2000,651.61,0,0,0,1,1,32,0.15,4,100,1,2770.21,4719.05,0
19.93,66,6,2000,2000,0,0,0,1,0,64,0.05,4,100,1,2910.71,1331.84,0
19.9305,67,6,2000,1975.37,0,0,0,1,0,64,0.05,4,100,1,2915.56,1207.85,0
19.931,68,5,2000,1822.36,0,0,0,1,1,96,0.2,4,100,1,2928.06,970.58,0
19.9315,69,5,2000,1796.96,0,0,0,1,1,96,0.2,4,100,1,2925.5,953.9,0
19.932,70,4,2000,1167.22,0,0,0,1,1,96,0.2,4,100,1,2927.36,906.6,0
19.933,72,4,2000,1327.38,0,0,0,1,1,96,0.2,4,100,1,2964,464.5,0
19.9335,73,4,2000,1203.38,0,0,0,1,1,96,0.2,4,100,1,2973.9,428.96,0
19.9345,75,3,2000,949.418,0,0,0,1,1,96,0.2,4,100,1,2837.29,6372.45,0
19.9325,71,4,2000,1285.66,0,0,0,1,1,96,0.2,4,100,1,2932.12,866.68,0
19.9355,77,3,2000,862.183,0,0,0,1,1,96,0.2,4,100,1,2833.84,3298.01,0
19.936,78,2,2000,459.995,0,0,0,1,0,64,0.05,4,100,1,2846.58,3002.01,0
19.935,76,3,2000,902.11,0,0,0,1,1,96,0.2,4,100,1,2817.69,3622.1,0
19.9365,79,2,2000,424.448,0,0,0,1,0,64,0.05,4,100,1,2863.34,2677.93,0
19.934,74,3,2000,966.105,0,0,0,1,1,96,0.2,4,100,1,2809.32,6719.35,0
19.9405,87,6,2000,2000,0,0,0,1,0,64,0.05,4,100,1,2958.65,563.73,0
19.941,88,5,2000,1765.81,0,0,0,1,1,96,0.2,4,100,1,2803.59,5706.55,0
19.9415,89,4,2000,1494.31,0,0,0,1,1,32,0.15,4,100,1,2785.52,5434.82,0
19.942,90,4,2000,1148.91,0,0,0,1,1,32,0.15,4,100,1,2772.84,5165.42,0
19.9425,91,3,2000,854.228,0,0,0,1,1,32,0.15,4,100,1,2763.91,4850.61,0
19.951,108,6,2000,1914.09,0,0,0,1,0,0,0,4,100,1,2963.16,486.91,0
19.952,110,4,2000,1353.38,0,0,0,1,1,32,0.15,4,100,1,2770.69,5119.52,0
19.9525,111,3,2000,1042.42,0,0,0,1,1,32,0.15,4,100,1,2767.05,4864.57,0
19.953,112,3,2000,756.872,0,0,0,1,1,32,0.15,4,100,1,2776.34,4577.34,0
19.954,114,2,2000,482.137,0,0,0,1,0,0,0,4,100,1,2803.91,3952.14,0
19.962,130,4,2000,1374.22,0,0,0,1,1,32,0.15,4,100,1,2777.45,5349.72,0
19.9625,131,3,2000,1016.72,0,0,0,1,1,32,0.15,4,100,1,2768.33,5137.66,0
19.9705,147,1,2000,127.292,0,0,0,1,1,16,0.15,4,100,1,2935.9,587.22,0
19.971,148,2,2000,417.734,0,0,0,1,0,0,0,4,100,1,2872.19,1841.27,0
19.9725,151,2,2000,414.612,0,0,0,1,0,0,0,4,100,1,2884.82,1626.74,0
19.974,154,5,2000,1836.2,0,0,0,1,1,32,0.15,4,100,1,2878.24,1777.14,0
19.9745,155,4,2000,1489.89,0,0,0,1,1,32,0.15,4,100,1,2862.62,2129.79,0
19.9755,157,5,2000,1621.65,0,0,0,1,1,96,0.2,4,100,1,2873.92,1874.73,0
19.976,158,5,2000,1669.25,0,0,0,1,1,96,0.2,4,100,1,2849.02,2459.93,0
19.9765,159,5,2000,1719.99,0,0,0,1,1,96,0.2,4,100,1,2847.27,2508.01,0
19.977,160,5,2000,1772.03,0,0,0,1,1,96,0.2,4,100,1,2845.51,2555.97,0
19.978,162,5,2000,1821.04,0,0,0,1,1,32,0.15,4,100,1,2841.26,2659.59,0
19.998,202,13,2767.85,4235.61,0,0,0,0,0,0,0,4,100,0,0,0,0
19.9985,203,14,2749,4678.28,0,0,0,0,0,0,0,4,100,0,0,0,0
19.999,204,15,2745.32,5058.65,0,0,0,0,0,0,0,4,100,0,0,0,0
19.9995,205,17,2767.87,5485.82,0,0,0,0,0,0,0,4,100,0,0,0,0
20.003,12,6,2000,1994.44,0,0,0,1,0,0,0,4,100,1,2837.82,6411.29,0
20.0035,13,5,2000,1692.89,0,0,0,1,1,32,0.15,4,100,1,2819.97,6068.48,0
20.004,14,4,2000,1307.21,0,0,0,1,1,32,0.15,4,100,1,2804.41,5781.02,0
20.0045,15,3,2000,979.157,0,0,0,1,1,32,0.15,4,100,1,2782.05,5430.19,0
20.0055,17,3,2000,650.122,0,0,0,1,1,32,0.15,4,100,1,2770.21,4719.05,0
20.03,66,6,2000,2000,0,0,0,1,0,64,0.05,4,100,1,2910.71,1331.84,0
20.0305,67,6,2000,1973.88,0,0,0,1,0,64,0.05,4,100,1,2915.56,1207.85,0
20.031,68,5,2000,1820.87,0,0,0,1,1,96,0.2,4,100,1,2928.06,970.58,0
20.0315,69,5,2000,1795.48,0,0,0,1,1,96,0.2,4,100,1,2925.5,953.9,0
20.0325,71,4,2000,1284.17,0,0,0,1,1,96,0.2,4,100,1,2932.12,866.68,0
20.033,72,4,2000,1325.89,0,0,0,1,1,96,0.2,4,100,1,2964,464.5,0
20.032,70,4,2000,1165.74,0,0,0,1,1,96,0.2,4,100,1,2927.36,906.6,0
20.0335,73,4,2000,1201.9,0,0,0,1,1,96,0.2,4,100,1,2973.9,428.96,0
20.035,76,3,2000,900.625,0,0,0,1,1,96,0.2,4,100,1,2817.69,3622.1,0
20.0355,77,3,2000,860.697,0,0,0,1,1,96,0.2,4,100,1,2833.84,3298.01,0
20.0345,75,3,2000,947.932,0,0,0,1,1,96,0.2,4,100,1,2837.29,6372.45,0
20.036,78,2,2000,458.51,0,0,0,1,0,64,0.05,4,100,1,2846.58,3002.01,0
20.034,74,3,2000,964.62,0,0,0,1,1,96,0.2,4,100,1,2809.32,6719.35,0
20.0365,79,2,2000,422.963,0,0,0,1,0,64,0.05,4,100,1,2863.34,2677.93,0
20.0405,87,6,2000,2000,0,0,0,1,0,64,0.05,4,100,1,2958.65,563.73,0
20.041,88,5,2000,1764.33,0,0,0,1,1,96,0.2,4,100,1,2803.59,5706.55,0
20.0415,89,4,2000,1492.83,0,0,0,1,1,32,0.15,4,100,1,2785.52,5434.82,0
20.042,90,4,2000,1147.42,0,0,0,1,1,32,0.15,4,100,1,2772.84,5165.42,0
20.0425,91,3,2000,852.744,0,0,0,1,1,32,0.15,4,100,1,2763.91,4850.61,0
20.052,110,4,2000,1351.89,0,0,0,1,1,32,0.15,4,100,1,2770.69,5119.52,0
20.0525,111,3,2000,1040.94,0,0,0,1,1,32,0.15,4,100,1,2767.05,4864.57,0
20.053,112,3,2000,755.388,0,0,0,1,1,32,0.15,4,100,1,2776.34,4577.34,0
20.054,114,2,2000,480.654,0,0,0,1,0,0,0,4,100,1,2803.91,3952.14,0
20.062,130,4,2000,1372.74,0,0,0,1,1,32,0.15,4,100,1,2777.45,5349.72,0
20.0625,131,3,2000,1015.24,0,0,0,1,0,0,0,4,100,1,2768.33,5137.66,0
20.0705,147,1,2000,125.81,0,0,0,1,1,16,0.15,4,100,1,2935.9,587.22,0
20.071,148,2,2000,416.252,0,0,0,1,0,0,0,4,100,1,2872.19,1841.27,0
20.0715,149,3,2000,1087.01,0,0,0,1,1,12,0.25,4,100,1,2890.56,1494.97,0
20.0725,151,2,2000,413.13,0,0,0,1,0,0,0,4,100,1,2884.82,1626.74,0
20.0745,155,4,2000,1488.41,0,0,0,1,1,32,0.15,4,100,1,2862.62,2129.79,0
20.075,156,4,2000,1534.63,0,0,0,1,1,60,0.55,4,100,1,2876.07,1826.17,0
20.074,154,5,2000,1834.72,0,0,0,1,1,32,0.15,4,100,1,2878.24,1777.14,0
20.076,158,5,2000,1667.77,0,0,0,1,1,96,0.2,4,100,1,2849.02,2459.93,0
20.077,160,5,2000,1770.54,0,0,0,1,0,64,0.05,4,100,1,2845.51,2555.97,0
20.0765,159,5,2000,1718.51,0,0,0,1,0,64,0.05,4,100,1,2847.27,2508.01,0
20.078,162,5,2000,1819.56,0,0,0,1,0,0,0,4,100,1,2841.26,2659.59,0
20.0755,157,5,2000,1620.17,0,0,0,1,0,64,0.05,4,100,1,2873.92,1874.73,0
20.098,202,13,2767.85,4235.61,0,0,0,0,0,0,0,4,100,0,0,0,0
20.0985,203,14,2749,4678.28,0,0,0,0,0,0,0,4,100,0,0,0,0
20.099,204,15,2745.32,5058.65,0,0,0,0,0,0,0,4,100,0,0,0,0
20.0995,205,17,2767.87,5485.82,0,0,0,0,0,0,0,4,100,0,0,0,0
20.103,12,6,2000,1992.96,0,0,0,1,0,0,0,4,100,1,2837.82,6411.29,0
20.1035,13,5,2000,1691.41,0,0,0,1,0,0,0,4,100,1,2819.97,6068.48,0
20.104,14,4,2000,1305.74,0,0,0,1,1,32,0.15,4,100,1,2804.41,5781.02,0
20.1045,15,3,2000,977.678,0,0,0,1,0,0,0,4,100,1,2782.05,5430.19,0
20.1055,17,3,2000,648.643,0,0,0,1,0,0,0,4,100,1,2770.21,4719.05,0
20.13,66,6,2000,2000,0,0,0,1,0,64,0.05,4,100,1,2910.71,1331.84,0
20.1305,67,6,2000,1972.41,0,0,0,1,0,64,0.05,4,100,1,2915.56,1207.85,0
20.131,68,5,2000,1819.4,0,0,0,1,0,64,0.05,4,100,1,2928.06,970.58,0
20.1315,69,5,2000,1794,0,0,0,1,0,64,0.05,4,100,1,2925.5,953.9,0
20.132,70,4,2000,1164.26,0,0,0,1,1,96,0.2,4,100,1,2927.36,906.6,0
20.133,72,4,2000,1324.42,0,0,0,1,1,96,0.2,4,100,1,2964,464.5,0
20.1325,71,4,2000,1282.7,0,0,0,1,0,64,0.05,4,100,1,2932.12,866.68,0
20.1335,73,4,2000,1200.42,0,0,0,1,0,64,0.05,4,100,1,2973.9,428.96,0
20.1345,75,3,2000,946.457,0,0,0,1,0,64,0.05,4,100,1,2837.29,6372.45,0
20.135,76,3,2000,899.149,0,0,0,1,0,64,0.05,4,100,1,2817.69,3622.1,0
20.136,78,2,2000,457.035,0,0,0,1,0,64,0.05,4,100,1,2846.58,3002.01,0
20.1365,79,2,2000,421.487,0,0,0,1,0,64,0.05,4,100,1,2863.34,2677.93,0
20.134,74,3,2000,963.144,0,0,0,1,0,64,0.05,4,100,1,2809.32,6719.35,0
20.1355,77,3,2000,859.222,0,0,0,1,0,64,0.05,4,100,1,2833.84,3298.01,0
20.1405,87,6,2000,2000,0,0,0,1,0,64,0.05,4,100,1,2958.65,563.73,0
20.141,88,5,2000,1762.85,0,0,0,1,0,64,0.05,4,100,1,2803.59,5706.55,0
20.1415,89,4,2000,1491.35,0,0,0,1,0,0,0,4,100,1,2785.52,5434.82,0
20.142,90,4,2000,1145.95,0,0,0,1,0,0,0,4,100,1,2772.84,5165.42,0
20.1425,91,3,2000,851.269,0,0,0,1,1,32,0.15,4,100,1,2763.91,4850.61,0
20.152,110,4,2000,1350.42,0,0,0,1,0,0,0,4,100,1,2770.69,5119.52,0
20.1525,111,3,2000,1039.46,0,0,0,1,1,32,0.15,4,100,1,2767.05,4864.57,0
20.153,112,3,2000,753.915,0,0,0,1,1,32,0.15,4,100,1,2776.34,4577.34,0
20.154,114,2,2000,479.18,0,0,0,1,0,0,0,4,100,1,2803.91,3952.14,0
20.162,130,4,2000,1371.26,0,0,0,1,0,0,0,4,100,1,2777.45,5349.72,0
20.1625,131,3,2000,1013.77,0,0,0,1,1,32,0.15,4,100,1,2768.33,5137.66,0
20.1705,147,1,2000,124.338,0,0,0,1,1,16,0.15,4,100,1,2935.9,587.22,0
20.171,148,2,2000,414.781,0,0,0,1,0,0,0,4,100,1,2872.19,1841.27,0
20.1715,149,3,2000,1085.53,0,0,0,1,1,32,0.15,4,100,1,2890.56,1494.97,0
20.1725,151,2,2000,411.659,0,0,0,1,0,0,0,4,100,1,2884.82,1626.74,0
20.174,154,5,2000,1833.25,0,0,0,1,1,32,0.15,4,100,1,2878.24,1777.14,0
20.1745,155,4,2000,1486.94,0,0,0,1,0,0,0,4,100,1,2862.62,2129.79,0
20.175,156,4,2000,1533.16,0,0,0,1,1,16,0.15,4,100,1,2876.07,1826.17,0
20.1755,157,5,2000,1618.69,0,0,0,1,1,96,0.2,4,100,1,2873.92,1874.73,0
20.1765,159,5,2000,1717.04,0,0,0,1,1,96,0.2,4,100,1,2847.27,2508.01,0
20.177,160,5,2000,1769.07,0,0,0,1,1,96,0.2,4,100,1,2845.51,2555.97,0
20.176,158,5,2000,1666.3,0,0,0,1,1,96,0.2,4,100,1,2849.02,2459.93,0
20.178,162,5,2000,1818.09,0,0,0,1,1,32,0.15,4,100,1,2841.26,2659.59,0
20.198,202,13,2767.85,4235.61,0,0,0,0,0,0,0,4,100,0,0,0,0
20.1985,203,14,2749,4678.28,0,0,0,0,0,0,0,4,100,0,0,0,0
20.199,204,15,2745.32,5058.65,0,0,0,0,0,0,0,4,100,0,0,0,0
20.1995,205,17,2767.87,5485.82,0,0,0,0,0,0,0,4,100,0,0,0,0
20.203,12,6,2000,1991.49,0,0,0,1,0,0,0,4,100,1,2837.82,6411.29,0
20.2035,13,5,2000,1689.95,0,0,0,1,1,32,0.15,4,100,1,2819.97,6068.48,0
20.204,14,4,2000,1304.27,0,0,0,1,1,32,0.15,4,100,1,2804.41,5781.02,0
20.2045,15,3,2000,976.211,0,0,0,1,1,32,0.15,4,100,1,2782.05,5430.19,0
20.2055,17,3,2000,647.176,0,0,0,1,1,32,0.15,4,100,1,2770.21,4719.05,0
20.23,66,6,2000,2000,0,0,0,1,0,64,0.05,4,100,1,2910.71,1331.84,0
20.2305,67,6,2000,1970.94,0,0,0,1,0,64,0.05,4,100,1,2915.56,1207.85,0
20.231,68,5,2000,1817.93,0,0,0,1,1,96,0.2,4,100,1,2928.06,970.58,0
20.232,70,4,2000,1162.8,0,0,0,1,1,96,0.2,4,100,1,2927.36,906.6,0
20.2325,71,4,2000,1281.23,0,0,0,1,1,96,0.2,4,100,1,2932.12,866.68,0
20.2315,69,5,2000,1792.54,0,0,0,1,1,96,0.2,4,100,1,2925.5,953.9,0
20.2335,73,4,2000,1198.96,0,0,0,1,1,96,0.2,4,100,1,2973.9,428.96,0
20.234,74,3,2000,961.68,0,0,0,1,1,96,0.2,4,100,1,2809.32,6719.35,0
20.2345,75,3,2000,944.993,0,0,0,1,1,96,0.2,4,100,1,2837.29,6372.45,0
20.2355,77,3,2000,857.758,0,0,0,1,1,96,0.2,4,100,1,2833.84,3298.01,0
20.233,72,4,2000,1322.95,0,0,0,1,1,96,0.2,4,100,1,2964,464.5,0
20.236,78,2,2000,455.571,0,0,0,1,0,64,0.05,4,100,1,2846.58,3002.01,0
20.2365,79,2,2000,420.024,0,0,0,1,0,64,0.05,4,100,1,2863.34,2677.93,0
20.235,76,3,2000,897.685,0,0,0,1,1,96,0.2,4,100,1,2817.69,3622.1,0
20.2405,87,6,2000,2000,0,0,0,1,0,64,0.05,4,100,1,2958.65,563.73,0
20.241,88,5,2000,1761.39,0,0,0,1,1,96,0.2,4,100,1,2803.59,5706.55,0
20.2415,89,4,2000,1489.89,0,0,0,1,1,32,0.15,4,100,1,2785.52,5434.82,0
20.242,90,4,2000,1144.48,0,0,0,1,1,32,0.15,4,100,1,2772.84,5165.42,0
20.2425,91,3,2000,849.806,0,0,0,1,1,32,0.15,4,100,1,2763.91,4850.61,0
20.252,110,4,2000,1348.96,0,0,0,1,1,32,0.15,4,100,1,2770.69,5119.52,0
20.2525,111,3,2000,1038,0,0,0,1,1,32,0.15,4,100,1,2767.05,4864.57,0
20.253,112,3,2000,752.453,0,0,0,1,1,32,0.15,4,100,1,2776.34,4577.34,0
20.254,114,2,2000,477.719,0,0,0,1,0,0,0,4,100,1,2803.91,3952.14,0
20.262,130,4,2000,1369.8,0,0,0,1,1,32,0.15,4,100,1,2777.45,5349.72,0
20.2625,131,3,2000,1012.31,0,0,0,1,1,32,0.15,4,100,1,2768.33,5137.66,0
20.2705,147,1,2000,122.879,0,0,0,1,1,16,0.15,4,100,1,2935.9,587.22,0
20.271,148,2,2000,413.322,0,0,0,1,0,0,0,4,100,1,2872.19,1841.27,0
20.2715,149,3,2000,1084.07,0,0,0,1,1,32,0.15,4,100,1,2890.56,1494.97,0
20.2725,151,2,2000,410.2,0,0,0,1,0,0,0,4,100,1,2884.82,1626.74,0
20.274,154,5,2000,1831.79,0,0,0,1,1,32,0.15,4,100,1,2878.24,1777.14,0
20.2745,155,4,2000,1485.48,0,0,0,1,1,32,0.15,4,100,1,2862.62,2129.79,0
20.275,156,4,2000,1531.7,0,0,0,1,1,112,0.35,4,100,1,2876.07,1826.17,0
20.2755,157,5,2000,1617.24,0,0,0,1,1,96,0.2,4,100,1,2873.92,1874.73,0
20.2765,159,5,2000,1715.58,0,0,0,1,1,96,0.2,4,100,1,2847.27,2508.01,0
20.277,160,5,2000,1767.61,0,0,0,1,1,96,0.2,4,100,1,2845.51,2555.97,0
20.276,158,5,2000,1664.84,0,0,0,1,1,96,0.2,4,100,1,2849.02,2459.93,0
20.278,162,5,2000,1816.63,0,0,0,1,1,32,0.15,4,100,1,2841.26,2659.59,0
20.298,202,13,2767.85,4235.61,0,0,0,0,0,0,0,4,100,0,0,0,0
20.2985,203,14,2749,4678.28,0,0,0,0,0,0,0,4,100,0,0,0,0
20.299,204,15,2745.32,5058.65,0,0,0,0,0,0,0,4,100,0,0,0,0
20.2995,205,17,2767.87,5485.82,0,0,0,0,0,0,0,4,100,0,0,0,0
20.303,12,6,2000,1990.04,0,0,0,1,0,0,0,4,100,1,2837.82,6411.29,0
20.3035,13,5,2000,1688.49,0,0,0,1,1,32,0.15,4,100,1,2819.97,6068.48,0
20.304,14,4,2000,1302.81,0,0,0,1,1,32,0.15,4,100,1,2804.41,5781.02,0
20.3045,15,3,2000,974.756,0,0,0,1,1,32,0.15,4,100,1,2782.05,5430.19,0
20.3055,17,3,2000,645.722,0,0,0,1,1,32,0.15,4,100,1,2770.21,4719.05,0
20.33,66,6,2000,2000,0,0,0,1,0,64,0.05,4,100,1,2910.71,1331.84,0
20.3305,67,6,2000,1969.49,0,0,0,1,0,64,0.05,4,100,1,2915.56,1207.85,0
20.331,68,5,2000,1816.48,0,0,0,1,1,96,0.2,4,100,1,2928.06,970.58,0
20.3315,69,5,2000,1791.09,0,0,0,1,1,96,0.2,4,100,1,2925.5,953.9,0
20.332,70,4,2000,1161.35,0,0,0,1,1,96,0.2,4,100,1,2927.36,906.6,0
20.333,72,4,2000,1321.5,0,0,0,1,1,96,0.2,4,100,1,2964,464.5,0
20.3325,71,4,2000,1279.78,0,0,0,1,1,96,0.2,4,100,1,2932.12,866.68,0
20.3335,73,4,2000,1197.51,0,0,0,1,1,96,0.2,4,100,1,2973.9,428.96,0
20.334,74,3,2000,960.23,0,0,0,1,1,96,0.2,4,100,1,2809.32,6719.35,0
20.335,76,3,2000,896.236,0,0,0,1,1,96,0.2,4,100,1,2817.69,3622.1,0
20.336,78,2,2000,454.122,0,0,0,1,0,64,0.05,4,100,1,2846.58,3002.01,0
20.3365,79,2,2000,418.574,0,0,0,1,0,64,0.05,4,100,1,2863.34,2677.93,0
20.3345,75,3,2000,943.543,0,0,0,1,1,96,0.2,4,100,1,2837.29,6372.45,0
20.3355,77,3,2000,856.309,0,0,0,1,1,96,0.2,4,100,1,2833.84,3298.01,0
20.3405,87,6,2000,2000,0,0,0,1,0,64,0.05,4,100,1,2958.65,563.73,0
20.341,88,5,2000,1759.94,0,0,0,1,1,96,0.2,4,100,1,2803.59,5706.55,0
20.3415,89,4,2000,1488.44,0,0,0,1,1,32,0.15,4,100,1,2785.52,5434.82,0
20.342,90,4,2000,1143.04,0,0,0,1,1,32,0.15,4,100,1,2772.84,5165.42,0
20.3425,91,3,2000,848.358,0,0,0,1,1,32,0.15,4,100,1,2763.91,4850.61,0
20.352,110,4,2000,1347.51,0,0,0,1,1,32,0.15,4,100,1,2770.69,5119.52,0
20.3525,111,3,2000,1036.55,0,0,0,1,1,32,0.15,4,100,1,2767.05,4864.57,0
20.353,112,3,2000,751.007,0,0,0,1,1,32,0.15,4,100,1,2776.34,4577.34,0
20.354,114,2,2000,476.272,0,0,0,1,0,0,0,4,100,1,2803.91,3952.14,0
20.362,130,4,2000,1368.36,0,0,0,1,1,32,0.15,4,100,1,2777.45,5349.72,0
20.3625,131,3,2000,1010.86,0,0,0,1,1,32,0.15,4,100,1,2768.33,5137.66,0
20.3705,147,1,2000,121.435,0,0,0,1,1,16,0.15,4,100,1,2935.9,587.22,0
20.371,148,2,2000,411.878,0,0,0,1,0,0,0,4,100,1,2872.19,1841.27,0
20.3715,149,3,2000,1082.63,0,0,0,1,1,32,0.15,4,100,1,2890.56,1494.97,0
20.3725,151,2,2000,408.757,0,0,0,1,0,0,0,4,100,1,2884.82,1626.74,0
20.374,154,5,2000,1830.35,0,0,0,1,1,32,0.15,4,100,1,2878.24,1777.14,0
20.3745,155,4,2000,1484.04,0,0,0,1,1,96,0.2,4,100,1,2862.62,2129.79,0
20.375,156,4,2000,1530.26,0,0,0,1,1,112,0.35,4,100,1,2876.07,1826.17,0
20.3755,157,5,2000,1615.79,0,0,0,1,1,96,0.2,4,100,1,2873.92,1874.73,0
20.3765,159,5,2000,1714.14,0,0,0,1,1,96,0.2,4,100,1,2847.27,2508.01,0
20.377,160,5,2000,1766.17,0,0,0,1,1,96,0.2,4,100,1,2845.51,2555.97,0
20.376,158,5,2000,1663.4,0,0,0,1,1,96,0.2,4,100,1,2849.02,2459.93,0
20.378,162,5,2000,1815.19,0,0,0,1,1,32,0.15,4,100,1,2841.26,2659.59,0
20.398,202,13,2767.85,4235.61,0,0,0,0,0,0,0,4,100,0,0,0,0
20.3985,203,14,2749,4678.28,0,0,0,0,0,0,0,4,100,0,0,0,0
20.399,204,15,2745.32,5058.65,0,0,0,0,0,0,0,4,100,0,0,0,0
20.3995,205,17,2767.87,5485.82,0,0,0,0,0,0,0,4,100,0,0,0,0
20.403,12,6,2000,1988.6,0,0,0,1,0,0,0,4,100,1,2837.82,6411.29,0
20.4035,13,5,2000,1687.05,0,0,0,1,1,32,0.15,4,100,1,2819.97,6068.48,0
20.404,14,4,2000,1301.38,0,0,0,1,1,32,0.15,4,100,1,2804.41,5781.02,0
20.4045,15,3,2000,973.318,0,0,0,1,1,32,0.15,4,100,1,2782.05,5430.19,0
20.4055,17,3,2000,644.284,0,0,0,1,1,32,0.15,4,100,1,2770.21,4719.05,0
20.43,66,6,2000,2000,0,0,0,1,0,64,0.05,4,100,1,2910.71,1331.84,0
20.4305,67,6,2000,1968.06,0,0,0,1,0,64,0.05,4,100,1,2915.56,1207.85,0
20.431,68,5,2000,1815.05,0,0,0,1,1,96,0.2,4,100,1,2928.06,970.58,0
20.4315,69,5,2000,1789.65,0,0,0,1,1,96,0.2,4,100,1,2925.5,953.9,0
20.432,70,4,2000,1159.92,0,0,0,1,1,96,0.2,4,100,1,2927.36,906.6,0
20.4325,71,4,2000,1278.35,0,0,0,1,1,96,0.2,4,100,1,2932.12,866.68,0
20.433,72,4,2000,1320.07,0,0,0,1,1,96,0.2,4,100,1,2964,464.5,0
20.4335,73,4,2000,1196.07,0,0,0,1,1,96,0.2,4,100,1,2973.9,428.96,0
20.4345,75,3,2000,942.11,0,0,0,1,1,96,0.2,4,100,1,2837.29,6372.45,0
20.435,76,3,2000,894.803,0,0,0,1,1,96,0.2,4,100,1,2817.69,3622.1,0
20.4355,77,3,2000,854.876,0,0,0,1,1,96,0.2,4,100,1,2833.84,3298.01,0
20.434,74,3,2000,958.797,0,0,0,1,1,96,0.2,4,100,1,2809.32,6719.35,0
20.4365,79,2,2000,417.142,0,0,0,1,0,64,0.05,4,100,1,2863.34,2677.93,0
20.436,78,2,2000,452.689,0,0,0,1,0,64,0.05,4,100,1,2846.58,3002.01,0
20.4405,87,6,2000,2000,0,0,0,1,0,64,0.05,4,100,1,2958.65,563.73,0
20.441,88,5,2000,1758.51,0,0,0,1,1,96,0.2,4,100,1,2803.59,5706.55,0
20.4415,89,4,2000,1487.01,0,0,0,1,1,32,0.15,4,100,1,2785.52,5434.82,0
20.442,90,4,2000,1141.6,0,0,0,1,1,32,0.15,4,100,1,2772.84,5165.42,0
20.4425,91,3,2000,846.926,0,0,0,1,1,32,0.15,4,100,1,2763.91,4850.61,0
20.452,110,4,2000,1346.08,0,0,0,1,1,32,0.15,4,100,1,2770.69,5119.52,0
20.4525,111,3,2000,1035.12,0,0,0,1,1,32,0.15,4,100,1,2767.05,4864.57,0
20.453,112,3,2000,749.577,0,0,0,1,1,32,0.15,4,100,1,2776.34,4577.34,0
20.454,114,2,2000,474.843,0,0,0,1,0,0,0,4,100,1,2803.91,3952.14,0
20.462,130,4,2000,1366.93,0,0,0,1,1,32,0.15,4,100,1,2777.45,5349.72,0
20.4625,131,3,2000,1009.43,0,0,0,1,1,32,0.15,4,100,1,2768.33,5137.66,0
20.4705,147,1,2000,120.009,0,0,0,1,1,16,0.15,4,100,1,2935.9,587.22,0
20.471,148,2,2000,410.452,0,0,0,1,0,0,0,4,100,1,2872.19,1841.27,0
20.4715,149,3,2000,1081.2,0,0,0,1,1,48,0.3,4,100,1,2890.56,1494.97,0
20.4725,151,2,2000,407.331,0,0,0,1,0,0,0,4,100,1,2884.82,1626.74,0
20.474,154,5,2000,1828.92,0,0,0,1,1,32,0.15,4,100,1,2878.24,1777.14,0
20.4745,155,4,2000,1482.61,0,0,0,1,1,96,0.2,4,100,1,2862.62,2129.79,0
20.475,156,4,2000,1528.84,0,0,0,1,1,112,0.35,4,100,1,2876.07,1826.17,0
20.4755,157,5,2000,1614.37,0,0,0,1,1,96,0.2,4,100,1,2873.92,1874.73,0
20.4765,159,5,2000,1712.71,0,0,0,1,1,96,0.2,4,100,1,2847.27,2508.01,0
20.477,160,5,2000,1764.75,0,0,0,1,1,96,0.2,4,100,1,2845.51,2555.97,0
20.476,158,5,2000,1661.97,0,0,0,1,1,96,0.2,4,100,1,2849.02,2459.93,0
20.478,162,5,2000,1813.76,0,0,0,1,1,32,0.15,4,100,1,2841.26,2659.59,0
20.498,202,13,2767.85,4235.61,0,0,0,0,0,0,0,4,100,0,0,0,0
20.4985,203,14,2749,4678.28,0,0,0,0,0,0,0,4,100,0,0,0,0
20.499,204,15,2745.32,5058.65,0,0,0,0,0,0,0,4,100,0,0,0,0
20.4995,205,17,2767.87,5485.82,0,0,0,0,0,0,0,4,100,0,0,0,0
20.503,12,6,2000,1987.18,0,0,0,1,0,0,0,4,100,1,2837.82,6411.29,0
20.5035,13,5,2000,1685.63,0,0,0,1,1,32,0.15,4,100,1,2819.97,6068.48,0
20.504,14,4,2000,1299.96,0,0,0,1,1,32,0.15,4,100,1,2804.41,5781.02,0
20.5045,15,3,2000,971.898,0,0,0,1,1,32,0.15,4,100,1,2782.05,5430.19,0
20.5055,17,3,2000,642.864,0,0,0,1,1,32,0.15,4,100,1,2770.21,4719.05,0
20.53,66,6,2000,2000,0,0,0,1,0,64,0.05,4,100,1,2910.71,1331.84,0
20.5305,67,6,2000,1966.64,0,0,0,1,0,64,0.05,4,100,1,2915.56,1207.85,0
20.531,68,5,2000,1813.64,0,0,0,1,1,96,0.2,4,100,1,2928.06,970.58,0
20.5315,69,5,2000,1788.24,0,0,0,1,1,96,0.2,4,100,1,2925.5,953.9,0
20.532,70,4,2000,1158.5,0,0,0,1,1,96,0.2,4,100,1,2927.36,906.6,0
20.533,72,4,2000,1318.66,0,0,0,1,1,96,0.2,4,100,1,2964,464.5,0
20.5325,71,4,2000,1276.93,0,0,0,1,1,96,0.2,4,100,1,2932.12,866.68,0
20.5335,73,4,2000,1194.66,0,0,0,1,1,96,0.2,4,100,1,2973.9,428.96,0
20.534,74,3,2000,957.383,0,0,0,1,1,96,0.2,4,100,1,2809.32,6719.35,0
20.535,76,3,2000,893.389,0,0,0,1,1,96,0.2,4,100,1,2817.69,3622.1,0
20.5355,77,3,2000,853.462,0,0,0,1,1,96,0.2,4,100,1,2833.84,3298.01,0
20.5345,75,3,2000,940.696,0,0,0,1,1,96,0.2,4,100,1,2837.29,6372.45,0
20.536,78,2,2000,451.275,0,0,0,1,0,64,0.05,4,100,1,2846.58,3002.01,0
20.5365,79,2,2000,415.728,0,0,0,1,0,64,0.05,4,100,1,2863.34,2677.93,0
20.5405,87,6,2000,2000,0,0,0,1,0,64,0.05,4,100,1,2958.65,563.73,0
20.541,88,5,2000,1757.09,0,0,0,1,1,96,0.2,4,100,1,2803.59,5706.55,0
20.5415,89,4,2000,1485.6,0,0,0,1,1,32,0.15,4,100,1,2785.52,5434.82,0
20.542,90,4,2000,1140.19,0,0,0,1,1,32,0.15,4,100,1,2772.84,5165.42,0
20.5425,91,3,2000,845.514,0,0,0,1,1,32,0.15,4,100,1,2763.91,4850.61,0
20.552,110,4,2000,1344.67,0,0,0,1,1,32,0.15,4,100,1,2770.69,5119.52,0
20.5525,111,3,2000,1033.71,0,0,0,1,1,32,0.15,4,100,1,2767.05,4864.57,0
20.553,112,3,2000,748.167,0,0,0,1,1,32,0.15,4,100,1,2776.34,4577.34,0
20.554,114,2,2000,473.433,0,0,0,1,0,0,0,4,100,1,2803.91,3952.14,0
20.562,130,4,2000,1365.52,0,0,0,1,1,32,0.15,4,100,1,2777.45,5349.72,0
20.5625,131,3,2000,1008.02,0,0,0,1,1,32,0.15,4,100,1,2768.33,5137.66,0
20.5705,147,1,2000,118.602,0,0,0,1,0,0,0,4,100,1,2935.9,587.22,0
20.571,148,2,2000,409.045,0,0,0,1,0,0,0,4,100,1,2872.19,1841.27,0
20.5715,149,3,2000,1079.8,0,0,0,1,1,48,0.3,4,100,1,2890.56,1494.97,0
20.5725,151,2,2000,405.924,0,0,0,1,0,0,0,4,100,1,2884.82,1626.74,0
20.574,154,5,2000,1827.51,0,0,0,1,1,32,0.15,4,100,1,2878.24,1777.14,0
20.5745,155,4,2000,1481.21,0,0,0,1,1,96,0.2,4,100,1,2862.62,2129.79,0
20.575,156,4,2000,1527.43,0,0,0,1,1,112,0.35,4,100,1,2876.07,1826.17,0
20.5755,157,5,2000,1612.96,0,0,0,1,1,96,0.2,4,100,1,2873.92,1874.73,0
20.5765,159,5,2000,1711.31,0,0,0,1,1,96,0.2,4,100,1,2847.27,2508.01,0
20.577,160,5,2000,1763.34,0,0,0,1,1,96,0.2,4,100,1,2845.51,2555.97,0
20.578,162,5,2000,1812.36,0,0,0,1,1,32,0.15,4,100,1,2841.26,2659.59,0
20.576,158,5,2000,1660.57,0,0,0,1,1,96,0.2,4,100,1,2849.02,2459.93,0
20.598,202,13,2767.85,4235.61,0,0,0,0,0,0,0,4,100,0,0,0,0
20.5985,203,14,2749,4678.28,0,0,0,0,0,0,0,4,100,0,0,0,0
20.599,204,15,2745.32,5058.65,0,0,0,0,0,0,0,4,100,0,0,0,0
20.5995,205,17,2767.87,5485.82,0,0,0,0,0,0,0,4,100,0,0,0,0
20.603,12,6,2000,1985.78,0,0,0,1,0,0,0,4,100,1,2837.82,6411.29,0
20.6035,13,5,2000,1684.23,0,0,0,1,1,32,0.15,4,100,1,2819.97,6068.48,0
20.604,14,4,2000,1298.56,0,0,0,1,1,32,0.15,4,100,1,2804.41,5781.02,0
20.6045,15,3,2000,970.499,0,0,0,1,1,32,0.15,4,100,1,2782.05,5430.19,0
20.6055,17,3,2000,641.465,0,0,0,1,1,32,0.15,4,100,1,2770.21,4719.05,0
20.63,66,6,2000,2000,0,0,0,1,0,64,0.05,4,100,1,2910.71,1331.84,0
20.6305,67,6,2000,1965.25,0,0,0,1,0,64,0.05,4,100,1,2915.56,1207.85,0
20.631,68,5,2000,1812.24,0,0,0,1,1,96,0.2,4,100,1,2928.06,970.58,0
20.6315,69,5,2000,1786.84,0,0,0,1,1,96,0.2,4,100,1,2925.5,953.9,0
20.632,70,4,2000,1157.11,0,0,0,1,1,96,0.2,4,100,1,2927.36,906.6,0
20.633,72,4,2000,1317.26,0,0,0,1,1,96,0.2,4,100,1,2964,464.5,0
20.6325,71,4,2000,1275.54,0,0,0,1,1,96,0.2,4,100,1,2932.12,866.68,0
20.6335,73,4,2000,1193.27,0,0,0,1,1,96,0.2,4,100,1,2973.9,428.96,0
20.634,74,3,2000,955.99,0,0,0,1,1,96,0.2,4,100,1,2809.32,6719.35,0
20.6345,75,3,2000,939.303,0,0,0,1,1,96,0.2,4,100,1,2837.29,6372.45,0
20.6355,77,3,2000,852.069,0,0,0,1,1,96,0.2,4,100,1,2833.84,3298.01,0
20.636,78,2,2000,449.882,0,0,0,1,0,64,0.05,4,100,1,2846.58,3002.01,0
20.6365,79,2,2000,414.335,0,0,0,1,0,64,0.05,4,100,1,2863.34,2677.93,0
20.635,76,3,2000,891.996,0,0,0,1,1,96,0.2,4,100,1,2817.69,3622.1,0
20.6405,87,6,2000,2000,0,0,0,1,0,64,0.05,4,100,1,2958.65,563.73,0
20.641,88,5,2000,1755.7,0,0,0,1,1,96,0.2,4,100,1,2803.59,5706.55,0
20.6415,89,4,2000,1484.21,0,0,0,1,1,32,0.15,4,100,1,2785.52,5434.82,0
20.642,90,4,2000,1138.8,0,0,0,1,1,32,0.15,4,100,1,2772.84,5165.42,0
20.6425,91,3,2000,844.123,0,0,0,1,1,32,0.15,4,100,1,2763.91,4850.61,0
20.652,110,4,2000,1343.28,0,0,0,1,1,32,0.15,4,100,1,2770.69,5119.52,0
20.6525,111,3,2000,1032.32,0,0,0,1,1,32,0.15,4,100,1,2767.05,4864.57,0
20.653,112,3,2000,746.778,0,0,0,1,1,32,0.15,4,100,1,2776.34,4577.34,0
20.654,114,2,2000,472.044,0,0,0,1,0,0,0,4,100,1,2803.91,3952.14,0
20.662,130,4,2000,1364.13,0,0,0,1,1,32,0.15,4,100,1,2777.45,5349.72,0
20.6625,131,3,2000,1006.64,0,0,0,1,1,32,0.15,4,100,1,2768.33,5137.66,0
20.6705,147,1,2000,117.217,0,0,0,1,0,0,0,4,100,1,2935.9,587.22,0
20.671,148,2,2000,407.66,0,0,0,1,0,0,0,4,100,1,2872.19,1841.27,0
20.6715,149,3,2000,1078.41,0,0,0,1,1,48,0.3,4,100,1,2890.56,1494.97,0
20.6725,151,2,2000,404.54,0,0,0,1,0,0,0,4,100,1,2884.82,1626.74,0
20.674,154,5,2000,1826.13,0,0,0,1,1,32,0.15,4,100,1,2878.24,1777.14,0
20.6745,155,4,2000,1479.82,0,0,0,1,1,96,0.2,4,100,1,2862.62,2129.79,0
20.675,156,4,2000,1526.05,0,0,0,1,1,112,0.35,4,100,1,2876.07,1826.17,0
20.6755,157,5,2000,1611.58,0,0,0,1,1,96,0.2,4,100,1,2873.92,1874.73,0
20.6765,159,5,2000,1709.92,0,0,0,1,1,96,0.2,4,100,1,2847.27,2508.01,0
20.677,160,5,2000,1761.96,0,0,0,1,1,96,0.2,4,100,1,2845.51,2555.97,0
20.678,162,5,2000,1810.97,0,0,0,1,1,32,0.15,4,100,1,2841.26,2659.59,0
20.676,158,5,2000,1659.18,0,0,0,1,1,96,0.2,4,100,1,2849.02,2459.93,0
20.698,202,13,2767.85,4235.61,0,0,0,0,0,0,0,4,100,0,0,0,0
20.6985,203,14,2749,4678.28,0,0,0,0,0,0,0,4,100,0,0,0,0
20.699,204,15,2745.32,5058.65,0,0,0,0,0,0,0,4,100,0,0,0,0
20.6995,205,17,2767.87,5485.82,0,0,0,0,0,0,0,4,100,0,0,0,0
20.703,12,6,2000,1984.4,0,0,0,1,0,0,0,4,100,1,2837.82,6411.29,0
20.7035,13,5,2000,1682.86,0,0,0,1,1,32,0.15,4,100,1,2819.97,6068.48,0
20.704,14,4,2000,1297.18,0,0,0,1,1,32,0.15,4,100,1,2804.41,5781.02,0
20.7045,15,3,2000,969.122,0,0,0,1,1,32,0.15,4,100,1,2782.05,5430.19,0
20.7055,17,3,2000,640.088,0,0,0,1,1,32,0.15,4,100,1,2770.21,4719.05,0
20.73,66,6,2000,2000,0,0,0,1,0,64,0.05,4,100,1,2910.71,1331.84,0
20.7305,67,6,2000,1963.88,0,0,0,1,0,64,0.05,4,100,1,2915.56,1207.85,0
20.731,68,5,2000,1810.87,0,0,0,1,1,96,0.2,4,100,1,2928.06,970.58,0
20.7315,69,5,2000,1785.47,0,0,0,1,1,96,0.2,4,100,1,2925.5,953.9,0
20.7325,71,4,2000,1274.17,0,0,0,1,1,96,0.2,4,100,1,2932.12,866.68,0
20.733,72,4,2000,1315.89,0,0,0,1,1,96,0.2,4,100,1,2964,464.5,0
20.732,70,4,2000,1155.74,0,0,0,1,1,96,0.2,4,100,1,2927.36,906.6,0
20.7335,73,4,2000,1191.9,0,0,0,1,1,96,0.2,4,100,1,2973.9,428.96,0
20.734,74,3,2000,954.62,0,0,0,1,1,96,0.2,4,100,1,2809.32,6719.35,0
20.735,76,3,2000,890.627,0,0,0,1,1,96,0.2,4,100,1,2817.69,3622.1,0
20.7355,77,3,2000,850.7,0,0,0,1,1,96,0.2,4,100,1,2833.84,3298.01,0
20.7345,75,3,2000,937.933,0,0,0,1,1,96,0.2,4,100,1,2837.29,6372.45,0
20.736,78,2,2000,448.513,0,0,0,1,0,64,0.05,4,100,1,2846.58,3002.01,0
20.7365,79,2,2000,412.966,0,0,0,1,0,64,0.05,4,100,1,2863.34,2677.93,0
20.7405,87,6,2000,2000,0,0,0,1,0,64,0.05,4,100,1,2958.65,563.73,0
20.741,88,5,2000,1754.34,0,0,0,1,1,96,0.2,4,100,1,2803.59,5706.55,0
20.7415,89,4,2000,1482.84,0,0,0,1,1,32,0.15,4,100,1,2785.52,5434.82,0
20.742,90,4,2000,1137.43,0,0,0,1,1,32,0.15,4,100,1,2772.84,5165.42,0
20.7425,91,3,2000,842.755,0,0,0,1,1,32,0.15,4,100,1,2763.91,4850.61,0
20.752,110,4,2000,1341.92,0,0,0,1,1,32,0.15,4,100,1,2770.69,5119.52,0
20.7525,111,3,2000,1030.96,0,0,0,1,1,32,0.15,4,100,1,2767.05,4864.57,0
20.753,112,3,2000,745.413,0,0,0,1,1,32,0.15,4,100,1,2776.34,4577.34,0
20.754,114,2,2000,470.679,0,0,0,1,0,0,0,4,100,1,2803.91,3952.14,0
20.762,130,4,2000,1362.77,0,0,0,1,1,32,0.15,4,100,1,2777.45,5349.72,0
20.7625,131,3,2000,1005.27,0,0,0,1,1,32,0.15,4,100,1,2768.33,5137.66,0
20.7705,147,1,2000,115.856,0,0,0,1,0,0,0,4,100,1,2935.9,587.22,0
20.771,148,2,2000,406.3,0,0,0,1,0,0,0,4,100,1,2872.19,1841.27,0
20.7715,149,3,2000,1077.05,0,0,0,1,1,48,0.3,4,100,1,2890.56,1494.97,0
20.7725,151,2,2000,403.18,0,0,0,1,0,0,0,4,100,1,2884.82,1626.74,0
20.774,154,5,2000,1824.77,0,0,0,1,1,32,0.15,4,100,1,2878.24,1777.14,0
20.7745,155,4,2000,1478.46,0,0,0,1,1,96,0.2,4,100,1,2862.62,2129.79,0
20.775,156,4,2000,1524.69,0,0,0,1,1,112,0.35,4,100,1,2876.07,1826.17,0
20.7755,157,5,2000,1610.22,0,0,0,1,1,96,0.2,4,100,1,2873.92,1874.73,0
20.776,158,5,2000,1657.82,0,0,0,1,1,96,0.2,4,100,1,2849.02,2459.93,0
20.777,160,5,2000,1760.6,0,0,0,1,1,96,0.2,4,100,1,2845.51,2555.97,0
20.778,162,5,2000,1809.62,0,0,0,1,1,32,0.15,4,100,1,2841.26,2659.59,0
20.7765,159,5,2000,1708.57,0,0,0,1,1,96,0.2,4,100,1,2847.27,2508.01,0
20.798,202,13,2767.85,4235.61,0,0,0,0,0,0,0,4,100,0,0,0,0
20.7985,203,14,2749,4678.28,0,0,0,0,0,0,0,4,100,0,0,0,0
20.799,204,15,2745.32,5058.65,0,0,0,0,0,0,0,4,100,0,0,0,0
20.7995,205,17,2767.87,5485.82,0,0,0,0,0,0,0,4,100,0,0,0,0
20.803,12,6,2000,1983.05,0,0,0,1,0,0,0,4,100,1,2837.82,6411.29,0
20.8035,13,5,2000,1681.5,0,0,0,1,1,32,0.15,4,100,1,2819.97,6068.48,0
20.804,14,4,2000,1295.83,0,0,0,1,1,32,0.15,4,100,1,2804.41,5781.02,0
20.8045,15,3,2000,967.77,0,0,0,1,1,32,0.15,4,100,1,2782.05,5430.19,0
20.8055,17,3,2000,638.736,0,0,0,1,1,32,0.15,4,100,1,2770.21,4719.05,0
20.83,66,6,2000,2000,0,0,0,1,0,64,0.05,4,100,1,2910.71,1331.84,0
20.8305,67,6,2000,1962.53,0,0,0,1,0,64,0.05,4,100,1,2915.56,1207.85,0
20.831,68,5,2000,1809.53,0,0,0,1,1,96,0.2,4,100,1,2928.06,970.58,0
20.8315,69,5,2000,1784.13,0,0,0,1,1,96,0.2,4,100,1,2925.5,953.9,0
20.8325,71,4,2000,1272.83,0,0,0,1,1,96,0.2,4,100,1,2932.12,866.68,0
20.833,72,4,2000,1314.55,0,0,0,1,1,96,0.2,4,100,1,2964,464.5,0
20.832,70,4,2000,1154.39,0,0,0,1,1,96,0.2,4,100,1,2927.36,906.6,0
20.8335,73,4,2000,1190.55,0,0,0,1,1,96,0.2,4,100,1,2973.9,428.96,0
20.834,74,3,2000,953.276,0,0,0,1,1,96,0.2,4,100,1,2809.32,6719.35,0
20.8345,75,3,2000,936.589,0,0,0,1,1,96,0.2,4,100,1,2837.29,6372.45,0
20.8355,77,3,2000,849.356,0,0,0,1,1,96,0.2,4,100,1,2833.84,3298.01,0
20.836,78,2,2000,447.169,0,0,0,1,0,64,0.05,4,100,1,2846.58,3002.01,0
20.8365,79,2,2000,411.623,0,0,0,1,0,64,0.05,4,100,1,2863.34,2677.93,0
20.835,76,3,2000,889.283,0,0,0,1,1,96,0.2,4,100,1,2817.69,3622.1,0
20.8405,87,6,2000,2000,0,0,0,1,0,64,0.05,4,100,1,2958.65,563.73,0
20.841,88,5,2000,1752.99,0,0,0,1,1,96,0.2,4,100,1,2803.59,5706.55,0
20.8415,89,4,2000,1481.5,0,0,0,1,1,32,0.15,4,100,1,2785.52,5434.82,0
20.842,90,4,2000,1136.09,0,0,0,1,1,32,0.15,4,100,1,2772.84,5165.42,0
20.8425,91,3,2000,841.413,0,0,0,1,1,32,0.15,4,100,1,2763.91,4850.61,0
20.852,110,4,2000,1340.58,0,0,0,1,1,32,0.15,4,100,1,2770.69,5119.52,0
20.8525,111,3,2000,1029.62,0,0,0,1,1,32,0.15,4,100,1,2767.05,4864.57,0
20.853,112,3,2000,744.074,0,0,0,1,1,32,0.15,4,100,1,2776.34,4577.34,0
20.854,114,2,2000,469.34,0,0,0,1,0,0,0,4,100,1,2803.91,3952.14,0
20.862,130,4,2000,1361.43,0,0,0,1,1,32,0.15,4,100,1,2777.45,5349.72,0
20.8625,131,3,2000,1003.94,0,0,0,1,1,32,0.15,4,100,1,2768.33,5137.66,0
20.8705,147,1,2000,114.522,0,0,0,1,0,0,0,4,100,1,2935.9,587.22,0
20.871,148,2,2000,404.966,0,0,0,1,0,0,0,4,100,1,2872.19,1841.27,0
20.8715,149,3,2000,1075.72,0,0,0,1,1,48,0.3,4,100,1,2890.56,1494.97,0
20.8725,151,2,2000,401.846,0,0,0,1,0,0,0,4,100,1,2884.82,1626.74,0
20.874,154,5,2000,1823.44,0,0,0,1,1,32,0.15,4,100,1,2878.24,1777.14,0
20.8745,155,4,2000,1477.13,0,0,0,1,1,96,0.2,4,100,1,2862.62,2129.79,0
20.875,156,4,2000,1523.35,0,0,0,1,1,112,0.35,4,100,1,2876.07,1826.17,0
20.8755,157,5,2000,1608.89,0,0,0,1,1,96,0.2,4,100,1,2873.92,1874.73,0
20.8765,159,5,2000,1707.23,0,0,0,1,1,96,0.2,4,100,1,2847.27,2508.01,0
20.877,160,5,2000,1759.27,0,0,0,1,1,96,0.2,4,100,1,2845.51,2555.97,0
20.878,162,5,2000,1808.28,0,0,0,1,1,32,0.15,4,100,1,2841.26,2659.59,0
20.876,158,5,2000,1656.49,0,0,0,1,1,96,0.2,4,100,1,2849.02,2459.93,0
20.898,202,13,2767.85,4235.61,0,0,0,0,0,0,0,4,100,0,0,0,0
20.8985,203,14,2749,4678.28,0,0,0,0,0,0,0,4,100,0,0,0,0
20.899,204,15,2745.32,5058.65,0,0,0,0,0,0,0,4,100,0,0,0,0
20.8995,205,17,2767.87,5485.82,0,0,0,0,0,0,0,4,100,0,0,0,0
20.903,12,6,2000,1981.72,0,0,0,1,0,0,0,4,100,1,2837.82,6411.29,0
20.9035,13,5,2000,1680.18,0,0,0,1,1,32,0.15,4,100,1,2819.97,6068.48,0
20.904,14,4,2000,1294.5,0,0,0,1,1,32,0.15,4,100,1,2804.41,5781.02,0
20.9045,15,3,2000,966.445,0,0,0,1,1,32,0.15,4,100,1,2782.05,5430.19,0
20.9055,17,3,2000,637.412,0,0,0,1,1,32,0.15,4,100,1,2770.21,4719.05,0
20.93,66,6,2000,2000,0,0,0,1,0,64,0.05,4,100,1,2910.71,1331.84,0
20.9305,67,6,2000,1961.22,0,0,0,1,0,64,0.05,4,100,1,2915.56,1207.85,0
20.931,68,5,2000,1808.21,0,0,0,1,1,96,0.2,4,100,1,2928.06,970.58,0
20.932,70,4,2000,1153.08,0,0,0,1,1,96,0.2,4,100,1,2927.36,906.6,0
20.9325,71,4,2000,1271.51,0,0,0,1,1,96,0.2,4,100,1,2932.12,866.68,0
20.9315,69,5,2000,1782.81,0,0,0,1,1,96,0.2,4,100,1,2925.5,953.9,0
20.9335,73,4,2000,1189.24,0,0,0,1,1,96,0.2,4,100,1,2973.9,428.96,0
20.933,72,4,2000,1313.23,0,0,0,1,1,96,0.2,4,100,1,2964,464.5,0
20.9345,75,3,2000,935.273,0,0,0,1,1,96,0.2,4,100,1,2837.29,6372.45,0
20.934,74,3,2000,951.959,0,0,0,1,1,96,0.2,4,100,1,2809.32,6719.35,0
20.935,76,3,2000,887.966,0,0,0,1,1,96,0.2,4,100,1,2817.69,3622.1,0
20.9355,77,3,2000,848.04,0,0,0,1,1,96,0.2,4,100,1,2833.84,3298.01,0
20.936,78,2,2000,445.853,0,0,0,1,0,64,0.05,4,100,1,2846.58,3002.01,0
20.9365,79,2,2000,410.307,0,0,0,1,0,64,0.05,4,100,1,2863.34,2677.93,0
20.9405,87,6,2000,2000,0,0,0,1,0,64,0.05,4,100,1,2958.65,563.73,0
20.941,88,5,2000,1751.68,0,0,0,1,1,96,0.2,4,100,1,2803.59,5706.55,0
20.9415,89,4,2000,1480.18,0,0,0,1,1,32,0.15,4,100,1,2785.52,5434.82,0
20.942,90,4,2000,1134.78,0,0,0,1,1,32,0.15,4,100,1,2772.84,5165.42,0
20.9425,91,3,2000,840.099,0,0,0,1,1,32,0.15,4,100,1,2763.91,4850.61,0
20.952,110,4,2000,1339.27,0,0,0,1,1,32,0.15,4,100,1,2770.69,5119.52,0
20.9525,111,3,2000,1028.31,0,0,0,1,1,32,0.15,4,100,1,2767.05,4864.57,0
20.953,112,3,2000,742.763,0,0,0,1,1,32,0.15,4,100,1,2776.34,4577.34,0
20.954,114,2,2000,468.03,0,0,0,1,0,0,0,4,100,1,2803.91,3952.14,0
20.962,130,4,2000,1360.13,0,0,0,1,1,32,0.15,4,100,1,2777.45,5349.72,0
20.9625,131,3,2000,1002.63,0,0,0,1,1,32,0.15,4,100,1,2768.33,5137.66,0
20.9705,147,1,2000,113.216,0,0,0,1,0,0,0,4,100,1,2935.9,587.22,0
20.971,148,2,2000,403.66,0,0,0,1,0,0,0,4,100,1,2872.19,1841.27,0
20.9715,149,3,2000,1074.41,0,0,0,1,1,48,0.3,4,100,1,2890.56,1494.97,0
20.9725,151,2,2000,400.54,0,0,0,1,0,0,0,4,100,1,2884.82,1626.74,0
20.974,154,5,2000,1822.13,0,0,0,1,1,32,0.15,4,100,1,2878.24,1777.14,0
20.9745,155,4,2000,1475.82,0,0,0,1,1,96,0.2,4,100,1,2862.62,2129.79,0
20.975,156,4,2000,1522.05,0,0,0,1,1,112,0.35,4,100,1,2876.07,1826.17,0
20.976,158,5,2000,1655.19,0,0,0,1,1,96,0.2,4,100,1,2849.02,2459.93,0
20.9765,159,5,2000,1705.93,0,0,0,1,1,96,0.2,4,100,1,2847.27,2508.01,0
20.9755,157,5,2000,1607.58,0,0,0,1,1,96,0.2,4,100,1,2873.92,1874.73,0
20.977,160,5,2000,1757.96,0,0,0,1,1,96,0.2,4,100,1,2845.51,2555.97,0
20.978,162,5,2000,1806.98,0,0,0,1,1,32,0.15,4,100,1,2841.26,2659.59,0
20.998,202,13,2767.85,4235.61,0,0,0,0,0,0,0,4,100,0,0,0,0
20.9985,203,14,2749,4678.28,0,0,0,0,0,0,0,4,100,0,0,0,0
20.999,204,15,2745.32,5058.65,0,0,0,0,0,0,0,4,100,0,0,0,0
20.9995,205,17,2767.87,5485.82,0,0,0,0,0,0,0,4,100,0,0,0,0
21.003,12,6,2000,1980.43,0,0,0,1,0,0,0,4,100,1,2837.82,6411.29,0
21.0035,13,5,2000,1678.88,0,0,0,1,1,32,0.15,4,100,1,2819.97,6068.48,0
21.004,14,4,2000,1293.21,0,0,0,1,1,32,0.15,4,100,1,2804.41,5781.02,0
21.0045,15,3,2000,965.149,0,0,0,1,1,32,0.15,4,100,1,2782.05,5430.19,0
21.0055,17,3,2000,636.116,0,0,0,1,1,32,0.15,4,100,1,2770.21,4719.05,0
21.03,66,6,2000,2000,0,0,0,1,0,64,0.05,4,100,1,2910.71,1331.84,0
21.0305,67,6,2000,1959.93,0,0,0,1,0,64,0.05,4,100,1,2915.56,1207.85,0
21.031,68,5,2000,1806.92,0,0,0,1,1,96,0.2,4,100,1,2928.06,970.58,0
21.032,70,4,2000,1151.79,0,0,0,1,1,96,0.2,4,100,1,2927.36,906.6,0
21.0325,71,4,2000,1270.22,0,0,0,1,1,96,0.2,4,100,1,2932.12,866.68,0
21.0315,69,5,2000,1781.52,0,0,0,1,1,96,0.2,4,100,1,2925.5,953.9,0
21.033,72,4,2000,1311.95,0,0,0,1,1,96,0.2,4,100,1,2964,464.5,0
21.034,74,3,2000,950.673,0,0,0,1,1,96,0.2,4,100,1,2809.32,6719.35,0
21.0335,73,4,2000,1187.95,0,0,0,1,1,96,0.2,4,100,1,2973.9,428.96,0
21.035,76,3,2000,886.68,0,0,0,1,1,96,0.2,4,100,1,2817.69,3622.1,0
21.0345,75,3,2000,933.986,0,0,0,1,1,96,0.2,4,100,1,2837.29,6372.45,0
21.0365,79,2,2000,409.021,0,0,0,1,0,64,0.05,4,100,1,2863.34,2677.93,0
21.036,78,2,2000,444.567,0,0,0,1,0,64,0.05,4,100,1,2846.58,3002.01,0
21.0355,77,3,2000,846.754,0,0,0,1,1,96,0.2,4,100,1,2833.84,3298.01,0
21.0405,87,6,2000,2000,0,0,0,1,0,64,0.05,4,100,1,2958.65,563.73,0
21.041,88,5,2000,1750.39,0,0,0,1,1,96,0.2,4,100,1,2803.59,5706.55,0
21.0415,89,4,2000,1478.9,0,0,0,1,1,32,0.15,4,100,1,2785.52,5434.82,0
21.0425,91,3,2000,838.815,0,0,0,1,1,32,0.15,4,100,1,2763.91,4850.61,0
21.042,90,4,2000,1133.49,0,0,0,1,1,32,0.15,4,100,1,2772.84,5165.42,0
21.052,110,4,2000,1337.98,0,0,0,1,1,32,0.15,4,100,1,2770.69,5119.52,0
21.0525,111,3,2000,1027.03,0,0,0,1,1,32,0.15,4,100,1,2767.05,4864.57,0
21.053,112,3,2000,741.482,0,0,0,1,1,32,0.15,4,100,1,2776.34,4577.34,0
21.054,114,2,2000,466.749,0,0,0,1,0,0,0,4,100,1,2803.91,3952.14,0
21.062,130,4,2000,1358.85,0,0,0,1,1,32,0.15,4,100,1,2777.45,5349.72,0
21.0625,131,3,2000,1001.35,0,0,0,1,0,0,0,4,100,1,2768.33,5137.66,0
21.0705,147,1,2000,111.941,0,0,0,1,0,0,0,4,100,1,2935.9,587.22,0
21.071,148,2,2000,402.385,0,0,0,1,0,0,0,4,100,1,2872.19,1841.27,0
21.0715,149,3,2000,1073.14,0,0,0,1,0,0,0,4,100,1,2890.56,1494.97,0
21.0725,151,2,2000,399.266,0,0,0,1,0,0,0,4,100,1,2884.82,1626.74,0
21.074,154,5,2000,1820.86,0,0,0,1,1,32,0.15,4,100,1,2878.24,1777.14,0
21.0745,155,4,2000,1474.55,0,0,0,1,1,96,0.2,4,100,1,2862.62,2129.79,0
21.075,156,4,2000,1520.77,0,0,0,1,1,96,0.2,4,100,1,2876.07,1826.17,0
21.0755,157,5,2000,1606.31,0,0,0,1,1,96,0.2,4,100,1,2873.92,1874.73,0
21.076,158,5,2000,1653.91,0,0,0,1,1,96,0.2,4,100,1,2849.02,2459.93,0
21.0765,159,5,2000,1704.66,0,0,0,1,1,96,0.2,4,100,1,2847.27,2508.01,0
21.077,160,5,2000,1756.69,0,0,0,1,1,96,0.2,4,100,1,2845.51,2555.97,0
21.078,162,5,2000,1805.71,0,0,0,1,0,0,0,4,100,1,2841.26,2659.59,0
21.098,202,13,2767.85,4235.61,0,0,0,0,0,0,0,4,100,0,0,0,0
21.0985,203,14,2749,4678.28,0,0,0,0,0,0,0,4,100,0,0,0,0
21.099,204,15,2745.32,5058.65,0,0,0,0,0,0,0,4,100,0,0,0,0
21.0995,205,17,2767.87,5485.82,0,0,0,0,0,0,0,4,100,0,0,0,0
21.103,12,6,2000,1979.16,0,0,0,1,0,0,0,4,100,1,2837.82,6411.29,0
21.1035,13,5,2000,1677.62,0,0,0,1,0,0,0,4,100,1,2819.97,6068.48,0
21.104,14,4,2000,1291.94,0,0,0,1,1,32,0.15,4,100,1,2804.41,5781.02,0
21.1045,15,3,2000,963.884,0,0,0,1,0,0,0,4,100,1,2782.05,5430.19,0
21.1055,17,3,2000,634.852,0,0,0,1,0,0,0,4,100,1,2770.21,4719.05,0
21.13,66,6,2000,2000,0,0,0,1,0,64,0.05,4,100,1,2910.71,1331.84,0
21.1305,67,6,2000,1958.67,0,0,0,1,0,64,0.05,4,100,1,2915.56,1207.85,0
21.131,68,5,2000,1805.66,0,0,0,1,0,64,0.05,4,100,1,2928.06,970.58,0
21.1315,69,5,2000,1780.27,0,0,0,1,0,64,0.05,4,100,1,2925.5,953.9,0
21.132,70,4,2000,1150.53,0,0,0,1,1,96,0.2,4,100,1,2927.36,906.6,0
21.133,72,4,2000,1310.69,0,0,0,1,1,96,0.2,4,100,1,2964,464.5,0
21.1325,71,4,2000,1268.97,0,0,0,1,1,96,0.2,4,100,1,2932.12,866.68,0
21.1335,73,4,2000,1186.69,0,0,0,1,1,96,0.2,4,100,1,2973.9,428.96,0
21.1345,75,3,2000,932.732,0,0,0,1,0,64,0.05,4,100,1,2837.29,6372.45,0
21.135,76,3,2000,885.425,0,0,0,1,0,64,0.05,4,100,1,2817.69,3622.1,0
21.134,74,3,2000,949.418,0,0,0,1,0,64,0.05,4,100,1,2809.32,6719.35,0
21.1365,79,2,2000,407.767,0,0,0,1,0,64,0.05,4,100,1,2863.34,2677.93,0
21.136,78,2,2000,443.313,0,0,0,1,0,64,0.05,4,100,1,2846.58,3002.01,0
21.1355,77,3,2000,845.499,0,0,0,1,0,64,0.05,4,100,1,2833.84,3298.01,0
21.1405,87,6,2000,2000,0,0,0,1,0,64,0.05,4,100,1,2958.65,563.73,0
21.141,88,5,2000,1749.14,0,0,0,1,0,64,0.05,4,100,1,2803.59,5706.55,0
21.1415,89,4,2000,1477.64,0,0,0,1,0,0,0,4,100,1,2785.52,5434.82,0
21.142,90,4,2000,1132.24,0,0,0,1,0,0,0,4,100,1,2772.84,5165.42,0
21.1425,91,3,2000,837.563,0,0,0,1,1,32,0.15,4,100,1,2763.91,4850.61,0
21.152,110,4,2000,1336.74,0,0,0,1,0,0,0,4,100,1,2770.69,5119.52,0
21.1525,111,3,2000,1025.78,0,0,0,1,1,32,0.15,4,100,1,2767.05,4864.57,0
21.153,112,3,2000,740.233,0,0,0,1,1,32,0.15,4,100,1,2776.34,4577.34,0
21.154,114,2,2000,465.501,0,0,0,1,0,0,0,4,100,1,2803.91,3952.14,0
21.162,130,4,2000,1357.6,0,0,0,1,0,0,0,4,100,1,2777.45,5349.72,0
21.1625,131,3,2000,1000.11,0,0,0,1,1,32,0.15,4,100,1,2768.33,5137.66,0
21.1705,147,1,2000,110.698,0,0,0,1,0,0,0,4,100,1,2935.9,587.22,0
21.171,148,2,2000,401.142,0,0,0,1,0,0,0,4,100,1,2872.19,1841.27,0
21.1715,149,3,2000,1071.9,0,0,0,1,1,32,0.15,4,100,1,2890.56,1494.97,0
21.1725,151,2,2000,398.023,0,0,0,1,0,0,0,4,100,1,2884.82,1626.74,0
21.174,154,5,2000,1819.62,0,0,0,1,0,0,0,4,100,1,2878.24,1777.14,0
21.1745,155,4,2000,1473.31,0,0,0,1,0,64,0.05,4,100,1,2862.62,2129.79,0
21.175,156,4,2000,1519.53,0,0,0,1,0,64,0.05,4,100,1,2876.07,1826.17,0
21.1755,157,5,2000,1605.07,0,0,0,1,0,64,0.05,4,100,1,2873.92,1874.73,0
21.176,158,5,2000,1652.67,0,0,0,1,0,64,0.05,4,100,1,2849.02,2459.93,0
21.1765,159,5,2000,1703.41,0,0,0,1,1,96,0.2,4,100,1,2847.27,2508.01,0
21.177,160,5,2000,1755.45,0,0,0,1,1,96,0.2,4,100,1,2845.51,2555.97,0
21.178,162,5,2000,1804.47,0,0,0,1,1,32,0.15,4,100,1,2841.26,2659.59,0
21.198,202,13,2767.85,4235.61,0,0,0,0,0,0,0,4,100,0,0,0,0
21.1985,203,14,2749,4678.28,0,0,0,0,0,0,0,4,100,0,0,0,0
21.199,204,15,2745.32,5058.65,0,0,0,0,0,0,0,4,100,0,0,0,0
21.1995,205,17,2767.87,5485.82,0,0,0,0,0,0,0,4,100,0,0,0,0
21.203,12,6,2000,1977.93,0,0,0,1,0,0,0,4,100,1,2837.82,6411.29,0
21.2035,13,5,2000,1676.39,0,0,0,1,1,32,0.15,4,100,1,2819.97,6068.48,0
21.204,14,4,2000,1290.71,0,0,0,1,0,0,0,4,100,1,2804.41,5781.02,0
21.2045,15,3,2000,962.653,0,0,0,1,1,32,0.15,4,100,1,2782.05,5430.19,0
21.2055,17,3,2000,633.621,0,0,0,1,1,32,0.15,4,100,1,2770.21,4719.05,0
21.23,66,6,2000,2000,0,0,0,1,0,64,0.05,4,100,1,2910.71,1331.84,0
21.2305,67,6,2000,1957.45,0,0,0,1,0,64,0.05,4,100,1,2915.56,1207.85,0
21.231,68,5,2000,1804.44,0,0,0,1,1,96,0.2,4,100,1,2928.06,970.58,0
21.232,70,4,2000,1149.31,0,0,0,1,0,64,0.05,4,100,1,2927.36,906.6,0
21.2325,71,4,2000,1267.74,0,0,0,1,1,96,0.2,4,100,1,2932.12,866.68,0
21.233,72,4,2000,1309.47,0,0,0,1,1,96,0.2,4,100,1,2964,464.5,0
21.2315,69,5,2000,1779.05,0,0,0,1,1,96,0.2,4,100,1,2925.5,953.9,0
21.2335,73,4,2000,1185.47,0,0,0,1,1,96,0.2,4,100,1,2973.9,428.96,0
21.234,74,3,2000,948.197,0,0,0,1,1,96,0.2,4,100,1,2809.32,6719.35,0
21.2355,77,3,2000,844.279,0,0,0,1,1,96,0.2,4,100,1,2833.84,3298.01,0
21.2345,75,3,2000,931.511,0,0,0,1,1,96,0.2,4,100,1,2837.29,6372.45,0
21.236,78,2,2000,442.093,0,0,0,1,0,64,0.05,4,100,1,2846.58,3002.01,0
21.235,76,3,2000,884.205,0,0,0,1,1,96,0.2,4,100,1,2817.69,3622.1,0
21.2365,79,2,2000,406.547,0,0,0,1,0,64,0.05,4,100,1,2863.34,2677.93,0
21.2405,87,6,2000,2000,0,0,0,1,0,64,0.05,4,100,1,2958.65,563.73,0
21.241,88,5,2000,1747.92,0,0,0,1,1,96,0.2,4,100,1,2803.59,5706.55,0
21.2415,89,4,2000,1476.43,0,0,0,1,1,32,0.15,4,100,1,2785.52,5434.82,0
21.242,90,4,2000,1131.02,0,0,0,1,1,32,0.15,4,100,1,2772.84,5165.42,0
21.2425,91,3,2000,836.344,0,0,0,1,1,32,0.15,4,100,1,2763.91,4850.61,0
21.252,110,4,2000,1335.52,0,0,0,1,1,32,0.15,4,100,1,2770.69,5119.52,0
21.2525,111,3,2000,1024.56,0,0,0,1,1,32,0.15,4,100,1,2767.05,4864.57,0
21.253,112,3,2000,739.019,0,0,0,1,1,32,0.15,4,100,1,2776.34,4577.34,0
21.254,114,2,2000,464.287,0,0,0,1,0,0,0,4,100,1,2803.91,3952.14,0
21.262,130,4,2000,1356.39,0,0,0,1,1,32,0.15,4,100,1,2777.45,5349.72,0
21.2625,131,3,2000,998.895,0,0,0,1,1,32,0.15,4,100,1,2768.33,5137.66,0
21.2705,147,1,2000,109.49,0,0,0,1,0,0,0,4,100,1,2935.9,587.22,0
21.271,148,2,2000,399.934,0,0,0,1,0,0,0,4,100,1,2872.19,1841.27,0
21.2715,149,3,2000,1070.69,0,0,0,1,1,32,0.15,4,100,1,2890.56,1494.97,0
21.2725,151,2,2000,396.816,0,0,0,1,0,0,0,4,100,1,2884.82,1626.74,0
21.274,154,5,2000,1818.41,0,0,0,1,1,32,0.15,4,100,1,2878.24,1777.14,0
21.2745,155,4,2000,1472.1,0,0,0,1,1,96,0.2,4,100,1,2862.62,2129.79,0
21.275,156,4,2000,1518.33,0,0,0,1,1,96,0.2,4,100,1,2876.07,1826.17,0
21.2755,157,5,2000,1603.86,0,0,0,1,1,96,0.2,4,100,1,2873.92,1874.73,0
21.2765,159,5,2000,1702.21,0,0,0,1,1,96,0.2,4,100,1,2847.27,2508.01,0
21.276,158,5,2000,1651.46,0,0,0,1,1,96,0.2,4,100,1,2849.02,2459.93,0
21.277,160,5,2000,1754.24,0,0,0,1,1,96,0.2,4,100,1,2845.51,2555.97,0
21.278,162,5,2000,1803.26,0,0,0,1,1,32,0.15,4,100,1,2841.26,2659.59,0
21.298,202,13,2767.85,4235.61,0,0,0,0,0,0,0,4,100,0,0,0,0
21.2985,203,14,2749,4678.28,0,0,0,0,0,0,0,4,100,0,0,0,0
21.299,204,15,2745.32,5058.65,0,0,0,0,0,0,0,4,100,0,0,0,0
21.2995,205,17,2767.87,5485.82,0,0,0,0,0,0,0,4,100,0,0,0,0
21.303,12,6,2000,1976.73,0,0,0,1,0,0,0,4,100,1,2837.82,6411.29,0
21.3035,13,5,2000,1675.19,0,0,0,1,1,32,0.15,4,100,1,2819.97,6068.48,0
21.304,14,4,2000,1289.51,0,0,0,1,1,32,0.15,4,100,1,2804.41,5781.02,0
21.3045,15,3,2000,961.457,0,0,0,1,1,32,0.15,4,100,1,2782.05,5430.19,0
21.3055,17,3,2000,632.425,0,0,0,1,1,32,0.15,4,100,1,2770.21,4719.05,0
21.33,66,6,2000,2000,0,0,0,1,0,64,0.05,4,100,1,2910.71,1331.84,0
21.3305,67,6,2000,1956.26,0,0,0,1,0,64,0.05,4,100,1,2915.56,1207.85,0
21.331,68,5,2000,1803.26,0,0,0,1,1,96,0.2,4,100,1,2928.06,970.58,0
21.3315,69,5,2000,1777.86,0,0,0,1,1,96,0.2,4,100,1,2925.5,953.9,0
21.332,70,4,2000,1148.12,0,0,0,1,1,96,0.2,4,100,1,2927.36,906.6,0
21.3325,71,4,2000,1266.56,0,0,0,1,1,96,0.2,4,100,1,2932.12,866.68,0
21.3335,73,4,2000,1184.29,0,0,0,1,1,96,0.2,4,100,1,2973.9,428.96,0
21.334,74,3,2000,947.011,0,0,0,1,1,96,0.2,4,100,1,2809.32,6719.35,0
21.333,72,4,2000,1308.28,0,0,0,1,1,96,0.2,4,100,1,2964,464.5,0
21.3345,75,3,2000,930.326,0,0,0,1,1,96,0.2,4,100,1,2837.29,6372.45,0
21.335,76,3,2000,883.02,0,0,0,1,1,96,0.2,4,100,1,2817.69,3622.1,0
21.3355,77,3,2000,843.094,0,0,0,1,1,96,0.2,4,100,1,2833.84,3298.01,0
21.336,78,2,2000,440.908,0,0,0,1,0,64,0.05,4,100,1,2846.58,3002.01,0
21.3365,79,2,2000,405.362,0,0,0,1,0,64,0.05,4,100,1,2863.34,2677.93,0
21.3405,87,6,2000,2000,0,0,0,1,0,64,0.05,4,100,1,2958.65,563.73,0
21.341,88,5,2000,1746.74,0,0,0,1,1,96,0.2,4,100,1,2803.59,5706.55,0
21.3415,89,4,2000,1475.24,0,0,0,1,1,32,0.15,4,100,1,2785.52,5434.82,0
21.3425,91,3,2000,835.162,0,0,0,1,1,32,0.15,4,100,1,2763.91,4850.61,0
21.342,90,4,2000,1129.84,0,0,0,1,1,32,0.15,4,100,1,2772.84,5165.42,0
21.352,110,4,2000,1334.34,0,0,0,1,1,32,0.15,4,100,1,2770.69,5119.52,0
21.3525,111,3,2000,1023.39,0,0,0,1,1,32,0.15,4,100,1,2767.05,4864.57,0
21.353,112,3,2000,737.84,0,0,0,1,1,32,0.15,4,100,1,2776.34,4577.34,0
21.354,114,2,2000,463.109,0,0,0,1,0,0,0,4,100,1,2803.91,3952.14,0
21.362,130,4,2000,1355.22,0,0,0,1,1,32,0.15,4,100,1,2777.45,5349.72,0
21.3625,131,3,2000,997.72,0,0,0,1,1,32,0.15,4,100,1,2768.33,5137.66,0
21.3705,147,1,2000,108.318,0,0,0,1,0,0,0,4,100,1,2935.9,587.22,0
21.371,148,2,2000,398.762,0,0,0,1,0,0,0,4,100,1,2872.19,1841.27,0
21.3715,149,3,2000,1069.52,0,0,0,1,1,32,0.15,4,100,1,2890.56,1494.97,0
21.3725,151,2,2000,395.645,0,0,0,1,0,0,0,4,100,1,2884.82,1626.74,0
21.374,154,5,2000,1817.24,0,0,0,1,1,32,0.15,4,100,1,2878.24,1777.14,0
21.3745,155,4,2000,1470.93,0,0,0,1,1,96,0.2,4,100,1,2862.62,2129.79,0
21.375,156,4,2000,1517.16,0,0,0,1,1,96,0.2,4,100,1,2876.07,1826.17,0
21.3755,157,5,2000,1602.69,0,0,0,1,1,96,0.2,4,100,1,2873.92,1874.73,0
21.3765,159,5,2000,1701.04,0,0,0,1,1,96,0.2,4,100,1,2847.27,2508.01,0
21.377,160,5,2000,1753.07,0,0,0,1,1,96,0.2,4,100,1,2845.51,2555.97,0
21.376,158,5,2000,1650.29,0,0,0,1,1,96,0.2,4,100,1,2849.02,2459.93,0
21.378,162,5,2000,1802.09,0,0,0,1,1,32,0.15,4,100,1,2841.26,2659.59,0
21.398,202,13,2767.85,4235.61,0,0,0,0,0,0,0,4,100,0,0,0,0
21.3985,203,14,2749,4678.28,0,0,0,0,0,0,0,4,100,0,0,0,0
21.399,204,15,2745.32,5058.65,0,0,0,0,0,0,0,4,100,0,0,0,0
21.3995,205,17,2767.87,5485.82,0,0,0,0,0,0,0,4,100,0,0,0,0
21.403,12,6,2000,1975.58,0,0,0,1,0,0,0,4,100,1,2837.82,6411.29,0
21.4035,13,5,2000,1674.03,0,0,0,1,1,32,0.15,4,100,1,2819.97,6068.48,0
21.404,14,4,2000,1288.35,0,0,0,1,1,32,0.15,4,100,1,2804.41,5781.02,0
21.4045,15,3,2000,960.298,0,0,0,1,1,32,0.15,4,100,1,2782.05,5430.19,0
21.4055,17,3,2000,631.267,0,0,0,1,1,32,0.15,4,100,1,2770.21,4719.05,0
21.43,66,6,2000,2000,0,0,0,1,0,64,0.05,4,100,1,2910.71,1331.84,0
21.4305,67,6,2000,1955.11,0,0,0,1,0,64,0.05,4,100,1,2915.56,1207.85,0
21.431,68,5,2000,1802.11,0,0,0,1,1,96,0.2,4,100,1,2928.06,970.58,0
21.4315,69,5,2000,1776.71,0,0,0,1,1,96,0.2,4,100,1,2925.5,953.9,0
21.432,70,4,2000,1146.98,0,0,0,1,1,96,0.2,4,100,1,2927.36,906.6,0
21.433,72,4,2000,1307.14,0,0,0,1,1,96,0.2,4,100,1,2964,464.5,0
21.4325,71,4,2000,1265.41,0,0,0,1,1,96,0.2,4,100,1,2932.12,866.68,0
21.4335,73,4,2000,1183.14,0,0,0,1,1,96,0.2,4,100,1,2973.9,428.96,0
21.4345,75,3,2000,929.178,0,0,0,1,1,96,0.2,4,100,1,2837.29,6372.45,0
21.434,74,3,2000,945.864,0,0,0,1,1,96,0.2,4,100,1,2809.32,6719.35,0
21.4355,77,3,2000,841.947,0,0,0,1,1,96,0.2,4,100,1,2833.84,3298.01,0
21.435,76,3,2000,881.873,0,0,0,1,1,96,0.2,4,100,1,2817.69,3622.1,0
21.4365,79,2,2000,404.216,0,0,0,1,0,64,0.05,4,100,1,2863.34,2677.93,0
21.436,78,2,2000,439.761,0,0,0,1,0,64,0.05,4,100,1,2846.58,3002.01,0
21.4405,87,6,2000,2000,0,0,0,1,0,64,0.05,4,100,1,2958.65,563.73,0
21.441,88,5,2000,1745.59,0,0,0,1,1,96,0.2,4,100,1,2803.59,5706.55,0
21.4415,89,4,2000,1474.1,0,0,0,1,1,32,0.15,4,100,1,2785.52,5434.82,0
21.442,90,4,2000,1128.69,0,0,0,1,1,32,0.15,4,100,1,2772.84,5165.42,0
21.4425,91,3,2000,834.018,0,0,0,1,1,32,0.15,4,100,1,2763.91,4850.61,0
21.452,110,4,2000,1333.2,0,0,0,1,1,32,0.15,4,100,1,2770.69,5119.52,0
21.4525,111,3,2000,1022.25,0,0,0,1,1,32,0.15,4,100,1,2767.05,4864.57,0
21.453,112,3,2000,736.7,0,0,0,1,1,32,0.15,4,100,1,2776.34,4577.34,0
21.454,114,2,2000,461.969,0,0,0,1,0,0,0,4,100,1,2803.91,3952.14,0
21.462,130,4,2000,1354.08,0,0,0,1,1,32,0.15,4,100,1,2777.45,5349.72,0
21.4625,131,3,2000,996.584,0,0,0,1,1,32,0.15,4,100,1,2768.33,5137.66,0
21.4705,147,1,2000,107.185,0,0,0,1,0,0,0,4,100,1,2935.9,587.22,0
21.471,148,2,2000,397.629,0,0,0,1,0,0,0,4,100,1,2872.19,1841.27,0
21.4715,149,3,2000,1068.38,0,0,0,1,1,32,0.15,4,100,1,2890.56,1494.97,0
21.4725,151,2,2000,394.512,0,0,0,1,0,0,0,4,100,1,2884.82,1626.74,0
21.474,154,5,2000,1816.11,0,0,0,1,1,32,0.15,4,100,1,2878.24,1777.14,0
21.4745,155,4,2000,1469.8,0,0,0,1,1,96,0.2,4,100,1,2862.62,2129.79,0
21.475,156,4,2000,1516.02,0,0,0,1,1,96,0.2,4,100,1,2876.07,1826.17,0
21.4755,157,5,2000,1601.56,0,0,0,1,1,96,0.2,4,100,1,2873.92,1874.73,0
21.476,158,5,2000,1649.16,0,0,0,1,1,96,0.2,4,100,1,2849.02,2459.93,0
21.477,160,5,2000,1751.94,0,0,0,1,1,96,0.2,4,100,1,2845.51,2555.97,0
21.4765,159,5,2000,1699.91,0,0,0,1,1,96,0.2,4,100,1,2847.27,2508.01,0
21.478,162,5,2000,1800.96,0,0,0,1,1,32,0.15,4,100,1,2841.26,2659.59,0
21.498,202,13,2767.85,4235.61,0,0,0,0,0,0,0,4,100,0,0,0,0
21.4985,203,14,2749,4678.28,0,0,0,0,0,0,0,4,100,0,0,0,0
21.499,204,15,2745.32,5058.65,0,0,0,0,0,0,0,4,100,0,0,0,0
21.4995,205,17,2767.87,5485.82,0,0,0,0,0,0,0,4,100,0,0,0,0
21.503,12,6,2000,1974.45,0,0,0,1,0,0,0,4,100,1,2837.82,6411.29,0
21.5035,13,5,2000,1672.91,0,0,0,1,1,32,0.15,4,100,1,2819.97,6068.48,0
21.504,14,4,2000,1287.23,0,0,0,1,1,32,0.15,4,100,1,2804.41,5781.02,0
21.5045,15,3,2000,959.178,0,0,0,1,1,32,0.15,4,100,1,2782.05,5430.19,0
21.5055,17,3,2000,630.147,0,0,0,1,1,32,0.15,4,100,1,2770.21,4719.05,0
21.53,66,6,2000,2000,0,0,0,1,0,64,0.05,4,100,1,2910.71,1331.84,0
21.5305,67,6,2000,1954,0,0,0,1,0,64,0.05,4,100,1,2915.56,1207.85,0
21.531,68,5,2000,1801,0,0,0,1,1,96,0.2,4,100,1,2928.06,970.58,0
21.532,70,4,2000,1145.87,0,0,0,1,1,96,0.2,4,100,1,2927.36,906.6,0
21.5325,71,4,2000,1264.3,0,0,0,1,1,96,0.2,4,100,1,2932.12,866.68,0
21.5315,69,5,2000,1775.6,0,0,0,1,1,96,0.2,4,100,1,2925.5,953.9,0
21.5335,73,4,2000,1182.03,0,0,0,1,1,96,0.2,4,100,1,2973.9,428.96,0
21.533,72,4,2000,1306.03,0,0,0,1,1,96,0.2,4,100,1,2964,464.5,0
21.534,74,3,2000,944.756,0,0,0,1,1,96,0.2,4,100,1,2809.32,6719.35,0
21.5345,75,3,2000,928.07,0,0,0,1,1,96,0.2,4,100,1,2837.29,6372.45,0
21.5355,77,3,2000,840.84,0,0,0,1,1,96,0.2,4,100,1,2833.84,3298.01,0
21.535,76,3,2000,880.765,0,0,0,1,1,96,0.2,4,100,1,2817.69,3622.1,0
21.5365,79,2,2000,403.109,0,0,0,1,0,64,0.05,4,100,1,2863.34,2677.93,0
21.536,78,2,2000,438.654,0,0,0,1,0,64,0.05,4,100,1,2846.58,3002.01,0
21.5405,87,6,2000,2000,0,0,0,1,0,64,0.05,4,100,1,2958.65,563.73,0
21.541,88,5,2000,1744.49,0,0,0,1,1,96,0.2,4,100,1,2803.59,5706.55,0
21.5415,89,4,2000,1472.99,0,0,0,1,1,32,0.15,4,100,1,2785.52,5434.82,0
21.542,90,4,2000,1127.59,0,0,0,1,1,32,0.15,4,100,1,2772.84,5165.42,0
21.5425,91,3,2000,832.914,0,0,0,1,1,32,0.15,4,100,1,2763.91,4850.61,0
21.552,110,4,2000,1332.1,0,0,0,1,1,32,0.15,4,100,1,2770.69,5119.52,0
21.5525,111,3,2000,1021.15,0,0,0,1,1,32,0.15,4,100,1,2767.05,4864.57,0
21.553,112,3,2000,735.6,0,0,0,1,1,32,0.15,4,100,1,2776.34,4577.34,0
21.554,114,2,2000,460.869,0,0,0,1,0,0,0,4,100,1,2803.91,3952.14,0
21.562,130,4,2000,1352.98,0,0,0,1,1,32,0.15,4,100,1,2777.45,5349.72,0
21.5625,131,3,2000,995.488,0,0,0,1,1,32,0.15,4,100,1,2768.33,5137.66,0
21.5705,147,1,2000,106.092,0,0,0,1,0,0,0,4,100,1,2935.9,587.22,0
21.571,148,2,2000,396.536,0,0,0,1,0,0,0,4,100,1,2872.19,1841.27,0
21.5715,149,3,2000,1067.29,0,0,0,1,1,32,0.15,4,100,1,2890.56,1494.97,0
21.5725,151,2,2000,393.42,0,0,0,1,0,0,0,4,100,1,2884.82,1626.74,0
21.574,154,5,2000,1815.01,0,0,0,1,1,32,0.15,4,100,1,2878.24,1777.14,0
21.5745,155,4,2000,1468.71,0,0,0,1,1,96,0.2,4,100,1,2862.62,2129.79,0
21.575,156,4,2000,1514.93,0,0,0,1,1,96,0.2,4,100,1,2876.07,1826.17,0
21.5755,157,5,2000,1600.47,0,0,0,1,1,96,0.2,4,100,1,2873.92,1874.73,0
21.576,158,5,2000,1648.07,0,0,0,1,1,96,0.2,4,100,1,2849.02,2459.93,0
21.5765,159,5,2000,1698.82,0,0,0,1,1,96,0.2,4,100,1,2847.27,2508.01,0
21.577,160,5,2000,1750.85,0,0,0,1,1,96,0.2,4,100,1,2845.51,2555.97,0
21.578,162,5,2000,1799.87,0,0,0,1,1,32,0.15,4,100,1,2841.26,2659.59,0
21.598,202,13,2767.85,4235.61,0,0,0,0,0,0,0,4,100,0,0,0,0
21.5985,203,14,2749,4678.28,0,0,0,0,0,0,0,4,100,0,0,0,0
21.599,204,15,2745.32,5058.65,0,0,0,0,0,0,0,4,100,0,0,0,0
21.5995,205,17,2767.87,5485.82,0,0,0,0,0,0,0,4,100,0,0,0,0
21.603,12,6,2000,1973.38,0,0,0,1,0,0,0,4,100,1,2837.82,6411.29,0
21.6035,13,5,2000,1671.83,0,0,0,1,1,32,0.15,4,100,1,2819.97,6068.48,0
21.604,14,4,2000,1286.15,0,0,0,1,1,32,0.15,4,100,1,2804.41,5781.02,0
21.6045,15,3,2000,958.099,0,0,0,1,1,32,0.15,4,100,1,2782.05,5430.19,0
21.6055,17,3,2000,629.069,0,0,0,1,1,32,0.15,4,100,1,2770.21,4719.05,0
21.63,66,6,2000,2000,0,0,0,1,0,64,0.05,4,100,1,2910.71,1331.84,0
21.6305,67,6,2000,1952.94,0,0,0,1,0,64,0.05,4,100,1,2915.56,1207.85,0
21.631,68,5,2000,1799.93,0,0,0,1,1,96,0.2,4,100,1,2928.06,970.58,0
21.6315,69,5,2000,1774.54,0,0,0,1,1,96,0.2,4,100,1,2925.5,953.9,0
21.6325,71,4,2000,1263.23,0,0,0,1,1,96,0.2,4,100,1,2932.12,866.68,0
21.633,72,4,2000,1304.96,0,0,0,1,1,96,0.2,4,100,1,2964,464.5,0
21.632,70,4,2000,1144.8,0,0,0,1,1,96,0.2,4,100,1,2927.36,906.6,0
21.6335,73,4,2000,1180.96,0,0,0,1,1,96,0.2,4,100,1,2973.9,428.96,0
21.6345,75,3,2000,927.004,0,0,0,1,1,96,0.2,4,100,1,2837.29,6372.45,0
21.635,76,3,2000,879.699,0,0,0,1,1,96,0.2,4,100,1,2817.69,3622.1,0
21.6355,77,3,2000,839.773,0,0,0,1,1,96,0.2,4,100,1,2833.84,3298.01,0
21.634,74,3,2000,943.689,0,0,0,1,1,96,0.2,4,100,1,2809.32,6719.35,0
21.6365,79,2,2000,402.043,0,0,0,1,0,64,0.05,4,100,1,2863.34,2677.93,0
21.636,78,2,2000,437.588,0,0,0,1,0,64,0.05,4,100,1,2846.58,3002.01,0
21.6405,87,6,2000,2000,0,0,0,1,0,64,0.05,4,100,1,2958.65,563.73,0
21.641,88,5,2000,1743.43,0,0,0,1,1,96,0.2,4,100,1,2803.59,5706.55,0
21.6415,89,4,2000,1471.93,0,0,0,1,1,32,0.15,4,100,1,2785.52,5434.82,0
21.642,90,4,2000,1126.53,0,0,0,1,1,32,0.15,4,100,1,2772.84,5165.42,0
21.6425,91,3,2000,831.85,0,0,0,1,1,32,0.15,4,100,1,2763.91,4850.61,0
21.652,110,4,2000,1331.04,0,0,0,1,1,32,0.15,4,100,1,2770.69,5119.52,0
21.6525,111,3,2000,1020.09,0,0,0,1,1,32,0.15,4,100,1,2767.05,4864.57,0
21.653,112,3,2000,734.541,0,0,0,1,1,32,0.15,4,100,1,2776.34,4577.34,0
21.654,114,2,2000,459.811,0,0,0,1,0,0,0,4,100,1,2803.91,3952.14,0
21.662,130,4,2000,1351.93,0,0,0,1,1,32,0.15,4,100,1,2777.45,5349.72,0
21.6625,131,3,2000,994.433,0,0,0,1,1,32,0.15,4,100,1,2768.33,5137.66,0
21.6705,147,1,2000,105.04,0,0,0,1,0,0,0,4,100,1,2935.9,587.22,0
21.671,148,2,2000,395.485,0,0,0,1,0,0,0,4,100,1,2872.19,1841.27,0
21.6715,149,3,2000,1066.24,0,0,0,1,1,32,0.15,4,100,1,2890.56,1494.97,0
21.6725,151,2,2000,392.37,0,0,0,1,0,0,0,4,100,1,2884.82,1626.74,0
21.674,154,5,2000,1813.96,0,0,0,1,1,32,0.15,4,100,1,2878.24,1777.14,0
21.6745,155,4,2000,1467.66,0,0,0,1,1,96,0.2,4,100,1,2862.62,2129.79,0
21.675,156,4,2000,1513.88,0,0,0,1,1,96,0.2,4,100,1,2876.07,1826.17,0
21.6755,157,5,2000,1599.42,0,0,0,1,1,96,0.2,4,100,1,2873.92,1874.73,0
21.676,158,5,2000,1647.02,0,0,0,1,1,96,0.2,4,100,1,2849.02,2459.93,0
21.677,160,5,2000,1749.8,0,0,0,1,1,96,0.2,4,100,1,2845.51,2555.97,0
21.6765,159,5,2000,1697.77,0,0,0,1,1,96,0.2,4,100,1,2847.27,2508.01,0
21.678,162,5,2000,1798.82,0,0,0,1,1,32,0.15,4,100,1,2841.26,2659.59,0
21.698,202,13,2767.85,4235.61,0,0,0,0,0,0,0,4,100,0,0,0,0
21.6985,203,14,2749,4678.28,0,0,0,0,0,0,0,4,100,0,0,0,0
21.699,204,15,2745.32,5058.65,0,0,0,0,0,0,0,4,100,0,0,0,0
21.6995,205,17,2767.87,5485.82,0,0,0,0,0,0,0,4,100,0,0,0,0
21.703,12,6,2000,1972.34,0,0,0,1,0,0,0,4,100,1,2837.82,6411.29,0
21.7035,13,5,2000,1670.79,0,0,0,1,1,32,0.15,4,100,1,2819.97,6068.48,0
21.704,14,4,2000,1285.12,0,0,0,1,1,32,0.15,4,100,1,2804.41,5781.02,0
21.7045,15,3,2000,957.063,0,0,0,1,1,32,0.15,4,100,1,2782.05,5430.19,0
21.7055,17,3,2000,628.033,0,0,0,1,1,32,0.15,4,100,1,2770.21,4719.05,0
21.73,66,6,2000,2000,0,0,0,1,0,64,0.05,4,100,1,2910.71,1331.84,0
21.7305,67,6,2000,1951.91,0,0,0,1,0,64,0.05,4,100,1,2915.56,1207.85,0
21.731,68,5,2000,1798.91,0,0,0,1,1,96,0.2,4,100,1,2928.06,970.58,0
21.7315,69,5,2000,1773.51,0,0,0,1,1,96,0.2,4,100,1,2925.5,953.9,0
21.7325,71,4,2000,1262.21,0,0,0,1,1,96,0.2,4,100,1,2932.12,866.68,0
21.733,72,4,2000,1303.94,0,0,0,1,1,96,0.2,4,100,1,2964,464.5,0
21.732,70,4,2000,1143.78,0,0,0,1,1,96,0.2,4,100,1,2927.36,906.6,0
21.734,74,3,2000,942.665,0,0,0,1,1,96,0.2,4,100,1,2809.32,6719.35,0
21.7345,75,3,2000,925.98,0,0,0,1,1,96,0.2,4,100,1,2837.29,6372.45,0
21.7335,73,4,2000,1179.94,0,0,0,1,1,96,0.2,4,100,1,2973.9,428.96,0
21.7355,77,3,2000,838.75,0,0,0,1,1,96,0.2,4,100,1,2833.84,3298.01,0
21.735,76,3,2000,878.675,0,0,0,1,1,96,0.2,4,100,1,2817.69,3622.1,0
21.7365,79,2,2000,401.02,0,0,0,1,0,64,0.05,4,100,1,2863.34,2677.93,0
21.736,78,2,2000,436.565,0,0,0,1,0,64,0.05,4,100,1,2846.58,3002.01,0
21.7405,87,6,2000,2000,0,0,0,1,0,64,0.05,4,100,1,2958.65,563.73,0
21.741,88,5,2000,1742.41,0,0,0,1,1,96,0.2,4,100,1,2803.59,5706.55,0
21.7415,89,4,2000,1470.91,0,0,0,1,1,32,0.15,4,100,1,2785.52,5434.82,0
21.742,90,4,2000,1125.51,0,0,0,1,1,32,0.15,4,100,1,2772.84,5165.42,0
21.7425,91,3,2000,830.83,0,0,0,1,1,32,0.15,4,100,1,2763.91,4850.61,0
21.752,110,4,2000,1330.03,0,0,0,1,1,32,0.15,4,100,1,2770.69,5119.52,0
21.7525,111,3,2000,1019.07,0,0,0,1,1,32,0.15,4,100,1,2767.05,4864.57,0
21.753,112,3,2000,733.526,0,0,0,1,1,32,0.15,4,100,1,2776.34,4577.34,0
21.754,114,2,2000,458.796,0,0,0,1,0,0,0,4,100,1,2803.91,3952.14,0
21.762,130,4,2000,1350.92,0,0,0,1,1,32,0.15,4,100,1,2777.45,5349.72,0
21.7625,131,3,2000,993.422,0,0,0,1,1,32,0.15,4,100,1,2768.33,5137.66,0
21.7705,147,1,2000,104.033,0,0,0,1,0,0,0,4,100,1,2935.9,587.22,0
21.771,148,2,2000,394.478,0,0,0,1,0,0,0,4,100,1,2872.19,1841.27,0
21.7715,149,3,2000,1065.23,0,0,0,1,1,32,0.15,4,100,1,2890.56,1494.97,0
21.7725,151,2,2000,391.363,0,0,0,1,0,0,0,4,100,1,2884.82,1626.74,0
21.774,154,5,2000,1812.96,0,0,0,1,1,32,0.15,4,100,1,2878.24,1777.14,0
21.7745,155,4,2000,1466.65,0,0,0,1,1,96,0.2,4,100,1,2862.62,2129.79,0
21.775,156,4,2000,1512.88,0,0,0,1,1,96,0.2,4,100,1,2876.07,1826.17,0
21.7755,157,5,2000,1598.41,0,0,0,1,1,96,0.2,4,100,1,2873.92,1874.73,0
21.776,158,5,2000,1646.02,0,0,0,1,1,96,0.2,4,100,1,2849.02,2459.93,0
21.777,160,5,2000,1748.8,0,0,0,1,1,96,0.2,4,100,1,2845.51,2555.97,0
21.7765,159,5,2000,1696.76,0,0,0,1,1,96,0.2,4,100,1,2847.27,2508.01,0
21.778,162,5,2000,1797.82,0,0,0,1,1,32,0.15,4,100,1,2841.26,2659.59,0
21.798,202,13,2767.85,4235.61,0,0,0,0,0,0,0,4,100,0,0,0,0
21.7985,203,14,2749,4678.28,0,0,0,0,0,0,0,4,100,0,0,0,0
21.799,204,15,2745.32,5058.65,0,0,0,0,0,0,0,4,100,0,0,0,0
21.7995,205,17,2767.87,5485.82,0,0,0,0,0,0,0,4,100,0,0,0,0
21.803,12,6,2000,1971.35,0,0,0,1,0,0,0,4,100,1,2837.82,6411.29,0
21.8035,13,5,2000,1669.8,0,0,0,1,1,32,0.15,4,100,1,2819.97,6068.48,0
21.804,14,4,2000,1284.13,0,0,0,1,1,32,0.15,4,100,1,2804.41,5781.02,0
21.8045,15,3,2000,956.07,0,0,0,1,1,32,0.15,4,100,1,2782.05,5430.19,0
21.8055,17,3,2000,627.041,0,0,0,1,1,32,0.15,4,100,1,2770.21,4719.05,0
21.83,66,6,2000,2000,0,0,0,1,0,64,0.05,4,100,1,2910.71,1331.84,0
21.8305,67,6,2000,1950.93,0,0,0,1,0,64,0.05,4,100,1,2915.56,1207.85,0
21.831,68,5,2000,1797.93,0,0,0,1,1,96,0.2,4,100,1,2928.06,970.58,0
21.832,70,4,2000,1142.8,0,0,0,1,1,96,0.2,4,100,1,2927.36,906.6,0
21.8325,71,4,2000,1261.23,0,0,0,1,1,96,0.2,4,100,1,2932.12,866.68,0
21.833,72,4,2000,1302.96,0,0,0,1,1,96,0.2,4,100,1,2964,464.5,0
21.8335,73,4,2000,1178.96,0,0,0,1,1,96,0.2,4,100,1,2973.9,428.96,0
21.834,74,3,2000,941.686,0,0,0,1,1,96,0.2,4,100,1,2809.32,6719.35,0
21.8315,69,5,2000,1772.53,0,0,0,1,1,96,0.2,4,100,1,2925.5,953.9,0
21.8345,75,3,2000,925.002,0,0,0,1,1,96,0.2,4,100,1,2837.29,6372.45,0
21.835,76,3,2000,877.697,0,0,0,1,1,96,0.2,4,100,1,2817.69,3622.1,0
21.8365,79,2,2000,400.043,0,0,0,1,0,64,0.05,4,100,1,2863.34,2677.93,0
21.8355,77,3,2000,837.772,0,0,0,1,1,96,0.2,4,100,1,2833.84,3298.01,0
21.836,78,2,2000,435.587,0,0,0,1,0,64,0.05,4,100,1,2846.58,3002.01,0
21.8405,87,6,2000,2000,0,0,0,1,0,64,0.05,4,100,1,2958.65,563.73,0
21.841,88,5,2000,1741.43,0,0,0,1,1,96,0.2,4,100,1,2803.59,5706.55,0
21.8415,89,4,2000,1469.93,0,0,0,1,1,32,0.15,4,100,1,2785.52,5434.82,0
21.842,90,4,2000,1124.53,0,0,0,1,1,32,0.15,4,100,1,2772.84,5165.42,0
21.8425,91,3,2000,829.855,0,0,0,1,1,32,0.15,4,100,1,2763.91,4850.61,0
21.852,110,4,2000,1329.06,0,0,0,1,1,32,0.15,4,100,1,2770.69,5119.52,0
21.8525,111,3,2000,1018.1,0,0,0,1,1,32,0.15,4,100,1,2767.05,4864.57,0
21.853,112,3,2000,732.556,0,0,0,1,1,32,0.15,4,100,1,2776.34,4577.34,0
21.854,114,2,2000,457.826,0,0,0,1,0,0,0,4,100,1,2803.91,3952.14,0
21.862,130,4,2000,1349.95,0,0,0,1,1,32,0.15,4,100,1,2777.45,5349.72,0
21.8625,131,3,2000,992.456,0,0,0,1,1,32,0.15,4,100,1,2768.33,5137.66,0
21.8705,147,1,2000,103.071,0,0,0,1,0,0,0,4,100,1,2935.9,587.22,0
21.871,148,2,2000,393.516,0,0,0,1,0,0,0,4,100,1,2872.19,1841.27,0
21.8715,149,3,2000,1064.27,0,0,0,1,1,32,0.15,4,100,1,2890.56,1494.97,0
21.8725,151,2,2000,390.402,0,0,0,1,0,0,0,4,100,1,2884.82,1626.74,0
21.874,154,5,2000,1812,0,0,0,1,1,32,0.15,4,100,1,2878.24,1777.14,0
21.8745,155,4,2000,1465.69,0,0,0,1,1,96,0.2,4,100,1,2862.62,2129.79,0
21.875,156,4,2000,1511.92,0,0,0,1,1,96,0.2,4,100,1,2876.07,1826.17,0
21.876,158,5,2000,1645.06,0,0,0,1,1,96,0.2,4,100,1,2849.02,2459.93,0
21.8765,159,5,2000,1695.8,0,0,0,1,1,96,0.2,4,100,1,2847.27,2508.01,0
21.8755,157,5,2000,1597.45,0,0,0,1,1,96,0.2,4,100,1,2873.92,1874.73,0
21.877,160,5,2000,1747.84,0,0,0,1,1,96,0.2,4,100,1,2845.51,2555.97,0
21.878,162,5,2000,1796.86,0,0,0,1,1,32,0.15,4,100,1,2841.26,2659.59,0
21.898,202,13,2767.85,4235.61,0,0,0,0,0,0,0,4,100,0,0,0,0
21.8985,203,14,2749,4678.28,0,0,0,0,0,0,0,4,100,0,0,0,0
21.899,204,15,2745.32,5058.65,0,0,0,0,0,0,0,4,100,0,0,0,0
21.8995,205,17,2767.87,5485.82,0,0,0,0,0,0,0,4,100,0,0,0,0
21.903,12,6,2000,1970.4,0,0,0,1,0,0,0,4,100,1,2837.82,6411.29,0
21.9035,13,5,2000,1668.85,0,0,0,1,1,32,0.15,4,100,1,2819.97,6068.48,0
21.904,14,4,2000,1283.18,0,0,0,1,1,32,0.15,4,100,1,2804.41,5781.02,0
21.9045,15,3,2000,955.124,0,0,0,1,1,32,0.15,4,100,1,2782.05,5430.19,0
21.9055,17,3,2000,626.095,0,0,0,1,1,32,0.15,4,100,1,2770.21,4719.05,0
21.93,66,6,2000,2000,0,0,0,1,0,64,0.05,4,100,1,2910.71,1331.84,0
21.9305,67,6,2000,1950,0,0,0,1,0,64,0.05,4,100,1,2915.56,1207.85,0
21.931,68,5,2000,1796.99,0,0,0,1,1,96,0.2,4,100,1,2928.06,970.58,0
21.932,70,4,2000,1141.86,0,0,0,1,1,96,0.2,4,100,1,2927.36,906.6,0
21.9325,71,4,2000,1260.3,0,0,0,1,1,96,0.2,4,100,1,2932.12,866.68,0
21.933,72,4,2000,1302.02,0,0,0,1,1,96,0.2,4,100,1,2964,464.5,0
21.9315,69,5,2000,1771.6,0,0,0,1,1,96,0.2,4,100,1,2925.5,953.9,0
21.934,74,3,2000,940.754,0,0,0,1,1,96,0.2,4,100,1,2809.32,6719.35,0
21.9335,73,4,2000,1178.03,0,0,0,1,1,96,0.2,4,100,1,2973.9,428.96,0
21.935,76,3,2000,876.765,0,0,0,1,1,96,0.2,4,100,1,2817.69,3622.1,0
21.936,78,2,2000,434.655,0,0,0,1,0,64,0.05,4,100,1,2846.58,3002.01,0
21.9345,75,3,2000,924.069,0,0,0,1,1,96,0.2,4,100,1,2837.29,6372.45,0
21.9365,79,2,2000,399.111,0,0,0,1,0,64,0.05,4,100,1,2863.34,2677.93,0
21.9355,77,3,2000,836.84,0,0,0,1,1,96,0.2,4,100,1,2833.84,3298.01,0
21.9405,87,6,2000,2000,0,0,0,1,0,64,0.05,4,100,1,2958.65,563.73,0
21.941,88,5,2000,1740.5,0,0,0,1,1,96,0.2,4,100,1,2803.59,5706.55,0
21.9415,89,4,2000,1469.01,0,0,0,1,1,32,0.15,4,100,1,2785.52,5434.82,0
21.942,90,4,2000,1123.6,0,0,0,1,1,32,0.15,4,100,1,2772.84,5165.42,0
21.9425,91,3,2000,828.927,0,0,0,1,1,32,0.15,4,100,1,2763.91,4850.61,0
21.952,110,4,2000,1328.13,0,0,0,1,1,32,0.15,4,100,1,2770.69,5119.52,0
21.9525,111,3,2000,1017.18,0,0,0,1,1,32,0.15,4,100,1,2767.05,4864.57,0
21.953,112,3,2000,731.632,0,0,0,1,1,32,0.15,4,100,1,2776.34,4577.34,0
21.954,114,2,2000,456.903,0,0,0,1,0,0,0,4,100,1,2803.91,3952.14,0
21.962,130,4,2000,1349.03,0,0,0,1,1,32,0.15,4,100,1,2777.45,5349.72,0
21.9625,131,3,2000,991.536,0,0,0,1,1,32,0.15,4,100,1,2768.33,5137.66,0
21.9705,147,1,2000,102.155,0,0,0,1,0,0,0,4,100,1,2935.9,587.22,0
21.971,148,2,2000,392.6,0,0,0,1,0,0,0,4,100,1,2872.19,1841.27,0
21.9715,149,3,2000,1063.36,0,0,0,1,1,32,0.15,4,100,1,2890.56,1494.97,0
21.9725,151,2,2000,389.487,0,0,0,1,0,0,0,4,100,1,2884.82,1626.74,0
21.973,152,2,2000,506.833,0,0,0,1,1,92,0.45,4,100,1,2882.74,1674.35,0
21.974,154,5,2000,1811.08,0,0,0,1,1,32,0.15,4,100,1,2878.24,1777.14,0
21.975,156,4,2000,1511,0,0,0,1,1,96,0.2,4,100,1,2876.07,1826.17,0
21.9755,157,5,2000,1596.54,0,0,0,1,1,96,0.2,4,100,1,2873.92,1874.73,0
21.976,158,5,2000,1644.15,0,0,0,1,1,96,0.2,4,100,1,2849.02,2459.93,0
21.9745,155,4,2000,1464.78,0,0,0,1,1,96,0.2,4,100,1,2862.62,2129.79,0
21.9765,159,5,2000,1694.89,0,0,0,1,1,96,0.2,4,100,1,2847.27,2508.01,0
21.977,160,5,2000,1746.93,0,0,0,1,1,96,0.2,4,100,1,2845.51,2555.97,0
21.978,162,5,2000,1795.95,0,0,0,1,1,32,0.15,4,100,1,2841.26,2659.59,0
21.998,202,13,2767.85,4235.61,0,0,0,0,0,0,0,4,100,0,0,0,0
21.9985,203,14,2749,4678.28,0,0,0,0,0,0,0,4,100,0,0,0,0
21.999,204,15,2745.32,5058.65,0,0,0,0,0,0,0,4,100,0,0,0,0
21.9995,205,17,2767.87,5485.82,0,0,0,0,0,0,0,4,100,0,0,0,0
22.003,12,6,2000,1969.5,0,0,0,1,0,0,0,4,100,1,2837.82,6411.29,0
22.0035,13,5,2000,1667.95,0,0,0,1,1,32,0.15,4,100,1,2819.97,6068.48,0
22.004,14,4,2000,1282.28,0,0,0,1,1,32,0.15,4,100,1,2804.41,5781.02,0
22.0045,15,3,2000,954.225,0,0,0,1,1,32,0.15,4,100,1,2782.05,5430.19,0
22.0055,17,3,2000,625.196,0,0,0,1,1,32,0.15,4,100,1,2770.21,4719.05,0
22.03,66,6,2000,2000,0,0,0,1,0,64,0.05,4,100,1,2910.71,1331.84,0
22.0305,67,6,2000,1949.11,0,0,0,1,0,64,0.05,4,100,1,2915.56,1207.85,0
22.031,68,5,2000,1796.1,0,0,0,1,1,96,0.2,4,100,1,2928.06,970.58,0
22.032,70,4,2000,1140.98,0,0,0,1,1,96,0.2,4,100,1,2927.36,906.6,0
22.0325,71,4,2000,1259.41,0,0,0,1,1,96,0.2,4,100,1,2932.12,866.68,0
22.0315,69,5,2000,1770.71,0,0,0,1,1,96,0.2,4,100,1,2925.5,953.9,0
22.033,72,4,2000,1301.14,0,0,0,1,1,96,0.2,4,100,1,2964,464.5,0
22.034,74,3,2000,939.869,0,0,0,1,1,96,0.2,4,100,1,2809.32,6719.35,0
22.0335,73,4,2000,1177.14,0,0,0,1,1,96,0.2,4,100,1,2973.9,428.96,0
22.0355,77,3,2000,835.956,0,0,0,1,1,96,0.2,4,100,1,2833.84,3298.01,0
22.036,78,2,2000,433.771,0,0,0,1,0,64,0.05,4,100,1,2846.58,3002.01,0
22.0365,79,2,2000,398.227,0,0,0,1,0,64,0.05,4,100,1,2863.34,2677.93,0
22.0345,75,3,2000,923.184,0,0,0,1,1,96,0.2,4,100,1,2837.29,6372.45,0
22.035,76,3,2000,875.88,0,0,0,1,1,96,0.2,4,100,1,2817.69,3622.1,0
22.0405,87,6,2000,2000,0,0,0,1,0,64,0.05,4,100,1,2958.65,563.73,0
22.041,88,5,2000,1739.62,0,0,0,1,1,96,0.2,4,100,1,2803.59,5706.55,0
22.0415,89,4,2000,1468.12,0,0,0,1,1,32,0.15,4,100,1,2785.52,5434.82,0
22.042,90,4,2000,1122.72,0,0,0,1,1,32,0.15,4,100,1,2772.84,5165.42,0
22.0425,91,3,2000,828.046,0,0,0,1,1,32,0.15,4,100,1,2763.91,4850.61,0
22.052,110,4,2000,1327.25,0,0,0,1,1,32,0.15,4,100,1,2770.69,5119.52,0
22.0525,111,3,2000,1016.3,0,0,0,1,1,32,0.15,4,100,1,2767.05,4864.57,0
22.053,112,3,2000,730.756,0,0,0,1,1,32,0.15,4,100,1,2776.34,4577.34,0
22.054,114,2,2000,456.027,0,0,0,1,0,0,0,4,100,1,2803.91,3952.14,0
22.062,130,4,2000,1348.16,0,0,0,1,1,32,0.15,4,100,1,2777.45,5349.72,0
22.0625,131,3,2000,990.665,0,0,0,1,0,0,0,4,100,1,2768.33,5137.66,0
22.0705,147,1,2000,101.288,0,0,0,1,0,0,0,4,100,1,2935.9,587.22,0
22.071,148,2,2000,391.733,0,0,0,1,0,0,0,4,100,1,2872.19,1841.27,0
22.0715,149,3,2000,1062.49,0,0,0,1,0,0,0,4,100,1,2890.56,1494.97,0
22.0725,151,2,2000,388.621,0,0,0,1,0,0,0,4,100,1,2884.82,1626.74,0
22.073,152,2,2000,505.967,0,0,0,1,1,80,0.2,4,100,1,2882.74,1674.35,0
22.074,154,5,2000,1810.22,0,0,0,1,1,32,0.15,4,100,1,2878.24,1777.14,0
22.0745,155,4,2000,1463.91,0,0,0,1,1,96,0.2,4,100,1,2862.62,2129.79,0
22.0755,157,5,2000,1595.68,0,0,0,1,1,96,0.2,4,100,1,2873.92,1874.73,0
22.076,158,5,2000,1643.28,0,0,0,1,1,96,0.2,4,100,1,2849.02,2459.93,0
22.075,156,4,2000,1510.14,0,0,0,1,1,96,0.2,4,100,1,2876.07,1826.17,0
22.0765,159,5,2000,1694.03,0,0,0,1,1,96,0.2,4,100,1,2847.27,2508.01,0
22.078,162,5,2000,1795.08,0,0,0,1,0,0,0,4,100,1,2841.26,2659.59,0
22.077,160,5,2000,1746.06,0,0,0,1,0,64,0.05,4,100,1,2845.51,2555.97,0
22.098,202,13,2767.85,4235.61,0,0,0,0,0,0,0,4,100,0,0,0,0
22.0985,203,14,2749,4678.28,0,0,0,0,0,0,0,4,100,0,0,0,0
22.099,204,15,2745.32,5058.65,0,0,0,0,0,0,0,4,100,0,0,0,0
22.0995,205,17,2767.87,5485.82,0,0,0,0,0,0,0,4,100,0,0,0,0
22.103,12,6,2000,1968.65,0,0,0,1,0,0,0,4,100,1,2837.82,6411.29,0
22.1035,13,5,2000,1667.1,0,0,0,1,0,0,0,4,100,1,2819.97,6068.48,0
22.104,14,4,2000,1281.43,0,0,0,1,1,32,0.15,4,100,1,2804.41,5781.02,0
22.1045,15,3,2000,953.374,0,0,0,1,0,0,0,4,100,1,2782.05,5430.19,0
22.1055,17,3,2000,624.346,0,0,0,1,0,0,0,4,100,1,2770.21,4719.05,0
22.13,66,6,2000,1999.34,0,0,0,1,0,64,0.05,4,100,1,2910.71,1331.84,0
22.1305,67,6,2000,1948.27,0,0,0,1,0,64,0.05,4,100,1,2915.56,1207.85,0
22.131,68,5,2000,1795.27,0,0,0,1,0,64,0.05,4,100,1,2928.06,970.58,0
22.132,70,4,2000,1140.14,0,0,0,1,1,96,0.2,4,100,1,2927.36,906.6,0
22.1325,71,4,2000,1258.57,0,0,0,1,1,96,0.2,4,100,1,2932.12,866.68,0
22.1315,69,5,2000,1769.87,0,0,0,1,0,64,0.05,4,100,1,2925.5,953.9,0
22.133,72,4,2000,1300.3,0,0,0,1,1,96,0.2,4,100,1,2964,464.5,0
22.1335,73,4,2000,1176.31,0,0,0,1,1,96,0.2,4,100,1,2973.9,428.96,0
22.1345,75,3,2000,922.349,0,0,0,1,0,64,0.05,4,100,1,2837.29,6372.45,0
22.135,76,3,2000,875.044,0,0,0,1,0,64,0.05,4,100,1,2817.69,3622.1,0
22.134,74,3,2000,939.033,0,0,0,1,0,64,0.05,4,100,1,2809.32,6719.35,0
22.1355,77,3,2000,835.12,0,0,0,1,0,64,0.05,4,100,1,2833.84,3298.01,0
22.1365,79,2,2000,397.392,0,0,0,1,0,64,0.05,4,100,1,2863.34,2677.93,0
22.136,78,2,2000,432.936,0,0,0,1,0,64,0.05,4,100,1,2846.58,3002.01,0
22.1405,87,6,2000,2000,0,0,0,1,0,64,0.05,4,100,1,2958.65,563.73,0
22.141,88,5,2000,1738.79,0,0,0,1,0,64,0.05,4,100,1,2803.59,5706.55,0
22.1415,89,4,2000,1467.29,0,0,0,1,1,32,0.15,4,100,1,2785.52,5434.82,0
22.142,90,4,2000,1121.89,0,0,0,1,0,0,0,4,100,1,2772.84,5165.42,0
22.1425,91,3,2000,827.214,0,0,0,1,1,32,0.15,4,100,1,2763.91,4850.61,0
22.152,110,4,2000,1326.43,0,0,0,1,0,0,0,4,100,1,2770.69,5119.52,0
22.1525,111,3,2000,1015.47,0,0,0,1,1,32,0.15,4,100,1,2767.05,4864.57,0
22.153,112,3,2000,729.929,0,0,0,1,1,32,0.15,4,100,1,2776.34,4577.34,0
22.154,114,2,2000,455.201,0,0,0,1,0,0,0,4,100,1,2803.91,3952.14,0
22.162,130,4,2000,1347.34,0,0,0,1,0,0,0,4,100,1,2777.45,5349.72,0
22.1625,131,3,2000,989.844,0,0,0,1,1,32,0.15,4,100,1,2768.33,5137.66,0
22.1705,147,1,2000,100.47,0,0,0,1,0,0,0,4,100,1,2935.9,587.22,0
22.171,148,2,2000,390.916,0,0,0,1,0,0,0,4,100,1,2872.19,1841.27,0
22.1715,149,3,2000,1061.67,0,0,0,1,1,32,0.15,4,100,1,2890.56,1494.97,0
22.1725,151,2,2000,387.804,0,0,0,1,0,0,0,4,100,1,2884.82,1626.74,0
22.173,152,2,2000,505.15,0,0,0,1,1,80,0.2,4,100,1,2882.74,1674.35,0
22.174,154,5,2000,1809.4,0,0,0,1,0,0,0,4,100,1,2878.24,1777.14,0
22.1745,155,4,2000,1463.1,0,0,0,1,0,64,0.05,4,100,1,2862.62,2129.79,0
22.175,156,4,2000,1509.32,0,0,0,1,0,64,0.05,4,100,1,2876.07,1826.17,0
22.1755,157,5,2000,1594.86,0,0,0,1,0,64,0.05,4,100,1,2873.92,1874.73,0
22.1765,159,5,2000,1693.21,0,0,0,1,1,96,0.2,4,100,1,2847.27,2508.01,0
22.176,158,5,2000,1642.47,0,0,0,1,1,96,0.2,4,100,1,2849.02,2459.93,0
22.178,162,5,2000,1794.27,0,0,0,1,1,32,0.15,4,100,1,2841.26,2659.59,0
22.177,160,5,2000,1745.25,0,0,0,1,1,96,0.2,4,100,1,2845.51,2555.97,0
22.198,202,13,2767.85,4235.61,0,0,0,0,0,0,0,4,100,0,0,0,0
22.1985,203,14,2749,4678.28,0,0,0,0,0,0,0,4,100,0,0,0,0
22.199,204,15,2745.32,5058.65,0,0,0,0,0,0,0,4,100,0,0,0,0
22.1995,205,17,2767.87,5485.82,0,0,0,0,0,0,0,4,100,0,0,0,0
22.203,12,6,2000,1967.85,0,0,0,1,0,0,0,4,100,1,2837.82,6411.29,0
22.2035,13,5,2000,1666.3,0,0,0,1,1,32,0.15,4,100,1,2819.97,6068.48,0
22.204,14,4,2000,1280.63,0,0,0,1,0,0,0,4,100,1,2804.41,5781.02,0
22.2045,15,3,2000,952.573,0,0,0,1,1,32,0.15,4,100,1,2782.05,5430.19,0
22.2055,17,3,2000,623.546,0,0,0,1,1,32,0.15,4,100,1,2770.21,4719.05,0
22.23,66,6,2000,1998.55,0,0,0,1,0,64,0.05,4,100,1,2910.71,1331.84,0
22.2305,67,6,2000,1947.48,0,0,0,1,0,64,0.05,4,100,1,2915.56,1207.85,0
22.231,68,5,2000,1794.48,0,0,0,1,1,96,0.2,4,100,1,2928.06,970.58,0
22.2315,69,5,2000,1769.09,0,0,0,1,1,96,0.2,4,100,1,2925.5,953.9,0
22.232,70,4,2000,1139.35,0,0,0,1,0,64,0.05,4,100,1,2927.36,906.6,0
22.233,72,4,2000,1299.51,0,0,0,1,0,64,0.05,4,100,1,2964,464.5,0
22.2325,71,4,2000,1257.79,0,0,0,1,1,96,0.2,4,100,1,2932.12,866.68,0
22.2335,73,4,2000,1175.52,0,0,0,1,1,96,0.2,4,100,1,2973.9,428.96,0
22.235,76,3,2000,874.259,0,0,0,1,1,96,0.2,4,100,1,2817.69,3622.1,0
22.2355,77,3,2000,834.336,0,0,0,1,1,96,0.2,4,100,1,2833.84,3298.01,0
22.236,78,2,2000,432.152,0,0,0,1,0,64,0.05,4,100,1,2846.58,3002.01,0
22.234,74,3,2000,938.247,0,0,0,1,1,96,0.2,4,100,1,2809.32,6719.35,0
22.2365,79,2,2000,396.608,0,0,0,1,0,64,0.05,4,100,1,2863.34,2677.93,0
22.2345,75,3,2000,921.563,0,0,0,1,1,96,0.2,4,100,1,2837.29,6372.45,0
22.2405,87,6,2000,2000,0,0,0,1,0,64,0.05,4,100,1,2958.65,563.73,0
22.241,88,5,2000,1738,0,0,0,1,1,96,0.2,4,100,1,2803.59,5706.55,0
22.2415,89,4,2000,1466.51,0,0,0,1,1,32,0.15,4,100,1,2785.52,5434.82,0
22.242,90,4,2000,1121.11,0,0,0,1,1,32,0.15,4,100,1,2772.84,5165.42,0
22.2425,91,3,2000,826.433,0,0,0,1,1,32,0.15,4,100,1,2763.91,4850.61,0
22.252,110,4,2000,1325.65,0,0,0,1,1,32,0.15,4,100,1,2770.69,5119.52,0
22.2525,111,3,2000,1014.7,0,0,0,1,1,32,0.15,4,100,1,2767.05,4864.57,0
22.253,112,3,2000,729.154,0,0,0,1,1,32,0.15,4,100,1,2776.34,4577.34,0
22.254,114,2,2000,454.426,0,0,0,1,0,0,0,4,100,1,2803.91,3952.14,0
22.262,130,4,2000,1346.57,0,0,0,1,1,32,0.15,4,100,1,2777.45,5349.72,0
22.2625,131,3,2000,989.073,0,0,0,1,1,32,0.15,4,100,1,2768.33,5137.66,0
22.2705,147,1,2000,99.7032,0,0,0,1,0,0,0,4,100,1,2935.9,587.22,0
22.271,148,2,2000,390.15,0,0,0,1,0,0,0,4,100,1,2872.19,1841.27,0
22.2715,149,3,2000,1060.91,0,0,0,1,1,32,0.15,4,100,1,2890.56,1494.97,0
22.2725,151,2,2000,387.038,0,0,0,1,0,64,0.05,4,100,1,2884.82,1626.74,0
22.273,152,2,2000,504.385,0,0,0,1,1,80,0.2,4,100,1,2882.74,1674.35,0
22.274,154,5,2000,1808.64,0,0,0,1,1,32,0.15,4,100,1,2878.24,1777.14,0
22.2745,155,4,2000,1462.33,0,0,0,1,1,96,0.2,4,100,1,2862.62,2129.79,0
22.275,156,4,2000,1508.56,0,0,0,1,1,96,0.2,4,100,1,2876.07,1826.17,0
22.2755,157,5,2000,1594.1,0,0,0,1,1,96,0.2,4,100,1,2873.92,1874.73,0
22.2765,159,5,2000,1692.45,0,0,0,1,1,96,0.2,4,100,1,2847.27,2508.01,0
22.276,158,5,2000,1641.7,0,0,0,1,1,96,0.2,4,100,1,2849.02,2459.93,0
22.278,162,5,2000,1793.51,0,0,0,1,1,32,0.15,4,100,1,2841.26,2659.59,0
22.277,160,5,2000,1744.49,0,0,0,1,1,96,0.2,4,100,1,2845.51,2555.97,0
22.298,202,13,2767.85,4235.61,0,0,0,0,0,0,0,4,100,0,0,0,0
22.2985,203,14,2749,4678.28,0,0,0,0,0,0,0,4,100,0,0,0,0
22.299,204,15,2745.32,5058.65,0,0,0,0,0,0,0,4,100,0,0,0,0
22.2995,205,17,2767.87,5485.82,0,0,0,0,0,0,0,4,100,0,0,0,0
22.303,12,6,2000,1967.1,0,0,0,1,0,0,0,4,100,1,2837.82,6411.29,0
22.3035,13,5,2000,1665.55,0,0,0,1,1,32,0.15,4,100,1,2819.97,6068.48,0
22.304,14,4,2000,1279.88,0,0,0,1,1,32,0.15,4,100,1,2804.41,5781.02,0
22.3045,15,3,2000,951.824,0,0,0,1,1,32,0.15,4,100,1,2782.05,5430.19,0
22.3055,17,3,2000,622.797,0,0,0,1,1,32,0.15,4,100,1,2770.21,4719.05,0
22.33,66,6,2000,1997.81,0,0,0,1,0,64,0.05,4,100,1,2910.71,1331.84,0
22.3305,67,6,2000,1946.75,0,0,0,1,0,64,0.05,4,100,1,2915.56,1207.85,0
22.331,68,5,2000,1793.74,0,0,0,1,1,96,0.2,4,100,1,2928.06,970.58,0
22.3315,69,5,2000,1768.35,0,0,0,1,1,96,0.2,4,100,1,2925.5,953.9,0
22.3325,71,4,2000,1257.05,0,0,0,1,1,96,0.2,4,100,1,2932.12,866.68,0
22.333,72,4,2000,1298.78,0,0,0,1,1,96,0.2,4,100,1,2964,464.5,0
22.332,70,4,2000,1138.62,0,0,0,1,1,96,0.2,4,100,1,2927.36,906.6,0
22.334,74,3,2000,937.513,0,0,0,1,1,96,0.2,4,100,1,2809.32,6719.35,0
22.3345,75,3,2000,920.83,0,0,0,1,1,96,0.2,4,100,1,2837.29,6372.45,0
22.3335,73,4,2000,1174.79,0,0,0,1,1,96,0.2,4,100,1,2973.9,428.96,0
22.335,76,3,2000,873.526,0,0,0,1,1,96,0.2,4,100,1,2817.69,3622.1,0
22.3355,77,3,2000,833.603,0,0,0,1,1,96,0.2,4,100,1,2833.84,3298.01,0
22.336,78,2,2000,431.419,0,0,0,1,0,64,0.05,4,100,1,2846.58,3002.01,0
22.3365,79,2,2000,395.876,0,0,0,1,0,64,0.05,4,100,1,2863.34,2677.93,0
22.3405,87,6,2000,2000,0,0,0,1,0,64,0.05,4,100,1,2958.65,563.73,0
22.341,88,5,2000,1737.27,0,0,0,1,1,96,0.2,4,100,1,2803.59,5706.55,0
22.3415,89,4,2000,1465.78,0,0,0,1,1,32,0.15,4,100,1,2785.52,5434.82,0
22.342,90,4,2000,1120.38,0,0,0,1,1,32,0.15,4,100,1,2772.84,5165.42,0
22.3425,91,3,2000,825.703,0,0,0,1,1,32,0.15,4,100,1,2763.91,4850.61,0
22.352,110,4,2000,1324.93,0,0,0,1,1,32,0.15,4,100,1,2770.69,5119.52,0
22.3525,111,3,2000,1013.97,0,0,0,1,1,32,0.15,4,100,1,2767.05,4864.57,0
22.353,112,3,2000,728.43,0,0,0,1,1,32,0.15,4,100,1,2776.34,4577.34,0
22.354,114,2,2000,453.703,0,0,0,1,0,0,0,4,100,1,2803.91,3952.14,0
22.362,130,4,2000,1345.85,0,0,0,1,1,32,0.15,4,100,1,2777.45,5349.72,0
22.3625,131,3,2000,988.354,0,0,0,1,1,32,0.15,4,100,1,2768.33,5137.66,0
22.3705,147,1,2000,98.9886,0,0,0,1,0,0,0,4,100,1,2935.9,587.22,0
22.371,148,2,2000,389.435,0,0,0,1,0,0,0,4,100,1,2872.19,1841.27,0
22.3715,149,3,2000,1060.19,0,0,0,1,1,32,0.15,4,100,1,2890.56,1494.97,0
22.3725,151,2,2000,386.325,0,0,0,1,0,64,0.05,4,100,1,2884.82,1626.74,0
22.373,152,2,2000,503.671,0,0,0,1,1,80,0.2,4,100,1,2882.74,1674.35,0
22.374,154,5,2000,1807.92,0,0,0,1,1,32,0.15,4,100,1,2878.24,1777.14,0
22.3745,155,4,2000,1461.62,0,0,0,1,1,96,0.2,4,100,1,2862.62,2129.79,0
22.375,156,4,2000,1507.85,0,0,0,1,1,96,0.2,4,100,1,2876.07,1826.17,0
22.3755,157,5,2000,1593.38,0,0,0,1,1,96,0.2,4,100,1,2873.92,1874.73,0
22.3765,159,5,2000,1691.74,0,0,0,1,1,96,0.2,4,100,1,2847.27,2508.01,0
22.377,160,5,2000,1743.77,0,0,0,1,1,96,0.2,4,100,1,2845.51,2555.97,0
22.376,158,5,2000,1640.99,0,0,0,1,1,96,0.2,4,100,1,2849.02,2459.93,0
22.378,162,5,2000,1792.8,0,0,0,1,1,32,0.15,4,100,1,2841.26,2659.59,0
22.398,202,13,2767.85,4235.61,0,0,0,0,0,0,0,4,100,0,0,0,0
22.3985,203,14,2749,4678.28,0,0,0,0,0,0,0,4,100,0,0,0,0
22.399,204,15,2745.32,5058.65,0,0,0,0,0,0,0,4,100,0,0,0,0
22.3995,205,17,2767.87,5485.82,0,0,0,0,0,0,0,4,100,0,0,0,0
22.403,12,6,2000,1966.4,0,0,0,1,0,0,0,4,100,1,2837.82,6411.29,0
22.4035,13,5,2000,1664.85,0,0,0,1,1,32,0.15,4,100,1,2819.97,6068.48,0
22.404,14,4,2000,1279.18,0,0,0,1,1,32,0.15,4,100,1,2804.41,5781.02,0
22.4045,15,3,2000,951.128,0,0,0,1,1,32,0.15,4,100,1,2782.05,5430.19,0
22.4055,17,3,2000,622.101,0,0,0,1,1,32,0.15,4,100,1,2770.21,4719.05,0
22.43,66,6,2000,1997.13,0,0,0,1,0,64,0.05,4,100,1,2910.71,1331.84,0
22.4305,67,6,2000,1946.07,0,0,0,1,0,64,0.05,4,100,1,2915.56,1207.85,0
22.431,68,5,2000,1793.06,0,0,0,1,1,96,0.2,4,100,1,2928.06,970.58,0
22.432,70,4,2000,1137.94,0,0,0,1,1,96,0.2,4,100,1,2927.36,906.6,0
22.4325,71,4,2000,1256.37,0,0,0,1,1,96,0.2,4,100,1,2932.12,866.68,0
22.4315,69,5,2000,1767.67,0,0,0,1,1,96,0.2,4,100,1,2925.5,953.9,0
22.4335,73,4,2000,1174.11,0,0,0,1,1,96,0.2,4,100,1,2973.9,428.96,0
22.433,72,4,2000,1298.1,0,0,0,1,1,96,0.2,4,100,1,2964,464.5,0
22.4345,75,3,2000,920.149,0,0,0,1,1,96,0.2,4,100,1,2837.29,6372.45,0
22.4355,77,3,2000,832.923,0,0,0,1,1,96,0.2,4,100,1,2833.84,3298.01,0
22.434,74,3,2000,936.832,0,0,0,1,1,96,0.2,4,100,1,2809.32,6719.35,0
22.436,78,2,2000,430.739,0,0,0,1,0,64,0.05,4,100,1,2846.58,3002.01,0
22.435,76,3,2000,872.846,0,0,0,1,1,96,0.2,4,100,1,2817.69,3622.1,0
22.4365,79,2,2000,395.196,0,0,0,1,0,64,0.05,4,100,1,2863.34,2677.93,0
22.4405,87,6,2000,2000,0,0,0,1,0,64,0.05,4,100,1,2958.65,563.73,0
22.441,88,5,2000,1736.6,0,0,0,1,1,96,0.2,4,100,1,2803.59,5706.55,0
22.4415,89,4,2000,1465.1,0,0,0,1,1,32,0.15,4,100,1,2785.52,5434.82,0
22.442,90,4,2000,1119.7,0,0,0,1,1,32,0.15,4,100,1,2772.84,5165.42,0
22.4425,91,3,2000,825.027,0,0,0,1,1,32,0.15,4,100,1,2763.91,4850.61,0
22.452,110,4,2000,1324.26,0,0,0,1,1,32,0.15,4,100,1,2770.69,5119.52,0
22.4525,111,3,2000,1013.3,0,0,0,1,1,32,0.15,4,100,1,2767.05,4864.57,0
22.453,112,3,2000,727.759,0,0,0,1,1,32,0.15,4,100,1,2776.34,4577.34,0
22.454,114,2,2000,453.033,0,0,0,1,0,0,0,4,100,1,2803.91,3952.14,0
22.462,130,4,2000,1345.18,0,0,0,1,1,32,0.15,4,100,1,2777.45,5349.72,0
22.4625,131,3,2000,987.688,0,0,0,1,1,32,0.15,4,100,1,2768.33,5137.66,0
22.4705,147,1,2000,98.3274,0,0,0,1,0,0,0,4,100,1,2935.9,587.22,0
22.471,148,2,2000,388.774,0,0,0,1,0,0,0,4,100,1,2872.19,1841.27,0
22.4715,149,3,2000,1059.53,0,0,0,1,1,32,0.15,4,100,1,2890.56,1494.97,0
22.4725,151,2,2000,385.665,0,0,0,1,0,64,0.05,4,100,1,2884.82,1626.74,0
22.473,152,2,2000,503.012,0,0,0,1,1,80,0.2,4,100,1,2882.74,1674.35,0
22.474,154,5,2000,1807.27,0,0,0,1,1,32,0.15,4,100,1,2878.24,1777.14,0
22.4745,155,4,2000,1460.96,0,0,0,1,1,96,0.2,4,100,1,2862.62,2129.79,0
22.4755,157,5,2000,1592.73,0,0,0,1,1,96,0.2,4,100,1,2873.92,1874.73,0
22.476,158,5,2000,1640.33,0,0,0,1,1,96,0.2,4,100,1,2849.02,2459.93,0
22.4765,159,5,2000,1691.08,0,0,0,1,1,96,0.2,4,100,1,2847.27,2508.01,0
22.475,156,4,2000,1507.19,0,0,0,1,1,96,0.2,4,100,1,2876.07,1826.17,0
22.477,160,5,2000,1743.12,0,0,0,1,1,96,0.2,4,100,1,2845.51,2555.97,0
22.478,162,5,2000,1792.14,0,0,0,1,1,32,0.15,4,100,1,2841.26,2659.59,0
22.498,202,13,2767.85,4235.61,0,0,0,0,0,0,0,4,100,0,0,0,0
22.4985,203,14,2749,4678.28,0,0,0,0,0,0,0,4,100,0,0,0,0
22.499,204,15,2745.32,5058.65,0,0,0,0,0,0,0,4,100,0,0,0,0
22.4995,205,17,2767.87,5485.82,0,0,0,0,0,0,0,4,100,0,0,0,0
22.503,12,6,2000,1965.75,0,0,0,1,0,0,0,4,100,1,2837.82,6411.29,0
22.5035,13,5,2000,1664.21,0,0,0,1,1,32,0.15,4,100,1,2819.97,6068.48,0
22.504,14,4,2000,1278.54,0,0,0,1,1,32,0.15,4,100,1,2804.41,5781.02,0
22.5045,15,3,2000,950.485,0,0,0,1,1,32,0.15,4,100,1,2782.05,5430.19,0
22.5055,17,3,2000,621.459,0,0,0,1,1,32,0.15,4,100,1,2770.21,4719.05,0
22.53,66,6,2000,1996.5,0,0,0,1,0,64,0.05,4,100,1,2910.71,1331.84,0
22.5305,67,6,2000,1945.44,0,0,0,1,0,64,0.05,4,100,1,2915.56,1207.85,0
22.531,68,5,2000,1792.43,0,0,0,1,1,96,0.2,4,100,1,2928.06,970.58,0
22.5315,69,5,2000,1767.04,0,0,0,1,1,96,0.2,4,100,1,2925.5,953.9,0
22.532,70,4,2000,1137.31,0,0,0,1,1,96,0.2,4,100,1,2927.36,906.6,0
22.533,72,4,2000,1297.47,0,0,0,1,1,96,0.2,4,100,1,2964,464.5,0
22.5335,73,4,2000,1173.48,0,0,0,1,1,96,0.2,4,100,1,2973.9,428.96,0
22.5325,71,4,2000,1255.74,0,0,0,1,1,96,0.2,4,100,1,2932.12,866.68,0
22.534,74,3,2000,936.206,0,0,0,1,1,96,0.2,4,100,1,2809.32,6719.35,0
22.5345,75,3,2000,919.523,0,0,0,1,1,96,0.2,4,100,1,2837.29,6372.45,0
22.5355,77,3,2000,832.297,0,0,0,1,1,96,0.2,4,100,1,2833.84,3298.01,0
22.5365,79,2,2000,394.571,0,0,0,1,0,64,0.05,4,100,1,2863.34,2677.93,0
22.536,78,2,2000,430.114,0,0,0,1,0,64,0.05,4,100,1,2846.58,3002.01,0
22.535,76,3,2000,872.22,0,0,0,1,1,96,0.2,4,100,1,2817.69,3622.1,0
22.5405,87,6,2000,2000,0,0,0,1,0,64,0.05,4,100,1,2958.65,563.73,0
22.541,88,5,2000,1735.97,0,0,0,1,1,96,0.2,4,100,1,2803.59,5706.55,0
22.5415,89,4,2000,1464.48,0,0,0,1,1,32,0.15,4,100,1,2785.52,5434.82,0
22.542,90,4,2000,1119.08,0,0,0,1,1,32,0.15,4,100,1,2772.84,5165.42,0
22.5425,91,3,2000,824.405,0,0,0,1,1,32,0.15,4,100,1,2763.91,4850.61,0
22.552,110,4,2000,1323.64,0,0,0,1,1,32,0.15,4,100,1,2770.69,5119.52,0
22.5525,111,3,2000,1012.69,0,0,0,1,1,32,0.15,4,100,1,2767.05,4864.57,0
22.553,112,3,2000,727.143,0,0,0,1,1,32,0.15,4,100,1,2776.34,4577.34,0
22.554,114,2,2000,452.417,0,0,0,1,0,0,0,4,100,1,2803.91,3952.14,0
22.562,130,4,2000,1344.57,0,0,0,1,1,32,0.15,4,100,1,2777.45,5349.72,0
22.5625,131,3,2000,987.077,0,0,0,1,1,32,0.15,4,100,1,2768.33,5137.66,0
22.5705,147,1,2000,97.7204,0,0,0,1,0,0,0,4,100,1,2935.9,587.22,0
22.571,148,2,2000,388.168,0,0,0,1,0,0,0,4,100,1,2872.19,1841.27,0
22.5715,149,3,2000,1058.92,0,0,0,1,1,32,0.15,4,100,1,2890.56,1494.97,0
22.5725,151,2,2000,385.059,0,0,0,1,0,64,0.05,4,100,1,2884.82,1626.74,0
22.573,152,2,2000,502.406,0,0,0,1,1,80,0.2,4,100,1,2882.74,1674.35,0
22.574,154,5,2000,1806.66,0,0,0,1,1,32,0.15,4,100,1,2878.24,1777.14,0
22.5745,155,4,2000,1460.36,0,0,0,1,1,96,0.2,4,100,1,2862.62,2129.79,0
22.575,156,4,2000,1506.58,0,0,0,1,1,96,0.2,4,100,1,2876.07,1826.17,0
22.5755,157,5,2000,1592.12,0,0,0,1,1,96,0.2,4,100,1,2873.92,1874.73,0
22.576,158,5,2000,1639.73,0,0,0,1,1,96,0.2,4,100,1,2849.02,2459.93,0
22.5765,159,5,2000,1690.48,0,0,0,1,1,96,0.2,4,100,1,2847.27,2508.01,0
22.577,160,5,2000,1742.51,0,0,0,1,1,96,0.2,4,100,1,2845.51,2555.97,0
22.578,162,5,2000,1791.54,0,0,0,1,1,32,0.15,4,100,1,2841.26,2659.59,0
22.598,202,13,2767.85,4235.61,0,0,0,0,0,0,0,4,100,0,0,0,0
22.5985,203,14,2749,4678.28,0,0,0,0,0,0,0,4,100,0,0,0,0
22.599,204,15,2745.32,5058.65,0,0,0,0,0,0,0,4,100,0,0,0,0
22.5995,205,17,2767.87,5485.82,0,0,0,0,0,0,0,4,100,0,0,0,0
22.603,12,6,2000,1965.17,0,0,0,1,0,0,0,4,100,1,2837.82,6411.29,0
22.6035,13,5,2000,1663.62,0,0,0,1,1,32,0.15,4,100,1,2819.97,6068.48,0
22.604,14,4,2000,1277.95,0,0,0,1,1,32,0.15,4,100,1,2804.41,5781.02,0
22.6045,15,3,2000,949.897,0,0,0,1,1,32,0.15,4,100,1,2782.05,5430.19,0
22.6055,17,3,2000,620.871,0,0,0,1,1,32,0.15,4,100,1,2770.21,4719.05,0
22.63,66,6,2000,1995.93,0,0,0,1,0,64,0.05,4,100,1,2910.71,1331.84,0
22.6305,67,6,2000,1944.86,0,0,0,1,0,64,0.05,4,100,1,2915.56,1207.85,0
22.631,68,5,2000,1791.86,0,0,0,1,1,96,0.2,4,100,1,2928.06,970.58,0
22.6315,69,5,2000,1766.47,0,0,0,1,1,96,0.2,4,100,1,2925.5,953.9,0
22.632,70,4,2000,1136.73,0,0,0,1,1,96,0.2,4,100,1,2927.36,906.6,0
22.6325,71,4,2000,1255.17,0,0,0,1,1,96,0.2,4,100,1,2932.12,866.68,0
22.633,72,4,2000,1296.9,0,0,0,1,1,96,0.2,4,100,1,2964,464.5,0
22.634,74,3,2000,935.634,0,0,0,1,1,96,0.2,4,100,1,2809.32,6719.35,0
22.6345,75,3,2000,918.951,0,0,0,1,1,96,0.2,4,100,1,2837.29,6372.45,0
22.6335,73,4,2000,1172.91,0,0,0,1,1,96,0.2,4,100,1,2973.9,428.96,0
22.635,76,3,2000,871.648,0,0,0,1,1,96,0.2,4,100,1,2817.69,3622.1,0
22.6355,77,3,2000,831.726,0,0,0,1,1,96,0.2,4,100,1,2833.84,3298.01,0
22.636,78,2,2000,429.543,0,0,0,1,0,64,0.05,4,100,1,2846.58,3002.01,0
22.6365,79,2,2000,394,0,0,0,1,0,64,0.05,4,100,1,2863.34,2677.93,0
22.6405,87,6,2000,2000,0,0,0,1,0,64,0.05,4,100,1,2958.65,563.73,0
22.641,88,5,2000,1735.41,0,0,0,1,1,96,0.2,4,100,1,2803.59,5706.55,0
22.6415,89,4,2000,1463.91,0,0,0,1,1,32,0.15,4,100,1,2785.52,5434.82,0
22.642,90,4,2000,1118.51,0,0,0,1,1,32,0.15,4,100,1,2772.84,5165.42,0
22.6425,91,3,2000,823.838,0,0,0,1,1,32,0.15,4,100,1,2763.91,4850.61,0
22.652,110,4,2000,1323.08,0,0,0,1,1,32,0.15,4,100,1,2770.69,5119.52,0
22.6525,111,3,2000,1012.12,0,0,0,1,1,32,0.15,4,100,1,2767.05,4864.57,0
22.653,112,3,2000,726.581,0,0,0,1,1,32,0.15,4,100,1,2776.34,4577.34,0
22.654,114,2,2000,451.856,0,0,0,1,0,0,0,4,100,1,2803.91,3952.14,0
22.662,130,4,2000,1344.01,0,0,0,1,1,32,0.15,4,100,1,2777.45,5349.72,0
22.6625,131,3,2000,986.521,0,0,0,1,1,32,0.15,4,100,1,2768.33,5137.66,0
22.6705,147,1,2000,97.1689,0,0,0,1,0,0,0,4,100,1,2935.9,587.22,0
22.671,148,2,2000,387.616,0,0,0,1,0,0,0,4,100,1,2872.19,1841.27,0
22.6715,149,3,2000,1058.37,0,0,0,1,1,32,0.15,4,100,1,2890.56,1494.97,0
22.6725,151,2,2000,384.508,0,0,0,1,0,64,0.05,4,100,1,2884.82,1626.74,0
22.673,152,2,2000,501.856,0,0,0,1,1,80,0.2,4,100,1,2882.74,1674.35,0
22.674,154,5,2000,1806.11,0,0,0,1,1,32,0.15,4,100,1,2878.24,1777.14,0
22.6745,155,4,2000,1459.81,0,0,0,1,1,96,0.2,4,100,1,2862.62,2129.79,0
22.6755,157,5,2000,1591.57,0,0,0,1,1,96,0.2,4,100,1,2873.92,1874.73,0
22.676,158,5,2000,1639.18,0,0,0,1,1,96,0.2,4,100,1,2849.02,2459.93,0
22.675,156,4,2000,1506.04,0,0,0,1,1,96,0.2,4,100,1,2876.07,1826.17,0
22.6765,159,5,2000,1689.93,0,0,0,1,1,96,0.2,4,100,1,2847.27,2508.01,0
22.677,160,5,2000,1741.96,0,0,0,1,1,96,0.2,4,100,1,2845.51,2555.97,0
22.678,162,5,2000,1790.99,0,0,0,1,1,32,0.15,4,100,1,2841.26,2659.59,0
22.698,202,13,2767.85,4235.61,0,0,0,0,0,0,0,4,100,0,0,0,0
22.6985,203,14,2749,4678.28,0,0,0,0,0,0,0,4,100,0,0,0,0
22.699,204,15,2745.32,5058.65,0,0,0,0,0,0,0,4,100,0,0,0,0
22.6995,205,17,2767.87,5485.82,0,0,0,0,0,0,0,4,100,0,0,0,0
22.703,12,6,2000,1964.63,0,0,0,1,0,0,0,4,100,1,2837.82,6411.29,0
22.7035,13,5,2000,1663.09,0,0,0,1,1,32,0.15,4,100,1,2819.97,6068.48,0
22.704,14,4,2000,1277.42,0,0,0,1,1,32,0.15,4,100,1,2804.41,5781.02,0
22.7045,15,3,2000,949.364,0,0,0,1,1,32,0.15,4,100,1,2782.05,5430.19,0
22.7055,17,3,2000,620.339,0,0,0,1,1,32,0.15,4,100,1,2770.21,4719.05,0
22.73,66,6,2000,1995.41,0,0,0,1,0,64,0.05,4,100,1,2910.71,1331.84,0
22.7305,67,6,2000,1944.34,0,0,0,1,0,64,0.05,4,100,1,2915.56,1207.85,0
22.731,68,5,2000,1791.34,0,0,0,1,1,96,0.2,4,100,1,2928.06,970.58,0
22.7315,69,5,2000,1765.95,0,0,0,1,1,96,0.2,4,100,1,2925.5,953.9,0
22.732,70,4,2000,1136.22,0,0,0,1,1,96,0.2,4,100,1,2927.36,906.6,0
22.733,72,4,2000,1296.38,0,0,0,1,1,96,0.2,4,100,1,2964,464.5,0
22.7335,73,4,2000,1172.39,0,0,0,1,1,96,0.2,4,100,1,2973.9,428.96,0
22.7325,71,4,2000,1254.66,0,0,0,1,1,96,0.2,4,100,1,2932.12,866.68,0
22.734,74,3,2000,935.118,0,0,0,1,1,96,0.2,4,100,1,2809.32,6719.35,0
22.7355,77,3,2000,831.21,0,0,0,1,1,96,0.2,4,100,1,2833.84,3298.01,0
22.736,78,2,2000,429.028,0,0,0,1,0,64,0.05,4,100,1,2846.58,3002.01,0
22.735,76,3,2000,871.133,0,0,0,1,1,96,0.2,4,100,1,2817.69,3622.1,0
22.7365,79,2,2000,393.486,0,0,0,1,0,64,0.05,4,100,1,2863.34,2677.93,0
22.7345,75,3,2000,918.435,0,0,0,1,1,96,0.2,4,100,1,2837.29,6372.45,0
22.7405,87,6,2000,2000,0,0,0,1,0,64,0.05,4,100,1,2958.65,563.73,0
22.741,88,5,2000,1734.89,0,0,0,1,1,96,0.2,4,100,1,2803.59,5706.55,0
22.7415,89,4,2000,1463.4,0,0,0,1,1,32,0.15,4,100,1,2785.52,5434.82,0
22.742,90,4,2000,1118,0,0,0,1,1,32,0.15,4,100,1,2772.84,5165.42,0
22.7425,91,3,2000,823.326,0,0,0,1,1,32,0.15,4,100,1,2763.91,4850.61,0
22.752,110,4,2000,1322.57,0,0,0,1,1,32,0.15,4,100,1,2770.69,5119.52,0
22.7525,111,3,2000,1011.62,0,0,0,1,1,32,0.15,4,100,1,2767.05,4864.57,0
22.753,112,3,2000,726.076,0,0,0,1,1,32,0.15,4,100,1,2776.34,4577.34,0
22.754,114,2,2000,451.351,0,0,0,1,0,0,0,4,100,1,2803.91,3952.14,0
22.762,130,4,2000,1343.51,0,0,0,1,1,32,0.15,4,100,1,2777.45,5349.72,0
22.7625,131,3,2000,986.021,0,0,0,1,1,32,0.15,4,100,1,2768.33,5137.66,0
22.7705,147,1,2000,96.6735,0,0,0,1,0,0,0,4,100,1,2935.9,587.22,0
22.771,148,2,2000,387.121,0,0,0,1,0,0,0,4,100,1,2872.19,1841.27,0
22.7715,149,3,2000,1057.88,0,0,0,1,1,32,0.15,4,100,1,2890.56,1494.97,0
22.7725,151,2,2000,384.014,0,0,0,1,0,64,0.05,4,100,1,2884.82,1626.74,0
22.773,152,2,2000,501.362,0,0,0,1,1,80,0.2,4,100,1,2882.74,1674.35,0
22.774,154,5,2000,1805.62,0,0,0,1,1,32,0.15,4,100,1,2878.24,1777.14,0
22.7745,155,4,2000,1459.31,0,0,0,1,1,96,0.2,4,100,1,2862.62,2129.79,0
22.775,156,4,2000,1505.54,0,0,0,1,1,96,0.2,4,100,1,2876.07,1826.17,0
22.7755,157,5,2000,1591.08,0,0,0,1,1,96,0.2,4,100,1,2873.92,1874.73,0
22.7765,159,5,2000,1689.44,0,0,0,1,1,96,0.2,4,100,1,2847.27,2508.01,0
22.776,158,5,2000,1638.69,0,0,0,1,1,96,0.2,4,100,1,2849.02,2459.93,0
22.777,160,5,2000,1741.47,0,0,0,1,1,96,0.2,4,100,1,2845.51,2555.97,0
22.778,162,5,2000,1790.5,0,0,0,1,1,32,0.15,4,100,1,2841.26,2659.59,0
22.798,202,13,2767.85,4235.61,0,0,0,0,0,0,0,4,100,0,0,0,0
22.7985,203,14,2749,4678.28,0,0,0,0,0,0,0,4,100,0,0,0,0
22.799,204,15,2745.32,5058.65,0,0,0,0,0,0,0,4,100,0,0,0,0
22.7995,205,17,2767.87,5485.82,0,0,0,0,0,0,0,4,100,0,0,0,0
22.803,12,6,2000,1964.15,0,0,0,1,0,0,0,4,100,1,2837.82,6411.29,0
22.8035,13,5,2000,1662.61,0,0,0,1,1,32,0.15,4,100,1,2819.97,6068.48,0
22.804,14,4,2000,1276.94,0,0,0,1,1,32,0.15,4,100,1,2804.41,5781.02,0
22.8045,15,3,2000,948.888,0,0,0,1,1,32,0.15,4,100,1,2782.05,5430.19,0
22.8055,17,3,2000,619.864,0,0,0,1,1,32,0.15,4,100,1,2770.21,4719.05,0
22.83,66,6,2000,1994.95,0,0,0,1,0,64,0.05,4,100,1,2910.71,1331.84,0
22.8305,67,6,2000,1943.88,0,0,0,1,0,64,0.05,4,100,1,2915.56,1207.85,0
22.831,68,5,2000,1790.88,0,0,0,1,1,96,0.2,4,100,1,2928.06,970.58,0
22.8315,69,5,2000,1765.49,0,0,0,1,1,96,0.2,4,100,1,2925.5,953.9,0
22.8325,71,4,2000,1254.19,0,0,0,1,1,96,0.2,4,100,1,2932.12,866.68,0
22.833,72,4,2000,1295.92,0,0,0,1,1,96,0.2,4,100,1,2964,464.5,0
22.832,70,4,2000,1135.76,0,0,0,1,1,96,0.2,4,100,1,2927.36,906.6,0
22.8335,73,4,2000,1171.93,0,0,0,1,1,96,0.2,4,100,1,2973.9,428.96,0
22.8345,75,3,2000,917.976,0,0,0,1,1,96,0.2,4,100,1,2837.29,6372.45,0
22.835,76,3,2000,870.674,0,0,0,1,1,96,0.2,4,100,1,2817.69,3622.1,0
22.834,74,3,2000,934.659,0,0,0,1,1,96,0.2,4,100,1,2809.32,6719.35,0
22.836,78,2,2000,428.57,0,0,0,1,0,64,0.05,4,100,1,2846.58,3002.01,0
22.8355,77,3,2000,830.752,0,0,0,1,1,96,0.2,4,100,1,2833.84,3298.01,0
22.8365,79,2,2000,393.028,0,0,0,1,0,64,0.05,4,100,1,2863.34,2677.93,0
22.8405,87,6,2000,2000,0,0,0,1,0,64,0.05,4,100,1,2958.65,563.73,0
22.841,88,5,2000,1734.44,0,0,0,1,1,96,0.2,4,100,1,2803.59,5706.55,0
22.8415,89,4,2000,1462.95,0,0,0,1,1,32,0.15,4,100,1,2785.52,5434.82,0
22.842,90,4,2000,1117.54,0,0,0,1,1,32,0.15,4,100,1,2772.84,5165.42,0
22.8425,91,3,2000,822.872,0,0,0,1,1,32,0.15,4,100,1,2763.91,4850.61,0
22.852,110,4,2000,1322.12,0,0,0,1,1,32,0.15,4,100,1,2770.69,5119.52,0
22.8525,111,3,2000,1011.17,0,0,0,1,1,32,0.15,4,100,1,2767.05,4864.57,0
22.853,112,3,2000,725.628,0,0,0,1,1,32,0.15,4,100,1,2776.34,4577.34,0
22.854,114,2,2000,450.904,0,0,0,1,0,0,0,4,100,1,2803.91,3952.14,0
22.862,130,4,2000,1343.07,0,0,0,1,1,32,0.15,4,100,1,2777.45,5349.72,0
22.8625,131,3,2000,985.578,0,0,0,1,1,32,0.15,4,100,1,2768.33,5137.66,0
22.8705,147,1,2000,96.2352,0,0,0,1,0,0,0,4,100,1,2935.9,587.22,0
22.871,148,2,2000,386.683,0,0,0,1,0,0,0,4,100,1,2872.19,1841.27,0
22.8715,149,3,2000,1057.44,0,0,0,1,1,32,0.15,4,100,1,2890.56,1494.97,0
22.8725,151,2,2000,383.577,0,0,0,1,0,64,0.05,4,100,1,2884.82,1626.74,0
22.873,152,2,2000,500.925,0,0,0,1,1,80,0.2,4,100,1,2882.74,1674.35,0
22.874,154,5,2000,1805.18,0,0,0,1,1,32,0.15,4,100,1,2878.24,1777.14,0
22.8745,155,4,2000,1458.88,0,0,0,1,1,96,0.2,4,100,1,2862.62,2129.79,0
22.8755,157,5,2000,1590.64,0,0,0,1,1,96,0.2,4,100,1,2873.92,1874.73,0
22.876,158,5,2000,1638.25,0,0,0,1,1,96,0.2,4,100,1,2849.02,2459.93,0
22.875,156,4,2000,1505.11,0,0,0,1,1,96,0.2,4,100,1,2876.07,1826.17,0
22.8765,159,5,2000,1689,0,0,0,1,1,96,0.2,4,100,1,2847.27,2508.01,0
22.877,160,5,2000,1741.04,0,0,0,1,1,96,0.2,4,100,1,2845.51,2555.97,0
22.878,162,5,2000,1790.06,0,0,0,1,1,32,0.15,4,100,1,2841.26,2659.59,0
22.898,202,13,2767.85,4235.61,0,0,0,0,0,0,0,4,100,0,0,0,0
22.8985,203,14,2749,4678.28,0,0,0,0,0,0,0,4,100,0,0,0,0
22.899,204,15,2745.32,5058.65,0,0,0,0,0,0,0,4,100,0,0,0,0
22.8995,205,17,2767.87,5485.82,0,0,0,0,0,0,0,4,100,0,0,0,0
22.903,12,6,2000,1963.74,0,0,0,1,0,0,0,4,100,1,2837.82,6411.29,0
22.9035,13,5,2000,1662.19,0,0,0,1,1,32,0.15,4,100,1,2819.97,6068.48,0
22.904,14,4,2000,1276.52,0,0,0,1,1,32,0.15,4,100,1,2804.41,5781.02,0
22.9045,15,3,2000,948.469,0,0,0,1,1,32,0.15,4,100,1,2782.05,5430.19,0
22.9055,17,3,2000,619.445,0,0,0,1,1,32,0.15,4,100,1,2770.21,4719.05,0
22.93,66,6,2000,1994.54,0,0,0,1,0,64,0.05,4,100,1,2910.71,1331.84,0
22.9305,67,6,2000,1943.48,0,0,0,1,0,64,0.05,4,100,1,2915.56,1207.85,0
22.931,68,5,2000,1790.48,0,0,0,1,1,96,0.2,4,100,1,2928.06,970.58,0
22.9315,69,5,2000,1765.09,0,0,0,1,1,96,0.2,4,100,1,2925.5,953.9,0
22.9325,71,4,2000,1253.79,0,0,0,1,1,96,0.2,4,100,1,2932.12,866.68,0
22.933,72,4,2000,1295.52,0,0,0,1,1,96,0.2,4,100,1,2964,464.5,0
22.932,70,4,2000,1135.35,0,0,0,1,1,96,0.2,4,100,1,2927.36,906.6,0
22.9345,75,3,2000,917.575,0,0,0,1,1,96,0.2,4,100,1,2837.29,6372.45,0
22.935,76,3,2000,870.273,0,0,0,1,1,96,0.2,4,100,1,2817.69,3622.1,0
22.9355,77,3,2000,830.351,0,0,0,1,1,96,0.2,4,100,1,2833.84,3298.01,0
22.936,78,2,2000,428.169,0,0,0,1,0,64,0.05,4,100,1,2846.58,3002.01,0
22.934,74,3,2000,934.257,0,0,0,1,1,96,0.2,4,100,1,2809.32,6719.35,0
22.9365,79,2,2000,392.627,0,0,0,1,0,64,0.05,4,100,1,2863.34,2677.93,0
22.9335,73,4,2000,1171.53,0,0,0,1,1,96,0.2,4,100,1,2973.9,428.96,0
22.9405,87,6,2000,2000,0,0,0,1,0,64,0.05,4,100,1,2958.65,563.73,0
22.941,88,5,2000,1734.04,0,0,0,1,1,96,0.2,4,100,1,2803.59,5706.55,0
22.9415,89,4,2000,1462.55,0,0,0,1,1,32,0.15,4,100,1,2785.52,5434.82,0
22.942,90,4,2000,1117.15,0,0,0,1,1,32,0.15,4,100,1,2772.84,5165.42,0
22.9425,91,3,2000,822.475,0,0,0,1,1,32,0.15,4,100,1,2763.91,4850.61,0
22.952,110,4,2000,1321.73,0,0,0,1,1,32,0.15,4,100,1,2770.69,5119.52,0
22.9525,111,3,2000,1010.78,0,0,0,1,1,32,0.15,4,100,1,2767.05,4864.57,0
22.953,112,3,2000,725.237,0,0,0,1,1,32,0.15,4,100,1,2776.34,4577.34,0
22.954,114,2,2000,450.513,0,0,0,1,0,0,0,4,100,1,2803.91,3952.14,0
22.962,130,4,2000,1342.68,0,0,0,1,1,32,0.15,4,100,1,2777.45,5349.72,0
22.9625,131,3,2000,985.193,0,0,0,1,1,32,0.15,4,100,1,2768.33,5137.66,0
22.9705,147,1,2000,95.8545,0,0,0,1,0,0,0,4,100,1,2935.9,587.22,0
22.971,148,2,2000,386.303,0,0,0,1,0,0,0,4,100,1,2872.19,1841.27,0
22.9715,149,3,2000,1057.06,0,0,0,1,1,32,0.15,4,100,1,2890.56,1494.97,0
22.9725,151,2,2000,383.198,0,0,0,1,0,64,0.05,4,100,1,2884.82,1626.74,0
22.973,152,2,2000,500.546,0,0,0,1,0,64,0.05,4,100,1,2882.74,1674.35,0
22.974,154,5,2000,1804.8,0,0,0,1,1,32,0.15,4,100,1,2878.24,1777.14,0
22.9745,155,4,2000,1458.5,0,0,0,1,1,96,0.2,4,100,1,2862.62,2129.79,0
22.975,156,4,2000,1504.73,0,0,0,1,1,96,0.2,4,100,1,2876.07,1826.17,0
22.976,158,5,2000,1637.88,0,0,0,1,1,96,0.2,4,100,1,2849.02,2459.93,0
22.9765,159,5,2000,1688.62,0,0,0,1,1,96,0.2,4,100,1,2847.27,2508.01,0
22.9755,157,5,2000,1590.27,0,0,0,1,1,96,0.2,4,100,1,2873.92,1874.73,0
22.977,160,5,2000,1740.66,0,0,0,1,1,96,0.2,4,100,1,2845.51,2555.97,0
22.978,162,5,2000,1789.69,0,0,0,1,1,32,0.15,4,100,1,2841.26,2659.59,0
22.998,202,13,2767.85,4235.61,0,0,0,0,0,0,0,4,100,0,0,0,0
22.9985,203,14,2749,4678.28,0,0,0,0,0,0,0,4,100,0,0,0,0
22.999,204,15,2745.32,5058.65,0,0,0,0,0,0,0,4,100,0,0,0,0
22.9995,205,17,2767.87,5485.82,0,0,0,0,0,0,0,4,100,0,0,0,0
23.003,12,6,2000,1963.37,0,0,0,1,0,0,0,4,100,1,2837.82,6411.29,0
23.0035,13,5,2000,1661.83,0,0,0,1,1,32,0.15,4,100,1,2819.97,6068.48,0
23.004,14,4,2000,1276.16,0,0,0,1,1,32,0.15,4,100,1,2804.41,5781.02,0
23.0045,15,3,2000,948.108,0,0,0,1,1,32,0.15,4,100,1,2782.05,5430.19,0
23.0055,17,3,2000,619.085,0,0,0,1,1,32,0.15,4,100,1,2770.21,4719.05,0
23.03,66,6,2000,1994.2,0,0,0,1,0,64,0.05,4,100,1,2910.71,1331.84,0
23.0305,67,6,2000,1943.13,0,0,0,1,0,64,0.05,4,100,1,2915.56,1207.85,0
23.031,68,5,2000,1790.13,0,0,0,1,1,96,0.2,4,100,1,2928.06,970.58,0
23.0315,69,5,2000,1764.74,0,0,0,1,1,96,0.2,4,100,1,2925.5,953.9,0
23.0325,71,4,2000,1253.45,0,0,0,1,1,96,0.2,4,100,1,2932.12,866.68,0
23.033,72,4,2000,1295.18,0,0,0,1,1,96,0.2,4,100,1,2964,464.5,0
23.032,70,4,2000,1135.01,0,0,0,1,1,96,0.2,4,100,1,2927.36,906.6,0
23.0335,73,4,2000,1171.18,0,0,0,1,1,96,0.2,4,100,1,2973.9,428.96,0
23.0345,75,3,2000,917.232,0,0,0,1,1,96,0.2,4,100,1,2837.29,6372.45,0
23.034,74,3,2000,933.913,0,0,0,1,1,96,0.2,4,100,1,2809.32,6719.35,0
23.0355,77,3,2000,830.008,0,0,0,1,1,96,0.2,4,100,1,2833.84,3298.01,0
23.035,76,3,2000,869.93,0,0,0,1,1,96,0.2,4,100,1,2817.69,3622.1,0
23.0365,79,2,2000,392.285,0,0,0,1,0,64,0.05,4,100,1,2863.34,2677.93,0
23.036,78,2,2000,427.827,0,0,0,1,0,64,0.05,4,100,1,2846.58,3002.01,0
23.0405,87,6,2000,2000,0,0,0,1,0,64,0.05,4,100,1,2958.65,563.73,0
23.041,88,5,2000,1733.7,0,0,0,1,1,96,0.2,4,100,1,2803.59,5706.55,0
23.0415,89,4,2000,1462.21,0,0,0,1,1,32,0.15,4,100,1,2785.52,5434.82,0
23.042,90,4,2000,1116.81,0,0,0,1,1,32,0.15,4,100,1,2772.84,5165.42,0
23.0425,91,3,2000,822.137,0,0,0,1,1,32,0.15,4,100,1,2763.91,4850.61,0
23.052,110,4,2000,1321.4,0,0,0,1,1,32,0.15,4,100,1,2770.69,5119.52,0
23.0525,111,3,2000,1010.45,0,0,0,1,1,32,0.15,4,100,1,2767.05,4864.57,0
23.053,112,3,2000,724.904,0,0,0,1,1,32,0.15,4,100,1,2776.34,4577.34,0
23.054,114,2,2000,450.181,0,0,0,1,0,0,0,4,100,1,2803.91,3952.14,0
23.062,130,4,2000,1342.36,0,0,0,1,1,32,0.15,4,100,1,2777.45,5349.72,0
23.0625,131,3,2000,984.866,0,0,0,1,0,0,0,4,100,1,2768.33,5137.66,0
23.0705,147,1,2000,95.5322,0,0,0,1,0,0,0,4,100,1,2935.9,587.22,0
23.071,148,2,2000,385.981,0,0,0,1,0,0,0,4,100,1,2872.19,1841.27,0
23.0715,149,3,2000,1056.74,0,0,0,1,0,0,0,4,100,1,2890.56,1494.97,0
23.0725,151,2,2000,382.876,0,0,0,1,0,64,0.05,4,100,1,2884.82,1626.74,0
23.073,152,2,2000,500.225,0,0,0,1,0,64,0.05,4,100,1,2882.74,1674.35,0
23.074,154,5,2000,1804.48,0,0,0,1,1,32,0.15,4,100,1,2878.24,1777.14,0
23.0745,155,4,2000,1458.18,0,0,0,1,1,96,0.2,4,100,1,2862.62,2129.79,0
23.075,156,4,2000,1504.41,0,0,0,1,1,96,0.2,4,100,1,2876.07,1826.17,0
23.076,158,5,2000,1637.56,0,0,0,1,1,96,0.2,4,100,1,2849.02,2459.93,0
23.0765,159,5,2000,1688.3,0,0,0,1,1,96,0.2,4,100,1,2847.27,2508.01,0
23.0755,157,5,2000,1589.95,0,0,0,1,1,96,0.2,4,100,1,2873.92,1874.73,0
23.077,160,5,2000,1740.34,0,0,0,1,1,96,0.2,4,100,1,2845.51,2555.97,0
23.078,162,5,2000,1789.37,0,0,0,1,0,0,0,4,100,1,2841.26,2659.59,0
23.098,202,13,2767.85,4235.61,0,0,0,0,0,0,0,4,100,0,0,0,0
23.0985,203,14,2749,4678.28,0,0,0,0,0,0,0,4,100,0,0,0,0
23.099,204,15,2745.32,5058.65,0,0,0,0,0,0,0,4,100,0,0,0,0
23.0995,205,17,2767.87,5485.82,0,0,0,0,0,0,0,4,100,0,0,0,0
23.103,12,6,2000,1963.07,0,0,0,1,0,0,0,4,100,1,2837.82,6411.29,0
23.1035,13,5,2000,1661.53,0,0,0,1,0,0,0,4,100,1,2819.97,6068.48,0
23.104,14,4,2000,1275.86,0,0,0,1,1,32,0.15,4,100,1,2804.41,5781.02,0
23.1045,15,3,2000,947.806,0,0,0,1,0,0,0,4,100,1,2782.05,5430.19,0
23.1055,17,3,2000,618.783,0,0,0,1,0,0,0,4,100,1,2770.21,4719.05,0
23.13,66,6,2000,1993.91,0,0,0,1,0,64,0.05,4,100,1,2910.71,1331.84,0
23.1305,67,6,2000,1942.85,0,0,0,1,0,64,0.05,4,100,1,2915.56,1207.85,0
23.131,68,5,2000,1789.85,0,0,0,1,0,64,0.05,4,100,1,2928.06,970.58,0
23.132,70,4,2000,1134.72,0,0,0,1,1,96,0.2,4,100,1,2927.36,906.6,0
23.1325,71,4,2000,1253.16,0,0,0,1,1,96,0.2,4,100,1,2932.12,866.68,0
23.133,72,4,2000,1294.89,0,0,0,1,1,96,0.2,4,100,1,2964,464.5,0
23.1335,73,4,2000,1170.9,0,0,0,1,1,96,0.2,4,100,1,2973.9,428.96,0
23.1345,75,3,2000,916.947,0,0,0,1,0,64,0.05,4,100,1,2837.29,6372.45,0
23.135,76,3,2000,869.646,0,0,0,1,0,64,0.05,4,100,1,2817.69,3622.1,0
23.134,74,3,2000,933.628,0,0,0,1,0,64,0.05,4,100,1,2809.32,6719.35,0
23.1315,69,5,2000,1764.45,0,0,0,1,0,64,0.05,4,100,1,2925.5,953.9,0
23.136,78,2,2000,427.543,0,0,0,1,0,64,0.05,4,100,1,2846.58,3002.01,0
23.1355,77,3,2000,829.724,0,0,0,1,0,64,0.05,4,100,1,2833.84,3298.01,0
23.1365,79,2,2000,392.002,0,0,0,1,0,64,0.05,4,100,1,2863.34,2677.93,0
23.1405,87,6,2000,2000,0,0,0,1,0,64,0.05,4,100,1,2958.65,563.73,0
23.141,88,5,2000,1733.42,0,0,0,1,0,64,0.05,4,100,1,2803.59,5706.55,0
23.1415,89,4,2000,1461.93,0,0,0,1,1,32,0.15,4,100,1,2785.52,5434.82,0
23.142,90,4,2000,1116.53,0,0,0,1,0,0,0,4,100,1,2772.84,5165.42,0
23.1425,91,3,2000,821.857,0,0,0,1,1,32,0.15,4,100,1,2763.91,4850.61,0
23.152,110,4,2000,1321.12,0,0,0,1,0,0,0,4,100,1,2770.69,5119.52,0
23.1525,111,3,2000,1010.17,0,0,0,1,1,32,0.15,4,100,1,2767.05,4864.57,0
23.153,112,3,2000,724.631,0,0,0,1,1,32,0.15,4,100,1,2776.34,4577.34,0
23.154,114,2,2000,449.908,0,0,0,1,0,0,0,4,100,1,2803.91,3952.14,0
23.162,130,4,2000,1342.09,0,0,0,1,0,0,0,4,100,1,2777.45,5349.72,0
23.1625,131,3,2000,984.598,0,0,0,1,1,32,0.15,4,100,1,2768.33,5137.66,0
23.1705,147,1,2000,95.2687,0,0,0,1,0,0,0,4,100,1,2935.9,587.22,0
23.171,148,2,2000,385.718,0,0,0,1,0,0,0,4,100,1,2872.19,1841.27,0
23.1715,149,3,2000,1056.48,0,0,0,1,1,32,0.15,4,100,1,2890.56,1494.97,0
23.1725,151,2,2000,382.614,0,0,0,1,0,64,0.05,4,100,1,2884.82,1626.74,0
23.173,152,2,2000,499.963,0,0,0,1,0,64,0.05,4,100,1,2882.74,1674.35,0
23.174,154,5,2000,1804.22,0,0,0,1,0,0,0,4,100,1,2878.24,1777.14,0
23.1745,155,4,2000,1457.92,0,0,0,1,0,64,0.05,4,100,1,2862.62,2129.79,0
23.175,156,4,2000,1504.15,0,0,0,1,0,64,0.05,4,100,1,2876.07,1826.17,0
23.1755,157,5,2000,1589.69,0,0,0,1,0,64,0.05,4,100,1,2873.92,1874.73,0
23.176,158,5,2000,1637.3,0,0,0,1,0,64,0.05,4,100,1,2849.02,2459.93,0
23.1765,159,5,2000,1688.04,0,0,0,1,1,96,0.2,4,100,1,2847.27,2508.01,0
23.177,160,5,2000,1740.08,0,0,0,1,1,96,0.2,4,100,1,2845.51,2555.97,0
23.178,162,5,2000,1789.11,0,0,0,1,1,32,0.15,4,100,1,2841.26,2659.59,0
23.198,202,13,2767.85,4235.61,0,0,0,0,0,0,0,4,100,0,0,0,0
23.1985,203,14,2749,4678.28,0,0,0,0,0,0,0,4,100,0,0,0,0
23.199,204,15,2745.32,5058.65,0,0,0,0,0,0,0,4,100,0,0,0,0
23.1995,205,17,2767.87,5485.82,0,0,0,0,0,0,0,4,100,0,0,0,0
23.203,12,6,2000,1962.83,0,0,0,1,0,0,0,4,100,1,2837.82,6411.29,0
23.2035,13,5,2000,1661.28,0,0,0,1,1,32,0.15,4,100,1,2819.97,6068.48,0
23.204,14,4,2000,1275.61,0,0,0,1,0,0,0,4,100,1,2804.41,5781.02,0
23.2045,15,3,2000,947.563,0,0,0,1,1,32,0.15,4,100,1,2782.05,5430.19,0
23.2055,17,3,2000,618.541,0,0,0,1,1,32,0.15,4,100,1,2770.21,4719.05,0
23.23,66,6,2000,1993.68,0,0,0,1,0,64,0.05,4,100,1,2910.71,1331.84,0
23.2305,67,6,2000,1942.62,0,0,0,1,0,64,0.05,4,100,1,2915.56,1207.85,0
23.231,68,5,2000,1789.62,0,0,0,1,1,96,0.2,4,100,1,2928.06,970.58,0
23.232,70,4,2000,1134.5,0,0,0,1,0,64,0.05,4,100,1,2927.36,906.6,0
23.2325,71,4,2000,1252.94,0,0,0,1,0,64,0.05,4,100,1,2932.12,866.68,0
23.2315,69,5,2000,1764.23,0,0,0,1,1,96,0.2,4,100,1,2925.5,953.9,0
23.2335,73,4,2000,1170.67,0,0,0,1,1,96,0.2,4,100,1,2973.9,428.96,0
23.234,74,3,2000,933.402,0,0,0,1,1,96,0.2,4,100,1,2809.32,6719.35,0
23.2345,75,3,2000,916.721,0,0,0,1,1,96,0.2,4,100,1,2837.29,6372.45,0
23.233,72,4,2000,1294.66,0,0,0,1,1,96,0.2,4,100,1,2964,464.5,0
23.236,78,2,2000,427.318,0,0,0,1,0,64,0.05,4,100,1,2846.58,3002.01,0
23.235,76,3,2000,869.42,0,0,0,1,1,96,0.2,4,100,1,2817.69,3622.1,0
23.2355,77,3,2000,829.499,0,0,0,1,1,96,0.2,4,100,1,2833.84,3298.01,0
23.2365,79,2,2000,391.777,0,0,0,1,0,64,0.05,4,100,1,2863.34,2677.93,0
23.2405,87,6,2000,2000,0,0,0,1,0,64,0.05,4,100,1,2958.65,563.73,0
23.241,88,5,2000,1733.2,0,0,0,1,1,96,0.2,4,100,1,2803.59,5706.55,0
23.2415,89,4,2000,1461.71,0,0,0,1,1,32,0.15,4,100,1,2785.52,5434.82,0
23.242,90,4,2000,1116.31,0,0,0,1,1,32,0.15,4,100,1,2772.84,5165.42,0
23.2425,91,3,2000,821.636,0,0,0,1,1,32,0.15,4,100,1,2763.91,4850.61,0
23.252,110,4,2000,1320.91,0,0,0,1,1,32,0.15,4,100,1,2770.69,5119.52,0
23.2525,111,3,2000,1009.96,0,0,0,1,1,32,0.15,4,100,1,2767.05,4864.57,0
23.253,112,3,2000,724.416,0,0,0,1,1,32,0.15,4,100,1,2776.34,4577.34,0
23.254,114,2,2000,449.694,0,0,0,1,0,0,0,4,100,1,2803.91,3952.14,0
23.262,130,4,2000,1341.88,0,0,0,1,1,32,0.15,4,100,1,2777.45,5349.72,0
23.2625,131,3,2000,984.389,0,0,0,1,1,32,0.15,4,100,1,2768.33,5137.66,0
23.2705,147,1,2000,95.0645,0,0,0,1,0,0,0,4,100,1,2935.9,587.22,0
23.271,148,2,2000,385.514,0,0,0,1,0,0,0,4,100,1,2872.19,1841.27,0
23.2715,149,3,2000,1056.27,0,0,0,1,1,32,0.15,4,100,1,2890.56,1494.97,0
23.2725,151,2,2000,382.411,0,0,0,1,0,64,0.05,4,100,1,2884.82,1626.74,0
23.273,152,2,2000,499.76,0,0,0,1,0,64,0.05,4,100,1,2882.74,1674.35,0
23.274,154,5,2000,1804.02,0,0,0,1,1,32,0.15,4,100,1,2878.24,1777.14,0
23.2745,155,4,2000,1457.72,0,0,0,1,1,96,0.2,4,100,1,2862.62,2129.79,0
23.275,156,4,2000,1503.95,0,0,0,1,1,96,0.2,4,100,1,2876.07,1826.17,0
23.2755,157,5,2000,1589.49,0,0,0,1,1,96,0.2,4,100,1,2873.92,1874.73,0
23.276,158,5,2000,1637.1,0,0,0,1,1,96,0.2,4,100,1,2849.02,2459.93,0
23.2765,159,5,2000,1687.84,0,0,0,1,1,96,0.2,4,100,1,2847.27,2508.01,0
23.277,160,5,2000,1739.88,0,0,0,1,1,96,0.2,4,100,1,2845.51,2555.97,0
23.278,162,5,2000,1788.91,0,0,0,1,1,32,0.15,4,100,1,2841.26,2659.59,0
23.298,202,13,2767.85,4235.61,0,0,0,0,0,0,0,4,100,0,0,0,0
23.2985,203,14,2749,4678.28,0,0,0,0,0,0,0,4,100,0,0,0,0
23.299,204,15,2745.32,5058.65,0,0,0,0,0,0,0,4,100,0,0,0,0
23.2995,205,17,2767.87,5485.82,0,0,0,0,0,0,0,4,100,0,0,0,0
23.303,12,6,2000,1962.64,0,0,0,1,0,0,0,4,100,1,2837.82,6411.29,0
23.3035,13,5,2000,1661.1,0,0,0,1,1,32,0.15,4,100,1,2819.97,6068.48,0
23.304,14,4,2000,1275.43,0,0,0,1,1,32,0.15,4,100,1,2804.41,5781.02,0
23.3045,15,3,2000,947.379,0,0,0,1,1,32,0.15,4,100,1,2782.05,5430.19,0
23.3055,17,3,2000,618.357,0,0,0,1,1,32,0.15,4,100,1,2770.21,4719.05,0
23.33,66,6,2000,1993.51,0,0,0,1,0,64,0.05,4,100,1,2910.71,1331.84,0
23.3305,67,6,2000,1942.45,0,0,0,1,0,64,0.05,4,100,1,2915.56,1207.85,0
23.331,68,5,2000,1789.45,0,0,0,1,1,96,0.2,4,100,1,2928.06,970.58,0
23.3315,69,5,2000,1764.06,0,0,0,1,1,96,0.2,4,100,1,2925.5,953.9,0
23.3325,71,4,2000,1252.77,0,0,0,1,1,96,0.2,4,100,1,2932.12,866.68,0
23.333,72,4,2000,1294.5,0,0,0,1,1,96,0.2,4,100,1,2964,464.5,0
23.332,70,4,2000,1134.33,0,0,0,1,1,96,0.2,4,100,1,2927.36,906.6,0
23.3335,73,4,2000,1170.51,0,0,0,1,1,96,0.2,4,100,1,2973.9,428.96,0
23.3345,75,3,2000,916.555,0,0,0,1,1,96,0.2,4,100,1,2837.29,6372.45,0
23.334,74,3,2000,933.236,0,0,0,1,1,96,0.2,4,100,1,2809.32,6719.35,0
23.3365,79,2,2000,391.612,0,0,0,1,0,64,0.05,4,100,1,2863.34,2677.93,0
23.336,78,2,2000,427.153,0,0,0,1,0,64,0.05,4,100,1,2846.58,3002.01,0
23.3355,77,3,2000,829.334,0,0,0,1,1,96,0.2,4,100,1,2833.84,3298.01,0
23.335,76,3,2000,869.254,0,0,0,1,1,96,0.2,4,100,1,2817.69,3622.1,0
23.3405,87,6,2000,2000,0,0,0,1,0,64,0.05,4,100,1,2958.65,563.73,0
23.341,88,5,2000,1733.04,0,0,0,1,1,96,0.2,4,100,1,2803.59,5706.55,0
23.3415,89,4,2000,1461.55,0,0,0,1,1,32,0.15,4,100,1,2785.52,5434.82,0
23.342,90,4,2000,1116.15,0,0,0,1,1,32,0.15,4,100,1,2772.84,5165.42,0
23.3425,91,3,2000,821.474,0,0,0,1,1,32,0.15,4,100,1,2763.91,4850.61,0
23.352,110,4,2000,1320.75,0,0,0,1,1,32,0.15,4,100,1,2770.69,5119.52,0
23.3525,111,3,2000,1009.8,0,0,0,1,1,32,0.15,4,100,1,2767.05,4864.57,0
23.353,112,3,2000,724.261,0,0,0,1,1,32,0.15,4,100,1,2776.34,4577.34,0
23.354,114,2,2000,449.54,0,0,0,1,0,0,0,4,100,1,2803.91,3952.14,0
23.362,130,4,2000,1341.73,0,0,0,1,1,32,0.15,4,100,1,2777.45,5349.72,0
23.3625,131,3,2000,984.239,0,0,0,1,1,32,0.15,4,100,1,2768.33,5137.66,0
23.3705,147,1,2000,94.9199,0,0,0,1,0,0,0,4,100,1,2935.9,587.22,0
23.371,148,2,2000,385.369,0,0,0,1,0,0,0,4,100,1,2872.19,1841.27,0
23.3715,149,3,2000,1056.13,0,0,0,1,1,32,0.15,4,100,1,2890.56,1494.97,0
23.3725,151,2,2000,382.268,0,0,0,1,0,64,0.05,4,100,1,2884.82,1626.74,0
23.373,152,2,2000,499.617,0,0,0,1,0,64,0.05,4,100,1,2882.74,1674.35,0
23.374,154,5,2000,1803.88,0,0,0,1,1,32,0.15,4,100,1,2878.24,1777.14,0
23.3745,155,4,2000,1457.58,0,0,0,1,1,96,0.2,4,100,1,2862.62,2129.79,0
23.3755,157,5,2000,1589.34,0,0,0,1,1,96,0.2,4,100,1,2873.92,1874.73,0
23.376,158,5,2000,1636.95,0,0,0,1,1,96,0.2,4,100,1,2849.02,2459.93,0
23.3765,159,5,2000,1687.7,0,0,0,1,1,96,0.2,4,100,1,2847.27,2508.01,0
23.377,160,5,2000,1739.74,0,0,0,1,1,96,0.2,4,100,1,2845.51,2555.97,0
23.378,162,5,2000,1788.77,0,0,0,1,1,32,0.15,4,100,1,2841.26,2659.59,0
23.375,156,4,2000,1503.8,0,0,0,1,1,96,0.2,4,100,1,2876.07,1826.17,0
23.398,202,13,2767.85,4235.61,0,0,0,0,0,0,0,4,100,0,0,0,0
23.3985,203,14,2749,4678.28,0,0,0,0,0,0,0,4,100,0,0,0,0
23.399,204,15,2745.32,5058.65,0,0,0,0,0,0,0,4,100,0,0,0,0
23.3995,205,17,2767.87,5485.82,0,0,0,0,0,0,0,4,100,0,0,0,0
23.403,12,6,2000,1962.52,0,0,0,1,0,0,0,4,100,1,2837.82,6411.29,0
23.4035,13,5,2000,1660.98,0,0,0,1,1,32,0.15,4,100,1,2819.97,6068.48,0
23.404,14,4,2000,1275.3,0,0,0,1,1,32,0.15,4,100,1,2804.41,5781.02,0
23.4045,15,3,2000,947.254,0,0,0,1,1,32,0.15,4,100,1,2782.05,5430.19,0
23.4055,17,3,2000,618.233,0,0,0,1,1,32,0.15,4,100,1,2770.21,4719.05,0
23.43,66,6,2000,1993.4,0,0,0,1,0,64,0.05,4,100,1,2910.71,1331.84,0
23.4305,67,6,2000,1942.34,0,0,0,1,0,64,0.05,4,100,1,2915.56,1207.85,0
23.431,68,5,2000,1789.34,0,0,0,1,1,96,0.2,4,100,1,2928.06,970.58,0
23.432,70,4,2000,1134.22,0,0,0,1,1,96,0.2,4,100,1,2927.36,906.6,0
23.4325,71,4,2000,1252.66,0,0,0,1,1,96,0.2,4,100,1,2932.12,866.68,0
23.433,72,4,2000,1294.39,0,0,0,1,1,96,0.2,4,100,1,2964,464.5,0
23.4315,69,5,2000,1763.95,0,0,0,1,1,96,0.2,4,100,1,2925.5,953.9,0
23.434,74,3,2000,933.129,0,0,0,1,1,96,0.2,4,100,1,2809.32,6719.35,0
23.4335,73,4,2000,1170.4,0,0,0,1,1,96,0.2,4,100,1,2973.9,428.96,0
23.435,76,3,2000,869.148,0,0,0,1,1,96,0.2,4,100,1,2817.69,3622.1,0
23.4345,75,3,2000,916.449,0,0,0,1,1,96,0.2,4,100,1,2837.29,6372.45,0
23.4365,79,2,2000,391.507,0,0,0,1,0,64,0.05,4,100,1,2863.34,2677.93,0
23.4355,77,3,2000,829.228,0,0,0,1,1,96,0.2,4,100,1,2833.84,3298.01,0
23.436,78,2,2000,427.048,0,0,0,1,0,64,0.05,4,100,1,2846.58,3002.01,0
23.4405,87,6,2000,2000,0,0,0,1,0,64,0.05,4,100,1,2958.65,563.73,0
23.441,88,5,2000,1732.93,0,0,0,1,1,96,0.2,4,100,1,2803.59,5706.55,0
23.4415,89,4,2000,1461.44,0,0,0,1,1,32,0.15,4,100,1,2785.52,5434.82,0
23.442,90,4,2000,1116.04,0,0,0,1,1,32,0.15,4,100,1,2772.84,5165.42,0
23.4425,91,3,2000,821.373,0,0,0,1,1,32,0.15,4,100,1,2763.91,4850.61,0
23.452,110,4,2000,1320.66,0,0,0,1,1,32,0.15,4,100,1,2770.69,5119.52,0
23.4525,111,3,2000,1009.71,0,0,0,1,1,32,0.15,4,100,1,2767.05,4864.57,0
23.453,112,3,2000,724.166,0,0,0,1,1,32,0.15,4,100,1,2776.34,4577.34,0
23.454,114,2,2000,449.445,0,0,0,1,0,0,0,4,100,1,2803.91,3952.14,0
23.462,130,4,2000,1341.64,0,0,0,1,1,32,0.15,4,100,1,2777.45,5349.72,0
23.4625,131,3,2000,984.15,0,0,0,1,1,32,0.15,4,100,1,2768.33,5137.66,0
23.4705,147,1,2000,94.8351,0,0,0,1,0,0,0,4,100,1,2935.9,587.22,0
23.471,148,2,2000,385.285,0,0,0,1,0,0,0,4,100,1,2872.19,1841.27,0
23.4715,149,3,2000,1056.04,0,0,0,1,1,32,0.15,4,100,1,2890.56,1494.97,0
23.4725,151,2,2000,382.184,0,0,0,1,0,64,0.05,4,100,1,2884.82,1626.74,0
23.473,152,2,2000,499.534,0,0,0,1,0,64,0.05,4,100,1,2882.74,1674.35,0
23.474,154,5,2000,1803.79,0,0,0,1,1,32,0.15,4,100,1,2878.24,1777.14,0
23.4745,155,4,2000,1457.49,0,0,0,1,1,96,0.2,4,100,1,2862.62,2129.79,0
23.475,156,4,2000,1503.72,0,0,0,1,1,96,0.2,4,100,1,2876.07,1826.17,0
23.476,158,5,2000,1636.87,0,0,0,1,1,96,0.2,4,100,1,2849.02,2459.93,0
23.4765,159,5,2000,1687.62,0,0,0,1,1,96,0.2,4,100,1,2847.27,2508.01,0
23.4755,157,5,2000,1589.26,0,0,0,1,1,96,0.2,4,100,1,2873.92,1874.73,0
23.477,160,5,2000,1739.66,0,0,0,1,1,96,0.2,4,100,1,2845.51,2555.97,0
23.478,162,5,2000,1788.69,0,0,0,1,1,32,0.15,4,100,1,2841.26,2659.59,0
23.498,202,13,2767.85,4235.61,0,0,0,0,0,0,0,4,100,0,0,0,0
23.4985,203,14,2749,4678.28,0,0,0,0,0,0,0,4,100,0,0,0,0
23.499,204,15,2745.32,5058.65,0,0,0,0,0,0,0,4,100,0,0,0,0
23.4995,205,17,2767.87,5485.82,0,0,0,0,0,0,0,4,100,0,0,0,0
23.503,12,6,2000,1962.45,0,0,0,1,0,0,0,4,100,1,2837.82,6411.29,0
23.5035,13,5,2000,1660.91,0,0,0,1,1,32,0.15,4,100,1,2819.97,6068.48,0
23.504,14,4,2000,1275.24,0,0,0,1,1,32,0.15,4,100,1,2804.41,5781.02,0
23.5045,15,3,2000,947.19,0,0,0,1,1,32,0.15,4,100,1,2782.05,5430.19,0
23.5055,17,3,2000,618.17,0,0,0,1,1,32,0.15,4,100,1,2770.21,4719.05,0
23.53,66,6,2000,1993.35,0,0,0,1,0,64,0.05,4,100,1,2910.71,1331.84,0
23.5305,67,6,2000,1942.29,0,0,0,1,0,64,0.05,4,100,1,2915.56,1207.85,0
23.531,68,5,2000,1789.29,0,0,0,1,1,96,0.2,4,100,1,2928.06,970.58,0
23.5315,69,5,2000,1763.9,0,0,0,1,1,96,0.2,4,100,1,2925.5,953.9,0
23.532,70,4,2000,1134.17,0,0,0,1,1,96,0.2,4,100,1,2927.36,906.6,0
23.533,72,4,2000,1294.34,0,0,0,1,1,96,0.2,4,100,1,2964,464.5,0
23.5335,73,4,2000,1170.35,0,0,0,1,1,96,0.2,4,100,1,2973.9,428.96,0
23.5345,75,3,2000,916.402,0,0,0,1,1,96,0.2,4,100,1,2837.29,6372.45,0
23.5325,71,4,2000,1252.61,0,0,0,1,1,96,0.2,4,100,1,2932.12,866.68,0
23.5355,77,3,2000,829.182,0,0,0,1,1,96,0.2,4,100,1,2833.84,3298.01,0
23.536,78,2,2000,427.002,0,0,0,1,0,64,0.05,4,100,1,2846.58,3002.01,0
23.5365,79,2,2000,391.462,0,0,0,1,0,64,0.05,4,100,1,2863.34,2677.93,0
23.535,76,3,2000,869.102,0,0,0,1,1,96,0.2,4,100,1,2817.69,3622.1,0
23.534,74,3,2000,933.082,0,0,0,1,1,96,0.2,4,100,1,2809.32,6719.35,0
23.5405,87,6,2000,2000,0,0,0,1,0,64,0.05,4,100,1,2958.65,563.73,0
23.541,88,5,2000,1732.89,0,0,0,1,1,96,0.2,4,100,1,2803.59,5706.55,0
23.5415,89,4,2000,1461.4,0,0,0,1,1,32,0.15,4,100,1,2785.52,5434.82,0
23.542,90,4,2000,1116,0,0,0,1,1,32,0.15,4,100,1,2772.84,5165.42,0
23.5425,91,3,2000,821.331,0,0,0,1,1,32,0.15,4,100,1,2763.91,4850.61,0
23.552,110,4,2000,1320.62,0,0,0,1,1,32,0.15,4,100,1,2770.69,5119.52,0
23.5525,111,3,2000,1009.67,0,0,0,1,1,32,0.15,4,100,1,2767.05,4864.57,0
23.553,112,3,2000,724.13,0,0,0,1,1,32,0.15,4,100,1,2776.34,4577.34,0
23.554,114,2,2000,449.41,0,0,0,1,0,0,0,4,100,1,2803.91,3952.14,0
23.562,130,4,2000,1341.61,0,0,0,1,1,32,0.15,4,100,1,2777.45,5349.72,0
23.5625,131,3,2000,984.12,0,0,0,1,1,32,0.15,4,100,1,2768.33,5137.66,0
23.5705,147,1,2000,94.8102,0,0,0,1,0,0,0,4,100,1,2935.9,587.22,0
23.571,148,2,2000,385.26,0,0,0,1,0,0,0,4,100,1,2872.19,1841.27,0
23.5715,149,3,2000,1056.02,0,0,0,1,1,32,0.15,4,100,1,2890.56,1494.97,0
23.5725,151,2,2000,382.16,0,0,0,1,0,64,0.05,4,100,1,2884.82,1626.74,0
23.573,152,2,2000,499.51,0,0,0,1,0,64,0.05,4,100,1,2882.74,1674.35,0
23.574,154,5,2000,1803.77,0,0,0,1,1,32,0.15,4,100,1,2878.24,1777.14,0
23.5745,155,4,2000,1457.47,0,0,0,1,1,96,0.2,4,100,1,2862.62,2129.79,0
23.575,156,4,2000,1503.7,0,0,0,1,1,96,0.2,4,100,1,2876.07,1826.17,0
23.5755,157,5,2000,1589.24,0,0,0,1,1,96,0.2,4,100,1,2873.92,1874.73,0
23.5765,159,5,2000,1687.6,0,0,0,1,1,96,0.2,4,100,1,2847.27,2508.01,0
23.577,160,5,2000,1739.64,0,0,0,1,1,96,0.2,4,100,1,2845.51,2555.97,0
23.576,158,5,2000,1636.85,0,0,0,1,1,96,0.2,4,100,1,2849.02,2459.93,0
23.578,162,5,2000,1788.67,0,0,0,1,1,32,0.15,4,100,1,2841.26,2659.59,0
23.598,202,13,2767.85,4235.61,0,0,0,0,0,0,0,4,100,0,0,0,0
23.5985,203,14,2749,4678.28,0,0,0,0,0,0,0,4,100,0,0,0,0
23.599,204,15,2745.32,5058.65,0,0,0,0,0,0,0,4,100,0,0,0,0
23.5995,205,17,2767.87,5485.82,0,0,0,0,0,0,0,4,100,0,0,0,0
23.603,12,6,2000,1962.45,0,0,0,1,0,0,0,4,100,1,2837.82,6411.29,0
23.6035,13,5,2000,1660.91,0,0,0,1,1,32,0.15,4,100,1,2819.97,6068.48,0
23.604,14,4,2000,1275.24,0,0,0,1,1,32,0.15,4,100,1,2804.41,5781.02,0
23.6045,15,3,2000,947.185,0,0,0,1,1,32,0.15,4,100,1,2782.05,5430.19,0
23.6055,17,3,2000,618.166,0,0,0,1,1,32,0.15,4,100,1,2770.21,4719.05,0
23.63,66,6,2000,1993.36,0,0,0,1,0,64,0.05,4,100,1,2910.71,1331.84,0
23.6305,67,6,2000,1942.3,0,0,0,1,0,64,0.05,4,100,1,2915.56,1207.85,0
23.631,68,5,2000,1789.3,0,0,0,1,1,96,0.2,4,100,1,2928.06,970.58,0
23.6315,69,5,2000,1763.91,0,0,0,1,1,96,0.2,4,100,1,2925.5,953.9,0
23.632,70,4,2000,1134.18,0,0,0,1,1,96,0.2,4,100,1,2927.36,906.6,0
23.6325,71,4,2000,1252.62,0,0,0,1,1,96,0.2,4,100,1,2932.12,866.68,0
23.6335,73,4,2000,1170.37,0,0,0,1,1,96,0.2,4,100,1,2973.9,428.96,0
23.633,72,4,2000,1294.36,0,0,0,1,1,96,0.2,4,100,1,2964,464.5,0
23.634,74,3,2000,933.096,0,0,0,1,1,96,0.2,4,100,1,2809.32,6719.35,0
23.635,76,3,2000,869.116,0,0,0,1,1,96,0.2,4,100,1,2817.69,3622.1,0
23.6345,75,3,2000,916.416,0,0,0,1,1,96,0.2,4,100,1,2837.29,6372.45,0
23.6365,79,2,2000,391.477,0,0,0,1,0,64,0.05,4,100,1,2863.34,2677.93,0
23.636,78,2,2000,427.016,0,0,0,1,0,64,0.05,4,100,1,2846.58,3002.01,0
23.6355,77,3,2000,829.196,0,0,0,1,1,96,0.2,4,100,1,2833.84,3298.01,0
23.6405,87,6,2000,2000,0,0,0,1,0,64,0.05,4,100,1,2958.65,563.73,0
23.641,88,5,2000,1732.91,0,0,0,1,1,96,0.2,4,100,1,2803.59,5706.55,0
23.6415,89,4,2000,1461.42,0,0,0,1,1,32,0.15,4,100,1,2785.52,5434.82,0
23.642,90,4,2000,1116.02,0,0,0,1,1,32,0.15,4,100,1,2772.84,5165.42,0
23.6425,91,3,2000,821.349,0,0,0,1,1,32,0.15,4,100,1,2763.91,4850.61,0
23.652,110,4,2000,1320.64,0,0,0,1,1,32,0.15,4,100,1,2770.69,5119.52,0
23.6525,111,3,2000,1009.69,0,0,0,1,1,32,0.15,4,100,1,2767.05,4864.57,0
23.653,112,3,2000,724.155,0,0,0,1,1,32,0.15,4,100,1,2776.34,4577.34,0
23.654,114,2,2000,449.435,0,0,0,1,0,0,0,4,100,1,2803.91,3952.14,0
23.662,130,4,2000,1341.64,0,0,0,1,1,32,0.15,4,100,1,2777.45,5349.72,0
23.6625,131,3,2000,984.15,0,0,0,1,1,32,0.15,4,100,1,2768.33,5137.66,0
23.6705,147,1,2000,94.8453,0,0,0,1,0,0,0,4,100,1,2935.9,587.22,0
23.671,148,2,2000,385.296,0,0,0,1,0,0,0,4,100,1,2872.19,1841.27,0
23.6715,149,3,2000,1056.06,0,0,0,1,1,32,0.15,4,100,1,2890.56,1494.97,0
23.6725,151,2,2000,382.197,0,0,0,1,0,64,0.05,4,100,1,2884.82,1626.74,0
23.673,152,2,2000,499.547,0,0,0,1,0,64,0.05,4,100,1,2882.74,1674.35,0
23.674,154,5,2000,1803.81,0,0,0,1,1,32,0.15,4,100,1,2878.24,1777.14,0
23.6745,155,4,2000,1457.51,0,0,0,1,1,96,0.2,4,100,1,2862.62,2129.79,0
23.675,156,4,2000,1503.74,0,0,0,1,1,96,0.2,4,100,1,2876.07,1826.17,0
23.6755,157,5,2000,1589.28,0,0,0,1,1,96,0.2,4,100,1,2873.92,1874.73,0
23.676,158,5,2000,1636.89,0,0,0,1,1,96,0.2,4,100,1,2849.02,2459.93,0
23.6765,159,5,2000,1687.64,0,0,0,1,1,96,0.2,4,100,1,2847.27,2508.01,0
23.677,160,5,2000,1739.68,0,0,0,1,1,96,0.2,4,100,1,2845.51,2555.97,0
23.678,162,5,2000,1788.71,0,0,0,1,1,32,0.15,4,100,1,2841.26,2659.59,0
23.698,202,13,2767.85,4235.61,0,0,0,0,0,0,0,4,100,0,0,0,0
23.6985,203,14,2749,4678.28,0,0,0,0,0,0,0,4,100,0,0,0,0
23.699,204,15,2745.32,5058.65,0,0,0,0,0,0,0,4,100,0,0,0,0
23.6995,205,17,2767.87,5485.82,0,0,0,0,0,0,0,4,100,0,0,0,0
23.703,12,6,2000,1962.5,0,0,0,1,0,0,0,4,100,1,2837.82,6411.29,0
23.7035,13,5,2000,1660.96,0,0,0,1,1,32,0.15,4,100,1,2819.97,6068.48,0
23.704,14,4,2000,1275.29,0,0,0,1,1,32,0.15,4,100,1,2804.41,5781.02,0
23.7045,15,3,2000,947.241,0,0,0,1,1,32,0.15,4,100,1,2782.05,5430.19,0
23.7055,17,3,2000,618.222,0,0,0,1,1,32,0.15,4,100,1,2770.21,4719.05,0
23.73,66,6,2000,1993.43,0,0,0,1,0,64,0.05,4,100,1,2910.71,1331.84,0
23.7305,67,6,2000,1942.38,0,0,0,1,0,64,0.05,4,100,1,2915.56,1207.85,0
23.731,68,5,2000,1789.38,0,0,0,1,1,96,0.2,4,100,1,2928.06,970.58,0
23.7315,69,5,2000,1763.99,0,0,0,1,1,96,0.2,4,100,1,2925.5,953.9,0
23.732,70,4,2000,1134.26,0,0,0,1,1,96,0.2,4,100,1,2927.36,906.6,0
23.733,72,4,2000,1294.43,0,0,0,1,1,96,0.2,4,100,1,2964,464.5,0
23.7335,73,4,2000,1170.44,0,0,0,1,1,96,0.2,4,100,1,2973.9,428.96,0
23.7325,71,4,2000,1252.7,0,0,0,1,1,96,0.2,4,100,1,2932.12,866.68,0
23.734,74,3,2000,933.169,0,0,0,1,1,96,0.2,4,100,1,2809.32,6719.35,0
23.735,76,3,2000,869.19,0,0,0,1,1,96,0.2,4,100,1,2817.69,3622.1,0
23.7355,77,3,2000,829.27,0,0,0,1,1,96,0.2,4,100,1,2833.84,3298.01,0
23.7345,75,3,2000,916.489,0,0,0,1,1,96,0.2,4,100,1,2837.29,6372.45,0
23.736,78,2,2000,427.091,0,0,0,1,0,64,0.05,4,100,1,2846.58,3002.01,0
23.7365,79,2,2000,391.551,0,0,0,1,0,64,0.05,4,100,1,2863.34,2677.93,0
23.7405,87,6,2000,2000,0,0,0,1,0,64,0.05,4,100,1,2958.65,563.73,0
23.741,88,5,2000,1732.99,0,0,0,1,1,96,0.2,4,100,1,2803.59,5706.55,0
23.7415,89,4,2000,1461.5,0,0,0,1,1,32,0.15,4,100,1,2785.52,5434.82,0
23.742,90,4,2000,1116.1,0,0,0,1,1,32,0.15,4,100,1,2772.84,5165.42,0
23.7425,91,3,2000,821.428,0,0,0,1,1,32,0.15,4,100,1,2763.91,4850.61,0
23.752,110,4,2000,1320.73,0,0,0,1,1,32,0.15,4,100,1,2770.69,5119.52,0
23.7525,111,3,2000,1009.78,0,0,0,1,1,32,0.15,4,100,1,2767.05,4864.57,0
23.753,112,3,2000,724.239,0,0,0,1,1,32,0.15,4,100,1,2776.34,4577.34,0
23.754,114,2,2000,449.521,0,0,0,1,0,0,0,4,100,1,2803.91,3952.14,0
23.762,130,4,2000,1341.73,0,0,0,1,1,32,0.15,4,100,1,2777.45,5349.72,0
23.7625,131,3,2000,984.241,0,0,0,1,1,32,0.15,4,100,1,2768.33,5137.66,0
23.7705,147,1,2000,94.9404,0,0,0,1,0,0,0,4,100,1,2935.9,587.22,0
23.771,148,2,2000,385.391,0,0,0,1,0,0,0,4,100,1,2872.19,1841.27,0
23.7715,149,3,2000,1056.15,0,0,0,1,1,32,0.15,4,100,1,2890.56,1494.97,0
23.7725,151,2,2000,382.293,0,0,0,1,0,64,0.05,4,100,1,2884.82,1626.74,0
23.773,152,2,2000,499.644,0,0,0,1,0,64,0.05,4,100,1,2882.74,1674.35,0
23.774,154,5,2000,1803.9,0,0,0,1,1,32,0.15,4,100,1,2878.24,1777.14,0
23.7745,155,4,2000,1457.61,0,0,0,1,1,96,0.2,4,100,1,2862.62,2129.79,0
23.7755,157,5,2000,1589.38,0,0,0,1,1,96,0.2,4,100,1,2873.92,1874.73,0
23.776,158,5,2000,1636.99,0,0,0,1,1,96,0.2,4,100,1,2849.02,2459.93,0
23.7765,159,5,2000,1687.74,0,0,0,1,1,96,0.2,4,100,1,2847.27,2508.01,0
23.777,160,5,2000,1739.78,0,0,0,1,1,96,0.2,4,100,1,2845.51,2555.97,0
23.775,156,4,2000,1503.84,0,0,0,1,1,96,0.2,4,100,1,2876.07,1826.17,0
23.778,162,5,2000,1788.81,0,0,0,1,1,32,0.15,4,100,1,2841.26,2659.59,0
23.798,202,13,2767.85,4235.61,0,0,0,0,0,0,0,4,100,0,0,0,0
23.7985,203,14,2749,4678.28,0,0,0,0,0,0,0,4,100,0,0,0,0
23.799,204,15,2745.32,5058.65,0,0,0,0,0,0,0,4,100,0,0,0,0
23.7995,205,17,2767.87,5485.82,0,0,0,0,0,0,0,4,100,0,0,0,0
23.803,12,6,2000,1962.61,0,0,0,1,0,0,0,4,100,1,2837.82,6411.29,0
23.8035,13,5,2000,1661.07,0,0,0,1,1,32,0.15,4,100,1,2819.97,6068.48,0
23.804,14,4,2000,1275.41,0,0,0,1,1,32,0.15,4,100,1,2804.41,5781.02,0
23.8045,15,3,2000,947.356,0,0,0,1,1,32,0.15,4,100,1,2782.05,5430.19,0
23.8055,17,3,2000,618.338,0,0,0,1,1,32,0.15,4,100,1,2770.21,4719.05,0
23.83,66,6,2000,1993.57,0,0,0,1,0,64,0.05,4,100,1,2910.71,1331.84,0
23.8305,67,6,2000,1942.51,0,0,0,1,0,64,0.05,4,100,1,2915.56,1207.85,0
23.831,68,5,2000,1789.51,0,0,0,1,1,96,0.2,4,100,1,2928.06,970.58,0
23.8315,69,5,2000,1764.12,0,0,0,1,1,96,0.2,4,100,1,2925.5,953.9,0
23.832,70,4,2000,1134.39,0,0,0,1,1,96,0.2,4,100,1,2927.36,906.6,0
23.8325,71,4,2000,1252.83,0,0,0,1,1,96,0.2,4,100,1,2932.12,866.68,0
23.833,72,4,2000,1294.56,0,0,0,1,1,96,0.2,4,100,1,2964,464.5,0
23.8335,73,4,2000,1170.57,0,0,0,1,1,96,0.2,4,100,1,2973.9,428.96,0
23.8345,75,3,2000,916.623,0,0,0,1,1,96,0.2,4,100,1,2837.29,6372.45,0
23.835,76,3,2000,869.323,0,0,0,1,1,96,0.2,4,100,1,2817.69,3622.1,0
23.834,74,3,2000,933.302,0,0,0,1,1,96,0.2,4,100,1,2809.32,6719.35,0
23.836,78,2,2000,427.225,0,0,0,1,0,64,0.05,4,100,1,2846.58,3002.01,0
23.8355,77,3,2000,829.404,0,0,0,1,1,96,0.2,4,100,1,2833.84,3298.01,0
23.8365,79,2,2000,391.686,0,0,0,1,0,64,0.05,4,100,1,2863.34,2677.93,0
23.8405,87,6,2000,2000,0,0,0,1,0,64,0.05,4,100,1,2958.65,563.73,0
23.841,88,5,2000,1733.12,0,0,0,1,1,96,0.2,4,100,1,2803.59,5706.55,0
23.8415,89,4,2000,1461.63,0,0,0,1,1,32,0.15,4,100,1,2785.52,5434.82,0
23.842,90,4,2000,1116.24,0,0,0,1,1,32,0.15,4,100,1,2772.84,5165.42,0
23.8425,91,3,2000,821.566,0,0,0,1,1,32,0.15,4,100,1,2763.91,4850.61,0
23.852,110,4,2000,1320.87,0,0,0,1,1,32,0.15,4,100,1,2770.69,5119.52,0
23.8525,111,3,2000,1009.92,0,0,0,1,1,32,0.15,4,100,1,2767.05,4864.57,0
23.853,112,3,2000,724.384,0,0,0,1,1,32,0.15,4,100,1,2776.34,4577.34,0
23.854,114,2,2000,449.666,0,0,0,1,0,0,0,4,100,1,2803.91,3952.14,0
23.862,130,4,2000,1341.88,0,0,0,1,1,32,0.15,4,100,1,2777.45,5349.72,0
23.8625,131,3,2000,984.391,0,0,0,1,1,32,0.15,4,100,1,2768.33,5137.66,0
23.8705,147,1,2000,95.0953,0,0,0,1,0,0,0,4,100,1,2935.9,587.22,0
23.871,148,2,2000,385.546,0,0,0,1,0,0,0,4,100,1,2872.19,1841.27,0
23.8715,149,3,2000,1056.31,0,0,0,1,1,32,0.15,4,100,1,2890.56,1494.97,0
23.8725,151,2,2000,382.449,0,0,0,1,0,64,0.05,4,100,1,2884.82,1626.74,0
23.873,152,2,2000,499.8,0,0,0,1,0,64,0.05,4,100,1,2882.74,1674.35,0
23.874,154,5,2000,1804.06,0,0,0,1,1,32,0.15,4,100,1,2878.24,1777.14,0
23.8745,155,4,2000,1457.76,0,0,0,1,1,96,0.2,4,100,1,2862.62,2129.79,0
23.8755,157,5,2000,1589.53,0,0,0,1,1,96,0.2,4,100,1,2873.92,1874.73,0
23.876,158,5,2000,1637.15,0,0,0,1,1,96,0.2,4,100,1,2849.02,2459.93,0
23.875,156,4,2000,1503.99,0,0,0,1,1,96,0.2,4,100,1,2876.07,1826.17,0
23.877,160,5,2000,1739.94,0,0,0,1,1,96,0.2,4,100,1,2845.51,2555.97,0
23.8765,159,5,2000,1687.9,0,0,0,1,1,96,0.2,4,100,1,2847.27,2508.01,0
23.878,162,5,2000,1788.97,0,0,0,1,1,32,0.15,4,100,1,2841.26,2659.59,0
23.898,202,13,2767.85,4235.61,0,0,0,0,0,0,0,4,100,0,0,0,0
23.8985,203,14,2749,4678.28,0,0,0,0,0,0,0,4,100,0,0,0,0
23.899,204,15,2745.32,5058.65,0,0,0,0,0,0,0,4,100,0,0,0,0
23.8995,205,17,2767.87,5485.82,0,0,0,0,0,0,0,4,100,0,0,0,0
23.903,12,6,2000,1962.79,0,0,0,1,0,0,0,4,100,1,2837.82,6411.29,0
23.9035,13,5,2000,1661.25,0,0,0,1,1,32,0.15,4,100,1,2819.97,6068.48,0
23.904,14,4,2000,1275.58,0,0,0,1,1,32,0.15,4,100,1,2804.41,5781.02,0
23.9045,15,3,2000,947.531,0,0,0,1,1,32,0.15,4,100,1,2782.05,5430.19,0
23.9055,17,3,2000,618.514,0,0,0,1,1,32,0.15,4,100,1,2770.21,4719.05,0
23.93,66,6,2000,1993.76,0,0,0,1,0,64,0.05,4,100,1,2910.71,1331.84,0
23.9305,67,6,2000,1942.7,0,0,0,1,0,64,0.05,4,100,1,2915.56,1207.85,0
23.931,68,5,2000,1789.7,0,0,0,1,1,96,0.2,4,100,1,2928.06,970.58,0
23.932,70,4,2000,1134.58,0,0,0,1,1,96,0.2,4,100,1,2927.36,906.6,0
23.9325,71,4,2000,1253.02,0,0,0,1,1,96,0.2,4,100,1,2932.12,866.68,0
23.9315,69,5,2000,1764.31,0,0,0,1,1,96,0.2,4,100,1,2925.5,953.9,0
23.933,72,4,2000,1294.75,0,0,0,1,1,96,0.2,4,100,1,2964,464.5,0
23.9335,73,4,2000,1170.76,0,0,0,1,1,96,0.2,4,100,1,2973.9,428.96,0
23.9345,75,3,2000,916.816,0,0,0,1,1,96,0.2,4,100,1,2837.29,6372.45,0
23.934,74,3,2000,933.495,0,0,0,1,1,96,0.2,4,100,1,2809.32,6719.35,0
23.935,76,3,2000,869.517,0,0,0,1,1,96,0.2,4,100,1,2817.69,3622.1,0
23.9365,79,2,2000,391.88,0,0,0,1,0,64,0.05,4,100,1,2863.34,2677.93,0
23.9355,77,3,2000,829.598,0,0,0,1,1,96,0.2,4,100,1,2833.84,3298.01,0
23.936,78,2,2000,427.419,0,0,0,1,0,64,0.05,4,100,1,2846.58,3002.01,0
23.9405,87,6,2000,2000,0,0,0,1,0,64,0.05,4,100,1,2958.65,563.73,0
23.941,88,5,2000,1733.32,0,0,0,1,1,96,0.2,4,100,1,2803.59,5706.55,0
23.9415,89,4,2000,1461.83,0,0,0,1,1,32,0.15,4,100,1,2785.52,5434.82,0
23.942,90,4,2000,1116.43,0,0,0,1,1,32,0.15,4,100,1,2772.84,5165.42,0
23.9425,91,3,2000,821.764,0,0,0,1,1,32,0.15,4,100,1,2763.91,4850.61,0
23.952,110,4,2000,1321.08,0,0,0,1,1,32,0.15,4,100,1,2770.69,5119.52,0
23.9525,111,3,2000,1010.13,0,0,0,1,1,32,0.15,4,100,1,2767.05,4864.57,0
23.953,112,3,2000,724.588,0,0,0,1,1,32,0.15,4,100,1,2776.34,4577.34,0
23.954,114,2,2000,449.87,0,0,0,1,0,0,0,4,100,1,2803.91,3952.14,0
23.962,130,4,2000,1342.09,0,0,0,1,1,32,0.15,4,100,1,2777.45,5349.72,0
23.9625,131,3,2000,984.6,0,0,0,1,1,32,0.15,4,100,1,2768.33,5137.66,0
23.9705,147,1,2000,95.3096,0,0,0,1,0,0,0,4,100,1,2935.9,587.22,0
23.971,148,2,2000,385.761,0,0,0,1,0,0,0,4,100,1,2872.19,1841.27,0
23.9715,149,3,2000,1056.52,0,0,0,1,1,32,0.15,4,100,1,2890.56,1494.97,0
23.9725,151,2,2000,382.665,0,0,0,1,0,64,0.05,4,100,1,2884.82,1626.74,0
23.973,152,2,2000,500.016,0,0,0,1,0,64,0.05,4,100,1,2882.74,1674.35,0
23.974,154,5,2000,1804.28,0,0,0,1,1,32,0.15,4,100,1,2878.24,1777.14,0
23.9745,155,4,2000,1457.98,0,0,0,1,1,96,0.2,4,100,1,2862.62,2129.79,0
23.975,156,4,2000,1504.21,0,0,0,1,1,96,0.2,4,100,1,2876.07,1826.17,0
23.9755,157,5,2000,1589.75,0,0,0,1,1,96,0.2,4,100,1,2873.92,1874.73,0
23.976,158,5,2000,1637.36,0,0,0,1,1,96,0.2,4,100,1,2849.02,2459.93,0
23.9765,159,5,2000,1688.11,0,0,0,1,1,96,0.2,4,100,1,2847.27,2508.01,0
23.977,160,5,2000,1740.16,0,0,0,1,1,96,0.2,4,100,1,2845.51,2555.97,0
23.978,162,5,2000,1789.19,0,0,0,1,1,32,0.15,4,100,1,2841.26,2659.59,0
23.998,202,13,2767.85,4235.61,0,0,0,0,0,0,0,4,100,0,0,0,0
23.9985,203,14,2749,4678.28,0,0,0,0,0,0,0,4,100,0,0,0,0
23.999,204,15,2745.32,5058.65,0,0,0,0,0,0,0,4,100,0,0,0,0
23.9995,205,17,2767.87,5485.82,0,0,0,0,0,0,0,4,100,0,0,0,0
24.003,12,6,2000,1963.02,0,0,0,1,0,0,0,4,100,1,2837.82,6411.29,0
24.0035,13,5,2000,1661.48,0,0,0,1,1,32,0.15,4,100,1,2819.97,6068.48,0
24.004,14,4,2000,1275.81,0,0,0,1,1,32,0.15,4,100,1,2804.41,5781.02,0
24.0045,15,3,2000,947.766,0,0,0,1,1,32,0.15,4,100,1,2782.05,5430.19,0
24.0055,17,3,2000,618.749,0,0,0,1,1,32,0.15,4,100,1,2770.21,4719.05,0
24.03,66,6,2000,1994.01,0,0,0,1,0,64,0.05,4,100,1,2910.71,1331.84,0
24.0305,67,6,2000,1942.95,0,0,0,1,0,64,0.05,4,100,1,2915.56,1207.85,0
24.031,68,5,2000,1789.95,0,0,0,1,1,96,0.2,4,100,1,2928.06,970.58,0
24.032,70,4,2000,1134.83,0,0,0,1,1,96,0.2,4,100,1,2927.36,906.6,0
24.0325,71,4,2000,1253.27,0,0,0,1,1,96,0.2,4,100,1,2932.12,866.68,0
24.0315,69,5,2000,1764.56,0,0,0,1,1,96,0.2,4,100,1,2925.5,953.9,0
24.033,72,4,2000,1295,0,0,0,1,1,96,0.2,4,100,1,2964,464.5,0
24.034,74,3,2000,933.747,0,0,0,1,1,96,0.2,4,100,1,2809.32,6719.35,0
24.0345,75,3,2000,917.068,0,0,0,1,1,96,0.2,4,100,1,2837.29,6372.45,0
24.035,76,3,2000,869.769,0,0,0,1,1,96,0.2,4,100,1,2817.69,3622.1,0
24.0335,73,4,2000,1171.02,0,0,0,1,1,96,0.2,4,100,1,2973.9,428.96,0
24.0355,77,3,2000,829.851,0,0,0,1,1,96,0.2,4,100,1,2833.84,3298.01,0
24.0365,79,2,2000,392.134,0,0,0,1,0,64,0.05,4,100,1,2863.34,2677.93,0
24.036,78,2,2000,427.672,0,0,0,1,0,64,0.05,4,100,1,2846.58,3002.01,0
24.0405,87,6,2000,2000,0,0,0,1,0,64,0.05,4,100,1,2958.65,563.73,0
24.041,88,5,2000,1733.58,0,0,0,1,1,96,0.2,4,100,1,2803.59,5706.55,0
24.0415,89,4,2000,1462.09,0,0,0,1,1,32,0.15,4,100,1,2785.52,5434.82,0
24.042,90,4,2000,1116.69,0,0,0,1,1,32,0.15,4,100,1,2772.84,5165.42,0
24.0425,91,3,2000,822.021,0,0,0,1,1,32,0.15,4,100,1,2763.91,4850.61,0
24.052,110,4,2000,1321.34,0,0,0,1,1,32,0.15,4,100,1,2770.69,5119.52,0
24.0525,111,3,2000,1010.39,0,0,0,1,1,32,0.15,4,100,1,2767.05,4864.57,0
24.053,112,3,2000,724.851,0,0,0,1,1,32,0.15,4,100,1,2776.34,4577.34,0
24.054,114,2,2000,450.134,0,0,0,1,0,0,0,4,100,1,2803.91,3952.14,0
24.062,130,4,2000,1342.36,0,0,0,1,1,32,0.15,4,100,1,2777.45,5349.72,0
24.0625,131,3,2000,984.869,0,0,0,1,1,32,0.15,4,100,1,2768.33,5137.66,0
24.0705,147,1,2000,95.5832,0,0,0,1,0,0,0,4,100,1,2935.9,587.22,0
24.071,148,2,2000,386.035,0,0,0,1,0,0,0,4,100,1,2872.19,1841.27,0
24.0715,149,3,2000,1056.8,0,0,0,1,0,0,0,4,100,1,2890.56,1494.97,0
24.0725,151,2,2000,382.939,0,0,0,1,0,64,0.05,4,100,1,2884.82,1626.74,0
24.073,152,2,2000,500.291,0,0,0,1,0,64,0.05,4,100,1,2882.74,1674.35,0
24.074,154,5,2000,1804.55,0,0,0,1,1,32,0.15,4,100,1,2878.24,1777.14,0
24.0745,155,4,2000,1458.26,0,0,0,1,1,96,0.2,4,100,1,2862.62,2129.79,0
24.075,156,4,2000,1504.49,0,0,0,1,1,96,0.2,4,100,1,2876.07,1826.17,0
24.0755,157,5,2000,1590.03,0,0,0,1,1,96,0.2,4,100,1,2873.92,1874.73,0
24.076,158,5,2000,1637.64,0,0,0,1,1,96,0.2,4,100,1,2849.02,2459.93,0
24.077,160,5,2000,1740.43,0,0,0,1,1,96,0.2,4,100,1,2845.51,2555.97,0
24.078,162,5,2000,1789.47,0,0,0,1,1,32,0.15,4,100,1,2841.26,2659.59,0
24.0765,159,5,2000,1688.39,0,0,0,1,0,64,0.05,4,100,1,2847.27,2508.01,0
24.098,202,13,2767.85,4235.61,0,0,0,0,0,0,0,4,100,0,0,0,0
24.0985,203,14,2749,4678.28,0,0,0,0,0,0,0,4,100,0,0,0,0
24.099,204,15,2745.32,5058.65,0,0,0,0,0,0,0,4,100,0,0,0,0
24.0995,205,17,2767.87,5485.82,0,0,0,0,0,0,0,4,100,0,0,0,0
24.103,12,6,2000,1963.31,0,0,0,1,0,0,0,4,100,1,2837.82,6411.29,0
24.1035,13,5,2000,1661.78,0,0,0,1,0,0,0,4,100,1,2819.97,6068.48,0
24.104,14,4,2000,1276.11,0,0,0,1,1,32,0.15,4,100,1,2804.41,5781.02,0
24.1045,15,3,2000,948.06,0,0,0,1,0,0,0,4,100,1,2782.05,5430.19,0
24.1055,17,3,2000,619.043,0,0,0,1,0,0,0,4,100,1,2770.21,4719.05,0
24.13,66,6,2000,1994.31,0,0,0,1,0,64,0.05,4,100,1,2910.71,1331.84,0
24.1305,67,6,2000,1943.26,0,0,0,1,0,64,0.05,4,100,1,2915.56,1207.85,0
24.131,68,5,2000,1790.26,0,0,0,1,0,64,0.05,4,100,1,2928.06,970.58,0
24.1315,69,5,2000,1764.87,0,0,0,1,0,64,0.05,4,100,1,2925.5,953.9,0
24.1325,71,4,2000,1253.58,0,0,0,1,1,96,0.2,4,100,1,2932.12,866.68,0
24.132,70,4,2000,1135.14,0,0,0,1,1,96,0.2,4,100,1,2927.36,906.6,0
24.133,72,4,2000,1295.31,0,0,0,1,1,96,0.2,4,100,1,2964,464.5,0
24.134,74,3,2000,934.057,0,0,0,1,0,64,0.05,4,100,1,2809.32,6719.35,0
24.1345,75,3,2000,917.379,0,0,0,1,0,64,0.05,4,100,1,2837.29,6372.45,0
24.1355,77,3,2000,830.163,0,0,0,1,0,64,0.05,4,100,1,2833.84,3298.01,0
24.135,76,3,2000,870.081,0,0,0,1,0,64,0.05,4,100,1,2817.69,3622.1,0
24.136,78,2,2000,427.984,0,0,0,1,0,64,0.05,4,100,1,2846.58,3002.01,0
24.1365,79,2,2000,392.446,0,0,0,1,0,64,0.05,4,100,1,2863.34,2677.93,0
24.1335,73,4,2000,1171.33,0,0,0,1,1,96,0.2,4,100,1,2973.9,428.96,0
24.1405,87,6,2000,2000,0,0,0,1,0,64,0.05,4,100,1,2958.65,563.73,0
24.141,88,5,2000,1733.89,0,0,0,1,0,64,0.05,4,100,1,2803.59,5706.55,0
24.1415,89,4,2000,1462.4,0,0,0,1,1,32,0.15,4,100,1,2785.52,5434.82,0
24.142,90,4,2000,1117,0,0,0,1,1,32,0.15,4,100,1,2772.84,5165.42,0
24.1425,91,3,2000,822.337,0,0,0,1,0,0,0,4,100,1,2763.91,4850.61,0
24.152,110,4,2000,1321.66,0,0,0,1,0,0,0,4,100,1,2770.69,5119.52,0
24.1525,111,3,2000,1010.71,0,0,0,1,1,32,0.15,4,100,1,2767.05,4864.57,0
24.153,112,3,2000,725.173,0,0,0,1,1,32,0.15,4,100,1,2776.34,4577.34,0
24.154,114,2,2000,450.457,0,0,0,1,0,0,0,4,100,1,2803.91,3952.14,0
24.162,130,4,2000,1342.69,0,0,0,1,0,0,0,4,100,1,2777.45,5349.72,0
24.1625,131,3,2000,985.197,0,0,0,1,1,32,0.15,4,100,1,2768.33,5137.66,0
24.1705,147,1,2000,95.9155,0,0,0,1,0,0,0,4,100,1,2935.9,587.22,0
24.171,148,2,2000,386.367,0,0,0,1,0,0,0,4,100,1,2872.19,1841.27,0
24.1715,149,3,2000,1057.13,0,0,0,1,1,32,0.15,4,100,1,2890.56,1494.97,0
24.1725,151,2,2000,383.273,0,0,0,1,0,64,0.05,4,100,1,2884.82,1626.74,0
24.173,152,2,2000,500.625,0,0,0,1,0,64,0.05,4,100,1,2882.74,1674.35,0
24.174,154,5,2000,1804.89,0,0,0,1,0,0,0,4,100,1,2878.24,1777.14,0
24.1745,155,4,2000,1458.59,0,0,0,1,0,64,0.05,4,100,1,2862.62,2129.79,0
24.175,156,4,2000,1504.82,0,0,0,1,0,64,0.05,4,100,1,2876.07,1826.17,0
24.176,158,5,2000,1637.98,0,0,0,1,0,64,0.05,4,100,1,2849.02,2459.93,0
24.1765,159,5,2000,1688.73,0,0,0,1,0,64,0.05,4,100,1,2847.27,2508.01,0
24.177,160,5,2000,1740.77,0,0,0,1,0,64,0.05,4,100,1,2845.51,2555.97,0
24.178,162,5,2000,1789.8,0,0,0,1,1,32,0.15,4,100,1,2841.26,2659.59,0
24.1755,157,5,2000,1590.36,0,0,0,1,1,96,0.2,4,100,1,2873.92,1874.73,0
24.198,202,13,2767.85,4235.61,0,0,0,0,0,0,0,4,100,0,0,0,0
24.1985,203,14,2749,4678.28,0,0,0,0,0,0,0,4,100,0,0,0,0
24.199,204,15,2745.32,5058.65,0,0,0,0,0,0,0,4,100,0,0,0,0
24.1995,205,17,2767.87,5485.82,0,0,0,0,0,0,0,4,100,0,0,0,0
24.203,12,6,2000,1963.67,0,0,0,1,0,0,0,4,100,1,2837.82,6411.29,0
24.2035,13,5,2000,1662.13,0,0,0,1,1,32,0.15,4,100,1,2819.97,6068.48,0
24.204,14,4,2000,1276.46,0,0,0,1,0,0,0,4,100,1,2804.41,5781.02,0
24.2045,15,3,2000,948.412,0,0,0,1,1,32,0.15,4,100,1,2782.05,5430.19,0
24.2055,17,3,2000,619.396,0,0,0,1,1,32,0.15,4,100,1,2770.21,4719.05,0
24.23,66,6,2000,1994.68,0,0,0,1,0,64,0.05,4,100,1,2910.71,1331.84,0
24.2305,67,6,2000,1943.62,0,0,0,1,0,64,0.05,4,100,1,2915.56,1207.85,0
24.231,68,5,2000,1790.62,0,0,0,1,1,96,0.2,4,100,1,2928.06,970.58,0
24.232,70,4,2000,1135.51,0,0,0,1,0,64,0.05,4,100,1,2927.36,906.6,0
24.2325,71,4,2000,1253.95,0,0,0,1,0,64,0.05,4,100,1,2932.12,866.68,0
24.2315,69,5,2000,1765.24,0,0,0,1,1,96,0.2,4,100,1,2925.5,953.9,0
24.2335,73,4,2000,1171.69,0,0,0,1,0,64,0.05,4,100,1,2973.9,428.96,0
24.233,72,4,2000,1295.68,0,0,0,1,1,96,0.2,4,100,1,2964,464.5,0
24.2345,75,3,2000,917.749,0,0,0,1,1,96,0.2,4,100,1,2837.29,6372.45,0
24.235,76,3,2000,870.451,0,0,0,1,1,96,0.2,4,100,1,2817.69,3622.1,0
24.234,74,3,2000,934.427,0,0,0,1,1,96,0.2,4,100,1,2809.32,6719.35,0
24.2355,77,3,2000,830.533,0,0,0,1,1,96,0.2,4,100,1,2833.84,3298.01,0
24.236,78,2,2000,428.355,0,0,0,1,0,64,0.05,4,100,1,2846.58,3002.01,0
24.2365,79,2,2000,392.817,0,0,0,1,0,64,0.05,4,100,1,2863.34,2677.93,0
24.2405,87,6,2000,2000,0,0,0,1,0,64,0.05,4,100,1,2958.65,563.73,0
24.241,88,5,2000,1734.26,0,0,0,1,1,96,0.2,4,100,1,2803.59,5706.55,0
24.2415,89,4,2000,1462.78,0,0,0,1,1,32,0.15,4,100,1,2785.52,5434.82,0
24.242,90,4,2000,1117.38,0,0,0,1,1,32,0.15,4,100,1,2772.84,5165.42,0
24.2425,91,3,2000,822.711,0,0,0,1,1,32,0.15,4,100,1,2763.91,4850.61,0
24.252,110,4,2000,1322.04,0,0,0,1,1,32,0.15,4,100,1,2770.69,5119.52,0
24.2525,111,3,2000,1011.09,0,0,0,1,1,32,0.15,4,100,1,2767.05,4864.57,0
24.253,112,3,2000,725.554,0,0,0,1,1,32,0.15,4,100,1,2776.34,4577.34,0
24.254,114,2,2000,450.838,0,0,0,1,0,0,0,4,100,1,2803.91,3952.14,0
24.262,130,4,2000,1343.07,0,0,0,1,1,32,0.15,4,100,1,2777.45,5349.72,0
24.2625,131,3,2000,985.583,0,0,0,1,1,32,0.15,4,100,1,2768.33,5137.66,0
24.2705,147,1,2000,96.3061,0,0,0,1,0,0,0,4,100,1,2935.9,587.22,0
24.271,148,2,2000,386.758,0,0,0,1,0,0,0,4,100,1,2872.19,1841.27,0
24.2715,149,3,2000,1057.52,0,0,0,1,1,32,0.15,4,100,1,2890.56,1494.97,0
24.2725,151,2,2000,383.664,0,0,0,1,0,64,0.05,4,100,1,2884.82,1626.74,0
24.273,152,2,2000,501.017,0,0,0,1,0,64,0.05,4,100,1,2882.74,1674.35,0
24.274,154,5,2000,1805.28,0,0,0,1,1,32,0.15,4,100,1,2878.24,1777.14,0
24.2745,155,4,2000,1458.98,0,0,0,1,1,96,0.2,4,100,1,2862.62,2129.79,0
24.275,156,4,2000,1505.22,0,0,0,1,1,96,0.2,4,100,1,2876.07,1826.17,0
24.2755,157,5,2000,1590.76,0,0,0,1,1,96,0.2,4,100,1,2873.92,1874.73,0
24.276,158,5,2000,1638.37,0,0,0,1,1,96,0.2,4,100,1,2849.02,2459.93,0
24.2765,159,5,2000,1689.12,0,0,0,1,1,96,0.2,4,100,1,2847.27,2508.01,0
24.277,160,5,2000,1741.16,0,0,0,1,1,96,0.2,4,100,1,2845.51,2555.97,0
24.278,162,5,2000,1790.2,0,0,0,1,1,32,0.15,4,100,1,2841.26,2659.59,0
24.298,202,13,2767.85,4235.61,0,0,0,0,0,0,0,4,100,0,0,0,0
24.2985,203,14,2749,4678.28,0,0,0,0,0,0,0,4,100,0,0,0,0
24.299,204,15,2745.32,5058.65,0,0,0,0,0,0,0,4,100,0,0,0,0
24.2995,205,17,2767.87,5485.82,0,0,0,0,0,0,0,4,100,0,0,0,0
24.303,12,6,2000,1964.08,0,0,0,1,0,0,0,4,100,1,2837.82,6411.29,0
24.3035,13,5,2000,1662.54,0,0,0,1,1,32,0.15,4,100,1,2819.97,6068.48,0
24.304,14,4,2000,1276.87,0,0,0,1,1,32,0.15,4,100,1,2804.41,5781.02,0
24.3045,15,3,2000,948.822,0,0,0,1,1,32,0.15,4,100,1,2782.05,5430.19,0
24.3055,17,3,2000,619.806,0,0,0,1,1,32,0.15,4,100,1,2770.21,4719.05,0
24.33,66,6,2000,1995.11,0,0,0,1,0,64,0.05,4,100,1,2910.71,1331.84,0
24.3305,67,6,2000,1944.05,0,0,0,1,0,64,0.05,4,100,1,2915.56,1207.85,0
24.331,68,5,2000,1791.05,0,0,0,1,1,96,0.2,4,100,1,2928.06,970.58,0
24.332,70,4,2000,1135.93,0,0,0,1,1,96,0.2,4,100,1,2927.36,906.6,0
24.3325,71,4,2000,1254.38,0,0,0,1,1,96,0.2,4,100,1,2932.12,866.68,0
24.3315,69,5,2000,1765.66,0,0,0,1,1,96,0.2,4,100,1,2925.5,953.9,0
24.333,72,4,2000,1296.11,0,0,0,1,1,96,0.2,4,100,1,2964,464.5,0
24.3335,73,4,2000,1172.12,0,0,0,1,1,96,0.2,4,100,1,2973.9,428.96,0
24.334,74,3,2000,934.854,0,0,0,1,1,96,0.2,4,100,1,2809.32,6719.35,0
24.335,76,3,2000,870.879,0,0,0,1,1,96,0.2,4,100,1,2817.69,3622.1,0
24.3355,77,3,2000,830.961,0,0,0,1,1,96,0.2,4,100,1,2833.84,3298.01,0
24.336,78,2,2000,428.783,0,0,0,1,0,64,0.05,4,100,1,2846.58,3002.01,0
24.3345,75,3,2000,918.176,0,0,0,1,1,96,0.2,4,100,1,2837.29,6372.45,0
24.3365,79,2,2000,393.245,0,0,0,1,0,64,0.05,4,100,1,2863.34,2677.93,0
24.3405,87,6,2000,2000,0,0,0,1,0,64,0.05,4,100,1,2958.65,563.73,0
24.341,88,5,2000,1734.7,0,0,0,1,1,96,0.2,4,100,1,2803.59,5706.55,0
24.3415,89,4,2000,1463.21,0,0,0,1,1,32,0.15,4,100,1,2785.52,5434.82,0
24.342,90,4,2000,1117.81,0,0,0,1,1,32,0.15,4,100,1,2772.84,5165.42,0
24.3425,91,3,2000,823.143,0,0,0,1,1,32,0.15,4,100,1,2763.91,4850.61,0
24.352,110,4,2000,1322.48,0,0,0,1,1,32,0.15,4,100,1,2770.69,5119.52,0
24.3525,111,3,2000,1011.53,0,0,0,1,1,32,0.15,4,100,1,2767.05,4864.57,0
24.353,112,3,2000,725.992,0,0,0,1,1,32,0.15,4,100,1,2776.34,4577.34,0
24.354,114,2,2000,451.276,0,0,0,1,0,0,0,4,100,1,2803.91,3952.14,0
24.362,130,4,2000,1343.51,0,0,0,1,1,32,0.15,4,100,1,2777.45,5349.72,0
24.3625,131,3,2000,986.026,0,0,0,1,1,32,0.15,4,100,1,2768.33,5137.66,0
24.3705,147,1,2000,96.7542,0,0,0,1,0,0,0,4,100,1,2935.9,587.22,0
24.371,148,2,2000,387.207,0,0,0,1,0,0,0,4,100,1,2872.19,1841.27,0
24.3715,149,3,2000,1057.97,0,0,0,1,1,32,0.15,4,100,1,2890.56,1494.97,0
24.3725,151,2,2000,384.114,0,0,0,1,0,64,0.05,4,100,1,2884.82,1626.74,0
24.373,152,2,2000,501.466,0,0,0,1,0,64,0.05,4,100,1,2882.74,1674.35,0
24.374,154,5,2000,1805.73,0,0,0,1,1,32,0.15,4,100,1,2878.24,1777.14,0
24.3745,155,4,2000,1459.43,0,0,0,1,1,96,0.2,4,100,1,2862.62,2129.79,0
24.375,156,4,2000,1505.67,0,0,0,1,1,96,0.2,4,100,1,2876.07,1826.17,0
24.376,158,5,2000,1638.82,0,0,0,1,1,96,0.2,4,100,1,2849.02,2459.93,0
24.3765,159,5,2000,1689.57,0,0,0,1,1,96,0.2,4,100,1,2847.27,2508.01,0
24.3755,157,5,2000,1591.21,0,0,0,1,1,96,0.2,4,100,1,2873.92,1874.73,0
24.378,162,5,2000,1790.65,0,0,0,1,1,32,0.15,4,100,1,2841.26,2659.59,0
24.377,160,5,2000,1741.62,0,0,0,1,1,96,0.2,4,100,1,2845.51,2555.97,0
24.398,202,13,2767.85,4235.61,0,0,0,0,0,0,0,4,100,0,0,0,0
24.3985,203,14,2749,4678.28,0,0,0,0,0,0,0,4,100,0,0,0,0
24.399,204,15,2745.32,5058.65,0,0,0,0,0,0,0,4,100,0,0,0,0
24.3995,205,17,2767.87,5485.82,0,0,0,0,0,0,0,4,100,0,0,0,0
24.403,12,6,2000,1964.54,0,0,0,1,0,0,0,4,100,1,2837.82,6411.29,0
24.4035,13,5,2000,1663,0,0,0,1,1,32,0.15,4,100,1,2819.97,6068.48,0
24.404,14,4,2000,1277.34,0,0,0,1,1,32,0.15,4,100,1,2804.41,5781.02,0
24.4045,15,3,2000,949.29,0,0,0,1,1,32,0.15,4,100,1,2782.05,5430.19,0
24.4055,17,3,2000,620.275,0,0,0,1,1,32,0.15,4,100,1,2770.21,4719.05,0
24.43,66,6,2000,1995.59,0,0,0,1,0,64,0.05,4,100,1,2910.71,1331.84,0
24.4305,67,6,2000,1944.53,0,0,0,1,0,64,0.05,4,100,1,2915.56,1207.85,0
24.431,68,5,2000,1791.53,0,0,0,1,1,96,0.2,4,100,1,2928.06,970.58,0
24.4315,69,5,2000,1766.15,0,0,0,1,1,96,0.2,4,100,1,2925.5,953.9,0
24.4325,71,4,2000,1254.86,0,0,0,1,1,96,0.2,4,100,1,2932.12,866.68,0
24.433,72,4,2000,1296.59,0,0,0,1,1,96,0.2,4,100,1,2964,464.5,0
24.432,70,4,2000,1136.42,0,0,0,1,1,96,0.2,4,100,1,2927.36,906.6,0
24.434,74,3,2000,935.338,0,0,0,1,1,96,0.2,4,100,1,2809.32,6719.35,0
24.435,76,3,2000,871.364,0,0,0,1,1,96,0.2,4,100,1,2817.69,3622.1,0
24.4345,75,3,2000,918.661,0,0,0,1,1,96,0.2,4,100,1,2837.29,6372.45,0
24.4355,77,3,2000,831.446,0,0,0,1,1,96,0.2,4,100,1,2833.84,3298.01,0
24.436,78,2,2000,429.269,0,0,0,1,0,64,0.05,4,100,1,2846.58,3002.01,0
24.4335,73,4,2000,1172.61,0,0,0,1,1,96,0.2,4,100,1,2973.9,428.96,0
24.4365,79,2,2000,393.731,0,0,0,1,0,64,0.05,4,100,1,2863.34,2677.93,0
24.4405,87,6,2000,2000,0,0,0,1,0,64,0.05,4,100,1,2958.65,563.73,0
24.441,88,5,2000,1735.18,0,0,0,1,1,96,0.2,4,100,1,2803.59,5706.55,0
24.4415,89,4,2000,1463.7,0,0,0,1,1,32,0.15,4,100,1,2785.52,5434.82,0
24.442,90,4,2000,1118.3,0,0,0,1,1,32,0.15,4,100,1,2772.84,5165.42,0
24.4425,91,3,2000,823.632,0,0,0,1,1,32,0.15,4,100,1,2763.91,4850.61,0
24.452,110,4,2000,1322.97,0,0,0,1,1,32,0.15,4,100,1,2770.69,5119.52,0
24.4525,111,3,2000,1012.02,0,0,0,1,1,32,0.15,4,100,1,2767.05,4864.57,0
24.453,112,3,2000,726.487,0,0,0,1,1,32,0.15,4,100,1,2776.34,4577.34,0
24.454,114,2,2000,451.772,0,0,0,1,0,0,0,4,100,1,2803.91,3952.14,0
24.462,130,4,2000,1344.01,0,0,0,1,1,32,0.15,4,100,1,2777.45,5349.72,0
24.4625,131,3,2000,986.527,0,0,0,1,1,32,0.15,4,100,1,2768.33,5137.66,0
24.4705,147,1,2000,97.2593,0,0,0,1,0,0,0,4,100,1,2935.9,587.22,0
24.471,148,2,2000,387.712,0,0,0,1,0,0,0,4,100,1,2872.19,1841.27,0
24.4715,149,3,2000,1058.47,0,0,0,1,1,32,0.15,4,100,1,2890.56,1494.97,0
24.4725,151,2,2000,384.62,0,0,0,1,0,64,0.05,4,100,1,2884.82,1626.74,0
24.473,152,2,2000,501.973,0,0,0,1,0,64,0.05,4,100,1,2882.74,1674.35,0
24.474,154,5,2000,1806.24,0,0,0,1,1,32,0.15,4,100,1,2878.24,1777.14,0
24.4745,155,4,2000,1459.94,0,0,0,1,1,96,0.2,4,100,1,2862.62,2129.79,0
24.475,156,4,2000,1506.17,0,0,0,1,1,96,0.2,4,100,1,2876.07,1826.17,0
24.4755,157,5,2000,1591.72,0,0,0,1,1,96,0.2,4,100,1,2873.92,1874.73,0
24.476,158,5,2000,1639.33,0,0,0,1,1,96,0.2,4,100,1,2849.02,2459.93,0
24.477,160,5,2000,1742.12,0,0,0,1,1,96,0.2,4,100,1,2845.51,2555.97,0
24.4765,159,5,2000,1690.08,0,0,0,1,1,96,0.2,4,100,1,2847.27,2508.01,0
24.478,162,5,2000,1791.16,0,0,0,1,1,32,0.15,4,100,1,2841.26,2659.59,0
24.498,202,13,2767.85,4235.61,0,0,0,0,0,0,0,4,100,0,0,0,0
24.4985,203,14,2749,4678.28,0,0,0,0,0,0,0,4,100,0,0,0,0
24.499,204,15,2745.32,5058.65,0,0,0,0,0,0,0,4,100,0,0,0,0
24.4995,205,17,2767.87,5485.82,0,0,0,0,0,0,0,4,100,0,0,0,0
24.503,12,6,2000,1965.07,0,0,0,1,0,0,0,4,100,1,2837.82,6411.29,0
24.5035,13,5,2000,1663.53,0,0,0,1,1,32,0.15,4,100,1,2819.97,6068.48,0
24.504,14,4,2000,1277.86,0,0,0,1,1,32,0.15,4,100,1,2804.41,5781.02,0
24.5045,15,3,2000,949.814,0,0,0,1,1,32,0.15,4,100,1,2782.05,5430.19,0
24.5055,17,3,2000,620.799,0,0,0,1,1,32,0.15,4,100,1,2770.21,4719.05,0
24.53,66,6,2000,1996.13,0,0,0,1,0,64,0.05,4,100,1,2910.71,1331.84,0
24.5305,67,6,2000,1945.07,0,0,0,1,0,64,0.05,4,100,1,2915.56,1207.85,0
24.531,68,5,2000,1792.07,0,0,0,1,1,96,0.2,4,100,1,2928.06,970.58,0
24.5315,69,5,2000,1766.68,0,0,0,1,1,96,0.2,4,100,1,2925.5,953.9,0
24.533,72,4,2000,1297.13,0,0,0,1,1,96,0.2,4,100,1,2964,464.5,0
24.532,70,4,2000,1136.96,0,0,0,1,1,96,0.2,4,100,1,2927.36,906.6,0
24.534,74,3,2000,935.879,0,0,0,1,1,96,0.2,4,100,1,2809.32,6719.35,0
24.535,76,3,2000,871.905,0,0,0,1,1,96,0.2,4,100,1,2817.69,3622.1,0
24.5335,73,4,2000,1173.15,0,0,0,1,1,96,0.2,4,100,1,2973.9,428.96,0
24.5355,77,3,2000,831.988,0,0,0,1,1,96,0.2,4,100,1,2833.84,3298.01,0
24.5365,79,2,2000,394.273,0,0,0,1,0,64,0.05,4,100,1,2863.34,2677.93,0
24.536,78,2,2000,429.811,0,0,0,1,0,64,0.05,4,100,1,2846.58,3002.01,0
24.5325,71,4,2000,1255.4,0,0,0,1,1,96,0.2,4,100,1,2932.12,866.68,0
24.5345,75,3,2000,919.202,0,0,0,1,1,96,0.2,4,100,1,2837.29,6372.45,0
24.5405,87,6,2000,2000,0,0,0,1,0,64,0.05,4,100,1,2958.65,563.73,0
24.541,88,5,2000,1735.73,0,0,0,1,1,96,0.2,4,100,1,2803.59,5706.55,0
24.5415,89,4,2000,1464.24,0,0,0,1,1,32,0.15,4,100,1,2785.52,5434.82,0
24.5425,91,3,2000,824.178,0,0,0,1,1,32,0.15,4,100,1,2763.91,4850.61,0
24.542,90,4,2000,1118.84,0,0,0,1,1,32,0.15,4,100,1,2772.84,5165.42,0
24.552,110,4,2000,1323.52,0,0,0,1,1,32,0.15,4,100,1,2770.69,5119.52,0
24.5525,111,3,2000,1012.58,0,0,0,1,1,32,0.15,4,100,1,2767.05,4864.57,0
24.553,112,3,2000,727.038,0,0,0,1,1,32,0.15,4,100,1,2776.34,4577.34,0
24.554,114,2,2000,452.324,0,0,0,1,0,0,0,4,100,1,2803.91,3952.14,0
24.562,130,4,2000,1344.57,0,0,0,1,1,32,0.15,4,100,1,2777.45,5349.72,0
24.5625,131,3,2000,987.083,0,0,0,1,1,32,0.15,4,100,1,2768.33,5137.66,0
24.5705,147,1,2000,97.8204,0,0,0,1,0,0,0,4,100,1,2935.9,587.22,0
24.571,148,2,2000,388.273,0,0,0,1,0,0,0,4,100,1,2872.19,1841.27,0
24.5715,149,3,2000,1059.04,0,0,0,1,1,32,0.15,4,100,1,2890.56,1494.97,0
24.5725,151,2,2000,385.182,0,0,0,1,0,64,0.05,4,100,1,2884.82,1626.74,0
24.573,152,2,2000,502.535,0,0,0,1,0,64,0.05,4,100,1,2882.74,1674.35,0
24.574,154,5,2000,1806.8,0,0,0,1,1,32,0.15,4,100,1,2878.24,1777.14,0
24.5745,155,4,2000,1460.5,0,0,0,1,1,96,0.2,4,100,1,2862.62,2129.79,0
24.575,156,4,2000,1506.74,0,0,0,1,1,96,0.2,4,100,1,2876.07,1826.17,0
24.5755,157,5,2000,1592.28,0,0,0,1,1,96,0.2,4,100,1,2873.92,1874.73,0
24.5765,159,5,2000,1690.65,0,0,0,1,1,96,0.2,4,100,1,2847.27,2508.01,0
24.577,160,5,2000,1742.69,0,0,0,1,1,96,0.2,4,100,1,2845.51,2555.97,0
24.578,162,5,2000,1791.72,0,0,0,1,1,32,0.15,4,100,1,2841.26,2659.59,0
24.576,158,5,2000,1639.89,0,0,0,1,1,96,0.2,4,100,1,2849.02,2459.93,0
24.598,202,13,2767.85,4235.61,0,0,0,0,0,0,0,4,100,0,0,0,0
24.5985,203,14,2749,4678.28,0,0,0,0,0,0,0,4,100,0,0,0,0
24.599,204,15,2745.32,5058.65,0,0,0,0,0,0,0,4,100,0,0,0,0
24.5995,205,17,2767.87,5485.82,0,0,0,0,0,0,0,4,100,0,0,0,0
24.603,12,6,2000,1965.64,0,0,0,1,0,0,0,4,100,1,2837.82,6411.29,0
24.6035,13,5,2000,1664.11,0,0,0,1,1,32,0.15,4,100,1,2819.97,6068.48,0
24.604,14,4,2000,1278.44,0,0,0,1,1,32,0.15,4,100,1,2804.41,5781.02,0
24.6045,15,3,2000,950.394,0,0,0,1,1,32,0.15,4,100,1,2782.05,5430.19,0
24.6055,17,3,2000,621.38,0,0,0,1,1,32,0.15,4,100,1,2770.21,4719.05,0
24.63,66,6,2000,1996.72,0,0,0,1,0,64,0.05,4,100,1,2910.71,1331.84,0
24.6305,67,6,2000,1945.66,0,0,0,1,0,64,0.05,4,100,1,2915.56,1207.85,0
24.631,68,5,2000,1792.67,0,0,0,1,1,96,0.2,4,100,1,2928.06,970.58,0
24.6315,69,5,2000,1767.28,0,0,0,1,1,96,0.2,4,100,1,2925.5,953.9,0
24.6325,71,4,2000,1256,0,0,0,1,1,96,0.2,4,100,1,2932.12,866.68,0
24.633,72,4,2000,1297.73,0,0,0,1,1,96,0.2,4,100,1,2964,464.5,0
24.632,70,4,2000,1137.55,0,0,0,1,1,96,0.2,4,100,1,2927.36,906.6,0
24.6335,73,4,2000,1173.74,0,0,0,1,1,96,0.2,4,100,1,2973.9,428.96,0
24.634,74,3,2000,936.475,0,0,0,1,1,96,0.2,4,100,1,2809.32,6719.35,0
24.6355,77,3,2000,832.585,0,0,0,1,1,96,0.2,4,100,1,2833.84,3298.01,0
24.636,78,2,2000,430.408,0,0,0,1,0,64,0.05,4,100,1,2846.58,3002.01,0
24.6345,75,3,2000,919.799,0,0,0,1,1,96,0.2,4,100,1,2837.29,6372.45,0
24.635,76,3,2000,872.502,0,0,0,1,1,96,0.2,4,100,1,2817.69,3622.1,0
24.6365,79,2,2000,394.871,0,0,0,1,0,64,0.05,4,100,1,2863.34,2677.93,0
24.6405,87,6,2000,2000,0,0,0,1,0,64,0.05,4,100,1,2958.65,563.73,0
24.641,88,5,2000,1736.33,0,0,0,1,1,96,0.2,4,100,1,2803.59,5706.55,0
24.6415,89,4,2000,1464.84,0,0,0,1,1,32,0.15,4,100,1,2785.52,5434.82,0
24.642,90,4,2000,1119.45,0,0,0,1,1,32,0.15,4,100,1,2772.84,5165.42,0
24.6425,91,3,2000,824.779,0,0,0,1,1,32,0.15,4,100,1,2763.91,4850.61,0
24.652,110,4,2000,1324.13,0,0,0,1,1,32,0.15,4,100,1,2770.69,5119.52,0
24.6525,111,3,2000,1013.18,0,0,0,1,1,32,0.15,4,100,1,2767.05,4864.57,0
24.653,112,3,2000,727.645,0,0,0,1,1,32,0.15,4,100,1,2776.34,4577.34,0
24.654,114,2,2000,452.931,0,0,0,1,0,0,0,4,100,1,2803.91,3952.14,0
24.662,130,4,2000,1345.18,0,0,0,1,1,32,0.15,4,100,1,2777.45,5349.72,0
24.6625,131,3,2000,987.695,0,0,0,1,1,32,0.15,4,100,1,2768.33,5137.66,0
24.6705,147,1,2000,98.4367,0,0,0,1,0,0,0,4,100,1,2935.9,587.22,0
24.671,148,2,2000,388.89,0,0,0,1,0,0,0,4,100,1,2872.19,1841.27,0
24.6715,149,3,2000,1059.65,0,0,0,1,1,32,0.15,4,100,1,2890.56,1494.97,0
24.6725,151,2,2000,385.8,0,0,0,1,0,64,0.05,4,100,1,2884.82,1626.74,0
24.673,152,2,2000,503.153,0,0,0,1,0,64,0.05,4,100,1,2882.74,1674.35,0
24.674,154,5,2000,1807.42,0,0,0,1,1,32,0.15,4,100,1,2878.24,1777.14,0
24.6745,155,4,2000,1461.12,0,0,0,1,1,96,0.2,4,100,1,2862.62,2129.79,0
24.6755,157,5,2000,1592.9,0,0,0,1,1,96,0.2,4,100,1,2873.92,1874.73,0
24.676,158,5,2000,1640.51,0,0,0,1,1,96,0.2,4,100,1,2849.02,2459.93,0
24.675,156,4,2000,1507.36,0,0,0,1,1,96,0.2,4,100,1,2876.07,1826.17,0
24.6765,159,5,2000,1691.27,0,0,0,1,1,96,0.2,4,100,1,2847.27,2508.01,0
24.677,160,5,2000,1743.31,0,0,0,1,1,96,0.2,4,100,1,2845.51,2555.97,0
24.678,162,5,2000,1792.35,0,0,0,1,1,32,0.15,4,100,1,2841.26,2659.59,0
24.698,202,13,2767.85,4235.61,0,0,0,0,0,0,0,4,100,0,0,0,0
24.6985,203,14,2749,4678.28,0,0,0,0,0,0,0,4,100,0,0,0,0
24.699,204,15,2745.32,5058.65,0,0,0,0,0,0,0,4,100,0,0,0,0
24.6995,205,17,2767.87,5485.82,0,0,0,0,0,0,0,4,100,0,0,0,0
24.703,12,6,2000,1966.28,0,0,0,1,0,0,0,4,100,1,2837.82,6411.29,0
24.7035,13,5,2000,1664.74,0,0,0,1,1,32,0.15,4,100,1,2819.97,6068.48,0
24.704,14,4,2000,1279.08,0,0,0,1,1,32,0.15,4,100,1,2804.41,5781.02,0
24.7045,15,3,2000,951.029,0,0,0,1,1,32,0.15,4,100,1,2782.05,5430.19,0
24.7055,17,3,2000,622.015,0,0,0,1,1,32,0.15,4,100,1,2770.21,4719.05,0
24.73,66,6,2000,1997.37,0,0,0,1,0,64,0.05,4,100,1,2910.71,1331.84,0
24.7305,67,6,2000,1946.31,0,0,0,1,0,64,0.05,4,100,1,2915.56,1207.85,0
24.731,68,5,2000,1793.32,0,0,0,1,1,96,0.2,4,100,1,2928.06,970.58,0
24.732,70,4,2000,1138.2,0,0,0,1,1,96,0.2,4,100,1,2927.36,906.6,0
24.7325,71,4,2000,1256.65,0,0,0,1,1,96,0.2,4,100,1,2932.12,866.68,0
24.7315,69,5,2000,1767.93,0,0,0,1,1,96,0.2,4,100,1,2925.5,953.9,0
24.733,72,4,2000,1298.38,0,0,0,1,1,96,0.2,4,100,1,2964,464.5,0
24.7335,73,4,2000,1174.39,0,0,0,1,1,96,0.2,4,100,1,2973.9,428.96,0
24.734,74,3,2000,937.126,0,0,0,1,1,96,0.2,4,100,1,2809.32,6719.35,0
24.7345,75,3,2000,920.45,0,0,0,1,1,96,0.2,4,100,1,2837.29,6372.45,0
24.7355,77,3,2000,833.236,0,0,0,1,1,96,0.2,4,100,1,2833.84,3298.01,0
24.735,76,3,2000,873.153,0,0,0,1,1,96,0.2,4,100,1,2817.69,3622.1,0
24.7365,79,2,2000,395.523,0,0,0,1,0,64,0.05,4,100,1,2863.34,2677.93,0
24.736,78,2,2000,431.06,0,0,0,1,0,64,0.05,4,100,1,2846.58,3002.01,0
24.7405,87,6,2000,2000,0,0,0,1,0,64,0.05,4,100,1,2958.65,563.73,0
24.741,88,5,2000,1736.98,0,0,0,1,1,96,0.2,4,100,1,2803.59,5706.55,0
24.7415,89,4,2000,1465.5,0,0,0,1,1,32,0.15,4,100,1,2785.52,5434.82,0
24.742,90,4,2000,1120.1,0,0,0,1,1,32,0.15,4,100,1,2772.84,5165.42,0
24.7425,91,3,2000,825.434,0,0,0,1,1,32,0.15,4,100,1,2763.91,4850.61,0
24.752,110,4,2000,1324.79,0,0,0,1,1,32,0.15,4,100,1,2770.69,5119.52,0
24.7525,111,3,2000,1013.84,0,0,0,1,1,32,0.15,4,100,1,2767.05,4864.57,0
24.753,112,3,2000,728.306,0,0,0,1,1,32,0.15,4,100,1,2776.34,4577.34,0
24.754,114,2,2000,453.593,0,0,0,1,0,0,0,4,100,1,2803.91,3952.14,0
24.762,130,4,2000,1345.85,0,0,0,1,1,32,0.15,4,100,1,2777.45,5349.72,0
24.7625,131,3,2000,988.362,0,0,0,1,1,32,0.15,4,100,1,2768.33,5137.66,0
24.7705,147,1,2000,99.1071,0,0,0,1,0,0,0,4,100,1,2935.9,587.22,0
24.771,148,2,2000,389.561,0,0,0,1,0,0,0,4,100,1,2872.19,1841.27,0
24.7715,149,3,2000,1060.32,0,0,0,1,1,32,0.15,4,100,1,2890.56,1494.97,0
24.7725,151,2,2000,386.471,0,0,0,1,0,64,0.05,4,100,1,2884.82,1626.74,0
24.773,152,2,2000,503.825,0,0,0,1,0,64,0.05,4,100,1,2882.74,1674.35,0
24.774,154,5,2000,1808.09,0,0,0,1,1,32,0.15,4,100,1,2878.24,1777.14,0
24.7745,155,4,2000,1461.8,0,0,0,1,1,96,0.2,4,100,1,2862.62,2129.79,0
24.775,156,4,2000,1508.03,0,0,0,1,1,96,0.2,4,100,1,2876.07,1826.17,0
24.7755,157,5,2000,1593.57,0,0,0,1,1,96,0.2,4,100,1,2873.92,1874.73,0
24.776,158,5,2000,1641.19,0,0,0,1,1,96,0.2,4,100,1,2849.02,2459.93,0
24.7765,159,5,2000,1691.94,0,0,0,1,1,96,0.2,4,100,1,2847.27,2508.01,0
24.777,160,5,2000,1743.98,0,0,0,1,1,96,0.2,4,100,1,2845.51,2555.97,0
24.778,162,5,2000,1793.02,0,0,0,1,1,32,0.15,4,100,1,2841.26,2659.59,0
24.798,202,13,2767.85,4235.61,0,0,0,0,0,0,0,4,100,0,0,0,0
24.7985,203,14,2749,4678.28,0,0,0,0,0,0,0,4,100,0,0,0,0
24.799,204,15,2745.32,5058.65,0,0,0,0,0,0,0,4,100,0,0,0,0
24.7995,205,17,2767.87,5485.82,0,0,0,0,0,0,0,4,100,0,0,0,0
24.803,12,6,2000,1966.97,0,0,0,1,0,0,0,4,100,1,2837.82,6411.29,0
24.8035,13,5,2000,1665.43,0,0,0,1,1,32,0.15,4,100,1,2819.97,6068.48,0
24.804,14,4,2000,1279.76,0,0,0,1,1,32,0.15,4,100,1,2804.41,5781.02,0
24.8045,15,3,2000,951.717,0,0,0,1,1,32,0.15,4,100,1,2782.05,5430.19,0
24.8055,17,3,2000,622.704,0,0,0,1,1,32,0.15,4,100,1,2770.21,4719.05,0
24.83,66,6,2000,1998.07,0,0,0,1,0,64,0.05,4,100,1,2910.71,1331.84,0
24.8305,67,6,2000,1947.01,0,0,0,1,0,64,0.05,4,100,1,2915.56,1207.85,0
24.831,68,5,2000,1794.02,0,0,0,1,1,96,0.2,4,100,1,2928.06,970.58,0
24.8315,69,5,2000,1768.63,0,0,0,1,1,96,0.2,4,100,1,2925.5,953.9,0
24.8325,71,4,2000,1257.35,0,0,0,1,1,96,0.2,4,100,1,2932.12,866.68,0
24.833,72,4,2000,1299.08,0,0,0,1,1,96,0.2,4,100,1,2964,464.5,0
24.832,70,4,2000,1138.91,0,0,0,1,1,96,0.2,4,100,1,2927.36,906.6,0
24.834,74,3,2000,937.831,0,0,0,1,1,96,0.2,4,100,1,2809.32,6719.35,0
24.8345,75,3,2000,921.154,0,0,0,1,1,96,0.2,4,100,1,2837.29,6372.45,0
24.8335,73,4,2000,1175.1,0,0,0,1,1,96,0.2,4,100,1,2973.9,428.96,0
24.835,76,3,2000,873.858,0,0,0,1,1,96,0.2,4,100,1,2817.69,3622.1,0
24.836,78,2,2000,431.765,0,0,0,1,0,64,0.05,4,100,1,2846.58,3002.01,0
24.8355,77,3,2000,833.942,0,0,0,1,1,96,0.2,4,100,1,2833.84,3298.01,0
24.8365,79,2,2000,396.229,0,0,0,1,0,64,0.05,4,100,1,2863.34,2677.93,0
24.8405,87,6,2000,2000,0,0,0,1,0,64,0.05,4,100,1,2958.65,563.73,0
24.841,88,5,2000,1737.69,0,0,0,1,1,96,0.2,4,100,1,2803.59,5706.55,0
24.8415,89,4,2000,1466.21,0,0,0,1,1,32,0.15,4,100,1,2785.52,5434.82,0
24.842,90,4,2000,1120.81,0,0,0,1,1,32,0.15,4,100,1,2772.84,5165.42,0
24.8425,91,3,2000,826.143,0,0,0,1,1,32,0.15,4,100,1,2763.91,4850.61,0
24.852,110,4,2000,1325.5,0,0,0,1,1,32,0.15,4,100,1,2770.69,5119.52,0
24.8525,111,3,2000,1014.56,0,0,0,1,1,32,0.15,4,100,1,2767.05,4864.57,0
24.853,112,3,2000,729.02,0,0,0,1,1,32,0.15,4,100,1,2776.34,4577.34,0
24.854,114,2,2000,454.308,0,0,0,1,0,0,0,4,100,1,2803.91,3952.14,0
24.862,130,4,2000,1346.57,0,0,0,1,1,32,0.15,4,100,1,2777.45,5349.72,0
24.8625,131,3,2000,989.081,0,0,0,1,1,32,0.15,4,100,1,2768.33,5137.66,0
24.8705,147,1,2000,99.8307,0,0,0,1,0,0,0,4,100,1,2935.9,587.22,0
24.871,148,2,2000,390.284,0,0,0,1,0,0,0,4,100,1,2872.19,1841.27,0
24.8715,149,3,2000,1061.05,0,0,0,1,1,32,0.15,4,100,1,2890.56,1494.97,0
24.8725,151,2,2000,387.196,0,0,0,1,0,64,0.05,4,100,1,2884.82,1626.74,0
24.873,152,2,2000,504.549,0,0,0,1,0,64,0.05,4,100,1,2882.74,1674.35,0
24.874,154,5,2000,1808.82,0,0,0,1,1,32,0.15,4,100,1,2878.24,1777.14,0
24.8745,155,4,2000,1462.52,0,0,0,1,1,96,0.2,4,100,1,2862.62,2129.79,0
24.875,156,4,2000,1508.75,0,0,0,1,1,96,0.2,4,100,1,2876.07,1826.17,0
24.8755,157,5,2000,1594.3,0,0,0,1,1,96,0.2,4,100,1,2873.92,1874.73,0
24.876,158,5,2000,1641.91,0,0,0,1,1,96,0.2,4,100,1,2849.02,2459.93,0
24.877,160,5,2000,1744.71,0,0,0,1,1,96,0.2,4,100,1,2845.51,2555.97,0
24.878,162,5,2000,1793.75,0,0,0,1,1,32,0.15,4,100,1,2841.26,2659.59,0
24.8765,159,5,2000,1692.67,0,0,0,1,1,96,0.2,4,100,1,2847.27,2508.01,0
24.898,202,13,2767.85,4235.61,0,0,0,0,0,0,0,4,100,0,0,0,0
24.8985,203,14,2749,4678.28,0,0,0,0,0,0,0,4,100,0,0,0,0
24.899,204,15,2745.32,5058.65,0,0,0,0,0,0,0,4,100,0,0,0,0
24.8995,205,17,2767.87,5485.82,0,0,0,0,0,0,0,4,100,0,0,0,0
24.903,12,6,2000,1967.71,0,0,0,1,0,0,0,4,100,1,2837.82,6411.29,0
24.9035,13,5,2000,1666.17,0,0,0,1,1,32,0.15,4,100,1,2819.97,6068.48,0
24.904,14,4,2000,1280.5,0,0,0,1,1,32,0.15,4,100,1,2804.41,5781.02,0
24.9045,15,3,2000,952.459,0,0,0,1,1,32,0.15,4,100,1,2782.05,5430.19,0
24.9055,17,3,2000,623.446,0,0,0,1,1,32,0.15,4,100,1,2770.21,4719.05,0
24.93,66,6,2000,1998.83,0,0,0,1,0,64,0.05,4,100,1,2910.71,1331.84,0
24.9305,67,6,2000,1947.77,0,0,0,1,0,64,0.05,4,100,1,2915.56,1207.85,0
24.931,68,5,2000,1794.77,0,0,0,1,1,96,0.2,4,100,1,2928.06,970.58,0
24.9315,69,5,2000,1769.39,0,0,0,1,1,96,0.2,4,100,1,2925.5,953.9,0
24.9325,71,4,2000,1258.11,0,0,0,1,1,96,0.2,4,100,1,2932.12,866.68,0
24.933,72,4,2000,1299.84,0,0,0,1,1,96,0.2,4,100,1,2964,464.5,0
24.932,70,4,2000,1139.66,0,0,0,1,1,96,0.2,4,100,1,2927.36,906.6,0
24.9335,73,4,2000,1175.85,0,0,0,1,1,96,0.2,4,100,1,2973.9,428.96,0
24.9345,75,3,2000,921.911,0,0,0,1,1,96,0.2,4,100,1,2837.29,6372.45,0
24.935,76,3,2000,874.615,0,0,0,1,1,96,0.2,4,100,1,2817.69,3622.1,0
24.934,74,3,2000,938.587,0,0,0,1,1,96,0.2,4,100,1,2809.32,6719.35,0
24.9365,79,2,2000,396.987,0,0,0,1,0,64,0.05,4,100,1,2863.34,2677.93,0
24.936,78,2,2000,432.523,0,0,0,1,0,64,0.05,4,100,1,2846.58,3002.01,0
24.9355,77,3,2000,834.699,0,0,0,1,1,96,0.2,4,100,1,2833.84,3298.01,0
24.9405,87,6,2000,2000,0,0,0,1,0,64,0.05,4,100,1,2958.65,563.73,0
24.941,88,5,2000,1738.45,0,0,0,1,1,96,0.2,4,100,1,2803.59,5706.55,0
24.9415,89,4,2000,1466.97,0,0,0,1,1,32,0.15,4,100,1,2785.52,5434.82,0
24.942,90,4,2000,1121.57,0,0,0,1,1,32,0.15,4,100,1,2772.84,5165.42,0
24.9425,91,3,2000,826.904,0,0,0,1,1,32,0.15,4,100,1,2763.91,4850.61,0
24.952,110,4,2000,1326.27,0,0,0,1,1,32,0.15,4,100,1,2770.69,5119.52,0
24.9525,111,3,2000,1015.32,0,0,0,1,1,32,0.15,4,100,1,2767.05,4864.57,0
24.953,112,3,2000,729.787,0,0,0,1,1,32,0.15,4,100,1,2776.34,4577.34,0
24.954,114,2,2000,455.075,0,0,0,1,0,0,0,4,100,1,2803.91,3952.14,0
24.962,130,4,2000,1347.34,0,0,0,1,1,32,0.15,4,100,1,2777.45,5349.72,0
24.9625,131,3,2000,989.852,0,0,0,1,1,32,0.15,4,100,1,2768.33,5137.66,0
24.9705,147,1,2000,100.606,0,0,0,1,0,0,0,4,100,1,2935.9,587.22,0
24.971,148,2,2000,391.06,0,0,0,1,0,0,0,4,100,1,2872.19,1841.27,0
24.9715,149,3,2000,1061.82,0,0,0,1,1,32,0.15,4,100,1,2890.56,1494.97,0
24.9725,151,2,2000,387.972,0,0,0,1,0,64,0.05,4,100,1,2884.82,1626.74,0
24.973,152,2,2000,505.326,0,0,0,1,0,64,0.05,4,100,1,2882.74,1674.35,0
24.974,154,5,2000,1809.59,0,0,0,1,1,32,0.15,4,100,1,2878.24,1777.14,0
24.9745,155,4,2000,1463.3,0,0,0,1,1,96,0.2,4,100,1,2862.62,2129.79,0
24.975,156,4,2000,1509.53,0,0,0,1,1,96,0.2,4,100,1,2876.07,1826.17,0
24.9755,157,5,2000,1595.08,0,0,0,1,1,96,0.2,4,100,1,2873.92,1874.73,0
24.9765,159,5,2000,1693.44,0,0,0,1,1,96,0.2,4,100,1,2847.27,2508.01,0
24.977,160,5,2000,1745.49,0,0,0,1,1,96,0.2,4,100,1,2845.51,2555.97,0
24.978,162,5,2000,1794.53,0,0,0,1,1,32,0.15,4,100,1,2841.26,2659.59,0
24.976,158,5,2000,1642.69,0,0,0,1,1,96,0.2,4,100,1,2849.02,2459.93,0
24.998,202,13,2767.85,4235.61,0,0,0,0,0,0,0,4,100,0,0,0,0
24.9985,203,14,2749,4678.28,0,0,0,0,0,0,0,4,100,0,0,0,0
24.999,204,15,2745.32,5058.65,0,0,0,0,0,0,0,4,100,0,0,0,0
24.9995,205,17,2767.87,5485.82,0,0,0,0,0,0,0,4,100,0,0,0,0
25.003,12,6,2000,1968.5,0,0,0,1,0,0,0,4,100,1,2837.82,6411.29,0
25.0035,13,5,2000,1666.96,0,0,0,1,1,32,0.15,4,100,1,2819.97,6068.48,0
25.004,14,4,2000,1281.3,0,0,0,1,1,32,0.15,4,100,1,2804.41,5781.02,0
25.0045,15,3,2000,953.252,0,0,0,1,1,32,0.15,4,100,1,2782.05,5430.19,0
25.0055,17,3,2000,624.24,0,0,0,1,1,32,0.15,4,100,1,2770.21,4719.05,0
25.03,66,6,2000,1999.63,0,0,0,1,0,64,0.05,4,100,1,2910.71,1331.84,0
25.0305,67,6,2000,1948.58,0,0,0,1,0,64,0.05,4,100,1,2915.56,1207.85,0
25.031,68,5,2000,1795.58,0,0,0,1,1,96,0.2,4,100,1,2928.06,970.58,0
25.0315,69,5,2000,1770.19,0,0,0,1,1,96,0.2,4,100,1,2925.5,953.9,0
25.032,70,4,2000,1140.47,0,0,0,1,1,96,0.2,4,100,1,2927.36,906.6,0
25.034,74,3,2000,939.395,0,0,0,1,1,96,0.2,4,100,1,2809.32,6719.35,0
25.0345,75,3,2000,922.719,0,0,0,1,1,96,0.2,4,100,1,2837.29,6372.45,0
25.035,76,3,2000,875.424,0,0,0,1,1,96,0.2,4,100,1,2817.69,3622.1,0
25.0325,71,4,2000,1258.91,0,0,0,1,1,96,0.2,4,100,1,2932.12,866.68,0
25.0355,77,3,2000,835.508,0,0,0,1,1,96,0.2,4,100,1,2833.84,3298.01,0
25.036,78,2,2000,433.332,0,0,0,1,0,64,0.05,4,100,1,2846.58,3002.01,0
25.0335,73,4,2000,1176.66,0,0,0,1,1,96,0.2,4,100,1,2973.9,428.96,0
25.0365,79,2,2000,397.796,0,0,0,1,0,64,0.05,4,100,1,2863.34,2677.93,0
25.033,72,4,2000,1300.65,0,0,0,1,1,96,0.2,4,100,1,2964,464.5,0
25.0405,87,6,2000,2000,0,0,0,1,0,64,0.05,4,100,1,2958.65,563.73,0
25.041,88,5,2000,1739.26,0,0,0,1,1,96,0.2,4,100,1,2803.59,5706.55,0
25.0415,89,4,2000,1467.78,0,0,0,1,1,32,0.15,4,100,1,2785.52,5434.82,0
25.042,90,4,2000,1122.38,0,0,0,1,1,32,0.15,4,100,1,2772.84,5165.42,0
25.0425,91,3,2000,827.716,0,0,0,1,1,32,0.15,4,100,1,2763.91,4850.61,0
25.052,110,4,2000,1327.09,0,0,0,1,1,32,0.15,4,100,1,2770.69,5119.52,0
25.0525,111,3,2000,1016.14,0,0,0,1,1,32,0.15,4,100,1,2767.05,4864.57,0
25.053,112,3,2000,730.604,0,0,0,1,1,32,0.15,4,100,1,2776.34,4577.34,0
25.054,114,2,2000,455.893,0,0,0,1,0,0,0,4,100,1,2803.91,3952.14,0
25.062,130,4,2000,1348.16,0,0,0,1,1,32,0.15,4,100,1,2777.45,5349.72,0
25.0625,131,3,2000,990.675,0,0,0,1,1,32,0.15,4,100,1,2768.33,5137.66,0
25.0705,147,1,2000,101.433,0,0,0,1,0,0,0,4,100,1,2935.9,587.22,0
25.071,148,2,2000,391.887,0,0,0,1,0,0,0,4,100,1,2872.19,1841.27,0
25.0715,149,3,2000,1062.65,0,0,0,1,1,32,0.15,4,100,1,2890.56,1494.97,0
25.0725,151,2,2000,388.8,0,0,0,1,0,64,0.05,4,100,1,2884.82,1626.74,0
25.073,152,2,2000,506.154,0,0,0,1,0,64,0.05,4,100,1,2882.74,1674.35,0
25.074,154,5,2000,1810.42,0,0,0,1,1,32,0.15,4,100,1,2878.24,1777.14,0
25.0745,155,4,2000,1464.13,0,0,0,1,1,96,0.2,4,100,1,2862.62,2129.79,0
25.075,156,4,2000,1510.36,0,0,0,1,1,96,0.2,4,100,1,2876.07,1826.17,0
25.0755,157,5,2000,1595.91,0,0,0,1,1,96,0.2,4,100,1,2873.92,1874.73,0
25.076,158,5,2000,1643.52,0,0,0,1,1,96,0.2,4,100,1,2849.02,2459.93,0
25.077,160,5,2000,1746.32,0,0,0,1,1,96,0.2,4,100,1,2845.51,2555.97,0
25.078,162,5,2000,1795.36,0,0,0,1,1,32,0.15,4,100,1,2841.26,2659.59,0
25.0765,159,5,2000,1694.27,0,0,0,1,0,64,0.05,4,100,1,2847.27,2508.01,0
25.098,202,13,2767.85,4235.61,0,0,0,0,0,0,0,4,100,0,0,0,0
25.0985,203,14,2749,4678.28,0,0,0,0,0,0,0,4,100,0,0,0,0
25.099,204,15,2745.32,5058.65,0,0,0,0,0,0,0,4,100,0,0,0,0
25.0995,205,17,2767.87,5485.82,0,0,0,0,0,0,0,4,100,0,0,0,0
25.103,12,6,2000,1969.34,0,0,0,1,0,0,0,4,100,1,2837.82,6411.29,0
25.1035,13,5,2000,1667.81,0,0,0,1,0,0,0,4,100,1,2819.97,6068.48,0
25.104,14,4,2000,1282.14,0,0,0,1,1,32,0.15,4,100,1,2804.41,5781.02,0
25.1045,15,3,2000,954.095,0,0,0,1,0,0,0,4,100,1,2782.05,5430.19,0
25.1055,17,3,2000,625.083,0,0,0,1,0,0,0,4,100,1,2770.21,4719.05,0
25.13,66,6,2000,2000,0,0,0,1,0,64,0.05,4,100,1,2910.71,1331.84,0
25.1305,67,6,2000,1949.43,0,0,0,1,0,64,0.05,4,100,1,2915.56,1207.85,0
25.131,68,5,2000,1796.44,0,0,0,1,0,64,0.05,4,100,1,2928.06,970.58,0
25.1315,69,5,2000,1771.05,0,0,0,1,0,64,0.05,4,100,1,2925.5,953.9,0
25.132,70,4,2000,1141.33,0,0,0,1,1,96,0.2,4,100,1,2927.36,906.6,0
25.133,72,4,2000,1301.5,0,0,0,1,1,96,0.2,4,100,1,2964,464.5,0
25.1335,73,4,2000,1177.52,0,0,0,1,1,96,0.2,4,100,1,2973.9,428.96,0
25.134,74,3,2000,940.253,0,0,0,1,0,64,0.05,4,100,1,2809.32,6719.35,0
25.1325,71,4,2000,1259.77,0,0,0,1,1,96,0.2,4,100,1,2932.12,866.68,0
25.1355,77,3,2000,836.366,0,0,0,1,0,64,0.05,4,100,1,2833.84,3298.01,0
25.135,76,3,2000,876.282,0,0,0,1,0,64,0.05,4,100,1,2817.69,3622.1,0
25.1365,79,2,2000,398.655,0,0,0,1,0,64,0.05,4,100,1,2863.34,2677.93,0
25.1345,75,3,2000,923.577,0,0,0,1,0,64,0.05,4,100,1,2837.29,6372.45,0
25.136,78,2,2000,434.191,0,0,0,1,0,64,0.05,4,100,1,2846.58,3002.01,0
25.1405,87,6,2000,2000,0,0,0,1,0,64,0.05,4,100,1,2958.65,563.73,0
25.141,88,5,2000,1740.12,0,0,0,1,0,64,0.05,4,100,1,2803.59,5706.55,0
25.1415,89,4,2000,1468.64,0,0,0,1,1,32,0.15,4,100,1,2785.52,5434.82,0
25.142,90,4,2000,1123.24,0,0,0,1,1,32,0.15,4,100,1,2772.84,5165.42,0
25.1425,91,3,2000,828.578,0,0,0,1,0,0,0,4,100,1,2763.91,4850.61,0
25.152,110,4,2000,1327.95,0,0,0,1,1,32,0.15,4,100,1,2770.69,5119.52,0
25.1525,111,3,2000,1017.01,0,0,0,1,0,0,0,4,100,1,2767.05,4864.57,0
25.153,112,3,2000,731.471,0,0,0,1,1,32,0.15,4,100,1,2776.34,4577.34,0
25.154,114,2,2000,456.76,0,0,0,1,0,0,0,4,100,1,2803.91,3952.14,0
25.162,130,4,2000,1349.03,0,0,0,1,0,0,0,4,100,1,2777.45,5349.72,0
25.1625,131,3,2000,991.546,0,0,0,1,1,32,0.15,4,100,1,2768.33,5137.66,0
25.1705,147,1,2000,102.308,0,0,0,1,0,0,0,4,100,1,2935.9,587.22,0
25.171,148,2,2000,392.763,0,0,0,1,0,0,0,4,100,1,2872.19,1841.27,0
25.1715,149,3,2000,1063.53,0,0,0,1,1,32,0.15,4,100,1,2890.56,1494.97,0
25.1725,151,2,2000,389.676,0,0,0,1,0,64,0.05,4,100,1,2884.82,1626.74,0
25.173,152,2,2000,507.031,0,0,0,1,0,64,0.05,4,100,1,2882.74,1674.35,0
25.174,154,5,2000,1811.3,0,0,0,1,0,0,0,4,100,1,2878.24,1777.14,0
25.1745,155,4,2000,1465,0,0,0,1,0,64,0.05,4,100,1,2862.62,2129.79,0
25.175,156,4,2000,1511.24,0,0,0,1,0,64,0.05,4,100,1,2876.07,1826.17,0
25.1755,157,5,2000,1596.78,0,0,0,1,0,64,0.05,4,100,1,2873.92,1874.73,0
25.176,158,5,2000,1644.4,0,0,0,1,0,64,0.05,4,100,1,2849.02,2459.93,0
25.1765,159,5,2000,1695.15,0,0,0,1,0,64,0.05,4,100,1,2847.27,2508.01,0
25.177,160,5,2000,1747.2,0,0,0,1,1,96,0.2,4,100,1,2845.51,2555.97,0
25.178,162,5,2000,1796.24,0,0,0,1,1,32,0.15,4,100,1,2841.26,2659.59,0
25.198,202,13,2767.85,4235.61,0,0,0,0,0,0,0,4,100,0,0,0,0
25.1985,203,14,2749,4678.28,0,0,0,0,0,0,0,4,100,0,0,0,0
25.199,204,15,2745.32,5058.65,0,0,0,0,0,0,0,4,100,0,0,0,0
25.1995,205,17,2767.87,5485.82,0,0,0,0,0,0,0,4,100,0,0,0,0
25.203,12,6,2000,1970.23,0,0,0,1,0,0,0,4,100,1,2837.82,6411.29,0
25.2035,13,5,2000,1668.7,0,0,0,1,1,32,0.15,4,100,1,2819.97,6068.48,0
25.204,14,4,2000,1283.03,0,0,0,1,0,0,0,4,100,1,2804.41,5781.02,0
25.2045,15,3,2000,954.987,0,0,0,1,1,32,0.15,4,100,1,2782.05,5430.19,0
25.2055,17,3,2000,625.976,0,0,0,1,1,32,0.15,4,100,1,2770.21,4719.05,0
25.23,66,6,2000,2000,0,0,0,1,0,64,0.05,4,100,1,2910.71,1331.84,0
25.2305,67,6,2000,1950.34,0,0,0,1,0,64,0.05,4,100,1,2915.56,1207.85,0
25.231,68,5,2000,1797.34,0,0,0,1,1,96,0.2,4,100,1,2928.06,970.58,0
25.2315,69,5,2000,1771.96,0,0,0,1,1,96,0.2,4,100,1,2925.5,953.9,0
25.2325,71,4,2000,1260.68,0,0,0,1,0,64,0.05,4,100,1,2932.12,866.68,0
25.233,72,4,2000,1302.41,0,0,0,1,0,64,0.05,4,100,1,2964,464.5,0
25.232,70,4,2000,1142.23,0,0,0,1,0,64,0.05,4,100,1,2927.36,906.6,0
25.2335,73,4,2000,1178.42,0,0,0,1,0,64,0.05,4,100,1,2973.9,428.96,0
25.234,74,3,2000,941.159,0,0,0,1,1,96,0.2,4,100,1,2809.32,6719.35,0
25.2345,75,3,2000,924.484,0,0,0,1,1,96,0.2,4,100,1,2837.29,6372.45,0
25.235,76,3,2000,877.189,0,0,0,1,1,96,0.2,4,100,1,2817.69,3622.1,0
25.236,78,2,2000,435.098,0,0,0,1,0,64,0.05,4,100,1,2846.58,3002.01,0
25.2355,77,3,2000,837.273,0,0,0,1,1,96,0.2,4,100,1,2833.84,3298.01,0
25.2365,79,2,2000,399.563,0,0,0,1,0,64,0.05,4,100,1,2863.34,2677.93,0
25.2405,87,6,2000,2000,0,0,0,1,0,64,0.05,4,100,1,2958.65,563.73,0
25.241,88,5,2000,1741.03,0,0,0,1,1,96,0.2,4,100,1,2803.59,5706.55,0
25.2415,89,4,2000,1469.55,0,0,0,1,1,32,0.15,4,100,1,2785.52,5434.82,0
25.242,90,4,2000,1124.15,0,0,0,1,1,32,0.15,4,100,1,2772.84,5165.42,0
25.2425,91,3,2000,829.489,0,0,0,1,1,32,0.15,4,100,1,2763.91,4850.61,0
25.252,110,4,2000,1328.87,0,0,0,1,1,32,0.15,4,100,1,2770.69,5119.52,0
25.2525,111,3,2000,1017.92,0,0,0,1,1,32,0.15,4,100,1,2767.05,4864.57,0
25.253,112,3,2000,732.387,0,0,0,1,1,32,0.15,4,100,1,2776.34,4577.34,0
25.254,114,2,2000,457.676,0,0,0,1,0,0,0,4,100,1,2803.91,3952.14,0
25.262,130,4,2000,1349.95,0,0,0,1,1,32,0.15,4,100,1,2777.45,5349.72,0
25.2625,131,3,2000,992.466,0,0,0,1,1,32,0.15,4,100,1,2768.33,5137.66,0
25.2705,147,1,2000,103.232,0,0,0,1,0,0,0,4,100,1,2935.9,587.22,0
25.271,148,2,2000,393.687,0,0,0,1,0,0,0,4,100,1,2872.19,1841.27,0
25.2715,149,3,2000,1064.45,0,0,0,1,1,32,0.15,4,100,1,2890.56,1494.97,0
25.2725,151,2,2000,390.601,0,0,0,1,0,64,0.05,4,100,1,2884.82,1626.74,0
25.274,154,5,2000,1812.23,0,0,0,1,1,32,0.15,4,100,1,2878.24,1777.14,0
25.2745,155,4,2000,1465.93,0,0,0,1,1,96,0.2,4,100,1,2862.62,2129.79,0
25.275,156,4,2000,1512.16,0,0,0,1,1,96,0.2,4,100,1,2876.07,1826.17,0
25.2755,157,5,2000,1597.71,0,0,0,1,1,96,0.2,4,100,1,2873.92,1874.73,0
25.276,158,5,2000,1645.32,0,0,0,1,1,96,0.2,4,100,1,2849.02,2459.93,0
25.277,160,5,2000,1748.12,0,0,0,1,1,96,0.2,4,100,1,2845.51,2555.97,0
25.2765,159,5,2000,1696.08,0,0,0,1,1,96,0.2,4,100,1,2847.27,2508.01,0
25.278,162,5,2000,1797.16,0,0,0,1,1,32,0.15,4,100,1,2841.26,2659.59,0
25.298,202,13,2767.85,4235.61,0,0,0,0,0,0,0,4,100,0,0,0,0
25.2985,203,14,2749,4678.28,0,0,0,0,0,0,0,4,100,0,0,0,0
25.299,204,15,2745.32,5058.65,0,0,0,0,0,0,0,4,100,0,0,0,0
25.2995,205,17,2767.87,5485.82,0,0,0,0,0,0,0,4,100,0,0,0,0
25.303,12,6,2000,1971.17,0,0,0,1,0,0,0,4,100,1,2837.82,6411.29,0
25.3035,13,5,2000,1669.64,0,0,0,1,1,32,0.15,4,100,1,2819.97,6068.48,0
25.304,14,4,2000,1283.97,0,0,0,1,1,32,0.15,4,100,1,2804.41,5781.02,0
25.3045,15,3,2000,955.927,0,0,0,1,1,32,0.15,4,100,1,2782.05,5430.19,0
25.3055,17,3,2000,626.916,0,0,0,1,1,32,0.15,4,100,1,2770.21,4719.05,0
25.33,66,6,2000,2000,0,0,0,1,0,64,0.05,4,100,1,2910.71,1331.84,0
25.3305,67,6,2000,1951.29,0,0,0,1,0,64,0.05,4,100,1,2915.56,1207.85,0
25.331,68,5,2000,1798.29,0,0,0,1,1,96,0.2,4,100,1,2928.06,970.58,0
25.3315,69,5,2000,1772.91,0,0,0,1,1,96,0.2,4,100,1,2925.5,953.9,0
25.332,70,4,2000,1143.18,0,0,0,1,1,96,0.2,4,100,1,2927.36,906.6,0
25.333,72,4,2000,1303.36,0,0,0,1,1,96,0.2,4,100,1,2964,464.5,0
25.3325,71,4,2000,1261.63,0,0,0,1,1,96,0.2,4,100,1,2932.12,866.68,0
25.3335,73,4,2000,1179.38,0,0,0,1,1,96,0.2,4,100,1,2973.9,428.96,0
25.3345,75,3,2000,925.438,0,0,0,1,1,96,0.2,4,100,1,2837.29,6372.45,0
25.335,76,3,2000,878.142,0,0,0,1,1,96,0.2,4,100,1,2817.69,3622.1,0
25.3355,77,3,2000,838.227,0,0,0,1,1,96,0.2,4,100,1,2833.84,3298.01,0
25.334,74,3,2000,942.113,0,0,0,1,1,96,0.2,4,100,1,2809.32,6719.35,0
25.336,78,2,2000,436.052,0,0,0,1,0,64,0.05,4,100,1,2846.58,3002.01,0
25.3365,79,2,2000,400.517,0,0,0,1,0,64,0.05,4,100,1,2863.34,2677.93,0
25.3405,87,6,2000,2000,0,0,0,1,0,64,0.05,4,100,1,2958.65,563.73,0
25.341,88,5,2000,1741.99,0,0,0,1,1,96,0.2,4,100,1,2803.59,5706.55,0
25.3415,89,4,2000,1470.51,0,0,0,1,1,32,0.15,4,100,1,2785.52,5434.82,0
25.342,90,4,2000,1125.11,0,0,0,1,1,32,0.15,4,100,1,2772.84,5165.42,0
25.3425,91,3,2000,830.446,0,0,0,1,1,32,0.15,4,100,1,2763.91,4850.61,0
25.352,110,4,2000,1329.83,0,0,0,1,1,32,0.15,4,100,1,2770.69,5119.52,0
25.3525,111,3,2000,1018.88,0,0,0,1,1,32,0.15,4,100,1,2767.05,4864.57,0
25.353,112,3,2000,733.349,0,0,0,1,1,32,0.15,4,100,1,2776.34,4577.34,0
25.354,114,2,2000,458.639,0,0,0,1,0,0,0,4,100,1,2803.91,3952.14,0
25.362,130,4,2000,1350.92,0,0,0,1,1,32,0.15,4,100,1,2777.45,5349.72,0
25.3625,131,3,2000,993.433,0,0,0,1,1,32,0.15,4,100,1,2768.33,5137.66,0
25.3705,147,1,2000,104.202,0,0,0,1,0,0,0,4,100,1,2935.9,587.22,0
25.371,148,2,2000,394.657,0,0,0,1,0,0,0,4,100,1,2872.19,1841.27,0
25.3715,149,3,2000,1065.42,0,0,0,1,1,32,0.15,4,100,1,2890.56,1494.97,0
25.3725,151,2,2000,391.572,0,0,0,1,0,64,0.05,4,100,1,2884.82,1626.74,0
25.374,154,5,2000,1813.2,0,0,0,1,1,32,0.15,4,100,1,2878.24,1777.14,0
25.3745,155,4,2000,1466.9,0,0,0,1,1,96,0.2,4,100,1,2862.62,2129.79,0
25.375,156,4,2000,1513.14,0,0,0,1,1,96,0.2,4,100,1,2876.07,1826.17,0
25.3755,157,5,2000,1598.68,0,0,0,1,1,96,0.2,4,100,1,2873.92,1874.73,0
25.3765,159,5,2000,1697.05,0,0,0,1,1,96,0.2,4,100,1,2847.27,2508.01,0
25.377,160,5,2000,1749.1,0,0,0,1,1,96,0.2,4,100,1,2845.51,2555.97,0
25.376,158,5,2000,1646.3,0,0,0,1,1,96,0.2,4,100,1,2849.02,2459.93,0
25.378,162,5,2000,1798.14,0,0,0,1,1,32,0.15,4,100,1,2841.26,2659.59,0
25.398,202,13,2767.85,4235.61,0,0,0,0,0,0,0,4,100,0,0,0,0
25.3985,203,14,2749,4678.28,0,0,0,0,0,0,0,4,100,0,0,0,0
25.399,204,15,2745.32,5058.65,0,0,0,0,0,0,0,4,100,0,0,0,0
25.3995,205,17,2767.87,5485.82,0,0,0,0,0,0,0,4,100,0,0,0,0
25.403,12,6,2000,1972.16,0,0,0,1,0,0,0,4,100,1,2837.82,6411.29,0
25.4035,13,5,2000,1670.62,0,0,0,1,1,32,0.15,4,100,1,2819.97,6068.48,0
25.404,14,4,2000,1284.96,0,0,0,1,1,32,0.15,4,100,1,2804.41,5781.02,0
25.4045,15,3,2000,956.912,0,0,0,1,1,32,0.15,4,100,1,2782.05,5430.19,0
25.4055,17,3,2000,627.902,0,0,0,1,1,32,0.15,4,100,1,2770.21,4719.05,0
25.43,66,6,2000,2000,0,0,0,1,0,64,0.05,4,100,1,2910.71,1331.84,0
25.4305,67,6,2000,1952.29,0,0,0,1,0,64,0.05,4,100,1,2915.56,1207.85,0
25.431,68,5,2000,1799.29,0,0,0,1,1,96,0.2,4,100,1,2928.06,970.58,0
25.432,70,4,2000,1144.18,0,0,0,1,1,96,0.2,4,100,1,2927.36,906.6,0
25.4325,71,4,2000,1262.63,0,0,0,1,1,96,0.2,4,100,1,2932.12,866.68,0
25.433,72,4,2000,1304.36,0,0,0,1,1,96,0.2,4,100,1,2964,464.5,0
25.4335,73,4,2000,1180.38,0,0,0,1,1,96,0.2,4,100,1,2973.9,428.96,0
25.434,74,3,2000,943.112,0,0,0,1,1,96,0.2,4,100,1,2809.32,6719.35,0
25.435,76,3,2000,879.142,0,0,0,1,1,96,0.2,4,100,1,2817.69,3622.1,0
25.4355,77,3,2000,839.227,0,0,0,1,1,96,0.2,4,100,1,2833.84,3298.01,0
25.4345,75,3,2000,926.437,0,0,0,1,1,96,0.2,4,100,1,2837.29,6372.45,0
25.436,78,2,2000,437.052,0,0,0,1,0,64,0.05,4,100,1,2846.58,3002.01,0
25.4365,79,2,2000,401.517,0,0,0,1,0,64,0.05,4,100,1,2863.34,2677.93,0
25.4315,69,5,2000,1773.91,0,0,0,1,1,96,0.2,4,100,1,2925.5,953.9,0
25.4405,87,6,2000,2000,0,0,0,1,0,64,0.05,4,100,1,2958.65,563.73,0
25.441,88,5,2000,1742.99,0,0,0,1,1,96,0.2,4,100,1,2803.59,5706.55,0
25.4415,89,4,2000,1471.51,0,0,0,1,1,32,0.15,4,100,1,2785.52,5434.82,0
25.442,90,4,2000,1126.11,0,0,0,1,1,32,0.15,4,100,1,2772.84,5165.42,0
25.4425,91,3,2000,831.449,0,0,0,1,1,32,0.15,4,100,1,2763.91,4850.61,0
25.452,110,4,2000,1330.84,0,0,0,1,1,32,0.15,4,100,1,2770.69,5119.52,0
25.4525,111,3,2000,1019.89,0,0,0,1,1,32,0.15,4,100,1,2767.05,4864.57,0
25.453,112,3,2000,734.356,0,0,0,1,1,32,0.15,4,100,1,2776.34,4577.34,0
25.454,114,2,2000,459.647,0,0,0,1,0,0,0,4,100,1,2803.91,3952.14,0
25.462,130,4,2000,1351.93,0,0,0,1,1,32,0.15,4,100,1,2777.45,5349.72,0
25.4625,131,3,2000,994.444,0,0,0,1,1,32,0.15,4,100,1,2768.33,5137.66,0
25.4705,147,1,2000,105.217,0,0,0,1,0,0,0,4,100,1,2935.9,587.22,0
25.471,148,2,2000,395.672,0,0,0,1,0,0,0,4,100,1,2872.19,1841.27,0
25.4715,149,3,2000,1066.44,0,0,0,1,1,32,0.15,4,100,1,2890.56,1494.97,0
25.4725,151,2,2000,392.588,0,0,0,1,0,64,0.05,4,100,1,2884.82,1626.74,0
25.474,154,5,2000,1814.21,0,0,0,1,1,32,0.15,4,100,1,2878.24,1777.14,0
25.4745,155,4,2000,1467.92,0,0,0,1,1,96,0.2,4,100,1,2862.62,2129.79,0
25.475,156,4,2000,1514.15,0,0,0,1,1,96,0.2,4,100,1,2876.07,1826.17,0
25.4755,157,5,2000,1599.7,0,0,0,1,1,96,0.2,4,100,1,2873.92,1874.73,0
25.4765,159,5,2000,1698.07,0,0,0,1,1,96,0.2,4,100,1,2847.27,2508.01,0
25.476,158,5,2000,1647.31,0,0,0,1,1,96,0.2,4,100,1,2849.02,2459.93,0
25.478,162,5,2000,1799.16,0,0,0,1,1,32,0.15,4,100,1,2841.26,2659.59,0
25.477,160,5,2000,1750.11,0,0,0,1,1,96,0.2,4,100,1,2845.51,2555.97,0
25.498,202,13,2767.85,4235.61,0,0,0,0,0,0,0,4,100,0,0,0,0
25.4985,203,14,2749,4678.28,0,0,0,0,0,0,0,4,100,0,0,0,0
25.499,204,15,2745.32,5058.65,0,0,0,0,0,0,0,4,100,0,0,0,0
25.4995,205,17,2767.87,5485.82,0,0,0,0,0,0,0,4,100,0,0,0,0
25.503,12,6,2000,1973.19,0,0,0,1,0,0,0,4,100,1,2837.82,6411.29,0
25.5035,13,5,2000,1671.65,0,0,0,1,1,32,0.15,4,100,1,2819.97,6068.48,0
25.504,14,4,2000,1285.99,0,0,0,1,1,32,0.15,4,100,1,2804.41,5781.02,0
25.5045,15,3,2000,957.942,0,0,0,1,1,32,0.15,4,100,1,2782.05,5430.19,0
25.5055,17,3,2000,628.933,0,0,0,1,1,32,0.15,4,100,1,2770.21,4719.05,0
25.53,66,6,2000,2000,0,0,0,1,0,64,0.05,4,100,1,2910.71,1331.84,0
25.5305,67,6,2000,1953.33,0,0,0,1,0,64,0.05,4,100,1,2915.56,1207.85,0
25.531,68,5,2000,1800.33,0,0,0,1,1,96,0.2,4,100,1,2928.06,970.58,0
25.532,70,4,2000,1145.22,0,0,0,1,1,96,0.2,4,100,1,2927.36,906.6,0
25.5325,71,4,2000,1263.67,0,0,0,1,1,96,0.2,4,100,1,2932.12,866.68,0
25.5315,69,5,2000,1774.95,0,0,0,1,1,96,0.2,4,100,1,2925.5,953.9,0
25.5335,73,4,2000,1181.42,0,0,0,1,1,96,0.2,4,100,1,2973.9,428.96,0
25.533,72,4,2000,1305.4,0,0,0,1,1,96,0.2,4,100,1,2964,464.5,0
25.5345,75,3,2000,927.48,0,0,0,1,1,96,0.2,4,100,1,2837.29,6372.45,0
25.535,76,3,2000,880.185,0,0,0,1,1,96,0.2,4,100,1,2817.69,3622.1,0
25.536,78,2,2000,438.096,0,0,0,1,0,64,0.05,4,100,1,2846.58,3002.01,0
25.5365,79,2,2000,402.561,0,0,0,1,0,64,0.05,4,100,1,2863.34,2677.93,0
25.534,74,3,2000,944.154,0,0,0,1,1,96,0.2,4,100,1,2809.32,6719.35,0
25.5355,77,3,2000,840.27,0,0,0,1,1,96,0.2,4,100,1,2833.84,3298.01,0
25.5405,87,6,2000,2000,0,0,0,1,0,64,0.05,4,100,1,2958.65,563.73,0
25.541,88,5,2000,1744.04,0,0,0,1,1,96,0.2,4,100,1,2803.59,5706.55,0
25.5415,89,4,2000,1472.55,0,0,0,1,1,32,0.15,4,100,1,2785.52,5434.82,0
25.542,90,4,2000,1127.16,0,0,0,1,1,32,0.15,4,100,1,2772.84,5165.42,0
25.5425,91,3,2000,832.495,0,0,0,1,1,32,0.15,4,100,1,2763.91,4850.61,0
25.552,110,4,2000,1331.89,0,0,0,1,1,32,0.15,4,100,1,2770.69,5119.52,0
25.5525,111,3,2000,1020.94,0,0,0,1,1,32,0.15,4,100,1,2767.05,4864.57,0
25.553,112,3,2000,735.407,0,0,0,1,1,32,0.15,4,100,1,2776.34,4577.34,0
25.554,114,2,2000,460.698,0,0,0,1,0,0,0,4,100,1,2803.91,3952.14,0
25.562,130,4,2000,1352.98,0,0,0,1,1,32,0.15,4,100,1,2777.45,5349.72,0
25.5625,131,3,2000,995.499,0,0,0,1,1,32,0.15,4,100,1,2768.33,5137.66,0
25.5705,147,1,2000,106.276,0,0,0,1,0,0,0,4,100,1,2935.9,587.22,0
25.571,148,2,2000,396.731,0,0,0,1,0,0,0,4,100,1,2872.19,1841.27,0
25.5715,149,3,2000,1067.5,0,0,0,1,1,32,0.15,4,100,1,2890.56,1494.97,0
25.5725,151,2,2000,393.647,0,0,0,1,0,64,0.05,4,100,1,2884.82,1626.74,0
25.574,154,5,2000,1815.27,0,0,0,1,1,32,0.15,4,100,1,2878.24,1777.14,0
25.5745,155,4,2000,1468.98,0,0,0,1,1,96,0.2,4,100,1,2862.62,2129.79,0
25.575,156,4,2000,1515.21,0,0,0,1,1,96,0.2,4,100,1,2876.07,1826.17,0
25.576,158,5,2000,1648.38,0,0,0,1,1,96,0.2,4,100,1,2849.02,2459.93,0
25.5765,159,5,2000,1699.13,0,0,0,1,1,96,0.2,4,100,1,2847.27,2508.01,0
25.5755,157,5,2000,1600.76,0,0,0,1,1,96,0.2,4,100,1,2873.92,1874.73,0
25.578,162,5,2000,1800.22,0,0,0,1,1,32,0.15,4,100,1,2841.26,2659.59,0
25.577,160,5,2000,1751.18,0,0,0,1,1,96,0.2,4,100,1,2845.51,2555.97,0
25.598,202,13,2767.85,4235.61,0,0,0,0,0,0,0,4,100,0,0,0,0
25.5985,203,14,2749,4678.28,0,0,0,0,0,0,0,4,100,0,0,0,0
25.599,204,15,2745.32,5058.65,0,0,0,0,0,0,0,4,100,0,0,0,0
25.5995,205,17,2767.87,5485.82,0,0,0,0,0,0,0,4,100,0,0,0,0
25.603,12,6,2000,1974.26,0,0,0,1,0,0,0,4,100,1,2837.82,6411.29,0
25.6035,13,5,2000,1672.72,0,0,0,1,1,32,0.15,4,100,1,2819.97,6068.48,0
25.604,14,4,2000,1287.06,0,0,0,1,1,32,0.15,4,100,1,2804.41,5781.02,0
25.6045,15,3,2000,959.015,0,0,0,1,1,32,0.15,4,100,1,2782.05,5430.19,0
25.6055,17,3,2000,630.006,0,0,0,1,1,32,0.15,4,100,1,2770.21,4719.05,0
25.63,66,6,2000,2000,0,0,0,1,0,64,0.05,4,100,1,2910.71,1331.84,0
25.6305,67,6,2000,1954.41,0,0,0,1,0,64,0.05,4,100,1,2915.56,1207.85,0
25.631,68,5,2000,1801.42,0,0,0,1,1,96,0.2,4,100,1,2928.06,970.58,0
25.6315,69,5,2000,1776.03,0,0,0,1,1,96,0.2,4,100,1,2925.5,953.9,0
25.632,70,4,2000,1146.31,0,0,0,1,1,96,0.2,4,100,1,2927.36,906.6,0
25.633,72,4,2000,1306.49,0,0,0,1,1,96,0.2,4,100,1,2964,464.5,0
25.6335,73,4,2000,1182.5,0,0,0,1,1,96,0.2,4,100,1,2973.9,428.96,0
25.634,74,3,2000,945.24,0,0,0,1,1,96,0.2,4,100,1,2809.32,6719.35,0
25.6345,75,3,2000,928.565,0,0,0,1,1,96,0.2,4,100,1,2837.29,6372.45,0
25.635,76,3,2000,881.271,0,0,0,1,1,96,0.2,4,100,1,2817.69,3622.1,0
25.6355,77,3,2000,841.356,0,0,0,1,1,96,0.2,4,100,1,2833.84,3298.01,0
25.636,78,2,2000,439.182,0,0,0,1,0,64,0.05,4,100,1,2846.58,3002.01,0
25.6365,79,2,2000,403.647,0,0,0,1,0,64,0.05,4,100,1,2863.34,2677.93,0
25.6325,71,4,2000,1264.75,0,0,0,1,1,96,0.2,4,100,1,2932.12,866.68,0
25.6405,87,6,2000,2000,0,0,0,1,0,64,0.05,4,100,1,2958.65,563.73,0
25.641,88,5,2000,1745.13,0,0,0,1,1,96,0.2,4,100,1,2803.59,5706.55,0
25.6415,89,4,2000,1473.64,0,0,0,1,1,32,0.15,4,100,1,2785.52,5434.82,0
25.642,90,4,2000,1128.25,0,0,0,1,1,32,0.15,4,100,1,2772.84,5165.42,0
25.6425,91,3,2000,833.584,0,0,0,1,1,32,0.15,4,100,1,2763.91,4850.61,0
25.652,110,4,2000,1332.98,0,0,0,1,1,32,0.15,4,100,1,2770.69,5119.52,0
25.6525,111,3,2000,1022.03,0,0,0,1,1,32,0.15,4,100,1,2767.05,4864.57,0
25.653,112,3,2000,736.5,0,0,0,1,1,32,0.15,4,100,1,2776.34,4577.34,0
25.654,114,2,2000,461.792,0,0,0,1,0,0,0,4,100,1,2803.91,3952.14,0
25.662,130,4,2000,1354.08,0,0,0,1,1,32,0.15,4,100,1,2777.45,5349.72,0
25.6625,131,3,2000,996.596,0,0,0,1,1,32,0.15,4,100,1,2768.33,5137.66,0
25.6705,147,1,2000,107.376,0,0,0,1,0,0,0,4,100,1,2935.9,587.22,0
25.671,148,2,2000,397.831,0,0,0,1,0,0,0,4,100,1,2872.19,1841.27,0
25.6715,149,3,2000,1068.6,0,0,0,1,1,32,0.15,4,100,1,2890.56,1494.97,0
25.6725,151,2,2000,394.748,0,0,0,1,0,64,0.05,4,100,1,2884.82,1626.74,0
25.674,154,5,2000,1816.38,0,0,0,1,1,32,0.15,4,100,1,2878.24,1777.14,0
25.6745,155,4,2000,1470.08,0,0,0,1,1,96,0.2,4,100,1,2862.62,2129.79,0
25.675,156,4,2000,1516.32,0,0,0,1,1,96,0.2,4,100,1,2876.07,1826.17,0
25.676,158,5,2000,1649.48,0,0,0,1,1,96,0.2,4,100,1,2849.02,2459.93,0
25.6765,159,5,2000,1700.23,0,0,0,1,1,96,0.2,4,100,1,2847.27,2508.01,0
25.6755,157,5,2000,1601.86,0,0,0,1,1,96,0.2,4,100,1,2873.92,1874.73,0
25.677,160,5,2000,1752.28,0,0,0,1,1,96,0.2,4,100,1,2845.51,2555.97,0
25.678,162,5,2000,1801.32,0,0,0,1,1,32,0.15,4,100,1,2841.26,2659.59,0
25.698,202,13,2767.85,4235.61,0,0,0,0,0,0,0,4,100,0,0,0,0
25.6985,203,14,2749,4678.28,0,0,0,0,0,0,0,4,100,0,0,0,0
25.699,204,15,2745.32,5058.65,0,0,0,0,0,0,0,4,100,0,0,0,0
25.6995,205,17,2767.87,5485.82,0,0,0,0,0,0,0,4,100,0,0,0,0
25.703,12,6,2000,1975.37,0,0,0,1,0,0,0,4,100,1,2837.82,6411.29,0
25.7035,13,5,2000,1673.84,0,0,0,1,1,32,0.15,4,100,1,2819.97,6068.48,0
25.704,14,4,2000,1288.17,0,0,0,1,1,32,0.15,4,100,1,2804.41,5781.02,0
25.7045,15,3,2000,960.129,0,0,0,1,1,32,0.15,4,100,1,2782.05,5430.19,0
25.7055,17,3,2000,631.12,0,0,0,1,1,32,0.15,4,100,1,2770.21,4719.05,0
25.73,66,6,2000,2000,0,0,0,1,0,64,0.05,4,100,1,2910.71,1331.84,0
25.7305,67,6,2000,1955.54,0,0,0,1,0,64,0.05,4,100,1,2915.56,1207.85,0
25.731,68,5,2000,1802.54,0,0,0,1,1,96,0.2,4,100,1,2928.06,970.58,0
25.7315,69,5,2000,1777.16,0,0,0,1,1,96,0.2,4,100,1,2925.5,953.9,0
25.7325,71,4,2000,1265.88,0,0,0,1,1,96,0.2,4,100,1,2932.12,866.68,0
25.733,72,4,2000,1307.61,0,0,0,1,1,96,0.2,4,100,1,2964,464.5,0
25.732,70,4,2000,1147.43,0,0,0,1,1,96,0.2,4,100,1,2927.36,906.6,0
25.7335,73,4,2000,1183.63,0,0,0,1,1,96,0.2,4,100,1,2973.9,428.96,0
25.734,74,3,2000,946.365,0,0,0,1,1,96,0.2,4,100,1,2809.32,6719.35,0
25.7345,75,3,2000,929.691,0,0,0,1,1,96,0.2,4,100,1,2837.29,6372.45,0
25.735,76,3,2000,882.397,0,0,0,1,1,96,0.2,4,100,1,2817.69,3622.1,0
25.7355,77,3,2000,842.482,0,0,0,1,1,96,0.2,4,100,1,2833.84,3298.01,0
25.736,78,2,2000,440.308,0,0,0,1,0,64,0.05,4,100,1,2846.58,3002.01,0
25.7365,79,2,2000,404.774,0,0,0,1,0,64,0.05,4,100,1,2863.34,2677.93,0
25.7405,87,6,2000,2000,0,0,0,1,0,64,0.05,4,100,1,2958.65,563.73,0
25.741,88,5,2000,1746.26,0,0,0,1,1,96,0.2,4,100,1,2803.59,5706.55,0
25.7415,89,4,2000,1474.77,0,0,0,1,1,32,0.15,4,100,1,2785.52,5434.82,0
25.742,90,4,2000,1129.38,0,0,0,1,1,32,0.15,4,100,1,2772.84,5165.42,0
25.7425,91,3,2000,834.713,0,0,0,1,1,32,0.15,4,100,1,2763.91,4850.61,0
25.752,110,4,2000,1334.11,0,0,0,1,1,32,0.15,4,100,1,2770.69,5119.52,0
25.7525,111,3,2000,1023.17,0,0,0,1,1,32,0.15,4,100,1,2767.05,4864.57,0
25.753,112,3,2000,737.634,0,0,0,1,1,32,0.15,4,100,1,2776.34,4577.34,0
25.754,114,2,2000,462.925,0,0,0,1,0,0,0,4,100,1,2803.91,3952.14,0
25.762,130,4,2000,1355.22,0,0,0,1,1,32,0.15,4,100,1,2777.45,5349.72,0
25.7625,131,3,2000,997.733,0,0,0,1,1,32,0.15,4,100,1,2768.33,5137.66,0
25.7705,147,1,2000,108.516,0,0,0,1,0,0,0,4,100,1,2935.9,587.22,0
25.771,148,2,2000,398.972,0,0,0,1,0,0,0,4,100,1,2872.19,1841.27,0
25.7715,149,3,2000,1069.74,0,0,0,1,1,32,0.15,4,100,1,2890.56,1494.97,0
25.7725,151,2,2000,395.889,0,0,0,1,0,0,0,4,100,1,2884.82,1626.74,0
25.774,154,5,2000,1817.52,0,0,0,1,1,32,0.15,4,100,1,2878.24,1777.14,0
25.7745,155,4,2000,1471.22,0,0,0,1,1,96,0.2,4,100,1,2862.62,2129.79,0
25.775,156,4,2000,1517.46,0,0,0,1,1,96,0.2,4,100,1,2876.07,1826.17,0
25.7755,157,5,2000,1603,0,0,0,1,1,96,0.2,4,100,1,2873.92,1874.73,0
25.776,158,5,2000,1650.62,0,0,0,1,1,96,0.2,4,100,1,2849.02,2459.93,0
25.7765,159,5,2000,1701.38,0,0,0,1,1,96,0.2,4,100,1,2847.27,2508.01,0
25.777,160,5,2000,1753.42,0,0,0,1,1,96,0.2,4,100,1,2845.51,2555.97,0
25.778,162,5,2000,1802.46,0,0,0,1,1,32,0.15,4,100,1,2841.26,2659.59,0
25.798,202,13,2767.85,4235.61,0,0,0,0,0,0,0,4,100,0,0,0,0
25.7985,203,14,2749,4678.28,0,0,0,0,0,0,0,4,100,0,0,0,0
25.799,204,15,2745.32,5058.65,0,0,0,0,0,0,0,4,100,0,0,0,0
25.7995,205,17,2767.87,5485.82,0,0,0,0,0,0,0,4,100,0,0,0,0
25.803,12,6,2000,1976.52,0,0,0,1,0,0,0,4,100,1,2837.82,6411.29,0
25.8035,13,5,2000,1674.99,0,0,0,1,1,32,0.15,4,100,1,2819.97,6068.48,0
25.804,14,4,2000,1289.33,0,0,0,1,1,32,0.15,4,100,1,2804.41,5781.02,0
25.8045,15,3,2000,961.282,0,0,0,1,1,32,0.15,4,100,1,2782.05,5430.19,0
25.8055,17,3,2000,632.274,0,0,0,1,1,32,0.15,4,100,1,2770.21,4719.05,0
25.83,66,6,2000,2000,0,0,0,1,0,64,0.05,4,100,1,2910.71,1331.84,0
25.8305,67,6,2000,1956.7,0,0,0,1,0,64,0.05,4,100,1,2915.56,1207.85,0
25.831,68,5,2000,1803.7,0,0,0,1,1,96,0.2,4,100,1,2928.06,970.58,0
25.8315,69,5,2000,1778.32,0,0,0,1,1,96,0.2,4,100,1,2925.5,953.9,0
25.8325,71,4,2000,1267.04,0,0,0,1,1,96,0.2,4,100,1,2932.12,866.68,0
25.833,72,4,2000,1308.78,0,0,0,1,1,96,0.2,4,100,1,2964,464.5,0
25.832,70,4,2000,1148.6,0,0,0,1,1,96,0.2,4,100,1,2927.36,906.6,0
25.8335,73,4,2000,1184.79,0,0,0,1,1,96,0.2,4,100,1,2973.9,428.96,0
25.8345,75,3,2000,930.856,0,0,0,1,1,96,0.2,4,100,1,2837.29,6372.45,0
25.835,76,3,2000,883.562,0,0,0,1,1,96,0.2,4,100,1,2817.69,3622.1,0
25.8355,77,3,2000,843.647,0,0,0,1,1,96,0.2,4,100,1,2833.84,3298.01,0
25.834,74,3,2000,947.53,0,0,0,1,1,96,0.2,4,100,1,2809.32,6719.35,0
25.8365,79,2,2000,405.939,0,0,0,1,0,64,0.05,4,100,1,2863.34,2677.93,0
25.836,78,2,2000,441.473,0,0,0,1,0,64,0.05,4,100,1,2846.58,3002.01,0
25.8405,87,6,2000,2000,0,0,0,1,0,64,0.05,4,100,1,2958.65,563.73,0
25.841,88,5,2000,1747.42,0,0,0,1,1,96,0.2,4,100,1,2803.59,5706.55,0
25.8415,89,4,2000,1475.94,0,0,0,1,1,32,0.15,4,100,1,2785.52,5434.82,0
25.8425,91,3,2000,835.88,0,0,0,1,1,32,0.15,4,100,1,2763.91,4850.61,0
25.842,90,4,2000,1130.54,0,0,0,1,1,32,0.15,4,100,1,2772.84,5165.42,0
25.852,110,4,2000,1335.28,0,0,0,1,1,32,0.15,4,100,1,2770.69,5119.52,0
25.8525,111,3,2000,1024.34,0,0,0,1,1,32,0.15,4,100,1,2767.05,4864.57,0
25.853,112,3,2000,738.805,0,0,0,1,1,32,0.15,4,100,1,2776.34,4577.34,0
25.854,114,2,2000,464.097,0,0,0,1,0,0,0,4,100,1,2803.91,3952.14,0
25.862,130,4,2000,1356.39,0,0,0,1,1,32,0.15,4,100,1,2777.45,5349.72,0
25.8625,131,3,2000,998.908,0,0,0,1,1,32,0.15,4,100,1,2768.33,5137.66,0
25.8705,147,1,2000,109.694,0,0,0,1,0,0,0,4,100,1,2935.9,587.22,0
25.871,148,2,2000,400.15,0,0,0,1,0,0,0,4,100,1,2872.19,1841.27,0
25.8715,149,3,2000,1070.92,0,0,0,1,1,32,0.15,4,100,1,2890.56,1494.97,0
25.8725,151,2,2000,397.068,0,0,0,1,0,0,0,4,100,1,2884.82,1626.74,0
25.874,154,5,2000,1818.7,0,0,0,1,1,32,0.15,4,100,1,2878.24,1777.14,0
25.8745,155,4,2000,1472.4,0,0,0,1,1,96,0.2,4,100,1,2862.62,2129.79,0
25.875,156,4,2000,1518.64,0,0,0,1,1,96,0.2,4,100,1,2876.07,1826.17,0
25.8755,157,5,2000,1604.18,0,0,0,1,1,96,0.2,4,100,1,2873.92,1874.73,0
25.876,158,5,2000,1651.8,0,0,0,1,1,96,0.2,4,100,1,2849.02,2459.93,0
25.877,160,5,2000,1754.6,0,0,0,1,1,96,0.2,4,100,1,2845.51,2555.97,0
25.878,162,5,2000,1803.64,0,0,0,1,1,32,0.15,4,100,1,2841.26,2659.59,0
25.8765,159,5,2000,1702.56,0,0,0,1,1,96,0.2,4,100,1,2847.27,2508.01,0
25.898,202,13,2767.85,4235.61,0,0,0,0,0,0,0,4,100,0,0,0,0
25.8985,203,14,2749,4678.28,0,0,0,0,0,0,0,4,100,0,0,0,0
25.899,204,15,2745.32,5058.65,0,0,0,0,0,0,0,4,100,0,0,0,0
25.8995,205,17,2767.87,5485.82,0,0,0,0,0,0,0,4,100,0,0,0,0
25.903,12,6,2000,1977.71,0,0,0,1,0,0,0,4,100,1,2837.82,6411.29,0
25.9035,13,5,2000,1676.18,0,0,0,1,1,32,0.15,4,100,1,2819.97,6068.48,0
25.904,14,4,2000,1290.52,0,0,0,1,1,32,0.15,4,100,1,2804.41,5781.02,0
25.9045,15,3,2000,962.473,0,0,0,1,1,32,0.15,4,100,1,2782.05,5430.19,0
25.9055,17,3,2000,633.465,0,0,0,1,1,32,0.15,4,100,1,2770.21,4719.05,0
25.93,66,6,2000,2000,0,0,0,1,0,64,0.05,4,100,1,2910.71,1331.84,0
25.9305,67,6,2000,1957.9,0,0,0,1,0,64,0.05,4,100,1,2915.56,1207.85,0
25.931,68,5,2000,1804.9,0,0,0,1,1,96,0.2,4,100,1,2928.06,970.58,0
25.9315,69,5,2000,1779.52,0,0,0,1,1,96,0.2,4,100,1,2925.5,953.9,0
25.932,70,4,2000,1149.8,0,0,0,1,1,96,0.2,4,100,1,2927.36,906.6,0
25.9325,71,4,2000,1268.24,0,0,0,1,1,96,0.2,4,100,1,2932.12,866.68,0
25.9335,73,4,2000,1185.99,0,0,0,1,1,96,0.2,4,100,1,2973.9,428.96,0
25.933,72,4,2000,1309.98,0,0,0,1,1,96,0.2,4,100,1,2964,464.5,0
25.934,74,3,2000,948.731,0,0,0,1,1,96,0.2,4,100,1,2809.32,6719.35,0
25.935,76,3,2000,884.763,0,0,0,1,1,96,0.2,4,100,1,2817.69,3622.1,0
25.936,78,2,2000,442.675,0,0,0,1,0,64,0.05,4,100,1,2846.58,3002.01,0
25.9365,79,2,2000,407.141,0,0,0,1,0,64,0.05,4,100,1,2863.34,2677.93,0
25.9355,77,3,2000,844.849,0,0,0,1,1,96,0.2,4,100,1,2833.84,3298.01,0
25.9345,75,3,2000,932.057,0,0,0,1,1,96,0.2,4,100,1,2837.29,6372.45,0
25.9405,87,6,2000,2000,0,0,0,1,0,64,0.05,4,100,1,2958.65,563.73,0
25.941,88,5,2000,1748.63,0,0,0,1,1,96,0.2,4,100,1,2803.59,5706.55,0
25.9415,89,4,2000,1477.14,0,0,0,1,1,32,0.15,4,100,1,2785.52,5434.82,0
25.942,90,4,2000,1131.75,0,0,0,1,1,32,0.15,4,100,1,2772.84,5165.42,0
25.9425,91,3,2000,837.085,0,0,0,1,1,32,0.15,4,100,1,2763.91,4850.61,0
25.952,110,4,2000,1336.49,0,0,0,1,1,32,0.15,4,100,1,2770.69,5119.52,0
25.9525,111,3,2000,1025.55,0,0,0,1,1,32,0.15,4,100,1,2767.05,4864.57,0
25.953,112,3,2000,740.013,0,0,0,1,1,32,0.15,4,100,1,2776.34,4577.34,0
25.954,114,2,2000,465.305,0,0,0,1,0,0,0,4,100,1,2803.91,3952.14,0
25.962,130,4,2000,1357.6,0,0,0,1,1,32,0.15,4,100,1,2777.45,5349.72,0
25.9625,131,3,2000,1000.12,0,0,0,1,1,32,0.15,4,100,1,2768.33,5137.66,0
25.9705,147,1,2000,110.908,0,0,0,1,0,0,0,4,100,1,2935.9,587.22,0
25.971,148,2,2000,401.364,0,0,0,1,0,0,0,4,100,1,2872.19,1841.27,0
25.9715,149,3,2000,1072.13,0,0,0,1,1,32,0.15,4,100,1,2890.56,1494.97,0
25.9725,151,2,2000,398.283,0,0,0,1,0,0,0,4,100,1,2884.82,1626.74,0
25.974,154,5,2000,1819.91,0,0,0,1,1,32,0.15,4,100,1,2878.24,1777.14,0
25.9745,155,4,2000,1473.62,0,0,0,1,1,96,0.2,4,100,1,2862.62,2129.79,0
25.975,156,4,2000,1519.85,0,0,0,1,1,96,0.2,4,100,1,2876.07,1826.17,0
25.9755,157,5,2000,1605.4,0,0,0,1,1,96,0.2,4,100,1,2873.92,1874.73,0
25.9765,159,5,2000,1703.77,0,0,0,1,1,96,0.2,4,100,1,2847.27,2508.01,0
25.976,158,5,2000,1653.02,0,0,0,1,1,96,0.2,4,100,1,2849.02,2459.93,0
25.977,160,5,2000,1755.82,0,0,0,1,1,96,0.2,4,100,1,2845.51,2555.97,0
25.978,162,5,2000,1804.86,0,0,0,1,1,32,0.15,4,100,1,2841.26,2659.59,0
25.998,202,13,2767.85,4235.61,0,0,0,0,0,0,0,4,100,0,0,0,0
25.9985,203,14,2749,4678.28,0,0,0,0,0,0,0,4,100,0,0,0,0
25.999,204,15,2745.32,5058.65,0,0,0,0,0,0,0,4,100,0,0,0,0
25.9995,205,17,2767.87,5485.82,0,0,0,0,0,0,0,4,100,0,0,0,0
26.003,12,6,2000,1978.94,0,0,0,1,0,0,0,4,100,1,2837.82,6411.29,0
26.0035,13,5,2000,1677.41,0,0,0,1,1,32,0.15,4,100,1,2819.97,6068.48,0
26.004,14,4,2000,1291.74,0,0,0,1,1,32,0.15,4,100,1,2804.41,5781.02,0
26.0045,15,3,2000,963.699,0,0,0,1,1,32,0.15,4,100,1,2782.05,5430.19,0
26.0055,17,3,2000,634.691,0,0,0,1,1,32,0.15,4,100,1,2770.21,4719.05,0
26.03,66,6,2000,2000,0,0,0,1,0,64,0.05,4,100,1,2910.71,1331.84,0
26.0305,67,6,2000,1959.13,0,0,0,1,0,64,0.05,4,100,1,2915.56,1207.85,0
26.031,68,5,2000,1806.14,0,0,0,1,1,96,0.2,4,100,1,2928.06,970.58,0
26.032,70,4,2000,1151.03,0,0,0,1,1,96,0.2,4,100,1,2927.36,906.6,0
26.0325,71,4,2000,1269.48,0,0,0,1,1,96,0.2,4,100,1,2932.12,866.68,0
26.0315,69,5,2000,1780.76,0,0,0,1,1,96,0.2,4,100,1,2925.5,953.9,0
26.033,72,4,2000,1311.21,0,0,0,1,1,96,0.2,4,100,1,2964,464.5,0
26.0345,75,3,2000,933.293,0,0,0,1,1,96,0.2,4,100,1,2837.29,6372.45,0
26.035,76,3,2000,886,0,0,0,1,1,96,0.2,4,100,1,2817.69,3622.1,0
26.034,74,3,2000,949.967,0,0,0,1,1,96,0.2,4,100,1,2809.32,6719.35,0
26.0335,73,4,2000,1187.23,0,0,0,1,1,96,0.2,4,100,1,2973.9,428.96,0
26.036,78,2,2000,443.912,0,0,0,1,0,64,0.05,4,100,1,2846.58,3002.01,0
26.0365,79,2,2000,408.379,0,0,0,1,0,64,0.05,4,100,1,2863.34,2677.93,0
26.0355,77,3,2000,846.086,0,0,0,1,1,96,0.2,4,100,1,2833.84,3298.01,0
26.0405,87,6,2000,2000,0,0,0,1,0,64,0.05,4,100,1,2958.65,563.73,0
26.041,88,5,2000,1749.87,0,0,0,1,1,96,0.2,4,100,1,2803.59,5706.55,0
26.0415,89,4,2000,1478.38,0,0,0,1,1,32,0.15,4,100,1,2785.52,5434.82,0
26.0425,91,3,2000,838.324,0,0,0,1,1,32,0.15,4,100,1,2763.91,4850.61,0
26.042,90,4,2000,1132.99,0,0,0,1,1,32,0.15,4,100,1,2772.84,5165.42,0
26.052,110,4,2000,1337.73,0,0,0,1,1,32,0.15,4,100,1,2770.69,5119.52,0
26.0525,111,3,2000,1026.79,0,0,0,1,1,32,0.15,4,100,1,2767.05,4864.57,0
26.053,112,3,2000,741.256,0,0,0,1,1,32,0.15,4,100,1,2776.34,4577.34,0
26.054,114,2,2000,466.548,0,0,0,1,0,0,0,4,100,1,2803.91,3952.14,0
26.062,130,4,2000,1358.85,0,0,0,1,1,32,0.15,4,100,1,2777.45,5349.72,0
26.0625,131,3,2000,1001.37,0,0,0,1,1,32,0.15,4,100,1,2768.33,5137.66,0
26.0705,147,1,2000,112.157,0,0,0,1,0,0,0,4,100,1,2935.9,587.22,0
26.071,148,2,2000,402.613,0,0,0,1,0,0,0,4,100,1,2872.19,1841.27,0
26.0715,149,3,2000,1073.38,0,0,0,1,1,32,0.15,4,100,1,2890.56,1494.97,0
26.0725,151,2,2000,399.532,0,0,0,1,0,0,0,4,100,1,2884.82,1626.74,0
26.074,154,5,2000,1821.16,0,0,0,1,1,32,0.15,4,100,1,2878.24,1777.14,0
26.0745,155,4,2000,1474.87,0,0,0,1,1,96,0.2,4,100,1,2862.62,2129.79,0
26.0755,157,5,2000,1606.65,0,0,0,1,1,96,0.2,4,100,1,2873.92,1874.73,0
26.076,158,5,2000,1654.27,0,0,0,1,1,96,0.2,4,100,1,2849.02,2459.93,0
26.075,156,4,2000,1521.1,0,0,0,1,1,96,0.2,4,100,1,2876.07,1826.17,0
26.077,160,5,2000,1757.07,0,0,0,1,1,96,0.2,4,100,1,2845.51,2555.97,0
26.0765,159,5,2000,1705.02,0,0,0,1,1,96,0.2,4,100,1,2847.27,2508.01,0
26.078,162,5,2000,1806.11,0,0,0,1,1,32,0.15,4,100,1,2841.26,2659.59,0
26.098,202,13,2767.85,4235.61,0,0,0,0,0,0,0,4,100,0,0,0,0
26.0985,203,14,2749,4678.28,0,0,0,0,0,0,0,4,100,0,0,0,0
26.099,204,15,2745.32,5058.65,0,0,0,0,0,0,0,4,100,0,0,0,0
26.0995,205,17,2767.87,5485.82,0,0,0,0,0,0,0,4,100,0,0,0,0
26.103,12,6,2000,1980.2,0,0,0,1,0,0,0,4,100,1,2837.82,6411.29,0
26.1035,13,5,2000,1678.67,0,0,0,1,0,0,0,4,100,1,2819.97,6068.48,0
26.104,14,4,2000,1293,0,0,0,1,1,32,0.15,4,100,1,2804.41,5781.02,0
26.1045,15,3,2000,964.959,0,0,0,1,0,0,0,4,100,1,2782.05,5430.19,0
26.1055,17,3,2000,635.951,0,0,0,1,0,0,0,4,100,1,2770.21,4719.05,0
26.13,66,6,2000,2000,0,0,0,1,0,64,0.05,4,100,1,2910.71,1331.84,0
26.1305,67,6,2000,1960.4,0,0,0,1,0,64,0.05,4,100,1,2915.56,1207.85,0
26.131,68,5,2000,1807.41,0,0,0,1,0,64,0.05,4,100,1,2928.06,970.58,0
26.1315,69,5,2000,1782.02,0,0,0,1,0,64,0.05,4,100,1,2925.5,953.9,0
26.132,70,4,2000,1152.3,0,0,0,1,1,96,0.2,4,100,1,2927.36,906.6,0
26.133,72,4,2000,1312.48,0,0,0,1,1,96,0.2,4,100,1,2964,464.5,0
26.1345,75,3,2000,934.563,0,0,0,1,0,64,0.05,4,100,1,2837.29,6372.45,0
26.135,76,3,2000,887.269,0,0,0,1,0,64,0.05,4,100,1,2817.69,3622.1,0
26.1335,73,4,2000,1188.5,0,0,0,1,1,96,0.2,4,100,1,2973.9,428.96,0
26.136,78,2,2000,445.182,0,0,0,1,0,64,0.05,4,100,1,2846.58,3002.01,0
26.1355,77,3,2000,847.356,0,0,0,1,0,64,0.05,4,100,1,2833.84,3298.01,0
26.1325,71,4,2000,1270.75,0,0,0,1,1,96,0.2,4,100,1,2932.12,866.68,0
26.1365,79,2,2000,409.649,0,0,0,1,0,64,0.05,4,100,1,2863.34,2677.93,0
26.134,74,3,2000,951.236,0,0,0,1,0,64,0.05,4,100,1,2809.32,6719.35,0
26.1405,87,6,2000,2000,0,0,0,1,0,64,0.05,4,100,1,2958.65,563.73,0
26.141,88,5,2000,1751.14,0,0,0,1,0,64,0.05,4,100,1,2803.59,5706.55,0
26.1415,89,4,2000,1479.65,0,0,0,1,1,32,0.15,4,100,1,2785.52,5434.82,0
26.142,90,4,2000,1134.26,0,0,0,1,1,32,0.15,4,100,1,2772.84,5165.42,0
26.1425,91,3,2000,839.596,0,0,0,1,0,0,0,4,100,1,2763.91,4850.61,0
26.152,110,4,2000,1339.01,0,0,0,1,1,32,0.15,4,100,1,2770.69,5119.52,0
26.1525,111,3,2000,1028.06,0,0,0,1,0,0,0,4,100,1,2767.05,4864.57,0
26.153,112,3,2000,742.531,0,0,0,1,1,32,0.15,4,100,1,2776.34,4577.34,0
26.154,114,2,2000,467.824,0,0,0,1,0,0,0,4,100,1,2803.91,3952.14,0
26.162,130,4,2000,1360.13,0,0,0,1,1,32,0.15,4,100,1,2777.45,5349.72,0
26.1625,131,3,2000,1002.64,0,0,0,1,1,32,0.15,4,100,1,2768.33,5137.66,0
26.1705,147,1,2000,113.438,0,0,0,1,0,0,0,4,100,1,2935.9,587.22,0
26.171,148,2,2000,403.894,0,0,0,1,0,0,0,4,100,1,2872.19,1841.27,0
26.1715,149,3,2000,1074.66,0,0,0,1,1,32,0.15,4,100,1,2890.56,1494.97,0
26.1725,151,2,2000,400.813,0,0,0,1,0,0,0,4,100,1,2884.82,1626.74,0
26.174,154,5,2000,1822.44,0,0,0,1,0,0,0,4,100,1,2878.24,1777.14,0
26.1745,155,4,2000,1476.15,0,0,0,1,0,64,0.05,4,100,1,2862.62,2129.79,0
26.175,156,4,2000,1522.39,0,0,0,1,0,64,0.05,4,100,1,2876.07,1826.17,0
26.1755,157,5,2000,1607.93,0,0,0,1,0,64,0.05,4,100,1,2873.92,1874.73,0
26.1765,159,5,2000,1706.31,0,0,0,1,0,64,0.05,4,100,1,2847.27,2508.01,0
26.177,160,5,2000,1758.35,0,0,0,1,0,64,0.05,4,100,1,2845.51,2555.97,0
26.176,158,5,2000,1655.55,0,0,0,1,1,96,0.2,4,100,1,2849.02,2459.93,0
26.178,162,5,2000,1807.39,0,0,0,1,1,32,0.15,4,100,1,2841.26,2659.59,0
26.198,202,13,2767.85,4235.61,0,0,0,0,0,0,0,4,100,0,0,0,0
26.1985,203,14,2749,4678.28,0,0,0,0,0,0,0,4,100,0,0,0,0
26.199,204,15,2745.32,5058.65,0,0,0,0,0,0,0,4,100,0,0,0,0
26.1995,205,17,2767.87,5485.82,0,0,0,0,0,0,0,4,100,0,0,0,0
26.203,12,6,2000,1981.49,0,0,0,1,0,0,0,4,100,1,2837.82,6411.29,0
26.2035,13,5,2000,1679.96,0,0,0,1,1,32,0.15,4,100,1,2819.97,6068.48,0
26.204,14,4,2000,1294.29,0,0,0,1,0,0,0,4,100,1,2804.41,5781.02,0
26.2045,15,3,2000,966.25,0,0,0,1,1,32,0.15,4,100,1,2782.05,5430.19,0
26.2055,17,3,2000,637.243,0,0,0,1,1,32,0.15,4,100,1,2770.21,4719.05,0
26.23,66,6,2000,2000,0,0,0,1,0,64,0.05,4,100,1,2910.71,1331.84,0
26.2305,67,6,2000,1961.7,0,0,0,1,0,64,0.05,4,100,1,2915.56,1207.85,0
26.231,68,5,2000,1808.71,0,0,0,1,1,96,0.2,4,100,1,2928.06,970.58,0
26.232,70,4,2000,1153.6,0,0,0,1,0,64,0.05,4,100,1,2927.36,906.6,0
26.2325,71,4,2000,1272.05,0,0,0,1,0,64,0.05,4,100,1,2932.12,866.68,0
26.2315,69,5,2000,1783.32,0,0,0,1,1,96,0.2,4,100,1,2925.5,953.9,0
26.233,72,4,2000,1313.78,0,0,0,1,0,64,0.05,4,100,1,2964,464.5,0
26.2335,73,4,2000,1189.8,0,0,0,1,0,64,0.05,4,100,1,2973.9,428.96,0
26.235,76,3,2000,888.57,0,0,0,1,1,96,0.2,4,100,1,2817.69,3622.1,0
26.2355,77,3,2000,848.656,0,0,0,1,1,96,0.2,4,100,1,2833.84,3298.01,0
26.236,78,2,2000,446.483,0,0,0,1,0,64,0.05,4,100,1,2846.58,3002.01,0
26.2365,79,2,2000,410.949,0,0,0,1,0,64,0.05,4,100,1,2863.34,2677.93,0
26.234,74,3,2000,952.537,0,0,0,1,1,96,0.2,4,100,1,2809.32,6719.35,0
26.2345,75,3,2000,935.863,0,0,0,1,1,96,0.2,4,100,1,2837.29,6372.45,0
26.2405,87,6,2000,2000,0,0,0,1,0,64,0.05,4,100,1,2958.65,563.73,0
26.241,88,5,2000,1752.44,0,0,0,1,1,96,0.2,4,100,1,2803.59,5706.55,0
26.2415,89,4,2000,1480.96,0,0,0,1,0,0,0,4,100,1,2785.52,5434.82,0
26.242,90,4,2000,1135.56,0,0,0,1,1,32,0.15,4,100,1,2772.84,5165.42,0
26.2425,91,3,2000,840.898,0,0,0,1,1,32,0.15,4,100,1,2763.91,4850.61,0
26.252,110,4,2000,1340.31,0,0,0,1,1,32,0.15,4,100,1,2770.69,5119.52,0
26.2525,111,3,2000,1029.37,0,0,0,1,1,32,0.15,4,100,1,2767.05,4864.57,0
26.253,112,3,2000,743.837,0,0,0,1,1,32,0.15,4,100,1,2776.34,4577.34,0
26.254,114,2,2000,469.13,0,0,0,1,0,0,0,4,100,1,2803.91,3952.14,0
26.262,130,4,2000,1361.44,0,0,0,1,1,32,0.15,4,100,1,2777.45,5349.72,0
26.2625,131,3,2000,1003.95,0,0,0,1,1,32,0.15,4,100,1,2768.33,5137.66,0
26.2705,147,1,2000,114.748,0,0,0,1,0,0,0,4,100,1,2935.9,587.22,0
26.271,148,2,2000,405.205,0,0,0,1,0,0,0,4,100,1,2872.19,1841.27,0
26.2715,149,3,2000,1075.97,0,0,0,1,1,32,0.15,4,100,1,2890.56,1494.97,0
26.2725,151,2,2000,402.125,0,0,0,1,0,0,0,4,100,1,2884.82,1626.74,0
26.274,154,5,2000,1823.75,0,0,0,1,1,32,0.15,4,100,1,2878.24,1777.14,0
26.2745,155,4,2000,1477.46,0,0,0,1,1,96,0.2,4,100,1,2862.62,2129.79,0
26.2755,157,5,2000,1609.24,0,0,0,1,1,96,0.2,4,100,1,2873.92,1874.73,0
26.276,158,5,2000,1656.86,0,0,0,1,1,96,0.2,4,100,1,2849.02,2459.93,0
26.275,156,4,2000,1523.7,0,0,0,1,1,96,0.2,4,100,1,2876.07,1826.17,0
26.277,160,5,2000,1759.66,0,0,0,1,1,96,0.2,4,100,1,2845.51,2555.97,0
26.2765,159,5,2000,1707.62,0,0,0,1,1,96,0.2,4,100,1,2847.27,2508.01,0
26.278,162,5,2000,1808.71,0,0,0,1,1,32,0.15,4,100,1,2841.26,2659.59,0
26.298,202,13,2767.85,4235.61,0,0,0,0,0,0,0,4,100,0,0,0,0
26.2985,203,14,2749,4678.28,0,0,0,0,0,0,0,4,100,0,0,0,0
26.299,204,15,2745.32,5058.65,0,0,0,0,0,0,0,4,100,0,0,0,0
26.2995,205,17,2767.87,5485.82,0,0,0,0,0,0,0,4,100,0,0,0,0
26.303,12,6,2000,1982.81,0,0,0,1,0,0,0,4,100,1,2837.82,6411.29,0
26.3035,13,5,2000,1681.28,0,0,0,1,1,32,0.15,4,100,1,2819.97,6068.48,0
26.304,14,4,2000,1295.61,0,0,0,1,1,32,0.15,4,100,1,2804.41,5781.02,0
26.3045,15,3,2000,967.571,0,0,0,1,1,32,0.15,4,100,1,2782.05,5430.19,0
26.3055,17,3,2000,638.564,0,0,0,1,1,32,0.15,4,100,1,2770.21,4719.05,0
26.33,66,6,2000,2000,0,0,0,1,0,64,0.05,4,100,1,2910.71,1331.84,0
26.3305,67,6,2000,1963.03,0,0,0,1,0,64,0.05,4,100,1,2915.56,1207.85,0
26.331,68,5,2000,1810.04,0,0,0,1,1,96,0.2,4,100,1,2928.06,970.58,0
26.3315,69,5,2000,1784.65,0,0,0,1,1,96,0.2,4,100,1,2925.5,953.9,0
26.3325,71,4,2000,1273.38,0,0,0,1,1,96,0.2,4,100,1,2932.12,866.68,0
26.333,72,4,2000,1315.11,0,0,0,1,1,96,0.2,4,100,1,2964,464.5,0
26.3335,73,4,2000,1191.13,0,0,0,1,1,96,0.2,4,100,1,2973.9,428.96,0
26.332,70,4,2000,1154.93,0,0,0,1,1,96,0.2,4,100,1,2927.36,906.6,0
26.334,74,3,2000,953.866,0,0,0,1,1,96,0.2,4,100,1,2809.32,6719.35,0
26.3345,75,3,2000,937.192,0,0,0,1,1,96,0.2,4,100,1,2837.29,6372.45,0
26.3355,77,3,2000,849.986,0,0,0,1,1,96,0.2,4,100,1,2833.84,3298.01,0
26.335,76,3,2000,889.899,0,0,0,1,1,96,0.2,4,100,1,2817.69,3622.1,0
26.336,78,2,2000,447.812,0,0,0,1,0,64,0.05,4,100,1,2846.58,3002.01,0
26.3365,79,2,2000,412.279,0,0,0,1,0,64,0.05,4,100,1,2863.34,2677.93,0
26.3405,87,6,2000,2000,0,0,0,1,0,64,0.05,4,100,1,2958.65,563.73,0
26.341,88,5,2000,1753.77,0,0,0,1,1,96,0.2,4,100,1,2803.59,5706.55,0
26.3415,89,4,2000,1482.29,0,0,0,1,1,32,0.15,4,100,1,2785.52,5434.82,0
26.342,90,4,2000,1136.89,0,0,0,1,1,32,0.15,4,100,1,2772.84,5165.42,0
26.3425,91,3,2000,842.23,0,0,0,1,1,32,0.15,4,100,1,2763.91,4850.61,0
26.352,110,4,2000,1341.65,0,0,0,1,1,32,0.15,4,100,1,2770.69,5119.52,0
26.3525,111,3,2000,1030.7,0,0,0,1,1,32,0.15,4,100,1,2767.05,4864.57,0
26.353,112,3,2000,745.171,0,0,0,1,1,32,0.15,4,100,1,2776.34,4577.34,0
26.354,114,2,2000,470.465,0,0,0,1,0,0,0,4,100,1,2803.91,3952.14,0
26.362,130,4,2000,1362.77,0,0,0,1,1,32,0.15,4,100,1,2777.45,5349.72,0
26.3625,131,3,2000,1005.29,0,0,0,1,1,32,0.15,4,100,1,2768.33,5137.66,0
26.3705,147,1,2000,116.088,0,0,0,1,0,0,0,4,100,1,2935.9,587.22,0
26.371,148,2,2000,406.544,0,0,0,1,0,0,0,4,100,1,2872.19,1841.27,0
26.3715,149,3,2000,1077.31,0,0,0,1,1,32,0.15,4,100,1,2890.56,1494.97,0
26.3725,151,2,2000,403.465,0,0,0,1,0,0,0,4,100,1,2884.82,1626.74,0
26.374,154,5,2000,1825.09,0,0,0,1,1,32,0.15,4,100,1,2878.24,1777.14,0
26.3745,155,4,2000,1478.8,0,0,0,1,1,96,0.2,4,100,1,2862.62,2129.79,0
26.375,156,4,2000,1525.04,0,0,0,1,1,96,0.2,4,100,1,2876.07,1826.17,0
26.376,158,5,2000,1658.2,0,0,0,1,1,96,0.2,4,100,1,2849.02,2459.93,0
26.3765,159,5,2000,1708.96,0,0,0,1,1,96,0.2,4,100,1,2847.27,2508.01,0
26.3755,157,5,2000,1610.59,0,0,0,1,1,96,0.2,4,100,1,2873.92,1874.73,0
26.377,160,5,2000,1761.01,0,0,0,1,1,96,0.2,4,100,1,2845.51,2555.97,0
26.378,162,5,2000,1810.05,0,0,0,1,1,32,0.15,4,100,1,2841.26,2659.59,0
26.398,202,13,2767.85,4235.61,0,0,0,0,0,0,0,4,100,0,0,0,0
26.3985,203,14,2749,4678.28,0,0,0,0,0,0,0,4,100,0,0,0,0
26.399,204,15,2745.32,5058.65,0,0,0,0,0,0,0,4,100,0,0,0,0
26.3995,205,17,2767.87,5485.82,0,0,0,0,0,0,0,4,100,0,0,0,0
26.403,12,6,2000,1984.16,0,0,0,1,0,0,0,4,100,1,2837.82,6411.29,0
26.4035,13,5,2000,1682.63,0,0,0,1,1,32,0.15,4,100,1,2819.97,6068.48,0
26.404,14,4,2000,1296.96,0,0,0,1,1,32,0.15,4,100,1,2804.41,5781.02,0
26.4045,15,3,2000,968.919,0,0,0,1,1,32,0.15,4,100,1,2782.05,5430.19,0
26.4055,17,3,2000,639.912,0,0,0,1,1,32,0.15,4,100,1,2770.21,4719.05,0
26.43,66,6,2000,2000,0,0,0,1,0,64,0.05,4,100,1,2910.71,1331.84,0
26.4305,67,6,2000,1964.38,0,0,0,1,0,64,0.05,4,100,1,2915.56,1207.85,0
26.431,68,5,2000,1811.39,0,0,0,1,1,96,0.2,4,100,1,2928.06,970.58,0
26.432,70,4,2000,1156.28,0,0,0,1,1,96,0.2,4,100,1,2927.36,906.6,0
26.4325,71,4,2000,1274.73,0,0,0,1,1,96,0.2,4,100,1,2932.12,866.68,0
26.4315,69,5,2000,1786.01,0,0,0,1,1,96,0.2,4,100,1,2925.5,953.9,0
26.433,72,4,2000,1316.47,0,0,0,1,1,96,0.2,4,100,1,2964,464.5,0
26.4335,73,4,2000,1192.48,0,0,0,1,1,96,0.2,4,100,1,2973.9,428.96,0
26.435,76,3,2000,891.255,0,0,0,1,1,96,0.2,4,100,1,2817.69,3622.1,0
26.4355,77,3,2000,851.342,0,0,0,1,1,96,0.2,4,100,1,2833.84,3298.01,0
26.4345,75,3,2000,938.548,0,0,0,1,1,96,0.2,4,100,1,2837.29,6372.45,0
26.434,74,3,2000,955.221,0,0,0,1,1,96,0.2,4,100,1,2809.32,6719.35,0
26.4365,79,2,2000,413.636,0,0,0,1,0,64,0.05,4,100,1,2863.34,2677.93,0
26.436,78,2,2000,449.169,0,0,0,1,0,64,0.05,4,100,1,2846.58,3002.01,0
26.4405,87,6,2000,2000,0,0,0,1,0,64,0.05,4,100,1,2958.65,563.73,0
26.441,88,5,2000,1755.13,0,0,0,1,1,96,0.2,4,100,1,2803.59,5706.55,0
26.4415,89,4,2000,1483.64,0,0,0,1,1,32,0.15,4,100,1,2785.52,5434.82,0
26.442,90,4,2000,1138.25,0,0,0,1,1,32,0.15,4,100,1,2772.84,5165.42,0
26.4425,91,3,2000,843.588,0,0,0,1,1,32,0.15,4,100,1,2763.91,4850.61,0
26.452,110,4,2000,1343.01,0,0,0,1,1,32,0.15,4,100,1,2770.69,5119.52,0
26.4525,111,3,2000,1032.06,0,0,0,1,1,32,0.15,4,100,1,2767.05,4864.57,0
26.453,112,3,2000,746.532,0,0,0,1,1,32,0.15,4,100,1,2776.34,4577.34,0
26.454,114,2,2000,471.826,0,0,0,1,0,0,0,4,100,1,2803.91,3952.14,0
26.462,130,4,2000,1364.14,0,0,0,1,1,32,0.15,4,100,1,2777.45,5349.72,0
26.4625,131,3,2000,1006.65,0,0,0,1,1,32,0.15,4,100,1,2768.33,5137.66,0
26.4705,147,1,2000,117.453,0,0,0,1,0,0,0,4,100,1,2935.9,587.22,0
26.471,148,2,2000,407.909,0,0,0,1,0,0,0,4,100,1,2872.19,1841.27,0
26.4715,149,3,2000,1078.68,0,0,0,1,1,32,0.15,4,100,1,2890.56,1494.97,0
26.4725,151,2,2000,404.83,0,0,0,1,0,0,0,4,100,1,2884.82,1626.74,0
26.474,154,5,2000,1826.46,0,0,0,1,1,32,0.15,4,100,1,2878.24,1777.14,0
26.4745,155,4,2000,1480.17,0,0,0,1,1,96,0.2,4,100,1,2862.62,2129.79,0
26.475,156,4,2000,1526.4,0,0,0,1,1,96,0.2,4,100,1,2876.07,1826.17,0
26.4755,157,5,2000,1611.95,0,0,0,1,1,96,0.2,4,100,1,2873.92,1874.73,0
26.4765,159,5,2000,1710.33,0,0,0,1,1,96,0.2,4,100,1,2847.27,2508.01,0
26.476,158,5,2000,1659.57,0,0,0,1,1,96,0.2,4,100,1,2849.02,2459.93,0
26.478,162,5,2000,1811.42,0,0,0,1,1,32,0.15,4,100,1,2841.26,2659.59,0
26.477,160,5,2000,1762.37,0,0,0,1,1,96,0.2,4,100,1,2845.51,2555.97,0
26.498,202,13,2767.85,4235.61,0,0,0,0,0,0,0,4,100,0,0,0,0
26.4985,203,14,2749,4678.28,0,0,0,0,0,0,0,4,100,0,0,0,0
26.499,204,15,2745.32,5058.65,0,0,0,0,0,0,0,4,100,0,0,0,0
26.4995,205,17,2767.87,5485.82,0,0,0,0,0,0,0,4,100,0,0,0,0
26.503,12,6,2000,1985.53,0,0,0,1,0,0,0,4,100,1,2837.82,6411.29,0
26.5035,13,5,2000,1684,0,0,0,1,1,32,0.15,4,100,1,2819.97,6068.48,0
26.504,14,4,2000,1298.34,0,0,0,1,1,32,0.15,4,100,1,2804.41,5781.02,0
26.5045,15,3,2000,970.292,0,0,0,1,1,32,0.15,4,100,1,2782.05,5430.19,0
26.5055,17,3,2000,641.286,0,0,0,1,1,32,0.15,4,100,1,2770.21,4719.05,0
26.53,66,6,2000,2000,0,0,0,1,0,64,0.05,4,100,1,2910.71,1331.84,0
26.5305,67,6,2000,1965.76,0,0,0,1,0,64,0.05,4,100,1,2915.56,1207.85,0
26.531,68,5,2000,1812.77,0,0,0,1,1,96,0.2,4,100,1,2928.06,970.58,0
26.5315,69,5,2000,1787.39,0,0,0,1,1,96,0.2,4,100,1,2925.5,953.9,0
26.532,70,4,2000,1157.66,0,0,0,1,1,96,0.2,4,100,1,2927.36,906.6,0
26.533,72,4,2000,1317.85,0,0,0,1,1,96,0.2,4,100,1,2964,464.5,0
26.5325,71,4,2000,1276.11,0,0,0,1,1,96,0.2,4,100,1,2932.12,866.68,0
26.5345,75,3,2000,939.929,0,0,0,1,1,96,0.2,4,100,1,2837.29,6372.45,0
26.534,74,3,2000,956.602,0,0,0,1,1,96,0.2,4,100,1,2809.32,6719.35,0
26.535,76,3,2000,892.636,0,0,0,1,1,96,0.2,4,100,1,2817.69,3622.1,0
26.5355,77,3,2000,852.723,0,0,0,1,1,96,0.2,4,100,1,2833.84,3298.01,0
26.536,78,2,2000,450.55,0,0,0,1,0,64,0.05,4,100,1,2846.58,3002.01,0
26.5335,73,4,2000,1193.86,0,0,0,1,1,96,0.2,4,100,1,2973.9,428.96,0
26.5365,79,2,2000,415.017,0,0,0,1,0,64,0.05,4,100,1,2863.34,2677.93,0
26.5405,87,6,2000,2000,0,0,0,1,0,64,0.05,4,100,1,2958.65,563.73,0
26.541,88,5,2000,1756.51,0,0,0,1,1,96,0.2,4,100,1,2803.59,5706.55,0
26.5415,89,4,2000,1485.03,0,0,0,1,1,32,0.15,4,100,1,2785.52,5434.82,0
26.542,90,4,2000,1139.63,0,0,0,1,1,32,0.15,4,100,1,2772.84,5165.42,0
26.5425,91,3,2000,844.97,0,0,0,1,1,32,0.15,4,100,1,2763.91,4850.61,0
26.552,110,4,2000,1344.39,0,0,0,1,1,32,0.15,4,100,1,2770.69,5119.52,0
26.5525,111,3,2000,1033.45,0,0,0,1,1,32,0.15,4,100,1,2767.05,4864.57,0
26.553,112,3,2000,747.917,0,0,0,1,1,32,0.15,4,100,1,2776.34,4577.34,0
26.554,114,2,2000,473.211,0,0,0,1,0,0,0,4,100,1,2803.91,3952.14,0
26.562,130,4,2000,1365.52,0,0,0,1,1,32,0.15,4,100,1,2777.45,5349.72,0
26.5625,131,3,2000,1008.04,0,0,0,1,1,32,0.15,4,100,1,2768.33,5137.66,0
26.5705,147,1,2000,118.841,0,0,0,1,0,0,0,4,100,1,2935.9,587.22,0
26.571,148,2,2000,409.298,0,0,0,1,0,0,0,4,100,1,2872.19,1841.27,0
26.5715,149,3,2000,1080.07,0,0,0,1,1,32,0.15,4,100,1,2890.56,1494.97,0
26.5725,151,2,2000,406.219,0,0,0,1,0,0,0,4,100,1,2884.82,1626.74,0
26.574,154,5,2000,1827.85,0,0,0,1,1,32,0.15,4,100,1,2878.24,1777.14,0
26.5745,155,4,2000,1481.56,0,0,0,1,1,96,0.2,4,100,1,2862.62,2129.79,0
26.575,156,4,2000,1527.79,0,0,0,1,1,96,0.2,4,100,1,2876.07,1826.17,0
26.5755,157,5,2000,1613.34,0,0,0,1,1,96,0.2,4,100,1,2873.92,1874.73,0
26.5765,159,5,2000,1711.72,0,0,0,1,1,96,0.2,4,100,1,2847.27,2508.01,0
26.576,158,5,2000,1660.96,0,0,0,1,1,96,0.2,4,100,1,2849.02,2459.93,0
26.578,162,5,2000,1812.81,0,0,0,1,1,32,0.15,4,100,1,2841.26,2659.59,0
26.577,160,5,2000,1763.76,0,0,0,1,1,96,0.2,4,100,1,2845.51,2555.97,0
26.598,202,13,2767.85,4235.61,0,0,0,0,0,0,0,4,100,0,0,0,0
26.5985,203,14,2749,4678.28,0,0,0,0,0,0,0,4,100,0,0,0,0
26.599,204,15,2745.32,5058.65,0,0,0,0,0,0,0,4,100,0,0,0,0
26.5995,205,17,2767.87,5485.82,0,0,0,0,0,0,0,4,100,0,0,0,0
26.603,12,6,2000,1986.93,0,0,0,1,0,0,0,4,100,1,2837.82,6411.29,0
26.6035,13,5,2000,1685.39,0,0,0,1,1,32,0.15,4,100,1,2819.97,6068.48,0
26.604,14,4,2000,1299.73,0,0,0,1,1,32,0.15,4,100,1,2804.41,5781.02,0
26.6045,15,3,2000,971.688,0,0,0,1,1,32,0.15,4,100,1,2782.05,5430.19,0
26.6055,17,3,2000,642.683,0,0,0,1,1,32,0.15,4,100,1,2770.21,4719.05,0
26.63,66,6,2000,2000,0,0,0,1,0,64,0.05,4,100,1,2910.71,1331.84,0
26.6305,67,6,2000,1967.17,0,0,0,1,0,64,0.05,4,100,1,2915.56,1207.85,0
26.631,68,5,2000,1814.17,0,0,0,1,1,96,0.2,4,100,1,2928.06,970.58,0
26.6315,69,5,2000,1788.79,0,0,0,1,1,96,0.2,4,100,1,2925.5,953.9,0
26.6325,71,4,2000,1277.51,0,0,0,1,1,96,0.2,4,100,1,2932.12,866.68,0
26.633,72,4,2000,1319.25,0,0,0,1,1,96,0.2,4,100,1,2964,464.5,0
26.6335,73,4,2000,1195.27,0,0,0,1,1,96,0.2,4,100,1,2973.9,428.96,0
26.634,74,3,2000,958.004,0,0,0,1,1,96,0.2,4,100,1,2809.32,6719.35,0
26.632,70,4,2000,1159.07,0,0,0,1,1,96,0.2,4,100,1,2927.36,906.6,0
26.6345,75,3,2000,941.332,0,0,0,1,1,96,0.2,4,100,1,2837.29,6372.45,0
26.635,76,3,2000,894.039,0,0,0,1,1,96,0.2,4,100,1,2817.69,3622.1,0
26.6365,79,2,2000,416.42,0,0,0,1,0,64,0.05,4,100,1,2863.34,2677.93,0
26.6355,77,3,2000,854.126,0,0,0,1,1,96,0.2,4,100,1,2833.84,3298.01,0
26.636,78,2,2000,451.953,0,0,0,1,0,64,0.05,4,100,1,2846.58,3002.01,0
26.6405,87,6,2000,2000,0,0,0,1,0,64,0.05,4,100,1,2958.65,563.73,0
26.641,88,5,2000,1757.91,0,0,0,1,1,96,0.2,4,100,1,2803.59,5706.55,0
26.6415,89,4,2000,1486.43,0,0,0,1,1,32,0.15,4,100,1,2785.52,5434.82,0
26.642,90,4,2000,1141.04,0,0,0,1,1,32,0.15,4,100,1,2772.84,5165.42,0
26.6425,91,3,2000,846.375,0,0,0,1,1,32,0.15,4,100,1,2763.91,4850.61,0
26.652,110,4,2000,1345.8,0,0,0,1,1,32,0.15,4,100,1,2770.69,5119.52,0
26.6525,111,3,2000,1034.86,0,0,0,1,1,32,0.15,4,100,1,2767.05,4864.57,0
26.653,112,3,2000,749.323,0,0,0,1,1,32,0.15,4,100,1,2776.34,4577.34,0
26.654,114,2,2000,474.617,0,0,0,1,0,0,0,4,100,1,2803.91,3952.14,0
26.662,130,4,2000,1366.93,0,0,0,1,1,32,0.15,4,100,1,2777.45,5349.72,0
26.6625,131,3,2000,1009.45,0,0,0,1,1,32,0.15,4,100,1,2768.33,5137.66,0
26.6705,147,1,2000,120.252,0,0,0,1,0,0,0,4,100,1,2935.9,587.22,0
26.671,148,2,2000,410.709,0,0,0,1,0,0,0,4,100,1,2872.19,1841.27,0
26.6715,149,3,2000,1081.48,0,0,0,1,1,32,0.15,4,100,1,2890.56,1494.97,0
26.6725,151,2,2000,407.63,0,0,0,1,0,0,0,4,100,1,2884.82,1626.74,0
26.674,154,5,2000,1829.26,0,0,0,1,1,32,0.15,4,100,1,2878.24,1777.14,0
26.6745,155,4,2000,1482.97,0,0,0,1,1,96,0.2,4,100,1,2862.62,2129.79,0
26.675,156,4,2000,1529.21,0,0,0,1,1,96,0.2,4,100,1,2876.07,1826.17,0
26.6755,157,5,2000,1614.75,0,0,0,1,1,96,0.2,4,100,1,2873.92,1874.73,0
26.6765,159,5,2000,1713.13,0,0,0,1,1,96,0.2,4,100,1,2847.27,2508.01,0
26.677,160,5,2000,1765.17,0,0,0,1,1,96,0.2,4,100,1,2845.51,2555.97,0
26.676,158,5,2000,1662.37,0,0,0,1,1,96,0.2,4,100,1,2849.02,2459.93,0
26.678,162,5,2000,1814.22,0,0,0,1,1,32,0.15,4,100,1,2841.26,2659.59,0
26.698,202,13,2767.85,4235.61,0,0,0,0,0,0,0,4,100,0,0,0,0
26.6985,203,14,2749,4678.28,0,0,0,0,0,0,0,4,100,0,0,0,0
26.699,204,15,2745.32,5058.65,0,0,0,0,0,0,0,4,100,0,0,0,0
26.6995,205,17,2767.87,5485.82,0,0,0,0,0,0,0,4,100,0,0,0,0
26.703,12,6,2000,1988.34,0,0,0,1,0,0,0,4,100,1,2837.82,6411.29,0
26.7035,13,5,2000,1686.81,0,0,0,1,1,32,0.15,4,100,1,2819.97,6068.48,0
26.704,14,4,2000,1301.15,0,0,0,1,1,32,0.15,4,100,1,2804.41,5781.02,0
26.7045,15,3,2000,973.106,0,0,0,1,1,32,0.15,4,100,1,2782.05,5430.19,0
26.7055,17,3,2000,644.1,0,0,0,1,1,32,0.15,4,100,1,2770.21,4719.05,0
26.73,66,6,2000,2000,0,0,0,1,0,64,0.05,4,100,1,2910.71,1331.84,0
26.7305,67,6,2000,1968.59,0,0,0,1,0,64,0.05,4,100,1,2915.56,1207.85,0
26.731,68,5,2000,1815.59,0,0,0,1,1,96,0.2,4,100,1,2928.06,970.58,0
26.7315,69,5,2000,1790.21,0,0,0,1,1,96,0.2,4,100,1,2925.5,953.9,0
26.732,70,4,2000,1160.49,0,0,0,1,1,96,0.2,4,100,1,2927.36,906.6,0
26.7325,71,4,2000,1278.94,0,0,0,1,1,96,0.2,4,100,1,2932.12,866.68,0
26.7335,73,4,2000,1196.69,0,0,0,1,1,96,0.2,4,100,1,2973.9,428.96,0
26.733,72,4,2000,1320.67,0,0,0,1,1,96,0.2,4,100,1,2964,464.5,0
26.7345,75,3,2000,942.754,0,0,0,1,1,96,0.2,4,100,1,2837.29,6372.45,0
26.7355,77,3,2000,855.549,0,0,0,1,1,96,0.2,4,100,1,2833.84,3298.01,0
26.736,78,2,2000,453.376,0,0,0,1,0,64,0.05,4,100,1,2846.58,3002.01,0
26.735,76,3,2000,895.462,0,0,0,1,1,96,0.2,4,100,1,2817.69,3622.1,0
26.734,74,3,2000,959.427,0,0,0,1,1,96,0.2,4,100,1,2809.32,6719.35,0
26.7365,79,2,2000,417.843,0,0,0,1,0,64,0.05,4,100,1,2863.34,2677.93,0
26.7405,87,6,2000,2000,0,0,0,1,0,64,0.05,4,100,1,2958.65,563.73,0
26.741,88,5,2000,1759.34,0,0,0,1,1,96,0.2,4,100,1,2803.59,5706.55,0
26.7415,89,4,2000,1487.85,0,0,0,1,1,32,0.15,4,100,1,2785.52,5434.82,0
26.742,90,4,2000,1142.46,0,0,0,1,1,32,0.15,4,100,1,2772.84,5165.42,0
26.7425,91,3,2000,847.799,0,0,0,1,1,32,0.15,4,100,1,2763.91,4850.61,0
26.752,110,4,2000,1347.23,0,0,0,1,1,32,0.15,4,100,1,2770.69,5119.52,0
26.7525,111,3,2000,1036.28,0,0,0,1,1,32,0.15,4,100,1,2767.05,4864.57,0
26.753,112,3,2000,750.75,0,0,0,1,1,32,0.15,4,100,1,2776.34,4577.34,0
26.754,114,2,2000,476.044,0,0,0,1,0,0,0,4,100,1,2803.91,3952.14,0
26.762,130,4,2000,1368.36,0,0,0,1,1,32,0.15,4,100,1,2777.45,5349.72,0
26.7625,131,3,2000,1010.88,0,0,0,1,1,32,0.15,4,100,1,2768.33,5137.66,0
26.7705,147,1,2000,121.681,0,0,0,1,0,0,0,4,100,1,2935.9,587.22,0
26.771,148,2,2000,412.138,0,0,0,1,0,0,0,4,100,1,2872.19,1841.27,0
26.7715,149,3,2000,1082.91,0,0,0,1,1,32,0.15,4,100,1,2890.56,1494.97,0
26.7725,151,2,2000,409.06,0,0,0,1,0,0,0,4,100,1,2884.82,1626.74,0
26.774,154,5,2000,1830.69,0,0,0,1,1,32,0.15,4,100,1,2878.24,1777.14,0
26.7745,155,4,2000,1484.4,0,0,0,1,1,96,0.2,4,100,1,2862.62,2129.79,0
26.775,156,4,2000,1530.64,0,0,0,1,1,96,0.2,4,100,1,2876.07,1826.17,0
26.7755,157,5,2000,1616.18,0,0,0,1,1,96,0.2,4,100,1,2873.92,1874.73,0
26.7765,159,5,2000,1714.56,0,0,0,1,1,96,0.2,4,100,1,2847.27,2508.01,0
26.777,160,5,2000,1766.6,0,0,0,1,1,96,0.2,4,100,1,2845.51,2555.97,0
26.776,158,5,2000,1663.8,0,0,0,1,1,96,0.2,4,100,1,2849.02,2459.93,0
26.778,162,5,2000,1815.65,0,0,0,1,1,32,0.15,4,100,1,2841.26,2659.59,0
26.798,202,13,2767.85,4235.61,0,0,0,0,0,0,0,4,100,0,0,0,0
26.7985,203,14,2749,4678.28,0,0,0,0,0,0,0,4,100,0,0,0,0
26.799,204,15,2745.32,5058.65,0,0,0,0,0,0,0,4,100,0,0,0,0
26.7995,205,17,2767.87,5485.82,0,0,0,0,0,0,0,4,100,0,0,0,0
26.803,12,6,2000,1989.78,0,0,0,1,0,0,0,4,100,1,2837.82,6411.29,0
26.8035,13,5,2000,1688.25,0,0,0,1,1,32,0.15,4,100,1,2819.97,6068.48,0
26.804,14,4,2000,1302.58,0,0,0,1,1,32,0.15,4,100,1,2804.41,5781.02,0
26.8045,15,3,2000,974.541,0,0,0,1,1,32,0.15,4,100,1,2782.05,5430.19,0
26.8055,17,3,2000,645.536,0,0,0,1,1,32,0.15,4,100,1,2770.21,4719.05,0
26.83,66,6,2000,2000,0,0,0,1,0,64,0.05,4,100,1,2910.71,1331.84,0
26.8305,67,6,2000,1970.03,0,0,0,1,0,64,0.05,4,100,1,2915.56,1207.85,0
26.831,68,5,2000,1817.03,0,0,0,1,1,96,0.2,4,100,1,2928.06,970.58,0
26.8315,69,5,2000,1791.65,0,0,0,1,1,96,0.2,4,100,1,2925.5,953.9,0
26.832,70,4,2000,1161.93,0,0,0,1,1,96,0.2,4,100,1,2927.36,906.6,0
26.833,72,4,2000,1322.11,0,0,0,1,1,96,0.2,4,100,1,2964,464.5,0
26.8325,71,4,2000,1280.38,0,0,0,1,1,96,0.2,4,100,1,2932.12,866.68,0
26.8335,73,4,2000,1198.13,0,0,0,1,1,96,0.2,4,100,1,2973.9,428.96,0
26.834,74,3,2000,960.868,0,0,0,1,1,96,0.2,4,100,1,2809.32,6719.35,0
26.8355,77,3,2000,856.99,0,0,0,1,1,96,0.2,4,100,1,2833.84,3298.01,0
26.8345,75,3,2000,944.195,0,0,0,1,1,96,0.2,4,100,1,2837.29,6372.45,0
26.836,78,2,2000,454.817,0,0,0,1,0,64,0.05,4,100,1,2846.58,3002.01,0
26.835,76,3,2000,896.902,0,0,0,1,1,96,0.2,4,100,1,2817.69,3622.1,0
26.8365,79,2,2000,419.284,0,0,0,1,0,64,0.05,4,100,1,2863.34,2677.93,0
26.8405,87,6,2000,2000,0,0,0,1,0,64,0.05,4,100,1,2958.65,563.73,0
26.841,88,5,2000,1760.78,0,0,0,1,1,96,0.2,4,100,1,2803.59,5706.55,0
26.8415,89,4,2000,1489.3,0,0,0,1,1,32,0.15,4,100,1,2785.52,5434.82,0
26.842,90,4,2000,1143.9,0,0,0,1,1,32,0.15,4,100,1,2772.84,5165.42,0
26.8425,91,3,2000,849.241,0,0,0,1,1,32,0.15,4,100,1,2763.91,4850.61,0
26.852,110,4,2000,1348.67,0,0,0,1,1,32,0.15,4,100,1,2770.69,5119.52,0
26.8525,111,3,2000,1037.73,0,0,0,1,1,32,0.15,4,100,1,2767.05,4864.57,0
26.853,112,3,2000,752.194,0,0,0,1,1,32,0.15,4,100,1,2776.34,4577.34,0
26.854,114,2,2000,477.488,0,0,0,1,0,0,0,4,100,1,2803.91,3952.14,0
26.862,130,4,2000,1369.8,0,0,0,1,1,32,0.15,4,100,1,2777.45,5349.72,0
26.8625,131,3,2000,1012.32,0,0,0,1,1,32,0.15,4,100,1,2768.33,5137.66,0
26.8705,147,1,2000,123.128,0,0,0,1,0,0,0,4,100,1,2935.9,587.22,0
26.871,148,2,2000,413.585,0,0,0,1,0,0,0,4,100,1,2872.19,1841.27,0
26.8715,149,3,2000,1084.35,0,0,0,1,1,32,0.15,4,100,1,2890.56,1494.97,0
26.8725,151,2,2000,410.507,0,0,0,1,0,0,0,4,100,1,2884.82,1626.74,0
26.874,154,5,2000,1832.14,0,0,0,1,1,32,0.15,4,100,1,2878.24,1777.14,0
26.8745,155,4,2000,1485.85,0,0,0,1,1,96,0.2,4,100,1,2862.62,2129.79,0
26.875,156,4,2000,1532.08,0,0,0,1,1,96,0.2,4,100,1,2876.07,1826.17,0
26.876,158,5,2000,1665.25,0,0,0,1,1,96,0.2,4,100,1,2849.02,2459.93,0
26.8765,159,5,2000,1716.01,0,0,0,1,1,96,0.2,4,100,1,2847.27,2508.01,0
26.8755,157,5,2000,1617.63,0,0,0,1,1,96,0.2,4,100,1,2873.92,1874.73,0
26.877,160,5,2000,1768.05,0,0,0,1,1,96,0.2,4,100,1,2845.51,2555.97,0
26.878,162,5,2000,1817.1,0,0,0,1,1,32,0.15,4,100,1,2841.26,2659.59,0
26.898,202,13,2767.85,4235.61,0,0,0,0,0,0,0,4,100,0,0,0,0
26.8985,203,14,2749,4678.28,0,0,0,0,0,0,0,4,100,0,0,0,0
26.899,204,15,2745.32,5058.65,0,0,0,0,0,0,0,4,100,0,0,0,0
26.8995,205,17,2767.87,5485.82,0,0,0,0,0,0,0,4,100,0,0,0,0
26.903,12,6,2000,1991.23,0,0,0,1,0,0,0,4,100,1,2837.82,6411.29,0
26.9035,13,5,2000,1689.7,0,0,0,1,1,32,0.15,4,100,1,2819.97,6068.48,0
26.904,14,4,2000,1304.04,0,0,0,1,1,32,0.15,4,100,1,2804.41,5781.02,0
26.9045,15,3,2000,975.993,0,0,0,1,1,32,0.15,4,100,1,2782.05,5430.19,0
26.9055,17,3,2000,646.988,0,0,0,1,1,32,0.15,4,100,1,2770.21,4719.05,0
26.93,66,6,2000,2000,0,0,0,1,0,64,0.05,4,100,1,2910.71,1331.84,0
26.9305,67,6,2000,1971.48,0,0,0,1,0,64,0.05,4,100,1,2915.56,1207.85,0
26.931,68,5,2000,1818.49,0,0,0,1,1,96,0.2,4,100,1,2928.06,970.58,0
26.932,70,4,2000,1163.38,0,0,0,1,1,96,0.2,4,100,1,2927.36,906.6,0
26.9325,71,4,2000,1281.83,0,0,0,1,1,96,0.2,4,100,1,2932.12,866.68,0
26.9315,69,5,2000,1793.11,0,0,0,1,1,96,0.2,4,100,1,2925.5,953.9,0
26.9335,73,4,2000,1199.59,0,0,0,1,1,96,0.2,4,100,1,2973.9,428.96,0
26.934,74,3,2000,962.324,0,0,0,1,1,96,0.2,4,100,1,2809.32,6719.35,0
26.9345,75,3,2000,945.651,0,0,0,1,1,96,0.2,4,100,1,2837.29,6372.45,0
26.935,76,3,2000,898.359,0,0,0,1,1,96,0.2,4,100,1,2817.69,3622.1,0
26.936,78,2,2000,456.273,0,0,0,1,0,64,0.05,4,100,1,2846.58,3002.01,0
26.9355,77,3,2000,858.446,0,0,0,1,1,96,0.2,4,100,1,2833.84,3298.01,0
26.933,72,4,2000,1323.57,0,0,0,1,1,96,0.2,4,100,1,2964,464.5,0
26.9365,79,2,2000,420.741,0,0,0,1,0,64,0.05,4,100,1,2863.34,2677.93,0
26.9405,87,6,2000,2000,0,0,0,1,0,64,0.05,4,100,1,2958.65,563.73,0
26.941,88,5,2000,1762.24,0,0,0,1,1,96,0.2,4,100,1,2803.59,5706.55,0
26.9415,89,4,2000,1490.75,0,0,0,1,1,32,0.15,4,100,1,2785.52,5434.82,0
26.9425,91,3,2000,850.699,0,0,0,1,1,32,0.15,4,100,1,2763.91,4850.61,0
26.942,90,4,2000,1145.36,0,0,0,1,1,32,0.15,4,100,1,2772.84,5165.42,0
26.952,110,4,2000,1350.13,0,0,0,1,1,32,0.15,4,100,1,2770.69,5119.52,0
26.9525,111,3,2000,1039.19,0,0,0,1,1,32,0.15,4,100,1,2767.05,4864.57,0
26.953,112,3,2000,753.652,0,0,0,1,1,32,0.15,4,100,1,2776.34,4577.34,0
26.954,114,2,2000,478.947,0,0,0,1,0,0,0,4,100,1,2803.91,3952.14,0
26.962,130,4,2000,1371.26,0,0,0,1,1,32,0.15,4,100,1,2777.45,5349.72,0
26.9625,131,3,2000,1013.78,0,0,0,1,1,32,0.15,4,100,1,2768.33,5137.66,0
26.9705,147,1,2000,124.589,0,0,0,1,0,0,0,4,100,1,2935.9,587.22,0
26.971,148,2,2000,415.046,0,0,0,1,0,0,0,4,100,1,2872.19,1841.27,0
26.9715,149,3,2000,1085.81,0,0,0,1,1,32,0.15,4,100,1,2890.56,1494.97,0
26.9725,151,2,2000,411.968,0,0,0,1,0,0,0,4,100,1,2884.82,1626.74,0
26.974,154,5,2000,1833.6,0,0,0,1,1,32,0.15,4,100,1,2878.24,1777.14,0
26.9745,155,4,2000,1487.31,0,0,0,1,1,96,0.2,4,100,1,2862.62,2129.79,0
26.975,156,4,2000,1533.55,0,0,0,1,1,96,0.2,4,100,1,2876.07,1826.17,0
26.976,158,5,2000,1666.71,0,0,0,1,1,96,0.2,4,100,1,2849.02,2459.93,0
26.9765,159,5,2000,1717.47,0,0,0,1,1,96,0.2,4,100,1,2847.27,2508.01,0
26.9755,157,5,2000,1619.09,0,0,0,1,1,96,0.2,4,100,1,2873.92,1874.73,0
26.977,160,5,2000,1769.51,0,0,0,1,1,96,0.2,4,100,1,2845.51,2555.97,0
26.978,162,5,2000,1818.56,0,0,0,1,1,32,0.15,4,100,1,2841.26,2659.59,0
26.998,202,13,2767.85,4235.61,0,0,0,0,0,0,0,4,100,0,0,0,0
26.9985,203,14,2749,4678.28,0,0,0,0,0,0,0,4,100,0,0,0,0
26.999,204,15,2745.32,5058.65,0,0,0,0,0,0,0,4,100,0,0,0,0
26.9995,205,17,2767.87,5485.82,0,0,0,0,0,0,0,4,100,0,0,0,0
27.003,12,6,2000,1992.7,0,0,0,1,0,0,0,4,100,1,2837.82,6411.29,0
27.0035,13,5,2000,1691.16,0,0,0,1,1,32,0.15,4,100,1,2819.97,6068.48,0
27.004,14,4,2000,1305.5,0,0,0,1,1,32,0.15,4,100,1,2804.41,5781.02,0
27.0045,15,3,2000,977.459,0,0,0,1,1,32,0.15,4,100,1,2782.05,5430.19,0
27.0055,17,3,2000,648.454,0,0,0,1,1,32,0.15,4,100,1,2770.21,4719.05,0
27.03,66,6,2000,2000,0,0,0,1,0,64,0.05,4,100,1,2910.71,1331.84,0
27.0305,67,6,2000,1972.95,0,0,0,1,0,64,0.05,4,100,1,2915.56,1207.85,0
27.031,68,5,2000,1819.96,0,0,0,1,1,96,0.2,4,100,1,2928.06,970.58,0
27.0315,69,5,2000,1794.58,0,0,0,1,1,96,0.2,4,100,1,2925.5,953.9,0
27.032,70,4,2000,1164.85,0,0,0,1,1,96,0.2,4,100,1,2927.36,906.6,0
27.0325,71,4,2000,1283.3,0,0,0,1,1,96,0.2,4,100,1,2932.12,866.68,0
27.0335,73,4,2000,1201.06,0,0,0,1,1,96,0.2,4,100,1,2973.9,428.96,0
27.034,74,3,2000,963.794,0,0,0,1,1,96,0.2,4,100,1,2809.32,6719.35,0
27.033,72,4,2000,1325.04,0,0,0,1,1,96,0.2,4,100,1,2964,464.5,0
27.0355,77,3,2000,859.916,0,0,0,1,1,96,0.2,4,100,1,2833.84,3298.01,0
27.036,78,2,2000,457.743,0,0,0,1,0,64,0.05,4,100,1,2846.58,3002.01,0
27.0345,75,3,2000,947.121,0,0,0,1,1,96,0.2,4,100,1,2837.29,6372.45,0
27.0365,79,2,2000,422.21,0,0,0,1,0,64,0.05,4,100,1,2863.34,2677.93,0
27.035,76,3,2000,899.828,0,0,0,1,1,96,0.2,4,100,1,2817.69,3622.1,0
27.0405,87,6,2000,2000,0,0,0,1,0,64,0.05,4,100,1,2958.65,563.73,0
27.041,88,5,2000,1763.71,0,0,0,1,1,96,0.2,4,100,1,2803.59,5706.55,0
27.0415,89,4,2000,1492.22,0,0,0,1,1,32,0.15,4,100,1,2785.52,5434.82,0
27.042,90,4,2000,1146.83,0,0,0,1,1,32,0.15,4,100,1,2772.84,5165.42,0
27.0425,91,3,2000,852.169,0,0,0,1,1,32,0.15,4,100,1,2763.91,4850.61,0
27.052,110,4,2000,1351.6,0,0,0,1,1,32,0.15,4,100,1,2770.69,5119.52,0
27.0525,111,3,2000,1040.66,0,0,0,1,1,32,0.15,4,100,1,2767.05,4864.57,0
27.053,112,3,2000,755.124,0,0,0,1,1,32,0.15,4,100,1,2776.34,4577.34,0
27.054,114,2,2000,480.419,0,0,0,1,0,0,0,4,100,1,2803.91,3952.14,0
27.062,130,4,2000,1372.74,0,0,0,1,1,32,0.15,4,100,1,2777.45,5349.72,0
27.0625,131,3,2000,1015.25,0,0,0,1,1,32,0.15,4,100,1,2768.33,5137.66,0
27.0705,147,1,2000,126.063,0,0,0,1,0,0,0,4,100,1,2935.9,587.22,0
27.071,148,2,2000,416.52,0,0,0,1,0,0,0,4,100,1,2872.19,1841.27,0
27.0725,151,2,2000,413.442,0,0,0,1,0,0,0,4,100,1,2884.82,1626.74,0
27.074,154,5,2000,1835.07,0,0,0,1,1,32,0.15,4,100,1,2878.24,1777.14,0
27.0745,155,4,2000,1488.78,0,0,0,1,1,96,0.2,4,100,1,2862.62,2129.79,0
27.0755,157,5,2000,1620.57,0,0,0,1,1,96,0.2,4,100,1,2873.92,1874.73,0
27.076,158,5,2000,1668.18,0,0,0,1,1,96,0.2,4,100,1,2849.02,2459.93,0
27.0765,159,5,2000,1718.94,0,0,0,1,1,96,0.2,4,100,1,2847.27,2508.01,0
27.077,160,5,2000,1770.99,0,0,0,1,1,96,0.2,4,100,1,2845.51,2555.97,0
27.078,162,5,2000,1820.03,0,0,0,1,1,32,0.15,4,100,1,2841.26,2659.59,0
27.098,202,13,2767.85,4235.61,0,0,0,0,0,0,0,4,100,0,0,0,0
27.0985,203,14,2749,4678.28,0,0,0,0,0,0,0,4,100,0,0,0,0
27.099,204,15,2745.32,5058.65,0,0,0,0,0,0,0,4,100,0,0,0,0
27.0995,205,17,2767.87,5485.82,0,0,0,0,0,0,0,4,100,0,0,0,0
27.103,12,6,2000,1994.17,0,0,0,1,0,0,0,4,100,1,2837.82,6411.29,0
27.1035,13,5,2000,1692.64,0,0,0,1,0,0,0,4,100,1,2819.97,6068.48,0
27.104,14,4,2000,1306.98,0,0,0,1,1,32,0.15,4,100,1,2804.41,5781.02,0
27.1045,15,3,2000,978.936,0,0,0,1,0,0,0,4,100,1,2782.05,5430.19,0
27.1055,17,3,2000,649.931,0,0,0,1,0,0,0,4,100,1,2770.21,4719.05,0
27.13,66,6,2000,2000,0,0,0,1,0,64,0.05,4,100,1,2910.71,1331.84,0
27.1305,67,6,2000,1974.43,0,0,0,1,0,64,0.05,4,100,1,2915.56,1207.85,0
27.131,68,5,2000,1821.44,0,0,0,1,0,64,0.05,4,100,1,2928.06,970.58,0
27.1315,69,5,2000,1796.06,0,0,0,1,0,64,0.05,4,100,1,2925.5,953.9,0
27.1325,71,4,2000,1284.78,0,0,0,1,1,96,0.2,4,100,1,2932.12,866.68,0
27.1335,73,4,2000,1202.54,0,0,0,1,1,96,0.2,4,100,1,2973.9,428.96,0
27.134,74,3,2000,965.274,0,0,0,1,0,64,0.05,4,100,1,2809.32,6719.35,0
27.135,76,3,2000,901.309,0,0,0,1,0,64,0.05,4,100,1,2817.69,3622.1,0
27.1355,77,3,2000,861.396,0,0,0,1,0,64,0.05,4,100,1,2833.84,3298.01,0
27.1345,75,3,2000,948.601,0,0,0,1,0,64,0.05,4,100,1,2837.29,6372.45,0
27.136,78,2,2000,459.224,0,0,0,1,0,64,0.05,4,100,1,2846.58,3002.01,0
27.1365,79,2,2000,423.691,0,0,0,1,0,64,0.05,4,100,1,2863.34,2677.93,0
27.133,72,4,2000,1326.52,0,0,0,1,1,96,0.2,4,100,1,2964,464.5,0
27.132,70,4,2000,1166.33,0,0,0,1,1,96,0.2,4,100,1,2927.36,906.6,0
27.1405,87,6,2000,2000,0,0,0,1,0,64,0.05,4,100,1,2958.65,563.73,0
27.141,88,5,2000,1765.19,0,0,0,1,0,64,0.05,4,100,1,2803.59,5706.55,0
27.1415,89,4,2000,1493.71,0,0,0,1,1,32,0.15,4,100,1,2785.52,5434.82,0
27.1425,91,3,2000,853.65,0,0,0,1,0,0,0,4,100,1,2763.91,4850.61,0
27.142,90,4,2000,1148.31,0,0,0,1,1,32,0.15,4,100,1,2772.84,5165.42,0
27.151,108,6,2000,1913.77,0,0,0,1,0,0,0,4,100,1,2963.16,486.91,0
27.152,110,4,2000,1353.08,0,0,0,1,1,32,0.15,4,100,1,2770.69,5119.52,0
27.1525,111,3,2000,1042.14,0,0,0,1,0,0,0,4,100,1,2767.05,4864.57,0
27.153,112,3,2000,756.606,0,0,0,1,1,32,0.15,4,100,1,2776.34,4577.34,0
27.154,114,2,2000,481.901,0,0,0,1,0,0,0,4,100,1,2803.91,3952.14,0
27.162,130,4,2000,1374.22,0,0,0,1,1,32,0.15,4,100,1,2777.45,5349.72,0
27.1625,131,3,2000,1016.74,0,0,0,1,1,32,0.15,4,100,1,2768.33,5137.66,0
27.1705,147,1,2000,127.546,0,0,0,1,0,0,0,4,100,1,2935.9,587.22,0
27.171,148,2,2000,418.004,0,0,0,1,0,0,0,4,100,1,2872.19,1841.27,0
27.1725,151,2,2000,414.926,0,0,0,1,0,0,0,4,100,1,2884.82,1626.74,0
27.174,154,5,2000,1836.56,0,0,0,1,0,0,0,4,100,1,2878.24,1777.14,0
27.1745,155,4,2000,1490.27,0,0,0,1,0,64,0.05,4,100,1,2862.62,2129.79,0
27.1755,157,5,2000,1622.05,0,0,0,1,0,64,0.05,4,100,1,2873.92,1874.73,0
27.176,158,5,2000,1669.67,0,0,0,1,0,64,0.05,4,100,1,2849.02,2459.93,0
27.1765,159,5,2000,1720.43,0,0,0,1,0,64,0.05,4,100,1,2847.27,2508.01,0
27.177,160,5,2000,1772.47,0,0,0,1,1,96,0.2,4,100,1,2845.51,2555.97,0
27.178,162,5,2000,1821.52,0,0,0,1,1,32,0.15,4,100,1,2841.26,2659.59,0
27.198,202,13,2767.85,4235.61,0,0,0,0,0,0,0,4,100,0,0,0,0
27.1985,203,14,2749,4678.28,0,0,0,0,0,0,0,4,100,0,0,0,0
27.199,204,15,2745.32,5058.65,0,0,0,0,0,0,0,4,100,0,0,0,0
27.1995,205,17,2767.87,5485.82,0,0,0,0,0,0,0,4,100,0,0,0,0
27.203,12,6,2000,1995.66,0,0,0,1,0,0,0,4,100,1,2837.82,6411.29,0
27.2035,13,5,2000,1694.13,0,0,0,1,1,32,0.15,4,100,1,2819.97,6068.48,0
27.204,14,4,2000,1308.47,0,0,0,1,0,0,0,4,100,1,2804.41,5781.02,0
27.2045,15,3,2000,980.423,0,0,0,1,1,32,0.15,4,100,1,2782.05,5430.19,0
27.2055,17,3,2000,651.418,0,0,0,1,1,32,0.15,4,100,1,2770.21,4719.05,0
27.23,66,6,2000,2000,0,0,0,1,0,64,0.05,4,100,1,2910.71,1331.84,0
27.2305,67,6,2000,1975.92,0,0,0,1,0,64,0.05,4,100,1,2915.56,1207.85,0
27.231,68,5,2000,1822.93,0,0,0,1,1,96,0.2,4,100,1,2928.06,970.58,0
27.2315,69,5,2000,1797.55,0,0,0,1,1,96,0.2,4,100,1,2925.5,953.9,0
27.2325,71,4,2000,1286.27,0,0,0,1,0,64,0.05,4,100,1,2932.12,866.68,0
27.233,72,4,2000,1328.01,0,0,0,1,0,64,0.05,4,100,1,2964,464.5,0
27.2335,73,4,2000,1204.03,0,0,0,1,0,64,0.05,4,100,1,2973.9,428.96,0
27.232,70,4,2000,1167.82,0,0,0,1,0,64,0.05,4,100,1,2927.36,906.6,0
27.234,74,3,2000,966.763,0,0,0,1,1,96,0.2,4,100,1,2809.32,6719.35,0
27.2355,77,3,2000,862.885,0,0,0,1,1,96,0.2,4,100,1,2833.84,3298.01,0
27.235,76,3,2000,902.798,0,0,0,1,1,96,0.2,4,100,1,2817.69,3622.1,0
27.236,78,2,2000,460.712,0,0,0,1,0,64,0.05,4,100,1,2846.58,3002.01,0
27.2345,75,3,2000,950.09,0,0,0,1,1,96,0.2,4,100,1,2837.29,6372.45,0
27.2365,79,2,2000,425.18,0,0,0,1,0,64,0.05,4,100,1,2863.34,2677.93,0
27.2405,87,6,2000,2000,0,0,0,1,0,64,0.05,4,100,1,2958.65,563.73,0
27.241,88,5,2000,1766.68,0,0,0,1,1,96,0.2,4,100,1,2803.59,5706.55,0
27.2415,89,4,2000,1495.19,0,0,0,1,0,0,0,4,100,1,2785.52,5434.82,0
27.242,90,4,2000,1149.8,0,0,0,1,0,0,0,4,100,1,2772.84,5165.42,0
27.2425,91,3,2000,855.139,0,0,0,1,1,32,0.15,4,100,1,2763.91,4850.61,0
27.251,108,6,2000,1915.26,0,0,0,1,0,0,0,4,100,1,2963.16,486.91,0
27.252,110,4,2000,1354.57,0,0,0,1,1,32,0.15,4,100,1,2770.69,5119.52,0
27.2525,111,3,2000,1043.63,0,0,0,1,1,32,0.15,4,100,1,2767.05,4864.57,0
27.253,112,3,2000,758.096,0,0,0,1,1,32,0.15,4,100,1,2776.34,4577.34,0
27.254,114,2,2000,483.391,0,0,0,1,0,0,0,4,100,1,2803.91,3952.14,0
27.262,130,4,2000,1375.71,0,0,0,1,1,32,0.15,4,100,1,2777.45,5349.72,0
27.2625,131,3,2000,1018.23,0,0,0,1,1,32,0.15,4,100,1,2768.33,5137.66,0
27.2705,147,1,2000,129.038,0,0,0,1,0,0,0,4,100,1,2935.9,587.22,0
27.271,148,2,2000,419.495,0,0,0,1,0,0,0,4,100,1,2872.19,1841.27,0
27.2725,151,2,2000,416.418,0,0,0,1,0,0,0,4,100,1,2884.82,1626.74,0
27.274,154,5,2000,1838.05,0,0,0,1,1,32,0.15,4,100,1,2878.24,1777.14,0
27.2745,155,4,2000,1491.76,0,0,0,1,1,96,0.2,4,100,1,2862.62,2129.79,0
27.2755,157,5,2000,1623.54,0,0,0,1,1,96,0.2,4,100,1,2873.92,1874.73,0
27.276,158,5,2000,1671.16,0,0,0,1,1,96,0.2,4,100,1,2849.02,2459.93,0
27.2765,159,5,2000,1721.92,0,0,0,1,1,96,0.2,4,100,1,2847.27,2508.01,0
27.277,160,5,2000,1773.96,0,0,0,1,1,96,0.2,4,100,1,2845.51,2555.97,0
27.278,162,5,2000,1823.01,0,0,0,1,1,32,0.15,4,100,1,2841.26,2659.59,0
27.298,202,13,2767.85,4235.61,0,0,0,0,0,0,0,4,100,0,0,0,0
27.2985,203,14,2749,4678.28,0,0,0,0,0,0,0,4,100,0,0,0,0
27.299,204,15,2745.32,5058.65,0,0,0,0,0,0,0,4,100,0,0,0,0
27.2995,205,17,2767.87,5485.82,0,0,0,0,0,0,0,4,100,0,0,0,0
27.303,12,6,2000,1997.15,0,0,0,1,0,0,0,4,100,1,2837.82,6411.29,0
27.3035,13,5,2000,1695.62,0,0,0,1,1,32,0.15,4,100,1,2819.97,6068.48,0
27.304,14,4,2000,1309.96,0,0,0,1,1,32,0.15,4,100,1,2804.41,5781.02,0
27.3045,15,3,2000,981.916,0,0,0,1,1,32,0.15,4,100,1,2782.05,5430.19,0
27.3055,17,3,2000,652.911,0,0,0,1,1,32,0.15,4,100,1,2770.21,4719.05,0
27.33,66,6,2000,2000,0,0,0,1,0,64,0.05,4,100,1,2910.71,1331.84,0
27.3305,67,6,2000,1977.42,0,0,0,1,0,64,0.05,4,100,1,2915.56,1207.85,0
27.331,68,5,2000,1824.42,0,0,0,1,1,96,0.2,4,100,1,2928.06,970.58,0
27.3315,69,5,2000,1799.04,0,0,0,1,1,96,0.2,4,100,1,2925.5,953.9,0
27.3325,71,4,2000,1287.76,0,0,0,1,1,96,0.2,4,100,1,2932.12,866.68,0
27.333,72,4,2000,1329.5,0,0,0,1,1,96,0.2,4,100,1,2964,464.5,0
27.332,70,4,2000,1169.32,0,0,0,1,1,96,0.2,4,100,1,2927.36,906.6,0
27.3335,73,4,2000,1205.52,0,0,0,1,1,96,0.2,4,100,1,2973.9,428.96,0
27.334,74,3,2000,968.257,0,0,0,1,1,96,0.2,4,100,1,2809.32,6719.35,0
27.335,76,3,2000,904.292,0,0,0,1,1,96,0.2,4,100,1,2817.69,3622.1,0
27.3355,77,3,2000,864.38,0,0,0,1,1,96,0.2,4,100,1,2833.84,3298.01,0
27.3345,75,3,2000,951.585,0,0,0,1,1,96,0.2,4,100,1,2837.29,6372.45,0
27.336,78,2,2000,462.207,0,0,0,1,0,64,0.05,4,100,1,2846.58,3002.01,0
27.3365,79,2,2000,426.675,0,0,0,1,0,64,0.05,4,100,1,2863.34,2677.93,0
27.3405,87,6,2000,2000,0,0,0,1,0,64,0.05,4,100,1,2958.65,563.73,0
27.341,88,5,2000,1768.17,0,0,0,1,1,96,0.2,4,100,1,2803.59,5706.55,0
27.3415,89,4,2000,1496.69,0,0,0,1,1,32,0.15,4,100,1,2785.52,5434.82,0
27.342,90,4,2000,1151.3,0,0,0,1,1,32,0.15,4,100,1,2772.84,5165.42,0
27.3425,91,3,2000,856.635,0,0,0,1,1,32,0.15,4,100,1,2763.91,4850.61,0
27.351,108,6,2000,1916.75,0,0,0,1,0,0,0,4,100,1,2963.16,486.91,0
27.352,110,4,2000,1356.07,0,0,0,1,1,32,0.15,4,100,1,2770.69,5119.52,0
27.3525,111,3,2000,1045.12,0,0,0,1,1,32,0.15,4,100,1,2767.05,4864.57,0
27.353,112,3,2000,759.592,0,0,0,1,1,32,0.15,4,100,1,2776.34,4577.34,0
27.354,114,2,2000,484.887,0,0,0,1,0,0,0,4,100,1,2803.91,3952.14,0
27.362,130,4,2000,1377.21,0,0,0,1,1,32,0.15,4,100,1,2777.45,5349.72,0
27.3625,131,3,2000,1019.72,0,0,0,1,1,32,0.15,4,100,1,2768.33,5137.66,0
27.3705,147,1,2000,130.534,0,0,0,1,0,0,0,4,100,1,2935.9,587.22,0
27.371,148,2,2000,420.992,0,0,0,1,0,0,0,4,100,1,2872.19,1841.27,0
27.3725,151,2,2000,417.914,0,0,0,1,0,0,0,4,100,1,2884.82,1626.74,0
27.374,154,5,2000,1839.55,0,0,0,1,1,32,0.15,4,100,1,2878.24,1777.14,0
27.3745,155,4,2000,1493.25,0,0,0,1,1,96,0.2,4,100,1,2862.62,2129.79,0
27.3755,157,5,2000,1625.04,0,0,0,1,1,96,0.2,4,100,1,2873.92,1874.73,0
27.376,158,5,2000,1672.66,0,0,0,1,1,96,0.2,4,100,1,2849.02,2459.93,0
27.3765,159,5,2000,1723.41,0,0,0,1,1,96,0.2,4,100,1,2847.27,2508.01,0
27.377,160,5,2000,1775.46,0,0,0,1,1,96,0.2,4,100,1,2845.51,2555.97,0
27.378,162,5,2000,1824.51,0,0,0,1,1,32,0.15,4,100,1,2841.26,2659.59,0
27.398,202,13,2767.85,4235.61,0,0,0,0,0,0,0,4,100,0,0,0,0
27.3985,203,14,2749,4678.28,0,0,0,0,0,0,0,4,100,0,0,0,0
27.399,204,15,2745.32,5058.65,0,0,0,0,0,0,0,4,100,0,0,0,0
27.3995,205,17,2767.87,5485.82,0,0,0,0,0,0,0,4,100,0,0,0,0
27.403,12,6,2000,1998.65,0,0,0,1,0,0,0,4,100,1,2837.82,6411.29,0
27.4035,13,5,2000,1697.12,0,0,0,1,1,32,0.15,4,100,1,2819.97,6068.48,0
27.404,14,4,2000,1311.46,0,0,0,1,1,32,0.15,4,100,1,2804.41,5781.02,0
27.4045,15,3,2000,983.414,0,0,0,1,1,32,0.15,4,100,1,2782.05,5430.19,0
27.4055,17,3,2000,654.409,0,0,0,1,1,32,0.15,4,100,1,2770.21,4719.05,0
27.43,66,6,2000,2000,0,0,0,1,0,64,0.05,4,100,1,2910.71,1331.84,0
27.4305,67,6,2000,1978.91,0,0,0,1,0,64,0.05,4,100,1,2915.56,1207.85,0
27.431,68,5,2000,1825.92,0,0,0,1,1,96,0.2,4,100,1,2928.06,970.58,0
27.4315,69,5,2000,1800.54,0,0,0,1,1,96,0.2,4,100,1,2925.5,953.9,0
27.432,70,4,2000,1170.82,0,0,0,1,1,96,0.2,4,100,1,2927.36,906.6,0
27.4325,71,4,2000,1289.26,0,0,0,1,1,96,0.2,4,100,1,2932.12,866.68,0
27.433,72,4,2000,1331,0,0,0,1,1,96,0.2,4,100,1,2964,464.5,0
27.4335,73,4,2000,1207.02,0,0,0,1,1,96,0.2,4,100,1,2973.9,428.96,0
27.434,74,3,2000,969.756,0,0,0,1,1,96,0.2,4,100,1,2809.32,6719.35,0
27.4345,75,3,2000,953.084,0,0,0,1,1,96,0.2,4,100,1,2837.29,6372.45,0
27.4355,77,3,2000,865.879,0,0,0,1,1,96,0.2,4,100,1,2833.84,3298.01,0
27.436,78,2,2000,463.706,0,0,0,1,0,64,0.05,4,100,1,2846.58,3002.01,0
27.435,76,3,2000,905.791,0,0,0,1,1,96,0.2,4,100,1,2817.69,3622.1,0
27.4365,79,2,2000,428.174,0,0,0,1,0,64,0.05,4,100,1,2863.34,2677.93,0
27.4405,87,6,2000,2000,0,0,0,1,0,64,0.05,4,100,1,2958.65,563.73,0
27.441,88,5,2000,1769.67,0,0,0,1,1,96,0.2,4,100,1,2803.59,5706.55,0
27.4415,89,4,2000,1498.19,0,0,0,1,1,32,0.15,4,100,1,2785.52,5434.82,0
27.442,90,4,2000,1152.8,0,0,0,1,1,32,0.15,4,100,1,2772.84,5165.42,0
27.4425,91,3,2000,858.134,0,0,0,1,1,32,0.15,4,100,1,2763.91,4850.61,0
27.451,108,6,2000,1918.25,0,0,0,1,0,0,0,4,100,1,2963.16,486.91,0
27.452,110,4,2000,1357.57,0,0,0,1,1,32,0.15,4,100,1,2770.69,5119.52,0
27.4525,111,3,2000,1046.62,0,0,0,1,1,32,0.15,4,100,1,2767.05,4864.57,0
27.453,112,3,2000,761.091,0,0,0,1,1,32,0.15,4,100,1,2776.34,4577.34,0
27.454,114,2,2000,486.386,0,0,0,1,0,0,0,4,100,1,2803.91,3952.14,0
27.462,130,4,2000,1378.71,0,0,0,1,1,32,0.15,4,100,1,2777.45,5349.72,0
27.4625,131,3,2000,1021.22,0,0,0,1,1,32,0.15,4,100,1,2768.33,5137.66,0
27.4705,147,1,2000,132.033,0,0,0,1,0,0,0,4,100,1,2935.9,587.22,0
27.471,148,2,2000,422.491,0,0,0,1,0,0,0,4,100,1,2872.19,1841.27,0
27.4725,151,2,2000,419.413,0,0,0,1,0,0,0,4,100,1,2884.82,1626.74,0
27.474,154,5,2000,1841.05,0,0,0,1,1,32,0.15,4,100,1,2878.24,1777.14,0
27.4745,155,4,2000,1494.75,0,0,0,1,1,96,0.2,4,100,1,2862.62,2129.79,0
27.4755,157,5,2000,1626.54,0,0,0,1,1,96,0.2,4,100,1,2873.92,1874.73,0
27.476,158,5,2000,1674.16,0,0,0,1,1,96,0.2,4,100,1,2849.02,2459.93,0
27.4765,159,5,2000,1724.91,0,0,0,1,1,96,0.2,4,100,1,2847.27,2508.01,0
27.477,160,5,2000,1776.96,0,0,0,1,1,96,0.2,4,100,1,2845.51,2555.97,0
27.478,162,5,2000,1826.01,0,0,0,1,1,32,0.15,4,100,1,2841.26,2659.59,0
27.498,202,13,2767.85,4235.61,0,0,0,0,0,0,0,4,100,0,0,0,0
27.4985,203,14,2749,4678.28,0,0,0,0,0,0,0,4,100,0,0,0,0
27.499,204,15,2745.32,5058.65,0,0,0,0,0,0,0,4,100,0,0,0,0
27.4995,205,17,2767.87,5485.82,0,0,0,0,0,0,0,4,100,0,0,0,0
27.503,12,6,2000,2000,0,0,0,1,0,0,0,4,100,1,2837.82,6411.29,0
27.5035,13,5,2000,1698.62,0,0,0,1,1,32,0.15,4,100,1,2819.97,6068.48,0
27.504,14,4,2000,1312.96,0,0,0,1,1,32,0.15,4,100,1,2804.41,5781.02,0
27.5045,15,3,2000,984.913,0,0,0,1,1,32,0.15,4,100,1,2782.05,5430.19,0
27.5055,17,3,2000,655.908,0,0,0,1,1,32,0.15,4,100,1,2770.21,4719.05,0
27.53,66,6,2000,2000,0,0,0,1,0,64,0.05,4,100,1,2910.71,1331.84,0
27.5305,67,6,2000,1980.41,0,0,0,1,0,64,0.05,4,100,1,2915.56,1207.85,0
27.531,68,5,2000,1827.42,0,0,0,1,1,96,0.2,4,100,1,2928.06,970.58,0
27.5315,69,5,2000,1802.04,0,0,0,1,1,96,0.2,4,100,1,2925.5,953.9,0
27.532,70,4,2000,1172.32,0,0,0,1,1,96,0.2,4,100,1,2927.36,906.6,0
27.5325,71,4,2000,1290.76,0,0,0,1,1,96,0.2,4,100,1,2932.12,866.68,0
27.533,72,4,2000,1332.5,0,0,0,1,1,96,0.2,4,100,1,2964,464.5,0
27.5335,73,4,2000,1208.52,0,0,0,1,1,96,0.2,4,100,1,2973.9,428.96,0
27.534,74,3,2000,971.256,0,0,0,1,1,96,0.2,4,100,1,2809.32,6719.35,0
27.5345,75,3,2000,954.583,0,0,0,1,1,96,0.2,4,100,1,2837.29,6372.45,0
27.535,76,3,2000,907.291,0,0,0,1,1,96,0.2,4,100,1,2817.69,3622.1,0
27.536,78,2,2000,465.206,0,0,0,1,0,64,0.05,4,100,1,2846.58,3002.01,0
27.5365,79,2,2000,429.673,0,0,0,1,0,64,0.05,4,100,1,2863.34,2677.93,0
27.5355,77,3,2000,867.378,0,0,0,1,1,96,0.2,4,100,1,2833.84,3298.01,0
27.5405,87,6,2000,2000,0,0,0,1,0,64,0.05,4,100,1,2958.65,563.73,0
27.541,88,5,2000,1771.17,0,0,0,1,1,96,0.2,4,100,1,2803.59,5706.55,0
27.5415,89,4,2000,1499.69,0,0,0,1,1,32,0.15,4,100,1,2785.52,5434.82,0
27.542,90,4,2000,1154.3,0,0,0,1,1,32,0.15,4,100,1,2772.84,5165.42,0
27.5425,91,3,2000,859.633,0,0,0,1,1,32,0.15,4,100,1,2763.91,4850.61,0
27.551,108,6,2000,1919.75,0,0,0,1,0,0,0,4,100,1,2963.16,486.91,0
27.552,110,4,2000,1359.07,0,0,0,1,1,32,0.15,4,100,1,2770.69,5119.52,0
27.5525,111,3,2000,1048.12,0,0,0,1,1,32,0.15,4,100,1,2767.05,4864.57,0
27.553,112,3,2000,762.591,0,0,0,1,1,32,0.15,4,100,1,2776.34,4577.34,0
27.554,114,2,2000,487.886,0,0,0,1,0,0,0,4,100,1,2803.91,3952.14,0
27.562,130,4,2000,1380.21,0,0,0,1,1,32,0.15,4,100,1,2777.45,5349.72,0
27.5625,131,3,2000,1022.72,0,0,0,1,1,32,0.15,4,100,1,2768.33,5137.66,0
27.5705,147,1,2000,133.533,0,0,0,1,0,0,0,4,100,1,2935.9,587.22,0
27.571,148,2,2000,423.991,0,0,0,1,0,0,0,4,100,1,2872.19,1841.27,0
27.5725,151,2,2000,420.913,0,0,0,1,0,0,0,4,100,1,2884.82,1626.74,0
27.574,154,5,2000,1842.55,0,0,0,1,1,32,0.15,4,100,1,2878.24,1777.14,0
27.5745,155,4,2000,1496.25,0,0,0,1,1,32,0.15,4,100,1,2862.62,2129.79,0
27.5755,157,5,2000,1628.04,0,0,0,1,1,96,0.2,4,100,1,2873.92,1874.73,0
27.576,158,5,2000,1675.66,0,0,0,1,1,96,0.2,4,100,1,2849.02,2459.93,0
27.5765,159,5,2000,1726.41,0,0,0,1,1,96,0.2,4,100,1,2847.27,2508.01,0
27.577,160,5,2000,1778.46,0,0,0,1,1,96,0.2,4,100,1,2845.51,2555.97,0
27.578,162,5,2000,1827.51,0,0,0,1,1,32,0.15,4,100,1,2841.26,2659.59,0
27.598,202,13,2767.85,4235.61,0,0,0,0,0,0,0,4,100,0,0,0,0
27.5985,203,14,2749,4678.28,0,0,0,0,0,0,0,4,100,0,0,0,0
27.599,204,15,2745.32,5058.65,0,0,0,0,0,0,0,4,100,0,0,0,0
27.5995,205,17,2767.87,5485.82,0,0,0,0,0,0,0,4,100,0,0,0,0
27.603,12,6,2000,2000,0,0,0,1,0,0,0,4,100,1,2837.82,6411.29,0
27.6035,13,5,2000,1700.12,0,0,0,1,1,32,0.15,4,100,1,2819.97,6068.48,0
27.604,14,4,2000,1314.46,0,0,0,1,1,32,0.15,4,100,1,2804.41,5781.02,0
27.6045,15,3,2000,986.413,0,0,0,1,1,32,0.15,4,100,1,2782.05,5430.19,0
27.6055,17,3,2000,657.408,0,0,0,1,1,32,0.15,4,100,1,2770.21,4719.05,0
27.63,66,6,2000,2000,0,0,0,1,0,64,0.05,4,100,1,2910.71,1331.84,0
27.6305,67,6,2000,1981.91,0,0,0,1,0,64,0.05,4,100,1,2915.56,1207.85,0
27.631,68,5,2000,1828.92,0,0,0,1,1,96,0.2,4,100,1,2928.06,970.58,0
27.6315,69,5,2000,1803.54,0,0,0,1,1,96,0.2,4,100,1,2925.5,953.9,0
27.6325,71,4,2000,1292.26,0,0,0,1,1,96,0.2,4,100,1,2932.12,866.68,0
27.633,72,4,2000,1334,0,0,0,1,1,96,0.2,4,100,1,2964,464.5,0
27.632,70,4,2000,1173.81,0,0,0,1,1,96,0.2,4,100,1,2927.36,906.6,0
27.6335,73,4,2000,1210.02,0,0,0,1,1,96,0.2,4,100,1,2973.9,428.96,0
27.634,74,3,2000,972.755,0,0,0,1,1,96,0.2,4,100,1,2809.32,6719.35,0
27.6345,75,3,2000,956.082,0,0,0,1,1,96,0.2,4,100,1,2837.29,6372.45,0
27.635,76,3,2000,908.79,0,0,0,1,1,96,0.2,4,100,1,2817.69,3622.1,0
27.636,78,2,2000,466.705,0,0,0,1,0,64,0.05,4,100,1,2846.58,3002.01,0
27.6355,77,3,2000,868.877,0,0,0,1,1,96,0.2,4,100,1,2833.84,3298.01,0
27.6365,79,2,2000,431.172,0,0,0,1,0,64,0.05,4,100,1,2863.34,2677.93,0
27.6405,87,6,2000,2000,0,0,0,1,0,64,0.05,4,100,1,2958.65,563.73,0
27.641,88,5,2000,1772.67,0,0,0,1,1,96,0.2,4,100,1,2803.59,5706.55,0
27.6415,89,4,2000,1501.19,0,0,0,1,1,32,0.15,4,100,1,2785.52,5434.82,0
27.642,90,4,2000,1155.79,0,0,0,1,1,32,0.15,4,100,1,2772.84,5165.42,0
27.6425,91,3,2000,861.132,0,0,0,1,1,32,0.15,4,100,1,2763.91,4850.61,0
27.651,108,6,2000,1921.25,0,0,0,1,0,0,0,4,100,1,2963.16,486.91,0
27.652,110,4,2000,1360.56,0,0,0,1,1,32,0.15,4,100,1,2770.69,5119.52,0
27.6525,111,3,2000,1049.62,0,0,0,1,1,32,0.15,4,100,1,2767.05,4864.57,0
27.653,112,3,2000,764.089,0,0,0,1,1,32,0.15,4,100,1,2776.34,4577.34,0
27.654,114,2,2000,489.384,0,0,0,1,0,0,0,4,100,1,2803.91,3952.14,0
27.662,130,4,2000,1381.7,0,0,0,1,1,32,0.15,4,100,1,2777.45,5349.72,0
27.6625,131,3,2000,1024.22,0,0,0,1,1,32,0.15,4,100,1,2768.33,5137.66,0
27.671,148,2,2000,425.489,0,0,0,1,0,0,0,4,100,1,2872.19,1841.27,0
27.6725,151,2,2000,422.411,0,0,0,1,0,0,0,4,100,1,2884.82,1626.74,0
27.674,154,5,2000,1844.04,0,0,0,1,1,32,0.15,4,100,1,2878.24,1777.14,0
27.6745,155,4,2000,1497.75,0,0,0,1,1,32,0.15,4,100,1,2862.62,2129.79,0
27.6755,157,5,2000,1629.54,0,0,0,1,1,96,0.2,4,100,1,2873.92,1874.73,0
27.676,158,5,2000,1677.15,0,0,0,1,1,96,0.2,4,100,1,2849.02,2459.93,0
27.6765,159,5,2000,1727.91,0,0,0,1,1,96,0.2,4,100,1,2847.27,2508.01,0
27.677,160,5,2000,1779.96,0,0,0,1,1,96,0.2,4,100,1,2845.51,2555.97,0
27.678,162,5,2000,1829,0,0,0,1,1,32,0.15,4,100,1,2841.26,2659.59,0
27.698,202,13,2767.85,4235.61,0,0,0,0,0,0,0,4,100,0,0,0,0
27.6985,203,14,2749,4678.28,0,0,0,0,0,0,0,4,100,0,0,0,0
27.699,204,15,2745.32,5058.65,0,0,0,0,0,0,0,4,100,0,0,0,0
27.6995,205,17,2767.87,5485.82,0,0,0,0,0,0,0,4,100,0,0,0,0
27.703,12,6,2000,2000,0,0,0,1,0,0,0,4,100,1,2837.82,6411.29,0
27.7035,13,5,2000,1701.61,0,0,0,1,1,32,0.15,4,100,1,2819.97,6068.48,0
27.704,14,4,2000,1315.95,0,0,0,1,1,32,0.15,4,100,1,2804.41,5781.02,0
27.7045,15,3,2000,987.909,0,0,0,1,1,32,0.15,4,100,1,2782.05,5430.19,0
27.7055,17,3,2000,658.904,0,0,0,1,1,32,0.15,4,100,1,2770.21,4719.05,0
27.73,66,6,2000,2000,0,0,0,1,0,64,0.05,4,100,1,2910.71,1331.84,0
27.7305,67,6,2000,1983.41,0,0,0,1,0,64,0.05,4,100,1,2915.56,1207.85,0
27.731,68,5,2000,1830.42,0,0,0,1,1,96,0.2,4,100,1,2928.06,970.58,0
27.7315,69,5,2000,1805.03,0,0,0,1,1,96,0.2,4,100,1,2925.5,953.9,0
27.732,70,4,2000,1175.31,0,0,0,1,1,96,0.2,4,100,1,2927.36,906.6,0
27.733,72,4,2000,1335.5,0,0,0,1,1,96,0.2,4,100,1,2964,464.5,0
27.7335,73,4,2000,1211.51,0,0,0,1,1,96,0.2,4,100,1,2973.9,428.96,0
27.7325,71,4,2000,1293.76,0,0,0,1,1,96,0.2,4,100,1,2932.12,866.68,0
27.734,74,3,2000,974.25,0,0,0,1,1,96,0.2,4,100,1,2809.32,6719.35,0
27.7345,75,3,2000,957.578,0,0,0,1,1,96,0.2,4,100,1,2837.29,6372.45,0
27.7355,77,3,2000,870.372,0,0,0,1,1,96,0.2,4,100,1,2833.84,3298.01,0
27.735,76,3,2000,910.285,0,0,0,1,1,96,0.2,4,100,1,2817.69,3622.1,0
27.736,78,2,2000,468.2,0,0,0,1,0,64,0.05,4,100,1,2846.58,3002.01,0
27.7365,79,2,2000,432.667,0,0,0,1,0,64,0.05,4,100,1,2863.34,2677.93,0
27.7405,87,6,2000,2000,0,0,0,1,0,64,0.05,4,100,1,2958.65,563.73,0
27.741,88,5,2000,1774.16,0,0,0,1,1,96,0.2,4,100,1,2803.59,5706.55,0
27.7415,89,4,2000,1502.68,0,0,0,1,1,32,0.15,4,100,1,2785.52,5434.82,0
27.742,90,4,2000,1157.29,0,0,0,1,1,32,0.15,4,100,1,2772.84,5165.42,0
27.7425,91,3,2000,862.627,0,0,0,1,1,32,0.15,4,100,1,2763.91,4850.61,0
27.751,108,6,2000,1922.74,0,0,0,1,0,0,0,4,100,1,2963.16,486.91,0
27.752,110,4,2000,1362.06,0,0,0,1,1,32,0.15,4,100,1,2770.69,5119.52,0
27.7525,111,3,2000,1051.12,0,0,0,1,1,32,0.15,4,100,1,2767.05,4864.57,0
27.753,112,3,2000,765.584,0,0,0,1,1,32,0.15,4,100,1,2776.34,4577.34,0
27.754,114,2,2000,490.879,0,0,0,1,0,0,0,4,100,1,2803.91,3952.14,0
27.762,130,4,2000,1383.2,0,0,0,1,1,32,0.15,4,100,1,2777.45,5349.72,0
27.7625,131,3,2000,1025.72,0,0,0,1,1,32,0.15,4,100,1,2768.33,5137.66,0
27.771,148,2,2000,426.982,0,0,0,1,0,0,0,4,100,1,2872.19,1841.27,0
27.7725,151,2,2000,423.904,0,0,0,1,0,0,0,4,100,1,2884.82,1626.74,0
27.774,154,5,2000,1845.54,0,0,0,1,1,32,0.15,4,100,1,2878.24,1777.14,0
27.7745,155,4,2000,1499.24,0,0,0,1,1,32,0.15,4,100,1,2862.62,2129.79,0
27.7755,157,5,2000,1631.03,0,0,0,1,1,96,0.2,4,100,1,2873.92,1874.73,0
27.776,158,5,2000,1678.65,0,0,0,1,1,96,0.2,4,100,1,2849.02,2459.93,0
27.7765,159,5,2000,1729.4,0,0,0,1,1,96,0.2,4,100,1,2847.27,2508.01,0
27.777,160,5,2000,1781.45,0,0,0,1,1,96,0.2,4,100,1,2845.51,2555.97,0
27.778,162,5,2000,1830.5,0,0,0,1,1,32,0.15,4,100,1,2841.26,2659.59,0
27.798,202,13,2767.85,4235.61,0,0,0,0,0,0,0,4,100,0,0,0,0
27.7985,203,14,2749,4678.28,0,0,0,0,0,0,0,4,100,0,0,0,0
27.799,204,15,2745.32,5058.65,0,0,0,0,0,0,0,4,100,0,0,0,0
27.7995,205,17,2767.87,5485.82,0,0,0,0,0,0,0,4,100,0,0,0,0
27.803,12,6,2000,2000,0,0,0,1,0,0,0,4,100,1,2837.82,6411.29,0
27.8035,13,5,2000,1703.11,0,0,0,1,1,32,0.15,4,100,1,2819.97,6068.48,0
27.804,14,4,2000,1317.44,0,0,0,1,1,32,0.15,4,100,1,2804.41,5781.02,0
27.8045,15,3,2000,989.401,0,0,0,1,1,32,0.15,4,100,1,2782.05,5430.19,0
27.8055,17,3,2000,660.396,0,0,0,1,1,32,0.15,4,100,1,2770.21,4719.05,0
27.83,66,6,2000,2000,0,0,0,1,0,64,0.05,4,100,1,2910.71,1331.84,0
27.8305,67,6,2000,1984.9,0,0,0,1,0,64,0.05,4,100,1,2915.56,1207.85,0
27.831,68,5,2000,1831.9,0,0,0,1,1,96,0.2,4,100,1,2928.06,970.58,0
27.832,70,4,2000,1176.8,0,0,0,1,1,96,0.2,4,100,1,2927.36,906.6,0
27.8325,71,4,2000,1295.25,0,0,0,1,1,96,0.2,4,100,1,2932.12,866.68,0
27.8315,69,5,2000,1806.52,0,0,0,1,1,96,0.2,4,100,1,2925.5,953.9,0
27.833,72,4,2000,1336.98,0,0,0,1,1,96,0.2,4,100,1,2964,464.5,0
27.8335,73,4,2000,1213,0,0,0,1,1,96,0.2,4,100,1,2973.9,428.96,0
27.834,74,3,2000,975.74,0,0,0,1,1,96,0.2,4,100,1,2809.32,6719.35,0
27.835,76,3,2000,911.774,0,0,0,1,1,96,0.2,4,100,1,2817.69,3622.1,0
27.8355,77,3,2000,871.862,0,0,0,1,1,96,0.2,4,100,1,2833.84,3298.01,0
27.8345,75,3,2000,959.067,0,0,0,1,1,96,0.2,4,100,1,2837.29,6372.45,0
27.8365,79,2,2000,434.157,0,0,0,1,0,64,0.05,4,100,1,2863.34,2677.93,0
27.836,78,2,2000,469.689,0,0,0,1,0,64,0.05,4,100,1,2846.58,3002.01,0
27.8405,87,6,2000,2000,0,0,0,1,0,64,0.05,4,100,1,2958.65,563.73,0
27.841,88,5,2000,1775.65,0,0,0,1,1,96,0.2,4,100,1,2803.59,5706.55,0
27.8415,89,4,2000,1504.17,0,0,0,1,1,32,0.15,4,100,1,2785.52,5434.82,0
27.842,90,4,2000,1158.78,0,0,0,1,1,32,0.15,4,100,1,2772.84,5165.42,0
27.8425,91,3,2000,864.116,0,0,0,1,1,32,0.15,4,100,1,2763.91,4850.61,0
27.851,108,6,2000,1924.23,0,0,0,1,0,0,0,4,100,1,2963.16,486.91,0
27.852,110,4,2000,1363.55,0,0,0,1,1,32,0.15,4,100,1,2770.69,5119.52,0
27.8525,111,3,2000,1052.6,0,0,0,1,1,32,0.15,4,100,1,2767.05,4864.57,0
27.853,112,3,2000,767.072,0,0,0,1,1,32,0.15,4,100,1,2776.34,4577.34,0
27.854,114,2,2000,492.367,0,0,0,1,0,0,0,4,100,1,2803.91,3952.14,0
27.862,130,4,2000,1384.69,0,0,0,1,1,32,0.15,4,100,1,2777.45,5349.72,0
27.8625,131,3,2000,1027.2,0,0,0,1,1,32,0.15,4,100,1,2768.33,5137.66,0
27.871,148,2,2000,428.469,0,0,0,1,0,0,0,4,100,1,2872.19,1841.27,0
27.8725,151,2,2000,425.391,0,0,0,1,0,0,0,4,100,1,2884.82,1626.74,0
27.874,154,5,2000,1847.02,0,0,0,1,1,32,0.15,4,100,1,2878.24,1777.14,0
27.8745,155,4,2000,1500.73,0,0,0,1,1,32,0.15,4,100,1,2862.62,2129.79,0
27.8755,157,5,2000,1632.52,0,0,0,1,1,96,0.2,4,100,1,2873.92,1874.73,0
27.876,158,5,2000,1680.13,0,0,0,1,1,96,0.2,4,100,1,2849.02,2459.93,0
27.8765,159,5,2000,1730.89,0,0,0,1,1,96,0.2,4,100,1,2847.27,2508.01,0
27.877,160,5,2000,1782.94,0,0,0,1,1,96,0.2,4,100,1,2845.51,2555.97,0
27.878,162,5,2000,1831.98,0,0,0,1,1,32,0.15,4,100,1,2841.26,2659.59,0
27.898,202,13,2767.85,4235.61,0,0,0,0,0,0,0,4,100,0,0,0,0
27.8985,203,14,2749,4678.28,0,0,0,0,0,0,0,4,100,0,0,0,0
27.899,204,15,2745.32,5058.65,0,0,0,0,0,0,0,4,100,0,0,0,0
27.8995,205,17,2767.87,5485.82,0,0,0,0,0,0,0,4,100,0,0,0,0
27.903,12,6,2000,2000,0,0,0,1,0,0,0,4,100,1,2837.82,6411.29,0
27.9035,13,5,2000,1704.59,0,0,0,1,1,32,0.15,4,100,1,2819.97,6068.48,0
27.904,14,4,2000,1318.93,0,0,0,1,1,32,0.15,4,100,1,2804.41,5781.02,0
27.9045,15,3,2000,990.885,0,0,0,1,1,32,0.15,4,100,1,2782.05,5430.19,0
27.9055,17,3,2000,661.88,0,0,0,1,1,32,0.15,4,100,1,2770.21,4719.05,0
27.93,66,6,2000,2000,0,0,0,1,0,64,0.05,4,100,1,2910.71,1331.84,0
27.9305,67,6,2000,1986.38,0,0,0,1,0,64,0.05,4,100,1,2915.56,1207.85,0
27.931,68,5,2000,1833.39,0,0,0,1,1,96,0.2,4,100,1,2928.06,970.58,0
27.9315,69,5,2000,1808,0,0,0,1,1,96,0.2,4,100,1,2925.5,953.9,0
27.932,70,4,2000,1178.28,0,0,0,1,1,96,0.2,4,100,1,2927.36,906.6,0
27.9325,71,4,2000,1296.73,0,0,0,1,1,96,0.2,4,100,1,2932.12,866.68,0
27.9335,73,4,2000,1214.48,0,0,0,1,1,96,0.2,4,100,1,2973.9,428.96,0
27.933,72,4,2000,1338.47,0,0,0,1,1,96,0.2,4,100,1,2964,464.5,0
27.934,74,3,2000,977.221,0,0,0,1,1,96,0.2,4,100,1,2809.32,6719.35,0
27.9345,75,3,2000,960.548,0,0,0,1,1,96,0.2,4,100,1,2837.29,6372.45,0
27.9355,77,3,2000,873.343,0,0,0,1,1,96,0.2,4,100,1,2833.84,3298.01,0
27.935,76,3,2000,913.256,0,0,0,1,1,96,0.2,4,100,1,2817.69,3622.1,0
27.936,78,2,2000,471.17,0,0,0,1,0,64,0.05,4,100,1,2846.58,3002.01,0
27.9365,79,2,2000,435.638,0,0,0,1,0,64,0.05,4,100,1,2863.34,2677.93,0
27.9405,87,6,2000,2000,0,0,0,1,0,64,0.05,4,100,1,2958.65,563.73,0
27.941,88,5,2000,1777.13,0,0,0,1,1,96,0.2,4,100,1,2803.59,5706.55,0
27.9415,89,4,2000,1505.65,0,0,0,1,1,32,0.15,4,100,1,2785.52,5434.82,0
27.942,90,4,2000,1160.26,0,0,0,1,1,32,0.15,4,100,1,2772.84,5165.42,0
27.9425,91,3,2000,865.596,0,0,0,1,1,32,0.15,4,100,1,2763.91,4850.61,0
27.951,108,6,2000,1925.71,0,0,0,1,0,0,0,4,100,1,2963.16,486.91,0
27.952,110,4,2000,1365.03,0,0,0,1,1,32,0.15,4,100,1,2770.69,5119.52,0
27.9525,111,3,2000,1054.08,0,0,0,1,1,32,0.15,4,100,1,2767.05,4864.57,0
27.953,112,3,2000,768.551,0,0,0,1,1,32,0.15,4,100,1,2776.34,4577.34,0
27.954,114,2,2000,493.846,0,0,0,1,0,0,0,4,100,1,2803.91,3952.14,0
27.962,130,4,2000,1386.16,0,0,0,1,1,32,0.15,4,100,1,2777.45,5349.72,0
27.9625,131,3,2000,1028.68,0,0,0,1,1,32,0.15,4,100,1,2768.33,5137.66,0
27.971,148,2,2000,429.946,0,0,0,1,0,0,0,4,100,1,2872.19,1841.27,0
27.9725,151,2,2000,426.868,0,0,0,1,0,0,0,4,100,1,2884.82,1626.74,0
27.974,154,5,2000,1848.5,0,0,0,1,1,32,0.15,4,100,1,2878.24,1777.14,0
27.9745,155,4,2000,1502.21,0,0,0,1,1,32,0.15,4,100,1,2862.62,2129.79,0
27.9755,157,5,2000,1633.99,0,0,0,1,1,96,0.2,4,100,1,2873.92,1874.73,0
27.976,158,5,2000,1681.61,0,0,0,1,1,96,0.2,4,100,1,2849.02,2459.93,0
27.9765,159,5,2000,1732.37,0,0,0,1,1,96,0.2,4,100,1,2847.27,2508.01,0
27.977,160,5,2000,1784.41,0,0,0,1,1,96,0.2,4,100,1,2845.51,2555.97,0
27.978,162,5,2000,1833.46,0,0,0,1,1,32,0.15,4,100,1,2841.26,2659.59,0
27.998,202,13,2767.85,4235.61,0,0,0,0,0,0,0,4,100,0,0,0,0
27.9985,203,14,2749,4678.28,0,0,0,0,0,0,0,4,100,0,0,0,0
27.999,204,15,2745.32,5058.65,0,0,0,0,0,0,0,4,100,0,0,0,0
27.9995,205,17,2767.87,5485.82,0,0,0,0,0,0,0,4,100,0,0,0,0
28.003,12,6,2000,2000,0,0,0,1,0,0,0,4,100,1,2837.82,6411.29,0
28.0035,13,5,2000,1706.06,0,0,0,1,1,32,0.15,4,100,1,2819.97,6068.48,0
28.004,14,4,2000,1320.4,0,0,0,1,1,32,0.15,4,100,1,2804.41,5781.02,0
28.0045,15,3,2000,992.359,0,0,0,1,1,32,0.15,4,100,1,2782.05,5430.19,0
28.0055,17,3,2000,663.353,0,0,0,1,1,32,0.15,4,100,1,2770.21,4719.05,0
28.03,66,6,2000,2000,0,0,0,1,0,64,0.05,4,100,1,2910.71,1331.84,0
28.0305,67,6,2000,1987.85,0,0,0,1,0,64,0.05,4,100,1,2915.56,1207.85,0
28.031,68,5,2000,1834.86,0,0,0,1,1,96,0.2,4,100,1,2928.06,970.58,0
28.032,70,4,2000,1179.75,0,0,0,1,1,96,0.2,4,100,1,2927.36,906.6,0
28.0325,71,4,2000,1298.2,0,0,0,1,1,96,0.2,4,100,1,2932.12,866.68,0
28.0315,69,5,2000,1809.47,0,0,0,1,1,96,0.2,4,100,1,2925.5,953.9,0
28.033,72,4,2000,1339.94,0,0,0,1,1,96,0.2,4,100,1,2964,464.5,0
28.0335,73,4,2000,1215.95,0,0,0,1,1,96,0.2,4,100,1,2973.9,428.96,0
28.035,76,3,2000,914.726,0,0,0,1,1,96,0.2,4,100,1,2817.69,3622.1,0
28.034,74,3,2000,978.691,0,0,0,1,1,96,0.2,4,100,1,2809.32,6719.35,0
28.0365,79,2,2000,437.108,0,0,0,1,0,64,0.05,4,100,1,2863.34,2677.93,0
28.0345,75,3,2000,962.019,0,0,0,1,1,96,0.2,4,100,1,2837.29,6372.45,0
28.0355,77,3,2000,874.813,0,0,0,1,1,96,0.2,4,100,1,2833.84,3298.01,0
28.036,78,2,2000,472.641,0,0,0,1,0,64,0.05,4,100,1,2846.58,3002.01,0
28.0405,87,6,2000,2000,0,0,0,1,0,64,0.05,4,100,1,2958.65,563.73,0
28.041,88,5,2000,1778.6,0,0,0,1,1,96,0.2,4,100,1,2803.59,5706.55,0
28.0415,89,4,2000,1507.12,0,0,0,1,1,32,0.15,4,100,1,2785.52,5434.82,0
28.042,90,4,2000,1161.73,0,0,0,1,1,32,0.15,4,100,1,2772.84,5165.42,0
28.0425,91,3,2000,867.066,0,0,0,1,1,32,0.15,4,100,1,2763.91,4850.61,0
28.051,108,6,2000,1927.18,0,0,0,1,0,0,0,4,100,1,2963.16,486.91,0
28.052,110,4,2000,1366.49,0,0,0,1,1,32,0.15,4,100,1,2770.69,5119.52,0
28.0525,111,3,2000,1055.55,0,0,0,1,1,32,0.15,4,100,1,2767.05,4864.57,0
28.053,112,3,2000,770.019,0,0,0,1,1,32,0.15,4,100,1,2776.34,4577.34,0
28.054,114,2,2000,495.314,0,0,0,1,0,0,0,4,100,1,2803.91,3952.14,0
28.062,130,4,2000,1387.63,0,0,0,1,1,32,0.15,4,100,1,2777.45,5349.72,0
28.0625,131,3,2000,1030.15,0,0,0,1,1,32,0.15,4,100,1,2768.33,5137.66,0
28.071,148,2,2000,431.412,0,0,0,1,0,0,0,4,100,1,2872.19,1841.27,0
28.0725,151,2,2000,428.334,0,0,0,1,0,0,0,4,100,1,2884.82,1626.74,0
28.074,154,5,2000,1849.97,0,0,0,1,1,32,0.15,4,100,1,2878.24,1777.14,0
28.0745,155,4,2000,1503.67,0,0,0,1,1,32,0.15,4,100,1,2862.62,2129.79,0
28.0755,157,5,2000,1635.46,0,0,0,1,1,96,0.2,4,100,1,2873.92,1874.73,0
28.076,158,5,2000,1683.08,0,0,0,1,1,96,0.2,4,100,1,2849.02,2459.93,0
28.0765,159,5,2000,1733.83,0,0,0,1,1,96,0.2,4,100,1,2847.27,2508.01,0
28.077,160,5,2000,1785.88,0,0,0,1,1,96,0.2,4,100,1,2845.51,2555.97,0
28.078,162,5,2000,1834.92,0,0,0,1,1,32,0.15,4,100,1,2841.26,2659.59,0
28.098,202,13,2767.85,4235.61,0,0,0,0,0,0,0,4,100,0,0,0,0
28.0985,203,14,2749,4678.28,0,0,0,0,0,0,0,4,100,0,0,0,0
28.099,204,15,2745.32,5058.65,0,0,0,0,0,0,0,4,100,0,0,0,0
28.0995,205,17,2767.87,5485.82,0,0,0,0,0,0,0,4,100,0,0,0,0
28.103,12,6,2000,2000,0,0,0,1,0,0,0,4,100,1,2837.82,6411.29,0
28.1035,13,5,2000,1707.53,0,0,0,1,1,32,0.15,4,100,1,2819.97,6068.48,0
28.104,14,4,2000,1321.86,0,0,0,1,1,32,0.15,4,100,1,2804.41,5781.02,0
28.1045,15,3,2000,993.82,0,0,0,1,1,32,0.15,4,100,1,2782.05,5430.19,0
28.1055,17,3,2000,664.815,0,0,0,1,0,0,0,4,100,1,2770.21,4719.05,0
28.13,66,6,2000,2000,0,0,0,1,0,64,0.05,4,100,1,2910.71,1331.84,0
28.1305,67,6,2000,1989.31,0,0,0,1,0,64,0.05,4,100,1,2915.56,1207.85,0
28.131,68,5,2000,1836.32,0,0,0,1,0,64,0.05,4,100,1,2928.06,970.58,0
28.1315,69,5,2000,1810.93,0,0,0,1,0,64,0.05,4,100,1,2925.5,953.9,0
28.132,70,4,2000,1181.21,0,0,0,1,1,96,0.2,4,100,1,2927.36,906.6,0
28.1325,71,4,2000,1299.66,0,0,0,1,1,96,0.2,4,100,1,2932.12,866.68,0
28.133,72,4,2000,1341.39,0,0,0,1,1,96,0.2,4,100,1,2964,464.5,0
28.134,74,3,2000,980.149,0,0,0,1,0,64,0.05,4,100,1,2809.32,6719.35,0
28.1345,75,3,2000,963.476,0,0,0,1,0,64,0.05,4,100,1,2837.29,6372.45,0
28.135,76,3,2000,916.183,0,0,0,1,0,64,0.05,4,100,1,2817.69,3622.1,0
28.1365,79,2,2000,438.565,0,0,0,1,0,64,0.05,4,100,1,2863.34,2677.93,0
28.136,78,2,2000,474.098,0,0,0,1,0,64,0.05,4,100,1,2846.58,3002.01,0
28.1355,77,3,2000,876.271,0,0,0,1,0,64,0.05,4,100,1,2833.84,3298.01,0
28.1335,73,4,2000,1217.41,0,0,0,1,1,96,0.2,4,100,1,2973.9,428.96,0
28.1405,87,6,2000,2000,0,0,0,1,0,64,0.05,4,100,1,2958.65,563.73,0
28.141,88,5,2000,1780.06,0,0,0,1,0,64,0.05,4,100,1,2803.59,5706.55,0
28.1415,89,4,2000,1508.58,0,0,0,1,1,32,0.15,4,100,1,2785.52,5434.82,0
28.142,90,4,2000,1163.18,0,0,0,1,1,32,0.15,4,100,1,2772.84,5165.42,0
28.1425,91,3,2000,868.522,0,0,0,1,0,0,0,4,100,1,2763.91,4850.61,0
28.151,108,6,2000,1928.64,0,0,0,1,0,0,0,4,100,1,2963.16,486.91,0
28.152,110,4,2000,1367.95,0,0,0,1,1,32,0.15,4,100,1,2770.69,5119.52,0
28.1525,111,3,2000,1057.01,0,0,0,1,0,0,0,4,100,1,2767.05,4864.57,0
28.153,112,3,2000,771.474,0,0,0,1,0,0,0,4,100,1,2776.34,4577.34,0
28.154,114,2,2000,496.769,0,0,0,1,0,0,0,4,100,1,2803.91,3952.14,0
28.162,130,4,2000,1389.08,0,0,0,1,1,32,0.15,4,100,1,2777.45,5349.72,0
28.1625,131,3,2000,1031.6,0,0,0,1,1,32,0.15,4,100,1,2768.33,5137.66,0
28.171,148,2,2000,432.865,0,0,0,1,0,0,0,4,100,1,2872.19,1841.27,0
28.1725,151,2,2000,429.786,0,0,0,1,0,0,0,4,100,1,2884.82,1626.74,0
28.174,154,5,2000,1851.42,0,0,0,1,0,0,0,4,100,1,2878.24,1777.14,0
28.1745,155,4,2000,1505.13,0,0,0,1,0,0,0,4,100,1,2862.62,2129.79,0
28.1755,157,5,2000,1636.91,0,0,0,1,0,64,0.05,4,100,1,2873.92,1874.73,0
28.176,158,5,2000,1684.53,0,0,0,1,0,64,0.05,4,100,1,2849.02,2459.93,0
28.1765,159,5,2000,1735.28,0,0,0,1,0,64,0.05,4,100,1,2847.27,2508.01,0
28.177,160,5,2000,1787.33,0,0,0,1,0,64,0.05,4,100,1,2845.51,2555.97,0
28.178,162,5,2000,1836.38,0,0,0,1,1,32,0.15,4,100,1,2841.26,2659.59,0
28.198,202,13,2767.85,4235.61,0,0,0,0,0,0,0,4,100,0,0,0,0
28.1985,203,14,2749,4678.28,0,0,0,0,0,0,0,4,100,0,0,0,0
28.199,204,15,2745.32,5058.65,0,0,0,0,0,0,0,4,100,0,0,0,0
28.1995,205,17,2767.87,5485.82,0,0,0,0,0,0,0,4,100,0,0,0,0
28.203,12,6,2000,2000,0,0,0,1,0,0,0,4,100,1,2837.82,6411.29,0
28.2035,13,5,2000,1708.97,0,0,0,1,1,32,0.15,4,100,1,2819.97,6068.48,0
28.204,14,4,2000,1323.31,0,0,0,1,0,0,0,4,100,1,2804.41,5781.02,0
28.2045,15,3,2000,995.268,0,0,0,1,1,32,0.15,4,100,1,2782.05,5430.19,0
28.2055,17,3,2000,666.262,0,0,0,1,1,32,0.15,4,100,1,2770.21,4719.05,0
28.23,66,6,2000,2000,0,0,0,1,0,64,0.05,4,100,1,2910.71,1331.84,0
28.2305,67,6,2000,1990.75,0,0,0,1,0,64,0.05,4,100,1,2915.56,1207.85,0
28.231,68,5,2000,1837.76,0,0,0,1,1,96,0.2,4,100,1,2928.06,970.58,0
28.2315,69,5,2000,1812.38,0,0,0,1,1,96,0.2,4,100,1,2925.5,953.9,0
28.2325,71,4,2000,1301.1,0,0,0,1,0,64,0.05,4,100,1,2932.12,866.68,0
28.233,72,4,2000,1342.84,0,0,0,1,0,64,0.05,4,100,1,2964,464.5,0
28.2335,73,4,2000,1218.85,0,0,0,1,0,64,0.05,4,100,1,2973.9,428.96,0
28.234,74,3,2000,981.591,0,0,0,1,1,96,0.2,4,100,1,2809.32,6719.35,0
28.232,70,4,2000,1182.65,0,0,0,1,0,64,0.05,4,100,1,2927.36,906.6,0
28.235,76,3,2000,917.626,0,0,0,1,1,96,0.2,4,100,1,2817.69,3622.1,0
28.2345,75,3,2000,964.918,0,0,0,1,1,96,0.2,4,100,1,2837.29,6372.45,0
28.2365,79,2,2000,440.007,0,0,0,1,0,64,0.05,4,100,1,2863.34,2677.93,0
28.236,78,2,2000,475.54,0,0,0,1,0,64,0.05,4,100,1,2846.58,3002.01,0
28.2355,77,3,2000,877.713,0,0,0,1,1,96,0.2,4,100,1,2833.84,3298.01,0
28.2405,87,6,2000,2000,0,0,0,1,0,64,0.05,4,100,1,2958.65,563.73,0
28.241,88,5,2000,1781.5,0,0,0,1,1,96,0.2,4,100,1,2803.59,5706.55,0
28.2415,89,4,2000,1510.02,0,0,0,1,0,0,0,4,100,1,2785.52,5434.82,0
28.242,90,4,2000,1164.63,0,0,0,1,0,0,0,4,100,1,2772.84,5165.42,0
28.2425,91,3,2000,869.963,0,0,0,1,1,32,0.15,4,100,1,2763.91,4850.61,0
28.251,108,6,2000,1930.07,0,0,0,1,0,0,0,4,100,1,2963.16,486.91,0
28.252,110,4,2000,1369.39,0,0,0,1,1,32,0.15,4,100,1,2770.69,5119.52,0
28.2525,111,3,2000,1058.45,0,0,0,1,1,32,0.15,4,100,1,2767.05,4864.57,0
28.253,112,3,2000,772.913,0,0,0,1,1,32,0.15,4,100,1,2776.34,4577.34,0
28.254,114,2,2000,498.208,0,0,0,1,0,0,0,4,100,1,2803.91,3952.14,0
28.262,130,4,2000,1390.52,0,0,0,1,1,32,0.15,4,100,1,2777.45,5349.72,0
28.2625,131,3,2000,1033.04,0,0,0,1,1,32,0.15,4,100,1,2768.33,5137.66,0
28.271,148,2,2000,434.301,0,0,0,1,0,0,0,4,100,1,2872.19,1841.27,0
28.2725,151,2,2000,431.222,0,0,0,1,0,0,0,4,100,1,2884.82,1626.74,0
28.274,154,5,2000,1852.85,0,0,0,1,1,32,0.15,4,100,1,2878.24,1777.14,0
28.2745,155,4,2000,1506.56,0,0,0,1,1,32,0.15,4,100,1,2862.62,2129.79,0
28.2755,157,5,2000,1638.34,0,0,0,1,1,96,0.2,4,100,1,2873.92,1874.73,0
28.276,158,5,2000,1685.96,0,0,0,1,1,96,0.2,4,100,1,2849.02,2459.93,0
28.2765,159,5,2000,1736.72,0,0,0,1,1,96,0.2,4,100,1,2847.27,2508.01,0
28.277,160,5,2000,1788.77,0,0,0,1,1,96,0.2,4,100,1,2845.51,2555.97,0
28.278,162,5,2000,1837.81,0,0,0,1,1,32,0.15,4,100,1,2841.26,2659.59,0
28.298,202,13,2767.85,4235.61,0,0,0,0,0,0,0,4,100,0,0,0,0
28.2985,203,14,2749,4678.28,0,0,0,0,0,0,0,4,100,0,0,0,0
28.299,204,15,2745.32,5058.65,0,0,0,0,0,0,0,4,100,0,0,0,0
28.2995,205,17,2767.87,5485.82,0,0,0,0,0,0,0,4,100,0,0,0,0
28.303,12,6,2000,2000,0,0,0,1,0,0,0,4,100,1,2837.82,6411.29,0
28.3035,13,5,2000,1710.4,0,0,0,1,1,32,0.15,4,100,1,2819.97,6068.48,0
28.304,14,4,2000,1324.74,0,0,0,1,1,32,0.15,4,100,1,2804.41,5781.02,0
28.3045,15,3,2000,996.698,0,0,0,1,1,32,0.15,4,100,1,2782.05,5430.19,0
28.3055,17,3,2000,667.692,0,0,0,1,1,32,0.15,4,100,1,2770.21,4719.05,0
28.33,66,6,2000,2000,0,0,0,1,0,64,0.05,4,100,1,2910.71,1331.84,0
28.3305,67,6,2000,1992.18,0,0,0,1,0,64,0.05,4,100,1,2915.56,1207.85,0
28.331,68,5,2000,1839.18,0,0,0,1,1,96,0.2,4,100,1,2928.06,970.58,0
28.3315,69,5,2000,1813.8,0,0,0,1,1,96,0.2,4,100,1,2925.5,953.9,0
28.332,70,4,2000,1184.08,0,0,0,1,1,96,0.2,4,100,1,2927.36,906.6,0
28.3325,71,4,2000,1302.52,0,0,0,1,1,96,0.2,4,100,1,2932.12,866.68,0
28.3335,73,4,2000,1220.28,0,0,0,1,1,96,0.2,4,100,1,2973.9,428.96,0
28.333,72,4,2000,1344.26,0,0,0,1,1,96,0.2,4,100,1,2964,464.5,0
28.334,74,3,2000,983.016,0,0,0,1,1,96,0.2,4,100,1,2809.32,6719.35,0
28.3345,75,3,2000,966.343,0,0,0,1,1,96,0.2,4,100,1,2837.29,6372.45,0
28.3355,77,3,2000,879.137,0,0,0,1,1,96,0.2,4,100,1,2833.84,3298.01,0
28.336,78,2,2000,476.964,0,0,0,1,0,64,0.05,4,100,1,2846.58,3002.01,0
28.335,76,3,2000,919.05,0,0,0,1,1,96,0.2,4,100,1,2817.69,3622.1,0
28.3365,79,2,2000,441.431,0,0,0,1,0,64,0.05,4,100,1,2863.34,2677.93,0
28.3405,87,6,2000,2000,0,0,0,1,0,64,0.05,4,100,1,2958.65,563.73,0
28.341,88,5,2000,1782.92,0,0,0,1,1,96,0.2,4,100,1,2803.59,5706.55,0
28.3415,89,4,2000,1511.44,0,0,0,1,1,32,0.15,4,100,1,2785.52,5434.82,0
28.342,90,4,2000,1166.05,0,0,0,1,1,32,0.15,4,100,1,2772.84,5165.42,0
28.3425,91,3,2000,871.386,0,0,0,1,1,32,0.15,4,100,1,2763.91,4850.61,0
28.351,108,6,2000,1931.5,0,0,0,1,0,0,0,4,100,1,2963.16,486.91,0
28.352,110,4,2000,1370.81,0,0,0,1,1,32,0.15,4,100,1,2770.69,5119.52,0
28.3525,111,3,2000,1059.87,0,0,0,1,1,32,0.15,4,100,1,2767.05,4864.57,0
28.353,112,3,2000,774.334,0,0,0,1,1,32,0.15,4,100,1,2776.34,4577.34,0
28.354,114,2,2000,499.629,0,0,0,1,0,0,0,4,100,1,2803.91,3952.14,0
28.362,130,4,2000,1391.94,0,0,0,1,1,32,0.15,4,100,1,2777.45,5349.72,0
28.3625,131,3,2000,1034.46,0,0,0,1,1,32,0.15,4,100,1,2768.33,5137.66,0
28.371,148,2,2000,435.718,0,0,0,1,0,0,0,4,100,1,2872.19,1841.27,0
28.3725,151,2,2000,432.639,0,0,0,1,0,0,0,4,100,1,2884.82,1626.74,0
28.374,154,5,2000,1854.27,0,0,0,1,1,32,0.15,4,100,1,2878.24,1777.14,0
28.3745,155,4,2000,1507.98,0,0,0,1,1,32,0.15,4,100,1,2862.62,2129.79,0
28.3755,157,5,2000,1639.76,0,0,0,1,1,96,0.2,4,100,1,2873.92,1874.73,0
28.376,158,5,2000,1687.38,0,0,0,1,1,96,0.2,4,100,1,2849.02,2459.93,0
28.3765,159,5,2000,1738.14,0,0,0,1,1,96,0.2,4,100,1,2847.27,2508.01,0
28.377,160,5,2000,1790.18,0,0,0,1,1,96,0.2,4,100,1,2845.51,2555.97,0
28.378,162,5,2000,1839.23,0,0,0,1,1,32,0.15,4,100,1,2841.26,2659.59,0
28.398,202,13,2767.85,4235.61,0,0,0,0,0,0,0,4,100,0,0,0,0
28.3985,203,14,2749,4678.28,0,0,0,0,0,0,0,4,100,0,0,0,0
28.399,204,15,2745.32,5058.65,0,0,0,0,0,0,0,4,100,0,0,0,0
28.3995,205,17,2767.87,5485.82,0,0,0,0,0,0,0,4,100,0,0,0,0
28.403,12,6,2000,2000,0,0,0,1,0,0,0,4,100,1,2837.82,6411.29,0
28.4035,13,5,2000,1711.81,0,0,0,1,1,32,0.15,4,100,1,2819.97,6068.48,0
28.404,14,4,2000,1326.15,0,0,0,1,1,32,0.15,4,100,1,2804.41,5781.02,0
28.4045,15,3,2000,998.109,0,0,0,1,1,32,0.15,4,100,1,2782.05,5430.19,0
28.4055,17,3,2000,669.103,0,0,0,1,1,32,0.15,4,100,1,2770.21,4719.05,0
28.43,66,6,2000,2000,0,0,0,1,0,64,0.05,4,100,1,2910.71,1331.84,0
28.4305,67,6,2000,1993.58,0,0,0,1,0,64,0.05,4,100,1,2915.56,1207.85,0
28.431,68,5,2000,1840.59,0,0,0,1,1,96,0.2,4,100,1,2928.06,970.58,0
28.4315,69,5,2000,1815.21,0,0,0,1,1,96,0.2,4,100,1,2925.5,953.9,0
28.432,70,4,2000,1185.48,0,0,0,1,1,96,0.2,4,100,1,2927.36,906.6,0
28.4325,71,4,2000,1303.93,0,0,0,1,1,96,0.2,4,100,1,2932.12,866.68,0
28.4335,73,4,2000,1221.68,0,0,0,1,1,96,0.2,4,100,1,2973.9,428.96,0
28.433,72,4,2000,1345.67,0,0,0,1,1,96,0.2,4,100,1,2964,464.5,0
28.434,74,3,2000,984.421,0,0,0,1,1,96,0.2,4,100,1,2809.32,6719.35,0
28.4345,75,3,2000,967.748,0,0,0,1,1,96,0.2,4,100,1,2837.29,6372.45,0
28.435,76,3,2000,920.455,0,0,0,1,1,96,0.2,4,100,1,2817.69,3622.1,0
28.436,78,2,2000,478.369,0,0,0,1,0,64,0.05,4,100,1,2846.58,3002.01,0
28.4365,79,2,2000,442.836,0,0,0,1,0,64,0.05,4,100,1,2863.34,2677.93,0
28.4355,77,3,2000,880.542,0,0,0,1,1,96,0.2,4,100,1,2833.84,3298.01,0
28.4405,87,6,2000,2000,0,0,0,1,0,64,0.05,4,100,1,2958.65,563.73,0
28.441,88,5,2000,1784.33,0,0,0,1,1,96,0.2,4,100,1,2803.59,5706.55,0
28.4415,89,4,2000,1512.85,0,0,0,1,1,32,0.15,4,100,1,2785.52,5434.82,0
28.442,90,4,2000,1167.45,0,0,0,1,1,32,0.15,4,100,1,2772.84,5165.42,0
28.4425,91,3,2000,872.789,0,0,0,1,1,32,0.15,4,100,1,2763.91,4850.61,0
28.451,108,6,2000,1932.9,0,0,0,1,0,0,0,4,100,1,2963.16,486.91,0
28.452,110,4,2000,1372.21,0,0,0,1,1,32,0.15,4,100,1,2770.69,5119.52,0
28.4525,111,3,2000,1061.27,0,0,0,1,1,32,0.15,4,100,1,2767.05,4864.57,0
28.453,112,3,2000,775.735,0,0,0,1,1,32,0.15,4,100,1,2776.34,4577.34,0
28.454,114,2,2000,501.029,0,0,0,1,0,0,0,4,100,1,2803.91,3952.14,0
28.462,130,4,2000,1393.34,0,0,0,1,1,32,0.15,4,100,1,2777.45,5349.72,0
28.4625,131,3,2000,1035.86,0,0,0,1,1,32,0.15,4,100,1,2768.33,5137.66,0
28.471,148,2,2000,437.115,0,0,0,1,0,0,0,4,100,1,2872.19,1841.27,0
28.4725,151,2,2000,434.036,0,0,0,1,0,0,0,4,100,1,2884.82,1626.74,0
28.474,154,5,2000,1855.67,0,0,0,1,1,32,0.15,4,100,1,2878.24,1777.14,0
28.4745,155,4,2000,1509.37,0,0,0,1,1,32,0.15,4,100,1,2862.62,2129.79,0
28.4755,157,5,2000,1641.16,0,0,0,1,1,96,0.2,4,100,1,2873.92,1874.73,0
28.476,158,5,2000,1688.77,0,0,0,1,1,96,0.2,4,100,1,2849.02,2459.93,0
28.4765,159,5,2000,1739.53,0,0,0,1,1,96,0.2,4,100,1,2847.27,2508.01,0
28.477,160,5,2000,1791.58,0,0,0,1,1,96,0.2,4,100,1,2845.51,2555.97,0
28.478,162,5,2000,1840.62,0,0,0,1,1,32,0.15,4,100,1,2841.26,2659.59,0
28.498,202,13,2767.85,4235.61,0,0,0,0,0,0,0,4,100,0,0,0,0
28.4985,203,14,2749,4678.28,0,0,0,0,0,0,0,4,100,0,0,0,0
28.499,204,15,2745.32,5058.65,0,0,0,0,0,0,0,4,100,0,0,0,0
28.4995,205,17,2767.87,5485.82,0,0,0,0,0,0,0,4,100,0,0,0,0
28.503,12,6,2000,2000,0,0,0,1,0,0,0,4,100,1,2837.82,6411.29,0
28.5035,13,5,2000,1713.2,0,0,0,1,1,32,0.15,4,100,1,2819.97,6068.48,0
28.504,14,4,2000,1327.54,0,0,0,1,1,32,0.15,4,100,1,2804.41,5781.02,0
28.5045,15,3,2000,999.498,0,0,0,1,1,32,0.15,4,100,1,2782.05,5430.19,0
28.5055,17,3,2000,670.492,0,0,0,1,1,32,0.15,4,100,1,2770.21,4719.05,0
28.53,66,6,2000,2000,0,0,0,1,0,64,0.05,4,100,1,2910.71,1331.84,0
28.5305,67,6,2000,1994.97,0,0,0,1,0,64,0.05,4,100,1,2915.56,1207.85,0
28.531,68,5,2000,1841.97,0,0,0,1,1,96,0.2,4,100,1,2928.06,970.58,0
28.532,70,4,2000,1186.87,0,0,0,1,1,96,0.2,4,100,1,2927.36,906.6,0
28.5325,71,4,2000,1305.31,0,0,0,1,1,96,0.2,4,100,1,2932.12,866.68,0
28.5335,73,4,2000,1223.07,0,0,0,1,1,96,0.2,4,100,1,2973.9,428.96,0
28.533,72,4,2000,1347.05,0,0,0,1,1,96,0.2,4,100,1,2964,464.5,0
28.534,74,3,2000,985.803,0,0,0,1,1,96,0.2,4,100,1,2809.32,6719.35,0
28.535,76,3,2000,921.837,0,0,0,1,1,96,0.2,4,100,1,2817.69,3622.1,0
28.5355,77,3,2000,881.924,0,0,0,1,1,96,0.2,4,100,1,2833.84,3298.01,0
28.5345,75,3,2000,969.13,0,0,0,1,1,96,0.2,4,100,1,2837.29,6372.45,0
28.5365,79,2,2000,444.218,0,0,0,1,0,64,0.05,4,100,1,2863.34,2677.93,0
28.5315,69,5,2000,1816.59,0,0,0,1,1,96,0.2,4,100,1,2925.5,953.9,0
28.536,78,2,2000,479.751,0,0,0,1,0,64,0.05,4,100,1,2846.58,3002.01,0
28.5405,87,6,2000,2000,0,0,0,1,0,64,0.05,4,100,1,2958.65,563.73,0
28.541,88,5,2000,1785.71,0,0,0,1,1,96,0.2,4,100,1,2803.59,5706.55,0
28.5415,89,4,2000,1514.23,0,0,0,1,1,32,0.15,4,100,1,2785.52,5434.82,0
28.542,90,4,2000,1168.83,0,0,0,1,1,32,0.15,4,100,1,2772.84,5165.42,0
28.5425,91,3,2000,874.17,0,0,0,1,1,32,0.15,4,100,1,2763.91,4850.61,0
28.551,108,6,2000,1934.28,0,0,0,1,0,0,0,4,100,1,2963.16,486.91,0
28.552,110,4,2000,1373.59,0,0,0,1,1,32,0.15,4,100,1,2770.69,5119.52,0
28.5525,111,3,2000,1062.65,0,0,0,1,1,32,0.15,4,100,1,2767.05,4864.57,0
28.553,112,3,2000,777.113,0,0,0,1,1,32,0.15,4,100,1,2776.34,4577.34,0
28.554,114,2,2000,502.407,0,0,0,1,0,0,0,4,100,1,2803.91,3952.14,0
28.562,130,4,2000,1394.72,0,0,0,1,1,32,0.15,4,100,1,2777.45,5349.72,0
28.5625,131,3,2000,1037.23,0,0,0,1,1,32,0.15,4,100,1,2768.33,5137.66,0
28.571,148,2,2000,438.489,0,0,0,1,0,0,0,4,100,1,2872.19,1841.27,0
28.5725,151,2,2000,435.409,0,0,0,1,0,0,0,4,100,1,2884.82,1626.74,0
28.574,154,5,2000,1857.04,0,0,0,1,1,32,0.15,4,100,1,2878.24,1777.14,0
28.5745,155,4,2000,1510.75,0,0,0,1,1,32,0.15,4,100,1,2862.62,2129.79,0
28.5755,157,5,2000,1642.53,0,0,0,1,1,96,0.2,4,100,1,2873.92,1874.73,0
28.576,158,5,2000,1690.15,0,0,0,1,1,96,0.2,4,100,1,2849.02,2459.93,0
28.5765,159,5,2000,1740.9,0,0,0,1,1,96,0.2,4,100,1,2847.27,2508.01,0
28.577,160,5,2000,1792.95,0,0,0,1,1,96,0.2,4,100,1,2845.51,2555.97,0
28.578,162,5,2000,1841.99,0,0,0,1,1,32,0.15,4,100,1,2841.26,2659.59,0
28.598,202,13,2767.85,4235.61,0,0,0,0,0,0,0,4,100,0,0,0,0
28.5985,203,14,2749,4678.28,0,0,0,0,0,0,0,4,100,0,0,0,0
28.599,204,15,2745.32,5058.65,0,0,0,0,0,0,0,4,100,0,0,0,0
28.5995,205,17,2767.87,5485.82,0,0,0,0,0,0,0,4,100,0,0,0,0
28.603,12,6,2000,2000,0,0,0,1,0,0,0,4,100,1,2837.82,6411.29,0
28.6035,13,5,2000,1714.57,0,0,0,1,1,32,0.15,4,100,1,2819.97,6068.48,0
28.604,14,4,2000,1328.91,0,0,0,1,1,32,0.15,4,100,1,2804.41,5781.02,0
28.6045,15,3,2000,1000.86,0,0,0,1,1,32,0.15,4,100,1,2782.05,5430.19,0
28.6055,17,3,2000,671.857,0,0,0,1,1,32,0.15,4,100,1,2770.21,4719.05,0
28.63,66,6,2000,2000,0,0,0,1,0,64,0.05,4,100,1,2910.71,1331.84,0
28.6305,67,6,2000,1996.32,0,0,0,1,0,64,0.05,4,100,1,2915.56,1207.85,0
28.631,68,5,2000,1843.33,0,0,0,1,1,96,0.2,4,100,1,2928.06,970.58,0
28.6325,71,4,2000,1306.67,0,0,0,1,1,96,0.2,4,100,1,2932.12,866.68,0
28.633,72,4,2000,1348.41,0,0,0,1,1,96,0.2,4,100,1,2964,464.5,0
28.6315,69,5,2000,1817.95,0,0,0,1,1,96,0.2,4,100,1,2925.5,953.9,0
28.6335,73,4,2000,1224.42,0,0,0,1,1,96,0.2,4,100,1,2973.9,428.96,0
28.634,74,3,2000,987.162,0,0,0,1,1,96,0.2,4,100,1,2809.32,6719.35,0
28.6355,77,3,2000,883.282,0,0,0,1,1,96,0.2,4,100,1,2833.84,3298.01,0
28.636,78,2,2000,481.109,0,0,0,1,0,64,0.05,4,100,1,2846.58,3002.01,0
28.6345,75,3,2000,970.488,0,0,0,1,1,96,0.2,4,100,1,2837.29,6372.45,0
28.6365,79,2,2000,445.575,0,0,0,1,0,64,0.05,4,100,1,2863.34,2677.93,0
28.635,76,3,2000,923.195,0,0,0,1,1,96,0.2,4,100,1,2817.69,3622.1,0
28.632,70,4,2000,1188.22,0,0,0,1,1,96,0.2,4,100,1,2927.36,906.6,0
28.6405,87,6,2000,2000,0,0,0,1,0,64,0.05,4,100,1,2958.65,563.73,0
28.641,88,5,2000,1787.07,0,0,0,1,1,96,0.2,4,100,1,2803.59,5706.55,0
28.6415,89,4,2000,1515.58,0,0,0,1,1,32,0.15,4,100,1,2785.52,5434.82,0
28.642,90,4,2000,1170.19,0,0,0,1,1,32,0.15,4,100,1,2772.84,5165.42,0
28.6425,91,3,2000,875.526,0,0,0,1,1,32,0.15,4,100,1,2763.91,4850.61,0
28.651,108,6,2000,1935.63,0,0,0,1,0,0,0,4,100,1,2963.16,486.91,0
28.652,110,4,2000,1374.94,0,0,0,1,1,32,0.15,4,100,1,2770.69,5119.52,0
28.6525,111,3,2000,1064,0,0,0,1,1,32,0.15,4,100,1,2767.05,4864.57,0
28.653,112,3,2000,778.467,0,0,0,1,1,32,0.15,4,100,1,2776.34,4577.34,0
28.654,114,2,2000,503.76,0,0,0,1,0,0,0,4,100,1,2803.91,3952.14,0
28.662,130,4,2000,1396.07,0,0,0,1,1,32,0.15,4,100,1,2777.45,5349.72,0
28.6625,131,3,2000,1038.58,0,0,0,1,1,32,0.15,4,100,1,2768.33,5137.66,0
28.671,148,2,2000,439.838,0,0,0,1,0,0,0,4,100,1,2872.19,1841.27,0
28.6725,151,2,2000,436.758,0,0,0,1,0,0,0,4,100,1,2884.82,1626.74,0
28.674,154,5,2000,1858.39,0,0,0,1,1,32,0.15,4,100,1,2878.24,1777.14,0
28.6745,155,4,2000,1512.09,0,0,0,1,1,32,0.15,4,100,1,2862.62,2129.79,0
28.6755,157,5,2000,1643.88,0,0,0,1,1,96,0.2,4,100,1,2873.92,1874.73,0
28.676,158,5,2000,1691.49,0,0,0,1,1,96,0.2,4,100,1,2849.02,2459.93,0
28.6765,159,5,2000,1742.25,0,0,0,1,1,96,0.2,4,100,1,2847.27,2508.01,0
28.677,160,5,2000,1794.3,0,0,0,1,1,96,0.2,4,100,1,2845.51,2555.97,0
28.678,162,5,2000,1843.34,0,0,0,1,1,32,0.15,4,100,1,2841.26,2659.59,0
28.698,202,13,2767.85,4235.61,0,0,0,0,0,0,0,4,100,0,0,0,0
28.6985,203,14,2749,4678.28,0,0,0,0,0,0,0,4,100,0,0,0,0
28.699,204,15,2745.32,5058.65,0,0,0,0,0,0,0,4,100,0,0,0,0
28.6995,205,17,2767.87,5485.82,0,0,0,0,0,0,0,4,100,0,0,0,0
28.703,12,6,2000,2000,0,0,0,1,0,0,0,4,100,1,2837.82,6411.29,0
28.7035,13,5,2000,1715.91,0,0,0,1,1,32,0.15,4,100,1,2819.97,6068.48,0
28.704,14,4,2000,1330.25,0,0,0,1,1,32,0.15,4,100,1,2804.41,5781.02,0
28.7045,15,3,2000,1002.2,0,0,0,1,1,32,0.15,4,100,1,2782.05,5430.19,0
28.7055,17,3,2000,673.197,0,0,0,1,1,32,0.15,4,100,1,2770.21,4719.05,0
28.73,66,6,2000,2000,0,0,0,1,0,64,0.05,4,100,1,2910.71,1331.84,0
28.7305,67,6,2000,1997.66,0,0,0,1,0,64,0.05,4,100,1,2915.56,1207.85,0
28.731,68,5,2000,1844.66,0,0,0,1,1,96,0.2,4,100,1,2928.06,970.58,0
28.7315,69,5,2000,1819.28,0,0,0,1,1,96,0.2,4,100,1,2925.5,953.9,0
28.732,70,4,2000,1189.56,0,0,0,1,1,96,0.2,4,100,1,2927.36,906.6,0
28.733,72,4,2000,1349.74,0,0,0,1,1,96,0.2,4,100,1,2964,464.5,0
28.7335,73,4,2000,1225.76,0,0,0,1,1,96,0.2,4,100,1,2973.9,428.96,0
28.7325,71,4,2000,1308,0,0,0,1,1,96,0.2,4,100,1,2932.12,866.68,0
28.7345,75,3,2000,971.82,0,0,0,1,1,96,0.2,4,100,1,2837.29,6372.45,0
28.7355,77,3,2000,884.613,0,0,0,1,1,96,0.2,4,100,1,2833.84,3298.01,0
28.734,74,3,2000,988.493,0,0,0,1,1,96,0.2,4,100,1,2809.32,6719.35,0
28.7365,79,2,2000,446.906,0,0,0,1,0,64,0.05,4,100,1,2863.34,2677.93,0
28.736,78,2,2000,482.44,0,0,0,1,0,64,0.05,4,100,1,2846.58,3002.01,0
28.735,76,3,2000,924.527,0,0,0,1,1,96,0.2,4,100,1,2817.69,3622.1,0
28.7405,87,6,2000,2000,0,0,0,1,0,64,0.05,4,100,1,2958.65,563.73,0
28.741,88,5,2000,1788.4,0,0,0,1,1,96,0.2,4,100,1,2803.59,5706.55,0
28.7415,89,4,2000,1516.91,0,0,0,1,1,32,0.15,4,100,1,2785.52,5434.82,0
28.742,90,4,2000,1171.52,0,0,0,1,1,32,0.15,4,100,1,2772.84,5165.42,0
28.7425,91,3,2000,876.855,0,0,0,1,1,32,0.15,4,100,1,2763.91,4850.61,0
28.751,108,6,2000,1936.96,0,0,0,1,0,0,0,4,100,1,2963.16,486.91,0
28.752,110,4,2000,1376.27,0,0,0,1,1,32,0.15,4,100,1,2770.69,5119.52,0
28.7525,111,3,2000,1065.33,0,0,0,1,1,32,0.15,4,100,1,2767.05,4864.57,0
28.753,112,3,2000,779.793,0,0,0,1,1,32,0.15,4,100,1,2776.34,4577.34,0
28.754,114,2,2000,505.086,0,0,0,1,0,0,0,4,100,1,2803.91,3952.14,0
28.762,130,4,2000,1397.39,0,0,0,1,1,32,0.15,4,100,1,2777.45,5349.72,0
28.7625,131,3,2000,1039.91,0,0,0,1,1,32,0.15,4,100,1,2768.33,5137.66,0
28.771,148,2,2000,441.159,0,0,0,1,0,0,0,4,100,1,2872.19,1841.27,0
28.7725,151,2,2000,438.079,0,0,0,1,0,0,0,4,100,1,2884.82,1626.74,0
28.774,154,5,2000,1859.71,0,0,0,1,1,32,0.15,4,100,1,2878.24,1777.14,0
28.7745,155,4,2000,1513.41,0,0,0,1,1,32,0.15,4,100,1,2862.62,2129.79,0
28.7755,157,5,2000,1645.2,0,0,0,1,1,96,0.2,4,100,1,2873.92,1874.73,0
28.776,158,5,2000,1692.81,0,0,0,1,1,96,0.2,4,100,1,2849.02,2459.93,0
28.7765,159,5,2000,1743.57,0,0,0,1,1,96,0.2,4,100,1,2847.27,2508.01,0
28.777,160,5,2000,1795.62,0,0,0,1,1,96,0.2,4,100,1,2845.51,2555.97,0
28.778,162,5,2000,1844.66,0,0,0,1,1,32,0.15,4,100,1,2841.26,2659.59,0
28.798,202,13,2767.85,4235.61,0,0,0,0,0,0,0,4,100,0,0,0,0
28.7985,203,14,2749,4678.28,0,0,0,0,0,0,0,4,100,0,0,0,0
28.799,204,15,2745.32,5058.65,0,0,0,0,0,0,0,4,100,0,0,0,0
28.7995,205,17,2767.87,5485.82,0,0,0,0,0,0,0,4,100,0,0,0,0
28.803,12,6,2000,2000,0,0,0,1,0,0,0,4,100,1,2837.82,6411.29,0
28.8035,13,5,2000,1717.22,0,0,0,1,1,32,0.15,4,100,1,2819.97,6068.48,0
28.804,14,4,2000,1331.56,0,0,0,1,1,32,0.15,4,100,1,2804.41,5781.02,0
28.8045,15,3,2000,1003.52,0,0,0,1,1,32,0.15,4,100,1,2782.05,5430.19,0
28.8055,17,3,2000,674.508,0,0,0,1,1,32,0.15,4,100,1,2770.21,4719.05,0
28.83,66,6,2000,2000,0,0,0,1,0,64,0.05,4,100,1,2910.71,1331.84,0
28.8305,67,6,2000,1998.96,0,0,0,1,0,64,0.05,4,100,1,2915.56,1207.85,0
28.831,68,5,2000,1845.97,0,0,0,1,1,96,0.2,4,100,1,2928.06,970.58,0
28.8315,69,5,2000,1820.58,0,0,0,1,1,96,0.2,4,100,1,2925.5,953.9,0
28.832,70,4,2000,1190.86,0,0,0,1,1,96,0.2,4,100,1,2927.36,906.6,0
28.833,72,4,2000,1351.04,0,0,0,1,1,96,0.2,4,100,1,2964,464.5,0
28.8335,73,4,2000,1227.06,0,0,0,1,1,96,0.2,4,100,1,2973.9,428.96,0
28.834,74,3,2000,989.797,0,0,0,1,1,96,0.2,4,100,1,2809.32,6719.35,0
28.8325,71,4,2000,1309.31,0,0,0,1,1,96,0.2,4,100,1,2932.12,866.68,0
28.8345,75,3,2000,973.123,0,0,0,1,1,96,0.2,4,100,1,2837.29,6372.45,0
28.836,78,2,2000,483.742,0,0,0,1,0,64,0.05,4,100,1,2846.58,3002.01,0
28.8365,79,2,2000,448.209,0,0,0,1,0,64,0.05,4,100,1,2863.34,2677.93,0
28.8355,77,3,2000,885.916,0,0,0,1,1,96,0.2,4,100,1,2833.84,3298.01,0
28.835,76,3,2000,925.829,0,0,0,1,1,96,0.2,4,100,1,2817.69,3622.1,0
28.8405,87,6,2000,2000,0,0,0,1,0,64,0.05,4,100,1,2958.65,563.73,0
28.841,88,5,2000,1789.7,0,0,0,1,1,96,0.2,4,100,1,2803.59,5706.55,0
28.8415,89,4,2000,1518.21,0,0,0,1,1,32,0.15,4,100,1,2785.52,5434.82,0
28.842,90,4,2000,1172.82,0,0,0,1,1,32,0.15,4,100,1,2772.84,5165.42,0
28.8425,91,3,2000,878.156,0,0,0,1,1,32,0.15,4,100,1,2763.91,4850.61,0
28.851,108,6,2000,1938.26,0,0,0,1,0,0,0,4,100,1,2963.16,486.91,0
28.852,110,4,2000,1377.57,0,0,0,1,1,32,0.15,4,100,1,2770.69,5119.52,0
28.8525,111,3,2000,1066.62,0,0,0,1,1,32,0.15,4,100,1,2767.05,4864.57,0
28.853,112,3,2000,781.091,0,0,0,1,1,32,0.15,4,100,1,2776.34,4577.34,0
28.854,114,2,2000,506.384,0,0,0,1,0,0,0,4,100,1,2803.91,3952.14,0
28.862,130,4,2000,1398.69,0,0,0,1,1,32,0.15,4,100,1,2777.45,5349.72,0
28.8625,131,3,2000,1041.2,0,0,0,1,1,32,0.15,4,100,1,2768.33,5137.66,0
28.871,148,2,2000,442.451,0,0,0,1,0,0,0,4,100,1,2872.19,1841.27,0
28.8725,151,2,2000,439.37,0,0,0,1,0,0,0,4,100,1,2884.82,1626.74,0
28.874,154,5,2000,1861,0,0,0,1,1,32,0.15,4,100,1,2878.24,1777.14,0
28.8745,155,4,2000,1514.71,0,0,0,1,1,32,0.15,4,100,1,2862.62,2129.79,0
28.8755,157,5,2000,1646.49,0,0,0,1,1,96,0.2,4,100,1,2873.92,1874.73,0
28.876,158,5,2000,1694.1,0,0,0,1,1,96,0.2,4,100,1,2849.02,2459.93,0
28.8765,159,5,2000,1744.86,0,0,0,1,1,96,0.2,4,100,1,2847.27,2508.01,0
28.877,160,5,2000,1796.91,0,0,0,1,1,96,0.2,4,100,1,2845.51,2555.97,0
28.878,162,5,2000,1845.95,0,0,0,1,1,32,0.15,4,100,1,2841.26,2659.59,0
28.898,202,13,2767.85,4235.61,0,0,0,0,0,0,0,4,100,0,0,0,0
28.8985,203,14,2749,4678.28,0,0,0,0,0,0,0,4,100,0,0,0,0
28.899,204,15,2745.32,5058.65,0,0,0,0,0,0,0,4,100,0,0,0,0
28.8995,205,17,2767.87,5485.82,0,0,0,0,0,0,0,4,100,0,0,0,0
28.903,12,6,2000,2000,0,0,0,1,0,0,0,4,100,1,2837.82,6411.29,0
28.9035,13,5,2000,1718.5,0,0,0,1,1,32,0.15,4,100,1,2819.97,6068.48,0
28.904,14,4,2000,1332.84,0,0,0,1,1,32,0.15,4,100,1,2804.41,5781.02,0
28.9045,15,3,2000,1004.8,0,0,0,1,1,32,0.15,4,100,1,2782.05,5430.19,0
28.9055,17,3,2000,675.79,0,0,0,1,1,32,0.15,4,100,1,2770.21,4719.05,0
28.93,66,6,2000,2000,0,0,0,1,0,64,0.05,4,100,1,2910.71,1331.84,0
28.9305,67,6,2000,2000,0,0,0,1,0,64,0.05,4,100,1,2915.56,1207.85,0
28.931,68,5,2000,1847.24,0,0,0,1,1,96,0.2,4,100,1,2928.06,970.58,0
28.932,70,4,2000,1192.13,0,0,0,1,1,96,0.2,4,100,1,2927.36,906.6,0
28.9325,71,4,2000,1310.58,0,0,0,1,1,96,0.2,4,100,1,2932.12,866.68,0
28.9315,69,5,2000,1821.86,0,0,0,1,1,96,0.2,4,100,1,2925.5,953.9,0
28.9335,73,4,2000,1228.33,0,0,0,1,1,96,0.2,4,100,1,2973.9,428.96,0
28.933,72,4,2000,1352.32,0,0,0,1,1,96,0.2,4,100,1,2964,464.5,0
28.934,74,3,2000,991.069,0,0,0,1,1,96,0.2,4,100,1,2809.32,6719.35,0
28.9345,75,3,2000,974.395,0,0,0,1,1,96,0.2,4,100,1,2837.29,6372.45,0
28.9355,77,3,2000,887.188,0,0,0,1,1,96,0.2,4,100,1,2833.84,3298.01,0
28.936,78,2,2000,485.014,0,0,0,1,0,64,0.05,4,100,1,2846.58,3002.01,0
28.9365,79,2,2000,449.48,0,0,0,1,0,64,0.05,4,100,1,2863.34,2677.93,0
28.935,76,3,2000,927.101,0,0,0,1,1,96,0.2,4,100,1,2817.69,3622.1,0
28.9405,87,6,2000,2000,0,0,0,1,0,64,0.05,4,100,1,2958.65,563.73,0
28.941,88,5,2000,1790.97,0,0,0,1,1,96,0.2,4,100,1,2803.59,5706.55,0
28.9415,89,4,2000,1519.48,0,0,0,1,1,32,0.15,4,100,1,2785.52,5434.82,0
28.942,90,4,2000,1174.09,0,0,0,1,1,32,0.15,4,100,1,2772.84,5165.42,0
28.9425,91,3,2000,879.426,0,0,0,1,1,32,0.15,4,100,1,2763.91,4850.61,0
28.951,108,6,2000,1939.52,0,0,0,1,0,0,0,4,100,1,2963.16,486.91,0
28.952,110,4,2000,1378.83,0,0,0,1,1,32,0.15,4,100,1,2770.69,5119.52,0
28.9525,111,3,2000,1067.89,0,0,0,1,1,32,0.15,4,100,1,2767.05,4864.57,0
28.953,112,3,2000,782.357,0,0,0,1,1,32,0.15,4,100,1,2776.34,4577.34,0
28.954,114,2,2000,507.65,0,0,0,1,0,0,0,4,100,1,2803.91,3952.14,0
28.962,130,4,2000,1399.95,0,0,0,1,1,32,0.15,4,100,1,2777.45,5349.72,0
28.9625,131,3,2000,1042.47,0,0,0,1,1,32,0.15,4,100,1,2768.33,5137.66,0
28.971,148,2,2000,443.712,0,0,0,1,0,0,0,4,100,1,2872.19,1841.27,0
28.9725,151,2,2000,440.63,0,0,0,1,0,0,0,4,100,1,2884.82,1626.74,0
28.974,154,5,2000,1862.26,0,0,0,1,1,32,0.15,4,100,1,2878.24,1777.14,0
28.9745,155,4,2000,1515.97,0,0,0,1,1,32,0.15,4,100,1,2862.62,2129.79,0
28.9755,157,5,2000,1647.75,0,0,0,1,1,96,0.2,4,100,1,2873.92,1874.73,0
28.976,158,5,2000,1695.36,0,0,0,1,1,96,0.2,4,100,1,2849.02,2459.93,0
28.9765,159,5,2000,1746.12,0,0,0,1,1,96,0.2,4,100,1,2847.27,2508.01,0
28.977,160,5,2000,1798.17,0,0,0,1,1,96,0.2,4,100,1,2845.51,2555.97,0
28.978,162,5,2000,1847.21,0,0,0,1,1,32,0.15,4,100,1,2841.26,2659.59,0
28.998,202,13,2767.85,4235.61,0,0,0,0,0,0,0,4,100,0,0,0,0
28.9985,203,14,2749,4678.28,0,0,0,0,0,0,0,4,100,0,0,0,0
28.999,204,15,2745.32,5058.65,0,0,0,0,0,0,0,4,100,0,0,0,0
28.9995,205,17,2767.87,5485.82,0,0,0,0,0,0,0,4,100,0,0,0,0
