sim_time,vehicle_id,rsu_id,pos_x,pos_y,speed,heading,accel,is_poisoned,detected,sig_mask,psi_score,attack_number,attack_pct,attacker_class,gt_pos_x,gt_pos_y,gt_speed
7.02826,45,18,5240.21,2723.96,9.38,2.76287,0,0,0,0,0,2,60,0,6347.69,2288.11,11.47
7.03478,54,5,6112.2,2380.23,12.78,2.76807,0,0,0,0,0,2,60,0,5499.95,3118.2,14.69
7.03841,59,17,5021.94,2809.81,2.27,2.76843,0,0,0,0,0,2,60,0,6016.98,2413.79,0
7.04783,72,22,4524.64,3004.92,11.01,2.7675,0,0,0,0,0,2,60,0,5364.82,2674.43,0
7.04638,70,26,5431.76,2871.85,8.45,-1.83902,0,0,0,0,0,2,60,0,4996.24,2819.9,3.76
7.06522,96,19,5370.44,2720.68,7.67,1.12756,0,0,0,0,0,2,60,0,5630.63,2566.25,0
7.07609,111,19,5324.47,2687.01,6.72,-0.378294,0,0,0,0,0,2,60,0,5544.22,2600.67,3.82
7.08551,124,19,5250.95,2716.24,14.25,-0.37816,0,0,1,128,0.1,2,60,0,5421.19,2827.81,0.04
7.08406,122,19,5377.85,2669.27,0.01,2.97632,0,0,1,128,0.1,2,60,0,5464.28,2990.43,4.06
7.08478,123,37,5598.68,3514.52,12,-1.83134,0,0,0,0,0,2,60,0,5466,2984.62,1.64
7.08841,128,27,5464.29,2990.45,4.06,-1.83726,0,0,0,0,0,2,60,0,5687.64,3824.81,0.01
7.12826,45,18,5239.34,2724.3,9.38,2.76287,0,0,0,0,0,2,60,0,6346.63,2288.53,11.47
7.13478,54,5,6111.01,2380.69,12.78,2.76807,0,0,0,0,0,2,60,0,5500.28,3119.5,14.69
7.13841,59,17,5021.73,2809.89,2.27,2.76843,0,0,0,0,0,2,60,0,6016.98,2413.79,0
7.14638,70,26,5431.53,2871.04,8.45,-1.83902,0,0,0,0,0,2,60,0,4995.93,2820.02,3.76
7.14783,72,22,4523.62,3005.32,11.01,2.7675,0,0,0,0,0,2,60,0,5364.82,2674.43,0
7.16522,96,19,5370.77,2721.37,7.67,1.12756,0,0,0,0,0,2,60,0,5630.63,2566.25,0
7.17609,111,19,5325.09,2686.77,6.72,-0.378294,0,0,0,0,0,2,60,0,5544.56,2600.54,3.82
7.18406,122,19,5377.85,2669.27,0.01,2.97632,0,0,1,128,0.1,2,60,0,5464.18,2990.08,4.06
7.18478,123,37,5598.37,3513.36,12,-1.83134,0,0,0,0,0,2,60,0,5466.04,2984.76,1.64
7.18551,124,19,5252.28,2715.72,14.25,-0.37816,0,0,1,128,0.1,2,60,0,5421.19,2827.82,0.04
7.18841,128,27,5464.18,2990.06,4.06,-1.83726,0,0,0,0,0,2,60,0,5687.64,3824.81,0.01
7.22826,45,18,5238.47,2724.65,9.38,2.76287,0,0,0,0,0,2,60,0,6345.56,2288.94,11.47
7.23478,54,5,6109.82,2381.16,12.78,2.76807,0,0,0,0,0,2,60,0,5500.64,3120.93,14.69
7.23841,59,17,5021.52,2809.98,2.27,2.76843,0,0,0,0,0,2,60,0,6016.98,2413.79,0
7.24638,70,26,5431.31,2870.22,8.45,-1.83902,0,0,0,0,0,2,60,0,4995.58,2820.16,3.76
7.24783,72,22,4522.6,3005.73,11.01,2.7675,0,0,0,0,0,2,60,0,5364.82,2674.43,0
7.26522,96,19,5371.1,2722.07,7.67,1.12756,0,0,0,0,0,2,60,0,5630.63,2566.25,0
7.27609,111,19,5325.72,2686.52,6.72,-0.378294,0,0,0,0,0,2,60,0,5544.91,2600.4,3.82
7.28406,122,19,5377.85,2669.27,0.01,2.97632,0,0,1,128,0.1,2,60,0,5464.08,2989.69,4.06
7.28478,123,37,5598.06,3512.2,12,-1.83134,0,0,0,0,0,2,60,0,5466.08,2984.92,1.64
7.28551,124,19,5253.6,2715.19,14.25,-0.37816,0,0,1,128,0.1,2,60,0,5421.2,2827.82,0.04
7.28841,128,27,5464.07,2989.67,4.06,-1.83726,0,0,0,0,0,2,60,0,5687.64,3824.81,0.01
7.32826,45,18,5237.6,2725,9.38,2.76287,0,0,0,0,0,2,60,0,6344.49,2289.36,11.47
7.33478,54,5,6108.63,2381.63,12.78,2.76807,0,0,0,0,0,2,60,0,5501,3122.35,14.69
7.33841,59,17,5021.3,2810.06,2.27,2.76843,0,0,0,0,0,2,60,0,6016.98,2413.79,0
7.34638,70,26,5431.08,2869.41,8.45,-1.83902,0,0,0,0,0,2,60,0,4995.23,2820.29,3.76
7.34783,72,22,4521.57,3006.13,11.01,2.7675,0,0,0,0,0,2,60,0,5364.82,2674.43,0
7.36522,96,19,5371.43,2722.76,7.67,1.12756,0,0,0,0,0,2,60,0,5630.63,2566.25,0
7.37609,111,19,5326.34,2686.27,6.72,-0.378294,0,0,0,0,0,2,60,0,5545.27,2600.27,3.82
7.38406,122,19,5377.85,2669.27,0.01,2.97632,0,0,0,0,0,2,60,0,5463.97,2989.3,4.06
7.38478,123,37,5597.75,3511.04,12,-1.83134,0,0,0,0,0,2,60,0,5466.13,2985.08,1.64
7.38551,124,19,5254.93,2714.67,14.25,-0.37816,0,0,1,128,0.1,2,60,0,5421.2,2827.82,0.04
7.38841,128,27,5463.96,2989.28,4.06,-1.83726,0,0,0,0,0,2,60,0,5687.64,3824.81,0.01
7.3971,140,17,5050.01,2798.79,9.32,2.76726,0,0,0,0,0,2,60,0,0,0,0
7.42826,45,18,5236.73,2725.35,9.38,2.76287,0,0,0,0,0,2,60,0,6343.42,2289.78,11.47
7.43478,54,5,6107.44,2382.09,12.78,2.76807,0,0,0,0,0,2,60,0,5501.36,3123.78,14.69
7.43841,59,17,5021.09,2810.14,2.27,2.76843,0,0,0,0,0,2,60,0,6016.98,2413.79,0
7.44638,70,26,5430.86,2868.59,8.45,-1.83902,0,0,0,0,0,2,60,0,4994.88,2820.43,3.76
7.44783,72,22,4520.55,3006.53,11.01,2.7675,0,0,0,0,0,2,60,0,5364.82,2674.43,0
7.46522,96,19,5371.76,2723.45,7.67,1.12756,0,0,0,0,0,2,60,0,5630.63,2566.25,0
7.47609,111,19,5326.97,2686.02,6.72,-0.378294,0,0,0,0,0,2,60,0,5545.63,2600.13,3.82
7.48406,122,19,5377.84,2669.27,0.01,2.97632,0,0,0,0,0,2,60,0,5463.86,2988.9,4.06
7.48478,123,37,5597.44,3509.88,12,-1.83134,0,0,0,0,0,2,60,0,5466.17,2985.24,1.64
7.48551,124,19,5256.25,2714.14,14.25,-0.37816,0,0,0,0,0,2,60,0,5421.2,2827.83,0.04
7.48841,128,27,5463.86,2988.89,4.06,-1.83726,0,0,0,0,0,2,60,0,5687.64,3824.81,0.01
7.4971,140,17,5049.15,2799.13,9.32,2.76726,0,0,0,0,0,2,60,0,0,0,0
7.52826,45,18,5235.86,2725.69,9.38,2.76287,0,0,0,0,0,2,60,0,6342.35,2290.19,11.47
7.53478,54,5,6106.25,2382.56,12.78,2.76807,0,0,0,0,0,2,60,0,5501.72,3125.2,14.69
7.53841,59,17,5020.88,2810.23,2.27,2.76843,0,0,0,0,0,2,60,0,6016.98,2413.79,0
7.54638,70,26,5430.64,2867.78,8.45,-1.83902,0,0,0,0,0,2,60,0,4994.53,2820.57,3.76
7.54783,72,22,4519.52,3006.93,11.01,2.7675,0,0,0,0,0,2,60,0,5364.82,2674.43,0
7.56522,96,19,5372.08,2724.15,7.67,1.12756,0,0,0,0,0,2,60,0,5630.63,2566.25,0
7.57609,111,19,5327.59,2685.77,6.72,-0.378294,0,0,0,0,0,2,60,0,5545.98,2599.99,3.82
7.58406,122,19,5377.84,2669.27,0.01,2.97632,0,0,0,0,0,2,60,0,5463.76,2988.51,4.06
7.58478,123,37,5597.14,3508.72,12,-1.83134,0,0,0,0,0,2,60,0,5466.21,2985.4,1.64
7.58551,124,19,5257.57,2713.61,14.25,-0.37816,0,0,0,0,0,2,60,0,5421.2,2827.83,0.04
7.58841,128,27,5463.75,2988.5,4.06,-1.83726,0,0,0,0,0,2,60,0,5687.64,3824.81,0.01
7.5971,140,17,5048.28,2799.47,9.32,2.76726,0,0,0,0,0,2,60,0,0,0,0
7.62826,45,18,5234.98,2726.04,9.38,2.76287,0,0,0,0,0,2,60,0,6341.29,2290.61,11.47
7.63478,54,5,6105.06,2383.03,12.78,2.76807,0,0,0,0,0,2,60,0,5502.08,3126.62,14.69
7.63841,59,17,5020.67,2810.31,2.27,2.76843,0,0,0,0,0,2,60,0,6016.98,2413.79,0
7.64638,70,26,5430.41,2866.96,8.45,-1.83902,0,0,0,0,0,2,60,0,4994.18,2820.71,3.76
7.64783,72,22,4518.5,3007.33,11.01,2.7675,0,0,0,0,0,2,60,0,5364.82,2674.43,0
7.66522,96,19,5372.41,2724.84,7.67,1.12756,0,0,0,0,0,2,60,0,5630.63,2566.25,0
7.67609,111,19,5328.21,2685.52,6.72,-0.378294,0,0,0,0,0,2,60,0,5546.34,2599.85,3.82
7.68406,122,19,5377.84,2669.27,0.01,2.97632,0,0,0,0,0,2,60,0,5463.65,2988.12,4.06
7.68478,123,37,5596.83,3507.56,12,-1.83134,0,0,0,0,0,2,60,0,5466.25,2985.55,1.64
7.68551,124,19,5258.9,2713.09,14.25,-0.37816,0,0,0,0,0,2,60,0,5421.2,2827.83,0.04
7.68841,128,27,5463.64,2988.1,4.06,-1.83726,0,0,0,0,0,2,60,0,5687.64,3824.82,0.01
7.6971,140,17,5047.41,2799.81,9.32,2.76726,0,0,0,0,0,2,60,0,0,0,0
7.72826,45,18,5234.11,2726.39,9.38,2.76287,0,0,0,0,0,2,60,0,6340.22,2291.03,11.47
7.73478,54,5,6103.87,2383.49,12.78,2.76807,0,0,0,0,0,2,60,0,5502.44,3128.05,14.69
7.73841,59,17,5020.46,2810.39,2.27,2.76843,0,0,0,0,0,2,60,0,6016.98,2413.79,0
7.74638,70,26,5430.19,2866.15,8.45,-1.83902,0,0,0,0,0,2,60,0,4993.83,2820.84,3.76
7.74783,72,22,4517.47,3007.74,11.01,2.7675,0,0,0,0,0,2,60,0,5364.82,2674.43,0
7.76522,96,19,5372.74,2725.53,7.67,1.12756,0,0,0,0,0,2,60,0,5630.63,2566.25,0
7.77609,111,19,5328.84,2685.28,6.72,-0.378294,0,0,0,0,0,2,60,0,5546.7,2599.72,3.82
7.78406,122,19,5377.84,2669.27,0.01,2.97632,0,0,0,0,0,2,60,0,5463.54,2987.73,4.06
7.78478,123,37,5596.52,3506.4,12,-1.83134,0,0,0,0,0,2,60,0,5466.3,2985.71,1.64
7.78551,124,19,5260.22,2712.56,14.25,-0.37816,0,0,0,0,0,2,60,0,5421.2,2827.84,0.04
7.78841,128,27,5463.54,2987.71,4.06,-1.83726,0,0,0,0,0,2,60,0,5687.64,3824.82,0.01
7.7971,140,17,5046.54,2800.15,9.32,2.76726,0,0,0,0,0,2,60,0,0,0,0
7.82826,45,18,5233.24,2726.73,9.38,2.76287,0,0,0,0,0,2,60,0,6339.15,2291.44,11.47
7.83478,54,5,6102.68,2383.96,12.78,2.76807,0,0,0,0,0,2,60,0,5502.79,3129.47,14.69
7.83841,59,17,5020.25,2810.47,2.27,2.76843,0,0,0,0,0,2,60,0,6016.98,2413.79,0
7.84638,70,26,5429.96,2865.33,8.45,-1.83902,0,0,0,0,0,2,60,0,4993.48,2820.98,3.76
7.84783,72,22,4516.45,3008.14,11.01,2.7675,0,0,0,0,0,2,60,0,5364.82,2674.43,0
7.86522,96,19,5373.07,2726.22,7.67,1.12756,0,0,0,0,0,2,60,0,5630.63,2566.25,0
7.87609,111,19,5329.46,2685.03,6.72,-0.378294,0,0,0,0,0,2,60,0,5547.05,2599.58,3.82
7.88406,122,19,5377.84,2669.27,0.01,2.97632,0,0,0,0,0,2,60,0,5463.43,2987.34,4.06
7.88478,123,37,5596.21,3505.24,12,-1.83134,0,0,0,0,0,2,60,0,5466.34,2985.87,1.64
7.88551,124,19,5261.55,2712.03,14.25,-0.37816,0,0,0,0,0,2,60,0,5421.21,2827.84,0.04
7.88841,128,27,5463.43,2987.32,4.06,-1.83726,0,0,0,0,0,2,60,0,5687.64,3824.82,0.01
7.8971,140,17,5045.68,2800.49,9.32,2.76726,0,0,0,0,0,2,60,0,0,0,0
7.92826,45,18,5232.37,2727.08,9.38,2.76287,0,0,0,0,0,2,60,0,6338.08,2291.86,11.47
7.93478,54,5,6101.49,2384.42,12.78,2.76807,0,0,0,0,0,2,60,0,5503.15,3130.9,14.69
7.93841,59,17,5020.04,2810.56,2.27,2.76843,0,0,0,0,0,2,60,0,6016.98,2413.79,0
7.94638,70,26,5429.74,2864.52,8.45,-1.83902,0,0,0,0,0,2,60,0,4993.13,2821.12,3.76
7.94783,72,22,4515.42,3008.54,11.01,2.7675,0,0,0,0,0,2,60,0,5364.82,2674.43,0
7.96522,96,19,5373.4,2726.92,7.67,1.12756,0,0,0,0,0,2,60,0,5630.63,2566.25,0
7.97609,111,19,5330.09,2684.78,6.72,-0.378294,0,0,0,0,0,2,60,0,5547.41,2599.44,3.82
7.98406,122,19,5377.84,2669.27,0.01,2.97632,0,0,0,0,0,2,60,0,5463.33,2986.95,4.06
7.98478,123,37,5595.9,3504.08,12,-1.83134,0,0,0,0,0,2,60,0,5466.38,2986.03,1.64
7.98551,124,19,5262.87,2711.51,14.25,-0.37816,0,0,0,0,0,2,60,0,5421.21,2827.85,0.04
7.98841,128,27,5463.32,2986.93,4.06,-1.83726,0,0,0,0,0,2,60,0,5687.64,3824.82,0.01
7.9971,140,17,5044.81,2800.83,9.32,2.76726,0,0,0,0,0,2,60,0,0,0,0
8.02826,45,18,5231.61,2727.38,4.97,2.76371,-44.1,0,1,4,0.1,2,60,0,6336.97,2292.29,13.03
8.03478,54,5,6100.39,2384.86,9.99,2.76852,-27.9,0,1,4,0.1,2,60,0,5503.51,3132.33,14.99
8.03841,59,17,5019.87,2810.62,1.06,2.76288,-12.1,0,1,4,0.1,2,60,0,6016.98,2413.79,0
8.04638,70,26,5429.54,2863.79,6.63,-1.83771,-18.2,0,1,4,0.1,2,60,0,4992.82,2821.24,3.06
8.04783,72,22,4514.57,3008.87,7.14,2.76889,-38.7,0,1,4,0.1,2,60,0,5364.82,2674.43,0
8.06522,96,19,5373.75,2727.66,8.49,1.12926,8.2,0,1,4,0.1,2,60,0,5630.63,2566.25,0
7.06449,95,10,5620.47,2573.83,6.78,2.75259,0,0,0,0,0,2,60,0,5510.29,3159.22,14.39
8.07609,111,19,5330.62,2684.57,5.43,-0.378798,-12.9,0,1,4,0.1,2,60,0,5547.55,2599.39,0.77
8.08406,122,19,5377.84,2669.27,0,0,-0.1,0,1,130,0.2,2,60,0,5463.17,2986.36,6.45
8.08478,123,37,5595.58,3502.88,12.56,-1.83181,5.6,0,1,4,0.1,2,60,0,5466.47,2986.35,3.69
8.08551,124,19,5264.08,2711.03,12.74,-0.378902,-15.1,0,1,4,0.1,2,60,0,5421.21,2827.85,0.01
8.08841,128,27,5463.16,2986.33,6.45,-1.83909,23.9,0,1,4,0.1,2,60,0,5687.64,3824.82,0
8.0971,140,17,5044.22,2801.07,6.21,2.76678,-31.1,0,1,4,0.1,2,60,0,0,0,0
8.12826,45,18,5231.15,2727.56,4.97,2.76371,0,0,0,0,0,2,60,0,6335.76,2292.77,13.03
8.13478,54,5,6099.46,2385.22,9.99,2.76852,0,0,0,0,0,2,60,0,5503.88,3133.79,14.99
8.13841,59,17,5019.77,2810.66,1.06,2.76288,0,0,0,0,0,2,60,0,6016.98,2413.79,0
8.14638,70,26,5429.36,2863.15,6.63,-1.83771,0,0,0,0,0,2,60,0,4992.53,2821.35,3.06
8.14783,72,22,4513.91,3009.13,7.14,2.76889,0,0,0,0,0,2,60,0,5364.82,2674.43,0
8.16449,95,10,5613.46,2576.73,7.57,2.73948,0,0,0,0,0,2,60,0,5510.61,3160.48,14.39
8.16522,96,19,5374.11,2728.43,8.49,1.12926,0,0,0,0,0,2,60,0,5630.63,2566.25,0
8.17609,111,19,5331.13,2684.37,5.43,-0.378798,0,0,0,0,0,2,60,0,5547.62,2599.36,0.77
8.18406,122,19,5377.84,2669.27,0,0,0,0,1,128,0.1,2,60,0,5463,2985.74,6.45
8.18478,123,37,5595.25,3501.66,12.56,-1.83181,0,0,0,0,0,2,60,0,5466.57,2986.71,3.69
8.18551,124,19,5265.26,2710.56,12.74,-0.378902,0,0,0,0,0,2,60,0,5421.21,2827.85,0.01
8.18841,128,27,5462.99,2985.71,6.45,-1.83909,0,0,0,0,0,2,60,0,5687.64,3824.82,0
8.1971,140,17,5043.64,2801.29,6.21,2.76678,0,0,0,0,0,2,60,0,0,0,0
8.22826,45,18,5230.69,2727.75,4.97,2.76371,0,0,0,0,0,2,60,0,6334.54,2293.24,13.03
8.23478,54,5,6098.53,2385.58,9.99,2.76852,0,0,0,0,0,2,60,0,5504.25,3135.24,14.99
8.23841,59,17,5019.67,2810.7,1.06,2.76288,0,0,0,0,0,2,60,0,6016.98,2413.79,0
8.24638,70,26,5429.19,2862.51,6.63,-1.83771,0,0,0,0,0,2,60,0,4992.25,2821.46,3.06
8.24783,72,22,4513.24,3009.39,7.14,2.76889,0,0,0,0,0,2,60,0,5364.82,2674.43,0
8.26449,95,10,5612.76,2577.02,7.57,2.73948,0,0,0,0,0,2,60,0,5510.96,3161.88,14.39
8.26522,96,19,5374.48,2729.19,8.49,1.12926,0,0,0,0,0,2,60,0,5630.63,2566.25,0
8.27609,111,19,5331.63,2684.17,5.43,-0.378798,0,0,0,0,0,2,60,0,5547.69,2599.34,0.77
8.28406,122,19,5377.84,2669.27,0,0,0,0,1,128,0.1,2,60,0,5462.83,2985.12,6.45
8.28478,123,37,5594.93,3500.45,12.56,-1.83181,0,0,0,0,0,2,60,0,5466.67,2987.06,3.69
8.28551,124,19,5266.44,2710.09,12.74,-0.378902,0,0,0,0,0,2,60,0,5421.21,2827.85,0.01
8.28841,128,27,5462.82,2985.09,6.45,-1.83909,0,0,0,0,0,2,60,0,5687.64,3824.82,0
8.2971,140,17,5043.07,2801.52,6.21,2.76678,0,0,0,0,0,2,60,0,0,0,0
8.32826,45,18,5230.23,2727.93,4.97,2.76371,0,0,0,0,0,2,60,0,6333.33,2293.72,13.03
8.33478,54,5,6097.6,2385.95,9.99,2.76852,0,0,0,0,0,2,60,0,5504.61,3136.69,14.99
8.33841,59,17,5019.57,2810.74,1.06,2.76288,0,0,0,0,0,2,60,0,6016.98,2413.79,0
8.34638,70,26,5429.01,2861.87,6.63,-1.83771,0,0,0,0,0,2,60,0,4991.96,2821.57,3.06
8.34783,72,22,4512.58,3009.65,7.14,2.76889,0,0,0,0,0,2,60,0,5364.82,2674.43,0
8.36449,95,10,5612.06,2577.32,7.57,2.73948,0,0,0,0,0,2,60,0,5511.31,3163.28,14.39
8.36522,96,19,5374.84,2729.96,8.49,1.12926,0,0,0,0,0,2,60,0,5630.63,2566.25,0
8.37609,111,19,5332.13,2683.97,5.43,-0.378798,0,0,0,0,0,2,60,0,5547.77,2599.31,0.77
8.38406,122,19,5377.84,2669.27,0,0,0,0,0,0,0,2,60,0,5462.65,2984.49,6.45
8.38478,123,37,5594.6,3499.24,12.56,-1.83181,0,0,0,0,0,2,60,0,5466.77,2987.42,3.69
8.38551,124,19,5267.63,2709.62,12.74,-0.378902,0,0,0,0,0,2,60,0,5421.21,2827.85,0.01
8.38841,128,27,5462.65,2984.47,6.45,-1.83909,0,0,0,0,0,2,60,0,5687.64,3824.82,0
8.3971,140,17,5042.49,2801.75,6.21,2.76678,0,0,0,0,0,2,60,0,0,0,0
8.42826,45,18,5229.77,2728.11,4.97,2.76371,0,0,0,0,0,2,60,0,6332.12,2294.19,13.03
8.42971,47,39,5650.54,3708.92,10.24,-1.83165,0,0,0,0,0,2,60,0,6235.61,2331.88,16.79
8.43478,54,5,6096.67,2386.31,9.99,2.76852,0,0,0,0,0,2,60,0,5504.98,3138.15,14.99
8.43841,59,17,5019.47,2810.78,1.06,2.76288,0,0,0,0,0,2,60,0,6016.98,2413.79,0
8.44638,70,26,5428.84,2861.23,6.63,-1.83771,0,0,0,0,0,2,60,0,4991.68,2821.69,3.06
8.44783,72,22,4511.91,3009.91,7.14,2.76889,0,0,0,0,0,2,60,0,5364.82,2674.43,0
8.46449,95,10,5611.37,2577.61,7.57,2.73948,0,0,0,0,0,2,60,0,5511.66,3164.67,14.39
8.46522,96,19,5375.2,2730.73,8.49,1.12926,0,0,0,0,0,2,60,0,5630.63,2566.25,0
8.47609,111,19,5332.64,2683.77,5.43,-0.378798,0,0,0,0,0,2,60,0,5547.84,2599.28,0.77
8.48406,122,19,5377.84,2669.27,0,0,0,0,0,0,0,2,60,0,5462.48,2983.87,6.45
8.48478,123,37,5594.28,3498.02,12.56,-1.83181,0,0,0,0,0,2,60,0,5466.87,2987.77,3.69
8.48551,124,19,5268.81,2709.14,12.74,-0.378902,0,0,0,0,0,2,60,0,5421.21,2827.85,0
8.48841,128,27,5462.48,2983.85,6.45,-1.83909,0,0,0,0,0,2,60,0,5687.64,3824.82,0
8.4971,140,17,5041.91,2801.97,6.21,2.76678,0,0,0,0,0,2,60,0,0,0,0
8.52826,45,18,5229.3,2728.3,4.97,2.76371,0,0,0,0,0,2,60,0,6330.9,2294.66,13.03
8.52971,47,39,5650.27,3707.93,10.24,-1.83165,0,0,0,0,0,2,60,0,6234.07,2332.48,16.79
8.53478,54,5,6095.74,2386.68,9.99,2.76852,0,0,0,0,0,2,60,0,5505.34,3139.6,14.99
8.53841,59,17,5019.38,2810.82,1.06,2.76288,0,0,0,0,0,2,60,0,6016.98,2413.79,0
8.54638,70,26,5428.67,2860.59,6.63,-1.83771,0,0,0,0,0,2,60,0,4991.39,2821.8,3.06
8.54783,72,22,4511.25,3010.17,7.14,2.76889,0,0,0,0,0,2,60,0,5364.82,2674.43,0
8.56449,95,10,5610.67,2577.91,7.57,2.73948,0,0,0,0,0,2,60,0,5512.02,3166.07,14.39
8.56522,96,19,5375.57,2731.5,8.49,1.12926,0,0,0,0,0,2,60,0,5630.63,2566.25,0
8.57609,111,19,5333.14,2683.56,5.43,-0.378798,0,0,0,0,0,2,60,0,5547.91,2599.26,0.77
8.58406,122,19,5377.84,2669.27,0,0,0,0,0,0,0,2,60,0,5462.31,2983.25,6.45
8.58478,123,37,5593.96,3496.81,12.56,-1.83181,0,0,0,0,0,2,60,0,5466.96,2988.13,3.69
8.58551,124,19,5269.99,2708.67,12.74,-0.378902,0,0,0,0,0,2,60,0,5421.21,2827.85,0
8.58841,128,27,5462.3,2983.22,6.45,-1.83909,0,0,0,0,0,2,60,0,5687.64,3824.82,0
8.5971,140,17,5041.33,2802.2,6.21,2.76678,0,0,0,0,0,2,60,0,0,0,0
8.62826,45,18,5228.84,2728.48,4.97,2.76371,0,0,0,0,0,2,60,0,6329.69,2295.14,13.03
8.62971,47,39,5650.01,3706.94,10.24,-1.83165,0,0,0,0,0,2,60,0,6232.51,2333.09,16.79
8.63478,54,5,6094.81,2387.04,9.99,2.76852,0,0,0,0,0,2,60,0,5505.71,3141.05,14.99
8.63841,59,17,5019.28,2810.86,1.06,2.76288,0,0,0,0,0,2,60,0,6016.98,2413.79,0
8.64638,70,26,5428.49,2859.95,6.63,-1.83771,0,0,0,0,0,2,60,0,4991.11,2821.91,3.06
8.64783,72,22,4510.58,3010.43,7.14,2.76889,0,0,0,0,0,2,60,0,5364.82,2674.43,0
8.66449,95,10,5609.97,2578.21,7.57,2.73948,0,0,0,0,0,2,60,0,5512.37,3167.46,14.39
8.66522,96,19,5375.93,2732.26,8.49,1.12926,0,0,0,0,0,2,60,0,5630.63,2566.25,0
8.67609,111,19,5333.65,2683.36,5.43,-0.378798,0,0,0,0,0,2,60,0,5547.98,2599.23,0.77
8.68406,122,19,5377.84,2669.27,0,0,0,0,0,0,0,2,60,0,5462.14,2982.63,6.45
8.68478,123,37,5593.63,3495.6,12.56,-1.83181,0,0,0,0,0,2,60,0,5467.06,2988.49,3.69
8.68551,124,19,5271.18,2708.2,12.74,-0.378902,0,0,0,0,0,2,60,0,5421.21,2827.85,0
8.68841,128,27,5462.13,2982.6,6.45,-1.83909,0,0,0,0,0,2,60,0,5687.64,3824.82,0
8.6971,140,17,5040.76,2802.43,6.21,2.76678,0,0,0,0,0,2,60,0,0,0,0
8.72826,45,18,5228.38,2728.66,4.97,2.76371,0,0,0,0,0,2,60,0,6328.47,2295.61,13.03
8.72971,47,39,5649.74,3705.95,10.24,-1.83165,0,0,0,0,0,2,60,0,6230.95,2333.7,16.79
8.73478,54,5,6093.88,2387.4,9.99,2.76852,0,0,0,0,0,2,60,0,5506.08,3142.51,14.99
8.73841,59,17,5019.18,2810.9,1.06,2.76288,0,0,0,0,0,2,60,0,6016.98,2413.79,0
8.74638,70,26,5428.32,2859.31,6.63,-1.83771,0,0,0,0,0,2,60,0,4990.82,2822.02,3.06
8.74783,72,22,4509.92,3010.69,7.14,2.76889,0,0,0,0,0,2,60,0,5364.82,2674.43,0
8.76522,96,19,5376.29,2733.03,8.49,1.12926,0,0,0,0,0,2,60,0,5630.63,2566.25,0
8.77609,111,19,5334.15,2683.16,5.43,-0.378798,0,0,0,0,0,2,60,0,5548.06,2599.2,0.77
8.78406,122,19,5377.84,2669.27,0,0,0,0,0,0,0,2,60,0,5461.97,2982.01,6.45
8.78478,123,37,5593.31,3494.38,12.56,-1.83181,0,0,0,0,0,2,60,0,5467.16,2988.84,3.69
8.78551,124,19,5272.36,2707.73,12.74,-0.378902,0,0,0,0,0,2,60,0,5421.21,2827.85,0
8.78841,128,27,5461.96,2981.98,6.45,-1.83909,0,0,0,0,0,2,60,0,5687.64,3824.82,0
8.7971,140,17,5040.18,2802.66,6.21,2.76678,0,0,0,0,0,2,60,0,0,0,0
8.82826,45,18,5227.92,2728.85,4.97,2.76371,0,0,0,0,0,2,60,0,6327.26,2296.09,13.03
8.82971,47,39,5649.48,3704.96,10.24,-1.83165,0,0,0,0,0,2,60,0,6229.38,2334.31,16.79
8.83478,54,5,6092.95,2387.77,9.99,2.76852,0,0,0,0,0,2,60,0,5506.44,3143.96,14.99
8.83841,59,17,5019.08,2810.94,1.06,2.76288,0,0,0,0,0,2,60,0,6016.98,2413.79,0
8.84638,70,26,5428.14,2858.67,6.63,-1.83771,0,0,0,0,0,2,60,0,4990.54,2822.13,3.06
8.84783,72,22,4509.25,3010.95,7.14,2.76889,0,0,0,0,0,2,60,0,5364.82,2674.43,0
8.86522,96,19,5376.65,2733.8,8.49,1.12926,0,0,0,0,0,2,60,0,5630.63,2566.25,0
8.87609,111,19,5334.66,2682.96,5.43,-0.378798,0,0,0,0,0,2,60,0,5548.13,2599.17,0.77
8.88406,122,19,5377.84,2669.27,0,0,0,0,0,0,0,2,60,0,5461.8,2981.38,6.45
8.88478,123,37,5592.98,3493.17,12.56,-1.83181,0,0,0,0,0,2,60,0,5467.26,2989.2,3.69
8.88551,124,19,5273.55,2707.26,12.74,-0.378902,0,0,0,0,0,2,60,0,5421.21,2827.85,0
8.88841,128,27,5461.79,2981.36,6.45,-1.83909,0,0,0,0,0,2,60,0,5687.64,3824.82,0
8.8971,140,17,5039.6,2802.88,6.21,2.76678,0,0,0,0,0,2,60,0,0,0,0
8.92826,45,18,5227.46,2729.03,4.97,2.76371,0,0,0,0,0,2,60,0,6326.05,2296.56,13.03
8.92971,47,39,5649.21,3703.97,10.24,-1.83165,0,0,0,0,0,2,60,0,6227.82,2334.93,16.79
8.93478,54,5,6092.02,2388.13,9.99,2.76852,0,0,0,0,0,2,60,0,5506.81,3145.42,14.99
8.93841,59,17,5018.98,2810.98,1.06,2.76288,0,0,0,0,0,2,60,0,6016.98,2413.79,0
8.94638,70,26,5427.97,2858.03,6.63,-1.83771,0,0,0,0,0,2,60,0,4990.25,2822.24,3.06
8.94783,72,22,4508.59,3011.21,7.14,2.76889,0,0,0,0,0,2,60,0,5364.82,2674.43,0
8.96522,96,19,5377.02,2734.57,8.49,1.12926,0,0,0,0,0,2,60,0,5630.63,2566.25,0
8.97609,111,19,5335.16,2682.76,5.43,-0.378798,0,0,0,0,0,2,60,0,5548.2,2599.15,0.77
8.98406,122,19,5377.84,2669.27,0,0,0,0,0,0,0,2,60,0,5461.63,2980.76,6.45
8.98478,123,37,5592.66,3491.96,12.56,-1.83181,0,0,0,0,0,2,60,0,5467.36,2989.55,3.69
8.98551,124,19,5274.73,2706.79,12.74,-0.378902,0,0,0,0,0,2,60,0,5421.21,2827.85,0
8.98841,128,27,5461.62,2980.74,6.45,-1.83909,0,0,0,0,0,2,60,0,5687.64,3824.82,0
8.9971,140,17,5039.02,2803.11,6.21,2.76678,0,0,0,0,0,2,60,0,0,0,0
9.02826,45,18,5227.11,2729.17,0.9,2.75699,-40.7,0,1,4,0.1,2,60,0,6324.82,2297.04,13.69
9.02971,47,39,5648.96,3703,9.7,-1.83053,-5.4,0,1,4,0.1,2,60,0,6226.19,2335.56,19.06
9.03478,54,5,6091.15,2388.47,8.03,2.7678,-19.6,0,1,4,0.1,2,60,0,5507.17,3146.86,14.75
9.03841,59,17,5018.86,2811.02,1.66,2.77225,6,0,1,4,0.1,2,60,0,6016.98,2413.79,0
9.04638,70,26,5427.81,2857.45,5.2,-1.83958,-14.3,0,1,4,0.1,2,60,0,4990.04,2822.32,1.33
9.04783,72,22,4508.03,3011.43,4.7,2.76662,-24.4,0,1,4,0.1,2,60,0,5364.82,2674.43,0
9.06522,96,19,5377.4,2735.38,9.25,1.12842,7.6,0,1,4,0.1,2,60,0,5630.63,2566.25,0
9.07609,111,19,5335.72,2682.54,6.22,-0.378715,7.9,0,1,4,0.1,2,60,0,5548.23,2599.13,0.23
9.08406,122,19,5377.84,2669.27,0,0,0,0,0,0,0,2,60,0,5461.43,2980.03,7.82
9.08478,123,37,5592.33,3490.73,12.72,-1.8316,1.6,0,0,0,0,2,60,0,5467.3,2989.82,2.71
9.08551,124,19,5275.76,2706.38,10.76,-0.377917,-19.8,0,1,4,0.1,2,60,0,5421.22,2827.88,0.33
9.08841,128,27,5461.42,2980,7.82,-1.83873,13.7,0,1,4,0.1,2,60,0,5687.64,3824.82,0
9.0971,140,17,5038.61,2803.27,4.33,2.76795,-18.8,0,1,4,0.1,2,60,0,0,0,0
9.12826,45,18,5227.02,2729.2,0.9,2.75699,0,0,0,0,0,2,60,0,6323.54,2297.54,13.69
9.12971,47,39,5648.71,3702.06,9.7,-1.83053,0,0,0,0,0,2,60,0,6224.42,2336.26,19.06
9.13478,54,5,6090.4,2388.76,8.03,2.7678,0,0,0,0,0,2,60,0,5507.53,3148.29,14.75
9.13841,59,17,5018.71,2811.08,1.66,2.77225,0,0,0,0,0,2,60,0,6016.98,2413.79,0
9.14638,70,26,5427.67,2856.95,5.2,-1.83958,0,0,0,0,0,2,60,0,4989.92,2822.37,1.33
9.14783,72,22,4507.59,3011.6,4.7,2.76662,0,0,0,0,0,2,60,0,5364.82,2674.43,0
9.16522,96,19,5377.8,2736.22,9.25,1.12842,0,0,0,0,0,2,60,0,5630.63,2566.25,0
9.17609,111,19,5336.3,2682.31,6.22,-0.378715,0,0,0,0,0,2,60,0,5548.25,2599.13,0.23
9.18406,122,19,5377.84,2669.27,0,0,0,0,0,0,0,2,60,0,5461.22,2979.28,7.82
9.18478,123,37,5592,3489.5,12.72,-1.8316,0,0,0,0,0,2,60,0,5467.21,2990.07,2.71
9.18551,124,19,5276.76,2705.98,10.76,-0.377917,0,0,0,0,0,2,60,0,5421.24,2827.9,0.33
9.18841,128,27,5461.21,2979.24,7.82,-1.83873,0,0,0,0,0,2,60,0,5687.64,3824.82,0
9.1971,140,17,5038.21,2803.43,4.33,2.76795,0,0,0,0,0,2,60,0,0,0,0
9.22826,45,18,5226.94,2729.24,0.9,2.75699,0,0,0,0,0,2,60,0,6322.27,2298.03,13.69
9.22971,47,39,5648.46,3701.13,9.7,-1.83053,0,0,0,0,0,2,60,0,6222.64,2336.96,19.06
9.23478,54,5,6089.66,2389.06,8.03,2.7678,0,0,0,0,0,2,60,0,5507.9,3149.72,14.75
9.23841,59,17,5018.55,2811.14,1.66,2.77225,0,0,0,0,0,2,60,0,6016.98,2413.79,0
9.24638,70,26,5427.53,2856.45,5.2,-1.83958,0,0,0,0,0,2,60,0,4989.79,2822.41,1.33
9.24783,72,22,4507.16,3011.78,4.7,2.76662,0,0,0,0,0,2,60,0,5364.82,2674.43,0
9.26522,96,19,5378.19,2737.05,9.25,1.12842,0,0,0,0,0,2,60,0,5630.63,2566.25,0
9.27609,111,19,5336.88,2682.08,6.22,-0.378715,0,0,0,0,0,2,60,0,5548.28,2599.12,0.23
9.28406,122,19,5377.84,2669.27,0,0,0,0,0,0,0,2,60,0,5461.01,2978.52,7.82
9.28478,123,37,5591.68,3488.27,12.72,-1.8316,0,0,0,0,0,2,60,0,5467.12,2990.33,2.71
9.28551,124,19,5277.76,2705.59,10.76,-0.377917,0,0,0,0,0,2,60,0,5421.25,2827.93,0.33
9.28841,128,27,5461,2978.49,7.82,-1.83873,0,0,0,0,0,2,60,0,5687.64,3824.82,0
9.2971,140,17,5037.81,2803.59,4.33,2.76795,0,0,0,0,0,2,60,0,0,0,0
9.32826,45,18,5226.86,2729.27,0.9,2.75699,0,0,0,0,0,2,60,0,6320.99,2298.53,13.69
9.32971,47,39,5648.21,3700.19,9.7,-1.83053,0,0,0,0,0,2,60,0,6220.87,2337.65,19.06
9.33478,54,5,6088.91,2389.35,8.03,2.7678,0,0,0,0,0,2,60,0,5508.26,3151.15,14.75
9.33841,59,17,5018.4,2811.2,1.66,2.77225,0,0,0,0,0,2,60,0,6016.98,2413.79,0
9.34638,70,26,5427.39,2855.95,5.2,-1.83958,0,0,0,0,0,2,60,0,4989.67,2822.46,1.33
9.34783,72,22,4506.72,3011.95,4.7,2.76662,0,0,0,0,0,2,60,0,5364.82,2674.43,0
9.36522,96,19,5378.59,2737.89,9.25,1.12842,0,0,0,0,0,2,60,0,5630.63,2566.25,0
9.37609,111,19,5337.46,2681.85,6.22,-0.378715,0,0,0,0,0,2,60,0,5548.3,2599.11,0.23
9.38406,122,19,5377.84,2669.27,0,0,0,0,0,0,0,2,60,0,5460.81,2977.77,7.82
9.38478,123,37,5591.35,3487.04,12.72,-1.8316,0,0,0,0,0,2,60,0,5467.03,2990.59,2.71
9.38551,124,19,5278.76,2705.19,10.76,-0.377917,0,0,0,0,0,2,60,0,5421.27,2827.96,0.33
9.38841,128,27,5460.8,2977.74,7.82,-1.83873,0,0,0,0,0,2,60,0,5687.64,3824.82,0
9.3971,140,17,5037.4,2803.75,4.33,2.76795,0,0,0,0,0,2,60,0,0,0,0
9.42826,45,18,5226.77,2729.3,0.9,2.75699,0,0,0,0,0,2,60,0,6319.72,2299.03,13.69
9.42971,47,39,5647.96,3699.25,9.7,-1.83053,0,0,0,0,0,2,60,0,6219.1,2338.35,19.06
9.43478,54,5,6088.16,2389.64,8.03,2.7678,0,0,0,0,0,2,60,0,5508.62,3152.58,14.75
9.43841,59,17,5018.24,2811.26,1.66,2.77225,0,0,0,0,0,2,60,0,6016.98,2413.79,0
9.44638,70,26,5427.26,2855.45,5.2,-1.83958,0,0,0,0,0,2,60,0,4989.54,2822.5,1.33
9.44783,72,22,4506.28,3012.12,4.7,2.76662,0,0,0,0,0,2,60,0,5364.82,2674.43,0
9.46522,96,19,5378.98,2738.72,9.25,1.12842,0,0,0,0,0,2,60,0,5630.63,2566.25,0
9.47609,111,19,5338.03,2681.62,6.22,-0.378715,0,0,0,0,0,2,60,0,5548.32,2599.1,0.23
9.48406,122,19,5377.84,2669.27,0,0,0,0,0,0,0,2,60,0,5460.6,2977.01,7.82
9.48478,123,37,5591.02,3485.81,12.72,-1.8316,0,0,0,0,0,2,60,0,5466.94,2990.84,2.71
9.48551,124,19,5279.76,2704.79,10.76,-0.377917,0,0,0,0,0,2,60,0,5421.28,2827.99,0.33
9.48841,128,27,5460.59,2976.98,7.82,-1.83873,0,0,0,0,0,2,60,0,5687.64,3824.82,0
9.4971,140,17,5037,2803.9,4.33,2.76795,0,0,0,0,0,2,60,0,0,0,0
9.52826,45,18,5226.69,2729.34,0.9,2.75699,0,0,0,0,0,2,60,0,6318.44,2299.53,13.69
9.52971,47,39,5647.71,3698.31,9.7,-1.83053,0,0,0,0,0,2,60,0,6217.32,2339.04,19.06
9.53478,54,5,6087.41,2389.94,8.03,2.7678,0,0,0,0,0,2,60,0,5508.98,3154.01,14.75
9.53841,59,17,5018.09,2811.32,1.66,2.77225,0,0,0,0,0,2,60,0,6016.98,2413.79,0
9.54638,70,26,5427.12,2854.95,5.2,-1.83958,0,0,0,0,0,2,60,0,4989.42,2822.54,1.33
9.54783,72,22,4505.84,3012.29,4.7,2.76662,0,0,0,0,0,2,60,0,5364.82,2674.43,0
9.56522,96,19,5379.38,2739.56,9.25,1.12842,0,0,0,0,0,2,60,0,5630.63,2566.25,0
9.57609,111,19,5338.61,2681.39,6.22,-0.378715,0,0,0,0,0,2,60,0,5548.34,2599.09,0.23
9.58406,122,19,5377.84,2669.27,0,0,0,0,0,0,0,2,60,0,5460.39,2976.26,7.82
9.58478,123,37,5590.69,3484.58,12.72,-1.8316,0,0,0,0,0,2,60,0,5466.85,2991.1,2.71
9.58551,124,19,5280.76,2704.4,10.76,-0.377917,0,0,0,0,0,2,60,0,5421.3,2828.02,0.33
9.58841,128,27,5460.38,2976.23,7.82,-1.83873,0,0,0,0,0,2,60,0,5687.64,3824.82,0
9.5971,140,17,5036.6,2804.06,4.33,2.76795,0,0,0,0,0,2,60,0,0,0,0
9.62826,45,18,5226.61,2729.37,0.9,2.75699,0,0,0,0,0,2,60,0,6317.16,2300.02,13.69
9.62971,47,39,5647.46,3697.38,9.7,-1.83053,0,0,0,0,0,2,60,0,6215.55,2339.74,19.06
9.63478,54,5,6086.67,2390.23,8.03,2.7678,0,0,0,0,0,2,60,0,5509.34,3155.44,14.75
9.63841,59,17,5017.93,2811.38,1.66,2.77225,0,0,0,0,0,2,60,0,6016.98,2413.79,0
9.64638,70,26,5426.98,2854.45,5.2,-1.83958,0,0,0,0,0,2,60,0,4989.29,2822.59,1.33
9.64783,72,22,4505.41,3012.47,4.7,2.76662,0,0,0,0,0,2,60,0,5364.82,2674.43,0
9.66522,96,19,5379.78,2740.4,9.25,1.12842,0,0,0,0,0,2,60,0,5630.63,2566.25,0
9.67609,111,19,5339.19,2681.16,6.22,-0.378715,0,0,0,0,0,2,60,0,5548.36,2599.08,0.23
9.68406,122,19,5377.84,2669.27,0,0,0,0,0,0,0,2,60,0,5460.18,2975.5,7.82
9.68478,123,37,5590.36,3483.36,12.72,-1.8316,0,0,0,0,0,2,60,0,5466.77,2991.35,2.71
9.68551,124,19,5281.76,2704,10.76,-0.377917,0,0,0,0,0,2,60,0,5421.31,2828.05,0.33
9.68841,128,27,5460.18,2975.47,7.82,-1.83873,0,0,0,0,0,2,60,0,5687.64,3824.82,0
9.6971,140,17,5036.19,2804.22,4.33,2.76795,0,0,0,0,0,2,60,0,0,0,0
9.72826,45,18,5226.52,2729.41,0.9,2.75699,0,0,0,0,0,2,60,0,6315.89,2300.52,13.69
9.72971,47,39,5647.21,3696.44,9.7,-1.83053,0,0,0,0,0,2,60,0,6213.77,2340.44,19.06
9.73478,54,5,6085.92,2390.52,8.03,2.7678,0,0,0,0,0,2,60,0,5509.7,3156.87,14.75
9.73841,59,17,5017.78,2811.44,1.66,2.77225,0,0,0,0,0,2,60,0,6016.98,2413.79,0
9.74638,70,26,5426.84,2853.95,5.2,-1.83958,0,0,0,0,0,2,60,0,4989.17,2822.63,1.33
9.74783,72,22,4504.97,3012.64,4.7,2.76662,0,0,0,0,0,2,60,0,5364.82,2674.43,0
9.76522,96,19,5380.17,2741.23,9.25,1.12842,0,0,0,0,0,2,60,0,5630.63,2566.25,0
9.77609,111,19,5339.77,2680.93,6.22,-0.378715,0,0,0,0,0,2,60,0,5548.38,2599.07,0.23
9.78406,122,19,5377.84,2669.27,0,0,0,0,0,0,0,2,60,0,5459.98,2974.75,7.82
9.78478,123,37,5590.04,3482.13,12.72,-1.8316,0,0,0,0,0,2,60,0,5466.68,2991.61,2.71
9.78551,124,19,5282.76,2703.6,10.76,-0.377917,0,0,0,0,0,2,60,0,5421.33,2828.08,0.33
9.78841,128,27,5459.97,2974.72,7.82,-1.83873,0,0,0,0,0,2,60,0,5687.64,3824.82,0
9.7971,140,17,5035.79,2804.38,4.33,2.76795,0,0,0,0,0,2,60,0,0,0,0
9.82826,45,18,5226.44,2729.44,0.9,2.75699,0,0,0,0,0,2,60,0,6314.61,2301.02,13.69
9.82971,47,39,5646.96,3695.5,9.7,-1.83053,0,0,0,0,0,2,60,0,6212,2341.13,19.06
9.83478,54,5,6085.17,2390.82,8.03,2.7678,0,0,0,0,0,2,60,0,5510.06,3158.3,14.75
9.83841,59,17,5017.62,2811.5,1.66,2.77225,0,0,0,0,0,2,60,0,6016.98,2413.79,0
9.84638,70,26,5426.7,2853.44,5.2,-1.83958,0,0,0,0,0,2,60,0,4989.04,2822.68,1.33
9.84783,72,22,4504.53,3012.81,4.7,2.76662,0,0,0,0,0,2,60,0,5364.82,2674.43,0
9.86522,96,19,5380.57,2742.07,9.25,1.12842,0,0,0,0,0,2,60,0,5630.63,2566.25,0
9.87609,111,19,5340.35,2680.7,6.22,-0.378715,0,0,0,0,0,2,60,0,5548.4,2599.07,0.23
9.88406,122,19,5377.84,2669.27,0,0,0,0,0,0,0,2,60,0,5459.77,2974,7.82
9.88478,123,37,5589.71,3480.9,12.72,-1.8316,0,0,0,0,0,2,60,0,5466.59,2991.87,2.71
9.88551,124,19,5283.76,2703.2,10.76,-0.377917,0,0,0,0,0,2,60,0,5421.34,2828.11,0.33
9.88841,128,27,5459.76,2973.96,7.82,-1.83873,0,0,0,0,0,2,60,0,5687.64,3824.82,0
9.8971,140,17,5035.39,2804.54,4.33,2.76795,0,0,0,0,0,2,60,0,0,0,0
9.92826,45,18,5226.36,2729.47,0.9,2.75699,0,0,0,0,0,2,60,0,6313.34,2301.51,13.69
9.92971,47,39,5646.71,3694.56,9.7,-1.83053,0,0,0,0,0,2,60,0,6210.22,2341.83,19.06
9.93478,54,5,6084.42,2391.11,8.03,2.7678,0,0,0,0,0,2,60,0,5510.42,3159.73,14.75
9.93841,59,17,5017.47,2811.56,1.66,2.77225,0,0,0,0,0,2,60,0,6016.98,2413.79,0
9.94638,70,26,5426.57,2852.94,5.2,-1.83958,0,0,0,0,0,2,60,0,4988.91,2822.72,1.33
9.94783,72,22,4504.09,3012.98,4.7,2.76662,0,0,0,0,0,2,60,0,5364.82,2674.43,0
9.96522,96,19,5380.96,2742.9,9.25,1.12842,0,0,0,0,0,2,60,0,5630.63,2566.25,0
9.97609,111,19,5340.92,2680.47,6.22,-0.378715,0,0,0,0,0,2,60,0,5548.42,2599.06,0.23
9.98406,122,19,5377.84,2669.27,0,0,0,0,0,0,0,2,60,0,5459.56,2973.24,7.82
9.98478,123,37,5589.38,3479.67,12.72,-1.8316,0,0,0,0,0,2,60,0,5466.55,2991.98,0
9.98551,124,19,5284.76,2702.81,10.76,-0.377917,0,0,0,0,0,2,60,0,5421.36,2828.14,0.33
9.98841,128,27,5459.55,2973.21,7.82,-1.83873,0,0,0,0,0,2,60,0,5687.64,3824.82,0
9.9971,140,17,5034.99,2804.69,4.33,2.76795,0,0,0,0,0,2,60,0,0,0,0
10.0283,45,18,5226.29,2729.5,0.32,2.78952,-5.8,0,1,4,0.1,2,60,0,6312.09,2302,12.8
10.0297,47,39,5646.45,3693.58,11.52,-1.83157,18.2,0,1,4,0.1,2,60,0,6208.4,2342.54,20.73
10.0348,54,5,6083.75,2391.38,5.98,2.76915,-20.5,0,1,4,0.1,2,60,0,5510.78,3161.15,14.24
10.0384,59,17,5017.28,2811.64,2.62,2.76676,9.6,0,1,4,0.1,2,60,0,6016.98,2413.79,0
10.0464,70,26,5426.45,2852.52,3.34,-1.83758,-18.6,0,1,4,0.1,2,60,0,4988.82,2822.73,1.08
10.0478,72,22,4503.7,3013.14,3.81,2.76839,-8.9,0,1,4,0.1,2,60,0,5364.82,2674.43,0
10.0652,96,19,5381.39,2743.8,10.27,1.12805,10.2,0,1,4,0.1,2,60,0,5630.63,2566.25,0
10.0761,111,19,5341.58,2680.21,7.38,-0.377488,11.6,0,1,4,0.1,2,60,0,5548.44,2599.05,0.17
10.0841,122,19,5377.84,2669.27,0,0,0,0,0,0,0,2,60,0,5459.32,2972.36,9.35
10.0848,123,37,5589.06,3478.48,12.23,-1.83124,-4.9,0,1,4,0.1,2,60,0,5466.32,2991.81,3.37
10.0855,124,19,5285.54,2702.5,8.04,-0.378427,-27.2,0,1,4,0.1,2,60,0,5421.41,2828.25,1.34
10.0884,128,27,5459.31,2972.33,9.35,-1.83808,15.3,0,1,4,0.1,2,60,0,5687.64,3824.82,0
10.0971,140,17,5034.84,2804.75,1.46,2.76999,-28.7,0,1,4,0.1,2,60,0,0,0,0
10.1283,45,18,5226.26,2729.51,0.32,2.78952,0,0,0,0,0,2,60,0,6310.89,2302.47,12.8
10.1297,47,39,5646.15,3692.47,11.52,-1.83157,0,0,0,0,0,2,60,0,6206.47,2343.3,20.73
10.1348,54,5,6083.19,2391.59,5.98,2.76915,0,0,0,0,0,2,60,0,5511.13,3162.53,14.24
10.1384,59,17,5017.04,2811.73,2.62,2.76676,0,0,0,0,0,2,60,0,6016.98,2413.79,0
10.1464,70,26,5426.36,2852.2,3.34,-1.83758,0,0,0,0,0,2,60,0,4988.72,2822.71,1.08
10.1478,72,22,4503.35,3013.28,3.81,2.76839,0,0,0,0,0,2,60,0,5364.82,2674.43,0
10.1652,96,19,5381.83,2744.73,10.27,1.12805,0,0,0,0,0,2,60,0,5630.63,2566.25,0
10.1761,111,19,5342.27,2679.93,7.38,-0.377488,0,0,0,0,0,2,60,0,5548.46,2599.04,0.17
10.1841,122,19,5377.84,2669.27,0,0,0,0,0,0,0,2,60,0,5459.08,2971.46,9.35
10.1848,123,37,5588.75,3477.3,12.23,-1.83124,0,0,0,0,0,2,60,0,5466.06,2991.6,3.37
10.1855,124,19,5286.29,2702.2,8.04,-0.378427,0,0,0,0,0,2,60,0,5421.46,2828.37,1.34
10.1884,128,27,5459.07,2971.42,9.35,-1.83808,0,0,0,0,0,2,60,0,5687.64,3824.82,0
10.1971,140,17,5034.71,2804.8,1.46,2.76999,0,0,0,0,0,2,60,0,0,0,0
10.2283,45,18,5226.23,2729.52,0.32,2.78952,0,0,0,0,0,2,60,0,6309.7,2302.93,12.8
10.2297,47,39,5645.86,3691.35,11.52,-1.83157,0,0,0,0,0,2,60,0,6204.54,2344.05,20.73
10.2348,54,5,6082.63,2391.81,5.98,2.76915,0,0,0,0,0,2,60,0,5511.47,3163.91,14.24
10.2384,59,17,5016.79,2811.83,2.62,2.76676,0,0,0,0,0,2,60,0,6016.98,2413.79,0
10.2464,70,26,5426.27,2851.88,3.34,-1.83758,0,0,0,0,0,2,60,0,4988.61,2822.69,1.08
10.2478,72,22,4502.99,3013.41,3.81,2.76839,0,0,0,0,0,2,60,0,5364.82,2674.43,0
10.2652,96,19,5382.27,2745.65,10.27,1.12805,0,0,0,0,0,2,60,0,5630.63,2566.25,0
10.2761,111,19,5342.96,2679.66,7.38,-0.377488,0,0,0,0,0,2,60,0,5548.47,2599.04,0.17
10.2841,122,19,5377.84,2669.27,0,0,0,0,0,0,0,2,60,0,5458.83,2970.56,9.35
10.2848,123,37,5588.43,3476.12,12.23,-1.83124,0,0,0,0,0,2,60,0,5465.79,2991.4,3.37
10.2855,124,19,5287.03,2701.9,8.04,-0.378427,0,0,0,0,0,2,60,0,5421.52,2828.49,1.34
10.2884,128,27,5458.82,2970.52,9.35,-1.83808,0,0,0,0,0,2,60,0,5687.64,3824.82,0
10.2971,140,17,5034.57,2804.86,1.46,2.76999,0,0,0,0,0,2,60,0,0,0,0
10.3283,45,18,5226.2,2729.53,0.32,2.78952,0,0,0,0,0,2,60,0,6308.51,2303.4,12.8
10.3297,47,39,5645.56,3690.24,11.52,-1.83157,0,0,0,0,0,2,60,0,6202.61,2344.81,20.73
10.3348,54,5,6082.08,2392.03,5.98,2.76915,0,0,0,0,0,2,60,0,5511.82,3165.29,14.24
10.3384,59,17,5016.55,2811.92,2.62,2.76676,0,0,0,0,0,2,60,0,6016.98,2413.79,0
10.3464,70,26,5426.19,2851.56,3.34,-1.83758,0,0,0,0,0,2,60,0,4988.5,2822.66,1.08
10.3478,72,22,4502.64,3013.55,3.81,2.76839,0,0,0,0,0,2,60,0,5364.82,2674.43,0
10.3652,96,19,5382.71,2746.58,10.27,1.12805,0,0,0,0,0,2,60,0,5630.63,2566.25,0
10.3761,111,19,5343.64,2679.39,7.38,-0.377488,0,0,0,0,0,2,60,0,5548.49,2599.03,0.17
10.3841,122,19,5377.84,2669.27,0,0,0,0,0,0,0,2,60,0,5458.58,2969.66,9.35
10.3848,123,37,5588.12,3474.93,12.23,-1.83124,0,0,0,0,0,2,60,0,5465.52,2991.19,3.37
10.3855,124,19,5287.78,2701.6,8.04,-0.378427,0,0,0,0,0,2,60,0,5421.58,2828.61,1.34
10.3884,128,27,5458.57,2969.62,9.35,-1.83808,0,0,0,0,0,2,60,0,5687.64,3824.82,0
10.3971,140,17,5034.43,2804.91,1.46,2.76999,0,0,0,0,0,2,60,0,0,0,0
10.4283,45,18,5226.17,2729.54,0.32,2.78952,0,0,0,0,0,2,60,0,6307.32,2303.86,12.8
10.4297,47,39,5645.26,3689.13,11.52,-1.83157,0,0,0,0,0,2,60,0,6200.68,2345.56,20.73
10.4348,54,5,6081.52,2392.25,5.98,2.76915,0,0,0,0,0,2,60,0,5512.17,3166.67,14.24
10.4384,59,17,5016.3,2812.02,2.62,2.76676,0,0,0,0,0,2,60,0,6016.98,2413.79,0
10.4464,70,26,5426.1,2851.24,3.34,-1.83758,0,0,0,0,0,2,60,0,4988.4,2822.64,1.08
10.4478,72,22,4502.28,3013.69,3.81,2.76839,0,0,0,0,0,2,60,0,5364.82,2674.43,0
10.4652,96,19,5383.15,2747.51,10.27,1.12805,0,0,0,0,0,2,60,0,5630.63,2566.25,0
10.4761,111,19,5344.33,2679.12,7.38,-0.377488,0,0,0,0,0,2,60,0,5548.51,2599.03,0.17
10.4841,122,19,5377.84,2669.27,0,0,0,0,0,0,0,2,60,0,5458.34,2968.76,9.35
10.4848,123,37,5587.8,3473.75,12.23,-1.83124,0,0,0,0,0,2,60,0,5465.25,2990.98,3.37
10.4855,124,19,5288.53,2701.31,8.04,-0.378427,0,0,0,0,0,2,60,0,5421.63,2828.73,1.34
10.4884,128,27,5458.32,2968.72,9.35,-1.83808,0,0,0,0,0,2,60,0,5687.64,3824.82,0
10.4971,140,17,5034.3,2804.96,1.46,2.76999,0,0,0,0,0,2,60,0,0,0,0
10.5283,45,18,5226.14,2729.56,0.32,2.78952,0,0,0,0,0,2,60,0,6306.12,2304.33,12.8
10.5297,47,39,5644.97,3688.01,11.52,-1.83157,0,0,0,0,0,2,60,0,6198.75,2346.32,20.73
10.5348,54,5,6080.96,2392.46,5.98,2.76915,0,0,0,0,0,2,60,0,5512.52,3168.05,14.24
10.5384,59,17,5016.06,2812.12,2.62,2.76676,0,0,0,0,0,2,60,0,6016.98,2413.79,0
10.5464,70,26,5426.01,2850.91,3.34,-1.83758,0,0,0,0,0,2,60,0,4988.29,2822.62,1.08
10.5478,72,22,4501.93,3013.83,3.81,2.76839,0,0,0,0,0,2,60,0,5364.82,2674.43,0
10.5652,96,19,5383.59,2748.44,10.27,1.12805,0,0,0,0,0,2,60,0,5630.63,2566.25,0
10.5761,111,19,5345.01,2678.85,7.38,-0.377488,0,0,0,0,0,2,60,0,5548.52,2599.02,0.17
10.5841,122,19,5377.84,2669.27,0,0,0,0,0,0,0,2,60,0,5458.09,2967.86,9.35
10.5848,123,37,5587.49,3472.57,12.23,-1.83124,0,0,0,0,0,2,60,0,5464.99,2990.78,3.37
10.5855,124,19,5289.27,2701.01,8.04,-0.378427,0,0,0,0,0,2,60,0,5421.69,2828.86,1.34
10.5884,128,27,5458.08,2967.82,9.35,-1.83808,0,0,0,0,0,2,60,0,5687.64,3824.82,0
10.5971,140,17,5034.16,2805.02,1.46,2.76999,0,0,0,0,0,2,60,0,0,0,0
10.6283,45,18,5226.11,2729.57,0.32,2.78952,0,0,0,0,0,2,60,0,6304.93,2304.79,12.8
10.6297,47,39,5644.67,3686.9,11.52,-1.83157,0,0,0,0,0,2,60,0,6196.82,2347.08,20.73
10.6348,54,5,6080.4,2392.68,5.98,2.76915,0,0,0,0,0,2,60,0,5512.87,3169.43,14.24
10.6384,59,17,5015.82,2812.21,2.62,2.76676,0,0,0,0,0,2,60,0,6016.98,2413.79,0
10.6464,70,26,5425.92,2850.59,3.34,-1.83758,0,0,0,0,0,2,60,0,4988.19,2822.6,1.08
10.6478,72,22,4501.57,3013.97,3.81,2.76839,0,0,0,0,0,2,60,0,5364.82,2674.43,0
10.6652,96,19,5384.03,2749.37,10.27,1.12805,0,0,0,0,0,2,60,0,5630.63,2566.25,0
10.6761,111,19,5345.7,2678.57,7.38,-0.377488,0,0,0,0,0,2,60,0,5548.54,2599.01,0.17
10.6841,122,19,5377.84,2669.27,0,0,0,0,0,0,0,2,60,0,5457.84,2966.95,9.35
10.6848,123,37,5587.17,3471.39,12.23,-1.83124,0,0,0,0,0,2,60,0,5464.72,2990.57,3.37
10.6855,124,19,5290.02,2700.71,8.04,-0.378427,0,0,0,0,0,2,60,0,5421.75,2828.98,1.34
10.6884,128,27,5457.83,2966.92,9.35,-1.83808,0,0,0,0,0,2,60,0,5687.64,3824.82,0
10.6971,140,17,5034.03,2805.07,1.46,2.76999,0,0,0,0,0,2,60,0,0,0,0
10.7283,45,18,5226.08,2729.58,0.32,2.78952,0,0,0,0,0,2,60,0,6303.74,2305.26,12.8
10.7297,47,39,5644.37,3685.79,11.52,-1.83157,0,0,0,0,0,2,60,0,6194.89,2347.83,20.73
10.7348,54,5,6079.85,2392.9,5.98,2.76915,0,0,0,0,0,2,60,0,5513.21,3170.81,14.24
10.7384,59,17,5015.57,2812.31,2.62,2.76676,0,0,0,0,0,2,60,0,6016.98,2413.79,0
10.7464,70,26,5425.83,2850.27,3.34,-1.83758,0,0,0,0,0,2,60,0,4988.08,2822.58,1.08
10.7478,72,22,4501.22,3014.11,3.81,2.76839,0,0,0,0,0,2,60,0,5364.82,2674.43,0
10.7652,96,19,5384.47,2750.29,10.27,1.12805,0,0,0,0,0,2,60,0,5630.63,2566.25,0
10.7761,111,19,5346.39,2678.3,7.38,-0.377488,0,0,0,0,0,2,60,0,5548.55,2599.01,0.17
10.7841,122,19,5377.84,2669.27,0,0,0,0,0,0,0,2,60,0,5457.59,2966.05,9.35
10.7848,123,37,5586.86,3470.21,12.23,-1.83124,0,0,0,0,0,2,60,0,5464.45,2990.37,3.37
10.7855,124,19,5290.77,2700.42,8.04,-0.378427,0,0,0,0,0,2,60,0,5421.81,2829.1,1.34
10.7884,128,27,5457.58,2966.01,9.35,-1.83808,0,0,0,0,0,2,60,0,5687.64,3824.82,0
10.7971,140,17,5033.89,2805.12,1.46,2.76999,0,0,0,0,0,2,60,0,0,0,0
10.8283,45,18,5226.05,2729.59,0.32,2.78952,0,0,0,0,0,2,60,0,6302.55,2305.72,12.8
10.8297,47,39,5644.08,3684.67,11.52,-1.83157,0,0,0,0,0,2,60,0,6192.96,2348.59,20.73
10.8348,54,5,6079.29,2393.12,5.98,2.76915,0,0,0,0,0,2,60,0,5513.56,3172.19,14.24
10.8384,59,17,5015.33,2812.4,2.62,2.76676,0,0,0,0,0,2,60,0,6016.98,2413.79,0
10.8464,70,26,5425.75,2849.95,3.34,-1.83758,0,0,0,0,0,2,60,0,4987.97,2822.55,1.08
10.8478,72,22,4500.86,3014.25,3.81,2.76839,0,0,0,0,0,2,60,0,5364.82,2674.43,0
10.8652,96,19,5384.91,2751.22,10.27,1.12805,0,0,0,0,0,2,60,0,5630.63,2566.25,0
10.8761,111,19,5347.07,2678.03,7.38,-0.377488,0,0,0,0,0,2,60,0,5548.57,2599,0.17
10.8841,122,19,5377.84,2669.27,0,0,0,0,0,0,0,2,60,0,5457.35,2965.15,9.35
10.8848,123,37,5586.54,3469.03,12.23,-1.83124,0,0,0,0,0,2,60,0,5464.22,2990.19,0
10.8855,124,19,5291.52,2700.12,8.04,-0.378427,0,0,0,0,0,2,60,0,5421.86,2829.22,1.34
10.8884,128,27,5457.34,2965.11,9.35,-1.83808,0,0,0,0,0,2,60,0,5687.64,3824.82,0
10.8971,140,17,5033.75,2805.17,1.46,2.76999,0,0,0,0,0,2,60,0,0,0,0
10.9283,45,18,5226.02,2729.6,0.32,2.78952,0,0,0,0,0,2,60,0,6301.35,2306.19,12.8
10.9297,47,39,5643.78,3683.56,11.52,-1.83157,0,0,0,0,0,2,60,0,6191.03,2349.34,20.73
10.9348,54,5,6078.73,2393.33,5.98,2.76915,0,0,0,0,0,2,60,0,5513.91,3173.57,14.24
10.9384,59,17,5015.09,2812.5,2.62,2.76676,0,0,0,0,0,2,60,0,6016.98,2413.79,0
10.9464,70,26,5425.66,2849.62,3.34,-1.83758,0,0,0,0,0,2,60,0,4987.87,2822.53,1.08
10.9478,72,22,4500.51,3014.39,3.81,2.76839,0,0,0,0,0,2,60,0,5364.82,2674.43,0
10.9652,96,19,5385.35,2752.15,10.27,1.12805,0,0,0,0,0,2,60,0,5630.63,2566.25,0
10.9761,111,19,5347.76,2677.76,7.38,-0.377488,0,0,0,0,0,2,60,0,5548.58,2599,0.17
10.9841,122,19,5377.84,2669.27,0,0,0,0,0,0,0,2,60,0,5457.1,2964.25,9.35
10.9848,123,37,5586.23,3467.84,12.23,-1.83124,0,0,0,0,0,2,60,0,5464.22,2990.19,0
10.9855,124,19,5292.26,2699.82,8.04,-0.378427,0,0,0,0,0,2,60,0,5421.92,2829.34,1.34
10.9884,128,27,5457.09,2964.21,9.35,-1.83808,0,0,0,0,0,2,60,0,5687.64,3824.82,0
10.9971,140,17,5033.62,2805.23,1.46,2.76999,0,0,0,0,0,2,60,0,0,0,0
11.0283,45,18,5225.99,2729.61,0.03,2.58575,-2.9,0,1,2,0.1,2,60,0,6300.14,2306.66,13.71
11.0297,47,39,5643.48,3682.43,12.24,-1.83203,7.2,0,1,4,0.1,2,60,0,6189.12,2350.09,20.09
11.0348,54,5,6078.17,2393.56,6.3,2.76816,3.2,0,0,0,0,2,60,0,5514.26,3174.95,14.26
11.0384,59,17,5014.81,2812.61,3.47,2.76697,8.5,0,1,4,0.1,2,60,0,6016.98,2413.79,0
11.0464,70,26,5425.54,2849.21,5.43,-1.83898,20.9,0,1,4,0.1,2,60,0,4987.81,2822.52,0.1
11.0478,72,22,4500.2,3014.5,2.67,2.84751,-11.4,0,1,6,0.2,2,60,0,5364.82,2674.43,0
11.0652,96,19,5385.82,2753.15,11.47,1.12821,12,0,1,4,0.1,2,60,0,5630.63,2566.25,0
11.0761,111,19,5348.52,2677.46,8.39,-0.377854,10.1,0,1,4,0.1,2,60,0,5548.59,2598.99,0.05
11.0841,122,19,5377.84,2669.27,0,0,0,0,0,0,0,2,60,0,5456.81,2963.2,11.16
11.0848,123,37,5585.91,3466.66,12.29,-1.83156,0.6,0,0,0,0,2,60,0,5464.09,2989.71,5.87
11.0855,124,19,5292.96,2699.55,7.41,-0.379002,-6.3,0,1,4,0.1,2,60,0,5422.02,2829.56,2.6
11.0884,128,27,5456.8,2963.15,11.16,-1.83838,18.1,0,1,4,0.1,2,60,0,5687.64,3824.82,0
11.0971,140,17,5033.42,2805.31,2.18,2.7662,7.2,0,1,4,0.1,2,60,0,0,0,0
11.1283,45,18,5225.99,2729.61,0.03,2.58575,0,0,0,0,0,2,60,0,6298.86,2307.16,13.71
11.1297,47,39,5643.16,3681.25,12.24,-1.83203,0,0,0,0,0,2,60,0,6187.25,2350.83,20.09
11.1348,54,5,6077.58,2393.79,6.3,2.76816,0,0,0,0,0,2,60,0,5514.61,3176.34,14.26
11.1384,59,17,5014.49,2812.73,3.47,2.76697,0,0,0,0,0,2,60,0,6016.98,2413.79,0
11.1464,70,26,5425.4,2848.69,5.43,-1.83898,0,0,0,0,0,2,60,0,4987.8,2822.52,0.1
11.1478,72,22,4499.94,3014.57,2.67,2.84751,0,0,0,0,0,2,60,0,5364.82,2674.43,0
11.1652,96,19,5386.31,2754.19,11.47,1.12821,0,0,0,0,0,2,60,0,5630.63,2566.25,0
11.1761,111,19,5349.3,2677.15,8.39,-0.377854,0,0,0,0,0,2,60,0,5548.6,2598.99,0.05
11.1841,122,19,5377.84,2669.27,0,0,0,0,0,0,0,2,60,0,5456.52,2962.12,11.16
11.1848,123,37,5585.6,3465.47,12.29,-1.83156,0,0,0,0,0,2,60,0,5463.93,2989.14,5.87
11.1855,124,19,5293.65,2699.27,7.41,-0.379002,0,0,0,0,0,2,60,0,5422.13,2829.79,2.6
11.1884,128,27,5456.51,2962.08,11.16,-1.83838,0,0,0,0,0,2,60,0,5687.64,3824.82,0
11.1971,140,17,5033.21,2805.39,2.18,2.7662,0,0,0,0,0,2,60,0,0,0,0
11.2283,45,18,5225.99,2729.61,0.03,2.58575,0,0,0,0,0,2,60,0,6297.58,2307.66,13.71
11.2297,47,39,5642.84,3680.06,12.24,-1.83203,0,0,0,0,0,2,60,0,6185.38,2351.56,20.09
11.2348,54,5,6076.99,2394.02,6.3,2.76816,0,0,0,0,0,2,60,0,5514.96,3177.72,14.26
11.2384,59,17,5014.17,2812.86,3.47,2.76697,0,0,0,0,0,2,60,0,6016.98,2413.79,0
11.2464,70,26,5425.26,2848.16,5.43,-1.83898,0,0,0,0,0,2,60,0,4987.79,2822.52,0.1
11.2478,72,22,4499.69,3014.65,2.67,2.84751,0,0,0,0,0,2,60,0,5364.82,2674.43,0
11.2652,96,19,5386.8,2755.22,11.47,1.12821,0,0,0,0,0,2,60,0,5630.63,2566.25,0
11.2761,111,19,5350.08,2676.84,8.39,-0.377854,0,0,0,0,0,2,60,0,5548.6,2598.99,0.05
11.2841,122,19,5377.84,2669.27,0,0,0,0,0,0,0,2,60,0,5456.22,2961.05,11.16
11.2848,123,37,5585.28,3464.28,12.29,-1.83156,0,0,0,0,0,2,60,0,5463.78,2988.58,5.87
11.2855,124,19,5294.34,2699,7.41,-0.379002,0,0,0,0,0,2,60,0,5422.25,2830.03,2.6
11.2884,128,27,5456.21,2961,11.16,-1.83838,0,0,0,0,0,2,60,0,5687.64,3824.82,0
11.2971,140,17,5033.01,2805.47,2.18,2.7662,0,0,0,0,0,2,60,0,0,0,0
11.3283,45,18,5225.99,2729.61,0.03,2.58575,0,0,0,0,0,2,60,0,6296.31,2308.16,13.71
11.3297,47,39,5642.53,3678.88,12.24,-1.83203,0,0,0,0,0,2,60,0,6183.51,2352.29,20.09
11.3348,54,5,6076.41,2394.25,6.3,2.76816,0,0,0,0,0,2,60,0,5515.3,3179.1,14.26
11.3384,59,17,5013.84,2812.99,3.47,2.76697,0,0,0,0,0,2,60,0,6016.98,2413.79,0
11.3464,70,26,5425.11,2847.64,5.43,-1.83898,0,0,0,0,0,2,60,0,4987.78,2822.51,0.1
11.3478,72,22,4499.43,3014.73,2.67,2.84751,0,0,0,0,0,2,60,0,5364.82,2674.43,0
11.3652,96,19,5387.3,2756.26,11.47,1.12821,0,0,0,0,0,2,60,0,5630.63,2566.25,0
11.3761,111,19,5350.85,2676.53,8.39,-0.377854,0,0,0,0,0,2,60,0,5548.61,2598.99,0.05
11.3841,122,19,5377.84,2669.27,0,0,0,0,0,0,0,2,60,0,5455.93,2959.97,11.16
11.3848,123,37,5584.96,3463.09,12.29,-1.83156,0,0,0,0,0,2,60,0,5463.62,2988.01,5.87
11.3855,124,19,5295.02,2698.72,7.41,-0.379002,0,0,0,0,0,2,60,0,5422.36,2830.26,2.6
11.3884,128,27,5455.92,2959.92,11.16,-1.83838,0,0,0,0,0,2,60,0,5687.64,3824.82,0
11.3971,140,17,5032.81,2805.55,2.18,2.7662,0,0,0,0,0,2,60,0,0,0,0
11.4283,45,18,5225.98,2729.61,0.03,2.58575,0,0,0,0,0,2,60,0,6295.03,2308.66,13.71
11.4297,47,39,5642.21,3677.7,12.24,-1.83203,0,0,0,0,0,2,60,0,6181.64,2353.03,20.09
11.4348,54,5,6075.82,2394.48,6.3,2.76816,0,0,0,0,0,2,60,0,5515.65,3180.49,14.26
11.4384,59,17,5013.52,2813.11,3.47,2.76697,0,0,0,0,0,2,60,0,6016.98,2413.79,0
11.4464,70,26,5424.97,2847.11,5.43,-1.83898,0,0,0,0,0,2,60,0,4987.77,2822.51,0.1
11.4478,72,22,4499.18,3014.81,2.67,2.84751,0,0,0,0,0,2,60,0,5364.82,2674.43,0
11.4652,96,19,5387.79,2757.3,11.47,1.12821,0,0,0,0,0,2,60,0,5630.63,2566.25,0
11.4761,111,19,5351.63,2676.22,8.39,-0.377854,0,0,0,0,0,2,60,0,5548.61,2598.99,0.05
11.4841,122,19,5377.84,2669.27,0,0,0,0,0,0,0,2,60,0,5455.63,2958.89,11.16
11.4848,123,37,5584.64,3461.91,12.29,-1.83156,0,0,0,0,0,2,60,0,5463.47,2987.45,5.87
11.4855,124,19,5295.71,2698.45,7.41,-0.379002,0,0,0,0,0,2,60,0,5422.47,2830.5,2.6
11.4884,128,27,5455.62,2958.85,11.16,-1.83838,0,0,0,0,0,2,60,0,5687.64,3824.82,0
11.4971,140,17,5032.61,2805.63,2.18,2.7662,0,0,0,0,0,2,60,0,0,0,0
11.5283,45,18,5225.98,2729.62,0.03,2.58575,0,0,0,0,0,2,60,0,6293.75,2309.15,13.71
11.5297,47,39,5641.9,3676.52,12.24,-1.83203,0,0,0,0,0,2,60,0,6179.77,2353.76,20.09
11.5348,54,5,6075.23,2394.71,6.3,2.76816,0,0,0,0,0,2,60,0,5516,3181.87,14.26
11.5384,59,17,5013.2,2813.24,3.47,2.76697,0,0,0,0,0,2,60,0,6016.98,2413.79,0
11.5464,70,26,5424.82,2846.59,5.43,-1.83898,0,0,0,0,0,2,60,0,4987.76,2822.51,0.1
11.5478,72,22,4498.92,3014.88,2.67,2.84751,0,0,0,0,0,2,60,0,5364.82,2674.43,0
11.5652,96,19,5388.28,2758.33,11.47,1.12821,0,0,0,0,0,2,60,0,5630.63,2566.25,0
11.5761,111,19,5352.41,2675.91,8.39,-0.377854,0,0,0,0,0,2,60,0,5548.62,2598.99,0.05
11.5841,122,19,5377.84,2669.27,0,0,0,0,0,0,0,2,60,0,5455.34,2957.82,11.16
11.5848,123,37,5584.33,3460.72,12.29,-1.83156,0,0,0,0,0,2,60,0,5463.31,2986.88,5.87
11.5855,124,19,5296.4,2698.17,7.41,-0.379002,0,0,0,0,0,2,60,0,5422.58,2830.73,2.6
11.5884,128,27,5455.33,2957.77,11.16,-1.83838,0,0,0,0,0,2,60,0,5687.64,3824.82,0
11.5971,140,17,5032.4,2805.71,2.18,2.7662,0,0,0,0,0,2,60,0,0,0,0
11.6283,45,18,5225.98,2729.62,0.03,2.58575,0,0,0,0,0,2,60,0,6292.48,2309.65,13.71
11.6297,47,39,5641.58,3675.33,12.24,-1.83203,0,0,0,0,0,2,60,0,6177.9,2354.49,20.09
11.6348,54,5,6074.65,2394.94,6.3,2.76816,0,0,0,0,0,2,60,0,5516.35,3183.25,14.26
11.6384,59,17,5012.87,2813.37,3.47,2.76697,0,0,0,0,0,2,60,0,6016.98,2413.79,0
11.6464,70,26,5424.68,2846.07,5.43,-1.83898,0,0,0,0,0,2,60,0,4987.75,2822.51,0.1
11.6478,72,22,4498.67,3014.96,2.67,2.84751,0,0,0,0,0,2,60,0,5364.82,2674.43,0
11.6652,96,19,5388.77,2759.37,11.47,1.12821,0,0,0,0,0,2,60,0,5630.63,2566.25,0
11.6761,111,19,5353.19,2675.6,8.39,-0.377854,0,0,0,0,0,2,60,0,5548.62,2598.99,0.05
11.6841,122,19,5377.84,2669.27,0,0,0,0,0,0,0,2,60,0,5455.04,2956.74,11.16
11.6848,123,37,5584.01,3459.53,12.29,-1.83156,0,0,0,0,0,2,60,0,5463.16,2986.31,5.87
11.6855,124,19,5297.09,2697.9,7.41,-0.379002,0,0,0,0,0,2,60,0,5422.69,2830.97,2.6
11.6884,128,27,5455.03,2956.7,11.16,-1.83838,0,0,0,0,0,2,60,0,5687.64,3824.82,0
11.6971,140,17,5032.2,2805.79,2.18,2.7662,0,0,0,0,0,2,60,0,0,0,0
11.7283,45,18,5225.98,2729.62,0.03,2.58575,0,0,0,0,0,2,60,0,6291.2,2310.15,13.71
11.7297,47,39,5641.26,3674.15,12.24,-1.83203,0,0,0,0,0,2,60,0,6176.02,2355.22,20.09
11.7348,54,5,6074.06,2395.16,6.3,2.76816,0,0,0,0,0,2,60,0,5516.7,3184.63,14.26
11.7384,59,17,5012.55,2813.5,3.47,2.76697,0,0,0,0,0,2,60,0,6016.98,2413.79,0
11.7464,70,26,5424.54,2845.54,5.43,-1.83898,0,0,0,0,0,2,60,0,4987.74,2822.5,0.1
11.7478,72,22,4498.41,3015.04,2.67,2.84751,0,0,0,0,0,2,60,0,5364.82,2674.43,0
11.7652,96,19,5389.26,2760.4,11.47,1.12821,0,0,0,0,0,2,60,0,5630.63,2566.25,0
11.7761,111,19,5353.97,2675.29,8.39,-0.377854,0,0,0,0,0,2,60,0,5548.63,2598.98,0.05
11.7841,122,19,5377.84,2669.27,0,0,0,0,0,0,0,2,60,0,5454.75,2955.67,11.16
11.7855,124,19,5297.78,2697.63,7.41,-0.379002,0,0,0,0,0,2,60,0,5422.8,2831.2,2.6
11.7884,128,27,5454.73,2955.62,11.16,-1.83838,0,0,0,0,0,2,60,0,5687.64,3824.82,0
11.7971,140,17,5032,2805.87,2.18,2.7662,0,0,0,0,0,2,60,0,0,0,0
11.8283,45,18,5225.97,2729.62,0.03,2.58575,0,0,0,0,0,2,60,0,6289.92,2310.65,13.71
11.8297,47,39,5640.95,3672.97,12.24,-1.83203,0,0,0,0,0,2,60,0,6174.15,2355.96,20.09
11.8348,54,5,6073.47,2395.39,6.3,2.76816,0,0,0,0,0,2,60,0,5517.05,3186.02,14.26
11.8384,59,17,5012.23,2813.62,3.47,2.76697,0,0,0,0,0,2,60,0,6016.98,2413.79,0
11.8464,70,26,5424.39,2845.02,5.43,-1.83898,0,0,0,0,0,2,60,0,4987.73,2822.5,0.1
11.8478,72,22,4498.16,3015.12,2.67,2.84751,0,0,0,0,0,2,60,0,5364.82,2674.43,0
11.8652,96,19,5389.75,2761.44,11.47,1.12821,0,0,0,0,0,2,60,0,5630.63,2566.25,0
11.8761,111,19,5354.75,2674.98,8.39,-0.377854,0,0,0,0,0,2,60,0,5548.63,2598.98,0.05
11.8841,122,19,5377.84,2669.27,0,0,0,0,0,0,0,2,60,0,5454.45,2954.59,11.16
11.8855,124,19,5298.47,2697.35,7.41,-0.379002,0,0,0,0,0,2,60,0,5422.91,2831.44,2.6
11.8884,128,27,5454.44,2954.54,11.16,-1.83838,0,0,0,0,0,2,60,0,5687.64,3824.82,0
11.8971,140,17,5031.79,2805.95,2.18,2.7662,0,0,0,0,0,2,60,0,0,0,0
11.9283,45,18,5225.97,2729.62,0.03,2.58575,0,0,0,0,0,2,60,0,6288.64,2311.15,13.71
11.9297,47,39,5640.63,3671.79,12.24,-1.83203,0,0,0,0,0,2,60,0,6172.28,2356.69,20.09
11.9348,54,5,6072.89,2395.62,6.3,2.76816,0,0,0,0,0,2,60,0,5517.4,3187.4,14.26
11.9384,59,17,5011.9,2813.75,3.47,2.76697,0,0,0,0,0,2,60,0,6016.98,2413.79,0
11.9478,72,22,4497.9,3015.19,2.67,2.84751,0,0,0,0,0,2,60,0,5364.82,2674.43,0
11.9652,96,19,5390.24,2762.48,11.47,1.12821,0,0,0,0,0,2,60,0,5630.63,2566.25,0
11.9761,111,19,5355.53,2674.67,8.39,-0.377854,0,0,0,0,0,2,60,0,5548.64,2598.98,0.05
11.9841,122,19,5377.84,2669.27,0,0,0,0,0,0,0,2,60,0,5454.16,2953.51,11.16
11.9855,124,19,5299.15,2697.08,7.41,-0.379002,0,0,0,0,0,2,60,0,5423.02,2831.67,2.6
11.9884,128,27,5454.14,2953.47,11.16,-1.83838,0,0,0,0,0,2,60,0,5687.64,3824.82,0
11.9971,140,17,5031.59,2806.03,2.18,2.7662,0,0,0,0,0,2,60,0,0,0,0
12.0283,45,18,5225.97,2729.63,0.16,2.74934,1.3,0,1,2,0.1,2,60,0,6287.38,2311.64,13.09
12.0297,47,39,5640.33,3670.65,10.63,-1.83152,-16.1,0,1,4,0.1,2,60,0,6170.51,2357.39,16.76
12.0348,54,5,6072.33,2395.84,5.52,2.76714,-7.8,0,1,4,0.1,2,60,0,5517.75,3188.8,14.77
12.0384,59,17,5011.66,2813.85,1.28,2.76828,-21.9,0,1,4,0.1,2,60,0,6016.98,2413.79,0
12.0478,72,22,4497.72,3015.13,2.73,-2.37177,0.6,0,1,2,0.1,2,60,0,5364.82,2674.43,0
12.0652,96,19,5390.77,2763.59,12.69,1.12865,12.2,0,1,4,0.1,2,60,0,5630.63,2566.25,0
12.0761,111,19,5356.37,2674.34,9.13,-0.378267,7.4,0,1,4,0.1,2,60,0,5548.64,2598.98,0.02
12.0841,122,19,5377.84,2669.27,0,0,0,0,0,0,0,2,60,0,5453.83,2952.31,12.75
12.0855,124,19,5299.73,2696.85,6.04,-0.378353,-13.7,0,1,4,0.1,2,60,0,5423.13,2831.9,2.53
12.0884,128,27,5453.81,2952.26,12.75,-1.83842,15.9,0,1,4,0.1,2,60,0,5687.64,3824.82,0
12.0971,140,17,5031.36,2806.12,2.48,2.77007,3,0,0,0,0,2,60,0,0,0,0
12.1283,45,18,5225.95,2729.63,0.16,2.74934,0,0,0,0,0,2,60,0,6286.16,2312.12,13.09
12.1297,47,39,5640.05,3669.63,10.63,-1.83152,0,0,0,0,0,2,60,0,6168.95,2358,16.76
12.1348,54,5,6071.81,2396.05,5.52,2.76714,0,0,0,0,0,2,60,0,5518.11,3190.23,14.77
12.1384,59,17,5011.54,2813.89,1.28,2.76828,0,0,0,0,0,2,60,0,6016.98,2413.79,0
12.1478,72,22,4497.52,3014.94,2.73,-2.37177,0,0,0,0,0,2,60,0,5364.82,2674.43,0
12.1652,96,19,5391.31,2764.73,12.69,1.12865,0,0,0,0,0,2,60,0,5630.63,2566.25,0
12.1761,111,19,5357.21,2674,9.13,-0.378267,0,0,0,0,0,2,60,0,5548.64,2598.98,0.02
12.1841,122,19,5377.84,2669.27,0,0,0,0,0,0,0,2,60,0,5453.49,2951.08,12.75
12.1855,124,19,5300.29,2696.63,6.04,-0.378353,0,0,0,0,0,2,60,0,5423.24,2832.13,2.53
12.1884,128,27,5453.48,2951.03,12.75,-1.83842,0,0,0,0,0,2,60,0,5687.64,3824.82,0
12.1971,140,17,5031.13,2806.21,2.48,2.77007,0,0,0,0,0,2,60,0,0,0,0
12.2283,45,18,5225.94,2729.64,0.16,2.74934,0,0,0,0,0,2,60,0,6284.94,2312.59,13.09
12.2297,47,39,5639.78,3668.6,10.63,-1.83152,0,0,0,0,0,2,60,0,6167.38,2358.61,16.76
12.2348,54,5,6071.3,2396.25,5.52,2.76714,0,0,0,0,0,2,60,0,5518.47,3191.66,14.77
12.2384,59,17,5011.42,2813.94,1.28,2.76828,0,0,0,0,0,2,60,0,6016.98,2413.79,0
12.2478,72,22,4497.32,3014.75,2.73,-2.37177,0,0,0,0,0,2,60,0,5364.82,2674.43,0
12.2652,96,19,5391.85,2765.88,12.69,1.12865,0,0,0,0,0,2,60,0,5630.63,2566.25,0
12.2761,111,19,5358.06,2673.67,9.13,-0.378267,0,0,0,0,0,2,60,0,5548.64,2598.98,0.02
12.2841,122,19,5377.84,2669.27,0,0,0,0,0,0,0,2,60,0,5453.15,2949.85,12.75
12.2855,124,19,5300.85,2696.4,6.04,-0.378353,0,0,0,0,0,2,60,0,5423.35,2832.36,2.53
12.2884,128,27,5453.14,2949.8,12.75,-1.83842,0,0,0,0,0,2,60,0,5687.64,3824.82,0
12.2971,140,17,5030.9,2806.3,2.48,2.77007,0,0,0,0,0,2,60,0,0,0,0
12.3283,45,18,5225.92,2729.64,0.16,2.74934,0,0,0,0,0,2,60,0,6283.72,2313.07,13.09
12.3297,47,39,5639.51,3667.57,10.63,-1.83152,0,0,0,0,0,2,60,0,6165.82,2359.22,16.76
12.3348,54,5,6070.78,2396.45,5.52,2.76714,0,0,0,0,0,2,60,0,5518.83,3193.09,14.77
12.3384,59,17,5011.3,2813.99,1.28,2.76828,0,0,0,0,0,2,60,0,6016.98,2413.79,0
12.3478,72,22,4497.13,3014.56,2.73,-2.37177,0,0,0,0,0,2,60,0,5364.82,2674.43,0
12.3652,96,19,5392.4,2767.03,12.69,1.12865,0,0,0,0,0,2,60,0,5630.63,2566.25,0
12.3761,111,19,5358.91,2673.33,9.13,-0.378267,0,0,0,0,0,2,60,0,5548.64,2598.98,0.02
12.3841,122,19,5377.84,2669.27,0,0,0,0,0,0,0,2,60,0,5452.82,2948.62,12.75
12.3855,124,19,5301.41,2696.18,6.04,-0.378353,0,0,0,0,0,2,60,0,5423.46,2832.59,2.53
12.3884,128,27,5452.8,2948.57,12.75,-1.83842,0,0,0,0,0,2,60,0,5687.64,3824.82,0
12.3971,140,17,5030.67,2806.39,2.48,2.77007,0,0,0,0,0,2,60,0,0,0,0
12.4283,45,18,5225.91,2729.65,0.16,2.74934,0,0,0,0,0,2,60,0,6282.5,2313.54,13.09
12.4297,47,39,5639.23,3666.55,10.63,-1.83152,0,0,0,0,0,2,60,0,6164.26,2359.83,16.76
12.4348,54,5,6070.27,2396.65,5.52,2.76714,0,0,0,0,0,2,60,0,5519.19,3194.53,14.77
12.4384,59,17,5011.18,2814.03,1.28,2.76828,0,0,0,0,0,2,60,0,6016.98,2413.79,0
12.4478,72,22,4496.93,3014.37,2.73,-2.37177,0,0,0,0,0,2,60,0,5364.82,2674.43,0
12.4652,96,19,5392.94,2768.17,12.69,1.12865,0,0,0,0,0,2,60,0,5630.63,2566.25,0
12.4761,111,19,5359.76,2672.99,9.13,-0.378267,0,0,0,0,0,2,60,0,5548.65,2598.98,0.02
12.4841,122,19,5377.84,2669.27,0,0,0,0,0,0,0,2,60,0,5452.48,2947.39,12.75
12.4855,124,19,5301.98,2695.96,6.04,-0.378353,0,0,0,0,0,2,60,0,5423.56,2832.82,2.53
12.4884,128,27,5452.46,2947.34,12.75,-1.83842,0,0,0,0,0,2,60,0,5687.64,3824.82,0
12.4971,140,17,5030.44,2806.48,2.48,2.77007,0,0,0,0,0,2,60,0,0,0,0
12.5283,45,18,5225.89,2729.66,0.16,2.74934,0,0,0,0,0,2,60,0,6281.28,2314.02,13.09
12.5348,54,5,6069.76,2396.85,5.52,2.76714,0,0,0,0,0,2,60,0,5519.56,3195.96,14.77
12.5384,59,17,5011.06,2814.08,1.28,2.76828,0,0,0,0,0,2,60,0,6016.98,2413.79,0
12.5478,72,22,4496.74,3014.18,2.73,-2.37177,0,0,0,0,0,2,60,0,5364.82,2674.43,0
12.5652,96,19,5393.48,2769.32,12.69,1.12865,0,0,0,0,0,2,60,0,5630.63,2566.25,0
12.5761,111,19,5360.61,2672.66,9.13,-0.378267,0,0,0,0,0,2,60,0,5548.65,2598.98,0.02
12.5841,122,19,5377.84,2669.27,0,0,0,0,0,0,0,2,60,0,5452.14,2946.16,12.75
12.5855,124,19,5302.54,2695.73,6.04,-0.378353,0,0,0,0,0,2,60,0,5423.67,2833.05,2.53
12.5884,128,27,5452.13,2946.11,12.75,-1.83842,0,0,0,0,0,2,60,0,5687.64,3824.82,0
12.5971,140,17,5030.21,2806.57,2.48,2.77007,0,0,0,0,0,2,60,0,0,0,0
12.6283,45,18,5225.88,2729.66,0.16,2.74934,0,0,0,0,0,2,60,0,6280.07,2314.49,13.09
12.6348,54,5,6069.24,2397.06,5.52,2.76714,0,0,0,0,0,2,60,0,5519.92,3197.39,14.77
12.6384,59,17,5010.94,2814.13,1.28,2.76828,0,0,0,0,0,2,60,0,6016.98,2413.79,0
12.6478,72,22,4496.54,3013.99,2.73,-2.37177,0,0,0,0,0,2,60,0,5364.82,2674.43,0
12.6652,96,19,5394.03,2770.47,12.69,1.12865,0,0,0,0,0,2,60,0,5630.63,2566.25,0
12.6761,111,19,5361.46,2672.32,9.13,-0.378267,0,0,0,0,0,2,60,0,5548.65,2598.98,0.02
12.6841,122,19,5377.84,2669.27,0,0,0,0,0,0,0,2,60,0,5451.8,2944.93,12.75
12.6855,124,19,5303.1,2695.51,6.04,-0.378353,0,0,0,0,0,2,60,0,5423.78,2833.28,2.53
12.6884,128,27,5451.79,2944.88,12.75,-1.83842,0,0,0,0,0,2,60,0,5687.64,3824.82,0
12.6971,140,17,5029.97,2806.66,2.48,2.77007,0,0,0,0,0,2,60,0,0,0,0
12.7283,45,18,5225.86,2729.67,0.16,2.74934,0,0,0,0,0,2,60,0,6278.84,2314.97,13.09
12.7348,54,5,6068.73,2397.26,5.52,2.76714,0,0,0,0,0,2,60,0,5520.28,3198.82,14.77
12.7384,59,17,5010.83,2814.17,1.28,2.76828,0,0,0,0,0,2,60,0,6016.98,2413.79,0
12.7478,72,22,4496.34,3013.8,2.73,-2.37177,0,0,0,0,0,2,60,0,5364.82,2674.43,0
12.7652,96,19,5394.57,2771.62,12.69,1.12865,0,0,0,0,0,2,60,0,5630.63,2566.25,0
12.7761,111,19,5362.3,2671.98,9.13,-0.378267,0,0,0,0,0,2,60,0,5548.65,2598.97,0.02
12.7841,122,19,5377.84,2669.27,0,0,0,0,0,0,0,2,60,0,5451.47,2943.7,12.75
12.7855,124,19,5303.66,2695.29,6.04,-0.378353,0,0,0,0,0,2,60,0,5423.89,2833.51,2.53
12.7884,128,27,5451.45,2943.65,12.75,-1.83842,0,0,0,0,0,2,60,0,5687.64,3824.82,0
12.7971,140,17,5029.74,2806.75,2.48,2.77007,0,0,0,0,0,2,60,0,0,0,0
12.8283,45,18,5225.85,2729.67,0.16,2.74934,0,0,0,0,0,2,60,0,6277.63,2315.44,13.09
12.8348,54,5,6068.22,2397.46,5.52,2.76714,0,0,0,0,0,2,60,0,5520.64,3200.26,14.77
12.8384,59,17,5010.71,2814.22,1.28,2.76828,0,0,0,0,0,2,60,0,6016.98,2413.79,0
12.8478,72,22,4496.18,3013.64,0,0,-27.3,0,1,6,0.2,2,60,0,5364.82,2674.43,0
12.8652,96,19,5395.11,2772.76,12.69,1.12865,0,0,0,0,0,2,60,0,5630.63,2566.25,0
12.8761,111,19,5363.15,2671.64,9.13,-0.378267,0,0,0,0,0,2,60,0,5548.65,2598.97,0.02
12.8841,122,19,5377.84,2669.27,0,0,0,0,0,0,0,2,60,0,5451.13,2942.47,12.75
12.8855,124,19,5304.22,2695.06,6.04,-0.378353,0,0,0,0,0,2,60,0,5423.99,2833.73,2.53
12.8884,128,27,5451.12,2942.42,12.75,-1.83842,0,0,0,0,0,2,60,0,5687.64,3824.82,0
12.8848,123,34,5580.11,3444.92,12.72,-1.8316,0,0,0,0,0,2,60,0,5460.75,2977.57,8.1
12.8971,140,17,5029.51,2806.84,2.48,2.77007,0,0,0,0,0,2,60,0,0,0,0
12.9283,45,18,5225.83,2729.68,0.16,2.74934,0,0,0,0,0,2,60,0,6276.41,2315.92,13.09
12.9348,54,5,6067.7,2397.66,5.52,2.76714,0,0,0,0,0,2,60,0,5521,3201.69,14.77
12.9384,59,17,5010.59,2814.27,1.28,2.76828,0,0,0,0,0,2,60,0,6016.98,2413.79,0
12.9478,72,22,4496.18,3013.64,0,0,0,0,0,0,0,2,60,0,5364.82,2674.43,0
12.9652,96,19,5395.66,2773.91,12.69,1.12865,0,0,0,0,0,2,60,0,5630.63,2566.25,0
12.9761,111,19,5364,2671.31,9.13,-0.378267,0,0,0,0,0,2,60,0,5548.65,2598.97,0.02
12.9841,122,19,5377.84,2669.27,0,0,0,0,0,0,0,2,60,0,5450.79,2941.24,12.75
12.9848,123,34,5579.78,3443.69,12.72,-1.8316,0,0,0,0,0,2,60,0,5460.55,2976.85,8.1
12.9855,124,19,5304.78,2694.84,6.04,-0.378353,0,0,0,0,0,2,60,0,5424.1,2833.96,2.53
12.9884,128,27,5450.78,2941.19,12.75,-1.83842,0,0,0,0,0,2,60,0,5687.64,3824.82,0
12.9971,140,17,5029.28,2806.93,2.48,2.77007,0,0,0,0,0,2,60,0,0,0,0
13.0283,45,18,5225.79,2729.7,1.32,2.76236,11.6,0,1,4,0.1,2,60,0,6275.19,2316.39,12.92
13.0348,54,5,6067.14,2397.88,7.12,2.76786,16,0,1,4,0.1,2,60,0,5521.36,3203.11,14.61
13.0384,59,17,5010.45,2814.32,1.87,2.76903,5.9,0,1,4,0.1,2,60,0,6016.98,2413.79,0
13.0478,72,22,4496.27,3013.55,2.64,-0.748588,26.4,0,1,6,0.2,2,60,0,5364.82,2674.43,0
13.0652,96,19,5396.23,2775.12,13.78,1.12825,10.9,0,1,132,0.2,2,60,0,5630.63,2566.25,0
13.0761,111,19,5364.92,2670.94,10.05,-0.377181,9.2,0,1,4,0.1,2,60,0,5548.65,2598.97,0
13.0841,122,19,5377.84,2669.27,0,0,0,0,0,0,0,2,60,0,5450.46,2940.04,12.46
13.0848,123,34,5579.46,3442.49,12.31,-1.83135,-4.1,0,1,4,0.1,2,60,0,5460.28,2975.86,10.67
13.0855,124,19,5305.42,2694.59,7.1,-0.378679,10.6,0,1,4,0.1,2,60,0,5424.14,2834.05,0.68
13.0971,140,17,5028.89,2807.08,4.2,2.76774,17.2,0,1,4,0.1,2,60,0,0,0,0
13.1283,45,18,5225.66,2729.75,1.32,2.76236,0,0,0,0,0,2,60,0,6273.99,2316.86,12.92
13.1348,54,5,6066.47,2398.14,7.12,2.76786,0,0,0,0,0,2,60,0,5521.72,3204.53,14.61
13.1384,59,17,5010.27,2814.39,1.87,2.76903,0,0,0,0,0,2,60,0,6016.98,2413.79,0
13.1478,72,22,4496.47,3013.37,2.64,-0.748588,0,0,0,0,0,2,60,0,5364.82,2674.43,0
13.1652,96,19,5396.82,2776.37,13.78,1.12825,0,0,0,0,0,2,60,0,5630.63,2566.25,0
13.1761,111,19,5365.85,2670.57,10.05,-0.377181,0,0,0,0,0,2,60,0,5548.65,2598.97,0
13.1841,122,19,5377.84,2669.27,0,0,0,0,0,0,0,2,60,0,5450.13,2938.84,12.46
13.1848,123,34,5579.15,3441.3,12.31,-1.83135,0,0,0,0,0,2,60,0,5460,2974.83,10.67
13.1855,124,19,5306.08,2694.32,7.1,-0.378679,0,0,0,0,0,2,60,0,5424.17,2834.11,0.68
13.1971,140,17,5028.5,2807.23,4.2,2.76774,0,0,0,0,0,2,60,0,0,0,0
13.2283,45,18,5225.54,2729.8,1.32,2.76236,0,0,0,0,0,2,60,0,6272.78,2317.33,12.92
13.2348,54,5,6065.81,2398.4,7.12,2.76786,0,0,0,0,0,2,60,0,5522.07,3205.95,14.61
13.2384,59,17,5010.1,2814.46,1.87,2.76903,0,0,0,0,0,2,60,0,6016.98,2413.79,0
13.2478,72,22,4496.66,3013.19,2.64,-0.748588,0,0,0,0,0,2,60,0,5364.82,2674.43,0
13.2652,96,19,5397.41,2777.61,13.78,1.12825,0,0,0,0,0,2,60,0,5630.63,2566.25,0
13.2761,111,19,5366.78,2670.2,10.05,-0.377181,0,0,0,0,0,2,60,0,5548.65,2598.97,0
13.2841,122,19,5377.84,2669.27,0,0,0,0,0,0,0,2,60,0,5449.8,2937.64,12.46
13.2848,123,34,5578.83,3440.11,12.31,-1.83135,0,0,0,0,0,2,60,0,5459.72,2973.8,10.67
13.2855,124,19,5306.74,2694.06,7.1,-0.378679,0,0,0,0,0,2,60,0,5424.2,2834.17,0.68
13.2971,140,17,5028.11,2807.38,4.2,2.76774,0,0,0,0,0,2,60,0,0,0,0
13.3283,45,18,5225.42,2729.85,1.32,2.76236,0,0,0,0,0,2,60,0,6271.58,2317.8,12.92
13.3348,54,5,6065.15,2398.66,7.12,2.76786,0,0,0,0,0,2,60,0,5522.43,3207.37,14.61
13.3384,59,17,5009.92,2814.52,1.87,2.76903,0,0,0,0,0,2,60,0,6016.98,2413.79,0
13.3478,72,22,4496.85,3013.02,2.64,-0.748588,0,0,0,0,0,2,60,0,5364.82,2674.43,0
13.3652,96,19,5398,2778.86,13.78,1.12825,0,0,0,0,0,2,60,0,5630.63,2566.25,0
13.3761,111,19,5367.72,2669.83,10.05,-0.377181,0,0,0,0,0,2,60,0,5548.65,2598.97,0
13.3841,122,19,5377.84,2669.27,0,0,0,0,0,0,0,2,60,0,5449.47,2936.43,12.46
13.3848,123,34,5578.51,3438.92,12.31,-1.83135,0,0,0,0,0,2,60,0,5459.43,2972.77,10.67
13.3855,124,19,5307.4,2693.8,7.1,-0.378679,0,0,0,0,0,2,60,0,5424.23,2834.23,0.68
13.3971,140,17,5027.72,2807.54,4.2,2.76774,0,0,0,0,0,2,60,0,0,0,0
13.4283,45,18,5225.3,2729.89,1.32,2.76236,0,0,0,0,0,2,60,0,6270.38,2318.27,12.92
13.4348,54,5,6064.48,2398.92,7.12,2.76786,0,0,0,0,0,2,60,0,5522.79,3208.78,14.61
13.4384,59,17,5009.75,2814.59,1.87,2.76903,0,0,0,0,0,2,60,0,6016.98,2413.79,0
13.4478,72,22,4497.05,3012.84,2.64,-0.748588,0,0,0,0,0,2,60,0,5364.82,2674.43,0
13.4652,96,19,5398.59,2780.1,13.78,1.12825,0,0,0,0,0,2,60,0,5630.63,2566.25,0
13.4761,111,19,5368.65,2669.46,10.05,-0.377181,0,0,0,0,0,2,60,0,5548.65,2598.97,0
13.4841,122,19,5377.84,2669.27,0,0,0,0,0,0,0,2,60,0,5449.14,2935.23,12.46
13.4848,123,34,5578.2,3437.73,12.31,-1.83135,0,0,0,0,0,2,60,0,5459.15,2971.74,10.67
13.4855,124,19,5308.06,2693.54,7.1,-0.378679,0,0,0,0,0,2,60,0,5424.26,2834.29,0.68
13.4971,140,17,5027.33,2807.69,4.2,2.76774,0,0,0,0,0,2,60,0,0,0,0
13.5283,45,18,5225.17,2729.94,1.32,2.76236,0,0,0,0,0,2,60,0,6269.17,2318.74,12.92
13.5348,54,5,6063.82,2399.18,7.12,2.76786,0,0,0,0,0,2,60,0,5523.14,3210.2,14.61
13.5384,59,17,5009.58,2814.66,1.87,2.76903,0,0,0,0,0,2,60,0,6016.98,2413.79,0
13.5478,72,22,4497.24,3012.66,2.64,-0.748588,0,0,0,0,0,2,60,0,5364.82,2674.43,0
13.5652,96,19,5399.18,2781.35,13.78,1.12825,0,0,0,0,0,2,60,0,5630.63,2566.25,0
13.5761,111,19,5369.59,2669.09,10.05,-0.377181,0,0,0,0,0,2,60,0,5548.65,2598.97,0
13.5841,122,19,5377.84,2669.27,0,0,0,0,0,0,0,2,60,0,5448.81,2934.03,12.46
13.5848,123,34,5577.88,3436.54,12.31,-1.83135,0,0,0,0,0,2,60,0,5458.87,2970.71,10.67
13.5855,124,19,5308.72,2693.27,7.1,-0.378679,0,0,0,0,0,2,60,0,5424.29,2834.36,0.68
13.5971,140,17,5026.94,2807.84,4.2,2.76774,0,0,0,0,0,2,60,0,0,0,0
13.6283,45,18,5225.05,2729.99,1.32,2.76236,0,0,0,0,0,2,60,0,6267.97,2319.21,12.92
13.6348,54,5,6063.16,2399.44,7.12,2.76786,0,0,0,0,0,2,60,0,5523.5,3211.62,14.61
13.6384,59,17,5009.4,2814.73,1.87,2.76903,0,0,0,0,0,2,60,0,6016.98,2413.79,0
13.6478,72,22,4497.43,3012.48,2.64,-0.748588,0,0,0,0,0,2,60,0,5364.82,2674.43,0
13.6652,96,19,5399.77,2782.59,13.78,1.12825,0,0,0,0,0,2,60,0,5630.63,2566.25,0
13.6761,111,19,5370.52,2668.72,10.05,-0.377181,0,0,0,0,0,2,60,0,5548.65,2598.97,0
13.6841,122,19,5377.84,2669.27,0,0,0,0,0,0,0,2,60,0,5448.48,2932.83,12.46
13.6848,123,34,5577.56,3435.35,12.31,-1.83135,0,0,0,0,0,2,60,0,5458.59,2969.68,10.67
13.6855,124,19,5309.38,2693.01,7.1,-0.378679,0,0,0,0,0,2,60,0,5424.32,2834.42,0.68
13.6971,140,17,5026.55,2808,4.2,2.76774,0,0,0,0,0,2,60,0,0,0,0
13.7283,45,18,5224.93,2730.04,1.32,2.76236,0,0,0,0,0,2,60,0,6266.76,2319.68,12.92
13.7348,54,5,6062.5,2399.7,7.12,2.76786,0,0,0,0,0,2,60,0,5523.86,3213.03,14.61
13.7384,59,17,5009.23,2814.8,1.87,2.76903,0,0,0,0,0,2,60,0,6016.98,2413.79,0
13.7478,72,22,4497.63,3012.3,2.64,-0.748588,0,0,0,0,0,2,60,0,5364.82,2674.43,0
13.7652,96,19,5400.36,2783.84,13.78,1.12825,0,0,0,0,0,2,60,0,5630.63,2566.25,0
13.7761,111,19,5371.46,2668.35,10.05,-0.377181,0,0,0,0,0,2,60,0,5548.65,2598.97,0
13.7841,122,19,5377.84,2669.27,0,0,0,0,0,0,0,2,60,0,5448.15,2931.63,12.46
13.7848,123,34,5577.24,3434.16,12.31,-1.83135,0,0,0,0,0,2,60,0,5458.31,2968.65,10.67
13.7855,124,19,5310.04,2692.75,7.1,-0.378679,0,0,0,0,0,2,60,0,5424.35,2834.48,0.68
13.7971,140,17,5026.16,2808.15,4.2,2.76774,0,0,0,0,0,2,60,0,0,0,0
13.8283,45,18,5224.81,2730.09,1.32,2.76236,0,0,0,0,0,2,60,0,6265.56,2320.14,12.92
13.8348,54,5,6061.83,2399.96,7.12,2.76786,0,0,0,0,0,2,60,0,5524.22,3214.45,14.61
13.8384,59,17,5009.05,2814.87,1.87,2.76903,0,0,0,0,0,2,60,0,6016.98,2413.79,0
13.8478,72,22,4497.82,3012.12,2.64,-0.748588,0,0,0,0,0,2,60,0,5364.82,2674.43,0
13.8652,96,19,5400.95,2785.08,13.78,1.12825,0,0,0,0,0,2,60,0,5630.63,2566.25,0
13.8761,111,19,5372.39,2667.98,10.05,-0.377181,0,0,0,0,0,2,60,0,5548.65,2598.97,0
13.8841,122,19,5377.84,2669.27,0,0,0,0,0,0,0,2,60,0,5447.82,2930.43,12.46
13.8848,123,34,5576.93,3432.98,12.31,-1.83135,0,0,0,0,0,2,60,0,5458.02,2967.62,10.67
13.8855,124,19,5310.7,2692.49,7.1,-0.378679,0,0,0,0,0,2,60,0,5424.38,2834.54,0.68
13.8971,140,17,5025.77,2808.3,4.2,2.76774,0,0,0,0,0,2,60,0,0,0,0
13.9283,45,18,5224.68,2730.14,1.32,2.76236,0,0,0,0,0,2,60,0,6264.36,2320.61,12.92
13.9348,54,5,6061.17,2400.22,7.12,2.76786,0,0,0,0,0,2,60,0,5524.57,3215.87,14.61
13.9384,59,17,5008.88,2814.93,1.87,2.76903,0,0,0,0,0,2,60,0,6016.98,2413.79,0
13.9478,72,22,4498.01,3011.94,0,0,-26.4,0,1,6,0.2,2,60,0,5364.82,2674.43,0
13.9652,96,19,5401.54,2786.33,13.78,1.12825,0,0,0,0,0,2,60,0,5630.63,2566.25,0
13.9761,111,19,5373.32,2667.61,10.05,-0.377181,0,0,0,0,0,2,60,0,5548.65,2598.97,0
13.9841,122,19,5377.84,2669.27,0,0,0,0,0,0,0,2,60,0,5447.49,2929.22,12.46
13.9848,123,34,5576.61,3431.79,12.31,-1.83135,0,0,0,0,0,2,60,0,5457.74,2966.6,10.67
13.9855,124,19,5311.36,2692.22,7.1,-0.378679,0,0,0,0,0,2,60,0,5424.41,2834.6,0.68
13.9971,140,17,5025.38,2808.46,4.2,2.76774,0,0,0,0,0,2,60,0,0,0,0
14.0283,45,18,5224.51,2730.21,3.25,2.76337,19.3,0,1,4,0.1,2,60,0,6263.11,2321.1,14.36
14.0348,54,5,6060.51,2400.48,6.94,2.77791,-1.8,0,0,0,0,2,60,0,5524.93,3217.28,14.61
14.0384,59,17,5008.75,2814.99,0.74,2.76861,-11.3,0,1,4,0.1,2,60,0,6016.98,2413.79,0
14.0478,72,22,4498.22,3011.86,4.78,-0.375448,47.8,0,1,6,0.2,2,60,0,5364.82,2674.43,0
14.0464,70,19,5417.97,2828.49,9.8,-2.01346,3.1,0,0,0,0,2,60,0,4987.63,2822.48,0
14.0652,96,19,5402.06,2787.42,11.27,1.12859,-25.1,0,1,4,0.1,2,60,0,5630.63,2566.25,0
14.0761,111,19,5374.32,2667.22,10.94,-0.376945,8.9,0,1,4,0.1,2,60,0,5548.65,2598.97,0
14.0841,122,19,5377.84,2669.27,0,0,0,0,0,0,0,2,60,0,5447.16,2928,12.76
14.0848,123,34,5576.3,3430.61,12.19,-1.83129,-1.2,0,0,0,0,2,60,0,5457.43,2965.45,12.1
14.0855,124,19,5312.01,2691.97,6.98,-0.377578,-1.2,0,0,0,0,2,60,0,5424.42,2834.64,0.36
14.0971,140,17,5025.26,2808.5,1.2,2.76726,-30,0,1,4,0.1,2,60,0,0,0,0
14.1283,45,18,5224.21,2730.33,3.25,2.76337,0,0,0,0,0,2,60,0,6261.78,2321.62,14.36
14.1348,54,5,6059.86,2400.73,6.94,2.77791,0,0,0,0,0,2,60,0,5525.29,3218.7,14.61
14.1384,59,17,5008.68,2815.01,0.74,2.76861,0,0,0,0,0,2,60,0,6016.98,2413.79,0
14.1464,70,19,5417.55,2827.61,9.8,-2.01346,0,0,0,0,0,2,60,0,4987.63,2822.48,0
14.1478,72,22,4498.67,3011.68,4.78,-0.375448,0,0,0,0,0,2,60,0,5364.82,2674.43,0
14.1652,96,19,5402.54,2788.44,11.27,1.12859,0,0,0,0,0,2,60,0,5630.63,2566.25,0
14.1761,111,19,5375.34,2666.82,10.94,-0.376945,0,0,0,0,0,2,60,0,5548.65,2598.97,0
14.1841,122,19,5377.84,2669.27,0,0,0,0,0,0,0,2,60,0,5446.82,2926.77,12.76
14.1848,123,34,5575.98,3429.43,12.19,-1.83129,0,0,0,0,0,2,60,0,5457.11,2964.28,12.1
14.1855,124,19,5312.66,2691.71,6.98,-0.377578,0,0,0,0,0,2,60,0,5424.44,2834.67,0.36
14.1971,140,17,5025.15,2808.55,1.2,2.76726,0,0,0,0,0,2,60,0,0,0,0
14.2283,45,18,5223.91,2730.45,3.25,2.76337,0,0,0,0,0,2,60,0,6260.44,2322.15,14.36
14.2348,54,5,6059.22,2400.97,6.94,2.77791,0,0,0,0,0,2,60,0,5525.64,3220.12,14.61
14.2384,59,17,5008.61,2815.04,0.74,2.76861,0,0,0,0,0,2,60,0,6016.98,2413.79,0
14.2464,70,19,5417.13,2826.72,9.8,-2.01346,0,0,0,0,0,2,60,0,4987.63,2822.48,0
14.2478,72,22,4499.11,3011.51,4.78,-0.375448,0,0,0,0,0,2,60,0,5364.82,2674.43,0
14.2652,96,19,5403.02,2789.46,11.27,1.12859,0,0,0,0,0,2,60,0,5630.63,2566.25,0
14.2761,111,19,5376.36,2666.41,10.94,-0.376945,0,0,0,0,0,2,60,0,5548.65,2598.97,0
14.2841,122,19,5377.84,2669.27,0,0,0,0,0,0,0,2,60,0,5446.48,2925.54,12.76
14.2848,123,34,5575.67,3428.25,12.19,-1.83129,0,0,0,0,0,2,60,0,5456.79,2963.12,12.1
14.2855,124,19,5313.31,2691.45,6.98,-0.377578,0,0,0,0,0,2,60,0,5424.45,2834.7,0.36
14.2971,140,17,5025.04,2808.59,1.2,2.76726,0,0,0,0,0,2,60,0,0,0,0
14.3283,45,18,5223.6,2730.57,3.25,2.76337,0,0,0,0,0,2,60,0,6259.1,2322.67,14.36
14.3348,54,5,6058.57,2401.22,6.94,2.77791,0,0,0,0,0,2,60,0,5526,3221.53,14.61
14.3384,59,17,5008.54,2815.07,0.74,2.76861,0,0,0,0,0,2,60,0,6016.98,2413.79,0
14.3464,70,19,5416.71,2825.83,9.8,-2.01346,0,0,0,0,0,2,60,0,4987.63,2822.48,0
14.3478,72,22,4499.56,3011.33,4.78,-0.375448,0,0,0,0,0,2,60,0,5364.82,2674.43,0
14.3652,96,19,5403.51,2790.48,11.27,1.12859,0,0,0,0,0,2,60,0,5630.63,2566.25,0
14.3761,111,19,5377.37,2666.01,10.94,-0.376945,0,0,0,0,0,2,60,0,5548.65,2598.97,0
14.3841,122,19,5377.84,2669.27,0,0,0,0,0,0,0,2,60,0,5446.14,2924.31,12.76
14.3848,123,34,5575.35,3427.07,12.19,-1.83129,0,0,0,0,0,2,60,0,5456.47,2961.95,12.1
14.3855,124,19,5313.96,2691.19,6.98,-0.377578,0,0,0,0,0,2,60,0,5424.47,2834.73,0.36
14.3971,140,17,5024.93,2808.63,1.2,2.76726,0,0,0,0,0,2,60,0,0,0,0
14.4283,45,18,5223.3,2730.69,3.25,2.76337,0,0,0,0,0,2,60,0,6257.77,2323.19,14.36
14.4297,47,37,5633.29,3644.23,10.99,-1.83122,0,0,0,0,0,2,60,0,6138.34,2369.99,10.31
14.4348,54,5,6057.92,2401.47,6.94,2.77791,0,0,0,0,0,2,60,0,5526.36,3222.95,14.61
14.4384,59,17,5008.47,2815.09,0.74,2.76861,0,0,0,0,0,2,60,0,6016.98,2413.79,0
14.4464,70,19,5416.29,2824.95,9.8,-2.01346,0,0,0,0,0,2,60,0,4987.63,2822.48,0
14.4478,72,22,4500,3011.16,4.78,-0.375448,0,0,0,0,0,2,60,0,5364.82,2674.43,0
14.4652,96,19,5403.99,2791.5,11.27,1.12859,0,0,0,0,0,2,60,0,5630.63,2566.25,0
14.4761,111,19,5378.39,2665.61,10.94,-0.376945,0,0,0,0,0,2,60,0,5548.65,2598.97,0
14.4841,122,19,5377.84,2669.27,0,0,0,0,0,0,0,2,60,0,5445.81,2923.08,12.76
14.4848,123,34,5575.04,3425.89,12.19,-1.83129,0,0,0,0,0,2,60,0,5456.15,2960.78,12.1
14.4855,124,19,5314.61,2690.94,6.98,-0.377578,0,0,0,0,0,2,60,0,5424.49,2834.77,0.36
14.4971,140,17,5024.81,2808.68,1.2,2.76726,0,0,0,0,0,2,60,0,0,0,0
14.5283,45,18,5223,2730.81,3.25,2.76337,0,0,0,0,0,2,60,0,6256.43,2323.72,14.36
14.5297,47,37,5633,3643.17,10.99,-1.83122,0,0,0,0,0,2,60,0,6137.38,2370.37,10.31
14.5348,54,5,6057.27,2401.71,6.94,2.77791,0,0,0,0,0,2,60,0,5526.71,3224.37,14.61
14.5384,59,17,5008.4,2815.12,0.74,2.76861,0,0,0,0,0,2,60,0,6016.98,2413.79,0
14.5464,70,19,5415.87,2824.06,9.8,-2.01346,0,0,0,0,0,2,60,0,4987.63,2822.48,0
14.5478,72,22,4500.45,3010.98,4.78,-0.375448,0,0,0,0,0,2,60,0,5364.82,2674.43,0
14.5652,96,19,5404.47,2792.52,11.27,1.12859,0,0,0,0,0,2,60,0,5630.63,2566.25,0
14.5761,111,19,5379.41,2665.2,10.94,-0.376945,0,0,0,0,0,2,60,0,5548.65,2598.97,0
14.5841,122,19,5377.84,2669.27,0,0,0,0,0,0,0,2,60,0,5445.47,2921.85,12.76
14.5848,123,34,5574.73,3424.72,12.19,-1.83129,0,0,0,0,0,2,60,0,5455.83,2959.61,12.1
14.5855,124,19,5315.26,2690.68,6.98,-0.377578,0,0,0,0,0,2,60,0,5424.5,2834.8,0.36
14.5971,140,17,5024.7,2808.72,1.2,2.76726,0,0,0,0,0,2,60,0,0,0,0
14.6283,45,18,5222.7,2730.93,3.25,2.76337,0,0,0,0,0,2,60,0,6255.09,2324.24,14.36
14.6297,47,37,5632.72,3642.11,10.99,-1.83122,0,0,0,0,0,2,60,0,6136.42,2370.74,10.31
14.6348,54,5,6056.62,2401.96,6.94,2.77791,0,0,0,0,0,2,60,0,5527.07,3225.78,14.61
14.6384,59,17,5008.33,2815.15,0.74,2.76861,0,0,0,0,0,2,60,0,6016.98,2413.79,0
14.6464,70,19,5415.45,2823.18,9.8,-2.01346,0,0,0,0,0,2,60,0,4987.63,2822.48,0
14.6478,72,22,4500.89,3010.8,4.78,-0.375448,0,0,0,0,0,2,60,0,5364.82,2674.43,0
14.6652,96,19,5404.95,2793.54,11.27,1.12859,0,0,0,0,0,2,60,0,5630.63,2566.25,0
14.6761,111,19,5380.43,2664.8,10.94,-0.376945,0,0,0,0,0,2,60,0,5548.65,2598.97,0
14.6841,122,19,5377.84,2669.27,0,0,0,0,0,0,0,2,60,0,5445.13,2920.62,12.76
14.6848,123,34,5574.41,3423.54,12.19,-1.83129,0,0,0,0,0,2,60,0,5455.51,2958.45,12.1
14.6855,124,19,5315.9,2690.42,6.98,-0.377578,0,0,0,0,0,2,60,0,5424.52,2834.83,0.36
14.6971,140,17,5024.59,2808.77,1.2,2.76726,0,0,0,0,0,2,60,0,0,0,0
14.7283,45,18,5222.4,2731.05,3.25,2.76337,0,0,0,0,0,2,60,0,6253.76,2324.77,14.36
14.7297,47,37,5632.44,3641.05,10.99,-1.83122,0,0,0,0,0,2,60,0,6135.46,2371.12,10.31
14.7348,54,5,6055.97,2402.21,6.94,2.77791,0,0,0,0,0,2,60,0,5527.43,3227.2,14.61
14.7384,59,17,5008.26,2815.17,0.74,2.76861,0,0,0,0,0,2,60,0,6016.98,2413.79,0
14.7464,70,19,5415.03,2822.29,9.8,-2.01346,0,0,0,0,0,2,60,0,4987.63,2822.48,0
14.7478,72,22,4501.34,3010.63,4.78,-0.375448,0,0,0,0,0,2,60,0,5364.82,2674.43,0
14.7652,96,19,5405.44,2794.55,11.27,1.12859,0,0,0,0,0,2,60,0,5630.63,2566.25,0
14.7761,111,19,5381.44,2664.4,10.94,-0.376945,0,0,0,0,0,2,60,0,5548.65,2598.97,0
14.7841,122,19,5377.84,2669.27,0,0,0,0,0,0,0,2,60,0,5444.79,2919.39,12.76
14.7848,123,34,5574.1,3422.36,12.19,-1.83129,0,0,0,0,0,2,60,0,5455.19,2957.28,12.1
14.7855,124,19,5316.55,2690.16,6.98,-0.377578,0,0,0,0,0,2,60,0,5424.53,2834.86,0.36
14.7971,140,17,5024.48,2808.81,1.2,2.76726,0,0,0,0,0,2,60,0,0,0,0
14.8283,45,18,5222.09,2731.17,3.25,2.76337,0,0,0,0,0,2,60,0,6252.42,2325.29,14.36
14.8297,47,37,5632.15,3639.98,10.99,-1.83122,0,0,0,0,0,2,60,0,6134.5,2371.5,10.31
14.8348,54,5,6055.32,2402.45,6.94,2.77791,0,0,0,0,0,2,60,0,5527.78,3228.62,14.61
14.8384,59,17,5008.19,2815.2,0.74,2.76861,0,0,0,0,0,2,60,0,6016.98,2413.79,0
14.8464,70,19,5414.61,2821.41,9.8,-2.01346,0,0,0,0,0,2,60,0,4987.63,2822.48,0
14.8478,72,22,4501.78,3010.45,4.78,-0.375448,0,0,0,0,0,2,60,0,5364.82,2674.43,0
14.8652,96,19,5405.92,2795.57,11.27,1.12859,0,0,0,0,0,2,60,0,5630.63,2566.25,0
14.8761,111,19,5382.46,2664,10.94,-0.376945,0,0,0,0,0,2,60,0,5548.65,2598.97,0
14.8841,122,19,5377.84,2669.27,0,0,0,0,0,0,0,2,60,0,5444.45,2918.16,12.76
14.8848,123,34,5573.78,3421.18,12.19,-1.83129,0,0,0,0,0,2,60,0,5454.87,2956.11,12.1
14.8855,124,19,5317.2,2689.91,6.98,-0.377578,0,0,0,0,0,2,60,0,5424.55,2834.9,0.36
14.8971,140,17,5024.37,2808.85,1.2,2.76726,0,0,0,0,0,2,60,0,0,0,0
14.9283,45,18,5221.79,2731.29,3.25,2.76337,0,0,0,0,0,2,60,0,6251.08,2325.82,14.36
14.9297,47,37,5631.87,3638.92,10.99,-1.83122,0,0,0,0,0,2,60,0,6133.54,2371.87,10.31
14.9348,54,5,6054.68,2402.7,6.94,2.77791,0,0,0,0,0,2,60,0,5528.14,3230.03,14.61
14.9384,59,17,5008.13,2815.23,0.74,2.76861,0,0,0,0,0,2,60,0,6016.98,2413.79,0
14.9464,70,19,5414.19,2820.52,9.8,-2.01346,0,0,0,0,0,2,60,0,4987.63,2822.48,0
14.9478,72,22,4502.23,3010.28,4.78,-0.375448,0,0,0,0,0,2,60,0,5364.82,2674.43,0
14.9652,96,19,5406.4,2796.59,11.27,1.12859,0,0,0,0,0,2,60,0,5630.63,2566.25,0
14.9761,111,19,5383.48,2663.59,10.94,-0.376945,0,0,0,0,0,2,60,0,5548.65,2598.97,0
14.9841,122,19,5377.84,2669.27,0,0,0,0,0,0,0,2,60,0,5444.12,2916.92,12.76
14.9848,123,34,5573.47,3420.01,12.19,-1.83129,0,0,0,0,0,2,60,0,5454.55,2954.95,12.1
14.9855,124,19,5317.85,2689.65,6.98,-0.377578,0,0,0,0,0,2,60,0,5424.56,2834.93,0.36
14.9971,140,17,5024.26,2808.9,1.2,2.76726,0,0,0,0,0,2,60,0,0,0,0
15.0283,45,18,5221.45,2731.42,4.86,2.76452,16.1,0,1,4,0.1,2,60,0,6249.71,2326.35,15.72
15.0297,47,37,5631.59,3637.86,11.08,-1.83175,0.9,0,0,0,0,2,60,0,6132.57,2372.25,10.35
15.0348,54,5,6054,2402.96,7.74,2.78673,8,0,1,4,0.1,2,60,0,5528.5,3231.47,15.28
15.0384,59,17,5008.06,2815.25,0.7,2.75597,-0.4,0,0,0,0,2,60,0,6016.98,2413.79,0
15.0464,70,19,5413.73,2819.54,11.97,-2.01277,21.7,0,1,4,0.1,2,60,0,4987.63,2822.48,0
15.0478,72,22,4502.74,3010.08,6.43,-0.372421,16.5,0,1,4,0.1,2,60,0,5364.82,2674.43,0
15.0652,96,19,5406.8,2797.44,8.32,1.12757,-29.5,0,1,4,0.1,2,60,0,5630.63,2566.25,0
15.0761,111,19,5384.55,2663.17,11.72,-0.377652,7.8,0,1,4,0.1,2,60,0,5548.65,2598.97,0
15.0841,122,19,5377.84,2669.27,0,0,0,0,0,0,0,2,60,0,5443.8,2915.76,11.95
15.0848,123,34,5573.14,3418.78,12.72,-1.8316,5.3,0,1,4,0.1,2,60,0,5454.22,2953.75,12.49
15.0855,124,19,5318.31,2689.46,4.65,-0.378907,-23.3,0,1,4,0.1,2,60,0,5424.58,2834.97,0.47
15.0971,140,17,5024.11,2808.96,1.61,2.76685,4.1,0,1,4,0.1,2,60,0,0,0,0
15.1283,45,18,5221,2731.6,4.86,2.76452,0,0,0,0,0,2,60,0,6248.25,2326.93,15.72
15.1297,47,37,5631.3,3636.79,11.08,-1.83175,0,0,0,0,0,2,60,0,6131.61,2372.63,10.35
15.1348,54,5,6053.27,2403.22,7.74,2.78673,0,0,0,0,0,2,60,0,5528.88,3232.95,15.28
15.1384,59,17,5007.99,2815.28,0.7,2.75597,0,0,0,0,0,2,60,0,6016.98,2413.79,0
15.1464,70,19,5413.21,2818.46,11.97,-2.01277,0,0,0,0,0,2,60,0,4987.63,2822.48,0
15.1478,72,22,4503.34,3009.84,6.43,-0.372421,0,0,0,0,0,2,60,0,5364.82,2674.43,0
15.1652,96,19,5407.16,2798.19,8.32,1.12757,0,0,0,0,0,2,60,0,5630.63,2566.25,0
15.1761,111,19,5385.64,2662.74,11.72,-0.377652,0,0,0,0,0,2,60,0,5548.65,2598.97,0
15.1841,122,19,5377.84,2669.27,0,0,0,0,0,0,0,2,60,0,5443.48,2914.61,11.95
15.1848,123,34,5572.82,3417.56,12.72,-1.8316,0,0,0,0,0,2,60,0,5453.89,2952.54,12.49
15.1855,124,19,5318.75,2689.29,4.65,-0.378907,0,0,0,0,0,2,60,0,5424.6,2835.01,0.47
15.1971,140,17,5023.96,2809.01,1.61,2.76685,0,0,0,0,0,2,60,0,0,0,0
15.2283,45,18,5220.54,2731.78,4.86,2.76452,0,0,0,0,0,2,60,0,6246.79,2327.5,15.72
15.2297,47,37,5631.01,3635.72,11.08,-1.83175,0,0,0,0,0,2,60,0,6130.65,2373,10.35
15.2348,54,5,6052.55,2403.49,7.74,2.78673,0,0,0,0,0,2,60,0,5529.25,3234.44,15.28
15.2384,59,17,5007.93,2815.31,0.7,2.75597,0,0,0,0,0,2,60,0,6016.98,2413.79,0
15.2464,70,19,5412.7,2817.38,11.97,-2.01277,0,0,0,0,0,2,60,0,4987.63,2822.48,0
15.2478,72,22,4503.93,3009.61,6.43,-0.372421,0,0,0,0,0,2,60,0,5364.82,2674.43,0
15.2652,96,19,5407.51,2798.94,8.32,1.12757,0,0,0,0,0,2,60,0,5630.63,2566.25,0
15.2761,111,19,5386.73,2662.3,11.72,-0.377652,0,0,0,0,0,2,60,0,5548.65,2598.97,0
15.2841,122,19,5377.84,2669.27,0,0,0,0,0,0,0,2,60,0,5443.16,2913.46,11.95
15.2848,123,34,5572.49,3416.33,12.72,-1.8316,0,0,0,0,0,2,60,0,5453.56,2951.34,12.49
15.2855,124,19,5319.18,2689.12,4.65,-0.378907,0,0,0,0,0,2,60,0,5424.62,2835.06,0.47
15.2971,140,17,5023.81,2809.07,1.61,2.76685,0,0,0,0,0,2,60,0,0,0,0
15.3283,45,18,5220.09,2731.96,4.86,2.76452,0,0,0,0,0,2,60,0,6245.32,2328.07,15.72
15.3297,47,37,5630.73,3634.65,11.08,-1.83175,0,0,0,0,0,2,60,0,6129.68,2373.38,10.35
15.3348,54,5,6051.82,2403.76,7.74,2.78673,0,0,0,0,0,2,60,0,5529.63,3235.92,15.28
15.3384,59,17,5007.86,2815.33,0.7,2.75597,0,0,0,0,0,2,60,0,6016.98,2413.79,0
15.3464,70,19,5412.19,2816.3,11.97,-2.01277,0,0,0,0,0,2,60,0,4987.63,2822.48,0
15.3478,72,22,4504.53,3009.38,6.43,-0.372421,0,0,0,0,0,2,60,0,5364.82,2674.43,0
15.3652,96,19,5407.87,2799.69,8.32,1.12757,0,0,0,0,0,2,60,0,5630.63,2566.25,0
15.3761,111,19,5387.82,2661.87,11.72,-0.377652,0,0,0,0,0,2,60,0,5548.65,2598.97,0
15.3841,122,19,5377.84,2669.27,0,0,0,0,0,0,0,2,60,0,5442.85,2912.3,11.95
15.3848,123,34,5572.16,3415.1,12.72,-1.8316,0,0,0,0,0,2,60,0,5453.23,2950.13,12.49
15.3855,124,19,5319.61,2688.95,4.65,-0.378907,0,0,0,0,0,2,60,0,5424.64,2835.1,0.47
15.3971,140,17,5023.66,2809.13,1.61,2.76685,0,0,0,0,0,2,60,0,0,0,0
15.4283,45,18,5219.64,2732.14,4.86,2.76452,0,0,0,0,0,2,60,0,6243.86,2328.65,15.72
15.4297,47,37,5630.44,3633.58,11.08,-1.83175,0,0,0,0,0,2,60,0,6128.72,2373.76,10.35
15.4348,54,5,6051.1,2404.03,7.74,2.78673,0,0,0,0,0,2,60,0,5530,3237.4,15.28
15.4384,59,17,5007.8,2815.36,0.7,2.75597,0,0,0,0,0,2,60,0,6016.98,2413.79,0
15.4464,70,19,5411.68,2815.22,11.97,-2.01277,0,0,0,0,0,2,60,0,4987.63,2822.48,0
15.4478,72,22,4505.13,3009.14,6.43,-0.372421,0,0,0,0,0,2,60,0,5364.82,2674.43,0
15.4652,96,19,5408.23,2800.44,8.32,1.12757,0,0,0,0,0,2,60,0,5630.63,2566.25,0
15.4761,111,19,5388.91,2661.44,11.72,-0.377652,0,0,0,0,0,2,60,0,5548.65,2598.97,0
15.4841,122,19,5377.84,2669.27,0,0,0,0,0,0,0,2,60,0,5442.53,2911.15,11.95
15.4848,123,34,5571.83,3413.87,12.72,-1.8316,0,0,0,0,0,2,60,0,5452.9,2948.93,12.49
15.4855,124,19,5320.04,2688.78,4.65,-0.378907,0,0,0,0,0,2,60,0,5424.67,2835.14,0.47
15.4971,140,17,5023.51,2809.19,1.61,2.76685,0,0,0,0,0,2,60,0,0,0,0
15.5283,45,18,5219.19,2732.32,4.86,2.76452,0,0,0,0,0,2,60,0,6242.4,2329.22,15.72
15.5297,47,37,5630.16,3632.5,11.08,-1.83175,0,0,0,0,0,2,60,0,6127.76,2374.13,10.35
15.5384,59,17,5007.73,2815.39,0.7,2.75597,0,0,0,0,0,2,60,0,6016.98,2413.79,0
15.5464,70,19,5411.17,2814.13,11.97,-2.01277,0,0,0,0,0,2,60,0,4987.63,2822.48,0
15.5478,72,22,4505.73,3008.91,6.43,-0.372421,0,0,0,0,0,2,60,0,5364.82,2674.43,0
15.5652,96,19,5408.59,2801.19,8.32,1.12757,0,0,0,0,0,2,60,0,5630.63,2566.25,0
15.5761,111,19,5390,2661.01,11.72,-0.377652,0,0,0,0,0,2,60,0,5548.65,2598.97,0
15.5841,122,19,5377.84,2669.27,0,0,0,0,0,0,0,2,60,0,5442.22,2910,11.95
15.5848,123,34,5571.5,3412.64,12.72,-1.8316,0,0,0,0,0,2,60,0,5452.57,2947.73,12.49
15.5855,124,19,5320.47,2688.6,4.65,-0.378907,0,0,0,0,0,2,60,0,5424.69,2835.18,0.47
15.5971,140,17,5023.36,2809.25,1.61,2.76685,0,0,0,0,0,2,60,0,0,0,0
15.6283,45,18,5218.74,2732.5,4.86,2.76452,0,0,0,0,0,2,60,0,6240.93,2329.8,15.72
15.6297,47,37,5629.87,3631.43,11.08,-1.83175,0,0,0,0,0,2,60,0,6126.79,2374.51,10.35
15.6384,59,17,5007.67,2815.41,0.7,2.75597,0,0,0,0,0,2,60,0,6016.98,2413.79,0
15.6464,70,19,5410.65,2813.05,11.97,-2.01277,0,0,0,0,0,2,60,0,4987.63,2822.48,0
15.6478,72,22,4506.33,3008.67,6.43,-0.372421,0,0,0,0,0,2,60,0,5364.82,2674.43,0
15.6652,96,19,5408.94,2801.95,8.32,1.12757,0,0,0,0,0,2,60,0,5630.63,2566.25,0
15.6761,111,19,5391.09,2660.58,11.72,-0.377652,0,0,0,0,0,2,60,0,5548.65,2598.97,0
15.6841,122,19,5377.84,2669.27,0,0,0,0,0,0,0,2,60,0,5441.9,2908.85,11.95
15.6848,123,34,5571.18,3411.41,12.72,-1.8316,0,0,0,0,0,2,60,0,5452.24,2946.52,12.49
15.6855,124,19,5320.91,2688.43,4.65,-0.378907,0,0,0,0,0,2,60,0,5424.71,2835.22,0.47
15.6971,140,17,5023.21,2809.31,1.61,2.76685,0,0,0,0,0,2,60,0,0,0,0
15.7283,45,18,5218.28,2732.68,4.86,2.76452,0,0,0,0,0,2,60,0,6239.47,2330.37,15.72
15.7297,47,37,5629.59,3630.36,11.08,-1.83175,0,0,0,0,0,2,60,0,6125.83,2374.89,10.35
15.7384,59,17,5007.6,2815.44,0.7,2.75597,0,0,0,0,0,2,60,0,6016.98,2413.79,0
15.7464,70,19,5410.14,2811.97,11.97,-2.01277,0,0,0,0,0,2,60,0,4987.63,2822.48,0
15.7478,72,22,4506.93,3008.44,6.43,-0.372421,0,0,0,0,0,2,60,0,5364.82,2674.43,0
15.7652,96,19,5409.3,2802.7,8.32,1.12757,0,0,0,0,0,2,60,0,5630.63,2566.25,0
15.7761,111,19,5392.18,2660.14,11.72,-0.377652,0,0,0,0,0,2,60,0,5548.65,2598.97,0
15.7841,122,19,5377.84,2669.27,0,0,0,0,0,0,0,2,60,0,5441.58,2907.69,11.95
15.7848,123,34,5570.85,3410.18,12.72,-1.8316,0,0,0,0,0,2,60,0,5451.91,2945.32,12.49
15.7855,124,19,5321.34,2688.26,4.65,-0.378907,0,0,0,0,0,2,60,0,5424.73,2835.27,0.47
15.7971,140,17,5023.06,2809.37,1.61,2.76685,0,0,0,0,0,2,60,0,0,0,0
15.8283,45,18,5217.83,2732.86,4.86,2.76452,0,0,0,0,0,2,60,0,6238.01,2330.94,15.72
15.8297,47,37,5629.3,3629.29,11.08,-1.83175,0,0,0,0,0,2,60,0,6124.86,2375.27,10.35
15.8384,59,17,5007.54,2815.47,0.7,2.75597,0,0,0,0,0,2,60,0,6016.98,2413.79,0
15.8464,70,19,5409.63,2810.89,11.97,-2.01277,0,0,0,0,0,2,60,0,4987.63,2822.48,0
15.8478,72,22,4507.53,3008.21,6.43,-0.372421,0,0,0,0,0,2,60,0,5364.82,2674.43,0
15.8652,96,19,5409.66,2803.45,8.32,1.12757,0,0,0,0,0,2,60,0,5630.63,2566.25,0
15.8761,111,19,5393.26,2659.71,11.72,-0.377652,0,0,0,0,0,2,60,0,5548.65,2598.97,0
15.8841,122,19,5377.84,2669.27,0,0,0,0,0,0,0,2,60,0,5441.27,2906.54,11.95
15.8848,123,34,5570.52,3408.95,12.72,-1.8316,0,0,0,0,0,2,60,0,5451.58,2944.11,12.49
15.8855,124,19,5321.77,2688.09,4.65,-0.378907,0,0,0,0,0,2,60,0,5424.75,2835.31,0.47
15.8971,140,17,5022.91,2809.43,1.61,2.76685,0,0,0,0,0,2,60,0,0,0,0
15.9283,45,18,5217.38,2733.03,4.86,2.76452,0,0,0,0,0,2,60,0,6236.54,2331.52,15.72
15.9297,47,37,5629.01,3628.22,11.08,-1.83175,0,0,0,0,0,2,60,0,6123.9,2375.64,10.35
15.9384,59,17,5007.47,2815.49,0.7,2.75597,0,0,0,0,0,2,60,0,6016.98,2413.79,0
15.9464,70,19,5409.12,2809.81,11.97,-2.01277,0,0,0,0,0,2,60,0,4987.63,2822.48,0
15.9478,72,22,4508.13,3007.97,6.43,-0.372421,0,0,0,0,0,2,60,0,5364.82,2674.43,0
15.9652,96,19,5410.01,2804.2,8.32,1.12757,0,0,0,0,0,2,60,0,5630.63,2566.25,0
15.9761,111,19,5394.35,2659.28,11.72,-0.377652,0,0,0,0,0,2,60,0,5548.65,2598.97,0
15.9841,122,19,5377.84,2669.27,0,0,0,0,0,0,0,2,60,0,5440.95,2905.39,11.95
15.9848,123,34,5570.19,3407.72,12.72,-1.8316,0,0,0,0,0,2,60,0,5451.25,2942.91,12.49
15.9855,124,19,5322.2,2687.92,4.65,-0.378907,0,0,0,0,0,2,60,0,5424.77,2835.35,0.47
15.9971,140,17,5022.76,2809.49,1.61,2.76685,0,0,0,0,0,2,60,0,0,0,0
16.0283,45,18,5217.04,2733.17,0,0,-48.6,0,1,6,0.2,2,60,0,6235.49,2331.93,0
16.0297,47,37,5628.81,3627.46,0,0,-110.8,0,1,6,0.2,2,60,0,6123.22,2375.91,0
16.0384,59,17,5007.43,2815.51,0,0,-7,0,1,6,0.2,2,60,0,6016.98,2413.79,0
16.0464,70,19,5408.84,2809.22,0,0,-119.7,0,1,134,0.3,2,60,0,4987.63,2822.48,0
16.0478,72,22,4508.44,3007.85,0,0,-64.3,0,1,6,0.2,2,60,0,5364.82,2674.43,0
16.0652,96,19,5410.14,2804.47,0,0,-83.2,0,1,6,0.2,2,60,0,5630.63,2566.25,0
16.0761,111,19,5394.63,2659.17,0,0,-117.2,0,1,6,0.2,2,60,0,5548.65,2598.97,0
16.0841,122,19,5377.84,2669.27,0,0,0,0,0,0,0,2,60,0,5440.9,2905.2,0
16.0848,123,34,5570.14,3407.53,0,0,-127.2,0,1,6,0.2,2,60,0,5451.2,2942.73,0
16.0855,124,19,5322.27,2687.89,0,0,-46.5,0,1,6,0.2,2,60,0,5424.77,2835.36,0
16.0971,140,17,5022.75,2809.49,0,0,-16.1,0,1,6,0.2,2,60,0,0,0,0
16.1283,45,18,5217.04,2733.17,0,0,0,0,0,0,0,2,60,0,6235.49,2331.93,0
16.1297,47,37,5628.81,3627.46,0,0,0,0,0,0,0,2,60,0,6123.22,2375.91,0
16.1384,59,17,5007.43,2815.51,0,0,0,0,0,0,0,2,60,0,6016.98,2413.79,0
16.1464,70,19,5408.84,2809.22,0,0,0,0,0,0,0,2,60,0,4987.63,2822.48,0
16.1478,72,22,4508.44,3007.85,0,0,0,0,0,0,0,2,60,0,5364.82,2674.43,0
16.1652,96,19,5410.14,2804.47,0,0,0,0,0,0,0,2,60,0,5630.63,2566.25,0
16.1761,111,19,5394.63,2659.17,0,0,0,0,0,0,0,2,60,0,5548.65,2598.97,0
16.1841,122,19,5377.84,2669.27,0,0,0,0,0,0,0,2,60,0,5440.9,2905.2,0
16.1848,123,34,5570.14,3407.53,0,0,0,0,0,0,0,2,60,0,5451.2,2942.73,0
16.1855,124,19,5322.27,2687.89,0,0,0,0,0,0,0,2,60,0,5424.77,2835.36,0
16.1971,140,17,5022.75,2809.49,0,0,0,0,0,0,0,2,60,0,0,0,0
16.2283,45,18,5217.04,2733.17,0,0,0,0,0,0,0,2,60,0,6235.49,2331.93,0
16.2297,47,37,5628.81,3627.46,0,0,0,0,0,0,0,2,60,0,6123.22,2375.91,0
16.2384,59,17,5007.43,2815.51,0,0,0,0,0,0,0,2,60,0,6016.98,2413.79,0
16.2464,70,19,5408.84,2809.22,0,0,0,0,0,0,0,2,60,0,4987.63,2822.48,0
16.2478,72,22,4508.44,3007.85,0,0,0,0,0,0,0,2,60,0,5364.82,2674.43,0
16.2652,96,19,5410.14,2804.47,0,0,0,0,0,0,0,2,60,0,5630.63,2566.25,0
16.2761,111,19,5394.63,2659.17,0,0,0,0,0,0,0,2,60,0,5548.65,2598.97,0
16.2841,122,19,5377.84,2669.27,0,0,0,0,0,0,0,2,60,0,5440.9,2905.2,0
16.2848,123,34,5570.14,3407.53,0,0,0,0,0,0,0,2,60,0,5451.2,2942.73,0
16.2855,124,19,5322.27,2687.89,0,0,0,0,0,0,0,2,60,0,5424.77,2835.36,0
16.2971,140,17,5022.75,2809.49,0,0,0,0,0,0,0,2,60,0,0,0,0
16.3283,45,18,5217.04,2733.17,0,0,0,0,0,0,0,2,60,0,6235.49,2331.93,0
16.3297,47,37,5628.81,3627.46,0,0,0,0,0,0,0,2,60,0,6123.22,2375.91,0
16.3384,59,17,5007.43,2815.51,0,0,0,0,0,0,0,2,60,0,6016.98,2413.79,0
16.3464,70,19,5408.84,2809.22,0,0,0,0,0,0,0,2,60,0,4987.63,2822.48,0
16.3478,72,22,4508.44,3007.85,0,0,0,0,0,0,0,2,60,0,5364.82,2674.43,0
16.3652,96,19,5410.14,2804.47,0,0,0,0,0,0,0,2,60,0,5630.63,2566.25,0
16.3761,111,19,5394.63,2659.17,0,0,0,0,0,0,0,2,60,0,5548.65,2598.97,0
16.3841,122,19,5377.84,2669.27,0,0,0,0,0,0,0,2,60,0,5440.9,2905.2,0
16.3848,123,34,5570.14,3407.53,0,0,0,0,0,0,0,2,60,0,5451.2,2942.73,0
16.3855,124,19,5322.27,2687.89,0,0,0,0,0,0,0,2,60,0,5424.77,2835.36,0
16.3971,140,17,5022.75,2809.49,0,0,0,0,0,0,0,2,60,0,0,0,0
16.4283,45,18,5217.04,2733.17,0,0,0,0,0,0,0,2,60,0,6235.49,2331.93,0
16.4297,47,37,5628.81,3627.46,0,0,0,0,0,0,0,2,60,0,6123.22,2375.91,0
16.4384,59,17,5007.43,2815.51,0,0,0,0,0,0,0,2,60,0,6016.98,2413.79,0
16.4464,70,19,5408.84,2809.22,0,0,0,0,0,0,0,2,60,0,4987.63,2822.48,0
16.4478,72,22,4508.44,3007.85,0,0,0,0,0,0,0,2,60,0,5364.82,2674.43,0
16.4652,96,19,5410.14,2804.47,0,0,0,0,0,0,0,2,60,0,5630.63,2566.25,0
16.4761,111,19,5394.63,2659.17,0,0,0,0,0,0,0,2,60,0,5548.65,2598.97,0
16.4841,122,19,5377.84,2669.27,0,0,0,0,0,0,0,2,60,0,5440.9,2905.2,0
16.4848,123,34,5570.14,3407.53,0,0,0,0,0,0,0,2,60,0,5451.2,2942.73,0
16.4855,124,19,5322.27,2687.89,0,0,0,0,0,0,0,2,60,0,5424.77,2835.36,0
16.4971,140,17,5022.75,2809.49,0,0,0,0,0,0,0,2,60,0,0,0,0
16.5283,45,18,5217.04,2733.17,0,0,0,0,0,0,0,2,60,0,6235.49,2331.93,0
16.5297,47,37,5628.81,3627.46,0,0,0,0,0,0,0,2,60,0,6123.22,2375.91,0
16.5384,59,17,5007.43,2815.51,0,0,0,0,0,0,0,2,60,0,6016.98,2413.79,0
16.5464,70,19,5408.84,2809.22,0,0,0,0,0,0,0,2,60,0,4987.63,2822.48,0
16.5478,72,22,4508.44,3007.85,0,0,0,0,0,0,0,2,60,0,5364.82,2674.43,0
16.5652,96,19,5410.14,2804.47,0,0,0,0,0,0,0,2,60,0,5630.63,2566.25,0
16.5761,111,19,5394.63,2659.17,0,0,0,0,0,0,0,2,60,0,5548.65,2598.97,0
16.5841,122,19,5377.84,2669.27,0,0,0,0,0,0,0,2,60,0,5440.9,2905.2,0
16.5848,123,34,5570.14,3407.53,0,0,0,0,0,0,0,2,60,0,5451.2,2942.73,0
16.5855,124,19,5322.27,2687.89,0,0,0,0,0,0,0,2,60,0,5424.77,2835.36,0
16.5971,140,17,5022.75,2809.49,0,0,0,0,0,0,0,2,60,0,0,0,0
16.6283,45,18,5217.04,2733.17,0,0,0,0,0,0,0,2,60,0,6235.49,2331.93,0
16.6297,47,37,5628.81,3627.46,0,0,0,0,0,0,0,2,60,0,6123.22,2375.91,0
16.6384,59,17,5007.43,2815.51,0,0,0,0,0,0,0,2,60,0,6016.98,2413.79,0
16.6464,70,19,5408.84,2809.22,0,0,0,0,0,0,0,2,60,0,4987.63,2822.48,0
16.6478,72,22,4508.44,3007.85,0,0,0,0,0,0,0,2,60,0,5364.82,2674.43,0
16.6652,96,19,5410.14,2804.47,0,0,0,0,0,0,0,2,60,0,5630.63,2566.25,0
16.6761,111,19,5394.63,2659.17,0,0,0,0,0,0,0,2,60,0,5548.65,2598.97,0
16.6841,122,19,5377.84,2669.27,0,0,0,0,0,0,0,2,60,0,5440.9,2905.2,0
16.6848,123,34,5570.14,3407.53,0,0,0,0,0,0,0,2,60,0,5451.2,2942.73,0
16.6855,124,19,5322.27,2687.89,0,0,0,0,0,0,0,2,60,0,5424.77,2835.36,0
16.6971,140,17,5022.75,2809.49,0,0,0,0,0,0,0,2,60,0,0,0,0
16.7283,45,18,5217.04,2733.17,0,0,0,0,0,0,0,2,60,0,6235.49,2331.93,0
16.7297,47,37,5628.81,3627.46,0,0,0,0,0,0,0,2,60,0,6123.22,2375.91,0
16.7384,59,17,5007.43,2815.51,0,0,0,0,0,0,0,2,60,0,6016.98,2413.79,0
16.7464,70,19,5408.84,2809.22,0,0,0,0,0,0,0,2,60,0,4987.63,2822.48,0
16.7478,72,22,4508.44,3007.85,0,0,0,0,0,0,0,2,60,0,5364.82,2674.43,0
16.7652,96,19,5410.14,2804.47,0,0,0,0,0,0,0,2,60,0,5630.63,2566.25,0
16.7761,111,19,5394.63,2659.17,0,0,0,0,0,0,0,2,60,0,5548.65,2598.97,0
16.7841,122,19,5377.84,2669.27,0,0,0,0,0,0,0,2,60,0,5440.9,2905.2,0
16.7848,123,34,5570.14,3407.53,0,0,0,0,0,0,0,2,60,0,5451.2,2942.73,0
16.7855,124,19,5322.27,2687.89,0,0,0,0,0,0,0,2,60,0,5424.77,2835.36,0
16.7971,140,17,5022.75,2809.49,0,0,0,0,0,0,0,2,60,0,0,0,0
16.8283,45,18,5217.04,2733.17,0,0,0,0,0,0,0,2,60,0,6235.49,2331.93,0
16.8297,47,37,5628.81,3627.46,0,0,0,0,0,0,0,2,60,0,6123.22,2375.91,0
16.8384,59,17,5007.43,2815.51,0,0,0,0,0,0,0,2,60,0,6016.98,2413.79,0
16.8464,70,19,5408.84,2809.22,0,0,0,0,0,0,0,2,60,0,4987.63,2822.48,0
16.8478,72,22,4508.44,3007.85,0,0,0,0,0,0,0,2,60,0,5364.82,2674.43,0
16.8652,96,19,5410.14,2804.47,0,0,0,0,0,0,0,2,60,0,5630.63,2566.25,0
16.8761,111,19,5394.63,2659.17,0,0,0,0,0,0,0,2,60,0,5548.65,2598.97,0
16.8841,122,19,5377.84,2669.27,0,0,0,0,0,0,0,2,60,0,5440.9,2905.2,0
16.8848,123,34,5570.14,3407.53,0,0,0,0,0,0,0,2,60,0,5451.2,2942.73,0
16.8855,124,19,5322.27,2687.89,0,0,0,0,0,0,0,2,60,0,5424.77,2835.36,0
16.8971,140,17,5022.75,2809.49,0,0,0,0,0,0,0,2,60,0,0,0,0
16.9283,45,18,5217.04,2733.17,0,0,0,0,0,0,0,2,60,0,6235.49,2331.93,0
16.9297,47,37,5628.81,3627.46,0,0,0,0,0,0,0,2,60,0,6123.22,2375.91,0
16.9384,59,17,5007.43,2815.51,0,0,0,0,0,0,0,2,60,0,6016.98,2413.79,0
16.9464,70,19,5408.84,2809.22,0,0,0,0,0,0,0,2,60,0,4987.63,2822.48,0
16.9478,72,22,4508.44,3007.85,0,0,0,0,0,0,0,2,60,0,5364.82,2674.43,0
16.9652,96,19,5410.14,2804.47,0,0,0,0,0,0,0,2,60,0,5630.63,2566.25,0
16.9761,111,19,5394.63,2659.17,0,0,0,0,0,0,0,2,60,0,5548.65,2598.97,0
16.9841,122,19,5377.84,2669.27,0,0,0,0,0,0,0,2,60,0,5440.9,2905.2,0
16.9848,123,34,5570.14,3407.53,0,0,0,0,0,0,0,2,60,0,5451.2,2942.73,0
16.9855,124,19,5322.27,2687.89,0,0,0,0,0,0,0,2,60,0,5424.77,2835.36,0
16.9971,140,17,5022.75,2809.49,0,0,0,0,0,0,0,2,60,0,0,0,0
17.0283,45,18,5217.04,2733.17,0,0,0,0,0,0,0,2,60,0,6235.49,2331.93,0
17.0297,47,37,5628.81,3627.46,0,0,0,0,0,0,0,2,60,0,6123.22,2375.91,0
17.0384,59,17,5007.43,2815.51,0,0,0,0,0,0,0,2,60,0,6016.98,2413.79,0
17.0464,70,19,5408.84,2809.22,0,0,0,0,0,0,0,2,60,0,4987.63,2822.48,0
17.0478,72,22,4508.44,3007.85,0,0,0,0,0,0,0,2,60,0,5364.82,2674.43,0
17.0652,96,19,5410.14,2804.47,0,0,0,0,0,0,0,2,60,0,5630.63,2566.25,0
17.0761,111,19,5394.63,2659.17,0,0,0,0,0,0,0,2,60,0,5548.65,2598.97,0
17.0841,122,19,5377.84,2669.27,0,0,0,0,0,0,0,2,60,0,5440.9,2905.2,0
17.0848,123,34,5570.14,3407.53,0,0,0,0,0,0,0,2,60,0,5451.2,2942.73,0
17.0855,124,19,5322.27,2687.89,0,0,0,0,0,0,0,2,60,0,5424.77,2835.36,0
17.0971,140,17,5022.75,2809.49,0,0,0,0,0,0,0,2,60,0,0,0,0
17.1283,45,18,5217.04,2733.17,0,0,0,0,0,0,0,2,60,0,6235.49,2331.93,0
17.1297,47,37,5628.81,3627.46,0,0,0,0,0,0,0,2,60,0,6123.22,2375.91,0
17.1384,59,17,5007.43,2815.51,0,0,0,0,0,0,0,2,60,0,6016.98,2413.79,0
17.1464,70,19,5408.84,2809.22,0,0,0,0,0,0,0,2,60,0,4987.63,2822.48,0
17.1478,72,22,4508.44,3007.85,0,0,0,0,0,0,0,2,60,0,5364.82,2674.43,0
17.1652,96,19,5410.14,2804.47,0,0,0,0,0,0,0,2,60,0,5630.63,2566.25,0
17.1761,111,19,5394.63,2659.17,0,0,0,0,0,0,0,2,60,0,5548.65,2598.97,0
17.1841,122,19,5377.84,2669.27,0,0,0,0,0,0,0,2,60,0,5440.9,2905.2,0
17.1848,123,34,5570.14,3407.53,0,0,0,0,0,0,0,2,60,0,5451.2,2942.73,0
17.1855,124,19,5322.27,2687.89,0,0,0,0,0,0,0,2,60,0,5424.77,2835.36,0
17.1971,140,17,5022.75,2809.49,0,0,0,0,0,0,0,2,60,0,0,0,0
17.2283,45,18,5217.04,2733.17,0,0,0,0,0,0,0,2,60,0,6235.49,2331.93,0
17.2297,47,37,5628.81,3627.46,0,0,0,0,0,0,0,2,60,0,6123.22,2375.91,0
17.2384,59,17,5007.43,2815.51,0,0,0,0,0,0,0,2,60,0,6016.98,2413.79,0
17.2464,70,19,5408.84,2809.22,0,0,0,0,0,0,0,2,60,0,4987.63,2822.48,0
17.2478,72,22,4508.44,3007.85,0,0,0,0,0,0,0,2,60,0,5364.82,2674.43,0
17.2652,96,19,5410.14,2804.47,0,0,0,0,0,0,0,2,60,0,5630.63,2566.25,0
17.2761,111,19,5394.63,2659.17,0,0,0,0,0,0,0,2,60,0,5548.65,2598.97,0
17.2841,122,19,5377.84,2669.27,0,0,0,0,0,0,0,2,60,0,5440.9,2905.2,0
17.2848,123,34,5570.14,3407.53,0,0,0,0,0,0,0,2,60,0,5451.2,2942.73,0
17.2855,124,19,5322.27,2687.89,0,0,0,0,0,0,0,2,60,0,5424.77,2835.36,0
17.2971,140,17,5022.75,2809.49,0,0,0,0,0,0,0,2,60,0,0,0,0
17.3283,45,18,5217.04,2733.17,0,0,0,0,0,0,0,2,60,0,6235.49,2331.93,0
17.3297,47,37,5628.81,3627.46,0,0,0,0,0,0,0,2,60,0,6123.22,2375.91,0
17.3384,59,17,5007.43,2815.51,0,0,0,0,0,0,0,2,60,0,6016.98,2413.79,0
17.3464,70,19,5408.84,2809.22,0,0,0,0,0,0,0,2,60,0,4987.63,2822.48,0
17.3478,72,22,4508.44,3007.85,0,0,0,0,0,0,0,2,60,0,5364.82,2674.43,0
17.3652,96,19,5410.14,2804.47,0,0,0,0,0,0,0,2,60,0,5630.63,2566.25,0
17.3761,111,19,5394.63,2659.17,0,0,0,0,0,0,0,2,60,0,5548.65,2598.97,0
17.3841,122,19,5377.84,2669.27,0,0,0,0,0,0,0,2,60,0,5440.9,2905.2,0
17.3848,123,34,5570.14,3407.53,0,0,0,0,0,0,0,2,60,0,5451.2,2942.73,0
17.3855,124,19,5322.27,2687.89,0,0,0,0,0,0,0,2,60,0,5424.77,2835.36,0
17.3971,140,17,5022.75,2809.49,0,0,0,0,0,0,0,2,60,0,0,0,0
17.4283,45,18,5217.04,2733.17,0,0,0,0,0,0,0,2,60,0,6235.49,2331.93,0
17.4297,47,37,5628.81,3627.46,0,0,0,0,0,0,0,2,60,0,6123.22,2375.91,0
17.4384,59,17,5007.43,2815.51,0,0,0,0,0,0,0,2,60,0,6016.98,2413.79,0
17.4464,70,19,5408.84,2809.22,0,0,0,0,0,0,0,2,60,0,4987.63,2822.48,0
17.4478,72,22,4508.44,3007.85,0,0,0,0,0,0,0,2,60,0,5364.82,2674.43,0
17.4652,96,19,5410.14,2804.47,0,0,0,0,0,0,0,2,60,0,5630.63,2566.25,0
17.4761,111,19,5394.63,2659.17,0,0,0,0,0,0,0,2,60,0,5548.65,2598.97,0
17.4841,122,19,5377.84,2669.27,0,0,0,0,0,0,0,2,60,0,5440.9,2905.2,0
17.4848,123,34,5570.14,3407.53,0,0,0,0,0,0,0,2,60,0,5451.2,2942.73,0
17.4855,124,19,5322.27,2687.89,0,0,0,0,0,0,0,2,60,0,5424.77,2835.36,0
17.4971,140,17,5022.75,2809.49,0,0,0,0,0,0,0,2,60,0,0,0,0
17.5283,45,18,5217.04,2733.17,0,0,0,0,0,0,0,2,60,0,6235.49,2331.93,0
17.5297,47,37,5628.81,3627.46,0,0,0,0,0,0,0,2,60,0,6123.22,2375.91,0
17.5384,59,17,5007.43,2815.51,0,0,0,0,0,0,0,2,60,0,6016.98,2413.79,0
17.5464,70,19,5408.84,2809.22,0,0,0,0,0,0,0,2,60,0,4987.63,2822.48,0
17.5478,72,22,4508.44,3007.85,0,0,0,0,0,0,0,2,60,0,5364.82,2674.43,0
17.5652,96,19,5410.14,2804.47,0,0,0,0,0,0,0,2,60,0,5630.63,2566.25,0
17.5761,111,19,5394.63,2659.17,0,0,0,0,0,0,0,2,60,0,5548.65,2598.97,0
17.5841,122,19,5377.84,2669.27,0,0,0,0,0,0,0,2,60,0,5440.9,2905.2,0
17.5848,123,34,5570.14,3407.53,0,0,0,0,0,0,0,2,60,0,5451.2,2942.73,0
17.5855,124,19,5322.27,2687.89,0,0,0,0,0,0,0,2,60,0,5424.77,2835.36,0
17.5971,140,17,5022.75,2809.49,0,0,0,0,0,0,0,2,60,0,0,0,0
17.6283,45,18,5217.04,2733.17,0,0,0,0,0,0,0,2,60,0,6235.49,2331.93,0
17.6297,47,37,5628.81,3627.46,0,0,0,0,0,0,0,2,60,0,6123.22,2375.91,0
17.6384,59,17,5007.43,2815.51,0,0,0,0,0,0,0,2,60,0,6016.98,2413.79,0
17.6464,70,19,5408.84,2809.22,0,0,0,0,0,0,0,2,60,0,4987.63,2822.48,0
17.6478,72,22,4508.44,3007.85,0,0,0,0,0,0,0,2,60,0,5364.82,2674.43,0
17.6652,96,19,5410.14,2804.47,0,0,0,0,0,0,0,2,60,0,5630.63,2566.25,0
17.6761,111,19,5394.63,2659.17,0,0,0,0,0,0,0,2,60,0,5548.65,2598.97,0
17.6841,122,19,5377.84,2669.27,0,0,0,0,0,0,0,2,60,0,5440.9,2905.2,0
17.6848,123,34,5570.14,3407.53,0,0,0,0,0,0,0,2,60,0,5451.2,2942.73,0
17.6855,124,19,5322.27,2687.89,0,0,0,0,0,0,0,2,60,0,5424.77,2835.36,0
17.6971,140,17,5022.75,2809.49,0,0,0,0,0,0,0,2,60,0,0,0,0
17.7283,45,18,5217.04,2733.17,0,0,0,0,0,0,0,2,60,0,6235.49,2331.93,0
17.7297,47,37,5628.81,3627.46,0,0,0,0,0,0,0,2,60,0,6123.22,2375.91,0
17.7384,59,17,5007.43,2815.51,0,0,0,0,0,0,0,2,60,0,6016.98,2413.79,0
17.7464,70,19,5408.84,2809.22,0,0,0,0,0,0,0,2,60,0,4987.63,2822.48,0
17.7478,72,22,4508.44,3007.85,0,0,0,0,0,0,0,2,60,0,5364.82,2674.43,0
17.7652,96,19,5410.14,2804.47,0,0,0,0,0,0,0,2,60,0,5630.63,2566.25,0
17.7761,111,19,5394.63,2659.17,0,0,0,0,0,0,0,2,60,0,5548.65,2598.97,0
17.7841,122,19,5377.84,2669.27,0,0,0,0,0,0,0,2,60,0,5440.9,2905.2,0
17.7848,123,34,5570.14,3407.53,0,0,0,0,0,0,0,2,60,0,5451.2,2942.73,0
17.7855,124,19,5322.27,2687.89,0,0,0,0,0,0,0,2,60,0,5424.77,2835.36,0
17.7971,140,17,5022.75,2809.49,0,0,0,0,0,0,0,2,60,0,0,0,0
17.8283,45,18,5217.04,2733.17,0,0,0,0,0,0,0,2,60,0,6235.49,2331.93,0
17.8297,47,37,5628.81,3627.46,0,0,0,0,0,0,0,2,60,0,6123.22,2375.91,0
17.8384,59,17,5007.43,2815.51,0,0,0,0,0,0,0,2,60,0,6016.98,2413.79,0
17.8464,70,19,5408.84,2809.22,0,0,0,0,0,0,0,2,60,0,4987.63,2822.48,0
17.8478,72,22,4508.44,3007.85,0,0,0,0,0,0,0,2,60,0,5364.82,2674.43,0
17.8652,96,19,5410.14,2804.47,0,0,0,0,0,0,0,2,60,0,5630.63,2566.25,0
17.8761,111,19,5394.63,2659.17,0,0,0,0,0,0,0,2,60,0,5548.65,2598.97,0
17.8841,122,19,5377.84,2669.27,0,0,0,0,0,0,0,2,60,0,5440.9,2905.2,0
17.8848,123,34,5570.14,3407.53,0,0,0,0,0,0,0,2,60,0,5451.2,2942.73,0
17.8855,124,19,5322.27,2687.89,0,0,0,0,0,0,0,2,60,0,5424.77,2835.36,0
17.8971,140,17,5022.75,2809.49,0,0,0,0,0,0,0,2,60,0,0,0,0
17.9283,45,18,5217.04,2733.17,0,0,0,0,0,0,0,2,60,0,6235.49,2331.93,0
17.9297,47,37,5628.81,3627.46,0,0,0,0,0,0,0,2,60,0,6123.22,2375.91,0
17.9384,59,17,5007.43,2815.51,0,0,0,0,0,0,0,2,60,0,6016.98,2413.79,0
17.9464,70,19,5408.84,2809.22,0,0,0,0,0,0,0,2,60,0,4987.63,2822.48,0
17.9478,72,22,4508.44,3007.85,0,0,0,0,0,0,0,2,60,0,5364.82,2674.43,0
17.9652,96,19,5410.14,2804.47,0,0,0,0,0,0,0,2,60,0,5630.63,2566.25,0
17.9761,111,19,5394.63,2659.17,0,0,0,0,0,0,0,2,60,0,5548.65,2598.97,0
17.9841,122,19,5377.84,2669.27,0,0,0,0,0,0,0,2,60,0,5440.9,2905.2,0
17.9848,123,34,5570.14,3407.53,0,0,0,0,0,0,0,2,60,0,5451.2,2942.73,0
17.9855,124,19,5322.27,2687.89,0,0,0,0,0,0,0,2,60,0,5424.77,2835.36,0
17.9971,140,17,5022.75,2809.49,0,0,0,0,0,0,0,2,60,0,0,0,0
18.0283,45,18,5217.04,2733.17,0,0,0,0,0,0,0,2,60,0,6235.49,2331.93,0
18.0297,47,37,5628.81,3627.46,0,0,0,0,0,0,0,2,60,0,6123.22,2375.91,0
18.0384,59,17,5007.43,2815.51,0,0,0,0,0,0,0,2,60,0,6016.98,2413.79,0
18.0464,70,19,5408.84,2809.22,0,0,0,0,0,0,0,2,60,0,4987.63,2822.48,0
18.0478,72,22,4508.44,3007.85,0,0,0,0,0,0,0,2,60,0,5364.82,2674.43,0
18.0652,96,19,5410.14,2804.47,0,0,0,0,0,0,0,2,60,0,5630.63,2566.25,0
18.0761,111,19,5394.63,2659.17,0,0,0,0,0,0,0,2,60,0,5548.65,2598.97,0
18.0841,122,19,5377.84,2669.27,0,0,0,0,0,0,0,2,60,0,5440.9,2905.2,0
18.0848,123,34,5570.14,3407.53,0,0,0,0,0,0,0,2,60,0,5451.2,2942.73,0
18.0855,124,19,5322.27,2687.89,0,0,0,0,0,0,0,2,60,0,5424.77,2835.36,0
18.0971,140,17,5022.75,2809.49,0,0,0,0,0,0,0,2,60,0,0,0,0
18.1283,45,18,5217.04,2733.17,0,0,0,0,0,0,0,2,60,0,6235.49,2331.93,0
18.1297,47,37,5628.81,3627.46,0,0,0,0,0,0,0,2,60,0,6123.22,2375.91,0
18.1384,59,17,5007.43,2815.51,0,0,0,0,0,0,0,2,60,0,6016.98,2413.79,0
18.1464,70,19,5408.84,2809.22,0,0,0,0,0,0,0,2,60,0,4987.63,2822.48,0
18.1478,72,22,4508.44,3007.85,0,0,0,0,0,0,0,2,60,0,5364.82,2674.43,0
18.1652,96,19,5410.14,2804.47,0,0,0,0,0,0,0,2,60,0,5630.63,2566.25,0
18.1761,111,19,5394.63,2659.17,0,0,0,0,0,0,0,2,60,0,5548.65,2598.97,0
18.1841,122,19,5377.84,2669.27,0,0,0,0,0,0,0,2,60,0,5440.9,2905.2,0
18.1848,123,34,5570.14,3407.53,0,0,0,0,0,0,0,2,60,0,5451.2,2942.73,0
18.1855,124,19,5322.27,2687.89,0,0,0,0,0,0,0,2,60,0,5424.77,2835.36,0
18.1971,140,17,5022.75,2809.49,0,0,0,0,0,0,0,2,60,0,0,0,0
18.2283,45,18,5217.04,2733.17,0,0,0,0,0,0,0,2,60,0,6235.49,2331.93,0
18.2297,47,37,5628.81,3627.46,0,0,0,0,0,0,0,2,60,0,6123.22,2375.91,0
18.2384,59,17,5007.43,2815.51,0,0,0,0,0,0,0,2,60,0,6016.98,2413.79,0
18.2464,70,19,5408.84,2809.22,0,0,0,0,0,0,0,2,60,0,4987.63,2822.48,0
18.2478,72,22,4508.44,3007.85,0,0,0,0,0,0,0,2,60,0,5364.82,2674.43,0
18.2652,96,19,5410.14,2804.47,0,0,0,0,0,0,0,2,60,0,5630.63,2566.25,0
18.2761,111,19,5394.63,2659.17,0,0,0,0,0,0,0,2,60,0,5548.65,2598.97,0
18.2841,122,19,5377.84,2669.27,0,0,0,0,0,0,0,2,60,0,5440.9,2905.2,0
18.2848,123,34,5570.14,3407.53,0,0,0,0,0,0,0,2,60,0,5451.2,2942.73,0
18.2855,124,19,5322.27,2687.89,0,0,0,0,0,0,0,2,60,0,5424.77,2835.36,0
18.2971,140,17,5022.75,2809.49,0,0,0,0,0,0,0,2,60,0,0,0,0
18.3283,45,18,5217.04,2733.17,0,0,0,0,0,0,0,2,60,0,6235.49,2331.93,0
18.3297,47,37,5628.81,3627.46,0,0,0,0,0,0,0,2,60,0,6123.22,2375.91,0
18.3384,59,17,5007.43,2815.51,0,0,0,0,0,0,0,2,60,0,6016.98,2413.79,0
18.3464,70,19,5408.84,2809.22,0,0,0,0,0,0,0,2,60,0,4987.63,2822.48,0
18.3478,72,22,4508.44,3007.85,0,0,0,0,0,0,0,2,60,0,5364.82,2674.43,0
18.3652,96,19,5410.14,2804.47,0,0,0,0,0,0,0,2,60,0,5630.63,2566.25,0
18.3761,111,19,5394.63,2659.17,0,0,0,0,0,0,0,2,60,0,5548.65,2598.97,0
18.3841,122,19,5377.84,2669.27,0,0,0,0,0,0,0,2,60,0,5440.9,2905.2,0
18.3848,123,34,5570.14,3407.53,0,0,0,0,0,0,0,2,60,0,5451.2,2942.73,0
18.3855,124,19,5322.27,2687.89,0,0,0,0,0,0,0,2,60,0,5424.77,2835.36,0
18.3971,140,17,5022.75,2809.49,0,0,0,0,0,0,0,2,60,0,0,0,0
18.4283,45,18,5217.04,2733.17,0,0,0,0,0,0,0,2,60,0,6235.49,2331.93,0
18.4297,47,37,5628.81,3627.46,0,0,0,0,0,0,0,2,60,0,6123.22,2375.91,0
18.4384,59,17,5007.43,2815.51,0,0,0,0,0,0,0,2,60,0,6016.98,2413.79,0
18.4464,70,19,5408.84,2809.22,0,0,0,0,0,0,0,2,60,0,4987.63,2822.48,0
18.4478,72,22,4508.44,3007.85,0,0,0,0,0,0,0,2,60,0,5364.82,2674.43,0
18.4652,96,19,5410.14,2804.47,0,0,0,0,0,0,0,2,60,0,5630.63,2566.25,0
18.4761,111,19,5394.63,2659.17,0,0,0,0,0,0,0,2,60,0,5548.65,2598.97,0
18.4841,122,19,5377.84,2669.27,0,0,0,0,0,0,0,2,60,0,5440.9,2905.2,0
18.4848,123,34,5570.14,3407.53,0,0,0,0,0,0,0,2,60,0,5451.2,2942.73,0
18.4855,124,19,5322.27,2687.89,0,0,0,0,0,0,0,2,60,0,5424.77,2835.36,0
18.4971,140,17,5022.75,2809.49,0,0,0,0,0,0,0,2,60,0,0,0,0
18.5283,45,18,5217.04,2733.17,0,0,0,0,0,0,0,2,60,0,6235.49,2331.93,0
18.5297,47,37,5628.81,3627.46,0,0,0,0,0,0,0,2,60,0,6123.22,2375.91,0
18.5384,59,17,5007.43,2815.51,0,0,0,0,0,0,0,2,60,0,6016.98,2413.79,0
18.5464,70,19,5408.84,2809.22,0,0,0,0,0,0,0,2,60,0,4987.63,2822.48,0
18.5478,72,22,4508.44,3007.85,0,0,0,0,0,0,0,2,60,0,5364.82,2674.43,0
18.5652,96,19,5410.14,2804.47,0,0,0,0,0,0,0,2,60,0,5630.63,2566.25,0
18.5761,111,19,5394.63,2659.17,0,0,0,0,0,0,0,2,60,0,5548.65,2598.97,0
18.5841,122,19,5377.84,2669.27,0,0,0,0,0,0,0,2,60,0,5440.9,2905.2,0
18.5848,123,34,5570.14,3407.53,0,0,0,0,0,0,0,2,60,0,5451.2,2942.73,0
18.5855,124,19,5322.27,2687.89,0,0,0,0,0,0,0,2,60,0,5424.77,2835.36,0
18.5971,140,17,5022.75,2809.49,0,0,0,0,0,0,0,2,60,0,0,0,0
18.6283,45,18,5217.04,2733.17,0,0,0,0,0,0,0,2,60,0,6235.49,2331.93,0
18.6297,47,37,5628.81,3627.46,0,0,0,0,0,0,0,2,60,0,6123.22,2375.91,0
18.6384,59,17,5007.43,2815.51,0,0,0,0,0,0,0,2,60,0,6016.98,2413.79,0
18.6464,70,19,5408.84,2809.22,0,0,0,0,0,0,0,2,60,0,4987.63,2822.48,0
18.6478,72,22,4508.44,3007.85,0,0,0,0,0,0,0,2,60,0,5364.82,2674.43,0
18.6652,96,19,5410.14,2804.47,0,0,0,0,0,0,0,2,60,0,5630.63,2566.25,0
18.6761,111,19,5394.63,2659.17,0,0,0,0,0,0,0,2,60,0,5548.65,2598.97,0
18.6841,122,19,5377.84,2669.27,0,0,0,0,0,0,0,2,60,0,5440.9,2905.2,0
18.6848,123,34,5570.14,3407.53,0,0,0,0,0,0,0,2,60,0,5451.2,2942.73,0
18.6855,124,19,5322.27,2687.89,0,0,0,0,0,0,0,2,60,0,5424.77,2835.36,0
18.6971,140,17,5022.75,2809.49,0,0,0,0,0,0,0,2,60,0,0,0,0
18.7283,45,18,5217.04,2733.17,0,0,0,0,0,0,0,2,60,0,6235.49,2331.93,0
18.7297,47,37,5628.81,3627.46,0,0,0,0,0,0,0,2,60,0,6123.22,2375.91,0
18.7384,59,17,5007.43,2815.51,0,0,0,0,0,0,0,2,60,0,6016.98,2413.79,0
18.7464,70,19,5408.84,2809.22,0,0,0,0,0,0,0,2,60,0,4987.63,2822.48,0
18.7478,72,22,4508.44,3007.85,0,0,0,0,0,0,0,2,60,0,5364.82,2674.43,0
18.7652,96,19,5410.14,2804.47,0,0,0,0,0,0,0,2,60,0,5630.63,2566.25,0
18.7761,111,19,5394.63,2659.17,0,0,0,0,0,0,0,2,60,0,5548.65,2598.97,0
18.7841,122,19,5377.84,2669.27,0,0,0,0,0,0,0,2,60,0,5440.9,2905.2,0
18.7848,123,34,5570.14,3407.53,0,0,0,0,0,0,0,2,60,0,5451.2,2942.73,0
18.7855,124,19,5322.27,2687.89,0,0,0,0,0,0,0,2,60,0,5424.77,2835.36,0
18.7971,140,17,5022.75,2809.49,0,0,0,0,0,0,0,2,60,0,0,0,0
18.8283,45,18,5217.04,2733.17,0,0,0,0,0,0,0,2,60,0,6235.49,2331.93,0
18.8297,47,37,5628.81,3627.46,0,0,0,0,0,0,0,2,60,0,6123.22,2375.91,0
18.8384,59,17,5007.43,2815.51,0,0,0,0,0,0,0,2,60,0,6016.98,2413.79,0
18.8464,70,19,5408.84,2809.22,0,0,0,0,0,0,0,2,60,0,4987.63,2822.48,0
18.8478,72,22,4508.44,3007.85,0,0,0,0,0,0,0,2,60,0,5364.82,2674.43,0
18.8652,96,19,5410.14,2804.47,0,0,0,0,0,0,0,2,60,0,5630.63,2566.25,0
18.8761,111,19,5394.63,2659.17,0,0,0,0,0,0,0,2,60,0,5548.65,2598.97,0
18.8841,122,19,5377.84,2669.27,0,0,0,0,0,0,0,2,60,0,5440.9,2905.2,0
18.8848,123,34,5570.14,3407.53,0,0,0,0,0,0,0,2,60,0,5451.2,2942.73,0
18.8855,124,19,5322.27,2687.89,0,0,0,0,0,0,0,2,60,0,5424.77,2835.36,0
18.8971,140,17,5022.75,2809.49,0,0,0,0,0,0,0,2,60,0,0,0,0
18.9283,45,18,5217.04,2733.17,0,0,0,0,0,0,0,2,60,0,6235.49,2331.93,0
18.9297,47,37,5628.81,3627.46,0,0,0,0,0,0,0,2,60,0,6123.22,2375.91,0
18.9384,59,17,5007.43,2815.51,0,0,0,0,0,0,0,2,60,0,6016.98,2413.79,0
18.9464,70,19,5408.84,2809.22,0,0,0,0,0,0,0,2,60,0,4987.63,2822.48,0
18.9478,72,22,4508.44,3007.85,0,0,0,0,0,0,0,2,60,0,5364.82,2674.43,0
18.9652,96,19,5410.14,2804.47,0,0,0,0,0,0,0,2,60,0,5630.63,2566.25,0
18.9761,111,19,5394.63,2659.17,0,0,0,0,0,0,0,2,60,0,5548.65,2598.97,0
18.9841,122,19,5377.84,2669.27,0,0,0,0,0,0,0,2,60,0,5440.9,2905.2,0
18.9848,123,34,5570.14,3407.53,0,0,0,0,0,0,0,2,60,0,5451.2,2942.73,0
18.9855,124,19,5322.27,2687.89,0,0,0,0,0,0,0,2,60,0,5424.77,2835.36,0
18.9971,140,17,5022.75,2809.49,0,0,0,0,0,0,0,2,60,0,0,0,0
19.0283,45,18,5217.04,2733.17,0,0,0,0,0,0,0,2,60,0,6235.49,2331.93,0
19.0297,47,37,5628.81,3627.46,0,0,0,0,0,0,0,2,60,0,6123.22,2375.91,0
19.0384,59,17,5007.43,2815.51,0,0,0,0,0,0,0,2,60,0,6016.98,2413.79,0
19.0464,70,19,5408.84,2809.22,0,0,0,0,0,0,0,2,60,0,4987.63,2822.48,0
19.0478,72,22,4508.44,3007.85,0,0,0,0,0,0,0,2,60,0,5364.82,2674.43,0
19.0652,96,19,5410.14,2804.47,0,0,0,0,0,0,0,2,60,0,5630.63,2566.25,0
19.0761,111,19,5394.63,2659.17,0,0,0,0,0,0,0,2,60,0,5548.65,2598.97,0
19.0841,122,19,5377.84,2669.27,0,0,0,0,0,0,0,2,60,0,5440.9,2905.2,0
19.0848,123,34,5570.14,3407.53,0,0,0,0,0,0,0,2,60,0,5451.2,2942.73,0
19.0855,124,19,5322.27,2687.89,0,0,0,0,0,0,0,2,60,0,5424.77,2835.36,0
19.0971,140,17,5022.75,2809.49,0,0,0,0,0,0,0,2,60,0,0,0,0
19.1283,45,18,5217.04,2733.17,0,0,0,0,0,0,0,2,60,0,6235.49,2331.93,0
19.1297,47,37,5628.81,3627.46,0,0,0,0,0,0,0,2,60,0,6123.22,2375.91,0
19.1384,59,17,5007.43,2815.51,0,0,0,0,0,0,0,2,60,0,6016.98,2413.79,0
19.1464,70,19,5408.84,2809.22,0,0,0,0,0,0,0,2,60,0,4987.63,2822.48,0
19.1478,72,22,4508.44,3007.85,0,0,0,0,0,0,0,2,60,0,5364.82,2674.43,0
19.1652,96,19,5410.14,2804.47,0,0,0,0,0,0,0,2,60,0,5630.63,2566.25,0
19.1761,111,19,5394.63,2659.17,0,0,0,0,0,0,0,2,60,0,5548.65,2598.97,0
19.1841,122,19,5377.84,2669.27,0,0,0,0,0,0,0,2,60,0,5440.9,2905.2,0
19.1848,123,34,5570.14,3407.53,0,0,0,0,0,0,0,2,60,0,5451.2,2942.73,0
19.1855,124,19,5322.27,2687.89,0,0,0,0,0,0,0,2,60,0,5424.77,2835.36,0
19.1971,140,17,5022.75,2809.49,0,0,0,0,0,0,0,2,60,0,0,0,0
19.2283,45,18,5217.04,2733.17,0,0,0,0,0,0,0,2,60,0,6235.49,2331.93,0
19.2297,47,37,5628.81,3627.46,0,0,0,0,0,0,0,2,60,0,6123.22,2375.91,0
19.2384,59,17,5007.43,2815.51,0,0,0,0,0,0,0,2,60,0,6016.98,2413.79,0
19.2464,70,19,5408.84,2809.22,0,0,0,0,0,0,0,2,60,0,4987.63,2822.48,0
19.2478,72,22,4508.44,3007.85,0,0,0,0,0,0,0,2,60,0,5364.82,2674.43,0
19.2652,96,19,5410.14,2804.47,0,0,0,0,0,0,0,2,60,0,5630.63,2566.25,0
19.2761,111,19,5394.63,2659.17,0,0,0,0,0,0,0,2,60,0,5548.65,2598.97,0
19.2841,122,19,5377.84,2669.27,0,0,0,0,0,0,0,2,60,0,5440.9,2905.2,0
19.2848,123,34,5570.14,3407.53,0,0,0,0,0,0,0,2,60,0,5451.2,2942.73,0
19.2855,124,19,5322.27,2687.89,0,0,0,0,0,0,0,2,60,0,5424.77,2835.36,0
19.2971,140,17,5022.75,2809.49,0,0,0,0,0,0,0,2,60,0,0,0,0
19.3283,45,18,5217.04,2733.17,0,0,0,0,0,0,0,2,60,0,6235.49,2331.93,0
19.3297,47,37,5628.81,3627.46,0,0,0,0,0,0,0,2,60,0,6123.22,2375.91,0
19.3384,59,17,5007.43,2815.51,0,0,0,0,0,0,0,2,60,0,6016.98,2413.79,0
19.3464,70,19,5408.84,2809.22,0,0,0,0,0,0,0,2,60,0,4987.63,2822.48,0
19.3478,72,22,4508.44,3007.85,0,0,0,0,0,0,0,2,60,0,5364.82,2674.43,0
19.3652,96,19,5410.14,2804.47,0,0,0,0,0,0,0,2,60,0,5630.63,2566.25,0
19.3761,111,19,5394.63,2659.17,0,0,0,0,0,0,0,2,60,0,5548.65,2598.97,0
19.3841,122,19,5377.84,2669.27,0,0,0,0,0,0,0,2,60,0,5440.9,2905.2,0
19.3848,123,34,5570.14,3407.53,0,0,0,0,0,0,0,2,60,0,5451.2,2942.73,0
19.3855,124,19,5322.27,2687.89,0,0,0,0,0,0,0,2,60,0,5424.77,2835.36,0
19.3971,140,17,5022.75,2809.49,0,0,0,0,0,0,0,2,60,0,0,0,0
19.4283,45,18,5217.04,2733.17,0,0,0,0,0,0,0,2,60,0,6235.49,2331.93,0
19.4297,47,37,5628.81,3627.46,0,0,0,0,0,0,0,2,60,0,6123.22,2375.91,0
19.4384,59,17,5007.43,2815.51,0,0,0,0,0,0,0,2,60,0,6016.98,2413.79,0
19.4464,70,19,5408.84,2809.22,0,0,0,0,0,0,0,2,60,0,4987.63,2822.48,0
19.4478,72,22,4508.44,3007.85,0,0,0,0,0,0,0,2,60,0,5364.82,2674.43,0
19.4652,96,19,5410.14,2804.47,0,0,0,0,0,0,0,2,60,0,5630.63,2566.25,0
19.4761,111,19,5394.63,2659.17,0,0,0,0,0,0,0,2,60,0,5548.65,2598.97,0
19.4841,122,19,5377.84,2669.27,0,0,0,0,0,0,0,2,60,0,5440.9,2905.2,0
19.4848,123,34,5570.14,3407.53,0,0,0,0,0,0,0,2,60,0,5451.2,2942.73,0
19.4855,124,19,5322.27,2687.89,0,0,0,0,0,0,0,2,60,0,5424.77,2835.36,0
19.4971,140,17,5022.75,2809.49,0,0,0,0,0,0,0,2,60,0,0,0,0
19.5283,45,18,5217.04,2733.17,0,0,0,0,0,0,0,2,60,0,6235.49,2331.93,0
19.5297,47,37,5628.81,3627.46,0,0,0,0,0,0,0,2,60,0,6123.22,2375.91,0
19.5384,59,17,5007.43,2815.51,0,0,0,0,0,0,0,2,60,0,6016.98,2413.79,0
19.5464,70,19,5408.84,2809.22,0,0,0,0,0,0,0,2,60,0,4987.63,2822.48,0
19.5478,72,22,4508.44,3007.85,0,0,0,0,0,0,0,2,60,0,5364.82,2674.43,0
19.5652,96,19,5410.14,2804.47,0,0,0,0,0,0,0,2,60,0,5630.63,2566.25,0
19.5761,111,19,5394.63,2659.17,0,0,0,0,0,0,0,2,60,0,5548.65,2598.97,0
19.5841,122,19,5377.84,2669.27,0,0,0,0,0,0,0,2,60,0,5440.9,2905.2,0
19.5848,123,34,5570.14,3407.53,0,0,0,0,0,0,0,2,60,0,5451.2,2942.73,0
19.5855,124,19,5322.27,2687.89,0,0,0,0,0,0,0,2,60,0,5424.77,2835.36,0
19.5971,140,17,5022.75,2809.49,0,0,0,0,0,0,0,2,60,0,0,0,0
19.6283,45,18,5217.04,2733.17,0,0,0,0,0,0,0,2,60,0,6235.49,2331.93,0
19.6297,47,37,5628.81,3627.46,0,0,0,0,0,0,0,2,60,0,6123.22,2375.91,0
19.6384,59,17,5007.43,2815.51,0,0,0,0,0,0,0,2,60,0,6016.98,2413.79,0
19.6464,70,19,5408.84,2809.22,0,0,0,0,0,0,0,2,60,0,4987.63,2822.48,0
19.6478,72,22,4508.44,3007.85,0,0,0,0,0,0,0,2,60,0,5364.82,2674.43,0
19.6652,96,19,5410.14,2804.47,0,0,0,0,0,0,0,2,60,0,5630.63,2566.25,0
19.6761,111,19,5394.63,2659.17,0,0,0,0,0,0,0,2,60,0,5548.65,2598.97,0
19.6841,122,19,5377.84,2669.27,0,0,0,0,0,0,0,2,60,0,5440.9,2905.2,0
19.6848,123,34,5570.14,3407.53,0,0,0,0,0,0,0,2,60,0,5451.2,2942.73,0
19.6855,124,19,5322.27,2687.89,0,0,0,0,0,0,0,2,60,0,5424.77,2835.36,0
19.6971,140,17,5022.75,2809.49,0,0,0,0,0,0,0,2,60,0,0,0,0
19.7283,45,18,5217.04,2733.17,0,0,0,0,0,0,0,2,60,0,6235.49,2331.93,0
19.7297,47,37,5628.81,3627.46,0,0,0,0,0,0,0,2,60,0,6123.22,2375.91,0
19.7384,59,17,5007.43,2815.51,0,0,0,0,0,0,0,2,60,0,6016.98,2413.79,0
19.7464,70,19,5408.84,2809.22,0,0,0,0,0,0,0,2,60,0,4987.63,2822.48,0
19.7478,72,22,4508.44,3007.85,0,0,0,0,0,0,0,2,60,0,5364.82,2674.43,0
19.7652,96,19,5410.14,2804.47,0,0,0,0,0,0,0,2,60,0,5630.63,2566.25,0
19.7761,111,19,5394.63,2659.17,0,0,0,0,0,0,0,2,60,0,5548.65,2598.97,0
19.7841,122,19,5377.84,2669.27,0,0,0,0,0,0,0,2,60,0,5440.9,2905.2,0
19.7848,123,34,5570.14,3407.53,0,0,0,0,0,0,0,2,60,0,5451.2,2942.73,0
19.7855,124,19,5322.27,2687.89,0,0,0,0,0,0,0,2,60,0,5424.77,2835.36,0
19.7971,140,17,5022.75,2809.49,0,0,0,0,0,0,0,2,60,0,0,0,0
19.8283,45,18,5217.04,2733.17,0,0,0,0,0,0,0,2,60,0,6235.49,2331.93,0
19.8297,47,37,5628.81,3627.46,0,0,0,0,0,0,0,2,60,0,6123.22,2375.91,0
19.8384,59,17,5007.43,2815.51,0,0,0,0,0,0,0,2,60,0,6016.98,2413.79,0
19.8464,70,19,5408.84,2809.22,0,0,0,0,0,0,0,2,60,0,4987.63,2822.48,0
19.8478,72,22,4508.44,3007.85,0,0,0,0,0,0,0,2,60,0,5364.82,2674.43,0
19.8652,96,19,5410.14,2804.47,0,0,0,0,0,0,0,2,60,0,5630.63,2566.25,0
19.8761,111,19,5394.63,2659.17,0,0,0,0,0,0,0,2,60,0,5548.65,2598.97,0
19.8841,122,19,5377.84,2669.27,0,0,0,0,0,0,0,2,60,0,5440.9,2905.2,0
19.8848,123,34,5570.14,3407.53,0,0,0,0,0,0,0,2,60,0,5451.2,2942.73,0
19.8855,124,19,5322.27,2687.89,0,0,0,0,0,0,0,2,60,0,5424.77,2835.36,0
19.8971,140,17,5022.75,2809.49,0,0,0,0,0,0,0,2,60,0,0,0,0
19.9283,45,18,5217.04,2733.17,0,0,0,0,0,0,0,2,60,0,6235.49,2331.93,0
19.9297,47,37,5628.81,3627.46,0,0,0,0,0,0,0,2,60,0,6123.22,2375.91,0
19.9384,59,17,5007.43,2815.51,0,0,0,0,0,0,0,2,60,0,6016.98,2413.79,0
19.9464,70,19,5408.84,2809.22,0,0,0,0,0,0,0,2,60,0,4987.63,2822.48,0
19.9478,72,22,4508.44,3007.85,0,0,0,0,0,0,0,2,60,0,5364.82,2674.43,0
19.9652,96,19,5410.14,2804.47,0,0,0,0,0,0,0,2,60,0,5630.63,2566.25,0
19.9761,111,19,5394.63,2659.17,0,0,0,0,0,0,0,2,60,0,5548.65,2598.97,0
19.9841,122,19,5377.84,2669.27,0,0,0,0,0,0,0,2,60,0,5440.9,2905.2,0
19.9848,123,34,5570.14,3407.53,0,0,0,0,0,0,0,2,60,0,5451.2,2942.73,0
19.9855,124,19,5322.27,2687.89,0,0,0,0,0,0,0,2,60,0,5424.77,2835.36,0
19.9971,140,17,5022.75,2809.49,0,0,0,0,0,0,0,2,60,0,0,0,0
20.0283,45,18,5217.04,2733.17,0,0,0,0,0,0,0,2,60,0,6235.49,2331.93,0
20.0297,47,37,5628.81,3627.46,0,0,0,0,0,0,0,2,60,0,6123.22,2375.91,0
20.0384,59,17,5007.43,2815.51,0,0,0,0,0,0,0,2,60,0,6016.98,2413.79,0
20.0464,70,19,5408.84,2809.22,0,0,0,0,0,0,0,2,60,0,4987.63,2822.48,0
20.0478,72,22,4508.44,3007.85,0,0,0,0,0,0,0,2,60,0,5364.82,2674.43,0
20.0652,96,19,5410.14,2804.47,0,0,0,0,0,0,0,2,60,0,5630.63,2566.25,0
20.0761,111,19,5394.63,2659.17,0,0,0,0,0,0,0,2,60,0,5548.65,2598.97,0
20.0841,122,19,5377.84,2669.27,0,0,0,0,0,0,0,2,60,0,5440.9,2905.2,0
20.0848,123,34,5570.14,3407.53,0,0,0,0,0,0,0,2,60,0,5451.2,2942.73,0
20.0855,124,19,5322.27,2687.89,0,0,0,0,0,0,0,2,60,0,5424.77,2835.36,0
20.0971,140,17,5022.75,2809.49,0,0,0,0,0,0,0,2,60,0,0,0,0
20.1283,45,18,5217.04,2733.17,0,0,0,0,0,0,0,2,60,0,6235.49,2331.93,0
20.1297,47,37,5628.81,3627.46,0,0,0,0,0,0,0,2,60,0,6123.22,2375.91,0
20.1384,59,17,5007.43,2815.51,0,0,0,0,0,0,0,2,60,0,6016.98,2413.79,0
20.1464,70,19,5408.84,2809.22,0,0,0,0,0,0,0,2,60,0,4987.63,2822.48,0
20.1478,72,22,4508.44,3007.85,0,0,0,0,0,0,0,2,60,0,5364.82,2674.43,0
20.1652,96,19,5410.14,2804.47,0,0,0,0,0,0,0,2,60,0,5630.63,2566.25,0
20.1761,111,19,5394.63,2659.17,0,0,0,0,0,0,0,2,60,0,5548.65,2598.97,0
20.1841,122,19,5377.84,2669.27,0,0,0,0,0,0,0,2,60,0,5440.9,2905.2,0
20.1848,123,34,5570.14,3407.53,0,0,0,0,0,0,0,2,60,0,5451.2,2942.73,0
20.1855,124,19,5322.27,2687.89,0,0,0,0,0,0,0,2,60,0,5424.77,2835.36,0
20.1971,140,17,5022.75,2809.49,0,0,0,0,0,0,0,2,60,0,0,0,0
20.2283,45,18,5217.04,2733.17,0,0,0,0,0,0,0,2,60,0,6235.49,2331.93,0
20.2297,47,37,5628.81,3627.46,0,0,0,0,0,0,0,2,60,0,6123.22,2375.91,0
20.2384,59,17,5007.43,2815.51,0,0,0,0,0,0,0,2,60,0,6016.98,2413.79,0
20.2464,70,19,5408.84,2809.22,0,0,0,0,0,0,0,2,60,0,4987.63,2822.48,0
20.2478,72,22,4508.44,3007.85,0,0,0,0,0,0,0,2,60,0,5364.82,2674.43,0
20.2652,96,19,5410.14,2804.47,0,0,0,0,0,0,0,2,60,0,5630.63,2566.25,0
20.2761,111,19,5394.63,2659.17,0,0,0,0,0,0,0,2,60,0,5548.65,2598.97,0
20.2841,122,19,5377.84,2669.27,0,0,0,0,0,0,0,2,60,0,5440.9,2905.2,0
20.2848,123,34,5570.14,3407.53,0,0,0,0,0,0,0,2,60,0,5451.2,2942.73,0
20.2855,124,19,5322.27,2687.89,0,0,0,0,0,0,0,2,60,0,5424.77,2835.36,0
20.2971,140,17,5022.75,2809.49,0,0,0,0,0,0,0,2,60,0,0,0,0
20.3283,45,18,5217.04,2733.17,0,0,0,0,0,0,0,2,60,0,6235.49,2331.93,0
20.3297,47,37,5628.81,3627.46,0,0,0,0,0,0,0,2,60,0,6123.22,2375.91,0
20.3384,59,17,5007.43,2815.51,0,0,0,0,0,0,0,2,60,0,6016.98,2413.79,0
20.3464,70,19,5408.84,2809.22,0,0,0,0,0,0,0,2,60,0,4987.63,2822.48,0
20.3478,72,22,4508.44,3007.85,0,0,0,0,0,0,0,2,60,0,5364.82,2674.43,0
20.3652,96,19,5410.14,2804.47,0,0,0,0,0,0,0,2,60,0,5630.63,2566.25,0
20.3761,111,19,5394.63,2659.17,0,0,0,0,0,0,0,2,60,0,5548.65,2598.97,0
20.3841,122,19,5377.84,2669.27,0,0,0,0,0,0,0,2,60,0,5440.9,2905.2,0
20.3848,123,34,5570.14,3407.53,0,0,0,0,0,0,0,2,60,0,5451.2,2942.73,0
20.3855,124,19,5322.27,2687.89,0,0,0,0,0,0,0,2,60,0,5424.77,2835.36,0
20.3971,140,17,5022.75,2809.49,0,0,0,0,0,0,0,2,60,0,0,0,0
20.4283,45,18,5217.04,2733.17,0,0,0,0,0,0,0,2,60,0,6235.49,2331.93,0
20.4297,47,37,5628.81,3627.46,0,0,0,0,0,0,0,2,60,0,6123.22,2375.91,0
20.4384,59,17,5007.43,2815.51,0,0,0,0,0,0,0,2,60,0,6016.98,2413.79,0
20.4464,70,19,5408.84,2809.22,0,0,0,0,0,0,0,2,60,0,4987.63,2822.48,0
20.4478,72,22,4508.44,3007.85,0,0,0,0,0,0,0,2,60,0,5364.82,2674.43,0
20.4652,96,19,5410.14,2804.47,0,0,0,0,0,0,0,2,60,0,5630.63,2566.25,0
20.4761,111,19,5394.63,2659.17,0,0,0,0,0,0,0,2,60,0,5548.65,2598.97,0
20.4841,122,19,5377.84,2669.27,0,0,0,0,0,0,0,2,60,0,5440.9,2905.2,0
20.4848,123,34,5570.14,3407.53,0,0,0,0,0,0,0,2,60,0,5451.2,2942.73,0
20.4855,124,19,5322.27,2687.89,0,0,0,0,0,0,0,2,60,0,5424.77,2835.36,0
20.4971,140,17,5022.75,2809.49,0,0,0,0,0,0,0,2,60,0,0,0,0
20.5283,45,18,5217.04,2733.17,0,0,0,0,0,0,0,2,60,0,6235.49,2331.93,0
20.5297,47,37,5628.81,3627.46,0,0,0,0,0,0,0,2,60,0,6123.22,2375.91,0
20.5384,59,17,5007.43,2815.51,0,0,0,0,0,0,0,2,60,0,6016.98,2413.79,0
20.5464,70,19,5408.84,2809.22,0,0,0,0,0,0,0,2,60,0,4987.63,2822.48,0
20.5478,72,22,4508.44,3007.85,0,0,0,0,0,0,0,2,60,0,5364.82,2674.43,0
20.5652,96,19,5410.14,2804.47,0,0,0,0,0,0,0,2,60,0,5630.63,2566.25,0
20.5761,111,19,5394.63,2659.17,0,0,0,0,0,0,0,2,60,0,5548.65,2598.97,0
20.5841,122,19,5377.84,2669.27,0,0,0,0,0,0,0,2,60,0,5440.9,2905.2,0
20.5848,123,34,5570.14,3407.53,0,0,0,0,0,0,0,2,60,0,5451.2,2942.73,0
20.5855,124,19,5322.27,2687.89,0,0,0,0,0,0,0,2,60,0,5424.77,2835.36,0
20.5971,140,17,5022.75,2809.49,0,0,0,0,0,0,0,2,60,0,0,0,0
20.6283,45,18,5217.04,2733.17,0,0,0,0,0,0,0,2,60,0,6235.49,2331.93,0
20.6297,47,37,5628.81,3627.46,0,0,0,0,0,0,0,2,60,0,6123.22,2375.91,0
20.6384,59,17,5007.43,2815.51,0,0,0,0,0,0,0,2,60,0,6016.98,2413.79,0
20.6464,70,19,5408.84,2809.22,0,0,0,0,0,0,0,2,60,0,4987.63,2822.48,0
20.6478,72,22,4508.44,3007.85,0,0,0,0,0,0,0,2,60,0,5364.82,2674.43,0
20.6652,96,19,5410.14,2804.47,0,0,0,0,0,0,0,2,60,0,5630.63,2566.25,0
20.6761,111,19,5394.63,2659.17,0,0,0,0,0,0,0,2,60,0,5548.65,2598.97,0
20.6841,122,19,5377.84,2669.27,0,0,0,0,0,0,0,2,60,0,5440.9,2905.2,0
20.6848,123,34,5570.14,3407.53,0,0,0,0,0,0,0,2,60,0,5451.2,2942.73,0
20.6855,124,19,5322.27,2687.89,0,0,0,0,0,0,0,2,60,0,5424.77,2835.36,0
20.6971,140,17,5022.75,2809.49,0,0,0,0,0,0,0,2,60,0,0,0,0
20.7283,45,18,5217.04,2733.17,0,0,0,0,0,0,0,2,60,0,6235.49,2331.93,0
20.7297,47,37,5628.81,3627.46,0,0,0,0,0,0,0,2,60,0,6123.22,2375.91,0
20.7384,59,17,5007.43,2815.51,0,0,0,0,0,0,0,2,60,0,6016.98,2413.79,0
20.7464,70,19,5408.84,2809.22,0,0,0,0,0,0,0,2,60,0,4987.63,2822.48,0
20.7478,72,22,4508.44,3007.85,0,0,0,0,0,0,0,2,60,0,5364.82,2674.43,0
20.7652,96,19,5410.14,2804.47,0,0,0,0,0,0,0,2,60,0,5630.63,2566.25,0
20.7761,111,19,5394.63,2659.17,0,0,0,0,0,0,0,2,60,0,5548.65,2598.97,0
20.7841,122,19,5377.84,2669.27,0,0,0,0,0,0,0,2,60,0,5440.9,2905.2,0
20.7848,123,34,5570.14,3407.53,0,0,0,0,0,0,0,2,60,0,5451.2,2942.73,0
20.7855,124,19,5322.27,2687.89,0,0,0,0,0,0,0,2,60,0,5424.77,2835.36,0
20.7971,140,17,5022.75,2809.49,0,0,0,0,0,0,0,2,60,0,0,0,0
20.8283,45,18,5217.04,2733.17,0,0,0,0,0,0,0,2,60,0,6235.49,2331.93,0
20.8297,47,37,5628.81,3627.46,0,0,0,0,0,0,0,2,60,0,6123.22,2375.91,0
20.8384,59,17,5007.43,2815.51,0,0,0,0,0,0,0,2,60,0,6016.98,2413.79,0
20.8464,70,19,5408.84,2809.22,0,0,0,0,0,0,0,2,60,0,4987.63,2822.48,0
20.8478,72,22,4508.44,3007.85,0,0,0,0,0,0,0,2,60,0,5364.82,2674.43,0
20.8652,96,19,5410.14,2804.47,0,0,0,0,0,0,0,2,60,0,5630.63,2566.25,0
20.8761,111,19,5394.63,2659.17,0,0,0,0,0,0,0,2,60,0,5548.65,2598.97,0
20.8841,122,19,5377.84,2669.27,0,0,0,0,0,0,0,2,60,0,5440.9,2905.2,0
20.8848,123,34,5570.14,3407.53,0,0,0,0,0,0,0,2,60,0,5451.2,2942.73,0
20.8855,124,19,5322.27,2687.89,0,0,0,0,0,0,0,2,60,0,5424.77,2835.36,0
20.8971,140,17,5022.75,2809.49,0,0,0,0,0,0,0,2,60,0,0,0,0
20.9283,45,18,5217.04,2733.17,0,0,0,0,0,0,0,2,60,0,6235.49,2331.93,0
20.9297,47,37,5628.81,3627.46,0,0,0,0,0,0,0,2,60,0,6123.22,2375.91,0
20.9384,59,17,5007.43,2815.51,0,0,0,0,0,0,0,2,60,0,6016.98,2413.79,0
20.9464,70,19,5408.84,2809.22,0,0,0,0,0,0,0,2,60,0,4987.63,2822.48,0
20.9478,72,22,4508.44,3007.85,0,0,0,0,0,0,0,2,60,0,5364.82,2674.43,0
20.9652,96,19,5410.14,2804.47,0,0,0,0,0,0,0,2,60,0,5630.63,2566.25,0
20.9761,111,19,5394.63,2659.17,0,0,0,0,0,0,0,2,60,0,5548.65,2598.97,0
20.9841,122,19,5377.84,2669.27,0,0,0,0,0,0,0,2,60,0,5440.9,2905.2,0
20.9848,123,34,5570.14,3407.53,0,0,0,0,0,0,0,2,60,0,5451.2,2942.73,0
20.9855,124,19,5322.27,2687.89,0,0,0,0,0,0,0,2,60,0,5424.77,2835.36,0
20.9971,140,17,5022.75,2809.49,0,0,0,0,0,0,0,2,60,0,0,0,0
21.0283,45,18,5217.04,2733.17,0,0,0,0,0,0,0,2,60,0,6235.49,2331.93,0
21.0297,47,37,5628.81,3627.46,0,0,0,0,0,0,0,2,60,0,6123.22,2375.91,0
21.0384,59,17,5007.43,2815.51,0,0,0,0,0,0,0,2,60,0,6016.98,2413.79,0
21.0464,70,19,5408.84,2809.22,0,0,0,0,0,0,0,2,60,0,4987.63,2822.48,0
21.0478,72,22,4508.44,3007.85,0,0,0,0,0,0,0,2,60,0,5364.82,2674.43,0
21.0652,96,19,5410.14,2804.47,0,0,0,0,0,0,0,2,60,0,5630.63,2566.25,0
21.0761,111,19,5394.63,2659.17,0,0,0,0,0,0,0,2,60,0,5548.65,2598.97,0
21.0841,122,19,5377.84,2669.27,0,0,0,0,0,0,0,2,60,0,5440.9,2905.2,0
21.0848,123,34,5570.14,3407.53,0,0,0,0,0,0,0,2,60,0,5451.2,2942.73,0
21.0855,124,19,5322.27,2687.89,0,0,0,0,0,0,0,2,60,0,5424.77,2835.36,0
21.0971,140,17,5022.75,2809.49,0,0,0,0,0,0,0,2,60,0,0,0,0
21.1283,45,18,5217.04,2733.17,0,0,0,0,0,0,0,2,60,0,6235.49,2331.93,0
21.1297,47,37,5628.81,3627.46,0,0,0,0,0,0,0,2,60,0,6123.22,2375.91,0
21.1384,59,17,5007.43,2815.51,0,0,0,0,0,0,0,2,60,0,6016.98,2413.79,0
21.1464,70,19,5408.84,2809.22,0,0,0,0,0,0,0,2,60,0,4987.63,2822.48,0
21.1478,72,22,4508.44,3007.85,0,0,0,0,0,0,0,2,60,0,5364.82,2674.43,0
21.1652,96,19,5410.14,2804.47,0,0,0,0,0,0,0,2,60,0,5630.63,2566.25,0
21.1761,111,19,5394.63,2659.17,0,0,0,0,0,0,0,2,60,0,5548.65,2598.97,0
21.1841,122,19,5377.84,2669.27,0,0,0,0,0,0,0,2,60,0,5440.9,2905.2,0
21.1848,123,34,5570.14,3407.53,0,0,0,0,0,0,0,2,60,0,5451.2,2942.73,0
21.1855,124,19,5322.27,2687.89,0,0,0,0,0,0,0,2,60,0,5424.77,2835.36,0
21.1971,140,17,5022.75,2809.49,0,0,0,0,0,0,0,2,60,0,0,0,0
21.2283,45,18,5217.04,2733.17,0,0,0,0,0,0,0,2,60,0,6235.49,2331.93,0
21.2297,47,37,5628.81,3627.46,0,0,0,0,0,0,0,2,60,0,6123.22,2375.91,0
21.2384,59,17,5007.43,2815.51,0,0,0,0,0,0,0,2,60,0,6016.98,2413.79,0
21.2464,70,19,5408.84,2809.22,0,0,0,0,0,0,0,2,60,0,4987.63,2822.48,0
21.2478,72,22,4508.44,3007.85,0,0,0,0,0,0,0,2,60,0,5364.82,2674.43,0
21.2652,96,19,5410.14,2804.47,0,0,0,0,0,0,0,2,60,0,5630.63,2566.25,0
21.2761,111,19,5394.63,2659.17,0,0,0,0,0,0,0,2,60,0,5548.65,2598.97,0
21.2841,122,19,5377.84,2669.27,0,0,0,0,0,0,0,2,60,0,5440.9,2905.2,0
21.2848,123,34,5570.14,3407.53,0,0,0,0,0,0,0,2,60,0,5451.2,2942.73,0
21.2855,124,19,5322.27,2687.89,0,0,0,0,0,0,0,2,60,0,5424.77,2835.36,0
21.2971,140,17,5022.75,2809.49,0,0,0,0,0,0,0,2,60,0,0,0,0
21.3283,45,18,5217.04,2733.17,0,0,0,0,0,0,0,2,60,0,6235.49,2331.93,0
21.3297,47,37,5628.81,3627.46,0,0,0,0,0,0,0,2,60,0,6123.22,2375.91,0
21.3384,59,17,5007.43,2815.51,0,0,0,0,0,0,0,2,60,0,6016.98,2413.79,0
21.3464,70,19,5408.84,2809.22,0,0,0,0,0,0,0,2,60,0,4987.63,2822.48,0
21.3478,72,22,4508.44,3007.85,0,0,0,0,0,0,0,2,60,0,5364.82,2674.43,0
21.3652,96,19,5410.14,2804.47,0,0,0,0,0,0,0,2,60,0,5630.63,2566.25,0
21.3761,111,19,5394.63,2659.17,0,0,0,0,0,0,0,2,60,0,5548.65,2598.97,0
21.3841,122,19,5377.84,2669.27,0,0,0,0,0,0,0,2,60,0,5440.9,2905.2,0
21.3848,123,34,5570.14,3407.53,0,0,0,0,0,0,0,2,60,0,5451.2,2942.73,0
21.3855,124,19,5322.27,2687.89,0,0,0,0,0,0,0,2,60,0,5424.77,2835.36,0
21.3971,140,17,5022.75,2809.49,0,0,0,0,0,0,0,2,60,0,0,0,0
21.4283,45,18,5217.04,2733.17,0,0,0,0,0,0,0,2,60,0,6235.49,2331.93,0
21.4297,47,37,5628.81,3627.46,0,0,0,0,0,0,0,2,60,0,6123.22,2375.91,0
21.4384,59,17,5007.43,2815.51,0,0,0,0,0,0,0,2,60,0,6016.98,2413.79,0
21.4464,70,19,5408.84,2809.22,0,0,0,0,0,0,0,2,60,0,4987.63,2822.48,0
21.4478,72,22,4508.44,3007.85,0,0,0,0,0,0,0,2,60,0,5364.82,2674.43,0
21.4652,96,19,5410.14,2804.47,0,0,0,0,0,0,0,2,60,0,5630.63,2566.25,0
21.4761,111,19,5394.63,2659.17,0,0,0,0,0,0,0,2,60,0,5548.65,2598.97,0
21.4841,122,19,5377.84,2669.27,0,0,0,0,0,0,0,2,60,0,5440.9,2905.2,0
21.4848,123,34,5570.14,3407.53,0,0,0,0,0,0,0,2,60,0,5451.2,2942.73,0
21.4855,124,19,5322.27,2687.89,0,0,0,0,0,0,0,2,60,0,5424.77,2835.36,0
21.4971,140,17,5022.75,2809.49,0,0,0,0,0,0,0,2,60,0,0,0,0
21.5283,45,18,5217.04,2733.17,0,0,0,0,0,0,0,2,60,0,6235.49,2331.93,0
21.5297,47,37,5628.81,3627.46,0,0,0,0,0,0,0,2,60,0,6123.22,2375.91,0
21.5384,59,17,5007.43,2815.51,0,0,0,0,0,0,0,2,60,0,6016.98,2413.79,0
21.5464,70,19,5408.84,2809.22,0,0,0,0,0,0,0,2,60,0,4987.63,2822.48,0
21.5478,72,22,4508.44,3007.85,0,0,0,0,0,0,0,2,60,0,5364.82,2674.43,0
21.5652,96,19,5410.14,2804.47,0,0,0,0,0,0,0,2,60,0,5630.63,2566.25,0
21.5761,111,19,5394.63,2659.17,0,0,0,0,0,0,0,2,60,0,5548.65,2598.97,0
21.5841,122,19,5377.84,2669.27,0,0,0,0,0,0,0,2,60,0,5440.9,2905.2,0
21.5848,123,34,5570.14,3407.53,0,0,0,0,0,0,0,2,60,0,5451.2,2942.73,0
21.5855,124,19,5322.27,2687.89,0,0,0,0,0,0,0,2,60,0,5424.77,2835.36,0
21.5971,140,17,5022.75,2809.49,0,0,0,0,0,0,0,2,60,0,0,0,0
21.6283,45,18,5217.04,2733.17,0,0,0,0,0,0,0,2,60,0,6235.49,2331.93,0
21.6297,47,37,5628.81,3627.46,0,0,0,0,0,0,0,2,60,0,6123.22,2375.91,0
21.6384,59,17,5007.43,2815.51,0,0,0,0,0,0,0,2,60,0,6016.98,2413.79,0
21.6464,70,19,5408.84,2809.22,0,0,0,0,0,0,0,2,60,0,4987.63,2822.48,0
21.6478,72,22,4508.44,3007.85,0,0,0,0,0,0,0,2,60,0,5364.82,2674.43,0
21.6652,96,19,5410.14,2804.47,0,0,0,0,0,0,0,2,60,0,5630.63,2566.25,0
21.6761,111,19,5394.63,2659.17,0,0,0,0,0,0,0,2,60,0,5548.65,2598.97,0
21.6841,122,19,5377.84,2669.27,0,0,0,0,0,0,0,2,60,0,5440.9,2905.2,0
21.6848,123,34,5570.14,3407.53,0,0,0,0,0,0,0,2,60,0,5451.2,2942.73,0
21.6855,124,19,5322.27,2687.89,0,0,0,0,0,0,0,2,60,0,5424.77,2835.36,0
21.6971,140,17,5022.75,2809.49,0,0,0,0,0,0,0,2,60,0,0,0,0
21.7283,45,18,5217.04,2733.17,0,0,0,0,0,0,0,2,60,0,6235.49,2331.93,0
21.7297,47,37,5628.81,3627.46,0,0,0,0,0,0,0,2,60,0,6123.22,2375.91,0
21.7384,59,17,5007.43,2815.51,0,0,0,0,0,0,0,2,60,0,6016.98,2413.79,0
21.7464,70,19,5408.84,2809.22,0,0,0,0,0,0,0,2,60,0,4987.63,2822.48,0
21.7478,72,22,4508.44,3007.85,0,0,0,0,0,0,0,2,60,0,5364.82,2674.43,0
21.7652,96,19,5410.14,2804.47,0,0,0,0,0,0,0,2,60,0,5630.63,2566.25,0
21.7761,111,19,5394.63,2659.17,0,0,0,0,0,0,0,2,60,0,5548.65,2598.97,0
21.7841,122,19,5377.84,2669.27,0,0,0,0,0,0,0,2,60,0,5440.9,2905.2,0
21.7848,123,34,5570.14,3407.53,0,0,0,0,0,0,0,2,60,0,5451.2,2942.73,0
21.7855,124,19,5322.27,2687.89,0,0,0,0,0,0,0,2,60,0,5424.77,2835.36,0
21.7971,140,17,5022.75,2809.49,0,0,0,0,0,0,0,2,60,0,0,0,0
21.8283,45,18,5217.04,2733.17,0,0,0,0,0,0,0,2,60,0,6235.49,2331.93,0
21.8297,47,37,5628.81,3627.46,0,0,0,0,0,0,0,2,60,0,6123.22,2375.91,0
21.8384,59,17,5007.43,2815.51,0,0,0,0,0,0,0,2,60,0,6016.98,2413.79,0
21.8464,70,19,5408.84,2809.22,0,0,0,0,0,0,0,2,60,0,4987.63,2822.48,0
21.8478,72,22,4508.44,3007.85,0,0,0,0,0,0,0,2,60,0,5364.82,2674.43,0
21.8652,96,19,5410.14,2804.47,0,0,0,0,0,0,0,2,60,0,5630.63,2566.25,0
21.8761,111,19,5394.63,2659.17,0,0,0,0,0,0,0,2,60,0,5548.65,2598.97,0
21.8841,122,19,5377.84,2669.27,0,0,0,0,0,0,0,2,60,0,5440.9,2905.2,0
21.8848,123,34,5570.14,3407.53,0,0,0,0,0,0,0,2,60,0,5451.2,2942.73,0
21.8855,124,19,5322.27,2687.89,0,0,0,0,0,0,0,2,60,0,5424.77,2835.36,0
21.8971,140,17,5022.75,2809.49,0,0,0,0,0,0,0,2,60,0,0,0,0
21.9283,45,18,5217.04,2733.17,0,0,0,0,0,0,0,2,60,0,6235.49,2331.93,0
21.9297,47,37,5628.81,3627.46,0,0,0,0,0,0,0,2,60,0,6123.22,2375.91,0
21.9384,59,17,5007.43,2815.51,0,0,0,0,0,0,0,2,60,0,6016.98,2413.79,0
21.9464,70,19,5408.84,2809.22,0,0,0,0,0,0,0,2,60,0,4987.63,2822.48,0
21.9478,72,22,4508.44,3007.85,0,0,0,0,0,0,0,2,60,0,5364.82,2674.43,0
21.9652,96,19,5410.14,2804.47,0,0,0,0,0,0,0,2,60,0,5630.63,2566.25,0
21.9761,111,19,5394.63,2659.17,0,0,0,0,0,0,0,2,60,0,5548.65,2598.97,0
21.9841,122,19,5377.84,2669.27,0,0,0,0,0,0,0,2,60,0,5440.9,2905.2,0
21.9848,123,34,5570.14,3407.53,0,0,0,0,0,0,0,2,60,0,5451.2,2942.73,0
21.9855,124,19,5322.27,2687.89,0,0,0,0,0,0,0,2,60,0,5424.77,2835.36,0
21.9971,140,17,5022.75,2809.49,0,0,0,0,0,0,0,2,60,0,0,0,0
22.0283,45,18,5217.04,2733.17,0,0,0,0,0,0,0,2,60,0,6235.49,2331.93,0
22.0297,47,37,5628.81,3627.46,0,0,0,0,0,0,0,2,60,0,6123.22,2375.91,0
22.0384,59,17,5007.43,2815.51,0,0,0,0,0,0,0,2,60,0,6016.98,2413.79,0
22.0464,70,19,5408.84,2809.22,0,0,0,0,0,0,0,2,60,0,4987.63,2822.48,0
22.0478,72,22,4508.44,3007.85,0,0,0,0,0,0,0,2,60,0,5364.82,2674.43,0
22.0652,96,19,5410.14,2804.47,0,0,0,0,0,0,0,2,60,0,5630.63,2566.25,0
22.0761,111,19,5394.63,2659.17,0,0,0,0,0,0,0,2,60,0,5548.65,2598.97,0
22.0841,122,19,5377.84,2669.27,0,0,0,0,0,0,0,2,60,0,5440.9,2905.2,0
22.0848,123,34,5570.14,3407.53,0,0,0,0,0,0,0,2,60,0,5451.2,2942.73,0
22.0855,124,19,5322.27,2687.89,0,0,0,0,0,0,0,2,60,0,5424.77,2835.36,0
22.0971,140,17,5022.75,2809.49,0,0,0,0,0,0,0,2,60,0,0,0,0
22.1283,45,18,5217.04,2733.17,0,0,0,0,0,0,0,2,60,0,6235.49,2331.93,0
22.1297,47,37,5628.81,3627.46,0,0,0,0,0,0,0,2,60,0,6123.22,2375.91,0
22.1384,59,17,5007.43,2815.51,0,0,0,0,0,0,0,2,60,0,6016.98,2413.79,0
22.1464,70,19,5408.84,2809.22,0,0,0,0,0,0,0,2,60,0,4987.63,2822.48,0
22.1478,72,22,4508.44,3007.85,0,0,0,0,0,0,0,2,60,0,5364.82,2674.43,0
22.1652,96,19,5410.14,2804.47,0,0,0,0,0,0,0,2,60,0,5630.63,2566.25,0
22.1761,111,19,5394.63,2659.17,0,0,0,0,0,0,0,2,60,0,5548.65,2598.97,0
22.1841,122,19,5377.84,2669.27,0,0,0,0,0,0,0,2,60,0,5440.9,2905.2,0
22.1848,123,34,5570.14,3407.53,0,0,0,0,0,0,0,2,60,0,5451.2,2942.73,0
22.1855,124,19,5322.27,2687.89,0,0,0,0,0,0,0,2,60,0,5424.77,2835.36,0
22.1971,140,17,5022.75,2809.49,0,0,0,0,0,0,0,2,60,0,0,0,0
22.2283,45,18,5217.04,2733.17,0,0,0,0,0,0,0,2,60,0,6235.49,2331.93,0
22.2297,47,37,5628.81,3627.46,0,0,0,0,0,0,0,2,60,0,6123.22,2375.91,0
22.2384,59,17,5007.43,2815.51,0,0,0,0,0,0,0,2,60,0,6016.98,2413.79,0
22.2464,70,19,5408.84,2809.22,0,0,0,0,0,0,0,2,60,0,4987.63,2822.48,0
22.2478,72,22,4508.44,3007.85,0,0,0,0,0,0,0,2,60,0,5364.82,2674.43,0
22.2652,96,19,5410.14,2804.47,0,0,0,0,0,0,0,2,60,0,5630.63,2566.25,0
22.2761,111,19,5394.63,2659.17,0,0,0,0,0,0,0,2,60,0,5548.65,2598.97,0
22.2841,122,19,5377.84,2669.27,0,0,0,0,0,0,0,2,60,0,5440.9,2905.2,0
22.2848,123,34,5570.14,3407.53,0,0,0,0,0,0,0,2,60,0,5451.2,2942.73,0
22.2855,124,19,5322.27,2687.89,0,0,0,0,0,0,0,2,60,0,5424.77,2835.36,0
22.2971,140,17,5022.75,2809.49,0,0,0,0,0,0,0,2,60,0,0,0,0
22.3283,45,18,5217.04,2733.17,0,0,0,0,0,0,0,2,60,0,6235.49,2331.93,0
22.3297,47,37,5628.81,3627.46,0,0,0,0,0,0,0,2,60,0,6123.22,2375.91,0
22.3384,59,17,5007.43,2815.51,0,0,0,0,0,0,0,2,60,0,6016.98,2413.79,0
22.3464,70,19,5408.84,2809.22,0,0,0,0,0,0,0,2,60,0,4987.63,2822.48,0
22.3478,72,22,4508.44,3007.85,0,0,0,0,0,0,0,2,60,0,5364.82,2674.43,0
22.3652,96,19,5410.14,2804.47,0,0,0,0,0,0,0,2,60,0,5630.63,2566.25,0
22.3761,111,19,5394.63,2659.17,0,0,0,0,0,0,0,2,60,0,5548.65,2598.97,0
22.3841,122,19,5377.84,2669.27,0,0,0,0,0,0,0,2,60,0,5440.9,2905.2,0
22.3848,123,34,5570.14,3407.53,0,0,0,0,0,0,0,2,60,0,5451.2,2942.73,0
22.3855,124,19,5322.27,2687.89,0,0,0,0,0,0,0,2,60,0,5424.77,2835.36,0
22.3971,140,17,5022.75,2809.49,0,0,0,0,0,0,0,2,60,0,0,0,0
22.4283,45,18,5217.04,2733.17,0,0,0,0,0,0,0,2,60,0,6235.49,2331.93,0
22.4297,47,37,5628.81,3627.46,0,0,0,0,0,0,0,2,60,0,6123.22,2375.91,0
22.4384,59,17,5007.43,2815.51,0,0,0,0,0,0,0,2,60,0,6016.98,2413.79,0
22.4464,70,19,5408.84,2809.22,0,0,0,0,0,0,0,2,60,0,4987.63,2822.48,0
22.4478,72,22,4508.44,3007.85,0,0,0,0,0,0,0,2,60,0,5364.82,2674.43,0
22.4652,96,19,5410.14,2804.47,0,0,0,0,0,0,0,2,60,0,5630.63,2566.25,0
22.4761,111,19,5394.63,2659.17,0,0,0,0,0,0,0,2,60,0,5548.65,2598.97,0
22.4841,122,19,5377.84,2669.27,0,0,0,0,0,0,0,2,60,0,5440.9,2905.2,0
22.4848,123,34,5570.14,3407.53,0,0,0,0,0,0,0,2,60,0,5451.2,2942.73,0
22.4855,124,19,5322.27,2687.89,0,0,0,0,0,0,0,2,60,0,5424.77,2835.36,0
22.4971,140,17,5022.75,2809.49,0,0,0,0,0,0,0,2,60,0,0,0,0
22.5283,45,18,5217.04,2733.17,0,0,0,0,0,0,0,2,60,0,6235.49,2331.93,0
22.5297,47,37,5628.81,3627.46,0,0,0,0,0,0,0,2,60,0,6123.22,2375.91,0
22.5384,59,17,5007.43,2815.51,0,0,0,0,0,0,0,2,60,0,6016.98,2413.79,0
22.5464,70,19,5408.84,2809.22,0,0,0,0,0,0,0,2,60,0,4987.63,2822.48,0
22.5478,72,22,4508.44,3007.85,0,0,0,0,0,0,0,2,60,0,5364.82,2674.43,0
22.5652,96,19,5410.14,2804.47,0,0,0,0,0,0,0,2,60,0,5630.63,2566.25,0
22.5761,111,19,5394.63,2659.17,0,0,0,0,0,0,0,2,60,0,5548.65,2598.97,0
22.5841,122,19,5377.84,2669.27,0,0,0,0,0,0,0,2,60,0,5440.9,2905.2,0
22.5848,123,34,5570.14,3407.53,0,0,0,0,0,0,0,2,60,0,5451.2,2942.73,0
22.5855,124,19,5322.27,2687.89,0,0,0,0,0,0,0,2,60,0,5424.77,2835.36,0
22.5971,140,17,5022.75,2809.49,0,0,0,0,0,0,0,2,60,0,0,0,0
22.6283,45,18,5217.04,2733.17,0,0,0,0,0,0,0,2,60,0,6235.49,2331.93,0
22.6297,47,37,5628.81,3627.46,0,0,0,0,0,0,0,2,60,0,6123.22,2375.91,0
22.6384,59,17,5007.43,2815.51,0,0,0,0,0,0,0,2,60,0,6016.98,2413.79,0
22.6464,70,19,5408.84,2809.22,0,0,0,0,0,0,0,2,60,0,4987.63,2822.48,0
22.6478,72,22,4508.44,3007.85,0,0,0,0,0,0,0,2,60,0,5364.82,2674.43,0
22.6652,96,19,5410.14,2804.47,0,0,0,0,0,0,0,2,60,0,5630.63,2566.25,0
22.6761,111,19,5394.63,2659.17,0,0,0,0,0,0,0,2,60,0,5548.65,2598.97,0
22.6841,122,19,5377.84,2669.27,0,0,0,0,0,0,0,2,60,0,5440.9,2905.2,0
22.6848,123,34,5570.14,3407.53,0,0,0,0,0,0,0,2,60,0,5451.2,2942.73,0
22.6855,124,19,5322.27,2687.89,0,0,0,0,0,0,0,2,60,0,5424.77,2835.36,0
22.6971,140,17,5022.75,2809.49,0,0,0,0,0,0,0,2,60,0,0,0,0
22.7283,45,18,5217.04,2733.17,0,0,0,0,0,0,0,2,60,0,6235.49,2331.93,0
22.7297,47,37,5628.81,3627.46,0,0,0,0,0,0,0,2,60,0,6123.22,2375.91,0
22.7384,59,17,5007.43,2815.51,0,0,0,0,0,0,0,2,60,0,6016.98,2413.79,0
22.7464,70,19,5408.84,2809.22,0,0,0,0,0,0,0,2,60,0,4987.63,2822.48,0
22.7478,72,22,4508.44,3007.85,0,0,0,0,0,0,0,2,60,0,5364.82,2674.43,0
22.7652,96,19,5410.14,2804.47,0,0,0,0,0,0,0,2,60,0,5630.63,2566.25,0
22.7761,111,19,5394.63,2659.17,0,0,0,0,0,0,0,2,60,0,5548.65,2598.97,0
22.7841,122,19,5377.84,2669.27,0,0,0,0,0,0,0,2,60,0,5440.9,2905.2,0
22.7848,123,34,5570.14,3407.53,0,0,0,0,0,0,0,2,60,0,5451.2,2942.73,0
22.7855,124,19,5322.27,2687.89,0,0,0,0,0,0,0,2,60,0,5424.77,2835.36,0
22.7971,140,17,5022.75,2809.49,0,0,0,0,0,0,0,2,60,0,0,0,0
22.8283,45,18,5217.04,2733.17,0,0,0,0,0,0,0,2,60,0,6235.49,2331.93,0
22.8297,47,37,5628.81,3627.46,0,0,0,0,0,0,0,2,60,0,6123.22,2375.91,0
22.8384,59,17,5007.43,2815.51,0,0,0,0,0,0,0,2,60,0,6016.98,2413.79,0
22.8464,70,19,5408.84,2809.22,0,0,0,0,0,0,0,2,60,0,4987.63,2822.48,0
22.8478,72,22,4508.44,3007.85,0,0,0,0,0,0,0,2,60,0,5364.82,2674.43,0
22.8652,96,19,5410.14,2804.47,0,0,0,0,0,0,0,2,60,0,5630.63,2566.25,0
22.8761,111,19,5394.63,2659.17,0,0,0,0,0,0,0,2,60,0,5548.65,2598.97,0
22.8841,122,19,5377.84,2669.27,0,0,0,0,0,0,0,2,60,0,5440.9,2905.2,0
22.8848,123,34,5570.14,3407.53,0,0,0,0,0,0,0,2,60,0,5451.2,2942.73,0
22.8855,124,19,5322.27,2687.89,0,0,0,0,0,0,0,2,60,0,5424.77,2835.36,0
22.8971,140,17,5022.75,2809.49,0,0,0,0,0,0,0,2,60,0,0,0,0
22.9283,45,18,5217.04,2733.17,0,0,0,0,0,0,0,2,60,0,6235.49,2331.93,0
22.9297,47,37,5628.81,3627.46,0,0,0,0,0,0,0,2,60,0,6123.22,2375.91,0
22.9384,59,17,5007.43,2815.51,0,0,0,0,0,0,0,2,60,0,6016.98,2413.79,0
22.9464,70,19,5408.84,2809.22,0,0,0,0,0,0,0,2,60,0,4987.63,2822.48,0
22.9478,72,22,4508.44,3007.85,0,0,0,0,0,0,0,2,60,0,5364.82,2674.43,0
22.9652,96,19,5410.14,2804.47,0,0,0,0,0,0,0,2,60,0,5630.63,2566.25,0
22.9761,111,19,5394.63,2659.17,0,0,0,0,0,0,0,2,60,0,5548.65,2598.97,0
22.9841,122,19,5377.84,2669.27,0,0,0,0,0,0,0,2,60,0,5440.9,2905.2,0
22.9848,123,34,5570.14,3407.53,0,0,0,0,0,0,0,2,60,0,5451.2,2942.73,0
22.9855,124,19,5322.27,2687.89,0,0,0,0,0,0,0,2,60,0,5424.77,2835.36,0
22.9971,140,17,5022.75,2809.49,0,0,0,0,0,0,0,2,60,0,0,0,0
23.0283,45,18,5217.04,2733.17,0,0,0,0,0,0,0,2,60,0,6235.49,2331.93,0
23.0297,47,37,5628.81,3627.46,0,0,0,0,0,0,0,2,60,0,6123.22,2375.91,0
23.0384,59,17,5007.43,2815.51,0,0,0,0,0,0,0,2,60,0,6016.98,2413.79,0
23.0464,70,19,5408.84,2809.22,0,0,0,0,0,0,0,2,60,0,4987.63,2822.48,0
23.0478,72,22,4508.44,3007.85,0,0,0,0,0,0,0,2,60,0,5364.82,2674.43,0
23.0652,96,19,5410.14,2804.47,0,0,0,0,0,0,0,2,60,0,5630.63,2566.25,0
23.0761,111,19,5394.63,2659.17,0,0,0,0,0,0,0,2,60,0,5548.65,2598.97,0
23.0841,122,19,5377.84,2669.27,0,0,0,0,0,0,0,2,60,0,5440.9,2905.2,0
23.0848,123,34,5570.14,3407.53,0,0,0,0,0,0,0,2,60,0,5451.2,2942.73,0
23.0855,124,19,5322.27,2687.89,0,0,0,0,0,0,0,2,60,0,5424.77,2835.36,0
23.0971,140,17,5022.75,2809.49,0,0,0,0,0,0,0,2,60,0,0,0,0
23.1283,45,18,5217.04,2733.17,0,0,0,0,0,0,0,2,60,0,6235.49,2331.93,0
23.1297,47,37,5628.81,3627.46,0,0,0,0,0,0,0,2,60,0,6123.22,2375.91,0
23.1384,59,17,5007.43,2815.51,0,0,0,0,0,0,0,2,60,0,6016.98,2413.79,0
23.1464,70,19,5408.84,2809.22,0,0,0,0,0,0,0,2,60,0,4987.63,2822.48,0
23.1478,72,22,4508.44,3007.85,0,0,0,0,0,0,0,2,60,0,5364.82,2674.43,0
23.1652,96,19,5410.14,2804.47,0,0,0,0,0,0,0,2,60,0,5630.63,2566.25,0
23.1761,111,19,5394.63,2659.17,0,0,0,0,0,0,0,2,60,0,5548.65,2598.97,0
23.1841,122,19,5377.84,2669.27,0,0,0,0,0,0,0,2,60,0,5440.9,2905.2,0
23.1848,123,34,5570.14,3407.53,0,0,0,0,0,0,0,2,60,0,5451.2,2942.73,0
23.1855,124,19,5322.27,2687.89,0,0,0,0,0,0,0,2,60,0,5424.77,2835.36,0
23.1971,140,17,5022.75,2809.49,0,0,0,0,0,0,0,2,60,0,0,0,0
23.2283,45,18,5217.04,2733.17,0,0,0,0,0,0,0,2,60,0,6235.49,2331.93,0
23.2297,47,37,5628.81,3627.46,0,0,0,0,0,0,0,2,60,0,6123.22,2375.91,0
23.2384,59,17,5007.43,2815.51,0,0,0,0,0,0,0,2,60,0,6016.98,2413.79,0
23.2464,70,19,5408.84,2809.22,0,0,0,0,0,0,0,2,60,0,4987.63,2822.48,0
23.2478,72,22,4508.44,3007.85,0,0,0,0,0,0,0,2,60,0,5364.82,2674.43,0
23.2652,96,19,5410.14,2804.47,0,0,0,0,0,0,0,2,60,0,5630.63,2566.25,0
23.2761,111,19,5394.63,2659.17,0,0,0,0,0,0,0,2,60,0,5548.65,2598.97,0
23.2841,122,19,5377.84,2669.27,0,0,0,0,0,0,0,2,60,0,5440.9,2905.2,0
23.2848,123,34,5570.14,3407.53,0,0,0,0,0,0,0,2,60,0,5451.2,2942.73,0
23.2855,124,19,5322.27,2687.89,0,0,0,0,0,0,0,2,60,0,5424.77,2835.36,0
23.2971,140,17,5022.75,2809.49,0,0,0,0,0,0,0,2,60,0,0,0,0
23.3283,45,18,5217.04,2733.17,0,0,0,0,0,0,0,2,60,0,6235.49,2331.93,0
23.3297,47,37,5628.81,3627.46,0,0,0,0,0,0,0,2,60,0,6123.22,2375.91,0
23.3384,59,17,5007.43,2815.51,0,0,0,0,0,0,0,2,60,0,6016.98,2413.79,0
23.3464,70,19,5408.84,2809.22,0,0,0,0,0,0,0,2,60,0,4987.63,2822.48,0
23.3478,72,22,4508.44,3007.85,0,0,0,0,0,0,0,2,60,0,5364.82,2674.43,0
23.3652,96,19,5410.14,2804.47,0,0,0,0,0,0,0,2,60,0,5630.63,2566.25,0
23.3761,111,19,5394.63,2659.17,0,0,0,0,0,0,0,2,60,0,5548.65,2598.97,0
23.3841,122,19,5377.84,2669.27,0,0,0,0,0,0,0,2,60,0,5440.9,2905.2,0
23.3848,123,34,5570.14,3407.53,0,0,0,0,0,0,0,2,60,0,5451.2,2942.73,0
23.3855,124,19,5322.27,2687.89,0,0,0,0,0,0,0,2,60,0,5424.77,2835.36,0
23.3971,140,17,5022.75,2809.49,0,0,0,0,0,0,0,2,60,0,0,0,0
23.4283,45,18,5217.04,2733.17,0,0,0,0,0,0,0,2,60,0,6235.49,2331.93,0
23.4297,47,37,5628.81,3627.46,0,0,0,0,0,0,0,2,60,0,6123.22,2375.91,0
23.4384,59,17,5007.43,2815.51,0,0,0,0,0,0,0,2,60,0,6016.98,2413.79,0
23.4464,70,19,5408.84,2809.22,0,0,0,0,0,0,0,2,60,0,4987.63,2822.48,0
23.4478,72,22,4508.44,3007.85,0,0,0,0,0,0,0,2,60,0,5364.82,2674.43,0
23.4652,96,19,5410.14,2804.47,0,0,0,0,0,0,0,2,60,0,5630.63,2566.25,0
23.4761,111,19,5394.63,2659.17,0,0,0,0,0,0,0,2,60,0,5548.65,2598.97,0
23.4841,122,19,5377.84,2669.27,0,0,0,0,0,0,0,2,60,0,5440.9,2905.2,0
23.4848,123,34,5570.14,3407.53,0,0,0,0,0,0,0,2,60,0,5451.2,2942.73,0
23.4855,124,19,5322.27,2687.89,0,0,0,0,0,0,0,2,60,0,5424.77,2835.36,0
23.4971,140,17,5022.75,2809.49,0,0,0,0,0,0,0,2,60,0,0,0,0
23.5283,45,18,5217.04,2733.17,0,0,0,0,0,0,0,2,60,0,6235.49,2331.93,0
23.5297,47,37,5628.81,3627.46,0,0,0,0,0,0,0,2,60,0,6123.22,2375.91,0
23.5384,59,17,5007.43,2815.51,0,0,0,0,0,0,0,2,60,0,6016.98,2413.79,0
23.5464,70,19,5408.84,2809.22,0,0,0,0,0,0,0,2,60,0,4987.63,2822.48,0
23.5478,72,22,4508.44,3007.85,0,0,0,0,0,0,0,2,60,0,5364.82,2674.43,0
23.5652,96,19,5410.14,2804.47,0,0,0,0,0,0,0,2,60,0,5630.63,2566.25,0
23.5761,111,19,5394.63,2659.17,0,0,0,0,0,0,0,2,60,0,5548.65,2598.97,0
23.5841,122,19,5377.84,2669.27,0,0,0,0,0,0,0,2,60,0,5440.9,2905.2,0
23.5848,123,34,5570.14,3407.53,0,0,0,0,0,0,0,2,60,0,5451.2,2942.73,0
23.5855,124,19,5322.27,2687.89,0,0,0,0,0,0,0,2,60,0,5424.77,2835.36,0
23.5971,140,17,5022.75,2809.49,0,0,0,0,0,0,0,2,60,0,0,0,0
23.6283,45,18,5217.04,2733.17,0,0,0,0,0,0,0,2,60,0,6235.49,2331.93,0
23.6297,47,37,5628.81,3627.46,0,0,0,0,0,0,0,2,60,0,6123.22,2375.91,0
23.6384,59,17,5007.43,2815.51,0,0,0,0,0,0,0,2,60,0,6016.98,2413.79,0
23.6464,70,19,5408.84,2809.22,0,0,0,0,0,0,0,2,60,0,4987.63,2822.48,0
23.6478,72,22,4508.44,3007.85,0,0,0,0,0,0,0,2,60,0,5364.82,2674.43,0
23.6652,96,19,5410.14,2804.47,0,0,0,0,0,0,0,2,60,0,5630.63,2566.25,0
23.6761,111,19,5394.63,2659.17,0,0,0,0,0,0,0,2,60,0,5548.65,2598.97,0
23.6841,122,19,5377.84,2669.27,0,0,0,0,0,0,0,2,60,0,5440.9,2905.2,0
23.6848,123,34,5570.14,3407.53,0,0,0,0,0,0,0,2,60,0,5451.2,2942.73,0
23.6855,124,19,5322.27,2687.89,0,0,0,0,0,0,0,2,60,0,5424.77,2835.36,0
23.6971,140,17,5022.75,2809.49,0,0,0,0,0,0,0,2,60,0,0,0,0
23.7283,45,18,5217.04,2733.17,0,0,0,0,0,0,0,2,60,0,6235.49,2331.93,0
23.7297,47,37,5628.81,3627.46,0,0,0,0,0,0,0,2,60,0,6123.22,2375.91,0
23.7384,59,17,5007.43,2815.51,0,0,0,0,0,0,0,2,60,0,6016.98,2413.79,0
23.7464,70,19,5408.84,2809.22,0,0,0,0,0,0,0,2,60,0,4987.63,2822.48,0
23.7478,72,22,4508.44,3007.85,0,0,0,0,0,0,0,2,60,0,5364.82,2674.43,0
23.7652,96,19,5410.14,2804.47,0,0,0,0,0,0,0,2,60,0,5630.63,2566.25,0
23.7761,111,19,5394.63,2659.17,0,0,0,0,0,0,0,2,60,0,5548.65,2598.97,0
23.7841,122,19,5377.84,2669.27,0,0,0,0,0,0,0,2,60,0,5440.9,2905.2,0
23.7848,123,34,5570.14,3407.53,0,0,0,0,0,0,0,2,60,0,5451.2,2942.73,0
23.7855,124,19,5322.27,2687.89,0,0,0,0,0,0,0,2,60,0,5424.77,2835.36,0
23.7971,140,17,5022.75,2809.49,0,0,0,0,0,0,0,2,60,0,0,0,0
23.8283,45,18,5217.04,2733.17,0,0,0,0,0,0,0,2,60,0,6235.49,2331.93,0
23.8297,47,37,5628.81,3627.46,0,0,0,0,0,0,0,2,60,0,6123.22,2375.91,0
23.8384,59,17,5007.43,2815.51,0,0,0,0,0,0,0,2,60,0,6016.98,2413.79,0
23.8464,70,19,5408.84,2809.22,0,0,0,0,0,0,0,2,60,0,4987.63,2822.48,0
23.8478,72,22,4508.44,3007.85,0,0,0,0,0,0,0,2,60,0,5364.82,2674.43,0
23.8652,96,19,5410.14,2804.47,0,0,0,0,0,0,0,2,60,0,5630.63,2566.25,0
23.8761,111,19,5394.63,2659.17,0,0,0,0,0,0,0,2,60,0,5548.65,2598.97,0
23.8841,122,19,5377.84,2669.27,0,0,0,0,0,0,0,2,60,0,5440.9,2905.2,0
23.8848,123,34,5570.14,3407.53,0,0,0,0,0,0,0,2,60,0,5451.2,2942.73,0
23.8855,124,19,5322.27,2687.89,0,0,0,0,0,0,0,2,60,0,5424.77,2835.36,0
23.8971,140,17,5022.75,2809.49,0,0,0,0,0,0,0,2,60,0,0,0,0
23.9283,45,18,5217.04,2733.17,0,0,0,0,0,0,0,2,60,0,6235.49,2331.93,0
23.9297,47,37,5628.81,3627.46,0,0,0,0,0,0,0,2,60,0,6123.22,2375.91,0
23.9384,59,17,5007.43,2815.51,0,0,0,0,0,0,0,2,60,0,6016.98,2413.79,0
23.9464,70,19,5408.84,2809.22,0,0,0,0,0,0,0,2,60,0,4987.63,2822.48,0
23.9478,72,22,4508.44,3007.85,0,0,0,0,0,0,0,2,60,0,5364.82,2674.43,0
23.9652,96,19,5410.14,2804.47,0,0,0,0,0,0,0,2,60,0,5630.63,2566.25,0
23.9761,111,19,5394.63,2659.17,0,0,0,0,0,0,0,2,60,0,5548.65,2598.97,0
23.9841,122,19,5377.84,2669.27,0,0,0,0,0,0,0,2,60,0,5440.9,2905.2,0
23.9848,123,34,5570.14,3407.53,0,0,0,0,0,0,0,2,60,0,5451.2,2942.73,0
23.9855,124,19,5322.27,2687.89,0,0,0,0,0,0,0,2,60,0,5424.77,2835.36,0
23.9971,140,17,5022.75,2809.49,0,0,0,0,0,0,0,2,60,0,0,0,0
24.0283,45,18,5217.04,2733.17,0,0,0,0,0,0,0,2,60,0,6235.49,2331.93,0
24.0297,47,37,5628.81,3627.46,0,0,0,0,0,0,0,2,60,0,6123.22,2375.91,0
24.0384,59,17,5007.43,2815.51,0,0,0,0,0,0,0,2,60,0,6016.98,2413.79,0
24.0464,70,19,5408.84,2809.22,0,0,0,0,0,0,0,2,60,0,4987.63,2822.48,0
24.0478,72,22,4508.44,3007.85,0,0,0,0,0,0,0,2,60,0,5364.82,2674.43,0
24.0652,96,19,5410.14,2804.47,0,0,0,0,0,0,0,2,60,0,5630.63,2566.25,0
24.0761,111,19,5394.63,2659.17,0,0,0,0,0,0,0,2,60,0,5548.65,2598.97,0
24.0841,122,19,5377.84,2669.27,0,0,0,0,0,0,0,2,60,0,5440.9,2905.2,0
24.0848,123,34,5570.14,3407.53,0,0,0,0,0,0,0,2,60,0,5451.2,2942.73,0
24.0855,124,19,5322.27,2687.89,0,0,0,0,0,0,0,2,60,0,5424.77,2835.36,0
24.0971,140,17,5022.75,2809.49,0,0,0,0,0,0,0,2,60,0,0,0,0
24.1283,45,18,5217.04,2733.17,0,0,0,0,0,0,0,2,60,0,6235.49,2331.93,0
24.1297,47,37,5628.81,3627.46,0,0,0,0,0,0,0,2,60,0,6123.22,2375.91,0
24.1384,59,17,5007.43,2815.51,0,0,0,0,0,0,0,2,60,0,6016.98,2413.79,0
24.1464,70,19,5408.84,2809.22,0,0,0,0,0,0,0,2,60,0,4987.63,2822.48,0
24.1478,72,22,4508.44,3007.85,0,0,0,0,0,0,0,2,60,0,5364.82,2674.43,0
24.1652,96,19,5410.14,2804.47,0,0,0,0,0,0,0,2,60,0,5630.63,2566.25,0
24.1761,111,19,5394.63,2659.17,0,0,0,0,0,0,0,2,60,0,5548.65,2598.97,0
24.1841,122,19,5377.84,2669.27,0,0,0,0,0,0,0,2,60,0,5440.9,2905.2,0
24.1848,123,34,5570.14,3407.53,0,0,0,0,0,0,0,2,60,0,5451.2,2942.73,0
24.1855,124,19,5322.27,2687.89,0,0,0,0,0,0,0,2,60,0,5424.77,2835.36,0
24.1971,140,17,5022.75,2809.49,0,0,0,0,0,0,0,2,60,0,0,0,0
24.2283,45,18,5217.04,2733.17,0,0,0,0,0,0,0,2,60,0,6235.49,2331.93,0
24.2297,47,37,5628.81,3627.46,0,0,0,0,0,0,0,2,60,0,6123.22,2375.91,0
24.2384,59,17,5007.43,2815.51,0,0,0,0,0,0,0,2,60,0,6016.98,2413.79,0
24.2464,70,19,5408.84,2809.22,0,0,0,0,0,0,0,2,60,0,4987.63,2822.48,0
24.2478,72,22,4508.44,3007.85,0,0,0,0,0,0,0,2,60,0,5364.82,2674.43,0
24.2652,96,19,5410.14,2804.47,0,0,0,0,0,0,0,2,60,0,5630.63,2566.25,0
24.2761,111,19,5394.63,2659.17,0,0,0,0,0,0,0,2,60,0,5548.65,2598.97,0
24.2841,122,19,5377.84,2669.27,0,0,0,0,0,0,0,2,60,0,5440.9,2905.2,0
24.2848,123,34,5570.14,3407.53,0,0,0,0,0,0,0,2,60,0,5451.2,2942.73,0
24.2855,124,19,5322.27,2687.89,0,0,0,0,0,0,0,2,60,0,5424.77,2835.36,0
24.2971,140,17,5022.75,2809.49,0,0,0,0,0,0,0,2,60,0,0,0,0
24.3283,45,18,5217.04,2733.17,0,0,0,0,0,0,0,2,60,0,6235.49,2331.93,0
24.3297,47,37,5628.81,3627.46,0,0,0,0,0,0,0,2,60,0,6123.22,2375.91,0
24.3384,59,17,5007.43,2815.51,0,0,0,0,0,0,0,2,60,0,6016.98,2413.79,0
24.3464,70,19,5408.84,2809.22,0,0,0,0,0,0,0,2,60,0,4987.63,2822.48,0
24.3478,72,22,4508.44,3007.85,0,0,0,0,0,0,0,2,60,0,5364.82,2674.43,0
24.3652,96,19,5410.14,2804.47,0,0,0,0,0,0,0,2,60,0,5630.63,2566.25,0
24.3761,111,19,5394.63,2659.17,0,0,0,0,0,0,0,2,60,0,5548.65,2598.97,0
24.3841,122,19,5377.84,2669.27,0,0,0,0,0,0,0,2,60,0,5440.9,2905.2,0
24.3848,123,34,5570.14,3407.53,0,0,0,0,0,0,0,2,60,0,5451.2,2942.73,0
24.3855,124,19,5322.27,2687.89,0,0,0,0,0,0,0,2,60,0,5424.77,2835.36,0
24.3971,140,17,5022.75,2809.49,0,0,0,0,0,0,0,2,60,0,0,0,0
24.4283,45,18,5217.04,2733.17,0,0,0,0,0,0,0,2,60,0,6235.49,2331.93,0
24.4297,47,37,5628.81,3627.46,0,0,0,0,0,0,0,2,60,0,6123.22,2375.91,0
24.4384,59,17,5007.43,2815.51,0,0,0,0,0,0,0,2,60,0,6016.98,2413.79,0
24.4464,70,19,5408.84,2809.22,0,0,0,0,0,0,0,2,60,0,4987.63,2822.48,0
24.4478,72,22,4508.44,3007.85,0,0,0,0,0,0,0,2,60,0,5364.82,2674.43,0
24.4652,96,19,5410.14,2804.47,0,0,0,0,0,0,0,2,60,0,5630.63,2566.25,0
24.4761,111,19,5394.63,2659.17,0,0,0,0,0,0,0,2,60,0,5548.65,2598.97,0
24.4841,122,19,5377.84,2669.27,0,0,0,0,0,0,0,2,60,0,5440.9,2905.2,0
24.4848,123,34,5570.14,3407.53,0,0,0,0,0,0,0,2,60,0,5451.2,2942.73,0
24.4855,124,19,5322.27,2687.89,0,0,0,0,0,0,0,2,60,0,5424.77,2835.36,0
24.4971,140,17,5022.75,2809.49,0,0,0,0,0,0,0,2,60,0,0,0,0
24.5283,45,18,5217.04,2733.17,0,0,0,0,0,0,0,2,60,0,6235.49,2331.93,0
24.5297,47,37,5628.81,3627.46,0,0,0,0,0,0,0,2,60,0,6123.22,2375.91,0
24.5384,59,17,5007.43,2815.51,0,0,0,0,0,0,0,2,60,0,6016.98,2413.79,0
24.5464,70,19,5408.84,2809.22,0,0,0,0,0,0,0,2,60,0,4987.63,2822.48,0
24.5478,72,22,4508.44,3007.85,0,0,0,0,0,0,0,2,60,0,5364.82,2674.43,0
24.5652,96,19,5410.14,2804.47,0,0,0,0,0,0,0,2,60,0,5630.63,2566.25,0
24.5761,111,19,5394.63,2659.17,0,0,0,0,0,0,0,2,60,0,5548.65,2598.97,0
24.5841,122,19,5377.84,2669.27,0,0,0,0,0,0,0,2,60,0,5440.9,2905.2,0
24.5848,123,34,5570.14,3407.53,0,0,0,0,0,0,0,2,60,0,5451.2,2942.73,0
24.5855,124,19,5322.27,2687.89,0,0,0,0,0,0,0,2,60,0,5424.77,2835.36,0
24.5971,140,17,5022.75,2809.49,0,0,0,0,0,0,0,2,60,0,0,0,0
24.6283,45,18,5217.04,2733.17,0,0,0,0,0,0,0,2,60,0,6235.49,2331.93,0
24.6297,47,37,5628.81,3627.46,0,0,0,0,0,0,0,2,60,0,6123.22,2375.91,0
24.6384,59,17,5007.43,2815.51,0,0,0,0,0,0,0,2,60,0,6016.98,2413.79,0
24.6464,70,19,5408.84,2809.22,0,0,0,0,0,0,0,2,60,0,4987.63,2822.48,0
24.6478,72,22,4508.44,3007.85,0,0,0,0,0,0,0,2,60,0,5364.82,2674.43,0
24.6652,96,19,5410.14,2804.47,0,0,0,0,0,0,0,2,60,0,5630.63,2566.25,0
24.6761,111,19,5394.63,2659.17,0,0,0,0,0,0,0,2,60,0,5548.65,2598.97,0
24.6841,122,19,5377.84,2669.27,0,0,0,0,0,0,0,2,60,0,5440.9,2905.2,0
24.6848,123,34,5570.14,3407.53,0,0,0,0,0,0,0,2,60,0,5451.2,2942.73,0
24.6855,124,19,5322.27,2687.89,0,0,0,0,0,0,0,2,60,0,5424.77,2835.36,0
24.6971,140,17,5022.75,2809.49,0,0,0,0,0,0,0,2,60,0,0,0,0
24.7283,45,18,5217.04,2733.17,0,0,0,0,0,0,0,2,60,0,6235.49,2331.93,0
24.7297,47,37,5628.81,3627.46,0,0,0,0,0,0,0,2,60,0,6123.22,2375.91,0
24.7384,59,17,5007.43,2815.51,0,0,0,0,0,0,0,2,60,0,6016.98,2413.79,0
24.7464,70,19,5408.84,2809.22,0,0,0,0,0,0,0,2,60,0,4987.63,2822.48,0
24.7478,72,22,4508.44,3007.85,0,0,0,0,0,0,0,2,60,0,5364.82,2674.43,0
24.7652,96,19,5410.14,2804.47,0,0,0,0,0,0,0,2,60,0,5630.63,2566.25,0
24.7761,111,19,5394.63,2659.17,0,0,0,0,0,0,0,2,60,0,5548.65,2598.97,0
24.7841,122,19,5377.84,2669.27,0,0,0,0,0,0,0,2,60,0,5440.9,2905.2,0
24.7848,123,34,5570.14,3407.53,0,0,0,0,0,0,0,2,60,0,5451.2,2942.73,0
24.7855,124,19,5322.27,2687.89,0,0,0,0,0,0,0,2,60,0,5424.77,2835.36,0
24.7971,140,17,5022.75,2809.49,0,0,0,0,0,0,0,2,60,0,0,0,0
24.8283,45,18,5217.04,2733.17,0,0,0,0,0,0,0,2,60,0,6235.49,2331.93,0
24.8297,47,37,5628.81,3627.46,0,0,0,0,0,0,0,2,60,0,6123.22,2375.91,0
24.8384,59,17,5007.43,2815.51,0,0,0,0,0,0,0,2,60,0,6016.98,2413.79,0
24.8464,70,19,5408.84,2809.22,0,0,0,0,0,0,0,2,60,0,4987.63,2822.48,0
24.8478,72,22,4508.44,3007.85,0,0,0,0,0,0,0,2,60,0,5364.82,2674.43,0
24.8652,96,19,5410.14,2804.47,0,0,0,0,0,0,0,2,60,0,5630.63,2566.25,0
24.8761,111,19,5394.63,2659.17,0,0,0,0,0,0,0,2,60,0,5548.65,2598.97,0
24.8841,122,19,5377.84,2669.27,0,0,0,0,0,0,0,2,60,0,5440.9,2905.2,0
24.8848,123,34,5570.14,3407.53,0,0,0,0,0,0,0,2,60,0,5451.2,2942.73,0
24.8855,124,19,5322.27,2687.89,0,0,0,0,0,0,0,2,60,0,5424.77,2835.36,0
24.8971,140,17,5022.75,2809.49,0,0,0,0,0,0,0,2,60,0,0,0,0
24.9283,45,18,5217.04,2733.17,0,0,0,0,0,0,0,2,60,0,6235.49,2331.93,0
24.9297,47,37,5628.81,3627.46,0,0,0,0,0,0,0,2,60,0,6123.22,2375.91,0
24.9384,59,17,5007.43,2815.51,0,0,0,0,0,0,0,2,60,0,6016.98,2413.79,0
24.9464,70,19,5408.84,2809.22,0,0,0,0,0,0,0,2,60,0,4987.63,2822.48,0
24.9478,72,22,4508.44,3007.85,0,0,0,0,0,0,0,2,60,0,5364.82,2674.43,0
24.9652,96,19,5410.14,2804.47,0,0,0,0,0,0,0,2,60,0,5630.63,2566.25,0
24.9761,111,19,5394.63,2659.17,0,0,0,0,0,0,0,2,60,0,5548.65,2598.97,0
24.9841,122,19,5377.84,2669.27,0,0,0,0,0,0,0,2,60,0,5440.9,2905.2,0
24.9848,123,34,5570.14,3407.53,0,0,0,0,0,0,0,2,60,0,5451.2,2942.73,0
24.9855,124,19,5322.27,2687.89,0,0,0,0,0,0,0,2,60,0,5424.77,2835.36,0
24.9971,140,17,5022.75,2809.49,0,0,0,0,0,0,0,2,60,0,0,0,0
25.0283,45,18,5217.04,2733.17,0,0,0,0,0,0,0,2,60,0,6235.49,2331.93,0
25.0297,47,37,5628.81,3627.46,0,0,0,0,0,0,0,2,60,0,6123.22,2375.91,0
25.0384,59,17,5007.43,2815.51,0,0,0,0,0,0,0,2,60,0,6016.98,2413.79,0
25.0464,70,19,5408.84,2809.22,0,0,0,0,0,0,0,2,60,0,4987.63,2822.48,0
25.0478,72,22,4508.44,3007.85,0,0,0,0,0,0,0,2,60,0,5364.82,2674.43,0
25.0652,96,19,5410.14,2804.47,0,0,0,0,0,0,0,2,60,0,5630.63,2566.25,0
25.0761,111,19,5394.63,2659.17,0,0,0,0,0,0,0,2,60,0,5548.65,2598.97,0
25.0841,122,19,5377.84,2669.27,0,0,0,0,0,0,0,2,60,0,5440.9,2905.2,0
25.0848,123,34,5570.14,3407.53,0,0,0,0,0,0,0,2,60,0,5451.2,2942.73,0
25.0855,124,19,5322.27,2687.89,0,0,0,0,0,0,0,2,60,0,5424.77,2835.36,0
25.0971,140,17,5022.75,2809.49,0,0,0,0,0,0,0,2,60,0,0,0,0
25.1283,45,18,5217.04,2733.17,0,0,0,0,0,0,0,2,60,0,6235.49,2331.93,0
25.1297,47,37,5628.81,3627.46,0,0,0,0,0,0,0,2,60,0,6123.22,2375.91,0
25.1384,59,17,5007.43,2815.51,0,0,0,0,0,0,0,2,60,0,6016.98,2413.79,0
25.1464,70,19,5408.84,2809.22,0,0,0,0,0,0,0,2,60,0,4987.63,2822.48,0
25.1478,72,22,4508.44,3007.85,0,0,0,0,0,0,0,2,60,0,5364.82,2674.43,0
25.1652,96,19,5410.14,2804.47,0,0,0,0,0,0,0,2,60,0,5630.63,2566.25,0
25.1761,111,19,5394.63,2659.17,0,0,0,0,0,0,0,2,60,0,5548.65,2598.97,0
25.1841,122,19,5377.84,2669.27,0,0,0,0,0,0,0,2,60,0,5440.9,2905.2,0
25.1848,123,34,5570.14,3407.53,0,0,0,0,0,0,0,2,60,0,5451.2,2942.73,0
25.1855,124,19,5322.27,2687.89,0,0,0,0,0,0,0,2,60,0,5424.77,2835.36,0
25.1971,140,17,5022.75,2809.49,0,0,0,0,0,0,0,2,60,0,0,0,0
25.2283,45,18,5217.04,2733.17,0,0,0,0,0,0,0,2,60,0,6235.49,2331.93,0
25.2297,47,37,5628.81,3627.46,0,0,0,0,0,0,0,2,60,0,6123.22,2375.91,0
25.2384,59,17,5007.43,2815.51,0,0,0,0,0,0,0,2,60,0,6016.98,2413.79,0
25.2464,70,19,5408.84,2809.22,0,0,0,0,0,0,0,2,60,0,4987.63,2822.48,0
25.2478,72,22,4508.44,3007.85,0,0,0,0,0,0,0,2,60,0,5364.82,2674.43,0
25.2652,96,19,5410.14,2804.47,0,0,0,0,0,0,0,2,60,0,5630.63,2566.25,0
25.2761,111,19,5394.63,2659.17,0,0,0,0,0,0,0,2,60,0,5548.65,2598.97,0
25.2841,122,19,5377.84,2669.27,0,0,0,0,0,0,0,2,60,0,5440.9,2905.2,0
25.2848,123,34,5570.14,3407.53,0,0,0,0,0,0,0,2,60,0,5451.2,2942.73,0
25.2855,124,19,5322.27,2687.89,0,0,0,0,0,0,0,2,60,0,5424.77,2835.36,0
25.2971,140,17,5022.75,2809.49,0,0,0,0,0,0,0,2,60,0,0,0,0
25.3283,45,18,5217.04,2733.17,0,0,0,0,0,0,0,2,60,0,6235.49,2331.93,0
25.3297,47,37,5628.81,3627.46,0,0,0,0,0,0,0,2,60,0,6123.22,2375.91,0
25.3384,59,17,5007.43,2815.51,0,0,0,0,0,0,0,2,60,0,6016.98,2413.79,0
25.3464,70,19,5408.84,2809.22,0,0,0,0,0,0,0,2,60,0,4987.63,2822.48,0
25.3478,72,22,4508.44,3007.85,0,0,0,0,0,0,0,2,60,0,5364.82,2674.43,0
25.3652,96,19,5410.14,2804.47,0,0,0,0,0,0,0,2,60,0,5630.63,2566.25,0
25.3761,111,19,5394.63,2659.17,0,0,0,0,0,0,0,2,60,0,5548.65,2598.97,0
25.3841,122,19,5377.84,2669.27,0,0,0,0,0,0,0,2,60,0,5440.9,2905.2,0
25.3848,123,34,5570.14,3407.53,0,0,0,0,0,0,0,2,60,0,5451.2,2942.73,0
25.3855,124,19,5322.27,2687.89,0,0,0,0,0,0,0,2,60,0,5424.77,2835.36,0
25.3971,140,17,5022.75,2809.49,0,0,0,0,0,0,0,2,60,0,0,0,0
25.4283,45,18,5217.04,2733.17,0,0,0,0,0,0,0,2,60,0,6235.49,2331.93,0
25.4297,47,37,5628.81,3627.46,0,0,0,0,0,0,0,2,60,0,6123.22,2375.91,0
25.4384,59,17,5007.43,2815.51,0,0,0,0,0,0,0,2,60,0,6016.98,2413.79,0
25.4464,70,19,5408.84,2809.22,0,0,0,0,0,0,0,2,60,0,4987.63,2822.48,0
25.4478,72,22,4508.44,3007.85,0,0,0,0,0,0,0,2,60,0,5364.82,2674.43,0
25.4652,96,19,5410.14,2804.47,0,0,0,0,0,0,0,2,60,0,5630.63,2566.25,0
25.4761,111,19,5394.63,2659.17,0,0,0,0,0,0,0,2,60,0,5548.65,2598.97,0
25.4841,122,19,5377.84,2669.27,0,0,0,0,0,0,0,2,60,0,5440.9,2905.2,0
25.4848,123,34,5570.14,3407.53,0,0,0,0,0,0,0,2,60,0,5451.2,2942.73,0
25.4855,124,19,5322.27,2687.89,0,0,0,0,0,0,0,2,60,0,5424.77,2835.36,0
25.4971,140,17,5022.75,2809.49,0,0,0,0,0,0,0,2,60,0,0,0,0
25.5283,45,18,5217.04,2733.17,0,0,0,0,0,0,0,2,60,0,6235.49,2331.93,0
25.5297,47,37,5628.81,3627.46,0,0,0,0,0,0,0,2,60,0,6123.22,2375.91,0
25.5384,59,17,5007.43,2815.51,0,0,0,0,0,0,0,2,60,0,6016.98,2413.79,0
25.5464,70,19,5408.84,2809.22,0,0,0,0,0,0,0,2,60,0,4987.63,2822.48,0
25.5478,72,22,4508.44,3007.85,0,0,0,0,0,0,0,2,60,0,5364.82,2674.43,0
25.5652,96,19,5410.14,2804.47,0,0,0,0,0,0,0,2,60,0,5630.63,2566.25,0
25.5761,111,19,5394.63,2659.17,0,0,0,0,0,0,0,2,60,0,5548.65,2598.97,0
25.5841,122,19,5377.84,2669.27,0,0,0,0,0,0,0,2,60,0,5440.9,2905.2,0
25.5848,123,34,5570.14,3407.53,0,0,0,0,0,0,0,2,60,0,5451.2,2942.73,0
25.5855,124,19,5322.27,2687.89,0,0,0,0,0,0,0,2,60,0,5424.77,2835.36,0
25.5971,140,17,5022.75,2809.49,0,0,0,0,0,0,0,2,60,0,0,0,0
25.6283,45,18,5217.04,2733.17,0,0,0,0,0,0,0,2,60,0,6235.49,2331.93,0
25.6297,47,37,5628.81,3627.46,0,0,0,0,0,0,0,2,60,0,6123.22,2375.91,0
25.6384,59,17,5007.43,2815.51,0,0,0,0,0,0,0,2,60,0,6016.98,2413.79,0
25.6464,70,19,5408.84,2809.22,0,0,0,0,0,0,0,2,60,0,4987.63,2822.48,0
25.6478,72,22,4508.44,3007.85,0,0,0,0,0,0,0,2,60,0,5364.82,2674.43,0
25.6652,96,19,5410.14,2804.47,0,0,0,0,0,0,0,2,60,0,5630.63,2566.25,0
25.6761,111,19,5394.63,2659.17,0,0,0,0,0,0,0,2,60,0,5548.65,2598.97,0
25.6841,122,19,5377.84,2669.27,0,0,0,0,0,0,0,2,60,0,5440.9,2905.2,0
25.6848,123,34,5570.14,3407.53,0,0,0,0,0,0,0,2,60,0,5451.2,2942.73,0
25.6855,124,19,5322.27,2687.89,0,0,0,0,0,0,0,2,60,0,5424.77,2835.36,0
25.6971,140,17,5022.75,2809.49,0,0,0,0,0,0,0,2,60,0,0,0,0
25.7283,45,18,5217.04,2733.17,0,0,0,0,0,0,0,2,60,0,6235.49,2331.93,0
25.7297,47,37,5628.81,3627.46,0,0,0,0,0,0,0,2,60,0,6123.22,2375.91,0
25.7384,59,17,5007.43,2815.51,0,0,0,0,0,0,0,2,60,0,6016.98,2413.79,0
25.7464,70,19,5408.84,2809.22,0,0,0,0,0,0,0,2,60,0,4987.63,2822.48,0
25.7478,72,22,4508.44,3007.85,0,0,0,0,0,0,0,2,60,0,5364.82,2674.43,0
25.7652,96,19,5410.14,2804.47,0,0,0,0,0,0,0,2,60,0,5630.63,2566.25,0
25.7761,111,19,5394.63,2659.17,0,0,0,0,0,0,0,2,60,0,5548.65,2598.97,0
25.7841,122,19,5377.84,2669.27,0,0,0,0,0,0,0,2,60,0,5440.9,2905.2,0
25.7848,123,34,5570.14,3407.53,0,0,0,0,0,0,0,2,60,0,5451.2,2942.73,0
25.7855,124,19,5322.27,2687.89,0,0,0,0,0,0,0,2,60,0,5424.77,2835.36,0
25.7971,140,17,5022.75,2809.49,0,0,0,0,0,0,0,2,60,0,0,0,0
25.8283,45,18,5217.04,2733.17,0,0,0,0,0,0,0,2,60,0,6235.49,2331.93,0
25.8297,47,37,5628.81,3627.46,0,0,0,0,0,0,0,2,60,0,6123.22,2375.91,0
25.8384,59,17,5007.43,2815.51,0,0,0,0,0,0,0,2,60,0,6016.98,2413.79,0
25.8464,70,19,5408.84,2809.22,0,0,0,0,0,0,0,2,60,0,4987.63,2822.48,0
25.8478,72,22,4508.44,3007.85,0,0,0,0,0,0,0,2,60,0,5364.82,2674.43,0
25.8652,96,19,5410.14,2804.47,0,0,0,0,0,0,0,2,60,0,5630.63,2566.25,0
25.8761,111,19,5394.63,2659.17,0,0,0,0,0,0,0,2,60,0,5548.65,2598.97,0
25.8841,122,19,5377.84,2669.27,0,0,0,0,0,0,0,2,60,0,5440.9,2905.2,0
25.8848,123,34,5570.14,3407.53,0,0,0,0,0,0,0,2,60,0,5451.2,2942.73,0
25.8855,124,19,5322.27,2687.89,0,0,0,0,0,0,0,2,60,0,5424.77,2835.36,0
25.8971,140,17,5022.75,2809.49,0,0,0,0,0,0,0,2,60,0,0,0,0
25.9283,45,18,5217.04,2733.17,0,0,0,0,0,0,0,2,60,0,6235.49,2331.93,0
25.9297,47,37,5628.81,3627.46,0,0,0,0,0,0,0,2,60,0,6123.22,2375.91,0
25.9384,59,17,5007.43,2815.51,0,0,0,0,0,0,0,2,60,0,6016.98,2413.79,0
25.9464,70,19,5408.84,2809.22,0,0,0,0,0,0,0,2,60,0,4987.63,2822.48,0
25.9478,72,22,4508.44,3007.85,0,0,0,0,0,0,0,2,60,0,5364.82,2674.43,0
25.9652,96,19,5410.14,2804.47,0,0,0,0,0,0,0,2,60,0,5630.63,2566.25,0
25.9761,111,19,5394.63,2659.17,0,0,0,0,0,0,0,2,60,0,5548.65,2598.97,0
25.9841,122,19,5377.84,2669.27,0,0,0,0,0,0,0,2,60,0,5440.9,2905.2,0
25.9848,123,34,5570.14,3407.53,0,0,0,0,0,0,0,2,60,0,5451.2,2942.73,0
25.9855,124,19,5322.27,2687.89,0,0,0,0,0,0,0,2,60,0,5424.77,2835.36,0
25.9971,140,17,5022.75,2809.49,0,0,0,0,0,0,0,2,60,0,0,0,0
26.0283,45,18,5217.04,2733.17,0,0,0,0,0,0,0,2,60,0,6235.49,2331.93,0
26.0297,47,37,5628.81,3627.46,0,0,0,0,0,0,0,2,60,0,6123.22,2375.91,0
26.0384,59,17,5007.43,2815.51,0,0,0,0,0,0,0,2,60,0,6016.98,2413.79,0
26.0464,70,19,5408.84,2809.22,0,0,0,0,0,0,0,2,60,0,4987.63,2822.48,0
26.0478,72,22,4508.44,3007.85,0,0,0,0,0,0,0,2,60,0,5364.82,2674.43,0
26.0652,96,19,5410.14,2804.47,0,0,0,0,0,0,0,2,60,0,5630.63,2566.25,0
26.0761,111,19,5394.63,2659.17,0,0,0,0,0,0,0,2,60,0,5548.65,2598.97,0
26.0841,122,19,5377.84,2669.27,0,0,0,0,0,0,0,2,60,0,5440.9,2905.2,0
26.0848,123,34,5570.14,3407.53,0,0,0,0,0,0,0,2,60,0,5451.2,2942.73,0
26.0855,124,19,5322.27,2687.89,0,0,0,0,0,0,0,2,60,0,5424.77,2835.36,0
26.0971,140,17,5022.75,2809.49,0,0,0,0,0,0,0,2,60,0,0,0,0
26.1283,45,18,5217.04,2733.17,0,0,0,0,0,0,0,2,60,0,6235.49,2331.93,0
26.1297,47,37,5628.81,3627.46,0,0,0,0,0,0,0,2,60,0,6123.22,2375.91,0
26.1384,59,17,5007.43,2815.51,0,0,0,0,0,0,0,2,60,0,6016.98,2413.79,0
26.1464,70,19,5408.84,2809.22,0,0,0,0,0,0,0,2,60,0,4987.63,2822.48,0
26.1478,72,22,4508.44,3007.85,0,0,0,0,0,0,0,2,60,0,5364.82,2674.43,0
26.1652,96,19,5410.14,2804.47,0,0,0,0,0,0,0,2,60,0,5630.63,2566.25,0
26.1761,111,19,5394.63,2659.17,0,0,0,0,0,0,0,2,60,0,5548.65,2598.97,0
26.1841,122,19,5377.84,2669.27,0,0,0,0,0,0,0,2,60,0,5440.9,2905.2,0
26.1848,123,34,5570.14,3407.53,0,0,0,0,0,0,0,2,60,0,5451.2,2942.73,0
26.1855,124,19,5322.27,2687.89,0,0,0,0,0,0,0,2,60,0,5424.77,2835.36,0
26.1971,140,17,5022.75,2809.49,0,0,0,0,0,0,0,2,60,0,0,0,0
26.2283,45,18,5217.04,2733.17,0,0,0,0,0,0,0,2,60,0,6235.49,2331.93,0
26.2297,47,37,5628.81,3627.46,0,0,0,0,0,0,0,2,60,0,6123.22,2375.91,0
26.2384,59,17,5007.43,2815.51,0,0,0,0,0,0,0,2,60,0,6016.98,2413.79,0
26.2464,70,19,5408.84,2809.22,0,0,0,0,0,0,0,2,60,0,4987.63,2822.48,0
26.2478,72,22,4508.44,3007.85,0,0,0,0,0,0,0,2,60,0,5364.82,2674.43,0
26.2652,96,19,5410.14,2804.47,0,0,0,0,0,0,0,2,60,0,5630.63,2566.25,0
26.2761,111,19,5394.63,2659.17,0,0,0,0,0,0,0,2,60,0,5548.65,2598.97,0
26.2841,122,19,5377.84,2669.27,0,0,0,0,0,0,0,2,60,0,5440.9,2905.2,0
26.2848,123,34,5570.14,3407.53,0,0,0,0,0,0,0,2,60,0,5451.2,2942.73,0
26.2855,124,19,5322.27,2687.89,0,0,0,0,0,0,0,2,60,0,5424.77,2835.36,0
26.2971,140,17,5022.75,2809.49,0,0,0,0,0,0,0,2,60,0,0,0,0
26.3283,45,18,5217.04,2733.17,0,0,0,0,0,0,0,2,60,0,6235.49,2331.93,0
26.3297,47,37,5628.81,3627.46,0,0,0,0,0,0,0,2,60,0,6123.22,2375.91,0
26.3384,59,17,5007.43,2815.51,0,0,0,0,0,0,0,2,60,0,6016.98,2413.79,0
26.3464,70,19,5408.84,2809.22,0,0,0,0,0,0,0,2,60,0,4987.63,2822.48,0
26.3478,72,22,4508.44,3007.85,0,0,0,0,0,0,0,2,60,0,5364.82,2674.43,0
26.3652,96,19,5410.14,2804.47,0,0,0,0,0,0,0,2,60,0,5630.63,2566.25,0
26.3761,111,19,5394.63,2659.17,0,0,0,0,0,0,0,2,60,0,5548.65,2598.97,0
26.3841,122,19,5377.84,2669.27,0,0,0,0,0,0,0,2,60,0,5440.9,2905.2,0
26.3848,123,34,5570.14,3407.53,0,0,0,0,0,0,0,2,60,0,5451.2,2942.73,0
26.3855,124,19,5322.27,2687.89,0,0,0,0,0,0,0,2,60,0,5424.77,2835.36,0
26.3971,140,17,5022.75,2809.49,0,0,0,0,0,0,0,2,60,0,0,0,0
26.4283,45,18,5217.04,2733.17,0,0,0,0,0,0,0,2,60,0,6235.49,2331.93,0
26.4297,47,37,5628.81,3627.46,0,0,0,0,0,0,0,2,60,0,6123.22,2375.91,0
26.4384,59,17,5007.43,2815.51,0,0,0,0,0,0,0,2,60,0,6016.98,2413.79,0
26.4464,70,19,5408.84,2809.22,0,0,0,0,0,0,0,2,60,0,4987.63,2822.48,0
26.4478,72,22,4508.44,3007.85,0,0,0,0,0,0,0,2,60,0,5364.82,2674.43,0
26.4652,96,19,5410.14,2804.47,0,0,0,0,0,0,0,2,60,0,5630.63,2566.25,0
26.4761,111,19,5394.63,2659.17,0,0,0,0,0,0,0,2,60,0,5548.65,2598.97,0
26.4841,122,19,5377.84,2669.27,0,0,0,0,0,0,0,2,60,0,5440.9,2905.2,0
26.4848,123,34,5570.14,3407.53,0,0,0,0,0,0,0,2,60,0,5451.2,2942.73,0
26.4855,124,19,5322.27,2687.89,0,0,0,0,0,0,0,2,60,0,5424.77,2835.36,0
26.4971,140,17,5022.75,2809.49,0,0,0,0,0,0,0,2,60,0,0,0,0
26.5283,45,18,5217.04,2733.17,0,0,0,0,0,0,0,2,60,0,6235.49,2331.93,0
26.5297,47,37,5628.81,3627.46,0,0,0,0,0,0,0,2,60,0,6123.22,2375.91,0
26.5384,59,17,5007.43,2815.51,0,0,0,0,0,0,0,2,60,0,6016.98,2413.79,0
26.5464,70,19,5408.84,2809.22,0,0,0,0,0,0,0,2,60,0,4987.63,2822.48,0
26.5478,72,22,4508.44,3007.85,0,0,0,0,0,0,0,2,60,0,5364.82,2674.43,0
26.5652,96,19,5410.14,2804.47,0,0,0,0,0,0,0,2,60,0,5630.63,2566.25,0
26.5761,111,19,5394.63,2659.17,0,0,0,0,0,0,0,2,60,0,5548.65,2598.97,0
26.5841,122,19,5377.84,2669.27,0,0,0,0,0,0,0,2,60,0,5440.9,2905.2,0
26.5848,123,34,5570.14,3407.53,0,0,0,0,0,0,0,2,60,0,5451.2,2942.73,0
26.5855,124,19,5322.27,2687.89,0,0,0,0,0,0,0,2,60,0,5424.77,2835.36,0
26.5971,140,17,5022.75,2809.49,0,0,0,0,0,0,0,2,60,0,0,0,0
26.6283,45,18,5217.04,2733.17,0,0,0,0,0,0,0,2,60,0,6235.49,2331.93,0
26.6297,47,37,5628.81,3627.46,0,0,0,0,0,0,0,2,60,0,6123.22,2375.91,0
26.6384,59,17,5007.43,2815.51,0,0,0,0,0,0,0,2,60,0,6016.98,2413.79,0
26.6464,70,19,5408.84,2809.22,0,0,0,0,0,0,0,2,60,0,4987.63,2822.48,0
26.6478,72,22,4508.44,3007.85,0,0,0,0,0,0,0,2,60,0,5364.82,2674.43,0
26.6652,96,19,5410.14,2804.47,0,0,0,0,0,0,0,2,60,0,5630.63,2566.25,0
26.6761,111,19,5394.63,2659.17,0,0,0,0,0,0,0,2,60,0,5548.65,2598.97,0
26.6841,122,19,5377.84,2669.27,0,0,0,0,0,0,0,2,60,0,5440.9,2905.2,0
26.6848,123,34,5570.14,3407.53,0,0,0,0,0,0,0,2,60,0,5451.2,2942.73,0
26.6855,124,19,5322.27,2687.89,0,0,0,0,0,0,0,2,60,0,5424.77,2835.36,0
26.6971,140,17,5022.75,2809.49,0,0,0,0,0,0,0,2,60,0,0,0,0
26.7283,45,18,5217.04,2733.17,0,0,0,0,0,0,0,2,60,0,6235.49,2331.93,0
26.7297,47,37,5628.81,3627.46,0,0,0,0,0,0,0,2,60,0,6123.22,2375.91,0
26.7384,59,17,5007.43,2815.51,0,0,0,0,0,0,0,2,60,0,6016.98,2413.79,0
26.7464,70,19,5408.84,2809.22,0,0,0,0,0,0,0,2,60,0,4987.63,2822.48,0
26.7478,72,22,4508.44,3007.85,0,0,0,0,0,0,0,2,60,0,5364.82,2674.43,0
26.7652,96,19,5410.14,2804.47,0,0,0,0,0,0,0,2,60,0,5630.63,2566.25,0
26.7761,111,19,5394.63,2659.17,0,0,0,0,0,0,0,2,60,0,5548.65,2598.97,0
26.7841,122,19,5377.84,2669.27,0,0,0,0,0,0,0,2,60,0,5440.9,2905.2,0
26.7848,123,34,5570.14,3407.53,0,0,0,0,0,0,0,2,60,0,5451.2,2942.73,0
26.7855,124,19,5322.27,2687.89,0,0,0,0,0,0,0,2,60,0,5424.77,2835.36,0
26.7971,140,17,5022.75,2809.49,0,0,0,0,0,0,0,2,60,0,0,0,0
26.8283,45,18,5217.04,2733.17,0,0,0,0,0,0,0,2,60,0,6235.49,2331.93,0
26.8297,47,37,5628.81,3627.46,0,0,0,0,0,0,0,2,60,0,6123.22,2375.91,0
26.8384,59,17,5007.43,2815.51,0,0,0,0,0,0,0,2,60,0,6016.98,2413.79,0
26.8464,70,19,5408.84,2809.22,0,0,0,0,0,0,0,2,60,0,4987.63,2822.48,0
26.8478,72,22,4508.44,3007.85,0,0,0,0,0,0,0,2,60,0,5364.82,2674.43,0
26.8652,96,19,5410.14,2804.47,0,0,0,0,0,0,0,2,60,0,5630.63,2566.25,0
26.8761,111,19,5394.63,2659.17,0,0,0,0,0,0,0,2,60,0,5548.65,2598.97,0
26.8841,122,19,5377.84,2669.27,0,0,0,0,0,0,0,2,60,0,5440.9,2905.2,0
26.8848,123,34,5570.14,3407.53,0,0,0,0,0,0,0,2,60,0,5451.2,2942.73,0
26.8855,124,19,5322.27,2687.89,0,0,0,0,0,0,0,2,60,0,5424.77,2835.36,0
26.8971,140,17,5022.75,2809.49,0,0,0,0,0,0,0,2,60,0,0,0,0
26.9283,45,18,5217.04,2733.17,0,0,0,0,0,0,0,2,60,0,6235.49,2331.93,0
26.9297,47,37,5628.81,3627.46,0,0,0,0,0,0,0,2,60,0,6123.22,2375.91,0
26.9384,59,17,5007.43,2815.51,0,0,0,0,0,0,0,2,60,0,6016.98,2413.79,0
26.9464,70,19,5408.84,2809.22,0,0,0,0,0,0,0,2,60,0,4987.63,2822.48,0
26.9478,72,22,4508.44,3007.85,0,0,0,0,0,0,0,2,60,0,5364.82,2674.43,0
26.9652,96,19,5410.14,2804.47,0,0,0,0,0,0,0,2,60,0,5630.63,2566.25,0
26.9761,111,19,5394.63,2659.17,0,0,0,0,0,0,0,2,60,0,5548.65,2598.97,0
26.9841,122,19,5377.84,2669.27,0,0,0,0,0,0,0,2,60,0,5440.9,2905.2,0
26.9848,123,34,5570.14,3407.53,0,0,0,0,0,0,0,2,60,0,5451.2,2942.73,0
26.9855,124,19,5322.27,2687.89,0,0,0,0,0,0,0,2,60,0,5424.77,2835.36,0
26.9971,140,17,5022.75,2809.49,0,0,0,0,0,0,0,2,60,0,0,0,0
27.0283,45,18,5217.04,2733.17,0,0,0,0,0,0,0,2,60,0,6235.49,2331.93,0
27.0297,47,37,5628.81,3627.46,0,0,0,0,0,0,0,2,60,0,6123.22,2375.91,0
27.0384,59,17,5007.43,2815.51,0,0,0,0,0,0,0,2,60,0,6016.98,2413.79,0
27.0464,70,19,5408.84,2809.22,0,0,0,0,0,0,0,2,60,0,4987.63,2822.48,0
27.0478,72,22,4508.44,3007.85,0,0,0,0,0,0,0,2,60,0,5364.82,2674.43,0
27.0652,96,19,5410.14,2804.47,0,0,0,0,0,0,0,2,60,0,5630.63,2566.25,0
27.0761,111,19,5394.63,2659.17,0,0,0,0,0,0,0,2,60,0,5548.65,2598.97,0
27.0841,122,19,5377.84,2669.27,0,0,0,0,0,0,0,2,60,0,5440.9,2905.2,0
27.0848,123,34,5570.14,3407.53,0,0,0,0,0,0,0,2,60,0,5451.2,2942.73,0
27.0855,124,19,5322.27,2687.89,0,0,0,0,0,0,0,2,60,0,5424.77,2835.36,0
27.0971,140,17,5022.75,2809.49,0,0,0,0,0,0,0,2,60,0,0,0,0
27.1283,45,18,5217.04,2733.17,0,0,0,0,0,0,0,2,60,0,6235.49,2331.93,0
27.1297,47,37,5628.81,3627.46,0,0,0,0,0,0,0,2,60,0,6123.22,2375.91,0
27.1384,59,17,5007.43,2815.51,0,0,0,0,0,0,0,2,60,0,6016.98,2413.79,0
27.1464,70,19,5408.84,2809.22,0,0,0,0,0,0,0,2,60,0,4987.63,2822.48,0
27.1478,72,22,4508.44,3007.85,0,0,0,0,0,0,0,2,60,0,5364.82,2674.43,0
27.1652,96,19,5410.14,2804.47,0,0,0,0,0,0,0,2,60,0,5630.63,2566.25,0
27.1761,111,19,5394.63,2659.17,0,0,0,0,0,0,0,2,60,0,5548.65,2598.97,0
27.1841,122,19,5377.84,2669.27,0,0,0,0,0,0,0,2,60,0,5440.9,2905.2,0
27.1848,123,34,5570.14,3407.53,0,0,0,0,0,0,0,2,60,0,5451.2,2942.73,0
27.1855,124,19,5322.27,2687.89,0,0,0,0,0,0,0,2,60,0,5424.77,2835.36,0
27.1971,140,17,5022.75,2809.49,0,0,0,0,0,0,0,2,60,0,0,0,0
27.2283,45,18,5217.04,2733.17,0,0,0,0,0,0,0,2,60,0,6235.49,2331.93,0
27.2297,47,37,5628.81,3627.46,0,0,0,0,0,0,0,2,60,0,6123.22,2375.91,0
27.2384,59,17,5007.43,2815.51,0,0,0,0,0,0,0,2,60,0,6016.98,2413.79,0
27.2464,70,19,5408.84,2809.22,0,0,0,0,0,0,0,2,60,0,4987.63,2822.48,0
27.2478,72,22,4508.44,3007.85,0,0,0,0,0,0,0,2,60,0,5364.82,2674.43,0
27.2652,96,19,5410.14,2804.47,0,0,0,0,0,0,0,2,60,0,5630.63,2566.25,0
27.2761,111,19,5394.63,2659.17,0,0,0,0,0,0,0,2,60,0,5548.65,2598.97,0
27.2841,122,19,5377.84,2669.27,0,0,0,0,0,0,0,2,60,0,5440.9,2905.2,0
27.2848,123,34,5570.14,3407.53,0,0,0,0,0,0,0,2,60,0,5451.2,2942.73,0
27.2855,124,19,5322.27,2687.89,0,0,0,0,0,0,0,2,60,0,5424.77,2835.36,0
27.2971,140,17,5022.75,2809.49,0,0,0,0,0,0,0,2,60,0,0,0,0
27.3283,45,18,5217.04,2733.17,0,0,0,0,0,0,0,2,60,0,6235.49,2331.93,0
27.3297,47,37,5628.81,3627.46,0,0,0,0,0,0,0,2,60,0,6123.22,2375.91,0
27.3384,59,17,5007.43,2815.51,0,0,0,0,0,0,0,2,60,0,6016.98,2413.79,0
27.3464,70,19,5408.84,2809.22,0,0,0,0,0,0,0,2,60,0,4987.63,2822.48,0
27.3478,72,22,4508.44,3007.85,0,0,0,0,0,0,0,2,60,0,5364.82,2674.43,0
27.3652,96,19,5410.14,2804.47,0,0,0,0,0,0,0,2,60,0,5630.63,2566.25,0
27.3761,111,19,5394.63,2659.17,0,0,0,0,0,0,0,2,60,0,5548.65,2598.97,0
27.3841,122,19,5377.84,2669.27,0,0,0,0,0,0,0,2,60,0,5440.9,2905.2,0
27.3848,123,34,5570.14,3407.53,0,0,0,0,0,0,0,2,60,0,5451.2,2942.73,0
27.3855,124,19,5322.27,2687.89,0,0,0,0,0,0,0,2,60,0,5424.77,2835.36,0
27.3971,140,17,5022.75,2809.49,0,0,0,0,0,0,0,2,60,0,0,0,0
27.4283,45,18,5217.04,2733.17,0,0,0,0,0,0,0,2,60,0,6235.49,2331.93,0
27.4297,47,37,5628.81,3627.46,0,0,0,0,0,0,0,2,60,0,6123.22,2375.91,0
27.4384,59,17,5007.43,2815.51,0,0,0,0,0,0,0,2,60,0,6016.98,2413.79,0
27.4464,70,19,5408.84,2809.22,0,0,0,0,0,0,0,2,60,0,4987.63,2822.48,0
27.4478,72,22,4508.44,3007.85,0,0,0,0,0,0,0,2,60,0,5364.82,2674.43,0
27.4652,96,19,5410.14,2804.47,0,0,0,0,0,0,0,2,60,0,5630.63,2566.25,0
27.4761,111,19,5394.63,2659.17,0,0,0,0,0,0,0,2,60,0,5548.65,2598.97,0
27.4841,122,19,5377.84,2669.27,0,0,0,0,0,0,0,2,60,0,5440.9,2905.2,0
27.4848,123,34,5570.14,3407.53,0,0,0,0,0,0,0,2,60,0,5451.2,2942.73,0
27.4855,124,19,5322.27,2687.89,0,0,0,0,0,0,0,2,60,0,5424.77,2835.36,0
27.4971,140,17,5022.75,2809.49,0,0,0,0,0,0,0,2,60,0,0,0,0
27.5283,45,18,5217.04,2733.17,0,0,0,0,0,0,0,2,60,0,6235.49,2331.93,0
27.5297,47,37,5628.81,3627.46,0,0,0,0,0,0,0,2,60,0,6123.22,2375.91,0
27.5384,59,17,5007.43,2815.51,0,0,0,0,0,0,0,2,60,0,6016.98,2413.79,0
27.5464,70,19,5408.84,2809.22,0,0,0,0,0,0,0,2,60,0,4987.63,2822.48,0
27.5478,72,22,4508.44,3007.85,0,0,0,0,0,0,0,2,60,0,5364.82,2674.43,0
27.5652,96,19,5410.14,2804.47,0,0,0,0,0,0,0,2,60,0,5630.63,2566.25,0
27.5761,111,19,5394.63,2659.17,0,0,0,0,0,0,0,2,60,0,5548.65,2598.97,0
27.5841,122,19,5377.84,2669.27,0,0,0,0,0,0,0,2,60,0,5440.9,2905.2,0
27.5848,123,34,5570.14,3407.53,0,0,0,0,0,0,0,2,60,0,5451.2,2942.73,0
27.5855,124,19,5322.27,2687.89,0,0,0,0,0,0,0,2,60,0,5424.77,2835.36,0
27.5971,140,17,5022.75,2809.49,0,0,0,0,0,0,0,2,60,0,0,0,0
27.6283,45,18,5217.04,2733.17,0,0,0,0,0,0,0,2,60,0,6235.49,2331.93,0
27.6297,47,37,5628.81,3627.46,0,0,0,0,0,0,0,2,60,0,6123.22,2375.91,0
27.6384,59,17,5007.43,2815.51,0,0,0,0,0,0,0,2,60,0,6016.98,2413.79,0
27.6464,70,19,5408.84,2809.22,0,0,0,0,0,0,0,2,60,0,4987.63,2822.48,0
27.6478,72,22,4508.44,3007.85,0,0,0,0,0,0,0,2,60,0,5364.82,2674.43,0
27.6652,96,19,5410.14,2804.47,0,0,0,0,0,0,0,2,60,0,5630.63,2566.25,0
27.6761,111,19,5394.63,2659.17,0,0,0,0,0,0,0,2,60,0,5548.65,2598.97,0
27.6841,122,19,5377.84,2669.27,0,0,0,0,0,0,0,2,60,0,5440.9,2905.2,0
27.6848,123,34,5570.14,3407.53,0,0,0,0,0,0,0,2,60,0,5451.2,2942.73,0
27.6855,124,19,5322.27,2687.89,0,0,0,0,0,0,0,2,60,0,5424.77,2835.36,0
27.6971,140,17,5022.75,2809.49,0,0,0,0,0,0,0,2,60,0,0,0,0
27.7283,45,18,5217.04,2733.17,0,0,0,0,0,0,0,2,60,0,6235.49,2331.93,0
27.7297,47,37,5628.81,3627.46,0,0,0,0,0,0,0,2,60,0,6123.22,2375.91,0
27.7384,59,17,5007.43,2815.51,0,0,0,0,0,0,0,2,60,0,6016.98,2413.79,0
27.7464,70,19,5408.84,2809.22,0,0,0,0,0,0,0,2,60,0,4987.63,2822.48,0
27.7478,72,22,4508.44,3007.85,0,0,0,0,0,0,0,2,60,0,5364.82,2674.43,0
27.7652,96,19,5410.14,2804.47,0,0,0,0,0,0,0,2,60,0,5630.63,2566.25,0
27.7761,111,19,5394.63,2659.17,0,0,0,0,0,0,0,2,60,0,5548.65,2598.97,0
27.7841,122,19,5377.84,2669.27,0,0,0,0,0,0,0,2,60,0,5440.9,2905.2,0
27.7848,123,34,5570.14,3407.53,0,0,0,0,0,0,0,2,60,0,5451.2,2942.73,0
27.7855,124,19,5322.27,2687.89,0,0,0,0,0,0,0,2,60,0,5424.77,2835.36,0
27.7971,140,17,5022.75,2809.49,0,0,0,0,0,0,0,2,60,0,0,0,0
27.8283,45,18,5217.04,2733.17,0,0,0,0,0,0,0,2,60,0,6235.49,2331.93,0
27.8297,47,37,5628.81,3627.46,0,0,0,0,0,0,0,2,60,0,6123.22,2375.91,0
27.8384,59,17,5007.43,2815.51,0,0,0,0,0,0,0,2,60,0,6016.98,2413.79,0
27.8464,70,19,5408.84,2809.22,0,0,0,0,0,0,0,2,60,0,4987.63,2822.48,0
27.8478,72,22,4508.44,3007.85,0,0,0,0,0,0,0,2,60,0,5364.82,2674.43,0
27.8652,96,19,5410.14,2804.47,0,0,0,0,0,0,0,2,60,0,5630.63,2566.25,0
27.8761,111,19,5394.63,2659.17,0,0,0,0,0,0,0,2,60,0,5548.65,2598.97,0
27.8841,122,19,5377.84,2669.27,0,0,0,0,0,0,0,2,60,0,5440.9,2905.2,0
27.8848,123,34,5570.14,3407.53,0,0,0,0,0,0,0,2,60,0,5451.2,2942.73,0
27.8855,124,19,5322.27,2687.89,0,0,0,0,0,0,0,2,60,0,5424.77,2835.36,0
27.8971,140,17,5022.75,2809.49,0,0,0,0,0,0,0,2,60,0,0,0,0
27.9283,45,18,5217.04,2733.17,0,0,0,0,0,0,0,2,60,0,6235.49,2331.93,0
27.9297,47,37,5628.81,3627.46,0,0,0,0,0,0,0,2,60,0,6123.22,2375.91,0
27.9384,59,17,5007.43,2815.51,0,0,0,0,0,0,0,2,60,0,6016.98,2413.79,0
27.9464,70,19,5408.84,2809.22,0,0,0,0,0,0,0,2,60,0,4987.63,2822.48,0
27.9478,72,22,4508.44,3007.85,0,0,0,0,0,0,0,2,60,0,5364.82,2674.43,0
27.9652,96,19,5410.14,2804.47,0,0,0,0,0,0,0,2,60,0,5630.63,2566.25,0
27.9761,111,19,5394.63,2659.17,0,0,0,0,0,0,0,2,60,0,5548.65,2598.97,0
27.9841,122,19,5377.84,2669.27,0,0,0,0,0,0,0,2,60,0,5440.9,2905.2,0
27.9848,123,34,5570.14,3407.53,0,0,0,0,0,0,0,2,60,0,5451.2,2942.73,0
27.9855,124,19,5322.27,2687.89,0,0,0,0,0,0,0,2,60,0,5424.77,2835.36,0
27.9971,140,17,5022.75,2809.49,0,0,0,0,0,0,0,2,60,0,0,0,0
28.0283,45,18,5217.04,2733.17,0,0,0,0,0,0,0,2,60,0,6235.49,2331.93,0
28.0297,47,37,5628.81,3627.46,0,0,0,0,0,0,0,2,60,0,6123.22,2375.91,0
28.0384,59,17,5007.43,2815.51,0,0,0,0,0,0,0,2,60,0,6016.98,2413.79,0
28.0464,70,19,5408.84,2809.22,0,0,0,0,0,0,0,2,60,0,4987.63,2822.48,0
28.0478,72,22,4508.44,3007.85,0,0,0,0,0,0,0,2,60,0,5364.82,2674.43,0
28.0652,96,19,5410.14,2804.47,0,0,0,0,0,0,0,2,60,0,5630.63,2566.25,0
28.0761,111,19,5394.63,2659.17,0,0,0,0,0,0,0,2,60,0,5548.65,2598.97,0
28.0841,122,19,5377.84,2669.27,0,0,0,0,0,0,0,2,60,0,5440.9,2905.2,0
28.0848,123,34,5570.14,3407.53,0,0,0,0,0,0,0,2,60,0,5451.2,2942.73,0
28.0855,124,19,5322.27,2687.89,0,0,0,0,0,0,0,2,60,0,5424.77,2835.36,0
28.0971,140,17,5022.75,2809.49,0,0,0,0,0,0,0,2,60,0,0,0,0
28.1283,45,18,5217.04,2733.17,0,0,0,0,0,0,0,2,60,0,6235.49,2331.93,0
28.1297,47,37,5628.81,3627.46,0,0,0,0,0,0,0,2,60,0,6123.22,2375.91,0
28.1384,59,17,5007.43,2815.51,0,0,0,0,0,0,0,2,60,0,6016.98,2413.79,0
28.1464,70,19,5408.84,2809.22,0,0,0,0,0,0,0,2,60,0,4987.63,2822.48,0
28.1478,72,22,4508.44,3007.85,0,0,0,0,0,0,0,2,60,0,5364.82,2674.43,0
28.1652,96,19,5410.14,2804.47,0,0,0,0,0,0,0,2,60,0,5630.63,2566.25,0
28.1761,111,19,5394.63,2659.17,0,0,0,0,0,0,0,2,60,0,5548.65,2598.97,0
28.1841,122,19,5377.84,2669.27,0,0,0,0,0,0,0,2,60,0,5440.9,2905.2,0
28.1848,123,34,5570.14,3407.53,0,0,0,0,0,0,0,2,60,0,5451.2,2942.73,0
28.1855,124,19,5322.27,2687.89,0,0,0,0,0,0,0,2,60,0,5424.77,2835.36,0
28.1971,140,17,5022.75,2809.49,0,0,0,0,0,0,0,2,60,0,0,0,0
28.2283,45,18,5217.04,2733.17,0,0,0,0,0,0,0,2,60,0,6235.49,2331.93,0
28.2297,47,37,5628.81,3627.46,0,0,0,0,0,0,0,2,60,0,6123.22,2375.91,0
28.2384,59,17,5007.43,2815.51,0,0,0,0,0,0,0,2,60,0,6016.98,2413.79,0
28.2464,70,19,5408.84,2809.22,0,0,0,0,0,0,0,2,60,0,4987.63,2822.48,0
28.2478,72,22,4508.44,3007.85,0,0,0,0,0,0,0,2,60,0,5364.82,2674.43,0
28.2652,96,19,5410.14,2804.47,0,0,0,0,0,0,0,2,60,0,5630.63,2566.25,0
28.2761,111,19,5394.63,2659.17,0,0,0,0,0,0,0,2,60,0,5548.65,2598.97,0
28.2841,122,19,5377.84,2669.27,0,0,0,0,0,0,0,2,60,0,5440.9,2905.2,0
28.2848,123,34,5570.14,3407.53,0,0,0,0,0,0,0,2,60,0,5451.2,2942.73,0
28.2855,124,19,5322.27,2687.89,0,0,0,0,0,0,0,2,60,0,5424.77,2835.36,0
28.2971,140,17,5022.75,2809.49,0,0,0,0,0,0,0,2,60,0,0,0,0
28.3283,45,18,5217.04,2733.17,0,0,0,0,0,0,0,2,60,0,6235.49,2331.93,0
28.3297,47,37,5628.81,3627.46,0,0,0,0,0,0,0,2,60,0,6123.22,2375.91,0
28.3384,59,17,5007.43,2815.51,0,0,0,0,0,0,0,2,60,0,6016.98,2413.79,0
28.3464,70,19,5408.84,2809.22,0,0,0,0,0,0,0,2,60,0,4987.63,2822.48,0
28.3478,72,22,4508.44,3007.85,0,0,0,0,0,0,0,2,60,0,5364.82,2674.43,0
28.3652,96,19,5410.14,2804.47,0,0,0,0,0,0,0,2,60,0,5630.63,2566.25,0
28.3761,111,19,5394.63,2659.17,0,0,0,0,0,0,0,2,60,0,5548.65,2598.97,0
28.3841,122,19,5377.84,2669.27,0,0,0,0,0,0,0,2,60,0,5440.9,2905.2,0
28.3848,123,34,5570.14,3407.53,0,0,0,0,0,0,0,2,60,0,5451.2,2942.73,0
28.3855,124,19,5322.27,2687.89,0,0,0,0,0,0,0,2,60,0,5424.77,2835.36,0
28.3971,140,17,5022.75,2809.49,0,0,0,0,0,0,0,2,60,0,0,0,0
28.4283,45,18,5217.04,2733.17,0,0,0,0,0,0,0,2,60,0,6235.49,2331.93,0
28.4297,47,37,5628.81,3627.46,0,0,0,0,0,0,0,2,60,0,6123.22,2375.91,0
28.4384,59,17,5007.43,2815.51,0,0,0,0,0,0,0,2,60,0,6016.98,2413.79,0
28.4464,70,19,5408.84,2809.22,0,0,0,0,0,0,0,2,60,0,4987.63,2822.48,0
28.4478,72,22,4508.44,3007.85,0,0,0,0,0,0,0,2,60,0,5364.82,2674.43,0
28.4652,96,19,5410.14,2804.47,0,0,0,0,0,0,0,2,60,0,5630.63,2566.25,0
28.4761,111,19,5394.63,2659.17,0,0,0,0,0,0,0,2,60,0,5548.65,2598.97,0
28.4841,122,19,5377.84,2669.27,0,0,0,0,0,0,0,2,60,0,5440.9,2905.2,0
28.4848,123,34,5570.14,3407.53,0,0,0,0,0,0,0,2,60,0,5451.2,2942.73,0
28.4855,124,19,5322.27,2687.89,0,0,0,0,0,0,0,2,60,0,5424.77,2835.36,0
28.4971,140,17,5022.75,2809.49,0,0,0,0,0,0,0,2,60,0,0,0,0
28.5283,45,18,5217.04,2733.17,0,0,0,0,0,0,0,2,60,0,6235.49,2331.93,0
28.5297,47,37,5628.81,3627.46,0,0,0,0,0,0,0,2,60,0,6123.22,2375.91,0
28.5384,59,17,5007.43,2815.51,0,0,0,0,0,0,0,2,60,0,6016.98,2413.79,0
28.5464,70,19,5408.84,2809.22,0,0,0,0,0,0,0,2,60,0,4987.63,2822.48,0
28.5478,72,22,4508.44,3007.85,0,0,0,0,0,0,0,2,60,0,5364.82,2674.43,0
28.5652,96,19,5410.14,2804.47,0,0,0,0,0,0,0,2,60,0,5630.63,2566.25,0
28.5761,111,19,5394.63,2659.17,0,0,0,0,0,0,0,2,60,0,5548.65,2598.97,0
28.5841,122,19,5377.84,2669.27,0,0,0,0,0,0,0,2,60,0,5440.9,2905.2,0
28.5848,123,34,5570.14,3407.53,0,0,0,0,0,0,0,2,60,0,5451.2,2942.73,0
28.5855,124,19,5322.27,2687.89,0,0,0,0,0,0,0,2,60,0,5424.77,2835.36,0
28.5971,140,17,5022.75,2809.49,0,0,0,0,0,0,0,2,60,0,0,0,0
28.6283,45,18,5217.04,2733.17,0,0,0,0,0,0,0,2,60,0,6235.49,2331.93,0
28.6297,47,37,5628.81,3627.46,0,0,0,0,0,0,0,2,60,0,6123.22,2375.91,0
28.6384,59,17,5007.43,2815.51,0,0,0,0,0,0,0,2,60,0,6016.98,2413.79,0
28.6464,70,19,5408.84,2809.22,0,0,0,0,0,0,0,2,60,0,4987.63,2822.48,0
28.6478,72,22,4508.44,3007.85,0,0,0,0,0,0,0,2,60,0,5364.82,2674.43,0
28.6652,96,19,5410.14,2804.47,0,0,0,0,0,0,0,2,60,0,5630.63,2566.25,0
28.6761,111,19,5394.63,2659.17,0,0,0,0,0,0,0,2,60,0,5548.65,2598.97,0
28.6841,122,19,5377.84,2669.27,0,0,0,0,0,0,0,2,60,0,5440.9,2905.2,0
28.6848,123,34,5570.14,3407.53,0,0,0,0,0,0,0,2,60,0,5451.2,2942.73,0
28.6855,124,19,5322.27,2687.89,0,0,0,0,0,0,0,2,60,0,5424.77,2835.36,0
28.6971,140,17,5022.75,2809.49,0,0,0,0,0,0,0,2,60,0,0,0,0
28.7283,45,18,5217.04,2733.17,0,0,0,0,0,0,0,2,60,0,6235.49,2331.93,0
28.7297,47,37,5628.81,3627.46,0,0,0,0,0,0,0,2,60,0,6123.22,2375.91,0
28.7384,59,17,5007.43,2815.51,0,0,0,0,0,0,0,2,60,0,6016.98,2413.79,0
28.7464,70,19,5408.84,2809.22,0,0,0,0,0,0,0,2,60,0,4987.63,2822.48,0
28.7478,72,22,4508.44,3007.85,0,0,0,0,0,0,0,2,60,0,5364.82,2674.43,0
28.7652,96,19,5410.14,2804.47,0,0,0,0,0,0,0,2,60,0,5630.63,2566.25,0
28.7761,111,19,5394.63,2659.17,0,0,0,0,0,0,0,2,60,0,5548.65,2598.97,0
28.7841,122,19,5377.84,2669.27,0,0,0,0,0,0,0,2,60,0,5440.9,2905.2,0
28.7848,123,34,5570.14,3407.53,0,0,0,0,0,0,0,2,60,0,5451.2,2942.73,0
28.7855,124,19,5322.27,2687.89,0,0,0,0,0,0,0,2,60,0,5424.77,2835.36,0
28.7971,140,17,5022.75,2809.49,0,0,0,0,0,0,0,2,60,0,0,0,0
28.8283,45,18,5217.04,2733.17,0,0,0,0,0,0,0,2,60,0,6235.49,2331.93,0
28.8297,47,37,5628.81,3627.46,0,0,0,0,0,0,0,2,60,0,6123.22,2375.91,0
28.8384,59,17,5007.43,2815.51,0,0,0,0,0,0,0,2,60,0,6016.98,2413.79,0
28.8464,70,19,5408.84,2809.22,0,0,0,0,0,0,0,2,60,0,4987.63,2822.48,0
28.8478,72,22,4508.44,3007.85,0,0,0,0,0,0,0,2,60,0,5364.82,2674.43,0
28.8652,96,19,5410.14,2804.47,0,0,0,0,0,0,0,2,60,0,5630.63,2566.25,0
28.8761,111,19,5394.63,2659.17,0,0,0,0,0,0,0,2,60,0,5548.65,2598.97,0
28.8841,122,19,5377.84,2669.27,0,0,0,0,0,0,0,2,60,0,5440.9,2905.2,0
28.8848,123,34,5570.14,3407.53,0,0,0,0,0,0,0,2,60,0,5451.2,2942.73,0
28.8855,124,19,5322.27,2687.89,0,0,0,0,0,0,0,2,60,0,5424.77,2835.36,0
28.8971,140,17,5022.75,2809.49,0,0,0,0,0,0,0,2,60,0,0,0,0
28.9283,45,18,5217.04,2733.17,0,0,0,0,0,0,0,2,60,0,6235.49,2331.93,0
28.9297,47,37,5628.81,3627.46,0,0,0,0,0,0,0,2,60,0,6123.22,2375.91,0
28.9384,59,17,5007.43,2815.51,0,0,0,0,0,0,0,2,60,0,6016.98,2413.79,0
28.9464,70,19,5408.84,2809.22,0,0,0,0,0,0,0,2,60,0,4987.63,2822.48,0
28.9478,72,22,4508.44,3007.85,0,0,0,0,0,0,0,2,60,0,5364.82,2674.43,0
28.9652,96,19,5410.14,2804.47,0,0,0,0,0,0,0,2,60,0,5630.63,2566.25,0
28.9761,111,19,5394.63,2659.17,0,0,0,0,0,0,0,2,60,0,5548.65,2598.97,0
28.9841,122,19,5377.84,2669.27,0,0,0,0,0,0,0,2,60,0,5440.9,2905.2,0
28.9848,123,34,5570.14,3407.53,0,0,0,0,0,0,0,2,60,0,5451.2,2942.73,0
28.9855,124,19,5322.27,2687.89,0,0,0,0,0,0,0,2,60,0,5424.77,2835.36,0
28.9971,140,17,5022.75,2809.49,0,0,0,0,0,0,0,2,60,0,0,0,0
