sim_time,vehicle_id,rsu_id,pos_x,pos_y,speed,heading,accel,is_poisoned,detected,sig_mask,psi_score,attack_number,attack_pct,attacker_class,gt_pos_x,gt_pos_y,gt_speed
7.00217,9,10,2000,2000,0,0,0,1,0,0,0,1,40,2,5581.33,2586.44,0
7.01014,20,11,5661.61,2555.29,0,0,0,0,0,0,0,1,40,0,5362.79,2712.01,0
7.02826,45,18,2000,2000,9.38,2.76287,0,1,0,0,0,1,40,2,6347.69,2288.11,11.47
7.02899,46,10,2000,2000,11.92,-0.370065,0,1,0,0,0,1,40,2,4869.03,2869.81,15.94
7.02174,36,31,2000,2000,12.89,1.32375,0,1,0,0,0,1,40,2,5219.59,2732.16,0.13
7.03768,58,10,2000,2000,14.36,2.77182,0,1,0,0,0,1,40,2,5481.65,3045.62,12.83
7.03478,54,5,6112.2,2380.23,12.78,2.76807,0,0,0,0,0,1,40,0,5499.95,3118.2,14.69
7.03841,59,17,5021.94,2809.81,2.27,2.76843,0,0,0,0,0,1,40,0,6016.98,2413.79,0
7.02681,43,19,2000,2000,4.19,2.76242,0,1,0,0,0,1,40,2,5460.42,2636.56,8.41
7.04783,72,22,4524.64,3004.92,11.01,2.7675,0,0,0,0,0,1,40,0,5364.82,2674.43,0
7.04638,70,26,2000,2000,8.45,-1.83902,0,1,0,0,0,1,40,2,4996.23,2819.9,3.76
7.0587,87,19,2000,2000,12.09,-2.01337,0,1,0,0,0,1,40,2,5407.29,2798.48,12.17
7.06087,90,19,2000,2000,0,0,0,1,0,0,0,1,40,2,5370.44,2720.69,7.67
7.06304,93,19,2000,2000,12.17,1.12846,0,1,1,32,0.15,1,40,2,5682.03,3808.73,1.22
7.06522,96,19,2000,2000,7.67,1.12756,0,1,1,32,0.15,1,40,2,5630.63,2566.25,0
7.07609,111,19,2000,2000,6.72,-0.378294,0,1,1,32,0.15,1,40,2,5544.21,2600.67,3.82
7.08043,117,10,2000,2000,3.82,-0.366423,0,1,1,32,0.15,1,40,2,5598.69,3514.56,12
7.08623,125,19,2000,2000,0.54,2.30401,0,1,1,32,0.15,1,40,2,5951.02,2439.12,13.28
7.08551,124,19,2000,2000,14.25,-0.37816,0,1,1,32,0.15,1,40,2,5421.19,2827.81,0.04
7.08406,122,19,2000,2000,0.01,2.97632,0,1,1,32,0.15,1,40,2,5464.28,2990.43,4.06
7.08478,123,37,2000,2000,12,-1.83134,0,1,0,0,0,1,40,2,5466,2984.62,1.64
7.09203,133,10,2000,2000,6.25,2.75543,0,1,1,32,0.15,1,40,2,5365.97,2718.72,0.41
7.10217,9,10,2000,2000,0,0,0,1,1,160,0.25,1,40,2,5581.33,2586.44,0
7.08841,128,27,5464.29,2990.45,4.06,-1.83726,0,0,0,0,0,1,40,0,5687.64,3824.81,0.01
7.11014,20,11,5661.61,2555.29,0,0,0,0,0,0,0,1,40,0,5362.79,2712.01,0
7.12174,36,31,2000,2000,12.89,1.32375,0,1,0,0,0,1,40,2,5219.58,2732.17,0.13
7.12681,43,19,2000,2000,4.19,2.76242,0,1,1,32,0.15,1,40,2,5459.78,2636.81,8.41
7.12826,45,18,2000,2000,9.38,2.76287,0,1,0,0,0,1,40,2,6346.63,2288.53,11.47
7.12899,46,10,2000,2000,11.92,-0.370065,0,1,1,32,0.15,1,40,2,4867.59,2870.38,15.94
7.13478,54,5,6111.01,2380.69,12.78,2.76807,0,0,0,0,0,1,40,0,5500.28,3119.5,14.69
7.13768,58,10,2000,2000,14.36,2.77182,0,1,1,32,0.15,1,40,2,5481.96,3046.84,12.83
7.13841,59,17,5021.73,2809.89,2.27,2.76843,0,0,0,0,0,1,40,0,6016.98,2413.79,0
7.14638,70,26,2000,2000,8.45,-1.83902,0,1,0,0,0,1,40,2,4995.93,2820.02,3.76
7.14783,72,22,4523.62,3005.32,11.01,2.7675,0,0,0,0,0,1,40,0,5364.82,2674.43,0
7.1587,87,19,2000,2000,12.09,-2.01337,0,1,1,32,0.15,1,40,2,5407.78,2799.51,12.17
7.16087,90,19,2000,2000,0,0,0,1,1,32,0.15,1,40,2,5370.75,2721.34,7.67
7.16304,93,19,2000,2000,12.17,1.12846,0,1,1,32,0.15,1,40,2,5682.06,3808.84,1.22
7.16522,96,19,2000,2000,7.67,1.12756,0,1,1,32,0.15,1,40,2,5630.63,2566.25,0
7.17609,111,19,2000,2000,6.72,-0.378294,0,1,1,32,0.15,1,40,2,5544.56,2600.54,3.82
7.18043,117,10,2000,2000,3.82,-0.366423,0,1,1,32,0.15,1,40,2,5598.38,3513.41,12
7.18406,122,19,2000,2000,0.01,2.97632,0,1,1,32,0.15,1,40,2,5464.18,2990.08,4.06
7.18478,123,37,2000,2000,12,-1.83134,0,1,0,0,0,1,40,2,5466.04,2984.76,1.64
7.18551,124,19,2000,2000,14.25,-0.37816,0,1,1,32,0.15,1,40,2,5421.19,2827.82,0.04
7.18623,125,19,2000,2000,0.54,2.30401,0,1,1,32,0.15,1,40,2,5952.24,2438.64,13.28
7.18841,128,27,5464.18,2990.06,4.06,-1.83726,0,0,0,0,0,1,40,0,5687.64,3824.81,0.01
7.19203,133,10,2000,2000,6.25,2.75543,0,1,1,32,0.15,1,40,2,5365.95,2718.68,0.41
7.20217,9,10,2000,2000,0,0,0,1,1,32,0.15,1,40,2,5581.33,2586.44,0
7.21014,20,11,5661.61,2555.29,0,0,0,0,0,0,0,1,40,0,5362.79,2712.01,0
7.22174,36,31,2000,2000,12.89,1.32375,0,1,0,0,0,1,40,2,5219.56,2732.17,0.13
7.22681,43,19,2000,2000,4.19,2.76242,0,1,1,32,0.15,1,40,2,5458.99,2637.12,8.41
7.22826,45,18,2000,2000,9.38,2.76287,0,1,0,0,0,1,40,2,6345.56,2288.94,11.47
7.22899,46,10,2000,2000,11.92,-0.370065,0,1,1,96,0.2,1,40,2,4866.1,2870.96,15.94
7.23478,54,5,6109.82,2381.16,12.78,2.76807,0,0,0,0,0,1,40,0,5500.64,3120.93,14.69
7.23768,58,10,2000,2000,14.36,2.77182,0,1,1,32,0.15,1,40,2,5482.28,3048.09,12.83
7.23841,59,17,5021.52,2809.98,2.27,2.76843,0,0,0,0,0,1,40,0,6016.98,2413.79,0
7.24638,70,26,2000,2000,8.45,-1.83902,0,1,0,0,0,1,40,2,4995.58,2820.16,3.76
7.24783,72,22,4522.6,3005.73,11.01,2.7675,0,0,0,0,0,1,40,0,5364.82,2674.43,0
7.2587,87,19,2000,2000,12.09,-2.01337,0,1,1,32,0.15,1,40,2,5408.31,2800.61,12.17
7.26087,90,19,2000,2000,0,0,0,1,1,32,0.15,1,40,2,5371.08,2722.04,7.67
7.26304,93,19,2000,2000,12.17,1.12846,0,1,1,32,0.15,1,40,2,5682.1,3808.96,1.22
7.26522,96,19,2000,2000,7.67,1.12756,0,1,1,32,0.15,1,40,2,5630.63,2566.25,0
7.27609,111,19,2000,2000,6.72,-0.378294,0,1,1,32,0.15,1,40,2,5544.91,2600.4,3.82
7.28043,117,10,2000,2000,3.82,-0.366423,0,1,1,32,0.15,1,40,2,5598.08,3512.25,12
7.28406,122,19,2000,2000,0.01,2.97632,0,1,1,32,0.15,1,40,2,5464.08,2989.69,4.06
7.28478,123,37,2000,2000,12,-1.83134,0,1,0,64,0.05,1,40,2,5466.08,2984.92,1.64
7.28551,124,19,2000,2000,14.25,-0.37816,0,1,1,96,0.2,1,40,2,5421.2,2827.82,0.04
7.28623,125,19,2000,2000,0.54,2.30401,0,1,1,96,0.2,1,40,2,5953.48,2438.15,13.28
7.28841,128,27,5464.07,2989.67,4.06,-1.83726,0,0,0,0,0,1,40,0,5687.64,3824.81,0.01
7.29203,133,10,2000,2000,6.25,2.75543,0,1,1,32,0.15,1,40,2,5365.93,2718.65,0.41
7.30217,9,10,2000,2000,0,0,0,1,1,32,0.15,1,40,2,5581.33,2586.44,0
7.31014,20,11,5661.61,2555.29,0,0,0,0,0,0,0,1,40,0,5362.79,2712.01,0
7.32174,36,31,2000,2000,12.89,1.32375,0,1,0,0,0,1,40,2,5219.55,2732.18,0.13
7.32681,43,19,2000,2000,4.19,2.76242,0,1,1,32,0.15,1,40,2,5458.21,2637.43,8.41
7.32826,45,18,2000,2000,9.38,2.76287,0,1,0,0,0,1,40,2,6344.49,2289.36,11.47
7.32899,46,10,2000,2000,11.92,-0.370065,0,1,1,96,0.2,1,40,2,4864.62,2871.54,15.94
7.33478,54,5,6108.63,2381.63,12.78,2.76807,0,0,0,0,0,1,40,0,5501,3122.35,14.69
7.33768,58,10,2000,2000,14.36,2.77182,0,1,1,32,0.15,1,40,2,5482.59,3049.33,12.83
7.33841,59,17,5021.3,2810.06,2.27,2.76843,0,0,0,0,0,1,40,0,6016.98,2413.79,0
7.34638,70,26,2000,2000,8.45,-1.83902,0,1,0,0,0,1,40,2,4995.23,2820.29,3.76
7.34783,72,22,4521.57,3006.13,11.01,2.7675,0,0,0,0,0,1,40,0,5364.82,2674.43,0
7.3587,87,19,2000,2000,12.09,-2.01337,0,1,1,32,0.15,1,40,2,5408.83,2801.71,12.17
7.36087,90,19,2000,2000,0,0,0,1,1,32,0.15,1,40,2,5371.41,2722.73,7.67
7.36304,93,19,2000,2000,12.17,1.12846,0,1,1,32,0.15,1,40,2,5682.13,3809.08,1.22
7.36522,96,19,2000,2000,7.67,1.12756,0,1,1,32,0.15,1,40,2,5630.63,2566.25,0
7.37609,111,19,2000,2000,6.72,-0.378294,0,1,1,32,0.15,1,40,2,5545.27,2600.27,3.82
7.38043,117,10,2000,2000,3.82,-0.366423,0,1,1,32,0.15,1,40,2,5597.77,3511.09,12
7.38406,122,19,2000,2000,0.01,2.97632,0,1,1,32,0.15,1,40,2,5463.97,2989.3,4.06
7.38478,123,37,2000,2000,12,-1.83134,0,1,0,64,0.05,1,40,2,5466.13,2985.08,1.64
7.38551,124,19,2000,2000,14.25,-0.37816,0,1,1,96,0.2,1,40,2,5421.2,2827.82,0.04
7.38623,125,19,2000,2000,0.54,2.30401,0,1,1,96,0.2,1,40,2,5954.71,2437.66,13.28
7.38841,128,27,5463.96,2989.28,4.06,-1.83726,0,0,0,0,0,1,40,0,5687.64,3824.81,0.01
7.39203,133,10,2000,2000,6.25,2.75543,0,1,1,32,0.15,1,40,2,5365.92,2718.61,0.41
7.3971,140,17,5050.01,2798.79,9.32,2.76726,0,0,0,0,0,1,40,0,0,0,0
7.40217,9,10,2000,2000,0,0,0,1,1,32,0.15,1,40,2,5581.33,2586.44,0
7.41014,20,11,5661.61,2555.29,0,0,0,0,0,0,0,1,40,0,5362.79,2712.01,0
7.42174,36,31,2000,2000,12.89,1.32375,0,1,0,0,0,1,40,2,5219.54,2732.18,0.13
7.42681,43,19,2000,2000,4.19,2.76242,0,1,1,32,0.15,1,40,2,5457.43,2637.73,8.41
7.42826,45,18,2000,2000,9.38,2.76287,0,1,0,64,0.05,1,40,2,6343.42,2289.78,11.47
7.42899,46,10,2000,2000,11.92,-0.370065,0,1,1,96,0.2,1,40,2,4863.13,2872.13,15.94
7.43478,54,5,6107.44,2382.09,12.78,2.76807,0,0,0,0,0,1,40,0,5501.36,3123.78,14.69
7.43768,58,10,2000,2000,14.36,2.77182,0,1,1,32,0.15,1,40,2,5482.9,3050.58,12.83
7.43841,59,17,5021.09,2810.14,2.27,2.76843,0,0,0,0,0,1,40,0,6016.98,2413.79,0
7.44638,70,26,2000,2000,8.45,-1.83902,0,1,0,0,0,1,40,2,4994.88,2820.43,3.76
7.44783,72,22,4520.55,3006.53,11.01,2.7675,0,0,0,0,0,1,40,0,5364.82,2674.43,0
7.4587,87,19,2000,2000,12.09,-2.01337,0,1,1,32,0.15,1,40,2,5409.35,2802.81,12.17
7.46087,90,19,2000,2000,0,0,0,1,1,32,0.15,1,40,2,5371.74,2723.42,7.67
7.46304,93,19,2000,2000,12.17,1.12846,0,1,1,32,0.15,1,40,2,5682.16,3809.2,1.22
7.46522,96,19,2000,2000,7.67,1.12756,0,1,1,32,0.15,1,40,2,5630.63,2566.25,0
7.47609,111,19,2000,2000,6.72,-0.378294,0,1,1,32,0.15,1,40,2,5545.63,2600.13,3.82
7.48043,117,10,2000,2000,3.82,-0.366423,0,1,1,32,0.15,1,40,2,5597.46,3509.93,12
7.48406,122,19,2000,2000,0.01,2.97632,0,1,1,96,0.2,1,40,2,5463.86,2988.9,4.06
7.48478,123,37,2000,2000,12,-1.83134,0,1,0,64,0.05,1,40,2,5466.17,2985.24,1.64
7.48551,124,19,2000,2000,14.25,-0.37816,0,1,1,96,0.2,1,40,2,5421.2,2827.83,0.04
7.48623,125,19,2000,2000,0.54,2.30401,0,1,1,96,0.2,1,40,2,5955.94,2437.17,13.28
7.48841,128,27,5463.86,2988.89,4.06,-1.83726,0,0,0,0,0,1,40,0,5687.64,3824.81,0.01
7.49203,133,10,2000,2000,6.25,2.75543,0,1,1,32,0.15,1,40,2,5365.9,2718.57,0.41
7.4971,140,17,5049.15,2799.13,9.32,2.76726,0,0,0,0,0,1,40,0,0,0,0
7.50217,9,10,2000,2000,0,0,0,1,1,32,0.15,1,40,2,5581.33,2586.44,0
7.51014,20,11,5661.61,2555.29,0,0,0,0,0,0,0,1,40,0,5362.79,2712.01,0
7.52174,36,31,2000,2000,12.89,1.32375,0,1,0,0,0,1,40,2,5219.53,2732.19,0.13
7.52681,43,19,2000,2000,4.19,2.76242,0,1,1,32,0.15,1,40,2,5456.64,2638.04,8.41
7.52826,45,18,2000,2000,9.38,2.76287,0,1,0,64,0.05,1,40,2,6342.35,2290.19,11.47
7.52899,46,10,2000,2000,11.92,-0.370065,0,1,1,96,0.2,1,40,2,4861.65,2872.71,15.94
7.53478,54,5,6106.25,2382.56,12.78,2.76807,0,0,0,0,0,1,40,0,5501.72,3125.2,14.69
7.53768,58,10,2000,2000,14.36,2.77182,0,1,1,32,0.15,1,40,2,5483.22,3051.82,12.83
7.53841,59,17,5020.88,2810.23,2.27,2.76843,0,0,0,0,0,1,40,0,6016.98,2413.79,0
7.54638,70,26,2000,2000,8.45,-1.83902,0,1,0,0,0,1,40,2,4994.53,2820.57,3.76
7.54783,72,22,4519.52,3006.93,11.01,2.7675,0,0,0,0,0,1,40,0,5364.82,2674.43,0
7.5587,87,19,2000,2000,12.09,-2.01337,0,1,1,32,0.15,1,40,2,5409.87,2803.91,12.17
7.56087,90,19,2000,2000,0,0,0,1,1,32,0.15,1,40,2,5372.07,2724.12,7.67
7.56304,93,19,2000,2000,12.17,1.12846,0,1,1,32,0.15,1,40,2,5682.2,3809.31,1.22
7.56522,96,19,2000,2000,7.67,1.12756,0,1,1,32,0.15,1,40,2,5630.63,2566.25,0
7.57609,111,19,2000,2000,6.72,-0.378294,0,1,1,32,0.15,1,40,2,5545.98,2599.99,3.82
7.58043,117,10,2000,2000,3.82,-0.366423,0,1,1,32,0.15,1,40,2,5597.15,3508.77,12
7.58406,122,19,2000,2000,0.01,2.97632,0,1,1,96,0.2,1,40,2,5463.76,2988.51,4.06
7.58478,123,37,2000,2000,12,-1.83134,0,1,0,64,0.05,1,40,2,5466.21,2985.4,1.64
7.58551,124,19,2000,2000,14.25,-0.37816,0,1,1,96,0.2,1,40,2,5421.2,2827.83,0.04
7.58623,125,19,2000,2000,0.54,2.30401,0,1,1,96,0.2,1,40,2,5957.18,2436.68,13.28
7.58841,128,27,5463.75,2988.5,4.06,-1.83726,0,0,0,0,0,1,40,0,5687.64,3824.81,0.01
7.59203,133,10,2000,2000,6.25,2.75543,0,1,1,32,0.15,1,40,2,5365.88,2718.53,0.41
7.5971,140,17,5048.28,2799.47,9.32,2.76726,0,0,0,0,0,1,40,0,0,0,0
7.60217,9,10,2000,2000,0,0,0,1,1,32,0.15,1,40,2,5581.33,2586.44,0
7.61014,20,11,5661.61,2555.29,0,0,0,0,0,0,0,1,40,0,5362.79,2712.01,0
7.62174,36,31,2000,2000,12.89,1.32375,0,1,0,0,0,1,40,2,5219.52,2732.19,0.13
7.62681,43,19,2000,2000,4.19,2.76242,0,1,1,32,0.15,1,40,2,5455.86,2638.34,8.41
7.62826,45,18,2000,2000,9.38,2.76287,0,1,0,64,0.05,1,40,2,6341.29,2290.61,11.47
7.62899,46,10,2000,2000,11.92,-0.370065,0,1,1,96,0.2,1,40,2,4860.17,2873.29,15.94
7.63478,54,5,6105.06,2383.03,12.78,2.76807,0,0,0,0,0,1,40,0,5502.08,3126.62,14.69
7.63768,58,10,2000,2000,14.36,2.77182,0,1,1,32,0.15,1,40,2,5483.53,3053.06,12.83
7.63841,59,17,5020.67,2810.31,2.27,2.76843,0,0,0,0,0,1,40,0,6016.98,2413.79,0
7.64638,70,26,2000,2000,8.45,-1.83902,0,1,0,0,0,1,40,2,4994.18,2820.71,3.76
7.64783,72,22,4518.5,3007.33,11.01,2.7675,0,0,0,0,0,1,40,0,5364.82,2674.43,0
7.6587,87,19,2000,2000,12.09,-2.01337,0,1,1,32,0.15,1,40,2,5410.39,2805.01,12.17
7.66087,90,19,2000,2000,0,0,0,1,1,32,0.15,1,40,2,5372.4,2724.81,7.67
7.66304,93,19,2000,2000,12.17,1.12846,0,1,1,32,0.15,1,40,2,5682.23,3809.43,1.22
7.66522,96,19,2000,2000,7.67,1.12756,0,1,1,32,0.15,1,40,2,5630.63,2566.25,0
7.67609,111,19,2000,2000,6.72,-0.378294,0,1,1,32,0.15,1,40,2,5546.34,2599.85,3.82
7.68043,117,10,2000,2000,3.82,-0.366423,0,1,1,32,0.15,1,40,2,5596.84,3507.61,12
7.68406,122,19,2000,2000,0.01,2.97632,0,1,1,96,0.2,1,40,2,5463.65,2988.12,4.06
7.68478,123,37,2000,2000,12,-1.83134,0,1,0,64,0.05,1,40,2,5466.25,2985.55,1.64
7.68551,124,19,2000,2000,14.25,-0.37816,0,1,1,96,0.2,1,40,2,5421.2,2827.83,0.04
7.68623,125,19,2000,2000,0.54,2.30401,0,1,1,96,0.2,1,40,2,5958.41,2436.19,13.28
7.68841,128,27,5463.64,2988.1,4.06,-1.83726,0,0,0,0,0,1,40,0,5687.64,3824.82,0.01
7.69203,133,10,2000,2000,6.25,2.75543,0,1,1,32,0.15,1,40,2,5365.86,2718.5,0.41
7.6971,140,17,5047.41,2799.81,9.32,2.76726,0,0,0,0,0,1,40,0,0,0,0
7.70217,9,10,2000,2000,0,0,0,1,1,32,0.15,1,40,2,5581.33,2586.44,0
7.71014,20,11,5661.61,2555.29,0,0,0,0,0,0,0,1,40,0,5362.79,2712.01,0
7.72174,36,31,2000,2000,12.89,1.32375,0,1,0,0,0,1,40,2,5219.5,2732.2,0.13
7.72681,43,19,2000,2000,4.19,2.76242,0,1,1,32,0.15,1,40,2,5455.08,2638.65,8.41
7.72826,45,18,2000,2000,9.38,2.76287,0,1,0,64,0.05,1,40,2,6340.22,2291.03,11.47
7.72899,46,10,2000,2000,11.92,-0.370065,0,1,1,96,0.2,1,40,2,4858.68,2873.87,15.94
7.73478,54,5,6103.87,2383.49,12.78,2.76807,0,0,0,0,0,1,40,0,5502.44,3128.05,14.69
7.73768,58,10,2000,2000,14.36,2.77182,0,1,1,32,0.15,1,40,2,5483.84,3054.31,12.83
7.73841,59,17,5020.46,2810.39,2.27,2.76843,0,0,0,0,0,1,40,0,6016.98,2413.79,0
7.74638,70,26,2000,2000,8.45,-1.83902,0,1,0,0,0,1,40,2,4993.83,2820.84,3.76
7.74783,72,22,4517.47,3007.74,11.01,2.7675,0,0,0,0,0,1,40,0,5364.82,2674.43,0
7.7587,87,19,2000,2000,12.09,-2.01337,0,1,1,32,0.15,1,40,2,5410.91,2806.11,12.17
7.76087,90,19,2000,2000,0,0,0,1,1,32,0.15,1,40,2,5372.73,2725.5,7.67
7.76304,93,19,2000,2000,12.17,1.12846,0,1,1,32,0.15,1,40,2,5682.27,3809.55,1.22
7.76522,96,19,2000,2000,7.67,1.12756,0,1,1,32,0.15,1,40,2,5630.63,2566.25,0
7.77609,111,19,2000,2000,6.72,-0.378294,0,1,1,32,0.15,1,40,2,5546.7,2599.72,3.82
7.78043,117,10,2000,2000,3.82,-0.366423,0,1,1,32,0.15,1,40,2,5596.53,3506.45,12
7.78406,122,19,2000,2000,0.01,2.97632,0,1,1,96,0.2,1,40,2,5463.54,2987.73,4.06
7.78478,123,37,2000,2000,12,-1.83134,0,1,0,64,0.05,1,40,2,5466.3,2985.71,1.64
7.78551,124,19,2000,2000,14.25,-0.37816,0,1,1,96,0.2,1,40,2,5421.2,2827.84,0.04
7.78623,125,19,2000,2000,0.54,2.30401,0,1,1,96,0.2,1,40,2,5959.65,2435.71,13.28
7.78841,128,27,5463.54,2987.71,4.06,-1.83726,0,0,0,0,0,1,40,0,5687.64,3824.82,0.01
7.79203,133,10,2000,2000,6.25,2.75543,0,1,1,32,0.15,1,40,2,5365.84,2718.46,0.41
7.7971,140,17,5046.54,2800.15,9.32,2.76726,0,0,0,0,0,1,40,0,0,0,0
7.80217,9,10,2000,2000,0,0,0,1,1,32,0.15,1,40,2,5581.33,2586.44,0
7.81014,20,11,5661.61,2555.29,0,0,0,0,0,0,0,1,40,0,5362.79,2712.01,0
7.82174,36,31,2000,2000,12.89,1.32375,0,1,0,0,0,1,40,2,5219.49,2732.2,0.13
7.82681,43,19,2000,2000,4.19,2.76242,0,1,1,32,0.15,1,40,2,5454.29,2638.95,8.41
7.82826,45,18,2000,2000,9.38,2.76287,0,1,0,64,0.05,1,40,2,6339.15,2291.44,11.47
7.82899,46,10,2000,2000,11.92,-0.370065,0,1,1,96,0.2,1,40,2,4857.2,2874.45,15.94
7.83478,54,5,6102.68,2383.96,12.78,2.76807,0,0,0,0,0,1,40,0,5502.79,3129.47,14.69
7.83768,58,10,2000,2000,14.36,2.77182,0,1,1,32,0.15,1,40,2,5484.16,3055.55,12.83
7.83841,59,17,5020.25,2810.47,2.27,2.76843,0,0,0,0,0,1,40,0,6016.98,2413.79,0
7.84638,70,26,2000,2000,8.45,-1.83902,0,1,0,0,0,1,40,2,4993.48,2820.98,3.76
7.84783,72,22,4516.45,3008.14,11.01,2.7675,0,0,0,0,0,1,40,0,5364.82,2674.43,0
7.8587,87,19,2000,2000,12.09,-2.01337,0,1,1,32,0.15,1,40,2,5411.43,2807.21,12.17
7.86087,90,19,2000,2000,0,0,0,1,1,32,0.15,1,40,2,5373.06,2726.2,7.67
7.86304,93,19,2000,2000,12.17,1.12846,0,1,1,32,0.15,1,40,2,5682.3,3809.66,1.22
7.86522,96,19,2000,2000,7.67,1.12756,0,1,1,32,0.15,1,40,2,5630.63,2566.25,0
7.87464,109,37,2000,2000,12.15,-1.83156,0,1,0,0,0,1,40,2,5091.85,2778.94,13.33
7.87609,111,19,2000,2000,6.72,-0.378294,0,1,1,32,0.15,1,40,2,5547.05,2599.58,3.82
7.88043,117,10,2000,2000,3.82,-0.366423,0,1,1,32,0.15,1,40,2,5596.22,3505.29,12
7.88406,122,19,2000,2000,0.01,2.97632,0,1,1,96,0.2,1,40,2,5463.43,2987.34,4.06
7.88478,123,37,2000,2000,12,-1.83134,0,1,0,64,0.05,1,40,2,5466.34,2985.87,1.64
7.88551,124,19,2000,2000,14.25,-0.37816,0,1,1,96,0.2,1,40,2,5421.21,2827.84,0.04
7.88623,125,19,2000,2000,0.54,2.30401,0,1,1,96,0.2,1,40,2,5960.88,2435.22,13.28
7.88841,128,27,5463.43,2987.32,4.06,-1.83726,0,0,0,0,0,1,40,0,5687.64,3824.82,0.01
7.89203,133,10,2000,2000,6.25,2.75543,0,1,1,32,0.15,1,40,2,5365.83,2718.42,0.41
7.8971,140,17,5045.68,2800.49,9.32,2.76726,0,0,0,0,0,1,40,0,0,0,0
7.90217,9,10,2000,2000,0,0,0,1,1,32,0.15,1,40,2,5581.33,2586.44,0
7.91014,20,11,5661.61,2555.29,0,0,0,0,0,0,0,1,40,0,5362.79,2712.01,0
7.92174,36,31,2000,2000,12.89,1.32375,0,1,0,0,0,1,40,2,5219.48,2732.21,0.13
7.92681,43,19,2000,2000,4.19,2.76242,0,1,1,32,0.15,1,40,2,5453.51,2639.26,8.41
7.92826,45,18,2000,2000,9.38,2.76287,0,1,0,64,0.05,1,40,2,6338.08,2291.86,11.47
7.92899,46,10,2000,2000,11.92,-0.370065,0,1,1,96,0.2,1,40,2,4855.71,2875.04,15.94
7.93478,54,5,6101.49,2384.42,12.78,2.76807,0,0,0,0,0,1,40,0,5503.15,3130.9,14.69
7.93768,58,10,2000,2000,14.36,2.77182,0,1,1,32,0.15,1,40,2,5484.47,3056.8,12.83
7.93841,59,17,5020.04,2810.56,2.27,2.76843,0,0,0,0,0,1,40,0,6016.98,2413.79,0
7.94638,70,26,2000,2000,8.45,-1.83902,0,1,0,0,0,1,40,2,4993.13,2821.12,3.76
7.94783,72,22,4515.42,3008.54,11.01,2.7675,0,0,0,0,0,1,40,0,5364.82,2674.43,0
7.9587,87,19,2000,2000,12.09,-2.01337,0,1,1,32,0.15,1,40,2,5411.95,2808.31,12.17
7.96087,90,19,2000,2000,0,0,0,1,1,32,0.15,1,40,2,5373.39,2726.89,7.67
7.96304,93,19,2000,2000,12.17,1.12846,0,1,1,32,0.15,1,40,2,5682.33,3809.78,1.22
7.96522,96,19,2000,2000,7.67,1.12756,0,1,1,32,0.15,1,40,2,5630.63,2566.25,0
7.97464,109,37,2000,2000,12.15,-1.83156,0,1,0,0,0,1,40,2,5093.09,2778.45,13.33
7.97609,111,19,2000,2000,6.72,-0.378294,0,1,1,32,0.15,1,40,2,5547.41,2599.44,3.82
7.98043,117,10,2000,2000,3.82,-0.366423,0,1,1,32,0.15,1,40,2,5595.91,3504.13,12
7.98406,122,19,2000,2000,0.01,2.97632,0,1,1,96,0.2,1,40,2,5463.33,2986.95,4.06
7.98478,123,37,2000,2000,12,-1.83134,0,1,0,64,0.05,1,40,2,5466.38,2986.03,1.64
7.98551,124,19,2000,2000,14.25,-0.37816,0,1,1,96,0.2,1,40,2,5421.21,2827.85,0.04
7.98841,128,27,5463.32,2986.93,4.06,-1.83726,0,0,0,0,0,1,40,0,5687.64,3824.82,0.01
7.99203,133,10,2000,2000,6.25,2.75543,0,1,1,32,0.15,1,40,2,5365.81,2718.39,0.41
7.9971,140,17,5044.81,2800.83,9.32,2.76726,0,0,0,0,0,1,40,0,0,0,0
8.00217,9,10,2000,2000,0,0,0,1,1,32,0.15,1,40,2,5581.33,2586.44,0
8.01014,20,11,5661.61,2555.29,0,0,0,0,0,0,0,1,40,0,5362.79,2712.01,0
7.01957,33,27,5455.77,2947.31,11.67,1.30379,0,0,0,0,0,1,40,0,5825.33,2488.91,17.38
8.02174,36,31,2000,2000,12.36,1.32385,-5.3,1,1,4,0.1,1,40,2,5219.47,2732.21,0.01
8.02681,43,19,2000,2000,5.78,2.76237,15.9,1,1,36,0.25,1,40,2,5452.74,2639.56,7.89
8.02826,45,18,2000,2000,4.97,2.76371,-44.1,1,1,68,0.15,1,40,2,6336.97,2292.29,13.03
8.02899,46,10,2000,2000,8.95,-0.37014,-29.7,1,1,68,0.15,1,40,2,4854.17,2875.64,18.25
8.03478,54,5,6100.39,2384.86,9.99,2.76852,-27.9,0,1,4,0.1,1,40,0,5503.51,3132.33,14.99
8.03768,58,10,2000,2000,13.53,2.77193,-8.3,1,1,4,0.1,1,40,2,5484.79,3058.06,13.26
8.03841,59,17,5019.87,2810.62,1.06,2.76288,-12.1,0,1,4,0.1,1,40,0,6016.98,2413.79,0
8.04638,70,26,2000,2000,6.63,-1.83771,-18.2,1,1,4,0.1,1,40,2,4992.82,2821.24,3.06
8.04783,72,22,4514.57,3008.87,7.14,2.76889,-38.7,0,1,4,0.1,1,40,0,5364.82,2674.43,0
7.04855,73,19,2000,2000,13.29,-2.01324,0,1,0,0,0,1,40,2,5344.11,2679.2,6.2
8.0587,87,19,2000,2000,12.17,-2.01313,0.8,1,0,0,0,1,40,2,5412.37,2809.2,8.21
8.06087,90,19,2000,2000,0.53,1.30394,5.3,1,1,6,0.2,1,40,2,5373.74,2727.63,8.49
8.06304,93,19,2000,2000,8.21,1.12784,-39.6,1,1,36,0.25,1,40,2,5682.35,3809.85,0.45
7.06449,95,10,2000,2000,6.78,2.75259,0,1,0,0,0,1,40,2,5510.26,3159.1,14.39
8.06522,96,19,2000,2000,8.49,1.12926,8.2,1,1,36,0.25,1,40,2,5630.63,2566.25,0
8.07464,109,37,2000,2000,13.01,-1.83105,8.6,1,1,4,0.1,1,40,2,5094.42,2777.93,14.62
8.07609,111,19,2000,2000,5.43,-0.378798,-12.9,1,1,36,0.25,1,40,2,5547.55,2599.39,0.77
7.07826,114,10,2000,2000,0.02,-0.604882,0,1,1,32,0.15,1,40,2,5601.36,3524.56,11.68
8.08043,117,10,2000,2000,0.77,-0.358817,-30.5,1,1,36,0.25,1,40,2,5595.59,3502.93,12.56
8.08478,123,37,2000,2000,12.56,-1.83181,5.6,1,1,68,0.15,1,40,2,5466.47,2986.35,3.69
8.08406,122,19,2000,2000,0,0,-0.1,1,1,98,0.3,1,40,2,5463.16,2986.35,6.45
8.08551,124,19,2000,2000,12.74,-0.378902,-15.1,1,1,100,0.3,1,40,2,5421.21,2827.85,0.01
8.08623,125,19,2000,2000,2.84,-2.78226,23,1,1,102,0.4,1,40,2,5963.02,2434.37,9.17
8.08841,128,27,5463.16,2986.33,6.45,-1.83909,23.9,0,1,4,0.1,1,40,0,5687.64,3824.82,0
8.09203,133,10,2000,2000,6.07,2.75528,-1.8,1,1,32,0.15,1,40,2,5365.81,2718.38,0.02
7.09565,138,19,2000,2000,12.84,1.12838,0,1,1,32,0.15,1,40,2,0,0,0
8.0971,140,17,5044.22,2801.07,6.21,2.76678,-31.1,0,1,4,0.1,1,40,0,0,0,0
8.10217,9,10,2000,2000,0,0,0,1,1,32,0.15,1,40,2,5581.33,2586.44,0
8.11014,20,11,5661.61,2555.29,0,0,0,0,0,0,0,1,40,0,5362.79,2712.01,0
8.11957,33,27,5459.12,2959.55,10.48,1.30245,0,0,0,0,0,1,40,0,5826.94,2488.28,17.38
8.12174,36,31,2000,2000,12.36,1.32385,0,1,0,0,0,1,40,2,5219.47,2732.21,0.01
8.12681,43,19,2000,2000,5.78,2.76237,0,1,1,32,0.15,1,40,2,5452.01,2639.85,7.89
8.12826,45,18,2000,2000,4.97,2.76371,0,1,0,64,0.05,1,40,2,6335.76,2292.77,13.03
8.12899,46,10,2000,2000,8.95,-0.37014,0,1,1,96,0.2,1,40,2,4852.47,2876.31,18.25
8.13478,54,5,6099.46,2385.22,9.99,2.76852,0,0,0,0,0,1,40,0,5503.88,3133.79,14.99
8.13768,58,10,2000,2000,13.53,2.77193,0,1,1,32,0.15,1,40,2,5485.11,3059.34,13.26
8.13841,59,17,5019.77,2810.66,1.06,2.76288,0,0,0,0,0,1,40,0,6016.98,2413.79,0
8.14638,70,26,2000,2000,6.63,-1.83771,0,1,0,0,0,1,40,2,4992.53,2821.35,3.06
8.14783,72,22,4513.91,3009.13,7.14,2.76889,0,0,0,0,0,1,40,0,5364.82,2674.43,0
8.14855,73,19,2000,2000,11.69,-2.01301,0,1,1,56,0.45,1,40,2,5344.68,2678.97,6.2
8.1587,87,19,2000,2000,12.17,-2.01313,0,1,1,32,0.15,1,40,2,5412.73,2809.94,8.21
8.16087,90,19,2000,2000,0.53,1.30394,0,1,1,32,0.15,1,40,2,5374.1,2728.39,8.49
8.16304,93,19,2000,2000,8.21,1.12784,0,1,1,32,0.15,1,40,2,5682.37,3809.9,0.45
8.16449,95,10,2000,2000,7.57,2.73948,0,1,1,32,0.15,1,40,2,5510.61,3160.48,14.39
8.16522,96,19,2000,2000,8.49,1.12926,0,1,1,32,0.15,1,40,2,5630.63,2566.25,0
8.17464,109,37,2000,2000,13.01,-1.83105,0,1,0,0,0,1,40,2,5095.78,2777.39,14.62
8.17609,111,19,2000,2000,5.43,-0.378798,0,1,1,32,0.15,1,40,2,5547.62,2599.36,0.77
8.17826,114,10,2000,2000,0,0,0,1,1,34,0.25,1,40,2,5601.06,3523.44,11.68
8.18043,117,10,2000,2000,0.77,-0.358817,0,1,1,32,0.15,1,40,2,5595.27,3501.72,12.56
8.18406,122,19,2000,2000,0,0,0,1,1,96,0.2,1,40,2,5463,2985.74,6.45
8.18478,123,37,2000,2000,12.56,-1.83181,0,1,0,64,0.05,1,40,2,5466.57,2986.71,3.69
8.18551,124,19,2000,2000,12.74,-0.378902,0,1,1,96,0.2,1,40,2,5421.21,2827.85,0.01
8.18623,125,19,2000,2000,2.84,-2.78226,0,1,1,96,0.2,1,40,2,5963.88,2434.03,9.17
8.18841,128,27,5462.99,2985.71,6.45,-1.83909,0,0,0,0,0,1,40,0,5687.64,3824.82,0
8.19203,133,10,2000,2000,6.07,2.75528,0,1,1,32,0.15,1,40,2,5365.81,2718.38,0.02
8.19565,138,19,2000,2000,13.06,1.12839,0,1,1,56,0.45,1,40,2,0,0,0
8.1971,140,17,5043.64,2801.29,6.21,2.76678,0,0,0,0,0,1,40,0,0,0,0
8.20217,9,10,2000,2000,0,0,0,1,1,32,0.15,1,40,2,5581.33,2586.44,0
8.21014,20,11,5661.61,2555.29,0,0,0,0,0,0,0,1,40,0,5362.79,2712.01,0
8.21957,33,27,5459.4,2960.56,10.48,1.30245,0,0,0,0,0,1,40,0,5828.55,2487.64,17.38
8.22174,36,31,2000,2000,12.36,1.32385,0,1,0,0,0,1,40,2,5219.47,2732.21,0.01
8.22681,43,19,2000,2000,5.78,2.76237,0,1,1,32,0.15,1,40,2,5451.27,2640.14,7.89
8.22826,45,18,2000,2000,4.97,2.76371,0,1,0,64,0.05,1,40,2,6334.54,2293.24,13.03
8.22899,46,10,2000,2000,8.95,-0.37014,0,1,1,96,0.2,1,40,2,4850.77,2876.98,18.25
8.23478,54,5,6098.53,2385.58,9.99,2.76852,0,0,0,0,0,1,40,0,5504.25,3135.24,14.99
8.23768,58,10,2000,2000,13.53,2.77193,0,1,1,32,0.15,1,40,2,5485.44,3060.63,13.26
8.23841,59,17,5019.67,2810.7,1.06,2.76288,0,0,0,0,0,1,40,0,6016.98,2413.79,0
8.24638,70,26,2000,2000,6.63,-1.83771,0,1,0,0,0,1,40,2,4992.25,2821.46,3.06
8.24783,72,22,4513.24,3009.39,7.14,2.76889,0,0,0,0,0,1,40,0,5364.82,2674.43,0
8.24855,73,19,2000,2000,11.69,-2.01301,0,1,1,32,0.15,1,40,2,5345.26,2678.75,6.2
8.2587,87,19,2000,2000,12.17,-2.01313,0,1,1,32,0.15,1,40,2,5413.08,2810.68,8.21
8.26087,90,19,2000,2000,0.53,1.30394,0,1,1,32,0.15,1,40,2,5374.46,2729.16,8.49
8.26304,93,19,2000,2000,8.21,1.12784,0,1,1,32,0.15,1,40,2,5682.38,3809.94,0.45
8.26449,95,10,2000,2000,7.57,2.73948,0,1,1,32,0.15,1,40,2,5510.96,3161.88,14.39
8.26522,96,19,2000,2000,8.49,1.12926,0,1,1,32,0.15,1,40,2,5630.63,2566.25,0
8.27464,109,37,2000,2000,13.01,-1.83105,0,1,0,0,0,1,40,2,5097.14,2776.86,14.62
8.27609,111,19,2000,2000,5.43,-0.378798,0,1,1,32,0.15,1,40,2,5547.69,2599.34,0.77
8.27826,114,10,2000,2000,0,0,0,1,1,32,0.15,1,40,2,5600.76,3522.31,11.68
8.28043,117,10,2000,2000,0.77,-0.358817,0,1,1,32,0.15,1,40,2,5594.94,3500.5,12.56
8.28406,122,19,2000,2000,0,0,0,1,1,96,0.2,1,40,2,5462.83,2985.12,6.45
8.28478,123,37,2000,2000,12.56,-1.83181,0,1,0,64,0.05,1,40,2,5466.67,2987.06,3.69
8.28551,124,19,2000,2000,12.74,-0.378902,0,1,1,96,0.2,1,40,2,5421.21,2827.85,0.01
8.28623,125,19,2000,2000,2.84,-2.78226,0,1,1,96,0.2,1,40,2,5964.73,2433.69,9.17
8.28841,128,27,5462.82,2985.09,6.45,-1.83909,0,0,0,0,0,1,40,0,5687.64,3824.82,0
8.29203,133,10,2000,2000,6.07,2.75528,0,1,1,32,0.15,1,40,2,5365.8,2718.38,0.02
8.29565,138,19,2000,2000,13.06,1.12839,0,1,1,32,0.15,1,40,2,0,0,0
8.2971,140,17,5043.07,2801.52,6.21,2.76678,0,0,0,0,0,1,40,0,0,0,0
8.30217,9,10,2000,2000,0,0,0,1,1,32,0.15,1,40,2,5581.33,2586.44,0
8.31014,20,11,5661.61,2555.29,0,0,0,0,0,0,0,1,40,0,5362.79,2712.01,0
8.31957,33,27,5459.68,2961.57,10.48,1.30245,0,0,0,0,0,1,40,0,5830.17,2487,17.38
8.32174,36,31,2000,2000,12.36,1.32385,0,1,0,0,0,1,40,2,5219.47,2732.21,0.01
8.32681,43,19,2000,2000,5.78,2.76237,0,1,1,32,0.15,1,40,2,5450.54,2640.44,7.89
8.32826,45,18,2000,2000,4.97,2.76371,0,1,0,64,0.05,1,40,2,6333.33,2293.72,13.03
8.32899,46,10,2000,2000,8.95,-0.37014,0,1,1,96,0.2,1,40,2,4849.07,2877.64,18.25
8.33478,54,5,6097.6,2385.95,9.99,2.76852,0,0,0,0,0,1,40,0,5504.61,3136.69,14.99
8.33768,58,10,2000,2000,13.53,2.77193,0,1,1,32,0.15,1,40,2,5485.76,3061.91,13.26
8.33841,59,17,5019.57,2810.74,1.06,2.76288,0,0,0,0,0,1,40,0,6016.98,2413.79,0
8.33116,49,9,2000,2000,7.89,2.76369,0,1,0,0,0,1,40,2,5856.43,2476.6,17.82
8.34638,70,26,2000,2000,6.63,-1.83771,0,1,0,0,0,1,40,2,4991.96,2821.57,3.06
8.34783,72,22,4512.58,3009.65,7.14,2.76889,0,0,0,0,0,1,40,0,5364.82,2674.43,0
8.34855,73,19,2000,2000,11.69,-2.01301,0,1,1,32,0.15,1,40,2,5345.84,2678.52,6.2
8.3587,87,19,2000,2000,12.17,-2.01313,0,1,1,32,0.15,1,40,2,5413.43,2811.42,8.21
8.36087,90,19,2000,2000,0.53,1.30394,0,1,1,32,0.15,1,40,2,5374.82,2729.93,8.49
8.36304,93,19,2000,2000,8.21,1.12784,0,1,1,32,0.15,1,40,2,5682.39,3809.98,0.45
8.36449,95,10,2000,2000,7.57,2.73948,0,1,1,96,0.2,1,40,2,5511.31,3163.28,14.39
8.36522,96,19,2000,2000,8.49,1.12926,0,1,1,96,0.2,1,40,2,5630.63,2566.25,0
8.37464,109,37,2000,2000,13.01,-1.83105,0,1,0,0,0,1,40,2,5098.5,2776.33,14.62
8.37609,111,19,2000,2000,5.43,-0.378798,0,1,1,32,0.15,1,40,2,5547.77,2599.31,0.77
8.37826,114,10,2000,2000,0,0,0,1,1,32,0.15,1,40,2,5600.45,3521.18,11.68
8.38043,117,10,2000,2000,0.77,-0.358817,0,1,1,32,0.15,1,40,2,5594.62,3499.29,12.56
8.38406,122,19,2000,2000,0,0,0,1,1,96,0.2,1,40,2,5462.65,2984.49,6.45
8.38478,123,37,2000,2000,12.56,-1.83181,0,1,0,64,0.05,1,40,2,5466.77,2987.42,3.69
8.38551,124,19,2000,2000,12.74,-0.378902,0,1,1,96,0.2,1,40,2,5421.21,2827.85,0.01
8.38623,125,19,2000,2000,2.84,-2.78226,0,1,1,96,0.2,1,40,2,5965.58,2433.36,9.17
8.38841,128,27,5462.65,2984.47,6.45,-1.83909,0,0,0,0,0,1,40,0,5687.64,3824.82,0
8.39203,133,10,2000,2000,6.07,2.75528,0,1,1,32,0.15,1,40,2,5365.8,2718.38,0.02
8.39565,138,19,2000,2000,13.06,1.12839,0,1,1,32,0.15,1,40,2,0,0,0
8.3971,140,17,5042.49,2801.75,6.21,2.76678,0,0,0,0,0,1,40,0,0,0,0
8.40217,9,10,2000,2000,0,0,0,1,1,32,0.15,1,40,2,5581.33,2586.44,0
8.41014,20,11,5661.61,2555.29,0,0,0,0,0,0,0,1,40,0,5362.79,2712.01,0
8.41957,33,27,5459.95,2962.59,10.48,1.30245,0,0,0,0,0,1,40,0,5831.78,2486.36,17.38
8.42174,36,31,2000,2000,12.36,1.32385,0,1,0,0,0,1,40,2,5219.47,2732.21,0.01
8.42681,43,19,2000,2000,5.78,2.76237,0,1,1,32,0.15,1,40,2,5449.81,2640.73,7.89
8.42826,45,18,2000,2000,4.97,2.76371,0,1,0,64,0.05,1,40,2,6332.12,2294.19,13.03
8.42899,46,10,2000,2000,8.95,-0.37014,0,1,1,96,0.2,1,40,2,4847.37,2878.31,18.25
8.43116,49,9,2000,2000,7.89,2.76369,0,1,0,0,0,1,40,2,5857.94,2476,17.82
8.42971,47,39,5650.54,3708.92,10.24,-1.83165,0,0,0,0,0,1,40,0,6235.6,2331.88,16.79
8.43478,54,5,6096.67,2386.31,9.99,2.76852,0,0,0,0,0,1,40,0,5504.98,3138.15,14.99
8.43768,58,10,2000,2000,13.53,2.77193,0,1,1,32,0.15,1,40,2,5486.09,3063.2,13.26
8.43841,59,17,5019.47,2810.78,1.06,2.76288,0,0,0,0,0,1,40,0,6016.98,2413.79,0
8.44638,70,26,2000,2000,6.63,-1.83771,0,1,0,0,0,1,40,2,4991.68,2821.69,3.06
8.44783,72,22,4511.91,3009.91,7.14,2.76889,0,0,0,0,0,1,40,0,5364.82,2674.43,0
8.44855,73,19,2000,2000,11.69,-2.01301,0,1,1,32,0.15,1,40,2,5346.41,2678.29,6.2
8.4587,87,19,2000,2000,12.17,-2.01313,0,1,1,32,0.15,1,40,2,5413.78,2812.17,8.21
8.46087,90,19,2000,2000,0.53,1.30394,0,1,1,32,0.15,1,40,2,5375.19,2730.7,8.49
8.46304,93,19,2000,2000,8.21,1.12784,0,1,1,32,0.15,1,40,2,5682.4,3810.03,0.45
8.46449,95,10,2000,2000,7.57,2.73948,0,1,1,96,0.2,1,40,2,5511.66,3164.67,14.39
8.46522,96,19,2000,2000,8.49,1.12926,0,1,1,96,0.2,1,40,2,5630.63,2566.25,0
8.47464,109,37,2000,2000,13.01,-1.83105,0,1,0,0,0,1,40,2,5099.86,2775.79,14.62
8.47609,111,19,2000,2000,5.43,-0.378798,0,1,1,32,0.15,1,40,2,5547.84,2599.28,0.77
8.47826,114,10,2000,2000,0,0,0,1,1,32,0.15,1,40,2,5600.15,3520.05,11.68
8.48043,117,10,2000,2000,0.77,-0.358817,0,1,1,32,0.15,1,40,2,5594.29,3498.07,12.56
8.48406,122,19,2000,2000,0,0,0,1,1,96,0.2,1,40,2,5462.48,2983.87,6.45
8.48478,123,37,2000,2000,12.56,-1.83181,0,1,0,64,0.05,1,40,2,5466.87,2987.77,3.69
8.48551,124,19,2000,2000,12.74,-0.378902,0,1,1,96,0.2,1,40,2,5421.21,2827.85,0
8.48623,125,19,2000,2000,2.84,-2.78226,0,1,1,96,0.2,1,40,2,5966.43,2433.02,9.17
8.48841,128,27,5462.48,2983.85,6.45,-1.83909,0,0,0,0,0,1,40,0,5687.64,3824.82,0
8.49203,133,10,2000,2000,6.07,2.75528,0,1,1,32,0.15,1,40,2,5365.8,2718.38,0.02
8.49565,138,19,2000,2000,13.06,1.12839,0,1,1,32,0.15,1,40,2,0,0,0
8.4971,140,17,5041.91,2801.97,6.21,2.76678,0,0,0,0,0,1,40,0,0,0,0
8.50217,9,10,2000,2000,0,0,0,1,1,32,0.15,1,40,2,5581.33,2586.44,0
8.51014,20,11,5661.61,2555.29,0,0,0,0,0,0,0,1,40,0,5362.79,2712.01,0
8.51957,33,27,5460.23,2963.6,10.48,1.30245,0,0,0,0,0,1,40,0,5833.4,2485.72,17.38
8.52174,36,31,2000,2000,12.36,1.32385,0,1,0,0,0,1,40,2,5219.46,2732.21,0.01
8.52681,43,19,2000,2000,5.78,2.76237,0,1,1,32,0.15,1,40,2,5449.07,2641.02,7.89
8.52826,45,18,2000,2000,4.97,2.76371,0,1,0,64,0.05,1,40,2,6330.9,2294.66,13.03
8.52899,46,10,2000,2000,8.95,-0.37014,0,1,1,96,0.2,1,40,2,4845.67,2878.97,18.25
8.52971,47,39,5650.27,3707.93,10.24,-1.83165,0,0,0,0,0,1,40,0,6234.07,2332.48,16.79
8.53116,49,9,2000,2000,7.89,2.76369,0,1,0,0,0,1,40,2,5859.6,2475.34,17.82
8.53478,54,5,6095.74,2386.68,9.99,2.76852,0,0,0,0,0,1,40,0,5505.34,3139.6,14.99
8.53768,58,10,2000,2000,13.53,2.77193,0,1,1,32,0.15,1,40,2,5486.41,3064.49,13.26
8.53841,59,17,5019.38,2810.82,1.06,2.76288,0,0,0,0,0,1,40,0,6016.98,2413.79,0
8.54638,70,26,2000,2000,6.63,-1.83771,0,1,0,0,0,1,40,2,4991.39,2821.8,3.06
8.54783,72,22,4511.25,3010.17,7.14,2.76889,0,0,0,0,0,1,40,0,5364.82,2674.43,0
8.54855,73,19,2000,2000,11.69,-2.01301,0,1,1,32,0.15,1,40,2,5346.99,2678.06,6.2
8.5587,87,19,2000,2000,12.17,-2.01313,0,1,1,32,0.15,1,40,2,5414.13,2812.91,8.21
8.56087,90,19,2000,2000,0.53,1.30394,0,1,1,32,0.15,1,40,2,5375.55,2731.46,8.49
8.56304,93,19,2000,2000,8.21,1.12784,0,1,1,32,0.15,1,40,2,5682.41,3810.07,0.45
8.56449,95,10,2000,2000,7.57,2.73948,0,1,1,96,0.2,1,40,2,5512.02,3166.07,14.39
8.56522,96,19,2000,2000,8.49,1.12926,0,1,1,96,0.2,1,40,2,5630.63,2566.25,0
8.57464,109,37,2000,2000,13.01,-1.83105,0,1,0,0,0,1,40,2,5101.22,2775.26,14.62
8.57609,111,19,2000,2000,5.43,-0.378798,0,1,1,32,0.15,1,40,2,5547.91,2599.26,0.77
8.57826,114,10,2000,2000,0,0,0,1,1,32,0.15,1,40,2,5599.85,3518.92,11.68
8.58043,117,10,2000,2000,0.77,-0.358817,0,1,1,32,0.15,1,40,2,5593.97,3496.86,12.56
8.58406,122,19,2000,2000,0,0,0,1,1,96,0.2,1,40,2,5462.31,2983.25,6.45
8.58478,123,37,2000,2000,12.56,-1.83181,0,1,0,64,0.05,1,40,2,5466.96,2988.13,3.69
8.58551,124,19,2000,2000,12.74,-0.378902,0,1,1,96,0.2,1,40,2,5421.21,2827.85,0
8.58623,125,19,2000,2000,2.84,-2.78226,0,1,1,96,0.2,1,40,2,5967.29,2432.68,9.17
8.58841,128,27,5462.3,2983.22,6.45,-1.83909,0,0,0,0,0,1,40,0,5687.64,3824.82,0
8.59203,133,10,2000,2000,6.07,2.75528,0,1,1,32,0.15,1,40,2,5365.8,2718.37,0.02
8.59565,138,19,2000,2000,13.06,1.12839,0,1,1,32,0.15,1,40,2,0,0,0
8.5971,140,17,5041.33,2802.2,6.21,2.76678,0,0,0,0,0,1,40,0,0,0,0
8.60217,9,10,2000,2000,0,0,0,1,1,32,0.15,1,40,2,5581.33,2586.44,0
8.61014,20,11,5661.61,2555.29,0,0,0,0,0,0,0,1,40,0,5362.79,2712.01,0
8.61957,33,27,5460.51,2964.61,10.48,1.30245,0,0,0,0,0,1,40,0,5835.02,2485.08,17.38
8.62174,36,31,2000,2000,12.36,1.32385,0,1,0,0,0,1,40,2,5219.46,2732.21,0.01
8.62681,43,19,2000,2000,5.78,2.76237,0,1,1,32,0.15,1,40,2,5448.34,2641.31,7.89
8.62826,45,18,2000,2000,4.97,2.76371,0,1,0,64,0.05,1,40,2,6329.69,2295.14,13.03
8.62899,46,10,2000,2000,8.95,-0.37014,0,1,1,96,0.2,1,40,2,4843.97,2879.64,18.25
8.62971,47,39,5650.01,3706.94,10.24,-1.83165,0,0,0,0,0,1,40,0,6232.51,2333.09,16.79
8.63116,49,9,2000,2000,7.89,2.76369,0,1,0,0,0,1,40,2,5861.26,2474.69,17.82
8.63478,54,5,6094.81,2387.04,9.99,2.76852,0,0,0,0,0,1,40,0,5505.71,3141.05,14.99
8.63768,58,10,2000,2000,13.53,2.77193,0,1,1,32,0.15,1,40,2,5486.74,3065.77,13.26
8.63841,59,17,5019.28,2810.86,1.06,2.76288,0,0,0,0,0,1,40,0,6016.98,2413.79,0
8.64638,70,26,2000,2000,6.63,-1.83771,0,1,0,0,0,1,40,2,4991.11,2821.91,3.06
8.64783,72,22,4510.58,3010.43,7.14,2.76889,0,0,0,0,0,1,40,0,5364.82,2674.43,0
8.64855,73,19,2000,2000,11.69,-2.01301,0,1,1,32,0.15,1,40,2,5347.56,2677.83,6.2
8.6587,87,19,2000,2000,12.17,-2.01313,0,1,1,32,0.15,1,40,2,5414.48,2813.65,8.21
8.66087,90,19,2000,2000,0.53,1.30394,0,1,1,32,0.15,1,40,2,5375.91,2732.23,8.49
8.66304,93,19,2000,2000,8.21,1.12784,0,1,1,32,0.15,1,40,2,5682.43,3810.11,0.45
8.66449,95,10,2000,2000,7.57,2.73948,0,1,1,96,0.2,1,40,2,5512.37,3167.46,14.39
8.66522,96,19,2000,2000,8.49,1.12926,0,1,1,96,0.2,1,40,2,5630.63,2566.25,0
8.67464,109,37,2000,2000,13.01,-1.83105,0,1,0,0,0,1,40,2,5102.58,2774.72,14.62
8.67609,111,19,2000,2000,5.43,-0.378798,0,1,1,32,0.15,1,40,2,5547.98,2599.23,0.77
8.67826,114,10,2000,2000,0,0,0,1,1,32,0.15,1,40,2,5599.55,3517.8,11.68
8.68043,117,10,2000,2000,0.77,-0.358817,0,1,1,32,0.15,1,40,2,5593.65,3495.65,12.56
8.68406,122,19,2000,2000,0,0,0,1,1,96,0.2,1,40,2,5462.14,2982.63,6.45
8.68478,123,37,2000,2000,12.56,-1.83181,0,1,0,64,0.05,1,40,2,5467.06,2988.49,3.69
8.68551,124,19,2000,2000,12.74,-0.378902,0,1,1,96,0.2,1,40,2,5421.21,2827.85,0
8.68623,125,19,2000,2000,2.84,-2.78226,0,1,1,96,0.2,1,40,2,5968.14,2432.34,9.17
8.68841,128,27,5462.13,2982.6,6.45,-1.83909,0,0,0,0,0,1,40,0,5687.64,3824.82,0
8.69203,133,10,2000,2000,6.07,2.75528,0,1,1,32,0.15,1,40,2,5365.8,2718.37,0.02
8.69565,138,19,2000,2000,13.06,1.12839,0,1,1,32,0.15,1,40,2,0,0,0
8.6971,140,17,5040.76,2802.43,6.21,2.76678,0,0,0,0,0,1,40,0,0,0,0
8.70217,9,10,2000,2000,0,0,0,1,1,32,0.15,1,40,2,5581.33,2586.44,0
8.71014,20,11,5661.61,2555.29,0,0,0,0,0,0,0,1,40,0,5362.79,2712.01,0
8.71957,33,27,5460.79,2965.62,10.48,1.30245,0,0,0,0,0,1,40,0,5836.63,2484.44,17.38
8.72174,36,31,2000,2000,12.36,1.32385,0,1,0,0,0,1,40,2,5219.46,2732.21,0.01
8.72681,43,19,2000,2000,5.78,2.76237,0,1,1,32,0.15,1,40,2,5447.61,2641.6,7.89
8.72826,45,18,2000,2000,4.97,2.76371,0,1,0,64,0.05,1,40,2,6328.47,2295.61,13.03
8.72899,46,10,2000,2000,8.95,-0.37014,0,1,1,96,0.2,1,40,2,4842.27,2880.31,18.25
8.72971,47,39,5649.74,3705.95,10.24,-1.83165,0,0,0,0,0,1,40,0,6230.95,2333.7,16.79
8.73116,49,9,2000,2000,7.89,2.76369,0,1,0,0,0,1,40,2,5862.91,2474.03,17.82
8.73478,54,5,6093.88,2387.4,9.99,2.76852,0,0,0,0,0,1,40,0,5506.08,3142.51,14.99
8.73768,58,10,2000,2000,13.53,2.77193,0,1,1,32,0.15,1,40,2,5487.06,3067.06,13.26
8.73841,59,17,5019.18,2810.9,1.06,2.76288,0,0,0,0,0,1,40,0,6016.98,2413.79,0
8.74638,70,26,2000,2000,6.63,-1.83771,0,1,0,0,0,1,40,2,4990.82,2822.02,3.06
8.74783,72,22,4509.92,3010.69,7.14,2.76889,0,0,0,0,0,1,40,0,5364.82,2674.43,0
8.74855,73,19,2000,2000,11.69,-2.01301,0,1,1,32,0.15,1,40,2,5348.14,2677.6,6.2
8.7587,87,19,2000,2000,12.17,-2.01313,0,1,1,32,0.15,1,40,2,5414.84,2814.39,8.21
8.76087,90,19,2000,2000,0.53,1.30394,0,1,1,32,0.15,1,40,2,5376.28,2733,8.49
8.76304,93,19,2000,2000,8.21,1.12784,0,1,1,32,0.15,1,40,2,5682.44,3810.16,0.45
8.76522,96,19,2000,2000,8.49,1.12926,0,1,1,96,0.2,1,40,2,5630.63,2566.25,0
8.77464,109,37,2000,2000,13.01,-1.83105,0,1,0,0,0,1,40,2,5103.94,2774.19,14.62
8.77609,111,19,2000,2000,5.43,-0.378798,0,1,1,32,0.15,1,40,2,5548.06,2599.2,0.77
8.77826,114,10,2000,2000,0,0,0,1,1,32,0.15,1,40,2,5599.25,3516.67,11.68
8.78043,117,10,2000,2000,0.77,-0.358817,0,1,1,32,0.15,1,40,2,5593.32,3494.43,12.56
8.78406,122,19,2000,2000,0,0,0,1,1,96,0.2,1,40,2,5461.97,2982.01,6.45
8.78478,123,37,2000,2000,12.56,-1.83181,0,1,0,64,0.05,1,40,2,5467.16,2988.84,3.69
8.78551,124,19,2000,2000,12.74,-0.378902,0,1,1,96,0.2,1,40,2,5421.21,2827.85,0
8.78623,125,19,2000,2000,2.84,-2.78226,0,1,1,96,0.2,1,40,2,5968.99,2432,9.17
8.78841,128,27,5461.96,2981.98,6.45,-1.83909,0,0,0,0,0,1,40,0,5687.64,3824.82,0
8.79203,133,10,2000,2000,6.07,2.75528,0,1,1,32,0.15,1,40,2,5365.8,2718.37,0.02
8.79565,138,19,2000,2000,13.06,1.12839,0,1,1,32,0.15,1,40,2,0,0,0
8.7971,140,17,5040.18,2802.66,6.21,2.76678,0,0,0,0,0,1,40,0,0,0,0
8.80217,9,10,2000,2000,0,0,0,1,1,32,0.15,1,40,2,5581.33,2586.44,0
8.81014,20,11,5661.61,2555.29,0,0,0,0,0,0,0,1,40,0,5362.79,2712.01,0
8.81957,33,27,5461.07,2966.63,10.48,1.30245,0,0,0,0,0,1,40,0,5838.25,2483.8,17.38
8.82681,43,19,2000,2000,5.78,2.76237,0,1,1,32,0.15,1,40,2,5446.87,2641.89,7.89
8.82826,45,18,2000,2000,4.97,2.76371,0,1,0,64,0.05,1,40,2,6327.26,2296.09,13.03
8.82899,46,10,2000,2000,8.95,-0.37014,0,1,1,96,0.2,1,40,2,4840.57,2880.97,18.25
8.82971,47,39,5649.48,3704.96,10.24,-1.83165,0,0,0,0,0,1,40,0,6229.38,2334.31,16.79
8.83116,49,9,2000,2000,7.89,2.76369,0,1,0,0,0,1,40,2,5864.57,2473.38,17.82
8.83478,54,5,6092.95,2387.77,9.99,2.76852,0,0,0,0,0,1,40,0,5506.44,3143.96,14.99
8.83768,58,10,2000,2000,13.53,2.77193,0,1,1,32,0.15,1,40,2,5487.38,3068.34,13.26
8.83841,59,17,5019.08,2810.94,1.06,2.76288,0,0,0,0,0,1,40,0,6016.98,2413.79,0
8.84638,70,26,2000,2000,6.63,-1.83771,0,1,0,0,0,1,40,2,4990.54,2822.13,3.06
8.84783,72,22,4509.25,3010.95,7.14,2.76889,0,0,0,0,0,1,40,0,5364.82,2674.43,0
8.84855,73,19,2000,2000,11.69,-2.01301,0,1,1,32,0.15,1,40,2,5348.72,2677.37,6.2
8.8587,87,19,2000,2000,12.17,-2.01313,0,1,1,32,0.15,1,40,2,5415.19,2815.13,8.21
8.86087,90,19,2000,2000,0.53,1.30394,0,1,1,32,0.15,1,40,2,5376.64,2733.77,8.49
8.86304,93,19,2000,2000,8.21,1.12784,0,1,1,32,0.15,1,40,2,5682.45,3810.2,0.45
8.86522,96,19,2000,2000,8.49,1.12926,0,1,1,96,0.2,1,40,2,5630.63,2566.25,0
8.87464,109,37,2000,2000,13.01,-1.83105,0,1,0,0,0,1,40,2,5105.31,2773.66,14.62
8.87609,111,19,2000,2000,5.43,-0.378798,0,1,1,32,0.15,1,40,2,5548.13,2599.17,0.77
8.87826,114,10,2000,2000,0,0,0,1,1,32,0.15,1,40,2,5598.95,3515.54,11.68
8.88043,117,10,2000,2000,0.77,-0.358817,0,1,1,32,0.15,1,40,2,5593,3493.22,12.56
8.88406,122,19,2000,2000,0,0,0,1,1,96,0.2,1,40,2,5461.8,2981.38,6.45
8.88478,123,37,2000,2000,12.56,-1.83181,0,1,0,64,0.05,1,40,2,5467.26,2989.2,3.69
8.88551,124,19,2000,2000,12.74,-0.378902,0,1,1,96,0.2,1,40,2,5421.21,2827.85,0
8.88623,125,19,2000,2000,0,0,-28.4,1,1,102,0.4,1,40,2,5969.84,2431.67,9.17
8.88841,128,27,5461.79,2981.36,6.45,-1.83909,0,0,0,0,0,1,40,0,5687.64,3824.82,0
8.89203,133,10,2000,2000,6.07,2.75528,0,1,1,32,0.15,1,40,2,5365.8,2718.37,0.02
8.89565,138,19,2000,2000,13.06,1.12839,0,1,1,32,0.15,1,40,2,0,0,0
8.8971,140,17,5039.6,2802.88,6.21,2.76678,0,0,0,0,0,1,40,0,0,0,0
8.90217,9,10,2000,2000,0,0,0,1,1,32,0.15,1,40,2,5581.33,2586.44,0
8.91014,20,11,5661.61,2555.29,0,0,0,0,0,0,0,1,40,0,5362.79,2712.01,0
8.91957,33,27,5461.34,2967.64,10.48,1.30245,0,0,0,0,0,1,40,0,5839.86,2483.16,17.38
8.92681,43,19,2000,2000,5.78,2.76237,0,1,1,32,0.15,1,40,2,5446.14,2642.18,7.89
8.92826,45,18,2000,2000,4.97,2.76371,0,1,0,64,0.05,1,40,2,6326.05,2296.56,13.03
8.92899,46,10,2000,2000,8.95,-0.37014,0,1,1,96,0.2,1,40,2,4838.87,2881.64,18.25
8.92971,47,39,5649.21,3703.97,10.24,-1.83165,0,0,0,0,0,1,40,0,6227.82,2334.93,16.79
8.93116,49,9,2000,2000,7.89,2.76369,0,1,0,0,0,1,40,2,5866.23,2472.72,17.82
8.93478,54,5,6092.02,2388.13,9.99,2.76852,0,0,0,0,0,1,40,0,5506.81,3145.42,14.99
8.93768,58,10,2000,2000,13.53,2.77193,0,1,1,32,0.15,1,40,2,5487.71,3069.63,13.26
8.93841,59,17,5018.98,2810.98,1.06,2.76288,0,0,0,0,0,1,40,0,6016.98,2413.79,0
8.94638,70,26,2000,2000,6.63,-1.83771,0,1,0,0,0,1,40,2,4990.25,2822.24,3.06
8.94783,72,22,4508.59,3011.21,7.14,2.76889,0,0,0,0,0,1,40,0,5364.82,2674.43,0
8.94855,73,19,2000,2000,11.69,-2.01301,0,1,1,32,0.15,1,40,2,5349.29,2677.14,6.2
8.9587,87,19,2000,2000,12.17,-2.01313,0,1,1,32,0.15,1,40,2,5415.54,2815.88,8.21
8.96087,90,19,2000,2000,0.53,1.30394,0,1,1,32,0.15,1,40,2,5377,2734.53,8.49
8.96304,93,19,2000,2000,8.21,1.12784,0,1,1,32,0.15,1,40,2,5682.46,3810.24,0.45
8.96522,96,19,2000,2000,8.49,1.12926,0,1,1,96,0.2,1,40,2,5630.63,2566.25,0
8.97464,109,37,2000,2000,13.01,-1.83105,0,1,0,0,0,1,40,2,5106.67,2773.12,14.62
8.97609,111,19,2000,2000,5.43,-0.378798,0,1,1,32,0.15,1,40,2,5548.2,2599.15,0.77
8.97826,114,10,2000,2000,0,0,0,1,1,32,0.15,1,40,2,5598.65,3514.41,11.68
8.98043,117,10,2000,2000,0.77,-0.358817,0,1,1,32,0.15,1,40,2,5592.67,3492.01,12.56
8.98406,122,19,2000,2000,0,0,0,1,1,96,0.2,1,40,2,5461.63,2980.76,6.45
8.98478,123,37,2000,2000,12.56,-1.83181,0,1,0,64,0.05,1,40,2,5467.36,2989.55,3.69
8.98551,124,19,2000,2000,12.74,-0.378902,0,1,1,96,0.2,1,40,2,5421.21,2827.85,0
8.98623,125,19,2000,2000,0,0,0,1,1,96,0.2,1,40,2,5970.7,2431.33,9.17
8.98841,128,27,5461.62,2980.74,6.45,-1.83909,0,0,0,0,0,1,40,0,5687.64,3824.82,0
8.99203,133,10,2000,2000,6.07,2.75528,0,1,1,32,0.15,1,40,2,5365.8,2718.37,0.02
8.99565,138,19,2000,2000,13.06,1.12839,0,1,1,32,0.15,1,40,2,0,0,0
8.9971,140,17,5039.02,2803.11,6.21,2.76678,0,0,0,0,0,1,40,0,0,0,0
9.00217,9,10,2000,2000,0,0,0,1,1,32,0.15,1,40,2,5581.33,2586.44,0
9.01014,20,11,5661.61,2555.29,0,0,0,0,0,0,0,1,40,0,5362.79,2712.01,0
9.01957,33,27,5461.61,2968.6,7.88,1.30365,-26,0,1,4,0.1,1,40,0,5841.49,2482.51,17.91
9.02681,43,19,2000,2000,7.91,2.7639,21.3,1,1,36,0.25,1,40,2,5445.41,2642.47,7.73
9.02826,45,18,2000,2000,0.9,2.75699,-40.7,1,1,68,0.15,1,40,2,6324.82,2297.04,13.69
9.02899,46,10,2000,2000,4.45,-0.367989,-45,1,1,100,0.3,1,40,2,4837.19,2882.3,17.89
9.02971,47,39,5648.96,3703,9.7,-1.83053,-5.4,0,1,4,0.1,1,40,0,6226.19,2335.56,19.06
9.03116,49,9,2000,2000,7.73,2.76421,-1.6,1,0,0,0,1,40,2,5867.9,2472.05,18.73
9.03478,54,5,6091.15,2388.47,8.03,2.7678,-19.6,0,1,4,0.1,1,40,0,5507.17,3146.86,14.75
9.03768,58,10,2000,2000,11.47,2.7716,-20.6,1,1,4,0.1,1,40,2,5488.03,3070.92,13.55
9.03841,59,17,5018.86,2811.02,1.66,2.77225,6,0,1,4,0.1,1,40,0,6016.98,2413.79,0
9.04638,70,26,2000,2000,5.2,-1.83958,-14.3,1,1,4,0.1,1,40,2,4990.04,2822.32,1.33
7.0471,71,18,2000,2000,0,0,0,1,0,0,0,1,40,2,5653.56,3720.27,9.38
9.04783,72,22,4508.03,3011.43,4.7,2.76662,-24.4,0,1,4,0.1,1,40,0,5364.82,2674.43,0
9.04855,73,19,2000,2000,8.14,-2.01358,-35.5,1,1,36,0.25,1,40,2,5349.95,2676.88,8.02
9.0587,87,19,2000,2000,12.28,-2.01367,1.1,1,0,0,0,1,40,2,5415.8,2816.41,4.35
9.06087,90,19,2000,2000,1.42,1.30024,8.9,1,1,4,0.1,1,40,2,5377.38,2735.34,9.25
9.06304,93,19,2000,2000,4.35,1.12875,-38.6,1,1,4,0.1,1,40,2,5682.48,3810.29,0.56
9.06522,96,19,2000,2000,9.25,1.12842,7.6,1,1,100,0.3,1,40,2,5630.63,2566.25,0
9.07464,109,37,2000,2000,12.98,-1.83204,-0.3,1,0,0,0,1,40,2,5108.07,2772.57,15.28
9.07609,111,19,2000,2000,6.22,-0.378715,7.9,1,1,36,0.25,1,40,2,5548.23,2599.13,0.23
9.07826,114,10,2000,2000,0,0,0,1,0,0,0,1,40,2,5598.33,3513.2,12.7
9.08043,117,10,2000,2000,0.23,-0.387869,-5.4,1,1,4,0.1,1,40,2,5592.35,3490.78,12.72
9.08406,122,19,2000,2000,0,0,0,1,1,96,0.2,1,40,2,5461.43,2980.03,7.82
9.08478,123,37,2000,2000,12.72,-1.8316,1.6,1,0,64,0.05,1,40,2,5467.3,2989.82,2.71
9.08551,124,19,2000,2000,10.76,-0.377917,-19.8,1,1,100,0.3,1,40,2,5421.22,2827.88,0.33
9.08623,125,19,2000,2000,3.02,-1.83908,30.2,1,1,102,0.4,1,40,2,5971.28,2431.1,5.88
9.08841,128,27,5461.42,2980,7.82,-1.83873,13.7,0,1,4,0.1,1,40,0,5687.64,3824.82,0
9.09203,133,10,2000,2000,7.26,2.75623,11.9,1,1,36,0.25,1,40,2,5365.8,2718.36,0.02
9.09565,138,19,2000,2000,8.62,1.12892,-44.4,1,1,36,0.25,1,40,2,0,0,0
9.0971,140,17,5038.61,2803.27,4.33,2.76795,-18.8,0,1,4,0.1,1,40,0,0,0,0
9.10217,9,10,2000,2000,0,0,0,1,1,32,0.15,1,40,2,5581.33,2586.44,0
9.11014,20,11,5661.61,2555.29,0,0,0,0,0,0,0,1,40,0,5362.79,2712.01,0
9.11957,33,27,5461.82,2969.36,7.88,1.30365,0,0,0,0,0,1,40,0,5843.15,2481.85,17.91
9.12681,43,19,2000,2000,7.91,2.7639,0,1,1,32,0.15,1,40,2,5444.69,2642.76,7.73
9.12826,45,18,2000,2000,0.9,2.75699,0,1,0,64,0.05,1,40,2,6323.54,2297.54,13.69
9.12899,46,10,2000,2000,4.45,-0.367989,0,1,1,96,0.2,1,40,2,4835.52,2882.95,17.89
9.12971,47,39,5648.71,3702.06,9.7,-1.83053,0,0,0,0,0,1,40,0,6224.42,2336.26,19.06
9.13116,49,9,2000,2000,7.73,2.76421,0,1,0,0,0,1,40,2,5869.65,2471.36,18.73
9.13478,54,5,6090.4,2388.76,8.03,2.7678,0,0,0,0,0,1,40,0,5507.53,3148.29,14.75
9.13768,58,10,2000,2000,11.47,2.7716,0,1,1,32,0.15,1,40,2,5488.37,3072.24,13.55
9.13841,59,17,5018.71,2811.08,1.66,2.77225,0,0,0,0,0,1,40,0,6016.98,2413.79,0
9.14638,70,26,2000,2000,5.2,-1.83958,0,1,0,0,0,1,40,2,4989.92,2822.37,1.33
9.1471,71,18,2000,2000,2.31,-1.20722,0,1,1,2,0.1,1,40,2,5653.32,3719.37,9.38
9.14783,72,22,4507.59,3011.6,4.7,2.76662,0,0,0,0,0,1,40,0,5364.82,2674.43,0
9.14855,73,19,2000,2000,8.14,-2.01358,0,1,1,32,0.15,1,40,2,5350.7,2676.59,8.02
9.1587,87,19,2000,2000,12.28,-2.01367,0,1,1,32,0.15,1,40,2,5415.98,2816.81,4.35
9.16087,90,19,2000,2000,1.42,1.30024,0,1,1,32,0.15,1,40,2,5377.78,2736.18,9.25
9.16304,93,19,2000,2000,4.35,1.12875,0,1,1,32,0.15,1,40,2,5682.49,3810.35,0.56
9.16522,96,19,2000,2000,9.25,1.12842,0,1,1,32,0.15,1,40,2,5630.63,2566.25,0
9.17464,109,37,2000,2000,12.98,-1.83204,0,1,0,0,0,1,40,2,5109.5,2772.01,15.28
9.17609,111,19,2000,2000,6.22,-0.378715,0,1,1,32,0.15,1,40,2,5548.25,2599.13,0.23
9.17826,114,10,2000,2000,0,0,0,1,1,32,0.15,1,40,2,5598,3511.98,12.7
9.18043,117,10,2000,2000,0.23,-0.387869,0,1,1,32,0.15,1,40,2,5592.02,3489.55,12.72
9.18406,122,19,2000,2000,0,0,0,1,1,96,0.2,1,40,2,5461.22,2979.28,7.82
9.18478,123,37,2000,2000,12.72,-1.8316,0,1,0,64,0.05,1,40,2,5467.21,2990.07,2.71
9.18551,124,19,2000,2000,10.76,-0.377917,0,1,1,96,0.2,1,40,2,5421.24,2827.9,0.33
9.18623,125,19,2000,2000,3.02,-1.83908,0,1,1,96,0.2,1,40,2,5971.83,2430.88,5.88
9.18841,128,27,5461.21,2979.24,7.82,-1.83873,0,0,0,0,0,1,40,0,5687.64,3824.82,0
9.19203,133,10,2000,2000,7.26,2.75623,0,1,1,32,0.15,1,40,2,5365.8,2718.36,0.02
9.19565,138,19,2000,2000,8.62,1.12892,0,1,1,32,0.15,1,40,2,0,0,0
9.1971,140,17,5038.21,2803.43,4.33,2.76795,0,0,0,0,0,1,40,0,0,0,0
9.20217,9,10,2000,2000,0,0,0,1,1,32,0.15,1,40,2,5581.33,2586.44,0
9.21014,20,11,5661.61,2555.29,0,0,0,0,0,0,0,1,40,0,5362.79,2712.01,0
9.21957,33,27,5462.02,2970.12,7.88,1.30365,0,0,0,0,0,1,40,0,5844.82,2481.2,17.91
9.22681,43,19,2000,2000,7.91,2.7639,0,1,1,32,0.15,1,40,2,5443.97,2643.04,7.73
9.22826,45,18,2000,2000,0.9,2.75699,0,1,0,64,0.05,1,40,2,6322.27,2298.03,13.69
9.22899,46,10,2000,2000,4.45,-0.367989,0,1,1,96,0.2,1,40,2,4833.85,2883.61,17.89
9.22971,47,39,5648.46,3701.13,9.7,-1.83053,0,0,0,0,0,1,40,0,6222.64,2336.96,19.06
9.23116,49,9,2000,2000,7.73,2.76421,0,1,0,0,0,1,40,2,5871.39,2470.67,18.73
9.23478,54,5,6089.66,2389.06,8.03,2.7678,0,0,0,0,0,1,40,0,5507.9,3149.72,14.75
9.23841,59,17,5018.55,2811.14,1.66,2.77225,0,0,0,0,0,1,40,0,6016.98,2413.79,0
9.24638,70,26,2000,2000,5.2,-1.83958,0,1,0,0,0,1,40,2,4989.79,2822.41,1.33
9.2471,71,18,2000,2000,2.31,-1.20722,0,1,0,0,0,1,40,2,5653.08,3718.46,9.38
9.24783,72,22,4507.16,3011.78,4.7,2.76662,0,0,0,0,0,1,40,0,5364.82,2674.43,0
9.24855,73,19,2000,2000,8.14,-2.01358,0,1,1,32,0.15,1,40,2,5351.44,2676.29,8.02
9.2587,87,19,2000,2000,12.28,-2.01367,0,1,1,32,0.15,1,40,2,5416.17,2817.2,4.35
9.26087,90,19,2000,2000,1.42,1.30024,0,1,1,32,0.15,1,40,2,5378.18,2737.02,9.25
9.26304,93,19,2000,2000,4.35,1.12875,0,1,1,32,0.15,1,40,2,5682.51,3810.4,0.56
9.26522,96,19,2000,2000,9.25,1.12842,0,1,1,32,0.15,1,40,2,5630.63,2566.25,0
9.27464,109,37,2000,2000,12.98,-1.83204,0,1,0,0,0,1,40,2,5110.92,2771.46,15.28
9.27609,111,19,2000,2000,6.22,-0.378715,0,1,1,32,0.15,1,40,2,5548.28,2599.12,0.23
9.27826,114,10,2000,2000,0,0,0,1,1,32,0.15,1,40,2,5597.67,3510.75,12.7
9.28043,117,10,2000,2000,0.23,-0.387869,0,1,1,32,0.15,1,40,2,5591.69,3488.32,12.72
9.28406,122,19,2000,2000,0,0,0,1,1,96,0.2,1,40,2,5461.01,2978.52,7.82
9.28478,123,37,2000,2000,12.72,-1.8316,0,1,0,64,0.05,1,40,2,5467.12,2990.33,2.71
9.28551,124,19,2000,2000,10.76,-0.377917,0,1,1,96,0.2,1,40,2,5421.25,2827.93,0.33
9.28623,125,19,2000,2000,3.02,-1.83908,0,1,1,96,0.2,1,40,2,5972.38,2430.66,5.88
9.28841,128,27,5461,2978.49,7.82,-1.83873,0,0,0,0,0,1,40,0,5687.64,3824.82,0
9.29203,133,10,2000,2000,7.26,2.75623,0,1,1,32,0.15,1,40,2,5365.8,2718.36,0.02
9.29565,138,19,2000,2000,8.62,1.12892,0,1,1,32,0.15,1,40,2,0,0,0
9.2971,140,17,5037.81,2803.59,4.33,2.76795,0,0,0,0,0,1,40,0,0,0,0
9.30217,9,10,2000,2000,0,0,0,1,1,32,0.15,1,40,2,5581.33,2586.44,0
9.31014,20,11,5661.61,2555.29,0,0,0,0,0,0,0,1,40,0,5362.79,2712.01,0
9.31957,33,27,5462.23,2970.88,7.88,1.30365,0,0,0,0,0,1,40,0,5846.48,2480.54,17.91
9.32681,43,19,2000,2000,7.91,2.7639,0,1,1,32,0.15,1,40,2,5443.25,2643.33,7.73
9.32826,45,18,2000,2000,0.9,2.75699,0,1,0,64,0.05,1,40,2,6320.99,2298.53,13.69
9.32899,46,10,2000,2000,4.45,-0.367989,0,1,1,96,0.2,1,40,2,4832.19,2884.26,17.89
9.32971,47,39,5648.21,3700.19,9.7,-1.83053,0,0,0,0,0,1,40,0,6220.87,2337.65,19.06
9.33116,49,9,2000,2000,7.73,2.76421,0,1,0,0,0,1,40,2,5873.13,2469.98,18.73
9.33478,54,5,6088.91,2389.35,8.03,2.7678,0,0,0,0,0,1,40,0,5508.26,3151.15,14.75
9.33841,59,17,5018.4,2811.2,1.66,2.77225,0,0,0,0,0,1,40,0,6016.98,2413.79,0
9.34348,66,5,6250.18,2326.17,15.23,2.76791,0,0,0,0,0,1,40,0,4506.74,3011.94,4.7
9.34638,70,26,2000,2000,5.2,-1.83958,0,1,0,0,0,1,40,2,4989.67,2822.46,1.33
9.3471,71,18,2000,2000,2.31,-1.20722,0,1,0,64,0.05,1,40,2,5652.84,3717.55,9.38
9.34783,72,22,4506.72,3011.95,4.7,2.76662,0,0,0,0,0,1,40,0,5364.82,2674.43,0
9.34855,73,19,2000,2000,8.14,-2.01358,0,1,1,32,0.15,1,40,2,5352.19,2675.99,8.02
9.3587,87,19,2000,2000,12.28,-2.01367,0,1,1,32,0.15,1,40,2,5416.35,2817.59,4.35
9.36087,90,19,2000,2000,1.42,1.30024,0,1,1,32,0.15,1,40,2,5378.57,2737.85,9.25
9.36304,93,19,2000,2000,4.35,1.12875,0,1,1,32,0.15,1,40,2,5682.52,3810.45,0.56
9.36522,96,19,2000,2000,9.25,1.12842,0,1,1,32,0.15,1,40,2,5630.63,2566.25,0
9.37464,109,37,2000,2000,12.98,-1.83204,0,1,0,0,0,1,40,2,5112.34,2770.9,15.28
9.37609,111,19,2000,2000,6.22,-0.378715,0,1,1,32,0.15,1,40,2,5548.3,2599.11,0.23
9.37826,114,10,2000,2000,0,0,0,1,1,32,0.15,1,40,2,5597.35,3509.52,12.7
9.38043,117,10,2000,2000,0.23,-0.387869,0,1,1,32,0.15,1,40,2,5591.36,3487.09,12.72
9.38406,122,19,2000,2000,0,0,0,1,1,96,0.2,1,40,2,5460.81,2977.77,7.82
9.38478,123,37,2000,2000,12.72,-1.8316,0,1,0,64,0.05,1,40,2,5467.03,2990.59,2.71
9.38551,124,19,2000,2000,10.76,-0.377917,0,1,1,96,0.2,1,40,2,5421.27,2827.96,0.33
9.38623,125,19,2000,2000,3.02,-1.83908,0,1,1,96,0.2,1,40,2,5972.92,2430.45,5.88
9.38841,128,27,5460.8,2977.74,7.82,-1.83873,0,0,0,0,0,1,40,0,5687.64,3824.82,0
9.39203,133,10,2000,2000,7.26,2.75623,0,1,1,32,0.15,1,40,2,5365.8,2718.36,0.02
9.39565,138,19,2000,2000,8.62,1.12892,0,1,1,32,0.15,1,40,2,0,0,0
9.3971,140,17,5037.4,2803.75,4.33,2.76795,0,0,0,0,0,1,40,0,0,0,0
9.40217,9,10,2000,2000,0,0,0,1,1,32,0.15,1,40,2,5581.33,2586.44,0
9.41014,20,11,5661.61,2555.29,0,0,0,0,0,0,0,1,40,0,5362.79,2712.01,0
9.41957,33,27,5462.44,2971.64,7.88,1.30365,0,0,0,0,0,1,40,0,5848.15,2479.88,17.91
9.42681,43,19,2000,2000,7.91,2.7639,0,1,1,32,0.15,1,40,2,5442.54,2643.61,7.73
9.42826,45,18,2000,2000,0.9,2.75699,0,1,0,64,0.05,1,40,2,6319.72,2299.03,13.69
9.42899,46,10,2000,2000,4.45,-0.367989,0,1,1,96,0.2,1,40,2,4830.52,2884.91,17.89
9.42971,47,39,5647.96,3699.25,9.7,-1.83053,0,0,0,0,0,1,40,0,6219.1,2338.35,19.06
9.43116,49,9,2000,2000,7.73,2.76421,0,1,0,0,0,1,40,2,5874.87,2469.29,18.73
9.43478,54,5,6088.16,2389.64,8.03,2.7678,0,0,0,0,0,1,40,0,5508.62,3152.58,14.75
9.43841,59,17,5018.24,2811.26,1.66,2.77225,0,0,0,0,0,1,40,0,6016.98,2413.79,0
9.44348,66,5,6248.77,2326.72,15.23,2.76791,0,0,0,0,0,1,40,0,4506.3,3012.11,4.7
9.44638,70,26,2000,2000,5.2,-1.83958,0,1,0,64,0.05,1,40,2,4989.54,2822.5,1.33
9.4471,71,18,2000,2000,2.31,-1.20722,0,1,0,64,0.05,1,40,2,5652.6,3716.65,9.38
9.44783,72,22,4506.28,3012.12,4.7,2.76662,0,0,0,0,0,1,40,0,5364.82,2674.43,0
9.44855,73,19,2000,2000,8.14,-2.01358,0,1,1,32,0.15,1,40,2,5352.93,2675.7,8.02
9.4587,87,19,2000,2000,12.28,-2.01367,0,1,1,32,0.15,1,40,2,5416.54,2817.98,4.35
9.46087,90,19,2000,2000,1.42,1.30024,0,1,1,32,0.15,1,40,2,5378.97,2738.69,9.25
9.46304,93,19,2000,2000,4.35,1.12875,0,1,1,32,0.15,1,40,2,5682.54,3810.51,0.56
9.46522,96,19,2000,2000,9.25,1.12842,0,1,1,32,0.15,1,40,2,5630.63,2566.25,0
9.47464,109,37,2000,2000,12.98,-1.83204,0,1,0,0,0,1,40,2,5113.76,2770.34,15.28
9.47609,111,19,2000,2000,6.22,-0.378715,0,1,1,32,0.15,1,40,2,5548.32,2599.1,0.23
9.47826,114,10,2000,2000,0,0,0,1,1,32,0.15,1,40,2,5597.02,3508.3,12.7
9.48043,117,10,2000,2000,0.23,-0.387869,0,1,1,32,0.15,1,40,2,5591.03,3485.87,12.72
9.48406,122,19,2000,2000,0,0,0,1,1,96,0.2,1,40,2,5460.6,2977.01,7.82
9.48478,123,37,2000,2000,12.72,-1.8316,0,1,0,64,0.05,1,40,2,5466.94,2990.84,2.71
9.48551,124,19,2000,2000,10.76,-0.377917,0,1,1,96,0.2,1,40,2,5421.28,2827.99,0.33
9.48623,125,19,2000,2000,3.02,-1.83908,0,1,1,96,0.2,1,40,2,5973.47,2430.23,5.88
9.48841,128,27,5460.59,2976.98,7.82,-1.83873,0,0,0,0,0,1,40,0,5687.64,3824.82,0
9.49203,133,10,2000,2000,7.26,2.75623,0,1,1,32,0.15,1,40,2,5365.8,2718.36,0.02
9.49565,138,19,2000,2000,8.62,1.12892,0,1,1,32,0.15,1,40,2,0,0,0
9.4971,140,17,5037,2803.9,4.33,2.76795,0,0,0,0,0,1,40,0,0,0,0
9.50217,9,10,2000,2000,0,0,0,1,1,32,0.15,1,40,2,5581.33,2586.44,0
9.51014,20,11,5661.61,2555.29,0,0,0,0,0,0,0,1,40,0,5362.79,2712.01,0
9.51957,33,27,5462.65,2972.4,7.88,1.30365,0,0,0,0,0,1,40,0,5849.82,2479.22,17.91
9.52681,43,19,2000,2000,7.91,2.7639,0,1,1,32,0.15,1,40,2,5441.82,2643.9,7.73
9.52826,45,18,2000,2000,0.9,2.75699,0,1,0,64,0.05,1,40,2,6318.44,2299.53,13.69
9.52899,46,10,2000,2000,4.45,-0.367989,0,1,1,96,0.2,1,40,2,4828.86,2885.57,17.89
9.52971,47,39,5647.71,3698.31,9.7,-1.83053,0,0,0,0,0,1,40,0,6217.32,2339.04,19.06
9.53116,49,9,2000,2000,7.73,2.76421,0,1,0,0,0,1,40,2,5876.61,2468.6,18.73
9.53478,54,5,6087.41,2389.94,8.03,2.7678,0,0,0,0,0,1,40,0,5508.98,3154.01,14.75
9.53841,59,17,5018.09,2811.32,1.66,2.77225,0,0,0,0,0,1,40,0,6016.98,2413.79,0
9.54348,66,5,6247.35,2327.28,15.23,2.76791,0,0,0,0,0,1,40,0,4505.86,3012.29,4.7
9.54638,70,26,2000,2000,5.2,-1.83958,0,1,0,64,0.05,1,40,2,4989.42,2822.54,1.33
9.5471,71,18,2000,2000,2.31,-1.20722,0,1,0,64,0.05,1,40,2,5652.36,3715.74,9.38
9.54783,72,22,4505.84,3012.29,4.7,2.76662,0,0,0,0,0,1,40,0,5364.82,2674.43,0
9.54855,73,19,2000,2000,8.14,-2.01358,0,1,1,32,0.15,1,40,2,5353.68,2675.4,8.02
9.5587,87,19,2000,2000,12.28,-2.01367,0,1,1,32,0.15,1,40,2,5416.73,2818.38,4.35
9.56087,90,19,2000,2000,1.42,1.30024,0,1,1,32,0.15,1,40,2,5379.36,2739.52,9.25
9.56304,93,19,2000,2000,4.35,1.12875,0,1,1,32,0.15,1,40,2,5682.55,3810.56,0.56
9.56522,96,19,2000,2000,9.25,1.12842,0,1,1,32,0.15,1,40,2,5630.63,2566.25,0
9.57464,109,37,2000,2000,12.98,-1.83204,0,1,0,0,0,1,40,2,5115.19,2769.78,15.28
9.57609,111,19,2000,2000,6.22,-0.378715,0,1,1,32,0.15,1,40,2,5548.34,2599.09,0.23
9.57826,114,10,2000,2000,0,0,0,1,1,32,0.15,1,40,2,5596.69,3507.07,12.7
9.58043,117,10,2000,2000,0.23,-0.387869,0,1,1,32,0.15,1,40,2,5590.71,3484.64,12.72
9.58406,122,19,2000,2000,0,0,0,1,1,96,0.2,1,40,2,5460.39,2976.26,7.82
9.58478,123,37,2000,2000,12.72,-1.8316,0,1,0,64,0.05,1,40,2,5466.85,2991.1,2.71
9.58551,124,19,2000,2000,10.76,-0.377917,0,1,1,96,0.2,1,40,2,5421.3,2828.02,0.33
9.58623,125,19,2000,2000,3.02,-1.83908,0,1,1,96,0.2,1,40,2,5974.02,2430.01,5.88
9.58841,128,27,5460.38,2976.23,7.82,-1.83873,0,0,0,0,0,1,40,0,5687.64,3824.82,0
9.59203,133,10,2000,2000,7.26,2.75623,0,1,1,32,0.15,1,40,2,5365.8,2718.35,0.02
9.59565,138,19,2000,2000,8.62,1.12892,0,1,1,32,0.15,1,40,2,0,0,0
9.5971,140,17,5036.6,2804.06,4.33,2.76795,0,0,0,0,0,1,40,0,0,0,0
9.60217,9,10,2000,2000,0,0,0,1,1,32,0.15,1,40,2,5581.33,2586.44,0
9.61014,20,11,5661.61,2555.29,0,0,0,0,0,0,0,1,40,0,5362.79,2712.01,0
9.61957,33,27,5462.86,2973.16,7.88,1.30365,0,0,0,0,0,1,40,0,5851.48,2478.56,17.91
9.62681,43,19,2000,2000,7.91,2.7639,0,1,1,32,0.15,1,40,2,5441.1,2644.18,7.73
9.62826,45,18,2000,2000,0.9,2.75699,0,1,0,64,0.05,1,40,2,6317.16,2300.02,13.69
9.62899,46,10,2000,2000,4.45,-0.367989,0,1,1,96,0.2,1,40,2,4827.19,2886.22,17.89
9.62971,47,39,5647.46,3697.38,9.7,-1.83053,0,0,0,0,0,1,40,0,6215.55,2339.74,19.06
9.63116,49,9,2000,2000,7.73,2.76421,0,1,0,0,0,1,40,2,5878.35,2467.91,18.73
9.63478,54,5,6086.67,2390.23,8.03,2.7678,0,0,0,0,0,1,40,0,5509.34,3155.44,14.75
9.63841,59,17,5017.93,2811.38,1.66,2.77225,0,0,0,0,0,1,40,0,6016.98,2413.79,0
9.64348,66,5,6245.93,2327.84,15.23,2.76791,0,0,0,0,0,1,40,0,4505.43,3012.46,4.7
9.64638,70,26,2000,2000,5.2,-1.83958,0,1,0,64,0.05,1,40,2,4989.29,2822.59,1.33
9.6471,71,18,2000,2000,2.31,-1.20722,0,1,0,64,0.05,1,40,2,5652.11,3714.83,9.38
9.64783,72,22,4505.41,3012.47,4.7,2.76662,0,0,0,0,0,1,40,0,5364.82,2674.43,0
9.64855,73,19,2000,2000,8.14,-2.01358,0,1,1,32,0.15,1,40,2,5354.42,2675.11,8.02
9.6587,87,19,2000,2000,12.28,-2.01367,0,1,1,32,0.15,1,40,2,5416.91,2818.77,4.35
9.66087,90,19,2000,2000,1.42,1.30024,0,1,1,32,0.15,1,40,2,5379.76,2740.36,9.25
9.66304,93,19,2000,2000,4.35,1.12875,0,1,1,32,0.15,1,40,2,5682.57,3810.62,0.56
9.66522,96,19,2000,2000,9.25,1.12842,0,1,1,32,0.15,1,40,2,5630.63,2566.25,0
9.67464,109,37,2000,2000,12.98,-1.83204,0,1,0,0,0,1,40,2,5116.61,2769.22,15.28
9.67609,111,19,2000,2000,6.22,-0.378715,0,1,1,32,0.15,1,40,2,5548.36,2599.08,0.23
9.67826,114,10,2000,2000,0,0,0,1,1,32,0.15,1,40,2,5596.37,3505.84,12.7
9.68043,117,10,2000,2000,0.23,-0.387869,0,1,1,32,0.15,1,40,2,5590.38,3483.41,12.72
9.68406,122,19,2000,2000,0,0,0,1,1,96,0.2,1,40,2,5460.18,2975.5,7.82
9.68478,123,37,2000,2000,12.72,-1.8316,0,1,0,64,0.05,1,40,2,5466.77,2991.35,2.71
9.68551,124,19,2000,2000,10.76,-0.377917,0,1,1,96,0.2,1,40,2,5421.31,2828.05,0.33
9.68623,125,19,2000,2000,3.02,-1.83908,0,1,1,96,0.2,1,40,2,5974.57,2429.8,5.88
9.68841,128,27,5460.18,2975.47,7.82,-1.83873,0,0,0,0,0,1,40,0,5687.64,3824.82,0
9.69203,133,10,2000,2000,7.26,2.75623,0,1,1,32,0.15,1,40,2,5365.8,2718.35,0.02
9.69565,138,19,2000,2000,8.62,1.12892,0,1,1,32,0.15,1,40,2,0,0,0
9.6971,140,17,5036.19,2804.22,4.33,2.76795,0,0,0,0,0,1,40,0,0,0,0
9.70217,9,10,2000,2000,0,0,0,1,1,32,0.15,1,40,2,5581.33,2586.44,0
9.71014,20,11,5661.61,2555.29,0,0,0,0,0,0,0,1,40,0,5362.79,2712.01,0
9.71957,33,27,5463.06,2973.92,7.88,1.30365,0,0,0,0,0,1,40,0,5853.15,2477.9,17.91
9.72681,43,19,2000,2000,7.91,2.7639,0,1,1,32,0.15,1,40,2,5440.38,2644.47,7.73
9.72826,45,18,2000,2000,0.9,2.75699,0,1,0,64,0.05,1,40,2,6315.89,2300.52,13.69
9.72899,46,10,2000,2000,4.45,-0.367989,0,1,1,96,0.2,1,40,2,4825.53,2886.87,17.89
9.72971,47,39,5647.21,3696.44,9.7,-1.83053,0,0,0,0,0,1,40,0,6213.77,2340.44,19.06
9.73116,49,9,2000,2000,7.73,2.76421,0,1,0,0,0,1,40,2,5880.09,2467.22,18.73
9.73478,54,5,6085.92,2390.52,8.03,2.7678,0,0,0,0,0,1,40,0,5509.7,3156.87,14.75
9.73841,59,17,5017.78,2811.44,1.66,2.77225,0,0,0,0,0,1,40,0,6016.98,2413.79,0
9.74348,66,5,6244.51,2328.39,15.23,2.76791,0,0,0,0,0,1,40,0,4504.99,3012.63,4.7
9.74638,70,26,2000,2000,5.2,-1.83958,0,1,0,64,0.05,1,40,2,4989.17,2822.63,1.33
9.7471,71,18,2000,2000,2.31,-1.20722,0,1,0,64,0.05,1,40,2,5651.87,3713.93,9.38
9.74783,72,22,4504.97,3012.64,4.7,2.76662,0,0,0,0,0,1,40,0,5364.82,2674.43,0
9.74855,73,19,2000,2000,8.14,-2.01358,0,1,1,32,0.15,1,40,2,5355.17,2674.81,8.02
9.7587,87,19,2000,2000,12.28,-2.01367,0,1,1,32,0.15,1,40,2,5417.1,2819.16,4.35
9.76087,90,19,2000,2000,1.42,1.30024,0,1,1,32,0.15,1,40,2,5380.16,2741.2,9.25
9.76304,93,19,2000,2000,4.35,1.12875,0,1,1,32,0.15,1,40,2,5682.58,3810.67,0.56
9.76522,96,19,2000,2000,9.25,1.12842,0,1,1,32,0.15,1,40,2,5630.63,2566.25,0
9.77464,109,37,2000,2000,12.98,-1.83204,0,1,0,0,0,1,40,2,5118.03,2768.67,15.28
9.77609,111,19,2000,2000,6.22,-0.378715,0,1,1,32,0.15,1,40,2,5548.38,2599.07,0.23
9.77826,114,10,2000,2000,0,0,0,1,1,32,0.15,1,40,2,5596.04,3504.61,12.7
9.78043,117,10,2000,2000,0.23,-0.387869,0,1,1,32,0.15,1,40,2,5590.05,3482.18,12.72
9.78406,122,19,2000,2000,0,0,0,1,1,96,0.2,1,40,2,5459.98,2974.75,7.82
9.78478,123,37,2000,2000,12.72,-1.8316,0,1,0,64,0.05,1,40,2,5466.68,2991.61,2.71
9.78551,124,19,2000,2000,10.76,-0.377917,0,1,1,96,0.2,1,40,2,5421.33,2828.08,0.33
9.78623,125,19,2000,2000,3.02,-1.83908,0,1,1,96,0.2,1,40,2,5975.11,2429.58,5.88
9.78841,128,27,5459.97,2974.72,7.82,-1.83873,0,0,0,0,0,1,40,0,5687.64,3824.82,0
9.79203,133,10,2000,2000,7.26,2.75623,0,1,1,32,0.15,1,40,2,5365.79,2718.35,0.02
9.79565,138,19,2000,2000,8.62,1.12892,0,1,1,32,0.15,1,40,2,0,0,0
9.7971,140,17,5035.79,2804.38,4.33,2.76795,0,0,0,0,0,1,40,0,0,0,0
9.80217,9,10,2000,2000,0,0,0,1,1,32,0.15,1,40,2,5581.33,2586.44,0
9.8087,18,10,2000,2000,12.82,-0.37703,0,1,1,32,0.15,1,40,2,5385.29,2666.31,0.02
9.81014,20,11,5661.61,2555.29,0,0,0,0,0,0,0,1,40,0,5362.79,2712.01,0
9.81957,33,27,5463.27,2974.68,7.88,1.30365,0,0,0,0,0,1,40,0,5854.81,2477.24,17.91
9.82681,43,19,2000,2000,7.91,2.7639,0,1,1,32,0.15,1,40,2,5439.66,2644.75,7.73
9.82826,45,18,2000,2000,0.9,2.75699,0,1,0,64,0.05,1,40,2,6314.61,2301.02,13.69
9.82899,46,10,2000,2000,4.45,-0.367989,0,1,1,96,0.2,1,40,2,4823.86,2887.53,17.89
9.82971,47,39,5646.96,3695.5,9.7,-1.83053,0,0,0,0,0,1,40,0,6212,2341.13,19.06
9.83116,49,9,2000,2000,7.73,2.76421,0,1,0,0,0,1,40,2,5881.83,2466.53,18.73
9.83478,54,5,6085.17,2390.82,8.03,2.7678,0,0,0,0,0,1,40,0,5510.06,3158.3,14.75
9.83841,59,17,5017.62,2811.5,1.66,2.77225,0,0,0,0,0,1,40,0,6016.98,2413.79,0
9.84348,66,5,6243.09,2328.95,15.23,2.76791,0,0,0,0,0,1,40,0,4504.55,3012.8,4.7
9.84638,70,26,2000,2000,5.2,-1.83958,0,1,0,64,0.05,1,40,2,4989.04,2822.68,1.33
9.8471,71,18,2000,2000,2.31,-1.20722,0,1,0,64,0.05,1,40,2,5651.63,3713.02,9.38
9.84783,72,22,4504.53,3012.81,4.7,2.76662,0,0,0,0,0,1,40,0,5364.82,2674.43,0
9.84855,73,19,2000,2000,8.14,-2.01358,0,1,1,32,0.15,1,40,2,5355.91,2674.51,8.02
9.8587,87,19,2000,2000,12.28,-2.01367,0,1,1,32,0.15,1,40,2,5417.28,2819.56,4.35
9.86087,90,19,2000,2000,1.42,1.30024,0,1,1,32,0.15,1,40,2,5380.55,2742.03,9.25
9.86304,93,19,2000,2000,4.35,1.12875,0,1,1,32,0.15,1,40,2,5682.6,3810.72,0.56
9.86522,96,19,2000,2000,9.25,1.12842,0,1,1,32,0.15,1,40,2,5630.63,2566.25,0
9.87464,109,37,2000,2000,12.98,-1.83204,0,1,0,0,0,1,40,2,5119.45,2768.11,15.28
9.87609,111,19,2000,2000,6.22,-0.378715,0,1,1,32,0.15,1,40,2,5548.4,2599.07,0.23
9.87826,114,10,2000,2000,0,0,0,1,1,32,0.15,1,40,2,5595.71,3503.39,12.7
9.88043,117,10,2000,2000,0.23,-0.387869,0,1,1,32,0.15,1,40,2,5589.72,3480.95,12.72
9.88406,122,19,2000,2000,0,0,0,1,1,96,0.2,1,40,2,5459.77,2974,7.82
9.88478,123,37,2000,2000,12.72,-1.8316,0,1,0,64,0.05,1,40,2,5466.59,2991.87,2.71
9.88551,124,19,2000,2000,10.76,-0.377917,0,1,1,96,0.2,1,40,2,5421.34,2828.11,0.33
9.88623,125,19,2000,2000,3.02,-1.83908,0,1,1,96,0.2,1,40,2,5975.66,2429.37,5.88
9.88841,128,27,5459.76,2973.96,7.82,-1.83873,0,0,0,0,0,1,40,0,5687.64,3824.82,0
9.89203,133,10,2000,2000,7.26,2.75623,0,1,1,32,0.15,1,40,2,5365.79,2718.35,0.02
9.89565,138,19,2000,2000,8.62,1.12892,0,1,1,32,0.15,1,40,2,0,0,0
9.8971,140,17,5035.39,2804.54,4.33,2.76795,0,0,0,0,0,1,40,0,0,0,0
9.90217,9,10,2000,2000,0,0,0,1,1,32,0.15,1,40,2,5581.33,2586.44,0
9.9087,18,10,2000,2000,12.82,-0.37703,0,1,1,32,0.15,1,40,2,5385.29,2666.31,0.02
9.91014,20,11,5661.61,2555.29,0,0,0,0,0,0,0,1,40,0,5362.79,2712.01,0
9.91957,33,27,5463.48,2975.44,7.88,1.30365,0,0,0,0,0,1,40,0,5856.48,2476.58,17.91
9.92681,43,19,2000,2000,7.91,2.7639,0,1,1,32,0.15,1,40,2,5438.94,2645.03,7.73
9.92826,45,18,2000,2000,0.9,2.75699,0,1,0,64,0.05,1,40,2,6313.34,2301.51,13.69
9.92899,46,10,2000,2000,4.45,-0.367989,0,1,1,96,0.2,1,40,2,4822.2,2888.18,17.89
9.92971,47,39,5646.71,3694.56,9.7,-1.83053,0,0,0,0,0,1,40,0,6210.22,2341.83,19.06
9.93478,54,5,6084.42,2391.11,8.03,2.7678,0,0,0,0,0,1,40,0,5510.42,3159.73,14.75
9.93841,59,17,5017.47,2811.56,1.66,2.77225,0,0,0,0,0,1,40,0,6016.98,2413.79,0
9.94348,66,5,6241.68,2329.5,15.23,2.76791,0,0,0,0,0,1,40,0,4504.11,3012.97,4.7
9.94638,70,26,2000,2000,5.2,-1.83958,0,1,0,64,0.05,1,40,2,4988.91,2822.72,1.33
9.9471,71,18,2000,2000,2.31,-1.20722,0,1,0,64,0.05,1,40,2,5651.39,3712.12,9.38
9.94783,72,22,4504.09,3012.98,4.7,2.76662,0,0,0,0,0,1,40,0,5364.82,2674.43,0
9.94855,73,19,2000,2000,8.14,-2.01358,0,1,1,32,0.15,1,40,2,5356.66,2674.22,8.02
9.9587,87,19,2000,2000,12.28,-2.01367,0,1,1,32,0.15,1,40,2,5417.47,2819.95,4.35
9.96087,90,19,2000,2000,1.42,1.30024,0,1,1,32,0.15,1,40,2,5380.95,2742.87,9.25
9.96304,93,19,2000,2000,4.35,1.12875,0,1,1,32,0.15,1,40,2,5682.61,3810.78,0.56
9.96522,96,19,2000,2000,9.25,1.12842,0,1,1,32,0.15,1,40,2,5630.63,2566.25,0
9.97464,109,37,2000,2000,12.98,-1.83204,0,1,0,0,0,1,40,2,5120.88,2767.55,15.28
9.97609,111,19,2000,2000,6.22,-0.378715,0,1,1,32,0.15,1,40,2,5548.42,2599.06,0.23
9.97826,114,10,2000,2000,0,0,0,1,1,32,0.15,1,40,2,5595.38,3502.16,12.7
9.98043,117,10,2000,2000,0.23,-0.387869,0,1,1,32,0.15,1,40,2,5589.39,3479.72,12.72
9.98406,122,19,2000,2000,0,0,0,1,1,96,0.2,1,40,2,5459.56,2973.24,7.82
9.98478,123,37,2000,2000,12.72,-1.8316,0,1,0,64,0.05,1,40,2,5466.55,2991.98,0
9.98551,124,19,2000,2000,10.76,-0.377917,0,1,1,96,0.2,1,40,2,5421.36,2828.14,0.33
9.98623,125,19,2000,2000,3.02,-1.83908,0,1,1,96,0.2,1,40,2,5976.21,2429.15,5.88
9.98841,128,27,5459.55,2973.21,7.82,-1.83873,0,0,0,0,0,1,40,0,5687.64,3824.82,0
9.99203,133,10,2000,2000,7.26,2.75623,0,1,1,32,0.15,1,40,2,5365.79,2718.35,0.02
9.99565,138,19,2000,2000,8.62,1.12892,0,1,1,32,0.15,1,40,2,0,0,0
9.9971,140,17,5034.99,2804.69,4.33,2.76795,0,0,0,0,0,1,40,0,0,0,0
10.0022,9,10,2000,2000,0,0,0,1,1,32,0.15,1,40,2,5581.33,2586.44,0
10.0087,18,10,2000,2000,13.95,-0.37119,11.3,1,1,36,0.25,1,40,2,5385.28,2666.31,0
10.0101,20,11,5661.61,2555.29,0,0,0,0,0,0,0,1,40,0,5362.79,2712.01,0
10.0196,33,27,5463.68,2976.17,6.18,1.30228,-17,0,1,4,0.1,1,40,0,5858.16,2475.91,19.09
10.0268,43,19,2000,2000,9.61,2.76283,17,1,1,36,0.25,1,40,2,5438.19,2645.33,9.13
10.0283,45,18,2000,2000,0.32,2.78952,-5.8,1,1,68,0.15,1,40,2,6312.09,2302,12.8
10.029,46,10,2000,2000,1.2,-0.374258,-32.5,1,1,100,0.3,1,40,2,4820.49,2888.85,19.48
10.0297,47,39,5646.45,3693.58,11.52,-1.83157,18.2,0,1,4,0.1,1,40,0,6208.4,2342.54,20.73
10.0348,54,5,6083.75,2391.38,5.98,2.76915,-20.5,0,1,4,0.1,1,40,0,5510.78,3161.15,14.24
10.0384,59,17,5017.28,2811.64,2.62,2.76676,9.6,0,1,4,0.1,1,40,0,6016.98,2413.79,0
10.0435,66,5,6240.15,2330.1,17.8,2.76829,25.7,0,1,4,0.1,1,40,0,4503.72,3013.13,3.81
10.0464,70,26,2000,2000,3.34,-1.83758,-18.6,1,1,68,0.15,1,40,2,4988.82,2822.73,1.08
10.0471,71,18,2000,2000,3.45,-0.394567,11.4,1,1,70,0.25,1,40,2,5651.15,3711.22,9.2
10.0478,72,22,4503.7,3013.14,3.81,2.76839,-8.9,0,1,4,0.1,1,40,0,5364.82,2674.43,0
10.0486,73,19,2000,2000,3.76,-2.01305,-43.8,1,1,36,0.25,1,40,2,5357.52,2673.88,10.54
10.0587,87,19,2000,2000,12.49,-2.0126,2.1,1,1,32,0.15,1,40,2,5417.56,2820.15,0.73
10.0609,90,19,2000,2000,2.66,1.30486,12.4,1,1,4,0.1,1,40,2,5381.37,2743.76,10.27
10.063,93,19,2000,2000,0.73,1.13165,-36.2,1,1,4,0.1,1,40,2,5682.62,3810.8,0.05
10.0652,96,19,2000,2000,10.27,1.12805,10.2,1,1,4,0.1,1,40,2,5630.63,2566.25,0
10.0746,109,37,2000,2000,13.26,-1.83169,2.8,1,0,0,0,1,40,2,5122.36,2766.97,16.09
10.0761,111,19,2000,2000,7.38,-0.377488,11.6,1,1,36,0.25,1,40,2,5548.44,2599.05,0.17
10.0783,114,10,2000,2000,0,0,0,1,0,0,0,1,40,2,5595.05,3500.9,13.2
10.0804,117,10,2000,2000,0.17,-0.360587,-0.6,1,0,0,0,1,40,2,5589.08,3478.53,12.23
10.0841,122,19,2000,2000,0,0,0,1,1,96,0.2,1,40,2,5459.32,2972.36,9.35
10.0848,123,37,2000,2000,12.23,-1.83124,-4.9,1,1,68,0.15,1,40,2,5466.32,2991.81,3.37
10.0855,124,19,2000,2000,8.04,-0.378427,-27.2,1,1,100,0.3,1,40,2,5421.41,2828.25,1.34
10.0862,125,19,2000,2000,5.44,-1.90712,24.2,1,1,102,0.4,1,40,2,5976.65,2428.97,4.64
10.0884,128,27,5459.31,2972.33,9.35,-1.83808,15.3,0,1,4,0.1,1,40,0,5687.64,3824.82,0
10.092,133,10,2000,2000,8.91,2.74379,16.5,1,1,4,0.1,1,40,2,5365.79,2718.35,0.01
10.0957,138,19,2000,2000,5.68,1.12842,-29.4,1,1,36,0.25,1,40,2,0,0,0
10.0971,140,17,5034.84,2804.75,1.46,2.76999,-28.7,0,1,4,0.1,1,40,0,0,0,0
10.1022,9,10,2000,2000,0,0,0,1,1,32,0.15,1,40,2,5581.33,2586.44,0
10.1087,18,10,2000,2000,13.95,-0.37119,0,1,1,32,0.15,1,40,2,5385.28,2666.31,0
10.1101,20,11,5661.61,2555.29,0,0,0,0,0,0,0,1,40,0,5362.79,2712.01,0
10.1196,33,27,5463.84,2976.76,6.18,1.30228,0,0,0,0,0,1,40,0,5859.94,2475.21,19.09
10.1268,43,19,2000,2000,9.61,2.76283,0,1,1,32,0.15,1,40,2,5437.34,2645.67,9.13
10.1283,45,18,2000,2000,0.32,2.78952,0,1,0,64,0.05,1,40,2,6310.89,2302.47,12.8
10.129,46,10,2000,2000,1.2,-0.374258,0,1,1,96,0.2,1,40,2,4818.68,2889.56,19.48
10.1297,47,39,5646.15,3692.47,11.52,-1.83157,0,0,0,0,0,1,40,0,6206.47,2343.3,20.73
10.1348,54,5,6083.19,2391.59,5.98,2.76915,0,0,0,0,0,1,40,0,5511.13,3162.53,14.24
10.1384,59,17,5017.04,2811.73,2.62,2.76676,0,0,0,0,0,1,40,0,6016.98,2413.79,0
10.1435,66,5,6238.5,2330.75,17.8,2.76829,0,0,0,0,0,1,40,0,4503.36,3013.27,3.81
10.1464,70,26,2000,2000,3.34,-1.83758,0,1,0,64,0.05,1,40,2,4988.72,2822.71,1.08
10.1471,71,18,2000,2000,3.45,-0.394567,0,1,0,64,0.05,1,40,2,5650.91,3710.33,9.2
10.1478,72,22,4503.35,3013.28,3.81,2.76839,0,0,0,0,0,1,40,0,5364.82,2674.43,0
10.1486,73,19,2000,2000,3.76,-2.01305,0,1,1,32,0.15,1,40,2,5358.5,2673.49,10.54
10.1587,87,19,2000,2000,12.49,-2.0126,0,1,1,32,0.15,1,40,2,5417.6,2820.22,0.73
10.1609,90,19,2000,2000,2.66,1.30486,0,1,1,32,0.15,1,40,2,5381.81,2744.69,10.27
10.163,93,19,2000,2000,0.73,1.13165,0,1,1,32,0.15,1,40,2,5682.62,3810.81,0.05
10.1652,96,19,2000,2000,10.27,1.12805,0,1,1,32,0.15,1,40,2,5630.63,2566.25,0
10.1746,109,37,2000,2000,13.26,-1.83169,0,1,0,0,0,1,40,2,5123.85,2766.38,16.09
10.1761,111,19,2000,2000,7.38,-0.377488,0,1,1,32,0.15,1,40,2,5548.46,2599.04,0.17
10.1783,114,10,2000,2000,0,0,0,1,1,32,0.15,1,40,2,5594.71,3499.62,13.2
10.1804,117,10,2000,2000,0.17,-0.360587,0,1,1,32,0.15,1,40,2,5588.76,3477.35,12.23
10.1841,122,19,2000,2000,0,0,0,1,1,96,0.2,1,40,2,5459.08,2971.46,9.35
10.1848,123,37,2000,2000,12.23,-1.83124,0,1,0,64,0.05,1,40,2,5466.06,2991.6,3.37
10.1855,124,19,2000,2000,8.04,-0.378427,0,1,1,96,0.2,1,40,2,5421.46,2828.37,1.34
10.1862,125,19,2000,2000,5.44,-1.90712,0,1,1,96,0.2,1,40,2,5977.08,2428.8,4.64
10.1884,128,27,5459.07,2971.42,9.35,-1.83808,0,0,0,0,0,1,40,0,5687.64,3824.82,0
10.192,133,10,2000,2000,8.91,2.74379,0,1,1,32,0.15,1,40,2,5365.79,2718.35,0.01
10.1957,138,19,2000,2000,5.68,1.12842,0,1,1,32,0.15,1,40,2,0,0,0
10.1971,140,17,5034.71,2804.8,1.46,2.76999,0,0,0,0,0,1,40,0,0,0,0
10.2022,9,10,2000,2000,0,0,0,1,1,32,0.15,1,40,2,5581.33,2586.44,0
10.2087,18,10,2000,2000,13.95,-0.37119,0,1,1,32,0.15,1,40,2,5385.28,2666.31,0
10.2101,20,11,5661.61,2555.29,0,0,0,0,0,0,0,1,40,0,5362.79,2712.01,0
10.2196,33,27,5464.01,2977.36,6.18,1.30228,0,0,0,0,0,1,40,0,5861.71,2474.51,19.09
10.2283,45,18,2000,2000,0.32,2.78952,0,1,0,64,0.05,1,40,2,6309.7,2302.93,12.8
10.229,46,10,2000,2000,1.2,-0.374258,0,1,1,96,0.2,1,40,2,4816.86,2890.27,19.48
10.2297,47,39,5645.86,3691.35,11.52,-1.83157,0,0,0,0,0,1,40,0,6204.54,2344.05,20.73
10.2348,54,5,6082.63,2391.81,5.98,2.76915,0,0,0,0,0,1,40,0,5511.47,3163.91,14.24
10.2384,59,17,5016.79,2811.83,2.62,2.76676,0,0,0,0,0,1,40,0,6016.98,2413.79,0
10.2435,66,5,6236.84,2331.4,17.8,2.76829,0,0,0,0,0,1,40,0,4503.01,3013.41,3.81
10.2464,70,26,2000,2000,3.34,-1.83758,0,1,0,64,0.05,1,40,2,4988.61,2822.69,1.08
10.2471,71,18,2000,2000,3.45,-0.394567,0,1,0,64,0.05,1,40,2,5650.67,3709.44,9.2
10.2478,72,22,4502.99,3013.41,3.81,2.76839,0,0,0,0,0,1,40,0,5364.82,2674.43,0
10.2486,73,19,2000,2000,3.76,-2.01305,0,1,1,32,0.15,1,40,2,5359.48,2673.1,10.54
10.2587,87,19,2000,2000,12.49,-2.0126,0,1,1,32,0.15,1,40,2,5417.63,2820.28,0.73
10.2609,90,19,2000,2000,2.66,1.30486,0,1,1,32,0.15,1,40,2,5382.25,2745.62,10.27
10.263,93,19,2000,2000,0.73,1.13165,0,1,1,32,0.15,1,40,2,5682.62,3810.81,0.05
10.2652,96,19,2000,2000,10.27,1.12805,0,1,1,32,0.15,1,40,2,5630.63,2566.25,0
10.2746,109,37,2000,2000,13.26,-1.83169,0,1,0,0,0,1,40,2,5125.35,2765.79,16.09
10.2761,111,19,2000,2000,7.38,-0.377488,0,1,1,32,0.15,1,40,2,5548.47,2599.04,0.17
10.2783,114,10,2000,2000,0,0,0,1,1,32,0.15,1,40,2,5594.37,3498.34,13.2
10.2804,117,10,2000,2000,0.17,-0.360587,0,1,1,32,0.15,1,40,2,5588.45,3476.17,12.23
10.2841,122,19,2000,2000,0,0,0,1,1,96,0.2,1,40,2,5458.83,2970.56,9.35
10.2848,123,37,2000,2000,12.23,-1.83124,0,1,0,64,0.05,1,40,2,5465.79,2991.4,3.37
10.2855,124,19,2000,2000,8.04,-0.378427,0,1,1,96,0.2,1,40,2,5421.52,2828.49,1.34
10.2862,125,19,2000,2000,5.44,-1.90712,0,1,1,96,0.2,1,40,2,5977.51,2428.63,4.64
10.2884,128,27,5458.82,2970.52,9.35,-1.83808,0,0,0,0,0,1,40,0,5687.64,3824.82,0
10.292,133,10,2000,2000,8.91,2.74379,0,1,1,32,0.15,1,40,2,5365.79,2718.34,0.01
10.2957,138,19,2000,2000,5.68,1.12842,0,1,1,32,0.15,1,40,2,0,0,0
10.2971,140,17,5034.57,2804.86,1.46,2.76999,0,0,0,0,0,1,40,0,0,0,0
10.3022,9,10,2000,2000,0,0,0,1,1,32,0.15,1,40,2,5581.33,2586.44,0
10.3087,18,10,2000,2000,13.95,-0.37119,0,1,1,32,0.15,1,40,2,5385.28,2666.31,0
10.3101,20,11,5661.61,2555.29,0,0,0,0,0,0,0,1,40,0,5362.79,2712.01,0
10.3196,33,27,5464.17,2977.96,6.18,1.30228,0,0,0,0,0,1,40,0,5863.49,2473.81,19.09
10.3283,45,18,2000,2000,0.32,2.78952,0,1,0,64,0.05,1,40,2,6308.51,2303.4,12.8
10.329,46,10,2000,2000,1.2,-0.374258,0,1,1,96,0.2,1,40,2,4815.05,2890.98,19.48
10.3297,47,39,5645.56,3690.24,11.52,-1.83157,0,0,0,0,0,1,40,0,6202.61,2344.81,20.73
10.3348,54,5,6082.08,2392.03,5.98,2.76915,0,0,0,0,0,1,40,0,5511.82,3165.29,14.24
10.3384,59,17,5016.55,2811.92,2.62,2.76676,0,0,0,0,0,1,40,0,6016.98,2413.79,0
10.3435,66,5,6235.18,2332.05,17.8,2.76829,0,0,0,0,0,1,40,0,4502.65,3013.55,3.81
10.3464,70,26,2000,2000,3.34,-1.83758,0,1,0,64,0.05,1,40,2,4988.5,2822.66,1.08
10.3471,71,18,2000,2000,3.45,-0.394567,0,1,0,64,0.05,1,40,2,5650.44,3708.55,9.2
10.3478,72,22,4502.64,3013.55,3.81,2.76839,0,0,0,0,0,1,40,0,5364.82,2674.43,0
10.3486,73,19,2000,2000,3.76,-2.01305,0,1,1,32,0.15,1,40,2,5360.46,2672.71,10.54
10.3587,87,19,2000,2000,12.49,-2.0126,0,1,1,32,0.15,1,40,2,5417.66,2820.35,0.73
10.3609,90,19,2000,2000,2.66,1.30486,0,1,1,32,0.15,1,40,2,5382.69,2746.54,10.27
10.363,93,19,2000,2000,0.73,1.13165,0,1,1,32,0.15,1,40,2,5682.62,3810.81,0.05
10.3652,96,19,2000,2000,10.27,1.12805,0,1,1,32,0.15,1,40,2,5630.63,2566.25,0
10.3746,109,37,2000,2000,13.26,-1.83169,0,1,0,0,0,1,40,2,5126.85,2765.21,16.09
10.3761,111,19,2000,2000,7.38,-0.377488,0,1,1,32,0.15,1,40,2,5548.49,2599.03,0.17
10.3783,114,10,2000,2000,0,0,0,1,1,32,0.15,1,40,2,5594.03,3497.07,13.2
10.3804,117,10,2000,2000,0.17,-0.360587,0,1,1,32,0.15,1,40,2,5588.13,3474.98,12.23
10.3841,122,19,2000,2000,0,0,0,1,1,96,0.2,1,40,2,5458.58,2969.66,9.35
10.3848,123,37,2000,2000,12.23,-1.83124,0,1,0,64,0.05,1,40,2,5465.52,2991.19,3.37
10.3855,124,19,2000,2000,8.04,-0.378427,0,1,1,96,0.2,1,40,2,5421.58,2828.61,1.34
10.3862,125,19,2000,2000,5.44,-1.90712,0,1,1,96,0.2,1,40,2,5977.95,2428.46,4.64
10.3884,128,27,5458.57,2969.62,9.35,-1.83808,0,0,0,0,0,1,40,0,5687.64,3824.82,0
10.392,133,10,2000,2000,8.91,2.74379,0,1,1,32,0.15,1,40,2,5365.79,2718.34,0.01
10.3957,138,19,2000,2000,5.68,1.12842,0,1,1,32,0.15,1,40,2,0,0,0
10.3971,140,17,5034.43,2804.91,1.46,2.76999,0,0,0,0,0,1,40,0,0,0,0
10.4022,9,10,2000,2000,0,0,0,1,1,32,0.15,1,40,2,5581.33,2586.44,0
10.4087,18,10,2000,2000,13.95,-0.37119,0,1,1,32,0.15,1,40,2,5385.28,2666.31,0
10.4101,20,11,5661.61,2555.29,0,0,0,0,0,0,0,1,40,0,5362.79,2712.01,0
10.4196,33,27,5464.34,2978.55,6.18,1.30228,0,0,0,0,0,1,40,0,5865.26,2473.1,19.09
10.4283,45,18,2000,2000,0.32,2.78952,0,1,0,64,0.05,1,40,2,6307.31,2303.86,12.8
10.429,46,10,2000,2000,1.2,-0.374258,0,1,1,96,0.2,1,40,2,4813.23,2891.7,19.48
10.4297,47,39,5645.26,3689.13,11.52,-1.83157,0,0,0,0,0,1,40,0,6200.68,2345.56,20.73
10.4348,54,5,6081.52,2392.25,5.98,2.76915,0,0,0,0,0,1,40,0,5512.17,3166.67,14.24
10.4384,59,17,5016.3,2812.02,2.62,2.76676,0,0,0,0,0,1,40,0,6016.98,2413.79,0
10.4435,66,5,6233.52,2332.7,17.8,2.76829,0,0,0,0,0,1,40,0,4502.3,3013.69,3.81
10.4464,70,26,2000,2000,3.34,-1.83758,0,1,0,64,0.05,1,40,2,4988.4,2822.64,1.08
10.4471,71,18,2000,2000,3.45,-0.394567,0,1,0,64,0.05,1,40,2,5650.2,3707.66,9.2
10.4478,72,22,4502.28,3013.69,3.81,2.76839,0,0,0,0,0,1,40,0,5364.82,2674.43,0
10.4486,73,19,2000,2000,3.76,-2.01305,0,1,1,32,0.15,1,40,2,5361.44,2672.33,10.54
10.4587,87,19,2000,2000,12.49,-2.0126,0,1,1,32,0.15,1,40,2,5417.69,2820.42,0.73
10.4609,90,19,2000,2000,2.66,1.30486,0,1,1,32,0.15,1,40,2,5383.13,2747.47,10.27
10.463,93,19,2000,2000,0.73,1.13165,0,1,1,32,0.15,1,40,2,5682.62,3810.82,0.05
10.4652,96,19,2000,2000,10.27,1.12805,0,1,1,32,0.15,1,40,2,5630.63,2566.25,0
10.4746,109,37,2000,2000,13.26,-1.83169,0,1,0,0,0,1,40,2,5128.35,2764.62,16.09
10.4761,111,19,2000,2000,7.38,-0.377488,0,1,1,32,0.15,1,40,2,5548.51,2599.03,0.17
10.4783,114,10,2000,2000,0,0,0,1,1,32,0.15,1,40,2,5593.69,3495.79,13.2
10.4804,117,10,2000,2000,0.17,-0.360587,0,1,1,32,0.15,1,40,2,5587.82,3473.8,12.23
10.4841,122,19,2000,2000,0,0,0,1,1,96,0.2,1,40,2,5458.34,2968.76,9.35
10.4848,123,37,2000,2000,12.23,-1.83124,0,1,0,64,0.05,1,40,2,5465.25,2990.98,3.37
10.4855,124,19,2000,2000,8.04,-0.378427,0,1,1,96,0.2,1,40,2,5421.63,2828.73,1.34
10.4862,125,19,2000,2000,5.44,-1.90712,0,1,1,96,0.2,1,40,2,5978.38,2428.29,4.64
10.4884,128,27,5458.32,2968.72,9.35,-1.83808,0,0,0,0,0,1,40,0,5687.64,3824.82,0
10.492,133,10,2000,2000,8.91,2.74379,0,1,1,32,0.15,1,40,2,5365.79,2718.34,0.01
10.4957,138,19,2000,2000,5.68,1.12842,0,1,1,32,0.15,1,40,2,0,0,0
10.4971,140,17,5034.3,2804.96,1.46,2.76999,0,0,0,0,0,1,40,0,0,0,0
10.5022,9,10,2000,2000,0,0,0,1,1,32,0.15,1,40,2,5581.33,2586.44,0
10.5087,18,10,2000,2000,13.95,-0.37119,0,1,1,32,0.15,1,40,2,5385.28,2666.31,0
10.5101,20,11,5661.61,2555.29,0,0,0,0,0,0,0,1,40,0,5362.79,2712.01,0
10.5196,33,27,5464.5,2979.15,6.18,1.30228,0,0,0,0,0,1,40,0,5867.04,2472.4,19.09
10.5283,45,18,2000,2000,0.32,2.78952,0,1,0,64,0.05,1,40,2,6306.12,2304.33,12.8
10.529,46,10,2000,2000,1.2,-0.374258,0,1,1,96,0.2,1,40,2,4811.42,2892.41,19.48
10.5297,47,39,5644.97,3688.01,11.52,-1.83157,0,0,0,0,0,1,40,0,6198.75,2346.32,20.73
10.5348,54,5,6080.96,2392.46,5.98,2.76915,0,0,0,0,0,1,40,0,5512.52,3168.05,14.24
10.5384,59,17,5016.06,2812.12,2.62,2.76676,0,0,0,0,0,1,40,0,6016.98,2413.79,0
10.5435,66,5,6231.87,2333.35,17.8,2.76829,0,0,0,0,0,1,40,0,4501.94,3013.83,3.81
10.5464,70,26,2000,2000,3.34,-1.83758,0,1,0,64,0.05,1,40,2,4988.29,2822.62,1.08
10.5471,71,18,2000,2000,3.45,-0.394567,0,1,0,64,0.05,1,40,2,5649.96,3706.78,9.2
10.5478,72,22,4501.93,3013.83,3.81,2.76839,0,0,0,0,0,1,40,0,5364.82,2674.43,0
10.5486,73,19,2000,2000,3.76,-2.01305,0,1,1,32,0.15,1,40,2,5362.42,2671.94,10.54
10.5587,87,19,2000,2000,12.49,-2.0126,0,1,1,32,0.15,1,40,2,5417.72,2820.48,0.73
10.5609,90,19,2000,2000,2.66,1.30486,0,1,1,32,0.15,1,40,2,5383.57,2748.4,10.27
10.563,93,19,2000,2000,0.73,1.13165,0,1,1,32,0.15,1,40,2,5682.63,3810.82,0.05
10.5652,96,19,2000,2000,10.27,1.12805,0,1,1,32,0.15,1,40,2,5630.63,2566.25,0
10.5746,109,37,2000,2000,13.26,-1.83169,0,1,0,0,0,1,40,2,5129.84,2764.03,16.09
10.5761,111,19,2000,2000,7.38,-0.377488,0,1,1,32,0.15,1,40,2,5548.52,2599.02,0.17
10.5783,114,10,2000,2000,0,0,0,1,1,32,0.15,1,40,2,5593.35,3494.52,13.2
10.5804,117,10,2000,2000,0.17,-0.360587,0,1,1,32,0.15,1,40,2,5587.5,3472.62,12.23
10.5841,122,19,2000,2000,0,0,0,1,1,96,0.2,1,40,2,5458.09,2967.86,9.35
10.5848,123,37,2000,2000,12.23,-1.83124,0,1,0,64,0.05,1,40,2,5464.99,2990.78,3.37
10.5855,124,19,2000,2000,8.04,-0.378427,0,1,1,96,0.2,1,40,2,5421.69,2828.86,1.34
10.5862,125,19,2000,2000,5.44,-1.90712,0,1,1,96,0.2,1,40,2,5978.81,2428.12,4.64
10.5884,128,27,5458.08,2967.82,9.35,-1.83808,0,0,0,0,0,1,40,0,5687.64,3824.82,0
10.592,133,10,2000,2000,8.91,2.74379,0,1,1,32,0.15,1,40,2,5365.79,2718.34,0.01
10.5957,138,19,2000,2000,5.68,1.12842,0,1,1,32,0.15,1,40,2,0,0,0
10.5971,140,17,5034.16,2805.02,1.46,2.76999,0,0,0,0,0,1,40,0,0,0,0
10.6022,9,10,2000,2000,0,0,0,1,1,32,0.15,1,40,2,5581.33,2586.44,0
10.6087,18,10,2000,2000,13.95,-0.37119,0,1,1,32,0.15,1,40,2,5385.28,2666.31,0
10.6101,20,11,5661.61,2555.29,0,0,0,0,0,0,0,1,40,0,5362.79,2712.01,0
10.6196,33,27,5464.66,2979.74,6.18,1.30228,0,0,0,0,0,1,40,0,5868.81,2471.7,19.09
10.6283,45,18,2000,2000,0.32,2.78952,0,1,0,64,0.05,1,40,2,6304.93,2304.79,12.8
10.629,46,10,2000,2000,1.2,-0.374258,0,1,1,96,0.2,1,40,2,4809.61,2893.12,19.48
10.6297,47,39,5644.67,3686.9,11.52,-1.83157,0,0,0,0,0,1,40,0,6196.82,2347.08,20.73
10.6348,54,5,6080.4,2392.68,5.98,2.76915,0,0,0,0,0,1,40,0,5512.87,3169.43,14.24
10.6384,59,17,5015.82,2812.21,2.62,2.76676,0,0,0,0,0,1,40,0,6016.98,2413.79,0
10.6435,66,5,6230.21,2334,17.8,2.76829,0,0,0,0,0,1,40,0,4501.59,3013.96,3.81
10.6464,70,26,2000,2000,3.34,-1.83758,0,1,0,64,0.05,1,40,2,4988.19,2822.6,1.08
10.6471,71,18,2000,2000,3.45,-0.394567,0,1,0,64,0.05,1,40,2,5649.73,3705.89,9.2
10.6478,72,22,4501.57,3013.97,3.81,2.76839,0,0,0,0,0,1,40,0,5364.82,2674.43,0
10.6486,73,19,2000,2000,3.76,-2.01305,0,1,1,32,0.15,1,40,2,5363.4,2671.55,10.54
10.6587,87,19,2000,2000,12.49,-2.0126,0,1,1,32,0.15,1,40,2,5417.75,2820.55,0.73
10.6609,90,19,2000,2000,2.66,1.30486,0,1,1,32,0.15,1,40,2,5384.01,2749.33,10.27
10.663,93,19,2000,2000,0.73,1.13165,0,1,1,32,0.15,1,40,2,5682.63,3810.83,0.05
10.6652,96,19,2000,2000,10.27,1.12805,0,1,1,32,0.15,1,40,2,5630.63,2566.25,0
10.6746,109,37,2000,2000,13.26,-1.83169,0,1,0,0,0,1,40,2,5131.34,2763.44,16.09
10.6761,111,19,2000,2000,7.38,-0.377488,0,1,1,32,0.15,1,40,2,5548.54,2599.01,0.17
10.6783,114,10,2000,2000,0,0,0,1,1,32,0.15,1,40,2,5593.01,3493.24,13.2
10.6804,117,10,2000,2000,0.17,-0.360587,0,1,1,32,0.15,1,40,2,5587.19,3471.44,12.23
10.6841,122,19,2000,2000,0,0,0,1,1,96,0.2,1,40,2,5457.84,2966.95,9.35
10.6848,123,37,2000,2000,12.23,-1.83124,0,1,0,64,0.05,1,40,2,5464.72,2990.57,3.37
10.6855,124,19,2000,2000,8.04,-0.378427,0,1,1,96,0.2,1,40,2,5421.75,2828.98,1.34
10.6862,125,19,2000,2000,5.44,-1.90712,0,1,1,96,0.2,1,40,2,5979.24,2427.95,4.64
10.6884,128,27,5457.83,2966.92,9.35,-1.83808,0,0,0,0,0,1,40,0,5687.64,3824.82,0
10.692,133,10,2000,2000,8.91,2.74379,0,1,1,32,0.15,1,40,2,5365.79,2718.34,0.01
10.6957,138,19,2000,2000,5.68,1.12842,0,1,1,32,0.15,1,40,2,0,0,0
10.6971,140,17,5034.03,2805.07,1.46,2.76999,0,0,0,0,0,1,40,0,0,0,0
10.7022,9,10,2000,2000,0,0,0,1,1,32,0.15,1,40,2,5581.33,2586.44,0
10.7087,18,10,2000,2000,13.95,-0.37119,0,1,1,32,0.15,1,40,2,5385.28,2666.31,0
10.7101,20,11,5661.61,2555.29,0,0,0,0,0,0,0,1,40,0,5362.79,2712.01,0
10.7196,33,27,5464.83,2980.34,6.18,1.30228,0,0,0,0,0,1,40,0,5870.59,2470.99,19.09
10.7283,45,18,2000,2000,0.32,2.78952,0,1,0,64,0.05,1,40,2,6303.74,2305.26,12.8
10.729,46,10,2000,2000,1.2,-0.374258,0,1,1,96,0.2,1,40,2,4807.8,2893.83,19.48
10.7297,47,39,5644.37,3685.79,11.52,-1.83157,0,0,0,0,0,1,40,0,6194.89,2347.83,20.73
10.7348,54,5,6079.85,2392.9,5.98,2.76915,0,0,0,0,0,1,40,0,5513.21,3170.81,14.24
10.7384,59,17,5015.57,2812.31,2.62,2.76676,0,0,0,0,0,1,40,0,6016.98,2413.79,0
10.7435,66,5,6228.55,2334.64,17.8,2.76829,0,0,0,0,0,1,40,0,4501.23,3014.1,3.81
10.7464,70,26,2000,2000,3.34,-1.83758,0,1,0,64,0.05,1,40,2,4988.08,2822.58,1.08
10.7471,71,18,2000,2000,3.45,-0.394567,0,1,0,64,0.05,1,40,2,5649.49,3705,9.2
10.7478,72,22,4501.22,3014.11,3.81,2.76839,0,0,0,0,0,1,40,0,5364.82,2674.43,0
10.7486,73,19,2000,2000,3.76,-2.01305,0,1,1,32,0.15,1,40,2,5364.38,2671.16,10.54
10.7587,87,19,2000,2000,12.49,-2.0126,0,1,1,32,0.15,1,40,2,5417.78,2820.61,0.73
10.7609,90,19,2000,2000,2.66,1.30486,0,1,1,32,0.15,1,40,2,5384.45,2750.26,10.27
10.763,93,19,2000,2000,0.73,1.13165,0,1,1,32,0.15,1,40,2,5682.63,3810.83,0.05
10.7652,96,19,2000,2000,10.27,1.12805,0,1,1,32,0.15,1,40,2,5630.63,2566.25,0
10.7746,109,37,2000,2000,13.26,-1.83169,0,1,0,0,0,1,40,2,5132.84,2762.85,16.09
10.7761,111,19,2000,2000,7.38,-0.377488,0,1,1,32,0.15,1,40,2,5548.55,2599.01,0.17
10.7783,114,10,2000,2000,0,0,0,1,1,32,0.15,1,40,2,5592.67,3491.97,13.2
10.7804,117,10,2000,2000,0.17,-0.360587,0,1,1,32,0.15,1,40,2,5586.87,3470.26,12.23
10.7841,122,19,2000,2000,0,0,0,1,1,96,0.2,1,40,2,5457.59,2966.05,9.35
10.7848,123,37,2000,2000,12.23,-1.83124,0,1,0,64,0.05,1,40,2,5464.45,2990.37,3.37
10.7855,124,19,2000,2000,8.04,-0.378427,0,1,1,96,0.2,1,40,2,5421.81,2829.1,1.34
10.7862,125,19,2000,2000,5.44,-1.90712,0,1,1,96,0.2,1,40,2,5979.67,2427.77,4.64
10.7884,128,27,5457.58,2966.01,9.35,-1.83808,0,0,0,0,0,1,40,0,5687.64,3824.82,0
10.792,133,10,2000,2000,8.91,2.74379,0,1,1,32,0.15,1,40,2,5365.79,2718.34,0.01
10.7957,138,19,2000,2000,5.68,1.12842,0,1,1,32,0.15,1,40,2,0,0,0
10.7971,140,17,5033.89,2805.12,1.46,2.76999,0,0,0,0,0,1,40,0,0,0,0
10.8022,9,10,2000,2000,0,0,0,1,1,32,0.15,1,40,2,5581.33,2586.44,0
10.8087,18,10,2000,2000,13.95,-0.37119,0,1,1,32,0.15,1,40,2,5385.28,2666.31,0
10.8101,20,11,5661.61,2555.29,0,0,0,0,0,0,0,1,40,0,5362.79,2712.01,0
10.8196,33,27,5464.99,2980.93,6.18,1.30228,0,0,0,0,0,1,40,0,5872.36,2470.29,19.09
10.8283,45,18,2000,2000,0.32,2.78952,0,1,0,64,0.05,1,40,2,6302.55,2305.72,12.8
10.829,46,10,2000,2000,1.2,-0.374258,0,1,1,96,0.2,1,40,2,4805.99,2894.54,19.48
10.8297,47,39,5644.08,3684.67,11.52,-1.83157,0,0,0,0,0,1,40,0,6192.96,2348.59,20.73
10.8348,54,5,6079.29,2393.12,5.98,2.76915,0,0,0,0,0,1,40,0,5513.56,3172.19,14.24
10.8384,59,17,5015.33,2812.4,2.62,2.76676,0,0,0,0,0,1,40,0,6016.98,2413.79,0
10.8435,66,5,6226.9,2335.29,17.8,2.76829,0,0,0,0,0,1,40,0,4500.88,3014.24,3.81
10.8464,70,26,2000,2000,3.34,-1.83758,0,1,0,64,0.05,1,40,2,4987.97,2822.55,1.08
10.8471,71,18,2000,2000,3.45,-0.394567,0,1,0,64,0.05,1,40,2,5649.25,3704.11,9.2
10.8478,72,22,4500.86,3014.25,3.81,2.76839,0,0,0,0,0,1,40,0,5364.82,2674.43,0
10.8486,73,19,2000,2000,3.76,-2.01305,0,1,1,32,0.15,1,40,2,5365.36,2670.77,10.54
10.8587,87,19,2000,2000,12.49,-2.0126,0,1,1,32,0.15,1,40,2,5417.81,2820.68,0.73
10.8609,90,19,2000,2000,2.66,1.30486,0,1,1,32,0.15,1,40,2,5384.89,2751.18,10.27
10.863,93,19,2000,2000,0.73,1.13165,0,1,1,32,0.15,1,40,2,5682.63,3810.84,0.05
10.8652,96,19,2000,2000,10.27,1.12805,0,1,1,32,0.15,1,40,2,5630.63,2566.25,0
10.8746,109,37,2000,2000,13.26,-1.83169,0,1,0,0,0,1,40,2,5134.34,2762.27,16.09
10.8761,111,19,2000,2000,7.38,-0.377488,0,1,1,32,0.15,1,40,2,5548.57,2599,0.17
10.8783,114,10,2000,2000,0,0,0,1,1,32,0.15,1,40,2,5592.33,3490.69,13.2
10.8804,117,10,2000,2000,0.17,-0.360587,0,1,1,32,0.15,1,40,2,5586.56,3469.08,12.23
10.8841,122,19,2000,2000,0,0,0,1,1,96,0.2,1,40,2,5457.35,2965.15,9.35
10.8848,123,37,2000,2000,12.23,-1.83124,0,1,0,64,0.05,1,40,2,5464.22,2990.19,0
10.8855,124,19,2000,2000,8.04,-0.378427,0,1,1,96,0.2,1,40,2,5421.86,2829.22,1.34
10.8862,125,19,2000,2000,5.44,-1.90712,0,1,1,96,0.2,1,40,2,5980.1,2427.6,4.64
10.8884,128,27,5457.34,2965.11,9.35,-1.83808,0,0,0,0,0,1,40,0,5687.64,3824.82,0
10.892,133,10,2000,2000,8.91,2.74379,0,1,1,32,0.15,1,40,2,5365.79,2718.34,0.01
10.8957,138,19,2000,2000,5.68,1.12842,0,1,1,32,0.15,1,40,2,0,0,0
10.8971,140,17,5033.75,2805.17,1.46,2.76999,0,0,0,0,0,1,40,0,0,0,0
10.9022,9,10,2000,2000,0,0,0,1,1,32,0.15,1,40,2,5581.33,2586.44,0
10.9087,18,10,2000,2000,13.95,-0.37119,0,1,1,32,0.15,1,40,2,5385.28,2666.31,0
10.9101,20,11,5661.61,2555.29,0,0,0,0,0,0,0,1,40,0,5362.79,2712.01,0
10.9196,33,27,5465.16,2981.53,6.18,1.30228,0,0,0,0,0,1,40,0,5874.14,2469.59,19.09
10.9283,45,18,2000,2000,0.32,2.78952,0,1,0,64,0.05,1,40,2,6301.35,2306.19,12.8
10.929,46,10,2000,2000,1.2,-0.374258,0,1,1,96,0.2,1,40,2,4804.17,2895.26,19.48
10.9297,47,39,5643.78,3683.56,11.52,-1.83157,0,0,0,0,0,1,40,0,6191.03,2349.34,20.73
10.9348,54,5,6078.73,2393.33,5.98,2.76915,0,0,0,0,0,1,40,0,5513.91,3173.57,14.24
10.9384,59,17,5015.09,2812.5,2.62,2.76676,0,0,0,0,0,1,40,0,6016.98,2413.79,0
10.9435,66,5,6225.24,2335.94,17.8,2.76829,0,0,0,0,0,1,40,0,4500.52,3014.38,3.81
10.9464,70,26,2000,2000,3.34,-1.83758,0,1,0,64,0.05,1,40,2,4987.87,2822.53,1.08
10.9471,71,18,2000,2000,3.45,-0.394567,0,1,0,64,0.05,1,40,2,5649.02,3703.22,9.2
10.9478,72,22,4500.51,3014.39,3.81,2.76839,0,0,0,0,0,1,40,0,5364.82,2674.43,0
10.9486,73,19,2000,2000,3.76,-2.01305,0,1,1,32,0.15,1,40,2,5366.34,2670.39,10.54
10.9587,87,19,2000,2000,12.49,-2.0126,0,1,1,32,0.15,1,40,2,5417.84,2820.75,0.73
10.9609,90,19,2000,2000,2.66,1.30486,0,1,1,32,0.15,1,40,2,5385.33,2752.11,10.27
10.963,93,19,2000,2000,0.73,1.13165,0,1,1,32,0.15,1,40,2,5682.63,3810.84,0.05
10.9652,96,19,2000,2000,10.27,1.12805,0,1,1,32,0.15,1,40,2,5630.63,2566.25,0
10.9746,109,37,2000,2000,13.26,-1.83169,0,1,0,0,0,1,40,2,5135.84,2761.68,16.09
10.9761,111,19,2000,2000,7.38,-0.377488,0,1,1,32,0.15,1,40,2,5548.58,2599,0.17
10.9783,114,10,2000,2000,0,0,0,1,1,32,0.15,1,40,2,5591.99,3489.42,13.2
10.9804,117,10,2000,2000,0.17,-0.360587,0,1,1,32,0.15,1,40,2,5586.24,3467.89,12.23
10.9841,122,19,2000,2000,0,0,0,1,1,96,0.2,1,40,2,5457.1,2964.25,9.35
10.9848,123,37,2000,2000,12.23,-1.83124,0,1,0,64,0.05,1,40,2,5464.22,2990.19,0
10.9855,124,19,2000,2000,8.04,-0.378427,0,1,1,96,0.2,1,40,2,5421.92,2829.34,1.34
10.9862,125,19,2000,2000,5.44,-1.90712,0,1,1,96,0.2,1,40,2,5980.53,2427.43,4.64
10.9884,128,27,5457.09,2964.21,9.35,-1.83808,0,0,0,0,0,1,40,0,5687.64,3824.82,0
10.992,133,10,2000,2000,8.91,2.74379,0,1,1,32,0.15,1,40,2,5365.79,2718.34,0.01
10.9957,138,19,2000,2000,5.68,1.12842,0,1,1,32,0.15,1,40,2,0,0,0
10.9971,140,17,5033.62,2805.23,1.46,2.76999,0,0,0,0,0,1,40,0,0,0,0
11.0022,9,10,2000,2000,0,0,0,1,1,32,0.15,1,40,2,5581.33,2586.44,0
11.0087,18,10,2000,2000,14.61,-0.369581,6.6,1,1,36,0.25,1,40,2,5385.28,2666.31,0
11.0101,20,11,5661.61,2555.29,0,0,0,0,0,0,0,1,40,0,5362.79,2712.01,0
11.0196,33,27,5465.31,2982.1,4.62,1.30321,-15.6,0,1,4,0.1,1,40,0,5875.93,2468.88,20.22
11.0283,45,18,2000,2000,0.03,2.58575,-2.9,1,1,66,0.15,1,40,2,6300.14,2306.66,13.71
11.029,46,10,2000,2000,1.33,-0.369399,1.3,1,1,96,0.2,1,40,2,4802.35,2895.97,19.91
11.0297,47,39,5643.48,3682.43,12.24,-1.83203,7.2,0,1,4,0.1,1,40,0,6189.12,2350.09,20.09
11.0348,54,5,6078.17,2393.56,6.3,2.76816,3.2,0,0,0,0,1,40,0,5514.26,3174.95,14.26
11.0384,59,17,5014.81,2812.61,3.47,2.76697,8.5,0,1,4,0.1,1,40,0,6016.98,2413.79,0
11.0435,66,5,6223.51,2336.62,19.5,2.76842,17,0,1,4,0.1,1,40,0,4500.21,3014.49,2.67
11.0464,70,26,2000,2000,5.43,-1.83898,20.9,1,1,68,0.15,1,40,2,4987.81,2822.52,0.1
11.0471,71,18,2000,2000,5.81,-0.379546,23.6,1,1,68,0.15,1,40,2,5648.75,3702.22,11.61
11.0478,72,22,4500.2,3014.5,2.67,2.84751,-11.4,0,1,6,0.2,1,40,0,5364.82,2674.43,0
11.0486,73,19,2000,2000,0.94,-2.01067,-28.2,1,1,36,0.25,1,40,2,5367.39,2669.97,12.06
11.0587,87,19,2000,2000,9.48,-2.01367,-30.1,1,1,36,0.25,1,40,2,5417.89,2820.84,1.18
11.0609,90,19,2000,2000,2.9,1.47299,2.4,1,1,34,0.25,1,40,2,5385.8,2753.11,11.47
11.063,93,19,2000,2000,1.18,1.12605,4.5,1,1,4,0.1,1,40,2,5682.63,3810.85,0.03
11.0652,96,19,2000,2000,11.47,1.12821,12,1,1,4,0.1,1,40,2,5630.63,2566.25,0
11.0746,109,37,2000,2000,13.53,-1.83102,2.7,1,0,0,0,1,40,2,5137.41,2761.06,17.14
11.0761,111,19,2000,2000,8.39,-0.377854,10.1,1,1,4,0.1,1,40,2,5548.59,2598.99,0.05
11.0783,114,10,2000,2000,0,0,0,1,1,32,0.15,1,40,2,5591.67,3488.23,12.04
11.0804,117,10,2000,2000,0.05,-0.27144,-1.2,1,1,2,0.1,1,40,2,5585.93,3466.71,12.29
11.0841,122,19,2000,2000,0,0,0,1,1,96,0.2,1,40,2,5456.81,2963.2,11.16
11.0848,123,37,2000,2000,12.29,-1.83156,0.6,1,0,64,0.05,1,40,2,5464.09,2989.71,5.87
11.0855,124,19,2000,2000,7.41,-0.379002,-6.3,1,1,100,0.3,1,40,2,5422.02,2829.56,2.6
11.0862,125,19,2000,2000,7.42,-2.01272,19.8,1,1,102,0.4,1,40,2,5980.68,2427.37,1.11
11.0884,128,27,5456.8,2963.15,11.16,-1.83838,18.1,0,1,4,0.1,1,40,0,5687.64,3824.82,0
11.092,133,10,2000,2000,8.27,2.7402,-6.4,1,1,4,0.1,1,40,2,5365.79,2718.34,0
11.0957,138,19,2000,2000,1.98,1.12747,-37,1,1,36,0.25,1,40,2,0,0,0
11.0971,140,17,5033.42,2805.31,2.18,2.7662,7.2,0,1,4,0.1,1,40,0,0,0,0
11.1022,9,10,2000,2000,0,0,0,1,0,0,0,1,40,2,5581.33,2586.44,0
11.1087,18,10,2000,2000,14.61,-0.369581,0,1,1,32,0.15,1,40,2,5385.28,2666.31,0
11.1101,20,11,5661.61,2555.29,0,0,0,0,0,0,0,1,40,0,5362.79,2712.01,0
11.1196,33,27,5465.43,2982.54,4.62,1.30321,0,0,0,0,0,1,40,0,5877.81,2468.13,20.22
11.1283,45,18,2000,2000,0.03,2.58575,0,1,0,64,0.05,1,40,2,6298.86,2307.16,13.71
11.129,46,10,2000,2000,1.33,-0.369399,0,1,1,96,0.2,1,40,2,4800.49,2896.7,19.91
11.1297,47,39,5643.16,3681.25,12.24,-1.83203,0,0,0,0,0,1,40,0,6187.25,2350.83,20.09
11.1348,54,5,6077.58,2393.79,6.3,2.76816,0,0,0,0,0,1,40,0,5514.61,3176.34,14.26
11.1384,59,17,5014.49,2812.73,3.47,2.76697,0,0,0,0,0,1,40,0,6016.98,2413.79,0
11.1435,66,5,6221.7,2337.33,19.5,2.76842,0,0,0,0,0,1,40,0,4499.96,3014.57,2.67
11.1464,70,26,2000,2000,5.43,-1.83898,0,1,0,64,0.05,1,40,2,4987.8,2822.52,0.1
11.1471,71,18,2000,2000,5.81,-0.379546,0,1,0,64,0.05,1,40,2,5648.45,3701.1,11.61
11.1478,72,22,4499.94,3014.57,2.67,2.84751,0,0,0,0,0,1,40,0,5364.82,2674.43,0
11.1486,73,19,2000,2000,0.94,-2.01067,0,1,1,32,0.15,1,40,2,5368.51,2669.53,12.06
11.1587,87,19,2000,2000,9.48,-2.01367,0,1,1,32,0.15,1,40,2,5417.94,2820.94,1.18
11.1609,90,19,2000,2000,2.9,1.47299,0,1,1,32,0.15,1,40,2,5386.29,2754.14,11.47
11.163,93,19,2000,2000,1.18,1.12605,0,1,1,32,0.15,1,40,2,5682.64,3810.85,0.03
11.1652,96,19,2000,2000,11.47,1.12821,0,1,1,32,0.15,1,40,2,5630.63,2566.25,0
11.1746,109,37,2000,2000,13.53,-1.83102,0,1,0,0,0,1,40,2,5139,2760.44,17.14
11.1761,111,19,2000,2000,8.39,-0.377854,0,1,1,32,0.15,1,40,2,5548.6,2598.99,0.05
11.1783,114,10,2000,2000,0,0,0,1,1,32,0.15,1,40,2,5591.36,3487.07,12.04
11.1804,117,10,2000,2000,0.05,-0.27144,0,1,1,32,0.15,1,40,2,5585.61,3465.52,12.29
11.1841,122,19,2000,2000,0,0,0,1,1,96,0.2,1,40,2,5456.52,2962.12,11.16
11.1848,123,37,2000,2000,12.29,-1.83156,0,1,0,64,0.05,1,40,2,5463.93,2989.14,5.87
11.1855,124,19,2000,2000,7.41,-0.379002,0,1,1,96,0.2,1,40,2,5422.13,2829.79,2.6
11.1862,125,19,2000,2000,7.42,-2.01272,0,1,1,96,0.2,1,40,2,5980.78,2427.33,1.11
11.1884,128,27,5456.51,2962.08,11.16,-1.83838,0,0,0,0,0,1,40,0,5687.64,3824.82,0
11.192,133,10,2000,2000,8.27,2.7402,0,1,1,32,0.15,1,40,2,5365.79,2718.34,0
11.1957,138,19,2000,2000,1.98,1.12747,0,1,1,32,0.15,1,40,2,0,0,0
11.1971,140,17,5033.21,2805.39,2.18,2.7662,0,0,0,0,0,1,40,0,0,0,0
11.2022,9,10,2000,2000,0,0,0,1,1,32,0.15,1,40,2,5581.33,2586.44,0
11.2087,18,10,2000,2000,14.61,-0.369581,0,1,1,32,0.15,1,40,2,5385.28,2666.31,0
11.2101,20,11,5661.61,2555.29,0,0,0,0,0,0,0,1,40,0,5362.79,2712.01,0
11.2196,33,27,5465.56,2982.99,4.62,1.30321,0,0,0,0,0,1,40,0,5879.69,2467.39,20.22
11.2283,45,18,2000,2000,0.03,2.58575,0,1,0,64,0.05,1,40,2,6297.58,2307.66,13.71
11.229,46,10,2000,2000,1.33,-0.369399,0,1,1,96,0.2,1,40,2,4798.64,2897.43,19.91
11.2297,47,39,5642.84,3680.06,12.24,-1.83203,0,0,0,0,0,1,40,0,6185.38,2351.56,20.09
11.2348,54,5,6076.99,2394.02,6.3,2.76816,0,0,0,0,0,1,40,0,5514.96,3177.72,14.26
11.2384,59,17,5014.17,2812.86,3.47,2.76697,0,0,0,0,0,1,40,0,6016.98,2413.79,0
11.2435,66,5,6219.88,2338.04,19.5,2.76842,0,0,0,0,0,1,40,0,4499.7,3014.65,2.67
11.2464,70,26,2000,2000,5.43,-1.83898,0,1,0,64,0.05,1,40,2,4987.79,2822.52,0.1
11.2471,71,18,2000,2000,5.81,-0.379546,0,1,0,64,0.05,1,40,2,5648.15,3699.98,11.61
11.2478,72,22,4499.69,3014.65,2.67,2.84751,0,0,0,0,0,1,40,0,5364.82,2674.43,0
11.2486,73,19,2000,2000,0.94,-2.01067,0,1,1,32,0.15,1,40,2,5369.63,2669.08,12.06
11.2587,87,19,2000,2000,9.48,-2.01367,0,1,1,32,0.15,1,40,2,5417.99,2821.05,1.18
11.2609,90,19,2000,2000,2.9,1.47299,0,1,1,32,0.15,1,40,2,5386.78,2755.18,11.47
11.263,93,19,2000,2000,1.18,1.12605,0,1,1,32,0.15,1,40,2,5682.64,3810.85,0.03
11.2652,96,19,2000,2000,11.47,1.12821,0,1,1,32,0.15,1,40,2,5630.63,2566.25,0
11.2746,109,37,2000,2000,13.53,-1.83102,0,1,0,0,0,1,40,2,5140.6,2759.82,17.14
11.2761,111,19,2000,2000,8.39,-0.377854,0,1,1,32,0.15,1,40,2,5548.6,2598.99,0.05
11.2783,114,10,2000,2000,0,0,0,1,1,32,0.15,1,40,2,5591.05,3485.9,12.04
11.2804,117,10,2000,2000,0.05,-0.27144,0,1,1,32,0.15,1,40,2,5585.29,3464.33,12.29
11.2841,122,19,2000,2000,0,0,0,1,1,96,0.2,1,40,2,5456.22,2961.05,11.16
11.2848,123,37,2000,2000,12.29,-1.83156,0,1,0,64,0.05,1,40,2,5463.78,2988.58,5.87
11.2855,124,19,2000,2000,7.41,-0.379002,0,1,1,96,0.2,1,40,2,5422.25,2830.03,2.6
11.2862,125,19,2000,2000,7.42,-2.01272,0,1,1,96,0.2,1,40,2,5980.89,2427.29,1.11
11.2884,128,27,5456.21,2961,11.16,-1.83838,0,0,0,0,0,1,40,0,5687.64,3824.82,0
11.292,133,10,2000,2000,8.27,2.7402,0,1,1,32,0.15,1,40,2,5365.79,2718.34,0
11.2957,138,19,2000,2000,1.98,1.12747,0,1,1,32,0.15,1,40,2,0,0,0
11.2971,140,17,5033.01,2805.47,2.18,2.7662,0,0,0,0,0,1,40,0,0,0,0
11.3022,9,10,2000,2000,0,0,0,1,1,32,0.15,1,40,2,5581.33,2586.44,0
11.3087,18,10,2000,2000,14.61,-0.369581,0,1,1,32,0.15,1,40,2,5385.28,2666.31,0
11.3101,20,11,5661.61,2555.29,0,0,0,0,0,0,0,1,40,0,5362.79,2712.01,0
11.3196,33,27,5465.68,2983.43,4.62,1.30321,0,0,0,0,0,1,40,0,5881.57,2466.64,20.22
11.3283,45,18,2000,2000,0.03,2.58575,0,1,0,64,0.05,1,40,2,6296.31,2308.16,13.71
11.329,46,10,2000,2000,1.33,-0.369399,0,1,1,96,0.2,1,40,2,4796.78,2898.15,19.91
11.3297,47,39,5642.53,3678.88,12.24,-1.83203,0,0,0,0,0,1,40,0,6183.51,2352.29,20.09
11.3348,54,5,6076.41,2394.25,6.3,2.76816,0,0,0,0,0,1,40,0,5515.3,3179.1,14.26
11.3384,59,17,5013.84,2812.99,3.47,2.76697,0,0,0,0,0,1,40,0,6016.98,2413.79,0
11.3435,66,5,6218.06,2338.75,19.5,2.76842,0,0,0,0,0,1,40,0,4499.44,3014.73,2.67
11.3464,70,26,2000,2000,5.43,-1.83898,0,1,0,64,0.05,1,40,2,4987.78,2822.51,0.1
11.3471,71,18,2000,2000,5.81,-0.379546,0,1,0,64,0.05,1,40,2,5647.85,3698.86,11.61
11.3478,72,22,4499.43,3014.73,2.67,2.84751,0,0,0,0,0,1,40,0,5364.82,2674.43,0
11.3486,73,19,2000,2000,0.94,-2.01067,0,1,1,32,0.15,1,40,2,5370.75,2668.64,12.06
11.3587,87,19,2000,2000,9.48,-2.01367,0,1,1,32,0.15,1,40,2,5418.04,2821.16,1.18
11.3609,90,19,2000,2000,2.9,1.47299,0,1,1,32,0.15,1,40,2,5387.28,2756.21,11.47
11.363,93,19,2000,2000,1.18,1.12605,0,1,1,32,0.15,1,40,2,5682.64,3810.85,0.03
11.3652,96,19,2000,2000,11.47,1.12821,0,1,1,32,0.15,1,40,2,5630.63,2566.25,0
11.3746,109,37,2000,2000,13.53,-1.83102,0,1,0,0,0,1,40,2,5142.2,2759.19,17.14
11.3761,111,19,2000,2000,8.39,-0.377854,0,1,1,32,0.15,1,40,2,5548.61,2598.99,0.05
11.3783,114,10,2000,2000,0,0,0,1,1,32,0.15,1,40,2,5590.74,3484.74,12.04
11.3804,117,10,2000,2000,0.05,-0.27144,0,1,1,32,0.15,1,40,2,5584.98,3463.15,12.29
11.3841,122,19,2000,2000,0,0,0,1,1,96,0.2,1,40,2,5455.93,2959.97,11.16
11.3848,123,37,2000,2000,12.29,-1.83156,0,1,0,64,0.05,1,40,2,5463.62,2988.01,5.87
11.3855,124,19,2000,2000,7.41,-0.379002,0,1,1,96,0.2,1,40,2,5422.36,2830.26,2.6
11.3862,125,19,2000,2000,7.42,-2.01272,0,1,1,96,0.2,1,40,2,5980.99,2427.25,1.11
11.3884,128,27,5455.92,2959.92,11.16,-1.83838,0,0,0,0,0,1,40,0,5687.64,3824.82,0
11.392,133,10,2000,2000,8.27,2.7402,0,1,1,32,0.15,1,40,2,5365.79,2718.34,0
11.3957,138,19,2000,2000,1.98,1.12747,0,1,1,32,0.15,1,40,2,0,0,0
11.3971,140,17,5032.81,2805.55,2.18,2.7662,0,0,0,0,0,1,40,0,0,0,0
11.4022,9,10,2000,2000,0,0,0,1,1,32,0.15,1,40,2,5581.33,2586.44,0
11.4087,18,10,2000,2000,14.61,-0.369581,0,1,1,32,0.15,1,40,2,5385.28,2666.31,0
11.4101,20,11,5661.61,2555.29,0,0,0,0,0,0,0,1,40,0,5362.79,2712.01,0
11.4196,33,27,5465.8,2983.88,4.62,1.30321,0,0,0,0,0,1,40,0,5883.45,2465.9,20.22
11.4283,45,18,2000,2000,0.03,2.58575,0,1,0,64,0.05,1,40,2,6295.03,2308.66,13.71
11.429,46,10,2000,2000,1.33,-0.369399,0,1,1,96,0.2,1,40,2,4794.93,2898.88,19.91
11.4297,47,39,5642.21,3677.7,12.24,-1.83203,0,0,0,0,0,1,40,0,6181.64,2353.03,20.09
11.4348,54,5,6075.82,2394.48,6.3,2.76816,0,0,0,0,0,1,40,0,5515.65,3180.49,14.26
11.4384,59,17,5013.52,2813.11,3.47,2.76697,0,0,0,0,0,1,40,0,6016.98,2413.79,0
11.4435,66,5,6216.25,2339.46,19.5,2.76842,0,0,0,0,0,1,40,0,4499.19,3014.8,2.67
11.4464,70,26,2000,2000,5.43,-1.83898,0,1,0,64,0.05,1,40,2,4987.77,2822.51,0.1
11.4471,71,18,2000,2000,5.81,-0.379546,0,1,0,64,0.05,1,40,2,5647.55,3697.73,11.61
11.4478,72,22,4499.18,3014.81,2.67,2.84751,0,0,0,0,0,1,40,0,5364.82,2674.43,0
11.4486,73,19,2000,2000,0.94,-2.01067,0,1,1,32,0.15,1,40,2,5371.87,2668.19,12.06
11.4587,87,19,2000,2000,9.48,-2.01367,0,1,1,32,0.15,1,40,2,5418.09,2821.26,1.18
11.4609,90,19,2000,2000,2.9,1.47299,0,1,1,32,0.15,1,40,2,5387.77,2757.25,11.47
11.463,93,19,2000,2000,1.18,1.12605,0,1,1,32,0.15,1,40,2,5682.64,3810.86,0.03
11.4652,96,19,2000,2000,11.47,1.12821,0,1,1,32,0.15,1,40,2,5630.63,2566.25,0
11.4746,109,37,2000,2000,13.53,-1.83102,0,1,0,0,0,1,40,2,5143.79,2758.57,17.14
11.4761,111,19,2000,2000,8.39,-0.377854,0,1,1,32,0.15,1,40,2,5548.61,2598.99,0.05
11.4783,114,10,2000,2000,0,0,0,1,1,32,0.15,1,40,2,5590.42,3483.58,12.04
11.4804,117,10,2000,2000,0.05,-0.27144,0,1,1,32,0.15,1,40,2,5584.66,3461.96,12.29
11.4841,122,19,2000,2000,0,0,0,1,1,96,0.2,1,40,2,5455.63,2958.89,11.16
11.4848,123,37,2000,2000,12.29,-1.83156,0,1,0,64,0.05,1,40,2,5463.47,2987.45,5.87
11.4855,124,19,2000,2000,7.41,-0.379002,0,1,1,96,0.2,1,40,2,5422.47,2830.5,2.6
11.4862,125,19,2000,2000,7.42,-2.01272,0,1,1,96,0.2,1,40,2,5981.09,2427.21,1.11
11.4884,128,27,5455.62,2958.85,11.16,-1.83838,0,0,0,0,0,1,40,0,5687.64,3824.82,0
11.492,133,10,2000,2000,8.27,2.7402,0,1,1,32,0.15,1,40,2,5365.79,2718.34,0
11.4957,138,19,2000,2000,1.98,1.12747,0,1,1,32,0.15,1,40,2,0,0,0
11.4971,140,17,5032.61,2805.63,2.18,2.7662,0,0,0,0,0,1,40,0,0,0,0
11.5022,9,10,2000,2000,0,0,0,1,1,32,0.15,1,40,2,5581.33,2586.44,0
11.5087,18,10,2000,2000,14.61,-0.369581,0,1,1,32,0.15,1,40,2,5385.28,2666.31,0
11.5101,20,11,5661.61,2555.29,0,0,0,0,0,0,0,1,40,0,5362.79,2712.01,0
11.5196,33,27,5465.92,2984.32,4.62,1.30321,0,0,0,0,0,1,40,0,5885.33,2465.15,20.22
11.5283,45,18,2000,2000,0.03,2.58575,0,1,0,64,0.05,1,40,2,6293.75,2309.15,13.71
11.529,46,10,2000,2000,1.33,-0.369399,0,1,1,96,0.2,1,40,2,4793.08,2899.6,19.91
11.5297,47,39,5641.9,3676.52,12.24,-1.83203,0,0,0,0,0,1,40,0,6179.77,2353.76,20.09
11.5348,54,5,6075.23,2394.71,6.3,2.76816,0,0,0,0,0,1,40,0,5516,3181.87,14.26
11.5384,59,17,5013.2,2813.24,3.47,2.76697,0,0,0,0,0,1,40,0,6016.98,2413.79,0
11.5435,66,5,6214.43,2340.17,19.5,2.76842,0,0,0,0,0,1,40,0,4498.93,3014.88,2.67
11.5464,70,26,2000,2000,5.43,-1.83898,0,1,0,64,0.05,1,40,2,4987.76,2822.51,0.1
11.5471,71,18,2000,2000,5.81,-0.379546,0,1,0,64,0.05,1,40,2,5647.25,3696.61,11.61
11.5478,72,22,4498.92,3014.88,2.67,2.84751,0,0,0,0,0,1,40,0,5364.82,2674.43,0
11.5486,73,19,2000,2000,0.94,-2.01067,0,1,1,32,0.15,1,40,2,5372.99,2667.75,12.06
11.5587,87,19,2000,2000,9.48,-2.01367,0,1,1,32,0.15,1,40,2,5418.14,2821.37,1.18
11.5609,90,19,2000,2000,2.9,1.47299,0,1,1,32,0.15,1,40,2,5388.26,2758.29,11.47
11.563,93,19,2000,2000,1.18,1.12605,0,1,1,32,0.15,1,40,2,5682.64,3810.86,0.03
11.5652,96,19,2000,2000,11.47,1.12821,0,1,1,32,0.15,1,40,2,5630.63,2566.25,0
11.5746,109,37,2000,2000,13.53,-1.83102,0,1,0,0,0,1,40,2,5145.39,2757.94,17.14
11.5761,111,19,2000,2000,8.39,-0.377854,0,1,1,32,0.15,1,40,2,5548.62,2598.99,0.05
11.5783,114,10,2000,2000,0,0,0,1,1,32,0.15,1,40,2,5590.11,3482.41,12.04
11.5804,117,10,2000,2000,0.05,-0.27144,0,1,1,32,0.15,1,40,2,5584.34,3460.77,12.29
11.5841,122,19,2000,2000,0,0,0,1,1,96,0.2,1,40,2,5455.34,2957.82,11.16
11.5848,123,37,2000,2000,12.29,-1.83156,0,1,0,64,0.05,1,40,2,5463.31,2986.88,5.87
11.5855,124,19,2000,2000,7.41,-0.379002,0,1,1,96,0.2,1,40,2,5422.58,2830.73,2.6
11.5862,125,19,2000,2000,7.42,-2.01272,0,1,1,96,0.2,1,40,2,5981.19,2427.17,1.11
11.5884,128,27,5455.33,2957.77,11.16,-1.83838,0,0,0,0,0,1,40,0,5687.64,3824.82,0
11.592,133,10,2000,2000,8.27,2.7402,0,1,1,32,0.15,1,40,2,5365.79,2718.34,0
11.5957,138,19,2000,2000,1.98,1.12747,0,1,1,32,0.15,1,40,2,0,0,0
11.5971,140,17,5032.4,2805.71,2.18,2.7662,0,0,0,0,0,1,40,0,0,0,0
11.6022,9,10,2000,2000,0,0,0,1,1,32,0.15,1,40,2,5581.33,2586.44,0
11.6087,18,10,2000,2000,14.61,-0.369581,0,1,1,32,0.15,1,40,2,5385.28,2666.31,0
11.6101,20,11,5661.61,2555.29,0,0,0,0,0,0,0,1,40,0,5362.79,2712.01,0
11.6196,33,27,5466.04,2984.77,4.62,1.30321,0,0,0,0,0,1,40,0,5887.21,2464.4,20.22
11.6283,45,18,2000,2000,0.03,2.58575,0,1,0,64,0.05,1,40,2,6292.48,2309.65,13.71
11.629,46,10,2000,2000,1.33,-0.369399,0,1,1,96,0.2,1,40,2,4791.22,2900.33,19.91
11.6297,47,39,5641.58,3675.33,12.24,-1.83203,0,0,0,0,0,1,40,0,6177.9,2354.49,20.09
11.6348,54,5,6074.65,2394.94,6.3,2.76816,0,0,0,0,0,1,40,0,5516.35,3183.25,14.26
11.6384,59,17,5012.87,2813.37,3.47,2.76697,0,0,0,0,0,1,40,0,6016.98,2413.79,0
11.6435,66,5,6212.62,2340.88,19.5,2.76842,0,0,0,0,0,1,40,0,4498.68,3014.96,2.67
11.6464,70,26,2000,2000,5.43,-1.83898,0,1,0,64,0.05,1,40,2,4987.75,2822.51,0.1
11.6471,71,18,2000,2000,5.81,-0.379546,0,1,0,64,0.05,1,40,2,5646.96,3695.49,11.61
11.6478,72,22,4498.67,3014.96,2.67,2.84751,0,0,0,0,0,1,40,0,5364.82,2674.43,0
11.6486,73,19,2000,2000,0.94,-2.01067,0,1,1,32,0.15,1,40,2,5374.11,2667.3,12.06
11.6587,87,19,2000,2000,9.48,-2.01367,0,1,1,32,0.15,1,40,2,5418.19,2821.48,1.18
11.6609,90,19,2000,2000,2.9,1.47299,0,1,1,32,0.15,1,40,2,5388.75,2759.32,11.47
11.663,93,19,2000,2000,1.18,1.12605,0,1,1,32,0.15,1,40,2,5682.64,3810.86,0.03
11.6652,96,19,2000,2000,11.47,1.12821,0,1,1,32,0.15,1,40,2,5630.63,2566.25,0
11.6746,109,37,2000,2000,13.53,-1.83102,0,1,0,0,0,1,40,2,5146.98,2757.32,17.14
11.6761,111,19,2000,2000,8.39,-0.377854,0,1,1,32,0.15,1,40,2,5548.62,2598.99,0.05
11.6783,114,10,2000,2000,0,0,0,1,1,32,0.15,1,40,2,5589.8,3481.25,12.04
11.6804,117,10,2000,2000,0.05,-0.27144,0,1,1,32,0.15,1,40,2,5584.02,3459.58,12.29
11.6841,122,19,2000,2000,0,0,0,1,1,96,0.2,1,40,2,5455.04,2956.74,11.16
11.6848,123,37,2000,2000,12.29,-1.83156,0,1,0,64,0.05,1,40,2,5463.16,2986.31,5.87
11.6855,124,19,2000,2000,7.41,-0.379002,0,1,1,96,0.2,1,40,2,5422.69,2830.97,2.6
11.6862,125,19,2000,2000,7.42,-2.01272,0,1,1,96,0.2,1,40,2,5981.3,2427.13,1.11
11.6884,128,27,5455.03,2956.7,11.16,-1.83838,0,0,0,0,0,1,40,0,5687.64,3824.82,0
11.692,133,10,2000,2000,8.27,2.7402,0,1,1,32,0.15,1,40,2,5365.79,2718.34,0
11.6957,138,19,2000,2000,1.98,1.12747,0,1,1,32,0.15,1,40,2,0,0,0
11.6971,140,17,5032.2,2805.79,2.18,2.7662,0,0,0,0,0,1,40,0,0,0,0
11.7022,9,10,2000,2000,0,0,0,1,1,32,0.15,1,40,2,5581.33,2586.44,0
11.7087,18,10,2000,2000,14.61,-0.369581,0,1,1,32,0.15,1,40,2,5385.28,2666.31,0
11.7101,20,11,5661.61,2555.29,0,0,0,0,0,0,0,1,40,0,5362.79,2712.01,0
11.7196,33,27,5466.17,2985.22,4.62,1.30321,0,0,0,0,0,1,40,0,5889.09,2463.66,20.22
11.7283,45,18,2000,2000,0.03,2.58575,0,1,0,64,0.05,1,40,2,6291.2,2310.15,13.71
11.729,46,10,2000,2000,1.33,-0.369399,0,1,1,96,0.2,1,40,2,4789.37,2901.06,19.91
11.7297,47,39,5641.26,3674.15,12.24,-1.83203,0,0,0,0,0,1,40,0,6176.02,2355.22,20.09
11.7348,54,5,6074.06,2395.16,6.3,2.76816,0,0,0,0,0,1,40,0,5516.7,3184.63,14.26
11.7384,59,17,5012.55,2813.5,3.47,2.76697,0,0,0,0,0,1,40,0,6016.98,2413.79,0
11.7435,66,5,6210.8,2341.6,19.5,2.76842,0,0,0,0,0,1,40,0,4498.42,3015.03,2.67
11.7464,70,26,2000,2000,5.43,-1.83898,0,1,0,64,0.05,1,40,2,4987.74,2822.5,0.1
11.7471,71,18,2000,2000,5.81,-0.379546,0,1,0,64,0.05,1,40,2,5646.66,3694.37,11.61
11.7478,72,22,4498.41,3015.04,2.67,2.84751,0,0,0,0,0,1,40,0,5364.82,2674.43,0
11.7486,73,19,2000,2000,0.94,-2.01067,0,1,1,32,0.15,1,40,2,5375.23,2666.86,12.06
11.7587,87,19,2000,2000,9.48,-2.01367,0,1,1,32,0.15,1,40,2,5418.24,2821.58,1.18
11.7609,90,19,2000,2000,2.9,1.47299,0,1,1,32,0.15,1,40,2,5389.24,2760.36,11.47
11.763,93,19,2000,2000,1.18,1.12605,0,1,1,32,0.15,1,40,2,5682.64,3810.87,0.03
11.7652,96,19,2000,2000,11.47,1.12821,0,1,1,32,0.15,1,40,2,5630.63,2566.25,0
11.7746,109,37,2000,2000,13.53,-1.83102,0,1,0,0,0,1,40,2,5148.58,2756.69,17.14
11.7761,111,19,2000,2000,8.39,-0.377854,0,1,1,32,0.15,1,40,2,5548.63,2598.98,0.05
11.7783,114,10,2000,2000,0,0,0,1,1,32,0.15,1,40,2,5589.49,3480.09,12.04
11.7804,117,10,2000,2000,0.05,-0.27144,0,1,1,32,0.15,1,40,2,5583.71,3458.4,12.29
11.7841,122,19,2000,2000,0,0,0,1,1,96,0.2,1,40,2,5454.75,2955.67,11.16
11.7855,124,19,2000,2000,7.41,-0.379002,0,1,1,96,0.2,1,40,2,5422.8,2831.2,2.6
11.7862,125,19,2000,2000,7.42,-2.01272,0,1,1,96,0.2,1,40,2,5981.4,2427.09,1.11
11.7884,128,27,5454.73,2955.62,11.16,-1.83838,0,0,0,0,0,1,40,0,5687.64,3824.82,0
11.792,133,10,2000,2000,8.27,2.7402,0,1,1,32,0.15,1,40,2,5365.79,2718.34,0
11.7957,138,19,2000,2000,1.98,1.12747,0,1,1,32,0.15,1,40,2,0,0,0
11.7971,140,17,5032,2805.87,2.18,2.7662,0,0,0,0,0,1,40,0,0,0,0
11.8022,9,10,2000,2000,0,0,0,1,1,32,0.15,1,40,2,5581.33,2586.44,0
11.8087,18,10,2000,2000,14.61,-0.369581,0,1,1,32,0.15,1,40,2,5385.28,2666.31,0
11.8101,20,11,5661.61,2555.29,0,0,0,0,0,0,0,1,40,0,5362.79,2712.01,0
11.8196,33,27,5466.29,2985.66,4.62,1.30321,0,0,0,0,0,1,40,0,5890.97,2462.91,20.22
11.8283,45,18,2000,2000,0.03,2.58575,0,1,0,64,0.05,1,40,2,6289.92,2310.65,13.71
11.829,46,10,2000,2000,1.33,-0.369399,0,1,1,96,0.2,1,40,2,4787.52,2901.79,19.91
11.8297,47,39,5640.95,3672.97,12.24,-1.83203,0,0,0,0,0,1,40,0,6174.15,2355.96,20.09
11.8348,54,5,6073.47,2395.39,6.3,2.76816,0,0,0,0,0,1,40,0,5517.05,3186.02,14.26
11.8384,59,17,5012.23,2813.62,3.47,2.76697,0,0,0,0,0,1,40,0,6016.98,2413.79,0
11.8435,66,5,6208.99,2342.31,19.5,2.76842,0,0,0,0,0,1,40,0,4498.17,3015.11,2.67
11.8464,70,26,2000,2000,5.43,-1.83898,0,1,0,64,0.05,1,40,2,4987.73,2822.5,0.1
11.8471,71,18,2000,2000,5.81,-0.379546,0,1,0,64,0.05,1,40,2,5646.36,3693.25,11.61
11.8478,72,22,4498.16,3015.12,2.67,2.84751,0,0,0,0,0,1,40,0,5364.82,2674.43,0
11.8486,73,19,2000,2000,0.94,-2.01067,0,1,1,32,0.15,1,40,2,5376.36,2666.41,12.06
11.8587,87,19,2000,2000,9.48,-2.01367,0,1,1,32,0.15,1,40,2,5418.29,2821.69,1.18
11.8609,90,19,2000,2000,2.9,1.47299,0,1,1,32,0.15,1,40,2,5389.73,2761.4,11.47
11.863,93,19,2000,2000,1.18,1.12605,0,1,1,32,0.15,1,40,2,5682.64,3810.87,0.03
11.8652,96,19,2000,2000,11.47,1.12821,0,1,1,32,0.15,1,40,2,5630.63,2566.25,0
11.8746,109,37,2000,2000,13.53,-1.83102,0,1,0,0,0,1,40,2,5150.18,2756.07,17.14
11.8761,111,19,2000,2000,8.39,-0.377854,0,1,1,32,0.15,1,40,2,5548.63,2598.98,0.05
11.8783,114,10,2000,2000,0,0,0,1,1,32,0.15,1,40,2,5589.18,3478.92,12.04
11.8804,117,10,2000,2000,0.05,-0.27144,0,1,1,32,0.15,1,40,2,5583.39,3457.21,12.29
11.8841,122,19,2000,2000,0,0,0,1,1,96,0.2,1,40,2,5454.45,2954.59,11.16
11.8855,124,19,2000,2000,7.41,-0.379002,0,1,1,96,0.2,1,40,2,5422.91,2831.44,2.6
11.8862,125,19,2000,2000,7.42,-2.01272,0,1,1,96,0.2,1,40,2,5981.5,2427.05,1.11
11.8884,128,27,5454.44,2954.54,11.16,-1.83838,0,0,0,0,0,1,40,0,5687.64,3824.82,0
11.892,133,10,2000,2000,8.27,2.7402,0,1,1,32,0.15,1,40,2,5365.79,2718.34,0
11.8957,138,19,2000,2000,1.98,1.12747,0,1,1,32,0.15,1,40,2,0,0,0
11.8971,140,17,5031.79,2805.95,2.18,2.7662,0,0,0,0,0,1,40,0,0,0,0
11.9022,9,10,2000,2000,0,0,0,1,1,32,0.15,1,40,2,5581.33,2586.44,0
11.9087,18,10,2000,2000,14.61,-0.369581,0,1,1,32,0.15,1,40,2,5385.28,2666.31,0
11.9101,20,11,5661.61,2555.29,0,0,0,0,0,0,0,1,40,0,5362.79,2712.01,0
11.9196,33,27,5466.41,2986.11,4.62,1.30321,0,0,0,0,0,1,40,0,5892.85,2462.17,20.22
11.9283,45,18,2000,2000,0.03,2.58575,0,1,0,64,0.05,1,40,2,6288.64,2311.15,13.71
11.929,46,10,2000,2000,1.33,-0.369399,0,1,1,96,0.2,1,40,2,4785.67,2902.51,19.91
11.9297,47,39,5640.63,3671.79,12.24,-1.83203,0,0,0,0,0,1,40,0,6172.28,2356.69,20.09
11.9348,54,5,6072.89,2395.62,6.3,2.76816,0,0,0,0,0,1,40,0,5517.4,3187.4,14.26
11.9384,59,17,5011.9,2813.75,3.47,2.76697,0,0,0,0,0,1,40,0,6016.98,2413.79,0
11.9435,66,5,6207.17,2343.02,19.5,2.76842,0,0,0,0,0,1,40,0,4497.91,3015.19,2.67
11.9471,71,18,2000,2000,5.81,-0.379546,0,1,0,64,0.05,1,40,2,5646.06,3692.12,11.61
11.9478,72,22,4497.9,3015.19,2.67,2.84751,0,0,0,0,0,1,40,0,5364.82,2674.43,0
11.9486,73,19,2000,2000,0.94,-2.01067,0,1,1,32,0.15,1,40,2,5377.48,2665.97,12.06
11.9587,87,19,2000,2000,9.48,-2.01367,0,1,1,32,0.15,1,40,2,5418.34,2821.79,1.18
11.9609,90,19,2000,2000,2.9,1.47299,0,1,1,32,0.15,1,40,2,5390.22,2762.43,11.47
11.963,93,19,2000,2000,1.18,1.12605,0,1,1,32,0.15,1,40,2,5682.64,3810.87,0.03
11.9652,96,19,2000,2000,11.47,1.12821,0,1,1,32,0.15,1,40,2,5630.63,2566.25,0
11.9746,109,37,2000,2000,13.53,-1.83102,0,1,0,0,0,1,40,2,5151.77,2755.45,17.14
11.9761,111,19,2000,2000,8.39,-0.377854,0,1,1,32,0.15,1,40,2,5548.64,2598.98,0.05
11.9783,114,10,2000,2000,0,0,0,1,1,32,0.15,1,40,2,5588.87,3477.76,12.04
11.9804,117,10,2000,2000,0.05,-0.27144,0,1,1,32,0.15,1,40,2,5583.07,3456.02,12.29
11.9841,122,19,2000,2000,0,0,0,1,1,96,0.2,1,40,2,5454.16,2953.51,11.16
11.9855,124,19,2000,2000,7.41,-0.379002,0,1,1,96,0.2,1,40,2,5423.02,2831.67,2.6
11.9862,125,19,2000,2000,7.42,-2.01272,0,1,1,96,0.2,1,40,2,5981.61,2427.01,1.11
11.9884,128,27,5454.14,2953.47,11.16,-1.83838,0,0,0,0,0,1,40,0,5687.64,3824.82,0
11.992,133,10,2000,2000,8.27,2.7402,0,1,1,32,0.15,1,40,2,5365.79,2718.34,0
11.9957,138,19,2000,2000,1.98,1.12747,0,1,1,32,0.15,1,40,2,0,0,0
11.9971,140,17,5031.59,2806.03,2.18,2.7662,0,0,0,0,0,1,40,0,0,0,0
12.0022,9,10,2000,2000,0,0,0,1,1,32,0.15,1,40,2,5581.33,2586.44,0
12.0087,18,10,2000,2000,15.51,-0.369722,9,1,1,36,0.25,1,40,2,5385.28,2666.31,0
12.0101,20,11,5661.61,2555.29,0,0,0,0,0,0,0,1,40,0,5362.79,2712.01,0
12.0196,33,27,5466.53,2986.53,3.46,1.3048,-11.6,0,1,4,0.1,1,40,0,5894.66,2461.45,16.51
12.0283,45,18,2000,2000,0.16,2.74934,1.3,1,1,66,0.15,1,40,2,6287.38,2311.64,13.09
12.029,46,10,2000,2000,0.39,-0.370827,-9.4,1,1,100,0.3,1,40,2,4783.77,2903.26,21.61
12.0297,47,39,5640.33,3670.65,10.63,-1.83152,-16.1,0,1,4,0.1,1,40,0,6170.51,2357.39,16.76
12.0348,54,5,6072.33,2395.84,5.52,2.76714,-7.8,0,1,4,0.1,1,40,0,5517.75,3188.8,14.77
12.0384,59,17,5011.66,2813.85,1.28,2.76828,-21.9,0,1,4,0.1,1,40,0,6016.98,2413.79,0
12.0435,66,5,6205.3,2343.75,20.92,2.7681,14.2,0,1,4,0.1,1,40,0,4497.72,3015.14,2.73
12.0471,71,18,2000,2000,7.47,-0.378023,16.6,1,1,68,0.15,1,40,2,5645.76,3690.99,11.9
12.0478,72,22,4497.72,3015.13,2.73,-2.37177,0.6,0,1,2,0.1,1,40,0,5364.82,2674.43,0
12.0486,73,19,2000,2000,0.16,-2.00764,-7.8,1,1,36,0.25,1,40,2,5378.71,2665.48,14.59
12.0587,87,19,2000,2000,6.12,-2.01325,-33.6,1,1,36,0.25,1,40,2,5418.43,2821.97,2.4
12.0609,90,19,2000,2000,0.26,1.8805,-26.4,1,1,38,0.35,1,40,2,5390.75,2763.54,12.69
12.063,93,19,2000,2000,2.4,1.12762,12.2,1,1,36,0.25,1,40,2,5682.64,3810.87,0.01
12.0652,96,19,2000,2000,12.69,1.12865,12.2,1,1,4,0.1,1,40,2,5630.63,2566.25,0
12.0746,109,37,2000,2000,13.35,-1.8314,-1.8,1,0,0,0,1,40,2,5153.43,2754.8,18
12.0761,111,19,2000,2000,9.13,-0.378267,7.4,1,1,4,0.1,1,40,2,5548.64,2598.98,0.02
12.0783,114,10,2000,2000,0,0,0,1,1,32,0.15,1,40,2,5588.57,3476.62,11.76
12.0804,117,10,2000,2000,0.02,-0.438243,-0.3,1,1,34,0.25,1,40,2,5582.75,3454.8,12.72
12.0841,122,19,2000,2000,0,0,0,1,0,64,0.05,1,40,2,5453.83,2952.31,12.75
12.0855,124,19,2000,2000,6.04,-0.378353,-13.7,1,1,100,0.3,1,40,2,5423.13,2831.9,2.53
12.0862,125,19,2000,2000,9.2,-2.01307,17.8,1,1,100,0.3,1,40,2,5981.69,2426.97,0.84
12.0884,128,27,5453.81,2952.26,12.75,-1.83842,15.9,0,1,4,0.1,1,40,0,5687.64,3824.82,0
12.092,133,10,2000,2000,9.64,2.7397,13.7,1,1,4,0.1,1,40,2,5365.79,2718.34,0
12.0957,138,19,2000,2000,0.88,1.12735,-11,1,1,36,0.25,1,40,2,0,0,0
12.0971,140,17,5031.36,2806.12,2.48,2.77007,3,0,0,0,0,1,40,0,0,0,0
12.1022,9,10,2000,2000,0,0,0,1,0,0,0,1,40,2,5581.33,2586.44,0
12.1087,18,10,2000,2000,15.51,-0.369722,0,1,0,0,0,1,40,2,5385.28,2666.31,0
12.1101,20,11,5661.61,2555.29,0,0,0,0,0,0,0,1,40,0,5362.79,2712.01,0
12.1196,33,27,5466.62,2986.86,3.46,1.3048,0,0,0,0,0,1,40,0,5896.2,2460.84,16.51
12.1283,45,18,2000,2000,0.16,2.74934,0,1,0,64,0.05,1,40,2,6286.16,2312.12,13.09
12.129,46,10,2000,2000,0.39,-0.370827,0,1,1,96,0.2,1,40,2,4781.75,2904.05,21.61
12.1297,47,39,5640.05,3669.63,10.63,-1.83152,0,0,0,0,0,1,40,0,6168.95,2358,16.76
12.1348,54,5,6071.81,2396.05,5.52,2.76714,0,0,0,0,0,1,40,0,5518.11,3190.23,14.77
12.1384,59,17,5011.54,2813.89,1.28,2.76828,0,0,0,0,0,1,40,0,6016.98,2413.79,0
12.1435,66,5,6203.35,2344.51,20.92,2.7681,0,0,0,0,0,1,40,0,4497.53,3014.95,2.73
12.1471,71,18,2000,2000,7.47,-0.378023,0,1,0,64,0.05,1,40,2,5645.45,3689.84,11.9
12.1478,72,22,4497.52,3014.94,2.73,-2.37177,0,0,0,0,0,1,40,0,5364.82,2674.43,0
12.1486,73,19,2000,2000,0.16,-2.00764,0,1,1,32,0.15,1,40,2,5380.07,2664.94,14.59
12.1587,87,19,2000,2000,6.12,-2.01325,0,1,1,32,0.15,1,40,2,5418.53,2822.18,2.4
12.1609,90,19,2000,2000,0.26,1.8805,0,1,1,32,0.15,1,40,2,5391.29,2764.68,12.69
12.163,93,19,2000,2000,2.4,1.12762,0,1,1,32,0.15,1,40,2,5682.64,3810.87,0.01
12.1652,96,19,2000,2000,12.69,1.12865,0,1,1,32,0.15,1,40,2,5630.63,2566.25,0
12.1746,109,37,2000,2000,13.35,-1.8314,0,1,0,0,0,1,40,2,5155.11,2754.14,18
12.1761,111,19,2000,2000,9.13,-0.378267,0,1,1,32,0.15,1,40,2,5548.64,2598.98,0.02
12.1783,114,10,2000,2000,0,0,0,1,1,32,0.15,1,40,2,5588.26,3475.48,11.76
12.1804,117,10,2000,2000,0.02,-0.438243,0,1,1,32,0.15,1,40,2,5582.42,3453.57,12.72
12.1841,122,19,2000,2000,0,0,0,1,1,96,0.2,1,40,2,5453.49,2951.08,12.75
12.1855,124,19,2000,2000,6.04,-0.378353,0,1,1,96,0.2,1,40,2,5423.24,2832.13,2.53
12.1862,125,19,2000,2000,9.2,-2.01307,0,1,1,96,0.2,1,40,2,5981.77,2426.94,0.84
12.1884,128,27,5453.48,2951.03,12.75,-1.83842,0,0,0,0,0,1,40,0,5687.64,3824.82,0
12.192,133,10,2000,2000,9.64,2.7397,0,1,1,32,0.15,1,40,2,5365.79,2718.34,0
12.1957,138,19,2000,2000,0.88,1.12735,0,1,1,32,0.15,1,40,2,0,0,0
12.1971,140,17,5031.13,2806.21,2.48,2.77007,0,0,0,0,0,1,40,0,0,0,0
12.2022,9,10,2000,2000,0,0,0,1,1,32,0.15,1,40,2,5581.33,2586.44,0
12.2087,18,10,2000,2000,15.51,-0.369722,0,1,1,32,0.15,1,40,2,5385.28,2666.31,0
12.2101,20,11,5661.61,2555.29,0,0,0,0,0,0,0,1,40,0,5362.79,2712.01,0
12.2196,33,27,5466.71,2987.2,3.46,1.3048,0,0,0,0,0,1,40,0,5897.73,2460.24,16.51
12.2283,45,18,2000,2000,0.16,2.74934,0,1,0,64,0.05,1,40,2,6284.94,2312.59,13.09
12.229,46,10,2000,2000,0.39,-0.370827,0,1,1,96,0.2,1,40,2,4779.74,2904.84,21.61
12.2297,47,39,5639.78,3668.6,10.63,-1.83152,0,0,0,0,0,1,40,0,6167.38,2358.61,16.76
12.2348,54,5,6071.3,2396.25,5.52,2.76714,0,0,0,0,0,1,40,0,5518.47,3191.66,14.77
12.2384,59,17,5011.42,2813.94,1.28,2.76828,0,0,0,0,0,1,40,0,6016.98,2413.79,0
12.2435,66,5,6201.4,2345.28,20.92,2.7681,0,0,0,0,0,1,40,0,4497.33,3014.76,2.73
12.2471,71,18,2000,2000,7.47,-0.378023,0,1,0,64,0.05,1,40,2,5645.14,3688.69,11.9
12.2478,72,22,4497.32,3014.75,2.73,-2.37177,0,0,0,0,0,1,40,0,5364.82,2674.43,0
12.2486,73,19,2000,2000,0.16,-2.00764,0,1,1,32,0.15,1,40,2,5381.42,2664.4,14.59
12.2587,87,19,2000,2000,6.12,-2.01325,0,1,1,32,0.15,1,40,2,5418.63,2822.4,2.4
12.2609,90,19,2000,2000,0.26,1.8805,0,1,1,32,0.15,1,40,2,5391.83,2765.83,12.69
12.263,93,19,2000,2000,2.4,1.12762,0,1,1,32,0.15,1,40,2,5682.64,3810.88,0.01
12.2652,96,19,2000,2000,12.69,1.12865,0,1,1,32,0.15,1,40,2,5630.63,2566.25,0
12.2746,109,37,2000,2000,13.35,-1.8314,0,1,0,0,0,1,40,2,5156.78,2753.49,18
12.2761,111,19,2000,2000,9.13,-0.378267,0,1,1,32,0.15,1,40,2,5548.64,2598.98,0.02
12.2783,114,10,2000,2000,0,0,0,1,1,32,0.15,1,40,2,5587.96,3474.35,11.76
12.2804,117,10,2000,2000,0.02,-0.438243,0,1,1,32,0.15,1,40,2,5582.09,3452.34,12.72
12.2841,122,19,2000,2000,0,0,0,1,1,32,0.15,1,40,2,5453.15,2949.85,12.75
12.2855,124,19,2000,2000,6.04,-0.378353,0,1,1,96,0.2,1,40,2,5423.35,2832.36,2.53
12.2862,125,19,2000,2000,9.2,-2.01307,0,1,1,96,0.2,1,40,2,5981.84,2426.91,0.84
12.2884,128,27,5453.14,2949.8,12.75,-1.83842,0,0,0,0,0,1,40,0,5687.64,3824.82,0
12.292,133,10,2000,2000,9.64,2.7397,0,1,1,32,0.15,1,40,2,5365.79,2718.34,0
12.2957,138,19,2000,2000,0.88,1.12735,0,1,1,32,0.15,1,40,2,0,0,0
12.2971,140,17,5030.9,2806.3,2.48,2.77007,0,0,0,0,0,1,40,0,0,0,0
12.3022,9,10,2000,2000,0,0,0,1,1,32,0.15,1,40,2,5581.33,2586.44,0
12.3087,18,10,2000,2000,15.51,-0.369722,0,1,1,32,0.15,1,40,2,5385.28,2666.31,0
12.3101,20,11,5661.61,2555.29,0,0,0,0,0,0,0,1,40,0,5362.79,2712.01,0
12.3196,33,27,5466.8,2987.53,3.46,1.3048,0,0,0,0,0,1,40,0,5899.27,2459.63,16.51
12.3283,45,18,2000,2000,0.16,2.74934,0,1,0,64,0.05,1,40,2,6283.72,2313.07,13.09
12.329,46,10,2000,2000,0.39,-0.370827,0,1,1,96,0.2,1,40,2,4777.73,2905.63,21.61
12.3297,47,39,5639.51,3667.57,10.63,-1.83152,0,0,0,0,0,1,40,0,6165.82,2359.22,16.76
12.3348,54,5,6070.78,2396.45,5.52,2.76714,0,0,0,0,0,1,40,0,5518.83,3193.09,14.77
12.3384,59,17,5011.3,2813.99,1.28,2.76828,0,0,0,0,0,1,40,0,6016.98,2413.79,0
12.3435,66,5,6199.45,2346.04,20.92,2.7681,0,0,0,0,0,1,40,0,4497.14,3014.57,2.73
12.3471,71,18,2000,2000,7.47,-0.378023,0,1,0,64,0.05,1,40,2,5644.83,3687.54,11.9
12.3478,72,22,4497.13,3014.56,2.73,-2.37177,0,0,0,0,0,1,40,0,5364.82,2674.43,0
12.3486,73,19,2000,2000,0.16,-2.00764,0,1,1,32,0.15,1,40,2,5382.78,2663.86,14.59
12.3587,87,19,2000,2000,6.12,-2.01325,0,1,1,32,0.15,1,40,2,5418.73,2822.62,2.4
12.3609,90,19,2000,2000,0.26,1.8805,0,1,1,32,0.15,1,40,2,5392.37,2766.98,12.69
12.363,93,19,2000,2000,2.4,1.12762,0,1,1,32,0.15,1,40,2,5682.65,3810.88,0.01
12.3652,96,19,2000,2000,12.69,1.12865,0,1,1,32,0.15,1,40,2,5630.63,2566.25,0
12.3746,109,37,2000,2000,13.35,-1.8314,0,1,0,0,0,1,40,2,5158.46,2752.83,18
12.3761,111,19,2000,2000,9.13,-0.378267,0,1,1,32,0.15,1,40,2,5548.64,2598.98,0.02
12.3783,114,10,2000,2000,0,0,0,1,1,32,0.15,1,40,2,5587.66,3473.21,11.76
12.3804,117,10,2000,2000,0.02,-0.438243,0,1,1,32,0.15,1,40,2,5581.76,3451.11,12.72
12.3841,122,19,2000,2000,0,0,0,1,1,32,0.15,1,40,2,5452.82,2948.62,12.75
12.3855,124,19,2000,2000,6.04,-0.378353,0,1,1,96,0.2,1,40,2,5423.46,2832.59,2.53
12.3862,125,19,2000,2000,9.2,-2.01307,0,1,1,96,0.2,1,40,2,5981.92,2426.88,0.84
12.3884,128,27,5452.8,2948.57,12.75,-1.83842,0,0,0,0,0,1,40,0,5687.64,3824.82,0
12.392,133,10,2000,2000,9.64,2.7397,0,1,1,32,0.15,1,40,2,5365.79,2718.34,0
12.3957,138,19,2000,2000,0.88,1.12735,0,1,1,32,0.15,1,40,2,0,0,0
12.3971,140,17,5030.67,2806.39,2.48,2.77007,0,0,0,0,0,1,40,0,0,0,0
12.4022,9,10,2000,2000,0,0,0,1,1,32,0.15,1,40,2,5581.33,2586.44,0
12.4087,18,10,2000,2000,15.51,-0.369722,0,1,1,32,0.15,1,40,2,5385.28,2666.31,0
12.4101,20,11,5661.61,2555.29,0,0,0,0,0,0,0,1,40,0,5362.79,2712.01,0
12.4196,33,27,5466.89,2987.87,3.46,1.3048,0,0,0,0,0,1,40,0,5900.8,2459.02,16.51
12.4283,45,18,2000,2000,0.16,2.74934,0,1,0,64,0.05,1,40,2,6282.5,2313.54,13.09
12.429,46,10,2000,2000,0.39,-0.370827,0,1,1,96,0.2,1,40,2,4775.71,2906.42,21.61
12.4297,47,39,5639.23,3666.55,10.63,-1.83152,0,0,0,0,0,1,40,0,6164.26,2359.83,16.76
12.4348,54,5,6070.27,2396.65,5.52,2.76714,0,0,0,0,0,1,40,0,5519.19,3194.53,14.77
12.4384,59,17,5011.18,2814.03,1.28,2.76828,0,0,0,0,0,1,40,0,6016.98,2413.79,0
12.4435,66,5,6197.51,2346.8,20.92,2.7681,0,0,0,0,0,1,40,0,4496.94,3014.38,2.73
12.4471,71,18,2000,2000,7.47,-0.378023,0,1,0,0,0,1,40,2,5644.53,3686.39,11.9
12.4478,72,22,4496.93,3014.37,2.73,-2.37177,0,0,0,0,0,1,40,0,5364.82,2674.43,0
12.4486,73,19,2000,2000,0.16,-2.00764,0,1,1,32,0.15,1,40,2,5384.14,2663.33,14.59
12.4587,87,19,2000,2000,6.12,-2.01325,0,1,1,32,0.15,1,40,2,5418.84,2822.83,2.4
12.4609,90,19,2000,2000,0.26,1.8805,0,1,1,32,0.15,1,40,2,5392.92,2768.13,12.69
12.463,93,19,2000,2000,2.4,1.12762,0,1,1,32,0.15,1,40,2,5682.65,3810.88,0.01
12.4652,96,19,2000,2000,12.69,1.12865,0,1,1,32,0.15,1,40,2,5630.63,2566.25,0
12.4746,109,37,2000,2000,13.35,-1.8314,0,1,0,0,0,1,40,2,5160.13,2752.17,18
12.4761,111,19,2000,2000,9.13,-0.378267,0,1,1,32,0.15,1,40,2,5548.65,2598.98,0.02
12.4783,114,10,2000,2000,0,0,0,1,1,32,0.15,1,40,2,5587.35,3472.07,11.76
12.4804,117,10,2000,2000,0.02,-0.438243,0,1,1,32,0.15,1,40,2,5581.44,3449.88,12.72
12.4841,122,19,2000,2000,0,0,0,1,1,32,0.15,1,40,2,5452.48,2947.39,12.75
12.4855,124,19,2000,2000,6.04,-0.378353,0,1,1,96,0.2,1,40,2,5423.56,2832.82,2.53
12.4862,125,19,2000,2000,9.2,-2.01307,0,1,1,96,0.2,1,40,2,5982,2426.85,0.84
12.4884,128,27,5452.46,2947.34,12.75,-1.83842,0,0,0,0,0,1,40,0,5687.64,3824.82,0
12.492,133,10,2000,2000,9.64,2.7397,0,1,1,32,0.15,1,40,2,5365.79,2718.34,0
12.4957,138,19,2000,2000,0.88,1.12735,0,1,1,32,0.15,1,40,2,0,0,0
12.4971,140,17,5030.44,2806.48,2.48,2.77007,0,0,0,0,0,1,40,0,0,0,0
12.5022,9,10,2000,2000,0,0,0,1,1,32,0.15,1,40,2,5581.33,2586.44,0
12.5087,18,10,2000,2000,15.51,-0.369722,0,1,1,32,0.15,1,40,2,5385.28,2666.31,0
12.5101,20,11,5661.61,2555.29,0,0,0,0,0,0,0,1,40,0,5362.79,2712.01,0
12.5196,33,27,5466.98,2988.2,3.46,1.3048,0,0,0,0,0,1,40,0,5902.34,2458.41,16.51
12.5283,45,18,2000,2000,0.16,2.74934,0,1,0,64,0.05,1,40,2,6281.28,2314.02,13.09
12.529,46,10,2000,2000,0.39,-0.370827,0,1,1,96,0.2,1,40,2,4773.71,2907.2,21.61
12.5348,54,5,6069.76,2396.85,5.52,2.76714,0,0,0,0,0,1,40,0,5519.56,3195.96,14.77
12.5384,59,17,5011.06,2814.08,1.28,2.76828,0,0,0,0,0,1,40,0,6016.98,2413.79,0
12.5435,66,5,6195.56,2347.57,20.92,2.7681,0,0,0,0,0,1,40,0,4496.74,3014.19,2.73
12.5471,71,18,2000,2000,7.47,-0.378023,0,1,0,0,0,1,40,2,5644.22,3685.24,11.9
12.5478,72,22,4496.74,3014.18,2.73,-2.37177,0,0,0,0,0,1,40,0,5364.82,2674.43,0
12.5486,73,19,2000,2000,0.16,-2.00764,0,1,1,32,0.15,1,40,2,5385.49,2662.79,14.59
12.5587,87,19,2000,2000,6.12,-2.01325,0,1,1,32,0.15,1,40,2,5418.94,2823.05,2.4
12.5609,90,19,2000,2000,0.26,1.8805,0,1,1,32,0.15,1,40,2,5393.46,2769.27,12.69
12.563,93,19,2000,2000,2.4,1.12762,0,1,1,32,0.15,1,40,2,5682.65,3810.88,0.01
12.5652,96,19,2000,2000,12.69,1.12865,0,1,1,32,0.15,1,40,2,5630.63,2566.25,0
12.5746,109,37,2000,2000,13.35,-1.8314,0,1,0,0,0,1,40,2,5161.81,2751.52,18
12.5761,111,19,2000,2000,9.13,-0.378267,0,1,1,32,0.15,1,40,2,5548.65,2598.98,0.02
12.5783,114,10,2000,2000,0,0,0,1,1,32,0.15,1,40,2,5587.05,3470.94,11.76
12.5804,117,10,2000,2000,0.02,-0.438243,0,1,1,32,0.15,1,40,2,5581.11,3448.65,12.72
12.5841,122,19,2000,2000,0,0,0,1,1,32,0.15,1,40,2,5452.14,2946.16,12.75
12.5855,124,19,2000,2000,6.04,-0.378353,0,1,1,96,0.2,1,40,2,5423.67,2833.05,2.53
12.5862,125,19,2000,2000,9.2,-2.01307,0,1,1,96,0.2,1,40,2,5982.08,2426.82,0.84
12.5884,128,27,5452.13,2946.11,12.75,-1.83842,0,0,0,0,0,1,40,0,5687.64,3824.82,0
12.592,133,10,2000,2000,9.64,2.7397,0,1,1,32,0.15,1,40,2,5365.79,2718.34,0
12.5957,138,19,2000,2000,0.88,1.12735,0,1,1,32,0.15,1,40,2,0,0,0
12.5971,140,17,5030.21,2806.57,2.48,2.77007,0,0,0,0,0,1,40,0,0,0,0
12.6022,9,10,2000,2000,0,0,0,1,1,32,0.15,1,40,2,5581.33,2586.44,0
12.6087,18,10,2000,2000,15.51,-0.369722,0,1,1,32,0.15,1,40,2,5385.28,2666.31,0
12.6101,20,11,5661.61,2555.29,0,0,0,0,0,0,0,1,40,0,5362.79,2712.01,0
12.6196,33,27,5467.07,2988.53,3.46,1.3048,0,0,0,0,0,1,40,0,5903.87,2457.8,16.51
12.6283,45,18,2000,2000,0.16,2.74934,0,1,0,64,0.05,1,40,2,6280.06,2314.49,13.09
12.629,46,10,2000,2000,0.39,-0.370827,0,1,1,96,0.2,1,40,2,4771.7,2907.99,21.61
12.6348,54,5,6069.24,2397.06,5.52,2.76714,0,0,0,0,0,1,40,0,5519.92,3197.39,14.77
12.6384,59,17,5010.94,2814.13,1.28,2.76828,0,0,0,0,0,1,40,0,6016.98,2413.79,0
12.6435,66,5,6193.61,2348.33,20.92,2.7681,0,0,0,0,0,1,40,0,4496.55,3014,2.73
12.6471,71,18,2000,2000,7.47,-0.378023,0,1,0,0,0,1,40,2,5643.91,3684.09,11.9
12.6478,72,22,4496.54,3013.99,2.73,-2.37177,0,0,0,0,0,1,40,0,5364.82,2674.43,0
12.6486,73,19,2000,2000,0.16,-2.00764,0,1,1,32,0.15,1,40,2,5386.85,2662.25,14.59
12.6587,87,19,2000,2000,6.12,-2.01325,0,1,1,32,0.15,1,40,2,5419.04,2823.27,2.4
12.6609,90,19,2000,2000,0.26,1.8805,0,1,1,32,0.15,1,40,2,5394,2770.42,12.69
12.663,93,19,2000,2000,2.4,1.12762,0,1,1,32,0.15,1,40,2,5682.65,3810.88,0.01
12.6652,96,19,2000,2000,12.69,1.12865,0,1,1,32,0.15,1,40,2,5630.63,2566.25,0
12.6746,109,37,2000,2000,13.35,-1.8314,0,1,0,0,0,1,40,2,5163.49,2750.86,18
12.6761,111,19,2000,2000,9.13,-0.378267,0,1,1,32,0.15,1,40,2,5548.65,2598.98,0.02
12.6783,114,10,2000,2000,0,0,0,1,1,32,0.15,1,40,2,5586.75,3469.8,11.76
12.6804,117,10,2000,2000,0.02,-0.438243,0,1,1,32,0.15,1,40,2,5580.78,3447.43,12.72
12.6841,122,19,2000,2000,0,0,0,1,1,32,0.15,1,40,2,5451.8,2944.93,12.75
12.6855,124,19,2000,2000,6.04,-0.378353,0,1,1,96,0.2,1,40,2,5423.78,2833.28,2.53
12.6862,125,19,2000,2000,9.2,-2.01307,0,1,1,96,0.2,1,40,2,5982.15,2426.78,0.84
12.6884,128,27,5451.79,2944.88,12.75,-1.83842,0,0,0,0,0,1,40,0,5687.64,3824.82,0
12.692,133,10,2000,2000,9.64,2.7397,0,1,1,32,0.15,1,40,2,5365.79,2718.34,0
12.6957,138,19,2000,2000,0.88,1.12735,0,1,1,32,0.15,1,40,2,0,0,0
12.6971,140,17,5029.97,2806.66,2.48,2.77007,0,0,0,0,0,1,40,0,0,0,0
12.7022,9,10,2000,2000,0,0,0,1,1,32,0.15,1,40,2,5581.33,2586.44,0
12.7087,18,10,2000,2000,15.51,-0.369722,0,1,1,32,0.15,1,40,2,5385.28,2666.31,0
12.7101,20,11,5661.61,2555.29,0,0,0,0,0,0,0,1,40,0,5362.79,2712.01,0
12.7196,33,27,5467.16,2988.87,3.46,1.3048,0,0,0,0,0,1,40,0,5905.41,2457.2,16.51
12.7283,45,18,2000,2000,0.16,2.74934,0,1,0,64,0.05,1,40,2,6278.85,2314.97,13.09
12.729,46,10,2000,2000,0.39,-0.370827,0,1,1,96,0.2,1,40,2,4769.68,2908.78,21.61
12.7348,54,5,6068.73,2397.26,5.52,2.76714,0,0,0,0,0,1,40,0,5520.28,3198.82,14.77
12.7384,59,17,5010.83,2814.17,1.28,2.76828,0,0,0,0,0,1,40,0,6016.98,2413.79,0
12.7312,49,19,2000,2000,3.32,2.76165,0,1,1,40,0.3,1,40,2,5928.63,2447.99,13.74
12.7435,66,5,6191.66,2349.09,20.92,2.7681,0,0,0,0,0,1,40,0,4496.35,3013.81,2.73
12.7471,71,18,2000,2000,7.47,-0.378023,0,1,0,0,0,1,40,2,5643.61,3682.94,11.9
12.7478,72,22,4496.34,3013.8,2.73,-2.37177,0,0,0,0,0,1,40,0,5364.82,2674.43,0
12.7486,73,19,2000,2000,0.16,-2.00764,0,1,1,32,0.15,1,40,2,5388.21,2661.72,14.59
12.7587,87,19,2000,2000,6.12,-2.01325,0,1,1,32,0.15,1,40,2,5419.15,2823.48,2.4
12.7609,90,19,2000,2000,0.26,1.8805,0,1,1,32,0.15,1,40,2,5394.55,2771.57,12.69
12.763,93,19,2000,2000,2.4,1.12762,0,1,1,32,0.15,1,40,2,5682.65,3810.88,0.01
12.7652,96,19,2000,2000,12.69,1.12865,0,1,1,32,0.15,1,40,2,5630.63,2566.25,0
12.7746,109,37,2000,2000,13.35,-1.8314,0,1,0,0,0,1,40,2,5165.16,2750.21,18
12.7761,111,19,2000,2000,9.13,-0.378267,0,1,1,32,0.15,1,40,2,5548.65,2598.97,0.02
12.7783,114,10,2000,2000,0,0,0,1,1,32,0.15,1,40,2,5586.45,3468.66,11.76
12.7804,117,10,2000,2000,0.02,-0.438243,0,1,1,32,0.15,1,40,2,5580.45,3446.2,12.72
12.7841,122,19,2000,2000,0,0,0,1,1,32,0.15,1,40,2,5451.47,2943.7,12.75
12.7855,124,19,2000,2000,6.04,-0.378353,0,1,1,96,0.2,1,40,2,5423.89,2833.51,2.53
12.7862,125,19,2000,2000,9.2,-2.01307,0,1,1,96,0.2,1,40,2,5982.23,2426.75,0.84
12.7884,128,27,5451.45,2943.65,12.75,-1.83842,0,0,0,0,0,1,40,0,5687.64,3824.82,0
12.792,133,10,2000,2000,9.64,2.7397,0,1,1,32,0.15,1,40,2,5365.79,2718.34,0
12.7957,138,19,2000,2000,0.88,1.12735,0,1,1,32,0.15,1,40,2,0,0,0
12.7971,140,17,5029.74,2806.75,2.48,2.77007,0,0,0,0,0,1,40,0,0,0,0
12.8022,9,10,2000,2000,0,0,0,1,1,32,0.15,1,40,2,5581.33,2586.44,0
12.8087,18,10,2000,2000,15.51,-0.369722,0,1,1,32,0.15,1,40,2,5385.28,2666.31,0
12.8101,20,11,5661.61,2555.29,0,0,0,0,0,0,0,1,40,0,5362.79,2712.01,0
12.8196,33,27,5467.25,2989.2,3.46,1.3048,0,0,0,0,0,1,40,0,5906.94,2456.59,16.51
12.8283,45,18,2000,2000,0.16,2.74934,0,1,0,64,0.05,1,40,2,6277.63,2315.44,13.09
12.829,46,10,2000,2000,0.39,-0.370827,0,1,1,96,0.2,1,40,2,4767.67,2909.57,21.61
12.8312,49,19,2000,2000,3.32,2.76165,0,1,1,32,0.15,1,40,2,5929.79,2447.54,13.74
12.8348,54,5,6068.22,2397.46,5.52,2.76714,0,0,0,0,0,1,40,0,5520.64,3200.26,14.77
12.8384,59,17,5010.71,2814.22,1.28,2.76828,0,0,0,0,0,1,40,0,6016.98,2413.79,0
12.8435,66,5,6189.71,2349.86,20.92,2.7681,0,0,0,0,0,1,40,0,4496.18,3013.64,0
12.8471,71,18,2000,2000,7.47,-0.378023,0,1,0,0,0,1,40,2,5643.3,3681.79,11.9
12.8478,72,22,4496.18,3013.64,0,0,-27.3,0,1,6,0.2,1,40,0,5364.82,2674.43,0
12.8486,73,19,2000,2000,0.16,-2.00764,0,1,1,32,0.15,1,40,2,5389.56,2661.18,14.59
12.8587,87,19,2000,2000,6.12,-2.01325,0,1,1,32,0.15,1,40,2,5419.25,2823.7,2.4
12.8609,90,19,2000,2000,0.26,1.8805,0,1,1,32,0.15,1,40,2,5395.09,2772.71,12.69
12.863,93,19,2000,2000,2.4,1.12762,0,1,1,32,0.15,1,40,2,5682.65,3810.88,0.01
12.8652,96,19,2000,2000,12.69,1.12865,0,1,1,32,0.15,1,40,2,5630.63,2566.25,0
12.8746,109,37,2000,2000,13.35,-1.8314,0,1,0,0,0,1,40,2,5166.84,2749.55,18
12.8761,111,19,2000,2000,9.13,-0.378267,0,1,1,32,0.15,1,40,2,5548.65,2598.97,0.02
12.8783,114,10,2000,2000,0,0,0,1,1,32,0.15,1,40,2,5586.14,3467.53,11.76
12.8804,117,10,2000,2000,0.02,-0.438243,0,1,1,32,0.15,1,40,2,5580.12,3444.97,12.72
12.8841,122,19,2000,2000,0,0,0,1,1,32,0.15,1,40,2,5451.13,2942.47,12.75
12.8855,124,19,2000,2000,6.04,-0.378353,0,1,1,96,0.2,1,40,2,5423.99,2833.73,2.53
12.8862,125,19,2000,2000,9.2,-2.01307,0,1,1,96,0.2,1,40,2,5982.31,2426.72,0.84
12.8884,128,27,5451.12,2942.42,12.75,-1.83842,0,0,0,0,0,1,40,0,5687.64,3824.82,0
12.8848,123,34,2000,2000,12.72,-1.8316,0,1,1,72,0.2,1,40,2,5460.75,2977.57,8.1
12.892,133,10,2000,2000,9.64,2.7397,0,1,1,32,0.15,1,40,2,5365.79,2718.34,0
12.8957,138,19,2000,2000,0.88,1.12735,0,1,1,32,0.15,1,40,2,0,0,0
12.8971,140,17,5029.51,2806.84,2.48,2.77007,0,0,0,0,0,1,40,0,0,0,0
12.9022,9,10,2000,2000,0,0,0,1,1,32,0.15,1,40,2,5581.33,2586.44,0
12.9087,18,10,2000,2000,15.51,-0.369722,0,1,1,32,0.15,1,40,2,5385.28,2666.31,0
12.9101,20,11,5661.61,2555.29,0,0,0,0,0,0,0,1,40,0,5362.79,2712.01,0
12.9196,33,27,5467.35,2989.54,3.46,1.3048,0,0,0,0,0,1,40,0,5908.48,2455.98,16.51
12.9283,45,18,2000,2000,0.16,2.74934,0,1,0,64,0.05,1,40,2,6276.4,2315.92,13.09
12.929,46,10,2000,2000,0.39,-0.370827,0,1,1,96,0.2,1,40,2,4765.66,2910.36,21.61
12.9312,49,19,2000,2000,3.32,2.76165,0,1,1,32,0.15,1,40,2,5931.07,2447.03,13.74
12.9348,54,5,6067.7,2397.66,5.52,2.76714,0,0,0,0,0,1,40,0,5521,3201.69,14.77
12.9384,59,17,5010.59,2814.27,1.28,2.76828,0,0,0,0,0,1,40,0,6016.98,2413.79,0
12.9435,66,5,6187.77,2350.62,20.92,2.7681,0,0,0,0,0,1,40,0,4496.18,3013.64,0
12.9471,71,18,2000,2000,7.47,-0.378023,0,1,0,0,0,1,40,2,5642.99,3680.64,11.9
12.9478,72,22,4496.18,3013.64,0,0,0,0,0,0,0,1,40,0,5364.82,2674.43,0
12.9486,73,19,2000,2000,0.16,-2.00764,0,1,1,32,0.15,1,40,2,5390.92,2660.64,14.59
12.9587,87,19,2000,2000,6.12,-2.01325,0,1,1,32,0.15,1,40,2,5419.35,2823.92,2.4
12.9609,90,19,2000,2000,0.26,1.8805,0,1,1,32,0.15,1,40,2,5395.63,2773.86,12.69
12.963,93,19,2000,2000,2.4,1.12762,0,1,1,32,0.15,1,40,2,5682.65,3810.88,0.01
12.9652,96,19,2000,2000,12.69,1.12865,0,1,1,32,0.15,1,40,2,5630.63,2566.25,0
12.9746,109,37,2000,2000,13.35,-1.8314,0,1,0,0,0,1,40,2,5168.52,2748.89,18
12.9761,111,19,2000,2000,9.13,-0.378267,0,1,1,32,0.15,1,40,2,5548.65,2598.97,0.02
12.9783,114,10,2000,2000,0,0,0,1,1,32,0.15,1,40,2,5585.84,3466.39,11.76
12.9804,117,10,2000,2000,0.02,-0.438243,0,1,1,32,0.15,1,40,2,5579.8,3443.74,12.72
12.9841,122,19,2000,2000,0,0,0,1,1,32,0.15,1,40,2,5450.79,2941.24,12.75
12.9848,123,34,2000,2000,12.72,-1.8316,0,1,0,64,0.05,1,40,2,5460.55,2976.85,8.1
12.9855,124,19,2000,2000,6.04,-0.378353,0,1,1,96,0.2,1,40,2,5424.1,2833.96,2.53
12.9862,125,19,2000,2000,9.2,-2.01307,0,1,1,96,0.2,1,40,2,5982.39,2426.69,0.84
12.9884,128,27,5450.78,2941.19,12.75,-1.83842,0,0,0,0,0,1,40,0,5687.64,3824.82,0
12.992,133,10,2000,2000,9.64,2.7397,0,1,1,32,0.15,1,40,2,5365.79,2718.34,0
12.9957,138,19,2000,2000,0.88,1.12735,0,1,1,32,0.15,1,40,2,0,0,0
12.9971,140,17,5029.28,2806.93,2.48,2.77007,0,0,0,0,0,1,40,0,0,0,0
13.0022,9,10,2000,2000,0,0,0,1,1,32,0.15,1,40,2,5581.33,2586.44,0
13.0087,18,10,2000,2000,13.05,-0.369979,-24.6,1,1,36,0.25,1,40,2,5385.28,2666.31,0
13.0101,20,11,5661.61,2555.29,0,0,0,0,0,0,0,1,40,0,5362.79,2712.01,0
13.0196,33,27,5467.4,2989.85,2.35,1.91939,-11.1,0,1,6,0.2,1,40,0,5909.97,2455.39,14.31
13.0283,45,18,2000,2000,1.32,2.76236,11.6,1,1,68,0.15,1,40,2,6275.19,2316.39,12.92
13.029,46,10,2000,2000,0.08,-0.360436,-3.1,1,1,96,0.2,1,40,2,4763.6,2911.17,23.19
13.0312,49,19,2000,2000,0.86,2.77185,-24.6,1,1,36,0.25,1,40,2,5932.29,2446.55,11.81
13.0348,54,5,6067.14,2397.88,7.12,2.76786,16,0,1,4,0.1,1,40,0,5521.36,3203.11,14.61
13.0384,59,17,5010.45,2814.32,1.87,2.76903,5.9,0,1,4,0.1,1,40,0,6016.98,2413.79,0
13.0435,66,5,6185.91,2351.35,18.71,2.76793,-22.1,0,1,4,0.1,1,40,0,4496.26,3013.56,2.64
13.0471,71,18,2000,2000,8.59,-0.378557,11.2,1,1,4,0.1,1,40,2,5642.7,3679.55,10.64
13.0478,72,22,4496.27,3013.55,2.64,-0.748588,26.4,0,1,6,0.2,1,40,0,5364.82,2674.43,0
13.0486,73,19,2000,2000,0.21,-2.03229,0.5,1,1,32,0.15,1,40,2,5392.39,2660.06,17.02
13.0587,87,19,2000,2000,2.75,-2.01006,-33.7,1,1,36,0.25,1,40,2,5419.46,2824.15,2.68
13.0609,90,19,2000,2000,0.16,1.89236,-1,1,1,32,0.15,1,40,2,5396.2,2775.07,13.78
13.063,93,19,2000,2000,2.68,1.13054,2.8,1,1,32,0.15,1,40,2,5682.65,3810.88,0
13.0652,96,19,2000,2000,13.78,1.12825,10.9,1,1,4,0.1,1,40,2,5630.63,2566.25,0
13.0746,109,37,2000,2000,13.12,-1.8313,-2.3,1,0,0,0,1,40,2,5170.12,2748.26,16.98
13.0761,111,19,2000,2000,10.05,-0.377181,9.2,1,1,4,0.1,1,40,2,5548.65,2598.97,0
13.0783,114,10,2000,2000,0,0,0,1,1,32,0.15,1,40,2,5585.52,3465.2,12.44
13.0804,117,10,2000,2000,0,0,-0.2,1,1,34,0.25,1,40,2,5579.48,3442.54,12.31
13.0841,122,19,2000,2000,0,0,0,1,0,0,0,1,40,2,5450.46,2940.04,12.46
13.0848,123,34,2000,2000,12.31,-1.83135,-4.1,1,1,68,0.15,1,40,2,5460.28,2975.86,10.67
13.0855,124,19,2000,2000,7.1,-0.378679,10.6,1,1,100,0.3,1,40,2,5424.14,2834.05,0.68
13.0862,125,19,2000,2000,10.87,-2.01304,16.7,1,1,100,0.3,1,40,2,5982.43,2426.68,0.44
13.092,133,10,2000,2000,7.4,2.77538,-22.4,1,1,4,0.1,1,40,2,5365.79,2718.34,0
13.0957,138,19,2000,2000,2.94,1.12841,20.6,1,1,36,0.25,1,40,2,0,0,0
13.0971,140,17,5028.89,2807.08,4.2,2.76774,17.2,0,1,4,0.1,1,40,0,0,0,0
13.1022,9,10,2000,2000,0,0,0,1,0,0,0,1,40,2,5581.33,2586.44,0
13.1087,18,10,2000,2000,13.05,-0.369979,0,1,0,0,0,1,40,2,5385.28,2666.31,0
13.1101,20,11,5661.61,2555.29,0,0,0,0,0,0,0,1,40,0,5362.79,2712.01,0
13.1196,33,27,5467.32,2990.07,2.35,1.91939,0,0,0,0,0,1,40,0,5911.3,2454.86,14.31
13.1283,45,18,2000,2000,1.32,2.76236,0,1,0,64,0.05,1,40,2,6273.99,2316.86,12.92
13.129,46,10,2000,2000,0.08,-0.360436,0,1,1,96,0.2,1,40,2,4761.45,2912.01,23.19
13.1312,49,19,2000,2000,0.86,2.77185,0,1,1,32,0.15,1,40,2,5933.39,2446.11,11.81
13.1348,54,5,6066.47,2398.14,7.12,2.76786,0,0,0,0,0,1,40,0,5521.72,3204.53,14.61
13.1384,59,17,5010.27,2814.39,1.87,2.76903,0,0,0,0,0,1,40,0,6016.98,2413.79,0
13.1435,66,5,6184.17,2352.03,18.71,2.76793,0,0,0,0,0,1,40,0,4496.46,3013.38,2.64
13.1471,71,18,2000,2000,8.59,-0.378557,0,1,0,0,0,1,40,2,5642.43,3678.52,10.64
13.1478,72,22,4496.47,3013.37,2.64,-0.748588,0,0,0,0,0,1,40,0,5364.82,2674.43,0
13.1486,73,19,2000,2000,0.21,-2.03229,0,1,1,32,0.15,1,40,2,5393.97,2659.43,17.02
13.1587,87,19,2000,2000,2.75,-2.01006,0,1,1,32,0.15,1,40,2,5419.58,2824.39,2.68
13.1609,90,19,2000,2000,0.16,1.89236,0,1,1,32,0.15,1,40,2,5396.79,2776.31,13.78
13.163,93,19,2000,2000,2.68,1.13054,0,1,1,32,0.15,1,40,2,5682.65,3810.88,0
13.1652,96,19,2000,2000,13.78,1.12825,0,1,1,32,0.15,1,40,2,5630.63,2566.25,0
13.1746,109,37,2000,2000,13.12,-1.8313,0,1,0,0,0,1,40,2,5171.7,2747.64,16.98
13.1761,111,19,2000,2000,10.05,-0.377181,0,1,1,32,0.15,1,40,2,5548.65,2598.97,0
13.1783,114,10,2000,2000,0,0,0,1,1,32,0.15,1,40,2,5585.2,3464,12.44
13.1804,117,10,2000,2000,0,0,0,1,1,32,0.15,1,40,2,5579.16,3441.35,12.31
13.1841,122,19,2000,2000,0,0,0,1,1,96,0.2,1,40,2,5450.13,2938.84,12.46
13.1848,123,34,2000,2000,12.31,-1.83135,0,1,0,64,0.05,1,40,2,5460,2974.83,10.67
13.1855,124,19,2000,2000,7.1,-0.378679,0,1,1,96,0.2,1,40,2,5424.17,2834.11,0.68
13.1862,125,19,2000,2000,10.87,-2.01304,0,1,1,96,0.2,1,40,2,5982.47,2426.66,0.44
13.192,133,10,2000,2000,7.4,2.77538,0,1,1,32,0.15,1,40,2,5365.79,2718.34,0
13.1957,138,19,2000,2000,2.94,1.12841,0,1,1,32,0.15,1,40,2,0,0,0
13.1971,140,17,5028.5,2807.23,4.2,2.76774,0,0,0,0,0,1,40,0,0,0,0
13.2022,9,10,2000,2000,0,0,0,1,1,32,0.15,1,40,2,5581.33,2586.44,0
13.2087,18,10,2000,2000,13.05,-0.369979,0,1,1,32,0.15,1,40,2,5385.28,2666.31,0
13.2101,20,11,5661.61,2555.29,0,0,0,0,0,0,0,1,40,0,5362.79,2712.01,0
13.2196,33,27,5467.24,2990.29,2.35,1.91939,0,0,0,0,0,1,40,0,5912.63,2454.33,14.31
13.2283,45,18,2000,2000,1.32,2.76236,0,1,0,64,0.05,1,40,2,6272.78,2317.33,12.92
13.229,46,10,2000,2000,0.08,-0.360436,0,1,1,96,0.2,1,40,2,4759.29,2912.86,23.19
13.2312,49,19,2000,2000,0.86,2.77185,0,1,1,32,0.15,1,40,2,5934.48,2445.68,11.81
13.2348,54,5,6065.81,2398.4,7.12,2.76786,0,0,0,0,0,1,40,0,5522.07,3205.95,14.61
13.2384,59,17,5010.1,2814.46,1.87,2.76903,0,0,0,0,0,1,40,0,6016.98,2413.79,0
13.2435,66,5,6182.43,2352.71,18.71,2.76793,0,0,0,0,0,1,40,0,4496.65,3013.2,2.64
13.2471,71,18,2000,2000,8.59,-0.378557,0,1,0,0,0,1,40,2,5642.15,3677.49,10.64
13.2478,72,22,4496.66,3013.19,2.64,-0.748588,0,0,0,0,0,1,40,0,5364.82,2674.43,0
13.2486,73,19,2000,2000,0.21,-2.03229,0,1,1,32,0.15,1,40,2,5395.55,2658.81,17.02
13.2587,87,19,2000,2000,2.75,-2.01006,0,1,1,32,0.15,1,40,2,5419.69,2824.63,2.68
13.2609,90,19,2000,2000,0.16,1.89236,0,1,1,32,0.15,1,40,2,5397.38,2777.56,13.78
13.263,93,19,2000,2000,2.68,1.13054,0,1,1,32,0.15,1,40,2,5682.65,3810.88,0
13.2652,96,19,2000,2000,13.78,1.12825,0,1,1,32,0.15,1,40,2,5630.63,2566.25,0
13.2746,109,37,2000,2000,13.12,-1.8313,0,1,0,0,0,1,40,2,5173.28,2747.02,16.98
13.2761,111,19,2000,2000,10.05,-0.377181,0,1,1,32,0.15,1,40,2,5548.65,2598.97,0
13.2783,114,10,2000,2000,0,0,0,1,1,32,0.15,1,40,2,5584.88,3462.8,12.44
13.2804,117,10,2000,2000,0,0,0,1,1,32,0.15,1,40,2,5578.84,3440.16,12.31
13.2841,122,19,2000,2000,0,0,0,1,1,96,0.2,1,40,2,5449.8,2937.64,12.46
13.2848,123,34,2000,2000,12.31,-1.83135,0,1,0,64,0.05,1,40,2,5459.72,2973.8,10.67
13.2855,124,19,2000,2000,7.1,-0.378679,0,1,1,96,0.2,1,40,2,5424.2,2834.17,0.68
13.2862,125,19,2000,2000,10.87,-2.01304,0,1,1,96,0.2,1,40,2,5982.51,2426.64,0.44
13.292,133,10,2000,2000,7.4,2.77538,0,1,1,32,0.15,1,40,2,5365.79,2718.34,0
13.2957,138,19,2000,2000,2.94,1.12841,0,1,1,32,0.15,1,40,2,0,0,0
13.2971,140,17,5028.11,2807.38,4.2,2.76774,0,0,0,0,0,1,40,0,0,0,0
13.3022,9,10,2000,2000,0,0,0,1,1,32,0.15,1,40,2,5581.33,2586.44,0
13.3087,18,10,2000,2000,13.05,-0.369979,0,1,1,32,0.15,1,40,2,5385.28,2666.31,0
13.3101,20,11,5661.61,2555.29,0,0,0,0,0,0,0,1,40,0,5362.79,2712.01,0
13.3196,33,27,5467.16,2990.51,2.35,1.91939,0,0,0,0,0,1,40,0,5913.96,2453.81,14.31
13.3283,45,18,2000,2000,1.32,2.76236,0,1,0,64,0.05,1,40,2,6271.58,2317.8,12.92
13.329,46,10,2000,2000,0.08,-0.360436,0,1,1,96,0.2,1,40,2,4757.13,2913.71,23.19
13.3312,49,19,2000,2000,0.86,2.77185,0,1,1,32,0.15,1,40,2,5935.58,2445.24,11.81
13.3348,54,5,6065.15,2398.66,7.12,2.76786,0,0,0,0,0,1,40,0,5522.43,3207.36,14.61
13.3384,59,17,5009.92,2814.52,1.87,2.76903,0,0,0,0,0,1,40,0,6016.98,2413.79,0
13.3435,66,5,6180.69,2353.4,18.71,2.76793,0,0,0,0,0,1,40,0,4496.84,3013.02,2.64
13.3471,71,18,2000,2000,8.59,-0.378557,0,1,0,0,0,1,40,2,5641.88,3676.46,10.64
13.3478,72,22,4496.85,3013.02,2.64,-0.748588,0,0,0,0,0,1,40,0,5364.82,2674.43,0
13.3486,73,19,2000,2000,0.21,-2.03229,0,1,1,32,0.15,1,40,2,5397.13,2658.18,17.02
13.3587,87,19,2000,2000,2.75,-2.01006,0,1,1,32,0.15,1,40,2,5419.8,2824.88,2.68
13.3609,90,19,2000,2000,0.16,1.89236,0,1,1,32,0.15,1,40,2,5397.97,2778.8,13.78
13.363,93,19,2000,2000,2.68,1.13054,0,1,1,32,0.15,1,40,2,5682.65,3810.88,0
13.3652,96,19,2000,2000,13.78,1.12825,0,1,1,32,0.15,1,40,2,5630.63,2566.25,0
13.3746,109,37,2000,2000,13.12,-1.8313,0,1,0,0,0,1,40,2,5174.86,2746.4,16.98
13.3761,111,19,2000,2000,10.05,-0.377181,0,1,1,32,0.15,1,40,2,5548.65,2598.97,0
13.3783,114,10,2000,2000,0,0,0,1,1,32,0.15,1,40,2,5584.56,3461.6,12.44
13.3804,117,10,2000,2000,0,0,0,1,1,32,0.15,1,40,2,5578.53,3438.97,12.31
13.3841,122,19,2000,2000,0,0,0,1,1,96,0.2,1,40,2,5449.47,2936.43,12.46
13.3848,123,34,2000,2000,12.31,-1.83135,0,1,0,64,0.05,1,40,2,5459.43,2972.77,10.67
13.3855,124,19,2000,2000,7.1,-0.378679,0,1,1,96,0.2,1,40,2,5424.23,2834.23,0.68
13.3862,125,19,2000,2000,10.87,-2.01304,0,1,1,96,0.2,1,40,2,5982.55,2426.63,0.44
13.392,133,10,2000,2000,7.4,2.77538,0,1,1,32,0.15,1,40,2,5365.79,2718.34,0
13.3957,138,19,2000,2000,2.94,1.12841,0,1,1,32,0.15,1,40,2,0,0,0
13.3971,140,17,5027.72,2807.54,4.2,2.76774,0,0,0,0,0,1,40,0,0,0,0
13.4022,9,10,2000,2000,0,0,0,1,1,32,0.15,1,40,2,5581.33,2586.44,0
13.4087,18,10,2000,2000,13.05,-0.369979,0,1,1,32,0.15,1,40,2,5385.28,2666.31,0
13.4101,20,11,5661.61,2555.29,0,0,0,0,0,0,0,1,40,0,5362.79,2712.01,0
13.4196,33,27,5467.08,2990.73,2.35,1.91939,0,0,0,0,0,1,40,0,5915.29,2453.28,14.31
13.4283,45,18,2000,2000,1.32,2.76236,0,1,0,64,0.05,1,40,2,6270.37,2318.27,12.92
13.429,46,10,2000,2000,0.08,-0.360436,0,1,1,96,0.2,1,40,2,4754.97,2914.55,23.19
13.4312,49,19,2000,2000,0.86,2.77185,0,1,1,32,0.15,1,40,2,5936.68,2444.81,11.81
13.4348,54,5,6064.48,2398.92,7.12,2.76786,0,0,0,0,0,1,40,0,5522.79,3208.78,14.61
13.4384,59,17,5009.75,2814.59,1.87,2.76903,0,0,0,0,0,1,40,0,6016.98,2413.79,0
13.4435,66,5,6178.95,2354.08,18.71,2.76793,0,0,0,0,0,1,40,0,4497.04,3012.84,2.64
13.4471,71,18,2000,2000,8.59,-0.378557,0,1,0,0,0,1,40,2,5641.61,3675.44,10.64
13.4478,72,22,4497.05,3012.84,2.64,-0.748588,0,0,0,0,0,1,40,0,5364.82,2674.43,0
13.4486,73,19,2000,2000,0.21,-2.03229,0,1,1,32,0.15,1,40,2,5398.72,2657.55,17.02
13.4587,87,19,2000,2000,2.75,-2.01006,0,1,1,32,0.15,1,40,2,5419.92,2825.12,2.68
13.4609,90,19,2000,2000,0.16,1.89236,0,1,1,32,0.15,1,40,2,5398.56,2780.05,13.78
13.463,93,19,2000,2000,2.68,1.13054,0,1,1,32,0.15,1,40,2,5682.65,3810.88,0
13.4652,96,19,2000,2000,13.78,1.12825,0,1,1,32,0.15,1,40,2,5630.63,2566.25,0
13.4746,109,37,2000,2000,13.12,-1.8313,0,1,0,0,0,1,40,2,5176.44,2745.78,16.98
13.4761,111,19,2000,2000,10.05,-0.377181,0,1,1,32,0.15,1,40,2,5548.65,2598.97,0
13.4783,114,10,2000,2000,0,0,0,1,1,32,0.15,1,40,2,5584.24,3460.4,12.44
13.4804,117,10,2000,2000,0,0,0,1,1,32,0.15,1,40,2,5578.21,3437.78,12.31
13.4841,122,19,2000,2000,0,0,0,1,1,96,0.2,1,40,2,5449.14,2935.23,12.46
13.4848,123,34,2000,2000,12.31,-1.83135,0,1,0,64,0.05,1,40,2,5459.15,2971.74,10.67
13.4855,124,19,2000,2000,7.1,-0.378679,0,1,1,96,0.2,1,40,2,5424.26,2834.29,0.68
13.4862,125,19,2000,2000,10.87,-2.01304,0,1,1,96,0.2,1,40,2,5982.59,2426.61,0.44
13.492,133,10,2000,2000,7.4,2.77538,0,1,1,32,0.15,1,40,2,5365.79,2718.34,0
13.4957,138,19,2000,2000,2.94,1.12841,0,1,1,32,0.15,1,40,2,0,0,0
13.4971,140,17,5027.33,2807.69,4.2,2.76774,0,0,0,0,0,1,40,0,0,0,0
13.5022,9,10,2000,2000,0,0,0,1,1,32,0.15,1,40,2,5581.33,2586.44,0
13.5087,18,10,2000,2000,13.05,-0.369979,0,1,1,32,0.15,1,40,2,5385.28,2666.31,0
13.5101,20,11,5661.61,2555.29,0,0,0,0,0,0,0,1,40,0,5362.79,2712.01,0
13.5196,33,27,5467,2990.95,2.35,1.91939,0,0,0,0,0,1,40,0,5916.62,2452.75,14.31
13.5283,45,18,2000,2000,1.32,2.76236,0,1,0,64,0.05,1,40,2,6269.17,2318.74,12.92
13.529,46,10,2000,2000,0.08,-0.360436,0,1,1,96,0.2,1,40,2,4752.81,2915.4,23.19
13.5312,49,19,2000,2000,0.86,2.77185,0,1,1,32,0.15,1,40,2,5937.78,2444.37,11.81
13.5348,54,5,6063.82,2399.18,7.12,2.76786,0,0,0,0,0,1,40,0,5523.14,3210.2,14.61
13.5384,59,17,5009.58,2814.66,1.87,2.76903,0,0,0,0,0,1,40,0,6016.98,2413.79,0
13.5435,66,5,6177.2,2354.76,18.71,2.76793,0,0,0,0,0,1,40,0,4497.23,3012.66,2.64
13.5471,71,18,2000,2000,8.59,-0.378557,0,1,0,0,0,1,40,2,5641.33,3674.41,10.64
13.5478,72,22,4497.24,3012.66,2.64,-0.748588,0,0,0,0,0,1,40,0,5364.82,2674.43,0
13.5486,73,19,2000,2000,0.21,-2.03229,0,1,1,32,0.15,1,40,2,5400.3,2656.92,17.02
13.5587,87,19,2000,2000,2.75,-2.01006,0,1,1,32,0.15,1,40,2,5420.03,2825.36,2.68
13.5609,90,19,2000,2000,0.16,1.89236,0,1,1,32,0.15,1,40,2,5399.15,2781.29,13.78
13.563,93,19,2000,2000,2.68,1.13054,0,1,1,32,0.15,1,40,2,5682.65,3810.88,0
13.5652,96,19,2000,2000,13.78,1.12825,0,1,1,32,0.15,1,40,2,5630.63,2566.25,0
13.5746,109,37,2000,2000,13.12,-1.8313,0,1,0,0,0,1,40,2,5178.02,2745.16,16.98
13.5761,111,19,2000,2000,10.05,-0.377181,0,1,1,32,0.15,1,40,2,5548.65,2598.97,0
13.5783,114,10,2000,2000,0,0,0,1,1,32,0.15,1,40,2,5583.92,3459.19,12.44
13.5804,117,10,2000,2000,0,0,0,1,1,32,0.15,1,40,2,5577.89,3436.59,12.31
13.5841,122,19,2000,2000,0,0,0,1,1,96,0.2,1,40,2,5448.81,2934.03,12.46
13.5848,123,34,2000,2000,12.31,-1.83135,0,1,0,64,0.05,1,40,2,5458.87,2970.71,10.67
13.5855,124,19,2000,2000,7.1,-0.378679,0,1,1,96,0.2,1,40,2,5424.29,2834.36,0.68
13.5862,125,19,2000,2000,10.87,-2.01304,0,1,1,96,0.2,1,40,2,5982.63,2426.6,0.44
13.592,133,10,2000,2000,7.4,2.77538,0,1,1,32,0.15,1,40,2,5365.79,2718.34,0
13.5957,138,19,2000,2000,2.94,1.12841,0,1,1,32,0.15,1,40,2,0,0,0
13.5971,140,17,5026.94,2807.84,4.2,2.76774,0,0,0,0,0,1,40,0,0,0,0
13.6022,9,10,2000,2000,0,0,0,1,1,32,0.15,1,40,2,5581.33,2586.44,0
13.6087,18,10,2000,2000,13.05,-0.369979,0,1,1,32,0.15,1,40,2,5385.28,2666.31,0
13.6101,20,11,5661.61,2555.29,0,0,0,0,0,0,0,1,40,0,5362.79,2712.01,0
13.6196,33,27,5466.92,2991.17,2.35,1.91939,0,0,0,0,0,1,40,0,5917.95,2452.22,14.31
13.6283,45,18,2000,2000,1.32,2.76236,0,1,0,64,0.05,1,40,2,6267.96,2319.21,12.92
13.629,46,10,2000,2000,0.08,-0.360436,0,1,1,96,0.2,1,40,2,4750.65,2916.25,23.19
13.6312,49,19,2000,2000,0.86,2.77185,0,1,1,32,0.15,1,40,2,5938.88,2443.94,11.81
13.6348,54,5,6063.16,2399.44,7.12,2.76786,0,0,0,0,0,1,40,0,5523.5,3211.62,14.61
13.6384,59,17,5009.4,2814.73,1.87,2.76903,0,0,0,0,0,1,40,0,6016.98,2413.79,0
13.6435,66,5,6175.46,2355.44,18.71,2.76793,0,0,0,0,0,1,40,0,4497.42,3012.48,2.64
13.6471,71,18,2000,2000,8.59,-0.378557,0,1,0,0,0,1,40,2,5641.06,3673.38,10.64
13.6478,72,22,4497.43,3012.48,2.64,-0.748588,0,0,0,0,0,1,40,0,5364.82,2674.43,0
13.6486,73,19,2000,2000,0.21,-2.03229,0,1,1,32,0.15,1,40,2,5401.88,2656.3,17.02
13.6587,87,19,2000,2000,2.75,-2.01006,0,1,1,32,0.15,1,40,2,5420.15,2825.6,2.68
13.6609,90,19,2000,2000,0.16,1.89236,0,1,1,32,0.15,1,40,2,5399.74,2782.54,13.78
13.663,93,19,2000,2000,2.68,1.13054,0,1,1,32,0.15,1,40,2,5682.65,3810.88,0
13.6652,96,19,2000,2000,13.78,1.12825,0,1,1,32,0.15,1,40,2,5630.63,2566.25,0
13.6746,109,37,2000,2000,13.12,-1.8313,0,1,0,0,0,1,40,2,5179.6,2744.54,16.98
13.6761,111,19,2000,2000,10.05,-0.377181,0,1,1,32,0.15,1,40,2,5548.65,2598.97,0
13.6783,114,10,2000,2000,0,0,0,1,1,32,0.15,1,40,2,5583.6,3457.99,12.44
13.6804,117,10,2000,2000,0,0,0,1,1,32,0.15,1,40,2,5577.57,3435.4,12.31
13.6841,122,19,2000,2000,0,0,0,1,1,96,0.2,1,40,2,5448.48,2932.83,12.46
13.6848,123,34,2000,2000,12.31,-1.83135,0,1,0,64,0.05,1,40,2,5458.59,2969.68,10.67
13.6855,124,19,2000,2000,7.1,-0.378679,0,1,1,96,0.2,1,40,2,5424.32,2834.42,0.68
13.6862,125,19,2000,2000,10.87,-2.01304,0,1,1,96,0.2,1,40,2,5982.67,2426.58,0.44
13.692,133,10,2000,2000,7.4,2.77538,0,1,1,32,0.15,1,40,2,5365.79,2718.34,0
13.6957,138,19,2000,2000,2.94,1.12841,0,1,1,32,0.15,1,40,2,0,0,0
13.6971,140,17,5026.55,2808,4.2,2.76774,0,0,0,0,0,1,40,0,0,0,0
13.7022,9,10,2000,2000,0,0,0,1,1,32,0.15,1,40,2,5581.33,2586.44,0
13.7087,18,10,2000,2000,13.05,-0.369979,0,1,1,32,0.15,1,40,2,5385.28,2666.31,0
13.7101,20,11,5661.61,2555.29,0,0,0,0,0,0,0,1,40,0,5362.79,2712.01,0
13.7196,33,27,5466.84,2991.39,2.35,1.91939,0,0,0,0,0,1,40,0,5919.28,2451.69,14.31
13.7283,45,18,2000,2000,1.32,2.76236,0,1,0,64,0.05,1,40,2,6266.76,2319.68,12.92
13.729,46,10,2000,2000,0.08,-0.360436,0,1,1,96,0.2,1,40,2,4748.49,2917.09,23.19
13.7312,49,19,2000,2000,0.86,2.77185,0,1,1,32,0.15,1,40,2,5939.97,2443.5,11.81
13.7348,54,5,6062.5,2399.7,7.12,2.76786,0,0,0,0,0,1,40,0,5523.86,3213.03,14.61
13.7384,59,17,5009.23,2814.8,1.87,2.76903,0,0,0,0,0,1,40,0,6016.98,2413.79,0
13.7435,66,5,6173.72,2356.13,18.71,2.76793,0,0,0,0,0,1,40,0,4497.62,3012.3,2.64
13.7471,71,18,2000,2000,8.59,-0.378557,0,1,0,0,0,1,40,2,5640.78,3672.35,10.64
13.7478,72,22,4497.63,3012.3,2.64,-0.748588,0,0,0,0,0,1,40,0,5364.82,2674.43,0
13.7486,73,19,2000,2000,0.21,-2.03229,0,1,1,32,0.15,1,40,2,5403.46,2655.67,17.02
13.7587,87,19,2000,2000,2.75,-2.01006,0,1,1,32,0.15,1,40,2,5420.26,2825.85,2.68
13.7609,90,19,2000,2000,0.16,1.89236,0,1,1,32,0.15,1,40,2,5400.33,2783.78,13.78
13.763,93,19,2000,2000,2.68,1.13054,0,1,1,32,0.15,1,40,2,5682.65,3810.88,0
13.7652,96,19,2000,2000,13.78,1.12825,0,1,1,32,0.15,1,40,2,5630.63,2566.25,0
13.7746,109,37,2000,2000,13.12,-1.8313,0,1,0,0,0,1,40,2,5181.18,2743.92,16.98
13.7761,111,19,2000,2000,10.05,-0.377181,0,1,1,32,0.15,1,40,2,5548.65,2598.97,0
13.7783,114,10,2000,2000,0,0,0,1,1,32,0.15,1,40,2,5583.28,3456.79,12.44
13.7804,117,10,2000,2000,0,0,0,1,1,32,0.15,1,40,2,5577.26,3434.22,12.31
13.7841,122,19,2000,2000,0,0,0,1,1,96,0.2,1,40,2,5448.15,2931.63,12.46
13.7848,123,34,2000,2000,12.31,-1.83135,0,1,0,64,0.05,1,40,2,5458.31,2968.65,10.67
13.7855,124,19,2000,2000,7.1,-0.378679,0,1,1,96,0.2,1,40,2,5424.35,2834.48,0.68
13.7862,125,19,2000,2000,10.87,-2.01304,0,1,1,96,0.2,1,40,2,5982.71,2426.56,0.44
13.792,133,10,2000,2000,7.4,2.77538,0,1,1,32,0.15,1,40,2,5365.79,2718.34,0
13.7957,138,19,2000,2000,2.94,1.12841,0,1,1,32,0.15,1,40,2,0,0,0
13.7971,140,17,5026.16,2808.15,4.2,2.76774,0,0,0,0,0,1,40,0,0,0,0
13.8022,9,10,2000,2000,0,0,0,1,1,32,0.15,1,40,2,5581.33,2586.44,0
13.8087,18,10,2000,2000,13.05,-0.369979,0,1,1,32,0.15,1,40,2,5385.28,2666.31,0
13.8101,20,11,5661.61,2555.29,0,0,0,0,0,0,0,1,40,0,5362.79,2712.01,0
13.8196,33,27,5466.76,2991.61,2.35,1.91939,0,0,0,0,0,1,40,0,5920.61,2451.17,14.31
13.8283,45,18,2000,2000,1.32,2.76236,0,1,0,64,0.05,1,40,2,6265.56,2320.14,12.92
13.829,46,10,2000,2000,0.08,-0.360436,0,1,1,96,0.2,1,40,2,4746.34,2917.94,23.19
13.8312,49,19,2000,2000,0.86,2.77185,0,1,1,32,0.15,1,40,2,5941.07,2443.07,11.81
13.8348,54,5,6061.83,2399.96,7.12,2.76786,0,0,0,0,0,1,40,0,5524.22,3214.45,14.61
13.8384,59,17,5009.05,2814.87,1.87,2.76903,0,0,0,0,0,1,40,0,6016.98,2413.79,0
13.8435,66,5,6171.98,2356.81,18.71,2.76793,0,0,0,0,0,1,40,0,4497.81,3012.12,2.64
13.8471,71,18,2000,2000,8.59,-0.378557,0,1,0,0,0,1,40,2,5640.51,3671.32,10.64
13.8478,72,22,4497.82,3012.12,2.64,-0.748588,0,0,0,0,0,1,40,0,5364.82,2674.43,0
13.8486,73,19,2000,2000,0.21,-2.03229,0,1,1,32,0.15,1,40,2,5405.04,2655.04,17.02
13.8587,87,19,2000,2000,2.75,-2.01006,0,1,1,32,0.15,1,40,2,5420.37,2826.09,2.68
13.8609,90,19,2000,2000,0.16,1.89236,0,1,1,32,0.15,1,40,2,5400.93,2785.03,13.78
13.863,93,19,2000,2000,2.68,1.13054,0,1,1,32,0.15,1,40,2,5682.65,3810.88,0
13.8652,96,19,2000,2000,13.78,1.12825,0,1,1,32,0.15,1,40,2,5630.63,2566.25,0
13.8746,109,37,2000,2000,13.12,-1.8313,0,1,0,0,0,1,40,2,5182.76,2743.3,16.98
13.8761,111,19,2000,2000,10.05,-0.377181,0,1,1,32,0.15,1,40,2,5548.65,2598.97,0
13.8783,114,10,2000,2000,0,0,0,1,1,32,0.15,1,40,2,5582.96,3455.59,12.44
13.8804,117,10,2000,2000,0,0,0,1,1,32,0.15,1,40,2,5576.94,3433.03,12.31
13.8841,122,19,2000,2000,0,0,0,1,1,96,0.2,1,40,2,5447.82,2930.43,12.46
13.8848,123,34,2000,2000,12.31,-1.83135,0,1,0,64,0.05,1,40,2,5458.02,2967.62,10.67
13.8855,124,19,2000,2000,7.1,-0.378679,0,1,1,96,0.2,1,40,2,5424.38,2834.54,0.68
13.8862,125,19,2000,2000,10.87,-2.01304,0,1,1,96,0.2,1,40,2,5982.75,2426.55,0.44
13.892,133,10,2000,2000,7.4,2.77538,0,1,1,32,0.15,1,40,2,5365.79,2718.34,0
13.8957,138,19,2000,2000,2.94,1.12841,0,1,1,32,0.15,1,40,2,0,0,0
13.8971,140,17,5025.77,2808.3,4.2,2.76774,0,0,0,0,0,1,40,0,0,0,0
13.9022,9,10,2000,2000,0,0,0,1,1,32,0.15,1,40,2,5581.33,2586.44,0
13.9087,18,10,2000,2000,13.05,-0.369979,0,1,1,32,0.15,1,40,2,5385.28,2666.31,0
13.9101,20,11,5661.61,2555.29,0,0,0,0,0,0,0,1,40,0,5362.79,2712.01,0
13.9196,33,27,5466.68,2991.83,2.35,1.91939,0,0,0,0,0,1,40,0,5921.94,2450.64,14.31
13.9283,45,18,2000,2000,1.32,2.76236,0,1,0,64,0.05,1,40,2,6264.36,2320.61,12.92
13.929,46,10,2000,2000,0.08,-0.360436,0,1,1,96,0.2,1,40,2,4744.17,2918.79,23.19
13.9312,49,19,2000,2000,0.86,2.77185,0,1,1,32,0.15,1,40,2,5942.17,2442.63,11.81
13.9348,54,5,6061.17,2400.22,7.12,2.76786,0,0,0,0,0,1,40,0,5524.57,3215.87,14.61
13.9384,59,17,5008.88,2814.93,1.87,2.76903,0,0,0,0,0,1,40,0,6016.98,2413.79,0
13.9435,66,5,6170.24,2357.49,18.71,2.76793,0,0,0,0,0,1,40,0,4498.01,3011.94,2.64
13.9471,71,18,2000,2000,8.59,-0.378557,0,1,0,0,0,1,40,2,5640.24,3670.3,10.64
13.9478,72,22,4498.01,3011.94,0,0,-26.4,0,1,6,0.2,1,40,0,5364.82,2674.43,0
13.9486,73,19,2000,2000,0.21,-2.03229,0,1,1,32,0.15,1,40,2,5406.63,2654.42,17.02
13.9587,87,19,2000,2000,2.75,-2.01006,0,1,1,32,0.15,1,40,2,5420.49,2826.33,2.68
13.9609,90,19,2000,2000,0.16,1.89236,0,1,1,32,0.15,1,40,2,5401.52,2786.27,13.78
13.963,93,19,2000,2000,2.68,1.13054,0,1,1,32,0.15,1,40,2,5682.65,3810.88,0
13.9652,96,19,2000,2000,13.78,1.12825,0,1,1,32,0.15,1,40,2,5630.63,2566.25,0
13.9746,109,37,2000,2000,13.12,-1.8313,0,1,0,0,0,1,40,2,5184.34,2742.68,16.98
13.9761,111,19,2000,2000,10.05,-0.377181,0,1,1,32,0.15,1,40,2,5548.65,2598.97,0
13.9783,114,10,2000,2000,0,0,0,1,1,32,0.15,1,40,2,5582.64,3454.38,12.44
13.9804,117,10,2000,2000,0,0,0,1,1,32,0.15,1,40,2,5576.62,3431.84,12.31
13.9841,122,19,2000,2000,0,0,0,1,1,96,0.2,1,40,2,5447.49,2929.22,12.46
13.9848,123,34,2000,2000,12.31,-1.83135,0,1,0,64,0.05,1,40,2,5457.74,2966.6,10.67
13.9855,124,19,2000,2000,7.1,-0.378679,0,1,1,96,0.2,1,40,2,5424.41,2834.6,0.68
13.9862,125,19,2000,2000,10.87,-2.01304,0,1,1,96,0.2,1,40,2,5982.79,2426.53,0.44
13.992,133,10,2000,2000,7.4,2.77538,0,1,1,32,0.15,1,40,2,5365.79,2718.34,0
13.9957,138,19,2000,2000,2.94,1.12841,0,1,1,32,0.15,1,40,2,0,0,0
13.9971,140,17,5025.38,2808.46,4.2,2.76774,0,0,0,0,0,1,40,0,0,0,0
14.0022,9,10,2000,2000,0,0,0,1,1,32,0.15,1,40,2,5581.33,2586.44,0
14.0087,18,10,2000,2000,9.05,-0.369234,-40,1,1,36,0.25,1,40,2,5385.28,2666.31,0
14.0101,20,11,5661.6,2555.31,2.02,1.87085,20.2,0,1,6,0.2,1,40,0,5362.79,2712.01,0
14.0196,33,27,5466.61,2991.86,3.24,-2.59869,8.9,0,1,6,0.2,1,40,0,5923.23,2450.13,12.1
14.0167,29,10,2000,2000,7.67,2.75624,-12.7,1,1,32,0.15,1,40,2,5685.14,3817.41,0
14.0283,45,18,2000,2000,3.25,2.76337,19.3,1,1,68,0.15,1,40,2,6263.11,2321.1,14.36
14.029,46,10,2000,2000,0.02,-0.176199,-0.6,1,1,98,0.3,1,40,2,4742,2919.64,23.78
14.0312,49,19,2000,2000,0.22,2.76123,-6.4,1,1,36,0.25,1,40,2,5943.2,2442.22,9.33
14.0348,54,5,6060.51,2400.48,6.94,2.77791,-1.8,0,0,0,0,1,40,0,5524.93,3217.28,14.61
14.0384,59,17,5008.75,2814.99,0.74,2.76861,-11.3,0,1,4,0.1,1,40,0,6016.98,2413.79,0
14.0435,66,5,6168.64,2358.12,15.08,2.76823,-36.3,0,1,4,0.1,1,40,0,4498.2,3011.86,4.78
14.0471,71,18,2000,2000,10.25,-0.378515,16.6,1,1,4,0.1,1,40,2,5639.94,3669.2,12.08
14.0478,72,22,4498.22,3011.86,4.78,-0.375448,47.8,0,1,6,0.2,1,40,0,5364.82,2674.43,0
14.0486,73,19,2000,2000,0.03,-1.92301,-1.8,1,1,34,0.25,1,40,2,5408.3,2653.75,19.08
14.0464,70,19,2000,2000,9.8,-2.01346,3.1,1,1,40,0.3,1,40,2,4987.63,2822.48,0
14.0587,87,19,2000,2000,0.66,-2.02761,-20.9,1,1,36,0.25,1,40,2,5420.55,2826.46,0.54
14.0609,90,19,2000,2000,0.75,2.28802,5.9,1,1,38,0.35,1,40,2,5402.04,2787.38,11.27
14.063,93,19,2000,2000,0.54,1.11562,-21.4,1,1,36,0.25,1,40,2,5682.65,3810.88,0
14.0652,96,19,2000,2000,11.27,1.12859,-25.1,1,1,4,0.1,1,40,2,5630.63,2566.25,0
14.0746,109,37,2000,2000,13.6,-1.83201,4.8,1,1,4,0.1,1,40,2,5185.79,2742.11,15.04
14.0761,111,19,2000,2000,10.94,-0.376945,8.9,1,1,4,0.1,1,40,2,5548.65,2598.97,0
14.0783,114,10,2000,2000,0,0,0,1,1,32,0.15,1,40,2,5582.32,3453.16,12.68
14.0804,117,10,2000,2000,0,0,0,1,1,32,0.15,1,40,2,5576.31,3430.66,12.19
14.0841,122,19,2000,2000,0,0,0,1,0,64,0.05,1,40,2,5447.16,2928,12.76
14.0848,123,34,2000,2000,12.19,-1.83129,-1.2,1,0,64,0.05,1,40,2,5457.43,2965.45,12.1
14.0855,124,19,2000,2000,6.98,-0.377578,-1.2,1,1,96,0.2,1,40,2,5424.42,2834.64,0.36
14.0862,125,19,2000,2000,12.64,-2.01321,17.7,1,1,100,0.3,1,40,2,5982.81,2426.52,0.17
14.092,133,10,2000,2000,4.92,2.77544,-24.8,1,1,36,0.25,1,40,2,5365.79,2718.34,0
14.0957,138,19,2000,2000,2.35,1.12622,-5.9,1,1,36,0.25,1,40,2,0,0,0
14.0971,140,17,5025.26,2808.5,1.2,2.76726,-30,0,1,4,0.1,1,40,0,0,0,0
14.1022,9,10,2000,2000,0,0,0,1,0,0,0,1,40,2,5581.33,2586.44,0
14.1087,18,10,2000,2000,9.05,-0.369234,0,1,0,0,0,1,40,2,5385.28,2666.31,0
14.1101,20,11,5661.54,2555.5,2.02,1.87085,0,0,0,0,0,1,40,0,5362.79,2712.01,0
14.1167,29,10,2000,2000,7.67,2.75624,0,1,0,0,0,1,40,2,5685.14,3817.41,0
14.1196,33,27,5466.33,2991.69,3.24,-2.59869,0,0,0,0,0,1,40,0,5924.36,2449.68,12.1
14.1283,45,18,2000,2000,3.25,2.76337,0,1,0,64,0.05,1,40,2,6261.78,2321.62,14.36
14.129,46,10,2000,2000,0.02,-0.176199,0,1,1,96,0.2,1,40,2,4739.79,2920.51,23.78
14.1312,49,19,2000,2000,0.22,2.76123,0,1,1,32,0.15,1,40,2,5944.06,2441.88,9.33
14.1348,54,5,6059.86,2400.73,6.94,2.77791,0,0,0,0,0,1,40,0,5525.29,3218.7,14.61
14.1384,59,17,5008.68,2815.01,0.74,2.76861,0,0,0,0,0,1,40,0,6016.98,2413.79,0
14.1435,66,5,6167.24,2358.67,15.08,2.76823,0,0,0,0,0,1,40,0,4498.65,3011.69,4.78
14.1464,70,19,2000,2000,9.8,-2.01346,0,1,1,32,0.15,1,40,2,4987.63,2822.48,0
14.1471,71,18,2000,2000,10.25,-0.378515,0,1,0,0,0,1,40,2,5639.63,3668.04,12.08
14.1478,72,22,4498.67,3011.68,4.78,-0.375448,0,0,0,0,0,1,40,0,5364.82,2674.43,0
14.1486,73,19,2000,2000,0.03,-1.92301,0,1,1,32,0.15,1,40,2,5410.08,2653.05,19.08
14.1587,87,19,2000,2000,0.66,-2.02761,0,1,1,32,0.15,1,40,2,5420.57,2826.51,0.54
14.1609,90,19,2000,2000,0.75,2.28802,0,1,1,32,0.15,1,40,2,5402.52,2788.4,11.27
14.163,93,19,2000,2000,0.54,1.11562,0,1,1,32,0.15,1,40,2,5682.65,3810.88,0
14.1652,96,19,2000,2000,11.27,1.12859,0,1,1,32,0.15,1,40,2,5630.63,2566.25,0
14.1746,109,37,2000,2000,13.6,-1.83201,0,1,0,0,0,1,40,2,5187.19,2741.56,15.04
14.1761,111,19,2000,2000,10.94,-0.376945,0,1,1,32,0.15,1,40,2,5548.65,2598.97,0
14.1783,114,10,2000,2000,0,0,0,1,1,32,0.15,1,40,2,5581.99,3451.94,12.68
14.1804,117,10,2000,2000,0,0,0,1,1,32,0.15,1,40,2,5575.99,3429.48,12.19
14.1841,122,19,2000,2000,0,0,0,1,1,96,0.2,1,40,2,5446.82,2926.77,12.76
14.1848,123,34,2000,2000,12.19,-1.83129,0,1,0,64,0.05,1,40,2,5457.11,2964.28,12.1
14.1855,124,19,2000,2000,6.98,-0.377578,0,1,1,96,0.2,1,40,2,5424.44,2834.67,0.36
14.1862,125,19,2000,2000,12.64,-2.01321,0,1,1,96,0.2,1,40,2,5982.83,2426.52,0.17
14.192,133,10,2000,2000,4.92,2.77544,0,1,1,32,0.15,1,40,2,5365.79,2718.34,0
14.1957,138,19,2000,2000,2.35,1.12622,0,1,1,32,0.15,1,40,2,0,0,0
14.1971,140,17,5025.15,2808.55,1.2,2.76726,0,0,0,0,0,1,40,0,0,0,0
14.2022,9,10,2000,2000,0,0,0,1,1,32,0.15,1,40,2,5581.33,2586.44,0
14.2087,18,10,2000,2000,9.05,-0.369234,0,1,1,32,0.15,1,40,2,5385.28,2666.31,0
14.2101,20,11,5661.48,2555.7,2.02,1.87085,0,0,0,0,0,1,40,0,5362.79,2712.01,0
14.2167,29,10,2000,2000,7.67,2.75624,0,1,1,32,0.15,1,40,2,5685.14,3817.41,0
14.2196,33,27,5466.05,2991.52,3.24,-2.59869,0,0,0,0,0,1,40,0,5925.48,2449.24,12.1
14.2283,45,18,2000,2000,3.25,2.76337,0,1,0,64,0.05,1,40,2,6260.44,2322.15,14.36
14.229,46,10,2000,2000,0.02,-0.176199,0,1,1,96,0.2,1,40,2,4737.57,2921.38,23.78
14.2312,49,19,2000,2000,0.22,2.76123,0,1,1,32,0.15,1,40,2,5944.93,2441.54,9.33
14.2348,54,5,6059.22,2400.97,6.94,2.77791,0,0,0,0,0,1,40,0,5525.64,3220.12,14.61
14.2384,59,17,5008.61,2815.04,0.74,2.76861,0,0,0,0,0,1,40,0,6016.98,2413.79,0
14.2435,66,5,6165.83,2359.22,15.08,2.76823,0,0,0,0,0,1,40,0,4499.09,3011.51,4.78
14.2464,70,19,2000,2000,9.8,-2.01346,0,1,1,32,0.15,1,40,2,4987.63,2822.48,0
14.2471,71,18,2000,2000,10.25,-0.378515,0,1,0,64,0.05,1,40,2,5639.32,3666.87,12.08
14.2478,72,22,4499.11,3011.51,4.78,-0.375448,0,0,0,0,0,1,40,0,5364.82,2674.43,0
14.2486,73,19,2000,2000,0.03,-1.92301,0,1,1,32,0.15,1,40,2,5411.85,2652.34,19.08
14.2587,87,19,2000,2000,0.66,-2.02761,0,1,1,32,0.15,1,40,2,5420.6,2826.56,0.54
14.2609,90,19,2000,2000,0.75,2.28802,0,1,1,32,0.15,1,40,2,5403,2789.42,11.27
14.263,93,19,2000,2000,0.54,1.11562,0,1,1,32,0.15,1,40,2,5682.65,3810.88,0
14.2652,96,19,2000,2000,11.27,1.12859,0,1,1,32,0.15,1,40,2,5630.63,2566.25,0
14.2746,109,37,2000,2000,13.6,-1.83201,0,1,0,0,0,1,40,2,5188.59,2741,15.04
14.2761,111,19,2000,2000,10.94,-0.376945,0,1,1,32,0.15,1,40,2,5548.65,2598.97,0
14.2783,114,10,2000,2000,0,0,0,1,1,32,0.15,1,40,2,5581.66,3450.71,12.68
14.2804,117,10,2000,2000,0,0,0,1,1,32,0.15,1,40,2,5575.68,3428.3,12.19
14.2841,122,19,2000,2000,0,0,0,1,1,96,0.2,1,40,2,5446.48,2925.54,12.76
14.2848,123,34,2000,2000,12.19,-1.83129,0,1,0,64,0.05,1,40,2,5456.79,2963.12,12.1
14.2855,124,19,2000,2000,6.98,-0.377578,0,1,1,96,0.2,1,40,2,5424.45,2834.7,0.36
14.2862,125,19,2000,2000,12.64,-2.01321,0,1,1,96,0.2,1,40,2,5982.85,2426.51,0.17
14.292,133,10,2000,2000,4.92,2.77544,0,1,1,32,0.15,1,40,2,5365.79,2718.34,0
14.2957,138,19,2000,2000,2.35,1.12622,0,1,1,32,0.15,1,40,2,0,0,0
14.2971,140,17,5025.04,2808.59,1.2,2.76726,0,0,0,0,0,1,40,0,0,0,0
14.3022,9,10,2000,2000,0,0,0,1,1,32,0.15,1,40,2,5581.33,2586.44,0
14.3087,18,10,2000,2000,9.05,-0.369234,0,1,1,32,0.15,1,40,2,5385.28,2666.31,0
14.3101,20,11,5661.42,2555.89,2.02,1.87085,0,0,0,0,0,1,40,0,5362.79,2712.01,0
14.3167,29,10,2000,2000,7.67,2.75624,0,1,1,32,0.15,1,40,2,5685.14,3817.41,0
14.3196,33,27,5465.77,2991.36,3.24,-2.59869,0,0,0,0,0,1,40,0,5926.61,2448.79,12.1
14.3283,45,18,2000,2000,3.25,2.76337,0,1,0,64,0.05,1,40,2,6259.1,2322.67,14.36
14.329,46,10,2000,2000,0.02,-0.176199,0,1,1,96,0.2,1,40,2,4735.35,2922.25,23.78
14.3312,49,19,2000,2000,0.22,2.76123,0,1,1,32,0.15,1,40,2,5945.8,2441.19,9.33
14.3348,54,5,6058.57,2401.22,6.94,2.77791,0,0,0,0,0,1,40,0,5526,3221.53,14.61
14.3384,59,17,5008.54,2815.07,0.74,2.76861,0,0,0,0,0,1,40,0,6016.98,2413.79,0
14.3435,66,5,6164.43,2359.77,15.08,2.76823,0,0,0,0,0,1,40,0,4499.54,3011.34,4.78
14.3464,70,19,2000,2000,9.8,-2.01346,0,1,1,96,0.2,1,40,2,4987.63,2822.48,0
14.3471,71,18,2000,2000,10.25,-0.378515,0,1,0,64,0.05,1,40,2,5639.01,3665.7,12.08
14.3478,72,22,4499.56,3011.33,4.78,-0.375448,0,0,0,0,0,1,40,0,5364.82,2674.43,0
14.3486,73,19,2000,2000,0.03,-1.92301,0,1,1,32,0.15,1,40,2,5413.62,2651.64,19.08
14.3587,87,19,2000,2000,0.66,-2.02761,0,1,1,32,0.15,1,40,2,5420.62,2826.61,0.54
14.3609,90,19,2000,2000,0.75,2.28802,0,1,1,32,0.15,1,40,2,5403.49,2790.44,11.27
14.363,93,19,2000,2000,0.54,1.11562,0,1,1,32,0.15,1,40,2,5682.65,3810.88,0
14.3652,96,19,2000,2000,11.27,1.12859,0,1,1,32,0.15,1,40,2,5630.63,2566.25,0
14.3746,109,37,2000,2000,13.6,-1.83201,0,1,0,0,0,1,40,2,5189.99,2740.45,15.04
14.3761,111,19,2000,2000,10.94,-0.376945,0,1,1,32,0.15,1,40,2,5548.65,2598.97,0
14.3783,114,10,2000,2000,0,0,0,1,1,32,0.15,1,40,2,5581.34,3449.49,12.68
14.3804,117,10,2000,2000,0,0,0,1,1,32,0.15,1,40,2,5575.37,3427.12,12.19
14.3841,122,19,2000,2000,0,0,0,1,1,96,0.2,1,40,2,5446.14,2924.31,12.76
14.3848,123,34,2000,2000,12.19,-1.83129,0,1,0,64,0.05,1,40,2,5456.47,2961.95,12.1
14.3855,124,19,2000,2000,6.98,-0.377578,0,1,1,96,0.2,1,40,2,5424.47,2834.73,0.36
14.3862,125,19,2000,2000,12.64,-2.01321,0,1,1,96,0.2,1,40,2,5982.86,2426.51,0.17
14.392,133,10,2000,2000,4.92,2.77544,0,1,1,32,0.15,1,40,2,5365.79,2718.34,0
14.3957,138,19,2000,2000,2.35,1.12622,0,1,1,32,0.15,1,40,2,0,0,0
14.3971,140,17,5024.93,2808.63,1.2,2.76726,0,0,0,0,0,1,40,0,0,0,0
14.4022,9,10,2000,2000,0,0,0,1,1,32,0.15,1,40,2,5581.33,2586.44,0
14.4087,18,10,2000,2000,9.05,-0.369234,0,1,1,32,0.15,1,40,2,5385.28,2666.31,0
14.4101,20,11,5661.37,2556.08,2.02,1.87085,0,0,0,0,0,1,40,0,5362.79,2712.01,0
14.4167,29,10,2000,2000,7.67,2.75624,0,1,1,32,0.15,1,40,2,5685.14,3817.41,0
14.4196,33,27,5465.5,2991.19,3.24,-2.59869,0,0,0,0,0,1,40,0,5927.73,2448.35,12.1
14.4283,45,18,2000,2000,3.25,2.76337,0,1,0,64,0.05,1,40,2,6257.77,2323.19,14.36
14.429,46,10,2000,2000,0.02,-0.176199,0,1,1,96,0.2,1,40,2,4733.14,2923.12,23.78
14.4297,47,37,2000,2000,10.99,-1.83122,0,1,1,281,0.5,1,40,2,6138.34,2369.99,10.31
14.4312,49,19,2000,2000,0.22,2.76123,0,1,1,32,0.15,1,40,2,5946.67,2440.85,9.33
14.4348,54,5,6057.92,2401.47,6.94,2.77791,0,0,0,0,0,1,40,0,5526.36,3222.95,14.61
14.4384,59,17,5008.47,2815.09,0.74,2.76861,0,0,0,0,0,1,40,0,6016.98,2413.79,0
14.4435,66,5,6163.02,2360.32,15.08,2.76823,0,0,0,0,0,1,40,0,4499.98,3011.16,4.78
14.4464,70,19,2000,2000,9.8,-2.01346,0,1,1,96,0.2,1,40,2,4987.63,2822.48,0
14.4471,71,18,2000,2000,10.25,-0.378515,0,1,0,64,0.05,1,40,2,5638.7,3664.53,12.08
14.4478,72,22,4500,3011.16,4.78,-0.375448,0,0,0,0,0,1,40,0,5364.82,2674.43,0
14.4486,73,19,2000,2000,0.03,-1.92301,0,1,1,32,0.15,1,40,2,5415.4,2650.94,19.08
14.4587,87,19,2000,2000,0.66,-2.02761,0,1,1,32,0.15,1,40,2,5420.64,2826.65,0.54
14.4609,90,19,2000,2000,0.75,2.28802,0,1,1,32,0.15,1,40,2,5403.97,2791.46,11.27
14.463,93,19,2000,2000,0.54,1.11562,0,1,1,32,0.15,1,40,2,5682.65,3810.88,0
14.4652,96,19,2000,2000,11.27,1.12859,0,1,1,32,0.15,1,40,2,5630.63,2566.25,0
14.4746,109,37,2000,2000,13.6,-1.83201,0,1,0,0,0,1,40,2,5191.38,2739.9,15.04
14.4761,111,19,2000,2000,10.94,-0.376945,0,1,1,32,0.15,1,40,2,5548.65,2598.97,0
14.4783,114,10,2000,2000,0,0,0,1,1,32,0.15,1,40,2,5581.01,3448.26,12.68
14.4804,117,10,2000,2000,0,0,0,1,1,32,0.15,1,40,2,5575.05,3425.94,12.19
14.4841,122,19,2000,2000,0,0,0,1,1,96,0.2,1,40,2,5445.81,2923.08,12.76
14.4848,123,34,2000,2000,12.19,-1.83129,0,1,0,64,0.05,1,40,2,5456.15,2960.78,12.1
14.4855,124,19,2000,2000,6.98,-0.377578,0,1,1,96,0.2,1,40,2,5424.49,2834.77,0.36
14.4862,125,19,2000,2000,12.64,-2.01321,0,1,1,96,0.2,1,40,2,5982.88,2426.5,0.17
14.492,133,10,2000,2000,4.92,2.77544,0,1,1,32,0.15,1,40,2,5365.79,2718.34,0
14.4957,138,19,2000,2000,2.35,1.12622,0,1,1,32,0.15,1,40,2,0,0,0
14.4971,140,17,5024.81,2808.68,1.2,2.76726,0,0,0,0,0,1,40,0,0,0,0
14.5022,9,10,2000,2000,0,0,0,1,1,32,0.15,1,40,2,5581.33,2586.44,0
14.5087,18,10,2000,2000,9.05,-0.369234,0,1,1,32,0.15,1,40,2,5385.28,2666.31,0
14.5101,20,11,5661.31,2556.27,2.02,1.87085,0,0,0,0,0,1,40,0,5362.79,2712.01,0
14.5167,29,10,2000,2000,7.67,2.75624,0,1,1,32,0.15,1,40,2,5685.14,3817.41,0
14.5196,33,27,5465.22,2991.02,3.24,-2.59869,0,0,0,0,0,1,40,0,5928.86,2447.9,12.1
14.5283,45,18,2000,2000,3.25,2.76337,0,1,0,64,0.05,1,40,2,6256.43,2323.72,14.36
14.529,46,10,2000,2000,0.02,-0.176199,0,1,1,96,0.2,1,40,2,4730.93,2923.99,23.78
14.5297,47,37,2000,2000,10.99,-1.83122,0,1,1,281,0.5,1,40,2,6137.38,2370.37,10.31
14.5312,49,19,2000,2000,0.22,2.76123,0,1,1,32,0.15,1,40,2,5947.53,2440.5,9.33
14.5348,54,5,6057.27,2401.71,6.94,2.77791,0,0,0,0,0,1,40,0,5526.71,3224.37,14.61
14.5384,59,17,5008.4,2815.12,0.74,2.76861,0,0,0,0,0,1,40,0,6016.98,2413.79,0
14.5435,66,5,6161.62,2360.87,15.08,2.76823,0,0,0,0,0,1,40,0,4500.43,3010.99,4.78
14.5464,70,19,2000,2000,9.8,-2.01346,0,1,1,96,0.2,1,40,2,4987.63,2822.48,0
14.5471,71,18,2000,2000,10.25,-0.378515,0,1,0,64,0.05,1,40,2,5638.39,3663.37,12.08
14.5478,72,22,4500.45,3010.98,4.78,-0.375448,0,0,0,0,0,1,40,0,5364.82,2674.43,0
14.5486,73,19,2000,2000,0.03,-1.92301,0,1,1,32,0.15,1,40,2,5417.17,2650.23,19.08
14.5587,87,19,2000,2000,0.66,-2.02761,0,1,1,32,0.15,1,40,2,5420.67,2826.7,0.54
14.5609,90,19,2000,2000,0.75,2.28802,0,1,1,32,0.15,1,40,2,5404.45,2792.47,11.27
14.563,93,19,2000,2000,0.54,1.11562,0,1,1,32,0.15,1,40,2,5682.65,3810.88,0
14.5652,96,19,2000,2000,11.27,1.12859,0,1,1,32,0.15,1,40,2,5630.63,2566.25,0
14.5746,109,37,2000,2000,13.6,-1.83201,0,1,0,0,0,1,40,2,5192.78,2739.35,15.04
14.5761,111,19,2000,2000,10.94,-0.376945,0,1,1,32,0.15,1,40,2,5548.65,2598.97,0
14.5783,114,10,2000,2000,0,0,0,1,1,32,0.15,1,40,2,5580.68,3447.04,12.68
14.5804,117,10,2000,2000,0,0,0,1,1,32,0.15,1,40,2,5574.74,3424.77,12.19
14.5841,122,19,2000,2000,0,0,0,1,1,96,0.2,1,40,2,5445.47,2921.85,12.76
14.5848,123,34,2000,2000,12.19,-1.83129,0,1,0,64,0.05,1,40,2,5455.83,2959.61,12.1
14.5855,124,19,2000,2000,6.98,-0.377578,0,1,1,96,0.2,1,40,2,5424.5,2834.8,0.36
14.5862,125,19,2000,2000,12.64,-2.01321,0,1,1,96,0.2,1,40,2,5982.89,2426.5,0.17
14.592,133,10,2000,2000,4.92,2.77544,0,1,1,32,0.15,1,40,2,5365.79,2718.34,0
14.5957,138,19,2000,2000,2.35,1.12622,0,1,1,32,0.15,1,40,2,0,0,0
14.5971,140,17,5024.7,2808.72,1.2,2.76726,0,0,0,0,0,1,40,0,0,0,0
14.6022,9,10,2000,2000,0,0,0,1,1,32,0.15,1,40,2,5581.33,2586.44,0
14.6087,18,10,2000,2000,9.05,-0.369234,0,1,1,32,0.15,1,40,2,5385.28,2666.31,0
14.6101,20,11,5661.25,2556.47,2.02,1.87085,0,0,0,0,0,1,40,0,5362.79,2712.01,0
14.6167,29,10,2000,2000,7.67,2.75624,0,1,1,32,0.15,1,40,2,5685.14,3817.41,0
14.6196,33,27,5464.94,2990.85,3.24,-2.59869,0,0,0,0,0,1,40,0,5929.98,2447.46,12.1
14.6283,45,18,2000,2000,3.25,2.76337,0,1,0,64,0.05,1,40,2,6255.09,2324.24,14.36
14.629,46,10,2000,2000,0.02,-0.176199,0,1,1,96,0.2,1,40,2,4728.72,2924.85,23.78
14.6297,47,37,2000,2000,10.99,-1.83122,0,1,1,281,0.5,1,40,2,6136.42,2370.74,10.31
14.6312,49,19,2000,2000,0.22,2.76123,0,1,1,32,0.15,1,40,2,5948.4,2440.16,9.33
14.6348,54,5,6056.62,2401.96,6.94,2.77791,0,0,0,0,0,1,40,0,5527.07,3225.78,14.61
14.6384,59,17,5008.33,2815.15,0.74,2.76861,0,0,0,0,0,1,40,0,6016.98,2413.79,0
14.6435,66,5,6160.22,2361.42,15.08,2.76823,0,0,0,0,0,1,40,0,4500.87,3010.81,4.78
14.6464,70,19,2000,2000,9.8,-2.01346,0,1,1,96,0.2,1,40,2,4987.63,2822.48,0
14.6471,71,18,2000,2000,10.25,-0.378515,0,1,0,64,0.05,1,40,2,5638.08,3662.2,12.08
14.6478,72,22,4500.89,3010.8,4.78,-0.375448,0,0,0,0,0,1,40,0,5364.82,2674.43,0
14.6486,73,19,2000,2000,0.03,-1.92301,0,1,1,32,0.15,1,40,2,5418.94,2649.53,19.08
14.6587,87,19,2000,2000,0.66,-2.02761,0,1,1,32,0.15,1,40,2,5420.69,2826.75,0.54
14.6609,90,19,2000,2000,0.75,2.28802,0,1,1,32,0.15,1,40,2,5404.93,2793.49,11.27
14.663,93,19,2000,2000,0.54,1.11562,0,1,1,32,0.15,1,40,2,5682.65,3810.88,0
14.6652,96,19,2000,2000,11.27,1.12859,0,1,1,32,0.15,1,40,2,5630.63,2566.25,0
14.6746,109,37,2000,2000,13.6,-1.83201,0,1,0,0,0,1,40,2,5194.18,2738.8,15.04
14.6761,111,19,2000,2000,10.94,-0.376945,0,1,1,32,0.15,1,40,2,5548.65,2598.97,0
14.6783,114,10,2000,2000,0,0,0,1,1,32,0.15,1,40,2,5580.36,3445.81,12.68
14.6804,117,10,2000,2000,0,0,0,1,1,32,0.15,1,40,2,5574.42,3423.59,12.19
14.6841,122,19,2000,2000,0,0,0,1,1,96,0.2,1,40,2,5445.13,2920.62,12.76
14.6848,123,34,2000,2000,12.19,-1.83129,0,1,0,64,0.05,1,40,2,5455.51,2958.45,12.1
14.6855,124,19,2000,2000,6.98,-0.377578,0,1,1,96,0.2,1,40,2,5424.52,2834.83,0.36
14.6862,125,19,2000,2000,12.64,-2.01321,0,1,1,96,0.2,1,40,2,5982.91,2426.49,0.17
14.692,133,10,2000,2000,4.92,2.77544,0,1,1,32,0.15,1,40,2,5365.79,2718.34,0
14.6957,138,19,2000,2000,2.35,1.12622,0,1,1,32,0.15,1,40,2,0,0,0
14.6971,140,17,5024.59,2808.77,1.2,2.76726,0,0,0,0,0,1,40,0,0,0,0
14.7022,9,10,2000,2000,0,0,0,1,1,32,0.15,1,40,2,5581.33,2586.44,0
14.7087,18,10,2000,2000,9.05,-0.369234,0,1,1,32,0.15,1,40,2,5385.28,2666.31,0
14.7101,20,11,5661.19,2556.66,2.02,1.87085,0,0,0,0,0,1,40,0,5362.79,2712.01,0
14.7167,29,10,2000,2000,7.67,2.75624,0,1,1,32,0.15,1,40,2,5685.14,3817.41,0
14.7196,33,27,5464.66,2990.69,3.24,-2.59869,0,0,0,0,0,1,40,0,5931.11,2447.01,12.1
14.7283,45,18,2000,2000,3.25,2.76337,0,1,0,64,0.05,1,40,2,6253.76,2324.77,14.36
14.729,46,10,2000,2000,0.02,-0.176199,0,1,1,96,0.2,1,40,2,4726.51,2925.72,23.78
14.7297,47,37,2000,2000,10.99,-1.83122,0,1,1,281,0.5,1,40,2,6135.46,2371.12,10.31
14.7312,49,19,2000,2000,0.22,2.76123,0,1,1,32,0.15,1,40,2,5949.27,2439.82,9.33
14.7348,54,5,6055.97,2402.21,6.94,2.77791,0,0,0,0,0,1,40,0,5527.43,3227.2,14.61
14.7384,59,17,5008.26,2815.17,0.74,2.76861,0,0,0,0,0,1,40,0,6016.98,2413.79,0
14.7435,66,5,6158.81,2361.97,15.08,2.76823,0,0,0,0,0,1,40,0,4501.32,3010.64,4.78
14.7464,70,19,2000,2000,9.8,-2.01346,0,1,1,96,0.2,1,40,2,4987.63,2822.48,0
14.7471,71,18,2000,2000,10.25,-0.378515,0,1,0,64,0.05,1,40,2,5637.77,3661.03,12.08
14.7478,72,22,4501.34,3010.63,4.78,-0.375448,0,0,0,0,0,1,40,0,5364.82,2674.43,0
14.7486,73,19,2000,2000,0.03,-1.92301,0,1,1,32,0.15,1,40,2,5420.72,2648.82,19.08
14.7587,87,19,2000,2000,0.66,-2.02761,0,1,1,32,0.15,1,40,2,5420.72,2826.8,0.54
14.7609,90,19,2000,2000,0.75,2.28802,0,1,1,32,0.15,1,40,2,5405.42,2794.51,11.27
14.763,93,19,2000,2000,0.54,1.11562,0,1,1,32,0.15,1,40,2,5682.65,3810.88,0
14.7652,96,19,2000,2000,11.27,1.12859,0,1,1,32,0.15,1,40,2,5630.63,2566.25,0
14.7746,109,37,2000,2000,13.6,-1.83201,0,1,0,0,0,1,40,2,5195.58,2738.24,15.04
14.7761,111,19,2000,2000,10.94,-0.376945,0,1,1,32,0.15,1,40,2,5548.65,2598.97,0
14.7783,114,10,2000,2000,0,0,0,1,1,32,0.15,1,40,2,5580.03,3444.59,12.68
14.7804,117,10,2000,2000,0,0,0,1,1,32,0.15,1,40,2,5574.11,3422.41,12.19
14.7841,122,19,2000,2000,0,0,0,1,1,96,0.2,1,40,2,5444.79,2919.39,12.76
14.7848,123,34,2000,2000,12.19,-1.83129,0,1,0,64,0.05,1,40,2,5455.19,2957.28,12.1
14.7855,124,19,2000,2000,6.98,-0.377578,0,1,1,96,0.2,1,40,2,5424.53,2834.86,0.36
14.7862,125,19,2000,2000,12.64,-2.01321,0,1,1,96,0.2,1,40,2,5982.93,2426.48,0.17
14.792,133,10,2000,2000,4.92,2.77544,0,1,1,32,0.15,1,40,2,5365.79,2718.34,0
14.7957,138,19,2000,2000,2.35,1.12622,0,1,1,32,0.15,1,40,2,0,0,0
14.7971,140,17,5024.48,2808.81,1.2,2.76726,0,0,0,0,0,1,40,0,0,0,0
14.8022,9,10,2000,2000,0,0,0,1,1,32,0.15,1,40,2,5581.33,2586.44,0
14.8087,18,10,2000,2000,9.05,-0.369234,0,1,1,32,0.15,1,40,2,5385.28,2666.31,0
14.8101,20,11,5661.13,2556.85,2.02,1.87085,0,0,0,0,0,1,40,0,5362.79,2712.01,0
14.8167,29,10,2000,2000,7.67,2.75624,0,1,1,32,0.15,1,40,2,5685.14,3817.41,0
14.8196,33,27,5464.39,2990.52,3.24,-2.59869,0,0,0,0,0,1,40,0,5932.23,2446.57,12.1
14.8283,45,18,2000,2000,3.25,2.76337,0,1,0,64,0.05,1,40,2,6252.42,2325.29,14.36
14.829,46,10,2000,2000,0.02,-0.176199,0,1,1,96,0.2,1,40,2,4724.29,2926.59,23.78
14.8297,47,37,2000,2000,10.99,-1.83122,0,1,1,281,0.5,1,40,2,6134.5,2371.5,10.31
14.8312,49,19,2000,2000,0.22,2.76123,0,1,1,32,0.15,1,40,2,5950.13,2439.47,9.33
14.8348,54,5,6055.32,2402.45,6.94,2.77791,0,0,0,0,0,1,40,0,5527.78,3228.62,14.61
14.8384,59,17,5008.19,2815.2,0.74,2.76861,0,0,0,0,0,1,40,0,6016.98,2413.79,0
14.8435,66,5,6157.41,2362.52,15.08,2.76823,0,0,0,0,0,1,40,0,4501.76,3010.46,4.78
14.8464,70,19,2000,2000,9.8,-2.01346,0,1,1,96,0.2,1,40,2,4987.63,2822.48,0
14.8471,71,18,2000,2000,10.25,-0.378515,0,1,0,64,0.05,1,40,2,5637.46,3659.86,12.08
14.8478,72,22,4501.78,3010.45,4.78,-0.375448,0,0,0,0,0,1,40,0,5364.82,2674.43,0
14.8486,73,19,2000,2000,0.03,-1.92301,0,1,1,32,0.15,1,40,2,5422.49,2648.12,19.08
14.8587,87,19,2000,2000,0.66,-2.02761,0,1,1,32,0.15,1,40,2,5420.74,2826.85,0.54
14.863,93,19,2000,2000,0.54,1.11562,0,1,1,32,0.15,1,40,2,5682.65,3810.88,0
14.8652,96,19,2000,2000,11.27,1.12859,0,1,1,32,0.15,1,40,2,5630.63,2566.25,0
14.8746,109,37,2000,2000,13.6,-1.83201,0,1,0,0,0,1,40,2,5196.98,2737.69,15.04
14.8761,111,19,2000,2000,10.94,-0.376945,0,1,1,32,0.15,1,40,2,5548.65,2598.97,0
14.8783,114,10,2000,2000,0,0,0,1,1,32,0.15,1,40,2,5579.7,3443.36,12.68
14.8804,117,10,2000,2000,0,0,0,1,1,32,0.15,1,40,2,5573.8,3421.23,12.19
14.8841,122,19,2000,2000,0,0,0,1,1,96,0.2,1,40,2,5444.45,2918.16,12.76
14.8848,123,34,2000,2000,12.19,-1.83129,0,1,0,64,0.05,1,40,2,5454.87,2956.11,12.1
14.8855,124,19,2000,2000,6.98,-0.377578,0,1,1,96,0.2,1,40,2,5424.55,2834.9,0.36
14.8862,125,19,2000,2000,12.64,-2.01321,0,1,1,96,0.2,1,40,2,5982.94,2426.48,0.17
14.892,133,10,2000,2000,4.92,2.77544,0,1,1,32,0.15,1,40,2,5365.79,2718.34,0
14.8957,138,19,2000,2000,2.35,1.12622,0,1,1,32,0.15,1,40,2,0,0,0
14.8971,140,17,5024.37,2808.85,1.2,2.76726,0,0,0,0,0,1,40,0,0,0,0
14.9022,9,10,2000,2000,0,0,0,1,1,32,0.15,1,40,2,5581.33,2586.44,0
14.9087,18,10,2000,2000,9.05,-0.369234,0,1,1,32,0.15,1,40,2,5385.28,2666.31,0
14.9101,20,11,5661.07,2557.05,2.02,1.87085,0,0,0,0,0,1,40,0,5362.79,2712.01,0
14.9167,29,10,2000,2000,7.67,2.75624,0,1,1,32,0.15,1,40,2,5685.14,3817.41,0
14.9196,33,27,5464.29,2990.46,0,0,-32.4,0,1,6,0.2,1,40,0,5933.36,2446.12,12.1
14.9283,45,18,2000,2000,3.25,2.76337,0,1,0,64,0.05,1,40,2,6251.08,2325.82,14.36
14.929,46,10,2000,2000,0.02,-0.176199,0,1,1,96,0.2,1,40,2,4722.07,2927.46,23.78
14.9297,47,37,2000,2000,10.99,-1.83122,0,1,1,281,0.5,1,40,2,6133.54,2371.87,10.31
14.9312,49,19,2000,2000,0.22,2.76123,0,1,1,32,0.15,1,40,2,5951,2439.13,9.33
14.9348,54,5,6054.68,2402.7,6.94,2.77791,0,0,0,0,0,1,40,0,5528.14,3230.03,14.61
14.9384,59,17,5008.13,2815.23,0.74,2.76861,0,0,0,0,0,1,40,0,6016.98,2413.79,0
14.9435,66,5,6156,2363.07,15.08,2.76823,0,0,0,0,0,1,40,0,4502.21,3010.29,4.78
14.9464,70,19,2000,2000,9.8,-2.01346,0,1,1,96,0.2,1,40,2,4987.63,2822.48,0
14.9471,71,18,2000,2000,10.25,-0.378515,0,1,0,64,0.05,1,40,2,5637.14,3658.7,12.08
14.9478,72,22,4502.23,3010.28,4.78,-0.375448,0,0,0,0,0,1,40,0,5364.82,2674.43,0
14.9486,73,19,2000,2000,0.03,-1.92301,0,1,1,32,0.15,1,40,2,5424.26,2647.41,19.08
14.9587,87,19,2000,2000,0.66,-2.02761,0,1,1,32,0.15,1,40,2,5420.76,2826.9,0.54
14.963,93,19,2000,2000,0.54,1.11562,0,1,1,32,0.15,1,40,2,5682.65,3810.88,0
14.9652,96,19,2000,2000,11.27,1.12859,0,1,1,32,0.15,1,40,2,5630.63,2566.25,0
14.9746,109,37,2000,2000,13.6,-1.83201,0,1,0,0,0,1,40,2,5198.38,2737.14,15.04
14.9761,111,19,2000,2000,10.94,-0.376945,0,1,1,32,0.15,1,40,2,5548.65,2598.97,0
14.9783,114,10,2000,2000,0,0,0,1,1,32,0.15,1,40,2,5579.37,3442.14,12.68
14.9804,117,10,2000,2000,0,0,0,1,1,32,0.15,1,40,2,5573.48,3420.06,12.19
14.9841,122,19,2000,2000,0,0,0,1,1,96,0.2,1,40,2,5444.12,2916.92,12.76
14.9848,123,34,2000,2000,12.19,-1.83129,0,1,0,64,0.05,1,40,2,5454.55,2954.95,12.1
14.9855,124,19,2000,2000,6.98,-0.377578,0,1,1,96,0.2,1,40,2,5424.56,2834.93,0.36
14.9862,125,19,2000,2000,12.64,-2.01321,0,1,1,96,0.2,1,40,2,5982.96,2426.47,0.17
14.992,133,10,2000,2000,4.92,2.77544,0,1,1,32,0.15,1,40,2,5365.79,2718.34,0
14.9957,138,19,2000,2000,2.35,1.12622,0,1,1,32,0.15,1,40,2,0,0,0
14.9971,140,17,5024.26,2808.9,1.2,2.76726,0,0,0,0,0,1,40,0,0,0,0
15.0022,9,10,2000,2000,0,0,0,1,1,32,0.15,1,40,2,5581.33,2586.44,0
15.0087,18,10,2000,2000,5.49,-0.369005,-35.6,1,1,36,0.25,1,40,2,5385.28,2666.31,0
15.0101,20,11,5661.01,2557.12,3.91,2.6965,18.9,0,1,6,0.2,1,40,0,5362.79,2712.01,0
15.0167,29,10,2000,2000,8.76,2.75558,10.9,1,1,36,0.25,1,40,2,5685.14,3817.41,0
15.0196,33,27,5464.26,2990.36,5.42,-1.8377,54.2,0,1,6,0.2,1,40,0,5934.43,2445.7,8.98
15.0283,45,18,2000,2000,4.86,2.76452,16.1,1,1,68,0.15,1,40,2,6249.71,2326.35,15.72
15.029,46,10,2000,2000,0.01,-0.438826,-0.1,1,1,98,0.3,1,40,2,4719.85,2928.33,24.3
15.0297,47,37,2000,2000,11.08,-1.83175,0.9,1,1,281,0.5,1,40,2,6132.57,2372.25,10.35
15.0312,49,19,2000,2000,0.09,2.81984,-1.3,1,1,34,0.25,1,40,2,5951.76,2438.83,5.64
15.0348,54,5,6054,2402.96,7.74,2.78673,8,0,1,4,0.1,1,40,0,5528.5,3231.47,15.28
15.0384,59,17,5008.06,2815.25,0.7,2.75597,-0.4,0,0,0,0,1,40,0,6016.98,2413.79,0
15.0435,66,5,6154.74,2363.56,11.52,2.7685,-35.6,0,1,4,0.1,1,40,0,4502.71,3010.09,6.43
15.0464,70,19,2000,2000,11.97,-2.01277,21.7,1,1,100,0.3,1,40,2,4987.63,2822.48,0
15.0471,71,18,2000,2000,11.87,-0.378003,16.2,1,1,68,0.15,1,40,2,5636.84,3657.56,11.53
15.0478,72,22,4502.74,3010.08,6.43,-0.372421,16.5,0,1,4,0.1,1,40,0,5364.82,2674.43,0
15.0486,73,19,2000,2000,0.01,-1.75026,-0.2,1,1,34,0.25,1,40,2,5426.1,2646.69,20.47
15.0587,87,19,2000,2000,0.13,-1.96559,-5.3,1,1,38,0.35,1,40,2,5420.78,2826.94,0.46
15.063,93,19,2000,2000,0.46,1.12603,-0.8,1,1,32,0.15,1,40,2,5682.65,3810.88,0
15.0652,96,19,2000,2000,8.32,1.12757,-29.5,1,1,36,0.25,1,40,2,5630.63,2566.25,0
15.0746,109,37,2000,2000,13.16,-1.83125,-4.4,1,1,4,0.1,1,40,2,5199.76,2736.59,14.75
15.0761,111,19,2000,2000,11.72,-0.377652,7.8,1,1,4,0.1,1,40,2,5548.65,2598.97,0
15.0783,114,10,2000,2000,0,0,0,1,1,32,0.15,1,40,2,5579.06,3440.95,12.19
15.0804,117,10,2000,2000,0,0,0,1,1,32,0.15,1,40,2,5573.16,3418.84,12.72
15.0841,122,19,2000,2000,0,0,0,1,0,64,0.05,1,40,2,5443.8,2915.76,11.95
15.0848,123,34,2000,2000,12.72,-1.8316,5.3,1,1,68,0.15,1,40,2,5454.22,2953.75,12.49
15.0855,124,19,2000,2000,4.65,-0.378907,-23.3,1,1,68,0.15,1,40,2,5424.58,2834.97,0.47
15.0862,125,19,2000,2000,12.25,-2.01399,-3.9,1,1,96,0.2,1,40,2,5982.96,2426.47,0.01
15.092,133,10,2000,2000,5.23,2.77566,3.1,1,1,32,0.15,1,40,2,5365.79,2718.34,0
15.0957,138,19,2000,2000,0.66,1.13392,-16.9,1,1,36,0.25,1,40,2,0,0,0
15.0971,140,17,5024.11,2808.96,1.61,2.76685,4.1,0,1,4,0.1,1,40,0,0,0,0
15.1022,9,10,2000,2000,0,0,0,1,1,32,0.15,1,40,2,5581.33,2586.44,0
15.1087,18,10,2000,2000,5.49,-0.369005,0,1,0,0,0,1,40,2,5385.28,2666.31,0
15.1101,20,11,5660.66,2557.29,3.91,2.6965,0,0,0,0,0,1,40,0,5362.79,2712.01,0
15.1167,29,10,2000,2000,8.76,2.75558,0,1,0,0,0,1,40,2,5685.14,3817.41,0
15.1196,33,27,5464.12,2989.83,5.42,-1.8377,0,0,0,0,0,1,40,0,5935.26,2445.37,8.98
15.1283,45,18,2000,2000,4.86,2.76452,0,1,0,64,0.05,1,40,2,6248.25,2326.93,15.72
15.129,46,10,2000,2000,0.01,-0.438826,0,1,0,64,0.05,1,40,2,4717.59,2929.22,24.3
15.1297,47,37,2000,2000,11.08,-1.83175,0,1,1,281,0.5,1,40,2,6131.61,2372.63,10.35
15.1312,49,19,2000,2000,0.09,2.81984,0,1,1,32,0.15,1,40,2,5952.29,2438.62,5.64
15.1348,54,5,6053.27,2403.22,7.74,2.78673,0,0,0,0,0,1,40,0,5528.88,3232.95,15.28
15.1384,59,17,5007.99,2815.28,0.7,2.75597,0,0,0,0,0,1,40,0,6016.98,2413.79,0
15.1435,66,5,6153.67,2363.98,11.52,2.7685,0,0,0,0,0,1,40,0,4503.31,3009.85,6.43
15.1464,70,19,2000,2000,11.97,-2.01277,0,1,1,96,0.2,1,40,2,4987.63,2822.48,0
15.1471,71,18,2000,2000,11.87,-0.378003,0,1,0,64,0.05,1,40,2,5636.54,3656.44,11.53
15.1478,72,22,4503.34,3009.84,6.43,-0.372421,0,0,0,0,0,1,40,0,5364.82,2674.43,0
15.1486,73,19,2000,2000,0.01,-1.75026,0,1,1,32,0.15,1,40,2,5428,2645.93,20.47
15.1587,87,19,2000,2000,0.13,-1.96559,0,1,1,32,0.15,1,40,2,5420.8,2826.98,0.46
15.163,93,19,2000,2000,0.46,1.12603,0,1,1,32,0.15,1,40,2,5682.65,3810.88,0
15.1652,96,19,2000,2000,8.32,1.12757,0,1,1,32,0.15,1,40,2,5630.63,2566.25,0
15.1746,109,37,2000,2000,13.16,-1.83125,0,1,0,0,0,1,40,2,5201.13,2736.05,14.75
15.1761,111,19,2000,2000,11.72,-0.377652,0,1,1,32,0.15,1,40,2,5548.65,2598.97,0
15.1783,114,10,2000,2000,0,0,0,1,1,32,0.15,1,40,2,5578.74,3439.77,12.19
15.1804,117,10,2000,2000,0,0,0,1,1,32,0.15,1,40,2,5572.83,3417.61,12.72
15.1841,122,19,2000,2000,0,0,0,1,1,96,0.2,1,40,2,5443.48,2914.61,11.95
15.1848,123,34,2000,2000,12.72,-1.8316,0,1,0,64,0.05,1,40,2,5453.89,2952.54,12.49
15.1855,124,19,2000,2000,4.65,-0.378907,0,1,1,96,0.2,1,40,2,5424.6,2835.01,0.47
15.1862,125,19,2000,2000,12.25,-2.01399,0,1,1,96,0.2,1,40,2,5982.96,2426.47,0.01
15.192,133,10,2000,2000,5.23,2.77566,0,1,1,32,0.15,1,40,2,5365.79,2718.34,0
15.1957,138,19,2000,2000,0.66,1.13392,0,1,1,32,0.15,1,40,2,0,0,0
15.1971,140,17,5023.96,2809.01,1.61,2.76685,0,0,0,0,0,1,40,0,0,0,0
15.2022,9,10,2000,2000,0,0,0,1,1,32,0.15,1,40,2,5581.33,2586.44,0
15.2087,18,10,2000,2000,5.49,-0.369005,0,1,1,32,0.15,1,40,2,5385.28,2666.31,0
15.2101,20,11,5660.31,2557.45,3.91,2.6965,0,0,0,0,0,1,40,0,5362.79,2712.01,0
15.2167,29,10,2000,2000,8.76,2.75558,0,1,1,32,0.15,1,40,2,5685.14,3817.41,0
15.2196,33,27,5463.98,2989.31,5.42,-1.8377,0,0,0,0,0,1,40,0,5936.1,2445.04,8.98
15.2283,45,18,2000,2000,4.86,2.76452,0,1,0,64,0.05,1,40,2,6246.79,2327.5,15.72
15.229,46,10,2000,2000,0.01,-0.438826,0,1,1,96,0.2,1,40,2,4715.33,2930.11,24.3
15.2297,47,37,2000,2000,11.08,-1.83175,0,1,1,281,0.5,1,40,2,6130.65,2373,10.35
15.2312,49,19,2000,2000,0.09,2.81984,0,1,1,32,0.15,1,40,2,5952.81,2438.41,5.64
15.2348,54,5,6052.55,2403.49,7.74,2.78673,0,0,0,0,0,1,40,0,5529.25,3234.44,15.28
15.2384,59,17,5007.93,2815.31,0.7,2.75597,0,0,0,0,0,1,40,0,6016.98,2413.79,0
15.2435,66,5,6152.6,2364.4,11.52,2.7685,0,0,0,0,0,1,40,0,4503.91,3009.62,6.43
15.2464,70,19,2000,2000,11.97,-2.01277,0,1,1,96,0.2,1,40,2,4987.63,2822.48,0
15.2471,71,18,2000,2000,11.87,-0.378003,0,1,0,64,0.05,1,40,2,5636.24,3655.33,11.53
15.2478,72,22,4503.93,3009.61,6.43,-0.372421,0,0,0,0,0,1,40,0,5364.82,2674.43,0
15.2486,73,19,2000,2000,0.01,-1.75026,0,1,1,32,0.15,1,40,2,5429.9,2645.18,20.47
15.2587,87,19,2000,2000,0.13,-1.96559,0,1,1,32,0.15,1,40,2,5420.82,2827.02,0.46
15.263,93,19,2000,2000,0.46,1.12603,0,1,1,32,0.15,1,40,2,5682.65,3810.88,0
15.2652,96,19,2000,2000,8.32,1.12757,0,1,1,32,0.15,1,40,2,5630.63,2566.25,0
15.2746,109,37,2000,2000,13.16,-1.83125,0,1,0,0,0,1,40,2,5202.5,2735.5,14.75
15.2761,111,19,2000,2000,11.72,-0.377652,0,1,1,32,0.15,1,40,2,5548.65,2598.97,0
15.2783,114,10,2000,2000,0,0,0,1,1,32,0.15,1,40,2,5578.43,3438.59,12.19
15.2804,117,10,2000,2000,0,0,0,1,1,32,0.15,1,40,2,5572.5,3416.38,12.72
15.2841,122,19,2000,2000,0,0,0,1,1,96,0.2,1,40,2,5443.16,2913.46,11.95
15.2848,123,34,2000,2000,12.72,-1.8316,0,1,0,64,0.05,1,40,2,5453.56,2951.34,12.49
15.2855,124,19,2000,2000,4.65,-0.378907,0,1,1,96,0.2,1,40,2,5424.62,2835.06,0.47
15.2862,125,19,2000,2000,12.25,-2.01399,0,1,1,96,0.2,1,40,2,5982.96,2426.47,0.01
15.292,133,10,2000,2000,5.23,2.77566,0,1,1,32,0.15,1,40,2,5365.79,2718.34,0
15.2957,138,19,2000,2000,0.66,1.13392,0,1,1,32,0.15,1,40,2,0,0,0
15.2971,140,17,5023.81,2809.07,1.61,2.76685,0,0,0,0,0,1,40,0,0,0,0
15.3022,9,10,2000,2000,0,0,0,1,1,32,0.15,1,40,2,5581.33,2586.44,0
15.3087,18,10,2000,2000,5.49,-0.369005,0,1,1,32,0.15,1,40,2,5385.28,2666.31,0
15.3101,20,11,5659.96,2557.62,3.91,2.6965,0,0,0,0,0,1,40,0,5362.79,2712.01,0
15.3167,29,10,2000,2000,8.76,2.75558,0,1,1,32,0.15,1,40,2,5685.14,3817.41,0
15.3196,33,27,5463.83,2988.79,5.42,-1.8377,0,0,0,0,0,1,40,0,5936.93,2444.7,8.98
15.3283,45,18,2000,2000,4.86,2.76452,0,1,0,64,0.05,1,40,2,6245.32,2328.07,15.72
15.329,46,10,2000,2000,0.01,-0.438826,0,1,1,96,0.2,1,40,2,4713.06,2931,24.3
15.3297,47,37,2000,2000,11.08,-1.83175,0,1,1,281,0.5,1,40,2,6129.68,2373.38,10.35
15.3312,49,19,2000,2000,0.09,2.81984,0,1,1,32,0.15,1,40,2,5953.34,2438.21,5.64
15.3348,54,5,6051.82,2403.76,7.74,2.78673,0,0,0,0,0,1,40,0,5529.63,3235.92,15.28
15.3384,59,17,5007.86,2815.33,0.7,2.75597,0,0,0,0,0,1,40,0,6016.98,2413.79,0
15.3435,66,5,6151.53,2364.82,11.52,2.7685,0,0,0,0,0,1,40,0,4504.51,3009.39,6.43
15.3464,70,19,2000,2000,11.97,-2.01277,0,1,1,96,0.2,1,40,2,4987.63,2822.48,0
15.3471,71,18,2000,2000,11.87,-0.378003,0,1,0,64,0.05,1,40,2,5635.95,3654.21,11.53
15.3478,72,22,4504.53,3009.38,6.43,-0.372421,0,0,0,0,0,1,40,0,5364.82,2674.43,0
15.3486,73,19,2000,2000,0.01,-1.75026,0,1,1,32,0.15,1,40,2,5431.81,2644.42,20.47
15.3587,87,19,2000,2000,0.13,-1.96559,0,1,1,32,0.15,1,40,2,5420.84,2827.07,0.46
15.3609,90,19,2000,2000,1.69,-2.96653,0,1,1,34,0.25,1,40,2,5407.86,2799.66,8.32
15.363,93,19,2000,2000,0.46,1.12603,0,1,1,32,0.15,1,40,2,5682.65,3810.88,0
15.3652,96,19,2000,2000,8.32,1.12757,0,1,1,32,0.15,1,40,2,5630.63,2566.25,0
15.3746,109,37,2000,2000,13.16,-1.83125,0,1,0,0,0,1,40,2,5203.87,2734.96,14.75
15.3761,111,19,2000,2000,11.72,-0.377652,0,1,1,32,0.15,1,40,2,5548.65,2598.97,0
15.3783,114,10,2000,2000,0,0,0,1,1,32,0.15,1,40,2,5578.12,3437.42,12.19
15.3804,117,10,2000,2000,0,0,0,1,1,32,0.15,1,40,2,5572.17,3415.15,12.72
15.3841,122,19,2000,2000,0,0,0,1,1,96,0.2,1,40,2,5442.85,2912.3,11.95
15.3848,123,34,2000,2000,12.72,-1.8316,0,1,0,64,0.05,1,40,2,5453.23,2950.13,12.49
15.3855,124,19,2000,2000,4.65,-0.378907,0,1,1,96,0.2,1,40,2,5424.64,2835.1,0.47
15.3862,125,19,2000,2000,12.25,-2.01399,0,1,1,96,0.2,1,40,2,5982.96,2426.47,0.01
15.392,133,10,2000,2000,5.23,2.77566,0,1,1,32,0.15,1,40,2,5365.79,2718.34,0
15.3957,138,19,2000,2000,0.66,1.13392,0,1,1,32,0.15,1,40,2,0,0,0
15.3971,140,17,5023.66,2809.13,1.61,2.76685,0,0,0,0,0,1,40,0,0,0,0
15.4022,9,10,2000,2000,0,0,0,1,1,32,0.15,1,40,2,5581.33,2586.44,0
15.4087,18,10,2000,2000,5.49,-0.369005,0,1,1,32,0.15,1,40,2,5385.28,2666.31,0
15.4101,20,11,5659.6,2557.79,3.91,2.6965,0,0,0,0,0,1,40,0,5362.79,2712.01,0
15.4167,29,10,2000,2000,8.76,2.75558,0,1,1,32,0.15,1,40,2,5685.14,3817.41,0
15.4196,33,27,5463.69,2988.27,5.42,-1.8377,0,0,0,0,0,1,40,0,5937.77,2444.37,8.98
15.4283,45,18,2000,2000,4.86,2.76452,0,1,0,64,0.05,1,40,2,6243.86,2328.65,15.72
15.429,46,10,2000,2000,0.01,-0.438826,0,1,1,96,0.2,1,40,2,4710.8,2931.88,24.3
15.4297,47,37,2000,2000,11.08,-1.83175,0,1,1,281,0.5,1,40,2,6128.72,2373.76,10.35
15.4312,49,19,2000,2000,0.09,2.81984,0,1,1,32,0.15,1,40,2,5953.86,2438,5.64
15.4348,54,5,6051.1,2404.03,7.74,2.78673,0,0,0,0,0,1,40,0,5530,3237.4,15.28
15.4384,59,17,5007.8,2815.36,0.7,2.75597,0,0,0,0,0,1,40,0,6016.98,2413.79,0
15.4435,66,5,6150.45,2365.24,11.52,2.7685,0,0,0,0,0,1,40,0,4505.11,3009.15,6.43
15.4464,70,19,2000,2000,11.97,-2.01277,0,1,1,96,0.2,1,40,2,4987.63,2822.48,0
15.4471,71,18,2000,2000,11.87,-0.378003,0,1,0,64,0.05,1,40,2,5635.65,3653.1,11.53
15.4478,72,22,4505.13,3009.14,6.43,-0.372421,0,0,0,0,0,1,40,0,5364.82,2674.43,0
15.4486,73,19,2000,2000,0.01,-1.75026,0,1,1,32,0.15,1,40,2,5433.71,2643.67,20.47
15.4587,87,19,2000,2000,0.13,-1.96559,0,1,1,32,0.15,1,40,2,5420.86,2827.11,0.46
15.4609,90,19,2000,2000,1.69,-2.96653,0,1,1,32,0.15,1,40,2,5408.21,2800.41,8.32
15.463,93,19,2000,2000,0.46,1.12603,0,1,1,32,0.15,1,40,2,5682.65,3810.88,0
15.4652,96,19,2000,2000,8.32,1.12757,0,1,1,32,0.15,1,40,2,5630.63,2566.25,0
15.4746,109,37,2000,2000,13.16,-1.83125,0,1,0,0,0,1,40,2,5205.24,2734.41,14.75
15.4761,111,19,2000,2000,11.72,-0.377652,0,1,1,32,0.15,1,40,2,5548.65,2598.97,0
15.4783,114,10,2000,2000,0,0,0,1,1,32,0.15,1,40,2,5577.8,3436.24,12.19
15.4804,117,10,2000,2000,0,0,0,1,1,32,0.15,1,40,2,5571.85,3413.92,12.72
15.4841,122,19,2000,2000,0,0,0,1,1,96,0.2,1,40,2,5442.53,2911.15,11.95
15.4848,123,34,2000,2000,12.72,-1.8316,0,1,0,64,0.05,1,40,2,5452.9,2948.93,12.49
15.4855,124,19,2000,2000,4.65,-0.378907,0,1,1,96,0.2,1,40,2,5424.67,2835.14,0.47
15.4862,125,19,2000,2000,12.25,-2.01399,0,1,1,96,0.2,1,40,2,5982.96,2426.47,0.01
15.492,133,10,2000,2000,5.23,2.77566,0,1,1,32,0.15,1,40,2,5365.79,2718.34,0
15.4957,138,19,2000,2000,0.66,1.13392,0,1,1,32,0.15,1,40,2,0,0,0
15.4971,140,17,5023.51,2809.19,1.61,2.76685,0,0,0,0,0,1,40,0,0,0,0
15.5022,9,10,2000,2000,0,0,0,1,1,32,0.15,1,40,2,5581.33,2586.44,0
15.5087,18,10,2000,2000,5.49,-0.369005,0,1,1,32,0.15,1,40,2,5385.28,2666.31,0
15.5101,20,11,5659.25,2557.96,3.91,2.6965,0,0,0,0,0,1,40,0,5362.79,2712.01,0
15.5167,29,10,2000,2000,8.76,2.75558,0,1,1,32,0.15,1,40,2,5685.14,3817.41,0
15.5196,33,27,5463.55,2987.74,5.42,-1.8377,0,0,0,0,0,1,40,0,5938.6,2444.04,8.98
15.5283,45,18,2000,2000,4.86,2.76452,0,1,0,64,0.05,1,40,2,6242.4,2329.22,15.72
15.529,46,10,2000,2000,0.01,-0.438826,0,1,1,96,0.2,1,40,2,4708.54,2932.77,24.3
15.5297,47,37,2000,2000,11.08,-1.83175,0,1,1,281,0.5,1,40,2,6127.76,2374.13,10.35
15.5312,49,19,2000,2000,0.09,2.81984,0,1,1,32,0.15,1,40,2,5954.38,2437.79,5.64
15.5384,59,17,5007.73,2815.39,0.7,2.75597,0,0,0,0,0,1,40,0,6016.98,2413.79,0
15.5435,66,5,6149.38,2365.66,11.52,2.7685,0,0,0,0,0,1,40,0,4505.71,3008.92,6.43
15.5464,70,19,2000,2000,11.97,-2.01277,0,1,1,96,0.2,1,40,2,4987.63,2822.48,0
15.5471,71,18,2000,2000,11.87,-0.378003,0,1,0,64,0.05,1,40,2,5635.35,3651.99,11.53
15.5478,72,22,4505.73,3008.91,6.43,-0.372421,0,0,0,0,0,1,40,0,5364.82,2674.43,0
15.5486,73,19,2000,2000,0.01,-1.75026,0,1,1,32,0.15,1,40,2,5435.61,2642.92,20.47
15.5587,87,19,2000,2000,0.13,-1.96559,0,1,1,32,0.15,1,40,2,5420.88,2827.15,0.46
15.5609,90,19,2000,2000,1.69,-2.96653,0,1,1,32,0.15,1,40,2,5408.57,2801.16,8.32
15.563,93,19,2000,2000,0.46,1.12603,0,1,1,32,0.15,1,40,2,5682.65,3810.88,0
15.5652,96,19,2000,2000,8.32,1.12757,0,1,1,32,0.15,1,40,2,5630.63,2566.25,0
15.5746,109,37,2000,2000,13.16,-1.83125,0,1,0,0,0,1,40,2,5206.61,2733.87,14.75
15.5761,111,19,2000,2000,11.72,-0.377652,0,1,1,32,0.15,1,40,2,5548.65,2598.97,0
15.5783,114,10,2000,2000,0,0,0,1,1,32,0.15,1,40,2,5577.49,3435.06,12.19
15.5804,117,10,2000,2000,0,0,0,1,1,32,0.15,1,40,2,5571.52,3412.69,12.72
15.5841,122,19,2000,2000,0,0,0,1,1,96,0.2,1,40,2,5442.22,2910,11.95
15.5848,123,34,2000,2000,12.72,-1.8316,0,1,0,64,0.05,1,40,2,5452.57,2947.73,12.49
15.5855,124,19,2000,2000,4.65,-0.378907,0,1,1,96,0.2,1,40,2,5424.69,2835.18,0.47
15.5862,125,19,2000,2000,12.25,-2.01399,0,1,1,96,0.2,1,40,2,5982.96,2426.47,0.01
15.592,133,10,2000,2000,5.23,2.77566,0,1,1,32,0.15,1,40,2,5365.79,2718.34,0
15.5957,138,19,2000,2000,0.66,1.13392,0,1,1,32,0.15,1,40,2,0,0,0
15.5971,140,17,5023.36,2809.25,1.61,2.76685,0,0,0,0,0,1,40,0,0,0,0
15.6022,9,10,2000,2000,0,0,0,1,1,32,0.15,1,40,2,5581.33,2586.44,0
15.6087,18,10,2000,2000,5.49,-0.369005,0,1,1,32,0.15,1,40,2,5385.28,2666.31,0
15.6101,20,11,5658.9,2558.13,3.91,2.6965,0,0,0,0,0,1,40,0,5362.79,2712.01,0
15.6167,29,10,2000,2000,8.76,2.75558,0,1,1,32,0.15,1,40,2,5685.14,3817.41,0
15.6196,33,27,5463.4,2987.22,5.42,-1.8377,0,0,0,0,0,1,40,0,5939.44,2443.71,8.98
15.6283,45,18,2000,2000,4.86,2.76452,0,1,0,64,0.05,1,40,2,6240.93,2329.8,15.72
15.629,46,10,2000,2000,0.01,-0.438826,0,1,1,96,0.2,1,40,2,4706.28,2933.66,24.3
15.6297,47,37,2000,2000,11.08,-1.83175,0,1,1,281,0.5,1,40,2,6126.79,2374.51,10.35
15.6312,49,19,2000,2000,0.09,2.81984,0,1,1,32,0.15,1,40,2,5954.91,2437.58,5.64
15.6384,59,17,5007.67,2815.41,0.7,2.75597,0,0,0,0,0,1,40,0,6016.98,2413.79,0
15.6435,66,5,6148.31,2366.08,11.52,2.7685,0,0,0,0,0,1,40,0,4506.3,3008.68,6.43
15.6464,70,19,2000,2000,11.97,-2.01277,0,1,1,96,0.2,1,40,2,4987.63,2822.48,0
15.6471,71,18,2000,2000,11.87,-0.378003,0,1,0,64,0.05,1,40,2,5635.05,3650.87,11.53
15.6478,72,22,4506.33,3008.67,6.43,-0.372421,0,0,0,0,0,1,40,0,5364.82,2674.43,0
15.6486,73,19,2000,2000,0.01,-1.75026,0,1,1,32,0.15,1,40,2,5437.52,2642.16,20.47
15.6587,87,19,2000,2000,0.13,-1.96559,0,1,1,32,0.15,1,40,2,5420.9,2827.19,0.46
15.6609,90,19,2000,2000,1.69,-2.96653,0,1,1,32,0.15,1,40,2,5408.93,2801.91,8.32
15.663,93,19,2000,2000,0.46,1.12603,0,1,1,32,0.15,1,40,2,5682.65,3810.88,0
15.6652,96,19,2000,2000,8.32,1.12757,0,1,1,32,0.15,1,40,2,5630.63,2566.25,0
15.6746,109,37,2000,2000,13.16,-1.83125,0,1,0,0,0,1,40,2,5207.98,2733.32,14.75
15.6761,111,19,2000,2000,11.72,-0.377652,0,1,1,32,0.15,1,40,2,5548.65,2598.97,0
15.6783,114,10,2000,2000,0,0,0,1,1,32,0.15,1,40,2,5577.17,3433.88,12.19
15.6804,117,10,2000,2000,0,0,0,1,1,32,0.15,1,40,2,5571.19,3411.46,12.72
15.6841,122,19,2000,2000,0,0,0,1,1,96,0.2,1,40,2,5441.9,2908.85,11.95
15.6848,123,34,2000,2000,12.72,-1.8316,0,1,0,64,0.05,1,40,2,5452.24,2946.52,12.49
15.6855,124,19,2000,2000,4.65,-0.378907,0,1,1,96,0.2,1,40,2,5424.71,2835.22,0.47
15.6862,125,19,2000,2000,12.25,-2.01399,0,1,1,96,0.2,1,40,2,5982.97,2426.47,0.01
15.692,133,10,2000,2000,5.23,2.77566,0,1,1,32,0.15,1,40,2,5365.79,2718.34,0
15.6957,138,19,2000,2000,0.66,1.13392,0,1,1,32,0.15,1,40,2,0,0,0
15.6971,140,17,5023.21,2809.31,1.61,2.76685,0,0,0,0,0,1,40,0,0,0,0
15.7022,9,10,2000,2000,0,0,0,1,1,32,0.15,1,40,2,5581.33,2586.44,0
15.7087,18,10,2000,2000,5.49,-0.369005,0,1,1,32,0.15,1,40,2,5385.28,2666.31,0
15.7101,20,11,5658.54,2558.3,3.91,2.6965,0,0,0,0,0,1,40,0,5362.79,2712.01,0
15.7167,29,10,2000,2000,8.76,2.75558,0,1,1,32,0.15,1,40,2,5685.14,3817.41,0
15.7196,33,27,5463.26,2986.7,5.42,-1.8377,0,0,0,0,0,1,40,0,5940.27,2443.38,8.98
15.7283,45,18,2000,2000,4.86,2.76452,0,1,0,64,0.05,1,40,2,6239.47,2330.37,15.72
15.729,46,10,2000,2000,0.01,-0.438826,0,1,1,96,0.2,1,40,2,4704.02,2934.54,24.3
15.7297,47,37,2000,2000,11.08,-1.83175,0,1,1,281,0.5,1,40,2,6125.83,2374.89,10.35
15.7312,49,19,2000,2000,0.09,2.81984,0,1,1,32,0.15,1,40,2,5955.43,2437.37,5.64
15.7384,59,17,5007.6,2815.44,0.7,2.75597,0,0,0,0,0,1,40,0,6016.98,2413.79,0
15.7435,66,5,6147.23,2366.5,11.52,2.7685,0,0,0,0,0,1,40,0,4506.9,3008.45,6.43
15.7464,70,19,2000,2000,11.97,-2.01277,0,1,1,96,0.2,1,40,2,4987.63,2822.48,0
15.7471,71,18,2000,2000,11.87,-0.378003,0,1,0,64,0.05,1,40,2,5634.75,3649.76,11.53
15.7478,72,22,4506.93,3008.44,6.43,-0.372421,0,0,0,0,0,1,40,0,5364.82,2674.43,0
15.7486,73,19,2000,2000,0.01,-1.75026,0,1,1,32,0.15,1,40,2,5439.42,2641.41,20.47
15.7587,87,19,2000,2000,0.13,-1.96559,0,1,1,32,0.15,1,40,2,5420.92,2827.23,0.46
15.7609,90,19,2000,2000,1.69,-2.96653,0,1,1,32,0.15,1,40,2,5409.28,2802.67,8.32
15.763,93,19,2000,2000,0.46,1.12603,0,1,1,32,0.15,1,40,2,5682.65,3810.88,0
15.7652,96,19,2000,2000,8.32,1.12757,0,1,1,32,0.15,1,40,2,5630.63,2566.25,0
15.7746,109,37,2000,2000,13.16,-1.83125,0,1,0,0,0,1,40,2,5209.35,2732.78,14.75
15.7761,111,19,2000,2000,11.72,-0.377652,0,1,1,32,0.15,1,40,2,5548.65,2598.97,0
15.7783,114,10,2000,2000,0,0,0,1,1,32,0.15,1,40,2,5576.86,3432.71,12.19
15.7804,117,10,2000,2000,0,0,0,1,1,32,0.15,1,40,2,5570.86,3410.23,12.72
15.7841,122,19,2000,2000,0,0,0,1,1,96,0.2,1,40,2,5441.58,2907.69,11.95
15.7848,123,34,2000,2000,12.72,-1.8316,0,1,0,64,0.05,1,40,2,5451.91,2945.32,12.49
15.7855,124,19,2000,2000,4.65,-0.378907,0,1,1,96,0.2,1,40,2,5424.73,2835.27,0.47
15.7862,125,19,2000,2000,12.25,-2.01399,0,1,1,96,0.2,1,40,2,5982.97,2426.47,0.01
15.792,133,10,2000,2000,5.23,2.77566,0,1,1,32,0.15,1,40,2,5365.79,2718.34,0
15.7957,138,19,2000,2000,0.66,1.13392,0,1,1,32,0.15,1,40,2,0,0,0
15.7971,140,17,5023.06,2809.37,1.61,2.76685,0,0,0,0,0,1,40,0,0,0,0
15.8022,9,10,2000,2000,0,0,0,1,1,32,0.15,1,40,2,5581.33,2586.44,0
15.8087,18,10,2000,2000,5.49,-0.369005,0,1,1,32,0.15,1,40,2,5385.28,2666.31,0
15.8101,20,11,5658.19,2558.46,3.91,2.6965,0,0,0,0,0,1,40,0,5362.79,2712.01,0
15.8167,29,10,2000,2000,8.76,2.75558,0,1,1,32,0.15,1,40,2,5685.14,3817.41,0
15.8196,33,27,5463.12,2986.18,5.42,-1.8377,0,0,0,0,0,1,40,0,5941.11,2443.05,8.98
15.8268,43,18,2000,2000,14.21,2.76265,0,1,1,8,0.15,1,40,2,5418.82,2653.01,0.09
15.8283,45,18,2000,2000,4.86,2.76452,0,1,0,64,0.05,1,40,2,6238.01,2330.94,15.72
15.829,46,10,2000,2000,0.01,-0.438826,0,1,1,96,0.2,1,40,2,4701.75,2935.43,24.3
15.8297,47,37,2000,2000,11.08,-1.83175,0,1,1,281,0.5,1,40,2,6124.86,2375.27,10.35
15.8312,49,19,2000,2000,0.09,2.81984,0,1,1,32,0.15,1,40,2,5955.96,2437.16,5.64
15.8384,59,17,5007.54,2815.47,0.7,2.75597,0,0,0,0,0,1,40,0,6016.98,2413.79,0
15.8435,66,5,6146.16,2366.92,11.52,2.7685,0,0,0,0,0,1,40,0,4507.5,3008.22,6.43
15.8464,70,19,2000,2000,11.97,-2.01277,0,1,1,96,0.2,1,40,2,4987.63,2822.48,0
15.8471,71,18,2000,2000,11.87,-0.378003,0,1,0,64,0.05,1,40,2,5634.46,3648.64,11.53
15.8478,72,22,4507.53,3008.21,6.43,-0.372421,0,0,0,0,0,1,40,0,5364.82,2674.43,0
15.8486,73,19,2000,2000,0.01,-1.75026,0,1,1,32,0.15,1,40,2,5441.32,2640.65,20.47
15.8587,87,19,2000,2000,0.13,-1.96559,0,1,1,32,0.15,1,40,2,5420.94,2827.27,0.46
15.8609,90,19,2000,2000,1.69,-2.96653,0,1,1,32,0.15,1,40,2,5409.64,2803.42,8.32
15.863,93,19,2000,2000,0.46,1.12603,0,1,1,32,0.15,1,40,2,5682.65,3810.88,0
15.8652,96,19,2000,2000,8.32,1.12757,0,1,1,32,0.15,1,40,2,5630.63,2566.25,0
15.8746,109,37,2000,2000,13.16,-1.83125,0,1,0,0,0,1,40,2,5210.72,2732.23,14.75
15.8761,111,19,2000,2000,11.72,-0.377652,0,1,1,32,0.15,1,40,2,5548.65,2598.97,0
15.8783,114,10,2000,2000,0,0,0,1,1,32,0.15,1,40,2,5576.55,3431.53,12.19
15.8804,117,10,2000,2000,0,0,0,1,1,32,0.15,1,40,2,5570.53,3409,12.72
15.8841,122,19,2000,2000,0,0,0,1,1,96,0.2,1,40,2,5441.27,2906.54,11.95
15.8848,123,34,2000,2000,12.72,-1.8316,0,1,0,64,0.05,1,40,2,5451.58,2944.11,12.49
15.8855,124,19,2000,2000,4.65,-0.378907,0,1,1,96,0.2,1,40,2,5424.75,2835.31,0.47
15.8862,125,19,2000,2000,12.25,-2.01399,0,1,1,96,0.2,1,40,2,5982.97,2426.47,0.01
15.892,133,10,2000,2000,5.23,2.77566,0,1,1,32,0.15,1,40,2,5365.79,2718.34,0
15.8957,138,19,2000,2000,0.66,1.13392,0,1,1,32,0.15,1,40,2,0,0,0
15.8971,140,17,5022.91,2809.43,1.61,2.76685,0,0,0,0,0,1,40,0,0,0,0
15.9022,9,10,2000,2000,0,0,0,1,1,32,0.15,1,40,2,5581.33,2586.44,0
15.9087,18,10,2000,2000,5.49,-0.369005,0,1,1,32,0.15,1,40,2,5385.28,2666.31,0
15.9101,20,11,5657.84,2558.63,3.91,2.6965,0,0,0,0,0,1,40,0,5362.79,2712.01,0
15.9167,29,10,2000,2000,8.76,2.75558,0,1,1,32,0.15,1,40,2,5685.14,3817.41,0
15.9196,33,27,5462.98,2985.65,5.42,-1.8377,0,0,0,0,0,1,40,0,5941.94,2442.72,8.98
15.9268,43,18,2000,2000,14.21,2.76265,0,1,0,0,0,1,40,2,5418.81,2653.02,0.09
15.9283,45,18,2000,2000,4.86,2.76452,0,1,0,64,0.05,1,40,2,6236.54,2331.52,15.72
15.929,46,10,2000,2000,0.01,-0.438826,0,1,1,96,0.2,1,40,2,4699.49,2936.32,24.3
15.9297,47,37,2000,2000,11.08,-1.83175,0,1,1,281,0.5,1,40,2,6123.9,2375.64,10.35
15.9312,49,19,2000,2000,0.09,2.81984,0,1,1,32,0.15,1,40,2,5956.48,2436.96,5.64
15.9384,59,17,5007.47,2815.49,0.7,2.75597,0,0,0,0,0,1,40,0,6016.98,2413.79,0
15.9435,66,5,6145.09,2367.34,11.52,2.7685,0,0,0,0,0,1,40,0,4508.1,3007.98,6.43
15.9464,70,19,2000,2000,11.97,-2.01277,0,1,1,96,0.2,1,40,2,4987.63,2822.48,0
15.9471,71,18,2000,2000,11.87,-0.378003,0,1,0,64,0.05,1,40,2,5634.16,3647.53,11.53
15.9478,72,22,4508.13,3007.97,6.43,-0.372421,0,0,0,0,0,1,40,0,5364.82,2674.43,0
15.9486,73,19,2000,2000,0.01,-1.75026,0,1,1,32,0.15,1,40,2,5443.23,2639.9,20.47
15.9587,87,19,2000,2000,0.13,-1.96559,0,1,1,32,0.15,1,40,2,5420.96,2827.31,0.46
15.9609,90,19,2000,2000,0,0,-16.9,1,1,38,0.35,1,40,2,5410,2804.17,8.32
15.963,93,19,2000,2000,0.46,1.12603,0,1,1,32,0.15,1,40,2,5682.65,3810.88,0
15.9652,96,19,2000,2000,8.32,1.12757,0,1,1,32,0.15,1,40,2,5630.63,2566.25,0
15.9746,109,37,2000,2000,13.16,-1.83125,0,1,0,0,0,1,40,2,5212.09,2731.69,14.75
15.9761,111,19,2000,2000,11.72,-0.377652,0,1,1,32,0.15,1,40,2,5548.65,2598.97,0
15.9783,114,10,2000,2000,0,0,0,1,1,32,0.15,1,40,2,5576.23,3430.35,12.19
15.9804,117,10,2000,2000,0,0,0,1,1,32,0.15,1,40,2,5570.21,3407.78,12.72
15.9841,122,19,2000,2000,0,0,0,1,1,96,0.2,1,40,2,5440.95,2905.39,11.95
15.9848,123,34,2000,2000,12.72,-1.8316,0,1,0,64,0.05,1,40,2,5451.25,2942.91,12.49
15.9855,124,19,2000,2000,4.65,-0.378907,0,1,1,96,0.2,1,40,2,5424.77,2835.35,0.47
15.9862,125,19,2000,2000,12.25,-2.01399,0,1,1,96,0.2,1,40,2,5982.97,2426.47,0.01
15.992,133,10,2000,2000,5.23,2.77566,0,1,1,32,0.15,1,40,2,5365.79,2718.34,0
15.9957,138,19,2000,2000,0.66,1.13392,0,1,1,32,0.15,1,40,2,0,0,0
15.9971,140,17,5022.76,2809.49,1.61,2.76685,0,0,0,0,0,1,40,0,0,0,0
16.0022,9,10,2000,2000,0,0,0,1,1,32,0.15,1,40,2,5581.33,2586.44,0
16.0087,18,10,2000,2000,0,0,-54.9,1,1,38,0.35,1,40,2,5385.28,2666.31,0
16.0101,20,11,5657.57,2558.76,0,0,-39.1,0,1,6,0.2,1,40,0,5362.79,2712.01,0
16.0167,29,10,2000,2000,0,0,-87.6,1,1,38,0.35,1,40,2,5685.14,3817.41,0
16.0196,33,27,5462.86,2985.23,0,0,-54.2,0,1,6,0.2,1,40,0,5942.62,2442.45,0
16.0268,43,18,2000,2000,0,0,-142.1,1,1,6,0.2,1,40,2,5418.8,2653.02,0.09
16.0283,45,18,2000,2000,0,0,-48.6,1,1,70,0.25,1,40,2,6235.49,2331.93,0
16.0297,47,37,2000,2000,0,0,-110.8,1,1,285,0.6,1,40,2,6123.22,2375.91,0
16.0312,49,19,2000,2000,0.09,2.81984,0,1,1,32,0.15,1,40,2,5956.85,2436.81,0
16.0384,59,17,5007.43,2815.51,0,0,-7,0,1,6,0.2,1,40,0,6016.98,2413.79,0
16.0435,66,5,6144.48,2367.58,0,0,-115.2,0,1,6,0.2,1,40,0,4508.44,3007.85,0
16.0464,70,19,2000,2000,0,0,-119.7,1,1,102,0.4,1,40,2,4987.63,2822.48,0
16.0471,71,18,2000,2000,0,0,-118.7,1,1,70,0.25,1,40,2,5634,3646.94,0
16.0478,72,22,4508.44,3007.85,0,0,-64.3,0,1,6,0.2,1,40,0,5364.82,2674.43,0
16.0486,73,19,2000,2000,0.01,-1.75026,0,1,1,32,0.15,1,40,2,5444.21,2639.51,0
16.0587,87,19,2000,2000,0,0,-1.3,1,1,34,0.25,1,40,2,5420.98,2827.35,0
16.0609,90,19,2000,2000,0,0,0,1,1,32,0.15,1,40,2,5410.14,2804.47,0
16.063,93,19,2000,2000,0,0,-4.6,1,1,38,0.35,1,40,2,5682.65,3810.88,0
16.0652,96,19,2000,2000,0,0,-83.2,1,1,38,0.35,1,40,2,5630.63,2566.25,0
16.0746,109,37,2000,2000,0,0,-131.6,1,1,6,0.2,1,40,2,5212.47,2731.54,0
16.0761,111,19,2000,2000,0,0,-117.2,1,1,6,0.2,1,40,2,5548.65,2598.97,0
16.0783,114,10,2000,2000,0,0,0,1,1,32,0.15,1,40,2,5576.16,3430.08,0
16.0804,117,10,2000,2000,0,0,0,1,1,32,0.15,1,40,2,5570.14,3407.53,0
16.0841,122,19,2000,2000,0,0,0,1,0,64,0.05,1,40,2,5440.9,2905.2,0
16.0848,123,34,2000,2000,0,0,-127.2,1,1,70,0.25,1,40,2,5451.2,2942.73,0
16.0855,124,19,2000,2000,0,0,-46.5,1,1,70,0.25,1,40,2,5424.77,2835.36,0
16.0862,125,19,2000,2000,0,0,-122.5,1,1,102,0.4,1,40,2,5982.97,2426.47,0.01
16.092,133,10,2000,2000,0,0,-52.3,1,1,38,0.35,1,40,2,5365.79,2718.34,0
16.0957,138,19,2000,2000,0,0,-6.6,1,1,38,0.35,1,40,2,0,0,0
16.0971,140,17,5022.75,2809.49,0,0,-16.1,0,1,6,0.2,1,40,0,0,0,0
16.1022,9,10,2000,2000,0,0,0,1,1,32,0.15,1,40,2,5581.33,2586.44,0
16.1087,18,10,2000,2000,0,0,0,1,0,0,0,1,40,2,5385.28,2666.31,0
16.1101,20,11,5657.57,2558.76,0,0,0,0,0,0,0,1,40,0,5362.79,2712.01,0
16.1167,29,10,2000,2000,0,0,0,1,0,0,0,1,40,2,5685.14,3817.41,0
16.1196,33,27,5462.86,2985.23,0,0,0,0,0,0,0,1,40,0,5942.62,2442.45,0
16.1268,43,18,2000,2000,0,0,0,1,0,0,0,1,40,2,5418.8,2653.02,0
16.1283,45,18,2000,2000,0,0,0,1,0,64,0.05,1,40,2,6235.49,2331.93,0
16.1297,47,37,2000,2000,0,0,0,1,1,281,0.5,1,40,2,6123.22,2375.91,0
16.1312,49,19,2000,2000,0,0,-0.9,1,1,34,0.25,1,40,2,5956.85,2436.81,0
16.1384,59,17,5007.43,2815.51,0,0,0,0,0,0,0,1,40,0,6016.98,2413.79,0
16.1435,66,5,6144.48,2367.58,0,0,0,0,0,0,0,1,40,0,4508.44,3007.85,0
16.1464,70,19,2000,2000,0,0,0,1,1,96,0.2,1,40,2,4987.63,2822.48,0
16.1471,71,18,2000,2000,0,0,0,1,0,64,0.05,1,40,2,5634,3646.94,0
16.1478,72,22,4508.44,3007.85,0,0,0,0,0,0,0,1,40,0,5364.82,2674.43,0
16.1486,73,19,2000,2000,0.01,-1.75026,0,1,1,32,0.15,1,40,2,5444.21,2639.51,0
16.1587,87,19,2000,2000,0,0,0,1,1,32,0.15,1,40,2,5420.98,2827.35,0
16.1609,90,19,2000,2000,0,0,0,1,1,32,0.15,1,40,2,5410.14,2804.47,0
16.163,93,19,2000,2000,0,0,0,1,1,32,0.15,1,40,2,5682.65,3810.88,0
16.1652,96,19,2000,2000,0,0,0,1,1,32,0.15,1,40,2,5630.63,2566.25,0
16.1746,109,37,2000,2000,0,0,0,1,0,0,0,1,40,2,5212.47,2731.54,0
16.1761,111,19,2000,2000,0,0,0,1,1,32,0.15,1,40,2,5548.65,2598.97,0
16.1783,114,10,2000,2000,0,0,0,1,0,0,0,1,40,2,5576.16,3430.08,0
16.1804,117,10,2000,2000,0,0,0,1,1,32,0.15,1,40,2,5570.14,3407.53,0
16.1841,122,19,2000,2000,0,0,0,1,1,96,0.2,1,40,2,5440.9,2905.2,0
16.1848,123,34,2000,2000,0,0,0,1,0,64,0.05,1,40,2,5451.2,2942.73,0
16.1855,124,19,2000,2000,0,0,0,1,1,96,0.2,1,40,2,5424.77,2835.36,0
16.1862,125,19,2000,2000,0,0,0,1,1,96,0.2,1,40,2,5982.97,2426.47,0
16.192,133,10,2000,2000,0,0,0,1,1,32,0.15,1,40,2,5365.79,2718.34,0
16.1957,138,19,2000,2000,0,0,0,1,1,32,0.15,1,40,2,0,0,0
16.1971,140,17,5022.75,2809.49,0,0,0,0,0,0,0,1,40,0,0,0,0
16.2022,9,10,2000,2000,0,0,0,1,1,32,0.15,1,40,2,5581.33,2586.44,0
16.2087,18,10,2000,2000,0,0,0,1,1,32,0.15,1,40,2,5385.28,2666.31,0
16.2101,20,11,5657.57,2558.76,0,0,0,0,0,0,0,1,40,0,5362.79,2712.01,0
16.2167,29,10,2000,2000,0,0,0,1,1,32,0.15,1,40,2,5685.14,3817.41,0
16.2196,33,27,5462.86,2985.23,0,0,0,0,0,0,0,1,40,0,5942.62,2442.45,0
16.2268,43,18,2000,2000,0,0,0,1,0,0,0,1,40,2,5418.8,2653.02,0
16.2283,45,18,2000,2000,0,0,0,1,0,64,0.05,1,40,2,6235.49,2331.93,0
16.2297,47,37,2000,2000,0,0,0,1,1,281,0.5,1,40,2,6123.22,2375.91,0
16.2312,49,19,2000,2000,0,0,0,1,1,32,0.15,1,40,2,5956.85,2436.81,0
16.2384,59,17,5007.43,2815.51,0,0,0,0,0,0,0,1,40,0,6016.98,2413.79,0
16.2435,66,5,6144.48,2367.58,0,0,0,0,0,0,0,1,40,0,4508.44,3007.85,0
16.2464,70,19,2000,2000,0,0,0,1,1,96,0.2,1,40,2,4987.63,2822.48,0
16.2471,71,18,2000,2000,0,0,0,1,0,64,0.05,1,40,2,5634,3646.94,0
16.2478,72,22,4508.44,3007.85,0,0,0,0,0,0,0,1,40,0,5364.82,2674.43,0
16.2486,73,19,2000,2000,0.01,-1.75026,0,1,1,32,0.15,1,40,2,5444.21,2639.51,0
16.2587,87,19,2000,2000,0,0,0,1,1,32,0.15,1,40,2,5420.98,2827.35,0
16.2609,90,19,2000,2000,0,0,0,1,1,32,0.15,1,40,2,5410.14,2804.47,0
16.263,93,19,2000,2000,0,0,0,1,1,32,0.15,1,40,2,5682.65,3810.88,0
16.2652,96,19,2000,2000,0,0,0,1,1,32,0.15,1,40,2,5630.63,2566.25,0
16.2746,109,37,2000,2000,0,0,0,1,0,0,0,1,40,2,5212.47,2731.54,0
16.2761,111,19,2000,2000,0,0,0,1,1,32,0.15,1,40,2,5548.65,2598.97,0
16.2783,114,10,2000,2000,0,0,0,1,1,32,0.15,1,40,2,5576.16,3430.08,0
16.2804,117,10,2000,2000,0,0,0,1,1,32,0.15,1,40,2,5570.14,3407.53,0
16.2841,122,19,2000,2000,0,0,0,1,1,96,0.2,1,40,2,5440.9,2905.2,0
16.2848,123,34,2000,2000,0,0,0,1,0,64,0.05,1,40,2,5451.2,2942.73,0
16.2855,124,19,2000,2000,0,0,0,1,1,96,0.2,1,40,2,5424.77,2835.36,0
16.2862,125,19,2000,2000,0,0,0,1,1,96,0.2,1,40,2,5982.97,2426.47,0
16.292,133,10,2000,2000,0,0,0,1,1,32,0.15,1,40,2,5365.79,2718.34,0
16.2957,138,19,2000,2000,0,0,0,1,1,32,0.15,1,40,2,0,0,0
16.2971,140,17,5022.75,2809.49,0,0,0,0,0,0,0,1,40,0,0,0,0
16.3022,9,10,2000,2000,0,0,0,1,1,32,0.15,1,40,2,5581.33,2586.44,0
16.3087,18,10,2000,2000,0,0,0,1,1,32,0.15,1,40,2,5385.28,2666.31,0
16.3101,20,11,5657.57,2558.76,0,0,0,0,0,0,0,1,40,0,5362.79,2712.01,0
16.3167,29,10,2000,2000,0,0,0,1,1,32,0.15,1,40,2,5685.14,3817.41,0
16.3196,33,27,5462.86,2985.23,0,0,0,0,0,0,0,1,40,0,5942.62,2442.45,0
16.3268,43,18,2000,2000,0,0,0,1,0,0,0,1,40,2,5418.8,2653.02,0
16.3283,45,18,2000,2000,0,0,0,1,0,64,0.05,1,40,2,6235.49,2331.93,0
16.3297,47,37,2000,2000,0,0,0,1,1,281,0.5,1,40,2,6123.22,2375.91,0
16.3312,49,19,2000,2000,0,0,0,1,1,32,0.15,1,40,2,5956.85,2436.81,0
16.3384,59,17,5007.43,2815.51,0,0,0,0,0,0,0,1,40,0,6016.98,2413.79,0
16.3435,66,5,6144.48,2367.58,0,0,0,0,0,0,0,1,40,0,4508.44,3007.85,0
16.3464,70,19,2000,2000,0,0,0,1,1,96,0.2,1,40,2,4987.63,2822.48,0
16.3471,71,18,2000,2000,0,0,0,1,0,64,0.05,1,40,2,5634,3646.94,0
16.3478,72,22,4508.44,3007.85,0,0,0,0,0,0,0,1,40,0,5364.82,2674.43,0
16.3486,73,19,2000,2000,0.01,-1.75026,0,1,1,32,0.15,1,40,2,5444.21,2639.51,0
16.3587,87,19,2000,2000,0,0,0,1,1,32,0.15,1,40,2,5420.98,2827.35,0
16.3609,90,19,2000,2000,0,0,0,1,1,32,0.15,1,40,2,5410.14,2804.47,0
16.363,93,19,2000,2000,0,0,0,1,1,32,0.15,1,40,2,5682.65,3810.88,0
16.3652,96,19,2000,2000,0,0,0,1,1,32,0.15,1,40,2,5630.63,2566.25,0
16.3746,109,37,2000,2000,0,0,0,1,0,0,0,1,40,2,5212.47,2731.54,0
16.3761,111,19,2000,2000,0,0,0,1,1,32,0.15,1,40,2,5548.65,2598.97,0
16.3783,114,10,2000,2000,0,0,0,1,1,32,0.15,1,40,2,5576.16,3430.08,0
16.3804,117,10,2000,2000,0,0,0,1,1,32,0.15,1,40,2,5570.14,3407.53,0
16.3841,122,19,2000,2000,0,0,0,1,1,96,0.2,1,40,2,5440.9,2905.2,0
16.3848,123,34,2000,2000,0,0,0,1,0,64,0.05,1,40,2,5451.2,2942.73,0
16.3855,124,19,2000,2000,0,0,0,1,1,96,0.2,1,40,2,5424.77,2835.36,0
16.3862,125,19,2000,2000,0,0,0,1,1,96,0.2,1,40,2,5982.97,2426.47,0
16.392,133,10,2000,2000,0,0,0,1,1,32,0.15,1,40,2,5365.79,2718.34,0
16.3957,138,19,2000,2000,0,0,0,1,1,32,0.15,1,40,2,0,0,0
16.3971,140,17,5022.75,2809.49,0,0,0,0,0,0,0,1,40,0,0,0,0
16.4022,9,10,2000,2000,0,0,0,1,1,32,0.15,1,40,2,5581.33,2586.44,0
16.4087,18,10,2000,2000,0,0,0,1,1,32,0.15,1,40,2,5385.28,2666.31,0
16.4101,20,11,5657.57,2558.76,0,0,0,0,0,0,0,1,40,0,5362.79,2712.01,0
16.4167,29,10,2000,2000,0,0,0,1,1,32,0.15,1,40,2,5685.14,3817.41,0
16.4196,33,27,5462.86,2985.23,0,0,0,0,0,0,0,1,40,0,5942.62,2442.45,0
16.4268,43,18,2000,2000,0,0,0,1,0,0,0,1,40,2,5418.8,2653.02,0
16.4283,45,18,2000,2000,0,0,0,1,0,64,0.05,1,40,2,6235.49,2331.93,0
16.4297,47,37,2000,2000,0,0,0,1,1,281,0.5,1,40,2,6123.22,2375.91,0
16.4312,49,19,2000,2000,0,0,0,1,1,32,0.15,1,40,2,5956.85,2436.81,0
16.4384,59,17,5007.43,2815.51,0,0,0,0,0,0,0,1,40,0,6016.98,2413.79,0
16.4435,66,5,6144.48,2367.58,0,0,0,0,0,0,0,1,40,0,4508.44,3007.85,0
16.4464,70,19,2000,2000,0,0,0,1,1,96,0.2,1,40,2,4987.63,2822.48,0
16.4471,71,18,2000,2000,0,0,0,1,0,64,0.05,1,40,2,5634,3646.94,0
16.4478,72,22,4508.44,3007.85,0,0,0,0,0,0,0,1,40,0,5364.82,2674.43,0
16.4486,73,19,2000,2000,0.01,-1.75026,0,1,1,32,0.15,1,40,2,5444.21,2639.51,0
16.4587,87,19,2000,2000,0,0,0,1,1,32,0.15,1,40,2,5420.98,2827.35,0
16.4609,90,19,2000,2000,0,0,0,1,1,32,0.15,1,40,2,5410.14,2804.47,0
16.463,93,19,2000,2000,0,0,0,1,1,32,0.15,1,40,2,5682.65,3810.88,0
16.4652,96,19,2000,2000,0,0,0,1,1,32,0.15,1,40,2,5630.63,2566.25,0
16.4746,109,37,2000,2000,0,0,0,1,0,0,0,1,40,2,5212.47,2731.54,0
16.4761,111,19,2000,2000,0,0,0,1,1,32,0.15,1,40,2,5548.65,2598.97,0
16.4783,114,10,2000,2000,0,0,0,1,1,32,0.15,1,40,2,5576.16,3430.08,0
16.4804,117,10,2000,2000,0,0,0,1,1,32,0.15,1,40,2,5570.14,3407.53,0
16.4841,122,19,2000,2000,0,0,0,1,1,96,0.2,1,40,2,5440.9,2905.2,0
16.4848,123,34,2000,2000,0,0,0,1,0,64,0.05,1,40,2,5451.2,2942.73,0
16.4855,124,19,2000,2000,0,0,0,1,1,96,0.2,1,40,2,5424.77,2835.36,0
16.4862,125,19,2000,2000,0,0,0,1,1,96,0.2,1,40,2,5982.97,2426.47,0
16.492,133,10,2000,2000,0,0,0,1,1,32,0.15,1,40,2,5365.79,2718.34,0
16.4957,138,19,2000,2000,0,0,0,1,1,32,0.15,1,40,2,0,0,0
16.4971,140,17,5022.75,2809.49,0,0,0,0,0,0,0,1,40,0,0,0,0
16.5022,9,10,2000,2000,0,0,0,1,1,32,0.15,1,40,2,5581.33,2586.44,0
16.5087,18,10,2000,2000,0,0,0,1,1,32,0.15,1,40,2,5385.28,2666.31,0
16.5101,20,11,5657.57,2558.76,0,0,0,0,0,0,0,1,40,0,5362.79,2712.01,0
16.5167,29,10,2000,2000,0,0,0,1,1,32,0.15,1,40,2,5685.14,3817.41,0
16.5196,33,27,5462.86,2985.23,0,0,0,0,0,0,0,1,40,0,5942.62,2442.45,0
16.5268,43,18,2000,2000,0,0,0,1,0,0,0,1,40,2,5418.8,2653.02,0
16.5283,45,18,2000,2000,0,0,0,1,0,0,0,1,40,2,6235.49,2331.93,0
16.5297,47,37,2000,2000,0,0,0,1,1,281,0.5,1,40,2,6123.22,2375.91,0
16.5312,49,19,2000,2000,0,0,0,1,1,32,0.15,1,40,2,5956.85,2436.81,0
16.5384,59,17,5007.43,2815.51,0,0,0,0,0,0,0,1,40,0,6016.98,2413.79,0
16.5435,66,5,6144.48,2367.58,0,0,0,0,0,0,0,1,40,0,4508.44,3007.85,0
16.5464,70,19,2000,2000,0,0,0,1,1,96,0.2,1,40,2,4987.63,2822.48,0
16.5471,71,18,2000,2000,0,0,0,1,0,64,0.05,1,40,2,5634,3646.94,0
16.5478,72,22,4508.44,3007.85,0,0,0,0,0,0,0,1,40,0,5364.82,2674.43,0
16.5486,73,19,2000,2000,0.01,-1.75026,0,1,1,32,0.15,1,40,2,5444.21,2639.51,0
16.5587,87,19,2000,2000,0,0,0,1,1,32,0.15,1,40,2,5420.98,2827.35,0
16.5609,90,19,2000,2000,0,0,0,1,1,32,0.15,1,40,2,5410.14,2804.47,0
16.563,93,19,2000,2000,0,0,0,1,1,32,0.15,1,40,2,5682.65,3810.88,0
16.5652,96,19,2000,2000,0,0,0,1,1,32,0.15,1,40,2,5630.63,2566.25,0
16.5746,109,37,2000,2000,0,0,0,1,0,0,0,1,40,2,5212.47,2731.54,0
16.5761,111,19,2000,2000,0,0,0,1,1,32,0.15,1,40,2,5548.65,2598.97,0
16.5783,114,10,2000,2000,0,0,0,1,1,32,0.15,1,40,2,5576.16,3430.08,0
16.5804,117,10,2000,2000,0,0,0,1,1,32,0.15,1,40,2,5570.14,3407.53,0
16.5841,122,19,2000,2000,0,0,0,1,1,96,0.2,1,40,2,5440.9,2905.2,0
16.5848,123,34,2000,2000,0,0,0,1,0,64,0.05,1,40,2,5451.2,2942.73,0
16.5855,124,19,2000,2000,0,0,0,1,1,96,0.2,1,40,2,5424.77,2835.36,0
16.5862,125,19,2000,2000,0,0,0,1,1,96,0.2,1,40,2,5982.97,2426.47,0
16.592,133,10,2000,2000,0,0,0,1,1,32,0.15,1,40,2,5365.79,2718.34,0
16.5957,138,19,2000,2000,0,0,0,1,1,32,0.15,1,40,2,0,0,0
16.5971,140,17,5022.75,2809.49,0,0,0,0,0,0,0,1,40,0,0,0,0
16.6022,9,10,2000,2000,0,0,0,1,1,32,0.15,1,40,2,5581.33,2586.44,0
16.6087,18,10,2000,2000,0,0,0,1,1,32,0.15,1,40,2,5385.28,2666.31,0
16.6101,20,11,5657.57,2558.76,0,0,0,0,0,0,0,1,40,0,5362.79,2712.01,0
16.6167,29,10,2000,2000,0,0,0,1,1,32,0.15,1,40,2,5685.14,3817.41,0
16.6196,33,27,5462.86,2985.23,0,0,0,0,0,0,0,1,40,0,5942.62,2442.45,0
16.6268,43,18,2000,2000,0,0,0,1,0,0,0,1,40,2,5418.8,2653.02,0
16.6283,45,18,2000,2000,0,0,0,1,0,0,0,1,40,2,6235.49,2331.93,0
16.6297,47,37,2000,2000,0,0,0,1,1,281,0.5,1,40,2,6123.22,2375.91,0
16.6312,49,19,2000,2000,0,0,0,1,1,32,0.15,1,40,2,5956.85,2436.81,0
16.6384,59,17,5007.43,2815.51,0,0,0,0,0,0,0,1,40,0,6016.98,2413.79,0
16.6435,66,5,6144.48,2367.58,0,0,0,0,0,0,0,1,40,0,4508.44,3007.85,0
16.6464,70,19,2000,2000,0,0,0,1,1,96,0.2,1,40,2,4987.63,2822.48,0
16.6471,71,18,2000,2000,0,0,0,1,0,64,0.05,1,40,2,5634,3646.94,0
16.6478,72,22,4508.44,3007.85,0,0,0,0,0,0,0,1,40,0,5364.82,2674.43,0
16.6486,73,19,2000,2000,0.01,-1.75026,0,1,1,32,0.15,1,40,2,5444.21,2639.51,0
16.6587,87,19,2000,2000,0,0,0,1,1,32,0.15,1,40,2,5420.98,2827.35,0
16.6609,90,19,2000,2000,0,0,0,1,1,32,0.15,1,40,2,5410.14,2804.47,0
16.663,93,19,2000,2000,0,0,0,1,1,32,0.15,1,40,2,5682.65,3810.88,0
16.6652,96,19,2000,2000,0,0,0,1,1,32,0.15,1,40,2,5630.63,2566.25,0
16.6746,109,37,2000,2000,0,0,0,1,0,0,0,1,40,2,5212.47,2731.54,0
16.6761,111,19,2000,2000,0,0,0,1,1,32,0.15,1,40,2,5548.65,2598.97,0
16.6783,114,10,2000,2000,0,0,0,1,1,32,0.15,1,40,2,5576.16,3430.08,0
16.6804,117,10,2000,2000,0,0,0,1,1,32,0.15,1,40,2,5570.14,3407.53,0
16.6841,122,19,2000,2000,0,0,0,1,1,96,0.2,1,40,2,5440.9,2905.2,0
16.6848,123,34,2000,2000,0,0,0,1,0,64,0.05,1,40,2,5451.2,2942.73,0
16.6855,124,19,2000,2000,0,0,0,1,1,96,0.2,1,40,2,5424.77,2835.36,0
16.6862,125,19,2000,2000,0,0,0,1,1,96,0.2,1,40,2,5982.97,2426.47,0
16.692,133,10,2000,2000,0,0,0,1,1,32,0.15,1,40,2,5365.79,2718.34,0
16.6957,138,19,2000,2000,0,0,0,1,1,32,0.15,1,40,2,0,0,0
16.6971,140,17,5022.75,2809.49,0,0,0,0,0,0,0,1,40,0,0,0,0
16.7022,9,10,2000,2000,0,0,0,1,1,32,0.15,1,40,2,5581.33,2586.44,0
16.7087,18,10,2000,2000,0,0,0,1,1,32,0.15,1,40,2,5385.28,2666.31,0
16.7101,20,11,5657.57,2558.76,0,0,0,0,0,0,0,1,40,0,5362.79,2712.01,0
16.7167,29,10,2000,2000,0,0,0,1,1,32,0.15,1,40,2,5685.14,3817.41,0
16.7196,33,27,5462.86,2985.23,0,0,0,0,0,0,0,1,40,0,5942.62,2442.45,0
16.7268,43,18,2000,2000,0,0,0,1,0,0,0,1,40,2,5418.8,2653.02,0
16.7283,45,18,2000,2000,0,0,0,1,0,0,0,1,40,2,6235.49,2331.93,0
16.7297,47,37,2000,2000,0,0,0,1,1,281,0.5,1,40,2,6123.22,2375.91,0
16.7312,49,19,2000,2000,0,0,0,1,1,32,0.15,1,40,2,5956.85,2436.81,0
16.7384,59,17,5007.43,2815.51,0,0,0,0,0,0,0,1,40,0,6016.98,2413.79,0
16.7435,66,5,6144.48,2367.58,0,0,0,0,0,0,0,1,40,0,4508.44,3007.85,0
16.7464,70,19,2000,2000,0,0,0,1,1,96,0.2,1,40,2,4987.63,2822.48,0
16.7471,71,18,2000,2000,0,0,0,1,0,64,0.05,1,40,2,5634,3646.94,0
16.7478,72,22,4508.44,3007.85,0,0,0,0,0,0,0,1,40,0,5364.82,2674.43,0
16.7486,73,19,2000,2000,0.01,-1.75026,0,1,1,32,0.15,1,40,2,5444.21,2639.51,0
16.7587,87,19,2000,2000,0,0,0,1,1,32,0.15,1,40,2,5420.98,2827.35,0
16.7609,90,19,2000,2000,0,0,0,1,1,32,0.15,1,40,2,5410.14,2804.47,0
16.763,93,19,2000,2000,0,0,0,1,1,32,0.15,1,40,2,5682.65,3810.88,0
16.7652,96,19,2000,2000,0,0,0,1,1,32,0.15,1,40,2,5630.63,2566.25,0
16.7746,109,37,2000,2000,0,0,0,1,0,0,0,1,40,2,5212.47,2731.54,0
16.7761,111,19,2000,2000,0,0,0,1,1,32,0.15,1,40,2,5548.65,2598.97,0
16.7783,114,10,2000,2000,0,0,0,1,1,32,0.15,1,40,2,5576.16,3430.08,0
16.7804,117,10,2000,2000,0,0,0,1,1,32,0.15,1,40,2,5570.14,3407.53,0
16.7841,122,19,2000,2000,0,0,0,1,1,96,0.2,1,40,2,5440.9,2905.2,0
16.7848,123,34,2000,2000,0,0,0,1,0,64,0.05,1,40,2,5451.2,2942.73,0
16.7855,124,19,2000,2000,0,0,0,1,1,96,0.2,1,40,2,5424.77,2835.36,0
16.7862,125,19,2000,2000,0,0,0,1,1,96,0.2,1,40,2,5982.97,2426.47,0
16.792,133,10,2000,2000,0,0,0,1,1,32,0.15,1,40,2,5365.79,2718.34,0
16.7957,138,19,2000,2000,0,0,0,1,1,32,0.15,1,40,2,0,0,0
16.7971,140,17,5022.75,2809.49,0,0,0,0,0,0,0,1,40,0,0,0,0
16.8022,9,10,2000,2000,0,0,0,1,1,32,0.15,1,40,2,5581.33,2586.44,0
16.8087,18,10,2000,2000,0,0,0,1,1,32,0.15,1,40,2,5385.28,2666.31,0
16.8101,20,11,5657.57,2558.76,0,0,0,0,0,0,0,1,40,0,5362.79,2712.01,0
16.8167,29,10,2000,2000,0,0,0,1,1,32,0.15,1,40,2,5685.14,3817.41,0
16.8196,33,27,5462.86,2985.23,0,0,0,0,0,0,0,1,40,0,5942.62,2442.45,0
16.8268,43,18,2000,2000,0,0,0,1,0,0,0,1,40,2,5418.8,2653.02,0
16.8283,45,18,2000,2000,0,0,0,1,0,0,0,1,40,2,6235.49,2331.93,0
16.8297,47,37,2000,2000,0,0,0,1,1,281,0.5,1,40,2,6123.22,2375.91,0
16.8312,49,19,2000,2000,0,0,0,1,1,32,0.15,1,40,2,5956.85,2436.81,0
16.8384,59,17,5007.43,2815.51,0,0,0,0,0,0,0,1,40,0,6016.98,2413.79,0
16.8435,66,5,6144.48,2367.58,0,0,0,0,0,0,0,1,40,0,4508.44,3007.85,0
16.8464,70,19,2000,2000,0,0,0,1,1,96,0.2,1,40,2,4987.63,2822.48,0
16.8471,71,18,2000,2000,0,0,0,1,0,64,0.05,1,40,2,5634,3646.94,0
16.8478,72,22,4508.44,3007.85,0,0,0,0,0,0,0,1,40,0,5364.82,2674.43,0
16.8486,73,19,2000,2000,0.01,-1.75026,0,1,1,32,0.15,1,40,2,5444.21,2639.51,0
16.8587,87,19,2000,2000,0,0,0,1,1,32,0.15,1,40,2,5420.98,2827.35,0
16.8609,90,19,2000,2000,0,0,0,1,1,32,0.15,1,40,2,5410.14,2804.47,0
16.863,93,19,2000,2000,0,0,0,1,1,32,0.15,1,40,2,5682.65,3810.88,0
16.8652,96,19,2000,2000,0,0,0,1,1,32,0.15,1,40,2,5630.63,2566.25,0
16.8746,109,37,2000,2000,0,0,0,1,0,0,0,1,40,2,5212.47,2731.54,0
16.8761,111,19,2000,2000,0,0,0,1,1,32,0.15,1,40,2,5548.65,2598.97,0
16.8783,114,10,2000,2000,0,0,0,1,1,32,0.15,1,40,2,5576.16,3430.08,0
16.8804,117,10,2000,2000,0,0,0,1,1,32,0.15,1,40,2,5570.14,3407.53,0
16.8841,122,19,2000,2000,0,0,0,1,1,96,0.2,1,40,2,5440.9,2905.2,0
16.8848,123,34,2000,2000,0,0,0,1,0,64,0.05,1,40,2,5451.2,2942.73,0
16.8855,124,19,2000,2000,0,0,0,1,1,96,0.2,1,40,2,5424.77,2835.36,0
16.8862,125,19,2000,2000,0,0,0,1,1,96,0.2,1,40,2,5982.97,2426.47,0
16.892,133,10,2000,2000,0,0,0,1,1,32,0.15,1,40,2,5365.79,2718.34,0
16.8957,138,19,2000,2000,0,0,0,1,1,32,0.15,1,40,2,0,0,0
16.8971,140,17,5022.75,2809.49,0,0,0,0,0,0,0,1,40,0,0,0,0
16.9022,9,10,2000,2000,0,0,0,1,1,32,0.15,1,40,2,5581.33,2586.44,0
16.9087,18,10,2000,2000,0,0,0,1,1,32,0.15,1,40,2,5385.28,2666.31,0
16.9101,20,11,5657.57,2558.76,0,0,0,0,0,0,0,1,40,0,5362.79,2712.01,0
16.9167,29,10,2000,2000,0,0,0,1,1,32,0.15,1,40,2,5685.14,3817.41,0
16.9196,33,27,5462.86,2985.23,0,0,0,0,0,0,0,1,40,0,5942.62,2442.45,0
16.9268,43,18,2000,2000,0,0,0,1,0,0,0,1,40,2,5418.8,2653.02,0
16.9283,45,18,2000,2000,0,0,0,1,0,0,0,1,40,2,6235.49,2331.93,0
16.9297,47,37,2000,2000,0,0,0,1,1,281,0.5,1,40,2,6123.22,2375.91,0
16.9312,49,19,2000,2000,0,0,0,1,1,32,0.15,1,40,2,5956.85,2436.81,0
16.9384,59,17,5007.43,2815.51,0,0,0,0,0,0,0,1,40,0,6016.98,2413.79,0
16.9435,66,5,6144.48,2367.58,0,0,0,0,0,0,0,1,40,0,4508.44,3007.85,0
16.9464,70,19,2000,2000,0,0,0,1,1,96,0.2,1,40,2,4987.63,2822.48,0
16.9471,71,18,2000,2000,0,0,0,1,0,64,0.05,1,40,2,5634,3646.94,0
16.9478,72,22,4508.44,3007.85,0,0,0,0,0,0,0,1,40,0,5364.82,2674.43,0
16.9486,73,19,2000,2000,0.01,-1.75026,0,1,1,32,0.15,1,40,2,5444.21,2639.51,0
16.9587,87,19,2000,2000,0,0,0,1,1,32,0.15,1,40,2,5420.98,2827.35,0
16.9609,90,19,2000,2000,0,0,0,1,1,32,0.15,1,40,2,5410.14,2804.47,0
16.963,93,19,2000,2000,0,0,0,1,1,32,0.15,1,40,2,5682.65,3810.88,0
16.9652,96,19,2000,2000,0,0,0,1,1,32,0.15,1,40,2,5630.63,2566.25,0
16.9746,109,37,2000,2000,0,0,0,1,0,0,0,1,40,2,5212.47,2731.54,0
16.9761,111,19,2000,2000,0,0,0,1,1,32,0.15,1,40,2,5548.65,2598.97,0
16.9783,114,10,2000,2000,0,0,0,1,1,32,0.15,1,40,2,5576.16,3430.08,0
16.9804,117,10,2000,2000,0,0,0,1,1,32,0.15,1,40,2,5570.14,3407.53,0
16.9841,122,19,2000,2000,0,0,0,1,1,96,0.2,1,40,2,5440.9,2905.2,0
16.9848,123,34,2000,2000,0,0,0,1,0,64,0.05,1,40,2,5451.2,2942.73,0
16.9855,124,19,2000,2000,0,0,0,1,1,96,0.2,1,40,2,5424.77,2835.36,0
16.9862,125,19,2000,2000,0,0,0,1,1,96,0.2,1,40,2,5982.97,2426.47,0
16.992,133,10,2000,2000,0,0,0,1,1,32,0.15,1,40,2,5365.79,2718.34,0
16.9957,138,19,2000,2000,0,0,0,1,1,32,0.15,1,40,2,0,0,0
16.9971,140,17,5022.75,2809.49,0,0,0,0,0,0,0,1,40,0,0,0,0
17.0022,9,10,2000,2000,0,0,0,1,1,32,0.15,1,40,2,5581.33,2586.44,0
17.0087,18,10,2000,2000,0,0,0,1,1,32,0.15,1,40,2,5385.28,2666.31,0
17.0101,20,11,5657.57,2558.76,0,0,0,0,0,0,0,1,40,0,5362.79,2712.01,0
17.0167,29,10,2000,2000,0,0,0,1,1,32,0.15,1,40,2,5685.14,3817.41,0
17.0196,33,27,5462.86,2985.23,0,0,0,0,0,0,0,1,40,0,5942.62,2442.45,0
17.0268,43,18,2000,2000,0,0,0,1,0,0,0,1,40,2,5418.8,2653.02,0
17.0283,45,18,2000,2000,0,0,0,1,0,0,0,1,40,2,6235.49,2331.93,0
17.0297,47,37,2000,2000,0,0,0,1,1,281,0.5,1,40,2,6123.22,2375.91,0
17.0312,49,19,2000,2000,0,0,0,1,1,32,0.15,1,40,2,5956.85,2436.81,0
17.0384,59,17,5007.43,2815.51,0,0,0,0,0,0,0,1,40,0,6016.98,2413.79,0
17.0435,66,5,6144.48,2367.58,0,0,0,0,0,0,0,1,40,0,4508.44,3007.85,0
17.0464,70,19,2000,2000,0,0,0,1,1,96,0.2,1,40,2,4987.63,2822.48,0
17.0471,71,18,2000,2000,0,0,0,1,0,64,0.05,1,40,2,5634,3646.94,0
17.0478,72,22,4508.44,3007.85,0,0,0,0,0,0,0,1,40,0,5364.82,2674.43,0
17.0486,73,19,2000,2000,0,0,-0.1,1,1,34,0.25,1,40,2,5444.21,2639.51,0
17.0587,87,19,2000,2000,0,0,0,1,1,32,0.15,1,40,2,5420.98,2827.35,0
17.0609,90,19,2000,2000,0,0,0,1,1,32,0.15,1,40,2,5410.14,2804.47,0
17.063,93,19,2000,2000,0,0,0,1,1,32,0.15,1,40,2,5682.65,3810.88,0
17.0652,96,19,2000,2000,0,0,0,1,1,32,0.15,1,40,2,5630.63,2566.25,0
17.0746,109,37,2000,2000,0,0,0,1,0,0,0,1,40,2,5212.47,2731.54,0
17.0761,111,19,2000,2000,0,0,0,1,1,32,0.15,1,40,2,5548.65,2598.97,0
17.0783,114,10,2000,2000,0,0,0,1,1,32,0.15,1,40,2,5576.16,3430.08,0
17.0804,117,10,2000,2000,0,0,0,1,1,32,0.15,1,40,2,5570.14,3407.53,0
17.0841,122,19,2000,2000,0,0,0,1,0,64,0.05,1,40,2,5440.9,2905.2,0
17.0848,123,34,2000,2000,0,0,0,1,0,64,0.05,1,40,2,5451.2,2942.73,0
17.0855,124,19,2000,2000,0,0,0,1,0,64,0.05,1,40,2,5424.77,2835.36,0
17.0862,125,19,2000,2000,0,0,0,1,0,64,0.05,1,40,2,5982.97,2426.47,0
17.092,133,10,2000,2000,0,0,0,1,1,32,0.15,1,40,2,5365.79,2718.34,0
17.0957,138,19,2000,2000,0,0,0,1,1,32,0.15,1,40,2,0,0,0
17.0971,140,17,5022.75,2809.49,0,0,0,0,0,0,0,1,40,0,0,0,0
17.1022,9,10,2000,2000,0,0,0,1,1,32,0.15,1,40,2,5581.33,2586.44,0
17.1087,18,10,2000,2000,0,0,0,1,1,32,0.15,1,40,2,5385.28,2666.31,0
17.1101,20,11,5657.57,2558.76,0,0,0,0,0,0,0,1,40,0,5362.79,2712.01,0
17.1167,29,10,2000,2000,0,0,0,1,0,0,0,1,40,2,5685.14,3817.41,0
17.1196,33,27,5462.86,2985.23,0,0,0,0,0,0,0,1,40,0,5942.62,2442.45,0
17.1268,43,18,2000,2000,0,0,0,1,0,0,0,1,40,2,5418.8,2653.02,0
17.1283,45,18,2000,2000,0,0,0,1,0,0,0,1,40,2,6235.49,2331.93,0
17.1297,47,37,2000,2000,0,0,0,1,1,281,0.5,1,40,2,6123.22,2375.91,0
17.1312,49,19,2000,2000,0,0,0,1,1,32,0.15,1,40,2,5956.85,2436.81,0
17.1384,59,17,5007.43,2815.51,0,0,0,0,0,0,0,1,40,0,6016.98,2413.79,0
17.1435,66,5,6144.48,2367.58,0,0,0,0,0,0,0,1,40,0,4508.44,3007.85,0
17.1464,70,19,2000,2000,0,0,0,1,1,96,0.2,1,40,2,4987.63,2822.48,0
17.1471,71,18,2000,2000,0,0,0,1,0,64,0.05,1,40,2,5634,3646.94,0
17.1478,72,22,4508.44,3007.85,0,0,0,0,0,0,0,1,40,0,5364.82,2674.43,0
17.1486,73,19,2000,2000,0,0,0,1,1,32,0.15,1,40,2,5444.21,2639.51,0
17.1587,87,19,2000,2000,0,0,0,1,1,32,0.15,1,40,2,5420.98,2827.35,0
17.1609,90,19,2000,2000,0,0,0,1,1,32,0.15,1,40,2,5410.14,2804.47,0
17.163,93,19,2000,2000,0,0,0,1,1,32,0.15,1,40,2,5682.65,3810.88,0
17.1652,96,19,2000,2000,0,0,0,1,1,32,0.15,1,40,2,5630.63,2566.25,0
17.1746,109,37,2000,2000,0,0,0,1,0,0,0,1,40,2,5212.47,2731.54,0
17.1761,111,19,2000,2000,0,0,0,1,1,32,0.15,1,40,2,5548.65,2598.97,0
17.1783,114,10,2000,2000,0,0,0,1,0,0,0,1,40,2,5576.16,3430.08,0
17.1804,117,10,2000,2000,0,0,0,1,0,0,0,1,40,2,5570.14,3407.53,0
17.1841,122,19,2000,2000,0,0,0,1,1,96,0.2,1,40,2,5440.9,2905.2,0
17.1848,123,34,2000,2000,0,0,0,1,0,64,0.05,1,40,2,5451.2,2942.73,0
17.1855,124,19,2000,2000,0,0,0,1,1,96,0.2,1,40,2,5424.77,2835.36,0
17.1862,125,19,2000,2000,0,0,0,1,1,96,0.2,1,40,2,5982.97,2426.47,0
17.192,133,10,2000,2000,0,0,0,1,1,32,0.15,1,40,2,5365.79,2718.34,0
17.1957,138,19,2000,2000,0,0,0,1,1,32,0.15,1,40,2,0,0,0
17.1971,140,17,5022.75,2809.49,0,0,0,0,0,0,0,1,40,0,0,0,0
17.2022,9,10,2000,2000,0,0,0,1,1,32,0.15,1,40,2,5581.33,2586.44,0
17.2087,18,10,2000,2000,0,0,0,1,1,32,0.15,1,40,2,5385.28,2666.31,0
17.2101,20,11,5657.57,2558.76,0,0,0,0,0,0,0,1,40,0,5362.79,2712.01,0
17.2167,29,10,2000,2000,0,0,0,1,1,32,0.15,1,40,2,5685.14,3817.41,0
17.2196,33,27,5462.86,2985.23,0,0,0,0,0,0,0,1,40,0,5942.62,2442.45,0
17.2268,43,18,2000,2000,0,0,0,1,0,0,0,1,40,2,5418.8,2653.02,0
17.2283,45,18,2000,2000,0,0,0,1,0,0,0,1,40,2,6235.49,2331.93,0
17.2297,47,37,2000,2000,0,0,0,1,1,281,0.5,1,40,2,6123.22,2375.91,0
17.2312,49,19,2000,2000,0,0,0,1,1,32,0.15,1,40,2,5956.85,2436.81,0
17.2384,59,17,5007.43,2815.51,0,0,0,0,0,0,0,1,40,0,6016.98,2413.79,0
17.2435,66,5,6144.48,2367.58,0,0,0,0,0,0,0,1,40,0,4508.44,3007.85,0
17.2464,70,19,2000,2000,0,0,0,1,1,96,0.2,1,40,2,4987.63,2822.48,0
17.2471,71,18,2000,2000,0,0,0,1,0,64,0.05,1,40,2,5634,3646.94,0
17.2478,72,22,4508.44,3007.85,0,0,0,0,0,0,0,1,40,0,5364.82,2674.43,0
17.2486,73,19,2000,2000,0,0,0,1,1,32,0.15,1,40,2,5444.21,2639.51,0
17.2587,87,19,2000,2000,0,0,0,1,1,32,0.15,1,40,2,5420.98,2827.35,0
17.2609,90,19,2000,2000,0,0,0,1,1,32,0.15,1,40,2,5410.14,2804.47,0
17.263,93,19,2000,2000,0,0,0,1,1,32,0.15,1,40,2,5682.65,3810.88,0
17.2652,96,19,2000,2000,0,0,0,1,1,32,0.15,1,40,2,5630.63,2566.25,0
17.2746,109,37,2000,2000,0,0,0,1,0,0,0,1,40,2,5212.47,2731.54,0
17.2761,111,19,2000,2000,0,0,0,1,1,32,0.15,1,40,2,5548.65,2598.97,0
17.2783,114,10,2000,2000,0,0,0,1,1,32,0.15,1,40,2,5576.16,3430.08,0
17.2804,117,10,2000,2000,0,0,0,1,1,32,0.15,1,40,2,5570.14,3407.53,0
17.2841,122,19,2000,2000,0,0,0,1,1,96,0.2,1,40,2,5440.9,2905.2,0
17.2848,123,34,2000,2000,0,0,0,1,0,64,0.05,1,40,2,5451.2,2942.73,0
17.2855,124,19,2000,2000,0,0,0,1,1,96,0.2,1,40,2,5424.77,2835.36,0
17.2862,125,19,2000,2000,0,0,0,1,1,96,0.2,1,40,2,5982.97,2426.47,0
17.292,133,10,2000,2000,0,0,0,1,1,32,0.15,1,40,2,5365.79,2718.34,0
17.2957,138,19,2000,2000,0,0,0,1,1,32,0.15,1,40,2,0,0,0
17.2971,140,17,5022.75,2809.49,0,0,0,0,0,0,0,1,40,0,0,0,0
17.3022,9,10,2000,2000,0,0,0,1,1,32,0.15,1,40,2,5581.33,2586.44,0
17.3087,18,10,2000,2000,0,0,0,1,1,32,0.15,1,40,2,5385.28,2666.31,0
17.3101,20,11,5657.57,2558.76,0,0,0,0,0,0,0,1,40,0,5362.79,2712.01,0
17.3167,29,10,2000,2000,0,0,0,1,1,32,0.15,1,40,2,5685.14,3817.41,0
17.3196,33,27,5462.86,2985.23,0,0,0,0,0,0,0,1,40,0,5942.62,2442.45,0
17.3268,43,18,2000,2000,0,0,0,1,0,0,0,1,40,2,5418.8,2653.02,0
17.3283,45,18,2000,2000,0,0,0,1,0,0,0,1,40,2,6235.49,2331.93,0
17.3297,47,37,2000,2000,0,0,0,1,1,281,0.5,1,40,2,6123.22,2375.91,0
17.3312,49,19,2000,2000,0,0,0,1,1,32,0.15,1,40,2,5956.85,2436.81,0
17.3384,59,17,5007.43,2815.51,0,0,0,0,0,0,0,1,40,0,6016.98,2413.79,0
17.3435,66,5,6144.48,2367.58,0,0,0,0,0,0,0,1,40,0,4508.44,3007.85,0
17.3464,70,19,2000,2000,0,0,0,1,1,96,0.2,1,40,2,4987.63,2822.48,0
17.3471,71,18,2000,2000,0,0,0,1,0,64,0.05,1,40,2,5634,3646.94,0
17.3478,72,22,4508.44,3007.85,0,0,0,0,0,0,0,1,40,0,5364.82,2674.43,0
17.3486,73,19,2000,2000,0,0,0,1,1,32,0.15,1,40,2,5444.21,2639.51,0
17.3587,87,19,2000,2000,0,0,0,1,1,32,0.15,1,40,2,5420.98,2827.35,0
17.3609,90,19,2000,2000,0,0,0,1,1,32,0.15,1,40,2,5410.14,2804.47,0
17.363,93,19,2000,2000,0,0,0,1,1,32,0.15,1,40,2,5682.65,3810.88,0
17.3652,96,19,2000,2000,0,0,0,1,1,32,0.15,1,40,2,5630.63,2566.25,0
17.3746,109,37,2000,2000,0,0,0,1,0,0,0,1,40,2,5212.47,2731.54,0
17.3761,111,19,2000,2000,0,0,0,1,1,32,0.15,1,40,2,5548.65,2598.97,0
17.3783,114,10,2000,2000,0,0,0,1,1,32,0.15,1,40,2,5576.16,3430.08,0
17.3804,117,10,2000,2000,0,0,0,1,1,32,0.15,1,40,2,5570.14,3407.53,0
17.3841,122,19,2000,2000,0,0,0,1,1,96,0.2,1,40,2,5440.9,2905.2,0
17.3848,123,34,2000,2000,0,0,0,1,0,64,0.05,1,40,2,5451.2,2942.73,0
17.3855,124,19,2000,2000,0,0,0,1,1,96,0.2,1,40,2,5424.77,2835.36,0
17.3862,125,19,2000,2000,0,0,0,1,1,96,0.2,1,40,2,5982.97,2426.47,0
17.392,133,10,2000,2000,0,0,0,1,1,32,0.15,1,40,2,5365.79,2718.34,0
17.3957,138,19,2000,2000,0,0,0,1,1,32,0.15,1,40,2,0,0,0
17.3971,140,17,5022.75,2809.49,0,0,0,0,0,0,0,1,40,0,0,0,0
17.4022,9,10,2000,2000,0,0,0,1,1,32,0.15,1,40,2,5581.33,2586.44,0
17.4087,18,10,2000,2000,0,0,0,1,1,32,0.15,1,40,2,5385.28,2666.31,0
17.4101,20,11,5657.57,2558.76,0,0,0,0,0,0,0,1,40,0,5362.79,2712.01,0
17.4167,29,10,2000,2000,0,0,0,1,1,32,0.15,1,40,2,5685.14,3817.41,0
17.4196,33,27,5462.86,2985.23,0,0,0,0,0,0,0,1,40,0,5942.62,2442.45,0
17.4268,43,18,2000,2000,0,0,0,1,0,0,0,1,40,2,5418.8,2653.02,0
17.4283,45,18,2000,2000,0,0,0,1,0,0,0,1,40,2,6235.49,2331.93,0
17.4297,47,37,2000,2000,0,0,0,1,1,281,0.5,1,40,2,6123.22,2375.91,0
17.4312,49,19,2000,2000,0,0,0,1,1,32,0.15,1,40,2,5956.85,2436.81,0
17.4384,59,17,5007.43,2815.51,0,0,0,0,0,0,0,1,40,0,6016.98,2413.79,0
17.4435,66,5,6144.48,2367.58,0,0,0,0,0,0,0,1,40,0,4508.44,3007.85,0
17.4464,70,19,2000,2000,0,0,0,1,1,96,0.2,1,40,2,4987.63,2822.48,0
17.4471,71,18,2000,2000,0,0,0,1,0,64,0.05,1,40,2,5634,3646.94,0
17.4478,72,22,4508.44,3007.85,0,0,0,0,0,0,0,1,40,0,5364.82,2674.43,0
17.4486,73,19,2000,2000,0,0,0,1,1,32,0.15,1,40,2,5444.21,2639.51,0
17.4587,87,19,2000,2000,0,0,0,1,1,32,0.15,1,40,2,5420.98,2827.35,0
17.4609,90,19,2000,2000,0,0,0,1,1,32,0.15,1,40,2,5410.14,2804.47,0
17.463,93,19,2000,2000,0,0,0,1,1,32,0.15,1,40,2,5682.65,3810.88,0
17.4652,96,19,2000,2000,0,0,0,1,1,32,0.15,1,40,2,5630.63,2566.25,0
17.4746,109,37,2000,2000,0,0,0,1,0,0,0,1,40,2,5212.47,2731.54,0
17.4761,111,19,2000,2000,0,0,0,1,1,32,0.15,1,40,2,5548.65,2598.97,0
17.4783,114,10,2000,2000,0,0,0,1,1,32,0.15,1,40,2,5576.16,3430.08,0
17.4804,117,10,2000,2000,0,0,0,1,1,32,0.15,1,40,2,5570.14,3407.53,0
17.4841,122,19,2000,2000,0,0,0,1,1,96,0.2,1,40,2,5440.9,2905.2,0
17.4848,123,34,2000,2000,0,0,0,1,0,64,0.05,1,40,2,5451.2,2942.73,0
17.4855,124,19,2000,2000,0,0,0,1,1,96,0.2,1,40,2,5424.77,2835.36,0
17.4862,125,19,2000,2000,0,0,0,1,1,96,0.2,1,40,2,5982.97,2426.47,0
17.492,133,10,2000,2000,0,0,0,1,1,32,0.15,1,40,2,5365.79,2718.34,0
17.4957,138,19,2000,2000,0,0,0,1,1,32,0.15,1,40,2,0,0,0
17.4971,140,17,5022.75,2809.49,0,0,0,0,0,0,0,1,40,0,0,0,0
17.5022,9,10,2000,2000,0,0,0,1,1,32,0.15,1,40,2,5581.33,2586.44,0
17.5087,18,10,2000,2000,0,0,0,1,1,32,0.15,1,40,2,5385.28,2666.31,0
17.5101,20,11,5657.57,2558.76,0,0,0,0,0,0,0,1,40,0,5362.79,2712.01,0
17.5167,29,10,2000,2000,0,0,0,1,1,32,0.15,1,40,2,5685.14,3817.41,0
17.5196,33,27,5462.86,2985.23,0,0,0,0,0,0,0,1,40,0,5942.62,2442.45,0
17.5268,43,18,2000,2000,0,0,0,1,0,0,0,1,40,2,5418.8,2653.02,0
17.5283,45,18,2000,2000,0,0,0,1,0,0,0,1,40,2,6235.49,2331.93,0
17.5297,47,37,2000,2000,0,0,0,1,1,281,0.5,1,40,2,6123.22,2375.91,0
17.5312,49,19,2000,2000,0,0,0,1,1,32,0.15,1,40,2,5956.85,2436.81,0
17.5384,59,17,5007.43,2815.51,0,0,0,0,0,0,0,1,40,0,6016.98,2413.79,0
17.5435,66,5,6144.48,2367.58,0,0,0,0,0,0,0,1,40,0,4508.44,3007.85,0
17.5464,70,19,2000,2000,0,0,0,1,1,96,0.2,1,40,2,4987.63,2822.48,0
17.5471,71,18,2000,2000,0,0,0,1,0,64,0.05,1,40,2,5634,3646.94,0
17.5478,72,22,4508.44,3007.85,0,0,0,0,0,0,0,1,40,0,5364.82,2674.43,0
17.5486,73,19,2000,2000,0,0,0,1,1,32,0.15,1,40,2,5444.21,2639.51,0
17.5587,87,19,2000,2000,0,0,0,1,1,32,0.15,1,40,2,5420.98,2827.35,0
17.5609,90,19,2000,2000,0,0,0,1,1,32,0.15,1,40,2,5410.14,2804.47,0
17.563,93,19,2000,2000,0,0,0,1,1,32,0.15,1,40,2,5682.65,3810.88,0
17.5652,96,19,2000,2000,0,0,0,1,1,32,0.15,1,40,2,5630.63,2566.25,0
17.5746,109,37,2000,2000,0,0,0,1,0,0,0,1,40,2,5212.47,2731.54,0
17.5761,111,19,2000,2000,0,0,0,1,1,32,0.15,1,40,2,5548.65,2598.97,0
17.5783,114,10,2000,2000,0,0,0,1,1,32,0.15,1,40,2,5576.16,3430.08,0
17.5804,117,10,2000,2000,0,0,0,1,1,32,0.15,1,40,2,5570.14,3407.53,0
17.5841,122,19,2000,2000,0,0,0,1,1,96,0.2,1,40,2,5440.9,2905.2,0
17.5848,123,34,2000,2000,0,0,0,1,0,64,0.05,1,40,2,5451.2,2942.73,0
17.5855,124,19,2000,2000,0,0,0,1,1,96,0.2,1,40,2,5424.77,2835.36,0
17.5862,125,19,2000,2000,0,0,0,1,1,96,0.2,1,40,2,5982.97,2426.47,0
17.592,133,10,2000,2000,0,0,0,1,1,32,0.15,1,40,2,5365.79,2718.34,0
17.5957,138,19,2000,2000,0,0,0,1,1,32,0.15,1,40,2,0,0,0
17.5971,140,17,5022.75,2809.49,0,0,0,0,0,0,0,1,40,0,0,0,0
17.6022,9,10,2000,2000,0,0,0,1,1,32,0.15,1,40,2,5581.33,2586.44,0
17.6087,18,10,2000,2000,0,0,0,1,1,32,0.15,1,40,2,5385.28,2666.31,0
17.6101,20,11,5657.57,2558.76,0,0,0,0,0,0,0,1,40,0,5362.79,2712.01,0
17.6167,29,10,2000,2000,0,0,0,1,1,32,0.15,1,40,2,5685.14,3817.41,0
17.6196,33,27,5462.86,2985.23,0,0,0,0,0,0,0,1,40,0,5942.62,2442.45,0
17.6268,43,18,2000,2000,0,0,0,1,0,0,0,1,40,2,5418.8,2653.02,0
17.6283,45,18,2000,2000,0,0,0,1,0,0,0,1,40,2,6235.49,2331.93,0
17.6297,47,37,2000,2000,0,0,0,1,1,281,0.5,1,40,2,6123.22,2375.91,0
17.6312,49,19,2000,2000,0,0,0,1,1,32,0.15,1,40,2,5956.85,2436.81,0
17.6384,59,17,5007.43,2815.51,0,0,0,0,0,0,0,1,40,0,6016.98,2413.79,0
17.6435,66,5,6144.48,2367.58,0,0,0,0,0,0,0,1,40,0,4508.44,3007.85,0
17.6464,70,19,2000,2000,0,0,0,1,1,96,0.2,1,40,2,4987.63,2822.48,0
17.6471,71,18,2000,2000,0,0,0,1,0,64,0.05,1,40,2,5634,3646.94,0
17.6478,72,22,4508.44,3007.85,0,0,0,0,0,0,0,1,40,0,5364.82,2674.43,0
17.6486,73,19,2000,2000,0,0,0,1,1,32,0.15,1,40,2,5444.21,2639.51,0
17.6587,87,19,2000,2000,0,0,0,1,1,32,0.15,1,40,2,5420.98,2827.35,0
17.6609,90,19,2000,2000,0,0,0,1,1,32,0.15,1,40,2,5410.14,2804.47,0
17.663,93,19,2000,2000,0,0,0,1,1,32,0.15,1,40,2,5682.65,3810.88,0
17.6652,96,19,2000,2000,0,0,0,1,1,32,0.15,1,40,2,5630.63,2566.25,0
17.6746,109,37,2000,2000,0,0,0,1,0,0,0,1,40,2,5212.47,2731.54,0
17.6761,111,19,2000,2000,0,0,0,1,1,32,0.15,1,40,2,5548.65,2598.97,0
17.6783,114,10,2000,2000,0,0,0,1,1,32,0.15,1,40,2,5576.16,3430.08,0
17.6804,117,10,2000,2000,0,0,0,1,1,32,0.15,1,40,2,5570.14,3407.53,0
17.6841,122,19,2000,2000,0,0,0,1,1,96,0.2,1,40,2,5440.9,2905.2,0
17.6848,123,34,2000,2000,0,0,0,1,0,64,0.05,1,40,2,5451.2,2942.73,0
17.6855,124,19,2000,2000,0,0,0,1,1,96,0.2,1,40,2,5424.77,2835.36,0
17.6862,125,19,2000,2000,0,0,0,1,1,96,0.2,1,40,2,5982.97,2426.47,0
17.692,133,10,2000,2000,0,0,0,1,1,32,0.15,1,40,2,5365.79,2718.34,0
17.6957,138,19,2000,2000,0,0,0,1,1,32,0.15,1,40,2,0,0,0
17.6971,140,17,5022.75,2809.49,0,0,0,0,0,0,0,1,40,0,0,0,0
17.7022,9,10,2000,2000,0,0,0,1,1,32,0.15,1,40,2,5581.33,2586.44,0
17.7087,18,10,2000,2000,0,0,0,1,1,32,0.15,1,40,2,5385.28,2666.31,0
17.7101,20,11,5657.57,2558.76,0,0,0,0,0,0,0,1,40,0,5362.79,2712.01,0
17.7167,29,10,2000,2000,0,0,0,1,1,32,0.15,1,40,2,5685.14,3817.41,0
17.7196,33,27,5462.86,2985.23,0,0,0,0,0,0,0,1,40,0,5942.62,2442.45,0
17.7268,43,18,2000,2000,0,0,0,1,0,0,0,1,40,2,5418.8,2653.02,0
17.7283,45,18,2000,2000,0,0,0,1,0,0,0,1,40,2,6235.49,2331.93,0
17.7297,47,37,2000,2000,0,0,0,1,1,281,0.5,1,40,2,6123.22,2375.91,0
17.7312,49,19,2000,2000,0,0,0,1,1,32,0.15,1,40,2,5956.85,2436.81,0
17.7384,59,17,5007.43,2815.51,0,0,0,0,0,0,0,1,40,0,6016.98,2413.79,0
17.7435,66,5,6144.48,2367.58,0,0,0,0,0,0,0,1,40,0,4508.44,3007.85,0
17.7464,70,19,2000,2000,0,0,0,1,1,96,0.2,1,40,2,4987.63,2822.48,0
17.7471,71,18,2000,2000,0,0,0,1,0,64,0.05,1,40,2,5634,3646.94,0
17.7478,72,22,4508.44,3007.85,0,0,0,0,0,0,0,1,40,0,5364.82,2674.43,0
17.7486,73,19,2000,2000,0,0,0,1,1,32,0.15,1,40,2,5444.21,2639.51,0
17.7587,87,19,2000,2000,0,0,0,1,1,32,0.15,1,40,2,5420.98,2827.35,0
17.7609,90,19,2000,2000,0,0,0,1,1,32,0.15,1,40,2,5410.14,2804.47,0
17.763,93,19,2000,2000,0,0,0,1,1,32,0.15,1,40,2,5682.65,3810.88,0
17.7652,96,19,2000,2000,0,0,0,1,1,32,0.15,1,40,2,5630.63,2566.25,0
17.7746,109,37,2000,2000,0,0,0,1,0,0,0,1,40,2,5212.47,2731.54,0
17.7761,111,19,2000,2000,0,0,0,1,1,32,0.15,1,40,2,5548.65,2598.97,0
17.7783,114,10,2000,2000,0,0,0,1,1,32,0.15,1,40,2,5576.16,3430.08,0
17.7804,117,10,2000,2000,0,0,0,1,1,32,0.15,1,40,2,5570.14,3407.53,0
17.7841,122,19,2000,2000,0,0,0,1,1,96,0.2,1,40,2,5440.9,2905.2,0
17.7848,123,34,2000,2000,0,0,0,1,0,64,0.05,1,40,2,5451.2,2942.73,0
17.7855,124,19,2000,2000,0,0,0,1,1,96,0.2,1,40,2,5424.77,2835.36,0
17.7862,125,19,2000,2000,0,0,0,1,1,96,0.2,1,40,2,5982.97,2426.47,0
17.792,133,10,2000,2000,0,0,0,1,1,32,0.15,1,40,2,5365.79,2718.34,0
17.7957,138,19,2000,2000,0,0,0,1,1,32,0.15,1,40,2,0,0,0
17.7971,140,17,5022.75,2809.49,0,0,0,0,0,0,0,1,40,0,0,0,0
17.8022,9,10,2000,2000,0,0,0,1,1,32,0.15,1,40,2,5581.33,2586.44,0
17.8087,18,10,2000,2000,0,0,0,1,1,32,0.15,1,40,2,5385.28,2666.31,0
17.8101,20,11,5657.57,2558.76,0,0,0,0,0,0,0,1,40,0,5362.79,2712.01,0
17.8167,29,10,2000,2000,0,0,0,1,1,32,0.15,1,40,2,5685.14,3817.41,0
17.8196,33,27,5462.86,2985.23,0,0,0,0,0,0,0,1,40,0,5942.62,2442.45,0
17.8268,43,18,2000,2000,0,0,0,1,0,0,0,1,40,2,5418.8,2653.02,0
17.8283,45,18,2000,2000,0,0,0,1,0,0,0,1,40,2,6235.49,2331.93,0
17.8297,47,37,2000,2000,0,0,0,1,1,281,0.5,1,40,2,6123.22,2375.91,0
17.8312,49,19,2000,2000,0,0,0,1,1,32,0.15,1,40,2,5956.85,2436.81,0
17.8384,59,17,5007.43,2815.51,0,0,0,0,0,0,0,1,40,0,6016.98,2413.79,0
17.8435,66,5,6144.48,2367.58,0,0,0,0,0,0,0,1,40,0,4508.44,3007.85,0
17.8464,70,19,2000,2000,0,0,0,1,1,96,0.2,1,40,2,4987.63,2822.48,0
17.8471,71,18,2000,2000,0,0,0,1,0,64,0.05,1,40,2,5634,3646.94,0
17.8478,72,22,4508.44,3007.85,0,0,0,0,0,0,0,1,40,0,5364.82,2674.43,0
17.8486,73,19,2000,2000,0,0,0,1,1,32,0.15,1,40,2,5444.21,2639.51,0
17.8587,87,19,2000,2000,0,0,0,1,1,32,0.15,1,40,2,5420.98,2827.35,0
17.8609,90,19,2000,2000,0,0,0,1,1,32,0.15,1,40,2,5410.14,2804.47,0
17.863,93,19,2000,2000,0,0,0,1,1,32,0.15,1,40,2,5682.65,3810.88,0
17.8652,96,19,2000,2000,0,0,0,1,1,32,0.15,1,40,2,5630.63,2566.25,0
17.8746,109,37,2000,2000,0,0,0,1,0,0,0,1,40,2,5212.47,2731.54,0
17.8761,111,19,2000,2000,0,0,0,1,1,32,0.15,1,40,2,5548.65,2598.97,0
17.8783,114,10,2000,2000,0,0,0,1,1,32,0.15,1,40,2,5576.16,3430.08,0
17.8804,117,10,2000,2000,0,0,0,1,1,32,0.15,1,40,2,5570.14,3407.53,0
17.8841,122,19,2000,2000,0,0,0,1,1,96,0.2,1,40,2,5440.9,2905.2,0
17.8848,123,34,2000,2000,0,0,0,1,0,64,0.05,1,40,2,5451.2,2942.73,0
17.8855,124,19,2000,2000,0,0,0,1,1,96,0.2,1,40,2,5424.77,2835.36,0
17.8862,125,19,2000,2000,0,0,0,1,1,96,0.2,1,40,2,5982.97,2426.47,0
17.892,133,10,2000,2000,0,0,0,1,1,32,0.15,1,40,2,5365.79,2718.34,0
17.8957,138,19,2000,2000,0,0,0,1,1,32,0.15,1,40,2,0,0,0
17.8971,140,17,5022.75,2809.49,0,0,0,0,0,0,0,1,40,0,0,0,0
17.9022,9,10,2000,2000,0,0,0,1,1,32,0.15,1,40,2,5581.33,2586.44,0
17.9087,18,10,2000,2000,0,0,0,1,1,32,0.15,1,40,2,5385.28,2666.31,0
17.9101,20,11,5657.57,2558.76,0,0,0,0,0,0,0,1,40,0,5362.79,2712.01,0
17.9167,29,10,2000,2000,0,0,0,1,1,32,0.15,1,40,2,5685.14,3817.41,0
17.9196,33,27,5462.86,2985.23,0,0,0,0,0,0,0,1,40,0,5942.62,2442.45,0
17.9268,43,18,2000,2000,0,0,0,1,0,0,0,1,40,2,5418.8,2653.02,0
17.9283,45,18,2000,2000,0,0,0,1,0,0,0,1,40,2,6235.49,2331.93,0
17.9297,47,37,2000,2000,0,0,0,1,1,281,0.5,1,40,2,6123.22,2375.91,0
17.9312,49,19,2000,2000,0,0,0,1,1,32,0.15,1,40,2,5956.85,2436.81,0
17.9384,59,17,5007.43,2815.51,0,0,0,0,0,0,0,1,40,0,6016.98,2413.79,0
17.9435,66,5,6144.48,2367.58,0,0,0,0,0,0,0,1,40,0,4508.44,3007.85,0
17.9464,70,19,2000,2000,0,0,0,1,1,96,0.2,1,40,2,4987.63,2822.48,0
17.9471,71,18,2000,2000,0,0,0,1,0,64,0.05,1,40,2,5634,3646.94,0
17.9478,72,22,4508.44,3007.85,0,0,0,0,0,0,0,1,40,0,5364.82,2674.43,0
17.9486,73,19,2000,2000,0,0,0,1,1,32,0.15,1,40,2,5444.21,2639.51,0
17.9587,87,19,2000,2000,0,0,0,1,1,32,0.15,1,40,2,5420.98,2827.35,0
17.9609,90,19,2000,2000,0,0,0,1,1,32,0.15,1,40,2,5410.14,2804.47,0
17.963,93,19,2000,2000,0,0,0,1,1,32,0.15,1,40,2,5682.65,3810.88,0
17.9652,96,19,2000,2000,0,0,0,1,1,32,0.15,1,40,2,5630.63,2566.25,0
17.9746,109,37,2000,2000,0,0,0,1,0,0,0,1,40,2,5212.47,2731.54,0
17.9761,111,19,2000,2000,0,0,0,1,1,32,0.15,1,40,2,5548.65,2598.97,0
17.9783,114,10,2000,2000,0,0,0,1,1,32,0.15,1,40,2,5576.16,3430.08,0
17.9804,117,10,2000,2000,0,0,0,1,1,32,0.15,1,40,2,5570.14,3407.53,0
17.9841,122,19,2000,2000,0,0,0,1,1,96,0.2,1,40,2,5440.9,2905.2,0
17.9848,123,34,2000,2000,0,0,0,1,0,64,0.05,1,40,2,5451.2,2942.73,0
17.9855,124,19,2000,2000,0,0,0,1,1,96,0.2,1,40,2,5424.77,2835.36,0
17.9862,125,19,2000,2000,0,0,0,1,1,96,0.2,1,40,2,5982.97,2426.47,0
17.992,133,10,2000,2000,0,0,0,1,1,32,0.15,1,40,2,5365.79,2718.34,0
17.9957,138,19,2000,2000,0,0,0,1,1,32,0.15,1,40,2,0,0,0
17.9971,140,17,5022.75,2809.49,0,0,0,0,0,0,0,1,40,0,0,0,0
18.0022,9,10,2000,2000,0,0,0,1,1,32,0.15,1,40,2,5581.33,2586.44,0
18.0087,18,10,2000,2000,0,0,0,1,1,32,0.15,1,40,2,5385.28,2666.31,0
18.0101,20,11,5657.57,2558.76,0,0,0,0,0,0,0,1,40,0,5362.79,2712.01,0
18.0167,29,10,2000,2000,0,0,0,1,1,32,0.15,1,40,2,5685.14,3817.41,0
18.0196,33,27,5462.86,2985.23,0,0,0,0,0,0,0,1,40,0,5942.62,2442.45,0
18.0268,43,18,2000,2000,0,0,0,1,0,0,0,1,40,2,5418.8,2653.02,0
18.0283,45,18,2000,2000,0,0,0,1,0,0,0,1,40,2,6235.49,2331.93,0
18.0297,47,37,2000,2000,0,0,0,1,1,281,0.5,1,40,2,6123.22,2375.91,0
18.0312,49,19,2000,2000,0,0,0,1,1,32,0.15,1,40,2,5956.85,2436.81,0
18.0384,59,17,5007.43,2815.51,0,0,0,0,0,0,0,1,40,0,6016.98,2413.79,0
18.0435,66,5,6144.48,2367.58,0,0,0,0,0,0,0,1,40,0,4508.44,3007.85,0
18.0464,70,19,2000,2000,0,0,0,1,1,96,0.2,1,40,2,4987.63,2822.48,0
18.0471,71,18,2000,2000,0,0,0,1,0,64,0.05,1,40,2,5634,3646.94,0
18.0478,72,22,4508.44,3007.85,0,0,0,0,0,0,0,1,40,0,5364.82,2674.43,0
18.0486,73,19,2000,2000,0,0,0,1,1,32,0.15,1,40,2,5444.21,2639.51,0
18.0587,87,19,2000,2000,0,0,0,1,1,32,0.15,1,40,2,5420.98,2827.35,0
18.0609,90,19,2000,2000,0,0,0,1,1,32,0.15,1,40,2,5410.14,2804.47,0
18.063,93,19,2000,2000,0,0,0,1,1,32,0.15,1,40,2,5682.65,3810.88,0
18.0652,96,19,2000,2000,0,0,0,1,1,32,0.15,1,40,2,5630.63,2566.25,0
18.0746,109,37,2000,2000,0,0,0,1,0,0,0,1,40,2,5212.47,2731.54,0
18.0761,111,19,2000,2000,0,0,0,1,1,32,0.15,1,40,2,5548.65,2598.97,0
18.0783,114,10,2000,2000,0,0,0,1,1,32,0.15,1,40,2,5576.16,3430.08,0
18.0804,117,10,2000,2000,0,0,0,1,1,32,0.15,1,40,2,5570.14,3407.53,0
18.0841,122,19,2000,2000,0,0,0,1,0,64,0.05,1,40,2,5440.9,2905.2,0
18.0848,123,34,2000,2000,0,0,0,1,0,64,0.05,1,40,2,5451.2,2942.73,0
18.0855,124,19,2000,2000,0,0,0,1,0,64,0.05,1,40,2,5424.77,2835.36,0
18.0862,125,19,2000,2000,0,0,0,1,0,64,0.05,1,40,2,5982.97,2426.47,0
18.092,133,10,2000,2000,0,0,0,1,1,32,0.15,1,40,2,5365.79,2718.34,0
18.0957,138,19,2000,2000,0,0,0,1,1,32,0.15,1,40,2,0,0,0
18.0971,140,17,5022.75,2809.49,0,0,0,0,0,0,0,1,40,0,0,0,0
18.1022,9,10,2000,2000,0,0,0,1,1,32,0.15,1,40,2,5581.33,2586.44,0
18.1087,18,10,2000,2000,0,0,0,1,1,32,0.15,1,40,2,5385.28,2666.31,0
18.1101,20,11,5657.57,2558.76,0,0,0,0,0,0,0,1,40,0,5362.79,2712.01,0
18.1167,29,10,2000,2000,0,0,0,1,0,0,0,1,40,2,5685.14,3817.41,0
18.1196,33,27,5462.86,2985.23,0,0,0,0,0,0,0,1,40,0,5942.62,2442.45,0
18.1268,43,18,2000,2000,0,0,0,1,0,0,0,1,40,2,5418.8,2653.02,0
18.1283,45,18,2000,2000,0,0,0,1,0,0,0,1,40,2,6235.49,2331.93,0
18.1297,47,37,2000,2000,0,0,0,1,1,281,0.5,1,40,2,6123.22,2375.91,0
18.1312,49,19,2000,2000,0,0,0,1,1,32,0.15,1,40,2,5956.85,2436.81,0
18.1384,59,17,5007.43,2815.51,0,0,0,0,0,0,0,1,40,0,6016.98,2413.79,0
18.1435,66,5,6144.48,2367.58,0,0,0,0,0,0,0,1,40,0,4508.44,3007.85,0
18.1464,70,19,2000,2000,0,0,0,1,1,96,0.2,1,40,2,4987.63,2822.48,0
18.1471,71,18,2000,2000,0,0,0,1,0,64,0.05,1,40,2,5634,3646.94,0
18.1478,72,22,4508.44,3007.85,0,0,0,0,0,0,0,1,40,0,5364.82,2674.43,0
18.1486,73,19,2000,2000,0,0,0,1,1,32,0.15,1,40,2,5444.21,2639.51,0
18.1587,87,19,2000,2000,0,0,0,1,1,32,0.15,1,40,2,5420.98,2827.35,0
18.1609,90,19,2000,2000,0,0,0,1,1,32,0.15,1,40,2,5410.14,2804.47,0
18.163,93,19,2000,2000,0,0,0,1,1,32,0.15,1,40,2,5682.65,3810.88,0
18.1652,96,19,2000,2000,0,0,0,1,1,32,0.15,1,40,2,5630.63,2566.25,0
18.1746,109,37,2000,2000,0,0,0,1,0,0,0,1,40,2,5212.47,2731.54,0
18.1761,111,19,2000,2000,0,0,0,1,1,32,0.15,1,40,2,5548.65,2598.97,0
18.1783,114,10,2000,2000,0,0,0,1,0,0,0,1,40,2,5576.16,3430.08,0
18.1804,117,10,2000,2000,0,0,0,1,0,0,0,1,40,2,5570.14,3407.53,0
18.1841,122,19,2000,2000,0,0,0,1,1,96,0.2,1,40,2,5440.9,2905.2,0
18.1848,123,34,2000,2000,0,0,0,1,0,64,0.05,1,40,2,5451.2,2942.73,0
18.1855,124,19,2000,2000,0,0,0,1,1,96,0.2,1,40,2,5424.77,2835.36,0
18.1862,125,19,2000,2000,0,0,0,1,1,96,0.2,1,40,2,5982.97,2426.47,0
18.192,133,10,2000,2000,0,0,0,1,1,32,0.15,1,40,2,5365.79,2718.34,0
18.1957,138,19,2000,2000,0,0,0,1,1,32,0.15,1,40,2,0,0,0
18.1971,140,17,5022.75,2809.49,0,0,0,0,0,0,0,1,40,0,0,0,0
18.2022,9,10,2000,2000,0,0,0,1,1,32,0.15,1,40,2,5581.33,2586.44,0
18.2087,18,10,2000,2000,0,0,0,1,1,32,0.15,1,40,2,5385.28,2666.31,0
18.2101,20,11,5657.57,2558.76,0,0,0,0,0,0,0,1,40,0,5362.79,2712.01,0
18.2167,29,10,2000,2000,0,0,0,1,1,32,0.15,1,40,2,5685.14,3817.41,0
18.2196,33,27,5462.86,2985.23,0,0,0,0,0,0,0,1,40,0,5942.62,2442.45,0
18.2268,43,18,2000,2000,0,0,0,1,0,0,0,1,40,2,5418.8,2653.02,0
18.2283,45,18,2000,2000,0,0,0,1,0,0,0,1,40,2,6235.49,2331.93,0
18.2297,47,37,2000,2000,0,0,0,1,1,281,0.5,1,40,2,6123.22,2375.91,0
18.2312,49,19,2000,2000,0,0,0,1,1,32,0.15,1,40,2,5956.85,2436.81,0
18.2384,59,17,5007.43,2815.51,0,0,0,0,0,0,0,1,40,0,6016.98,2413.79,0
18.2435,66,5,6144.48,2367.58,0,0,0,0,0,0,0,1,40,0,4508.44,3007.85,0
18.2464,70,19,2000,2000,0,0,0,1,1,96,0.2,1,40,2,4987.63,2822.48,0
18.2471,71,18,2000,2000,0,0,0,1,0,64,0.05,1,40,2,5634,3646.94,0
18.2478,72,22,4508.44,3007.85,0,0,0,0,0,0,0,1,40,0,5364.82,2674.43,0
18.2486,73,19,2000,2000,0,0,0,1,1,32,0.15,1,40,2,5444.21,2639.51,0
18.2587,87,19,2000,2000,0,0,0,1,1,32,0.15,1,40,2,5420.98,2827.35,0
18.2609,90,19,2000,2000,0,0,0,1,1,32,0.15,1,40,2,5410.14,2804.47,0
18.263,93,19,2000,2000,0,0,0,1,1,32,0.15,1,40,2,5682.65,3810.88,0
18.2652,96,19,2000,2000,0,0,0,1,1,32,0.15,1,40,2,5630.63,2566.25,0
18.2746,109,37,2000,2000,0,0,0,1,0,0,0,1,40,2,5212.47,2731.54,0
18.2761,111,19,2000,2000,0,0,0,1,1,32,0.15,1,40,2,5548.65,2598.97,0
18.2783,114,10,2000,2000,0,0,0,1,1,32,0.15,1,40,2,5576.16,3430.08,0
18.2804,117,10,2000,2000,0,0,0,1,1,32,0.15,1,40,2,5570.14,3407.53,0
18.2841,122,19,2000,2000,0,0,0,1,1,96,0.2,1,40,2,5440.9,2905.2,0
18.2848,123,34,2000,2000,0,0,0,1,0,64,0.05,1,40,2,5451.2,2942.73,0
18.2855,124,19,2000,2000,0,0,0,1,1,96,0.2,1,40,2,5424.77,2835.36,0
18.2862,125,19,2000,2000,0,0,0,1,1,96,0.2,1,40,2,5982.97,2426.47,0
18.292,133,10,2000,2000,0,0,0,1,1,32,0.15,1,40,2,5365.79,2718.34,0
18.2957,138,19,2000,2000,0,0,0,1,1,32,0.15,1,40,2,0,0,0
18.2971,140,17,5022.75,2809.49,0,0,0,0,0,0,0,1,40,0,0,0,0
18.3022,9,10,2000,2000,0,0,0,1,1,32,0.15,1,40,2,5581.33,2586.44,0
18.3087,18,10,2000,2000,0,0,0,1,1,32,0.15,1,40,2,5385.28,2666.31,0
18.3101,20,11,5657.57,2558.76,0,0,0,0,0,0,0,1,40,0,5362.79,2712.01,0
18.3167,29,10,2000,2000,0,0,0,1,1,32,0.15,1,40,2,5685.14,3817.41,0
18.3196,33,27,5462.86,2985.23,0,0,0,0,0,0,0,1,40,0,5942.62,2442.45,0
18.3268,43,18,2000,2000,0,0,0,1,0,0,0,1,40,2,5418.8,2653.02,0
18.3283,45,18,2000,2000,0,0,0,1,0,0,0,1,40,2,6235.49,2331.93,0
18.3297,47,37,2000,2000,0,0,0,1,1,281,0.5,1,40,2,6123.22,2375.91,0
18.3312,49,19,2000,2000,0,0,0,1,1,32,0.15,1,40,2,5956.85,2436.81,0
18.3384,59,17,5007.43,2815.51,0,0,0,0,0,0,0,1,40,0,6016.98,2413.79,0
18.3435,66,5,6144.48,2367.58,0,0,0,0,0,0,0,1,40,0,4508.44,3007.85,0
18.3464,70,19,2000,2000,0,0,0,1,1,96,0.2,1,40,2,4987.63,2822.48,0
18.3471,71,18,2000,2000,0,0,0,1,0,64,0.05,1,40,2,5634,3646.94,0
18.3478,72,22,4508.44,3007.85,0,0,0,0,0,0,0,1,40,0,5364.82,2674.43,0
18.3486,73,19,2000,2000,0,0,0,1,1,32,0.15,1,40,2,5444.21,2639.51,0
18.3587,87,19,2000,2000,0,0,0,1,1,32,0.15,1,40,2,5420.98,2827.35,0
18.3609,90,19,2000,2000,0,0,0,1,1,32,0.15,1,40,2,5410.14,2804.47,0
18.363,93,19,2000,2000,0,0,0,1,1,32,0.15,1,40,2,5682.65,3810.88,0
18.3652,96,19,2000,2000,0,0,0,1,1,32,0.15,1,40,2,5630.63,2566.25,0
18.3746,109,37,2000,2000,0,0,0,1,0,0,0,1,40,2,5212.47,2731.54,0
18.3761,111,19,2000,2000,0,0,0,1,1,32,0.15,1,40,2,5548.65,2598.97,0
18.3783,114,10,2000,2000,0,0,0,1,1,32,0.15,1,40,2,5576.16,3430.08,0
18.3804,117,10,2000,2000,0,0,0,1,1,32,0.15,1,40,2,5570.14,3407.53,0
18.3841,122,19,2000,2000,0,0,0,1,1,96,0.2,1,40,2,5440.9,2905.2,0
18.3848,123,34,2000,2000,0,0,0,1,0,64,0.05,1,40,2,5451.2,2942.73,0
18.3855,124,19,2000,2000,0,0,0,1,1,96,0.2,1,40,2,5424.77,2835.36,0
18.3862,125,19,2000,2000,0,0,0,1,1,96,0.2,1,40,2,5982.97,2426.47,0
18.392,133,10,2000,2000,0,0,0,1,1,32,0.15,1,40,2,5365.79,2718.34,0
18.3957,138,19,2000,2000,0,0,0,1,1,32,0.15,1,40,2,0,0,0
18.3971,140,17,5022.75,2809.49,0,0,0,0,0,0,0,1,40,0,0,0,0
18.4022,9,10,2000,2000,0,0,0,1,1,32,0.15,1,40,2,5581.33,2586.44,0
18.4087,18,10,2000,2000,0,0,0,1,1,32,0.15,1,40,2,5385.28,2666.31,0
18.4101,20,11,5657.57,2558.76,0,0,0,0,0,0,0,1,40,0,5362.79,2712.01,0
18.4167,29,10,2000,2000,0,0,0,1,1,32,0.15,1,40,2,5685.14,3817.41,0
18.4196,33,27,5462.86,2985.23,0,0,0,0,0,0,0,1,40,0,5942.62,2442.45,0
18.4268,43,18,2000,2000,0,0,0,1,0,0,0,1,40,2,5418.8,2653.02,0
18.4283,45,18,2000,2000,0,0,0,1,0,0,0,1,40,2,6235.49,2331.93,0
18.4297,47,37,2000,2000,0,0,0,1,1,281,0.5,1,40,2,6123.22,2375.91,0
18.4312,49,19,2000,2000,0,0,0,1,1,32,0.15,1,40,2,5956.85,2436.81,0
18.4384,59,17,5007.43,2815.51,0,0,0,0,0,0,0,1,40,0,6016.98,2413.79,0
18.4435,66,5,6144.48,2367.58,0,0,0,0,0,0,0,1,40,0,4508.44,3007.85,0
18.4464,70,19,2000,2000,0,0,0,1,1,96,0.2,1,40,2,4987.63,2822.48,0
18.4471,71,18,2000,2000,0,0,0,1,0,64,0.05,1,40,2,5634,3646.94,0
18.4478,72,22,4508.44,3007.85,0,0,0,0,0,0,0,1,40,0,5364.82,2674.43,0
18.4486,73,19,2000,2000,0,0,0,1,1,32,0.15,1,40,2,5444.21,2639.51,0
18.4587,87,19,2000,2000,0,0,0,1,1,32,0.15,1,40,2,5420.98,2827.35,0
18.4609,90,19,2000,2000,0,0,0,1,1,32,0.15,1,40,2,5410.14,2804.47,0
18.463,93,19,2000,2000,0,0,0,1,1,32,0.15,1,40,2,5682.65,3810.88,0
18.4652,96,19,2000,2000,0,0,0,1,1,32,0.15,1,40,2,5630.63,2566.25,0
18.4746,109,37,2000,2000,0,0,0,1,0,0,0,1,40,2,5212.47,2731.54,0
18.4761,111,19,2000,2000,0,0,0,1,1,32,0.15,1,40,2,5548.65,2598.97,0
18.4783,114,10,2000,2000,0,0,0,1,1,32,0.15,1,40,2,5576.16,3430.08,0
18.4804,117,10,2000,2000,0,0,0,1,1,32,0.15,1,40,2,5570.14,3407.53,0
18.4841,122,19,2000,2000,0,0,0,1,1,96,0.2,1,40,2,5440.9,2905.2,0
18.4848,123,34,2000,2000,0,0,0,1,0,64,0.05,1,40,2,5451.2,2942.73,0
18.4855,124,19,2000,2000,0,0,0,1,1,96,0.2,1,40,2,5424.77,2835.36,0
18.4862,125,19,2000,2000,0,0,0,1,1,96,0.2,1,40,2,5982.97,2426.47,0
18.492,133,10,2000,2000,0,0,0,1,1,32,0.15,1,40,2,5365.79,2718.34,0
18.4957,138,19,2000,2000,0,0,0,1,1,32,0.15,1,40,2,0,0,0
18.4971,140,17,5022.75,2809.49,0,0,0,0,0,0,0,1,40,0,0,0,0
18.5022,9,10,2000,2000,0,0,0,1,1,32,0.15,1,40,2,5581.33,2586.44,0
18.5087,18,10,2000,2000,0,0,0,1,1,32,0.15,1,40,2,5385.28,2666.31,0
18.5101,20,11,5657.57,2558.76,0,0,0,0,0,0,0,1,40,0,5362.79,2712.01,0
18.5167,29,10,2000,2000,0,0,0,1,1,32,0.15,1,40,2,5685.14,3817.41,0
18.5196,33,27,5462.86,2985.23,0,0,0,0,0,0,0,1,40,0,5942.62,2442.45,0
18.5268,43,18,2000,2000,0,0,0,1,0,0,0,1,40,2,5418.8,2653.02,0
18.5283,45,18,2000,2000,0,0,0,1,0,0,0,1,40,2,6235.49,2331.93,0
18.5297,47,37,2000,2000,0,0,0,1,1,281,0.5,1,40,2,6123.22,2375.91,0
18.5312,49,19,2000,2000,0,0,0,1,1,32,0.15,1,40,2,5956.85,2436.81,0
18.5384,59,17,5007.43,2815.51,0,0,0,0,0,0,0,1,40,0,6016.98,2413.79,0
18.5435,66,5,6144.48,2367.58,0,0,0,0,0,0,0,1,40,0,4508.44,3007.85,0
18.5464,70,19,2000,2000,0,0,0,1,1,96,0.2,1,40,2,4987.63,2822.48,0
18.5471,71,18,2000,2000,0,0,0,1,0,64,0.05,1,40,2,5634,3646.94,0
18.5478,72,22,4508.44,3007.85,0,0,0,0,0,0,0,1,40,0,5364.82,2674.43,0
18.5486,73,19,2000,2000,0,0,0,1,1,32,0.15,1,40,2,5444.21,2639.51,0
18.5587,87,19,2000,2000,0,0,0,1,1,32,0.15,1,40,2,5420.98,2827.35,0
18.5609,90,19,2000,2000,0,0,0,1,1,32,0.15,1,40,2,5410.14,2804.47,0
18.563,93,19,2000,2000,0,0,0,1,1,32,0.15,1,40,2,5682.65,3810.88,0
18.5652,96,19,2000,2000,0,0,0,1,1,32,0.15,1,40,2,5630.63,2566.25,0
18.5746,109,37,2000,2000,0,0,0,1,0,0,0,1,40,2,5212.47,2731.54,0
18.5761,111,19,2000,2000,0,0,0,1,1,32,0.15,1,40,2,5548.65,2598.97,0
18.5783,114,10,2000,2000,0,0,0,1,1,32,0.15,1,40,2,5576.16,3430.08,0
18.5804,117,10,2000,2000,0,0,0,1,1,32,0.15,1,40,2,5570.14,3407.53,0
18.5841,122,19,2000,2000,0,0,0,1,1,96,0.2,1,40,2,5440.9,2905.2,0
18.5848,123,34,2000,2000,0,0,0,1,0,64,0.05,1,40,2,5451.2,2942.73,0
18.5855,124,19,2000,2000,0,0,0,1,1,96,0.2,1,40,2,5424.77,2835.36,0
18.5862,125,19,2000,2000,0,0,0,1,1,96,0.2,1,40,2,5982.97,2426.47,0
18.592,133,10,2000,2000,0,0,0,1,1,32,0.15,1,40,2,5365.79,2718.34,0
18.5957,138,19,2000,2000,0,0,0,1,1,32,0.15,1,40,2,0,0,0
18.5971,140,17,5022.75,2809.49,0,0,0,0,0,0,0,1,40,0,0,0,0
18.6022,9,10,2000,2000,0,0,0,1,1,32,0.15,1,40,2,5581.33,2586.44,0
18.6087,18,10,2000,2000,0,0,0,1,1,32,0.15,1,40,2,5385.28,2666.31,0
18.6101,20,11,5657.57,2558.76,0,0,0,0,0,0,0,1,40,0,5362.79,2712.01,0
18.6167,29,10,2000,2000,0,0,0,1,1,32,0.15,1,40,2,5685.14,3817.41,0
18.6196,33,27,5462.86,2985.23,0,0,0,0,0,0,0,1,40,0,5942.62,2442.45,0
18.6268,43,18,2000,2000,0,0,0,1,0,0,0,1,40,2,5418.8,2653.02,0
18.6283,45,18,2000,2000,0,0,0,1,0,0,0,1,40,2,6235.49,2331.93,0
18.6297,47,37,2000,2000,0,0,0,1,1,281,0.5,1,40,2,6123.22,2375.91,0
18.6312,49,19,2000,2000,0,0,0,1,1,32,0.15,1,40,2,5956.85,2436.81,0
18.6384,59,17,5007.43,2815.51,0,0,0,0,0,0,0,1,40,0,6016.98,2413.79,0
18.6435,66,5,6144.48,2367.58,0,0,0,0,0,0,0,1,40,0,4508.44,3007.85,0
18.6464,70,19,2000,2000,0,0,0,1,1,96,0.2,1,40,2,4987.63,2822.48,0
18.6471,71,18,2000,2000,0,0,0,1,0,64,0.05,1,40,2,5634,3646.94,0
18.6478,72,22,4508.44,3007.85,0,0,0,0,0,0,0,1,40,0,5364.82,2674.43,0
18.6486,73,19,2000,2000,0,0,0,1,1,32,0.15,1,40,2,5444.21,2639.51,0
18.6587,87,19,2000,2000,0,0,0,1,1,32,0.15,1,40,2,5420.98,2827.35,0
18.6609,90,19,2000,2000,0,0,0,1,1,32,0.15,1,40,2,5410.14,2804.47,0
18.663,93,19,2000,2000,0,0,0,1,1,32,0.15,1,40,2,5682.65,3810.88,0
18.6652,96,19,2000,2000,0,0,0,1,1,32,0.15,1,40,2,5630.63,2566.25,0
18.6746,109,37,2000,2000,0,0,0,1,0,0,0,1,40,2,5212.47,2731.54,0
18.6761,111,19,2000,2000,0,0,0,1,1,32,0.15,1,40,2,5548.65,2598.97,0
18.6783,114,10,2000,2000,0,0,0,1,1,32,0.15,1,40,2,5576.16,3430.08,0
18.6804,117,10,2000,2000,0,0,0,1,1,32,0.15,1,40,2,5570.14,3407.53,0
18.6841,122,19,2000,2000,0,0,0,1,1,96,0.2,1,40,2,5440.9,2905.2,0
18.6848,123,34,2000,2000,0,0,0,1,0,64,0.05,1,40,2,5451.2,2942.73,0
18.6855,124,19,2000,2000,0,0,0,1,1,96,0.2,1,40,2,5424.77,2835.36,0
18.6862,125,19,2000,2000,0,0,0,1,1,96,0.2,1,40,2,5982.97,2426.47,0
18.692,133,10,2000,2000,0,0,0,1,1,32,0.15,1,40,2,5365.79,2718.34,0
18.6957,138,19,2000,2000,0,0,0,1,1,32,0.15,1,40,2,0,0,0
18.6971,140,17,5022.75,2809.49,0,0,0,0,0,0,0,1,40,0,0,0,0
18.7022,9,10,2000,2000,0,0,0,1,1,32,0.15,1,40,2,5581.33,2586.44,0
18.7087,18,10,2000,2000,0,0,0,1,1,32,0.15,1,40,2,5385.28,2666.31,0
18.7101,20,11,5657.57,2558.76,0,0,0,0,0,0,0,1,40,0,5362.79,2712.01,0
18.7167,29,10,2000,2000,0,0,0,1,1,32,0.15,1,40,2,5685.14,3817.41,0
18.7196,33,27,5462.86,2985.23,0,0,0,0,0,0,0,1,40,0,5942.62,2442.45,0
18.7268,43,18,2000,2000,0,0,0,1,0,0,0,1,40,2,5418.8,2653.02,0
18.7283,45,18,2000,2000,0,0,0,1,0,0,0,1,40,2,6235.49,2331.93,0
18.7297,47,37,2000,2000,0,0,0,1,1,281,0.5,1,40,2,6123.22,2375.91,0
18.7312,49,19,2000,2000,0,0,0,1,1,32,0.15,1,40,2,5956.85,2436.81,0
18.7384,59,17,5007.43,2815.51,0,0,0,0,0,0,0,1,40,0,6016.98,2413.79,0
18.7435,66,5,6144.48,2367.58,0,0,0,0,0,0,0,1,40,0,4508.44,3007.85,0
18.7464,70,19,2000,2000,0,0,0,1,1,96,0.2,1,40,2,4987.63,2822.48,0
18.7471,71,18,2000,2000,0,0,0,1,0,64,0.05,1,40,2,5634,3646.94,0
18.7478,72,22,4508.44,3007.85,0,0,0,0,0,0,0,1,40,0,5364.82,2674.43,0
18.7486,73,19,2000,2000,0,0,0,1,1,32,0.15,1,40,2,5444.21,2639.51,0
18.7587,87,19,2000,2000,0,0,0,1,1,32,0.15,1,40,2,5420.98,2827.35,0
18.7609,90,19,2000,2000,0,0,0,1,1,32,0.15,1,40,2,5410.14,2804.47,0
18.763,93,19,2000,2000,0,0,0,1,1,32,0.15,1,40,2,5682.65,3810.88,0
18.7652,96,19,2000,2000,0,0,0,1,1,32,0.15,1,40,2,5630.63,2566.25,0
18.7746,109,37,2000,2000,0,0,0,1,0,0,0,1,40,2,5212.47,2731.54,0
18.7761,111,19,2000,2000,0,0,0,1,1,32,0.15,1,40,2,5548.65,2598.97,0
18.7783,114,10,2000,2000,0,0,0,1,1,32,0.15,1,40,2,5576.16,3430.08,0
18.7804,117,10,2000,2000,0,0,0,1,1,32,0.15,1,40,2,5570.14,3407.53,0
18.7841,122,19,2000,2000,0,0,0,1,1,96,0.2,1,40,2,5440.9,2905.2,0
18.7848,123,34,2000,2000,0,0,0,1,0,64,0.05,1,40,2,5451.2,2942.73,0
18.7855,124,19,2000,2000,0,0,0,1,1,96,0.2,1,40,2,5424.77,2835.36,0
18.7862,125,19,2000,2000,0,0,0,1,1,96,0.2,1,40,2,5982.97,2426.47,0
18.792,133,10,2000,2000,0,0,0,1,1,32,0.15,1,40,2,5365.79,2718.34,0
18.7957,138,19,2000,2000,0,0,0,1,1,32,0.15,1,40,2,0,0,0
18.7971,140,17,5022.75,2809.49,0,0,0,0,0,0,0,1,40,0,0,0,0
18.8022,9,10,2000,2000,0,0,0,1,1,32,0.15,1,40,2,5581.33,2586.44,0
18.8087,18,10,2000,2000,0,0,0,1,1,32,0.15,1,40,2,5385.28,2666.31,0
18.8101,20,11,5657.57,2558.76,0,0,0,0,0,0,0,1,40,0,5362.79,2712.01,0
18.8167,29,10,2000,2000,0,0,0,1,1,32,0.15,1,40,2,5685.14,3817.41,0
18.8196,33,27,5462.86,2985.23,0,0,0,0,0,0,0,1,40,0,5942.62,2442.45,0
18.8268,43,18,2000,2000,0,0,0,1,0,0,0,1,40,2,5418.8,2653.02,0
18.8283,45,18,2000,2000,0,0,0,1,0,0,0,1,40,2,6235.49,2331.93,0
18.8297,47,37,2000,2000,0,0,0,1,1,281,0.5,1,40,2,6123.22,2375.91,0
18.8312,49,19,2000,2000,0,0,0,1,1,32,0.15,1,40,2,5956.85,2436.81,0
18.8384,59,17,5007.43,2815.51,0,0,0,0,0,0,0,1,40,0,6016.98,2413.79,0
18.8435,66,5,6144.48,2367.58,0,0,0,0,0,0,0,1,40,0,4508.44,3007.85,0
18.8464,70,19,2000,2000,0,0,0,1,1,96,0.2,1,40,2,4987.63,2822.48,0
18.8471,71,18,2000,2000,0,0,0,1,0,64,0.05,1,40,2,5634,3646.94,0
18.8478,72,22,4508.44,3007.85,0,0,0,0,0,0,0,1,40,0,5364.82,2674.43,0
18.8486,73,19,2000,2000,0,0,0,1,1,32,0.15,1,40,2,5444.21,2639.51,0
18.8587,87,19,2000,2000,0,0,0,1,1,32,0.15,1,40,2,5420.98,2827.35,0
18.8609,90,19,2000,2000,0,0,0,1,1,32,0.15,1,40,2,5410.14,2804.47,0
18.863,93,19,2000,2000,0,0,0,1,1,32,0.15,1,40,2,5682.65,3810.88,0
18.8652,96,19,2000,2000,0,0,0,1,1,32,0.15,1,40,2,5630.63,2566.25,0
18.8746,109,37,2000,2000,0,0,0,1,0,0,0,1,40,2,5212.47,2731.54,0
18.8761,111,19,2000,2000,0,0,0,1,1,32,0.15,1,40,2,5548.65,2598.97,0
18.8783,114,10,2000,2000,0,0,0,1,1,32,0.15,1,40,2,5576.16,3430.08,0
18.8804,117,10,2000,2000,0,0,0,1,1,32,0.15,1,40,2,5570.14,3407.53,0
18.8841,122,19,2000,2000,0,0,0,1,1,96,0.2,1,40,2,5440.9,2905.2,0
18.8848,123,34,2000,2000,0,0,0,1,0,64,0.05,1,40,2,5451.2,2942.73,0
18.8855,124,19,2000,2000,0,0,0,1,1,96,0.2,1,40,2,5424.77,2835.36,0
18.8862,125,19,2000,2000,0,0,0,1,1,96,0.2,1,40,2,5982.97,2426.47,0
18.892,133,10,2000,2000,0,0,0,1,1,32,0.15,1,40,2,5365.79,2718.34,0
18.8957,138,19,2000,2000,0,0,0,1,1,32,0.15,1,40,2,0,0,0
18.8971,140,17,5022.75,2809.49,0,0,0,0,0,0,0,1,40,0,0,0,0
18.9022,9,10,2000,2000,0,0,0,1,1,32,0.15,1,40,2,5581.33,2586.44,0
18.9087,18,10,2000,2000,0,0,0,1,1,32,0.15,1,40,2,5385.28,2666.31,0
18.9101,20,11,5657.57,2558.76,0,0,0,0,0,0,0,1,40,0,5362.79,2712.01,0
18.9167,29,10,2000,2000,0,0,0,1,1,32,0.15,1,40,2,5685.14,3817.41,0
18.9196,33,27,5462.86,2985.23,0,0,0,0,0,0,0,1,40,0,5942.62,2442.45,0
18.9268,43,18,2000,2000,0,0,0,1,0,0,0,1,40,2,5418.8,2653.02,0
18.9283,45,18,2000,2000,0,0,0,1,0,0,0,1,40,2,6235.49,2331.93,0
18.9297,47,37,2000,2000,0,0,0,1,1,281,0.5,1,40,2,6123.22,2375.91,0
18.9312,49,19,2000,2000,0,0,0,1,1,32,0.15,1,40,2,5956.85,2436.81,0
18.9384,59,17,5007.43,2815.51,0,0,0,0,0,0,0,1,40,0,6016.98,2413.79,0
18.9435,66,5,6144.48,2367.58,0,0,0,0,0,0,0,1,40,0,4508.44,3007.85,0
18.9464,70,19,2000,2000,0,0,0,1,1,96,0.2,1,40,2,4987.63,2822.48,0
18.9471,71,18,2000,2000,0,0,0,1,0,64,0.05,1,40,2,5634,3646.94,0
18.9478,72,22,4508.44,3007.85,0,0,0,0,0,0,0,1,40,0,5364.82,2674.43,0
18.9486,73,19,2000,2000,0,0,0,1,1,32,0.15,1,40,2,5444.21,2639.51,0
18.9587,87,19,2000,2000,0,0,0,1,1,32,0.15,1,40,2,5420.98,2827.35,0
18.9609,90,19,2000,2000,0,0,0,1,1,32,0.15,1,40,2,5410.14,2804.47,0
18.963,93,19,2000,2000,0,0,0,1,1,32,0.15,1,40,2,5682.65,3810.88,0
18.9652,96,19,2000,2000,0,0,0,1,1,32,0.15,1,40,2,5630.63,2566.25,0
18.9746,109,37,2000,2000,0,0,0,1,0,0,0,1,40,2,5212.47,2731.54,0
18.9761,111,19,2000,2000,0,0,0,1,1,32,0.15,1,40,2,5548.65,2598.97,0
18.9783,114,10,2000,2000,0,0,0,1,1,32,0.15,1,40,2,5576.16,3430.08,0
18.9804,117,10,2000,2000,0,0,0,1,1,32,0.15,1,40,2,5570.14,3407.53,0
18.9841,122,19,2000,2000,0,0,0,1,1,96,0.2,1,40,2,5440.9,2905.2,0
18.9848,123,34,2000,2000,0,0,0,1,0,64,0.05,1,40,2,5451.2,2942.73,0
18.9855,124,19,2000,2000,0,0,0,1,1,96,0.2,1,40,2,5424.77,2835.36,0
18.9862,125,19,2000,2000,0,0,0,1,1,96,0.2,1,40,2,5982.97,2426.47,0
18.992,133,10,2000,2000,0,0,0,1,1,32,0.15,1,40,2,5365.79,2718.34,0
18.9957,138,19,2000,2000,0,0,0,1,1,32,0.15,1,40,2,0,0,0
18.9971,140,17,5022.75,2809.49,0,0,0,0,0,0,0,1,40,0,0,0,0
19.0022,9,10,2000,2000,0,0,0,1,1,32,0.15,1,40,2,5581.33,2586.44,0
19.0087,18,10,2000,2000,0,0,0,1,1,32,0.15,1,40,2,5385.28,2666.31,0
19.0101,20,11,5657.57,2558.76,0,0,0,0,0,0,0,1,40,0,5362.79,2712.01,0
19.0167,29,10,2000,2000,0,0,0,1,1,32,0.15,1,40,2,5685.14,3817.41,0
19.0196,33,27,5462.86,2985.23,0,0,0,0,0,0,0,1,40,0,5942.62,2442.45,0
19.0268,43,18,2000,2000,0,0,0,1,0,0,0,1,40,2,5418.8,2653.02,0
19.0283,45,18,2000,2000,0,0,0,1,0,0,0,1,40,2,6235.49,2331.93,0
19.0297,47,37,2000,2000,0,0,0,1,1,281,0.5,1,40,2,6123.22,2375.91,0
19.0312,49,19,2000,2000,0,0,0,1,1,32,0.15,1,40,2,5956.85,2436.81,0
19.0384,59,17,5007.43,2815.51,0,0,0,0,0,0,0,1,40,0,6016.98,2413.79,0
19.0435,66,5,6144.48,2367.58,0,0,0,0,0,0,0,1,40,0,4508.44,3007.85,0
19.0464,70,19,2000,2000,0,0,0,1,1,96,0.2,1,40,2,4987.63,2822.48,0
19.0471,71,18,2000,2000,0,0,0,1,0,64,0.05,1,40,2,5634,3646.94,0
19.0478,72,22,4508.44,3007.85,0,0,0,0,0,0,0,1,40,0,5364.82,2674.43,0
19.0486,73,19,2000,2000,0,0,0,1,1,32,0.15,1,40,2,5444.21,2639.51,0
19.0587,87,19,2000,2000,0,0,0,1,1,32,0.15,1,40,2,5420.98,2827.35,0
19.0609,90,19,2000,2000,0,0,0,1,1,32,0.15,1,40,2,5410.14,2804.47,0
19.063,93,19,2000,2000,0,0,0,1,1,32,0.15,1,40,2,5682.65,3810.88,0
19.0652,96,19,2000,2000,0,0,0,1,1,32,0.15,1,40,2,5630.63,2566.25,0
19.0746,109,37,2000,2000,0,0,0,1,0,0,0,1,40,2,5212.47,2731.54,0
19.0761,111,19,2000,2000,0,0,0,1,1,32,0.15,1,40,2,5548.65,2598.97,0
19.0783,114,10,2000,2000,0,0,0,1,1,32,0.15,1,40,2,5576.16,3430.08,0
19.0804,117,10,2000,2000,0,0,0,1,1,32,0.15,1,40,2,5570.14,3407.53,0
19.0841,122,19,2000,2000,0,0,0,1,0,64,0.05,1,40,2,5440.9,2905.2,0
19.0848,123,34,2000,2000,0,0,0,1,0,64,0.05,1,40,2,5451.2,2942.73,0
19.0855,124,19,2000,2000,0,0,0,1,0,64,0.05,1,40,2,5424.77,2835.36,0
19.0862,125,19,2000,2000,0,0,0,1,0,64,0.05,1,40,2,5982.97,2426.47,0
19.092,133,10,2000,2000,0,0,0,1,1,32,0.15,1,40,2,5365.79,2718.34,0
19.0957,138,19,2000,2000,0,0,0,1,1,32,0.15,1,40,2,0,0,0
19.0971,140,17,5022.75,2809.49,0,0,0,0,0,0,0,1,40,0,0,0,0
19.1022,9,10,2000,2000,0,0,0,1,1,32,0.15,1,40,2,5581.33,2586.44,0
19.1087,18,10,2000,2000,0,0,0,1,1,32,0.15,1,40,2,5385.28,2666.31,0
19.1101,20,11,5657.57,2558.76,0,0,0,0,0,0,0,1,40,0,5362.79,2712.01,0
19.1167,29,10,2000,2000,0,0,0,1,1,32,0.15,1,40,2,5685.14,3817.41,0
19.1196,33,27,5462.86,2985.23,0,0,0,0,0,0,0,1,40,0,5942.62,2442.45,0
19.1268,43,18,2000,2000,0,0,0,1,0,0,0,1,40,2,5418.8,2653.02,0
19.1283,45,18,2000,2000,0,0,0,1,0,0,0,1,40,2,6235.49,2331.93,0
19.1297,47,37,2000,2000,0,0,0,1,1,281,0.5,1,40,2,6123.22,2375.91,0
19.1312,49,19,2000,2000,0,0,0,1,1,32,0.15,1,40,2,5956.85,2436.81,0
19.1384,59,17,5007.43,2815.51,0,0,0,0,0,0,0,1,40,0,6016.98,2413.79,0
19.1435,66,5,6144.48,2367.58,0,0,0,0,0,0,0,1,40,0,4508.44,3007.85,0
19.1464,70,19,2000,2000,0,0,0,1,1,96,0.2,1,40,2,4987.63,2822.48,0
19.1471,71,18,2000,2000,0,0,0,1,0,64,0.05,1,40,2,5634,3646.94,0
19.1478,72,22,4508.44,3007.85,0,0,0,0,0,0,0,1,40,0,5364.82,2674.43,0
19.1486,73,19,2000,2000,0,0,0,1,1,32,0.15,1,40,2,5444.21,2639.51,0
19.1587,87,19,2000,2000,0,0,0,1,1,32,0.15,1,40,2,5420.98,2827.35,0
19.1609,90,19,2000,2000,0,0,0,1,1,32,0.15,1,40,2,5410.14,2804.47,0
19.163,93,19,2000,2000,0,0,0,1,1,32,0.15,1,40,2,5682.65,3810.88,0
19.1652,96,19,2000,2000,0,0,0,1,1,32,0.15,1,40,2,5630.63,2566.25,0
19.1746,109,37,2000,2000,0,0,0,1,0,0,0,1,40,2,5212.47,2731.54,0
19.1761,111,19,2000,2000,0,0,0,1,1,32,0.15,1,40,2,5548.65,2598.97,0
19.1783,114,10,2000,2000,0,0,0,1,0,0,0,1,40,2,5576.16,3430.08,0
19.1804,117,10,2000,2000,0,0,0,1,0,0,0,1,40,2,5570.14,3407.53,0
19.1841,122,19,2000,2000,0,0,0,1,1,96,0.2,1,40,2,5440.9,2905.2,0
19.1848,123,34,2000,2000,0,0,0,1,0,64,0.05,1,40,2,5451.2,2942.73,0
19.1855,124,19,2000,2000,0,0,0,1,1,96,0.2,1,40,2,5424.77,2835.36,0
19.1862,125,19,2000,2000,0,0,0,1,1,96,0.2,1,40,2,5982.97,2426.47,0
19.192,133,10,2000,2000,0,0,0,1,0,0,0,1,40,2,5365.79,2718.34,0
19.1957,138,19,2000,2000,0,0,0,1,1,32,0.15,1,40,2,0,0,0
19.1971,140,17,5022.75,2809.49,0,0,0,0,0,0,0,1,40,0,0,0,0
19.2022,9,10,2000,2000,0,0,0,1,1,32,0.15,1,40,2,5581.33,2586.44,0
19.2087,18,10,2000,2000,0,0,0,1,1,32,0.15,1,40,2,5385.28,2666.31,0
19.2101,20,11,5657.57,2558.76,0,0,0,0,0,0,0,1,40,0,5362.79,2712.01,0
19.2167,29,10,2000,2000,0,0,0,1,1,32,0.15,1,40,2,5685.14,3817.41,0
19.2196,33,27,5462.86,2985.23,0,0,0,0,0,0,0,1,40,0,5942.62,2442.45,0
19.2268,43,18,2000,2000,0,0,0,1,0,0,0,1,40,2,5418.8,2653.02,0
19.2283,45,18,2000,2000,0,0,0,1,0,0,0,1,40,2,6235.49,2331.93,0
19.2297,47,37,2000,2000,0,0,0,1,1,281,0.5,1,40,2,6123.22,2375.91,0
19.2312,49,19,2000,2000,0,0,0,1,1,32,0.15,1,40,2,5956.85,2436.81,0
19.2384,59,17,5007.43,2815.51,0,0,0,0,0,0,0,1,40,0,6016.98,2413.79,0
19.2435,66,5,6144.48,2367.58,0,0,0,0,0,0,0,1,40,0,4508.44,3007.85,0
19.2464,70,19,2000,2000,0,0,0,1,1,96,0.2,1,40,2,4987.63,2822.48,0
19.2471,71,18,2000,2000,0,0,0,1,0,64,0.05,1,40,2,5634,3646.94,0
19.2478,72,22,4508.44,3007.85,0,0,0,0,0,0,0,1,40,0,5364.82,2674.43,0
19.2486,73,19,2000,2000,0,0,0,1,1,32,0.15,1,40,2,5444.21,2639.51,0
19.2587,87,19,2000,2000,0,0,0,1,1,32,0.15,1,40,2,5420.98,2827.35,0
19.2609,90,19,2000,2000,0,0,0,1,1,32,0.15,1,40,2,5410.14,2804.47,0
19.263,93,19,2000,2000,0,0,0,1,1,32,0.15,1,40,2,5682.65,3810.88,0
19.2652,96,19,2000,2000,0,0,0,1,1,32,0.15,1,40,2,5630.63,2566.25,0
19.2746,109,37,2000,2000,0,0,0,1,0,0,0,1,40,2,5212.47,2731.54,0
19.2761,111,19,2000,2000,0,0,0,1,1,32,0.15,1,40,2,5548.65,2598.97,0
19.2783,114,10,2000,2000,0,0,0,1,1,32,0.15,1,40,2,5576.16,3430.08,0
19.2804,117,10,2000,2000,0,0,0,1,1,32,0.15,1,40,2,5570.14,3407.53,0
19.2841,122,19,2000,2000,0,0,0,1,1,96,0.2,1,40,2,5440.9,2905.2,0
19.2848,123,34,2000,2000,0,0,0,1,0,64,0.05,1,40,2,5451.2,2942.73,0
19.2855,124,19,2000,2000,0,0,0,1,1,96,0.2,1,40,2,5424.77,2835.36,0
19.2862,125,19,2000,2000,0,0,0,1,1,96,0.2,1,40,2,5982.97,2426.47,0
19.292,133,10,2000,2000,0,0,0,1,1,32,0.15,1,40,2,5365.79,2718.34,0
19.2957,138,19,2000,2000,0,0,0,1,1,32,0.15,1,40,2,0,0,0
19.2971,140,17,5022.75,2809.49,0,0,0,0,0,0,0,1,40,0,0,0,0
19.3022,9,10,2000,2000,0,0,0,1,1,32,0.15,1,40,2,5581.33,2586.44,0
19.3087,18,10,2000,2000,0,0,0,1,1,32,0.15,1,40,2,5385.28,2666.31,0
19.3101,20,11,5657.57,2558.76,0,0,0,0,0,0,0,1,40,0,5362.79,2712.01,0
19.3167,29,10,2000,2000,0,0,0,1,1,32,0.15,1,40,2,5685.14,3817.41,0
19.3196,33,27,5462.86,2985.23,0,0,0,0,0,0,0,1,40,0,5942.62,2442.45,0
19.3268,43,18,2000,2000,0,0,0,1,0,0,0,1,40,2,5418.8,2653.02,0
19.3283,45,18,2000,2000,0,0,0,1,0,0,0,1,40,2,6235.49,2331.93,0
19.3297,47,37,2000,2000,0,0,0,1,1,281,0.5,1,40,2,6123.22,2375.91,0
19.3312,49,19,2000,2000,0,0,0,1,1,32,0.15,1,40,2,5956.85,2436.81,0
19.3384,59,17,5007.43,2815.51,0,0,0,0,0,0,0,1,40,0,6016.98,2413.79,0
19.3435,66,5,6144.48,2367.58,0,0,0,0,0,0,0,1,40,0,4508.44,3007.85,0
19.3464,70,19,2000,2000,0,0,0,1,1,96,0.2,1,40,2,4987.63,2822.48,0
19.3471,71,18,2000,2000,0,0,0,1,0,64,0.05,1,40,2,5634,3646.94,0
19.3478,72,22,4508.44,3007.85,0,0,0,0,0,0,0,1,40,0,5364.82,2674.43,0
19.3486,73,19,2000,2000,0,0,0,1,1,32,0.15,1,40,2,5444.21,2639.51,0
19.3587,87,19,2000,2000,0,0,0,1,1,32,0.15,1,40,2,5420.98,2827.35,0
19.3609,90,19,2000,2000,0,0,0,1,1,32,0.15,1,40,2,5410.14,2804.47,0
19.363,93,19,2000,2000,0,0,0,1,1,32,0.15,1,40,2,5682.65,3810.88,0
19.3652,96,19,2000,2000,0,0,0,1,1,32,0.15,1,40,2,5630.63,2566.25,0
19.3746,109,37,2000,2000,0,0,0,1,0,0,0,1,40,2,5212.47,2731.54,0
19.3761,111,19,2000,2000,0,0,0,1,1,32,0.15,1,40,2,5548.65,2598.97,0
19.3783,114,10,2000,2000,0,0,0,1,1,32,0.15,1,40,2,5576.16,3430.08,0
19.3804,117,10,2000,2000,0,0,0,1,1,32,0.15,1,40,2,5570.14,3407.53,0
19.3841,122,19,2000,2000,0,0,0,1,1,96,0.2,1,40,2,5440.9,2905.2,0
19.3848,123,34,2000,2000,0,0,0,1,0,64,0.05,1,40,2,5451.2,2942.73,0
19.3855,124,19,2000,2000,0,0,0,1,1,96,0.2,1,40,2,5424.77,2835.36,0
19.3862,125,19,2000,2000,0,0,0,1,1,96,0.2,1,40,2,5982.97,2426.47,0
19.392,133,10,2000,2000,0,0,0,1,1,32,0.15,1,40,2,5365.79,2718.34,0
19.3957,138,19,2000,2000,0,0,0,1,1,32,0.15,1,40,2,0,0,0
19.3971,140,17,5022.75,2809.49,0,0,0,0,0,0,0,1,40,0,0,0,0
19.4022,9,10,2000,2000,0,0,0,1,1,32,0.15,1,40,2,5581.33,2586.44,0
19.4087,18,10,2000,2000,0,0,0,1,1,32,0.15,1,40,2,5385.28,2666.31,0
19.4101,20,11,5657.57,2558.76,0,0,0,0,0,0,0,1,40,0,5362.79,2712.01,0
19.4167,29,10,2000,2000,0,0,0,1,1,32,0.15,1,40,2,5685.14,3817.41,0
19.4196,33,27,5462.86,2985.23,0,0,0,0,0,0,0,1,40,0,5942.62,2442.45,0
19.4268,43,18,2000,2000,0,0,0,1,0,0,0,1,40,2,5418.8,2653.02,0
19.4283,45,18,2000,2000,0,0,0,1,0,0,0,1,40,2,6235.49,2331.93,0
19.4297,47,37,2000,2000,0,0,0,1,1,281,0.5,1,40,2,6123.22,2375.91,0
19.4312,49,19,2000,2000,0,0,0,1,1,32,0.15,1,40,2,5956.85,2436.81,0
19.4384,59,17,5007.43,2815.51,0,0,0,0,0,0,0,1,40,0,6016.98,2413.79,0
19.4435,66,5,6144.48,2367.58,0,0,0,0,0,0,0,1,40,0,4508.44,3007.85,0
19.4464,70,19,2000,2000,0,0,0,1,1,96,0.2,1,40,2,4987.63,2822.48,0
19.4471,71,18,2000,2000,0,0,0,1,0,64,0.05,1,40,2,5634,3646.94,0
19.4478,72,22,4508.44,3007.85,0,0,0,0,0,0,0,1,40,0,5364.82,2674.43,0
19.4486,73,19,2000,2000,0,0,0,1,1,32,0.15,1,40,2,5444.21,2639.51,0
19.4587,87,19,2000,2000,0,0,0,1,1,32,0.15,1,40,2,5420.98,2827.35,0
19.4609,90,19,2000,2000,0,0,0,1,1,32,0.15,1,40,2,5410.14,2804.47,0
19.463,93,19,2000,2000,0,0,0,1,1,32,0.15,1,40,2,5682.65,3810.88,0
19.4652,96,19,2000,2000,0,0,0,1,1,32,0.15,1,40,2,5630.63,2566.25,0
19.4746,109,37,2000,2000,0,0,0,1,0,0,0,1,40,2,5212.47,2731.54,0
19.4761,111,19,2000,2000,0,0,0,1,1,32,0.15,1,40,2,5548.65,2598.97,0
19.4783,114,10,2000,2000,0,0,0,1,1,32,0.15,1,40,2,5576.16,3430.08,0
19.4804,117,10,2000,2000,0,0,0,1,1,32,0.15,1,40,2,5570.14,3407.53,0
19.4841,122,19,2000,2000,0,0,0,1,1,96,0.2,1,40,2,5440.9,2905.2,0
19.4848,123,34,2000,2000,0,0,0,1,0,64,0.05,1,40,2,5451.2,2942.73,0
19.4855,124,19,2000,2000,0,0,0,1,1,96,0.2,1,40,2,5424.77,2835.36,0
19.4862,125,19,2000,2000,0,0,0,1,1,96,0.2,1,40,2,5982.97,2426.47,0
19.492,133,10,2000,2000,0,0,0,1,1,32,0.15,1,40,2,5365.79,2718.34,0
19.4957,138,19,2000,2000,0,0,0,1,1,32,0.15,1,40,2,0,0,0
19.4971,140,17,5022.75,2809.49,0,0,0,0,0,0,0,1,40,0,0,0,0
19.5022,9,10,2000,2000,0,0,0,1,1,32,0.15,1,40,2,5581.33,2586.44,0
19.5087,18,10,2000,2000,0,0,0,1,1,32,0.15,1,40,2,5385.28,2666.31,0
19.5101,20,11,5657.57,2558.76,0,0,0,0,0,0,0,1,40,0,5362.79,2712.01,0
19.5167,29,10,2000,2000,0,0,0,1,1,32,0.15,1,40,2,5685.14,3817.41,0
19.5196,33,27,5462.86,2985.23,0,0,0,0,0,0,0,1,40,0,5942.62,2442.45,0
19.5268,43,18,2000,2000,0,0,0,1,0,0,0,1,40,2,5418.8,2653.02,0
19.5283,45,18,2000,2000,0,0,0,1,0,0,0,1,40,2,6235.49,2331.93,0
19.5297,47,37,2000,2000,0,0,0,1,1,281,0.5,1,40,2,6123.22,2375.91,0
19.5312,49,19,2000,2000,0,0,0,1,1,32,0.15,1,40,2,5956.85,2436.81,0
19.5384,59,17,5007.43,2815.51,0,0,0,0,0,0,0,1,40,0,6016.98,2413.79,0
19.5435,66,5,6144.48,2367.58,0,0,0,0,0,0,0,1,40,0,4508.44,3007.85,0
19.5464,70,19,2000,2000,0,0,0,1,1,96,0.2,1,40,2,4987.63,2822.48,0
19.5471,71,18,2000,2000,0,0,0,1,0,64,0.05,1,40,2,5634,3646.94,0
19.5478,72,22,4508.44,3007.85,0,0,0,0,0,0,0,1,40,0,5364.82,2674.43,0
19.5486,73,19,2000,2000,0,0,0,1,1,32,0.15,1,40,2,5444.21,2639.51,0
19.5587,87,19,2000,2000,0,0,0,1,1,32,0.15,1,40,2,5420.98,2827.35,0
19.5609,90,19,2000,2000,0,0,0,1,1,32,0.15,1,40,2,5410.14,2804.47,0
19.563,93,19,2000,2000,0,0,0,1,1,32,0.15,1,40,2,5682.65,3810.88,0
19.5652,96,19,2000,2000,0,0,0,1,1,32,0.15,1,40,2,5630.63,2566.25,0
19.5746,109,37,2000,2000,0,0,0,1,0,0,0,1,40,2,5212.47,2731.54,0
19.5761,111,19,2000,2000,0,0,0,1,1,32,0.15,1,40,2,5548.65,2598.97,0
19.5783,114,10,2000,2000,0,0,0,1,1,32,0.15,1,40,2,5576.16,3430.08,0
19.5804,117,10,2000,2000,0,0,0,1,1,32,0.15,1,40,2,5570.14,3407.53,0
19.5841,122,19,2000,2000,0,0,0,1,1,96,0.2,1,40,2,5440.9,2905.2,0
19.5848,123,34,2000,2000,0,0,0,1,0,64,0.05,1,40,2,5451.2,2942.73,0
19.5855,124,19,2000,2000,0,0,0,1,1,96,0.2,1,40,2,5424.77,2835.36,0
19.5862,125,19,2000,2000,0,0,0,1,1,96,0.2,1,40,2,5982.97,2426.47,0
19.592,133,10,2000,2000,0,0,0,1,1,32,0.15,1,40,2,5365.79,2718.34,0
19.5957,138,19,2000,2000,0,0,0,1,1,32,0.15,1,40,2,0,0,0
19.5971,140,17,5022.75,2809.49,0,0,0,0,0,0,0,1,40,0,0,0,0
19.6022,9,10,2000,2000,0,0,0,1,1,32,0.15,1,40,2,5581.33,2586.44,0
19.6087,18,10,2000,2000,0,0,0,1,1,32,0.15,1,40,2,5385.28,2666.31,0
19.6101,20,11,5657.57,2558.76,0,0,0,0,0,0,0,1,40,0,5362.79,2712.01,0
19.6167,29,10,2000,2000,0,0,0,1,1,32,0.15,1,40,2,5685.14,3817.41,0
19.6196,33,27,5462.86,2985.23,0,0,0,0,0,0,0,1,40,0,5942.62,2442.45,0
19.6268,43,18,2000,2000,0,0,0,1,0,0,0,1,40,2,5418.8,2653.02,0
19.6283,45,18,2000,2000,0,0,0,1,0,0,0,1,40,2,6235.49,2331.93,0
19.6297,47,37,2000,2000,0,0,0,1,1,281,0.5,1,40,2,6123.22,2375.91,0
19.6312,49,19,2000,2000,0,0,0,1,1,32,0.15,1,40,2,5956.85,2436.81,0
19.6384,59,17,5007.43,2815.51,0,0,0,0,0,0,0,1,40,0,6016.98,2413.79,0
19.6435,66,5,6144.48,2367.58,0,0,0,0,0,0,0,1,40,0,4508.44,3007.85,0
19.6464,70,19,2000,2000,0,0,0,1,1,96,0.2,1,40,2,4987.63,2822.48,0
19.6471,71,18,2000,2000,0,0,0,1,0,64,0.05,1,40,2,5634,3646.94,0
19.6478,72,22,4508.44,3007.85,0,0,0,0,0,0,0,1,40,0,5364.82,2674.43,0
19.6486,73,19,2000,2000,0,0,0,1,1,32,0.15,1,40,2,5444.21,2639.51,0
19.6587,87,19,2000,2000,0,0,0,1,1,32,0.15,1,40,2,5420.98,2827.35,0
19.6609,90,19,2000,2000,0,0,0,1,1,32,0.15,1,40,2,5410.14,2804.47,0
19.663,93,19,2000,2000,0,0,0,1,1,32,0.15,1,40,2,5682.65,3810.88,0
19.6652,96,19,2000,2000,0,0,0,1,1,32,0.15,1,40,2,5630.63,2566.25,0
19.6746,109,37,2000,2000,0,0,0,1,0,0,0,1,40,2,5212.47,2731.54,0
19.6761,111,19,2000,2000,0,0,0,1,1,32,0.15,1,40,2,5548.65,2598.97,0
19.6783,114,10,2000,2000,0,0,0,1,1,32,0.15,1,40,2,5576.16,3430.08,0
19.6804,117,10,2000,2000,0,0,0,1,1,32,0.15,1,40,2,5570.14,3407.53,0
19.6841,122,19,2000,2000,0,0,0,1,1,96,0.2,1,40,2,5440.9,2905.2,0
19.6848,123,34,2000,2000,0,0,0,1,0,64,0.05,1,40,2,5451.2,2942.73,0
19.6855,124,19,2000,2000,0,0,0,1,1,96,0.2,1,40,2,5424.77,2835.36,0
19.6862,125,19,2000,2000,0,0,0,1,1,96,0.2,1,40,2,5982.97,2426.47,0
19.692,133,10,2000,2000,0,0,0,1,1,32,0.15,1,40,2,5365.79,2718.34,0
19.6957,138,19,2000,2000,0,0,0,1,1,32,0.15,1,40,2,0,0,0
19.6971,140,17,5022.75,2809.49,0,0,0,0,0,0,0,1,40,0,0,0,0
19.7022,9,10,2000,2000,0,0,0,1,1,32,0.15,1,40,2,5581.33,2586.44,0
19.7087,18,10,2000,2000,0,0,0,1,1,32,0.15,1,40,2,5385.28,2666.31,0
19.7101,20,11,5657.57,2558.76,0,0,0,0,0,0,0,1,40,0,5362.79,2712.01,0
19.7167,29,10,2000,2000,0,0,0,1,1,32,0.15,1,40,2,5685.14,3817.41,0
19.7196,33,27,5462.86,2985.23,0,0,0,0,0,0,0,1,40,0,5942.62,2442.45,0
19.7268,43,18,2000,2000,0,0,0,1,0,0,0,1,40,2,5418.8,2653.02,0
19.7283,45,18,2000,2000,0,0,0,1,0,0,0,1,40,2,6235.49,2331.93,0
19.7297,47,37,2000,2000,0,0,0,1,1,281,0.5,1,40,2,6123.22,2375.91,0
19.7312,49,19,2000,2000,0,0,0,1,1,32,0.15,1,40,2,5956.85,2436.81,0
19.7384,59,17,5007.43,2815.51,0,0,0,0,0,0,0,1,40,0,6016.98,2413.79,0
19.7435,66,5,6144.48,2367.58,0,0,0,0,0,0,0,1,40,0,4508.44,3007.85,0
19.7464,70,19,2000,2000,0,0,0,1,1,96,0.2,1,40,2,4987.63,2822.48,0
19.7471,71,18,2000,2000,0,0,0,1,0,64,0.05,1,40,2,5634,3646.94,0
19.7478,72,22,4508.44,3007.85,0,0,0,0,0,0,0,1,40,0,5364.82,2674.43,0
19.7486,73,19,2000,2000,0,0,0,1,1,32,0.15,1,40,2,5444.21,2639.51,0
19.7587,87,19,2000,2000,0,0,0,1,1,32,0.15,1,40,2,5420.98,2827.35,0
19.7609,90,19,2000,2000,0,0,0,1,1,32,0.15,1,40,2,5410.14,2804.47,0
19.763,93,19,2000,2000,0,0,0,1,1,32,0.15,1,40,2,5682.65,3810.88,0
19.7652,96,19,2000,2000,0,0,0,1,1,32,0.15,1,40,2,5630.63,2566.25,0
19.7746,109,37,2000,2000,0,0,0,1,0,0,0,1,40,2,5212.47,2731.54,0
19.7761,111,19,2000,2000,0,0,0,1,1,32,0.15,1,40,2,5548.65,2598.97,0
19.7783,114,10,2000,2000,0,0,0,1,1,32,0.15,1,40,2,5576.16,3430.08,0
19.7804,117,10,2000,2000,0,0,0,1,1,32,0.15,1,40,2,5570.14,3407.53,0
19.7841,122,19,2000,2000,0,0,0,1,1,96,0.2,1,40,2,5440.9,2905.2,0
19.7848,123,34,2000,2000,0,0,0,1,0,64,0.05,1,40,2,5451.2,2942.73,0
19.7855,124,19,2000,2000,0,0,0,1,1,96,0.2,1,40,2,5424.77,2835.36,0
19.7862,125,19,2000,2000,0,0,0,1,1,96,0.2,1,40,2,5982.97,2426.47,0
19.792,133,10,2000,2000,0,0,0,1,1,32,0.15,1,40,2,5365.79,2718.34,0
19.7957,138,19,2000,2000,0,0,0,1,1,32,0.15,1,40,2,0,0,0
19.7971,140,17,5022.75,2809.49,0,0,0,0,0,0,0,1,40,0,0,0,0
19.8022,9,10,2000,2000,0,0,0,1,1,32,0.15,1,40,2,5581.33,2586.44,0
19.8087,18,10,2000,2000,0,0,0,1,1,32,0.15,1,40,2,5385.28,2666.31,0
19.8101,20,11,5657.57,2558.76,0,0,0,0,0,0,0,1,40,0,5362.79,2712.01,0
19.8167,29,10,2000,2000,0,0,0,1,1,32,0.15,1,40,2,5685.14,3817.41,0
19.8196,33,27,5462.86,2985.23,0,0,0,0,0,0,0,1,40,0,5942.62,2442.45,0
19.8268,43,18,2000,2000,0,0,0,1,0,0,0,1,40,2,5418.8,2653.02,0
19.8283,45,18,2000,2000,0,0,0,1,0,0,0,1,40,2,6235.49,2331.93,0
19.8297,47,37,2000,2000,0,0,0,1,1,281,0.5,1,40,2,6123.22,2375.91,0
19.8312,49,19,2000,2000,0,0,0,1,1,32,0.15,1,40,2,5956.85,2436.81,0
19.8384,59,17,5007.43,2815.51,0,0,0,0,0,0,0,1,40,0,6016.98,2413.79,0
19.8435,66,5,6144.48,2367.58,0,0,0,0,0,0,0,1,40,0,4508.44,3007.85,0
19.8464,70,19,2000,2000,0,0,0,1,1,96,0.2,1,40,2,4987.63,2822.48,0
19.8471,71,18,2000,2000,0,0,0,1,0,64,0.05,1,40,2,5634,3646.94,0
19.8478,72,22,4508.44,3007.85,0,0,0,0,0,0,0,1,40,0,5364.82,2674.43,0
19.8486,73,19,2000,2000,0,0,0,1,1,32,0.15,1,40,2,5444.21,2639.51,0
19.8587,87,19,2000,2000,0,0,0,1,1,32,0.15,1,40,2,5420.98,2827.35,0
19.8609,90,19,2000,2000,0,0,0,1,1,32,0.15,1,40,2,5410.14,2804.47,0
19.863,93,19,2000,2000,0,0,0,1,1,32,0.15,1,40,2,5682.65,3810.88,0
19.8652,96,19,2000,2000,0,0,0,1,1,32,0.15,1,40,2,5630.63,2566.25,0
19.8746,109,37,2000,2000,0,0,0,1,0,0,0,1,40,2,5212.47,2731.54,0
19.8761,111,19,2000,2000,0,0,0,1,1,32,0.15,1,40,2,5548.65,2598.97,0
19.8783,114,10,2000,2000,0,0,0,1,1,32,0.15,1,40,2,5576.16,3430.08,0
19.8804,117,10,2000,2000,0,0,0,1,1,32,0.15,1,40,2,5570.14,3407.53,0
19.8841,122,19,2000,2000,0,0,0,1,1,96,0.2,1,40,2,5440.9,2905.2,0
19.8848,123,34,2000,2000,0,0,0,1,0,64,0.05,1,40,2,5451.2,2942.73,0
19.8855,124,19,2000,2000,0,0,0,1,1,96,0.2,1,40,2,5424.77,2835.36,0
19.8862,125,19,2000,2000,0,0,0,1,1,96,0.2,1,40,2,5982.97,2426.47,0
19.892,133,10,2000,2000,0,0,0,1,1,32,0.15,1,40,2,5365.79,2718.34,0
19.8957,138,19,2000,2000,0,0,0,1,1,32,0.15,1,40,2,0,0,0
19.8971,140,17,5022.75,2809.49,0,0,0,0,0,0,0,1,40,0,0,0,0
19.9022,9,10,2000,2000,0,0,0,1,1,32,0.15,1,40,2,5581.33,2586.44,0
19.9087,18,10,2000,2000,0,0,0,1,1,32,0.15,1,40,2,5385.28,2666.31,0
19.9101,20,11,5657.57,2558.76,0,0,0,0,0,0,0,1,40,0,5362.79,2712.01,0
19.9167,29,10,2000,2000,0,0,0,1,1,32,0.15,1,40,2,5685.14,3817.41,0
19.9196,33,27,5462.86,2985.23,0,0,0,0,0,0,0,1,40,0,5942.62,2442.45,0
19.9268,43,18,2000,2000,0,0,0,1,0,0,0,1,40,2,5418.8,2653.02,0
19.9283,45,18,2000,2000,0,0,0,1,0,0,0,1,40,2,6235.49,2331.93,0
19.9297,47,37,2000,2000,0,0,0,1,1,281,0.5,1,40,2,6123.22,2375.91,0
19.9312,49,19,2000,2000,0,0,0,1,1,32,0.15,1,40,2,5956.85,2436.81,0
19.9384,59,17,5007.43,2815.51,0,0,0,0,0,0,0,1,40,0,6016.98,2413.79,0
19.9435,66,5,6144.48,2367.58,0,0,0,0,0,0,0,1,40,0,4508.44,3007.85,0
19.9464,70,19,2000,2000,0,0,0,1,1,96,0.2,1,40,2,4987.63,2822.48,0
19.9471,71,18,2000,2000,0,0,0,1,0,64,0.05,1,40,2,5634,3646.94,0
19.9478,72,22,4508.44,3007.85,0,0,0,0,0,0,0,1,40,0,5364.82,2674.43,0
19.9486,73,19,2000,2000,0,0,0,1,1,32,0.15,1,40,2,5444.21,2639.51,0
19.9587,87,19,2000,2000,0,0,0,1,1,32,0.15,1,40,2,5420.98,2827.35,0
19.9609,90,19,2000,2000,0,0,0,1,1,32,0.15,1,40,2,5410.14,2804.47,0
19.963,93,19,2000,2000,0,0,0,1,1,32,0.15,1,40,2,5682.65,3810.88,0
19.9652,96,19,2000,2000,0,0,0,1,1,32,0.15,1,40,2,5630.63,2566.25,0
19.9746,109,37,2000,2000,0,0,0,1,0,0,0,1,40,2,5212.47,2731.54,0
19.9761,111,19,2000,2000,0,0,0,1,1,32,0.15,1,40,2,5548.65,2598.97,0
19.9783,114,10,2000,2000,0,0,0,1,1,32,0.15,1,40,2,5576.16,3430.08,0
19.9804,117,10,2000,2000,0,0,0,1,1,32,0.15,1,40,2,5570.14,3407.53,0
19.9841,122,19,2000,2000,0,0,0,1,1,96,0.2,1,40,2,5440.9,2905.2,0
19.9848,123,34,2000,2000,0,0,0,1,0,64,0.05,1,40,2,5451.2,2942.73,0
19.9855,124,19,2000,2000,0,0,0,1,1,96,0.2,1,40,2,5424.77,2835.36,0
19.9862,125,19,2000,2000,0,0,0,1,1,96,0.2,1,40,2,5982.97,2426.47,0
19.992,133,10,2000,2000,0,0,0,1,1,32,0.15,1,40,2,5365.79,2718.34,0
19.9957,138,19,2000,2000,0,0,0,1,1,32,0.15,1,40,2,0,0,0
19.9971,140,17,5022.75,2809.49,0,0,0,0,0,0,0,1,40,0,0,0,0
20.0022,9,10,2000,2000,0,0,0,1,1,32,0.15,1,40,2,5581.33,2586.44,0
20.0087,18,10,2000,2000,0,0,0,1,1,32,0.15,1,40,2,5385.28,2666.31,0
20.0101,20,11,5657.57,2558.76,0,0,0,0,0,0,0,1,40,0,5362.79,2712.01,0
20.0167,29,10,2000,2000,0,0,0,1,1,32,0.15,1,40,2,5685.14,3817.41,0
20.0196,33,27,5462.86,2985.23,0,0,0,0,0,0,0,1,40,0,5942.62,2442.45,0
20.0268,43,18,2000,2000,0,0,0,1,0,0,0,1,40,2,5418.8,2653.02,0
20.0283,45,18,2000,2000,0,0,0,1,0,0,0,1,40,2,6235.49,2331.93,0
20.0297,47,37,2000,2000,0,0,0,1,1,281,0.5,1,40,2,6123.22,2375.91,0
20.0312,49,19,2000,2000,0,0,0,1,1,32,0.15,1,40,2,5956.85,2436.81,0
20.0384,59,17,5007.43,2815.51,0,0,0,0,0,0,0,1,40,0,6016.98,2413.79,0
20.0435,66,5,6144.48,2367.58,0,0,0,0,0,0,0,1,40,0,4508.44,3007.85,0
20.0464,70,19,2000,2000,0,0,0,1,1,96,0.2,1,40,2,4987.63,2822.48,0
20.0471,71,18,2000,2000,0,0,0,1,0,64,0.05,1,40,2,5634,3646.94,0
20.0478,72,22,4508.44,3007.85,0,0,0,0,0,0,0,1,40,0,5364.82,2674.43,0
20.0486,73,19,2000,2000,0,0,0,1,1,32,0.15,1,40,2,5444.21,2639.51,0
20.0587,87,19,2000,2000,0,0,0,1,1,32,0.15,1,40,2,5420.98,2827.35,0
20.0609,90,19,2000,2000,0,0,0,1,1,32,0.15,1,40,2,5410.14,2804.47,0
20.063,93,19,2000,2000,0,0,0,1,1,32,0.15,1,40,2,5682.65,3810.88,0
20.0652,96,19,2000,2000,0,0,0,1,1,32,0.15,1,40,2,5630.63,2566.25,0
20.0746,109,37,2000,2000,0,0,0,1,0,0,0,1,40,2,5212.47,2731.54,0
20.0761,111,19,2000,2000,0,0,0,1,1,32,0.15,1,40,2,5548.65,2598.97,0
20.0783,114,10,2000,2000,0,0,0,1,1,32,0.15,1,40,2,5576.16,3430.08,0
20.0804,117,10,2000,2000,0,0,0,1,1,32,0.15,1,40,2,5570.14,3407.53,0
20.0841,122,19,2000,2000,0,0,0,1,1,96,0.2,1,40,2,5440.9,2905.2,0
20.0848,123,34,2000,2000,0,0,0,1,0,64,0.05,1,40,2,5451.2,2942.73,0
20.0855,124,19,2000,2000,0,0,0,1,0,64,0.05,1,40,2,5424.77,2835.36,0
20.0862,125,19,2000,2000,0,0,0,1,0,64,0.05,1,40,2,5982.97,2426.47,0
20.092,133,10,2000,2000,0,0,0,1,1,32,0.15,1,40,2,5365.79,2718.34,0
20.0957,138,19,2000,2000,0,0,0,1,0,0,0,1,40,2,0,0,0
20.0971,140,17,5022.75,2809.49,0,0,0,0,0,0,0,1,40,0,0,0,0
20.1022,9,10,2000,2000,0,0,0,1,1,32,0.15,1,40,2,5581.33,2586.44,0
20.1087,18,10,2000,2000,0,0,0,1,1,32,0.15,1,40,2,5385.28,2666.31,0
20.1101,20,11,5657.57,2558.76,0,0,0,0,0,0,0,1,40,0,5362.79,2712.01,0
20.1167,29,10,2000,2000,0,0,0,1,1,32,0.15,1,40,2,5685.14,3817.41,0
20.1196,33,27,5462.86,2985.23,0,0,0,0,0,0,0,1,40,0,5942.62,2442.45,0
20.1268,43,18,2000,2000,0,0,0,1,0,0,0,1,40,2,5418.8,2653.02,0
20.1283,45,18,2000,2000,0,0,0,1,0,0,0,1,40,2,6235.49,2331.93,0
20.1297,47,37,2000,2000,0,0,0,1,1,281,0.5,1,40,2,6123.22,2375.91,0
20.1312,49,19,2000,2000,0,0,0,1,1,32,0.15,1,40,2,5956.85,2436.81,0
20.1384,59,17,5007.43,2815.51,0,0,0,0,0,0,0,1,40,0,6016.98,2413.79,0
20.1435,66,5,6144.48,2367.58,0,0,0,0,0,0,0,1,40,0,4508.44,3007.85,0
20.1464,70,19,2000,2000,0,0,0,1,1,96,0.2,1,40,2,4987.63,2822.48,0
20.1471,71,18,2000,2000,0,0,0,1,0,64,0.05,1,40,2,5634,3646.94,0
20.1478,72,22,4508.44,3007.85,0,0,0,0,0,0,0,1,40,0,5364.82,2674.43,0
20.1486,73,19,2000,2000,0,0,0,1,1,32,0.15,1,40,2,5444.21,2639.51,0
20.1587,87,19,2000,2000,0,0,0,1,1,32,0.15,1,40,2,5420.98,2827.35,0
20.1609,90,19,2000,2000,0,0,0,1,1,32,0.15,1,40,2,5410.14,2804.47,0
20.163,93,19,2000,2000,0,0,0,1,1,32,0.15,1,40,2,5682.65,3810.88,0
20.1652,96,19,2000,2000,0,0,0,1,1,32,0.15,1,40,2,5630.63,2566.25,0
20.1746,109,37,2000,2000,0,0,0,1,0,0,0,1,40,2,5212.47,2731.54,0
20.1761,111,19,2000,2000,0,0,0,1,1,32,0.15,1,40,2,5548.65,2598.97,0
20.1783,114,10,2000,2000,0,0,0,1,1,32,0.15,1,40,2,5576.16,3430.08,0
20.1804,117,10,2000,2000,0,0,0,1,0,0,0,1,40,2,5570.14,3407.53,0
20.1841,122,19,2000,2000,0,0,0,1,1,96,0.2,1,40,2,5440.9,2905.2,0
20.1848,123,34,2000,2000,0,0,0,1,0,64,0.05,1,40,2,5451.2,2942.73,0
20.1855,124,19,2000,2000,0,0,0,1,1,96,0.2,1,40,2,5424.77,2835.36,0
20.1862,125,19,2000,2000,0,0,0,1,1,96,0.2,1,40,2,5982.97,2426.47,0
20.192,133,10,2000,2000,0,0,0,1,0,0,0,1,40,2,5365.79,2718.34,0
20.1957,138,19,2000,2000,0,0,0,1,1,32,0.15,1,40,2,0,0,0
20.1971,140,17,5022.75,2809.49,0,0,0,0,0,0,0,1,40,0,0,0,0
20.2022,9,10,2000,2000,0,0,0,1,0,0,0,1,40,2,5581.33,2586.44,0
20.2087,18,10,2000,2000,0,0,0,1,1,32,0.15,1,40,2,5385.28,2666.31,0
20.2101,20,11,5657.57,2558.76,0,0,0,0,0,0,0,1,40,0,5362.79,2712.01,0
20.2167,29,10,2000,2000,0,0,0,1,1,32,0.15,1,40,2,5685.14,3817.41,0
20.2196,33,27,5462.86,2985.23,0,0,0,0,0,0,0,1,40,0,5942.62,2442.45,0
20.2268,43,18,2000,2000,0,0,0,1,0,0,0,1,40,2,5418.8,2653.02,0
20.2283,45,18,2000,2000,0,0,0,1,0,0,0,1,40,2,6235.49,2331.93,0
20.2297,47,37,2000,2000,0,0,0,1,1,281,0.5,1,40,2,6123.22,2375.91,0
20.2312,49,19,2000,2000,0,0,0,1,1,32,0.15,1,40,2,5956.85,2436.81,0
20.2384,59,17,5007.43,2815.51,0,0,0,0,0,0,0,1,40,0,6016.98,2413.79,0
20.2435,66,5,6144.48,2367.58,0,0,0,0,0,0,0,1,40,0,4508.44,3007.85,0
20.2464,70,19,2000,2000,0,0,0,1,1,96,0.2,1,40,2,4987.63,2822.48,0
20.2471,71,18,2000,2000,0,0,0,1,0,64,0.05,1,40,2,5634,3646.94,0
20.2478,72,22,4508.44,3007.85,0,0,0,0,0,0,0,1,40,0,5364.82,2674.43,0
20.2486,73,19,2000,2000,0,0,0,1,1,32,0.15,1,40,2,5444.21,2639.51,0
20.2587,87,19,2000,2000,0,0,0,1,1,32,0.15,1,40,2,5420.98,2827.35,0
20.2609,90,19,2000,2000,0,0,0,1,1,32,0.15,1,40,2,5410.14,2804.47,0
20.263,93,19,2000,2000,0,0,0,1,1,32,0.15,1,40,2,5682.65,3810.88,0
20.2652,96,19,2000,2000,0,0,0,1,1,32,0.15,1,40,2,5630.63,2566.25,0
20.2746,109,37,2000,2000,0,0,0,1,0,0,0,1,40,2,5212.47,2731.54,0
20.2761,111,19,2000,2000,0,0,0,1,1,32,0.15,1,40,2,5548.65,2598.97,0
20.2783,114,10,2000,2000,0,0,0,1,1,32,0.15,1,40,2,5576.16,3430.08,0
20.2804,117,10,2000,2000,0,0,0,1,1,32,0.15,1,40,2,5570.14,3407.53,0
20.2841,122,19,2000,2000,0,0,0,1,1,96,0.2,1,40,2,5440.9,2905.2,0
20.2848,123,34,2000,2000,0,0,0,1,0,64,0.05,1,40,2,5451.2,2942.73,0
20.2855,124,19,2000,2000,0,0,0,1,1,96,0.2,1,40,2,5424.77,2835.36,0
20.2862,125,19,2000,2000,0,0,0,1,1,96,0.2,1,40,2,5982.97,2426.47,0
20.292,133,10,2000,2000,0,0,0,1,1,32,0.15,1,40,2,5365.79,2718.34,0
20.2957,138,19,2000,2000,0,0,0,1,1,32,0.15,1,40,2,0,0,0
20.2971,140,17,5022.75,2809.49,0,0,0,0,0,0,0,1,40,0,0,0,0
20.3022,9,10,2000,2000,0,0,0,1,1,32,0.15,1,40,2,5581.33,2586.44,0
20.3087,18,10,2000,2000,0,0,0,1,1,32,0.15,1,40,2,5385.28,2666.31,0
20.3101,20,11,5657.57,2558.76,0,0,0,0,0,0,0,1,40,0,5362.79,2712.01,0
20.3167,29,10,2000,2000,0,0,0,1,1,32,0.15,1,40,2,5685.14,3817.41,0
20.3196,33,27,5462.86,2985.23,0,0,0,0,0,0,0,1,40,0,5942.62,2442.45,0
20.3268,43,18,2000,2000,0,0,0,1,0,0,0,1,40,2,5418.8,2653.02,0
20.3283,45,18,2000,2000,0,0,0,1,0,0,0,1,40,2,6235.49,2331.93,0
20.3297,47,37,2000,2000,0,0,0,1,1,281,0.5,1,40,2,6123.22,2375.91,0
20.3312,49,19,2000,2000,0,0,0,1,1,32,0.15,1,40,2,5956.85,2436.81,0
20.3384,59,17,5007.43,2815.51,0,0,0,0,0,0,0,1,40,0,6016.98,2413.79,0
20.3435,66,5,6144.48,2367.58,0,0,0,0,0,0,0,1,40,0,4508.44,3007.85,0
20.3464,70,19,2000,2000,0,0,0,1,1,96,0.2,1,40,2,4987.63,2822.48,0
20.3471,71,18,2000,2000,0,0,0,1,0,64,0.05,1,40,2,5634,3646.94,0
20.3478,72,22,4508.44,3007.85,0,0,0,0,0,0,0,1,40,0,5364.82,2674.43,0
20.3486,73,19,2000,2000,0,0,0,1,1,32,0.15,1,40,2,5444.21,2639.51,0
20.3587,87,19,2000,2000,0,0,0,1,1,32,0.15,1,40,2,5420.98,2827.35,0
20.3609,90,19,2000,2000,0,0,0,1,1,32,0.15,1,40,2,5410.14,2804.47,0
20.363,93,19,2000,2000,0,0,0,1,1,32,0.15,1,40,2,5682.65,3810.88,0
20.3652,96,19,2000,2000,0,0,0,1,1,32,0.15,1,40,2,5630.63,2566.25,0
20.3746,109,37,2000,2000,0,0,0,1,0,0,0,1,40,2,5212.47,2731.54,0
20.3761,111,19,2000,2000,0,0,0,1,1,32,0.15,1,40,2,5548.65,2598.97,0
20.3783,114,10,2000,2000,0,0,0,1,1,32,0.15,1,40,2,5576.16,3430.08,0
20.3804,117,10,2000,2000,0,0,0,1,1,32,0.15,1,40,2,5570.14,3407.53,0
20.3841,122,19,2000,2000,0,0,0,1,1,96,0.2,1,40,2,5440.9,2905.2,0
20.3848,123,34,2000,2000,0,0,0,1,0,64,0.05,1,40,2,5451.2,2942.73,0
20.3855,124,19,2000,2000,0,0,0,1,1,96,0.2,1,40,2,5424.77,2835.36,0
20.3862,125,19,2000,2000,0,0,0,1,1,96,0.2,1,40,2,5982.97,2426.47,0
20.392,133,10,2000,2000,0,0,0,1,1,32,0.15,1,40,2,5365.79,2718.34,0
20.3957,138,19,2000,2000,0,0,0,1,1,32,0.15,1,40,2,0,0,0
20.3971,140,17,5022.75,2809.49,0,0,0,0,0,0,0,1,40,0,0,0,0
20.4022,9,10,2000,2000,0,0,0,1,1,32,0.15,1,40,2,5581.33,2586.44,0
20.4087,18,10,2000,2000,0,0,0,1,1,32,0.15,1,40,2,5385.28,2666.31,0
20.4101,20,11,5657.57,2558.76,0,0,0,0,0,0,0,1,40,0,5362.79,2712.01,0
20.4167,29,10,2000,2000,0,0,0,1,1,32,0.15,1,40,2,5685.14,3817.41,0
20.4196,33,27,5462.86,2985.23,0,0,0,0,0,0,0,1,40,0,5942.62,2442.45,0
20.4268,43,18,2000,2000,0,0,0,1,0,0,0,1,40,2,5418.8,2653.02,0
20.4283,45,18,2000,2000,0,0,0,1,0,0,0,1,40,2,6235.49,2331.93,0
20.4297,47,37,2000,2000,0,0,0,1,1,281,0.5,1,40,2,6123.22,2375.91,0
20.4312,49,19,2000,2000,0,0,0,1,1,32,0.15,1,40,2,5956.85,2436.81,0
20.4384,59,17,5007.43,2815.51,0,0,0,0,0,0,0,1,40,0,6016.98,2413.79,0
20.4435,66,5,6144.48,2367.58,0,0,0,0,0,0,0,1,40,0,4508.44,3007.85,0
20.4464,70,19,2000,2000,0,0,0,1,1,96,0.2,1,40,2,4987.63,2822.48,0
20.4471,71,18,2000,2000,0,0,0,1,0,64,0.05,1,40,2,5634,3646.94,0
20.4478,72,22,4508.44,3007.85,0,0,0,0,0,0,0,1,40,0,5364.82,2674.43,0
20.4486,73,19,2000,2000,0,0,0,1,1,32,0.15,1,40,2,5444.21,2639.51,0
20.4587,87,19,2000,2000,0,0,0,1,1,32,0.15,1,40,2,5420.98,2827.35,0
20.4609,90,19,2000,2000,0,0,0,1,1,32,0.15,1,40,2,5410.14,2804.47,0
20.463,93,19,2000,2000,0,0,0,1,1,32,0.15,1,40,2,5682.65,3810.88,0
20.4652,96,19,2000,2000,0,0,0,1,1,32,0.15,1,40,2,5630.63,2566.25,0
20.4746,109,37,2000,2000,0,0,0,1,0,0,0,1,40,2,5212.47,2731.54,0
20.4761,111,19,2000,2000,0,0,0,1,1,32,0.15,1,40,2,5548.65,2598.97,0
20.4783,114,10,2000,2000,0,0,0,1,1,32,0.15,1,40,2,5576.16,3430.08,0
20.4804,117,10,2000,2000,0,0,0,1,1,32,0.15,1,40,2,5570.14,3407.53,0
20.4841,122,19,2000,2000,0,0,0,1,1,96,0.2,1,40,2,5440.9,2905.2,0
20.4848,123,34,2000,2000,0,0,0,1,0,64,0.05,1,40,2,5451.2,2942.73,0
20.4855,124,19,2000,2000,0,0,0,1,1,96,0.2,1,40,2,5424.77,2835.36,0
20.4862,125,19,2000,2000,0,0,0,1,1,96,0.2,1,40,2,5982.97,2426.47,0
20.492,133,10,2000,2000,0,0,0,1,1,32,0.15,1,40,2,5365.79,2718.34,0
20.4957,138,19,2000,2000,0,0,0,1,1,32,0.15,1,40,2,0,0,0
20.4971,140,17,5022.75,2809.49,0,0,0,0,0,0,0,1,40,0,0,0,0
20.5022,9,10,2000,2000,0,0,0,1,1,32,0.15,1,40,2,5581.33,2586.44,0
20.5087,18,10,2000,2000,0,0,0,1,1,32,0.15,1,40,2,5385.28,2666.31,0
20.5101,20,11,5657.57,2558.76,0,0,0,0,0,0,0,1,40,0,5362.79,2712.01,0
20.5167,29,10,2000,2000,0,0,0,1,1,32,0.15,1,40,2,5685.14,3817.41,0
20.5196,33,27,5462.86,2985.23,0,0,0,0,0,0,0,1,40,0,5942.62,2442.45,0
20.5268,43,18,2000,2000,0,0,0,1,0,0,0,1,40,2,5418.8,2653.02,0
20.5283,45,18,2000,2000,0,0,0,1,0,0,0,1,40,2,6235.49,2331.93,0
20.5297,47,37,2000,2000,0,0,0,1,1,281,0.5,1,40,2,6123.22,2375.91,0
20.5312,49,19,2000,2000,0,0,0,1,1,32,0.15,1,40,2,5956.85,2436.81,0
20.5384,59,17,5007.43,2815.51,0,0,0,0,0,0,0,1,40,0,6016.98,2413.79,0
20.5435,66,5,6144.48,2367.58,0,0,0,0,0,0,0,1,40,0,4508.44,3007.85,0
20.5464,70,19,2000,2000,0,0,0,1,1,96,0.2,1,40,2,4987.63,2822.48,0
20.5471,71,18,2000,2000,0,0,0,1,0,64,0.05,1,40,2,5634,3646.94,0
20.5478,72,22,4508.44,3007.85,0,0,0,0,0,0,0,1,40,0,5364.82,2674.43,0
20.5486,73,19,2000,2000,0,0,0,1,1,32,0.15,1,40,2,5444.21,2639.51,0
20.5587,87,19,2000,2000,0,0,0,1,1,32,0.15,1,40,2,5420.98,2827.35,0
20.5609,90,19,2000,2000,0,0,0,1,1,32,0.15,1,40,2,5410.14,2804.47,0
20.563,93,19,2000,2000,0,0,0,1,1,32,0.15,1,40,2,5682.65,3810.88,0
20.5652,96,19,2000,2000,0,0,0,1,1,32,0.15,1,40,2,5630.63,2566.25,0
20.5746,109,37,2000,2000,0,0,0,1,0,0,0,1,40,2,5212.47,2731.54,0
20.5761,111,19,2000,2000,0,0,0,1,1,32,0.15,1,40,2,5548.65,2598.97,0
20.5783,114,10,2000,2000,0,0,0,1,1,32,0.15,1,40,2,5576.16,3430.08,0
20.5804,117,10,2000,2000,0,0,0,1,1,32,0.15,1,40,2,5570.14,3407.53,0
20.5841,122,19,2000,2000,0,0,0,1,1,96,0.2,1,40,2,5440.9,2905.2,0
20.5848,123,34,2000,2000,0,0,0,1,0,64,0.05,1,40,2,5451.2,2942.73,0
20.5855,124,19,2000,2000,0,0,0,1,1,96,0.2,1,40,2,5424.77,2835.36,0
20.5862,125,19,2000,2000,0,0,0,1,1,96,0.2,1,40,2,5982.97,2426.47,0
20.592,133,10,2000,2000,0,0,0,1,1,32,0.15,1,40,2,5365.79,2718.34,0
20.5957,138,19,2000,2000,0,0,0,1,1,32,0.15,1,40,2,0,0,0
20.5971,140,17,5022.75,2809.49,0,0,0,0,0,0,0,1,40,0,0,0,0
20.6022,9,10,2000,2000,0,0,0,1,1,32,0.15,1,40,2,5581.33,2586.44,0
20.6087,18,10,2000,2000,0,0,0,1,1,32,0.15,1,40,2,5385.28,2666.31,0
20.6101,20,11,5657.57,2558.76,0,0,0,0,0,0,0,1,40,0,5362.79,2712.01,0
20.6167,29,10,2000,2000,0,0,0,1,1,32,0.15,1,40,2,5685.14,3817.41,0
20.6196,33,27,5462.86,2985.23,0,0,0,0,0,0,0,1,40,0,5942.62,2442.45,0
20.6268,43,18,2000,2000,0,0,0,1,0,0,0,1,40,2,5418.8,2653.02,0
20.6283,45,18,2000,2000,0,0,0,1,0,0,0,1,40,2,6235.49,2331.93,0
20.6297,47,37,2000,2000,0,0,0,1,1,281,0.5,1,40,2,6123.22,2375.91,0
20.6312,49,19,2000,2000,0,0,0,1,1,32,0.15,1,40,2,5956.85,2436.81,0
20.6384,59,17,5007.43,2815.51,0,0,0,0,0,0,0,1,40,0,6016.98,2413.79,0
20.6435,66,5,6144.48,2367.58,0,0,0,0,0,0,0,1,40,0,4508.44,3007.85,0
20.6464,70,19,2000,2000,0,0,0,1,1,96,0.2,1,40,2,4987.63,2822.48,0
20.6471,71,18,2000,2000,0,0,0,1,0,64,0.05,1,40,2,5634,3646.94,0
20.6478,72,22,4508.44,3007.85,0,0,0,0,0,0,0,1,40,0,5364.82,2674.43,0
20.6486,73,19,2000,2000,0,0,0,1,1,32,0.15,1,40,2,5444.21,2639.51,0
20.6587,87,19,2000,2000,0,0,0,1,1,32,0.15,1,40,2,5420.98,2827.35,0
20.6609,90,19,2000,2000,0,0,0,1,1,32,0.15,1,40,2,5410.14,2804.47,0
20.663,93,19,2000,2000,0,0,0,1,1,32,0.15,1,40,2,5682.65,3810.88,0
20.6652,96,19,2000,2000,0,0,0,1,1,32,0.15,1,40,2,5630.63,2566.25,0
20.6746,109,37,2000,2000,0,0,0,1,0,0,0,1,40,2,5212.47,2731.54,0
20.6761,111,19,2000,2000,0,0,0,1,1,32,0.15,1,40,2,5548.65,2598.97,0
20.6783,114,10,2000,2000,0,0,0,1,1,32,0.15,1,40,2,5576.16,3430.08,0
20.6804,117,10,2000,2000,0,0,0,1,1,32,0.15,1,40,2,5570.14,3407.53,0
20.6841,122,19,2000,2000,0,0,0,1,1,96,0.2,1,40,2,5440.9,2905.2,0
20.6848,123,34,2000,2000,0,0,0,1,0,64,0.05,1,40,2,5451.2,2942.73,0
20.6855,124,19,2000,2000,0,0,0,1,1,96,0.2,1,40,2,5424.77,2835.36,0
20.6862,125,19,2000,2000,0,0,0,1,1,96,0.2,1,40,2,5982.97,2426.47,0
20.692,133,10,2000,2000,0,0,0,1,1,32,0.15,1,40,2,5365.79,2718.34,0
20.6957,138,19,2000,2000,0,0,0,1,1,32,0.15,1,40,2,0,0,0
20.6971,140,17,5022.75,2809.49,0,0,0,0,0,0,0,1,40,0,0,0,0
20.7022,9,10,2000,2000,0,0,0,1,1,32,0.15,1,40,2,5581.33,2586.44,0
20.7087,18,10,2000,2000,0,0,0,1,1,32,0.15,1,40,2,5385.28,2666.31,0
20.7101,20,11,5657.57,2558.76,0,0,0,0,0,0,0,1,40,0,5362.79,2712.01,0
20.7167,29,10,2000,2000,0,0,0,1,1,32,0.15,1,40,2,5685.14,3817.41,0
20.7196,33,27,5462.86,2985.23,0,0,0,0,0,0,0,1,40,0,5942.62,2442.45,0
20.7268,43,18,2000,2000,0,0,0,1,0,0,0,1,40,2,5418.8,2653.02,0
20.7283,45,18,2000,2000,0,0,0,1,0,0,0,1,40,2,6235.49,2331.93,0
20.7297,47,37,2000,2000,0,0,0,1,1,281,0.5,1,40,2,6123.22,2375.91,0
20.7312,49,19,2000,2000,0,0,0,1,1,32,0.15,1,40,2,5956.85,2436.81,0
20.7384,59,17,5007.43,2815.51,0,0,0,0,0,0,0,1,40,0,6016.98,2413.79,0
20.7435,66,5,6144.48,2367.58,0,0,0,0,0,0,0,1,40,0,4508.44,3007.85,0
20.7464,70,19,2000,2000,0,0,0,1,1,96,0.2,1,40,2,4987.63,2822.48,0
20.7471,71,18,2000,2000,0,0,0,1,0,64,0.05,1,40,2,5634,3646.94,0
20.7478,72,22,4508.44,3007.85,0,0,0,0,0,0,0,1,40,0,5364.82,2674.43,0
20.7486,73,19,2000,2000,0,0,0,1,1,32,0.15,1,40,2,5444.21,2639.51,0
20.7587,87,19,2000,2000,0,0,0,1,1,32,0.15,1,40,2,5420.98,2827.35,0
20.7609,90,19,2000,2000,0,0,0,1,1,32,0.15,1,40,2,5410.14,2804.47,0
20.763,93,19,2000,2000,0,0,0,1,1,32,0.15,1,40,2,5682.65,3810.88,0
20.7652,96,19,2000,2000,0,0,0,1,1,32,0.15,1,40,2,5630.63,2566.25,0
20.7746,109,37,2000,2000,0,0,0,1,0,0,0,1,40,2,5212.47,2731.54,0
20.7761,111,19,2000,2000,0,0,0,1,1,32,0.15,1,40,2,5548.65,2598.97,0
20.7783,114,10,2000,2000,0,0,0,1,1,32,0.15,1,40,2,5576.16,3430.08,0
20.7804,117,10,2000,2000,0,0,0,1,1,32,0.15,1,40,2,5570.14,3407.53,0
20.7841,122,19,2000,2000,0,0,0,1,1,96,0.2,1,40,2,5440.9,2905.2,0
20.7848,123,34,2000,2000,0,0,0,1,0,64,0.05,1,40,2,5451.2,2942.73,0
20.7855,124,19,2000,2000,0,0,0,1,1,96,0.2,1,40,2,5424.77,2835.36,0
20.7862,125,19,2000,2000,0,0,0,1,1,96,0.2,1,40,2,5982.97,2426.47,0
20.792,133,10,2000,2000,0,0,0,1,1,32,0.15,1,40,2,5365.79,2718.34,0
20.7957,138,19,2000,2000,0,0,0,1,1,32,0.15,1,40,2,0,0,0
20.7971,140,17,5022.75,2809.49,0,0,0,0,0,0,0,1,40,0,0,0,0
20.8022,9,10,2000,2000,0,0,0,1,1,32,0.15,1,40,2,5581.33,2586.44,0
20.8087,18,10,2000,2000,0,0,0,1,1,32,0.15,1,40,2,5385.28,2666.31,0
20.8101,20,11,5657.57,2558.76,0,0,0,0,0,0,0,1,40,0,5362.79,2712.01,0
20.8167,29,10,2000,2000,0,0,0,1,1,32,0.15,1,40,2,5685.14,3817.41,0
20.8196,33,27,5462.86,2985.23,0,0,0,0,0,0,0,1,40,0,5942.62,2442.45,0
20.8268,43,18,2000,2000,0,0,0,1,0,0,0,1,40,2,5418.8,2653.02,0
20.8283,45,18,2000,2000,0,0,0,1,0,0,0,1,40,2,6235.49,2331.93,0
20.8297,47,37,2000,2000,0,0,0,1,1,281,0.5,1,40,2,6123.22,2375.91,0
20.8312,49,19,2000,2000,0,0,0,1,1,32,0.15,1,40,2,5956.85,2436.81,0
20.8384,59,17,5007.43,2815.51,0,0,0,0,0,0,0,1,40,0,6016.98,2413.79,0
20.8435,66,5,6144.48,2367.58,0,0,0,0,0,0,0,1,40,0,4508.44,3007.85,0
20.8464,70,19,2000,2000,0,0,0,1,1,96,0.2,1,40,2,4987.63,2822.48,0
20.8471,71,18,2000,2000,0,0,0,1,0,64,0.05,1,40,2,5634,3646.94,0
20.8478,72,22,4508.44,3007.85,0,0,0,0,0,0,0,1,40,0,5364.82,2674.43,0
20.8486,73,19,2000,2000,0,0,0,1,1,32,0.15,1,40,2,5444.21,2639.51,0
20.8587,87,19,2000,2000,0,0,0,1,1,32,0.15,1,40,2,5420.98,2827.35,0
20.8609,90,19,2000,2000,0,0,0,1,1,32,0.15,1,40,2,5410.14,2804.47,0
20.863,93,19,2000,2000,0,0,0,1,1,32,0.15,1,40,2,5682.65,3810.88,0
20.8652,96,19,2000,2000,0,0,0,1,1,32,0.15,1,40,2,5630.63,2566.25,0
20.8746,109,37,2000,2000,0,0,0,1,0,0,0,1,40,2,5212.47,2731.54,0
20.8761,111,19,2000,2000,0,0,0,1,1,32,0.15,1,40,2,5548.65,2598.97,0
20.8783,114,10,2000,2000,0,0,0,1,1,32,0.15,1,40,2,5576.16,3430.08,0
20.8804,117,10,2000,2000,0,0,0,1,1,32,0.15,1,40,2,5570.14,3407.53,0
20.8841,122,19,2000,2000,0,0,0,1,1,96,0.2,1,40,2,5440.9,2905.2,0
20.8848,123,34,2000,2000,0,0,0,1,0,64,0.05,1,40,2,5451.2,2942.73,0
20.8855,124,19,2000,2000,0,0,0,1,1,96,0.2,1,40,2,5424.77,2835.36,0
20.8862,125,19,2000,2000,0,0,0,1,1,96,0.2,1,40,2,5982.97,2426.47,0
20.892,133,10,2000,2000,0,0,0,1,1,32,0.15,1,40,2,5365.79,2718.34,0
20.8957,138,19,2000,2000,0,0,0,1,1,32,0.15,1,40,2,0,0,0
20.8971,140,17,5022.75,2809.49,0,0,0,0,0,0,0,1,40,0,0,0,0
20.9022,9,10,2000,2000,0,0,0,1,1,32,0.15,1,40,2,5581.33,2586.44,0
20.9087,18,10,2000,2000,0,0,0,1,1,32,0.15,1,40,2,5385.28,2666.31,0
20.9101,20,11,5657.57,2558.76,0,0,0,0,0,0,0,1,40,0,5362.79,2712.01,0
20.9167,29,10,2000,2000,0,0,0,1,1,32,0.15,1,40,2,5685.14,3817.41,0
20.9196,33,27,5462.86,2985.23,0,0,0,0,0,0,0,1,40,0,5942.62,2442.45,0
20.9268,43,18,2000,2000,0,0,0,1,0,0,0,1,40,2,5418.8,2653.02,0
20.9283,45,18,2000,2000,0,0,0,1,0,0,0,1,40,2,6235.49,2331.93,0
20.9297,47,37,2000,2000,0,0,0,1,1,281,0.5,1,40,2,6123.22,2375.91,0
20.9312,49,19,2000,2000,0,0,0,1,1,32,0.15,1,40,2,5956.85,2436.81,0
20.9384,59,17,5007.43,2815.51,0,0,0,0,0,0,0,1,40,0,6016.98,2413.79,0
20.9435,66,5,6144.48,2367.58,0,0,0,0,0,0,0,1,40,0,4508.44,3007.85,0
20.9464,70,19,2000,2000,0,0,0,1,1,96,0.2,1,40,2,4987.63,2822.48,0
20.9471,71,18,2000,2000,0,0,0,1,0,64,0.05,1,40,2,5634,3646.94,0
20.9478,72,22,4508.44,3007.85,0,0,0,0,0,0,0,1,40,0,5364.82,2674.43,0
20.9486,73,19,2000,2000,0,0,0,1,1,32,0.15,1,40,2,5444.21,2639.51,0
20.9587,87,19,2000,2000,0,0,0,1,1,32,0.15,1,40,2,5420.98,2827.35,0
20.9609,90,19,2000,2000,0,0,0,1,1,32,0.15,1,40,2,5410.14,2804.47,0
20.963,93,19,2000,2000,0,0,0,1,1,32,0.15,1,40,2,5682.65,3810.88,0
20.9652,96,19,2000,2000,0,0,0,1,1,32,0.15,1,40,2,5630.63,2566.25,0
20.9746,109,37,2000,2000,0,0,0,1,0,0,0,1,40,2,5212.47,2731.54,0
20.9761,111,19,2000,2000,0,0,0,1,1,32,0.15,1,40,2,5548.65,2598.97,0
20.9783,114,10,2000,2000,0,0,0,1,1,32,0.15,1,40,2,5576.16,3430.08,0
20.9804,117,10,2000,2000,0,0,0,1,1,32,0.15,1,40,2,5570.14,3407.53,0
20.9841,122,19,2000,2000,0,0,0,1,1,96,0.2,1,40,2,5440.9,2905.2,0
20.9848,123,34,2000,2000,0,0,0,1,0,64,0.05,1,40,2,5451.2,2942.73,0
20.9855,124,19,2000,2000,0,0,0,1,1,96,0.2,1,40,2,5424.77,2835.36,0
20.9862,125,19,2000,2000,0,0,0,1,1,96,0.2,1,40,2,5982.97,2426.47,0
20.992,133,10,2000,2000,0,0,0,1,1,32,0.15,1,40,2,5365.79,2718.34,0
20.9957,138,19,2000,2000,0,0,0,1,1,32,0.15,1,40,2,0,0,0
20.9971,140,17,5022.75,2809.49,0,0,0,0,0,0,0,1,40,0,0,0,0
21.0022,9,10,2000,2000,0,0,0,1,1,32,0.15,1,40,2,5581.33,2586.44,0
21.0087,18,10,2000,2000,0,0,0,1,1,32,0.15,1,40,2,5385.28,2666.31,0
21.0101,20,11,5657.57,2558.76,0,0,0,0,0,0,0,1,40,0,5362.79,2712.01,0
21.0167,29,10,2000,2000,0,0,0,1,1,32,0.15,1,40,2,5685.14,3817.41,0
21.0196,33,27,5462.86,2985.23,0,0,0,0,0,0,0,1,40,0,5942.62,2442.45,0
21.0268,43,18,2000,2000,0,0,0,1,0,0,0,1,40,2,5418.8,2653.02,0
21.0283,45,18,2000,2000,0,0,0,1,0,0,0,1,40,2,6235.49,2331.93,0
21.0297,47,37,2000,2000,0,0,0,1,1,281,0.5,1,40,2,6123.22,2375.91,0
21.0312,49,19,2000,2000,0,0,0,1,1,32,0.15,1,40,2,5956.85,2436.81,0
21.0384,59,17,5007.43,2815.51,0,0,0,0,0,0,0,1,40,0,6016.98,2413.79,0
21.0435,66,5,6144.48,2367.58,0,0,0,0,0,0,0,1,40,0,4508.44,3007.85,0
21.0464,70,19,2000,2000,0,0,0,1,1,96,0.2,1,40,2,4987.63,2822.48,0
21.0471,71,18,2000,2000,0,0,0,1,0,64,0.05,1,40,2,5634,3646.94,0
21.0478,72,22,4508.44,3007.85,0,0,0,0,0,0,0,1,40,0,5364.82,2674.43,0
21.0486,73,19,2000,2000,0,0,0,1,1,32,0.15,1,40,2,5444.21,2639.51,0
21.0587,87,19,2000,2000,0,0,0,1,1,32,0.15,1,40,2,5420.98,2827.35,0
21.0609,90,19,2000,2000,0,0,0,1,1,32,0.15,1,40,2,5410.14,2804.47,0
21.063,93,19,2000,2000,0,0,0,1,1,32,0.15,1,40,2,5682.65,3810.88,0
21.0652,96,19,2000,2000,0,0,0,1,1,32,0.15,1,40,2,5630.63,2566.25,0
21.0746,109,37,2000,2000,0,0,0,1,0,0,0,1,40,2,5212.47,2731.54,0
21.0761,111,19,2000,2000,0,0,0,1,1,32,0.15,1,40,2,5548.65,2598.97,0
21.0783,114,10,2000,2000,0,0,0,1,1,32,0.15,1,40,2,5576.16,3430.08,0
21.0804,117,10,2000,2000,0,0,0,1,1,32,0.15,1,40,2,5570.14,3407.53,0
21.0841,122,19,2000,2000,0,0,0,1,1,96,0.2,1,40,2,5440.9,2905.2,0
21.0848,123,34,2000,2000,0,0,0,1,0,64,0.05,1,40,2,5451.2,2942.73,0
21.0855,124,19,2000,2000,0,0,0,1,1,96,0.2,1,40,2,5424.77,2835.36,0
21.0862,125,19,2000,2000,0,0,0,1,0,64,0.05,1,40,2,5982.97,2426.47,0
21.092,133,10,2000,2000,0,0,0,1,1,32,0.15,1,40,2,5365.79,2718.34,0
21.0957,138,19,2000,2000,0,0,0,1,0,0,0,1,40,2,0,0,0
21.0971,140,17,5022.75,2809.49,0,0,0,0,0,0,0,1,40,0,0,0,0
21.1022,9,10,2000,2000,0,0,0,1,1,32,0.15,1,40,2,5581.33,2586.44,0
21.1087,18,10,2000,2000,0,0,0,1,1,32,0.15,1,40,2,5385.28,2666.31,0
21.1101,20,11,5657.57,2558.76,0,0,0,0,0,0,0,1,40,0,5362.79,2712.01,0
21.1167,29,10,2000,2000,0,0,0,1,1,32,0.15,1,40,2,5685.14,3817.41,0
21.1196,33,27,5462.86,2985.23,0,0,0,0,0,0,0,1,40,0,5942.62,2442.45,0
21.1268,43,18,2000,2000,0,0,0,1,0,0,0,1,40,2,5418.8,2653.02,0
21.1283,45,18,2000,2000,0,0,0,1,0,0,0,1,40,2,6235.49,2331.93,0
21.1297,47,37,2000,2000,0,0,0,1,1,281,0.5,1,40,2,6123.22,2375.91,0
21.1312,49,19,2000,2000,0,0,0,1,0,0,0,1,40,2,5956.85,2436.81,0
21.1384,59,17,5007.43,2815.51,0,0,0,0,0,0,0,1,40,0,6016.98,2413.79,0
21.1435,66,5,6144.48,2367.58,0,0,0,0,0,0,0,1,40,0,4508.44,3007.85,0
21.1464,70,19,2000,2000,0,0,0,1,1,96,0.2,1,40,2,4987.63,2822.48,0
21.1471,71,18,2000,2000,0,0,0,1,0,64,0.05,1,40,2,5634,3646.94,0
21.1478,72,22,4508.44,3007.85,0,0,0,0,0,0,0,1,40,0,5364.82,2674.43,0
21.1486,73,19,2000,2000,0,0,0,1,1,32,0.15,1,40,2,5444.21,2639.51,0
21.1587,87,19,2000,2000,0,0,0,1,1,32,0.15,1,40,2,5420.98,2827.35,0
21.1609,90,19,2000,2000,0,0,0,1,1,32,0.15,1,40,2,5410.14,2804.47,0
21.163,93,19,2000,2000,0,0,0,1,1,32,0.15,1,40,2,5682.65,3810.88,0
21.1652,96,19,2000,2000,0,0,0,1,1,32,0.15,1,40,2,5630.63,2566.25,0
21.1746,109,37,2000,2000,0,0,0,1,0,0,0,1,40,2,5212.47,2731.54,0
21.1761,111,19,2000,2000,0,0,0,1,1,32,0.15,1,40,2,5548.65,2598.97,0
21.1783,114,10,2000,2000,0,0,0,1,1,32,0.15,1,40,2,5576.16,3430.08,0
21.1804,117,10,2000,2000,0,0,0,1,1,32,0.15,1,40,2,5570.14,3407.53,0
21.1841,122,19,2000,2000,0,0,0,1,1,96,0.2,1,40,2,5440.9,2905.2,0
21.1848,123,34,2000,2000,0,0,0,1,0,64,0.05,1,40,2,5451.2,2942.73,0
21.1855,124,19,2000,2000,0,0,0,1,1,96,0.2,1,40,2,5424.77,2835.36,0
21.1862,125,19,2000,2000,0,0,0,1,1,96,0.2,1,40,2,5982.97,2426.47,0
21.192,133,10,2000,2000,0,0,0,1,0,0,0,1,40,2,5365.79,2718.34,0
21.1957,138,19,2000,2000,0,0,0,1,1,32,0.15,1,40,2,0,0,0
21.1971,140,17,5022.75,2809.49,0,0,0,0,0,0,0,1,40,0,0,0,0
21.2022,9,10,2000,2000,0,0,0,1,0,0,0,1,40,2,5581.33,2586.44,0
21.2087,18,10,2000,2000,0,0,0,1,0,0,0,1,40,2,5385.28,2666.31,0
21.2101,20,11,5657.57,2558.76,0,0,0,0,0,0,0,1,40,0,5362.79,2712.01,0
21.2167,29,10,2000,2000,0,0,0,1,1,32,0.15,1,40,2,5685.14,3817.41,0
21.2196,33,27,5462.86,2985.23,0,0,0,0,0,0,0,1,40,0,5942.62,2442.45,0
21.2268,43,18,2000,2000,0,0,0,1,0,0,0,1,40,2,5418.8,2653.02,0
21.2283,45,18,2000,2000,0,0,0,1,0,0,0,1,40,2,6235.49,2331.93,0
21.2297,47,37,2000,2000,0,0,0,1,1,281,0.5,1,40,2,6123.22,2375.91,0
21.2312,49,19,2000,2000,0,0,0,1,1,32,0.15,1,40,2,5956.85,2436.81,0
21.2384,59,17,5007.43,2815.51,0,0,0,0,0,0,0,1,40,0,6016.98,2413.79,0
21.2435,66,5,6144.48,2367.58,0,0,0,0,0,0,0,1,40,0,4508.44,3007.85,0
21.2464,70,19,2000,2000,0,0,0,1,1,96,0.2,1,40,2,4987.63,2822.48,0
21.2471,71,18,2000,2000,0,0,0,1,0,64,0.05,1,40,2,5634,3646.94,0
21.2478,72,22,4508.44,3007.85,0,0,0,0,0,0,0,1,40,0,5364.82,2674.43,0
21.2486,73,19,2000,2000,0,0,0,1,1,32,0.15,1,40,2,5444.21,2639.51,0
21.2587,87,19,2000,2000,0,0,0,1,1,32,0.15,1,40,2,5420.98,2827.35,0
21.2609,90,19,2000,2000,0,0,0,1,1,32,0.15,1,40,2,5410.14,2804.47,0
21.263,93,19,2000,2000,0,0,0,1,1,32,0.15,1,40,2,5682.65,3810.88,0
21.2652,96,19,2000,2000,0,0,0,1,1,32,0.15,1,40,2,5630.63,2566.25,0
21.2746,109,37,2000,2000,0,0,0,1,0,0,0,1,40,2,5212.47,2731.54,0
21.2761,111,19,2000,2000,0,0,0,1,1,32,0.15,1,40,2,5548.65,2598.97,0
21.2783,114,10,2000,2000,0,0,0,1,1,32,0.15,1,40,2,5576.16,3430.08,0
21.2804,117,10,2000,2000,0,0,0,1,1,32,0.15,1,40,2,5570.14,3407.53,0
21.2841,122,19,2000,2000,0,0,0,1,1,96,0.2,1,40,2,5440.9,2905.2,0
21.2848,123,34,2000,2000,0,0,0,1,0,64,0.05,1,40,2,5451.2,2942.73,0
21.2855,124,19,2000,2000,0,0,0,1,1,96,0.2,1,40,2,5424.77,2835.36,0
21.2862,125,19,2000,2000,0,0,0,1,1,96,0.2,1,40,2,5982.97,2426.47,0
21.292,133,10,2000,2000,0,0,0,1,1,32,0.15,1,40,2,5365.79,2718.34,0
21.2957,138,19,2000,2000,0,0,0,1,1,32,0.15,1,40,2,0,0,0
21.2971,140,17,5022.75,2809.49,0,0,0,0,0,0,0,1,40,0,0,0,0
21.3022,9,10,2000,2000,0,0,0,1,1,32,0.15,1,40,2,5581.33,2586.44,0
21.3087,18,10,2000,2000,0,0,0,1,1,32,0.15,1,40,2,5385.28,2666.31,0
21.3101,20,11,5657.57,2558.76,0,0,0,0,0,0,0,1,40,0,5362.79,2712.01,0
21.3167,29,10,2000,2000,0,0,0,1,1,32,0.15,1,40,2,5685.14,3817.41,0
21.3196,33,27,5462.86,2985.23,0,0,0,0,0,0,0,1,40,0,5942.62,2442.45,0
21.3268,43,18,2000,2000,0,0,0,1,0,0,0,1,40,2,5418.8,2653.02,0
21.3283,45,18,2000,2000,0,0,0,1,0,0,0,1,40,2,6235.49,2331.93,0
21.3297,47,37,2000,2000,0,0,0,1,1,281,0.5,1,40,2,6123.22,2375.91,0
21.3312,49,19,2000,2000,0,0,0,1,1,32,0.15,1,40,2,5956.85,2436.81,0
21.3384,59,17,5007.43,2815.51,0,0,0,0,0,0,0,1,40,0,6016.98,2413.79,0
21.3435,66,5,6144.48,2367.58,0,0,0,0,0,0,0,1,40,0,4508.44,3007.85,0
21.3464,70,19,2000,2000,0,0,0,1,1,96,0.2,1,40,2,4987.63,2822.48,0
21.3471,71,18,2000,2000,0,0,0,1,0,64,0.05,1,40,2,5634,3646.94,0
21.3478,72,22,4508.44,3007.85,0,0,0,0,0,0,0,1,40,0,5364.82,2674.43,0
21.3486,73,19,2000,2000,0,0,0,1,1,32,0.15,1,40,2,5444.21,2639.51,0
21.3587,87,19,2000,2000,0,0,0,1,1,32,0.15,1,40,2,5420.98,2827.35,0
21.3609,90,19,2000,2000,0,0,0,1,1,32,0.15,1,40,2,5410.14,2804.47,0
21.363,93,19,2000,2000,0,0,0,1,1,32,0.15,1,40,2,5682.65,3810.88,0
21.3652,96,19,2000,2000,0,0,0,1,1,32,0.15,1,40,2,5630.63,2566.25,0
21.3746,109,37,2000,2000,0,0,0,1,0,0,0,1,40,2,5212.47,2731.54,0
21.3761,111,19,2000,2000,0,0,0,1,1,32,0.15,1,40,2,5548.65,2598.97,0
21.3783,114,10,2000,2000,0,0,0,1,1,32,0.15,1,40,2,5576.16,3430.08,0
21.3804,117,10,2000,2000,0,0,0,1,1,32,0.15,1,40,2,5570.14,3407.53,0
21.3841,122,19,2000,2000,0,0,0,1,1,96,0.2,1,40,2,5440.9,2905.2,0
21.3848,123,34,2000,2000,0,0,0,1,0,64,0.05,1,40,2,5451.2,2942.73,0
21.3855,124,19,2000,2000,0,0,0,1,1,96,0.2,1,40,2,5424.77,2835.36,0
21.3862,125,19,2000,2000,0,0,0,1,1,96,0.2,1,40,2,5982.97,2426.47,0
21.392,133,10,2000,2000,0,0,0,1,1,32,0.15,1,40,2,5365.79,2718.34,0
21.3957,138,19,2000,2000,0,0,0,1,1,32,0.15,1,40,2,0,0,0
21.3971,140,17,5022.75,2809.49,0,0,0,0,0,0,0,1,40,0,0,0,0
21.4022,9,10,2000,2000,0,0,0,1,1,32,0.15,1,40,2,5581.33,2586.44,0
21.4087,18,10,2000,2000,0,0,0,1,1,32,0.15,1,40,2,5385.28,2666.31,0
21.4101,20,11,5657.57,2558.76,0,0,0,0,0,0,0,1,40,0,5362.79,2712.01,0
21.4167,29,10,2000,2000,0,0,0,1,1,32,0.15,1,40,2,5685.14,3817.41,0
21.4196,33,27,5462.86,2985.23,0,0,0,0,0,0,0,1,40,0,5942.62,2442.45,0
21.4268,43,18,2000,2000,0,0,0,1,0,0,0,1,40,2,5418.8,2653.02,0
21.4283,45,18,2000,2000,0,0,0,1,0,0,0,1,40,2,6235.49,2331.93,0
21.4297,47,37,2000,2000,0,0,0,1,1,281,0.5,1,40,2,6123.22,2375.91,0
21.4312,49,19,2000,2000,0,0,0,1,1,32,0.15,1,40,2,5956.85,2436.81,0
21.4384,59,17,5007.43,2815.51,0,0,0,0,0,0,0,1,40,0,6016.98,2413.79,0
21.4435,66,5,6144.48,2367.58,0,0,0,0,0,0,0,1,40,0,4508.44,3007.85,0
21.4464,70,19,2000,2000,0,0,0,1,1,96,0.2,1,40,2,4987.63,2822.48,0
21.4471,71,18,2000,2000,0,0,0,1,0,64,0.05,1,40,2,5634,3646.94,0
21.4478,72,22,4508.44,3007.85,0,0,0,0,0,0,0,1,40,0,5364.82,2674.43,0
21.4486,73,19,2000,2000,0,0,0,1,1,32,0.15,1,40,2,5444.21,2639.51,0
21.4587,87,19,2000,2000,0,0,0,1,1,32,0.15,1,40,2,5420.98,2827.35,0
21.4609,90,19,2000,2000,0,0,0,1,1,32,0.15,1,40,2,5410.14,2804.47,0
21.463,93,19,2000,2000,0,0,0,1,1,32,0.15,1,40,2,5682.65,3810.88,0
21.4652,96,19,2000,2000,0,0,0,1,1,32,0.15,1,40,2,5630.63,2566.25,0
21.4746,109,37,2000,2000,0,0,0,1,0,0,0,1,40,2,5212.47,2731.54,0
21.4761,111,19,2000,2000,0,0,0,1,1,32,0.15,1,40,2,5548.65,2598.97,0
21.4783,114,10,2000,2000,0,0,0,1,1,32,0.15,1,40,2,5576.16,3430.08,0
21.4804,117,10,2000,2000,0,0,0,1,1,32,0.15,1,40,2,5570.14,3407.53,0
21.4841,122,19,2000,2000,0,0,0,1,1,96,0.2,1,40,2,5440.9,2905.2,0
21.4848,123,34,2000,2000,0,0,0,1,0,64,0.05,1,40,2,5451.2,2942.73,0
21.4855,124,19,2000,2000,0,0,0,1,1,96,0.2,1,40,2,5424.77,2835.36,0
21.4862,125,19,2000,2000,0,0,0,1,1,96,0.2,1,40,2,5982.97,2426.47,0
21.492,133,10,2000,2000,0,0,0,1,1,32,0.15,1,40,2,5365.79,2718.34,0
21.4957,138,19,2000,2000,0,0,0,1,1,32,0.15,1,40,2,0,0,0
21.4971,140,17,5022.75,2809.49,0,0,0,0,0,0,0,1,40,0,0,0,0
21.5022,9,10,2000,2000,0,0,0,1,1,32,0.15,1,40,2,5581.33,2586.44,0
21.5087,18,10,2000,2000,0,0,0,1,1,32,0.15,1,40,2,5385.28,2666.31,0
21.5101,20,11,5657.57,2558.76,0,0,0,0,0,0,0,1,40,0,5362.79,2712.01,0
21.5167,29,10,2000,2000,0,0,0,1,1,32,0.15,1,40,2,5685.14,3817.41,0
21.5196,33,27,5462.86,2985.23,0,0,0,0,0,0,0,1,40,0,5942.62,2442.45,0
21.5268,43,18,2000,2000,0,0,0,1,0,0,0,1,40,2,5418.8,2653.02,0
21.5283,45,18,2000,2000,0,0,0,1,0,0,0,1,40,2,6235.49,2331.93,0
21.5297,47,37,2000,2000,0,0,0,1,1,281,0.5,1,40,2,6123.22,2375.91,0
21.5312,49,19,2000,2000,0,0,0,1,1,32,0.15,1,40,2,5956.85,2436.81,0
21.5384,59,17,5007.43,2815.51,0,0,0,0,0,0,0,1,40,0,6016.98,2413.79,0
21.5435,66,5,6144.48,2367.58,0,0,0,0,0,0,0,1,40,0,4508.44,3007.85,0
21.5464,70,19,2000,2000,0,0,0,1,1,96,0.2,1,40,2,4987.63,2822.48,0
21.5471,71,18,2000,2000,0,0,0,1,0,64,0.05,1,40,2,5634,3646.94,0
21.5478,72,22,4508.44,3007.85,0,0,0,0,0,0,0,1,40,0,5364.82,2674.43,0
21.5486,73,19,2000,2000,0,0,0,1,1,32,0.15,1,40,2,5444.21,2639.51,0
21.5587,87,19,2000,2000,0,0,0,1,1,32,0.15,1,40,2,5420.98,2827.35,0
21.5609,90,19,2000,2000,0,0,0,1,1,32,0.15,1,40,2,5410.14,2804.47,0
21.563,93,19,2000,2000,0,0,0,1,1,32,0.15,1,40,2,5682.65,3810.88,0
21.5652,96,19,2000,2000,0,0,0,1,1,32,0.15,1,40,2,5630.63,2566.25,0
21.5746,109,37,2000,2000,0,0,0,1,0,0,0,1,40,2,5212.47,2731.54,0
21.5761,111,19,2000,2000,0,0,0,1,1,32,0.15,1,40,2,5548.65,2598.97,0
21.5783,114,10,2000,2000,0,0,0,1,1,32,0.15,1,40,2,5576.16,3430.08,0
21.5804,117,10,2000,2000,0,0,0,1,1,32,0.15,1,40,2,5570.14,3407.53,0
21.5841,122,19,2000,2000,0,0,0,1,1,96,0.2,1,40,2,5440.9,2905.2,0
21.5848,123,34,2000,2000,0,0,0,1,0,64,0.05,1,40,2,5451.2,2942.73,0
21.5855,124,19,2000,2000,0,0,0,1,1,96,0.2,1,40,2,5424.77,2835.36,0
21.5862,125,19,2000,2000,0,0,0,1,1,96,0.2,1,40,2,5982.97,2426.47,0
21.592,133,10,2000,2000,0,0,0,1,1,32,0.15,1,40,2,5365.79,2718.34,0
21.5957,138,19,2000,2000,0,0,0,1,1,32,0.15,1,40,2,0,0,0
21.5971,140,17,5022.75,2809.49,0,0,0,0,0,0,0,1,40,0,0,0,0
21.6022,9,10,2000,2000,0,0,0,1,1,32,0.15,1,40,2,5581.33,2586.44,0
21.6087,18,10,2000,2000,0,0,0,1,1,32,0.15,1,40,2,5385.28,2666.31,0
21.6101,20,11,5657.57,2558.76,0,0,0,0,0,0,0,1,40,0,5362.79,2712.01,0
21.6167,29,10,2000,2000,0,0,0,1,1,32,0.15,1,40,2,5685.14,3817.41,0
21.6196,33,27,5462.86,2985.23,0,0,0,0,0,0,0,1,40,0,5942.62,2442.45,0
21.6268,43,18,2000,2000,0,0,0,1,0,0,0,1,40,2,5418.8,2653.02,0
21.6283,45,18,2000,2000,0,0,0,1,0,0,0,1,40,2,6235.49,2331.93,0
21.6297,47,37,2000,2000,0,0,0,1,1,281,0.5,1,40,2,6123.22,2375.91,0
21.6312,49,19,2000,2000,0,0,0,1,1,32,0.15,1,40,2,5956.85,2436.81,0
21.6384,59,17,5007.43,2815.51,0,0,0,0,0,0,0,1,40,0,6016.98,2413.79,0
21.6435,66,5,6144.48,2367.58,0,0,0,0,0,0,0,1,40,0,4508.44,3007.85,0
21.6464,70,19,2000,2000,0,0,0,1,1,96,0.2,1,40,2,4987.63,2822.48,0
21.6471,71,18,2000,2000,0,0,0,1,0,64,0.05,1,40,2,5634,3646.94,0
21.6478,72,22,4508.44,3007.85,0,0,0,0,0,0,0,1,40,0,5364.82,2674.43,0
21.6486,73,19,2000,2000,0,0,0,1,1,32,0.15,1,40,2,5444.21,2639.51,0
21.6587,87,19,2000,2000,0,0,0,1,1,32,0.15,1,40,2,5420.98,2827.35,0
21.6609,90,19,2000,2000,0,0,0,1,1,32,0.15,1,40,2,5410.14,2804.47,0
21.663,93,19,2000,2000,0,0,0,1,1,32,0.15,1,40,2,5682.65,3810.88,0
21.6652,96,19,2000,2000,0,0,0,1,1,32,0.15,1,40,2,5630.63,2566.25,0
21.6746,109,37,2000,2000,0,0,0,1,0,0,0,1,40,2,5212.47,2731.54,0
21.6761,111,19,2000,2000,0,0,0,1,1,32,0.15,1,40,2,5548.65,2598.97,0
21.6783,114,10,2000,2000,0,0,0,1,1,32,0.15,1,40,2,5576.16,3430.08,0
21.6804,117,10,2000,2000,0,0,0,1,1,32,0.15,1,40,2,5570.14,3407.53,0
21.6841,122,19,2000,2000,0,0,0,1,1,96,0.2,1,40,2,5440.9,2905.2,0
21.6848,123,34,2000,2000,0,0,0,1,0,64,0.05,1,40,2,5451.2,2942.73,0
21.6855,124,19,2000,2000,0,0,0,1,1,96,0.2,1,40,2,5424.77,2835.36,0
21.6862,125,19,2000,2000,0,0,0,1,1,96,0.2,1,40,2,5982.97,2426.47,0
21.692,133,10,2000,2000,0,0,0,1,1,32,0.15,1,40,2,5365.79,2718.34,0
21.6957,138,19,2000,2000,0,0,0,1,1,32,0.15,1,40,2,0,0,0
21.6971,140,17,5022.75,2809.49,0,0,0,0,0,0,0,1,40,0,0,0,0
21.7022,9,10,2000,2000,0,0,0,1,1,32,0.15,1,40,2,5581.33,2586.44,0
21.7087,18,10,2000,2000,0,0,0,1,1,32,0.15,1,40,2,5385.28,2666.31,0
21.7101,20,11,5657.57,2558.76,0,0,0,0,0,0,0,1,40,0,5362.79,2712.01,0
21.7167,29,10,2000,2000,0,0,0,1,1,32,0.15,1,40,2,5685.14,3817.41,0
21.7196,33,27,5462.86,2985.23,0,0,0,0,0,0,0,1,40,0,5942.62,2442.45,0
21.7268,43,18,2000,2000,0,0,0,1,0,0,0,1,40,2,5418.8,2653.02,0
21.7283,45,18,2000,2000,0,0,0,1,0,0,0,1,40,2,6235.49,2331.93,0
21.7297,47,37,2000,2000,0,0,0,1,1,281,0.5,1,40,2,6123.22,2375.91,0
21.7312,49,19,2000,2000,0,0,0,1,1,32,0.15,1,40,2,5956.85,2436.81,0
21.7384,59,17,5007.43,2815.51,0,0,0,0,0,0,0,1,40,0,6016.98,2413.79,0
21.7435,66,5,6144.48,2367.58,0,0,0,0,0,0,0,1,40,0,4508.44,3007.85,0
21.7464,70,19,2000,2000,0,0,0,1,1,96,0.2,1,40,2,4987.63,2822.48,0
21.7471,71,18,2000,2000,0,0,0,1,0,64,0.05,1,40,2,5634,3646.94,0
21.7478,72,22,4508.44,3007.85,0,0,0,0,0,0,0,1,40,0,5364.82,2674.43,0
21.7486,73,19,2000,2000,0,0,0,1,1,32,0.15,1,40,2,5444.21,2639.51,0
21.7587,87,19,2000,2000,0,0,0,1,1,32,0.15,1,40,2,5420.98,2827.35,0
21.7609,90,19,2000,2000,0,0,0,1,1,32,0.15,1,40,2,5410.14,2804.47,0
21.763,93,19,2000,2000,0,0,0,1,1,32,0.15,1,40,2,5682.65,3810.88,0
21.7652,96,19,2000,2000,0,0,0,1,1,32,0.15,1,40,2,5630.63,2566.25,0
21.7746,109,37,2000,2000,0,0,0,1,0,0,0,1,40,2,5212.47,2731.54,0
21.7761,111,19,2000,2000,0,0,0,1,1,32,0.15,1,40,2,5548.65,2598.97,0
21.7783,114,10,2000,2000,0,0,0,1,1,32,0.15,1,40,2,5576.16,3430.08,0
21.7804,117,10,2000,2000,0,0,0,1,1,32,0.15,1,40,2,5570.14,3407.53,0
21.7841,122,19,2000,2000,0,0,0,1,1,96,0.2,1,40,2,5440.9,2905.2,0
21.7848,123,34,2000,2000,0,0,0,1,0,64,0.05,1,40,2,5451.2,2942.73,0
21.7855,124,19,2000,2000,0,0,0,1,1,96,0.2,1,40,2,5424.77,2835.36,0
21.7862,125,19,2000,2000,0,0,0,1,1,96,0.2,1,40,2,5982.97,2426.47,0
21.792,133,10,2000,2000,0,0,0,1,1,32,0.15,1,40,2,5365.79,2718.34,0
21.7957,138,19,2000,2000,0,0,0,1,1,32,0.15,1,40,2,0,0,0
21.7971,140,17,5022.75,2809.49,0,0,0,0,0,0,0,1,40,0,0,0,0
21.8022,9,10,2000,2000,0,0,0,1,1,32,0.15,1,40,2,5581.33,2586.44,0
21.8087,18,10,2000,2000,0,0,0,1,1,32,0.15,1,40,2,5385.28,2666.31,0
21.8101,20,11,5657.57,2558.76,0,0,0,0,0,0,0,1,40,0,5362.79,2712.01,0
21.8167,29,10,2000,2000,0,0,0,1,1,32,0.15,1,40,2,5685.14,3817.41,0
21.8196,33,27,5462.86,2985.23,0,0,0,0,0,0,0,1,40,0,5942.62,2442.45,0
21.8268,43,18,2000,2000,0,0,0,1,0,0,0,1,40,2,5418.8,2653.02,0
21.8283,45,18,2000,2000,0,0,0,1,0,0,0,1,40,2,6235.49,2331.93,0
21.8297,47,37,2000,2000,0,0,0,1,1,281,0.5,1,40,2,6123.22,2375.91,0
21.8312,49,19,2000,2000,0,0,0,1,1,32,0.15,1,40,2,5956.85,2436.81,0
21.8384,59,17,5007.43,2815.51,0,0,0,0,0,0,0,1,40,0,6016.98,2413.79,0
21.8435,66,5,6144.48,2367.58,0,0,0,0,0,0,0,1,40,0,4508.44,3007.85,0
21.8464,70,19,2000,2000,0,0,0,1,1,96,0.2,1,40,2,4987.63,2822.48,0
21.8471,71,18,2000,2000,0,0,0,1,0,64,0.05,1,40,2,5634,3646.94,0
21.8478,72,22,4508.44,3007.85,0,0,0,0,0,0,0,1,40,0,5364.82,2674.43,0
21.8486,73,19,2000,2000,0,0,0,1,1,32,0.15,1,40,2,5444.21,2639.51,0
21.8587,87,19,2000,2000,0,0,0,1,1,32,0.15,1,40,2,5420.98,2827.35,0
21.8609,90,19,2000,2000,0,0,0,1,1,32,0.15,1,40,2,5410.14,2804.47,0
21.863,93,19,2000,2000,0,0,0,1,1,32,0.15,1,40,2,5682.65,3810.88,0
21.8652,96,19,2000,2000,0,0,0,1,1,32,0.15,1,40,2,5630.63,2566.25,0
21.8746,109,37,2000,2000,0,0,0,1,0,0,0,1,40,2,5212.47,2731.54,0
21.8761,111,19,2000,2000,0,0,0,1,1,32,0.15,1,40,2,5548.65,2598.97,0
21.8783,114,10,2000,2000,0,0,0,1,1,32,0.15,1,40,2,5576.16,3430.08,0
21.8804,117,10,2000,2000,0,0,0,1,1,32,0.15,1,40,2,5570.14,3407.53,0
21.8841,122,19,2000,2000,0,0,0,1,1,96,0.2,1,40,2,5440.9,2905.2,0
21.8848,123,34,2000,2000,0,0,0,1,0,64,0.05,1,40,2,5451.2,2942.73,0
21.8855,124,19,2000,2000,0,0,0,1,1,96,0.2,1,40,2,5424.77,2835.36,0
21.8862,125,19,2000,2000,0,0,0,1,1,96,0.2,1,40,2,5982.97,2426.47,0
21.892,133,10,2000,2000,0,0,0,1,1,32,0.15,1,40,2,5365.79,2718.34,0
21.8957,138,19,2000,2000,0,0,0,1,1,32,0.15,1,40,2,0,0,0
21.8971,140,17,5022.75,2809.49,0,0,0,0,0,0,0,1,40,0,0,0,0
21.9022,9,10,2000,2000,0,0,0,1,1,32,0.15,1,40,2,5581.33,2586.44,0
21.9087,18,10,2000,2000,0,0,0,1,1,32,0.15,1,40,2,5385.28,2666.31,0
21.9101,20,11,5657.57,2558.76,0,0,0,0,0,0,0,1,40,0,5362.79,2712.01,0
21.9167,29,10,2000,2000,0,0,0,1,1,32,0.15,1,40,2,5685.14,3817.41,0
21.9196,33,27,5462.86,2985.23,0,0,0,0,0,0,0,1,40,0,5942.62,2442.45,0
21.9268,43,18,2000,2000,0,0,0,1,0,0,0,1,40,2,5418.8,2653.02,0
21.9283,45,18,2000,2000,0,0,0,1,0,0,0,1,40,2,6235.49,2331.93,0
21.9297,47,37,2000,2000,0,0,0,1,1,281,0.5,1,40,2,6123.22,2375.91,0
21.9312,49,19,2000,2000,0,0,0,1,1,32,0.15,1,40,2,5956.85,2436.81,0
21.9384,59,17,5007.43,2815.51,0,0,0,0,0,0,0,1,40,0,6016.98,2413.79,0
21.9435,66,5,6144.48,2367.58,0,0,0,0,0,0,0,1,40,0,4508.44,3007.85,0
21.9464,70,19,2000,2000,0,0,0,1,1,96,0.2,1,40,2,4987.63,2822.48,0
21.9471,71,18,2000,2000,0,0,0,1,0,64,0.05,1,40,2,5634,3646.94,0
21.9478,72,22,4508.44,3007.85,0,0,0,0,0,0,0,1,40,0,5364.82,2674.43,0
21.9486,73,19,2000,2000,0,0,0,1,1,32,0.15,1,40,2,5444.21,2639.51,0
21.9587,87,19,2000,2000,0,0,0,1,1,32,0.15,1,40,2,5420.98,2827.35,0
21.9609,90,19,2000,2000,0,0,0,1,1,32,0.15,1,40,2,5410.14,2804.47,0
21.963,93,19,2000,2000,0,0,0,1,1,32,0.15,1,40,2,5682.65,3810.88,0
21.9652,96,19,2000,2000,0,0,0,1,1,32,0.15,1,40,2,5630.63,2566.25,0
21.9746,109,37,2000,2000,0,0,0,1,0,0,0,1,40,2,5212.47,2731.54,0
21.9761,111,19,2000,2000,0,0,0,1,1,32,0.15,1,40,2,5548.65,2598.97,0
21.9783,114,10,2000,2000,0,0,0,1,1,32,0.15,1,40,2,5576.16,3430.08,0
21.9804,117,10,2000,2000,0,0,0,1,1,32,0.15,1,40,2,5570.14,3407.53,0
21.9841,122,19,2000,2000,0,0,0,1,1,96,0.2,1,40,2,5440.9,2905.2,0
21.9848,123,34,2000,2000,0,0,0,1,0,64,0.05,1,40,2,5451.2,2942.73,0
21.9855,124,19,2000,2000,0,0,0,1,1,96,0.2,1,40,2,5424.77,2835.36,0
21.9862,125,19,2000,2000,0,0,0,1,1,96,0.2,1,40,2,5982.97,2426.47,0
21.992,133,10,2000,2000,0,0,0,1,1,32,0.15,1,40,2,5365.79,2718.34,0
21.9957,138,19,2000,2000,0,0,0,1,1,32,0.15,1,40,2,0,0,0
21.9971,140,17,5022.75,2809.49,0,0,0,0,0,0,0,1,40,0,0,0,0
22.0022,9,10,2000,2000,0,0,0,1,1,32,0.15,1,40,2,5581.33,2586.44,0
22.0087,18,10,2000,2000,0,0,0,1,1,32,0.15,1,40,2,5385.28,2666.31,0
22.0101,20,11,5657.57,2558.76,0,0,0,0,0,0,0,1,40,0,5362.79,2712.01,0
22.0167,29,10,2000,2000,0,0,0,1,1,32,0.15,1,40,2,5685.14,3817.41,0
22.0196,33,27,5462.86,2985.23,0,0,0,0,0,0,0,1,40,0,5942.62,2442.45,0
22.0268,43,18,2000,2000,0,0,0,1,0,0,0,1,40,2,5418.8,2653.02,0
22.0283,45,18,2000,2000,0,0,0,1,0,0,0,1,40,2,6235.49,2331.93,0
22.0297,47,37,2000,2000,0,0,0,1,1,281,0.5,1,40,2,6123.22,2375.91,0
22.0312,49,19,2000,2000,0,0,0,1,1,32,0.15,1,40,2,5956.85,2436.81,0
22.0384,59,17,5007.43,2815.51,0,0,0,0,0,0,0,1,40,0,6016.98,2413.79,0
22.0435,66,5,6144.48,2367.58,0,0,0,0,0,0,0,1,40,0,4508.44,3007.85,0
22.0464,70,19,2000,2000,0,0,0,1,1,96,0.2,1,40,2,4987.63,2822.48,0
22.0471,71,18,2000,2000,0,0,0,1,0,64,0.05,1,40,2,5634,3646.94,0
22.0478,72,22,4508.44,3007.85,0,0,0,0,0,0,0,1,40,0,5364.82,2674.43,0
22.0486,73,19,2000,2000,0,0,0,1,1,32,0.15,1,40,2,5444.21,2639.51,0
22.0587,87,19,2000,2000,0,0,0,1,1,32,0.15,1,40,2,5420.98,2827.35,0
22.0609,90,19,2000,2000,0,0,0,1,1,32,0.15,1,40,2,5410.14,2804.47,0
22.063,93,19,2000,2000,0,0,0,1,1,32,0.15,1,40,2,5682.65,3810.88,0
22.0652,96,19,2000,2000,0,0,0,1,1,32,0.15,1,40,2,5630.63,2566.25,0
22.0746,109,37,2000,2000,0,0,0,1,0,0,0,1,40,2,5212.47,2731.54,0
22.0761,111,19,2000,2000,0,0,0,1,1,32,0.15,1,40,2,5548.65,2598.97,0
22.0783,114,10,2000,2000,0,0,0,1,1,32,0.15,1,40,2,5576.16,3430.08,0
22.0804,117,10,2000,2000,0,0,0,1,1,32,0.15,1,40,2,5570.14,3407.53,0
22.0841,122,19,2000,2000,0,0,0,1,1,96,0.2,1,40,2,5440.9,2905.2,0
22.0848,123,34,2000,2000,0,0,0,1,0,64,0.05,1,40,2,5451.2,2942.73,0
22.0855,124,19,2000,2000,0,0,0,1,1,96,0.2,1,40,2,5424.77,2835.36,0
22.0862,125,19,2000,2000,0,0,0,1,0,64,0.05,1,40,2,5982.97,2426.47,0
22.092,133,10,2000,2000,0,0,0,1,1,32,0.15,1,40,2,5365.79,2718.34,0
22.0957,138,19,2000,2000,0,0,0,1,0,0,0,1,40,2,0,0,0
22.0971,140,17,5022.75,2809.49,0,0,0,0,0,0,0,1,40,0,0,0,0
22.1022,9,10,2000,2000,0,0,0,1,1,32,0.15,1,40,2,5581.33,2586.44,0
22.1087,18,10,2000,2000,0,0,0,1,1,32,0.15,1,40,2,5385.28,2666.31,0
22.1101,20,11,5657.57,2558.76,0,0,0,0,0,0,0,1,40,0,5362.79,2712.01,0
22.1167,29,10,2000,2000,0,0,0,1,1,32,0.15,1,40,2,5685.14,3817.41,0
22.1196,33,27,5462.86,2985.23,0,0,0,0,0,0,0,1,40,0,5942.62,2442.45,0
22.1268,43,18,2000,2000,0,0,0,1,0,0,0,1,40,2,5418.8,2653.02,0
22.1283,45,18,2000,2000,0,0,0,1,0,0,0,1,40,2,6235.49,2331.93,0
22.1297,47,37,2000,2000,0,0,0,1,1,281,0.5,1,40,2,6123.22,2375.91,0
22.1312,49,19,2000,2000,0,0,0,1,0,0,0,1,40,2,5956.85,2436.81,0
22.1384,59,17,5007.43,2815.51,0,0,0,0,0,0,0,1,40,0,6016.98,2413.79,0
22.1435,66,5,6144.48,2367.58,0,0,0,0,0,0,0,1,40,0,4508.44,3007.85,0
22.1464,70,19,2000,2000,0,0,0,1,1,96,0.2,1,40,2,4987.63,2822.48,0
22.1471,71,18,2000,2000,0,0,0,1,0,64,0.05,1,40,2,5634,3646.94,0
22.1478,72,22,4508.44,3007.85,0,0,0,0,0,0,0,1,40,0,5364.82,2674.43,0
22.1486,73,19,2000,2000,0,0,0,1,1,32,0.15,1,40,2,5444.21,2639.51,0
22.1587,87,19,2000,2000,0,0,0,1,1,32,0.15,1,40,2,5420.98,2827.35,0
22.1609,90,19,2000,2000,0,0,0,1,1,32,0.15,1,40,2,5410.14,2804.47,0
22.163,93,19,2000,2000,0,0,0,1,1,32,0.15,1,40,2,5682.65,3810.88,0
22.1652,96,19,2000,2000,0,0,0,1,1,32,0.15,1,40,2,5630.63,2566.25,0
22.1746,109,37,2000,2000,0,0,0,1,0,0,0,1,40,2,5212.47,2731.54,0
22.1761,111,19,2000,2000,0,0,0,1,1,32,0.15,1,40,2,5548.65,2598.97,0
22.1783,114,10,2000,2000,0,0,0,1,1,32,0.15,1,40,2,5576.16,3430.08,0
22.1804,117,10,2000,2000,0,0,0,1,1,32,0.15,1,40,2,5570.14,3407.53,0
22.1841,122,19,2000,2000,0,0,0,1,1,96,0.2,1,40,2,5440.9,2905.2,0
22.1848,123,34,2000,2000,0,0,0,1,0,64,0.05,1,40,2,5451.2,2942.73,0
22.1855,124,19,2000,2000,0,0,0,1,1,96,0.2,1,40,2,5424.77,2835.36,0
22.1862,125,19,2000,2000,0,0,0,1,1,96,0.2,1,40,2,5982.97,2426.47,0
22.192,133,10,2000,2000,0,0,0,1,0,0,0,1,40,2,5365.79,2718.34,0
22.1957,138,19,2000,2000,0,0,0,1,1,32,0.15,1,40,2,0,0,0
22.1971,140,17,5022.75,2809.49,0,0,0,0,0,0,0,1,40,0,0,0,0
22.2022,9,10,2000,2000,0,0,0,1,0,0,0,1,40,2,5581.33,2586.44,0
22.2087,18,10,2000,2000,0,0,0,1,0,0,0,1,40,2,5385.28,2666.31,0
22.2101,20,11,5657.57,2558.76,0,0,0,0,0,0,0,1,40,0,5362.79,2712.01,0
22.2167,29,10,2000,2000,0,0,0,1,1,32,0.15,1,40,2,5685.14,3817.41,0
22.2196,33,27,5462.86,2985.23,0,0,0,0,0,0,0,1,40,0,5942.62,2442.45,0
22.2268,43,18,2000,2000,0,0,0,1,0,0,0,1,40,2,5418.8,2653.02,0
22.2283,45,18,2000,2000,0,0,0,1,0,0,0,1,40,2,6235.49,2331.93,0
22.2297,47,37,2000,2000,0,0,0,1,1,281,0.5,1,40,2,6123.22,2375.91,0
22.2312,49,19,2000,2000,0,0,0,1,1,32,0.15,1,40,2,5956.85,2436.81,0
22.2384,59,17,5007.43,2815.51,0,0,0,0,0,0,0,1,40,0,6016.98,2413.79,0
22.2435,66,5,6144.48,2367.58,0,0,0,0,0,0,0,1,40,0,4508.44,3007.85,0
22.2464,70,19,2000,2000,0,0,0,1,1,96,0.2,1,40,2,4987.63,2822.48,0
22.2471,71,18,2000,2000,0,0,0,1,0,64,0.05,1,40,2,5634,3646.94,0
22.2478,72,22,4508.44,3007.85,0,0,0,0,0,0,0,1,40,0,5364.82,2674.43,0
22.2486,73,19,2000,2000,0,0,0,1,1,32,0.15,1,40,2,5444.21,2639.51,0
22.2587,87,19,2000,2000,0,0,0,1,1,32,0.15,1,40,2,5420.98,2827.35,0
22.2609,90,19,2000,2000,0,0,0,1,1,32,0.15,1,40,2,5410.14,2804.47,0
22.263,93,19,2000,2000,0,0,0,1,1,32,0.15,1,40,2,5682.65,3810.88,0
22.2652,96,19,2000,2000,0,0,0,1,1,32,0.15,1,40,2,5630.63,2566.25,0
22.2746,109,37,2000,2000,0,0,0,1,0,0,0,1,40,2,5212.47,2731.54,0
22.2761,111,19,2000,2000,0,0,0,1,1,32,0.15,1,40,2,5548.65,2598.97,0
22.2783,114,10,2000,2000,0,0,0,1,1,32,0.15,1,40,2,5576.16,3430.08,0
22.2804,117,10,2000,2000,0,0,0,1,1,32,0.15,1,40,2,5570.14,3407.53,0
22.2841,122,19,2000,2000,0,0,0,1,1,96,0.2,1,40,2,5440.9,2905.2,0
22.2848,123,34,2000,2000,0,0,0,1,0,64,0.05,1,40,2,5451.2,2942.73,0
22.2855,124,19,2000,2000,0,0,0,1,1,96,0.2,1,40,2,5424.77,2835.36,0
22.2862,125,19,2000,2000,0,0,0,1,1,96,0.2,1,40,2,5982.97,2426.47,0
22.292,133,10,2000,2000,0,0,0,1,1,32,0.15,1,40,2,5365.79,2718.34,0
22.2957,138,19,2000,2000,0,0,0,1,1,32,0.15,1,40,2,0,0,0
22.2971,140,17,5022.75,2809.49,0,0,0,0,0,0,0,1,40,0,0,0,0
22.3022,9,10,2000,2000,0,0,0,1,1,32,0.15,1,40,2,5581.33,2586.44,0
22.3087,18,10,2000,2000,0,0,0,1,1,32,0.15,1,40,2,5385.28,2666.31,0
22.3101,20,11,5657.57,2558.76,0,0,0,0,0,0,0,1,40,0,5362.79,2712.01,0
22.3167,29,10,2000,2000,0,0,0,1,1,32,0.15,1,40,2,5685.14,3817.41,0
22.3196,33,27,5462.86,2985.23,0,0,0,0,0,0,0,1,40,0,5942.62,2442.45,0
22.3268,43,18,2000,2000,0,0,0,1,0,0,0,1,40,2,5418.8,2653.02,0
22.3283,45,18,2000,2000,0,0,0,1,0,0,0,1,40,2,6235.49,2331.93,0
22.3297,47,37,2000,2000,0,0,0,1,1,281,0.5,1,40,2,6123.22,2375.91,0
22.3312,49,19,2000,2000,0,0,0,1,1,32,0.15,1,40,2,5956.85,2436.81,0
22.3384,59,17,5007.43,2815.51,0,0,0,0,0,0,0,1,40,0,6016.98,2413.79,0
22.3435,66,5,6144.48,2367.58,0,0,0,0,0,0,0,1,40,0,4508.44,3007.85,0
22.3464,70,19,2000,2000,0,0,0,1,1,96,0.2,1,40,2,4987.63,2822.48,0
22.3471,71,18,2000,2000,0,0,0,1,0,64,0.05,1,40,2,5634,3646.94,0
22.3478,72,22,4508.44,3007.85,0,0,0,0,0,0,0,1,40,0,5364.82,2674.43,0
22.3486,73,19,2000,2000,0,0,0,1,1,32,0.15,1,40,2,5444.21,2639.51,0
22.3587,87,19,2000,2000,0,0,0,1,1,32,0.15,1,40,2,5420.98,2827.35,0
22.3609,90,19,2000,2000,0,0,0,1,1,32,0.15,1,40,2,5410.14,2804.47,0
22.363,93,19,2000,2000,0,0,0,1,1,32,0.15,1,40,2,5682.65,3810.88,0
22.3652,96,19,2000,2000,0,0,0,1,1,32,0.15,1,40,2,5630.63,2566.25,0
22.3746,109,37,2000,2000,0,0,0,1,0,0,0,1,40,2,5212.47,2731.54,0
22.3761,111,19,2000,2000,0,0,0,1,1,32,0.15,1,40,2,5548.65,2598.97,0
22.3783,114,10,2000,2000,0,0,0,1,1,32,0.15,1,40,2,5576.16,3430.08,0
22.3804,117,10,2000,2000,0,0,0,1,1,32,0.15,1,40,2,5570.14,3407.53,0
22.3841,122,19,2000,2000,0,0,0,1,1,96,0.2,1,40,2,5440.9,2905.2,0
22.3848,123,34,2000,2000,0,0,0,1,0,64,0.05,1,40,2,5451.2,2942.73,0
22.3855,124,19,2000,2000,0,0,0,1,1,96,0.2,1,40,2,5424.77,2835.36,0
22.3862,125,19,2000,2000,0,0,0,1,1,96,0.2,1,40,2,5982.97,2426.47,0
22.392,133,10,2000,2000,0,0,0,1,1,32,0.15,1,40,2,5365.79,2718.34,0
22.3957,138,19,2000,2000,0,0,0,1,1,32,0.15,1,40,2,0,0,0
22.3971,140,17,5022.75,2809.49,0,0,0,0,0,0,0,1,40,0,0,0,0
22.4022,9,10,2000,2000,0,0,0,1,1,32,0.15,1,40,2,5581.33,2586.44,0
22.4087,18,10,2000,2000,0,0,0,1,1,32,0.15,1,40,2,5385.28,2666.31,0
22.4101,20,11,5657.57,2558.76,0,0,0,0,0,0,0,1,40,0,5362.79,2712.01,0
22.4167,29,10,2000,2000,0,0,0,1,1,32,0.15,1,40,2,5685.14,3817.41,0
22.4196,33,27,5462.86,2985.23,0,0,0,0,0,0,0,1,40,0,5942.62,2442.45,0
22.4268,43,18,2000,2000,0,0,0,1,0,0,0,1,40,2,5418.8,2653.02,0
22.4283,45,18,2000,2000,0,0,0,1,0,0,0,1,40,2,6235.49,2331.93,0
22.4297,47,37,2000,2000,0,0,0,1,1,281,0.5,1,40,2,6123.22,2375.91,0
22.4312,49,19,2000,2000,0,0,0,1,1,32,0.15,1,40,2,5956.85,2436.81,0
22.4384,59,17,5007.43,2815.51,0,0,0,0,0,0,0,1,40,0,6016.98,2413.79,0
22.4435,66,5,6144.48,2367.58,0,0,0,0,0,0,0,1,40,0,4508.44,3007.85,0
22.4464,70,19,2000,2000,0,0,0,1,1,96,0.2,1,40,2,4987.63,2822.48,0
22.4471,71,18,2000,2000,0,0,0,1,0,64,0.05,1,40,2,5634,3646.94,0
22.4478,72,22,4508.44,3007.85,0,0,0,0,0,0,0,1,40,0,5364.82,2674.43,0
22.4486,73,19,2000,2000,0,0,0,1,1,32,0.15,1,40,2,5444.21,2639.51,0
22.4587,87,19,2000,2000,0,0,0,1,1,32,0.15,1,40,2,5420.98,2827.35,0
22.4609,90,19,2000,2000,0,0,0,1,1,32,0.15,1,40,2,5410.14,2804.47,0
22.463,93,19,2000,2000,0,0,0,1,1,32,0.15,1,40,2,5682.65,3810.88,0
22.4652,96,19,2000,2000,0,0,0,1,1,32,0.15,1,40,2,5630.63,2566.25,0
22.4746,109,37,2000,2000,0,0,0,1,0,0,0,1,40,2,5212.47,2731.54,0
22.4761,111,19,2000,2000,0,0,0,1,1,32,0.15,1,40,2,5548.65,2598.97,0
22.4783,114,10,2000,2000,0,0,0,1,1,32,0.15,1,40,2,5576.16,3430.08,0
22.4804,117,10,2000,2000,0,0,0,1,1,32,0.15,1,40,2,5570.14,3407.53,0
22.4841,122,19,2000,2000,0,0,0,1,1,96,0.2,1,40,2,5440.9,2905.2,0
22.4848,123,34,2000,2000,0,0,0,1,0,64,0.05,1,40,2,5451.2,2942.73,0
22.4855,124,19,2000,2000,0,0,0,1,1,96,0.2,1,40,2,5424.77,2835.36,0
22.4862,125,19,2000,2000,0,0,0,1,1,96,0.2,1,40,2,5982.97,2426.47,0
22.492,133,10,2000,2000,0,0,0,1,1,32,0.15,1,40,2,5365.79,2718.34,0
22.4957,138,19,2000,2000,0,0,0,1,1,32,0.15,1,40,2,0,0,0
22.4971,140,17,5022.75,2809.49,0,0,0,0,0,0,0,1,40,0,0,0,0
22.5022,9,10,2000,2000,0,0,0,1,1,32,0.15,1,40,2,5581.33,2586.44,0
22.5087,18,10,2000,2000,0,0,0,1,1,32,0.15,1,40,2,5385.28,2666.31,0
22.5101,20,11,5657.57,2558.76,0,0,0,0,0,0,0,1,40,0,5362.79,2712.01,0
22.5167,29,10,2000,2000,0,0,0,1,1,32,0.15,1,40,2,5685.14,3817.41,0
22.5196,33,27,5462.86,2985.23,0,0,0,0,0,0,0,1,40,0,5942.62,2442.45,0
22.5268,43,18,2000,2000,0,0,0,1,0,0,0,1,40,2,5418.8,2653.02,0
22.5283,45,18,2000,2000,0,0,0,1,0,0,0,1,40,2,6235.49,2331.93,0
22.5297,47,37,2000,2000,0,0,0,1,1,281,0.5,1,40,2,6123.22,2375.91,0
22.5312,49,19,2000,2000,0,0,0,1,1,32,0.15,1,40,2,5956.85,2436.81,0
22.5384,59,17,5007.43,2815.51,0,0,0,0,0,0,0,1,40,0,6016.98,2413.79,0
22.5435,66,5,6144.48,2367.58,0,0,0,0,0,0,0,1,40,0,4508.44,3007.85,0
22.5464,70,19,2000,2000,0,0,0,1,1,96,0.2,1,40,2,4987.63,2822.48,0
22.5471,71,18,2000,2000,0,0,0,1,0,64,0.05,1,40,2,5634,3646.94,0
22.5478,72,22,4508.44,3007.85,0,0,0,0,0,0,0,1,40,0,5364.82,2674.43,0
22.5486,73,19,2000,2000,0,0,0,1,1,32,0.15,1,40,2,5444.21,2639.51,0
22.5587,87,19,2000,2000,0,0,0,1,1,32,0.15,1,40,2,5420.98,2827.35,0
22.5609,90,19,2000,2000,0,0,0,1,1,32,0.15,1,40,2,5410.14,2804.47,0
22.563,93,19,2000,2000,0,0,0,1,1,32,0.15,1,40,2,5682.65,3810.88,0
22.5652,96,19,2000,2000,0,0,0,1,1,32,0.15,1,40,2,5630.63,2566.25,0
22.5746,109,37,2000,2000,0,0,0,1,0,0,0,1,40,2,5212.47,2731.54,0
22.5761,111,19,2000,2000,0,0,0,1,1,32,0.15,1,40,2,5548.65,2598.97,0
22.5783,114,10,2000,2000,0,0,0,1,1,32,0.15,1,40,2,5576.16,3430.08,0
22.5804,117,10,2000,2000,0,0,0,1,1,32,0.15,1,40,2,5570.14,3407.53,0
22.5841,122,19,2000,2000,0,0,0,1,1,96,0.2,1,40,2,5440.9,2905.2,0
22.5848,123,34,2000,2000,0,0,0,1,0,64,0.05,1,40,2,5451.2,2942.73,0
22.5855,124,19,2000,2000,0,0,0,1,1,96,0.2,1,40,2,5424.77,2835.36,0
22.5862,125,19,2000,2000,0,0,0,1,1,96,0.2,1,40,2,5982.97,2426.47,0
22.592,133,10,2000,2000,0,0,0,1,1,32,0.15,1,40,2,5365.79,2718.34,0
22.5957,138,19,2000,2000,0,0,0,1,1,32,0.15,1,40,2,0,0,0
22.5971,140,17,5022.75,2809.49,0,0,0,0,0,0,0,1,40,0,0,0,0
22.6022,9,10,2000,2000,0,0,0,1,1,32,0.15,1,40,2,5581.33,2586.44,0
22.6087,18,10,2000,2000,0,0,0,1,1,32,0.15,1,40,2,5385.28,2666.31,0
22.6101,20,11,5657.57,2558.76,0,0,0,0,0,0,0,1,40,0,5362.79,2712.01,0
22.6167,29,10,2000,2000,0,0,0,1,1,32,0.15,1,40,2,5685.14,3817.41,0
22.6196,33,27,5462.86,2985.23,0,0,0,0,0,0,0,1,40,0,5942.62,2442.45,0
22.6268,43,18,2000,2000,0,0,0,1,0,0,0,1,40,2,5418.8,2653.02,0
22.6283,45,18,2000,2000,0,0,0,1,0,0,0,1,40,2,6235.49,2331.93,0
22.6297,47,37,2000,2000,0,0,0,1,1,281,0.5,1,40,2,6123.22,2375.91,0
22.6312,49,19,2000,2000,0,0,0,1,1,32,0.15,1,40,2,5956.85,2436.81,0
22.6384,59,17,5007.43,2815.51,0,0,0,0,0,0,0,1,40,0,6016.98,2413.79,0
22.6435,66,5,6144.48,2367.58,0,0,0,0,0,0,0,1,40,0,4508.44,3007.85,0
22.6464,70,19,2000,2000,0,0,0,1,1,96,0.2,1,40,2,4987.63,2822.48,0
22.6471,71,18,2000,2000,0,0,0,1,0,64,0.05,1,40,2,5634,3646.94,0
22.6478,72,22,4508.44,3007.85,0,0,0,0,0,0,0,1,40,0,5364.82,2674.43,0
22.6486,73,19,2000,2000,0,0,0,1,1,32,0.15,1,40,2,5444.21,2639.51,0
22.6587,87,19,2000,2000,0,0,0,1,1,32,0.15,1,40,2,5420.98,2827.35,0
22.6609,90,19,2000,2000,0,0,0,1,1,32,0.15,1,40,2,5410.14,2804.47,0
22.663,93,19,2000,2000,0,0,0,1,1,32,0.15,1,40,2,5682.65,3810.88,0
22.6652,96,19,2000,2000,0,0,0,1,1,32,0.15,1,40,2,5630.63,2566.25,0
22.6746,109,37,2000,2000,0,0,0,1,0,0,0,1,40,2,5212.47,2731.54,0
22.6761,111,19,2000,2000,0,0,0,1,1,32,0.15,1,40,2,5548.65,2598.97,0
22.6783,114,10,2000,2000,0,0,0,1,1,32,0.15,1,40,2,5576.16,3430.08,0
22.6804,117,10,2000,2000,0,0,0,1,1,32,0.15,1,40,2,5570.14,3407.53,0
22.6841,122,19,2000,2000,0,0,0,1,1,96,0.2,1,40,2,5440.9,2905.2,0
22.6848,123,34,2000,2000,0,0,0,1,0,64,0.05,1,40,2,5451.2,2942.73,0
22.6855,124,19,2000,2000,0,0,0,1,1,96,0.2,1,40,2,5424.77,2835.36,0
22.6862,125,19,2000,2000,0,0,0,1,1,96,0.2,1,40,2,5982.97,2426.47,0
22.692,133,10,2000,2000,0,0,0,1,1,32,0.15,1,40,2,5365.79,2718.34,0
22.6957,138,19,2000,2000,0,0,0,1,1,32,0.15,1,40,2,0,0,0
22.6971,140,17,5022.75,2809.49,0,0,0,0,0,0,0,1,40,0,0,0,0
22.7022,9,10,2000,2000,0,0,0,1,1,32,0.15,1,40,2,5581.33,2586.44,0
22.7087,18,10,2000,2000,0,0,0,1,1,32,0.15,1,40,2,5385.28,2666.31,0
22.7101,20,11,5657.57,2558.76,0,0,0,0,0,0,0,1,40,0,5362.79,2712.01,0
22.7167,29,10,2000,2000,0,0,0,1,1,32,0.15,1,40,2,5685.14,3817.41,0
22.7196,33,27,5462.86,2985.23,0,0,0,0,0,0,0,1,40,0,5942.62,2442.45,0
22.7268,43,18,2000,2000,0,0,0,1,0,0,0,1,40,2,5418.8,2653.02,0
22.7283,45,18,2000,2000,0,0,0,1,0,0,0,1,40,2,6235.49,2331.93,0
22.7297,47,37,2000,2000,0,0,0,1,1,281,0.5,1,40,2,6123.22,2375.91,0
22.7312,49,19,2000,2000,0,0,0,1,1,32,0.15,1,40,2,5956.85,2436.81,0
22.7384,59,17,5007.43,2815.51,0,0,0,0,0,0,0,1,40,0,6016.98,2413.79,0
22.7435,66,5,6144.48,2367.58,0,0,0,0,0,0,0,1,40,0,4508.44,3007.85,0
22.7464,70,19,2000,2000,0,0,0,1,1,96,0.2,1,40,2,4987.63,2822.48,0
22.7471,71,18,2000,2000,0,0,0,1,0,64,0.05,1,40,2,5634,3646.94,0
22.7478,72,22,4508.44,3007.85,0,0,0,0,0,0,0,1,40,0,5364.82,2674.43,0
22.7486,73,19,2000,2000,0,0,0,1,1,32,0.15,1,40,2,5444.21,2639.51,0
22.7587,87,19,2000,2000,0,0,0,1,1,32,0.15,1,40,2,5420.98,2827.35,0
22.7609,90,19,2000,2000,0,0,0,1,1,32,0.15,1,40,2,5410.14,2804.47,0
22.763,93,19,2000,2000,0,0,0,1,1,32,0.15,1,40,2,5682.65,3810.88,0
22.7652,96,19,2000,2000,0,0,0,1,1,32,0.15,1,40,2,5630.63,2566.25,0
22.7746,109,37,2000,2000,0,0,0,1,0,0,0,1,40,2,5212.47,2731.54,0
22.7761,111,19,2000,2000,0,0,0,1,1,32,0.15,1,40,2,5548.65,2598.97,0
22.7783,114,10,2000,2000,0,0,0,1,1,32,0.15,1,40,2,5576.16,3430.08,0
22.7804,117,10,2000,2000,0,0,0,1,1,32,0.15,1,40,2,5570.14,3407.53,0
22.7841,122,19,2000,2000,0,0,0,1,1,96,0.2,1,40,2,5440.9,2905.2,0
22.7848,123,34,2000,2000,0,0,0,1,0,64,0.05,1,40,2,5451.2,2942.73,0
22.7855,124,19,2000,2000,0,0,0,1,1,96,0.2,1,40,2,5424.77,2835.36,0
22.7862,125,19,2000,2000,0,0,0,1,1,96,0.2,1,40,2,5982.97,2426.47,0
22.792,133,10,2000,2000,0,0,0,1,1,32,0.15,1,40,2,5365.79,2718.34,0
22.7957,138,19,2000,2000,0,0,0,1,1,32,0.15,1,40,2,0,0,0
22.7971,140,17,5022.75,2809.49,0,0,0,0,0,0,0,1,40,0,0,0,0
22.8022,9,10,2000,2000,0,0,0,1,1,32,0.15,1,40,2,5581.33,2586.44,0
22.8087,18,10,2000,2000,0,0,0,1,1,32,0.15,1,40,2,5385.28,2666.31,0
22.8101,20,11,5657.57,2558.76,0,0,0,0,0,0,0,1,40,0,5362.79,2712.01,0
22.8167,29,10,2000,2000,0,0,0,1,1,32,0.15,1,40,2,5685.14,3817.41,0
22.8196,33,27,5462.86,2985.23,0,0,0,0,0,0,0,1,40,0,5942.62,2442.45,0
22.8268,43,18,2000,2000,0,0,0,1,0,0,0,1,40,2,5418.8,2653.02,0
22.8283,45,18,2000,2000,0,0,0,1,0,0,0,1,40,2,6235.49,2331.93,0
22.8297,47,37,2000,2000,0,0,0,1,1,281,0.5,1,40,2,6123.22,2375.91,0
22.8312,49,19,2000,2000,0,0,0,1,1,32,0.15,1,40,2,5956.85,2436.81,0
22.8384,59,17,5007.43,2815.51,0,0,0,0,0,0,0,1,40,0,6016.98,2413.79,0
22.8435,66,5,6144.48,2367.58,0,0,0,0,0,0,0,1,40,0,4508.44,3007.85,0
22.8464,70,19,2000,2000,0,0,0,1,1,96,0.2,1,40,2,4987.63,2822.48,0
22.8471,71,18,2000,2000,0,0,0,1,0,64,0.05,1,40,2,5634,3646.94,0
22.8478,72,22,4508.44,3007.85,0,0,0,0,0,0,0,1,40,0,5364.82,2674.43,0
22.8486,73,19,2000,2000,0,0,0,1,1,32,0.15,1,40,2,5444.21,2639.51,0
22.8587,87,19,2000,2000,0,0,0,1,1,32,0.15,1,40,2,5420.98,2827.35,0
22.8609,90,19,2000,2000,0,0,0,1,1,32,0.15,1,40,2,5410.14,2804.47,0
22.863,93,19,2000,2000,0,0,0,1,1,32,0.15,1,40,2,5682.65,3810.88,0
22.8652,96,19,2000,2000,0,0,0,1,1,32,0.15,1,40,2,5630.63,2566.25,0
22.8746,109,37,2000,2000,0,0,0,1,0,0,0,1,40,2,5212.47,2731.54,0
22.8761,111,19,2000,2000,0,0,0,1,1,32,0.15,1,40,2,5548.65,2598.97,0
22.8783,114,10,2000,2000,0,0,0,1,1,32,0.15,1,40,2,5576.16,3430.08,0
22.8804,117,10,2000,2000,0,0,0,1,1,32,0.15,1,40,2,5570.14,3407.53,0
22.8841,122,19,2000,2000,0,0,0,1,1,96,0.2,1,40,2,5440.9,2905.2,0
22.8848,123,34,2000,2000,0,0,0,1,0,64,0.05,1,40,2,5451.2,2942.73,0
22.8855,124,19,2000,2000,0,0,0,1,1,96,0.2,1,40,2,5424.77,2835.36,0
22.8862,125,19,2000,2000,0,0,0,1,1,96,0.2,1,40,2,5982.97,2426.47,0
22.892,133,10,2000,2000,0,0,0,1,1,32,0.15,1,40,2,5365.79,2718.34,0
22.8957,138,19,2000,2000,0,0,0,1,1,32,0.15,1,40,2,0,0,0
22.8971,140,17,5022.75,2809.49,0,0,0,0,0,0,0,1,40,0,0,0,0
22.9022,9,10,2000,2000,0,0,0,1,1,32,0.15,1,40,2,5581.33,2586.44,0
22.9087,18,10,2000,2000,0,0,0,1,1,32,0.15,1,40,2,5385.28,2666.31,0
22.9101,20,11,5657.57,2558.76,0,0,0,0,0,0,0,1,40,0,5362.79,2712.01,0
22.9167,29,10,2000,2000,0,0,0,1,1,32,0.15,1,40,2,5685.14,3817.41,0
22.9196,33,27,5462.86,2985.23,0,0,0,0,0,0,0,1,40,0,5942.62,2442.45,0
22.9268,43,18,2000,2000,0,0,0,1,0,0,0,1,40,2,5418.8,2653.02,0
22.9283,45,18,2000,2000,0,0,0,1,0,0,0,1,40,2,6235.49,2331.93,0
22.9297,47,37,2000,2000,0,0,0,1,1,281,0.5,1,40,2,6123.22,2375.91,0
22.9312,49,19,2000,2000,0,0,0,1,1,32,0.15,1,40,2,5956.85,2436.81,0
22.9384,59,17,5007.43,2815.51,0,0,0,0,0,0,0,1,40,0,6016.98,2413.79,0
22.9435,66,5,6144.48,2367.58,0,0,0,0,0,0,0,1,40,0,4508.44,3007.85,0
22.9464,70,19,2000,2000,0,0,0,1,1,96,0.2,1,40,2,4987.63,2822.48,0
22.9471,71,18,2000,2000,0,0,0,1,0,64,0.05,1,40,2,5634,3646.94,0
22.9478,72,22,4508.44,3007.85,0,0,0,0,0,0,0,1,40,0,5364.82,2674.43,0
22.9486,73,19,2000,2000,0,0,0,1,1,32,0.15,1,40,2,5444.21,2639.51,0
22.9587,87,19,2000,2000,0,0,0,1,1,32,0.15,1,40,2,5420.98,2827.35,0
22.9609,90,19,2000,2000,0,0,0,1,1,32,0.15,1,40,2,5410.14,2804.47,0
22.963,93,19,2000,2000,0,0,0,1,1,32,0.15,1,40,2,5682.65,3810.88,0
22.9652,96,19,2000,2000,0,0,0,1,1,32,0.15,1,40,2,5630.63,2566.25,0
22.9746,109,37,2000,2000,0,0,0,1,0,0,0,1,40,2,5212.47,2731.54,0
22.9761,111,19,2000,2000,0,0,0,1,1,32,0.15,1,40,2,5548.65,2598.97,0
22.9783,114,10,2000,2000,0,0,0,1,1,32,0.15,1,40,2,5576.16,3430.08,0
22.9804,117,10,2000,2000,0,0,0,1,1,32,0.15,1,40,2,5570.14,3407.53,0
22.9841,122,19,2000,2000,0,0,0,1,1,96,0.2,1,40,2,5440.9,2905.2,0
22.9848,123,34,2000,2000,0,0,0,1,0,64,0.05,1,40,2,5451.2,2942.73,0
22.9855,124,19,2000,2000,0,0,0,1,1,96,0.2,1,40,2,5424.77,2835.36,0
22.9862,125,19,2000,2000,0,0,0,1,1,96,0.2,1,40,2,5982.97,2426.47,0
22.992,133,10,2000,2000,0,0,0,1,1,32,0.15,1,40,2,5365.79,2718.34,0
22.9957,138,19,2000,2000,0,0,0,1,1,32,0.15,1,40,2,0,0,0
22.9971,140,17,5022.75,2809.49,0,0,0,0,0,0,0,1,40,0,0,0,0
23.0022,9,10,2000,2000,0,0,0,1,1,32,0.15,1,40,2,5581.33,2586.44,0
23.0087,18,10,2000,2000,0,0,0,1,1,32,0.15,1,40,2,5385.28,2666.31,0
23.0101,20,11,5657.57,2558.76,0,0,0,0,0,0,0,1,40,0,5362.79,2712.01,0
23.0167,29,10,2000,2000,0,0,0,1,1,32,0.15,1,40,2,5685.14,3817.41,0
23.0196,33,27,5462.86,2985.23,0,0,0,0,0,0,0,1,40,0,5942.62,2442.45,0
23.0268,43,18,2000,2000,0,0,0,1,0,0,0,1,40,2,5418.8,2653.02,0
23.0283,45,18,2000,2000,0,0,0,1,0,0,0,1,40,2,6235.49,2331.93,0
23.0297,47,37,2000,2000,0,0,0,1,1,281,0.5,1,40,2,6123.22,2375.91,0
23.0312,49,19,2000,2000,0,0,0,1,1,32,0.15,1,40,2,5956.85,2436.81,0
23.0384,59,17,5007.43,2815.51,0,0,0,0,0,0,0,1,40,0,6016.98,2413.79,0
23.0435,66,5,6144.48,2367.58,0,0,0,0,0,0,0,1,40,0,4508.44,3007.85,0
23.0464,70,19,2000,2000,0,0,0,1,1,96,0.2,1,40,2,4987.63,2822.48,0
23.0471,71,18,2000,2000,0,0,0,1,0,64,0.05,1,40,2,5634,3646.94,0
23.0478,72,22,4508.44,3007.85,0,0,0,0,0,0,0,1,40,0,5364.82,2674.43,0
23.0486,73,19,2000,2000,0,0,0,1,1,32,0.15,1,40,2,5444.21,2639.51,0
23.0587,87,19,2000,2000,0,0,0,1,1,32,0.15,1,40,2,5420.98,2827.35,0
23.0609,90,19,2000,2000,0,0,0,1,1,32,0.15,1,40,2,5410.14,2804.47,0
23.063,93,19,2000,2000,0,0,0,1,1,32,0.15,1,40,2,5682.65,3810.88,0
23.0652,96,19,2000,2000,0,0,0,1,1,32,0.15,1,40,2,5630.63,2566.25,0
23.0746,109,37,2000,2000,0,0,0,1,0,0,0,1,40,2,5212.47,2731.54,0
23.0761,111,19,2000,2000,0,0,0,1,1,32,0.15,1,40,2,5548.65,2598.97,0
23.0783,114,10,2000,2000,0,0,0,1,1,32,0.15,1,40,2,5576.16,3430.08,0
23.0804,117,10,2000,2000,0,0,0,1,1,32,0.15,1,40,2,5570.14,3407.53,0
23.0841,122,19,2000,2000,0,0,0,1,1,96,0.2,1,40,2,5440.9,2905.2,0
23.0848,123,34,2000,2000,0,0,0,1,0,64,0.05,1,40,2,5451.2,2942.73,0
23.0855,124,19,2000,2000,0,0,0,1,1,96,0.2,1,40,2,5424.77,2835.36,0
23.0862,125,19,2000,2000,0,0,0,1,1,96,0.2,1,40,2,5982.97,2426.47,0
23.092,133,10,2000,2000,0,0,0,1,1,32,0.15,1,40,2,5365.79,2718.34,0
23.0957,138,19,2000,2000,0,0,0,1,0,0,0,1,40,2,0,0,0
23.0971,140,17,5022.75,2809.49,0,0,0,0,0,0,0,1,40,0,0,0,0
23.1022,9,10,2000,2000,0,0,0,1,1,32,0.15,1,40,2,5581.33,2586.44,0
23.1087,18,10,2000,2000,0,0,0,1,1,32,0.15,1,40,2,5385.28,2666.31,0
23.1101,20,11,5657.57,2558.76,0,0,0,0,0,0,0,1,40,0,5362.79,2712.01,0
23.1167,29,10,2000,2000,0,0,0,1,1,32,0.15,1,40,2,5685.14,3817.41,0
23.1196,33,27,5462.86,2985.23,0,0,0,0,0,0,0,1,40,0,5942.62,2442.45,0
23.1268,43,18,2000,2000,0,0,0,1,0,0,0,1,40,2,5418.8,2653.02,0
23.1283,45,18,2000,2000,0,0,0,1,0,0,0,1,40,2,6235.49,2331.93,0
23.1297,47,37,2000,2000,0,0,0,1,1,281,0.5,1,40,2,6123.22,2375.91,0
23.1312,49,19,2000,2000,0,0,0,1,0,0,0,1,40,2,5956.85,2436.81,0
23.1384,59,17,5007.43,2815.51,0,0,0,0,0,0,0,1,40,0,6016.98,2413.79,0
23.1435,66,5,6144.48,2367.58,0,0,0,0,0,0,0,1,40,0,4508.44,3007.85,0
23.1464,70,19,2000,2000,0,0,0,1,0,64,0.05,1,40,2,4987.63,2822.48,0
23.1471,71,18,2000,2000,0,0,0,1,0,64,0.05,1,40,2,5634,3646.94,0
23.1478,72,22,4508.44,3007.85,0,0,0,0,0,0,0,1,40,0,5364.82,2674.43,0
23.1486,73,19,2000,2000,0,0,0,1,1,32,0.15,1,40,2,5444.21,2639.51,0
23.1587,87,19,2000,2000,0,0,0,1,1,32,0.15,1,40,2,5420.98,2827.35,0
23.1609,90,19,2000,2000,0,0,0,1,1,32,0.15,1,40,2,5410.14,2804.47,0
23.163,93,19,2000,2000,0,0,0,1,1,32,0.15,1,40,2,5682.65,3810.88,0
23.1652,96,19,2000,2000,0,0,0,1,1,32,0.15,1,40,2,5630.63,2566.25,0
23.1746,109,37,2000,2000,0,0,0,1,0,0,0,1,40,2,5212.47,2731.54,0
23.1761,111,19,2000,2000,0,0,0,1,1,32,0.15,1,40,2,5548.65,2598.97,0
23.1783,114,10,2000,2000,0,0,0,1,1,32,0.15,1,40,2,5576.16,3430.08,0
23.1804,117,10,2000,2000,0,0,0,1,1,32,0.15,1,40,2,5570.14,3407.53,0
23.1841,122,19,2000,2000,0,0,0,1,1,96,0.2,1,40,2,5440.9,2905.2,0
23.1848,123,34,2000,2000,0,0,0,1,0,64,0.05,1,40,2,5451.2,2942.73,0
23.1855,124,19,2000,2000,0,0,0,1,1,96,0.2,1,40,2,5424.77,2835.36,0
23.1862,125,19,2000,2000,0,0,0,1,1,96,0.2,1,40,2,5982.97,2426.47,0
23.192,133,10,2000,2000,0,0,0,1,1,32,0.15,1,40,2,5365.79,2718.34,0
23.1957,138,19,2000,2000,0,0,0,1,1,32,0.15,1,40,2,0,0,0
23.1971,140,17,5022.75,2809.49,0,0,0,0,0,0,0,1,40,0,0,0,0
23.2022,9,10,2000,2000,0,0,0,1,0,0,0,1,40,2,5581.33,2586.44,0
23.2087,18,10,2000,2000,0,0,0,1,0,0,0,1,40,2,5385.28,2666.31,0
23.2101,20,11,5657.57,2558.76,0,0,0,0,0,0,0,1,40,0,5362.79,2712.01,0
23.2167,29,10,2000,2000,0,0,0,1,0,0,0,1,40,2,5685.14,3817.41,0
23.2196,33,27,5462.86,2985.23,0,0,0,0,0,0,0,1,40,0,5942.62,2442.45,0
23.2268,43,18,2000,2000,0,0,0,1,0,0,0,1,40,2,5418.8,2653.02,0
23.2283,45,18,2000,2000,0,0,0,1,0,0,0,1,40,2,6235.49,2331.93,0
23.2297,47,37,2000,2000,0,0,0,1,1,281,0.5,1,40,2,6123.22,2375.91,0
23.2312,49,19,2000,2000,0,0,0,1,1,32,0.15,1,40,2,5956.85,2436.81,0
23.2384,59,17,5007.43,2815.51,0,0,0,0,0,0,0,1,40,0,6016.98,2413.79,0
23.2435,66,5,6144.48,2367.58,0,0,0,0,0,0,0,1,40,0,4508.44,3007.85,0
23.2464,70,19,2000,2000,0,0,0,1,1,96,0.2,1,40,2,4987.63,2822.48,0
23.2471,71,18,2000,2000,0,0,0,1,0,64,0.05,1,40,2,5634,3646.94,0
23.2478,72,22,4508.44,3007.85,0,0,0,0,0,0,0,1,40,0,5364.82,2674.43,0
23.2486,73,19,2000,2000,0,0,0,1,1,32,0.15,1,40,2,5444.21,2639.51,0
23.2587,87,19,2000,2000,0,0,0,1,1,32,0.15,1,40,2,5420.98,2827.35,0
23.2609,90,19,2000,2000,0,0,0,1,1,32,0.15,1,40,2,5410.14,2804.47,0
23.263,93,19,2000,2000,0,0,0,1,1,32,0.15,1,40,2,5682.65,3810.88,0
23.2652,96,19,2000,2000,0,0,0,1,1,32,0.15,1,40,2,5630.63,2566.25,0
23.2746,109,37,2000,2000,0,0,0,1,0,0,0,1,40,2,5212.47,2731.54,0
23.2761,111,19,2000,2000,0,0,0,1,1,32,0.15,1,40,2,5548.65,2598.97,0
23.2783,114,10,2000,2000,0,0,0,1,1,32,0.15,1,40,2,5576.16,3430.08,0
23.2804,117,10,2000,2000,0,0,0,1,1,32,0.15,1,40,2,5570.14,3407.53,0
23.2841,122,19,2000,2000,0,0,0,1,1,96,0.2,1,40,2,5440.9,2905.2,0
23.2848,123,34,2000,2000,0,0,0,1,0,64,0.05,1,40,2,5451.2,2942.73,0
23.2855,124,19,2000,2000,0,0,0,1,1,96,0.2,1,40,2,5424.77,2835.36,0
23.2862,125,19,2000,2000,0,0,0,1,1,96,0.2,1,40,2,5982.97,2426.47,0
23.292,133,10,2000,2000,0,0,0,1,1,32,0.15,1,40,2,5365.79,2718.34,0
23.2957,138,19,2000,2000,0,0,0,1,1,32,0.15,1,40,2,0,0,0
23.2971,140,17,5022.75,2809.49,0,0,0,0,0,0,0,1,40,0,0,0,0
23.3022,9,10,2000,2000,0,0,0,1,1,32,0.15,1,40,2,5581.33,2586.44,0
23.3087,18,10,2000,2000,0,0,0,1,1,32,0.15,1,40,2,5385.28,2666.31,0
23.3101,20,11,5657.57,2558.76,0,0,0,0,0,0,0,1,40,0,5362.79,2712.01,0
23.3167,29,10,2000,2000,0,0,0,1,1,32,0.15,1,40,2,5685.14,3817.41,0
23.3196,33,27,5462.86,2985.23,0,0,0,0,0,0,0,1,40,0,5942.62,2442.45,0
23.3268,43,18,2000,2000,0,0,0,1,0,0,0,1,40,2,5418.8,2653.02,0
23.3283,45,18,2000,2000,0,0,0,1,0,0,0,1,40,2,6235.49,2331.93,0
23.3297,47,37,2000,2000,0,0,0,1,1,281,0.5,1,40,2,6123.22,2375.91,0
23.3312,49,19,2000,2000,0,0,0,1,1,32,0.15,1,40,2,5956.85,2436.81,0
23.3384,59,17,5007.43,2815.51,0,0,0,0,0,0,0,1,40,0,6016.98,2413.79,0
23.3435,66,5,6144.48,2367.58,0,0,0,0,0,0,0,1,40,0,4508.44,3007.85,0
23.3464,70,19,2000,2000,0,0,0,1,1,96,0.2,1,40,2,4987.63,2822.48,0
23.3471,71,18,2000,2000,0,0,0,1,0,64,0.05,1,40,2,5634,3646.94,0
23.3478,72,22,4508.44,3007.85,0,0,0,0,0,0,0,1,40,0,5364.82,2674.43,0
23.3486,73,19,2000,2000,0,0,0,1,1,32,0.15,1,40,2,5444.21,2639.51,0
23.3587,87,19,2000,2000,0,0,0,1,1,32,0.15,1,40,2,5420.98,2827.35,0
23.3609,90,19,2000,2000,0,0,0,1,1,32,0.15,1,40,2,5410.14,2804.47,0
23.363,93,19,2000,2000,0,0,0,1,1,32,0.15,1,40,2,5682.65,3810.88,0
23.3652,96,19,2000,2000,0,0,0,1,1,32,0.15,1,40,2,5630.63,2566.25,0
23.3746,109,37,2000,2000,0,0,0,1,0,0,0,1,40,2,5212.47,2731.54,0
23.3761,111,19,2000,2000,0,0,0,1,1,32,0.15,1,40,2,5548.65,2598.97,0
23.3783,114,10,2000,2000,0,0,0,1,1,32,0.15,1,40,2,5576.16,3430.08,0
23.3804,117,10,2000,2000,0,0,0,1,1,32,0.15,1,40,2,5570.14,3407.53,0
23.3841,122,19,2000,2000,0,0,0,1,1,96,0.2,1,40,2,5440.9,2905.2,0
23.3848,123,34,2000,2000,0,0,0,1,0,64,0.05,1,40,2,5451.2,2942.73,0
23.3855,124,19,2000,2000,0,0,0,1,1,96,0.2,1,40,2,5424.77,2835.36,0
23.3862,125,19,2000,2000,0,0,0,1,1,96,0.2,1,40,2,5982.97,2426.47,0
23.392,133,10,2000,2000,0,0,0,1,1,32,0.15,1,40,2,5365.79,2718.34,0
23.3957,138,19,2000,2000,0,0,0,1,1,32,0.15,1,40,2,0,0,0
23.3971,140,17,5022.75,2809.49,0,0,0,0,0,0,0,1,40,0,0,0,0
23.4022,9,10,2000,2000,0,0,0,1,1,32,0.15,1,40,2,5581.33,2586.44,0
23.4087,18,10,2000,2000,0,0,0,1,1,32,0.15,1,40,2,5385.28,2666.31,0
23.4101,20,11,5657.57,2558.76,0,0,0,0,0,0,0,1,40,0,5362.79,2712.01,0
23.4167,29,10,2000,2000,0,0,0,1,1,32,0.15,1,40,2,5685.14,3817.41,0
23.4196,33,27,5462.86,2985.23,0,0,0,0,0,0,0,1,40,0,5942.62,2442.45,0
23.4268,43,18,2000,2000,0,0,0,1,0,0,0,1,40,2,5418.8,2653.02,0
23.4283,45,18,2000,2000,0,0,0,1,0,0,0,1,40,2,6235.49,2331.93,0
23.4297,47,37,2000,2000,0,0,0,1,1,281,0.5,1,40,2,6123.22,2375.91,0
23.4312,49,19,2000,2000,0,0,0,1,1,32,0.15,1,40,2,5956.85,2436.81,0
23.4384,59,17,5007.43,2815.51,0,0,0,0,0,0,0,1,40,0,6016.98,2413.79,0
23.4435,66,5,6144.48,2367.58,0,0,0,0,0,0,0,1,40,0,4508.44,3007.85,0
23.4464,70,19,2000,2000,0,0,0,1,1,96,0.2,1,40,2,4987.63,2822.48,0
23.4471,71,18,2000,2000,0,0,0,1,0,64,0.05,1,40,2,5634,3646.94,0
23.4478,72,22,4508.44,3007.85,0,0,0,0,0,0,0,1,40,0,5364.82,2674.43,0
23.4486,73,19,2000,2000,0,0,0,1,1,32,0.15,1,40,2,5444.21,2639.51,0
23.4587,87,19,2000,2000,0,0,0,1,1,32,0.15,1,40,2,5420.98,2827.35,0
23.4609,90,19,2000,2000,0,0,0,1,1,32,0.15,1,40,2,5410.14,2804.47,0
23.463,93,19,2000,2000,0,0,0,1,1,32,0.15,1,40,2,5682.65,3810.88,0
23.4652,96,19,2000,2000,0,0,0,1,1,32,0.15,1,40,2,5630.63,2566.25,0
23.4746,109,37,2000,2000,0,0,0,1,0,0,0,1,40,2,5212.47,2731.54,0
23.4761,111,19,2000,2000,0,0,0,1,1,32,0.15,1,40,2,5548.65,2598.97,0
23.4783,114,10,2000,2000,0,0,0,1,1,32,0.15,1,40,2,5576.16,3430.08,0
23.4804,117,10,2000,2000,0,0,0,1,1,32,0.15,1,40,2,5570.14,3407.53,0
23.4841,122,19,2000,2000,0,0,0,1,1,96,0.2,1,40,2,5440.9,2905.2,0
23.4848,123,34,2000,2000,0,0,0,1,0,64,0.05,1,40,2,5451.2,2942.73,0
23.4855,124,19,2000,2000,0,0,0,1,1,96,0.2,1,40,2,5424.77,2835.36,0
23.4862,125,19,2000,2000,0,0,0,1,1,96,0.2,1,40,2,5982.97,2426.47,0
23.492,133,10,2000,2000,0,0,0,1,1,32,0.15,1,40,2,5365.79,2718.34,0
23.4957,138,19,2000,2000,0,0,0,1,1,32,0.15,1,40,2,0,0,0
23.4971,140,17,5022.75,2809.49,0,0,0,0,0,0,0,1,40,0,0,0,0
23.5022,9,10,2000,2000,0,0,0,1,1,32,0.15,1,40,2,5581.33,2586.44,0
23.5087,18,10,2000,2000,0,0,0,1,1,32,0.15,1,40,2,5385.28,2666.31,0
23.5101,20,11,5657.57,2558.76,0,0,0,0,0,0,0,1,40,0,5362.79,2712.01,0
23.5167,29,10,2000,2000,0,0,0,1,1,32,0.15,1,40,2,5685.14,3817.41,0
23.5196,33,27,5462.86,2985.23,0,0,0,0,0,0,0,1,40,0,5942.62,2442.45,0
23.5268,43,18,2000,2000,0,0,0,1,0,0,0,1,40,2,5418.8,2653.02,0
23.5283,45,18,2000,2000,0,0,0,1,0,0,0,1,40,2,6235.49,2331.93,0
23.5297,47,37,2000,2000,0,0,0,1,1,281,0.5,1,40,2,6123.22,2375.91,0
23.5312,49,19,2000,2000,0,0,0,1,1,32,0.15,1,40,2,5956.85,2436.81,0
23.5384,59,17,5007.43,2815.51,0,0,0,0,0,0,0,1,40,0,6016.98,2413.79,0
23.5435,66,5,6144.48,2367.58,0,0,0,0,0,0,0,1,40,0,4508.44,3007.85,0
23.5464,70,19,2000,2000,0,0,0,1,1,96,0.2,1,40,2,4987.63,2822.48,0
23.5471,71,18,2000,2000,0,0,0,1,0,64,0.05,1,40,2,5634,3646.94,0
23.5478,72,22,4508.44,3007.85,0,0,0,0,0,0,0,1,40,0,5364.82,2674.43,0
23.5486,73,19,2000,2000,0,0,0,1,1,32,0.15,1,40,2,5444.21,2639.51,0
23.5587,87,19,2000,2000,0,0,0,1,1,32,0.15,1,40,2,5420.98,2827.35,0
23.5609,90,19,2000,2000,0,0,0,1,1,32,0.15,1,40,2,5410.14,2804.47,0
23.563,93,19,2000,2000,0,0,0,1,1,32,0.15,1,40,2,5682.65,3810.88,0
23.5652,96,19,2000,2000,0,0,0,1,1,32,0.15,1,40,2,5630.63,2566.25,0
23.5746,109,37,2000,2000,0,0,0,1,0,0,0,1,40,2,5212.47,2731.54,0
23.5761,111,19,2000,2000,0,0,0,1,1,32,0.15,1,40,2,5548.65,2598.97,0
23.5783,114,10,2000,2000,0,0,0,1,1,32,0.15,1,40,2,5576.16,3430.08,0
23.5804,117,10,2000,2000,0,0,0,1,1,32,0.15,1,40,2,5570.14,3407.53,0
23.5841,122,19,2000,2000,0,0,0,1,1,96,0.2,1,40,2,5440.9,2905.2,0
23.5848,123,34,2000,2000,0,0,0,1,0,64,0.05,1,40,2,5451.2,2942.73,0
23.5855,124,19,2000,2000,0,0,0,1,1,96,0.2,1,40,2,5424.77,2835.36,0
23.5862,125,19,2000,2000,0,0,0,1,1,96,0.2,1,40,2,5982.97,2426.47,0
23.592,133,10,2000,2000,0,0,0,1,1,32,0.15,1,40,2,5365.79,2718.34,0
23.5957,138,19,2000,2000,0,0,0,1,1,32,0.15,1,40,2,0,0,0
23.5971,140,17,5022.75,2809.49,0,0,0,0,0,0,0,1,40,0,0,0,0
23.6022,9,10,2000,2000,0,0,0,1,1,32,0.15,1,40,2,5581.33,2586.44,0
23.6087,18,10,2000,2000,0,0,0,1,1,32,0.15,1,40,2,5385.28,2666.31,0
23.6101,20,11,5657.57,2558.76,0,0,0,0,0,0,0,1,40,0,5362.79,2712.01,0
23.6167,29,10,2000,2000,0,0,0,1,1,32,0.15,1,40,2,5685.14,3817.41,0
23.6196,33,27,5462.86,2985.23,0,0,0,0,0,0,0,1,40,0,5942.62,2442.45,0
23.6268,43,18,2000,2000,0,0,0,1,0,0,0,1,40,2,5418.8,2653.02,0
23.6283,45,18,2000,2000,0,0,0,1,0,0,0,1,40,2,6235.49,2331.93,0
23.6297,47,37,2000,2000,0,0,0,1,1,281,0.5,1,40,2,6123.22,2375.91,0
23.6312,49,19,2000,2000,0,0,0,1,1,32,0.15,1,40,2,5956.85,2436.81,0
23.6384,59,17,5007.43,2815.51,0,0,0,0,0,0,0,1,40,0,6016.98,2413.79,0
23.6435,66,5,6144.48,2367.58,0,0,0,0,0,0,0,1,40,0,4508.44,3007.85,0
23.6464,70,19,2000,2000,0,0,0,1,1,96,0.2,1,40,2,4987.63,2822.48,0
23.6471,71,18,2000,2000,0,0,0,1,0,64,0.05,1,40,2,5634,3646.94,0
23.6478,72,22,4508.44,3007.85,0,0,0,0,0,0,0,1,40,0,5364.82,2674.43,0
23.6486,73,19,2000,2000,0,0,0,1,1,32,0.15,1,40,2,5444.21,2639.51,0
23.6587,87,19,2000,2000,0,0,0,1,1,32,0.15,1,40,2,5420.98,2827.35,0
23.6609,90,19,2000,2000,0,0,0,1,1,32,0.15,1,40,2,5410.14,2804.47,0
23.663,93,19,2000,2000,0,0,0,1,1,32,0.15,1,40,2,5682.65,3810.88,0
23.6652,96,19,2000,2000,0,0,0,1,1,32,0.15,1,40,2,5630.63,2566.25,0
23.6746,109,37,2000,2000,0,0,0,1,0,0,0,1,40,2,5212.47,2731.54,0
23.6761,111,19,2000,2000,0,0,0,1,1,32,0.15,1,40,2,5548.65,2598.97,0
23.6783,114,10,2000,2000,0,0,0,1,1,32,0.15,1,40,2,5576.16,3430.08,0
23.6804,117,10,2000,2000,0,0,0,1,1,32,0.15,1,40,2,5570.14,3407.53,0
23.6841,122,19,2000,2000,0,0,0,1,1,96,0.2,1,40,2,5440.9,2905.2,0
23.6848,123,34,2000,2000,0,0,0,1,0,64,0.05,1,40,2,5451.2,2942.73,0
23.6855,124,19,2000,2000,0,0,0,1,1,96,0.2,1,40,2,5424.77,2835.36,0
23.6862,125,19,2000,2000,0,0,0,1,1,96,0.2,1,40,2,5982.97,2426.47,0
23.692,133,10,2000,2000,0,0,0,1,1,32,0.15,1,40,2,5365.79,2718.34,0
23.6957,138,19,2000,2000,0,0,0,1,1,32,0.15,1,40,2,0,0,0
23.6971,140,17,5022.75,2809.49,0,0,0,0,0,0,0,1,40,0,0,0,0
23.7022,9,10,2000,2000,0,0,0,1,1,32,0.15,1,40,2,5581.33,2586.44,0
23.7087,18,10,2000,2000,0,0,0,1,1,32,0.15,1,40,2,5385.28,2666.31,0
23.7101,20,11,5657.57,2558.76,0,0,0,0,0,0,0,1,40,0,5362.79,2712.01,0
23.7167,29,10,2000,2000,0,0,0,1,1,32,0.15,1,40,2,5685.14,3817.41,0
23.7196,33,27,5462.86,2985.23,0,0,0,0,0,0,0,1,40,0,5942.62,2442.45,0
23.7268,43,18,2000,2000,0,0,0,1,0,0,0,1,40,2,5418.8,2653.02,0
23.7283,45,18,2000,2000,0,0,0,1,0,0,0,1,40,2,6235.49,2331.93,0
23.7297,47,37,2000,2000,0,0,0,1,1,281,0.5,1,40,2,6123.22,2375.91,0
23.7312,49,19,2000,2000,0,0,0,1,1,32,0.15,1,40,2,5956.85,2436.81,0
23.7384,59,17,5007.43,2815.51,0,0,0,0,0,0,0,1,40,0,6016.98,2413.79,0
23.7435,66,5,6144.48,2367.58,0,0,0,0,0,0,0,1,40,0,4508.44,3007.85,0
23.7464,70,19,2000,2000,0,0,0,1,1,96,0.2,1,40,2,4987.63,2822.48,0
23.7471,71,18,2000,2000,0,0,0,1,0,64,0.05,1,40,2,5634,3646.94,0
23.7478,72,22,4508.44,3007.85,0,0,0,0,0,0,0,1,40,0,5364.82,2674.43,0
23.7486,73,19,2000,2000,0,0,0,1,1,32,0.15,1,40,2,5444.21,2639.51,0
23.7587,87,19,2000,2000,0,0,0,1,1,32,0.15,1,40,2,5420.98,2827.35,0
23.7609,90,19,2000,2000,0,0,0,1,1,32,0.15,1,40,2,5410.14,2804.47,0
23.763,93,19,2000,2000,0,0,0,1,1,32,0.15,1,40,2,5682.65,3810.88,0
23.7652,96,19,2000,2000,0,0,0,1,1,32,0.15,1,40,2,5630.63,2566.25,0
23.7746,109,37,2000,2000,0,0,0,1,0,0,0,1,40,2,5212.47,2731.54,0
23.7761,111,19,2000,2000,0,0,0,1,1,32,0.15,1,40,2,5548.65,2598.97,0
23.7783,114,10,2000,2000,0,0,0,1,1,32,0.15,1,40,2,5576.16,3430.08,0
23.7804,117,10,2000,2000,0,0,0,1,1,32,0.15,1,40,2,5570.14,3407.53,0
23.7841,122,19,2000,2000,0,0,0,1,1,96,0.2,1,40,2,5440.9,2905.2,0
23.7848,123,34,2000,2000,0,0,0,1,0,64,0.05,1,40,2,5451.2,2942.73,0
23.7855,124,19,2000,2000,0,0,0,1,1,96,0.2,1,40,2,5424.77,2835.36,0
23.7862,125,19,2000,2000,0,0,0,1,1,96,0.2,1,40,2,5982.97,2426.47,0
23.792,133,10,2000,2000,0,0,0,1,1,32,0.15,1,40,2,5365.79,2718.34,0
23.7957,138,19,2000,2000,0,0,0,1,1,32,0.15,1,40,2,0,0,0
23.7971,140,17,5022.75,2809.49,0,0,0,0,0,0,0,1,40,0,0,0,0
23.8022,9,10,2000,2000,0,0,0,1,1,32,0.15,1,40,2,5581.33,2586.44,0
23.8087,18,10,2000,2000,0,0,0,1,1,32,0.15,1,40,2,5385.28,2666.31,0
23.8101,20,11,5657.57,2558.76,0,0,0,0,0,0,0,1,40,0,5362.79,2712.01,0
23.8167,29,10,2000,2000,0,0,0,1,1,32,0.15,1,40,2,5685.14,3817.41,0
23.8196,33,27,5462.86,2985.23,0,0,0,0,0,0,0,1,40,0,5942.62,2442.45,0
23.8268,43,18,2000,2000,0,0,0,1,0,0,0,1,40,2,5418.8,2653.02,0
23.8283,45,18,2000,2000,0,0,0,1,0,0,0,1,40,2,6235.49,2331.93,0
23.8297,47,37,2000,2000,0,0,0,1,1,281,0.5,1,40,2,6123.22,2375.91,0
23.8312,49,19,2000,2000,0,0,0,1,1,32,0.15,1,40,2,5956.85,2436.81,0
23.8384,59,17,5007.43,2815.51,0,0,0,0,0,0,0,1,40,0,6016.98,2413.79,0
23.8435,66,5,6144.48,2367.58,0,0,0,0,0,0,0,1,40,0,4508.44,3007.85,0
23.8464,70,19,2000,2000,0,0,0,1,1,96,0.2,1,40,2,4987.63,2822.48,0
23.8471,71,18,2000,2000,0,0,0,1,0,64,0.05,1,40,2,5634,3646.94,0
23.8478,72,22,4508.44,3007.85,0,0,0,0,0,0,0,1,40,0,5364.82,2674.43,0
23.8486,73,19,2000,2000,0,0,0,1,1,32,0.15,1,40,2,5444.21,2639.51,0
23.8587,87,19,2000,2000,0,0,0,1,1,32,0.15,1,40,2,5420.98,2827.35,0
23.8609,90,19,2000,2000,0,0,0,1,1,32,0.15,1,40,2,5410.14,2804.47,0
23.863,93,19,2000,2000,0,0,0,1,1,32,0.15,1,40,2,5682.65,3810.88,0
23.8652,96,19,2000,2000,0,0,0,1,1,32,0.15,1,40,2,5630.63,2566.25,0
23.8746,109,37,2000,2000,0,0,0,1,0,0,0,1,40,2,5212.47,2731.54,0
23.8761,111,19,2000,2000,0,0,0,1,1,32,0.15,1,40,2,5548.65,2598.97,0
23.8783,114,10,2000,2000,0,0,0,1,1,32,0.15,1,40,2,5576.16,3430.08,0
23.8804,117,10,2000,2000,0,0,0,1,1,32,0.15,1,40,2,5570.14,3407.53,0
23.8841,122,19,2000,2000,0,0,0,1,1,96,0.2,1,40,2,5440.9,2905.2,0
23.8848,123,34,2000,2000,0,0,0,1,0,64,0.05,1,40,2,5451.2,2942.73,0
23.8855,124,19,2000,2000,0,0,0,1,1,96,0.2,1,40,2,5424.77,2835.36,0
23.8862,125,19,2000,2000,0,0,0,1,1,96,0.2,1,40,2,5982.97,2426.47,0
23.892,133,10,2000,2000,0,0,0,1,1,32,0.15,1,40,2,5365.79,2718.34,0
23.8957,138,19,2000,2000,0,0,0,1,1,32,0.15,1,40,2,0,0,0
23.8971,140,17,5022.75,2809.49,0,0,0,0,0,0,0,1,40,0,0,0,0
23.9022,9,10,2000,2000,0,0,0,1,1,32,0.15,1,40,2,5581.33,2586.44,0
23.9087,18,10,2000,2000,0,0,0,1,1,32,0.15,1,40,2,5385.28,2666.31,0
23.9101,20,11,5657.57,2558.76,0,0,0,0,0,0,0,1,40,0,5362.79,2712.01,0
23.9167,29,10,2000,2000,0,0,0,1,1,32,0.15,1,40,2,5685.14,3817.41,0
23.9196,33,27,5462.86,2985.23,0,0,0,0,0,0,0,1,40,0,5942.62,2442.45,0
23.9268,43,18,2000,2000,0,0,0,1,0,0,0,1,40,2,5418.8,2653.02,0
23.9283,45,18,2000,2000,0,0,0,1,0,0,0,1,40,2,6235.49,2331.93,0
23.9297,47,37,2000,2000,0,0,0,1,1,281,0.5,1,40,2,6123.22,2375.91,0
23.9312,49,19,2000,2000,0,0,0,1,1,32,0.15,1,40,2,5956.85,2436.81,0
23.9384,59,17,5007.43,2815.51,0,0,0,0,0,0,0,1,40,0,6016.98,2413.79,0
23.9435,66,5,6144.48,2367.58,0,0,0,0,0,0,0,1,40,0,4508.44,3007.85,0
23.9464,70,19,2000,2000,0,0,0,1,1,96,0.2,1,40,2,4987.63,2822.48,0
23.9471,71,18,2000,2000,0,0,0,1,0,64,0.05,1,40,2,5634,3646.94,0
23.9478,72,22,4508.44,3007.85,0,0,0,0,0,0,0,1,40,0,5364.82,2674.43,0
23.9486,73,19,2000,2000,0,0,0,1,1,32,0.15,1,40,2,5444.21,2639.51,0
23.9587,87,19,2000,2000,0,0,0,1,1,32,0.15,1,40,2,5420.98,2827.35,0
23.9609,90,19,2000,2000,0,0,0,1,1,32,0.15,1,40,2,5410.14,2804.47,0
23.963,93,19,2000,2000,0,0,0,1,1,32,0.15,1,40,2,5682.65,3810.88,0
23.9652,96,19,2000,2000,0,0,0,1,1,32,0.15,1,40,2,5630.63,2566.25,0
23.9746,109,37,2000,2000,0,0,0,1,0,0,0,1,40,2,5212.47,2731.54,0
23.9761,111,19,2000,2000,0,0,0,1,1,32,0.15,1,40,2,5548.65,2598.97,0
23.9783,114,10,2000,2000,0,0,0,1,1,32,0.15,1,40,2,5576.16,3430.08,0
23.9804,117,10,2000,2000,0,0,0,1,1,32,0.15,1,40,2,5570.14,3407.53,0
23.9841,122,19,2000,2000,0,0,0,1,1,96,0.2,1,40,2,5440.9,2905.2,0
23.9848,123,34,2000,2000,0,0,0,1,0,64,0.05,1,40,2,5451.2,2942.73,0
23.9855,124,19,2000,2000,0,0,0,1,1,96,0.2,1,40,2,5424.77,2835.36,0
23.9862,125,19,2000,2000,0,0,0,1,1,96,0.2,1,40,2,5982.97,2426.47,0
23.992,133,10,2000,2000,0,0,0,1,1,32,0.15,1,40,2,5365.79,2718.34,0
23.9957,138,19,2000,2000,0,0,0,1,1,32,0.15,1,40,2,0,0,0
23.9971,140,17,5022.75,2809.49,0,0,0,0,0,0,0,1,40,0,0,0,0
24.0022,9,10,2000,2000,0,0,0,1,1,32,0.15,1,40,2,5581.33,2586.44,0
24.0087,18,10,2000,2000,0,0,0,1,1,32,0.15,1,40,2,5385.28,2666.31,0
24.0101,20,11,5657.57,2558.76,0,0,0,0,0,0,0,1,40,0,5362.79,2712.01,0
24.0167,29,10,2000,2000,0,0,0,1,1,32,0.15,1,40,2,5685.14,3817.41,0
24.0196,33,27,5462.86,2985.23,0,0,0,0,0,0,0,1,40,0,5942.62,2442.45,0
24.0268,43,18,2000,2000,0,0,0,1,0,0,0,1,40,2,5418.8,2653.02,0
24.0283,45,18,2000,2000,0,0,0,1,0,0,0,1,40,2,6235.49,2331.93,0
24.0297,47,37,2000,2000,0,0,0,1,1,281,0.5,1,40,2,6123.22,2375.91,0
24.0312,49,19,2000,2000,0,0,0,1,1,32,0.15,1,40,2,5956.85,2436.81,0
24.0384,59,17,5007.43,2815.51,0,0,0,0,0,0,0,1,40,0,6016.98,2413.79,0
24.0435,66,5,6144.48,2367.58,0,0,0,0,0,0,0,1,40,0,4508.44,3007.85,0
24.0464,70,19,2000,2000,0,0,0,1,1,96,0.2,1,40,2,4987.63,2822.48,0
24.0471,71,18,2000,2000,0,0,0,1,0,64,0.05,1,40,2,5634,3646.94,0
24.0478,72,22,4508.44,3007.85,0,0,0,0,0,0,0,1,40,0,5364.82,2674.43,0
24.0486,73,19,2000,2000,0,0,0,1,1,32,0.15,1,40,2,5444.21,2639.51,0
24.0587,87,19,2000,2000,0,0,0,1,1,32,0.15,1,40,2,5420.98,2827.35,0
24.0609,90,19,2000,2000,0,0,0,1,1,32,0.15,1,40,2,5410.14,2804.47,0
24.063,93,19,2000,2000,0,0,0,1,1,32,0.15,1,40,2,5682.65,3810.88,0
24.0652,96,19,2000,2000,0,0,0,1,1,32,0.15,1,40,2,5630.63,2566.25,0
24.0746,109,37,2000,2000,0,0,0,1,0,0,0,1,40,2,5212.47,2731.54,0
24.0761,111,19,2000,2000,0,0,0,1,1,32,0.15,1,40,2,5548.65,2598.97,0
24.0783,114,10,2000,2000,0,0,0,1,1,32,0.15,1,40,2,5576.16,3430.08,0
24.0804,117,10,2000,2000,0,0,0,1,1,32,0.15,1,40,2,5570.14,3407.53,0
24.0841,122,19,2000,2000,0,0,0,1,1,96,0.2,1,40,2,5440.9,2905.2,0
24.0848,123,34,2000,2000,0,0,0,1,0,64,0.05,1,40,2,5451.2,2942.73,0
24.0855,124,19,2000,2000,0,0,0,1,1,96,0.2,1,40,2,5424.77,2835.36,0
24.0862,125,19,2000,2000,0,0,0,1,1,96,0.2,1,40,2,5982.97,2426.47,0
24.092,133,10,2000,2000,0,0,0,1,1,32,0.15,1,40,2,5365.79,2718.34,0
24.0957,138,19,2000,2000,0,0,0,1,1,32,0.15,1,40,2,0,0,0
24.0971,140,17,5022.75,2809.49,0,0,0,0,0,0,0,1,40,0,0,0,0
24.1022,9,10,2000,2000,0,0,0,1,1,32,0.15,1,40,2,5581.33,2586.44,0
24.1087,18,10,2000,2000,0,0,0,1,1,32,0.15,1,40,2,5385.28,2666.31,0
24.1101,20,11,5657.57,2558.76,0,0,0,0,0,0,0,1,40,0,5362.79,2712.01,0
24.1167,29,10,2000,2000,0,0,0,1,1,32,0.15,1,40,2,5685.14,3817.41,0
24.1196,33,27,5462.86,2985.23,0,0,0,0,0,0,0,1,40,0,5942.62,2442.45,0
24.1268,43,18,2000,2000,0,0,0,1,0,0,0,1,40,2,5418.8,2653.02,0
24.1283,45,18,2000,2000,0,0,0,1,0,0,0,1,40,2,6235.49,2331.93,0
24.1297,47,37,2000,2000,0,0,0,1,1,281,0.5,1,40,2,6123.22,2375.91,0
24.1312,49,19,2000,2000,0,0,0,1,0,0,0,1,40,2,5956.85,2436.81,0
24.1384,59,17,5007.43,2815.51,0,0,0,0,0,0,0,1,40,0,6016.98,2413.79,0
24.1435,66,5,6144.48,2367.58,0,0,0,0,0,0,0,1,40,0,4508.44,3007.85,0
24.1464,70,19,2000,2000,0,0,0,1,0,64,0.05,1,40,2,4987.63,2822.48,0
24.1471,71,18,2000,2000,0,0,0,1,0,64,0.05,1,40,2,5634,3646.94,0
24.1478,72,22,4508.44,3007.85,0,0,0,0,0,0,0,1,40,0,5364.82,2674.43,0
24.1486,73,19,2000,2000,0,0,0,1,0,0,0,1,40,2,5444.21,2639.51,0
24.1587,87,19,2000,2000,0,0,0,1,1,32,0.15,1,40,2,5420.98,2827.35,0
24.1609,90,19,2000,2000,0,0,0,1,1,32,0.15,1,40,2,5410.14,2804.47,0
24.163,93,19,2000,2000,0,0,0,1,1,32,0.15,1,40,2,5682.65,3810.88,0
24.1652,96,19,2000,2000,0,0,0,1,1,32,0.15,1,40,2,5630.63,2566.25,0
24.1746,109,37,2000,2000,0,0,0,1,0,0,0,1,40,2,5212.47,2731.54,0
24.1761,111,19,2000,2000,0,0,0,1,1,32,0.15,1,40,2,5548.65,2598.97,0
24.1783,114,10,2000,2000,0,0,0,1,1,32,0.15,1,40,2,5576.16,3430.08,0
24.1804,117,10,2000,2000,0,0,0,1,1,32,0.15,1,40,2,5570.14,3407.53,0
24.1841,122,19,2000,2000,0,0,0,1,1,96,0.2,1,40,2,5440.9,2905.2,0
24.1848,123,34,2000,2000,0,0,0,1,0,64,0.05,1,40,2,5451.2,2942.73,0
24.1855,124,19,2000,2000,0,0,0,1,1,96,0.2,1,40,2,5424.77,2835.36,0
24.1862,125,19,2000,2000,0,0,0,1,1,96,0.2,1,40,2,5982.97,2426.47,0
24.192,133,10,2000,2000,0,0,0,1,1,32,0.15,1,40,2,5365.79,2718.34,0
24.1957,138,19,2000,2000,0,0,0,1,1,32,0.15,1,40,2,0,0,0
24.1971,140,17,5022.75,2809.49,0,0,0,0,0,0,0,1,40,0,0,0,0
24.2022,9,10,2000,2000,0,0,0,1,1,32,0.15,1,40,2,5581.33,2586.44,0
24.2087,18,10,2000,2000,0,0,0,1,0,0,0,1,40,2,5385.28,2666.31,0
24.2101,20,11,5657.57,2558.76,0,0,0,0,0,0,0,1,40,0,5362.79,2712.01,0
24.2167,29,10,2000,2000,0,0,0,1,0,0,0,1,40,2,5685.14,3817.41,0
24.2196,33,27,5462.86,2985.23,0,0,0,0,0,0,0,1,40,0,5942.62,2442.45,0
24.2268,43,18,2000,2000,0,0,0,1,0,0,0,1,40,2,5418.8,2653.02,0
24.2283,45,18,2000,2000,0,0,0,1,0,0,0,1,40,2,6235.49,2331.93,0
24.2297,47,37,2000,2000,0,0,0,1,1,281,0.5,1,40,2,6123.22,2375.91,0
24.2312,49,19,2000,2000,0,0,0,1,1,32,0.15,1,40,2,5956.85,2436.81,0
24.2384,59,17,5007.43,2815.51,0,0,0,0,0,0,0,1,40,0,6016.98,2413.79,0
24.2435,66,5,6144.48,2367.58,0,0,0,0,0,0,0,1,40,0,4508.44,3007.85,0
24.2464,70,19,2000,2000,0,0,0,1,1,96,0.2,1,40,2,4987.63,2822.48,0
24.2471,71,18,2000,2000,0,0,0,1,0,64,0.05,1,40,2,5634,3646.94,0
24.2478,72,22,4508.44,3007.85,0,0,0,0,0,0,0,1,40,0,5364.82,2674.43,0
24.2486,73,19,2000,2000,0,0,0,1,1,32,0.15,1,40,2,5444.21,2639.51,0
24.2587,87,19,2000,2000,0,0,0,1,1,32,0.15,1,40,2,5420.98,2827.35,0
24.2609,90,19,2000,2000,0,0,0,1,1,32,0.15,1,40,2,5410.14,2804.47,0
24.263,93,19,2000,2000,0,0,0,1,1,32,0.15,1,40,2,5682.65,3810.88,0
24.2652,96,19,2000,2000,0,0,0,1,1,32,0.15,1,40,2,5630.63,2566.25,0
24.2746,109,37,2000,2000,0,0,0,1,0,0,0,1,40,2,5212.47,2731.54,0
24.2761,111,19,2000,2000,0,0,0,1,1,32,0.15,1,40,2,5548.65,2598.97,0
24.2783,114,10,2000,2000,0,0,0,1,0,0,0,1,40,2,5576.16,3430.08,0
24.2804,117,10,2000,2000,0,0,0,1,1,32,0.15,1,40,2,5570.14,3407.53,0
24.2841,122,19,2000,2000,0,0,0,1,1,96,0.2,1,40,2,5440.9,2905.2,0
24.2848,123,34,2000,2000,0,0,0,1,0,64,0.05,1,40,2,5451.2,2942.73,0
24.2855,124,19,2000,2000,0,0,0,1,1,96,0.2,1,40,2,5424.77,2835.36,0
24.2862,125,19,2000,2000,0,0,0,1,1,96,0.2,1,40,2,5982.97,2426.47,0
24.292,133,10,2000,2000,0,0,0,1,1,32,0.15,1,40,2,5365.79,2718.34,0
24.2957,138,19,2000,2000,0,0,0,1,1,32,0.15,1,40,2,0,0,0
24.2971,140,17,5022.75,2809.49,0,0,0,0,0,0,0,1,40,0,0,0,0
24.3022,9,10,2000,2000,0,0,0,1,1,32,0.15,1,40,2,5581.33,2586.44,0
24.3087,18,10,2000,2000,0,0,0,1,1,32,0.15,1,40,2,5385.28,2666.31,0
24.3101,20,11,5657.57,2558.76,0,0,0,0,0,0,0,1,40,0,5362.79,2712.01,0
24.3167,29,10,2000,2000,0,0,0,1,1,32,0.15,1,40,2,5685.14,3817.41,0
24.3196,33,27,5462.86,2985.23,0,0,0,0,0,0,0,1,40,0,5942.62,2442.45,0
24.3268,43,18,2000,2000,0,0,0,1,0,0,0,1,40,2,5418.8,2653.02,0
24.3283,45,18,2000,2000,0,0,0,1,0,0,0,1,40,2,6235.49,2331.93,0
24.3297,47,37,2000,2000,0,0,0,1,1,281,0.5,1,40,2,6123.22,2375.91,0
24.3312,49,19,2000,2000,0,0,0,1,1,32,0.15,1,40,2,5956.85,2436.81,0
24.3384,59,17,5007.43,2815.51,0,0,0,0,0,0,0,1,40,0,6016.98,2413.79,0
24.3435,66,5,6144.48,2367.58,0,0,0,0,0,0,0,1,40,0,4508.44,3007.85,0
24.3464,70,19,2000,2000,0,0,0,1,1,96,0.2,1,40,2,4987.63,2822.48,0
24.3471,71,18,2000,2000,0,0,0,1,0,64,0.05,1,40,2,5634,3646.94,0
24.3478,72,22,4508.44,3007.85,0,0,0,0,0,0,0,1,40,0,5364.82,2674.43,0
24.3486,73,19,2000,2000,0,0,0,1,1,32,0.15,1,40,2,5444.21,2639.51,0
24.3587,87,19,2000,2000,0,0,0,1,1,32,0.15,1,40,2,5420.98,2827.35,0
24.3609,90,19,2000,2000,0,0,0,1,1,32,0.15,1,40,2,5410.14,2804.47,0
24.363,93,19,2000,2000,0,0,0,1,1,32,0.15,1,40,2,5682.65,3810.88,0
24.3652,96,19,2000,2000,0,0,0,1,1,32,0.15,1,40,2,5630.63,2566.25,0
24.3746,109,37,2000,2000,0,0,0,1,0,0,0,1,40,2,5212.47,2731.54,0
24.3761,111,19,2000,2000,0,0,0,1,1,32,0.15,1,40,2,5548.65,2598.97,0
24.3783,114,10,2000,2000,0,0,0,1,1,32,0.15,1,40,2,5576.16,3430.08,0
24.3804,117,10,2000,2000,0,0,0,1,1,32,0.15,1,40,2,5570.14,3407.53,0
24.3841,122,19,2000,2000,0,0,0,1,1,96,0.2,1,40,2,5440.9,2905.2,0
24.3848,123,34,2000,2000,0,0,0,1,0,64,0.05,1,40,2,5451.2,2942.73,0
24.3855,124,19,2000,2000,0,0,0,1,1,96,0.2,1,40,2,5424.77,2835.36,0
24.3862,125,19,2000,2000,0,0,0,1,1,96,0.2,1,40,2,5982.97,2426.47,0
24.392,133,10,2000,2000,0,0,0,1,1,32,0.15,1,40,2,5365.79,2718.34,0
24.3957,138,19,2000,2000,0,0,0,1,1,32,0.15,1,40,2,0,0,0
24.3971,140,17,5022.75,2809.49,0,0,0,0,0,0,0,1,40,0,0,0,0
24.4022,9,10,2000,2000,0,0,0,1,1,32,0.15,1,40,2,5581.33,2586.44,0
24.4087,18,10,2000,2000,0,0,0,1,1,32,0.15,1,40,2,5385.28,2666.31,0
24.4101,20,11,5657.57,2558.76,0,0,0,0,0,0,0,1,40,0,5362.79,2712.01,0
24.4167,29,10,2000,2000,0,0,0,1,1,32,0.15,1,40,2,5685.14,3817.41,0
24.4196,33,27,5462.86,2985.23,0,0,0,0,0,0,0,1,40,0,5942.62,2442.45,0
24.4268,43,18,2000,2000,0,0,0,1,0,0,0,1,40,2,5418.8,2653.02,0
24.4283,45,18,2000,2000,0,0,0,1,0,0,0,1,40,2,6235.49,2331.93,0
24.4297,47,37,2000,2000,0,0,0,1,1,281,0.5,1,40,2,6123.22,2375.91,0
24.4312,49,19,2000,2000,0,0,0,1,1,32,0.15,1,40,2,5956.85,2436.81,0
24.4384,59,17,5007.43,2815.51,0,0,0,0,0,0,0,1,40,0,6016.98,2413.79,0
24.4435,66,5,6144.48,2367.58,0,0,0,0,0,0,0,1,40,0,4508.44,3007.85,0
24.4464,70,19,2000,2000,0,0,0,1,1,96,0.2,1,40,2,4987.63,2822.48,0
24.4471,71,18,2000,2000,0,0,0,1,0,64,0.05,1,40,2,5634,3646.94,0
24.4478,72,22,4508.44,3007.85,0,0,0,0,0,0,0,1,40,0,5364.82,2674.43,0
24.4486,73,19,2000,2000,0,0,0,1,1,32,0.15,1,40,2,5444.21,2639.51,0
24.4587,87,19,2000,2000,0,0,0,1,1,32,0.15,1,40,2,5420.98,2827.35,0
24.4609,90,19,2000,2000,0,0,0,1,1,32,0.15,1,40,2,5410.14,2804.47,0
24.463,93,19,2000,2000,0,0,0,1,1,32,0.15,1,40,2,5682.65,3810.88,0
24.4652,96,19,2000,2000,0,0,0,1,1,32,0.15,1,40,2,5630.63,2566.25,0
24.4746,109,37,2000,2000,0,0,0,1,0,0,0,1,40,2,5212.47,2731.54,0
24.4761,111,19,2000,2000,0,0,0,1,1,32,0.15,1,40,2,5548.65,2598.97,0
24.4783,114,10,2000,2000,0,0,0,1,1,32,0.15,1,40,2,5576.16,3430.08,0
24.4804,117,10,2000,2000,0,0,0,1,1,32,0.15,1,40,2,5570.14,3407.53,0
24.4841,122,19,2000,2000,0,0,0,1,1,96,0.2,1,40,2,5440.9,2905.2,0
24.4848,123,34,2000,2000,0,0,0,1,0,64,0.05,1,40,2,5451.2,2942.73,0
24.4855,124,19,2000,2000,0,0,0,1,1,96,0.2,1,40,2,5424.77,2835.36,0
24.4862,125,19,2000,2000,0,0,0,1,1,96,0.2,1,40,2,5982.97,2426.47,0
24.492,133,10,2000,2000,0,0,0,1,1,32,0.15,1,40,2,5365.79,2718.34,0
24.4957,138,19,2000,2000,0,0,0,1,1,32,0.15,1,40,2,0,0,0
24.4971,140,17,5022.75,2809.49,0,0,0,0,0,0,0,1,40,0,0,0,0
24.5022,9,10,2000,2000,0,0,0,1,1,32,0.15,1,40,2,5581.33,2586.44,0
24.5087,18,10,2000,2000,0,0,0,1,1,32,0.15,1,40,2,5385.28,2666.31,0
24.5101,20,11,5657.57,2558.76,0,0,0,0,0,0,0,1,40,0,5362.79,2712.01,0
24.5167,29,10,2000,2000,0,0,0,1,1,32,0.15,1,40,2,5685.14,3817.41,0
24.5196,33,27,5462.86,2985.23,0,0,0,0,0,0,0,1,40,0,5942.62,2442.45,0
24.5268,43,18,2000,2000,0,0,0,1,0,0,0,1,40,2,5418.8,2653.02,0
24.5283,45,18,2000,2000,0,0,0,1,0,0,0,1,40,2,6235.49,2331.93,0
24.5297,47,37,2000,2000,0,0,0,1,1,281,0.5,1,40,2,6123.22,2375.91,0
24.5312,49,19,2000,2000,0,0,0,1,1,32,0.15,1,40,2,5956.85,2436.81,0
24.5384,59,17,5007.43,2815.51,0,0,0,0,0,0,0,1,40,0,6016.98,2413.79,0
24.5435,66,5,6144.48,2367.58,0,0,0,0,0,0,0,1,40,0,4508.44,3007.85,0
24.5464,70,19,2000,2000,0,0,0,1,1,96,0.2,1,40,2,4987.63,2822.48,0
24.5471,71,18,2000,2000,0,0,0,1,0,64,0.05,1,40,2,5634,3646.94,0
24.5478,72,22,4508.44,3007.85,0,0,0,0,0,0,0,1,40,0,5364.82,2674.43,0
24.5486,73,19,2000,2000,0,0,0,1,1,32,0.15,1,40,2,5444.21,2639.51,0
24.5587,87,19,2000,2000,0,0,0,1,1,32,0.15,1,40,2,5420.98,2827.35,0
24.5609,90,19,2000,2000,0,0,0,1,1,32,0.15,1,40,2,5410.14,2804.47,0
24.563,93,19,2000,2000,0,0,0,1,1,32,0.15,1,40,2,5682.65,3810.88,0
24.5652,96,19,2000,2000,0,0,0,1,1,32,0.15,1,40,2,5630.63,2566.25,0
24.5746,109,37,2000,2000,0,0,0,1,0,0,0,1,40,2,5212.47,2731.54,0
24.5761,111,19,2000,2000,0,0,0,1,1,32,0.15,1,40,2,5548.65,2598.97,0
24.5783,114,10,2000,2000,0,0,0,1,1,32,0.15,1,40,2,5576.16,3430.08,0
24.5804,117,10,2000,2000,0,0,0,1,1,32,0.15,1,40,2,5570.14,3407.53,0
24.5841,122,19,2000,2000,0,0,0,1,1,96,0.2,1,40,2,5440.9,2905.2,0
24.5848,123,34,2000,2000,0,0,0,1,0,64,0.05,1,40,2,5451.2,2942.73,0
24.5855,124,19,2000,2000,0,0,0,1,1,96,0.2,1,40,2,5424.77,2835.36,0
24.5862,125,19,2000,2000,0,0,0,1,1,96,0.2,1,40,2,5982.97,2426.47,0
24.592,133,10,2000,2000,0,0,0,1,1,32,0.15,1,40,2,5365.79,2718.34,0
24.5957,138,19,2000,2000,0,0,0,1,1,32,0.15,1,40,2,0,0,0
24.5971,140,17,5022.75,2809.49,0,0,0,0,0,0,0,1,40,0,0,0,0
24.6022,9,10,2000,2000,0,0,0,1,1,32,0.15,1,40,2,5581.33,2586.44,0
24.6087,18,10,2000,2000,0,0,0,1,1,32,0.15,1,40,2,5385.28,2666.31,0
24.6101,20,11,5657.57,2558.76,0,0,0,0,0,0,0,1,40,0,5362.79,2712.01,0
24.6167,29,10,2000,2000,0,0,0,1,1,32,0.15,1,40,2,5685.14,3817.41,0
24.6196,33,27,5462.86,2985.23,0,0,0,0,0,0,0,1,40,0,5942.62,2442.45,0
24.6268,43,18,2000,2000,0,0,0,1,0,0,0,1,40,2,5418.8,2653.02,0
24.6283,45,18,2000,2000,0,0,0,1,0,0,0,1,40,2,6235.49,2331.93,0
24.6297,47,37,2000,2000,0,0,0,1,1,281,0.5,1,40,2,6123.22,2375.91,0
24.6312,49,19,2000,2000,0,0,0,1,1,32,0.15,1,40,2,5956.85,2436.81,0
24.6384,59,17,5007.43,2815.51,0,0,0,0,0,0,0,1,40,0,6016.98,2413.79,0
24.6435,66,5,6144.48,2367.58,0,0,0,0,0,0,0,1,40,0,4508.44,3007.85,0
24.6464,70,19,2000,2000,0,0,0,1,1,96,0.2,1,40,2,4987.63,2822.48,0
24.6471,71,18,2000,2000,0,0,0,1,0,64,0.05,1,40,2,5634,3646.94,0
24.6478,72,22,4508.44,3007.85,0,0,0,0,0,0,0,1,40,0,5364.82,2674.43,0
24.6486,73,19,2000,2000,0,0,0,1,1,32,0.15,1,40,2,5444.21,2639.51,0
24.6587,87,19,2000,2000,0,0,0,1,1,32,0.15,1,40,2,5420.98,2827.35,0
24.6609,90,19,2000,2000,0,0,0,1,1,32,0.15,1,40,2,5410.14,2804.47,0
24.663,93,19,2000,2000,0,0,0,1,1,32,0.15,1,40,2,5682.65,3810.88,0
24.6652,96,19,2000,2000,0,0,0,1,1,32,0.15,1,40,2,5630.63,2566.25,0
24.6746,109,37,2000,2000,0,0,0,1,0,0,0,1,40,2,5212.47,2731.54,0
24.6761,111,19,2000,2000,0,0,0,1,1,32,0.15,1,40,2,5548.65,2598.97,0
24.6783,114,10,2000,2000,0,0,0,1,1,32,0.15,1,40,2,5576.16,3430.08,0
24.6804,117,10,2000,2000,0,0,0,1,1,32,0.15,1,40,2,5570.14,3407.53,0
24.6841,122,19,2000,2000,0,0,0,1,1,96,0.2,1,40,2,5440.9,2905.2,0
24.6848,123,34,2000,2000,0,0,0,1,0,64,0.05,1,40,2,5451.2,2942.73,0
24.6855,124,19,2000,2000,0,0,0,1,1,96,0.2,1,40,2,5424.77,2835.36,0
24.6862,125,19,2000,2000,0,0,0,1,1,96,0.2,1,40,2,5982.97,2426.47,0
24.692,133,10,2000,2000,0,0,0,1,1,32,0.15,1,40,2,5365.79,2718.34,0
24.6957,138,19,2000,2000,0,0,0,1,1,32,0.15,1,40,2,0,0,0
24.6971,140,17,5022.75,2809.49,0,0,0,0,0,0,0,1,40,0,0,0,0
24.7022,9,10,2000,2000,0,0,0,1,1,32,0.15,1,40,2,5581.33,2586.44,0
24.7087,18,10,2000,2000,0,0,0,1,1,32,0.15,1,40,2,5385.28,2666.31,0
24.7101,20,11,5657.57,2558.76,0,0,0,0,0,0,0,1,40,0,5362.79,2712.01,0
24.7167,29,10,2000,2000,0,0,0,1,1,32,0.15,1,40,2,5685.14,3817.41,0
24.7196,33,27,5462.86,2985.23,0,0,0,0,0,0,0,1,40,0,5942.62,2442.45,0
24.7268,43,18,2000,2000,0,0,0,1,0,0,0,1,40,2,5418.8,2653.02,0
24.7283,45,18,2000,2000,0,0,0,1,0,0,0,1,40,2,6235.49,2331.93,0
24.7297,47,37,2000,2000,0,0,0,1,1,281,0.5,1,40,2,6123.22,2375.91,0
24.7312,49,19,2000,2000,0,0,0,1,1,32,0.15,1,40,2,5956.85,2436.81,0
24.7384,59,17,5007.43,2815.51,0,0,0,0,0,0,0,1,40,0,6016.98,2413.79,0
24.7435,66,5,6144.48,2367.58,0,0,0,0,0,0,0,1,40,0,4508.44,3007.85,0
24.7464,70,19,2000,2000,0,0,0,1,1,96,0.2,1,40,2,4987.63,2822.48,0
24.7471,71,18,2000,2000,0,0,0,1,0,64,0.05,1,40,2,5634,3646.94,0
24.7478,72,22,4508.44,3007.85,0,0,0,0,0,0,0,1,40,0,5364.82,2674.43,0
24.7486,73,19,2000,2000,0,0,0,1,1,32,0.15,1,40,2,5444.21,2639.51,0
24.7587,87,19,2000,2000,0,0,0,1,1,32,0.15,1,40,2,5420.98,2827.35,0
24.7609,90,19,2000,2000,0,0,0,1,1,32,0.15,1,40,2,5410.14,2804.47,0
24.763,93,19,2000,2000,0,0,0,1,1,32,0.15,1,40,2,5682.65,3810.88,0
24.7652,96,19,2000,2000,0,0,0,1,1,32,0.15,1,40,2,5630.63,2566.25,0
24.7746,109,37,2000,2000,0,0,0,1,0,0,0,1,40,2,5212.47,2731.54,0
24.7761,111,19,2000,2000,0,0,0,1,1,32,0.15,1,40,2,5548.65,2598.97,0
24.7783,114,10,2000,2000,0,0,0,1,1,32,0.15,1,40,2,5576.16,3430.08,0
24.7804,117,10,2000,2000,0,0,0,1,1,32,0.15,1,40,2,5570.14,3407.53,0
24.7841,122,19,2000,2000,0,0,0,1,1,96,0.2,1,40,2,5440.9,2905.2,0
24.7848,123,34,2000,2000,0,0,0,1,0,64,0.05,1,40,2,5451.2,2942.73,0
24.7855,124,19,2000,2000,0,0,0,1,1,96,0.2,1,40,2,5424.77,2835.36,0
24.7862,125,19,2000,2000,0,0,0,1,1,96,0.2,1,40,2,5982.97,2426.47,0
24.792,133,10,2000,2000,0,0,0,1,1,32,0.15,1,40,2,5365.79,2718.34,0
24.7957,138,19,2000,2000,0,0,0,1,1,32,0.15,1,40,2,0,0,0
24.7971,140,17,5022.75,2809.49,0,0,0,0,0,0,0,1,40,0,0,0,0
24.8022,9,10,2000,2000,0,0,0,1,1,32,0.15,1,40,2,5581.33,2586.44,0
24.8087,18,10,2000,2000,0,0,0,1,1,32,0.15,1,40,2,5385.28,2666.31,0
24.8101,20,11,5657.57,2558.76,0,0,0,0,0,0,0,1,40,0,5362.79,2712.01,0
24.8167,29,10,2000,2000,0,0,0,1,1,32,0.15,1,40,2,5685.14,3817.41,0
24.8196,33,27,5462.86,2985.23,0,0,0,0,0,0,0,1,40,0,5942.62,2442.45,0
24.8268,43,18,2000,2000,0,0,0,1,0,0,0,1,40,2,5418.8,2653.02,0
24.8283,45,18,2000,2000,0,0,0,1,0,0,0,1,40,2,6235.49,2331.93,0
24.8297,47,37,2000,2000,0,0,0,1,1,281,0.5,1,40,2,6123.22,2375.91,0
24.8312,49,19,2000,2000,0,0,0,1,1,32,0.15,1,40,2,5956.85,2436.81,0
24.8384,59,17,5007.43,2815.51,0,0,0,0,0,0,0,1,40,0,6016.98,2413.79,0
24.8435,66,5,6144.48,2367.58,0,0,0,0,0,0,0,1,40,0,4508.44,3007.85,0
24.8464,70,19,2000,2000,0,0,0,1,1,96,0.2,1,40,2,4987.63,2822.48,0
24.8471,71,18,2000,2000,0,0,0,1,0,64,0.05,1,40,2,5634,3646.94,0
24.8478,72,22,4508.44,3007.85,0,0,0,0,0,0,0,1,40,0,5364.82,2674.43,0
24.8486,73,19,2000,2000,0,0,0,1,1,32,0.15,1,40,2,5444.21,2639.51,0
24.8587,87,19,2000,2000,0,0,0,1,1,32,0.15,1,40,2,5420.98,2827.35,0
24.8609,90,19,2000,2000,0,0,0,1,1,32,0.15,1,40,2,5410.14,2804.47,0
24.863,93,19,2000,2000,0,0,0,1,1,32,0.15,1,40,2,5682.65,3810.88,0
24.8652,96,19,2000,2000,0,0,0,1,1,32,0.15,1,40,2,5630.63,2566.25,0
24.8746,109,37,2000,2000,0,0,0,1,0,0,0,1,40,2,5212.47,2731.54,0
24.8761,111,19,2000,2000,0,0,0,1,1,32,0.15,1,40,2,5548.65,2598.97,0
24.8783,114,10,2000,2000,0,0,0,1,1,32,0.15,1,40,2,5576.16,3430.08,0
24.8804,117,10,2000,2000,0,0,0,1,1,32,0.15,1,40,2,5570.14,3407.53,0
24.8841,122,19,2000,2000,0,0,0,1,1,96,0.2,1,40,2,5440.9,2905.2,0
24.8848,123,34,2000,2000,0,0,0,1,0,64,0.05,1,40,2,5451.2,2942.73,0
24.8855,124,19,2000,2000,0,0,0,1,1,96,0.2,1,40,2,5424.77,2835.36,0
24.8862,125,19,2000,2000,0,0,0,1,1,96,0.2,1,40,2,5982.97,2426.47,0
24.892,133,10,2000,2000,0,0,0,1,1,32,0.15,1,40,2,5365.79,2718.34,0
24.8957,138,19,2000,2000,0,0,0,1,1,32,0.15,1,40,2,0,0,0
24.8971,140,17,5022.75,2809.49,0,0,0,0,0,0,0,1,40,0,0,0,0
24.9022,9,10,2000,2000,0,0,0,1,1,32,0.15,1,40,2,5581.33,2586.44,0
24.9087,18,10,2000,2000,0,0,0,1,1,32,0.15,1,40,2,5385.28,2666.31,0
24.9101,20,11,5657.57,2558.76,0,0,0,0,0,0,0,1,40,0,5362.79,2712.01,0
24.9167,29,10,2000,2000,0,0,0,1,1,32,0.15,1,40,2,5685.14,3817.41,0
24.9196,33,27,5462.86,2985.23,0,0,0,0,0,0,0,1,40,0,5942.62,2442.45,0
24.9268,43,18,2000,2000,0,0,0,1,0,0,0,1,40,2,5418.8,2653.02,0
24.9283,45,18,2000,2000,0,0,0,1,0,0,0,1,40,2,6235.49,2331.93,0
24.9297,47,37,2000,2000,0,0,0,1,1,281,0.5,1,40,2,6123.22,2375.91,0
24.9312,49,19,2000,2000,0,0,0,1,1,32,0.15,1,40,2,5956.85,2436.81,0
24.9384,59,17,5007.43,2815.51,0,0,0,0,0,0,0,1,40,0,6016.98,2413.79,0
24.9435,66,5,6144.48,2367.58,0,0,0,0,0,0,0,1,40,0,4508.44,3007.85,0
24.9464,70,19,2000,2000,0,0,0,1,1,96,0.2,1,40,2,4987.63,2822.48,0
24.9471,71,18,2000,2000,0,0,0,1,0,64,0.05,1,40,2,5634,3646.94,0
24.9478,72,22,4508.44,3007.85,0,0,0,0,0,0,0,1,40,0,5364.82,2674.43,0
24.9486,73,19,2000,2000,0,0,0,1,1,32,0.15,1,40,2,5444.21,2639.51,0
24.9587,87,19,2000,2000,0,0,0,1,1,32,0.15,1,40,2,5420.98,2827.35,0
24.9609,90,19,2000,2000,0,0,0,1,1,32,0.15,1,40,2,5410.14,2804.47,0
24.963,93,19,2000,2000,0,0,0,1,1,32,0.15,1,40,2,5682.65,3810.88,0
24.9652,96,19,2000,2000,0,0,0,1,1,32,0.15,1,40,2,5630.63,2566.25,0
24.9746,109,37,2000,2000,0,0,0,1,0,0,0,1,40,2,5212.47,2731.54,0
24.9761,111,19,2000,2000,0,0,0,1,1,32,0.15,1,40,2,5548.65,2598.97,0
24.9783,114,10,2000,2000,0,0,0,1,1,32,0.15,1,40,2,5576.16,3430.08,0
24.9804,117,10,2000,2000,0,0,0,1,1,32,0.15,1,40,2,5570.14,3407.53,0
24.9841,122,19,2000,2000,0,0,0,1,1,96,0.2,1,40,2,5440.9,2905.2,0
24.9848,123,34,2000,2000,0,0,0,1,0,64,0.05,1,40,2,5451.2,2942.73,0
24.9855,124,19,2000,2000,0,0,0,1,1,96,0.2,1,40,2,5424.77,2835.36,0
24.9862,125,19,2000,2000,0,0,0,1,1,96,0.2,1,40,2,5982.97,2426.47,0
24.992,133,10,2000,2000,0,0,0,1,1,32,0.15,1,40,2,5365.79,2718.34,0
24.9957,138,19,2000,2000,0,0,0,1,1,32,0.15,1,40,2,0,0,0
24.9971,140,17,5022.75,2809.49,0,0,0,0,0,0,0,1,40,0,0,0,0
25.0022,9,10,2000,2000,0,0,0,1,1,32,0.15,1,40,2,5581.33,2586.44,0
25.0087,18,10,2000,2000,0,0,0,1,1,32,0.15,1,40,2,5385.28,2666.31,0
25.0101,20,11,5657.57,2558.76,0,0,0,0,0,0,0,1,40,0,5362.79,2712.01,0
25.0167,29,10,2000,2000,0,0,0,1,1,32,0.15,1,40,2,5685.14,3817.41,0
25.0196,33,27,5462.86,2985.23,0,0,0,0,0,0,0,1,40,0,5942.62,2442.45,0
25.0268,43,18,2000,2000,0,0,0,1,0,0,0,1,40,2,5418.8,2653.02,0
25.0283,45,18,2000,2000,0,0,0,1,0,0,0,1,40,2,6235.49,2331.93,0
25.0297,47,37,2000,2000,0,0,0,1,1,281,0.5,1,40,2,6123.22,2375.91,0
25.0312,49,19,2000,2000,0,0,0,1,1,32,0.15,1,40,2,5956.85,2436.81,0
25.0384,59,17,5007.43,2815.51,0,0,0,0,0,0,0,1,40,0,6016.98,2413.79,0
25.0435,66,5,6144.48,2367.58,0,0,0,0,0,0,0,1,40,0,4508.44,3007.85,0
25.0464,70,19,2000,2000,0,0,0,1,1,96,0.2,1,40,2,4987.63,2822.48,0
25.0471,71,18,2000,2000,0,0,0,1,0,64,0.05,1,40,2,5634,3646.94,0
25.0478,72,22,4508.44,3007.85,0,0,0,0,0,0,0,1,40,0,5364.82,2674.43,0
25.0486,73,19,2000,2000,0,0,0,1,1,32,0.15,1,40,2,5444.21,2639.51,0
25.0587,87,19,2000,2000,0,0,0,1,1,32,0.15,1,40,2,5420.98,2827.35,0
25.0609,90,19,2000,2000,0,0,0,1,1,32,0.15,1,40,2,5410.14,2804.47,0
25.063,93,19,2000,2000,0,0,0,1,1,32,0.15,1,40,2,5682.65,3810.88,0
25.0652,96,19,2000,2000,0,0,0,1,1,32,0.15,1,40,2,5630.63,2566.25,0
25.0746,109,37,2000,2000,0,0,0,1,0,0,0,1,40,2,5212.47,2731.54,0
25.0761,111,19,2000,2000,0,0,0,1,1,32,0.15,1,40,2,5548.65,2598.97,0
25.0783,114,10,2000,2000,0,0,0,1,1,32,0.15,1,40,2,5576.16,3430.08,0
25.0804,117,10,2000,2000,0,0,0,1,1,32,0.15,1,40,2,5570.14,3407.53,0
25.0841,122,19,2000,2000,0,0,0,1,1,96,0.2,1,40,2,5440.9,2905.2,0
25.0848,123,34,2000,2000,0,0,0,1,0,64,0.05,1,40,2,5451.2,2942.73,0
25.0855,124,19,2000,2000,0,0,0,1,1,96,0.2,1,40,2,5424.77,2835.36,0
25.0862,125,19,2000,2000,0,0,0,1,1,96,0.2,1,40,2,5982.97,2426.47,0
25.092,133,10,2000,2000,0,0,0,1,1,32,0.15,1,40,2,5365.79,2718.34,0
25.0957,138,19,2000,2000,0,0,0,1,1,32,0.15,1,40,2,0,0,0
25.0971,140,17,5022.75,2809.49,0,0,0,0,0,0,0,1,40,0,0,0,0
25.1022,9,10,2000,2000,0,0,0,1,1,32,0.15,1,40,2,5581.33,2586.44,0
25.1087,18,10,2000,2000,0,0,0,1,1,32,0.15,1,40,2,5385.28,2666.31,0
25.1101,20,11,5657.57,2558.76,0,0,0,0,0,0,0,1,40,0,5362.79,2712.01,0
25.1167,29,10,2000,2000,0,0,0,1,1,32,0.15,1,40,2,5685.14,3817.41,0
25.1196,33,27,5462.86,2985.23,0,0,0,0,0,0,0,1,40,0,5942.62,2442.45,0
25.1268,43,18,2000,2000,0,0,0,1,0,0,0,1,40,2,5418.8,2653.02,0
25.1283,45,18,2000,2000,0,0,0,1,0,0,0,1,40,2,6235.49,2331.93,0
25.1297,47,37,2000,2000,0,0,0,1,1,281,0.5,1,40,2,6123.22,2375.91,0
25.1312,49,19,2000,2000,0,0,0,1,1,32,0.15,1,40,2,5956.85,2436.81,0
25.1384,59,17,5007.43,2815.51,0,0,0,0,0,0,0,1,40,0,6016.98,2413.79,0
25.1435,66,5,6144.48,2367.58,0,0,0,0,0,0,0,1,40,0,4508.44,3007.85,0
25.1464,70,19,2000,2000,0,0,0,1,0,64,0.05,1,40,2,4987.63,2822.48,0
25.1471,71,18,2000,2000,0,0,0,1,0,64,0.05,1,40,2,5634,3646.94,0
25.1478,72,22,4508.44,3007.85,0,0,0,0,0,0,0,1,40,0,5364.82,2674.43,0
25.1486,73,19,2000,2000,0,0,0,1,0,0,0,1,40,2,5444.21,2639.51,0
25.1587,87,19,2000,2000,0,0,0,1,0,0,0,1,40,2,5420.98,2827.35,0
25.1609,90,19,2000,2000,0,0,0,1,1,32,0.15,1,40,2,5410.14,2804.47,0
25.163,93,19,2000,2000,0,0,0,1,1,32,0.15,1,40,2,5682.65,3810.88,0
25.1652,96,19,2000,2000,0,0,0,1,1,32,0.15,1,40,2,5630.63,2566.25,0
25.1746,109,37,2000,2000,0,0,0,1,0,0,0,1,40,2,5212.47,2731.54,0
25.1761,111,19,2000,2000,0,0,0,1,1,32,0.15,1,40,2,5548.65,2598.97,0
25.1783,114,10,2000,2000,0,0,0,1,1,32,0.15,1,40,2,5576.16,3430.08,0
25.1804,117,10,2000,2000,0,0,0,1,1,32,0.15,1,40,2,5570.14,3407.53,0
25.1841,122,19,2000,2000,0,0,0,1,1,96,0.2,1,40,2,5440.9,2905.2,0
25.1848,123,34,2000,2000,0,0,0,1,0,64,0.05,1,40,2,5451.2,2942.73,0
25.1855,124,19,2000,2000,0,0,0,1,1,96,0.2,1,40,2,5424.77,2835.36,0
25.1862,125,19,2000,2000,0,0,0,1,1,96,0.2,1,40,2,5982.97,2426.47,0
25.192,133,10,2000,2000,0,0,0,1,1,32,0.15,1,40,2,5365.79,2718.34,0
25.1957,138,19,2000,2000,0,0,0,1,1,32,0.15,1,40,2,0,0,0
25.1971,140,17,5022.75,2809.49,0,0,0,0,0,0,0,1,40,0,0,0,0
25.2022,9,10,2000,2000,0,0,0,1,1,32,0.15,1,40,2,5581.33,2586.44,0
25.2087,18,10,2000,2000,0,0,0,1,1,32,0.15,1,40,2,5385.28,2666.31,0
25.2101,20,11,5657.57,2558.76,0,0,0,0,0,0,0,1,40,0,5362.79,2712.01,0
25.2167,29,10,2000,2000,0,0,0,1,0,0,0,1,40,2,5685.14,3817.41,0
25.2196,33,27,5462.86,2985.23,0,0,0,0,0,0,0,1,40,0,5942.62,2442.45,0
25.2268,43,18,2000,2000,0,0,0,1,0,0,0,1,40,2,5418.8,2653.02,0
25.2283,45,18,2000,2000,0,0,0,1,0,0,0,1,40,2,6235.49,2331.93,0
25.2297,47,37,2000,2000,0,0,0,1,1,281,0.5,1,40,2,6123.22,2375.91,0
25.2312,49,19,2000,2000,0,0,0,1,1,32,0.15,1,40,2,5956.85,2436.81,0
25.2384,59,17,5007.43,2815.51,0,0,0,0,0,0,0,1,40,0,6016.98,2413.79,0
25.2435,66,5,6144.48,2367.58,0,0,0,0,0,0,0,1,40,0,4508.44,3007.85,0
25.2464,70,19,2000,2000,0,0,0,1,1,96,0.2,1,40,2,4987.63,2822.48,0
25.2471,71,18,2000,2000,0,0,0,1,0,64,0.05,1,40,2,5634,3646.94,0
25.2478,72,22,4508.44,3007.85,0,0,0,0,0,0,0,1,40,0,5364.82,2674.43,0
25.2486,73,19,2000,2000,0,0,0,1,1,32,0.15,1,40,2,5444.21,2639.51,0
25.2587,87,19,2000,2000,0,0,0,1,1,32,0.15,1,40,2,5420.98,2827.35,0
25.2609,90,19,2000,2000,0,0,0,1,1,32,0.15,1,40,2,5410.14,2804.47,0
25.263,93,19,2000,2000,0,0,0,1,1,32,0.15,1,40,2,5682.65,3810.88,0
25.2652,96,19,2000,2000,0,0,0,1,1,32,0.15,1,40,2,5630.63,2566.25,0
25.2746,109,37,2000,2000,0,0,0,1,0,0,0,1,40,2,5212.47,2731.54,0
25.2761,111,19,2000,2000,0,0,0,1,1,32,0.15,1,40,2,5548.65,2598.97,0
25.2783,114,10,2000,2000,0,0,0,1,0,0,0,1,40,2,5576.16,3430.08,0
25.2804,117,10,2000,2000,0,0,0,1,0,0,0,1,40,2,5570.14,3407.53,0
25.2841,122,19,2000,2000,0,0,0,1,1,96,0.2,1,40,2,5440.9,2905.2,0
25.2848,123,34,2000,2000,0,0,0,1,0,64,0.05,1,40,2,5451.2,2942.73,0
25.2855,124,19,2000,2000,0,0,0,1,1,96,0.2,1,40,2,5424.77,2835.36,0
25.2862,125,19,2000,2000,0,0,0,1,1,96,0.2,1,40,2,5982.97,2426.47,0
25.292,133,10,2000,2000,0,0,0,1,1,32,0.15,1,40,2,5365.79,2718.34,0
25.2957,138,19,2000,2000,0,0,0,1,1,32,0.15,1,40,2,0,0,0
25.2971,140,17,5022.75,2809.49,0,0,0,0,0,0,0,1,40,0,0,0,0
25.3022,9,10,2000,2000,0,0,0,1,1,32,0.15,1,40,2,5581.33,2586.44,0
25.3087,18,10,2000,2000,0,0,0,1,1,32,0.15,1,40,2,5385.28,2666.31,0
25.3101,20,11,5657.57,2558.76,0,0,0,0,0,0,0,1,40,0,5362.79,2712.01,0
25.3167,29,10,2000,2000,0,0,0,1,1,32,0.15,1,40,2,5685.14,3817.41,0
25.3196,33,27,5462.86,2985.23,0,0,0,0,0,0,0,1,40,0,5942.62,2442.45,0
25.3268,43,18,2000,2000,0,0,0,1,0,0,0,1,40,2,5418.8,2653.02,0
25.3283,45,18,2000,2000,0,0,0,1,0,0,0,1,40,2,6235.49,2331.93,0
25.3297,47,37,2000,2000,0,0,0,1,1,281,0.5,1,40,2,6123.22,2375.91,0
25.3312,49,19,2000,2000,0,0,0,1,1,32,0.15,1,40,2,5956.85,2436.81,0
25.3384,59,17,5007.43,2815.51,0,0,0,0,0,0,0,1,40,0,6016.98,2413.79,0
25.3435,66,5,6144.48,2367.58,0,0,0,0,0,0,0,1,40,0,4508.44,3007.85,0
25.3464,70,19,2000,2000,0,0,0,1,1,96,0.2,1,40,2,4987.63,2822.48,0
25.3471,71,18,2000,2000,0,0,0,1,0,64,0.05,1,40,2,5634,3646.94,0
25.3478,72,22,4508.44,3007.85,0,0,0,0,0,0,0,1,40,0,5364.82,2674.43,0
25.3486,73,19,2000,2000,0,0,0,1,1,32,0.15,1,40,2,5444.21,2639.51,0
25.3587,87,19,2000,2000,0,0,0,1,1,32,0.15,1,40,2,5420.98,2827.35,0
25.3609,90,19,2000,2000,0,0,0,1,1,32,0.15,1,40,2,5410.14,2804.47,0
25.363,93,19,2000,2000,0,0,0,1,1,32,0.15,1,40,2,5682.65,3810.88,0
25.3652,96,19,2000,2000,0,0,0,1,1,32,0.15,1,40,2,5630.63,2566.25,0
25.3746,109,37,2000,2000,0,0,0,1,0,0,0,1,40,2,5212.47,2731.54,0
25.3761,111,19,2000,2000,0,0,0,1,1,32,0.15,1,40,2,5548.65,2598.97,0
25.3783,114,10,2000,2000,0,0,0,1,1,32,0.15,1,40,2,5576.16,3430.08,0
25.3804,117,10,2000,2000,0,0,0,1,1,32,0.15,1,40,2,5570.14,3407.53,0
25.3841,122,19,2000,2000,0,0,0,1,1,96,0.2,1,40,2,5440.9,2905.2,0
25.3848,123,34,2000,2000,0,0,0,1,0,64,0.05,1,40,2,5451.2,2942.73,0
25.3855,124,19,2000,2000,0,0,0,1,1,96,0.2,1,40,2,5424.77,2835.36,0
25.3862,125,19,2000,2000,0,0,0,1,1,96,0.2,1,40,2,5982.97,2426.47,0
25.392,133,10,2000,2000,0,0,0,1,1,32,0.15,1,40,2,5365.79,2718.34,0
25.3957,138,19,2000,2000,0,0,0,1,1,32,0.15,1,40,2,0,0,0
25.3971,140,17,5022.75,2809.49,0,0,0,0,0,0,0,1,40,0,0,0,0
25.4022,9,10,2000,2000,0,0,0,1,1,32,0.15,1,40,2,5581.33,2586.44,0
25.4087,18,10,2000,2000,0,0,0,1,1,32,0.15,1,40,2,5385.28,2666.31,0
25.4101,20,11,5657.57,2558.76,0,0,0,0,0,0,0,1,40,0,5362.79,2712.01,0
25.4167,29,10,2000,2000,0,0,0,1,1,32,0.15,1,40,2,5685.14,3817.41,0
25.4196,33,27,5462.86,2985.23,0,0,0,0,0,0,0,1,40,0,5942.62,2442.45,0
25.4268,43,18,2000,2000,0,0,0,1,0,0,0,1,40,2,5418.8,2653.02,0
25.4283,45,18,2000,2000,0,0,0,1,0,0,0,1,40,2,6235.49,2331.93,0
25.4297,47,37,2000,2000,0,0,0,1,1,281,0.5,1,40,2,6123.22,2375.91,0
25.4312,49,19,2000,2000,0,0,0,1,1,32,0.15,1,40,2,5956.85,2436.81,0
25.4384,59,17,5007.43,2815.51,0,0,0,0,0,0,0,1,40,0,6016.98,2413.79,0
25.4435,66,5,6144.48,2367.58,0,0,0,0,0,0,0,1,40,0,4508.44,3007.85,0
25.4464,70,19,2000,2000,0,0,0,1,1,96,0.2,1,40,2,4987.63,2822.48,0
25.4471,71,18,2000,2000,0,0,0,1,0,64,0.05,1,40,2,5634,3646.94,0
25.4478,72,22,4508.44,3007.85,0,0,0,0,0,0,0,1,40,0,5364.82,2674.43,0
25.4486,73,19,2000,2000,0,0,0,1,1,32,0.15,1,40,2,5444.21,2639.51,0
25.4587,87,19,2000,2000,0,0,0,1,1,32,0.15,1,40,2,5420.98,2827.35,0
25.4609,90,19,2000,2000,0,0,0,1,1,32,0.15,1,40,2,5410.14,2804.47,0
25.463,93,19,2000,2000,0,0,0,1,1,32,0.15,1,40,2,5682.65,3810.88,0
25.4652,96,19,2000,2000,0,0,0,1,1,32,0.15,1,40,2,5630.63,2566.25,0
25.4746,109,37,2000,2000,0,0,0,1,0,0,0,1,40,2,5212.47,2731.54,0
25.4761,111,19,2000,2000,0,0,0,1,1,32,0.15,1,40,2,5548.65,2598.97,0
25.4783,114,10,2000,2000,0,0,0,1,1,32,0.15,1,40,2,5576.16,3430.08,0
25.4804,117,10,2000,2000,0,0,0,1,1,32,0.15,1,40,2,5570.14,3407.53,0
25.4841,122,19,2000,2000,0,0,0,1,1,96,0.2,1,40,2,5440.9,2905.2,0
25.4848,123,34,2000,2000,0,0,0,1,0,64,0.05,1,40,2,5451.2,2942.73,0
25.4855,124,19,2000,2000,0,0,0,1,1,96,0.2,1,40,2,5424.77,2835.36,0
25.4862,125,19,2000,2000,0,0,0,1,1,96,0.2,1,40,2,5982.97,2426.47,0
25.492,133,10,2000,2000,0,0,0,1,1,32,0.15,1,40,2,5365.79,2718.34,0
25.4957,138,19,2000,2000,0,0,0,1,1,32,0.15,1,40,2,0,0,0
25.4971,140,17,5022.75,2809.49,0,0,0,0,0,0,0,1,40,0,0,0,0
25.5022,9,10,2000,2000,0,0,0,1,1,32,0.15,1,40,2,5581.33,2586.44,0
25.5087,18,10,2000,2000,0,0,0,1,1,32,0.15,1,40,2,5385.28,2666.31,0
25.5101,20,11,5657.57,2558.76,0,0,0,0,0,0,0,1,40,0,5362.79,2712.01,0
25.5167,29,10,2000,2000,0,0,0,1,1,32,0.15,1,40,2,5685.14,3817.41,0
25.5196,33,27,5462.86,2985.23,0,0,0,0,0,0,0,1,40,0,5942.62,2442.45,0
25.5268,43,18,2000,2000,0,0,0,1,0,0,0,1,40,2,5418.8,2653.02,0
25.5283,45,18,2000,2000,0,0,0,1,0,0,0,1,40,2,6235.49,2331.93,0
25.5297,47,37,2000,2000,0,0,0,1,1,281,0.5,1,40,2,6123.22,2375.91,0
25.5312,49,19,2000,2000,0,0,0,1,1,32,0.15,1,40,2,5956.85,2436.81,0
25.5384,59,17,5007.43,2815.51,0,0,0,0,0,0,0,1,40,0,6016.98,2413.79,0
25.5435,66,5,6144.48,2367.58,0,0,0,0,0,0,0,1,40,0,4508.44,3007.85,0
25.5464,70,19,2000,2000,0,0,0,1,1,96,0.2,1,40,2,4987.63,2822.48,0
25.5471,71,18,2000,2000,0,0,0,1,0,64,0.05,1,40,2,5634,3646.94,0
25.5478,72,22,4508.44,3007.85,0,0,0,0,0,0,0,1,40,0,5364.82,2674.43,0
25.5486,73,19,2000,2000,0,0,0,1,1,32,0.15,1,40,2,5444.21,2639.51,0
25.5587,87,19,2000,2000,0,0,0,1,1,32,0.15,1,40,2,5420.98,2827.35,0
25.5609,90,19,2000,2000,0,0,0,1,1,32,0.15,1,40,2,5410.14,2804.47,0
25.563,93,19,2000,2000,0,0,0,1,1,32,0.15,1,40,2,5682.65,3810.88,0
25.5652,96,19,2000,2000,0,0,0,1,1,32,0.15,1,40,2,5630.63,2566.25,0
25.5746,109,37,2000,2000,0,0,0,1,0,0,0,1,40,2,5212.47,2731.54,0
25.5761,111,19,2000,2000,0,0,0,1,1,32,0.15,1,40,2,5548.65,2598.97,0
25.5783,114,10,2000,2000,0,0,0,1,1,32,0.15,1,40,2,5576.16,3430.08,0
25.5804,117,10,2000,2000,0,0,0,1,1,32,0.15,1,40,2,5570.14,3407.53,0
25.5841,122,19,2000,2000,0,0,0,1,1,96,0.2,1,40,2,5440.9,2905.2,0
25.5848,123,34,2000,2000,0,0,0,1,0,64,0.05,1,40,2,5451.2,2942.73,0
25.5855,124,19,2000,2000,0,0,0,1,1,96,0.2,1,40,2,5424.77,2835.36,0
25.5862,125,19,2000,2000,0,0,0,1,1,96,0.2,1,40,2,5982.97,2426.47,0
25.592,133,10,2000,2000,0,0,0,1,1,32,0.15,1,40,2,5365.79,2718.34,0
25.5957,138,19,2000,2000,0,0,0,1,1,32,0.15,1,40,2,0,0,0
25.5971,140,17,5022.75,2809.49,0,0,0,0,0,0,0,1,40,0,0,0,0
25.6022,9,10,2000,2000,0,0,0,1,1,32,0.15,1,40,2,5581.33,2586.44,0
25.6087,18,10,2000,2000,0,0,0,1,1,32,0.15,1,40,2,5385.28,2666.31,0
25.6101,20,11,5657.57,2558.76,0,0,0,0,0,0,0,1,40,0,5362.79,2712.01,0
25.6167,29,10,2000,2000,0,0,0,1,1,32,0.15,1,40,2,5685.14,3817.41,0
25.6196,33,27,5462.86,2985.23,0,0,0,0,0,0,0,1,40,0,5942.62,2442.45,0
25.6268,43,18,2000,2000,0,0,0,1,0,0,0,1,40,2,5418.8,2653.02,0
25.6283,45,18,2000,2000,0,0,0,1,0,0,0,1,40,2,6235.49,2331.93,0
25.6297,47,37,2000,2000,0,0,0,1,1,281,0.5,1,40,2,6123.22,2375.91,0
25.6312,49,19,2000,2000,0,0,0,1,1,32,0.15,1,40,2,5956.85,2436.81,0
25.6384,59,17,5007.43,2815.51,0,0,0,0,0,0,0,1,40,0,6016.98,2413.79,0
25.6435,66,5,6144.48,2367.58,0,0,0,0,0,0,0,1,40,0,4508.44,3007.85,0
25.6464,70,19,2000,2000,0,0,0,1,1,96,0.2,1,40,2,4987.63,2822.48,0
25.6471,71,18,2000,2000,0,0,0,1,0,64,0.05,1,40,2,5634,3646.94,0
25.6478,72,22,4508.44,3007.85,0,0,0,0,0,0,0,1,40,0,5364.82,2674.43,0
25.6486,73,19,2000,2000,0,0,0,1,1,32,0.15,1,40,2,5444.21,2639.51,0
25.6587,87,19,2000,2000,0,0,0,1,1,32,0.15,1,40,2,5420.98,2827.35,0
25.6609,90,19,2000,2000,0,0,0,1,1,32,0.15,1,40,2,5410.14,2804.47,0
25.663,93,19,2000,2000,0,0,0,1,1,32,0.15,1,40,2,5682.65,3810.88,0
25.6652,96,19,2000,2000,0,0,0,1,1,32,0.15,1,40,2,5630.63,2566.25,0
25.6746,109,37,2000,2000,0,0,0,1,0,0,0,1,40,2,5212.47,2731.54,0
25.6761,111,19,2000,2000,0,0,0,1,1,32,0.15,1,40,2,5548.65,2598.97,0
25.6783,114,10,2000,2000,0,0,0,1,1,32,0.15,1,40,2,5576.16,3430.08,0
25.6804,117,10,2000,2000,0,0,0,1,1,32,0.15,1,40,2,5570.14,3407.53,0
25.6841,122,19,2000,2000,0,0,0,1,1,96,0.2,1,40,2,5440.9,2905.2,0
25.6848,123,34,2000,2000,0,0,0,1,0,64,0.05,1,40,2,5451.2,2942.73,0
25.6855,124,19,2000,2000,0,0,0,1,1,96,0.2,1,40,2,5424.77,2835.36,0
25.6862,125,19,2000,2000,0,0,0,1,1,96,0.2,1,40,2,5982.97,2426.47,0
25.692,133,10,2000,2000,0,0,0,1,1,32,0.15,1,40,2,5365.79,2718.34,0
25.6957,138,19,2000,2000,0,0,0,1,1,32,0.15,1,40,2,0,0,0
25.6971,140,17,5022.75,2809.49,0,0,0,0,0,0,0,1,40,0,0,0,0
25.7022,9,10,2000,2000,0,0,0,1,1,32,0.15,1,40,2,5581.33,2586.44,0
25.7087,18,10,2000,2000,0,0,0,1,1,32,0.15,1,40,2,5385.28,2666.31,0
25.7101,20,11,5657.57,2558.76,0,0,0,0,0,0,0,1,40,0,5362.79,2712.01,0
25.7167,29,10,2000,2000,0,0,0,1,1,32,0.15,1,40,2,5685.14,3817.41,0
25.7196,33,27,5462.86,2985.23,0,0,0,0,0,0,0,1,40,0,5942.62,2442.45,0
25.7268,43,18,2000,2000,0,0,0,1,0,0,0,1,40,2,5418.8,2653.02,0
25.7283,45,18,2000,2000,0,0,0,1,0,0,0,1,40,2,6235.49,2331.93,0
25.7297,47,37,2000,2000,0,0,0,1,1,281,0.5,1,40,2,6123.22,2375.91,0
25.7312,49,19,2000,2000,0,0,0,1,1,32,0.15,1,40,2,5956.85,2436.81,0
25.7384,59,17,5007.43,2815.51,0,0,0,0,0,0,0,1,40,0,6016.98,2413.79,0
25.7435,66,5,6144.48,2367.58,0,0,0,0,0,0,0,1,40,0,4508.44,3007.85,0
25.7464,70,19,2000,2000,0,0,0,1,1,96,0.2,1,40,2,4987.63,2822.48,0
25.7471,71,18,2000,2000,0,0,0,1,0,64,0.05,1,40,2,5634,3646.94,0
25.7478,72,22,4508.44,3007.85,0,0,0,0,0,0,0,1,40,0,5364.82,2674.43,0
25.7486,73,19,2000,2000,0,0,0,1,1,32,0.15,1,40,2,5444.21,2639.51,0
25.7587,87,19,2000,2000,0,0,0,1,1,32,0.15,1,40,2,5420.98,2827.35,0
25.7609,90,19,2000,2000,0,0,0,1,1,32,0.15,1,40,2,5410.14,2804.47,0
25.763,93,19,2000,2000,0,0,0,1,1,32,0.15,1,40,2,5682.65,3810.88,0
25.7652,96,19,2000,2000,0,0,0,1,1,32,0.15,1,40,2,5630.63,2566.25,0
25.7746,109,37,2000,2000,0,0,0,1,0,0,0,1,40,2,5212.47,2731.54,0
25.7761,111,19,2000,2000,0,0,0,1,1,32,0.15,1,40,2,5548.65,2598.97,0
25.7783,114,10,2000,2000,0,0,0,1,1,32,0.15,1,40,2,5576.16,3430.08,0
25.7804,117,10,2000,2000,0,0,0,1,1,32,0.15,1,40,2,5570.14,3407.53,0
25.7841,122,19,2000,2000,0,0,0,1,1,96,0.2,1,40,2,5440.9,2905.2,0
25.7848,123,34,2000,2000,0,0,0,1,0,64,0.05,1,40,2,5451.2,2942.73,0
25.7855,124,19,2000,2000,0,0,0,1,1,96,0.2,1,40,2,5424.77,2835.36,0
25.7862,125,19,2000,2000,0,0,0,1,1,96,0.2,1,40,2,5982.97,2426.47,0
25.792,133,10,2000,2000,0,0,0,1,1,32,0.15,1,40,2,5365.79,2718.34,0
25.7957,138,19,2000,2000,0,0,0,1,1,32,0.15,1,40,2,0,0,0
25.7971,140,17,5022.75,2809.49,0,0,0,0,0,0,0,1,40,0,0,0,0
25.8022,9,10,2000,2000,0,0,0,1,1,32,0.15,1,40,2,5581.33,2586.44,0
25.8087,18,10,2000,2000,0,0,0,1,1,32,0.15,1,40,2,5385.28,2666.31,0
25.8101,20,11,5657.57,2558.76,0,0,0,0,0,0,0,1,40,0,5362.79,2712.01,0
25.8167,29,10,2000,2000,0,0,0,1,1,32,0.15,1,40,2,5685.14,3817.41,0
25.8196,33,27,5462.86,2985.23,0,0,0,0,0,0,0,1,40,0,5942.62,2442.45,0
25.8268,43,18,2000,2000,0,0,0,1,0,0,0,1,40,2,5418.8,2653.02,0
25.8283,45,18,2000,2000,0,0,0,1,0,0,0,1,40,2,6235.49,2331.93,0
25.8297,47,37,2000,2000,0,0,0,1,1,281,0.5,1,40,2,6123.22,2375.91,0
25.8312,49,19,2000,2000,0,0,0,1,1,32,0.15,1,40,2,5956.85,2436.81,0
25.8384,59,17,5007.43,2815.51,0,0,0,0,0,0,0,1,40,0,6016.98,2413.79,0
25.8435,66,5,6144.48,2367.58,0,0,0,0,0,0,0,1,40,0,4508.44,3007.85,0
25.8464,70,19,2000,2000,0,0,0,1,1,96,0.2,1,40,2,4987.63,2822.48,0
25.8471,71,18,2000,2000,0,0,0,1,0,64,0.05,1,40,2,5634,3646.94,0
25.8478,72,22,4508.44,3007.85,0,0,0,0,0,0,0,1,40,0,5364.82,2674.43,0
25.8486,73,19,2000,2000,0,0,0,1,1,32,0.15,1,40,2,5444.21,2639.51,0
25.8587,87,19,2000,2000,0,0,0,1,1,32,0.15,1,40,2,5420.98,2827.35,0
25.8609,90,19,2000,2000,0,0,0,1,1,32,0.15,1,40,2,5410.14,2804.47,0
25.863,93,19,2000,2000,0,0,0,1,1,32,0.15,1,40,2,5682.65,3810.88,0
25.8652,96,19,2000,2000,0,0,0,1,1,32,0.15,1,40,2,5630.63,2566.25,0
25.8746,109,37,2000,2000,0,0,0,1,0,0,0,1,40,2,5212.47,2731.54,0
25.8761,111,19,2000,2000,0,0,0,1,1,32,0.15,1,40,2,5548.65,2598.97,0
25.8783,114,10,2000,2000,0,0,0,1,1,32,0.15,1,40,2,5576.16,3430.08,0
25.8804,117,10,2000,2000,0,0,0,1,1,32,0.15,1,40,2,5570.14,3407.53,0
25.8841,122,19,2000,2000,0,0,0,1,1,96,0.2,1,40,2,5440.9,2905.2,0
25.8848,123,34,2000,2000,0,0,0,1,0,64,0.05,1,40,2,5451.2,2942.73,0
25.8855,124,19,2000,2000,0,0,0,1,1,96,0.2,1,40,2,5424.77,2835.36,0
25.8862,125,19,2000,2000,0,0,0,1,1,96,0.2,1,40,2,5982.97,2426.47,0
25.892,133,10,2000,2000,0,0,0,1,1,32,0.15,1,40,2,5365.79,2718.34,0
25.8957,138,19,2000,2000,0,0,0,1,1,32,0.15,1,40,2,0,0,0
25.8971,140,17,5022.75,2809.49,0,0,0,0,0,0,0,1,40,0,0,0,0
25.9022,9,10,2000,2000,0,0,0,1,1,32,0.15,1,40,2,5581.33,2586.44,0
25.9087,18,10,2000,2000,0,0,0,1,1,32,0.15,1,40,2,5385.28,2666.31,0
25.9101,20,11,5657.57,2558.76,0,0,0,0,0,0,0,1,40,0,5362.79,2712.01,0
25.9167,29,10,2000,2000,0,0,0,1,1,32,0.15,1,40,2,5685.14,3817.41,0
25.9196,33,27,5462.86,2985.23,0,0,0,0,0,0,0,1,40,0,5942.62,2442.45,0
25.9268,43,18,2000,2000,0,0,0,1,0,0,0,1,40,2,5418.8,2653.02,0
25.9283,45,18,2000,2000,0,0,0,1,0,0,0,1,40,2,6235.49,2331.93,0
25.9297,47,37,2000,2000,0,0,0,1,1,281,0.5,1,40,2,6123.22,2375.91,0
25.9312,49,19,2000,2000,0,0,0,1,1,32,0.15,1,40,2,5956.85,2436.81,0
25.9384,59,17,5007.43,2815.51,0,0,0,0,0,0,0,1,40,0,6016.98,2413.79,0
25.9435,66,5,6144.48,2367.58,0,0,0,0,0,0,0,1,40,0,4508.44,3007.85,0
25.9464,70,19,2000,2000,0,0,0,1,1,96,0.2,1,40,2,4987.63,2822.48,0
25.9471,71,18,2000,2000,0,0,0,1,0,64,0.05,1,40,2,5634,3646.94,0
25.9478,72,22,4508.44,3007.85,0,0,0,0,0,0,0,1,40,0,5364.82,2674.43,0
25.9486,73,19,2000,2000,0,0,0,1,1,32,0.15,1,40,2,5444.21,2639.51,0
25.9587,87,19,2000,2000,0,0,0,1,1,32,0.15,1,40,2,5420.98,2827.35,0
25.9609,90,19,2000,2000,0,0,0,1,1,32,0.15,1,40,2,5410.14,2804.47,0
25.963,93,19,2000,2000,0,0,0,1,1,32,0.15,1,40,2,5682.65,3810.88,0
25.9652,96,19,2000,2000,0,0,0,1,1,32,0.15,1,40,2,5630.63,2566.25,0
25.9746,109,37,2000,2000,0,0,0,1,0,0,0,1,40,2,5212.47,2731.54,0
25.9761,111,19,2000,2000,0,0,0,1,1,32,0.15,1,40,2,5548.65,2598.97,0
25.9783,114,10,2000,2000,0,0,0,1,1,32,0.15,1,40,2,5576.16,3430.08,0
25.9804,117,10,2000,2000,0,0,0,1,1,32,0.15,1,40,2,5570.14,3407.53,0
25.9841,122,19,2000,2000,0,0,0,1,1,96,0.2,1,40,2,5440.9,2905.2,0
25.9848,123,34,2000,2000,0,0,0,1,0,64,0.05,1,40,2,5451.2,2942.73,0
25.9855,124,19,2000,2000,0,0,0,1,1,96,0.2,1,40,2,5424.77,2835.36,0
25.9862,125,19,2000,2000,0,0,0,1,1,96,0.2,1,40,2,5982.97,2426.47,0
25.992,133,10,2000,2000,0,0,0,1,1,32,0.15,1,40,2,5365.79,2718.34,0
25.9957,138,19,2000,2000,0,0,0,1,1,32,0.15,1,40,2,0,0,0
25.9971,140,17,5022.75,2809.49,0,0,0,0,0,0,0,1,40,0,0,0,0
26.0022,9,10,2000,2000,0,0,0,1,1,32,0.15,1,40,2,5581.33,2586.44,0
26.0087,18,10,2000,2000,0,0,0,1,1,32,0.15,1,40,2,5385.28,2666.31,0
26.0101,20,11,5657.57,2558.76,0,0,0,0,0,0,0,1,40,0,5362.79,2712.01,0
26.0167,29,10,2000,2000,0,0,0,1,1,32,0.15,1,40,2,5685.14,3817.41,0
26.0196,33,27,5462.86,2985.23,0,0,0,0,0,0,0,1,40,0,5942.62,2442.45,0
26.0268,43,18,2000,2000,0,0,0,1,0,0,0,1,40,2,5418.8,2653.02,0
26.0283,45,18,2000,2000,0,0,0,1,0,0,0,1,40,2,6235.49,2331.93,0
26.0297,47,37,2000,2000,0,0,0,1,1,281,0.5,1,40,2,6123.22,2375.91,0
26.0312,49,19,2000,2000,0,0,0,1,1,32,0.15,1,40,2,5956.85,2436.81,0
26.0384,59,17,5007.43,2815.51,0,0,0,0,0,0,0,1,40,0,6016.98,2413.79,0
26.0435,66,5,6144.48,2367.58,0,0,0,0,0,0,0,1,40,0,4508.44,3007.85,0
26.0464,70,19,2000,2000,0,0,0,1,1,96,0.2,1,40,2,4987.63,2822.48,0
26.0471,71,18,2000,2000,0,0,0,1,0,64,0.05,1,40,2,5634,3646.94,0
26.0478,72,22,4508.44,3007.85,0,0,0,0,0,0,0,1,40,0,5364.82,2674.43,0
26.0486,73,19,2000,2000,0,0,0,1,1,32,0.15,1,40,2,5444.21,2639.51,0
26.0587,87,19,2000,2000,0,0,0,1,1,32,0.15,1,40,2,5420.98,2827.35,0
26.0609,90,19,2000,2000,0,0,0,1,1,32,0.15,1,40,2,5410.14,2804.47,0
26.063,93,19,2000,2000,0,0,0,1,1,32,0.15,1,40,2,5682.65,3810.88,0
26.0652,96,19,2000,2000,0,0,0,1,1,32,0.15,1,40,2,5630.63,2566.25,0
26.0746,109,37,2000,2000,0,0,0,1,0,0,0,1,40,2,5212.47,2731.54,0
26.0761,111,19,2000,2000,0,0,0,1,1,32,0.15,1,40,2,5548.65,2598.97,0
26.0783,114,10,2000,2000,0,0,0,1,1,32,0.15,1,40,2,5576.16,3430.08,0
26.0804,117,10,2000,2000,0,0,0,1,1,32,0.15,1,40,2,5570.14,3407.53,0
26.0841,122,19,2000,2000,0,0,0,1,1,96,0.2,1,40,2,5440.9,2905.2,0
26.0848,123,34,2000,2000,0,0,0,1,0,64,0.05,1,40,2,5451.2,2942.73,0
26.0855,124,19,2000,2000,0,0,0,1,1,96,0.2,1,40,2,5424.77,2835.36,0
26.0862,125,19,2000,2000,0,0,0,1,1,96,0.2,1,40,2,5982.97,2426.47,0
26.092,133,10,2000,2000,0,0,0,1,1,32,0.15,1,40,2,5365.79,2718.34,0
26.0957,138,19,2000,2000,0,0,0,1,1,32,0.15,1,40,2,0,0,0
26.0971,140,17,5022.75,2809.49,0,0,0,0,0,0,0,1,40,0,0,0,0
26.1022,9,10,2000,2000,0,0,0,1,1,32,0.15,1,40,2,5581.33,2586.44,0
26.1087,18,10,2000,2000,0,0,0,1,1,32,0.15,1,40,2,5385.28,2666.31,0
26.1101,20,11,5657.57,2558.76,0,0,0,0,0,0,0,1,40,0,5362.79,2712.01,0
26.1167,29,10,2000,2000,0,0,0,1,1,32,0.15,1,40,2,5685.14,3817.41,0
26.1196,33,27,5462.86,2985.23,0,0,0,0,0,0,0,1,40,0,5942.62,2442.45,0
26.1268,43,18,2000,2000,0,0,0,1,0,0,0,1,40,2,5418.8,2653.02,0
26.1283,45,18,2000,2000,0,0,0,1,0,0,0,1,40,2,6235.49,2331.93,0
26.1297,47,37,2000,2000,0,0,0,1,1,281,0.5,1,40,2,6123.22,2375.91,0
26.1312,49,19,2000,2000,0,0,0,1,1,32,0.15,1,40,2,5956.85,2436.81,0
26.1384,59,17,5007.43,2815.51,0,0,0,0,0,0,0,1,40,0,6016.98,2413.79,0
26.1435,66,5,6144.48,2367.58,0,0,0,0,0,0,0,1,40,0,4508.44,3007.85,0
26.1464,70,19,2000,2000,0,0,0,1,0,64,0.05,1,40,2,4987.63,2822.48,0
26.1471,71,18,2000,2000,0,0,0,1,0,64,0.05,1,40,2,5634,3646.94,0
26.1478,72,22,4508.44,3007.85,0,0,0,0,0,0,0,1,40,0,5364.82,2674.43,0
26.1486,73,19,2000,2000,0,0,0,1,0,0,0,1,40,2,5444.21,2639.51,0
26.1587,87,19,2000,2000,0,0,0,1,0,0,0,1,40,2,5420.98,2827.35,0
26.1609,90,19,2000,2000,0,0,0,1,1,32,0.15,1,40,2,5410.14,2804.47,0
26.163,93,19,2000,2000,0,0,0,1,1,32,0.15,1,40,2,5682.65,3810.88,0
26.1652,96,19,2000,2000,0,0,0,1,1,32,0.15,1,40,2,5630.63,2566.25,0
26.1746,109,37,2000,2000,0,0,0,1,0,0,0,1,40,2,5212.47,2731.54,0
26.1761,111,19,2000,2000,0,0,0,1,1,32,0.15,1,40,2,5548.65,2598.97,0
26.1783,114,10,2000,2000,0,0,0,1,1,32,0.15,1,40,2,5576.16,3430.08,0
26.1804,117,10,2000,2000,0,0,0,1,1,32,0.15,1,40,2,5570.14,3407.53,0
26.1841,122,19,2000,2000,0,0,0,1,1,96,0.2,1,40,2,5440.9,2905.2,0
26.1848,123,34,2000,2000,0,0,0,1,0,64,0.05,1,40,2,5451.2,2942.73,0
26.1855,124,19,2000,2000,0,0,0,1,1,96,0.2,1,40,2,5424.77,2835.36,0
26.1862,125,19,2000,2000,0,0,0,1,1,96,0.2,1,40,2,5982.97,2426.47,0
26.192,133,10,2000,2000,0,0,0,1,1,32,0.15,1,40,2,5365.79,2718.34,0
26.1957,138,19,2000,2000,0,0,0,1,1,32,0.15,1,40,2,0,0,0
26.1971,140,17,5022.75,2809.49,0,0,0,0,0,0,0,1,40,0,0,0,0
26.2022,9,10,2000,2000,0,0,0,1,1,32,0.15,1,40,2,5581.33,2586.44,0
26.2087,18,10,2000,2000,0,0,0,1,1,32,0.15,1,40,2,5385.28,2666.31,0
26.2101,20,11,5657.57,2558.76,0,0,0,0,0,0,0,1,40,0,5362.79,2712.01,0
26.2167,29,10,2000,2000,0,0,0,1,0,0,0,1,40,2,5685.14,3817.41,0
26.2196,33,27,5462.86,2985.23,0,0,0,0,0,0,0,1,40,0,5942.62,2442.45,0
26.2268,43,18,2000,2000,0,0,0,1,0,0,0,1,40,2,5418.8,2653.02,0
26.2283,45,18,2000,2000,0,0,0,1,0,0,0,1,40,2,6235.49,2331.93,0
26.2297,47,37,2000,2000,0,0,0,1,1,281,0.5,1,40,2,6123.22,2375.91,0
26.2312,49,19,2000,2000,0,0,0,1,1,32,0.15,1,40,2,5956.85,2436.81,0
26.2384,59,17,5007.43,2815.51,0,0,0,0,0,0,0,1,40,0,6016.98,2413.79,0
26.2435,66,5,6144.48,2367.58,0,0,0,0,0,0,0,1,40,0,4508.44,3007.85,0
26.2464,70,19,2000,2000,0,0,0,1,1,96,0.2,1,40,2,4987.63,2822.48,0
26.2471,71,18,2000,2000,0,0,0,1,0,64,0.05,1,40,2,5634,3646.94,0
26.2478,72,22,4508.44,3007.85,0,0,0,0,0,0,0,1,40,0,5364.82,2674.43,0
26.2486,73,19,2000,2000,0,0,0,1,1,32,0.15,1,40,2,5444.21,2639.51,0
26.2587,87,19,2000,2000,0,0,0,1,1,32,0.15,1,40,2,5420.98,2827.35,0
26.2609,90,19,2000,2000,0,0,0,1,1,32,0.15,1,40,2,5410.14,2804.47,0
26.263,93,19,2000,2000,0,0,0,1,1,32,0.15,1,40,2,5682.65,3810.88,0
26.2652,96,19,2000,2000,0,0,0,1,1,32,0.15,1,40,2,5630.63,2566.25,0
26.2746,109,37,2000,2000,0,0,0,1,0,0,0,1,40,2,5212.47,2731.54,0
26.2761,111,19,2000,2000,0,0,0,1,1,32,0.15,1,40,2,5548.65,2598.97,0
26.2783,114,10,2000,2000,0,0,0,1,0,0,0,1,40,2,5576.16,3430.08,0
26.2804,117,10,2000,2000,0,0,0,1,0,0,0,1,40,2,5570.14,3407.53,0
26.2841,122,19,2000,2000,0,0,0,1,1,96,0.2,1,40,2,5440.9,2905.2,0
26.2848,123,34,2000,2000,0,0,0,1,0,64,0.05,1,40,2,5451.2,2942.73,0
26.2855,124,19,2000,2000,0,0,0,1,1,96,0.2,1,40,2,5424.77,2835.36,0
26.2862,125,19,2000,2000,0,0,0,1,1,96,0.2,1,40,2,5982.97,2426.47,0
26.292,133,10,2000,2000,0,0,0,1,1,32,0.15,1,40,2,5365.79,2718.34,0
26.2957,138,19,2000,2000,0,0,0,1,1,32,0.15,1,40,2,0,0,0
26.2971,140,17,5022.75,2809.49,0,0,0,0,0,0,0,1,40,0,0,0,0
26.3022,9,10,2000,2000,0,0,0,1,1,32,0.15,1,40,2,5581.33,2586.44,0
26.3087,18,10,2000,2000,0,0,0,1,1,32,0.15,1,40,2,5385.28,2666.31,0
26.3101,20,11,5657.57,2558.76,0,0,0,0,0,0,0,1,40,0,5362.79,2712.01,0
26.3167,29,10,2000,2000,0,0,0,1,1,32,0.15,1,40,2,5685.14,3817.41,0
26.3196,33,27,5462.86,2985.23,0,0,0,0,0,0,0,1,40,0,5942.62,2442.45,0
26.3268,43,18,2000,2000,0,0,0,1,0,0,0,1,40,2,5418.8,2653.02,0
26.3283,45,18,2000,2000,0,0,0,1,0,0,0,1,40,2,6235.49,2331.93,0
26.3297,47,37,2000,2000,0,0,0,1,1,281,0.5,1,40,2,6123.22,2375.91,0
26.3312,49,19,2000,2000,0,0,0,1,1,32,0.15,1,40,2,5956.85,2436.81,0
26.3384,59,17,5007.43,2815.51,0,0,0,0,0,0,0,1,40,0,6016.98,2413.79,0
26.3435,66,5,6144.48,2367.58,0,0,0,0,0,0,0,1,40,0,4508.44,3007.85,0
26.3464,70,19,2000,2000,0,0,0,1,1,96,0.2,1,40,2,4987.63,2822.48,0
26.3471,71,18,2000,2000,0,0,0,1,0,64,0.05,1,40,2,5634,3646.94,0
26.3478,72,22,4508.44,3007.85,0,0,0,0,0,0,0,1,40,0,5364.82,2674.43,0
26.3486,73,19,2000,2000,0,0,0,1,1,32,0.15,1,40,2,5444.21,2639.51,0
26.3587,87,19,2000,2000,0,0,0,1,1,32,0.15,1,40,2,5420.98,2827.35,0
26.3609,90,19,2000,2000,0,0,0,1,1,32,0.15,1,40,2,5410.14,2804.47,0
26.363,93,19,2000,2000,0,0,0,1,1,32,0.15,1,40,2,5682.65,3810.88,0
26.3652,96,19,2000,2000,0,0,0,1,1,32,0.15,1,40,2,5630.63,2566.25,0
26.3746,109,37,2000,2000,0,0,0,1,0,0,0,1,40,2,5212.47,2731.54,0
26.3761,111,19,2000,2000,0,0,0,1,1,32,0.15,1,40,2,5548.65,2598.97,0
26.3783,114,10,2000,2000,0,0,0,1,1,32,0.15,1,40,2,5576.16,3430.08,0
26.3804,117,10,2000,2000,0,0,0,1,1,32,0.15,1,40,2,5570.14,3407.53,0
26.3841,122,19,2000,2000,0,0,0,1,1,96,0.2,1,40,2,5440.9,2905.2,0
26.3848,123,34,2000,2000,0,0,0,1,0,64,0.05,1,40,2,5451.2,2942.73,0
26.3855,124,19,2000,2000,0,0,0,1,1,96,0.2,1,40,2,5424.77,2835.36,0
26.3862,125,19,2000,2000,0,0,0,1,1,96,0.2,1,40,2,5982.97,2426.47,0
26.392,133,10,2000,2000,0,0,0,1,1,32,0.15,1,40,2,5365.79,2718.34,0
26.3957,138,19,2000,2000,0,0,0,1,1,32,0.15,1,40,2,0,0,0
26.3971,140,17,5022.75,2809.49,0,0,0,0,0,0,0,1,40,0,0,0,0
26.4022,9,10,2000,2000,0,0,0,1,1,32,0.15,1,40,2,5581.33,2586.44,0
26.4087,18,10,2000,2000,0,0,0,1,1,32,0.15,1,40,2,5385.28,2666.31,0
26.4101,20,11,5657.57,2558.76,0,0,0,0,0,0,0,1,40,0,5362.79,2712.01,0
26.4167,29,10,2000,2000,0,0,0,1,1,32,0.15,1,40,2,5685.14,3817.41,0
26.4196,33,27,5462.86,2985.23,0,0,0,0,0,0,0,1,40,0,5942.62,2442.45,0
26.4268,43,18,2000,2000,0,0,0,1,0,0,0,1,40,2,5418.8,2653.02,0
26.4283,45,18,2000,2000,0,0,0,1,0,0,0,1,40,2,6235.49,2331.93,0
26.4297,47,37,2000,2000,0,0,0,1,1,281,0.5,1,40,2,6123.22,2375.91,0
26.4312,49,19,2000,2000,0,0,0,1,1,32,0.15,1,40,2,5956.85,2436.81,0
26.4384,59,17,5007.43,2815.51,0,0,0,0,0,0,0,1,40,0,6016.98,2413.79,0
26.4435,66,5,6144.48,2367.58,0,0,0,0,0,0,0,1,40,0,4508.44,3007.85,0
26.4464,70,19,2000,2000,0,0,0,1,1,96,0.2,1,40,2,4987.63,2822.48,0
26.4471,71,18,2000,2000,0,0,0,1,0,64,0.05,1,40,2,5634,3646.94,0
26.4478,72,22,4508.44,3007.85,0,0,0,0,0,0,0,1,40,0,5364.82,2674.43,0
26.4486,73,19,2000,2000,0,0,0,1,1,32,0.15,1,40,2,5444.21,2639.51,0
26.4587,87,19,2000,2000,0,0,0,1,1,32,0.15,1,40,2,5420.98,2827.35,0
26.4609,90,19,2000,2000,0,0,0,1,1,32,0.15,1,40,2,5410.14,2804.47,0
26.463,93,19,2000,2000,0,0,0,1,1,32,0.15,1,40,2,5682.65,3810.88,0
26.4652,96,19,2000,2000,0,0,0,1,1,32,0.15,1,40,2,5630.63,2566.25,0
26.4746,109,37,2000,2000,0,0,0,1,0,0,0,1,40,2,5212.47,2731.54,0
26.4761,111,19,2000,2000,0,0,0,1,1,32,0.15,1,40,2,5548.65,2598.97,0
26.4783,114,10,2000,2000,0,0,0,1,1,32,0.15,1,40,2,5576.16,3430.08,0
26.4804,117,10,2000,2000,0,0,0,1,1,32,0.15,1,40,2,5570.14,3407.53,0
26.4841,122,19,2000,2000,0,0,0,1,1,96,0.2,1,40,2,5440.9,2905.2,0
26.4848,123,34,2000,2000,0,0,0,1,0,64,0.05,1,40,2,5451.2,2942.73,0
26.4855,124,19,2000,2000,0,0,0,1,1,96,0.2,1,40,2,5424.77,2835.36,0
26.4862,125,19,2000,2000,0,0,0,1,1,96,0.2,1,40,2,5982.97,2426.47,0
26.492,133,10,2000,2000,0,0,0,1,1,32,0.15,1,40,2,5365.79,2718.34,0
26.4957,138,19,2000,2000,0,0,0,1,1,32,0.15,1,40,2,0,0,0
26.4971,140,17,5022.75,2809.49,0,0,0,0,0,0,0,1,40,0,0,0,0
26.5022,9,10,2000,2000,0,0,0,1,1,32,0.15,1,40,2,5581.33,2586.44,0
26.5087,18,10,2000,2000,0,0,0,1,1,32,0.15,1,40,2,5385.28,2666.31,0
26.5101,20,11,5657.57,2558.76,0,0,0,0,0,0,0,1,40,0,5362.79,2712.01,0
26.5167,29,10,2000,2000,0,0,0,1,1,32,0.15,1,40,2,5685.14,3817.41,0
26.5196,33,27,5462.86,2985.23,0,0,0,0,0,0,0,1,40,0,5942.62,2442.45,0
26.5268,43,18,2000,2000,0,0,0,1,0,0,0,1,40,2,5418.8,2653.02,0
26.5283,45,18,2000,2000,0,0,0,1,0,0,0,1,40,2,6235.49,2331.93,0
26.5297,47,37,2000,2000,0,0,0,1,1,281,0.5,1,40,2,6123.22,2375.91,0
26.5312,49,19,2000,2000,0,0,0,1,1,32,0.15,1,40,2,5956.85,2436.81,0
26.5384,59,17,5007.43,2815.51,0,0,0,0,0,0,0,1,40,0,6016.98,2413.79,0
26.5435,66,5,6144.48,2367.58,0,0,0,0,0,0,0,1,40,0,4508.44,3007.85,0
26.5464,70,19,2000,2000,0,0,0,1,1,96,0.2,1,40,2,4987.63,2822.48,0
26.5471,71,18,2000,2000,0,0,0,1,0,64,0.05,1,40,2,5634,3646.94,0
26.5478,72,22,4508.44,3007.85,0,0,0,0,0,0,0,1,40,0,5364.82,2674.43,0
26.5486,73,19,2000,2000,0,0,0,1,1,32,0.15,1,40,2,5444.21,2639.51,0
26.5587,87,19,2000,2000,0,0,0,1,1,32,0.15,1,40,2,5420.98,2827.35,0
26.5609,90,19,2000,2000,0,0,0,1,1,32,0.15,1,40,2,5410.14,2804.47,0
26.563,93,19,2000,2000,0,0,0,1,1,32,0.15,1,40,2,5682.65,3810.88,0
26.5652,96,19,2000,2000,0,0,0,1,1,32,0.15,1,40,2,5630.63,2566.25,0
26.5746,109,37,2000,2000,0,0,0,1,0,0,0,1,40,2,5212.47,2731.54,0
26.5761,111,19,2000,2000,0,0,0,1,1,32,0.15,1,40,2,5548.65,2598.97,0
26.5783,114,10,2000,2000,0,0,0,1,1,32,0.15,1,40,2,5576.16,3430.08,0
26.5804,117,10,2000,2000,0,0,0,1,1,32,0.15,1,40,2,5570.14,3407.53,0
26.5841,122,19,2000,2000,0,0,0,1,1,96,0.2,1,40,2,5440.9,2905.2,0
26.5848,123,34,2000,2000,0,0,0,1,0,64,0.05,1,40,2,5451.2,2942.73,0
26.5855,124,19,2000,2000,0,0,0,1,1,96,0.2,1,40,2,5424.77,2835.36,0
26.5862,125,19,2000,2000,0,0,0,1,1,96,0.2,1,40,2,5982.97,2426.47,0
26.592,133,10,2000,2000,0,0,0,1,1,32,0.15,1,40,2,5365.79,2718.34,0
26.5957,138,19,2000,2000,0,0,0,1,1,32,0.15,1,40,2,0,0,0
26.5971,140,17,5022.75,2809.49,0,0,0,0,0,0,0,1,40,0,0,0,0
26.6022,9,10,2000,2000,0,0,0,1,1,32,0.15,1,40,2,5581.33,2586.44,0
26.6087,18,10,2000,2000,0,0,0,1,1,32,0.15,1,40,2,5385.28,2666.31,0
26.6101,20,11,5657.57,2558.76,0,0,0,0,0,0,0,1,40,0,5362.79,2712.01,0
26.6167,29,10,2000,2000,0,0,0,1,1,32,0.15,1,40,2,5685.14,3817.41,0
26.6196,33,27,5462.86,2985.23,0,0,0,0,0,0,0,1,40,0,5942.62,2442.45,0
26.6268,43,18,2000,2000,0,0,0,1,0,0,0,1,40,2,5418.8,2653.02,0
26.6283,45,18,2000,2000,0,0,0,1,0,0,0,1,40,2,6235.49,2331.93,0
26.6297,47,37,2000,2000,0,0,0,1,1,281,0.5,1,40,2,6123.22,2375.91,0
26.6312,49,19,2000,2000,0,0,0,1,1,32,0.15,1,40,2,5956.85,2436.81,0
26.6384,59,17,5007.43,2815.51,0,0,0,0,0,0,0,1,40,0,6016.98,2413.79,0
26.6435,66,5,6144.48,2367.58,0,0,0,0,0,0,0,1,40,0,4508.44,3007.85,0
26.6464,70,19,2000,2000,0,0,0,1,1,96,0.2,1,40,2,4987.63,2822.48,0
26.6471,71,18,2000,2000,0,0,0,1,0,64,0.05,1,40,2,5634,3646.94,0
26.6478,72,22,4508.44,3007.85,0,0,0,0,0,0,0,1,40,0,5364.82,2674.43,0
26.6486,73,19,2000,2000,0,0,0,1,1,32,0.15,1,40,2,5444.21,2639.51,0
26.6587,87,19,2000,2000,0,0,0,1,1,32,0.15,1,40,2,5420.98,2827.35,0
26.6609,90,19,2000,2000,0,0,0,1,1,32,0.15,1,40,2,5410.14,2804.47,0
26.663,93,19,2000,2000,0,0,0,1,1,32,0.15,1,40,2,5682.65,3810.88,0
26.6652,96,19,2000,2000,0,0,0,1,1,32,0.15,1,40,2,5630.63,2566.25,0
26.6746,109,37,2000,2000,0,0,0,1,0,0,0,1,40,2,5212.47,2731.54,0
26.6761,111,19,2000,2000,0,0,0,1,1,32,0.15,1,40,2,5548.65,2598.97,0
26.6783,114,10,2000,2000,0,0,0,1,1,32,0.15,1,40,2,5576.16,3430.08,0
26.6804,117,10,2000,2000,0,0,0,1,1,32,0.15,1,40,2,5570.14,3407.53,0
26.6841,122,19,2000,2000,0,0,0,1,1,96,0.2,1,40,2,5440.9,2905.2,0
26.6848,123,34,2000,2000,0,0,0,1,0,64,0.05,1,40,2,5451.2,2942.73,0
26.6855,124,19,2000,2000,0,0,0,1,1,96,0.2,1,40,2,5424.77,2835.36,0
26.6862,125,19,2000,2000,0,0,0,1,1,96,0.2,1,40,2,5982.97,2426.47,0
26.692,133,10,2000,2000,0,0,0,1,1,32,0.15,1,40,2,5365.79,2718.34,0
26.6957,138,19,2000,2000,0,0,0,1,1,32,0.15,1,40,2,0,0,0
26.6971,140,17,5022.75,2809.49,0,0,0,0,0,0,0,1,40,0,0,0,0
26.7022,9,10,2000,2000,0,0,0,1,1,32,0.15,1,40,2,5581.33,2586.44,0
26.7087,18,10,2000,2000,0,0,0,1,1,32,0.15,1,40,2,5385.28,2666.31,0
26.7101,20,11,5657.57,2558.76,0,0,0,0,0,0,0,1,40,0,5362.79,2712.01,0
26.7167,29,10,2000,2000,0,0,0,1,1,32,0.15,1,40,2,5685.14,3817.41,0
26.7196,33,27,5462.86,2985.23,0,0,0,0,0,0,0,1,40,0,5942.62,2442.45,0
26.7268,43,18,2000,2000,0,0,0,1,0,0,0,1,40,2,5418.8,2653.02,0
26.7283,45,18,2000,2000,0,0,0,1,0,0,0,1,40,2,6235.49,2331.93,0
26.7297,47,37,2000,2000,0,0,0,1,1,281,0.5,1,40,2,6123.22,2375.91,0
26.7312,49,19,2000,2000,0,0,0,1,1,32,0.15,1,40,2,5956.85,2436.81,0
26.7384,59,17,5007.43,2815.51,0,0,0,0,0,0,0,1,40,0,6016.98,2413.79,0
26.7435,66,5,6144.48,2367.58,0,0,0,0,0,0,0,1,40,0,4508.44,3007.85,0
26.7464,70,19,2000,2000,0,0,0,1,1,96,0.2,1,40,2,4987.63,2822.48,0
26.7471,71,18,2000,2000,0,0,0,1,0,64,0.05,1,40,2,5634,3646.94,0
26.7478,72,22,4508.44,3007.85,0,0,0,0,0,0,0,1,40,0,5364.82,2674.43,0
26.7486,73,19,2000,2000,0,0,0,1,1,32,0.15,1,40,2,5444.21,2639.51,0
26.7587,87,19,2000,2000,0,0,0,1,1,32,0.15,1,40,2,5420.98,2827.35,0
26.7609,90,19,2000,2000,0,0,0,1,1,32,0.15,1,40,2,5410.14,2804.47,0
26.763,93,19,2000,2000,0,0,0,1,1,32,0.15,1,40,2,5682.65,3810.88,0
26.7652,96,19,2000,2000,0,0,0,1,1,32,0.15,1,40,2,5630.63,2566.25,0
26.7746,109,37,2000,2000,0,0,0,1,0,0,0,1,40,2,5212.47,2731.54,0
26.7761,111,19,2000,2000,0,0,0,1,1,32,0.15,1,40,2,5548.65,2598.97,0
26.7783,114,10,2000,2000,0,0,0,1,1,32,0.15,1,40,2,5576.16,3430.08,0
26.7804,117,10,2000,2000,0,0,0,1,1,32,0.15,1,40,2,5570.14,3407.53,0
26.7841,122,19,2000,2000,0,0,0,1,1,96,0.2,1,40,2,5440.9,2905.2,0
26.7848,123,34,2000,2000,0,0,0,1,0,64,0.05,1,40,2,5451.2,2942.73,0
26.7855,124,19,2000,2000,0,0,0,1,1,96,0.2,1,40,2,5424.77,2835.36,0
26.7862,125,19,2000,2000,0,0,0,1,1,96,0.2,1,40,2,5982.97,2426.47,0
26.792,133,10,2000,2000,0,0,0,1,1,32,0.15,1,40,2,5365.79,2718.34,0
26.7957,138,19,2000,2000,0,0,0,1,1,32,0.15,1,40,2,0,0,0
26.7971,140,17,5022.75,2809.49,0,0,0,0,0,0,0,1,40,0,0,0,0
26.8022,9,10,2000,2000,0,0,0,1,1,32,0.15,1,40,2,5581.33,2586.44,0
26.8087,18,10,2000,2000,0,0,0,1,1,32,0.15,1,40,2,5385.28,2666.31,0
26.8101,20,11,5657.57,2558.76,0,0,0,0,0,0,0,1,40,0,5362.79,2712.01,0
26.8167,29,10,2000,2000,0,0,0,1,1,32,0.15,1,40,2,5685.14,3817.41,0
26.8196,33,27,5462.86,2985.23,0,0,0,0,0,0,0,1,40,0,5942.62,2442.45,0
26.8268,43,18,2000,2000,0,0,0,1,0,0,0,1,40,2,5418.8,2653.02,0
26.8283,45,18,2000,2000,0,0,0,1,0,0,0,1,40,2,6235.49,2331.93,0
26.8297,47,37,2000,2000,0,0,0,1,1,281,0.5,1,40,2,6123.22,2375.91,0
26.8312,49,19,2000,2000,0,0,0,1,1,32,0.15,1,40,2,5956.85,2436.81,0
26.8384,59,17,5007.43,2815.51,0,0,0,0,0,0,0,1,40,0,6016.98,2413.79,0
26.8435,66,5,6144.48,2367.58,0,0,0,0,0,0,0,1,40,0,4508.44,3007.85,0
26.8464,70,19,2000,2000,0,0,0,1,1,96,0.2,1,40,2,4987.63,2822.48,0
26.8471,71,18,2000,2000,0,0,0,1,0,64,0.05,1,40,2,5634,3646.94,0
26.8478,72,22,4508.44,3007.85,0,0,0,0,0,0,0,1,40,0,5364.82,2674.43,0
26.8486,73,19,2000,2000,0,0,0,1,1,32,0.15,1,40,2,5444.21,2639.51,0
26.8587,87,19,2000,2000,0,0,0,1,1,32,0.15,1,40,2,5420.98,2827.35,0
26.8609,90,19,2000,2000,0,0,0,1,1,32,0.15,1,40,2,5410.14,2804.47,0
26.863,93,19,2000,2000,0,0,0,1,1,32,0.15,1,40,2,5682.65,3810.88,0
26.8652,96,19,2000,2000,0,0,0,1,1,32,0.15,1,40,2,5630.63,2566.25,0
26.8746,109,37,2000,2000,0,0,0,1,0,0,0,1,40,2,5212.47,2731.54,0
26.8761,111,19,2000,2000,0,0,0,1,1,32,0.15,1,40,2,5548.65,2598.97,0
26.8783,114,10,2000,2000,0,0,0,1,1,32,0.15,1,40,2,5576.16,3430.08,0
26.8804,117,10,2000,2000,0,0,0,1,1,32,0.15,1,40,2,5570.14,3407.53,0
26.8841,122,19,2000,2000,0,0,0,1,1,96,0.2,1,40,2,5440.9,2905.2,0
26.8848,123,34,2000,2000,0,0,0,1,0,64,0.05,1,40,2,5451.2,2942.73,0
26.8855,124,19,2000,2000,0,0,0,1,1,96,0.2,1,40,2,5424.77,2835.36,0
26.8862,125,19,2000,2000,0,0,0,1,1,96,0.2,1,40,2,5982.97,2426.47,0
26.892,133,10,2000,2000,0,0,0,1,1,32,0.15,1,40,2,5365.79,2718.34,0
26.8957,138,19,2000,2000,0,0,0,1,1,32,0.15,1,40,2,0,0,0
26.8971,140,17,5022.75,2809.49,0,0,0,0,0,0,0,1,40,0,0,0,0
26.9022,9,10,2000,2000,0,0,0,1,1,32,0.15,1,40,2,5581.33,2586.44,0
26.9087,18,10,2000,2000,0,0,0,1,1,32,0.15,1,40,2,5385.28,2666.31,0
26.9101,20,11,5657.57,2558.76,0,0,0,0,0,0,0,1,40,0,5362.79,2712.01,0
26.9167,29,10,2000,2000,0,0,0,1,1,32,0.15,1,40,2,5685.14,3817.41,0
26.9196,33,27,5462.86,2985.23,0,0,0,0,0,0,0,1,40,0,5942.62,2442.45,0
26.9268,43,18,2000,2000,0,0,0,1,0,0,0,1,40,2,5418.8,2653.02,0
26.9283,45,18,2000,2000,0,0,0,1,0,0,0,1,40,2,6235.49,2331.93,0
26.9297,47,37,2000,2000,0,0,0,1,1,281,0.5,1,40,2,6123.22,2375.91,0
26.9312,49,19,2000,2000,0,0,0,1,1,32,0.15,1,40,2,5956.85,2436.81,0
26.9384,59,17,5007.43,2815.51,0,0,0,0,0,0,0,1,40,0,6016.98,2413.79,0
26.9435,66,5,6144.48,2367.58,0,0,0,0,0,0,0,1,40,0,4508.44,3007.85,0
26.9464,70,19,2000,2000,0,0,0,1,1,96,0.2,1,40,2,4987.63,2822.48,0
26.9471,71,18,2000,2000,0,0,0,1,0,64,0.05,1,40,2,5634,3646.94,0
26.9478,72,22,4508.44,3007.85,0,0,0,0,0,0,0,1,40,0,5364.82,2674.43,0
26.9486,73,19,2000,2000,0,0,0,1,1,32,0.15,1,40,2,5444.21,2639.51,0
26.9587,87,19,2000,2000,0,0,0,1,1,32,0.15,1,40,2,5420.98,2827.35,0
26.9609,90,19,2000,2000,0,0,0,1,1,32,0.15,1,40,2,5410.14,2804.47,0
26.963,93,19,2000,2000,0,0,0,1,1,32,0.15,1,40,2,5682.65,3810.88,0
26.9652,96,19,2000,2000,0,0,0,1,1,32,0.15,1,40,2,5630.63,2566.25,0
26.9746,109,37,2000,2000,0,0,0,1,0,0,0,1,40,2,5212.47,2731.54,0
26.9761,111,19,2000,2000,0,0,0,1,1,32,0.15,1,40,2,5548.65,2598.97,0
26.9783,114,10,2000,2000,0,0,0,1,1,32,0.15,1,40,2,5576.16,3430.08,0
26.9804,117,10,2000,2000,0,0,0,1,1,32,0.15,1,40,2,5570.14,3407.53,0
26.9841,122,19,2000,2000,0,0,0,1,1,96,0.2,1,40,2,5440.9,2905.2,0
26.9848,123,34,2000,2000,0,0,0,1,0,64,0.05,1,40,2,5451.2,2942.73,0
26.9855,124,19,2000,2000,0,0,0,1,1,96,0.2,1,40,2,5424.77,2835.36,0
26.9862,125,19,2000,2000,0,0,0,1,1,96,0.2,1,40,2,5982.97,2426.47,0
26.992,133,10,2000,2000,0,0,0,1,1,32,0.15,1,40,2,5365.79,2718.34,0
26.9957,138,19,2000,2000,0,0,0,1,1,32,0.15,1,40,2,0,0,0
26.9971,140,17,5022.75,2809.49,0,0,0,0,0,0,0,1,40,0,0,0,0
27.0022,9,10,2000,2000,0,0,0,1,1,32,0.15,1,40,2,5581.33,2586.44,0
27.0087,18,10,2000,2000,0,0,0,1,1,32,0.15,1,40,2,5385.28,2666.31,0
27.0101,20,11,5657.57,2558.76,0,0,0,0,0,0,0,1,40,0,5362.79,2712.01,0
27.0167,29,10,2000,2000,0,0,0,1,1,32,0.15,1,40,2,5685.14,3817.41,0
27.0196,33,27,5462.86,2985.23,0,0,0,0,0,0,0,1,40,0,5942.62,2442.45,0
27.0268,43,18,2000,2000,0,0,0,1,0,0,0,1,40,2,5418.8,2653.02,0
27.0283,45,18,2000,2000,0,0,0,1,0,0,0,1,40,2,6235.49,2331.93,0
27.0297,47,37,2000,2000,0,0,0,1,1,281,0.5,1,40,2,6123.22,2375.91,0
27.0312,49,19,2000,2000,0,0,0,1,1,32,0.15,1,40,2,5956.85,2436.81,0
27.0384,59,17,5007.43,2815.51,0,0,0,0,0,0,0,1,40,0,6016.98,2413.79,0
27.0435,66,5,6144.48,2367.58,0,0,0,0,0,0,0,1,40,0,4508.44,3007.85,0
27.0464,70,19,2000,2000,0,0,0,1,1,96,0.2,1,40,2,4987.63,2822.48,0
27.0471,71,18,2000,2000,0,0,0,1,0,64,0.05,1,40,2,5634,3646.94,0
27.0478,72,22,4508.44,3007.85,0,0,0,0,0,0,0,1,40,0,5364.82,2674.43,0
27.0486,73,19,2000,2000,0,0,0,1,1,32,0.15,1,40,2,5444.21,2639.51,0
27.0587,87,19,2000,2000,0,0,0,1,1,32,0.15,1,40,2,5420.98,2827.35,0
27.0609,90,19,2000,2000,0,0,0,1,1,32,0.15,1,40,2,5410.14,2804.47,0
27.063,93,19,2000,2000,0,0,0,1,1,32,0.15,1,40,2,5682.65,3810.88,0
27.0652,96,19,2000,2000,0,0,0,1,1,32,0.15,1,40,2,5630.63,2566.25,0
27.0746,109,37,2000,2000,0,0,0,1,0,0,0,1,40,2,5212.47,2731.54,0
27.0761,111,19,2000,2000,0,0,0,1,1,32,0.15,1,40,2,5548.65,2598.97,0
27.0783,114,10,2000,2000,0,0,0,1,1,32,0.15,1,40,2,5576.16,3430.08,0
27.0804,117,10,2000,2000,0,0,0,1,1,32,0.15,1,40,2,5570.14,3407.53,0
27.0841,122,19,2000,2000,0,0,0,1,1,96,0.2,1,40,2,5440.9,2905.2,0
27.0848,123,34,2000,2000,0,0,0,1,0,64,0.05,1,40,2,5451.2,2942.73,0
27.0855,124,19,2000,2000,0,0,0,1,1,96,0.2,1,40,2,5424.77,2835.36,0
27.0862,125,19,2000,2000,0,0,0,1,1,96,0.2,1,40,2,5982.97,2426.47,0
27.092,133,10,2000,2000,0,0,0,1,1,32,0.15,1,40,2,5365.79,2718.34,0
27.0957,138,19,2000,2000,0,0,0,1,1,32,0.15,1,40,2,0,0,0
27.0971,140,17,5022.75,2809.49,0,0,0,0,0,0,0,1,40,0,0,0,0
27.1022,9,10,2000,2000,0,0,0,1,1,32,0.15,1,40,2,5581.33,2586.44,0
27.1087,18,10,2000,2000,0,0,0,1,1,32,0.15,1,40,2,5385.28,2666.31,0
27.1101,20,11,5657.57,2558.76,0,0,0,0,0,0,0,1,40,0,5362.79,2712.01,0
27.1167,29,10,2000,2000,0,0,0,1,1,32,0.15,1,40,2,5685.14,3817.41,0
27.1196,33,27,5462.86,2985.23,0,0,0,0,0,0,0,1,40,0,5942.62,2442.45,0
27.1268,43,18,2000,2000,0,0,0,1,0,0,0,1,40,2,5418.8,2653.02,0
27.1283,45,18,2000,2000,0,0,0,1,0,0,0,1,40,2,6235.49,2331.93,0
27.1297,47,37,2000,2000,0,0,0,1,1,281,0.5,1,40,2,6123.22,2375.91,0
27.1312,49,19,2000,2000,0,0,0,1,1,32,0.15,1,40,2,5956.85,2436.81,0
27.1384,59,17,5007.43,2815.51,0,0,0,0,0,0,0,1,40,0,6016.98,2413.79,0
27.1435,66,5,6144.48,2367.58,0,0,0,0,0,0,0,1,40,0,4508.44,3007.85,0
27.1464,70,19,2000,2000,0,0,0,1,1,96,0.2,1,40,2,4987.63,2822.48,0
27.1471,71,18,2000,2000,0,0,0,1,0,64,0.05,1,40,2,5634,3646.94,0
27.1478,72,22,4508.44,3007.85,0,0,0,0,0,0,0,1,40,0,5364.82,2674.43,0
27.1486,73,19,2000,2000,0,0,0,1,0,0,0,1,40,2,5444.21,2639.51,0
27.1587,87,19,2000,2000,0,0,0,1,0,0,0,1,40,2,5420.98,2827.35,0
27.1609,90,19,2000,2000,0,0,0,1,0,0,0,1,40,2,5410.14,2804.47,0
27.163,93,19,2000,2000,0,0,0,1,1,32,0.15,1,40,2,5682.65,3810.88,0
27.1652,96,19,2000,2000,0,0,0,1,1,32,0.15,1,40,2,5630.63,2566.25,0
27.1746,109,37,2000,2000,0,0,0,1,0,0,0,1,40,2,5212.47,2731.54,0
27.1761,111,19,2000,2000,0,0,0,1,1,32,0.15,1,40,2,5548.65,2598.97,0
27.1783,114,10,2000,2000,0,0,0,1,1,32,0.15,1,40,2,5576.16,3430.08,0
27.1804,117,10,2000,2000,0,0,0,1,1,32,0.15,1,40,2,5570.14,3407.53,0
27.1841,122,19,2000,2000,0,0,0,1,1,96,0.2,1,40,2,5440.9,2905.2,0
27.1848,123,34,2000,2000,0,0,0,1,0,64,0.05,1,40,2,5451.2,2942.73,0
27.1855,124,19,2000,2000,0,0,0,1,1,96,0.2,1,40,2,5424.77,2835.36,0
27.1862,125,19,2000,2000,0,0,0,1,1,96,0.2,1,40,2,5982.97,2426.47,0
27.192,133,10,2000,2000,0,0,0,1,1,32,0.15,1,40,2,5365.79,2718.34,0
27.1957,138,19,2000,2000,0,0,0,1,1,32,0.15,1,40,2,0,0,0
27.1971,140,17,5022.75,2809.49,0,0,0,0,0,0,0,1,40,0,0,0,0
27.2022,9,10,2000,2000,0,0,0,1,1,32,0.15,1,40,2,5581.33,2586.44,0
27.2087,18,10,2000,2000,0,0,0,1,1,32,0.15,1,40,2,5385.28,2666.31,0
27.2101,20,11,5657.57,2558.76,0,0,0,0,0,0,0,1,40,0,5362.79,2712.01,0
27.2167,29,10,2000,2000,0,0,0,1,1,32,0.15,1,40,2,5685.14,3817.41,0
27.2196,33,27,5462.86,2985.23,0,0,0,0,0,0,0,1,40,0,5942.62,2442.45,0
27.2268,43,18,2000,2000,0,0,0,1,0,0,0,1,40,2,5418.8,2653.02,0
27.2283,45,18,2000,2000,0,0,0,1,0,0,0,1,40,2,6235.49,2331.93,0
27.2297,47,37,2000,2000,0,0,0,1,1,281,0.5,1,40,2,6123.22,2375.91,0
27.2312,49,19,2000,2000,0,0,0,1,1,32,0.15,1,40,2,5956.85,2436.81,0
27.2384,59,17,5007.43,2815.51,0,0,0,0,0,0,0,1,40,0,6016.98,2413.79,0
27.2435,66,5,6144.48,2367.58,0,0,0,0,0,0,0,1,40,0,4508.44,3007.85,0
27.2464,70,19,2000,2000,0,0,0,1,1,96,0.2,1,40,2,4987.63,2822.48,0
27.2471,71,18,2000,2000,0,0,0,1,0,64,0.05,1,40,2,5634,3646.94,0
27.2478,72,22,4508.44,3007.85,0,0,0,0,0,0,0,1,40,0,5364.82,2674.43,0
27.2486,73,19,2000,2000,0,0,0,1,1,32,0.15,1,40,2,5444.21,2639.51,0
27.2587,87,19,2000,2000,0,0,0,1,1,32,0.15,1,40,2,5420.98,2827.35,0
27.2609,90,19,2000,2000,0,0,0,1,1,32,0.15,1,40,2,5410.14,2804.47,0
27.263,93,19,2000,2000,0,0,0,1,1,32,0.15,1,40,2,5682.65,3810.88,0
27.2652,96,19,2000,2000,0,0,0,1,1,32,0.15,1,40,2,5630.63,2566.25,0
27.2746,109,37,2000,2000,0,0,0,1,0,0,0,1,40,2,5212.47,2731.54,0
27.2761,111,19,2000,2000,0,0,0,1,1,32,0.15,1,40,2,5548.65,2598.97,0
27.2783,114,10,2000,2000,0,0,0,1,0,0,0,1,40,2,5576.16,3430.08,0
27.2804,117,10,2000,2000,0,0,0,1,0,0,0,1,40,2,5570.14,3407.53,0
27.2841,122,19,2000,2000,0,0,0,1,1,96,0.2,1,40,2,5440.9,2905.2,0
27.2848,123,34,2000,2000,0,0,0,1,0,64,0.05,1,40,2,5451.2,2942.73,0
27.2855,124,19,2000,2000,0,0,0,1,1,96,0.2,1,40,2,5424.77,2835.36,0
27.2862,125,19,2000,2000,0,0,0,1,1,96,0.2,1,40,2,5982.97,2426.47,0
27.292,133,10,2000,2000,0,0,0,1,0,0,0,1,40,2,5365.79,2718.34,0
27.2957,138,19,2000,2000,0,0,0,1,1,32,0.15,1,40,2,0,0,0
27.2971,140,17,5022.75,2809.49,0,0,0,0,0,0,0,1,40,0,0,0,0
27.3022,9,10,2000,2000,0,0,0,1,1,32,0.15,1,40,2,5581.33,2586.44,0
27.3087,18,10,2000,2000,0,0,0,1,1,32,0.15,1,40,2,5385.28,2666.31,0
27.3101,20,11,5657.57,2558.76,0,0,0,0,0,0,0,1,40,0,5362.79,2712.01,0
27.3167,29,10,2000,2000,0,0,0,1,1,32,0.15,1,40,2,5685.14,3817.41,0
27.3196,33,27,5462.86,2985.23,0,0,0,0,0,0,0,1,40,0,5942.62,2442.45,0
27.3268,43,18,2000,2000,0,0,0,1,0,0,0,1,40,2,5418.8,2653.02,0
27.3283,45,18,2000,2000,0,0,0,1,0,0,0,1,40,2,6235.49,2331.93,0
27.3297,47,37,2000,2000,0,0,0,1,1,281,0.5,1,40,2,6123.22,2375.91,0
27.3312,49,19,2000,2000,0,0,0,1,1,32,0.15,1,40,2,5956.85,2436.81,0
27.3384,59,17,5007.43,2815.51,0,0,0,0,0,0,0,1,40,0,6016.98,2413.79,0
27.3435,66,5,6144.48,2367.58,0,0,0,0,0,0,0,1,40,0,4508.44,3007.85,0
27.3464,70,19,2000,2000,0,0,0,1,1,96,0.2,1,40,2,4987.63,2822.48,0
27.3471,71,18,2000,2000,0,0,0,1,0,64,0.05,1,40,2,5634,3646.94,0
27.3478,72,22,4508.44,3007.85,0,0,0,0,0,0,0,1,40,0,5364.82,2674.43,0
27.3486,73,19,2000,2000,0,0,0,1,1,32,0.15,1,40,2,5444.21,2639.51,0
27.3587,87,19,2000,2000,0,0,0,1,1,32,0.15,1,40,2,5420.98,2827.35,0
27.3609,90,19,2000,2000,0,0,0,1,1,32,0.15,1,40,2,5410.14,2804.47,0
27.363,93,19,2000,2000,0,0,0,1,1,32,0.15,1,40,2,5682.65,3810.88,0
27.3652,96,19,2000,2000,0,0,0,1,1,32,0.15,1,40,2,5630.63,2566.25,0
27.3746,109,37,2000,2000,0,0,0,1,0,0,0,1,40,2,5212.47,2731.54,0
27.3761,111,19,2000,2000,0,0,0,1,1,32,0.15,1,40,2,5548.65,2598.97,0
27.3783,114,10,2000,2000,0,0,0,1,1,32,0.15,1,40,2,5576.16,3430.08,0
27.3804,117,10,2000,2000,0,0,0,1,1,32,0.15,1,40,2,5570.14,3407.53,0
27.3841,122,19,2000,2000,0,0,0,1,1,96,0.2,1,40,2,5440.9,2905.2,0
27.3848,123,34,2000,2000,0,0,0,1,0,64,0.05,1,40,2,5451.2,2942.73,0
27.3855,124,19,2000,2000,0,0,0,1,1,96,0.2,1,40,2,5424.77,2835.36,0
27.3862,125,19,2000,2000,0,0,0,1,1,96,0.2,1,40,2,5982.97,2426.47,0
27.392,133,10,2000,2000,0,0,0,1,1,32,0.15,1,40,2,5365.79,2718.34,0
27.3957,138,19,2000,2000,0,0,0,1,1,32,0.15,1,40,2,0,0,0
27.3971,140,17,5022.75,2809.49,0,0,0,0,0,0,0,1,40,0,0,0,0
27.4022,9,10,2000,2000,0,0,0,1,1,32,0.15,1,40,2,5581.33,2586.44,0
27.4087,18,10,2000,2000,0,0,0,1,1,32,0.15,1,40,2,5385.28,2666.31,0
27.4101,20,11,5657.57,2558.76,0,0,0,0,0,0,0,1,40,0,5362.79,2712.01,0
27.4167,29,10,2000,2000,0,0,0,1,1,32,0.15,1,40,2,5685.14,3817.41,0
27.4196,33,27,5462.86,2985.23,0,0,0,0,0,0,0,1,40,0,5942.62,2442.45,0
27.4268,43,18,2000,2000,0,0,0,1,0,0,0,1,40,2,5418.8,2653.02,0
27.4283,45,18,2000,2000,0,0,0,1,0,0,0,1,40,2,6235.49,2331.93,0
27.4297,47,37,2000,2000,0,0,0,1,1,281,0.5,1,40,2,6123.22,2375.91,0
27.4312,49,19,2000,2000,0,0,0,1,1,32,0.15,1,40,2,5956.85,2436.81,0
27.4384,59,17,5007.43,2815.51,0,0,0,0,0,0,0,1,40,0,6016.98,2413.79,0
27.4435,66,5,6144.48,2367.58,0,0,0,0,0,0,0,1,40,0,4508.44,3007.85,0
27.4464,70,19,2000,2000,0,0,0,1,1,96,0.2,1,40,2,4987.63,2822.48,0
27.4471,71,18,2000,2000,0,0,0,1,0,64,0.05,1,40,2,5634,3646.94,0
27.4478,72,22,4508.44,3007.85,0,0,0,0,0,0,0,1,40,0,5364.82,2674.43,0
27.4486,73,19,2000,2000,0,0,0,1,1,32,0.15,1,40,2,5444.21,2639.51,0
27.4587,87,19,2000,2000,0,0,0,1,1,32,0.15,1,40,2,5420.98,2827.35,0
27.4609,90,19,2000,2000,0,0,0,1,1,32,0.15,1,40,2,5410.14,2804.47,0
27.463,93,19,2000,2000,0,0,0,1,1,32,0.15,1,40,2,5682.65,3810.88,0
27.4652,96,19,2000,2000,0,0,0,1,1,32,0.15,1,40,2,5630.63,2566.25,0
27.4746,109,37,2000,2000,0,0,0,1,0,0,0,1,40,2,5212.47,2731.54,0
27.4761,111,19,2000,2000,0,0,0,1,1,32,0.15,1,40,2,5548.65,2598.97,0
27.4783,114,10,2000,2000,0,0,0,1,1,32,0.15,1,40,2,5576.16,3430.08,0
27.4804,117,10,2000,2000,0,0,0,1,1,32,0.15,1,40,2,5570.14,3407.53,0
27.4841,122,19,2000,2000,0,0,0,1,1,96,0.2,1,40,2,5440.9,2905.2,0
27.4848,123,34,2000,2000,0,0,0,1,0,64,0.05,1,40,2,5451.2,2942.73,0
27.4855,124,19,2000,2000,0,0,0,1,1,96,0.2,1,40,2,5424.77,2835.36,0
27.4862,125,19,2000,2000,0,0,0,1,1,96,0.2,1,40,2,5982.97,2426.47,0
27.492,133,10,2000,2000,0,0,0,1,1,32,0.15,1,40,2,5365.79,2718.34,0
27.4957,138,19,2000,2000,0,0,0,1,1,32,0.15,1,40,2,0,0,0
27.4971,140,17,5022.75,2809.49,0,0,0,0,0,0,0,1,40,0,0,0,0
27.5022,9,10,2000,2000,0,0,0,1,1,32,0.15,1,40,2,5581.33,2586.44,0
27.5087,18,10,2000,2000,0,0,0,1,1,32,0.15,1,40,2,5385.28,2666.31,0
27.5101,20,11,5657.57,2558.76,0,0,0,0,0,0,0,1,40,0,5362.79,2712.01,0
27.5167,29,10,2000,2000,0,0,0,1,1,32,0.15,1,40,2,5685.14,3817.41,0
27.5196,33,27,5462.86,2985.23,0,0,0,0,0,0,0,1,40,0,5942.62,2442.45,0
27.5268,43,18,2000,2000,0,0,0,1,0,0,0,1,40,2,5418.8,2653.02,0
27.5283,45,18,2000,2000,0,0,0,1,0,0,0,1,40,2,6235.49,2331.93,0
27.5297,47,37,2000,2000,0,0,0,1,1,281,0.5,1,40,2,6123.22,2375.91,0
27.5312,49,19,2000,2000,0,0,0,1,1,32,0.15,1,40,2,5956.85,2436.81,0
27.5384,59,17,5007.43,2815.51,0,0,0,0,0,0,0,1,40,0,6016.98,2413.79,0
27.5435,66,5,6144.48,2367.58,0,0,0,0,0,0,0,1,40,0,4508.44,3007.85,0
27.5464,70,19,2000,2000,0,0,0,1,1,96,0.2,1,40,2,4987.63,2822.48,0
27.5471,71,18,2000,2000,0,0,0,1,0,64,0.05,1,40,2,5634,3646.94,0
27.5478,72,22,4508.44,3007.85,0,0,0,0,0,0,0,1,40,0,5364.82,2674.43,0
27.5486,73,19,2000,2000,0,0,0,1,1,32,0.15,1,40,2,5444.21,2639.51,0
27.5587,87,19,2000,2000,0,0,0,1,1,32,0.15,1,40,2,5420.98,2827.35,0
27.5609,90,19,2000,2000,0,0,0,1,1,32,0.15,1,40,2,5410.14,2804.47,0
27.563,93,19,2000,2000,0,0,0,1,1,32,0.15,1,40,2,5682.65,3810.88,0
27.5652,96,19,2000,2000,0,0,0,1,1,32,0.15,1,40,2,5630.63,2566.25,0
27.5746,109,37,2000,2000,0,0,0,1,0,0,0,1,40,2,5212.47,2731.54,0
27.5761,111,19,2000,2000,0,0,0,1,1,32,0.15,1,40,2,5548.65,2598.97,0
27.5783,114,10,2000,2000,0,0,0,1,1,32,0.15,1,40,2,5576.16,3430.08,0
27.5804,117,10,2000,2000,0,0,0,1,1,32,0.15,1,40,2,5570.14,3407.53,0
27.5841,122,19,2000,2000,0,0,0,1,1,96,0.2,1,40,2,5440.9,2905.2,0
27.5848,123,34,2000,2000,0,0,0,1,0,64,0.05,1,40,2,5451.2,2942.73,0
27.5855,124,19,2000,2000,0,0,0,1,1,96,0.2,1,40,2,5424.77,2835.36,0
27.5862,125,19,2000,2000,0,0,0,1,1,96,0.2,1,40,2,5982.97,2426.47,0
27.592,133,10,2000,2000,0,0,0,1,1,32,0.15,1,40,2,5365.79,2718.34,0
27.5957,138,19,2000,2000,0,0,0,1,1,32,0.15,1,40,2,0,0,0
27.5971,140,17,5022.75,2809.49,0,0,0,0,0,0,0,1,40,0,0,0,0
27.6022,9,10,2000,2000,0,0,0,1,1,32,0.15,1,40,2,5581.33,2586.44,0
27.6087,18,10,2000,2000,0,0,0,1,1,32,0.15,1,40,2,5385.28,2666.31,0
27.6101,20,11,5657.57,2558.76,0,0,0,0,0,0,0,1,40,0,5362.79,2712.01,0
27.6167,29,10,2000,2000,0,0,0,1,1,32,0.15,1,40,2,5685.14,3817.41,0
27.6196,33,27,5462.86,2985.23,0,0,0,0,0,0,0,1,40,0,5942.62,2442.45,0
27.6268,43,18,2000,2000,0,0,0,1,0,0,0,1,40,2,5418.8,2653.02,0
27.6283,45,18,2000,2000,0,0,0,1,0,0,0,1,40,2,6235.49,2331.93,0
27.6297,47,37,2000,2000,0,0,0,1,1,281,0.5,1,40,2,6123.22,2375.91,0
27.6312,49,19,2000,2000,0,0,0,1,1,32,0.15,1,40,2,5956.85,2436.81,0
27.6384,59,17,5007.43,2815.51,0,0,0,0,0,0,0,1,40,0,6016.98,2413.79,0
27.6435,66,5,6144.48,2367.58,0,0,0,0,0,0,0,1,40,0,4508.44,3007.85,0
27.6464,70,19,2000,2000,0,0,0,1,1,96,0.2,1,40,2,4987.63,2822.48,0
27.6471,71,18,2000,2000,0,0,0,1,0,64,0.05,1,40,2,5634,3646.94,0
27.6478,72,22,4508.44,3007.85,0,0,0,0,0,0,0,1,40,0,5364.82,2674.43,0
27.6486,73,19,2000,2000,0,0,0,1,1,32,0.15,1,40,2,5444.21,2639.51,0
27.6587,87,19,2000,2000,0,0,0,1,1,32,0.15,1,40,2,5420.98,2827.35,0
27.6609,90,19,2000,2000,0,0,0,1,1,32,0.15,1,40,2,5410.14,2804.47,0
27.663,93,19,2000,2000,0,0,0,1,1,32,0.15,1,40,2,5682.65,3810.88,0
27.6652,96,19,2000,2000,0,0,0,1,1,32,0.15,1,40,2,5630.63,2566.25,0
27.6746,109,37,2000,2000,0,0,0,1,0,0,0,1,40,2,5212.47,2731.54,0
27.6761,111,19,2000,2000,0,0,0,1,1,32,0.15,1,40,2,5548.65,2598.97,0
27.6783,114,10,2000,2000,0,0,0,1,1,32,0.15,1,40,2,5576.16,3430.08,0
27.6804,117,10,2000,2000,0,0,0,1,1,32,0.15,1,40,2,5570.14,3407.53,0
27.6841,122,19,2000,2000,0,0,0,1,1,96,0.2,1,40,2,5440.9,2905.2,0
27.6848,123,34,2000,2000,0,0,0,1,0,64,0.05,1,40,2,5451.2,2942.73,0
27.6855,124,19,2000,2000,0,0,0,1,1,96,0.2,1,40,2,5424.77,2835.36,0
27.6862,125,19,2000,2000,0,0,0,1,1,96,0.2,1,40,2,5982.97,2426.47,0
27.692,133,10,2000,2000,0,0,0,1,1,32,0.15,1,40,2,5365.79,2718.34,0
27.6957,138,19,2000,2000,0,0,0,1,1,32,0.15,1,40,2,0,0,0
27.6971,140,17,5022.75,2809.49,0,0,0,0,0,0,0,1,40,0,0,0,0
27.7022,9,10,2000,2000,0,0,0,1,1,32,0.15,1,40,2,5581.33,2586.44,0
27.7087,18,10,2000,2000,0,0,0,1,1,32,0.15,1,40,2,5385.28,2666.31,0
27.7101,20,11,5657.57,2558.76,0,0,0,0,0,0,0,1,40,0,5362.79,2712.01,0
27.7167,29,10,2000,2000,0,0,0,1,1,32,0.15,1,40,2,5685.14,3817.41,0
27.7196,33,27,5462.86,2985.23,0,0,0,0,0,0,0,1,40,0,5942.62,2442.45,0
27.7268,43,18,2000,2000,0,0,0,1,0,0,0,1,40,2,5418.8,2653.02,0
27.7283,45,18,2000,2000,0,0,0,1,0,0,0,1,40,2,6235.49,2331.93,0
27.7297,47,37,2000,2000,0,0,0,1,1,281,0.5,1,40,2,6123.22,2375.91,0
27.7312,49,19,2000,2000,0,0,0,1,1,32,0.15,1,40,2,5956.85,2436.81,0
27.7384,59,17,5007.43,2815.51,0,0,0,0,0,0,0,1,40,0,6016.98,2413.79,0
27.7435,66,5,6144.48,2367.58,0,0,0,0,0,0,0,1,40,0,4508.44,3007.85,0
27.7464,70,19,2000,2000,0,0,0,1,1,96,0.2,1,40,2,4987.63,2822.48,0
27.7471,71,18,2000,2000,0,0,0,1,0,64,0.05,1,40,2,5634,3646.94,0
27.7478,72,22,4508.44,3007.85,0,0,0,0,0,0,0,1,40,0,5364.82,2674.43,0
27.7486,73,19,2000,2000,0,0,0,1,1,32,0.15,1,40,2,5444.21,2639.51,0
27.7587,87,19,2000,2000,0,0,0,1,1,32,0.15,1,40,2,5420.98,2827.35,0
27.7609,90,19,2000,2000,0,0,0,1,1,32,0.15,1,40,2,5410.14,2804.47,0
27.763,93,19,2000,2000,0,0,0,1,1,32,0.15,1,40,2,5682.65,3810.88,0
27.7652,96,19,2000,2000,0,0,0,1,1,32,0.15,1,40,2,5630.63,2566.25,0
27.7746,109,37,2000,2000,0,0,0,1,0,0,0,1,40,2,5212.47,2731.54,0
27.7761,111,19,2000,2000,0,0,0,1,1,32,0.15,1,40,2,5548.65,2598.97,0
27.7783,114,10,2000,2000,0,0,0,1,1,32,0.15,1,40,2,5576.16,3430.08,0
27.7804,117,10,2000,2000,0,0,0,1,1,32,0.15,1,40,2,5570.14,3407.53,0
27.7841,122,19,2000,2000,0,0,0,1,1,96,0.2,1,40,2,5440.9,2905.2,0
27.7848,123,34,2000,2000,0,0,0,1,0,64,0.05,1,40,2,5451.2,2942.73,0
27.7855,124,19,2000,2000,0,0,0,1,1,96,0.2,1,40,2,5424.77,2835.36,0
27.7862,125,19,2000,2000,0,0,0,1,1,96,0.2,1,40,2,5982.97,2426.47,0
27.792,133,10,2000,2000,0,0,0,1,1,32,0.15,1,40,2,5365.79,2718.34,0
27.7957,138,19,2000,2000,0,0,0,1,1,32,0.15,1,40,2,0,0,0
27.7971,140,17,5022.75,2809.49,0,0,0,0,0,0,0,1,40,0,0,0,0
27.8022,9,10,2000,2000,0,0,0,1,1,32,0.15,1,40,2,5581.33,2586.44,0
27.8087,18,10,2000,2000,0,0,0,1,1,32,0.15,1,40,2,5385.28,2666.31,0
27.8101,20,11,5657.57,2558.76,0,0,0,0,0,0,0,1,40,0,5362.79,2712.01,0
27.8167,29,10,2000,2000,0,0,0,1,1,32,0.15,1,40,2,5685.14,3817.41,0
27.8196,33,27,5462.86,2985.23,0,0,0,0,0,0,0,1,40,0,5942.62,2442.45,0
27.8268,43,18,2000,2000,0,0,0,1,0,0,0,1,40,2,5418.8,2653.02,0
27.8283,45,18,2000,2000,0,0,0,1,0,0,0,1,40,2,6235.49,2331.93,0
27.8297,47,37,2000,2000,0,0,0,1,1,281,0.5,1,40,2,6123.22,2375.91,0
27.8312,49,19,2000,2000,0,0,0,1,1,32,0.15,1,40,2,5956.85,2436.81,0
27.8384,59,17,5007.43,2815.51,0,0,0,0,0,0,0,1,40,0,6016.98,2413.79,0
27.8435,66,5,6144.48,2367.58,0,0,0,0,0,0,0,1,40,0,4508.44,3007.85,0
27.8464,70,19,2000,2000,0,0,0,1,1,96,0.2,1,40,2,4987.63,2822.48,0
27.8471,71,18,2000,2000,0,0,0,1,0,64,0.05,1,40,2,5634,3646.94,0
27.8478,72,22,4508.44,3007.85,0,0,0,0,0,0,0,1,40,0,5364.82,2674.43,0
27.8486,73,19,2000,2000,0,0,0,1,1,32,0.15,1,40,2,5444.21,2639.51,0
27.8587,87,19,2000,2000,0,0,0,1,1,32,0.15,1,40,2,5420.98,2827.35,0
27.8609,90,19,2000,2000,0,0,0,1,1,32,0.15,1,40,2,5410.14,2804.47,0
27.863,93,19,2000,2000,0,0,0,1,1,32,0.15,1,40,2,5682.65,3810.88,0
27.8652,96,19,2000,2000,0,0,0,1,1,32,0.15,1,40,2,5630.63,2566.25,0
27.8746,109,37,2000,2000,0,0,0,1,0,0,0,1,40,2,5212.47,2731.54,0
27.8761,111,19,2000,2000,0,0,0,1,1,32,0.15,1,40,2,5548.65,2598.97,0
27.8783,114,10,2000,2000,0,0,0,1,1,32,0.15,1,40,2,5576.16,3430.08,0
27.8804,117,10,2000,2000,0,0,0,1,1,32,0.15,1,40,2,5570.14,3407.53,0
27.8841,122,19,2000,2000,0,0,0,1,1,96,0.2,1,40,2,5440.9,2905.2,0
27.8848,123,34,2000,2000,0,0,0,1,0,64,0.05,1,40,2,5451.2,2942.73,0
27.8855,124,19,2000,2000,0,0,0,1,1,96,0.2,1,40,2,5424.77,2835.36,0
27.8862,125,19,2000,2000,0,0,0,1,1,96,0.2,1,40,2,5982.97,2426.47,0
27.892,133,10,2000,2000,0,0,0,1,1,32,0.15,1,40,2,5365.79,2718.34,0
27.8957,138,19,2000,2000,0,0,0,1,1,32,0.15,1,40,2,0,0,0
27.8971,140,17,5022.75,2809.49,0,0,0,0,0,0,0,1,40,0,0,0,0
27.9022,9,10,2000,2000,0,0,0,1,1,32,0.15,1,40,2,5581.33,2586.44,0
27.9087,18,10,2000,2000,0,0,0,1,1,32,0.15,1,40,2,5385.28,2666.31,0
27.9101,20,11,5657.57,2558.76,0,0,0,0,0,0,0,1,40,0,5362.79,2712.01,0
27.9167,29,10,2000,2000,0,0,0,1,1,32,0.15,1,40,2,5685.14,3817.41,0
27.9196,33,27,5462.86,2985.23,0,0,0,0,0,0,0,1,40,0,5942.62,2442.45,0
27.9268,43,18,2000,2000,0,0,0,1,0,0,0,1,40,2,5418.8,2653.02,0
27.9283,45,18,2000,2000,0,0,0,1,0,0,0,1,40,2,6235.49,2331.93,0
27.9297,47,37,2000,2000,0,0,0,1,1,281,0.5,1,40,2,6123.22,2375.91,0
27.9312,49,19,2000,2000,0,0,0,1,1,32,0.15,1,40,2,5956.85,2436.81,0
27.9384,59,17,5007.43,2815.51,0,0,0,0,0,0,0,1,40,0,6016.98,2413.79,0
27.9435,66,5,6144.48,2367.58,0,0,0,0,0,0,0,1,40,0,4508.44,3007.85,0
27.9464,70,19,2000,2000,0,0,0,1,1,96,0.2,1,40,2,4987.63,2822.48,0
27.9471,71,18,2000,2000,0,0,0,1,0,64,0.05,1,40,2,5634,3646.94,0
27.9478,72,22,4508.44,3007.85,0,0,0,0,0,0,0,1,40,0,5364.82,2674.43,0
27.9486,73,19,2000,2000,0,0,0,1,1,32,0.15,1,40,2,5444.21,2639.51,0
27.9587,87,19,2000,2000,0,0,0,1,1,32,0.15,1,40,2,5420.98,2827.35,0
27.9609,90,19,2000,2000,0,0,0,1,1,32,0.15,1,40,2,5410.14,2804.47,0
27.963,93,19,2000,2000,0,0,0,1,1,32,0.15,1,40,2,5682.65,3810.88,0
27.9652,96,19,2000,2000,0,0,0,1,1,32,0.15,1,40,2,5630.63,2566.25,0
27.9746,109,37,2000,2000,0,0,0,1,0,0,0,1,40,2,5212.47,2731.54,0
27.9761,111,19,2000,2000,0,0,0,1,1,32,0.15,1,40,2,5548.65,2598.97,0
27.9783,114,10,2000,2000,0,0,0,1,1,32,0.15,1,40,2,5576.16,3430.08,0
27.9804,117,10,2000,2000,0,0,0,1,1,32,0.15,1,40,2,5570.14,3407.53,0
27.9841,122,19,2000,2000,0,0,0,1,1,96,0.2,1,40,2,5440.9,2905.2,0
27.9848,123,34,2000,2000,0,0,0,1,0,64,0.05,1,40,2,5451.2,2942.73,0
27.9855,124,19,2000,2000,0,0,0,1,1,96,0.2,1,40,2,5424.77,2835.36,0
27.9862,125,19,2000,2000,0,0,0,1,1,96,0.2,1,40,2,5982.97,2426.47,0
27.992,133,10,2000,2000,0,0,0,1,1,32,0.15,1,40,2,5365.79,2718.34,0
27.9957,138,19,2000,2000,0,0,0,1,1,32,0.15,1,40,2,0,0,0
27.9971,140,17,5022.75,2809.49,0,0,0,0,0,0,0,1,40,0,0,0,0
28.0022,9,10,2000,2000,0,0,0,1,1,32,0.15,1,40,2,5581.33,2586.44,0
28.0087,18,10,2000,2000,0,0,0,1,1,32,0.15,1,40,2,5385.28,2666.31,0
28.0101,20,11,5657.57,2558.76,0,0,0,0,0,0,0,1,40,0,5362.79,2712.01,0
28.0167,29,10,2000,2000,0,0,0,1,1,32,0.15,1,40,2,5685.14,3817.41,0
28.0196,33,27,5462.86,2985.23,0,0,0,0,0,0,0,1,40,0,5942.62,2442.45,0
28.0268,43,18,2000,2000,0,0,0,1,0,0,0,1,40,2,5418.8,2653.02,0
28.0283,45,18,2000,2000,0,0,0,1,0,0,0,1,40,2,6235.49,2331.93,0
28.0297,47,37,2000,2000,0,0,0,1,1,281,0.5,1,40,2,6123.22,2375.91,0
28.0312,49,19,2000,2000,0,0,0,1,1,32,0.15,1,40,2,5956.85,2436.81,0
28.0384,59,17,5007.43,2815.51,0,0,0,0,0,0,0,1,40,0,6016.98,2413.79,0
28.0435,66,5,6144.48,2367.58,0,0,0,0,0,0,0,1,40,0,4508.44,3007.85,0
28.0464,70,19,2000,2000,0,0,0,1,1,96,0.2,1,40,2,4987.63,2822.48,0
28.0471,71,18,2000,2000,0,0,0,1,0,64,0.05,1,40,2,5634,3646.94,0
28.0478,72,22,4508.44,3007.85,0,0,0,0,0,0,0,1,40,0,5364.82,2674.43,0
28.0486,73,19,2000,2000,0,0,0,1,1,32,0.15,1,40,2,5444.21,2639.51,0
28.0587,87,19,2000,2000,0,0,0,1,1,32,0.15,1,40,2,5420.98,2827.35,0
28.0609,90,19,2000,2000,0,0,0,1,1,32,0.15,1,40,2,5410.14,2804.47,0
28.063,93,19,2000,2000,0,0,0,1,1,32,0.15,1,40,2,5682.65,3810.88,0
28.0652,96,19,2000,2000,0,0,0,1,1,32,0.15,1,40,2,5630.63,2566.25,0
28.0746,109,37,2000,2000,0,0,0,1,0,0,0,1,40,2,5212.47,2731.54,0
28.0761,111,19,2000,2000,0,0,0,1,1,32,0.15,1,40,2,5548.65,2598.97,0
28.0783,114,10,2000,2000,0,0,0,1,1,32,0.15,1,40,2,5576.16,3430.08,0
28.0804,117,10,2000,2000,0,0,0,1,1,32,0.15,1,40,2,5570.14,3407.53,0
28.0841,122,19,2000,2000,0,0,0,1,1,96,0.2,1,40,2,5440.9,2905.2,0
28.0848,123,34,2000,2000,0,0,0,1,0,64,0.05,1,40,2,5451.2,2942.73,0
28.0855,124,19,2000,2000,0,0,0,1,1,96,0.2,1,40,2,5424.77,2835.36,0
28.0862,125,19,2000,2000,0,0,0,1,1,96,0.2,1,40,2,5982.97,2426.47,0
28.092,133,10,2000,2000,0,0,0,1,1,32,0.15,1,40,2,5365.79,2718.34,0
28.0957,138,19,2000,2000,0,0,0,1,1,32,0.15,1,40,2,0,0,0
28.0971,140,17,5022.75,2809.49,0,0,0,0,0,0,0,1,40,0,0,0,0
28.1022,9,10,2000,2000,0,0,0,1,1,32,0.15,1,40,2,5581.33,2586.44,0
28.1087,18,10,2000,2000,0,0,0,1,1,32,0.15,1,40,2,5385.28,2666.31,0
28.1101,20,11,5657.57,2558.76,0,0,0,0,0,0,0,1,40,0,5362.79,2712.01,0
28.1167,29,10,2000,2000,0,0,0,1,1,32,0.15,1,40,2,5685.14,3817.41,0
28.1196,33,27,5462.86,2985.23,0,0,0,0,0,0,0,1,40,0,5942.62,2442.45,0
28.1268,43,18,2000,2000,0,0,0,1,0,0,0,1,40,2,5418.8,2653.02,0
28.1283,45,18,2000,2000,0,0,0,1,0,0,0,1,40,2,6235.49,2331.93,0
28.1297,47,37,2000,2000,0,0,0,1,1,281,0.5,1,40,2,6123.22,2375.91,0
28.1312,49,19,2000,2000,0,0,0,1,1,32,0.15,1,40,2,5956.85,2436.81,0
28.1384,59,17,5007.43,2815.51,0,0,0,0,0,0,0,1,40,0,6016.98,2413.79,0
28.1435,66,5,6144.48,2367.58,0,0,0,0,0,0,0,1,40,0,4508.44,3007.85,0
28.1464,70,19,2000,2000,0,0,0,1,1,96,0.2,1,40,2,4987.63,2822.48,0
28.1471,71,18,2000,2000,0,0,0,1,0,64,0.05,1,40,2,5634,3646.94,0
28.1478,72,22,4508.44,3007.85,0,0,0,0,0,0,0,1,40,0,5364.82,2674.43,0
28.1486,73,19,2000,2000,0,0,0,1,0,0,0,1,40,2,5444.21,2639.51,0
28.1587,87,19,2000,2000,0,0,0,1,0,0,0,1,40,2,5420.98,2827.35,0
28.1609,90,19,2000,2000,0,0,0,1,0,0,0,1,40,2,5410.14,2804.47,0
28.163,93,19,2000,2000,0,0,0,1,1,32,0.15,1,40,2,5682.65,3810.88,0
28.1652,96,19,2000,2000,0,0,0,1,1,32,0.15,1,40,2,5630.63,2566.25,0
28.1746,109,37,2000,2000,0,0,0,1,0,0,0,1,40,2,5212.47,2731.54,0
28.1761,111,19,2000,2000,0,0,0,1,1,32,0.15,1,40,2,5548.65,2598.97,0
28.1783,114,10,2000,2000,0,0,0,1,1,32,0.15,1,40,2,5576.16,3430.08,0
28.1804,117,10,2000,2000,0,0,0,1,1,32,0.15,1,40,2,5570.14,3407.53,0
28.1841,122,19,2000,2000,0,0,0,1,1,96,0.2,1,40,2,5440.9,2905.2,0
28.1848,123,34,2000,2000,0,0,0,1,0,64,0.05,1,40,2,5451.2,2942.73,0
28.1855,124,19,2000,2000,0,0,0,1,1,96,0.2,1,40,2,5424.77,2835.36,0
28.1862,125,19,2000,2000,0,0,0,1,1,96,0.2,1,40,2,5982.97,2426.47,0
28.192,133,10,2000,2000,0,0,0,1,1,32,0.15,1,40,2,5365.79,2718.34,0
28.1957,138,19,2000,2000,0,0,0,1,1,32,0.15,1,40,2,0,0,0
28.1971,140,17,5022.75,2809.49,0,0,0,0,0,0,0,1,40,0,0,0,0
28.2022,9,10,2000,2000,0,0,0,1,1,32,0.15,1,40,2,5581.33,2586.44,0
28.2087,18,10,2000,2000,0,0,0,1,1,32,0.15,1,40,2,5385.28,2666.31,0
28.2101,20,11,5657.57,2558.76,0,0,0,0,0,0,0,1,40,0,5362.79,2712.01,0
28.2167,29,10,2000,2000,0,0,0,1,1,32,0.15,1,40,2,5685.14,3817.41,0
28.2196,33,27,5462.86,2985.23,0,0,0,0,0,0,0,1,40,0,5942.62,2442.45,0
28.2268,43,18,2000,2000,0,0,0,1,0,0,0,1,40,2,5418.8,2653.02,0
28.2283,45,18,2000,2000,0,0,0,1,0,0,0,1,40,2,6235.49,2331.93,0
28.2297,47,37,2000,2000,0,0,0,1,1,281,0.5,1,40,2,6123.22,2375.91,0
28.2312,49,19,2000,2000,0,0,0,1,1,32,0.15,1,40,2,5956.85,2436.81,0
28.2384,59,17,5007.43,2815.51,0,0,0,0,0,0,0,1,40,0,6016.98,2413.79,0
28.2435,66,5,6144.48,2367.58,0,0,0,0,0,0,0,1,40,0,4508.44,3007.85,0
28.2464,70,19,2000,2000,0,0,0,1,1,96,0.2,1,40,2,4987.63,2822.48,0
28.2471,71,18,2000,2000,0,0,0,1,0,64,0.05,1,40,2,5634,3646.94,0
28.2478,72,22,4508.44,3007.85,0,0,0,0,0,0,0,1,40,0,5364.82,2674.43,0
28.2486,73,19,2000,2000,0,0,0,1,1,32,0.15,1,40,2,5444.21,2639.51,0
28.2587,87,19,2000,2000,0,0,0,1,1,32,0.15,1,40,2,5420.98,2827.35,0
28.2609,90,19,2000,2000,0,0,0,1,1,32,0.15,1,40,2,5410.14,2804.47,0
28.263,93,19,2000,2000,0,0,0,1,1,32,0.15,1,40,2,5682.65,3810.88,0
28.2652,96,19,2000,2000,0,0,0,1,1,32,0.15,1,40,2,5630.63,2566.25,0
28.2746,109,37,2000,2000,0,0,0,1,0,0,0,1,40,2,5212.47,2731.54,0
28.2761,111,19,2000,2000,0,0,0,1,1,32,0.15,1,40,2,5548.65,2598.97,0
28.2783,114,10,2000,2000,0,0,0,1,1,32,0.15,1,40,2,5576.16,3430.08,0
28.2804,117,10,2000,2000,0,0,0,1,0,0,0,1,40,2,5570.14,3407.53,0
28.2841,122,19,2000,2000,0,0,0,1,1,96,0.2,1,40,2,5440.9,2905.2,0
28.2848,123,34,2000,2000,0,0,0,1,0,64,0.05,1,40,2,5451.2,2942.73,0
28.2855,124,19,2000,2000,0,0,0,1,1,96,0.2,1,40,2,5424.77,2835.36,0
28.2862,125,19,2000,2000,0,0,0,1,1,96,0.2,1,40,2,5982.97,2426.47,0
28.292,133,10,2000,2000,0,0,0,1,0,0,0,1,40,2,5365.79,2718.34,0
28.2957,138,19,2000,2000,0,0,0,1,1,32,0.15,1,40,2,0,0,0
28.2971,140,17,5022.75,2809.49,0,0,0,0,0,0,0,1,40,0,0,0,0
28.3022,9,10,2000,2000,0,0,0,1,0,0,0,1,40,2,5581.33,2586.44,0
28.3087,18,10,2000,2000,0,0,0,1,1,32,0.15,1,40,2,5385.28,2666.31,0
28.3101,20,11,5657.57,2558.76,0,0,0,0,0,0,0,1,40,0,5362.79,2712.01,0
28.3167,29,10,2000,2000,0,0,0,1,1,32,0.15,1,40,2,5685.14,3817.41,0
28.3196,33,27,5462.86,2985.23,0,0,0,0,0,0,0,1,40,0,5942.62,2442.45,0
28.3268,43,18,2000,2000,0,0,0,1,0,0,0,1,40,2,5418.8,2653.02,0
28.3283,45,18,2000,2000,0,0,0,1,0,0,0,1,40,2,6235.49,2331.93,0
28.3297,47,37,2000,2000,0,0,0,1,1,281,0.5,1,40,2,6123.22,2375.91,0
28.3312,49,19,2000,2000,0,0,0,1,1,32,0.15,1,40,2,5956.85,2436.81,0
28.3384,59,17,5007.43,2815.51,0,0,0,0,0,0,0,1,40,0,6016.98,2413.79,0
28.3435,66,5,6144.48,2367.58,0,0,0,0,0,0,0,1,40,0,4508.44,3007.85,0
28.3464,70,19,2000,2000,0,0,0,1,1,96,0.2,1,40,2,4987.63,2822.48,0
28.3471,71,18,2000,2000,0,0,0,1,0,64,0.05,1,40,2,5634,3646.94,0
28.3478,72,22,4508.44,3007.85,0,0,0,0,0,0,0,1,40,0,5364.82,2674.43,0
28.3486,73,19,2000,2000,0,0,0,1,1,32,0.15,1,40,2,5444.21,2639.51,0
28.3587,87,19,2000,2000,0,0,0,1,1,32,0.15,1,40,2,5420.98,2827.35,0
28.3609,90,19,2000,2000,0,0,0,1,1,32,0.15,1,40,2,5410.14,2804.47,0
28.363,93,19,2000,2000,0,0,0,1,1,32,0.15,1,40,2,5682.65,3810.88,0
28.3652,96,19,2000,2000,0,0,0,1,1,32,0.15,1,40,2,5630.63,2566.25,0
28.3746,109,37,2000,2000,0,0,0,1,0,0,0,1,40,2,5212.47,2731.54,0
28.3761,111,19,2000,2000,0,0,0,1,1,32,0.15,1,40,2,5548.65,2598.97,0
28.3783,114,10,2000,2000,0,0,0,1,1,32,0.15,1,40,2,5576.16,3430.08,0
28.3804,117,10,2000,2000,0,0,0,1,1,32,0.15,1,40,2,5570.14,3407.53,0
28.3841,122,19,2000,2000,0,0,0,1,1,96,0.2,1,40,2,5440.9,2905.2,0
28.3848,123,34,2000,2000,0,0,0,1,0,64,0.05,1,40,2,5451.2,2942.73,0
28.3855,124,19,2000,2000,0,0,0,1,1,96,0.2,1,40,2,5424.77,2835.36,0
28.3862,125,19,2000,2000,0,0,0,1,1,96,0.2,1,40,2,5982.97,2426.47,0
28.392,133,10,2000,2000,0,0,0,1,1,32,0.15,1,40,2,5365.79,2718.34,0
28.3957,138,19,2000,2000,0,0,0,1,1,32,0.15,1,40,2,0,0,0
28.3971,140,17,5022.75,2809.49,0,0,0,0,0,0,0,1,40,0,0,0,0
28.4022,9,10,2000,2000,0,0,0,1,1,32,0.15,1,40,2,5581.33,2586.44,0
28.4087,18,10,2000,2000,0,0,0,1,1,32,0.15,1,40,2,5385.28,2666.31,0
28.4101,20,11,5657.57,2558.76,0,0,0,0,0,0,0,1,40,0,5362.79,2712.01,0
28.4167,29,10,2000,2000,0,0,0,1,1,32,0.15,1,40,2,5685.14,3817.41,0
28.4196,33,27,5462.86,2985.23,0,0,0,0,0,0,0,1,40,0,5942.62,2442.45,0
28.4268,43,18,2000,2000,0,0,0,1,0,0,0,1,40,2,5418.8,2653.02,0
28.4283,45,18,2000,2000,0,0,0,1,0,0,0,1,40,2,6235.49,2331.93,0
28.4297,47,37,2000,2000,0,0,0,1,1,281,0.5,1,40,2,6123.22,2375.91,0
28.4312,49,19,2000,2000,0,0,0,1,1,32,0.15,1,40,2,5956.85,2436.81,0
28.4384,59,17,5007.43,2815.51,0,0,0,0,0,0,0,1,40,0,6016.98,2413.79,0
28.4435,66,5,6144.48,2367.58,0,0,0,0,0,0,0,1,40,0,4508.44,3007.85,0
28.4464,70,19,2000,2000,0,0,0,1,1,96,0.2,1,40,2,4987.63,2822.48,0
28.4471,71,18,2000,2000,0,0,0,1,0,64,0.05,1,40,2,5634,3646.94,0
28.4478,72,22,4508.44,3007.85,0,0,0,0,0,0,0,1,40,0,5364.82,2674.43,0
28.4486,73,19,2000,2000,0,0,0,1,1,32,0.15,1,40,2,5444.21,2639.51,0
28.4587,87,19,2000,2000,0,0,0,1,1,32,0.15,1,40,2,5420.98,2827.35,0
28.4609,90,19,2000,2000,0,0,0,1,1,32,0.15,1,40,2,5410.14,2804.47,0
28.463,93,19,2000,2000,0,0,0,1,1,32,0.15,1,40,2,5682.65,3810.88,0
28.4652,96,19,2000,2000,0,0,0,1,1,32,0.15,1,40,2,5630.63,2566.25,0
28.4746,109,37,2000,2000,0,0,0,1,0,0,0,1,40,2,5212.47,2731.54,0
28.4761,111,19,2000,2000,0,0,0,1,1,32,0.15,1,40,2,5548.65,2598.97,0
28.4783,114,10,2000,2000,0,0,0,1,1,32,0.15,1,40,2,5576.16,3430.08,0
28.4804,117,10,2000,2000,0,0,0,1,1,32,0.15,1,40,2,5570.14,3407.53,0
28.4841,122,19,2000,2000,0,0,0,1,1,96,0.2,1,40,2,5440.9,2905.2,0
28.4848,123,34,2000,2000,0,0,0,1,0,64,0.05,1,40,2,5451.2,2942.73,0
28.4855,124,19,2000,2000,0,0,0,1,1,96,0.2,1,40,2,5424.77,2835.36,0
28.4862,125,19,2000,2000,0,0,0,1,1,96,0.2,1,40,2,5982.97,2426.47,0
28.492,133,10,2000,2000,0,0,0,1,1,32,0.15,1,40,2,5365.79,2718.34,0
28.4957,138,19,2000,2000,0,0,0,1,1,32,0.15,1,40,2,0,0,0
28.4971,140,17,5022.75,2809.49,0,0,0,0,0,0,0,1,40,0,0,0,0
28.5022,9,10,2000,2000,0,0,0,1,1,32,0.15,1,40,2,5581.33,2586.44,0
28.5087,18,10,2000,2000,0,0,0,1,1,32,0.15,1,40,2,5385.28,2666.31,0
28.5101,20,11,5657.57,2558.76,0,0,0,0,0,0,0,1,40,0,5362.79,2712.01,0
28.5167,29,10,2000,2000,0,0,0,1,1,32,0.15,1,40,2,5685.14,3817.41,0
28.5196,33,27,5462.86,2985.23,0,0,0,0,0,0,0,1,40,0,5942.62,2442.45,0
28.5268,43,18,2000,2000,0,0,0,1,0,0,0,1,40,2,5418.8,2653.02,0
28.5283,45,18,2000,2000,0,0,0,1,0,0,0,1,40,2,6235.49,2331.93,0
28.5297,47,37,2000,2000,0,0,0,1,1,281,0.5,1,40,2,6123.22,2375.91,0
28.5312,49,19,2000,2000,0,0,0,1,1,32,0.15,1,40,2,5956.85,2436.81,0
28.5384,59,17,5007.43,2815.51,0,0,0,0,0,0,0,1,40,0,6016.98,2413.79,0
28.5435,66,5,6144.48,2367.58,0,0,0,0,0,0,0,1,40,0,4508.44,3007.85,0
28.5464,70,19,2000,2000,0,0,0,1,1,96,0.2,1,40,2,4987.63,2822.48,0
28.5471,71,18,2000,2000,0,0,0,1,0,64,0.05,1,40,2,5634,3646.94,0
28.5478,72,22,4508.44,3007.85,0,0,0,0,0,0,0,1,40,0,5364.82,2674.43,0
28.5486,73,19,2000,2000,0,0,0,1,1,32,0.15,1,40,2,5444.21,2639.51,0
28.5587,87,19,2000,2000,0,0,0,1,1,32,0.15,1,40,2,5420.98,2827.35,0
28.5609,90,19,2000,2000,0,0,0,1,1,32,0.15,1,40,2,5410.14,2804.47,0
28.563,93,19,2000,2000,0,0,0,1,1,32,0.15,1,40,2,5682.65,3810.88,0
28.5652,96,19,2000,2000,0,0,0,1,1,32,0.15,1,40,2,5630.63,2566.25,0
28.5746,109,37,2000,2000,0,0,0,1,0,0,0,1,40,2,5212.47,2731.54,0
28.5761,111,19,2000,2000,0,0,0,1,1,32,0.15,1,40,2,5548.65,2598.97,0
28.5783,114,10,2000,2000,0,0,0,1,1,32,0.15,1,40,2,5576.16,3430.08,0
28.5804,117,10,2000,2000,0,0,0,1,1,32,0.15,1,40,2,5570.14,3407.53,0
28.5841,122,19,2000,2000,0,0,0,1,1,96,0.2,1,40,2,5440.9,2905.2,0
28.5848,123,34,2000,2000,0,0,0,1,0,64,0.05,1,40,2,5451.2,2942.73,0
28.5855,124,19,2000,2000,0,0,0,1,1,96,0.2,1,40,2,5424.77,2835.36,0
28.5862,125,19,2000,2000,0,0,0,1,1,96,0.2,1,40,2,5982.97,2426.47,0
28.592,133,10,2000,2000,0,0,0,1,1,32,0.15,1,40,2,5365.79,2718.34,0
28.5957,138,19,2000,2000,0,0,0,1,1,32,0.15,1,40,2,0,0,0
28.5971,140,17,5022.75,2809.49,0,0,0,0,0,0,0,1,40,0,0,0,0
28.6022,9,10,2000,2000,0,0,0,1,1,32,0.15,1,40,2,5581.33,2586.44,0
28.6087,18,10,2000,2000,0,0,0,1,1,32,0.15,1,40,2,5385.28,2666.31,0
28.6101,20,11,5657.57,2558.76,0,0,0,0,0,0,0,1,40,0,5362.79,2712.01,0
28.6167,29,10,2000,2000,0,0,0,1,1,32,0.15,1,40,2,5685.14,3817.41,0
28.6196,33,27,5462.86,2985.23,0,0,0,0,0,0,0,1,40,0,5942.62,2442.45,0
28.6268,43,18,2000,2000,0,0,0,1,0,0,0,1,40,2,5418.8,2653.02,0
28.6283,45,18,2000,2000,0,0,0,1,0,0,0,1,40,2,6235.49,2331.93,0
28.6297,47,37,2000,2000,0,0,0,1,1,281,0.5,1,40,2,6123.22,2375.91,0
28.6312,49,19,2000,2000,0,0,0,1,1,32,0.15,1,40,2,5956.85,2436.81,0
28.6384,59,17,5007.43,2815.51,0,0,0,0,0,0,0,1,40,0,6016.98,2413.79,0
28.6435,66,5,6144.48,2367.58,0,0,0,0,0,0,0,1,40,0,4508.44,3007.85,0
28.6464,70,19,2000,2000,0,0,0,1,1,96,0.2,1,40,2,4987.63,2822.48,0
28.6471,71,18,2000,2000,0,0,0,1,0,64,0.05,1,40,2,5634,3646.94,0
28.6478,72,22,4508.44,3007.85,0,0,0,0,0,0,0,1,40,0,5364.82,2674.43,0
28.6486,73,19,2000,2000,0,0,0,1,1,32,0.15,1,40,2,5444.21,2639.51,0
28.6587,87,19,2000,2000,0,0,0,1,1,32,0.15,1,40,2,5420.98,2827.35,0
28.6609,90,19,2000,2000,0,0,0,1,1,32,0.15,1,40,2,5410.14,2804.47,0
28.663,93,19,2000,2000,0,0,0,1,1,32,0.15,1,40,2,5682.65,3810.88,0
28.6652,96,19,2000,2000,0,0,0,1,1,32,0.15,1,40,2,5630.63,2566.25,0
28.6746,109,37,2000,2000,0,0,0,1,0,0,0,1,40,2,5212.47,2731.54,0
28.6761,111,19,2000,2000,0,0,0,1,1,32,0.15,1,40,2,5548.65,2598.97,0
28.6783,114,10,2000,2000,0,0,0,1,1,32,0.15,1,40,2,5576.16,3430.08,0
28.6804,117,10,2000,2000,0,0,0,1,1,32,0.15,1,40,2,5570.14,3407.53,0
28.6841,122,19,2000,2000,0,0,0,1,1,96,0.2,1,40,2,5440.9,2905.2,0
28.6848,123,34,2000,2000,0,0,0,1,0,64,0.05,1,40,2,5451.2,2942.73,0
28.6855,124,19,2000,2000,0,0,0,1,1,96,0.2,1,40,2,5424.77,2835.36,0
28.6862,125,19,2000,2000,0,0,0,1,1,96,0.2,1,40,2,5982.97,2426.47,0
28.692,133,10,2000,2000,0,0,0,1,1,32,0.15,1,40,2,5365.79,2718.34,0
28.6957,138,19,2000,2000,0,0,0,1,1,32,0.15,1,40,2,0,0,0
28.6971,140,17,5022.75,2809.49,0,0,0,0,0,0,0,1,40,0,0,0,0
28.7022,9,10,2000,2000,0,0,0,1,1,32,0.15,1,40,2,5581.33,2586.44,0
28.7087,18,10,2000,2000,0,0,0,1,1,32,0.15,1,40,2,5385.28,2666.31,0
28.7101,20,11,5657.57,2558.76,0,0,0,0,0,0,0,1,40,0,5362.79,2712.01,0
28.7167,29,10,2000,2000,0,0,0,1,1,32,0.15,1,40,2,5685.14,3817.41,0
28.7196,33,27,5462.86,2985.23,0,0,0,0,0,0,0,1,40,0,5942.62,2442.45,0
28.7268,43,18,2000,2000,0,0,0,1,0,0,0,1,40,2,5418.8,2653.02,0
28.7283,45,18,2000,2000,0,0,0,1,0,0,0,1,40,2,6235.49,2331.93,0
28.7297,47,37,2000,2000,0,0,0,1,1,281,0.5,1,40,2,6123.22,2375.91,0
28.7312,49,19,2000,2000,0,0,0,1,1,32,0.15,1,40,2,5956.85,2436.81,0
28.7384,59,17,5007.43,2815.51,0,0,0,0,0,0,0,1,40,0,6016.98,2413.79,0
28.7435,66,5,6144.48,2367.58,0,0,0,0,0,0,0,1,40,0,4508.44,3007.85,0
28.7464,70,19,2000,2000,0,0,0,1,1,96,0.2,1,40,2,4987.63,2822.48,0
28.7471,71,18,2000,2000,0,0,0,1,0,64,0.05,1,40,2,5634,3646.94,0
28.7478,72,22,4508.44,3007.85,0,0,0,0,0,0,0,1,40,0,5364.82,2674.43,0
28.7486,73,19,2000,2000,0,0,0,1,1,32,0.15,1,40,2,5444.21,2639.51,0
28.7587,87,19,2000,2000,0,0,0,1,1,32,0.15,1,40,2,5420.98,2827.35,0
28.7609,90,19,2000,2000,0,0,0,1,1,32,0.15,1,40,2,5410.14,2804.47,0
28.763,93,19,2000,2000,0,0,0,1,1,32,0.15,1,40,2,5682.65,3810.88,0
28.7652,96,19,2000,2000,0,0,0,1,1,32,0.15,1,40,2,5630.63,2566.25,0
28.7746,109,37,2000,2000,0,0,0,1,0,0,0,1,40,2,5212.47,2731.54,0
28.7761,111,19,2000,2000,0,0,0,1,1,32,0.15,1,40,2,5548.65,2598.97,0
28.7783,114,10,2000,2000,0,0,0,1,1,32,0.15,1,40,2,5576.16,3430.08,0
28.7804,117,10,2000,2000,0,0,0,1,1,32,0.15,1,40,2,5570.14,3407.53,0
28.7841,122,19,2000,2000,0,0,0,1,1,96,0.2,1,40,2,5440.9,2905.2,0
28.7848,123,34,2000,2000,0,0,0,1,0,64,0.05,1,40,2,5451.2,2942.73,0
28.7855,124,19,2000,2000,0,0,0,1,1,96,0.2,1,40,2,5424.77,2835.36,0
28.7862,125,19,2000,2000,0,0,0,1,1,96,0.2,1,40,2,5982.97,2426.47,0
28.792,133,10,2000,2000,0,0,0,1,1,32,0.15,1,40,2,5365.79,2718.34,0
28.7957,138,19,2000,2000,0,0,0,1,1,32,0.15,1,40,2,0,0,0
28.7971,140,17,5022.75,2809.49,0,0,0,0,0,0,0,1,40,0,0,0,0
28.8022,9,10,2000,2000,0,0,0,1,1,32,0.15,1,40,2,5581.33,2586.44,0
28.8087,18,10,2000,2000,0,0,0,1,1,32,0.15,1,40,2,5385.28,2666.31,0
28.8101,20,11,5657.57,2558.76,0,0,0,0,0,0,0,1,40,0,5362.79,2712.01,0
28.8167,29,10,2000,2000,0,0,0,1,1,32,0.15,1,40,2,5685.14,3817.41,0
28.8196,33,27,5462.86,2985.23,0,0,0,0,0,0,0,1,40,0,5942.62,2442.45,0
28.8268,43,18,2000,2000,0,0,0,1,0,0,0,1,40,2,5418.8,2653.02,0
28.8283,45,18,2000,2000,0,0,0,1,0,0,0,1,40,2,6235.49,2331.93,0
28.8297,47,37,2000,2000,0,0,0,1,1,281,0.5,1,40,2,6123.22,2375.91,0
28.8312,49,19,2000,2000,0,0,0,1,1,32,0.15,1,40,2,5956.85,2436.81,0
28.8384,59,17,5007.43,2815.51,0,0,0,0,0,0,0,1,40,0,6016.98,2413.79,0
28.8435,66,5,6144.48,2367.58,0,0,0,0,0,0,0,1,40,0,4508.44,3007.85,0
28.8464,70,19,2000,2000,0,0,0,1,1,96,0.2,1,40,2,4987.63,2822.48,0
28.8471,71,18,2000,2000,0,0,0,1,0,64,0.05,1,40,2,5634,3646.94,0
28.8478,72,22,4508.44,3007.85,0,0,0,0,0,0,0,1,40,0,5364.82,2674.43,0
28.8486,73,19,2000,2000,0,0,0,1,1,32,0.15,1,40,2,5444.21,2639.51,0
28.8587,87,19,2000,2000,0,0,0,1,1,32,0.15,1,40,2,5420.98,2827.35,0
28.8609,90,19,2000,2000,0,0,0,1,1,32,0.15,1,40,2,5410.14,2804.47,0
28.863,93,19,2000,2000,0,0,0,1,1,32,0.15,1,40,2,5682.65,3810.88,0
28.8652,96,19,2000,2000,0,0,0,1,1,32,0.15,1,40,2,5630.63,2566.25,0
28.8746,109,37,2000,2000,0,0,0,1,0,0,0,1,40,2,5212.47,2731.54,0
28.8761,111,19,2000,2000,0,0,0,1,1,32,0.15,1,40,2,5548.65,2598.97,0
28.8783,114,10,2000,2000,0,0,0,1,1,32,0.15,1,40,2,5576.16,3430.08,0
28.8804,117,10,2000,2000,0,0,0,1,1,32,0.15,1,40,2,5570.14,3407.53,0
28.8841,122,19,2000,2000,0,0,0,1,1,96,0.2,1,40,2,5440.9,2905.2,0
28.8848,123,34,2000,2000,0,0,0,1,0,64,0.05,1,40,2,5451.2,2942.73,0
28.8855,124,19,2000,2000,0,0,0,1,1,96,0.2,1,40,2,5424.77,2835.36,0
28.8862,125,19,2000,2000,0,0,0,1,1,96,0.2,1,40,2,5982.97,2426.47,0
28.892,133,10,2000,2000,0,0,0,1,1,32,0.15,1,40,2,5365.79,2718.34,0
28.8957,138,19,2000,2000,0,0,0,1,1,32,0.15,1,40,2,0,0,0
28.8971,140,17,5022.75,2809.49,0,0,0,0,0,0,0,1,40,0,0,0,0
28.9022,9,10,2000,2000,0,0,0,1,1,32,0.15,1,40,2,5581.33,2586.44,0
28.9087,18,10,2000,2000,0,0,0,1,1,32,0.15,1,40,2,5385.28,2666.31,0
28.9101,20,11,5657.57,2558.76,0,0,0,0,0,0,0,1,40,0,5362.79,2712.01,0
28.9167,29,10,2000,2000,0,0,0,1,1,32,0.15,1,40,2,5685.14,3817.41,0
28.9196,33,27,5462.86,2985.23,0,0,0,0,0,0,0,1,40,0,5942.62,2442.45,0
28.9268,43,18,2000,2000,0,0,0,1,0,0,0,1,40,2,5418.8,2653.02,0
28.9283,45,18,2000,2000,0,0,0,1,0,0,0,1,40,2,6235.49,2331.93,0
28.9297,47,37,2000,2000,0,0,0,1,1,281,0.5,1,40,2,6123.22,2375.91,0
28.9312,49,19,2000,2000,0,0,0,1,1,32,0.15,1,40,2,5956.85,2436.81,0
28.9384,59,17,5007.43,2815.51,0,0,0,0,0,0,0,1,40,0,6016.98,2413.79,0
28.9435,66,5,6144.48,2367.58,0,0,0,0,0,0,0,1,40,0,4508.44,3007.85,0
28.9464,70,19,2000,2000,0,0,0,1,1,96,0.2,1,40,2,4987.63,2822.48,0
28.9471,71,18,2000,2000,0,0,0,1,0,64,0.05,1,40,2,5634,3646.94,0
28.9478,72,22,4508.44,3007.85,0,0,0,0,0,0,0,1,40,0,5364.82,2674.43,0
28.9486,73,19,2000,2000,0,0,0,1,1,32,0.15,1,40,2,5444.21,2639.51,0
28.9587,87,19,2000,2000,0,0,0,1,1,32,0.15,1,40,2,5420.98,2827.35,0
28.9609,90,19,2000,2000,0,0,0,1,1,32,0.15,1,40,2,5410.14,2804.47,0
28.963,93,19,2000,2000,0,0,0,1,1,32,0.15,1,40,2,5682.65,3810.88,0
28.9652,96,19,2000,2000,0,0,0,1,1,32,0.15,1,40,2,5630.63,2566.25,0
28.9746,109,37,2000,2000,0,0,0,1,0,0,0,1,40,2,5212.47,2731.54,0
28.9761,111,19,2000,2000,0,0,0,1,1,32,0.15,1,40,2,5548.65,2598.97,0
28.9783,114,10,2000,2000,0,0,0,1,1,32,0.15,1,40,2,5576.16,3430.08,0
28.9804,117,10,2000,2000,0,0,0,1,1,32,0.15,1,40,2,5570.14,3407.53,0
28.9841,122,19,2000,2000,0,0,0,1,1,96,0.2,1,40,2,5440.9,2905.2,0
28.9848,123,34,2000,2000,0,0,0,1,0,64,0.05,1,40,2,5451.2,2942.73,0
28.9855,124,19,2000,2000,0,0,0,1,1,96,0.2,1,40,2,5424.77,2835.36,0
28.9862,125,19,2000,2000,0,0,0,1,1,96,0.2,1,40,2,5982.97,2426.47,0
28.992,133,10,2000,2000,0,0,0,1,1,32,0.15,1,40,2,5365.79,2718.34,0
28.9957,138,19,2000,2000,0,0,0,1,1,32,0.15,1,40,2,0,0,0
28.9971,140,17,5022.75,2809.49,0,0,0,0,0,0,0,1,40,0,0,0,0
